source,motion_no,date,body,motion_type_native,motion_type_std,land_use_type,action_class,outcome,tally_aye,tally_nay,tally_other,vote_mode,result_raw,classify_method,classify_confidence
planning_commission/minutes/2020/2020-01-13/2020-01-15_planning-commission-meeting.md,1,2020-01-15,PlanningCommission,Plat/Subdivision,Land-Use,Subdivision-Plat,final-action,pass,7,0,,roll-call,7:0 Approved (Final Action),crosswalk,high
planning_commission/minutes/2020/2020-01-13/2020-01-15_planning-commission-meeting.md,2,2020-01-15,PlanningCommission,Site Plan,Land-Use,Site-Plan-Design-Review,final-action,pass,7,0,,roll-call,7:0 Approved (Final Action),crosswalk,high
planning_commission/minutes/2020/2020-01-13/2020-01-15_planning-commission-meeting.md,3,2020-01-15,PlanningCommission,Code/Ordinance Amendment,Land-Use,Text-Amendment,recommendation,pass,7,0,,roll-call,Positive recommendation 7:0,crosswalk,high
planning_commission/minutes/2020/2020-01-13/2020-01-15_planning-commission-meeting.md,4,2020-01-15,PlanningCommission,Rezone,Land-Use,Rezone,recommendation,pass,7,0,,roll-call,Positive recommendation 7:0,crosswalk,high
planning_commission/minutes/2020/2020-01-13/2020-01-15_planning-commission-meeting.md,5,2020-01-15,PlanningCommission,Procedural/Administrative,Procedural-Administrative,,procedural,pass,7,0,,roll-call,7:0 Pass,crosswalk,high
planning_commission/minutes/2020/2020-01-13/2020-01-15_planning-commission-meeting.md,6,2020-01-15,PlanningCommission,Procedural/Administrative,Procedural-Administrative,,procedural,pass,7,0,,roll-call,7:0 Pass,crosswalk,high
planning_commission/minutes/2020/2020-02-03/2020-02-05_planning-commission-meeting.md,1,2020-02-05,PlanningCommission,Site Plan,Land-Use,Site-Plan-Design-Review,final-action,pass,6,0,,roll-call,6:0 Approved (Final Action),crosswalk,high
planning_commission/minutes/2020/2020-02-03/2020-02-05_planning-commission-meeting.md,2,2020-02-05,PlanningCommission,Site Plan,Land-Use,Site-Plan-Design-Review,recommendation,pass,6,0,,roll-call,Positive recommendation 6:0,crosswalk,high
planning_commission/minutes/2020/2020-02-03/2020-02-05_planning-commission-meeting.md,3,2020-02-05,PlanningCommission,Procedural/Administrative,Procedural-Administrative,,procedural,pass,6,0,,roll-call,6:0 Pass,crosswalk,high
planning_commission/minutes/2020/2020-02-03/2020-02-05_planning-commission-meeting.md,4,2020-02-05,PlanningCommission,Procedural/Administrative,Procedural-Administrative,,procedural,pass,6,0,,roll-call,6:0 Pass,crosswalk,high
planning_commission/minutes/2020/2020-02-17/2020-02-19_planning-commission-meeting.md,1,2020-02-19,PlanningCommission,Conditional Use,Land-Use,Conditional-Use,recommendation,pass,7,0,,roll-call,Positive recommendation 7:0,crosswalk,high
planning_commission/minutes/2020/2020-02-17/2020-02-19_planning-commission-meeting.md,2,2020-02-19,PlanningCommission,Site Plan,Land-Use,Site-Plan-Design-Review,final-action,pass,7,0,,roll-call,7:0 Approved (Final Action),crosswalk,high
planning_commission/minutes/2020/2020-02-17/2020-02-19_planning-commission-meeting.md,3,2020-02-19,PlanningCommission,Site Plan,Land-Use,Site-Plan-Design-Review,final-action,pass,7,0,,roll-call,7:0 Approved (Final Action),crosswalk,high
planning_commission/minutes/2020/2020-02-17/2020-02-19_planning-commission-meeting.md,4,2020-02-19,PlanningCommission,Procedural/Administrative,Procedural-Administrative,,procedural,pass,7,0,,roll-call,7:0 Pass,crosswalk,high
planning_commission/minutes/2020/2020-02-17/2020-02-19_planning-commission-meeting.md,5,2020-02-19,PlanningCommission,Procedural/Administrative,Procedural-Administrative,,procedural,pass,7,0,,roll-call,7:0 Pass,crosswalk,high
planning_commission/minutes/2020/2020-02-17/2020-02-19_planning-commission-meeting.md,6,2020-02-19,PlanningCommission,Procedural/Administrative,Procedural-Administrative,,procedural,pass,7,0,,roll-call,7:0 Pass,crosswalk,high
planning_commission/minutes/2020/2020-03-02/2020-03-04_planning-commission-meeting.md,1,2020-03-04,PlanningCommission,Plat/Subdivision,Land-Use,Subdivision-Plat,final-action,pass,6,0,,roll-call,6:0 Approved (Final Action),crosswalk,high
planning_commission/minutes/2020/2020-03-02/2020-03-04_planning-commission-meeting.md,2,2020-03-04,PlanningCommission,Plat/Subdivision,Land-Use,Subdivision-Plat,final-action,pass,6,0,,roll-call,6:0 Approved (Final Action),crosswalk,high
planning_commission/minutes/2020/2020-03-02/2020-03-04_planning-commission-meeting.md,3,2020-03-04,PlanningCommission,Rezone,Land-Use,Rezone,recommendation,pass,6,0,,roll-call,Positive recommendation 6:0,crosswalk,high
planning_commission/minutes/2020/2020-03-02/2020-03-04_planning-commission-meeting.md,4,2020-03-04,PlanningCommission,Procedural/Administrative,Procedural-Administrative,,procedural,pass,6,0,,roll-call,6:0 Pass,crosswalk,high
planning_commission/minutes/2020/2020-03-02/2020-03-04_planning-commission-meeting.md,5,2020-03-04,PlanningCommission,Procedural/Administrative,Procedural-Administrative,,procedural,pass,6,0,,roll-call,6:0 Pass,crosswalk,high
planning_commission/minutes/2020/2020-03-16/2020-03-18_planning-commission-meeting.md,1,2020-03-18,PlanningCommission,Plat/Subdivision,Land-Use,Subdivision-Plat,final-action,pass,6,0,,roll-call,6:0 Approved (Final Action),crosswalk,high
planning_commission/minutes/2020/2020-03-16/2020-03-18_planning-commission-meeting.md,2,2020-03-18,PlanningCommission,Plat/Subdivision,Land-Use,Subdivision-Plat,final-action,pass,7,0,,roll-call,7:0 Approved (Final Action),crosswalk,high
planning_commission/minutes/2020/2020-03-16/2020-03-18_planning-commission-meeting.md,3,2020-03-18,PlanningCommission,Site Plan,Land-Use,Site-Plan-Design-Review,final-action,pass,7,0,,roll-call,7:0 Approved (Final Action),crosswalk,high
planning_commission/minutes/2020/2020-03-16/2020-03-18_planning-commission-meeting.md,4,2020-03-18,PlanningCommission,Plat/Subdivision,Land-Use,Subdivision-Plat,final-action,pass,7,0,,roll-call,7:0 Approved (Final Action),crosswalk,high
planning_commission/minutes/2020/2020-03-16/2020-03-18_planning-commission-meeting.md,5,2020-03-18,PlanningCommission,Code/Ordinance Amendment,Land-Use,Text-Amendment,recommendation,pass,7,0,,roll-call,Positive recommendation 7:0,crosswalk,high
planning_commission/minutes/2020/2020-03-16/2020-03-18_planning-commission-meeting.md,6,2020-03-18,PlanningCommission,Plat/Subdivision,Land-Use,Subdivision-Plat,final-action,pass,7,0,,roll-call,7:0 Approved (Final Action),crosswalk,high
planning_commission/minutes/2020/2020-03-16/2020-03-18_planning-commission-meeting.md,7,2020-03-18,PlanningCommission,Procedural/Administrative,Procedural-Administrative,,procedural,pass,7,0,,roll-call,7:0 Pass,crosswalk,high
planning_commission/minutes/2020/2020-03-16/2020-03-18_planning-commission-meeting.md,8,2020-03-18,PlanningCommission,Procedural/Administrative,Procedural-Administrative,,procedural,pass,7,0,,roll-call,7:0 Pass,crosswalk,high
planning_commission/minutes/2020/2020-03-30/2020-04-01_planning-commission-meeting.md,1,2020-04-01,PlanningCommission,Rezone,Land-Use,Rezone,recommendation,pass,7,0,,roll-call,Positive recommendation 7:0,crosswalk,high
planning_commission/minutes/2020/2020-03-30/2020-04-01_planning-commission-meeting.md,2,2020-04-01,PlanningCommission,Plat/Subdivision,Land-Use,Subdivision-Plat,final-action,pass,7,0,,roll-call,7:0 Approved (Final Action),crosswalk,high
planning_commission/minutes/2020/2020-03-30/2020-04-01_planning-commission-meeting.md,3,2020-04-01,PlanningCommission,Procedural/Administrative,Procedural-Administrative,,procedural,pass,7,0,,roll-call,7:0 Pass,crosswalk,high
planning_commission/minutes/2020/2020-03-30/2020-04-01_planning-commission-meeting.md,4,2020-04-01,PlanningCommission,Procedural/Administrative,Procedural-Administrative,,procedural,pass,7,0,,roll-call,7:0 Pass,crosswalk,high
planning_commission/minutes/2020/2020-04-13/2020-04-15_planning-commission-meeting.md,1,2020-04-15,PlanningCommission,Plat/Subdivision,Land-Use,Subdivision-Plat,final-action,pass,7,0,,roll-call,7:0 Approved (Final Action),crosswalk,high
planning_commission/minutes/2020/2020-04-13/2020-04-15_planning-commission-meeting.md,2,2020-04-15,PlanningCommission,Plat/Subdivision,Land-Use,Subdivision-Plat,final-action,pass,7,0,,roll-call,7:0 Approved (Final Action),crosswalk,high
planning_commission/minutes/2020/2020-04-13/2020-04-15_planning-commission-meeting.md,3,2020-04-15,PlanningCommission,Plat/Subdivision,Land-Use,Subdivision-Plat,final-action,pass,7,0,,roll-call,7:0 Approved (Final Action),crosswalk,high
planning_commission/minutes/2020/2020-04-13/2020-04-15_planning-commission-meeting.md,4,2020-04-15,PlanningCommission,Procedural/Administrative,Procedural-Administrative,,procedural,pass,7,0,,roll-call,7:0 Pass,crosswalk,high
planning_commission/minutes/2020/2020-04-13/2020-04-15_planning-commission-meeting.md,5,2020-04-15,PlanningCommission,Procedural/Administrative,Procedural-Administrative,,procedural,pass,7,0,,roll-call,7:0 Pass,crosswalk,high
planning_commission/minutes/2020/2020-05-04/2020-05-06_planning-commission-meeting.md,1,2020-05-06,PlanningCommission,Rezone,Land-Use,Rezone,recommendation,pass,7,0,,roll-call,Positive recommendation 7:0,crosswalk,high
planning_commission/minutes/2020/2020-05-04/2020-05-06_planning-commission-meeting.md,2,2020-05-06,PlanningCommission,Site Plan,Land-Use,Site-Plan-Design-Review,final-action,pass,7,0,,roll-call,7:0 Approved (Final Action),crosswalk,high
planning_commission/minutes/2020/2020-05-04/2020-05-06_planning-commission-meeting.md,3,2020-05-06,PlanningCommission,Procedural/Administrative,Procedural-Administrative,,procedural,pass,7,0,,roll-call,7:0 Pass,crosswalk,high
planning_commission/minutes/2020/2020-05-04/2020-05-06_planning-commission-meeting.md,4,2020-05-06,PlanningCommission,Procedural/Administrative,Procedural-Administrative,,procedural,pass,7,0,,roll-call,7:0 Pass,crosswalk,high
planning_commission/minutes/2020/2020-05-18/2020-05-20_planning-commission-meeting.md,1,2020-05-20,PlanningCommission,Code/Ordinance Amendment,Land-Use,Text-Amendment,recommendation,pass,4,0,,roll-call,Positive recommendation 4:0,crosswalk,high
planning_commission/minutes/2020/2020-05-18/2020-05-20_planning-commission-meeting.md,2,2020-05-20,PlanningCommission,Plat/Subdivision,Land-Use,Subdivision-Plat,final-action,pass,4,0,,roll-call,4:0 Approved (Final Action),crosswalk,high
planning_commission/minutes/2020/2020-05-18/2020-05-20_planning-commission-meeting.md,3,2020-05-20,PlanningCommission,Code/Ordinance Amendment,Land-Use,Text-Amendment,recommendation,pass,4,0,,roll-call,Positive recommendation 4:0,crosswalk,high
planning_commission/minutes/2020/2020-05-18/2020-05-20_planning-commission-meeting.md,4,2020-05-20,PlanningCommission,Procedural/Administrative,Procedural-Administrative,,procedural,pass,4,0,,roll-call,4:0 Pass,crosswalk,high
planning_commission/minutes/2020/2020-05-18/2020-05-20_planning-commission-meeting.md,5,2020-05-20,PlanningCommission,Procedural/Administrative,Procedural-Administrative,,procedural,pass,4,0,,roll-call,4:0 Pass,crosswalk,high
planning_commission/minutes/2020/2020-06-01/2020-06-03_planning-commission-meeting.md,1,2020-06-03,PlanningCommission,Plat/Subdivision,Land-Use,Subdivision-Plat,final-action,pass,7,0,,roll-call,7:0 Approved (Final Action),crosswalk,high
planning_commission/minutes/2020/2020-06-01/2020-06-03_planning-commission-meeting.md,2,2020-06-03,PlanningCommission,Procedural/Administrative,Procedural-Administrative,,procedural,pass,7,0,,roll-call,7:0 Pass,crosswalk,high
planning_commission/minutes/2020/2020-06-15/2020-06-17_planning-commission-meeting.md,1,2020-06-17,PlanningCommission,Plat/Subdivision,Land-Use,Subdivision-Plat,final-action,pass,7,0,,roll-call,7:0 Approved (Final Action),crosswalk,high
planning_commission/minutes/2020/2020-06-15/2020-06-17_planning-commission-meeting.md,2,2020-06-17,PlanningCommission,Site Plan,Land-Use,Site-Plan-Design-Review,final-action,pass,7,0,,roll-call,7:0 Approved (Final Action),crosswalk,high
planning_commission/minutes/2020/2020-06-15/2020-06-17_planning-commission-meeting.md,3,2020-06-17,PlanningCommission,Conditional Use,Land-Use,Conditional-Use,recommendation,pass,7,0,,roll-call,Positive recommendation 7:0,crosswalk,high
planning_commission/minutes/2020/2020-06-15/2020-06-17_planning-commission-meeting.md,4,2020-06-17,PlanningCommission,Procedural/Administrative,Procedural-Administrative,,procedural,pass,7,0,,roll-call,7:0 Pass,crosswalk,high
planning_commission/minutes/2020/2020-06-15/2020-06-17_planning-commission-meeting.md,5,2020-06-17,PlanningCommission,Procedural/Administrative,Procedural-Administrative,,procedural,pass,7,0,,roll-call,7:0 Pass,crosswalk,high
planning_commission/minutes/2020/2020-07-13/2020-07-15_planning-commission-meeting.md,1,2020-07-15,PlanningCommission,Code/Ordinance Amendment,Land-Use,Text-Amendment,recommendation,pass,4,2,,roll-call,Positive recommendation 4:2,crosswalk,high
planning_commission/minutes/2020/2020-07-13/2020-07-15_planning-commission-meeting.md,2,2020-07-15,PlanningCommission,Plat/Subdivision,Land-Use,Subdivision-Plat,final-action,pass,6,0,,roll-call,6:0 Approved (Final Action),crosswalk,high
planning_commission/minutes/2020/2020-07-13/2020-07-15_planning-commission-meeting.md,3,2020-07-15,PlanningCommission,Plat/Subdivision,Land-Use,Subdivision-Plat,final-action,pass,6,0,,roll-call,6:0 Approved (Final Action),crosswalk,high
planning_commission/minutes/2020/2020-07-13/2020-07-15_planning-commission-meeting.md,4,2020-07-15,PlanningCommission,Site Plan,Land-Use,Site-Plan-Design-Review,final-action,pass,6,0,,roll-call,6:0 Approved (Final Action),crosswalk,high
planning_commission/minutes/2020/2020-07-13/2020-07-15_planning-commission-meeting.md,5,2020-07-15,PlanningCommission,General Plan,Land-Use,General-Plan-Amendment,recommendation,pass,6,0,,roll-call,Positive recommendation 6:0,crosswalk,high
planning_commission/minutes/2020/2020-07-13/2020-07-15_planning-commission-meeting.md,6,2020-07-15,PlanningCommission,Other,Other,,recommendation,pass,6,0,,roll-call,Positive recommendation 6:0,rule:no-signal,low
planning_commission/minutes/2020/2020-07-13/2020-07-15_planning-commission-meeting.md,7,2020-07-15,PlanningCommission,Procedural/Administrative,Procedural-Administrative,,procedural,pass,6,0,,roll-call,6:0 Pass,crosswalk,high
planning_commission/minutes/2020/2020-07-13/2020-07-15_planning-commission-meeting.md,8,2020-07-15,PlanningCommission,Procedural/Administrative,Procedural-Administrative,,procedural,pass,6,0,,roll-call,6:0 Pass,crosswalk,high
planning_commission/minutes/2020/2020-08-17/2020-08-19_planning-commission-meeting.md,1,2020-08-19,PlanningCommission,Site Plan,Land-Use,Site-Plan-Design-Review,final-action,pass,7,0,,roll-call,7:0 Approved (Final Action),crosswalk,high
planning_commission/minutes/2020/2020-08-17/2020-08-19_planning-commission-meeting.md,2,2020-08-19,PlanningCommission,Procedural/Administrative,Procedural-Administrative,,procedural,pass,7,0,,roll-call,7:0 Pass,crosswalk,high
planning_commission/minutes/2020/2020-08-17/2020-08-19_planning-commission-meeting.md,3,2020-08-19,PlanningCommission,Procedural/Administrative,Procedural-Administrative,,procedural,pass,7,0,,roll-call,7:0 Pass,crosswalk,high
planning_commission/minutes/2020/2020-08-31/2020-09-02_planning-commission-meeting.md,1,2020-09-02,PlanningCommission,Plat/Subdivision,Land-Use,Subdivision-Plat,final-action,pass,7,0,,roll-call,7:0 Approved (Final Action),crosswalk,high
planning_commission/minutes/2020/2020-08-31/2020-09-02_planning-commission-meeting.md,2,2020-09-02,PlanningCommission,Plat/Subdivision,Land-Use,Subdivision-Plat,final-action,pass,7,0,,roll-call,7:0 Approved (Final Action),crosswalk,high
planning_commission/minutes/2020/2020-08-31/2020-09-02_planning-commission-meeting.md,3,2020-09-02,PlanningCommission,Site Plan,Land-Use,Site-Plan-Design-Review,final-action,pass,7,0,,roll-call,7:0 Approved (Final Action),crosswalk,high
planning_commission/minutes/2020/2020-08-31/2020-09-02_planning-commission-meeting.md,4,2020-09-02,PlanningCommission,Plat/Subdivision,Land-Use,Subdivision-Plat,final-action,pass,7,0,,roll-call,7:0 Approved (Final Action),crosswalk,high
planning_commission/minutes/2020/2020-08-31/2020-09-02_planning-commission-meeting.md,5,2020-09-02,PlanningCommission,Code/Ordinance Amendment,Land-Use,Text-Amendment,recommendation,pass,7,0,,roll-call,Positive recommendation 7:0,crosswalk,high
planning_commission/minutes/2020/2020-08-31/2020-09-02_planning-commission-meeting.md,6,2020-09-02,PlanningCommission,General Plan,Land-Use,General-Plan-Amendment,recommendation,pass,7,0,,roll-call,Positive recommendation 7:0,crosswalk,high
planning_commission/minutes/2020/2020-08-31/2020-09-02_planning-commission-meeting.md,7,2020-09-02,PlanningCommission,Code/Ordinance Amendment,Land-Use,Text-Amendment,recommendation,pass,7,0,,roll-call,Positive recommendation 7:0,crosswalk,high
planning_commission/minutes/2020/2020-08-31/2020-09-02_planning-commission-meeting.md,8,2020-09-02,PlanningCommission,Code/Ordinance Amendment,Land-Use,Text-Amendment,recommendation,pass,7,0,,roll-call,Positive recommendation 7:0,crosswalk,high
planning_commission/minutes/2020/2020-08-31/2020-09-02_planning-commission-meeting.md,9,2020-09-02,PlanningCommission,Procedural/Administrative,Procedural-Administrative,,procedural,pass,7,0,,roll-call,7:0 Pass,crosswalk,high
planning_commission/minutes/2020/2020-08-31/2020-09-02_planning-commission-meeting.md,10,2020-09-02,PlanningCommission,Procedural/Administrative,Procedural-Administrative,,procedural,pass,7,0,,roll-call,7:0 Pass,crosswalk,high
planning_commission/minutes/2020/2020-09-14/2020-09-16_planning-commission-meeting.md,1,2020-09-16,PlanningCommission,Site Plan,Land-Use,Site-Plan-Design-Review,final-action,pass,4,0,,roll-call,4:0 Approved (Final Action),crosswalk,high
planning_commission/minutes/2020/2020-09-14/2020-09-16_planning-commission-meeting.md,2,2020-09-16,PlanningCommission,Plat/Subdivision,Land-Use,Subdivision-Plat,final-action,pass,4,0,,roll-call,4:0 Approved (Final Action),crosswalk,high
planning_commission/minutes/2020/2020-09-14/2020-09-16_planning-commission-meeting.md,3,2020-09-16,PlanningCommission,Plat/Subdivision,Land-Use,Subdivision-Plat,final-action,pass,4,0,,roll-call,4:0 Approved (Final Action),crosswalk,high
planning_commission/minutes/2020/2020-09-14/2020-09-16_planning-commission-meeting.md,4,2020-09-16,PlanningCommission,Plat/Subdivision,Land-Use,Subdivision-Plat,final-action,pass,4,0,,roll-call,4:0 Approved (Final Action),crosswalk,high
planning_commission/minutes/2020/2020-09-14/2020-09-16_planning-commission-meeting.md,5,2020-09-16,PlanningCommission,Plat/Subdivision,Land-Use,Subdivision-Plat,final-action,pass,4,0,,roll-call,4:0 Approved (Final Action),crosswalk,high
planning_commission/minutes/2020/2020-09-14/2020-09-16_planning-commission-meeting.md,6,2020-09-16,PlanningCommission,Annexation,Land-Use,Annexation,recommendation,pass,4,0,,roll-call,Positive recommendation 4:0,crosswalk,high
planning_commission/minutes/2020/2020-09-14/2020-09-16_planning-commission-meeting.md,7,2020-09-16,PlanningCommission,Procedural/Administrative,Procedural-Administrative,,procedural,pass,4,0,,roll-call,4:0 Pass,crosswalk,high
planning_commission/minutes/2020/2020-09-14/2020-09-16_planning-commission-meeting.md,8,2020-09-16,PlanningCommission,Procedural/Administrative,Procedural-Administrative,,procedural,pass,4,0,,roll-call,4:0 Pass,crosswalk,high
planning_commission/minutes/2020/2020-10-05/2020-10-07_planning-commission-meeting.md,1,2020-10-07,PlanningCommission,Plat/Subdivision,Land-Use,Subdivision-Plat,final-action,pass,7,0,,roll-call,7:0 Approved (Final Action),crosswalk,high
planning_commission/minutes/2020/2020-10-05/2020-10-07_planning-commission-meeting.md,2,2020-10-07,PlanningCommission,Plat/Subdivision,Land-Use,Subdivision-Plat,final-action,pass,7,0,,roll-call,7:0 Approved (Final Action),crosswalk,high
planning_commission/minutes/2020/2020-10-05/2020-10-07_planning-commission-meeting.md,3,2020-10-07,PlanningCommission,Procedural/Administrative,Procedural-Administrative,,procedural,pass,7,0,,roll-call,7:0 Pass,crosswalk,high
planning_commission/minutes/2020/2020-10-05/2020-10-07_planning-commission-meeting.md,4,2020-10-07,PlanningCommission,Procedural/Administrative,Procedural-Administrative,,procedural,pass,7,0,,roll-call,7:0 Pass,crosswalk,high
planning_commission/minutes/2020/2020-10-19/2020-10-21_planning-commission-meeting.md,1,2020-10-21,PlanningCommission,Code/Ordinance Amendment,Land-Use,Text-Amendment,recommendation,pass,6,0,,roll-call,Positive recommendation 6:0,crosswalk,high
planning_commission/minutes/2020/2020-10-19/2020-10-21_planning-commission-meeting.md,2,2020-10-21,PlanningCommission,Procedural/Administrative,Procedural-Administrative,,procedural,pass,6,0,,roll-call,6:0 Pass,crosswalk,high
planning_commission/minutes/2020/2020-10-19/2020-10-21_planning-commission-meeting.md,3,2020-10-21,PlanningCommission,Site Plan,Land-Use,Site-Plan-Design-Review,final-action,pass,6,0,,roll-call,6:0 Approved (Final Action),crosswalk,high
planning_commission/minutes/2020/2020-10-19/2020-10-21_planning-commission-meeting.md,4,2020-10-21,PlanningCommission,Rezone,Land-Use,Rezone,recommendation,fail,3,3,,roll-call,Positive recommendation 3:3 (Failed),crosswalk,high
planning_commission/minutes/2020/2020-10-19/2020-10-21_planning-commission-meeting.md,5,2020-10-21,PlanningCommission,Procedural/Administrative,Procedural-Administrative,,procedural,pass,6,0,,roll-call,6:0 Pass,crosswalk,high
planning_commission/minutes/2020/2020-10-19/2020-10-21_planning-commission-meeting.md,6,2020-10-21,PlanningCommission,Procedural/Administrative,Procedural-Administrative,,procedural,pass,6,0,,roll-call,6:0 Pass,crosswalk,high
planning_commission/minutes/2020/2020-11-02/2020-11-04_planning-commission-meeting.md,1,2020-11-04,PlanningCommission,Code/Ordinance Amendment,Land-Use,Text-Amendment,recommendation,pass,5,0,,roll-call,Positive recommendation 5:0,crosswalk,high
planning_commission/minutes/2020/2020-11-02/2020-11-04_planning-commission-meeting.md,2,2020-11-04,PlanningCommission,Code/Ordinance Amendment,Land-Use,Text-Amendment,recommendation,pass,5,0,,roll-call,Positive recommendation 5:0,crosswalk,high
planning_commission/minutes/2020/2020-11-02/2020-11-04_planning-commission-meeting.md,3,2020-11-04,PlanningCommission,Procedural/Administrative,Procedural-Administrative,,procedural,pass,5,0,,roll-call,5:0 Pass,crosswalk,high
planning_commission/minutes/2020/2020-11-02/2020-11-04_planning-commission-meeting.md,4,2020-11-04,PlanningCommission,Procedural/Administrative,Procedural-Administrative,,procedural,pass,5,0,,roll-call,5:0 Pass,crosswalk,high
planning_commission/minutes/2020/2020-11-16/2020-11-18_planning-commission-meeting.md,1,2020-11-18,PlanningCommission,Site Plan,Land-Use,Site-Plan-Design-Review,final-action,pass,7,0,,roll-call,7:0 Approved (Final Action),crosswalk,high
planning_commission/minutes/2020/2020-11-16/2020-11-18_planning-commission-meeting.md,2,2020-11-18,PlanningCommission,Plat/Subdivision,Land-Use,Subdivision-Plat,final-action,pass,7,0,,roll-call,7:0 Approved (Final Action),crosswalk,high
planning_commission/minutes/2020/2020-11-16/2020-11-18_planning-commission-meeting.md,3,2020-11-18,PlanningCommission,Code/Ordinance Amendment,Land-Use,Text-Amendment,recommendation,pass,7,0,,roll-call,Positive recommendation 7:0,crosswalk,high
planning_commission/minutes/2020/2020-11-16/2020-11-18_planning-commission-meeting.md,4,2020-11-18,PlanningCommission,Code/Ordinance Amendment,Land-Use,Text-Amendment,recommendation,pass,7,0,,roll-call,Positive recommendation 7:0,crosswalk,medium
planning_commission/minutes/2020/2020-11-16/2020-11-18_planning-commission-meeting.md,5,2020-11-18,PlanningCommission,Plat/Subdivision,Land-Use,Subdivision-Plat,final-action,pass,7,0,,roll-call,7:0 Approved (Final Action),crosswalk,high
planning_commission/minutes/2020/2020-11-16/2020-11-18_planning-commission-meeting.md,6,2020-11-18,PlanningCommission,Procedural/Administrative,Procedural-Administrative,,procedural,pass,7,0,,roll-call,7:0 Pass,crosswalk,high
planning_commission/minutes/2020/2020-11-16/2020-11-18_planning-commission-meeting.md,7,2020-11-18,PlanningCommission,Procedural/Administrative,Procedural-Administrative,,procedural,pass,7,0,,roll-call,7:0 Pass,crosswalk,high
planning_commission/minutes/2020/2020-11-30/2020-12-02_planning-commission-meeting.md,1,2020-12-02,PlanningCommission,Conditional Use,Land-Use,Conditional-Use,recommendation,pass,6,0,,roll-call,Positive recommendation 6:0,crosswalk,high
planning_commission/minutes/2020/2020-11-30/2020-12-02_planning-commission-meeting.md,2,2020-12-02,PlanningCommission,Site Plan,Land-Use,Site-Plan-Design-Review,final-action,pass,6,0,,roll-call,6:0 Approved (Final Action),crosswalk,high
planning_commission/minutes/2020/2020-11-30/2020-12-02_planning-commission-meeting.md,3,2020-12-02,PlanningCommission,Rezone,Land-Use,Rezone,recommendation,pass,6,0,,roll-call,Positive recommendation 6:0,crosswalk,high
planning_commission/minutes/2020/2020-11-30/2020-12-02_planning-commission-meeting.md,4,2020-12-02,PlanningCommission,Rezone,Land-Use,Rezone,final-action,pass,6,0,,roll-call,6:0 Approved (Final Action),crosswalk,high
planning_commission/minutes/2020/2020-11-30/2020-12-02_planning-commission-meeting.md,5,2020-12-02,PlanningCommission,Procedural/Administrative,Procedural-Administrative,,procedural,pass,6,0,,roll-call,6:0 Pass,crosswalk,high
planning_commission/minutes/2020/2020-11-30/2020-12-02_planning-commission-meeting.md,6,2020-12-02,PlanningCommission,Procedural/Administrative,Procedural-Administrative,,procedural,pass,6,0,,roll-call,6:0 Pass,crosswalk,high
planning_commission/minutes/2021/2021-01-11/2021-01-13_planning-commission-meeting.md,1,2021-01-13,PlanningCommission,Plat/Subdivision,Land-Use,Subdivision-Plat,final-action,pass,7,0,,roll-call,7:0 Approved (Final Action),crosswalk,high
planning_commission/minutes/2021/2021-01-11/2021-01-13_planning-commission-meeting.md,2,2021-01-13,PlanningCommission,Plat/Subdivision,Land-Use,Subdivision-Plat,final-action,pass,7,0,,roll-call,7:0 Approved (Final Action),crosswalk,high
planning_commission/minutes/2021/2021-01-11/2021-01-13_planning-commission-meeting.md,3,2021-01-13,PlanningCommission,Site Plan,Land-Use,Site-Plan-Design-Review,recommendation,pass,7,0,,roll-call,Positive recommendation 7:0,crosswalk,high
planning_commission/minutes/2021/2021-01-11/2021-01-13_planning-commission-meeting.md,4,2021-01-13,PlanningCommission,Procedural/Administrative,Procedural-Administrative,,procedural,pass,7,0,,roll-call,7:0 Pass,crosswalk,high
planning_commission/minutes/2021/2021-01-11/2021-01-13_planning-commission-meeting.md,5,2021-01-13,PlanningCommission,Procedural/Administrative,Procedural-Administrative,,procedural,pass,7,0,,roll-call,7:0 Pass,crosswalk,high
planning_commission/minutes/2021/2021-02-15/2021-02-17_planning-commission-meeting.md,1,2021-02-17,PlanningCommission,Plat/Subdivision,Land-Use,Subdivision-Plat,final-action,pass,6,0,,roll-call,6:0 Approved (Final Action),crosswalk,high
planning_commission/minutes/2021/2021-02-15/2021-02-17_planning-commission-meeting.md,2,2021-02-17,PlanningCommission,Site Plan,Land-Use,Site-Plan-Design-Review,final-action,pass,6,0,,roll-call,6:0 Approved (Final Action),crosswalk,high
planning_commission/minutes/2021/2021-02-15/2021-02-17_planning-commission-meeting.md,3,2021-02-17,PlanningCommission,Code/Ordinance Amendment,Land-Use,Text-Amendment,recommendation,pass,6,0,,roll-call,Positive recommendation 6:0,crosswalk,high
planning_commission/minutes/2021/2021-02-15/2021-02-17_planning-commission-meeting.md,4,2021-02-17,PlanningCommission,Procedural/Administrative,Procedural-Administrative,,procedural,pass,6,0,,roll-call,6:0 Pass,crosswalk,high
planning_commission/minutes/2021/2021-02-15/2021-02-17_planning-commission-meeting.md,5,2021-02-17,PlanningCommission,Procedural/Administrative,Procedural-Administrative,,procedural,pass,6,0,,roll-call,6:0 Pass,crosswalk,high
planning_commission/minutes/2021/2021-03-01/2021-03-03_planning-commission-meeting.md,1,2021-03-03,PlanningCommission,Plat/Subdivision,Land-Use,Subdivision-Plat,final-action,pass,6,0,,roll-call,6:0 Approved (Final Action),crosswalk,high
planning_commission/minutes/2021/2021-03-01/2021-03-03_planning-commission-meeting.md,2,2021-03-03,PlanningCommission,Plat/Subdivision,Land-Use,Subdivision-Plat,final-action,pass,6,0,,roll-call,6:0 Approved (Final Action),crosswalk,high
planning_commission/minutes/2021/2021-03-01/2021-03-03_planning-commission-meeting.md,3,2021-03-03,PlanningCommission,Rezone,Land-Use,Rezone,recommendation,pass,6,0,,roll-call,Positive recommendation 6:0,crosswalk,high
planning_commission/minutes/2021/2021-03-01/2021-03-03_planning-commission-meeting.md,4,2021-03-03,PlanningCommission,Procedural/Administrative,Procedural-Administrative,,procedural,pass,6,0,,roll-call,6:0 Pass,crosswalk,high
planning_commission/minutes/2021/2021-03-01/2021-03-03_planning-commission-meeting.md,5,2021-03-03,PlanningCommission,Procedural/Administrative,Procedural-Administrative,,procedural,pass,6,0,,roll-call,6:0 Pass,crosswalk,high
planning_commission/minutes/2021/2021-03-15/2021-03-17_planning-commission-meeting.md,1,2021-03-17,PlanningCommission,Plat/Subdivision,Land-Use,Subdivision-Plat,final-action,pass,6,0,,roll-call,6:0 Approved (Final Action),crosswalk,high
planning_commission/minutes/2021/2021-03-15/2021-03-17_planning-commission-meeting.md,2,2021-03-17,PlanningCommission,Plat/Subdivision,Land-Use,Subdivision-Plat,final-action,pass,6,0,,roll-call,6:0 Approved (Final Action),crosswalk,high
planning_commission/minutes/2021/2021-03-15/2021-03-17_planning-commission-meeting.md,3,2021-03-17,PlanningCommission,Plat/Subdivision,Land-Use,Subdivision-Plat,final-action,pass,6,0,,roll-call,6:0 Approved (Final Action),crosswalk,high
planning_commission/minutes/2021/2021-03-15/2021-03-17_planning-commission-meeting.md,4,2021-03-17,PlanningCommission,Plat/Subdivision,Land-Use,Subdivision-Plat,final-action,pass,6,0,,roll-call,6:0 Approved (Final Action),crosswalk,high
planning_commission/minutes/2021/2021-03-15/2021-03-17_planning-commission-meeting.md,5,2021-03-17,PlanningCommission,Rezone,Land-Use,Rezone,final-action,pass,5,0,,roll-call,5:0 Approved (Final Action),crosswalk,high
planning_commission/minutes/2021/2021-03-15/2021-03-17_planning-commission-meeting.md,6,2021-03-17,PlanningCommission,Procedural/Administrative,Procedural-Administrative,,procedural,pass,5,0,,roll-call,5:0 Pass,crosswalk,high
planning_commission/minutes/2021/2021-03-15/2021-03-17_planning-commission-meeting.md,7,2021-03-17,PlanningCommission,Procedural/Administrative,Procedural-Administrative,,procedural,pass,5,0,,roll-call,5:0 Pass,crosswalk,high
planning_commission/minutes/2021/2021-04-05/2021-04-07_planning-commission-meeting.md,1,2021-04-07,PlanningCommission,Plat/Subdivision,Land-Use,Subdivision-Plat,final-action,pass,7,0,,roll-call,7:0 Approved (Final Action),crosswalk,high
planning_commission/minutes/2021/2021-04-05/2021-04-07_planning-commission-meeting.md,2,2021-04-07,PlanningCommission,Code/Ordinance Amendment,Land-Use,Text-Amendment,recommendation,pass,7,0,,roll-call,Positive recommendation 7:0,crosswalk,high
planning_commission/minutes/2021/2021-04-05/2021-04-07_planning-commission-meeting.md,3,2021-04-07,PlanningCommission,Plat/Subdivision,Land-Use,Subdivision-Plat,final-action,pass,7,0,,roll-call,7:0 Approved (Final Action),crosswalk,high
planning_commission/minutes/2021/2021-04-05/2021-04-07_planning-commission-meeting.md,4,2021-04-07,PlanningCommission,Plat/Subdivision,Land-Use,Subdivision-Plat,final-action,pass,7,0,,roll-call,7:0 Approved (Final Action),crosswalk,high
planning_commission/minutes/2021/2021-04-05/2021-04-07_planning-commission-meeting.md,5,2021-04-07,PlanningCommission,Other,Other,,recommendation,pass,7,0,,roll-call,Positive recommendation 7:0,rule:no-signal,low
planning_commission/minutes/2021/2021-04-05/2021-04-07_planning-commission-meeting.md,6,2021-04-07,PlanningCommission,Procedural/Administrative,Procedural-Administrative,,procedural,pass,7,0,,roll-call,7:0 Pass,crosswalk,high
planning_commission/minutes/2021/2021-04-05/2021-04-07_planning-commission-meeting.md,7,2021-04-07,PlanningCommission,Procedural/Administrative,Procedural-Administrative,,procedural,pass,7,0,,roll-call,7:0 Pass,crosswalk,high
planning_commission/minutes/2021/2021-04-19/2021-04-21_planning-commission-meeting.md,1,2021-04-21,PlanningCommission,Plat/Subdivision,Land-Use,Subdivision-Plat,final-action,pass,6,0,,roll-call,6:0 Approved (Final Action),crosswalk,high
planning_commission/minutes/2021/2021-04-19/2021-04-21_planning-commission-meeting.md,2,2021-04-21,PlanningCommission,Plat/Subdivision,Land-Use,Subdivision-Plat,final-action,pass,6,0,,roll-call,6:0 Approved (Final Action),crosswalk,high
planning_commission/minutes/2021/2021-04-19/2021-04-21_planning-commission-meeting.md,3,2021-04-21,PlanningCommission,Procedural/Administrative,Procedural-Administrative,,procedural,pass,6,0,,roll-call,6:0 Pass,crosswalk,high
planning_commission/minutes/2021/2021-04-19/2021-04-21_planning-commission-meeting.md,4,2021-04-21,PlanningCommission,Procedural/Administrative,Procedural-Administrative,,procedural,pass,6,0,,roll-call,6:0 Pass,crosswalk,high
planning_commission/minutes/2021/2021-05-31/2021-06-02_planning-commission-meeting.md,1,2021-06-02,PlanningCommission,Site Plan,Land-Use,Site-Plan-Design-Review,final-action,pass,7,0,,roll-call,7:0 Approved (Final Action),crosswalk,high
planning_commission/minutes/2021/2021-05-31/2021-06-02_planning-commission-meeting.md,2,2021-06-02,PlanningCommission,Plat/Subdivision,Land-Use,Subdivision-Plat,final-action,pass,7,0,,roll-call,7:0 Approved (Final Action),crosswalk,high
planning_commission/minutes/2021/2021-05-31/2021-06-02_planning-commission-meeting.md,3,2021-06-02,PlanningCommission,Plat/Subdivision,Land-Use,Subdivision-Plat,final-action,pass,7,0,,roll-call,7:0 Approved (Final Action),crosswalk,high
planning_commission/minutes/2021/2021-05-31/2021-06-02_planning-commission-meeting.md,4,2021-06-02,PlanningCommission,Plat/Subdivision,Land-Use,Subdivision-Plat,final-action,pass,7,0,,roll-call,7:0 Approved (Final Action),crosswalk,high
planning_commission/minutes/2021/2021-05-31/2021-06-02_planning-commission-meeting.md,5,2021-06-02,PlanningCommission,Code/Ordinance Amendment,Land-Use,Text-Amendment,recommendation,pass,5,2,,roll-call,Positive recommendation 5:2,crosswalk,high
planning_commission/minutes/2021/2021-05-31/2021-06-02_planning-commission-meeting.md,6,2021-06-02,PlanningCommission,Procedural/Administrative,Procedural-Administrative,,procedural,pass,6,0,,roll-call,6:0 Pass,crosswalk,high
planning_commission/minutes/2021/2021-05-31/2021-06-02_planning-commission-meeting.md,7,2021-06-02,PlanningCommission,Procedural/Administrative,Procedural-Administrative,,procedural,pass,7,0,,roll-call,7:0 Pass,crosswalk,high
planning_commission/minutes/2021/2021-06-14/2021-06-16_planning-commission-meeting.md,1,2021-06-16,PlanningCommission,Site Plan,Land-Use,Site-Plan-Design-Review,final-action,pass,5,0,,roll-call,5:0 Approved (Final Action),crosswalk,high
planning_commission/minutes/2021/2021-06-14/2021-06-16_planning-commission-meeting.md,2,2021-06-16,PlanningCommission,Code/Ordinance Amendment,Land-Use,Text-Amendment,recommendation,pass,5,0,,roll-call,Positive recommendation 5:0,crosswalk,high
planning_commission/minutes/2021/2021-06-14/2021-06-16_planning-commission-meeting.md,3,2021-06-16,PlanningCommission,Rezone,Land-Use,Rezone,recommendation,pass,5,0,,roll-call,Positive recommendation 5:0,crosswalk,high
planning_commission/minutes/2021/2021-06-14/2021-06-16_planning-commission-meeting.md,4,2021-06-16,PlanningCommission,Plat/Subdivision,Land-Use,Subdivision-Plat,final-action,pass,5,0,,roll-call,5:0 Approved (Final Action),crosswalk,high
planning_commission/minutes/2021/2021-06-14/2021-06-16_planning-commission-meeting.md,5,2021-06-16,PlanningCommission,Plat/Subdivision,Land-Use,Subdivision-Plat,final-action,pass,5,0,,roll-call,5:0 Approved (Final Action),crosswalk,high
planning_commission/minutes/2021/2021-06-14/2021-06-16_planning-commission-meeting.md,6,2021-06-16,PlanningCommission,Plat/Subdivision,Land-Use,Subdivision-Plat,final-action,pass,4,1,,roll-call,4:1 Approved (Final Action),crosswalk,high
planning_commission/minutes/2021/2021-06-14/2021-06-16_planning-commission-meeting.md,7,2021-06-16,PlanningCommission,Procedural/Administrative,Procedural-Administrative,,procedural,pass,5,0,,roll-call,5:0 Pass,crosswalk,high
planning_commission/minutes/2021/2021-06-14/2021-06-16_planning-commission-meeting.md,8,2021-06-16,PlanningCommission,Procedural/Administrative,Procedural-Administrative,,procedural,pass,5,0,,roll-call,5:0 Pass,crosswalk,high
planning_commission/minutes/2021/2021-07-05/2021-07-07_planning-commission-meeting.md,1,2021-07-07,PlanningCommission,Site Plan,Land-Use,Site-Plan-Design-Review,final-action,pass,5,0,,roll-call,5:0 Approved (Final Action),crosswalk,high
planning_commission/minutes/2021/2021-07-05/2021-07-07_planning-commission-meeting.md,2,2021-07-07,PlanningCommission,Plat/Subdivision,Land-Use,Subdivision-Plat,final-action,pass,5,0,,roll-call,5:0 Approved (Final Action),crosswalk,high
planning_commission/minutes/2021/2021-07-05/2021-07-07_planning-commission-meeting.md,3,2021-07-07,PlanningCommission,Plat/Subdivision,Land-Use,Subdivision-Plat,final-action,pass,5,0,,roll-call,5:0 Approved (Final Action),crosswalk,high
planning_commission/minutes/2021/2021-07-05/2021-07-07_planning-commission-meeting.md,4,2021-07-07,PlanningCommission,Plat/Subdivision,Land-Use,Subdivision-Plat,final-action,pass,5,0,,roll-call,5:0 Approved (Final Action),crosswalk,high
planning_commission/minutes/2021/2021-07-05/2021-07-07_planning-commission-meeting.md,5,2021-07-07,PlanningCommission,Procedural/Administrative,Procedural-Administrative,,procedural,pass,5,0,,roll-call,5:0 Pass,crosswalk,high
planning_commission/minutes/2021/2021-07-05/2021-07-07_planning-commission-meeting.md,6,2021-07-07,PlanningCommission,Procedural/Administrative,Procedural-Administrative,,procedural,pass,5,0,,roll-call,5:0 Pass,crosswalk,high
planning_commission/minutes/2021/2021-07-19/2021-07-21_planning-commission-meeting.md,1,2021-07-21,PlanningCommission,Plat/Subdivision,Land-Use,Subdivision-Plat,final-action,pass,7,0,,roll-call,7:0 Approved (Final Action),crosswalk,high
planning_commission/minutes/2021/2021-07-19/2021-07-21_planning-commission-meeting.md,2,2021-07-21,PlanningCommission,Code/Ordinance Amendment,Land-Use,Text-Amendment,recommendation,pass,4,3,,roll-call,Negative recommendation 4:3,crosswalk,high
planning_commission/minutes/2021/2021-07-19/2021-07-21_planning-commission-meeting.md,3,2021-07-21,PlanningCommission,Plat/Subdivision,Land-Use,Subdivision-Plat,final-action,pass,7,0,,roll-call,7:0 Approved (Final Action),crosswalk,high
planning_commission/minutes/2021/2021-07-19/2021-07-21_planning-commission-meeting.md,4,2021-07-21,PlanningCommission,Procedural/Administrative,Procedural-Administrative,,procedural,pass,7,0,,roll-call,7:0 Pass,crosswalk,high
planning_commission/minutes/2021/2021-07-19/2021-07-21_planning-commission-meeting.md,5,2021-07-21,PlanningCommission,Procedural/Administrative,Procedural-Administrative,,procedural,pass,7,0,,roll-call,7:0 Pass,crosswalk,high
planning_commission/minutes/2021/2021-08-16/2021-08-18_planning-commission-meeting.md,1,2021-08-18,PlanningCommission,Code/Ordinance Amendment,Land-Use,Text-Amendment,recommendation,fail,2,4,,roll-call,Positive recommendation 2:4 (Failed),crosswalk,high
planning_commission/minutes/2021/2021-08-16/2021-08-18_planning-commission-meeting.md,2,2021-08-18,PlanningCommission,Code/Ordinance Amendment,Land-Use,Text-Amendment,recommendation,pass,4,2,,roll-call,Negative recommendation 4:2,crosswalk,high
planning_commission/minutes/2021/2021-08-16/2021-08-18_planning-commission-meeting.md,3,2021-08-18,PlanningCommission,Code/Ordinance Amendment,Land-Use,Text-Amendment,recommendation,pass,5,1,,roll-call,Positive recommendation 5:1,crosswalk,high
planning_commission/minutes/2021/2021-08-16/2021-08-18_planning-commission-meeting.md,4,2021-08-18,PlanningCommission,Code/Ordinance Amendment,Land-Use,Text-Amendment,recommendation,pass,4,2,,roll-call,Negative recommendation 4:2,crosswalk,high
planning_commission/minutes/2021/2021-08-16/2021-08-18_planning-commission-meeting.md,5,2021-08-18,PlanningCommission,Procedural/Administrative,Procedural-Administrative,,procedural,pass,6,0,,roll-call,6:0 Pass,crosswalk,high
planning_commission/minutes/2021/2021-08-16/2021-08-18_planning-commission-meeting.md,6,2021-08-18,PlanningCommission,Procedural/Administrative,Procedural-Administrative,,procedural,pass,6,0,,roll-call,6:0 Pass,crosswalk,high
planning_commission/minutes/2021/2021-08-30/2021-09-01_planning-commission-meeting.md,1,2021-09-01,PlanningCommission,Plat/Subdivision,Land-Use,Subdivision-Plat,final-action,pass,5,0,,roll-call,5:0 Approved (Final Action),crosswalk,high
planning_commission/minutes/2021/2021-08-30/2021-09-01_planning-commission-meeting.md,2,2021-09-01,PlanningCommission,Other,Other,,final-action,pass,5,0,,roll-call,5:0 Approved (Final Action),rule:no-signal,low
planning_commission/minutes/2021/2021-08-30/2021-09-01_planning-commission-meeting.md,3,2021-09-01,PlanningCommission,Code/Ordinance Amendment,Land-Use,Text-Amendment,recommendation,pass,5,0,,roll-call,Positive recommendation 5:0,crosswalk,high
planning_commission/minutes/2021/2021-08-30/2021-09-01_planning-commission-meeting.md,4,2021-09-01,PlanningCommission,Procedural/Administrative,Procedural-Administrative,,procedural,pass,5,0,,roll-call,5:0 Pass,crosswalk,high
planning_commission/minutes/2021/2021-09-13/2021-09-15_planning-commission-meeting.md,1,2021-09-15,PlanningCommission,Procedural/Administrative,Land-Use,Subdivision-Plat,procedural,pass,5,0,,roll-call,5:0 Pass,rule:lu-subdiv,high
planning_commission/minutes/2021/2021-09-13/2021-09-15_planning-commission-meeting.md,2,2021-09-15,PlanningCommission,Plat/Subdivision,Land-Use,Subdivision-Plat,final-action,pass,5,0,,roll-call,5:0 Approved (Final Action),crosswalk,high
planning_commission/minutes/2021/2021-09-13/2021-09-15_planning-commission-meeting.md,3,2021-09-15,PlanningCommission,Procedural/Administrative,Procedural-Administrative,,procedural,pass,5,0,,roll-call,5:0 Pass,crosswalk,high
planning_commission/minutes/2021/2021-09-13/2021-09-15_planning-commission-meeting.md,4,2021-09-15,PlanningCommission,Procedural/Administrative,Procedural-Administrative,,procedural,pass,5,0,,roll-call,5:0 Pass,crosswalk,high
planning_commission/minutes/2021/2021-10-18/2021-10-20_planning-commission-meeting.md,1,2021-10-20,PlanningCommission,Procedural/Administrative,Procedural-Administrative,,procedural,pass,6,0,,roll-call,6:0 Pass,crosswalk,high
planning_commission/minutes/2021/2021-10-18/2021-10-20_planning-commission-meeting.md,2,2021-10-20,PlanningCommission,Rezone,Land-Use,Rezone,recommendation,pass,4,2,,roll-call,Positive recommendation 4:2,crosswalk,high
planning_commission/minutes/2021/2021-10-18/2021-10-20_planning-commission-meeting.md,3,2021-10-20,PlanningCommission,Procedural/Administrative,Procedural-Administrative,,procedural,pass,6,0,,roll-call,6:0 Pass,crosswalk,high
planning_commission/minutes/2021/2021-10-18/2021-10-20_planning-commission-meeting.md,4,2021-10-20,PlanningCommission,Procedural/Administrative,Procedural-Administrative,,procedural,pass,6,0,,roll-call,6:0 Pass,crosswalk,high
planning_commission/minutes/2021/2021-11-01/2021-11-03_planning-commission-meeting.md,1,2021-11-03,PlanningCommission,Plat/Subdivision,Land-Use,Subdivision-Plat,final-action,pass,6,0,,roll-call,6:0 Approved (Final Action),crosswalk,high
planning_commission/minutes/2021/2021-11-01/2021-11-03_planning-commission-meeting.md,2,2021-11-03,PlanningCommission,Code/Ordinance Amendment,Land-Use,Text-Amendment,recommendation,pass,6,0,,roll-call,Positive recommendation 6:0,crosswalk,high
planning_commission/minutes/2021/2021-11-01/2021-11-03_planning-commission-meeting.md,3,2021-11-03,PlanningCommission,Plat/Subdivision,Land-Use,Subdivision-Plat,final-action,pass,6,0,,roll-call,6:0 Approved (Final Action),crosswalk,high
planning_commission/minutes/2021/2021-11-01/2021-11-03_planning-commission-meeting.md,4,2021-11-03,PlanningCommission,Procedural/Administrative,Procedural-Administrative,,procedural,pass,6,0,,roll-call,6:0 Pass,crosswalk,high
planning_commission/minutes/2021/2021-11-01/2021-11-03_planning-commission-meeting.md,5,2021-11-03,PlanningCommission,Procedural/Administrative,Procedural-Administrative,,procedural,pass,6,0,,roll-call,6:0 Pass,crosswalk,high
planning_commission/minutes/2021/2021-12-06/2021-12-08_planning-commission-meeting.md,1,2021-12-08,PlanningCommission,Site Plan,Land-Use,Site-Plan-Design-Review,final-action,pass,7,0,,roll-call,7:0 Approved (Final Action),crosswalk,high
planning_commission/minutes/2021/2021-12-06/2021-12-08_planning-commission-meeting.md,2,2021-12-08,PlanningCommission,Plat/Subdivision,Land-Use,Subdivision-Plat,final-action,pass,7,0,,roll-call,7:0 Approved (Final Action),crosswalk,high
planning_commission/minutes/2021/2021-12-06/2021-12-08_planning-commission-meeting.md,3,2021-12-08,PlanningCommission,Plat/Subdivision,Land-Use,Subdivision-Plat,final-action,pass,7,0,,roll-call,7:0 Approved (Final Action),crosswalk,high
planning_commission/minutes/2021/2021-12-06/2021-12-08_planning-commission-meeting.md,4,2021-12-08,PlanningCommission,Other,Other,,recommendation,pass,7,0,,roll-call,Positive recommendation 7:0,rule:no-signal,low
planning_commission/minutes/2021/2021-12-06/2021-12-08_planning-commission-meeting.md,5,2021-12-08,PlanningCommission,Other,Other,,recommendation,pass,7,0,,roll-call,Positive recommendation 7:0,rule:no-signal,low
planning_commission/minutes/2021/2021-12-06/2021-12-08_planning-commission-meeting.md,6,2021-12-08,PlanningCommission,Other,Other,,final-action,pass,7,0,,roll-call,7:0 Pass,rule:no-signal,low
planning_commission/minutes/2021/2021-12-06/2021-12-08_planning-commission-meeting.md,7,2021-12-08,PlanningCommission,Procedural/Administrative,Procedural-Administrative,,procedural,pass,7,0,,roll-call,7:0 Pass,crosswalk,high
planning_commission/minutes/2021/2021-12-06/2021-12-08_planning-commission-meeting.md,8,2021-12-08,PlanningCommission,Procedural/Administrative,Procedural-Administrative,,procedural,pass,7,0,,roll-call,7:0 Pass,crosswalk,high
planning_commission/minutes/2022/2022-01-17/2022-01-19_planning-commission-meeting.md,1,2022-01-19,PlanningCommission,Code/Ordinance Amendment,Land-Use,Text-Amendment,recommendation,pass,7,0,,roll-call,Positive recommendation 7:0,crosswalk,high
planning_commission/minutes/2022/2022-01-17/2022-01-19_planning-commission-meeting.md,2,2022-01-19,PlanningCommission,Plat/Subdivision,Land-Use,Subdivision-Plat,final-action,pass,7,0,,roll-call,7:0 Approved (Final Action),crosswalk,high
planning_commission/minutes/2022/2022-01-17/2022-01-19_planning-commission-meeting.md,3,2022-01-19,PlanningCommission,Plat/Subdivision,Land-Use,Subdivision-Plat,final-action,pass,7,0,,roll-call,7:0 Approved (Final Action),crosswalk,high
planning_commission/minutes/2022/2022-01-17/2022-01-19_planning-commission-meeting.md,4,2022-01-19,PlanningCommission,Code/Ordinance Amendment,Land-Use,Text-Amendment,recommendation,pass,5,2,,roll-call,Positive recommendation 5:2,crosswalk,high
planning_commission/minutes/2022/2022-01-17/2022-01-19_planning-commission-meeting.md,5,2022-01-19,PlanningCommission,Procedural/Administrative,Procedural-Administrative,,procedural,pass,7,0,,roll-call,7:0 Pass,crosswalk,high
planning_commission/minutes/2022/2022-01-17/2022-01-19_planning-commission-meeting.md,6,2022-01-19,PlanningCommission,Procedural/Administrative,Procedural-Administrative,,procedural,pass,7,0,,roll-call,7:0 Pass,crosswalk,high
planning_commission/minutes/2022/2022-01-31/2022-02-02_planning-commission-meeting.md,1,2022-02-02,PlanningCommission,Site Plan,Land-Use,Site-Plan-Design-Review,final-action,pass,6,0,,roll-call,6:0 Approved (Final Action),crosswalk,high
planning_commission/minutes/2022/2022-01-31/2022-02-02_planning-commission-meeting.md,2,2022-02-02,PlanningCommission,Plat/Subdivision,Land-Use,Subdivision-Plat,final-action,pass,6,0,,roll-call,6:0 Approved (Final Action),crosswalk,high
planning_commission/minutes/2022/2022-01-31/2022-02-02_planning-commission-meeting.md,3,2022-02-02,PlanningCommission,Rezone,Land-Use,Rezone,final-action,pass,5,1,,roll-call,5:1 Approved (Final Action),crosswalk,high
planning_commission/minutes/2022/2022-01-31/2022-02-02_planning-commission-meeting.md,4,2022-02-02,PlanningCommission,Procedural/Administrative,Procedural-Administrative,,procedural,pass,6,0,,roll-call,6:0 Pass,crosswalk,high
planning_commission/minutes/2022/2022-01-31/2022-02-02_planning-commission-meeting.md,5,2022-02-02,PlanningCommission,Procedural/Administrative,Procedural-Administrative,,procedural,pass,6,0,,roll-call,6:0 Pass,crosswalk,high
planning_commission/minutes/2022/2022-02-14/2022-02-16_planning-commission-meeting.md,1,2022-02-16,PlanningCommission,Plat/Subdivision,Land-Use,Subdivision-Plat,final-action,pass,6,0,,roll-call,6:0 Approved (Final Action),crosswalk,high
planning_commission/minutes/2022/2022-02-14/2022-02-16_planning-commission-meeting.md,2,2022-02-16,PlanningCommission,Site Plan,Land-Use,Site-Plan-Design-Review,final-action,pass,6,0,,roll-call,6:0 Approved (Final Action),crosswalk,high
planning_commission/minutes/2022/2022-02-14/2022-02-16_planning-commission-meeting.md,3,2022-02-16,PlanningCommission,Procedural/Administrative,Procedural-Administrative,,procedural,pass,6,0,,roll-call,6:0 Pass,crosswalk,high
planning_commission/minutes/2022/2022-02-14/2022-02-16_planning-commission-meeting.md,4,2022-02-16,PlanningCommission,Procedural/Administrative,Procedural-Administrative,,procedural,pass,6,0,,roll-call,6:0 Pass,crosswalk,high
planning_commission/minutes/2022/2022-02-28/2022-03-02_planning-commission-meeting.md,1,2022-03-02,PlanningCommission,Plat/Subdivision,Land-Use,Subdivision-Plat,final-action,pass,7,0,,roll-call,7:0 Approved (Final Action),crosswalk,high
planning_commission/minutes/2022/2022-02-28/2022-03-02_planning-commission-meeting.md,2,2022-03-02,PlanningCommission,Site Plan,Land-Use,Site-Plan-Design-Review,final-action,pass,7,0,,roll-call,7:0 Approved (Final Action),crosswalk,high
planning_commission/minutes/2022/2022-02-28/2022-03-02_planning-commission-meeting.md,3,2022-03-02,PlanningCommission,Procedural/Administrative,Procedural-Administrative,,procedural,pass,7,0,,roll-call,7:0 Pass,crosswalk,high
planning_commission/minutes/2022/2022-02-28/2022-03-02_planning-commission-meeting.md,4,2022-03-02,PlanningCommission,Procedural/Administrative,Procedural-Administrative,,procedural,pass,7,0,,roll-call,7:0 Pass,crosswalk,high
planning_commission/minutes/2022/2022-03-14/2022-03-16_planning-commission-meeting.md,1,2022-03-16,PlanningCommission,Plat/Subdivision,Land-Use,Subdivision-Plat,final-action,pass,7,0,,roll-call,7:0 Approved (Final Action),crosswalk,high
planning_commission/minutes/2022/2022-03-14/2022-03-16_planning-commission-meeting.md,2,2022-03-16,PlanningCommission,Procedural/Administrative,Procedural-Administrative,,procedural,pass,7,0,,roll-call,7:0 Pass,crosswalk,high
planning_commission/minutes/2022/2022-03-14/2022-03-16_planning-commission-meeting.md,3,2022-03-16,PlanningCommission,Procedural/Administrative,Procedural-Administrative,,procedural,pass,7,0,,roll-call,7:0 Pass,crosswalk,high
planning_commission/minutes/2022/2022-04-18/2022-04-20_planning-commission-meeting.md,1,2022-04-20,PlanningCommission,Site Plan,Land-Use,Site-Plan-Design-Review,final-action,pass,7,0,,roll-call,7:0 Approved (Final Action),crosswalk,high
planning_commission/minutes/2022/2022-04-18/2022-04-20_planning-commission-meeting.md,2,2022-04-20,PlanningCommission,Plat/Subdivision,Land-Use,Subdivision-Plat,final-action,pass,7,0,,roll-call,7:0 Approved (Final Action),crosswalk,high
planning_commission/minutes/2022/2022-04-18/2022-04-20_planning-commission-meeting.md,3,2022-04-20,PlanningCommission,Procedural/Administrative,Procedural-Administrative,,procedural,pass,7,0,,roll-call,7:0 Pass,crosswalk,high
planning_commission/minutes/2022/2022-04-18/2022-04-20_planning-commission-meeting.md,4,2022-04-20,PlanningCommission,Procedural/Administrative,Procedural-Administrative,,procedural,pass,7,0,,roll-call,7:0 Pass,crosswalk,high
planning_commission/minutes/2022/2022-05-02/2022-05-04_planning-commission-meeting.md,1,2022-05-04,PlanningCommission,Conditional Use,Land-Use,Conditional-Use,recommendation,pass,7,0,,roll-call,Positive recommendation 7:0,crosswalk,high
planning_commission/minutes/2022/2022-05-02/2022-05-04_planning-commission-meeting.md,2,2022-05-04,PlanningCommission,Plat/Subdivision,Land-Use,Subdivision-Plat,final-action,pass,7,0,,roll-call,7:0 Approved (Final Action),crosswalk,high
planning_commission/minutes/2022/2022-05-02/2022-05-04_planning-commission-meeting.md,3,2022-05-04,PlanningCommission,Procedural/Administrative,Procedural-Administrative,,procedural,pass,7,0,,roll-call,7:0 Pass,crosswalk,high
planning_commission/minutes/2022/2022-05-02/2022-05-04_planning-commission-meeting.md,4,2022-05-04,PlanningCommission,Procedural/Administrative,Procedural-Administrative,,procedural,pass,7,0,,roll-call,7:0 Pass,crosswalk,high
planning_commission/minutes/2022/2022-05-16/2022-05-18_planning-commission-meeting.md,1,2022-05-18,PlanningCommission,Site Plan,Land-Use,Site-Plan-Design-Review,final-action,pass,6,0,,roll-call,6:0 Approved (Final Action),crosswalk,high
planning_commission/minutes/2022/2022-05-16/2022-05-18_planning-commission-meeting.md,2,2022-05-18,PlanningCommission,Plat/Subdivision,Land-Use,Subdivision-Plat,recommendation,pass,6,0,,roll-call,Negative recommendation 6:0,crosswalk,high
planning_commission/minutes/2022/2022-05-16/2022-05-18_planning-commission-meeting.md,3,2022-05-18,PlanningCommission,Procedural/Administrative,Procedural-Administrative,,procedural,pass,6,0,,roll-call,6:0 Pass,crosswalk,high
planning_commission/minutes/2022/2022-05-16/2022-05-18_planning-commission-meeting.md,4,2022-05-18,PlanningCommission,Procedural/Administrative,Procedural-Administrative,,procedural,pass,6,0,,roll-call,6:0 Pass,crosswalk,high
planning_commission/minutes/2022/2022-06-13/2022-06-15_planning-commission-meeting.md,1,2022-06-15,PlanningCommission,Plat/Subdivision,Land-Use,Subdivision-Plat,final-action,pass,6,0,,roll-call,6:0 Approved (Final Action),crosswalk,high
planning_commission/minutes/2022/2022-06-13/2022-06-15_planning-commission-meeting.md,2,2022-06-15,PlanningCommission,Rezone,Land-Use,Rezone,recommendation,pass,6,0,,roll-call,Positive recommendation 6:0,crosswalk,high
planning_commission/minutes/2022/2022-06-13/2022-06-15_planning-commission-meeting.md,3,2022-06-15,PlanningCommission,Plat/Subdivision,Land-Use,Subdivision-Plat,final-action,pass,6,0,,roll-call,6:0 Approved (Final Action),crosswalk,high
planning_commission/minutes/2022/2022-06-13/2022-06-15_planning-commission-meeting.md,4,2022-06-15,PlanningCommission,Procedural/Administrative,Procedural-Administrative,,procedural,pass,6,0,,roll-call,6:0 Pass,crosswalk,high
planning_commission/minutes/2022/2022-06-13/2022-06-15_planning-commission-meeting.md,5,2022-06-15,PlanningCommission,Procedural/Administrative,Procedural-Administrative,,procedural,pass,6,0,,roll-call,6:0 Pass,crosswalk,high
planning_commission/minutes/2022/2022-06-13/2022-06-15_planning-commission-meeting.md,6,2022-06-15,PlanningCommission,Procedural/Administrative,Procedural-Administrative,,procedural,pass,6,0,,roll-call,6:0 Pass,crosswalk,high
planning_commission/minutes/2022/2022-07-04/2022-07-06_planning-commission-meeting.md,1,2022-07-06,PlanningCommission,Rezone,Land-Use,Rezone,recommendation,pass,6,0,,roll-call,Positive recommendation 6:0,crosswalk,high
planning_commission/minutes/2022/2022-07-18/2022-07-20_planning-commission-meeting.md,1,2022-07-20,PlanningCommission,General Plan,Land-Use,General-Plan-Amendment,final-action,pass,7,0,,roll-call,7:0 Approved (Final Action),crosswalk,high
planning_commission/minutes/2022/2022-07-18/2022-07-20_planning-commission-meeting.md,2,2022-07-20,PlanningCommission,Procedural/Administrative,Procedural-Administrative,,procedural,pass,7,0,,roll-call,7:0 Pass,crosswalk,high
planning_commission/minutes/2022/2022-07-18/2022-07-20_planning-commission-meeting.md,3,2022-07-20,PlanningCommission,Procedural/Administrative,Procedural-Administrative,,procedural,pass,7,0,,roll-call,7:0 Pass,crosswalk,high
planning_commission/minutes/2022/2022-08-15/2022-08-17_planning-commission-meeting.md,1,2022-08-17,PlanningCommission,Site Plan,Land-Use,Site-Plan-Design-Review,final-action,pass,6,0,,roll-call,6:0 Approved (Final Action),crosswalk,high
planning_commission/minutes/2022/2022-08-15/2022-08-17_planning-commission-meeting.md,2,2022-08-17,PlanningCommission,Other,Land-Use,Other-Land-Use,final-action,pass,6,0,,roll-call,6:0 Approved (Final Action),rule:lu-generic,medium
planning_commission/minutes/2022/2022-08-15/2022-08-17_planning-commission-meeting.md,3,2022-08-17,PlanningCommission,Rezone,Land-Use,Rezone,recommendation,pass,6,0,,roll-call,Positive recommendation 6:0,crosswalk,high
planning_commission/minutes/2022/2022-08-15/2022-08-17_planning-commission-meeting.md,4,2022-08-17,PlanningCommission,Code/Ordinance Amendment,Land-Use,Text-Amendment,recommendation,pass,6,0,,roll-call,Positive recommendation 6:0,crosswalk,high
planning_commission/minutes/2022/2022-08-15/2022-08-17_planning-commission-meeting.md,5,2022-08-17,PlanningCommission,Plat/Subdivision,Land-Use,Subdivision-Plat,final-action,pass,6,0,,roll-call,6:0 Approved (Final Action),crosswalk,high
planning_commission/minutes/2022/2022-08-15/2022-08-17_planning-commission-meeting.md,6,2022-08-17,PlanningCommission,Procedural/Administrative,Procedural-Administrative,,procedural,pass,6,0,,roll-call,6:0 Pass,crosswalk,high
planning_commission/minutes/2022/2022-08-15/2022-08-17_planning-commission-meeting.md,7,2022-08-17,PlanningCommission,Procedural/Administrative,Procedural-Administrative,,procedural,pass,6,0,,roll-call,6:0 Pass,crosswalk,high
planning_commission/minutes/2022/2022-09-05/2022-09-07_planning-commission-meeting.md,1,2022-09-07,PlanningCommission,Procedural/Administrative,Procedural-Administrative,,procedural,pass,6,0,,roll-call,6:0 Pass,crosswalk,high
planning_commission/minutes/2022/2022-09-05/2022-09-07_planning-commission-meeting.md,2,2022-09-07,PlanningCommission,Procedural/Administrative,Procedural-Administrative,,procedural,pass,6,0,,roll-call,6:0 Pass,crosswalk,medium
planning_commission/minutes/2022/2022-09-05/2022-09-07_planning-commission-meeting.md,3,2022-09-07,PlanningCommission,Plat/Subdivision,Land-Use,Subdivision-Plat,final-action,pass,6,0,,roll-call,6:0 Approved (Final Action),crosswalk,high
planning_commission/minutes/2022/2022-09-05/2022-09-07_planning-commission-meeting.md,4,2022-09-07,PlanningCommission,Plat/Subdivision,Land-Use,Subdivision-Plat,final-action,pass,6,0,,roll-call,6:0 Approved (Final Action),crosswalk,high
planning_commission/minutes/2022/2022-09-05/2022-09-07_planning-commission-meeting.md,5,2022-09-07,PlanningCommission,Rezone,Land-Use,Rezone,recommendation,pass,6,0,,roll-call,Positive recommendation 6:0,crosswalk,high
planning_commission/minutes/2022/2022-09-05/2022-09-07_planning-commission-meeting.md,6,2022-09-07,PlanningCommission,Procedural/Administrative,Procedural-Administrative,,procedural,pass,6,0,,roll-call,6:0 Pass,crosswalk,high
planning_commission/minutes/2022/2022-09-05/2022-09-07_planning-commission-meeting.md,7,2022-09-07,PlanningCommission,Procedural/Administrative,Procedural-Administrative,,procedural,pass,6,0,,roll-call,6:0 Pass,crosswalk,high
planning_commission/minutes/2022/2022-09-19/2022-09-21_planning-commission-meeting.md,1,2022-09-21,PlanningCommission,Plat/Subdivision,Land-Use,Subdivision-Plat,final-action,pass,5,0,,roll-call,5:0 Approved (Final Action),crosswalk,high
planning_commission/minutes/2022/2022-09-19/2022-09-21_planning-commission-meeting.md,2,2022-09-21,PlanningCommission,Code/Ordinance Amendment,Land-Use,Text-Amendment,recommendation,pass,5,0,,roll-call,Positive recommendation 5:0,crosswalk,high
planning_commission/minutes/2022/2022-09-19/2022-09-21_planning-commission-meeting.md,3,2022-09-21,PlanningCommission,Code/Ordinance Amendment,Land-Use,Text-Amendment,recommendation,pass,5,0,,roll-call,Positive recommendation 5:0,crosswalk,high
planning_commission/minutes/2022/2022-09-19/2022-09-21_planning-commission-meeting.md,4,2022-09-21,PlanningCommission,Rezone,Land-Use,Rezone,recommendation,pass,3,2,,roll-call,Positive recommendation 3:2 (forwarded neutral — four-concurring-votes rule),crosswalk,high
planning_commission/minutes/2022/2022-09-19/2022-09-21_planning-commission-meeting.md,5,2022-09-21,PlanningCommission,Code/Ordinance Amendment,Land-Use,Text-Amendment,recommendation,pass,4,1,,roll-call,Positive recommendation 4:1,crosswalk,high
planning_commission/minutes/2022/2022-09-19/2022-09-21_planning-commission-meeting.md,6,2022-09-21,PlanningCommission,General Plan,Land-Use,General-Plan-Amendment,recommendation,pass,5,0,,roll-call,Positive recommendation 5:0,crosswalk,high
planning_commission/minutes/2022/2022-09-19/2022-09-21_planning-commission-meeting.md,7,2022-09-21,PlanningCommission,Procedural/Administrative,Procedural-Administrative,,procedural,pass,5,0,,roll-call,5:0 Pass,crosswalk,high
planning_commission/minutes/2022/2022-09-19/2022-09-21_planning-commission-meeting.md,8,2022-09-21,PlanningCommission,Procedural/Administrative,Procedural-Administrative,,procedural,pass,5,0,,roll-call,5:0 Pass,crosswalk,high
planning_commission/minutes/2022/2022-10-03/2022-10-05_planning-commission-meeting.md,1,2022-10-05,PlanningCommission,Site Plan,Land-Use,Site-Plan-Design-Review,final-action,pass,6,0,,roll-call,6:0 Approved (Final Action),crosswalk,high
planning_commission/minutes/2022/2022-10-03/2022-10-05_planning-commission-meeting.md,2,2022-10-05,PlanningCommission,Other,Land-Use,Other-Land-Use,final-action,pass,6,0,,roll-call,6:0 Approved (Final Action),rule:lu-generic,medium
planning_commission/minutes/2022/2022-10-03/2022-10-05_planning-commission-meeting.md,3,2022-10-05,PlanningCommission,Procedural/Administrative,Procedural-Administrative,,procedural,pass,6,0,,roll-call,6:0 Pass,crosswalk,high
planning_commission/minutes/2022/2022-10-03/2022-10-05_planning-commission-meeting.md,4,2022-10-05,PlanningCommission,Procedural/Administrative,Procedural-Administrative,,procedural,pass,6,0,,roll-call,6:0 Pass,crosswalk,high
planning_commission/minutes/2022/2022-10-17/2022-10-19_planning-commission-meeting.md,1,2022-10-19,PlanningCommission,Plat/Subdivision,Land-Use,Subdivision-Plat,final-action,pass,5,0,,roll-call,5:0 Approved (Final Action),crosswalk,high
planning_commission/minutes/2022/2022-10-17/2022-10-19_planning-commission-meeting.md,2,2022-10-19,PlanningCommission,Plat/Subdivision,Land-Use,Subdivision-Plat,final-action,pass,5,0,,roll-call,5:0 Approved (Final Action),crosswalk,high
planning_commission/minutes/2022/2022-10-17/2022-10-19_planning-commission-meeting.md,3,2022-10-19,PlanningCommission,Plat/Subdivision,Land-Use,Subdivision-Plat,final-action,pass,5,0,,roll-call,5:0 Approved (Final Action),crosswalk,high
planning_commission/minutes/2022/2022-10-17/2022-10-19_planning-commission-meeting.md,4,2022-10-19,PlanningCommission,General Plan,Land-Use,General-Plan-Amendment,recommendation,pass,5,0,,roll-call,Positive recommendation 5:0,crosswalk,high
planning_commission/minutes/2022/2022-10-17/2022-10-19_planning-commission-meeting.md,5,2022-10-19,PlanningCommission,Procedural/Administrative,Procedural-Administrative,,procedural,pass,5,0,,roll-call,5:0 Pass,crosswalk,high
planning_commission/minutes/2022/2022-10-17/2022-10-19_planning-commission-meeting.md,6,2022-10-19,PlanningCommission,Procedural/Administrative,Procedural-Administrative,,procedural,pass,5,0,,roll-call,5:0 Pass,crosswalk,high
planning_commission/minutes/2022/2022-10-31/2022-11-02_planning-commission-meeting.md,1,2022-11-02,PlanningCommission,Plat/Subdivision,Land-Use,Subdivision-Plat,final-action,pass,4,0,,roll-call,4:0 Approved (Final Action),crosswalk,high
planning_commission/minutes/2022/2022-10-31/2022-11-02_planning-commission-meeting.md,2,2022-11-02,PlanningCommission,Plat/Subdivision,Land-Use,Subdivision-Plat,final-action,pass,4,0,,roll-call,4:0 Approved (Final Action),crosswalk,high
planning_commission/minutes/2022/2022-10-31/2022-11-02_planning-commission-meeting.md,3,2022-11-02,PlanningCommission,Plat/Subdivision,Land-Use,Subdivision-Plat,final-action,pass,4,0,,roll-call,4:0 Approved (Final Action),crosswalk,high
planning_commission/minutes/2022/2022-10-31/2022-11-02_planning-commission-meeting.md,4,2022-11-02,PlanningCommission,Plat/Subdivision,Land-Use,Subdivision-Plat,final-action,pass,4,0,,roll-call,4:0 Approved (Final Action),crosswalk,high
planning_commission/minutes/2022/2022-10-31/2022-11-02_planning-commission-meeting.md,5,2022-11-02,PlanningCommission,Procedural/Administrative,Procedural-Administrative,,procedural,pass,4,0,,roll-call,4:0 Pass,crosswalk,high
planning_commission/minutes/2022/2022-10-31/2022-11-02_planning-commission-meeting.md,6,2022-11-02,PlanningCommission,Procedural/Administrative,Procedural-Administrative,,procedural,pass,4,0,,roll-call,4:0 Pass,crosswalk,high
planning_commission/minutes/2022/2022-12-05/2022-12-07_planning-commission-meeting.md,1,2022-12-07,PlanningCommission,Plat/Subdivision,Land-Use,Subdivision-Plat,final-action,pass,4,0,,roll-call,4:0 Approved (Final Action),crosswalk,high
planning_commission/minutes/2022/2022-12-05/2022-12-07_planning-commission-meeting.md,2,2022-12-07,PlanningCommission,Site Plan,Land-Use,Site-Plan-Design-Review,final-action,pass,4,0,,roll-call,4:0 Approved (Final Action),crosswalk,high
planning_commission/minutes/2022/2022-12-05/2022-12-07_planning-commission-meeting.md,3,2022-12-07,PlanningCommission,Other,Contract-Purchase,,recommendation,pass,4,0,,roll-call,Positive recommendation 4:0,rule:contract-weak,medium
planning_commission/minutes/2022/2022-12-05/2022-12-07_planning-commission-meeting.md,4,2022-12-07,PlanningCommission,General Plan,Land-Use,General-Plan-Amendment,recommendation,pass,4,0,,roll-call,Positive recommendation 4:0,crosswalk,high
planning_commission/minutes/2022/2022-12-05/2022-12-07_planning-commission-meeting.md,5,2022-12-07,PlanningCommission,General Plan,Land-Use,General-Plan-Amendment,final-action,pass,4,0,,roll-call,4:0 Approved (Final Action),crosswalk,high
planning_commission/minutes/2022/2022-12-05/2022-12-07_planning-commission-meeting.md,6,2022-12-07,PlanningCommission,Procedural/Administrative,Procedural-Administrative,,procedural,pass,4,0,,roll-call,4:0 Pass,crosswalk,high
planning_commission/minutes/2022/2022-12-05/2022-12-07_planning-commission-meeting.md,7,2022-12-07,PlanningCommission,Procedural/Administrative,Procedural-Administrative,,procedural,pass,4,0,,roll-call,4:0 Pass,crosswalk,high
planning_commission/minutes/2023/2023-01-16/2023-01-18_planning-commission-meeting.md,1,2023-01-18,PlanningCommission,Plat/Subdivision,Land-Use,Subdivision-Plat,final-action,pass,7,0,,roll-call,7:0 Approved (Final Action),crosswalk,high
planning_commission/minutes/2023/2023-01-16/2023-01-18_planning-commission-meeting.md,2,2023-01-18,PlanningCommission,Plat/Subdivision,Land-Use,Subdivision-Plat,final-action,pass,7,0,,roll-call,7:0 Approved (Final Action),crosswalk,high
planning_commission/minutes/2023/2023-01-16/2023-01-18_planning-commission-meeting.md,3,2023-01-18,PlanningCommission,Code/Ordinance Amendment,Land-Use,Text-Amendment,recommendation,pass,4,3,,roll-call,Positive recommendation 4:3,crosswalk,high
planning_commission/minutes/2023/2023-01-16/2023-01-18_planning-commission-meeting.md,4,2023-01-18,PlanningCommission,General Plan,Land-Use,General-Plan-Amendment,recommendation,pass,7,0,,roll-call,Positive recommendation 7:0,crosswalk,high
planning_commission/minutes/2023/2023-01-16/2023-01-18_planning-commission-meeting.md,5,2023-01-18,PlanningCommission,Procedural/Administrative,Procedural-Administrative,,procedural,pass,7,0,,roll-call,7:0 Pass,crosswalk,high
planning_commission/minutes/2023/2023-01-16/2023-01-18_planning-commission-meeting.md,6,2023-01-18,PlanningCommission,Procedural/Administrative,Procedural-Administrative,,procedural,pass,7,0,,roll-call,7:0 Pass,crosswalk,high
planning_commission/minutes/2023/2023-01-30/2023-02-01_planning-commission-meeting.md,1,2023-02-01,PlanningCommission,Conditional Use,Land-Use,Conditional-Use,recommendation,pass,7,0,,roll-call,Positive recommendation 7:0,crosswalk,high
planning_commission/minutes/2023/2023-01-30/2023-02-01_planning-commission-meeting.md,2,2023-02-01,PlanningCommission,Procedural/Administrative,Procedural-Administrative,,procedural,pass,7,0,,roll-call,7:0 Pass,crosswalk,high
planning_commission/minutes/2023/2023-01-30/2023-02-01_planning-commission-meeting.md,3,2023-02-01,PlanningCommission,Procedural/Administrative,Procedural-Administrative,,procedural,pass,7,0,,roll-call,7:0 Pass,crosswalk,high
planning_commission/minutes/2023/2023-02-13/2023-02-15_planning-commission-meeting.md,1,2023-02-15,PlanningCommission,Other,Other,,final-action,pass,5,0,,roll-call,5:0 Approved (Final Action),rule:no-signal,low
planning_commission/minutes/2023/2023-02-13/2023-02-15_planning-commission-meeting.md,2,2023-02-15,PlanningCommission,Conditional Use,Land-Use,Conditional-Use,recommendation,pass,4,1,,roll-call,Positive recommendation 4:1,crosswalk,high
planning_commission/minutes/2023/2023-02-13/2023-02-15_planning-commission-meeting.md,3,2023-02-15,PlanningCommission,Code/Ordinance Amendment,Land-Use,Text-Amendment,recommendation,pass,5,0,,roll-call,Positive recommendation 5:0,crosswalk,high
planning_commission/minutes/2023/2023-02-13/2023-02-15_planning-commission-meeting.md,4,2023-02-15,PlanningCommission,Procedural/Administrative,Procedural-Administrative,,procedural,pass,5,0,,roll-call,5:0 Approved (Final Action),crosswalk,high
planning_commission/minutes/2023/2023-02-13/2023-02-15_planning-commission-meeting.md,5,2023-02-15,PlanningCommission,Procedural/Administrative,Procedural-Administrative,,procedural,pass,5,0,,roll-call,5:0 Pass,crosswalk,high
planning_commission/minutes/2023/2023-02-27/2023-03-01_planning-commission-meeting.md,1,2023-03-01,PlanningCommission,Plat/Subdivision,Land-Use,Subdivision-Plat,final-action,pass,6,0,,roll-call,6:0 Approved (Final Action),crosswalk,high
planning_commission/minutes/2023/2023-02-27/2023-03-01_planning-commission-meeting.md,2,2023-03-01,PlanningCommission,Procedural/Administrative,Procedural-Administrative,,procedural,pass,6,0,,roll-call,6:0 Pass,crosswalk,high
planning_commission/minutes/2023/2023-02-27/2023-03-01_planning-commission-meeting.md,3,2023-03-01,PlanningCommission,Procedural/Administrative,Procedural-Administrative,,procedural,pass,6,0,,roll-call,6:0 Pass,crosswalk,high
planning_commission/minutes/2023/2023-03-13/2023-03-15_planning-commission-meeting.md,1,2023-03-15,PlanningCommission,Appointment,Appointment,,final-action,pass,5,0,,roll-call,5:0 Pass,crosswalk,high
planning_commission/minutes/2023/2023-03-13/2023-03-15_planning-commission-meeting.md,2,2023-03-15,PlanningCommission,Site Plan,Land-Use,Site-Plan-Design-Review,final-action,pass,5,0,,roll-call,5:0 Approved (Final Action),crosswalk,high
planning_commission/minutes/2023/2023-03-13/2023-03-15_planning-commission-meeting.md,3,2023-03-15,PlanningCommission,Procedural/Administrative,Land-Use,Rezone,procedural,pass,5,0,,roll-call,5:0 Pass,rule:lu-rezone,high
planning_commission/minutes/2023/2023-03-13/2023-03-15_planning-commission-meeting.md,5,2023-03-15,PlanningCommission,Procedural/Administrative,Procedural-Administrative,,procedural,pass,5,0,,roll-call,5:0 Pass,crosswalk,high
planning_commission/minutes/2023/2023-03-13/2023-03-15_planning-commission-meeting.md,6,2023-03-15,PlanningCommission,Procedural/Administrative,Procedural-Administrative,,procedural,pass,5,0,,roll-call,5:0 Pass,crosswalk,high
planning_commission/minutes/2023/2023-04-10/2023-04-12_planning-commission-meeting.md,1,2023-04-12,PlanningCommission,General Plan,Land-Use,General-Plan-Amendment,recommendation,pass,7,0,,roll-call,Positive recommendation 7:0,crosswalk,high
planning_commission/minutes/2023/2023-04-10/2023-04-12_planning-commission-meeting.md,2,2023-04-12,PlanningCommission,Procedural/Administrative,Procedural-Administrative,,procedural,pass,7,0,,roll-call,7:0 Pass,crosswalk,high
planning_commission/minutes/2023/2023-04-10/2023-04-12_planning-commission-meeting.md,3,2023-04-12,PlanningCommission,Procedural/Administrative,Procedural-Administrative,,procedural,pass,7,0,,roll-call,7:0 Pass,crosswalk,high
planning_commission/minutes/2023/2023-04-17/2023-04-19_planning-commission-meeting.md,1,2023-04-19,PlanningCommission,Plat/Subdivision,Land-Use,Subdivision-Plat,final-action,pass,5,1,,roll-call,5:1 Approved (Final Action),crosswalk,high
planning_commission/minutes/2023/2023-04-17/2023-04-19_planning-commission-meeting.md,2,2023-04-19,PlanningCommission,Plat/Subdivision,Land-Use,Subdivision-Plat,final-action,pass,6,0,,roll-call,6:0 Approved (Final Action),crosswalk,high
planning_commission/minutes/2023/2023-04-17/2023-04-19_planning-commission-meeting.md,3,2023-04-19,PlanningCommission,Conditional Use,Land-Use,Conditional-Use,recommendation,pass,6,0,,roll-call,Positive recommendation 6:0,crosswalk,high
planning_commission/minutes/2023/2023-04-17/2023-04-19_planning-commission-meeting.md,4,2023-04-19,PlanningCommission,Procedural/Administrative,Procedural-Administrative,,procedural,pass,6,0,,roll-call,6:0 Pass,crosswalk,high
planning_commission/minutes/2023/2023-04-17/2023-04-19_planning-commission-meeting.md,5,2023-04-19,PlanningCommission,Procedural/Administrative,Procedural-Administrative,,procedural,pass,6,0,,roll-call,6:0 Pass,crosswalk,high
planning_commission/minutes/2023/2023-05-01/2023-05-03_planning-commission-meeting.md,1,2023-05-03,PlanningCommission,Code/Ordinance Amendment,Land-Use,Text-Amendment,recommendation,pass,6,0,,roll-call,Positive recommendation 6:0,crosswalk,high
planning_commission/minutes/2023/2023-05-01/2023-05-03_planning-commission-meeting.md,2,2023-05-03,PlanningCommission,Procedural/Administrative,Procedural-Administrative,,procedural,pass,6,0,,roll-call,6:0 Pass,crosswalk,high
planning_commission/minutes/2023/2023-05-01/2023-05-03_planning-commission-meeting.md,3,2023-05-03,PlanningCommission,Procedural/Administrative,Procedural-Administrative,,procedural,pass,6,0,,roll-call,6:0 Pass,crosswalk,high
planning_commission/minutes/2023/2023-05-15/2023-05-17_planning-commission-meeting.md,1,2023-05-17,PlanningCommission,Procedural/Administrative,Procedural-Administrative,,procedural,pass,6,0,,roll-call,6:0 Pass,crosswalk,high
planning_commission/minutes/2023/2023-05-15/2023-05-17_planning-commission-meeting.md,2,2023-05-17,PlanningCommission,Site Plan,Land-Use,Site-Plan-Design-Review,final-action,pass,6,0,,roll-call,6:0 Approved (Final Action),crosswalk,high
planning_commission/minutes/2023/2023-05-15/2023-05-17_planning-commission-meeting.md,3,2023-05-17,PlanningCommission,Plat/Subdivision,Land-Use,Subdivision-Plat,final-action,pass,6,0,,roll-call,6:0 Approved (Final Action),crosswalk,high
planning_commission/minutes/2023/2023-05-15/2023-05-17_planning-commission-meeting.md,4,2023-05-17,PlanningCommission,Procedural/Administrative,Public-Hearing,,procedural,pass,6,0,,roll-call,6:0 Pass,rule:ph-openclose,high
planning_commission/minutes/2023/2023-05-15/2023-05-17_planning-commission-meeting.md,5,2023-05-17,PlanningCommission,Procedural/Administrative,Procedural-Administrative,,procedural,pass,6,0,,roll-call,6:0 Pass,crosswalk,high
planning_commission/minutes/2023/2023-05-15/2023-05-17_planning-commission-meeting.md,6,2023-05-17,PlanningCommission,Procedural/Administrative,Procedural-Administrative,,procedural,pass,6,0,,roll-call,6:0 Pass,crosswalk,high
planning_commission/minutes/2023/2023-06-05/2023-06-07_planning-commission-meeting.md,1,2023-06-07,PlanningCommission,Rezone,Land-Use,Rezone,recommendation,pass,7,0,,roll-call,Positive recommendation 7:0,crosswalk,high
planning_commission/minutes/2023/2023-06-05/2023-06-07_planning-commission-meeting.md,2,2023-06-07,PlanningCommission,Site Plan,Land-Use,Site-Plan-Design-Review,final-action,pass,7,0,,roll-call,7:0 Approved (Final Action),crosswalk,high
planning_commission/minutes/2023/2023-06-05/2023-06-07_planning-commission-meeting.md,3,2023-06-07,PlanningCommission,Procedural/Administrative,Procedural-Administrative,,procedural,pass,7,0,,roll-call,7:0 Pass,crosswalk,high
planning_commission/minutes/2023/2023-06-05/2023-06-07_planning-commission-meeting.md,4,2023-06-07,PlanningCommission,Procedural/Administrative,Procedural-Administrative,,procedural,pass,7,0,,roll-call,7:0 Pass,crosswalk,high
planning_commission/minutes/2023/2023-06-19/2023-06-21_planning-commission-meeting.md,1,2023-06-21,PlanningCommission,Plat/Subdivision,Land-Use,Subdivision-Plat,final-action,pass,4,0,,roll-call,4:0 Approved (Final Action),crosswalk,high
planning_commission/minutes/2023/2023-06-19/2023-06-21_planning-commission-meeting.md,2,2023-06-21,PlanningCommission,Plat/Subdivision,Land-Use,Subdivision-Plat,final-action,pass,4,0,,roll-call,4:0 Approved (Final Action),crosswalk,high
planning_commission/minutes/2023/2023-06-19/2023-06-21_planning-commission-meeting.md,3,2023-06-21,PlanningCommission,Other,Land-Use,Development-Agreement,recommendation,pass,4,0,,roll-call,Negative recommendation 4:0,rule:lu-devagr,high
planning_commission/minutes/2023/2023-06-19/2023-06-21_planning-commission-meeting.md,4,2023-06-21,PlanningCommission,Procedural/Administrative,Procedural-Administrative,,procedural,pass,4,0,,roll-call,4:0 Pass,crosswalk,high
planning_commission/minutes/2023/2023-06-19/2023-06-21_planning-commission-meeting.md,5,2023-06-21,PlanningCommission,Procedural/Administrative,Procedural-Administrative,,procedural,pass,4,0,,roll-call,4:0 Pass,crosswalk,high
planning_commission/minutes/2023/2023-07-17/2023-07-19_planning-commission-meeting.md,1,2023-07-19,PlanningCommission,Site Plan,Land-Use,Site-Plan-Design-Review,final-action,pass,5,0,,roll-call,5:0 Approved (Final Action),crosswalk,high
planning_commission/minutes/2023/2023-07-17/2023-07-19_planning-commission-meeting.md,2,2023-07-19,PlanningCommission,Rezone,Land-Use,Rezone,recommendation,pass,5,0,,roll-call,Positive recommendation 5:0,crosswalk,high
planning_commission/minutes/2023/2023-07-17/2023-07-19_planning-commission-meeting.md,3,2023-07-19,PlanningCommission,Rezone,Land-Use,Rezone,recommendation,pass,3,2,,roll-call,Positive recommendation 3:2 (forwarded neutral — four-concurring-votes rule),crosswalk,high
planning_commission/minutes/2023/2023-07-17/2023-07-19_planning-commission-meeting.md,4,2023-07-19,PlanningCommission,Procedural/Administrative,Procedural-Administrative,,procedural,pass,5,0,,roll-call,5:0 Pass,crosswalk,high
planning_commission/minutes/2023/2023-07-17/2023-07-19_planning-commission-meeting.md,5,2023-07-19,PlanningCommission,Procedural/Administrative,Procedural-Administrative,,procedural,pass,5,0,,roll-call,5:0 Pass,crosswalk,high
planning_commission/minutes/2023/2023-07-31/2023-08-02_planning-commission-meeting.md,1,2023-08-02,PlanningCommission,Plat/Subdivision,Land-Use,Subdivision-Plat,final-action,pass,6,0,,roll-call,6:0 Approved (Final Action),crosswalk,high
planning_commission/minutes/2023/2023-07-31/2023-08-02_planning-commission-meeting.md,2,2023-08-02,PlanningCommission,Procedural/Administrative,Procedural-Administrative,,procedural,pass,5,0,,roll-call,5:0 Pass,crosswalk,high
planning_commission/minutes/2023/2023-07-31/2023-08-02_planning-commission-meeting.md,3,2023-08-02,PlanningCommission,Procedural/Administrative,Procedural-Administrative,,procedural,pass,6,0,,roll-call,6:0 Pass,crosswalk,high
planning_commission/minutes/2023/2023-09-04/2023-09-06_planning-commission-meeting.md,1,2023-09-06,PlanningCommission,Plat/Subdivision,Land-Use,Subdivision-Plat,final-action,pass,7,0,,roll-call,7:0 Approved (Final Action),crosswalk,high
planning_commission/minutes/2023/2023-09-04/2023-09-06_planning-commission-meeting.md,2,2023-09-06,PlanningCommission,Site Plan,Land-Use,Site-Plan-Design-Review,final-action,pass,7,0,,roll-call,7:0 Approved (Final Action),crosswalk,high
planning_commission/minutes/2023/2023-09-04/2023-09-06_planning-commission-meeting.md,3,2023-09-06,PlanningCommission,Rezone,Land-Use,Rezone,recommendation,pass,7,0,,roll-call,Positive recommendation 7:0,crosswalk,high
planning_commission/minutes/2023/2023-09-04/2023-09-06_planning-commission-meeting.md,4,2023-09-06,PlanningCommission,General Plan,Land-Use,General-Plan-Amendment,recommendation,pass,7,0,,roll-call,Positive recommendation 7:0,crosswalk,high
planning_commission/minutes/2023/2023-09-04/2023-09-06_planning-commission-meeting.md,5,2023-09-06,PlanningCommission,Procedural/Administrative,Procedural-Administrative,,procedural,pass,7,0,,roll-call,7:0 Pass,crosswalk,high
planning_commission/minutes/2023/2023-09-04/2023-09-06_planning-commission-meeting.md,6,2023-09-06,PlanningCommission,Procedural/Administrative,Procedural-Administrative,,procedural,pass,7,0,,roll-call,7:0 Pass,crosswalk,high
planning_commission/minutes/2023/2023-10-02/2023-10-04_planning-commission-meeting.md,1,2023-10-04,PlanningCommission,Plat/Subdivision,Land-Use,Subdivision-Plat,final-action,pass,6,0,,roll-call,6:0 Approved (Final Action),crosswalk,high
planning_commission/minutes/2023/2023-10-02/2023-10-04_planning-commission-meeting.md,2,2023-10-04,PlanningCommission,Plat/Subdivision,Land-Use,Subdivision-Plat,final-action,pass,5,0,,roll-call,5:0 Approved (Final Action),crosswalk,high
planning_commission/minutes/2023/2023-10-02/2023-10-04_planning-commission-meeting.md,3,2023-10-04,PlanningCommission,Site Plan,Land-Use,Site-Plan-Design-Review,final-action,pass,7,0,,roll-call,7:0 Approved (Final Action),crosswalk,high
planning_commission/minutes/2023/2023-10-02/2023-10-04_planning-commission-meeting.md,4,2023-10-04,PlanningCommission,Code/Ordinance Amendment,Land-Use,Text-Amendment,recommendation,pass,7,0,,roll-call,Positive recommendation 7:0,crosswalk,high
planning_commission/minutes/2023/2023-10-02/2023-10-04_planning-commission-meeting.md,5,2023-10-04,PlanningCommission,Procedural/Administrative,Procedural-Administrative,,procedural,pass,7,0,,roll-call,7:0 Pass,crosswalk,high
planning_commission/minutes/2023/2023-10-02/2023-10-04_planning-commission-meeting.md,6,2023-10-04,PlanningCommission,Procedural/Administrative,Procedural-Administrative,,procedural,pass,7,0,,roll-call,7:0 Pass,crosswalk,high
planning_commission/minutes/2023/2023-10-16/2023-10-18_planning-commission-meeting.md,1,2023-10-18,PlanningCommission,Plat/Subdivision,Land-Use,Subdivision-Plat,final-action,pass,7,0,,roll-call,7:0 Approved (Final Action),crosswalk,high
planning_commission/minutes/2023/2023-10-16/2023-10-18_planning-commission-meeting.md,2,2023-10-18,PlanningCommission,Plat/Subdivision,Land-Use,Subdivision-Plat,final-action,pass,7,0,,roll-call,7:0 Approved (Final Action),crosswalk,high
planning_commission/minutes/2023/2023-10-16/2023-10-18_planning-commission-meeting.md,3,2023-10-18,PlanningCommission,Procedural/Administrative,Land-Use,Rezone,procedural,pass,7,0,,roll-call,7:0 Pass,rule:lu-rezone,high
planning_commission/minutes/2023/2023-10-16/2023-10-18_planning-commission-meeting.md,4,2023-10-18,PlanningCommission,Procedural/Administrative,Procedural-Administrative,,procedural,pass,7,0,,roll-call,7:0 Pass,crosswalk,high
planning_commission/minutes/2023/2023-10-16/2023-10-18_planning-commission-meeting.md,5,2023-10-18,PlanningCommission,Procedural/Administrative,Procedural-Administrative,,procedural,pass,7,0,,roll-call,7:0 Pass,crosswalk,high
planning_commission/minutes/2023/2023-10-30/2023-11-01_planning-commission-meeting.md,1,2023-11-01,PlanningCommission,Site Plan,Land-Use,Site-Plan-Design-Review,final-action,pass,7,0,,roll-call,7:0 Approved (Final Action),crosswalk,high
planning_commission/minutes/2023/2023-10-30/2023-11-01_planning-commission-meeting.md,2,2023-11-01,PlanningCommission,Plat/Subdivision,Land-Use,Subdivision-Plat,final-action,pass,7,0,,roll-call,7:0 Approved (Final Action),crosswalk,high
planning_commission/minutes/2023/2023-10-30/2023-11-01_planning-commission-meeting.md,3,2023-11-01,PlanningCommission,Procedural/Administrative,Procedural-Administrative,,procedural,pass,7,0,,roll-call,7:0 Pass,crosswalk,high
planning_commission/minutes/2023/2023-10-30/2023-11-01_planning-commission-meeting.md,4,2023-11-01,PlanningCommission,Procedural/Administrative,Procedural-Administrative,,procedural,pass,7,0,,roll-call,7:0 Pass,crosswalk,high
planning_commission/minutes/2023/2023-11-13/2023-11-15_planning-commission-meeting.md,1,2023-11-15,PlanningCommission,Plat/Subdivision,Land-Use,Subdivision-Plat,final-action,pass,7,0,,roll-call,7:0 Approved (Final Action),crosswalk,high
planning_commission/minutes/2023/2023-11-13/2023-11-15_planning-commission-meeting.md,3,2023-11-15,PlanningCommission,Other,Contract-Purchase,,recommendation,pass,6,0,,roll-call,Negative recommendation 6:0,rule:contract-weak,medium
planning_commission/minutes/2023/2023-11-13/2023-11-15_planning-commission-meeting.md,4,2023-11-15,PlanningCommission,Procedural/Administrative,Procedural-Administrative,,procedural,pass,7,0,,roll-call,7:0 Pass,crosswalk,high
planning_commission/minutes/2023/2023-11-13/2023-11-15_planning-commission-meeting.md,5,2023-11-15,PlanningCommission,Procedural/Administrative,Procedural-Administrative,,procedural,pass,7,0,,roll-call,7:0 Pass,crosswalk,high
planning_commission/minutes/2023/2023-12-04/2023-12-06_planning-commission-meeting.md,1,2023-12-06,PlanningCommission,Plat/Subdivision,Land-Use,Subdivision-Plat,final-action,pass,5,0,,roll-call,5:0 Approved (Final Action),crosswalk,high
planning_commission/minutes/2023/2023-12-04/2023-12-06_planning-commission-meeting.md,2,2023-12-06,PlanningCommission,Plat/Subdivision,Land-Use,Subdivision-Plat,final-action,pass,5,0,,roll-call,5:0 Approved (Final Action),crosswalk,high
planning_commission/minutes/2023/2023-12-04/2023-12-06_planning-commission-meeting.md,3,2023-12-06,PlanningCommission,Plat/Subdivision,Land-Use,Subdivision-Plat,final-action,pass,5,0,,roll-call,5:0 Approved (Final Action),crosswalk,high
planning_commission/minutes/2023/2023-12-04/2023-12-06_planning-commission-meeting.md,4,2023-12-06,PlanningCommission,Site Plan,Land-Use,Site-Plan-Design-Review,final-action,pass,5,0,,roll-call,5:0 Approved (Final Action),crosswalk,high
planning_commission/minutes/2023/2023-12-04/2023-12-06_planning-commission-meeting.md,5,2023-12-06,PlanningCommission,Site Plan,Land-Use,Site-Plan-Design-Review,final-action,pass,5,0,,roll-call,5:0 Approved (Final Action),crosswalk,high
planning_commission/minutes/2023/2023-12-04/2023-12-06_planning-commission-meeting.md,6,2023-12-06,PlanningCommission,Site Plan,Land-Use,Site-Plan-Design-Review,final-action,pass,5,0,,roll-call,5:0 Approved (Final Action),crosswalk,high
planning_commission/minutes/2023/2023-12-04/2023-12-06_planning-commission-meeting.md,7,2023-12-06,PlanningCommission,Rezone,Land-Use,Rezone,recommendation,pass,5,0,,roll-call,Positive recommendation 5:0,crosswalk,high
planning_commission/minutes/2023/2023-12-04/2023-12-06_planning-commission-meeting.md,10,2023-12-06,PlanningCommission,Other,Land-Use,General-Plan-Amendment,recommendation,fail,2,2,,roll-call,Positive recommendation 2:2 (Failed),rule:lu-gpa,high
planning_commission/minutes/2023/2023-12-04/2023-12-06_planning-commission-meeting.md,11,2023-12-06,PlanningCommission,Procedural/Administrative,Procedural-Administrative,,procedural,pass,5,0,,roll-call,5:0 Pass,crosswalk,high
planning_commission/minutes/2023/2023-12-04/2023-12-06_planning-commission-meeting.md,12,2023-12-06,PlanningCommission,Procedural/Administrative,Procedural-Administrative,,procedural,pass,5,0,,roll-call,5:0 Pass,crosswalk,high
planning_commission/minutes/2023/2023-12-04/2023-12-06_planning-commission-meeting.md,13,2023-12-06,PlanningCommission,Rezone,Land-Use,Rezone,final-action,pass,5,0,,roll-call,5:0 Approved (Final Action),crosswalk,high
planning_commission/minutes/2023/2023-12-04/2023-12-06_planning-commission-meeting.md,14,2023-12-06,PlanningCommission,Procedural/Administrative,Procedural-Administrative,,procedural,pass,5,0,,roll-call,5:0 Pass,crosswalk,high
planning_commission/minutes/2023/2023-12-04/2023-12-06_planning-commission-meeting.md,15,2023-12-06,PlanningCommission,Procedural/Administrative,Procedural-Administrative,,procedural,pass,5,0,,roll-call,5:0 Pass,crosswalk,high
planning_commission/minutes/2024/2024-01-15/2024-01-17_planning-commission-meeting.md,1,2024-01-17,PlanningCommission,Site Plan,Land-Use,Site-Plan-Design-Review,final-action,pass,6,0,,roll-call,6:0 Approved (Final Action),crosswalk,high
planning_commission/minutes/2024/2024-01-15/2024-01-17_planning-commission-meeting.md,2,2024-01-17,PlanningCommission,Rezone,Land-Use,Rezone,recommendation,pass,6,0,,roll-call,Positive recommendation 6:0,crosswalk,high
planning_commission/minutes/2024/2024-01-15/2024-01-17_planning-commission-meeting.md,3,2024-01-17,PlanningCommission,Plat/Subdivision,Land-Use,Subdivision-Plat,final-action,pass,6,0,,roll-call,6:0 Approved (Final Action),crosswalk,high
planning_commission/minutes/2024/2024-01-15/2024-01-17_planning-commission-meeting.md,4,2024-01-17,PlanningCommission,Conditional Use,Land-Use,Conditional-Use,recommendation,pass,6,0,,roll-call,Positive recommendation 6:0,crosswalk,high
planning_commission/minutes/2024/2024-01-15/2024-01-17_planning-commission-meeting.md,5,2024-01-17,PlanningCommission,Procedural/Administrative,Procedural-Administrative,,procedural,pass,6,0,,roll-call,6:0 Pass,crosswalk,high
planning_commission/minutes/2024/2024-01-15/2024-01-17_planning-commission-meeting.md,6,2024-01-17,PlanningCommission,Procedural/Administrative,Procedural-Administrative,,procedural,pass,6,0,,roll-call,6:0 Pass,crosswalk,high
planning_commission/minutes/2024/2024-02-05/2024-02-07_planning-commission-meeting.md,1,2024-02-07,PlanningCommission,Plat/Subdivision,Land-Use,Subdivision-Plat,final-action,pass,6,0,,roll-call,6:0 Approved (Final Action),crosswalk,high
planning_commission/minutes/2024/2024-02-05/2024-02-07_planning-commission-meeting.md,2,2024-02-07,PlanningCommission,Plat/Subdivision,Land-Use,Subdivision-Plat,final-action,pass,6,0,,roll-call,6:0 Approved (Final Action),crosswalk,high
planning_commission/minutes/2024/2024-02-05/2024-02-07_planning-commission-meeting.md,3,2024-02-07,PlanningCommission,Rezone,Land-Use,Rezone,recommendation,pass,6,0,,roll-call,Positive recommendation 6:0,crosswalk,high
planning_commission/minutes/2024/2024-02-05/2024-02-07_planning-commission-meeting.md,4,2024-02-07,PlanningCommission,Procedural/Administrative,Procedural-Administrative,,procedural,pass,6,0,,roll-call,6:0 Pass,crosswalk,high
planning_commission/minutes/2024/2024-02-05/2024-02-07_planning-commission-meeting.md,5,2024-02-07,PlanningCommission,Procedural/Administrative,Procedural-Administrative,,procedural,pass,6,0,,roll-call,6:0 Pass,crosswalk,high
planning_commission/minutes/2024/2024-02-19/2024-02-21_planning-commission-meeting.md,1,2024-02-21,PlanningCommission,Plat/Subdivision,Land-Use,Subdivision-Plat,final-action,pass,6,0,,roll-call,6:0 Approved (Final Action),crosswalk,high
planning_commission/minutes/2024/2024-02-19/2024-02-21_planning-commission-meeting.md,2,2024-02-21,PlanningCommission,Procedural/Administrative,Procedural-Administrative,,procedural,pass,6,0,,roll-call,6:0 Pass,crosswalk,high
planning_commission/minutes/2024/2024-02-19/2024-02-21_planning-commission-meeting.md,3,2024-02-21,PlanningCommission,Procedural/Administrative,Procedural-Administrative,,procedural,pass,6,0,,roll-call,6:0 Pass,crosswalk,high
planning_commission/minutes/2024/2024-03-04/2024-03-06_planning-commission-meeting.md,1,2024-03-06,PlanningCommission,Plat/Subdivision,Land-Use,Subdivision-Plat,final-action,pass,7,0,,roll-call,7:0 Approved (Final Action),crosswalk,high
planning_commission/minutes/2024/2024-03-04/2024-03-06_planning-commission-meeting.md,2,2024-03-06,PlanningCommission,Plat/Subdivision,Land-Use,Subdivision-Plat,final-action,pass,7,0,,roll-call,7:0 Approved (Final Action),crosswalk,high
planning_commission/minutes/2024/2024-03-04/2024-03-06_planning-commission-meeting.md,3,2024-03-06,PlanningCommission,Plat/Subdivision,Land-Use,Subdivision-Plat,final-action,pass,7,0,,roll-call,7:0 Approved (Final Action),crosswalk,high
planning_commission/minutes/2024/2024-03-04/2024-03-06_planning-commission-meeting.md,4,2024-03-06,PlanningCommission,Rezone,Land-Use,Rezone,recommendation,pass,5,0,,roll-call,Positive recommendation 5:0,crosswalk,high
planning_commission/minutes/2024/2024-03-04/2024-03-06_planning-commission-meeting.md,5,2024-03-06,PlanningCommission,Procedural/Administrative,Procedural-Administrative,,procedural,pass,7,0,,roll-call,7:0 Pass,crosswalk,high
planning_commission/minutes/2024/2024-03-04/2024-03-06_planning-commission-meeting.md,6,2024-03-06,PlanningCommission,Procedural/Administrative,Procedural-Administrative,,procedural,pass,7,0,,roll-call,7:0 Pass,crosswalk,high
planning_commission/minutes/2024/2024-04-15/2024-04-17_planning-commission-meeting.md,1,2024-04-17,PlanningCommission,Plat/Subdivision,Land-Use,Subdivision-Plat,final-action,pass,6,0,,roll-call,6:0 Approved (Final Action),crosswalk,high
planning_commission/minutes/2024/2024-04-15/2024-04-17_planning-commission-meeting.md,2,2024-04-17,PlanningCommission,Site Plan,Land-Use,Site-Plan-Design-Review,final-action,pass,6,0,,roll-call,6:0 Approved (Final Action),crosswalk,high
planning_commission/minutes/2024/2024-04-15/2024-04-17_planning-commission-meeting.md,3,2024-04-17,PlanningCommission,Site Plan,Land-Use,Site-Plan-Design-Review,final-action,pass,6,0,,roll-call,6:0 Approved (Final Action),crosswalk,high
planning_commission/minutes/2024/2024-04-15/2024-04-17_planning-commission-meeting.md,4,2024-04-17,PlanningCommission,Rezone,Land-Use,Rezone,recommendation,fail,3,3,,roll-call,Negative recommendation 3:3 (forwarded neutral — four-concurring-votes rule),crosswalk,high
planning_commission/minutes/2024/2024-04-15/2024-04-17_planning-commission-meeting.md,5,2024-04-17,PlanningCommission,Procedural/Administrative,Procedural-Administrative,,procedural,pass,5,0,,roll-call,5:0 Pass,crosswalk,high
planning_commission/minutes/2024/2024-04-15/2024-04-17_planning-commission-meeting.md,6,2024-04-17,PlanningCommission,Procedural/Administrative,Procedural-Administrative,,procedural,pass,6,0,,roll-call,6:0 Pass,crosswalk,high
planning_commission/minutes/2024/2024-04-29/2024-05-01_planning-commission-meeting.md,1,2024-05-01,PlanningCommission,Plat/Subdivision,Land-Use,Subdivision-Plat,final-action,pass,6,0,,roll-call,6:0 Approved (Final Action),crosswalk,high
planning_commission/minutes/2024/2024-04-29/2024-05-01_planning-commission-meeting.md,2,2024-05-01,PlanningCommission,Plat/Subdivision,Land-Use,Subdivision-Plat,final-action,pass,6,0,,roll-call,6:0 Approved (Final Action),crosswalk,high
planning_commission/minutes/2024/2024-04-29/2024-05-01_planning-commission-meeting.md,3,2024-05-01,PlanningCommission,Procedural/Administrative,Procedural-Administrative,,procedural,pass,6,0,,roll-call,6:0 Pass,crosswalk,high
planning_commission/minutes/2024/2024-04-29/2024-05-01_planning-commission-meeting.md,4,2024-05-01,PlanningCommission,Procedural/Administrative,Procedural-Administrative,,procedural,pass,6,0,,roll-call,6:0 Pass,crosswalk,high
planning_commission/minutes/2024/2024-05-13/2024-05-15_planning-commission-meeting.md,1,2024-05-15,PlanningCommission,Plat/Subdivision,Land-Use,Subdivision-Plat,final-action,pass,5,0,,roll-call,5:0 Approved (Final Action),crosswalk,high
planning_commission/minutes/2024/2024-05-13/2024-05-15_planning-commission-meeting.md,2,2024-05-15,PlanningCommission,Plat/Subdivision,Land-Use,Subdivision-Plat,final-action,pass,5,0,,roll-call,5:0 Approved (Final Action),crosswalk,high
planning_commission/minutes/2024/2024-05-13/2024-05-15_planning-commission-meeting.md,3,2024-05-15,PlanningCommission,Plat/Subdivision,Land-Use,Subdivision-Plat,final-action,pass,5,0,,roll-call,5:0 Approved (Final Action),crosswalk,high
planning_commission/minutes/2024/2024-05-13/2024-05-15_planning-commission-meeting.md,4,2024-05-15,PlanningCommission,Plat/Subdivision,Land-Use,Subdivision-Plat,final-action,pass,5,0,,roll-call,5:0 Approved (Final Action),crosswalk,high
planning_commission/minutes/2024/2024-05-13/2024-05-15_planning-commission-meeting.md,5,2024-05-15,PlanningCommission,Procedural/Administrative,Procedural-Administrative,,procedural,pass,5,0,,roll-call,5:0 Pass,crosswalk,high
planning_commission/minutes/2024/2024-05-13/2024-05-15_planning-commission-meeting.md,6,2024-05-15,PlanningCommission,Procedural/Administrative,Procedural-Administrative,,procedural,pass,5,0,,roll-call,5:0 Pass,crosswalk,high
planning_commission/minutes/2024/2024-06-03/2024-06-05_planning-commission-meeting.md,1,2024-06-05,PlanningCommission,Plat/Subdivision,Land-Use,Subdivision-Plat,final-action,pass,5,0,,roll-call,5:0 Approved (Final Action),crosswalk,high
planning_commission/minutes/2024/2024-06-03/2024-06-05_planning-commission-meeting.md,2,2024-06-05,PlanningCommission,Plat/Subdivision,Land-Use,Subdivision-Plat,final-action,pass,5,0,,roll-call,5:0 Approved (Final Action),crosswalk,high
planning_commission/minutes/2024/2024-06-03/2024-06-05_planning-commission-meeting.md,3,2024-06-05,PlanningCommission,Procedural/Administrative,Procedural-Administrative,,procedural,pass,5,0,,roll-call,5:0 Pass,crosswalk,high
planning_commission/minutes/2024/2024-06-03/2024-06-05_planning-commission-meeting.md,4,2024-06-05,PlanningCommission,Procedural/Administrative,Procedural-Administrative,,procedural,pass,5,0,,roll-call,5:0 Pass,crosswalk,high
planning_commission/minutes/2024/2024-07-15/2024-07-17_planning-commission-meeting.md,2,2024-07-17,PlanningCommission,Procedural/Administrative,Procedural-Administrative,,procedural,pass,2,0,,roll-call,2:0 Pass,crosswalk,high
planning_commission/minutes/2024/2024-07-15/2024-07-17_planning-commission-meeting.md,3,2024-07-17,PlanningCommission,Procedural/Administrative,Procedural-Administrative,,procedural,pass,4,0,,roll-call,4:0 Pass,crosswalk,high
planning_commission/minutes/2024/2024-07-15/2024-07-17_planning-commission-meeting.md,4,2024-07-17,PlanningCommission,Procedural/Administrative,Procedural-Administrative,,procedural,pass,4,0,,roll-call,4:0 Pass,crosswalk,high
planning_commission/minutes/2024/2024-08-05/2024-08-07_planning-commission-meeting.md,1,2024-08-07,PlanningCommission,Plat/Subdivision,Land-Use,Subdivision-Plat,final-action,pass,7,0,,roll-call,7:0 Approved (Final Action),crosswalk,high
planning_commission/minutes/2024/2024-08-05/2024-08-07_planning-commission-meeting.md,2,2024-08-07,PlanningCommission,Plat/Subdivision,Land-Use,Subdivision-Plat,final-action,pass,7,0,,roll-call,7:0 Approved (Final Action),crosswalk,high
planning_commission/minutes/2024/2024-08-05/2024-08-07_planning-commission-meeting.md,3,2024-08-07,PlanningCommission,Site Plan,Land-Use,Site-Plan-Design-Review,final-action,pass,7,0,,roll-call,7:0 Approved (Final Action),crosswalk,high
planning_commission/minutes/2024/2024-08-05/2024-08-07_planning-commission-meeting.md,4,2024-08-07,PlanningCommission,Site Plan,Land-Use,Site-Plan-Design-Review,final-action,pass,7,0,,roll-call,7:0 Approved (Final Action),crosswalk,high
planning_commission/minutes/2024/2024-08-05/2024-08-07_planning-commission-meeting.md,5,2024-08-07,PlanningCommission,Site Plan,Land-Use,Site-Plan-Design-Review,final-action,pass,5,0,,roll-call,5:0 Approved (Final Action),crosswalk,high
planning_commission/minutes/2024/2024-08-05/2024-08-07_planning-commission-meeting.md,6,2024-08-07,PlanningCommission,Procedural/Administrative,Procedural-Administrative,,procedural,fail,1,6,,roll-call,1:6 Fail,crosswalk,high
planning_commission/minutes/2024/2024-08-05/2024-08-07_planning-commission-meeting.md,7,2024-08-07,PlanningCommission,Rezone,Land-Use,Rezone,recommendation,pass,7,0,,roll-call,Negative recommendation 7:0,crosswalk,high
planning_commission/minutes/2024/2024-08-05/2024-08-07_planning-commission-meeting.md,8,2024-08-07,PlanningCommission,Rezone,Land-Use,Rezone,recommendation,pass,7,0,,roll-call,Negative recommendation 7:0,crosswalk,high
planning_commission/minutes/2024/2024-08-05/2024-08-07_planning-commission-meeting.md,9,2024-08-07,PlanningCommission,Procedural/Administrative,Procedural-Administrative,,procedural,pass,7,0,,roll-call,7:0 Pass,crosswalk,high
planning_commission/minutes/2024/2024-08-05/2024-08-07_planning-commission-meeting.md,10,2024-08-07,PlanningCommission,Procedural/Administrative,Procedural-Administrative,,procedural,pass,7,0,,roll-call,7:0 Pass,crosswalk,high
planning_commission/minutes/2024/2024-08-19/2024-08-21_planning-commission-meeting.md,1,2024-08-21,PlanningCommission,Plat/Subdivision,Land-Use,Subdivision-Plat,final-action,pass,6,0,,roll-call,6:0 Approved (Final Action),crosswalk,high
planning_commission/minutes/2024/2024-08-19/2024-08-21_planning-commission-meeting.md,2,2024-08-21,PlanningCommission,Plat/Subdivision,Land-Use,Subdivision-Plat,final-action,pass,6,0,,roll-call,6:0 Approved (Final Action),crosswalk,high
planning_commission/minutes/2024/2024-08-19/2024-08-21_planning-commission-meeting.md,3,2024-08-21,PlanningCommission,Plat/Subdivision,Land-Use,Subdivision-Plat,final-action,pass,6,0,,roll-call,6:0 Approved (Final Action),crosswalk,high
planning_commission/minutes/2024/2024-08-19/2024-08-21_planning-commission-meeting.md,4,2024-08-21,PlanningCommission,Procedural/Administrative,Procedural-Administrative,,procedural,pass,6,0,,roll-call,6:0 Pass,crosswalk,high
planning_commission/minutes/2024/2024-08-19/2024-08-21_planning-commission-meeting.md,5,2024-08-21,PlanningCommission,Procedural/Administrative,Procedural-Administrative,,procedural,pass,6,0,,roll-call,6:0 Pass,crosswalk,high
planning_commission/minutes/2024/2024-09-02/2024-09-04_planning-commission-meeting.md,1,2024-09-04,PlanningCommission,Plat/Subdivision,Land-Use,Subdivision-Plat,final-action,pass,6,0,,roll-call,6:0 Approved (Final Action),crosswalk,high
planning_commission/minutes/2024/2024-09-02/2024-09-04_planning-commission-meeting.md,2,2024-09-04,PlanningCommission,Plat/Subdivision,Land-Use,Subdivision-Plat,final-action,pass,6,0,,roll-call,6:0 Approved (Final Action),crosswalk,high
planning_commission/minutes/2024/2024-09-02/2024-09-04_planning-commission-meeting.md,3,2024-09-04,PlanningCommission,Plat/Subdivision,Land-Use,Subdivision-Plat,final-action,pass,6,0,,roll-call,6:0 Approved (Final Action),crosswalk,high
planning_commission/minutes/2024/2024-09-02/2024-09-04_planning-commission-meeting.md,5,2024-09-04,PlanningCommission,Procedural/Administrative,Procedural-Administrative,,procedural,pass,6,0,,roll-call,6:0 Pass,crosswalk,high
planning_commission/minutes/2024/2024-09-02/2024-09-04_planning-commission-meeting.md,6,2024-09-04,PlanningCommission,Procedural/Administrative,Procedural-Administrative,,procedural,pass,6,0,,roll-call,6:0 Pass,crosswalk,high
planning_commission/minutes/2024/2024-09-16/2024-09-18_planning-commission-meeting.md,1,2024-09-18,PlanningCommission,Site Plan,Land-Use,Site-Plan-Design-Review,final-action,pass,7,0,,roll-call,7:0 Approved (Final Action),crosswalk,high
planning_commission/minutes/2024/2024-09-16/2024-09-18_planning-commission-meeting.md,2,2024-09-18,PlanningCommission,Site Plan,Land-Use,Site-Plan-Design-Review,final-action,pass,7,0,,roll-call,7:0 Approved (Final Action),crosswalk,high
planning_commission/minutes/2024/2024-09-16/2024-09-18_planning-commission-meeting.md,3,2024-09-18,PlanningCommission,Plat/Subdivision,Land-Use,Subdivision-Plat,final-action,pass,7,0,,roll-call,7:0 Approved (Final Action),crosswalk,high
planning_commission/minutes/2024/2024-09-16/2024-09-18_planning-commission-meeting.md,4,2024-09-18,PlanningCommission,Procedural/Administrative,Procedural-Administrative,,procedural,pass,7,0,,roll-call,7:0 Pass,crosswalk,high
planning_commission/minutes/2024/2024-09-16/2024-09-18_planning-commission-meeting.md,5,2024-09-18,PlanningCommission,Procedural/Administrative,Procedural-Administrative,,procedural,pass,7,0,,roll-call,7:0 Pass,crosswalk,high
planning_commission/minutes/2024/2024-10-14/2024-10-16_planning-commission-meeting.md,1,2024-10-16,PlanningCommission,Procedural/Administrative,Procedural-Administrative,,procedural,pass,5,0,,roll-call,5:0 Pass,crosswalk,high
planning_commission/minutes/2024/2024-10-14/2024-10-16_planning-commission-meeting.md,2,2024-10-16,PlanningCommission,Site Plan,Land-Use,Site-Plan-Design-Review,final-action,pass,5,0,,roll-call,5:0 Approved (Final Action),crosswalk,high
planning_commission/minutes/2024/2024-10-14/2024-10-16_planning-commission-meeting.md,3,2024-10-16,PlanningCommission,Procedural/Administrative,Procedural-Administrative,,procedural,pass,5,0,,roll-call,5:0 Pass,crosswalk,high
planning_commission/minutes/2024/2024-10-14/2024-10-16_planning-commission-meeting.md,4,2024-10-16,PlanningCommission,Procedural/Administrative,Procedural-Administrative,,procedural,pass,5,0,,roll-call,5:0 Pass,crosswalk,high
planning_commission/minutes/2024/2024-11-04/2024-11-06_planning-commission-meeting.md,1,2024-11-06,PlanningCommission,Plat/Subdivision,Land-Use,Subdivision-Plat,recommendation,pass,4,0,,roll-call,Positive recommendation 4:0,crosswalk,high
planning_commission/minutes/2024/2024-11-04/2024-11-06_planning-commission-meeting.md,2,2024-11-06,PlanningCommission,Rezone,Land-Use,Rezone,recommendation,pass,3,0,,roll-call,Positive recommendation 3:0,crosswalk,high
planning_commission/minutes/2024/2024-11-04/2024-11-06_planning-commission-meeting.md,3,2024-11-06,PlanningCommission,Procedural/Administrative,Procedural-Administrative,,procedural,pass,3,0,,roll-call,3:0 Pass,crosswalk,high
planning_commission/minutes/2025/2025-01-13/2025-01-15_planning-commission-meeting.md,2,2025-01-15,PlanningCommission,Procedural/Administrative,Procedural-Administrative,,procedural,pass,6,0,,roll-call,6:0 Pass,crosswalk,high
planning_commission/minutes/2025/2025-02-17/2025-02-19_planning-commission-meeting.md,2,2025-02-19,PlanningCommission,Rezone,Land-Use,Rezone,recommendation,pass,3,0,,roll-call,Positive recommendation 3:0,crosswalk,high
planning_commission/minutes/2025/2025-02-17/2025-02-19_planning-commission-meeting.md,3,2025-02-19,PlanningCommission,Rezone,Land-Use,Rezone,final-action,pass,4,0,,roll-call,4:0 Approved (Final Action),crosswalk,high
planning_commission/minutes/2025/2025-02-17/2025-02-19_planning-commission-meeting.md,4,2025-02-19,PlanningCommission,Rezone,Land-Use,Rezone,recommendation,pass,3,0,,roll-call,Positive recommendation 3:0,crosswalk,high
planning_commission/minutes/2025/2025-03-03/2025-03-05_planning-commission-meeting.md,2,2025-03-05,PlanningCommission,Rezone,Land-Use,Rezone,recommendation,pass,5,2,,roll-call,Positive recommendation 5:2,crosswalk,high
planning_commission/minutes/2025/2025-03-17/2025-03-19_planning-commission-meeting.md,2,2025-03-19,PlanningCommission,Rezone,Land-Use,Rezone,recommendation,pass,5,0,,roll-call,Negative recommendation 5:0,crosswalk,high
planning_commission/minutes/2025/2025-08-04/2025-08-06_planning-commission-meeting.md,2,2025-08-06,PlanningCommission,Other,Other,,recommendation,pass,5,0,,roll-call,Negative recommendation 5:0,rule:no-signal,low
planning_commission/minutes/2025/2025-08-18/2025-08-20_planning-commission-meeting.md,2,2025-08-20,PlanningCommission,Other,Other,,final-action,pass,5,0,,roll-call,5:0 Approved (Final Action),rule:no-signal,low
planning_commission/minutes/2025/2025-08-18/2025-08-20_planning-commission-meeting.md,3,2025-08-20,PlanningCommission,Other,Other,,recommendation,pass,4,0,,roll-call,Positive recommendation 4:0,rule:no-signal,low
planning_commission/minutes/2025/2025-08-18/2025-08-20_planning-commission-meeting.md,4,2025-08-20,PlanningCommission,Plat/Subdivision,Land-Use,Subdivision-Plat,final-action,pass,5,0,,roll-call,5:0 Approved (Final Action),crosswalk,high
planning_commission/minutes/2025/2025-08-18/2025-08-20_planning-commission-meeting.md,5,2025-08-20,PlanningCommission,Site Plan,Land-Use,Site-Plan-Design-Review,final-action,pass,5,0,,roll-call,5:0 Approved (Final Action),crosswalk,high
planning_commission/minutes/2025/2025-12-01/2025-12-03_planning-commission-meeting.md,1,2025-12-03,PlanningCommission,Site Plan,Land-Use,Site-Plan-Design-Review,recommendation,pass,3,2,,roll-call,Positive recommendation 3:2 (forwarded neutral — four-concurring-votes rule),crosswalk,high
planning_commission/minutes/2025/2025-12-15/2025-12-17_planning-commission-meeting.md,1,2025-12-17,PlanningCommission,Plat/Subdivision,Land-Use,Subdivision-Plat,final-action,pass,4,0,,roll-call,4:0 Approved (Final Action),crosswalk,high
planning_commission/minutes/2025/2025-12-15/2025-12-17_planning-commission-meeting.md,2,2025-12-17,PlanningCommission,Plat/Subdivision,Land-Use,Subdivision-Plat,final-action,fail,3,1,,roll-call,"3:1 Denied (Final Action, motion failed)",crosswalk,high
planning_commission/minutes/2025/2025-12-15/2025-12-17_planning-commission-meeting.md,3,2025-12-17,PlanningCommission,Procedural/Administrative,Land-Use,Subdivision-Plat,final-action,fail,3,1,,roll-call,3:1 Fail,rule:lu-subdiv,high
planning_commission/minutes/2025/2025-12-15/2025-12-17_planning-commission-meeting.md,4,2025-12-17,PlanningCommission,Site Plan,Land-Use,Site-Plan-Design-Review,final-action,pass,4,0,,roll-call,4:0 Approved (Final Action),crosswalk,high
planning_commission/minutes/2026/2026-01-05/2026-01-07_planning-commission-meeting.md,1,2026-01-07,PlanningCommission,Procedural/Administrative,Procedural-Administrative,,procedural,pass,4,0,,roll-call,4:0 Pass,crosswalk,high
planning_commission/minutes/2026/2026-01-05/2026-01-07_planning-commission-meeting.md,2,2026-01-07,PlanningCommission,Appointment,Appointment,,final-action,pass,4,0,,roll-call,4:0 Pass,crosswalk,high
planning_commission/minutes/2026/2026-01-05/2026-01-07_planning-commission-meeting.md,3,2026-01-07,PlanningCommission,Procedural/Administrative,Land-Use,Subdivision-Plat,procedural,pass,4,0,,roll-call,4:0 Pass,rule:lu-subdiv,high
planning_commission/minutes/2026/2026-01-05/2026-01-07_planning-commission-meeting.md,4,2026-01-07,PlanningCommission,Rezone,Land-Use,Rezone,recommendation,pass,4,0,,roll-call,Positive recommendation 4:0,crosswalk,high
planning_commission/minutes/2026/2026-01-19/2026-01-21_planning-commission-meeting.md,1,2026-01-21,PlanningCommission,Procedural/Administrative,Procedural-Administrative,,procedural,pass,4,0,,roll-call,4:0 Pass,crosswalk,high
planning_commission/minutes/2026/2026-01-19/2026-01-21_planning-commission-meeting.md,2,2026-01-21,PlanningCommission,Procedural/Administrative,Land-Use,Subdivision-Plat,procedural,pass,4,0,,roll-call,4:0 Pass,rule:lu-subdiv,high
planning_commission/minutes/2026/2026-01-19/2026-01-21_planning-commission-meeting.md,3,2026-01-21,PlanningCommission,Code/Ordinance Amendment,Land-Use,Text-Amendment,recommendation,pass,4,0,,roll-call,Positive recommendation 4:0,crosswalk,high
planning_commission/minutes/2026/2026-01-19/2026-01-21_planning-commission-meeting.md,4,2026-01-21,PlanningCommission,Code/Ordinance Amendment,Land-Use,Text-Amendment,recommendation,pass,3,0,,roll-call,Positive recommendation 3:0 (forwarded neutral — four-concurring-votes rule),crosswalk,high
planning_commission/minutes/2026/2026-03-16/2026-03-18_planning-commission-meeting.md,1,2026-03-18,PlanningCommission,Procedural/Administrative,Procedural-Administrative,,procedural,pass,7,0,,roll-call,7:0 Pass,crosswalk,high
planning_commission/minutes/2026/2026-03-16/2026-03-18_planning-commission-meeting.md,2,2026-03-18,PlanningCommission,Plat/Subdivision,Land-Use,Subdivision-Plat,final-action,pass,7,0,,roll-call,7:0 Approved (Final Action),crosswalk,high
planning_commission/minutes/2026/2026-03-16/2026-03-18_planning-commission-meeting.md,3,2026-03-18,PlanningCommission,Plat/Subdivision,Land-Use,Subdivision-Plat,final-action,pass,7,0,,roll-call,7:0 Approved (Final Action),crosswalk,high
planning_commission/minutes/2026/2026-03-16/2026-03-18_planning-commission-meeting.md,4,2026-03-18,PlanningCommission,Procedural/Administrative,Procedural-Administrative,,procedural,pass,7,0,,roll-call,7:0 Pass,crosswalk,high
planning_commission/minutes/2026/2026-03-16/2026-03-18_planning-commission-meeting.md,5,2026-03-18,PlanningCommission,Rezone,Land-Use,Rezone,recommendation,pass,7,0,,roll-call,Positive recommendation 7:0,crosswalk,high
planning_commission/minutes/2026/2026-03-16/2026-03-18_planning-commission-meeting.md,6,2026-03-18,PlanningCommission,Code/Ordinance Amendment,Land-Use,Text-Amendment,recommendation,pass,7,0,,roll-call,Positive recommendation 7:0,crosswalk,high
planning_commission/minutes/2026/2026-03-16/2026-03-18_planning-commission-meeting.md,7,2026-03-18,PlanningCommission,Procedural/Administrative,Procedural-Administrative,,procedural,pass,7,0,,roll-call,7:0 Pass,crosswalk,high
planning_commission/minutes/2026/2026-03-30/2026-04-01_planning-commission-meeting.md,1,2026-04-01,PlanningCommission,Site Plan,Land-Use,Site-Plan-Design-Review,recommendation,pass,5,2,,roll-call,Positive recommendation 5:2,crosswalk,high
planning_commission/minutes/2026/2026-03-30/2026-04-01_planning-commission-meeting.md,2,2026-04-01,PlanningCommission,Procedural/Administrative,Procedural-Administrative,,procedural,pass,7,0,,roll-call,7:0 Pass,crosswalk,high
planning_commission/minutes/2026/2026-03-30/2026-04-01_planning-commission-meeting.md,3,2026-04-01,PlanningCommission,Code/Ordinance Amendment,Land-Use,Text-Amendment,recommendation,pass,7,0,,roll-call,Positive recommendation 7:0,crosswalk,high
planning_commission/minutes/2026/2026-04-13/2026-04-15_planning-commission-meeting.md,1,2026-04-15,PlanningCommission,Procedural/Administrative,Procedural-Administrative,,procedural,pass,6,0,,roll-call,6:0 Pass,crosswalk,high
planning_commission/minutes/2026/2026-04-13/2026-04-15_planning-commission-meeting.md,2,2026-04-15,PlanningCommission,Rezone,Land-Use,Rezone,recommendation,pass,6,0,,roll-call,Positive recommendation 6:0,crosswalk,high
planning_commission/minutes/2026/2026-05-04/2026-05-06_planning-commission-meeting.md,1,2026-05-06,PlanningCommission,Procedural/Administrative,Procedural-Administrative,,procedural,pass,7,0,,roll-call,7:0 Pass,crosswalk,high
planning_commission/minutes/2026/2026-05-04/2026-05-06_planning-commission-meeting.md,2,2026-05-06,PlanningCommission,Procedural/Administrative,Procedural-Administrative,,procedural,pass,7,0,,roll-call,7:0 Pass,crosswalk,high
planning_commission/minutes/2026/2026-05-04/2026-05-06_planning-commission-meeting.md,3,2026-05-06,PlanningCommission,Procedural/Administrative,Procedural-Administrative,,procedural,pass,4,3,,roll-call,4:3 Pass,crosswalk,high
planning_commission/minutes/2026/2026-05-04/2026-05-06_planning-commission-meeting.md,4,2026-05-06,PlanningCommission,Procedural/Administrative,Procedural-Administrative,,procedural,pass,6,1,,roll-call,6:1 Pass,crosswalk,high
planning_commission/minutes/2026/2026-05-04/2026-05-06_planning-commission-meeting.md,5,2026-05-06,PlanningCommission,Code/Ordinance Amendment,Land-Use,Text-Amendment,recommendation,pass,7,0,,roll-call,Positive recommendation 7:0,crosswalk,high
planning_commission/minutes/2026/2026-05-04/2026-05-06_planning-commission-meeting.md,6,2026-05-06,PlanningCommission,Code/Ordinance Amendment,Land-Use,Text-Amendment,recommendation,pass,7,0,,roll-call,Positive recommendation 7:0,crosswalk,high
planning_commission/minutes/2026/2026-05-04/2026-05-06_planning-commission-meeting.md,7,2026-05-06,PlanningCommission,Plat/Subdivision,Land-Use,Subdivision-Plat,recommendation,pass,7,0,,roll-call,Positive recommendation 7:0,crosswalk,high
