date,candidate,office,seat,election_year,filing_type,reporting_period,title,source_url,retrieved_date,format,extraction_method,path,source,document_id,sha256,filer_type,has_text,has_itemized
,Aaron D. Kennard,Sheriff,,,statement,2006 Interim Reports / Dissolution,Aaron D. Kennard (Sheriff) — Dissolution,https://slco.org/clerk/financialDisclosurePDF/candidate/akennard_dissolutionreport07.pdf,2026-08-01,scanned,tesseract OCR (pdftoppm 300dpi),raw/clerk_legacy/akennard_dissolutionreport07.pdf,clerk_legacy,,068db9881f8f305df1d6f4faab855f3285540e36fac9bcba464078abc5b21fb2,,no,no
,B. Kent Morgan,District Attorney,,,statement,2006 Interim Reports / Amendment to April,B. Kent Morgan (District Attorney) — Amendment to April,https://slco.org/clerk/financialDisclosurePDF/candidate/kmorgan_apr2406amend.pdf,2026-08-01,text,pdftotext -layout,raw/clerk_legacy/kmorgan_apr2406amend.pdf,clerk_legacy,,2301c710b3b85e46789116dd6778b4352dc4ddacd183fbf1d8dc4d805b520448,,yes,no
,B. Kent Morgan,District Attorney,,,statement,2006 Interim Reports / 2006 Summary Report/Dissolution,B. Kent Morgan (District Attorney) — 2006 Summary Report/Dissolution,https://slco.org/clerk/financialDisclosurePDF/candidate/kmorgan_finalreport.pdf,2026-08-01,text,pdftotext -layout,raw/clerk_legacy/kmorgan_finalreport.pdf,clerk_legacy,,0f1e166de3d67648e60b8a0aaf7507e6bfe7817c83929c4c2797e17c6bf89281,,yes,no
,Benjamin Kendrick,County Council,District 1,,statement,2006 Interim Reports / Dissolution,Benjamin Kendrick (Council #1) — Dissolution,https://slco.org/clerk/financialDisclosurePDF/candidate/08_bkendrick_dissolutionreport.pdf,2026-08-01,scanned,tesseract OCR (pdftoppm 300dpi),raw/clerk_legacy/08_bkendrick_dissolutionreport.pdf,clerk_legacy,,44e46ada4e50d96ecda7d86157299b415cd2a0017cd1cfd9c96125ca9d5c055c,,no,no
,Benjamin Kendrick,County Council,District 1,,statement,2006 Interim Reports / June,Benjamin Kendrick (Council #1) — June,https://slco.org/clerk/financialDisclosurePDF/candidate/20_june_kendrick_benjamin06.pdf,2026-08-01,text,pdftotext -layout,raw/clerk_legacy/20_june_kendrick_benjamin06.pdf,clerk_legacy,,841cb8492fc86c04f8b810e50ff355e2aabfd2d48e4ab3d315099cb82a343862,,yes,no
,Benjamin Kendrick,County Council,District 1,,statement,2006 Interim Reports / Amendment to September,Benjamin Kendrick (Council #1) — Amendment to September,https://slco.org/clerk/financialDisclosurePDF/candidate/benkendrick_amendment.pdf,2026-08-01,text,pdftotext -layout,raw/clerk_legacy/benkendrick_amendment.pdf,clerk_legacy,,7485aaa3a655a1564448c78f528fd36e7d471b6cee8d96defd69bfa8aa36cbb9,,yes,no
,Benjamin Kendrick,County Council,District 1,,statement,2006 Interim Reports / 2006 Summary Report,Benjamin Kendrick (Council #1) — 2006 Summary Report,https://slco.org/clerk/financialDisclosurePDF/candidate/bkendrick_jan3107report.pdf,2026-08-01,scanned,tesseract OCR (pdftoppm 300dpi),raw/clerk_legacy/bkendrick_jan3107report.pdf,clerk_legacy,,dbfa5f0c9092ebf407b52d1f2b230c6c6483de9196eabc4ef7a137fb8c77121c,,no,no
,Billie Gay Larson,Treasurer,,,statement,2006 Interim Reports / Dissolution,Billie Gay Larson (Treasurer) — Dissolution,https://slco.org/clerk/financialDisclosurePDF/candidate/08_blarson_dissolutionreport.pdf,2026-08-01,scanned,tesseract OCR (pdftoppm 300dpi),raw/clerk_legacy/08_blarson_dissolutionreport.pdf,clerk_legacy,,9640f5cf802c4fd39807e2024fc9a0abadb87cb5d610d68b8bd9a2cb070cd5ea,,no,no
,Billie Gay Larson,Treasurer,,,statement,2006 Interim Reports / 2007 Summary Report,Billie Gay Larson (Treasurer) — 2007 Summary Report,https://slco.org/clerk/financialDisclosurePDF/candidate/08_blarson_jan31.pdf,2026-08-01,scanned,tesseract OCR (pdftoppm 300dpi),raw/clerk_legacy/08_blarson_jan31.pdf,clerk_legacy,,10df09f70f40288ad66d919a9b514fd211124db5906255b0c6f6bf2a8be54caa,,no,no
,Billie Gay Larson,Treasurer,,,statement,2006 Interim Reports / June,Billie Gay Larson (Treasurer) — June,https://slco.org/clerk/financialDisclosurePDF/candidate/20_june_larson_billie06.pdf,2026-08-01,text,pdftotext -layout,raw/clerk_legacy/20_june_larson_billie06.pdf,clerk_legacy,,5bcb24fc8d2cd0b982833e9dd490afaeb7d2e997153ab204a1dff7a647399f2a,,yes,no
,Billie Gay Larson,Treasurer,,,statement,2006 Interim Reports / 2006 Summary Report,Billie Gay Larson (Treasurer) — 2006 Summary Report,https://slco.org/clerk/financialDisclosurePDF/candidate/blarson_jan3107report.pdf,2026-08-01,scanned,tesseract OCR (pdftoppm 300dpi),raw/clerk_legacy/blarson_jan3107report.pdf,clerk_legacy,,c487e207df1ce95bf90be113fc3bc9291cc67d7aebd8daebff8bd5c03e24966b,,no,no
,Carrie Dickson,Clerk,,,statement,2006 Interim Reports / June,Carrie Dickson (Clerk) — June,https://slco.org/clerk/financialDisclosurePDF/candidate/20_june_dickson_carrie06.pdf,2026-08-01,text,pdftotext -layout,raw/clerk_legacy/20_june_dickson_carrie06.pdf,clerk_legacy,,3b98bd72716e813045f4deec13aee8f4be0d4ea8a0555471502f1012e84f0527,,yes,no
,Carrie Dickson,Clerk,,,statement,2006 Interim Reports / Amendment to April,Carrie Dickson (Clerk) — Amendment to April,https://slco.org/clerk/financialDisclosurePDF/candidate/carriedickson_april5amendment.pdf,2026-08-01,text,pdftotext -layout,raw/clerk_legacy/carriedickson_april5amendment.pdf,clerk_legacy,,38740171a6d6597893b763c6dd46545a31004795edcad8a9ed988ac280d86669,,yes,no
,Carrie Dickson,Clerk,,,statement,2006 Interim Reports / Amendment to June,Carrie Dickson (Clerk) — Amendment to June,https://slco.org/clerk/financialDisclosurePDF/candidate/carriedickson_june20amendment.pdf,2026-08-01,text,pdftotext -layout,raw/clerk_legacy/carriedickson_june20amendment.pdf,clerk_legacy,,fc61412b4a5c1c0f41cee78938ad1e556b0d5f967012b9cddc8407ddf26a3df5,,yes,no
,Carrie Dickson,Clerk,,,statement,2006 Interim Reports / Amendment to October,Carrie Dickson (Clerk) — Amendment to October,https://slco.org/clerk/financialDisclosurePDF/candidate/cdickson_103106amendment.pdf,2026-08-01,text,pdftotext -layout,raw/clerk_legacy/cdickson_103106amendment.pdf,clerk_legacy,,7ca9da21f83c8227f72cdd032b4c705619a31c2583b75571c44ddfcd797b20a0,,yes,no
,Carrie Dickson,Clerk,,,statement,2006 Interim Reports / 2006 Summary Report,Carrie Dickson (Clerk) — 2006 Summary Report,https://slco.org/clerk/financialDisclosurePDF/candidate/cdickson_jan3107report.pdf,2026-08-01,scanned,tesseract OCR (pdftoppm 300dpi),raw/clerk_legacy/cdickson_jan3107report.pdf,clerk_legacy,,a1686814932b3f3edcb7c38530faed740301166fe822a8bc4a41f2aa5bf5c49d,,no,no
,Charles Bonsall,Clerk,,,statement,2006 Interim Reports / Dissolution,Charles Bonsall (Clerk) — Dissolution,https://slco.org/clerk/financialDisclosurePDF/candidate/cbonsall_dissolutionreport07.pdf,2026-08-01,scanned,tesseract OCR (pdftoppm 300dpi),raw/clerk_legacy/cbonsall_dissolutionreport07.pdf,clerk_legacy,,35e54f686d7febded548d7840e9d71d1aa50c06583173be85721ac2a4a6f7edd,,no,no
,Charles Bonsall,Clerk,,,statement,2006 Interim Reports / 2006 Summary Report,Charles Bonsall (Clerk) — 2006 Summary Report,https://slco.org/clerk/financialDisclosurePDF/candidate/cbonsall_jan3107report.pdf,2026-08-01,scanned,tesseract OCR (pdftoppm 300dpi),raw/clerk_legacy/cbonsall_jan3107report.pdf,clerk_legacy,,e1b400b4fece062ffacc4bda82d5992273fc5c2b49ebd39daf01d797b85a3993,,no,no
,Chuck Tripp,County Council,At-Large C,,statement,2006 Interim Reports / June,Chuck Tripp (Council At-Large C) — June,https://slco.org/clerk/financialDisclosurePDF/candidate/20_june_tripp_chuck06.pdf,2026-08-01,text,pdftotext -layout,raw/clerk_legacy/20_june_tripp_chuck06.pdf,clerk_legacy,,36f6bbcf0340bf8e32dc2d043a9936771b14c8a592de85471629555359b674e0,,yes,no
,Chuck Tripp,County Council,At-Large C,,statement,2006 Interim Reports / Dissolution,Chuck Tripp (Council At-Large C) — Dissolution,https://slco.org/clerk/financialDisclosurePDF/candidate/ctripp_dissolutionreport07.pdf,2026-08-01,scanned,tesseract OCR (pdftoppm 300dpi),raw/clerk_legacy/ctripp_dissolutionreport07.pdf,clerk_legacy,,aa1032623dc99b5aaad22c7b64dbef8293729567db9057dda033d311716ef9ca,,no,no
,Chuck Tripp,County Council,At-Large C,,statement,2006 Interim Reports / 2006 Summary Report,Chuck Tripp (Council At-Large C) — 2006 Summary Report,https://slco.org/clerk/financialDisclosurePDF/candidate/ctripp_jan3107report.pdf,2026-08-01,scanned,tesseract OCR (pdftoppm 300dpi),raw/clerk_legacy/ctripp_jan3107report.pdf,clerk_legacy,,27b3f6acdbef862d16dcbfe29c9fe2d76d99d990ea159cbd6540b51696d358f0,,no,no
,David Wilde,County Council,District 3,,statement,2006 Interim Reports / 2007 Summary Report,David Wilde (Council #3) — 2007 Summary Report,https://slco.org/clerk/financialDisclosurePDF/candidate/08_dwilde_jan31.pdf,2026-08-01,scanned,tesseract OCR (pdftoppm 300dpi),raw/clerk_legacy/08_dwilde_jan31.pdf,clerk_legacy,,2d183d968a336228ddc4f51443879e1a8f57e66ca05ee004a260530cb8e93a5f,,no,no
,David Wilde,County Council,District 3,,statement,2006 Interim Reports / June,David Wilde (Council #3) — June,https://slco.org/clerk/financialDisclosurePDF/candidate/20_june_wilde_david06.pdf,2026-08-01,text,pdftotext -layout,raw/clerk_legacy/20_june_wilde_david06.pdf,clerk_legacy,,2cd90bb38afcded43ca52dd1e23acf805736bb730dc96e3e0930bdc782452185,,yes,no
,David Wilde,County Council,District 3,,statement,2006 Interim Reports / Amendment to June,David Wilde (Council #3) — Amendment to June,https://slco.org/clerk/financialDisclosurePDF/candidate/20_june_wilde_david06amendment.pdf,2026-08-01,text,pdftotext -layout,raw/clerk_legacy/20_june_wilde_david06amendment.pdf,clerk_legacy,,04eb03a11d87980f0d4c754535eca828f663388e74f7084e5180c2be1dafd3dd,,yes,no
,David Wilde,County Council,District 3,,statement,2005 Summary Report,David Wilde (Council #3) — 2005 Summary Report,https://slco.org/clerk/financialDisclosurePDF/Archives/dwilde_jan3106.pdf,2026-08-01,text,pdftotext -layout,raw/clerk_legacy/dwilde_jan3106.pdf,clerk_legacy,,c51a53d9486a911738805aaef63a7525b1327d0462b4b817c97591bd65fd1899,,yes,no
,David Wilde,County Council,District 3,,statement,2006 Interim Reports / 2006 Summary Report,David Wilde (Council #3) — 2006 Summary Report,https://slco.org/clerk/financialDisclosurePDF/candidate/dwilde_jan3107report.pdf,2026-08-01,scanned,tesseract OCR (pdftoppm 300dpi),raw/clerk_legacy/dwilde_jan3107report.pdf,clerk_legacy,,71c69498ecd0ea7529377eb982fb558c3b660459f8be057920cd1c1fa1106b06,,no,no
,Deanna L. Taylor,County Council,District 5,,statement,2006 Interim Reports / 2006 Summary Report,Deanna L. Taylor (Council #5) — 2006 Summary Report,https://slco.org/clerk/financialDisclosurePDF/candidate/dtaylor_jan3107report.pdf,2026-08-01,scanned,tesseract OCR (pdftoppm 300dpi),raw/clerk_legacy/dtaylor_jan3107report.pdf,clerk_legacy,,56e639b4debf1c81c263e2e8fb257ac094b8474525ea39877d274a85380b20d0,,no,no
,Deanna L. Taylor,County Council,District 5,,statement,2006 Interim Reports / Dissolution,Deanna L. Taylor (Council #5) — Dissolution,https://slco.org/clerk/financialDisclosurePDF/candidate/dturner_dissolutionreport07.pdf,2026-08-01,scanned,tesseract OCR (pdftoppm 300dpi),raw/clerk_legacy/dturner_dissolutionreport07.pdf,clerk_legacy,,c72560e3b91e76f8956d1d3a7377a0029d33a05f0bb276b8c3bc3dede9726f64,,no,no
,Diane Turner,County Council,District 3,,statement,2006 Interim Reports / June,Diane Turner (Council #3) — June,https://slco.org/clerk/financialDisclosurePDF/candidate/20_june_turner_diane06.pdf,2026-08-01,text,pdftotext -layout,raw/clerk_legacy/20_june_turner_diane06.pdf,clerk_legacy,,981357d82a4b016b89dfce3fe91d67a7f79bbf215027ac6d0e001860958dec7f,,yes,no
,Diane Turner,County Council,District 3,,statement,2006 Interim Reports / Amendment to September,Diane Turner (Council #3) — Amendment to September,https://slco.org/clerk/financialDisclosurePDF/candidate/dianeturner_amendment.pdf,2026-08-01,text,pdftotext -layout,raw/clerk_legacy/dianeturner_amendment.pdf,clerk_legacy,,ed4d6c5134a785893e0f6a6bafa727558ea3fb1f441df70e91bbc8f225fd67a6,,yes,no
,Don W. Johnstun,County Council,At-Large C,,statement,2006 Interim Reports / Dissolution,Don W. Johnstun (Council At-Large C) — Dissolution,https://slco.org/clerk/financialDisclosurePDF/candidate/djohnstun_dissolutionreport07.pdf,2026-08-01,scanned,tesseract OCR (pdftoppm 300dpi),raw/clerk_legacy/djohnstun_dissolutionreport07.pdf,clerk_legacy,,6edaf30582cca750bd197bd0315fb5112b2be5f02323b38ef7c980881d72ea60,,no,no
,Don W. Johnstun,County Council,At-Large C,,statement,2006 Interim Reports / 2006 Summary Report,Don W. Johnstun (Council At-Large C) — 2006 Summary Report,https://slco.org/clerk/financialDisclosurePDF/candidate/djohnstun_jan3107report.pdf,2026-08-01,scanned,tesseract OCR (pdftoppm 300dpi),raw/clerk_legacy/djohnstun_jan3107report.pdf,clerk_legacy,,4af4c41d600a7c54745f84c9fdea2587c815634dba5042b505b13a5f3480a876,,no,no
,Douglas C. Borba,County Council,District 3,,statement,2006 Interim Reports / June,Douglas C. Borba (Council #3) — June,https://slco.org/clerk/financialDisclosurePDF/candidate/20_june_borba_douglas06.pdf,2026-08-01,text,pdftotext -layout,raw/clerk_legacy/20_june_borba_douglas06.pdf,clerk_legacy,,39fe19e5c47d2140e4ae44628f6b0a2c4cd98d6173a3c07da9fe9aa063fd4215,,yes,no
,Gary Ott,Recorder,,,statement,2006 Interim Reports / 2007 Summary Report,Gary Ott (Recorder) — 2007 Summary Report,https://slco.org/clerk/financialDisclosurePDF/candidate/08_gott_jan31.pdf,2026-08-01,scanned,tesseract OCR (pdftoppm 300dpi),raw/clerk_legacy/08_gott_jan31.pdf,clerk_legacy,,1d96fe0d7316b880b0a0eade816ae247fc77567650d82f31c70541aa99f13d82,,no,no
,Gary Ott,Recorder,,,statement,2006 Interim Reports / June,Gary Ott (Recorder) — June,https://slco.org/clerk/financialDisclosurePDF/candidate/20_june_ott_gary06.pdf,2026-08-01,text,pdftotext -layout,raw/clerk_legacy/20_june_ott_gary06.pdf,clerk_legacy,,66891632779aa790ecd054d3b1651778954abe02992fb2219aaae5d54dc38c0c,,yes,no
,Gary Ott,Recorder,,,statement,2005 Summary Report,Gary Ott (Recorder) — 2005 Summary Report,https://slco.org/clerk/financialDisclosurePDF/Archives/gott_jan3106.pdf,2026-08-01,text,pdftotext -layout,raw/clerk_legacy/gott_jan3106.pdf,clerk_legacy,,6c30f5d48f0f5a514739594becd1ac66ffafb257f91d8e92973a3366e7d68fc1,,yes,no
,Gary Ott,Recorder,,,statement,2006 Interim Reports / 2006 Summary Report,Gary Ott (Recorder) — 2006 Summary Report,https://slco.org/clerk/financialDisclosurePDF/candidate/gott_jan3107report.pdf,2026-08-01,scanned,tesseract OCR (pdftoppm 300dpi),raw/clerk_legacy/gott_jan3107report.pdf,clerk_legacy,,932a9e9585489d3b5ce26b813eb0d36f99538d9d4169511d75fc8971a30eaa12,,no,no
,James M Winder,Sheriff,,,statement,2006 Interim Reports / 2007 Summary Report,James M Winder (Sheriff) — 2007 Summary Report,https://slco.org/clerk/financialDisclosurePDF/candidate/08_jwinder_jan31.pdf,2026-08-01,scanned,tesseract OCR (pdftoppm 300dpi),raw/clerk_legacy/08_jwinder_jan31.pdf,clerk_legacy,,7f2ad579f61743b2d32fa89ca8181c51bb60012e04d4418aa5cf0224b8a09081,,no,no
,James M Winder,Sheriff,,,statement,2006 Interim Reports / June,James M Winder (Sheriff) — June,https://slco.org/clerk/financialDisclosurePDF/candidate/20_june_winder_jim06.pdf,2026-08-01,text,pdftotext -layout,raw/clerk_legacy/20_june_winder_jim06.pdf,clerk_legacy,,569beb36f572a427deb0c04ce906b7291154c0d657797daac2b2d217bfc12995,,yes,no
,James M Winder,Sheriff,,,statement,2006 Interim Reports / 2006 Summary Report,James M Winder (Sheriff) — 2006 Summary Report,https://slco.org/clerk/financialDisclosurePDF/candidate/jwinder_jan3107report.pdf,2026-08-01,scanned,tesseract OCR (pdftoppm 300dpi),raw/clerk_legacy/jwinder_jan3107report.pdf,clerk_legacy,,8ca31b4a565e743ecab62a7b89a2699cd77214640756cde966775f149f1b07f2,,no,no
,Janice Auger,County Council,At-Large C,,statement,2006 Interim Reports / June,Janice Auger (Council At-Large C) — June,https://slco.org/clerk/financialDisclosurePDF/candidate/20_june_auger_janice06.pdf,2026-08-01,text,pdftotext -layout,raw/clerk_legacy/20_june_auger_janice06.pdf,clerk_legacy,,e2a165f82364873bc71b7bacea90521b1ff70f7fe7ce9effd18869dea743554f,,yes,no
,Janice Auger,County Council,At-Large C,,statement,2006 Interim Reports / Amendment to April,Janice Auger (Council At-Large C) — Amendment to April,https://slco.org/clerk/financialDisclosurePDF/candidate/jauger_4506amendment.pdf,2026-08-01,text,pdftotext -layout,raw/clerk_legacy/jauger_4506amendment.pdf,clerk_legacy,,8a49a09051e69c07c8bd9a54fd50fc46e71de975b791ea9d7b9c3369f084af63,,yes,no
,Janice Auger,County Council,At-Large C,,statement,2006 Interim Reports / Amendment to June,Janice Auger (Council At-Large C) — Amendment to June,https://slco.org/clerk/financialDisclosurePDF/candidate/jauger_61906amendment.pdf,2026-08-01,text,pdftotext -layout,raw/clerk_legacy/jauger_61906amendment.pdf,clerk_legacy,,18d040325979b0a5b54c19cd7febd20a6f52173f00fcffbacb41773800dcc6d1,,yes,no
,Janice Auger,County Council,At-Large C,,statement,2006 Interim Reports / Dissolution,Janice Auger (Council At-Large C) — Dissolution,https://slco.org/clerk/financialDisclosurePDF/candidate/jauger_dissolutionreport07.pdf,2026-08-01,scanned,tesseract OCR (pdftoppm 300dpi),raw/clerk_legacy/jauger_dissolutionreport07.pdf,clerk_legacy,,ab121639e4a6620b0dc3c55f7001a28d4d1793917967fef16f069226056bbcde,,no,no
,Janice Auger,County Council,At-Large C,,statement,2006 Interim Reports / 2006 Summary Report,Janice Auger (Council At-Large C) — 2006 Summary Report,https://slco.org/clerk/financialDisclosurePDF/candidate/jauger_jan3107report.pdf,2026-08-01,scanned,tesseract OCR (pdftoppm 300dpi),raw/clerk_legacy/jauger_jan3107report.pdf,clerk_legacy,,41b012469752562608278794e63b6f3995147fd3f18e8fa58d356ed9a400d957,,no,no
,Jeff S. Allen,County Council,District 5,,statement,2006 Interim Reports / 2007 Summary Report,Jeff S. Allen (Council #5) — 2007 Summary Report,https://slco.org/clerk/financialDisclosurePDF/candidate/08_jallen_jan31.pdf,2026-08-01,scanned,tesseract OCR (pdftoppm 300dpi),raw/clerk_legacy/08_jallen_jan31.pdf,clerk_legacy,,bec6ce63470ad9c882bbf4a333eb41cd47279a5ed19f9a7c1492dab1400b1f59,,no,no
,Jeff S. Allen,County Council,District 5,,statement,2006 Interim Reports / June,Jeff S. Allen (Council #5) — June,https://slco.org/clerk/financialDisclosurePDF/candidate/20_june_allen_jeff06.pdf,2026-08-01,text,pdftotext -layout,raw/clerk_legacy/20_june_allen_jeff06.pdf,clerk_legacy,,658a039588046cfd7b04f023d258becf26f0d863d5f8fab8e82e5a7a65b73730,,yes,no
,Jeff S. Allen,County Council,District 5,,statement,2006 Interim Reports / 2006 Summary Report,Jeff S. Allen (Council #5) — 2006 Summary Report,https://slco.org/clerk/financialDisclosurePDF/candidate/jallen_jan3107report.pdf,2026-08-01,scanned,tesseract OCR (pdftoppm 300dpi),raw/clerk_legacy/jallen_jan3107report.pdf,clerk_legacy,,178183db2d06ffa1172b7bfc66a77d475199e9821b7903d657de0ae305d7ad10,,no,no
,Jeff S. Allen,County Council,District 5,,statement,2006 Interim Reports / Amendment to June,Jeff S. Allen (Council #5) — Amendment to June,https://slco.org/clerk/financialDisclosurePDF/candidate/jeffallen_june20amendment.pdf,2026-08-01,text,pdftotext -layout,raw/clerk_legacy/jeffallen_june20amendment.pdf,clerk_legacy,,2e376fe3ea824966eeb81e4338b394f9a6c3a87210c81025a3362059c0d0ee1f,,yes,no
,Jeffrey Hatch,Auditor,,,statement,2006 Interim Reports / June,Jeffrey Hatch (Auditor) — June,https://slco.org/clerk/financialDisclosurePDF/candidate/20_june_hatch_jeff06.pdf,2026-08-01,text,pdftotext -layout,raw/clerk_legacy/20_june_hatch_jeff06.pdf,clerk_legacy,,67e2888270ada9674f83e984ac2f87d8b090be43a275a219e2d23125f359c5d2,,yes,no
,Jennifer Wilson,County Council,At-Large B,,statement,2007 Summary Report,Jennifer Wilson (Council At-Large B) — 2007 Summary Report,https://slco.org/clerk/financialDisclosurePDF/Archives/08_jwilson_jan31.pdf,2026-08-01,scanned,tesseract OCR (pdftoppm 300dpi),raw/clerk_legacy/08_jwilson_jan31.pdf,clerk_legacy,,2010f8724ad3487d503b8f4971dd35baf3c97e0df7eb29548311e788127e1c95,,no,no
,Jennifer Wilson,County Council,At-Large B,,statement,2005 Summary Report,Jennifer Wilson (Council At-Large B) — 2005 Summary Report,https://slco.org/clerk/financialDisclosurePDF/Archives/jwilson_jan3106.pdf,2026-08-01,text,pdftotext -layout,raw/clerk_legacy/jwilson_jan3106.pdf,clerk_legacy,,6b767ff39b3a89617edcba41c567c8d40bea711fcf91ae2f7761812fbf11b2af,,yes,no
,Jim Bradley,County Council,At-Large C,,statement,2006 Interim Reports / 2007 Summary Report,Jim Bradley (Council At-Large C) — 2007 Summary Report,https://slco.org/clerk/financialDisclosurePDF/candidate/08_jbradley_jan31.pdf,2026-08-01,scanned,tesseract OCR (pdftoppm 300dpi),raw/clerk_legacy/08_jbradley_jan31.pdf,clerk_legacy,,48c8faccbf5993b4d32735bd297bd24717b381ee4b614f11aabaf796a520138e,,no,no
,Jim Bradley,County Council,At-Large C,,statement,2006 Interim Reports / June,Jim Bradley (Council At-Large C) — June,https://slco.org/clerk/financialDisclosurePDF/candidate/20_june_bradley_jim06.pdf,2026-08-01,text,pdftotext -layout,raw/clerk_legacy/20_june_bradley_jim06.pdf,clerk_legacy,,339dbc1a150b935dc8410d4d4237d7eeeeff2cbafe9216bad08693b3afb64749,,yes,no
,Jim Bradley,County Council,At-Large C,,statement,2005 Summary Report,Jim Bradley (Council At-Large C) — 2005 Summary Report,https://slco.org/clerk/financialDisclosurePDF/Archives/jbradley_jan3106.pdf,2026-08-01,text,pdftotext -layout,raw/clerk_legacy/jbradley_jan3106.pdf,clerk_legacy,,52a6add8ed765e643c240b7924600f47669775b05641c50c6ff75ddce9715f61,,yes,no
,Jim Bradley,County Council,At-Large C,,statement,2006 Interim Reports / 2006 Summary Report,Jim Bradley (Council At-Large C) — 2006 Summary Report,https://slco.org/clerk/financialDisclosurePDF/candidate/jbradley_jan3107report.pdf,2026-08-01,scanned,tesseract OCR (pdftoppm 300dpi),raw/clerk_legacy/jbradley_jan3107report.pdf,clerk_legacy,,723fe6d0184dfdafab53a4d34baab8d3385239ec3e33f9084955ad4739634882,,no,no
,Jim Bradley,County Council,At-Large C,,statement,2006 Interim Reports / Amendment to September,Jim Bradley (Council At-Large C) — Amendment to September,https://slco.org/clerk/financialDisclosurePDF/candidate/jimbradley_september1506amendment.pdf,2026-08-01,text,pdftotext -layout,raw/clerk_legacy/jimbradley_september1506amendment.pdf,clerk_legacy,,c7c8ff5da0e73629f8aae9fbbe03bbafbd89f33c5e00b9f3b2d74425ebafe1fb,,yes,no
,Jimmy L. Cadman,County Council,At-Large C,,statement,2006 Interim Reports / Dissolution,Jimmy L. Cadman (Council At-Large C) — Dissolution,https://slco.org/clerk/financialDisclosurePDF/candidate/jcadman_dissolutionreport07.pdf,2026-08-01,scanned,tesseract OCR (pdftoppm 300dpi),raw/clerk_legacy/jcadman_dissolutionreport07.pdf,clerk_legacy,,b2f3b964bef6351de49f5cb828bf4f58d41523fe2a1bf89f83a33a4b13a6cf2e,,no,no
,Jimmy L. Cadman,County Council,At-Large C,,statement,2006 Interim Reports / 2006 Summary Report,Jimmy L. Cadman (Council At-Large C) — 2006 Summary Report,https://slco.org/clerk/financialDisclosurePDF/candidate/jcadman_jan3107report.pdf,2026-08-01,scanned,tesseract OCR (pdftoppm 300dpi),raw/clerk_legacy/jcadman_jan3107report.pdf,clerk_legacy,,9c1582aebc31f6c7605a09e064a5642a686dd18df37e43b54aed7a968529ccf1,,no,no
,Joe Hatch,County Council,District 1,,statement,2006 Interim Reports / 2007 Summary Report,Joe Hatch (Council #1) — 2007 Summary Report,https://slco.org/clerk/financialDisclosurePDF/candidate/08_joehatch_jan31.pdf,2026-08-01,scanned,tesseract OCR (pdftoppm 300dpi),raw/clerk_legacy/08_joehatch_jan31.pdf,clerk_legacy,,b6109c699880b23c7af8df1d6b30903e3f134b78af1c0c9c79b9be43cdcfb159,,no,no
,Joe Hatch,County Council,District 1,,statement,2006 Interim Reports / June,Joe Hatch (Council #1) — June,https://slco.org/clerk/financialDisclosurePDF/candidate/20_june_hatch_joe06.pdf,2026-08-01,text,pdftotext -layout,raw/clerk_legacy/20_june_hatch_joe06.pdf,clerk_legacy,,6bf88600f247b63d9eeeb4666ab47b6704820a2d94e5650bc28abfeed4d31dc6,,yes,no
,Joe Hatch,County Council,District 1,,statement,2005 Summary Report,Joe Hatch (Council #1) — 2005 Summary Report,https://slco.org/clerk/financialDisclosurePDF/Archives/jhatch_jan3106.pdf,2026-08-01,text,pdftotext -layout,raw/clerk_legacy/jhatch_jan3106.pdf,clerk_legacy,,6d75b6d420c1a7d1cf75b38ab2d43d47db07c7073c1398da36ef85ab45918edf,,yes,no
,Joe Hatch,County Council,District 1,,statement,2006 Interim Reports / 2006 Summary Report,Joe Hatch (Council #1) — 2006 Summary Report,https://slco.org/clerk/financialDisclosurePDF/candidate/jhatch_jan3107report.pdf,2026-08-01,scanned,tesseract OCR (pdftoppm 300dpi),raw/clerk_legacy/jhatch_jan3107report.pdf,clerk_legacy,,7518d83108e66682e05ad128aea9ade9622abe4724418f7054791726a090922e,,no,no
,Joe Hatch,County Council,District 1,,statement,2006 Interim Reports / Amendment to April,Joe Hatch (Council #1) — Amendment to April,https://slco.org/clerk/financialDisclosurePDF/candidate/joehatch_april506amendment.pdf,2026-08-01,text,pdftotext -layout,raw/clerk_legacy/joehatch_april506amendment.pdf,clerk_legacy,,cd6bb0d11f9851ebbd94ec0172945c89da2d4b7845e7d4e45981ef4b3fc1358c,,yes,no
,Joe Hatch,County Council,District 1,,statement,2006 Interim Reports / Amendment to September,Joe Hatch (Council #1) — Amendment to September,https://slco.org/clerk/financialDisclosurePDF/candidate/joehatch_september1506amendment.pdf,2026-08-01,text,pdftotext -layout,raw/clerk_legacy/joehatch_september1506amendment.pdf,clerk_legacy,,48653f1bf18df16a3e7ccde8cef2d56202d229607022a4f4878659dac719322d,,yes,no
,Josie Valdez,Assessor,,,statement,2006 Interim Reports / Dissolution,Josie Valdez (Assessor) — Dissolution,https://slco.org/clerk/financialDisclosurePDF/candidate/jvaldez_dissolutionreport07.pdf,2026-08-01,scanned,tesseract OCR (pdftoppm 300dpi),raw/clerk_legacy/jvaldez_dissolutionreport07.pdf,clerk_legacy,,913c75f66dad4335f7420954cc41a9ae39244b62025d76177be1774136fe1dc8,,no,no
,Kelton M. Baker,Treasurer,,,statement,2006 Interim Reports / Dissolution,Kelton M. Baker (Treasurer) — Dissolution,https://slco.org/clerk/financialDisclosurePDF/candidate/08_kbaker_dissolutionreport.pdf,2026-08-01,scanned,tesseract OCR (pdftoppm 300dpi),raw/clerk_legacy/08_kbaker_dissolutionreport.pdf,clerk_legacy,,6cc54b5abf5ca1450000ce885840219e7684e4e49fd70d4d906c494f7da5903c,,no,no
,Kim W. Lundeberg,,,,statement,2006 Interim Reports / June,Kim W. Lundeberg () — June,https://slco.org/clerk/financialDisclosurePDF/candidate/20_june_lundeberg_kim06.pdf,2026-08-01,text,pdftotext -layout,raw/clerk_legacy/20_june_lundeberg_kim06.pdf,clerk_legacy,,fdbdd7e7620c4cf6057f02c93149874198c5d8b865c0f2f7996d454082dda8d5,,yes,no
,Larry W. Richardson,Treasurer,,,statement,2005 Summary Report,Larry W. Richardson (Treasurer) — 2005 Summary Report,https://slco.org/clerk/financialDisclosurePDF/Archives/lrichardson_jan3106.pdf,2026-08-01,text,pdftotext -layout,raw/clerk_legacy/lrichardson_jan3106.pdf,clerk_legacy,,e734a97ba726e72c750272c6a0fad8564af3c5bad015de19dbc6e9f225a80343,,yes,no
,Larry W. Richardson,Treasurer,,,statement,2006 Interim Reports / Amendment to 2006 Summary Report,Larry W. Richardson (Treasurer) — Amendment to 2006 Summary Report,https://slco.org/clerk/financialDisclosurePDF/candidate/lrichardson_jan3107amendment.pdf,2026-08-01,scanned,tesseract OCR (pdftoppm 300dpi),raw/clerk_legacy/lrichardson_jan3107amendment.pdf,clerk_legacy,,d288f42c803ffaf5554b0ecfdd9dd48be88aaa516e39075792c29599f6e76a21,,no,no
,Larry W. Richardson,Treasurer,,,statement,2004 Summary Report,Larry W. Richardson (Treasurer) — 2004 Summary Report,https://slco.org/clerk/financialDisclosurePDF/Archives/richardson_05finalreport.pdf,2026-08-01,scanned,tesseract OCR (pdftoppm 300dpi),raw/clerk_legacy/richardson_05finalreport.pdf,clerk_legacy,,7c868db70ba12d85b5cf9f54b77a641a3e73ede7b437e1b35d26b610a32a340f,,no,no
,Lawrence Rey Topham,Clerk,,,statement,2006 Interim Reports / June,Lawrence Rey Topham (Clerk) — June,https://slco.org/clerk/financialDisclosurePDF/candidate/20_june_topham_lawrence06.pdf,2026-08-01,text,pdftotext -layout,raw/clerk_legacy/20_june_topham_lawrence06.pdf,clerk_legacy,,6cf94af78a0928abb9711b4d006235315670bf0b268fd6296ff7a7f573707360,,yes,no
,Lawrence Rey Topham,Clerk,,,statement,2006 Interim Reports / 2006 Summary Report/Dissolution,Lawrence Rey Topham (Clerk) — 2006 Summary Report/Dissolution,https://slco.org/clerk/financialDisclosurePDF/candidate/ltopham_jan3107report.pdf,2026-08-01,scanned,tesseract OCR (pdftoppm 300dpi),raw/clerk_legacy/ltopham_jan3107report.pdf,clerk_legacy,,6fd2cdaf8bb1d85a8c6631d1ac59717a2dec59b825612842d573cf6b1b6bc8e6,,no,no
,Lee Gardner,Assessor,,,statement,2006 Interim Reports / June,Lee Gardner (Assessor) — June,https://slco.org/clerk/financialDisclosurePDF/candidate/20_june_gardner_lee06.pdf,2026-08-01,text,pdftotext -layout,raw/clerk_legacy/20_june_gardner_lee06.pdf,clerk_legacy,,5d160f11562a9649c7f156aa1a5947f60fc046da16ca47fb32d9767b6fe39eb4,,yes,no
,Lee Gardner,Assessor,,,statement,Dissolution Report,Lee Gardner (Assessor) — Dissolution Report,https://slco.org/clerk/financialDisclosurePDF/Archives/lgardner_dissolution.pdf,2026-08-01,text,pdftotext -layout,raw/clerk_legacy/lgardner_dissolution.pdf,clerk_legacy,,652afa936120d517cb50f5125b21f32188a362cf1847d9637315ced934923cbd,,yes,no
,Leslie Reberg,Recorder,,,statement,2006 Interim Reports / 2006 Summary Report/Dissolution,Leslie Reberg (Recorder) — 2006 Summary Report/Dissolution,https://slco.org/clerk/financialDisclosurePDF/candidate/lreberg_jan3107report.pdf,2026-08-01,scanned,tesseract OCR (pdftoppm 300dpi),raw/clerk_legacy/lreberg_jan3107report.pdf,clerk_legacy,,bf19db258d9465b542abfc9963a37d150eb62191e4f27c6909b27cea471534c4,,no,no
,Lilli Decair,County Council,District 1,,statement,2006 Interim Reports / June,Lilli Decair (Council #1) — June,https://slco.org/clerk/financialDisclosurePDF/candidate/20_june_decair_lilli06.pdf,2026-08-01,text,pdftotext -layout,raw/clerk_legacy/20_june_decair_lilli06.pdf,clerk_legacy,,d18325ec4d1754734c1336ca1e7f464f5b821cd81fbcb948f3108c53fd22b2cc,,yes,no
,Michael Jensen,County Council,District 2,,statement,2007 Summary Report,Michael Jensen (Council #2) — 2007 Summary Report,https://slco.org/clerk/financialDisclosurePDF/Archives/08_mjensen_jan31.pdf,2026-08-01,scanned,tesseract OCR (pdftoppm 300dpi),raw/clerk_legacy/08_mjensen_jan31.pdf,clerk_legacy,,5a5b8597d664839580af0622f00ec266dead091c7b9cb248a806e7d8f0e98193,,no,no
,Michael Jensen,County Council,District 2,,statement,Amendment to 2007 Summary Report,Michael Jensen (Council #2) — Amendment to 2007 Summary Report,https://slco.org/clerk/financialDisclosurePDF/candidate/MJensen08Jan31amended.pdf,2026-08-01,scanned,tesseract OCR (pdftoppm 300dpi),raw/clerk_legacy/MJensen08Jan31amended.pdf,clerk_legacy,,c2089170d6e71a22a3bcc998c1c9802882f5b610e2238b23c1b9246ee6fea436,,no,no
,Michael Jensen,County Council,District 2,,statement,2005 Summary Report,Michael Jensen (Council #2) — 2005 Summary Report,https://slco.org/clerk/financialDisclosurePDF/Archives/mjensen_jan3106.pdf,2026-08-01,text,pdftotext -layout,raw/clerk_legacy/mjensen_jan3106.pdf,clerk_legacy,,a05976c7b7ec50641d28ad7683c9acf96b7fafa93b9f5c09b2f8f5ec95d6ef92,,yes,no
,Michael Jensen,County Council,District 2,,statement,2006 Summary Report,Michael Jensen (Council #2) — 2006 Summary Report,https://slco.org/clerk/financialDisclosurePDF/Archives/mjensen_jan3107report.pdf,2026-08-01,scanned,tesseract OCR (pdftoppm 300dpi),raw/clerk_legacy/mjensen_jan3107report.pdf,clerk_legacy,,f75797e079ba63e564cd0daf556b0a4963f8379c5a41f580488e6fc87eb8e1a8,,no,no
,Nate Hendricks,County Council,District 5,,statement,2006 Interim Reports / June,Nate Hendricks (Council #5) — June,https://slco.org/clerk/financialDisclosurePDF/candidate/20_june_hendricks_nate06.pdf,2026-08-01,text,pdftotext -layout,raw/clerk_legacy/20_june_hendricks_nate06.pdf,clerk_legacy,,a20607bcdca568ab91912e2549b6a651a695030d5d9ad6f1771f534fd36f75ca,,yes,no
,Nate Hendricks,County Council,District 5,,statement,2006 Interim Reports / Dissolution,Nate Hendricks (Council #5) — Dissolution,https://slco.org/clerk/financialDisclosurePDF/candidate/nhendricks_dissolutionreport07.pdf,2026-08-01,text,pdftotext -layout,raw/clerk_legacy/nhendricks_dissolutionreport07.pdf,clerk_legacy,,a1d5730eebed191e104b83debc5e892ec9f103b296f334258c6fd00173cab4b9,,yes,no
,Nate Hendricks,County Council,District 5,,statement,2006 Interim Reports / 2006 Summary Report,Nate Hendricks (Council #5) — 2006 Summary Report,https://slco.org/clerk/financialDisclosurePDF/candidate/nhendricks_jan3107report.pdf,2026-08-01,scanned,tesseract OCR (pdftoppm 300dpi),raw/clerk_legacy/nhendricks_jan3107report.pdf,clerk_legacy,,ecf0ed4406473ea29f014c81f7c4be240e402ca9c68373ac9ba689ffd401ab47,,no,no
,Peter Corroon,Mayor,,,statement,Amendment to 2007 Summary Report,Peter Corroon (Mayor) — Amendment to 2007 Summary Report,https://slco.org/clerk/financialDisclosurePDF/Archives/08_pcorroon_amendment_1-31-08.pdf,2026-08-01,scanned,tesseract OCR (pdftoppm 300dpi),raw/clerk_legacy/08_pcorroon_amendment_1-31-08.pdf,clerk_legacy,,1db54219d4ee0b68cf56a71169f4f1dafb69374dd42a10985690448fef4e6379,,no,no
,Peter Corroon,Mayor,,,statement,2007 Summary Report,Peter Corroon (Mayor) — 2007 Summary Report,https://slco.org/clerk/financialDisclosurePDF/Archives/08_pcorroon_jan31.pdf,2026-08-01,scanned,tesseract OCR (pdftoppm 300dpi),raw/clerk_legacy/08_pcorroon_jan31.pdf,clerk_legacy,,239a4c948243cc268bfaf6d924593f73914fbc52ff3713c2c36c9b952c8860bb,,no,no
,Peter Corroon,Mayor,,,statement,Amendment to 2005 Summary Report,Peter Corroon (Mayor) — Amendment to 2005 Summary Report,https://slco.org/clerk/financialDisclosurePDF/Archives/pcorroon_amendment13106.pdf,2026-08-01,text,pdftotext -layout,raw/clerk_legacy/pcorroon_amendment13106.pdf,clerk_legacy,,c631d6091ce7497bf098d6fe6a080e98ea0f8679915eeb3af3065fd0590b829d,,yes,no
,Peter Corroon,Mayor,,,statement,2005 Summary Report,Peter Corroon (Mayor) — 2005 Summary Report,https://slco.org/clerk/financialDisclosurePDF/Archives/pcorroon_jan3106.pdf,2026-08-01,text,pdftotext -layout,raw/clerk_legacy/pcorroon_jan3106.pdf,clerk_legacy,,ec08318bf87599b49fcdb455c2b7e6d0fbda4d91c5c4d56cc3e62d965866d8ce,,yes,no
,Peter Corroon,Mayor,,,statement,2006 Summary Report,Peter Corroon (Mayor) — 2006 Summary Report,https://slco.org/clerk/financialDisclosurePDF/Archives/pcorroon_jan3107.pdf,2026-08-01,scanned,tesseract OCR (pdftoppm 300dpi),raw/clerk_legacy/pcorroon_jan3107.pdf,clerk_legacy,,c32c1e9bdc2564c34f7e26f5a0954d74dbfd1a6337629c4e30e5bc969f43d043,,no,no
,Peter Corroon,Mayor,,,statement,Amendment to 2006 Summary Report,Peter Corroon (Mayor) — Amendment to 2006 Summary Report,https://slco.org/clerk/financialDisclosurePDF/Archives/pcorroon_jan3107amendment.pdf,2026-08-01,scanned,tesseract OCR (pdftoppm 300dpi),raw/clerk_legacy/pcorroon_jan3107amendment.pdf,clerk_legacy,,78b51a243ce7e45e2bded1e1f9bc931b693a39c73b5861a6736e76f5177f601e,,no,no
,Randy Horiuchi,County Council,At-Large A,,statement,2008 Interim Reports / Amendment to April,Randy Horiuchi (Council At-Large A) — Amendment to April,https://slco.org/clerk/financialDisclosurePDF/candidate/08_rhoriuchi_amendmenttoapril7.pdf,2026-08-01,scanned,tesseract OCR (pdftoppm 300dpi),raw/clerk_legacy/08_rhoriuchi_amendmenttoapril7.pdf,clerk_legacy,,917820e60a97dd846987c987fcfbd204c5605788494fa9b091eae170fbb30b91,,no,no
,Randy Horiuchi,County Council,At-Large A,,statement,Dissolution Report,Randy Horiuchi (Council At-Large A) — Dissolution Report,https://slco.org/clerk/financialDisclosurePDF/Archives/rhoriuchi_dissolutionreport07.pdf,2026-08-01,scanned,tesseract OCR (pdftoppm 300dpi),raw/clerk_legacy/rhoriuchi_dissolutionreport07.pdf,clerk_legacy,,49ace58337c42f96fbc4b6c59f4a88605c41d72fc1bdb4d0f02c507b6cc99b6b,,no,no
,Randy Horiuchi,County Council,At-Large A,,statement,2005 Summary Report,Randy Horiuchi (Council At-Large A) — 2005 Summary Report,https://slco.org/clerk/financialDisclosurePDF/Archives/rhoriuchi_jan3106.pdf,2026-08-01,text,pdftotext -layout,raw/clerk_legacy/rhoriuchi_jan3106.pdf,clerk_legacy,,ccfd693e9148a7ad0c0674809ebfb33eb4b9d18ca90a4ab7ca979ae4994fc6a2,,yes,no
,Randy Horiuchi,County Council,At-Large A,,statement,Amendment to 2004 Summary,Randy Horiuchi (Council At-Large A) — Amendment to 2004 Summary,https://slco.org/clerk/financialDisclosurePDF/Archives/rhoriuchi_jan3106amend.pdf,2026-08-01,text,pdftotext -layout,raw/clerk_legacy/rhoriuchi_jan3106amend.pdf,clerk_legacy,,82fcc3685772d6cb7b842028ccc5ab30b5734fd7f82ce53efc16cf2e2a43a960,,yes,no
,Randy Horiuchi,County Council,At-Large A,,statement,Amendment to 2006 Summary Report,Randy Horiuchi (Council At-Large A) — Amendment to 2006 Summary Report,https://slco.org/clerk/financialDisclosurePDF/Archives/rhoriuchi_jan3107amendment.pdf,2026-08-01,scanned,tesseract OCR (pdftoppm 300dpi),raw/clerk_legacy/rhoriuchi_jan3107amendment.pdf,clerk_legacy,,620a5c1cf03b1a2d9db78408454ec331b0739a540e9509813504d4378c4c3fdb,,no,no
,Randy Horiuchi,County Council,At-Large A,,statement,2006 Summary Report,Randy Horiuchi (Council At-Large A) — 2006 Summary Report,https://slco.org/clerk/financialDisclosurePDF/Archives/rhoriuchi_jan3107report.pdf,2026-08-01,scanned,tesseract OCR (pdftoppm 300dpi),raw/clerk_legacy/rhoriuchi_jan3107report.pdf,clerk_legacy,,627d47b10a26617dc4fa4430084b6703b135f942f85b6c3df781f7e5cc8c8736,,no,no
,Rob Latham,District Attorney,,,statement,2006 Interim Reports / June,Rob Latham (District Attorney) — June,https://slco.org/clerk/financialDisclosurePDF/candidate/20_june_latham_rob06.pdf,2026-08-01,text,pdftotext -layout,raw/clerk_legacy/20_june_latham_rob06.pdf,clerk_legacy,,cbd05385a927fcd297de749e6c1118c7e543d7bcf0697197f75d122b50be6ea4,,yes,no
,Rob Latham,District Attorney,,,statement,2006 Interim Reports / Dissolution,Rob Latham (District Attorney) — Dissolution,https://slco.org/clerk/financialDisclosurePDF/candidate/rlatham_dissolutionreport07.pdf,2026-08-01,scanned,tesseract OCR (pdftoppm 300dpi),raw/clerk_legacy/rlatham_dissolutionreport07.pdf,clerk_legacy,,7d9e702883ace423a6feee1cf056426cad1b236ffa556473a18198f0d7cde507,,no,no
,Rob Latham,District Attorney,,,statement,2006 Interim Reports / 2006 Summary Report,Rob Latham (District Attorney) — 2006 Summary Report,https://slco.org/clerk/financialDisclosurePDF/candidate/rlatham_finalreport07.pdf,2026-08-01,text,pdftotext -layout,raw/clerk_legacy/rlatham_finalreport07.pdf,clerk_legacy,,9893efe545b48da8557f35ed0ab94b300f0c95520031ed33767fbc90a0062c0a,,yes,no
,Russell A. Cannon,County Council,District 5,,statement,2006 Interim Reports / June,Russell A. Cannon (Council #5) — June,https://slco.org/clerk/financialDisclosurePDF/candidate/20_june_cannon_russ06.pdf,2026-08-01,text,pdftotext -layout,raw/clerk_legacy/20_june_cannon_russ06.pdf,clerk_legacy,,6cd6db680c7c8b943de147dc2738a8c3fc98459444b5446aefb1429edb8f2218,,yes,no
,Russell A. Cannon,County Council,District 5,,statement,2006 Interim Reports / Dissolution,Russell A. Cannon (Council #5) — Dissolution,https://slco.org/clerk/financialDisclosurePDF/candidate/20_june_cannon_russ06dissolution.pdf,2026-08-01,text,pdftotext -layout,raw/clerk_legacy/20_june_cannon_russ06dissolution.pdf,clerk_legacy,,3980e9f2d8d8e60de9bd2a45a01f4d1f78a838753e9be481477171febbff73b4,,yes,no
,Sean Thomas,Auditor,,,statement,2006 Interim Reports / Dissolution,Sean Thomas (Auditor) — Dissolution,https://slco.org/clerk/financialDisclosurePDF/candidate/sthomas_dissolutionreport07.pdf,2026-08-01,scanned,tesseract OCR (pdftoppm 300dpi),raw/clerk_legacy/sthomas_dissolutionreport07.pdf,clerk_legacy,,59e69a2065d4c063588545fb6197d2abc48bdc08cc9d546ed4a0b2d98b553505,,no,no
,Sherrie Swensen,Clerk,,,statement,2005 Summary Report,Sherrie Swensen (Clerk) — 2005 Summary Report,https://slco.org/clerk/financialDisclosurePDF/Archives/sswensen_jan3106.pdf,2026-08-01,text,pdftotext -layout,raw/clerk_legacy/sswensen_jan3106.pdf,clerk_legacy,,39e860414e1ff1a896c819026edb6b70b38a532699cc5ace6c688690b7354089,,yes,no
,Sherrie Swensen,Clerk,,,statement,2004 Summary Report,Sherrie Swensen (Clerk) — 2004 Summary Report,https://slco.org/clerk/financialDisclosurePDF/Archives/swensen_05finalreport.pdf,2026-08-01,scanned,tesseract OCR (pdftoppm 300dpi),raw/clerk_legacy/swensen_05finalreport.pdf,clerk_legacy,,abc6c0fa0e83705d0f9de7f8c9b179d86644f2e26212dbc7a16e33a5f3a62b1a,,no,no
,Sim Gill,District Attorney,,,statement,2006 Interim Reports / 2007 Summary Report,Sim Gill (District Attorney) — 2007 Summary Report,https://slco.org/clerk/financialDisclosurePDF/candidate/08_sgill_jan31.pdf,2026-08-01,scanned,tesseract OCR (pdftoppm 300dpi),raw/clerk_legacy/08_sgill_jan31.pdf,clerk_legacy,,b1fa2e1673aa18c44a0a0d0518b9064da32edd517b725303e1e8a47d791a700e,,no,no
,Sim Gill,District Attorney,,,statement,2006 Interim Reports / June,Sim Gill (District Attorney) — June,https://slco.org/clerk/financialDisclosurePDF/candidate/20_june_gill_sim06.pdf,2026-08-01,text,pdftotext -layout,raw/clerk_legacy/20_june_gill_sim06.pdf,clerk_legacy,,bb705313b29afe533a11d52bd2d7d35c6bd3320f20677e2f34a48373cd45a71f,,yes,no
,Sim Gill,District Attorney,,,statement,2005 Summary Report,Sim Gill (District Attorney) — 2005 Summary Report,https://slco.org/clerk/financialDisclosurePDF/Archives/sgill_jan3106.pdf,2026-08-01,text,pdftotext -layout,raw/clerk_legacy/sgill_jan3106.pdf,clerk_legacy,,b627b7e0df81b56c73712793f602f13a1597068db79b258a73c088be00927934,,yes,no
,Sim Gill,District Attorney,,,statement,2006 Interim Reports / 2006 Summary Report,Sim Gill (District Attorney) — 2006 Summary Report,https://slco.org/clerk/financialDisclosurePDF/candidate/sgill_jan3107report.pdf,2026-08-01,scanned,tesseract OCR (pdftoppm 300dpi),raw/clerk_legacy/sgill_jan3107report.pdf,clerk_legacy,,a70366253eb6c13e5403b0660075ce5f0eeea0574fc9d3796a83169f65e53c1a,,no,no
,Sim Gill,District Attorney,,,statement,2006 Interim Reports / Amendment to September,Sim Gill (District Attorney) — Amendment to September,https://slco.org/clerk/financialDisclosurePDF/candidate/simgill_amendment.pdf,2026-08-01,text,pdftotext -layout,raw/clerk_legacy/simgill_amendment.pdf,clerk_legacy,,b712e9419c28c2b4547569e6a1d38bb93165b47eb5af74cbfe362bafe473b604,,yes,no
,Steven F. Shamy Sr.,County Council,District 3,,statement,2006 Interim Reports / June,Steven F. Shamy Sr. (Council #3) — June,https://slco.org/clerk/financialDisclosurePDF/candidate/20_june_shamy_steven06.pdf,2026-08-01,text,pdftotext -layout,raw/clerk_legacy/20_june_shamy_steven06.pdf,clerk_legacy,,ac04e74190c963e02eefb837f370ad3143b1080957d0924f42a289489cb9d5a3,,yes,no
,Steven F. Shamy Sr.,County Council,District 3,,statement,2006 Interim Reports / Dissolution,Steven F. Shamy Sr. (Council #3) — Dissolution,https://slco.org/clerk/financialDisclosurePDF/candidate/20_june_shamy_steven06dissolution.pdf,2026-08-01,text,pdftotext -layout,raw/clerk_legacy/20_june_shamy_steven06dissolution.pdf,clerk_legacy,,f650f41a851281d2583da3fd2e98c84a7660e903f583e327c3a4406b7bbe216e,,yes,no
2005-01-01,David Wilde,County Council,District 3,2004,statement,2004 Summary Report,David Wilde (Council #3) — 2004 Summary Report,https://slco.org/clerk/financialDisclosurePDF/Archives/wilde_january312005.pdf,2026-08-01,scanned,tesseract OCR (pdftoppm 300dpi),raw/clerk_legacy/wilde_january312005.pdf,clerk_legacy,,5998f7be7c2cad8f21034da1857f6f1ec2e7581544217df8047e562d8f40a334,,no,no
2005-01-01,Gary Ott,Recorder,,2004,statement,2004 Summary Report,Gary Ott (Recorder) — 2004 Summary Report,https://slco.org/clerk/financialDisclosurePDF/Archives/ott_january312005.pdf,2026-08-01,scanned,tesseract OCR (pdftoppm 300dpi),raw/clerk_legacy/ott_january312005.pdf,clerk_legacy,,8b55a2138a6675120c579a2ee7b46b66c4b80c63986b3565325340ec501e50f6,,no,no
2005-01-01,Jennifer Wilson,County Council,At-Large B,2004,statement,2004 Summary Report,Jennifer Wilson (Council At-Large B) — 2004 Summary Report,https://slco.org/clerk/financialDisclosurePDF/Archives/jwilson_january312005.pdf,2026-08-01,scanned,tesseract OCR (pdftoppm 300dpi),raw/clerk_legacy/jwilson_january312005.pdf,clerk_legacy,,0e4547896006ec148aabdd1fa9d1bd3b00731226e2aa44452ad3ee470d82c690,,no,no
2005-01-01,Jim Bradley,County Council,At-Large C,2004,statement,2004 Summary Report,Jim Bradley (Council At-Large C) — 2004 Summary Report,https://slco.org/clerk/financialDisclosurePDF/Archives/bradley_january312005.pdf,2026-08-01,scanned,tesseract OCR (pdftoppm 300dpi),raw/clerk_legacy/bradley_january312005.pdf,clerk_legacy,,731cccfb526dc1b5f30d36b9f16048fd5630ee4b23c7bf9faa2bca18c8261cf7,,no,no
2005-01-01,Joe Hatch,County Council,District 1,2004,statement,2004 Summary Report,Joe Hatch (Council #1) — 2004 Summary Report,https://slco.org/clerk/financialDisclosurePDF/Archives/hatch_january312005.pdf,2026-08-01,scanned,tesseract OCR (pdftoppm 300dpi),raw/clerk_legacy/hatch_january312005.pdf,clerk_legacy,,ddbad3e07f3fe18b289d37b63df750519dfabb6ac864cf6950390b7fc261cd3a,,no,no
2005-01-01,Lee Gardner,Assessor,,2004,statement,2004 Summary Report,Lee Gardner (Assessor) — 2004 Summary Report,https://slco.org/clerk/financialDisclosurePDF/Archives/lgardner_january312005.pdf,2026-08-01,scanned,tesseract OCR (pdftoppm 300dpi),raw/clerk_legacy/lgardner_january312005.pdf,clerk_legacy,,2cc804e6337b543a588aa515a6f403aeab4dd26e3d8f02059a014589dd0647cf,,no,no
2005-01-01,Michael Jensen,County Council,District 2,2004,statement,2004 Summary Report,Michael Jensen (Council #2) — 2004 Summary Report,https://slco.org/clerk/financialDisclosurePDF/Archives/jensen_january312005.pdf,2026-08-01,scanned,tesseract OCR (pdftoppm 300dpi),raw/clerk_legacy/jensen_january312005.pdf,clerk_legacy,,11987d29e843af561d1759761cbcb613cc32eb7c401d7010130e78e769003ad4,,no,no
2005-01-01,Peter Corroon,Mayor,,2004,statement,2004 Summary Report,Peter Corroon (Mayor) — 2004 Summary Report,https://slco.org/clerk/financialDisclosurePDF/Archives/pcorroon_january312005.pdf,2026-08-01,scanned,tesseract OCR (pdftoppm 300dpi),raw/clerk_legacy/pcorroon_january312005.pdf,clerk_legacy,,c47b287b4d56e42da2755f8daa2068099132f53632fac2c8da174569a804b3fb,,no,no
2005-01-01,Randy Horiuchi,County Council,At-Large A,2004,statement,2004 Summary Report,Randy Horiuchi (Council At-Large A) — 2004 Summary Report,https://slco.org/clerk/financialDisclosurePDF/Archives/rhoriuchi_january312005.pdf,2026-08-01,scanned,tesseract OCR (pdftoppm 300dpi),raw/clerk_legacy/rhoriuchi_january312005.pdf,clerk_legacy,,1636602bf28933b956903d3619ae01c9b295d97e1dcfe95f7cafd83ca3e2626b,,no,no
2006-01-01,Aaron D. Kennard,Sheriff,,2006,statement,2006 Interim Reports / April,Aaron D. Kennard (Sheriff) — April,https://slco.org/clerk/financialDisclosurePDF/candidate/akennard_apr52006.pdf,2026-08-01,text,pdftotext -layout,raw/clerk_legacy/akennard_apr52006.pdf,clerk_legacy,,ef0fb0b03294adb73dbcce22319a11f1104e491d2575cfcf3f7d89300bc53a20,,yes,no
2006-01-01,B. Kent Morgan,District Attorney,,2006,statement,2006 Interim Reports / April,B. Kent Morgan (District Attorney) — April,https://slco.org/clerk/financialDisclosurePDF/candidate/kmorgan_apr52006.pdf,2026-08-01,text,pdftotext -layout,raw/clerk_legacy/kmorgan_apr52006.pdf,clerk_legacy,,3cd80e394d928beaf603efb10857043b947b62fc4d23dc22c20ea28afdcb2643,,yes,no
2006-01-01,Benjamin Kendrick,County Council,District 1,2006,statement,2006 Interim Reports / April,Benjamin Kendrick (Council #1) — April,https://slco.org/clerk/financialDisclosurePDF/candidate/bkendrick_apr52006.pdf,2026-08-01,text,pdftotext -layout,raw/clerk_legacy/bkendrick_apr52006.pdf,clerk_legacy,,63874ee98fb3e806ac406221460ee92eea3c8aac3d883b9c9ece3b0e5d60d58e,,yes,no
2006-01-01,Benjamin Kendrick,County Council,District 1,2006,statement,2006 Interim Reports / October,Benjamin Kendrick (Council #1) — October,https://slco.org/clerk/financialDisclosurePDF/candidate/bkendrick_oct312006.pdf,2026-08-01,scanned,tesseract OCR (pdftoppm 300dpi),raw/clerk_legacy/bkendrick_oct312006.pdf,clerk_legacy,,3f268d9aeaa1c8d9dd89238c754701e9ca794935408709a874959afe9ef84c17,,no,no
2006-01-01,Benjamin Kendrick,County Council,District 1,2006,statement,2006 Interim Reports / September,Benjamin Kendrick (Council #1) — September,https://slco.org/clerk/financialDisclosurePDF/candidate/bkendrick_sept152006.pdf,2026-08-01,text,pdftotext -layout,raw/clerk_legacy/bkendrick_sept152006.pdf,clerk_legacy,,dbd392241470bbcb8612c7ca8fb125088888a65d4bcd8ec7efb7d2f9ae1e2022,,yes,no
2006-01-01,Billie Gay Larson,Treasurer,,2006,statement,2006 Interim Reports / April,Billie Gay Larson (Treasurer) — April,https://slco.org/clerk/financialDisclosurePDF/candidate/blarson_apr52006.pdf,2026-08-01,text,pdftotext -layout,raw/clerk_legacy/blarson_apr52006.pdf,clerk_legacy,,1024388447ca211f649e3fc567dd3a25bb30dd85c8d8de38c3716ea3929be477,,yes,no
2006-01-01,Billie Gay Larson,Treasurer,,2006,statement,2006 Interim Reports / September,Billie Gay Larson (Treasurer) — September,https://slco.org/clerk/financialDisclosurePDF/candidate/blarson_sept152006.pdf,2026-08-01,text,pdftotext -layout,raw/clerk_legacy/blarson_sept152006.pdf,clerk_legacy,,181f772348b9f6e86e49f05946efc74183cf1448afeaedbfbe35438a04478f53,,yes,no
2006-01-01,Brent Cardall,Sheriff,,2006,statement,2006 Interim Reports / April,Brent Cardall (Sheriff) — April,https://slco.org/clerk/financialDisclosurePDF/candidate/bcardall_apr52006.pdf,2026-08-01,text,pdftotext -layout,raw/clerk_legacy/bcardall_apr52006.pdf,clerk_legacy,,fbdd84f4ac2754abcde9744ac9b4d00f61008d5b703a8191104d29091d3b8d5c,,yes,no
2006-01-01,Brent Cardall,Sheriff,,2006,statement,2006 Interim Reports / Amendment to April,Brent Cardall (Sheriff) — Amendment to April,https://slco.org/clerk/financialDisclosurePDF/candidate/bcardall_apr52006amend.pdf,2026-08-01,text,pdftotext -layout,raw/clerk_legacy/bcardall_apr52006amend.pdf,clerk_legacy,,4bf14a48e813dababa8bef4fc0ebfa7199defa7eca2e78ca0baeeb30c086e63b,,yes,no
2006-01-01,Carrie Dickson,Clerk,,2006,statement,2006 Interim Reports / April,Carrie Dickson (Clerk) — April,https://slco.org/clerk/financialDisclosurePDF/candidate/cdickson_apr52006.pdf,2026-08-01,text,pdftotext -layout,raw/clerk_legacy/cdickson_apr52006.pdf,clerk_legacy,,4cf77e203f8366ea43a6e5f23d11f593420d329499d7d7907055becd20c2cdb6,,yes,no
2006-01-01,Carrie Dickson,Clerk,,2006,statement,2006 Interim Reports / October,Carrie Dickson (Clerk) — October,https://slco.org/clerk/financialDisclosurePDF/candidate/cdickson_oct312006.pdf,2026-08-01,scanned,tesseract OCR (pdftoppm 300dpi),raw/clerk_legacy/cdickson_oct312006.pdf,clerk_legacy,,d3591d2e1fe29dbd3a78a2487e674e52e2e244942efe4d5e6d339250191d91f6,,no,no
2006-01-01,Carrie Dickson,Clerk,,2006,statement,2006 Interim Reports / September,Carrie Dickson (Clerk) — September,https://slco.org/clerk/financialDisclosurePDF/candidate/cdickson_sept152006.pdf,2026-08-01,text,pdftotext -layout,raw/clerk_legacy/cdickson_sept152006.pdf,clerk_legacy,,13b41a5cf66e2d55f4a45e41402a5c5110d16d858f41d6ada27bdc4bff4f95f1,,yes,no
2006-01-01,Charles Bonsall,Clerk,,2006,statement,2006 Interim Reports / April,Charles Bonsall (Clerk) — April,https://slco.org/clerk/financialDisclosurePDF/candidate/cbonsall_apr52006.pdf,2026-08-01,text,pdftotext -layout,raw/clerk_legacy/cbonsall_apr52006.pdf,clerk_legacy,,2edf902bff2a9545a8162f47dfa12fe9191cb3f83f2b4ea904bf4cb540817d97,,yes,no
2006-01-01,Charles Bonsall,Clerk,,2006,statement,2006 Interim Reports / October,Charles Bonsall (Clerk) — October,https://slco.org/clerk/financialDisclosurePDF/candidate/cbonsall_oct312006.pdf,2026-08-01,scanned,tesseract OCR (pdftoppm 300dpi),raw/clerk_legacy/cbonsall_oct312006.pdf,clerk_legacy,,86263bc58e9bd536f1a1f77562719e4f58b8964b7c86674002be57560206d673,,no,no
2006-01-01,Chuck Tripp,County Council,At-Large C,2006,statement,2006 Interim Reports / October,Chuck Tripp (Council At-Large C) — October,https://slco.org/clerk/financialDisclosurePDF/candidate/ctripp_oct312006.pdf,2026-08-01,scanned,tesseract OCR (pdftoppm 300dpi),raw/clerk_legacy/ctripp_oct312006.pdf,clerk_legacy,,02eb9712161fd0011229df5351e1aaf1685b8f6b5db2e5d74027b6408c19e75f,,no,no
2006-01-01,Chuck Tripp,County Council,At-Large C,2006,statement,2006 Interim Reports / September,Chuck Tripp (Council At-Large C) — September,https://slco.org/clerk/financialDisclosurePDF/candidate/ctripp_sept152006.pdf,2026-08-01,text,pdftotext -layout,raw/clerk_legacy/ctripp_sept152006.pdf,clerk_legacy,,0bad8cf508c9b6ebd7c471f20b770149580677a719a97b8e505c5e052d371db1,,yes,no
2006-01-01,David Wilde,County Council,District 3,2006,statement,2006 Interim Reports / Amendment to April,David Wilde (Council #3) — Amendment to April,https://slco.org/clerk/financialDisclosurePDF/candidate/dwilde_amendapr52006.pdf,2026-08-01,text,pdftotext -layout,raw/clerk_legacy/dwilde_amendapr52006.pdf,clerk_legacy,,2009041c94bf30d41c8761af56bd26aa50b347243708e2fffc8c137b08927e40,,yes,no
2006-01-01,David Wilde,County Council,District 3,2006,statement,2006 Interim Reports / April,David Wilde (Council #3) — April,https://slco.org/clerk/financialDisclosurePDF/candidate/dwilde_apr52006.pdf,2026-08-01,scanned,tesseract OCR (pdftoppm 300dpi),raw/clerk_legacy/dwilde_apr52006.pdf,clerk_legacy,,bed6e3b0884a0aedd01e37d508fd91eba2709ee19aa278a8fa989ba3d8040fd4,,no,no
2006-01-01,David Wilde,County Council,District 3,2006,statement,2006 Interim Reports / October,David Wilde (Council #3) — October,https://slco.org/clerk/financialDisclosurePDF/candidate/dwilde_oct312006.pdf,2026-08-01,scanned,tesseract OCR (pdftoppm 300dpi),raw/clerk_legacy/dwilde_oct312006.pdf,clerk_legacy,,90debf78c2b3da49a4eabb76a86a3878342d3cf80081c75f03293fa4b0a64b80,,no,no
2006-01-01,David Wilde,County Council,District 3,2006,statement,2006 Interim Reports / September,David Wilde (Council #3) — September,https://slco.org/clerk/financialDisclosurePDF/candidate/dwilde_sept152006.pdf,2026-08-01,text,pdftotext -layout,raw/clerk_legacy/dwilde_sept152006.pdf,clerk_legacy,,82f7174f951110ddc63efe11d9f6625cba7dc2b9ecf638b7e231579bd39ce466,,yes,no
2006-01-01,David Wilde,County Council,District 3,2006,statement,2006 Interim Reports / Amendment to September,David Wilde (Council #3) — Amendment to September,https://slco.org/clerk/financialDisclosurePDF/candidate/dwilde_sept152006amendment.pdf,2026-08-01,text,pdftotext -layout,raw/clerk_legacy/dwilde_sept152006amendment.pdf,clerk_legacy,,07f6f581bdaec6521c9c8d96ca30ed63c64b2a851ea015dc876a90711a321cc9,,yes,no
2006-01-01,Deanna L. Taylor,County Council,District 5,2006,statement,2006 Interim Reports / April,Deanna L. Taylor (Council #5) — April,https://slco.org/clerk/financialDisclosurePDF/candidate/dtaylor_apr52006.pdf,2026-08-01,text,pdftotext -layout,raw/clerk_legacy/dtaylor_apr52006.pdf,clerk_legacy,,0683f2a06e69731a4accca3d1db0c867569533ba3d67c2ff204eb482de809700,,yes,no
2006-01-01,Deanna L. Taylor,County Council,District 5,2006,statement,2006 Interim Reports / October,Deanna L. Taylor (Council #5) — October,https://slco.org/clerk/financialDisclosurePDF/candidate/dtaylor_oct312006.pdf,2026-08-01,scanned,tesseract OCR (pdftoppm 300dpi),raw/clerk_legacy/dtaylor_oct312006.pdf,clerk_legacy,,22d9d740e8abf6b868e90bbe4e92b0b9362ed89cdd76647263eaa422974402fe,,no,no
2006-01-01,Diane Turner,County Council,District 3,2006,statement,2006 Interim Reports / April,Diane Turner (Council #3) — April,https://slco.org/clerk/financialDisclosurePDF/candidate/dturner_apr52006.pdf,2026-08-01,text,pdftotext -layout,raw/clerk_legacy/dturner_apr52006.pdf,clerk_legacy,,f4b05376a5363ea6579ad5e837c8f725b46b44acdab1a2087fde55c176cb8ecb,,yes,no
2006-01-01,Diane Turner,County Council,District 3,2006,statement,2006 Interim Reports / September,Diane Turner (Council #3) — September,https://slco.org/clerk/financialDisclosurePDF/candidate/dturner_sept152006.pdf,2026-08-01,text,pdftotext -layout,raw/clerk_legacy/dturner_sept152006.pdf,clerk_legacy,,37b11f40c04a79b7562aca62945d8da912c634ae0f147679e8ff6dc8199d99ca,,yes,no
2006-01-01,Don W. Johnstun,County Council,At-Large C,2006,statement,2006 Interim Reports / April,Don W. Johnstun (Council At-Large C) — April,https://slco.org/clerk/financialDisclosurePDF/candidate/dwjohnstun_apr52006.pdf,2026-08-01,text,pdftotext -layout,raw/clerk_legacy/dwjohnstun_apr52006.pdf,clerk_legacy,,1a2cfc66c14c9842deda8001f1c8257ccbeb5d78bf0ab1c3ce0483b911636134,,yes,no
2006-01-01,Douglas C. Borba,County Council,District 3,2006,statement,2006 Interim Reports / Final/Dissolution,Douglas C. Borba (Council #3) — Final/Dissolution,https://slco.org/clerk/financialDisclosurePDF/Archives/BordbaD_Council3_June2006.pdf,2026-08-01,scanned,tesseract OCR (pdftoppm 300dpi),raw/clerk_legacy/BordbaD_Council3_June2006.pdf,clerk_legacy,,001ae9810dbe266df9564d95a33a4894f46761a1b18ddeb0a1c76feae5715dc4,,no,no
2006-01-01,Douglas C. Borba,County Council,District 3,2006,statement,2006 Interim Reports / April,Douglas C. Borba (Council #3) — April,https://slco.org/clerk/financialDisclosurePDF/candidate/dborba_apr52006.pdf,2026-08-01,text,pdftotext -layout,raw/clerk_legacy/dborba_apr52006.pdf,clerk_legacy,,274d3028d5052b1ed356fb8585c9191ff6a88a88b215de6aa3d99ba42c2d7d3e,,yes,no
2006-01-01,E. Dana Peck,Surveyor,,2006,statement,2006 Interim Reports / April/Dissolution,E. Dana Peck (Surveyor) — April/Dissolution,https://slco.org/clerk/financialDisclosurePDF/candidate/dpeck_apr52006.pdf,2026-08-01,text,pdftotext -layout,raw/clerk_legacy/dpeck_apr52006.pdf,clerk_legacy,,5e70e87888ed2433f0875f95286bf207e1c6ace37b40995cf68c1b54d58755a6,,yes,no
2006-01-01,Gary Ott,Recorder,,2006,statement,2006 Interim Reports / April,Gary Ott (Recorder) — April,https://slco.org/clerk/financialDisclosurePDF/candidate/gott_apr52006.pdf,2026-08-01,text,pdftotext -layout,raw/clerk_legacy/gott_apr52006.pdf,clerk_legacy,,030eae84297ea57abe2c03000a30984f7b64db25b82964761f9877283c34d4ad,,yes,no
2006-01-01,Gary Ott,Recorder,,2006,statement,2006 Interim Reports / October,Gary Ott (Recorder) — October,https://slco.org/clerk/financialDisclosurePDF/candidate/gott_oct312006.pdf,2026-08-01,scanned,tesseract OCR (pdftoppm 300dpi),raw/clerk_legacy/gott_oct312006.pdf,clerk_legacy,,a5c5f9dd911a4dbb3601f5556c04c6ce2fc3938e286d73b30f42d8787edc87f0,,no,no
2006-01-01,Gary Ott,Recorder,,2006,statement,2006 Interim Reports / September,Gary Ott (Recorder) — September,https://slco.org/clerk/financialDisclosurePDF/candidate/gott_sept152006.pdf,2026-08-01,text,pdftotext -layout,raw/clerk_legacy/gott_sept152006.pdf,clerk_legacy,,347793518afa51774714a3c7f8c7ccdab1985d89f2c63c725716d3dfd245fe99,,yes,no
2006-01-01,Gary Ott,Recorder,,2006,statement,2006 Interim Reports / Amendment to September,Gary Ott (Recorder) — Amendment to September,https://slco.org/clerk/financialDisclosurePDF/candidate/gott_sept152006amend.pdf,2026-08-01,text,pdftotext -layout,raw/clerk_legacy/gott_sept152006amend.pdf,clerk_legacy,,96c60a279e4077bcd40223f7ec9bbf83dd4bba5379527418804062fe557ac561,,yes,no
2006-01-01,James M Winder,Sheriff,,2006,statement,2006 Interim Reports / Amendment to September,James M Winder (Sheriff) — Amendment to September,https://slco.org/clerk/financialDisclosurePDF/candidate/jimwinder_sept152006amendment.pdf,2026-08-01,text,pdftotext -layout,raw/clerk_legacy/jimwinder_sept152006amendment.pdf,clerk_legacy,,c124f73ec03a567cbdc967180eca24d9d7e2c6104f61abc6f3e3eaf4408be567,,yes,no
2006-01-01,James M Winder,Sheriff,,2006,statement,2006 Interim Reports / April,James M Winder (Sheriff) — April,https://slco.org/clerk/financialDisclosurePDF/candidate/jwinder_apr52006.pdf,2026-08-01,text,pdftotext -layout,raw/clerk_legacy/jwinder_apr52006.pdf,clerk_legacy,,b0d436e93147b46051c00d768bbf2f63bb8d56e69c7e9f2dba012a48bf6913d0,,yes,no
2006-01-01,James M Winder,Sheriff,,2006,statement,2006 Interim Reports / October,James M Winder (Sheriff) — October,https://slco.org/clerk/financialDisclosurePDF/candidate/jwinder_oct312006.pdf,2026-08-01,scanned,tesseract OCR (pdftoppm 300dpi),raw/clerk_legacy/jwinder_oct312006.pdf,clerk_legacy,,416e5ad8d9a4986cef0017eab26b1b7f4d4d041564d799015bcd93addd6f3d9f,,no,no
2006-01-01,James M Winder,Sheriff,,2006,statement,2006 Interim Reports / September,James M Winder (Sheriff) — September,https://slco.org/clerk/financialDisclosurePDF/candidate/jwinder_sept152006.pdf,2026-08-01,text,pdftotext -layout,raw/clerk_legacy/jwinder_sept152006.pdf,clerk_legacy,,33f0bb51e924a3f5e945fc31e8c6b2707b039647b58fc0ed986e6c70fa0445b7,,yes,no
2006-01-01,Janice Auger,County Council,At-Large C,2006,statement,2006 Interim Reports / April,Janice Auger (Council At-Large C) — April,https://slco.org/clerk/financialDisclosurePDF/candidate/jauger_apr52006.pdf,2026-08-01,text,pdftotext -layout,raw/clerk_legacy/jauger_apr52006.pdf,clerk_legacy,,0d27258dee0b4811ef757c063eabf1efb7e2bb239a0b648636963399872480b7,,yes,no
2006-01-01,Janice Auger,County Council,At-Large C,2006,statement,2006 Interim Reports / October,Janice Auger (Council At-Large C) — October,https://slco.org/clerk/financialDisclosurePDF/candidate/jauger_oct312006.pdf,2026-08-01,scanned,tesseract OCR (pdftoppm 300dpi),raw/clerk_legacy/jauger_oct312006.pdf,clerk_legacy,,f06469bebb2d7f6c8d94839b3612af5402a5716c45a5520ca91419681ae6b7c4,,no,no
2006-01-01,Janice Auger,County Council,At-Large C,2006,statement,2006 Interim Reports / September,Janice Auger (Council At-Large C) — September,https://slco.org/clerk/financialDisclosurePDF/candidate/jauger_sept152006.pdf,2026-08-01,text,pdftotext -layout,raw/clerk_legacy/jauger_sept152006.pdf,clerk_legacy,,6d8ed8080171975a64828c71d26c4fc20d23fc1c5349e54bea2d2b2cf25618a6,,yes,no
2006-01-01,Jeff S. Allen,County Council,District 5,2006,statement,2006 Interim Reports / April,Jeff S. Allen (Council #5) — April,https://slco.org/clerk/financialDisclosurePDF/candidate/jallen_apr52006.pdf,2026-08-01,text,pdftotext -layout,raw/clerk_legacy/jallen_apr52006.pdf,clerk_legacy,,d730f9f2b3a07f9195b9baadc9e7d3ca818a6df2be83bd6f3d44d7e2505d1531,,yes,no
2006-01-01,Jeff S. Allen,County Council,District 5,2006,statement,2006 Interim Reports / October,Jeff S. Allen (Council #5) — October,https://slco.org/clerk/financialDisclosurePDF/candidate/jallen_oct312006.pdf,2026-08-01,scanned,tesseract OCR (pdftoppm 300dpi),raw/clerk_legacy/jallen_oct312006.pdf,clerk_legacy,,e4217d67ed445f12987a4e443e3ed0c693d19ce00ba73182828a3bf078596587,,no,no
2006-01-01,Jeff S. Allen,County Council,District 5,2006,statement,2006 Interim Reports / September,Jeff S. Allen (Council #5) — September,https://slco.org/clerk/financialDisclosurePDF/candidate/jallen_sept152006.pdf,2026-08-01,text,pdftotext -layout,raw/clerk_legacy/jallen_sept152006.pdf,clerk_legacy,,5db780087c1f2ea26ddc039cca3247bce6c4b214a1bd725463265c4961fffd43,,yes,no
2006-01-01,Jeffrey Hatch,Auditor,,2006,statement,2006 Interim Reports / April,Jeffrey Hatch (Auditor) — April,https://slco.org/clerk/financialDisclosurePDF/candidate/jeffhatch_apr52006.pdf,2026-08-01,text,pdftotext -layout,raw/clerk_legacy/jeffhatch_apr52006.pdf,clerk_legacy,,c9a88c2c3c22e3fe65cbcb049d5c53ba020db71d5d37d447ac3f3c9348dd62ff,,yes,no
2006-01-01,Jim Bradley,County Council,At-Large C,2006,statement,2006 Interim Reports / April,Jim Bradley (Council At-Large C) — April,https://slco.org/clerk/financialDisclosurePDF/candidate/jbradley_apr52006.pdf,2026-08-01,text,pdftotext -layout,raw/clerk_legacy/jbradley_apr52006.pdf,clerk_legacy,,d43a899eceb68174f69305144b87dbcc8790fc477cc6fe2af13a2c6ddca1b595,,yes,no
2006-01-01,Jim Bradley,County Council,At-Large C,2006,statement,2006 Interim Reports / October,Jim Bradley (Council At-Large C) — October,https://slco.org/clerk/financialDisclosurePDF/candidate/jbradley_oct312006.pdf,2026-08-01,scanned,tesseract OCR (pdftoppm 300dpi),raw/clerk_legacy/jbradley_oct312006.pdf,clerk_legacy,,37bc4b98e0509dec1f67b8f7b3930e1599ed5e453392c8fd0b8f0405745083c8,,no,no
2006-01-01,Jim Bradley,County Council,At-Large C,2006,statement,2006 Interim Reports / Amendment to October,Jim Bradley (Council At-Large C) — Amendment to October,https://slco.org/clerk/financialDisclosurePDF/candidate/jbradley_oct312006amendment.pdf,2026-08-01,scanned,tesseract OCR (pdftoppm 300dpi),raw/clerk_legacy/jbradley_oct312006amendment.pdf,clerk_legacy,,6c1a0f146d83787bd3a725458a251df146e934ced1a19d116a964a2c25bbeda6,,no,no
2006-01-01,Jim Bradley,County Council,At-Large C,2006,statement,2006 Interim Reports / September,Jim Bradley (Council At-Large C) — September,https://slco.org/clerk/financialDisclosurePDF/candidate/jbradley_sept152006.pdf,2026-08-01,text,pdftotext -layout,raw/clerk_legacy/jbradley_sept152006.pdf,clerk_legacy,,3f50c3c057b2d44f5d344202a055a47bea517b9852ba85d40fee1eeb81564185,,yes,no
2006-01-01,Jim Bradley,County Council,At-Large C,2006,statement,2006 Interim Reports / Amendment to April,Jim Bradley (Council At-Large C) — Amendment to April,https://slco.org/clerk/financialDisclosurePDF/candidate/jimbradley_april52006amendment.pdf,2026-08-01,text,pdftotext -layout,raw/clerk_legacy/jimbradley_april52006amendment.pdf,clerk_legacy,,a2c469ffba5b2eb2562ae080a4f78f30a0bc22f4fa930e36905a69bcc27dae6b,,yes,no
2006-01-01,Jim Bradley,County Council,At-Large C,2006,statement,2006 Interim Reports / Amendment to June,Jim Bradley (Council At-Large C) — Amendment to June,https://slco.org/clerk/financialDisclosurePDF/candidate/jimbradley_june2006amendment.pdf,2026-08-01,text,pdftotext -layout,raw/clerk_legacy/jimbradley_june2006amendment.pdf,clerk_legacy,,7f5ba0b6eec214c9932488e9ebbd8963a13e5a659f8a444690c1dc1dbee45ceb,,yes,no
2006-01-01,Jimmy L. Cadman,County Council,At-Large C,2006,statement,2006 Interim Reports / October,Jimmy L. Cadman (Council At-Large C) — October,https://slco.org/clerk/financialDisclosurePDF/candidate/jcadman_oct312006.pdf,2026-08-01,scanned,tesseract OCR (pdftoppm 300dpi),raw/clerk_legacy/jcadman_oct312006.pdf,clerk_legacy,,a4d11f6c36735261840100cc5ab182f2a9e042fc0983861b50951e2249b772db,,no,no
2006-01-01,Jimmy L. Cadman,County Council,At-Large C,2006,statement,2006 Interim Reports / September,Jimmy L. Cadman (Council At-Large C) — September,https://slco.org/clerk/financialDisclosurePDF/candidate/jcadman_sept152006.pdf,2026-08-01,text,pdftotext -layout,raw/clerk_legacy/jcadman_sept152006.pdf,clerk_legacy,,663833b1879cfd89c1116a5fc725a15ed7d3cd48917c951dedd3e5ab5d5192fe,,yes,no
2006-01-01,Jimmy L. Cadman,County Council,At-Large C,2006,statement,2006 Small Budget,Jimmy L. Cadman (Council At-Large C) — 2006 Small Budget,https://slco.org/clerk/financialDisclosurePDF/candidate/jcadman_smallbudgetapr52006.pdf,2026-08-01,text,pdftotext -layout,raw/clerk_legacy/jcadman_smallbudgetapr52006.pdf,clerk_legacy,,3231882c653de4cf739362750c4e4d76f02db789e817f6a254a32aa4e04b8fbb,,yes,no
2006-01-01,Joe Hatch,County Council,District 1,2006,statement,2006 Interim Reports / April,Joe Hatch (Council #1) — April,https://slco.org/clerk/financialDisclosurePDF/candidate/jhatch_apr52006.pdf,2026-08-01,text,pdftotext -layout,raw/clerk_legacy/jhatch_apr52006.pdf,clerk_legacy,,fd64ea59ce99bfdf8a869bf7d9202f17cf859b64ed50dcc6c8960ed5d7281b76,,yes,no
2006-01-01,Joe Hatch,County Council,District 1,2006,statement,2006 Interim Reports / October,Joe Hatch (Council #1) — October,https://slco.org/clerk/financialDisclosurePDF/candidate/jhatch_oct312006.pdf,2026-08-01,scanned,tesseract OCR (pdftoppm 300dpi),raw/clerk_legacy/jhatch_oct312006.pdf,clerk_legacy,,42516be8becaf5d26234ff04d15d4b9ff705ff66b347d14b99c44afa0cee8a29,,no,no
2006-01-01,Joe Hatch,County Council,District 1,2006,statement,2006 Interim Reports / September,Joe Hatch (Council #1) — September,https://slco.org/clerk/financialDisclosurePDF/candidate/jhatch_sept152006.pdf,2026-08-01,text,pdftotext -layout,raw/clerk_legacy/jhatch_sept152006.pdf,clerk_legacy,,1af9a2d5f6bc941d2e6927e8e3f041fc78f12c97299e9ebacc31fe336b0dd97e,,yes,no
2006-01-01,Josie Valdez,Assessor,,2006,statement,2006 Interim Reports / April,Josie Valdez (Assessor) — April,https://slco.org/clerk/financialDisclosurePDF/candidate/jvaldez_apr52006.pdf,2026-08-01,text,pdftotext -layout,raw/clerk_legacy/jvaldez_apr52006.pdf,clerk_legacy,,e608e52e19a1ec4a4fd20ced8973f3895e3fd368f56b8d981483a3f0e59a2829,,yes,no
2006-01-01,Kelton M. Baker,Treasurer,,2006,statement,2006 Interim Reports / April,Kelton M. Baker (Treasurer) — April,https://slco.org/clerk/financialDisclosurePDF/candidate/kbaker_apr52006.pdf,2026-08-01,text,pdftotext -layout,raw/clerk_legacy/kbaker_apr52006.pdf,clerk_legacy,,a18ce5df65702151746455894514da382af5bb00962d44f95cda9595bcb602b4,,yes,no
2006-01-01,Kelton M. Baker,Treasurer,,2006,statement,2006 Interim Reports / October,Kelton M. Baker (Treasurer) — October,https://slco.org/clerk/financialDisclosurePDF/candidate/kbaker_oct312006.pdf,2026-08-01,scanned,tesseract OCR (pdftoppm 300dpi),raw/clerk_legacy/kbaker_oct312006.pdf,clerk_legacy,,b74b420b70d1d8af989642a9424060f1cb8434ad5e78e3325e1fb439756ffa8b,,no,no
2006-01-01,Kelton M. Baker,Treasurer,,2006,statement,Small Budget,Kelton M. Baker (Treasurer) — Small Budget,https://slco.org/clerk/financialDisclosurePDF/candidate/kbaker_smallbudgetapr52006.pdf,2026-08-01,text,pdftotext -layout,raw/clerk_legacy/kbaker_smallbudgetapr52006.pdf,clerk_legacy,,394b8ed5578d08e8f4a044725661ecc736dc28e8c8fc95512b76bd5882a9d931,,yes,no
2006-01-01,Kim W. Lundeberg,,,2006,statement,2006 Interim Reports / April,Kim W. Lundeberg () — April,https://slco.org/clerk/financialDisclosurePDF/candidate/klundeberg_apr52006.pdf,2026-08-01,text,pdftotext -layout,raw/clerk_legacy/klundeberg_apr52006.pdf,clerk_legacy,,1a5933c0a1b94215c792322fce62c5e92921ba28c1c06684121e28dbd804b1a1,,yes,no
2006-01-01,Larry W. Richardson,Treasurer,,2006,statement,2006 Interim Reports / April,Larry W. Richardson (Treasurer) — April,https://slco.org/clerk/financialDisclosurePDF/candidate/lrichardson_apr52006.pdf,2026-08-01,text,pdftotext -layout,raw/clerk_legacy/lrichardson_apr52006.pdf,clerk_legacy,,d32db7f46eebd26a93979940050a2e71a299cad8384104a31dc4b14ba6f4f63e,,yes,no
2006-01-01,Lawrence Rey Topham,Clerk,,2006,statement,2006 Interim Reports / April,Lawrence Rey Topham (Clerk) — April,https://slco.org/clerk/financialDisclosurePDF/candidate/lrtopham_apr52006.pdf,2026-08-01,text,pdftotext -layout,raw/clerk_legacy/lrtopham_apr52006.pdf,clerk_legacy,,2e09507eeeb411afe30c742c1e53bd19f98cecaf8855f234dedbb02c5da32e88,,yes,no
2006-01-01,Lawrence Rey Topham,Clerk,,2006,statement,2006 Interim Reports / October,Lawrence Rey Topham (Clerk) — October,https://slco.org/clerk/financialDisclosurePDF/candidate/ltopham_oct312006.pdf,2026-08-01,scanned,tesseract OCR (pdftoppm 300dpi),raw/clerk_legacy/ltopham_oct312006.pdf,clerk_legacy,,beb576880065f6ce57d4b0f1ea65b6947cf8e1af495434f88e5d34b62397d72e,,no,no
2006-01-01,Lawrence Rey Topham,Clerk,,2006,statement,2006 Interim Reports / September,Lawrence Rey Topham (Clerk) — September,https://slco.org/clerk/financialDisclosurePDF/candidate/ltopham_sept152006.pdf,2026-08-01,text,pdftotext -layout,raw/clerk_legacy/ltopham_sept152006.pdf,clerk_legacy,,1e8ced984467d147b01756c17652296eea5b9b252f45541143109ef7d8cb2544,,yes,no
2006-01-01,Lee Gardner,Assessor,,2006,statement,2006 Interim Reports / April,Lee Gardner (Assessor) — April,https://slco.org/clerk/financialDisclosurePDF/candidate/lgardner_apr52006.pdf,2026-08-01,text,pdftotext -layout,raw/clerk_legacy/lgardner_apr52006.pdf,clerk_legacy,,3d63db7313b74efedaeafd3a9c4e348509df22abb6fbd615af0abf3e85e4fd6e,,yes,no
2006-01-01,Leslie Reberg,Recorder,,2006,statement,2006 Interim Reports / June,Leslie Reberg (Recorder) — June,https://slco.org/clerk/financialDisclosurePDF/Archives/RebergL_Recorder_June2006.pdf,2026-08-01,scanned,tesseract OCR (pdftoppm 300dpi),raw/clerk_legacy/RebergL_Recorder_June2006.pdf,clerk_legacy,,bfcdea92453707d0035e2defdccd80b0059d3ffcaa9aa2b9c52ec894fedd53a0,,no,no
2006-01-01,Leslie Reberg,Recorder,,2006,statement,2006 Interim Reports / Amendment to June,Leslie Reberg (Recorder) — Amendment to June,https://slco.org/clerk/financialDisclosurePDF/Archives/RebergL_Recorder_June2006Amend.pdf,2026-08-01,scanned,tesseract OCR (pdftoppm 300dpi),raw/clerk_legacy/RebergL_Recorder_June2006Amend.pdf,clerk_legacy,,4a074edbaa3df82ff750ec0adfc8920ba776f5167fd640952181125a1eea9ff5,,no,no
2006-01-01,Leslie Reberg,Recorder,,2006,statement,2006 Interim Reports / April,Leslie Reberg (Recorder) — April,https://slco.org/clerk/financialDisclosurePDF/candidate/lreberg_apr52006.pdf,2026-08-01,text,pdftotext -layout,raw/clerk_legacy/lreberg_apr52006.pdf,clerk_legacy,,754177da17788db8299641acd7accf012d6924e4ea47c3c023d71b5c7c649d69,,yes,no
2006-01-01,Leslie Reberg,Recorder,,2006,statement,2006 Interim Reports / October,Leslie Reberg (Recorder) — October,https://slco.org/clerk/financialDisclosurePDF/candidate/lreberg_oct312006.pdf,2026-08-01,scanned,tesseract OCR (pdftoppm 300dpi),raw/clerk_legacy/lreberg_oct312006.pdf,clerk_legacy,,04f24aee34952f30c5d2d15d69097509d5425aac607a4060541324457ab8b05c,,no,no
2006-01-01,Leslie Reberg,Recorder,,2006,statement,2006 Interim Reports / September,Leslie Reberg (Recorder) — September,https://slco.org/clerk/financialDisclosurePDF/candidate/lreberg_sept152006.pdf,2026-08-01,text,pdftotext -layout,raw/clerk_legacy/lreberg_sept152006.pdf,clerk_legacy,,832a509e593dc57e15272eb7a5abd373933d2ac92ecea86505926d9abfbc4baa,,yes,no
2006-01-01,Lilli Decair,County Council,District 1,2006,statement,2006 Interim Reports / April,Lilli Decair (Council #1) — April,https://slco.org/clerk/financialDisclosurePDF/candidate/ldecair_apr52006.pdf,2026-08-01,text,pdftotext -layout,raw/clerk_legacy/ldecair_apr52006.pdf,clerk_legacy,,451b6187a60e38684a45ed0e8f59b15e8de7e1a55dba22df0f0d9c46de9c5c4c,,yes,no
2006-01-01,Lilli Decair,County Council,District 1,2006,statement,2006 Interim Reports / October/Dissolution,Lilli Decair (Council #1) — October/Dissolution,https://slco.org/clerk/financialDisclosurePDF/candidate/ldecair_oct312006.pdf,2026-08-01,scanned,tesseract OCR (pdftoppm 300dpi),raw/clerk_legacy/ldecair_oct312006.pdf,clerk_legacy,,faf2861785f490a06950f951f007dafcc12720d97f0475617215ed02f60f5b9e,,no,no
2006-01-01,Lilli Decair,County Council,District 1,2006,statement,2006 Interim Reports / September,Lilli Decair (Council #1) — September,https://slco.org/clerk/financialDisclosurePDF/candidate/ldecair_sept152006.pdf,2026-08-01,text,pdftotext -layout,raw/clerk_legacy/ldecair_sept152006.pdf,clerk_legacy,,a6f27cafbe586864de423945096b6f6029fe6cab1225c9e7e668aeaa920006a4,,yes,no
2006-01-01,Lohra Miller,District Attorney,,2006,statement,2006 Interim Reports / April,Lohra Miller (District Attorney) — April,https://slco.org/clerk/financialDisclosurePDF/candidate/lmiller_apr52006.pdf,2026-08-01,text,pdftotext -layout,raw/clerk_legacy/lmiller_apr52006.pdf,clerk_legacy,,9c139e1e97463daefddc28860325fb530b86a79cc3fe870413a1dddfa301ef2d,,yes,no
2006-01-01,Nate Hendricks,County Council,District 5,2006,statement,2006 Interim Reports / April,Nate Hendricks (Council #5) — April,https://slco.org/clerk/financialDisclosurePDF/candidate/nhendricks_apr52006.pdf,2026-08-01,text,pdftotext -layout,raw/clerk_legacy/nhendricks_apr52006.pdf,clerk_legacy,,980962a31ab19082cec8381e501451436806ca0fbf68b0d531d826005c144b70,,yes,no
2006-01-01,Nate Hendricks,County Council,District 5,2006,statement,2006 Interim Reports / October,Nate Hendricks (Council #5) — October,https://slco.org/clerk/financialDisclosurePDF/candidate/nhendricks_oct312006.pdf,2026-08-01,scanned,tesseract OCR (pdftoppm 300dpi),raw/clerk_legacy/nhendricks_oct312006.pdf,clerk_legacy,,af1942f648bc9fb98d7f43124a5bd48d17e0e04aa9de3fb298c1b470e4323963,,no,no
2006-01-01,Nate Hendricks,County Council,District 5,2006,statement,2006 Interim Reports / September,Nate Hendricks (Council #5) — September,https://slco.org/clerk/financialDisclosurePDF/candidate/nhendricks_sept152006.pdf,2026-08-01,text,pdftotext -layout,raw/clerk_legacy/nhendricks_sept152006.pdf,clerk_legacy,,ea8155bfb1ad61f35d19f49f4700dd4bd4bbd10ad2534305fd9c59aa020d7ea9,,yes,no
2006-01-01,Reid Demman,Surveyor,,2006,statement,2006 Interim Reports / April,Reid Demman (Surveyor) — April,https://slco.org/clerk/financialDisclosurePDF/candidate/rdemman_apr52006.pdf,2026-08-01,text,pdftotext -layout,raw/clerk_legacy/rdemman_apr52006.pdf,clerk_legacy,,80fdcf5f20cf78dca83002bfa5d80c6cce947d5fbbf37b602b5c5563bb84ae14,,yes,no
2006-01-01,Rob Latham,District Attorney,,2006,statement,2006 Interim Reports / April,Rob Latham (District Attorney) — April,https://slco.org/clerk/financialDisclosurePDF/candidate/rlatham_apr52006.pdf,2026-08-01,text,pdftotext -layout,raw/clerk_legacy/rlatham_apr52006.pdf,clerk_legacy,,bcec02782fc428796aa094b90b33a4f40a14b41021d8460a94a4ab20b0f60372,,yes,no
2006-01-01,Rob Latham,District Attorney,,2006,statement,2006 Interim Reports / October,Rob Latham (District Attorney) — October,https://slco.org/clerk/financialDisclosurePDF/candidate/rlatham_oct312006.pdf,2026-08-01,scanned,tesseract OCR (pdftoppm 300dpi),raw/clerk_legacy/rlatham_oct312006.pdf,clerk_legacy,,2954c12e08a099f22570b156f30f2582b5b04663d7ee1a4bda7f468fe40f290d,,no,no
2006-01-01,Rob Latham,District Attorney,,2006,statement,2006 Interim Reports / September,Rob Latham (District Attorney) — September,https://slco.org/clerk/financialDisclosurePDF/candidate/rlatham_sept152006.pdf,2026-08-01,text,pdftotext -layout,raw/clerk_legacy/rlatham_sept152006.pdf,clerk_legacy,,2bccf4cd04cd2ad3f0ab080cdce36532d061aad11ca0719263d6a679adc525cb,,yes,no
2006-01-01,Russell A. Cannon,County Council,District 5,2006,statement,2006 Interim Reports / April,Russell A. Cannon (Council #5) — April,https://slco.org/clerk/financialDisclosurePDF/candidate/rcannon_apr52006.pdf,2026-08-01,text,pdftotext -layout,raw/clerk_legacy/rcannon_apr52006.pdf,clerk_legacy,,8181bf88bb7c23abfb2a57af83356f01929233c788ee548141a9501f95594510,,yes,no
2006-01-01,Sean Thomas,Auditor,,2006,statement,2006 Interim Reports / April,Sean Thomas (Auditor) — April,https://slco.org/clerk/financialDisclosurePDF/candidate/sthomas_apr52006.pdf,2026-08-01,text,pdftotext -layout,raw/clerk_legacy/sthomas_apr52006.pdf,clerk_legacy,,279a15e505052331196e2e628a485aa81ad59e3c0805cf09a280c7a6c5edae86,,yes,no
2006-01-01,Sherrie Swensen,Clerk,,2006,statement,2006 Interim Reports / April,Sherrie Swensen (Clerk) — April,https://slco.org/clerk/financialDisclosurePDF/candidate/sswensen_apr52006.pdf,2026-08-01,text,pdftotext -layout,raw/clerk_legacy/sswensen_apr52006.pdf,clerk_legacy,,c78f0e166c17efda847a8aded33ce8a8529015de397467681009a916f8b1fd58,,yes,no
2006-01-01,Sim Gill,District Attorney,,2006,statement,2006 Interim Reports / April,Sim Gill (District Attorney) — April,https://slco.org/clerk/financialDisclosurePDF/candidate/sgill_apr52006.pdf,2026-08-01,text,pdftotext -layout,raw/clerk_legacy/sgill_apr52006.pdf,clerk_legacy,,aca2fb4f89a155ad926d64f7432bf77a2d838513a953fe6662e7c062e47bfbf7,,yes,no
2006-01-01,Sim Gill,District Attorney,,2006,statement,2006 Interim Reports / September,Sim Gill (District Attorney) — September,https://slco.org/clerk/financialDisclosurePDF/candidate/sgill_sept152006.pdf,2026-08-01,text,pdftotext -layout,raw/clerk_legacy/sgill_sept152006.pdf,clerk_legacy,,d1311ad45d9554bc593e8428e3ee66b5a287905c3125c2cfc8b26cbc4db1a68c,,yes,no
2006-01-01,Sim Gill,District Attorney,,2006,statement,2006 Interim Reports / October,Sim Gill (District Attorney) — October,https://slco.org/clerk/financialDisclosurePDF/candidate/simgill_oct312006.pdf,2026-08-01,scanned,tesseract OCR (pdftoppm 300dpi),raw/clerk_legacy/simgill_oct312006.pdf,clerk_legacy,,58447716fbd798c0580d6a145cd293e78656583bcc4f42b044d0421b0adc7daf,,no,no
2006-01-01,Sim Gill,District Attorney,,2006,statement,2006 Interim Reports / Amendment to October,Sim Gill (District Attorney) — Amendment to October,https://slco.org/clerk/financialDisclosurePDF/candidate/simgill_oct312006amendment.pdf,2026-08-01,scanned,tesseract OCR (pdftoppm 300dpi),raw/clerk_legacy/simgill_oct312006amendment.pdf,clerk_legacy,,e26826c9b6963b8028e18cd6b4dda28a3f5e82213d386df629e1a6906c90fd18,,no,no
2006-01-01,Steven F. Shamy Sr.,County Council,District 3,2006,statement,2006 Interim Reports / April,Steven F. Shamy Sr. (Council #3) — April,https://slco.org/clerk/financialDisclosurePDF/candidate/sshamy_apr52006.pdf,2026-08-01,text,pdftotext -layout,raw/clerk_legacy/sshamy_apr52006.pdf,clerk_legacy,,76badd23b9a00110f9e4534c69272c588de67d5cd39c2a98b0c412132a98e7f9,,yes,no
2008-01-01,Brent Cardall,Sheriff,,2008,statement,2006 Interim Reports / 2008 Summary Report,Brent Cardall (Sheriff) — 2008 Summary Report,https://slco.org/clerk/financialDisclosurePDF/2008County/09_bcardall_yearendsummreport.pdf,2026-08-01,scanned,tesseract OCR (pdftoppm 300dpi),raw/clerk_legacy/09_bcardall_yearendsummreport.pdf,clerk_legacy,,389df9023c38cdc4b22640e6bd73abf204365bc87e8eb7578fe97720be609999,,no,no
2008-01-01,Carrie Dickson,Clerk,,2008,statement,2006 Interim Reports / 2008 Summary Report,Carrie Dickson (Clerk) — 2008 Summary Report,https://slco.org/clerk/financialDisclosurePDF/2008County/09_cdickson_yearendsumm.pdf,2026-08-01,scanned,tesseract OCR (pdftoppm 300dpi),raw/clerk_legacy/09_cdickson_yearendsumm.pdf,clerk_legacy,,2c53d86a744e27cd72ecb21444bcfd9f88d83dc3f4d8d2c074a52449d101d9b5,,no,no
2009-01-01,Christian Burridge,County Council,At-Large B,2008,statement,2009 Summary Report,Christian Burridge (Council At-Large B) — 2009 Summary Report,https://slco.org/clerk/financialDisclosurePDF/2009Disclosures/cburridge_09_YearEnd.pdf,2026-08-01,scanned,tesseract OCR (pdftoppm 300dpi),raw/clerk_legacy/cburridge_09_YearEnd.pdf,clerk_legacy,,3bb190652c6ddc4079e0dbc4935e44a0ffbf34c62c087171dd766ae20d57b330,,no,no
2008-01-01,David Wilde,County Council,District 3,2008,statement,2006 Interim Reports / 2008 Summary Report,David Wilde (Council #3) — 2008 Summary Report,https://slco.org/clerk/financialDisclosurePDF/2008County/09_dwilde_yearendreport.pdf,2026-08-01,scanned,tesseract OCR (pdftoppm 300dpi),raw/clerk_legacy/09_dwilde_yearendreport.pdf,clerk_legacy,,ef1aa408500f1d8c794e05b1b6da6c9568677c3424b037b850a16704043b9481,,no,no
2009-01-01,David Wilde,County Council,District 3,2008,statement,2006 Interim Reports / 2009 Summary Report,David Wilde (Council #3) — 2009 Summary Report,https://slco.org/clerk/financialDisclosurePDF/2009Disclosures/dwilde_09_YearEnd.pdf,2026-08-01,scanned,tesseract OCR (pdftoppm 300dpi),raw/clerk_legacy/dwilde_09_YearEnd.pdf,clerk_legacy,,5f15424fa1121ce25529e59a7b38e1d5f943f80424b7cd79f7d39a17e3bac425,,no,no
2008-01-01,F. Joseph Irish,Mayor,,2008,statement,2008 Interim Reports / April,F. Joseph Irish (Mayor) — April,https://slco.org/clerk/financialDisclosurePDF/2008County/08_fjosephirish_april7.pdf,2026-08-01,scanned,tesseract OCR (pdftoppm 300dpi),raw/clerk_legacy/08_fjosephirish_april7.pdf,clerk_legacy,,eca802705ff18324b2e1c2404155e0f785773a50cfcd0c25124250e911db2046,,no,no
2008-01-01,Gary Ott,Recorder,,2008,statement,2006 Interim Reports / 2008 Summary Report,Gary Ott (Recorder) — 2008 Summary Report,https://slco.org/clerk/financialDisclosurePDF/2008County/09_gott_yearendsumm.pdf,2026-08-01,scanned,tesseract OCR (pdftoppm 300dpi),raw/clerk_legacy/09_gott_yearendsumm.pdf,clerk_legacy,,624b0ee6c58e16a94b6b8acce05d2030fd841b8112eeb7c3fa7713a75d6c6a0c,,no,no
2008-01-01,Jani Iwamoto,County Council,District 4,2008,statement,2008 Interim Reports / April,Jani Iwamoto (Council #4) — April,https://slco.org/clerk/financialDisclosurePDF/2008County/08_jiwamoto_april7.pdf,2026-08-01,scanned,tesseract OCR (pdftoppm 300dpi),raw/clerk_legacy/08_jiwamoto_april7.pdf,clerk_legacy,,486095dff14228397f683ea2a9f0b2ace52c10a724ef6cd3afe20b7a67ec3f8a,,no,no
2008-01-01,Jani Iwamoto,County Council,District 4,2008,statement,2008 Interim Reports / June,Jani Iwamoto (Council #4) — June,https://slco.org/clerk/financialDisclosurePDF/2008County/08_jiwamoto_cojunereport.pdf,2026-08-01,scanned,tesseract OCR (pdftoppm 300dpi),raw/clerk_legacy/08_jiwamoto_cojunereport.pdf,clerk_legacy,,0c676482ee47bbc398f17b0af96db85a04a5279f7f8729b4810b5094555dd208,,no,no
2008-01-01,Jani Iwamoto,County Council,District 4,2008,statement,2008 Interim Reports / October,Jani Iwamoto (Council #4) — October,https://slco.org/clerk/financialDisclosurePDF/2008County/08_jiwamoto_oct28report.pdf,2026-08-01,scanned,tesseract OCR (pdftoppm 300dpi),raw/clerk_legacy/08_jiwamoto_oct28report.pdf,clerk_legacy,,24db6b7b5c0fba2540e71cf43916bcf2816a1cdf957e721d9e5d7a4295c8328c,,no,no
2008-01-01,Jani Iwamoto,County Council,District 4,2008,statement,2008 Interim Reports / September,Jani Iwamoto (Council #4) — September,https://slco.org/clerk/financialDisclosurePDF/2008County/08_jiwamoto_september152008.pdf,2026-08-01,scanned,tesseract OCR (pdftoppm 300dpi),raw/clerk_legacy/08_jiwamoto_september152008.pdf,clerk_legacy,,fbd672f3e26fd158a279b4c34b3cda6980181dbe087892b567e53cc7243ac693,,no,no
2008-01-01,Jani Iwamoto,County Council,District 4,2008,statement,2008 Interim Reports / 2008 Summary Report,Jani Iwamoto (Council #4) — 2008 Summary Report,https://slco.org/clerk/financialDisclosurePDF/2008County/09_jiwamoto_yearendreport.pdf,2026-08-01,scanned,tesseract OCR (pdftoppm 300dpi),raw/clerk_legacy/09_jiwamoto_yearendreport.pdf,clerk_legacy,,3af13adf6b6c5f7844a0be79352352b9672119da70ed837336a657a028f08c36,,no,no
2009-01-01,Jani Iwamoto,County Council,District 4,2008,statement,2008 Interim Reports / 2009 Summary Report,Jani Iwamoto (Council #4) — 2009 Summary Report,https://slco.org/clerk/financialDisclosurePDF/2009Disclosures/jiwamoto_09_YearEnd.pdf,2026-08-01,scanned,tesseract OCR (pdftoppm 300dpi),raw/clerk_legacy/jiwamoto_09_YearEnd.pdf,clerk_legacy,,c6431766004fa6ae0a7a8219a28a526062662cd9f69f151a98ef9007f62ce62f,,no,no
2008-01-01,Jeff S. Allen,County Council,District 5,2008,statement,2006 Interim Reports / 2008 Summary Report,Jeff S. Allen (Council #5) — 2008 Summary Report,https://slco.org/clerk/financialDisclosurePDF/2008County/09_jallen_yearendreport.pdf,2026-08-01,scanned,tesseract OCR (pdftoppm 300dpi),raw/clerk_legacy/09_jallen_yearendreport.pdf,clerk_legacy,,17005d90c842804aac6195694498c4e4f12c57c1de48dadb2f5e51640cb34bb4,,no,no
2009-01-01,Jeff S. Allen,County Council,District 5,2008,statement,2006 Interim Reports / Dissolution Report,Jeff S. Allen (Council #5) — Dissolution Report,https://slco.org/clerk/financialDisclosurePDF/2009Disclosures/jallen1_09_Final.pdf,2026-08-01,scanned,tesseract OCR (pdftoppm 300dpi),raw/clerk_legacy/jallen1_09_Final.pdf,clerk_legacy,,5bddbf731d4846aa63ff744aea201497d3abad2acde9710db54d646a9b352407,,no,no
2008-01-01,Jennifer Wilson,County Council,At-Large B,2008,statement,2008 Summary Report,Jennifer Wilson (Council At-Large B) — 2008 Summary Report,https://slco.org/clerk/financialDisclosurePDF/2008County/09_jwilson_yearendsumm.pdf,2026-08-01,scanned,tesseract OCR (pdftoppm 300dpi),raw/clerk_legacy/09_jwilson_yearendsumm.pdf,clerk_legacy,,bed97223f94149f1b350ad9947cf4dc68ee88e9092034ce8b53c2be98230521d,,no,no
2009-01-01,Jennifer Wilson,County Council,At-Large B,2008,statement,2009 Summary Report,Jennifer Wilson (Council At-Large B) — 2009 Summary Report,https://slco.org/clerk/financialDisclosurePDF/2009Disclosures/jwilson_09_YearEnd.pdf,2026-08-01,scanned,tesseract OCR (pdftoppm 300dpi),raw/clerk_legacy/jwilson_09_YearEnd.pdf,clerk_legacy,,5c51b652a61eafb1aabf1f2c5240a5a88730ab6c52d422d0174c1615d820bd67,,no,no
2008-01-01,Jim Bradley,County Council,At-Large C,2008,statement,2006 Interim Reports / 2008 Summary Report,Jim Bradley (Council At-Large C) — 2008 Summary Report,https://slco.org/clerk/financialDisclosurePDF/2008County/09_jbradley_yearendsumm.pdf,2026-08-01,scanned,tesseract OCR (pdftoppm 300dpi),raw/clerk_legacy/09_jbradley_yearendsumm.pdf,clerk_legacy,,5691c929899044801b53d595d29401edafabb98a7e33781f89eac51a6ff82cd5,,no,no
2009-01-01,Jim Bradley,County Council,At-Large C,2008,statement,2006 Interim Reports / 2009 Summary Report,Jim Bradley (Council At-Large C) — 2009 Summary Report,https://slco.org/clerk/financialDisclosurePDF/2009Disclosures/jbradley_09_YearEnd.pdf,2026-08-01,scanned,tesseract OCR (pdftoppm 300dpi),raw/clerk_legacy/jbradley_09_YearEnd.pdf,clerk_legacy,,bb44ba4c7d11c938fadf46f1c6b7c17125b3f1dcc9bbb4f5b3c1712ea0fe995a,,no,no
2008-01-01,Jimmy L. Cadman,County Council,At-Large C,2008,statement,2006 Interim Reports / 2008 Summary Report,Jimmy L. Cadman (Council At-Large C) — 2008 Summary Report,https://slco.org/clerk/financialDisclosurePDF/2008County/09_jcadman_yearendreport.pdf,2026-08-01,scanned,tesseract OCR (pdftoppm 300dpi),raw/clerk_legacy/09_jcadman_yearendreport.pdf,clerk_legacy,,44b5ecc555a335568860f73c485a3547c1c3e8d23b5be97c292fc306223cf0d3,,no,no
2008-01-01,Joe Hatch,County Council,District 1,2008,statement,2006 Interim Reports / 2008 Summary Report,Joe Hatch (Council #1) — 2008 Summary Report,https://slco.org/clerk/financialDisclosurePDF/2008County/09_joehatch_yearendreport.pdf,2026-08-01,scanned,tesseract OCR (pdftoppm 300dpi),raw/clerk_legacy/09_joehatch_yearendreport.pdf,clerk_legacy,,f24e5862d5f5707410c5d0aecf10a18eb4b401bb8046421cf9136ddaffbf6a97,,no,no
2009-01-01,Joe Hatch,County Council,District 1,2008,statement,2006 Interim Reports / 2009 Summary Report,Joe Hatch (Council #1) — 2009 Summary Report,https://slco.org/clerk/financialDisclosurePDF/2009Disclosures/jhatch_09_YearEnd.pdf,2026-08-01,scanned,tesseract OCR (pdftoppm 300dpi),raw/clerk_legacy/jhatch_09_YearEnd.pdf,clerk_legacy,,f23d27f745946e7ec986f0e5f02bc39f4e387daef4b24768f49c910b78307aa7,,no,no
2008-01-01,Jonathan G. Jemming,County Council,District 4,2008,statement,2008 Interim Reports / April,Jonathan G. Jemming (Council #4) — April,https://slco.org/clerk/financialDisclosurePDF/2008County/08_jjemming_april7.pdf,2026-08-01,scanned,tesseract OCR (pdftoppm 300dpi),raw/clerk_legacy/08_jjemming_april7.pdf,clerk_legacy,,60ce06a74a074624c980fd685010dc9653f82854e91c3971b85dc3b6461ee8ad,,no,no
2008-01-01,Leonard Olds,Mayor,,2008,statement,2008 Interim Reports / October,Leonard Olds (Mayor) — October,https://slco.org/clerk/financialDisclosurePDF/2008County/08_lolds_oct28report.pdf,2026-08-01,scanned,tesseract OCR (pdftoppm 300dpi),raw/clerk_legacy/08_lolds_oct28report.pdf,clerk_legacy,,42323d4acac4598b6a336f99a85c1ac51d07a0e18d8125fd25ec726a5c18b2e3,,no,no
2008-01-01,Leonard Olds,Mayor,,2008,statement,2008 Interim Reports / 2008 Summary Report,Leonard Olds (Mayor) — 2008 Summary Report,https://slco.org/clerk/financialDisclosurePDF/2008County/09_lolds_yearendsumm.pdf,2026-08-01,scanned,tesseract OCR (pdftoppm 300dpi),raw/clerk_legacy/09_lolds_yearendsumm.pdf,clerk_legacy,,16b8a442efff9532c5e0df3cac9c97f26a95e01b778f4f334a1baa9b8bba6d59,,no,no
2008-01-01,Mark Crockett,County Council,District 4,2008,statement,2008 Interim Reports / April,Mark Crockett (Council #4) — April,https://slco.org/clerk/financialDisclosurePDF/2008County/08_mcrockett_april7.pdf,2026-08-01,scanned,tesseract OCR (pdftoppm 300dpi),raw/clerk_legacy/08_mcrockett_april7.pdf,clerk_legacy,,dc6c831c77be388bd780bb167af5966bfd4453f96e86ccb91bd26f7014c1d270,,no,no
2008-01-01,Mark Crockett,County Council,District 4,2008,statement,2008 Interim Reports / Amendment to June,Mark Crockett (Council #4) — Amendment to June,https://slco.org/clerk/financialDisclosurePDF/2008County/08_mcrockett_cojunereportAMEND.pdf,2026-08-01,scanned,tesseract OCR (pdftoppm 300dpi),raw/clerk_legacy/08_mcrockett_cojunereportAMEND.pdf,clerk_legacy,,a17bdd8bcc0fbea980216e456c9cfb1796be5b4d78b83fab6f91782ab98f1e98,,no,no
2008-01-01,Mark Crockett,County Council,District 4,2008,statement,2008 Interim Reports / October,Mark Crockett (Council #4) — October,https://slco.org/clerk/financialDisclosurePDF/2008County/08_mcrockett_oct28report.pdf,2026-08-01,scanned,tesseract OCR (pdftoppm 300dpi),raw/clerk_legacy/08_mcrockett_oct28report.pdf,clerk_legacy,,7a4cd36a152f672abb406d548b71c677ff118e7bb5da6b07e5da9629c81fe000,,no,no
2008-01-01,Mark Crockett,County Council,District 4,2008,statement,2008 Interim Reports / September,Mark Crockett (Council #4) — September,https://slco.org/clerk/financialDisclosurePDF/2008County/08_mcrockett_september152008report.pdf,2026-08-01,scanned,tesseract OCR (pdftoppm 300dpi),raw/clerk_legacy/08_mcrockett_september152008report.pdf,clerk_legacy,,788e568c2d847af261e9ac904ed715c2bbdb27d008d6feb857016bede9b76c8d,,no,no
2008-01-01,Mark Crockett,County Council,District 4,2008,statement,2008 Interim Reports / 2008 Summary Report,Mark Crockett (Council #4) — 2008 Summary Report,https://slco.org/clerk/financialDisclosurePDF/2008County/09_mcrockett_yearendreport1.pdf,2026-08-01,scanned,tesseract OCR (pdftoppm 300dpi),raw/clerk_legacy/09_mcrockett_yearendreport1.pdf,clerk_legacy,,c1b038d44c59a18b3404487b02b1d72dbd4d44903b233cf1d49ff909de672dbc,,no,no
2008-01-01,Max Burdick,County Council,District 6,2008,statement,2008 Interim Reports / Amendment to September,Max Burdick (Council #6) — Amendment to September,https://slco.org/clerk/financialDisclosurePDF/2008County/08_mburdick_amendmentsept1508.pdf,2026-08-01,scanned,tesseract OCR (pdftoppm 300dpi),raw/clerk_legacy/08_mburdick_amendmentsept1508.pdf,clerk_legacy,,5553050cb790e0d19c5406c2df00f2c1786e0589ee5665a9462103c11d6b11e0,,no,no
2008-01-01,Max Burdick,County Council,District 6,2008,statement,2008 Interim Reports / April,Max Burdick (Council #6) — April,https://slco.org/clerk/financialDisclosurePDF/2008County/08_mburdick_april7.pdf,2026-08-01,scanned,tesseract OCR (pdftoppm 300dpi),raw/clerk_legacy/08_mburdick_april7.pdf,clerk_legacy,,109c6091a40484c14fbd34d807b2e50c06f8aec086003c6d3686761357928589,,no,no
2008-01-01,Max Burdick,County Council,District 6,2008,statement,2008 Interim Reports / June,Max Burdick (Council #6) — June,https://slco.org/clerk/financialDisclosurePDF/2008County/08_mburdick_lsbjunereport.pdf,2026-08-01,scanned,tesseract OCR (pdftoppm 300dpi),raw/clerk_legacy/08_mburdick_lsbjunereport.pdf,clerk_legacy,,29e06c3848d2ffecfa76f2d028e57ffefc7aa936d7ebea5f6c81086e8cf3a28a,,no,no
2008-01-01,Max Burdick,County Council,District 6,2008,statement,2008 Interim Reports / October,Max Burdick (Council #6) — October,https://slco.org/clerk/financialDisclosurePDF/2008County/08_mburdick_oct28report.pdf,2026-08-01,scanned,tesseract OCR (pdftoppm 300dpi),raw/clerk_legacy/08_mburdick_oct28report.pdf,clerk_legacy,,aeb5373caaa8bbc8ca59da16b88b48d6da6ade769c5418e3320e6cda3a5a1e0a,,no,no
2008-01-01,Max Burdick,County Council,District 6,2008,statement,2008 Interim Reports / September,Max Burdick (Council #6) — September,https://slco.org/clerk/financialDisclosurePDF/2008County/08_mburdick_september152008.pdf,2026-08-01,scanned,tesseract OCR (pdftoppm 300dpi),raw/clerk_legacy/08_mburdick_september152008.pdf,clerk_legacy,,fb3401e8862165e13c05537db723d7addc0637977f51ca50d775f71e8bb68f8b,,no,no
2008-01-01,Max Burdick,County Council,District 6,2008,statement,2008 Interim Reports / 2008 Summary Report,Max Burdick (Council #6) — 2008 Summary Report,https://slco.org/clerk/financialDisclosurePDF/2008County/09_mburdick_yearendreport.pdf,2026-08-01,scanned,tesseract OCR (pdftoppm 300dpi),raw/clerk_legacy/09_mburdick_yearendreport.pdf,clerk_legacy,,3e7f67561b8d2f839f9a8e5e4ce68f779ce8e721fba71b50bc5bedc385ff400d,,no,no
2009-01-01,Max Burdick,County Council,District 6,2008,statement,2008 Interim Reports / 2009 Summary Report,Max Burdick (Council #6) — 2009 Summary Report,https://slco.org/clerk/financialDisclosurePDF/2009Disclosures/mburdick_09_YearEnd.pdf,2026-08-01,scanned,tesseract OCR (pdftoppm 300dpi),raw/clerk_legacy/mburdick_09_YearEnd.pdf,clerk_legacy,,c9c8f8170410cfac474fbf328a480784715f8776460b8adeb92806d5c66a1693,,no,no
2008-01-01,Michael Jensen,County Council,District 2,2008,statement,2008 Interim Reports / April,Michael Jensen (Council #2) — April,https://slco.org/clerk/financialDisclosurePDF/2008County/08_mjensen_april7.pdf,2026-08-01,scanned,tesseract OCR (pdftoppm 300dpi),raw/clerk_legacy/08_mjensen_april7.pdf,clerk_legacy,,41841756d276c7206a4d19d1051d86378f610996c8f60a3a4dac76d3f7ef08d6,,no,no
2008-01-01,Michael Jensen,County Council,District 2,2008,statement,2008 Interim Reports / June,Michael Jensen (Council #2) — June,https://slco.org/clerk/financialDisclosurePDF/2008County/08_mjensen_june17report.pdf,2026-08-01,scanned,tesseract OCR (pdftoppm 300dpi),raw/clerk_legacy/08_mjensen_june17report.pdf,clerk_legacy,,778a5956d5096f6462098978bb95933e639eca2f5b324dfd920dbfe4cab7f05c,,no,no
2008-01-01,Michael Jensen,County Council,District 2,2008,statement,2008 Interim Reports / October,Michael Jensen (Council #2) — October,https://slco.org/clerk/financialDisclosurePDF/2008County/08_mjensen_oct28report.pdf,2026-08-01,scanned,tesseract OCR (pdftoppm 300dpi),raw/clerk_legacy/08_mjensen_oct28report.pdf,clerk_legacy,,637a7d0ba040bea12d8dd1adc80e41f893ed210075172522230677e30836cb69,,no,no
2008-01-01,Michael Jensen,County Council,District 2,2008,statement,2008 Interim Reports / September,Michael Jensen (Council #2) — September,https://slco.org/clerk/financialDisclosurePDF/2008County/08_mjensen_september152008.pdf,2026-08-01,scanned,tesseract OCR (pdftoppm 300dpi),raw/clerk_legacy/08_mjensen_september152008.pdf,clerk_legacy,,eb3749a38f8693c21e71cce5e09c4bcede55a046792e7da14f20dcd5455f51d8,,no,no
2008-01-01,Michael Jensen,County Council,District 2,2008,statement,2008 Interim Reports / 2008 Summary Report,Michael Jensen (Council #2) — 2008 Summary Report,https://slco.org/clerk/financialDisclosurePDF/2008County/09_mjensen_yearendreport.pdf,2026-08-01,scanned,tesseract OCR (pdftoppm 300dpi),raw/clerk_legacy/09_mjensen_yearendreport.pdf,clerk_legacy,,e9f1dbae4326a84a93cd94c105c959bcdc1fc4dc70303285ffaaf71a80df6a93,,no,no
2009-01-01,Michael Jensen,County Council,District 2,2008,statement,2008 Interim Reports / 2009 Summary Report,Michael Jensen (Council #2) — 2009 Summary Report,https://slco.org/clerk/financialDisclosurePDF/2009Disclosures/mjensen_09_YearEnd.pdf,2026-08-01,scanned,tesseract OCR (pdftoppm 300dpi),raw/clerk_legacy/mjensen_09_YearEnd.pdf,clerk_legacy,,7e610ee0cbd438b6f19258142ebffe840520a3e508e387c212af8e14ba5d671d,,no,no
2008-01-01,Michael Renckert,Mayor,,2008,statement,2008 Interim Reports / April,Michael Renckert (Mayor) — April,https://slco.org/clerk/financialDisclosurePDF/2008County/08_mrenckert_april7.pdf,2026-08-01,scanned,tesseract OCR (pdftoppm 300dpi),raw/clerk_legacy/08_mrenckert_april7.pdf,clerk_legacy,,44ac781cae74f4e41e6b2633d50f6e30a92c37c8aece74718c84e0862c99a860,,no,no
2008-01-01,Michael Renckert,Mayor,,2008,statement,2008 Interim Reports / Amendment to June,Michael Renckert (Mayor) — Amendment to June,https://slco.org/clerk/financialDisclosurePDF/2008County/08_mrenckert_june17AMENDMENT.pdf,2026-08-01,scanned,tesseract OCR (pdftoppm 300dpi),raw/clerk_legacy/08_mrenckert_june17AMENDMENT.pdf,clerk_legacy,,47873f000cc0f0e1b7d65c460f9866adc93d31582552e91d812ff5766dc55b8f,,no,no
2008-01-01,Michael Renckert,Mayor,,2008,statement,2008 Interim Reports / June,Michael Renckert (Mayor) — June,https://slco.org/clerk/financialDisclosurePDF/2008County/08_mrenckert_june17report.pdf,2026-08-01,scanned,tesseract OCR (pdftoppm 300dpi),raw/clerk_legacy/08_mrenckert_june17report.pdf,clerk_legacy,,705d76f087f1fdcac5c3bc5b793392585c54581a58cd25d83e42584fda4d61c8,,no,no
2008-01-01,Michael Renckert,Mayor,,2008,statement,2008 Interim Reports / October,Michael Renckert (Mayor) — October,https://slco.org/clerk/financialDisclosurePDF/2008County/08_mrenckert_oct28report.pdf,2026-08-01,scanned,tesseract OCR (pdftoppm 300dpi),raw/clerk_legacy/08_mrenckert_oct28report.pdf,clerk_legacy,,36384af40b4e711f72fab5ee6cb9287ca907361b955b6eb804618e1a9f91ca18,,no,no
2008-01-01,Michael Renckert,Mayor,,2008,statement,2008 Interim Reports / Amendment to September,Michael Renckert (Mayor) — Amendment to September,https://slco.org/clerk/financialDisclosurePDF/2008County/08_mrenckert_sept15amendment.pdf,2026-08-01,scanned,tesseract OCR (pdftoppm 300dpi),raw/clerk_legacy/08_mrenckert_sept15amendment.pdf,clerk_legacy,,dc0e436cc16461325a52d7a80466bdcd0fdf2d2290467c76089584f2d6ddfd34,,no,no
2008-01-01,Michael Renckert,Mayor,,2008,statement,2008 Interim Reports / September,Michael Renckert (Mayor) — September,https://slco.org/clerk/financialDisclosurePDF/2008County/08_mrenckert_september152008.pdf,2026-08-01,scanned,tesseract OCR (pdftoppm 300dpi),raw/clerk_legacy/08_mrenckert_september152008.pdf,clerk_legacy,,fddfeebd09cd29536d6337d101358d35a062d67cc71f421039d90064f21acb63,,no,no
2008-01-01,Michael Renckert,Mayor,,2008,statement,2008 Interim Reports / 2008 Summary Report,Michael Renckert (Mayor) — 2008 Summary Report,https://slco.org/clerk/financialDisclosurePDF/2008County/09_mrenckert_yearendsumm.pdf,2026-08-01,scanned,tesseract OCR (pdftoppm 300dpi),raw/clerk_legacy/09_mrenckert_yearendsumm.pdf,clerk_legacy,,264ee29e0641fcd1a5cec8a4d4a4fd9d66429526ac02c48b66d6561e5a9020a6,,no,no
2009-01-01,Michael Renckert,Mayor,,2008,statement,2008 Interim Reports / 2009 Summary Report,Michael Renckert (Mayor) — 2009 Summary Report,https://slco.org/clerk/financialDisclosurePDF/2009Disclosures/mrenkert_09_YearEnd.pdf,2026-08-01,scanned,tesseract OCR (pdftoppm 300dpi),raw/clerk_legacy/mrenkert_09_YearEnd.pdf,clerk_legacy,,e97230ac1f070db57d72ee34974a385d5597abff0ec25bd113cb9b343f578b16,,no,no
2008-01-01,Paul Pugmire,County Council,District 2,2008,statement,2008 Interim Reports / April,Paul Pugmire (Council #2) — April,https://slco.org/clerk/financialDisclosurePDF/2008County/08_ppugmire_april7.pdf,2026-08-01,scanned,tesseract OCR (pdftoppm 300dpi),raw/clerk_legacy/08_ppugmire_april7.pdf,clerk_legacy,,6c67de5822ba256c9ea491adfaca64daa65fcf5ded682bee09b6885dea56bfac,,no,no
2008-01-01,Randy Horiuchi,County Council,At-Large A,2008,statement,2008 Interim Reports / April,Randy Horiuchi (Council At-Large A) — April,https://slco.org/clerk/financialDisclosurePDF/2008County/08_rhoriuchi_april7.pdf,2026-08-01,scanned,tesseract OCR (pdftoppm 300dpi),raw/clerk_legacy/08_rhoriuchi_april7.pdf,clerk_legacy,,e8ffb572036b7813246fa51a709e04c2ce276b920c92d5692aaeafe1ed395025,,no,no
2008-01-01,Randy Horiuchi,County Council,At-Large A,2008,statement,2008 Interim Reports / June,Randy Horiuchi (Council At-Large A) — June,https://slco.org/clerk/financialDisclosurePDF/2008County/08_rhoriuchi_june17report.pdf,2026-08-01,scanned,tesseract OCR (pdftoppm 300dpi),raw/clerk_legacy/08_rhoriuchi_june17report.pdf,clerk_legacy,,f6c5240ab8da79b0e0487d74c916372757b94b18f9bfda846df951d0ef9fcc79,,no,no
2008-01-01,Randy Horiuchi,County Council,At-Large A,2008,statement,2008 Interim Reports / October,Randy Horiuchi (Council At-Large A) — October,https://slco.org/clerk/financialDisclosurePDF/2008County/08_rhoriuchi_oct28report.pdf,2026-08-01,scanned,tesseract OCR (pdftoppm 300dpi),raw/clerk_legacy/08_rhoriuchi_oct28report.pdf,clerk_legacy,,d58298b1ffddb41434a71b53b178fcd624b5cfd5513561ac65647c2cf288575c,,no,no
2008-01-01,Randy Horiuchi,County Council,At-Large A,2008,statement,2008 Interim Reports / Amendment to September,Randy Horiuchi (Council At-Large A) — Amendment to September,https://slco.org/clerk/financialDisclosurePDF/2008County/08_rhoriuchi_sept1508amend.pdf,2026-08-01,scanned,tesseract OCR (pdftoppm 300dpi),raw/clerk_legacy/08_rhoriuchi_sept1508amend.pdf,clerk_legacy,,1aecdcfebafde04b7afe414cd380616051d87780387d7f09edfec1b925bfc5b3,,no,no
2008-01-01,Randy Horiuchi,County Council,At-Large A,2008,statement,2008 Interim Reports / September,Randy Horiuchi (Council At-Large A) — September,https://slco.org/clerk/financialDisclosurePDF/2008County/08_rhoriuchi_september152008.pdf,2026-08-01,scanned,tesseract OCR (pdftoppm 300dpi),raw/clerk_legacy/08_rhoriuchi_september152008.pdf,clerk_legacy,,eabb962e6a9d900d716b80c8199ff1a684325bdc8f571f62699a1040724e2fa4,,no,no
2008-01-01,Randy Horiuchi,County Council,At-Large A,2008,statement,2008 Interim Reports / 2008 Summary Report,Randy Horiuchi (Council At-Large A) — 2008 Summary Report,https://slco.org/clerk/financialDisclosurePDF/2008County/09_rhoriuchi_yearendreport.pdf,2026-08-01,scanned,tesseract OCR (pdftoppm 300dpi),raw/clerk_legacy/09_rhoriuchi_yearendreport.pdf,clerk_legacy,,756a7283e37235ecf352d669d935a6999599cb2a52c543d3c1fd48eec2a8d3ec,,no,no
2008-01-01,Randy Horiuchi,County Council,At-Large A,2008,statement,2008 Interim Reports / Amendment 2 to April,Randy Horiuchi (Council At-Large A) — Amendment 2 to April,https://slco.org/clerk/financialDisclosurePDF/2008County/Horiuchi_R_08_April_Amended_Redacted.pdf,2026-08-01,scanned,tesseract OCR (pdftoppm 300dpi),raw/clerk_legacy/Horiuchi_R_08_April_Amended_Redacted.pdf,clerk_legacy,,69cc81391c8e0140ddc5d0486840b386c967cb5c517f2ee541011664f00ea4df,,no,no
2008-01-01,Randy Horiuchi,County Council,At-Large A,2008,statement,2008 Interim Reports / Amendment to 2008 Summary Report,Randy Horiuchi (Council At-Large A) — Amendment to 2008 Summary Report,https://slco.org/clerk/financialDisclosurePDF/2008County/Horiuchi_R_08_Final_Amended_Redacted.pdf,2026-08-01,scanned,tesseract OCR (pdftoppm 300dpi),raw/clerk_legacy/Horiuchi_R_08_Final_Amended_Redacted.pdf,clerk_legacy,,45a397a4afc51ee45a2b7e093da153d46b07efafbf666e08e71967e82088be74,,no,no
2008-01-01,Randy Horiuchi,County Council,At-Large A,2008,statement,2008 Interim Reports / Amendment to June,Randy Horiuchi (Council At-Large A) — Amendment to June,https://slco.org/clerk/financialDisclosurePDF/2008County/Horiuchi_R_08_June_Amended_Redacted.pdf,2026-08-01,scanned,tesseract OCR (pdftoppm 300dpi),raw/clerk_legacy/Horiuchi_R_08_June_Amended_Redacted.pdf,clerk_legacy,,70a3c63396fd970b2b9aa91d85d937543d7304741908a638d59324d58f20cc34,,no,no
2008-01-01,Randy Horiuchi,County Council,At-Large A,2008,statement,2008 Interim Reports / Amendments to October,Randy Horiuchi (Council At-Large A) — Amendments to October,https://slco.org/clerk/financialDisclosurePDF/2008County/Horiuchi_R_08_Oct_Amended_Redacted.pdf,2026-08-01,scanned,tesseract OCR (pdftoppm 300dpi),raw/clerk_legacy/Horiuchi_R_08_Oct_Amended_Redacted.pdf,clerk_legacy,,7489799a9644af9bba1cbd62585a556879b3a80dc7bea8d3eea8fcc0765d6a3a,,no,no
2008-01-01,Randy Horiuchi,County Council,At-Large A,2008,statement,2008 Interim Reports / Amendment 2 to September,Randy Horiuchi (Council At-Large A) — Amendment 2 to September,https://slco.org/clerk/financialDisclosurePDF/2008County/Horiuchi_R_08_Sept_Amended_Redacted.pdf,2026-08-01,scanned,tesseract OCR (pdftoppm 300dpi),raw/clerk_legacy/Horiuchi_R_08_Sept_Amended_Redacted.pdf,clerk_legacy,,06d31a11f892ca2f0fc3eee64943f969dde5ad5dbd607dc0f85f7f7788fa50e1,,no,no
2009-01-01,Randy Horiuchi,County Council,At-Large A,2008,statement,2008 Interim Reports / Amendment to 2009 Summary Report,Randy Horiuchi (Council At-Large A) — Amendment to 2009 Summary Report,https://slco.org/clerk/financialDisclosurePDF/2009Disclosures/Horiuchi_R_09_Final_Amended_Redacted.pdf,2026-08-01,scanned,tesseract OCR (pdftoppm 300dpi),raw/clerk_legacy/Horiuchi_R_09_Final_Amended_Redacted.pdf,clerk_legacy,,e6e53bf40d58adbb215182b55aa70dcc2cfba03a6a4178e66de229d8ca979dfa,,no,no
2009-01-01,Randy Horiuchi,County Council,At-Large A,2008,statement,2008 Interim Reports / 2009 Summary Report,Randy Horiuchi (Council At-Large A) — 2009 Summary Report,https://slco.org/clerk/financialDisclosurePDF/2009Disclosures/rhoruchi_09_YearEnd.pdf,2026-08-01,scanned,tesseract OCR (pdftoppm 300dpi),raw/clerk_legacy/rhoruchi_09_YearEnd.pdf,clerk_legacy,,56cd2b13d7cd6784da4da4f8db03d3c3907a98741b48eb0441a7633be3271339,,no,no
2008-01-01,Robert L. Warnick,County Council,District 6,2008,statement,2008 Interim Reports / April,Robert L. Warnick (Council #6) — April,https://slco.org/clerk/financialDisclosurePDF/2008County/08_rwarnick_april7.pdf,2026-08-01,scanned,tesseract OCR (pdftoppm 300dpi),raw/clerk_legacy/08_rwarnick_april7.pdf,clerk_legacy,,1455ef1c320871833ff5163bb0c6b50f6378a6c8896dcffe62cf9eeb94be7cd5,,no,no
2008-01-01,Sim Gill,District Attorney,,2008,statement,2006 Interim Reports / 2008 Summary Report,Sim Gill (District Attorney) — 2008 Summary Report,https://slco.org/clerk/financialDisclosurePDF/2008County/09_sgill_yearendsumm2.pdf,2026-08-01,scanned,tesseract OCR (pdftoppm 300dpi),raw/clerk_legacy/09_sgill_yearendsumm2.pdf,clerk_legacy,,9a734f6670e3522fc930468a1a11b3c2784b76bb83030172529d03a6a9efcca3,,no,no
2009-01-01,Sim Gill,District Attorney,,2008,statement,2006 Interim Reports / 2009 Summary Report,Sim Gill (District Attorney) — 2009 Summary Report,https://slco.org/clerk/financialDisclosurePDF/2009Disclosures/sgill_09_YearEnd.pdf,2026-08-01,scanned,tesseract OCR (pdftoppm 300dpi),raw/clerk_legacy/sgill_09_YearEnd.pdf,clerk_legacy,,abef3024fb02363277d08fdc1530a1fed2e0127951854a1f4c0e15f3a21c8162,,no,no
2008-01-01,Steven L. DeBry,County Council,At-Large A,2008,statement,2008 Interim Reports / Amendment to September,Steven L. DeBry (Council At-Large A) — Amendment to September,https://slco.org/clerk/financialDisclosurePDF/2008County/08_sdebry_amendmentsept1508.pdf,2026-08-01,scanned,tesseract OCR (pdftoppm 300dpi),raw/clerk_legacy/08_sdebry_amendmentsept1508.pdf,clerk_legacy,,0887575782f83ca77e68d165a39b7e62cebf17624861d8832168c08dae270c17,,no,no
2008-01-01,Steven L. DeBry,County Council,At-Large A,2008,statement,2008 Interim Reports / April,Steven L. DeBry (Council At-Large A) — April,https://slco.org/clerk/financialDisclosurePDF/2008County/08_sdebry_april7.pdf,2026-08-01,scanned,tesseract OCR (pdftoppm 300dpi),raw/clerk_legacy/08_sdebry_april7.pdf,clerk_legacy,,17b44b12d4a6c913b8dbb7c828a8e08786025ce42ba7316680556db215e1df05,,no,no
2008-01-01,Steven L. DeBry,County Council,At-Large A,2008,statement,2008 Interim Reports / June,Steven L. DeBry (Council At-Large A) — June,https://slco.org/clerk/financialDisclosurePDF/2008County/08_sdebry_june17report.pdf,2026-08-01,scanned,tesseract OCR (pdftoppm 300dpi),raw/clerk_legacy/08_sdebry_june17report.pdf,clerk_legacy,,d5c7192f3cd179c2944377b556b9babee239ea64a4d19d3f9922b64a8d8f4337,,no,no
2008-01-01,Steven L. DeBry,County Council,At-Large A,2008,statement,2008 Interim Reports / October,Steven L. DeBry (Council At-Large A) — October,https://slco.org/clerk/financialDisclosurePDF/2008County/08_sdebry_oct28report.pdf,2026-08-01,scanned,tesseract OCR (pdftoppm 300dpi),raw/clerk_legacy/08_sdebry_oct28report.pdf,clerk_legacy,,507da4f90b9860434d90be5ef0db61ca18c5b44d564bd325cb213368558f3601,,no,no
2008-01-01,Steven L. DeBry,County Council,At-Large A,2008,statement,2008 Interim Reports / September,Steven L. DeBry (Council At-Large A) — September,https://slco.org/clerk/financialDisclosurePDF/2008County/08_sdebry_september152008.pdf,2026-08-01,scanned,tesseract OCR (pdftoppm 300dpi),raw/clerk_legacy/08_sdebry_september152008.pdf,clerk_legacy,,274be753843965d1a2fe5ff19a042d59f3f6ffd09e2c7695f5df3f43da95a953,,no,no
2008-01-01,Steven L. DeBry,County Council,At-Large A,2008,statement,2008 Interim Reports / 2008 Summary Report/Dissolution,Steven L. DeBry (Council At-Large A) — 2008 Summary Report/Dissolution,https://slco.org/clerk/financialDisclosurePDF/2008County/09_sdebry_yearendreport.pdf,2026-08-01,scanned,tesseract OCR (pdftoppm 300dpi),raw/clerk_legacy/09_sdebry_yearendreport.pdf,clerk_legacy,,3d63377e58f7b98b6e56014b68befa95b9731cfa1233b88a0ee709280aa32bf3,,no,no
2010-01-01,Arlyn Bradshaw,County Council,District 1,2010,statement,2010 Interim Reports / April,Arlyn Bradshaw (Council #1) — April,https://slco.org/clerk/financialDisclosurePDF/2010Disclosures/abradshaw_10_Apr_Interim.pdf,2026-08-01,scanned,tesseract OCR (pdftoppm 300dpi),raw/clerk_legacy/abradshaw_10_Apr_Interim.pdf,clerk_legacy,,1c9f2b5c9acbcc16835899d25424467f6cc9d240043697dd415587b16408039f,,no,no
2011-01-01,Ben McAdams,Mayor,,2010,statement,Amendment to 2011 Summary Report,Ben McAdams (Mayor) — Amendment to 2011 Summary Report,https://slco.org/clerk/financialDisclosurePDF/2011YearEnd/BMcAdams_11_YearEnd_Amend_Mayor_Redacted.pdf,2026-08-01,scanned,tesseract OCR (pdftoppm 300dpi),raw/clerk_legacy/BMcAdams_11_YearEnd_Amend_Mayor_Redacted.pdf,clerk_legacy,,0c39e751d6df8a69a8f69868a975071cba032c44d45b619ea34c3dd00438b535,,no,no
2011-01-01,Calvin J. Noyce,County Council,District 1,2010,statement,2010 Interim Reports / Dissolution,Calvin J. Noyce (Council #1) — Dissolution,https://slco.org/clerk/financialDisclosurePDF/2011YearEnd/CNoyce_12_Dissolution_CntyCncl1.pdf,2026-08-01,scanned,tesseract OCR (pdftoppm 300dpi),raw/clerk_legacy/CNoyce_12_Dissolution_CntyCncl1.pdf,clerk_legacy,,63da95f7b429bf75b7f092b81e8c7d3f1ab5882c5c73c1b038bb8eef394da8c7,,no,no
2011-01-01,Calvin J. Noyce,County Council,District 1,2010,statement,2010 Interim Reports / 2011 Summary Report,Calvin J. Noyce (Council #1) — 2011 Summary Report,https://slco.org/clerk/financialDisclosurePDF/2011YearEnd/CNoyce_12_Final_CntyCncl1_Redacted.pdf,2026-08-01,scanned,tesseract OCR (pdftoppm 300dpi),raw/clerk_legacy/CNoyce_12_Final_CntyCncl1_Redacted.pdf,clerk_legacy,,317293717998592108c9ec55e4247b4bb6dd3e4088cc0ecd91b9a20be9089c4c,,no,no
2010-01-01,Calvin J. Noyce,County Council,District 1,2010,statement,2010 Interim Reports / April,Calvin J. Noyce (Council #1) — April,https://slco.org/clerk/financialDisclosurePDF/2010Disclosures/cnoyce_10_Apr_Interim.pdf,2026-08-01,scanned,tesseract OCR (pdftoppm 300dpi),raw/clerk_legacy/cnoyce_10_Apr_Interim.pdf,clerk_legacy,,3aff78479a5a7244b33ed1d09295af4218b59dee4e5a6ba0b3bcc7159226b555,,no,no
2010-01-01,Calvin J. Noyce,County Council,District 1,2010,statement,2010 Interim Reports / October,Calvin J. Noyce (Council #1) — October,https://slco.org/clerk/financialDisclosurePDF/2010Disclosures/October_2010/cnoyce_10_OctoberInterim.pdf,2026-08-01,scanned,tesseract OCR (pdftoppm 300dpi),raw/clerk_legacy/cnoyce_10_OctoberInterim.pdf,clerk_legacy,,556c57761a0e2fff827f231de5087b938f5768fc7b7acd21072523cbbd6328ee,,no,no
2010-01-01,Calvin J. Noyce,County Council,District 1,2010,statement,2010 Interim Reports / June,Calvin J. Noyce (Council #1) — June,https://slco.org/clerk/financialDisclosurePDF/2010Disclosures/cnoyce_10_PrimaryInterim_CntyCncl1.pdf,2026-08-01,scanned,tesseract OCR (pdftoppm 300dpi),raw/clerk_legacy/cnoyce_10_PrimaryInterim_CntyCncl1.pdf,clerk_legacy,,86dff60b4f955214bfcd2b9cae03a6c0f01927ba800579c9447a550b7621711c,,no,no
2010-01-01,Calvin J. Noyce,County Council,District 1,2010,statement,2010 Interim Reports / September,Calvin J. Noyce (Council #1) — September,https://slco.org/clerk/financialDisclosurePDF/2010Disclosures/cnoyce_10_Sept_Interim.pdf,2026-08-01,scanned,tesseract OCR (pdftoppm 300dpi),raw/clerk_legacy/cnoyce_10_Sept_Interim.pdf,clerk_legacy,,602103934c850118c54c889473ac6c3fdd2794c099467a71fc3840eedb80b4cd,,no,no
2010-01-01,Calvin J. Noyce,County Council,District 1,2010,statement,2010 Interim Reports / 2010 Summary Report,Calvin J. Noyce (Council #1) — 2010 Summary Report,https://slco.org/clerk/financialDisclosurePDF/2010_Year_end/cnoyce_10_YearEnd_CntyCncl1.pdf,2026-08-01,scanned,tesseract OCR (pdftoppm 300dpi),raw/clerk_legacy/cnoyce_10_YearEnd_CntyCncl1.pdf,clerk_legacy,,632ebed521a3425feb0283085dde777fb91dcf68b82df28ab93fe4f71a3aef16,,no,no
2011-01-01,Carrie Dickson,Clerk,,2010,statement,2006 Interim Reports / Dissolution,Carrie Dickson (Clerk) — Dissolution,https://slco.org/clerk/financialDisclosurePDF/2011YearEnd/CDickson_11_Dissolution_Clerk.pdf,2026-08-01,scanned,tesseract OCR (pdftoppm 300dpi),raw/clerk_legacy/CDickson_11_Dissolution_Clerk.pdf,clerk_legacy,,8b541807c1746f404347ec11c2784f90e65b7cbca212925be098f912bdceb97b,,no,no
2011-01-01,Carrie Dickson,Clerk,,2010,statement,2006 Interim Reports / 2011 Summary Report,Carrie Dickson (Clerk) — 2011 Summary Report,https://slco.org/clerk/financialDisclosurePDF/2011YearEnd/CDickson_11_Final_Clerk_Redacted.pdf,2026-08-01,scanned,tesseract OCR (pdftoppm 300dpi),raw/clerk_legacy/CDickson_11_Final_Clerk_Redacted.pdf,clerk_legacy,,4b683070f743d5d302b031dddaf1d0d06d954c9b9f1801d8ed484c8fdc62b8a4,,no,no
2011-01-01,Christian Burridge,County Council,At-Large B,2010,statement,2010 Interim Reports / Dissolution Report,Christian Burridge (Council At-Large B) — Dissolution Report,https://slco.org/clerk/financialDisclosurePDF/2011YearEnd/CBurrage_11_Dissolution_CntyCnclB.pdf,2026-08-01,scanned,tesseract OCR (pdftoppm 300dpi),raw/clerk_legacy/CBurrage_11_Dissolution_CntyCnclB.pdf,clerk_legacy,,5d89e1eb32eda947f3c421615fe9d4bcd21ce99b8eec27315cd2edfa0fb2496c,,no,no
2010-01-01,Diane Turner,County Council,District 3,2010,statement,2010 Interim Reports / April,Diane Turner (Council #3) — April,https://slco.org/clerk/financialDisclosurePDF/2010Disclosures/dturner_10_Apr_Interim.pdf,2026-08-01,scanned,tesseract OCR (pdftoppm 300dpi),raw/clerk_legacy/dturner_10_Apr_Interim.pdf,clerk_legacy,,62dc43ed15f0076ecba8feca71d126bab43b72dd458ce7c724d0cf431cfe79ca,,no,no
2010-01-01,Diane Turner,County Council,District 3,2010,statement,2010 Interim Reports / October,Diane Turner (Council #3) — October,https://slco.org/clerk/financialDisclosurePDF/2010Disclosures/October_2010/dturner_10_OctoberInterim_CntyCncl3.pdf,2026-08-01,scanned,tesseract OCR (pdftoppm 300dpi),raw/clerk_legacy/dturner_10_OctoberInterim_CntyCncl3.pdf,clerk_legacy,,438b82f3c2e80b395f5a2f1d084c8d11384838570003da79c7301ac3bd11979b,,no,no
2010-01-01,Diane Turner,County Council,District 3,2010,statement,2010 Interim Reports / June,Diane Turner (Council #3) — June,https://slco.org/clerk/financialDisclosurePDF/2010Disclosures/dturner_10_PrimaryInterim_CntyCncl3.pdf,2026-08-01,scanned,tesseract OCR (pdftoppm 300dpi),raw/clerk_legacy/dturner_10_PrimaryInterim_CntyCncl3.pdf,clerk_legacy,,01a37f02076afc82fb362251fb559991cc5cab7109d26d450beda99c30c6d703,,no,no
2010-01-01,Diane Turner,County Council,District 3,2010,statement,2010 Interim Reports / September,Diane Turner (Council #3) — September,https://slco.org/clerk/financialDisclosurePDF/2010Disclosures/dturner_10_Sept_Interim.pdf,2026-08-01,scanned,tesseract OCR (pdftoppm 300dpi),raw/clerk_legacy/dturner_10_Sept_Interim.pdf,clerk_legacy,,afe1826736309bba27d99d4646150ac6dd86d7c0ed94da4e0c5935e5761af78d,,no,no
2010-01-01,Diane Turner,County Council,District 3,2010,statement,2010 Interim Reports / Dissolution,Diane Turner (Council #3) — Dissolution,https://slco.org/clerk/financialDisclosurePDF/2010_Year_end/dturner_10__FinalDissolution.pdf,2026-08-01,scanned,tesseract OCR (pdftoppm 300dpi),raw/clerk_legacy/dturner_10__FinalDissolution.pdf,clerk_legacy,,a1ae5dd444e19854359ba15b4e7492246f878da46f0e627a42dce6c931ecbbd4,,no,no
2010-01-01,Gordon Gurr,County Council,District 1,2010,statement,2010 Interim Reports / April/Dissolution,Gordon Gurr (Council #1) — April/Dissolution,https://slco.org/clerk/financialDisclosurePDF/2010Disclosures/ggurr_10_Apr_Inerim.pdf,2026-08-01,scanned,tesseract OCR (pdftoppm 300dpi),raw/clerk_legacy/ggurr_10_Apr_Inerim.pdf,clerk_legacy,,a5cb5c5de56e9f44241b0855e64e59768dff0ba9555d95bfb4bc331f6c6fd5eb,,no,no
2010-01-01,Holly Mullen,County Council,At-Large B,2010,statement,2010 Interim Reports / April,Holly Mullen (Council At-Large B) — April,https://slco.org/clerk/financialDisclosurePDF/2010Disclosures/hmullen_10_Apr_Interim.pdf,2026-08-01,scanned,tesseract OCR (pdftoppm 300dpi),raw/clerk_legacy/hmullen_10_Apr_Interim.pdf,clerk_legacy,,1ac137bfaa579fca811f6d1c9b715ee9fbcc4f4365a98b929c1e373bc4605f56,,no,no
2010-01-01,Holly Mullen,County Council,At-Large B,2010,statement,2010 Interim Reports / Dissolution,Holly Mullen (Council At-Large B) — Dissolution,https://slco.org/clerk/financialDisclosurePDF/2010_Year_end/hmullen_10_FinalDissolution.pdf,2026-08-01,scanned,tesseract OCR (pdftoppm 300dpi),raw/clerk_legacy/hmullen_10_FinalDissolution.pdf,clerk_legacy,,6369451d4b6324b2e4168a168868f6da5d5408a43cdd9d8e3bf45081309942e9,,no,no
2010-01-01,Holly Mullen,County Council,At-Large B,2010,statement,2010 Interim Reports / October,Holly Mullen (Council At-Large B) — October,https://slco.org/clerk/financialDisclosurePDF/2010Disclosures/October_2010/hmullen_10_OctoberInterim.pdf,2026-08-01,scanned,tesseract OCR (pdftoppm 300dpi),raw/clerk_legacy/hmullen_10_OctoberInterim.pdf,clerk_legacy,,ce67256c9ab45a0b58b1018c8a847d5ef240a18f2dda5394c46c58baf5d60b69,,no,no
2010-01-01,Holly Mullen,County Council,At-Large B,2010,statement,2010 Interim Reports / June,Holly Mullen (Council At-Large B) — June,https://slco.org/clerk/financialDisclosurePDF/2010Disclosures/hmullen_10_PrimaryInterim_CntyCncl_AtLrgB.pdf,2026-08-01,scanned,tesseract OCR (pdftoppm 300dpi),raw/clerk_legacy/hmullen_10_PrimaryInterim_CntyCncl_AtLrgB.pdf,clerk_legacy,,2e7a3fb99104601a8660c909275efb74f0cdfe767b0178537e8731b38b423f11,,no,no
2010-01-01,Holly Mullen,County Council,At-Large B,2010,statement,2010 Interim Reports / September,Holly Mullen (Council At-Large B) — September,https://slco.org/clerk/financialDisclosurePDF/2010Disclosures/hmullen_10_Sept_Interim.pdf,2026-08-01,scanned,tesseract OCR (pdftoppm 300dpi),raw/clerk_legacy/hmullen_10_Sept_Interim.pdf,clerk_legacy,,0e6bf837f89be0841cb3f192da766c091f993adbe23e84263bf291a5575af86c,,no,no
2011-01-01,Jani Iwamoto,County Council,District 4,2010,statement,2008 Interim Reports / 2011 Summary Report,Jani Iwamoto (Council #4) — 2011 Summary Report,https://slco.org/clerk/financialDisclosurePDF/2011YearEnd/JIwamoato_11_YearEnd_CntyCncl1_Redacted1.pdf,2026-08-01,scanned,tesseract OCR (pdftoppm 300dpi),raw/clerk_legacy/JIwamoato_11_YearEnd_CntyCncl1_Redacted1.pdf,clerk_legacy,,9ee6c3561e16833b147b9134b42319b10683b9b4f05903587820e7c348832e3c,,no,no
2010-01-01,Jani Iwamoto,County Council,District 4,2010,statement,2008 Interim Reports / 2010 Summary Report,Jani Iwamoto (Council #4) — 2010 Summary Report,https://slco.org/clerk/financialDisclosurePDF/2010_Year_end/jiwamoto_10_YearEnd_CntyCncl_4.pdf,2026-08-01,scanned,tesseract OCR (pdftoppm 300dpi),raw/clerk_legacy/jiwamoto_10_YearEnd_CntyCncl_4.pdf,clerk_legacy,,4568becebd3d8c2957b9e10328a897e242ab3ec26206bc891308d0eb19a2d710,,no,no
2011-01-01,Jeffrey Hatch,Auditor,,2010,statement,2010 Interim Reports / Dissolution Report,Jeffrey Hatch (Auditor) — Dissolution Report,https://slco.org/clerk/financialDisclosurePDF/2011YearEnd/JHatch_11_Dissolution_Auditor.pdf,2026-08-01,scanned,tesseract OCR (pdftoppm 300dpi),raw/clerk_legacy/JHatch_11_Dissolution_Auditor.pdf,clerk_legacy,,8a1a19577bf80313622ce8ff6268f30a0250a5f8702b1eaec6b1152959a7c2a0,,no,no
2010-01-01,Jennifer Wilson,County Council,At-Large B,2010,statement,Dissolution,Jennifer Wilson (Council At-Large B) — Dissolution,https://slco.org/clerk/financialDisclosurePDF/2010_Year_end/jwilson_10_Final.pdf,2026-08-01,scanned,tesseract OCR (pdftoppm 300dpi),raw/clerk_legacy/jwilson_10_Final.pdf,clerk_legacy,,33d447eb65a323cda570eea7b5f66cd2776aa21628c8423c69c418a0f6cd9a1b,,no,no
2010-01-01,Jeremy Votaw,Clerk,,2010,statement,2010 Interim Reports / Amendment to April,Jeremy Votaw (Clerk) — Amendment to April,https://slco.org/clerk/financialDisclosurePDF/2010Disclosures/jvotaw_10_Apr_Interim_Amend.pdf,2026-08-01,scanned,tesseract OCR (pdftoppm 300dpi),raw/clerk_legacy/jvotaw_10_Apr_Interim_Amend.pdf,clerk_legacy,,d5a7cb7897cac96a8edb65e69afd9af8bf3ac5222564406059873e49514cbe05,,no,no
2010-01-01,Jeremy Votaw,Clerk,,2010,statement,2010 Interim Reports / Dissolution,Jeremy Votaw (Clerk) — Dissolution,https://slco.org/clerk/financialDisclosurePDF/2010_Year_end/jvotaw_10_FinalDis_Clerk.pdf,2026-08-01,scanned,tesseract OCR (pdftoppm 300dpi),raw/clerk_legacy/jvotaw_10_FinalDis_Clerk.pdf,clerk_legacy,,18839e549282c58bbe899c015d6ebdc5eefb3629254c439f09d1615b6c1bf3ae,,no,no
2010-01-01,Jeremy Votaw,Clerk,,2010,statement,2010 Interim Reports / April,Jeremy Votaw (Clerk) — April,https://slco.org/clerk/financialDisclosurePDF/2010Disclosures/jvotaw_10_InterimApr_clerk.pdf,2026-08-01,scanned,tesseract OCR (pdftoppm 300dpi),raw/clerk_legacy/jvotaw_10_InterimApr_clerk.pdf,clerk_legacy,,91847e7133b70b8e9d5abb5e5705f1358a8378b802925b323c97651917173e86,,no,no
2010-01-01,Jeremy Votaw,Clerk,,2010,statement,2010 Interim Reports / October,Jeremy Votaw (Clerk) — October,https://slco.org/clerk/financialDisclosurePDF/2010Disclosures/October_2010/jvotaw_10_OctoberInterim.pdf,2026-08-01,scanned,tesseract OCR (pdftoppm 300dpi),raw/clerk_legacy/jvotaw_10_OctoberInterim.pdf,clerk_legacy,,644cb35ad7d05d0b8300c3dc8b88cafe25d641858cf07472baa779973160d833,,no,no
2010-01-01,Jeremy Votaw,Clerk,,2010,statement,2010 Interim Reports / September,Jeremy Votaw (Clerk) — September,https://slco.org/clerk/financialDisclosurePDF/2010Disclosures/jvotaw_10_Sept_Interim.pdf,2026-08-01,scanned,tesseract OCR (pdftoppm 300dpi),raw/clerk_legacy/jvotaw_10_Sept_Interim.pdf,clerk_legacy,,6f2fa93b6afdc22bd6a4bc8450139ab0e1131748fce815054edd0313fecff1e5,,no,no
2010-01-01,Jeremy Votaw,Clerk,,2010,statement,2010 Interim Reports / June,Jeremy Votaw (Clerk) — June,https://slco.org/clerk/financialDisclosurePDF/2010Disclosures/jvotaw_6_15.pdf,2026-08-01,scanned,tesseract OCR (pdftoppm 300dpi),raw/clerk_legacy/jvotaw_6_15.pdf,clerk_legacy,,e60b5b30d7f18bba63dde6678c1a493cf82e48250971f36f26fcc3d01d4ead3b,,no,no
2011-01-01,Jim Bradley,County Council,At-Large C,2010,statement,2006 Interim Reports / 2011 Summary Report,Jim Bradley (Council At-Large C) — 2011 Summary Report,https://slco.org/clerk/financialDisclosurePDF/2011YearEnd/JBradley_11_YearEnd_AtLrgC_Redacted1.pdf,2026-08-01,scanned,tesseract OCR (pdftoppm 300dpi),raw/clerk_legacy/JBradley_11_YearEnd_AtLrgC_Redacted1.pdf,clerk_legacy,,7494dabb0e1e014c1aae3e40e260e9be3d9edcdc24ef85d13bb6d74428b62ea4,,no,no
2010-01-01,Jim Bradley,County Council,At-Large C,2010,statement,2006 Interim Reports / 2010 Summary Report,Jim Bradley (Council At-Large C) — 2010 Summary Report,https://slco.org/clerk/financialDisclosurePDF/2010_Year_end/jbradley_10_YearEnd_CntyCncl_AtLrgC.pdf,2026-08-01,scanned,tesseract OCR (pdftoppm 300dpi),raw/clerk_legacy/jbradley_10_YearEnd_CntyCncl_AtLrgC.pdf,clerk_legacy,,650e8cfe1a5a7d9f4a56d5eb7e1341e2ff2e7f7821bbb7680d035fc7c1b902e0,,no,no
2010-01-01,Joe Hatch,County Council,District 1,2010,statement,2006 Interim Reports / Dissolution,Joe Hatch (Council #1) — Dissolution,https://slco.org/clerk/financialDisclosurePDF/2010_Year_end/jhatch_10_FinalDissolution_CntyCncl_1.pdf,2026-08-01,scanned,tesseract OCR (pdftoppm 300dpi),raw/clerk_legacy/jhatch_10_FinalDissolution_CntyCncl_1.pdf,clerk_legacy,,a88903847a3715c983e15174e54a8507ab79ff863a75b61f0e145df85ec7b25d,,no,no
2010-01-01,Larry W. Richardson,Treasurer,,2010,statement,2006 Interim Reports / Dissolution Report,Larry W. Richardson (Treasurer) — Dissolution Report,https://slco.org/clerk/financialDisclosurePDF/2010_Year_end/lrichardson_10_FinalDis_Treasurer.pdf,2026-08-01,scanned,tesseract OCR (pdftoppm 300dpi),raw/clerk_legacy/lrichardson_10_FinalDis_Treasurer.pdf,clerk_legacy,,c6b7cb2d1e8993544ebaa575e3101cc89a09d2d90d4488536288a448b7638563,,no,no
2011-01-01,Liz Fehrmann,Assessor,,2010,statement,2010 Interim Reports / Dissolution,Liz Fehrmann (Assessor) — Dissolution,https://slco.org/clerk/financialDisclosurePDF/2011YearEnd/LFehrmann_11_Dissolutionl_Assessor.pdf,2026-08-01,scanned,tesseract OCR (pdftoppm 300dpi),raw/clerk_legacy/LFehrmann_11_Dissolutionl_Assessor.pdf,clerk_legacy,,d6dac4a0f3b1a6468caeb9b6b78ed4ca3f55976918e8ab50afb040127c40932b,,no,no
2011-01-01,Liz Fehrmann,Assessor,,2010,statement,2010 Interim Reports / 2011 Summary Report,Liz Fehrmann (Assessor) — 2011 Summary Report,https://slco.org/clerk/financialDisclosurePDF/2011YearEnd/LFehrmann_11_Final_Assessor_Redacted.pdf,2026-08-01,scanned,tesseract OCR (pdftoppm 300dpi),raw/clerk_legacy/LFehrmann_11_Final_Assessor_Redacted.pdf,clerk_legacy,,e8137884163b3ef2e024d2e31805fd3f967de1836ac781c219e37726c043f282,,no,no
2011-01-01,Mark Crockett,County Council,District 4,2010,statement,2008 Interim Reports / Dissolution,Mark Crockett (Council #4) — Dissolution,https://slco.org/clerk/financialDisclosurePDF/2011YearEnd/MCrockett_11_Dissolution_CntyCncl4.pdf,2026-08-01,scanned,tesseract OCR (pdftoppm 300dpi),raw/clerk_legacy/MCrockett_11_Dissolution_CntyCncl4.pdf,clerk_legacy,,4e3280cc37e635a1e5f54aae761562a9f7a16accbd32b440934314b4ab79dd24,,no,no
2011-01-01,Mark Crockett,County Council,District 4,2010,statement,2008 Interim Reports / 2011 Summary Report,Mark Crockett (Council #4) — 2011 Summary Report,https://slco.org/clerk/financialDisclosurePDF/2011YearEnd/MCrockett_11_Final_CntyCncl4_Redacted1.pdf,2026-08-01,scanned,tesseract OCR (pdftoppm 300dpi),raw/clerk_legacy/MCrockett_11_Final_CntyCncl4_Redacted1.pdf,clerk_legacy,,a46505da362e4955111c45cf6871fc5788cc59dcd7e56fa4a64986c241f4e856,,no,no
2011-01-01,Max Burdick,County Council,District 6,2010,statement,2008 Interim Reports / 2011 Summary Report,Max Burdick (Council #6) — 2011 Summary Report,https://slco.org/clerk/financialDisclosurePDF/2011YearEnd/MBurdick_11_YearEnd_CntyCncl6_Redacted.pdf,2026-08-01,scanned,tesseract OCR (pdftoppm 300dpi),raw/clerk_legacy/MBurdick_11_YearEnd_CntyCncl6_Redacted.pdf,clerk_legacy,,a13177f9174f7bf53c2f6631e1ad46e203b786d80da28e2265c510e3ecff2c1f,,no,no
2010-01-01,Max Burdick,County Council,District 6,2010,statement,2008 Interim Reports / 2010 Summary Report,Max Burdick (Council #6) — 2010 Summary Report,https://slco.org/clerk/financialDisclosurePDF/2010_Year_end/mburdick_10_YearEnd_CntyCncl6.pdf,2026-08-01,scanned,tesseract OCR (pdftoppm 300dpi),raw/clerk_legacy/mburdick_10_YearEnd_CntyCncl6.pdf,clerk_legacy,,5ea3c1ff7d08c20f2f242722e469f4656d093f5cbbcfb84b2f94a2e68853f9d9,,no,no
2011-01-01,Michael Jensen,County Council,District 2,2010,statement,2008 Interim Reports / 2011 Summary Report,Michael Jensen (Council #2) — 2011 Summary Report,https://slco.org/clerk/financialDisclosurePDF/2011YearEnd/MJensen_11_YearEnd_CntyCncl2_Redacted1.pdf,2026-08-01,scanned,tesseract OCR (pdftoppm 300dpi),raw/clerk_legacy/MJensen_11_YearEnd_CntyCncl2_Redacted1.pdf,clerk_legacy,,ea4447b3afe72817c7170ad165c2c94b4013ccc9b3d1e59003e039b382dd566c,,no,no
2010-01-01,Michael Jensen,County Council,District 2,2010,statement,2008 Interim Reports / 2010 Summary Report,Michael Jensen (Council #2) — 2010 Summary Report,https://slco.org/clerk/financialDisclosurePDF/2010_Year_end/mjensen_10_YearEnd_CntyCncl2.pdf,2026-08-01,scanned,tesseract OCR (pdftoppm 300dpi),raw/clerk_legacy/mjensen_10_YearEnd_CntyCncl2.pdf,clerk_legacy,,6bf215c54eed1071c73344d3a5793788d3b8b59c859565a207825c0838820db2,,no,no
2011-01-01,Michael Renckert,Mayor,,2010,statement,2008 Interim Reports / Dissolution Report,Michael Renckert (Mayor) — Dissolution Report,https://slco.org/clerk/financialDisclosurePDF/2011YearEnd/MRenckert_11_Dissolution_Mayor.pdf,2026-08-01,scanned,tesseract OCR (pdftoppm 300dpi),raw/clerk_legacy/MRenckert_11_Dissolution_Mayor.pdf,clerk_legacy,,970346f9825a4e2685fad0a0a33c9011f84b1772ed2dff8e1759747b823f2af0,,no,no
2011-01-01,Michael Renckert,Mayor,,2010,statement,2008 Interim Reports / 2011 Summary Report,Michael Renckert (Mayor) — 2011 Summary Report,https://slco.org/clerk/financialDisclosurePDF/2011YearEnd/MRenckert_11_Final_Mayor.pdf,2026-08-01,scanned,tesseract OCR (pdftoppm 300dpi),raw/clerk_legacy/MRenckert_11_Final_Mayor.pdf,clerk_legacy,,c3c989c0be725677ae65389d3ed6714327942f6cabc98b08a38c2e2e7ac81ad6,,no,no
2010-01-01,Michael Renckert,Mayor,,2010,statement,2008 Interim Reports / 2010 Summary Report,Michael Renckert (Mayor) — 2010 Summary Report,https://slco.org/clerk/financialDisclosurePDF/2010_Year_end/mrenckert_10_YearEnd.pdf,2026-08-01,scanned,tesseract OCR (pdftoppm 300dpi),raw/clerk_legacy/mrenckert_10_YearEnd.pdf,clerk_legacy,,b491f7193eb5514206f25ba05df198d5803e80b9a9b7c4a9a7eb7a3aff41ff0c,,no,no
2011-01-01,Paul Pugmire,County Council,District 2,2010,statement,2010 Interim Reports / Dissolution,Paul Pugmire (Council #2) — Dissolution,https://slco.org/clerk/financialDisclosurePDF/2011YearEnd/PPugmire_11_Dissolution_CntyCncl2.pdf,2026-08-01,scanned,tesseract OCR (pdftoppm 300dpi),raw/clerk_legacy/PPugmire_11_Dissolution_CntyCncl2.pdf,clerk_legacy,,845bc94398aa3959838d2bd5b2948113f1a0b023acd99cff8dde634da1c3f873,,no,no
2010-01-01,Paul Pugmire,County Council,District 2,2010,statement,2010 Interim Reports / April,Paul Pugmire (Council #2) — April,https://slco.org/clerk/financialDisclosurePDF/2010Disclosures/Pugmire_P_10_April_Interim_CntyCncl_2_redacted.pdf,2026-08-01,scanned,tesseract OCR (pdftoppm 300dpi),raw/clerk_legacy/Pugmire_P_10_April_Interim_CntyCncl_2_redacted.pdf,clerk_legacy,,aec0431133dc913fe223dd306650f270615d621f8163c43a3473b16720f80aad,,no,no
2010-01-01,Randy Horiuchi,County Council,At-Large A,2010,statement,2008 Interim Reports / Amendment to 2010 Summary Report,Randy Horiuchi (Council At-Large A) — Amendment to 2010 Summary Report,https://slco.org/clerk/financialDisclosurePDF/2010_Year_end/Horiuchi_R_10_Final_Amended_Redacted.pdf,2026-08-01,scanned,tesseract OCR (pdftoppm 300dpi),raw/clerk_legacy/Horiuchi_R_10_Final_Amended_Redacted.pdf,clerk_legacy,,d12ed303f62e137d8c84f94783b6c920326efde09724830ebd869bac9d34a5fe,,no,no
2011-01-01,Randy Horiuchi,County Council,At-Large A,2010,statement,2008 Interim Reports / Amendment to 2011 Summary Report,Randy Horiuchi (Council At-Large A) — Amendment to 2011 Summary Report,https://slco.org/clerk/financialDisclosurePDF/2011YearEnd/Horiuchi_R_11_Final_Amended_Redacted.pdf,2026-08-01,scanned,tesseract OCR (pdftoppm 300dpi),raw/clerk_legacy/Horiuchi_R_11_Final_Amended_Redacted.pdf,clerk_legacy,,1a7e5204c8c970e9b4e92029e689a97e6c4aaec1d297d1797cff36423b9c6f2f,,no,no
2011-01-01,Randy Horiuchi,County Council,At-Large A,2010,statement,2008 Interim Reports / 2011 Summary Report,Randy Horiuchi (Council At-Large A) — 2011 Summary Report,https://slco.org/clerk/financialDisclosurePDF/2011YearEnd/RHoriuchi_10_YearEnd_AtLrgA_Redacted.pdf,2026-08-01,scanned,tesseract OCR (pdftoppm 300dpi),raw/clerk_legacy/RHoriuchi_10_YearEnd_AtLrgA_Redacted.pdf,clerk_legacy,,4ba2b247b9274e4daf0d016d025dc8387a83f1e21e227082e8e56b964ff68fb3,,no,no
2010-01-01,Randy Horiuchi,County Council,At-Large A,2010,statement,2008 Interim Reports / 2010 Summary Report,Randy Horiuchi (Council At-Large A) — 2010 Summary Report,https://slco.org/clerk/financialDisclosurePDF/2010_Year_end/rhoriuchi_10_YearEnd_CntyCncl_AtLrgC.pdf,2026-08-01,scanned,tesseract OCR (pdftoppm 300dpi),raw/clerk_legacy/rhoriuchi_10_YearEnd_CntyCncl_AtLrgC.pdf,clerk_legacy,,9ce6e9b7be9b9974b414a1e8d3226191528d012ab56a821feb1f00a1ec743dcb,,no,no
2011-01-01,Richard Snelgrove,County Council,At-Large B,2010,statement,2010 Interim Reports / Dissolution,Richard Snelgrove (Council At-Large B) — Dissolution,https://slco.org/clerk/financialDisclosurePDF/2011YearEnd/RSnelgrove_11_Dissolution_AtLrgB.pdf,2026-08-01,scanned,tesseract OCR (pdftoppm 300dpi),raw/clerk_legacy/RSnelgrove_11_Dissolution_AtLrgB.pdf,clerk_legacy,,ec4c1ee54291c9d84ca5b7e01ab9266f96c8ec2ac5ca1b4b94055010543b2a67,,no,no
2011-01-01,Ross Romero,Mayor,,2010,statement,Amendment to 2011 Summary Report,Ross Romero (Mayor) — Amendment to 2011 Summary Report,https://slco.org/clerk/financialDisclosurePDF/2011YearEnd/RRomero_11_YearEnd_Amend_Mayor_Redacted.pdf,2026-08-01,scanned,tesseract OCR (pdftoppm 300dpi),raw/clerk_legacy/RRomero_11_YearEnd_Amend_Mayor_Redacted.pdf,clerk_legacy,,37bd3d82fdbfb457651d7699c735b3c59311e2026ef11f5a1f69a76266c83864,,no,no
2011-01-01,Ross Romero,Mayor,,2010,statement,2011 Summary Report,Ross Romero (Mayor) — 2011 Summary Report,https://slco.org/clerk/financialDisclosurePDF/2011YearEnd/RRomero_11_YearEnd_Mayor_Redacted.pdf,2026-08-01,scanned,tesseract OCR (pdftoppm 300dpi),raw/clerk_legacy/RRomero_11_YearEnd_Mayor_Redacted.pdf,clerk_legacy,,b5c1c4a8aa280f1882c09df4b57229f4d24baa179891c8bffc6bd3a6c54a5847,,no,no
2010-01-01,Sim Gill,District Attorney,,2010,statement,2010 Interim Reports / September,Sim Gill (District Attorney) — September,https://slco.org/clerk/financialDisclosurePDF/2010Disclosures/Gill_S_10_Sept_DA_Redacted.pdf,2026-08-01,scanned,tesseract OCR (pdftoppm 300dpi),raw/clerk_legacy/Gill_S_10_Sept_DA_Redacted.pdf,clerk_legacy,,55a9e3eb59cc9c4af2a363334544d90c5d4d5240af110d3b87f1f1cd479ac39c,,no,no
2011-01-01,Sim Gill,District Attorney,,2010,statement,2010 Interim Reports / 2011 Summary Report,Sim Gill (District Attorney) — 2011 Summary Report,https://slco.org/clerk/financialDisclosurePDF/2011YearEnd/SGill_11_YearEnd_DistAttny_Redacted.pdf,2026-08-01,scanned,tesseract OCR (pdftoppm 300dpi),raw/clerk_legacy/SGill_11_YearEnd_DistAttny_Redacted.pdf,clerk_legacy,,61db03fcaa9a835132c6be8fac51a07e95b40f4f0acf51bdb390e1e145b0785e,,no,no
2010-01-01,Sim Gill,District Attorney,,2010,statement,2010 Interim Reports / April,Sim Gill (District Attorney) — April,https://slco.org/clerk/financialDisclosurePDF/2010Disclosures/sgill_10_Apr_Interim.pdf,2026-08-01,scanned,tesseract OCR (pdftoppm 300dpi),raw/clerk_legacy/sgill_10_Apr_Interim.pdf,clerk_legacy,,da72fd2f81e4d6addc425f0cde48ea81d8eb8ab24a24da2257be8413f6d7caaf,,no,no
2010-01-01,Sim Gill,District Attorney,,2010,statement,2010 Interim Reports / October,Sim Gill (District Attorney) — October,https://slco.org/clerk/financialDisclosurePDF/2010Disclosures/October_2010/sgill_10_OctoberInterim.pdf,2026-08-01,scanned,tesseract OCR (pdftoppm 300dpi),raw/clerk_legacy/sgill_10_OctoberInterim.pdf,clerk_legacy,,cbc471f449e90f3293faea20816314a97e9da619150ff44fa2f7c523009a9047,,no,no
2010-01-01,Sim Gill,District Attorney,,2010,statement,2010 Interim Reports / June,Sim Gill (District Attorney) — June,https://slco.org/clerk/financialDisclosurePDF/2010Disclosures/sgill_10_PrimaryInterim.pdf,2026-08-01,scanned,tesseract OCR (pdftoppm 300dpi),raw/clerk_legacy/sgill_10_PrimaryInterim.pdf,clerk_legacy,,540c6add5ad99f267ec29b46516144a7952f1e3ef3c9bb5cefca5a6074f03653,,no,no
2010-01-01,Sim Gill,District Attorney,,2010,statement,2010 Interim Reports / 2010 Summary Report,Sim Gill (District Attorney) — 2010 Summary Report,https://slco.org/clerk/financialDisclosurePDF/2010_Year_end/sgill_10_YearEnd.pdf,2026-08-01,scanned,tesseract OCR (pdftoppm 300dpi),raw/clerk_legacy/sgill_10_YearEnd.pdf,clerk_legacy,,57f73a49a67970748c4869440d719a2e6255be9ee911ea419a877af29bed6589,,no,no
2010-01-01,Steve Harmsen,County Council,District 1,2010,statement,2010 Interim Reports / April,Steve Harmsen (Council #1) — April,https://slco.org/clerk/financialDisclosurePDF/2010Disclosures/sharmsen_10_Apr_Interim.pdf,2026-08-01,scanned,tesseract OCR (pdftoppm 300dpi),raw/clerk_legacy/sharmsen_10_Apr_Interim.pdf,clerk_legacy,,bf87953ccb77c2bd7c7b8021c115e57a56a36e687a31235b7bdf53bd3aae575f,,no,no
2010-01-01,Steve Harmsen,County Council,District 1,2010,statement,2010 Interim Reports / Dissolution,Steve Harmsen (Council #1) — Dissolution,https://slco.org/clerk/financialDisclosurePDF/2010_Year_end/sharmsen_10_FinalDis_CntyCncl1.pdf,2026-08-01,scanned,tesseract OCR (pdftoppm 300dpi),raw/clerk_legacy/sharmsen_10_FinalDis_CntyCncl1.pdf,clerk_legacy,,50ec2e7b4cb39fe8de5cb2292aea1384b56e5d44ad437cd45164efef0d7554ce,,no,no
2010-01-01,Steve Harmsen,County Council,District 1,2010,statement,2010 Interim Reports / October,Steve Harmsen (Council #1) — October,https://slco.org/clerk/financialDisclosurePDF/2010Disclosures/October_2010/sharmsen_10_OctoberInterim_CntyCncl1.pdf,2026-08-01,scanned,tesseract OCR (pdftoppm 300dpi),raw/clerk_legacy/sharmsen_10_OctoberInterim_CntyCncl1.pdf,clerk_legacy,,31eab9449fda1cd3d4f21cff169fa5a17b3cc9b3000dc11782a8d6c5de735216,,no,no
2010-01-01,Steve Harmsen,County Council,District 1,2010,statement,2010 Interim Reports / June,Steve Harmsen (Council #1) — June,https://slco.org/clerk/financialDisclosurePDF/2010Disclosures/sharmsen_10_PrimaryInterim_CntyCncl1.pdf,2026-08-01,scanned,tesseract OCR (pdftoppm 300dpi),raw/clerk_legacy/sharmsen_10_PrimaryInterim_CntyCncl1.pdf,clerk_legacy,,663843d8cf32107436a1b5ef01c98eaef6eb5d7ae6bd0fc3f1f38880adf1bf93,,no,no
2010-01-01,Steve Harmsen,County Council,District 1,2010,statement,2010 Interim Reports / September,Steve Harmsen (Council #1) — September,https://slco.org/clerk/financialDisclosurePDF/2010Disclosures/sharmsen_10_Sept_Interim_CntyCncl1.pdf,2026-08-01,scanned,tesseract OCR (pdftoppm 300dpi),raw/clerk_legacy/sharmsen_10_Sept_Interim_CntyCncl1.pdf,clerk_legacy,,01918ca0ad966ebd567bf83becb276f42c53603783aaaa0e1772d2e4af7faaf5,,no,no
2011-01-01,Steven L. DeBry,County Council,District 5,2010,statement,2010 Interim Reports / Amendment to 2011 Summary Report,Steven L. DeBry (Council #5) — Amendment to 2011 Summary Report,https://slco.org/clerk/financialDisclosurePDF/2011YearEnd/SDeBry_11_YearEnd_Amend_CntyCncl5_Redacted1.pdf,2026-08-01,scanned,tesseract OCR (pdftoppm 300dpi),raw/clerk_legacy/SDeBry_11_YearEnd_Amend_CntyCncl5_Redacted1.pdf,clerk_legacy,,b00b775d80203079792047f1aacb16897c8d7f1ab71b0b76be7abceea6d65180,,no,no
2011-01-01,Steven L. DeBry,County Council,District 5,2010,statement,2010 Interim Reports / 2011 Summary Report,Steven L. DeBry (Council #5) — 2011 Summary Report,https://slco.org/clerk/financialDisclosurePDF/2011YearEnd/SDeBry_11_YearEnd_CntyCncl5_Redacted.pdf,2026-08-01,scanned,tesseract OCR (pdftoppm 300dpi),raw/clerk_legacy/SDeBry_11_YearEnd_CntyCncl5_Redacted.pdf,clerk_legacy,,408d3544101c01034d662754f037f18f485e329d0033f5a168ff8305a62707e7,,no,no
2010-01-01,Steven L. DeBry,County Council,District 5,2010,statement,2010 Interim Reports / April,Steven L. DeBry (Council #5) — April,https://slco.org/clerk/financialDisclosurePDF/2010Disclosures/sdebry_10_Apr_Interim.pdf,2026-08-01,scanned,tesseract OCR (pdftoppm 300dpi),raw/clerk_legacy/sdebry_10_Apr_Interim.pdf,clerk_legacy,,d25ee8cb69633dc004c169a0715f036f44c060f43b1ada0401bd75b57348890c,,no,no
2010-01-01,Steven L. DeBry,County Council,District 5,2010,statement,2010 Interim Reports / October,Steven L. DeBry (Council #5) — October,https://slco.org/clerk/financialDisclosurePDF/2010Disclosures/October_2010/sdebry_10_OctoberInterim_CntyCncl5.pdf,2026-08-01,scanned,tesseract OCR (pdftoppm 300dpi),raw/clerk_legacy/sdebry_10_OctoberInterim_CntyCncl5.pdf,clerk_legacy,,ec7f0515ee6b89b147e6503d3c4acfed1b55af78dbad5712ff943887f5c0a7eb,,no,no
2010-01-01,Steven L. DeBry,County Council,District 5,2010,statement,2010 Interim Reports / June,Steven L. DeBry (Council #5) — June,https://slco.org/clerk/financialDisclosurePDF/2010Disclosures/sdebry_10_PrimaryInterim_CntyCncl5.pdf,2026-08-01,scanned,tesseract OCR (pdftoppm 300dpi),raw/clerk_legacy/sdebry_10_PrimaryInterim_CntyCncl5.pdf,clerk_legacy,,33b000a5943f5e12d5ae12f5a3ff01f3206f183970e6d60192a7c7861373e591,,no,no
2010-01-01,Steven L. DeBry,County Council,District 5,2010,statement,2010 Interim Reports / September,Steven L. DeBry (Council #5) — September,https://slco.org/clerk/financialDisclosurePDF/2010Disclosures/sdebry_10_Sept_Interim.pdf,2026-08-01,scanned,tesseract OCR (pdftoppm 300dpi),raw/clerk_legacy/sdebry_10_Sept_Interim.pdf,clerk_legacy,,0d99ae0c1a18d942b5229ebebce3a5a2e99c0898c4a78b90908d6f61c513497a,,no,no
2010-01-01,Steven L. DeBry,County Council,District 5,2010,statement,2010 Interim Reports / 2010 Summary Report,Steven L. DeBry (Council #5) — 2010 Summary Report,https://slco.org/clerk/financialDisclosurePDF/2010_Year_end/sdebry_10_YearEnd_CntyCncl5.pdf,2026-08-01,scanned,tesseract OCR (pdftoppm 300dpi),raw/clerk_legacy/sdebry_10_YearEnd_CntyCncl5.pdf,clerk_legacy,,a0299e005049c7d520e19f9935ab4168be9f0305391f5d27c9aa584ea393585b,,no,no
2010-01-01,Tyler Andrus,County Council,District 5,2010,statement,2010 Interim Reports / Dissolution,Tyler Andrus (Council #5) — Dissolution,https://slco.org/clerk/financialDisclosurePDF/2010_Year_end/tandrus_10_Final_Dissolution.pdf,2026-08-01,scanned,tesseract OCR (pdftoppm 300dpi),raw/clerk_legacy/tandrus_10_Final_Dissolution.pdf,clerk_legacy,,1c9414ddf0d639c7c3576f31c00660810e628f7495ebd1b8731eb47ea79a63f7,,no,no
2010-01-01,Warren T. Rogers,County Council,At-Large B,2010,statement,2010 Interim Report / October,Warren T. Rogers (Council At-Large B) — October,https://slco.org/clerk/financialDisclosurePDF/2010Disclosures/October_2010/Rogers_W_10_General_CntyCncl_AtLrgB_Redacted.pdf,2026-08-01,scanned,tesseract OCR (pdftoppm 300dpi),raw/clerk_legacy/Rogers_W_10_General_CntyCncl_AtLrgB_Redacted.pdf,clerk_legacy,,4cf14166eab863d04a2c67e0444d0702dc84f1379898c260c179a09894b80c28,,no,no
2010-01-01,Warren T. Rogers,County Council,At-Large B,2010,statement,2010 Interim Report / 2010 Year End Summary,Warren T. Rogers (Council At-Large B) — 2010 Year End Summary,https://slco.org/clerk/financialDisclosurePDF/2010_Year_end/Rogers_W_10_YearEnd_CntyCncl_AtLrgB_Redacted.pdf,2026-08-01,scanned,tesseract OCR (pdftoppm 300dpi),raw/clerk_legacy/Rogers_W_10_YearEnd_CntyCncl_AtLrgB_Redacted.pdf,clerk_legacy,,99aea63762fca68ca599039495516767eedb643e7e37e89a179a9c64c2462d05,,no,no
2011-01-01,Warren T. Rogers,County Council,At-Large B,2010,statement,2010 Interim Report / 2011 Year End Summary,Warren T. Rogers (Council At-Large B) — 2011 Year End Summary,https://slco.org/clerk/financialDisclosurePDF/2011YearEnd/Rogers_W_11_YearEnd_AtLrgB_Redacted.pdf,2026-08-01,scanned,tesseract OCR (pdftoppm 300dpi),raw/clerk_legacy/Rogers_W_11_YearEnd_AtLrgB_Redacted.pdf,clerk_legacy,,b493ae53cd429c18ea5bacd03f5bbcba030fd6333bee469e48908eb8c4b4502a,,no,no
2010-01-01,Warren T. Rogers,County Council,At-Large B,2010,statement,Small Budget,Warren T. Rogers (Council At-Large B) — Small Budget,https://slco.org/clerk/financialDisclosurePDF/2010Disclosures/wrogers_10_Small_Budget.pdf,2026-08-01,scanned,tesseract OCR (pdftoppm 300dpi),raw/clerk_legacy/wrogers_10_Small_Budget.pdf,clerk_legacy,,1db03802872acb47e2bbf743c8e667587eb662b3322d2c10ed1305858eefe67b,,no,no
2012-01-01,Ben McAdams,Mayor,,2012,statement,2012 Interim Reports / Amendment to April,Ben McAdams (Mayor) — Amendment to April,https://slco.org/clerk/financialDisclosurePDF/2012Disclosures/McAdams_B_12_April_Interim_Amend_Mayor_Redacted.pdf,2026-08-01,scanned,tesseract OCR (pdftoppm 300dpi),raw/clerk_legacy/McAdams_B_12_April_Interim_Amend_Mayor_Redacted.pdf,clerk_legacy,,6fdf24e2c06b5a88fd867998791425f69ea03ec16944b43c3a27540936a27fdb,,no,no
2012-01-01,Ben McAdams,Mayor,,2012,statement,2012 Interim Reports / April,Ben McAdams (Mayor) — April,https://slco.org/clerk/financialDisclosurePDF/2012Disclosures/McAdams_B_12_April_Interim_Mayor_Redacted.pdf,2026-08-01,scanned,tesseract OCR (pdftoppm 300dpi),raw/clerk_legacy/McAdams_B_12_April_Interim_Mayor_Redacted.pdf,clerk_legacy,,536c6b381959ae91092c5b0e9207bf448a3b468d39667012758b1dcc493c8e2a,,no,no
2012-01-01,Ben McAdams,Mayor,,2012,statement,2012 Interim Reports / Amendment to June,Ben McAdams (Mayor) — Amendment to June,https://slco.org/clerk/financialDisclosurePDF/2012Disclosures/June_2012/McAdams_B_12_June_Interim_Amend_Mayor_Redacted.pdf,2026-08-01,scanned,tesseract OCR (pdftoppm 300dpi),raw/clerk_legacy/McAdams_B_12_June_Interim_Amend_Mayor_Redacted.pdf,clerk_legacy,,0f80bcb03c22abd07d21423e2916880de87dc194d870989138cdcd6324dc183a,,no,no
2012-01-01,Ben McAdams,Mayor,,2012,statement,2012 Interim Reports / June,Ben McAdams (Mayor) — June,https://slco.org/clerk/financialDisclosurePDF/2012Disclosures/June_2012/McAdams_B_12_June_Interim_Mayor_Redacted.pdf,2026-08-01,scanned,tesseract OCR (pdftoppm 300dpi),raw/clerk_legacy/McAdams_B_12_June_Interim_Mayor_Redacted.pdf,clerk_legacy,,6904cdb8f5e2465bcade431d4c8db1c314136334d1235498e2c55987a19f77fa,,no,no
2012-01-01,Ben McAdams,Mayor,,2012,statement,2012 Interim Reports / 2012 Summary Report,Ben McAdams (Mayor) — 2012 Summary Report,https://slco.org/clerk/financialDisclosurePDF/2012Disclosures/YearEnd_Final/McAdams_B_12_Mayor_Redacted.pdf,2026-08-01,scanned,tesseract OCR (pdftoppm 300dpi),raw/clerk_legacy/McAdams_B_12_Mayor_Redacted.pdf,clerk_legacy,,46f5ef6398be906a80d7bfcfb3b2afa7bb6380efd0b66e493c8a6bc3dd8f5649,,no,no
2012-01-01,Ben McAdams,Mayor,,2012,statement,2012 Interim Reports / October,Ben McAdams (Mayor) — October,https://slco.org/clerk/financialDisclosurePDF/2012Disclosures/October/McAdams_B_12_Oct_Mayor_Redacted.pdf,2026-08-01,scanned,tesseract OCR (pdftoppm 300dpi),raw/clerk_legacy/McAdams_B_12_Oct_Mayor_Redacted.pdf,clerk_legacy,,e2a39773b0ec17eb9044d974442534aacdd7d9e277db1ca347f17bc74885926a,,no,no
2012-01-01,Ben McAdams,Mayor,,2012,statement,2012 Interim Reports / September,Ben McAdams (Mayor) — September,https://slco.org/clerk/financialDisclosurePDF/2012Disclosures/August_September/McAdams_B_12_Sept_Interim_CntyMyr_Redacted.pdf,2026-08-01,scanned,tesseract OCR (pdftoppm 300dpi),raw/clerk_legacy/McAdams_B_12_Sept_Interim_CntyMyr_Redacted.pdf,clerk_legacy,,4f82b3120bb9e2496948fcf8ca63039668e0ac3bdf95b6e05a2a8dcd279d5bb5,,no,no
2013-01-01,Ben McAdams,Mayor,,2012,statement,2012 Interim Reports / 2013 Summary Report,Ben McAdams (Mayor) — 2013 Summary Report,https://slco.org/clerk/financialDisclosurePDF/2013_Disclosures/McAdams_B_Mayor_2013_YearEnd.pdf,2026-08-01,scanned,tesseract OCR (pdftoppm 300dpi),raw/clerk_legacy/McAdams_B_Mayor_2013_YearEnd.pdf,clerk_legacy,,a47eb7c1d251a4d7e6d7d95c285b2c70c3bba606ab9ef17f9afb06cb809fb6cf,,no,no
2012-01-01,Brent Goodfellow,County Council,District 2,2012,statement,2012 Interim Reports / April,Brent Goodfellow (Council #2) — April,https://slco.org/clerk/financialDisclosurePDF/2012Disclosures/Goodfellow_B_12_April_Interim_CntyCncl2_Redacted.pdf,2026-08-01,scanned,tesseract OCR (pdftoppm 300dpi),raw/clerk_legacy/Goodfellow_B_12_April_Interim_CntyCncl2_Redacted.pdf,clerk_legacy,,41d34de9310fd16e0d7bd494653a36125f3f7fc0bf3be7ee5c0e558fde6d2dc9,,no,no
2012-01-01,Brent Goodfellow,County Council,District 2,2012,statement,2012 Interim Reports / 2012 Summary Report,Brent Goodfellow (Council #2) — 2012 Summary Report,https://slco.org/clerk/financialDisclosurePDF/2012Disclosures/YearEnd_Final/Goodfellow_B_12_Final_Council2_Redacted.pdf,2026-08-01,scanned,tesseract OCR (pdftoppm 300dpi),raw/clerk_legacy/Goodfellow_B_12_Final_Council2_Redacted.pdf,clerk_legacy,,1b28ab79a4a85efd782118c95ba981f594e975d7ccddd2f969af95da8ea31e67,,no,no
2012-01-01,Brent Goodfellow,County Council,District 2,2012,statement,2012 Interim Reports / Amendment to June,Brent Goodfellow (Council #2) — Amendment to June,https://slco.org/clerk/financialDisclosurePDF/2012Disclosures/June_2012/Goodfellow_B_12_June_Interim_Amend_CntyCncl2_Redac.pdf,2026-08-01,scanned,tesseract OCR (pdftoppm 300dpi),raw/clerk_legacy/Goodfellow_B_12_June_Interim_Amend_CntyCncl2_Redac.pdf,clerk_legacy,,29feb38c02682e572fd909dbc4ef661a0e982f7380ecadfa92082dc96323e31a,,no,no
2012-01-01,Brent Goodfellow,County Council,District 2,2012,statement,2012 Interim Reports / Amendment to October,Brent Goodfellow (Council #2) — Amendment to October,https://slco.org/clerk/financialDisclosurePDF/2012Disclosures/October/Goodfellow_B_12_Oct_Council2_Amended_Redacted.pdf,2026-08-01,scanned,tesseract OCR (pdftoppm 300dpi),raw/clerk_legacy/Goodfellow_B_12_Oct_Council2_Amended_Redacted.pdf,clerk_legacy,,0e88120c5202ddefcd08165e60fd07a95dc43c4c966c900be2afea453d4e90da,,no,no
2012-01-01,Brent Goodfellow,County Council,District 2,2012,statement,2012 Interim Reports / October,Brent Goodfellow (Council #2) — October,https://slco.org/clerk/financialDisclosurePDF/2012Disclosures/October/Goodfellow_B_12_Oct_Council2_Redacted.pdf,2026-08-01,scanned,tesseract OCR (pdftoppm 300dpi),raw/clerk_legacy/Goodfellow_B_12_Oct_Council2_Redacted.pdf,clerk_legacy,,5ed761ba5ccd8421dd90bc88db651b9c9989726ccb361f33fe89a21b42fb6a91,,no,no
2012-01-01,Brent Goodfellow,County Council,District 2,2012,statement,2012 Interim Reports / June,Brent Goodfellow (Council #2) — June,https://slco.org/clerk/financialDisclosurePDF/2012Disclosures/June_2012/Goodfellow_B_12_Primary_CntyCncl2_Redacted.pdf,2026-08-01,scanned,tesseract OCR (pdftoppm 300dpi),raw/clerk_legacy/Goodfellow_B_12_Primary_CntyCncl2_Redacted.pdf,clerk_legacy,,056f90c07858f8c7ad6d058e535d91a8dd030a13be606bd7dca4dcc81a664769,,no,no
2012-01-01,Brent Goodfellow,County Council,District 2,2012,statement,2012 Interim Reports / September,Brent Goodfellow (Council #2) — September,https://slco.org/clerk/financialDisclosurePDF/2012Disclosures/August_September/Goodfellow_B_12_Sept_Interim_CntyCncl2_Redacted.pdf,2026-08-01,scanned,tesseract OCR (pdftoppm 300dpi),raw/clerk_legacy/Goodfellow_B_12_Sept_Interim_CntyCncl2_Redacted.pdf,clerk_legacy,,86a869799785f7273af898492d9caf6fece97b86d52bce640ec0db92057ffce4,,no,no
2013-01-01,Brent Goodfellow,County Council,District 2,2012,statement,2012 Interim Reports / 2013 Summary Report,Brent Goodfellow (Council #2) — 2013 Summary Report,https://slco.org/clerk/financialDisclosurePDF/2013_Disclosures/Goodfellow_B_Council2_2013_YearEnd.pdf,2026-08-01,scanned,tesseract OCR (pdftoppm 300dpi),raw/clerk_legacy/Goodfellow_B_Council2_2013_YearEnd.pdf,clerk_legacy,,39a9398d827ff516479691660f7f49f24efdb3b64185cb284f42742fddd5cd6c,,no,no
2013-01-01,Casey Jackson,County Council,District 3,2012,statement,2013 Year End/Dissolution,Casey Jackson (Council #3) — 2013 Year End/Dissolution,https://slco.org/clerk/financialDisclosurePDF/2013_Disclosures/Jackson_C_Council3_2013_Dissolution.pdf,2026-08-01,scanned,tesseract OCR (pdftoppm 300dpi),raw/clerk_legacy/Jackson_C_Council3_2013_Dissolution.pdf,clerk_legacy,,d509bad72ae63eefb5d0bf6689b9016cdfc9e295d26be690b98a14b09b257f8c,,no,no
2012-01-01,Craig Ward,County #4,,2012,statement,2012 Interim Reports / Amendment to April,Craig Ward (County #4) — Amendment to April,https://slco.org/clerk/financialDisclosurePDF/2012Disclosures/Ward_C_12_April_Interim_Amend_CntyCncl4_Redacted.pdf,2026-08-01,scanned,tesseract OCR (pdftoppm 300dpi),raw/clerk_legacy/Ward_C_12_April_Interim_Amend_CntyCncl4_Redacted.pdf,clerk_legacy,,91ca4eed7f510383ba6efa88b197712c16c8237e7d008550fcef61d57c67258d,,no,no
2012-01-01,Craig Ward,County #4,,2012,statement,2012 Interim Reports / April,Craig Ward (County #4) — April,https://slco.org/clerk/financialDisclosurePDF/2012Disclosures/Ward_C_12_April_Interim_CntyCncl4_Redacted.pdf,2026-08-01,scanned,tesseract OCR (pdftoppm 300dpi),raw/clerk_legacy/Ward_C_12_April_Interim_CntyCncl4_Redacted.pdf,clerk_legacy,,72e14d31a0254f7a1250ca98161982569a9fa601c7e94f20e66035c1c908a495,,no,no
2012-01-01,Craig Ward,County #4,,2012,statement,2012 Interim Reports / 2012 Summary Report,Craig Ward (County #4) — 2012 Summary Report,https://slco.org/clerk/financialDisclosurePDF/2012Disclosures/YearEnd_Final/Ward_C_12_Final_Council4_Redacted.pdf,2026-08-01,scanned,tesseract OCR (pdftoppm 300dpi),raw/clerk_legacy/Ward_C_12_Final_Council4_Redacted.pdf,clerk_legacy,,676bfc639bdf2df3cfbe1ee0ea04f5f6d80926377fef882aafa15f85c02c7906,,no,no
2012-01-01,Craig Ward,County #4,,2012,statement,2012 Interim Reports / Dissolution,Craig Ward (County #4) — Dissolution,https://slco.org/clerk/financialDisclosurePDF/2012Disclosures/YearEnd_Final/Ward_C_Dissolution.pdf,2026-08-01,scanned,tesseract OCR (pdftoppm 300dpi),raw/clerk_legacy/Ward_C_Dissolution.pdf,clerk_legacy,,84ef3c9ee7fb116b0171dfc4e8b74070e4f9cd0f2e63ff9cf6b807f687635c9e,,no,no
2013-01-01,David Wilde,County Council,District 3,2012,statement,2010 Interim Reports / 2013 Summary Report/Dissolution,David Wilde (Council #3) — 2013 Summary Report/Dissolution,https://slco.org/clerk/financialDisclosurePDF/2013_Disclosures/Wilde_D_Council3_2013_YearEnd.pdf,2026-08-01,scanned,tesseract OCR (pdftoppm 300dpi),raw/clerk_legacy/Wilde_D_Council3_2013_YearEnd.pdf,clerk_legacy,,de9e4716d6205dd409e16e98e18d8a2cc6a1852db6666d95cf57674dd1411dd7,,no,no
2012-01-01,Deborah Henry,County Council,District 4,2012,statement,2012 Interim Reports / April,Deborah Henry (Council #4) — April,https://slco.org/clerk/financialDisclosurePDF/2012Disclosures/Henry_D_12_April_Interim_CntyCncl4_Redacted.pdf,2026-08-01,scanned,tesseract OCR (pdftoppm 300dpi),raw/clerk_legacy/Henry_D_12_April_Interim_CntyCncl4_Redacted.pdf,clerk_legacy,,ab655d4f1535148e8a89a376a38641ee9e06bd55d109ad52a3e4da3afbecc0e6,,no,no
2012-01-01,Gary Ott,Mayor,,2012,statement,2012 Interim Reports / April,Gary Ott (Mayor) — April,https://slco.org/clerk/financialDisclosurePDF/2012Disclosures/Ott_G_12_April_Interim_Mayor_Redacted.pdf,2026-08-01,scanned,tesseract OCR (pdftoppm 300dpi),raw/clerk_legacy/Ott_G_12_April_Interim_Mayor_Redacted.pdf,clerk_legacy,,b55b48b21f2e6a1fdf19e6b9b1d9a9e3b1952c26dcb31ac27e2c188ab7e6cd3e,,no,no
2012-01-01,Gary Ott,Mayor,,2012,statement,2012 Interim Reports / 2012 Summary Report,Gary Ott (Mayor) — 2012 Summary Report,https://slco.org/clerk/financialDisclosurePDF/2012Disclosures/YearEnd_Final/Ott_G_12_Final_Mayor_Redacted.pdf,2026-08-01,scanned,tesseract OCR (pdftoppm 300dpi),raw/clerk_legacy/Ott_G_12_Final_Mayor_Redacted.pdf,clerk_legacy,,6dc68e7a0eaad2566622e53069ba4bd591d09c8f01e6dd44849a389570ec47f0,,no,no
2012-01-01,Gary Ott,Recorder,,2012,statement,2010 Interim Reports / 2012 Summary Report,Gary Ott (Recorder) — 2012 Summary Report,https://slco.org/clerk/financialDisclosurePDF/2012Disclosures/YearEnd_Final/Ott_G_12_Final_Recorder_Redacted.pdf,2026-08-01,scanned,tesseract OCR (pdftoppm 300dpi),raw/clerk_legacy/Ott_G_12_Final_Recorder_Redacted.pdf,clerk_legacy,,b45ab4594c00d26abdb11a1e5ab6a1b2510c70c361758eabc01e4eca5c8aca50,,no,no
2013-01-01,Gary Ott,Mayor,,2012,statement,2012 Interim Reports / Dissolution,Gary Ott (Mayor) — Dissolution,https://slco.org/clerk/financialDisclosurePDF/2013_Disclosures/Ott_G_Mayor_Dissolution.pdf,2026-08-01,scanned,tesseract OCR (pdftoppm 300dpi),raw/clerk_legacy/Ott_G_Mayor_Dissolution.pdf,clerk_legacy,,1d5ef3e129bc70fb2b08de7761b6511718e4cd0b9198d4528f45e531cac66d18,,no,no
2013-01-01,Gary Ott,Recorder,,2012,statement,2010 Interim Reports / 2013 Summary Report,Gary Ott (Recorder) — 2013 Summary Report,https://slco.org/clerk/financialDisclosurePDF/2013_Disclosures/Ott_G_Recorder_2013_YearEnd.pdf,2026-08-01,scanned,tesseract OCR (pdftoppm 300dpi),raw/clerk_legacy/Ott_G_Recorder_2013_YearEnd.pdf,clerk_legacy,,9874b1862586936d12d721a84b0336ec25bb432206890ccb124d10a1f2a4d9b8,,no,no
2013-01-01,Gary Ott,Recorder,,2012,statement,2010 Interim Reports / Amendment to 2013 Summary Report,Gary Ott (Recorder) — Amendment to 2013 Summary Report,https://slco.org/clerk/financialDisclosurePDF/2013_Disclosures/Ott_G_Recorder_Amended_2013_YearEnd.pdf,2026-08-01,scanned,tesseract OCR (pdftoppm 300dpi),raw/clerk_legacy/Ott_G_Recorder_Amended_2013_YearEnd.pdf,clerk_legacy,,e8d6015e1b8702874bc2a31213e8b27e915b60381a0a12f4ff90c8bde396847b,,no,no
2013-01-01,Jake Parkinson,Assessor,,2012,statement,2013 Summary Report,Jake Parkinson (Assessor) — 2013 Summary Report,https://slco.org/clerk/financialDisclosurePDF/2013_Disclosures/Parkinson_J_Assessor_2013_YearEnd.pdf,2026-08-01,scanned,tesseract OCR (pdftoppm 300dpi),raw/clerk_legacy/Parkinson_J_Assessor_2013_YearEnd.pdf,clerk_legacy,,8f54b25247c6b5e06ca14039de49e9263aa4ed6fcdd15e10caf6e8eae6d007c7,,no,no
2012-01-01,James M Winder,Sheriff,,2012,statement,2010 Interim Reports / Amendment to 2012 Summary Report,James M Winder (Sheriff) — Amendment to 2012 Summary Report,https://slco.org/clerk/financialDisclosurePDF/2012Disclosures/YearEnd_Final/Winder_M_12Mayor_Amended_Final_Redacted.pdf,2026-08-01,scanned,tesseract OCR (pdftoppm 300dpi),raw/clerk_legacy/Winder_M_12Mayor_Amended_Final_Redacted.pdf,clerk_legacy,,20e89d573aacc10d239903b0a0bcdb467419e6ac38c3aaad23b5ea124290de29,,no,no
2012-01-01,Jani Iwamoto,County Council,District 4,2012,statement,2008 Interim Reports / 2012 Summary Report,Jani Iwamoto (Council #4) — 2012 Summary Report,https://slco.org/clerk/financialDisclosurePDF/2012Disclosures/YearEnd_Final/Iwamoto_J_12_Final_Council4_Redacted.pdf,2026-08-01,scanned,tesseract OCR (pdftoppm 300dpi),raw/clerk_legacy/Iwamoto_J_12_Final_Council4_Redacted.pdf,clerk_legacy,,c961e763b5db46472d1857ed7e44277e48e3672c861fc03e0db081bef5b89c52,,no,no
2013-01-01,Jani Iwamoto,County Council,District 4,2012,statement,2008 Interim Reports / Final/Dissolution Report,Jani Iwamoto (Council #4) — Final/Dissolution Report,https://slco.org/clerk/financialDisclosurePDF/2013_Disclosures/Iwamoto_J_Final_Dissolution.pdf,2026-08-01,scanned,tesseract OCR (pdftoppm 300dpi),raw/clerk_legacy/Iwamoto_J_Final_Dissolution.pdf,clerk_legacy,,37f70d0ac20753861d214a118837a8c1447ac41f4a804c32f779f4ea1bed6490,,no,no
2012-01-01,Jeffrey Hatch,County Council,District 4,2012,statement,2012 Interim Reports / April,Jeffrey Hatch (Council #4) — April,https://slco.org/clerk/financialDisclosurePDF/2012Disclosures/Hatch_J_12_April_Interim_CntyCncl4_Redacted.pdf,2026-08-01,scanned,tesseract OCR (pdftoppm 300dpi),raw/clerk_legacy/Hatch_J_12_April_Interim_CntyCncl4_Redacted.pdf,clerk_legacy,,b9495b873c812712b675954ea8c68f06ebbd36a9d6ff2e081b7f8385d699326b,,no,no
2012-01-01,Jeffrey Hatch,County Council,District 4,2012,statement,2012 Interim Reports / 2012 Summary Report,Jeffrey Hatch (Council #4) — 2012 Summary Report,https://slco.org/clerk/financialDisclosurePDF/2012Disclosures/YearEnd_Final/Hatch_Jeff_12_Council4_Final_Redacted.pdf,2026-08-01,scanned,tesseract OCR (pdftoppm 300dpi),raw/clerk_legacy/Hatch_Jeff_12_Council4_Final_Redacted.pdf,clerk_legacy,,884cb2b3a1b67e8541eca4348a3791217f29906f36f8a253b6c1f5d5742aab13,,no,no
2012-01-01,Jeffrey Hatch,County Council,District 4,2012,statement,2012 Interim Reports / Dissolution,Jeffrey Hatch (Council #4) — Dissolution,https://slco.org/clerk/financialDisclosurePDF/2012Disclosures/YearEnd_Final/Hatch_Jeff_12_Dissolution.pdf,2026-08-01,scanned,tesseract OCR (pdftoppm 300dpi),raw/clerk_legacy/Hatch_Jeff_12_Dissolution.pdf,clerk_legacy,,cb4b3746f106830d1feb08ad3024bff081a3399d055fe7ae9fa636636544f26c,,no,no
2012-01-01,Jim Bradley,County Council,At-Large C,2012,statement,2012 Interim Reports / Amendment to April,Jim Bradley (Council At-Large C) — Amendment to April,https://slco.org/clerk/financialDisclosurePDF/2012Disclosures/Bradley_J_12_April_Interim_Amend_CntyCncl_AtLrgC_R.pdf,2026-08-01,scanned,tesseract OCR (pdftoppm 300dpi),raw/clerk_legacy/Bradley_J_12_April_Interim_Amend_CntyCncl_AtLrgC_R.pdf,clerk_legacy,,a0296a7a124d565adc21437bfc22aa898652ad455db9e49ace4aee51fccee467,,no,no
2012-01-01,Jim Bradley,County Council,At-Large C,2012,statement,2012 Interim Reports / April,Jim Bradley (Council At-Large C) — April,https://slco.org/clerk/financialDisclosurePDF/2012Disclosures/Bradley_J_12_April_Interim_CntyCncl_AtLrgC_Redacte.pdf,2026-08-01,scanned,tesseract OCR (pdftoppm 300dpi),raw/clerk_legacy/Bradley_J_12_April_Interim_CntyCncl_AtLrgC_Redacte.pdf,clerk_legacy,,524ecabed3f8e013e1136ce9e160297c5a0f4c9c15c574f83044753b9604b320,,no,no
2012-01-01,Jim Bradley,County Council,At-Large C,2012,statement,2012 Interim Reports / 2012 Summary Report,Jim Bradley (Council At-Large C) — 2012 Summary Report,https://slco.org/clerk/financialDisclosurePDF/2012Disclosures/YearEnd_Final/Bradley_J_12_Final_CouncilC_Redacted.pdf,2026-08-01,scanned,tesseract OCR (pdftoppm 300dpi),raw/clerk_legacy/Bradley_J_12_Final_CouncilC_Redacted.pdf,clerk_legacy,,c85fb18a7d071b5b6969e9ae715a9b9f7cb0d2d01f2b28a6a73d2e393dff02ba,,no,no
2012-01-01,Jim Bradley,County Council,At-Large C,2012,statement,2012 Interim Reports / June,Jim Bradley (Council At-Large C) — June,https://slco.org/clerk/financialDisclosurePDF/2012Disclosures/June_2012/Bradley_J_12_June_Interim_CntyCncl_AtLrgC_Redacted.pdf,2026-08-01,scanned,tesseract OCR (pdftoppm 300dpi),raw/clerk_legacy/Bradley_J_12_June_Interim_CntyCncl_AtLrgC_Redacted.pdf,clerk_legacy,,614563a5bb4729ead3c70b0faec2b9ae14b16acb4d07223e18e0f602e27b80e8,,no,no
2012-01-01,Jim Bradley,County Council,At-Large C,2012,statement,2012 Interim Reports / October,Jim Bradley (Council At-Large C) — October,https://slco.org/clerk/financialDisclosurePDF/2012Disclosures/October/Bradley_J_12_Oct_CouncilC_Redacted.pdf,2026-08-01,scanned,tesseract OCR (pdftoppm 300dpi),raw/clerk_legacy/Bradley_J_12_Oct_CouncilC_Redacted.pdf,clerk_legacy,,9fbac172aafaac818fba600c54cb59809a56d1936f0923c3fdaa3430f4d6b7ea,,no,no
2012-01-01,Jim Bradley,County Council,At-Large C,2012,statement,2012 Interim Reports / September,Jim Bradley (Council At-Large C) — September,https://slco.org/clerk/financialDisclosurePDF/2012Disclosures/August_September/Bradley_J_12_Sept_Interim_CntyCncl_AtLrgC_Redacted.pdf,2026-08-01,scanned,tesseract OCR (pdftoppm 300dpi),raw/clerk_legacy/Bradley_J_12_Sept_Interim_CntyCncl_AtLrgC_Redacted.pdf,clerk_legacy,,b2ccc1e1d27bba0989d3ab400aa0d01c537393050929b7ac8f1b78f88cab2a9a,,no,no
2013-01-01,Jim Bradley,County Council,At-Large C,2012,statement,2012 Interim Reports / 2013 Summary Report,Jim Bradley (Council At-Large C) — 2013 Summary Report,https://slco.org/clerk/financialDisclosurePDF/2013_Disclosures/Bradley_J_CouncilAtLarge_2013_YearEnd.pdf,2026-08-01,scanned,tesseract OCR (pdftoppm 300dpi),raw/clerk_legacy/Bradley_J_CouncilAtLarge_2013_YearEnd.pdf,clerk_legacy,,0d86528eca8f07a1a218f032b051d89b6a973362aae00f9dc77e651730292ba5,,no,no
2012-01-01,Joe Demma,County At-Large C,,2012,statement,2012 Interim Reports / Amendment to April,Joe Demma (County At-Large C) — Amendment to April,https://slco.org/clerk/financialDisclosurePDF/2012Disclosures/Demma_J_12_April_Interim_Amend_CntyCncl_AtLrgC_Red.pdf,2026-08-01,scanned,tesseract OCR (pdftoppm 300dpi),raw/clerk_legacy/Demma_J_12_April_Interim_Amend_CntyCncl_AtLrgC_Red.pdf,clerk_legacy,,7161859a720df1eff1ed6373c8ff5c04d99b0c14bb9b8881c2748657aeef8bdc,,no,no
2012-01-01,Joe Demma,County At-Large C,,2012,statement,2012 Interim Reports / April,Joe Demma (County At-Large C) — April,https://slco.org/clerk/financialDisclosurePDF/2012Disclosures/Demma_J_12_April_Interim_CntyCncl_AtLrg_Redacted.pdf,2026-08-01,scanned,tesseract OCR (pdftoppm 300dpi),raw/clerk_legacy/Demma_J_12_April_Interim_CntyCncl_AtLrg_Redacted.pdf,clerk_legacy,,e0aecda320af19fe52b3ff897d6dfeb4c3023db335b11ca07d00ad9cc3efc856,,no,no
2012-01-01,Joe Demma,County At-Large C,,2012,statement,2012 Interim Reports / 2012 Summary Report/Dissolution,Joe Demma (County At-Large C) — 2012 Summary Report/Dissolution,https://slco.org/clerk/financialDisclosurePDF/2012Disclosures/YearEnd_Final/Demma_J_12_Final_CouncilAtlarge_Redacted.pdf,2026-08-01,scanned,tesseract OCR (pdftoppm 300dpi),raw/clerk_legacy/Demma_J_12_Final_CouncilAtlarge_Redacted.pdf,clerk_legacy,,c271886197df96fb797fc802f4b1b7eba834d1df4d89e9722e98b6454ac97887,,no,no
2012-01-01,Joe Demma,County At-Large C,,2012,statement,2012 Interim Reports / June,Joe Demma (County At-Large C) — June,https://slco.org/clerk/financialDisclosurePDF/2012Disclosures/June_2012/Demma_J_12_June_Interim__CntyCncl_AtLrgC_Redacted.pdf,2026-08-01,scanned,tesseract OCR (pdftoppm 300dpi),raw/clerk_legacy/Demma_J_12_June_Interim__CntyCncl_AtLrgC_Redacted.pdf,clerk_legacy,,4b298d04336f1c376a3ee0b8014332f474904a52a3cc9f68e11dc71c22cf57f4,,no,no
2012-01-01,Joe Demma,County At-Large C,,2012,statement,2012 Interim Reports / October,Joe Demma (County At-Large C) — October,https://slco.org/clerk/financialDisclosurePDF/2012Disclosures/October/Demma_J_12_Oct_CouncilC_Redacted.pdf,2026-08-01,scanned,tesseract OCR (pdftoppm 300dpi),raw/clerk_legacy/Demma_J_12_Oct_CouncilC_Redacted.pdf,clerk_legacy,,0742d751c85fe38f2bb23b3d8fe69efe6844d301423b2905017e3d0e7d74e000,,no,no
2012-01-01,Joe Demma,County At-Large C,,2012,statement,2012 Interim Reports / Amendment to September,Joe Demma (County At-Large C) — Amendment to September,https://slco.org/clerk/financialDisclosurePDF/2012Disclosures/August_September/Demma_J_12_Sept_Interim_Amend2_CntyCncl_AtLrgC_Red.pdf,2026-08-01,scanned,tesseract OCR (pdftoppm 300dpi),raw/clerk_legacy/Demma_J_12_Sept_Interim_Amend2_CntyCncl_AtLrgC_Red.pdf,clerk_legacy,,96324122dba781594eadf5647929db386790b3b47d5f3561fdbe3c71b2c0bc08,,no,no
2012-01-01,Joe Demma,County At-Large C,,2012,statement,2012 Interim Reports / September,Joe Demma (County At-Large C) — September,https://slco.org/clerk/financialDisclosurePDF/2012Disclosures/August_September/Demma_J_12_Sept_Interim_Amend_CntyCncl_AtLrgC_Reda.pdf,2026-08-01,scanned,tesseract OCR (pdftoppm 300dpi),raw/clerk_legacy/Demma_J_12_Sept_Interim_Amend_CntyCncl_AtLrgC_Reda.pdf,clerk_legacy,,a43e7fa3121f573544b7a5e28522225c40d1e3051ec7b1d20003c6a3ad4ff640,,no,no
2013-01-01,Kevin E. Jacobs,Assessor,,2012,statement,2013 Summary Reports,Kevin E. Jacobs (Assessor) — 2013 Summary Reports,https://slco.org/clerk/financialDisclosurePDF/2013_Disclosures/Jacobs_K_Assessor_2013_YearEnd.pdf,2026-08-01,scanned,tesseract OCR (pdftoppm 300dpi),raw/clerk_legacy/Jacobs_K_Assessor_2013_YearEnd.pdf,clerk_legacy,,268ce66ee04eb15814e1ae1b7edc6d4403019069aab7a5c20dc0b5407ec27141,,no,no
2012-01-01,Larry Decker,Mayor,,2012,statement,2012 Final/Dissolution,Larry Decker (Mayor) — 2012 Final/Dissolution,https://slco.org/clerk/financialDisclosurePDF/2012Disclosures/Decker_L_12_FinalDissolution_Mayor_Redacted.pdf,2026-08-01,scanned,tesseract OCR (pdftoppm 300dpi),raw/clerk_legacy/Decker_L_12_FinalDissolution_Mayor_Redacted.pdf,clerk_legacy,,d90368e622d8bb4ebc9b0c26329799a6769a2b895ba9574fe91460c4b2802f8d,,no,no
2012-01-01,Mark Crockett,Mayor,,2012,statement,2012 Interim Reports / April,Mark Crockett (Mayor) — April,https://slco.org/clerk/financialDisclosurePDF/2012Disclosures/Crockett_M_12_April_Interim_Mayor_Redacted.pdf,2026-08-01,scanned,tesseract OCR (pdftoppm 300dpi),raw/clerk_legacy/Crockett_M_12_April_Interim_Mayor_Redacted.pdf,clerk_legacy,,e0b61eff003ae8b29b3108b14b3ce4dba112353224f0190436b801275569c001,,no,no
2012-01-01,Mark Crockett,Mayor,,2012,statement,2012 Interim Reports / June,Mark Crockett (Mayor) — June,https://slco.org/clerk/financialDisclosurePDF/2012Disclosures/June_2012/Crockett_M_12_June_Interim_Mayor_Redacted.pdf,2026-08-01,scanned,tesseract OCR (pdftoppm 300dpi),raw/clerk_legacy/Crockett_M_12_June_Interim_Mayor_Redacted.pdf,clerk_legacy,,d29213c0ca6d68b0bf2a18fd27a11ec102926e86e4f33466282cda0bc3415815,,no,no
2012-01-01,Mark Crockett,Mayor,,2012,statement,2012 Interim Reports / Dissolution,Mark Crockett (Mayor) — Dissolution,https://slco.org/clerk/financialDisclosurePDF/2012Disclosures/YearEnd_Final/Crockett_M_12_Mayor_Dissolution_Redacted.pdf,2026-08-01,text,pdftotext -layout,raw/clerk_legacy/Crockett_M_12_Mayor_Dissolution_Redacted.pdf,clerk_legacy,,977b8ede051fef4000fd8c97f707cf3b294d5560cd1bb84dd9b3d40474ee83ee,,yes,no
2012-01-01,Mark Crockett,Mayor,,2012,statement,2012 Interim Reports / 2012 Summary Report,Mark Crockett (Mayor) — 2012 Summary Report,https://slco.org/clerk/financialDisclosurePDF/2012Disclosures/YearEnd_Final/Crockett_M_12_Mayor_Final.pdf,2026-08-01,scanned,tesseract OCR (pdftoppm 300dpi),raw/clerk_legacy/Crockett_M_12_Mayor_Final.pdf,clerk_legacy,,0216a3c57331f51244e21e64b9794b26294342d0cd11cd88ec846a9a5b1c1973,,no,no
2012-01-01,Mark Crockett,Mayor,,2012,statement,2012 Interim Reports / October,Mark Crockett (Mayor) — October,https://slco.org/clerk/financialDisclosurePDF/2012Disclosures/October/Crockett_M_12_Oct_Mayor_Redacted.pdf,2026-08-01,scanned,tesseract OCR (pdftoppm 300dpi),raw/clerk_legacy/Crockett_M_12_Oct_Mayor_Redacted.pdf,clerk_legacy,,ee396dede32b8f283bf6e7cf7ce541447505adaa84ccb7fb70835904832942f9,,no,no
2012-01-01,Mark Crockett,Mayor,,2012,statement,2012 Interim Reports / Amendment to September,Mark Crockett (Mayor) — Amendment to September,https://slco.org/clerk/financialDisclosurePDF/2012Disclosures/August_September/Crockett_M_12_Sept_Amend_Mayor_Redacted.pdf,2026-08-01,scanned,tesseract OCR (pdftoppm 300dpi),raw/clerk_legacy/Crockett_M_12_Sept_Amend_Mayor_Redacted.pdf,clerk_legacy,,9899c2422238c3f18d703fa4a373cd1b3e0663ca08542bcc4d8668ece256727e,,no,no
2012-01-01,Max Burdick,County Council,District 6,2012,statement,2012 Interim Reports / April,Max Burdick (Council #6) — April,https://slco.org/clerk/financialDisclosurePDF/2012Disclosures/Burdicik_M_12_April_Interim_CntyCncl6_Redacted.pdf,2026-08-01,scanned,tesseract OCR (pdftoppm 300dpi),raw/clerk_legacy/Burdicik_M_12_April_Interim_CntyCncl6_Redacted.pdf,clerk_legacy,,6d63fa93103ecbe6a348130b27d300d67743047bcb87fb3dd00472998d724c89,,no,no
2012-01-01,Max Burdick,County Council,District 6,2012,statement,2012 Interim Reports / Amendment to April,Max Burdick (Council #6) — Amendment to April,https://slco.org/clerk/financialDisclosurePDF/2012Disclosures/Burdick_M_12_April_Interim_Amend_CntyCncl6_Redacte.pdf,2026-08-01,scanned,tesseract OCR (pdftoppm 300dpi),raw/clerk_legacy/Burdick_M_12_April_Interim_Amend_CntyCncl6_Redacte.pdf,clerk_legacy,,ec745dcf813fe137ca323496093cfcd591a3ae8669613d4b2a3d57c7e47e0f55,,no,no
2012-01-01,Max Burdick,County Council,District 6,2012,statement,2012 Interim Reports / 2012 Summary Report,Max Burdick (Council #6) — 2012 Summary Report,https://slco.org/clerk/financialDisclosurePDF/2012Disclosures/YearEnd_Final/Burdick_M_12_Final_Council6_Redacted.pdf,2026-08-01,scanned,tesseract OCR (pdftoppm 300dpi),raw/clerk_legacy/Burdick_M_12_Final_Council6_Redacted.pdf,clerk_legacy,,67a2e687dfcc5a502ce3d7304a1c757fc99478bb7f455b6e4b48ce3c331ca136,,no,no
2012-01-01,Max Burdick,County Council,District 6,2012,statement,2012 Interim Reports / June,Max Burdick (Council #6) — June,https://slco.org/clerk/financialDisclosurePDF/2012Disclosures/June_2012/Burdick_M_12_June_Interim_Amend_CntyCncl6_Redacted.pdf,2026-08-01,scanned,tesseract OCR (pdftoppm 300dpi),raw/clerk_legacy/Burdick_M_12_June_Interim_Amend_CntyCncl6_Redacted.pdf,clerk_legacy,,fdff657388652605709bb067be66fb56f30022497ce8f2cc8a62dde89c881aa2,,no,no
2012-01-01,Max Burdick,County Council,District 6,2012,statement,2012 Interim Reports / Amendment to October,Max Burdick (Council #6) — Amendment to October,https://slco.org/clerk/financialDisclosurePDF/2012Disclosures/October/Burdick_M_12_Oct_Council6_Amended_Redacted.pdf,2026-08-01,scanned,tesseract OCR (pdftoppm 300dpi),raw/clerk_legacy/Burdick_M_12_Oct_Council6_Amended_Redacted.pdf,clerk_legacy,,0ffbb35820977c6624f55f01405501baa1fb8e0dcb528a4af64cd611e842628c,,no,no
2012-01-01,Max Burdick,County Council,District 6,2012,statement,2012 Interim Reports / October,Max Burdick (Council #6) — October,https://slco.org/clerk/financialDisclosurePDF/2012Disclosures/October/Burdick_M_12_Oct_Council6_Redacted.pdf,2026-08-01,scanned,tesseract OCR (pdftoppm 300dpi),raw/clerk_legacy/Burdick_M_12_Oct_Council6_Redacted.pdf,clerk_legacy,,412d948e1069469bdfea1f0d2bccd275f3db912dd17591887d778f2eb03624a2,,no,no
2012-01-01,Max Burdick,County Council,District 6,2012,statement,2012 Interim Reports / September,Max Burdick (Council #6) — September,https://slco.org/clerk/financialDisclosurePDF/2012Disclosures/August_September/Burdick_M_12_Sept_Interim_CntyCncl6_Redacted.pdf,2026-08-01,scanned,tesseract OCR (pdftoppm 300dpi),raw/clerk_legacy/Burdick_M_12_Sept_Interim_CntyCncl6_Redacted.pdf,clerk_legacy,,34b177d0518ba53296ae94137e70f6596be7774a7d17b877c922619cea5643ec,,no,no
2013-01-01,Max Burdick,County Council,District 6,2012,statement,2012 Interim Reports / 2013 Summary Report,Max Burdick (Council #6) — 2013 Summary Report,https://slco.org/clerk/financialDisclosurePDF/2013_Disclosures/Burdick_M_Council6_2013_YearEnd.pdf,2026-08-01,scanned,tesseract OCR (pdftoppm 300dpi),raw/clerk_legacy/Burdick_M_Council6_2013_YearEnd.pdf,clerk_legacy,,7ee196160c2bf650f7c68bb8f4228daf36abb67cedccaf178753a02e70d68f0c,,no,no
2012-01-01,Merrill Cook,Mayor,,2012,statement,2012 Interim Reports / April,Merrill Cook (Mayor) — April,https://slco.org/clerk/financialDisclosurePDF/2012Disclosures/Cook_M_12_April_Interim_Mayor_Redacted.pdf,2026-08-01,scanned,tesseract OCR (pdftoppm 300dpi),raw/clerk_legacy/Cook_M_12_April_Interim_Mayor_Redacted.pdf,clerk_legacy,,625b98ab59b6ec0f788f4eb53ef21016c1e1a52bf76a1b68e200aea8b0b08467,,no,no
2012-01-01,Merrill Cook,Mayor,,2012,statement,2012 Interim Reports / Dissolution,Merrill Cook (Mayor) — Dissolution,https://slco.org/clerk/financialDisclosurePDF/2012Disclosures/Cook_M_12_DissolutionForm_Mayor.pdf,2026-08-01,scanned,tesseract OCR (pdftoppm 300dpi),raw/clerk_legacy/Cook_M_12_DissolutionForm_Mayor.pdf,clerk_legacy,,5abd5c4f1b58754b74452c3004d99ea0c1ac17320d57e201798052e94df9cab2,,no,no
2012-01-01,Merrill Cook,Mayor,,2012,statement,2012 Interim Reports / Final,Merrill Cook (Mayor) — Final,https://slco.org/clerk/financialDisclosurePDF/2012Disclosures/Cook_M_12_Final_Mayor_Redacted.pdf,2026-08-01,scanned,tesseract OCR (pdftoppm 300dpi),raw/clerk_legacy/Cook_M_12_Final_Mayor_Redacted.pdf,clerk_legacy,,08b2f2994d51ab77dcc2a5a2995c3a07feea8dbd78755f1e79b3861f0fd0985d,,no,no
2012-01-01,Michael Jensen,County Council,District 2,2012,statement,2012 Interim Reports / October,Michael Jensen (Council #2) — October,https://slco.org/clerk/financialDisclosurePDF/2012Disclosures/October/Jensen_M12_Oct_Council2_Redacted.pdf,2026-08-01,scanned,tesseract OCR (pdftoppm 300dpi),raw/clerk_legacy/Jensen_M12_Oct_Council2_Redacted.pdf,clerk_legacy,,1c842c3d477dc8fd057903002bd5f597742068fa3eeba7ac725e79a91208943c,,no,no
2012-01-01,Michael Jensen,County Council,District 2,2012,statement,2012 Interim Reports / April,Michael Jensen (Council #2) — April,https://slco.org/clerk/financialDisclosurePDF/2012Disclosures/Jensen_M_12_April_Interim_CntyCncl2_Redacted.pdf,2026-08-01,scanned,tesseract OCR (pdftoppm 300dpi),raw/clerk_legacy/Jensen_M_12_April_Interim_CntyCncl2_Redacted.pdf,clerk_legacy,,32fdfc13f713255ba12d1348df3a654be92fee250252442e2f93df61735151ca,,no,no
2012-01-01,Michael Jensen,County Council,District 2,2012,statement,2012 Interim Reports / 2012 Summary Report,Michael Jensen (Council #2) — 2012 Summary Report,https://slco.org/clerk/financialDisclosurePDF/2012Disclosures/YearEnd_Final/Jensen_M_12_Final_Council2_Redacted.pdf,2026-08-01,scanned,tesseract OCR (pdftoppm 300dpi),raw/clerk_legacy/Jensen_M_12_Final_Council2_Redacted.pdf,clerk_legacy,,5d545cc5b57df72156ed156ab5193ec98b509463c619009141f100187184e879,,no,no
2012-01-01,Michael Jensen,County Council,District 2,2012,statement,2012 Interim Reports / June,Michael Jensen (Council #2) — June,https://slco.org/clerk/financialDisclosurePDF/2012Disclosures/June_2012/Jensen_M_12_June_Interim_CntyCncl2_Redacted.pdf,2026-08-01,scanned,tesseract OCR (pdftoppm 300dpi),raw/clerk_legacy/Jensen_M_12_June_Interim_CntyCncl2_Redacted.pdf,clerk_legacy,,9fe7364ed4f3903ffab29ff195414b024153f0485fdf6fa2c9156a6b45c25b42,,no,no
2012-01-01,Michael Jensen,County Council,District 2,2012,statement,2012 Interim Reports / September,Michael Jensen (Council #2) — September,https://slco.org/clerk/financialDisclosurePDF/2012Disclosures/August_September/Jensen_M_12_Sept_Interim_CntyCncl2_Redacted.pdf,2026-08-01,scanned,tesseract OCR (pdftoppm 300dpi),raw/clerk_legacy/Jensen_M_12_Sept_Interim_CntyCncl2_Redacted.pdf,clerk_legacy,,03884e455982be6a63344170e8dabf86534f4332e412d9cbeed82623aaa17609,,no,no
2012-01-01,Mike Winder,Mayor,,2012,statement,2012 Interim Reports / Amendment to June,Mike Winder (Mayor) — Amendment to June,https://slco.org/clerk/financialDisclosurePDF/2012Disclosures/June_2012/Winder_M12_June_Interim_Amend_Mayor_Redacted.pdf,2026-08-01,scanned,tesseract OCR (pdftoppm 300dpi),raw/clerk_legacy/Winder_M12_June_Interim_Amend_Mayor_Redacted.pdf,clerk_legacy,,ace5b97640f45cebea7073233fafcd084df2c4a83271268f3300df9c4a319b8e,,no,no
2012-01-01,Mike Winder,Mayor,,2012,statement,2012 Interim Reports / June,Mike Winder (Mayor) — June,https://slco.org/clerk/financialDisclosurePDF/2012Disclosures/June_2012/Winder_M12_June_Interim_Mayor_Redacted.pdf,2026-08-01,scanned,tesseract OCR (pdftoppm 300dpi),raw/clerk_legacy/Winder_M12_June_Interim_Mayor_Redacted.pdf,clerk_legacy,,0f6f41e1210bfeeba89395b30532d6bf080d4b5f14376d0a52bbe05671d48311,,no,no
2012-01-01,Mike Winder,Mayor,,2012,statement,2012 Interim Reports / Final Report/Dissolution,Mike Winder (Mayor) — Final Report/Dissolution,https://slco.org/clerk/financialDisclosurePDF/2012Disclosures/YearEnd_Final/Winder_M_12Mayor_Final.pdf,2026-08-01,scanned,tesseract OCR (pdftoppm 300dpi),raw/clerk_legacy/Winder_M_12Mayor_Final.pdf,clerk_legacy,,62dcb02f444800d78c0820c2ef75da6cb3718914a1dd119354559667d57f0394,,no,no
2012-01-01,Mike Winder,Mayor,,2012,statement,2012 Interim Reports / Amendment to April,Mike Winder (Mayor) — Amendment to April,https://slco.org/clerk/financialDisclosurePDF/2012Disclosures/Winder_M_12_April_Interim_Amend_Mayor_Redacted.pdf,2026-08-01,scanned,tesseract OCR (pdftoppm 300dpi),raw/clerk_legacy/Winder_M_12_April_Interim_Amend_Mayor_Redacted.pdf,clerk_legacy,,b0e7241ec4cdfecf909af057244a797d58d58a808381be3d368cc663123160e5,,no,no
2012-01-01,Mike Winder,Mayor,,2012,statement,2012 Interim Reports / April,Mike Winder (Mayor) — April,https://slco.org/clerk/financialDisclosurePDF/2012Disclosures/Winder_M_12_April_Interim_Mayor_Redacted.pdf,2026-08-01,scanned,tesseract OCR (pdftoppm 300dpi),raw/clerk_legacy/Winder_M_12_April_Interim_Mayor_Redacted.pdf,clerk_legacy,,21dcec3a28b113ff5df7c4c072aca0daea903e68d5586b3610721c28d5775c64,,no,no
2012-01-01,Paul Recanzone,County Council,District 6,2012,statement,2012 Interim Reports / Amendment to April,Paul Recanzone (Council #6) — Amendment to April,https://slco.org/clerk/financialDisclosurePDF/2012Disclosures/Recanzone_P_12_April_Interim_Amend_CntyCncl6_Redac.pdf,2026-08-01,scanned,tesseract OCR (pdftoppm 300dpi),raw/clerk_legacy/Recanzone_P_12_April_Interim_Amend_CntyCncl6_Redac.pdf,clerk_legacy,,ed459f738b3f2c40dab886855a6c65529d50f9d183277409df313db8f47f5e56,,no,no
2012-01-01,Randy Horiuchi,County Council,At-Large A,2012,statement,2008 Interim Reports / Amendment to 2012 Summary Report,Randy Horiuchi (Council At-Large A) — Amendment to 2012 Summary Report,https://slco.org/clerk/financialDisclosurePDF/2012Disclosures/YearEnd_Final/Horiuchi_R_12_Final_Amended_CouncilA_Redacted.pdf,2026-08-01,scanned,tesseract OCR (pdftoppm 300dpi),raw/clerk_legacy/Horiuchi_R_12_Final_Amended_CouncilA_Redacted.pdf,clerk_legacy,,14f794700267cce758629b5f075e7b2049e95dc8671fcf91946e9e1c40a57c25,,no,no
2012-01-01,Randy Horiuchi,County Council,At-Large A,2012,statement,2008 Interim Reports / 2012 Summary Report,Randy Horiuchi (Council At-Large A) — 2012 Summary Report,https://slco.org/clerk/financialDisclosurePDF/2012Disclosures/YearEnd_Final/Horiuchi_R_12_Final_CouncilA_Redacted.pdf,2026-08-01,scanned,tesseract OCR (pdftoppm 300dpi),raw/clerk_legacy/Horiuchi_R_12_Final_CouncilA_Redacted.pdf,clerk_legacy,,ed3a5327c4b8229fc753c068b10d8ccf7b8f4e453acd7a8e190e4a403357efef,,no,no
2013-01-01,Randy Horiuchi,County Council,At-Large A,2012,statement,2008 Interim Reports / 2013 Summary Report/Dissolution,Randy Horiuchi (Council At-Large A) — 2013 Summary Report/Dissolution,https://slco.org/clerk/financialDisclosurePDF/2013_Disclosures/Horiuchi_R_CnclAtLarge_2013_YearEnd.pdf,2026-08-01,scanned,tesseract OCR (pdftoppm 300dpi),raw/clerk_legacy/Horiuchi_R_CnclAtLarge_2013_YearEnd.pdf,clerk_legacy,,d95c1d2295b464ea9b07c92a86c7b2114c8229fe2d8690f3075b6b97b9d09dc4,,no,no
2013-01-01,Richard Snelgrove,Mayor,,2012,statement,2012 Interim Reports / Amendment to 2013 Summary Report,Richard Snelgrove (Mayor) — Amendment to 2013 Summary Report,https://slco.org/clerk/financialDisclosurePDF/2013_Disclosures/SnelgroveR_Mayor_YearEnd13_Amendment.pdf,2026-08-01,scanned,tesseract OCR (pdftoppm 300dpi),raw/clerk_legacy/SnelgroveR_Mayor_YearEnd13_Amendment.pdf,clerk_legacy,,819fbc748e4da9825d71784aa06cc4e8af8962f0da73381e5e20c76e7032c0e1,,no,no
2012-01-01,Richard Snelgrove,Mayor,,2012,statement,2012 Interim Reports / Amendment to April,Richard Snelgrove (Mayor) — Amendment to April,https://slco.org/clerk/financialDisclosurePDF/2012Disclosures/Snelgrove_R_12_April_Interim_Amend_Mayor_Redacted.pdf,2026-08-01,scanned,tesseract OCR (pdftoppm 300dpi),raw/clerk_legacy/Snelgrove_R_12_April_Interim_Amend_Mayor_Redacted.pdf,clerk_legacy,,eb6d2f3fcaa88316d4a24d0844841b4eb707df9b449330da74f3f5094445e988,,no,no
2012-01-01,Richard Snelgrove,Mayor,,2012,statement,2012 Interim Reports / April,Richard Snelgrove (Mayor) — April,https://slco.org/clerk/financialDisclosurePDF/2012Disclosures/Snelgrove_R_12_April_Interim_Mayor_Redacted.pdf,2026-08-01,scanned,tesseract OCR (pdftoppm 300dpi),raw/clerk_legacy/Snelgrove_R_12_April_Interim_Mayor_Redacted.pdf,clerk_legacy,,a3d16856c021bec201d19f1da06458acc74163d711c5b1bae35f4d9924011a50,,no,no
2012-01-01,Richard Snelgrove,Mayor,,2012,statement,2012 Interim Reports / 2012 Summary Report,Richard Snelgrove (Mayor) — 2012 Summary Report,https://slco.org/clerk/financialDisclosurePDF/2012Disclosures/YearEnd_Final/Snelgrove_R_12_Final_Mayor_Redacted.pdf,2026-08-01,scanned,tesseract OCR (pdftoppm 300dpi),raw/clerk_legacy/Snelgrove_R_12_Final_Mayor_Redacted.pdf,clerk_legacy,,8e1016e12abe0a4eba0143687b3aa8fb0d6e3aa8161870c822e96ed7e7067629,,no,no
2012-01-01,Richard Snelgrove,Mayor,,2012,statement,2012 Interim Reports / June,Richard Snelgrove (Mayor) — June,https://slco.org/clerk/financialDisclosurePDF/2012Disclosures/June_2012/Snelgrove_R_12_June_Interim_Mayor_Redacted.pdf,2026-08-01,scanned,tesseract OCR (pdftoppm 300dpi),raw/clerk_legacy/Snelgrove_R_12_June_Interim_Mayor_Redacted.pdf,clerk_legacy,,49d1cda65f9123b1efe096667994c785a0e877a19ea30768ac9ef621baa88eb9,,no,no
2012-01-01,Ross Romero,Mayor,,2012,statement,2012 Interim Reports / Amendment to April,Ross Romero (Mayor) — Amendment to April,https://slco.org/clerk/financialDisclosurePDF/2012Disclosures/Romero_R_12_April_Interim_Amend_Mayor_Redacted.pdf,2026-08-01,scanned,tesseract OCR (pdftoppm 300dpi),raw/clerk_legacy/Romero_R_12_April_Interim_Amend_Mayor_Redacted.pdf,clerk_legacy,,743ae79a5bc3b47a4903424e5bf8b89f5c23c679ea299256e7227c19c32ff2a9,,no,no
2012-01-01,Ross Romero,Mayor,,2012,statement,2012 Interim Reports / April,Ross Romero (Mayor) — April,https://slco.org/clerk/financialDisclosurePDF/2012Disclosures/Romero_R_12_April_Interim_Mayor_Redacted.pdf,2026-08-01,scanned,tesseract OCR (pdftoppm 300dpi),raw/clerk_legacy/Romero_R_12_April_Interim_Mayor_Redacted.pdf,clerk_legacy,,f5d9f25b7a7955f22e184525ee7de34627df105efd2e53e418e54ee3966719f0,,no,no
2012-01-01,Ross Romero,Mayor,,2012,statement,2012 Interim Reports / Amendment to 2012 Summary Report/Dissolution,Ross Romero (Mayor) — Amendment to 2012 Summary Report/Dissolution,https://slco.org/clerk/financialDisclosurePDF/2012Disclosures/YearEnd_Final/Romero_R_12_Final_Amended_Mayor_Redacted.pdf,2026-08-01,scanned,tesseract OCR (pdftoppm 300dpi),raw/clerk_legacy/Romero_R_12_Final_Amended_Mayor_Redacted.pdf,clerk_legacy,,1e56b762fa9a06070de478c18ffead58ce5386be03dc08bdc6c2eee46dfafabf,,no,no
2012-01-01,Ross Romero,Mayor,,2012,statement,2012 Interim Reports / 2012 Summary Report,Ross Romero (Mayor) — 2012 Summary Report,https://slco.org/clerk/financialDisclosurePDF/2012Disclosures/YearEnd_Final/Romero_R_12_Final_Mayor_Redacted.pdf,2026-08-01,scanned,tesseract OCR (pdftoppm 300dpi),raw/clerk_legacy/Romero_R_12_Final_Mayor_Redacted.pdf,clerk_legacy,,2ed02aabeb8ef5b9b66eb7f17d0a448455353a434a0412ba604e704732f3cfbe,,no,no
2012-01-01,Sam Granato,County Council,District 4,2012,statement,2012 Interim Reports / April,Sam Granato (Council #4) — April,https://slco.org/clerk/financialDisclosurePDF/2012Disclosures/Granato_S_12_April_Interim_CntyCncl4_Redacted.pdf,2026-08-01,scanned,tesseract OCR (pdftoppm 300dpi),raw/clerk_legacy/Granato_S_12_April_Interim_CntyCncl4_Redacted.pdf,clerk_legacy,,bc9a2c71cbc5995969ed14584d79167b1cce311b3d00c77c92dc558ba2426b4b,,no,no
2012-01-01,Sam Granato,County Council,District 4,2012,statement,2012 Interim Reports / 2012 Summary Report,Sam Granato (Council #4) — 2012 Summary Report,https://slco.org/clerk/financialDisclosurePDF/2012Disclosures/YearEnd_Final/Granato_S_12_Final_Council4_Redacted.pdf,2026-08-01,scanned,tesseract OCR (pdftoppm 300dpi),raw/clerk_legacy/Granato_S_12_Final_Council4_Redacted.pdf,clerk_legacy,,5e78ef559e0587651ea438c10288fc7d8e695b18ab77da6d7a3d99ddfc32e733,,no,no
2012-01-01,Sam Granato,County Council,District 4,2012,statement,2012 Interim Reports / Amendment to June,Sam Granato (Council #4) — Amendment to June,https://slco.org/clerk/financialDisclosurePDF/2012Disclosures/June_2012/Granato_S_12_June_Interim_Amend_CntyCncl4_Redacted.pdf,2026-08-01,scanned,tesseract OCR (pdftoppm 300dpi),raw/clerk_legacy/Granato_S_12_June_Interim_Amend_CntyCncl4_Redacted.pdf,clerk_legacy,,11a6e5384b722a0b195dbac9e82ecc4dfa39cd5e17c4d914f6c9b19c58181408,,no,no
2012-01-01,Sam Granato,County Council,District 4,2012,statement,2012 Interim Reports / June,Sam Granato (Council #4) — June,https://slco.org/clerk/financialDisclosurePDF/2012Disclosures/June_2012/Granato_S_12_June_Interim_CntyCncl4_Redacted.pdf,2026-08-01,scanned,tesseract OCR (pdftoppm 300dpi),raw/clerk_legacy/Granato_S_12_June_Interim_CntyCncl4_Redacted.pdf,clerk_legacy,,1b6232695d6afc1a5b33e87e5430da7eaf1415b97263a19204f68cd838dcda8d,,no,no
2012-01-01,Sam Granato,County Council,District 4,2012,statement,2012 Interim Reports / Amendment to October,Sam Granato (Council #4) — Amendment to October,https://slco.org/clerk/financialDisclosurePDF/2012Disclosures/October/Granato_S_12_Oct_Council4_Amended_Redacted.pdf,2026-08-01,scanned,tesseract OCR (pdftoppm 300dpi),raw/clerk_legacy/Granato_S_12_Oct_Council4_Amended_Redacted.pdf,clerk_legacy,,baf6c22af08bc54ba726c75e7405bf769d3961e940e12a8da3a5b4058ccb2698,,no,no
2012-01-01,Sam Granato,County Council,District 4,2012,statement,2012 Interim Reports / October,Sam Granato (Council #4) — October,https://slco.org/clerk/financialDisclosurePDF/2012Disclosures/October/Granato_S_12_Oct_Council4_Redacted1.pdf,2026-08-01,scanned,tesseract OCR (pdftoppm 300dpi),raw/clerk_legacy/Granato_S_12_Oct_Council4_Redacted1.pdf,clerk_legacy,,4d2daa2a779a67bb4bd7a38223bd56b13b94edf3308c9e8b026e226af2f2a9cd,,no,no
2012-01-01,Sam Granato,County Council,District 4,2012,statement,2012 Interim Reports / September,Sam Granato (Council #4) — September,https://slco.org/clerk/financialDisclosurePDF/2012Disclosures/August_September/Granato_S_12_Sept_Interim_CntyCncl4_Redacted.pdf,2026-08-01,scanned,tesseract OCR (pdftoppm 300dpi),raw/clerk_legacy/Granato_S_12_Sept_Interim_CntyCncl4_Redacted.pdf,clerk_legacy,,118015918a560e9f3949cd790e2087f1b96796885dbb15bfdd78a5e6b03cda93,,no,no
2012-01-01,Sam Granato,County Council,District 4,2012,statement,2012 Interim Reports / 2012 Summary Report Amendment,Sam Granato (Council #4) — 2012 Summary Report Amendment,https://slco.org/clerk/financialDisclosurePDF/2012Disclosures/Granato_S_12_YearEnd_Amendment.pdf,2026-08-01,scanned,tesseract OCR (pdftoppm 300dpi),raw/clerk_legacy/Granato_S_12_YearEnd_Amendment.pdf,clerk_legacy,,9799eed28a8dced974d5f2a1cd7d2c426ccd0159adf2e27e4df5302ce94f823e,,no,no
2012-01-01,Sim Gill,District Attorney,,2012,statement,2010 Interim Reports / 2012 Summary Report,Sim Gill (District Attorney) — 2012 Summary Report,https://slco.org/clerk/financialDisclosurePDF/2012Disclosures/YearEnd_Final/Gill_S_12_Final_DA_Redacted.pdf,2026-08-01,scanned,tesseract OCR (pdftoppm 300dpi),raw/clerk_legacy/Gill_S_12_Final_DA_Redacted.pdf,clerk_legacy,,2394d1e88a4ea5d9c34706881fee6f3acdae9f87800d4fa8db1fc654019d1bc6,,no,no
2013-01-01,Sim Gill,District Attorney,,2012,statement,2010 Interim Reports / 2013 Summary Report,Sim Gill (District Attorney) — 2013 Summary Report,https://slco.org/clerk/financialDisclosurePDF/2013_Disclosures/Gill_S_DS_2013_YearEnd.pdf,2026-08-01,scanned,tesseract OCR (pdftoppm 300dpi),raw/clerk_legacy/Gill_S_DS_2013_YearEnd.pdf,clerk_legacy,,991d8352f3f3ebd1ec32ca78acceef1d055ab78a1b1bdf131facb20d78dedbe3,,no,no
2012-01-01,Steve Harmsen,County Council,At-Large C,2012,statement,2012 Interim Reports / April,Steve Harmsen (Council At-Large C) — April,https://slco.org/clerk/financialDisclosurePDF/2012Disclosures/Harmsen_S_12_April_Interim_CntyCnclC_Redacted.pdf,2026-08-01,scanned,tesseract OCR (pdftoppm 300dpi),raw/clerk_legacy/Harmsen_S_12_April_Interim_CntyCnclC_Redacted.pdf,clerk_legacy,,70a71377bec858694d414aafc906bd09561783d91d0d563d154b42640cb17fdd,,no,no
2012-01-01,Steve Harmsen,County Council,At-Large C,2012,statement,2012 Interim Reports / 2012 Summary Report,Steve Harmsen (Council At-Large C) — 2012 Summary Report,https://slco.org/clerk/financialDisclosurePDF/2012Disclosures/YearEnd_Final/Harmsen_S_12_Final_CouncilC_Redacted.pdf,2026-08-01,scanned,tesseract OCR (pdftoppm 300dpi),raw/clerk_legacy/Harmsen_S_12_Final_CouncilC_Redacted.pdf,clerk_legacy,,b51af2e1d75350aeb2f3222b9bc55c6a003fca2132e396e1a28c527361ca674b,,no,no
2012-01-01,Steve Harmsen,County Council,At-Large C,2012,statement,2012 Interim Reports / Dissolution,Steve Harmsen (Council At-Large C) — Dissolution,https://slco.org/clerk/financialDisclosurePDF/2012Disclosures/YearEnd_Final/Harmsen_S_Dissolution_CouncilC.pdf,2026-08-01,scanned,tesseract OCR (pdftoppm 300dpi),raw/clerk_legacy/Harmsen_S_Dissolution_CouncilC.pdf,clerk_legacy,,520fd9f784d81682b9e7958c036a3aa03d15501bbd61de0ff623091c4aa0749f,,no,no
2013-01-01,Steven L. DeBry,County Council,District 5,2012,statement,2010 Interim Reports / 2013 Summary Report,Steven L. DeBry (Council #5) — 2013 Summary Report,https://slco.org/clerk/financialDisclosurePDF/2013_Disclosures/DeBry_S_Council5_2013_YearEnd.pdf,2026-08-01,scanned,tesseract OCR (pdftoppm 300dpi),raw/clerk_legacy/DeBry_S_Council5_2013_YearEnd.pdf,clerk_legacy,,49a322e0b5ea85ddf03a4f5d1a23cff420b0446edc898811a438a828c4efa701,,no,no
2012-01-01,Steven L. DeBry,County Council,District 5,2012,statement,2010 Interim Reports / 2012 Summary Report,Steven L. DeBry (Council #5) — 2012 Summary Report,https://slco.org/clerk/financialDisclosurePDF/2012Disclosures/YearEnd_Final/Debry_S_12_Final_Council5_Redacted.pdf,2026-08-01,scanned,tesseract OCR (pdftoppm 300dpi),raw/clerk_legacy/Debry_S_12_Final_Council5_Redacted.pdf,clerk_legacy,,1aee6dd5d1680b0192fd75a5b0dc13cc7db64db94f0da83c746e160535731706,,no,no
2013-01-01,Wade Marshall Miller,County Council,District 3,2012,statement,2013 Summary Report/Dissolution,Wade Marshall Miller (Council #3) — 2013 Summary Report/Dissolution,https://slco.org/clerk/financialDisclosurePDF/2013_Disclosures/Miller_W_Council3_2013_YearEnd_Dissolution.pdf,2026-08-01,scanned,tesseract OCR (pdftoppm 300dpi),raw/clerk_legacy/Miller_W_Council3_2013_YearEnd_Dissolution.pdf,clerk_legacy,,ea26e68a36f6ee02a9a7bee6c7b85bd693e0eebb0839d29e6113c335a8bec87e,,no,no
2012-01-01,Warren T. Rogers,County Council,At-Large B,2012,statement,2010 Interim Report / 2012 Dissolution,Warren T. Rogers (Council At-Large B) — 2012 Dissolution,https://slco.org/clerk/financialDisclosurePDF/2012Disclosures/Rogers_W_12_Final_CntyCncl_AtLrgB_Redacted.pdf,2026-08-01,scanned,tesseract OCR (pdftoppm 300dpi),raw/clerk_legacy/Rogers_W_12_Final_CntyCncl_AtLrgB_Redacted.pdf,clerk_legacy,,66e761971239db70f2752fafe13616c13869164e63ae32d6ed0f52a41b79903e,,no,no
2014-01-01,Ben McAdams,Mayor,,2014,statement,2012 Interim Reports / 2014 Summary Report,Ben McAdams (Mayor) — 2014 Summary Report,https://slco.org/clerk/financialDisclosurePDF/2014Disclosures/2014_Year_End/McAdams_B_Mayor_YearEnd.pdf,2026-08-01,scanned,tesseract OCR (pdftoppm 300dpi),raw/clerk_legacy/McAdams_B_Mayor_YearEnd.pdf,clerk_legacy,,3dffc443e5f31d716fb20ee18816e85a94b6edd0310a18d59975883114b41964,,no,no
2014-01-01,Brent Goodfellow,County Council,District 2,2014,statement,2012 Interim Reports / 2014 Summary Report,Brent Goodfellow (Council #2) — 2014 Summary Report,https://slco.org/clerk/financialDisclosurePDF/2014Disclosures/2014_Year_End/Goodfellow_Brent_Council2_YearEnd.pdf,2026-08-01,scanned,tesseract OCR (pdftoppm 300dpi),raw/clerk_legacy/Goodfellow_Brent_Council2_YearEnd.pdf,clerk_legacy,,b1d24d9ff6d758aecb1784b63bf35d251d51b40547b11d00acdacead018bff6e,,no,no
2014-01-01,Brett Helsten,County Council,At-Large A,2014,statement,2014 Interim Reports / Amendment to April,Brett Helsten (Council At-Large A) — Amendment to April,https://slco.org/clerk/financialDisclosurePDF/2014Disclosures/April/HelstenB-2014-AprilAmendment.pdf,2026-08-01,scanned,tesseract OCR (pdftoppm 300dpi),raw/clerk_legacy/HelstenB-2014-AprilAmendment.pdf,clerk_legacy,,f4ed8e84a24e7ed1e55f43c8403d211092fa1f96f2de5bf36026c1a55db87f8d,,no,no
2014-01-01,Brett Helsten,County Council,At-Large A,2014,statement,2014 Interim Reports / April,Brett Helsten (Council At-Large A) — April,https://slco.org/clerk/financialDisclosurePDF/2014Disclosures/April/HelstenB-2014_April.pdf,2026-08-01,scanned,tesseract OCR (pdftoppm 300dpi),raw/clerk_legacy/HelstenB-2014_April.pdf,clerk_legacy,,74e126b1230fa326dca15d2b522e7d0e03d3bafdad20ee16815b6ea398fa1891,,no,no
2015-01-01,Brett Helsten,County Council,At-Large A,2014,statement,2014 Interim Reports / Dissolution,Brett Helsten (Council At-Large A) — Dissolution,https://slco.org/clerk/financialDisclosurePDF/2015Disclosures/Dissolutions/Helsten_B_CouncilA_Dissolution.pdf,2026-08-01,scanned,tesseract OCR (pdftoppm 300dpi),raw/clerk_legacy/Helsten_B_CouncilA_Dissolution.pdf,clerk_legacy,,1ddd7d2d6a9e6ada58978d3042fb24835f74a5743e058bf868caf7c0f23c7ab7,,no,no
2014-01-01,Brett Helsten,County Council,At-Large A,2014,statement,2014 Interim Reports / June,Brett Helsten (Council At-Large A) — June,https://slco.org/clerk/financialDisclosurePDF/2014Disclosures/June/Helsten_B_CouncilA_June14.pdf,2026-08-01,scanned,tesseract OCR (pdftoppm 300dpi),raw/clerk_legacy/Helsten_B_CouncilA_June14.pdf,clerk_legacy,,e78f6fef37ac0646495ef49cc315c442936bb17a6513d7d51e5b52cbb6b89f27,,no,no
2014-01-01,Brett Helsten,County Council,At-Large A,2014,statement,2014 Interim Reports / 2014 Summary Report,Brett Helsten (Council At-Large A) — 2014 Summary Report,https://slco.org/clerk/financialDisclosurePDF/2014Disclosures/2014_Year_End/Helsten_B_CouncilA_YearEnd.pdf,2026-08-01,scanned,tesseract OCR (pdftoppm 300dpi),raw/clerk_legacy/Helsten_B_CouncilA_YearEnd.pdf,clerk_legacy,,eb0217505f19db7e2518eced29d9378099732a799d74e4412918c0325b88f63f,,no,no
2014-01-01,Brett Helsten,County Council,At-Large A,2014,statement,2014 Interim Reports / October,Brett Helsten (Council At-Large A) — October,https://slco.org/clerk/financialDisclosurePDF/2014Disclosures/October/Helsten_Brett_CouncilA-Oct14.pdf,2026-08-01,scanned,tesseract OCR (pdftoppm 300dpi),raw/clerk_legacy/Helsten_Brett_CouncilA-Oct14.pdf,clerk_legacy,,ae852b0275e775cd541b6d23607f045cce1f2e5fda1d0a3fd7e04afd924ba5f8,,no,no
2014-01-01,Brett Helsten,County Council,At-Large A,2014,statement,2014 Interim Reports / September,Brett Helsten (Council At-Large A) — September,https://slco.org/clerk/financialDisclosurePDF/2014Disclosures/September/Helsten_HBrett_CouncilA_Sept.pdf,2026-08-01,scanned,tesseract OCR (pdftoppm 300dpi),raw/clerk_legacy/Helsten_HBrett_CouncilA_Sept.pdf,clerk_legacy,,e76eb08790ff62615ff8a88dbe38c42419b12b6b35f4494f3843c0e0efcd63ad,,no,no
2014-01-01,Christopher Stout,Auditor,,2014,statement,2014 Interim Reports / April,Christopher Stout (Auditor) — April,https://slco.org/clerk/financialDisclosurePDF/2014Disclosures/April/StoutC_2014_April.pdf,2026-08-01,scanned,tesseract OCR (pdftoppm 300dpi),raw/clerk_legacy/StoutC_2014_April.pdf,clerk_legacy,,ef7601e0e5c107cbec863ad6d7d7176debc3358595b05d0c724e5c535f85ea22,,no,no
2014-01-01,Dan Snarr,County Council,District 3,2014,statement,2014 Interim Reports / April,Dan Snarr (Council #3) — April,https://slco.org/clerk/financialDisclosurePDF/2014Disclosures/April/SnarrD_2014_April.pdf,2026-08-01,scanned,tesseract OCR (pdftoppm 300dpi),raw/clerk_legacy/SnarrD_2014_April.pdf,clerk_legacy,,f22d2495643403e3b240e9d49983a806172a3364ac24b104b01796a17dc2556a,,no,no
2015-01-01,Dan Snarr,County Council,District 3,2014,statement,2014 Interim Reports / Dissolution,Dan Snarr (Council #3) — Dissolution,https://slco.org/clerk/financialDisclosurePDF/2015Disclosures/Dissolutions/Snarr_D_Council3_Dissolution.pdf,2026-08-01,scanned,tesseract OCR (pdftoppm 300dpi),raw/clerk_legacy/Snarr_D_Council3_Dissolution.pdf,clerk_legacy,,99f241c65a36d61371ce85457f211e2f91fc9b5a8325c80d64bd72c19655f382,,no,no
2014-01-01,Dan Snarr,County Council,District 3,2014,statement,2014 Interim Reports / June,Dan Snarr (Council #3) — June,https://slco.org/clerk/financialDisclosurePDF/2014Disclosures/June/Snarr_D_Council3_June14.pdf,2026-08-01,scanned,tesseract OCR (pdftoppm 300dpi),raw/clerk_legacy/Snarr_D_Council3_June14.pdf,clerk_legacy,,2cb89d877bcef8cc89ce23ead66b289400da10f19c1f94d3dd9b73fe52cd0893,,no,no
2014-01-01,Dan Snarr,County Council,District 3,2014,statement,2014 Interim Reports / 2014 Summary Report,Dan Snarr (Council #3) — 2014 Summary Report,https://slco.org/clerk/financialDisclosurePDF/2014Disclosures/2014_Year_End/Snarr_D_Council3_YearEnd.pdf,2026-08-01,scanned,tesseract OCR (pdftoppm 300dpi),raw/clerk_legacy/Snarr_D_Council3_YearEnd.pdf,clerk_legacy,,80ec5777376ced21f75e4f1bb051b7018302547c9010376b724d464f326c286c,,no,no
2014-01-01,Dan Snarr,County Council,District 3,2014,statement,2014 Interim Reports / October,Dan Snarr (Council #3) — October,https://slco.org/clerk/financialDisclosurePDF/2014Disclosures/October/Snarr_Daniel_Council3_Oct14.pdf,2026-08-01,scanned,tesseract OCR (pdftoppm 300dpi),raw/clerk_legacy/Snarr_Daniel_Council3_Oct14.pdf,clerk_legacy,,d95f81adb3d8c1a366071a7f15a737e3bace147747d71caec7cc7586e46fff11,,no,no
2014-01-01,Dan Snarr,County Council,District 3,2014,statement,2014 Interim Reports / September,Dan Snarr (Council #3) — September,https://slco.org/clerk/financialDisclosurePDF/2014Disclosures/September/Snarr_Daniel_Council3_Sept.pdf,2026-08-01,scanned,tesseract OCR (pdftoppm 300dpi),raw/clerk_legacy/Snarr_Daniel_Council3_Sept.pdf,clerk_legacy,,e504db8aa46e6cd779c2fd442e2bd1c206cb92d89d8ed6eec73c4b86f183fbbd,,no,no
2014-01-01,Gregory Hawkins,Auditor,,2014,statement,2014 Interim Reports / Dissolution,Gregory Hawkins (Auditor) — Dissolution,https://slco.org/clerk/financialDisclosurePDF/2014Disclosures/October/Hawkins_Gregory_Dissolution.pdf,2026-08-01,scanned,tesseract OCR (pdftoppm 300dpi),raw/clerk_legacy/Hawkins_Gregory_Dissolution.pdf,clerk_legacy,,afb47746037214a7844d1dc31b244e8a8847b06f57eb6c4af59098c3cf8002a1,,no,no
2014-01-01,Jake Parkinson,Assessor,,2014,statement,2014 Interim Reports / Amendment to April,Jake Parkinson (Assessor) — Amendment to April,https://slco.org/clerk/financialDisclosurePDF/2014Disclosures/April/ParkinsonJ2014AprilAmended.pdf,2026-08-01,scanned,tesseract OCR (pdftoppm 300dpi),raw/clerk_legacy/ParkinsonJ2014AprilAmended.pdf,clerk_legacy,,d95490e18db533a123225e9e24d641be1f54a3a878c73e13c27e51a9cfbc1f38,,no,no
2014-01-01,Jake Parkinson,Assessor,,2014,statement,2014 Interim Reports / April,Jake Parkinson (Assessor) — April,https://slco.org/clerk/financialDisclosurePDF/2014Disclosures/April/ParkinsonJ_2014_April.pdf,2026-08-01,scanned,tesseract OCR (pdftoppm 300dpi),raw/clerk_legacy/ParkinsonJ_2014_April.pdf,clerk_legacy,,8ff1a1ce3ad2101febe675bca79a3106669a5f415505719da8dc7e86f1b43a88,,no,no
2014-01-01,Jake Parkinson,Assessor,,2014,statement,2014 Interim Reports / Dissolution,Jake Parkinson (Assessor) — Dissolution,https://slco.org/clerk/financialDisclosurePDF/2014Disclosures/September/Parkinson_Jake_Dissolution.pdf,2026-08-01,scanned,tesseract OCR (pdftoppm 300dpi),raw/clerk_legacy/Parkinson_Jake_Dissolution.pdf,clerk_legacy,,24775918e3d8e662117e10159a095b3b8818e256f787ba8cf3f0560eeb3b862b,,no,no
2014-01-01,Jennifer Wilson,County Council,At-Large A,2014,statement,2014 Interim Reports / Amendment to April,Jennifer Wilson (Council At-Large A) — Amendment to April,https://slco.org/clerk/financialDisclosurePDF/2014Disclosures/April/WilsonJ2014AprilAmendment.pdf,2026-08-01,scanned,tesseract OCR (pdftoppm 300dpi),raw/clerk_legacy/WilsonJ2014AprilAmendment.pdf,clerk_legacy,,0e4addc375aae015849675e9b0d6789bdfc6310c0547e49267e6deb123f4504c,,no,no
2014-01-01,Jennifer Wilson,County Council,At-Large A,2014,statement,2014 Interim Reports / April,Jennifer Wilson (Council At-Large A) — April,https://slco.org/clerk/financialDisclosurePDF/2014Disclosures/April/WilsonJ_2014_April.pdf,2026-08-01,scanned,tesseract OCR (pdftoppm 300dpi),raw/clerk_legacy/WilsonJ_2014_April.pdf,clerk_legacy,,dfd347485bda6f051cbfad7fdca813cce4447a4103315efbee1e136c404e3407,,no,no
2014-01-01,Jennifer Wilson,County Council,At-Large A,2014,statement,2014 Interim Reports / 2014 Summary Report,Jennifer Wilson (Council At-Large A) — 2014 Summary Report,https://slco.org/clerk/financialDisclosurePDF/2014Disclosures/2014_Year_End/Wilson_J_CouncilA-YearEnd.pdf,2026-08-01,scanned,tesseract OCR (pdftoppm 300dpi),raw/clerk_legacy/Wilson_J_CouncilA-YearEnd.pdf,clerk_legacy,,91871f750c63b29007d0771824aed8e6590856958cda5c673d8abd58b5c13555,,no,no
2014-01-01,Jennifer Wilson,County Council,At-Large A,2014,statement,2014 Interim Reports / June,Jennifer Wilson (Council At-Large A) — June,https://slco.org/clerk/financialDisclosurePDF/2014Disclosures/June/Wilson_J_CouncilA_June14.pdf,2026-08-01,scanned,tesseract OCR (pdftoppm 300dpi),raw/clerk_legacy/Wilson_J_CouncilA_June14.pdf,clerk_legacy,,865e56e20ec72f1a021e64ae643a9f3183ddf7d72c3304294a72d3c29bfd6296,,no,no
2014-01-01,Jennifer Wilson,County Council,At-Large A,2014,statement,2014 Interim Reports / Amendment to June,Jennifer Wilson (Council At-Large A) — Amendment to June,https://slco.org/clerk/financialDisclosurePDF/2014Disclosures/June/Wilson_J_CouncilA_June14_Amend.pdf,2026-08-01,scanned,tesseract OCR (pdftoppm 300dpi),raw/clerk_legacy/Wilson_J_CouncilA_June14_Amend.pdf,clerk_legacy,,b242aa19aa2224385870dc10cb48d1a6cb6d8efeed3024f8e6ed243723c44ad3,,no,no
2014-01-01,Jennifer Wilson,County Council,At-Large A,2014,statement,2014 Interim Reports / September,Jennifer Wilson (Council At-Large A) — September,https://slco.org/clerk/financialDisclosurePDF/2014Disclosures/September/Wilson_Jennifer_CouncilA_Sept.pdf,2026-08-01,scanned,tesseract OCR (pdftoppm 300dpi),raw/clerk_legacy/Wilson_Jennifer_CouncilA_Sept.pdf,clerk_legacy,,939c57615367381cbd425e044181be99fca9d6918aae82477377c572daa5b5f1,,no,no
2014-01-01,Jennifer Wilson,County Council,At-Large A,2014,statement,2014 Interim Reports / October,Jennifer Wilson (Council At-Large A) — October,https://slco.org/clerk/financialDisclosurePDF/2014Disclosures/October/Wilson_Jenny_CouncilA_Oct14.pdf,2026-08-01,scanned,tesseract OCR (pdftoppm 300dpi),raw/clerk_legacy/Wilson_Jenny_CouncilA_Oct14.pdf,clerk_legacy,,f32c0fe7d731c8b59fdba56d9b4408cdce784239060e97fe07afed2674ba07b6,,no,no
2014-01-01,Jim Bradley,County Council,At-Large C,2014,statement,2012 Interim Reports / 2014 Summary Report,Jim Bradley (Council At-Large C) — 2014 Summary Report,https://slco.org/clerk/financialDisclosurePDF/2014Disclosures/2014_Year_End/Bradley_Jim_CouncilC_YearEnd.pdf,2026-08-01,scanned,tesseract OCR (pdftoppm 300dpi),raw/clerk_legacy/Bradley_Jim_CouncilC_YearEnd.pdf,clerk_legacy,,e4c057b65fee67b098bf478688f088b310d126a024c8c38cbbac1fb9c7489839,,no,no
2014-01-01,Kevin E. Jacobs,Assessor,,2014,statement,2014 Interim Reports / June,Kevin E. Jacobs (Assessor) — June,https://slco.org/clerk/financialDisclosurePDF/2014Disclosures/June/Jacobs_K_Assessor_June141.pdf,2026-08-01,scanned,tesseract OCR (pdftoppm 300dpi),raw/clerk_legacy/Jacobs_K_Assessor_June141.pdf,clerk_legacy,,977e22988d7d5ac19821ec64f2253a74a54af8cdcb2f10fb8f5759d59a1b34f0,,no,no
2014-01-01,Kevin E. Jacobs,Assessor,,2014,statement,2014 Interim Reports / September,Kevin E. Jacobs (Assessor) — September,https://slco.org/clerk/financialDisclosurePDF/2014Disclosures/September/Jacobs_Kevin_Assessor_Sept.pdf,2026-08-01,scanned,tesseract OCR (pdftoppm 300dpi),raw/clerk_legacy/Jacobs_Kevin_Assessor_Sept.pdf,clerk_legacy,,6c16b7b7fff5dabf4284dcf14e0141f6a15711c5f4ab779874ba9a287380c750,,no,no
2014-01-01,Kevin E. Jacobs,Assessor,,2014,statement,2014 Interim Reports / April,Kevin E. Jacobs (Assessor) — April,https://slco.org/clerk/financialDisclosurePDF/2014Disclosures/April/jacobsk_2014_April.pdf,2026-08-01,scanned,tesseract OCR (pdftoppm 300dpi),raw/clerk_legacy/jacobsk_2014_April.pdf,clerk_legacy,,baa9402db0b06b9c2d8414eccbe9f34a664ab0d6c98484a5bcbbc01d6fb81a2a,,no,no
2014-01-01,Kit Erickson,County Council,District 5,2014,statement,2014 Interim Reports / Amendment to April,Kit Erickson (Council #5) — Amendment to April,https://slco.org/clerk/financialDisclosurePDF/2014Disclosures/April/EricksonK_2014April_Amend.pdf,2026-08-01,scanned,tesseract OCR (pdftoppm 300dpi),raw/clerk_legacy/EricksonK_2014April_Amend.pdf,clerk_legacy,,e8c8e5256695a6f30b07d7f139aa4b9a51fa1de586850c5cad153782a6699b4c,,no,no
2014-01-01,Kit Erickson,County Council,District 5,2014,statement,2014 Interim Reports / April,Kit Erickson (Council #5) — April,https://slco.org/clerk/financialDisclosurePDF/2014Disclosures/April/EricksonK_2014_April.pdf,2026-08-01,scanned,tesseract OCR (pdftoppm 300dpi),raw/clerk_legacy/EricksonK_2014_April.pdf,clerk_legacy,,c16ffdd84a9b7d60ff4ecb911b11b7b1241f2c7c1e1f2944f8f7e7bde94a09f7,,no,no
2014-01-01,Kit Erickson,County Council,District 5,2014,statement,2014 Interim Reports / Dissolution,Kit Erickson (Council #5) — Dissolution,https://slco.org/clerk/financialDisclosurePDF/2014Disclosures/April/EricksonK_2014_April_Dissolution.pdf,2026-08-01,scanned,tesseract OCR (pdftoppm 300dpi),raw/clerk_legacy/EricksonK_2014_April_Dissolution.pdf,clerk_legacy,,aa443902cff1678c172076677305931a8195eb98015e2ec2010eba1ca8caed7b,,no,no
2014-01-01,Mary Bishop,Recorder,,2014,statement,2014 Interim Reports / April,Mary Bishop (Recorder) — April,https://slco.org/clerk/financialDisclosurePDF/2014Disclosures/April/BishopM_2014_April.pdf,2026-08-01,scanned,tesseract OCR (pdftoppm 300dpi),raw/clerk_legacy/BishopM_2014_April.pdf,clerk_legacy,,3e2d5ef60e40a7eca4e0d38e3cbe37b396769236426f79406b1cf4820ed92425,,no,no
2014-01-01,Mary Bishop,Recorder,,2014,statement,2014 Interim Reports / June,Mary Bishop (Recorder) — June,https://slco.org/clerk/financialDisclosurePDF/2014Disclosures/June/Bishop_M_Recorder_June14.pdf,2026-08-01,scanned,tesseract OCR (pdftoppm 300dpi),raw/clerk_legacy/Bishop_M_Recorder_June14.pdf,clerk_legacy,,b125f3cc65655df8018e996b99d011273c057d47b42bac695fd70a2c1cb5af55,,no,no
2014-01-01,Mary Bishop,Recorder,,2014,statement,2014 Interim Reports / 2014 Summary Report/Dissolution,Mary Bishop (Recorder) — 2014 Summary Report/Dissolution,https://slco.org/clerk/financialDisclosurePDF/2014Disclosures/2014_Year_End/Bishop_M_Recorder_YearEnd_Dissolution.pdf,2026-08-01,scanned,tesseract OCR (pdftoppm 300dpi),raw/clerk_legacy/Bishop_M_Recorder_YearEnd_Dissolution.pdf,clerk_legacy,,201f3bc54d2af540bfb6e6b28ebbaaeeea8f5853b493c09ed00067ec028b399f,,no,no
2014-01-01,Mary Bishop,Recorder,,2014,statement,2014 Interim Reports / October,Mary Bishop (Recorder) — October,https://slco.org/clerk/financialDisclosurePDF/2014Disclosures/October/Bishop_Mary_Recorder_Oct14.pdf,2026-08-01,scanned,tesseract OCR (pdftoppm 300dpi),raw/clerk_legacy/Bishop_Mary_Recorder_Oct14.pdf,clerk_legacy,,abceab994f6487e3770b317abadda20ff9b6e4a89ac0673430d20576e0c4d6e8,,no,no
2014-01-01,Mary Bishop,Recorder,,2014,statement,2014 Interim Reports / September,Mary Bishop (Recorder) — September,https://slco.org/clerk/financialDisclosurePDF/2014Disclosures/September/Bishop_Mary_Recorder_Sept.pdf,2026-08-01,scanned,tesseract OCR (pdftoppm 300dpi),raw/clerk_legacy/Bishop_Mary_Recorder_Sept.pdf,clerk_legacy,,9d5626551f11f82db522ab5c139ea347596b240233f2d06ceceabbb74e758f09,,no,no
2014-01-01,Max Burdick,County Council,District 6,2014,statement,2012 Interim Reports / 2014 Summary Report,Max Burdick (Council #6) — 2014 Summary Report,https://slco.org/clerk/financialDisclosurePDF/2014Disclosures/2014_Year_End/Burdick_M_Council6_YearEnd.pdf,2026-08-01,scanned,tesseract OCR (pdftoppm 300dpi),raw/clerk_legacy/Burdick_M_Council6_YearEnd.pdf,clerk_legacy,,5a5b94fe1e808c4f3a744040a6af066f628b8e01538b79a896161a5f7de094ae,,no,no
2014-01-01,Mel Nimer,County Council,At-Large A,2014,statement,2014 Interim Reports / Dissolution,Mel Nimer (Council At-Large A) — Dissolution,https://slco.org/clerk/financialDisclosurePDF/2014Disclosures/September/Nimer_M_CouncilA_Dissolution.pdf,2026-08-01,scanned,tesseract OCR (pdftoppm 300dpi),raw/clerk_legacy/Nimer_M_CouncilA_Dissolution.pdf,clerk_legacy,,c38a87ec4ca93774742ebb943af8d38af0a876cac5d47e8d24e434db4e149efd,,no,no
2014-01-01,Mel Nimer,County Council,At-Large C,2014,statement,2012 Interim Reports / Dissolution,Mel Nimer (Council At-Large C) — Dissolution,https://slco.org/clerk/financialDisclosurePDF/2014Disclosures/September/Nimer_M_CouncilC_Dissolution.pdf,2026-08-01,scanned,tesseract OCR (pdftoppm 300dpi),raw/clerk_legacy/Nimer_M_CouncilC_Dissolution.pdf,clerk_legacy,,7bbd5e3dbbd3c62b3a483381fcc86a4560776e3e96ac16c59fd787709949a14e,,no,no
2014-01-01,Micah Bruner,County Council,At-Large A,2014,statement,2014 Interim Reports / Amendment to April,Micah Bruner (Council At-Large A) — Amendment to April,https://slco.org/clerk/financialDisclosurePDF/2014Disclosures/April/BrunerM2014AprilAmendment.pdf,2026-08-01,scanned,tesseract OCR (pdftoppm 300dpi),raw/clerk_legacy/BrunerM2014AprilAmendment.pdf,clerk_legacy,,4e69641ce34f0c536f4ebb057b5bd5f0833c88f302d24a4adb3db04c8b0ae09f,,no,no
2014-01-01,Micah Bruner,County Council,At-Large A,2014,statement,2014 Interim Reports / April,Micah Bruner (Council At-Large A) — April,https://slco.org/clerk/financialDisclosurePDF/2014Disclosures/April/BrunerM_2014_April.pdf,2026-08-01,scanned,tesseract OCR (pdftoppm 300dpi),raw/clerk_legacy/BrunerM_2014_April.pdf,clerk_legacy,,b6cc20040a2a1d10f544f8f3c31b27ba7d2310e0d69c13ce299dfaebcdc86a0f,,no,no
2014-01-01,Micah Bruner,County Council,At-Large A,2014,statement,2014 Interim Reports / June,Micah Bruner (Council At-Large A) — June,https://slco.org/clerk/financialDisclosurePDF/2014Disclosures/June/Bruner_M_CouncilA_June14.pdf,2026-08-01,scanned,tesseract OCR (pdftoppm 300dpi),raw/clerk_legacy/Bruner_M_CouncilA_June14.pdf,clerk_legacy,,a848fe8522a5332b77eea6ae3236a0fe4774541c56baafc81c1c2990826217d6,,no,no
2014-01-01,Micah Bruner,County Council,At-Large A,2014,statement,2014 Interim Reports / 2014 Summary Report,Micah Bruner (Council At-Large A) — 2014 Summary Report,https://slco.org/clerk/financialDisclosurePDF/2014Disclosures/2014_Year_End/Bruner_M_CouncilA_YearEnd.pdf,2026-08-01,scanned,tesseract OCR (pdftoppm 300dpi),raw/clerk_legacy/Bruner_M_CouncilA_YearEnd.pdf,clerk_legacy,,6a237d694b653f253120a729e6fc2dbd35dbeadee6d95d87fcc2e0ff0782e4e6,,no,no
2014-01-01,Micah Bruner,County Council,At-Large A,2014,statement,2014 Interim Reports / September,Micah Bruner (Council At-Large A) — September,https://slco.org/clerk/financialDisclosurePDF/2014Disclosures/September/Bruner_Miach_CouncilA_Sept.pdf,2026-08-01,scanned,tesseract OCR (pdftoppm 300dpi),raw/clerk_legacy/Bruner_Miach_CouncilA_Sept.pdf,clerk_legacy,,b3d12d6486b8bdf47e4fde3f788ca7c0d0c630acab34225a5458e6188bc02b21,,no,no
2014-01-01,Micah Bruner,County Council,At-Large A,2014,statement,2014 Interim Reports / October,Micah Bruner (Council At-Large A) — October,https://slco.org/clerk/financialDisclosurePDF/2014Disclosures/October/Bruner_Micah_CouncilA_Oct14.pdf,2026-08-01,scanned,tesseract OCR (pdftoppm 300dpi),raw/clerk_legacy/Bruner_Micah_CouncilA_Oct14.pdf,clerk_legacy,,a7f0f65be2529a32f07ce51d3736c0dcf1c2e40e54036d1f160d4c9576429c26,,no,no
2015-01-01,Richard Snelgrove,Mayor,,2014,statement,2012 Interim Reports / Dissolution,Richard Snelgrove (Mayor) — Dissolution,https://slco.org/clerk/financialDisclosurePDF/2015Disclosures/Dissolutions/Snelgrove_R_Mayor_Dissolution.pdf,2026-08-01,scanned,tesseract OCR (pdftoppm 300dpi),raw/clerk_legacy/Snelgrove_R_Mayor_Dissolution.pdf,clerk_legacy,,de8c205d9c71c799510093b6ccbff32f802bd13e97cd2e352575ee71cbf972dd,,no,no
2014-01-01,Richard Snelgrove,Mayor,,2014,statement,2012 Interim Reports / 2014 Summary Report,Richard Snelgrove (Mayor) — 2014 Summary Report,https://slco.org/clerk/financialDisclosurePDF/2014Disclosures/2014_Year_End/Snelgrove_R_Mayor_YearEnd.pdf,2026-08-01,scanned,tesseract OCR (pdftoppm 300dpi),raw/clerk_legacy/Snelgrove_R_Mayor_YearEnd.pdf,clerk_legacy,,574380840f9f0fc91f84eebe21f5e9c9161a2ede84722369ae84638c1f6d25f3,,no,no
2014-01-01,Sam Granato,County Council,District 4,2014,statement,2012 Interim Reports / 2014 Summary Report,Sam Granato (Council #4) — 2014 Summary Report,https://slco.org/clerk/financialDisclosurePDF/2014Disclosures/2014_Year_End/Granato_S_Council4_YearEnd.pdf,2026-08-01,scanned,tesseract OCR (pdftoppm 300dpi),raw/clerk_legacy/Granato_S_Council4_YearEnd.pdf,clerk_legacy,,9d66e8aa4fbb6254038dc514faae73c6599c4c993a12944ab1e834479ecefbab,,no,no
2014-01-01,Sim Gill,District Attorney,,2014,statement,2014 Interim Reports / Amendment to April,Sim Gill (District Attorney) — Amendment to April,https://slco.org/clerk/financialDisclosurePDF/2014Disclosures/April/GillS-2014AprilAmendment.pdf,2026-08-01,scanned,tesseract OCR (pdftoppm 300dpi),raw/clerk_legacy/GillS-2014AprilAmendment.pdf,clerk_legacy,,88991d1b6b17ced34c8d4f4fece0f92c0efbb6b523fe2bbec9f0da284f660ffd,,no,no
2014-01-01,Sim Gill,District Attorney,,2014,statement,2014 Interim Reports / April,Sim Gill (District Attorney) — April,https://slco.org/clerk/financialDisclosurePDF/2014Disclosures/April/GillS_2014_April.pdf,2026-08-01,scanned,tesseract OCR (pdftoppm 300dpi),raw/clerk_legacy/GillS_2014_April.pdf,clerk_legacy,,c0a02676fc44d836fab364ecdf1973765055bcac73b076ae88fac987a151b079,,no,no
2014-01-01,Sim Gill,District Attorney,,2014,statement,2014 Interim Reports / June,Sim Gill (District Attorney) — June,https://slco.org/clerk/financialDisclosurePDF/2014Disclosures/June/Gill_S_DA_June14.pdf,2026-08-01,scanned,tesseract OCR (pdftoppm 300dpi),raw/clerk_legacy/Gill_S_DA_June14.pdf,clerk_legacy,,3c3dc51782a9b8bb6ad4d9757771e9daa25ba2d375c2f784d49ebad934f2fc58,,no,no
2014-01-01,Sim Gill,District Attorney,,2014,statement,2014 Interim Reports / 2014 Summary Report,Sim Gill (District Attorney) — 2014 Summary Report,https://slco.org/clerk/financialDisclosurePDF/2014Disclosures/2014_Year_End/Gill_S_DA_YearEnd.pdf,2026-08-01,scanned,tesseract OCR (pdftoppm 300dpi),raw/clerk_legacy/Gill_S_DA_YearEnd.pdf,clerk_legacy,,76e2d50e61f8854fe612275caecf21f0b8ce89f08685ea9e592acfa708f1d1ab,,no,no
2014-01-01,Sim Gill,District Attorney,,2014,statement,2014 Interim Reports / October,Sim Gill (District Attorney) — October,https://slco.org/clerk/financialDisclosurePDF/2014Disclosures/October/Gill_Sim_DA_Oct14.pdf,2026-08-01,scanned,tesseract OCR (pdftoppm 300dpi),raw/clerk_legacy/Gill_Sim_DA_Oct14.pdf,clerk_legacy,,363170e466e67618a91bacc27e72cf9bafc3cf8bd2140a814084c71871fb115e,,no,no
2014-01-01,Sim Gill,District Attorney,,2014,statement,2014 Interim Reports / September,Sim Gill (District Attorney) — September,https://slco.org/clerk/financialDisclosurePDF/2014Disclosures/September/Gill_Sim_DA_Sept.pdf,2026-08-01,scanned,tesseract OCR (pdftoppm 300dpi),raw/clerk_legacy/Gill_Sim_DA_Sept.pdf,clerk_legacy,,b62a235c1b1f330065d04b5dd73ca7efa0aa74eb6c660ba5d6c2c78adc707a20,,no,no
2014-01-01,Steve Nelson,District Attorney,,2014,statement,2014 Interim Reports / April,Steve Nelson (District Attorney) — April,https://slco.org/clerk/financialDisclosurePDF/2014Disclosures/April/NelsonS_2014_April.pdf,2026-08-01,scanned,tesseract OCR (pdftoppm 300dpi),raw/clerk_legacy/NelsonS_2014_April.pdf,clerk_legacy,,2b5c9350d3a0f8cfb12222ddf668d3dbb1a7424396018d5b80c4ae632cd83243,,no,no
2014-01-01,Steve Nelson,District Attorney,,2014,statement,2014 Interim Reports / June,Steve Nelson (District Attorney) — June,https://slco.org/clerk/financialDisclosurePDF/2014Disclosures/June/Nelson_S_DA_June14.pdf,2026-08-01,scanned,tesseract OCR (pdftoppm 300dpi),raw/clerk_legacy/Nelson_S_DA_June14.pdf,clerk_legacy,,29b90eb1a32c6563900594d0592f54122eb7ada758154f74100ff43f74f0594e,,no,no
2014-01-01,Steve Nelson,District Attorney,,2014,statement,2014 Interim Reports / Amendment to April,Steve Nelson (District Attorney) — Amendment to April,https://slco.org/clerk/financialDisclosurePDF/2014Disclosures/April/Nelson_Steve_DA_April14_Amendment.pdf,2026-08-01,scanned,tesseract OCR (pdftoppm 300dpi),raw/clerk_legacy/Nelson_Steve_DA_April14_Amendment.pdf,clerk_legacy,,e4af6cbfea53239262db03d0a9194e4188fd92012978e3676e0941ae97a63853,,no,no
2014-01-01,Steve Nelson,District Attorney,,2014,statement,2014 Interim Reports / Amendment to June,Steve Nelson (District Attorney) — Amendment to June,https://slco.org/clerk/financialDisclosurePDF/2014Disclosures/June/Nelson_Steve_DA_June14_Amendment.pdf,2026-08-01,scanned,tesseract OCR (pdftoppm 300dpi),raw/clerk_legacy/Nelson_Steve_DA_June14_Amendment.pdf,clerk_legacy,,a9216baf702bba856f4e69021565409dc2783763787f3cf60cee588b45c9cab4,,no,no
2014-01-01,Steve Nelson,District Attorney,,2014,statement,2014 Interim Reports / October,Steve Nelson (District Attorney) — October,https://slco.org/clerk/financialDisclosurePDF/2014Disclosures/October/Nelson_Steve_DA_Oct14.pdf,2026-08-01,scanned,tesseract OCR (pdftoppm 300dpi),raw/clerk_legacy/Nelson_Steve_DA_Oct14.pdf,clerk_legacy,,b493ff6abb698eeb8707410ad8b735e9f2dabba700cb645f29d651ec00f03e44,,no,no
2014-01-01,Steve Nelson,District Attorney,,2014,statement,2014 Interim Reports / Amendment to October,Steve Nelson (District Attorney) — Amendment to October,https://slco.org/clerk/financialDisclosurePDF/2014Disclosures/October/Nelson_Steve_DA_Oct14_Amendment.pdf,2026-08-01,scanned,tesseract OCR (pdftoppm 300dpi),raw/clerk_legacy/Nelson_Steve_DA_Oct14_Amendment.pdf,clerk_legacy,,13be0eac84e921bb65dce34c9d2f5c7dbe4b587c811159e4e1a5b753f9812157,,no,no
2014-01-01,Steve Nelson,District Attorney,,2014,statement,2014 Interim Reports / September,Steve Nelson (District Attorney) — September,https://slco.org/clerk/financialDisclosurePDF/2014Disclosures/September/Nelson_Steve_DA_Sept.pdf,2026-08-01,scanned,tesseract OCR (pdftoppm 300dpi),raw/clerk_legacy/Nelson_Steve_DA_Sept.pdf,clerk_legacy,,0733f6530f9a9810fcf758e894d06df5c59d52395332f5730862f6c2ee9a404f,,no,no
2014-01-01,Steve Nelson,District Attorney,,2014,statement,2014 Interim Reports / Amendment to September,Steve Nelson (District Attorney) — Amendment to September,https://slco.org/clerk/financialDisclosurePDF/2014Disclosures/September/Nelson_Steve_DA_Sept14_Amendment.pdf,2026-08-01,scanned,tesseract OCR (pdftoppm 300dpi),raw/clerk_legacy/Nelson_Steve_DA_Sept14_Amendment.pdf,clerk_legacy,,0df30ecc2457ba4aa11274e15bfb398bcf03199fbdd36f01583aaa3ea4a36e02,,no,no
2014-01-01,Steve Nelson,District Attorney,,2014,statement,2014 Interim Reports / 2014 Summary Report,Steve Nelson (District Attorney) — 2014 Summary Report,https://slco.org/clerk/financialDisclosurePDF/2014Disclosures/2014_Year_End/Nelson_Steve_DA_YearEnd.pdf,2026-08-01,scanned,tesseract OCR (pdftoppm 300dpi),raw/clerk_legacy/Nelson_Steve_DA_YearEnd.pdf,clerk_legacy,,c06fd73cccc73422ea1075ee64edda0f7dc8e22021b4c5a1f7020c55efe4798d,,no,no
2014-01-01,Steven L. DeBry,County Council,District 5,2014,statement,2014 Interim Reports / June,Steven L. DeBry (Council #5) — June,https://slco.org/clerk/financialDisclosurePDF/2014Disclosures/June/DeBry_S_Council5_June14.pdf,2026-08-01,scanned,tesseract OCR (pdftoppm 300dpi),raw/clerk_legacy/DeBry_S_Council5_June14.pdf,clerk_legacy,,b9050d26360e186739d2aee07f04efd0563c7e17417e1b7fe07041c97e60d0ee,,no,no
2014-01-01,Steven L. DeBry,County Council,District 5,2014,statement,2014 Interim Reports / October,Steven L. DeBry (Council #5) — October,https://slco.org/clerk/financialDisclosurePDF/2014Disclosures/October/DeBry_Steven_Council5_Oct14.pdf,2026-08-01,scanned,tesseract OCR (pdftoppm 300dpi),raw/clerk_legacy/DeBry_Steven_Council5_Oct14.pdf,clerk_legacy,,f9c4f9eb0253bd05431605d4c4d7d78461512c68d0db4053b2c713b6d362ec1f,,no,no
2014-01-01,Steven L. DeBry,County Council,District 5,2014,statement,2014 Interim Reports / September,Steven L. DeBry (Council #5) — September,https://slco.org/clerk/financialDisclosurePDF/2014Disclosures/September/DeBry_Steven_Council5_Sept.pdf,2026-08-01,scanned,tesseract OCR (pdftoppm 300dpi),raw/clerk_legacy/DeBry_Steven_Council5_Sept.pdf,clerk_legacy,,3a2adf459b94fb0caecfee0b0204847f15c52329ee8c3f9bd09f1f5a43f8ce23,,no,no
2014-01-01,Steven L. DeBry,County Council,District 5,2014,statement,2014 Interim Reports / April,Steven L. DeBry (Council #5) — April,https://slco.org/clerk/financialDisclosurePDF/2014Disclosures/April/DebryS_2014_April.pdf,2026-08-01,scanned,tesseract OCR (pdftoppm 300dpi),raw/clerk_legacy/DebryS_2014_April.pdf,clerk_legacy,,640ae74992d6b1612a9a5c8ef27a8cef2fc95a1c97e51ee172fccfa2c8fa6ed3,,no,no
2014-01-01,Steven L. DeBry,County Council,District 5,2014,statement,2014 Interim Reports / 2014 Summary Report,Steven L. DeBry (Council #5) — 2014 Summary Report,https://slco.org/clerk/financialDisclosurePDF/2014Disclosures/2014_Year_End/Debry_S_Council5_YearEnd.pdf,2026-08-01,scanned,tesseract OCR (pdftoppm 300dpi),raw/clerk_legacy/Debry_S_Council5_YearEnd.pdf,clerk_legacy,,8b2ed895bd534ff564e4dedb89aeaa65483acd5da706d230b4a4a1cd693e5f1a,,no,no
2020-01-01,Lee Gardner,Assessor,,2020,statement,2006 Interim Reports / Amendment to June,Lee Gardner (Assessor) — Amendment to June,https://slco.org/clerk/financialDisclosurePDF/candidate/lgardner_june202006amend.pdf,2026-08-01,text,pdftotext -layout,raw/clerk_legacy/lgardner_june202006amend.pdf,clerk_legacy,,e057c996c446efded78025b0563752ed44d0fd6ab4bb390d87cf10cd3d879c9e,,yes,no
2020-01-01,Rob Latham,District Attorney,,2020,statement,2006 Interim Reports / Amendment to June,Rob Latham (District Attorney) — Amendment to June,https://slco.org/clerk/financialDisclosurePDF/candidate/rlatham_june202006amend.pdf,2026-08-01,text,pdftotext -layout,raw/clerk_legacy/rlatham_june202006amend.pdf,clerk_legacy,,e1ebdcddccb35729fdb445171b24b4312489081c8e34f6c848e01417b2b7b83c,,yes,no
2031-01-01,Richard Snelgrove,Mayor,,2030,statement,2012 Interim Reports / 2013 Summary Report,Richard Snelgrove (Mayor) — 2013 Summary Report,https://slco.org/clerk/financialDisclosurePDF/snelgrove_R_Mayor_2031_YearEnd.pdf,2026-08-01,scanned,tesseract OCR (pdftoppm 300dpi),raw/clerk_legacy/snelgrove_R_Mayor_2031_YearEnd.pdf,clerk_legacy,,d23b7cdf875a4cf34314426b21dd0d823f4622b91dac34b51ff9beb6fcdb6cab,,no,no
2001-01-01,"FIFE-JEPPERSON, CHARLOTTE",County Council,District 2,2000,interim,Amended Interim Report Oct 29,"FIFE-JEPPERSON, CHARLOTTE (Salt Lake County Council District 2) — Amended Interim Report Oct 29",https://ecf-api.easyvoteapp.com/documents/1BFB7187-8F2C-4F51-8F40-A1191BE07626/viewfinalredactedpdf,2026-08-01,scanned,tesseract OCR (pdftoppm 300dpi),raw/easyvote/FIFE-JEPPERSON-CHARLOTTE__1BFB7187.pdf,easyvote,1BFB7187-8F2C-4F51-8F40-A1191BE07626,60076e7ed7dbb01e3be347a41f0babe491bc6ee03813003b7ba83dc62b74773f,Officeholder,no,no
2023-01-31,"Ahn, Danielle",District Attorney,,2022,interim,Needs Amendment Form,"Ahn, Danielle (Salt Lake County District & County Attorney) — Needs Amendment Form",https://ecf-api.easyvoteapp.com/documents/23F2E34E-311F-4FD9-97E8-5353503F6308/viewfinalredactedpdf,2026-08-01,scanned,tesseract OCR (pdftoppm 300dpi),raw/easyvote/Ahn-Danielle__23F2E34E.pdf,easyvote,23F2E34E-311F-4FD9-97E8-5353503F6308,e18420ba8c9c63d70e0e8fb5ca136863fcb273d70c23a7b89f5a7897dc72438b,Candidate,no,no
2022-04-05,"Ahn, Danielle",District Attorney,,2022,interim,campaign@da4da.com,"Ahn, Danielle (Salt Lake County District & County Attorney) — campaign@da4da.com",https://ecf-api.easyvoteapp.com/documents/3D92860F-C194-4313-B0EA-F65B02DD18CB/viewfinalredactedpdf,2026-08-01,scanned,tesseract OCR (pdftoppm 300dpi),raw/easyvote/Ahn-Danielle__3D92860F.pdf,easyvote,3D92860F-C194-4313-B0EA-F65B02DD18CB,9cf69120b64c48631ab7a9d1791e24d3c4f52ccd48bcb1f7449018ca5f5718d1,Candidate,no,no
2023-02-03,"Ahn, Danielle",District Attorney,,2022,interim,2022 Financial Disclosure Report Final ,"Ahn, Danielle (Salt Lake County District & County Attorney) — 2022 Financial Disclosure Report Final",https://ecf-api.easyvoteapp.com/documents/43FA92A0-1F47-4F00-A822-8A055FDCFC90/viewfinalredactedpdf,2026-08-01,scanned,tesseract OCR (pdftoppm 300dpi),raw/easyvote/Ahn-Danielle__43FA92A0.pdf,easyvote,43FA92A0-1F47-4F00-A822-8A055FDCFC90,f1e11d72200de0e7bc98982d02cfdba9f5937c3fc01bbbc2231b9e65e9a59eac,Candidate,no,no
2022-06-21,"Ahn, Danielle",District Attorney,,2022,interim,Danielle Ahn June Primary Disclosure Report ,"Ahn, Danielle (Salt Lake County District & County Attorney) — Danielle Ahn June Primary Disclosure Report",https://ecf-api.easyvoteapp.com/documents/859738CC-3AA8-4B71-91C5-549731EB94E2/viewfinalredactedpdf,2026-08-01,scanned,tesseract OCR (pdftoppm 300dpi),raw/easyvote/Ahn-Danielle__859738CC.pdf,easyvote,859738CC-3AA8-4B71-91C5-549731EB94E2,bd9647c4a30366d182e41304262def4af48463908d8f5e34101cb675c8b87a16,Candidate,no,no
2022-09-15,"Ahn, Danielle",District Attorney,,2022,interim,2022 Danielle Ahn September 15 Disclosure,"Ahn, Danielle (Salt Lake County District & County Attorney) — 2022 Danielle Ahn September 15 Disclosure",https://ecf-api.easyvoteapp.com/documents/D82CCB77-E5AE-4F18-9B26-E682BA59E9BF/viewfinalredactedpdf,2026-08-01,scanned,tesseract OCR (pdftoppm 300dpi),raw/easyvote/Ahn-Danielle__D82CCB77.pdf,easyvote,D82CCB77-E5AE-4F18-9B26-E682BA59E9BF,cffaba6a6ff5982557c73d2ad23cc3343415454e797cc1b70b00d6fde335bfef,Candidate,no,no
2022-11-01,"Ahn, Danielle",District Attorney,,2022,interim,Danielle Ahn Nov 1 2022 Financial Disclosure ,"Ahn, Danielle (Salt Lake County District & County Attorney) — Danielle Ahn Nov 1 2022 Financial Disclosure",https://ecf-api.easyvoteapp.com/documents/E634CB98-848A-450A-8524-57EBA001372D/viewfinalredactedpdf,2026-08-01,scanned,tesseract OCR (pdftoppm 300dpi),raw/easyvote/Ahn-Danielle__E634CB98.pdf,easyvote,E634CB98-848A-450A-8524-57EBA001372D,4278f3e0b3ec3327756631447666f766b0d9ec107b1cf1fd36b9326eeeb4db1e,Candidate,no,no
2023-02-07,"Alvord, Dave",County Council,,2022,interim,Alvord 2022 Disclosures,"Alvord, Dave (County Council District) — Alvord 2022 Disclosures",https://ecf-api.easyvoteapp.com/documents/F5A3F14F-7988-4DA3-B6D8-EEB2A970C7CF/viewfinalredactedpdf,2026-08-01,scanned,tesseract OCR (pdftoppm 300dpi),raw/easyvote/Alvord-Dave__F5A3F14F.pdf,easyvote,F5A3F14F-7988-4DA3-B6D8-EEB2A970C7CF,9c100f4b4e85bee519f59881455748a4dd26a33ed285be1e799796ef34e8cda1,Incumbent,no,no
2023-01-30,"Andrus, Tyler",Assessor,,2022,interim,2022,"Andrus, Tyler (Salt Lake County Assessor) — 2022",https://ecf-api.easyvoteapp.com/documents/1AAD3BCA-B93F-4E07-A1E0-CEF8FCCFFEA6/viewfinalredactedpdf,2026-08-01,scanned,tesseract OCR (pdftoppm 300dpi),raw/easyvote/Andrus-Tyler__1AAD3BCA.pdf,easyvote,1AAD3BCA-B93F-4E07-A1E0-CEF8FCCFFEA6,35e1fc69631b0cbe85628402fe6759230cddd223d23e6c0e36d900f290ad47ea,Campaign,no,no
2022-09-15,"Barnes, Richard D M",County Council,,2022,interim,"September 15, 2022","Barnes, Richard D M (County Council District) — September 15, 2022",https://ecf-api.easyvoteapp.com/documents/0F8342AB-5845-4EC6-8B28-4765F1DFC163/viewfinalredactedpdf,2026-08-01,scanned,tesseract OCR (pdftoppm 300dpi),raw/easyvote/Barnes-Richard-D-M__0F8342AB.pdf,easyvote,0F8342AB-5845-4EC6-8B28-4765F1DFC163,eccdd4aa27a7491befa9f2635239bd8d4c3436d26bfa5dd65fd78abf10c61e7e,Candidate,no,no
2023-01-30,"Barnes, Richard D M",County Council,,2022,interim,Final/ Dissolution Report,"Barnes, Richard D M (County Council District) — Final/ Dissolution Report",https://ecf-api.easyvoteapp.com/documents/29F6C75C-BAA3-4A3C-98E4-F99007B5F534/viewfinalredactedpdf,2026-08-01,scanned,tesseract OCR (pdftoppm 300dpi),raw/easyvote/Barnes-Richard-D-M__29F6C75C.pdf,easyvote,29F6C75C-BAA3-4A3C-98E4-F99007B5F534,10adfc916225d5740b9d1cbf71f2bfa675daea7ba8c5f5568a1dc71f7a10abf1,Candidate,no,no
2022-06-19,"Barnes, Richard D M",County Council,,2022,interim,RDM Barnes June 21 2022,"Barnes, Richard D M (County Council District) — RDM Barnes June 21 2022",https://ecf-api.easyvoteapp.com/documents/A1E63503-F453-4E44-BDBE-90531B4E6B65/viewfinalredactedpdf,2026-08-01,scanned,tesseract OCR (pdftoppm 300dpi),raw/easyvote/Barnes-Richard-D-M__A1E63503.pdf,easyvote,A1E63503-F453-4E44-BDBE-90531B4E6B65,e2b949e97057faa5b48ad662f5db6ea40e19824a3d6ea2facb2f027cce29c3b2,Candidate,no,no
2022-10-27,"Barnes, Richard D M",County Council,,2022,interim,County and Local School Board Financial Disclosure November 1,"Barnes, Richard D M (County Council District) — County and Local School Board Financial Disclosure November 1",https://ecf-api.easyvoteapp.com/documents/AA9B6660-F285-4519-8E00-EDF114B30A12/viewfinalredactedpdf,2026-08-01,scanned,tesseract OCR (pdftoppm 300dpi),raw/easyvote/Barnes-Richard-D-M__AA9B6660.pdf,easyvote,AA9B6660-F285-4519-8E00-EDF114B30A12,b5da32f17c5aef7ce7eb4a0da0999d1696a756e690e9c38f78a0e22f51880d31,Candidate,no,no
2022-04-05,"Barnes, Richard D M",County Council,,2022,interim,"April 5, 2022 RDMB","Barnes, Richard D M (County Council District) — April 5, 2022 RDMB",https://ecf-api.easyvoteapp.com/documents/D23F4002-EA04-4E19-A1E1-F3CB7CF46DBA/viewfinalredactedpdf,2026-08-01,scanned,tesseract OCR (pdftoppm 300dpi),raw/easyvote/Barnes-Richard-D-M__D23F4002.pdf,easyvote,D23F4002-EA04-4E19-A1E1-F3CB7CF46DBA,22007fc484c2465e3b1d6ef9b976ab47c30a2f00044e44bda05fab9d89d057b7,Candidate,no,no
2023-01-30,"Bradshaw, Arlyn",County Council,District 1,2022,interim,"January 31, 2023","Bradshaw, Arlyn (Salt Lake County Council District 1) — January 31, 2023",https://ecf-api.easyvoteapp.com/documents/1454A189-9B8E-4A74-95A2-04294DCBAF08/viewfinalredactedpdf,2026-08-01,scanned,tesseract OCR (pdftoppm 300dpi),raw/easyvote/Bradshaw-Arlyn__1454A189.pdf,easyvote,1454A189-9B8E-4A74-95A2-04294DCBAF08,ef1b03622d34a5fc62e5cd4c4bb9cd27f2db4850b3114534ab89a4f4aa04b36d,Campaign,no,no
2022-04-05,"Bradshaw, Arlyn",County Council,District 1,2022,interim,"April 5, 2022 Disclosure","Bradshaw, Arlyn (Salt Lake County Council District 1) — April 5, 2022 Disclosure",https://ecf-api.easyvoteapp.com/documents/88E0C703-B685-4347-8D37-84591E6A9949/viewfinalredactedpdf,2026-08-01,scanned,tesseract OCR (pdftoppm 300dpi),raw/easyvote/Bradshaw-Arlyn__88E0C703.pdf,easyvote,88E0C703-B685-4347-8D37-84591E6A9949,b9412183a45da776ed34bb7e7f92abd66905ea20f6ad7483735e7f77ee59574a,Campaign,no,no
2022-11-01,"Bradshaw, Arlyn",County Council,District 1,2022,interim,"November 1, 2022 Disclosure","Bradshaw, Arlyn (Salt Lake County Council District 1) — November 1, 2022 Disclosure",https://ecf-api.easyvoteapp.com/documents/8B7EDF37-CF64-4946-8236-CEBB3615D6D1/viewfinalredactedpdf,2026-08-01,scanned,tesseract OCR (pdftoppm 300dpi),raw/easyvote/Bradshaw-Arlyn__8B7EDF37.pdf,easyvote,8B7EDF37-CF64-4946-8236-CEBB3615D6D1,08ece25bfe0d3a88a61cbb641cb3beb1e7b0e14c725cf8f3685b0a712ba30596,Campaign,no,no
2022-09-15,"Bradshaw, Arlyn",County Council,District 1,2022,interim,September 15th Filing,"Bradshaw, Arlyn (Salt Lake County Council District 1) — September 15th Filing",https://ecf-api.easyvoteapp.com/documents/A0C86551-5BC6-4E72-86B5-27932F26AD10/viewfinalredactedpdf,2026-08-01,scanned,tesseract OCR (pdftoppm 300dpi),raw/easyvote/Bradshaw-Arlyn__A0C86551.pdf,easyvote,A0C86551-5BC6-4E72-86B5-27932F26AD10,66b1762136a7709e3e899ec0838305f542318b83ae7143194db41a4e7fa72d5a,Campaign,no,no
2022-06-21,"Bradshaw, Arlyn",County Council,District 1,2022,interim,"June 21, 2022 Disclosure","Bradshaw, Arlyn (Salt Lake County Council District 1) — June 21, 2022 Disclosure",https://ecf-api.easyvoteapp.com/documents/F55FF0B6-09CA-4A39-99AD-51D8EEA129A8/viewfinalredactedpdf,2026-08-01,scanned,tesseract OCR (pdftoppm 300dpi),raw/easyvote/Bradshaw-Arlyn__F55FF0B6.pdf,easyvote,F55FF0B6-09CA-4A39-99AD-51D8EEA129A8,ed633975f38f00aaea273128bf5b1068b1c48363c6763a61e0da8f46bfa3a20f,Campaign,no,no
2023-01-31,"Chapman, Lannie",Clerk,,2022,interim,2022 Year End,"Chapman, Lannie (Salt Lake County Clerk) — 2022 Year End",https://ecf-api.easyvoteapp.com/documents/3531F3C1-5526-48FF-AD57-AEFDC5C16717/viewfinalredactedpdf,2026-08-01,scanned,tesseract OCR (pdftoppm 300dpi),raw/easyvote/Chapman-Lannie__3531F3C1.pdf,easyvote,3531F3C1-5526-48FF-AD57-AEFDC5C16717,a240699201e5bc2fc506b1a00664a8dbe73d4eaef13e7573bdad5c8eb2e917ac,Incumbent,no,no
2022-06-22,"Chapman, Lannie",Clerk,,2022,interim,June 21 Amendment,"Chapman, Lannie (Salt Lake County Clerk) — June 21 Amendment",https://ecf-api.easyvoteapp.com/documents/592A9542-B143-46C8-9699-854E1EF9F145/viewfinalredactedpdf,2026-08-01,scanned,tesseract OCR (pdftoppm 300dpi),raw/easyvote/Chapman-Lannie__592A9542.pdf,easyvote,592A9542-B143-46C8-9699-854E1EF9F145,ad6418ab984b8495666453b1d35df732d231c7c9f7bb483a94cf4009546e36ed,Incumbent,no,no
2022-09-15,"Chapman, Lannie",Clerk,,2022,interim,June 21 Amendment,"Chapman, Lannie (Salt Lake County Clerk) — June 21 Amendment",https://ecf-api.easyvoteapp.com/documents/6828CF7D-F2CD-4596-9E2C-7AF2C49D0B0E/viewfinalredactedpdf,2026-08-01,scanned,tesseract OCR (pdftoppm 300dpi),raw/easyvote/Chapman-Lannie__6828CF7D.pdf,easyvote,6828CF7D-F2CD-4596-9E2C-7AF2C49D0B0E,2e6e8e2b50f149e0f114473dd422bb2553ed5a50eacf12770a6758e28646b281,Incumbent,no,no
2022-09-15,"Chapman, Lannie",Clerk,,2022,interim,"September 15, 2022","Chapman, Lannie (Salt Lake County Clerk) — September 15, 2022",https://ecf-api.easyvoteapp.com/documents/77B02272-21BC-4244-8BBE-74EF8C6D21F2/viewfinalredactedpdf,2026-08-01,scanned,tesseract OCR (pdftoppm 300dpi),raw/easyvote/Chapman-Lannie__77B02272.pdf,easyvote,77B02272-21BC-4244-8BBE-74EF8C6D21F2,088013ac620fd397d7a3f1acbd55ad1e69efaa61197ec7e70c6018398b41181b,Incumbent,no,no
2022-06-21,"Chapman, Lannie",Clerk,,2022,interim,"June 21, 2022","Chapman, Lannie (Salt Lake County Clerk) — June 21, 2022",https://ecf-api.easyvoteapp.com/documents/9B527F07-0B5D-40A3-B680-D5C64BB93EA7/viewfinalredactedpdf,2026-08-01,scanned,tesseract OCR (pdftoppm 300dpi),raw/easyvote/Chapman-Lannie__9B527F07.pdf,easyvote,9B527F07-0B5D-40A3-B680-D5C64BB93EA7,4e3b27da46b9664927cf0c3bb58c6d9e6c26a1fad1b22b90e9dfb6f716fc92f7,Incumbent,no,no
2022-11-01,"Chapman, Lannie",Clerk,,2022,interim,November 1 Interim Report,"Chapman, Lannie (Salt Lake County Clerk) — November 1 Interim Report",https://ecf-api.easyvoteapp.com/documents/AD0AB4D7-BC2B-42B6-9B72-196705A74577/viewfinalredactedpdf,2026-08-01,scanned,tesseract OCR (pdftoppm 300dpi),raw/easyvote/Chapman-Lannie__AD0AB4D7.pdf,easyvote,AD0AB4D7-BC2B-42B6-9B72-196705A74577,dee6f741ea2c0d859005548723bafd691be5b350a6c74d08c5385b1ca12fadc5,Incumbent,no,no
2022-04-05,"Chapman, Lannie",Clerk,,2022,interim,"April 5, 2022","Chapman, Lannie (Salt Lake County Clerk) — April 5, 2022",https://ecf-api.easyvoteapp.com/documents/D12FAB4A-70D1-4580-A60E-6F1C9197751B/viewfinalredactedpdf,2026-08-01,scanned,tesseract OCR (pdftoppm 300dpi),raw/easyvote/Chapman-Lannie__D12FAB4A.pdf,easyvote,D12FAB4A-70D1-4580-A60E-6F1C9197751B,590bfa844b8d14587bf772bbabeee9d86b67c52a68afec67d925ac8938db2e27,Incumbent,no,no
2023-01-31,"Chapman, Lannie",Clerk,,2022,interim,September 2022 Amendment,"Chapman, Lannie (Salt Lake County Clerk) — September 2022 Amendment",https://ecf-api.easyvoteapp.com/documents/DABD4E00-9F7C-46F3-81F8-F3EBA5493B6D/viewfinalredactedpdf,2026-08-01,scanned,tesseract OCR (pdftoppm 300dpi),raw/easyvote/Chapman-Lannie__DABD4E00.pdf,easyvote,DABD4E00-9F7C-46F3-81F8-F3EBA5493B6D,4435cf7197d4c74d9a5333360ad85707383e2edb8b68b660cea4cd0216c0c894,Incumbent,no,no
2023-01-31,"Chapman, Lannie",Clerk,,2022,interim,November 1 Amendment,"Chapman, Lannie (Salt Lake County Clerk) — November 1 Amendment",https://ecf-api.easyvoteapp.com/documents/FC001F57-350A-46EC-AA6D-EFE86EA2E121/viewfinalredactedpdf,2026-08-01,scanned,tesseract OCR (pdftoppm 300dpi),raw/easyvote/Chapman-Lannie__FC001F57.pdf,easyvote,FC001F57-350A-46EC-AA6D-EFE86EA2E121,5d3efe381597b3c497b7c6dc9d92a81a9b61f1e0bb16e812f862da202f2978b7,Incumbent,no,no
2022-06-20,Committee to Elect Sheldon Stewart,County Council,District 5,2022,interim,Sheldon Stewart June 21st 2022 Financial Disclosure,Committee to Elect Sheldon Stewart (Salt Lake County Council District 5) — Sheldon Stewart June 21st 2022 Financial Disclosure,https://ecf-api.easyvoteapp.com/documents/43F2CA89-965E-464C-866F-6EEF48CCFB3B/viewfinalredactedpdf,2026-08-01,scanned,tesseract OCR (pdftoppm 300dpi),raw/easyvote/Committee-to-Elect-Sheldon-Stewart__43F2CA89.pdf,easyvote,43F2CA89-965E-464C-866F-6EEF48CCFB3B,f9189d7ed191ef8245df435ed708a034c576dd32797e710ece378c35de29b971,Officeholder,no,no
2022-09-12,Committee to Elect Sheldon Stewart,County Council,District 5,2022,interim,9/10/2022 Financial Report,Committee to Elect Sheldon Stewart (Salt Lake County Council District 5) — 9/10/2022 Financial Report,https://ecf-api.easyvoteapp.com/documents/4980A11A-3749-4325-8CEF-00F524BC0DEF/viewfinalredactedpdf,2026-08-01,scanned,tesseract OCR (pdftoppm 300dpi),raw/easyvote/Committee-to-Elect-Sheldon-Stewart__4980A11A.pdf,easyvote,4980A11A-3749-4325-8CEF-00F524BC0DEF,20f6c5de5d7ce42e33dea53a224d56b27299ed398bf99475282e42ec8d6f1bf4,Officeholder,no,no
2023-01-20,Committee to Elect Sheldon Stewart,County Council,District 5,2022,interim,2022YearEndDisclosure,Committee to Elect Sheldon Stewart (Salt Lake County Council District 5) — 2022YearEndDisclosure,https://ecf-api.easyvoteapp.com/documents/56E006B6-5BB7-43BE-BDFD-0FBA4B339418/viewfinalredactedpdf,2026-08-01,scanned,tesseract OCR (pdftoppm 300dpi),raw/easyvote/Committee-to-Elect-Sheldon-Stewart__56E006B6.pdf,easyvote,56E006B6-5BB7-43BE-BDFD-0FBA4B339418,83a3c77e6ece5c4bd63bcee2cce34f82a82c0faf2cc00db055e38a8c0932b646,Officeholder,no,no
2022-10-31,Committee to Elect Sheldon Stewart,County Council,District 5,2022,interim,11/1/2022 Financial Report,Committee to Elect Sheldon Stewart (Salt Lake County Council District 5) — 11/1/2022 Financial Report,https://ecf-api.easyvoteapp.com/documents/A304DB4C-8C19-4C02-88CF-2FEE6A8E1A87/viewfinalredactedpdf,2026-08-01,scanned,tesseract OCR (pdftoppm 300dpi),raw/easyvote/Committee-to-Elect-Sheldon-Stewart__A304DB4C.pdf,easyvote,A304DB4C-8C19-4C02-88CF-2FEE6A8E1A87,932c98fc66002083167b042bb7d2e561a550d7dc6c7b03e6da6b89d23f0323ba,Officeholder,no,no
2022-04-01,Committee to Elect Sheldon Stewart,County Council,District 5,2022,interim,Interim Financial Disclosure Through 03312022,Committee to Elect Sheldon Stewart (Salt Lake County Council District 5) — Interim Financial Disclosure Through 03312022,https://ecf-api.easyvoteapp.com/documents/C2C645F2-22B7-49A1-BE7F-18248CF59BC3/viewfinalredactedpdf,2026-08-01,scanned,tesseract OCR (pdftoppm 300dpi),raw/easyvote/Committee-to-Elect-Sheldon-Stewart__C2C645F2.pdf,easyvote,C2C645F2-22B7-49A1-BE7F-18248CF59BC3,c31e3c117d16f76dc7c08b03dd50fd348da81a70748aaee3b2f395246758b94b,Officeholder,no,no
2023-01-26,"Cox, Fred",County Council,,2022,interim,fcc26Jan2023,"Cox, Fred (County Council District) — fcc26Jan2023",https://ecf-api.easyvoteapp.com/documents/41145539-D2DB-4CF8-BFE8-51050428F705/viewfinalredactedpdf,2026-08-01,scanned,tesseract OCR (pdftoppm 300dpi),raw/easyvote/Cox-Fred__41145539.pdf,easyvote,41145539-D2DB-4CF8-BFE8-51050428F705,0629d6c169aa7538e92c6c397171c815ba8a4b9106c3eb297095607a4515d557,Candidate,no,no
2023-07-18,"Cox, Fred",County Council,,2022,interim,Closeout2023F,"Cox, Fred (County Council District) — Closeout2023F",https://ecf-api.easyvoteapp.com/documents/A4DE0204-7D9A-4456-A560-52D2D8CF8D31/viewfinalredactedpdf,2026-08-01,scanned,tesseract OCR (pdftoppm 300dpi),raw/easyvote/Cox-Fred__A4DE0204.pdf,easyvote,A4DE0204-7D9A-4456-A560-52D2D8CF8D31,c82b2a19b7bca6d2082bd6bcfcd4a9ff7acc1ad2c1caf40c6fee5d0e0c3a2624,Candidate,no,no
2022-04-05,"Creno, Tracey",Sheriff,,2022,interim,April 5 ,"Creno, Tracey (Salt Lake County Sheriff) — April 5",https://ecf-api.easyvoteapp.com/documents/5D27CB0A-7351-4BF1-A0A7-4B128E17CE8A/viewfinalredactedpdf,2026-08-01,scanned,tesseract OCR (pdftoppm 300dpi),raw/easyvote/Creno-Tracey__5D27CB0A.pdf,easyvote,5D27CB0A-7351-4BF1-A0A7-4B128E17CE8A,112841a14a2f84a77f97aa5525246a570467b263a3808d92ea823bf94b9beda6,Campaign,no,no
2023-01-24,"Cushing, K.",Treasurer,,2022,interim,K. Wayne Cushing- Dissolution,"Cushing, K. (Salt Lake County Treasurer) — K. Wayne Cushing- Dissolution",https://ecf-api.easyvoteapp.com/documents/60485F52-91D8-4B5C-8FA6-936B6335D792/viewfinalredactedpdf,2026-08-01,scanned,tesseract OCR (pdftoppm 300dpi),raw/easyvote/Cushing-K__60485F52.pdf,easyvote,60485F52-91D8-4B5C-8FA6-936B6335D792,3763bae311da8196b99bf7142ef8fc825ba217b446ae30300a0511033f1e5e48,Incumbent,no,no
2022-09-14,"DeBry, Steve",County Council,,2022,interim,"September 15, 2022","DeBry, Steve (County Council District) — September 15, 2022",https://ecf-api.easyvoteapp.com/documents/530CCB32-214F-4E57-A22B-0CEA77A51BC2/viewfinalredactedpdf,2026-08-01,scanned,tesseract OCR (pdftoppm 300dpi),raw/easyvote/DeBry-Steve__530CCB32.pdf,easyvote,530CCB32-214F-4E57-A22B-0CEA77A51BC2,6dcca13215d0a0936806fbee8f58a2c9694b5744288ccddd5253fe9d9c2b9963,Candidate,no,no
2022-12-14,"DeBry, Steve",County Council,,2022,interim,DeBry Final/ Dissolution Report,"DeBry, Steve (County Council District) — DeBry Final/ Dissolution Report",https://ecf-api.easyvoteapp.com/documents/A5B263EE-D8EC-49B9-A4D8-122C554189B2/viewfinalredactedpdf,2026-08-01,scanned,tesseract OCR (pdftoppm 300dpi),raw/easyvote/DeBry-Steve__A5B263EE.pdf,easyvote,A5B263EE-D8EC-49B9-A4D8-122C554189B2,0ad8014c72a0960d9aad6d7cbc0bd6ef4a6e5184ab0c99bfcc385f527b8af177,Candidate,no,no
2022-06-21,"DeBry, Steve",County Council,,2022,interim,"June 21, 2022","DeBry, Steve (County Council District) — June 21, 2022",https://ecf-api.easyvoteapp.com/documents/CCE01F02-EE24-4D7F-9B7D-168C5104E084/viewfinalredactedpdf,2026-08-01,scanned,tesseract OCR (pdftoppm 300dpi),raw/easyvote/DeBry-Steve__CCE01F02.pdf,easyvote,CCE01F02-EE24-4D7F-9B7D-168C5104E084,08c9f46dac53e3cff5d4dd6e04a517c861d7486b538688353085b04317e2fb05,Candidate,no,no
2022-04-04,"DeBry, Steve",County Council,,2022,interim,"April 5, 2022","DeBry, Steve (County Council District) — April 5, 2022",https://ecf-api.easyvoteapp.com/documents/D59C4C61-AED7-4A18-9527-61559328C7A2/viewfinalredactedpdf,2026-08-01,scanned,tesseract OCR (pdftoppm 300dpi),raw/easyvote/DeBry-Steve__D59C4C61.pdf,easyvote,D59C4C61-AED7-4A18-9527-61559328C7A2,75c2debd2934ac82af17e26e75217a155e2c02dbf7f040f9ab5983a158f134e1,Candidate,no,no
2023-01-31,"Demman, Reid",Surveyor,,2022,interim,2022filing,"Demman, Reid (Salt Lake County Surveyor) — 2022filing",https://ecf-api.easyvoteapp.com/documents/83F79F1A-C712-401B-B44F-FC8E19BB9B54/viewfinalredactedpdf,2026-08-01,scanned,tesseract OCR (pdftoppm 300dpi),raw/easyvote/Demman-Reid__83F79F1A.pdf,easyvote,83F79F1A-C712-401B-B44F-FC8E19BB9B54,e58b31f11e5ce757262d7b01d6b290dd522ac0cb5e447eb98b65b3d915ef7553,Incumbent,no,no
2022-11-01,"Gill, Sim",District Attorney,,2022,interim,"financial disclosure_November 1, 2022_signed","Gill, Sim (Salt Lake County District & County Attorney) — financial disclosure_November 1, 2022_signed",https://ecf-api.easyvoteapp.com/documents/7DD7DCA8-E1B0-4DD0-9CCA-9865BBFA3D2C/viewfinalredactedpdf,2026-08-01,scanned,tesseract OCR (pdftoppm 300dpi),raw/easyvote/Gill-Sim__7DD7DCA8.pdf,easyvote,7DD7DCA8-E1B0-4DD0-9CCA-9865BBFA3D2C,70c989d2005641efef4a28b74309db81fdebdd1f8c6bab7a658dfdf5b8c5fe6f,Incumbent,no,no
2022-09-15,"Gill, Sim",District Attorney,,2022,interim,"financial disclosure_September 15, 2022_signed","Gill, Sim (Salt Lake County District & County Attorney) — financial disclosure_September 15, 2022_signed",https://ecf-api.easyvoteapp.com/documents/C6DFD0E4-411B-408E-97CC-7C46D430173F/viewfinalredactedpdf,2026-08-01,scanned,tesseract OCR (pdftoppm 300dpi),raw/easyvote/Gill-Sim__C6DFD0E4.pdf,easyvote,C6DFD0E4-411B-408E-97CC-7C46D430173F,9ec85cfdb7ba8e5ef73ef3dbd87300069c4f17df688d4c942d20dc731044e33f,Incumbent,no,no
2022-04-04,"Gill, Sim",District Attorney,,2022,interim,"financial disclosure_March 31, 2022.pdf","Gill, Sim (Salt Lake County District & County Attorney) — financial disclosure_March 31, 2022.pdf",https://ecf-api.easyvoteapp.com/documents/CD02CB2C-40E3-4190-B2D7-D0CA6F53E1CB/viewfinalredactedpdf,2026-08-01,scanned,tesseract OCR (pdftoppm 300dpi),raw/easyvote/Gill-Sim__CD02CB2C.pdf,easyvote,CD02CB2C-40E3-4190-B2D7-D0CA6F53E1CB,5ef2ea4e307a1b42b148b43394dd16e433b5649eece3a114e6194027d18c49f2,Incumbent,no,no
2023-01-31,"Gill, Sim",District Attorney,,2022,interim,"financial disclosure_January 31, 2023_signed.pdf","Gill, Sim (Salt Lake County District & County Attorney) — financial disclosure_January 31, 2023_signed.pdf",https://ecf-api.easyvoteapp.com/documents/DA8E8A75-7261-4EB4-8BC7-D9701944ED8D/viewfinalredactedpdf,2026-08-01,scanned,tesseract OCR (pdftoppm 300dpi),raw/easyvote/Gill-Sim__DA8E8A75.pdf,easyvote,DA8E8A75-7261-4EB4-8BC7-D9701944ED8D,5a72d74f8c9fe5f95fbf3da8cb6082d7f2d679ed8cb0b69037b99988ea902c4a,Incumbent,no,no
2022-06-21,"Gill, Sim",District Attorney,,2022,interim,"financial disclosure_June 21, 2022_signed","Gill, Sim (Salt Lake County District & County Attorney) — financial disclosure_June 21, 2022_signed",https://ecf-api.easyvoteapp.com/documents/E502D025-EB58-4DEC-8A03-2787E782A952/viewfinalredactedpdf,2026-08-01,scanned,tesseract OCR (pdftoppm 300dpi),raw/easyvote/Gill-Sim__E502D025.pdf,easyvote,E502D025-EB58-4DEC-8A03-2787E782A952,796587ec6360087a3bb36dcf8b5005a9384b00b15721c6685a136a2d7251f8b4,Incumbent,no,no
2023-02-02,"Goodfellow, Brent",County Council,,2022,interim,Final/ Dissolution Report,"Goodfellow, Brent (County Council District) — Final/ Dissolution Report",https://ecf-api.easyvoteapp.com/documents/F1C0D6C1-0BD3-4274-93E0-4E56E58ABC01/viewfinalredactedpdf,2026-08-01,scanned,tesseract OCR (pdftoppm 300dpi),raw/easyvote/Goodfellow-Brent__F1C0D6C1.pdf,easyvote,F1C0D6C1-0BD3-4274-93E0-4E56E58ABC01,dbfd2b8b745b386575639084928694c62d0febde8d5e7501b1a03f2439aa6f8e,Incumbent,no,no
2023-01-24,"Granato, Ann",County Council,,2022,interim,Ann Granato- Year-End Report,"Granato, Ann (County Council District) — Ann Granato- Year-End Report",https://ecf-api.easyvoteapp.com/documents/A6C54095-F2C5-499A-8452-CEBDDB35CF0E/viewfinalredactedpdf,2026-08-01,scanned,tesseract OCR (pdftoppm 300dpi),raw/easyvote/Granato-Ann__A6C54095.pdf,easyvote,A6C54095-F2C5-499A-8452-CEBDDB35CF0E,406cb50711d4a73c405b5dab07d0604d8452b1f8ba4bf98e651743a598cc4ed1,Incumbent,no,no
2022-09-14,"Harding, Chris",Auditor,,2022,interim,September 2022_Harding,"Harding, Chris (Salt Lake County Auditor) — September 2022_Harding",https://ecf-api.easyvoteapp.com/documents/0E90F3D5-5F98-4099-8DE5-284274250C29/viewfinalredactedpdf,2026-08-01,scanned,tesseract OCR (pdftoppm 300dpi),raw/easyvote/Harding-Chris__0E90F3D5.pdf,easyvote,0E90F3D5-5F98-4099-8DE5-284274250C29,fb2fe09dd39638788393662bc5b60a05294fe86c412ebca599fe7f887e17ec3a,Incumbent,no,no
2022-11-01,"Harding, Chris",Auditor,,2022,interim,"Nov 1_Chris Harding, CPA","Harding, Chris (Salt Lake County Auditor) — Nov 1_Chris Harding, CPA",https://ecf-api.easyvoteapp.com/documents/70CD4215-74A6-4F46-8BCC-9F3F3D38BB2D/viewfinalredactedpdf,2026-08-01,scanned,tesseract OCR (pdftoppm 300dpi),raw/easyvote/Harding-Chris__70CD4215.pdf,easyvote,70CD4215-74A6-4F46-8BCC-9F3F3D38BB2D,8f5ad483e663805fe195f6d7f120c032957ad092b38db4df47427c888afee053,Incumbent,no,no
2022-06-16,"Harding, Chris",Auditor,,2022,interim,June 2022_Harding,"Harding, Chris (Salt Lake County Auditor) — June 2022_Harding",https://ecf-api.easyvoteapp.com/documents/84458B63-682C-479F-8C1F-6C66647BF4FC/viewfinalredactedpdf,2026-08-01,scanned,tesseract OCR (pdftoppm 300dpi),raw/easyvote/Harding-Chris__84458B63.pdf,easyvote,84458B63-682C-479F-8C1F-6C66647BF4FC,73e40191f5d8b5f58b05823fdf9169262066ef8b9bea7c4772090e6553776ae7,Incumbent,no,no
2022-04-04,"Harding, Chris",Auditor,,2022,interim,"March 31, 2022_Harding","Harding, Chris (Salt Lake County Auditor) — March 31, 2022_Harding",https://ecf-api.easyvoteapp.com/documents/AF486853-FD86-4B9D-8512-CF69ED06CEE7/viewfinalredactedpdf,2026-08-01,scanned,tesseract OCR (pdftoppm 300dpi),raw/easyvote/Harding-Chris__AF486853.pdf,easyvote,AF486853-FD86-4B9D-8512-CF69ED06CEE7,8e1550244d796f7cc3701fdd07fa9beb795e12385f558e799827136c18046a85,Incumbent,no,no
2022-10-31,"Harding, Chris",Auditor,,2022,interim,"November 1_Chris Harding, CPA ","Harding, Chris (Salt Lake County Auditor) — November 1_Chris Harding, CPA",https://ecf-api.easyvoteapp.com/documents/D56479FB-AB28-41E5-81C8-067AD409C6C5/viewfinalredactedpdf,2026-08-01,scanned,tesseract OCR (pdftoppm 300dpi),raw/easyvote/Harding-Chris__D56479FB.pdf,easyvote,D56479FB-AB28-41E5-81C8-067AD409C6C5,4c240f1f17f322f732d178ae02a146d938c7d0e76cb2ebe0010c1f8c8a5f8e3a,Incumbent,no,no
2022-04-04,"Harding, Chris",Auditor,,2022,interim,"March 31, 2022_Harding_Amend In-Kind","Harding, Chris (Salt Lake County Auditor) — March 31, 2022_Harding_Amend In-Kind",https://ecf-api.easyvoteapp.com/documents/DCD2553A-BD4F-4D53-B59A-F37D7B3EEC59/viewfinalredactedpdf,2026-08-01,scanned,tesseract OCR (pdftoppm 300dpi),raw/easyvote/Harding-Chris__DCD2553A.pdf,easyvote,DCD2553A-BD4F-4D53-B59A-F37D7B3EEC59,dd9a83d807fc488ada7a23dc3970d32c0800ef5a4479eaa13f07d3c08d4fea57,Incumbent,no,no
2023-01-17,"Harding, Chris",Auditor,,2022,interim,January 31 2023_Harding,"Harding, Chris (Salt Lake County Auditor) — January 31 2023_Harding",https://ecf-api.easyvoteapp.com/documents/F29B978F-0D2A-44DE-B869-ABD44BCF974C/viewfinalredactedpdf,2026-08-01,scanned,tesseract OCR (pdftoppm 300dpi),raw/easyvote/Harding-Chris__F29B978F.pdf,easyvote,F29B978F-0D2A-44DE-B869-ABD44BCF974C,836a3eb549eea0b8befff6189cd01eac9abd77ada804ab36d520f3854d161d65,Incumbent,no,no
2022-09-15,"Harrison, Suzanne",County Council,At-Large B,2022,interim,"September 15, 2022","Harrison, Suzanne (Salt Lake County Council At-Large B) — September 15, 2022",https://ecf-api.easyvoteapp.com/documents/213DD5EC-B8B9-4B4D-8094-1750D414BD36/viewfinalredactedpdf,2026-08-01,scanned,tesseract OCR (pdftoppm 300dpi),raw/easyvote/Harrison-Suzanne__213DD5EC.pdf,easyvote,213DD5EC-B8B9-4B4D-8094-1750D414BD36,9b225292e5c526206ebbd24a26cd95f8c74eb773c693ab72628fb691c8b9a3bf,Officeholder,no,no
2022-04-04,"Harrison, Suzanne",County Council,At-Large B,2022,interim,April 5,"Harrison, Suzanne (Salt Lake County Council At-Large B) — April 5",https://ecf-api.easyvoteapp.com/documents/3D069168-EDCB-40ED-9FA3-2527E3155A18/viewfinalredactedpdf,2026-08-01,scanned,tesseract OCR (pdftoppm 300dpi),raw/easyvote/Harrison-Suzanne__3D069168.pdf,easyvote,3D069168-EDCB-40ED-9FA3-2527E3155A18,bd8eaa4efa748a28e5ef82b7a3029109f45843a72066ffe101ae525c76604fc6,Officeholder,no,no
2023-01-31,"Harrison, Suzanne",County Council,At-Large B,2022,interim,"January 31, 2023","Harrison, Suzanne (Salt Lake County Council At-Large B) — January 31, 2023",https://ecf-api.easyvoteapp.com/documents/5012130F-00C6-4DFC-8BCD-A5F31B2C98E5/viewfinalredactedpdf,2026-08-01,scanned,tesseract OCR (pdftoppm 300dpi),raw/easyvote/Harrison-Suzanne__5012130F.pdf,easyvote,5012130F-00C6-4DFC-8BCD-A5F31B2C98E5,299e761197a0aaad43a780a1e425fe8163fa6d6d388ef35b976c877ea841ce97,Officeholder,no,no
2022-06-21,"Harrison, Suzanne",County Council,At-Large B,2022,interim,"June 21, 2022","Harrison, Suzanne (Salt Lake County Council At-Large B) — June 21, 2022",https://ecf-api.easyvoteapp.com/documents/890CE966-7F0C-4A57-92E7-772A775C90B3/viewfinalredactedpdf,2026-08-01,scanned,tesseract OCR (pdftoppm 300dpi),raw/easyvote/Harrison-Suzanne__890CE966.pdf,easyvote,890CE966-7F0C-4A57-92E7-772A775C90B3,539b07d2085df5d4c0fea843bcaea9f77647be16fcfd948a9c9d7aaccf80a3db,Officeholder,no,no
2022-10-31,"Harrison, Suzanne",County Council,At-Large B,2022,interim,Harrison Nov 1 Filing,"Harrison, Suzanne (Salt Lake County Council At-Large B) — Harrison Nov 1 Filing",https://ecf-api.easyvoteapp.com/documents/BDCA235C-9FBD-43E5-9159-391FE31CE8D5/viewfinalredactedpdf,2026-08-01,scanned,tesseract OCR (pdftoppm 300dpi),raw/easyvote/Harrison-Suzanne__BDCA235C.pdf,easyvote,BDCA235C-9FBD-43E5-9159-391FE31CE8D5,d9679898f36438d0aeb37b7dc9fa9131fa438def89cabd948849d4be3768cfeb,Officeholder,no,no
2022-06-22,"Harrison, Suzanne",County Council,At-Large B,2022,interim,June 21 Amendment,"Harrison, Suzanne (Salt Lake County Council At-Large B) — June 21 Amendment",https://ecf-api.easyvoteapp.com/documents/E5C37303-5CBB-440E-B3BE-530CD26B487D/viewfinalredactedpdf,2026-08-01,scanned,tesseract OCR (pdftoppm 300dpi),raw/easyvote/Harrison-Suzanne__E5C37303.pdf,easyvote,E5C37303-5CBB-440E-B3BE-530CD26B487D,b71bf599d944610e7f5e814ff16bd71f9a4b9171b5d4e63a2f53eb0ee8de260b,Officeholder,no,no
2023-07-18,"Harrison, Suzanne",County Council,At-Large B,2022,interim,Year-End Report Amended,"Harrison, Suzanne (Salt Lake County Council At-Large B) — Year-End Report Amended",https://ecf-api.easyvoteapp.com/documents/FBE429BE-63E2-4540-83DF-7FAB7338BC69/viewfinalredactedpdf,2026-08-01,scanned,tesseract OCR (pdftoppm 300dpi),raw/easyvote/Harrison-Suzanne__FBE429BE.pdf,easyvote,FBE429BE-63E2-4540-83DF-7FAB7338BC69,38fd631b7ba11738f261e59e61b49580139279f3d9374013677ef9cc642c3698,Officeholder,no,no
2023-01-31,"Hobbs, Rashelle",Recorder,,2022,interim,Hobbs Finance 2022,"Hobbs, Rashelle (Salt Lake County Recorder) — Hobbs Finance 2022",https://ecf-api.easyvoteapp.com/documents/7A5E95F0-DC60-4BA8-9924-5AB0A19D7C3E/viewfinalredactedpdf,2026-08-01,scanned,tesseract OCR (pdftoppm 300dpi),raw/easyvote/Hobbs-Rashelle__7A5E95F0.pdf,easyvote,7A5E95F0-DC60-4BA8-9924-5AB0A19D7C3E,a473133d67be76a65204e74757604d0cbc359db155bd943dd4401a71b77037fb,Officeholder,no,no
2023-01-31,"Jensen, Michael",County Council,District 2,2022,interim,Year-End Report,"Jensen, Michael (Salt Lake County Council District 2) — Year-End Report",https://ecf-api.easyvoteapp.com/documents/B69C491D-F49E-464B-B036-D877F063EDF4/viewfinalredactedpdf,2026-08-01,scanned,tesseract OCR (pdftoppm 300dpi),raw/easyvote/Jensen-Michael__B69C491D.pdf,easyvote,B69C491D-F49E-464B-B036-D877F063EDF4,1f2a023d3aff6c1cc94ae0cfd0c265ccd0e28a1f63abc295a261e623e9fa4b37,Campaign,no,no
2022-04-04,"Liewer, Ashley",County Council,District 3,2022,interim,4.5.22 Financial Disclosure,"Liewer, Ashley (Salt Lake County Council District 3) — 4.5.22 Financial Disclosure",https://ecf-api.easyvoteapp.com/documents/0A317581-3C94-4546-89AF-B6852E674C41/viewfinalredactedpdf,2026-08-01,scanned,tesseract OCR (pdftoppm 300dpi),raw/easyvote/Liewer-Ashley__0A317581.pdf,easyvote,0A317581-3C94-4546-89AF-B6852E674C41,eeefc003faf87b47598a715205154562a5f4f0bfd3c274e5f954802445038664,Campaign,no,no
2022-06-21,"Liewer, Ashley",County Council,District 3,2022,interim,"June 21, 2022","Liewer, Ashley (Salt Lake County Council District 3) — June 21, 2022",https://ecf-api.easyvoteapp.com/documents/43506ED9-DA01-4925-A665-CDE7EBEB2589/viewfinalredactedpdf,2026-08-01,scanned,tesseract OCR (pdftoppm 300dpi),raw/easyvote/Liewer-Ashley__43506ED9.pdf,easyvote,43506ED9-DA01-4925-A665-CDE7EBEB2589,7ad7187a721f3be5879c444264eb306b74b48e38c76a371f2bd279cb006b796e,Campaign,no,no
2023-01-31,"Liewer, Ashley",County Council,District 3,2022,interim,ashleyrliewer@gmail.com,"Liewer, Ashley (Salt Lake County Council District 3) — ashleyrliewer@gmail.com",https://ecf-api.easyvoteapp.com/documents/526DCB1A-CBA5-4EC9-A71B-26390A71CAC8/viewfinalredactedpdf,2026-08-01,scanned,tesseract OCR (pdftoppm 300dpi),raw/easyvote/Liewer-Ashley__526DCB1A.pdf,easyvote,526DCB1A-CBA5-4EC9-A71B-26390A71CAC8,5693ee5600f0f059d858c54bc25dce8310e350fb68ae8248d4b53dceb5537bef,Campaign,no,no
2022-11-01,"Liewer, Ashley",County Council,District 3,2022,interim,Liewer 11.2.2022 Disclosure,"Liewer, Ashley (Salt Lake County Council District 3) — Liewer 11.2.2022 Disclosure",https://ecf-api.easyvoteapp.com/documents/7FF3AA93-4743-492B-B5C5-E973CE73F5CF/viewfinalredactedpdf,2026-08-01,scanned,tesseract OCR (pdftoppm 300dpi),raw/easyvote/Liewer-Ashley__7FF3AA93.pdf,easyvote,7FF3AA93-4743-492B-B5C5-E973CE73F5CF,c673c23e91f6769cd4986ce9b4a0edb5cec92f78413238427631ca7c95f84530,Campaign,no,no
2022-09-15,"Liewer, Ashley",County Council,District 3,2022,interim,Liewer Septmeber Disclosure Amendment,"Liewer, Ashley (Salt Lake County Council District 3) — Liewer Septmeber Disclosure Amendment",https://ecf-api.easyvoteapp.com/documents/A20FF70B-ED91-443E-9D65-53CDE2CC46B8/viewfinalredactedpdf,2026-08-01,scanned,tesseract OCR (pdftoppm 300dpi),raw/easyvote/Liewer-Ashley__A20FF70B.pdf,easyvote,A20FF70B-ED91-443E-9D65-53CDE2CC46B8,ab81d562066595608070346bbccbdef19f116aeb8134a20eb0552ad1da427cf5,Campaign,no,no
2022-09-14,"Liewer, Ashley",County Council,District 3,2022,interim,Liewer Financial Disclosure Report 09152022,"Liewer, Ashley (Salt Lake County Council District 3) — Liewer Financial Disclosure Report 09152022",https://ecf-api.easyvoteapp.com/documents/B563D42B-A649-44B5-8FAE-9DD7C72A47CF/viewfinalredactedpdf,2026-08-01,scanned,tesseract OCR (pdftoppm 300dpi),raw/easyvote/Liewer-Ashley__B563D42B.pdf,easyvote,B563D42B-A649-44B5-8FAE-9DD7C72A47CF,1f88addda6756bde812b04611a68422f3df916cdf4b05dd5c64e80fe4d3f76cd,Campaign,no,no
2022-04-04,"Lord, Nancy",Clerk,,2022,interim,April 5 Report,"Lord, Nancy (Salt Lake County Clerk) — April 5 Report",https://ecf-api.easyvoteapp.com/documents/96381A31-BA95-465B-A88F-3BCFC3916FE5/viewfinalredactedpdf,2026-08-01,scanned,tesseract OCR (pdftoppm 300dpi),raw/easyvote/Lord-Nancy__96381A31.pdf,easyvote,96381A31-BA95-465B-A88F-3BCFC3916FE5,8a696fb05e95a34cca0363424df59c8ba03870877c41b0c224915dd3bd6f4f61,Candidate,no,no
2023-01-31,"Lord, Nancy",Clerk,,2022,interim,Final Financial Disclosure,"Lord, Nancy (Salt Lake County Clerk) — Final Financial Disclosure",https://ecf-api.easyvoteapp.com/documents/D110F236-70AF-43FD-85F8-E1EE488A0282/viewfinalredactedpdf,2026-08-01,scanned,tesseract OCR (pdftoppm 300dpi),raw/easyvote/Lord-Nancy__D110F236.pdf,easyvote,D110F236-70AF-43FD-85F8-E1EE488A0282,09479007fc07f5536bfa06ee0767e477afc9d6d678970c4234069df2e35b7602,Candidate,no,no
2022-09-15,"Maragani, Goud",Clerk,,2022,interim,"September 15, 2022","Maragani, Goud (Salt Lake County Clerk) — September 15, 2022",https://ecf-api.easyvoteapp.com/documents/121F4A53-06E5-4B66-958C-FD1773E858AC/viewfinalredactedpdf,2026-08-01,scanned,tesseract OCR (pdftoppm 300dpi),raw/easyvote/Maragani-Goud__121F4A53.pdf,easyvote,121F4A53-06E5-4B66-958C-FD1773E858AC,d9e2d3da408bb8b6021dca0efde2e4b5c4c5ea1222096ef77cb6069e8f94d9bd,Candidate,no,no
2022-11-01,"Maragani, Goud",Clerk,,2022,interim,"October 31, 2022","Maragani, Goud (Salt Lake County Clerk) — October 31, 2022",https://ecf-api.easyvoteapp.com/documents/155F264A-AC78-4AEC-85A8-03E595F64D37/viewfinalredactedpdf,2026-08-01,scanned,tesseract OCR (pdftoppm 300dpi),raw/easyvote/Maragani-Goud__155F264A.pdf,easyvote,155F264A-AC78-4AEC-85A8-03E595F64D37,939fa20321cb9ad267e837ba2bcebb679e5e7cc511ed2e3eac6e26fa72affd14,Candidate,no,no
2023-01-20,"Maragani, Goud",Clerk,,2022,interim,"January 31, 2023","Maragani, Goud (Salt Lake County Clerk) — January 31, 2023",https://ecf-api.easyvoteapp.com/documents/16107646-C5F1-4CF6-A073-D76C6CCDEAAB/viewfinalredactedpdf,2026-08-01,scanned,tesseract OCR (pdftoppm 300dpi),raw/easyvote/Maragani-Goud__16107646.pdf,easyvote,16107646-C5F1-4CF6-A073-D76C6CCDEAAB,58b1639f5e44f8da153eff4c26b331811dceaaf147ed1247c428c05204dd8c17,Candidate,no,no
2022-06-21,"Maragani, Goud",Clerk,,2022,interim,June 21 Interim Financial Report,"Maragani, Goud (Salt Lake County Clerk) — June 21 Interim Financial Report",https://ecf-api.easyvoteapp.com/documents/6C8B2F0F-E0E6-4ED3-B937-3BB46331437B/viewfinalredactedpdf,2026-08-01,scanned,tesseract OCR (pdftoppm 300dpi),raw/easyvote/Maragani-Goud__6C8B2F0F.pdf,easyvote,6C8B2F0F-E0E6-4ED3-B937-3BB46331437B,66be7eb8d08086db3efe8869534966e842ea03a0678aba2d6f5a9708d3adb515,Candidate,no,no
2022-06-22,"Maragani, Goud",Clerk,,2022,interim,June 21 Interim Financial Amended Report,"Maragani, Goud (Salt Lake County Clerk) — June 21 Interim Financial Amended Report",https://ecf-api.easyvoteapp.com/documents/751AF3A6-B99D-47AE-BCC9-D8ECA561340A/viewfinalredactedpdf,2026-08-01,scanned,tesseract OCR (pdftoppm 300dpi),raw/easyvote/Maragani-Goud__751AF3A6.pdf,easyvote,751AF3A6-B99D-47AE-BCC9-D8ECA561340A,1944112aa4ec1efd5887f199e60f6648fb602d6c0780a6f48aa01e0e9ad25137,Candidate,no,no
2022-04-05,"Maragani, Goud",Clerk,,2022,interim,"March 31, 2022 Financial Disclosure","Maragani, Goud (Salt Lake County Clerk) — March 31, 2022 Financial Disclosure",https://ecf-api.easyvoteapp.com/documents/84075633-D73B-4507-A396-A04358910BAA/viewfinalredactedpdf,2026-08-01,scanned,tesseract OCR (pdftoppm 300dpi),raw/easyvote/Maragani-Goud__84075633.pdf,easyvote,84075633-D73B-4507-A396-A04358910BAA,3a6cdc1799a2952922d6771a2293c2dbb3eeac227ef54f2375a8ddd1a32d794a,Candidate,no,no
2022-10-31,"Muir, David",Auditor,,2022,interim,"March 31, 22 Amend","Muir, David (Salt Lake County Auditor) — March 31, 22 Amend",https://ecf-api.easyvoteapp.com/documents/01A11EF4-F312-4BFC-A7FB-B46AAACA3C94/viewfinalredactedpdf,2026-08-01,scanned,tesseract OCR (pdftoppm 300dpi),raw/easyvote/Muir-David__01A11EF4.pdf,easyvote,01A11EF4-F312-4BFC-A7FB-B46AAACA3C94,5c70443f7df33252ec9336cea6976f90da0a2ebfb2f2a3dca34abb31ff3ca8ef,Candidate,no,no
2022-06-20,"Muir, David",Auditor,,2022,interim,"June 20, 22","Muir, David (Salt Lake County Auditor) — June 20, 22",https://ecf-api.easyvoteapp.com/documents/1D4C7563-16E5-4697-9E3D-ACA57BE18124/viewfinalredactedpdf,2026-08-01,scanned,tesseract OCR (pdftoppm 300dpi),raw/easyvote/Muir-David__1D4C7563.pdf,easyvote,1D4C7563-16E5-4697-9E3D-ACA57BE18124,36867f4fc0bd9da2370be83687025998f7d71a797be7db0a1a57b2bec7fc6aee,Candidate,no,no
2022-10-31,"Muir, David",Auditor,,2022,interim,"June 20, 22 Amend","Muir, David (Salt Lake County Auditor) — June 20, 22 Amend",https://ecf-api.easyvoteapp.com/documents/3A058D98-0913-41FA-A5B3-A5D21B4268B5/viewfinalredactedpdf,2026-08-01,scanned,tesseract OCR (pdftoppm 300dpi),raw/easyvote/Muir-David__3A058D98.pdf,easyvote,3A058D98-0913-41FA-A5B3-A5D21B4268B5,699eb2e557703192c778ec48dc85d3c355ff8d8d465651e8aba396e3a15a5ec9,Candidate,no,no
2022-09-14,"Muir, David",Auditor,,2022,interim,"September 10, 2022","Muir, David (Salt Lake County Auditor) — September 10, 2022",https://ecf-api.easyvoteapp.com/documents/3B9503E9-6D21-4570-8005-1C92D6CB5D0A/viewfinalredactedpdf,2026-08-01,scanned,tesseract OCR (pdftoppm 300dpi),raw/easyvote/Muir-David__3B9503E9.pdf,easyvote,3B9503E9-6D21-4570-8005-1C92D6CB5D0A,d1035248abe83f66a345beb354914dc975a6ac9472e08601f54e0d7d27702bee,Candidate,no,no
2022-04-02,"Muir, David",Auditor,,2022,interim,March 31 2022,"Muir, David (Salt Lake County Auditor) — March 31 2022",https://ecf-api.easyvoteapp.com/documents/3C6DC164-DFDD-400C-8750-273ECAF5627C/viewfinalredactedpdf,2026-08-01,scanned,tesseract OCR (pdftoppm 300dpi),raw/easyvote/Muir-David__3C6DC164.pdf,easyvote,3C6DC164-DFDD-400C-8750-273ECAF5627C,7efe117f8f5f11fcba428d6b599a945b14a2cb760c58ed815c00fc3fe4b00250,Candidate,no,no
2022-10-31,"Muir, David",Auditor,,2022,interim,"Sept 10, 22 Amend","Muir, David (Salt Lake County Auditor) — Sept 10, 22 Amend",https://ecf-api.easyvoteapp.com/documents/DCE1EEC0-77CF-4DCB-B60F-558EEEBD3C6C/viewfinalredactedpdf,2026-08-01,scanned,tesseract OCR (pdftoppm 300dpi),raw/easyvote/Muir-David__DCE1EEC0.pdf,easyvote,DCE1EEC0-77CF-4DCB-B60F-558EEEBD3C6C,d8ffbfe14146c0ffdf5307d7b6dc28da8accbbe0aabf8528718eb2f95c558e29,Candidate,no,no
2023-01-05,"Muir, David",Auditor,,2022,interim,Final / Dissolution 12-31-22,"Muir, David (Salt Lake County Auditor) — Final / Dissolution 12-31-22",https://ecf-api.easyvoteapp.com/documents/EB6333D9-78D3-4BBB-AC19-614D759F0A39/viewfinalredactedpdf,2026-08-01,scanned,tesseract OCR (pdftoppm 300dpi),raw/easyvote/Muir-David__EB6333D9.pdf,easyvote,EB6333D9-78D3-4BBB-AC19-614D759F0A39,faa2e2e9a957777e6154989fdaaec81c54c4248b72396a7c81702f1a209ffcfa,Candidate,no,no
2022-10-31,"Muir, David",Auditor,,2022,interim,Oct 31 report,"Muir, David (Salt Lake County Auditor) — Oct 31 report",https://ecf-api.easyvoteapp.com/documents/FE6B478C-CCA2-40DD-A355-F49934EB3E0C/viewfinalredactedpdf,2026-08-01,scanned,tesseract OCR (pdftoppm 300dpi),raw/easyvote/Muir-David__FE6B478C.pdf,easyvote,FE6B478C-CCA2-40DD-A355-F49934EB3E0C,2582744d4c9c0a80a5072f8a9856ec2a4dffbcb62c11077b6425dfae96915783,Candidate,no,no
2022-09-24,"Rivera, Rosie",Sheriff,,2022,interim,June report,"Rivera, Rosie (Salt Lake County Sheriff) — June report",https://ecf-api.easyvoteapp.com/documents/2754C408-DA1B-4383-A86C-D9F27B143C19/viewfinalredactedpdf,2026-08-01,scanned,tesseract OCR (pdftoppm 300dpi),raw/easyvote/Rivera-Rosie__2754C408.pdf,easyvote,2754C408-DA1B-4383-A86C-D9F27B143C19,21def6ca1055cf3504186e007c1412c4b45110bf34f7b3e89eb4002419221287,Incumbent,no,no
2022-09-24,"Rivera, Rosie",Sheriff,,2022,interim,"September 15, 2022","Rivera, Rosie (Salt Lake County Sheriff) — September 15, 2022",https://ecf-api.easyvoteapp.com/documents/64901CA6-6887-4D64-9B15-A1D65BEB1763/viewfinalredactedpdf,2026-08-01,scanned,tesseract OCR (pdftoppm 300dpi),raw/easyvote/Rivera-Rosie__64901CA6.pdf,easyvote,64901CA6-6887-4D64-9B15-A1D65BEB1763,8bddf746b8eb14bfc3fe3e2e31f1835a8554f76135a5f0830b1d9e35a1f12fbb,Incumbent,no,no
2023-01-30,"Rivera, Rosie",Sheriff,,2022,interim,End of Year Report,"Rivera, Rosie (Salt Lake County Sheriff) — End of Year Report",https://ecf-api.easyvoteapp.com/documents/7640BBBA-4939-4C5B-ABBF-B5FC2A558FF8/viewfinalredactedpdf,2026-08-01,scanned,tesseract OCR (pdftoppm 300dpi),raw/easyvote/Rivera-Rosie__7640BBBA.pdf,easyvote,7640BBBA-4939-4C5B-ABBF-B5FC2A558FF8,c902173ad8f11a643d5e102fd663167191da182a21f0fd6ba1bf6bfab6e80db9,Incumbent,no,no
2022-06-20,"Rivera, Rosie",Sheriff,,2022,interim,June report,"Rivera, Rosie (Salt Lake County Sheriff) — June report",https://ecf-api.easyvoteapp.com/documents/8108996C-62C6-403A-8EAA-E4258CB7125A/viewfinalredactedpdf,2026-08-01,scanned,tesseract OCR (pdftoppm 300dpi),raw/easyvote/Rivera-Rosie__8108996C.pdf,easyvote,8108996C-62C6-403A-8EAA-E4258CB7125A,884b7a11226b77d83eee4a43f662f3d1aecd249e6541f22a5f543bc84c624b51,Incumbent,no,no
2022-09-24,"Rivera, Rosie",Sheriff,,2022,interim,"April 5, 2022","Rivera, Rosie (Salt Lake County Sheriff) — April 5, 2022",https://ecf-api.easyvoteapp.com/documents/A82BF321-B399-4441-989D-F92DD15ECEAC/viewfinalredactedpdf,2026-08-01,scanned,tesseract OCR (pdftoppm 300dpi),raw/easyvote/Rivera-Rosie__A82BF321.pdf,easyvote,A82BF321-B399-4441-989D-F92DD15ECEAC,a627d69ae47417e839faea00a10f0b5e6c016e1cceefec7c5b6a30a9b5978204,Incumbent,no,no
2022-09-14,"Rivera, Rosie",Sheriff,,2022,interim,September 15,"Rivera, Rosie (Salt Lake County Sheriff) — September 15",https://ecf-api.easyvoteapp.com/documents/AEDF400A-D968-40A5-BC4B-23F9287891B3/viewfinalredactedpdf,2026-08-01,scanned,tesseract OCR (pdftoppm 300dpi),raw/easyvote/Rivera-Rosie__AEDF400A.pdf,easyvote,AEDF400A-D968-40A5-BC4B-23F9287891B3,fe9e8c37b03b66a5bd5e7b8a70ddf08290c606cf68c8169ed61aad06bdea71c9,Incumbent,no,no
2022-10-31,"Rivera, Rosie",Sheriff,,2022,interim,November 1,"Rivera, Rosie (Salt Lake County Sheriff) — November 1",https://ecf-api.easyvoteapp.com/documents/D2DB29CC-DAAC-422F-A1FD-75588324C8C1/viewfinalredactedpdf,2026-08-01,scanned,tesseract OCR (pdftoppm 300dpi),raw/easyvote/Rivera-Rosie__D2DB29CC.pdf,easyvote,D2DB29CC-DAAC-422F-A1FD-75588324C8C1,b90ca035818c3b65ec1ecf051eedf67f1c5b9a0bf15b8b7ea7bd0f3e5b25df0c,Incumbent,no,no
2022-04-25,"Rivera, Rosie",Sheriff,,2022,interim,April 5,"Rivera, Rosie (Salt Lake County Sheriff) — April 5",https://ecf-api.easyvoteapp.com/documents/E3F0DBD0-6079-4241-8255-4A4B2A7D081A/viewfinalredactedpdf,2026-08-01,scanned,tesseract OCR (pdftoppm 300dpi),raw/easyvote/Rivera-Rosie__E3F0DBD0.pdf,easyvote,E3F0DBD0-6079-4241-8255-4A4B2A7D081A,b19952809475b8d298e93308698bb85721c423f51a5a737639e86ff63af2dc85,Incumbent,no,no
2022-06-28,"Rivera, Rosie",Sheriff,,2022,interim,April 5 Amended,"Rivera, Rosie (Salt Lake County Sheriff) — April 5 Amended",https://ecf-api.easyvoteapp.com/documents/F9736DDB-664A-46F9-AE48-B9F1E115B163/viewfinalredactedpdf,2026-08-01,scanned,tesseract OCR (pdftoppm 300dpi),raw/easyvote/Rivera-Rosie__F9736DDB.pdf,easyvote,F9736DDB-664A-46F9-AE48-B9F1E115B163,1d86f9e3351446f1ea74c97fad3b421559566d1765c5d580336631e19528b581,Incumbent,no,no
2022-09-22,"Roberts, Nicholas",Sheriff,,2022,interim,Sept 3,"Roberts, Nicholas (Salt Lake County Sheriff) — Sept 3",https://ecf-api.easyvoteapp.com/documents/3BD6B7CD-5F3E-433C-992E-76D0760B3200/viewfinalredactedpdf,2026-08-01,scanned,tesseract OCR (pdftoppm 300dpi),raw/easyvote/Roberts-Nicholas__3BD6B7CD.pdf,easyvote,3BD6B7CD-5F3E-433C-992E-76D0760B3200,8affb05eb6e6026e99127d6ce6bab428af476d1c28b0310d69bad3684c96df2c,Candidate,no,no
2022-06-21,"Roberts, Nicholas",Sheriff,,2022,interim,June Report,"Roberts, Nicholas (Salt Lake County Sheriff) — June Report",https://ecf-api.easyvoteapp.com/documents/43DAC13D-42A3-48DD-82D9-30D7FE30C441/viewfinalredactedpdf,2026-08-01,scanned,tesseract OCR (pdftoppm 300dpi),raw/easyvote/Roberts-Nicholas__43DAC13D.pdf,easyvote,43DAC13D-42A3-48DD-82D9-30D7FE30C441,75068690b25164e5c95949ff377a14219cfc970838b47f5cdbbdcd162398e770,Candidate,no,no
2022-09-21,"Roberts, Nicholas",Sheriff,,2022,interim,Sept 15 2,"Roberts, Nicholas (Salt Lake County Sheriff) — Sept 15 2",https://ecf-api.easyvoteapp.com/documents/4860B0A1-2D92-4B2E-AAC6-08A9B7DE650B/viewfinalredactedpdf,2026-08-01,scanned,tesseract OCR (pdftoppm 300dpi),raw/easyvote/Roberts-Nicholas__4860B0A1.pdf,easyvote,4860B0A1-2D92-4B2E-AAC6-08A9B7DE650B,0eb5171a36f9fa613c9b0e6bcaef647546fb8085688a8bbef15cc40c71f454ad,Candidate,no,no
2022-04-04,"Roberts, Nicholas",Sheriff,,2022,interim,Nicholas Roberts first filing 5 April 2022,"Roberts, Nicholas (Salt Lake County Sheriff) — Nicholas Roberts first filing 5 April 2022",https://ecf-api.easyvoteapp.com/documents/567F127B-9409-47E2-B14E-D156E3E47142/viewfinalredactedpdf,2026-08-01,scanned,tesseract OCR (pdftoppm 300dpi),raw/easyvote/Roberts-Nicholas__567F127B.pdf,easyvote,567F127B-9409-47E2-B14E-D156E3E47142,337209b6e3cec59bf8d3a5d9a502e5cfb21f8c43aa00b11d9f6990f5ef910a03,Candidate,no,no
2022-09-15,"Roberts, Nicholas",Sheriff,,2022,interim,Sept 15,"Roberts, Nicholas (Salt Lake County Sheriff) — Sept 15",https://ecf-api.easyvoteapp.com/documents/655D1B7D-BAAB-4668-A295-E518C1851639/viewfinalredactedpdf,2026-08-01,scanned,tesseract OCR (pdftoppm 300dpi),raw/easyvote/Roberts-Nicholas__655D1B7D.pdf,easyvote,655D1B7D-BAAB-4668-A295-E518C1851639,fc6caec945b67575f62791beea25b9026aa1ca1b9f5e77b380abc3feae838115,Candidate,no,no
2022-10-31,"Roberts, Nicholas",Sheriff,,2022,interim,Nov 1st 2022,"Roberts, Nicholas (Salt Lake County Sheriff) — Nov 1st 2022",https://ecf-api.easyvoteapp.com/documents/C287543B-7795-4DAE-BF00-FC0E10FB0A65/viewfinalredactedpdf,2026-08-01,scanned,tesseract OCR (pdftoppm 300dpi),raw/easyvote/Roberts-Nicholas__C287543B.pdf,easyvote,C287543B-7795-4DAE-BF00-FC0E10FB0A65,9e05be6d267dfa31cacf9f089e49452d1b0086905350b38878777b0b6afa1b72,Candidate,no,no
2023-01-31,"Roberts, Nicholas",Sheriff,,2022,interim,Jan312023,"Roberts, Nicholas (Salt Lake County Sheriff) — Jan312023",https://ecf-api.easyvoteapp.com/documents/F513FF3A-1256-47DF-A2F7-B78D81589A30/viewfinalredactedpdf,2026-08-01,scanned,tesseract OCR (pdftoppm 300dpi),raw/easyvote/Roberts-Nicholas__F513FF3A.pdf,easyvote,F513FF3A-1256-47DF-A2F7-B78D81589A30,dee09431dd0958f873daff8d15a217c2458051c9fd751dc31b1a843fa8c6994a,Candidate,no,no
2023-01-23,Sherrie Swensen,Clerk,,2022,interim,Sherrie Swensen- Dissolution,Sherrie Swensen (Salt Lake County Clerk) — Sherrie Swensen- Dissolution,https://ecf-api.easyvoteapp.com/documents/56E26BA7-F919-4B00-835E-62D87D809BC6/viewfinalredactedpdf,2026-08-01,scanned,tesseract OCR (pdftoppm 300dpi),raw/easyvote/Sherrie-Swensen__56E26BA7.pdf,easyvote,56E26BA7-F919-4B00-835E-62D87D809BC6,d2d0f954ea6a0af71619bba75da41f128c127134a9c3bf07337c1bc7e64ece98,Incumbent,no,no
2022-06-15,"Snelgrove, Richard ",County Council,At-Large B,2022,interim,snelgrove june report,"Snelgrove, Richard  (Salt Lake County Council At-Large B) — snelgrove june report",https://ecf-api.easyvoteapp.com/documents/4243396C-9BB9-48DC-A28E-DF17EE823518/viewfinalredactedpdf,2026-08-01,scanned,tesseract OCR (pdftoppm 300dpi),raw/easyvote/Snelgrove-Richard__4243396C.pdf,easyvote,4243396C-9BB9-48DC-A28E-DF17EE823518,fd7601f566487bb882c8400fd07b448a8a5a4d66f2ee90c8e357259ef762e2e9,Campaign,no,no
2022-04-05,"Snelgrove, Richard ",County Council,At-Large B,2022,interim,"April 5, 2022","Snelgrove, Richard  (Salt Lake County Council At-Large B) — April 5, 2022",https://ecf-api.easyvoteapp.com/documents/6D0CE8CD-5541-46A0-8B83-2D0CD9988D76/viewfinalredactedpdf,2026-08-01,scanned,tesseract OCR (pdftoppm 300dpi),raw/easyvote/Snelgrove-Richard__6D0CE8CD.pdf,easyvote,6D0CE8CD-5541-46A0-8B83-2D0CD9988D76,61d5d2e7e360429ab73a6e5a28b4d468e202b343821729f3de929cf971d8e5e9,Campaign,no,no
2022-10-31,"Snelgrove, Richard ",County Council,At-Large B,2022,interim,November1,"Snelgrove, Richard  (Salt Lake County Council At-Large B) — November1",https://ecf-api.easyvoteapp.com/documents/79278E67-D9B5-4518-B6C7-ED444522A54E/viewfinalredactedpdf,2026-08-01,scanned,tesseract OCR (pdftoppm 300dpi),raw/easyvote/Snelgrove-Richard__79278E67.pdf,easyvote,79278E67-D9B5-4518-B6C7-ED444522A54E,781e9c6c6e9ccc92b9897b3ad3421d69c20735456bad76a25c496d7c2da1914d,Campaign,no,no
2023-01-30,"Snelgrove, Richard ",County Council,At-Large B,2022,interim,"January 31,2023","Snelgrove, Richard  (Salt Lake County Council At-Large B) — January 31,2023",https://ecf-api.easyvoteapp.com/documents/960B73E2-63CD-4A49-8127-92D01B6655FA/viewfinalredactedpdf,2026-08-01,scanned,tesseract OCR (pdftoppm 300dpi),raw/easyvote/Snelgrove-Richard__960B73E2.pdf,easyvote,960B73E2-63CD-4A49-8127-92D01B6655FA,9ac02d697b34e08f7bffdc87b9cdd63ef932979e2e9b103f38585525d5fa0517,Campaign,no,no
2022-09-12,"Snelgrove, Richard ",County Council,At-Large B,2022,interim,September 15 report,"Snelgrove, Richard  (Salt Lake County Council At-Large B) — September 15 report",https://ecf-api.easyvoteapp.com/documents/EA0B69D6-4D25-48C4-8E42-31F1104154B1/viewfinalredactedpdf,2026-08-01,scanned,tesseract OCR (pdftoppm 300dpi),raw/easyvote/Snelgrove-Richard__EA0B69D6.pdf,easyvote,EA0B69D6-4D25-48C4-8E42-31F1104154B1,9906ea3e521a50633c32416b65c4d546858faedba5b1fe57585bb04fdd30242c,Campaign,no,no
2022-06-17,"Soelberg, Kerry",County Council,,2022,interim,June21 2022,"Soelberg, Kerry (County Council District) — June21 2022",https://ecf-api.easyvoteapp.com/documents/15DD60FD-0930-4D1D-AFBF-8D8E8CA343E0/viewfinalredactedpdf,2026-08-01,scanned,tesseract OCR (pdftoppm 300dpi),raw/easyvote/Soelberg-Kerry__15DD60FD.pdf,easyvote,15DD60FD-0930-4D1D-AFBF-8D8E8CA343E0,da8a8616b056060370b8514703cd9983a9130e0551ec6a6e2edf3d5979151ebc,Candidate,no,no
2022-09-14,"Soelberg, Kerry",County Council,,2022,interim,SeptFinancialrpt22,"Soelberg, Kerry (County Council District) — SeptFinancialrpt22",https://ecf-api.easyvoteapp.com/documents/2AF5269B-0BF6-4AE7-9DC6-62EED309756F/viewfinalredactedpdf,2026-08-01,scanned,tesseract OCR (pdftoppm 300dpi),raw/easyvote/Soelberg-Kerry__2AF5269B.pdf,easyvote,2AF5269B-0BF6-4AE7-9DC6-62EED309756F,a876ef112e78931b55cb43d3318dc1107797a14739a0ab24080fd8f18943ef42,Candidate,no,no
2022-10-28,"Soelberg, Kerry",County Council,,2022,interim,NovFinancial2022,"Soelberg, Kerry (County Council District) — NovFinancial2022",https://ecf-api.easyvoteapp.com/documents/65A89113-EDE1-41E6-8CAE-1A36C1323CD6/viewfinalredactedpdf,2026-08-01,scanned,tesseract OCR (pdftoppm 300dpi),raw/easyvote/Soelberg-Kerry__65A89113.pdf,easyvote,65A89113-EDE1-41E6-8CAE-1A36C1323CD6,1bd091ebd4a361379a857fdb6ce9e30992584eb1a2695fd69a879c114cb82a42,Candidate,no,no
2022-04-01,"Soelberg, Kerry",County Council,,2022,interim,SoelbergFinancial4-22,"Soelberg, Kerry (County Council District) — SoelbergFinancial4-22",https://ecf-api.easyvoteapp.com/documents/BAD7DE9C-82D2-4A62-B00C-744A29112BDA/viewfinalredactedpdf,2026-08-01,scanned,tesseract OCR (pdftoppm 300dpi),raw/easyvote/Soelberg-Kerry__BAD7DE9C.pdf,easyvote,BAD7DE9C-82D2-4A62-B00C-744A29112BDA,5670c1ad054dc3f1c743ab4361f63cb6fdc114101ba51e6eddf07442cad1c22b,Candidate,no,no
2022-09-14,"Soelberg, Kerry",County Council,,2022,interim,SoelbergFinancialApr22,"Soelberg, Kerry (County Council District) — SoelbergFinancialApr22",https://ecf-api.easyvoteapp.com/documents/FDC1D373-B2A4-4FA7-A43C-106E6251A506/viewfinalredactedpdf,2026-08-01,scanned,tesseract OCR (pdftoppm 300dpi),raw/easyvote/Soelberg-Kerry__FDC1D373.pdf,easyvote,FDC1D373-B2A4-4FA7-A43C-106E6251A506,58ab4a342b0107d959ebc583c5f5c1bf2317536843f2b5a6c82e66d38969c5b2,Candidate,no,no
2023-01-25,"Stavros, Christopher",Assessor,,2022,interim,ChrisStavrosAssessorDisclosure2022.xls,"Stavros, Christopher (Salt Lake County Assessor) — ChrisStavrosAssessorDisclosure2022.xls",https://ecf-api.easyvoteapp.com/documents/97EC5759-55DA-46D2-BE4E-B4BCB7075109/viewfinalredactedpdf,2026-08-01,scanned,tesseract OCR (pdftoppm 300dpi),raw/easyvote/Stavros-Christopher__97EC5759.pdf,easyvote,97EC5759-55DA-46D2-BE4E-B4BCB7075109,b5259561279b3273c4a67e4537eda0431ba7dc4240d84234895b42bab5aaefa5,Officeholder,no,no
2023-01-31,"Stringham, Laurie",County Council,At-Large A,2022,interim,Year-End Report,"Stringham, Laurie (Salt Lake County Council At-Large A) — Year-End Report",https://ecf-api.easyvoteapp.com/documents/8CD1F961-1C38-498B-87A9-F25602A57A70/viewfinalredactedpdf,2026-08-01,scanned,tesseract OCR (pdftoppm 300dpi),raw/easyvote/Stringham-Laurie__8CD1F961.pdf,easyvote,8CD1F961-1C38-498B-87A9-F25602A57A70,f9e17b718514f3ca5a3d2638d3172f869e0fac5308590f02db454c8a9416ec9d,Incumbent,no,no
2023-01-31,"Theodore, Dea",County Council,District 6,2022,interim,Year-End Report,"Theodore, Dea (Salt Lake County Council District 6) — Year-End Report",https://ecf-api.easyvoteapp.com/documents/A48BF68B-1F89-466E-A79E-7F007C7BA204/viewfinalredactedpdf,2026-08-01,scanned,tesseract OCR (pdftoppm 300dpi),raw/easyvote/Theodore-Dea__A48BF68B.pdf,easyvote,A48BF68B-1F89-466E-A79E-7F007C7BA204,fd0bcea14ad36874b5d60d87b9694c0a1bd82471f4d6cd867fa9b097ae618f35,Officeholder,no,no
2023-01-31,"Wilson, Jennifer",Mayor,,2022,interim,2023_01_31_Wilson_Disclosures,"Wilson, Jennifer (Salt Lake County Mayor) — 2023_01_31_Wilson_Disclosures",https://ecf-api.easyvoteapp.com/documents/B0E4DD8D-5777-4A17-890A-A73307635570/viewfinalredactedpdf,2026-08-01,scanned,tesseract OCR (pdftoppm 300dpi),raw/easyvote/Wilson-Jennifer__B0E4DD8D.pdf,easyvote,B0E4DD8D-5777-4A17-890A-A73307635570,64ef6a9698ecd2a2823b2399fbd4475b9292e4822b49faa66c03f2814fa59edb,Incumbent,no,no
2023-01-31,"Wilson, Jennifer",Mayor,,2022,interim,2021_02_01_Wilson_Disclosures_amended,"Wilson, Jennifer (Salt Lake County Mayor) — 2021_02_01_Wilson_Disclosures_amended",https://ecf-api.easyvoteapp.com/documents/CE8EF5B5-BF84-4B32-A048-B67860E1AA08/viewfinalredactedpdf,2026-08-01,scanned,tesseract OCR (pdftoppm 300dpi),raw/easyvote/Wilson-Jennifer__CE8EF5B5.pdf,easyvote,CE8EF5B5-BF84-4B32-A048-B67860E1AA08,74eb1bba376b8bb3430f9c6056a86ad3df352c702d6f829586ef449d269ef7d2,Incumbent,no,no
2022-10-29,"Winder Newton, Aimee",County Council,District 3,2022,interim,Nov 1 disclosures,"Winder Newton, Aimee (Salt Lake County Council District 3) — Nov 1 disclosures",https://ecf-api.easyvoteapp.com/documents/0844307B-FB2B-4255-813B-33AE663AB37E/viewfinalredactedpdf,2026-08-01,scanned,tesseract OCR (pdftoppm 300dpi),raw/easyvote/Winder-Newton-Aimee__0844307B.pdf,easyvote,0844307B-FB2B-4255-813B-33AE663AB37E,8f4894a8a7108ed3a782bf47664b22223921fe972b55403598c5dee9abc54413,Officeholder,no,no
2022-06-02,"Winder Newton, Aimee",County Council,District 3,2022,interim,voteawn@gmail.com,"Winder Newton, Aimee (Salt Lake County Council District 3) — voteawn@gmail.com",https://ecf-api.easyvoteapp.com/documents/5CFE1D77-36A3-40DD-BF02-D3447585F261/viewfinalredactedpdf,2026-08-01,scanned,tesseract OCR (pdftoppm 300dpi),raw/easyvote/Winder-Newton-Aimee__5CFE1D77.pdf,easyvote,5CFE1D77-36A3-40DD-BF02-D3447585F261,06924a7ba21abfaac6f490936a918fa1a38c8e7676310797420bede02f9d007f,Officeholder,no,no
2022-04-03,"Winder Newton, Aimee",County Council,District 3,2022,interim,Jan-Apr disclosures,"Winder Newton, Aimee (Salt Lake County Council District 3) — Jan-Apr disclosures",https://ecf-api.easyvoteapp.com/documents/A0E918D9-E486-4BD4-8BAD-D452B2CB2DDB/viewfinalredactedpdf,2026-08-01,scanned,tesseract OCR (pdftoppm 300dpi),raw/easyvote/Winder-Newton-Aimee__A0E918D9.pdf,easyvote,A0E918D9-E486-4BD4-8BAD-D452B2CB2DDB,54d1b35dfdcea4be2f268b1e169c0b1078ecb483295f95a0973b438e264b1346,Officeholder,no,no
2022-09-15,"Winder Newton, Aimee",County Council,District 3,2022,interim,"September 15, 2022","Winder Newton, Aimee (Salt Lake County Council District 3) — September 15, 2022",https://ecf-api.easyvoteapp.com/documents/B8E9095C-D070-4997-8EE3-28B2ADBDF776/viewfinalredactedpdf,2026-08-01,scanned,tesseract OCR (pdftoppm 300dpi),raw/easyvote/Winder-Newton-Aimee__B8E9095C.pdf,easyvote,B8E9095C-D070-4997-8EE3-28B2ADBDF776,34789c2a8aa086bebe2f95a13379fb35b6e7f7d3e8cf5e6b05df387b327d1eed,Officeholder,no,no
2023-01-17,"Winder Newton, Aimee",County Council,District 3,2022,interim,End of year 2022,"Winder Newton, Aimee (Salt Lake County Council District 3) — End of year 2022",https://ecf-api.easyvoteapp.com/documents/E8ABCF06-9B76-4B71-BDAC-7AC9717AD025/viewfinalredactedpdf,2026-08-01,scanned,tesseract OCR (pdftoppm 300dpi),raw/easyvote/Winder-Newton-Aimee__E8ABCF06.pdf,easyvote,E8ABCF06-9B76-4B71-BDAC-7AC9717AD025,4f6c67756ba793286efb04b19d0379aff83fda169ec72bafbb11433bc3a7223d,Officeholder,no,no
2024-01-17,"Andrus, Tyler",Assessor,,2024,interim,2022,"Andrus, Tyler (Salt Lake County Assessor) — 2022",https://ecf-api.easyvoteapp.com/documents/439EA5F3-83EC-4170-9B20-93B0165AAF08/viewfinalredactedpdf,2026-08-01,scanned,tesseract OCR (pdftoppm 300dpi),raw/easyvote/Andrus-Tyler__439EA5F3.pdf,easyvote,439EA5F3-83EC-4170-9B20-93B0165AAF08,c751bf7aa37f6d17cc9ba6a78a964db30d4772238c2bf24f2ac7dba8758409b8,Campaign,no,no
2025-01-27,"Andrus, Tyler",Assessor,,2024,interim,2024,"Andrus, Tyler (Salt Lake County Assessor) — 2024",https://ecf-api.easyvoteapp.com/documents/543D4DC2-53AD-430B-B6A1-FB5FDDB5B3A7/viewfinalredactedpdf,2026-08-01,scanned,tesseract OCR (pdftoppm 300dpi),raw/easyvote/Andrus-Tyler__543D4DC2.pdf,easyvote,543D4DC2-53AD-430B-B6A1-FB5FDDB5B3A7,3341cb05cb1c07ed44f7180c775a9e53e0ab7f28507ca54f2ab8b706279f6d01,Campaign,no,no
2025-01-31,"Bradshaw, Arlyn",County Council,District 1,2024,interim,"January 31, 2025","Bradshaw, Arlyn (Salt Lake County Council District 1) — January 31, 2025",https://ecf-api.easyvoteapp.com/documents/40C7F8B8-04FD-4483-9F63-1B1C4F21F00D/viewfinalredactedpdf,2026-08-01,scanned,tesseract OCR (pdftoppm 300dpi),raw/easyvote/Bradshaw-Arlyn__40C7F8B8.pdf,easyvote,40C7F8B8-04FD-4483-9F63-1B1C4F21F00D,b1e34129b6cfd059d767b6656fcdb9619333cdc36027b5c58f4bac37b80e0ac4,Campaign,no,no
2024-01-31,"Bradshaw, Arlyn",County Council,District 1,2024,interim,"January 31, 2024","Bradshaw, Arlyn (Salt Lake County Council District 1) — January 31, 2024",https://ecf-api.easyvoteapp.com/documents/5BBA3C74-5E4B-43AD-B2FC-7D14F77E2506/viewfinalredactedpdf,2026-08-01,scanned,tesseract OCR (pdftoppm 300dpi),raw/easyvote/Bradshaw-Arlyn__5BBA3C74.pdf,easyvote,5BBA3C74-5E4B-43AD-B2FC-7D14F77E2506,69d8950d1226c9bc95ede25b64cccab0b45e241ebe8193982e85bfe41f9c3f0a,Campaign,no,no
2024-04-04,"Brown, Deondra",County Council,At-Large C,2024,interim,"April 5, 2024","Brown, Deondra (Salt Lake County Council At-Large C) — April 5, 2024",https://ecf-api.easyvoteapp.com/documents/833F5FBB-5249-4FA3-BFB1-1CBBDD01E546/viewfinalredactedpdf,2026-08-01,scanned,tesseract OCR (pdftoppm 300dpi),raw/easyvote/Brown-Deondra__833F5FBB.pdf,easyvote,833F5FBB-5249-4FA3-BFB1-1CBBDD01E546,e799e95223bd26f3ce2b734b5cec2e41b4e429f2533436b5371cfde8d23d1510,Campaign,no,yes
2024-06-17,"Brown, Deondra",County Council,At-Large C,2024,interim,Primary Report,"Brown, Deondra (Salt Lake County Council At-Large C) — Primary Report",https://ecf-api.easyvoteapp.com/documents/982273AF-F898-4921-8517-AB669A16F867/viewfinalredactedpdf,2026-08-01,scanned,tesseract OCR (pdftoppm 300dpi),raw/easyvote/Brown-Deondra__982273AF.pdf,easyvote,982273AF-F898-4921-8517-AB669A16F867,2f9b7d114bad74b01661303e2b81608a10d67228225b830152523dc04170d245,Campaign,no,no
2024-01-26,"Brown, Deondra",County Council,At-Large C,2024,interim,2023 Itemized Campaign Financials,"Brown, Deondra (Salt Lake County Council At-Large C) — 2023 Itemized Campaign Financials",https://ecf-api.easyvoteapp.com/documents/E48B200D-2AC4-4983-AEF5-957D52C65D85/viewfinalredactedpdf,2026-08-01,scanned,tesseract OCR (pdftoppm 300dpi),raw/easyvote/Brown-Deondra__E48B200D.pdf,easyvote,E48B200D-2AC4-4983-AEF5-957D52C65D85,fefb86c3f24d81daf0afb5d55a375afa02986973e11c0cd7e3cb7bfa0c61cbf0,Campaign,no,yes
2024-06-24,"Carey, Michael",County Council,At-Large,2024,interim,2024-06-18  MC4CC  Amended,"Carey, Michael (County Council At-Large) — 2024-06-18  MC4CC  Amended",https://ecf-api.easyvoteapp.com/documents/01F8BD37-77C2-40EA-AD1A-FB8F5E32754D/viewfinalredactedpdf,2026-08-01,scanned,tesseract OCR (pdftoppm 300dpi),raw/easyvote/Carey-Michael__01F8BD37.pdf,easyvote,01F8BD37-77C2-40EA-AD1A-FB8F5E32754D,105742a615b58195869b087c7740032c63f13196ec60e77080ceea546b82bfe3,Candidate,no,no
2024-06-24,"Carey, Michael",County Council,At-Large,2024,interim,2024-04-05  MC4CC Amended,"Carey, Michael (County Council At-Large) — 2024-04-05  MC4CC Amended",https://ecf-api.easyvoteapp.com/documents/0EAE24A1-347F-4A6C-968D-A956766F645D/viewfinalredactedpdf,2026-08-01,scanned,tesseract OCR (pdftoppm 300dpi),raw/easyvote/Carey-Michael__0EAE24A1.pdf,easyvote,0EAE24A1-347F-4A6C-968D-A956766F645D,a05a5950eadbb8c84f0602076fd7a18094194ce36e3e771ebb4a4b8306100c69,Candidate,no,no
2024-06-18,"Carey, Michael",County Council,At-Large,2024,interim,2024-06-18 MC4CC Filing,"Carey, Michael (County Council At-Large) — 2024-06-18 MC4CC Filing",https://ecf-api.easyvoteapp.com/documents/497B7328-D260-4A7E-AD24-595DA7A12D6A/viewfinalredactedpdf,2026-08-01,scanned,tesseract OCR (pdftoppm 300dpi),raw/easyvote/Carey-Michael__497B7328.pdf,easyvote,497B7328-D260-4A7E-AD24-595DA7A12D6A,b6156477054848510a792217fb7c2405f49175de55c4ab99ce3bb3a6e3d1846d,Candidate,no,yes
2025-01-02,"Carey, Michael",County Council,At-Large,2024,interim,2024 MC4CC Campaign - Final Disclosures,"Carey, Michael (County Council At-Large) — 2024 MC4CC Campaign - Final Disclosures",https://ecf-api.easyvoteapp.com/documents/B05EC3D1-9ED7-404D-9560-CF445CBDDE4C/viewfinalredactedpdf,2026-08-01,scanned,tesseract OCR (pdftoppm 300dpi),raw/easyvote/Carey-Michael__B05EC3D1.pdf,easyvote,B05EC3D1-9ED7-404D-9560-CF445CBDDE4C,1a315bc7c2b3178fd5c733c4e0e03619148fc68e37d42177f25870e4854b5335,Candidate,no,yes
2024-04-05,"Carey, Michael",County Council,At-Large,2024,interim,2024-02-05 MC4CC Filing,"Carey, Michael (County Council At-Large) — 2024-02-05 MC4CC Filing",https://ecf-api.easyvoteapp.com/documents/C8ACD5B0-ED2A-4C6B-A4BA-9880FA970808/viewfinalredactedpdf,2026-08-01,scanned,tesseract OCR (pdftoppm 300dpi),raw/easyvote/Carey-Michael__C8ACD5B0.pdf,easyvote,C8ACD5B0-ED2A-4C6B-A4BA-9880FA970808,9934240bb0091ae4cbacedd17ee2c962c8ca0415499d8e500e9d80ef9289fb0b,Candidate,no,yes
2025-01-31,"Chapman, Lannie",Clerk,,2024,interim,Lannieforclerk@gmail.com,"Chapman, Lannie (Salt Lake County Clerk) — Lannieforclerk@gmail.com",https://ecf-api.easyvoteapp.com/documents/A0B4C05A-3FC2-48F9-A775-1854DE96EB90/viewfinalredactedpdf,2026-08-01,scanned,tesseract OCR (pdftoppm 300dpi),raw/easyvote/Chapman-Lannie__A0B4C05A.pdf,easyvote,A0B4C05A-3FC2-48F9-A775-1854DE96EB90,d3f835a9a06abadb5410885c07dda1f007796467cf5eeb9390bb8334c9efa7b4,Incumbent,no,yes
2024-01-25,"Chapman, Lannie",Clerk,,2024,interim,1/31/24 Disclosure,"Chapman, Lannie (Salt Lake County Clerk) — 1/31/24 Disclosure",https://ecf-api.easyvoteapp.com/documents/C70160CC-E24F-46DA-A766-DEE4729E3031/viewfinalredactedpdf,2026-08-01,scanned,tesseract OCR (pdftoppm 300dpi),raw/easyvote/Chapman-Lannie__C70160CC.pdf,easyvote,C70160CC-E24F-46DA-A766-DEE4729E3031,931cd5ed10ee10c722f07455c0147ed29fbb3d87a6126a71ac6031d1022eec2c,Incumbent,no,yes
2024-01-09,Committee to Elect Sheldon Stewart,County Council,District 5,2024,interim,2023SheldonStewartYearEndCampaignDisclosure,Committee to Elect Sheldon Stewart (Salt Lake County Council District 5) — 2023SheldonStewartYearEndCampaignDisclosure,https://ecf-api.easyvoteapp.com/documents/9696B62E-BD7C-4CBE-9FF3-99F253A36B4E/viewfinalredactedpdf,2026-08-01,scanned,tesseract OCR (pdftoppm 300dpi),raw/easyvote/Committee-to-Elect-Sheldon-Stewart__9696B62E.pdf,easyvote,9696B62E-BD7C-4CBE-9FF3-99F253A36B4E,c897cc5080172856c06e001c5e17dd1786a6c49212e89917a6e2094fbc9084e8,Officeholder,no,no
2025-01-08,Committee to Elect Sheldon Stewart,County Council,District 5,2024,interim,2024YearEndFiling,Committee to Elect Sheldon Stewart (Salt Lake County Council District 5) — 2024YearEndFiling,https://ecf-api.easyvoteapp.com/documents/D49C4940-0B46-4C74-A52B-9F1D377D2172/viewfinalredactedpdf,2026-08-01,scanned,tesseract OCR (pdftoppm 300dpi),raw/easyvote/Committee-to-Elect-Sheldon-Stewart__D49C4940.pdf,easyvote,D49C4940-0B46-4C74-A52B-9F1D377D2172,c078966e7c32147480c595ae732166cd347419900932151923b538133207b84a,Officeholder,no,no
2024-06-18,"Conder, Phil",Treasurer,,2024,interim,Primary 2024,"Conder, Phil (Salt Lake County Treasurer) — Primary 2024",https://ecf-api.easyvoteapp.com/documents/05CA701F-CADA-4E1C-B771-66698B5727A3/viewfinalredactedpdf,2026-08-01,scanned,tesseract OCR (pdftoppm 300dpi),raw/easyvote/Conder-Phil__05CA701F.pdf,easyvote,05CA701F-CADA-4E1C-B771-66698B5727A3,bcf28f1fdd7c90d7817505ca25955f8f5140894ea4f2ff6a66c27ae1537849e0,Campaign,no,yes
2024-04-03,"Conder, Phil",Treasurer,,2024,interim,Convention 2024,"Conder, Phil (Salt Lake County Treasurer) — Convention 2024",https://ecf-api.easyvoteapp.com/documents/12F26E7B-FCBE-4943-B575-6EB5B042EFD5/viewfinalredactedpdf,2026-08-01,scanned,tesseract OCR (pdftoppm 300dpi),raw/easyvote/Conder-Phil__12F26E7B.pdf,easyvote,12F26E7B-FCBE-4943-B575-6EB5B042EFD5,98da159695592b594fa751658f70887384f4517e838859eafbb49ff00965087d,Campaign,no,no
2024-10-29,"Conder, Phil",Treasurer,,2024,interim,phil@voteconder.com,"Conder, Phil (Salt Lake County Treasurer) — phil@voteconder.com",https://ecf-api.easyvoteapp.com/documents/28D5826A-99F7-47C0-990A-F6898AB68D4F/viewfinalredactedpdf,2026-08-01,scanned,tesseract OCR (pdftoppm 300dpi),raw/easyvote/Conder-Phil__28D5826A.pdf,easyvote,28D5826A-99F7-47C0-990A-F6898AB68D4F,1365300eebdc83c799b5b2f2015b1862c9e0248c7279131da8205daf7004fca6,Campaign,no,yes
2024-01-29,"Conder, Phil",Treasurer,,2024,interim,End of Year 2023,"Conder, Phil (Salt Lake County Treasurer) — End of Year 2023",https://ecf-api.easyvoteapp.com/documents/65FA6A5E-DBB3-4BB4-A2FB-7D10936EAF74/viewfinalredactedpdf,2026-08-01,scanned,tesseract OCR (pdftoppm 300dpi),raw/easyvote/Conder-Phil__65FA6A5E.pdf,easyvote,65FA6A5E-DBB3-4BB4-A2FB-7D10936EAF74,43715c54a61d73eca5f7414d4d4c39c44337d6c6fbbeb5e586edc4210f4f0eaa,Campaign,no,yes
2025-01-26,"Conder, Phil",Treasurer,,2024,interim,phil@voteconder.com,"Conder, Phil (Salt Lake County Treasurer) — phil@voteconder.com",https://ecf-api.easyvoteapp.com/documents/7F97D6F7-DFCE-413E-8949-6B4A9C076016/viewfinalredactedpdf,2026-08-01,scanned,tesseract OCR (pdftoppm 300dpi),raw/easyvote/Conder-Phil__7F97D6F7.pdf,easyvote,7F97D6F7-DFCE-413E-8949-6B4A9C076016,980493d0b2f21aef064d3bbcd17c8b39056130ead6344e41d6b86bbd0334146c,Campaign,no,yes
2024-09-16,"Conder, Phil",Treasurer,,2024,interim,Sept Disclosure,"Conder, Phil (Salt Lake County Treasurer) — Sept Disclosure",https://ecf-api.easyvoteapp.com/documents/A2C9DD7E-527A-4160-9737-6342E473D221/viewfinalredactedpdf,2026-08-01,scanned,tesseract OCR (pdftoppm 300dpi),raw/easyvote/Conder-Phil__A2C9DD7E.pdf,easyvote,A2C9DD7E-527A-4160-9737-6342E473D221,d21ef8db528b846f47d08a2f7a9c0f80c3a2a243ddac1d4bf924a778038b3470,Campaign,no,yes
2024-04-10,"Conder, Phil",Treasurer,,2024,interim,Convention 2024_A1,"Conder, Phil (Salt Lake County Treasurer) — Convention 2024_A1",https://ecf-api.easyvoteapp.com/documents/BC78CB48-2E90-4B35-9B53-9D59ABAD220F/viewfinalredactedpdf,2026-08-01,scanned,tesseract OCR (pdftoppm 300dpi),raw/easyvote/Conder-Phil__BC78CB48.pdf,easyvote,BC78CB48-2E90-4B35-9B53-9D59ABAD220F,0a4a21985c17ce379476bc9a8f6599f6bdfe9cf65ef065824fe27898ae23b8ed,Campaign,no,yes
2025-01-16,"Demman, Reid",Surveyor,,2024,interim,2024,"Demman, Reid (Salt Lake County Surveyor) — 2024",https://ecf-api.easyvoteapp.com/documents/73491537-CB52-41B8-A800-1DDC7926A355/viewfinalredactedpdf,2026-08-01,scanned,tesseract OCR (pdftoppm 300dpi),raw/easyvote/Demman-Reid__73491537.pdf,easyvote,73491537-CB52-41B8-A800-1DDC7926A355,c6df72f1624873de4f6cda7f62ae09ee6ab0e1b688e47d6d91904dc7d6bba120,Incumbent,no,yes
2024-01-30,"Demman, Reid",Surveyor,,2024,interim,2024,"Demman, Reid (Salt Lake County Surveyor) — 2024",https://ecf-api.easyvoteapp.com/documents/F3796F75-9F62-4A70-B1A7-18A7FE276D8C/viewfinalredactedpdf,2026-08-01,scanned,tesseract OCR (pdftoppm 300dpi),raw/easyvote/Demman-Reid__F3796F75.pdf,easyvote,F3796F75-9F62-4A70-B1A7-18A7FE276D8C,967cd6f747e80bf16b7266e2ad7d7f5bc044e07849b03e53fdd62c378c898ac8,Incumbent,no,yes
2025-06-05,"Done, Evan",County Council,District 1,2024,interim,Financial Disclosure Form,"Done, Evan (Salt Lake County Council District 1) — Financial Disclosure Form",https://ecf-api.easyvoteapp.com/documents/C8D5C0DE-E1B6-48FA-BB17-8F1D973A24CF/viewfinalredactedpdf,2026-08-01,scanned,tesseract OCR (pdftoppm 300dpi),raw/easyvote/Done-Evan__C8D5C0DE.pdf,easyvote,C8D5C0DE-E1B6-48FA-BB17-8F1D973A24CF,5274dad4a4c7df0c351abed1e3cb9eeedfc65276256ce19ee69da8db30acee7e,Campaign,no,yes
2025-06-12,"Erickson, Tiffany",County Council,District 1,2024,interim,Midterm Vacancy,"Erickson, Tiffany (Salt Lake County Council District 1) — Midterm Vacancy",https://ecf-api.easyvoteapp.com/documents/9A3F39D7-B8DF-4836-B749-2A555EECF337/viewfinalredactedpdf,2026-08-01,scanned,tesseract OCR (pdftoppm 300dpi),raw/easyvote/Erickson-Tiffany__9A3F39D7.pdf,easyvote,9A3F39D7-B8DF-4836-B749-2A555EECF337,b54797cb3f821e58cd75c33dc79f7fdb40ef28c03314f4a9c7e97ae5571bcb18,Campaign,no,no
2024-10-29,"FIFE-JEPPERSON, CHARLOTTE",County Council,District 2,2024,interim,Financial Report - period ending Oct 29,"FIFE-JEPPERSON, CHARLOTTE (Salt Lake County Council District 2) — Financial Report - period ending Oct 29",https://ecf-api.easyvoteapp.com/documents/7DB60678-0887-467C-8C30-1F3B60AC392D/viewfinalredactedpdf,2026-08-01,scanned,tesseract OCR (pdftoppm 300dpi),raw/easyvote/FIFE-JEPPERSON-CHARLOTTE__7DB60678.pdf,easyvote,7DB60678-0887-467C-8C30-1F3B60AC392D,79227fa84a80bc56d007962ce545ec2998e01fb922267381ea5a75956e63ea66,Officeholder,no,no
2024-07-14,"FIFE-JEPPERSON, CHARLOTTE",County Council,District 2,2024,interim,General Accounting Form,"FIFE-JEPPERSON, CHARLOTTE (Salt Lake County Council District 2) — General Accounting Form",https://ecf-api.easyvoteapp.com/documents/AE07FEF8-1499-4294-8513-137DA7178757/viewfinalredactedpdf,2026-08-01,scanned,tesseract OCR (pdftoppm 300dpi),raw/easyvote/FIFE-JEPPERSON-CHARLOTTE__AE07FEF8.pdf,easyvote,AE07FEF8-1499-4294-8513-137DA7178757,e1c004b184c9c273d58adebee2564bf511f8c1fe56ba7511caef9be4a62af678,Officeholder,no,no
2025-01-22,"FIFE-JEPPERSON, CHARLOTTE",County Council,District 2,2024,interim,General Accounting Form - Amendment,"FIFE-JEPPERSON, CHARLOTTE (Salt Lake County Council District 2) — General Accounting Form - Amendment",https://ecf-api.easyvoteapp.com/documents/C7936B62-953B-4B6D-B1F3-C563FF1E983A/viewfinalredactedpdf,2026-08-01,scanned,tesseract OCR (pdftoppm 300dpi),raw/easyvote/FIFE-JEPPERSON-CHARLOTTE__C7936B62.pdf,easyvote,C7936B62-953B-4B6D-B1F3-C563FF1E983A,1fada0c42136c79c07158f122e33f7c5503e07e8b67c9fbc1f1af1f0e33aa003,Officeholder,no,no
2024-09-15,"FIFE-JEPPERSON, CHARLOTTE",County Council,District 2,2024,interim,interim Disclosure Deadline - period ending Sept. 10,"FIFE-JEPPERSON, CHARLOTTE (Salt Lake County Council District 2) — interim Disclosure Deadline - period ending Sept. 10",https://ecf-api.easyvoteapp.com/documents/D20522DA-EBB9-4BE3-BF54-279F1B7FD38F/viewfinalredactedpdf,2026-08-01,scanned,tesseract OCR (pdftoppm 300dpi),raw/easyvote/FIFE-JEPPERSON-CHARLOTTE__D20522DA.pdf,easyvote,D20522DA-EBB9-4BE3-BF54-279F1B7FD38F,aad9be0a86ea6056b3756e4bfb4c6ec3c5f38949b376d74c06e0cd34c10ba6d5,Officeholder,no,no
2024-09-18,"FIFE-JEPPERSON, CHARLOTTE",County Council,District 2,2024,interim,Financial Report - period ending Sept. 10,"FIFE-JEPPERSON, CHARLOTTE (Salt Lake County Council District 2) — Financial Report - period ending Sept. 10",https://ecf-api.easyvoteapp.com/documents/F2EC7ADF-2F1C-402E-B1F8-DDFC5E15A347/viewfinalredactedpdf,2026-08-01,scanned,tesseract OCR (pdftoppm 300dpi),raw/easyvote/FIFE-JEPPERSON-CHARLOTTE__F2EC7ADF.pdf,easyvote,F2EC7ADF-2F1C-402E-B1F8-DDFC5E15A347,0a0d7968c81a1fde813add9c9b22701e4c33f4b482e6527f9cec22ee47ca1da1,Officeholder,no,no
2025-01-31,"FIFE-JEPPERSON, CHARLOTTE",County Council,District 2,2024,interim,c.fifejepperson@gmail.com,"FIFE-JEPPERSON, CHARLOTTE (Salt Lake County Council District 2) — c.fifejepperson@gmail.com",https://ecf-api.easyvoteapp.com/documents/F46B5B5A-52DD-465E-8216-4F83F62848B8/viewfinalredactedpdf,2026-08-01,scanned,tesseract OCR (pdftoppm 300dpi),raw/easyvote/FIFE-JEPPERSON-CHARLOTTE__F46B5B5A.pdf,easyvote,F46B5B5A-52DD-465E-8216-4F83F62848B8,ab1bac800bce45c3f15b4854aad7843dfeab6e8100ef68df43baf27f3c812d77,Officeholder,no,no
2024-10-29,"Frost, Joel",Assessor,,2024,interim,"Sept 16th, 2024 Amended","Frost, Joel (Salt Lake County Assessor) — Sept 16th, 2024 Amended",https://ecf-api.easyvoteapp.com/documents/3977A007-F72E-4EFB-AC1A-8811AF43BCFF/viewfinalredactedpdf,2026-08-01,scanned,tesseract OCR (pdftoppm 300dpi),raw/easyvote/Frost-Joel__3977A007.pdf,easyvote,3977A007-F72E-4EFB-AC1A-8811AF43BCFF,541e6b31feb8e81be0a011a115a1c659162f6a3f8e46cc0ad7b44503ea60de5d,Campaign,no,yes
2024-10-29,"Frost, Joel",Assessor,,2024,interim,"June 18th, 2024 Amended","Frost, Joel (Salt Lake County Assessor) — June 18th, 2024 Amended",https://ecf-api.easyvoteapp.com/documents/49DBEA93-6AEE-40C4-98FC-3722DCA75EE2/viewfinalredactedpdf,2026-08-01,scanned,tesseract OCR (pdftoppm 300dpi),raw/easyvote/Frost-Joel__49DBEA93.pdf,easyvote,49DBEA93-6AEE-40C4-98FC-3722DCA75EE2,5a49f78eb41ef3e87acaa4451f0ff4de8def507fa71e4d8bba36db1b773a0b8d,Campaign,no,yes
2024-10-29,"Frost, Joel",Assessor,,2024,interim,"Oct 29th, 2024","Frost, Joel (Salt Lake County Assessor) — Oct 29th, 2024",https://ecf-api.easyvoteapp.com/documents/9A328876-DC8F-4BD0-8855-B85B4A453245/viewfinalredactedpdf,2026-08-01,scanned,tesseract OCR (pdftoppm 300dpi),raw/easyvote/Frost-Joel__9A328876.pdf,easyvote,9A328876-DC8F-4BD0-8855-B85B4A453245,167a32134776ae6f6bc4ba57f4d0b0071387e038240ac91a131a80bac303d3a8,Campaign,no,yes
2024-04-05,"Frost, Joel",Assessor,,2024,interim,"April 5, 2024","Frost, Joel (Salt Lake County Assessor) — April 5, 2024",https://ecf-api.easyvoteapp.com/documents/A12D1CEC-02CF-4481-A744-5A460DBB9622/viewfinalredactedpdf,2026-08-01,scanned,tesseract OCR (pdftoppm 300dpi),raw/easyvote/Frost-Joel__A12D1CEC.pdf,easyvote,A12D1CEC-02CF-4481-A744-5A460DBB9622,34e34d9a7c4a59a334d4f98d517637ee420e857ed61fa9e463543c3e76a2fe67,Campaign,no,yes
2024-06-18,"Frost, Joel",Assessor,,2024,interim,"June 18, 2024","Frost, Joel (Salt Lake County Assessor) — June 18, 2024",https://ecf-api.easyvoteapp.com/documents/A5E038CD-3538-4BC8-A1D8-09F721692431/viewfinalredactedpdf,2026-08-01,scanned,tesseract OCR (pdftoppm 300dpi),raw/easyvote/Frost-Joel__A5E038CD.pdf,easyvote,A5E038CD-3538-4BC8-A1D8-09F721692431,28c3028fead2c8e2c7bfd0a85ddf1d37bc78bac5d06c64f0b23a926aaee900a0,Campaign,no,no
2024-09-16,"Frost, Joel",Assessor,,2024,interim,Sept16th,"Frost, Joel (Salt Lake County Assessor) — Sept16th",https://ecf-api.easyvoteapp.com/documents/F52E1564-187B-4C09-B8E7-349279D04FA4/viewfinalredactedpdf,2026-08-01,scanned,tesseract OCR (pdftoppm 300dpi),raw/easyvote/Frost-Joel__F52E1564.pdf,easyvote,F52E1564-187B-4C09-B8E7-349279D04FA4,464ac1d6294d19c90d1d0292feaec2b2475162487f35c0ba38020077ce955810,Campaign,no,no
2025-01-31,"Gettel, Dustin",County Council,At-Large,2024,interim,Dissolution Filing,"Gettel, Dustin (County Council At-Large) — Dissolution Filing",https://ecf-api.easyvoteapp.com/documents/6F6A104F-E30B-4E57-91D9-A207446B021D/viewfinalredactedpdf,2026-08-01,scanned,tesseract OCR (pdftoppm 300dpi),raw/easyvote/Gettel-Dustin__6F6A104F.pdf,easyvote,6F6A104F-E30B-4E57-91D9-A207446B021D,51dac6ceda511a627dc0505e468f70dc83c0f2ada2dbf86d2c7525288348f44e,Candidate,no,yes
2024-06-19,"Gettel, Dustin",County Council,At-Large,2024,interim,6.18.24 Filing (Gettel),"Gettel, Dustin (County Council At-Large) — 6.18.24 Filing (Gettel)",https://ecf-api.easyvoteapp.com/documents/B724D0B8-1070-4A60-A080-BF5CE6163FCC/viewfinalredactedpdf,2026-08-01,scanned,tesseract OCR (pdftoppm 300dpi),raw/easyvote/Gettel-Dustin__B724D0B8.pdf,easyvote,B724D0B8-1070-4A60-A080-BF5CE6163FCC,6155258b3a7addcc36ecb86101d4c58e8c41b50c9e7b37664b673a2b3f17bc61,Candidate,no,no
2024-01-31,"Gettel, Dustin",County Council,At-Large,2024,interim,Dustin Gettel Campaign Finance Report EOY 2023,"Gettel, Dustin (County Council At-Large) — Dustin Gettel Campaign Finance Report EOY 2023",https://ecf-api.easyvoteapp.com/documents/CF6C43C7-CC00-4D73-B250-B185A5121246/viewfinalredactedpdf,2026-08-01,scanned,tesseract OCR (pdftoppm 300dpi),raw/easyvote/Gettel-Dustin__CF6C43C7.pdf,easyvote,CF6C43C7-CC00-4D73-B250-B185A5121246,25ebc8baea2d9efd9dd9e5fb7ada28f86bc6ce5a53bf982fbbda3c80f121fbe8,Candidate,no,no
2024-04-05,"Gettel, Dustin",County Council,At-Large,2024,interim,team@dustinforcountycouncil.com,"Gettel, Dustin (County Council At-Large) — team@dustinforcountycouncil.com",https://ecf-api.easyvoteapp.com/documents/E61DBCB5-94DC-4803-9A3A-A0CDEC85EE34/viewfinalredactedpdf,2026-08-01,scanned,tesseract OCR (pdftoppm 300dpi),raw/easyvote/Gettel-Dustin__E61DBCB5.pdf,easyvote,E61DBCB5-94DC-4803-9A3A-A0CDEC85EE34,d44cbf02ec29a02d87bc4eebbc772beaefe0ce749fbc8fe8b174b2168df106a0,Candidate,no,no
2025-01-31,"Gill, Sim",District Attorney,,2024,interim,"financial disclosure_January 31, 2025_signed","Gill, Sim (Salt Lake County District & County Attorney) — financial disclosure_January 31, 2025_signed",https://ecf-api.easyvoteapp.com/documents/41C4280C-74FD-4E14-B76C-69866E2D034D/viewfinalredactedpdf,2026-08-01,scanned,tesseract OCR (pdftoppm 300dpi),raw/easyvote/Gill-Sim__41C4280C.pdf,easyvote,41C4280C-74FD-4E14-B76C-69866E2D034D,e21c57bab540f14076bb8d1971466f53af85f61b096de891ef350eccb30338fc,Incumbent,no,no
2024-01-31,"Gill, Sim",District Attorney,,2024,interim,"financial disclosure_January 31, 2024_signed","Gill, Sim (Salt Lake County District & County Attorney) — financial disclosure_January 31, 2024_signed",https://ecf-api.easyvoteapp.com/documents/481E3DF0-B0C4-4618-B919-A6300F152869/viewfinalredactedpdf,2026-08-01,scanned,tesseract OCR (pdftoppm 300dpi),raw/easyvote/Gill-Sim__481E3DF0.pdf,easyvote,481E3DF0-B0C4-4618-B919-A6300F152869,699bd15680d0489721c61cb16fc1042fe1f553721288da5f0bacbb838a35c058,Incumbent,no,no
2025-06-12,"Glenn, Nicholas",County Council,District 1,2024,interim,Midterm Vacancy,"Glenn, Nicholas (Salt Lake County Council District 1) — Midterm Vacancy",https://ecf-api.easyvoteapp.com/documents/2027817B-4DC2-4F7E-ACB7-991F4A9A8AE0/viewfinalredactedpdf,2026-08-01,scanned,tesseract OCR (pdftoppm 300dpi),raw/easyvote/Glenn-Nicholas__2027817B.pdf,easyvote,2027817B-4DC2-4F7E-ACB7-991F4A9A8AE0,f271a4413adc67b27fb8254bef8bdea83c9c72fab2f2b1b34048202181a0bcb5,Campaign,no,no
2024-01-23,"Granato, Ann",County Council,,2024,interim,Ann Granato- Year-End Report,"Granato, Ann (County Council District) — Ann Granato- Year-End Report",https://ecf-api.easyvoteapp.com/documents/83E3F4AA-B587-4EE4-902F-4923B60FA02A/viewfinalredactedpdf,2026-08-01,scanned,tesseract OCR (pdftoppm 300dpi),raw/easyvote/Granato-Ann__83E3F4AA.pdf,easyvote,83E3F4AA-B587-4EE4-902F-4923B60FA02A,8b435590a69f6758ddc1392600de990b12b5539ecc0bac4d7305882485651eca,Incumbent,no,no
2024-06-19,"Granato, Ann",County Council,,2024,interim,Final/ Dissolution Report,"Granato, Ann (County Council District) — Final/ Dissolution Report",https://ecf-api.easyvoteapp.com/documents/88E73D3F-DB38-4D1A-96F3-1C06563B0D11/viewfinalredactedpdf,2026-08-01,scanned,tesseract OCR (pdftoppm 300dpi),raw/easyvote/Granato-Ann__88E73D3F.pdf,easyvote,88E73D3F-DB38-4D1A-96F3-1C06563B0D11,615df7a9fd4f11eb758b4c613f1387da4e17f1a2cd709dc884ceee7a670b2a28,Incumbent,no,no
2025-01-13,"Harding, Chris",Auditor,,2024,interim,January 31 2025_Harding,"Harding, Chris (Salt Lake County Auditor) — January 31 2025_Harding",https://ecf-api.easyvoteapp.com/documents/0496C653-1FC1-4AE7-96BF-E8E8DF9EA8C9/viewfinalredactedpdf,2026-08-01,scanned,tesseract OCR (pdftoppm 300dpi),raw/easyvote/Harding-Chris__0496C653.pdf,easyvote,0496C653-1FC1-4AE7-96BF-E8E8DF9EA8C9,3c047b7aa9746e1570c745f8767ac7c68cb1354676510e285324a1dda70d6aaf,Incumbent,no,yes
2024-01-29,"Harding, Chris",Auditor,,2024,interim,January 31 2024_Harding,"Harding, Chris (Salt Lake County Auditor) — January 31 2024_Harding",https://ecf-api.easyvoteapp.com/documents/3D00F435-7AEE-45A5-93AC-FBF7AA0042D9/viewfinalredactedpdf,2026-08-01,scanned,tesseract OCR (pdftoppm 300dpi),raw/easyvote/Harding-Chris__3D00F435.pdf,easyvote,3D00F435-7AEE-45A5-93AC-FBF7AA0042D9,c9456d97c03815b7f94b696aaec520fa3f4ba5326fb46e31f840bb011ac58053,Incumbent,no,yes
2025-01-31,"Harrison, Suzanne",County Council,At-Large B,2024,interim,-financial-disclosure-form Suzanne Harrison,"Harrison, Suzanne (Salt Lake County Council At-Large B) — -financial-disclosure-form Suzanne Harrison",https://ecf-api.easyvoteapp.com/documents/8C8AF173-B5E0-4B28-8B5B-B8FC2930DF46/viewfinalredactedpdf,2026-08-01,scanned,tesseract OCR (pdftoppm 300dpi),raw/easyvote/Harrison-Suzanne__8C8AF173.pdf,easyvote,8C8AF173-B5E0-4B28-8B5B-B8FC2930DF46,d9e9d396f9eeef0bec238abbea66e97fffe8cc890c56c04b26124943b987639c,Officeholder,no,no
2024-01-23,"Harrison, Suzanne",County Council,At-Large B,2024,interim,"January 31, 2024","Harrison, Suzanne (Salt Lake County Council At-Large B) — January 31, 2024",https://ecf-api.easyvoteapp.com/documents/C258427A-CF8D-428E-B640-21E2EB9B07C7/viewfinalredactedpdf,2026-08-01,scanned,tesseract OCR (pdftoppm 300dpi),raw/easyvote/Harrison-Suzanne__C258427A.pdf,easyvote,C258427A-CF8D-428E-B640-21E2EB9B07C7,9ea32c753b8c7a399104a4d5d2cd62b1ee0f826e2ea294a478f9452e0a240e22,Officeholder,no,no
2024-04-03,"Hobbs, Rashelle",Recorder,,2024,interim,"Hobbs April 5, 2024","Hobbs, Rashelle (Salt Lake County Recorder) — Hobbs April 5, 2024",https://ecf-api.easyvoteapp.com/documents/0F64E921-4E19-42D8-A702-22D5A6E66D81/viewfinalredactedpdf,2026-08-01,scanned,tesseract OCR (pdftoppm 300dpi),raw/easyvote/Hobbs-Rashelle__0F64E921.pdf,easyvote,0F64E921-4E19-42D8-A702-22D5A6E66D81,5749734ea28f9817a798fe2a4a684e16e9baa42cec21f7557f8cea72e606d016,Officeholder,no,no
2024-01-24,"Hobbs, Rashelle",Recorder,,2024,interim,Hobbs Finance 2023,"Hobbs, Rashelle (Salt Lake County Recorder) — Hobbs Finance 2023",https://ecf-api.easyvoteapp.com/documents/53BAA694-D8E0-41A4-9302-0DC7C416860A/viewfinalredactedpdf,2026-08-01,scanned,tesseract OCR (pdftoppm 300dpi),raw/easyvote/Hobbs-Rashelle__53BAA694.pdf,easyvote,53BAA694-D8E0-41A4-9302-0DC7C416860A,492a4afd1d1da0f4fa891d4f52f22d05ac1c1c4dc8b5b56a70e8d68f24e398e1,Officeholder,no,no
2024-09-16,"Hobbs, Rashelle",Recorder,,2024,interim,Hobbs Recorder Sept 16 2024,"Hobbs, Rashelle (Salt Lake County Recorder) — Hobbs Recorder Sept 16 2024",https://ecf-api.easyvoteapp.com/documents/58466E62-7CDD-4E23-AD39-7FC7F0EC7B59/viewfinalredactedpdf,2026-08-01,scanned,tesseract OCR (pdftoppm 300dpi),raw/easyvote/Hobbs-Rashelle__58466E62.pdf,easyvote,58466E62-7CDD-4E23-AD39-7FC7F0EC7B59,d3509f545370b7828a4ade2065950dadb4e196fd9ff81f539d05fcf03164a578,Officeholder,no,no
2024-06-17,"Hobbs, Rashelle",Recorder,,2024,interim,Hobbs Recorder June 18 2024,"Hobbs, Rashelle (Salt Lake County Recorder) — Hobbs Recorder June 18 2024",https://ecf-api.easyvoteapp.com/documents/67253922-6427-46AE-8486-B289EC8D86B2/viewfinalredactedpdf,2026-08-01,scanned,tesseract OCR (pdftoppm 300dpi),raw/easyvote/Hobbs-Rashelle__67253922.pdf,easyvote,67253922-6427-46AE-8486-B289EC8D86B2,1f148db9b397b5e6c2b90a46432af7db9499f6bea121357d70eb3813f7dd005c,Officeholder,no,no
2025-01-24,"Hobbs, Rashelle",Recorder,,2024,interim,Hobbs Recorder Dec 31 2024,"Hobbs, Rashelle (Salt Lake County Recorder) — Hobbs Recorder Dec 31 2024",https://ecf-api.easyvoteapp.com/documents/8CB3F28E-E3E9-44E8-BB32-94DB5695A95E/viewfinalredactedpdf,2026-08-01,scanned,tesseract OCR (pdftoppm 300dpi),raw/easyvote/Hobbs-Rashelle__8CB3F28E.pdf,easyvote,8CB3F28E-E3E9-44E8-BB32-94DB5695A95E,1019d76fc9744f2905e8814b6ae9902fe9d28607b59a13cfd13213a9187aa6b5,Officeholder,no,no
2024-10-28,"Hobbs, Rashelle",Recorder,,2024,interim,Recorder Hobbs October 29 2024,"Hobbs, Rashelle (Salt Lake County Recorder) — Recorder Hobbs October 29 2024",https://ecf-api.easyvoteapp.com/documents/C7360D39-217F-4517-8742-1F23FAB4A749/viewfinalredactedpdf,2026-08-01,scanned,tesseract OCR (pdftoppm 300dpi),raw/easyvote/Hobbs-Rashelle__C7360D39.pdf,easyvote,C7360D39-217F-4517-8742-1F23FAB4A749,03cfc4bf11234e4fc8a71598e4efdfdecdb5b3c8a86c97c810c53883c6c5f1a2,Officeholder,no,no
2024-04-02,"Ioannou, Yianni",Mayor,,2024,interim,April 5,"Ioannou, Yianni (Salt Lake County Mayor) — April 5",https://ecf-api.easyvoteapp.com/documents/4945433B-78C1-41BD-AA61-2AED2BADD2CA/viewfinalredactedpdf,2026-08-01,scanned,tesseract OCR (pdftoppm 300dpi),raw/easyvote/Ioannou-Yianni__4945433B.pdf,easyvote,4945433B-78C1-41BD-AA61-2AED2BADD2CA,f317b588077a69210fe56989fbec6ecc635ce13533d49a72f670c81eb0f82d3f,Candidate,no,no
2024-05-07,"Ioannou, Yianni",Mayor,,2024,interim,Final/ Dissolution Report,"Ioannou, Yianni (Salt Lake County Mayor) — Final/ Dissolution Report",https://ecf-api.easyvoteapp.com/documents/AE136911-93BC-4703-8502-89024F21998E/viewfinalredactedpdf,2026-08-01,scanned,tesseract OCR (pdftoppm 300dpi),raw/easyvote/Ioannou-Yianni__AE136911.pdf,easyvote,AE136911-93BC-4703-8502-89024F21998E,03ecbc3c96fa9e0456f132e494edd0958ba7a421daf01ae0e406027d619fda39,Candidate,no,no
2025-01-30,"Jensen, Michael",County Council,District 2,2024,interim,2024 Year End,"Jensen, Michael (Salt Lake County Council District 2) — 2024 Year End",https://ecf-api.easyvoteapp.com/documents/B88C253F-87CA-449A-8793-BD6677C3FF76/viewfinalredactedpdf,2026-08-01,scanned,tesseract OCR (pdftoppm 300dpi),raw/easyvote/Jensen-Michael__B88C253F.pdf,easyvote,B88C253F-87CA-449A-8793-BD6677C3FF76,ec4cba6ec98b7d48537f3319cbe29481cb423a6e7f8762062f54c4791a6a17e7,Campaign,no,no
2024-01-22,"Jensen, Michael",County Council,District 2,2024,interim,Year-End Disclosure,"Jensen, Michael (Salt Lake County Council District 2) — Year-End Disclosure",https://ecf-api.easyvoteapp.com/documents/FDF00AFC-F9CE-4303-935C-866E642FA924/viewfinalredactedpdf,2026-08-01,scanned,tesseract OCR (pdftoppm 300dpi),raw/easyvote/Jensen-Michael__FDF00AFC.pdf,easyvote,FDF00AFC-F9CE-4303-935C-866E642FA924,f04db84beb2398abb61ad0af0acafdf50ecab98b8700ea40408d1b029f083c53,Campaign,no,no
2025-06-13,"Johnson, Remington",County Council,District 1,2024,interim,End of Election Report,"Johnson, Remington (Salt Lake County Council District 1) — End of Election Report",https://ecf-api.easyvoteapp.com/documents/582C2C03-22BE-4CF6-8219-5FE78970DA93/viewfinalredactedpdf,2026-08-01,scanned,tesseract OCR (pdftoppm 300dpi),raw/easyvote/Johnson-Remington__582C2C03.pdf,easyvote,582C2C03-22BE-4CF6-8219-5FE78970DA93,ff70edb5f1487b43734bcbe6e81b4b90f50afdca60cd23c6ba87a1b21f94beac,Incumbent,no,yes
2025-06-04,"Johnson, Remington",County Council,District 1,2024,interim,Special Election Filing,"Johnson, Remington (Salt Lake County Council District 1) — Special Election Filing",https://ecf-api.easyvoteapp.com/documents/753F58CF-73E0-4ACF-A333-D5CDF77C59C2/viewfinalredactedpdf,2026-08-01,scanned,tesseract OCR (pdftoppm 300dpi),raw/easyvote/Johnson-Remington__753F58CF.pdf,easyvote,753F58CF-73E0-4ACF-A333-D5CDF77C59C2,6e33616964e55b2f03e3ee5e7e2c1cc06333f81b46282b1fcc32bc88b88ea91c,Incumbent,no,yes
2024-06-18,"Kruse, Nolan",County Council,,2024,interim,Financial Disclosures 2,"Kruse, Nolan (County Council District) — Financial Disclosures 2",https://ecf-api.easyvoteapp.com/documents/1A330CE1-79BD-4B94-8E63-CE6A9780998F/viewfinalredactedpdf,2026-08-01,scanned,tesseract OCR (pdftoppm 300dpi),raw/easyvote/Kruse-Nolan__1A330CE1.pdf,easyvote,1A330CE1-79BD-4B94-8E63-CE6A9780998F,d48b82e64e2aacf48bc2b486870b5fdf61296946a50bab84a6eeb1c37856884b,Candidate,no,no
2024-06-19,"Kruse, Nolan",County Council,,2024,interim,Amendment,"Kruse, Nolan (County Council District) — Amendment",https://ecf-api.easyvoteapp.com/documents/211FDA7A-DC75-4B2B-937F-768ECE2F6F31/viewfinalredactedpdf,2026-08-01,scanned,tesseract OCR (pdftoppm 300dpi),raw/easyvote/Kruse-Nolan__211FDA7A.pdf,easyvote,211FDA7A-DC75-4B2B-937F-768ECE2F6F31,084a9cbb1bae5c164cb8fd5d990e5a174a6c542f23fb3a74f8f0123509af2ce8,Candidate,no,yes
2024-09-16,"Kruse, Nolan",County Council,,2024,interim,Interim,"Kruse, Nolan (County Council District) — Interim",https://ecf-api.easyvoteapp.com/documents/5DD162C1-C74F-4CE9-954A-2ACB28252E45/viewfinalredactedpdf,2026-08-01,scanned,tesseract OCR (pdftoppm 300dpi),raw/easyvote/Kruse-Nolan__5DD162C1.pdf,easyvote,5DD162C1-C74F-4CE9-954A-2ACB28252E45,97cb36eccebacdcecd9e1699c2b61e6747ec56bdff51dd4e7fe33c4cfd186c7a,Candidate,no,yes
2025-01-21,"Kruse, Nolan",County Council,,2024,interim,Final,"Kruse, Nolan (County Council District) — Final",https://ecf-api.easyvoteapp.com/documents/AF44B51E-D5BE-4353-B113-4C7511E2F69F/viewfinalredactedpdf,2026-08-01,scanned,tesseract OCR (pdftoppm 300dpi),raw/easyvote/Kruse-Nolan__AF44B51E.pdf,easyvote,AF44B51E-D5BE-4353-B113-4C7511E2F69F,3412fca818d3d82319ff392fb3ca7e27e886138789dc46cab2c388e11bc5958d,Candidate,no,yes
2024-04-05,"Kruse, Nolan",County Council,,2024,interim,4/05/2024,"Kruse, Nolan (County Council District) — 4/05/2024",https://ecf-api.easyvoteapp.com/documents/E9C5BF9B-C0A8-4D39-9E16-1F77ED675124/viewfinalredactedpdf,2026-08-01,scanned,tesseract OCR (pdftoppm 300dpi),raw/easyvote/Kruse-Nolan__E9C5BF9B.pdf,easyvote,E9C5BF9B-C0A8-4D39-9E16-1F77ED675124,3dcbbc31a4abe5fbb8073af8471680883e957abab4057d1813c885dcf04d467e,Candidate,no,yes
2024-10-29,"Kruse, Nolan",County Council,,2024,interim,October 29,"Kruse, Nolan (County Council District) — October 29",https://ecf-api.easyvoteapp.com/documents/FA55E501-5DB4-4BBC-983F-B5A64AB0BFDA/viewfinalredactedpdf,2026-08-01,scanned,tesseract OCR (pdftoppm 300dpi),raw/easyvote/Kruse-Nolan__FA55E501.pdf,easyvote,FA55E501-5DB4-4BBC-983F-B5A64AB0BFDA,6706f1fd8a917a12c55527b11caea013deb580766f043afb0be8a2c9e6b741ae,Candidate,no,yes
2024-01-23,"Liewer, Ashley",County Council,District 3,2024,interim,2023,"Liewer, Ashley (Salt Lake County Council District 3) — 2023",https://ecf-api.easyvoteapp.com/documents/585D94D0-690B-4354-9840-0BC344DC39F0/viewfinalredactedpdf,2026-08-01,scanned,tesseract OCR (pdftoppm 300dpi),raw/easyvote/Liewer-Ashley__585D94D0.pdf,easyvote,585D94D0-690B-4354-9840-0BC344DC39F0,ac3b338ca93c8e6c73d9a9fd3216d377a780d63820dc3e8f4e480bca017a43eb,Campaign,no,no
2025-01-30,"Liewer, Ashley",County Council,District 3,2024,interim,ashleyrliewer@gmail.com,"Liewer, Ashley (Salt Lake County Council District 3) — ashleyrliewer@gmail.com",https://ecf-api.easyvoteapp.com/documents/629FD388-73A5-42F5-AD81-59B9F9A95E77/viewfinalredactedpdf,2026-08-01,scanned,tesseract OCR (pdftoppm 300dpi),raw/easyvote/Liewer-Ashley__629FD388.pdf,easyvote,629FD388-73A5-42F5-AD81-59B9F9A95E77,f1a1a36a617e40bead593a630d2d35905a80d1e567bda6bd922be0c6e2b786f5,Campaign,no,no
2024-06-19,"Livingston, Roger",County Council,,2024,interim,June Amendment,"Livingston, Roger (County Council District) — June Amendment",https://ecf-api.easyvoteapp.com/documents/567F4532-9550-4252-9281-E41D5B6E5B05/viewfinalredactedpdf,2026-08-01,scanned,tesseract OCR (pdftoppm 300dpi),raw/easyvote/Livingston-Roger__567F4532.pdf,easyvote,567F4532-9550-4252-9281-E41D5B6E5B05,532fb8327d5e1d5c7dcaf0210fc7e0c4ddee222a848e33b3766891bd6fa1163b,Candidate,no,no
2024-11-19,"Livingston, Roger",County Council,,2024,interim,Final disclosure,"Livingston, Roger (County Council District) — Final disclosure",https://ecf-api.easyvoteapp.com/documents/595137F1-15F9-4652-B51B-BD49B143ACCC/viewfinalredactedpdf,2026-08-01,scanned,tesseract OCR (pdftoppm 300dpi),raw/easyvote/Livingston-Roger__595137F1.pdf,easyvote,595137F1-15F9-4652-B51B-BD49B143ACCC,4202b739a896c1ffa9349e6ca0d9ba68dd7aefe3000fa5aba12603ab5f22c5d4,Candidate,no,yes
2024-09-13,"Livingston, Roger",County Council,,2024,interim,September Financial Disclosure,"Livingston, Roger (County Council District) — September Financial Disclosure",https://ecf-api.easyvoteapp.com/documents/96380918-C608-4E15-8042-CC8DF3988460/viewfinalredactedpdf,2026-08-01,scanned,tesseract OCR (pdftoppm 300dpi),raw/easyvote/Livingston-Roger__96380918.pdf,easyvote,96380918-C608-4E15-8042-CC8DF3988460,4eb0816ac2e3893259ae4df4e2ac4b6f32045116b3cdd7179850d632419b0751,Candidate,no,yes
2024-09-16,"Livingston, Roger",County Council,,2024,interim,September Amendment,"Livingston, Roger (County Council District) — September Amendment",https://ecf-api.easyvoteapp.com/documents/A2B40181-0BE2-4AFA-B43E-499056D3582D/viewfinalredactedpdf,2026-08-01,scanned,tesseract OCR (pdftoppm 300dpi),raw/easyvote/Livingston-Roger__A2B40181.pdf,easyvote,A2B40181-0BE2-4AFA-B43E-499056D3582D,117224d49aecbbaf6cc7a386ff0bde82835e8311520752156280eadd97c92f9e,Candidate,no,yes
2024-03-31,"Livingston, Roger",County Council,,2024,interim,County Disclosure,"Livingston, Roger (County Council District) — County Disclosure",https://ecf-api.easyvoteapp.com/documents/A7A2F864-ADE2-4641-A0BE-6ADA6F2A3E54/viewfinalredactedpdf,2026-08-01,scanned,tesseract OCR (pdftoppm 300dpi),raw/easyvote/Livingston-Roger__A7A2F864.pdf,easyvote,A7A2F864-ADE2-4641-A0BE-6ADA6F2A3E54,52afe3a45df57bbe28e5836d8eb9e136ec099f8bd529ac4c175ddac965f6c39d,Candidate,no,yes
2024-06-18,"Livingston, Roger",County Council,,2024,interim,June Financial Disclosure final,"Livingston, Roger (County Council District) — June Financial Disclosure final",https://ecf-api.easyvoteapp.com/documents/AC68E42C-6845-4B13-ABF0-C3D321195707/viewfinalredactedpdf,2026-08-01,scanned,tesseract OCR (pdftoppm 300dpi),raw/easyvote/Livingston-Roger__AC68E42C.pdf,easyvote,AC68E42C-6845-4B13-ABF0-C3D321195707,cee8a40870552dfa45e079f22209deb6f2c354c82b669e7b0de30ec8aff83dac,Candidate,no,no
2024-10-28,"Livingston, Roger",County Council,,2024,interim,Oct Financial Disclosure,"Livingston, Roger (County Council District) — Oct Financial Disclosure",https://ecf-api.easyvoteapp.com/documents/F9C58C83-8A1F-47BB-8F0A-A20F15923284/viewfinalredactedpdf,2026-08-01,scanned,tesseract OCR (pdftoppm 300dpi),raw/easyvote/Livingston-Roger__F9C58C83.pdf,easyvote,F9C58C83-8A1F-47BB-8F0A-A20F15923284,0bb1e1fbcf658b792e822bdfac3abbefb38073fc71297abfd4c201df7f16e9a0,Candidate,no,yes
2025-06-06,"Merrill, Thomas",County Council,District 1,2024,interim,Tom Merrill_County Council District One_Report 1,"Merrill, Thomas (Salt Lake County Council District 1) — Tom Merrill_County Council District One_Report 1",https://ecf-api.easyvoteapp.com/documents/1C8CD82D-BEBE-4A91-AE7C-5DF4821FB4F0/viewfinalredactedpdf,2026-08-01,scanned,tesseract OCR (pdftoppm 300dpi),raw/easyvote/Merrill-Thomas__1C8CD82D.pdf,easyvote,1C8CD82D-BEBE-4A91-AE7C-5DF4821FB4F0,113fcff97668a2b52e49f2d901e0bd6d815d81a29ac1ec2069e8e72564c8cd25,Campaign,no,yes
2024-10-29,"Moreno, Carlos ",County Council,District 2,2024,interim,October 29- Financial Disclosure,"Moreno, Carlos  (Salt Lake County Council District 2) — October 29- Financial Disclosure",https://ecf-api.easyvoteapp.com/documents/184C8A1B-0E4F-4C76-9DA0-B37A02E655A9/viewfinalredactedpdf,2026-08-01,scanned,tesseract OCR (pdftoppm 300dpi),raw/easyvote/Moreno-Carlos__184C8A1B.pdf,easyvote,184C8A1B-0E4F-4C76-9DA0-B37A02E655A9,c71b4290809ff9a7fef63b2430c0251c827665995c2ab7f6ad02825a2e153248,Officeholder,no,no
2024-06-18,"Moreno, Carlos ",County Council,District 2,2024,interim,June 18,"Moreno, Carlos  (Salt Lake County Council District 2) — June 18",https://ecf-api.easyvoteapp.com/documents/1E134A89-9191-410C-8B41-72FEC731F5BC/viewfinalredactedpdf,2026-08-01,scanned,tesseract OCR (pdftoppm 300dpi),raw/easyvote/Moreno-Carlos__1E134A89.pdf,easyvote,1E134A89-9191-410C-8B41-72FEC731F5BC,294c412c9f9f4b9fdd308866447d799165fc1e10b392317af7a63192f1db3a6e,Officeholder,no,no
2025-08-08,"Moreno, Carlos ",County Council,District 2,2024,interim,Financial Disclosure - October 29 - Amend,"Moreno, Carlos  (Salt Lake County Council District 2) — Financial Disclosure - October 29 - Amend",https://ecf-api.easyvoteapp.com/documents/27EC395A-357A-4F8D-8AD4-EBF050B70B21/viewfinalredactedpdf,2026-08-01,scanned,tesseract OCR (pdftoppm 300dpi),raw/easyvote/Moreno-Carlos__27EC395A.pdf,easyvote,27EC395A-357A-4F8D-8AD4-EBF050B70B21,835085219487ad12a40296650b22b6badcef6860e5857e8fa4ed77124df09415,Officeholder,no,yes
2025-08-07,"Moreno, Carlos ",County Council,District 2,2024,interim,Financial Disclosure - September 16 - Amend,"Moreno, Carlos  (Salt Lake County Council District 2) — Financial Disclosure - September 16 - Amend",https://ecf-api.easyvoteapp.com/documents/35AAD236-3A92-4A14-A5C8-B83F86403E80/viewfinalredactedpdf,2026-08-01,scanned,tesseract OCR (pdftoppm 300dpi),raw/easyvote/Moreno-Carlos__35AAD236.pdf,easyvote,35AAD236-3A92-4A14-A5C8-B83F86403E80,407b64713e171daf7501d36889e0fd74a03dc2fb0188173181c1c108809bba0f,Officeholder,no,yes
2024-09-16,"Moreno, Carlos ",County Council,District 2,2024,interim,September 16,"Moreno, Carlos  (Salt Lake County Council District 2) — September 16",https://ecf-api.easyvoteapp.com/documents/5400AC1D-1B71-4E6C-B83B-D9221DBEFCC9/viewfinalredactedpdf,2026-08-01,scanned,tesseract OCR (pdftoppm 300dpi),raw/easyvote/Moreno-Carlos__5400AC1D.pdf,easyvote,5400AC1D-1B71-4E6C-B83B-D9221DBEFCC9,98cc1a3199af2bfc8185b4674b6b0a7d658bb30b9cf539d521e579ea39ef8847,Officeholder,no,no
2025-08-06,"Moreno, Carlos ",County Council,District 2,2024,interim,Financial Disclosure - June 18 - Amend ,"Moreno, Carlos  (Salt Lake County Council District 2) — Financial Disclosure - June 18 - Amend",https://ecf-api.easyvoteapp.com/documents/6672ECF8-2ADD-4014-BFED-2034F852B0AE/viewfinalredactedpdf,2026-08-01,scanned,tesseract OCR (pdftoppm 300dpi),raw/easyvote/Moreno-Carlos__6672ECF8.pdf,easyvote,6672ECF8-2ADD-4014-BFED-2034F852B0AE,68f36fc1eca80151ddbf8186034761c5ac44aeaf1d982f6fadac79c0a09e007f,Officeholder,no,yes
2024-04-05,"Moreno, Carlos ",County Council,District 2,2024,interim,Financial Disclosure - April 5,"Moreno, Carlos  (Salt Lake County Council District 2) — Financial Disclosure - April 5",https://ecf-api.easyvoteapp.com/documents/98120E99-D7C6-4EDD-989E-A32F0183D9DF/viewfinalredactedpdf,2026-08-01,scanned,tesseract OCR (pdftoppm 300dpi),raw/easyvote/Moreno-Carlos__98120E99.pdf,easyvote,98120E99-D7C6-4EDD-989E-A32F0183D9DF,5a6b7d26f92dca7466ffcbae6c9d235f2a2e2578005163668429c8cd40914f42,Officeholder,no,no
2025-08-06,"Moreno, Carlos ",County Council,District 2,2024,interim,Finalcial Disclosure - April 5 - Amend,"Moreno, Carlos  (Salt Lake County Council District 2) — Finalcial Disclosure - April 5 - Amend",https://ecf-api.easyvoteapp.com/documents/AC481676-A2EE-4417-A611-0BE1BD5358EF/viewfinalredactedpdf,2026-08-01,scanned,tesseract OCR (pdftoppm 300dpi),raw/easyvote/Moreno-Carlos__AC481676.pdf,easyvote,AC481676-A2EE-4417-A611-0BE1BD5358EF,810a4e6de75107b8d38d113a71bf2bd04345594a1ea9ba8872315f35fdc439d2,Officeholder,no,yes
2025-08-08,"Moreno, Carlos ",County Council,District 2,2024,interim,Year-End Financial Disclosure - Amend,"Moreno, Carlos  (Salt Lake County Council District 2) — Year-End Financial Disclosure - Amend",https://ecf-api.easyvoteapp.com/documents/C5D5948C-B18D-4254-9713-65891F933339/viewfinalredactedpdf,2026-08-01,scanned,tesseract OCR (pdftoppm 300dpi),raw/easyvote/Moreno-Carlos__C5D5948C.pdf,easyvote,C5D5948C-B18D-4254-9713-65891F933339,67a1c2bd805f3c97953877123fc15a03e1cbb72b3e5f2891676a1f0f071ffe3c,Officeholder,no,no
2025-01-31,"Moreno, Carlos ",County Council,District 2,2024,interim,Year-End Financial Disclosure,"Moreno, Carlos  (Salt Lake County Council District 2) — Year-End Financial Disclosure",https://ecf-api.easyvoteapp.com/documents/F6C587F1-16F4-4835-9DD9-205170471A4B/viewfinalredactedpdf,2026-08-01,scanned,tesseract OCR (pdftoppm 300dpi),raw/easyvote/Moreno-Carlos__F6C587F1.pdf,easyvote,F6C587F1-16F4-4835-9DD9-205170471A4B,0c3b752373e0461f38674309b031e929e9d83bf6e06c5e08f7364fd759bed881,Officeholder,no,no
2025-02-03,"Morris, Rachelle",County Council,At-Large C,2024,interim,Rachelle Morris 2024 Year End,"Morris, Rachelle (Salt Lake County Council At-Large C) — Rachelle Morris 2024 Year End",https://ecf-api.easyvoteapp.com/documents/0A4FCEF6-BFEB-4789-A2E2-39A264B8AA57/viewfinalredactedpdf,2026-08-01,scanned,tesseract OCR (pdftoppm 300dpi),raw/easyvote/Morris-Rachelle__0A4FCEF6.pdf,easyvote,0A4FCEF6-BFEB-4789-A2E2-39A264B8AA57,7c080c4a010e9cc1858f7733e2cd43b204698a047203169df77fd4545958b3bd,Campaign,no,no
2024-04-05,"Morris, Rachelle",County Council,At-Large C,2024,interim,"Rachelle- April 5, 2024","Morris, Rachelle (Salt Lake County Council At-Large C) — Rachelle- April 5, 2024",https://ecf-api.easyvoteapp.com/documents/0B7E7C78-10F2-4005-9018-A646F71DC187/viewfinalredactedpdf,2026-08-01,scanned,tesseract OCR (pdftoppm 300dpi),raw/easyvote/Morris-Rachelle__0B7E7C78.pdf,easyvote,0B7E7C78-10F2-4005-9018-A646F71DC187,311cf53dec45c6979e7746ec6bdb7dea59c9108951b98b35ee84781614e5604a,Campaign,no,no
2024-10-29,"Morris, Rachelle",County Council,At-Large C,2024,interim,Rachelle Morris Oct 29,"Morris, Rachelle (Salt Lake County Council At-Large C) — Rachelle Morris Oct 29",https://ecf-api.easyvoteapp.com/documents/16E060F6-6012-4E15-86EF-1DCBC7791B98/viewfinalredactedpdf,2026-08-01,scanned,tesseract OCR (pdftoppm 300dpi),raw/easyvote/Morris-Rachelle__16E060F6.pdf,easyvote,16E060F6-6012-4E15-86EF-1DCBC7791B98,bec18f37e1bbdabfe6d285625de00439cc6ca763a41c9cf2b3605a0e92ef941c,Campaign,no,no
2024-09-16,"Morris, Rachelle",County Council,At-Large C,2024,interim,Sep 16 Filing,"Morris, Rachelle (Salt Lake County Council At-Large C) — Sep 16 Filing",https://ecf-api.easyvoteapp.com/documents/250F447D-76B7-4DF7-A302-AB1B7252D678/viewfinalredactedpdf,2026-08-01,scanned,tesseract OCR (pdftoppm 300dpi),raw/easyvote/Morris-Rachelle__250F447D.pdf,easyvote,250F447D-76B7-4DF7-A302-AB1B7252D678,31cf61d397474a61a00879f42363d0372c3145df176746baa02f1ea7f02c2c9e,Campaign,no,no
2024-01-29,"Morris, Rachelle",County Council,At-Large C,2024,interim,Rachelle Morris for Salt Lake County Council,"Morris, Rachelle (Salt Lake County Council At-Large C) — Rachelle Morris for Salt Lake County Council",https://ecf-api.easyvoteapp.com/documents/2AF0365C-8D7E-4DB4-A388-A4D6FEDA13C2/viewfinalredactedpdf,2026-08-01,scanned,tesseract OCR (pdftoppm 300dpi),raw/easyvote/Morris-Rachelle__2AF0365C.pdf,easyvote,2AF0365C-8D7E-4DB4-A388-A4D6FEDA13C2,aa0f18b89db1e12ab33cb9ea677067ef5a809126b72f3aeb44989e69bfb27275,Campaign,no,yes
2024-06-18,"Morris, Rachelle",County Council,At-Large C,2024,interim,rm@voterachellemorris.com,"Morris, Rachelle (Salt Lake County Council At-Large C) — rm@voterachellemorris.com",https://ecf-api.easyvoteapp.com/documents/66CEE03B-0428-4C9E-91C7-84DDA1166C3F/viewfinalredactedpdf,2026-08-01,scanned,tesseract OCR (pdftoppm 300dpi),raw/easyvote/Morris-Rachelle__66CEE03B.pdf,easyvote,66CEE03B-0428-4C9E-91C7-84DDA1166C3F,1f9a389028e1a90af3ab2f147a39ba544302e856aa910fde1de4f8a8675a8545,Campaign,no,no
2024-09-18,"Morris, Rachelle",County Council,At-Large C,2024,interim,"Rachelle-September 16, 2024","Morris, Rachelle (Salt Lake County Council At-Large C) — Rachelle-September 16, 2024",https://ecf-api.easyvoteapp.com/documents/70D5D5D2-E8C4-41A4-A8DC-3B9508688957/viewfinalredactedpdf,2026-08-01,scanned,tesseract OCR (pdftoppm 300dpi),raw/easyvote/Morris-Rachelle__70D5D5D2.pdf,easyvote,70D5D5D2-E8C4-41A4-A8DC-3B9508688957,f175933599e35c5f38d47a653f1a7a0709aad3fe01ad617878a7d64a1e3f5b27,Campaign,no,no
2024-06-18,"Olson, Katie",County Council,District 2,2024,interim,katie@votekatieolson.com,"Olson, Katie (Salt Lake County Council District 2) — katie@votekatieolson.com",https://ecf-api.easyvoteapp.com/documents/0C3BF615-2372-4A3A-BE4E-C1D9D663B89A/viewfinalredactedpdf,2026-08-01,scanned,tesseract OCR (pdftoppm 300dpi),raw/easyvote/Olson-Katie__0C3BF615.pdf,easyvote,0C3BF615-2372-4A3A-BE4E-C1D9D663B89A,8511ea308849ce35acef61126c123a7b55a8342533d7f15afc717e1d31065ac6,Campaign,no,no
2024-01-30,"Olson, Katie",County Council,District 2,2024,interim,20240131,"Olson, Katie (Salt Lake County Council District 2) — 20240131",https://ecf-api.easyvoteapp.com/documents/11F8D121-C03A-4AC4-899C-6723B021677F/viewfinalredactedpdf,2026-08-01,scanned,tesseract OCR (pdftoppm 300dpi),raw/easyvote/Olson-Katie__11F8D121.pdf,easyvote,11F8D121-C03A-4AC4-899C-6723B021677F,496c57742c23059ece407a3c1e065183f3e18042b066124bd74d40c5a9dd238a,Campaign,no,yes
2024-09-16,"Olson, Katie",County Council,District 2,2024,interim,katie@votekatieolson.com,"Olson, Katie (Salt Lake County Council District 2) — katie@votekatieolson.com",https://ecf-api.easyvoteapp.com/documents/287617F3-DAC5-4443-A1C3-765BBDE79B78/viewfinalredactedpdf,2026-08-01,scanned,tesseract OCR (pdftoppm 300dpi),raw/easyvote/Olson-Katie__287617F3.pdf,easyvote,287617F3-DAC5-4443-A1C3-765BBDE79B78,a82c944fc92afbc9aaa39952eaa3cef10336701f5cb1f250c913dba84c104afe,Campaign,no,no
2024-10-29,"Olson, Katie",County Council,District 2,2024,interim,katie@votekatieolson.com,"Olson, Katie (Salt Lake County Council District 2) — katie@votekatieolson.com",https://ecf-api.easyvoteapp.com/documents/9C3E9AC2-E76A-4D48-AB70-50D857407DF7/viewfinalredactedpdf,2026-08-01,scanned,tesseract OCR (pdftoppm 300dpi),raw/easyvote/Olson-Katie__9C3E9AC2.pdf,easyvote,9C3E9AC2-E76A-4D48-AB70-50D857407DF7,c82a6b9fbdffcfd2ed158068f444aeefd63c838241a43e95195d0228b18ad5bb,Campaign,no,no
2024-04-05,"Olson, Katie",County Council,District 2,2024,interim,20240406 Report,"Olson, Katie (Salt Lake County Council District 2) — 20240406 Report",https://ecf-api.easyvoteapp.com/documents/9D62BDC6-0328-4F4C-BC56-92717A348E33/viewfinalredactedpdf,2026-08-01,scanned,tesseract OCR (pdftoppm 300dpi),raw/easyvote/Olson-Katie__9D62BDC6.pdf,easyvote,9D62BDC6-0328-4F4C-BC56-92717A348E33,3a2002ab835b2ef2830c11a6ba2f76370d6ae6f240daa44046e06a435b90f09f,Campaign,no,no
2025-01-31,"Olson, Katie",County Council,District 2,2024,interim,katie@votekatieolson.com,"Olson, Katie (Salt Lake County Council District 2) — katie@votekatieolson.com",https://ecf-api.easyvoteapp.com/documents/BF2B7006-B995-4B07-903C-9CB65E657385/viewfinalredactedpdf,2026-08-01,scanned,tesseract OCR (pdftoppm 300dpi),raw/easyvote/Olson-Katie__BF2B7006.pdf,easyvote,BF2B7006-B995-4B07-903C-9CB65E657385,bf434235461fd159d13373cd4e63005a91cdbe260ebc3a3561617f72f132d5b9,Campaign,no,no
2025-05-28,"Padilla Vega, Jeanette",County Council,,2024,interim,Financial Disclosure,"Padilla Vega, Jeanette (County Council District) — Financial Disclosure",https://ecf-api.easyvoteapp.com/documents/EBA2BFE3-E5B8-499C-9F5D-FAC32D6368FF/viewfinalredactedpdf,2026-08-01,scanned,tesseract OCR (pdftoppm 300dpi),raw/easyvote/Padilla-Vega-Jeanette__EBA2BFE3.pdf,easyvote,EBA2BFE3-E5B8-499C-9F5D-FAC32D6368FF,9db2025a58d7698d79f3be3cbce1765f96935d15cc05d92b66b5f8dfb5ba06e7,Candidate,no,no
2025-05-28,"Padilla Vega, Jeanette",County Council,,2024,interim,County financial disclosure,"Padilla Vega, Jeanette (County Council District) — County financial disclosure",https://ecf-api.easyvoteapp.com/documents/ED57ECD9-8C06-4186-81D4-61EE0CDC805A/viewfinalredactedpdf,2026-08-01,scanned,tesseract OCR (pdftoppm 300dpi),raw/easyvote/Padilla-Vega-Jeanette__ED57ECD9.pdf,easyvote,ED57ECD9-8C06-4186-81D4-61EE0CDC805A,36658ff47d33e36c2767f5b790926bd61e9c826f15659ee1ff719d9802826a4f,Candidate,no,no
2025-01-26,"Park, Bradley",Surveyor,,2024,interim,2024 Year End,"Park, Bradley (Salt Lake County Surveyor) — 2024 Year End",https://ecf-api.easyvoteapp.com/documents/3E83F241-44C0-4669-892D-41CB2C99B923/viewfinalredactedpdf,2026-08-01,scanned,tesseract OCR (pdftoppm 300dpi),raw/easyvote/Park-Bradley__3E83F241.pdf,easyvote,3E83F241-44C0-4669-892D-41CB2C99B923,41e5cc071d9ece4c7355d0ded825301f400f12abd05446efadf619fa451b64b3,Officeholder,no,yes
2024-06-18,"Park, Bradley",Surveyor,,2024,interim,June 18th 2024,"Park, Bradley (Salt Lake County Surveyor) — June 18th 2024",https://ecf-api.easyvoteapp.com/documents/41082314-5267-4344-9591-D93212CE5457/viewfinalredactedpdf,2026-08-01,scanned,tesseract OCR (pdftoppm 300dpi),raw/easyvote/Park-Bradley__41082314.pdf,easyvote,41082314-5267-4344-9591-D93212CE5457,5d8edacb79c31dfe47cd6f3b9b249c649064cb20da55a343eb576b8b14dda28d,Officeholder,no,yes
2024-04-05,"Park, Bradley",Surveyor,,2024,interim,"April 5th, 2024","Park, Bradley (Salt Lake County Surveyor) — April 5th, 2024",https://ecf-api.easyvoteapp.com/documents/4432875E-2296-4861-8A64-6685D165A9EE/viewfinalredactedpdf,2026-08-01,scanned,tesseract OCR (pdftoppm 300dpi),raw/easyvote/Park-Bradley__4432875E.pdf,easyvote,4432875E-2296-4861-8A64-6685D165A9EE,31e625b77a9029650f139bad4defd5c6040d11d10859fc20864e04c831525136,Officeholder,no,no
2024-09-16,"Park, Bradley",Surveyor,,2024,interim,"September 16, 2024","Park, Bradley (Salt Lake County Surveyor) — September 16, 2024",https://ecf-api.easyvoteapp.com/documents/D70B44C7-A5E3-45F6-90A9-D6283A448E2B/viewfinalredactedpdf,2026-08-01,scanned,tesseract OCR (pdftoppm 300dpi),raw/easyvote/Park-Bradley__D70B44C7.pdf,easyvote,D70B44C7-A5E3-45F6-90A9-D6283A448E2B,2302ff7d60941351fda02f238f15dd3bb30a9fe138d8cd643fc2724dbaac264f,Officeholder,no,yes
2024-10-28,"Park, Bradley",Surveyor,,2024,interim,"Oct. 29th, 2024","Park, Bradley (Salt Lake County Surveyor) — Oct. 29th, 2024",https://ecf-api.easyvoteapp.com/documents/DFC5BE9C-C59F-4AEB-B0BA-2650C2B93203/viewfinalredactedpdf,2026-08-01,scanned,tesseract OCR (pdftoppm 300dpi),raw/easyvote/Park-Bradley__DFC5BE9C.pdf,easyvote,DFC5BE9C-C59F-4AEB-B0BA-2650C2B93203,9a461040c5c0f20afbf2809e32e2fb6822fca8030f4a278c42cc0fe9f8080828,Officeholder,no,yes
2024-04-08,"Park, Bradley",Surveyor,,2024,interim,April 5th 2024,"Park, Bradley (Salt Lake County Surveyor) — April 5th 2024",https://ecf-api.easyvoteapp.com/documents/E25A53F9-4438-497E-A7B7-DE4CC872921B/viewfinalredactedpdf,2026-08-01,scanned,tesseract OCR (pdftoppm 300dpi),raw/easyvote/Park-Bradley__E25A53F9.pdf,easyvote,E25A53F9-4438-497E-A7B7-DE4CC872921B,f8fab906ecd6d577c02258fcbdf87beff58955cae047d9bb4575f26ad4a96613,Officeholder,no,yes
2025-06-06,"Parke, Kevin",County Council,District 1,2024,interim,kevin.s.parke@gmail.com,"Parke, Kevin (Salt Lake County Council District 1) — kevin.s.parke@gmail.com",https://ecf-api.easyvoteapp.com/documents/0969191F-C686-49D4-9011-FB16FDC11130/viewfinalredactedpdf,2026-08-01,scanned,tesseract OCR (pdftoppm 300dpi),raw/easyvote/Parke-Kevin__0969191F.pdf,easyvote,0969191F-C686-49D4-9011-FB16FDC11130,dcd9f5a30f03e4e71b363bf994b43968f46e5ae01e862174f64152edbedccb23,Campaign,no,yes
2025-01-30,"Pinkney, Natalie",County Council,At-Large C,2024,interim,1.31.25,"Pinkney, Natalie (Salt Lake County Council At-Large C) — 1.31.25",https://ecf-api.easyvoteapp.com/documents/094D8FF8-0DBB-4E61-AFCD-F353B0E749CE/viewfinalredactedpdf,2026-08-01,scanned,tesseract OCR (pdftoppm 300dpi),raw/easyvote/Pinkney-Natalie__094D8FF8.pdf,easyvote,094D8FF8-0DBB-4E61-AFCD-F353B0E749CE,77736e74daebb9c7a79fb3f9be6bb62d8b26a6f4a65cbfbc1f025fdcaff20af9,Officeholder,no,yes
2024-06-20,"Pinkney, Natalie",County Council,At-Large C,2024,interim,Mason@electnatalie.com,"Pinkney, Natalie (Salt Lake County Council At-Large C) — Mason@electnatalie.com",https://ecf-api.easyvoteapp.com/documents/099E82A7-61FE-432E-B019-9159D529E43C/viewfinalredactedpdf,2026-08-01,scanned,tesseract OCR (pdftoppm 300dpi),raw/easyvote/Pinkney-Natalie__099E82A7.pdf,easyvote,099E82A7-61FE-432E-B019-9159D529E43C,7aef6ebbd1984c4e9a08bf5d41f99b5838cd03d3a61c82b84cd3a54f984585b9,Officeholder,no,yes
2024-09-16,"Pinkney, Natalie",County Council,At-Large C,2024,interim,September,"Pinkney, Natalie (Salt Lake County Council At-Large C) — September",https://ecf-api.easyvoteapp.com/documents/389BC326-C768-4AEE-A6EB-0526FFC333F0/viewfinalredactedpdf,2026-08-01,scanned,tesseract OCR (pdftoppm 300dpi),raw/easyvote/Pinkney-Natalie__389BC326.pdf,easyvote,389BC326-C768-4AEE-A6EB-0526FFC333F0,40641df29e296577882c57526396685dcdfc2f56570b704ebfcc5c077218d0dd,Officeholder,no,yes
2024-06-18,"Pinkney, Natalie",County Council,At-Large C,2024,interim,6/18/24 Financial Report,"Pinkney, Natalie (Salt Lake County Council At-Large C) — 6/18/24 Financial Report",https://ecf-api.easyvoteapp.com/documents/4F50E512-978E-42E8-B349-385419F4E928/viewfinalredactedpdf,2026-08-01,scanned,tesseract OCR (pdftoppm 300dpi),raw/easyvote/Pinkney-Natalie__4F50E512.pdf,easyvote,4F50E512-978E-42E8-B349-385419F4E928,274a38d2251b8c0bff86fb050f300a58ddd52631e1505267c09d7adab496925a,Officeholder,no,no
2024-04-05,"Pinkney, Natalie",County Council,At-Large C,2024,interim,first24disclosure,"Pinkney, Natalie (Salt Lake County Council At-Large C) — first24disclosure",https://ecf-api.easyvoteapp.com/documents/7AB44FC8-5C8B-41B6-88BC-810E549FF9A6/viewfinalredactedpdf,2026-08-01,scanned,tesseract OCR (pdftoppm 300dpi),raw/easyvote/Pinkney-Natalie__7AB44FC8.pdf,easyvote,7AB44FC8-5C8B-41B6-88BC-810E549FF9A6,2fc73968dd6b64454876a945ad6f4837bfa2c874a1a2d473f4d2880b41cd5230,Officeholder,no,yes
2024-10-29,"Pinkney, Natalie",County Council,At-Large C,2024,interim,October Filing,"Pinkney, Natalie (Salt Lake County Council At-Large C) — October Filing",https://ecf-api.easyvoteapp.com/documents/AA9BA28B-FA72-45AE-BA31-6CDABD48AA1A/viewfinalredactedpdf,2026-08-01,scanned,tesseract OCR (pdftoppm 300dpi),raw/easyvote/Pinkney-Natalie__AA9BA28B.pdf,easyvote,AA9BA28B-FA72-45AE-BA31-6CDABD48AA1A,a0e3f27fb8f8cca54fc17eaec1da61ba506dcd9666bd92cd6e54dc1197c96b48,Officeholder,no,yes
2025-01-21,"Rider, Erin",Mayor,,2024,interim,Year End 2024,"Rider, Erin (Salt Lake County Mayor) — Year End 2024",https://ecf-api.easyvoteapp.com/documents/39FB5D61-8DF6-451D-AA8F-0DF3BFFD719C/viewfinalredactedpdf,2026-08-01,scanned,tesseract OCR (pdftoppm 300dpi),raw/easyvote/Rider-Erin__39FB5D61.pdf,easyvote,39FB5D61-8DF6-451D-AA8F-0DF3BFFD719C,b3b24c77373ec3f8496e170cec56b050d1486584c5e3033d40e510536950f5bf,Campaign,no,yes
2024-09-16,"Rider, Erin",Mayor,,2024,interim,15 SEP 24 Repot,"Rider, Erin (Salt Lake County Mayor) — 15 SEP 24 Repot",https://ecf-api.easyvoteapp.com/documents/48B24829-D1D1-4B2F-8754-E29AC9826A5D/viewfinalredactedpdf,2026-08-01,scanned,tesseract OCR (pdftoppm 300dpi),raw/easyvote/Rider-Erin__48B24829.pdf,easyvote,48B24829-D1D1-4B2F-8754-E29AC9826A5D,691625d9193dfe558e6151fd4e64faed9bc04e1d9e86a5e0312f066246180d51,Campaign,no,yes
2024-01-31,"Rider, Erin",Mayor,,2024,interim,Year End Report,"Rider, Erin (Salt Lake County Mayor) — Year End Report",https://ecf-api.easyvoteapp.com/documents/5A1FD258-A9D8-44A5-B32D-58B7247927EB/viewfinalredactedpdf,2026-08-01,scanned,tesseract OCR (pdftoppm 300dpi),raw/easyvote/Rider-Erin__5A1FD258.pdf,easyvote,5A1FD258-A9D8-44A5-B32D-58B7247927EB,52dceefe939b9cffce5f19da4912c84448372eb081b57bc9e1fb39c3ef1135ec,Campaign,no,no
2024-04-05,"Rider, Erin",Mayor,,2024,interim,County and Local School Board Financial Disclosure Form,"Rider, Erin (Salt Lake County Mayor) — County and Local School Board Financial Disclosure Form",https://ecf-api.easyvoteapp.com/documents/88AE8B43-0A65-489B-B2B9-5398B1203682/viewfinalredactedpdf,2026-08-01,scanned,tesseract OCR (pdftoppm 300dpi),raw/easyvote/Rider-Erin__88AE8B43.pdf,easyvote,88AE8B43-0A65-489B-B2B9-5398B1203682,1e650527fd796f060cd4c13228abdedbfec22aa2b27710150afd312a2ca5759e,Campaign,no,yes
2024-10-29,"Rider, Erin",Mayor,,2024,interim,29 OCT 24,"Rider, Erin (Salt Lake County Mayor) — 29 OCT 24",https://ecf-api.easyvoteapp.com/documents/9C920341-24F8-4A15-A21F-3D3D779A49B7/viewfinalredactedpdf,2026-08-01,scanned,tesseract OCR (pdftoppm 300dpi),raw/easyvote/Rider-Erin__9C920341.pdf,easyvote,9C920341-24F8-4A15-A21F-3D3D779A49B7,9063c5a6b9672acb745b1c918194b3fe5952c8cd20d0c48a5b35820b9e97bcc7,Campaign,no,yes
2024-06-18,"Rider, Erin",Mayor,,2024,interim,Erin Rider 18 JUNE 24 Report,"Rider, Erin (Salt Lake County Mayor) — Erin Rider 18 JUNE 24 Report",https://ecf-api.easyvoteapp.com/documents/9D09F3A8-8534-4568-9F47-62C8026ACEA7/viewfinalredactedpdf,2026-08-01,scanned,tesseract OCR (pdftoppm 300dpi),raw/easyvote/Rider-Erin__9D09F3A8.pdf,easyvote,9D09F3A8-8534-4568-9F47-62C8026ACEA7,76f948fb3ad8b49e72484670b23f5e4f40492f23c5f66738a20a36c7bb529700,Campaign,no,yes
2024-01-26,"Rivera, Rosie",Sheriff,,2024,interim,2023 End of Year Report,"Rivera, Rosie (Salt Lake County Sheriff) — 2023 End of Year Report",https://ecf-api.easyvoteapp.com/documents/17C4FB45-371C-4629-A0B5-022A613BC94B/viewfinalredactedpdf,2026-08-01,scanned,tesseract OCR (pdftoppm 300dpi),raw/easyvote/Rivera-Rosie__17C4FB45.pdf,easyvote,17C4FB45-371C-4629-A0B5-022A613BC94B,94af0046307ffc1365e1327b625776c1c01ce7521c2c2cb3d8059604a5f1b7e7,Incumbent,no,no
2025-01-30,"Rivera, Rosie",Sheriff,,2024,interim,2024 End of Year Financial Disclosure,"Rivera, Rosie (Salt Lake County Sheriff) — 2024 End of Year Financial Disclosure",https://ecf-api.easyvoteapp.com/documents/1D42F17C-FBE9-4863-A3E3-88DF6DEA5ED5/viewfinalredactedpdf,2026-08-01,scanned,tesseract OCR (pdftoppm 300dpi),raw/easyvote/Rivera-Rosie__1D42F17C.pdf,easyvote,1D42F17C-FBE9-4863-A3E3-88DF6DEA5ED5,41187bd5ff0b73b99b8c76a5b0212088f2d363c393ca89d41067d07b2aa2edd7,Incumbent,no,no
2024-09-16,"Robinson, Zach",County Council,District 6,2024,interim,votezachrobinson@gmail.com,"Robinson, Zach (Salt Lake County Council District 6) — votezachrobinson@gmail.com",https://ecf-api.easyvoteapp.com/documents/02810B0E-25D7-4321-A417-9330522AB1F5/viewfinalredactedpdf,2026-08-01,scanned,tesseract OCR (pdftoppm 300dpi),raw/easyvote/Robinson-Zach__02810B0E.pdf,easyvote,02810B0E-25D7-4321-A417-9330522AB1F5,4144bb271bd606e3ca9fe61fb539bfe1386edd3f8bef18e3bfef438a656b6879,Campaign,no,yes
2024-10-29,"Robinson, Zach",County Council,District 6,2024,interim,Oct report,"Robinson, Zach (Salt Lake County Council District 6) — Oct report",https://ecf-api.easyvoteapp.com/documents/039CC3A9-6D26-4A56-B857-FB322DB420B4/viewfinalredactedpdf,2026-08-01,scanned,tesseract OCR (pdftoppm 300dpi),raw/easyvote/Robinson-Zach__039CC3A9.pdf,easyvote,039CC3A9-6D26-4A56-B857-FB322DB420B4,98f2c0cc757e7512c0cd630225496de50dd4cabf5c691bac2a6255f0cf0583ab,Campaign,no,yes
2025-01-15,"Robinson, Zach",County Council,District 6,2024,interim,Year end 2024,"Robinson, Zach (Salt Lake County Council District 6) — Year end 2024",https://ecf-api.easyvoteapp.com/documents/4897ED16-DDE7-4F82-82AB-E16B303B5FCD/viewfinalredactedpdf,2026-08-01,scanned,tesseract OCR (pdftoppm 300dpi),raw/easyvote/Robinson-Zach__4897ED16.pdf,easyvote,4897ED16-DDE7-4F82-82AB-E16B303B5FCD,a00df9798fa9dc272e9d4be2d92ca6b30782745e2e4a65a8d00fe1e75ee6475a,Campaign,no,yes
2024-04-03,"Robinson, Zach",County Council,District 6,2024,interim,Robinson April 5th Report,"Robinson, Zach (Salt Lake County Council District 6) — Robinson April 5th Report",https://ecf-api.easyvoteapp.com/documents/48D800A1-4E11-4E83-86F7-228595E98606/viewfinalredactedpdf,2026-08-01,scanned,tesseract OCR (pdftoppm 300dpi),raw/easyvote/Robinson-Zach__48D800A1.pdf,easyvote,48D800A1-4E11-4E83-86F7-228595E98606,2a6edd192cd5a3cafbb8f764b32888bd72f7372729ad50383922ce600a8171ba,Campaign,no,yes
2024-06-18,"Robinson, Zach",County Council,District 6,2024,interim,votezachrobinson@gmail.com,"Robinson, Zach (Salt Lake County Council District 6) — votezachrobinson@gmail.com",https://ecf-api.easyvoteapp.com/documents/92CF175F-AC8E-4A9B-97F2-DEEE64EC215D/viewfinalredactedpdf,2026-08-01,scanned,tesseract OCR (pdftoppm 300dpi),raw/easyvote/Robinson-Zach__92CF175F.pdf,easyvote,92CF175F-AC8E-4A9B-97F2-DEEE64EC215D,1221828784b08e2b23e326c9a89973feacd3f7c4ba664f2c3b36fb7760198d8c,Campaign,no,yes
2024-01-10,"Robinson, Zach",County Council,District 6,2024,interim,votezachrobinson@gmail.com,"Robinson, Zach (Salt Lake County Council District 6) — votezachrobinson@gmail.com",https://ecf-api.easyvoteapp.com/documents/C9F280D9-13DA-4698-AB54-288CDBC25F09/viewfinalredactedpdf,2026-08-01,scanned,tesseract OCR (pdftoppm 300dpi),raw/easyvote/Robinson-Zach__C9F280D9.pdf,easyvote,C9F280D9-13DA-4698-AB54-288CDBC25F09,9f0d29c464e0784d12df3c2ced58fefe7d25e1c38b3affa3270d221047ff4847,Campaign,no,yes
2024-04-03,"Romero, Ross",County Council,District 4,2024,interim,April 5th 2024,"Romero, Ross (Salt Lake County Council District 4) — April 5th 2024",https://ecf-api.easyvoteapp.com/documents/29E80F5D-D6EE-43F5-9DE3-FA178249F477/viewfinalredactedpdf,2026-08-01,scanned,tesseract OCR (pdftoppm 300dpi),raw/easyvote/Romero-Ross__29E80F5D.pdf,easyvote,29E80F5D-D6EE-43F5-9DE3-FA178249F477,8e49e13d7a13da6bc1a2089b50109cd500fb5d4ea15265825b8f8dcb76e33ce5,Officeholder,no,yes
2024-09-16,"Romero, Ross",County Council,District 4,2024,interim,August 1,"Romero, Ross (Salt Lake County Council District 4) — August 1",https://ecf-api.easyvoteapp.com/documents/3CCA7B98-B7ED-4F60-A614-98305D6A62D0/viewfinalredactedpdf,2026-08-01,scanned,tesseract OCR (pdftoppm 300dpi),raw/easyvote/Romero-Ross__3CCA7B98.pdf,easyvote,3CCA7B98-B7ED-4F60-A614-98305D6A62D0,44cd8804b056d36e8eb4f922b75529149bd60069b07f5b50e21389865cd0bb16,Officeholder,no,yes
2024-10-29,"Romero, Ross",County Council,District 4,2024,interim,October  29,"Romero, Ross (Salt Lake County Council District 4) — October  29",https://ecf-api.easyvoteapp.com/documents/606C3E5A-171B-462D-BA03-B4A4F8D3D0C2/viewfinalredactedpdf,2026-08-01,scanned,tesseract OCR (pdftoppm 300dpi),raw/easyvote/Romero-Ross__606C3E5A.pdf,easyvote,606C3E5A-171B-462D-BA03-B4A4F8D3D0C2,37dcde1e0ff621743d64bf9cf9344df957df34f5567bde73b381cd5295d56eb2,Officeholder,no,yes
2024-01-29,"Romero, Ross",County Council,District 4,2024,interim,January 31 2024 ,"Romero, Ross (Salt Lake County Council District 4) — January 31 2024",https://ecf-api.easyvoteapp.com/documents/BC896153-A476-41FF-AE8F-611C1870013A/viewfinalredactedpdf,2026-08-01,scanned,tesseract OCR (pdftoppm 300dpi),raw/easyvote/Romero-Ross__BC896153.pdf,easyvote,BC896153-A476-41FF-AE8F-611C1870013A,edee425e9007dcc8f39a9560dd55fdc7bbff29cf3c74207c51ed080ea843c468,Officeholder,no,yes
2025-01-27,"Romero, Ross",County Council,District 4,2024,interim,EOY 2024,"Romero, Ross (Salt Lake County Council District 4) — EOY 2024",https://ecf-api.easyvoteapp.com/documents/EB2B591E-FB3B-42F2-A502-C7F77AA3AF94/viewfinalredactedpdf,2026-08-01,scanned,tesseract OCR (pdftoppm 300dpi),raw/easyvote/Romero-Ross__EB2B591E.pdf,easyvote,EB2B591E-FB3B-42F2-A502-C7F77AA3AF94,08ae16154f2d561ac00b8d9e99c5b2a5d20300eb293e80328b9757818e77afe0,Officeholder,no,yes
2024-06-18,"Romero, Ross",County Council,District 4,2024,interim,June 18 2024,"Romero, Ross (Salt Lake County Council District 4) — June 18 2024",https://ecf-api.easyvoteapp.com/documents/F5C67942-DE54-4873-8CEB-10E665A0CA80/viewfinalredactedpdf,2026-08-01,scanned,tesseract OCR (pdftoppm 300dpi),raw/easyvote/Romero-Ross__F5C67942.pdf,easyvote,F5C67942-DE54-4873-8CEB-10E665A0CA80,e3f3ca8fbcbe8eea4895c6487b64ddee398aa188fc6496deff116d73b77cbb35,Officeholder,no,yes
2025-06-06,"Salazar, Nate",County Council,District 1,2024,interim,Nate Salazar Financial Disclosure Form,"Salazar, Nate (Salt Lake County Council District 1) — Nate Salazar Financial Disclosure Form",https://ecf-api.easyvoteapp.com/documents/EACDCF8F-C22D-4A29-919A-BABD9F511AE1/viewfinalredactedpdf,2026-08-01,scanned,tesseract OCR (pdftoppm 300dpi),raw/easyvote/Salazar-Nate__EACDCF8F.pdf,easyvote,EACDCF8F-C22D-4A29-919A-BABD9F511AE1,098635773350c26483186242b9ec2cbaca50d263afa2179a7eaaec5466d575bb,Campaign,no,yes
2025-06-12,"Sanchez, Paul",County Council,District 1,2024,interim,Midterm Vacancy,"Sanchez, Paul (Salt Lake County Council District 1) — Midterm Vacancy",https://ecf-api.easyvoteapp.com/documents/0EFB15FB-BB72-48C4-B1AF-BECF8772B6D8/viewfinalredactedpdf,2026-08-01,scanned,tesseract OCR (pdftoppm 300dpi),raw/easyvote/Sanchez-Paul__0EFB15FB.pdf,easyvote,0EFB15FB-BB72-48C4-B1AF-BECF8772B6D8,df5ee3c292aed51e1dd1853b06693a50ff597cd0a39fd6a0e1ba11d68047b41f,Campaign,no,no
2024-06-20,"Settterberg, Kent",Surveyor,,2024,interim,2nd Amended 6/18/2024 report,"Settterberg, Kent (Salt Lake County Surveyor) — 2nd Amended 6/18/2024 report",https://ecf-api.easyvoteapp.com/documents/05E9EED2-A773-4DFD-BFA7-A21ABACA3ED4/viewfinalredactedpdf,2026-08-01,scanned,tesseract OCR (pdftoppm 300dpi),raw/easyvote/Settterberg-Kent__05E9EED2.pdf,easyvote,05E9EED2-A773-4DFD-BFA7-A21ABACA3ED4,2d4fd8f06bb88a525935b1c0691e190ee430d7500f8dc36118aeea0b1635d044,Candidate,no,yes
2024-06-19,"Settterberg, Kent",Surveyor,,2024,interim,Amended 6/18/2024 report,"Settterberg, Kent (Salt Lake County Surveyor) — Amended 6/18/2024 report",https://ecf-api.easyvoteapp.com/documents/145873E6-5F7B-4060-BD13-8F4399B8F5F1/viewfinalredactedpdf,2026-08-01,scanned,tesseract OCR (pdftoppm 300dpi),raw/easyvote/Settterberg-Kent__145873E6.pdf,easyvote,145873E6-5F7B-4060-BD13-8F4399B8F5F1,91cdff7a64cc33ce4c9a0731cf4b1640320ddc847a6c0848a08ceacc006ddc9f,Candidate,no,no
2024-06-18,"Settterberg, Kent",Surveyor,,2024,interim,County and Local School Board Financial Disclosure Form,"Settterberg, Kent (Salt Lake County Surveyor) — County and Local School Board Financial Disclosure Form",https://ecf-api.easyvoteapp.com/documents/5E93A88F-5EA0-4AE5-BEDB-AB93F54C4C17/viewfinalredactedpdf,2026-08-01,scanned,tesseract OCR (pdftoppm 300dpi),raw/easyvote/Settterberg-Kent__5E93A88F.pdf,easyvote,5E93A88F-5EA0-4AE5-BEDB-AB93F54C4C17,2458524e41aa3de995dfd6fe8c19d035e23972917aac438a490d665441ff7cde,Candidate,no,no
2025-01-07,"Settterberg, Kent",Surveyor,,2024,interim,Dec 2024,"Settterberg, Kent (Salt Lake County Surveyor) — Dec 2024",https://ecf-api.easyvoteapp.com/documents/78044AA4-D4A8-4E57-A460-952E3A140880/viewfinalredactedpdf,2026-08-01,scanned,tesseract OCR (pdftoppm 300dpi),raw/easyvote/Settterberg-Kent__78044AA4.pdf,easyvote,78044AA4-D4A8-4E57-A460-952E3A140880,8005fc64084ae4c6bd7e38a8acf1df1dc1bc136c09575617d59f9e5a7c1bf5fe,Candidate,no,yes
2024-09-16,"Settterberg, Kent",Surveyor,,2024,interim,September County and Local School Board Financial Disclosure Form,"Settterberg, Kent (Salt Lake County Surveyor) — September County and Local School Board Financial Disclosure Form",https://ecf-api.easyvoteapp.com/documents/8F7BFBAF-7EAB-4FF8-A6BC-2FFC51335AED/viewfinalredactedpdf,2026-08-01,scanned,tesseract OCR (pdftoppm 300dpi),raw/easyvote/Settterberg-Kent__8F7BFBAF.pdf,easyvote,8F7BFBAF-7EAB-4FF8-A6BC-2FFC51335AED,57aef6e7aebc5b124f69f57b59e2b296ae611f181b0ecabb69c2568e225c718f,Candidate,no,yes
2024-04-01,"Settterberg, Kent",Surveyor,,2024,interim,County and Local School Board Financial Disclosure Form,"Settterberg, Kent (Salt Lake County Surveyor) — County and Local School Board Financial Disclosure Form",https://ecf-api.easyvoteapp.com/documents/93DA122B-F063-4EA3-B5C7-FAA7C9F3CBAE/viewfinalredactedpdf,2026-08-01,scanned,tesseract OCR (pdftoppm 300dpi),raw/easyvote/Settterberg-Kent__93DA122B.pdf,easyvote,93DA122B-F063-4EA3-B5C7-FAA7C9F3CBAE,5da99d7c6b3a9bb50bef9444e463281d6d810c576cf5c6d4756d6ea82956bdd7,Candidate,no,yes
2024-10-29,"Settterberg, Kent",Surveyor,,2024,interim,October 2024,"Settterberg, Kent (Salt Lake County Surveyor) — October 2024",https://ecf-api.easyvoteapp.com/documents/CD1E9C2F-6903-43D0-B170-653F96A800EC/viewfinalredactedpdf,2026-08-01,scanned,tesseract OCR (pdftoppm 300dpi),raw/easyvote/Settterberg-Kent__CD1E9C2F.pdf,easyvote,CD1E9C2F-6903-43D0-B170-653F96A800EC,fb110035ee0f98b866ca1b152f0470b1613322bcc8b49682acd9c0330cdcdd93,Candidate,no,yes
2024-09-13,"Snelgrove, Richard",Recorder,,2024,interim,September 16,"Snelgrove, Richard (Salt Lake County Recorder) — September 16",https://ecf-api.easyvoteapp.com/documents/29666B95-D94E-4973-B8AA-3FCAE4B35629/viewfinalredactedpdf,2026-08-01,scanned,tesseract OCR (pdftoppm 300dpi),raw/easyvote/Snelgrove-Richard__29666B95.pdf,easyvote,29666B95-D94E-4973-B8AA-3FCAE4B35629,250551eaa81b5bbcde0929f84a4fc986884f06a6f3fc3ea57a2f7a05ef40555c,Candidate,no,no
2024-04-03,"Snelgrove, Richard",Recorder,,2024,interim,April 5,"Snelgrove, Richard (Salt Lake County Recorder) — April 5",https://ecf-api.easyvoteapp.com/documents/6E6A2ED3-770E-4E5C-A3E2-7479992A7FBD/viewfinalredactedpdf,2026-08-01,scanned,tesseract OCR (pdftoppm 300dpi),raw/easyvote/Snelgrove-Richard__6E6A2ED3.pdf,easyvote,6E6A2ED3-770E-4E5C-A3E2-7479992A7FBD,fd57c9817fd06fde4b9b83d5f20ed3cb81311504ae8ec2ca6bbaf28b75e26801,Candidate,no,no
2025-02-03,"Snelgrove, Richard",Recorder,,2024,interim,Year-End Report 2024,"Snelgrove, Richard (Salt Lake County Recorder) — Year-End Report 2024",https://ecf-api.easyvoteapp.com/documents/C8297A1D-27E3-4F04-9833-84275AB0DB86/viewfinalredactedpdf,2026-08-01,scanned,tesseract OCR (pdftoppm 300dpi),raw/easyvote/Snelgrove-Richard__C8297A1D.pdf,easyvote,C8297A1D-27E3-4F04-9833-84275AB0DB86,3526f4f532ac8d0df83644a74a527cf57dbf6e149926acb91391e6dfe48033f4,Candidate,no,no
2024-10-29,"Snelgrove, Richard",Recorder,,2024,interim,October 29,"Snelgrove, Richard (Salt Lake County Recorder) — October 29",https://ecf-api.easyvoteapp.com/documents/C87FD77A-2FC8-4131-8900-341615F7728D/viewfinalredactedpdf,2026-08-01,scanned,tesseract OCR (pdftoppm 300dpi),raw/easyvote/Snelgrove-Richard__C87FD77A.pdf,easyvote,C87FD77A-2FC8-4131-8900-341615F7728D,dc4cd595170c95ddf242f3b1fc3f3cc6b6ac3aa3ea1c7965eefe6213984f0426,Candidate,no,no
2024-06-14,"Snelgrove, Richard",Recorder,,2024,interim,June 18,"Snelgrove, Richard (Salt Lake County Recorder) — June 18",https://ecf-api.easyvoteapp.com/documents/C9C63D4E-04D9-43EB-9F9F-ACC18BFCC875/viewfinalredactedpdf,2026-08-01,scanned,tesseract OCR (pdftoppm 300dpi),raw/easyvote/Snelgrove-Richard__C9C63D4E.pdf,easyvote,C9C63D4E-04D9-43EB-9F9F-ACC18BFCC875,163a2dbcc29a13086b9e86adf6d6fa051f1e9a9411db6917be611e32c0171a44,Candidate,no,no
2025-02-03,"Snelgrove, Richard",Recorder,,2024,interim,Final Financial Disclosure,"Snelgrove, Richard (Salt Lake County Recorder) — Final Financial Disclosure",https://ecf-api.easyvoteapp.com/documents/CE0A4B74-1E0C-4AC1-AD78-53B72ACA2497/viewfinalredactedpdf,2026-08-01,scanned,tesseract OCR (pdftoppm 300dpi),raw/easyvote/Snelgrove-Richard__CE0A4B74.pdf,easyvote,CE0A4B74-1E0C-4AC1-AD78-53B72ACA2497,fa7bb402badc0a66f7507c4af0172b11cecfb5e4fb88d5ce1632a71d5926e8b6,Candidate,no,no
2024-01-16,"Snelgrove, Richard ",County Council,At-Large B,2024,interim,"January 31, 2024 report","Snelgrove, Richard  (Salt Lake County Council At-Large B) — January 31, 2024 report",https://ecf-api.easyvoteapp.com/documents/5A8AD57E-5EE4-4622-80D7-3B9DB8F359B9/viewfinalredactedpdf,2026-08-01,scanned,tesseract OCR (pdftoppm 300dpi),raw/easyvote/Snelgrove-Richard__5A8AD57E.pdf,easyvote,5A8AD57E-5EE4-4622-80D7-3B9DB8F359B9,f655b9c2b82fe7575adcea3bbb7b54f422c721b832cf2715d34678104ad58b06,Campaign,no,yes
2024-04-03,"Snelgrove, Richard ",County Council,At-Large B,2024,interim,January 31- Amendment,"Snelgrove, Richard  (Salt Lake County Council At-Large B) — January 31- Amendment",https://ecf-api.easyvoteapp.com/documents/774CD1F3-B854-43E3-8E09-14269EA4A134/viewfinalredactedpdf,2026-08-01,scanned,tesseract OCR (pdftoppm 300dpi),raw/easyvote/Snelgrove-Richard__774CD1F3.pdf,easyvote,774CD1F3-B854-43E3-8E09-14269EA4A134,b5a1cbf468b37f1dcb5ba647cb46b37a8144e99d1f0a79c48735dfaa0267f047,Campaign,no,no
2024-01-22,"Srivastava, Sheila",Treasurer,,2024,interim,2023 End of year,"Srivastava, Sheila (Salt Lake County Treasurer) — 2023 End of year",https://ecf-api.easyvoteapp.com/documents/03DE8317-55CF-4993-AB79-B81200986F1B/viewfinalredactedpdf,2026-08-01,scanned,tesseract OCR (pdftoppm 300dpi),raw/easyvote/Srivastava-Sheila__03DE8317.pdf,easyvote,03DE8317-55CF-4993-AB79-B81200986F1B,b26b95a5e4a27a18af38ae85021e628a0c2d2e8ab36ed273b605e4fd5292fbe8,Officeholder,no,yes
2024-10-29,"Srivastava, Sheila",Treasurer,,2024,interim,7 day report 10-29-2024 Sheila Srivastava,"Srivastava, Sheila (Salt Lake County Treasurer) — 7 day report 10-29-2024 Sheila Srivastava",https://ecf-api.easyvoteapp.com/documents/98C611AF-11A4-46BE-9E0F-8FE8FFD0BD97/viewfinalredactedpdf,2026-08-01,scanned,tesseract OCR (pdftoppm 300dpi),raw/easyvote/Srivastava-Sheila__98C611AF.pdf,easyvote,98C611AF-11A4-46BE-9E0F-8FE8FFD0BD97,63cfd4928d18fcfe72b40ce16fe4500e3c72e9f14c2e5066735a08318bc8c23d,Officeholder,no,no
2024-06-18,"Srivastava, Sheila",Treasurer,,2024,interim,06-18-2024 Primary Disclosure Sheila Srivastava,"Srivastava, Sheila (Salt Lake County Treasurer) — 06-18-2024 Primary Disclosure Sheila Srivastava",https://ecf-api.easyvoteapp.com/documents/9E479F20-1C52-4832-BE74-C15A3D9C197F/viewfinalredactedpdf,2026-08-01,scanned,tesseract OCR (pdftoppm 300dpi),raw/easyvote/Srivastava-Sheila__9E479F20.pdf,easyvote,9E479F20-1C52-4832-BE74-C15A3D9C197F,50698b886b55832403efb0f78f75241a4e6e529bb3a032d5cf984c1e7a573822,Officeholder,no,no
2024-09-16,"Srivastava, Sheila",Treasurer,,2024,interim,sheila@electsheila.com,"Srivastava, Sheila (Salt Lake County Treasurer) — sheila@electsheila.com",https://ecf-api.easyvoteapp.com/documents/AE1CC4A9-0772-418D-817B-08D5FACCD7DE/viewfinalredactedpdf,2026-08-01,scanned,tesseract OCR (pdftoppm 300dpi),raw/easyvote/Srivastava-Sheila__AE1CC4A9.pdf,easyvote,AE1CC4A9-0772-418D-817B-08D5FACCD7DE,2aa0d34c970149e738ebd576f9a66f7b17b19cd773226541215ef5b9e8e30f55,Officeholder,no,no
2025-01-31,"Srivastava, Sheila",Treasurer,,2024,interim,2024 Year End Srivastava,"Srivastava, Sheila (Salt Lake County Treasurer) — 2024 Year End Srivastava",https://ecf-api.easyvoteapp.com/documents/DCD5832D-9BD1-4692-930D-E679E6834C2F/viewfinalredactedpdf,2026-08-01,scanned,tesseract OCR (pdftoppm 300dpi),raw/easyvote/Srivastava-Sheila__DCD5832D.pdf,easyvote,DCD5832D-9BD1-4692-930D-E679E6834C2F,046f7a1cef10df9fd832f47c6b47f0426c4e704adf264df3eb1fb09dd79f427e,Officeholder,no,no
2024-04-05,"Srivastava, Sheila",Treasurer,,2024,interim,04-05-2024 Interim Report,"Srivastava, Sheila (Salt Lake County Treasurer) — 04-05-2024 Interim Report",https://ecf-api.easyvoteapp.com/documents/FAC06FF9-8EF0-4561-A86B-0A113A9D9CA9/viewfinalredactedpdf,2026-08-01,scanned,tesseract OCR (pdftoppm 300dpi),raw/easyvote/Srivastava-Sheila__FAC06FF9.pdf,easyvote,FAC06FF9-8EF0-4561-A86B-0A113A9D9CA9,838e42c69dad381cb9d6ad1d90dd897439a106bee25e136c313407513932ab0a,Officeholder,no,no
2025-01-14,"Stavros, Christopher",Assessor,,2024,interim,STAVROS End of Year 2024,"Stavros, Christopher (Salt Lake County Assessor) — STAVROS End of Year 2024",https://ecf-api.easyvoteapp.com/documents/0AEA44D3-924D-44F1-980B-67C386E34C10/viewfinalredactedpdf,2026-08-01,scanned,tesseract OCR (pdftoppm 300dpi),raw/easyvote/Stavros-Christopher__0AEA44D3.pdf,easyvote,0AEA44D3-924D-44F1-980B-67C386E34C10,a5fbfe2888f881f4859a3af4d4e54e15a972358d1430ae22ede8b049f5f6542a,Officeholder,no,yes
2024-09-14,"Stavros, Christopher",Assessor,,2024,interim,"Chris Stavros September 16, 2024","Stavros, Christopher (Salt Lake County Assessor) — Chris Stavros September 16, 2024",https://ecf-api.easyvoteapp.com/documents/98E2726B-9BC7-4D78-BBE5-0345E542FBEB/viewfinalredactedpdf,2026-08-01,scanned,tesseract OCR (pdftoppm 300dpi),raw/easyvote/Stavros-Christopher__98E2726B.pdf,easyvote,98E2726B-9BC7-4D78-BBE5-0345E542FBEB,a884e3e37677253d8329351d40835bdff8f47b8e793dbeb5c4bed4dbea165e09,Officeholder,no,yes
2024-06-16,"Stavros, Christopher",Assessor,,2024,interim,ChrisStavrosJune17,"Stavros, Christopher (Salt Lake County Assessor) — ChrisStavrosJune17",https://ecf-api.easyvoteapp.com/documents/B8B7F109-9DB9-4230-9B6F-DDB134927487/viewfinalredactedpdf,2026-08-01,scanned,tesseract OCR (pdftoppm 300dpi),raw/easyvote/Stavros-Christopher__B8B7F109.pdf,easyvote,B8B7F109-9DB9-4230-9B6F-DDB134927487,de44ebab9953da890f61747e1f04339a4c2f3e6e0069e2d1a7e25f654a7c73ee,Officeholder,no,yes
2024-10-28,"Stavros, Christopher",Assessor,,2024,interim,"Chris Stavros Oct 29,2024","Stavros, Christopher (Salt Lake County Assessor) — Chris Stavros Oct 29,2024",https://ecf-api.easyvoteapp.com/documents/C6DF0ACD-4124-482E-9C61-C43CA3E4E6DA/viewfinalredactedpdf,2026-08-01,scanned,tesseract OCR (pdftoppm 300dpi),raw/easyvote/Stavros-Christopher__C6DF0ACD.pdf,easyvote,C6DF0ACD-4124-482E-9C61-C43CA3E4E6DA,4012dfe903b71d4549fab4ab673a09ed0fbde8c7d5b0df332dc25953e82c8c64,Officeholder,no,yes
2024-01-06,"Stavros, Christopher",Assessor,,2024,interim,Chris Stavros 2023,"Stavros, Christopher (Salt Lake County Assessor) — Chris Stavros 2023",https://ecf-api.easyvoteapp.com/documents/D82F0DE4-1048-4D25-8E9F-47D66B44FC71/viewfinalredactedpdf,2026-08-01,scanned,tesseract OCR (pdftoppm 300dpi),raw/easyvote/Stavros-Christopher__D82F0DE4.pdf,easyvote,D82F0DE4-1048-4D25-8E9F-47D66B44FC71,837a2f8a2e01975932c59f565d1f9791648aa53b7eebbf76b319b2a8d4651501,Officeholder,no,no
2024-04-01,"Stavros, Christopher",Assessor,,2024,interim,April5,"Stavros, Christopher (Salt Lake County Assessor) — April5",https://ecf-api.easyvoteapp.com/documents/E570D25A-398C-4FB7-8F62-08FBFA345AAD/viewfinalredactedpdf,2026-08-01,scanned,tesseract OCR (pdftoppm 300dpi),raw/easyvote/Stavros-Christopher__E570D25A.pdf,easyvote,E570D25A-398C-4FB7-8F62-08FBFA345AAD,45042f6cffe0036fd2b12fd359258fe00ddfaa2a9771cad9cea9da6178c2d249,Officeholder,no,yes
2025-06-06,"Stormont, Valerie",County Council,District 1,2024,interim,2025-06-05_Stormont_Disclosure,"Stormont, Valerie (Salt Lake County Council District 1) — 2025-06-05_Stormont_Disclosure",https://ecf-api.easyvoteapp.com/documents/89355CBE-0460-44A0-9D33-AB489C4081F3/viewfinalredactedpdf,2026-08-01,scanned,tesseract OCR (pdftoppm 300dpi),raw/easyvote/Stormont-Valerie__89355CBE.pdf,easyvote,89355CBE-0460-44A0-9D33-AB489C4081F3,326a27bd45261d6f79ec97fa85c71f0c8f238bb94df80b5430fede6c2c108647,Campaign,no,yes
2025-01-31,"Stringham, Laurie",County Council,At-Large A,2024,interim,Year-End Financial Disclosure Report 2024,"Stringham, Laurie (Salt Lake County Council At-Large A) — Year-End Financial Disclosure Report 2024",https://ecf-api.easyvoteapp.com/documents/4AAB9188-9EEA-4E7B-A1E4-C403BEBDC4FC/viewfinalredactedpdf,2026-08-01,scanned,tesseract OCR (pdftoppm 300dpi),raw/easyvote/Stringham-Laurie__4AAB9188.pdf,easyvote,4AAB9188-9EEA-4E7B-A1E4-C403BEBDC4FC,bb88590ef3b44082f774853c5abe3bc3595bede2cd1803f2dab59109d63a6f6a,Incumbent,no,no
2024-01-31,"Stringham, Laurie",County Council,At-Large A,2024,interim,Year End 2023,"Stringham, Laurie (Salt Lake County Council At-Large A) — Year End 2023",https://ecf-api.easyvoteapp.com/documents/E583F753-846F-4373-BC78-236034A488E7/viewfinalredactedpdf,2026-08-01,scanned,tesseract OCR (pdftoppm 300dpi),raw/easyvote/Stringham-Laurie__E583F753.pdf,easyvote,E583F753-846F-4373-BC78-236034A488E7,a51b74138b96cd74c81efd5a83926ae773aa0ee8923a025c952057bf4b8d69dc,Incumbent,no,yes
2025-08-05,"Swaby, Nigel",County Council,District 1,2024,interim,Aug5,"Swaby, Nigel (Salt Lake County Council District 1) — Aug5",https://ecf-api.easyvoteapp.com/documents/42BEE885-184C-4409-A3F6-484118AE1A88/viewfinalredactedpdf,2026-08-01,scanned,tesseract OCR (pdftoppm 300dpi),raw/easyvote/Swaby-Nigel__42BEE885.pdf,easyvote,42BEE885-184C-4409-A3F6-484118AE1A88,8df5d7644c6e75ae6846a64e3d23d598eabc58dd7c8f9e531ed6fe9f617a76cc,Campaign,no,yes
2025-06-06,"Swaby, Nigel",County Council,District 1,2024,interim,Initial Filing,"Swaby, Nigel (Salt Lake County Council District 1) — Initial Filing",https://ecf-api.easyvoteapp.com/documents/E2E30517-D2C9-4C1A-B83F-267668664827/viewfinalredactedpdf,2026-08-01,scanned,tesseract OCR (pdftoppm 300dpi),raw/easyvote/Swaby-Nigel__E2E30517.pdf,easyvote,E2E30517-D2C9-4C1A-B83F-267668664827,799ba248ad9923a91cda4553be9ff61998068034aa1d29f28a8a2bb06ad53b71,Campaign,no,yes
2025-06-06,"Taggart, Tenille",County Council,District 1,2024,interim,"Financial Disclosure Form June 6, 2025","Taggart, Tenille (Salt Lake County Council District 1) — Financial Disclosure Form June 6, 2025",https://ecf-api.easyvoteapp.com/documents/9B347C4C-2065-4A3A-85F4-0680EE2853AE/viewfinalredactedpdf,2026-08-01,scanned,tesseract OCR (pdftoppm 300dpi),raw/easyvote/Taggart-Tenille__9B347C4C.pdf,easyvote,9B347C4C-2065-4A3A-85F4-0680EE2853AE,3b23cd5d9f7ee3414bf177b9e44254fbf2697778edde2bf0c74a15125fe03791,Campaign,no,yes
2024-04-05,"Thatcher, Daniel",County Council,District 2,2024,interim,April 5 Interim Report,"Thatcher, Daniel (Salt Lake County Council District 2) — April 5 Interim Report",https://ecf-api.easyvoteapp.com/documents/97F85167-B701-4BEB-938A-FDF8AF9D7F6C/viewfinalredactedpdf,2026-08-01,scanned,tesseract OCR (pdftoppm 300dpi),raw/easyvote/Thatcher-Daniel__97F85167.pdf,easyvote,97F85167-B701-4BEB-938A-FDF8AF9D7F6C,662c0b871aefd74fa69b4c727af6bf7a5fb227205b72051c490e647e5d4f1117,Campaign,no,yes
2024-06-18,"Thatcher, Daniel",County Council,District 2,2024,interim,June 18 Primary Report,"Thatcher, Daniel (Salt Lake County Council District 2) — June 18 Primary Report",https://ecf-api.easyvoteapp.com/documents/C809D9CA-B26F-4947-B94D-5DE2E5030F19/viewfinalredactedpdf,2026-08-01,scanned,tesseract OCR (pdftoppm 300dpi),raw/easyvote/Thatcher-Daniel__C809D9CA.pdf,easyvote,C809D9CA-B26F-4947-B94D-5DE2E5030F19,c401ee8fb7089b54ef0b0d7294a93de5346e710f5e1a711d2ded821525327dcb,Campaign,no,yes
2024-09-16,"Theodore, Dea",County Council,District 6,2024,interim,votetheodore1@gmail.com,"Theodore, Dea (Salt Lake County Council District 6) — votetheodore1@gmail.com",https://ecf-api.easyvoteapp.com/documents/008DF9A2-C3AB-4C9E-9C80-BA2BD4D42D14/viewfinalredactedpdf,2026-08-01,scanned,tesseract OCR (pdftoppm 300dpi),raw/easyvote/Theodore-Dea__008DF9A2.pdf,easyvote,008DF9A2-C3AB-4C9E-9C80-BA2BD4D42D14,c0f4870d4b53b3c2cb03dc6e07971f97f00227fd9a48a4178884a4df70b71dcf,Officeholder,no,yes
2024-01-30,"Theodore, Dea",County Council,District 6,2024,interim,Year-End Report,"Theodore, Dea (Salt Lake County Council District 6) — Year-End Report",https://ecf-api.easyvoteapp.com/documents/22D3401A-A1BE-4815-9A76-05632AACACBB/viewfinalredactedpdf,2026-08-01,scanned,tesseract OCR (pdftoppm 300dpi),raw/easyvote/Theodore-Dea__22D3401A.pdf,easyvote,22D3401A-A1BE-4815-9A76-05632AACACBB,37c21ae4339f266bc42677fd7d1f8b6195b536b52623e8f37fe61ef0587212a6,Officeholder,no,no
2024-06-18,"Theodore, Dea",County Council,District 6,2024,interim,June 2024 Financial Report,"Theodore, Dea (Salt Lake County Council District 6) — June 2024 Financial Report",https://ecf-api.easyvoteapp.com/documents/3055F3DC-3E27-4E60-80D3-AD4F646F0E32/viewfinalredactedpdf,2026-08-01,scanned,tesseract OCR (pdftoppm 300dpi),raw/easyvote/Theodore-Dea__3055F3DC.pdf,easyvote,3055F3DC-3E27-4E60-80D3-AD4F646F0E32,500703e68289babd723acf42448ab3871d324949a998eb0edd7e23d19166eb35,Officeholder,no,yes
2024-04-03,"Theodore, Dea",County Council,District 6,2024,interim,"April 5, 2024","Theodore, Dea (Salt Lake County Council District 6) — April 5, 2024",https://ecf-api.easyvoteapp.com/documents/431664EB-294D-4225-A41C-3C0890B63DB4/viewfinalredactedpdf,2026-08-01,scanned,tesseract OCR (pdftoppm 300dpi),raw/easyvote/Theodore-Dea__431664EB.pdf,easyvote,431664EB-294D-4225-A41C-3C0890B63DB4,2ddb8c7140c6abad0611af4456968647bd8d9d621409a4d505c832af85031e37,Officeholder,no,yes
2024-10-29,"Theodore, Dea",County Council,District 6,2024,interim,October 2024,"Theodore, Dea (Salt Lake County Council District 6) — October 2024",https://ecf-api.easyvoteapp.com/documents/D713569A-2D20-4CF7-9DFE-C18805F00973/viewfinalredactedpdf,2026-08-01,scanned,tesseract OCR (pdftoppm 300dpi),raw/easyvote/Theodore-Dea__D713569A.pdf,easyvote,D713569A-2D20-4CF7-9DFE-C18805F00973,aed6e03f2bf2e8d238da817a38313e274ec52922a3126a02878e9a756a88f632,Officeholder,no,yes
2025-01-31,"Theodore, Dea",County Council,District 6,2024,interim,End of 2024,"Theodore, Dea (Salt Lake County Council District 6) — End of 2024",https://ecf-api.easyvoteapp.com/documents/DB7E2578-E3C2-4DAE-BA1A-704EAAD71493/viewfinalredactedpdf,2026-08-01,scanned,tesseract OCR (pdftoppm 300dpi),raw/easyvote/Theodore-Dea__DB7E2578.pdf,easyvote,DB7E2578-E3C2-4DAE-BA1A-704EAAD71493,a8678bd270e084fe9a83c955e3f5196e5bca24b813db3fd6837369455e8f619d,Officeholder,no,yes
2024-04-05,"Tracy , Matthew ",County Council,,2024,interim,April  5,"Tracy , Matthew  (County Council District) — April  5",https://ecf-api.easyvoteapp.com/documents/B2A15BBA-11C3-4A49-B096-BF61AF1B29D2/viewfinalredactedpdf,2026-08-01,scanned,tesseract OCR (pdftoppm 300dpi),raw/easyvote/Tracy-Matthew__B2A15BBA.pdf,easyvote,B2A15BBA-11C3-4A49-B096-BF61AF1B29D2,fe24feae25cd9da7adbbc6688b8d54f3dfdac127e32d751342cc32f89e7e4771,Candidate,no,yes
2025-06-04,"Valdemoros, Ana",County Council,District 1,2024,interim,Midterm Vacancy,"Valdemoros, Ana (Salt Lake County Council District 1) — Midterm Vacancy",https://ecf-api.easyvoteapp.com/documents/9D2B2430-7040-49DB-8588-A294BA8FD7F6/viewfinalredactedpdf,2026-08-01,scanned,tesseract OCR (pdftoppm 300dpi),raw/easyvote/Valdemoros-Ana__9D2B2430.pdf,easyvote,9D2B2430-7040-49DB-8588-A294BA8FD7F6,3d5d5105ba1e54beeeafaad44e7f684afbd016e31f00250c3838430fcb44d2f5,Campaign,no,yes
2025-06-03,"Valdemoros, Ana",County Council,District 1,2024,interim,Midterm Vacancy,"Valdemoros, Ana (Salt Lake County Council District 1) — Midterm Vacancy",https://ecf-api.easyvoteapp.com/documents/C940EF2C-A62D-4611-9CC3-1F60A3BFC638/viewfinalredactedpdf,2026-08-01,scanned,tesseract OCR (pdftoppm 300dpi),raw/easyvote/Valdemoros-Ana__C940EF2C.pdf,easyvote,C940EF2C-A62D-4611-9CC3-1F60A3BFC638,a2f02f217572010af127003f5896015962e8418661948025086e6d8b3378c923,Campaign,no,no
2025-12-31,"Wike, Lori",County Council,District 1,2024,interim,LoriWikeFinancialDisclosure,"Wike, Lori (Salt Lake County Council District 1) — LoriWikeFinancialDisclosure",https://ecf-api.easyvoteapp.com/documents/5C520C81-32FB-4E99-BF35-0ADBD0642A1D/viewfinalredactedpdf,2026-08-01,scanned,tesseract OCR (pdftoppm 300dpi),raw/easyvote/Wike-Lori__5C520C81.pdf,easyvote,5C520C81-32FB-4E99-BF35-0ADBD0642A1D,b3035fb318bd9fb086b55e817a8b619b3b38906d42b3e4baf7dd198ec4b48143,Campaign,no,no
2025-06-05,"Wike, Lori",County Council,District 1,2024,interim,LoriWikeFinancialDisclosure,"Wike, Lori (Salt Lake County Council District 1) — LoriWikeFinancialDisclosure",https://ecf-api.easyvoteapp.com/documents/CB99127B-D65E-44CA-A975-1596109B895B/viewfinalredactedpdf,2026-08-01,scanned,tesseract OCR (pdftoppm 300dpi),raw/easyvote/Wike-Lori__CB99127B.pdf,easyvote,CB99127B-D65E-44CA-A975-1596109B895B,c44cd03b09db973a7fa0dfe38fb65a888a87bfb8049b5281828953bd5b89e580,Campaign,no,no
2025-06-19,"Wike, Lori",County Council,District 1,2024,interim,LoriWikeFinancialDisclosure,"Wike, Lori (Salt Lake County Council District 1) — LoriWikeFinancialDisclosure",https://ecf-api.easyvoteapp.com/documents/E59934A7-EDA0-445B-A968-BC0F1785AF8E/viewfinalredactedpdf,2026-08-01,scanned,tesseract OCR (pdftoppm 300dpi),raw/easyvote/Wike-Lori__E59934A7.pdf,easyvote,E59934A7-EDA0-445B-A968-BC0F1785AF8E,1268b6c702bbe00acabfac79394e91af58614876a7d2d75f50e3b51f8f8607fc,Campaign,no,yes
2024-06-26,"Williams, Bruce",Surveyor,,2024,interim,June 18- Amended,"Williams, Bruce (Salt Lake County Surveyor) — June 18- Amended",https://ecf-api.easyvoteapp.com/documents/2AE100D7-674D-46A9-AB7E-D2DC9D5C98D8/viewfinalredactedpdf,2026-08-01,scanned,tesseract OCR (pdftoppm 300dpi),raw/easyvote/Williams-Bruce__2AE100D7.pdf,easyvote,2AE100D7-674D-46A9-AB7E-D2DC9D5C98D8,fe4136a31468e925758f6156bfd3ee7680fd60204ead01ef9b3e8510d1f1dcfe,Campaign,no,no
2024-04-05,"Williams, Bruce",Surveyor,,2024,interim,April 5,"Williams, Bruce (Salt Lake County Surveyor) — April 5",https://ecf-api.easyvoteapp.com/documents/3A332B44-2965-436C-9A0A-EC4D49F3FC23/viewfinalredactedpdf,2026-08-01,scanned,tesseract OCR (pdftoppm 300dpi),raw/easyvote/Williams-Bruce__3A332B44.pdf,easyvote,3A332B44-2965-436C-9A0A-EC4D49F3FC23,ab3d914e0a93124234fc1bcc1a3b2db963554e69ac896db4e4c9f589b48e3b04,Campaign,no,no
2024-06-19,"Williams, Bruce",Surveyor,,2024,interim,June 18,"Williams, Bruce (Salt Lake County Surveyor) — June 18",https://ecf-api.easyvoteapp.com/documents/AEE3826B-4AD1-4B12-9653-B376EAB3F091/viewfinalredactedpdf,2026-08-01,scanned,tesseract OCR (pdftoppm 300dpi),raw/easyvote/Williams-Bruce__AEE3826B.pdf,easyvote,AEE3826B-4AD1-4B12-9653-B376EAB3F091,64a345a6f49fe36ec54ec64a3ee2929df24a9ae583f58ac12b6eb997bf7ac735,Campaign,no,no
2024-09-16,"Wilson, Jennifer",Mayor,,2024,interim,2024-09-16_Wilson_Disclosures_Final,"Wilson, Jennifer (Salt Lake County Mayor) — 2024-09-16_Wilson_Disclosures_Final",https://ecf-api.easyvoteapp.com/documents/12AF73B2-6643-47E6-B516-958E4310E155/viewfinalredactedpdf,2026-08-01,scanned,tesseract OCR (pdftoppm 300dpi),raw/easyvote/Wilson-Jennifer__12AF73B2.pdf,easyvote,12AF73B2-6643-47E6-B516-958E4310E155,c2cc2fe1dda59ac5760da3ed8e12cee34f9516edc9307f85182306723f006ed5,Incumbent,no,no
2024-10-29,"Wilson, Jennifer",Mayor,,2024,interim,2024-10-29_Wilson_General Disclosure,"Wilson, Jennifer (Salt Lake County Mayor) — 2024-10-29_Wilson_General Disclosure",https://ecf-api.easyvoteapp.com/documents/227960FC-A06D-4F54-A714-DFAEB49AC6D2/viewfinalredactedpdf,2026-08-01,scanned,tesseract OCR (pdftoppm 300dpi),raw/easyvote/Wilson-Jennifer__227960FC.pdf,easyvote,227960FC-A06D-4F54-A714-DFAEB49AC6D2,fb0dff63229c86ef9bfcb23026302afbde82e03d9db474c327574446d83fc837,Incumbent,no,no
2024-04-04,"Wilson, Jennifer",Mayor,,2024,interim,2024_03_31_Wilson_April 5 Disclosures,"Wilson, Jennifer (Salt Lake County Mayor) — 2024_03_31_Wilson_April 5 Disclosures",https://ecf-api.easyvoteapp.com/documents/62881832-6008-431E-A0D3-AE94F47F55E2/viewfinalredactedpdf,2026-08-01,scanned,tesseract OCR (pdftoppm 300dpi),raw/easyvote/Wilson-Jennifer__62881832.pdf,easyvote,62881832-6008-431E-A0D3-AE94F47F55E2,0372387338da120c8d9fbbfbb069abcb39bf96dff3bfdfc1922b7867c1097927,Incumbent,no,no
2024-01-31,"Wilson, Jennifer",Mayor,,2024,interim,2023_Wilson_Year-End Financial Disclosures,"Wilson, Jennifer (Salt Lake County Mayor) — 2023_Wilson_Year-End Financial Disclosures",https://ecf-api.easyvoteapp.com/documents/B5D1F91C-DA0E-4D09-8591-8494CAE1D06C/viewfinalredactedpdf,2026-08-01,scanned,tesseract OCR (pdftoppm 300dpi),raw/easyvote/Wilson-Jennifer__B5D1F91C.pdf,easyvote,B5D1F91C-DA0E-4D09-8591-8494CAE1D06C,81a080a6e7b7a6bb5bdcc8fe29c550070fe0f4f7410e3b9b51fc2a4a286ee8e1,Incumbent,no,no
2025-01-31,"Wilson, Jennifer",Mayor,,2024,interim,2024-12-31_Wilson_Year-End Disclosure_Final,"Wilson, Jennifer (Salt Lake County Mayor) — 2024-12-31_Wilson_Year-End Disclosure_Final",https://ecf-api.easyvoteapp.com/documents/CE490FE9-FF54-453E-A1B8-B0ACF0AF1BAC/viewfinalredactedpdf,2026-08-01,scanned,tesseract OCR (pdftoppm 300dpi),raw/easyvote/Wilson-Jennifer__CE490FE9.pdf,easyvote,CE490FE9-FF54-453E-A1B8-B0ACF0AF1BAC,2d419078a37dd94f35b06ef6dd1b711feee06bfe16a93b45e91f84c75cb905cb,Incumbent,no,no
2024-06-18,"Wilson, Jennifer",Mayor,,2024,interim,2024-06-18_Wilson_DIsclosures Final,"Wilson, Jennifer (Salt Lake County Mayor) — 2024-06-18_Wilson_DIsclosures Final",https://ecf-api.easyvoteapp.com/documents/D73EF0AE-1031-42AE-8CED-18A3A20A308D/viewfinalredactedpdf,2026-08-01,scanned,tesseract OCR (pdftoppm 300dpi),raw/easyvote/Wilson-Jennifer__D73EF0AE.pdf,easyvote,D73EF0AE-1031-42AE-8CED-18A3A20A308D,9649f64b76b13633f38fb11a395e6eadf2cf8043e51e26f231ebbb7bea4abeb2,Incumbent,no,no
2025-04-17,"Winder Newton, Aimee",County Council,District 3,2024,interim,Final 2024 Campaign Finance Disclosure Amended,"Winder Newton, Aimee (Salt Lake County Council District 3) — Final 2024 Campaign Finance Disclosure Amended",https://ecf-api.easyvoteapp.com/documents/08C023D1-6170-416E-B899-B508383BF10C/viewfinalredactedpdf,2026-08-01,scanned,tesseract OCR (pdftoppm 300dpi),raw/easyvote/Winder-Newton-Aimee__08C023D1.pdf,easyvote,08C023D1-6170-416E-B899-B508383BF10C,be96f5ea0a3289b00ce7cbf574e54047b6e47ddf1aace4ecbee771798ef459ca,Officeholder,no,no
2025-01-13,"Winder Newton, Aimee",County Council,District 3,2024,interim,Final 2024 Campaign Finance Disclosure,"Winder Newton, Aimee (Salt Lake County Council District 3) — Final 2024 Campaign Finance Disclosure",https://ecf-api.easyvoteapp.com/documents/D4CBDF0C-2F25-4BC6-BF48-6E4A6C95AE70/viewfinalredactedpdf,2026-08-01,scanned,tesseract OCR (pdftoppm 300dpi),raw/easyvote/Winder-Newton-Aimee__D4CBDF0C.pdf,easyvote,D4CBDF0C-2F25-4BC6-BF48-6E4A6C95AE70,091ef17a9da4631f7cd26fa957724c4d81849a4fd4ab6402064cac0e0da6ec83,Officeholder,no,no
2024-01-16,"Winder Newton, Aimee",County Council,District 3,2024,interim,End of year 2023,"Winder Newton, Aimee (Salt Lake County Council District 3) — End of year 2023",https://ecf-api.easyvoteapp.com/documents/DD2DFECB-9D5E-4599-8BAE-06E1800D316B/viewfinalredactedpdf,2026-08-01,scanned,tesseract OCR (pdftoppm 300dpi),raw/easyvote/Winder-Newton-Aimee__DD2DFECB.pdf,easyvote,DD2DFECB-9D5E-4599-8BAE-06E1800D316B,af93b1767a58f292b17842f0ad8d74f6bc7895db55c5ebe4f4d2e18acb04ce1a,Officeholder,no,no
2026-06-16,"Anderson, Kathleen",County Council,At-Large A,2026,interim,Q2 2026 Financial Disclosure,"Anderson, Kathleen (Salt Lake County Council At-Large A) — Q2 2026 Financial Disclosure",https://ecf-api.easyvoteapp.com/documents/3E1F074A-72A4-441F-9682-6964890C4388/viewfinalredactedpdf,2026-08-01,scanned,tesseract OCR (pdftoppm 300dpi),raw/easyvote/Anderson-Kathleen__3E1F074A.pdf,easyvote,3E1F074A-72A4-441F-9682-6964890C4388,5b4418a0f5b5ade3184de8d2d9ca6d0f66984ea4b45016e85710136639752c4b,Candidate,no,no
2026-04-06,"Anderson, Kathleen",County Council,At-Large A,2026,interim,Q1 2026 Financial Disclosure,"Anderson, Kathleen (Salt Lake County Council At-Large A) — Q1 2026 Financial Disclosure",https://ecf-api.easyvoteapp.com/documents/8BC04870-EBED-4356-AC7D-68018349DE4E/viewfinalredactedpdf,2026-08-01,scanned,tesseract OCR (pdftoppm 300dpi),raw/easyvote/Anderson-Kathleen__8BC04870.pdf,easyvote,8BC04870-EBED-4356-AC7D-68018349DE4E,28bf72296722fad22a3ef2a1f67878d6004385c11206dab72ec06179999f270f,Candidate,no,yes
2026-06-16,"Anderson, Kathleen",County Council,At-Large A,2026,interim,Amended Q2 Financial Stmt,"Anderson, Kathleen (Salt Lake County Council At-Large A) — Amended Q2 Financial Stmt",https://ecf-api.easyvoteapp.com/documents/CB7C9267-7A38-4931-9168-631EA1837158/viewfinalredactedpdf,2026-08-01,scanned,tesseract OCR (pdftoppm 300dpi),raw/easyvote/Anderson-Kathleen__CB7C9267.pdf,easyvote,CB7C9267-7A38-4931-9168-631EA1837158,ab49c88d4b5580f385178695d8add6fc9c0abf15e56855e6b69b2dab2d5416f2,Candidate,no,yes
2026-01-26,"Andrus, Tyler",Assessor,,2026,interim,2025,"Andrus, Tyler (Salt Lake County Assessor) — 2025",https://ecf-api.easyvoteapp.com/documents/1792D5F9-BA72-4E86-BB72-6BE93F34251D/viewfinalredactedpdf,2026-08-01,scanned,tesseract OCR (pdftoppm 300dpi),raw/easyvote/Andrus-Tyler__1792D5F9.pdf,easyvote,1792D5F9-BA72-4E86-BB72-6BE93F34251D,128231e97b4f7b4a65743b4afd751fc1935f9a3fd83d7f853d206cb3d78794c5,Campaign,no,yes
2026-03-30,"Beglarian, gregory",County Council,At-Large A,2026,interim,finances,"Beglarian, gregory (Salt Lake County Council At-Large A) — finances",https://ecf-api.easyvoteapp.com/documents/83DB3D73-88A8-4C85-9BF1-53707222507B/viewfinalredactedpdf,2026-08-01,text,pdftotext -layout,raw/easyvote/Beglarian-gregory__83DB3D73.pdf,easyvote,83DB3D73-88A8-4C85-9BF1-53707222507B,98763e08a1f680edd36322c05a2beb5e4b575c4d2bfca3128584fd036dc7ce17,Candidate,yes,no
2026-02-20,"Bennion, Chad",Treasurer,,2026,interim,Dissolution,"Bennion, Chad (Salt Lake County Treasurer) — Dissolution",https://ecf-api.easyvoteapp.com/documents/7770B110-41E0-4A4D-870E-AB7A99BCF75F/viewfinalredactedpdf,2026-08-01,scanned,tesseract OCR (pdftoppm 300dpi),raw/easyvote/Bennion-Chad__7770B110.pdf,easyvote,7770B110-41E0-4A4D-870E-AB7A99BCF75F,0ed314618f9c0640775e8e50698629c4da98fc0268789a3e947721186a5d3285,Campaign,no,no
2026-03-31,"Bird, Mike",County Council,District 3,2026,interim,April 6 2026,"Bird, Mike (Salt Lake County Council District 3) — April 6 2026",https://ecf-api.easyvoteapp.com/documents/131607EB-6AD5-436C-A8FA-DDCF7CB72BE6/viewfinalredactedpdf,2026-08-01,scanned,tesseract OCR (pdftoppm 300dpi),raw/easyvote/Bird-Mike__131607EB.pdf,easyvote,131607EB-6AD5-436C-A8FA-DDCF7CB72BE6,f3cf3fee4c5881e24666acc9fdb43595f5e75a11810cda07d992c3e01c0033ed,Candidate,no,yes
2026-06-15,"Bird, Mike",County Council,District 3,2026,interim,June 15,"Bird, Mike (Salt Lake County Council District 3) — June 15",https://ecf-api.easyvoteapp.com/documents/814D7231-B8F0-48E1-B0E6-3B0831B204BE/viewfinalredactedpdf,2026-08-01,scanned,tesseract OCR (pdftoppm 300dpi),raw/easyvote/Bird-Mike__814D7231.pdf,easyvote,814D7231-B8F0-48E1-B0E6-3B0831B204BE,f789bbfb60907dfb5b037c568835c8b5da74b700c93bc664fda5abcf7413d49a,Candidate,no,yes
2026-01-30,"Bradshaw, Arlyn",County Council,District 1,2026,interim,"January 31, 2026","Bradshaw, Arlyn (Salt Lake County Council District 1) — January 31, 2026",https://ecf-api.easyvoteapp.com/documents/927411EB-EEA2-4FAF-9AE8-B16D9B3CDD6A/viewfinalredactedpdf,2026-08-01,scanned,tesseract OCR (pdftoppm 300dpi),raw/easyvote/Bradshaw-Arlyn__927411EB.pdf,easyvote,927411EB-EEA2-4FAF-9AE8-B16D9B3CDD6A,23a007dd02f11190238f50f65cd67832a3ee23dfbaa119c816a7c894fd7cadba,Campaign,no,no
2026-02-23,"Brown, Deondra",County Council,At-Large C,2026,interim,Primary Report 2024 v2,"Brown, Deondra (Salt Lake County Council At-Large C) — Primary Report 2024 v2",https://ecf-api.easyvoteapp.com/documents/63C42E06-5CA8-4D21-90E3-4BDDA24CD9CF/viewfinalredactedpdf,2026-08-01,scanned,tesseract OCR (pdftoppm 300dpi),raw/easyvote/Brown-Deondra__63C42E06.pdf,easyvote,63C42E06-5CA8-4D21-90E3-4BDDA24CD9CF,5ffcbaa62b949ca90084a37745991b4daff3bb8322bd45eccf0880d78fbd6749,Campaign,no,yes
2026-06-16,"Caulford, Maleah Bliss",County Council,At-Large,2026,interim,MaleahBliss Campaign filing 2,"Caulford, Maleah Bliss (County Council At-Large) — MaleahBliss Campaign filing 2",https://ecf-api.easyvoteapp.com/documents/D85159AF-7ABA-4E7A-A19D-8F565E8DA3A6/viewfinalredactedpdf,2026-08-01,scanned,tesseract OCR (pdftoppm 300dpi),raw/easyvote/Caulford-Maleah-Bliss__D85159AF.pdf,easyvote,D85159AF-7ABA-4E7A-A19D-8F565E8DA3A6,a2582ba1d2e76bb35de0dc174e7fc61b2cb1335a0834e2f095b0cc02ee0c3215,Candidate,no,no
2026-04-06,"Caulford, Maleah Bliss",County Council,At-Large,2026,interim,MaleahBliss Campaign filing 1,"Caulford, Maleah Bliss (County Council At-Large) — MaleahBliss Campaign filing 1",https://ecf-api.easyvoteapp.com/documents/D990274C-4951-4EEA-9A8D-24FD1037662E/viewfinalredactedpdf,2026-08-01,scanned,tesseract OCR (pdftoppm 300dpi),raw/easyvote/Caulford-Maleah-Bliss__D990274C.pdf,easyvote,D990274C-4951-4EEA-9A8D-24FD1037662E,e5f05e5bada3df1a98c361e6035edd749b1998e0b54539e371ed63730de395ab,Candidate,no,yes
2026-01-27,"Chapman, Lannie",Clerk,,2026,interim,Year-End Report 2025,"Chapman, Lannie (Salt Lake County Clerk) — Year-End Report 2025",https://ecf-api.easyvoteapp.com/documents/4BBB6585-E1FB-4370-8ABA-F1B9F105EDD6/viewfinalredactedpdf,2026-08-01,scanned,tesseract OCR (pdftoppm 300dpi),raw/easyvote/Chapman-Lannie__4BBB6585.pdf,easyvote,4BBB6585-E1FB-4370-8ABA-F1B9F105EDD6,6e7f1ea6df50abeeab3d3a50b3cc827b415c2f1a3980ef255deafd598498ee61,Incumbent,no,yes
2026-04-06,"Chapman, Lannie",Clerk,,2026,interim,First Interim Report,"Chapman, Lannie (Salt Lake County Clerk) — First Interim Report",https://ecf-api.easyvoteapp.com/documents/B447C16E-8EEC-4F42-A646-07B00A655C2D/viewfinalredactedpdf,2026-08-01,scanned,tesseract OCR (pdftoppm 300dpi),raw/easyvote/Chapman-Lannie__B447C16E.pdf,easyvote,B447C16E-8EEC-4F42-A646-07B00A655C2D,05ed789df938ecfe9389660c96a1a048de0d9346f2285eba47eedd1982626c1e,Incumbent,no,no
2026-06-16,"Chapman, Lannie",Clerk,,2026,interim,June Primary Disclosure,"Chapman, Lannie (Salt Lake County Clerk) — June Primary Disclosure",https://ecf-api.easyvoteapp.com/documents/CAC6A5BB-1DAF-4DA4-8E63-0E34FCE06FF7/viewfinalredactedpdf,2026-08-01,scanned,tesseract OCR (pdftoppm 300dpi),raw/easyvote/Chapman-Lannie__CAC6A5BB.pdf,easyvote,CAC6A5BB-1DAF-4DA4-8E63-0E34FCE06FF7,bd3f71b23e6fc118f4e65790a2e9d9b50cf3ba7f68491f7ae8c2dcfcb896fcf4,Incumbent,no,no
2026-06-09,"Cimmers, Sara",County Council,District 5,2026,interim,June 2026,"Cimmers, Sara (Salt Lake County Council District 5) — June 2026",https://ecf-api.easyvoteapp.com/documents/94CFE70D-5E7C-48F8-87E5-5E42DBD46C60/viewfinalredactedpdf,2026-08-01,scanned,tesseract OCR (pdftoppm 300dpi),raw/easyvote/Cimmers-Sara__94CFE70D.pdf,easyvote,94CFE70D-5E7C-48F8-87E5-5E42DBD46C60,add50f3ded7f48d1b8c66eb3e84d48e3918e955c1e096c45c5ceb9482ab8be81,Candidate,no,yes
2026-04-06,"Cimmers, Sara",County Council,District 5,2026,interim,April 2026,"Cimmers, Sara (Salt Lake County Council District 5) — April 2026",https://ecf-api.easyvoteapp.com/documents/DAF3EA9A-A7D5-484F-BDA6-E1FB1DDAE11B/viewfinalredactedpdf,2026-08-01,scanned,tesseract OCR (pdftoppm 300dpi),raw/easyvote/Cimmers-Sara__DAF3EA9A.pdf,easyvote,DAF3EA9A-A7D5-484F-BDA6-E1FB1DDAE11B,ad190630086bd1ad8a6fc32716cd144ddf5c71a8d76e868238b09f9d00b7879f,Candidate,no,yes
2026-02-02,"Clark, Weston",County Council,District 4,2026,interim,County Council Dissolution,"Clark, Weston (Salt Lake County Council District 4) — County Council Dissolution",https://ecf-api.easyvoteapp.com/documents/62BC8674-113E-4B2F-AF8C-C2CA4430DF34/viewfinalredactedpdf,2026-08-01,scanned,tesseract OCR (pdftoppm 300dpi),raw/easyvote/Clark-Weston__62BC8674.pdf,easyvote,62BC8674-113E-4B2F-AF8C-C2CA4430DF34,f6701deed00e95ea9e1cbd844c0944022d83a52737b4a56929a9e85c3d06ec44,Campaign,no,no
2026-04-02,"Cloward, Ali",Auditor,,2026,interim,"April 5, 2026","Cloward, Ali (Salt Lake County Auditor) — April 5, 2026",https://ecf-api.easyvoteapp.com/documents/DE835570-C2F9-41A8-8CF7-3AE61F861624/viewfinalredactedpdf,2026-08-01,scanned,tesseract OCR (pdftoppm 300dpi),raw/easyvote/Cloward-Ali__DE835570.pdf,easyvote,DE835570-C2F9-41A8-8CF7-3AE61F861624,16b51f0b685f19081022be1f8d86f3202d8ee41cebb010be083d2941c8daa9b8,Candidate,no,yes
2026-06-16,"Cloward, Ali",Auditor,,2026,interim,"June 16, 2026","Cloward, Ali (Salt Lake County Auditor) — June 16, 2026",https://ecf-api.easyvoteapp.com/documents/EC1738E8-FDA4-498F-8533-BFA5C56BCD17/viewfinalredactedpdf,2026-08-01,scanned,tesseract OCR (pdftoppm 300dpi),raw/easyvote/Cloward-Ali__EC1738E8.pdf,easyvote,EC1738E8-FDA4-498F-8533-BFA5C56BCD17,25548f946a5063b83fc6b16fab8c400977bfc5d8d03a242e1bcfd6bc3d4a7f64,Candidate,no,yes
2026-01-23,Committee to Elect Sheldon Stewart,County Council,District 5,2026,interim,2025YearEndFiling,Committee to Elect Sheldon Stewart (Salt Lake County Council District 5) — 2025YearEndFiling,https://ecf-api.easyvoteapp.com/documents/BB2FA1A2-EDEE-455C-960A-C4598D78FA07/viewfinalredactedpdf,2026-08-01,scanned,tesseract OCR (pdftoppm 300dpi),raw/easyvote/Committee-to-Elect-Sheldon-Stewart__BB2FA1A2.pdf,easyvote,BB2FA1A2-EDEE-455C-960A-C4598D78FA07,7301f2d6cc7132b38c410f57b4f4491326ba10c28153cb0e3729bc59a56165f3,Officeholder,no,yes
2026-02-10,"Conder, Phil",Treasurer,,2026,interim,EOY Report,"Conder, Phil (Salt Lake County Treasurer) — EOY Report",https://ecf-api.easyvoteapp.com/documents/49D03A55-23C5-4AFF-BFCA-85B8B7F2C257/viewfinalredactedpdf,2026-08-01,scanned,tesseract OCR (pdftoppm 300dpi),raw/easyvote/Conder-Phil__49D03A55.pdf,easyvote,49D03A55-23C5-4AFF-BFCA-85B8B7F2C257,57e8b14e17ae03305cbc32369a1eb9422f2468c56b4b775cf24136d18de2dba0,Campaign,no,no
2026-02-19,"Creno, Tracey",Sheriff,,2026,interim,Dissolution Report,"Creno, Tracey (Salt Lake County Sheriff) — Dissolution Report",https://ecf-api.easyvoteapp.com/documents/E28B702C-B9C4-4F66-A536-2C7DC564AB85/viewfinalredactedpdf,2026-08-01,scanned,tesseract OCR (pdftoppm 300dpi),raw/easyvote/Creno-Tracey__E28B702C.pdf,easyvote,E28B702C-B9C4-4F66-A536-2C7DC564AB85,2fe5b7afd412ae0c0db248c76d745999457244433f86117a2a4647f92197d6be,Campaign,no,no
2026-04-03,"Crockett , Traci ",County Council,District 5,2026,interim,Financial Disclosures ,"Crockett , Traci  (Salt Lake County Council District 5) — Financial Disclosures",https://ecf-api.easyvoteapp.com/documents/6307B3C7-69C7-404A-82FA-5901E3FFCD00/viewfinalredactedpdf,2026-08-01,scanned,tesseract OCR (pdftoppm 300dpi),raw/easyvote/Crockett-Traci__6307B3C7.pdf,easyvote,6307B3C7-69C7-404A-82FA-5901E3FFCD00,5e912a37188e3e3de7831922807332aef30601136d0dd89b931766d168d1abd7,Candidate,no,no
2026-04-05,"Crockett , Traci ",County Council,District 5,2026,interim,Add 2 mailing,"Crockett , Traci  (Salt Lake County Council District 5) — Add 2 mailing",https://ecf-api.easyvoteapp.com/documents/70CE2082-7FD8-47AD-B624-87B44D283245/viewfinalredactedpdf,2026-08-01,scanned,tesseract OCR (pdftoppm 300dpi),raw/easyvote/Crockett-Traci__70CE2082.pdf,easyvote,70CE2082-7FD8-47AD-B624-87B44D283245,40e12a432a001812e4263ccb72dbad15f80ac4f595e7e0df3f913f6a0ec0134c,Candidate,no,yes
2026-06-15,"Crockett , Traci ",County Council,District 5,2026,interim,June 16 Financials ,"Crockett , Traci  (Salt Lake County Council District 5) — June 16 Financials",https://ecf-api.easyvoteapp.com/documents/E85F82A2-59A7-47CF-88E2-16A40C38AF52/viewfinalredactedpdf,2026-08-01,scanned,tesseract OCR (pdftoppm 300dpi),raw/easyvote/Crockett-Traci__E85F82A2.pdf,easyvote,E85F82A2-59A7-47CF-88E2-16A40C38AF52,ae8adb68f4c13b4bf9a76271d1b950b8fefcd45304eade3b55b46d466e1d7031,Candidate,no,yes
2026-04-05,"Davis, Kent",District Attorney,,2026,interim,Financial Disclosure - March 2026,"Davis, Kent (Salt Lake County District & County Attorney) — Financial Disclosure - March 2026",https://ecf-api.easyvoteapp.com/documents/829580BE-CA21-4ED1-881E-61CCE1088218/viewfinalredactedpdf,2026-08-01,scanned,tesseract OCR (pdftoppm 300dpi),raw/easyvote/Davis-Kent__829580BE.pdf,easyvote,829580BE-CA21-4ED1-881E-61CCE1088218,331ba7b5156ce1088eab9416edc971f55e87cd537848a165b721c75e29ba5716,Candidate,no,yes
2026-06-16,"Davis, Kent",District Attorney,,2026,interim,Disclosure - JUNE,"Davis, Kent (Salt Lake County District & County Attorney) — Disclosure - JUNE",https://ecf-api.easyvoteapp.com/documents/FD48CA83-FFAF-4BBC-960C-C46602914833/viewfinalredactedpdf,2026-08-01,scanned,tesseract OCR (pdftoppm 300dpi),raw/easyvote/Davis-Kent__FD48CA83.pdf,easyvote,FD48CA83-FFAF-4BBC-960C-C46602914833,2c728e2c37fe01afe298e364c644b3b70b275b67e38beb2d3fbe860ef2da742e,Candidate,no,yes
2026-02-23,"Dekeyzer, Aaron",County Council,District 6,2026,interim,Dissolution,"Dekeyzer, Aaron (Salt Lake County Council District 6) — Dissolution",https://ecf-api.easyvoteapp.com/documents/3082DA73-17D8-4BE6-B973-2C7DE55040BE/viewfinalredactedpdf,2026-08-01,scanned,tesseract OCR (pdftoppm 300dpi),raw/easyvote/Dekeyzer-Aaron__3082DA73.pdf,easyvote,3082DA73-17D8-4BE6-B973-2C7DE55040BE,a9119f40f4fe5dac4cd2905ed7214480356e4a8f6befd20458161c59d9d00997,Campaign,no,no
2026-02-02,"Done, Evan",County Council,District 1,2026,interim,Financial Disclosure Form,"Done, Evan (Salt Lake County Council District 1) — Financial Disclosure Form",https://ecf-api.easyvoteapp.com/documents/646624BA-C007-46F0-9785-1066284C3664/viewfinalredactedpdf,2026-08-01,scanned,tesseract OCR (pdftoppm 300dpi),raw/easyvote/Done-Evan__646624BA.pdf,easyvote,646624BA-C007-46F0-9785-1066284C3664,c1303bca8eb676c1b8a6c2efcb7a7a9fb9fc952b4131f50ef1d9467903a1dd0e,Campaign,no,yes
2026-04-03,"Eborn, Jared",County Council,District 3,2026,interim,Eborn - First Interim,"Eborn, Jared (Salt Lake County Council District 3) — Eborn - First Interim",https://ecf-api.easyvoteapp.com/documents/95738A48-8878-4811-82CC-D28D0B339BCC/viewfinalredactedpdf,2026-08-01,scanned,tesseract OCR (pdftoppm 300dpi),raw/easyvote/Eborn-Jared__95738A48.pdf,easyvote,95738A48-8878-4811-82CC-D28D0B339BCC,12ee519c4686ffb88a79e1465a5c62b787ebc95552afd204f3856a490c317509,Candidate,no,no
2026-02-02,"Erickson, Tiffany",County Council,District 1,2026,interim,Dissolution Report,"Erickson, Tiffany (Salt Lake County Council District 1) — Dissolution Report",https://ecf-api.easyvoteapp.com/documents/80145A43-2336-4885-BC57-A58838AD5127/viewfinalredactedpdf,2026-08-01,scanned,tesseract OCR (pdftoppm 300dpi),raw/easyvote/Erickson-Tiffany__80145A43.pdf,easyvote,80145A43-2336-4885-BC57-A58838AD5127,8d232bbb58c88e88d1a749b6b3474fcc469b5822ff7c2b8f49c1bfce68ee8c70,Campaign,no,no
2026-04-06,"Esselman, Jared",County Council,District 5,2026,interim,First and Last,"Esselman, Jared (Salt Lake County Council District 5) — First and Last",https://ecf-api.easyvoteapp.com/documents/68B559D1-D767-45B3-AD00-089A649CA504/viewfinalredactedpdf,2026-08-01,text,pdftotext -layout,raw/easyvote/Esselman-Jared__68B559D1.pdf,easyvote,68B559D1-D767-45B3-AD00-089A649CA504,c9336cef59722f6f5f148372217e24412e35a4f65a9bece05fc2ae904f7a7ecd,Candidate,yes,yes
2026-04-06,"Esselman, Jared",County Council,District 5,2026,interim,Small Budget Campaign,"Esselman, Jared (Salt Lake County Council District 5) — Small Budget Campaign",https://ecf-api.easyvoteapp.com/documents/D88DEC17-70FB-471D-B32C-72920D297606/viewfinalredactedpdf,2026-08-01,text,pdftotext -layout,raw/easyvote/Esselman-Jared__D88DEC17.pdf,easyvote,D88DEC17-70FB-471D-B32C-72920D297606,dd702d42d19711fe18ddd3fca77ef8b5d0d8d92ba66518b7b669b5c4f98a506b,Candidate,yes,no
2026-02-01,"FIFE-JEPPERSON, CHARLOTTE",County Council,District 2,2026,interim,2025 Year-End Disclosure,"FIFE-JEPPERSON, CHARLOTTE (Salt Lake County Council District 2) — 2025 Year-End Disclosure",https://ecf-api.easyvoteapp.com/documents/B5AB014E-7329-41E5-97F6-690D491875FC/viewfinalredactedpdf,2026-08-01,scanned,tesseract OCR (pdftoppm 300dpi),raw/easyvote/FIFE-JEPPERSON-CHARLOTTE__B5AB014E.pdf,easyvote,B5AB014E-7329-41E5-97F6-690D491875FC,50f741eba4bbfc93bc1bf42dcdd9087f4069f433918495532782f04fffbf734e,Officeholder,no,yes
2026-02-20,"Frost, Joel",Assessor,,2026,interim,2025 year end,"Frost, Joel (Salt Lake County Assessor) — 2025 year end",https://ecf-api.easyvoteapp.com/documents/3A14BF9A-2710-4E0C-BBFE-445AA450577B/viewfinalredactedpdf,2026-08-01,scanned,tesseract OCR (pdftoppm 300dpi),raw/easyvote/Frost-Joel__3A14BF9A.pdf,easyvote,3A14BF9A-2710-4E0C-BBFE-445AA450577B,9fe0a6e8682fe4e9ff02e26bf28e6d6db2bf0bb8167bfaa19052af23c72b2061,Campaign,no,no
2026-03-09,"Gehrke, Lisa",County Council,District 3,2026,interim,EOY 2025,"Gehrke, Lisa (Salt Lake County Council District 3) — EOY 2025",https://ecf-api.easyvoteapp.com/documents/9B2A3335-3FED-423B-845A-B58E7C950264/viewfinalredactedpdf,2026-08-01,scanned,tesseract OCR (pdftoppm 300dpi),raw/easyvote/Gehrke-Lisa__9B2A3335.pdf,easyvote,9B2A3335-3FED-423B-845A-B58E7C950264,e1d9d6a6d705f42d5a9c1c52fd8807ae33bbfd7eda292cdf8388ee8e5e528ab2,Campaign,no,no
2026-06-16,"Gill, Sim",District Attorney,,2026,interim,June Primary Disclosure,"Gill, Sim (Salt Lake County District & County Attorney) — June Primary Disclosure",https://ecf-api.easyvoteapp.com/documents/56D7970A-7676-4E3A-B502-23AD9052989B/viewfinalredactedpdf,2026-08-01,scanned,tesseract OCR (pdftoppm 300dpi),raw/easyvote/Gill-Sim__56D7970A.pdf,easyvote,56D7970A-7676-4E3A-B502-23AD9052989B,63eaebfbb1a8cf9150896da52a12dcf9a4aa6c7b61870f8865b19db01ab37210,Incumbent,no,no
2026-04-06,"Gill, Sim",District Attorney,,2026,interim,First Interim Report,"Gill, Sim (Salt Lake County District & County Attorney) — First Interim Report",https://ecf-api.easyvoteapp.com/documents/8489CD88-A7D8-4341-B431-E14AA01377F3/viewfinalredactedpdf,2026-08-01,scanned,tesseract OCR (pdftoppm 300dpi),raw/easyvote/Gill-Sim__8489CD88.pdf,easyvote,8489CD88-A7D8-4341-B431-E14AA01377F3,a04077804d1f98419b550165c3ef27e190cd01cba3762b08b30829f5e232a429,Incumbent,no,no
2026-01-30,"Gill, Sim",District Attorney,,2026,interim,"financial disclosure_January 30, 2026_signed","Gill, Sim (Salt Lake County District & County Attorney) — financial disclosure_January 30, 2026_signed",https://ecf-api.easyvoteapp.com/documents/DE1374C6-7448-4CE0-B2E9-A3FD9A7A93AB/viewfinalredactedpdf,2026-08-01,scanned,tesseract OCR (pdftoppm 300dpi),raw/easyvote/Gill-Sim__DE1374C6.pdf,easyvote,DE1374C6-7448-4CE0-B2E9-A3FD9A7A93AB,9e5accebc17555d8a1d02d8c75158cc3c311cac867479fb8bd81c4a3e8267356,Incumbent,no,no
2026-02-02,"Glenn, Nicholas",County Council,District 1,2026,interim,Final Year End Report,"Glenn, Nicholas (Salt Lake County Council District 1) — Final Year End Report",https://ecf-api.easyvoteapp.com/documents/8C3C9DCB-8322-4873-8CFA-528A53B79294/viewfinalredactedpdf,2026-08-01,scanned,tesseract OCR (pdftoppm 300dpi),raw/easyvote/Glenn-Nicholas__8C3C9DCB.pdf,easyvote,8C3C9DCB-8322-4873-8CFA-528A53B79294,93d23d46b2a6a8c59f1be0def6bab3eed53c7352cd83999ef7eb6d3a9cb31030,Campaign,no,yes
2026-01-30,"Harding, Chris",Auditor,,2026,interim,January 31 2026_Harding,"Harding, Chris (Salt Lake County Auditor) — January 31 2026_Harding",https://ecf-api.easyvoteapp.com/documents/2D4C4FD1-FA0D-4884-9D9A-B9281941D854/viewfinalredactedpdf,2026-08-01,scanned,tesseract OCR (pdftoppm 300dpi),raw/easyvote/Harding-Chris__2D4C4FD1.pdf,easyvote,2D4C4FD1-FA0D-4884-9D9A-B9281941D854,d33767e67abf34aec1b81ce999413d917a38c9bf24f8ced3ced761cf207e1756,Incumbent,no,yes
2026-06-16,"Harding, Chris",Auditor,,2026,interim,"June 16, 2026_Harding","Harding, Chris (Salt Lake County Auditor) — June 16, 2026_Harding",https://ecf-api.easyvoteapp.com/documents/66EB7550-C222-40FA-B8C0-768647E8CD90/viewfinalredactedpdf,2026-08-01,scanned,tesseract OCR (pdftoppm 300dpi),raw/easyvote/Harding-Chris__66EB7550.pdf,easyvote,66EB7550-C222-40FA-B8C0-768647E8CD90,669c9197d6f545368b1bea16ef1b0f4ce87fa066ab5b4171568bc973fe9edcd9,Incumbent,no,yes
2026-04-05,"Harding, Chris",Auditor,,2026,interim,"March 31, 2026_Harding","Harding, Chris (Salt Lake County Auditor) — March 31, 2026_Harding",https://ecf-api.easyvoteapp.com/documents/7EEB4B42-C1EA-423F-A43D-F08126D5E201/viewfinalredactedpdf,2026-08-01,scanned,tesseract OCR (pdftoppm 300dpi),raw/easyvote/Harding-Chris__7EEB4B42.pdf,easyvote,7EEB4B42-C1EA-423F-A43D-F08126D5E201,2867dc7435b64277bf5330557499410b91a09f1543cfcba2f50f1a0f2f81c0b9,Incumbent,no,yes
2026-02-17,"Harrison, Suzanne",County Council,At-Large B,2026,interim,2025 Financial filing Suzanne Harrison,"Harrison, Suzanne (Salt Lake County Council At-Large B) — 2025 Financial filing Suzanne Harrison",https://ecf-api.easyvoteapp.com/documents/C2B7F629-1180-4E7D-BCAE-BBF223CD0864/viewfinalredactedpdf,2026-08-01,scanned,tesseract OCR (pdftoppm 300dpi),raw/easyvote/Harrison-Suzanne__C2B7F629.pdf,easyvote,C2B7F629-1180-4E7D-BCAE-BBF223CD0864,a6ce41668f8cf968d85ad128bb9542d27305573c2189e0b99b122e4dffecf665,Officeholder,no,yes
2026-01-27,"Hobbs, Rashelle",Recorder,,2026,interim,Recorder Hobbs 2025,"Hobbs, Rashelle (Salt Lake County Recorder) — Recorder Hobbs 2025",https://ecf-api.easyvoteapp.com/documents/DB2BCBCB-0331-4AD1-BB48-DB0A5BC9DB50/viewfinalredactedpdf,2026-08-01,scanned,tesseract OCR (pdftoppm 300dpi),raw/easyvote/Hobbs-Rashelle__DB2BCBCB.pdf,easyvote,DB2BCBCB-0331-4AD1-BB48-DB0A5BC9DB50,89c77fedea9c3bfe0b27044da71c282ca61f36d179ff4cf1524da67a3560f3ec,Officeholder,no,yes
2026-04-06,"Hrechkosy, Garry",County Council,At-Large A,2026,interim,Interim Disclosure,"Hrechkosy, Garry (Salt Lake County Council At-Large A) — Interim Disclosure",https://ecf-api.easyvoteapp.com/documents/664333A1-4B9D-4BEF-8610-7BF84338055D/viewfinalredactedpdf,2026-08-01,scanned,tesseract OCR (pdftoppm 300dpi),raw/easyvote/Hrechkosy-Garry__664333A1.pdf,easyvote,664333A1-4B9D-4BEF-8610-7BF84338055D,494e58f4bffdabf28a4ffc1392b83dc66bd3ed4b28dd736a4943606e0028c56a,Candidate,no,no
2026-04-06,"Hrechkosy, Garry",County Council,At-Large A,2026,interim,Interim Disclosure Amended,"Hrechkosy, Garry (Salt Lake County Council At-Large A) — Interim Disclosure Amended",https://ecf-api.easyvoteapp.com/documents/B8EC1C08-9050-4029-8A34-585FBB626F00/viewfinalredactedpdf,2026-08-01,scanned,tesseract OCR (pdftoppm 300dpi),raw/easyvote/Hrechkosy-Garry__B8EC1C08.pdf,easyvote,B8EC1C08-9050-4029-8A34-585FBB626F00,373fac4bb0fa830b5525b74ac1895e30b467a5b8789a3d4607556171af95690a,Candidate,no,yes
2026-02-23,"Jensen, Michael",County Council,District 2,2026,interim,Michael Jensen 2025 Campaign Filing Report,"Jensen, Michael (Salt Lake County Council District 2) — Michael Jensen 2025 Campaign Filing Report",https://ecf-api.easyvoteapp.com/documents/142ED0DA-2C78-4E54-9EA1-1E17EBC499B4/viewfinalredactedpdf,2026-08-01,scanned,tesseract OCR (pdftoppm 300dpi),raw/easyvote/Jensen-Michael__142ED0DA.pdf,easyvote,142ED0DA-2C78-4E54-9EA1-1E17EBC499B4,295fcf0fc339f9a117f25cddaaacdbac2ef1fe7dc227fa6e7fda68c095a3f5b6,Campaign,no,yes
2026-06-16,"Johnson, Remington",County Council,District 1,2026,interim,Interim Financial Disclosure,"Johnson, Remington (Salt Lake County Council District 1) — Interim Financial Disclosure",https://ecf-api.easyvoteapp.com/documents/3347B3C4-04EB-4646-9F95-126F45D5ADA4/viewfinalredactedpdf,2026-08-01,scanned,tesseract OCR (pdftoppm 300dpi),raw/easyvote/Johnson-Remington__3347B3C4.pdf,easyvote,3347B3C4-04EB-4646-9F95-126F45D5ADA4,f2f668ebb05fac2371bb1092205d59bbf2ac0e849a3da8538053455537737142,Incumbent,no,yes
2026-04-01,"Johnson, Remington",County Council,District 1,2026,interim,3/31/2026,"Johnson, Remington (Salt Lake County Council District 1) — 3/31/2026",https://ecf-api.easyvoteapp.com/documents/3991D33F-C355-4CAC-9875-C1930416503D/viewfinalredactedpdf,2026-08-01,scanned,tesseract OCR (pdftoppm 300dpi),raw/easyvote/Johnson-Remington__3991D33F.pdf,easyvote,3991D33F-C355-4CAC-9875-C1930416503D,682b0d67cefcbeb422e3c4debeefd44b6d1f6c462513b076d4794d320b2dca27,Incumbent,no,no
2026-04-02,"Johnson, Remington",County Council,District 1,2026,interim,Amended 3/31/26 Report,"Johnson, Remington (Salt Lake County Council District 1) — Amended 3/31/26 Report",https://ecf-api.easyvoteapp.com/documents/BB73E317-CCD8-4E09-8A9A-BA0183291C26/viewfinalredactedpdf,2026-08-01,text,pdftotext -layout,raw/easyvote/Johnson-Remington__BB73E317.pdf,easyvote,BB73E317-CCD8-4E09-8A9A-BA0183291C26,24ef38996c60ab1155128901d6f3296987c69e93b0b687b345593e3e2a03c988,Incumbent,yes,yes
2026-01-02,"Johnson, Remington",County Council,District 1,2026,interim,End of Year Report,"Johnson, Remington (Salt Lake County Council District 1) — End of Year Report",https://ecf-api.easyvoteapp.com/documents/C09055EB-6AD7-4312-B9D1-9B485F8F14D7/viewfinalredactedpdf,2026-08-01,scanned,tesseract OCR (pdftoppm 300dpi),raw/easyvote/Johnson-Remington__C09055EB.pdf,easyvote,C09055EB-6AD7-4312-B9D1-9B485F8F14D7,cc406af8e5c044aee5ee60ced62197853b36157fe1da39fc30404bbfd91cb8e8,Incumbent,no,yes
2026-02-02,"Kanter, Catherine",County Council,At-Large B,2026,interim,Dissolution Report,"Kanter, Catherine (Salt Lake County Council At-Large B) — Dissolution Report",https://ecf-api.easyvoteapp.com/documents/E25BF7BE-2676-4EE5-AD2B-20CAEE4B8305/viewfinalredactedpdf,2026-08-01,scanned,tesseract OCR (pdftoppm 300dpi),raw/easyvote/Kanter-Catherine__E25BF7BE.pdf,easyvote,E25BF7BE-2676-4EE5-AD2B-20CAEE4B8305,3ce1c5ab0f0b01afa0d4cc58b343c7a55f134cfba199bd4eae797edb0a077c9e,Campaign,no,no
2026-02-03,"Lang, Karen",County Council,District 2,2026,interim,Campaign finance,"Lang, Karen (Salt Lake County Council District 2) — Campaign finance",https://ecf-api.easyvoteapp.com/documents/CD1E7615-C96E-4B88-8082-63187B5563C5/viewfinalredactedpdf,2026-08-01,text,pdftotext -layout,raw/easyvote/Lang-Karen__CD1E7615.pdf,easyvote,CD1E7615-C96E-4B88-8082-63187B5563C5,b05495a04b932f777c6b6563cc2b384056dbdf6e9b3d7793cc2b8978e3f50686,Campaign,yes,yes
2026-02-01,"Liewer, Ashley",County Council,District 3,2026,interim,Ashley Liewer 2025 YE,"Liewer, Ashley (Salt Lake County Council District 3) — Ashley Liewer 2025 YE",https://ecf-api.easyvoteapp.com/documents/EB08E6DB-D250-4ED6-8082-089186E6A091/viewfinalredactedpdf,2026-08-01,scanned,tesseract OCR (pdftoppm 300dpi),raw/easyvote/Liewer-Ashley__EB08E6DB.pdf,easyvote,EB08E6DB-D250-4ED6-8082-089186E6A091,26fb9a4c47a5c388fb9be231249a4c76a526126d2bb687b0911bb38f275b0fe0,Campaign,no,no
2026-04-06,"Manwaring, Shane",Sheriff,,2026,interim,"April 6, 2026","Manwaring, Shane (Salt Lake County Sheriff) — April 6, 2026",https://ecf-api.easyvoteapp.com/documents/28634BC9-C986-4331-AF26-2928E95B6424/viewfinalredactedpdf,2026-08-01,scanned,tesseract OCR (pdftoppm 300dpi),raw/easyvote/Manwaring-Shane__28634BC9.pdf,easyvote,28634BC9-C986-4331-AF26-2928E95B6424,e9cbd04283c7f7025b49de1b96687a36f89497e5fb1bc92d15e88fb63ec6b200,Candidate,no,yes
2026-06-16,"Manwaring, Shane",Sheriff,,2026,interim,"June 16, 2026","Manwaring, Shane (Salt Lake County Sheriff) — June 16, 2026",https://ecf-api.easyvoteapp.com/documents/56415626-31CE-4306-8C15-618AC6D840CA/viewfinalredactedpdf,2026-08-01,scanned,tesseract OCR (pdftoppm 300dpi),raw/easyvote/Manwaring-Shane__56415626.pdf,easyvote,56415626-31CE-4306-8C15-618AC6D840CA,20660a0f1c20ce1caaeedae761308911823cf5826ff64b438280af2ccfdc3988,Candidate,no,yes
2026-04-06,"Maynes, Luke",County Council,District 3,2026,interim,Luke Maynes Financial Report,"Maynes, Luke (Salt Lake County Council District 3) — Luke Maynes Financial Report",https://ecf-api.easyvoteapp.com/documents/54065D0D-9ABE-4133-AF67-98AF9CB43B5C/viewfinalredactedpdf,2026-08-01,scanned,tesseract OCR (pdftoppm 300dpi),raw/easyvote/Maynes-Luke__54065D0D.pdf,easyvote,54065D0D-9ABE-4133-AF67-98AF9CB43B5C,facadd1ad892351bf4f50f26719c80620f771173dafe4fa253ab57c4eb360352,Campaign,no,yes
2026-06-16,"Maynes, Luke",County Council,District 3,2026,interim,Primary Election Disclosure,"Maynes, Luke (Salt Lake County Council District 3) — Primary Election Disclosure",https://ecf-api.easyvoteapp.com/documents/B80FBCF7-D3F9-42E3-9F00-12FA22D48E80/viewfinalredactedpdf,2026-08-01,scanned,tesseract OCR (pdftoppm 300dpi),raw/easyvote/Maynes-Luke__B80FBCF7.pdf,easyvote,B80FBCF7-D3F9-42E3-9F00-12FA22D48E80,e0a8771cbda71e66bfac551ded25eb7db36bcc365e519dd7e3b36c0072a6c1f0,Campaign,no,yes
2026-02-16,"Merrill, Thomas",County Council,District 1,2026,interim,Corrected_Final 2025 Financial Disclosure,"Merrill, Thomas (Salt Lake County Council District 1) — Corrected_Final 2025 Financial Disclosure",https://ecf-api.easyvoteapp.com/documents/1F87A6FE-DE28-4B34-B6DD-A0D6BFB2C9B8/viewfinalredactedpdf,2026-08-01,scanned,tesseract OCR (pdftoppm 300dpi),raw/easyvote/Merrill-Thomas__1F87A6FE.pdf,easyvote,1F87A6FE-DE28-4B34-B6DD-A0D6BFB2C9B8,49aaedd3625f9c6ea82b811f15c15a12074c40c3b0471717781e7313b8c67d11,Campaign,no,no
2026-02-17,"Merrill, Thomas",County Council,District 1,2026,interim,Corrected_Final 2025 Financial Disclosure v2,"Merrill, Thomas (Salt Lake County Council District 1) — Corrected_Final 2025 Financial Disclosure v2",https://ecf-api.easyvoteapp.com/documents/BE6B1AA6-6712-4FA3-A775-6C90DA173E55/viewfinalredactedpdf,2026-08-01,scanned,tesseract OCR (pdftoppm 300dpi),raw/easyvote/Merrill-Thomas__BE6B1AA6.pdf,easyvote,BE6B1AA6-6712-4FA3-A775-6C90DA173E55,3f87b817aaa6793a3a1d500ef33b24e7238c1ba28be3ca480cd934d7170725cf,Campaign,no,yes
2026-02-02,"Merrill, Thomas",County Council,District 1,2026,interim,Final 2025 Financial Disclosure ,"Merrill, Thomas (Salt Lake County Council District 1) — Final 2025 Financial Disclosure",https://ecf-api.easyvoteapp.com/documents/F9B4BC06-DE3C-4036-8BC7-329F70694347/viewfinalredactedpdf,2026-08-01,scanned,tesseract OCR (pdftoppm 300dpi),raw/easyvote/Merrill-Thomas__F9B4BC06.pdf,easyvote,F9B4BC06-DE3C-4036-8BC7-329F70694347,5b258dbe68d069c69cb5c5ca3d58c415587898c808d7970fc3d26d713bbcd4f7,Campaign,no,no
2026-02-01,"Moreno, Carlos ",County Council,District 2,2026,interim,Year End Financial Disclosure ,"Moreno, Carlos  (Salt Lake County Council District 2) — Year End Financial Disclosure",https://ecf-api.easyvoteapp.com/documents/C9DAC58F-3EEC-4BE9-880D-FE3B87809D8D/viewfinalredactedpdf,2026-08-01,scanned,tesseract OCR (pdftoppm 300dpi),raw/easyvote/Moreno-Carlos__C9DAC58F.pdf,easyvote,C9DAC58F-3EEC-4BE9-880D-FE3B87809D8D,e08812b2d040886d178157b02333724b5abdde9a69a73701cdc4e7d5429856b8,Officeholder,no,no
2026-02-20,"Morris, Rachelle",County Council,At-Large C,2026,interim,Rachelle Morris At-Large C Dissolution,"Morris, Rachelle (Salt Lake County Council At-Large C) — Rachelle Morris At-Large C Dissolution",https://ecf-api.easyvoteapp.com/documents/70ACE1F7-72DA-40F5-AC04-B4D2D31F421D/viewfinalredactedpdf,2026-08-01,scanned,tesseract OCR (pdftoppm 300dpi),raw/easyvote/Morris-Rachelle__70ACE1F7.pdf,easyvote,70ACE1F7-72DA-40F5-AC04-B4D2D31F421D,97f0f5f33ad93c56fb8308638d9d20966622eb9cfd3b39269b5c7a5a1cbd3215,Campaign,no,yes
2026-06-16,"Null, Christopher",County Council,District 5,2026,interim,June 16 2026 Financial Disclosure Signed,"Null, Christopher (Salt Lake County Council District 5) — June 16 2026 Financial Disclosure Signed",https://ecf-api.easyvoteapp.com/documents/1853B04E-6C52-444C-8123-3215A576FC03/viewfinalredactedpdf,2026-08-01,scanned,tesseract OCR (pdftoppm 300dpi),raw/easyvote/Null-Christopher__1853B04E.pdf,easyvote,1853B04E-6C52-444C-8123-3215A576FC03,fdd7a244d5c354f65075c53b9bf38c779fe6f676e0096bbc265cf05e9f1bdbf2,Candidate,no,no
2026-04-06,"Null, Christopher",County Council,District 5,2026,interim,April 6 2026,"Null, Christopher (Salt Lake County Council District 5) — April 6 2026",https://ecf-api.easyvoteapp.com/documents/FBD80710-E00D-4753-88E4-26AC85387267/viewfinalredactedpdf,2026-08-01,scanned,tesseract OCR (pdftoppm 300dpi),raw/easyvote/Null-Christopher__FBD80710.pdf,easyvote,FBD80710-E00D-4753-88E4-26AC85387267,1f6dd807faf368b6ef0f86a0f065c48a377a03b49b93475226d9aeb615b3b146,Candidate,no,yes
2026-06-16,"Ocean Saintelus, Olghen",County Council,At-Large A,2026,interim,Dissolution Report,"Ocean Saintelus, Olghen (Salt Lake County Council At-Large A) — Dissolution Report",https://ecf-api.easyvoteapp.com/documents/FA7D5E92-70EB-4D2F-B0AC-671D54C57E55/viewfinalredactedpdf,2026-08-01,scanned,tesseract OCR (pdftoppm 300dpi),raw/easyvote/Ocean-Saintelus-Olghen__FA7D5E92.pdf,easyvote,FA7D5E92-70EB-4D2F-B0AC-671D54C57E55,683de2cb822587d4ca1daea400c933a6340e7482b19107a287335d7229511c2f,Candidate,no,no
2026-01-20,"Olson, Katie",County Council,District 2,2026,interim,20260131 finance report olson,"Olson, Katie (Salt Lake County Council District 2) — 20260131 finance report olson",https://ecf-api.easyvoteapp.com/documents/ABD321F6-0659-44C0-90D4-2D601F102273/viewfinalredactedpdf,2026-08-01,scanned,tesseract OCR (pdftoppm 300dpi),raw/easyvote/Olson-Katie__ABD321F6.pdf,easyvote,ABD321F6-0659-44C0-90D4-2D601F102273,33c9a714d84856fc3c8a9c386db5df753f13a70915bc220eb245641626ec4028,Campaign,no,no
2026-04-03,"Olson, Katie",County Council,District 2,2026,interim,final campaign report,"Olson, Katie (Salt Lake County Council District 2) — final campaign report",https://ecf-api.easyvoteapp.com/documents/BC669CBA-4F7A-4117-A82F-DF5CBD1DDBD2/viewfinalredactedpdf,2026-08-01,scanned,tesseract OCR (pdftoppm 300dpi),raw/easyvote/Olson-Katie__BC669CBA.pdf,easyvote,BC669CBA-4F7A-4117-A82F-DF5CBD1DDBD2,4bc12870f4efd8284d3be07d1290842c9c6302ebdaa9a1702835a78155d8955a,Campaign,no,yes
2026-01-30,"Park, Bradley",Surveyor,,2026,interim,2025 Year End Report,"Park, Bradley (Salt Lake County Surveyor) — 2025 Year End Report",https://ecf-api.easyvoteapp.com/documents/FAA5DD36-CD80-4D26-80CA-A262528C68F5/viewfinalredactedpdf,2026-08-01,scanned,tesseract OCR (pdftoppm 300dpi),raw/easyvote/Park-Bradley__FAA5DD36.pdf,easyvote,FAA5DD36-CD80-4D26-80CA-A262528C68F5,2f3fdf63fd0c7521a0fe5e02c4bf1b3d94aa69b4edf7bb9c061cd958144c7d7f,Officeholder,no,no
2026-01-31,"Parke, Kevin",County Council,District 1,2026,interim,Campaign Dissolution ,"Parke, Kevin (Salt Lake County Council District 1) — Campaign Dissolution",https://ecf-api.easyvoteapp.com/documents/CC8867D1-8889-4BC4-B89D-920A2FEC99C5/viewfinalredactedpdf,2026-08-01,scanned,tesseract OCR (pdftoppm 300dpi),raw/easyvote/Parke-Kevin__CC8867D1.pdf,easyvote,CC8867D1-8889-4BC4-B89D-920A2FEC99C5,80f82d65cdafb0d48c9ce389c0ed824de50729fc38a4af222277fc09dc5277e0,Campaign,no,no
2026-02-14,"Parke, Kevin",County Council,District 1,2026,interim,Campaign Dissolution ,"Parke, Kevin (Salt Lake County Council District 1) — Campaign Dissolution",https://ecf-api.easyvoteapp.com/documents/DF3ED196-EA5A-4BD2-99EA-5BCE4D3FC7F2/viewfinalredactedpdf,2026-08-01,scanned,tesseract OCR (pdftoppm 300dpi),raw/easyvote/Parke-Kevin__DF3ED196.pdf,easyvote,DF3ED196-EA5A-4BD2-99EA-5BCE4D3FC7F2,50423214a8e99429e6a7c385fe473bfc024dafafab67cbf7115ed8923a82ea63,Campaign,no,yes
2026-02-16,"Petersen, Jake",Sheriff,,2026,interim,Year End Report 2025,"Petersen, Jake (Salt Lake County Sheriff) — Year End Report 2025",https://ecf-api.easyvoteapp.com/documents/56BD8301-AE20-4204-A936-7DF5D2DC4315/viewfinalredactedpdf,2026-08-01,scanned,tesseract OCR (pdftoppm 300dpi),raw/easyvote/Petersen-Jake__56BD8301.pdf,easyvote,56BD8301-AE20-4204-A936-7DF5D2DC4315,87a74c5b765fc023b7bebb0a2e84ccf8af7b4f23c0cffbf8b46d003de72984e5,Campaign,no,no
2026-02-18,"Pinkney, Natalie",County Council,At-Large C,2026,interim,Year End Report,"Pinkney, Natalie (Salt Lake County Council At-Large C) — Year End Report",https://ecf-api.easyvoteapp.com/documents/07C097D5-2E3E-4DDE-B802-F26DC84C2249/viewfinalredactedpdf,2026-08-01,scanned,tesseract OCR (pdftoppm 300dpi),raw/easyvote/Pinkney-Natalie__07C097D5.pdf,easyvote,07C097D5-2E3E-4DDE-B802-F26DC84C2249,a8ce95b5eea2ae277d41f934e5d98080ef1b0d1c038366678c5f690fcfd5e041,Officeholder,no,no
2026-04-01,"Poe, Casey",County Council,District 1,2026,interim,Casey for County Council March 31,"Poe, Casey (Salt Lake County Council District 1) — Casey for County Council March 31",https://ecf-api.easyvoteapp.com/documents/3100A868-7DC0-46B8-9570-11CB8CB3E657/viewfinalredactedpdf,2026-08-01,scanned,tesseract OCR (pdftoppm 300dpi),raw/easyvote/Poe-Casey__3100A868.pdf,easyvote,3100A868-7DC0-46B8-9570-11CB8CB3E657,6ea0d27c2012b1d69668dac2ff27772e866a36f8aea5d3b2eccdc7fb6741b49f,Candidate,no,yes
2026-04-06,"Poe, Casey",County Council,District 1,2026,interim,Casey for County Council Small Budget,"Poe, Casey (Salt Lake County Council District 1) — Casey for County Council Small Budget",https://ecf-api.easyvoteapp.com/documents/AF91E693-C937-4064-A7A5-E0A4E62ECF85/viewfinalredactedpdf,2026-08-01,text,pdftotext -layout,raw/easyvote/Poe-Casey__AF91E693.pdf,easyvote,AF91E693-C937-4064-A7A5-E0A4E62ECF85,9d7135d6001840bf94c183f5a7b1280493d2c37bf59fa9c56d882ad507409515,Candidate,yes,no
2026-02-11,"Rider, Erin",Mayor,,2026,interim,Amended Year End Report 2025,"Rider, Erin (Salt Lake County Mayor) — Amended Year End Report 2025",https://ecf-api.easyvoteapp.com/documents/2EF6008E-596C-4AE5-B692-E4BC57149A48/viewfinalredactedpdf,2026-08-01,scanned,tesseract OCR (pdftoppm 300dpi),raw/easyvote/Rider-Erin__2EF6008E.pdf,easyvote,2EF6008E-596C-4AE5-B692-E4BC57149A48,244537c13840a27ffdf8677c73ebe6fe1245ed30a9e2189b94ae94a0eeeec21d,Campaign,no,yes
2026-02-02,"Rider, Erin",Mayor,,2026,interim,Erin Rider Statement of Dissolution and Year End Report,"Rider, Erin (Salt Lake County Mayor) — Erin Rider Statement of Dissolution and Year End Report",https://ecf-api.easyvoteapp.com/documents/D43A7FAA-8B8F-4BF2-9CFE-AC1FB6E56ED9/viewfinalredactedpdf,2026-08-01,scanned,tesseract OCR (pdftoppm 300dpi),raw/easyvote/Rider-Erin__D43A7FAA.pdf,easyvote,D43A7FAA-8B8F-4BF2-9CFE-AC1FB6E56ED9,9e0535f21bdb1cc6a1b97b9e8581e93ccd7a9b8dfab76b033c1e051c4f8c5153,Campaign,no,no
2026-01-30,"Rivera, Rosie",Sheriff,,2026,interim,2025 End of Year Report,"Rivera, Rosie (Salt Lake County Sheriff) — 2025 End of Year Report",https://ecf-api.easyvoteapp.com/documents/19466009-3E81-4615-B7A9-2EF00F8F0631/viewfinalredactedpdf,2026-08-01,scanned,tesseract OCR (pdftoppm 300dpi),raw/easyvote/Rivera-Rosie__19466009.pdf,easyvote,19466009-3E81-4615-B7A9-2EF00F8F0631,75856199835a01097f2e2aeb7a0ca3fc71c0d1c3cf1e26af23a33ccaf5c821c2,Incumbent,no,no
2026-06-16,"Rivera, Rosie",Sheriff,,2026,interim,June Report 2026,"Rivera, Rosie (Salt Lake County Sheriff) — June Report 2026",https://ecf-api.easyvoteapp.com/documents/A0320EC3-DCF8-40AD-95EA-B8A040B77FC5/viewfinalredactedpdf,2026-08-01,scanned,tesseract OCR (pdftoppm 300dpi),raw/easyvote/Rivera-Rosie__A0320EC3.pdf,easyvote,A0320EC3-DCF8-40AD-95EA-B8A040B77FC5,3458c697d15bcd75aeae01f9b821e86c5ee6e8afe955316e81a443751fc4a932,Incumbent,no,no
2026-04-05,"Rivera, Rosie",Sheriff,,2026,interim,"April 5, 2026","Rivera, Rosie (Salt Lake County Sheriff) — April 5, 2026",https://ecf-api.easyvoteapp.com/documents/BF78B73C-B284-45D0-B017-4CBB30067187/viewfinalredactedpdf,2026-08-01,scanned,tesseract OCR (pdftoppm 300dpi),raw/easyvote/Rivera-Rosie__BF78B73C.pdf,easyvote,BF78B73C-B284-45D0-B017-4CBB30067187,c1b0373fc4ccb272c3c9a29d675b7e94550c6152120df212609e8b928970d580,Incumbent,no,yes
2026-06-29,"Rivera, Rosie",Sheriff,,2026,interim,June 2026 Amended,"Rivera, Rosie (Salt Lake County Sheriff) — June 2026 Amended",https://ecf-api.easyvoteapp.com/documents/C1859F0B-1A79-4F8E-B062-4259104F494F/viewfinalredactedpdf,2026-08-01,scanned,tesseract OCR (pdftoppm 300dpi),raw/easyvote/Rivera-Rosie__C1859F0B.pdf,easyvote,C1859F0B-1A79-4F8E-B062-4259104F494F,097436afac37ca329f5340db9416ae8a67aa611babdfbdd977d298df6238202f,Incumbent,no,yes
2026-02-02,"Roberts, Nicholas",Sheriff,,2026,interim,Nick Roberts EOY Report,"Roberts, Nicholas (Salt Lake County Sheriff) — Nick Roberts EOY Report",https://ecf-api.easyvoteapp.com/documents/A9E110EA-673F-4830-95B8-A38D7DC7CEA3/viewfinalredactedpdf,2026-08-01,scanned,tesseract OCR (pdftoppm 300dpi),raw/easyvote/Roberts-Nicholas__A9E110EA.pdf,easyvote,A9E110EA-673F-4830-95B8-A38D7DC7CEA3,03be417ac7df05f86f058fde189d6922d5a714f0ffe7095b3a0996e21723dd29,Candidate,no,no
2026-04-01,"Roberts, Nicholas",Sheriff,,2026,interim,4-5-2026,"Roberts, Nicholas (Salt Lake County Sheriff) — 4-5-2026",https://ecf-api.easyvoteapp.com/documents/AEA80AA6-4B8F-4AF9-A75A-396D0A9E451A/viewfinalredactedpdf,2026-08-01,scanned,tesseract OCR (pdftoppm 300dpi),raw/easyvote/Roberts-Nicholas__AEA80AA6.pdf,easyvote,AEA80AA6-4B8F-4AF9-A75A-396D0A9E451A,5e3c6fa695768b1ab2d3434e588ca278d87cdbca691b61d5eb531d46c51d70f2,Candidate,no,yes
2026-04-06,"Robinson, Shawn",District Attorney,,2026,interim,4/6 Financial Disclosure,"Robinson, Shawn (Salt Lake County District & County Attorney) — 4/6 Financial Disclosure",https://ecf-api.easyvoteapp.com/documents/31ECC344-5337-47BC-BACD-367717CEC2C7/viewfinalredactedpdf,2026-08-01,scanned,tesseract OCR (pdftoppm 300dpi),raw/easyvote/Robinson-Shawn__31ECC344.pdf,easyvote,31ECC344-5337-47BC-BACD-367717CEC2C7,52ab74ac99bb52832fd315195772974bb6cd947deefeb9e7064b5ad9d3570eba,Campaign,no,yes
2026-06-16,"Robinson, Shawn",District Attorney,,2026,interim,Primary Election Financial Disclosure (June 16),"Robinson, Shawn (Salt Lake County District & County Attorney) — Primary Election Financial Disclosure (June 16)",https://ecf-api.easyvoteapp.com/documents/9875A125-38B6-4676-989F-48407C88D1EC/viewfinalredactedpdf,2026-08-01,scanned,tesseract OCR (pdftoppm 300dpi),raw/easyvote/Robinson-Shawn__9875A125.pdf,easyvote,9875A125-38B6-4676-989F-48407C88D1EC,a1b0eeb00180bc2d441de783a2ae455fb39c2a59044391ec9dfec24ff57dac1a,Campaign,no,yes
2026-01-14,"Robinson, Zach",County Council,District 6,2026,interim,2025 Year End,"Robinson, Zach (Salt Lake County Council District 6) — 2025 Year End",https://ecf-api.easyvoteapp.com/documents/D690403C-93B9-425C-B341-F56E3F27AFE5/viewfinalredactedpdf,2026-08-01,scanned,tesseract OCR (pdftoppm 300dpi),raw/easyvote/Robinson-Zach__D690403C.pdf,easyvote,D690403C-93B9-425C-B341-F56E3F27AFE5,e65c7a8a049f4aba0db7e35340fae18a9ce3cd0473ea57cf2e44b60dde8fe04b,Campaign,no,yes
2026-04-06,"Robinson, Zach ",County Council,At-Large A,2026,interim,First Interim Report,"Robinson, Zach  (Salt Lake County Council At-Large A) — First Interim Report",https://ecf-api.easyvoteapp.com/documents/7022E201-17B8-4A3A-8540-E0099635A062/viewfinalredactedpdf,2026-08-01,scanned,tesseract OCR (pdftoppm 300dpi),raw/easyvote/Robinson-Zach__7022E201.pdf,easyvote,7022E201-17B8-4A3A-8540-E0099635A062,4dffaab2c17a7b30909e4ed9ec1851d2fc9f6f1a627f8ddd600109b58de86402,Candidate,no,no
2026-06-16,"Robinson, Zach ",County Council,At-Large A,2026,interim,June 16 Financial Disclosure Report,"Robinson, Zach  (Salt Lake County Council At-Large A) — June 16 Financial Disclosure Report",https://ecf-api.easyvoteapp.com/documents/C4162BAF-7AF6-4724-B145-AF63407D6666/viewfinalredactedpdf,2026-08-01,scanned,tesseract OCR (pdftoppm 300dpi),raw/easyvote/Robinson-Zach__C4162BAF.pdf,easyvote,C4162BAF-7AF6-4724-B145-AF63407D6666,bff2da9257f0231d235e476b796269c1ec58d90995ee6c5cc32d330dfbd8251a,Candidate,no,no
2026-01-30,"Romero, Ross",County Council,District 4,2026,interim,2025 Report,"Romero, Ross (Salt Lake County Council District 4) — 2025 Report",https://ecf-api.easyvoteapp.com/documents/97DC4E47-9E7F-4792-982F-2D45A8A455FD/viewfinalredactedpdf,2026-08-01,scanned,tesseract OCR (pdftoppm 300dpi),raw/easyvote/Romero-Ross__97DC4E47.pdf,easyvote,97DC4E47-9E7F-4792-982F-2D45A8A455FD,f139412c1deefbbb722b1199d061c5c6eea1d86684421c396439c999cf8aae6c,Officeholder,no,yes
2026-04-06,"Sabo, Allison",County Council,At-Large A,2026,interim,04/06/2026,"Sabo, Allison (Salt Lake County Council At-Large A) — 04/06/2026",https://ecf-api.easyvoteapp.com/documents/6CCA450D-BA3E-4823-B640-8157DA15BFA1/viewfinalredactedpdf,2026-08-01,scanned,tesseract OCR (pdftoppm 300dpi),raw/easyvote/Sabo-Allison__6CCA450D.pdf,easyvote,6CCA450D-BA3E-4823-B640-8157DA15BFA1,7e46d3704d8b47cdd2c0052b82eafc57a63380c42e03a9a8beff011cc48be739,Candidate,no,yes
2026-02-23,"Salazar, Nate",County Council,District 1,2026,interim,DissolutionDistrict1,"Salazar, Nate (Salt Lake County Council District 1) — DissolutionDistrict1",https://ecf-api.easyvoteapp.com/documents/FD619EBF-85FD-4464-9EE1-3530312DE30A/viewfinalredactedpdf,2026-08-01,scanned,tesseract OCR (pdftoppm 300dpi),raw/easyvote/Salazar-Nate__FD619EBF.pdf,easyvote,FD619EBF-85FD-4464-9EE1-3530312DE30A,fdae4b9840ac1a06e2b78f8e7ad5156cd84563362b9aeacbfaa44cefa768fce0,Campaign,no,yes
2026-02-02,"Salazar, Nate ",County Council,At-Large A,2026,interim,Salazar2226 Fin. Disclosure,"Salazar, Nate  (Salt Lake County Council At-Large A) — Salazar2226 Fin. Disclosure",https://ecf-api.easyvoteapp.com/documents/00FEB889-14E3-4AF3-A212-DDE13D802B9A/viewfinalredactedpdf,2026-08-01,scanned,tesseract OCR (pdftoppm 300dpi),raw/easyvote/Salazar-Nate__00FEB889.pdf,easyvote,00FEB889-14E3-4AF3-A212-DDE13D802B9A,330374c290139b5d3a7705a2258043816bf107518edae74c5047c23985184996,Candidate,no,no
2026-02-05,"Salazar, Nate ",County Council,At-Large A,2026,interim,Amendment12226findis,"Salazar, Nate  (Salt Lake County Council At-Large A) — Amendment12226findis",https://ecf-api.easyvoteapp.com/documents/4CDDDA25-00F4-486B-9A3D-FE392B107118/viewfinalredactedpdf,2026-08-01,scanned,tesseract OCR (pdftoppm 300dpi),raw/easyvote/Salazar-Nate__4CDDDA25.pdf,easyvote,4CDDDA25-00F4-486B-9A3D-FE392B107118,007789da27c78cc37b72aa50d84b8b186d53b8554bb8aa372924b9bfd0b7534d,Candidate,no,yes
2026-04-06,"Salazar, Nate ",County Council,At-Large A,2026,interim,Salazar33126FinancialDisclosure,"Salazar, Nate  (Salt Lake County Council At-Large A) — Salazar33126FinancialDisclosure",https://ecf-api.easyvoteapp.com/documents/807CB6D6-A83E-4E43-ABB1-497E8BEA615B/viewfinalredactedpdf,2026-08-01,scanned,tesseract OCR (pdftoppm 300dpi),raw/easyvote/Salazar-Nate__807CB6D6.pdf,easyvote,807CB6D6-A83E-4E43-ABB1-497E8BEA615B,14285460cf98fb0ccb470a3e7985574ce99c385282ec7d71a67f6eddf8c59937,Candidate,no,yes
2026-02-12,"Sanchez, Paul",County Council,District 1,2026,interim,Dissolution Report,"Sanchez, Paul (Salt Lake County Council District 1) — Dissolution Report",https://ecf-api.easyvoteapp.com/documents/9B34781B-DB01-49BE-91CF-F9D1BDE98B06/viewfinalredactedpdf,2026-08-01,scanned,tesseract OCR (pdftoppm 300dpi),raw/easyvote/Sanchez-Paul__9B34781B.pdf,easyvote,9B34781B-DB01-49BE-91CF-F9D1BDE98B06,804597d1afe6789afdebb6d4c3b70efe2052af5a3fff54d9128cd447ac258bef,Campaign,no,no
2026-03-23,"Snyder, Phil",Sheriff,,2026,interim,finaldissolutionreport.3.23.26,"Snyder, Phil (Salt Lake County Sheriff) — finaldissolutionreport.3.23.26",https://ecf-api.easyvoteapp.com/documents/B9D88E40-0459-4C3C-A984-FE9778CF569E/viewfinalredactedpdf,2026-08-01,scanned,tesseract OCR (pdftoppm 300dpi),raw/easyvote/Snyder-Phil__B9D88E40.pdf,easyvote,B9D88E40-0459-4C3C-A984-FE9778CF569E,da4afd76bba3d6b193ee93c2dacf894e3b983d14c1809e61ec453ee546a4b01f,Candidate,no,no
2026-02-01,"Srivastava, Sheila",Treasurer,,2026,interim,2025 Year End,"Srivastava, Sheila (Salt Lake County Treasurer) — 2025 Year End",https://ecf-api.easyvoteapp.com/documents/53823FF3-9399-40FC-B786-44E134C3F03E/viewfinalredactedpdf,2026-08-01,scanned,tesseract OCR (pdftoppm 300dpi),raw/easyvote/Srivastava-Sheila__53823FF3.pdf,easyvote,53823FF3-9399-40FC-B786-44E134C3F03E,40512c8efd97c57dcd2ffd62182ef71dfb1350f0622ffd9bd7e28b9cb9f791eb,Officeholder,no,yes
2026-01-20,"Stavros, Christopher",Assessor,,2026,interim,End of Year 2025,"Stavros, Christopher (Salt Lake County Assessor) — End of Year 2025",https://ecf-api.easyvoteapp.com/documents/7821FD96-2DBD-4808-A984-D9D24546B123/viewfinalredactedpdf,2026-08-01,scanned,tesseract OCR (pdftoppm 300dpi),raw/easyvote/Stavros-Christopher__7821FD96.pdf,easyvote,7821FD96-2DBD-4808-A984-D9D24546B123,3b03241982dd16e6c7cd968b2a91f8bee583d69e2781beacc6a584a8a5661e1e,Officeholder,no,no
2026-02-02,"Stormont, Valerie",County Council,District 1,2026,interim,2025_Stormont_YE,"Stormont, Valerie (Salt Lake County Council District 1) — 2025_Stormont_YE",https://ecf-api.easyvoteapp.com/documents/F3B75C9F-92AD-4F3A-A027-00615D8992A0/viewfinalredactedpdf,2026-08-01,scanned,tesseract OCR (pdftoppm 300dpi),raw/easyvote/Stormont-Valerie__F3B75C9F.pdf,easyvote,F3B75C9F-92AD-4F3A-A027-00615D8992A0,8971bb3f4c6b36e84e0a2e891aab6449cb6ccab5c0c4e175238ecce318dea5c7,Campaign,no,yes
2026-02-02,"Stringham, Laurie",County Council,At-Large A,2026,interim,Year End 2025,"Stringham, Laurie (Salt Lake County Council At-Large A) — Year End 2025",https://ecf-api.easyvoteapp.com/documents/2C7F9011-FA92-4B59-AA3A-09B1FD35DBB4/viewfinalredactedpdf,2026-08-01,scanned,tesseract OCR (pdftoppm 300dpi),raw/easyvote/Stringham-Laurie__2C7F9011.pdf,easyvote,2C7F9011-FA92-4B59-AA3A-09B1FD35DBB4,826f841698a00dbab0cf5909e08f0cffb68bdad71320d29c59057a5919c27926,Incumbent,no,yes
2026-04-06,"Stringham, Laurie",County Council,At-Large A,2026,interim,Interim Financial Disclosure for period ending March 31,"Stringham, Laurie (Salt Lake County Council At-Large A) — Interim Financial Disclosure for period ending March 31",https://ecf-api.easyvoteapp.com/documents/3DC2FD9B-6AC8-4C4E-A9B4-40CB89E8AAF3/viewfinalredactedpdf,2026-08-01,scanned,tesseract OCR (pdftoppm 300dpi),raw/easyvote/Stringham-Laurie__3DC2FD9B.pdf,easyvote,3DC2FD9B-6AC8-4C4E-A9B4-40CB89E8AAF3,fbe4b9615ea9fa970db11e667825e051a83e02080deef677778a42ef9d68be09,Incumbent,no,yes
2026-02-18,"Swaby, Nigel",County Council,District 1,2026,interim,Feb amm,"Swaby, Nigel (Salt Lake County Council District 1) — Feb amm",https://ecf-api.easyvoteapp.com/documents/A18BC4C1-309B-4EA1-BD70-6E25959F188B/viewfinalredactedpdf,2026-08-01,scanned,tesseract OCR (pdftoppm 300dpi),raw/easyvote/Swaby-Nigel__A18BC4C1.pdf,easyvote,A18BC4C1-309B-4EA1-BD70-6E25959F188B,58e8ccfdb9932d9f46e282b5cf6e5fdb71d834c2243c0645fb3fabeee0e97b51,Campaign,no,no
2026-02-02,"Swaby, Nigel",County Council,District 1,2026,interim,Feb2 Year End,"Swaby, Nigel (Salt Lake County Council District 1) — Feb2 Year End",https://ecf-api.easyvoteapp.com/documents/ED9E3732-77B1-4490-9FED-A6694E2F531A/viewfinalredactedpdf,2026-08-01,scanned,tesseract OCR (pdftoppm 300dpi),raw/easyvote/Swaby-Nigel__ED9E3732.pdf,easyvote,ED9E3732-77B1-4490-9FED-A6694E2F531A,ecd39dfb73a37776bb95cae2d6f48134eb25015339dbc88dd7968c9479b798d7,Campaign,no,no
2026-02-02,"Taggart, Tenille",County Council,District 1,2026,interim,End of Election Report,"Taggart, Tenille (Salt Lake County Council District 1) — End of Election Report",https://ecf-api.easyvoteapp.com/documents/3FB08238-6B6F-4E48-AA85-867DDEE20ACA/viewfinalredactedpdf,2026-08-01,scanned,tesseract OCR (pdftoppm 300dpi),raw/easyvote/Taggart-Tenille__3FB08238.pdf,easyvote,3FB08238-6B6F-4E48-AA85-867DDEE20ACA,75ec97a2f251e276bae4b58a6912a94bdcc01fe762ba05998db4d5189f3c3d25,Campaign,no,no
2026-02-23,"Taggart, Tenille",County Council,District 1,2026,interim,Amended End of Election Report,"Taggart, Tenille (Salt Lake County Council District 1) — Amended End of Election Report",https://ecf-api.easyvoteapp.com/documents/486EC9F1-7BDF-4ACD-8F13-4ABCAAF85131/viewfinalredactedpdf,2026-08-01,scanned,tesseract OCR (pdftoppm 300dpi),raw/easyvote/Taggart-Tenille__486EC9F1.pdf,easyvote,486EC9F1-7BDF-4ACD-8F13-4ABCAAF85131,1ae6c3124bc042e0e5fec0f3fa69b21c53bcb6f728bb35e175fe9e57e8cec2a4,Campaign,no,yes
2026-04-05,"Taggart, Tenille",County Council,At-Large A,2026,interim,Interim Financial Disclosure At-Large A_04.05.26,"Taggart, Tenille (Salt Lake County Council At-Large A) — Interim Financial Disclosure At-Large A_04.05.26",https://ecf-api.easyvoteapp.com/documents/9D22C235-ADE7-49CF-8EC2-92F0065EBB34/viewfinalredactedpdf,2026-08-01,scanned,tesseract OCR (pdftoppm 300dpi),raw/easyvote/Taggart-Tenille__9D22C235.pdf,easyvote,9D22C235-ADE7-49CF-8EC2-92F0065EBB34,d16f79611b9ea46dff7286b4c01285c6a9a195eda1e5afab4808e17f577acfb5,Candidate,no,yes
2026-02-23,"Taggart, Tenille",County Council,At-Large A,2026,interim,End of Election Year Report SLCo At-Large A,"Taggart, Tenille (Salt Lake County Council At-Large A) — End of Election Year Report SLCo At-Large A",https://ecf-api.easyvoteapp.com/documents/D3819212-A8E4-4408-841F-956676651003/viewfinalredactedpdf,2026-08-01,scanned,tesseract OCR (pdftoppm 300dpi),raw/easyvote/Taggart-Tenille__D3819212.pdf,easyvote,D3819212-A8E4-4408-841F-956676651003,2de838cd1dd35b8c3929e5d85c9ef8c96dad2f673c02ac5d0d286ad18b37dd26,Candidate,no,yes
2026-02-23,"Thatcher, Daniel",County Council,District 2,2026,interim,Dissolution,"Thatcher, Daniel (Salt Lake County Council District 2) — Dissolution",https://ecf-api.easyvoteapp.com/documents/3699B2CD-CEE4-42C9-BAFA-B356E5E3D3F5/viewfinalredactedpdf,2026-08-01,scanned,tesseract OCR (pdftoppm 300dpi),raw/easyvote/Thatcher-Daniel__3699B2CD.pdf,easyvote,3699B2CD-CEE4-42C9-BAFA-B356E5E3D3F5,c807984452e1bf7b4e1a52947149f63fa0c5ae9bf045cbb9bbe5bcd20f04a7d3,Campaign,no,yes
2026-02-06,"Theodore, Dea",County Council,District 6,2026,interim,End of Year Report 2025,"Theodore, Dea (Salt Lake County Council District 6) — End of Year Report 2025",https://ecf-api.easyvoteapp.com/documents/66408756-55FF-40FD-8EBF-3BF86569A2A5/viewfinalredactedpdf,2026-08-01,scanned,tesseract OCR (pdftoppm 300dpi),raw/easyvote/Theodore-Dea__66408756.pdf,easyvote,66408756-55FF-40FD-8EBF-3BF86569A2A5,683a2589f40be994e7147770bf94465d7bb215bf7b785af371e449f79008246d,Officeholder,no,yes
2026-02-01,"Theodore, Dea",County Council,District 6,2026,interim,End of Year Report 2025,"Theodore, Dea (Salt Lake County Council District 6) — End of Year Report 2025",https://ecf-api.easyvoteapp.com/documents/93AA958A-F7A8-40AC-AB41-C9E6F96F1043/viewfinalredactedpdf,2026-08-01,scanned,tesseract OCR (pdftoppm 300dpi),raw/easyvote/Theodore-Dea__93AA958A.pdf,easyvote,93AA958A-F7A8-40AC-AB41-C9E6F96F1043,76d0df7ab7b844409bb555d7937868d53e1b8133c10bc2e61c9dce9700603116,Officeholder,no,no
2026-01-23,"Valdemoros, Ana",County Council,District 1,2026,interim,Final / Dissolution report,"Valdemoros, Ana (Salt Lake County Council District 1) — Final / Dissolution report",https://ecf-api.easyvoteapp.com/documents/19C3BF09-ABF7-49EE-BAAF-F1ECEE68C879/viewfinalredactedpdf,2026-08-01,scanned,tesseract OCR (pdftoppm 300dpi),raw/easyvote/Valdemoros-Ana__19C3BF09.pdf,easyvote,19C3BF09-ABF7-49EE-BAAF-F1ECEE68C879,7145886f315126d0b266c0f25c954bbe1f438c97da0fd86148b4f1ffafceb8ab,Campaign,no,yes
2026-04-05,"Wike, Lori",County Council,District 1,2026,interim,LoriWikeFinancialDisclosure,"Wike, Lori (Salt Lake County Council District 1) — LoriWikeFinancialDisclosure",https://ecf-api.easyvoteapp.com/documents/A62907B6-DAD5-401C-A5D7-798C31595BD0/viewfinalredactedpdf,2026-08-01,scanned,tesseract OCR (pdftoppm 300dpi),raw/easyvote/Wike-Lori__A62907B6.pdf,easyvote,A62907B6-DAD5-401C-A5D7-798C31595BD0,9583884ad57aa37f1e9c89eb5ea28e64320961fed46673be1efe1370c75362dd,Campaign,no,no
2026-02-20,"Wiley, Aaron",County Council,District 1,2026,interim,Dissolution,"Wiley, Aaron (Salt Lake County Council District 1) — Dissolution",https://ecf-api.easyvoteapp.com/documents/37E147C5-2950-4F1D-B268-B0171E5B0252/viewfinalredactedpdf,2026-08-01,scanned,tesseract OCR (pdftoppm 300dpi),raw/easyvote/Wiley-Aaron__37E147C5.pdf,easyvote,37E147C5-2950-4F1D-B268-B0171E5B0252,c113e9d691a7f3e915806682bd436338a764ace2b1ddac568ed6a2979d423d0f,Campaign,no,no
2026-02-02,"Williams, Bruce",Surveyor,,2026,interim,Dissolution Report,"Williams, Bruce (Salt Lake County Surveyor) — Dissolution Report",https://ecf-api.easyvoteapp.com/documents/29203218-B14B-49BC-8774-5AF5961EF4B5/viewfinalredactedpdf,2026-08-01,scanned,tesseract OCR (pdftoppm 300dpi),raw/easyvote/Williams-Bruce__29203218.pdf,easyvote,29203218-B14B-49BC-8774-5AF5961EF4B5,622e31f8281e17b09b0128e0f3d277d3a845bdb20cf07a261aaf8f47a95e1064,Campaign,no,no
2026-01-17,"Winder Newton, Aimee",County Council,District 3,2026,interim,End of year 2025,"Winder Newton, Aimee (Salt Lake County Council District 3) — End of year 2025",https://ecf-api.easyvoteapp.com/documents/86F829E6-F1BE-4AC5-8131-E9CFAB111056/viewfinalredactedpdf,2026-08-01,scanned,tesseract OCR (pdftoppm 300dpi),raw/easyvote/Winder-Newton-Aimee__86F829E6.pdf,easyvote,86F829E6-F1BE-4AC5-8131-E9CFAB111056,a76aadc7ceebdae13c0c6ada53ffd42a125d0158b418b2d1e8106c1ccd705f03,Officeholder,no,yes
2026-02-03,"Winder, James",Sheriff,,2026,interim,Winder Final Amended,"Winder, James (Salt Lake County Sheriff) — Winder Final Amended",https://ecf-api.easyvoteapp.com/documents/6196A83A-7F63-4E7C-819D-B65CE026639B/viewfinalredactedpdf,2026-08-01,text,pdftotext -layout,raw/easyvote/Winder-James__6196A83A.pdf,easyvote,6196A83A-7F63-4E7C-819D-B65CE026639B,6ba9106de3c887820a123fd010bd439b5f6b5cccd18298a339500028a2395723,Campaign,yes,yes
2026-02-02,"Winder, James",Sheriff,,2026,interim,Winder Final Report,"Winder, James (Salt Lake County Sheriff) — Winder Final Report",https://ecf-api.easyvoteapp.com/documents/D8816957-AD87-4F64-B915-6E3F7104CB20/viewfinalredactedpdf,2026-08-01,scanned,tesseract OCR (pdftoppm 300dpi),raw/easyvote/Winder-James__D8816957.pdf,easyvote,D8816957-AD87-4F64-B915-6E3F7104CB20,3e100251bf6fc25f57fcaa0b0ad70ed8a9d11d6345c000a90640fa06017450a5,Campaign,no,no
