dataset,source,motion_no,date,body,motion_type_native,motion_type_std,land_use_type,action_class,outcome,tally_aye,tally_nay,tally_other,vote_mode,result_raw,classify_method,classify_confidence,motion_id
meeting_minutes,meeting_minutes/minutes/2020/2020-01-06/2020-01-07_city-council-meeting.md,1,2020-01-07,Council,Procedural/Administrative,Procedural-Administrative,,procedural,pass,,,,voice,Voice Pass,crosswalk,high,1
meeting_minutes,meeting_minutes/minutes/2020/2020-01-06/2020-01-07_city-council-meeting-2.md,1,2020-01-07,Council,Other,Procedural-Administrative,,procedural,pass,,,,voice,Voice Pass,rule:proc-agenda,high,2
meeting_minutes,meeting_minutes/minutes/2020/2020-01-06/2020-01-07_city-council-meeting-2.md,2,2020-01-07,Council,Other,Procedural-Administrative,,procedural,pass,,,,voice,Voice Pass,rule:proc-report,medium,3
meeting_minutes,meeting_minutes/minutes/2020/2020-01-06/2020-01-07_city-council-meeting-2.md,3,2020-01-07,Council,Other,Procedural-Administrative,,procedural,pass,,,,voice,Voice Pass,rule:proc-report,medium,4
meeting_minutes,meeting_minutes/minutes/2020/2020-01-06/2020-01-07_city-council-meeting-2.md,4,2020-01-07,Council,Procedural/Administrative,Procedural-Administrative,,procedural,pass,,,,voice,Voice Pass,crosswalk,high,5
meeting_minutes,meeting_minutes/minutes/2020/2020-01-06/2020-01-07_city-council-meeting-2.md,5,2020-01-07,Council,Ordinance,Public-Hearing,,procedural,pass,,,,voice,Voice Pass,rule:ph-openclose,high,6
meeting_minutes,meeting_minutes/minutes/2020/2020-01-06/2020-01-07_city-council-meeting-2.md,6,2020-01-07,Council,Public Hearing Action,Public-Hearing,,procedural,pass,,,,voice,Voice Pass,crosswalk,high,7
meeting_minutes,meeting_minutes/minutes/2020/2020-01-06/2020-01-07_city-council-meeting-2.md,7,2020-01-07,Council,Ordinance,Budget,,final-action,pass,,,,voice,Voice Pass,rule:budget,high,8
meeting_minutes,meeting_minutes/minutes/2020/2020-01-06/2020-01-07_city-council-meeting-2.md,8,2020-01-07,Council,Public Hearing Action,Public-Hearing,,procedural,pass,,,,voice,Voice Pass,crosswalk,high,9
meeting_minutes,meeting_minutes/minutes/2020/2020-01-06/2020-01-07_city-council-meeting-2.md,9,2020-01-07,Council,Ordinance,Land-Use,Vacation,final-action,pass,7,0,,roll-call,7-0 Pass,rule:lu-vacate,high,10
meeting_minutes,meeting_minutes/minutes/2020/2020-01-06/2020-01-07_city-council-meeting-2.md,10,2020-01-07,Council,Ordinance,Ordinance,,final-action,pass,7,0,,roll-call,7-0 Pass,crosswalk,medium,11
meeting_minutes,meeting_minutes/minutes/2020/2020-01-06/2020-01-07_city-council-meeting-2.md,11,2020-01-07,Council,Other,Other,,final-action,pass,7,0,,roll-call,7-0 Pass,rule:no-signal,low,12
meeting_minutes,meeting_minutes/minutes/2020/2020-01-06/2020-01-07_city-council-meeting-2.md,12,2020-01-07,Council,Other,Appointment,,final-action,pass,6,1,,roll-call,6-1 Pass,rule:officer-elect,high,13
meeting_minutes,meeting_minutes/minutes/2020/2020-01-06/2020-01-07_city-council-meeting-2.md,13,2020-01-07,Council,Procedural/Administrative,Procedural-Administrative,,procedural,pass,,,,voice,Voice Pass,crosswalk,high,14
meeting_minutes,meeting_minutes/minutes/2020/2020-01-20/2020-01-21_city-council-meeting-2.md,1,2020-01-21,Council,Procedural/Administrative,Procedural-Administrative,,procedural,unknown,,,,unknown,Recorded,crosswalk,high,15
meeting_minutes,meeting_minutes/minutes/2020/2020-01-20/2020-01-21_city-council-meeting-2.md,2,2020-01-21,Council,Ordinance,Public-Hearing,,procedural,pass,,,,voice,Voice Pass,rule:ph-openclose,high,16
meeting_minutes,meeting_minutes/minutes/2020/2020-01-20/2020-01-21_city-council-meeting-2.md,3,2020-01-21,Council,Resolution,Resolution,,final-action,unknown,,,,unknown,Recorded,crosswalk,high,17
meeting_minutes,meeting_minutes/minutes/2020/2020-01-20/2020-01-21_city-council-meeting-2.md,4,2020-01-21,Council,Appointment,Appointment,,final-action,unknown,,,,unknown,Recorded,crosswalk,high,18
meeting_minutes,meeting_minutes/minutes/2020/2020-01-20/2020-01-21_city-council-meeting-2.md,5,2020-01-21,Council,Ceremonial,Ceremonial,,final-action,pass,,,,voice,Voice Pass,crosswalk,high,19
meeting_minutes,meeting_minutes/minutes/2020/2020-01-20/2020-01-21_city-council-meeting-2.md,6,2020-01-21,Council,Public Hearing Action,Public-Hearing,,procedural,pass,,,,voice,Voice Pass,crosswalk,high,20
meeting_minutes,meeting_minutes/minutes/2020/2020-01-20/2020-01-21_city-council-meeting-2.md,7,2020-01-21,Council,Ordinance,Ordinance,,final-action,pass,4,0,,roll-call,4-0 Pass,crosswalk,medium,21
meeting_minutes,meeting_minutes/minutes/2020/2020-01-20/2020-01-21_city-council-meeting-2.md,8,2020-01-21,Council,Resolution,Budget,,final-action,pass,4,0,,roll-call,4-0 Pass,rule:budget,high,22
meeting_minutes,meeting_minutes/minutes/2020/2020-01-20/2020-01-21_city-council-meeting-2.md,9,2020-01-21,Council,Procedural/Administrative,Procedural-Administrative,,procedural,pass,,,,voice,Voice Pass,crosswalk,high,23
meeting_minutes,meeting_minutes/minutes/2020/2020-01-27/2020-01-28_city-council-meeting-2.md,1,2020-01-28,Council,Ceremonial,Ceremonial,,final-action,unknown,,,,unknown,Recorded,crosswalk,high,24
meeting_minutes,meeting_minutes/minutes/2020/2020-01-27/2020-01-28_city-council-meeting-2.md,2,2020-01-28,Council,Ceremonial,Ceremonial,,final-action,pass,,,,voice,Voice Pass,crosswalk,high,25
meeting_minutes,meeting_minutes/minutes/2020/2020-01-27/2020-01-28_city-council-meeting-2.md,3,2020-01-28,Council,Appointment,Appointment,,final-action,pass,,,,voice,Voice Pass,crosswalk,high,26
meeting_minutes,meeting_minutes/minutes/2020/2020-01-27/2020-01-28_city-council-meeting-2.md,4,2020-01-28,Council,Procedural/Administrative,Procedural-Administrative,,procedural,pass,,,,voice,Voice Pass,crosswalk,high,27
meeting_minutes,meeting_minutes/minutes/2020/2020-02-03/2020-02-04_city-council-meeting-2.md,1,2020-02-04,Council,Procedural/Administrative,Procedural-Administrative,,procedural,pass,,,,voice,Voice Pass,crosswalk,high,28
meeting_minutes,meeting_minutes/minutes/2020/2020-02-03/2020-02-04_city-council-meeting-2.md,2,2020-02-04,Council,Appointment,Appointment,,final-action,pass,,,,voice,Voice Pass,crosswalk,high,29
meeting_minutes,meeting_minutes/minutes/2020/2020-02-03/2020-02-04_city-council-meeting-2.md,3,2020-02-04,Council,Public Hearing Action,Public-Hearing,,procedural,pass,,,,voice,Voice Pass,crosswalk,high,30
meeting_minutes,meeting_minutes/minutes/2020/2020-02-03/2020-02-04_city-council-meeting-2.md,4,2020-02-04,Council,Ordinance,Budget,,final-action,pass,7,0,,roll-call,7-0 Pass,rule:budget,high,31
meeting_minutes,meeting_minutes/minutes/2020/2020-02-03/2020-02-04_city-council-meeting-2.md,5,2020-02-04,Council,Ordinance,Land-Use,Rezone,final-action,pass,6,1,,roll-call,6-1 Pass,rule:lu-rezone,high,32
meeting_minutes,meeting_minutes/minutes/2020/2020-02-03/2020-02-04_city-council-meeting-2.md,6,2020-02-04,Council,Procedural/Administrative,Procedural-Administrative,,procedural,pass,,,,voice,Voice Pass,crosswalk,high,33
meeting_minutes,meeting_minutes/minutes/2020/2020-02-10/2020-02-11_city-council-special-meeting.md,1,2020-02-11,Council,Procedural/Administrative,Procedural-Administrative,,procedural,pass,,,,voice,Voice Pass,crosswalk,high,34
meeting_minutes,meeting_minutes/minutes/2020/2020-02-10/2020-02-11_city-council-special-meeting.md,2,2020-02-11,Council,Ordinance,Grant-Funding,,final-action,pass,7,0,,roll-call,7-0 Pass,rule:grant,high,35
meeting_minutes,meeting_minutes/minutes/2020/2020-02-10/2020-02-11_city-council-special-meeting.md,3,2020-02-11,Council,Procedural/Administrative,Procedural-Administrative,,procedural,pass,,,,voice,Voice Pass,crosswalk,high,36
meeting_minutes,meeting_minutes/minutes/2020/2020-02-17/2020-02-18_city-council-meeting-2.md,1,2020-02-18,Council,Other,Other,,final-action,pass,,,,voice,Voice Pass,rule:no-signal,low,37
meeting_minutes,meeting_minutes/minutes/2020/2020-02-17/2020-02-18_city-council-meeting-2.md,2,2020-02-18,Council,Procedural/Administrative,Procedural-Administrative,,procedural,pass,,,,voice,Voice Pass,crosswalk,high,38
meeting_minutes,meeting_minutes/minutes/2020/2020-02-17/2020-02-18_city-council-meeting-2.md,3,2020-02-18,Council,Appointment,Appointment,,final-action,pass,,,,voice,Voice Pass,crosswalk,high,39
meeting_minutes,meeting_minutes/minutes/2020/2020-02-17/2020-02-18_city-council-meeting-2.md,4,2020-02-18,Council,Land-Use/Zoning,Land-Use,Rezone,final-action,pass,,,,voice,Voice Pass,rule:lu-rezone,high,40
meeting_minutes,meeting_minutes/minutes/2020/2020-02-17/2020-02-18_city-council-meeting-2.md,5,2020-02-18,Council,Ordinance,Land-Use,Rezone,final-action,pass,4,0,,roll-call,4-0 Pass,rule:lu-rezone,high,41
meeting_minutes,meeting_minutes/minutes/2020/2020-02-17/2020-02-18_city-council-meeting-2.md,6,2020-02-18,Council,Ordinance,Land-Use,Rezone,final-action,pass,4,0,,roll-call,4-0 Pass,rule:lu-rezone,high,42
meeting_minutes,meeting_minutes/minutes/2020/2020-02-17/2020-02-18_city-council-meeting-2.md,7,2020-02-18,Council,Procedural/Administrative,Procedural-Administrative,,procedural,pass,,,,voice,Voice Pass,crosswalk,high,43
meeting_minutes,meeting_minutes/minutes/2020/2020-02-24/2020-02-25_city-council-meeting-2.md,1,2020-02-25,Council,Other,Other,,final-action,unknown,,,,unknown,Recorded,rule:no-signal,low,44
meeting_minutes,meeting_minutes/minutes/2020/2020-02-24/2020-02-25_city-council-meeting-2.md,2,2020-02-25,Council,Procedural/Administrative,Procedural-Administrative,,procedural,pass,,,,voice,Voice Pass,crosswalk,high,45
meeting_minutes,meeting_minutes/minutes/2020/2020-02-24/2020-02-25_city-council-meeting-2.md,3,2020-02-25,Council,Appointment,Appointment,,final-action,pass,,,,voice,Voice Pass,crosswalk,high,46
meeting_minutes,meeting_minutes/minutes/2020/2020-02-24/2020-02-25_city-council-meeting-2.md,4,2020-02-25,Council,Ordinance,Public-Hearing,,procedural,pass,,,,voice,Voice Pass,rule:ph-openclose,high,47
meeting_minutes,meeting_minutes/minutes/2020/2020-02-24/2020-02-25_city-council-meeting-2.md,5,2020-02-25,Council,Ordinance,Public-Hearing,,procedural,pass,,,,voice,Voice Pass,rule:ph-openclose,high,48
meeting_minutes,meeting_minutes/minutes/2020/2020-02-24/2020-02-25_city-council-meeting-2.md,6,2020-02-25,Council,Other,Other,,final-action,pass,5,2,,roll-call,5-2 Pass,rule:no-signal,low,49
meeting_minutes,meeting_minutes/minutes/2020/2020-02-24/2020-02-25_city-council-meeting-2.md,7,2020-02-25,Council,Land-Use/Zoning,Land-Use,Rezone,final-action,pass,6,1,,roll-call,6-1 Pass,rule:lu-rezone,high,50
meeting_minutes,meeting_minutes/minutes/2020/2020-02-24/2020-02-25_city-council-meeting-2.md,8,2020-02-25,Council,Procedural/Administrative,Procedural-Administrative,,procedural,pass,,,,voice,Voice Pass,crosswalk,high,51
meeting_minutes,meeting_minutes/minutes/2020/2020-03-09/2020-03-10_city-council-special-meeting.md,1,2020-03-10,Council,Procedural/Administrative,Procedural-Administrative,,procedural,pass,,,,voice,Voice Pass,crosswalk,high,52
meeting_minutes,meeting_minutes/minutes/2020/2020-03-09/2020-03-10_city-council-special-meeting.md,2,2020-03-10,Council,Public Hearing Action,Public-Hearing,,procedural,pass,,,,voice,Voice Pass,crosswalk,high,53
meeting_minutes,meeting_minutes/minutes/2020/2020-03-09/2020-03-10_city-council-special-meeting.md,3,2020-03-10,Council,Ordinance,Ordinance,,final-action,pass,5,2,,roll-call,5-2 Pass,crosswalk,high,54
meeting_minutes,meeting_minutes/minutes/2020/2020-03-09/2020-03-10_city-council-special-meeting.md,4,2020-03-10,Council,Ordinance,Budget,,final-action,pass,5,2,,roll-call,5-2 Pass,rule:budget,high,55
meeting_minutes,meeting_minutes/minutes/2020/2020-03-09/2020-03-10_city-council-special-meeting.md,5,2020-03-10,Council,Procedural/Administrative,Procedural-Administrative,,procedural,pass,,,,voice,Voice Pass,crosswalk,high,56
meeting_minutes,meeting_minutes/minutes/2020/2020-03-30/2020-03-31_city-council-special-meeting.md,1,2020-03-31,Council,Other,Procedural-Administrative,,procedural,unknown,,,,unknown,Recorded,rule:proc-agenda,high,57
meeting_minutes,meeting_minutes/minutes/2020/2020-03-30/2020-03-31_city-council-special-meeting.md,2,2020-03-31,Council,Resolution,Resolution,,final-action,pass,7,0,,roll-call,7-0 Pass,crosswalk,high,58
meeting_minutes,meeting_minutes/minutes/2020/2020-03-30/2020-03-31_city-council-special-meeting.md,3,2020-03-31,Council,Ceremonial,Ceremonial,,final-action,unknown,,,,unknown,Recorded,crosswalk,high,59
meeting_minutes,meeting_minutes/minutes/2020/2020-03-30/2020-03-31_city-council-special-meeting.md,4,2020-03-31,Council,Ceremonial,Ceremonial,,final-action,pass,,,,voice,Voice Pass,crosswalk,high,60
meeting_minutes,meeting_minutes/minutes/2020/2020-03-30/2020-03-31_city-council-special-meeting.md,5,2020-03-31,Council,Ceremonial,Ceremonial,,final-action,pass,,,,voice,Voice Pass,crosswalk,high,61
meeting_minutes,meeting_minutes/minutes/2020/2020-03-30/2020-03-31_city-council-special-meeting.md,6,2020-03-31,Council,Ceremonial,Ceremonial,,final-action,pass,,,,voice,Voice Pass,crosswalk,high,62
meeting_minutes,meeting_minutes/minutes/2020/2020-03-30/2020-03-31_city-council-special-meeting.md,7,2020-03-31,Council,Procedural/Administrative,Procedural-Administrative,,procedural,pass,,,,voice,Voice Pass,crosswalk,high,63
meeting_minutes,meeting_minutes/minutes/2020/2020-03-30/2020-03-31_city-council-special-meeting.md,8,2020-03-31,Council,Appointment,Appointment,,final-action,pass,,,,voice,Voice Pass,crosswalk,high,64
meeting_minutes,meeting_minutes/minutes/2020/2020-03-30/2020-03-31_city-council-special-meeting.md,9,2020-03-31,Council,Procedural/Administrative,Procedural-Administrative,,procedural,pass,,,,voice,Voice Pass,crosswalk,high,65
meeting_minutes,meeting_minutes/minutes/2020/2020-04-06/2020-04-07_city-council-meeting-2.md,1,2020-04-07,Council,Public Hearing Action,Public-Hearing,,procedural,pass,,,,voice,Voice Pass,crosswalk,high,66
meeting_minutes,meeting_minutes/minutes/2020/2020-04-06/2020-04-07_city-council-meeting-2.md,2,2020-04-07,Council,Resolution,Resolution,,final-action,pass,6,0,,roll-call,6-0 Pass,crosswalk,high,67
meeting_minutes,meeting_minutes/minutes/2020/2020-04-06/2020-04-07_city-council-meeting-2.md,3,2020-04-07,Council,Ordinance,Budget,,final-action,pass,6,0,,roll-call,6-0 Pass,rule:budget,high,68
meeting_minutes,meeting_minutes/minutes/2020/2020-04-06/2020-04-07_city-council-meeting-2.md,4,2020-04-07,Council,Ordinance,Ordinance,,final-action,pass,,,,voice,Voice Pass,crosswalk,high,69
meeting_minutes,meeting_minutes/minutes/2020/2020-04-06/2020-04-07_city-council-meeting-2.md,5,2020-04-07,Council,Resolution,Public-Hearing,,procedural,pass,,,,voice,Voice Pass,rule:ph-openclose,high,70
meeting_minutes,meeting_minutes/minutes/2020/2020-04-06/2020-04-07_city-council-meeting-2.md,6,2020-04-07,Council,Ordinance,Public-Hearing,,procedural,pass,,,,voice,Voice Pass,rule:ph-openclose,high,71
meeting_minutes,meeting_minutes/minutes/2020/2020-04-06/2020-04-07_city-council-meeting-2.md,7,2020-04-07,Council,Resolution,Resolution,,final-action,pass,6,0,,roll-call,6-0 Pass,crosswalk,medium,72
meeting_minutes,meeting_minutes/minutes/2020/2020-04-06/2020-04-07_city-council-meeting-2.md,8,2020-04-07,Council,Procedural/Administrative,Procedural-Administrative,,procedural,unknown,,,,unknown,Recorded,crosswalk,high,73
meeting_minutes,meeting_minutes/minutes/2020/2020-04-13/2020-04-14_city-council-special-meeting.md,1,2020-04-14,Council,Procedural/Administrative,Procedural-Administrative,,procedural,pass,,,,voice,Voice Pass,crosswalk,high,74
meeting_minutes,meeting_minutes/minutes/2020/2020-04-13/2020-04-14_city-council-special-meeting.md,2,2020-04-14,Council,Ordinance,Public-Hearing,,procedural,pass,,,,voice,Voice Pass,rule:ph-openclose,high,75
meeting_minutes,meeting_minutes/minutes/2020/2020-04-13/2020-04-14_city-council-special-meeting.md,3,2020-04-14,Council,Resolution,Resolution,,procedural,pass,6,0,,roll-call,6-0 Pass,crosswalk,high,76
meeting_minutes,meeting_minutes/minutes/2020/2020-04-13/2020-04-14_city-council-special-meeting.md,4,2020-04-14,Council,Procedural/Administrative,Procedural-Administrative,,procedural,pass,,,,voice,Voice Pass,crosswalk,high,77
meeting_minutes,meeting_minutes/minutes/2020/2020-04-20/2020-04-21_city-council-meeting-2.md,1,2020-04-21,Council,Budget Amendment,Procedural-Administrative,,procedural,unknown,,,,unknown,Recorded,rule:proc-minutes,high,78
meeting_minutes,meeting_minutes/minutes/2020/2020-04-20/2020-04-21_city-council-meeting-2.md,2,2020-04-21,Council,Procedural/Administrative,Procedural-Administrative,,procedural,unknown,,,,unknown,Recorded,crosswalk,high,79
meeting_minutes,meeting_minutes/minutes/2020/2020-04-20/2020-04-21_city-council-meeting-2.md,3,2020-04-21,Council,Public Hearing Action,Public-Hearing,,procedural,pass,,,,voice,Voice Pass,crosswalk,high,80
meeting_minutes,meeting_minutes/minutes/2020/2020-04-20/2020-04-21_city-council-meeting-2.md,4,2020-04-21,Council,Ordinance,Budget,,final-action,pass,7,0,,roll-call,7-0 Pass,rule:budget,high,81
meeting_minutes,meeting_minutes/minutes/2020/2020-04-20/2020-04-21_city-council-meeting-2.md,5,2020-04-21,Council,Procedural/Administrative,Procedural-Administrative,,procedural,pass,,,,voice,Voice Pass,crosswalk,high,82
meeting_minutes,meeting_minutes/minutes/2020/2020-04-27/2020-04-28_city-council-meeting-2.md,1,2020-04-28,Council,Public Hearing Action,Public-Hearing,,procedural,pass,,,,voice,Voice Pass,crosswalk,high,83
meeting_minutes,meeting_minutes/minutes/2020/2020-04-27/2020-04-28_city-council-meeting-2.md,2,2020-04-28,Council,Resolution,Resolution,,final-action,pass,7,0,,roll-call,7-0 Pass,crosswalk,high,84
meeting_minutes,meeting_minutes/minutes/2020/2020-04-27/2020-04-28_city-council-meeting-2.md,3,2020-04-28,Council,Resolution,Resolution,,final-action,pass,7,0,,roll-call,7-0 Pass,crosswalk,high,85
meeting_minutes,meeting_minutes/minutes/2020/2020-04-27/2020-04-28_city-council-meeting-2.md,4,2020-04-28,Council,Ordinance,Budget,,final-action,pass,7,0,,roll-call,7-0 Pass,rule:budget,high,86
meeting_minutes,meeting_minutes/minutes/2020/2020-04-27/2020-04-28_city-council-meeting-2.md,5,2020-04-28,Council,Public Hearing Action,Public-Hearing,,procedural,pass,,,,voice,Voice Pass,crosswalk,high,87
meeting_minutes,meeting_minutes/minutes/2020/2020-04-27/2020-04-28_city-council-meeting-2.md,6,2020-04-28,Council,Resolution,Resolution,,final-action,pass,7,0,,roll-call,7-0 Pass,crosswalk,high,88
meeting_minutes,meeting_minutes/minutes/2020/2020-04-27/2020-04-28_city-council-meeting-2.md,7,2020-04-28,Council,Public Hearing Action,Public-Hearing,,procedural,pass,,,,voice,Voice Pass,crosswalk,high,89
meeting_minutes,meeting_minutes/minutes/2020/2020-04-27/2020-04-28_city-council-meeting-2.md,8,2020-04-28,Council,Ordinance,Ordinance,,final-action,pass,5,2,,roll-call,5-2 Pass,crosswalk,high,90
meeting_minutes,meeting_minutes/minutes/2020/2020-04-27/2020-04-28_city-council-meeting-2.md,9,2020-04-28,Council,Resolution,Public-Hearing,,procedural,pass,,,,voice,Voice Pass,rule:ph-openclose,high,91
meeting_minutes,meeting_minutes/minutes/2020/2020-04-27/2020-04-28_city-council-meeting-2.md,10,2020-04-28,Council,Resolution,Public-Hearing,,procedural,pass,,,,voice,Voice Pass,rule:ph-openclose,high,92
meeting_minutes,meeting_minutes/minutes/2020/2020-04-27/2020-04-28_city-council-meeting-2.md,11,2020-04-28,Council,Ordinance,Public-Hearing,,procedural,pass,,,,voice,Voice Pass,rule:ph-openclose,high,93
meeting_minutes,meeting_minutes/minutes/2020/2020-04-27/2020-04-28_city-council-meeting-2.md,12,2020-04-28,Council,Ordinance,Land-Use,Vacation,final-action,pass,7,0,,roll-call,7-0 Pass,rule:lu-vacate,high,94
meeting_minutes,meeting_minutes/minutes/2020/2020-04-27/2020-04-28_city-council-meeting-2.md,13,2020-04-28,Council,Procedural/Administrative,Procedural-Administrative,,procedural,pass,,,,voice,Voice Pass,crosswalk,high,95
meeting_minutes,meeting_minutes/minutes/2020/2020-05-04/2020-05-05_city-council-meeting-2.md,1,2020-05-05,Council,Ceremonial,Ceremonial,,final-action,pass,,,,voice,Voice Pass,crosswalk,high,96
meeting_minutes,meeting_minutes/minutes/2020/2020-05-04/2020-05-05_city-council-meeting-2.md,2,2020-05-05,Council,Procedural/Administrative,Procedural-Administrative,,procedural,pass,,,,voice,Voice Pass,crosswalk,high,97
meeting_minutes,meeting_minutes/minutes/2020/2020-05-04/2020-05-05_city-council-meeting-2.md,3,2020-05-05,Council,Other,Budget,,final-action,pass,,,,voice,Voice Pass,rule:budget,high,98
meeting_minutes,meeting_minutes/minutes/2020/2020-05-04/2020-05-05_city-council-meeting-2.md,4,2020-05-05,Council,Procedural/Administrative,Procedural-Administrative,,procedural,pass,,,,voice,Voice Pass,crosswalk,high,99
meeting_minutes,meeting_minutes/minutes/2020/2020-05-11/2020-05-12_city-council-meeting.md,1,2020-05-12,Council,Resolution,Resolution,,final-action,pass,,,,voice,Voice Pass,crosswalk,high,100
meeting_minutes,meeting_minutes/minutes/2020/2020-05-11/2020-05-12_city-council-meeting.md,2,2020-05-12,Council,Public Hearing Action,Public-Hearing,,procedural,pass,,,,voice,Voice Pass,crosswalk,high,101
meeting_minutes,meeting_minutes/minutes/2020/2020-05-11/2020-05-12_city-council-meeting.md,3,2020-05-12,Council,Resolution,Resolution,,final-action,pass,7,0,,roll-call,7-0 Pass,crosswalk,high,102
meeting_minutes,meeting_minutes/minutes/2020/2020-05-11/2020-05-12_city-council-meeting.md,4,2020-05-12,Council,Resolution,Resolution,,final-action,pass,7,0,,roll-call,7-0 Pass,crosswalk,high,103
meeting_minutes,meeting_minutes/minutes/2020/2020-05-11/2020-05-12_city-council-meeting.md,5,2020-05-12,Council,Public Hearing Action,Public-Hearing,,procedural,pass,,,,voice,Voice Pass,crosswalk,high,104
meeting_minutes,meeting_minutes/minutes/2020/2020-05-11/2020-05-12_city-council-meeting.md,6,2020-05-12,Council,Ordinance,Budget,,final-action,pass,,,,voice,Voice Pass,rule:budget,high,105
meeting_minutes,meeting_minutes/minutes/2020/2020-05-11/2020-05-12_city-council-meeting.md,7,2020-05-12,Council,Ordinance,Ordinance,,final-action,pass,7,0,,roll-call,7-0 Pass,crosswalk,medium,106
meeting_minutes,meeting_minutes/minutes/2020/2020-05-11/2020-05-12_city-council-meeting.md,8,2020-05-12,Council,Ordinance,Public-Hearing,,procedural,pass,,,,voice,Voice Pass,rule:ph-openclose,high,107
meeting_minutes,meeting_minutes/minutes/2020/2020-05-11/2020-05-12_city-council-meeting.md,9,2020-05-12,Council,Ordinance,Public-Hearing,,procedural,pass,,,,voice,Voice Pass,rule:ph-openclose,high,108
meeting_minutes,meeting_minutes/minutes/2020/2020-05-11/2020-05-12_city-council-meeting.md,10,2020-05-12,Council,Procedural/Administrative,Procedural-Administrative,,procedural,pass,,,,voice,Voice Pass,crosswalk,high,109
meeting_minutes,pmn_backfill/minutes/2020-05-12_municipal-building-authority-special-meeting.md,1,2020-05-12,MBA,Resolution,Public-Hearing,,procedural,unknown,,,,unknown,Recorded,rule:ph-openclose,high,110
meeting_minutes,pmn_backfill/minutes/2020-05-12_municipal-building-authority-special-meeting.md,2,2020-05-12,MBA,Procedural/Administrative,Procedural-Administrative,,procedural,pass,,,,voice,Voice Pass,crosswalk,high,111
meeting_minutes,meeting_minutes/minutes/2020/2020-05-18/2020-05-19_city-council-meeting.md,1,2020-05-19,Council,Resolution,Public-Hearing,,procedural,pass,,,,voice,Voice Pass,rule:ph-openclose,high,112
meeting_minutes,meeting_minutes/minutes/2020/2020-05-18/2020-05-19_city-council-meeting.md,2,2020-05-19,Council,Procedural/Administrative,Procedural-Administrative,,procedural,pass,,,,voice,Voice Pass,crosswalk,high,113
meeting_minutes,meeting_minutes/minutes/2020/2020-05-25/2020-05-26_city-council-meeting-2.md,1,2020-05-26,Council,Procedural/Administrative,Procedural-Administrative,,procedural,pass,,,,voice,Voice Pass,crosswalk,high,114
meeting_minutes,meeting_minutes/minutes/2020/2020-05-25/2020-05-26_city-council-meeting-2.md,2,2020-05-26,Council,Appointment,Appointment,,final-action,pass,,,,voice,Voice Pass,crosswalk,high,115
meeting_minutes,meeting_minutes/minutes/2020/2020-05-25/2020-05-26_city-council-meeting-2.md,3,2020-05-26,Council,Public Hearing Action,Public-Hearing,,procedural,pass,,,,voice,Voice Pass,crosswalk,high,116
meeting_minutes,meeting_minutes/minutes/2020/2020-05-25/2020-05-26_city-council-meeting-2.md,4,2020-05-26,Council,Ordinance,Ordinance,,final-action,pass,6,0,,roll-call,6-0 Pass,crosswalk,high,117
meeting_minutes,meeting_minutes/minutes/2020/2020-05-25/2020-05-26_city-council-meeting-2.md,5,2020-05-26,Council,Ordinance,Budget,,final-action,pass,5,1,,roll-call,5-1 Pass,rule:budget,high,118
meeting_minutes,meeting_minutes/minutes/2020/2020-05-25/2020-05-26_city-council-meeting-2.md,6,2020-05-26,Council,Resolution,Resolution,,final-action,pass,6,0,,roll-call,6-0 Pass,crosswalk,high,119
meeting_minutes,meeting_minutes/minutes/2020/2020-05-25/2020-05-26_city-council-meeting-2.md,7,2020-05-26,Council,Procedural/Administrative,Procedural-Administrative,,procedural,unknown,,,,unknown,Recorded,crosswalk,high,120
meeting_minutes,meeting_minutes/minutes/2020/2020-06-01/2020-06-02_city-council-meeting-2.md,1,2020-06-02,Council,Procedural/Administrative,Procedural-Administrative,,procedural,pass,,,,voice,Voice Pass,crosswalk,high,121
meeting_minutes,meeting_minutes/minutes/2020/2020-06-01/2020-06-02_city-council-meeting-2.md,2,2020-06-02,Council,Public Hearing Action,Public-Hearing,,procedural,pass,,,,voice,Voice Pass,crosswalk,high,122
meeting_minutes,meeting_minutes/minutes/2020/2020-06-01/2020-06-02_city-council-meeting-2.md,3,2020-06-02,Council,Ordinance,Budget,,final-action,pass,6,0,,roll-call,6-0 Pass,rule:budget,high,123
meeting_minutes,meeting_minutes/minutes/2020/2020-06-01/2020-06-02_city-council-meeting-2.md,4,2020-06-02,Council,Ordinance,Procedural-Administrative,,procedural,unknown,,,,unknown,Recorded,rule:proc-minutes,high,124
meeting_minutes,meeting_minutes/minutes/2020/2020-06-01/2020-06-02_city-council-meeting-2.md,5,2020-06-02,Council,Ordinance,Public-Hearing,,procedural,pass,,,,voice,Voice Pass,rule:ph-openclose,high,125
meeting_minutes,meeting_minutes/minutes/2020/2020-06-01/2020-06-02_city-council-meeting-2.md,6,2020-06-02,Council,Ordinance,Public-Hearing,,procedural,unknown,,,,unknown,Recorded,rule:ph-openclose,high,126
meeting_minutes,meeting_minutes/minutes/2020/2020-06-01/2020-06-02_city-council-meeting-2.md,7,2020-06-02,Council,Procedural/Administrative,Procedural-Administrative,,procedural,pass,,,,voice,Voice Pass,crosswalk,high,127
meeting_minutes,meeting_minutes/minutes/2020/2020-06-08/2020-06-09_city-council-special-meeting.md,1,2020-06-09,Council,Resolution,Resolution,,final-action,pass,6,0,,roll-call,6-0 Pass,crosswalk,high,128
meeting_minutes,meeting_minutes/minutes/2020/2020-06-08/2020-06-09_city-council-special-meeting.md,2,2020-06-09,Council,Procedural/Administrative,Procedural-Administrative,,procedural,pass,6,0,,roll-call,6-0 Pass,crosswalk,high,129
meeting_minutes,meeting_minutes/minutes/2020/2020-06-08/2020-06-09_city-council-special-meeting.md,3,2020-06-09,Council,Procedural/Administrative,Procedural-Administrative,,procedural,unknown,,,,unknown,Recorded,crosswalk,high,130
meeting_minutes,pmn_backfill/minutes/2020-06-09_municipal-building-authority-special-meeting.md,1,2020-06-09,MBA,Public Hearing Action,Public-Hearing,,procedural,pass,,,,voice,Voice Pass,crosswalk,high,131
meeting_minutes,pmn_backfill/minutes/2020-06-09_municipal-building-authority-special-meeting.md,2,2020-06-09,MBA,Resolution,Budget,,final-action,pass,5,0,,roll-call,5-0 Pass,rule:budget,high,132
meeting_minutes,pmn_backfill/minutes/2020-06-09_municipal-building-authority-special-meeting.md,3,2020-06-09,MBA,Procedural/Administrative,Procedural-Administrative,,procedural,pass,,,,voice,Voice Pass,crosswalk,high,133
meeting_minutes,meeting_minutes/minutes/2020/2020-06-15/2020-06-16_city-council-meeting-2.md,1,2020-06-16,Council,Ceremonial,Ceremonial,,final-action,pass,,,,voice,Voice Pass,crosswalk,high,134
meeting_minutes,meeting_minutes/minutes/2020/2020-06-15/2020-06-16_city-council-meeting-2.md,2,2020-06-16,Council,Resolution,Resolution,,final-action,pass,7,0,,roll-call,7-0 Pass,crosswalk,high,135
meeting_minutes,meeting_minutes/minutes/2020/2020-06-15/2020-06-16_city-council-meeting-2.md,3,2020-06-16,Council,Ordinance,Public-Hearing,,procedural,pass,,,,voice,Voice Pass,rule:ph-openclose,high,136
meeting_minutes,meeting_minutes/minutes/2020/2020-06-15/2020-06-16_city-council-meeting-2.md,4,2020-06-16,Council,Ordinance,Ordinance,,final-action,pass,,,,voice,Voice Pass,crosswalk,high,137
meeting_minutes,meeting_minutes/minutes/2020/2020-06-15/2020-06-16_city-council-meeting-2.md,5,2020-06-16,Council,Ordinance,Public-Hearing,,procedural,pass,,,,voice,Voice Pass,rule:ph-openclose,high,138
meeting_minutes,meeting_minutes/minutes/2020/2020-06-15/2020-06-16_city-council-meeting-2.md,6,2020-06-16,Council,Land-Use/Zoning,Land-Use,Annexation,final-action,unknown,,,,unknown,Recorded,rule:lu-annex,high,139
meeting_minutes,meeting_minutes/minutes/2020/2020-06-15/2020-06-16_city-council-meeting-2.md,7,2020-06-16,Council,Procedural/Administrative,Procedural-Administrative,,procedural,pass,,,,voice,Voice Pass,crosswalk,high,140
meeting_minutes,meeting_minutes/minutes/2020/2020-06-22/2020-06-23_city-council-meeting-2.md,1,2020-06-23,Council,Public Hearing Action,Public-Hearing,,procedural,pass,,,,voice,Voice Pass,crosswalk,high,141
meeting_minutes,meeting_minutes/minutes/2020/2020-06-22/2020-06-23_city-council-meeting-2.md,2,2020-06-23,Council,Public Hearing Action,Public-Hearing,,procedural,pass,,,,voice,Voice Pass,crosswalk,high,142
meeting_minutes,meeting_minutes/minutes/2020/2020-06-22/2020-06-23_city-council-meeting-2.md,3,2020-06-23,Council,Ordinance,Ordinance,,final-action,pass,6,0,,roll-call,6-0 Pass,crosswalk,high,143
meeting_minutes,meeting_minutes/minutes/2020/2020-06-22/2020-06-23_city-council-meeting-2.md,4,2020-06-23,Council,Public Hearing Action,Public-Hearing,,procedural,pass,6,0,,roll-call,6-0 Pass,crosswalk,high,144
meeting_minutes,meeting_minutes/minutes/2020/2020-06-22/2020-06-23_city-council-meeting-2.md,5,2020-06-23,Council,Public Hearing Action,Public-Hearing,,procedural,pass,,,,voice,Voice Pass,crosswalk,high,145
meeting_minutes,meeting_minutes/minutes/2020/2020-06-22/2020-06-23_city-council-meeting-2.md,6,2020-06-23,Council,Resolution,Resolution,,final-action,pass,6,0,,roll-call,6-0 Pass,crosswalk,high,146
meeting_minutes,meeting_minutes/minutes/2020/2020-06-22/2020-06-23_city-council-meeting-2.md,7,2020-06-23,Council,Ordinance,Land-Use,General-Plan-Amendment,final-action,pass,5,1,,roll-call,5-1 Pass,rule:lu-gpa,high,147
meeting_minutes,meeting_minutes/minutes/2020/2020-06-22/2020-06-23_city-council-meeting-2.md,8,2020-06-23,Council,Ordinance,Ordinance,,final-action,pass,5,1,,roll-call,5-1 Pass,crosswalk,high,148
meeting_minutes,meeting_minutes/minutes/2020/2020-06-22/2020-06-23_city-council-meeting-2.md,9,2020-06-23,Council,Ordinance,Ordinance,,final-action,pass,6,0,,roll-call,6-0 Pass,crosswalk,medium,149
meeting_minutes,meeting_minutes/minutes/2020/2020-06-22/2020-06-23_city-council-meeting-2.md,10,2020-06-23,Council,Ordinance,Public-Hearing,,procedural,pass,,,,voice,Voice Pass,rule:ph-openclose,high,150
meeting_minutes,meeting_minutes/minutes/2020/2020-06-22/2020-06-23_city-council-meeting-2.md,11,2020-06-23,Council,Resolution,Interlocal,,final-action,pass,6,0,,roll-call,6-0 Pass,rule:interlocal,high,151
meeting_minutes,meeting_minutes/minutes/2020/2020-06-22/2020-06-23_city-council-meeting-2.md,12,2020-06-23,Council,Resolution,Grant-Funding,,final-action,pass,5,0,,roll-call,5-0 Pass,rule:grant,high,152
meeting_minutes,meeting_minutes/minutes/2020/2020-06-22/2020-06-23_city-council-meeting-2.md,13,2020-06-23,Council,Procedural/Administrative,Procedural-Administrative,,procedural,pass,,,,voice,Voice Pass,crosswalk,high,153
meeting_minutes,meeting_minutes/minutes/2020/2020-07-06/2020-07-07_city-council-meeting-2.md,1,2020-07-07,Council,Resolution,Resolution,,final-action,pass,,,,voice,Voice Pass,crosswalk,high,154
meeting_minutes,meeting_minutes/minutes/2020/2020-07-06/2020-07-07_city-council-meeting-2.md,2,2020-07-07,Council,Public Hearing Action,Public-Hearing,,procedural,pass,,,,voice,Voice Pass,crosswalk,high,155
meeting_minutes,meeting_minutes/minutes/2020/2020-07-06/2020-07-07_city-council-meeting-2.md,3,2020-07-07,Council,Ordinance,Ordinance,,final-action,pass,7,0,,roll-call,7-0 Pass,crosswalk,high,156
meeting_minutes,meeting_minutes/minutes/2020/2020-07-06/2020-07-07_city-council-meeting-2.md,4,2020-07-07,Council,Public Hearing Action,Public-Hearing,,procedural,pass,,,,voice,Voice Pass,crosswalk,high,157
meeting_minutes,meeting_minutes/minutes/2020/2020-07-06/2020-07-07_city-council-meeting-2.md,5,2020-07-07,Council,Ordinance,Ordinance,,final-action,pass,7,0,,roll-call,7-0 Pass,crosswalk,high,158
meeting_minutes,meeting_minutes/minutes/2020/2020-07-06/2020-07-07_city-council-meeting-2.md,6,2020-07-07,Council,Public Hearing Action,Public-Hearing,,procedural,pass,,,,voice,Voice Pass,crosswalk,high,159
meeting_minutes,meeting_minutes/minutes/2020/2020-07-06/2020-07-07_city-council-meeting-2.md,7,2020-07-07,Council,Public Hearing Action,Public-Hearing,,procedural,pass,,,,voice,Voice Pass,crosswalk,high,160
meeting_minutes,meeting_minutes/minutes/2020/2020-07-06/2020-07-07_city-council-meeting-2.md,8,2020-07-07,Council,Ordinance,Ordinance,,final-action,pass,6,1,,roll-call,6-1 Pass,crosswalk,high,161
meeting_minutes,meeting_minutes/minutes/2020/2020-07-06/2020-07-07_city-council-meeting-2.md,9,2020-07-07,Council,Ordinance,Contract-Purchase,,final-action,pass,7,0,,roll-call,7-0 Pass,rule:contract,high,162
meeting_minutes,meeting_minutes/minutes/2020/2020-07-06/2020-07-07_city-council-meeting-2.md,10,2020-07-07,Council,Public Hearing Action,Public-Hearing,,procedural,pass,,,,voice,Voice Pass,crosswalk,high,163
meeting_minutes,meeting_minutes/minutes/2020/2020-07-06/2020-07-07_city-council-meeting-2.md,11,2020-07-07,Council,Ordinance,Ordinance,,final-action,pass,7,0,,roll-call,7-0 Pass,crosswalk,medium,164
meeting_minutes,meeting_minutes/minutes/2020/2020-07-06/2020-07-07_city-council-meeting-2.md,12,2020-07-07,Council,Ordinance,Land-Use,Rezone,final-action,pass,6,0,,roll-call,6-0 Pass,rule:lu-rezone,high,165
meeting_minutes,meeting_minutes/minutes/2020/2020-07-06/2020-07-07_city-council-meeting-2.md,13,2020-07-07,Council,Resolution,Contract-Purchase,,final-action,pass,7,0,,roll-call,7-0 Pass,rule:contract,high,166
meeting_minutes,meeting_minutes/minutes/2020/2020-07-06/2020-07-07_city-council-meeting-2.md,14,2020-07-07,Council,Land-Use/Zoning,Land-Use,General-Plan-Amendment,final-action,pass,7,0,,roll-call,7-0 Pass,rule:lu-gpa,high,167
meeting_minutes,meeting_minutes/minutes/2020/2020-07-06/2020-07-07_city-council-meeting-2.md,15,2020-07-07,Council,Land-Use/Zoning,Land-Use,General-Plan-Amendment,final-action,pass,,,,voice,Voice Pass,rule:lu-gpa,high,168
meeting_minutes,meeting_minutes/minutes/2020/2020-07-06/2020-07-07_city-council-meeting-2.md,16,2020-07-07,Council,Procedural/Administrative,Procedural-Administrative,,procedural,pass,,,,voice,Voice Pass,crosswalk,high,169
meeting_minutes,meeting_minutes/minutes/2020/2020-07-13/2020-07-14_city-council-special-meeting.md,1,2020-07-14,Council,Resolution,Resolution,,final-action,pass,,,,voice,Voice Pass,crosswalk,high,170
meeting_minutes,meeting_minutes/minutes/2020/2020-07-13/2020-07-14_city-council-special-meeting.md,2,2020-07-14,Council,Procedural/Administrative,Procedural-Administrative,,procedural,pass,,,,voice,Voice Pass,crosswalk,high,171
meeting_minutes,meeting_minutes/minutes/2020/2020-07-20/2020-07-21_city-council-meeting.md,1,2020-07-21,Council,Procedural/Administrative,Procedural-Administrative,,procedural,pass,6,0,,roll-call,6-0 Pass,crosswalk,high,172
meeting_minutes,meeting_minutes/minutes/2020/2020-07-20/2020-07-21_city-council-meeting.md,2,2020-07-21,Council,Procedural/Administrative,Procedural-Administrative,,procedural,pass,,,,voice,Voice Pass,crosswalk,high,173
meeting_minutes,meeting_minutes/minutes/2020/2020-08-03/2020-08-04_city-council-meeting-2.md,1,2020-08-04,Council,Procedural/Administrative,Procedural-Administrative,,procedural,pass,,,,voice,Voice Pass,crosswalk,high,174
meeting_minutes,meeting_minutes/minutes/2020/2020-08-03/2020-08-04_city-council-meeting-2.md,2,2020-08-04,Council,Resolution,Resolution,,final-action,pass,,,,voice,Voice Pass,crosswalk,high,175
meeting_minutes,meeting_minutes/minutes/2020/2020-08-03/2020-08-04_city-council-meeting-2.md,3,2020-08-04,Council,Ordinance,Public-Hearing,,procedural,pass,,,,voice,Voice Pass,rule:ph-openclose,high,176
meeting_minutes,meeting_minutes/minutes/2020/2020-08-03/2020-08-04_city-council-meeting-2.md,4,2020-08-04,Council,Public Hearing Action,Public-Hearing,,procedural,pass,,,,voice,Voice Pass,crosswalk,high,177
meeting_minutes,meeting_minutes/minutes/2020/2020-08-03/2020-08-04_city-council-meeting-2.md,5,2020-08-04,Council,Resolution,Resolution,,final-action,pass,6,0,,roll-call,6-0 Pass,crosswalk,high,178
meeting_minutes,meeting_minutes/minutes/2020/2020-08-03/2020-08-04_city-council-meeting-2.md,6,2020-08-04,Council,Ordinance,Land-Use,Rezone,final-action,pass,7,0,,roll-call,7-0 Pass,rule:lu-rezone,high,179
meeting_minutes,meeting_minutes/minutes/2020/2020-08-03/2020-08-04_city-council-meeting-2.md,7,2020-08-04,Council,Ordinance,Ordinance,,final-action,pass,7,0,,roll-call,7-0 Pass,crosswalk,high,180
meeting_minutes,meeting_minutes/minutes/2020/2020-08-03/2020-08-04_city-council-meeting-2.md,8,2020-08-04,Council,Ordinance,Ordinance,,final-action,pass,7,0,,roll-call,7-0 Pass,crosswalk,medium,181
meeting_minutes,meeting_minutes/minutes/2020/2020-08-03/2020-08-04_city-council-meeting-2.md,9,2020-08-04,Council,Procedural/Administrative,Procedural-Administrative,,procedural,pass,,,,voice,Voice Pass,crosswalk,high,182
meeting_minutes,meeting_minutes/minutes/2020/2020-08-10/2020-08-11_city-council-special-meeting.md,1,2020-08-11,Council,Procedural/Administrative,Procedural-Administrative,,procedural,pass,,,,voice,Voice Pass,crosswalk,high,183
meeting_minutes,meeting_minutes/minutes/2020/2020-08-10/2020-08-11_city-council-special-meeting.md,2,2020-08-11,Council,Ordinance,Ordinance,,final-action,pass,5,2,,roll-call,5-2 Pass,crosswalk,high,184
meeting_minutes,meeting_minutes/minutes/2020/2020-08-10/2020-08-11_city-council-special-meeting.md,3,2020-08-11,Council,Ordinance,Land-Use,General-Plan-Amendment,final-action,pass,6,1,,roll-call,6-1 Pass,rule:lu-gpa,high,185
meeting_minutes,meeting_minutes/minutes/2020/2020-08-10/2020-08-11_city-council-special-meeting.md,4,2020-08-11,Council,Procedural/Administrative,Procedural-Administrative,,procedural,pass,,,,voice,Voice Pass,crosswalk,high,186
meeting_minutes,meeting_minutes/minutes/2020/2020-08-17/2020-08-18_city-council-meeting.md,1,2020-08-18,Council,Ceremonial,Ceremonial,,final-action,unknown,,,,unknown,Recorded,crosswalk,high,187
meeting_minutes,meeting_minutes/minutes/2020/2020-08-17/2020-08-18_city-council-meeting.md,2,2020-08-18,Council,Appointment,Appointment,,final-action,pass,,,,voice,Voice Pass,crosswalk,high,188
meeting_minutes,meeting_minutes/minutes/2020/2020-08-17/2020-08-18_city-council-meeting.md,3,2020-08-18,Council,Budget Amendment,Public-Hearing,,procedural,unknown,,,,unknown,Recorded,rule:ph-openclose,high,189
meeting_minutes,meeting_minutes/minutes/2020/2020-08-17/2020-08-18_city-council-meeting.md,4,2020-08-18,Council,Public Hearing Action,Public-Hearing,,procedural,pass,,,,voice,Voice Pass,crosswalk,high,190
meeting_minutes,meeting_minutes/minutes/2020/2020-08-17/2020-08-18_city-council-meeting.md,5,2020-08-18,Council,Ordinance,Budget,,final-action,pass,6,0,,roll-call,6-0 Pass,rule:budget,high,191
meeting_minutes,meeting_minutes/minutes/2020/2020-08-17/2020-08-18_city-council-meeting.md,6,2020-08-18,Council,Ordinance,Ordinance,,procedural,pass,5,1,,roll-call,5-1 Pass,crosswalk,high,192
meeting_minutes,meeting_minutes/minutes/2020/2020-08-17/2020-08-18_city-council-meeting.md,7,2020-08-18,Council,Ordinance,Land-Use,Development-Agreement,final-action,pass,6,0,,roll-call,6-0 Pass,rule:lu-devagr,high,193
meeting_minutes,meeting_minutes/minutes/2020/2020-08-17/2020-08-18_city-council-meeting.md,8,2020-08-18,Council,Ordinance,Land-Use,General-Plan-Amendment,final-action,pass,6,0,,roll-call,6-0 Pass,rule:lu-gpa,high,194
meeting_minutes,meeting_minutes/minutes/2020/2020-08-17/2020-08-18_city-council-meeting.md,9,2020-08-18,Council,Procedural/Administrative,Procedural-Administrative,,procedural,pass,,,,voice,Voice Pass,crosswalk,high,195
meeting_minutes,meeting_minutes/minutes/2020/2020-08-24/2020-08-25_city-council-meeting.md,1,2020-08-25,Council,Resolution,Resolution,,final-action,pass,,,,voice,Voice Pass,crosswalk,high,196
meeting_minutes,meeting_minutes/minutes/2020/2020-08-24/2020-08-25_city-council-meeting.md,2,2020-08-25,Council,Procedural/Administrative,Procedural-Administrative,,procedural,pass,,,,voice,Voice Pass,crosswalk,high,197
meeting_minutes,meeting_minutes/minutes/2020/2020-08-24/2020-08-25_city-council-meeting.md,3,2020-08-25,Council,Other,Other,,final-action,pass,,,,voice,Voice Pass,rule:no-signal,low,198
meeting_minutes,meeting_minutes/minutes/2020/2020-08-24/2020-08-25_city-council-meeting.md,4,2020-08-25,Council,Appointment,Appointment,,final-action,pass,,,,voice,Voice Pass,crosswalk,high,199
meeting_minutes,meeting_minutes/minutes/2020/2020-08-24/2020-08-25_city-council-meeting.md,5,2020-08-25,Council,Procedural/Administrative,Procedural-Administrative,,procedural,pass,,,,voice,Voice Pass,crosswalk,high,200
meeting_minutes,meeting_minutes/minutes/2020/2020-08-31/2020-09-01_city-council-meeting-2.md,1,2020-09-01,Council,Public Hearing Action,Public-Hearing,,procedural,pass,,,,voice,Voice Pass,crosswalk,high,201
meeting_minutes,meeting_minutes/minutes/2020/2020-08-31/2020-09-01_city-council-meeting-2.md,2,2020-09-01,Council,Ordinance,Ordinance,,final-action,pass,5,0,,roll-call,5-0 Pass,crosswalk,high,202
meeting_minutes,meeting_minutes/minutes/2020/2020-08-31/2020-09-01_city-council-meeting-2.md,3,2020-09-01,Council,Ordinance,Ordinance,,final-action,pass,5,0,,roll-call,5-0 Pass,crosswalk,high,203
meeting_minutes,meeting_minutes/minutes/2020/2020-08-31/2020-09-01_city-council-meeting-2.md,4,2020-09-01,Council,Resolution,Resolution,,final-action,pass,5,0,,roll-call,5-0 Pass,crosswalk,high,204
meeting_minutes,meeting_minutes/minutes/2020/2020-08-31/2020-09-01_city-council-meeting-2.md,5,2020-09-01,Council,Ordinance,Public-Hearing,,procedural,pass,,,,voice,Voice Pass,rule:ph-openclose,high,205
meeting_minutes,meeting_minutes/minutes/2020/2020-08-31/2020-09-01_city-council-meeting-2.md,6,2020-09-01,Council,Procedural/Administrative,Procedural-Administrative,,procedural,unknown,,,,unknown,Recorded,crosswalk,high,206
meeting_minutes,meeting_minutes/minutes/2020/2020-10-05/2020-10-06_city-council-meeting.md,1,2020-10-06,Council,Procedural/Administrative,Procedural-Administrative,,procedural,pass,,,,voice,Voice Pass,crosswalk,high,207
meeting_minutes,meeting_minutes/minutes/2020/2020-10-05/2020-10-06_city-council-meeting.md,2,2020-10-06,Council,Procedural/Administrative,Procedural-Administrative,,procedural,pass,,,,voice,Voice Pass,crosswalk,high,208
meeting_minutes,meeting_minutes/minutes/2020/2020-10-05/2020-10-06_city-council-meeting.md,3,2020-10-06,Council,Ordinance,Public-Hearing,,procedural,pass,,,,voice,Voice Pass,rule:ph-openclose,high,209
meeting_minutes,meeting_minutes/minutes/2020/2020-10-05/2020-10-06_city-council-meeting.md,4,2020-10-06,Council,Ordinance,Public-Hearing,,procedural,pass,,,,voice,Voice Pass,rule:ph-openclose,high,210
meeting_minutes,meeting_minutes/minutes/2020/2020-10-05/2020-10-06_city-council-meeting.md,5,2020-10-06,Council,Ordinance,Public-Hearing,,procedural,pass,,,,voice,Voice Pass,rule:ph-openclose,high,211
meeting_minutes,meeting_minutes/minutes/2020/2020-10-05/2020-10-06_city-council-meeting.md,6,2020-10-06,Council,Ordinance,Ordinance,,final-action,pass,7,0,,roll-call,7-0 Pass,crosswalk,high,212
meeting_minutes,meeting_minutes/minutes/2020/2020-10-05/2020-10-06_city-council-meeting.md,7,2020-10-06,Council,Land-Use/Zoning,Land-Use,Other-Land-Use,final-action,pass,7,0,,roll-call,7-0 Pass,crosswalk,medium,213
meeting_minutes,meeting_minutes/minutes/2020/2020-10-05/2020-10-06_city-council-meeting.md,8,2020-10-06,Council,Ordinance,Ordinance,,final-action,pass,7,0,,roll-call,7-0 Pass,crosswalk,high,214
meeting_minutes,meeting_minutes/minutes/2020/2020-10-05/2020-10-06_city-council-meeting.md,9,2020-10-06,Council,Ordinance,Ordinance,,final-action,pass,7,0,,roll-call,7-0 Pass,crosswalk,high,215
meeting_minutes,meeting_minutes/minutes/2020/2020-10-05/2020-10-06_city-council-meeting.md,10,2020-10-06,Council,Ordinance,Ordinance,,final-action,pass,7,0,,roll-call,7-0 Pass,crosswalk,high,216
meeting_minutes,meeting_minutes/minutes/2020/2020-10-05/2020-10-06_city-council-meeting.md,11,2020-10-06,Council,Resolution,Resolution,,final-action,pass,7,0,,roll-call,7-0 Pass,crosswalk,high,217
meeting_minutes,meeting_minutes/minutes/2020/2020-10-05/2020-10-06_city-council-meeting.md,12,2020-10-06,Council,Resolution,Appointment,,final-action,pass,7,0,,roll-call,7-0 Pass,rule:appoint,high,218
meeting_minutes,meeting_minutes/minutes/2020/2020-10-05/2020-10-06_city-council-meeting.md,13,2020-10-06,Council,Procedural/Administrative,Procedural-Administrative,,procedural,pass,7,0,,roll-call,7-0 Pass,crosswalk,high,219
meeting_minutes,meeting_minutes/minutes/2020/2020-10-05/2020-10-06_city-council-meeting.md,14,2020-10-06,Council,Procedural/Administrative,Procedural-Administrative,,procedural,unknown,,,,unknown,Recorded,crosswalk,high,220
meeting_minutes,meeting_minutes/minutes/2020/2020-10-12/2020-10-13_city-council-special-meeting.md,1,2020-10-13,Council,Procedural/Administrative,Procedural-Administrative,,procedural,unknown,,,,unknown,Recorded,crosswalk,high,221
meeting_minutes,meeting_minutes/minutes/2020/2020-10-12/2020-10-13_city-council-special-meeting.md,2,2020-10-13,Council,Ordinance,Public-Hearing,,procedural,pass,,,,voice,Voice Pass,rule:ph-openclose,high,222
meeting_minutes,meeting_minutes/minutes/2020/2020-10-12/2020-10-13_city-council-special-meeting.md,3,2020-10-13,Council,Ordinance,Ordinance,,final-action,pass,,,,voice,Voice Pass,crosswalk,high,223
meeting_minutes,meeting_minutes/minutes/2020/2020-10-12/2020-10-13_city-council-special-meeting.md,4,2020-10-13,Council,Resolution,Resolution,,final-action,pass,6,0,,roll-call,6-0 Pass,crosswalk,high,224
meeting_minutes,meeting_minutes/minutes/2020/2020-10-12/2020-10-13_city-council-special-meeting.md,5,2020-10-13,Council,Resolution,Resolution,,final-action,pass,6,0,,roll-call,6-0 Pass,crosswalk,high,225
meeting_minutes,meeting_minutes/minutes/2020/2020-10-12/2020-10-13_city-council-special-meeting.md,6,2020-10-13,Council,Procedural/Administrative,Procedural-Administrative,,procedural,pass,,,,voice,Voice Pass,crosswalk,high,226
meeting_minutes,meeting_minutes/minutes/2020/2020-10-19/2020-10-20_city-council-meeting.md,1,2020-10-20,Council,Procedural/Administrative,Procedural-Administrative,,procedural,pass,,,,voice,Voice Pass,crosswalk,high,227
meeting_minutes,meeting_minutes/minutes/2020/2020-10-19/2020-10-20_city-council-meeting.md,2,2020-10-20,Council,Public Hearing Action,Public-Hearing,,procedural,pass,,,,voice,Voice Pass,crosswalk,high,228
meeting_minutes,meeting_minutes/minutes/2020/2020-10-19/2020-10-20_city-council-meeting.md,3,2020-10-20,Council,Ordinance,Budget,,final-action,pass,7,0,,roll-call,7-0 Pass,rule:budget,high,229
meeting_minutes,meeting_minutes/minutes/2020/2020-10-19/2020-10-20_city-council-meeting.md,4,2020-10-20,Council,Public Hearing Action,Public-Hearing,,procedural,pass,,,,voice,Voice Pass,crosswalk,high,230
meeting_minutes,meeting_minutes/minutes/2020/2020-10-19/2020-10-20_city-council-meeting.md,5,2020-10-20,Council,Ordinance,Budget,,final-action,pass,6,0,,roll-call,6-0 Pass,rule:budget,high,231
meeting_minutes,meeting_minutes/minutes/2020/2020-10-19/2020-10-20_city-council-meeting.md,6,2020-10-20,Council,Public Hearing Action,Public-Hearing,,procedural,pass,,,,voice,Voice Pass,crosswalk,high,232
meeting_minutes,meeting_minutes/minutes/2020/2020-10-19/2020-10-20_city-council-meeting.md,7,2020-10-20,Council,Ordinance,Budget,,final-action,pass,7,0,,roll-call,7-0 Pass,rule:budget,high,233
meeting_minutes,meeting_minutes/minutes/2020/2020-10-19/2020-10-20_city-council-meeting.md,8,2020-10-20,Council,Ordinance,Ordinance,,final-action,pass,6,0,,roll-call,6-0 Pass,crosswalk,high,234
meeting_minutes,meeting_minutes/minutes/2020/2020-10-19/2020-10-20_city-council-meeting.md,9,2020-10-20,Council,Appointment,Appointment,,final-action,pass,,,,voice,Voice Pass,crosswalk,high,235
meeting_minutes,meeting_minutes/minutes/2020/2020-10-19/2020-10-20_city-council-meeting.md,10,2020-10-20,Council,Resolution,Resolution,,final-action,pass,6,0,,roll-call,6-0 Pass,crosswalk,high,236
meeting_minutes,meeting_minutes/minutes/2020/2020-10-19/2020-10-20_city-council-meeting.md,11,2020-10-20,Council,Procedural/Administrative,Procedural-Administrative,,procedural,pass,,,,voice,Voice Pass,crosswalk,high,237
meeting_minutes,meeting_minutes/minutes/2020/2020-11-09/2020-11-10_city-council-meeting.md,1,2020-11-10,Council,Procedural/Administrative,Procedural-Administrative,,procedural,pass,,,,voice,Voice Pass,crosswalk,high,238
meeting_minutes,meeting_minutes/minutes/2020/2020-11-09/2020-11-10_city-council-meeting.md,2,2020-11-10,Council,Appointment,Procedural-Administrative,,procedural,pass,,,,voice,Voice Pass,rule:proc-minutes,high,239
meeting_minutes,meeting_minutes/minutes/2020/2020-11-09/2020-11-10_city-council-meeting.md,3,2020-11-10,Council,Public Hearing Action,Public-Hearing,,procedural,pass,,,,voice,Voice Pass,crosswalk,high,240
meeting_minutes,meeting_minutes/minutes/2020/2020-11-09/2020-11-10_city-council-meeting.md,4,2020-11-10,Council,Ordinance,Ordinance,,final-action,pass,6,0,,roll-call,6-0 Pass,crosswalk,high,241
meeting_minutes,meeting_minutes/minutes/2020/2020-11-09/2020-11-10_city-council-meeting.md,5,2020-11-10,Council,Ordinance,Ordinance,,final-action,pass,6,0,,roll-call,6-0 Pass,crosswalk,high,242
meeting_minutes,meeting_minutes/minutes/2020/2020-11-09/2020-11-10_city-council-meeting.md,6,2020-11-10,Council,Procedural/Administrative,Procedural-Administrative,,procedural,pass,6,0,,roll-call,6-0 Pass,crosswalk,high,243
meeting_minutes,meeting_minutes/minutes/2020/2020-11-09/2020-11-10_city-council-meeting.md,7,2020-11-10,Council,Procedural/Administrative,Procedural-Administrative,,procedural,pass,,,,voice,Voice Pass,crosswalk,high,244
meeting_minutes,meeting_minutes/minutes/2020/2020-11-16/2020-11-17_city-council-meeting.md,1,2020-11-17,Council,Ceremonial,Ceremonial,,final-action,pass,,,,voice,Voice Pass,crosswalk,high,245
meeting_minutes,meeting_minutes/minutes/2020/2020-11-16/2020-11-17_city-council-meeting.md,2,2020-11-17,Council,Ordinance,Public-Hearing,,procedural,pass,,,,voice,Voice Pass,rule:ph-openclose,high,246
meeting_minutes,meeting_minutes/minutes/2020/2020-11-16/2020-11-17_city-council-meeting.md,3,2020-11-17,Council,Appointment,Appointment,,final-action,pass,,,,voice,Voice Pass,crosswalk,high,247
meeting_minutes,meeting_minutes/minutes/2020/2020-11-16/2020-11-17_city-council-meeting.md,4,2020-11-17,Council,Public Hearing Action,Public-Hearing,,procedural,pass,,,,voice,Voice Pass,crosswalk,high,248
meeting_minutes,meeting_minutes/minutes/2020/2020-11-16/2020-11-17_city-council-meeting.md,5,2020-11-17,Council,Ordinance,Budget,,final-action,pass,6,0,,roll-call,6-0 Pass,rule:budget,high,249
meeting_minutes,meeting_minutes/minutes/2020/2020-11-16/2020-11-17_city-council-meeting.md,6,2020-11-17,Council,Resolution,Interlocal,,final-action,pass,6,0,,roll-call,6-0 Pass,rule:interlocal,high,250
meeting_minutes,meeting_minutes/minutes/2020/2020-11-16/2020-11-17_city-council-meeting.md,7,2020-11-17,Council,Resolution,Grant-Funding,,final-action,pass,6,0,,roll-call,6-0 Pass,rule:grant,high,251
meeting_minutes,meeting_minutes/minutes/2020/2020-11-16/2020-11-17_city-council-meeting.md,8,2020-11-17,Council,Appointment,Appointment,,final-action,pass,7,0,,roll-call,7-0 Pass,crosswalk,high,252
meeting_minutes,meeting_minutes/minutes/2020/2020-11-16/2020-11-17_city-council-meeting.md,9,2020-11-17,Council,Procedural/Administrative,Procedural-Administrative,,procedural,unknown,,,,unknown,Recorded,crosswalk,high,253
meeting_minutes,meeting_minutes/minutes/2020/2020-11-30/2020-12-01_city-council-meeting-2.md,1,2020-12-01,Council,Ordinance,Ordinance,,final-action,pass,6,0,,roll-call,6-0 Pass,crosswalk,high,254
meeting_minutes,meeting_minutes/minutes/2020/2020-11-30/2020-12-01_city-council-meeting-2.md,2,2020-12-01,Council,Ordinance,Public-Hearing,,procedural,pass,,,,voice,Voice Pass,rule:ph-openclose,high,255
meeting_minutes,meeting_minutes/minutes/2020/2020-11-30/2020-12-01_city-council-meeting-2.md,3,2020-12-01,Council,Ordinance,Public-Hearing,,procedural,pass,,,,voice,Voice Pass,rule:ph-openclose,high,256
meeting_minutes,meeting_minutes/minutes/2020/2020-11-30/2020-12-01_city-council-meeting-2.md,4,2020-12-01,Council,Resolution,Public-Hearing,,procedural,pass,,,,voice,Voice Pass,rule:ph-openclose,high,257
meeting_minutes,meeting_minutes/minutes/2020/2020-11-30/2020-12-01_city-council-meeting-2.md,5,2020-12-01,Council,Public Hearing Action,Public-Hearing,,procedural,pass,,,,voice,Voice Pass,crosswalk,high,258
meeting_minutes,meeting_minutes/minutes/2020/2020-11-30/2020-12-01_city-council-meeting-2.md,6,2020-12-01,Council,Ordinance,Budget,,final-action,pass,6,0,,roll-call,6-0 Pass,rule:budget,high,259
meeting_minutes,meeting_minutes/minutes/2020/2020-11-30/2020-12-01_city-council-meeting-2.md,7,2020-12-01,Council,Ordinance,Ordinance,,final-action,pass,6,0,,roll-call,6-0 Pass,crosswalk,high,260
meeting_minutes,meeting_minutes/minutes/2020/2020-11-30/2020-12-01_city-council-meeting-2.md,8,2020-12-01,Council,Procedural/Administrative,Procedural-Administrative,,procedural,pass,,,,voice,Voice Pass,crosswalk,high,261
meeting_minutes,meeting_minutes/minutes/2020/2020-12-07/2020-12-08_city-council-special-meeting.md,1,2020-12-08,Council,Procedural/Administrative,Procedural-Administrative,,procedural,pass,7,0,,roll-call,7-0 Pass,crosswalk,high,262
meeting_minutes,meeting_minutes/minutes/2020/2020-12-07/2020-12-08_city-council-special-meeting.md,2,2020-12-08,Council,Procedural/Administrative,Procedural-Administrative,,procedural,pass,,,,voice,Voice Pass,crosswalk,high,263
meeting_minutes,meeting_minutes/minutes/2020/2020-12-14/2020-12-15_city-council-meeting-2.md,1,2020-12-15,Council,Resolution,Public-Hearing,,procedural,pass,,,,voice,Voice Pass,rule:ph-openclose,high,264
meeting_minutes,meeting_minutes/minutes/2020/2020-12-14/2020-12-15_city-council-meeting-2.md,2,2020-12-15,Council,Ordinance,Public-Hearing,,procedural,pass,,,,voice,Voice Pass,rule:ph-openclose,high,265
meeting_minutes,meeting_minutes/minutes/2020/2020-12-14/2020-12-15_city-council-meeting-2.md,3,2020-12-15,Council,Ordinance,Public-Hearing,,procedural,pass,,,,voice,Voice Pass,rule:ph-openclose,high,266
meeting_minutes,meeting_minutes/minutes/2020/2020-12-14/2020-12-15_city-council-meeting-2.md,4,2020-12-15,Council,Procedural/Administrative,Procedural-Administrative,,procedural,pass,,,,voice,Voice Pass,crosswalk,high,267
meeting_minutes,meeting_minutes/minutes/2020/2020-12-14/2020-12-15_city-council-meeting-2.md,5,2020-12-15,Council,Public Hearing Action,Public-Hearing,,procedural,pass,,,,voice,Voice Pass,crosswalk,high,268
meeting_minutes,meeting_minutes/minutes/2020/2020-12-14/2020-12-15_city-council-meeting-2.md,6,2020-12-15,Council,Ordinance,Ordinance,,final-action,pass,7,0,,roll-call,7-0 Pass,crosswalk,high,269
meeting_minutes,meeting_minutes/minutes/2020/2020-12-14/2020-12-15_city-council-meeting-2.md,7,2020-12-15,Council,Ordinance,Budget,,final-action,pass,7,0,,roll-call,7-0 Pass,rule:budget,high,270
meeting_minutes,meeting_minutes/minutes/2020/2020-12-14/2020-12-15_city-council-meeting-2.md,8,2020-12-15,Council,Public Hearing Action,Public-Hearing,,procedural,pass,7,0,,roll-call,7-0 Pass,crosswalk,high,271
meeting_minutes,meeting_minutes/minutes/2020/2020-12-14/2020-12-15_city-council-meeting-2.md,9,2020-12-15,Council,Ordinance,Ordinance,,final-action,pass,7,0,,roll-call,7-0 Pass,crosswalk,high,272
meeting_minutes,meeting_minutes/minutes/2020/2020-12-14/2020-12-15_city-council-meeting-2.md,10,2020-12-15,Council,Procedural/Administrative,Procedural-Administrative,,procedural,unknown,,,,unknown,Recorded,crosswalk,high,273
meeting_minutes,meeting_minutes/minutes/2021/2021-01-04/2021-01-05_city-council-meeting.md,1,2021-01-05,Council,Resolution,Resolution,,final-action,pass,,,,voice,Voice Pass,crosswalk,high,274
meeting_minutes,meeting_minutes/minutes/2021/2021-01-04/2021-01-05_city-council-meeting.md,2,2021-01-05,Council,Resolution,Resolution,,final-action,pass,7,0,,roll-call,7-0 Pass,crosswalk,high,275
meeting_minutes,meeting_minutes/minutes/2021/2021-01-04/2021-01-05_city-council-meeting.md,3,2021-01-05,Council,Other,Procedural-Administrative,,procedural,pass,,,,voice,Voice Pass,rule:proc-report,medium,276
meeting_minutes,meeting_minutes/minutes/2021/2021-01-04/2021-01-05_city-council-meeting.md,4,2021-01-05,Council,Other,Procedural-Administrative,,procedural,pass,,,,voice,Voice Pass,rule:proc-report,medium,277
meeting_minutes,meeting_minutes/minutes/2021/2021-01-04/2021-01-05_city-council-meeting.md,5,2021-01-05,Council,Ordinance,Public-Hearing,,procedural,pass,6,0,,roll-call,6-0 Pass,rule:ph-openclose,high,278
meeting_minutes,meeting_minutes/minutes/2021/2021-01-04/2021-01-05_city-council-meeting.md,6,2021-01-05,Council,Ordinance,Public-Hearing,,procedural,pass,6,0,,roll-call,6-0 Pass,rule:ph-openclose,high,279
meeting_minutes,meeting_minutes/minutes/2021/2021-01-04/2021-01-05_city-council-meeting.md,7,2021-01-05,Council,Ordinance,Public-Hearing,,procedural,pass,7,0,,roll-call,7-0 Pass,rule:ph-openclose,high,280
meeting_minutes,meeting_minutes/minutes/2021/2021-01-04/2021-01-05_city-council-meeting.md,8,2021-01-05,Council,Resolution,Resolution,,final-action,pass,7,0,,roll-call,7-0 Pass,crosswalk,high,281
meeting_minutes,meeting_minutes/minutes/2021/2021-01-04/2021-01-05_city-council-meeting.md,9,2021-01-05,Council,Procedural/Administrative,Procedural-Administrative,,procedural,pass,,,,voice,Voice Pass,crosswalk,high,282
meeting_minutes,meeting_minutes/minutes/2021/2021-01-04/2021-01-05_city-council-meeting.md,10,2021-01-05,Council,Public Hearing Action,Public-Hearing,,procedural,pass,,,,voice,Voice Pass,crosswalk,high,283
meeting_minutes,meeting_minutes/minutes/2021/2021-01-04/2021-01-05_city-council-meeting.md,11,2021-01-05,Council,Resolution,Resolution,,final-action,pass,7,0,,roll-call,7-0 Pass,crosswalk,high,284
meeting_minutes,meeting_minutes/minutes/2021/2021-01-04/2021-01-05_city-council-meeting.md,12,2021-01-05,Council,Ordinance,Budget,,final-action,pass,7,0,,roll-call,7-0 Pass,rule:budget,high,285
meeting_minutes,meeting_minutes/minutes/2021/2021-01-04/2021-01-05_city-council-meeting.md,13,2021-01-05,Council,Resolution,Procedural-Administrative,,procedural,pass,7,0,,roll-call,7-0 Pass,rule:proc-minutes,high,286
meeting_minutes,meeting_minutes/minutes/2021/2021-01-04/2021-01-05_city-council-meeting.md,14,2021-01-05,Council,Public Hearing Action,Public-Hearing,,procedural,pass,,,,voice,Voice Pass,crosswalk,high,287
meeting_minutes,meeting_minutes/minutes/2021/2021-01-04/2021-01-05_city-council-meeting.md,15,2021-01-05,Council,Ordinance,Ordinance,,final-action,pass,7,0,,roll-call,7-0 Pass,crosswalk,high,288
meeting_minutes,meeting_minutes/minutes/2021/2021-01-04/2021-01-05_city-council-meeting.md,16,2021-01-05,Council,Ordinance,Ordinance,,final-action,pass,4,3,,roll-call,4-3 Pass,crosswalk,medium,289
meeting_minutes,meeting_minutes/minutes/2021/2021-01-04/2021-01-05_city-council-meeting.md,17,2021-01-05,Council,Other,Appointment,,final-action,pass,7,0,,roll-call,7-0 Pass,rule:officer-elect,high,290
meeting_minutes,meeting_minutes/minutes/2021/2021-01-04/2021-01-05_city-council-meeting.md,18,2021-01-05,Council,Other,Other,,final-action,fail,3,3,,roll-call,3-3 Fail,rule:no-signal,low,291
meeting_minutes,meeting_minutes/minutes/2021/2021-01-04/2021-01-05_city-council-meeting.md,19,2021-01-05,Council,Other,Other,,final-action,pass,4,1,,roll-call,4-1 Pass,rule:no-signal,low,292
meeting_minutes,meeting_minutes/minutes/2021/2021-01-04/2021-01-05_city-council-meeting.md,20,2021-01-05,Council,Procedural/Administrative,Procedural-Administrative,,procedural,pass,,,,voice,Voice Pass,crosswalk,high,293
meeting_minutes,meeting_minutes/minutes/2021/2021-01-11/2021-01-12_city-council-special-meeting.md,1,2021-01-12,Council,Ceremonial,Ceremonial,,final-action,pass,7,0,,roll-call,7-0 Pass,crosswalk,high,294
meeting_minutes,meeting_minutes/minutes/2021/2021-01-11/2021-01-12_city-council-special-meeting.md,2,2021-01-12,Council,Ordinance,Appointment,,final-action,unknown,,,,unknown,Recorded,rule:appoint,high,295
meeting_minutes,meeting_minutes/minutes/2021/2021-01-11/2021-01-12_city-council-special-meeting.md,3,2021-01-12,Council,Procedural/Administrative,Procedural-Administrative,,procedural,unknown,,,,unknown,Recorded,crosswalk,high,296
meeting_minutes,meeting_minutes/minutes/2021/2021-01-18/2021-01-19_city-council-meeting-2.md,1,2021-01-19,Council,Procedural/Administrative,Procedural-Administrative,,procedural,pass,,,,voice,Voice Pass,crosswalk,high,297
meeting_minutes,meeting_minutes/minutes/2021/2021-01-18/2021-01-19_city-council-meeting-2.md,2,2021-01-19,Council,Resolution,Public-Hearing,,procedural,pass,,,,voice,Voice Pass,rule:ph-openclose,high,298
meeting_minutes,meeting_minutes/minutes/2021/2021-01-18/2021-01-19_city-council-meeting-2.md,3,2021-01-19,Council,Ordinance,Public-Hearing,,procedural,pass,,,,voice,Voice Pass,rule:ph-openclose,high,299
meeting_minutes,meeting_minutes/minutes/2021/2021-01-18/2021-01-19_city-council-meeting-2.md,4,2021-01-19,Council,Public Hearing Action,Public-Hearing,,procedural,pass,,,,voice,Voice Pass,crosswalk,high,300
meeting_minutes,meeting_minutes/minutes/2021/2021-01-18/2021-01-19_city-council-meeting-2.md,5,2021-01-19,Council,Ordinance,Ordinance,,final-action,pass,7,0,,roll-call,7-0 Pass,crosswalk,high,301
meeting_minutes,meeting_minutes/minutes/2021/2021-01-18/2021-01-19_city-council-meeting-2.md,6,2021-01-19,Council,Ordinance,Budget,,final-action,pass,7,0,,roll-call,7-0 Pass,rule:budget,high,302
meeting_minutes,meeting_minutes/minutes/2021/2021-01-18/2021-01-19_city-council-meeting-2.md,7,2021-01-19,Council,Resolution,Procedural-Administrative,,procedural,pass,7,0,,roll-call,7-0 Pass,rule:proc-minutes,high,303
meeting_minutes,meeting_minutes/minutes/2021/2021-01-18/2021-01-19_city-council-meeting-2.md,8,2021-01-19,Council,Public Hearing Action,Public-Hearing,,procedural,pass,,,,voice,Voice Pass,crosswalk,high,304
meeting_minutes,meeting_minutes/minutes/2021/2021-01-18/2021-01-19_city-council-meeting-2.md,9,2021-01-19,Council,Ordinance,Budget,,final-action,pass,7,0,,roll-call,7-0 Pass,rule:budget,high,305
meeting_minutes,meeting_minutes/minutes/2021/2021-01-18/2021-01-19_city-council-meeting-2.md,10,2021-01-19,Council,Ordinance,Ordinance,,final-action,pass,7,0,,roll-call,7-0 Pass,crosswalk,high,306
meeting_minutes,meeting_minutes/minutes/2021/2021-01-18/2021-01-19_city-council-meeting-2.md,11,2021-01-19,Council,Ordinance,Ordinance,,final-action,pass,7,0,,roll-call,7-0 Pass,crosswalk,high,307
meeting_minutes,meeting_minutes/minutes/2021/2021-01-18/2021-01-19_city-council-meeting-2.md,12,2021-01-19,Council,Procedural/Administrative,Procedural-Administrative,,procedural,pass,,,,voice,Voice Pass,crosswalk,high,308
meeting_minutes,meeting_minutes/minutes/2021/2021-01-25/2021-01-26_city-council-meeting.md,1,2021-01-26,Council,Ceremonial,Ceremonial,,final-action,pass,,,,voice,Voice Pass,crosswalk,high,309
meeting_minutes,meeting_minutes/minutes/2021/2021-01-25/2021-01-26_city-council-meeting.md,2,2021-01-26,Council,Procedural/Administrative,Procedural-Administrative,,procedural,pass,,,,voice,Voice Pass,crosswalk,high,310
meeting_minutes,meeting_minutes/minutes/2021/2021-01-25/2021-01-26_city-council-meeting.md,3,2021-01-26,Council,Ordinance,Public-Hearing,,procedural,pass,,,,voice,Voice Pass,rule:ph-openclose,high,311
meeting_minutes,meeting_minutes/minutes/2021/2021-01-25/2021-01-26_city-council-meeting.md,4,2021-01-26,Council,Procedural/Administrative,Procedural-Administrative,,procedural,pass,,,,voice,Voice Pass,crosswalk,high,312
meeting_minutes,meeting_minutes/minutes/2021/2021-02-01/2021-02-02_city-council-meeting-2.md,1,2021-02-02,Council,Ceremonial,Ceremonial,,final-action,unknown,,,,unknown,Recorded,crosswalk,high,313
meeting_minutes,meeting_minutes/minutes/2021/2021-02-01/2021-02-02_city-council-meeting-2.md,2,2021-02-02,Council,Procedural/Administrative,Procedural-Administrative,,procedural,pass,,,,voice,Voice Pass,crosswalk,high,314
meeting_minutes,meeting_minutes/minutes/2021/2021-02-01/2021-02-02_city-council-meeting-2.md,3,2021-02-02,Council,Appointment,Appointment,,final-action,pass,,,,voice,Voice Pass,crosswalk,high,315
meeting_minutes,meeting_minutes/minutes/2021/2021-02-01/2021-02-02_city-council-meeting-2.md,4,2021-02-02,Council,Public Hearing Action,Public-Hearing,,procedural,pass,,,,voice,Voice Pass,crosswalk,high,316
meeting_minutes,meeting_minutes/minutes/2021/2021-02-01/2021-02-02_city-council-meeting-2.md,5,2021-02-02,Council,Resolution,Resolution,,final-action,pass,7,0,,roll-call,7-0 Pass,crosswalk,high,317
meeting_minutes,meeting_minutes/minutes/2021/2021-02-01/2021-02-02_city-council-meeting-2.md,6,2021-02-02,Council,Public Hearing Action,Public-Hearing,,procedural,pass,,,,voice,Voice Pass,crosswalk,high,318
meeting_minutes,meeting_minutes/minutes/2021/2021-02-01/2021-02-02_city-council-meeting-2.md,7,2021-02-02,Council,Ordinance,Land-Use,Annexation,final-action,pass,7,0,,roll-call,7-0 Pass,rule:lu-annex,high,319
meeting_minutes,meeting_minutes/minutes/2021/2021-02-01/2021-02-02_city-council-meeting-2.md,8,2021-02-02,Council,Procedural/Administrative,Procedural-Administrative,,procedural,pass,,,,voice,Voice Pass,crosswalk,high,320
meeting_minutes,meeting_minutes/minutes/2021/2021-02-08/2021-02-09_city-council-special-meeting.md,1,2021-02-09,Council,Public Hearing Action,Public-Hearing,,procedural,pass,,,,voice,Voice Pass,crosswalk,high,321
meeting_minutes,meeting_minutes/minutes/2021/2021-02-08/2021-02-09_city-council-special-meeting.md,2,2021-02-09,Council,Ordinance,Budget,,final-action,pass,5,0,,roll-call,5-0 Pass,rule:budget,high,322
meeting_minutes,meeting_minutes/minutes/2021/2021-02-08/2021-02-09_city-council-special-meeting.md,3,2021-02-09,Council,Resolution,Resolution,,final-action,pass,5,0,,roll-call,5-0 Pass,crosswalk,medium,323
meeting_minutes,meeting_minutes/minutes/2021/2021-02-08/2021-02-09_city-council-special-meeting.md,4,2021-02-09,Council,Procedural/Administrative,Procedural-Administrative,,procedural,pass,,,,voice,Voice Pass,crosswalk,high,324
meeting_minutes,meeting_minutes/minutes/2021/2021-02-22/2021-02-23_city-council-meeting.md,1,2021-02-23,Council,Other,Other,,final-action,pass,,,,voice,Voice Pass,rule:no-signal,low,325
meeting_minutes,meeting_minutes/minutes/2021/2021-02-22/2021-02-23_city-council-meeting.md,2,2021-02-23,Council,Ceremonial,Ceremonial,,final-action,unknown,,,,unknown,Recorded,crosswalk,high,326
meeting_minutes,meeting_minutes/minutes/2021/2021-02-22/2021-02-23_city-council-meeting.md,3,2021-02-23,Council,Ceremonial,Ceremonial,,final-action,pass,,,,voice,Voice Pass,crosswalk,high,327
meeting_minutes,meeting_minutes/minutes/2021/2021-02-22/2021-02-23_city-council-meeting.md,4,2021-02-23,Council,Procedural/Administrative,Procedural-Administrative,,procedural,pass,,,,voice,Voice Pass,crosswalk,high,328
meeting_minutes,meeting_minutes/minutes/2021/2021-03-01/2021-03-02_city-council-joint-work-session.md,1,2021-03-02,RDA,Ceremonial,Ceremonial,,final-action,pass,,,,voice,Voice Pass,crosswalk,high,329
meeting_minutes,meeting_minutes/minutes/2021/2021-03-01/2021-03-02_city-council-joint-work-session.md,2,2021-03-02,RDA,Ordinance,Public-Hearing,,procedural,pass,,,,voice,Voice Pass,rule:ph-openclose,high,330
meeting_minutes,meeting_minutes/minutes/2021/2021-03-01/2021-03-02_city-council-joint-work-session.md,3,2021-03-02,RDA,Ordinance,Public-Hearing,,procedural,pass,,,,voice,Voice Pass,rule:ph-openclose,high,331
meeting_minutes,meeting_minutes/minutes/2021/2021-03-01/2021-03-02_city-council-joint-work-session.md,4,2021-03-02,RDA,Ordinance,Public-Hearing,,procedural,pass,,,,voice,Voice Pass,rule:ph-openclose,high,332
meeting_minutes,meeting_minutes/minutes/2021/2021-03-01/2021-03-02_city-council-joint-work-session.md,5,2021-03-02,RDA,Procedural/Administrative,Procedural-Administrative,,procedural,pass,,,,voice,Voice Pass,crosswalk,high,333
meeting_minutes,meeting_minutes/minutes/2021/2021-03-15/2021-03-16_city-council-meeting.md,1,2021-03-16,Council,Procedural/Administrative,Procedural-Administrative,,procedural,pass,,,,voice,Voice Pass,crosswalk,high,334
meeting_minutes,meeting_minutes/minutes/2021/2021-03-15/2021-03-16_city-council-meeting.md,2,2021-03-16,Council,Ordinance,Public-Hearing,,procedural,pass,,,,voice,Voice Pass,rule:ph-openclose,high,335
meeting_minutes,meeting_minutes/minutes/2021/2021-03-15/2021-03-16_city-council-meeting.md,3,2021-03-16,Council,Public Hearing Action,Public-Hearing,,procedural,pass,,,,voice,Voice Pass,crosswalk,high,336
meeting_minutes,meeting_minutes/minutes/2021/2021-03-15/2021-03-16_city-council-meeting.md,4,2021-03-16,Council,Ordinance,Ordinance,,final-action,pass,5,0,,roll-call,5-0 Pass,crosswalk,high,337
meeting_minutes,meeting_minutes/minutes/2021/2021-03-15/2021-03-16_city-council-meeting.md,5,2021-03-16,Council,Ordinance,Budget,,final-action,pass,4,0,,roll-call,4-0 Pass,rule:budget,high,338
meeting_minutes,meeting_minutes/minutes/2021/2021-03-15/2021-03-16_city-council-meeting.md,6,2021-03-16,Council,Public Hearing Action,Public-Hearing,,procedural,pass,,,,voice,Voice Pass,crosswalk,high,339
meeting_minutes,meeting_minutes/minutes/2021/2021-03-15/2021-03-16_city-council-meeting.md,7,2021-03-16,Council,Ordinance,Budget,,final-action,pass,5,0,,roll-call,5-0 Pass,rule:budget,high,340
meeting_minutes,meeting_minutes/minutes/2021/2021-03-15/2021-03-16_city-council-meeting.md,8,2021-03-16,Council,Procedural/Administrative,Procedural-Administrative,,procedural,pass,5,0,,roll-call,5-0 Pass,crosswalk,high,341
meeting_minutes,meeting_minutes/minutes/2021/2021-03-15/2021-03-16_city-council-meeting.md,9,2021-03-16,Council,Procedural/Administrative,Procedural-Administrative,,procedural,pass,,,,voice,Voice Pass,crosswalk,high,342
meeting_minutes,meeting_minutes/minutes/2021/2021-03-22/2021-03-23_city-council-meeting-2.md,1,2021-03-23,Council,Ceremonial,Ceremonial,,final-action,pass,,,,voice,Voice Pass,crosswalk,high,343
meeting_minutes,meeting_minutes/minutes/2021/2021-03-22/2021-03-23_city-council-meeting-2.md,2,2021-03-23,Council,Procedural/Administrative,Procedural-Administrative,,procedural,pass,,,,voice,Voice Pass,crosswalk,high,344
meeting_minutes,meeting_minutes/minutes/2021/2021-03-22/2021-03-23_city-council-meeting-2.md,3,2021-03-23,Council,Ordinance,Public-Hearing,,procedural,pass,,,,voice,Voice Pass,rule:ph-openclose,high,345
meeting_minutes,meeting_minutes/minutes/2021/2021-03-22/2021-03-23_city-council-meeting-2.md,4,2021-03-23,Council,Ordinance,Public-Hearing,,procedural,pass,,,,voice,Voice Pass,rule:ph-openclose,high,346
meeting_minutes,meeting_minutes/minutes/2021/2021-03-22/2021-03-23_city-council-meeting-2.md,5,2021-03-23,Council,Procedural/Administrative,Procedural-Administrative,,procedural,unknown,,,,unknown,Recorded,crosswalk,high,347
meeting_minutes,meeting_minutes/minutes/2021/2021-04-05/2021-04-06_city-council-meeting-2.md,1,2021-04-06,Council,Procedural/Administrative,Procedural-Administrative,,procedural,pass,,,,voice,Voice Pass,crosswalk,high,348
meeting_minutes,meeting_minutes/minutes/2021/2021-04-05/2021-04-06_city-council-meeting-2.md,2,2021-04-06,Council,Public Hearing Action,Public-Hearing,,procedural,pass,,,,voice,Voice Pass,crosswalk,high,349
meeting_minutes,meeting_minutes/minutes/2021/2021-04-05/2021-04-06_city-council-meeting-2.md,3,2021-04-06,Council,Ordinance,Procedural-Administrative,,procedural,pass,7,0,,roll-call,7-0 Pass,rule:proc-minutes,high,350
meeting_minutes,meeting_minutes/minutes/2021/2021-04-05/2021-04-06_city-council-meeting-2.md,4,2021-04-06,Council,Ordinance,Ordinance,,final-action,pass,7,0,,roll-call,7-0 Pass,crosswalk,high,351
meeting_minutes,meeting_minutes/minutes/2021/2021-04-05/2021-04-06_city-council-meeting-2.md,5,2021-04-06,Council,Public Hearing Action,Public-Hearing,,procedural,pass,,,,voice,Voice Pass,crosswalk,high,352
meeting_minutes,meeting_minutes/minutes/2021/2021-04-05/2021-04-06_city-council-meeting-2.md,6,2021-04-06,Council,Ordinance,Ordinance,,final-action,unknown,,,,unknown,Recorded,crosswalk,high,353
meeting_minutes,meeting_minutes/minutes/2021/2021-04-05/2021-04-06_city-council-meeting-2.md,7,2021-04-06,Council,Ordinance,Land-Use,Rezone,final-action,pass,4,2,,roll-call,4-2 Pass,rule:lu-rezone,high,354
meeting_minutes,meeting_minutes/minutes/2021/2021-04-05/2021-04-06_city-council-meeting-2.md,8,2021-04-06,Council,Resolution,Resolution,,final-action,pass,7,0,,roll-call,7-0 Pass,crosswalk,high,355
meeting_minutes,meeting_minutes/minutes/2021/2021-04-05/2021-04-06_city-council-meeting-2.md,9,2021-04-06,Council,Resolution,Budget,,final-action,pass,7,0,,roll-call,7-0 Pass,rule:budget,high,356
meeting_minutes,meeting_minutes/minutes/2021/2021-04-05/2021-04-06_city-council-meeting-2.md,10,2021-04-06,Council,Procedural/Administrative,Procedural-Administrative,,procedural,pass,,,,voice,Voice Pass,crosswalk,high,357
meeting_minutes,meeting_minutes/minutes/2021/2021-04-12/2021-04-13_city-council-joint-work-session.md,1,2021-04-13,RDA,Ordinance,Public-Hearing,,procedural,pass,,,,voice,Voice Pass,rule:ph-openclose,high,358
meeting_minutes,meeting_minutes/minutes/2021/2021-04-12/2021-04-13_city-council-joint-work-session.md,2,2021-04-13,RDA,Ordinance,Public-Hearing,,procedural,pass,,,,voice,Voice Pass,rule:ph-openclose,high,359
meeting_minutes,meeting_minutes/minutes/2021/2021-04-12/2021-04-13_city-council-joint-work-session.md,3,2021-04-13,RDA,Resolution,Resolution,,final-action,fail,2,2,,roll-call,2-2 Fail,crosswalk,high,360
meeting_minutes,meeting_minutes/minutes/2021/2021-04-12/2021-04-13_city-council-joint-work-session.md,4,2021-04-13,RDA,Ordinance,Ordinance,,procedural,pass,,,,voice,Voice Pass,crosswalk,high,361
meeting_minutes,meeting_minutes/minutes/2021/2021-04-12/2021-04-13_city-council-joint-work-session.md,5,2021-04-13,RDA,Procedural/Administrative,Procedural-Administrative,,procedural,pass,,,,voice,Voice Pass,crosswalk,high,362
meeting_minutes,meeting_minutes/minutes/2021/2021-04-19/2021-04-20_city-council-meeting.md,1,2021-04-20,Council,Ordinance,Ordinance,,final-action,pass,4,1,,roll-call,4-1 Pass,crosswalk,high,363
meeting_minutes,meeting_minutes/minutes/2021/2021-04-19/2021-04-20_city-council-meeting.md,2,2021-04-20,Council,Procedural/Administrative,Procedural-Administrative,,procedural,pass,,,,voice,Voice Pass,crosswalk,high,364
meeting_minutes,meeting_minutes/minutes/2021/2021-04-26/2021-04-27_city-council-meeting.md,1,2021-04-27,Council,Ceremonial,Ceremonial,,final-action,pass,,,,voice,Voice Pass,crosswalk,high,365
meeting_minutes,meeting_minutes/minutes/2021/2021-04-26/2021-04-27_city-council-meeting.md,2,2021-04-27,Council,Resolution,Appointment,,final-action,pass,7,0,,roll-call,7-0 Pass,rule:appoint,high,366
meeting_minutes,meeting_minutes/minutes/2021/2021-04-26/2021-04-27_city-council-meeting.md,3,2021-04-27,Council,Resolution,Public-Hearing,,procedural,pass,7,0,,roll-call,7-0 Pass,rule:ph-openclose,high,367
meeting_minutes,meeting_minutes/minutes/2021/2021-04-26/2021-04-27_city-council-meeting.md,4,2021-04-27,Council,Public Hearing Action,Public-Hearing,,procedural,pass,4,0,1,roll-call,4-0-1abs Pass,crosswalk,high,368
meeting_minutes,meeting_minutes/minutes/2021/2021-04-26/2021-04-27_city-council-meeting.md,5,2021-04-27,Council,Public Hearing Action,Public-Hearing,,procedural,pass,,,,voice,Voice Pass,crosswalk,high,369
meeting_minutes,meeting_minutes/minutes/2021/2021-04-26/2021-04-27_city-council-meeting.md,6,2021-04-27,Council,Ordinance,Budget,,final-action,pass,7,1,,roll-call,7-1 Pass,rule:budget,high,370
meeting_minutes,meeting_minutes/minutes/2021/2021-04-26/2021-04-27_city-council-meeting.md,7,2021-04-27,Council,Ordinance,Ordinance,,final-action,pass,3,2,,roll-call,3-2 Pass,crosswalk,high,371
meeting_minutes,meeting_minutes/minutes/2021/2021-04-26/2021-04-27_city-council-meeting.md,8,2021-04-27,Council,Procedural/Administrative,Procedural-Administrative,,procedural,unknown,,,,unknown,Recorded,crosswalk,high,372
meeting_minutes,meeting_minutes/minutes/2021/2021-05-03/2021-05-04_city-council-meeting-2.md,1,2021-05-04,Council,Ceremonial,Ceremonial,,final-action,pass,,,,voice,Voice Pass,crosswalk,high,373
meeting_minutes,meeting_minutes/minutes/2021/2021-05-03/2021-05-04_city-council-meeting-2.md,2,2021-05-04,Council,Resolution,Public-Hearing,,procedural,pass,,,,voice,Voice Pass,rule:ph-openclose,high,374
meeting_minutes,meeting_minutes/minutes/2021/2021-05-03/2021-05-04_city-council-meeting-2.md,3,2021-05-04,Council,Other,Budget,,final-action,pass,,,,voice,Voice Pass,rule:budget,high,375
meeting_minutes,meeting_minutes/minutes/2021/2021-05-03/2021-05-04_city-council-meeting-2.md,4,2021-05-04,Council,Procedural/Administrative,Procedural-Administrative,,procedural,pass,,,,voice,Voice Pass,crosswalk,high,376
meeting_minutes,meeting_minutes/minutes/2021/2021-05-10/2021-05-11_city-council-special-meeting.md,1,2021-05-11,Council,Public Hearing Action,Public-Hearing,,procedural,unknown,,,,unknown,Recorded,crosswalk,high,377
meeting_minutes,meeting_minutes/minutes/2021/2021-05-10/2021-05-11_city-council-special-meeting.md,2,2021-05-11,Council,Resolution,Resolution,,final-action,pass,5,0,,roll-call,5-0 Pass,crosswalk,high,378
meeting_minutes,meeting_minutes/minutes/2021/2021-05-10/2021-05-11_city-council-special-meeting.md,3,2021-05-11,Council,Procedural/Administrative,Procedural-Administrative,,procedural,pass,,,,voice,Voice Pass,crosswalk,high,379
meeting_minutes,meeting_minutes/minutes/2021/2021-05-17/2021-05-18_city-council-meeting.md,1,2021-05-18,Council,Ordinance,Public-Hearing,,procedural,pass,,,,voice,Voice Pass,rule:ph-openclose,high,380
meeting_minutes,meeting_minutes/minutes/2021/2021-05-17/2021-05-18_city-council-meeting.md,2,2021-05-18,Council,Ordinance,Public-Hearing,,procedural,pass,,,,voice,Voice Pass,rule:ph-openclose,high,381
meeting_minutes,meeting_minutes/minutes/2021/2021-05-17/2021-05-18_city-council-meeting.md,3,2021-05-18,Council,Ordinance,Public-Hearing,,procedural,pass,,,,voice,Voice Pass,rule:ph-openclose,high,382
meeting_minutes,meeting_minutes/minutes/2021/2021-05-17/2021-05-18_city-council-meeting.md,4,2021-05-18,Council,Ordinance,Public-Hearing,,procedural,pass,,,,voice,Voice Pass,rule:ph-openclose,high,383
meeting_minutes,meeting_minutes/minutes/2021/2021-05-17/2021-05-18_city-council-meeting.md,5,2021-05-18,Council,Ordinance,Public-Hearing,,procedural,unknown,,,,unknown,Recorded,rule:ph-openclose,high,384
meeting_minutes,meeting_minutes/minutes/2021/2021-05-17/2021-05-18_city-council-meeting.md,6,2021-05-18,Council,Ordinance,Public-Hearing,,procedural,pass,,,,voice,Voice Pass,rule:ph-openclose,high,385
meeting_minutes,meeting_minutes/minutes/2021/2021-05-17/2021-05-18_city-council-meeting.md,7,2021-05-18,Council,Procedural/Administrative,Procedural-Administrative,,procedural,pass,,,,voice,Voice Pass,crosswalk,high,386
meeting_minutes,meeting_minutes/minutes/2021/2021-05-24/2021-05-25_city-council-meeting-2.md,1,2021-05-25,Council,Procedural/Administrative,Procedural-Administrative,,procedural,pass,,,,voice,Voice Pass,crosswalk,high,387
meeting_minutes,meeting_minutes/minutes/2021/2021-05-24/2021-05-25_city-council-meeting-2.md,2,2021-05-25,Council,Public Hearing Action,Public-Hearing,,procedural,unknown,,,,unknown,Recorded,crosswalk,high,388
meeting_minutes,meeting_minutes/minutes/2021/2021-05-24/2021-05-25_city-council-meeting-2.md,3,2021-05-25,Council,Resolution,Resolution,,final-action,fail,3,3,,roll-call,3-3 Fail,crosswalk,high,389
meeting_minutes,meeting_minutes/minutes/2021/2021-05-24/2021-05-25_city-council-meeting-2.md,4,2021-05-25,Council,Procedural/Administrative,Procedural-Administrative,,procedural,pass,,,,voice,Voice Pass,crosswalk,high,390
meeting_minutes,meeting_minutes/minutes/2021/2021-05-31/2021-06-01_city-council-meeting-2.md,1,2021-06-01,Council,Ordinance,Public-Hearing,,procedural,pass,,,,voice,Voice Pass,rule:ph-openclose,high,391
meeting_minutes,meeting_minutes/minutes/2021/2021-05-31/2021-06-01_city-council-meeting-2.md,2,2021-06-01,Council,Public Hearing Action,Public-Hearing,,procedural,pass,,,,voice,Voice Pass,crosswalk,high,392
meeting_minutes,meeting_minutes/minutes/2021/2021-05-31/2021-06-01_city-council-meeting-2.md,3,2021-06-01,Council,Ordinance,Ordinance,,final-action,fail,3,3,,roll-call,3-3 Fail,crosswalk,high,393
meeting_minutes,meeting_minutes/minutes/2021/2021-05-31/2021-06-01_city-council-meeting-2.md,4,2021-06-01,Council,Ordinance,Ordinance,,final-action,pass,,,,voice,Voice Pass,crosswalk,medium,394
meeting_minutes,meeting_minutes/minutes/2021/2021-05-31/2021-06-01_city-council-meeting-2.md,5,2021-06-01,Council,Ordinance,Budget,,final-action,pass,5,1,,roll-call,5-1 Pass,rule:budget,high,395
meeting_minutes,meeting_minutes/minutes/2021/2021-05-31/2021-06-01_city-council-meeting-2.md,6,2021-06-01,Council,Public Hearing Action,Public-Hearing,,procedural,pass,,,,voice,Voice Pass,crosswalk,high,396
meeting_minutes,meeting_minutes/minutes/2021/2021-05-31/2021-06-01_city-council-meeting-2.md,7,2021-06-01,Council,Ordinance,Budget,,final-action,pass,7,0,,roll-call,7-0 Pass,rule:budget,high,397
meeting_minutes,meeting_minutes/minutes/2021/2021-05-31/2021-06-01_city-council-meeting-2.md,8,2021-06-01,Council,Public Hearing Action,Public-Hearing,,procedural,pass,,,,voice,Voice Pass,crosswalk,high,398
meeting_minutes,meeting_minutes/minutes/2021/2021-05-31/2021-06-01_city-council-meeting-2.md,9,2021-06-01,Council,Ordinance,Budget,,final-action,pass,7,0,,roll-call,7-0 Pass,rule:budget,high,399
meeting_minutes,meeting_minutes/minutes/2021/2021-05-31/2021-06-01_city-council-meeting-2.md,10,2021-06-01,Council,Public Hearing Action,Public-Hearing,,procedural,pass,,,,voice,Voice Pass,crosswalk,high,400
meeting_minutes,meeting_minutes/minutes/2021/2021-05-31/2021-06-01_city-council-meeting-2.md,11,2021-06-01,Council,Ordinance,Ordinance,,final-action,pass,7,0,,roll-call,7-0 Pass,crosswalk,high,401
meeting_minutes,meeting_minutes/minutes/2021/2021-05-31/2021-06-01_city-council-meeting-2.md,12,2021-06-01,Council,Other,Other,,final-action,pass,,,,voice,Voice Pass,rule:no-signal,low,402
meeting_minutes,meeting_minutes/minutes/2021/2021-05-31/2021-06-01_city-council-meeting-2.md,13,2021-06-01,Council,Ordinance,Budget,,final-action,pass,7,0,,roll-call,7-0 Pass,rule:budget,high,403
meeting_minutes,meeting_minutes/minutes/2021/2021-05-31/2021-06-01_city-council-meeting-2.md,14,2021-06-01,Council,Resolution,Resolution,,final-action,pass,,,,voice,Voice Pass,crosswalk,medium,404
meeting_minutes,meeting_minutes/minutes/2021/2021-05-31/2021-06-01_city-council-meeting-2.md,15,2021-06-01,Council,Procedural/Administrative,Procedural-Administrative,,procedural,pass,,,,voice,Voice Pass,crosswalk,high,405
meeting_minutes,meeting_minutes/minutes/2021/2021-06-07/2021-06-08_city-council-special-meeting.md,1,2021-06-08,Council,Procedural/Administrative,Procedural-Administrative,,procedural,pass,,,,voice,Voice Pass,crosswalk,high,406
meeting_minutes,meeting_minutes/minutes/2021/2021-06-07/2021-06-08_city-council-special-meeting.md,2,2021-06-08,Council,Resolution,Resolution,,final-action,pass,3,0,,roll-call,3-0 Pass,crosswalk,high,407
meeting_minutes,meeting_minutes/minutes/2021/2021-06-07/2021-06-08_city-council-special-meeting.md,3,2021-06-08,Council,Ordinance,Public-Hearing,,procedural,pass,,,,voice,Voice Pass,rule:ph-openclose,high,408
meeting_minutes,meeting_minutes/minutes/2021/2021-06-07/2021-06-08_city-council-special-meeting.md,4,2021-06-08,Council,Ordinance,Public-Hearing,,procedural,pass,,,,voice,Voice Pass,rule:ph-openclose,high,409
meeting_minutes,meeting_minutes/minutes/2021/2021-06-07/2021-06-08_city-council-special-meeting.md,5,2021-06-08,Council,Ordinance,Public-Hearing,,procedural,pass,,,,voice,Voice Pass,rule:ph-openclose,high,410
meeting_minutes,meeting_minutes/minutes/2021/2021-06-07/2021-06-08_city-council-special-meeting.md,6,2021-06-08,Council,Ordinance,Public-Hearing,,procedural,pass,,,,voice,Voice Pass,rule:ph-openclose,high,411
meeting_minutes,meeting_minutes/minutes/2021/2021-06-07/2021-06-08_city-council-special-meeting.md,7,2021-06-08,Council,Procedural/Administrative,Procedural-Administrative,,procedural,pass,,,,voice,Voice Pass,crosswalk,high,412
meeting_minutes,meeting_minutes/minutes/2021/2021-06-14/2021-06-15_city-council-meeting-2.md,1,2021-06-15,Council,Ceremonial,Ceremonial,,final-action,unknown,,,,unknown,Recorded,crosswalk,high,413
meeting_minutes,meeting_minutes/minutes/2021/2021-06-14/2021-06-15_city-council-meeting-2.md,2,2021-06-15,Council,Procedural/Administrative,Procedural-Administrative,,procedural,pass,,,,voice,Voice Pass,crosswalk,high,414
meeting_minutes,meeting_minutes/minutes/2021/2021-06-14/2021-06-15_city-council-meeting-2.md,3,2021-06-15,Council,Resolution,Public-Hearing,,procedural,pass,,,,voice,Voice Pass,rule:ph-openclose,high,415
meeting_minutes,meeting_minutes/minutes/2021/2021-06-14/2021-06-15_city-council-meeting-2.md,4,2021-06-15,Council,Public Hearing Action,Public-Hearing,,procedural,pass,,,,voice,Voice Pass,crosswalk,high,416
meeting_minutes,meeting_minutes/minutes/2021/2021-06-14/2021-06-15_city-council-meeting-2.md,5,2021-06-15,Council,Ordinance,Budget,,final-action,pass,7,0,,roll-call,7-0 Pass,rule:budget,high,417
meeting_minutes,meeting_minutes/minutes/2021/2021-06-14/2021-06-15_city-council-meeting-2.md,6,2021-06-15,Council,Procedural/Administrative,Procedural-Administrative,,procedural,unknown,,,,unknown,Recorded,crosswalk,high,418
meeting_minutes,meeting_minutes/minutes/2021/2021-06-21/2021-06-22_city-council-meeting-2.md,1,2021-06-22,Council,Procedural/Administrative,Procedural-Administrative,,procedural,pass,,,,voice,Voice Pass,crosswalk,high,419
meeting_minutes,meeting_minutes/minutes/2021/2021-06-21/2021-06-22_city-council-meeting-2.md,2,2021-06-22,Council,Ordinance,Public-Hearing,,procedural,pass,,,,voice,Voice Pass,rule:ph-openclose,high,420
meeting_minutes,meeting_minutes/minutes/2021/2021-06-21/2021-06-22_city-council-meeting-2.md,3,2021-06-22,Council,Ordinance,Public-Hearing,,procedural,pass,,,,voice,Voice Pass,rule:ph-openclose,high,421
meeting_minutes,meeting_minutes/minutes/2021/2021-06-21/2021-06-22_city-council-meeting-2.md,4,2021-06-22,Council,Resolution,Resolution,,final-action,pass,,,,voice,Voice Pass,crosswalk,high,422
meeting_minutes,meeting_minutes/minutes/2021/2021-06-21/2021-06-22_city-council-meeting-2.md,5,2021-06-22,Council,Public Hearing Action,Public-Hearing,,procedural,pass,,,,voice,Voice Pass,crosswalk,high,423
meeting_minutes,meeting_minutes/minutes/2021/2021-06-21/2021-06-22_city-council-meeting-2.md,6,2021-06-22,Council,Public Hearing Action,Public-Hearing,,procedural,pass,,,,voice,Voice Pass,crosswalk,high,424
meeting_minutes,meeting_minutes/minutes/2021/2021-06-21/2021-06-22_city-council-meeting-2.md,7,2021-06-22,Council,Ordinance,Ordinance,,final-action,pass,5,0,,roll-call,5-0 Pass,crosswalk,high,425
meeting_minutes,meeting_minutes/minutes/2021/2021-06-21/2021-06-22_city-council-meeting-2.md,8,2021-06-22,Council,Public Hearing Action,Public-Hearing,,procedural,pass,,,,voice,Voice Pass,crosswalk,high,426
meeting_minutes,meeting_minutes/minutes/2021/2021-06-21/2021-06-22_city-council-meeting-2.md,9,2021-06-22,Council,Ordinance,Ordinance,,final-action,pass,3,0,,roll-call,3-0 Pass,crosswalk,high,427
meeting_minutes,meeting_minutes/minutes/2021/2021-06-21/2021-06-22_city-council-meeting-2.md,10,2021-06-22,Council,Public Hearing Action,Public-Hearing,,procedural,pass,,,,voice,Voice Pass,crosswalk,high,428
meeting_minutes,meeting_minutes/minutes/2021/2021-06-21/2021-06-22_city-council-meeting-2.md,11,2021-06-22,Council,Ordinance,Ordinance,,final-action,pass,3,0,,roll-call,3-0 Pass,crosswalk,high,429
meeting_minutes,meeting_minutes/minutes/2021/2021-06-21/2021-06-22_city-council-meeting-2.md,12,2021-06-22,Council,Other,Other,,final-action,pass,,,,voice,Voice Pass,rule:no-signal,low,430
meeting_minutes,meeting_minutes/minutes/2021/2021-06-21/2021-06-22_city-council-meeting-2.md,13,2021-06-22,Council,Ordinance,Budget,,final-action,pass,5,0,,roll-call,5-0 Pass,rule:budget,high,431
meeting_minutes,meeting_minutes/minutes/2021/2021-06-21/2021-06-22_city-council-meeting-2.md,14,2021-06-22,Council,Ordinance,Ordinance,,final-action,pass,5,0,,roll-call,5-0 Pass,crosswalk,high,432
meeting_minutes,meeting_minutes/minutes/2021/2021-06-21/2021-06-22_city-council-meeting-2.md,15,2021-06-22,Council,Ordinance,Ordinance,,final-action,pass,5,0,,roll-call,5-0 Pass,crosswalk,high,433
meeting_minutes,meeting_minutes/minutes/2021/2021-06-21/2021-06-22_city-council-meeting-2.md,16,2021-06-22,Council,Procedural/Administrative,Procedural-Administrative,,procedural,pass,,,,voice,Voice Pass,crosswalk,high,434
meeting_minutes,meeting_minutes/minutes/2021/2021-06-21/2021-06-22_city-council-meeting-2.md,17,2021-06-22,Council,Resolution,Resolution,,final-action,pass,6,0,,roll-call,6-0 Pass,crosswalk,high,435
meeting_minutes,meeting_minutes/minutes/2021/2021-07-05/2021-07-06_city-council-meeting.md,1,2021-07-06,Council,Procedural/Administrative,Procedural-Administrative,,procedural,pass,,,,voice,Voice Pass,crosswalk,high,436
meeting_minutes,meeting_minutes/minutes/2021/2021-07-05/2021-07-06_city-council-meeting.md,2,2021-07-06,Council,Public Hearing Action,Public-Hearing,,procedural,unknown,,,,unknown,Recorded,crosswalk,high,437
meeting_minutes,meeting_minutes/minutes/2021/2021-07-05/2021-07-06_city-council-meeting.md,3,2021-07-06,Council,Resolution,Resolution,,final-action,pass,7,0,,roll-call,7-0 Pass,crosswalk,high,438
meeting_minutes,meeting_minutes/minutes/2021/2021-07-05/2021-07-06_city-council-meeting.md,4,2021-07-06,Council,Procedural/Administrative,Public-Hearing,,procedural,pass,,,,voice,Voice Pass,rule:ph-openclose,high,439
meeting_minutes,meeting_minutes/minutes/2021/2021-07-05/2021-07-06_city-council-meeting.md,5,2021-07-06,Council,Ordinance,Ordinance,,final-action,pass,7,0,,roll-call,7-0 Pass,crosswalk,high,440
meeting_minutes,meeting_minutes/minutes/2021/2021-07-05/2021-07-06_city-council-meeting.md,6,2021-07-06,Council,Ordinance,Ordinance,,final-action,pass,6,0,,roll-call,6-0 Pass,crosswalk,medium,441
meeting_minutes,meeting_minutes/minutes/2021/2021-07-05/2021-07-06_city-council-meeting.md,7,2021-07-06,Council,Ordinance,Ordinance,,final-action,pass,6,0,,roll-call,6-0 Pass,crosswalk,high,442
meeting_minutes,meeting_minutes/minutes/2021/2021-07-05/2021-07-06_city-council-meeting.md,8,2021-07-06,Council,Ordinance,Land-Use,Subdivision-Plat,final-action,pass,6,0,,roll-call,6-0 Pass,rule:lu-subdiv,high,443
meeting_minutes,meeting_minutes/minutes/2021/2021-07-12/2021-07-13_city-council-special-meeting.md,1,2021-07-13,Council,Resolution,Resolution,,final-action,pass,7,0,,roll-call,7-0 Pass,crosswalk,high,444
meeting_minutes,meeting_minutes/minutes/2021/2021-07-12/2021-07-13_city-council-special-meeting.md,2,2021-07-13,Council,Public Hearing Action,Public-Hearing,,procedural,pass,,,,voice,Voice Pass,crosswalk,high,445
meeting_minutes,meeting_minutes/minutes/2021/2021-07-12/2021-07-13_city-council-special-meeting.md,3,2021-07-13,Council,Resolution,Resolution,,final-action,pass,5,0,,roll-call,5-0 Pass,crosswalk,high,446
meeting_minutes,meeting_minutes/minutes/2021/2021-07-12/2021-07-13_city-council-special-meeting.md,4,2021-07-13,Council,Public Hearing Action,Public-Hearing,,procedural,pass,,,,voice,Voice Pass,crosswalk,high,447
meeting_minutes,meeting_minutes/minutes/2021/2021-07-12/2021-07-13_city-council-special-meeting.md,5,2021-07-13,Council,Ordinance,Budget,,final-action,pass,5,0,,roll-call,5-0 Pass,rule:budget,high,448
meeting_minutes,meeting_minutes/minutes/2021/2021-07-12/2021-07-13_city-council-special-meeting.md,6,2021-07-13,Council,Public Hearing Action,Public-Hearing,,procedural,unknown,,,,unknown,Recorded,crosswalk,high,449
meeting_minutes,meeting_minutes/minutes/2021/2021-07-12/2021-07-13_city-council-special-meeting.md,7,2021-07-13,Council,Resolution,Resolution,,final-action,pass,7,2,,roll-call,7-2 Pass,crosswalk,high,450
meeting_minutes,meeting_minutes/minutes/2021/2021-07-12/2021-07-13_city-council-special-meeting.md,8,2021-07-13,Council,Resolution,Resolution,,final-action,pass,5,2,,roll-call,5-2 Pass,crosswalk,high,451
meeting_minutes,meeting_minutes/minutes/2021/2021-07-12/2021-07-13_city-council-special-meeting.md,9,2021-07-13,Council,Procedural/Administrative,Procedural-Administrative,,procedural,unknown,,,,unknown,Recorded,crosswalk,high,452
meeting_minutes,meeting_minutes/minutes/2021/2021-08-02/2021-08-03_city-council-meeting-2.md,1,2021-08-03,Council,Ordinance,Ordinance,,final-action,pass,6,0,,roll-call,6-0 Pass,crosswalk,high,453
meeting_minutes,meeting_minutes/minutes/2021/2021-08-02/2021-08-03_city-council-meeting-2.md,2,2021-08-03,Council,Appointment,Appointment,,final-action,pass,,,,voice,Voice Pass,crosswalk,high,454
meeting_minutes,meeting_minutes/minutes/2021/2021-08-02/2021-08-03_city-council-meeting-2.md,3,2021-08-03,Council,Procedural/Administrative,Procedural-Administrative,,procedural,pass,,,,voice,Voice Pass,crosswalk,high,455
meeting_minutes,meeting_minutes/minutes/2021/2021-08-02/2021-08-03_city-council-meeting-2.md,4,2021-08-03,Council,Resolution,Appointment,,final-action,pass,5,0,,roll-call,5-0 Pass,rule:appoint,high,456
meeting_minutes,meeting_minutes/minutes/2021/2021-08-02/2021-08-03_city-council-meeting-2.md,5,2021-08-03,Council,Resolution,Resolution,,final-action,pass,6,0,,roll-call,6-0 Pass,crosswalk,medium,457
meeting_minutes,meeting_minutes/minutes/2021/2021-08-02/2021-08-03_city-council-meeting-2.md,6,2021-08-03,Council,Procedural/Administrative,Procedural-Administrative,,procedural,pass,,,,voice,Voice Pass,crosswalk,high,458
meeting_minutes,meeting_minutes/minutes/2021/2021-08-02/2021-08-03_city-council-meeting-2.md,7,2021-08-03,Council,Other,Other,,final-action,unknown,,,,unknown,Recorded,rule:no-signal,low,459
meeting_minutes,meeting_minutes/minutes/2021/2021-08-02/2021-08-03_city-council-meeting-2.md,8,2021-08-03,Council,Procedural/Administrative,Procedural-Administrative,,procedural,pass,,,,voice,Voice Pass,crosswalk,high,460
meeting_minutes,meeting_minutes/minutes/2021/2021-08-16/2021-08-17_city-council-meeting.md,1,2021-08-17,Council,Procedural/Administrative,Procedural-Administrative,,procedural,pass,,,,voice,Voice Pass,crosswalk,high,461
meeting_minutes,meeting_minutes/minutes/2021/2021-08-16/2021-08-17_city-council-meeting.md,2,2021-08-17,Council,Appointment,Appointment,,final-action,pass,,,,voice,Voice Pass,crosswalk,high,462
meeting_minutes,meeting_minutes/minutes/2021/2021-08-16/2021-08-17_city-council-meeting.md,3,2021-08-17,Council,Appointment,Appointment,,final-action,unknown,,,,unknown,Recorded,crosswalk,high,463
meeting_minutes,meeting_minutes/minutes/2021/2021-08-16/2021-08-17_city-council-meeting.md,4,2021-08-17,Council,Appointment,Appointment,,final-action,pass,,,,voice,Voice Pass,crosswalk,high,464
meeting_minutes,meeting_minutes/minutes/2021/2021-08-16/2021-08-17_city-council-meeting.md,5,2021-08-17,Council,Appointment,Appointment,,final-action,pass,,,,voice,Voice Pass,crosswalk,high,465
meeting_minutes,meeting_minutes/minutes/2021/2021-08-16/2021-08-17_city-council-meeting.md,6,2021-08-17,Council,Ordinance,Ordinance,,final-action,pass,5,2,,roll-call,5-2 Pass,crosswalk,high,466
meeting_minutes,meeting_minutes/minutes/2021/2021-08-16/2021-08-17_city-council-meeting.md,7,2021-08-17,Council,Ordinance,Ordinance,,final-action,pass,7,0,,roll-call,7-0 Pass,crosswalk,high,467
meeting_minutes,meeting_minutes/minutes/2021/2021-08-16/2021-08-17_city-council-meeting.md,8,2021-08-17,Council,Ordinance,Land-Use,Rezone,final-action,pass,7,0,,roll-call,7-0 Pass,rule:lu-rezone,high,468
meeting_minutes,meeting_minutes/minutes/2021/2021-08-16/2021-08-17_city-council-meeting.md,9,2021-08-17,Council,Ordinance,Ordinance,,final-action,pass,5,0,,roll-call,5-0 Pass,crosswalk,high,469
meeting_minutes,meeting_minutes/minutes/2021/2021-08-16/2021-08-17_city-council-meeting.md,10,2021-08-17,Council,Procedural/Administrative,Procedural-Administrative,,procedural,pass,,,,voice,Voice Pass,crosswalk,high,470
meeting_minutes,meeting_minutes/minutes/2021/2021-08-16/2021-08-17_city-council-meeting.md,11,2021-08-17,Council,Procedural/Administrative,Procedural-Administrative,,procedural,pass,,,,voice,Voice Pass,crosswalk,high,471
meeting_minutes,meeting_minutes/minutes/2021/2021-09-06/2021-09-07_city-council-meeting.md,1,2021-09-07,Council,Appointment,Appointment,,final-action,pass,,,,voice,Voice Pass,crosswalk,high,472
meeting_minutes,meeting_minutes/minutes/2021/2021-09-06/2021-09-07_city-council-meeting.md,2,2021-09-07,Council,Resolution,Interlocal,,final-action,pass,5,0,,roll-call,5-0 Pass,rule:interlocal,high,473
meeting_minutes,meeting_minutes/minutes/2021/2021-09-06/2021-09-07_city-council-meeting.md,3,2021-09-07,Council,Procedural/Administrative,Procedural-Administrative,,procedural,pass,5,0,,roll-call,5-0 Pass,crosswalk,high,474
meeting_minutes,meeting_minutes/minutes/2021/2021-09-06/2021-09-07_city-council-meeting.md,4,2021-09-07,Council,Procedural/Administrative,Procedural-Administrative,,procedural,pass,,,,voice,Voice Pass,crosswalk,high,475
meeting_minutes,meeting_minutes/minutes/2021/2021-09-13/2021-09-14_city-council-special-meeting.md,1,2021-09-14,Council,Ceremonial,Ceremonial,,final-action,unknown,,,,unknown,Recorded,crosswalk,high,476
meeting_minutes,meeting_minutes/minutes/2021/2021-09-13/2021-09-14_city-council-special-meeting.md,2,2021-09-14,Council,Procedural/Administrative,Procedural-Administrative,,procedural,pass,,,,voice,Voice Pass,crosswalk,high,477
meeting_minutes,meeting_minutes/minutes/2021/2021-10-04/2021-10-05_city-council-meeting-2.md,1,2021-10-05,Council,Ceremonial,Ceremonial,,final-action,pass,,,,voice,Voice Pass,crosswalk,high,478
meeting_minutes,meeting_minutes/minutes/2021/2021-10-04/2021-10-05_city-council-meeting-2.md,2,2021-10-05,Council,Ceremonial,Ceremonial,,final-action,unknown,,,,unknown,Recorded,crosswalk,high,479
meeting_minutes,meeting_minutes/minutes/2021/2021-10-04/2021-10-05_city-council-meeting-2.md,3,2021-10-05,Council,Resolution,Appointment,,final-action,unknown,,,,unknown,Recorded,rule:appoint,high,480
meeting_minutes,meeting_minutes/minutes/2021/2021-10-04/2021-10-05_city-council-meeting-2.md,4,2021-10-05,Council,Public Hearing Action,Public-Hearing,,procedural,unknown,,,,unknown,Recorded,crosswalk,high,481
meeting_minutes,meeting_minutes/minutes/2021/2021-10-04/2021-10-05_city-council-meeting-2.md,5,2021-10-05,Council,Resolution,Resolution,,final-action,pass,5,0,,roll-call,5-0 Pass,crosswalk,high,482
meeting_minutes,meeting_minutes/minutes/2021/2021-10-04/2021-10-05_city-council-meeting-2.md,6,2021-10-05,Council,Ordinance,Land-Use,Conditional-Use,final-action,pass,5,0,,roll-call,5-0 Pass,rule:lu-cup,high,483
meeting_minutes,meeting_minutes/minutes/2021/2021-10-04/2021-10-05_city-council-meeting-2.md,7,2021-10-05,Council,Procedural/Administrative,Procedural-Administrative,,procedural,pass,3,0,,roll-call,3-0 Pass,crosswalk,high,484
meeting_minutes,meeting_minutes/minutes/2021/2021-10-04/2021-10-05_city-council-meeting-2.md,8,2021-10-05,Council,Procedural/Administrative,Procedural-Administrative,,procedural,unknown,,,,unknown,Recorded,crosswalk,high,485
meeting_minutes,meeting_minutes/minutes/2021/2021-10-11/2021-10-12_city-council-special-meeting.md,1,2021-10-12,Council,Appointment,Appointment,,final-action,pass,,,,voice,Voice Pass,crosswalk,high,486
meeting_minutes,meeting_minutes/minutes/2021/2021-10-11/2021-10-12_city-council-special-meeting.md,2,2021-10-12,Council,Procedural/Administrative,Procedural-Administrative,,procedural,pass,,,,voice,Voice Pass,crosswalk,high,487
meeting_minutes,meeting_minutes/minutes/2021/2021-10-18/2021-10-19_city-council-meeting.md,1,2021-10-19,Council,Ceremonial,Ceremonial,,final-action,pass,,,,voice,Voice Pass,crosswalk,high,488
meeting_minutes,meeting_minutes/minutes/2021/2021-10-18/2021-10-19_city-council-meeting.md,2,2021-10-19,Council,Public Hearing Action,Public-Hearing,,procedural,pass,,,,voice,Voice Pass,crosswalk,high,489
meeting_minutes,meeting_minutes/minutes/2021/2021-10-18/2021-10-19_city-council-meeting.md,3,2021-10-19,Council,Ordinance,Budget,,final-action,pass,7,0,,roll-call,7-0 Pass,rule:budget,high,490
meeting_minutes,meeting_minutes/minutes/2021/2021-10-18/2021-10-19_city-council-meeting.md,4,2021-10-19,Council,Ordinance,Ordinance,,final-action,pass,7,0,,roll-call,7-0 Pass,crosswalk,high,491
meeting_minutes,meeting_minutes/minutes/2021/2021-10-18/2021-10-19_city-council-meeting.md,5,2021-10-19,Council,Public Hearing Action,Public-Hearing,,procedural,pass,7,0,,roll-call,7-0 Pass,crosswalk,high,492
meeting_minutes,meeting_minutes/minutes/2021/2021-10-18/2021-10-19_city-council-meeting.md,6,2021-10-19,Council,Land-Use/Zoning,Land-Use,Other-Land-Use,final-action,pass,5,0,,roll-call,5-0 Pass,crosswalk,high,493
meeting_minutes,meeting_minutes/minutes/2021/2021-10-18/2021-10-19_city-council-meeting.md,7,2021-10-19,Council,Land-Use/Zoning,Land-Use,Rezone,final-action,pass,,,,voice,Voice Pass,rule:lu-rezone,high,494
meeting_minutes,meeting_minutes/minutes/2021/2021-10-18/2021-10-19_city-council-meeting.md,8,2021-10-19,Council,Ordinance,Ordinance,,final-action,pass,7,0,,roll-call,7-0 Pass,crosswalk,high,495
meeting_minutes,meeting_minutes/minutes/2021/2021-10-18/2021-10-19_city-council-meeting.md,9,2021-10-19,Council,Ordinance,Land-Use,General-Plan-Amendment,final-action,pass,7,0,,roll-call,7-0 Pass,rule:lu-gpa,high,496
meeting_minutes,meeting_minutes/minutes/2021/2021-10-18/2021-10-19_city-council-meeting.md,10,2021-10-19,Council,Ordinance,Ordinance,,final-action,pass,6,1,,roll-call,6-1 Pass,crosswalk,high,497
meeting_minutes,meeting_minutes/minutes/2021/2021-10-18/2021-10-19_city-council-meeting.md,11,2021-10-19,Council,Ordinance,Ordinance,,final-action,pass,7,0,,roll-call,7-0 Pass,crosswalk,medium,498
meeting_minutes,meeting_minutes/minutes/2021/2021-10-18/2021-10-19_city-council-meeting.md,12,2021-10-19,Council,Procedural/Administrative,Procedural-Administrative,,procedural,unknown,,,,unknown,Recorded,crosswalk,high,499
meeting_minutes,meeting_minutes/minutes/2021/2021-10-25/2021-10-26_city-council-special-meeting.md,1,2021-10-26,Council,Resolution,Resolution,,final-action,pass,6,0,,roll-call,6-0 Pass,crosswalk,high,500
meeting_minutes,meeting_minutes/minutes/2021/2021-10-25/2021-10-26_city-council-special-meeting.md,2,2021-10-26,Council,Procedural/Administrative,Procedural-Administrative,,procedural,pass,,,,voice,Voice Pass,crosswalk,high,501
meeting_minutes,meeting_minutes/minutes/2021/2021-11-08/2021-11-09_city-council-meeting-2.md,1,2021-11-09,Council,Procedural/Administrative,Procedural-Administrative,,procedural,pass,,,,voice,Voice Pass,crosswalk,high,502
meeting_minutes,meeting_minutes/minutes/2021/2021-11-08/2021-11-09_city-council-meeting-2.md,2,2021-11-09,Council,Appointment,Appointment,,final-action,pass,5,0,,roll-call,5-0 Pass,crosswalk,high,503
meeting_minutes,meeting_minutes/minutes/2021/2021-11-08/2021-11-09_city-council-meeting-2.md,3,2021-11-09,Council,Resolution,Appointment,,final-action,pass,5,0,,roll-call,5-0 Pass,rule:appoint,high,504
meeting_minutes,meeting_minutes/minutes/2021/2021-11-08/2021-11-09_city-council-meeting-2.md,4,2021-11-09,Council,Ordinance,Land-Use,Rezone,final-action,pass,5,0,,roll-call,5-0 Pass,rule:lu-rezone,high,505
meeting_minutes,meeting_minutes/minutes/2021/2021-11-08/2021-11-09_city-council-meeting-2.md,5,2021-11-09,Council,Ordinance,Ordinance,,final-action,pass,3,0,,roll-call,3-0 Pass,crosswalk,medium,506
meeting_minutes,meeting_minutes/minutes/2021/2021-11-08/2021-11-09_city-council-meeting-2.md,6,2021-11-09,Council,Ordinance,Ordinance,,final-action,pass,4,0,,roll-call,4-0 Pass,crosswalk,high,507
meeting_minutes,meeting_minutes/minutes/2021/2021-11-08/2021-11-09_city-council-meeting-2.md,7,2021-11-09,Council,Procedural/Administrative,Procedural-Administrative,,procedural,pass,,,,voice,Voice Pass,crosswalk,high,508
meeting_minutes,meeting_minutes/minutes/2021/2021-11-15/2021-11-16_city-council-meeting.md,1,2021-11-16,Council,Other,Other,,final-action,unknown,,,,unknown,Recorded,rule:no-signal,low,509
meeting_minutes,meeting_minutes/minutes/2021/2021-11-15/2021-11-16_city-council-meeting.md,2,2021-11-16,Council,Procedural/Administrative,Procedural-Administrative,,procedural,pass,,,,voice,Voice Pass,crosswalk,high,510
meeting_minutes,meeting_minutes/minutes/2021/2021-11-15/2021-11-16_city-council-meeting.md,3,2021-11-16,Council,Ceremonial,Ceremonial,,final-action,unknown,,,,unknown,Recorded,crosswalk,high,511
meeting_minutes,meeting_minutes/minutes/2021/2021-11-15/2021-11-16_city-council-meeting.md,4,2021-11-16,Council,Ordinance,Ordinance,,final-action,pass,7,0,,roll-call,7-0 Pass,crosswalk,high,512
meeting_minutes,meeting_minutes/minutes/2021/2021-11-15/2021-11-16_city-council-meeting.md,5,2021-11-16,Council,Procedural/Administrative,Procedural-Administrative,,procedural,pass,,,,voice,Voice Pass,crosswalk,high,513
meeting_minutes,meeting_minutes/minutes/2021/2021-11-15/2021-11-16_city-council-meeting.md,6,2021-11-16,Council,Ordinance,Ordinance,,final-action,pass,7,0,,roll-call,7-0 Pass,crosswalk,high,514
meeting_minutes,meeting_minutes/minutes/2021/2021-11-15/2021-11-16_city-council-meeting.md,7,2021-11-16,Council,Resolution,Interlocal,,final-action,pass,7,0,,roll-call,7-0 Pass,rule:interlocal,high,515
meeting_minutes,meeting_minutes/minutes/2021/2021-11-15/2021-11-16_city-council-meeting.md,8,2021-11-16,Council,Procedural/Administrative,Procedural-Administrative,,procedural,unknown,,,,unknown,Recorded,crosswalk,high,516
meeting_minutes,meeting_minutes/minutes/2021/2021-12-06/2021-12-07_city-council-meeting.md,1,2021-12-07,Council,Appointment,Appointment,,final-action,pass,,,,voice,Voice Pass,crosswalk,high,517
meeting_minutes,meeting_minutes/minutes/2021/2021-12-06/2021-12-07_city-council-meeting.md,2,2021-12-07,Council,Public Hearing Action,Public-Hearing,,procedural,pass,,,,voice,Voice Pass,crosswalk,high,518
meeting_minutes,meeting_minutes/minutes/2021/2021-12-06/2021-12-07_city-council-meeting.md,3,2021-12-07,Council,Ordinance,Land-Use,Vacation,final-action,pass,5,0,,roll-call,5-0 Pass,rule:lu-vacate,high,519
meeting_minutes,meeting_minutes/minutes/2021/2021-12-06/2021-12-07_city-council-meeting.md,4,2021-12-07,Council,Ordinance,Land-Use,Site-Plan-Design-Review,procedural,pass,,,,voice,Voice Pass,rule:lu-site,high,520
meeting_minutes,meeting_minutes/minutes/2021/2021-12-06/2021-12-07_city-council-meeting.md,5,2021-12-07,Council,Ordinance,Ordinance,,final-action,pass,7,0,,roll-call,7-0 Pass,crosswalk,high,521
meeting_minutes,meeting_minutes/minutes/2021/2021-12-06/2021-12-07_city-council-meeting.md,6,2021-12-07,Council,Procedural/Administrative,Procedural-Administrative,,procedural,pass,,,,voice,Voice Pass,crosswalk,high,522
meeting_minutes,meeting_minutes/minutes/2021/2021-12-13/2021-12-14_city-council-special-meeting.md,1,2021-12-14,Council,Public Hearing Action,Public-Hearing,,procedural,pass,,,,voice,Voice Pass,crosswalk,high,523
meeting_minutes,meeting_minutes/minutes/2021/2021-12-13/2021-12-14_city-council-special-meeting.md,2,2021-12-14,Council,Resolution,Resolution,,final-action,pass,7,0,,roll-call,7-0 Pass,crosswalk,high,524
meeting_minutes,meeting_minutes/minutes/2021/2021-12-13/2021-12-14_city-council-special-meeting.md,3,2021-12-14,Council,Ordinance,Budget,,final-action,pass,7,0,,roll-call,7-0 Pass,rule:budget,high,525
meeting_minutes,meeting_minutes/minutes/2021/2021-12-13/2021-12-14_city-council-special-meeting.md,4,2021-12-14,Council,Resolution,Resolution,,final-action,pass,7,0,,roll-call,7-0 Pass,crosswalk,high,526
meeting_minutes,meeting_minutes/minutes/2021/2021-12-13/2021-12-14_city-council-special-meeting.md,5,2021-12-14,Council,Public Hearing Action,Public-Hearing,,procedural,pass,,,,voice,Voice Pass,crosswalk,high,527
meeting_minutes,meeting_minutes/minutes/2021/2021-12-13/2021-12-14_city-council-special-meeting.md,6,2021-12-14,Council,Ordinance,Ordinance,,final-action,pass,7,0,,roll-call,7-0 Pass,crosswalk,high,528
meeting_minutes,meeting_minutes/minutes/2021/2021-12-13/2021-12-14_city-council-special-meeting.md,7,2021-12-14,Council,Resolution,Resolution,,final-action,pass,7,0,,roll-call,7-0 Pass,crosswalk,medium,529
meeting_minutes,meeting_minutes/minutes/2021/2021-12-13/2021-12-14_city-council-special-meeting.md,8,2021-12-14,Council,Ordinance,Ordinance,,final-action,pass,7,0,,roll-call,7-0 Pass,crosswalk,medium,530
meeting_minutes,meeting_minutes/minutes/2021/2021-12-13/2021-12-14_city-council-special-meeting.md,9,2021-12-14,Council,Ordinance,Land-Use,Rezone,final-action,pass,7,0,,roll-call,7-0 Pass,rule:lu-rezone,high,531
meeting_minutes,meeting_minutes/minutes/2021/2021-12-13/2021-12-14_city-council-special-meeting.md,10,2021-12-14,Council,Other,Other,,final-action,pass,7,0,,roll-call,7-0 Pass,rule:no-signal,low,532
meeting_minutes,meeting_minutes/minutes/2021/2021-12-13/2021-12-14_city-council-special-meeting.md,11,2021-12-14,Council,Procedural/Administrative,Procedural-Administrative,,procedural,pass,,,,voice,Voice Pass,crosswalk,high,533
meeting_minutes,meeting_minutes/minutes/2021/2021-12-20/2021-12-21_city-council-meeting.md,1,2021-12-21,Council,Resolution,Procedural-Administrative,,procedural,pass,,,,voice,Voice Pass,rule:proc-agenda,high,534
meeting_minutes,meeting_minutes/minutes/2021/2021-12-20/2021-12-21_city-council-meeting.md,2,2021-12-21,Council,Public Hearing Action,Public-Hearing,,procedural,pass,,,,voice,Voice Pass,crosswalk,high,535
meeting_minutes,meeting_minutes/minutes/2021/2021-12-20/2021-12-21_city-council-meeting.md,3,2021-12-21,Council,Ordinance,Ordinance,,final-action,pass,4,1,,roll-call,4-1 Pass,crosswalk,high,536
meeting_minutes,meeting_minutes/minutes/2021/2021-12-20/2021-12-21_city-council-meeting.md,4,2021-12-21,Council,Ordinance,Land-Use,Rezone,final-action,pass,5,0,,roll-call,5-0 Pass,rule:lu-rezone,high,537
meeting_minutes,meeting_minutes/minutes/2021/2021-12-20/2021-12-21_city-council-meeting.md,5,2021-12-21,Council,Resolution,Resolution,,final-action,pass,7,0,,roll-call,7-0 Pass,crosswalk,high,538
meeting_minutes,meeting_minutes/minutes/2021/2021-12-20/2021-12-21_city-council-meeting.md,6,2021-12-21,Council,Procedural/Administrative,Procedural-Administrative,,procedural,pass,,,,voice,Voice Pass,crosswalk,high,539
meeting_minutes,meeting_minutes/minutes/2022/2022-01-03/2022-01-03_city-council-special-meeting.md,1,2022-01-03,Council,Procedural/Administrative,Procedural-Administrative,,procedural,unknown,,,,unknown,Recorded,crosswalk,high,540
meeting_minutes,meeting_minutes/minutes/2022/2022-01-03/2022-01-04_city-council-meeting.md,1,2022-01-04,Council,Other,Procedural-Administrative,,procedural,pass,,,,voice,Voice Pass,rule:proc-agenda,high,541
meeting_minutes,meeting_minutes/minutes/2022/2022-01-03/2022-01-04_city-council-meeting.md,2,2022-01-04,Council,Ceremonial,Ceremonial,,final-action,pass,,,,voice,Voice Pass,crosswalk,high,542
meeting_minutes,meeting_minutes/minutes/2022/2022-01-03/2022-01-04_city-council-meeting.md,3,2022-01-04,Council,Other,Procedural-Administrative,,procedural,pass,,,,voice,Voice Pass,rule:proc-report,medium,543
meeting_minutes,meeting_minutes/minutes/2022/2022-01-03/2022-01-04_city-council-meeting.md,4,2022-01-04,Council,Other,Procedural-Administrative,,procedural,pass,,,,voice,Voice Pass,rule:proc-report,medium,544
meeting_minutes,meeting_minutes/minutes/2022/2022-01-03/2022-01-04_city-council-meeting.md,5,2022-01-04,Council,Appointment,Appointment,,final-action,pass,,,,voice,Voice Pass,crosswalk,high,545
meeting_minutes,meeting_minutes/minutes/2022/2022-01-03/2022-01-04_city-council-meeting.md,6,2022-01-04,Council,Appointment,Appointment,,final-action,pass,,,,voice,Voice Pass,crosswalk,high,546
meeting_minutes,meeting_minutes/minutes/2022/2022-01-03/2022-01-04_city-council-meeting.md,7,2022-01-04,Council,Public Hearing Action,Public-Hearing,,procedural,pass,,,,voice,Voice Pass,crosswalk,high,547
meeting_minutes,meeting_minutes/minutes/2022/2022-01-03/2022-01-04_city-council-meeting.md,8,2022-01-04,Council,Resolution,Resolution,,final-action,pass,6,1,,roll-call,6-1 Pass,crosswalk,high,548
meeting_minutes,meeting_minutes/minutes/2022/2022-01-03/2022-01-04_city-council-meeting.md,9,2022-01-04,Council,Resolution,Resolution,,final-action,pass,7,0,,roll-call,7-0 Pass,crosswalk,high,549
meeting_minutes,meeting_minutes/minutes/2022/2022-01-03/2022-01-04_city-council-meeting.md,10,2022-01-04,Council,Other,Procedural-Administrative,,procedural,pass,7,0,,roll-call,7-0 Pass,rule:proc-minutes,high,550
meeting_minutes,meeting_minutes/minutes/2022/2022-01-03/2022-01-04_city-council-meeting.md,11,2022-01-04,Council,Other,Appointment,,final-action,pass,7,0,,roll-call,7-0 Pass,rule:officer-elect,high,551
meeting_minutes,meeting_minutes/minutes/2022/2022-01-03/2022-01-04_city-council-meeting.md,12,2022-01-04,Council,Procedural/Administrative,Procedural-Administrative,,procedural,unknown,,,,unknown,Recorded,crosswalk,high,552
meeting_minutes,meeting_minutes/minutes/2022/2022-01-10/2022-01-11_city-council-special-meeting.md,1,2022-01-11,Council,Ceremonial,Ceremonial,,final-action,pass,,,,voice,Voice Pass,crosswalk,high,553
meeting_minutes,meeting_minutes/minutes/2022/2022-01-10/2022-01-11_city-council-special-meeting.md,2,2022-01-11,Council,Appointment,Appointment,,final-action,pass,,,,voice,Voice Pass,crosswalk,high,554
meeting_minutes,meeting_minutes/minutes/2022/2022-01-10/2022-01-11_city-council-special-meeting.md,3,2022-01-11,Council,Ordinance,Ordinance,,final-action,pass,7,0,,roll-call,7-0 Pass,crosswalk,high,555
meeting_minutes,meeting_minutes/minutes/2022/2022-01-10/2022-01-11_city-council-special-meeting.md,4,2022-01-11,Council,Resolution,Resolution,,final-action,pass,7,0,,roll-call,7-0 Pass,crosswalk,high,556
meeting_minutes,meeting_minutes/minutes/2022/2022-01-10/2022-01-11_city-council-special-meeting.md,5,2022-01-11,Council,Procedural/Administrative,Procedural-Administrative,,procedural,pass,,,,voice,Voice Pass,crosswalk,high,557
meeting_minutes,meeting_minutes/minutes/2022/2022-01-31/2022-02-01_city-council-meeting.md,1,2022-02-01,Council,Ceremonial,Ceremonial,,final-action,pass,,,,voice,Voice Pass,crosswalk,high,558
meeting_minutes,meeting_minutes/minutes/2022/2022-01-31/2022-02-01_city-council-meeting.md,2,2022-02-01,Council,Ceremonial,Ceremonial,,final-action,unknown,,,,unknown,Recorded,crosswalk,high,559
meeting_minutes,meeting_minutes/minutes/2022/2022-01-31/2022-02-01_city-council-meeting.md,3,2022-02-01,Council,Appointment,Appointment,,final-action,pass,,,,voice,Voice Pass,crosswalk,high,560
meeting_minutes,meeting_minutes/minutes/2022/2022-01-31/2022-02-01_city-council-meeting.md,4,2022-02-01,Council,Ordinance,Land-Use,Rezone,final-action,pass,7,0,,roll-call,7-0 Pass,rule:lu-rezone,high,561
meeting_minutes,meeting_minutes/minutes/2022/2022-01-31/2022-02-01_city-council-meeting.md,5,2022-02-01,Council,Ordinance,Land-Use,Rezone,final-action,pass,7,0,,roll-call,7-0 Pass,rule:lu-rezone,high,562
meeting_minutes,meeting_minutes/minutes/2022/2022-01-31/2022-02-01_city-council-meeting.md,6,2022-02-01,Council,Ordinance,Land-Use,Other-Land-Use,final-action,pass,7,0,,roll-call,7-0 Pass,rule:lu-accessory,high,563
meeting_minutes,meeting_minutes/minutes/2022/2022-01-31/2022-02-01_city-council-meeting.md,7,2022-02-01,Council,Ordinance,Ordinance,,final-action,pass,7,0,,roll-call,7-0 Pass,crosswalk,high,564
meeting_minutes,meeting_minutes/minutes/2022/2022-01-31/2022-02-01_city-council-meeting.md,8,2022-02-01,Council,Procedural/Administrative,Procedural-Administrative,,procedural,pass,,,,voice,Voice Pass,crosswalk,high,565
meeting_minutes,meeting_minutes/minutes/2022/2022-02-14/2022-02-15_city-council-meeting.md,1,2022-02-15,Council,Procedural/Administrative,Procedural-Administrative,,procedural,pass,,,,voice,Voice Pass,crosswalk,high,566
meeting_minutes,meeting_minutes/minutes/2022/2022-02-14/2022-02-15_city-council-meeting.md,2,2022-02-15,Council,Ordinance,Ordinance,,procedural,pass,4,3,,roll-call,4-3 Pass,crosswalk,high,567
meeting_minutes,meeting_minutes/minutes/2022/2022-02-14/2022-02-15_city-council-meeting.md,3,2022-02-15,Council,Resolution,Resolution,,final-action,pass,7,0,,roll-call,7-0 Pass,crosswalk,high,568
meeting_minutes,meeting_minutes/minutes/2022/2022-02-14/2022-02-15_city-council-meeting.md,4,2022-02-15,Council,Resolution,Resolution,,final-action,pass,7,0,,roll-call,7-0 Pass,crosswalk,high,569
meeting_minutes,meeting_minutes/minutes/2022/2022-02-14/2022-02-15_city-council-meeting.md,5,2022-02-15,Council,Procedural/Administrative,Procedural-Administrative,,procedural,unknown,,,,unknown,Recorded,crosswalk,high,570
meeting_minutes,meeting_minutes/minutes/2022/2022-02-28/2022-03-01_city-council-meeting.md,1,2022-03-01,Council,Appointment,Appointment,,final-action,pass,,,,voice,Voice Pass,crosswalk,high,571
meeting_minutes,meeting_minutes/minutes/2022/2022-02-28/2022-03-01_city-council-meeting.md,2,2022-03-01,Council,Ordinance,Ordinance,,final-action,pass,7,0,,roll-call,7-0 Pass,crosswalk,high,572
meeting_minutes,meeting_minutes/minutes/2022/2022-02-28/2022-03-01_city-council-meeting.md,3,2022-03-01,Council,Procedural/Administrative,Procedural-Administrative,,procedural,pass,6,0,,roll-call,6-0 Pass,crosswalk,high,573
meeting_minutes,meeting_minutes/minutes/2022/2022-02-28/2022-03-01_city-council-meeting.md,4,2022-03-01,Council,Procedural/Administrative,Procedural-Administrative,,procedural,pass,,,,voice,Voice Pass,crosswalk,high,574
meeting_minutes,meeting_minutes/minutes/2022/2022-03-14/2022-03-15_city-council-meeting.md,1,2022-03-15,Council,Procedural/Administrative,Procedural-Administrative,,procedural,pass,,,,voice,Voice Pass,crosswalk,high,575
meeting_minutes,meeting_minutes/minutes/2022/2022-03-14/2022-03-15_city-council-meeting.md,2,2022-03-15,Council,Resolution,Budget,,final-action,pass,7,0,,roll-call,7-0 Pass,rule:budget,high,576
meeting_minutes,meeting_minutes/minutes/2022/2022-03-14/2022-03-15_city-council-meeting.md,3,2022-03-15,Council,Resolution,Resolution,,final-action,pass,7,0,,roll-call,7-0 Pass,crosswalk,high,577
meeting_minutes,meeting_minutes/minutes/2022/2022-03-14/2022-03-15_city-council-meeting.md,4,2022-03-15,Council,Ordinance,Land-Use,Rezone,final-action,pass,6,0,,roll-call,6-0 Pass,rule:lu-rezone,high,578
meeting_minutes,meeting_minutes/minutes/2022/2022-03-14/2022-03-15_city-council-meeting.md,5,2022-03-15,Council,Ordinance,Ordinance,,final-action,pass,6,0,,roll-call,6-0 Pass,crosswalk,medium,579
meeting_minutes,meeting_minutes/minutes/2022/2022-03-14/2022-03-15_city-council-meeting.md,6,2022-03-15,Council,Ordinance,Ordinance,,final-action,pass,6,1,,roll-call,6-1 Pass,crosswalk,high,580
meeting_minutes,meeting_minutes/minutes/2022/2022-03-14/2022-03-15_city-council-meeting.md,7,2022-03-15,Council,Resolution,Resolution,,final-action,pass,6,1,,roll-call,6-1 Pass,crosswalk,high,581
meeting_minutes,meeting_minutes/minutes/2022/2022-03-14/2022-03-15_city-council-meeting.md,8,2022-03-15,Council,Procedural/Administrative,Procedural-Administrative,,procedural,pass,,,,voice,Voice Pass,crosswalk,high,582
meeting_minutes,meeting_minutes/minutes/2022/2022-04-04/2022-04-05_city-council-meeting.md,1,2022-04-05,Council,Other,Procedural-Administrative,,procedural,pass,,,,voice,Voice Pass,rule:proc-agenda,high,583
meeting_minutes,meeting_minutes/minutes/2022/2022-04-04/2022-04-05_city-council-meeting.md,2,2022-04-05,Council,Procedural/Administrative,Procedural-Administrative,,procedural,pass,,,,voice,Voice Pass,crosswalk,high,584
meeting_minutes,meeting_minutes/minutes/2022/2022-04-04/2022-04-05_city-council-meeting.md,3,2022-04-05,Council,Ordinance,Ordinance,,final-action,pass,7,0,,roll-call,7-0 Pass,crosswalk,high,585
meeting_minutes,meeting_minutes/minutes/2022/2022-04-04/2022-04-05_city-council-meeting.md,4,2022-04-05,Council,Appointment,Appointment,,final-action,pass,,,,voice,Voice Pass,crosswalk,high,586
meeting_minutes,meeting_minutes/minutes/2022/2022-04-04/2022-04-05_city-council-meeting.md,5,2022-04-05,Council,Appointment,Appointment,,final-action,pass,,,,voice,Voice Pass,crosswalk,high,587
meeting_minutes,meeting_minutes/minutes/2022/2022-04-04/2022-04-05_city-council-meeting.md,6,2022-04-05,Council,Public Hearing Action,Public-Hearing,,procedural,pass,,,,voice,Voice Pass,crosswalk,high,588
meeting_minutes,meeting_minutes/minutes/2022/2022-04-04/2022-04-05_city-council-meeting.md,7,2022-04-05,Council,Ordinance,Ordinance,,final-action,pass,7,0,,roll-call,7-0 Pass,crosswalk,high,589
meeting_minutes,meeting_minutes/minutes/2022/2022-04-04/2022-04-05_city-council-meeting.md,8,2022-04-05,Council,Ordinance,Budget,,final-action,pass,7,0,,roll-call,7-0 Pass,rule:budget,high,590
meeting_minutes,meeting_minutes/minutes/2022/2022-04-04/2022-04-05_city-council-meeting.md,9,2022-04-05,Council,Public Hearing Action,Public-Hearing,,procedural,pass,,,,voice,Voice Pass,crosswalk,high,591
meeting_minutes,meeting_minutes/minutes/2022/2022-04-04/2022-04-05_city-council-meeting.md,10,2022-04-05,Council,Ordinance,Ordinance,,final-action,pass,6,0,,roll-call,6-0 Pass,crosswalk,high,592
meeting_minutes,meeting_minutes/minutes/2022/2022-04-04/2022-04-05_city-council-meeting.md,11,2022-04-05,Council,Procedural/Administrative,Procedural-Administrative,,procedural,pass,,,,voice,Voice Pass,crosswalk,high,593
meeting_minutes,meeting_minutes/minutes/2022/2022-04-11/2022-04-12_city-council-special-meeting.md,1,2022-04-12,Council,Procedural/Administrative,Procedural-Administrative,,procedural,pass,,,,voice,Voice Pass,crosswalk,high,594
meeting_minutes,meeting_minutes/minutes/2022/2022-04-11/2022-04-12_city-council-special-meeting.md,2,2022-04-12,Council,Appointment,Appointment,,final-action,pass,,,,voice,Voice Pass,crosswalk,high,595
meeting_minutes,meeting_minutes/minutes/2022/2022-04-11/2022-04-12_city-council-special-meeting.md,3,2022-04-12,Council,Appointment,Appointment,,final-action,pass,,,,voice,Voice Pass,crosswalk,high,596
meeting_minutes,meeting_minutes/minutes/2022/2022-04-11/2022-04-12_city-council-special-meeting.md,4,2022-04-12,Council,Procedural/Administrative,Procedural-Administrative,,procedural,pass,7,0,,roll-call,7-0 Pass,crosswalk,high,597
meeting_minutes,meeting_minutes/minutes/2022/2022-04-11/2022-04-12_city-council-special-meeting.md,5,2022-04-12,Council,Procedural/Administrative,Procedural-Administrative,,procedural,pass,,,,voice,Voice Pass,crosswalk,high,598
meeting_minutes,meeting_minutes/minutes/2022/2022-04-18/2022-04-19_city-council-meeting.md,1,2022-04-19,Council,Procedural/Administrative,Procedural-Administrative,,procedural,pass,,,,voice,Voice Pass,crosswalk,high,599
meeting_minutes,meeting_minutes/minutes/2022/2022-04-18/2022-04-19_city-council-meeting.md,2,2022-04-19,Council,Public Hearing Action,Public-Hearing,,procedural,pass,,,,voice,Voice Pass,crosswalk,high,600
meeting_minutes,meeting_minutes/minutes/2022/2022-04-18/2022-04-19_city-council-meeting.md,3,2022-04-19,Council,Ordinance,Budget,,final-action,pass,7,0,,roll-call,7-0 Pass,rule:budget,high,601
meeting_minutes,meeting_minutes/minutes/2022/2022-04-18/2022-04-19_city-council-meeting.md,4,2022-04-19,Council,Public Hearing Action,Public-Hearing,,procedural,pass,,,,voice,Voice Pass,crosswalk,high,602
meeting_minutes,meeting_minutes/minutes/2022/2022-04-18/2022-04-19_city-council-meeting.md,5,2022-04-19,Council,Land-Use/Zoning,Land-Use,Other-Land-Use,final-action,pass,7,0,,roll-call,7-0 Pass,crosswalk,medium,603
meeting_minutes,meeting_minutes/minutes/2022/2022-04-18/2022-04-19_city-council-meeting.md,6,2022-04-19,Council,Ordinance,Ordinance,,final-action,pass,,,,voice,Voice Pass,crosswalk,high,604
meeting_minutes,meeting_minutes/minutes/2022/2022-04-18/2022-04-19_city-council-meeting.md,7,2022-04-19,Council,Ordinance,Land-Use,Rezone,final-action,pass,7,0,,roll-call,7-0 Pass,rule:lu-rezone,high,605
meeting_minutes,meeting_minutes/minutes/2022/2022-04-18/2022-04-19_city-council-meeting.md,8,2022-04-19,Council,Ordinance,Land-Use,Rezone,final-action,pass,7,0,,roll-call,7-0 Pass,rule:lu-rezone,high,606
meeting_minutes,meeting_minutes/minutes/2022/2022-04-18/2022-04-19_city-council-meeting.md,9,2022-04-19,Council,Resolution,Resolution,,final-action,pass,7,0,,roll-call,7-0 Pass,crosswalk,high,607
meeting_minutes,meeting_minutes/minutes/2022/2022-04-18/2022-04-19_city-council-meeting.md,10,2022-04-19,Council,Procedural/Administrative,Procedural-Administrative,,procedural,pass,,,,voice,Voice Pass,crosswalk,high,608
meeting_minutes,meeting_minutes/minutes/2022/2022-05-02/2022-05-03_city-council-meeting.md,1,2022-05-03,Council,Appointment,Appointment,,final-action,pass,,,,voice,Voice Pass,crosswalk,high,609
meeting_minutes,meeting_minutes/minutes/2022/2022-05-02/2022-05-03_city-council-meeting.md,2,2022-05-03,Council,Public Hearing Action,Public-Hearing,,procedural,pass,,,,voice,Voice Pass,crosswalk,high,610
meeting_minutes,meeting_minutes/minutes/2022/2022-05-02/2022-05-03_city-council-meeting.md,3,2022-05-03,Council,Resolution,Resolution,,final-action,pass,7,0,,roll-call,7-0 Pass,crosswalk,high,611
meeting_minutes,meeting_minutes/minutes/2022/2022-05-02/2022-05-03_city-council-meeting.md,4,2022-05-03,Council,Ordinance,Ordinance,,final-action,pass,7,0,,roll-call,7-0 Pass,crosswalk,high,612
meeting_minutes,meeting_minutes/minutes/2022/2022-05-02/2022-05-03_city-council-meeting.md,5,2022-05-03,Council,Other,Budget,,final-action,pass,,,,voice,Voice Pass,rule:budget,high,613
meeting_minutes,meeting_minutes/minutes/2022/2022-05-02/2022-05-03_city-council-meeting.md,6,2022-05-03,Council,Procedural/Administrative,Procedural-Administrative,,procedural,pass,7,0,,roll-call,7-0 Pass,crosswalk,high,614
meeting_minutes,meeting_minutes/minutes/2022/2022-05-02/2022-05-03_city-council-meeting.md,7,2022-05-03,Council,Appointment,Appointment,,final-action,pass,6,1,,roll-call,6-1 Pass,crosswalk,high,615
meeting_minutes,meeting_minutes/minutes/2022/2022-05-02/2022-05-03_city-council-meeting.md,8,2022-05-03,Council,Procedural/Administrative,Procedural-Administrative,,procedural,pass,,,,voice,Voice Pass,crosswalk,high,616
meeting_minutes,meeting_minutes/minutes/2022/2022-05-16/2022-05-17_city-council-meeting.md,1,2022-05-17,Council,Ceremonial,Ceremonial,,final-action,unknown,,,,unknown,Recorded,crosswalk,high,617
meeting_minutes,meeting_minutes/minutes/2022/2022-05-16/2022-05-17_city-council-meeting.md,2,2022-05-17,Council,Other,Procedural-Administrative,,procedural,pass,,,,voice,Voice Pass,rule:proc-report,medium,618
meeting_minutes,meeting_minutes/minutes/2022/2022-05-16/2022-05-17_city-council-meeting.md,3,2022-05-17,Council,Procedural/Administrative,Procedural-Administrative,,procedural,pass,,,,voice,Voice Pass,crosswalk,high,619
meeting_minutes,meeting_minutes/minutes/2022/2022-05-16/2022-05-17_city-council-meeting.md,4,2022-05-17,Council,Appointment,Appointment,,final-action,pass,,,,voice,Voice Pass,crosswalk,high,620
meeting_minutes,meeting_minutes/minutes/2022/2022-05-16/2022-05-17_city-council-meeting.md,5,2022-05-17,Council,Public Hearing Action,Public-Hearing,,procedural,pass,,,,voice,Voice Pass,crosswalk,high,621
meeting_minutes,meeting_minutes/minutes/2022/2022-05-16/2022-05-17_city-council-meeting.md,6,2022-05-17,Council,Ordinance,Land-Use,Vacation,final-action,pass,5,0,,roll-call,5-0 Pass,rule:lu-vacate,high,622
meeting_minutes,meeting_minutes/minutes/2022/2022-05-16/2022-05-17_city-council-meeting.md,7,2022-05-17,Council,Ordinance,Land-Use,Rezone,final-action,pass,6,0,,roll-call,6-0 Pass,rule:lu-rezone,high,623
meeting_minutes,meeting_minutes/minutes/2022/2022-05-16/2022-05-17_city-council-meeting.md,8,2022-05-17,Council,Ordinance,Ordinance,,final-action,pass,6,0,,roll-call,6-0 Pass,crosswalk,medium,624
meeting_minutes,meeting_minutes/minutes/2022/2022-05-16/2022-05-17_city-council-meeting.md,9,2022-05-17,Council,Ordinance,Public-Hearing,,procedural,pass,,,,voice,Voice Pass,rule:ph-openclose,high,625
meeting_minutes,meeting_minutes/minutes/2022/2022-05-16/2022-05-17_city-council-meeting.md,10,2022-05-17,Council,Procedural/Administrative,Procedural-Administrative,,procedural,pass,,,,voice,Voice Pass,crosswalk,high,626
meeting_minutes,meeting_minutes/minutes/2022/2022-06-06/2022-06-07_city-council-meeting.md,1,2022-06-07,Council,Ceremonial,Ceremonial,,final-action,pass,,,,voice,Voice Pass,crosswalk,high,627
meeting_minutes,meeting_minutes/minutes/2022/2022-06-06/2022-06-07_city-council-meeting.md,2,2022-06-07,Council,Procedural/Administrative,Procedural-Administrative,,procedural,pass,,,,voice,Voice Pass,crosswalk,high,628
meeting_minutes,meeting_minutes/minutes/2022/2022-06-06/2022-06-07_city-council-meeting.md,3,2022-06-07,Council,Resolution,Resolution,,final-action,pass,5,0,,roll-call,5-0 Pass,crosswalk,high,629
meeting_minutes,meeting_minutes/minutes/2022/2022-06-06/2022-06-07_city-council-meeting.md,4,2022-06-07,Council,Ordinance,Public-Hearing,,procedural,pass,,,,voice,Voice Pass,rule:ph-openclose,high,630
meeting_minutes,meeting_minutes/minutes/2022/2022-06-06/2022-06-07_city-council-meeting.md,5,2022-06-07,Council,Ordinance,Public-Hearing,,procedural,pass,,,,voice,Voice Pass,rule:ph-openclose,high,631
meeting_minutes,meeting_minutes/minutes/2022/2022-06-06/2022-06-07_city-council-meeting.md,6,2022-06-07,Council,Ordinance,Public-Hearing,,procedural,pass,,,,voice,Voice Pass,rule:ph-openclose,high,632
meeting_minutes,meeting_minutes/minutes/2022/2022-06-06/2022-06-07_city-council-meeting.md,7,2022-06-07,Council,Ordinance,Public-Hearing,,procedural,pass,,,,voice,Voice Pass,rule:ph-openclose,high,633
meeting_minutes,meeting_minutes/minutes/2022/2022-06-06/2022-06-07_city-council-meeting.md,8,2022-06-07,Council,Public Hearing Action,Public-Hearing,,procedural,pass,,,,voice,Voice Pass,crosswalk,high,634
meeting_minutes,meeting_minutes/minutes/2022/2022-06-06/2022-06-07_city-council-meeting.md,9,2022-06-07,Council,Ordinance,Budget,,final-action,pass,5,0,,roll-call,5-0 Pass,rule:budget,high,635
meeting_minutes,meeting_minutes/minutes/2022/2022-06-06/2022-06-07_city-council-meeting.md,10,2022-06-07,Council,Procedural/Administrative,Procedural-Administrative,,procedural,pass,,,,voice,Voice Pass,crosswalk,high,636
meeting_minutes,meeting_minutes/minutes/2022/2022-06-13/2022-06-14_city-council-special-meeting.md,1,2022-06-14,Council,Public Hearing Action,Public-Hearing,,procedural,pass,,,,voice,Voice Pass,crosswalk,high,637
meeting_minutes,meeting_minutes/minutes/2022/2022-06-13/2022-06-14_city-council-special-meeting.md,2,2022-06-14,Council,Ordinance,Budget,,final-action,pass,6,0,,roll-call,6-0 Pass,rule:budget,high,638
meeting_minutes,meeting_minutes/minutes/2022/2022-06-13/2022-06-14_city-council-special-meeting.md,3,2022-06-14,Council,Public Hearing Action,Public-Hearing,,procedural,pass,,,,voice,Voice Pass,crosswalk,high,639
meeting_minutes,meeting_minutes/minutes/2022/2022-06-13/2022-06-14_city-council-special-meeting.md,4,2022-06-14,Council,Ordinance,Budget,,final-action,pass,5,0,,roll-call,5-0 Pass,rule:budget,high,640
meeting_minutes,meeting_minutes/minutes/2022/2022-06-13/2022-06-14_city-council-special-meeting.md,5,2022-06-14,Council,Public Hearing Action,Public-Hearing,,procedural,pass,,,,voice,Voice Pass,crosswalk,high,641
meeting_minutes,meeting_minutes/minutes/2022/2022-06-13/2022-06-14_city-council-special-meeting.md,6,2022-06-14,Council,Ordinance,Budget,,final-action,pass,6,0,,roll-call,6-0 Pass,rule:budget,high,642
meeting_minutes,meeting_minutes/minutes/2022/2022-06-13/2022-06-14_city-council-special-meeting.md,7,2022-06-14,Council,Procedural/Administrative,Procedural-Administrative,,procedural,pass,,,,voice,Voice Pass,crosswalk,high,643
meeting_minutes,meeting_minutes/minutes/2022/2022-06-20/2022-06-21_city-council-meeting.md,1,2022-06-21,Council,Ordinance,Ordinance,,final-action,pass,,,,voice,Voice Pass,crosswalk,high,644
meeting_minutes,meeting_minutes/minutes/2022/2022-06-20/2022-06-21_city-council-meeting.md,2,2022-06-21,Council,Other,Procedural-Administrative,,procedural,pass,,,,voice,Voice Pass,rule:proc-minutes,high,645
meeting_minutes,meeting_minutes/minutes/2022/2022-06-20/2022-06-21_city-council-meeting.md,3,2022-06-21,Council,Public Hearing Action,Public-Hearing,,procedural,pass,,,,voice,Voice Pass,crosswalk,high,646
meeting_minutes,meeting_minutes/minutes/2022/2022-06-20/2022-06-21_city-council-meeting.md,4,2022-06-21,Council,Resolution,Resolution,,final-action,pass,5,0,,roll-call,5-0 Pass,crosswalk,high,647
meeting_minutes,meeting_minutes/minutes/2022/2022-06-20/2022-06-21_city-council-meeting.md,5,2022-06-21,Council,Ordinance,Budget,,final-action,pass,7,0,,roll-call,7-0 Pass,rule:budget,high,648
meeting_minutes,meeting_minutes/minutes/2022/2022-06-20/2022-06-21_city-council-meeting.md,6,2022-06-21,Council,Resolution,Resolution,,final-action,pass,5,0,,roll-call,5-0 Pass,crosswalk,high,649
meeting_minutes,meeting_minutes/minutes/2022/2022-06-20/2022-06-21_city-council-meeting.md,7,2022-06-21,Council,Public Hearing Action,Public-Hearing,,procedural,pass,,,,voice,Voice Pass,crosswalk,high,650
meeting_minutes,meeting_minutes/minutes/2022/2022-06-20/2022-06-21_city-council-meeting.md,8,2022-06-21,Council,Resolution,Resolution,,final-action,pass,7,0,,roll-call,7-0 Pass,crosswalk,high,651
meeting_minutes,meeting_minutes/minutes/2022/2022-06-20/2022-06-21_city-council-meeting.md,9,2022-06-21,Council,Public Hearing Action,Public-Hearing,,procedural,pass,,,,voice,Voice Pass,crosswalk,high,652
meeting_minutes,meeting_minutes/minutes/2022/2022-06-20/2022-06-21_city-council-meeting.md,10,2022-06-21,Council,Ordinance,Budget,,final-action,pass,7,0,,roll-call,7-0 Pass,rule:budget,high,653
meeting_minutes,meeting_minutes/minutes/2022/2022-06-20/2022-06-21_city-council-meeting.md,11,2022-06-21,Council,Ordinance,Budget,,final-action,pass,7,0,,roll-call,7-0 Pass,rule:budget,high,654
meeting_minutes,meeting_minutes/minutes/2022/2022-06-20/2022-06-21_city-council-meeting.md,12,2022-06-21,Council,Ordinance,Budget,,final-action,pass,7,0,,roll-call,7-0 Pass,rule:budget,high,655
meeting_minutes,meeting_minutes/minutes/2022/2022-06-20/2022-06-21_city-council-meeting.md,13,2022-06-21,Council,Public Hearing Action,Public-Hearing,,procedural,unknown,,,,unknown,Recorded,crosswalk,high,656
meeting_minutes,meeting_minutes/minutes/2022/2022-06-20/2022-06-21_city-council-meeting.md,14,2022-06-21,Council,Public Hearing Action,Public-Hearing,,procedural,unknown,,,,unknown,Recorded,crosswalk,high,657
meeting_minutes,meeting_minutes/minutes/2022/2022-06-20/2022-06-21_city-council-meeting.md,15,2022-06-21,Council,Resolution,Resolution,,final-action,pass,7,0,,roll-call,7-0 Pass,crosswalk,high,658
meeting_minutes,meeting_minutes/minutes/2022/2022-06-20/2022-06-21_city-council-meeting.md,16,2022-06-21,Council,Public Hearing Action,Public-Hearing,,procedural,pass,,,,voice,Voice Pass,crosswalk,high,659
meeting_minutes,meeting_minutes/minutes/2022/2022-06-20/2022-06-21_city-council-meeting.md,17,2022-06-21,Council,Ordinance,Ordinance,,final-action,pass,7,0,,roll-call,7-0 Pass,crosswalk,high,660
meeting_minutes,meeting_minutes/minutes/2022/2022-06-20/2022-06-21_city-council-meeting.md,18,2022-06-21,Council,Procedural/Administrative,Procedural-Administrative,,procedural,unknown,,,,unknown,Recorded,crosswalk,high,661
meeting_minutes,meeting_minutes/minutes/2022/2022-07-04/2022-07-05_city-council-meeting.md,1,2022-07-05,Council,Resolution,Resolution,,final-action,pass,6,0,,roll-call,6-0 Pass,crosswalk,high,662
meeting_minutes,meeting_minutes/minutes/2022/2022-07-04/2022-07-05_city-council-meeting.md,2,2022-07-05,Council,Resolution,Resolution,,final-action,pass,6,0,,roll-call,6-0 Pass,crosswalk,high,663
meeting_minutes,meeting_minutes/minutes/2022/2022-07-04/2022-07-05_city-council-meeting.md,3,2022-07-05,Council,Ordinance,Ordinance,,final-action,pass,6,0,,roll-call,6-0 Pass,crosswalk,high,664
meeting_minutes,meeting_minutes/minutes/2022/2022-07-04/2022-07-05_city-council-meeting.md,4,2022-07-05,Council,Ordinance,Ordinance,,final-action,pass,6,0,,roll-call,6-0 Pass,crosswalk,high,665
meeting_minutes,meeting_minutes/minutes/2022/2022-07-04/2022-07-05_city-council-meeting.md,5,2022-07-05,Council,Resolution,Interlocal,,final-action,pass,6,0,,roll-call,6-0 Pass,rule:interlocal,high,666
meeting_minutes,meeting_minutes/minutes/2022/2022-07-04/2022-07-05_city-council-meeting.md,6,2022-07-05,Council,Procedural/Administrative,Procedural-Administrative,,procedural,pass,,,,voice,Voice Pass,crosswalk,high,667
meeting_minutes,meeting_minutes/minutes/2022/2022-07-11/2022-07-12_city-council-special-meeting.md,1,2022-07-12,Council,Procedural/Administrative,Public-Hearing,,procedural,pass,,,,voice,Voice Pass,rule:ph-openclose,high,668
meeting_minutes,meeting_minutes/minutes/2022/2022-07-11/2022-07-12_city-council-special-meeting.md,2,2022-07-12,Council,Public Hearing Action,Public-Hearing,,procedural,pass,,,,voice,Voice Pass,crosswalk,high,669
meeting_minutes,meeting_minutes/minutes/2022/2022-07-11/2022-07-12_city-council-special-meeting.md,3,2022-07-12,Council,Ordinance,Ordinance,,final-action,pass,7,0,,roll-call,7-0 Pass,crosswalk,medium,670
meeting_minutes,meeting_minutes/minutes/2022/2022-07-11/2022-07-12_city-council-special-meeting.md,4,2022-07-12,Council,Ordinance,Ordinance,,final-action,pass,6,0,,roll-call,6-0 Pass,crosswalk,high,671
meeting_minutes,meeting_minutes/minutes/2022/2022-07-11/2022-07-12_city-council-special-meeting.md,5,2022-07-12,Council,Procedural/Administrative,Procedural-Administrative,,procedural,pass,,,,voice,Voice Pass,crosswalk,high,672
meeting_minutes,meeting_minutes/minutes/2022/2022-08-01/2022-08-02_city-council-meeting.md,1,2022-08-02,Council,Public Hearing Action,Public-Hearing,,procedural,pass,,,,voice,Voice Pass,crosswalk,high,673
meeting_minutes,meeting_minutes/minutes/2022/2022-08-01/2022-08-02_city-council-special-meeting.md,1,2022-08-02,Council,Ordinance,Ordinance,,final-action,pass,,,,voice,Voice Pass,crosswalk,high,674
meeting_minutes,meeting_minutes/minutes/2022/2022-08-01/2022-08-02_city-council-special-meeting.md,2,2022-08-02,Council,Ordinance,Ordinance,,final-action,pass,,,,voice,Voice Pass,crosswalk,high,675
meeting_minutes,meeting_minutes/minutes/2022/2022-08-01/2022-08-02_city-council-meeting.md,2,2022-08-02,Council,Ordinance,Budget,,final-action,pass,7,0,,roll-call,7-0 Pass,rule:budget,high,676
meeting_minutes,meeting_minutes/minutes/2022/2022-08-01/2022-08-02_city-council-special-meeting.md,3,2022-08-02,Council,Procedural/Administrative,Procedural-Administrative,,procedural,pass,,,,voice,Voice Pass,crosswalk,high,677
meeting_minutes,meeting_minutes/minutes/2022/2022-08-01/2022-08-02_city-council-meeting.md,3,2022-08-02,Council,Ordinance,Ordinance,,final-action,pass,7,0,,roll-call,7-0 Pass,crosswalk,high,678
meeting_minutes,meeting_minutes/minutes/2022/2022-08-01/2022-08-02_city-council-meeting.md,4,2022-08-02,Council,Ordinance,Ordinance,,final-action,pass,6,1,,roll-call,6-1 Pass,crosswalk,high,679
meeting_minutes,meeting_minutes/minutes/2022/2022-08-01/2022-08-02_city-council-meeting.md,5,2022-08-02,Council,Procedural/Administrative,Procedural-Administrative,,procedural,pass,,,,voice,Voice Pass,crosswalk,high,680
meeting_minutes,meeting_minutes/minutes/2022/2022-08-08/2022-08-09_city-council-special-meeting.md,1,2022-08-09,Council,Land-Use/Zoning,Procedural-Administrative,,procedural,pass,,,,voice,Voice Pass,rule:proc-agenda,high,681
meeting_minutes,meeting_minutes/minutes/2022/2022-08-08/2022-08-09_city-council-special-meeting.md,2,2022-08-09,Council,Procedural/Administrative,Procedural-Administrative,,procedural,pass,,,,voice,Voice Pass,crosswalk,high,682
meeting_minutes,meeting_minutes/minutes/2022/2022-08-08/2022-08-09_city-council-special-meeting.md,3,2022-08-09,Council,Appointment,Appointment,,final-action,pass,,,,voice,Voice Pass,crosswalk,high,683
meeting_minutes,meeting_minutes/minutes/2022/2022-08-08/2022-08-09_city-council-special-meeting.md,4,2022-08-09,Council,Public Hearing Action,Public-Hearing,,procedural,pass,,,,voice,Voice Pass,crosswalk,high,684
meeting_minutes,meeting_minutes/minutes/2022/2022-08-08/2022-08-09_city-council-special-meeting.md,5,2022-08-09,Council,Ordinance,Land-Use,Rezone,final-action,pass,5,1,,roll-call,5-1 Pass,rule:lu-rezone,high,685
meeting_minutes,meeting_minutes/minutes/2022/2022-08-08/2022-08-09_city-council-special-meeting.md,6,2022-08-09,Council,Ordinance,Land-Use,Vacation,final-action,pass,6,0,,roll-call,6-0 Pass,rule:lu-vacate,high,686
meeting_minutes,meeting_minutes/minutes/2022/2022-08-08/2022-08-09_city-council-special-meeting.md,7,2022-08-09,Council,Resolution,Resolution,,final-action,pass,5,1,,roll-call,5-1 Pass,crosswalk,high,687
meeting_minutes,meeting_minutes/minutes/2022/2022-08-08/2022-08-09_city-council-special-meeting.md,8,2022-08-09,Council,Resolution,Resolution,,final-action,pass,6,0,,roll-call,6-0 Pass,crosswalk,high,688
meeting_minutes,meeting_minutes/minutes/2022/2022-08-08/2022-08-09_city-council-special-meeting.md,9,2022-08-09,Council,Resolution,Budget,,final-action,pass,6,0,,roll-call,6-0 Pass,rule:budget,high,689
meeting_minutes,meeting_minutes/minutes/2022/2022-08-08/2022-08-09_city-council-special-meeting.md,10,2022-08-09,Council,Resolution,Resolution,,final-action,pass,6,0,,roll-call,6-0 Pass,crosswalk,high,690
meeting_minutes,meeting_minutes/minutes/2022/2022-08-08/2022-08-09_city-council-special-meeting.md,11,2022-08-09,Council,Procedural/Administrative,Procedural-Administrative,,procedural,pass,,,,voice,Voice Pass,crosswalk,high,691
meeting_minutes,meeting_minutes/minutes/2022/2022-08-22/2022-08-23_city-council-meeting.md,1,2022-08-23,Council,Procedural/Administrative,Procedural-Administrative,,procedural,pass,,,,voice,Voice Pass,crosswalk,high,692
meeting_minutes,meeting_minutes/minutes/2022/2022-09-05/2022-09-06_city-council-meeting.md,1,2022-09-06,Council,Procedural/Administrative,Procedural-Administrative,,procedural,pass,,,,voice,Voice Pass,crosswalk,high,693
meeting_minutes,meeting_minutes/minutes/2022/2022-09-12/2022-09-13_city-council-special-meeting.md,1,2022-09-13,Council,Appointment,Appointment,,final-action,pass,,,,voice,Voice Pass,crosswalk,high,694
meeting_minutes,meeting_minutes/minutes/2022/2022-09-12/2022-09-13_city-council-special-meeting.md,2,2022-09-13,Council,Resolution,Grant-Funding,,final-action,pass,6,0,,roll-call,6-0 Pass,rule:grant,high,695
meeting_minutes,meeting_minutes/minutes/2022/2022-09-12/2022-09-13_city-council-special-meeting.md,3,2022-09-13,Council,Procedural/Administrative,Procedural-Administrative,,procedural,pass,,,,voice,Voice Pass,crosswalk,high,696
meeting_minutes,meeting_minutes/minutes/2022/2022-09-19/2022-09-20_city-council-meeting.md,1,2022-09-20,Council,Ordinance,Land-Use,Rezone,final-action,pass,7,0,,roll-call,7-0 Pass,rule:lu-rezone,high,697
meeting_minutes,meeting_minutes/minutes/2022/2022-09-19/2022-09-20_city-council-meeting.md,2,2022-09-20,Council,Ordinance,Ordinance,,procedural,pass,,,,voice,Voice Pass,crosswalk,high,698
meeting_minutes,meeting_minutes/minutes/2022/2022-09-19/2022-09-20_city-council-meeting.md,3,2022-09-20,Council,Procedural/Administrative,Procedural-Administrative,,procedural,pass,,,,voice,Voice Pass,crosswalk,high,699
meeting_minutes,meeting_minutes/minutes/2022/2022-10-03/2022-10-04_city-council-meeting.md,1,2022-10-04,Council,Procedural/Administrative,Procedural-Administrative,,procedural,pass,,,,voice,Voice Pass,crosswalk,high,700
meeting_minutes,meeting_minutes/minutes/2022/2022-10-03/2022-10-04_city-council-meeting.md,2,2022-10-04,Council,Ordinance,Land-Use,Rezone,final-action,pass,6,0,,roll-call,6-0 Pass,rule:lu-rezone,high,701
meeting_minutes,meeting_minutes/minutes/2022/2022-10-03/2022-10-04_city-council-meeting.md,3,2022-10-04,Council,Procedural/Administrative,Procedural-Administrative,,procedural,pass,,,,voice,Voice Pass,crosswalk,high,702
meeting_minutes,meeting_minutes/minutes/2022/2022-10-10/2022-10-11_city-council-special-meeting.md,1,2022-10-11,Council,Procedural/Administrative,Procedural-Administrative,,procedural,pass,,,,voice,Voice Pass,crosswalk,high,703
meeting_minutes,meeting_minutes/minutes/2022/2022-10-10/2022-10-11_city-council-special-meeting.md,2,2022-10-11,Council,Resolution,Resolution,,final-action,pass,4,0,,roll-call,4-0 Pass,crosswalk,high,704
meeting_minutes,meeting_minutes/minutes/2022/2022-10-10/2022-10-11_city-council-special-meeting.md,3,2022-10-11,Council,Ordinance,Ordinance,,procedural,pass,,,,voice,Voice Pass,crosswalk,high,705
meeting_minutes,meeting_minutes/minutes/2022/2022-10-10/2022-10-11_city-council-special-meeting.md,4,2022-10-11,Council,Resolution,Resolution,,final-action,pass,4,0,,roll-call,4-0 Pass,crosswalk,high,706
meeting_minutes,meeting_minutes/minutes/2022/2022-10-10/2022-10-11_city-council-special-meeting.md,5,2022-10-11,Council,Ordinance,Ordinance,,procedural,pass,,,,voice,Voice Pass,crosswalk,high,707
meeting_minutes,meeting_minutes/minutes/2022/2022-10-10/2022-10-11_city-council-special-meeting.md,6,2022-10-11,Council,Ordinance,Ordinance,,final-action,pass,4,0,,roll-call,4-0 Pass,crosswalk,high,708
meeting_minutes,meeting_minutes/minutes/2022/2022-10-10/2022-10-11_city-council-special-meeting.md,7,2022-10-11,Council,Ordinance,Ordinance,,final-action,pass,4,0,,roll-call,4-0 Pass,crosswalk,high,709
meeting_minutes,meeting_minutes/minutes/2022/2022-10-10/2022-10-11_city-council-special-meeting.md,8,2022-10-11,Council,Procedural/Administrative,Procedural-Administrative,,procedural,pass,4,0,,roll-call,4-0 Pass,crosswalk,high,710
meeting_minutes,meeting_minutes/minutes/2022/2022-10-10/2022-10-11_city-council-special-meeting.md,9,2022-10-11,Council,Procedural/Administrative,Procedural-Administrative,,procedural,unknown,,,,unknown,Recorded,crosswalk,high,711
meeting_minutes,meeting_minutes/minutes/2022/2022-10-17/2022-10-18_city-council-meeting.md,1,2022-10-18,Council,Appointment,Appointment,,final-action,pass,,,,voice,Voice Pass,crosswalk,high,712
meeting_minutes,meeting_minutes/minutes/2022/2022-10-17/2022-10-18_city-council-meeting.md,2,2022-10-18,Council,Appointment,Appointment,,final-action,pass,,,,voice,Voice Pass,crosswalk,high,713
meeting_minutes,meeting_minutes/minutes/2022/2022-10-17/2022-10-18_city-council-meeting.md,3,2022-10-18,Council,Resolution,Resolution,,final-action,pass,7,0,,roll-call,7-0 Pass,crosswalk,high,714
meeting_minutes,meeting_minutes/minutes/2022/2022-10-17/2022-10-18_city-council-meeting.md,4,2022-10-18,Council,Procedural/Administrative,Procedural-Administrative,,procedural,pass,,,,voice,Voice Pass,crosswalk,high,715
meeting_minutes,meeting_minutes/minutes/2022/2022-10-31/2022-11-01_city-council-meeting.md,1,2022-11-01,Council,Procedural/Administrative,Procedural-Administrative,,procedural,pass,,,,voice,Voice Pass,crosswalk,high,716
meeting_minutes,meeting_minutes/minutes/2022/2022-10-31/2022-11-01_city-council-meeting.md,2,2022-11-01,Council,Grant-Funding,Grant-Funding,,final-action,pass,,,,voice,Voice Pass,crosswalk,high,717
meeting_minutes,meeting_minutes/minutes/2022/2022-10-31/2022-11-01_city-council-meeting.md,3,2022-11-01,Council,Appointment,Appointment,,final-action,pass,,,,voice,Voice Pass,crosswalk,high,718
meeting_minutes,meeting_minutes/minutes/2022/2022-10-31/2022-11-01_city-council-meeting.md,4,2022-11-01,Council,Appointment,Appointment,,final-action,pass,,,,voice,Voice Pass,crosswalk,high,719
meeting_minutes,meeting_minutes/minutes/2022/2022-10-31/2022-11-01_city-council-meeting.md,5,2022-11-01,Council,Public Hearing Action,Public-Hearing,,procedural,pass,,,,voice,Voice Pass,crosswalk,high,720
meeting_minutes,meeting_minutes/minutes/2022/2022-10-31/2022-11-01_city-council-meeting.md,6,2022-11-01,Council,Ordinance,Budget,,final-action,pass,7,0,,roll-call,7-0 Pass,rule:budget,high,721
meeting_minutes,meeting_minutes/minutes/2022/2022-10-31/2022-11-01_city-council-meeting.md,7,2022-11-01,Council,Ordinance,Ordinance,,final-action,pass,7,0,,roll-call,7-0 Pass,crosswalk,medium,722
meeting_minutes,meeting_minutes/minutes/2022/2022-10-31/2022-11-01_city-council-meeting.md,8,2022-11-01,Council,Land-Use/Zoning,Land-Use,Rezone,final-action,pass,7,0,,roll-call,7-0 Pass,rule:lu-rezone,high,723
meeting_minutes,meeting_minutes/minutes/2022/2022-10-31/2022-11-01_city-council-meeting.md,9,2022-11-01,Council,Procedural/Administrative,Procedural-Administrative,,procedural,pass,,,,voice,Voice Pass,crosswalk,high,724
meeting_minutes,meeting_minutes/minutes/2022/2022-11-14/2022-11-15_city-council-meeting.md,1,2022-11-15,Council,Ceremonial,Ceremonial,,final-action,unknown,,,,unknown,Recorded,crosswalk,high,725
meeting_minutes,meeting_minutes/minutes/2022/2022-11-14/2022-11-15_city-council-meeting.md,2,2022-11-15,Council,Procedural/Administrative,Procedural-Administrative,,procedural,pass,,,,voice,Voice Pass,crosswalk,high,726
meeting_minutes,meeting_minutes/minutes/2022/2022-11-14/2022-11-15_city-council-meeting.md,3,2022-11-15,Council,Appointment,Appointment,,final-action,pass,,,,voice,Voice Pass,crosswalk,high,727
meeting_minutes,meeting_minutes/minutes/2022/2022-11-14/2022-11-15_city-council-meeting.md,4,2022-11-15,Council,Ordinance,Land-Use,Rezone,final-action,pass,7,0,,roll-call,7-0 Pass,rule:lu-rezone,high,728
meeting_minutes,meeting_minutes/minutes/2022/2022-11-14/2022-11-15_city-council-meeting.md,5,2022-11-15,Council,Ordinance,Ordinance,,final-action,pass,,,,voice,Voice Pass,crosswalk,high,729
meeting_minutes,meeting_minutes/minutes/2022/2022-11-14/2022-11-15_city-council-meeting.md,6,2022-11-15,Council,Ordinance,Land-Use,General-Plan-Amendment,final-action,pass,7,0,,roll-call,7-0 Pass,rule:lu-gpa,high,730
meeting_minutes,meeting_minutes/minutes/2022/2022-11-14/2022-11-15_city-council-meeting.md,7,2022-11-15,Council,Ordinance,Ordinance,,final-action,pass,7,0,,roll-call,7-0 Pass,crosswalk,medium,731
meeting_minutes,meeting_minutes/minutes/2022/2022-11-14/2022-11-15_city-council-meeting.md,8,2022-11-15,Council,Ordinance,Land-Use,Rezone,final-action,pass,7,0,,roll-call,7-0 Pass,rule:lu-rezone,high,732
meeting_minutes,meeting_minutes/minutes/2022/2022-11-14/2022-11-15_city-council-meeting.md,9,2022-11-15,Council,Ordinance,Ordinance,,final-action,pass,7,0,,roll-call,7-0 Pass,crosswalk,high,733
meeting_minutes,meeting_minutes/minutes/2022/2022-11-14/2022-11-15_city-council-meeting.md,10,2022-11-15,Council,Ordinance,Ordinance,,final-action,pass,7,0,,roll-call,7-0 Pass,crosswalk,high,734
meeting_minutes,meeting_minutes/minutes/2022/2022-11-14/2022-11-15_city-council-meeting.md,11,2022-11-15,Council,Ordinance,Ordinance,,final-action,pass,7,0,,roll-call,7-0 Pass,crosswalk,high,735
meeting_minutes,meeting_minutes/minutes/2022/2022-11-14/2022-11-15_city-council-meeting.md,12,2022-11-15,Council,Ordinance,Ordinance,,final-action,pass,7,0,,roll-call,7-0 Pass,crosswalk,medium,736
meeting_minutes,meeting_minutes/minutes/2022/2022-11-14/2022-11-15_city-council-meeting.md,13,2022-11-15,Council,Ordinance,Ordinance,,final-action,pass,7,0,,roll-call,7-0 Pass,crosswalk,high,737
meeting_minutes,meeting_minutes/minutes/2022/2022-11-14/2022-11-15_city-council-meeting.md,14,2022-11-15,Council,Ordinance,Ordinance,,final-action,pass,7,0,,roll-call,7-0 Pass,crosswalk,medium,738
meeting_minutes,meeting_minutes/minutes/2022/2022-11-14/2022-11-15_city-council-meeting.md,15,2022-11-15,Council,Ordinance,Land-Use,Rezone,final-action,pass,7,0,,roll-call,7-0 Pass,rule:lu-rezone,high,739
meeting_minutes,meeting_minutes/minutes/2022/2022-11-14/2022-11-15_city-council-meeting.md,16,2022-11-15,Council,Ordinance,Land-Use,Other-Land-Use,final-action,pass,7,0,,roll-call,7-0 Pass,rule:lu-accessory,high,740
meeting_minutes,meeting_minutes/minutes/2022/2022-11-14/2022-11-15_city-council-meeting.md,17,2022-11-15,Council,Resolution,Public-Hearing,,procedural,pass,7,0,,roll-call,7-0 Pass,rule:ph-openclose,high,741
meeting_minutes,meeting_minutes/minutes/2022/2022-11-14/2022-11-15_city-council-meeting.md,18,2022-11-15,Council,Procedural/Administrative,Procedural-Administrative,,procedural,unknown,,,,unknown,Recorded,crosswalk,high,742
meeting_minutes,meeting_minutes/minutes/2022/2022-12-05/2022-12-06_city-council-special-meeting.md,1,2022-12-06,Council,Procedural/Administrative,Procedural-Administrative,,procedural,pass,6,0,,roll-call,6-0 Pass,crosswalk,high,743
meeting_minutes,meeting_minutes/minutes/2022/2022-12-05/2022-12-06_city-council-special-meeting.md,2,2022-12-06,Council,Procedural/Administrative,Procedural-Administrative,,procedural,unknown,,,,unknown,Recorded,crosswalk,high,744
meeting_minutes,meeting_minutes/minutes/2022/2022-12-12/2022-12-13_city-council-special-meeting.md,1,2022-12-13,Council,Resolution,Contract-Purchase,,final-action,pass,7,0,,roll-call,7-0 Pass,rule:contract,high,745
meeting_minutes,meeting_minutes/minutes/2022/2022-12-12/2022-12-13_city-council-special-meeting.md,2,2022-12-13,Council,Procedural/Administrative,Procedural-Administrative,,procedural,unknown,,,,unknown,Recorded,crosswalk,high,746
meeting_minutes,meeting_minutes/minutes/2023/2023-01-02/2023-01-03_city-council-meeting.md,1,2023-01-03,Council,Other,Procedural-Administrative,,procedural,pass,,,,voice,Voice Pass,rule:proc-report,medium,747
meeting_minutes,meeting_minutes/minutes/2023/2023-01-02/2023-01-03_city-council-meeting.md,2,2023-01-03,Council,Other,Public-Hearing,,procedural,pass,,,,voice,Voice Pass,rule:ph-weak,medium,748
meeting_minutes,meeting_minutes/minutes/2023/2023-01-02/2023-01-03_city-council-meeting.md,3,2023-01-03,Council,Ordinance,Ordinance,,final-action,pass,7,0,,roll-call,7-0 Pass,crosswalk,high,749
meeting_minutes,meeting_minutes/minutes/2023/2023-01-02/2023-01-03_city-council-meeting.md,4,2023-01-03,Council,Public Hearing Action,Public-Hearing,,procedural,pass,,,,voice,Voice Pass,crosswalk,high,750
meeting_minutes,meeting_minutes/minutes/2023/2023-01-02/2023-01-03_city-council-meeting.md,5,2023-01-03,Council,Ordinance,Ordinance,,final-action,pass,7,0,,roll-call,7-0 Pass,crosswalk,high,751
meeting_minutes,meeting_minutes/minutes/2023/2023-01-02/2023-01-03_city-council-meeting.md,6,2023-01-03,Council,Other,Public-Hearing,,procedural,pass,,,,voice,Voice Pass,rule:ph-weak,medium,752
meeting_minutes,meeting_minutes/minutes/2023/2023-01-02/2023-01-03_city-council-meeting.md,7,2023-01-03,Council,Ordinance,Ordinance,,final-action,pass,7,0,,roll-call,7-0 Pass,crosswalk,high,753
meeting_minutes,meeting_minutes/minutes/2023/2023-01-02/2023-01-03_city-council-meeting.md,8,2023-01-03,Council,Public Hearing Action,Public-Hearing,,procedural,pass,,,,voice,Voice Pass,crosswalk,high,754
meeting_minutes,meeting_minutes/minutes/2023/2023-01-02/2023-01-03_city-council-meeting.md,9,2023-01-03,Council,Ordinance,Ordinance,,final-action,pass,7,0,,roll-call,7-0 Pass,crosswalk,high,755
meeting_minutes,meeting_minutes/minutes/2023/2023-01-02/2023-01-03_city-council-meeting.md,10,2023-01-03,Council,Ordinance,Ordinance,,final-action,pass,5,1,,roll-call,5-1 Pass,crosswalk,high,756
meeting_minutes,meeting_minutes/minutes/2023/2023-01-02/2023-01-03_city-council-meeting.md,11,2023-01-03,Council,Other,Appointment,,final-action,pass,7,0,,roll-call,7-0 Pass,rule:officer-elect,high,757
meeting_minutes,meeting_minutes/minutes/2023/2023-01-02/2023-01-03_city-council-meeting.md,12,2023-01-03,Council,Other,Appointment,,final-action,pass,7,0,,roll-call,7-0 Pass,rule:officer-elect,high,758
meeting_minutes,meeting_minutes/minutes/2023/2023-01-02/2023-01-03_city-council-meeting.md,13,2023-01-03,Council,Procedural/Administrative,Procedural-Administrative,,procedural,unknown,,,,unknown,Recorded,crosswalk,high,759
meeting_minutes,meeting_minutes/minutes/2023/2023-01-09/2023-01-10_city-council-special-meeting.md,1,2023-01-10,Council,Ceremonial,Procedural-Administrative,,procedural,pass,,,,voice,Voice Pass,rule:proc-agenda,high,760
meeting_minutes,meeting_minutes/minutes/2023/2023-01-09/2023-01-10_city-council-special-meeting.md,2,2023-01-10,Council,Public Hearing Action,Public-Hearing,,procedural,pass,,,,voice,Voice Pass,crosswalk,high,761
meeting_minutes,meeting_minutes/minutes/2023/2023-01-09/2023-01-10_city-council-special-meeting.md,3,2023-01-10,Council,Resolution,Resolution,,final-action,pass,5,1,,roll-call,5-1 Pass,crosswalk,high,762
meeting_minutes,meeting_minutes/minutes/2023/2023-01-09/2023-01-10_city-council-special-meeting.md,4,2023-01-10,Council,Public Hearing Action,Public-Hearing,,procedural,pass,,,,voice,Voice Pass,crosswalk,high,763
meeting_minutes,meeting_minutes/minutes/2023/2023-01-09/2023-01-10_city-council-special-meeting.md,5,2023-01-10,Council,Resolution,Resolution,,final-action,pass,4,3,,roll-call,4-3 Pass,crosswalk,high,764
meeting_minutes,meeting_minutes/minutes/2023/2023-01-09/2023-01-10_city-council-special-meeting.md,6,2023-01-10,Council,Resolution,Resolution,,final-action,pass,5,2,,roll-call,5-2 Pass,crosswalk,high,765
meeting_minutes,meeting_minutes/minutes/2023/2023-01-09/2023-01-10_city-council-special-meeting.md,7,2023-01-10,Council,Procedural/Administrative,Procedural-Administrative,,procedural,pass,,,,voice,Voice Pass,crosswalk,high,766
meeting_minutes,meeting_minutes/minutes/2023/2023-01-16/2023-01-17_city-council-meeting.md,1,2023-01-17,Council,Public Hearing Action,Public-Hearing,,procedural,pass,,,,voice,Voice Pass,crosswalk,high,767
meeting_minutes,meeting_minutes/minutes/2023/2023-01-16/2023-01-17_city-council-meeting.md,2,2023-01-17,Council,Ordinance,Ordinance,,final-action,pass,7,0,,roll-call,7-0 Pass,crosswalk,high,768
meeting_minutes,meeting_minutes/minutes/2023/2023-01-16/2023-01-17_city-council-meeting.md,3,2023-01-17,Council,Ordinance,Budget,,final-action,pass,7,0,,roll-call,7-0 Pass,rule:budget,high,769
meeting_minutes,meeting_minutes/minutes/2023/2023-01-16/2023-01-17_city-council-meeting.md,4,2023-01-17,Council,Resolution,Contract-Purchase,,final-action,pass,6,1,,roll-call,6-1 Pass,rule:contract,high,770
meeting_minutes,meeting_minutes/minutes/2023/2023-01-16/2023-01-17_city-council-meeting.md,5,2023-01-17,Council,Procedural/Administrative,Procedural-Administrative,,procedural,pass,,,,voice,Voice Pass,crosswalk,high,771
meeting_minutes,pmn_backfill/minutes/2023-01-17_redevelopment-agency-special-meeting.md,1,2023-01-17,RDA,Public Hearing Action,Public-Hearing,,procedural,pass,,,,voice,Voice Pass,crosswalk,high,772
meeting_minutes,pmn_backfill/minutes/2023-01-17_redevelopment-agency-special-meeting.md,2,2023-01-17,RDA,Resolution,Budget,,final-action,pass,7,0,,roll-call,7-0 Pass,rule:budget,high,773
meeting_minutes,pmn_backfill/minutes/2023-01-17_redevelopment-agency-special-meeting.md,3,2023-01-17,RDA,Resolution,Contract-Purchase,,final-action,pass,6,1,,roll-call,6-1 Pass,rule:contract,high,774
meeting_minutes,pmn_backfill/minutes/2023-01-17_redevelopment-agency-special-meeting.md,4,2023-01-17,RDA,Resolution,Resolution,,final-action,pass,5,2,,roll-call,5-2 Pass,crosswalk,medium,775
meeting_minutes,pmn_backfill/minutes/2023-01-17_redevelopment-agency-special-meeting.md,5,2023-01-17,RDA,Resolution,Land-Use,Development-Agreement,final-action,pass,5,2,,roll-call,5-2 Pass,rule:lu-devagr,high,776
meeting_minutes,pmn_backfill/minutes/2023-01-17_redevelopment-agency-special-meeting.md,6,2023-01-17,RDA,Procedural/Administrative,Procedural-Administrative,,procedural,pass,,,,voice,Voice Pass,crosswalk,high,777
meeting_minutes,meeting_minutes/minutes/2023/2023-01-30/2023-02-02_city-council-meeting.md,1,2023-02-02,Council,Procedural/Administrative,Procedural-Administrative,,procedural,pass,6,0,,roll-call,6-0 Pass,crosswalk,high,778
meeting_minutes,meeting_minutes/minutes/2023/2023-01-30/2023-02-02_city-council-meeting.md,2,2023-02-02,Council,Procedural/Administrative,Procedural-Administrative,,procedural,pass,,,,voice,Voice Pass,crosswalk,high,779
meeting_minutes,meeting_minutes/minutes/2023/2023-02-06/2023-02-07_city-council-meeting.md,1,2023-02-07,Council,Appointment,Appointment,,final-action,pass,,,,voice,Voice Pass,crosswalk,high,780
meeting_minutes,meeting_minutes/minutes/2023/2023-02-06/2023-02-07_city-council-meeting.md,2,2023-02-07,Council,Resolution,Resolution,,final-action,pass,7,0,,roll-call,7-0 Pass,crosswalk,medium,781
meeting_minutes,meeting_minutes/minutes/2023/2023-02-06/2023-02-07_city-council-meeting.md,3,2023-02-07,Council,Resolution,Appointment,,final-action,pass,7,0,,roll-call,7-0 Pass,rule:appoint,high,782
meeting_minutes,meeting_minutes/minutes/2023/2023-02-06/2023-02-07_city-council-meeting.md,4,2023-02-07,Council,Ordinance,Ordinance,,procedural,pass,6,1,,roll-call,6-1 Pass,crosswalk,high,783
meeting_minutes,meeting_minutes/minutes/2023/2023-02-06/2023-02-07_city-council-meeting.md,5,2023-02-07,Council,Ordinance,Land-Use,General-Plan-Amendment,final-action,pass,7,0,,roll-call,7-0 Pass,rule:lu-gpa,high,784
meeting_minutes,meeting_minutes/minutes/2023/2023-02-06/2023-02-07_city-council-meeting.md,6,2023-02-07,Council,Ordinance,Ordinance,,final-action,pass,,,,voice,Voice Pass,crosswalk,medium,785
meeting_minutes,meeting_minutes/minutes/2023/2023-02-06/2023-02-07_city-council-meeting.md,7,2023-02-07,Council,Ordinance,Ordinance,,final-action,pass,5,2,,roll-call,5-2 Pass,crosswalk,high,786
meeting_minutes,meeting_minutes/minutes/2023/2023-02-06/2023-02-07_city-council-meeting.md,8,2023-02-07,Council,Procedural/Administrative,Procedural-Administrative,,procedural,pass,,,,voice,Voice Pass,crosswalk,high,787
meeting_minutes,meeting_minutes/minutes/2023/2023-02-20/2023-02-21_city-council-meeting.md,1,2023-02-21,Council,Appointment,Appointment,,final-action,pass,,,,voice,Voice Pass,crosswalk,high,788
meeting_minutes,meeting_minutes/minutes/2023/2023-02-20/2023-02-21_city-council-meeting.md,2,2023-02-21,Council,Appointment,Appointment,,final-action,pass,,,,voice,Voice Pass,crosswalk,high,789
meeting_minutes,meeting_minutes/minutes/2023/2023-02-20/2023-02-21_city-council-meeting.md,3,2023-02-21,Council,Appointment,Appointment,,final-action,pass,,,,voice,Voice Pass,crosswalk,high,790
meeting_minutes,meeting_minutes/minutes/2023/2023-02-20/2023-02-21_city-council-meeting.md,4,2023-02-21,Council,Appointment,Appointment,,final-action,pass,,,,voice,Voice Pass,crosswalk,high,791
meeting_minutes,meeting_minutes/minutes/2023/2023-02-20/2023-02-21_city-council-meeting.md,5,2023-02-21,Council,Appointment,Appointment,,final-action,pass,,,,voice,Voice Pass,crosswalk,high,792
meeting_minutes,meeting_minutes/minutes/2023/2023-02-20/2023-02-21_city-council-meeting.md,6,2023-02-21,Council,Appointment,Appointment,,final-action,pass,,,,voice,Voice Pass,crosswalk,high,793
meeting_minutes,meeting_minutes/minutes/2023/2023-02-20/2023-02-21_city-council-meeting.md,7,2023-02-21,Council,Ordinance,Land-Use,Rezone,final-action,pass,4,2,,roll-call,4-2 Pass,rule:lu-rezone,high,794
meeting_minutes,meeting_minutes/minutes/2023/2023-02-20/2023-02-21_city-council-meeting.md,8,2023-02-21,Council,Procedural/Administrative,Procedural-Administrative,,procedural,pass,,,,voice,Voice Pass,crosswalk,high,795
meeting_minutes,meeting_minutes/minutes/2023/2023-03-06/2023-03-07_city-council-meeting.md,1,2023-03-07,Council,Procedural/Administrative,Procedural-Administrative,,procedural,pass,,,,voice,Voice Pass,crosswalk,high,796
meeting_minutes,meeting_minutes/minutes/2023/2023-03-06/2023-03-07_city-council-meeting.md,2,2023-03-07,Council,Appointment,Appointment,,final-action,pass,,,,voice,Voice Pass,crosswalk,high,797
meeting_minutes,meeting_minutes/minutes/2023/2023-03-06/2023-03-07_city-council-meeting.md,3,2023-03-07,Council,Public Hearing Action,Public-Hearing,,procedural,pass,,,,voice,Voice Pass,crosswalk,high,798
meeting_minutes,meeting_minutes/minutes/2023/2023-03-06/2023-03-07_city-council-meeting.md,4,2023-03-07,Council,Ordinance,Ordinance,,final-action,pass,7,0,,roll-call,7-0 Pass,crosswalk,high,799
meeting_minutes,meeting_minutes/minutes/2023/2023-03-06/2023-03-07_city-council-meeting.md,5,2023-03-07,Council,Public Hearing Action,Public-Hearing,,procedural,pass,,,,voice,Voice Pass,crosswalk,high,800
meeting_minutes,meeting_minutes/minutes/2023/2023-03-06/2023-03-07_city-council-meeting.md,6,2023-03-07,Council,Ordinance,Budget,,final-action,pass,7,0,,roll-call,7-0 Pass,rule:budget,high,801
meeting_minutes,meeting_minutes/minutes/2023/2023-03-06/2023-03-07_city-council-meeting.md,7,2023-03-07,Council,Resolution,Contract-Purchase,,final-action,pass,7,0,,roll-call,7-0 Pass,rule:contract,high,802
meeting_minutes,meeting_minutes/minutes/2023/2023-03-06/2023-03-07_city-council-meeting.md,8,2023-03-07,Council,Resolution,Contract-Purchase,,final-action,fail,2,5,,roll-call,2-5 Fail,rule:contract,high,803
meeting_minutes,meeting_minutes/minutes/2023/2023-03-06/2023-03-07_city-council-meeting.md,9,2023-03-07,Council,Resolution,Resolution,,final-action,pass,7,0,,roll-call,7-0 Pass,crosswalk,high,804
meeting_minutes,meeting_minutes/minutes/2023/2023-03-06/2023-03-07_city-council-meeting.md,10,2023-03-07,Council,Procedural/Administrative,Procedural-Administrative,,procedural,pass,,,,voice,Voice Pass,crosswalk,high,805
meeting_minutes,meeting_minutes/minutes/2023/2023-03-13/2023-03-14_city-council-meeting.md,1,2023-03-14,Council,Public Hearing Action,Public-Hearing,,procedural,pass,,,,voice,Voice Pass,crosswalk,high,806
meeting_minutes,meeting_minutes/minutes/2023/2023-03-13/2023-03-14_city-council-meeting.md,2,2023-03-14,Council,Ordinance,Ordinance,,final-action,pass,7,0,,roll-call,7-0 Pass,crosswalk,high,807
meeting_minutes,meeting_minutes/minutes/2023/2023-03-13/2023-03-14_city-council-meeting.md,3,2023-03-14,Council,Ordinance,Ordinance,,final-action,pass,,,,voice,Voice Pass,crosswalk,high,808
meeting_minutes,meeting_minutes/minutes/2023/2023-03-13/2023-03-14_city-council-meeting.md,4,2023-03-14,Council,Procedural/Administrative,Procedural-Administrative,,procedural,pass,,,,voice,Voice Pass,crosswalk,high,809
meeting_minutes,meeting_minutes/minutes/2023/2023-03-20/2023-03-21_city-council-meeting.md,1,2023-03-21,Council,Resolution,Resolution,,final-action,pass,7,0,,roll-call,7-0 Pass,crosswalk,high,810
meeting_minutes,meeting_minutes/minutes/2023/2023-03-20/2023-03-21_city-council-meeting.md,2,2023-03-21,Council,Appointment,Appointment,,final-action,pass,,,,voice,Voice Pass,crosswalk,high,811
meeting_minutes,meeting_minutes/minutes/2023/2023-03-20/2023-03-21_city-council-meeting.md,3,2023-03-21,Council,Procedural/Administrative,Procedural-Administrative,,procedural,unknown,,,,unknown,Recorded,crosswalk,high,812
meeting_minutes,meeting_minutes/minutes/2023/2023-04-03/2023-04-04_city-council-meeting.md,1,2023-04-04,Council,Appointment,Appointment,,final-action,pass,,,,voice,Voice Pass,crosswalk,high,813
meeting_minutes,meeting_minutes/minutes/2023/2023-04-03/2023-04-04_city-council-meeting.md,2,2023-04-04,Council,Ordinance,Ordinance,,final-action,pass,7,0,,roll-call,7-0 Pass,crosswalk,medium,814
meeting_minutes,meeting_minutes/minutes/2023/2023-04-03/2023-04-04_city-council-meeting.md,3,2023-04-04,Council,Procedural/Administrative,Procedural-Administrative,,procedural,pass,,,,voice,Voice Pass,crosswalk,high,815
meeting_minutes,meeting_minutes/minutes/2023/2023-04-10/2023-04-11_city-council-meeting.md,1,2023-04-11,Council,Appointment,Appointment,,final-action,pass,,,,voice,Voice Pass,crosswalk,high,816
meeting_minutes,meeting_minutes/minutes/2023/2023-04-10/2023-04-11_city-council-meeting.md,2,2023-04-11,Council,Land-Use/Zoning,Land-Use,Other-Land-Use,final-action,unknown,,,,unknown,Recorded,crosswalk,high,817
meeting_minutes,meeting_minutes/minutes/2023/2023-04-10/2023-04-11_city-council-meeting.md,3,2023-04-11,Council,Ordinance,Ordinance,,final-action,pass,7,0,,roll-call,7-0 Pass,crosswalk,high,818
meeting_minutes,meeting_minutes/minutes/2023/2023-04-10/2023-04-11_city-council-meeting.md,4,2023-04-11,Council,Ordinance,Land-Use,Rezone,final-action,pass,6,1,,roll-call,6-1 Pass,rule:lu-rezone,high,819
meeting_minutes,meeting_minutes/minutes/2023/2023-04-10/2023-04-11_city-council-meeting.md,5,2023-04-11,Council,Ordinance,Land-Use,Rezone,final-action,pass,7,0,,roll-call,7-0 Pass,rule:lu-rezone,high,820
meeting_minutes,meeting_minutes/minutes/2023/2023-04-10/2023-04-11_city-council-meeting.md,6,2023-04-11,Council,Ordinance,Land-Use,Rezone,final-action,unknown,,,,unknown,Recorded,rule:lu-rezone,high,821
meeting_minutes,meeting_minutes/minutes/2023/2023-04-10/2023-04-11_city-council-meeting.md,7,2023-04-11,Council,Ordinance,Land-Use,Rezone,final-action,pass,7,0,,roll-call,7-0 Pass,rule:lu-rezone,high,822
meeting_minutes,meeting_minutes/minutes/2023/2023-04-10/2023-04-11_city-council-meeting.md,8,2023-04-11,Council,Ordinance,Land-Use,Rezone,final-action,pass,7,0,,roll-call,7-0 Pass,rule:lu-rezone,high,823
meeting_minutes,meeting_minutes/minutes/2023/2023-04-10/2023-04-11_city-council-meeting.md,9,2023-04-11,Council,Ordinance,Land-Use,Rezone,final-action,pass,7,0,,roll-call,7-0 Pass,rule:lu-rezone,high,824
meeting_minutes,meeting_minutes/minutes/2023/2023-04-10/2023-04-11_city-council-meeting.md,10,2023-04-11,Council,Procedural/Administrative,Procedural-Administrative,,procedural,pass,,,,voice,Voice Pass,crosswalk,high,825
meeting_minutes,meeting_minutes/minutes/2023/2023-04-17/2023-04-18_city-council-meeting.md,1,2023-04-18,Council,Procedural/Administrative,Procedural-Administrative,,procedural,unknown,,,,unknown,Recorded,crosswalk,high,826
meeting_minutes,meeting_minutes/minutes/2023/2023-05-01/2023-05-02_city-council-meeting.md,1,2023-05-02,Council,Appointment,Appointment,,final-action,pass,7,0,,roll-call,7-0 Pass,crosswalk,high,827
meeting_minutes,meeting_minutes/minutes/2023/2023-05-01/2023-05-02_city-council-meeting.md,2,2023-05-02,Council,Resolution,Budget,,final-action,pass,7,0,,roll-call,7-0 Pass,rule:budget,high,828
meeting_minutes,meeting_minutes/minutes/2023/2023-05-01/2023-05-02_city-council-meeting.md,3,2023-05-02,Council,Resolution,Resolution,,final-action,pass,7,0,,roll-call,7-0 Pass,crosswalk,high,829
meeting_minutes,meeting_minutes/minutes/2023/2023-05-01/2023-05-02_city-council-meeting.md,4,2023-05-02,Council,Other,Budget,,final-action,pass,,,,voice,Voice Pass,rule:budget,high,830
meeting_minutes,meeting_minutes/minutes/2023/2023-05-01/2023-05-02_city-council-meeting.md,5,2023-05-02,Council,Procedural/Administrative,Procedural-Administrative,,procedural,pass,,,,voice,Voice Pass,crosswalk,high,831
meeting_minutes,meeting_minutes/minutes/2023/2023-05-08/2023-05-09_city-council-special-meeting.md,1,2023-05-09,Council,Public Hearing Action,Public-Hearing,,procedural,pass,,,,voice,Voice Pass,crosswalk,high,832
meeting_minutes,meeting_minutes/minutes/2023/2023-05-08/2023-05-09_city-council-special-meeting.md,2,2023-05-09,Council,Resolution,Resolution,,final-action,pass,7,0,,roll-call,7-0 Pass,crosswalk,high,833
meeting_minutes,meeting_minutes/minutes/2023/2023-05-08/2023-05-09_city-council-special-meeting.md,3,2023-05-09,Council,Procedural/Administrative,Procedural-Administrative,,procedural,pass,,,,voice,Voice Pass,crosswalk,high,834
meeting_minutes,meeting_minutes/minutes/2023/2023-05-15/2023-05-16_city-council-meeting.md,1,2023-05-16,Council,Other,Procedural-Administrative,,procedural,pass,,,,voice,Voice Pass,rule:proc-agenda,high,835
meeting_minutes,meeting_minutes/minutes/2023/2023-05-15/2023-05-16_city-council-meeting.md,2,2023-05-16,Council,Ordinance,Ordinance,,final-action,pass,7,0,,roll-call,7-0 Pass,crosswalk,high,836
meeting_minutes,meeting_minutes/minutes/2023/2023-05-15/2023-05-16_city-council-meeting.md,3,2023-05-16,Council,Procedural/Administrative,Procedural-Administrative,,procedural,pass,,,,voice,Voice Pass,crosswalk,high,837
meeting_minutes,meeting_minutes/minutes/2023/2023-05-15/2023-05-16_city-council-meeting.md,4,2023-05-16,Council,Public Hearing Action,Public-Hearing,,procedural,pass,,,,voice,Voice Pass,crosswalk,high,838
meeting_minutes,meeting_minutes/minutes/2023/2023-05-15/2023-05-16_city-council-meeting.md,5,2023-05-16,Council,Ordinance,Budget,,final-action,pass,7,0,,roll-call,7-0 Pass,rule:budget,high,839
meeting_minutes,meeting_minutes/minutes/2023/2023-05-15/2023-05-16_city-council-meeting.md,6,2023-05-16,Council,Ordinance,Public-Hearing,,procedural,pass,,,,voice,Voice Pass,rule:ph-openclose,high,840
meeting_minutes,meeting_minutes/minutes/2023/2023-05-15/2023-05-16_city-council-meeting.md,7,2023-05-16,Council,Procedural/Administrative,Procedural-Administrative,,procedural,pass,,,,voice,Voice Pass,crosswalk,high,841
meeting_minutes,meeting_minutes/minutes/2023/2023-05-22/2023-05-23_city-council-meeting.md,1,2023-05-23,Council,Appointment,Appointment,,final-action,pass,,,,voice,Voice Pass,crosswalk,high,842
meeting_minutes,meeting_minutes/minutes/2023/2023-05-22/2023-05-23_city-council-meeting.md,2,2023-05-23,Council,Public Hearing Action,Public-Hearing,,procedural,pass,,,,voice,Voice Pass,crosswalk,high,843
meeting_minutes,meeting_minutes/minutes/2023/2023-05-22/2023-05-23_city-council-meeting.md,3,2023-05-23,Council,Resolution,Public-Hearing,,procedural,pass,3,0,,roll-call,3-0 Pass,rule:ph-openclose,high,844
meeting_minutes,meeting_minutes/minutes/2023/2023-05-22/2023-05-23_city-council-meeting.md,4,2023-05-23,Council,Resolution,Public-Hearing,,procedural,pass,7,0,,roll-call,7-0 Pass,rule:ph-openclose,high,845
meeting_minutes,meeting_minutes/minutes/2023/2023-05-22/2023-05-23_city-council-meeting.md,5,2023-05-23,Council,Ordinance,Land-Use,Rezone,final-action,pass,6,0,,roll-call,6-0 Pass,rule:lu-rezone,high,846
meeting_minutes,meeting_minutes/minutes/2023/2023-05-22/2023-05-23_city-council-meeting.md,6,2023-05-23,Council,Ordinance,Land-Use,Rezone,final-action,pass,5,0,,roll-call,5-0 Pass,rule:lu-rezone,high,847
meeting_minutes,meeting_minutes/minutes/2023/2023-05-22/2023-05-23_city-council-meeting.md,7,2023-05-23,Council,Procedural/Administrative,Procedural-Administrative,,procedural,pass,6,0,,roll-call,6-0 Pass,crosswalk,high,848
meeting_minutes,meeting_minutes/minutes/2023/2023-05-22/2023-05-23_city-council-meeting.md,8,2023-05-23,Council,Procedural/Administrative,Procedural-Administrative,,procedural,pass,,,,voice,Voice Pass,crosswalk,high,849
meeting_minutes,meeting_minutes/minutes/2023/2023-06-05/2023-06-06_city-council-meeting.md,1,2023-06-06,Council,Resolution,Public-Hearing,,procedural,pass,,,,voice,Voice Pass,rule:ph-openclose,high,850
meeting_minutes,meeting_minutes/minutes/2023/2023-06-05/2023-06-06_city-council-meeting.md,2,2023-06-06,Council,Resolution,Public-Hearing,,procedural,pass,,,,voice,Voice Pass,rule:ph-openclose,high,851
meeting_minutes,meeting_minutes/minutes/2023/2023-06-05/2023-06-06_city-council-meeting.md,3,2023-06-06,Council,Ordinance,Public-Hearing,,procedural,pass,,,,voice,Voice Pass,rule:ph-openclose,high,852
meeting_minutes,meeting_minutes/minutes/2023/2023-06-05/2023-06-06_city-council-meeting.md,4,2023-06-06,Council,Public Hearing Action,Public-Hearing,,procedural,pass,,,,voice,Voice Pass,crosswalk,high,853
meeting_minutes,meeting_minutes/minutes/2023/2023-06-05/2023-06-06_city-council-meeting.md,5,2023-06-06,Council,Ordinance,Budget,,final-action,pass,6,0,,roll-call,6-0 Pass,rule:budget,high,854
meeting_minutes,meeting_minutes/minutes/2023/2023-06-05/2023-06-06_city-council-meeting.md,6,2023-06-06,Council,Ordinance,Public-Hearing,,procedural,pass,,,,voice,Voice Pass,rule:ph-openclose,high,855
meeting_minutes,meeting_minutes/minutes/2023/2023-06-05/2023-06-06_city-council-meeting.md,7,2023-06-06,Council,Ordinance,Public-Hearing,,procedural,pass,,,,voice,Voice Pass,rule:ph-openclose,high,856
meeting_minutes,meeting_minutes/minutes/2023/2023-06-05/2023-06-06_city-council-meeting.md,8,2023-06-06,Council,Resolution,Resolution,,procedural,pass,4,0,,roll-call,4-0 Pass,crosswalk,high,857
meeting_minutes,meeting_minutes/minutes/2023/2023-06-05/2023-06-06_city-council-meeting.md,9,2023-06-06,Council,Resolution,Interlocal,,final-action,pass,6,0,,roll-call,6-0 Pass,rule:interlocal,high,858
meeting_minutes,meeting_minutes/minutes/2023/2023-06-05/2023-06-06_city-council-meeting.md,10,2023-06-06,Council,Ordinance,Ordinance,,final-action,pass,6,0,,roll-call,6-0 Pass,crosswalk,high,859
meeting_minutes,meeting_minutes/minutes/2023/2023-06-05/2023-06-06_city-council-meeting.md,11,2023-06-06,Council,Procedural/Administrative,Procedural-Administrative,,procedural,pass,,,,voice,Voice Pass,crosswalk,high,860
meeting_minutes,pmn_backfill/minutes/2023-06-06_redevelopment-agency-special-meeting.md,1,2023-06-06,RDA,Public Hearing Action,Public-Hearing,,procedural,pass,,,,voice,Voice Pass,crosswalk,high,861
meeting_minutes,pmn_backfill/minutes/2023-06-06_redevelopment-agency-special-meeting.md,2,2023-06-06,RDA,Resolution,Budget,,final-action,pass,5,1,,roll-call,5-1 Pass,rule:budget,high,862
meeting_minutes,pmn_backfill/minutes/2023-06-06_redevelopment-agency-special-meeting.md,3,2023-06-06,RDA,Resolution,Interlocal,,final-action,pass,5,1,,roll-call,5-1 Pass,rule:interlocal,high,863
meeting_minutes,pmn_backfill/minutes/2023-06-06_redevelopment-agency-special-meeting.md,4,2023-06-06,RDA,Resolution,Interlocal,,final-action,pass,5,1,,roll-call,5-1 Pass,rule:interlocal,high,864
meeting_minutes,pmn_backfill/minutes/2023-06-06_redevelopment-agency-special-meeting.md,5,2023-06-06,RDA,Resolution,Interlocal,,final-action,pass,5,1,,roll-call,5-1 Pass,rule:interlocal,high,865
meeting_minutes,pmn_backfill/minutes/2023-06-06_redevelopment-agency-special-meeting.md,6,2023-06-06,RDA,Resolution,Interlocal,,final-action,pass,5,1,,roll-call,5-1 Pass,rule:interlocal,high,866
meeting_minutes,pmn_backfill/minutes/2023-06-06_redevelopment-agency-special-meeting.md,7,2023-06-06,RDA,Procedural/Administrative,Procedural-Administrative,,procedural,pass,,,,voice,Voice Pass,crosswalk,high,867
meeting_minutes,meeting_minutes/minutes/2023/2023-06-12/2023-06-13_city-council-special-meeting.md,1,2023-06-13,Council,Procedural/Administrative,Procedural-Administrative,,procedural,pass,5,0,,roll-call,5-0 Pass,crosswalk,high,868
meeting_minutes,meeting_minutes/minutes/2023/2023-06-12/2023-06-13_city-council-special-meeting.md,2,2023-06-13,Council,Procedural/Administrative,Procedural-Administrative,,procedural,pass,,,,voice,Voice Pass,crosswalk,high,869
meeting_minutes,meeting_minutes/minutes/2023/2023-06-19/2023-06-20_city-council-meeting.md,1,2023-06-20,Council,Public Hearing Action,Public-Hearing,,procedural,pass,,,,voice,Voice Pass,crosswalk,high,870
meeting_minutes,meeting_minutes/minutes/2023/2023-06-19/2023-06-20_city-council-meeting.md,2,2023-06-20,Council,Ordinance,Budget,,final-action,pass,7,0,,roll-call,7-0 Pass,rule:budget,high,871
meeting_minutes,meeting_minutes/minutes/2023/2023-06-19/2023-06-20_city-council-meeting.md,3,2023-06-20,Council,Ordinance,Budget,,final-action,pass,7,0,,roll-call,7-0 Pass,rule:budget,high,872
meeting_minutes,meeting_minutes/minutes/2023/2023-06-19/2023-06-20_city-council-meeting.md,4,2023-06-20,Council,Public Hearing Action,Public-Hearing,,procedural,pass,,,,voice,Voice Pass,crosswalk,high,873
meeting_minutes,meeting_minutes/minutes/2023/2023-06-19/2023-06-20_city-council-meeting.md,5,2023-06-20,Council,Other,Public-Hearing,,procedural,pass,,,,voice,Voice Pass,rule:ph-openclose,high,874
meeting_minutes,meeting_minutes/minutes/2023/2023-06-19/2023-06-20_city-council-meeting.md,6,2023-06-20,Council,Ordinance,Ordinance,,final-action,pass,7,0,,roll-call,7-0 Pass,crosswalk,high,875
meeting_minutes,meeting_minutes/minutes/2023/2023-06-19/2023-06-20_city-council-meeting.md,7,2023-06-20,Council,Public Hearing Action,Public-Hearing,,procedural,pass,,,,voice,Voice Pass,crosswalk,high,876
meeting_minutes,meeting_minutes/minutes/2023/2023-06-19/2023-06-20_city-council-meeting.md,8,2023-06-20,Council,Ordinance,Ordinance,,final-action,pass,7,0,,roll-call,7-0 Pass,crosswalk,high,877
meeting_minutes,meeting_minutes/minutes/2023/2023-06-19/2023-06-20_city-council-meeting.md,9,2023-06-20,Council,Resolution,Resolution,,final-action,pass,4,0,,roll-call,4-0 Pass,crosswalk,high,878
meeting_minutes,meeting_minutes/minutes/2023/2023-06-19/2023-06-20_city-council-meeting.md,10,2023-06-20,Council,Public Hearing Action,Public-Hearing,,procedural,pass,,,,voice,Voice Pass,crosswalk,high,879
meeting_minutes,meeting_minutes/minutes/2023/2023-06-19/2023-06-20_city-council-meeting.md,11,2023-06-20,Council,Ordinance,Ordinance,,final-action,pass,7,0,,roll-call,7-0 Pass,crosswalk,high,880
meeting_minutes,meeting_minutes/minutes/2023/2023-06-19/2023-06-20_city-council-meeting.md,12,2023-06-20,Council,Ordinance,Ordinance,,final-action,pass,7,0,,roll-call,7-0 Pass,crosswalk,high,881
meeting_minutes,meeting_minutes/minutes/2023/2023-06-19/2023-06-20_city-council-meeting.md,13,2023-06-20,Council,Ordinance,Budget,,final-action,pass,7,0,,roll-call,7-0 Pass,rule:budget,high,882
meeting_minutes,meeting_minutes/minutes/2023/2023-06-19/2023-06-20_city-council-meeting.md,14,2023-06-20,Council,Ordinance,Ordinance,,final-action,pass,7,0,,roll-call,7-0 Pass,crosswalk,high,883
meeting_minutes,meeting_minutes/minutes/2023/2023-06-19/2023-06-20_city-council-meeting.md,15,2023-06-20,Council,Resolution,Budget,,final-action,pass,4,0,,roll-call,4-0 Pass,rule:budget,high,884
meeting_minutes,meeting_minutes/minutes/2023/2023-06-19/2023-06-20_city-council-meeting.md,16,2023-06-20,Council,Ordinance,Ordinance,,final-action,pass,7,0,,roll-call,7-0 Pass,crosswalk,high,885
meeting_minutes,meeting_minutes/minutes/2023/2023-06-19/2023-06-20_city-council-meeting.md,17,2023-06-20,Council,Ordinance,Budget,,final-action,pass,7,0,,roll-call,7-0 Pass,rule:budget,high,886
meeting_minutes,meeting_minutes/minutes/2023/2023-06-19/2023-06-20_city-council-meeting.md,18,2023-06-20,Council,Procedural/Administrative,Procedural-Administrative,,procedural,pass,7,0,,roll-call,7-0 Pass,crosswalk,high,887
meeting_minutes,meeting_minutes/minutes/2023/2023-06-19/2023-06-20_city-council-meeting.md,19,2023-06-20,Council,Procedural/Administrative,Procedural-Administrative,,procedural,pass,,,,voice,Voice Pass,crosswalk,high,888
meeting_minutes,meeting_minutes/minutes/2023/2023-07-10/2023-07-11_city-council-special-meeting.md,1,2023-07-11,Council,Procedural/Administrative,Procedural-Administrative,,procedural,pass,,,,voice,Voice Pass,crosswalk,high,889
meeting_minutes,meeting_minutes/minutes/2023/2023-07-10/2023-07-11_city-council-special-meeting.md,2,2023-07-11,Council,Ordinance,Public-Hearing,,procedural,pass,,,,voice,Voice Pass,rule:ph-openclose,high,890
meeting_minutes,meeting_minutes/minutes/2023/2023-07-10/2023-07-11_city-council-special-meeting.md,3,2023-07-11,Council,Ordinance,Public-Hearing,,procedural,pass,,,,voice,Voice Pass,rule:ph-openclose,high,891
meeting_minutes,meeting_minutes/minutes/2023/2023-07-10/2023-07-11_city-council-special-meeting.md,4,2023-07-11,Council,Appointment,Appointment,,final-action,pass,,,,voice,Voice Pass,crosswalk,high,892
meeting_minutes,meeting_minutes/minutes/2023/2023-07-10/2023-07-11_city-council-special-meeting.md,5,2023-07-11,Council,Ordinance,Ordinance,,final-action,pass,7,0,,roll-call,7-0 Pass,crosswalk,medium,893
meeting_minutes,meeting_minutes/minutes/2023/2023-07-10/2023-07-11_city-council-special-meeting.md,6,2023-07-11,Council,Ordinance,Land-Use,Rezone,final-action,pass,7,0,,roll-call,7-0 Pass,rule:lu-rezone,high,894
meeting_minutes,meeting_minutes/minutes/2023/2023-07-10/2023-07-11_city-council-special-meeting.md,7,2023-07-11,Council,Appointment,Appointment,,final-action,pass,,,,voice,Voice Pass,crosswalk,high,895
meeting_minutes,meeting_minutes/minutes/2023/2023-07-10/2023-07-11_city-council-special-meeting.md,8,2023-07-11,Council,Procedural/Administrative,Procedural-Administrative,,procedural,pass,,,,voice,Voice Pass,crosswalk,high,896
meeting_minutes,pmn_backfill/minutes/2023-07-11_redevelopment-agency-meeting.md,1,2023-07-11,RDA,Procedural/Administrative,Procedural-Administrative,,procedural,pass,,,,voice,Voice Pass,crosswalk,high,897
meeting_minutes,pmn_backfill/minutes/2023-07-11_redevelopment-agency-meeting.md,2,2023-07-11,RDA,Procedural/Administrative,Procedural-Administrative,,procedural,pass,7,0,,roll-call,7-0 Pass,crosswalk,high,898
meeting_minutes,pmn_backfill/minutes/2023-07-11_redevelopment-agency-meeting.md,3,2023-07-11,RDA,Procedural/Administrative,Procedural-Administrative,,procedural,pass,,,,voice,Voice Pass,crosswalk,high,899
meeting_minutes,meeting_minutes/minutes/2023/2023-07-17/2023-07-18_city-council-meeting.md,1,2023-07-18,Council,Procedural/Administrative,Procedural-Administrative,,procedural,pass,,,,voice,Voice Pass,crosswalk,high,900
meeting_minutes,meeting_minutes/minutes/2023/2023-07-17/2023-07-18_city-council-meeting.md,2,2023-07-18,Council,Appointment,Appointment,,final-action,unknown,,,,unknown,Recorded,crosswalk,high,901
meeting_minutes,meeting_minutes/minutes/2023/2023-07-17/2023-07-18_city-council-meeting.md,3,2023-07-18,Council,Appointment,Appointment,,final-action,unknown,,,,unknown,Recorded,crosswalk,high,902
meeting_minutes,meeting_minutes/minutes/2023/2023-07-17/2023-07-18_city-council-meeting.md,4,2023-07-18,Council,Appointment,Appointment,,final-action,pass,,,,voice,Voice Pass,crosswalk,high,903
meeting_minutes,meeting_minutes/minutes/2023/2023-07-17/2023-07-18_city-council-meeting.md,5,2023-07-18,Council,Appointment,Appointment,,final-action,pass,,,,voice,Voice Pass,crosswalk,high,904
meeting_minutes,meeting_minutes/minutes/2023/2023-07-17/2023-07-18_city-council-meeting.md,6,2023-07-18,Council,Public Hearing Action,Public-Hearing,,procedural,pass,,,,voice,Voice Pass,crosswalk,high,905
meeting_minutes,meeting_minutes/minutes/2023/2023-07-17/2023-07-18_city-council-meeting.md,7,2023-07-18,Council,Ordinance,Ordinance,,final-action,pass,6,0,,roll-call,6-0 Pass,crosswalk,high,906
meeting_minutes,meeting_minutes/minutes/2023/2023-07-17/2023-07-18_city-council-meeting.md,8,2023-07-18,Council,Ordinance,Ordinance,,final-action,pass,6,0,,roll-call,6-0 Pass,crosswalk,high,907
meeting_minutes,meeting_minutes/minutes/2023/2023-07-17/2023-07-18_city-council-meeting.md,9,2023-07-18,Council,Ordinance,Ordinance,,final-action,pass,4,2,,roll-call,4-2 Pass,crosswalk,high,908
meeting_minutes,meeting_minutes/minutes/2023/2023-07-17/2023-07-18_city-council-meeting.md,10,2023-07-18,Council,Land-Use/Zoning,Land-Use,Other-Land-Use,final-action,pass,,,,voice,Voice Pass,crosswalk,medium,909
meeting_minutes,meeting_minutes/minutes/2023/2023-07-17/2023-07-18_city-council-meeting.md,11,2023-07-18,Council,Appointment,Appointment,,final-action,pass,6,0,,roll-call,6-0 Pass,crosswalk,high,910
meeting_minutes,meeting_minutes/minutes/2023/2023-07-17/2023-07-18_city-council-meeting.md,12,2023-07-18,Council,Procedural/Administrative,Procedural-Administrative,,procedural,unknown,,,,unknown,Recorded,crosswalk,high,911
meeting_minutes,meeting_minutes/minutes/2023/2023-07-31/2023-08-01_city-council-meeting.md,1,2023-08-01,Council,Ceremonial,Ceremonial,,final-action,unknown,,,,unknown,Recorded,crosswalk,high,912
meeting_minutes,meeting_minutes/minutes/2023/2023-07-31/2023-08-01_city-council-meeting.md,2,2023-08-01,Council,Resolution,Resolution,,final-action,pass,7,0,,roll-call,7-0 Pass,crosswalk,high,913
meeting_minutes,meeting_minutes/minutes/2023/2023-07-31/2023-08-01_city-council-meeting.md,3,2023-08-01,Council,Public Hearing Action,Public-Hearing,,procedural,pass,,,,voice,Voice Pass,crosswalk,high,914
meeting_minutes,meeting_minutes/minutes/2023/2023-07-31/2023-08-01_city-council-meeting.md,4,2023-08-01,Council,Ordinance,Ordinance,,final-action,pass,7,0,,roll-call,7-0 Pass,crosswalk,high,915
meeting_minutes,meeting_minutes/minutes/2023/2023-07-31/2023-08-01_city-council-meeting.md,5,2023-08-01,Council,Public Hearing Action,Public-Hearing,,procedural,pass,,,,voice,Voice Pass,crosswalk,high,916
meeting_minutes,meeting_minutes/minutes/2023/2023-07-31/2023-08-01_city-council-meeting.md,6,2023-08-01,Council,Ordinance,Ordinance,,final-action,pass,7,0,,roll-call,7-0 Pass,crosswalk,high,917
meeting_minutes,meeting_minutes/minutes/2023/2023-07-31/2023-08-01_city-council-meeting.md,7,2023-08-01,Council,Ordinance,Ordinance,,final-action,pass,6,0,,roll-call,6-0 Pass,crosswalk,high,918
meeting_minutes,meeting_minutes/minutes/2023/2023-07-31/2023-08-01_city-council-meeting.md,8,2023-08-01,Council,Procedural/Administrative,Procedural-Administrative,,procedural,pass,,,,voice,Voice Pass,crosswalk,high,919
meeting_minutes,meeting_minutes/minutes/2023/2023-08-14/2023-08-15_city-council-meeting.md,1,2023-08-15,Council,Appointment,Appointment,,final-action,pass,,,,voice,Voice Pass,crosswalk,high,920
meeting_minutes,meeting_minutes/minutes/2023/2023-08-14/2023-08-15_city-council-meeting.md,2,2023-08-15,Council,Ordinance,Ordinance,,procedural,pass,,,,voice,Voice Pass,crosswalk,high,921
meeting_minutes,meeting_minutes/minutes/2023/2023-08-14/2023-08-15_city-council-meeting.md,3,2023-08-15,Council,Procedural/Administrative,Procedural-Administrative,,procedural,unknown,,,,unknown,Recorded,crosswalk,high,922
meeting_minutes,pmn_backfill/minutes/2023-08-15_redevelopment-agency-special-meeting.md,1,2023-08-15,RDA,Procedural/Administrative,Procedural-Administrative,,procedural,pass,,,,voice,Voice Pass,crosswalk,high,923
meeting_minutes,pmn_backfill/minutes/2023-08-15_redevelopment-agency-special-meeting.md,2,2023-08-15,RDA,Resolution,Resolution,,final-action,pass,6,1,,roll-call,6-1 Pass,crosswalk,high,924
meeting_minutes,pmn_backfill/minutes/2023-08-15_redevelopment-agency-special-meeting.md,3,2023-08-15,RDA,Resolution,Resolution,,final-action,pass,6,1,,roll-call,6-1 Pass,crosswalk,high,925
meeting_minutes,pmn_backfill/minutes/2023-08-15_redevelopment-agency-special-meeting.md,4,2023-08-15,RDA,Public Hearing Action,Public-Hearing,,procedural,pass,,,,voice,Voice Pass,crosswalk,high,926
meeting_minutes,pmn_backfill/minutes/2023-08-15_redevelopment-agency-special-meeting.md,5,2023-08-15,RDA,Resolution,Budget,,final-action,pass,6,1,,roll-call,6-1 Pass,rule:budget,high,927
meeting_minutes,pmn_backfill/minutes/2023-08-15_redevelopment-agency-special-meeting.md,6,2023-08-15,RDA,Procedural/Administrative,Procedural-Administrative,,procedural,pass,,,,voice,Voice Pass,crosswalk,high,928
meeting_minutes,meeting_minutes/minutes/2023/2023-08-28/2023-08-29_city-council-meeting.md,1,2023-08-29,Council,Ordinance,Ordinance,,final-action,pass,,,,voice,Voice Pass,crosswalk,high,929
meeting_minutes,meeting_minutes/minutes/2023/2023-08-28/2023-08-29_city-council-meeting.md,2,2023-08-29,Council,Ordinance,Ordinance,,final-action,pass,6,0,,roll-call,6-0 Pass,crosswalk,high,930
meeting_minutes,meeting_minutes/minutes/2023/2023-08-28/2023-08-29_city-council-meeting.md,3,2023-08-29,Council,Procedural/Administrative,Procedural-Administrative,,procedural,pass,6,0,,roll-call,6-0 Pass,crosswalk,high,931
meeting_minutes,meeting_minutes/minutes/2023/2023-08-28/2023-08-29_city-council-meeting.md,4,2023-08-29,Council,Procedural/Administrative,Procedural-Administrative,,procedural,pass,,,,voice,Voice Pass,crosswalk,high,932
meeting_minutes,meeting_minutes/minutes/2023/2023-09-11/2023-09-12_city-council-meeting.md,1,2023-09-12,Council,Procedural/Administrative,Procedural-Administrative,,procedural,pass,,,,voice,Voice Pass,crosswalk,high,933
meeting_minutes,meeting_minutes/minutes/2023/2023-09-11/2023-09-12_city-council-meeting.md,2,2023-09-12,Council,Ordinance,Ordinance,,procedural,pass,,,,voice,Voice Pass,crosswalk,high,934
meeting_minutes,meeting_minutes/minutes/2023/2023-09-11/2023-09-12_city-council-meeting.md,3,2023-09-12,Council,Procedural/Administrative,Procedural-Administrative,,procedural,pass,,,,voice,Voice Pass,crosswalk,high,935
meeting_minutes,meeting_minutes/minutes/2023/2023-09-18/2023-09-19_board-of-canvassers.md,1,2023-09-19,Council,Other,Other,,final-action,unknown,,,,unknown,Recorded,rule:no-signal,low,936
meeting_minutes,meeting_minutes/minutes/2023/2023-09-18/2023-09-19_city-council-meeting.md,1,2023-09-19,Council,Appointment,Appointment,,final-action,pass,,,,voice,Voice Pass,crosswalk,high,937
meeting_minutes,meeting_minutes/minutes/2023/2023-09-18/2023-09-19_board-of-canvassers.md,2,2023-09-19,Council,Procedural/Administrative,Procedural-Administrative,,procedural,pass,,,,voice,Voice Pass,crosswalk,high,938
meeting_minutes,meeting_minutes/minutes/2023/2023-09-18/2023-09-19_city-council-meeting.md,2,2023-09-19,Council,Appointment,Appointment,,final-action,pass,,,,voice,Voice Pass,crosswalk,high,939
meeting_minutes,meeting_minutes/minutes/2023/2023-09-18/2023-09-19_city-council-meeting.md,3,2023-09-19,Council,Procedural/Administrative,Procedural-Administrative,,procedural,pass,,,,voice,Voice Pass,crosswalk,high,940
meeting_minutes,meeting_minutes/minutes/2023/2023-09-25/2023-09-26_city-council-special-meeting.md,1,2023-09-26,Council,Public Hearing Action,Public-Hearing,,procedural,pass,,,,voice,Voice Pass,crosswalk,high,941
meeting_minutes,meeting_minutes/minutes/2023/2023-09-25/2023-09-26_city-council-special-meeting.md,2,2023-09-26,Council,Ordinance,Land-Use,Vacation,final-action,pass,7,0,,roll-call,7-0 Pass,rule:lu-vacate,high,942
meeting_minutes,meeting_minutes/minutes/2023/2023-09-25/2023-09-26_city-council-special-meeting.md,3,2023-09-26,Council,Ordinance,Land-Use,Rezone,final-action,pass,7,0,,roll-call,7-0 Pass,rule:lu-rezone,high,943
meeting_minutes,meeting_minutes/minutes/2023/2023-09-25/2023-09-26_city-council-special-meeting.md,4,2023-09-26,Council,Procedural/Administrative,Procedural-Administrative,,procedural,unknown,,,,unknown,Recorded,crosswalk,high,944
meeting_minutes,meeting_minutes/minutes/2023/2023-09-25/2023-09-26_city-council-special-meeting.md,5,2023-09-26,Council,Procedural/Administrative,Procedural-Administrative,,procedural,unknown,,,,unknown,Recorded,crosswalk,high,945
meeting_minutes,meeting_minutes/minutes/2023/2023-10-02/2023-10-03_city-council-meeting.md,1,2023-10-03,Council,Ordinance,Ordinance,,final-action,pass,5,0,,roll-call,5-0 Pass,crosswalk,high,946
meeting_minutes,meeting_minutes/minutes/2023/2023-10-02/2023-10-03_city-council-meeting.md,2,2023-10-03,Council,Ordinance,Ordinance,,procedural,unknown,,,,unknown,Recorded,crosswalk,high,947
meeting_minutes,meeting_minutes/minutes/2023/2023-10-02/2023-10-03_city-council-meeting.md,3,2023-10-03,Council,Procedural/Administrative,Procedural-Administrative,,procedural,unknown,,,,unknown,Recorded,crosswalk,high,948
meeting_minutes,meeting_minutes/minutes/2023/2023-10-09/2023-10-10_city-council-special-meeting.md,1,2023-10-10,Council,Procedural/Administrative,Procedural-Administrative,,procedural,pass,,,,voice,Voice Pass,crosswalk,high,949
meeting_minutes,meeting_minutes/minutes/2023/2023-10-09/2023-10-10_city-council-special-meeting.md,2,2023-10-10,Council,Ordinance,Ordinance,,final-action,pass,,,,voice,Voice Pass,crosswalk,high,950
meeting_minutes,meeting_minutes/minutes/2023/2023-10-09/2023-10-10_city-council-special-meeting.md,3,2023-10-10,Council,Ordinance,Ordinance,,final-action,pass,6,1,,roll-call,6-1 Pass,crosswalk,high,951
meeting_minutes,meeting_minutes/minutes/2023/2023-10-09/2023-10-10_city-council-special-meeting.md,4,2023-10-10,Council,Ordinance,Ordinance,,final-action,pass,4,3,,roll-call,4-3 Pass,crosswalk,high,952
meeting_minutes,meeting_minutes/minutes/2023/2023-10-09/2023-10-10_city-council-special-meeting.md,5,2023-10-10,Council,Ordinance,Ordinance,,final-action,pass,7,0,,roll-call,7-0 Pass,crosswalk,high,953
meeting_minutes,meeting_minutes/minutes/2023/2023-10-09/2023-10-10_city-council-special-meeting.md,6,2023-10-10,Council,Ordinance,Ordinance,,final-action,pass,,,,voice,Voice Pass,crosswalk,medium,954
meeting_minutes,meeting_minutes/minutes/2023/2023-10-09/2023-10-10_city-council-special-meeting.md,7,2023-10-10,Council,Ordinance,Ordinance,,final-action,died,,,,unknown,Recorded,crosswalk,high,955
meeting_minutes,meeting_minutes/minutes/2023/2023-10-09/2023-10-10_city-council-special-meeting.md,8,2023-10-10,Council,Land-Use/Zoning,Land-Use,Other-Land-Use,final-action,pass,6,0,,roll-call,6-0 Pass,crosswalk,high,956
meeting_minutes,meeting_minutes/minutes/2023/2023-10-09/2023-10-10_city-council-special-meeting.md,9,2023-10-10,Council,Procedural/Administrative,Procedural-Administrative,,procedural,pass,6,0,,roll-call,6-0 Pass,crosswalk,high,957
meeting_minutes,meeting_minutes/minutes/2023/2023-10-09/2023-10-10_city-council-special-meeting.md,10,2023-10-10,Council,Procedural/Administrative,Procedural-Administrative,,procedural,pass,,,,voice,Voice Pass,crosswalk,high,958
meeting_minutes,pmn_backfill/minutes/2023-10-10_redevelopment-agency-meeting.md,1,2023-10-10,RDA,Procedural/Administrative,Procedural-Administrative,,procedural,pass,,,,voice,Voice Pass,crosswalk,high,959
meeting_minutes,pmn_backfill/minutes/2023-10-10_redevelopment-agency-meeting.md,2,2023-10-10,RDA,Procedural/Administrative,Procedural-Administrative,,procedural,pass,7,0,,roll-call,7-0 Pass,crosswalk,high,960
meeting_minutes,pmn_backfill/minutes/2023-10-10_redevelopment-agency-meeting.md,3,2023-10-10,RDA,Procedural/Administrative,Procedural-Administrative,,procedural,pass,,,,voice,Voice Pass,crosswalk,high,961
meeting_minutes,meeting_minutes/minutes/2023/2023-10-16/2023-10-17_city-council-meeting.md,1,2023-10-17,Council,Procedural/Administrative,Procedural-Administrative,,procedural,pass,,,,voice,Voice Pass,crosswalk,high,962
meeting_minutes,meeting_minutes/minutes/2023/2023-10-16/2023-10-17_city-council-meeting.md,2,2023-10-17,Council,Public Hearing Action,Public-Hearing,,procedural,unknown,,,,unknown,Recorded,crosswalk,high,963
meeting_minutes,meeting_minutes/minutes/2023/2023-10-16/2023-10-17_city-council-meeting.md,3,2023-10-17,Council,Resolution,Resolution,,final-action,pass,6,0,,roll-call,6-0 Pass,crosswalk,high,964
meeting_minutes,meeting_minutes/minutes/2023/2023-10-16/2023-10-17_city-council-meeting.md,4,2023-10-17,Council,Appointment,Appointment,,final-action,pass,6,0,,roll-call,6-0 Pass,crosswalk,high,965
meeting_minutes,meeting_minutes/minutes/2023/2023-10-16/2023-10-17_city-council-meeting.md,5,2023-10-17,Council,Procedural/Administrative,Procedural-Administrative,,procedural,unknown,,,,unknown,Recorded,crosswalk,high,966
meeting_minutes,meeting_minutes/minutes/2023/2023-11-06/2023-11-07_city-council-meeting.md,1,2023-11-07,Council,Public Hearing Action,Public-Hearing,,procedural,pass,,,,voice,Voice Pass,crosswalk,high,967
meeting_minutes,meeting_minutes/minutes/2023/2023-11-06/2023-11-07_city-council-meeting.md,2,2023-11-07,Council,Public Hearing Action,Public-Hearing,,procedural,pass,,,,voice,Voice Pass,crosswalk,high,968
meeting_minutes,meeting_minutes/minutes/2023/2023-11-06/2023-11-07_city-council-meeting.md,3,2023-11-07,Council,Ordinance,Budget,,final-action,pass,7,0,,roll-call,7-0 Pass,rule:budget,high,969
meeting_minutes,meeting_minutes/minutes/2023/2023-11-06/2023-11-07_city-council-meeting.md,4,2023-11-07,Council,Ordinance,Ordinance,,final-action,pass,7,0,,roll-call,7-0 Pass,crosswalk,medium,970
meeting_minutes,meeting_minutes/minutes/2023/2023-11-06/2023-11-07_city-council-meeting.md,5,2023-11-07,Council,Resolution,Interlocal,,final-action,pass,7,0,,roll-call,7-0 Pass,rule:interlocal,high,971
meeting_minutes,meeting_minutes/minutes/2023/2023-11-06/2023-11-07_city-council-meeting.md,6,2023-11-07,Council,Procedural/Administrative,Procedural-Administrative,,procedural,pass,,,,voice,Voice Pass,crosswalk,high,972
meeting_minutes,pmn_backfill/minutes/2023-11-07_redevelopment-agency-special-meeting.md,1,2023-11-07,RDA,Resolution,Contract-Purchase,,final-action,pass,6,0,,roll-call,6-0 Pass,rule:contract,high,973
meeting_minutes,pmn_backfill/minutes/2023-11-07_redevelopment-agency-special-meeting.md,2,2023-11-07,RDA,Resolution,Resolution,,final-action,pass,6,0,,roll-call,6-0 Pass,crosswalk,high,974
meeting_minutes,pmn_backfill/minutes/2023-11-07_redevelopment-agency-special-meeting.md,3,2023-11-07,RDA,Resolution,Resolution,,final-action,pass,6,0,,roll-call,6-0 Pass,crosswalk,high,975
meeting_minutes,pmn_backfill/minutes/2023-11-07_redevelopment-agency-special-meeting.md,4,2023-11-07,RDA,Procedural/Administrative,Procedural-Administrative,,procedural,pass,,,,voice,Voice Pass,crosswalk,high,976
meeting_minutes,meeting_minutes/minutes/2023/2023-11-13/2023-11-14_city-council-meeting.md,1,2023-11-14,Council,Ceremonial,Ceremonial,,final-action,pass,,,,voice,Voice Pass,crosswalk,high,977
meeting_minutes,meeting_minutes/minutes/2023/2023-11-13/2023-11-14_city-council-meeting.md,2,2023-11-14,Council,Procedural/Administrative,Procedural-Administrative,,procedural,pass,,,,voice,Voice Pass,crosswalk,high,978
meeting_minutes,meeting_minutes/minutes/2023/2023-11-13/2023-11-14_city-council-meeting.md,3,2023-11-14,Council,Appointment,Appointment,,final-action,pass,,,,voice,Voice Pass,crosswalk,high,979
meeting_minutes,meeting_minutes/minutes/2023/2023-11-13/2023-11-14_city-council-meeting.md,4,2023-11-14,Council,Other,Other,,final-action,pass,,,,voice,Voice Pass,rule:no-signal,low,980
meeting_minutes,meeting_minutes/minutes/2023/2023-11-13/2023-11-14_city-council-meeting.md,5,2023-11-14,Council,Ordinance,Budget,,final-action,pass,6,0,,roll-call,6-0 Pass,rule:budget,high,981
meeting_minutes,meeting_minutes/minutes/2023/2023-11-13/2023-11-14_city-council-meeting.md,6,2023-11-14,Council,Ordinance,Ordinance,,final-action,pass,2,0,,roll-call,2-0 Pass,crosswalk,medium,982
meeting_minutes,meeting_minutes/minutes/2023/2023-11-13/2023-11-14_city-council-meeting.md,7,2023-11-14,Council,Ordinance,Ordinance,,final-action,pass,6,0,,roll-call,6-0 Pass,crosswalk,high,983
meeting_minutes,meeting_minutes/minutes/2023/2023-11-13/2023-11-14_city-council-meeting.md,8,2023-11-14,Council,Ordinance,Ordinance,,final-action,pass,6,0,,roll-call,6-0 Pass,crosswalk,high,984
meeting_minutes,meeting_minutes/minutes/2023/2023-11-13/2023-11-14_city-council-meeting.md,9,2023-11-14,Council,Resolution,Resolution,,final-action,pass,5,1,,roll-call,5-1 Pass,crosswalk,medium,985
meeting_minutes,meeting_minutes/minutes/2023/2023-11-13/2023-11-14_city-council-meeting.md,10,2023-11-14,Council,Ordinance,Ordinance,,final-action,fail,3,3,,roll-call,3-3 Fail,crosswalk,high,986
meeting_minutes,meeting_minutes/minutes/2023/2023-11-13/2023-11-14_city-council-meeting.md,11,2023-11-14,Council,Procedural/Administrative,Procedural-Administrative,,procedural,unknown,,,,unknown,Recorded,crosswalk,high,987
meeting_minutes,meeting_minutes/minutes/2023/2023-11-27/2023-11-28_city-council-special-meeting.md,1,2023-11-28,Council,Procedural/Administrative,Procedural-Administrative,,procedural,pass,,,,voice,Voice Pass,crosswalk,high,988
meeting_minutes,meeting_minutes/minutes/2023/2023-11-27/2023-11-28_city-council-special-meeting.md,2,2023-11-28,Council,Public Hearing Action,Public-Hearing,,procedural,pass,,,,voice,Voice Pass,crosswalk,high,989
meeting_minutes,meeting_minutes/minutes/2023/2023-11-27/2023-11-28_city-council-special-meeting.md,3,2023-11-28,Council,Ordinance,Budget,,final-action,pass,6,0,,roll-call,6-0 Pass,rule:budget,high,990
meeting_minutes,meeting_minutes/minutes/2023/2023-11-27/2023-11-28_city-council-special-meeting.md,4,2023-11-28,Council,Other,Other,,final-action,pass,,,,voice,Voice Pass,rule:no-signal,low,991
meeting_minutes,meeting_minutes/minutes/2023/2023-11-27/2023-11-28_city-council-special-meeting.md,5,2023-11-28,Council,Ordinance,Budget,,final-action,pass,6,0,,roll-call,6-0 Pass,rule:budget,high,992
meeting_minutes,meeting_minutes/minutes/2023/2023-11-27/2023-11-28_city-council-special-meeting.md,6,2023-11-28,Council,Public Hearing Action,Public-Hearing,,procedural,pass,,,,voice,Voice Pass,crosswalk,high,993
meeting_minutes,meeting_minutes/minutes/2023/2023-11-27/2023-11-28_city-council-special-meeting.md,7,2023-11-28,Council,Ordinance,Ordinance,,final-action,fail,2,3,,roll-call,2-3 Fail,crosswalk,high,994
meeting_minutes,meeting_minutes/minutes/2023/2023-11-27/2023-11-28_city-council-special-meeting.md,8,2023-11-28,Council,Ordinance,Ordinance,,final-action,pass,6,0,,roll-call,6-0 Pass,crosswalk,high,995
meeting_minutes,meeting_minutes/minutes/2023/2023-11-27/2023-11-28_city-council-special-meeting.md,9,2023-11-28,Council,Ordinance,Ordinance,,final-action,pass,4,2,,roll-call,4-2 Pass,crosswalk,medium,996
meeting_minutes,meeting_minutes/minutes/2023/2023-11-27/2023-11-28_city-council-special-meeting.md,10,2023-11-28,Council,Ordinance,Ordinance,,final-action,pass,6,0,,roll-call,6-0 Pass,crosswalk,high,997
meeting_minutes,meeting_minutes/minutes/2023/2023-11-27/2023-11-28_city-council-special-meeting.md,11,2023-11-28,Council,Resolution,Resolution,,final-action,pass,6,0,,roll-call,6-0 Pass,crosswalk,high,998
meeting_minutes,meeting_minutes/minutes/2023/2023-11-27/2023-11-28_city-council-special-meeting.md,12,2023-11-28,Council,Procedural/Administrative,Procedural-Administrative,,procedural,pass,6,0,,roll-call,6-0 Pass,crosswalk,high,999
meeting_minutes,meeting_minutes/minutes/2023/2023-11-27/2023-11-28_city-council-special-meeting.md,13,2023-11-28,Council,Procedural/Administrative,Procedural-Administrative,,procedural,pass,,,,voice,Voice Pass,crosswalk,high,1000
meeting_minutes,pmn_backfill/minutes/2023-11-28_redevelopment-agency-special-meeting.md,1,2023-11-28,RDA,Procedural/Administrative,Procedural-Administrative,,procedural,pass,,,,voice,Voice Pass,crosswalk,high,1001
meeting_minutes,pmn_backfill/minutes/2023-11-28_redevelopment-agency-special-meeting.md,2,2023-11-28,RDA,Resolution,Land-Use,Development-Agreement,final-action,pass,6,0,,roll-call,6-0 Pass,rule:lu-devagr,high,1002
meeting_minutes,pmn_backfill/minutes/2023-11-28_redevelopment-agency-special-meeting.md,3,2023-11-28,RDA,Resolution,Resolution,,final-action,pass,6,0,,roll-call,6-0 Pass,crosswalk,medium,1003
meeting_minutes,pmn_backfill/minutes/2023-11-28_redevelopment-agency-special-meeting.md,4,2023-11-28,RDA,Procedural/Administrative,Procedural-Administrative,,procedural,pass,,,,voice,Voice Pass,crosswalk,high,1004
meeting_minutes,meeting_minutes/minutes/2023/2023-12-04/2023-12-05_board-of-canvassers.md,1,2023-12-05,Council,Other,Other,,final-action,pass,,,,voice,Voice Pass,rule:no-signal,low,1005
meeting_minutes,meeting_minutes/minutes/2023/2023-12-04/2023-12-05_city-council-meeting.md,1,2023-12-05,Council,Procedural/Administrative,Procedural-Administrative,,procedural,pass,,,,voice,Voice Pass,crosswalk,high,1006
meeting_minutes,meeting_minutes/minutes/2023/2023-12-04/2023-12-05_board-of-canvassers.md,2,2023-12-05,Council,Procedural/Administrative,Procedural-Administrative,,procedural,pass,,,,voice,Voice Pass,crosswalk,high,1007
meeting_minutes,meeting_minutes/minutes/2023/2023-12-04/2023-12-05_city-council-meeting.md,2,2023-12-05,Council,Public Hearing Action,Public-Hearing,,procedural,pass,,,,voice,Voice Pass,crosswalk,high,1008
meeting_minutes,meeting_minutes/minutes/2023/2023-12-04/2023-12-05_city-council-meeting.md,3,2023-12-05,Council,Ordinance,Land-Use,Vacation,final-action,pass,7,0,,roll-call,7-0 Pass,rule:lu-vacate,high,1009
meeting_minutes,meeting_minutes/minutes/2023/2023-12-04/2023-12-05_city-council-meeting.md,4,2023-12-05,Council,Procedural/Administrative,Procedural-Administrative,,procedural,pass,7,0,,roll-call,7-0 Pass,crosswalk,high,1010
meeting_minutes,meeting_minutes/minutes/2023/2023-12-04/2023-12-05_city-council-meeting.md,5,2023-12-05,Council,Procedural/Administrative,Procedural-Administrative,,procedural,pass,,,,voice,Voice Pass,crosswalk,high,1011
meeting_minutes,meeting_minutes/minutes/2023/2023-12-11/2023-12-12_city-council-special-meeting.md,1,2023-12-12,Council,Ceremonial,Procedural-Administrative,,procedural,unknown,,,,unknown,Recorded,rule:proc-agenda,high,1012
meeting_minutes,meeting_minutes/minutes/2023/2023-12-11/2023-12-12_city-council-special-meeting.md,2,2023-12-12,Council,Ceremonial,Ceremonial,,final-action,pass,,,,voice,Voice Pass,crosswalk,high,1013
meeting_minutes,meeting_minutes/minutes/2023/2023-12-11/2023-12-12_city-council-special-meeting.md,3,2023-12-12,Council,Appointment,Appointment,,final-action,pass,,,,voice,Voice Pass,crosswalk,high,1014
meeting_minutes,meeting_minutes/minutes/2023/2023-12-11/2023-12-12_city-council-special-meeting.md,4,2023-12-12,Council,Appointment,Appointment,,final-action,pass,,,,voice,Voice Pass,crosswalk,high,1015
meeting_minutes,meeting_minutes/minutes/2023/2023-12-11/2023-12-12_city-council-special-meeting.md,5,2023-12-12,Council,Resolution,Resolution,,final-action,pass,7,0,,roll-call,7-0 Pass,crosswalk,high,1016
meeting_minutes,meeting_minutes/minutes/2023/2023-12-11/2023-12-12_city-council-special-meeting.md,6,2023-12-12,Council,Procedural/Administrative,Procedural-Administrative,,procedural,pass,,,,voice,Voice Pass,crosswalk,high,1017
meeting_minutes,meeting_minutes/minutes/2023/2023-12-18/2023-12-19_city-council-meeting.md,1,2023-12-19,Council,Procedural/Administrative,Procedural-Administrative,,procedural,pass,,,,voice,Voice Pass,crosswalk,high,1018
meeting_minutes,meeting_minutes/minutes/2023/2023-12-18/2023-12-19_city-council-meeting.md,2,2023-12-19,Council,Resolution,Resolution,,final-action,pass,7,0,,roll-call,7-0 Pass,crosswalk,high,1019
meeting_minutes,meeting_minutes/minutes/2023/2023-12-18/2023-12-19_city-council-meeting.md,3,2023-12-19,Council,Ordinance,Ordinance,,final-action,pass,7,0,,roll-call,7-0 Pass,crosswalk,high,1020
meeting_minutes,meeting_minutes/minutes/2023/2023-12-18/2023-12-19_city-council-meeting.md,4,2023-12-19,Council,Procedural/Administrative,Procedural-Administrative,,procedural,unknown,,,,unknown,Recorded,crosswalk,high,1021
meeting_minutes,meeting_minutes/minutes/2024/2024-01-01/2024-01-02_city-council-meeting.md,1,2024-01-02,Council,Procedural/Administrative,Procedural-Administrative,,procedural,unknown,,,,unknown,Recorded,crosswalk,high,1022
meeting_minutes,pmn_backfill/minutes/2024-01-09_city-council-special-meeting.md,1,2024-01-09,Council,Other,Procedural-Administrative,,procedural,pass,,,,voice,Voice Pass,rule:proc-report,medium,1023
meeting_minutes,pmn_backfill/minutes/2024-01-09_city-council-special-meeting.md,2,2024-01-09,Council,Other,Procedural-Administrative,,procedural,pass,,,,voice,Voice Pass,rule:proc-report,medium,1024
meeting_minutes,pmn_backfill/minutes/2024-01-09_city-council-special-meeting.md,3,2024-01-09,Council,Ordinance,Procedural-Administrative,,procedural,pass,,,,voice,Voice Pass,rule:proc-agenda,high,1025
meeting_minutes,pmn_backfill/minutes/2024-01-09_city-council-special-meeting.md,4,2024-01-09,Council,Procedural/Administrative,Procedural-Administrative,,procedural,pass,,,,voice,Voice Pass,crosswalk,high,1026
meeting_minutes,pmn_backfill/minutes/2024-01-09_city-council-special-meeting.md,5,2024-01-09,Council,Ordinance,Land-Use,Subdivision-Plat,final-action,pass,6,0,,roll-call,6-0 Pass,rule:lu-subdiv,high,1027
meeting_minutes,pmn_backfill/minutes/2024-01-09_city-council-special-meeting.md,6,2024-01-09,Council,Ordinance,Ordinance,,final-action,pass,5,1,,roll-call,5-1 Pass,crosswalk,high,1028
meeting_minutes,pmn_backfill/minutes/2024-01-09_city-council-special-meeting.md,7,2024-01-09,Council,Procedural/Administrative,Procedural-Administrative,,procedural,pass,,,,voice,Voice Pass,crosswalk,high,1029
meeting_minutes,meeting_minutes/minutes/2024/2024-01-15/2024-01-16_city-council-meeting.md,1,2024-01-16,Council,Resolution,Resolution,,final-action,pass,,,,voice,Voice Pass,crosswalk,high,1030
meeting_minutes,meeting_minutes/minutes/2024/2024-01-15/2024-01-16_city-council-meeting.md,2,2024-01-16,Council,Procedural/Administrative,Procedural-Administrative,,procedural,pass,,,,voice,Voice Pass,crosswalk,high,1031
meeting_minutes,meeting_minutes/minutes/2024/2024-01-15/2024-01-16_city-council-meeting.md,3,2024-01-16,Council,Appointment,Appointment,,final-action,unknown,,,,unknown,Recorded,crosswalk,high,1032
meeting_minutes,meeting_minutes/minutes/2024/2024-01-15/2024-01-16_city-council-meeting.md,4,2024-01-16,Council,Procedural/Administrative,Procedural-Administrative,,procedural,pass,,,,voice,Voice Pass,crosswalk,high,1033
meeting_minutes,meeting_minutes/minutes/2024/2024-02-05/2024-02-06_city-council-meeting.md,1,2024-02-06,Council,Procedural/Administrative,Procedural-Administrative,,procedural,pass,,,,voice,Voice Pass,crosswalk,high,1034
meeting_minutes,meeting_minutes/minutes/2024/2024-02-05/2024-02-06_city-council-meeting.md,2,2024-02-06,Council,Other,Appointment,,final-action,pass,7,0,,roll-call,7-0 Pass,rule:officer-elect,high,1035
meeting_minutes,meeting_minutes/minutes/2024/2024-02-05/2024-02-06_city-council-meeting.md,3,2024-02-06,Council,Other,Appointment,,final-action,pass,7,0,,roll-call,7-0 Pass,rule:officer-elect,high,1036
meeting_minutes,meeting_minutes/minutes/2024/2024-02-05/2024-02-06_city-council-meeting.md,4,2024-02-06,Council,Procedural/Administrative,Procedural-Administrative,,procedural,pass,,,,voice,Voice Pass,crosswalk,high,1037
meeting_minutes,meeting_minutes/minutes/2024/2024-02-12/2024-02-13_redevelopment-agency.md,1,2024-02-13,RDA,Procedural/Administrative,Procedural-Administrative,,procedural,pass,,,,voice,Voice Pass,crosswalk,high,1038
meeting_minutes,meeting_minutes/minutes/2024/2024-02-12/2024-02-13_redevelopment-agency.md,2,2024-02-13,RDA,Procedural/Administrative,Procedural-Administrative,,procedural,pass,,,,voice,Voice Pass,crosswalk,high,1039
meeting_minutes,meeting_minutes/minutes/2024/2024-02-19/2024-02-20_city-council-meeting.md,1,2024-02-20,Council,Procedural/Administrative,Procedural-Administrative,,procedural,pass,,,,voice,Voice Pass,crosswalk,high,1040
meeting_minutes,meeting_minutes/minutes/2024/2024-02-19/2024-02-20_city-council-meeting.md,2,2024-02-20,Council,Public Hearing Action,Public-Hearing,,procedural,pass,,,,voice,Voice Pass,crosswalk,high,1041
meeting_minutes,meeting_minutes/minutes/2024/2024-02-19/2024-02-20_city-council-meeting.md,3,2024-02-20,Council,Procedural/Administrative,Procedural-Administrative,,procedural,pass,,,,voice,Voice Pass,crosswalk,high,1042
meeting_minutes,meeting_minutes/minutes/2024/2024-02-19/2024-02-20_city-council-meeting.md,4,2024-02-20,Council,Ordinance,Land-Use,Rezone,final-action,pass,7,0,,roll-call,7-0 Pass,rule:lu-rezone,high,1043
meeting_minutes,meeting_minutes/minutes/2024/2024-02-19/2024-02-20_city-council-meeting.md,5,2024-02-20,Council,Ordinance,Ordinance,,final-action,pass,7,0,,roll-call,7-0 Pass,crosswalk,high,1044
meeting_minutes,meeting_minutes/minutes/2024/2024-02-19/2024-02-20_city-council-meeting.md,6,2024-02-20,Council,Resolution,Resolution,,final-action,pass,7,0,,roll-call,7-0 Pass,crosswalk,medium,1045
meeting_minutes,meeting_minutes/minutes/2024/2024-02-19/2024-02-20_city-council-meeting.md,7,2024-02-20,Council,Procedural/Administrative,Procedural-Administrative,,procedural,pass,,,,voice,Voice Pass,crosswalk,high,1046
meeting_minutes,meeting_minutes/minutes/2024/2024-03-11/2024-03-12_city-council-meeting.md,1,2024-03-12,Council,Procedural/Administrative,Procedural-Administrative,,procedural,pass,,,,voice,Voice Pass,crosswalk,high,1047
meeting_minutes,meeting_minutes/minutes/2024/2024-03-11/2024-03-12_city-council-meeting.md,2,2024-03-12,Council,Appointment,Appointment,,final-action,unknown,,,,unknown,Recorded,crosswalk,high,1048
meeting_minutes,meeting_minutes/minutes/2024/2024-03-11/2024-03-12_city-council-meeting.md,3,2024-03-12,Council,Appointment,Land-Use,Variance-Exception,final-action,pass,,,,voice,Voice Pass,rule:lu-variance,high,1049
meeting_minutes,meeting_minutes/minutes/2024/2024-03-11/2024-03-12_city-council-meeting.md,4,2024-03-12,Council,Appointment,Appointment,,final-action,unknown,,,,unknown,Recorded,crosswalk,high,1050
meeting_minutes,meeting_minutes/minutes/2024/2024-03-11/2024-03-12_city-council-meeting.md,5,2024-03-12,Council,Appointment,Appointment,,final-action,pass,,,,voice,Voice Pass,crosswalk,high,1051
meeting_minutes,meeting_minutes/minutes/2024/2024-03-11/2024-03-12_city-council-meeting.md,6,2024-03-12,Council,Public Hearing Action,Public-Hearing,,procedural,pass,,,,voice,Voice Pass,crosswalk,high,1052
meeting_minutes,meeting_minutes/minutes/2024/2024-03-11/2024-03-12_city-council-meeting.md,7,2024-03-12,Council,Ordinance,Ordinance,,final-action,pass,7,0,,roll-call,7-0 Pass,crosswalk,high,1053
meeting_minutes,meeting_minutes/minutes/2024/2024-03-11/2024-03-12_city-council-meeting.md,8,2024-03-12,Council,Ordinance,Land-Use,Rezone,final-action,pass,7,0,,roll-call,7-0 Pass,rule:lu-rezone,high,1054
meeting_minutes,meeting_minutes/minutes/2024/2024-03-11/2024-03-12_city-council-meeting.md,9,2024-03-12,Council,Procedural/Administrative,Procedural-Administrative,,procedural,pass,,,,voice,Voice Pass,crosswalk,high,1055
meeting_minutes,meeting_minutes/minutes/2024/2024-03-11/2024-03-12_redevelopment-agency.md,1,2024-03-12,RDA,Procedural/Administrative,Procedural-Administrative,,procedural,pass,,,,voice,Voice Pass,crosswalk,high,1056
meeting_minutes,meeting_minutes/minutes/2024/2024-03-11/2024-03-12_redevelopment-agency.md,2,2024-03-12,RDA,Other,Procedural-Administrative,,procedural,pass,,,,voice,Voice Pass,rule:proc-report,medium,1057
meeting_minutes,meeting_minutes/minutes/2024/2024-03-11/2024-03-12_redevelopment-agency.md,3,2024-03-12,RDA,Procedural/Administrative,Procedural-Administrative,,procedural,pass,,,,voice,Voice Pass,crosswalk,high,1058
meeting_minutes,meeting_minutes/minutes/2024/2024-03-18/2024-03-19_city-council-meeting.md,1,2024-03-19,Council,Procedural/Administrative,Procedural-Administrative,,procedural,pass,,,,voice,Voice Pass,crosswalk,high,1059
meeting_minutes,meeting_minutes/minutes/2024/2024-03-18/2024-03-19_city-council-meeting.md,2,2024-03-19,Council,Ordinance,Ordinance,,final-action,pass,6,0,,roll-call,6-0 Pass,crosswalk,high,1060
meeting_minutes,meeting_minutes/minutes/2024/2024-03-18/2024-03-19_city-council-meeting.md,3,2024-03-19,Council,Procedural/Administrative,Procedural-Administrative,,procedural,pass,,,,voice,Voice Pass,crosswalk,high,1061
meeting_minutes,meeting_minutes/minutes/2024/2024-03-25/2024-03-26_city-council-meeting.md,1,2024-03-26,Council,Procedural/Administrative,Procedural-Administrative,,procedural,pass,7,0,,roll-call,7-0 Pass,crosswalk,high,1062
meeting_minutes,meeting_minutes/minutes/2024/2024-03-25/2024-03-26_city-council-meeting.md,2,2024-03-26,Council,Procedural/Administrative,Procedural-Administrative,,procedural,pass,,,,voice,Voice Pass,crosswalk,high,1063
meeting_minutes,meeting_minutes/minutes/2024/2024-04-01/2024-04-02_city-council-meeting.md,1,2024-04-02,Council,Appointment,Appointment,,final-action,pass,,,,voice,Voice Pass,crosswalk,high,1064
meeting_minutes,meeting_minutes/minutes/2024/2024-04-01/2024-04-02_city-council-meeting.md,2,2024-04-02,Council,Ordinance,Ordinance,,final-action,pass,5,2,,roll-call,5-2 Pass,crosswalk,medium,1065
meeting_minutes,meeting_minutes/minutes/2024/2024-04-01/2024-04-02_city-council-meeting.md,3,2024-04-02,Council,Procedural/Administrative,Procedural-Administrative,,procedural,pass,7,0,,roll-call,7-0 Pass,crosswalk,high,1066
meeting_minutes,meeting_minutes/minutes/2024/2024-04-01/2024-04-02_city-council-meeting.md,4,2024-04-02,Council,Procedural/Administrative,Procedural-Administrative,,procedural,pass,,,,voice,Voice Pass,crosswalk,high,1067
meeting_minutes,meeting_minutes/minutes/2024/2024-04-08/2024-04-09_city-council-meeting.md,1,2024-04-09,Council,Ordinance,Procedural-Administrative,,procedural,pass,,,,voice,Voice Pass,rule:proc-agenda,high,1068
meeting_minutes,meeting_minutes/minutes/2024/2024-04-08/2024-04-09_city-council-meeting.md,2,2024-04-09,Council,Procedural/Administrative,Procedural-Administrative,,procedural,pass,,,,voice,Voice Pass,crosswalk,high,1069
meeting_minutes,meeting_minutes/minutes/2024/2024-04-08/2024-04-09_city-council-meeting.md,3,2024-04-09,Council,Public Hearing Action,Public-Hearing,,procedural,pass,,,,voice,Voice Pass,crosswalk,high,1070
meeting_minutes,meeting_minutes/minutes/2024/2024-04-08/2024-04-09_city-council-meeting.md,4,2024-04-09,Council,Land-Use/Zoning,Land-Use,Vacation,final-action,pass,4,3,,roll-call,4-3 Pass,rule:lu-vacate,high,1071
meeting_minutes,meeting_minutes/minutes/2024/2024-04-08/2024-04-09_city-council-meeting.md,5,2024-04-09,Council,Ordinance,Ordinance,,final-action,pass,5,2,,roll-call,5-2 Pass,crosswalk,medium,1072
meeting_minutes,meeting_minutes/minutes/2024/2024-04-08/2024-04-09_city-council-meeting.md,6,2024-04-09,Council,Ordinance,Ordinance,,final-action,pass,7,0,,roll-call,7-0 Pass,crosswalk,high,1073
meeting_minutes,meeting_minutes/minutes/2024/2024-04-08/2024-04-09_city-council-meeting.md,7,2024-04-09,Council,Appointment,Appointment,,final-action,pass,,,,voice,Voice Pass,crosswalk,high,1074
meeting_minutes,meeting_minutes/minutes/2024/2024-04-08/2024-04-09_city-council-meeting.md,8,2024-04-09,Council,Procedural/Administrative,Procedural-Administrative,,procedural,pass,,,,voice,Voice Pass,crosswalk,high,1075
meeting_minutes,meeting_minutes/minutes/2024/2024-04-22/2024-04-23_city-council-meeting.md,1,2024-04-23,Council,Procedural/Administrative,Procedural-Administrative,,procedural,pass,,,,voice,Voice Pass,crosswalk,high,1076
meeting_minutes,meeting_minutes/minutes/2024/2024-04-22/2024-04-23_city-council-meeting.md,2,2024-04-23,Council,Public Hearing Action,Public-Hearing,,procedural,pass,,,,voice,Voice Pass,crosswalk,high,1077
meeting_minutes,meeting_minutes/minutes/2024/2024-04-22/2024-04-23_city-council-meeting.md,3,2024-04-23,Council,Ordinance,Budget,,final-action,pass,7,0,,roll-call,7-0 Pass,rule:budget,high,1078
meeting_minutes,meeting_minutes/minutes/2024/2024-04-22/2024-04-23_city-council-meeting.md,4,2024-04-23,Council,Ordinance,Land-Use,General-Plan-Amendment,final-action,pass,7,0,,roll-call,7-0 Pass,rule:lu-gpa,high,1079
meeting_minutes,meeting_minutes/minutes/2024/2024-04-22/2024-04-23_city-council-meeting.md,5,2024-04-23,Council,Land-Use/Zoning,Land-Use,Rezone,final-action,pass,5,2,,roll-call,5-2 Pass,rule:lu-rezone,high,1080
meeting_minutes,meeting_minutes/minutes/2024/2024-04-22/2024-04-23_city-council-meeting.md,6,2024-04-23,Council,Ordinance,Ordinance,,final-action,pass,7,0,,roll-call,7-0 Pass,crosswalk,medium,1081
meeting_minutes,meeting_minutes/minutes/2024/2024-04-22/2024-04-23_city-council-meeting.md,7,2024-04-23,Council,Resolution,Resolution,,final-action,unknown,,,,unknown,Recorded,crosswalk,high,1082
meeting_minutes,meeting_minutes/minutes/2024/2024-04-22/2024-04-23_city-council-meeting.md,8,2024-04-23,Council,Resolution,Resolution,,final-action,pass,7,0,,roll-call,7-0 Pass,crosswalk,high,1083
meeting_minutes,meeting_minutes/minutes/2024/2024-04-22/2024-04-23_city-council-meeting.md,9,2024-04-23,Council,Procedural/Administrative,Procedural-Administrative,,procedural,pass,,,,voice,Voice Pass,crosswalk,high,1084
meeting_minutes,meeting_minutes/minutes/2024/2024-04-22/2024-04-23_municipal-building-authority.md,1,2024-04-23,MBA,Public Hearing Action,Public-Hearing,,procedural,pass,,,,voice,Voice Pass,crosswalk,high,1085
meeting_minutes,meeting_minutes/minutes/2024/2024-04-22/2024-04-23_municipal-building-authority.md,2,2024-04-23,MBA,Resolution,Budget,,final-action,pass,6,0,,roll-call,6-0 Pass,rule:budget,high,1086
meeting_minutes,meeting_minutes/minutes/2024/2024-04-22/2024-04-23_municipal-building-authority.md,3,2024-04-23,MBA,Procedural/Administrative,Procedural-Administrative,,procedural,pass,,,,voice,Voice Pass,crosswalk,high,1087
meeting_minutes,pmn_backfill/minutes/2024-04-23_redevelopment-agency-special-meeting.md,1,2024-04-23,RDA,Procedural/Administrative,Procedural-Administrative,,procedural,pass,,,,voice,Voice Pass,crosswalk,high,1088
meeting_minutes,pmn_backfill/minutes/2024-04-23_redevelopment-agency-special-meeting.md,2,2024-04-23,RDA,Budget Amendment,Budget,,final-action,pass,,,,voice,Voice Pass,crosswalk,high,1089
meeting_minutes,pmn_backfill/minutes/2024-04-23_redevelopment-agency-special-meeting.md,3,2024-04-23,RDA,Procedural/Administrative,Procedural-Administrative,,procedural,pass,,,,voice,Voice Pass,crosswalk,high,1090
meeting_minutes,meeting_minutes/minutes/2024/2024-05-06/2024-05-07_city-council-meeting.md,1,2024-05-07,Council,Procedural/Administrative,Procedural-Administrative,,procedural,pass,,,,voice,Voice Pass,crosswalk,high,1091
meeting_minutes,meeting_minutes/minutes/2024/2024-05-06/2024-05-07_city-council-meeting.md,2,2024-05-07,Council,Resolution,Resolution,,final-action,pass,7,0,,roll-call,7-0 Pass,crosswalk,high,1092
meeting_minutes,meeting_minutes/minutes/2024/2024-05-06/2024-05-07_city-council-meeting.md,3,2024-05-07,Council,Public Hearing Action,Public-Hearing,,procedural,pass,,,,voice,Voice Pass,crosswalk,high,1093
meeting_minutes,meeting_minutes/minutes/2024/2024-05-06/2024-05-07_city-council-meeting.md,4,2024-05-07,Council,Resolution,Resolution,,final-action,pass,7,0,,roll-call,7-0 Pass,crosswalk,high,1094
meeting_minutes,meeting_minutes/minutes/2024/2024-05-06/2024-05-07_city-council-meeting.md,5,2024-05-07,Council,Resolution,Resolution,,final-action,pass,,,,voice,Voice Pass,crosswalk,high,1095
meeting_minutes,meeting_minutes/minutes/2024/2024-05-06/2024-05-07_city-council-meeting.md,6,2024-05-07,Council,Resolution,Resolution,,final-action,pass,7,0,,roll-call,7-0 Pass,crosswalk,high,1096
meeting_minutes,meeting_minutes/minutes/2024/2024-05-06/2024-05-07_city-council-meeting.md,7,2024-05-07,Council,Ordinance,Ordinance,,final-action,pass,4,3,,roll-call,4-3 Pass,crosswalk,high,1097
meeting_minutes,meeting_minutes/minutes/2024/2024-05-06/2024-05-07_city-council-meeting.md,8,2024-05-07,Council,Other,Budget,,final-action,pass,,,,voice,Voice Pass,rule:budget,high,1098
meeting_minutes,meeting_minutes/minutes/2024/2024-05-06/2024-05-07_city-council-meeting.md,9,2024-05-07,Council,Procedural/Administrative,Procedural-Administrative,,procedural,pass,,,,voice,Voice Pass,crosswalk,high,1099
meeting_minutes,meeting_minutes/minutes/2024/2024-05-06/2024-05-07_redevelopment-agency.md,1,2024-05-07,RDA,Public Hearing Action,Public-Hearing,,procedural,pass,,,,voice,Voice Pass,crosswalk,high,1100
meeting_minutes,meeting_minutes/minutes/2024/2024-05-06/2024-05-07_redevelopment-agency.md,2,2024-05-07,RDA,Resolution,Budget,,final-action,pass,7,0,,roll-call,7-0 Pass,rule:budget,high,1101
meeting_minutes,meeting_minutes/minutes/2024/2024-05-06/2024-05-07_redevelopment-agency.md,3,2024-05-07,RDA,Procedural/Administrative,Procedural-Administrative,,procedural,pass,,,,voice,Voice Pass,crosswalk,high,1102
meeting_minutes,meeting_minutes/minutes/2024/2024-05-13/2024-05-14_municipal-building-authority.md,1,2024-05-14,MBA,Procedural/Administrative,Procedural-Administrative,,procedural,pass,,,,voice,Voice Pass,crosswalk,high,1103
meeting_minutes,meeting_minutes/minutes/2024/2024-05-13/2024-05-14_municipal-building-authority.md,2,2024-05-14,MBA,Other,Budget,,final-action,unknown,,,,unknown,Recorded,rule:budget,high,1104
meeting_minutes,meeting_minutes/minutes/2024/2024-05-13/2024-05-14_municipal-building-authority.md,3,2024-05-14,MBA,Procedural/Administrative,Procedural-Administrative,,procedural,pass,,,,voice,Voice Pass,crosswalk,high,1105
meeting_minutes,meeting_minutes/minutes/2024/2024-05-13/2024-05-14_redevelopment-agency.md,1,2024-05-14,RDA,Procedural/Administrative,Procedural-Administrative,,procedural,pass,,,,voice,Voice Pass,crosswalk,high,1106
meeting_minutes,meeting_minutes/minutes/2024/2024-05-13/2024-05-14_redevelopment-agency.md,2,2024-05-14,RDA,Other,Budget,,final-action,pass,,,,voice,Voice Pass,rule:budget,high,1107
meeting_minutes,meeting_minutes/minutes/2024/2024-05-13/2024-05-14_redevelopment-agency.md,3,2024-05-14,RDA,Procedural/Administrative,Procedural-Administrative,,procedural,pass,,,,voice,Voice Pass,crosswalk,high,1108
meeting_minutes,meeting_minutes/minutes/2024/2024-05-20/2024-05-21_city-council-meeting.md,1,2024-05-21,Council,Procedural/Administrative,Procedural-Administrative,,procedural,pass,,,,voice,Voice Pass,crosswalk,high,1109
meeting_minutes,meeting_minutes/minutes/2024/2024-05-20/2024-05-21_city-council-meeting.md,2,2024-05-21,Council,Appointment,Appointment,,final-action,unknown,,,,unknown,Recorded,crosswalk,high,1110
meeting_minutes,meeting_minutes/minutes/2024/2024-05-20/2024-05-21_city-council-meeting.md,3,2024-05-21,Council,Contract/Purchase,Public-Hearing,,procedural,pass,,,,voice,Voice Pass,rule:ph-openclose,high,1111
meeting_minutes,meeting_minutes/minutes/2024/2024-05-20/2024-05-21_city-council-meeting.md,4,2024-05-21,Council,Procedural/Administrative,Procedural-Administrative,,procedural,pass,,,,voice,Voice Pass,crosswalk,high,1112
meeting_minutes,meeting_minutes/minutes/2024/2024-06-03/2024-06-04_city-council-meeting.md,1,2024-06-04,Council,Appointment,Appointment,,final-action,pass,,,,voice,Voice Pass,crosswalk,high,1113
meeting_minutes,meeting_minutes/minutes/2024/2024-06-03/2024-06-04_city-council-meeting.md,2,2024-06-04,Council,Other,Public-Hearing,,procedural,pass,,,,voice,Voice Pass,rule:ph-openclose,high,1114
meeting_minutes,meeting_minutes/minutes/2024/2024-06-03/2024-06-04_city-council-meeting.md,3,2024-06-04,Council,Contract/Purchase,Public-Hearing,,procedural,pass,,,,voice,Voice Pass,rule:ph-openclose,high,1115
meeting_minutes,meeting_minutes/minutes/2024/2024-06-03/2024-06-04_city-council-meeting.md,4,2024-06-04,Council,Contract/Purchase,Public-Hearing,,procedural,pass,,,,voice,Voice Pass,rule:ph-openclose,high,1116
meeting_minutes,meeting_minutes/minutes/2024/2024-06-03/2024-06-04_city-council-meeting.md,5,2024-06-04,Council,Contract/Purchase,Public-Hearing,,procedural,pass,,,,voice,Voice Pass,rule:ph-openclose,high,1117
meeting_minutes,meeting_minutes/minutes/2024/2024-06-03/2024-06-04_city-council-meeting.md,6,2024-06-04,Council,Procedural/Administrative,Public-Hearing,,procedural,unknown,,,,unknown,Recorded,rule:ph-openclose,high,1118
meeting_minutes,meeting_minutes/minutes/2024/2024-06-03/2024-06-04_city-council-meeting.md,7,2024-06-04,Council,Procedural/Administrative,Procedural-Administrative,,procedural,pass,,,,voice,Voice Pass,crosswalk,high,1119
meeting_minutes,meeting_minutes/minutes/2024/2024-06-10/2024-06-11_city-council-meeting.md,1,2024-06-11,Council,Procedural/Administrative,Procedural-Administrative,,procedural,pass,,,,voice,Voice Pass,crosswalk,high,1120
meeting_minutes,meeting_minutes/minutes/2024/2024-06-10/2024-06-11_city-council-meeting.md,2,2024-06-11,Council,Resolution,Procedural-Administrative,,procedural,unknown,,,,unknown,Recorded,rule:proc-agenda,high,1121
meeting_minutes,meeting_minutes/minutes/2024/2024-06-10/2024-06-11_city-council-meeting.md,3,2024-06-11,Council,Resolution,Resolution,,final-action,pass,7,0,,roll-call,7-0 Pass,crosswalk,high,1122
meeting_minutes,meeting_minutes/minutes/2024/2024-06-10/2024-06-11_city-council-meeting.md,4,2024-06-11,Council,Public Hearing Action,Public-Hearing,,procedural,pass,,,,voice,Voice Pass,crosswalk,high,1123
meeting_minutes,meeting_minutes/minutes/2024/2024-06-10/2024-06-11_city-council-meeting.md,5,2024-06-11,Council,Resolution,Resolution,,final-action,pass,7,0,,roll-call,7-0 Pass,crosswalk,high,1124
meeting_minutes,meeting_minutes/minutes/2024/2024-06-10/2024-06-11_city-council-meeting.md,6,2024-06-11,Council,Ordinance,Land-Use,Rezone,final-action,pass,7,0,,roll-call,7-0 Pass,rule:lu-rezone,high,1125
meeting_minutes,meeting_minutes/minutes/2024/2024-06-10/2024-06-11_city-council-meeting.md,7,2024-06-11,Council,Ordinance,Land-Use,Rezone,final-action,pass,7,0,,roll-call,7-0 Pass,rule:lu-rezone,high,1126
meeting_minutes,meeting_minutes/minutes/2024/2024-06-10/2024-06-11_city-council-meeting.md,8,2024-06-11,Council,Procedural/Administrative,Procedural-Administrative,,procedural,pass,7,0,,roll-call,7-0 Pass,crosswalk,high,1127
meeting_minutes,meeting_minutes/minutes/2024/2024-06-10/2024-06-11_city-council-meeting.md,9,2024-06-11,Council,Procedural/Administrative,Procedural-Administrative,,procedural,unknown,,,,unknown,Recorded,crosswalk,high,1128
meeting_minutes,meeting_minutes/minutes/2024/2024-06-10/2024-06-11_municipal-building-authority.md,1,2024-06-11,MBA,Public Hearing Action,Public-Hearing,,procedural,pass,,,,voice,Voice Pass,crosswalk,high,1129
meeting_minutes,meeting_minutes/minutes/2024/2024-06-10/2024-06-11_municipal-building-authority.md,2,2024-06-11,MBA,Resolution,Budget,,final-action,pass,6,0,,roll-call,6-0 Pass,rule:budget,high,1130
meeting_minutes,meeting_minutes/minutes/2024/2024-06-10/2024-06-11_municipal-building-authority.md,3,2024-06-11,MBA,Procedural/Administrative,Procedural-Administrative,,procedural,pass,,,,voice,Voice Pass,crosswalk,high,1131
meeting_minutes,meeting_minutes/minutes/2024/2024-06-10/2024-06-11_redevelopment-agency.md,1,2024-06-11,RDA,Procedural/Administrative,Procedural-Administrative,,procedural,pass,,,,voice,Voice Pass,crosswalk,high,1132
meeting_minutes,meeting_minutes/minutes/2024/2024-06-10/2024-06-11_redevelopment-agency.md,2,2024-06-11,RDA,Public Hearing Action,Public-Hearing,,procedural,pass,,,,voice,Voice Pass,crosswalk,high,1133
meeting_minutes,meeting_minutes/minutes/2024/2024-06-10/2024-06-11_redevelopment-agency.md,3,2024-06-11,RDA,Resolution,Budget,,final-action,pass,7,0,,roll-call,7-0 Pass,rule:budget,high,1134
meeting_minutes,meeting_minutes/minutes/2024/2024-06-10/2024-06-11_redevelopment-agency.md,4,2024-06-11,RDA,Procedural/Administrative,Procedural-Administrative,,procedural,pass,,,,voice,Voice Pass,crosswalk,high,1135
meeting_minutes,meeting_minutes/minutes/2024/2024-06-17/2024-06-18_city-council-meeting.md,1,2024-06-18,Council,Procedural/Administrative,Procedural-Administrative,,procedural,pass,,,,voice,Voice Pass,crosswalk,high,1136
meeting_minutes,meeting_minutes/minutes/2024/2024-06-17/2024-06-18_city-council-meeting.md,2,2024-06-18,Council,Public Hearing Action,Public-Hearing,,procedural,pass,,,,voice,Voice Pass,crosswalk,high,1137
meeting_minutes,meeting_minutes/minutes/2024/2024-06-17/2024-06-18_city-council-meeting.md,3,2024-06-18,Council,Ordinance,Ordinance,,final-action,pass,,,,voice,Voice Pass,crosswalk,high,1138
meeting_minutes,meeting_minutes/minutes/2024/2024-06-17/2024-06-18_city-council-meeting.md,4,2024-06-18,Council,Ordinance,Budget,,final-action,pass,7,0,,roll-call,7-0 Pass,rule:budget,high,1139
meeting_minutes,meeting_minutes/minutes/2024/2024-06-17/2024-06-18_city-council-meeting.md,5,2024-06-18,Council,Public Hearing Action,Public-Hearing,,procedural,pass,,,,voice,Voice Pass,crosswalk,high,1140
meeting_minutes,meeting_minutes/minutes/2024/2024-06-17/2024-06-18_city-council-meeting.md,6,2024-06-18,Council,Public Hearing Action,Public-Hearing,,procedural,pass,,,,voice,Voice Pass,crosswalk,high,1141
meeting_minutes,meeting_minutes/minutes/2024/2024-06-17/2024-06-18_city-council-meeting.md,7,2024-06-18,Council,Resolution,Resolution,,final-action,pass,7,0,,roll-call,7-0 Pass,crosswalk,high,1142
meeting_minutes,meeting_minutes/minutes/2024/2024-06-17/2024-06-18_city-council-meeting.md,8,2024-06-18,Council,Public Hearing Action,Public-Hearing,,procedural,pass,,,,voice,Voice Pass,crosswalk,high,1143
meeting_minutes,meeting_minutes/minutes/2024/2024-06-17/2024-06-18_city-council-meeting.md,9,2024-06-18,Council,Ordinance,Ordinance,,final-action,pass,7,0,,roll-call,7-0 Pass,crosswalk,high,1144
meeting_minutes,meeting_minutes/minutes/2024/2024-06-17/2024-06-18_city-council-meeting.md,10,2024-06-18,Council,Ordinance,Ordinance,,final-action,pass,7,0,,roll-call,7-0 Pass,crosswalk,high,1145
meeting_minutes,meeting_minutes/minutes/2024/2024-06-17/2024-06-18_city-council-meeting.md,11,2024-06-18,Council,Ordinance,Budget,,final-action,pass,7,0,,roll-call,7-0 Pass,rule:budget,high,1146
meeting_minutes,meeting_minutes/minutes/2024/2024-06-17/2024-06-18_city-council-meeting.md,12,2024-06-18,Council,Procedural/Administrative,Procedural-Administrative,,procedural,unknown,,,,unknown,Recorded,crosswalk,high,1147
meeting_minutes,meeting_minutes/minutes/2024/2024-06-17/2024-06-18_redevelopment-agency.md,1,2024-06-18,RDA,Procedural/Administrative,Procedural-Administrative,,procedural,pass,,,,voice,Voice Pass,crosswalk,high,1148
meeting_minutes,meeting_minutes/minutes/2024/2024-06-17/2024-06-18_redevelopment-agency.md,2,2024-06-18,RDA,Public Hearing Action,Public-Hearing,,procedural,pass,,,,voice,Voice Pass,crosswalk,high,1149
meeting_minutes,meeting_minutes/minutes/2024/2024-06-17/2024-06-18_redevelopment-agency.md,3,2024-06-18,RDA,Resolution,Budget,,final-action,pass,7,0,,roll-call,7-0 Pass,rule:budget,high,1150
meeting_minutes,meeting_minutes/minutes/2024/2024-06-17/2024-06-18_redevelopment-agency.md,4,2024-06-18,RDA,Procedural/Administrative,Procedural-Administrative,,procedural,pass,,,,voice,Voice Pass,crosswalk,high,1151
meeting_minutes,meeting_minutes/minutes/2024/2024-07-01/2024-07-02_city-council-meeting.md,1,2024-07-02,Council,Procedural/Administrative,Procedural-Administrative,,procedural,pass,,,,voice,Voice Pass,crosswalk,high,1152
meeting_minutes,meeting_minutes/minutes/2024/2024-07-01/2024-07-02_city-council-meeting.md,2,2024-07-02,Council,Procedural/Administrative,Procedural-Administrative,,procedural,pass,,,,voice,Voice Pass,crosswalk,high,1153
meeting_minutes,meeting_minutes/minutes/2024/2024-07-08/2024-07-09_city-council-meeting.md,1,2024-07-09,Council,Contract/Purchase,Public-Hearing,,procedural,pass,,,,voice,Voice Pass,rule:ph-openclose,high,1154
meeting_minutes,meeting_minutes/minutes/2024/2024-07-08/2024-07-09_city-council-meeting.md,2,2024-07-09,Council,Contract/Purchase,Public-Hearing,,procedural,pass,,,,voice,Voice Pass,rule:ph-openclose,high,1155
meeting_minutes,meeting_minutes/minutes/2024/2024-07-08/2024-07-09_city-council-meeting.md,3,2024-07-09,Council,Contract/Purchase,Public-Hearing,,procedural,pass,,,,voice,Voice Pass,rule:ph-openclose,high,1156
meeting_minutes,meeting_minutes/minutes/2024/2024-07-08/2024-07-09_city-council-meeting.md,4,2024-07-09,Council,Procedural/Administrative,Procedural-Administrative,,procedural,pass,5,0,,roll-call,5-0 Pass,crosswalk,high,1157
meeting_minutes,meeting_minutes/minutes/2024/2024-07-08/2024-07-09_city-council-meeting.md,5,2024-07-09,Council,Procedural/Administrative,Procedural-Administrative,,procedural,unknown,,,,unknown,Recorded,crosswalk,high,1158
meeting_minutes,meeting_minutes/minutes/2024/2024-07-29/2024-07-30_city-council-meeting.md,1,2024-07-30,Council,Procedural/Administrative,Procedural-Administrative,,procedural,pass,,,,voice,Voice Pass,crosswalk,high,1159
meeting_minutes,meeting_minutes/minutes/2024/2024-07-29/2024-07-30_city-council-meeting.md,2,2024-07-30,Council,Ceremonial,Ceremonial,,final-action,pass,,,,voice,Voice Pass,crosswalk,high,1160
meeting_minutes,meeting_minutes/minutes/2024/2024-07-29/2024-07-30_city-council-meeting.md,3,2024-07-30,Council,Appointment,Appointment,,final-action,pass,,,,voice,Voice Pass,crosswalk,high,1161
meeting_minutes,meeting_minutes/minutes/2024/2024-07-29/2024-07-30_city-council-meeting.md,4,2024-07-30,Council,Ordinance,Ordinance,,final-action,pass,6,0,,roll-call,6-0 Pass,crosswalk,high,1162
meeting_minutes,meeting_minutes/minutes/2024/2024-07-29/2024-07-30_city-council-meeting.md,5,2024-07-30,Council,Procedural/Administrative,Procedural-Administrative,,procedural,pass,,,,voice,Voice Pass,crosswalk,high,1163
meeting_minutes,meeting_minutes/minutes/2024/2024-08-05/2024-08-06_city-council-meeting.md,1,2024-08-06,Council,Public Hearing Action,Public-Hearing,,procedural,pass,,,,voice,Voice Pass,crosswalk,high,1164
meeting_minutes,meeting_minutes/minutes/2024/2024-08-05/2024-08-06_city-council-meeting.md,2,2024-08-06,Council,Public Hearing Action,Public-Hearing,,procedural,pass,,,,voice,Voice Pass,crosswalk,high,1165
meeting_minutes,meeting_minutes/minutes/2024/2024-08-05/2024-08-06_city-council-meeting.md,3,2024-08-06,Council,Resolution,Budget,,final-action,pass,7,0,,roll-call,7-0 Pass,rule:budget,high,1166
meeting_minutes,meeting_minutes/minutes/2024/2024-08-05/2024-08-06_city-council-meeting.md,4,2024-08-06,Council,Resolution,Resolution,,final-action,pass,7,0,,roll-call,7-0 Pass,crosswalk,high,1167
meeting_minutes,meeting_minutes/minutes/2024/2024-08-05/2024-08-06_city-council-meeting.md,5,2024-08-06,Council,Ordinance,Ordinance,,final-action,pass,7,0,,roll-call,7-0 Pass,crosswalk,high,1168
meeting_minutes,meeting_minutes/minutes/2024/2024-08-05/2024-08-06_city-council-meeting.md,6,2024-08-06,Council,Ordinance,Budget,,final-action,pass,7,0,,roll-call,7-0 Pass,rule:budget,high,1169
meeting_minutes,meeting_minutes/minutes/2024/2024-08-05/2024-08-06_city-council-meeting.md,7,2024-08-06,Council,Procedural/Administrative,Procedural-Administrative,,procedural,unknown,,,,unknown,Recorded,crosswalk,high,1170
meeting_minutes,meeting_minutes/minutes/2024/2024-08-19/2024-08-20_city-council-meeting.md,1,2024-08-20,Council,Procedural/Administrative,Procedural-Administrative,,procedural,pass,,,,voice,Voice Pass,crosswalk,high,1171
meeting_minutes,meeting_minutes/minutes/2024/2024-08-19/2024-08-20_city-council-meeting.md,2,2024-08-20,Council,Appointment,Appointment,,final-action,pass,,,,voice,Voice Pass,crosswalk,high,1172
meeting_minutes,meeting_minutes/minutes/2024/2024-08-19/2024-08-20_city-council-meeting.md,3,2024-08-20,Council,Ordinance,Ordinance,,final-action,pass,5,0,,roll-call,5-0 Pass,crosswalk,high,1173
meeting_minutes,meeting_minutes/minutes/2024/2024-08-19/2024-08-20_city-council-meeting.md,4,2024-08-20,Council,Appointment,Appointment,,final-action,pass,,,,voice,Voice Pass,crosswalk,high,1174
meeting_minutes,meeting_minutes/minutes/2024/2024-08-19/2024-08-20_city-council-meeting.md,5,2024-08-20,Council,Ordinance,Ordinance,,final-action,pass,5,0,,roll-call,5-0 Pass,crosswalk,medium,1175
meeting_minutes,meeting_minutes/minutes/2024/2024-08-19/2024-08-20_city-council-meeting.md,6,2024-08-20,Council,Resolution,Resolution,,final-action,pass,5,0,,roll-call,5-0 Pass,crosswalk,high,1176
meeting_minutes,meeting_minutes/minutes/2024/2024-08-19/2024-08-20_city-council-meeting.md,7,2024-08-20,Council,Procedural/Administrative,Procedural-Administrative,,procedural,pass,,,,voice,Voice Pass,crosswalk,high,1177
meeting_minutes,meeting_minutes/minutes/2024/2024-08-19/2024-08-20_redevelopment-agency.md,1,2024-08-20,RDA,Procedural/Administrative,Procedural-Administrative,,procedural,pass,,,,voice,Voice Pass,crosswalk,high,1178
meeting_minutes,meeting_minutes/minutes/2024/2024-08-19/2024-08-20_redevelopment-agency.md,2,2024-08-20,RDA,Resolution,Land-Use,General-Plan-Amendment,final-action,pass,5,0,,roll-call,5-0 Pass,rule:lu-gpa,high,1179
meeting_minutes,meeting_minutes/minutes/2024/2024-08-19/2024-08-20_redevelopment-agency.md,3,2024-08-20,RDA,Procedural/Administrative,Procedural-Administrative,,procedural,pass,,,,voice,Voice Pass,crosswalk,high,1180
meeting_minutes,meeting_minutes/minutes/2024/2024-09-02/2024-09-03_city-council-meeting.md,1,2024-09-03,Council,Procedural/Administrative,Procedural-Administrative,,procedural,pass,,,,voice,Voice Pass,crosswalk,high,1181
meeting_minutes,meeting_minutes/minutes/2024/2024-09-02/2024-09-03_city-council-meeting.md,2,2024-09-03,Council,Ordinance,Land-Use,Rezone,final-action,pass,7,0,,roll-call,7-0 Pass,rule:lu-rezone,high,1182
meeting_minutes,meeting_minutes/minutes/2024/2024-09-02/2024-09-03_city-council-meeting.md,3,2024-09-03,Council,Resolution,Resolution,,final-action,pass,7,0,,roll-call,7-0 Pass,crosswalk,high,1183
meeting_minutes,meeting_minutes/minutes/2024/2024-09-02/2024-09-03_city-council-meeting.md,4,2024-09-03,Council,Procedural/Administrative,Procedural-Administrative,,procedural,pass,,,,voice,Voice Pass,crosswalk,high,1184
meeting_minutes,meeting_minutes/minutes/2024/2024-09-02/2024-09-03_redevelopment-agency-special.md,1,2024-09-03,RDA,Procedural/Administrative,Procedural-Administrative,,procedural,pass,7,0,,roll-call,7-0 Pass,crosswalk,high,1185
meeting_minutes,meeting_minutes/minutes/2024/2024-09-02/2024-09-03_redevelopment-agency-special.md,2,2024-09-03,RDA,Procedural/Administrative,Procedural-Administrative,,procedural,pass,,,,voice,Voice Pass,crosswalk,high,1186
meeting_minutes,meeting_minutes/minutes/2024/2024-09-09/2024-09-10_city-council-meeting.md,1,2024-09-10,Council,Procedural/Administrative,Procedural-Administrative,,procedural,pass,,,,voice,Voice Pass,crosswalk,high,1187
meeting_minutes,meeting_minutes/minutes/2024/2024-09-09/2024-09-10_city-council-meeting.md,2,2024-09-10,Council,Appointment,Appointment,,final-action,unknown,,,,unknown,Recorded,crosswalk,high,1188
meeting_minutes,meeting_minutes/minutes/2024/2024-09-09/2024-09-10_city-council-meeting.md,3,2024-09-10,Council,Ordinance,Ordinance,,final-action,pass,7,0,,roll-call,7-0 Pass,crosswalk,high,1189
meeting_minutes,meeting_minutes/minutes/2024/2024-09-09/2024-09-10_city-council-meeting.md,4,2024-09-10,Council,Resolution,Resolution,,final-action,pass,7,0,,roll-call,7-0 Pass,crosswalk,high,1190
meeting_minutes,meeting_minutes/minutes/2024/2024-09-09/2024-09-10_city-council-meeting.md,5,2024-09-10,Council,Procedural/Administrative,Procedural-Administrative,,procedural,pass,7,0,,roll-call,7-0 Pass,crosswalk,high,1191
meeting_minutes,meeting_minutes/minutes/2024/2024-09-09/2024-09-10_city-council-meeting.md,6,2024-09-10,Council,Procedural/Administrative,Procedural-Administrative,,procedural,pass,,,,voice,Voice Pass,crosswalk,high,1192
meeting_minutes,meeting_minutes/minutes/2024/2024-09-16/2024-09-17_city-council-meeting.md,1,2024-09-17,Council,Procedural/Administrative,Procedural-Administrative,,procedural,pass,,,,voice,Voice Pass,crosswalk,high,1193
meeting_minutes,meeting_minutes/minutes/2024/2024-09-16/2024-09-17_city-council-meeting.md,2,2024-09-17,Council,Appointment,Appointment,,final-action,pass,,,,voice,Voice Pass,crosswalk,high,1194
meeting_minutes,meeting_minutes/minutes/2024/2024-09-16/2024-09-17_city-council-meeting.md,3,2024-09-17,Council,Resolution,Resolution,,final-action,pass,5,0,,roll-call,5-0 Pass,crosswalk,high,1195
meeting_minutes,meeting_minutes/minutes/2024/2024-09-16/2024-09-17_city-council-meeting.md,4,2024-09-17,Council,Procedural/Administrative,Procedural-Administrative,,procedural,pass,5,0,,roll-call,5-0 Pass,crosswalk,high,1196
meeting_minutes,meeting_minutes/minutes/2024/2024-09-16/2024-09-17_city-council-meeting.md,5,2024-09-17,Council,Procedural/Administrative,Procedural-Administrative,,procedural,pass,,,,voice,Voice Pass,crosswalk,high,1197
meeting_minutes,meeting_minutes/minutes/2024/2024-09-30/2024-10-01_city-council-meeting.md,1,2024-10-01,Council,Procedural/Administrative,Procedural-Administrative,,procedural,pass,,,,voice,Voice Pass,crosswalk,high,1198
meeting_minutes,meeting_minutes/minutes/2024/2024-09-30/2024-10-01_city-council-meeting.md,2,2024-10-01,Council,Appointment,Appointment,,final-action,pass,7,0,,roll-call,7-0 Pass,crosswalk,high,1199
meeting_minutes,meeting_minutes/minutes/2024/2024-09-30/2024-10-01_city-council-meeting.md,3,2024-10-01,Council,Resolution,Resolution,,final-action,pass,7,0,,roll-call,7-0 Pass,crosswalk,high,1200
meeting_minutes,meeting_minutes/minutes/2024/2024-09-30/2024-10-01_city-council-meeting.md,4,2024-10-01,Council,Procedural/Administrative,Procedural-Administrative,,procedural,unknown,,,,unknown,Recorded,crosswalk,high,1201
meeting_minutes,meeting_minutes/minutes/2024/2024-09-30/2024-10-01_redevelopment-agency.md,1,2024-10-01,RDA,Procedural/Administrative,Procedural-Administrative,,procedural,pass,,,,voice,Voice Pass,crosswalk,high,1202
meeting_minutes,meeting_minutes/minutes/2024/2024-09-30/2024-10-01_redevelopment-agency.md,2,2024-10-01,RDA,Procedural/Administrative,Procedural-Administrative,,procedural,pass,7,0,,roll-call,7-0 Pass,crosswalk,high,1203
meeting_minutes,meeting_minutes/minutes/2024/2024-09-30/2024-10-01_redevelopment-agency.md,3,2024-10-01,RDA,Public Hearing Action,Public-Hearing,,procedural,pass,,,,voice,Voice Pass,crosswalk,high,1204
meeting_minutes,meeting_minutes/minutes/2024/2024-09-30/2024-10-01_redevelopment-agency.md,4,2024-10-01,RDA,Resolution,Resolution,,final-action,fail,3,4,,roll-call,3-4 Fail,crosswalk,high,1205
meeting_minutes,meeting_minutes/minutes/2024/2024-09-30/2024-10-01_redevelopment-agency.md,5,2024-10-01,RDA,Public Hearing Action,Public-Hearing,,procedural,pass,,,,voice,Voice Pass,crosswalk,high,1206
meeting_minutes,meeting_minutes/minutes/2024/2024-09-30/2024-10-01_redevelopment-agency.md,6,2024-10-01,RDA,Resolution,Budget,,final-action,pass,7,0,,roll-call,7-0 Pass,rule:budget,high,1207
meeting_minutes,meeting_minutes/minutes/2024/2024-09-30/2024-10-01_redevelopment-agency.md,7,2024-10-01,RDA,Resolution,Land-Use,Development-Agreement,final-action,pass,7,0,,roll-call,7-0 Pass,rule:lu-devagr,high,1208
meeting_minutes,meeting_minutes/minutes/2024/2024-09-30/2024-10-01_redevelopment-agency.md,8,2024-10-01,RDA,Procedural/Administrative,Procedural-Administrative,,procedural,pass,,,,voice,Voice Pass,crosswalk,high,1209
meeting_minutes,meeting_minutes/minutes/2024/2024-10-14/2024-10-15_city-council-meeting.md,1,2024-10-15,Council,Procedural/Administrative,Procedural-Administrative,,procedural,pass,,,,voice,Voice Pass,crosswalk,high,1210
meeting_minutes,meeting_minutes/minutes/2024/2024-10-14/2024-10-15_city-council-meeting.md,2,2024-10-15,Council,Public Hearing Action,Public-Hearing,,procedural,pass,,,,voice,Voice Pass,crosswalk,high,1211
meeting_minutes,meeting_minutes/minutes/2024/2024-10-14/2024-10-15_city-council-meeting.md,3,2024-10-15,Council,Resolution,Resolution,,final-action,pass,7,0,,roll-call,7-0 Pass,crosswalk,high,1212
meeting_minutes,meeting_minutes/minutes/2024/2024-10-14/2024-10-15_city-council-meeting.md,4,2024-10-15,Council,Ordinance,Ordinance,,final-action,pass,,,,voice,Voice Pass,crosswalk,medium,1213
meeting_minutes,meeting_minutes/minutes/2024/2024-10-14/2024-10-15_city-council-meeting.md,5,2024-10-15,Council,Ordinance,Ordinance,,final-action,pass,5,2,,roll-call,5-2 Pass,crosswalk,high,1214
meeting_minutes,meeting_minutes/minutes/2024/2024-10-14/2024-10-15_city-council-meeting.md,6,2024-10-15,Council,Procedural/Administrative,Procedural-Administrative,,procedural,pass,,,,voice,Voice Pass,crosswalk,high,1215
meeting_minutes,meeting_minutes/minutes/2024/2024-10-14/2024-10-15_redevelopment-agency.md,1,2024-10-15,RDA,Procedural/Administrative,Procedural-Administrative,,procedural,pass,,,,voice,Voice Pass,crosswalk,high,1216
meeting_minutes,meeting_minutes/minutes/2024/2024-10-14/2024-10-15_redevelopment-agency.md,2,2024-10-15,RDA,Procedural/Administrative,Procedural-Administrative,,procedural,pass,7,0,,roll-call,7-0 Pass,crosswalk,high,1217
meeting_minutes,meeting_minutes/minutes/2024/2024-10-14/2024-10-15_redevelopment-agency.md,3,2024-10-15,RDA,Procedural/Administrative,Procedural-Administrative,,procedural,pass,,,,voice,Voice Pass,crosswalk,high,1218
meeting_minutes,meeting_minutes/minutes/2024/2024-11-11/2024-11-12_city-council-meeting.md,1,2024-11-12,Council,Procedural/Administrative,Procedural-Administrative,,procedural,pass,,,,voice,Voice Pass,crosswalk,high,1219
meeting_minutes,meeting_minutes/minutes/2024/2024-11-11/2024-11-12_city-council-meeting.md,2,2024-11-12,Council,Ceremonial,Ceremonial,,final-action,pass,,,,voice,Voice Pass,crosswalk,high,1220
meeting_minutes,meeting_minutes/minutes/2024/2024-11-11/2024-11-12_city-council-meeting.md,3,2024-11-12,Council,Appointment,Appointment,,final-action,pass,,,,voice,Voice Pass,crosswalk,high,1221
meeting_minutes,meeting_minutes/minutes/2024/2024-11-11/2024-11-12_city-council-meeting.md,4,2024-11-12,Council,Ordinance,Land-Use,Rezone,final-action,pass,7,0,,roll-call,7-0 Pass,rule:lu-rezone,high,1222
meeting_minutes,meeting_minutes/minutes/2024/2024-11-11/2024-11-12_city-council-meeting.md,5,2024-11-12,Council,Resolution,Interlocal,,final-action,pass,7,0,,roll-call,7-0 Pass,rule:interlocal,high,1223
meeting_minutes,meeting_minutes/minutes/2024/2024-11-11/2024-11-12_city-council-meeting.md,6,2024-11-12,Council,Procedural/Administrative,Procedural-Administrative,,procedural,pass,,,,voice,Voice Pass,crosswalk,high,1224
meeting_minutes,meeting_minutes/minutes/2024/2024-11-11/2024-11-12_redevelopment-agency.md,1,2024-11-12,RDA,Procedural/Administrative,Procedural-Administrative,,procedural,pass,,,,voice,Voice Pass,crosswalk,high,1225
meeting_minutes,meeting_minutes/minutes/2024/2024-11-11/2024-11-12_redevelopment-agency.md,2,2024-11-12,RDA,Procedural/Administrative,Procedural-Administrative,,procedural,pass,7,0,,roll-call,7-0 Pass,crosswalk,high,1226
meeting_minutes,meeting_minutes/minutes/2024/2024-11-11/2024-11-12_redevelopment-agency.md,3,2024-11-12,RDA,Procedural/Administrative,Procedural-Administrative,,procedural,pass,,,,voice,Voice Pass,crosswalk,high,1227
meeting_minutes,meeting_minutes/minutes/2024/2024-11-18/2024-11-19_city-council-meeting.md,1,2024-11-19,Council,Procedural/Administrative,Procedural-Administrative,,procedural,pass,,,,voice,Voice Pass,crosswalk,high,1228
meeting_minutes,meeting_minutes/minutes/2024/2024-11-18/2024-11-19_city-council-meeting.md,2,2024-11-19,Council,Public Hearing Action,Public-Hearing,,procedural,pass,,,,voice,Voice Pass,crosswalk,high,1229
meeting_minutes,meeting_minutes/minutes/2024/2024-11-18/2024-11-19_city-council-meeting.md,3,2024-11-19,Council,Procedural/Administrative,Procedural-Administrative,,procedural,pass,,,,voice,Voice Pass,crosswalk,high,1230
meeting_minutes,meeting_minutes/minutes/2024/2024-11-18/2024-11-19_redevelopment-agency.md,1,2024-11-19,RDA,Resolution,Resolution,,final-action,unknown,,,,unknown,Recorded,crosswalk,high,1231
meeting_minutes,meeting_minutes/minutes/2024/2024-11-18/2024-11-19_redevelopment-agency.md,2,2024-11-19,RDA,Resolution,Resolution,,final-action,pass,4,1,,roll-call,4-1 Pass,crosswalk,medium,1232
meeting_minutes,meeting_minutes/minutes/2024/2024-11-18/2024-11-19_redevelopment-agency.md,3,2024-11-19,RDA,Resolution,Land-Use,Development-Agreement,final-action,pass,5,0,,roll-call,5-0 Pass,rule:lu-devagr,high,1233
meeting_minutes,meeting_minutes/minutes/2024/2024-11-18/2024-11-19_redevelopment-agency.md,4,2024-11-19,RDA,Procedural/Administrative,Procedural-Administrative,,procedural,pass,,,,voice,Voice Pass,crosswalk,high,1234
meeting_minutes,meeting_minutes/minutes/2024/2024-12-02/2024-12-03_city-council-meeting.md,1,2024-12-03,Council,Appointment,Appointment,,final-action,pass,,,,voice,Voice Pass,crosswalk,high,1235
meeting_minutes,meeting_minutes/minutes/2024/2024-12-02/2024-12-03_city-council-meeting.md,2,2024-12-03,Council,Appointment,Appointment,,final-action,pass,,,,voice,Voice Pass,crosswalk,high,1236
meeting_minutes,meeting_minutes/minutes/2024/2024-12-02/2024-12-03_city-council-meeting.md,3,2024-12-03,Council,Public Hearing Action,Public-Hearing,,procedural,pass,,,,voice,Voice Pass,crosswalk,high,1237
meeting_minutes,meeting_minutes/minutes/2024/2024-12-02/2024-12-03_city-council-meeting.md,4,2024-12-03,Council,Ordinance,Budget,,final-action,pass,7,0,,roll-call,7-0 Pass,rule:budget,high,1238
meeting_minutes,meeting_minutes/minutes/2024/2024-12-02/2024-12-03_city-council-meeting.md,5,2024-12-03,Council,Ordinance,Land-Use,Rezone,final-action,pass,6,1,,roll-call,6-1 Pass,rule:lu-rezone,high,1239
meeting_minutes,meeting_minutes/minutes/2024/2024-12-02/2024-12-03_city-council-meeting.md,6,2024-12-03,Council,Resolution,Resolution,,final-action,unknown,,,,unknown,Recorded,crosswalk,high,1240
meeting_minutes,meeting_minutes/minutes/2024/2024-12-02/2024-12-03_city-council-meeting.md,7,2024-12-03,Council,Procedural/Administrative,Procedural-Administrative,,procedural,pass,,,,voice,Voice Pass,crosswalk,high,1241
meeting_minutes,meeting_minutes/minutes/2024/2024-12-02/2024-12-03_redevelopment-agency.md,1,2024-12-03,RDA,Procedural/Administrative,Public-Hearing,,procedural,pass,,,,voice,Voice Pass,rule:ph-openclose,high,1242
meeting_minutes,meeting_minutes/minutes/2024/2024-12-02/2024-12-03_redevelopment-agency.md,2,2024-12-03,RDA,Procedural/Administrative,Procedural-Administrative,,procedural,pass,,,,voice,Voice Pass,crosswalk,high,1243
meeting_minutes,meeting_minutes/minutes/2024/2024-12-09/2024-12-10_city-council-meeting.md,1,2024-12-10,Council,Appointment,Appointment,,final-action,pass,,,,voice,Voice Pass,crosswalk,high,1244
meeting_minutes,meeting_minutes/minutes/2024/2024-12-09/2024-12-10_city-council-meeting.md,2,2024-12-10,Council,Procedural/Administrative,Procedural-Administrative,,procedural,pass,7,0,,roll-call,7-0 Pass,crosswalk,high,1245
meeting_minutes,meeting_minutes/minutes/2024/2024-12-09/2024-12-10_city-council-meeting.md,3,2024-12-10,Council,Procedural/Administrative,Procedural-Administrative,,procedural,pass,,,,voice,Voice Pass,crosswalk,high,1246
meeting_minutes,meeting_minutes/minutes/2024/2024-12-09/2024-12-10_redevelopment-agency.md,1,2024-12-10,RDA,Procedural/Administrative,Procedural-Administrative,,procedural,pass,,,,voice,Voice Pass,crosswalk,high,1247
meeting_minutes,meeting_minutes/minutes/2024/2024-12-09/2024-12-10_redevelopment-agency.md,2,2024-12-10,RDA,Procedural/Administrative,Procedural-Administrative,,procedural,pass,7,0,,roll-call,7-0 Pass,crosswalk,high,1248
meeting_minutes,meeting_minutes/minutes/2024/2024-12-09/2024-12-10_redevelopment-agency.md,3,2024-12-10,RDA,Public Hearing Action,Public-Hearing,,procedural,pass,,,,voice,Voice Pass,crosswalk,high,1249
meeting_minutes,meeting_minutes/minutes/2024/2024-12-09/2024-12-10_redevelopment-agency.md,4,2024-12-10,RDA,Resolution,Contract-Purchase,,final-action,pass,5,2,,roll-call,5-2 Pass,rule:contract,high,1250
meeting_minutes,meeting_minutes/minutes/2024/2024-12-09/2024-12-10_redevelopment-agency.md,5,2024-12-10,RDA,Resolution,Resolution,,final-action,pass,7,0,,roll-call,7-0 Pass,crosswalk,high,1251
meeting_minutes,meeting_minutes/minutes/2024/2024-12-09/2024-12-10_redevelopment-agency.md,6,2024-12-10,RDA,Resolution,Budget,,final-action,pass,7,0,,roll-call,7-0 Pass,rule:budget,high,1252
meeting_minutes,meeting_minutes/minutes/2024/2024-12-09/2024-12-10_redevelopment-agency.md,7,2024-12-10,RDA,Procedural/Administrative,Procedural-Administrative,,procedural,pass,,,,voice,Voice Pass,crosswalk,high,1253
meeting_minutes,meeting_minutes/minutes/2024/2024-12-16/2024-12-17_city-council-meeting.md,1,2024-12-17,Council,Procedural/Administrative,Procedural-Administrative,,procedural,pass,,,,voice,Voice Pass,crosswalk,high,1254
meeting_minutes,meeting_minutes/minutes/2024/2024-12-16/2024-12-17_city-council-meeting.md,2,2024-12-17,Council,Ordinance,Ordinance,,final-action,pass,7,0,,roll-call,7-0 Pass,crosswalk,high,1255
meeting_minutes,meeting_minutes/minutes/2024/2024-12-16/2024-12-17_city-council-meeting.md,3,2024-12-17,Council,Public Hearing Action,Public-Hearing,,procedural,pass,,,,voice,Voice Pass,crosswalk,high,1256
meeting_minutes,meeting_minutes/minutes/2024/2024-12-16/2024-12-17_city-council-meeting.md,4,2024-12-17,Council,Resolution,Resolution,,final-action,pass,7,0,,roll-call,7-0 Pass,crosswalk,high,1257
meeting_minutes,meeting_minutes/minutes/2024/2024-12-16/2024-12-17_city-council-meeting.md,5,2024-12-17,Council,Ordinance,Budget,,final-action,pass,7,0,,roll-call,7-0 Pass,rule:budget,high,1258
meeting_minutes,meeting_minutes/minutes/2024/2024-12-16/2024-12-17_city-council-meeting.md,6,2024-12-17,Council,Public Hearing Action,Public-Hearing,,procedural,pass,,,,voice,Voice Pass,crosswalk,high,1259
meeting_minutes,meeting_minutes/minutes/2024/2024-12-16/2024-12-17_city-council-meeting.md,7,2024-12-17,Council,Ordinance,Ordinance,,final-action,pass,7,0,,roll-call,7-0 Pass,crosswalk,high,1260
meeting_minutes,meeting_minutes/minutes/2024/2024-12-16/2024-12-17_city-council-meeting.md,8,2024-12-17,Council,Ordinance,Ordinance,,final-action,pass,7,0,,roll-call,7-0 Pass,crosswalk,high,1261
meeting_minutes,meeting_minutes/minutes/2024/2024-12-16/2024-12-17_city-council-meeting.md,9,2024-12-17,Council,Ordinance,Ordinance,,final-action,pass,7,0,,roll-call,7-0 Pass,crosswalk,high,1262
meeting_minutes,meeting_minutes/minutes/2024/2024-12-16/2024-12-17_city-council-meeting.md,10,2024-12-17,Council,Ordinance,Ordinance,,final-action,pass,7,0,,roll-call,7-0 Pass,crosswalk,high,1263
meeting_minutes,meeting_minutes/minutes/2024/2024-12-16/2024-12-17_city-council-meeting.md,11,2024-12-17,Council,Public Hearing Action,Public-Hearing,,procedural,pass,,,,voice,Voice Pass,crosswalk,high,1264
meeting_minutes,meeting_minutes/minutes/2024/2024-12-16/2024-12-17_city-council-meeting.md,12,2024-12-17,Council,Ordinance,Ordinance,,final-action,pass,7,0,,roll-call,7-0 Pass,crosswalk,high,1265
meeting_minutes,meeting_minutes/minutes/2024/2024-12-16/2024-12-17_city-council-meeting.md,13,2024-12-17,Council,Procedural/Administrative,Procedural-Administrative,,procedural,pass,,,,voice,Voice Pass,crosswalk,high,1266
meeting_minutes,pmn_backfill/minutes/2025-01-07_city-council-meeting.md,1,2025-01-07,Council,Procedural/Administrative,Procedural-Administrative,,procedural,pass,,,,voice,Voice Pass,crosswalk,high,1267
meeting_minutes,pmn_backfill/minutes/2025-01-07_city-council-meeting.md,2,2025-01-07,Council,Other,Procedural-Administrative,,procedural,pass,,,,voice,Voice Pass,rule:proc-report,medium,1268
meeting_minutes,pmn_backfill/minutes/2025-01-07_city-council-meeting.md,3,2025-01-07,Council,Other,Procedural-Administrative,,procedural,pass,,,,voice,Voice Pass,rule:proc-report,medium,1269
meeting_minutes,pmn_backfill/minutes/2025-01-07_city-council-meeting.md,4,2025-01-07,Council,Resolution,Resolution,,final-action,pass,7,0,,roll-call,7-0 Pass,crosswalk,high,1270
meeting_minutes,pmn_backfill/minutes/2025-01-07_city-council-meeting.md,5,2025-01-07,Council,Resolution,Land-Use,Subdivision-Plat,final-action,pass,7,0,,roll-call,7-0 Pass,rule:lu-subdiv,high,1271
meeting_minutes,pmn_backfill/minutes/2025-01-07_city-council-meeting.md,6,2025-01-07,Council,Ordinance,Ordinance,,final-action,pass,7,0,,roll-call,7-0 Pass,crosswalk,high,1272
meeting_minutes,pmn_backfill/minutes/2025-01-07_city-council-meeting.md,7,2025-01-07,Council,Procedural/Administrative,Procedural-Administrative,,procedural,pass,,,,voice,Voice Pass,crosswalk,high,1273
meeting_minutes,meeting_minutes/minutes/2025/2025-01-13/2025-01-14_city-council-special-meeting.md,1,2025-01-14,Council,Procedural/Administrative,Procedural-Administrative,,procedural,pass,,,,voice,Voice Pass,crosswalk,high,1274
meeting_minutes,meeting_minutes/minutes/2025/2025-01-13/2025-01-14_city-council-special-meeting.md,2,2025-01-14,Council,Resolution,Resolution,,final-action,pass,6,0,,roll-call,6-0 Pass,crosswalk,high,1275
meeting_minutes,meeting_minutes/minutes/2025/2025-01-13/2025-01-14_city-council-special-meeting.md,3,2025-01-14,Council,Resolution,Resolution,,final-action,pass,,,,voice,Voice Pass,crosswalk,high,1276
meeting_minutes,meeting_minutes/minutes/2025/2025-01-13/2025-01-14_city-council-special-meeting.md,4,2025-01-14,Council,Procedural/Administrative,Procedural-Administrative,,procedural,pass,,,,voice,Voice Pass,crosswalk,high,1277
meeting_minutes,meeting_minutes/minutes/2025/2025-01-20/2025-01-21_city-council-meeting.md,1,2025-01-21,Council,Ordinance,Ordinance,,final-action,pass,6,0,,roll-call,6-0 Pass,crosswalk,high,1278
meeting_minutes,meeting_minutes/minutes/2025/2025-01-20/2025-01-21_city-council-meeting.md,2,2025-01-21,Council,Procedural/Administrative,Procedural-Administrative,,procedural,pass,,,,voice,Voice Pass,crosswalk,high,1279
meeting_minutes,meeting_minutes/minutes/2025/2025-02-03/2025-02-04_city-council-meeting.md,1,2025-02-04,Council,Procedural/Administrative,Procedural-Administrative,,procedural,pass,,,,voice,Voice Pass,crosswalk,high,1280
meeting_minutes,meeting_minutes/minutes/2025/2025-02-03/2025-02-04_city-council-meeting.md,2,2025-02-04,Council,Public Hearing Action,Public-Hearing,,procedural,pass,,,,voice,Voice Pass,crosswalk,high,1281
meeting_minutes,meeting_minutes/minutes/2025/2025-02-03/2025-02-04_city-council-meeting.md,3,2025-02-04,Council,Ordinance,Budget,,final-action,pass,7,0,,roll-call,7-0 Pass,rule:budget,high,1282
meeting_minutes,meeting_minutes/minutes/2025/2025-02-03/2025-02-04_city-council-meeting.md,4,2025-02-04,Council,Ordinance,Land-Use,Rezone,final-action,pass,7,0,,roll-call,7-0 Pass,rule:lu-rezone,high,1283
meeting_minutes,meeting_minutes/minutes/2025/2025-02-03/2025-02-04_city-council-meeting.md,5,2025-02-04,Council,Ordinance,Land-Use,Rezone,final-action,pass,7,0,,roll-call,7-0 Pass,rule:lu-rezone,high,1284
meeting_minutes,meeting_minutes/minutes/2025/2025-02-03/2025-02-04_city-council-meeting.md,6,2025-02-04,Council,Ordinance,Ordinance,,final-action,pass,7,0,,roll-call,7-0 Pass,crosswalk,medium,1285
meeting_minutes,meeting_minutes/minutes/2025/2025-02-03/2025-02-04_city-council-meeting.md,7,2025-02-04,Council,Procedural/Administrative,Procedural-Administrative,,procedural,unknown,,,,unknown,Recorded,crosswalk,high,1286
meeting_minutes,meeting_minutes/minutes/2025/2025-02-10/2025-02-11_city-council-meeting.md,1,2025-02-11,Council,Ordinance,Land-Use,Rezone,final-action,pass,5,1,,roll-call,5-1 Pass,rule:lu-rezone,high,1287
meeting_minutes,meeting_minutes/minutes/2025/2025-02-10/2025-02-11_city-council-meeting.md,2,2025-02-11,Council,Procedural/Administrative,Procedural-Administrative,,procedural,pass,,,,voice,Voice Pass,crosswalk,high,1288
meeting_minutes,meeting_minutes/minutes/2025/2025-02-10/2025-02-11_redevelopment-agency.md,1,2025-02-11,RDA,Procedural/Administrative,Procedural-Administrative,,procedural,pass,,,,voice,Voice Pass,crosswalk,high,1289
meeting_minutes,meeting_minutes/minutes/2025/2025-02-10/2025-02-11_redevelopment-agency.md,2,2025-02-11,RDA,Other,Procedural-Administrative,,procedural,pass,,,,voice,Voice Pass,rule:proc-report,medium,1290
meeting_minutes,meeting_minutes/minutes/2025/2025-02-10/2025-02-11_redevelopment-agency.md,3,2025-02-11,RDA,Procedural/Administrative,Procedural-Administrative,,procedural,pass,,,,voice,Voice Pass,crosswalk,high,1291
meeting_minutes,meeting_minutes/minutes/2025/2025-02-17/2025-02-18_city-council-meeting.md,1,2025-02-18,Council,Ordinance,Ordinance,,final-action,pass,7,0,,roll-call,7-0 Pass,crosswalk,high,1292
meeting_minutes,meeting_minutes/minutes/2025/2025-02-17/2025-02-18_city-council-meeting.md,2,2025-02-18,Council,Resolution,Resolution,,final-action,pass,7,0,,roll-call,7-0 Pass,crosswalk,high,1293
meeting_minutes,meeting_minutes/minutes/2025/2025-02-17/2025-02-18_city-council-meeting.md,3,2025-02-18,Council,Procedural/Administrative,Procedural-Administrative,,procedural,unknown,,,,unknown,Recorded,crosswalk,high,1294
meeting_minutes,meeting_minutes/minutes/2025/2025-02-17/2025-02-18_redevelopment-agency.md,1,2025-02-18,RDA,Resolution,Resolution,,final-action,pass,7,0,,roll-call,7-0 Pass,crosswalk,high,1295
meeting_minutes,meeting_minutes/minutes/2025/2025-02-17/2025-02-18_redevelopment-agency.md,2,2025-02-18,RDA,Procedural/Administrative,Procedural-Administrative,,procedural,pass,7,0,,roll-call,7-0 Pass,crosswalk,high,1296
meeting_minutes,meeting_minutes/minutes/2025/2025-02-17/2025-02-18_redevelopment-agency.md,3,2025-02-18,RDA,Procedural/Administrative,Procedural-Administrative,,procedural,pass,,,,voice,Voice Pass,crosswalk,high,1297
meeting_minutes,meeting_minutes/minutes/2025/2025-03-03/2025-03-04_city-council-meeting.md,1,2025-03-04,Council,Procedural/Administrative,Procedural-Administrative,,procedural,pass,,,,voice,Voice Pass,crosswalk,high,1298
meeting_minutes,meeting_minutes/minutes/2025/2025-03-03/2025-03-04_city-council-meeting.md,2,2025-03-04,Council,Public Hearing Action,Public-Hearing,,procedural,pass,,,,voice,Voice Pass,crosswalk,high,1299
meeting_minutes,meeting_minutes/minutes/2025/2025-03-03/2025-03-04_city-council-meeting.md,3,2025-03-04,Council,Ordinance,Budget,,final-action,pass,7,0,,roll-call,7-0 Pass,rule:budget,high,1300
meeting_minutes,meeting_minutes/minutes/2025/2025-03-03/2025-03-04_city-council-meeting.md,4,2025-03-04,Council,Procedural/Administrative,Procedural-Administrative,,procedural,unknown,,,,unknown,Recorded,crosswalk,high,1301
meeting_minutes,meeting_minutes/minutes/2025/2025-03-03/2025-03-04_redevelopment-agency.md,1,2025-03-04,RDA,Public Hearing Action,Public-Hearing,,procedural,pass,,,,voice,Voice Pass,crosswalk,high,1302
meeting_minutes,meeting_minutes/minutes/2025/2025-03-03/2025-03-04_redevelopment-agency.md,2,2025-03-04,RDA,Resolution,Budget,,final-action,pass,7,0,,roll-call,7-0 Pass,rule:budget,high,1303
meeting_minutes,meeting_minutes/minutes/2025/2025-03-03/2025-03-04_redevelopment-agency.md,3,2025-03-04,RDA,Procedural/Administrative,Procedural-Administrative,,procedural,pass,,,,voice,Voice Pass,crosswalk,high,1304
meeting_minutes,meeting_minutes/minutes/2025/2025-03-10/2025-03-11_redevelopment-agency.md,1,2025-03-11,RDA,Resolution,Interlocal,,final-action,pass,6,0,,roll-call,6-0 Pass,rule:interlocal,high,1305
meeting_minutes,meeting_minutes/minutes/2025/2025-03-10/2025-03-11_redevelopment-agency.md,2,2025-03-11,RDA,Resolution,Resolution,,final-action,pass,6,0,,roll-call,6-0 Pass,crosswalk,medium,1306
meeting_minutes,meeting_minutes/minutes/2025/2025-03-10/2025-03-11_redevelopment-agency.md,3,2025-03-11,RDA,Resolution,Resolution,,final-action,unknown,,,,unknown,Recorded,crosswalk,high,1307
meeting_minutes,meeting_minutes/minutes/2025/2025-03-10/2025-03-11_redevelopment-agency.md,4,2025-03-11,RDA,Procedural/Administrative,Procedural-Administrative,,procedural,pass,,,,voice,Voice Pass,crosswalk,high,1308
meeting_minutes,meeting_minutes/minutes/2025/2025-03-17/2025-03-18_city-council-meeting.md,1,2025-03-18,Council,Procedural/Administrative,Procedural-Administrative,,procedural,pass,,,,voice,Voice Pass,crosswalk,high,1309
meeting_minutes,meeting_minutes/minutes/2025/2025-03-17/2025-03-18_city-council-meeting.md,2,2025-03-18,Council,Resolution,Appointment,,final-action,pass,7,0,,roll-call,7-0 Pass,rule:appoint,high,1310
meeting_minutes,meeting_minutes/minutes/2025/2025-03-17/2025-03-18_city-council-meeting.md,3,2025-03-18,Council,Public Hearing Action,Public-Hearing,,procedural,pass,,,,voice,Voice Pass,crosswalk,high,1311
meeting_minutes,meeting_minutes/minutes/2025/2025-03-17/2025-03-18_city-council-meeting.md,4,2025-03-18,Council,Procedural/Administrative,Procedural-Administrative,,procedural,pass,7,0,,roll-call,7-0 Pass,crosswalk,high,1312
meeting_minutes,meeting_minutes/minutes/2025/2025-03-17/2025-03-18_city-council-meeting.md,5,2025-03-18,Council,Procedural/Administrative,Procedural-Administrative,,procedural,pass,,,,voice,Voice Pass,crosswalk,high,1313
meeting_minutes,meeting_minutes/minutes/2025/2025-03-31/2025-04-01_city-council-meeting.md,1,2025-04-01,Council,Procedural/Administrative,Procedural-Administrative,,procedural,pass,,,,voice,Voice Pass,crosswalk,high,1314
meeting_minutes,meeting_minutes/minutes/2025/2025-03-31/2025-04-01_city-council-meeting.md,2,2025-04-01,Council,Resolution,Resolution,,final-action,pass,7,0,,roll-call,7-0 Pass,crosswalk,medium,1315
meeting_minutes,meeting_minutes/minutes/2025/2025-03-31/2025-04-01_city-council-meeting.md,3,2025-04-01,Council,Resolution,Resolution,,final-action,unknown,,,,unknown,Recorded,crosswalk,high,1316
meeting_minutes,meeting_minutes/minutes/2025/2025-03-31/2025-04-01_city-council-meeting.md,4,2025-04-01,Council,Resolution,Resolution,,final-action,pass,7,0,,roll-call,7-0 Pass,crosswalk,high,1317
meeting_minutes,meeting_minutes/minutes/2025/2025-03-31/2025-04-01_city-council-meeting.md,5,2025-04-01,Council,Procedural/Administrative,Procedural-Administrative,,procedural,unknown,,,,unknown,Recorded,crosswalk,high,1318
meeting_minutes,meeting_minutes/minutes/2025/2025-03-31/2025-04-01_municipal-building-authority.md,1,2025-04-01,MBA,Public Hearing Action,Public-Hearing,,procedural,pass,,,,voice,Voice Pass,crosswalk,high,1319
meeting_minutes,meeting_minutes/minutes/2025/2025-03-31/2025-04-01_municipal-building-authority.md,2,2025-04-01,MBA,Resolution,Resolution,,final-action,pass,5,0,,roll-call,5-0 Pass,crosswalk,high,1320
meeting_minutes,meeting_minutes/minutes/2025/2025-03-31/2025-04-01_municipal-building-authority.md,3,2025-04-01,MBA,Resolution,Budget,,final-action,pass,5,0,,roll-call,5-0 Pass,rule:budget,high,1321
meeting_minutes,meeting_minutes/minutes/2025/2025-03-31/2025-04-01_municipal-building-authority.md,4,2025-04-01,MBA,Procedural/Administrative,Procedural-Administrative,,procedural,pass,,,,voice,Voice Pass,crosswalk,high,1322
meeting_minutes,meeting_minutes/minutes/2025/2025-04-14/2025-04-15_city-council-meeting.md,1,2025-04-15,Council,Procedural/Administrative,Procedural-Administrative,,procedural,pass,,,,voice,Voice Pass,crosswalk,high,1323
meeting_minutes,meeting_minutes/minutes/2025/2025-04-14/2025-04-15_city-council-meeting.md,2,2025-04-15,Council,Resolution,Resolution,,final-action,pass,7,0,,roll-call,7-0 Pass,crosswalk,medium,1324
meeting_minutes,meeting_minutes/minutes/2025/2025-04-14/2025-04-15_city-council-meeting.md,3,2025-04-15,Council,Procedural/Administrative,Procedural-Administrative,,procedural,unknown,,,,unknown,Recorded,crosswalk,high,1325
meeting_minutes,meeting_minutes/minutes/2025/2025-05-05/2025-05-06_city-council-meeting.md,1,2025-05-06,Council,Procedural/Administrative,Procedural-Administrative,,procedural,pass,6,0,,roll-call,6-0 Pass,crosswalk,high,1326
meeting_minutes,meeting_minutes/minutes/2025/2025-05-05/2025-05-06_city-council-meeting.md,2,2025-05-06,Council,Procedural/Administrative,Procedural-Administrative,,procedural,pass,,,,voice,Voice Pass,crosswalk,high,1327
meeting_minutes,meeting_minutes/minutes/2025/2025-05-05/2025-05-06_city-council-meeting.md,3,2025-05-06,Council,Public Hearing Action,Public-Hearing,,procedural,pass,,,,voice,Voice Pass,crosswalk,high,1328
meeting_minutes,meeting_minutes/minutes/2025/2025-05-05/2025-05-06_city-council-meeting.md,4,2025-05-06,Council,Ordinance,Ordinance,,final-action,pass,7,0,,roll-call,7-0 Pass,crosswalk,high,1329
meeting_minutes,meeting_minutes/minutes/2025/2025-05-05/2025-05-06_city-council-meeting.md,5,2025-05-06,Council,Ordinance,Budget,,final-action,pass,7,0,,roll-call,7-0 Pass,rule:budget,high,1330
meeting_minutes,meeting_minutes/minutes/2025/2025-05-05/2025-05-06_city-council-meeting.md,6,2025-05-06,Council,Public Hearing Action,Public-Hearing,,procedural,pass,,,,voice,Voice Pass,crosswalk,high,1331
meeting_minutes,meeting_minutes/minutes/2025/2025-05-05/2025-05-06_city-council-meeting.md,7,2025-05-06,Council,Ordinance,Ordinance,,final-action,pass,7,0,,roll-call,7-0 Pass,crosswalk,high,1332
meeting_minutes,meeting_minutes/minutes/2025/2025-05-05/2025-05-06_city-council-meeting.md,8,2025-05-06,Council,Other,Budget,,final-action,pass,,,,voice,Voice Pass,rule:budget,high,1333
meeting_minutes,meeting_minutes/minutes/2025/2025-05-05/2025-05-06_city-council-meeting.md,9,2025-05-06,Council,Procedural/Administrative,Procedural-Administrative,,procedural,unknown,,,,unknown,Recorded,crosswalk,high,1334
meeting_minutes,meeting_minutes/minutes/2025/2025-05-12/2025-05-13_city-council-meeting.md,1,2025-05-13,Council,Public Hearing Action,Public-Hearing,,procedural,pass,,,,voice,Voice Pass,crosswalk,high,1335
meeting_minutes,meeting_minutes/minutes/2025/2025-05-12/2025-05-13_city-council-meeting.md,2,2025-05-13,Council,Resolution,Resolution,,final-action,pass,7,0,,roll-call,7-0 Pass,crosswalk,high,1336
meeting_minutes,meeting_minutes/minutes/2025/2025-05-12/2025-05-13_city-council-meeting.md,3,2025-05-13,Council,Resolution,Resolution,,final-action,pass,7,0,,roll-call,7-0 Pass,crosswalk,high,1337
meeting_minutes,meeting_minutes/minutes/2025/2025-05-12/2025-05-13_city-council-meeting.md,4,2025-05-13,Council,Resolution,Resolution,,final-action,pass,7,0,,roll-call,7-0 Pass,crosswalk,high,1338
meeting_minutes,meeting_minutes/minutes/2025/2025-05-12/2025-05-13_city-council-meeting.md,5,2025-05-13,Council,Resolution,Resolution,,final-action,pass,7,0,,roll-call,7-0 Pass,crosswalk,high,1339
meeting_minutes,meeting_minutes/minutes/2025/2025-05-12/2025-05-13_city-council-meeting.md,6,2025-05-13,Council,Resolution,Interlocal,,final-action,pass,7,0,,roll-call,7-0 Pass,rule:interlocal,high,1340
meeting_minutes,meeting_minutes/minutes/2025/2025-05-12/2025-05-13_city-council-meeting.md,7,2025-05-13,Council,Procedural/Administrative,Procedural-Administrative,,procedural,pass,,,,voice,Voice Pass,crosswalk,high,1341
meeting_minutes,meeting_minutes/minutes/2025/2025-05-12/2025-05-13_municipal-building-authority.md,1,2025-05-13,MBA,Resolution,Public-Hearing,,procedural,unknown,,,,unknown,Recorded,rule:ph-openclose,high,1342
meeting_minutes,meeting_minutes/minutes/2025/2025-05-12/2025-05-13_municipal-building-authority.md,2,2025-05-13,MBA,Procedural/Administrative,Procedural-Administrative,,procedural,pass,,,,voice,Voice Pass,crosswalk,high,1343
meeting_minutes,meeting_minutes/minutes/2025/2025-05-12/2025-05-13_redevelopment-agency.md,1,2025-05-13,RDA,Procedural/Administrative,Procedural-Administrative,,procedural,pass,,,,voice,Voice Pass,crosswalk,high,1344
meeting_minutes,meeting_minutes/minutes/2025/2025-05-12/2025-05-13_redevelopment-agency.md,2,2025-05-13,RDA,Resolution,Budget,,final-action,pass,7,0,,roll-call,7-0 Pass,rule:budget,high,1345
meeting_minutes,meeting_minutes/minutes/2025/2025-05-12/2025-05-13_redevelopment-agency.md,3,2025-05-13,RDA,Resolution,Interlocal,,final-action,pass,7,0,,roll-call,7-0 Pass,rule:interlocal,high,1346
meeting_minutes,meeting_minutes/minutes/2025/2025-05-12/2025-05-13_redevelopment-agency.md,4,2025-05-13,RDA,Resolution,Interlocal,,final-action,pass,7,0,,roll-call,7-0 Pass,rule:interlocal,high,1347
meeting_minutes,meeting_minutes/minutes/2025/2025-05-12/2025-05-13_redevelopment-agency.md,5,2025-05-13,RDA,Resolution,Interlocal,,final-action,pass,7,0,,roll-call,7-0 Pass,rule:interlocal,high,1348
meeting_minutes,meeting_minutes/minutes/2025/2025-05-12/2025-05-13_redevelopment-agency.md,6,2025-05-13,RDA,Resolution,Resolution,,final-action,pass,6,1,,roll-call,6-1 Pass,crosswalk,medium,1349
meeting_minutes,meeting_minutes/minutes/2025/2025-05-12/2025-05-13_redevelopment-agency.md,7,2025-05-13,RDA,Resolution,Public-Hearing,,procedural,pass,,,,voice,Voice Pass,rule:ph-openclose,high,1350
meeting_minutes,meeting_minutes/minutes/2025/2025-05-12/2025-05-13_redevelopment-agency.md,8,2025-05-13,RDA,Procedural/Administrative,Procedural-Administrative,,procedural,pass,,,,voice,Voice Pass,crosswalk,high,1351
meeting_minutes,meeting_minutes/minutes/2025/2025-05-19/2025-05-20_city-council-meeting.md,1,2025-05-20,Council,Procedural/Administrative,Procedural-Administrative,,procedural,pass,,,,voice,Voice Pass,crosswalk,high,1352
meeting_minutes,meeting_minutes/minutes/2025/2025-05-19/2025-05-20_city-council-meeting.md,2,2025-05-20,Council,Appointment,Appointment,,final-action,unknown,,,,unknown,Recorded,crosswalk,high,1353
meeting_minutes,meeting_minutes/minutes/2025/2025-05-19/2025-05-20_city-council-meeting.md,3,2025-05-20,Council,Appointment,Appointment,,final-action,pass,,,,voice,Voice Pass,crosswalk,high,1354
meeting_minutes,meeting_minutes/minutes/2025/2025-05-19/2025-05-20_city-council-meeting.md,4,2025-05-20,Council,Public Hearing Action,Public-Hearing,,procedural,pass,,,,voice,Voice Pass,crosswalk,high,1355
meeting_minutes,meeting_minutes/minutes/2025/2025-05-19/2025-05-20_city-council-meeting.md,5,2025-05-20,Council,Ordinance,Budget,,final-action,pass,6,0,,roll-call,6-0 Pass,rule:budget,high,1356
meeting_minutes,meeting_minutes/minutes/2025/2025-05-19/2025-05-20_city-council-meeting.md,6,2025-05-20,Council,Land-Use/Zoning,Land-Use,Rezone,final-action,died,,,,unknown,Recorded,rule:lu-rezone,high,1357
meeting_minutes,meeting_minutes/minutes/2025/2025-05-19/2025-05-20_city-council-meeting.md,7,2025-05-20,Council,Ordinance,Ordinance,,final-action,pass,5,1,,roll-call,5-1 Pass,crosswalk,high,1358
meeting_minutes,meeting_minutes/minutes/2025/2025-05-19/2025-05-20_city-council-meeting.md,8,2025-05-20,Council,Contract/Purchase,Public-Hearing,,procedural,pass,,,,voice,Voice Pass,rule:ph-openclose,high,1359
meeting_minutes,meeting_minutes/minutes/2025/2025-05-19/2025-05-20_city-council-meeting.md,9,2025-05-20,Council,Procedural/Administrative,Procedural-Administrative,,procedural,pass,6,0,,roll-call,6-0 Pass,crosswalk,high,1360
meeting_minutes,meeting_minutes/minutes/2025/2025-05-19/2025-05-20_city-council-meeting.md,10,2025-05-20,Council,Procedural/Administrative,Procedural-Administrative,,procedural,unknown,,,,unknown,Recorded,crosswalk,high,1361
meeting_minutes,meeting_minutes/minutes/2025/2025-05-19/2025-05-20_redevelopment-agency.md,1,2025-05-20,RDA,Public Hearing Action,Public-Hearing,,procedural,pass,,,,voice,Voice Pass,crosswalk,high,1362
meeting_minutes,meeting_minutes/minutes/2025/2025-05-19/2025-05-20_redevelopment-agency.md,2,2025-05-20,RDA,Resolution,Budget,,final-action,pass,6,0,,roll-call,6-0 Pass,rule:budget,high,1363
meeting_minutes,meeting_minutes/minutes/2025/2025-05-19/2025-05-20_redevelopment-agency.md,3,2025-05-20,RDA,Procedural/Administrative,Procedural-Administrative,,procedural,pass,,,,voice,Voice Pass,crosswalk,high,1364
meeting_minutes,meeting_minutes/minutes/2025/2025-06-02/2025-06-03_city-council-meeting.md,1,2025-06-03,Council,Procedural/Administrative,Procedural-Administrative,,procedural,pass,,,,voice,Voice Pass,crosswalk,high,1365
meeting_minutes,meeting_minutes/minutes/2025/2025-06-02/2025-06-03_city-council-meeting.md,2,2025-06-03,Council,Contract/Purchase,Public-Hearing,,procedural,pass,,,,voice,Voice Pass,rule:ph-openclose,high,1366
meeting_minutes,meeting_minutes/minutes/2025/2025-06-02/2025-06-03_city-council-meeting.md,3,2025-06-03,Council,Contract/Purchase,Public-Hearing,,procedural,pass,,,,voice,Voice Pass,rule:ph-openclose,high,1367
meeting_minutes,meeting_minutes/minutes/2025/2025-06-02/2025-06-03_city-council-meeting.md,4,2025-06-03,Council,Contract/Purchase,Public-Hearing,,procedural,pass,,,,voice,Voice Pass,rule:ph-openclose,high,1368
meeting_minutes,meeting_minutes/minutes/2025/2025-06-02/2025-06-03_city-council-meeting.md,5,2025-06-03,Council,Contract/Purchase,Public-Hearing,,procedural,pass,,,,voice,Voice Pass,rule:ph-openclose,high,1369
meeting_minutes,meeting_minutes/minutes/2025/2025-06-02/2025-06-03_city-council-meeting.md,6,2025-06-03,Council,Public Hearing Action,Public-Hearing,,procedural,pass,,,,voice,Voice Pass,crosswalk,high,1370
meeting_minutes,meeting_minutes/minutes/2025/2025-06-02/2025-06-03_city-council-meeting.md,7,2025-06-03,Council,Ordinance,Budget,,final-action,pass,7,0,,roll-call,7-0 Pass,rule:budget,high,1371
meeting_minutes,meeting_minutes/minutes/2025/2025-06-02/2025-06-03_city-council-meeting.md,8,2025-06-03,Council,Ordinance,Ordinance,,final-action,pass,7,0,,roll-call,7-0 Pass,crosswalk,high,1372
meeting_minutes,meeting_minutes/minutes/2025/2025-06-02/2025-06-03_city-council-meeting.md,9,2025-06-03,Council,Procedural/Administrative,Procedural-Administrative,,procedural,pass,,,,voice,Voice Pass,crosswalk,high,1373
meeting_minutes,meeting_minutes/minutes/2025/2025-06-09/2025-06-10_city-council-meeting.md,1,2025-06-10,Council,Public Hearing Action,Public-Hearing,,procedural,pass,,,,voice,Voice Pass,crosswalk,high,1374
meeting_minutes,meeting_minutes/minutes/2025/2025-06-09/2025-06-10_city-council-meeting.md,2,2025-06-10,Council,Resolution,Resolution,,final-action,pass,7,0,,roll-call,7-0 Pass,crosswalk,high,1375
meeting_minutes,meeting_minutes/minutes/2025/2025-06-09/2025-06-10_city-council-meeting.md,3,2025-06-10,Council,Procedural/Administrative,Procedural-Administrative,,procedural,pass,,,,voice,Voice Pass,crosswalk,high,1376
meeting_minutes,meeting_minutes/minutes/2025/2025-06-09/2025-06-10_municipal-building-authority.md,1,2025-06-10,MBA,Public Hearing Action,Public-Hearing,,procedural,pass,,,,voice,Voice Pass,crosswalk,high,1377
meeting_minutes,meeting_minutes/minutes/2025/2025-06-09/2025-06-10_municipal-building-authority.md,2,2025-06-10,MBA,Resolution,Budget,,final-action,pass,6,0,,roll-call,6-0 Pass,rule:budget,high,1378
meeting_minutes,meeting_minutes/minutes/2025/2025-06-09/2025-06-10_municipal-building-authority.md,3,2025-06-10,MBA,Procedural/Administrative,Procedural-Administrative,,procedural,pass,,,,voice,Voice Pass,crosswalk,high,1379
meeting_minutes,meeting_minutes/minutes/2025/2025-06-09/2025-06-10_redevelopment-agency.md,1,2025-06-10,RDA,Public Hearing Action,Public-Hearing,,procedural,pass,,,,voice,Voice Pass,crosswalk,high,1380
meeting_minutes,meeting_minutes/minutes/2025/2025-06-09/2025-06-10_redevelopment-agency.md,2,2025-06-10,RDA,Resolution,Budget,,final-action,pass,7,0,,roll-call,7-0 Pass,rule:budget,high,1381
meeting_minutes,meeting_minutes/minutes/2025/2025-06-09/2025-06-10_redevelopment-agency.md,3,2025-06-10,RDA,Procedural/Administrative,Procedural-Administrative,,procedural,pass,,,,voice,Voice Pass,crosswalk,high,1382
meeting_minutes,meeting_minutes/minutes/2025/2025-06-16/2025-06-17_city-council-meeting.md,1,2025-06-17,Council,Public Hearing Action,Public-Hearing,,procedural,pass,,,,voice,Voice Pass,crosswalk,high,1383
meeting_minutes,meeting_minutes/minutes/2025/2025-06-16/2025-06-17_city-council-meeting.md,2,2025-06-17,Council,Ordinance,Budget,,final-action,pass,7,0,,roll-call,7-0 Pass,rule:budget,high,1384
meeting_minutes,meeting_minutes/minutes/2025/2025-06-16/2025-06-17_city-council-meeting.md,3,2025-06-17,Council,Public Hearing Action,Public-Hearing,,procedural,pass,,,,voice,Voice Pass,crosswalk,high,1385
meeting_minutes,meeting_minutes/minutes/2025/2025-06-16/2025-06-17_city-council-meeting.md,4,2025-06-17,Council,Ordinance,Ordinance,,final-action,pass,7,0,,roll-call,7-0 Pass,crosswalk,high,1386
meeting_minutes,meeting_minutes/minutes/2025/2025-06-16/2025-06-17_city-council-meeting.md,5,2025-06-17,Council,Public Hearing Action,Public-Hearing,,procedural,pass,,,,voice,Voice Pass,crosswalk,high,1387
meeting_minutes,meeting_minutes/minutes/2025/2025-06-16/2025-06-17_city-council-meeting.md,6,2025-06-17,Council,Public Hearing Action,Public-Hearing,,procedural,pass,,,,voice,Voice Pass,crosswalk,high,1388
meeting_minutes,meeting_minutes/minutes/2025/2025-06-16/2025-06-17_city-council-meeting.md,7,2025-06-17,Council,Public Hearing Action,Public-Hearing,,procedural,pass,,,,voice,Voice Pass,crosswalk,high,1389
meeting_minutes,meeting_minutes/minutes/2025/2025-06-16/2025-06-17_city-council-meeting.md,8,2025-06-17,Council,Resolution,Budget,,final-action,pass,7,0,,roll-call,7-0 Pass,rule:budget,high,1390
meeting_minutes,meeting_minutes/minutes/2025/2025-06-16/2025-06-17_city-council-meeting.md,9,2025-06-17,Council,Ordinance,Ordinance,,final-action,pass,7,0,,roll-call,7-0 Pass,crosswalk,high,1391
meeting_minutes,meeting_minutes/minutes/2025/2025-06-16/2025-06-17_city-council-meeting.md,10,2025-06-17,Council,Ordinance,Grant-Funding,,final-action,pass,5,2,,roll-call,5-2 Pass,rule:grant,high,1392
meeting_minutes,meeting_minutes/minutes/2025/2025-06-16/2025-06-17_city-council-meeting.md,11,2025-06-17,Council,Procedural/Administrative,Procedural-Administrative,,procedural,pass,,,,voice,Voice Pass,crosswalk,high,1393
meeting_minutes,meeting_minutes/minutes/2025/2025-06-16/2025-06-17_redevelopment-agency.md,1,2025-06-17,RDA,Public Hearing Action,Public-Hearing,,procedural,pass,,,,voice,Voice Pass,crosswalk,high,1394
meeting_minutes,meeting_minutes/minutes/2025/2025-06-16/2025-06-17_redevelopment-agency.md,2,2025-06-17,RDA,Resolution,Budget,,final-action,pass,7,0,,roll-call,7-0 Pass,rule:budget,high,1395
meeting_minutes,meeting_minutes/minutes/2025/2025-06-16/2025-06-17_redevelopment-agency.md,3,2025-06-17,RDA,Procedural/Administrative,Procedural-Administrative,,procedural,pass,,,,voice,Voice Pass,crosswalk,high,1396
meeting_minutes,meeting_minutes/minutes/2025/2025-06-30/2025-07-01_city-council-meeting.md,1,2025-07-01,Council,Procedural/Administrative,Procedural-Administrative,,procedural,pass,7,0,,roll-call,7-0 Pass,crosswalk,high,1397
meeting_minutes,meeting_minutes/minutes/2025/2025-06-30/2025-07-01_city-council-meeting.md,2,2025-07-01,Council,Procedural/Administrative,Procedural-Administrative,,procedural,pass,,,,voice,Voice Pass,crosswalk,high,1398
meeting_minutes,meeting_minutes/minutes/2025/2025-06-30/2025-07-01_city-council-meeting.md,3,2025-07-01,Council,Public Hearing Action,Public-Hearing,,procedural,pass,,,,voice,Voice Pass,crosswalk,high,1399
meeting_minutes,meeting_minutes/minutes/2025/2025-06-30/2025-07-01_city-council-meeting.md,4,2025-07-01,Council,Ordinance,Land-Use,Vacation,final-action,pass,7,0,,roll-call,7-0 Pass,rule:lu-vacate,high,1400
meeting_minutes,meeting_minutes/minutes/2025/2025-06-30/2025-07-01_city-council-meeting.md,5,2025-07-01,Council,Resolution,Budget,,final-action,pass,7,0,,roll-call,7-0 Pass,rule:budget,high,1401
meeting_minutes,meeting_minutes/minutes/2025/2025-06-30/2025-07-01_city-council-meeting.md,6,2025-07-01,Council,Resolution,Resolution,,final-action,pass,7,0,,roll-call,7-0 Pass,crosswalk,high,1402
meeting_minutes,meeting_minutes/minutes/2025/2025-06-30/2025-07-01_city-council-meeting.md,7,2025-07-01,Council,Procedural/Administrative,Procedural-Administrative,,procedural,pass,,,,voice,Voice Pass,crosswalk,high,1403
meeting_minutes,meeting_minutes/minutes/2025/2025-07-07/2025-07-08_city-council-meeting.md,1,2025-07-08,Council,Procedural/Administrative,Procedural-Administrative,,procedural,pass,,,,voice,Voice Pass,crosswalk,high,1404
meeting_minutes,meeting_minutes/minutes/2025/2025-07-07/2025-07-08_city-council-meeting.md,2,2025-07-08,Council,Public Hearing Action,Public-Hearing,,procedural,pass,,,,voice,Voice Pass,crosswalk,high,1405
meeting_minutes,meeting_minutes/minutes/2025/2025-07-07/2025-07-08_city-council-meeting.md,3,2025-07-08,Council,Ordinance,Ordinance,,final-action,pass,6,0,,roll-call,6-0 Pass,crosswalk,high,1406
meeting_minutes,meeting_minutes/minutes/2025/2025-07-07/2025-07-08_city-council-meeting.md,4,2025-07-08,Council,Public Hearing Action,Public-Hearing,,procedural,pass,,,,voice,Voice Pass,crosswalk,high,1407
meeting_minutes,meeting_minutes/minutes/2025/2025-07-07/2025-07-08_city-council-meeting.md,5,2025-07-08,Council,Ordinance,Budget,,final-action,pass,6,0,,roll-call,6-0 Pass,rule:budget,high,1408
meeting_minutes,meeting_minutes/minutes/2025/2025-07-07/2025-07-08_city-council-meeting.md,6,2025-07-08,Council,Procedural/Administrative,Procedural-Administrative,,procedural,pass,6,0,,roll-call,6-0 Pass,crosswalk,high,1409
meeting_minutes,meeting_minutes/minutes/2025/2025-07-07/2025-07-08_city-council-meeting.md,7,2025-07-08,Council,Procedural/Administrative,Procedural-Administrative,,procedural,pass,,,,voice,Voice Pass,crosswalk,high,1410
meeting_minutes,meeting_minutes/minutes/2025/2025-07-14/2025-07-15_city-council-meeting.md,1,2025-07-15,Council,Appointment,Appointment,,final-action,unknown,,,,unknown,Recorded,crosswalk,high,1411
meeting_minutes,meeting_minutes/minutes/2025/2025-07-14/2025-07-15_city-council-meeting.md,2,2025-07-15,Council,Public Hearing Action,Public-Hearing,,procedural,pass,,,,voice,Voice Pass,crosswalk,high,1412
meeting_minutes,meeting_minutes/minutes/2025/2025-07-14/2025-07-15_city-council-meeting.md,3,2025-07-15,Council,Resolution,Resolution,,final-action,pass,7,0,,roll-call,7-0 Pass,crosswalk,high,1413
meeting_minutes,meeting_minutes/minutes/2025/2025-07-14/2025-07-15_city-council-meeting.md,4,2025-07-15,Council,Ordinance,Land-Use,Rezone,final-action,pass,7,0,,roll-call,7-0 Pass,rule:lu-rezone,high,1414
meeting_minutes,meeting_minutes/minutes/2025/2025-07-14/2025-07-15_city-council-meeting.md,5,2025-07-15,Council,Ordinance,Ordinance,,final-action,pass,7,0,,roll-call,7-0 Pass,crosswalk,high,1415
meeting_minutes,meeting_minutes/minutes/2025/2025-07-14/2025-07-15_city-council-meeting.md,6,2025-07-15,Council,Resolution,Resolution,,final-action,pass,7,0,,roll-call,7-0 Pass,crosswalk,high,1416
meeting_minutes,meeting_minutes/minutes/2025/2025-07-14/2025-07-15_city-council-meeting.md,7,2025-07-15,Council,Ordinance,Ordinance,,final-action,pass,7,0,,roll-call,7-0 Pass,crosswalk,high,1417
meeting_minutes,meeting_minutes/minutes/2025/2025-07-14/2025-07-15_city-council-meeting.md,8,2025-07-15,Council,Procedural/Administrative,Procedural-Administrative,,procedural,pass,,,,voice,Voice Pass,crosswalk,high,1418
meeting_minutes,meeting_minutes/minutes/2025/2025-07-14/2025-07-15_redevelopment-agency.md,1,2025-07-15,RDA,Procedural/Administrative,Procedural-Administrative,,procedural,pass,,,,voice,Voice Pass,crosswalk,high,1419
meeting_minutes,meeting_minutes/minutes/2025/2025-07-14/2025-07-15_redevelopment-agency.md,2,2025-07-15,RDA,Resolution,Resolution,,final-action,pass,7,0,,roll-call,7-0 Pass,crosswalk,high,1420
meeting_minutes,meeting_minutes/minutes/2025/2025-07-14/2025-07-15_redevelopment-agency.md,3,2025-07-15,RDA,Procedural/Administrative,Procedural-Administrative,,procedural,pass,,,,voice,Voice Pass,crosswalk,high,1421
meeting_minutes,meeting_minutes/minutes/2025/2025-08-18/2025-08-19_city-council-meeting.md,1,2025-08-19,Council,Procedural/Administrative,Procedural-Administrative,,procedural,pass,,,,voice,Voice Pass,crosswalk,high,1422
meeting_minutes,meeting_minutes/minutes/2025/2025-08-18/2025-08-19_city-council-meeting.md,2,2025-08-19,Council,Ordinance,Ordinance,,final-action,pass,7,0,,roll-call,7-0 Pass,crosswalk,high,1423
meeting_minutes,meeting_minutes/minutes/2025/2025-08-18/2025-08-19_city-council-meeting.md,3,2025-08-19,Council,Resolution,Resolution,,final-action,pass,7,0,,roll-call,7-0 Pass,crosswalk,high,1424
meeting_minutes,meeting_minutes/minutes/2025/2025-08-18/2025-08-19_city-council-meeting.md,4,2025-08-19,Council,Procedural/Administrative,Procedural-Administrative,,procedural,pass,,,,voice,Voice Pass,crosswalk,high,1425
meeting_minutes,meeting_minutes/minutes/2025/2025-08-18/2025-08-19_redevelopment-agency.md,1,2025-08-19,RDA,Procedural/Administrative,Procedural-Administrative,,procedural,pass,,,,voice,Voice Pass,crosswalk,high,1426
meeting_minutes,meeting_minutes/minutes/2025/2025-08-18/2025-08-19_redevelopment-agency.md,2,2025-08-19,RDA,Procedural/Administrative,Procedural-Administrative,,procedural,pass,7,0,,roll-call,7-0 Pass,crosswalk,high,1427
meeting_minutes,meeting_minutes/minutes/2025/2025-08-18/2025-08-19_redevelopment-agency.md,3,2025-08-19,RDA,Procedural/Administrative,Procedural-Administrative,,procedural,pass,,,,voice,Voice Pass,crosswalk,high,1428
meeting_minutes,meeting_minutes/minutes/2025/2025-08-25/2025-08-26_board-of-canvassers.md,1,2025-08-26,Council,Other,Other,,final-action,unknown,,,,unknown,Recorded,rule:no-signal,low,1429
meeting_minutes,meeting_minutes/minutes/2025/2025-08-25/2025-08-26_city-council-meeting.md,1,2025-08-26,Council,Procedural/Administrative,Procedural-Administrative,,procedural,pass,,,,voice,Voice Pass,crosswalk,high,1430
meeting_minutes,meeting_minutes/minutes/2025/2025-08-25/2025-08-26_board-of-canvassers.md,2,2025-08-26,Council,Procedural/Administrative,Procedural-Administrative,,procedural,pass,,,,voice,Voice Pass,crosswalk,high,1431
meeting_minutes,meeting_minutes/minutes/2025/2025-08-25/2025-08-26_city-council-meeting.md,2,2025-08-26,Council,Ordinance,Ordinance,,final-action,pass,5,0,,roll-call,5-0 Pass,crosswalk,high,1432
meeting_minutes,meeting_minutes/minutes/2025/2025-08-25/2025-08-26_city-council-meeting.md,3,2025-08-26,Council,Procedural/Administrative,Procedural-Administrative,,procedural,pass,,,,voice,Voice Pass,crosswalk,high,1433
meeting_minutes,meeting_minutes/minutes/2025/2025-09-01/2025-09-02_city-council-meeting.md,1,2025-09-02,Council,Procedural/Administrative,Procedural-Administrative,,procedural,pass,,,,voice,Voice Pass,crosswalk,high,1434
meeting_minutes,meeting_minutes/minutes/2025/2025-09-01/2025-09-02_city-council-meeting.md,2,2025-09-02,Council,Appointment,Appointment,,final-action,pass,,,,voice,Voice Pass,crosswalk,high,1435
meeting_minutes,meeting_minutes/minutes/2025/2025-09-01/2025-09-02_city-council-meeting.md,3,2025-09-02,Council,Public Hearing Action,Public-Hearing,,procedural,pass,,,,voice,Voice Pass,crosswalk,high,1436
meeting_minutes,meeting_minutes/minutes/2025/2025-09-01/2025-09-02_city-council-meeting.md,4,2025-09-02,Council,Ordinance,Budget,,final-action,pass,6,1,,roll-call,6-1 Pass,rule:budget,high,1437
meeting_minutes,meeting_minutes/minutes/2025/2025-09-01/2025-09-02_city-council-meeting.md,5,2025-09-02,Council,Procedural/Administrative,Procedural-Administrative,,procedural,pass,,,,voice,Voice Pass,crosswalk,high,1438
meeting_minutes,meeting_minutes/minutes/2025/2025-09-01/2025-09-02_city-council-joint-work-session.md,1,2025-09-02,RDA,Procedural/Administrative,Procedural-Administrative,,procedural,pass,7,0,,roll-call,7-0 Pass,crosswalk,high,1439
meeting_minutes,meeting_minutes/minutes/2025/2025-09-15/2025-09-16_city-council-meeting.md,1,2025-09-16,Council,Procedural/Administrative,Procedural-Administrative,,procedural,pass,,,,voice,Voice Pass,crosswalk,high,1440
meeting_minutes,meeting_minutes/minutes/2025/2025-09-15/2025-09-16_city-council-meeting.md,2,2025-09-16,Council,Ordinance,Land-Use,Rezone,final-action,pass,5,2,,roll-call,5-2 Pass,rule:lu-rezone,high,1441
meeting_minutes,meeting_minutes/minutes/2025/2025-09-15/2025-09-16_city-council-meeting.md,3,2025-09-16,Council,Resolution,Resolution,,final-action,pass,7,0,,roll-call,7-0 Pass,crosswalk,high,1442
meeting_minutes,meeting_minutes/minutes/2025/2025-09-15/2025-09-16_city-council-meeting.md,4,2025-09-16,Council,Procedural/Administrative,Procedural-Administrative,,procedural,unknown,,,,unknown,Recorded,crosswalk,high,1443
meeting_minutes,meeting_minutes/minutes/2025/2025-09-15/2025-09-16_city-council-joint-work-session.md,1,2025-09-16,RDA,Procedural/Administrative,Procedural-Administrative,,procedural,pass,7,0,,roll-call,7-0 Pass,crosswalk,high,1444
meeting_minutes,meeting_minutes/minutes/2025/2025-10-06/2025-10-07_city-council-meeting.md,1,2025-10-07,Council,Procedural/Administrative,Procedural-Administrative,,procedural,pass,,,,voice,Voice Pass,crosswalk,high,1445
meeting_minutes,meeting_minutes/minutes/2025/2025-10-06/2025-10-07_city-council-meeting.md,2,2025-10-07,Council,Resolution,Resolution,,final-action,pass,7,0,,roll-call,7-0 Pass,crosswalk,high,1446
meeting_minutes,meeting_minutes/minutes/2025/2025-10-06/2025-10-07_city-council-meeting.md,3,2025-10-07,Council,Resolution,Resolution,,final-action,pass,7,0,,roll-call,7-0 Pass,crosswalk,high,1447
meeting_minutes,meeting_minutes/minutes/2025/2025-10-06/2025-10-07_city-council-meeting.md,4,2025-10-07,Council,Resolution,Resolution,,final-action,pass,7,0,,roll-call,7-0 Pass,crosswalk,high,1448
meeting_minutes,meeting_minutes/minutes/2025/2025-10-06/2025-10-07_city-council-meeting.md,5,2025-10-07,Council,Procedural/Administrative,Procedural-Administrative,,procedural,pass,,,,voice,Voice Pass,crosswalk,high,1449
meeting_minutes,meeting_minutes/minutes/2025/2025-10-20/2025-10-21_city-council-meeting.md,1,2025-10-21,Council,Procedural/Administrative,Procedural-Administrative,,procedural,pass,,,,voice,Voice Pass,crosswalk,high,1450
meeting_minutes,meeting_minutes/minutes/2025/2025-10-20/2025-10-21_city-council-meeting.md,2,2025-10-21,Council,Appointment,Appointment,,final-action,pass,,,,voice,Voice Pass,crosswalk,high,1451
meeting_minutes,meeting_minutes/minutes/2025/2025-10-20/2025-10-21_city-council-meeting.md,3,2025-10-21,Council,Appointment,Appointment,,final-action,unknown,,,,unknown,Recorded,crosswalk,high,1452
meeting_minutes,meeting_minutes/minutes/2025/2025-10-20/2025-10-21_city-council-meeting.md,4,2025-10-21,Council,Ordinance,Ordinance,,final-action,pass,7,0,,roll-call,7-0 Pass,crosswalk,high,1453
meeting_minutes,meeting_minutes/minutes/2025/2025-10-20/2025-10-21_city-council-meeting.md,5,2025-10-21,Council,Resolution,Resolution,,final-action,pass,7,0,,roll-call,7-0 Pass,crosswalk,high,1454
meeting_minutes,meeting_minutes/minutes/2025/2025-10-20/2025-10-21_city-council-meeting.md,6,2025-10-21,Council,Resolution,Resolution,,final-action,pass,,,,voice,Voice Pass,crosswalk,high,1455
meeting_minutes,meeting_minutes/minutes/2025/2025-10-20/2025-10-21_city-council-meeting.md,7,2025-10-21,Council,Ordinance,Land-Use,General-Plan-Amendment,final-action,pass,7,0,,roll-call,7-0 Pass,rule:lu-gpa,high,1456
meeting_minutes,meeting_minutes/minutes/2025/2025-10-20/2025-10-21_city-council-meeting.md,8,2025-10-21,Council,Ordinance,Land-Use,Rezone,final-action,pass,7,0,,roll-call,7-0 Pass,rule:lu-rezone,high,1457
meeting_minutes,meeting_minutes/minutes/2025/2025-10-20/2025-10-21_city-council-meeting.md,9,2025-10-21,Council,Ordinance,Ordinance,,final-action,pass,7,0,,roll-call,7-0 Pass,crosswalk,high,1458
meeting_minutes,meeting_minutes/minutes/2025/2025-10-20/2025-10-21_city-council-meeting.md,10,2025-10-21,Council,Procedural/Administrative,Procedural-Administrative,,procedural,pass,,,,voice,Voice Pass,crosswalk,high,1459
meeting_minutes,meeting_minutes/minutes/2025/2025-11-17/2025-11-18_board-of-canvassers.md,1,2025-11-18,Council,Other,Other,,final-action,pass,,,,voice,Voice Pass,rule:no-signal,low,1460
meeting_minutes,meeting_minutes/minutes/2025/2025-11-17/2025-11-18_city-council-meeting.md,1,2025-11-18,Council,Procedural/Administrative,Procedural-Administrative,,procedural,pass,,,,voice,Voice Pass,crosswalk,high,1461
meeting_minutes,meeting_minutes/minutes/2025/2025-11-17/2025-11-18_board-of-canvassers.md,2,2025-11-18,Council,Procedural/Administrative,Procedural-Administrative,,procedural,pass,,,,voice,Voice Pass,crosswalk,high,1462
meeting_minutes,meeting_minutes/minutes/2025/2025-11-17/2025-11-18_city-council-meeting.md,2,2025-11-18,Council,Appointment,Appointment,,final-action,pass,,,,voice,Voice Pass,crosswalk,high,1463
meeting_minutes,meeting_minutes/minutes/2025/2025-11-17/2025-11-18_city-council-meeting.md,3,2025-11-18,Council,Ordinance,Ordinance,,final-action,pass,7,0,,roll-call,7-0 Pass,crosswalk,high,1464
meeting_minutes,meeting_minutes/minutes/2025/2025-11-17/2025-11-18_city-council-meeting.md,4,2025-11-18,Council,Ordinance,Ordinance,,final-action,pass,7,0,,roll-call,7-0 Pass,crosswalk,medium,1465
meeting_minutes,meeting_minutes/minutes/2025/2025-11-17/2025-11-18_city-council-meeting.md,5,2025-11-18,Council,Ordinance,Land-Use,Rezone,final-action,pass,7,0,,roll-call,7-0 Pass,rule:lu-rezone,high,1466
meeting_minutes,meeting_minutes/minutes/2025/2025-11-17/2025-11-18_city-council-meeting.md,6,2025-11-18,Council,Land-Use/Zoning,Land-Use,Other-Land-Use,final-action,pass,7,0,,roll-call,7-0 Pass,crosswalk,high,1467
meeting_minutes,meeting_minutes/minutes/2025/2025-11-17/2025-11-18_city-council-meeting.md,7,2025-11-18,Council,Ordinance,Ordinance,,procedural,pass,,,,voice,Voice Pass,crosswalk,high,1468
meeting_minutes,meeting_minutes/minutes/2025/2025-11-17/2025-11-18_city-council-meeting.md,8,2025-11-18,Council,Ceremonial,Ceremonial,,final-action,unknown,,,,unknown,Recorded,crosswalk,high,1469
meeting_minutes,meeting_minutes/minutes/2025/2025-11-17/2025-11-18_city-council-meeting.md,9,2025-11-18,Council,Procedural/Administrative,Procedural-Administrative,,procedural,pass,,,,voice,Voice Pass,crosswalk,high,1470
meeting_minutes,meeting_minutes/minutes/2025/2025-11-17/2025-11-18_redevelopment-agency.md,1,2025-11-18,RDA,Procedural/Administrative,Procedural-Administrative,,procedural,pass,,,,voice,Voice Pass,crosswalk,high,1471
meeting_minutes,meeting_minutes/minutes/2025/2025-11-17/2025-11-18_redevelopment-agency.md,2,2025-11-18,RDA,Resolution,Resolution,,final-action,pass,7,0,,roll-call,7-0 Pass,crosswalk,high,1472
meeting_minutes,meeting_minutes/minutes/2025/2025-11-17/2025-11-18_redevelopment-agency.md,3,2025-11-18,RDA,Procedural/Administrative,Procedural-Administrative,,procedural,pass,,,,voice,Voice Pass,crosswalk,high,1473
meeting_minutes,meeting_minutes/minutes/2025/2025-12-01/2025-12-02_city-council-meeting.md,1,2025-12-02,Council,Procedural/Administrative,Procedural-Administrative,,procedural,pass,,,,voice,Voice Pass,crosswalk,high,1474
meeting_minutes,meeting_minutes/minutes/2025/2025-12-01/2025-12-02_city-council-meeting.md,2,2025-12-02,Council,Resolution,Procedural-Administrative,,procedural,pass,,,,voice,Voice Pass,rule:proc-agenda,high,1475
meeting_minutes,meeting_minutes/minutes/2025/2025-12-01/2025-12-02_city-council-meeting.md,3,2025-12-02,Council,Resolution,Resolution,,final-action,pass,5,1,1,roll-call,5-1-1abs Pass,crosswalk,high,1476
meeting_minutes,meeting_minutes/minutes/2025/2025-12-01/2025-12-02_city-council-meeting.md,4,2025-12-02,Council,Resolution,Contract-Purchase,,final-action,pass,6,0,1,roll-call,6-0-1abs Pass,rule:contract,high,1477
meeting_minutes,meeting_minutes/minutes/2025/2025-12-01/2025-12-02_city-council-meeting.md,5,2025-12-02,Council,Procedural/Administrative,Procedural-Administrative,,procedural,pass,6,1,,roll-call,6-1 Pass,crosswalk,high,1478
meeting_minutes,meeting_minutes/minutes/2025/2025-12-01/2025-12-02_city-council-meeting.md,6,2025-12-02,Council,Procedural/Administrative,Procedural-Administrative,,procedural,pass,,,,voice,Voice Pass,crosswalk,high,1479
meeting_minutes,meeting_minutes/minutes/2025/2025-12-08/2025-12-09_city-council-meeting.md,1,2025-12-09,Council,Appointment,Procedural-Administrative,,procedural,pass,,,,voice,Voice Pass,rule:proc-agenda,high,1480
meeting_minutes,meeting_minutes/minutes/2025/2025-12-08/2025-12-09_city-council-meeting.md,2,2025-12-09,Council,Resolution,Appointment,,final-action,pass,7,0,,roll-call,7-0 Pass,rule:appoint,high,1481
meeting_minutes,meeting_minutes/minutes/2025/2025-12-08/2025-12-09_city-council-meeting.md,3,2025-12-09,Council,Public Hearing Action,Public-Hearing,,procedural,pass,,,,voice,Voice Pass,crosswalk,high,1482
meeting_minutes,meeting_minutes/minutes/2025/2025-12-08/2025-12-09_city-council-meeting.md,4,2025-12-09,Council,Ordinance,Budget,,final-action,pass,7,0,,roll-call,7-0 Pass,rule:budget,high,1483
meeting_minutes,meeting_minutes/minutes/2025/2025-12-08/2025-12-09_city-council-meeting.md,5,2025-12-09,Council,Public Hearing Action,Public-Hearing,,procedural,pass,,,,voice,Voice Pass,crosswalk,high,1484
meeting_minutes,meeting_minutes/minutes/2025/2025-12-08/2025-12-09_city-council-meeting.md,6,2025-12-09,Council,Resolution,Resolution,,final-action,pass,7,0,,roll-call,7-0 Pass,crosswalk,high,1485
meeting_minutes,meeting_minutes/minutes/2025/2025-12-08/2025-12-09_city-council-meeting.md,7,2025-12-09,Council,Ordinance,Land-Use,Rezone,final-action,pass,7,0,,roll-call,7-0 Pass,rule:lu-rezone,high,1486
meeting_minutes,meeting_minutes/minutes/2025/2025-12-08/2025-12-09_city-council-meeting.md,8,2025-12-09,Council,Ordinance,Ordinance,,procedural,unknown,,,,unknown,Recorded,crosswalk,high,1487
meeting_minutes,meeting_minutes/minutes/2025/2025-12-08/2025-12-09_city-council-meeting.md,9,2025-12-09,Council,Ordinance,Ordinance,,procedural,pass,,,,voice,Voice Pass,crosswalk,high,1488
meeting_minutes,meeting_minutes/minutes/2025/2025-12-08/2025-12-09_city-council-meeting.md,10,2025-12-09,Council,Ordinance,Land-Use,General-Plan-Amendment,final-action,pass,6,1,,roll-call,6-1 Pass,rule:lu-gpa,high,1489
meeting_minutes,meeting_minutes/minutes/2025/2025-12-08/2025-12-09_city-council-meeting.md,11,2025-12-09,Council,Resolution,Resolution,,final-action,pass,7,0,,roll-call,7-0 Pass,crosswalk,high,1490
meeting_minutes,meeting_minutes/minutes/2025/2025-12-08/2025-12-09_city-council-meeting.md,12,2025-12-09,Council,Ordinance,Ordinance,,final-action,unknown,,,,unknown,Recorded,crosswalk,high,1491
meeting_minutes,meeting_minutes/minutes/2025/2025-12-08/2025-12-09_city-council-meeting.md,13,2025-12-09,Council,Ordinance,Ordinance,,final-action,pass,7,0,,roll-call,7-0 Pass,crosswalk,high,1492
meeting_minutes,meeting_minutes/minutes/2025/2025-12-08/2025-12-09_city-council-meeting.md,14,2025-12-09,Council,Procedural/Administrative,Procedural-Administrative,,procedural,unknown,,,,unknown,Recorded,crosswalk,high,1493
meeting_minutes,meeting_minutes/minutes/2025/2025-12-15/2025-12-16_city-council-meeting.md,1,2025-12-16,Council,Appointment,Appointment,,final-action,unknown,,,,unknown,Recorded,crosswalk,high,1494
meeting_minutes,meeting_minutes/minutes/2025/2025-12-15/2025-12-16_city-council-meeting.md,2,2025-12-16,Council,Appointment,Appointment,,final-action,pass,,,,voice,Voice Pass,crosswalk,high,1495
meeting_minutes,meeting_minutes/minutes/2025/2025-12-15/2025-12-16_city-council-meeting.md,3,2025-12-16,Council,Resolution,Resolution,,final-action,pass,7,0,,roll-call,7-0 Pass,crosswalk,medium,1496
meeting_minutes,meeting_minutes/minutes/2025/2025-12-15/2025-12-16_city-council-meeting.md,4,2025-12-16,Council,Public Hearing Action,Public-Hearing,,procedural,pass,,,,voice,Voice Pass,crosswalk,high,1497
meeting_minutes,meeting_minutes/minutes/2025/2025-12-15/2025-12-16_city-council-meeting.md,5,2025-12-16,Council,Resolution,Resolution,,final-action,pass,7,0,,roll-call,7-0 Pass,crosswalk,high,1498
meeting_minutes,meeting_minutes/minutes/2025/2025-12-15/2025-12-16_city-council-meeting.md,6,2025-12-16,Council,Ordinance,Budget,,final-action,pass,7,0,,roll-call,7-0 Pass,rule:budget,high,1499
meeting_minutes,meeting_minutes/minutes/2025/2025-12-15/2025-12-16_city-council-meeting.md,7,2025-12-16,Council,Ordinance,Ordinance,,final-action,pass,7,0,,roll-call,7-0 Pass,crosswalk,high,1500
meeting_minutes,meeting_minutes/minutes/2025/2025-12-15/2025-12-16_city-council-meeting.md,8,2025-12-16,Council,Procedural/Administrative,Procedural-Administrative,,procedural,pass,,,,voice,Voice Pass,crosswalk,high,1501
meeting_minutes,meeting_minutes/minutes/2026/2026-01-05/2026-01-06_city-council-meeting.md,1,2026-01-06,Council,Ceremonial,Procedural-Administrative,,procedural,pass,,,,voice,Voice Pass,rule:proc-agenda,high,1502
meeting_minutes,meeting_minutes/minutes/2026/2026-01-05/2026-01-06_city-council-meeting.md,2,2026-01-06,Council,Other,Procedural-Administrative,,procedural,pass,,,,voice,Voice Pass,rule:proc-report,medium,1503
meeting_minutes,meeting_minutes/minutes/2026/2026-01-05/2026-01-06_city-council-meeting.md,3,2026-01-06,Council,Other,Procedural-Administrative,,procedural,pass,,,,voice,Voice Pass,rule:proc-report,medium,1504
meeting_minutes,meeting_minutes/minutes/2026/2026-01-05/2026-01-06_city-council-meeting.md,4,2026-01-06,Council,Ceremonial,Ceremonial,,final-action,pass,5,2,,roll-call,5-2 Pass,crosswalk,high,1505
meeting_minutes,meeting_minutes/minutes/2026/2026-01-05/2026-01-06_city-council-meeting.md,5,2026-01-06,Council,Procedural/Administrative,Procedural-Administrative,,procedural,pass,,,,voice,Voice Pass,crosswalk,high,1506
meeting_minutes,meeting_minutes/minutes/2026/2026-01-19/2026-01-20_city-council-meeting.md,1,2026-01-20,Council,Procedural/Administrative,Procedural-Administrative,,procedural,pass,,,,voice,Voice Pass,crosswalk,high,1507
meeting_minutes,meeting_minutes/minutes/2026/2026-01-19/2026-01-20_city-council-meeting.md,2,2026-01-20,Council,Appointment,Appointment,,final-action,pass,,,,voice,Voice Pass,crosswalk,high,1508
meeting_minutes,meeting_minutes/minutes/2026/2026-01-19/2026-01-20_city-council-meeting.md,3,2026-01-20,Council,Procedural/Administrative,Procedural-Administrative,,procedural,fail,2,5,,roll-call,2-5 Fail,crosswalk,high,1509
meeting_minutes,meeting_minutes/minutes/2026/2026-01-19/2026-01-20_city-council-meeting.md,4,2026-01-20,Council,Appointment,Appointment,,final-action,unknown,,,,unknown,Recorded,crosswalk,high,1510
meeting_minutes,meeting_minutes/minutes/2026/2026-01-19/2026-01-20_city-council-meeting.md,5,2026-01-20,Council,Land-Use/Zoning,Land-Use,Rezone,procedural,unknown,,,,unknown,Recorded,rule:lu-rezone,high,1511
meeting_minutes,meeting_minutes/minutes/2026/2026-01-19/2026-01-20_city-council-meeting.md,6,2026-01-20,Council,Procedural/Administrative,Procedural-Administrative,,procedural,unknown,,,,unknown,Recorded,crosswalk,high,1512
meeting_minutes,meeting_minutes/minutes/2026/2026-02-02/2026-02-03_city-council-meeting.md,1,2026-02-03,Council,Resolution,Land-Use,Annexation,final-action,pass,7,0,,roll-call,7-0 Pass,rule:lu-annex,high,1513
meeting_minutes,meeting_minutes/minutes/2026/2026-02-02/2026-02-03_city-council-meeting.md,2,2026-02-03,Council,Ordinance,Ordinance,,final-action,pass,,,,voice,Voice Pass,crosswalk,medium,1514
meeting_minutes,meeting_minutes/minutes/2026/2026-02-02/2026-02-03_city-council-meeting.md,3,2026-02-03,Council,Ordinance,Land-Use,Rezone,final-action,pass,7,0,,roll-call,7-0 Pass,rule:lu-rezone,high,1515
meeting_minutes,meeting_minutes/minutes/2026/2026-02-02/2026-02-03_city-council-meeting.md,4,2026-02-03,Council,Other,Public-Hearing,,procedural,fail,2,5,,roll-call,2-5 Fail,rule:ph-openclose,high,1516
meeting_minutes,meeting_minutes/minutes/2026/2026-02-02/2026-02-03_city-council-meeting.md,5,2026-02-03,Council,Other,Appointment,,final-action,pass,4,2,,roll-call,4-2 Pass,rule:officer-elect,high,1517
meeting_minutes,meeting_minutes/minutes/2026/2026-02-02/2026-02-03_city-council-meeting.md,6,2026-02-03,Council,Other,Public-Hearing,,procedural,fail,2,5,,roll-call,2-5 Fail,rule:ph-openclose,high,1518
meeting_minutes,meeting_minutes/minutes/2026/2026-02-02/2026-02-03_city-council-meeting.md,7,2026-02-03,Council,Other,Appointment,,final-action,pass,4,2,,roll-call,4-2 Pass,rule:officer-elect,high,1519
meeting_minutes,meeting_minutes/minutes/2026/2026-02-02/2026-02-03_city-council-meeting.md,8,2026-02-03,Council,Procedural/Administrative,Procedural-Administrative,,procedural,pass,,,,voice,Voice Pass,crosswalk,high,1520
meeting_minutes,meeting_minutes/minutes/2026/2026-02-09/2026-02-10_redevelopment-agency.md,1,2026-02-10,RDA,Procedural/Administrative,Procedural-Administrative,,procedural,pass,,,,voice,Voice Pass,crosswalk,high,1521
meeting_minutes,meeting_minutes/minutes/2026/2026-02-09/2026-02-10_redevelopment-agency.md,2,2026-02-10,RDA,Other,Procedural-Administrative,,procedural,pass,,,,voice,Voice Pass,rule:proc-report,medium,1522
meeting_minutes,meeting_minutes/minutes/2026/2026-02-09/2026-02-10_redevelopment-agency.md,3,2026-02-10,RDA,Procedural/Administrative,Procedural-Administrative,,procedural,pass,,,,voice,Voice Pass,crosswalk,high,1523
meeting_minutes,meeting_minutes/minutes/2026/2026-02-16/2026-02-17_city-council-meeting.md,1,2026-02-17,Council,Procedural/Administrative,Procedural-Administrative,,procedural,pass,,,,voice,Voice Pass,crosswalk,high,1524
meeting_minutes,meeting_minutes/minutes/2026/2026-02-16/2026-02-17_city-council-meeting.md,2,2026-02-17,Council,Ordinance,Land-Use,Rezone,final-action,pass,7,0,,roll-call,7-0 Pass,rule:lu-rezone,high,1525
meeting_minutes,meeting_minutes/minutes/2026/2026-02-16/2026-02-17_city-council-meeting.md,3,2026-02-17,Council,Procedural/Administrative,Procedural-Administrative,,procedural,pass,7,0,,roll-call,7-0 Pass,crosswalk,high,1526
meeting_minutes,meeting_minutes/minutes/2026/2026-02-16/2026-02-17_city-council-meeting.md,4,2026-02-17,Council,Procedural/Administrative,Procedural-Administrative,,procedural,pass,,,,voice,Voice Pass,crosswalk,high,1527
meeting_minutes,meeting_minutes/minutes/2026/2026-03-02/2026-03-03_city-council-meeting.md,1,2026-03-03,Council,Procedural/Administrative,Procedural-Administrative,,procedural,pass,,,,voice,Voice Pass,crosswalk,high,1528
meeting_minutes,meeting_minutes/minutes/2026/2026-03-02/2026-03-03_city-council-meeting.md,2,2026-03-03,Council,Procedural/Administrative,Procedural-Administrative,,procedural,pass,,,,voice,Voice Pass,crosswalk,high,1529
meeting_minutes,meeting_minutes/minutes/2026/2026-03-23/2026-03-24_city-council-meeting.md,1,2026-03-24,Council,Procedural/Administrative,Procedural-Administrative,,procedural,pass,,,,voice,Voice Pass,crosswalk,high,1530
meeting_minutes,meeting_minutes/minutes/2026/2026-03-23/2026-03-24_city-council-meeting.md,2,2026-03-24,Council,Public Hearing Action,Public-Hearing,,procedural,pass,,,,voice,Voice Pass,crosswalk,high,1531
meeting_minutes,meeting_minutes/minutes/2026/2026-03-23/2026-03-24_city-council-meeting.md,3,2026-03-24,Council,Ordinance,Ordinance,,final-action,pass,7,0,,roll-call,7-0 Pass,crosswalk,high,1532
meeting_minutes,meeting_minutes/minutes/2026/2026-03-23/2026-03-24_city-council-meeting.md,4,2026-03-24,Council,Ordinance,Land-Use,Rezone,final-action,pass,7,0,,roll-call,7-0 Pass,rule:lu-rezone,high,1533
meeting_minutes,meeting_minutes/minutes/2026/2026-03-23/2026-03-24_city-council-meeting.md,5,2026-03-24,Council,Procedural/Administrative,Procedural-Administrative,,procedural,unknown,,,,unknown,Recorded,crosswalk,high,1534
meeting_minutes,meeting_minutes/minutes/2026/2026-04-06/2026-04-07_city-council-meeting.md,1,2026-04-07,Council,Procedural/Administrative,Procedural-Administrative,,procedural,unknown,,,,unknown,Recorded,crosswalk,high,1535
meeting_minutes,meeting_minutes/minutes/2026/2026-04-13/2026-04-14_redevelopment-agency.md,1,2026-04-14,RDA,Procedural/Administrative,Procedural-Administrative,,procedural,pass,,,,voice,Voice Pass,crosswalk,high,1536
meeting_minutes,meeting_minutes/minutes/2026/2026-04-13/2026-04-14_redevelopment-agency.md,2,2026-04-14,RDA,Resolution,Land-Use,Development-Agreement,final-action,pass,6,1,,roll-call,6-1 Pass,rule:lu-devagr,high,1537
meeting_minutes,meeting_minutes/minutes/2026/2026-04-13/2026-04-14_redevelopment-agency.md,3,2026-04-14,RDA,Procedural/Administrative,Procedural-Administrative,,procedural,pass,,,,voice,Voice Pass,crosswalk,high,1538
meeting_minutes,meeting_minutes/minutes/2026/2026-04-20/2026-04-21_city-council-meeting.md,1,2026-04-21,Council,Procedural/Administrative,Procedural-Administrative,,procedural,pass,,,,voice,Voice Pass,crosswalk,high,1539
meeting_minutes,meeting_minutes/minutes/2026/2026-04-20/2026-04-21_city-council-meeting.md,2,2026-04-21,Council,Public Hearing Action,Public-Hearing,,procedural,pass,,,,voice,Voice Pass,crosswalk,high,1540
meeting_minutes,meeting_minutes/minutes/2026/2026-04-20/2026-04-21_city-council-meeting.md,3,2026-04-21,Council,Ordinance,Budget,,final-action,pass,5,0,,roll-call,5-0 Pass,rule:budget,high,1541
meeting_minutes,meeting_minutes/minutes/2026/2026-04-20/2026-04-21_city-council-meeting.md,4,2026-04-21,Council,Resolution,Interlocal,,final-action,pass,6,0,,roll-call,6-0 Pass,rule:interlocal,high,1542
meeting_minutes,meeting_minutes/minutes/2026/2026-04-20/2026-04-21_city-council-meeting.md,5,2026-04-21,Council,Procedural/Administrative,Procedural-Administrative,,procedural,unknown,,,,unknown,Recorded,crosswalk,high,1543
meeting_minutes,meeting_minutes/minutes/2026/2026-05-04/2026-05-05_city-council-meeting.md,1,2026-05-05,Council,Procedural/Administrative,Procedural-Administrative,,procedural,pass,,,,voice,Voice Pass,crosswalk,high,1544
meeting_minutes,meeting_minutes/minutes/2026/2026-05-04/2026-05-05_city-council-meeting.md,2,2026-05-05,Council,Other,Budget,,final-action,pass,,,,voice,Voice Pass,rule:budget,high,1545
meeting_minutes,meeting_minutes/minutes/2026/2026-05-04/2026-05-05_city-council-meeting.md,3,2026-05-05,Council,Public Hearing Action,Public-Hearing,,procedural,pass,,,,voice,Voice Pass,crosswalk,high,1546
meeting_minutes,meeting_minutes/minutes/2026/2026-05-04/2026-05-05_city-council-meeting.md,4,2026-05-05,Council,Ordinance,Ordinance,,final-action,pass,5,2,,roll-call,5-2 Pass,crosswalk,high,1547
meeting_minutes,meeting_minutes/minutes/2026/2026-05-04/2026-05-05_city-council-meeting.md,5,2026-05-05,Council,Ordinance,Ordinance,,final-action,pass,5,2,,roll-call,5-2 Pass,crosswalk,high,1548
meeting_minutes,meeting_minutes/minutes/2026/2026-05-04/2026-05-05_city-council-meeting.md,6,2026-05-05,Council,Ordinance,Ordinance,,final-action,pass,6,1,,roll-call,6-1 Pass,crosswalk,high,1549
meeting_minutes,meeting_minutes/minutes/2026/2026-05-04/2026-05-05_city-council-meeting.md,7,2026-05-05,Council,Procedural/Administrative,Procedural-Administrative,,procedural,pass,,,,voice,Voice Pass,crosswalk,high,1550
meeting_minutes,meeting_minutes/minutes/2026/2026-05-11/2026-05-12_city-council-meeting.md,1,2026-05-12,Council,Public Hearing Action,Public-Hearing,,procedural,pass,,,,voice,Voice Pass,crosswalk,high,1551
meeting_minutes,meeting_minutes/minutes/2026/2026-05-11/2026-05-12_city-council-meeting.md,2,2026-05-12,Council,Resolution,Resolution,,final-action,pass,6,0,,roll-call,6-0 Pass,crosswalk,high,1552
meeting_minutes,meeting_minutes/minutes/2026/2026-05-11/2026-05-12_city-council-meeting.md,3,2026-05-12,Council,Resolution,Resolution,,final-action,pass,6,0,,roll-call,6-0 Pass,crosswalk,high,1553
meeting_minutes,meeting_minutes/minutes/2026/2026-05-11/2026-05-12_city-council-meeting.md,4,2026-05-12,Council,Procedural/Administrative,Procedural-Administrative,,procedural,unknown,,,,unknown,Recorded,crosswalk,high,1554
meeting_minutes,meeting_minutes/minutes/2026/2026-05-11/2026-05-12_redevelopment-agency.md,1,2026-05-12,RDA,Contract/Purchase,Public-Hearing,,procedural,pass,,,,voice,Voice Pass,rule:ph-openclose,high,1555
meeting_minutes,meeting_minutes/minutes/2026/2026-05-11/2026-05-12_redevelopment-agency.md,2,2026-05-12,RDA,Resolution,Resolution,,final-action,pass,4,2,,roll-call,4-2 Pass,crosswalk,high,1556
meeting_minutes,meeting_minutes/minutes/2026/2026-05-11/2026-05-12_redevelopment-agency.md,3,2026-05-12,RDA,Procedural/Administrative,Procedural-Administrative,,procedural,pass,,,,voice,Voice Pass,crosswalk,high,1557
meeting_minutes,meeting_minutes/minutes/2026/2026-05-18/2026-05-19_city-council-meeting.md,1,2026-05-19,Council,Procedural/Administrative,Procedural-Administrative,,procedural,pass,,,,voice,Voice Pass,crosswalk,high,1558
meeting_minutes,meeting_minutes/minutes/2026/2026-05-18/2026-05-19_city-council-meeting.md,2,2026-05-19,Council,Contract/Purchase,Public-Hearing,,procedural,pass,,,,voice,Voice Pass,rule:ph-openclose,high,1559
meeting_minutes,meeting_minutes/minutes/2026/2026-05-18/2026-05-19_city-council-meeting.md,3,2026-05-19,Council,Procedural/Administrative,Procedural-Administrative,,procedural,pass,9,0,,roll-call,9-0 Pass,crosswalk,high,1560
meeting_minutes,meeting_minutes/minutes/2026/2026-05-18/2026-05-19_city-council-meeting.md,4,2026-05-19,Council,Procedural/Administrative,Procedural-Administrative,,procedural,unknown,,,,unknown,Recorded,crosswalk,high,1561
planning_commission,planning_commission/minutes/2020/2020-01-06/2020-01-08_planning-commission-meeting.md,1,2020-01-08,PlanningCommission,Procedural/Administrative,Procedural-Administrative,,procedural,pass,,,,unanimous-declared,unanimous Pass,crosswalk,high,1562
planning_commission,planning_commission/minutes/2020/2020-01-06/2020-01-08_planning-commission-meeting.md,2,2020-01-08,PlanningCommission,Procedural/Administrative,Public-Hearing,,procedural,pass,,,,unanimous-declared,unanimous Pass,rule:ph-openclose,high,1563
planning_commission,planning_commission/minutes/2020/2020-01-06/2020-01-08_planning-commission-meeting.md,3,2020-01-08,PlanningCommission,Subdivision/Plat,Land-Use,Subdivision-Plat,recommendation,pass,7,0,,roll-call,Positive recommendation 7:0,crosswalk,high,1564
planning_commission,planning_commission/minutes/2020/2020-01-06/2020-01-08_planning-commission-meeting.md,4,2020-01-08,PlanningCommission,Procedural/Administrative,Public-Hearing,,procedural,pass,,,,unanimous-declared,unanimous Pass,rule:ph-openclose,high,1565
planning_commission,planning_commission/minutes/2020/2020-01-06/2020-01-08_planning-commission-meeting.md,5,2020-01-08,PlanningCommission,Subdivision/Plat,Land-Use,Subdivision-Plat,recommendation,pass,7,0,,roll-call,Positive recommendation 7:0,crosswalk,high,1566
planning_commission,planning_commission/minutes/2020/2020-01-06/2020-01-08_planning-commission-meeting.md,6,2020-01-08,PlanningCommission,Conditional Use Permit,Land-Use,Conditional-Use,final-action,pass,6,1,,roll-call,6:1 Approved (Final Action),crosswalk,high,1567
planning_commission,planning_commission/minutes/2020/2020-01-06/2020-01-08_planning-commission-meeting.md,7,2020-01-08,PlanningCommission,Conditional Use Permit,Land-Use,Conditional-Use,final-action,pass,7,0,,roll-call,7:0 Approved (Final Action),crosswalk,high,1568
planning_commission,planning_commission/minutes/2020/2020-01-06/2020-01-08_planning-commission-meeting.md,8,2020-01-08,PlanningCommission,Other,Land-Use,Other-Land-Use,final-action,pass,7,0,,roll-call,7:0 Approved (Final Action),rule:lu-generic,medium,1569
planning_commission,planning_commission/minutes/2020/2020-01-06/2020-01-08_planning-commission-meeting.md,9,2020-01-08,PlanningCommission,Procedural/Administrative,Public-Hearing,,procedural,pass,,,,unanimous-declared,unanimous Pass,rule:ph-openclose,high,1570
planning_commission,planning_commission/minutes/2020/2020-01-06/2020-01-08_planning-commission-meeting.md,10,2020-01-08,PlanningCommission,Rezone,Land-Use,Rezone,recommendation,pass,7,0,,roll-call,Positive recommendation 7:0,crosswalk,high,1571
planning_commission,planning_commission/minutes/2020/2020-01-06/2020-01-08_planning-commission-meeting.md,11,2020-01-08,PlanningCommission,Procedural/Administrative,Public-Hearing,,procedural,pass,,,,unanimous-declared,unanimous Pass,rule:ph-openclose,high,1572
planning_commission,planning_commission/minutes/2020/2020-01-06/2020-01-08_planning-commission-meeting.md,12,2020-01-08,PlanningCommission,Zoning Text/General Plan Amendment,Land-Use,Other-Land-Use,recommendation,pass,7,0,,roll-call,Positive recommendation 7:0,crosswalk,high,1573
planning_commission,planning_commission/minutes/2020/2020-01-06/2020-01-08_planning-commission-meeting.md,13,2020-01-08,PlanningCommission,Procedural/Administrative,Public-Hearing,,procedural,pass,,,,unanimous-declared,unanimous Pass,rule:ph-openclose,high,1574
planning_commission,planning_commission/minutes/2020/2020-01-06/2020-01-08_planning-commission-meeting.md,14,2020-01-08,PlanningCommission,Subdivision/Plat,Land-Use,Subdivision-Plat,recommendation,pass,4,3,,roll-call,Positive recommendation 4:3,crosswalk,high,1575
planning_commission,planning_commission/minutes/2020/2020-01-06/2020-01-08_planning-commission-meeting.md,15,2020-01-08,PlanningCommission,Procedural/Administrative,Public-Hearing,,procedural,pass,,,,unanimous-declared,unanimous Pass,rule:ph-openclose,high,1576
planning_commission,planning_commission/minutes/2020/2020-01-06/2020-01-08_planning-commission-meeting.md,16,2020-01-08,PlanningCommission,Zoning Text/General Plan Amendment,Land-Use,Other-Land-Use,recommendation,pass,7,0,,roll-call,Positive recommendation 7:0,crosswalk,medium,1577
planning_commission,planning_commission/minutes/2020/2020-02-03/2020-02-05_planning-commission-meeting.md,1,2020-02-05,PlanningCommission,Procedural/Administrative,Procedural-Administrative,,procedural,pass,,,,unanimous-declared,unanimous Pass,crosswalk,high,1578
planning_commission,planning_commission/minutes/2020/2020-02-03/2020-02-05_planning-commission-meeting.md,2,2020-02-05,PlanningCommission,Other,Other,,recommendation,pass,8,0,,roll-call,Positive recommendation 8:0,rule:no-signal,low,1579
planning_commission,planning_commission/minutes/2020/2020-02-03/2020-02-05_planning-commission-meeting.md,3,2020-02-05,PlanningCommission,Other,Other,,final-action,pass,8,0,,roll-call,8:0 Approved (Final Action),rule:no-signal,low,1580
planning_commission,planning_commission/minutes/2020/2020-02-03/2020-02-05_planning-commission-meeting.md,4,2020-02-05,PlanningCommission,Conditional Use Permit,Land-Use,Conditional-Use,final-action,pass,8,0,,roll-call,8:0 Approved (Final Action),crosswalk,high,1581
planning_commission,planning_commission/minutes/2020/2020-02-03/2020-02-05_planning-commission-meeting.md,5,2020-02-05,PlanningCommission,Other,Other,,recommendation,pass,8,0,,roll-call,Positive recommendation 8:0,rule:no-signal,low,1582
planning_commission,planning_commission/minutes/2020/2020-02-03/2020-02-05_planning-commission-meeting.md,6,2020-02-05,PlanningCommission,Procedural/Administrative,Public-Hearing,,procedural,pass,,,,unanimous-declared,unanimous Pass,rule:ph-openclose,high,1583
planning_commission,planning_commission/minutes/2020/2020-02-03/2020-02-05_planning-commission-meeting.md,7,2020-02-05,PlanningCommission,Zoning Text/General Plan Amendment,Land-Use,General-Plan-Amendment,recommendation,pass,8,0,,roll-call,Positive recommendation 8:0,rule:lu-gpa,high,1584
planning_commission,planning_commission/minutes/2020/2020-02-03/2020-02-05_planning-commission-meeting.md,8,2020-02-05,PlanningCommission,Conditional Use Permit,Land-Use,Conditional-Use,final-action,pass,7,1,,roll-call,7:1 Approved (Final Action),crosswalk,high,1585
planning_commission,planning_commission/minutes/2020/2020-02-03/2020-02-05_planning-commission-meeting.md,9,2020-02-05,PlanningCommission,Conditional Use Permit,Land-Use,Conditional-Use,final-action,pass,7,0,,roll-call,7:0 Approved (Final Action),crosswalk,high,1586
planning_commission,planning_commission/minutes/2020/2020-03-02/2020-03-04_planning-commission-meeting.md,1,2020-03-04,PlanningCommission,Procedural/Administrative,Procedural-Administrative,,procedural,pass,,,,unanimous-declared,unanimous Pass,crosswalk,high,1587
planning_commission,planning_commission/minutes/2020/2020-03-02/2020-03-04_planning-commission-meeting.md,2,2020-03-04,PlanningCommission,Conditional Use Permit,Land-Use,Conditional-Use,final-action,pass,8,0,,roll-call,8:0 Approved (Final Action),crosswalk,high,1588
planning_commission,planning_commission/minutes/2020/2020-03-02/2020-03-04_planning-commission-meeting.md,3,2020-03-04,PlanningCommission,Conditional Use Permit,Land-Use,Conditional-Use,final-action,pass,8,0,,roll-call,8:0 Approved (Final Action),crosswalk,high,1589
planning_commission,planning_commission/minutes/2020/2020-03-02/2020-03-04_planning-commission-meeting.md,4,2020-03-04,PlanningCommission,Other,Land-Use,Other-Land-Use,recommendation,pass,8,0,,roll-call,Positive recommendation 8:0,rule:lu-generic,medium,1590
planning_commission,planning_commission/minutes/2020/2020-03-02/2020-03-04_planning-commission-meeting.md,5,2020-03-04,PlanningCommission,Conditional Use Permit,Land-Use,Conditional-Use,final-action,pass,,,,unanimous-declared,unanimous Approved (Final Action),crosswalk,high,1591
planning_commission,planning_commission/minutes/2020/2020-03-02/2020-03-04_planning-commission-meeting.md,6,2020-03-04,PlanningCommission,Other,Land-Use,Other-Land-Use,recommendation,pass,7,1,,roll-call,Positive recommendation 7:1,rule:lu-generic,medium,1592
planning_commission,planning_commission/minutes/2020/2020-03-02/2020-03-04_planning-commission-meeting.md,7,2020-03-04,PlanningCommission,Other,Other,,final-action,fail,4,4,,roll-call,4:4 Approved (Final Action),rule:no-signal,low,1593
planning_commission,planning_commission/minutes/2020/2020-03-02/2020-03-04_planning-commission-meeting.md,8,2020-03-04,PlanningCommission,Other,Other,,final-action,pass,6,2,,roll-call,6:2 Approved (Final Action),rule:no-signal,low,1594
planning_commission,planning_commission/minutes/2020/2020-03-02/2020-03-04_planning-commission-meeting.md,9,2020-03-04,PlanningCommission,Other,Other,,final-action,pass,,,,unanimous-declared,unanimous Approved (Final Action),rule:no-signal,low,1595
planning_commission,planning_commission/minutes/2020/2020-03-02/2020-03-04_planning-commission-meeting.md,10,2020-03-04,PlanningCommission,Other,Land-Use,Other-Land-Use,recommendation,pass,6,2,,roll-call,Positive recommendation 6:2,rule:lu-generic,medium,1596
planning_commission,planning_commission/minutes/2020/2020-03-02/2020-03-04_planning-commission-meeting.md,11,2020-03-04,PlanningCommission,Conditional Use Permit,Land-Use,Conditional-Use,final-action,pass,5,2,,roll-call,5:2 Approved (Final Action),crosswalk,high,1597
planning_commission,planning_commission/minutes/2020/2020-04-13/2020-04-15_planning-commission-meeting.md,1,2020-04-15,PlanningCommission,Other,Other,,final-action,pass,,,,unanimous-declared,unanimous Approved (Final Action),rule:no-signal,low,1598
planning_commission,planning_commission/minutes/2020/2020-04-13/2020-04-15_planning-commission-meeting.md,2,2020-04-15,PlanningCommission,Procedural/Administrative,Procedural-Administrative,,procedural,pass,,,,unanimous-declared,unanimous Pass,crosswalk,high,1599
planning_commission,planning_commission/minutes/2020/2020-04-13/2020-04-15_planning-commission-meeting.md,3,2020-04-15,PlanningCommission,Other,Land-Use,Other-Land-Use,recommendation,pass,9,0,,roll-call,Positive recommendation 9:0,rule:lu-generic,medium,1600
planning_commission,planning_commission/minutes/2020/2020-04-13/2020-04-15_planning-commission-meeting.md,4,2020-04-15,PlanningCommission,Conditional Use Permit,Land-Use,Conditional-Use,final-action,pass,9,0,,roll-call,9:0 Approved (Final Action),crosswalk,high,1601
planning_commission,planning_commission/minutes/2020/2020-04-13/2020-04-15_planning-commission-meeting.md,5,2020-04-15,PlanningCommission,Other,Land-Use,Other-Land-Use,recommendation,pass,9,0,,roll-call,Positive recommendation 9:0,rule:lu-generic,medium,1602
planning_commission,planning_commission/minutes/2020/2020-04-13/2020-04-15_planning-commission-meeting.md,6,2020-04-15,PlanningCommission,Conditional Use Permit,Land-Use,Conditional-Use,final-action,pass,9,0,,roll-call,9:0 Approved (Final Action),crosswalk,high,1603
planning_commission,planning_commission/minutes/2020/2020-04-13/2020-04-15_planning-commission-meeting.md,7,2020-04-15,PlanningCommission,Other,Land-Use,Other-Land-Use,recommendation,pass,9,0,,roll-call,Positive recommendation 9:0,rule:lu-generic,medium,1604
planning_commission,planning_commission/minutes/2020/2020-04-13/2020-04-15_planning-commission-meeting.md,8,2020-04-15,PlanningCommission,Procedural/Administrative,Procedural-Administrative,,procedural,pass,9,0,,roll-call,9:0 Pass,crosswalk,high,1605
planning_commission,planning_commission/minutes/2020/2020-04-13/2020-04-15_planning-commission-meeting.md,9,2020-04-15,PlanningCommission,Procedural/Administrative,Procedural-Administrative,,procedural,pass,,,,unknown,recorded Pass,crosswalk,high,1606
planning_commission,planning_commission/minutes/2020/2020-04-13/2020-04-15_planning-commission-meeting.md,10,2020-04-15,PlanningCommission,Other,Land-Use,Other-Land-Use,recommendation,pass,,,,unknown,Positive recommendation recorded,rule:lu-generic,medium,1607
planning_commission,planning_commission/minutes/2020/2020-04-13/2020-04-15_planning-commission-meeting.md,11,2020-04-15,PlanningCommission,Other,Public-Hearing,,procedural,pass,,,,unanimous-declared,unanimous Approved (Final Action),rule:ph-openclose,high,1608
planning_commission,planning_commission/minutes/2020/2020-04-13/2020-04-15_planning-commission-meeting.md,12,2020-04-15,PlanningCommission,Other,Land-Use,Variance-Exception,final-action,pass,6,3,,roll-call,6:3 Approved (Final Action),rule:lu-variance,high,1609
planning_commission,planning_commission/minutes/2020/2020-04-13/2020-04-15_planning-commission-meeting.md,13,2020-04-15,PlanningCommission,Other,Land-Use,Variance-Exception,final-action,pass,6,3,,roll-call,6:3 Approved (Final Action),rule:lu-variance,high,1610
planning_commission,planning_commission/minutes/2020/2020-04-13/2020-04-15_planning-commission-meeting.md,14,2020-04-15,PlanningCommission,Procedural/Administrative,Public-Hearing,,procedural,pass,,,,unanimous-declared,unanimous Pass,rule:ph-openclose,high,1611
planning_commission,planning_commission/minutes/2020/2020-04-13/2020-04-15_planning-commission-meeting.md,15,2020-04-15,PlanningCommission,Zoning Text/General Plan Amendment,Land-Use,General-Plan-Amendment,recommendation,pass,9,0,,roll-call,Positive recommendation 9:0,rule:lu-gpa,high,1612
planning_commission,planning_commission/minutes/2020/2020-04-13/2020-04-15_planning-commission-meeting.md,16,2020-04-15,PlanningCommission,Procedural/Administrative,Procedural-Administrative,,procedural,pass,,,,unanimous-declared,unanimous Pass,crosswalk,high,1613
planning_commission,planning_commission/minutes/2020/2020-04-13/2020-04-15_planning-commission-meeting.md,17,2020-04-15,PlanningCommission,Other,Land-Use,Other-Land-Use,recommendation,pass,9,0,,roll-call,Positive recommendation 9:0,rule:lu-historic,medium,1614
planning_commission,planning_commission/minutes/2020/2020-04-13/2020-04-15_planning-commission-meeting.md,18,2020-04-15,PlanningCommission,Procedural/Administrative,Procedural-Administrative,,procedural,pass,9,0,,roll-call,9:0 Pass,crosswalk,high,1615
planning_commission,planning_commission/minutes/2020/2020-05-04/2020-05-06_planning-commission-meeting.md,1,2020-05-06,PlanningCommission,Procedural/Administrative,Procedural-Administrative,,procedural,pass,,,,unanimous-declared,unanimous Pass,crosswalk,high,1616
planning_commission,planning_commission/minutes/2020/2020-05-04/2020-05-06_planning-commission-meeting.md,2,2020-05-06,PlanningCommission,Conditional Use Permit,Land-Use,Conditional-Use,final-action,pass,9,0,,roll-call,9:0 Approved (Final Action),crosswalk,high,1617
planning_commission,planning_commission/minutes/2020/2020-05-04/2020-05-06_planning-commission-meeting.md,3,2020-05-06,PlanningCommission,Conditional Use Permit,Land-Use,Conditional-Use,final-action,pass,9,0,,roll-call,9:0 Approved (Final Action),crosswalk,high,1618
planning_commission,planning_commission/minutes/2020/2020-05-04/2020-05-06_planning-commission-meeting.md,4,2020-05-06,PlanningCommission,Subdivision/Plat,Land-Use,Subdivision-Plat,recommendation,pass,9,0,,roll-call,Positive recommendation 9:0,crosswalk,high,1619
planning_commission,planning_commission/minutes/2020/2020-05-04/2020-05-06_planning-commission-meeting.md,5,2020-05-06,PlanningCommission,Street/Alley Vacation,Land-Use,Vacation,recommendation,pass,9,0,,roll-call,Positive recommendation 9:0,crosswalk,high,1620
planning_commission,planning_commission/minutes/2020/2020-05-04/2020-05-06_planning-commission-meeting.md,6,2020-05-06,PlanningCommission,Procedural/Administrative,Public-Hearing,,procedural,pass,,,,unanimous-declared,unanimous Pass,rule:ph-openclose,high,1621
planning_commission,planning_commission/minutes/2020/2020-05-04/2020-05-06_planning-commission-meeting.md,7,2020-05-06,PlanningCommission,Subdivision/Plat,Land-Use,Subdivision-Plat,recommendation,pass,5,4,,roll-call,Positive recommendation 5:4,crosswalk,high,1622
planning_commission,planning_commission/minutes/2020/2020-05-04/2020-05-06_planning-commission-meeting.md,8,2020-05-06,PlanningCommission,Procedural/Administrative,Public-Hearing,,procedural,pass,,,,unanimous-declared,unanimous Pass,rule:ph-openclose,high,1623
planning_commission,planning_commission/minutes/2020/2020-05-04/2020-05-06_planning-commission-meeting.md,9,2020-05-06,PlanningCommission,Zoning Text/General Plan Amendment,Land-Use,Other-Land-Use,recommendation,pass,8,1,,roll-call,Positive recommendation 8:1,crosswalk,high,1624
planning_commission,planning_commission/minutes/2020/2020-05-04/2020-05-06_planning-commission-meeting.md,10,2020-05-06,PlanningCommission,Other,Ordinance,,recommendation,pass,9,0,,roll-call,Positive recommendation 9:0,rule:ordinance-weak,medium,1625
planning_commission,planning_commission/minutes/2020/2020-05-04/2020-05-06_planning-commission-meeting.md,11,2020-05-06,PlanningCommission,Conditional Use Permit,Land-Use,Conditional-Use,final-action,pass,8,1,,roll-call,8:1 Approved (Final Action),crosswalk,high,1626
planning_commission,planning_commission/minutes/2020/2020-05-04/2020-05-06_planning-commission-meeting.md,12,2020-05-06,PlanningCommission,Other,Land-Use,Development-Agreement,final-action,pass,9,0,,roll-call,9:0 Approved (Final Action),rule:lu-devagr,high,1627
planning_commission,planning_commission/minutes/2020/2020-05-04/2020-05-06_planning-commission-meeting.md,13,2020-05-06,PlanningCommission,Procedural/Administrative,Public-Hearing,,procedural,pass,,,,unanimous-declared,unanimous Pass,rule:ph-openclose,high,1628
planning_commission,planning_commission/minutes/2020/2020-05-04/2020-05-06_planning-commission-meeting.md,14,2020-05-06,PlanningCommission,Subdivision/Plat,Land-Use,Subdivision-Plat,recommendation,pass,9,0,,roll-call,Positive recommendation 9:0,crosswalk,high,1629
planning_commission,planning_commission/minutes/2020/2020-05-04/2020-05-06_planning-commission-meeting.md,15,2020-05-06,PlanningCommission,Procedural/Administrative,Public-Hearing,,procedural,pass,,,,unanimous-declared,unanimous Pass,rule:ph-openclose,high,1630
planning_commission,planning_commission/minutes/2020/2020-05-04/2020-05-06_planning-commission-meeting.md,16,2020-05-06,PlanningCommission,Rezone,Land-Use,Rezone,recommendation,pass,7,2,,roll-call,Positive recommendation 7:2,crosswalk,high,1631
planning_commission,planning_commission/minutes/2020/2020-05-04/2020-05-06_planning-commission-meeting.md,17,2020-05-06,PlanningCommission,Other,Land-Use,Other-Land-Use,final-action,pass,9,0,,roll-call,9:0 Approved (Final Action),rule:lu-generic,medium,1632
planning_commission,planning_commission/minutes/2020/2020-05-04/2020-05-06_planning-commission-meeting.md,18,2020-05-06,PlanningCommission,Other,Land-Use,Other-Land-Use,final-action,pass,8,1,,roll-call,8:1 Approved (Final Action),rule:lu-generic,medium,1633
planning_commission,planning_commission/minutes/2020/2020-05-04/2020-05-06_planning-commission-meeting.md,19,2020-05-06,PlanningCommission,Procedural/Administrative,Public-Hearing,,procedural,pass,,,,unanimous-declared,unanimous Pass,rule:ph-openclose,high,1634
planning_commission,planning_commission/minutes/2020/2020-05-04/2020-05-06_planning-commission-meeting.md,20,2020-05-06,PlanningCommission,Zoning Text/General Plan Amendment,Land-Use,General-Plan-Amendment,recommendation,pass,9,0,,roll-call,Positive recommendation 9:0,rule:lu-gpa,high,1635
planning_commission,planning_commission/minutes/2020/2020-05-04/2020-05-06_planning-commission-meeting.md,21,2020-05-06,PlanningCommission,Procedural/Administrative,Public-Hearing,,procedural,pass,9,0,,roll-call,9:0 Pass,rule:ph-openclose,high,1636
planning_commission,planning_commission/minutes/2020/2020-05-04/2020-05-06_planning-commission-meeting.md,22,2020-05-06,PlanningCommission,Procedural/Administrative,Public-Hearing,,procedural,pass,,,,unanimous-declared,unanimous Pass,rule:ph-openclose,high,1637
planning_commission,planning_commission/minutes/2020/2020-05-04/2020-05-06_planning-commission-meeting.md,23,2020-05-06,PlanningCommission,Zoning Text/General Plan Amendment,Land-Use,General-Plan-Amendment,recommendation,pass,8,0,,roll-call,Positive recommendation 8:0,rule:lu-gpa,high,1638
planning_commission,planning_commission/minutes/2020/2020-06-01/2020-06-03_planning-commission-meeting.md,1,2020-06-03,PlanningCommission,Procedural/Administrative,Procedural-Administrative,,procedural,pass,,,,unanimous-declared,unanimous Pass,crosswalk,high,1639
planning_commission,planning_commission/minutes/2020/2020-06-01/2020-06-03_planning-commission-meeting.md,2,2020-06-03,PlanningCommission,Other,Other,,recommendation,pass,8,0,,roll-call,Positive recommendation 8:0,rule:no-signal,low,1640
planning_commission,planning_commission/minutes/2020/2020-06-01/2020-06-03_planning-commission-meeting.md,3,2020-06-03,PlanningCommission,Other,Other,,recommendation,pass,8,0,,roll-call,Positive recommendation 8:0,rule:no-signal,low,1641
planning_commission,planning_commission/minutes/2020/2020-06-01/2020-06-03_planning-commission-meeting.md,4,2020-06-03,PlanningCommission,Subdivision/Plat,Land-Use,Subdivision-Plat,recommendation,pass,8,0,,roll-call,Positive recommendation 8:0,crosswalk,high,1642
planning_commission,planning_commission/minutes/2020/2020-06-01/2020-06-03_planning-commission-meeting.md,5,2020-06-03,PlanningCommission,Subdivision/Plat,Land-Use,Subdivision-Plat,recommendation,pass,8,0,,roll-call,Positive recommendation 8:0,crosswalk,high,1643
planning_commission,planning_commission/minutes/2020/2020-06-01/2020-06-03_planning-commission-meeting.md,6,2020-06-03,PlanningCommission,Conditional Use Permit,Land-Use,Conditional-Use,final-action,pass,8,0,,roll-call,8:0 Approved (Final Action),crosswalk,high,1644
planning_commission,planning_commission/minutes/2020/2020-06-01/2020-06-03_planning-commission-meeting.md,7,2020-06-03,PlanningCommission,Procedural/Administrative,Procedural-Administrative,,procedural,pass,8,0,,roll-call,8:0 Pass,crosswalk,high,1645
planning_commission,planning_commission/minutes/2020/2020-06-01/2020-06-03_planning-commission-meeting.md,8,2020-06-03,PlanningCommission,Procedural/Administrative,Public-Hearing,,procedural,pass,,,,unanimous-declared,unanimous Pass,rule:ph-openclose,high,1646
planning_commission,planning_commission/minutes/2020/2020-06-01/2020-06-03_planning-commission-meeting.md,9,2020-06-03,PlanningCommission,Annexation,Land-Use,Annexation,recommendation,pass,8,0,,roll-call,Positive recommendation 8:0,crosswalk,high,1647
planning_commission,planning_commission/minutes/2020/2020-06-01/2020-06-03_planning-commission-meeting.md,10,2020-06-03,PlanningCommission,Other,Other,,final-action,pass,8,0,,roll-call,8:0 Approved (Final Action),rule:no-signal,low,1648
planning_commission,planning_commission/minutes/2020/2020-06-01/2020-06-03_planning-commission-meeting.md,11,2020-06-03,PlanningCommission,Other,Other,,final-action,pass,8,0,,roll-call,8:0 Approved (Final Action),rule:no-signal,low,1649
planning_commission,planning_commission/minutes/2020/2020-06-01/2020-06-03_planning-commission-meeting.md,12,2020-06-03,PlanningCommission,Site Plan,Land-Use,Site-Plan-Design-Review,final-action,pass,8,0,,roll-call,8:0 Approved (Final Action),crosswalk,high,1650
planning_commission,planning_commission/minutes/2020/2020-06-01/2020-06-03_planning-commission-meeting.md,13,2020-06-03,PlanningCommission,Procedural/Administrative,Procedural-Administrative,,procedural,pass,8,0,,roll-call,8:0 Pass,crosswalk,high,1651
planning_commission,planning_commission/minutes/2020/2020-06-01/2020-06-03_planning-commission-meeting.md,14,2020-06-03,PlanningCommission,Procedural/Administrative,Public-Hearing,,procedural,pass,,,,unanimous-declared,unanimous Pass,rule:ph-openclose,high,1652
planning_commission,planning_commission/minutes/2020/2020-06-01/2020-06-03_planning-commission-meeting.md,15,2020-06-03,PlanningCommission,Zoning Text/General Plan Amendment,Land-Use,Other-Land-Use,recommendation,pass,8,0,,roll-call,Positive recommendation 8:0,crosswalk,high,1653
planning_commission,planning_commission/minutes/2020/2020-06-01/2020-06-03_planning-commission-meeting.md,16,2020-06-03,PlanningCommission,Procedural/Administrative,Public-Hearing,,procedural,pass,,,,unanimous-declared,unanimous Pass,rule:ph-openclose,high,1654
planning_commission,planning_commission/minutes/2020/2020-06-01/2020-06-03_planning-commission-meeting.md,17,2020-06-03,PlanningCommission,Other,Ordinance,,final-action,pass,6,2,,roll-call,6:2 Approved (Final Action),rule:ordinance-weak,medium,1655
planning_commission,planning_commission/minutes/2020/2020-06-29/2020-07-01_planning-commission-meeting.md,1,2020-07-01,PlanningCommission,Procedural/Administrative,Procedural-Administrative,,procedural,pass,,,,unanimous-declared,unanimous Pass,crosswalk,high,1656
planning_commission,planning_commission/minutes/2020/2020-06-29/2020-07-01_planning-commission-meeting.md,2,2020-07-01,PlanningCommission,Subdivision/Plat,Land-Use,Subdivision-Plat,recommendation,pass,8,0,,roll-call,Positive recommendation 8:0,crosswalk,high,1657
planning_commission,planning_commission/minutes/2020/2020-06-29/2020-07-01_planning-commission-meeting.md,3,2020-07-01,PlanningCommission,Subdivision/Plat,Land-Use,Subdivision-Plat,recommendation,pass,8,0,,roll-call,Positive recommendation 8:0,crosswalk,high,1658
planning_commission,planning_commission/minutes/2020/2020-06-29/2020-07-01_planning-commission-meeting.md,4,2020-07-01,PlanningCommission,Subdivision/Plat,Land-Use,Subdivision-Plat,recommendation,pass,8,0,,roll-call,Positive recommendation 8:0,crosswalk,high,1659
planning_commission,planning_commission/minutes/2020/2020-06-29/2020-07-01_planning-commission-meeting.md,5,2020-07-01,PlanningCommission,Other,Land-Use,Other-Land-Use,recommendation,pass,8,0,,roll-call,Positive recommendation 8:0,rule:lu-generic,medium,1660
planning_commission,planning_commission/minutes/2020/2020-06-29/2020-07-01_planning-commission-meeting.md,6,2020-07-01,PlanningCommission,Other,Other,,final-action,pass,7,1,,roll-call,7:1 Approved (Final Action),rule:no-signal,low,1661
planning_commission,planning_commission/minutes/2020/2020-06-29/2020-07-01_planning-commission-meeting.md,7,2020-07-01,PlanningCommission,Procedural/Administrative,Public-Hearing,,procedural,pass,,,,unanimous-declared,unanimous Pass,rule:ph-openclose,high,1662
planning_commission,planning_commission/minutes/2020/2020-06-29/2020-07-01_planning-commission-meeting.md,8,2020-07-01,PlanningCommission,Zoning Text/General Plan Amendment,Land-Use,General-Plan-Amendment,recommendation,pass,8,0,,roll-call,Positive recommendation 8:0,rule:lu-gpa,high,1663
planning_commission,planning_commission/minutes/2020/2020-06-29/2020-07-01_planning-commission-meeting.md,9,2020-07-01,PlanningCommission,Subdivision/Plat,Land-Use,Subdivision-Plat,recommendation,pass,5,2,,roll-call,Positive recommendation 5:2,crosswalk,high,1664
planning_commission,planning_commission/minutes/2020/2020-06-29/2020-07-01_planning-commission-meeting.md,10,2020-07-01,PlanningCommission,Other,Land-Use,Other-Land-Use,recommendation,pass,8,0,,roll-call,Positive recommendation 8:0,rule:lu-generic,medium,1665
planning_commission,planning_commission/minutes/2020/2020-08-03/2020-08-05_planning-commission-meeting.md,1,2020-08-05,PlanningCommission,Procedural/Administrative,Appointment,,final-action,pass,,,,unanimous-declared,unanimous Pass,rule:officer-elect,high,1666
planning_commission,planning_commission/minutes/2020/2020-08-03/2020-08-05_planning-commission-meeting.md,2,2020-08-05,PlanningCommission,Procedural/Administrative,Appointment,,final-action,pass,,,,unanimous-declared,unanimous Pass,rule:officer-elect,high,1667
planning_commission,planning_commission/minutes/2020/2020-08-03/2020-08-05_planning-commission-meeting.md,3,2020-08-05,PlanningCommission,Procedural/Administrative,Procedural-Administrative,,procedural,pass,,,,unanimous-declared,unanimous Pass,crosswalk,high,1668
planning_commission,planning_commission/minutes/2020/2020-08-03/2020-08-05_planning-commission-meeting.md,4,2020-08-05,PlanningCommission,Procedural/Administrative,Public-Hearing,,procedural,pass,,,,unanimous-declared,unanimous Pass,rule:ph-openclose,high,1669
planning_commission,planning_commission/minutes/2020/2020-08-03/2020-08-05_planning-commission-meeting.md,5,2020-08-05,PlanningCommission,Subdivision/Plat,Land-Use,Subdivision-Plat,recommendation,pass,8,0,,roll-call,Positive recommendation 8:0,crosswalk,high,1670
planning_commission,planning_commission/minutes/2020/2020-08-03/2020-08-05_planning-commission-meeting.md,6,2020-08-05,PlanningCommission,Other,Land-Use,Subdivision-Plat,final-action,pass,8,0,,roll-call,8:0 Approved (Final Action),rule:lu-subdiv,high,1671
planning_commission,planning_commission/minutes/2020/2020-08-03/2020-08-05_planning-commission-meeting.md,7,2020-08-05,PlanningCommission,Other,Other,,recommendation,pass,7,0,,roll-call,Positive recommendation 7:0,rule:no-signal,low,1672
planning_commission,planning_commission/minutes/2020/2020-08-03/2020-08-05_planning-commission-meeting.md,8,2020-08-05,PlanningCommission,Site Plan,Land-Use,Site-Plan-Design-Review,final-action,pass,7,0,,roll-call,7:0 Approved (Final Action),crosswalk,high,1673
planning_commission,planning_commission/minutes/2020/2020-08-03/2020-08-05_planning-commission-meeting.md,9,2020-08-05,PlanningCommission,Procedural/Administrative,Public-Hearing,,procedural,pass,,,,unanimous-declared,unanimous Pass,rule:ph-openclose,high,1674
planning_commission,planning_commission/minutes/2020/2020-08-03/2020-08-05_planning-commission-meeting.md,10,2020-08-05,PlanningCommission,Other,Land-Use,Other-Land-Use,recommendation,pass,7,0,,roll-call,Positive recommendation 7:0,rule:lu-generic,medium,1675
planning_commission,planning_commission/minutes/2020/2020-08-31/2020-09-02_planning-commission-meeting.md,1,2020-09-02,PlanningCommission,Procedural/Administrative,Procedural-Administrative,,procedural,pass,,,,unanimous-declared,unanimous Pass,crosswalk,high,1676
planning_commission,planning_commission/minutes/2020/2020-08-31/2020-09-02_planning-commission-meeting.md,2,2020-09-02,PlanningCommission,Subdivision/Plat,Land-Use,Subdivision-Plat,recommendation,pass,7,0,,roll-call,Positive recommendation 7:0,crosswalk,high,1677
planning_commission,planning_commission/minutes/2020/2020-08-31/2020-09-02_planning-commission-meeting.md,3,2020-09-02,PlanningCommission,Subdivision/Plat,Land-Use,Subdivision-Plat,recommendation,pass,7,0,,roll-call,Positive recommendation 7:0,crosswalk,high,1678
planning_commission,planning_commission/minutes/2020/2020-08-31/2020-09-02_planning-commission-meeting.md,4,2020-09-02,PlanningCommission,Conditional Use Permit,Land-Use,Conditional-Use,final-action,pass,7,0,,roll-call,7:0 Approved (Final Action),crosswalk,high,1679
planning_commission,planning_commission/minutes/2020/2020-08-31/2020-09-02_planning-commission-meeting.md,5,2020-09-02,PlanningCommission,Procedural/Administrative,Procedural-Administrative,,procedural,pass,7,0,,roll-call,7:0 Pass,crosswalk,high,1680
planning_commission,planning_commission/minutes/2020/2020-08-31/2020-09-02_planning-commission-meeting.md,6,2020-09-02,PlanningCommission,Other,Land-Use,Other-Land-Use,final-action,pass,7,0,,roll-call,7:0 Approved (Final Action),rule:lu-generic,medium,1681
planning_commission,planning_commission/minutes/2020/2020-08-31/2020-09-02_planning-commission-meeting.md,7,2020-09-02,PlanningCommission,Conditional Use Permit,Land-Use,Conditional-Use,final-action,pass,7,0,,roll-call,7:0 Approved (Final Action),crosswalk,high,1682
planning_commission,planning_commission/minutes/2020/2020-08-31/2020-09-02_planning-commission-meeting.md,8,2020-09-02,PlanningCommission,Other,Land-Use,Other-Land-Use,recommendation,pass,7,0,,roll-call,Positive recommendation 7:0,rule:lu-generic,medium,1683
planning_commission,planning_commission/minutes/2020/2020-08-31/2020-09-02_planning-commission-meeting.md,9,2020-09-02,PlanningCommission,Conditional Use Permit,Land-Use,Conditional-Use,final-action,pass,8,0,,roll-call,8:0 Approved (Final Action),crosswalk,high,1684
planning_commission,planning_commission/minutes/2020/2020-08-31/2020-09-02_planning-commission-meeting.md,10,2020-09-02,PlanningCommission,Procedural/Administrative,Public-Hearing,,procedural,pass,,,,unanimous-declared,unanimous Pass,rule:ph-openclose,high,1685
planning_commission,planning_commission/minutes/2020/2020-08-31/2020-09-02_planning-commission-meeting.md,11,2020-09-02,PlanningCommission,Other,Land-Use,Other-Land-Use,recommendation,pass,6,1,,roll-call,Positive recommendation 6:1,rule:lu-generic,medium,1686
planning_commission,planning_commission/minutes/2020/2020-10-05/2020-10-07_planning-commission-meeting.md,1,2020-10-07,PlanningCommission,Procedural/Administrative,Procedural-Administrative,,procedural,pass,,,,unanimous-declared,unanimous Pass,crosswalk,high,1687
planning_commission,planning_commission/minutes/2020/2020-10-05/2020-10-07_planning-commission-meeting.md,2,2020-10-07,PlanningCommission,Conditional Use Permit,Land-Use,Conditional-Use,final-action,pass,9,0,,roll-call,9:0 Approved (Final Action),crosswalk,high,1688
planning_commission,planning_commission/minutes/2020/2020-10-05/2020-10-07_planning-commission-meeting.md,3,2020-10-07,PlanningCommission,Conditional Use Permit,Land-Use,Conditional-Use,final-action,pass,9,0,,roll-call,9:0 Approved (Final Action),crosswalk,high,1689
planning_commission,planning_commission/minutes/2020/2020-10-05/2020-10-07_planning-commission-meeting.md,4,2020-10-07,PlanningCommission,Conditional Use Permit,Land-Use,Conditional-Use,final-action,pass,9,0,,roll-call,9:0 Approved (Final Action),crosswalk,high,1690
planning_commission,planning_commission/minutes/2020/2020-10-05/2020-10-07_planning-commission-meeting.md,5,2020-10-07,PlanningCommission,Conditional Use Permit,Land-Use,Conditional-Use,final-action,pass,9,0,,roll-call,9:0 Approved (Final Action),crosswalk,high,1691
planning_commission,planning_commission/minutes/2020/2020-10-05/2020-10-07_planning-commission-meeting.md,6,2020-10-07,PlanningCommission,Conditional Use Permit,Land-Use,Conditional-Use,final-action,pass,9,0,,roll-call,9:0 Approved (Final Action),crosswalk,high,1692
planning_commission,planning_commission/minutes/2020/2020-10-05/2020-10-07_planning-commission-meeting.md,7,2020-10-07,PlanningCommission,Subdivision/Plat,Land-Use,Subdivision-Plat,recommendation,pass,9,0,,roll-call,Positive recommendation 9:0,crosswalk,high,1693
planning_commission,planning_commission/minutes/2020/2020-10-05/2020-10-07_planning-commission-meeting.md,8,2020-10-07,PlanningCommission,Subdivision/Plat,Land-Use,Subdivision-Plat,recommendation,pass,9,0,,roll-call,Positive recommendation 9:0,crosswalk,high,1694
planning_commission,planning_commission/minutes/2020/2020-10-05/2020-10-07_planning-commission-meeting.md,9,2020-10-07,PlanningCommission,Conditional Use Permit,Land-Use,Conditional-Use,final-action,pass,9,0,,roll-call,9:0 Approved (Final Action),crosswalk,high,1695
planning_commission,planning_commission/minutes/2020/2020-10-05/2020-10-07_planning-commission-meeting.md,10,2020-10-07,PlanningCommission,Other,Land-Use,Other-Land-Use,final-action,pass,9,0,,roll-call,9:0 Approved (Final Action),rule:lu-interp,high,1696
planning_commission,planning_commission/minutes/2020/2020-10-05/2020-10-07_planning-commission-meeting.md,11,2020-10-07,PlanningCommission,Procedural/Administrative,Public-Hearing,,procedural,pass,,,,unanimous-declared,unanimous Pass,rule:ph-openclose,high,1697
planning_commission,planning_commission/minutes/2020/2020-10-05/2020-10-07_planning-commission-meeting.md,12,2020-10-07,PlanningCommission,Zoning Text/General Plan Amendment,Land-Use,General-Plan-Amendment,recommendation,pass,8,0,,roll-call,Positive recommendation 8:0,rule:lu-gpa,high,1698
planning_commission,planning_commission/minutes/2020/2020-10-05/2020-10-07_planning-commission-meeting.md,13,2020-10-07,PlanningCommission,Other,Land-Use,Other-Land-Use,recommendation,pass,9,0,,roll-call,Positive recommendation 9:0,rule:lu-generic,medium,1699
planning_commission,planning_commission/minutes/2020/2020-10-05/2020-10-07_planning-commission-meeting.md,14,2020-10-07,PlanningCommission,Site Plan,Land-Use,Site-Plan-Design-Review,final-action,pass,9,0,,roll-call,9:0 Approved (Final Action),crosswalk,high,1700
planning_commission,planning_commission/minutes/2020/2020-10-05/2020-10-07_planning-commission-meeting.md,15,2020-10-07,PlanningCommission,Procedural/Administrative,Public-Hearing,,procedural,pass,,,,unanimous-declared,unanimous Pass,rule:ph-openclose,high,1701
planning_commission,planning_commission/minutes/2020/2020-10-05/2020-10-07_planning-commission-meeting.md,16,2020-10-07,PlanningCommission,Zoning Text/General Plan Amendment,Land-Use,General-Plan-Amendment,recommendation,pass,9,0,,roll-call,Positive recommendation 9:0,rule:lu-gpa,high,1702
planning_commission,planning_commission/minutes/2020/2020-11-02/2020-11-04_planning-commission-meeting.md,1,2020-11-04,PlanningCommission,Procedural/Administrative,Procedural-Administrative,,procedural,pass,,,,unanimous-declared,unanimous Pass,crosswalk,high,1703
planning_commission,planning_commission/minutes/2020/2020-11-02/2020-11-04_planning-commission-meeting.md,2,2020-11-04,PlanningCommission,Conditional Use Permit,Land-Use,Conditional-Use,final-action,pass,7,0,,roll-call,7:0 Approved (Final Action),crosswalk,high,1704
planning_commission,planning_commission/minutes/2020/2020-11-02/2020-11-04_planning-commission-meeting.md,3,2020-11-04,PlanningCommission,Subdivision/Plat,Land-Use,Subdivision-Plat,recommendation,pass,7,0,,roll-call,Positive recommendation 7:0,crosswalk,high,1705
planning_commission,planning_commission/minutes/2020/2020-11-02/2020-11-04_planning-commission-meeting.md,4,2020-11-04,PlanningCommission,Conditional Use Permit,Land-Use,Conditional-Use,final-action,pass,7,0,,roll-call,7:0 Approved (Final Action),crosswalk,high,1706
planning_commission,planning_commission/minutes/2020/2020-11-02/2020-11-04_planning-commission-meeting.md,5,2020-11-04,PlanningCommission,Other,Contract-Purchase,,recommendation,pass,7,0,,roll-call,Positive recommendation 7:0,rule:contract-weak,medium,1707
planning_commission,planning_commission/minutes/2020/2020-11-02/2020-11-04_planning-commission-meeting.md,6,2020-11-04,PlanningCommission,Other,Land-Use,Other-Land-Use,recommendation,pass,7,0,,roll-call,Positive recommendation 7:0,rule:lu-generic,medium,1708
planning_commission,planning_commission/minutes/2020/2020-11-02/2020-11-04_planning-commission-meeting.md,7,2020-11-04,PlanningCommission,Site Plan,Land-Use,Site-Plan-Design-Review,final-action,pass,7,0,,roll-call,7:0 Approved (Final Action),crosswalk,high,1709
planning_commission,planning_commission/minutes/2020/2020-11-02/2020-11-04_planning-commission-meeting.md,8,2020-11-04,PlanningCommission,Other,Other,,final-action,pass,8,0,,roll-call,8:0 Approved (Final Action),rule:no-signal,low,1710
planning_commission,planning_commission/minutes/2020/2020-11-02/2020-11-04_planning-commission-meeting.md,9,2020-11-04,PlanningCommission,Conditional Use Permit,Land-Use,Conditional-Use,final-action,pass,8,0,,roll-call,8:0 Approved (Final Action),crosswalk,high,1711
planning_commission,planning_commission/minutes/2020/2020-11-02/2020-11-04_planning-commission-meeting.md,10,2020-11-04,PlanningCommission,Procedural/Administrative,Public-Hearing,,procedural,pass,,,,unanimous-declared,unanimous Pass,rule:ph-openclose,high,1712
planning_commission,planning_commission/minutes/2020/2020-11-02/2020-11-04_planning-commission-meeting.md,11,2020-11-04,PlanningCommission,Other,Land-Use,Development-Agreement,recommendation,pass,5,3,,roll-call,Positive recommendation 5:3,rule:lu-devagr,high,1713
planning_commission,planning_commission/minutes/2020/2020-11-02/2020-11-04_planning-commission-meeting.md,12,2020-11-04,PlanningCommission,Procedural/Administrative,Procedural-Administrative,,procedural,pass,8,0,,roll-call,8:0 Pass,crosswalk,high,1714
planning_commission,planning_commission/minutes/2020/2020-11-30/2020-12-02_planning-commission-meeting.md,1,2020-12-02,PlanningCommission,Procedural/Administrative,Procedural-Administrative,,procedural,pass,,,,unanimous-declared,unanimous Pass,crosswalk,high,1715
planning_commission,planning_commission/minutes/2020/2020-11-30/2020-12-02_planning-commission-meeting.md,2,2020-12-02,PlanningCommission,Annexation,Land-Use,Annexation,recommendation,pass,8,0,,roll-call,Positive recommendation 8:0,crosswalk,high,1716
planning_commission,planning_commission/minutes/2020/2020-11-30/2020-12-02_planning-commission-meeting.md,3,2020-12-02,PlanningCommission,Subdivision/Plat,Land-Use,Subdivision-Plat,recommendation,pass,8,0,,roll-call,Positive recommendation 8:0,crosswalk,high,1717
planning_commission,planning_commission/minutes/2020/2020-11-30/2020-12-02_planning-commission-meeting.md,4,2020-12-02,PlanningCommission,Other,Other,,final-action,pass,9,0,,roll-call,9:0 Approved (Final Action),rule:no-signal,low,1718
planning_commission,planning_commission/minutes/2020/2020-11-30/2020-12-02_planning-commission-meeting.md,5,2020-12-02,PlanningCommission,Other,Land-Use,Other-Land-Use,final-action,pass,8,0,,roll-call,8:0 Approved (Final Action),rule:lu-generic,medium,1719
planning_commission,planning_commission/minutes/2020/2020-11-30/2020-12-02_planning-commission-meeting.md,6,2020-12-02,PlanningCommission,Conditional Use Permit,Land-Use,Conditional-Use,final-action,pass,8,0,,roll-call,8:0 Approved (Final Action),crosswalk,high,1720
planning_commission,planning_commission/minutes/2020/2020-11-30/2020-12-02_planning-commission-meeting.md,7,2020-12-02,PlanningCommission,Procedural/Administrative,Procedural-Administrative,,procedural,pass,8,0,,roll-call,8:0 Pass,crosswalk,high,1721
planning_commission,planning_commission/minutes/2020/2020-11-30/2020-12-02_planning-commission-meeting.md,8,2020-12-02,PlanningCommission,Other,Other,,recommendation,pass,5,3,,roll-call,Positive recommendation 5:3,rule:no-signal,low,1722
planning_commission,planning_commission/minutes/2020/2020-11-30/2020-12-02_planning-commission-meeting.md,9,2020-12-02,PlanningCommission,Other,Other,,recommendation,pass,8,1,,roll-call,Positive recommendation 8:1,rule:no-signal,low,1723
planning_commission,planning_commission/minutes/2020/2020-11-30/2020-12-02_planning-commission-meeting.md,10,2020-12-02,PlanningCommission,Other,Other,,final-action,pass,7,2,,roll-call,7:2 Denied (Final Action),rule:no-signal,low,1724
planning_commission,planning_commission/minutes/2020/2020-11-30/2020-12-02_planning-commission-meeting.md,11,2020-12-02,PlanningCommission,Rezone,Land-Use,Rezone,recommendation,pass,8,1,,roll-call,Positive recommendation 8:1,crosswalk,high,1725
planning_commission,planning_commission/minutes/2020/2020-11-30/2020-12-02_planning-commission-meeting.md,12,2020-12-02,PlanningCommission,Other,Other,,final-action,pass,9,0,,roll-call,9:0 Denied (Final Action),rule:no-signal,low,1726
planning_commission,planning_commission/minutes/2021/2021-01-04/2021-01-06_planning-commission-meeting.md,1,2021-01-06,PlanningCommission,Procedural/Administrative,Procedural-Administrative,,procedural,pass,,,,unanimous-declared,unanimous Pass,crosswalk,high,1727
planning_commission,planning_commission/minutes/2021/2021-01-04/2021-01-06_planning-commission-meeting.md,2,2021-01-06,PlanningCommission,Subdivision/Plat,Land-Use,Subdivision-Plat,recommendation,pass,8,0,,roll-call,Positive recommendation 8:0,crosswalk,high,1728
planning_commission,planning_commission/minutes/2021/2021-01-04/2021-01-06_planning-commission-meeting.md,3,2021-01-06,PlanningCommission,Conditional Use Permit,Land-Use,Conditional-Use,final-action,pass,,,,unanimous-declared,unanimous Approved (Final Action),crosswalk,high,1729
planning_commission,planning_commission/minutes/2021/2021-01-04/2021-01-06_planning-commission-meeting.md,4,2021-01-06,PlanningCommission,Procedural/Administrative,Public-Hearing,,procedural,pass,,,,unanimous-declared,unanimous Pass,rule:ph-openclose,high,1730
planning_commission,planning_commission/minutes/2021/2021-01-04/2021-01-06_planning-commission-meeting.md,5,2021-01-06,PlanningCommission,Rezone,Land-Use,Rezone,recommendation,pass,8,0,,roll-call,Positive recommendation 8:0,crosswalk,high,1731
planning_commission,planning_commission/minutes/2021/2021-01-04/2021-01-06_planning-commission-meeting.md,6,2021-01-06,PlanningCommission,Other,Land-Use,Other-Land-Use,recommendation,pass,8,1,,roll-call,Positive recommendation 8:1,rule:lu-generic,medium,1732
planning_commission,planning_commission/minutes/2021/2021-01-04/2021-01-06_planning-commission-meeting.md,7,2021-01-06,PlanningCommission,Other,Other,,recommendation,pass,9,0,,roll-call,Positive recommendation 9:0,rule:no-signal,low,1733
planning_commission,planning_commission/minutes/2021/2021-01-04/2021-01-06_planning-commission-meeting.md,8,2021-01-06,PlanningCommission,Other,Land-Use,Other-Land-Use,recommendation,pass,9,0,,roll-call,Positive recommendation 9:0,rule:lu-generic,medium,1734
planning_commission,planning_commission/minutes/2021/2021-01-04/2021-01-06_planning-commission-meeting.md,9,2021-01-06,PlanningCommission,Conditional Use Permit,Land-Use,Conditional-Use,final-action,pass,9,0,,roll-call,9:0 Approved (Final Action),crosswalk,high,1735
planning_commission,planning_commission/minutes/2021/2021-01-04/2021-01-06_planning-commission-meeting.md,10,2021-01-06,PlanningCommission,Other,Other,,final-action,pass,6,3,,roll-call,6:3 Denied (Final Action),rule:no-signal,low,1736
planning_commission,planning_commission/minutes/2021/2021-01-18/2021-01-20_planning-commission-meeting.md,1,2021-01-20,PlanningCommission,Other,Other,,recommendation,pass,8,0,,roll-call,Positive recommendation 8:0,rule:no-signal,low,1737
planning_commission,planning_commission/minutes/2021/2021-01-18/2021-01-20_planning-commission-meeting.md,2,2021-01-20,PlanningCommission,Subdivision/Plat,Land-Use,Subdivision-Plat,recommendation,pass,8,0,,roll-call,Positive recommendation 8:0,crosswalk,high,1738
planning_commission,planning_commission/minutes/2021/2021-01-18/2021-01-20_planning-commission-meeting.md,3,2021-01-20,PlanningCommission,Other,Other,,final-action,pass,8,0,,roll-call,8:0 Approved (Final Action),rule:no-signal,low,1739
planning_commission,planning_commission/minutes/2021/2021-01-18/2021-01-20_planning-commission-meeting.md,4,2021-01-20,PlanningCommission,Procedural/Administrative,Procedural-Administrative,,procedural,pass,,,,unknown,recorded Pass,crosswalk,high,1740
planning_commission,planning_commission/minutes/2021/2021-01-18/2021-01-20_planning-commission-meeting.md,5,2021-01-20,PlanningCommission,Procedural/Administrative,Procedural-Administrative,,procedural,pass,7,1,,roll-call,7:1 Pass,crosswalk,high,1741
planning_commission,planning_commission/minutes/2021/2021-01-18/2021-01-20_planning-commission-meeting.md,6,2021-01-20,PlanningCommission,Procedural/Administrative,Public-Hearing,,procedural,pass,,,,unanimous-declared,unanimous Pass,rule:ph-openclose,high,1742
planning_commission,planning_commission/minutes/2021/2021-01-18/2021-01-20_planning-commission-meeting.md,7,2021-01-20,PlanningCommission,Other,Other,,recommendation,pass,5,2,,roll-call,Negative recommendation 5:2,rule:no-signal,low,1743
planning_commission,planning_commission/minutes/2021/2021-01-18/2021-01-20_planning-commission-meeting.md,8,2021-01-20,PlanningCommission,Procedural/Administrative,Land-Use,Site-Plan-Design-Review,procedural,pass,8,0,,roll-call,8:0 Pass,rule:lu-site,high,1744
planning_commission,planning_commission/minutes/2021/2021-01-18/2021-01-20_planning-commission-meeting.md,9,2021-01-20,PlanningCommission,Conditional Use Permit,Land-Use,Conditional-Use,final-action,pass,8,0,,roll-call,8:0 Approved (Final Action),crosswalk,high,1745
planning_commission,planning_commission/minutes/2021/2021-01-18/2021-01-20_planning-commission-meeting.md,10,2021-01-20,PlanningCommission,Site Plan,Land-Use,Site-Plan-Design-Review,final-action,pass,5,2,,roll-call,5:2 Approved (Final Action),crosswalk,high,1746
planning_commission,planning_commission/minutes/2021/2021-02-01/2021-02-03_planning-commission-meeting.md,1,2021-02-03,PlanningCommission,Other,Contract-Purchase,,recommendation,pass,7,0,,roll-call,Positive recommendation 7:0,rule:contract-weak,medium,1747
planning_commission,planning_commission/minutes/2021/2021-02-01/2021-02-03_planning-commission-meeting.md,2,2021-02-03,PlanningCommission,Site Plan,Land-Use,Site-Plan-Design-Review,final-action,pass,8,0,,roll-call,8:0 Approved (Final Action),crosswalk,high,1748
planning_commission,planning_commission/minutes/2021/2021-02-01/2021-02-03_planning-commission-meeting.md,3,2021-02-03,PlanningCommission,Procedural/Administrative,Public-Hearing,,procedural,pass,,,,unanimous-declared,unanimous Pass,rule:ph-openclose,high,1749
planning_commission,planning_commission/minutes/2021/2021-02-01/2021-02-03_planning-commission-meeting.md,4,2021-02-03,PlanningCommission,Street/Alley Vacation,Land-Use,Vacation,recommendation,pass,9,0,,roll-call,Positive recommendation 9:0,crosswalk,high,1750
planning_commission,planning_commission/minutes/2021/2021-02-01/2021-02-03_planning-commission-meeting.md,5,2021-02-03,PlanningCommission,Site Plan,Land-Use,Site-Plan-Design-Review,final-action,pass,9,0,,roll-call,9:0 Approved (Final Action),crosswalk,high,1751
planning_commission,planning_commission/minutes/2021/2021-02-01/2021-02-03_planning-commission-meeting.md,6,2021-02-03,PlanningCommission,Other,Other,,recommendation,pass,9,0,,roll-call,Positive recommendation 9:0,rule:no-signal,low,1752
planning_commission,planning_commission/minutes/2021/2021-02-01/2021-02-03_planning-commission-meeting.md,7,2021-02-03,PlanningCommission,Site Plan,Land-Use,Site-Plan-Design-Review,final-action,pass,9,0,,roll-call,9:0 Approved (Final Action),crosswalk,high,1753
planning_commission,planning_commission/minutes/2021/2021-02-01/2021-02-03_planning-commission-meeting.md,8,2021-02-03,PlanningCommission,Other,Other,,recommendation,pass,9,0,,roll-call,Positive recommendation 9:0,rule:no-signal,low,1754
planning_commission,planning_commission/minutes/2021/2021-02-01/2021-02-03_planning-commission-meeting.md,9,2021-02-03,PlanningCommission,Other,Land-Use,Other-Land-Use,final-action,pass,8,1,,roll-call,8:1 Approved (Final Action),rule:lu-generic,medium,1755
planning_commission,planning_commission/minutes/2021/2021-02-01/2021-02-03_planning-commission-meeting.md,10,2021-02-03,PlanningCommission,Procedural/Administrative,Procedural-Administrative,,procedural,pass,9,0,,roll-call,9:0 Pass,crosswalk,medium,1756
planning_commission,planning_commission/minutes/2021/2021-02-01/2021-02-03_planning-commission-meeting.md,11,2021-02-03,PlanningCommission,Other,Land-Use,Other-Land-Use,recommendation,pass,9,0,,roll-call,Positive recommendation 9:0,rule:lu-generic,medium,1757
planning_commission,planning_commission/minutes/2021/2021-03-01/2021-03-03_planning-commission-meeting.md,1,2021-03-03,PlanningCommission,Procedural/Administrative,Procedural-Administrative,,procedural,pass,,,,unanimous-declared,unanimous Pass,crosswalk,high,1758
planning_commission,planning_commission/minutes/2021/2021-03-01/2021-03-03_planning-commission-meeting.md,2,2021-03-03,PlanningCommission,Procedural/Administrative,Public-Hearing,,procedural,pass,,,,unanimous-declared,unanimous Pass,rule:ph-openclose,high,1759
planning_commission,planning_commission/minutes/2021/2021-03-01/2021-03-03_planning-commission-meeting.md,3,2021-03-03,PlanningCommission,Subdivision/Plat,Land-Use,Subdivision-Plat,recommendation,pass,8,0,,roll-call,Positive recommendation 8:0,crosswalk,high,1760
planning_commission,planning_commission/minutes/2021/2021-03-01/2021-03-03_planning-commission-meeting.md,4,2021-03-03,PlanningCommission,Procedural/Administrative,Public-Hearing,,procedural,pass,,,,unanimous-declared,unanimous Pass,rule:ph-openclose,high,1761
planning_commission,planning_commission/minutes/2021/2021-03-01/2021-03-03_planning-commission-meeting.md,5,2021-03-03,PlanningCommission,Subdivision/Plat,Land-Use,Subdivision-Plat,recommendation,pass,8,0,,roll-call,Positive recommendation 8:0,crosswalk,high,1762
planning_commission,planning_commission/minutes/2021/2021-03-01/2021-03-03_planning-commission-meeting.md,6,2021-03-03,PlanningCommission,Procedural/Administrative,Public-Hearing,,procedural,pass,,,,unanimous-declared,unanimous Pass,rule:ph-openclose,high,1763
planning_commission,planning_commission/minutes/2021/2021-03-01/2021-03-03_planning-commission-meeting.md,7,2021-03-03,PlanningCommission,Subdivision/Plat,Land-Use,Subdivision-Plat,recommendation,pass,8,0,,roll-call,Positive recommendation 8:0,crosswalk,high,1764
planning_commission,planning_commission/minutes/2021/2021-03-01/2021-03-03_planning-commission-meeting.md,8,2021-03-03,PlanningCommission,Other,Other,,recommendation,pass,8,0,,roll-call,Positive recommendation 8:0,rule:no-signal,low,1765
planning_commission,planning_commission/minutes/2021/2021-03-01/2021-03-03_planning-commission-meeting.md,9,2021-03-03,PlanningCommission,Site Plan,Land-Use,Site-Plan-Design-Review,final-action,pass,8,0,,roll-call,8:0 Approved (Final Action),crosswalk,high,1766
planning_commission,planning_commission/minutes/2021/2021-03-01/2021-03-03_planning-commission-meeting.md,10,2021-03-03,PlanningCommission,Procedural/Administrative,Land-Use,Conditional-Use,procedural,pass,6,2,,roll-call,6:2 Pass,rule:lu-cup,high,1767
planning_commission,planning_commission/minutes/2021/2021-03-01/2021-03-03_planning-commission-meeting.md,11,2021-03-03,PlanningCommission,Other,Land-Use,Other-Land-Use,final-action,pass,8,0,,roll-call,8:0 Approved (Final Action),rule:lu-interp,high,1768
planning_commission,planning_commission/minutes/2021/2021-03-01/2021-03-03_planning-commission-meeting.md,12,2021-03-03,PlanningCommission,Other,Land-Use,Other-Land-Use,final-action,pass,8,0,,roll-call,8:0 Approved (Final Action),rule:lu-interp,high,1769
planning_commission,planning_commission/minutes/2021/2021-03-01/2021-03-03_planning-commission-meeting.md,13,2021-03-03,PlanningCommission,Procedural/Administrative,Procedural-Administrative,,procedural,pass,6,2,,roll-call,6:2 Pass,crosswalk,medium,1770
planning_commission,planning_commission/minutes/2021/2021-04-05/2021-04-07_planning-commission-meeting.md,1,2021-04-07,PlanningCommission,Procedural/Administrative,Procedural-Administrative,,procedural,pass,,,,unanimous-declared,unanimous Pass,crosswalk,high,1771
planning_commission,planning_commission/minutes/2021/2021-04-05/2021-04-07_planning-commission-meeting.md,2,2021-04-07,PlanningCommission,Subdivision/Plat,Land-Use,Subdivision-Plat,recommendation,pass,5,0,,roll-call,Positive recommendation 5:0,crosswalk,high,1772
planning_commission,planning_commission/minutes/2021/2021-04-05/2021-04-07_planning-commission-meeting.md,3,2021-04-07,PlanningCommission,Other,Other,,recommendation,pass,5,0,,roll-call,Positive recommendation 5:0,rule:no-signal,low,1773
planning_commission,planning_commission/minutes/2021/2021-04-05/2021-04-07_planning-commission-meeting.md,4,2021-04-07,PlanningCommission,Subdivision/Plat,Land-Use,Subdivision-Plat,recommendation,pass,5,0,,roll-call,Positive recommendation 5:0,crosswalk,high,1774
planning_commission,planning_commission/minutes/2021/2021-04-05/2021-04-07_planning-commission-meeting.md,5,2021-04-07,PlanningCommission,Procedural/Administrative,Procedural-Administrative,,procedural,pass,5,0,,roll-call,5:0 Pass,crosswalk,high,1775
planning_commission,planning_commission/minutes/2021/2021-04-05/2021-04-07_planning-commission-meeting.md,6,2021-04-07,PlanningCommission,Conditional Use Permit,Land-Use,Conditional-Use,final-action,pass,5,0,,roll-call,5:0 Approved (Final Action),crosswalk,high,1776
planning_commission,planning_commission/minutes/2021/2021-04-05/2021-04-07_planning-commission-meeting.md,7,2021-04-07,PlanningCommission,Conditional Use Permit,Land-Use,Conditional-Use,final-action,pass,5,0,,roll-call,5:0 Approved (Final Action),crosswalk,high,1777
planning_commission,planning_commission/minutes/2021/2021-04-05/2021-04-07_planning-commission-meeting.md,8,2021-04-07,PlanningCommission,Procedural/Administrative,Public-Hearing,,procedural,pass,,,,unanimous-declared,unanimous Pass,rule:ph-openclose,high,1778
planning_commission,planning_commission/minutes/2021/2021-04-05/2021-04-07_planning-commission-meeting.md,9,2021-04-07,PlanningCommission,Rezone,Land-Use,Rezone,recommendation,pass,5,0,,roll-call,Positive recommendation 5:0,crosswalk,high,1779
planning_commission,planning_commission/minutes/2021/2021-04-05/2021-04-07_planning-commission-meeting.md,10,2021-04-07,PlanningCommission,Conditional Use Permit,Land-Use,Conditional-Use,final-action,pass,,,,unknown,recorded Approved (Final Action),crosswalk,high,1780
planning_commission,planning_commission/minutes/2021/2021-04-05/2021-04-07_planning-commission-meeting.md,11,2021-04-07,PlanningCommission,Conditional Use Permit,Land-Use,Conditional-Use,final-action,pass,5,0,,roll-call,5:0 Approved (Final Action),crosswalk,high,1781
planning_commission,planning_commission/minutes/2021/2021-04-05/2021-04-07_planning-commission-meeting.md,12,2021-04-07,PlanningCommission,Street/Alley Vacation,Land-Use,Vacation,recommendation,pass,5,0,,roll-call,Positive recommendation 5:0,crosswalk,high,1782
planning_commission,planning_commission/minutes/2021/2021-04-05/2021-04-07_planning-commission-meeting.md,13,2021-04-07,PlanningCommission,Street/Alley Vacation,Land-Use,Vacation,recommendation,pass,5,0,,roll-call,Positive recommendation 5:0,crosswalk,high,1783
planning_commission,planning_commission/minutes/2021/2021-04-05/2021-04-07_planning-commission-meeting.md,14,2021-04-07,PlanningCommission,Other,Land-Use,Other-Land-Use,final-action,pass,5,0,,roll-call,5:0 Approved (Final Action),rule:lu-generic,medium,1784
planning_commission,planning_commission/minutes/2021/2021-04-05/2021-04-07_planning-commission-meeting.md,15,2021-04-07,PlanningCommission,Other,Land-Use,Other-Land-Use,recommendation,pass,5,0,,roll-call,Positive recommendation 5:0,rule:lu-generic,medium,1785
planning_commission,planning_commission/minutes/2021/2021-05-03/2021-05-05_planning-commission-meeting.md,1,2021-05-05,PlanningCommission,Procedural/Administrative,Procedural-Administrative,,procedural,pass,,,,unanimous-declared,unanimous Pass,crosswalk,high,1786
planning_commission,planning_commission/minutes/2021/2021-05-03/2021-05-05_planning-commission-meeting.md,2,2021-05-05,PlanningCommission,Conditional Use Permit,Land-Use,Conditional-Use,final-action,pass,8,0,,roll-call,8:0 Approved (Final Action),crosswalk,high,1787
planning_commission,planning_commission/minutes/2021/2021-05-03/2021-05-05_planning-commission-meeting.md,3,2021-05-05,PlanningCommission,Conditional Use Permit,Land-Use,Conditional-Use,final-action,pass,8,0,,roll-call,8:0 Approved (Final Action),crosswalk,high,1788
planning_commission,planning_commission/minutes/2021/2021-05-03/2021-05-05_planning-commission-meeting.md,4,2021-05-05,PlanningCommission,Conditional Use Permit,Land-Use,Conditional-Use,final-action,pass,8,0,,roll-call,8:0 Approved (Final Action),crosswalk,high,1789
planning_commission,planning_commission/minutes/2021/2021-05-03/2021-05-05_planning-commission-meeting.md,5,2021-05-05,PlanningCommission,Conditional Use Permit,Land-Use,Conditional-Use,final-action,pass,8,0,,roll-call,8:0 Approved (Final Action),crosswalk,high,1790
planning_commission,planning_commission/minutes/2021/2021-05-03/2021-05-05_planning-commission-meeting.md,6,2021-05-05,PlanningCommission,Street/Alley Vacation,Land-Use,Vacation,recommendation,pass,8,0,,roll-call,Positive recommendation 8:0,crosswalk,high,1791
planning_commission,planning_commission/minutes/2021/2021-05-03/2021-05-05_planning-commission-meeting.md,7,2021-05-05,PlanningCommission,Conditional Use Permit,Land-Use,Conditional-Use,final-action,pass,8,0,,roll-call,8:0 Approved (Final Action),crosswalk,high,1792
planning_commission,planning_commission/minutes/2021/2021-05-03/2021-05-05_planning-commission-meeting.md,8,2021-05-05,PlanningCommission,Subdivision/Plat,Land-Use,Subdivision-Plat,recommendation,pass,8,0,,roll-call,Positive recommendation 8:0,crosswalk,high,1793
planning_commission,planning_commission/minutes/2021/2021-05-03/2021-05-05_planning-commission-meeting.md,9,2021-05-05,PlanningCommission,Conditional Use Permit,Land-Use,Conditional-Use,final-action,pass,6,2,,roll-call,6:2 Approved (Final Action),crosswalk,high,1794
planning_commission,planning_commission/minutes/2021/2021-05-03/2021-05-05_planning-commission-meeting.md,10,2021-05-05,PlanningCommission,Procedural/Administrative,Public-Hearing,,procedural,pass,,,,unanimous-declared,unanimous Pass,rule:ph-openclose,high,1795
planning_commission,planning_commission/minutes/2021/2021-05-03/2021-05-05_planning-commission-meeting.md,11,2021-05-05,PlanningCommission,Rezone,Land-Use,Rezone,recommendation,pass,7,1,,roll-call,Positive recommendation 7:1,crosswalk,high,1796
planning_commission,planning_commission/minutes/2021/2021-05-03/2021-05-05_planning-commission-meeting.md,12,2021-05-05,PlanningCommission,Procedural/Administrative,Procedural-Administrative,,procedural,pass,8,0,,roll-call,8:0 Pass,crosswalk,high,1797
planning_commission,planning_commission/minutes/2021/2021-05-03/2021-05-05_planning-commission-meeting.md,13,2021-05-05,PlanningCommission,Other,Land-Use,Other-Land-Use,recommendation,fail,3,5,,roll-call,Negative recommendation 3:5,rule:lu-generic,medium,1798
planning_commission,planning_commission/minutes/2021/2021-05-03/2021-05-05_planning-commission-meeting.md,14,2021-05-05,PlanningCommission,Other,Land-Use,Other-Land-Use,recommendation,fail,3,5,,roll-call,Negative recommendation 3:5,rule:lu-generic,medium,1799
planning_commission,planning_commission/minutes/2021/2021-05-03/2021-05-05_planning-commission-meeting.md,15,2021-05-05,PlanningCommission,Other,Land-Use,Other-Land-Use,final-action,pass,6,2,,roll-call,6:2 Denied (Final Action),rule:lu-interp,high,1800
planning_commission,planning_commission/minutes/2021/2021-05-03/2021-05-05_planning-commission-meeting.md,16,2021-05-05,PlanningCommission,Subdivision/Plat,Land-Use,Subdivision-Plat,recommendation,pass,6,1,,roll-call,Positive recommendation 6:1,crosswalk,high,1801
planning_commission,planning_commission/minutes/2021/2021-05-03/2021-05-05_planning-commission-meeting.md,17,2021-05-05,PlanningCommission,Procedural/Administrative,Public-Hearing,,procedural,pass,,,,unanimous-declared,unanimous Pass,rule:ph-openclose,high,1802
planning_commission,planning_commission/minutes/2021/2021-05-03/2021-05-05_planning-commission-meeting.md,18,2021-05-05,PlanningCommission,Rezone,Land-Use,Rezone,recommendation,pass,7,0,,roll-call,Negative recommendation 7:0,crosswalk,high,1803
planning_commission,planning_commission/minutes/2021/2021-05-03/2021-05-05_planning-commission-meeting.md,19,2021-05-05,PlanningCommission,Other,Land-Use,Other-Land-Use,recommendation,pass,7,0,,roll-call,Negative recommendation 7:0,rule:lu-generic,medium,1804
planning_commission,planning_commission/minutes/2021/2021-05-03/2021-05-05_planning-commission-meeting.md,20,2021-05-05,PlanningCommission,Procedural/Administrative,Public-Hearing,,procedural,pass,,,,unanimous-declared,unanimous Pass,rule:ph-openclose,high,1805
planning_commission,planning_commission/minutes/2021/2021-05-03/2021-05-05_planning-commission-meeting.md,21,2021-05-05,PlanningCommission,Zoning Text/General Plan Amendment,Land-Use,Other-Land-Use,recommendation,pass,7,0,,roll-call,Positive recommendation 7:0,crosswalk,high,1806
planning_commission,planning_commission/minutes/2021/2021-05-03/2021-05-05_planning-commission-meeting.md,22,2021-05-05,PlanningCommission,Procedural/Administrative,Public-Hearing,,procedural,pass,,,,unanimous-declared,unanimous Pass,rule:ph-openclose,high,1807
planning_commission,planning_commission/minutes/2021/2021-05-03/2021-05-05_planning-commission-meeting.md,23,2021-05-05,PlanningCommission,Other,Land-Use,Other-Land-Use,recommendation,pass,7,0,,roll-call,Positive recommendation 7:0,rule:lu-generic,medium,1808
planning_commission,planning_commission/minutes/2021/2021-05-17/2021-05-19_planning-commission-meeting.md,1,2021-05-19,PlanningCommission,Other,Land-Use,Development-Agreement,recommendation,pass,7,0,,roll-call,Positive recommendation 7:0,rule:lu-devagr,high,1809
planning_commission,planning_commission/minutes/2021/2021-05-31/2021-06-02_planning-commission-meeting.md,1,2021-06-02,PlanningCommission,Other,Other,,final-action,pass,,,,unanimous-declared,unanimous Approved (Final Action),rule:no-signal,low,1810
planning_commission,planning_commission/minutes/2021/2021-05-31/2021-06-02_planning-commission-meeting.md,2,2021-06-02,PlanningCommission,Conditional Use Permit,Land-Use,Conditional-Use,final-action,pass,8,0,,roll-call,8:0 Approved (Final Action),crosswalk,high,1811
planning_commission,planning_commission/minutes/2021/2021-05-31/2021-06-02_planning-commission-meeting.md,3,2021-06-02,PlanningCommission,Subdivision/Plat,Land-Use,Subdivision-Plat,recommendation,pass,8,0,,roll-call,Positive recommendation 8:0,crosswalk,high,1812
planning_commission,planning_commission/minutes/2021/2021-05-31/2021-06-02_planning-commission-meeting.md,4,2021-06-02,PlanningCommission,Subdivision/Plat,Land-Use,Subdivision-Plat,recommendation,pass,8,0,,roll-call,Positive recommendation 8:0,crosswalk,high,1813
planning_commission,planning_commission/minutes/2021/2021-05-31/2021-06-02_planning-commission-meeting.md,5,2021-06-02,PlanningCommission,Conditional Use Permit,Land-Use,Conditional-Use,final-action,pass,8,0,,roll-call,8:0 Approved (Final Action),crosswalk,high,1814
planning_commission,planning_commission/minutes/2021/2021-05-31/2021-06-02_planning-commission-meeting.md,6,2021-06-02,PlanningCommission,Conditional Use Permit,Land-Use,Conditional-Use,final-action,pass,8,0,,roll-call,8:0 Approved (Final Action),crosswalk,high,1815
planning_commission,planning_commission/minutes/2021/2021-05-31/2021-06-02_planning-commission-meeting.md,7,2021-06-02,PlanningCommission,Other,Land-Use,Other-Land-Use,recommendation,pass,8,0,,roll-call,Positive recommendation 8:0,rule:lu-generic,medium,1816
planning_commission,planning_commission/minutes/2021/2021-05-31/2021-06-02_planning-commission-meeting.md,8,2021-06-02,PlanningCommission,Site Plan,Land-Use,Site-Plan-Design-Review,final-action,pass,8,0,,roll-call,8:0 Approved (Final Action),crosswalk,high,1817
planning_commission,planning_commission/minutes/2021/2021-05-31/2021-06-02_planning-commission-meeting.md,9,2021-06-02,PlanningCommission,Procedural/Administrative,Public-Hearing,,procedural,pass,,,,unknown,recorded Pass,rule:ph-openclose,high,1818
planning_commission,planning_commission/minutes/2021/2021-05-31/2021-06-02_planning-commission-meeting.md,10,2021-06-02,PlanningCommission,Street/Alley Vacation,Land-Use,Vacation,recommendation,fail,4,4,,roll-call,Negative recommendation 4:4,crosswalk,high,1819
planning_commission,planning_commission/minutes/2021/2021-05-31/2021-06-02_planning-commission-meeting.md,11,2021-06-02,PlanningCommission,Procedural/Administrative,Land-Use,Conditional-Use,procedural,pass,,,,unknown,recorded Pass,rule:lu-cup,high,1820
planning_commission,planning_commission/minutes/2021/2021-05-31/2021-06-02_planning-commission-meeting.md,12,2021-06-02,PlanningCommission,Conditional Use Permit,Land-Use,Conditional-Use,final-action,pass,8,0,,roll-call,8:0 Approved (Final Action),crosswalk,high,1821
planning_commission,planning_commission/minutes/2021/2021-05-31/2021-06-02_planning-commission-meeting.md,13,2021-06-02,PlanningCommission,Conditional Use Permit,Land-Use,Conditional-Use,final-action,pass,8,0,,roll-call,8:0 Approved (Final Action),crosswalk,high,1822
planning_commission,planning_commission/minutes/2021/2021-05-31/2021-06-02_planning-commission-meeting.md,14,2021-06-02,PlanningCommission,Site Plan,Land-Use,Site-Plan-Design-Review,final-action,pass,6,2,,roll-call,6:2 Approved (Final Action),crosswalk,high,1823
planning_commission,planning_commission/minutes/2021/2021-05-31/2021-06-02_planning-commission-meeting.md,15,2021-06-02,PlanningCommission,Subdivision/Plat,Land-Use,Subdivision-Plat,recommendation,pass,7,0,,roll-call,Positive recommendation 7:0,crosswalk,high,1824
planning_commission,planning_commission/minutes/2021/2021-05-31/2021-06-02_planning-commission-meeting.md,16,2021-06-02,PlanningCommission,Procedural/Administrative,Procedural-Administrative,,procedural,pass,7,0,,roll-call,7:0 Pass,crosswalk,high,1825
planning_commission,planning_commission/minutes/2021/2021-05-31/2021-06-02_planning-commission-meeting.md,17,2021-06-02,PlanningCommission,Procedural/Administrative,Procedural-Administrative,,procedural,pass,7,0,,roll-call,7:0 Pass,crosswalk,high,1826
planning_commission,planning_commission/minutes/2021/2021-05-31/2021-06-02_planning-commission-meeting.md,18,2021-06-02,PlanningCommission,Procedural/Administrative,Public-Hearing,,procedural,pass,,,,unanimous-declared,unanimous Pass,rule:ph-openclose,high,1827
planning_commission,planning_commission/minutes/2021/2021-05-31/2021-06-02_planning-commission-meeting.md,19,2021-06-02,PlanningCommission,Other,Land-Use,Other-Land-Use,recommendation,pass,7,0,,roll-call,Positive recommendation 7:0,rule:lu-generic,medium,1828
planning_commission,planning_commission/minutes/2021/2021-05-31/2021-06-02_planning-commission-meeting.md,20,2021-06-02,PlanningCommission,Procedural/Administrative,Public-Hearing,,procedural,pass,,,,unanimous-declared,unanimous Pass,rule:ph-openclose,high,1829
planning_commission,planning_commission/minutes/2021/2021-05-31/2021-06-02_planning-commission-meeting.md,21,2021-06-02,PlanningCommission,Other,Land-Use,Other-Land-Use,recommendation,pass,7,0,,roll-call,Positive recommendation 7:0,rule:lu-generic,medium,1830
planning_commission,planning_commission/minutes/2021/2021-07-05/2021-07-07_planning-commission-meeting.md,1,2021-07-07,PlanningCommission,Procedural/Administrative,Procedural-Administrative,,procedural,pass,,,,unanimous-declared,unanimous Pass,crosswalk,high,1831
planning_commission,planning_commission/minutes/2021/2021-07-05/2021-07-07_planning-commission-meeting.md,2,2021-07-07,PlanningCommission,Conditional Use Permit,Land-Use,Conditional-Use,final-action,pass,5,0,,roll-call,5:0 Approved (Final Action),crosswalk,high,1832
planning_commission,planning_commission/minutes/2021/2021-07-05/2021-07-07_planning-commission-meeting.md,3,2021-07-07,PlanningCommission,Conditional Use Permit,Land-Use,Conditional-Use,final-action,pass,5,0,,roll-call,5:0 Approved (Final Action),crosswalk,high,1833
planning_commission,planning_commission/minutes/2021/2021-07-05/2021-07-07_planning-commission-meeting.md,4,2021-07-07,PlanningCommission,Conditional Use Permit,Land-Use,Conditional-Use,final-action,pass,5,0,,roll-call,5:0 Approved (Final Action),crosswalk,high,1834
planning_commission,planning_commission/minutes/2021/2021-07-05/2021-07-07_planning-commission-meeting.md,5,2021-07-07,PlanningCommission,Conditional Use Permit,Land-Use,Conditional-Use,final-action,pass,5,0,,roll-call,5:0 Approved (Final Action),crosswalk,high,1835
planning_commission,planning_commission/minutes/2021/2021-07-05/2021-07-07_planning-commission-meeting.md,6,2021-07-07,PlanningCommission,Conditional Use Permit,Land-Use,Conditional-Use,final-action,pass,5,0,,roll-call,5:0 Approved (Final Action),crosswalk,high,1836
planning_commission,planning_commission/minutes/2021/2021-07-05/2021-07-07_planning-commission-meeting.md,7,2021-07-07,PlanningCommission,Procedural/Administrative,Public-Hearing,,procedural,pass,,,,unanimous-declared,unanimous Pass,rule:ph-openclose,high,1837
planning_commission,planning_commission/minutes/2021/2021-07-05/2021-07-07_planning-commission-meeting.md,8,2021-07-07,PlanningCommission,Rezone,Land-Use,Rezone,recommendation,pass,6,0,,roll-call,Positive recommendation 6:0,crosswalk,high,1838
planning_commission,planning_commission/minutes/2021/2021-07-05/2021-07-07_planning-commission-meeting.md,9,2021-07-07,PlanningCommission,Procedural/Administrative,Public-Hearing,,procedural,pass,,,,unanimous-declared,unanimous Pass,rule:ph-openclose,high,1839
planning_commission,planning_commission/minutes/2021/2021-07-05/2021-07-07_planning-commission-meeting.md,10,2021-07-07,PlanningCommission,Rezone,Land-Use,Rezone,recommendation,pass,6,0,,roll-call,Positive recommendation 6:0,crosswalk,high,1840
planning_commission,planning_commission/minutes/2021/2021-07-05/2021-07-07_planning-commission-meeting.md,11,2021-07-07,PlanningCommission,Procedural/Administrative,Public-Hearing,,procedural,pass,,,,unanimous-declared,unanimous Pass,rule:ph-openclose,high,1841
planning_commission,planning_commission/minutes/2021/2021-07-05/2021-07-07_planning-commission-meeting.md,12,2021-07-07,PlanningCommission,Conditional Use Permit,Land-Use,Conditional-Use,final-action,pass,6,0,,roll-call,6:0 Approved (Final Action),crosswalk,high,1842
planning_commission,planning_commission/minutes/2021/2021-07-05/2021-07-07_planning-commission-meeting.md,13,2021-07-07,PlanningCommission,Procedural/Administrative,Public-Hearing,,procedural,pass,,,,unanimous-declared,unanimous Pass,rule:ph-openclose,high,1843
planning_commission,planning_commission/minutes/2021/2021-07-05/2021-07-07_planning-commission-meeting.md,14,2021-07-07,PlanningCommission,Rezone,Land-Use,Rezone,recommendation,pass,5,0,,roll-call,Positive recommendation 5:0,crosswalk,high,1844
planning_commission,planning_commission/minutes/2021/2021-07-05/2021-07-07_planning-commission-meeting.md,15,2021-07-07,PlanningCommission,Other,Other,,final-action,pass,6,0,,roll-call,6:0 Approved (Final Action),rule:no-signal,low,1845
planning_commission,planning_commission/minutes/2021/2021-07-05/2021-07-07_planning-commission-meeting.md,16,2021-07-07,PlanningCommission,Procedural/Administrative,Public-Hearing,,procedural,pass,6,0,,roll-call,6:0 Pass,rule:ph-openclose,high,1846
planning_commission,planning_commission/minutes/2021/2021-07-05/2021-07-07_planning-commission-meeting.md,17,2021-07-07,PlanningCommission,Procedural/Administrative,Public-Hearing,,procedural,pass,,,,unanimous-declared,unanimous Pass,rule:ph-openclose,high,1847
planning_commission,planning_commission/minutes/2021/2021-07-05/2021-07-07_planning-commission-meeting.md,18,2021-07-07,PlanningCommission,Other,Other,,recommendation,pass,4,2,,roll-call,Positive recommendation 4:2,rule:no-signal,low,1848
planning_commission,planning_commission/minutes/2021/2021-07-05/2021-07-07_planning-commission-meeting.md,19,2021-07-07,PlanningCommission,Procedural/Administrative,Public-Hearing,,procedural,pass,,,,unanimous-declared,unanimous Pass,rule:ph-openclose,high,1849
planning_commission,planning_commission/minutes/2021/2021-07-05/2021-07-07_planning-commission-meeting.md,20,2021-07-07,PlanningCommission,Zoning Text/General Plan Amendment,Land-Use,Other-Land-Use,recommendation,pass,6,0,,roll-call,Positive recommendation 6:0,crosswalk,high,1850
planning_commission,planning_commission/minutes/2021/2021-07-05/2021-07-07_planning-commission-meeting.md,21,2021-07-07,PlanningCommission,Other,Land-Use,Other-Land-Use,recommendation,pass,6,0,,roll-call,Positive recommendation 6:0,rule:lu-generic,medium,1851
planning_commission,planning_commission/minutes/2021/2021-08-02/2021-08-04_planning-commission-meeting.md,1,2021-08-04,PlanningCommission,Procedural/Administrative,Procedural-Administrative,,procedural,pass,,,,unanimous-declared,unanimous Pass,crosswalk,high,1852
planning_commission,planning_commission/minutes/2021/2021-08-02/2021-08-04_planning-commission-meeting.md,2,2021-08-04,PlanningCommission,Conditional Use Permit,Land-Use,Conditional-Use,final-action,pass,7,0,,roll-call,7:0 Approved (Final Action),crosswalk,high,1853
planning_commission,planning_commission/minutes/2021/2021-08-02/2021-08-04_planning-commission-meeting.md,3,2021-08-04,PlanningCommission,Conditional Use Permit,Land-Use,Conditional-Use,final-action,pass,7,0,,roll-call,7:0 Approved (Final Action),crosswalk,high,1854
planning_commission,planning_commission/minutes/2021/2021-08-02/2021-08-04_planning-commission-meeting.md,4,2021-08-04,PlanningCommission,Conditional Use Permit,Land-Use,Conditional-Use,final-action,pass,7,0,,roll-call,7:0 Approved (Final Action),crosswalk,high,1855
planning_commission,planning_commission/minutes/2021/2021-08-02/2021-08-04_planning-commission-meeting.md,5,2021-08-04,PlanningCommission,Other,Other,,final-action,pass,7,0,,roll-call,7:0 Approved (Final Action),rule:no-signal,low,1856
planning_commission,planning_commission/minutes/2021/2021-08-02/2021-08-04_planning-commission-meeting.md,6,2021-08-04,PlanningCommission,Conditional Use Permit,Land-Use,Conditional-Use,final-action,pass,7,0,,roll-call,7:0 Approved (Final Action),crosswalk,high,1857
planning_commission,planning_commission/minutes/2021/2021-08-02/2021-08-04_planning-commission-meeting.md,7,2021-08-04,PlanningCommission,Procedural/Administrative,Procedural-Administrative,,procedural,pass,,,,unknown,recorded Pass,crosswalk,medium,1858
planning_commission,planning_commission/minutes/2021/2021-08-02/2021-08-04_planning-commission-meeting.md,8,2021-08-04,PlanningCommission,Procedural/Administrative,Land-Use,Development-Agreement,procedural,pass,6,1,,roll-call,6:1 Pass,rule:lu-devagr,high,1859
planning_commission,planning_commission/minutes/2021/2021-08-02/2021-08-04_planning-commission-meeting.md,9,2021-08-04,PlanningCommission,Other,Ordinance,,final-action,pass,7,0,,roll-call,7:0 Approved (Final Action),rule:ordinance-weak,medium,1860
planning_commission,planning_commission/minutes/2021/2021-08-02/2021-08-04_planning-commission-meeting.md,10,2021-08-04,PlanningCommission,Site Plan,Land-Use,Site-Plan-Design-Review,final-action,pass,6,0,,roll-call,6:0 Approved (Final Action),crosswalk,high,1861
planning_commission,planning_commission/minutes/2021/2021-08-02/2021-08-04_planning-commission-meeting.md,11,2021-08-04,PlanningCommission,Other,Other,,final-action,pass,6,0,,roll-call,6:0 Approved (Final Action),rule:no-signal,low,1862
planning_commission,planning_commission/minutes/2021/2021-08-02/2021-08-04_planning-commission-meeting.md,12,2021-08-04,PlanningCommission,Other,Other,,final-action,pass,7,0,,roll-call,7:0 Approved (Final Action),rule:no-signal,low,1863
planning_commission,planning_commission/minutes/2021/2021-08-02/2021-08-04_planning-commission-meeting.md,13,2021-08-04,PlanningCommission,Procedural/Administrative,Public-Hearing,,procedural,pass,,,,unanimous-declared,unanimous Pass,rule:ph-openclose,high,1864
planning_commission,planning_commission/minutes/2021/2021-08-02/2021-08-04_planning-commission-meeting.md,14,2021-08-04,PlanningCommission,Zoning Text/General Plan Amendment,Land-Use,General-Plan-Amendment,recommendation,pass,4,2,,roll-call,Positive recommendation 4:2,rule:lu-gpa,high,1865
planning_commission,planning_commission/minutes/2021/2021-08-16/2021-08-18_planning-commission-meeting.md,1,2021-08-18,PlanningCommission,Conditional Use Permit,Land-Use,Conditional-Use,final-action,pass,6,0,,roll-call,6:0 Approved (Final Action),crosswalk,high,1866
planning_commission,planning_commission/minutes/2021/2021-08-16/2021-08-18_planning-commission-meeting.md,2,2021-08-18,PlanningCommission,Site Plan,Land-Use,Site-Plan-Design-Review,final-action,pass,6,0,,roll-call,6:0 Approved (Final Action),crosswalk,high,1867
planning_commission,planning_commission/minutes/2021/2021-08-30/2021-09-01_planning-commission-meeting.md,1,2021-09-01,PlanningCommission,Procedural/Administrative,Procedural-Administrative,,procedural,pass,,,,unanimous-declared,unanimous Pass,crosswalk,high,1868
planning_commission,planning_commission/minutes/2021/2021-08-30/2021-09-01_planning-commission-meeting.md,2,2021-09-01,PlanningCommission,Conditional Use Permit,Land-Use,Conditional-Use,final-action,pass,6,0,,roll-call,6:0 Approved (Final Action),crosswalk,high,1869
planning_commission,planning_commission/minutes/2021/2021-08-30/2021-09-01_planning-commission-meeting.md,3,2021-09-01,PlanningCommission,Subdivision/Plat,Land-Use,Subdivision-Plat,recommendation,pass,6,0,,roll-call,Positive recommendation 6:0,crosswalk,high,1870
planning_commission,planning_commission/minutes/2021/2021-08-30/2021-09-01_planning-commission-meeting.md,4,2021-09-01,PlanningCommission,Procedural/Administrative,Public-Hearing,,procedural,pass,6,0,,roll-call,6:0 Pass,rule:ph-openclose,high,1871
planning_commission,planning_commission/minutes/2021/2021-08-30/2021-09-01_planning-commission-meeting.md,5,2021-09-01,PlanningCommission,Procedural/Administrative,Procedural-Administrative,,procedural,pass,6,0,,roll-call,6:0 Pass,crosswalk,high,1872
planning_commission,planning_commission/minutes/2021/2021-08-30/2021-09-01_planning-commission-meeting.md,6,2021-09-01,PlanningCommission,Conditional Use Permit,Land-Use,Conditional-Use,final-action,pass,6,0,,roll-call,6:0 Denied (Final Action),crosswalk,high,1873
planning_commission,planning_commission/minutes/2021/2021-08-30/2021-09-01_planning-commission-meeting.md,7,2021-09-01,PlanningCommission,Site Plan,Land-Use,Site-Plan-Design-Review,final-action,pass,5,1,,roll-call,5:1 Approved (Final Action),crosswalk,high,1874
planning_commission,planning_commission/minutes/2021/2021-08-30/2021-09-01_planning-commission-meeting.md,8,2021-09-01,PlanningCommission,Other,Public-Hearing,,procedural,pass,,,,unanimous-declared,unanimous Approved (Final Action),rule:ph-weak,medium,1875
planning_commission,planning_commission/minutes/2021/2021-08-30/2021-09-01_planning-commission-meeting.md,9,2021-09-01,PlanningCommission,Rezone,Land-Use,Rezone,recommendation,pass,4,1,,roll-call,Positive recommendation 4:1,crosswalk,high,1876
planning_commission,planning_commission/minutes/2021/2021-10-04/2021-10-06_planning-commission-meeting.md,1,2021-10-06,PlanningCommission,Procedural/Administrative,Procedural-Administrative,,procedural,pass,,,,unanimous-declared,unanimous Pass,crosswalk,high,1877
planning_commission,planning_commission/minutes/2021/2021-10-04/2021-10-06_planning-commission-meeting.md,2,2021-10-06,PlanningCommission,Conditional Use Permit,Land-Use,Conditional-Use,final-action,pass,6,0,,roll-call,6:0 Approved (Final Action),crosswalk,high,1878
planning_commission,planning_commission/minutes/2021/2021-10-04/2021-10-06_planning-commission-meeting.md,3,2021-10-06,PlanningCommission,Conditional Use Permit,Land-Use,Conditional-Use,final-action,pass,6,0,,roll-call,6:0 Approved (Final Action),crosswalk,high,1879
planning_commission,planning_commission/minutes/2021/2021-10-04/2021-10-06_planning-commission-meeting.md,4,2021-10-06,PlanningCommission,Conditional Use Permit,Land-Use,Conditional-Use,final-action,pass,6,0,,roll-call,6:0 Approved (Final Action),crosswalk,high,1880
planning_commission,planning_commission/minutes/2021/2021-10-04/2021-10-06_planning-commission-meeting.md,5,2021-10-06,PlanningCommission,Other,Land-Use,Other-Land-Use,recommendation,pass,6,0,,roll-call,Positive recommendation 6:0,rule:lu-generic,medium,1881
planning_commission,planning_commission/minutes/2021/2021-10-04/2021-10-06_planning-commission-meeting.md,6,2021-10-06,PlanningCommission,Subdivision/Plat,Land-Use,Subdivision-Plat,recommendation,pass,6,0,,roll-call,Positive recommendation 6:0,crosswalk,high,1882
planning_commission,planning_commission/minutes/2021/2021-10-04/2021-10-06_planning-commission-meeting.md,7,2021-10-06,PlanningCommission,Other,Land-Use,Other-Land-Use,recommendation,pass,6,0,,roll-call,Positive recommendation 6:0,rule:lu-generic,medium,1883
planning_commission,planning_commission/minutes/2021/2021-10-04/2021-10-06_planning-commission-meeting.md,8,2021-10-06,PlanningCommission,Other,Other,,final-action,pass,6,0,,roll-call,6:0 Approved (Final Action),rule:no-signal,low,1884
planning_commission,planning_commission/minutes/2021/2021-10-04/2021-10-06_planning-commission-meeting.md,9,2021-10-06,PlanningCommission,Other,Other,,final-action,pass,6,0,,roll-call,6:0 Approved (Final Action),rule:no-signal,low,1885
planning_commission,planning_commission/minutes/2021/2021-10-04/2021-10-06_planning-commission-meeting.md,10,2021-10-06,PlanningCommission,Other,Land-Use,Other-Land-Use,recommendation,pass,6,0,,roll-call,Positive recommendation 6:0,rule:lu-pud,high,1886
planning_commission,planning_commission/minutes/2021/2021-10-04/2021-10-06_planning-commission-meeting.md,11,2021-10-06,PlanningCommission,Conditional Use Permit,Land-Use,Conditional-Use,final-action,pass,5,0,,roll-call,5:0 Approved (Final Action),crosswalk,high,1887
planning_commission,planning_commission/minutes/2021/2021-10-04/2021-10-06_planning-commission-meeting.md,12,2021-10-06,PlanningCommission,Procedural/Administrative,Public-Hearing,,procedural,pass,,,,unanimous-declared,unanimous Pass,rule:ph-openclose,high,1888
planning_commission,planning_commission/minutes/2021/2021-10-04/2021-10-06_planning-commission-meeting.md,13,2021-10-06,PlanningCommission,Rezone,Land-Use,Rezone,recommendation,pass,5,0,,roll-call,Negative recommendation 5:0,crosswalk,high,1889
planning_commission,planning_commission/minutes/2021/2021-10-04/2021-10-06_planning-commission-meeting.md,14,2021-10-06,PlanningCommission,Other,Land-Use,Other-Land-Use,final-action,pass,5,0,,roll-call,5:0 Approved (Final Action),rule:lu-historic,medium,1890
planning_commission,planning_commission/minutes/2021/2021-10-04/2021-10-06_planning-commission-meeting.md,15,2021-10-06,PlanningCommission,Conditional Use Permit,Land-Use,Conditional-Use,final-action,pass,6,0,,roll-call,6:0 Approved (Final Action),crosswalk,high,1891
planning_commission,planning_commission/minutes/2021/2021-10-04/2021-10-06_planning-commission-meeting.md,16,2021-10-06,PlanningCommission,Conditional Use Permit,Land-Use,Conditional-Use,final-action,pass,6,0,,roll-call,6:0 Approved (Final Action),crosswalk,high,1892
planning_commission,planning_commission/minutes/2021/2021-10-04/2021-10-06_planning-commission-meeting.md,17,2021-10-06,PlanningCommission,Street/Alley Vacation,Land-Use,Vacation,recommendation,pass,6,0,,roll-call,Positive recommendation 6:0,crosswalk,high,1893
planning_commission,planning_commission/minutes/2021/2021-10-04/2021-10-06_planning-commission-meeting.md,18,2021-10-06,PlanningCommission,Procedural/Administrative,Public-Hearing,,procedural,pass,,,,unanimous-declared,unanimous Pass,rule:ph-openclose,high,1894
planning_commission,planning_commission/minutes/2021/2021-10-04/2021-10-06_planning-commission-meeting.md,19,2021-10-06,PlanningCommission,Other,Land-Use,Other-Land-Use,final-action,pass,6,0,,roll-call,6:0 Denied (Final Action),rule:lu-generic,medium,1895
planning_commission,planning_commission/minutes/2021/2021-10-04/2021-10-06_planning-commission-meeting.md,20,2021-10-06,PlanningCommission,Other,Ordinance,,final-action,pass,6,0,,roll-call,6:0 Approved (Final Action),rule:ordinance-weak,medium,1896
planning_commission,planning_commission/minutes/2021/2021-11-01/2021-11-03_planning-commission-meeting.md,1,2021-11-03,PlanningCommission,Procedural/Administrative,Procedural-Administrative,,procedural,pass,,,,unanimous-declared,unanimous Pass,crosswalk,high,1897
planning_commission,planning_commission/minutes/2021/2021-11-01/2021-11-03_planning-commission-meeting.md,2,2021-11-03,PlanningCommission,Procedural/Administrative,Procedural-Administrative,,procedural,fail,4,4,,roll-call,4:4 Fail,crosswalk,high,1898
planning_commission,planning_commission/minutes/2021/2021-11-01/2021-11-03_planning-commission-meeting.md,3,2021-11-03,PlanningCommission,Other,Ordinance,,recommendation,fail,3,5,,roll-call,Positive recommendation 3:5,rule:ordinance-weak,medium,1899
planning_commission,planning_commission/minutes/2021/2021-11-01/2021-11-03_planning-commission-meeting.md,4,2021-11-03,PlanningCommission,Conditional Use Permit,Land-Use,Conditional-Use,final-action,pass,8,0,,roll-call,8:0 Approved (Final Action),crosswalk,high,1900
planning_commission,planning_commission/minutes/2021/2021-11-01/2021-11-03_planning-commission-meeting.md,5,2021-11-03,PlanningCommission,Subdivision/Plat,Land-Use,Subdivision-Plat,recommendation,pass,8,0,,roll-call,Positive recommendation 8:0,crosswalk,high,1901
planning_commission,planning_commission/minutes/2021/2021-11-01/2021-11-03_planning-commission-meeting.md,6,2021-11-03,PlanningCommission,Procedural/Administrative,Procedural-Administrative,,procedural,pass,8,0,,roll-call,8:0 Pass,crosswalk,high,1902
planning_commission,planning_commission/minutes/2021/2021-11-01/2021-11-03_planning-commission-meeting.md,7,2021-11-03,PlanningCommission,Other,Land-Use,Other-Land-Use,final-action,pass,8,0,,roll-call,8:0 Approved (Final Action),rule:lu-generic,medium,1903
planning_commission,planning_commission/minutes/2021/2021-11-01/2021-11-03_planning-commission-meeting.md,8,2021-11-03,PlanningCommission,Site Plan,Land-Use,Site-Plan-Design-Review,final-action,pass,7,1,,roll-call,7:1 Approved (Final Action),crosswalk,high,1904
planning_commission,planning_commission/minutes/2021/2021-11-01/2021-11-03_planning-commission-meeting.md,9,2021-11-03,PlanningCommission,Street/Alley Vacation,Land-Use,Vacation,recommendation,pass,8,0,,roll-call,Positive recommendation 8:0,crosswalk,high,1905
planning_commission,planning_commission/minutes/2021/2021-11-01/2021-11-03_planning-commission-meeting.md,10,2021-11-03,PlanningCommission,Procedural/Administrative,Public-Hearing,,procedural,pass,,,,unanimous-declared,unanimous Pass,rule:ph-openclose,high,1906
planning_commission,planning_commission/minutes/2021/2021-11-01/2021-11-03_planning-commission-meeting.md,11,2021-11-03,PlanningCommission,Street/Alley Vacation,Land-Use,Vacation,recommendation,pass,8,0,,roll-call,Positive recommendation 8:0,crosswalk,high,1907
planning_commission,planning_commission/minutes/2021/2021-11-01/2021-11-03_planning-commission-meeting.md,12,2021-11-03,PlanningCommission,Other,Land-Use,Other-Land-Use,recommendation,pass,7,0,,roll-call,Positive recommendation 7:0,rule:lu-generic,medium,1908
planning_commission,planning_commission/minutes/2021/2021-11-01/2021-11-03_planning-commission-meeting.md,13,2021-11-03,PlanningCommission,Procedural/Administrative,Public-Hearing,,procedural,pass,,,,unanimous-declared,unanimous Pass,rule:ph-openclose,high,1909
planning_commission,planning_commission/minutes/2021/2021-11-01/2021-11-03_planning-commission-meeting.md,14,2021-11-03,PlanningCommission,Zoning Text/General Plan Amendment,Land-Use,General-Plan-Amendment,recommendation,pass,7,1,,roll-call,Positive recommendation 7:1,rule:lu-gpa,high,1910
planning_commission,planning_commission/minutes/2021/2021-11-01/2021-11-03_planning-commission-meeting.md,15,2021-11-03,PlanningCommission,Procedural/Administrative,Public-Hearing,,procedural,pass,,,,unanimous-declared,unanimous Pass,rule:ph-openclose,high,1911
planning_commission,planning_commission/minutes/2021/2021-11-01/2021-11-03_planning-commission-meeting.md,16,2021-11-03,PlanningCommission,Zoning Text/General Plan Amendment,Land-Use,General-Plan-Amendment,recommendation,pass,8,0,,roll-call,Positive recommendation 8:0,rule:lu-gpa,high,1912
planning_commission,planning_commission/minutes/2021/2021-11-29/2021-12-01_planning-commission-meeting.md,1,2021-12-01,PlanningCommission,Procedural/Administrative,Procedural-Administrative,,procedural,pass,,,,unanimous-declared,unanimous Pass,crosswalk,high,1913
planning_commission,planning_commission/minutes/2021/2021-11-29/2021-12-01_planning-commission-meeting.md,2,2021-12-01,PlanningCommission,Subdivision/Plat,Land-Use,Subdivision-Plat,recommendation,pass,7,0,,roll-call,Positive recommendation 7:0,crosswalk,high,1914
planning_commission,planning_commission/minutes/2021/2021-11-29/2021-12-01_planning-commission-meeting.md,3,2021-12-01,PlanningCommission,Procedural/Administrative,Public-Hearing,,procedural,pass,,,,unanimous-declared,unanimous Pass,rule:ph-openclose,high,1915
planning_commission,planning_commission/minutes/2021/2021-11-29/2021-12-01_planning-commission-meeting.md,4,2021-12-01,PlanningCommission,Rezone,Land-Use,Rezone,recommendation,pass,6,1,,roll-call,Positive recommendation 6:1,crosswalk,high,1916
planning_commission,planning_commission/minutes/2021/2021-11-29/2021-12-01_planning-commission-meeting.md,5,2021-12-01,PlanningCommission,Site Plan,Land-Use,Site-Plan-Design-Review,final-action,pass,7,0,,roll-call,7:0 Approved (Final Action),crosswalk,high,1917
planning_commission,planning_commission/minutes/2021/2021-11-29/2021-12-01_planning-commission-meeting.md,6,2021-12-01,PlanningCommission,Procedural/Administrative,Procedural-Administrative,,procedural,pass,7,0,,roll-call,7:0 Pass,crosswalk,high,1918
planning_commission,planning_commission/minutes/2021/2021-11-29/2021-12-01_planning-commission-meeting.md,7,2021-12-01,PlanningCommission,Procedural/Administrative,Public-Hearing,,procedural,pass,,,,unanimous-declared,unanimous Pass,rule:ph-openclose,high,1919
planning_commission,planning_commission/minutes/2021/2021-11-29/2021-12-01_planning-commission-meeting.md,8,2021-12-01,PlanningCommission,Other,Land-Use,Other-Land-Use,recommendation,pass,7,0,,roll-call,Positive recommendation 7:0,rule:lu-accessory,high,1920
planning_commission,planning_commission/minutes/2021/2021-11-29/2021-12-01_planning-commission-meeting.md,9,2021-12-01,PlanningCommission,Procedural/Administrative,Public-Hearing,,procedural,pass,,,,unanimous-declared,unanimous Pass,rule:ph-openclose,high,1921
planning_commission,planning_commission/minutes/2021/2021-11-29/2021-12-01_planning-commission-meeting.md,10,2021-12-01,PlanningCommission,Other,Land-Use,General-Plan-Amendment,recommendation,pass,7,0,,roll-call,Positive recommendation 7:0,rule:lu-gpa,high,1922
planning_commission,planning_commission/minutes/2021/2021-12-13/2021-12-15_planning-commission-meeting.md,1,2021-12-15,PlanningCommission,Site Plan,Land-Use,Site-Plan-Design-Review,final-action,pass,5,0,,roll-call,5:0 Approved (Final Action),crosswalk,high,1923
planning_commission,planning_commission/minutes/2022/2022-01-03/2022-01-05_planning-commission-meeting.md,1,2022-01-05,PlanningCommission,Procedural/Administrative,Procedural-Administrative,,procedural,pass,,,,unanimous-declared,unanimous Pass,crosswalk,high,1924
planning_commission,planning_commission/minutes/2022/2022-01-03/2022-01-05_planning-commission-meeting.md,2,2022-01-05,PlanningCommission,Procedural/Administrative,Procedural-Administrative,,procedural,pass,6,0,,roll-call,6:0 Pass,crosswalk,high,1925
planning_commission,planning_commission/minutes/2022/2022-01-03/2022-01-05_planning-commission-meeting.md,3,2022-01-05,PlanningCommission,Procedural/Administrative,Procedural-Administrative,,procedural,pass,6,0,,roll-call,6:0 Pass,crosswalk,high,1926
planning_commission,planning_commission/minutes/2022/2022-01-03/2022-01-05_planning-commission-meeting.md,4,2022-01-05,PlanningCommission,Subdivision/Plat,Land-Use,Subdivision-Plat,recommendation,pass,7,0,,roll-call,Positive recommendation 7:0,crosswalk,high,1927
planning_commission,planning_commission/minutes/2022/2022-01-03/2022-01-05_planning-commission-meeting.md,5,2022-01-05,PlanningCommission,Other,Other,,recommendation,pass,7,0,,roll-call,Positive recommendation 7:0,rule:no-signal,low,1928
planning_commission,planning_commission/minutes/2022/2022-01-03/2022-01-05_planning-commission-meeting.md,6,2022-01-05,PlanningCommission,Site Plan,Land-Use,Site-Plan-Design-Review,final-action,pass,7,0,,roll-call,7:0 Approved (Final Action),crosswalk,high,1929
planning_commission,planning_commission/minutes/2022/2022-01-03/2022-01-05_planning-commission-meeting.md,7,2022-01-05,PlanningCommission,Procedural/Administrative,Procedural-Administrative,,procedural,pass,6,1,,roll-call,6:1 Pass,crosswalk,high,1930
planning_commission,planning_commission/minutes/2022/2022-01-03/2022-01-05_planning-commission-meeting.md,8,2022-01-05,PlanningCommission,Procedural/Administrative,Public-Hearing,,procedural,pass,,,,unanimous-declared,unanimous Pass,rule:ph-openclose,high,1931
planning_commission,planning_commission/minutes/2022/2022-01-03/2022-01-05_planning-commission-meeting.md,9,2022-01-05,PlanningCommission,Rezone,Land-Use,Rezone,recommendation,pass,7,0,,roll-call,Positive recommendation 7:0,crosswalk,high,1932
planning_commission,planning_commission/minutes/2022/2022-01-17/2022-01-19_planning-commission-meeting.md,1,2022-01-19,PlanningCommission,Other,Other,,recommendation,pass,5,0,,roll-call,Positive recommendation 5:0,rule:no-signal,low,1933
planning_commission,planning_commission/minutes/2022/2022-01-31/2022-02-02_planning-commission-meeting.md,1,2022-02-02,PlanningCommission,Procedural/Administrative,Procedural-Administrative,,procedural,pass,,,,unanimous-declared,unanimous Pass,crosswalk,high,1934
planning_commission,planning_commission/minutes/2022/2022-01-31/2022-02-02_planning-commission-meeting.md,2,2022-02-02,PlanningCommission,Site Plan,Land-Use,Site-Plan-Design-Review,final-action,pass,6,0,,roll-call,6:0 Approved (Final Action),crosswalk,high,1935
planning_commission,planning_commission/minutes/2022/2022-01-31/2022-02-02_planning-commission-meeting.md,3,2022-02-02,PlanningCommission,Conditional Use Permit,Land-Use,Conditional-Use,final-action,pass,6,0,,roll-call,6:0 Approved (Final Action),crosswalk,high,1936
planning_commission,planning_commission/minutes/2022/2022-01-31/2022-02-02_planning-commission-meeting.md,4,2022-02-02,PlanningCommission,Procedural/Administrative,Procedural-Administrative,,procedural,pass,6,0,,roll-call,6:0 Pass,crosswalk,high,1937
planning_commission,planning_commission/minutes/2022/2022-01-31/2022-02-02_planning-commission-meeting.md,5,2022-02-02,PlanningCommission,Conditional Use Permit,Land-Use,Conditional-Use,final-action,pass,6,0,,roll-call,6:0 Approved (Final Action),crosswalk,high,1938
planning_commission,planning_commission/minutes/2022/2022-01-31/2022-02-02_planning-commission-meeting.md,6,2022-02-02,PlanningCommission,Subdivision/Plat,Land-Use,Subdivision-Plat,recommendation,pass,6,0,,roll-call,Positive recommendation 6:0,crosswalk,high,1939
planning_commission,planning_commission/minutes/2022/2022-01-31/2022-02-02_planning-commission-meeting.md,7,2022-02-02,PlanningCommission,Street/Alley Vacation,Land-Use,Vacation,recommendation,pass,6,0,,roll-call,Positive recommendation 6:0,crosswalk,high,1940
planning_commission,planning_commission/minutes/2022/2022-01-31/2022-02-02_planning-commission-meeting.md,8,2022-02-02,PlanningCommission,Procedural/Administrative,Public-Hearing,,procedural,pass,,,,unanimous-declared,unanimous Pass,rule:ph-openclose,high,1941
planning_commission,planning_commission/minutes/2022/2022-01-31/2022-02-02_planning-commission-meeting.md,9,2022-02-02,PlanningCommission,Street/Alley Vacation,Land-Use,Vacation,recommendation,pass,6,0,,roll-call,Positive recommendation 6:0,crosswalk,high,1942
planning_commission,planning_commission/minutes/2022/2022-01-31/2022-02-02_planning-commission-meeting.md,10,2022-02-02,PlanningCommission,Street/Alley Vacation,Land-Use,Vacation,recommendation,pass,5,1,,roll-call,Positive recommendation 5:1,crosswalk,high,1943
planning_commission,planning_commission/minutes/2022/2022-01-31/2022-02-02_planning-commission-meeting.md,11,2022-02-02,PlanningCommission,Other,Land-Use,Other-Land-Use,final-action,pass,5,1,,roll-call,5:1 Approved (Final Action),rule:lu-generic,medium,1944
planning_commission,planning_commission/minutes/2022/2022-01-31/2022-02-02_planning-commission-meeting.md,12,2022-02-02,PlanningCommission,Procedural/Administrative,Land-Use,Subdivision-Plat,recommendation,pass,6,0,,roll-call,6:0 Pass,rule:lu-subdiv,high,1945
planning_commission,planning_commission/minutes/2022/2022-02-14/2022-02-16_planning-commission-meeting.md,1,2022-02-16,PlanningCommission,Zoning Text/General Plan Amendment,Land-Use,Other-Land-Use,recommendation,pass,5,0,,roll-call,Positive recommendation 5:0,crosswalk,high,1946
planning_commission,planning_commission/minutes/2022/2022-02-28/2022-03-02_planning-commission-meeting.md,1,2022-03-02,PlanningCommission,Site Plan,Land-Use,Site-Plan-Design-Review,final-action,pass,5,0,,roll-call,5:0 Approved (Final Action),crosswalk,high,1947
planning_commission,planning_commission/minutes/2022/2022-02-28/2022-03-02_planning-commission-meeting.md,2,2022-03-02,PlanningCommission,Other,Land-Use,Other-Land-Use,recommendation,pass,5,0,,roll-call,Positive recommendation 5:0,rule:lu-generic,medium,1948
planning_commission,planning_commission/minutes/2022/2022-02-28/2022-03-02_planning-commission-meeting.md,3,2022-03-02,PlanningCommission,Procedural/Administrative,Public-Hearing,,procedural,pass,,,,unanimous-declared,unanimous Pass,rule:ph-openclose,high,1949
planning_commission,planning_commission/minutes/2022/2022-02-28/2022-03-02_planning-commission-meeting.md,4,2022-03-02,PlanningCommission,Conditional Use Permit,Land-Use,Conditional-Use,final-action,fail,2,4,,roll-call,2:4 Approved (Final Action),crosswalk,high,1950
planning_commission,planning_commission/minutes/2022/2022-02-28/2022-03-02_planning-commission-meeting.md,5,2022-03-02,PlanningCommission,Conditional Use Permit,Land-Use,Conditional-Use,final-action,pass,4,2,,roll-call,4:2 Approved (Final Action),crosswalk,high,1951
planning_commission,planning_commission/minutes/2022/2022-02-28/2022-03-02_planning-commission-meeting.md,6,2022-03-02,PlanningCommission,Subdivision/Plat,Land-Use,Subdivision-Plat,recommendation,pass,5,0,,roll-call,Positive recommendation 5:0,crosswalk,high,1952
planning_commission,planning_commission/minutes/2022/2022-02-28/2022-03-02_planning-commission-meeting.md,7,2022-03-02,PlanningCommission,Subdivision/Plat,Land-Use,Subdivision-Plat,recommendation,pass,4,1,,roll-call,Positive recommendation 4:1,crosswalk,high,1953
planning_commission,planning_commission/minutes/2022/2022-02-28/2022-03-02_planning-commission-meeting.md,8,2022-03-02,PlanningCommission,Other,Land-Use,Other-Land-Use,recommendation,pass,4,1,,roll-call,Positive recommendation 4:1,rule:lu-generic,medium,1954
planning_commission,planning_commission/minutes/2022/2022-02-28/2022-03-02_planning-commission-meeting.md,9,2022-03-02,PlanningCommission,Procedural/Administrative,Land-Use,Subdivision-Plat,recommendation,pass,5,0,,roll-call,5:0 Pass,rule:lu-subdiv,high,1955
planning_commission,planning_commission/minutes/2022/2022-02-28/2022-03-02_planning-commission-meeting.md,10,2022-03-02,PlanningCommission,Other,Land-Use,Other-Land-Use,recommendation,pass,,,,unknown,Negative recommendation recorded,rule:lu-generic,medium,1956
planning_commission,planning_commission/minutes/2022/2022-02-28/2022-03-02_planning-commission-meeting.md,11,2022-03-02,PlanningCommission,Procedural/Administrative,Procedural-Administrative,,procedural,pass,4,1,,roll-call,4:1 Pass,crosswalk,high,1957
planning_commission,planning_commission/minutes/2022/2022-02-28/2022-03-02_planning-commission-meeting.md,12,2022-03-02,PlanningCommission,Procedural/Administrative,Public-Hearing,,procedural,pass,,,,unanimous-declared,unanimous Pass,rule:ph-openclose,high,1958
planning_commission,planning_commission/minutes/2022/2022-02-28/2022-03-02_planning-commission-meeting.md,13,2022-03-02,PlanningCommission,Zoning Text/General Plan Amendment,Land-Use,Other-Land-Use,recommendation,pass,5,0,,roll-call,Positive recommendation 5:0,crosswalk,medium,1959
planning_commission,planning_commission/minutes/2022/2022-04-04/2022-04-06_planning-commission-meeting.md,1,2022-04-06,PlanningCommission,Procedural/Administrative,Procedural-Administrative,,procedural,pass,,,,unanimous-declared,unanimous Pass,crosswalk,high,1960
planning_commission,planning_commission/minutes/2022/2022-04-04/2022-04-06_planning-commission-meeting.md,2,2022-04-06,PlanningCommission,Subdivision/Plat,Land-Use,Subdivision-Plat,recommendation,pass,5,0,,roll-call,Positive recommendation 5:0,crosswalk,high,1961
planning_commission,planning_commission/minutes/2022/2022-04-04/2022-04-06_planning-commission-meeting.md,3,2022-04-06,PlanningCommission,Site Plan,Land-Use,Site-Plan-Design-Review,final-action,pass,5,0,,roll-call,5:0 Approved (Final Action),crosswalk,high,1962
planning_commission,planning_commission/minutes/2022/2022-04-04/2022-04-06_planning-commission-meeting.md,4,2022-04-06,PlanningCommission,Subdivision/Plat,Land-Use,Subdivision-Plat,recommendation,pass,5,0,,roll-call,Positive recommendation 5:0,crosswalk,high,1963
planning_commission,planning_commission/minutes/2022/2022-04-04/2022-04-06_planning-commission-meeting.md,5,2022-04-06,PlanningCommission,Site Plan,Land-Use,Site-Plan-Design-Review,final-action,pass,4,1,,roll-call,4:1 Denied (Final Action),crosswalk,high,1964
planning_commission,planning_commission/minutes/2022/2022-04-04/2022-04-06_planning-commission-meeting.md,6,2022-04-06,PlanningCommission,Procedural/Administrative,Public-Hearing,,procedural,pass,,,,unanimous-declared,unanimous Pass,rule:ph-openclose,high,1965
planning_commission,planning_commission/minutes/2022/2022-04-04/2022-04-06_planning-commission-meeting.md,7,2022-04-06,PlanningCommission,Zoning Text/General Plan Amendment,Land-Use,Other-Land-Use,recommendation,pass,5,0,,roll-call,Positive recommendation 5:0,crosswalk,high,1966
planning_commission,planning_commission/minutes/2022/2022-04-04/2022-04-06_planning-commission-meeting.md,8,2022-04-06,PlanningCommission,Other,Land-Use,Other-Land-Use,recommendation,pass,5,0,,roll-call,Positive recommendation 5:0,rule:lu-generic,medium,1967
planning_commission,planning_commission/minutes/2022/2022-05-02/2022-05-04_planning-commission-meeting.md,1,2022-05-04,PlanningCommission,Procedural/Administrative,Procedural-Administrative,,procedural,pass,,,,unanimous-declared,unanimous Pass,crosswalk,high,1968
planning_commission,planning_commission/minutes/2022/2022-05-02/2022-05-04_planning-commission-meeting.md,2,2022-05-04,PlanningCommission,Subdivision/Plat,Land-Use,Subdivision-Plat,recommendation,pass,5,0,,roll-call,Positive recommendation 5:0,crosswalk,high,1969
planning_commission,planning_commission/minutes/2022/2022-05-02/2022-05-04_planning-commission-meeting.md,3,2022-05-04,PlanningCommission,Conditional Use Permit,Land-Use,Conditional-Use,final-action,pass,5,0,,roll-call,5:0 Approved (Final Action),crosswalk,high,1970
planning_commission,planning_commission/minutes/2022/2022-05-02/2022-05-04_planning-commission-meeting.md,4,2022-05-04,PlanningCommission,Subdivision/Plat,Land-Use,Subdivision-Plat,recommendation,pass,5,0,,roll-call,Positive recommendation 5:0,crosswalk,high,1971
planning_commission,planning_commission/minutes/2022/2022-05-02/2022-05-04_planning-commission-meeting.md,5,2022-05-04,PlanningCommission,Subdivision/Plat,Land-Use,Subdivision-Plat,recommendation,pass,5,0,,roll-call,Positive recommendation 5:0,crosswalk,high,1972
planning_commission,planning_commission/minutes/2022/2022-05-02/2022-05-04_planning-commission-meeting.md,6,2022-05-04,PlanningCommission,Other,Land-Use,Conditional-Use,final-action,pass,5,0,,roll-call,5:0 Approved (Final Action),rule:lu-cup,high,1973
planning_commission,planning_commission/minutes/2022/2022-05-02/2022-05-04_planning-commission-meeting.md,7,2022-05-04,PlanningCommission,Subdivision/Plat,Land-Use,Subdivision-Plat,recommendation,pass,5,0,,roll-call,Positive recommendation 5:0,crosswalk,high,1974
planning_commission,planning_commission/minutes/2022/2022-05-02/2022-05-04_planning-commission-meeting.md,8,2022-05-04,PlanningCommission,Subdivision/Plat,Land-Use,Subdivision-Plat,recommendation,pass,5,0,,roll-call,Positive recommendation 5:0,crosswalk,high,1975
planning_commission,planning_commission/minutes/2022/2022-05-02/2022-05-04_planning-commission-meeting.md,9,2022-05-04,PlanningCommission,Subdivision/Plat,Land-Use,Subdivision-Plat,recommendation,pass,5,0,,roll-call,Positive recommendation 5:0,crosswalk,high,1976
planning_commission,planning_commission/minutes/2022/2022-05-02/2022-05-04_planning-commission-meeting.md,10,2022-05-04,PlanningCommission,Procedural/Administrative,Procedural-Administrative,,procedural,pass,5,0,,roll-call,5:0 Pass,crosswalk,high,1977
planning_commission,planning_commission/minutes/2022/2022-05-02/2022-05-04_planning-commission-meeting.md,11,2022-05-04,PlanningCommission,Other,Land-Use,Other-Land-Use,final-action,pass,5,0,,roll-call,5:0 Approved (Final Action),rule:lu-generic,medium,1978
planning_commission,planning_commission/minutes/2022/2022-05-02/2022-05-04_planning-commission-meeting.md,12,2022-05-04,PlanningCommission,Conditional Use Permit,Land-Use,Conditional-Use,final-action,pass,4,1,,roll-call,4:1 Approved (Final Action),crosswalk,high,1979
planning_commission,planning_commission/minutes/2022/2022-05-02/2022-05-04_planning-commission-meeting.md,13,2022-05-04,PlanningCommission,Other,Land-Use,Other-Land-Use,final-action,pass,4,0,,roll-call,4:0 Approved (Final Action),rule:lu-generic,medium,1980
planning_commission,planning_commission/minutes/2022/2022-05-02/2022-05-04_planning-commission-meeting.md,14,2022-05-04,PlanningCommission,Site Plan,Land-Use,Site-Plan-Design-Review,final-action,fail,1,4,,roll-call,1:4 Denied (Final Action),crosswalk,high,1981
planning_commission,planning_commission/minutes/2022/2022-05-02/2022-05-04_planning-commission-meeting.md,15,2022-05-04,PlanningCommission,Other,Land-Use,Other-Land-Use,recommendation,pass,4,1,,roll-call,Positive recommendation 4:1,rule:lu-generic,medium,1982
planning_commission,planning_commission/minutes/2022/2022-05-02/2022-05-04_planning-commission-meeting.md,16,2022-05-04,PlanningCommission,Procedural/Administrative,Public-Hearing,,procedural,pass,,,,unanimous-declared,unanimous Pass,rule:ph-openclose,high,1983
planning_commission,planning_commission/minutes/2022/2022-05-02/2022-05-04_planning-commission-meeting.md,17,2022-05-04,PlanningCommission,Zoning Text/General Plan Amendment,Land-Use,General-Plan-Amendment,recommendation,pass,5,0,,roll-call,Positive recommendation 5:0,rule:lu-gpa,high,1984
planning_commission,planning_commission/minutes/2022/2022-05-02/2022-05-04_planning-commission-meeting.md,18,2022-05-04,PlanningCommission,Conditional Use Permit,Land-Use,Conditional-Use,final-action,pass,4,1,,roll-call,4:1 Approved (Final Action),crosswalk,high,1985
planning_commission,planning_commission/minutes/2022/2022-05-02/2022-05-04_planning-commission-meeting.md,19,2022-05-04,PlanningCommission,Procedural/Administrative,Public-Hearing,,procedural,pass,,,,unanimous-declared,unanimous Pass,rule:ph-openclose,high,1986
planning_commission,planning_commission/minutes/2022/2022-05-02/2022-05-04_planning-commission-meeting.md,20,2022-05-04,PlanningCommission,Other,Land-Use,Other-Land-Use,recommendation,pass,5,0,,roll-call,Negative recommendation 5:0,rule:lu-generic,medium,1987
planning_commission,planning_commission/minutes/2022/2022-05-02/2022-05-04_planning-commission-meeting.md,21,2022-05-04,PlanningCommission,Procedural/Administrative,Public-Hearing,,procedural,pass,,,,unanimous-declared,unanimous Pass,rule:ph-openclose,high,1988
planning_commission,planning_commission/minutes/2022/2022-05-02/2022-05-04_planning-commission-meeting.md,22,2022-05-04,PlanningCommission,Zoning Text/General Plan Amendment,Land-Use,General-Plan-Amendment,recommendation,pass,5,0,,roll-call,Positive recommendation 5:0,rule:lu-gpa,high,1989
planning_commission,planning_commission/minutes/2022/2022-05-02/2022-05-04_planning-commission-meeting.md,23,2022-05-04,PlanningCommission,Procedural/Administrative,Procedural-Administrative,,procedural,pass,5,0,,roll-call,5:0 Pass,crosswalk,high,1990
planning_commission,planning_commission/minutes/2022/2022-05-30/2022-06-01_planning-commission-meeting.md,1,2022-06-01,PlanningCommission,Procedural/Administrative,Procedural-Administrative,,procedural,pass,,,,unanimous-declared,unanimous Pass,crosswalk,high,1991
planning_commission,planning_commission/minutes/2022/2022-05-30/2022-06-01_planning-commission-meeting.md,2,2022-06-01,PlanningCommission,Subdivision/Plat,Land-Use,Subdivision-Plat,recommendation,pass,6,0,,roll-call,Positive recommendation 6:0,crosswalk,high,1992
planning_commission,planning_commission/minutes/2022/2022-05-30/2022-06-01_planning-commission-meeting.md,3,2022-06-01,PlanningCommission,Subdivision/Plat,Land-Use,Subdivision-Plat,recommendation,pass,6,0,,roll-call,Positive recommendation 6:0,crosswalk,high,1993
planning_commission,planning_commission/minutes/2022/2022-05-30/2022-06-01_planning-commission-meeting.md,4,2022-06-01,PlanningCommission,Other,Other,,recommendation,pass,6,0,,roll-call,Positive recommendation 6:0,rule:no-signal,low,1994
planning_commission,planning_commission/minutes/2022/2022-05-30/2022-06-01_planning-commission-meeting.md,5,2022-06-01,PlanningCommission,Other,Other,,final-action,pass,6,0,,roll-call,6:0 Approved (Final Action),rule:no-signal,low,1995
planning_commission,planning_commission/minutes/2022/2022-05-30/2022-06-01_planning-commission-meeting.md,6,2022-06-01,PlanningCommission,Procedural/Administrative,Procedural-Administrative,,procedural,pass,6,0,,roll-call,6:0 Pass,crosswalk,high,1996
planning_commission,planning_commission/minutes/2022/2022-05-30/2022-06-01_planning-commission-meeting.md,7,2022-06-01,PlanningCommission,Procedural/Administrative,Procedural-Administrative,,procedural,pass,,,,unanimous-declared,unanimous Pass,crosswalk,high,1997
planning_commission,planning_commission/minutes/2022/2022-05-30/2022-06-01_planning-commission-meeting.md,8,2022-06-01,PlanningCommission,Other,Land-Use,Other-Land-Use,recommendation,pass,5,1,,roll-call,Positive recommendation 5:1,rule:lu-accessory,high,1998
planning_commission,planning_commission/minutes/2022/2022-05-30/2022-06-01_planning-commission-meeting.md,9,2022-06-01,PlanningCommission,Other,Land-Use,Other-Land-Use,recommendation,pass,5,1,,roll-call,Positive recommendation 5:1,rule:lu-generic,medium,1999
planning_commission,planning_commission/minutes/2022/2022-05-30/2022-06-01_planning-commission-meeting.md,10,2022-06-01,PlanningCommission,Rezone,Land-Use,Rezone,recommendation,pass,5,1,,roll-call,Positive recommendation 5:1,crosswalk,high,2000
planning_commission,planning_commission/minutes/2022/2022-05-30/2022-06-01_planning-commission-meeting.md,11,2022-06-01,PlanningCommission,Procedural/Administrative,Procedural-Administrative,,procedural,pass,6,0,,roll-call,6:0 Pass,crosswalk,high,2001
planning_commission,planning_commission/minutes/2022/2022-05-30/2022-06-01_planning-commission-meeting.md,12,2022-06-01,PlanningCommission,Conditional Use Permit,Land-Use,Conditional-Use,final-action,pass,6,0,,roll-call,6:0 Approved (Final Action),crosswalk,high,2002
planning_commission,planning_commission/minutes/2022/2022-05-30/2022-06-01_planning-commission-meeting.md,13,2022-06-01,PlanningCommission,Street/Alley Vacation,Land-Use,Vacation,recommendation,pass,4,2,,roll-call,Positive recommendation 4:2,crosswalk,high,2003
planning_commission,planning_commission/minutes/2022/2022-05-30/2022-06-01_planning-commission-meeting.md,14,2022-06-01,PlanningCommission,Subdivision/Plat,Land-Use,Subdivision-Plat,recommendation,pass,6,0,,roll-call,Positive recommendation 6:0,crosswalk,high,2004
planning_commission,planning_commission/minutes/2022/2022-05-30/2022-06-01_planning-commission-meeting.md,15,2022-06-01,PlanningCommission,Conditional Use Permit,Land-Use,Conditional-Use,final-action,pass,6,0,,roll-call,6:0 Approved (Final Action),crosswalk,high,2005
planning_commission,planning_commission/minutes/2022/2022-05-30/2022-06-01_planning-commission-meeting.md,16,2022-06-01,PlanningCommission,Procedural/Administrative,Public-Hearing,,procedural,pass,,,,unanimous-declared,unanimous Pass,rule:ph-openclose,high,2006
planning_commission,planning_commission/minutes/2022/2022-05-30/2022-06-01_planning-commission-meeting.md,17,2022-06-01,PlanningCommission,Zoning Text/General Plan Amendment,Land-Use,Other-Land-Use,recommendation,pass,,,,unanimous-declared,Positive recommendation unanimous,crosswalk,high,2007
planning_commission,planning_commission/minutes/2022/2022-05-30/2022-06-01_planning-commission-meeting.md,18,2022-06-01,PlanningCommission,Procedural/Administrative,Public-Hearing,,procedural,pass,,,,unanimous-declared,unanimous Pass,rule:ph-openclose,high,2008
planning_commission,planning_commission/minutes/2022/2022-05-30/2022-06-01_planning-commission-meeting.md,19,2022-06-01,PlanningCommission,Procedural/Administrative,Procedural-Administrative,,procedural,pass,6,0,,roll-call,6:0 Pass,crosswalk,high,2009
planning_commission,planning_commission/minutes/2022/2022-05-30/2022-06-01_planning-commission-meeting.md,20,2022-06-01,PlanningCommission,Rezone,Land-Use,Rezone,recommendation,fail,2,4,,roll-call,Negative recommendation 2:4,crosswalk,high,2010
planning_commission,planning_commission/minutes/2022/2022-07-04/2022-07-06_planning-commission-meeting.md,1,2022-07-06,PlanningCommission,Procedural/Administrative,Appointment,,final-action,pass,,,,unanimous-declared,unanimous Pass,rule:officer-elect,high,2011
planning_commission,planning_commission/minutes/2022/2022-07-04/2022-07-06_planning-commission-meeting.md,2,2022-07-06,PlanningCommission,Procedural/Administrative,Appointment,,final-action,pass,,,,unanimous-declared,unanimous Pass,rule:officer-elect,high,2012
planning_commission,planning_commission/minutes/2022/2022-07-04/2022-07-06_planning-commission-meeting.md,3,2022-07-06,PlanningCommission,Procedural/Administrative,Procedural-Administrative,,procedural,pass,,,,unanimous-declared,unanimous Pass,crosswalk,high,2013
planning_commission,planning_commission/minutes/2022/2022-07-04/2022-07-06_planning-commission-meeting.md,4,2022-07-06,PlanningCommission,Subdivision/Plat,Land-Use,Subdivision-Plat,recommendation,pass,5,0,,roll-call,Positive recommendation 5:0,crosswalk,high,2014
planning_commission,planning_commission/minutes/2022/2022-07-04/2022-07-06_planning-commission-meeting.md,5,2022-07-06,PlanningCommission,Procedural/Administrative,Procedural-Administrative,,procedural,pass,5,0,,roll-call,5:0 Pass,crosswalk,high,2015
planning_commission,planning_commission/minutes/2022/2022-07-04/2022-07-06_planning-commission-meeting.md,6,2022-07-06,PlanningCommission,Procedural/Administrative,Procedural-Administrative,,procedural,pass,5,0,,roll-call,5:0 Pass,crosswalk,high,2016
planning_commission,planning_commission/minutes/2022/2022-07-04/2022-07-06_planning-commission-meeting.md,7,2022-07-06,PlanningCommission,Conditional Use Permit,Land-Use,Conditional-Use,final-action,pass,5,0,,roll-call,5:0 Approved (Final Action),crosswalk,high,2017
planning_commission,planning_commission/minutes/2022/2022-07-04/2022-07-06_planning-commission-meeting.md,8,2022-07-06,PlanningCommission,Conditional Use Permit,Land-Use,Conditional-Use,final-action,pass,4,1,,roll-call,4:1 Approved (Final Action),crosswalk,high,2018
planning_commission,planning_commission/minutes/2022/2022-07-04/2022-07-06_planning-commission-meeting.md,9,2022-07-06,PlanningCommission,Subdivision/Plat,Land-Use,Subdivision-Plat,recommendation,pass,5,0,,roll-call,Positive recommendation 5:0,crosswalk,high,2019
planning_commission,planning_commission/minutes/2022/2022-07-04/2022-07-06_planning-commission-meeting.md,10,2022-07-06,PlanningCommission,Site Plan,Land-Use,Site-Plan-Design-Review,final-action,pass,6,0,,roll-call,6:0 Approved (Final Action),crosswalk,high,2020
planning_commission,planning_commission/minutes/2022/2022-07-04/2022-07-06_planning-commission-meeting.md,11,2022-07-06,PlanningCommission,Site Plan,Land-Use,Site-Plan-Design-Review,final-action,pass,,,,unknown,recorded Approved (Final Action),crosswalk,high,2021
planning_commission,planning_commission/minutes/2022/2022-07-04/2022-07-06_planning-commission-meeting.md,12,2022-07-06,PlanningCommission,Other,Land-Use,Other-Land-Use,recommendation,pass,6,0,,roll-call,Positive recommendation 6:0,rule:lu-generic,medium,2022
planning_commission,planning_commission/minutes/2022/2022-07-04/2022-07-06_planning-commission-meeting.md,13,2022-07-06,PlanningCommission,Procedural/Administrative,Public-Hearing,,procedural,pass,,,,unanimous-declared,unanimous Pass,rule:ph-openclose,high,2023
planning_commission,planning_commission/minutes/2022/2022-07-04/2022-07-06_planning-commission-meeting.md,14,2022-07-06,PlanningCommission,Rezone,Land-Use,Rezone,recommendation,pass,6,0,,roll-call,Positive recommendation 6:0,crosswalk,high,2024
planning_commission,planning_commission/minutes/2022/2022-07-04/2022-07-06_planning-commission-meeting.md,15,2022-07-06,PlanningCommission,Procedural/Administrative,Procedural-Administrative,,procedural,pass,6,0,,roll-call,6:0 Pass,crosswalk,high,2025
planning_commission,planning_commission/minutes/2022/2022-07-04/2022-07-06_planning-commission-meeting.md,16,2022-07-06,PlanningCommission,Procedural/Administrative,Public-Hearing,,procedural,pass,,,,unanimous-declared,unanimous Pass,rule:ph-openclose,high,2026
planning_commission,planning_commission/minutes/2022/2022-07-04/2022-07-06_planning-commission-meeting.md,17,2022-07-06,PlanningCommission,Rezone,Land-Use,Rezone,recommendation,pass,6,0,,roll-call,Positive recommendation 6:0,crosswalk,high,2027
planning_commission,planning_commission/minutes/2022/2022-07-04/2022-07-06_planning-commission-meeting.md,18,2022-07-06,PlanningCommission,Procedural/Administrative,Public-Hearing,,procedural,pass,,,,unanimous-declared,unanimous Pass,rule:ph-openclose,high,2028
planning_commission,planning_commission/minutes/2022/2022-07-04/2022-07-06_planning-commission-meeting.md,19,2022-07-06,PlanningCommission,Other,Ordinance,,recommendation,pass,5,1,,roll-call,Positive recommendation 5:1,rule:ordinance-weak,medium,2029
planning_commission,planning_commission/minutes/2022/2022-07-04/2022-07-06_planning-commission-meeting.md,20,2022-07-06,PlanningCommission,Procedural/Administrative,Public-Hearing,,procedural,pass,,,,unanimous-declared,unanimous Pass,rule:ph-openclose,high,2030
planning_commission,planning_commission/minutes/2022/2022-07-04/2022-07-06_planning-commission-meeting.md,21,2022-07-06,PlanningCommission,Rezone,Land-Use,Rezone,recommendation,pass,5,1,,roll-call,Positive recommendation 5:1,crosswalk,high,2031
planning_commission,planning_commission/minutes/2022/2022-07-04/2022-07-06_planning-commission-meeting.md,22,2022-07-06,PlanningCommission,Procedural/Administrative,Public-Hearing,,procedural,pass,,,,unanimous-declared,unanimous Pass,rule:ph-openclose,high,2032
planning_commission,planning_commission/minutes/2022/2022-07-04/2022-07-06_planning-commission-meeting.md,23,2022-07-06,PlanningCommission,Zoning Text/General Plan Amendment,Land-Use,General-Plan-Amendment,recommendation,pass,6,0,,roll-call,Positive recommendation 6:0,rule:lu-gpa,high,2033
planning_commission,planning_commission/minutes/2022/2022-08-01/2022-08-03_planning-commission-meeting.md,1,2022-08-03,PlanningCommission,Procedural/Administrative,Procedural-Administrative,,procedural,pass,,,,unanimous-declared,unanimous Pass,crosswalk,high,2034
planning_commission,planning_commission/minutes/2022/2022-08-01/2022-08-03_planning-commission-meeting.md,2,2022-08-03,PlanningCommission,Subdivision/Plat,Land-Use,Subdivision-Plat,recommendation,pass,6,0,,roll-call,Positive recommendation 6:0,crosswalk,high,2035
planning_commission,planning_commission/minutes/2022/2022-08-01/2022-08-03_planning-commission-meeting.md,3,2022-08-03,PlanningCommission,Subdivision/Plat,Land-Use,Subdivision-Plat,recommendation,pass,6,0,,roll-call,Positive recommendation 6:0,crosswalk,high,2036
planning_commission,planning_commission/minutes/2022/2022-08-01/2022-08-03_planning-commission-meeting.md,4,2022-08-03,PlanningCommission,Subdivision/Plat,Land-Use,Subdivision-Plat,recommendation,pass,6,0,,roll-call,Positive recommendation 6:0,crosswalk,high,2037
planning_commission,planning_commission/minutes/2022/2022-08-01/2022-08-03_planning-commission-meeting.md,5,2022-08-03,PlanningCommission,Subdivision/Plat,Land-Use,Subdivision-Plat,recommendation,pass,6,0,,roll-call,Positive recommendation 6:0,crosswalk,high,2038
planning_commission,planning_commission/minutes/2022/2022-08-01/2022-08-03_planning-commission-meeting.md,6,2022-08-03,PlanningCommission,Subdivision/Plat,Land-Use,Subdivision-Plat,recommendation,pass,6,0,,roll-call,Positive recommendation 6:0,crosswalk,high,2039
planning_commission,planning_commission/minutes/2022/2022-08-01/2022-08-03_planning-commission-meeting.md,7,2022-08-03,PlanningCommission,Subdivision/Plat,Land-Use,Subdivision-Plat,recommendation,pass,6,0,,roll-call,Positive recommendation 6:0,crosswalk,high,2040
planning_commission,planning_commission/minutes/2022/2022-08-01/2022-08-03_planning-commission-meeting.md,8,2022-08-03,PlanningCommission,Subdivision/Plat,Land-Use,Subdivision-Plat,recommendation,pass,6,0,,roll-call,Positive recommendation 6:0,crosswalk,high,2041
planning_commission,planning_commission/minutes/2022/2022-08-01/2022-08-03_planning-commission-meeting.md,9,2022-08-03,PlanningCommission,Procedural/Administrative,Procedural-Administrative,,procedural,pass,6,0,,roll-call,6:0 Pass,crosswalk,high,2042
planning_commission,planning_commission/minutes/2022/2022-08-01/2022-08-03_planning-commission-meeting.md,10,2022-08-03,PlanningCommission,Other,Other,,recommendation,pass,6,0,,roll-call,Positive recommendation 6:0,rule:no-signal,low,2043
planning_commission,planning_commission/minutes/2022/2022-08-01/2022-08-03_planning-commission-meeting.md,11,2022-08-03,PlanningCommission,Other,Land-Use,Other-Land-Use,final-action,pass,6,0,,roll-call,6:0 Approved (Final Action),rule:lu-interp,high,2044
planning_commission,planning_commission/minutes/2022/2022-08-01/2022-08-03_planning-commission-meeting.md,12,2022-08-03,PlanningCommission,Subdivision/Plat,Land-Use,Subdivision-Plat,recommendation,pass,6,0,,roll-call,Positive recommendation 6:0,crosswalk,high,2045
planning_commission,planning_commission/minutes/2022/2022-08-01/2022-08-03_planning-commission-meeting.md,13,2022-08-03,PlanningCommission,Procedural/Administrative,Procedural-Administrative,,procedural,pass,6,0,,roll-call,6:0 Pass,crosswalk,high,2046
planning_commission,planning_commission/minutes/2022/2022-08-01/2022-08-03_planning-commission-meeting.md,14,2022-08-03,PlanningCommission,Procedural/Administrative,Public-Hearing,,procedural,pass,6,0,,roll-call,6:0 Pass,rule:ph-openclose,high,2047
planning_commission,planning_commission/minutes/2022/2022-08-01/2022-08-03_planning-commission-meeting.md,15,2022-08-03,PlanningCommission,Procedural/Administrative,Public-Hearing,,procedural,pass,,,,unanimous-declared,unanimous Pass,rule:ph-openclose,high,2048
planning_commission,planning_commission/minutes/2022/2022-08-01/2022-08-03_planning-commission-meeting.md,16,2022-08-03,PlanningCommission,Other,Land-Use,Other-Land-Use,recommendation,pass,5,1,,roll-call,Positive recommendation 5:1,rule:lu-generic,medium,2049
planning_commission,planning_commission/minutes/2022/2022-08-01/2022-08-03_planning-commission-meeting.md,17,2022-08-03,PlanningCommission,Site Plan,Land-Use,Site-Plan-Design-Review,final-action,pass,6,0,,roll-call,6:0 Approved (Final Action),crosswalk,high,2050
planning_commission,planning_commission/minutes/2022/2022-08-01/2022-08-03_planning-commission-meeting.md,18,2022-08-03,PlanningCommission,Other,Other,,final-action,pass,5,1,,roll-call,5:1 Approved (Final Action),rule:no-signal,low,2051
planning_commission,planning_commission/minutes/2022/2022-08-01/2022-08-03_planning-commission-meeting.md,19,2022-08-03,PlanningCommission,Site Plan,Land-Use,Site-Plan-Design-Review,final-action,pass,6,0,,roll-call,6:0 Approved (Final Action),crosswalk,high,2052
planning_commission,planning_commission/minutes/2022/2022-08-01/2022-08-03_planning-commission-meeting.md,20,2022-08-03,PlanningCommission,Other,Land-Use,Other-Land-Use,final-action,pass,6,0,,roll-call,6:0 Approved (Final Action),rule:lu-generic,medium,2053
planning_commission,planning_commission/minutes/2022/2022-08-01/2022-08-03_planning-commission-meeting.md,21,2022-08-03,PlanningCommission,Conditional Use Permit,Land-Use,Conditional-Use,final-action,pass,6,0,,roll-call,6:0 Approved (Final Action),crosswalk,high,2054
planning_commission,planning_commission/minutes/2022/2022-08-01/2022-08-03_planning-commission-meeting.md,22,2022-08-03,PlanningCommission,Site Plan,Land-Use,Site-Plan-Design-Review,final-action,pass,6,0,,roll-call,6:0 Approved (Final Action),crosswalk,high,2055
planning_commission,planning_commission/minutes/2022/2022-08-01/2022-08-03_planning-commission-meeting.md,23,2022-08-03,PlanningCommission,Procedural/Administrative,Land-Use,Development-Agreement,final-action,pass,5,1,,roll-call,5:1 Pass,rule:lu-devagr,high,2056
planning_commission,planning_commission/minutes/2022/2022-08-01/2022-08-03_planning-commission-meeting.md,24,2022-08-03,PlanningCommission,Procedural/Administrative,Procedural-Administrative,,procedural,pass,,,,unanimous-declared,unanimous Pass,crosswalk,high,2057
planning_commission,planning_commission/minutes/2022/2022-08-01/2022-08-03_planning-commission-meeting.md,25,2022-08-03,PlanningCommission,Procedural/Administrative,Land-Use,Conditional-Use,final-action,fail,3,3,,roll-call,3:3 Fail,rule:lu-cup,high,2058
planning_commission,planning_commission/minutes/2022/2022-08-01/2022-08-03_planning-commission-meeting.md,26,2022-08-03,PlanningCommission,Other,Other,,final-action,pass,5,1,,roll-call,5:1 Approved (Final Action),rule:no-signal,low,2059
planning_commission,planning_commission/minutes/2022/2022-09-05/2022-09-07_planning-commission-meeting.md,1,2022-09-07,PlanningCommission,Procedural/Administrative,Procedural-Administrative,,procedural,pass,,,,unanimous-declared,unanimous Pass,crosswalk,high,2060
planning_commission,planning_commission/minutes/2022/2022-09-05/2022-09-07_planning-commission-meeting.md,2,2022-09-07,PlanningCommission,Conditional Use Permit,Land-Use,Conditional-Use,final-action,pass,5,0,,roll-call,5:0 Approved (Final Action),crosswalk,high,2061
planning_commission,planning_commission/minutes/2022/2022-09-05/2022-09-07_planning-commission-meeting.md,3,2022-09-07,PlanningCommission,Other,Other,,final-action,pass,5,0,,roll-call,5:0 Approved (Final Action),rule:no-signal,low,2062
planning_commission,planning_commission/minutes/2022/2022-09-05/2022-09-07_planning-commission-meeting.md,4,2022-09-07,PlanningCommission,Conditional Use Permit,Land-Use,Conditional-Use,final-action,pass,5,0,,roll-call,5:0 Approved (Final Action),crosswalk,high,2063
planning_commission,planning_commission/minutes/2022/2022-09-05/2022-09-07_planning-commission-meeting.md,5,2022-09-07,PlanningCommission,Other,Land-Use,Other-Land-Use,final-action,pass,5,0,,roll-call,5:0 Approved (Final Action),rule:lu-generic,medium,2064
planning_commission,planning_commission/minutes/2022/2022-09-05/2022-09-07_planning-commission-meeting.md,6,2022-09-07,PlanningCommission,Site Plan,Land-Use,Site-Plan-Design-Review,final-action,pass,5,0,,roll-call,5:0 Approved (Final Action),crosswalk,high,2065
planning_commission,planning_commission/minutes/2022/2022-09-05/2022-09-07_planning-commission-meeting.md,7,2022-09-07,PlanningCommission,Site Plan,Land-Use,Site-Plan-Design-Review,final-action,pass,5,0,,roll-call,5:0 Approved (Final Action),crosswalk,high,2066
planning_commission,planning_commission/minutes/2022/2022-09-05/2022-09-07_planning-commission-meeting.md,8,2022-09-07,PlanningCommission,Site Plan,Land-Use,Site-Plan-Design-Review,final-action,pass,5,0,,roll-call,5:0 Approved (Final Action),crosswalk,high,2067
planning_commission,planning_commission/minutes/2022/2022-09-05/2022-09-07_planning-commission-meeting.md,9,2022-09-07,PlanningCommission,Other,Other,,final-action,pass,5,0,,roll-call,5:0 Approved (Final Action),rule:no-signal,low,2068
planning_commission,planning_commission/minutes/2022/2022-09-05/2022-09-07_planning-commission-meeting.md,10,2022-09-07,PlanningCommission,Procedural/Administrative,Procedural-Administrative,,procedural,pass,,,,unanimous-declared,unanimous Pass,crosswalk,high,2069
planning_commission,planning_commission/minutes/2022/2022-09-05/2022-09-07_planning-commission-meeting.md,11,2022-09-07,PlanningCommission,Procedural/Administrative,Public-Hearing,,procedural,pass,5,0,,roll-call,5:0 Pass,rule:ph-openclose,high,2070
planning_commission,planning_commission/minutes/2022/2022-09-05/2022-09-07_planning-commission-meeting.md,12,2022-09-07,PlanningCommission,Procedural/Administrative,Public-Hearing,,procedural,pass,,,,unanimous-declared,unanimous Pass,rule:ph-openclose,high,2071
planning_commission,planning_commission/minutes/2022/2022-09-05/2022-09-07_planning-commission-meeting.md,13,2022-09-07,PlanningCommission,Rezone,Land-Use,Rezone,recommendation,pass,5,0,,roll-call,Positive recommendation 5:0,crosswalk,high,2072
planning_commission,planning_commission/minutes/2022/2022-09-05/2022-09-07_planning-commission-meeting.md,14,2022-09-07,PlanningCommission,Conditional Use Permit,Land-Use,Conditional-Use,final-action,pass,5,0,,roll-call,5:0 Approved (Final Action),crosswalk,high,2073
planning_commission,planning_commission/minutes/2022/2022-09-05/2022-09-07_planning-commission-meeting.md,15,2022-09-07,PlanningCommission,Conditional Use Permit,Land-Use,Conditional-Use,final-action,pass,5,0,,roll-call,5:0 Approved (Final Action),crosswalk,high,2074
planning_commission,planning_commission/minutes/2022/2022-09-05/2022-09-07_planning-commission-meeting.md,16,2022-09-07,PlanningCommission,Other,Other,,recommendation,pass,5,0,,roll-call,Positive recommendation 5:0,rule:no-signal,low,2075
planning_commission,planning_commission/minutes/2022/2022-09-05/2022-09-07_planning-commission-meeting.md,17,2022-09-07,PlanningCommission,Procedural/Administrative,Public-Hearing,,procedural,pass,,,,unanimous-declared,unanimous Pass,rule:ph-openclose,high,2076
planning_commission,planning_commission/minutes/2022/2022-09-05/2022-09-07_planning-commission-meeting.md,18,2022-09-07,PlanningCommission,Rezone,Land-Use,Rezone,recommendation,pass,3,2,,roll-call,Positive recommendation 3:2,crosswalk,high,2077
planning_commission,planning_commission/minutes/2022/2022-09-05/2022-09-07_planning-commission-meeting.md,19,2022-09-07,PlanningCommission,Other,Other,,final-action,pass,,,,unknown,recorded Approved (Final Action),rule:no-signal,low,2078
planning_commission,planning_commission/minutes/2022/2022-09-05/2022-09-07_planning-commission-meeting.md,20,2022-09-07,PlanningCommission,Procedural/Administrative,Procedural-Administrative,,procedural,pass,,,,unanimous-declared,unanimous Pass,crosswalk,high,2079
planning_commission,planning_commission/minutes/2022/2022-10-03/2022-10-05_planning-commission-meeting.md,1,2022-10-05,PlanningCommission,Other,Other,,recommendation,pass,9,0,,roll-call,Positive recommendation 9:0,rule:no-signal,low,2080
planning_commission,planning_commission/minutes/2022/2022-10-03/2022-10-05_planning-commission-meeting.md,2,2022-10-05,PlanningCommission,Site Plan,Land-Use,Site-Plan-Design-Review,final-action,pass,9,0,,roll-call,9:0 Approved (Final Action),crosswalk,high,2081
planning_commission,planning_commission/minutes/2022/2022-10-03/2022-10-05_planning-commission-meeting.md,3,2022-10-05,PlanningCommission,Conditional Use Permit,Land-Use,Conditional-Use,final-action,pass,9,0,,roll-call,9:0 Approved (Final Action),crosswalk,high,2082
planning_commission,planning_commission/minutes/2022/2022-10-03/2022-10-05_planning-commission-meeting.md,4,2022-10-05,PlanningCommission,Subdivision/Plat,Land-Use,Subdivision-Plat,recommendation,pass,9,0,,roll-call,Positive recommendation 9:0,crosswalk,high,2083
planning_commission,planning_commission/minutes/2022/2022-10-03/2022-10-05_planning-commission-meeting.md,5,2022-10-05,PlanningCommission,Procedural/Administrative,Procedural-Administrative,,procedural,pass,9,0,,roll-call,9:0 Pass,crosswalk,high,2084
planning_commission,planning_commission/minutes/2022/2022-10-03/2022-10-05_planning-commission-meeting.md,6,2022-10-05,PlanningCommission,Other,Contract-Purchase,,recommendation,pass,9,0,,roll-call,Positive recommendation 9:0,rule:contract-weak,medium,2085
planning_commission,planning_commission/minutes/2022/2022-10-03/2022-10-05_planning-commission-meeting.md,7,2022-10-05,PlanningCommission,Procedural/Administrative,Procedural-Administrative,,procedural,pass,9,0,,roll-call,9:0 Pass,crosswalk,high,2086
planning_commission,planning_commission/minutes/2022/2022-10-03/2022-10-05_planning-commission-meeting.md,8,2022-10-05,PlanningCommission,Procedural/Administrative,Procedural-Administrative,,procedural,pass,9,0,,roll-call,9:0 Pass,crosswalk,high,2087
planning_commission,planning_commission/minutes/2022/2022-10-03/2022-10-05_planning-commission-meeting.md,9,2022-10-05,PlanningCommission,Subdivision/Plat,Land-Use,Subdivision-Plat,recommendation,pass,8,1,,roll-call,Positive recommendation 8:1,crosswalk,high,2088
planning_commission,planning_commission/minutes/2022/2022-10-03/2022-10-05_planning-commission-meeting.md,10,2022-10-05,PlanningCommission,Site Plan,Land-Use,Site-Plan-Design-Review,final-action,pass,9,0,,roll-call,9:0 Approved (Final Action),crosswalk,high,2089
planning_commission,planning_commission/minutes/2022/2022-10-03/2022-10-05_planning-commission-meeting.md,11,2022-10-05,PlanningCommission,Other,Other,,final-action,pass,9,0,,roll-call,9:0 Denied (Final Action),rule:no-signal,low,2090
planning_commission,planning_commission/minutes/2022/2022-10-03/2022-10-05_planning-commission-meeting.md,12,2022-10-05,PlanningCommission,Procedural/Administrative,Public-Hearing,,procedural,pass,,,,unanimous-declared,unanimous Pass,rule:ph-openclose,high,2091
planning_commission,planning_commission/minutes/2022/2022-10-03/2022-10-05_planning-commission-meeting.md,13,2022-10-05,PlanningCommission,Rezone,Land-Use,Rezone,recommendation,pass,7,1,,roll-call,Positive recommendation 7:1,crosswalk,high,2092
planning_commission,planning_commission/minutes/2022/2022-10-03/2022-10-05_planning-commission-meeting.md,14,2022-10-05,PlanningCommission,Street/Alley Vacation,Land-Use,Vacation,recommendation,pass,8,0,,roll-call,Positive recommendation 8:0,crosswalk,high,2093
planning_commission,planning_commission/minutes/2022/2022-10-03/2022-10-05_planning-commission-meeting.md,15,2022-10-05,PlanningCommission,Subdivision/Plat,Land-Use,Subdivision-Plat,recommendation,pass,7,0,,roll-call,Positive recommendation 7:0,crosswalk,high,2094
planning_commission,planning_commission/minutes/2022/2022-10-03/2022-10-05_planning-commission-meeting.md,16,2022-10-05,PlanningCommission,Procedural/Administrative,Public-Hearing,,procedural,pass,,,,unanimous-declared,unanimous Pass,rule:ph-openclose,high,2095
planning_commission,planning_commission/minutes/2022/2022-10-03/2022-10-05_planning-commission-meeting.md,17,2022-10-05,PlanningCommission,Street/Alley Vacation,Procedural-Administrative,,recommendation,fail,4,4,,roll-call,Negative recommendation 4:4,rule:proc-minutes,high,2096
planning_commission,planning_commission/minutes/2022/2022-10-03/2022-10-05_planning-commission-meeting.md,18,2022-10-05,PlanningCommission,Procedural/Administrative,Procedural-Administrative,,procedural,fail,4,4,,roll-call,4:4 Fail,crosswalk,high,2097
planning_commission,planning_commission/minutes/2022/2022-10-03/2022-10-05_planning-commission-meeting.md,19,2022-10-05,PlanningCommission,Street/Alley Vacation,Land-Use,Vacation,recommendation,pass,6,2,,roll-call,Positive recommendation 6:2,crosswalk,medium,2098
planning_commission,planning_commission/minutes/2022/2022-10-17/2022-10-19_planning-commission-meeting.md,1,2022-10-19,PlanningCommission,Site Plan,Land-Use,Site-Plan-Design-Review,final-action,pass,8,0,,roll-call,8:0 Approved (Final Action),crosswalk,high,2099
planning_commission,planning_commission/minutes/2022/2022-10-31/2022-11-02_planning-commission-meeting.md,1,2022-11-02,PlanningCommission,Procedural/Administrative,Procedural-Administrative,,procedural,pass,,,,unanimous-declared,unanimous Pass,crosswalk,high,2100
planning_commission,planning_commission/minutes/2022/2022-10-31/2022-11-02_planning-commission-meeting.md,2,2022-11-02,PlanningCommission,Procedural/Administrative,Procedural-Administrative,,procedural,pass,8,0,,roll-call,8:0 Pass,crosswalk,high,2101
planning_commission,planning_commission/minutes/2022/2022-10-31/2022-11-02_planning-commission-meeting.md,3,2022-11-02,PlanningCommission,Procedural/Administrative,Procedural-Administrative,,procedural,pass,8,0,,roll-call,8:0 Pass,crosswalk,high,2102
planning_commission,planning_commission/minutes/2022/2022-10-31/2022-11-02_planning-commission-meeting.md,4,2022-11-02,PlanningCommission,Site Plan,Land-Use,Site-Plan-Design-Review,final-action,pass,8,0,,roll-call,8:0 Approved (Final Action),crosswalk,high,2103
planning_commission,planning_commission/minutes/2022/2022-10-31/2022-11-02_planning-commission-meeting.md,5,2022-11-02,PlanningCommission,Procedural/Administrative,Procedural-Administrative,,procedural,pass,8,0,,roll-call,8:0 Pass,crosswalk,high,2104
planning_commission,planning_commission/minutes/2022/2022-10-31/2022-11-02_planning-commission-meeting.md,6,2022-11-02,PlanningCommission,Procedural/Administrative,Procedural-Administrative,,procedural,pass,,,,unanimous-declared,unanimous Pass,crosswalk,high,2105
planning_commission,planning_commission/minutes/2022/2022-10-31/2022-11-02_planning-commission-meeting.md,7,2022-11-02,PlanningCommission,Conditional Use Permit,Land-Use,Conditional-Use,final-action,pass,8,0,,roll-call,8:0 Approved (Final Action),crosswalk,high,2106
planning_commission,planning_commission/minutes/2022/2022-10-31/2022-11-02_planning-commission-meeting.md,8,2022-11-02,PlanningCommission,Other,Land-Use,Other-Land-Use,recommendation,pass,6,2,,roll-call,Positive recommendation 6:2,rule:lu-generic,medium,2107
planning_commission,planning_commission/minutes/2022/2022-10-31/2022-11-02_planning-commission-meeting.md,9,2022-11-02,PlanningCommission,Procedural/Administrative,Public-Hearing,,procedural,pass,,,,unanimous-declared,unanimous Pass,rule:ph-openclose,high,2108
planning_commission,planning_commission/minutes/2022/2022-10-31/2022-11-02_planning-commission-meeting.md,10,2022-11-02,PlanningCommission,Procedural/Administrative,Procedural-Administrative,,procedural,pass,,,,unanimous-declared,unanimous Pass,crosswalk,medium,2109
planning_commission,planning_commission/minutes/2022/2022-10-31/2022-11-02_planning-commission-meeting.md,11,2022-11-02,PlanningCommission,Procedural/Administrative,Public-Hearing,,procedural,pass,,,,unanimous-declared,unanimous Pass,rule:ph-openclose,high,2110
planning_commission,planning_commission/minutes/2022/2022-10-31/2022-11-02_planning-commission-meeting.md,12,2022-11-02,PlanningCommission,Procedural/Administrative,Procedural-Administrative,,procedural,pass,8,0,,roll-call,8:0 Pass,crosswalk,high,2111
planning_commission,planning_commission/minutes/2022/2022-10-31/2022-11-02_planning-commission-meeting.md,13,2022-11-02,PlanningCommission,Other,Land-Use,Other-Land-Use,recommendation,pass,6,2,,roll-call,Positive recommendation 6:2,rule:lu-generic,medium,2112
planning_commission,planning_commission/minutes/2022/2022-10-31/2022-11-02_planning-commission-meeting.md,14,2022-11-02,PlanningCommission,Procedural/Administrative,Public-Hearing,,procedural,pass,,,,unanimous-declared,unanimous Pass,rule:ph-openclose,high,2113
planning_commission,planning_commission/minutes/2022/2022-10-31/2022-11-02_planning-commission-meeting.md,15,2022-11-02,PlanningCommission,Other,Land-Use,Other-Land-Use,recommendation,pass,7,1,,roll-call,Positive recommendation 7:1,rule:lu-generic,medium,2114
planning_commission,planning_commission/minutes/2022/2022-11-14/2022-11-16_planning-commission-meeting.md,1,2022-11-16,PlanningCommission,Other,Land-Use,Other-Land-Use,recommendation,pass,9,0,,roll-call,Positive recommendation 9:0,rule:lu-generic,medium,2115
planning_commission,planning_commission/minutes/2022/2022-12-05/2022-12-07_planning-commission-meeting.md,1,2022-12-07,PlanningCommission,Procedural/Administrative,Procedural-Administrative,,procedural,pass,9,0,,roll-call,9:0 Pass,crosswalk,high,2116
planning_commission,planning_commission/minutes/2022/2022-12-05/2022-12-07_planning-commission-meeting.md,2,2022-12-07,PlanningCommission,Other,Other,,recommendation,pass,9,0,,roll-call,Positive recommendation 9:0,rule:no-signal,low,2117
planning_commission,planning_commission/minutes/2022/2022-12-05/2022-12-07_planning-commission-meeting.md,3,2022-12-07,PlanningCommission,Other,Land-Use,Other-Land-Use,recommendation,pass,9,0,,roll-call,Positive recommendation 9:0,rule:lu-generic,medium,2118
planning_commission,planning_commission/minutes/2022/2022-12-05/2022-12-07_planning-commission-meeting.md,4,2022-12-07,PlanningCommission,Procedural/Administrative,Procedural-Administrative,,procedural,pass,9,0,,roll-call,9:0 Pass,crosswalk,high,2119
planning_commission,planning_commission/minutes/2022/2022-12-05/2022-12-07_planning-commission-meeting.md,5,2022-12-07,PlanningCommission,Conditional Use Permit,Land-Use,Conditional-Use,final-action,pass,9,0,,roll-call,9:0 Approved (Final Action),crosswalk,high,2120
planning_commission,planning_commission/minutes/2022/2022-12-05/2022-12-07_planning-commission-meeting.md,6,2022-12-07,PlanningCommission,Other,Other,,final-action,pass,9,0,,roll-call,9:0 Approved (Final Action),rule:no-signal,low,2121
planning_commission,planning_commission/minutes/2022/2022-12-05/2022-12-07_planning-commission-meeting.md,7,2022-12-07,PlanningCommission,Other,Other,,final-action,pass,8,0,,roll-call,8:0 Approved (Final Action),rule:no-signal,low,2122
planning_commission,planning_commission/minutes/2022/2022-12-05/2022-12-07_planning-commission-meeting.md,8,2022-12-07,PlanningCommission,Other,Other,,final-action,pass,8,0,,roll-call,8:0 Approved (Final Action),rule:no-signal,low,2123
planning_commission,planning_commission/minutes/2022/2022-12-05/2022-12-07_planning-commission-meeting.md,9,2022-12-07,PlanningCommission,Procedural/Administrative,Procedural-Administrative,,procedural,pass,9,0,,roll-call,9:0 Pass,crosswalk,high,2124
planning_commission,planning_commission/minutes/2022/2022-12-05/2022-12-07_planning-commission-meeting.md,10,2022-12-07,PlanningCommission,Other,Other,,recommendation,pass,7,2,,roll-call,Positive recommendation 7:2,rule:no-signal,low,2125
planning_commission,planning_commission/minutes/2022/2022-12-05/2022-12-07_planning-commission-meeting.md,11,2022-12-07,PlanningCommission,Procedural/Administrative,Procedural-Administrative,,procedural,pass,,,,unanimous-declared,unanimous Pass,crosswalk,high,2126
planning_commission,planning_commission/minutes/2022/2022-12-05/2022-12-07_planning-commission-meeting.md,12,2022-12-07,PlanningCommission,Other,Other,,final-action,pass,8,1,,roll-call,8:1 Approved (Final Action),rule:no-signal,low,2127
planning_commission,planning_commission/minutes/2022/2022-12-05/2022-12-07_planning-commission-meeting.md,13,2022-12-07,PlanningCommission,Other,Contract-Purchase,,recommendation,pass,9,0,,roll-call,Positive recommendation 9:0,rule:contract-weak,medium,2128
planning_commission,planning_commission/minutes/2022/2022-12-05/2022-12-07_planning-commission-meeting.md,14,2022-12-07,PlanningCommission,Subdivision/Plat,Land-Use,Subdivision-Plat,recommendation,pass,9,0,,roll-call,Positive recommendation 9:0,crosswalk,high,2129
planning_commission,planning_commission/minutes/2022/2022-12-05/2022-12-07_planning-commission-meeting.md,15,2022-12-07,PlanningCommission,Procedural/Administrative,Public-Hearing,,procedural,pass,,,,unanimous-declared,unanimous Pass,rule:ph-openclose,high,2130
planning_commission,planning_commission/minutes/2022/2022-12-05/2022-12-07_planning-commission-meeting.md,16,2022-12-07,PlanningCommission,Other,Land-Use,Other-Land-Use,recommendation,pass,9,0,,roll-call,Positive recommendation 9:0,rule:lu-generic,medium,2131
planning_commission,planning_commission/minutes/2022/2022-12-05/2022-12-07_planning-commission-meeting.md,17,2022-12-07,PlanningCommission,Rezone,Land-Use,Rezone,recommendation,pass,9,0,,roll-call,Positive recommendation 9:0,crosswalk,high,2132
planning_commission,planning_commission/minutes/2022/2022-12-05/2022-12-07_planning-commission-meeting.md,18,2022-12-07,PlanningCommission,Procedural/Administrative,Public-Hearing,,procedural,pass,,,,unanimous-declared,unanimous Pass,rule:ph-openclose,high,2133
planning_commission,planning_commission/minutes/2022/2022-12-05/2022-12-07_planning-commission-meeting.md,19,2022-12-07,PlanningCommission,Rezone,Land-Use,Rezone,recommendation,fail,3,5,,roll-call,Positive recommendation 3:5,crosswalk,high,2134
planning_commission,planning_commission/minutes/2022/2022-12-05/2022-12-07_planning-commission-meeting.md,20,2022-12-07,PlanningCommission,Rezone,Land-Use,Rezone,recommendation,pass,5,3,,roll-call,Positive recommendation 5:3,crosswalk,high,2135
planning_commission,planning_commission/minutes/2022/2022-12-05/2022-12-07_planning-commission-meeting.md,21,2022-12-07,PlanningCommission,Procedural/Administrative,Public-Hearing,,procedural,pass,,,,unanimous-declared,unanimous Pass,rule:ph-openclose,high,2136
planning_commission,planning_commission/minutes/2022/2022-12-05/2022-12-07_planning-commission-meeting.md,22,2022-12-07,PlanningCommission,Zoning Text/General Plan Amendment,Land-Use,General-Plan-Amendment,recommendation,pass,8,0,,roll-call,Positive recommendation 8:0,rule:lu-gpa,high,2137
planning_commission,planning_commission/minutes/2023/2023-01-02/2023-01-04_planning-commission-meeting.md,1,2023-01-04,PlanningCommission,Procedural/Administrative,Procedural-Administrative,,procedural,pass,9,0,,roll-call,9:0 Pass,crosswalk,high,2138
planning_commission,planning_commission/minutes/2023/2023-01-02/2023-01-04_planning-commission-meeting.md,2,2023-01-04,PlanningCommission,Site Plan,Land-Use,Site-Plan-Design-Review,final-action,pass,9,0,,roll-call,9:0 Approved (Final Action),crosswalk,high,2139
planning_commission,planning_commission/minutes/2023/2023-01-02/2023-01-04_planning-commission-meeting.md,3,2023-01-04,PlanningCommission,Procedural/Administrative,Procedural-Administrative,,procedural,pass,9,0,,roll-call,9:0 Pass,crosswalk,high,2140
planning_commission,planning_commission/minutes/2023/2023-01-02/2023-01-04_planning-commission-meeting.md,4,2023-01-04,PlanningCommission,Subdivision/Plat,Land-Use,Subdivision-Plat,recommendation,pass,9,0,,roll-call,Positive recommendation 9:0,crosswalk,high,2141
planning_commission,planning_commission/minutes/2023/2023-01-02/2023-01-04_planning-commission-meeting.md,5,2023-01-04,PlanningCommission,Street/Alley Vacation,Land-Use,Vacation,recommendation,pass,9,0,,roll-call,Positive recommendation 9:0,crosswalk,high,2142
planning_commission,planning_commission/minutes/2023/2023-01-02/2023-01-04_planning-commission-meeting.md,6,2023-01-04,PlanningCommission,Other,Contract-Purchase,,final-action,pass,9,0,,roll-call,9:0 Approved (Final Action),rule:contract-weak,medium,2143
planning_commission,planning_commission/minutes/2023/2023-01-02/2023-01-04_planning-commission-meeting.md,7,2023-01-04,PlanningCommission,Other,Land-Use,Other-Land-Use,final-action,pass,6,3,,roll-call,6:3 Approved (Final Action),rule:lu-interp,high,2144
planning_commission,planning_commission/minutes/2023/2023-01-02/2023-01-04_planning-commission-meeting.md,8,2023-01-04,PlanningCommission,Conditional Use Permit,Land-Use,Conditional-Use,final-action,pass,9,0,,roll-call,9:0 Approved (Final Action),crosswalk,high,2145
planning_commission,planning_commission/minutes/2023/2023-01-02/2023-01-04_planning-commission-meeting.md,9,2023-01-04,PlanningCommission,Procedural/Administrative,Procedural-Administrative,,procedural,pass,9,0,,roll-call,9:0 Pass,crosswalk,high,2146
planning_commission,planning_commission/minutes/2023/2023-01-02/2023-01-04_planning-commission-meeting.md,10,2023-01-04,PlanningCommission,Site Plan,Land-Use,Site-Plan-Design-Review,final-action,pass,8,1,,roll-call,8:1 Approved (Final Action),crosswalk,high,2147
planning_commission,planning_commission/minutes/2023/2023-01-02/2023-01-04_planning-commission-meeting.md,11,2023-01-04,PlanningCommission,Other,Ordinance,,recommendation,pass,9,0,,roll-call,Positive recommendation 9:0,rule:ordinance-weak,medium,2148
planning_commission,planning_commission/minutes/2023/2023-01-02/2023-01-04_planning-commission-meeting.md,12,2023-01-04,PlanningCommission,Procedural/Administrative,Public-Hearing,,procedural,pass,,,,unanimous-declared,unanimous Pass,rule:ph-openclose,high,2149
planning_commission,planning_commission/minutes/2023/2023-01-02/2023-01-04_planning-commission-meeting.md,13,2023-01-04,PlanningCommission,Zoning Text/General Plan Amendment,Land-Use,Other-Land-Use,recommendation,pass,8,1,,roll-call,Positive recommendation 8:1,crosswalk,high,2150
planning_commission,planning_commission/minutes/2023/2023-01-02/2023-01-04_planning-commission-meeting.md,14,2023-01-04,PlanningCommission,Other,Other,,recommendation,pass,9,0,,roll-call,Positive recommendation 9:0,rule:no-signal,low,2151
planning_commission,planning_commission/minutes/2023/2023-01-02/2023-01-04_planning-commission-meeting.md,15,2023-01-04,PlanningCommission,Procedural/Administrative,Public-Hearing,,procedural,pass,,,,unknown,recorded Pass,rule:ph-openclose,high,2152
planning_commission,planning_commission/minutes/2023/2023-01-02/2023-01-04_planning-commission-meeting.md,16,2023-01-04,PlanningCommission,Other,Land-Use,Other-Land-Use,recommendation,pass,9,0,,roll-call,Positive recommendation 9:0,rule:lu-generic,medium,2153
planning_commission,planning_commission/minutes/2023/2023-01-30/2023-02-01_planning-commission-meeting.md,1,2023-02-01,PlanningCommission,Procedural/Administrative,Procedural-Administrative,,procedural,pass,9,0,,roll-call,9:0 Pass,crosswalk,high,2154
planning_commission,planning_commission/minutes/2023/2023-01-30/2023-02-01_planning-commission-meeting.md,2,2023-02-01,PlanningCommission,Site Plan,Land-Use,Site-Plan-Design-Review,final-action,pass,9,0,,roll-call,9:0 Approved (Final Action),crosswalk,high,2155
planning_commission,planning_commission/minutes/2023/2023-01-30/2023-02-01_planning-commission-meeting.md,3,2023-02-01,PlanningCommission,Conditional Use Permit,Land-Use,Conditional-Use,final-action,pass,5,4,,roll-call,5:4 Approved (Final Action),crosswalk,high,2156
planning_commission,planning_commission/minutes/2023/2023-01-30/2023-02-01_planning-commission-meeting.md,4,2023-02-01,PlanningCommission,Site Plan,Land-Use,Site-Plan-Design-Review,final-action,pass,9,0,,roll-call,9:0 Approved (Final Action),crosswalk,high,2157
planning_commission,planning_commission/minutes/2023/2023-02-27/2023-03-01_planning-commission-meeting.md,1,2023-03-01,PlanningCommission,Other,Other,,final-action,pass,6,0,,roll-call,6:0 Approved (Final Action),rule:no-signal,low,2158
planning_commission,planning_commission/minutes/2023/2023-02-27/2023-03-01_planning-commission-meeting.md,2,2023-03-01,PlanningCommission,Other,Other,,final-action,pass,5,1,,roll-call,5:1 Approved (Final Action),rule:no-signal,low,2159
planning_commission,planning_commission/minutes/2023/2023-02-27/2023-03-01_planning-commission-meeting.md,3,2023-03-01,PlanningCommission,Procedural/Administrative,Procedural-Administrative,,procedural,pass,6,0,,roll-call,6:0 Pass,crosswalk,high,2160
planning_commission,planning_commission/minutes/2023/2023-02-27/2023-03-01_planning-commission-meeting.md,4,2023-03-01,PlanningCommission,Other,Ordinance,,final-action,pass,6,0,,roll-call,6:0 Denied (Final Action),rule:ordinance-weak,medium,2161
planning_commission,planning_commission/minutes/2023/2023-02-27/2023-03-01_planning-commission-meeting.md,5,2023-03-01,PlanningCommission,Conditional Use Permit,Land-Use,Conditional-Use,final-action,pass,6,0,,roll-call,6:0 Approved (Final Action),crosswalk,high,2162
planning_commission,planning_commission/minutes/2023/2023-02-27/2023-03-01_planning-commission-meeting.md,6,2023-03-01,PlanningCommission,Conditional Use Permit,Land-Use,Conditional-Use,final-action,pass,6,0,,roll-call,6:0 Approved (Final Action),crosswalk,high,2163
planning_commission,planning_commission/minutes/2023/2023-02-27/2023-03-01_planning-commission-meeting.md,7,2023-03-01,PlanningCommission,Rezone,Land-Use,Rezone,recommendation,pass,6,0,,roll-call,Positive recommendation 6:0,crosswalk,high,2164
planning_commission,planning_commission/minutes/2023/2023-02-27/2023-03-01_planning-commission-meeting.md,8,2023-03-01,PlanningCommission,Subdivision/Plat,Land-Use,Subdivision-Plat,recommendation,pass,6,0,,roll-call,Positive recommendation 6:0,crosswalk,high,2165
planning_commission,planning_commission/minutes/2023/2023-04-03/2023-04-05_planning-commission-meeting.md,1,2023-04-05,PlanningCommission,Subdivision/Plat,Land-Use,Subdivision-Plat,recommendation,pass,9,0,,roll-call,Positive recommendation 9:0,crosswalk,high,2166
planning_commission,planning_commission/minutes/2023/2023-04-03/2023-04-05_planning-commission-meeting.md,2,2023-04-05,PlanningCommission,Procedural/Administrative,Procedural-Administrative,,procedural,pass,9,0,,roll-call,9:0 Pass,crosswalk,high,2167
planning_commission,planning_commission/minutes/2023/2023-04-03/2023-04-05_planning-commission-meeting.md,3,2023-04-05,PlanningCommission,Procedural/Administrative,Procedural-Administrative,,procedural,pass,9,0,,roll-call,9:0 Pass,crosswalk,high,2168
planning_commission,planning_commission/minutes/2023/2023-04-03/2023-04-05_planning-commission-meeting.md,4,2023-04-05,PlanningCommission,Site Plan,Land-Use,Site-Plan-Design-Review,final-action,pass,9,0,,roll-call,9:0 Approved (Final Action),crosswalk,high,2169
planning_commission,planning_commission/minutes/2023/2023-04-03/2023-04-05_planning-commission-meeting.md,5,2023-04-05,PlanningCommission,Procedural/Administrative,Public-Hearing,,procedural,pass,,,,unanimous-declared,unanimous Pass,rule:ph-openclose,high,2170
planning_commission,planning_commission/minutes/2023/2023-04-03/2023-04-05_planning-commission-meeting.md,6,2023-04-05,PlanningCommission,Rezone,Land-Use,Rezone,recommendation,pass,9,0,,roll-call,Positive recommendation 9:0,crosswalk,high,2171
planning_commission,planning_commission/minutes/2023/2023-04-03/2023-04-05_planning-commission-meeting.md,7,2023-04-05,PlanningCommission,Other,Other,,recommendation,pass,9,0,,roll-call,Positive recommendation 9:0,rule:no-signal,low,2172
planning_commission,planning_commission/minutes/2023/2023-04-03/2023-04-05_planning-commission-meeting.md,8,2023-04-05,PlanningCommission,Other,Appointment,,final-action,pass,9,0,,roll-call,9:0 Approved (Final Action),rule:appoint,high,2173
planning_commission,planning_commission/minutes/2023/2023-04-03/2023-04-05_planning-commission-meeting.md,9,2023-04-05,PlanningCommission,Site Plan,Land-Use,Site-Plan-Design-Review,final-action,pass,8,1,,roll-call,8:1 Approved (Final Action),crosswalk,high,2174
planning_commission,planning_commission/minutes/2023/2023-04-03/2023-04-05_planning-commission-meeting.md,10,2023-04-05,PlanningCommission,Other,Land-Use,Other-Land-Use,recommendation,pass,9,0,,roll-call,Positive recommendation 9:0,rule:lu-generic,medium,2175
planning_commission,planning_commission/minutes/2023/2023-04-03/2023-04-05_planning-commission-meeting.md,11,2023-04-05,PlanningCommission,Procedural/Administrative,Public-Hearing,,procedural,pass,,,,unanimous-declared,unanimous Pass,rule:ph-openclose,high,2176
planning_commission,planning_commission/minutes/2023/2023-04-03/2023-04-05_planning-commission-meeting.md,12,2023-04-05,PlanningCommission,Other,Land-Use,Other-Land-Use,recommendation,pass,9,0,,roll-call,Negative recommendation 9:0,rule:lu-generic,medium,2177
planning_commission,planning_commission/minutes/2023/2023-05-01/2023-05-03_planning-commission-meeting.md,1,2023-05-03,PlanningCommission,Subdivision/Plat,Land-Use,Subdivision-Plat,recommendation,pass,9,0,,roll-call,Positive recommendation 9:0,crosswalk,high,2178
planning_commission,planning_commission/minutes/2023/2023-05-01/2023-05-03_planning-commission-meeting.md,2,2023-05-03,PlanningCommission,Procedural/Administrative,Procedural-Administrative,,procedural,pass,9,0,,roll-call,9:0 Pass,crosswalk,high,2179
planning_commission,planning_commission/minutes/2023/2023-05-01/2023-05-03_planning-commission-meeting.md,3,2023-05-03,PlanningCommission,Conditional Use Permit,Land-Use,Conditional-Use,final-action,pass,9,0,,roll-call,9:0 Approved (Final Action),crosswalk,high,2180
planning_commission,planning_commission/minutes/2023/2023-05-01/2023-05-03_planning-commission-meeting.md,4,2023-05-03,PlanningCommission,Conditional Use Permit,Land-Use,Conditional-Use,final-action,pass,7,2,,roll-call,7:2 Denied (Final Action),crosswalk,high,2181
planning_commission,planning_commission/minutes/2023/2023-05-01/2023-05-03_planning-commission-meeting.md,5,2023-05-03,PlanningCommission,Procedural/Administrative,Procedural-Administrative,,procedural,pass,9,0,,roll-call,9:0 Pass,crosswalk,high,2182
planning_commission,planning_commission/minutes/2023/2023-05-01/2023-05-03_planning-commission-meeting.md,6,2023-05-03,PlanningCommission,Procedural/Administrative,Procedural-Administrative,,procedural,pass,8,0,,roll-call,8:0 Pass,crosswalk,high,2183
planning_commission,planning_commission/minutes/2023/2023-05-01/2023-05-03_planning-commission-meeting.md,7,2023-05-03,PlanningCommission,Procedural/Administrative,Public-Hearing,,procedural,pass,,,,unanimous-declared,unanimous Pass,rule:ph-openclose,high,2184
planning_commission,planning_commission/minutes/2023/2023-05-01/2023-05-03_planning-commission-meeting.md,8,2023-05-03,PlanningCommission,Rezone,Land-Use,Rezone,recommendation,pass,8,0,,roll-call,Positive recommendation 8:0,crosswalk,high,2185
planning_commission,planning_commission/minutes/2023/2023-05-01/2023-05-03_planning-commission-meeting.md,9,2023-05-03,PlanningCommission,Other,Land-Use,Other-Land-Use,recommendation,pass,8,0,,roll-call,Positive recommendation 8:0,rule:lu-generic,medium,2186
planning_commission,planning_commission/minutes/2023/2023-05-01/2023-05-03_planning-commission-meeting.md,10,2023-05-03,PlanningCommission,Other,Other,,recommendation,pass,8,0,,roll-call,Positive recommendation 8:0,rule:no-signal,low,2187
planning_commission,planning_commission/minutes/2023/2023-05-15/2023-05-17_planning-commission-meeting.md,1,2023-05-17,PlanningCommission,Conditional Use Permit,Land-Use,Conditional-Use,final-action,pass,8,1,,roll-call,8:1 Denied (Final Action),crosswalk,high,2188
planning_commission,planning_commission/minutes/2023/2023-05-15/2023-05-17_planning-commission-meeting.md,2,2023-05-17,PlanningCommission,Conditional Use Permit,Land-Use,Conditional-Use,final-action,pass,7,2,,roll-call,7:2 Approved (Final Action),crosswalk,high,2189
planning_commission,planning_commission/minutes/2023/2023-05-15/2023-05-17_planning-commission-meeting.md,3,2023-05-17,PlanningCommission,Other,Other,,final-action,pass,,,,unanimous-declared,unanimous Approved (Final Action),rule:no-signal,low,2190
planning_commission,planning_commission/minutes/2023/2023-06-05/2023-06-07_planning-commission-meeting.md,1,2023-06-07,PlanningCommission,Other,Land-Use,Other-Land-Use,recommendation,pass,8,0,,roll-call,Positive recommendation 8:0,rule:lu-generic,medium,2191
planning_commission,planning_commission/minutes/2023/2023-06-05/2023-06-07_planning-commission-meeting.md,2,2023-06-07,PlanningCommission,Procedural/Administrative,Procedural-Administrative,,procedural,pass,,,,unanimous-declared,unanimous Pass,crosswalk,high,2192
planning_commission,planning_commission/minutes/2023/2023-06-05/2023-06-07_planning-commission-meeting.md,3,2023-06-07,PlanningCommission,Site Plan,Land-Use,Site-Plan-Design-Review,final-action,pass,8,0,,roll-call,8:0 Approved (Final Action),crosswalk,high,2193
planning_commission,planning_commission/minutes/2023/2023-06-05/2023-06-07_planning-commission-meeting.md,4,2023-06-07,PlanningCommission,Procedural/Administrative,Land-Use,Subdivision-Plat,recommendation,pass,8,0,,roll-call,8:0 Pass,rule:lu-subdiv,high,2194
planning_commission,planning_commission/minutes/2023/2023-06-05/2023-06-07_planning-commission-meeting.md,5,2023-06-07,PlanningCommission,Other,Other,,final-action,pass,8,0,,roll-call,8:0 Approved (Final Action),rule:no-signal,low,2195
planning_commission,planning_commission/minutes/2023/2023-06-05/2023-06-07_planning-commission-meeting.md,6,2023-06-07,PlanningCommission,Subdivision/Plat,Land-Use,Subdivision-Plat,recommendation,pass,8,0,,roll-call,Positive recommendation 8:0,crosswalk,high,2196
planning_commission,planning_commission/minutes/2023/2023-06-05/2023-06-07_planning-commission-meeting.md,7,2023-06-07,PlanningCommission,Procedural/Administrative,Public-Hearing,,procedural,pass,,,,unanimous-declared,unanimous Pass,rule:ph-openclose,high,2197
planning_commission,planning_commission/minutes/2023/2023-06-05/2023-06-07_planning-commission-meeting.md,8,2023-06-07,PlanningCommission,Other,Other,,recommendation,pass,8,0,,roll-call,Positive recommendation 8:0,rule:no-signal,low,2198
planning_commission,planning_commission/minutes/2023/2023-06-05/2023-06-07_planning-commission-meeting.md,9,2023-06-07,PlanningCommission,Procedural/Administrative,Public-Hearing,,procedural,pass,,,,unanimous-declared,unanimous Pass,rule:ph-openclose,high,2199
planning_commission,planning_commission/minutes/2023/2023-06-05/2023-06-07_planning-commission-meeting.md,10,2023-06-07,PlanningCommission,Procedural/Administrative,Procedural-Administrative,,procedural,pass,8,0,,roll-call,8:0 Pass,crosswalk,high,2200
planning_commission,planning_commission/minutes/2023/2023-06-05/2023-06-07_planning-commission-meeting.md,11,2023-06-07,PlanningCommission,Procedural/Administrative,Public-Hearing,,procedural,pass,,,,unanimous-declared,unanimous Pass,rule:ph-openclose,high,2201
planning_commission,planning_commission/minutes/2023/2023-06-05/2023-06-07_planning-commission-meeting.md,12,2023-06-07,PlanningCommission,Procedural/Administrative,Public-Hearing,,procedural,pass,,,,unanimous-declared,unanimous Pass,rule:ph-openclose,high,2202
planning_commission,planning_commission/minutes/2023/2023-06-05/2023-06-07_planning-commission-meeting.md,13,2023-06-07,PlanningCommission,Subdivision/Plat,Land-Use,Subdivision-Plat,recommendation,pass,8,0,,roll-call,Positive recommendation 8:0,crosswalk,high,2203
planning_commission,planning_commission/minutes/2023/2023-07-03/2023-07-05_planning-commission-meeting.md,1,2023-07-05,PlanningCommission,Procedural/Administrative,Procedural-Administrative,,procedural,pass,,,,unanimous-declared,unanimous Pass,crosswalk,high,2204
planning_commission,planning_commission/minutes/2023/2023-07-03/2023-07-05_planning-commission-meeting.md,2,2023-07-05,PlanningCommission,Procedural/Administrative,Procedural-Administrative,,procedural,pass,,,,unanimous-declared,unanimous Pass,crosswalk,high,2205
planning_commission,planning_commission/minutes/2023/2023-07-03/2023-07-05_planning-commission-meeting.md,3,2023-07-05,PlanningCommission,Subdivision/Plat,Land-Use,Subdivision-Plat,recommendation,pass,8,0,,roll-call,Positive recommendation 8:0,crosswalk,high,2206
planning_commission,planning_commission/minutes/2023/2023-07-03/2023-07-05_planning-commission-meeting.md,4,2023-07-05,PlanningCommission,Conditional Use Permit,Land-Use,Conditional-Use,final-action,pass,8,0,,roll-call,8:0 Approved (Final Action),crosswalk,high,2207
planning_commission,planning_commission/minutes/2023/2023-07-03/2023-07-05_planning-commission-meeting.md,5,2023-07-05,PlanningCommission,Other,Other,,final-action,pass,,,,unanimous-declared,unanimous Approved (Final Action),rule:no-signal,low,2208
planning_commission,planning_commission/minutes/2023/2023-07-03/2023-07-05_planning-commission-meeting.md,6,2023-07-05,PlanningCommission,Procedural/Administrative,Procedural-Administrative,,procedural,pass,8,0,,roll-call,8:0 Pass,crosswalk,high,2209
planning_commission,planning_commission/minutes/2023/2023-07-03/2023-07-05_planning-commission-meeting.md,7,2023-07-05,PlanningCommission,Procedural/Administrative,Public-Hearing,,procedural,pass,,,,unanimous-declared,unanimous Pass,rule:ph-openclose,high,2210
planning_commission,planning_commission/minutes/2023/2023-07-03/2023-07-05_planning-commission-meeting.md,8,2023-07-05,PlanningCommission,Rezone,Land-Use,Rezone,recommendation,pass,6,2,,roll-call,Positive recommendation 6:2,crosswalk,high,2211
planning_commission,planning_commission/minutes/2023/2023-07-03/2023-07-05_planning-commission-meeting.md,9,2023-07-05,PlanningCommission,Procedural/Administrative,Appointment,,final-action,pass,,,,unanimous-declared,unanimous Pass,rule:officer-elect,high,2212
planning_commission,planning_commission/minutes/2023/2023-07-17/2023-07-19_planning-commission-meeting.md,1,2023-07-19,PlanningCommission,Site Plan,Land-Use,Site-Plan-Design-Review,final-action,pass,4,2,,roll-call,4:2 Approved (Final Action),crosswalk,high,2213
planning_commission,planning_commission/minutes/2023/2023-07-31/2023-08-02_planning-commission-meeting.md,1,2023-08-02,PlanningCommission,Street/Alley Vacation,Land-Use,Vacation,recommendation,pass,9,0,,roll-call,Positive recommendation 9:0,crosswalk,high,2214
planning_commission,planning_commission/minutes/2023/2023-07-31/2023-08-02_planning-commission-meeting.md,2,2023-08-02,PlanningCommission,Procedural/Administrative,Procedural-Administrative,,procedural,pass,9,0,,roll-call,9:0 Pass,crosswalk,high,2215
planning_commission,planning_commission/minutes/2023/2023-07-31/2023-08-02_planning-commission-meeting.md,3,2023-08-02,PlanningCommission,Site Plan,Land-Use,Site-Plan-Design-Review,final-action,pass,9,0,,roll-call,9:0 Approved (Final Action),crosswalk,high,2216
planning_commission,planning_commission/minutes/2023/2023-07-31/2023-08-02_planning-commission-meeting.md,4,2023-08-02,PlanningCommission,Procedural/Administrative,Procedural-Administrative,,procedural,pass,8,0,,roll-call,8:0 Pass,crosswalk,high,2217
planning_commission,planning_commission/minutes/2023/2023-07-31/2023-08-02_planning-commission-meeting.md,5,2023-08-02,PlanningCommission,Other,Other,,recommendation,pass,7,2,,roll-call,Negative recommendation 7:2,rule:no-signal,low,2218
planning_commission,planning_commission/minutes/2023/2023-07-31/2023-08-02_planning-commission-meeting.md,6,2023-08-02,PlanningCommission,Other,Land-Use,Other-Land-Use,final-action,pass,9,0,,roll-call,9:0 Approved (Final Action),rule:lu-generic,medium,2219
planning_commission,planning_commission/minutes/2023/2023-07-31/2023-08-02_planning-commission-meeting.md,7,2023-08-02,PlanningCommission,Procedural/Administrative,Public-Hearing,,procedural,pass,,,,unanimous-declared,unanimous Pass,rule:ph-openclose,high,2220
planning_commission,planning_commission/minutes/2023/2023-07-31/2023-08-02_planning-commission-meeting.md,8,2023-08-02,PlanningCommission,Rezone,Land-Use,Rezone,recommendation,pass,8,1,,roll-call,Positive recommendation 8:1,crosswalk,high,2221
planning_commission,planning_commission/minutes/2023/2023-07-31/2023-08-02_planning-commission-meeting.md,9,2023-08-02,PlanningCommission,Procedural/Administrative,Public-Hearing,,procedural,pass,,,,unanimous-declared,unanimous Pass,rule:ph-openclose,high,2222
planning_commission,planning_commission/minutes/2023/2023-07-31/2023-08-02_planning-commission-meeting.md,10,2023-08-02,PlanningCommission,Zoning Text/General Plan Amendment,Land-Use,Other-Land-Use,recommendation,pass,7,2,,roll-call,Positive recommendation 7:2,crosswalk,high,2223
planning_commission,planning_commission/minutes/2023/2023-07-31/2023-08-02_planning-commission-meeting.md,11,2023-08-02,PlanningCommission,Procedural/Administrative,Public-Hearing,,procedural,pass,,,,unanimous-declared,unanimous Pass,rule:ph-openclose,high,2224
planning_commission,planning_commission/minutes/2023/2023-07-31/2023-08-02_planning-commission-meeting.md,12,2023-08-02,PlanningCommission,Zoning Text/General Plan Amendment,Land-Use,General-Plan-Amendment,recommendation,pass,7,1,,roll-call,Positive recommendation 7:1,rule:lu-gpa,high,2225
planning_commission,planning_commission/minutes/2023/2023-09-04/2023-09-06_planning-commission-meeting.md,1,2023-09-06,PlanningCommission,Other,Other,,final-action,pass,,,,unanimous-declared,unanimous Approved (Final Action),rule:no-signal,low,2226
planning_commission,planning_commission/minutes/2023/2023-09-04/2023-09-06_planning-commission-meeting.md,2,2023-09-06,PlanningCommission,Procedural/Administrative,Procedural-Administrative,,procedural,pass,,,,unanimous-declared,unanimous Pass,crosswalk,high,2227
planning_commission,planning_commission/minutes/2023/2023-09-04/2023-09-06_planning-commission-meeting.md,3,2023-09-06,PlanningCommission,Procedural/Administrative,Procedural-Administrative,,procedural,pass,,,,unanimous-declared,unanimous Pass,crosswalk,high,2228
planning_commission,planning_commission/minutes/2023/2023-09-04/2023-09-06_planning-commission-meeting.md,4,2023-09-06,PlanningCommission,Street/Alley Vacation,Land-Use,Vacation,recommendation,pass,9,0,,roll-call,Positive recommendation 9:0,crosswalk,high,2229
planning_commission,planning_commission/minutes/2023/2023-09-04/2023-09-06_planning-commission-meeting.md,5,2023-09-06,PlanningCommission,Other,Other,,recommendation,pass,9,0,,roll-call,Positive recommendation 9:0,rule:no-signal,low,2230
planning_commission,planning_commission/minutes/2023/2023-09-04/2023-09-06_planning-commission-meeting.md,6,2023-09-06,PlanningCommission,Conditional Use Permit,Land-Use,Conditional-Use,final-action,pass,7,1,,roll-call,7:1 Approved (Final Action),crosswalk,high,2231
planning_commission,planning_commission/minutes/2023/2023-09-04/2023-09-06_planning-commission-meeting.md,7,2023-09-06,PlanningCommission,Conditional Use Permit,Land-Use,Conditional-Use,final-action,pass,8,0,,roll-call,8:0 Approved (Final Action),crosswalk,high,2232
planning_commission,planning_commission/minutes/2023/2023-09-04/2023-09-06_planning-commission-meeting.md,8,2023-09-06,PlanningCommission,Procedural/Administrative,Procedural-Administrative,,procedural,pass,9,0,,roll-call,9:0 Pass,crosswalk,high,2233
planning_commission,planning_commission/minutes/2023/2023-09-04/2023-09-06_planning-commission-meeting.md,9,2023-09-06,PlanningCommission,Other,Appointment,,final-action,pass,,,,unanimous-declared,unanimous Approved (Final Action),rule:appoint,high,2234
planning_commission,planning_commission/minutes/2023/2023-10-02/2023-10-04_planning-commission-meeting.md,1,2023-10-04,PlanningCommission,Procedural/Administrative,Procedural-Administrative,,procedural,pass,,,,unanimous-declared,unanimous Pass,crosswalk,high,2235
planning_commission,planning_commission/minutes/2023/2023-10-02/2023-10-04_planning-commission-meeting.md,2,2023-10-04,PlanningCommission,Procedural/Administrative,Procedural-Administrative,,procedural,pass,,,,unanimous-declared,unanimous Pass,crosswalk,high,2236
planning_commission,planning_commission/minutes/2023/2023-10-02/2023-10-04_planning-commission-meeting.md,3,2023-10-04,PlanningCommission,Conditional Use Permit,Land-Use,Conditional-Use,final-action,pass,8,0,,roll-call,8:0 Approved (Final Action),crosswalk,high,2237
planning_commission,planning_commission/minutes/2023/2023-10-02/2023-10-04_planning-commission-meeting.md,4,2023-10-04,PlanningCommission,Conditional Use Permit,Land-Use,Conditional-Use,final-action,pass,8,1,,roll-call,8:1 Approved (Final Action),crosswalk,high,2238
planning_commission,planning_commission/minutes/2023/2023-10-02/2023-10-04_planning-commission-meeting.md,5,2023-10-04,PlanningCommission,Procedural/Administrative,Public-Hearing,,procedural,pass,,,,unanimous-declared,unanimous Pass,rule:ph-openclose,high,2239
planning_commission,planning_commission/minutes/2023/2023-10-02/2023-10-04_planning-commission-meeting.md,6,2023-10-04,PlanningCommission,Zoning Text/General Plan Amendment,Land-Use,General-Plan-Amendment,recommendation,pass,8,1,,roll-call,Positive recommendation 8:1,rule:lu-gpa,high,2240
planning_commission,planning_commission/minutes/2023/2023-10-02/2023-10-04_planning-commission-meeting.md,7,2023-10-04,PlanningCommission,Procedural/Administrative,Public-Hearing,,procedural,pass,,,,unanimous-declared,unanimous Pass,rule:ph-openclose,high,2241
planning_commission,planning_commission/minutes/2023/2023-10-02/2023-10-04_planning-commission-meeting.md,8,2023-10-04,PlanningCommission,Subdivision/Plat,Land-Use,Subdivision-Plat,recommendation,pass,9,0,,roll-call,Positive recommendation 9:0,crosswalk,high,2242
planning_commission,planning_commission/minutes/2023/2023-10-30/2023-11-01_planning-commission-meeting.md,1,2023-11-01,PlanningCommission,Site Plan,Land-Use,Site-Plan-Design-Review,final-action,pass,8,0,,roll-call,8:0 Approved (Final Action),crosswalk,high,2243
planning_commission,planning_commission/minutes/2023/2023-10-30/2023-11-01_planning-commission-meeting.md,2,2023-11-01,PlanningCommission,Subdivision/Plat,Land-Use,Subdivision-Plat,recommendation,pass,8,0,,roll-call,Positive recommendation 8:0,crosswalk,high,2244
planning_commission,planning_commission/minutes/2023/2023-10-30/2023-11-01_planning-commission-meeting.md,3,2023-11-01,PlanningCommission,Subdivision/Plat,Land-Use,Subdivision-Plat,recommendation,pass,8,1,,roll-call,Positive recommendation 8:1,crosswalk,high,2245
planning_commission,planning_commission/minutes/2023/2023-10-30/2023-11-01_planning-commission-meeting.md,4,2023-11-01,PlanningCommission,Other,Land-Use,Other-Land-Use,final-action,pass,9,0,,roll-call,9:0 Approved (Final Action),rule:lu-generic,medium,2246
planning_commission,planning_commission/minutes/2023/2023-10-30/2023-11-01_planning-commission-meeting.md,5,2023-11-01,PlanningCommission,Procedural/Administrative,Public-Hearing,,procedural,pass,,,,unanimous-declared,unanimous Pass,rule:ph-openclose,high,2247
planning_commission,planning_commission/minutes/2023/2023-10-30/2023-11-01_planning-commission-meeting.md,6,2023-11-01,PlanningCommission,Zoning Text/General Plan Amendment,Land-Use,Other-Land-Use,recommendation,pass,8,0,,roll-call,Positive recommendation 8:0,crosswalk,high,2248
planning_commission,planning_commission/minutes/2023/2023-10-30/2023-11-01_planning-commission-meeting.md,7,2023-11-01,PlanningCommission,Procedural/Administrative,Public-Hearing,,procedural,pass,,,,unanimous-declared,unanimous Pass,rule:ph-openclose,high,2249
planning_commission,planning_commission/minutes/2023/2023-10-30/2023-11-01_planning-commission-meeting.md,8,2023-11-01,PlanningCommission,Other,Land-Use,Other-Land-Use,recommendation,pass,,,,unknown,Positive recommendation recorded,rule:lu-accessory,high,2250
planning_commission,planning_commission/minutes/2023/2023-10-30/2023-11-01_planning-commission-meeting.md,9,2023-11-01,PlanningCommission,Other,Other,,final-action,pass,5,3,,roll-call,5:3 Approved (Final Action),rule:no-signal,low,2251
planning_commission,planning_commission/minutes/2023/2023-11-27/2023-11-29_planning-commission-meeting.md,1,2023-11-29,PlanningCommission,Street/Alley Vacation,Land-Use,Vacation,recommendation,pass,9,0,,roll-call,Positive recommendation 9:0,crosswalk,high,2252
planning_commission,planning_commission/minutes/2023/2023-12-04/2023-12-06_planning-commission-meeting.md,1,2023-12-06,PlanningCommission,Other,Other,,final-action,pass,,,,unanimous-declared,unanimous Approved (Final Action),rule:no-signal,low,2253
planning_commission,planning_commission/minutes/2023/2023-12-04/2023-12-06_planning-commission-meeting.md,2,2023-12-06,PlanningCommission,Procedural/Administrative,Procedural-Administrative,,procedural,pass,,,,unanimous-declared,unanimous Pass,crosswalk,high,2254
planning_commission,planning_commission/minutes/2023/2023-12-04/2023-12-06_planning-commission-meeting.md,3,2023-12-06,PlanningCommission,Other,Other,,final-action,pass,9,0,,roll-call,9:0 Approved (Final Action),rule:no-signal,low,2255
planning_commission,planning_commission/minutes/2023/2023-12-04/2023-12-06_planning-commission-meeting.md,4,2023-12-06,PlanningCommission,Procedural/Administrative,Public-Hearing,,procedural,pass,,,,unanimous-declared,unanimous Pass,rule:ph-openclose,high,2256
planning_commission,planning_commission/minutes/2023/2023-12-04/2023-12-06_planning-commission-meeting.md,5,2023-12-06,PlanningCommission,Rezone,Land-Use,Rezone,recommendation,pass,7,1,,roll-call,Positive recommendation 7:1,crosswalk,high,2257
planning_commission,planning_commission/minutes/2023/2023-12-04/2023-12-06_planning-commission-meeting.md,6,2023-12-06,PlanningCommission,Procedural/Administrative,Procedural-Administrative,,procedural,fail,3,6,,roll-call,3:6 Fail,crosswalk,high,2258
planning_commission,planning_commission/minutes/2023/2023-12-04/2023-12-06_planning-commission-meeting.md,7,2023-12-06,PlanningCommission,Other,Land-Use,Other-Land-Use,final-action,pass,6,3,,roll-call,6:3 Approved (Final Action),rule:lu-generic,medium,2259
planning_commission,planning_commission/minutes/2023/2023-12-04/2023-12-06_planning-commission-meeting.md,8,2023-12-06,PlanningCommission,Street/Alley Vacation,Land-Use,Vacation,recommendation,pass,9,0,,roll-call,Negative recommendation 9:0,crosswalk,high,2260
planning_commission,planning_commission/minutes/2023/2023-12-04/2023-12-06_planning-commission-meeting.md,9,2023-12-06,PlanningCommission,Procedural/Administrative,Public-Hearing,,procedural,pass,,,,unanimous-declared,unanimous Pass,rule:ph-openclose,high,2261
planning_commission,planning_commission/minutes/2023/2023-12-04/2023-12-06_planning-commission-meeting.md,10,2023-12-06,PlanningCommission,Other,Land-Use,Other-Land-Use,recommendation,pass,9,0,,roll-call,Positive recommendation 9:0,rule:lu-generic,medium,2262
planning_commission,planning_commission/minutes/2024/2024-01-01/2024-01-03_planning-commission-meeting.md,1,2024-01-03,PlanningCommission,Procedural/Administrative,Procedural-Administrative,,procedural,pass,,,,unanimous-declared,unanimous Pass,crosswalk,high,2263
planning_commission,planning_commission/minutes/2024/2024-01-01/2024-01-03_planning-commission-meeting.md,2,2024-01-03,PlanningCommission,Procedural/Administrative,Procedural-Administrative,,procedural,pass,,,,unanimous-declared,unanimous Pass,crosswalk,high,2264
planning_commission,planning_commission/minutes/2024/2024-01-01/2024-01-03_planning-commission-meeting.md,3,2024-01-03,PlanningCommission,Other,Other,,recommendation,pass,7,0,,roll-call,Positive recommendation 7:0,rule:no-signal,low,2265
planning_commission,planning_commission/minutes/2024/2024-01-01/2024-01-03_planning-commission-meeting.md,4,2024-01-03,PlanningCommission,Conditional Use Permit,Land-Use,Conditional-Use,final-action,pass,7,0,,roll-call,7:0 Approved (Final Action),crosswalk,high,2266
planning_commission,planning_commission/minutes/2024/2024-01-01/2024-01-03_planning-commission-meeting.md,5,2024-01-03,PlanningCommission,Procedural/Administrative,Public-Hearing,,procedural,pass,,,,unanimous-declared,unanimous Pass,rule:ph-openclose,high,2267
planning_commission,planning_commission/minutes/2024/2024-01-01/2024-01-03_planning-commission-meeting.md,6,2024-01-03,PlanningCommission,Rezone,Land-Use,Rezone,recommendation,pass,7,0,,roll-call,Positive recommendation 7:0,crosswalk,high,2268
planning_commission,planning_commission/minutes/2024/2024-01-01/2024-01-03_planning-commission-meeting.md,7,2024-01-03,PlanningCommission,Procedural/Administrative,Public-Hearing,,procedural,pass,,,,unanimous-declared,unanimous Pass,rule:ph-openclose,high,2269
planning_commission,planning_commission/minutes/2024/2024-01-01/2024-01-03_planning-commission-meeting.md,8,2024-01-03,PlanningCommission,Procedural/Administrative,Procedural-Administrative,,procedural,pass,6,1,,roll-call,6:1 Pass,crosswalk,high,2270
planning_commission,planning_commission/minutes/2024/2024-01-01/2024-01-03_planning-commission-meeting.md,9,2024-01-03,PlanningCommission,Procedural/Administrative,Public-Hearing,,procedural,pass,,,,unanimous-declared,unanimous Pass,rule:ph-openclose,high,2271
planning_commission,planning_commission/minutes/2024/2024-02-05/2024-02-07_planning-commission-meeting.md,1,2024-02-07,PlanningCommission,Procedural/Administrative,Procedural-Administrative,,procedural,pass,,,,unanimous-declared,unanimous Pass,crosswalk,high,2272
planning_commission,planning_commission/minutes/2024/2024-02-05/2024-02-07_planning-commission-meeting.md,2,2024-02-07,PlanningCommission,Procedural/Administrative,Procedural-Administrative,,procedural,pass,,,,unanimous-declared,unanimous Pass,crosswalk,high,2273
planning_commission,planning_commission/minutes/2024/2024-02-05/2024-02-07_planning-commission-meeting.md,3,2024-02-07,PlanningCommission,Procedural/Administrative,Public-Hearing,,procedural,pass,,,,unanimous-declared,unanimous Pass,rule:ph-openclose,high,2274
planning_commission,planning_commission/minutes/2024/2024-02-05/2024-02-07_planning-commission-meeting.md,4,2024-02-07,PlanningCommission,Rezone,Land-Use,Rezone,recommendation,pass,8,0,,roll-call,Negative recommendation 8:0,crosswalk,high,2275
planning_commission,planning_commission/minutes/2024/2024-02-05/2024-02-07_planning-commission-meeting.md,5,2024-02-07,PlanningCommission,Procedural/Administrative,Public-Hearing,,procedural,pass,,,,unanimous-declared,unanimous Pass,rule:ph-openclose,high,2276
planning_commission,planning_commission/minutes/2024/2024-02-05/2024-02-07_planning-commission-meeting.md,6,2024-02-07,PlanningCommission,Zoning Text/General Plan Amendment,Land-Use,Other-Land-Use,recommendation,pass,8,0,,roll-call,Positive recommendation 8:0,crosswalk,high,2277
planning_commission,planning_commission/minutes/2024/2024-03-04/2024-03-06_planning-commission-meeting.md,1,2024-03-06,PlanningCommission,Conditional Use Permit,Land-Use,Conditional-Use,final-action,pass,7,0,,roll-call,7:0 Approved (Final Action),crosswalk,high,2278
planning_commission,planning_commission/minutes/2024/2024-03-04/2024-03-06_planning-commission-meeting.md,2,2024-03-06,PlanningCommission,Procedural/Administrative,Procedural-Administrative,,procedural,pass,,,,unanimous-declared,unanimous Pass,crosswalk,high,2279
planning_commission,planning_commission/minutes/2024/2024-03-04/2024-03-06_planning-commission-meeting.md,3,2024-03-06,PlanningCommission,Conditional Use Permit,Land-Use,Conditional-Use,final-action,pass,5,2,,roll-call,5:2 Approved (Final Action),crosswalk,high,2280
planning_commission,planning_commission/minutes/2024/2024-03-04/2024-03-06_planning-commission-meeting.md,4,2024-03-06,PlanningCommission,Subdivision/Plat,Land-Use,Subdivision-Plat,recommendation,pass,7,0,,roll-call,Positive recommendation 7:0,crosswalk,high,2281
planning_commission,planning_commission/minutes/2024/2024-03-04/2024-03-06_planning-commission-meeting.md,5,2024-03-06,PlanningCommission,Conditional Use Permit,Land-Use,Conditional-Use,final-action,pass,6,1,,roll-call,6:1 Approved (Final Action),crosswalk,high,2282
planning_commission,planning_commission/minutes/2024/2024-03-04/2024-03-06_planning-commission-meeting.md,6,2024-03-06,PlanningCommission,Procedural/Administrative,Public-Hearing,,procedural,pass,,,,unanimous-declared,unanimous Pass,rule:ph-openclose,high,2283
planning_commission,planning_commission/minutes/2024/2024-03-04/2024-03-06_planning-commission-meeting.md,7,2024-03-06,PlanningCommission,Rezone,Land-Use,Rezone,recommendation,pass,7,0,,roll-call,Positive recommendation 7:0,crosswalk,high,2284
planning_commission,planning_commission/minutes/2024/2024-03-04/2024-03-06_planning-commission-meeting.md,8,2024-03-06,PlanningCommission,Procedural/Administrative,Public-Hearing,,procedural,pass,7,0,,roll-call,7:0 Pass,rule:ph-openclose,high,2285
planning_commission,planning_commission/minutes/2024/2024-04-01/2024-04-03_planning-commission-meeting.md,1,2024-04-03,PlanningCommission,Procedural/Administrative,Procedural-Administrative,,procedural,pass,,,,unanimous-declared,unanimous Pass,crosswalk,high,2286
planning_commission,planning_commission/minutes/2024/2024-04-01/2024-04-03_planning-commission-meeting.md,2,2024-04-03,PlanningCommission,Zoning Text/General Plan Amendment,Land-Use,General-Plan-Amendment,recommendation,pass,8,0,,roll-call,Positive recommendation 8:0,rule:lu-gpa,high,2287
planning_commission,planning_commission/minutes/2024/2024-04-01/2024-04-03_planning-commission-meeting.md,3,2024-04-03,PlanningCommission,Subdivision/Plat,Land-Use,Subdivision-Plat,recommendation,pass,8,0,,roll-call,Positive recommendation 8:0,crosswalk,high,2288
planning_commission,planning_commission/minutes/2024/2024-04-01/2024-04-03_planning-commission-meeting.md,4,2024-04-03,PlanningCommission,Procedural/Administrative,Procedural-Administrative,,procedural,pass,8,0,,roll-call,8:0 Pass,crosswalk,high,2289
planning_commission,planning_commission/minutes/2024/2024-04-01/2024-04-03_planning-commission-meeting.md,5,2024-04-03,PlanningCommission,Procedural/Administrative,Public-Hearing,,procedural,pass,,,,unanimous-declared,unanimous Pass,rule:ph-openclose,high,2290
planning_commission,planning_commission/minutes/2024/2024-04-01/2024-04-03_planning-commission-meeting.md,6,2024-04-03,PlanningCommission,Zoning Text/General Plan Amendment,Land-Use,Text-Amendment,recommendation,pass,8,0,,roll-call,Positive recommendation 8:0,rule:lu-textamend,high,2291
planning_commission,planning_commission/minutes/2024/2024-04-29/2024-05-01_planning-commission-meeting.md,1,2024-05-01,PlanningCommission,Other,Other,,final-action,pass,,,,unanimous-declared,unanimous Approved (Final Action),rule:no-signal,low,2292
planning_commission,planning_commission/minutes/2024/2024-04-29/2024-05-01_planning-commission-meeting.md,2,2024-05-01,PlanningCommission,Other,Other,,recommendation,pass,,,,unanimous-declared,Positive recommendation unanimous,rule:no-signal,low,2293
planning_commission,planning_commission/minutes/2024/2024-04-29/2024-05-01_planning-commission-meeting.md,3,2024-05-01,PlanningCommission,Procedural/Administrative,Procedural-Administrative,,procedural,pass,,,,unanimous-declared,unanimous Pass,crosswalk,high,2294
planning_commission,planning_commission/minutes/2024/2024-04-29/2024-05-01_planning-commission-meeting.md,4,2024-05-01,PlanningCommission,Procedural/Administrative,Procedural-Administrative,,procedural,pass,7,2,,roll-call,7:2 Pass,crosswalk,high,2295
planning_commission,planning_commission/minutes/2024/2024-04-29/2024-05-01_planning-commission-meeting.md,5,2024-05-01,PlanningCommission,Other,Other,,final-action,pass,9,0,,roll-call,9:0 Approved (Final Action),rule:no-signal,low,2296
planning_commission,planning_commission/minutes/2024/2024-04-29/2024-05-01_planning-commission-meeting.md,6,2024-05-01,PlanningCommission,Procedural/Administrative,Public-Hearing,,procedural,pass,,,,unknown,recorded Pass,rule:ph-openclose,high,2297
planning_commission,planning_commission/minutes/2024/2024-04-29/2024-05-01_planning-commission-meeting.md,7,2024-05-01,PlanningCommission,Rezone,Land-Use,Rezone,recommendation,pass,9,0,,roll-call,Positive recommendation 9:0,crosswalk,high,2298
planning_commission,planning_commission/minutes/2024/2024-04-29/2024-05-01_planning-commission-meeting.md,8,2024-05-01,PlanningCommission,Procedural/Administrative,Procedural-Administrative,,procedural,pass,,,,unanimous-declared,unanimous Pass,crosswalk,high,2299
planning_commission,planning_commission/minutes/2024/2024-06-03/2024-06-05_planning-commission-meeting.md,1,2024-06-05,PlanningCommission,Procedural/Administrative,Procedural-Administrative,,procedural,pass,,,,unanimous-declared,unanimous Pass,crosswalk,high,2300
planning_commission,planning_commission/minutes/2024/2024-06-03/2024-06-05_planning-commission-meeting.md,2,2024-06-05,PlanningCommission,Procedural/Administrative,Procedural-Administrative,,procedural,pass,,,,unknown,recorded Pass,crosswalk,high,2301
planning_commission,planning_commission/minutes/2024/2024-06-03/2024-06-05_planning-commission-meeting.md,3,2024-06-05,PlanningCommission,Other,Other,,final-action,pass,,,,unknown,recorded Approved (Final Action),rule:no-signal,low,2302
planning_commission,planning_commission/minutes/2024/2024-06-03/2024-06-05_planning-commission-meeting.md,4,2024-06-05,PlanningCommission,Procedural/Administrative,Public-Hearing,,procedural,pass,,,,unknown,recorded Pass,rule:ph-openclose,high,2303
planning_commission,planning_commission/minutes/2024/2024-06-03/2024-06-05_planning-commission-meeting.md,5,2024-06-05,PlanningCommission,Procedural/Administrative,Procedural-Administrative,,procedural,pass,,,,unknown,recorded Pass,crosswalk,medium,2304
planning_commission,planning_commission/minutes/2024/2024-06-03/2024-06-05_planning-commission-meeting.md,6,2024-06-05,PlanningCommission,Procedural/Administrative,Procedural-Administrative,,procedural,pass,,,,unknown,recorded Pass,crosswalk,high,2305
planning_commission,planning_commission/minutes/2024/2024-06-03/2024-06-05_planning-commission-meeting.md,7,2024-06-05,PlanningCommission,Conditional Use Permit,Land-Use,Conditional-Use,final-action,pass,9,0,,roll-call,9:0 Approved (Final Action),crosswalk,high,2306
planning_commission,planning_commission/minutes/2024/2024-06-03/2024-06-05_planning-commission-meeting.md,8,2024-06-05,PlanningCommission,Other,Land-Use,Other-Land-Use,final-action,pass,7,2,,roll-call,7:2 Approved (Final Action),rule:lu-generic,medium,2307
planning_commission,planning_commission/minutes/2024/2024-06-03/2024-06-05_planning-commission-meeting.md,9,2024-06-05,PlanningCommission,Other,Other,,final-action,pass,,,,unanimous-declared,unanimous Approved (Final Action),rule:no-signal,low,2308
planning_commission,planning_commission/minutes/2024/2024-06-03/2024-06-05_planning-commission-meeting.md,10,2024-06-05,PlanningCommission,Procedural/Administrative,Procedural-Administrative,,procedural,pass,,,,unanimous-declared,unanimous Pass,crosswalk,high,2309
planning_commission,planning_commission/minutes/2024/2024-06-17/2024-06-19_planning-commission-meeting.md,1,2024-06-19,PlanningCommission,Procedural/Administrative,Procedural-Administrative,,procedural,pass,,,,unanimous-declared,unanimous Pass,crosswalk,high,2310
planning_commission,planning_commission/minutes/2024/2024-07-01/2024-07-03_planning-commission-meeting.md,1,2024-07-03,PlanningCommission,Procedural/Administrative,Procedural-Administrative,,procedural,pass,,,,unanimous-declared,unanimous Pass,crosswalk,high,2311
planning_commission,planning_commission/minutes/2024/2024-07-01/2024-07-03_planning-commission-meeting.md,2,2024-07-03,PlanningCommission,Procedural/Administrative,Procedural-Administrative,,procedural,pass,,,,unknown,recorded Pass,crosswalk,high,2312
planning_commission,planning_commission/minutes/2024/2024-07-01/2024-07-03_planning-commission-meeting.md,3,2024-07-03,PlanningCommission,Procedural/Administrative,Public-Hearing,,procedural,pass,,,,unknown,recorded Pass,rule:ph-openclose,high,2313
planning_commission,planning_commission/minutes/2024/2024-07-01/2024-07-03_planning-commission-meeting.md,4,2024-07-03,PlanningCommission,Rezone,Land-Use,Rezone,recommendation,pass,,,,unanimous-declared,Positive recommendation unanimous,crosswalk,high,2314
planning_commission,planning_commission/minutes/2024/2024-07-01/2024-07-03_planning-commission-meeting.md,5,2024-07-03,PlanningCommission,Procedural/Administrative,Procedural-Administrative,,procedural,pass,,,,unknown,recorded Pass,crosswalk,high,2315
planning_commission,planning_commission/minutes/2024/2024-07-01/2024-07-03_planning-commission-meeting.md,6,2024-07-03,PlanningCommission,Other,Other,,final-action,pass,,,,unanimous-declared,unanimous Approved (Final Action),rule:no-signal,low,2316
planning_commission,planning_commission/minutes/2024/2024-07-01/2024-07-03_planning-commission-meeting.md,7,2024-07-03,PlanningCommission,Subdivision/Plat,Land-Use,Subdivision-Plat,recommendation,pass,,,,unanimous-declared,Positive recommendation unanimous,crosswalk,high,2317
planning_commission,planning_commission/minutes/2024/2024-07-01/2024-07-03_planning-commission-meeting.md,8,2024-07-03,PlanningCommission,Subdivision/Plat,Land-Use,Subdivision-Plat,recommendation,pass,,,,unanimous-declared,Positive recommendation unanimous,crosswalk,high,2318
planning_commission,planning_commission/minutes/2024/2024-07-01/2024-07-03_planning-commission-meeting.md,9,2024-07-03,PlanningCommission,Other,Land-Use,Other-Land-Use,final-action,pass,,,,unanimous-declared,unanimous Approved (Final Action),rule:lu-generic,medium,2319
planning_commission,planning_commission/minutes/2024/2024-07-01/2024-07-03_planning-commission-meeting.md,10,2024-07-03,PlanningCommission,Other,Other,,final-action,pass,,,,unanimous-declared,unanimous Approved (Final Action),rule:no-signal,low,2320
planning_commission,planning_commission/minutes/2024/2024-07-01/2024-07-03_planning-commission-meeting.md,11,2024-07-03,PlanningCommission,Other,Other,,final-action,pass,,,,unanimous-declared,unanimous Approved (Final Action),rule:no-signal,low,2321
planning_commission,planning_commission/minutes/2024/2024-07-01/2024-07-03_planning-commission-meeting.md,12,2024-07-03,PlanningCommission,Procedural/Administrative,Public-Hearing,,procedural,pass,,,,unanimous-declared,unanimous Pass,rule:ph-openclose,high,2322
planning_commission,planning_commission/minutes/2024/2024-07-01/2024-07-03_planning-commission-meeting.md,13,2024-07-03,PlanningCommission,Rezone,Land-Use,Rezone,recommendation,pass,,,,unanimous-declared,Positive recommendation unanimous,crosswalk,high,2323
planning_commission,planning_commission/minutes/2024/2024-07-01/2024-07-03_planning-commission-meeting.md,14,2024-07-03,PlanningCommission,Procedural/Administrative,Public-Hearing,,procedural,pass,,,,unknown,recorded Pass,rule:ph-openclose,high,2324
planning_commission,planning_commission/minutes/2024/2024-07-01/2024-07-03_planning-commission-meeting.md,15,2024-07-03,PlanningCommission,Procedural/Administrative,Procedural-Administrative,,procedural,pass,5,1,,roll-call,5:1 Pass,crosswalk,high,2325
planning_commission,planning_commission/minutes/2024/2024-07-01/2024-07-03_planning-commission-meeting.md,16,2024-07-03,PlanningCommission,Procedural/Administrative,Procedural-Administrative,,procedural,pass,,,,unanimous-declared,unanimous Pass,crosswalk,high,2326
planning_commission,planning_commission/minutes/2024/2024-07-15/2024-07-17_planning-commission-meeting.md,1,2024-07-17,PlanningCommission,Procedural/Administrative,Procedural-Administrative,,procedural,pass,,,,unanimous-declared,unanimous Pass,crosswalk,high,2327
planning_commission,planning_commission/minutes/2024/2024-08-05/2024-08-07_planning-commission-meeting.md,1,2024-08-07,PlanningCommission,Other,Other,,final-action,pass,,,,unanimous-declared,unanimous Approved (Final Action),rule:no-signal,low,2328
planning_commission,planning_commission/minutes/2024/2024-08-05/2024-08-07_planning-commission-meeting.md,2,2024-08-07,PlanningCommission,Conditional Use Permit,Land-Use,Conditional-Use,final-action,pass,,,,unknown,recorded Approved (Final Action),crosswalk,high,2329
planning_commission,planning_commission/minutes/2024/2024-08-05/2024-08-07_planning-commission-meeting.md,3,2024-08-07,PlanningCommission,Other,Land-Use,Other-Land-Use,final-action,pass,4,1,,roll-call,4:1 Approved (Final Action),rule:lu-generic,medium,2330
planning_commission,planning_commission/minutes/2024/2024-08-05/2024-08-07_planning-commission-meeting.md,4,2024-08-07,PlanningCommission,Procedural/Administrative,Procedural-Administrative,,procedural,pass,5,1,,roll-call,5:1 Pass,crosswalk,medium,2331
planning_commission,planning_commission/minutes/2024/2024-08-05/2024-08-07_planning-commission-meeting.md,5,2024-08-07,PlanningCommission,Other,Land-Use,Other-Land-Use,final-action,pass,4,2,,roll-call,4:2 Approved (Final Action),rule:lu-generic,medium,2332
planning_commission,planning_commission/minutes/2024/2024-08-05/2024-08-07_planning-commission-meeting.md,6,2024-08-07,PlanningCommission,Zoning Text/General Plan Amendment,Land-Use,Other-Land-Use,recommendation,pass,,,,unanimous-declared,Positive recommendation unanimous,crosswalk,high,2333
planning_commission,planning_commission/minutes/2024/2024-08-05/2024-08-07_planning-commission-meeting.md,7,2024-08-07,PlanningCommission,Procedural/Administrative,Appointment,,final-action,pass,,,,unanimous-declared,unanimous Pass,rule:officer-elect,high,2334
planning_commission,planning_commission/minutes/2024/2024-08-05/2024-08-07_planning-commission-meeting.md,8,2024-08-07,PlanningCommission,Procedural/Administrative,Appointment,,final-action,pass,,,,unanimous-declared,unanimous Pass,rule:officer-elect,high,2335
planning_commission,planning_commission/minutes/2024/2024-08-05/2024-08-07_planning-commission-meeting.md,9,2024-08-07,PlanningCommission,Procedural/Administrative,Procedural-Administrative,,procedural,pass,,,,unanimous-declared,unanimous Pass,crosswalk,high,2336
planning_commission,planning_commission/minutes/2024/2024-09-02/2024-09-04_planning-commission-meeting.md,1,2024-09-04,PlanningCommission,Procedural/Administrative,Procedural-Administrative,,procedural,pass,,,,unanimous-declared,unanimous Pass,crosswalk,high,2337
planning_commission,planning_commission/minutes/2024/2024-09-02/2024-09-04_planning-commission-meeting.md,2,2024-09-04,PlanningCommission,Procedural/Administrative,Procedural-Administrative,,procedural,pass,,,,unanimous-declared,unanimous Pass,crosswalk,high,2338
planning_commission,planning_commission/minutes/2024/2024-09-02/2024-09-04_planning-commission-meeting.md,3,2024-09-04,PlanningCommission,Procedural/Administrative,Public-Hearing,,procedural,pass,,,,unanimous-declared,unanimous Pass,rule:ph-openclose,high,2339
planning_commission,planning_commission/minutes/2024/2024-09-02/2024-09-04_planning-commission-meeting.md,4,2024-09-04,PlanningCommission,Rezone,Land-Use,Rezone,recommendation,pass,8,0,,roll-call,Positive recommendation 8:0,crosswalk,high,2340
planning_commission,planning_commission/minutes/2024/2024-09-02/2024-09-04_planning-commission-meeting.md,5,2024-09-04,PlanningCommission,Procedural/Administrative,Public-Hearing,,procedural,pass,,,,unknown,recorded Pass,rule:ph-openclose,high,2341
planning_commission,planning_commission/minutes/2024/2024-09-02/2024-09-04_planning-commission-meeting.md,6,2024-09-04,PlanningCommission,Rezone,Land-Use,Rezone,recommendation,pass,6,1,,roll-call,Positive recommendation 6:1,crosswalk,high,2342
planning_commission,planning_commission/minutes/2024/2024-09-02/2024-09-04_planning-commission-meeting.md,7,2024-09-04,PlanningCommission,Other,Other,,final-action,pass,8,0,,roll-call,8:0 Approved (Final Action),rule:no-signal,low,2343
planning_commission,planning_commission/minutes/2024/2024-09-02/2024-09-04_planning-commission-meeting.md,8,2024-09-04,PlanningCommission,Other,Other,,final-action,pass,8,0,,roll-call,8:0 Approved (Final Action),rule:no-signal,low,2344
planning_commission,planning_commission/minutes/2024/2024-09-02/2024-09-04_planning-commission-meeting.md,9,2024-09-04,PlanningCommission,Procedural/Administrative,Procedural-Administrative,,procedural,pass,,,,unknown,recorded Pass,crosswalk,high,2345
planning_commission,planning_commission/minutes/2024/2024-09-30/2024-10-02_planning-commission-meeting.md,1,2024-10-02,PlanningCommission,Procedural/Administrative,Procedural-Administrative,,procedural,pass,,,,unanimous-declared,unanimous Pass,crosswalk,high,2346
planning_commission,planning_commission/minutes/2024/2024-09-30/2024-10-02_planning-commission-meeting.md,2,2024-10-02,PlanningCommission,Procedural/Administrative,Procedural-Administrative,,procedural,pass,,,,unanimous-declared,unanimous Pass,crosswalk,high,2347
planning_commission,planning_commission/minutes/2024/2024-09-30/2024-10-02_planning-commission-meeting.md,3,2024-10-02,PlanningCommission,Other,Other,,final-action,pass,9,0,,roll-call,9:0 Approved (Final Action),rule:no-signal,low,2348
planning_commission,planning_commission/minutes/2024/2024-09-30/2024-10-02_planning-commission-meeting.md,4,2024-10-02,PlanningCommission,Other,Other,,final-action,pass,9,0,,roll-call,9:0 Approved (Final Action),rule:no-signal,low,2349
planning_commission,planning_commission/minutes/2024/2024-09-30/2024-10-02_planning-commission-meeting.md,5,2024-10-02,PlanningCommission,Procedural/Administrative,Procedural-Administrative,,procedural,pass,,,,unanimous-declared,unanimous Pass,crosswalk,high,2350
planning_commission,planning_commission/minutes/2024/2024-10-14/2024-10-16_planning-commission-meeting.md,1,2024-10-16,PlanningCommission,Procedural/Administrative,Procedural-Administrative,,procedural,pass,,,,unanimous-declared,unanimous Pass,crosswalk,high,2351
planning_commission,planning_commission/minutes/2024/2024-11-04/2024-11-06_planning-commission-meeting.md,1,2024-11-06,PlanningCommission,Procedural/Administrative,Procedural-Administrative,,procedural,pass,,,,unanimous-declared,unanimous Pass,crosswalk,high,2352
planning_commission,planning_commission/minutes/2024/2024-11-04/2024-11-06_planning-commission-meeting.md,2,2024-11-06,PlanningCommission,Procedural/Administrative,Procedural-Administrative,,procedural,pass,,,,unknown,recorded Pass,crosswalk,high,2353
planning_commission,planning_commission/minutes/2024/2024-11-04/2024-11-06_planning-commission-meeting.md,3,2024-11-06,PlanningCommission,Rezone,Land-Use,Rezone,recommendation,pass,8,0,,roll-call,Positive recommendation 8:0,crosswalk,high,2354
planning_commission,planning_commission/minutes/2024/2024-11-04/2024-11-06_planning-commission-meeting.md,4,2024-11-06,PlanningCommission,Rezone,Land-Use,Rezone,recommendation,pass,,,,unknown,Positive recommendation recorded,crosswalk,high,2355
planning_commission,planning_commission/minutes/2024/2024-11-04/2024-11-06_planning-commission-meeting.md,5,2024-11-06,PlanningCommission,Rezone,Land-Use,Rezone,recommendation,pass,8,0,,roll-call,Positive recommendation 8:0,crosswalk,high,2356
planning_commission,planning_commission/minutes/2024/2024-11-04/2024-11-06_planning-commission-meeting.md,6,2024-11-06,PlanningCommission,Conditional Use Permit,Land-Use,Conditional-Use,final-action,pass,6,0,,roll-call,6:0 Approved (Final Action),crosswalk,high,2357
planning_commission,planning_commission/minutes/2024/2024-11-04/2024-11-06_planning-commission-meeting.md,7,2024-11-06,PlanningCommission,Other,Other,,final-action,pass,8,0,,roll-call,8:0 Approved (Final Action),rule:no-signal,low,2358
planning_commission,planning_commission/minutes/2024/2024-11-04/2024-11-06_planning-commission-meeting.md,8,2024-11-06,PlanningCommission,Subdivision/Plat,Land-Use,Subdivision-Plat,recommendation,pass,8,0,,roll-call,Positive recommendation 8:0,crosswalk,high,2359
planning_commission,planning_commission/minutes/2024/2024-11-04/2024-11-06_planning-commission-meeting.md,9,2024-11-06,PlanningCommission,Zoning Text/General Plan Amendment,Land-Use,Other-Land-Use,recommendation,pass,5,4,,roll-call,Positive recommendation 5:4,crosswalk,medium,2360
planning_commission,planning_commission/minutes/2024/2024-11-04/2024-11-06_planning-commission-meeting.md,10,2024-11-06,PlanningCommission,Other,Other,,final-action,pass,8,0,,roll-call,8:0 Approved (Final Action),rule:no-signal,low,2361
planning_commission,planning_commission/minutes/2024/2024-11-04/2024-11-06_planning-commission-meeting.md,11,2024-11-06,PlanningCommission,Procedural/Administrative,Procedural-Administrative,,procedural,pass,,,,unanimous-declared,unanimous Pass,crosswalk,high,2362
planning_commission,planning_commission/minutes/2024/2024-12-02/2024-12-04_planning-commission-meeting.md,1,2024-12-04,PlanningCommission,Procedural/Administrative,Procedural-Administrative,,procedural,pass,,,,unanimous-declared,unanimous Pass,crosswalk,high,2363
planning_commission,planning_commission/minutes/2024/2024-12-02/2024-12-04_planning-commission-meeting.md,2,2024-12-04,PlanningCommission,Procedural/Administrative,Procedural-Administrative,,procedural,pass,,,,unknown,recorded Pass,crosswalk,high,2364
planning_commission,planning_commission/minutes/2024/2024-12-02/2024-12-04_planning-commission-meeting.md,3,2024-12-04,PlanningCommission,Other,Other,,final-action,pass,,,,unknown,recorded Approved (Final Action),rule:no-signal,low,2365
planning_commission,planning_commission/minutes/2024/2024-12-02/2024-12-04_planning-commission-meeting.md,4,2024-12-04,PlanningCommission,Other,Other,,final-action,pass,9,0,,roll-call,9:0 Approved (Final Action),rule:no-signal,low,2366
planning_commission,planning_commission/minutes/2024/2024-12-02/2024-12-04_planning-commission-meeting.md,5,2024-12-04,PlanningCommission,Other,Other,,final-action,pass,9,0,,roll-call,9:0 Approved (Final Action),rule:no-signal,low,2367
planning_commission,planning_commission/minutes/2024/2024-12-02/2024-12-04_planning-commission-meeting.md,6,2024-12-04,PlanningCommission,Site Plan,Land-Use,Site-Plan-Design-Review,final-action,pass,9,0,,roll-call,9:0 Approved (Final Action),crosswalk,high,2368
planning_commission,planning_commission/minutes/2024/2024-12-02/2024-12-04_planning-commission-meeting.md,7,2024-12-04,PlanningCommission,Procedural/Administrative,Procedural-Administrative,,procedural,pass,,,,unknown,recorded Pass,crosswalk,high,2369
planning_commission,planning_commission/minutes/2025/2025-01-06/2025-01-08_planning-commission-meeting.md,1,2025-01-08,PlanningCommission,Procedural/Administrative,Procedural-Administrative,,procedural,pass,,,,unanimous-declared,unanimous Pass,crosswalk,high,2370
planning_commission,planning_commission/minutes/2025/2025-01-06/2025-01-08_planning-commission-meeting.md,2,2025-01-08,PlanningCommission,Other,Other,,final-action,pass,8,1,,roll-call,8:1 Approved (Final Action),rule:no-signal,low,2371
planning_commission,planning_commission/minutes/2025/2025-01-06/2025-01-08_planning-commission-meeting.md,3,2025-01-08,PlanningCommission,Subdivision/Plat,Land-Use,Subdivision-Plat,recommendation,pass,9,0,,roll-call,Positive recommendation 9:0,crosswalk,high,2372
planning_commission,planning_commission/minutes/2025/2025-01-06/2025-01-08_planning-commission-meeting.md,4,2025-01-08,PlanningCommission,Subdivision/Plat,Land-Use,Subdivision-Plat,recommendation,pass,9,0,,roll-call,Positive recommendation 9:0,crosswalk,high,2373
planning_commission,planning_commission/minutes/2025/2025-01-06/2025-01-08_planning-commission-meeting.md,5,2025-01-08,PlanningCommission,Procedural/Administrative,Procedural-Administrative,,procedural,pass,,,,unanimous-declared,unanimous Pass,crosswalk,high,2374
planning_commission,planning_commission/minutes/2025/2025-01-13/2025-01-15_planning-commission-meeting.md,1,2025-01-15,PlanningCommission,Procedural/Administrative,Procedural-Administrative,,procedural,pass,,,,unanimous-declared,unanimous Pass,crosswalk,high,2375
planning_commission,planning_commission/minutes/2025/2025-01-13/2025-01-15_planning-commission-meeting.md,2,2025-01-15,PlanningCommission,Procedural/Administrative,Procedural-Administrative,,procedural,pass,,,,unanimous-declared,unanimous Pass,crosswalk,high,2376
planning_commission,planning_commission/minutes/2025/2025-02-03/2025-02-05_planning-commission-meeting.md,1,2025-02-05,PlanningCommission,Procedural/Administrative,Procedural-Administrative,,procedural,pass,,,,unanimous-declared,unanimous Pass,crosswalk,high,2377
planning_commission,planning_commission/minutes/2025/2025-02-03/2025-02-05_planning-commission-meeting.md,2,2025-02-05,PlanningCommission,Procedural/Administrative,Procedural-Administrative,,procedural,pass,,,,unanimous-declared,unanimous Pass,crosswalk,high,2378
planning_commission,planning_commission/minutes/2025/2025-02-03/2025-02-05_planning-commission-meeting.md,3,2025-02-05,PlanningCommission,Site Plan,Land-Use,Site-Plan-Design-Review,final-action,pass,7,1,,roll-call,7:1 Approved (Final Action),crosswalk,high,2379
planning_commission,planning_commission/minutes/2025/2025-02-03/2025-02-05_planning-commission-meeting.md,4,2025-02-05,PlanningCommission,Other,Other,,final-action,pass,7,1,,roll-call,7:1 Approved (Final Action),rule:no-signal,low,2380
planning_commission,planning_commission/minutes/2025/2025-02-03/2025-02-05_planning-commission-meeting.md,5,2025-02-05,PlanningCommission,Other,Other,,final-action,pass,8,0,,roll-call,8:0 Approved (Final Action),rule:no-signal,low,2381
planning_commission,planning_commission/minutes/2025/2025-02-03/2025-02-05_planning-commission-meeting.md,6,2025-02-05,PlanningCommission,Subdivision/Plat,Land-Use,Subdivision-Plat,recommendation,pass,8,0,,roll-call,Positive recommendation 8:0,crosswalk,high,2382
planning_commission,planning_commission/minutes/2025/2025-02-03/2025-02-05_planning-commission-meeting.md,7,2025-02-05,PlanningCommission,Street/Alley Vacation,Land-Use,Vacation,recommendation,pass,8,0,,roll-call,Positive recommendation 8:0,crosswalk,high,2383
planning_commission,planning_commission/minutes/2025/2025-02-03/2025-02-05_planning-commission-meeting.md,8,2025-02-05,PlanningCommission,Procedural/Administrative,Public-Hearing,,procedural,pass,,,,unknown,recorded Pass,rule:ph-openclose,high,2384
planning_commission,planning_commission/minutes/2025/2025-02-03/2025-02-05_planning-commission-meeting.md,9,2025-02-05,PlanningCommission,Rezone,Land-Use,Rezone,recommendation,pass,8,0,,roll-call,Positive recommendation 8:0,crosswalk,high,2385
planning_commission,planning_commission/minutes/2025/2025-02-03/2025-02-05_planning-commission-meeting.md,10,2025-02-05,PlanningCommission,Procedural/Administrative,Public-Hearing,,procedural,pass,,,,unknown,recorded Pass,rule:ph-openclose,high,2386
planning_commission,planning_commission/minutes/2025/2025-02-03/2025-02-05_planning-commission-meeting.md,11,2025-02-05,PlanningCommission,Procedural/Administrative,Land-Use,Rezone,procedural,pass,8,0,,roll-call,8:0 Pass,rule:lu-rezone,high,2387
planning_commission,planning_commission/minutes/2025/2025-02-03/2025-02-05_planning-commission-meeting.md,12,2025-02-05,PlanningCommission,Procedural/Administrative,Procedural-Administrative,,procedural,pass,,,,unknown,recorded Pass,crosswalk,high,2388
planning_commission,planning_commission/minutes/2025/2025-02-17/2025-02-19_planning-commission-meeting.md,1,2025-02-19,PlanningCommission,Rezone,Land-Use,Rezone,recommendation,pass,,,,unknown,Positive recommendation recorded,crosswalk,high,2389
planning_commission,planning_commission/minutes/2025/2025-02-17/2025-02-19_planning-commission-meeting.md,2,2025-02-19,PlanningCommission,Procedural/Administrative,Procedural-Administrative,,procedural,pass,,,,unanimous-declared,unanimous Pass,crosswalk,high,2390
planning_commission,planning_commission/minutes/2025/2025-03-03/2025-03-05_planning-commission-meeting.md,1,2025-03-05,PlanningCommission,Procedural/Administrative,Procedural-Administrative,,procedural,pass,,,,unanimous-declared,unanimous Pass,crosswalk,high,2391
planning_commission,planning_commission/minutes/2025/2025-03-03/2025-03-05_planning-commission-meeting.md,2,2025-03-05,PlanningCommission,Procedural/Administrative,Procedural-Administrative,,procedural,pass,,,,unanimous-declared,unanimous Pass,crosswalk,high,2392
planning_commission,planning_commission/minutes/2025/2025-03-03/2025-03-05_planning-commission-meeting.md,3,2025-03-05,PlanningCommission,Other,Other,,final-action,pass,8,0,,roll-call,8:0 Approved (Final Action),rule:no-signal,low,2393
planning_commission,planning_commission/minutes/2025/2025-03-03/2025-03-05_planning-commission-meeting.md,4,2025-03-05,PlanningCommission,Conditional Use Permit,Land-Use,Conditional-Use,final-action,pass,,,,unanimous-declared,unanimous Approved (Final Action),crosswalk,high,2394
planning_commission,planning_commission/minutes/2025/2025-03-03/2025-03-05_planning-commission-meeting.md,5,2025-03-05,PlanningCommission,Conditional Use Permit,Land-Use,Conditional-Use,final-action,pass,8,0,,roll-call,8:0 Approved (Final Action),crosswalk,high,2395
planning_commission,planning_commission/minutes/2025/2025-03-03/2025-03-05_planning-commission-meeting.md,6,2025-03-05,PlanningCommission,Conditional Use Permit,Land-Use,Conditional-Use,final-action,pass,8,0,,roll-call,8:0 Approved (Final Action),crosswalk,high,2396
planning_commission,planning_commission/minutes/2025/2025-03-03/2025-03-05_planning-commission-meeting.md,7,2025-03-05,PlanningCommission,Other,Other,,final-action,pass,8,0,,roll-call,8:0 Approved (Final Action),rule:no-signal,low,2397
planning_commission,planning_commission/minutes/2025/2025-03-03/2025-03-05_planning-commission-meeting.md,8,2025-03-05,PlanningCommission,Subdivision/Plat,Land-Use,Subdivision-Plat,recommendation,pass,7,1,,roll-call,Positive recommendation 7:1,crosswalk,high,2398
planning_commission,planning_commission/minutes/2025/2025-03-03/2025-03-05_planning-commission-meeting.md,9,2025-03-05,PlanningCommission,Procedural/Administrative,Public-Hearing,,procedural,pass,,,,unknown,recorded Pass,rule:ph-openclose,high,2399
planning_commission,planning_commission/minutes/2025/2025-03-03/2025-03-05_planning-commission-meeting.md,10,2025-03-05,PlanningCommission,Zoning Text/General Plan Amendment,Land-Use,Other-Land-Use,recommendation,pass,8,0,,roll-call,Positive recommendation 8:0,crosswalk,high,2400
planning_commission,planning_commission/minutes/2025/2025-03-03/2025-03-05_planning-commission-meeting.md,11,2025-03-05,PlanningCommission,Procedural/Administrative,Procedural-Administrative,,procedural,pass,,,,unanimous-declared,unanimous Pass,crosswalk,high,2401
planning_commission,planning_commission/minutes/2025/2025-03-17/2025-03-19_planning-commission-meeting.md,1,2025-03-19,PlanningCommission,Procedural/Administrative,Procedural-Administrative,,procedural,pass,,,,unanimous-declared,unanimous Pass,crosswalk,high,2402
planning_commission,planning_commission/minutes/2025/2025-03-31/2025-04-02_planning-commission-meeting.md,1,2025-04-02,PlanningCommission,Procedural/Administrative,Procedural-Administrative,,procedural,pass,,,,unanimous-declared,unanimous Pass,crosswalk,high,2403
planning_commission,planning_commission/minutes/2025/2025-03-31/2025-04-02_planning-commission-meeting.md,2,2025-04-02,PlanningCommission,Procedural/Administrative,Procedural-Administrative,,procedural,pass,,,,unanimous-declared,unanimous Pass,crosswalk,high,2404
planning_commission,planning_commission/minutes/2025/2025-03-31/2025-04-02_planning-commission-meeting.md,3,2025-04-02,PlanningCommission,Conditional Use Permit,Land-Use,Conditional-Use,final-action,pass,6,2,,roll-call,6:2 Approved (Final Action),crosswalk,high,2405
planning_commission,planning_commission/minutes/2025/2025-03-31/2025-04-02_planning-commission-meeting.md,4,2025-04-02,PlanningCommission,Other,Other,,final-action,pass,8,0,,roll-call,8:0 Denied (Final Action),rule:no-signal,low,2406
planning_commission,planning_commission/minutes/2025/2025-03-31/2025-04-02_planning-commission-meeting.md,5,2025-04-02,PlanningCommission,Other,Other,,final-action,pass,8,0,,roll-call,8:0 Approved (Final Action),rule:no-signal,low,2407
planning_commission,planning_commission/minutes/2025/2025-03-31/2025-04-02_planning-commission-meeting.md,6,2025-04-02,PlanningCommission,Procedural/Administrative,Public-Hearing,,procedural,pass,,,,unknown,recorded Pass,rule:ph-openclose,high,2408
planning_commission,planning_commission/minutes/2025/2025-03-31/2025-04-02_planning-commission-meeting.md,7,2025-04-02,PlanningCommission,Rezone,Land-Use,Rezone,recommendation,pass,5,1,,roll-call,Positive recommendation 5:1,crosswalk,high,2409
planning_commission,planning_commission/minutes/2025/2025-03-31/2025-04-02_planning-commission-meeting.md,8,2025-04-02,PlanningCommission,Other,Other,,final-action,pass,8,0,,roll-call,8:0 Approved (Final Action),rule:no-signal,low,2410
planning_commission,planning_commission/minutes/2025/2025-03-31/2025-04-02_planning-commission-meeting.md,9,2025-04-02,PlanningCommission,Procedural/Administrative,Procedural-Administrative,,procedural,pass,,,,unknown,recorded Pass,crosswalk,high,2411
planning_commission,planning_commission/minutes/2025/2025-04-28/2025-04-30_planning-commission-meeting.md,1,2025-04-30,PlanningCommission,Procedural/Administrative,Procedural-Administrative,,procedural,pass,,,,unanimous-declared,unanimous Pass,crosswalk,high,2412
planning_commission,planning_commission/minutes/2025/2025-05-05/2025-05-07_planning-commission-meeting.md,1,2025-05-07,PlanningCommission,Procedural/Administrative,Procedural-Administrative,,procedural,pass,,,,unanimous-declared,unanimous Pass,crosswalk,high,2413
planning_commission,planning_commission/minutes/2025/2025-05-05/2025-05-07_planning-commission-meeting.md,2,2025-05-07,PlanningCommission,Procedural/Administrative,Procedural-Administrative,,procedural,pass,,,,unanimous-declared,unanimous Pass,crosswalk,high,2414
planning_commission,planning_commission/minutes/2025/2025-05-05/2025-05-07_planning-commission-meeting.md,3,2025-05-07,PlanningCommission,Conditional Use Permit,Land-Use,Conditional-Use,final-action,pass,7,0,,roll-call,7:0 Approved (Final Action),crosswalk,high,2415
planning_commission,planning_commission/minutes/2025/2025-05-05/2025-05-07_planning-commission-meeting.md,4,2025-05-07,PlanningCommission,Procedural/Administrative,Public-Hearing,,procedural,pass,,,,unknown,recorded Pass,rule:ph-openclose,high,2416
planning_commission,planning_commission/minutes/2025/2025-05-05/2025-05-07_planning-commission-meeting.md,5,2025-05-07,PlanningCommission,Rezone,Land-Use,Rezone,recommendation,pass,8,0,,roll-call,Positive recommendation 8:0,crosswalk,high,2417
planning_commission,planning_commission/minutes/2025/2025-05-05/2025-05-07_planning-commission-meeting.md,6,2025-05-07,PlanningCommission,Procedural/Administrative,Public-Hearing,,procedural,pass,,,,unknown,recorded Pass,rule:ph-openclose,high,2418
planning_commission,planning_commission/minutes/2025/2025-05-05/2025-05-07_planning-commission-meeting.md,7,2025-05-07,PlanningCommission,Rezone,Land-Use,Rezone,recommendation,pass,8,0,,roll-call,Positive recommendation 8:0,crosswalk,high,2419
planning_commission,planning_commission/minutes/2025/2025-05-05/2025-05-07_planning-commission-meeting.md,8,2025-05-07,PlanningCommission,Procedural/Administrative,Public-Hearing,,procedural,pass,,,,unknown,recorded Pass,rule:ph-openclose,high,2420
planning_commission,planning_commission/minutes/2025/2025-05-05/2025-05-07_planning-commission-meeting.md,9,2025-05-07,PlanningCommission,Procedural/Administrative,Procedural-Administrative,,procedural,pass,,,,unanimous-declared,unanimous Pass,crosswalk,high,2421
planning_commission,planning_commission/minutes/2025/2025-05-05/2025-05-07_planning-commission-meeting.md,10,2025-05-07,PlanningCommission,Procedural/Administrative,Public-Hearing,,procedural,pass,,,,unknown,recorded Pass,rule:ph-openclose,high,2422
planning_commission,planning_commission/minutes/2025/2025-05-05/2025-05-07_planning-commission-meeting.md,11,2025-05-07,PlanningCommission,Other,Other,,final-action,fail,4,4,,roll-call,4:4 Denied (Final Action),rule:no-signal,low,2423
planning_commission,planning_commission/minutes/2025/2025-05-05/2025-05-07_planning-commission-meeting.md,12,2025-05-07,PlanningCommission,Procedural/Administrative,Procedural-Administrative,,procedural,pass,,,,unknown,recorded Pass,crosswalk,high,2424
planning_commission,planning_commission/minutes/2025/2025-05-19/2025-05-21_planning-commission-meeting.md,1,2025-05-21,PlanningCommission,Procedural/Administrative,Procedural-Administrative,,procedural,pass,,,,unanimous-declared,unanimous Pass,crosswalk,high,2425
planning_commission,planning_commission/minutes/2025/2025-06-02/2025-06-04_planning-commission-meeting.md,1,2025-06-04,PlanningCommission,Procedural/Administrative,Procedural-Administrative,,procedural,pass,,,,unanimous-declared,unanimous Pass,crosswalk,high,2426
planning_commission,planning_commission/minutes/2025/2025-06-02/2025-06-04_planning-commission-meeting.md,2,2025-06-04,PlanningCommission,Procedural/Administrative,Procedural-Administrative,,procedural,pass,,,,unanimous-declared,unanimous Pass,crosswalk,high,2427
planning_commission,planning_commission/minutes/2025/2025-06-02/2025-06-04_planning-commission-meeting.md,3,2025-06-04,PlanningCommission,Other,Other,,final-action,pass,7,0,,roll-call,7:0 Approved (Final Action),rule:no-signal,low,2428
planning_commission,planning_commission/minutes/2025/2025-06-02/2025-06-04_planning-commission-meeting.md,4,2025-06-04,PlanningCommission,Subdivision/Plat,Land-Use,Subdivision-Plat,recommendation,pass,7,0,,roll-call,Positive recommendation 7:0,crosswalk,high,2429
planning_commission,planning_commission/minutes/2025/2025-06-02/2025-06-04_planning-commission-meeting.md,5,2025-06-04,PlanningCommission,Procedural/Administrative,Public-Hearing,,procedural,pass,,,,unknown,recorded Pass,rule:ph-openclose,high,2430
planning_commission,planning_commission/minutes/2025/2025-06-02/2025-06-04_planning-commission-meeting.md,6,2025-06-04,PlanningCommission,Rezone,Land-Use,Rezone,recommendation,pass,5,1,,roll-call,Positive recommendation 5:1,crosswalk,high,2431
planning_commission,planning_commission/minutes/2025/2025-06-02/2025-06-04_planning-commission-meeting.md,7,2025-06-04,PlanningCommission,Other,Other,,final-action,pass,7,0,,roll-call,7:0 Approved (Final Action),rule:no-signal,low,2432
planning_commission,planning_commission/minutes/2025/2025-06-02/2025-06-04_planning-commission-meeting.md,8,2025-06-04,PlanningCommission,Other,Other,,final-action,pass,7,0,,roll-call,7:0 Approved (Final Action),rule:no-signal,low,2433
planning_commission,planning_commission/minutes/2025/2025-06-02/2025-06-04_planning-commission-meeting.md,9,2025-06-04,PlanningCommission,Procedural/Administrative,Procedural-Administrative,,procedural,pass,,,,unknown,recorded Pass,crosswalk,high,2434
planning_commission,planning_commission/minutes/2025/2025-06-16/2025-06-18_planning-commission-meeting.md,1,2025-06-18,PlanningCommission,Procedural/Administrative,Procedural-Administrative,,procedural,pass,,,,unanimous-declared,unanimous Pass,crosswalk,high,2435
planning_commission,planning_commission/minutes/2025/2025-06-30/2025-07-02_planning-commission-meeting.md,1,2025-07-02,PlanningCommission,Procedural/Administrative,Procedural-Administrative,,procedural,pass,,,,unanimous-declared,unanimous Pass,crosswalk,high,2436
planning_commission,planning_commission/minutes/2025/2025-06-30/2025-07-02_planning-commission-meeting.md,2,2025-07-02,PlanningCommission,Procedural/Administrative,Procedural-Administrative,,procedural,pass,,,,unanimous-declared,unanimous Pass,crosswalk,high,2437
planning_commission,planning_commission/minutes/2025/2025-06-30/2025-07-02_planning-commission-meeting.md,3,2025-07-02,PlanningCommission,Other,Land-Use,Variance-Exception,final-action,pass,6,0,,roll-call,6:0 Approved (Final Action),rule:lu-variance,high,2438
planning_commission,planning_commission/minutes/2025/2025-06-30/2025-07-02_planning-commission-meeting.md,4,2025-07-02,PlanningCommission,Procedural/Administrative,Public-Hearing,,procedural,pass,,,,unknown,recorded Pass,rule:ph-openclose,high,2439
planning_commission,planning_commission/minutes/2025/2025-06-30/2025-07-02_planning-commission-meeting.md,5,2025-07-02,PlanningCommission,Rezone,Land-Use,Rezone,recommendation,pass,6,0,,roll-call,Positive recommendation 6:0,crosswalk,high,2440
planning_commission,planning_commission/minutes/2025/2025-06-30/2025-07-02_planning-commission-meeting.md,6,2025-07-02,PlanningCommission,Other,Other,,final-action,pass,6,0,,roll-call,6:0 Approved (Final Action),rule:no-signal,low,2441
planning_commission,planning_commission/minutes/2025/2025-06-30/2025-07-02_planning-commission-meeting.md,7,2025-07-02,PlanningCommission,Procedural/Administrative,Appointment,,final-action,pass,6,0,,roll-call,6:0 Pass,rule:officer-elect,high,2442
planning_commission,planning_commission/minutes/2025/2025-06-30/2025-07-02_planning-commission-meeting.md,8,2025-07-02,PlanningCommission,Procedural/Administrative,Appointment,,final-action,pass,6,0,,roll-call,6:0 Pass,rule:officer-elect,high,2443
planning_commission,planning_commission/minutes/2025/2025-06-30/2025-07-02_planning-commission-meeting.md,9,2025-07-02,PlanningCommission,Procedural/Administrative,Procedural-Administrative,,procedural,pass,,,,unknown,recorded Pass,crosswalk,high,2444
planning_commission,planning_commission/minutes/2025/2025-07-14/2025-07-16_planning-commission-meeting.md,1,2025-07-16,PlanningCommission,Procedural/Administrative,Procedural-Administrative,,procedural,pass,,,,unanimous-declared,unanimous Pass,crosswalk,high,2445
planning_commission,planning_commission/minutes/2025/2025-08-04/2025-08-06_planning-commission-meeting.md,1,2025-08-06,PlanningCommission,Procedural/Administrative,Procedural-Administrative,,procedural,pass,,,,unanimous-declared,unanimous Pass,crosswalk,high,2446
planning_commission,planning_commission/minutes/2025/2025-08-04/2025-08-06_planning-commission-meeting.md,2,2025-08-06,PlanningCommission,Other,Procedural-Administrative,,procedural,pass,,,,unanimous-declared,unanimous Approved (Final Action),rule:proc-agenda,high,2447
planning_commission,planning_commission/minutes/2025/2025-08-04/2025-08-06_planning-commission-meeting.md,3,2025-08-06,PlanningCommission,Procedural/Administrative,Procedural-Administrative,,procedural,pass,,,,unknown,recorded Pass,crosswalk,high,2448
planning_commission,planning_commission/minutes/2025/2025-08-04/2025-08-06_planning-commission-meeting.md,4,2025-08-06,PlanningCommission,Conditional Use Permit,Land-Use,Conditional-Use,final-action,pass,9,0,,roll-call,9:0 Approved (Final Action),crosswalk,high,2449
planning_commission,planning_commission/minutes/2025/2025-08-04/2025-08-06_planning-commission-meeting.md,5,2025-08-06,PlanningCommission,Other,Other,,final-action,pass,9,0,,roll-call,9:0 Approved (Final Action),rule:no-signal,low,2450
planning_commission,planning_commission/minutes/2025/2025-08-04/2025-08-06_planning-commission-meeting.md,6,2025-08-06,PlanningCommission,Other,Other,,final-action,pass,8,1,,roll-call,8:1 Approved (Final Action),rule:no-signal,low,2451
planning_commission,planning_commission/minutes/2025/2025-08-04/2025-08-06_planning-commission-meeting.md,7,2025-08-06,PlanningCommission,Procedural/Administrative,Procedural-Administrative,,procedural,fail,3,6,,roll-call,3:6 Fail,crosswalk,high,2452
planning_commission,planning_commission/minutes/2025/2025-08-04/2025-08-06_planning-commission-meeting.md,8,2025-08-06,PlanningCommission,Other,Other,,final-action,pass,6,3,,roll-call,6:3 Approved (Final Action),rule:no-signal,low,2453
planning_commission,planning_commission/minutes/2025/2025-08-04/2025-08-06_planning-commission-meeting.md,9,2025-08-06,PlanningCommission,Subdivision/Plat,Land-Use,Subdivision-Plat,recommendation,pass,6,1,,roll-call,Positive recommendation 6:1,crosswalk,high,2454
planning_commission,planning_commission/minutes/2025/2025-08-04/2025-08-06_planning-commission-meeting.md,10,2025-08-06,PlanningCommission,Procedural/Administrative,Public-Hearing,,procedural,pass,,,,unknown,recorded Pass,rule:ph-openclose,high,2455
planning_commission,planning_commission/minutes/2025/2025-08-04/2025-08-06_planning-commission-meeting.md,11,2025-08-06,PlanningCommission,Rezone,Land-Use,Rezone,recommendation,pass,9,0,,roll-call,Positive recommendation 9:0,crosswalk,high,2456
planning_commission,planning_commission/minutes/2025/2025-08-04/2025-08-06_planning-commission-meeting.md,12,2025-08-06,PlanningCommission,Procedural/Administrative,Public-Hearing,,procedural,pass,,,,unknown,recorded Pass,rule:ph-openclose,high,2457
planning_commission,planning_commission/minutes/2025/2025-08-04/2025-08-06_planning-commission-meeting.md,13,2025-08-06,PlanningCommission,Zoning Text/General Plan Amendment,Land-Use,General-Plan-Amendment,recommendation,pass,8,1,,roll-call,Positive recommendation 8:1,rule:lu-gpa,high,2458
planning_commission,planning_commission/minutes/2025/2025-08-04/2025-08-06_planning-commission-meeting.md,14,2025-08-06,PlanningCommission,Procedural/Administrative,Procedural-Administrative,,procedural,pass,,,,unknown,recorded Pass,crosswalk,high,2459
planning_commission,planning_commission/minutes/2025/2025-08-18/2025-08-20_planning-commission-meeting.md,1,2025-08-20,PlanningCommission,Procedural/Administrative,Procedural-Administrative,,procedural,pass,,,,unanimous-declared,unanimous Pass,crosswalk,high,2460
planning_commission,planning_commission/minutes/2025/2025-09-01/2025-09-03_planning-commission-meeting.md,1,2025-09-03,PlanningCommission,Procedural/Administrative,Procedural-Administrative,,procedural,pass,,,,unanimous-declared,unanimous Pass,crosswalk,high,2461
planning_commission,planning_commission/minutes/2025/2025-09-01/2025-09-03_planning-commission-meeting.md,2,2025-09-03,PlanningCommission,Procedural/Administrative,Procedural-Administrative,,procedural,pass,,,,unanimous-declared,unanimous Pass,crosswalk,high,2462
planning_commission,planning_commission/minutes/2025/2025-09-01/2025-09-03_planning-commission-meeting.md,3,2025-09-03,PlanningCommission,Other,Other,,final-action,pass,6,0,,roll-call,6:0 Approved (Final Action),rule:no-signal,low,2463
planning_commission,planning_commission/minutes/2025/2025-09-01/2025-09-03_planning-commission-meeting.md,4,2025-09-03,PlanningCommission,Subdivision/Plat,Land-Use,Subdivision-Plat,recommendation,pass,6,0,,roll-call,Positive recommendation 6:0,crosswalk,high,2464
planning_commission,planning_commission/minutes/2025/2025-09-01/2025-09-03_planning-commission-meeting.md,5,2025-09-03,PlanningCommission,Procedural/Administrative,Procedural-Administrative,,procedural,pass,,,,unanimous-declared,unanimous Pass,crosswalk,high,2465
planning_commission,planning_commission/minutes/2025/2025-09-29/2025-10-01_planning-commission-meeting.md,1,2025-10-01,PlanningCommission,Procedural/Administrative,Procedural-Administrative,,procedural,pass,,,,unanimous-declared,unanimous Pass,crosswalk,high,2466
planning_commission,planning_commission/minutes/2025/2025-09-29/2025-10-01_planning-commission-meeting.md,2,2025-10-01,PlanningCommission,Procedural/Administrative,Procedural-Administrative,,procedural,pass,,,,unanimous-declared,unanimous Pass,crosswalk,high,2467
planning_commission,planning_commission/minutes/2025/2025-09-29/2025-10-01_planning-commission-meeting.md,3,2025-10-01,PlanningCommission,Other,Other,,final-action,pass,7,0,,roll-call,7:0 Approved (Final Action),rule:no-signal,low,2468
planning_commission,planning_commission/minutes/2025/2025-09-29/2025-10-01_planning-commission-meeting.md,4,2025-10-01,PlanningCommission,Procedural/Administrative,Land-Use,Subdivision-Plat,final-action,pass,8,0,,roll-call,8:0 Pass,rule:lu-subdiv,high,2469
planning_commission,planning_commission/minutes/2025/2025-09-29/2025-10-01_planning-commission-meeting.md,5,2025-10-01,PlanningCommission,Procedural/Administrative,Public-Hearing,,procedural,pass,,,,unknown,recorded Pass,rule:ph-openclose,high,2470
planning_commission,planning_commission/minutes/2025/2025-09-29/2025-10-01_planning-commission-meeting.md,6,2025-10-01,PlanningCommission,Rezone,Land-Use,Rezone,recommendation,pass,8,0,,roll-call,Positive recommendation 8:0,crosswalk,high,2471
planning_commission,planning_commission/minutes/2025/2025-09-29/2025-10-01_planning-commission-meeting.md,7,2025-10-01,PlanningCommission,Procedural/Administrative,Public-Hearing,,procedural,pass,,,,unknown,recorded Pass,rule:ph-openclose,high,2472
planning_commission,planning_commission/minutes/2025/2025-09-29/2025-10-01_planning-commission-meeting.md,8,2025-10-01,PlanningCommission,Other,Land-Use,Other-Land-Use,final-action,pass,8,0,,roll-call,8:0 Approved (Final Action),rule:lu-generic,medium,2473
planning_commission,planning_commission/minutes/2025/2025-09-29/2025-10-01_planning-commission-meeting.md,9,2025-10-01,PlanningCommission,Procedural/Administrative,Procedural-Administrative,,procedural,pass,,,,unknown,recorded Pass,crosswalk,high,2474
planning_commission,planning_commission/minutes/2025/2025-10-13/2025-10-15_planning-commission-meeting.md,1,2025-10-15,PlanningCommission,Procedural/Administrative,Procedural-Administrative,,procedural,pass,,,,unanimous-declared,unanimous Pass,crosswalk,high,2475
planning_commission,planning_commission/minutes/2025/2025-11-03/2025-11-05_planning-commission-meeting.md,1,2025-11-05,PlanningCommission,Procedural/Administrative,Procedural-Administrative,,procedural,pass,,,,unanimous-declared,unanimous Pass,crosswalk,high,2476
planning_commission,planning_commission/minutes/2025/2025-11-03/2025-11-05_planning-commission-meeting.md,2,2025-11-05,PlanningCommission,Procedural/Administrative,Procedural-Administrative,,procedural,pass,,,,unanimous-declared,unanimous Pass,crosswalk,high,2477
planning_commission,planning_commission/minutes/2025/2025-11-03/2025-11-05_planning-commission-meeting.md,3,2025-11-05,PlanningCommission,Conditional Use Permit,Land-Use,Conditional-Use,final-action,pass,5,2,,roll-call,5:2 Approved (Final Action),crosswalk,high,2478
planning_commission,planning_commission/minutes/2025/2025-11-03/2025-11-05_planning-commission-meeting.md,4,2025-11-05,PlanningCommission,Other,Land-Use,Variance-Exception,final-action,pass,5,2,,roll-call,5:2 Approved (Final Action),rule:lu-variance,high,2479
planning_commission,planning_commission/minutes/2025/2025-11-03/2025-11-05_planning-commission-meeting.md,5,2025-11-05,PlanningCommission,Procedural/Administrative,Public-Hearing,,procedural,pass,,,,unknown,recorded Pass,rule:ph-openclose,high,2480
planning_commission,planning_commission/minutes/2025/2025-11-03/2025-11-05_planning-commission-meeting.md,6,2025-11-05,PlanningCommission,Rezone,Land-Use,Rezone,recommendation,pass,7,0,,roll-call,Positive recommendation 7:0,crosswalk,high,2481
planning_commission,planning_commission/minutes/2025/2025-11-03/2025-11-05_planning-commission-meeting.md,7,2025-11-05,PlanningCommission,Procedural/Administrative,Procedural-Administrative,,procedural,pass,,,,unknown,recorded Pass,crosswalk,high,2482
planning_commission,planning_commission/minutes/2025/2025-11-17/2025-11-19_planning-commission-meeting.md,1,2025-11-19,PlanningCommission,Procedural/Administrative,Procedural-Administrative,,procedural,pass,,,,unknown,recorded Pass,crosswalk,high,2483
planning_commission,planning_commission/minutes/2025/2025-12-01/2025-12-03_planning-commission-meeting.md,1,2025-12-03,PlanningCommission,Procedural/Administrative,Procedural-Administrative,,procedural,pass,,,,unanimous-declared,unanimous Pass,crosswalk,high,2484
planning_commission,planning_commission/minutes/2025/2025-12-01/2025-12-03_planning-commission-meeting.md,2,2025-12-03,PlanningCommission,Procedural/Administrative,Procedural-Administrative,,procedural,pass,,,,unanimous-declared,unanimous Pass,crosswalk,high,2485
planning_commission,planning_commission/minutes/2025/2025-12-01/2025-12-03_planning-commission-meeting.md,3,2025-12-03,PlanningCommission,Other,Other,,final-action,pass,8,0,,roll-call,8:0 Approved (Final Action),rule:no-signal,low,2486
planning_commission,planning_commission/minutes/2025/2025-12-01/2025-12-03_planning-commission-meeting.md,4,2025-12-03,PlanningCommission,Subdivision/Plat,Land-Use,Subdivision-Plat,recommendation,pass,8,0,,roll-call,Positive recommendation 8:0,crosswalk,high,2487
planning_commission,planning_commission/minutes/2025/2025-12-01/2025-12-03_planning-commission-meeting.md,5,2025-12-03,PlanningCommission,Subdivision/Plat,Land-Use,Subdivision-Plat,recommendation,pass,8,0,,roll-call,Positive recommendation 8:0,crosswalk,high,2488
planning_commission,planning_commission/minutes/2025/2025-12-01/2025-12-03_planning-commission-meeting.md,6,2025-12-03,PlanningCommission,Other,Land-Use,Variance-Exception,final-action,pass,7,1,,roll-call,7:1 Approved (Final Action),rule:lu-variance,high,2489
planning_commission,planning_commission/minutes/2025/2025-12-01/2025-12-03_planning-commission-meeting.md,7,2025-12-03,PlanningCommission,Procedural/Administrative,Public-Hearing,,procedural,pass,,,,unknown,recorded Pass,rule:ph-openclose,high,2490
planning_commission,planning_commission/minutes/2025/2025-12-01/2025-12-03_planning-commission-meeting.md,8,2025-12-03,PlanningCommission,Rezone,Land-Use,Rezone,recommendation,pass,6,0,,roll-call,Positive recommendation 6:0,crosswalk,high,2491
planning_commission,planning_commission/minutes/2025/2025-12-01/2025-12-03_planning-commission-meeting.md,9,2025-12-03,PlanningCommission,Procedural/Administrative,Procedural-Administrative,,procedural,pass,,,,unanimous-declared,unanimous Pass,crosswalk,high,2492
planning_commission,planning_commission/minutes/2025/2025-12-15/2025-12-17_planning-commission-meeting.md,1,2025-12-17,PlanningCommission,Procedural/Administrative,Procedural-Administrative,,procedural,pass,,,,unknown,recorded Pass,crosswalk,high,2493
planning_commission,planning_commission/minutes/2026/2026-01-05/2026-01-07_planning-commission-meeting.md,1,2026-01-07,PlanningCommission,Procedural/Administrative,Procedural-Administrative,,procedural,pass,,,,unanimous-declared,unanimous Pass,crosswalk,high,2494
planning_commission,planning_commission/minutes/2026/2026-01-05/2026-01-07_planning-commission-meeting.md,2,2026-01-07,PlanningCommission,Procedural/Administrative,Procedural-Administrative,,procedural,pass,,,,unanimous-declared,unanimous Pass,crosswalk,high,2495
planning_commission,planning_commission/minutes/2026/2026-01-05/2026-01-07_planning-commission-meeting.md,3,2026-01-07,PlanningCommission,Other,Other,,final-action,pass,7,0,,roll-call,7:0 Approved (Final Action),rule:no-signal,low,2496
planning_commission,planning_commission/minutes/2026/2026-01-05/2026-01-07_planning-commission-meeting.md,4,2026-01-07,PlanningCommission,Subdivision/Plat,Land-Use,Subdivision-Plat,recommendation,pass,7,0,,roll-call,Positive recommendation 7:0,crosswalk,high,2497
planning_commission,planning_commission/minutes/2026/2026-01-05/2026-01-07_planning-commission-meeting.md,5,2026-01-07,PlanningCommission,Subdivision/Plat,Land-Use,Subdivision-Plat,recommendation,pass,7,0,,roll-call,Positive recommendation 7:0,crosswalk,high,2498
planning_commission,planning_commission/minutes/2026/2026-01-05/2026-01-07_planning-commission-meeting.md,6,2026-01-07,PlanningCommission,Procedural/Administrative,Procedural-Administrative,,procedural,pass,,,,unknown,recorded Pass,crosswalk,high,2499
planning_commission,planning_commission/minutes/2026/2026-01-19/2026-01-21_planning-commission-meeting.md,1,2026-01-21,PlanningCommission,Procedural/Administrative,Procedural-Administrative,,procedural,pass,,,,unanimous-declared,unanimous Pass,crosswalk,high,2500
planning_commission,planning_commission/minutes/2026/2026-02-02/2026-02-04_planning-commission-meeting.md,1,2026-02-04,PlanningCommission,Procedural/Administrative,Procedural-Administrative,,procedural,pass,,,,unanimous-declared,unanimous Pass,crosswalk,high,2501
planning_commission,planning_commission/minutes/2026/2026-02-02/2026-02-04_planning-commission-meeting.md,2,2026-02-04,PlanningCommission,Procedural/Administrative,Procedural-Administrative,,procedural,pass,,,,unanimous-declared,unanimous Pass,crosswalk,high,2502
planning_commission,planning_commission/minutes/2026/2026-02-02/2026-02-04_planning-commission-meeting.md,3,2026-02-04,PlanningCommission,Subdivision/Plat,Land-Use,Subdivision-Plat,recommendation,pass,7,0,,roll-call,Positive recommendation 7:0,crosswalk,high,2503
planning_commission,planning_commission/minutes/2026/2026-02-02/2026-02-04_planning-commission-meeting.md,4,2026-02-04,PlanningCommission,Procedural/Administrative,Procedural-Administrative,,procedural,pass,,,,unknown,recorded Pass,crosswalk,high,2504
planning_commission,planning_commission/minutes/2026/2026-02-16/2026-02-18_planning-commission-meeting.md,1,2026-02-18,PlanningCommission,Procedural/Administrative,Procedural-Administrative,,procedural,pass,,,,unanimous-declared,unanimous Pass,crosswalk,high,2505
planning_commission,planning_commission/minutes/2026/2026-03-02/2026-03-04_planning-commission-meeting.md,1,2026-03-04,PlanningCommission,Procedural/Administrative,Procedural-Administrative,,procedural,pass,,,,unanimous-declared,unanimous Pass,crosswalk,high,2506
planning_commission,planning_commission/minutes/2026/2026-03-02/2026-03-04_planning-commission-meeting.md,2,2026-03-04,PlanningCommission,Procedural/Administrative,Procedural-Administrative,,procedural,pass,,,,unanimous-declared,unanimous Pass,crosswalk,high,2507
planning_commission,planning_commission/minutes/2026/2026-03-02/2026-03-04_planning-commission-meeting.md,3,2026-03-04,PlanningCommission,Subdivision/Plat,Land-Use,Subdivision-Plat,recommendation,pass,8,0,,roll-call,Positive recommendation 8:0,crosswalk,high,2508
planning_commission,planning_commission/minutes/2026/2026-03-02/2026-03-04_planning-commission-meeting.md,4,2026-03-04,PlanningCommission,Other,Other,,final-action,pass,7,1,,roll-call,7:1 Approved (Final Action),rule:no-signal,low,2509
planning_commission,planning_commission/minutes/2026/2026-03-02/2026-03-04_planning-commission-meeting.md,5,2026-03-04,PlanningCommission,Other,Other,,final-action,pass,7,1,,roll-call,7:1 Approved (Final Action),rule:no-signal,low,2510
planning_commission,planning_commission/minutes/2026/2026-03-02/2026-03-04_planning-commission-meeting.md,6,2026-03-04,PlanningCommission,Other,Other,,final-action,pass,8,0,,roll-call,8:0 Approved (Final Action),rule:no-signal,low,2511
planning_commission,planning_commission/minutes/2026/2026-03-02/2026-03-04_planning-commission-meeting.md,7,2026-03-04,PlanningCommission,Subdivision/Plat,Land-Use,Subdivision-Plat,recommendation,pass,8,0,,roll-call,Positive recommendation 8:0,crosswalk,high,2512
planning_commission,planning_commission/minutes/2026/2026-03-02/2026-03-04_planning-commission-meeting.md,8,2026-03-04,PlanningCommission,Procedural/Administrative,Procedural-Administrative,,procedural,pass,,,,unanimous-declared,unanimous Pass,crosswalk,high,2513
planning_commission,planning_commission/minutes/2026/2026-03-09/2026-03-11_planning-commission-meeting.md,1,2026-03-11,PlanningCommission,Procedural/Administrative,Public-Hearing,,procedural,pass,,,,unknown,recorded Pass,rule:ph-openclose,high,2514
planning_commission,planning_commission/minutes/2026/2026-03-09/2026-03-11_planning-commission-meeting.md,2,2026-03-11,PlanningCommission,Procedural/Administrative,Procedural-Administrative,,procedural,pass,,,,unknown,recorded Pass,crosswalk,medium,2515
planning_commission,planning_commission/minutes/2026/2026-03-09/2026-03-11_planning-commission-meeting.md,3,2026-03-11,PlanningCommission,Procedural/Administrative,Procedural-Administrative,,procedural,pass,,,,unanimous-declared,unanimous Pass,crosswalk,high,2516
planning_commission,planning_commission/minutes/2026/2026-03-30/2026-04-01_planning-commission-meeting.md,1,2026-04-01,PlanningCommission,Procedural/Administrative,Procedural-Administrative,,procedural,pass,,,,unknown,recorded Pass,crosswalk,high,2517
planning_commission,planning_commission/minutes/2026/2026-03-30/2026-04-01_planning-commission-meeting.md,2,2026-04-01,PlanningCommission,Procedural/Administrative,Procedural-Administrative,,procedural,pass,,,,unanimous-declared,unanimous Pass,crosswalk,high,2518
planning_commission,planning_commission/minutes/2026/2026-03-30/2026-04-01_planning-commission-meeting.md,3,2026-04-01,PlanningCommission,Subdivision/Plat,Land-Use,Subdivision-Plat,recommendation,pass,4,0,,roll-call,Positive recommendation 4:0,crosswalk,high,2519
planning_commission,planning_commission/minutes/2026/2026-03-30/2026-04-01_planning-commission-meeting.md,4,2026-04-01,PlanningCommission,Other,Land-Use,Variance-Exception,final-action,pass,5,0,,roll-call,5:0 Approved (Final Action),rule:lu-variance,high,2520
planning_commission,planning_commission/minutes/2026/2026-03-30/2026-04-01_planning-commission-meeting.md,5,2026-04-01,PlanningCommission,Subdivision/Plat,Land-Use,Subdivision-Plat,recommendation,pass,5,0,,roll-call,Positive recommendation 5:0,crosswalk,high,2521
planning_commission,planning_commission/minutes/2026/2026-03-30/2026-04-01_planning-commission-meeting.md,6,2026-04-01,PlanningCommission,Procedural/Administrative,Public-Hearing,,procedural,pass,,,,unanimous-declared,unanimous Pass,rule:ph-openclose,high,2522
planning_commission,planning_commission/minutes/2026/2026-03-30/2026-04-01_planning-commission-meeting.md,7,2026-04-01,PlanningCommission,Rezone,Land-Use,Rezone,recommendation,pass,5,0,,roll-call,Positive recommendation 5:0,crosswalk,high,2523
planning_commission,planning_commission/minutes/2026/2026-03-30/2026-04-01_planning-commission-meeting.md,8,2026-04-01,PlanningCommission,Other,Land-Use,Variance-Exception,final-action,pass,5,0,,roll-call,5:0 Approved (Final Action),rule:lu-variance,high,2524
planning_commission,planning_commission/minutes/2026/2026-03-30/2026-04-01_planning-commission-meeting.md,9,2026-04-01,PlanningCommission,Other,Other,,final-action,pass,5,0,,roll-call,5:0 Denied (Final Action),rule:no-signal,low,2525
planning_commission,planning_commission/minutes/2026/2026-03-30/2026-04-01_planning-commission-meeting.md,10,2026-04-01,PlanningCommission,Other,Land-Use,Other-Land-Use,final-action,pass,5,0,,roll-call,5:0 Approved (Final Action),rule:lu-generic,medium,2526
planning_commission,planning_commission/minutes/2026/2026-03-30/2026-04-01_planning-commission-meeting.md,11,2026-04-01,PlanningCommission,Procedural/Administrative,Procedural-Administrative,,procedural,pass,,,,unanimous-declared,unanimous Pass,crosswalk,high,2527
planning_commission,planning_commission/minutes/2026/2026-03-30/2026-04-01_planning-commission-meeting.md,12,2026-04-01,PlanningCommission,Other,Land-Use,Other-Land-Use,final-action,pass,,,,unanimous-declared,unanimous Approved (Final Action),rule:lu-historic,medium,2528
planning_commission,planning_commission/minutes/2026/2026-03-30/2026-04-01_planning-commission-meeting.md,13,2026-04-01,PlanningCommission,Procedural/Administrative,Procedural-Administrative,,procedural,pass,,,,unknown,recorded Pass,crosswalk,high,2529
planning_commission,planning_commission/minutes/2026/2026-04-13/2026-04-15_planning-commission-meeting.md,1,2026-04-15,PlanningCommission,Procedural/Administrative,Procedural-Administrative,,procedural,pass,,,,unanimous-declared,unanimous Pass,crosswalk,high,2530
planning_commission,planning_commission/minutes/2026/2026-05-04/2026-05-06_planning-commission-meeting.md,1,2026-05-06,PlanningCommission,Procedural/Administrative,Procedural-Administrative,,procedural,pass,,,,unanimous-declared,unanimous Pass,crosswalk,high,2531
planning_commission,planning_commission/minutes/2026/2026-05-04/2026-05-06_planning-commission-meeting.md,2,2026-05-06,PlanningCommission,Procedural/Administrative,Procedural-Administrative,,procedural,pass,,,,unanimous-declared,unanimous Pass,crosswalk,high,2532
planning_commission,planning_commission/minutes/2026/2026-05-04/2026-05-06_planning-commission-meeting.md,3,2026-05-06,PlanningCommission,Subdivision/Plat,Land-Use,Subdivision-Plat,recommendation,pass,5,1,,roll-call,Positive recommendation 5:1,crosswalk,high,2533
planning_commission,planning_commission/minutes/2026/2026-05-04/2026-05-06_planning-commission-meeting.md,4,2026-05-06,PlanningCommission,Subdivision/Plat,Land-Use,Subdivision-Plat,recommendation,pass,6,0,,roll-call,Positive recommendation 6:0,crosswalk,high,2534
planning_commission,planning_commission/minutes/2026/2026-05-04/2026-05-06_planning-commission-meeting.md,5,2026-05-06,PlanningCommission,Other,Other,,final-action,pass,6,0,,roll-call,6:0 Denied (Final Action),rule:no-signal,low,2535
planning_commission,planning_commission/minutes/2026/2026-05-04/2026-05-06_planning-commission-meeting.md,6,2026-05-06,PlanningCommission,Procedural/Administrative,Procedural-Administrative,,procedural,pass,,,,unanimous-declared,unanimous Pass,crosswalk,high,2536
planning_commission,planning_commission/minutes/2026/2026-05-18/2026-05-20_planning-commission-meeting.md,1,2026-05-20,PlanningCommission,Procedural/Administrative,Procedural-Administrative,,procedural,pass,,,,unanimous-declared,unanimous Pass,crosswalk,high,2537
planning_commission,planning_commission/minutes/2026/2026-06-01/2026-06-03_planning-commission-meeting.md,1,2026-06-03,PlanningCommission,Procedural/Administrative,Procedural-Administrative,,procedural,pass,,,,unanimous-declared,unanimous Pass,crosswalk,high,2538
planning_commission,planning_commission/minutes/2026/2026-06-01/2026-06-03_planning-commission-meeting.md,2,2026-06-03,PlanningCommission,Procedural/Administrative,Procedural-Administrative,,procedural,pass,,,,unanimous-declared,unanimous Pass,crosswalk,high,2539
planning_commission,planning_commission/minutes/2026/2026-06-01/2026-06-03_planning-commission-meeting.md,3,2026-06-03,PlanningCommission,Conditional Use Permit,Land-Use,Conditional-Use,final-action,pass,8,0,,roll-call,8:0 Approved (Final Action),crosswalk,high,2540
planning_commission,planning_commission/minutes/2026/2026-06-01/2026-06-03_planning-commission-meeting.md,4,2026-06-03,PlanningCommission,Other,Other,,final-action,pass,,,,unknown,recorded Approved (Final Action),rule:no-signal,low,2541
planning_commission,planning_commission/minutes/2026/2026-06-01/2026-06-03_planning-commission-meeting.md,5,2026-06-03,PlanningCommission,Procedural/Administrative,Public-Hearing,,procedural,pass,,,,unanimous-declared,unanimous Pass,rule:ph-openclose,high,2542
planning_commission,planning_commission/minutes/2026/2026-06-01/2026-06-03_planning-commission-meeting.md,6,2026-06-03,PlanningCommission,Rezone,Land-Use,Rezone,recommendation,pass,8,0,,roll-call,Positive recommendation 8:0,crosswalk,high,2543
planning_commission,planning_commission/minutes/2026/2026-06-01/2026-06-03_planning-commission-meeting.md,7,2026-06-03,PlanningCommission,Rezone,Land-Use,Rezone,recommendation,pass,8,0,,roll-call,Positive recommendation 8:0,crosswalk,high,2544
planning_commission,planning_commission/minutes/2026/2026-06-01/2026-06-03_planning-commission-meeting.md,8,2026-06-03,PlanningCommission,Other,Other,,final-action,pass,,,,unanimous-declared,unanimous Approved (Final Action),rule:no-signal,low,2545
planning_commission,planning_commission/minutes/2026/2026-06-01/2026-06-03_planning-commission-meeting.md,9,2026-06-03,PlanningCommission,Other,Public-Hearing,,procedural,pass,,,,unanimous-declared,unanimous Approved (Final Action),rule:ph-openclose,high,2546
planning_commission,planning_commission/minutes/2026/2026-06-01/2026-06-03_planning-commission-meeting.md,10,2026-06-03,PlanningCommission,Conditional Use Permit,Land-Use,Conditional-Use,final-action,pass,,,,unknown,recorded Approved (Final Action),crosswalk,high,2547
planning_commission,planning_commission/minutes/2026/2026-06-01/2026-06-03_planning-commission-meeting.md,11,2026-06-03,PlanningCommission,Procedural/Administrative,Procedural-Administrative,,procedural,pass,,,,unanimous-declared,unanimous Pass,crosswalk,high,2548
planning_commission,planning_commission/minutes/2026/2026-06-15/2026-06-17_planning-commission-meeting.md,1,2026-06-17,PlanningCommission,Procedural/Administrative,Procedural-Administrative,,procedural,pass,,,,unanimous-declared,unanimous Pass,crosswalk,high,2549
