candidate,office,seat,election_year,filing_date,reporting_period,date,vendor_raw,vendor_normalized,purpose,amount,in_kind,is_incremental,source_filing,document_id,line_no,extraction_confidence,extract_method,needs_review,geometry,verified
Joe Hatch,Council,,,2008-01-29,,2008-01,Wells Fargo Bank,Wells Fargo Bank,Bank charges,36.00,False,False,raw/clerk_legacy/08_joehatch_jan31.pdf,d1c1aaf7,1,medium,vision/legacy_colAB,0,"p4:x70,y358,w700,h44@100dpi",1
Joe Hatch,Council,,,2008-01-29,,2007-02-27,Wilson for Mayor,Wilson for Mayor,Campaign contribution,500.00,False,False,raw/clerk_legacy/08_joehatch_jan31.pdf,d1c1aaf7,2,medium,vision/legacy_colAB,0,"p4:x70,y406,w700,h44@100dpi",1
Joe Hatch,Council,,,2008-01-29,,2007-04-02,H. Clinton for President,H. Clinton for President,Campaign contribution,250.00,False,False,raw/clerk_legacy/08_joehatch_jan31.pdf,d1c1aaf7,3,medium,vision/legacy_colAB,0,"p4:x70,y454,w700,h44@100dpi",1
Joe Hatch,Council,,,2008-01-29,,2007-04-03,VZ Wireless,VZ Wireless,Cell phone,204.75,False,False,raw/clerk_legacy/08_joehatch_jan31.pdf,d1c1aaf7,4,medium,vision/legacy_colAB,0,"p4:x70,y502,w700,h44@100dpi",1
Joe Hatch,Council,,,2008-01-29,,2007-05-11,Kelli Ann Booth,Kelli Ann Booth,Salt Lake County Demo convention pamphlet,35.00,False,False,raw/clerk_legacy/08_joehatch_jan31.pdf,d1c1aaf7,5,medium,vision/legacy_colAB,0,"p4:x70,y550,w700,h44@100dpi",1
Joe Hatch,Council,,,2008-01-29,,2007-05-29,Kerri Nakamura,Kerri Nakamura,Campaign planning dinner,70.00,False,False,raw/clerk_legacy/08_joehatch_jan31.pdf,d1c1aaf7,6,medium,vision/legacy_colAB,0,"p4:x70,y598,w700,h44@100dpi",1
Joe Hatch,Council,,,2008-01-29,,2007-06-22,Garrott for Council,Garrott for Council,Campaign contribution,100.00,False,False,raw/clerk_legacy/08_joehatch_jan31.pdf,d1c1aaf7,7,medium,vision/legacy_colAB,0,"p4:x70,y646,w700,h44@100dpi",1
Joe Hatch,Council,,,2008-01-29,,2007-11-15,Garrott for Council,Garrott for Council,Campaign contribution,300.00,False,False,raw/clerk_legacy/08_joehatch_jan31.pdf,d1c1aaf7,8,medium,vision/legacy_colAB,0,"p4:x70,y694,w700,h44@100dpi",1
Joe Hatch,Council,,,2008-01-29,,2007-11-09,Target Group,Target Group,Campaign letter,200.00,False,False,raw/clerk_legacy/08_joehatch_jan31.pdf,d1c1aaf7,9,medium,vision/legacy_colAB,0,"p4:x70,y742,w700,h44@100dpi",1
Joe Hatch,Council,,,2008-01-29,,2007-11-08,Karen Mayne for Senate,Karen Mayne for Senate,Campaign contribution,250.00,False,False,raw/clerk_legacy/08_joehatch_jan31.pdf,d1c1aaf7,10,medium,vision/legacy_colAB,0,"p4:x70,y790,w700,h44@100dpi",1
Joe Hatch,Council,,,2008-01-29,,2007-11-14,Salt Lake County Demo Party,Salt Lake County Demo Party,Campaign cont.,50.00,False,False,raw/clerk_legacy/08_joehatch_jan31.pdf,d1c1aaf7,11,medium,vision/legacy_colAB,0,"p4:x70,y838,w700,h44@100dpi",1
Joe Hatch,Council,,,2008-01-29,,2007-11-21,Wilson for Mayor,Wilson for Mayor,Campaign cont.,250.00,False,False,raw/clerk_legacy/08_joehatch_jan31.pdf,d1c1aaf7,12,medium,vision/legacy_colAB,0,"p4:x70,y886,w700,h44@100dpi",1
Joe Hatch,Council,,,2008-01-29,,2007-11-15,Carlos Vasquez for Treasurer,Carlos Vasquez for Treasurer,Campaign cont.,200.00,False,False,raw/clerk_legacy/08_joehatch_jan31.pdf,d1c1aaf7,13,medium,vision/legacy_colAB,0,"p4:x70,y934,w700,h44@100dpi",1
Joe Hatch,Council,,,2008-01-29,,2007-11-29,Ed Mayne Dinner,Ed Mayne Dinner,Tribute,300.00,False,False,raw/clerk_legacy/08_joehatch_jan31.pdf,d1c1aaf7,14,medium,vision/legacy_colAB,0,"p4:x70,y982,w700,h44@100dpi",1
Jim Bradley,Council,,2004,2005-01-31,,2004-02-04,Clarke American,Clarke American,Checks for acct,12.99,False,False,raw/clerk_legacy/bradley_january312005.pdf,f12f3ba3,1,medium,vision/legacy_colAB,0,"p4:x70,y358,w700,h44@100dpi",1
Jim Bradley,Council,,2004,2005-01-31,,2004-03-12,Elizabeth Bradley,Elizabeth Bradley,Research,250.00,False,False,raw/clerk_legacy/bradley_january312005.pdf,f12f3ba3,2,medium,vision/legacy_colAB,0,"p4:x70,y406,w700,h44@100dpi",1
Jim Bradley,Council,,2004,2005-01-31,,2004-07-15,Peter Corroon Campaign,Peter Corroon Campaign,Contribution,150.00,False,False,raw/clerk_legacy/bradley_january312005.pdf,f12f3ba3,3,medium,vision/legacy_colAB,0,"p4:x70,y454,w700,h44@100dpi",1
Jim Bradley,Council,,2004,2005-01-31,,2004-11-01,Jenny Wilson Campaign,Jenny Wilson Campaign,Contribution,150.00,False,False,raw/clerk_legacy/bradley_january312005.pdf,f12f3ba3,4,medium,vision/legacy_colAB,0,"p4:x70,y502,w700,h44@100dpi",1
Jim Bradley,Council,,2004,2005-01-31,,2004-11-02,Dina Blaes Campaign,Dina Blaes Campaign,Contribution,150.00,False,False,raw/clerk_legacy/bradley_january312005.pdf,f12f3ba3,5,medium,vision/legacy_colAB,0,"p4:x70,y550,w700,h44@100dpi",1
Jim Bradley,Council,,2004,2005-01-31,,2004-11-02,Democratic Party of Utah,Democratic Party of Utah,Contribution,150.00,False,False,raw/clerk_legacy/bradley_january312005.pdf,f12f3ba3,6,medium,vision/legacy_colAB,0,"p4:x70,y598,w700,h44@100dpi",1
Jim Bradley,Council,,2004,2005-01-31,,2004-11-04,KeyBank,KeyBank,Interest payment,95.39,False,False,raw/clerk_legacy/bradley_january312005.pdf,f12f3ba3,7,medium,vision/legacy_colAB,0,"p4:x70,y646,w700,h44@100dpi",1
Jim Bradley,Council,,2004,2005-01-31,,2004-11-08,Jim Bradley,Jim Bradley,Reimbursement,109.00,False,False,raw/clerk_legacy/bradley_january312005.pdf,f12f3ba3,8,medium,vision/legacy_colAB,0,"p4:x70,y694,w700,h44@100dpi",1
Jim Bradley,Council,,2004,2005-01-31,,2004-09-30,U of U Credit Union,U of U Credit Union,Fee,20.80,False,False,raw/clerk_legacy/bradley_january312005.pdf,f12f3ba3,9,medium,vision/legacy_colAB,0,"p4:x70,y742,w700,h44@100dpi",1
Jim Bradley,Council,,2004,2005-01-31,,2004-01-26,Jim Bradley,Jim Bradley,Reimbursement,25.00,False,False,raw/clerk_legacy/bradley_january312005.pdf,f12f3ba3,10,medium,vision/legacy_colAB,0,"p4:x70,y790,w700,h44@100dpi",1
Jim Bradley,Council,,2004,2005-01-31,,2004-10-25,Jim Bradley,Jim Bradley,Reimbursement,100.00,False,False,raw/clerk_legacy/bradley_january312005.pdf,f12f3ba3,11,medium,vision/legacy_colAB,0,"p4:x70,y838,w700,h44@100dpi",1
James M. Winder,Sheriff,,2006,2008-01-31,,2007-03-10,T Mobile,T Mobile,Cell phone,201.76,False,False,raw/clerk_legacy/08_jwinder_jan31.pdf,d999a099,1,low,vision/legacy_born_digital_scan,1,"p4:x70,y358,w700,h44@100dpi",0
James M. Winder,Sheriff,,2006,2008-01-31,,2007-12-31,American Express,American Express,Credit card merchant fees @ $5.95/mo,71.40,False,False,raw/clerk_legacy/08_jwinder_jan31.pdf,d999a099,2,low,vision/legacy_born_digital_scan,1,"p4:x70,y406,w700,h44@100dpi",0
James M. Winder,Sheriff,,2006,2008-01-31,,2007-12-31,Authorize.net,Authorize.net,Credit card merchant fees @ $20/mo,240.00,False,False,raw/clerk_legacy/08_jwinder_jan31.pdf,d999a099,3,low,vision/legacy_born_digital_scan,1,"p4:x70,y454,w700,h44@100dpi",0
James M. Winder,Sheriff,,2006,2008-01-31,,2007-09-06,Robert Dyer Photography,Robert Dyer Photography,Copyright fee,58.77,False,False,raw/clerk_legacy/08_jwinder_jan31.pdf,d999a099,4,low,vision/legacy_born_digital_scan,1,"p4:x70,y502,w700,h44@100dpi",0
James M. Winder,Sheriff,,2006,2008-01-31,,2007-08-31,Card Signs Inc,Card Signs Inc,Signs,436.10,False,False,raw/clerk_legacy/08_jwinder_jan31.pdf,d999a099,5,low,vision/legacy_born_digital_scan,1,"p4:x70,y550,w700,h44@100dpi",0
James M. Winder,Sheriff,,2006,2008-01-31,,2007-12-31,Utah Law Enforcement Credit Union,Utah Law Enforcement Credit Union,Bank fees,266.40,False,False,raw/clerk_legacy/08_jwinder_jan31.pdf,d999a099,6,low,vision/legacy_born_digital_scan,1,"p4:x70,y598,w700,h44@100dpi",0
James M. Winder,Sheriff,,2006,2008-01-31,,2007-10-26,United States Postal Service,United States Postal Service,Post office box rental,58.00,False,False,raw/clerk_legacy/08_jwinder_jan31.pdf,d999a099,7,low,vision/legacy_born_digital_scan,1,"p4:x70,y646,w700,h44@100dpi",0
James M. Winder,Sheriff,,2006,2008-01-31,,2007-XX,Gastronomy Inc,Gastronomy Inc,Fundraising dinner,1200.00,True,False,raw/clerk_legacy/08_jwinder_jan31.pdf,d999a099,8,low,vision/legacy_born_digital_scan,1,"p4:x70,y694,w700,h44@100dpi",0
James M. Winder,Sheriff,,2006,2008-01-31,,2007-XX,Committee to Re-Elect Jackie Biskupski,Committee to Re-Elect Jackie Biskupski,Invitations,127.51,True,False,raw/clerk_legacy/08_jwinder_jan31.pdf,d999a099,9,low,vision/legacy_born_digital_scan,1,"p4:x70,y742,w700,h44@100dpi",0
James M. Winder,Sheriff,,2006,2008-01-31,,2007-XX,Committee to Re-Elect Jackie Biskupski,Committee to Re-Elect Jackie Biskupski,Cards & Envelopes,24.46,True,False,raw/clerk_legacy/08_jwinder_jan31.pdf,d999a099,10,low,vision/legacy_born_digital_scan,1,"p4:x70,y790,w700,h44@100dpi",0
James M. Winder,Sheriff,,2006,2008-01-31,,2007-XX,Committee to Re-Elect Jackie Biskupski,Committee to Re-Elect Jackie Biskupski,Stamps,123.00,True,False,raw/clerk_legacy/08_jwinder_jan31.pdf,d999a099,11,low,vision/legacy_born_digital_scan,1,"p4:x70,y838,w700,h44@100dpi",0
James M. Winder,Sheriff,,2006,2008-01-31,,2007-XX,Committee to Re-Elect Jackie Biskupski,Committee to Re-Elect Jackie Biskupski,Printing,327.38,True,False,raw/clerk_legacy/08_jwinder_jan31.pdf,d999a099,12,low,vision/legacy_born_digital_scan,1,"p4:x70,y886,w700,h44@100dpi",0
James M. Winder,Sheriff,,2006,2008-01-31,,2007-XX,Committee to Re-Elect Jackie Biskupski,Committee to Re-Elect Jackie Biskupski,"Letterhead, remittance envelopes",770.39,True,False,raw/clerk_legacy/08_jwinder_jan31.pdf,d999a099,13,low,vision/legacy_born_digital_scan,1,"p4:x70,y934,w700,h44@100dpi",0
James M. Winder,Sheriff,,2006,2008-01-31,,2007-XX,Committee to Re-Elect Jackie Biskupski,Committee to Re-Elect Jackie Biskupski,Stamps,123.00,True,False,raw/clerk_legacy/08_jwinder_jan31.pdf,d999a099,14,low,vision/legacy_born_digital_scan,1,"p4:x70,y982,w700,h44@100dpi",0
James M. Winder,Sheriff,,2006,2008-01-31,,2007-XX,Committee to Re-Elect Jackie Biskupski,Committee to Re-Elect Jackie Biskupski,Holiday Cards,100.81,True,False,raw/clerk_legacy/08_jwinder_jan31.pdf,d999a099,15,low,vision/legacy_born_digital_scan,1,"p4:x70,y1030,w700,h44@100dpi",0
James M. Winder,Sheriff,,2006,2008-01-31,,2007-XX,Committee to Re-Elect Jackie Biskupski,Committee to Re-Elect Jackie Biskupski,Eggs in the City meeting w/ supporter,33.20,True,False,raw/clerk_legacy/08_jwinder_jan31.pdf,d999a099,16,low,vision/legacy_born_digital_scan,1,"p4:x70,y1078,w700,h44@100dpi",0
James M. Winder,Sheriff,,2006,2008-01-31,,2007-XX,Committee to Re-Elect Jackie Biskupski,Committee to Re-Elect Jackie Biskupski,Holiday Cards,134.29,True,False,raw/clerk_legacy/08_jwinder_jan31.pdf,d999a099,17,low,vision/legacy_born_digital_scan,1,"p4:x70,y1126,w700,h44@100dpi",0
Ben McAdams,Mayor,,2011,2012-03-13,,2011-11-15,Anna Thompson,Anna Thompson,Salary,500.00,False,False,raw/clerk_legacy/BMcAdams_11_YearEnd_Amend_Mayor_Redacted.pdf,64e40e76,1,high,vision/legacy_landscape_attachment,0,"p7:x70,y232,w700,h44@250dpi",1
Ben McAdams,Mayor,,2011,2012-03-13,,2011-12-01,Anna Thompson,Anna Thompson,Salary,500.00,False,False,raw/clerk_legacy/BMcAdams_11_YearEnd_Amend_Mayor_Redacted.pdf,64e40e76,2,high,vision/legacy_landscape_attachment,0,"p7:x70,y264,w700,h44@250dpi",1
Ben McAdams,Mayor,,2011,2012-03-13,,2011-12-01,NGP VAN,NGP VAN,Database,1650.00,False,False,raw/clerk_legacy/BMcAdams_11_YearEnd_Amend_Mayor_Redacted.pdf,64e40e76,3,high,vision/legacy_landscape_attachment,0,"p7:x70,y296,w700,h44@250dpi",1
Ben McAdams,Mayor,,2011,2012-03-13,,2011-12-07,Gastronomy,Gastronomy,Tips,60.00,False,False,raw/clerk_legacy/BMcAdams_11_YearEnd_Amend_Mayor_Redacted.pdf,64e40e76,4,high,vision/legacy_landscape_attachment,0,"p7:x70,y328,w700,h44@250dpi",1
Ben McAdams,Mayor,,2011,2012-03-13,,2011-12-07,Sam Granato,Sam Granato,Food,100.00,True,False,raw/clerk_legacy/BMcAdams_11_YearEnd_Amend_Mayor_Redacted.pdf,64e40e76,5,high,vision/legacy_landscape_attachment,0,"p7:x70,y360,w700,h44@250dpi",1
Ben McAdams,Mayor,,2011,2012-03-13,,2011-12-11,Chevron,Chevron,Gas,30.82,False,False,raw/clerk_legacy/BMcAdams_11_YearEnd_Amend_Mayor_Redacted.pdf,64e40e76,6,high,vision/legacy_landscape_attachment,0,"p7:x70,y392,w700,h44@250dpi",1
Ben McAdams,Mayor,,2011,2012-03-13,,2011-12-12,FedEx,FedEx,Copies,10.26,False,False,raw/clerk_legacy/BMcAdams_11_YearEnd_Amend_Mayor_Redacted.pdf,64e40e76,7,high,vision/legacy_landscape_attachment,0,"p7:x70,y424,w700,h44@250dpi",1
Ben McAdams,Mayor,,2011,2012-03-13,,2011-12-12,Patrick Thompson,Patrick Thompson,Design work,60.00,False,False,raw/clerk_legacy/BMcAdams_11_YearEnd_Amend_Mayor_Redacted.pdf,64e40e76,8,high,vision/legacy_landscape_attachment,0,"p7:x70,y456,w700,h44@250dpi",1
Ben McAdams,Mayor,,2011,2012-03-13,,2011-12-14,Maverik,Maverik,Gas,29.48,False,False,raw/clerk_legacy/BMcAdams_11_YearEnd_Amend_Mayor_Redacted.pdf,64e40e76,9,high,vision/legacy_landscape_attachment,0,"p7:x70,y488,w700,h44@250dpi",1
Ben McAdams,Mayor,,2011,2012-03-13,,2011-12-15,Anna Thompson,Anna Thompson,Salary,750.00,False,False,raw/clerk_legacy/BMcAdams_11_YearEnd_Amend_Mayor_Redacted.pdf,64e40e76,10,high,vision/legacy_landscape_attachment,0,"p7:x70,y520,w700,h44@250dpi",1
Ben McAdams,Mayor,,2011,2012-03-13,,2011-12-15,Costco,Costco,Postage,420.50,False,False,raw/clerk_legacy/BMcAdams_11_YearEnd_Amend_Mayor_Redacted.pdf,64e40e76,11,high,vision/legacy_landscape_attachment,0,"p7:x70,y552,w700,h44@250dpi",1
Ben McAdams,Mayor,,2011,2012-03-13,,2011-12-15,FedEx,FedEx,Copies,463.48,False,False,raw/clerk_legacy/BMcAdams_11_YearEnd_Amend_Mayor_Redacted.pdf,64e40e76,12,high,vision/legacy_landscape_attachment,0,"p7:x70,y584,w700,h44@250dpi",1
Ben McAdams,Mayor,,2011,2012-03-13,,2011-12-15,Jeff Bell,Jeff Bell,Website,1500.00,False,False,raw/clerk_legacy/BMcAdams_11_YearEnd_Amend_Mayor_Redacted.pdf,64e40e76,13,high,vision/legacy_landscape_attachment,0,"p7:x70,y616,w700,h44@250dpi",1
Ben McAdams,Mayor,,2011,2012-03-13,,2011-12-15,Justin Miller,Justin Miller,Salary,4500.00,False,False,raw/clerk_legacy/BMcAdams_11_YearEnd_Amend_Mayor_Redacted.pdf,64e40e76,14,high,vision/legacy_landscape_attachment,0,"p7:x70,y648,w700,h44@250dpi",1
Ben McAdams,Mayor,,2011,2012-03-13,,2011-12-15,Service Press,Service Press,Printing,169.57,False,False,raw/clerk_legacy/BMcAdams_11_YearEnd_Amend_Mayor_Redacted.pdf,64e40e76,15,high,vision/legacy_landscape_attachment,0,"p7:x70,y680,w700,h44@250dpi",1
Ben McAdams,Mayor,,2011,2012-03-13,,2011-12-18,Chevron,Chevron,Gas,29.62,False,False,raw/clerk_legacy/BMcAdams_11_YearEnd_Amend_Mayor_Redacted.pdf,64e40e76,16,high,vision/legacy_landscape_attachment,0,"p7:x70,y712,w700,h44@250dpi",1
Ben McAdams,Mayor,,2011,2012-03-13,,2011-12-19,CLEAR,CLEAR,Internet,218.77,False,False,raw/clerk_legacy/BMcAdams_11_YearEnd_Amend_Mayor_Redacted.pdf,64e40e76,17,high,vision/legacy_landscape_attachment,0,"p7:x70,y744,w700,h44@250dpi",1
Ben McAdams,Mayor,,2011,2012-03-13,,2011-12-19,FedEx,FedEx,Copies,7.69,False,False,raw/clerk_legacy/BMcAdams_11_YearEnd_Amend_Mayor_Redacted.pdf,64e40e76,18,high,vision/legacy_landscape_attachment,0,"p7:x70,y776,w700,h44@250dpi",1
Ben McAdams,Mayor,,2011,2012-03-13,,2011-12-21,Glens Key,Glens Key,Keys,12.50,False,False,raw/clerk_legacy/BMcAdams_11_YearEnd_Amend_Mayor_Redacted.pdf,64e40e76,19,high,vision/legacy_landscape_attachment,0,"p7:x70,y808,w700,h44@250dpi",1
Ben McAdams,Mayor,,2011,2012-03-13,,2011-12-21,U-Haul,U-Haul,Rental,50.06,False,False,raw/clerk_legacy/BMcAdams_11_YearEnd_Amend_Mayor_Redacted.pdf,64e40e76,20,high,vision/legacy_landscape_attachment,0,"p7:x70,y840,w700,h44@250dpi",1
Ben McAdams,Mayor,,2011,2012-03-13,,2011-12-22,Patrick Thompson,Patrick Thompson,Design work,100.00,False,False,raw/clerk_legacy/BMcAdams_11_YearEnd_Amend_Mayor_Redacted.pdf,64e40e76,21,high,vision/legacy_landscape_attachment,0,"p7:x70,y872,w700,h44@250dpi",1
Ben McAdams,Mayor,,2011,2012-03-13,,2011-12-23,Shoppers Express,Shoppers Express,Gas,29.59,False,False,raw/clerk_legacy/BMcAdams_11_YearEnd_Amend_Mayor_Redacted.pdf,64e40e76,22,high,vision/legacy_landscape_attachment,0,"p7:x70,y904,w700,h44@250dpi",1
Ben McAdams,Mayor,,2011,2012-03-13,,2011-12-27,Best Buy,Best Buy,PC stuff,74.92,False,False,raw/clerk_legacy/BMcAdams_11_YearEnd_Amend_Mayor_Redacted.pdf,64e40e76,23,high,vision/legacy_landscape_attachment,0,"p7:x70,y936,w700,h44@250dpi",1
Ben McAdams,Mayor,,2011,2012-03-13,,2011-12-27,FedEx,FedEx,Copies,4.16,False,False,raw/clerk_legacy/BMcAdams_11_YearEnd_Amend_Mayor_Redacted.pdf,64e40e76,24,high,vision/legacy_landscape_attachment,0,"p7:x70,y968,w700,h44@250dpi",1
Ben McAdams,Mayor,,2011,2012-03-13,,2011-12-27,Harmons,Harmons,Office supplies,82.94,False,False,raw/clerk_legacy/BMcAdams_11_YearEnd_Amend_Mayor_Redacted.pdf,64e40e76,25,high,vision/legacy_landscape_attachment,0,"p7:x70,y1000,w700,h44@250dpi",1
Ben McAdams,Mayor,,2011,2012-03-13,,2011-12-27,Office Depot,Office Depot,Office supplies,37.76,False,False,raw/clerk_legacy/BMcAdams_11_YearEnd_Amend_Mayor_Redacted.pdf,64e40e76,26,high,vision/legacy_landscape_attachment,0,"p7:x70,y1032,w700,h44@250dpi",1
Ben McAdams,Mayor,,2011,2012-03-13,,2011-12-27,Radio Shack,Radio Shack,PC items,21.36,False,False,raw/clerk_legacy/BMcAdams_11_YearEnd_Amend_Mayor_Redacted.pdf,64e40e76,27,high,vision/legacy_landscape_attachment,0,"p7:x70,y1064,w700,h44@250dpi",1
Ben McAdams,Mayor,,2011,2012-03-13,,2011-12-28,USPS,USPS,PO Box,29.00,False,False,raw/clerk_legacy/BMcAdams_11_YearEnd_Amend_Mayor_Redacted.pdf,64e40e76,28,high,vision/legacy_landscape_attachment,0,"p7:x70,y1096,w700,h44@250dpi",1
Ben McAdams,Mayor,,2011,2012-03-13,,2011-12-31,Anna Thompson,Anna Thompson,Salary,500.00,False,False,raw/clerk_legacy/BMcAdams_11_YearEnd_Amend_Mayor_Redacted.pdf,64e40e76,29,high,vision/legacy_landscape_attachment,0,"p7:x70,y1128,w700,h44@250dpi",1
Jim Bradley,Council,,2012,2012-04-05,,2012-03-13,Salt Lake County,Salt Lake County,Filing fee,259.74,False,False,raw/clerk_legacy/Bradley_J_12_April_Interim_Amend_CntyCncl_AtLrgC_R.pdf,e2a072a4,1,high,vision/legacy_colAB,0,"p4:x70,y358,w700,h44@200dpi",1
Mary Bishop,Recorder,,2014,2014-06-17,,2014-03-14,Service Press,Service Press,Poster/signs,114.17,False,False,raw/clerk_legacy/BishopM_2014_April.pdf,9fa1d4aa,1,high,vision/legacy_landscape_attachment,0,"p6:x70,y228,w700,h44@250dpi",1
Mary Bishop,Recorder,,2014,2014-06-17,,2014-03-14,Signz,Signz,Banners,170.96,False,False,raw/clerk_legacy/BishopM_2014_April.pdf,9fa1d4aa,2,high,vision/legacy_landscape_attachment,0,"p6:x70,y261,w700,h44@250dpi",1
Mary Bishop,Recorder,,2014,2014-06-17,,2014-03-14,SL Co. Clerk,SL Co. Clerk,Filing fee,706.37,False,False,raw/clerk_legacy/BishopM_2014_April.pdf,9fa1d4aa,3,high,vision/legacy_landscape_attachment,0,"p6:x70,y294,w700,h44@250dpi",1
Mary Bishop,Recorder,,2014,2014-06-17,,2014-03-26,Service Press,Service Press,Remit envelopes,192.33,False,False,raw/clerk_legacy/BishopM_2014_April.pdf,9fa1d4aa,4,high,vision/legacy_landscape_attachment,0,"p6:x70,y327,w700,h44@250dpi",1
Mary Bishop,Recorder,,2014,2014-06-17,,2014-01-19,Utah State,Utah State,DBA,22.00,False,False,raw/clerk_legacy/BishopM_2014_April.pdf,9fa1d4aa,5,high,vision/legacy_landscape_attachment,0,"p6:x70,y360,w700,h44@250dpi",1
Mary Bishop,Recorder,,2014,2014-06-17,,2014-02-09,GoDaddy.com,GoDaddy.com,Domain and web services,79.93,False,False,raw/clerk_legacy/BishopM_2014_April.pdf,9fa1d4aa,6,high,vision/legacy_landscape_attachment,0,"p6:x70,y393,w700,h44@250dpi",1
Mary Bishop,Recorder,,2014,2014-06-17,,2014-12-11,Service Press,Service Press,Stationery,431.67,False,False,raw/clerk_legacy/BishopM_2014_April.pdf,9fa1d4aa,7,high,vision/legacy_landscape_attachment,0,"p6:x70,y426,w700,h44@250dpi",1
Mary Bishop,Recorder,,2014,2014-06-17,,2014-03-31,Mary Bishop,Mary Bishop,Loan payback,1100.00,False,False,raw/clerk_legacy/BishopM_2014_April.pdf,9fa1d4aa,8,high,vision/legacy_landscape_attachment,0,"p6:x70,y459,w700,h44@250dpi",1
Lee Gardner,Assessor,,2020,2006-06-19,,2006-04-23,GoDaddy.com,GoDaddy.com,Web site,111.37,False,False,raw/clerk_legacy/lgardner_june202006amend.pdf,217aa8a4,1,high,vision/legacy_colAB,0,"p4:x70,y358,w700,h44@200dpi",1
Lee Gardner,Assessor,,2020,2006-06-19,,2006-04-26,Sutherlands,Sutherlands,Rope,44.71,False,False,raw/clerk_legacy/lgardner_june202006amend.pdf,217aa8a4,2,high,vision/legacy_colAB,0,"p4:x70,y406,w700,h44@200dpi",1
Lee Gardner,Assessor,,2020,2006-06-19,,2006-04-28,Kinkos,Kinkos,Brochures,273.39,False,False,raw/clerk_legacy/lgardner_june202006amend.pdf,217aa8a4,3,high,vision/legacy_colAB,0,"p4:x70,y454,w700,h44@200dpi",1
Lee Gardner,Assessor,,2020,2006-06-19,,2006-04-29,A-1 Pioneer Moving & Storage,A-1 Pioneer Moving & Storage,Trailer,140.00,True,False,raw/clerk_legacy/lgardner_june202006amend.pdf,217aa8a4,4,high,vision/legacy_colAB,0,"p4:x70,y502,w700,h44@200dpi",1
Lee Gardner,Assessor,,2020,2006-06-19,,2006-05-31,Wells Fargo,Wells Fargo,Misc bank charges,22.00,False,False,raw/clerk_legacy/lgardner_june202006amend.pdf,217aa8a4,5,high,vision/legacy_colAB,0,"p4:x70,y550,w700,h44@200dpi",1
Joe Hatch,Council,,,2006-01-31,,2005-11 to 2005-12,Wells-Fargo,Wells-Fargo,"Bank service fee, monthly $30",36.00,False,False,raw/clerk_legacy/jhatch_jan3106.pdf,69c420fb,1,high,vision/legacy_colAB,0,"p4:x70,y358,w700,h44@200dpi",1
Joe Hatch,Council,,,2006-01-31,,2005-08-15,Demo Hispanic Caucus,Demo Hispanic Caucus,Contribution,30.00,False,False,raw/clerk_legacy/jhatch_jan3106.pdf,69c420fb,2,high,vision/legacy_colAB,0,"p4:x70,y406,w700,h44@200dpi",1
Joe Hatch,Council,,,2006-01-31,,2005-10-11,Benns for City Council,Benns for City Council,Contribution,100.00,False,False,raw/clerk_legacy/jhatch_jan3106.pdf,69c420fb,3,high,vision/legacy_colAB,0,"p4:x70,y454,w700,h44@200dpi",1
Joe Hatch,Council,,,2006-01-31,,2005-10-17,Remington for City Council,Remington for City Council,Contribution,50.00,False,False,raw/clerk_legacy/jhatch_jan3106.pdf,69c420fb,4,high,vision/legacy_colAB,0,"p4:x70,y502,w700,h44@200dpi",1
Joe Hatch,Council,,,2006-01-31,,2005-10-19,Flo Winder,Flo Winder,Contribution for [Terrell] funeral,50.00,False,False,raw/clerk_legacy/jhatch_jan3106.pdf,69c420fb,5,high,vision/legacy_colAB,0,"p4:x70,y550,w700,h44@200dpi",1
Joe Hatch,Council,,,2006-01-31,,2005-10-13,Wilde for Mayor,Wilde for Mayor,Contribution,100.00,False,False,raw/clerk_legacy/jhatch_jan3106.pdf,69c420fb,6,high,vision/legacy_colAB,0,"p4:x70,y598,w700,h44@200dpi",1
Joe Hatch,Council,,,2006-01-31,,2005-10-30,House for City Council,House for City Council,Contribution,100.00,False,False,raw/clerk_legacy/jhatch_jan3106.pdf,69c420fb,7,high,vision/legacy_colAB,0,"p4:x70,y646,w700,h44@200dpi",1
Joe Hatch,Council,,,2006-01-31,,2005-01-04,Key Bank,Key Bank,Interest on loan to Demo Party,100.24,False,False,raw/clerk_legacy/jhatch_jan3106.pdf,69c420fb,8,high,vision/legacy_colAB,0,"p4:x70,y694,w700,h44@200dpi",1
Joe Hatch,Council,,2004,2005-01-31,,2005-02-23 to 2005-01-24,Wells Fargo Bank,Wells Fargo Bank,Monthly banking fees,46.00,False,False,raw/clerk_legacy/hatch_january312005.pdf,289fef21,1,high,vision/legacy_colAB,0,"p4:x70,y358,w700,h44@200dpi",1
Joe Hatch,Council,,2004,2005-01-31,,2004-02-10,Democratic Women's Forum,Democratic Women's Forum,Luncheon,28.00,False,False,raw/clerk_legacy/hatch_january312005.pdf,289fef21,2,high,vision/legacy_colAB,0,"p4:x70,y406,w700,h44@200dpi",1
Joe Hatch,Council,,2004,2005-01-31,,2004-03-04,Utah Democratic Party,Utah Democratic Party,Contribution,270.00,False,False,raw/clerk_legacy/hatch_january312005.pdf,289fef21,3,high,vision/legacy_colAB,0,"p4:x70,y454,w700,h44@200dpi",1
Joe Hatch,Council,,2004,2005-01-31,,2004-03-10,Citizens for Global Solutions,Citizens for Global Solutions,Contribution,35.00,False,False,raw/clerk_legacy/hatch_january312005.pdf,289fef21,4,high,vision/legacy_colAB,0,"p4:x70,y502,w700,h44@200dpi",1
Joe Hatch,Council,,2004,2005-01-31,,2004-04-30,Salt Lake County Demo Party,Salt Lake County Demo Party,Contribution,50.00,False,False,raw/clerk_legacy/hatch_january312005.pdf,289fef21,5,high,vision/legacy_colAB,0,"p4:x70,y550,w700,h44@200dpi",1
Joe Hatch,Council,,2004,2005-01-31,,2004-05-13,American Express,American Express,"Kerr's button, bumper stkrs, signs",1845.75,False,False,raw/clerk_legacy/hatch_january312005.pdf,289fef21,6,high,vision/legacy_colAB,0,"p4:x70,y598,w700,h44@200dpi",1
Joe Hatch,Council,,2004,2005-01-31,,2004-05-20,Diana Blaes for Council,Diana Blaes for Council,Contribution,50.00,False,False,raw/clerk_legacy/hatch_january312005.pdf,289fef21,7,high,vision/legacy_colAB,0,"p4:x70,y646,w700,h44@200dpi",1
Joe Hatch,Council,,2004,2005-01-31,,2004-07-21,Eli Raindancer,Eli Raindancer,Convention cost gift,75.00,False,False,raw/clerk_legacy/hatch_january312005.pdf,289fef21,8,high,vision/legacy_colAB,0,"p4:x70,y694,w700,h44@200dpi",1
Joe Hatch,Council,,2004,2005-01-31,,2004-10-14,Utah Demo Party,Utah Demo Party,Contribution,50.00,False,False,raw/clerk_legacy/hatch_january312005.pdf,289fef21,9,high,vision/legacy_colAB,0,"p4:x70,y742,w700,h44@200dpi",1
Joe Hatch,Council,,2004,2005-01-31,,2004-10-20,Joe Hatch,Joe Hatch,Partial repayment of loan ($1000 outstanding),1000.00,False,False,raw/clerk_legacy/hatch_january312005.pdf,289fef21,10,high,vision/legacy_colAB,0,"p4:x70,y790,w700,h44@200dpi",1
Joe Hatch,Council,,2004,2005-01-31,,2004-10-07,Joe Hatch,Joe Hatch,Repayment for postage & Kerry button,500.00,False,False,raw/clerk_legacy/hatch_january312005.pdf,289fef21,11,high,vision/legacy_colAB,0,"p4:x70,y838,w700,h44@200dpi",1
Joe Hatch,Council,,2004,2005-01-31,,2004-10-14,Anchor Printing,Anchor Printing,Envelopes,92.74,False,False,raw/clerk_legacy/hatch_january312005.pdf,289fef21,12,high,vision/legacy_colAB,0,"p4:x70,y886,w700,h44@200dpi",1
Joe Hatch,Council,,2004,2005-01-31,,2004-10-20,Wilson for Council,Wilson for Council,Contribution,700.00,False,False,raw/clerk_legacy/hatch_january312005.pdf,289fef21,13,high,vision/legacy_colAB,0,"p4:x70,y934,w700,h44@200dpi",1
Joe Hatch,Council,,2004,2005-01-31,,2004-10-24,Utah Demo Party,Utah Demo Party,Contribution,1000.00,False,False,raw/clerk_legacy/hatch_january312005.pdf,289fef21,14,high,vision/legacy_colAB,0,"p4:x70,y982,w700,h44@200dpi",1
Joe Hatch,Council,,2004,2005-01-31,,2004-10-29,Utah Citizens for Health,Utah Citizens for Health,Contribution,100.00,False,False,raw/clerk_legacy/hatch_january312005.pdf,289fef21,15,high,vision/legacy_colAB,0,"p5:x70,y358,w700,h44@200dpi",1
Joe Hatch,Council,,2004,2005-01-31,,2004-10-24,Committee to Elect Chris Cage,Committee to Elect Chris Cage,Contribution,100.00,False,False,raw/clerk_legacy/hatch_january312005.pdf,289fef21,16,high,vision/legacy_colAB,0,"p5:x70,y406,w700,h44@200dpi",1
Joe Hatch,Council,,2004,2005-01-31,,2004-10-29,Corroon for Mayor,Corroon for Mayor,Contribution,500.00,False,False,raw/clerk_legacy/hatch_january312005.pdf,289fef21,17,high,vision/legacy_colAB,0,"p5:x70,y454,w700,h44@200dpi",1
Joe Hatch,Council,,2004,2005-01-31,,2004-10-25,Utah Demo Party on behalf of Chris Cage,Utah Demo Party on behalf of Chris Cage,Contribution,250.00,False,False,raw/clerk_legacy/hatch_january312005.pdf,289fef21,18,high,vision/legacy_colAB,0,"p5:x70,y502,w700,h44@200dpi",1
Joe Hatch,Council,,2004,2005-01-31,,2004-12-02,Joe Hatch,Joe Hatch,Partial repayment of loan ($500 balance),500.00,False,False,raw/clerk_legacy/hatch_january312005.pdf,289fef21,19,high,vision/legacy_colAB,0,"p5:x70,y550,w700,h44@200dpi",1
Joe Hatch,Council,,2004,2005-01-31,,2005-01-04,Key Bank,Key Bank,Payment of interest of Demo loan,76.24,False,False,raw/clerk_legacy/hatch_january312005.pdf,289fef21,20,high,vision/legacy_colAB,0,"p5:x70,y598,w700,h44@200dpi",1
Jeff S. Allen,Council,,2006,2006-06-20,,2006-04-08,Post Net,Post Net,Mailings,93.60,False,False,raw/clerk_legacy/20_june_allen_jeff06.pdf,f8e1c223,1,high,vision/legacy_colAB,0,"p4:x70,y358,w700,h44@300dpi",1
Jeff S. Allen,Council,,2006,2006-06-20,,2006-04-09,Post Net,Post Net,Mailings,24.30,False,False,raw/clerk_legacy/20_june_allen_jeff06.pdf,f8e1c223,2,high,vision/legacy_colAB,0,"p4:x70,y406,w700,h44@300dpi",1
Jeff S. Allen,Council,,2006,2006-06-20,,2006-04-06,SLCo Repub. Party,SLCo Repub. Party,Convention booth,200.00,False,False,raw/clerk_legacy/20_june_allen_jeff06.pdf,f8e1c223,3,high,vision/legacy_colAB,0,"p4:x70,y454,w700,h44@300dpi",1
Jeff S. Allen,Council,,2006,2006-06-20,,2006-04-20,Mike Dobson,Mike Dobson,DM Design,120.00,False,False,raw/clerk_legacy/20_june_allen_jeff06.pdf,f8e1c223,4,high,vision/legacy_colAB,0,"p4:x70,y502,w700,h44@300dpi",1
Jeff S. Allen,Council,,2006,2006-06-20,,2006-04-24,M&M Caps,M&M Caps,Hats,485.03,False,False,raw/clerk_legacy/20_june_allen_jeff06.pdf,f8e1c223,5,high,vision/legacy_colAB,0,"p4:x70,y550,w700,h44@300dpi",1
Jeff S. Allen,Council,,2006,2006-06-20,,2006-04-27,Village Inn,Village Inn,Meet & greet,130.00,False,False,raw/clerk_legacy/20_june_allen_jeff06.pdf,f8e1c223,6,high,vision/legacy_colAB,0,"p4:x70,y598,w700,h44@300dpi",1
Jeff S. Allen,Council,,2006,2006-06-20,,2006-04-27,Village Inn,Village Inn,Cmte dinner,29.52,False,False,raw/clerk_legacy/20_june_allen_jeff06.pdf,f8e1c223,7,high,vision/legacy_colAB,0,"p4:x70,y646,w700,h44@300dpi",1
Jeff S. Allen,Council,,2006,2006-06-20,,2006-04-27,Garden Restaurant,Garden Restaurant,Lunch w/ Mayor Applegarth,19.58,False,False,raw/clerk_legacy/20_june_allen_jeff06.pdf,f8e1c223,8,high,vision/legacy_colAB,0,"p4:x70,y694,w700,h44@300dpi",1
Jeff S. Allen,Council,,2006,2006-06-20,,2006-05-02,Domain Names,Domain Names,Reserve domain,9.25,False,False,raw/clerk_legacy/20_june_allen_jeff06.pdf,f8e1c223,9,high,vision/legacy_colAB,0,"p4:x70,y742,w700,h44@300dpi",1
Jeff S. Allen,Council,,2006,2006-06-20,,2006-05-02,FedEx Kinko's,FedEx Kinko's,Picture mounting,79.95,False,False,raw/clerk_legacy/20_june_allen_jeff06.pdf,f8e1c223,10,high,vision/legacy_colAB,0,"p4:x70,y790,w700,h44@300dpi",1
Jeff S. Allen,Council,,2006,2006-06-20,,2006-04-19,Johanna's Kitchen,Johanna's Kitchen,Meet & greet,100.00,False,False,raw/clerk_legacy/20_june_allen_jeff06.pdf,f8e1c223,11,high,vision/legacy_colAB,0,"p4:x70,y838,w700,h44@300dpi",1
Jeff S. Allen,Council,,2006,2006-06-20,,2006-04-12,Winger's,Winger's,Meet & greet,100.00,False,False,raw/clerk_legacy/20_june_allen_jeff06.pdf,f8e1c223,12,high,vision/legacy_colAB,0,"p4:x70,y886,w700,h44@300dpi",1
Jeff S. Allen,Council,,2006,2006-06-20,,2006-04-07,Costco,Costco,Meet & greet,86.67,False,False,raw/clerk_legacy/20_june_allen_jeff06.pdf,f8e1c223,13,high,vision/legacy_colAB,0,"p4:x70,y934,w700,h44@300dpi",1
Jeff S. Allen,Council,,2006,2006-06-20,,2006-04-07,Albertsons,Albertsons,Meet & greet,5.37,False,False,raw/clerk_legacy/20_june_allen_jeff06.pdf,f8e1c223,14,high,vision/legacy_colAB,0,"p4:x70,y982,w700,h44@300dpi",1
Jeff S. Allen,Council,,2006,2006-06-20,,2006-04-07,Dollar Tree,Dollar Tree,Meet & greets,18.12,False,False,raw/clerk_legacy/20_june_allen_jeff06.pdf,f8e1c223,15,high,vision/legacy_colAB,0,"p4:x70,y1030,w700,h44@300dpi",1
Jeff S. Allen,Council,,2006,2006-06-20,,2006-04-20,Costco,Costco,Meet & greets,22.34,False,False,raw/clerk_legacy/20_june_allen_jeff06.pdf,f8e1c223,16,high,vision/legacy_colAB,0,"p4:x70,y1078,w700,h44@300dpi",1
Jeff S. Allen,Council,,2006,2006-06-20,,2006-04-12,Cookie Tree,Cookie Tree,Meet & greets,52.74,False,False,raw/clerk_legacy/20_june_allen_jeff06.pdf,f8e1c223,17,high,vision/legacy_colAB,0,"p4:x70,y1126,w700,h44@300dpi",1
Jeff S. Allen,Council,,2006,2006-06-20,,2006-04-27,Ritz Camera,Ritz Camera,"Photos, convention booth",31.96,False,False,raw/clerk_legacy/20_june_allen_jeff06.pdf,f8e1c223,18,high,vision/legacy_colAB,0,"p4:x70,y1174,w700,h44@300dpi",1
Jeff S. Allen,Council,,2006,2006-06-20,,2006-04-03,PostNet,PostNet,Mailers,111.51,False,False,raw/clerk_legacy/20_june_allen_jeff06.pdf,f8e1c223,19,high,vision/legacy_colAB,0,"p4:x70,y1222,w700,h44@300dpi",1
Jeff S. Allen,Council,,2006,2006-06-20,,2006-04-04,PostNet,PostNet,Mailers,24.30,False,False,raw/clerk_legacy/20_june_allen_jeff06.pdf,f8e1c223,20,high,vision/legacy_colAB,0,"p4:x70,y1270,w700,h44@300dpi",1
Jeff S. Allen,Council,,2006,2006-06-20,,2006-04-07,Home Depot,Home Depot,Sign ties,3.85,False,False,raw/clerk_legacy/20_june_allen_jeff06.pdf,f8e1c223,21,high,vision/legacy_colAB,0,"p4:x70,y1318,w700,h44@300dpi",1
Jeff S. Allen,Council,,2006,2006-06-20,,2006-04-27,Universal Signs,Universal Signs,Banner,149.29,False,False,raw/clerk_legacy/20_june_allen_jeff06.pdf,f8e1c223,22,high,vision/legacy_colAB,0,"p4:x70,y1366,w700,h44@300dpi",1
Jeff S. Allen,Council,,2006,2006-06-20,,2006-04-26,Cookie Tree,Cookie Tree,Cookies - convention,98.19,False,False,raw/clerk_legacy/20_june_allen_jeff06.pdf,f8e1c223,23,high,vision/legacy_colAB,0,"p4:x70,y1414,w700,h44@300dpi",1
Jeff S. Allen,Council,,2006,2006-06-20,,2006-04-03,Original Trading,Original Trading,Convention handouts,619.03,False,False,raw/clerk_legacy/20_june_allen_jeff06.pdf,f8e1c223,24,high,vision/legacy_colAB,0,"p4:x70,y1462,w700,h44@300dpi",1
Jeff S. Allen,Council,,2006,2006-06-20,,2006-04-25,Chad Benton,Chad Benton,Mailers,150.00,False,False,raw/clerk_legacy/20_june_allen_jeff06.pdf,f8e1c223,25,high,vision/legacy_colAB,0,"p4:x70,y1510,w700,h44@300dpi",1
Jeff S. Allen,Council,,2006,2006-06-20,,2006-06-16,W. Jordan,W. Jordan,Booths,200.50,False,False,raw/clerk_legacy/20_june_allen_jeff06.pdf,f8e1c223,26,high,vision/legacy_colAB,0,"p4:x70,y1558,w700,h44@300dpi",1
Jeff S. Allen,Council,,2006,2006-06-20,,2006-06-16,Riverton,Riverton,Booths,100.50,False,False,raw/clerk_legacy/20_june_allen_jeff06.pdf,f8e1c223,27,high,vision/legacy_colAB,0,"p4:x70,y1606,w700,h44@300dpi",1
Jeff S. Allen,Council,,2006,2006-06-20,,2006-04-27,Authentic Concepts,Authentic Concepts,Shirts,982.50,True,False,raw/clerk_legacy/20_june_allen_jeff06.pdf,f8e1c223,28,high,vision/legacy_colAB,0,"p4:x70,y1654,w700,h44@300dpi",1
Jim Bradley,Council,,,2008-01-31,,2007-02-12,Paypal,Paypal,Bank fee,10.00,False,False,raw/clerk_legacy/08_jbradley_jan31.pdf,1d733db5,1,high,vision/legacy_landscape_attachment,0,"p6:x70,y358,w700,h44@250dpi",1
Jim Bradley,Council,,,2008-01-31,,2007-03-05,Paypal,Paypal,Bank fee,20.00,False,False,raw/clerk_legacy/08_jbradley_jan31.pdf,1d733db5,2,high,vision/legacy_landscape_attachment,0,"p6:x70,y406,w700,h44@250dpi",1
Jim Bradley,Council,,,2008-01-31,,2007-04-05,Paypal,Paypal,Bank fee,20.00,False,False,raw/clerk_legacy/08_jbradley_jan31.pdf,1d733db5,3,high,vision/legacy_landscape_attachment,0,"p6:x70,y454,w700,h44@250dpi",1
Jim Bradley,Council,,,2008-01-31,,2007-04-09,Network Solutions,Network Solutions,Website address registration,34.99,False,False,raw/clerk_legacy/08_jbradley_jan31.pdf,1d733db5,4,high,vision/legacy_landscape_attachment,0,"p6:x70,y502,w700,h44@250dpi",1
Jim Bradley,Council,,,2008-01-31,,2007-04-19,Utah Outdoor Sign,Utah Outdoor Sign,Billboards,2800.00,False,False,raw/clerk_legacy/08_jbradley_jan31.pdf,1d733db5,5,high,vision/legacy_landscape_attachment,0,"p6:x70,y550,w700,h44@250dpi",1
Jim Bradley,Council,,,2008-01-31,,2007-05-04,Paypal,Paypal,Bank fee,20.00,False,False,raw/clerk_legacy/08_jbradley_jan31.pdf,1d733db5,6,high,vision/legacy_landscape_attachment,0,"p6:x70,y598,w700,h44@250dpi",1
Jim Bradley,Council,,,2008-01-31,,2007-05-11,Kelly Ann Booth,Kelly Ann Booth,Convention brochure,35.00,False,False,raw/clerk_legacy/08_jbradley_jan31.pdf,1d733db5,7,high,vision/legacy_landscape_attachment,0,"p6:x70,y646,w700,h44@250dpi",1
Jim Bradley,Council,,,2008-01-31,,2007-06-06,Paypal,Paypal,Bank fee,20.00,False,False,raw/clerk_legacy/08_jbradley_jan31.pdf,1d733db5,8,high,vision/legacy_landscape_attachment,0,"p6:x70,y694,w700,h44@250dpi",1
Jim Bradley,Council,,,2008-01-31,,2007-07-05,Paypal,Paypal,Bank fee,20.00,False,False,raw/clerk_legacy/08_jbradley_jan31.pdf,1d733db5,9,high,vision/legacy_landscape_attachment,0,"p6:x70,y742,w700,h44@250dpi",1
Jim Bradley,Council,,,2008-01-31,,2007-08-03,Paypal,Paypal,Bank fee,20.00,False,False,raw/clerk_legacy/08_jbradley_jan31.pdf,1d733db5,10,high,vision/legacy_landscape_attachment,0,"p6:x70,y790,w700,h44@250dpi",1
Jim Bradley,Council,,,2008-01-31,,2007-08-09,Peter Corroon for Mayor,Peter Corroon for Mayor,Donation,150.00,False,False,raw/clerk_legacy/08_jbradley_jan31.pdf,1d733db5,11,high,vision/legacy_landscape_attachment,0,"p6:x70,y838,w700,h44@250dpi",1
Jim Bradley,Council,,,2008-01-31,,2007-08-22,Utah Outdoor Sign,Utah Outdoor Sign,Billboards,1200.00,False,False,raw/clerk_legacy/08_jbradley_jan31.pdf,1d733db5,12,high,vision/legacy_landscape_attachment,0,"p6:x70,y886,w700,h44@250dpi",1
Jim Bradley,Council,,,2008-01-31,,2007-08-28,Network Solutions,Network Solutions,Web address registration 5yr,99.95,True,False,raw/clerk_legacy/08_jbradley_jan31.pdf,1d733db5,13,high,vision/legacy_landscape_attachment,0,"p6:x70,y934,w700,h44@250dpi",1
Jim Bradley,Council,,,2008-01-31,,2007-08-31,Jim Bradley,Jim Bradley,Loan repayment,1988.26,False,False,raw/clerk_legacy/08_jbradley_jan31.pdf,1d733db5,14,high,vision/legacy_landscape_attachment,0,"p6:x70,y982,w700,h44@250dpi",1
Jim Bradley,Council,,,2008-01-31,,2007-09-04,Paypal,Paypal,Bank fee,20.00,False,False,raw/clerk_legacy/08_jbradley_jan31.pdf,1d733db5,15,high,vision/legacy_landscape_attachment,0,"p6:x70,y1030,w700,h44@250dpi",1
Jim Bradley,Council,,,2008-01-31,,2007-10-04,Young Democrats,Young Democrats,Donation,250.00,False,False,raw/clerk_legacy/08_jbradley_jan31.pdf,1d733db5,16,high,vision/legacy_landscape_attachment,0,"p6:x70,y1078,w700,h44@250dpi",1
Jim Bradley,Council,,,2008-01-31,,2007-10-05,University of Utah Credit Union,University of Utah Credit Union,Bank fee,7.73,False,False,raw/clerk_legacy/08_jbradley_jan31.pdf,1d733db5,17,high,vision/legacy_landscape_attachment,0,"p6:x70,y1126,w700,h44@250dpi",1
Jim Bradley,Council,,,2008-01-31,,2007-10-23,University of Utah Credit Union,University of Utah Credit Union,Bank fee,32.27,False,False,raw/clerk_legacy/08_jbradley_jan31.pdf,1d733db5,18,high,vision/legacy_landscape_attachment,0,"p6:x70,y1174,w700,h44@250dpi",1
Jim Bradley,Council,,,2008-01-31,,2007-10-23,Paypal,Paypal,Bank fee,30.00,False,False,raw/clerk_legacy/08_jbradley_jan31.pdf,1d733db5,19,high,vision/legacy_landscape_attachment,0,"p6:x70,y1222,w700,h44@250dpi",1
Jim Bradley,Council,,,2008-01-31,,2007-11-05,Paypal,Paypal,Bank fee,30.00,False,False,raw/clerk_legacy/08_jbradley_jan31.pdf,1d733db5,20,high,vision/legacy_landscape_attachment,0,"p6:x70,y1270,w700,h44@250dpi",1
Jim Bradley,Council,,,2008-01-31,,2007-12-05,Paypal,Paypal,Bank fee,30.00,False,False,raw/clerk_legacy/08_jbradley_jan31.pdf,1d733db5,21,high,vision/legacy_landscape_attachment,0,"p6:x70,y1318,w700,h44@250dpi",1
Calvin J. Noyce,Council,,2012,2012-01-23,,2011-01-25,X-Mission,X-Mission,Web hosting,35.00,True,False,raw/clerk_legacy/CNoyce_12_Final_CntyCncl1_Redacted.pdf,aa64824e,1,medium,vision/legacy_colAB,0,"p4:x70,y358,w700,h44@200dpi",1
Calvin J. Noyce,Council,,2012,2012-01-23,,2011-02-25,X-Mission,X-Mission,Web hosting,35.00,True,False,raw/clerk_legacy/CNoyce_12_Final_CntyCncl1_Redacted.pdf,aa64824e,2,medium,vision/legacy_colAB,0,"p4:x70,y406,w700,h44@200dpi",1
Calvin J. Noyce,Council,,2012,2012-01-23,,2011-03-25,X-Mission,X-Mission,Web hosting,35.00,True,False,raw/clerk_legacy/CNoyce_12_Final_CntyCncl1_Redacted.pdf,aa64824e,3,medium,vision/legacy_colAB,0,"p4:x70,y454,w700,h44@200dpi",1
Calvin J. Noyce,Council,,2012,2012-01-23,,2011-04-25,X-Mission,X-Mission,Web hosting,35.00,True,False,raw/clerk_legacy/CNoyce_12_Final_CntyCncl1_Redacted.pdf,aa64824e,4,medium,vision/legacy_colAB,0,"p4:x70,y502,w700,h44@200dpi",1
Calvin J. Noyce,Council,,2012,2012-01-23,,2011-05-25,X-Mission,X-Mission,Web hosting,35.00,True,False,raw/clerk_legacy/CNoyce_12_Final_CntyCncl1_Redacted.pdf,aa64824e,5,medium,vision/legacy_colAB,0,"p4:x70,y550,w700,h44@200dpi",1
Calvin J. Noyce,Council,,2012,2012-01-23,,2011-06-25,X-Mission,X-Mission,Web hosting,35.00,True,False,raw/clerk_legacy/CNoyce_12_Final_CntyCncl1_Redacted.pdf,aa64824e,6,medium,vision/legacy_colAB,0,"p4:x70,y598,w700,h44@200dpi",1
Calvin J. Noyce,Council,,2012,2012-01-23,,2011-07-25,X-Mission,X-Mission,Web hosting,35.00,True,False,raw/clerk_legacy/CNoyce_12_Final_CntyCncl1_Redacted.pdf,aa64824e,7,medium,vision/legacy_colAB,0,"p4:x70,y646,w700,h44@200dpi",1
Calvin J. Noyce,Council,,2012,2012-01-23,,2011-08-25,X-Mission,X-Mission,Web hosting,35.00,True,False,raw/clerk_legacy/CNoyce_12_Final_CntyCncl1_Redacted.pdf,aa64824e,8,medium,vision/legacy_colAB,0,"p4:x70,y694,w700,h44@200dpi",1
Calvin J. Noyce,Council,,2012,2012-01-23,,2011-09-25,X-Mission,X-Mission,Web hosting,35.00,True,False,raw/clerk_legacy/CNoyce_12_Final_CntyCncl1_Redacted.pdf,aa64824e,9,medium,vision/legacy_colAB,0,"p4:x70,y742,w700,h44@200dpi",1
Calvin J. Noyce,Council,,2012,2012-01-23,,2011-10-25,X-Mission,X-Mission,Web hosting,35.00,True,False,raw/clerk_legacy/CNoyce_12_Final_CntyCncl1_Redacted.pdf,aa64824e,10,medium,vision/legacy_colAB,0,"p4:x70,y790,w700,h44@200dpi",1
Calvin J. Noyce,Council,,2012,2012-01-23,,2011-11-25,X-Mission,X-Mission,Web hosting,35.00,True,False,raw/clerk_legacy/CNoyce_12_Final_CntyCncl1_Redacted.pdf,aa64824e,11,medium,vision/legacy_colAB,0,"p4:x70,y838,w700,h44@200dpi",1
Calvin J. Noyce,Council,,2012,2012-01-23,,2011-12-25,X-Mission,X-Mission,Web hosting,35.00,True,False,raw/clerk_legacy/CNoyce_12_Final_CntyCncl1_Redacted.pdf,aa64824e,12,medium,vision/legacy_colAB,0,"p4:x70,y886,w700,h44@200dpi",1
Calvin J. Noyce,Council,,2012,2012-01-23,,2012-01-21,Kyle Hoyt,Kyle Hoyt,Campaign Manager,41.17,False,False,raw/clerk_legacy/CNoyce_12_Final_CntyCncl1_Redacted.pdf,aa64824e,13,medium,vision/legacy_colAB,0,"p4:x70,y934,w700,h44@200dpi",1
Mary Bishop,Recorder,,2014,2014-06-17,,2014-05-22,Office Max,Office Max,Office supplies,67.29,False,False,raw/clerk_legacy/Bishop_M_Recorder_June14.pdf,39998d1a,1,high,vision/legacy_landscape_attachment,0,"p5:x70,y358,w700,h44@250dpi",1
Mary Bishop,Recorder,,2014,2014-06-17,,2014-04-25,Service Press,Service Press,Business cards,128.22,False,False,raw/clerk_legacy/Bishop_M_Recorder_June14.pdf,39998d1a,2,high,vision/legacy_landscape_attachment,0,"p5:x70,y406,w700,h44@250dpi",1
Mary Bishop,Recorder,,2014,2014-06-17,,2014-04-10,Service Press,Service Press,Posters & labels,170.53,False,False,raw/clerk_legacy/Bishop_M_Recorder_June14.pdf,39998d1a,3,high,vision/legacy_landscape_attachment,0,"p5:x70,y454,w700,h44@250dpi",1
Rob Latham,District Attorney,,2020,2006-06-20,,2006-04-04,CafePress.com,CafePress.com,Buttons,23.95,False,False,raw/clerk_legacy/rlatham_june202006amend.pdf,6edc810e,1,high,vision/legacy_colAB,0,"p4:x70,y358,w700,h44@200dpi",1
Rob Latham,District Attorney,,2020,2006-06-20,,2006-04-11,Lou Eastman,Lou Eastman,Graphic design,225.00,False,False,raw/clerk_legacy/rlatham_june202006amend.pdf,6edc810e,2,high,vision/legacy_colAB,0,"p4:x70,y406,w700,h44@200dpi",1
Rob Latham,District Attorney,,2020,2006-06-20,,2006-04-12,Cricket,Cricket,Wireless service,40.58,False,False,raw/clerk_legacy/rlatham_june202006amend.pdf,6edc810e,3,high,vision/legacy_colAB,0,"p4:x70,y454,w700,h44@200dpi",1
Rob Latham,District Attorney,,2020,2006-06-20,,2006-04-30,Cramer & Cramer,Cramer & Cramer,Office services,100.00,True,False,raw/clerk_legacy/rlatham_june202006amend.pdf,6edc810e,4,high,vision/legacy_colAB,0,"p4:x70,y502,w700,h44@200dpi",1
Rob Latham,District Attorney,,2020,2006-06-20,,2006-05-13,CafePress.com,CafePress.com,Buttons,78.00,False,False,raw/clerk_legacy/rlatham_june202006amend.pdf,6edc810e,5,high,vision/legacy_colAB,0,"p4:x70,y550,w700,h44@200dpi",1
Rob Latham,District Attorney,,2020,2006-06-20,,2006-05-25,Cricket,Cricket,Wireless service,53.87,False,False,raw/clerk_legacy/rlatham_june202006amend.pdf,6edc810e,6,high,vision/legacy_colAB,0,"p4:x70,y598,w700,h44@200dpi",1
Rob Latham,District Attorney,,2020,2006-06-20,,2006-05-31,Cramer & Cramer,Cramer & Cramer,Office services,100.00,True,False,raw/clerk_legacy/rlatham_june202006amend.pdf,6edc810e,7,high,vision/legacy_colAB,0,"p4:x70,y646,w700,h44@200dpi",1
Rob Latham,District Attorney,,2020,2006-06-20,,2006-06-03,Kinko's,Kinko's,Printing,10.00,False,False,raw/clerk_legacy/rlatham_june202006amend.pdf,6edc810e,8,high,vision/legacy_colAB,0,"p4:x70,y694,w700,h44@200dpi",1
Rob Latham,District Attorney,,2020,2006-06-20,,2006-06-08,Cricket,Cricket,Wireless service,53.87,False,False,raw/clerk_legacy/rlatham_june202006amend.pdf,6edc810e,9,high,vision/legacy_colAB,0,"p4:x70,y742,w700,h44@200dpi",1
Rob Latham,District Attorney,,2020,2006-06-20,,2006-06-15,Diana Chamberlain,Diana Chamberlain,Voter calls,300.00,False,False,raw/clerk_legacy/rlatham_june202006amend.pdf,6edc810e,10,high,vision/legacy_colAB,0,"p4:x70,y790,w700,h44@200dpi",1
Joe Hatch,Council,,,2006-04-05,,2006-02-22,Wells Fargo,Wells Fargo,Bank charge,3.00,False,False,raw/clerk_legacy/joehatch_april506amendment.pdf,b66d9548,1,high,vision/legacy_colAB,0,"p5:x70,y358,w700,h44@200dpi",1
Joe Hatch,Council,,,2006-04-05,,2006-03-07,Joseph Hatch,Joseph Hatch,Repayment of outstanding balance of loan,500.00,False,False,raw/clerk_legacy/joehatch_april506amendment.pdf,b66d9548,2,high,vision/legacy_colAB,0,"p5:x70,y406,w700,h44@200dpi",1
Joe Hatch,Council,,,2006-04-05,,2006-03-09,Salt Lake County,Salt Lake County,Filing fee,153.23,False,False,raw/clerk_legacy/joehatch_april506amendment.pdf,b66d9548,3,high,vision/legacy_colAB,0,"p5:x70,y454,w700,h44@200dpi",1
Joe Hatch,Council,,,2006-04-05,,2006-03-15,Brad Wolverton,Brad Wolverton,Sign design,200.00,False,False,raw/clerk_legacy/joehatch_april506amendment.pdf,b66d9548,4,high,vision/legacy_colAB,0,"p5:x70,y502,w700,h44@200dpi",1
Joe Hatch,Council,,,2006-04-05,,2006-03-17,Justin Wiher,Justin Wiher,Food & invitations,216.71,False,False,raw/clerk_legacy/joehatch_april506amendment.pdf,b66d9548,5,high,vision/legacy_colAB,0,"p5:x70,y550,w700,h44@200dpi",1
Joe Hatch,Council,,,2006-04-05,,2006-03-21,Wells Fargo,Wells Fargo,Bank charge,4.75,False,False,raw/clerk_legacy/joehatch_april506amendment.pdf,b66d9548,6,high,vision/legacy_colAB,0,"p5:x70,y598,w700,h44@200dpi",1
Joe Hatch,Council,,,2006-04-05,,2006-03-25,Joseph Hatch,Joseph Hatch,"Stamps, food, flowers",197.99,False,False,raw/clerk_legacy/joehatch_april506amendment.pdf,b66d9548,7,high,vision/legacy_colAB,0,"p5:x70,y646,w700,h44@200dpi",1
Janice Auger,Council,,2006,2006-06-20,,2006-04-07,Perfect Register,Perfect Register,"Die cutting, convention flyer",175.00,True,False,raw/clerk_legacy/20_june_auger_janice06.pdf,3d07b3af,1,high,vision/legacy_born_digital_typed,0,"p4:x70,y358,w700,h44@200dpi",1
Janice Auger,Council,,2006,2006-06-20,,2006-04-13,Zions Bank,Zions Bank,Bank charges,3.57,False,False,raw/clerk_legacy/20_june_auger_janice06.pdf,3d07b3af,2,high,vision/legacy_born_digital_typed,0,"p4:x70,y406,w700,h44@200dpi",1
Janice Auger,Council,,2006,2006-06-20,,2006-04-13,Republican Party of Utah,Republican Party of Utah,Booth,200.00,True,False,raw/clerk_legacy/20_june_auger_janice06.pdf,3d07b3af,3,high,vision/legacy_born_digital_typed,0,"p4:x70,y454,w700,h44@200dpi",1
Janice Auger,Council,,2006,2006-06-20,,2006-04-14,Imagino's,Imagino's,Banners,596.96,False,False,raw/clerk_legacy/20_june_auger_janice06.pdf,3d07b3af,4,high,vision/legacy_born_digital_typed,0,"p4:x70,y502,w700,h44@200dpi",1
Janice Auger,Council,,2006,2006-06-20,,2006-04-17,Imagino's,Imagino's,T-Shirts,4413.24,False,False,raw/clerk_legacy/20_june_auger_janice06.pdf,3d07b3af,5,high,vision/legacy_born_digital_typed,0,"p4:x70,y550,w700,h44@200dpi",1
Janice Auger,Council,,2006,2006-06-20,,2006-04-22,Logos,Logos,Pens and badges,1765.17,False,False,raw/clerk_legacy/20_june_auger_janice06.pdf,3d07b3af,6,high,vision/legacy_born_digital_typed,0,"p4:x70,y598,w700,h44@200dpi",1
Janice Auger,Council,,2006,2006-06-20,,2006-04-24,Network Solutions,Network Solutions,"Website hosting, domain name",21.95,True,False,raw/clerk_legacy/20_june_auger_janice06.pdf,3d07b3af,7,high,vision/legacy_born_digital_typed,0,"p4:x70,y646,w700,h44@200dpi",1
Janice Auger,Council,,2006,2006-06-20,,2006-04-26,Maximage Printers,Maximage Printers,Folded flyers,460.21,False,False,raw/clerk_legacy/20_june_auger_janice06.pdf,3d07b3af,8,high,vision/legacy_born_digital_typed,0,"p4:x70,y694,w700,h44@200dpi",1
Janice Auger,Council,,2006,2006-06-20,,2006-04-27,Office Depot,Office Depot,Envelopes and printer paper,15.22,False,False,raw/clerk_legacy/20_june_auger_janice06.pdf,3d07b3af,9,high,vision/legacy_born_digital_typed,0,"p4:x70,y742,w700,h44@200dpi",1
Janice Auger,Council,,2006,2006-06-20,,2006-05-11,Maximage Printers,Maximage Printers,Postcards (pledge cards),292.15,False,False,raw/clerk_legacy/20_june_auger_janice06.pdf,3d07b3af,10,high,vision/legacy_born_digital_typed,0,"p4:x70,y790,w700,h44@200dpi",1
Janice Auger,Council,,2006,2006-06-20,,2006-05-22,Days of '47,Days of '47,Parade fee,175.00,False,False,raw/clerk_legacy/20_june_auger_janice06.pdf,3d07b3af,11,high,vision/legacy_born_digital_typed,0,"p4:x70,y838,w700,h44@200dpi",1
Janice Auger,Council,,2006,2006-06-20,,2006-05-23,N.A.C.,N.A.C.,Advertising,1000.00,False,False,raw/clerk_legacy/20_june_auger_janice06.pdf,3d07b3af,12,high,vision/legacy_born_digital_typed,0,"p4:x70,y886,w700,h44@200dpi",1
Janice Auger,Council,,2006,2006-06-20,,2006-05-53,Maximage Printers,Maximage Printers,Envelopes,222.58,False,False,raw/clerk_legacy/20_june_auger_janice06.pdf,3d07b3af,13,high,vision/legacy_born_digital_typed,0,"p4:x70,y934,w700,h44@200dpi",1
Janice Auger,Council,,2006,2006-06-20,,2006-05-18,Network Solutions,Network Solutions,Website hosting,11.95,True,False,raw/clerk_legacy/20_june_auger_janice06.pdf,3d07b3af,14,high,vision/legacy_born_digital_typed,0,"p4:x70,y982,w700,h44@200dpi",1
Janice Auger,Council,,2006,2006-06-20,,2006-06-04,Harmon's,Harmon's,Refreshments for campaign committee,63.73,False,False,raw/clerk_legacy/20_june_auger_janice06.pdf,3d07b3af,15,high,vision/legacy_born_digital_typed,0,"p4:x70,y1030,w700,h44@200dpi",1
Janice Auger,Council,,2006,2006-06-20,,2006-06-18,Network Solutions,Network Solutions,Website hosting,11.95,True,False,raw/clerk_legacy/20_june_auger_janice06.pdf,3d07b3af,16,high,vision/legacy_born_digital_typed,0,"p4:x70,y1078,w700,h44@200dpi",1
Janice Auger,Council,,2006,2006-06-20,,2006-06-16,PayPal,PayPal,Bank charges,6.45,False,False,raw/clerk_legacy/20_june_auger_janice06.pdf,3d07b3af,17,high,vision/legacy_born_digital_typed,0,"p4:x70,y1126,w700,h44@200dpi",1
Janice Auger,Council,,2006,2006-06-20,,2006-06-19,Specified by Rep. Party,Specified by Rep. Party,Vouchers for printing/signs,10000.00,True,False,raw/clerk_legacy/20_june_auger_janice06.pdf,3d07b3af,18,high,vision/legacy_born_digital_typed,0,"p4:x70,y1174,w700,h44@200dpi",1
Jani Iwamoto,Council,,2008,2008-04-07,,2008-03-18,Network Solutions,Network Solutions,Website,119.00,True,False,raw/clerk_legacy/08_jiwamoto_april7.pdf,ee991932,1,high,vision/legacy_colAB,0,"p5:x70,y358,w700,h44@200dpi",1
Jani Iwamoto,Council,,2008,2008-04-07,,2008-03-19,Paypal,Paypal,Banking fee,0.59,False,False,raw/clerk_legacy/08_jiwamoto_april7.pdf,ee991932,2,high,vision/legacy_colAB,0,"p5:x70,y406,w700,h44@200dpi",1
Jani Iwamoto,Council,,2008,2008-04-07,,2008-03-20,Kinkos,Kinkos,Copies,31.00,True,False,raw/clerk_legacy/08_jiwamoto_april7.pdf,ee991932,3,high,vision/legacy_colAB,0,"p5:x70,y454,w700,h44@200dpi",1
Jani Iwamoto,Council,,2008,2008-04-07,,2008-03-21,Paypal,Paypal,Banking fee,0.59,False,False,raw/clerk_legacy/08_jiwamoto_april7.pdf,ee991932,4,high,vision/legacy_colAB,0,"p5:x70,y502,w700,h44@200dpi",1
Jani Iwamoto,Council,,2008,2008-04-07,,2008-03-25,Paypal,Paypal,Banking fee,1.75,False,False,raw/clerk_legacy/08_jiwamoto_april7.pdf,ee991932,5,high,vision/legacy_colAB,0,"p5:x70,y550,w700,h44@200dpi",1
Jani Iwamoto,Council,,2008,2008-04-07,,2008-03-31,Paypal,Paypal,Banking fee,1.75,False,False,raw/clerk_legacy/08_jiwamoto_april7.pdf,ee991932,6,high,vision/legacy_colAB,0,"p5:x70,y598,w700,h44@200dpi",1
Jani Iwamoto,Council,,2008,2008-04-07,,2008-03-31,Paypal,Paypal,Banking fee,58.30,False,False,raw/clerk_legacy/08_jiwamoto_april7.pdf,ee991932,7,high,vision/legacy_colAB,0,"p5:x70,y646,w700,h44@200dpi",1
Jani Iwamoto,Council,,2008,2008-04-07,,2008-03-31,Paypal,Paypal,Banking fee,58.30,False,False,raw/clerk_legacy/08_jiwamoto_april7.pdf,ee991932,8,high,vision/legacy_colAB,0,"p5:x70,y694,w700,h44@200dpi",1
Sim Gill,District Attorney,,2010,2010-09-15,,2010-06-08,Herriman City,Herriman City,Fort Herriman Days booth,200.00,False,False,raw/clerk_legacy/Gill_S_10_Sept_DA_Redacted.pdf,cc04f0b6,1,high,vision/legacy_born_digital_typed,0,"p10:x70,y358,w700,h44@150dpi",1
Sim Gill,District Attorney,,2010,2010-09-15,,2010-06-09,Taylorsville Arts Council,Taylorsville Arts Council,Taylorsville Dayzz booth,150.00,False,False,raw/clerk_legacy/Gill_S_10_Sept_DA_Redacted.pdf,cc04f0b6,2,high,vision/legacy_born_digital_typed,0,"p10:x70,y406,w700,h44@150dpi",1
Sim Gill,District Attorney,,2010,2010-09-15,,2010-06-10,Julianne Blanch,Julianne Blanch,Fundraiser,350.00,True,False,raw/clerk_legacy/Gill_S_10_Sept_DA_Redacted.pdf,cc04f0b6,3,high,vision/legacy_born_digital_typed,0,"p10:x70,y454,w700,h44@150dpi",1
Sim Gill,District Attorney,,2010,2010-09-15,,2010-06-17,Faustina,Faustina,Campaign lunch,60.61,False,False,raw/clerk_legacy/Gill_S_10_Sept_DA_Redacted.pdf,cc04f0b6,4,high,vision/legacy_born_digital_typed,0,"p10:x70,y502,w700,h44@150dpi",1
Sim Gill,District Attorney,,2010,2010-09-15,,2010-06-22,AT&T,AT&T,Cell phone,147.63,False,False,raw/clerk_legacy/Gill_S_10_Sept_DA_Redacted.pdf,cc04f0b6,5,high,vision/legacy_born_digital_typed,0,"p10:x70,y550,w700,h44@150dpi",1
Sim Gill,District Attorney,,2010,2010-09-15,,2010-06-26,Sunmart,Sunmart,Drinks for parade volunteers,10.02,False,False,raw/clerk_legacy/Gill_S_10_Sept_DA_Redacted.pdf,cc04f0b6,6,high,vision/legacy_born_digital_typed,0,"p10:x70,y598,w700,h44@150dpi",1
Sim Gill,District Attorney,,2010,2010-09-15,,2010-06-27,Dan's Foods,Dan's Foods,Drinks for fundraiser,28.37,False,False,raw/clerk_legacy/Gill_S_10_Sept_DA_Redacted.pdf,cc04f0b6,7,high,vision/legacy_born_digital_typed,0,"p10:x70,y646,w700,h44@150dpi",1
Sim Gill,District Attorney,,2010,2010-09-15,,2010-06-28,Bombay House,Bombay House,Fundraiser,900.00,False,False,raw/clerk_legacy/Gill_S_10_Sept_DA_Redacted.pdf,cc04f0b6,8,high,vision/legacy_born_digital_typed,0,"p10:x70,y694,w700,h44@150dpi",1
Sim Gill,District Attorney,,2010,2010-09-15,,2010-06-29,Joseph Lyon Printing,Joseph Lyon Printing,Printing,506.47,False,False,raw/clerk_legacy/Gill_S_10_Sept_DA_Redacted.pdf,cc04f0b6,9,high,vision/legacy_born_digital_typed,0,"p10:x70,y742,w700,h44@150dpi",1
Sim Gill,District Attorney,,2010,2010-09-15,,2010-06-29,Love Communications,Love Communications,Consulting,5055.92,False,False,raw/clerk_legacy/Gill_S_10_Sept_DA_Redacted.pdf,cc04f0b6,10,high,vision/legacy_born_digital_typed,0,"p10:x70,y790,w700,h44@150dpi",1
Sim Gill,District Attorney,,2010,2010-09-15,,2010-06-30,Lisa Ashman,Lisa Ashman,Campaign manager,1750.00,False,False,raw/clerk_legacy/Gill_S_10_Sept_DA_Redacted.pdf,cc04f0b6,11,high,vision/legacy_born_digital_typed,0,"p10:x70,y838,w700,h44@150dpi",1
Sim Gill,District Attorney,,2010,2010-09-15,,2010-06-30,Paypal,Paypal,Fees,1.75,False,False,raw/clerk_legacy/Gill_S_10_Sept_DA_Redacted.pdf,cc04f0b6,12,high,vision/legacy_born_digital_typed,0,"p10:x70,y886,w700,h44@150dpi",1
Sim Gill,District Attorney,,2010,2010-09-15,,2010-07-01,USPS,USPS,Postage stamps,88.00,False,False,raw/clerk_legacy/Gill_S_10_Sept_DA_Redacted.pdf,cc04f0b6,13,high,vision/legacy_born_digital_typed,0,"p10:x70,y934,w700,h44@150dpi",1
Sim Gill,District Attorney,,2010,2010-09-15,,2010-07-02,Bambara,Bambara,Campaign lunch,37.55,False,False,raw/clerk_legacy/Gill_S_10_Sept_DA_Redacted.pdf,cc04f0b6,14,high,vision/legacy_born_digital_typed,0,"p10:x70,y982,w700,h44@150dpi",1
Sim Gill,District Attorney,,2010,2010-09-15,,2010-07-06,Karen Mayne for Senate,Karen Mayne for Senate,Campaign contribution,250.00,False,False,raw/clerk_legacy/Gill_S_10_Sept_DA_Redacted.pdf,cc04f0b6,15,high,vision/legacy_born_digital_typed,0,"p10:x70,y1030,w700,h44@150dpi",1
Sim Gill,District Attorney,,2010,2010-09-15,,2010-07-06,Holly Mullen for Council,Holly Mullen for Council,Campaign contribution,100.00,False,False,raw/clerk_legacy/Gill_S_10_Sept_DA_Redacted.pdf,cc04f0b6,16,high,vision/legacy_born_digital_typed,0,"p10:x70,y1078,w700,h44@150dpi",1
Sim Gill,District Attorney,,2010,2010-09-15,,2010-07-06,Arlyn Bradshaw for Council,Arlyn Bradshaw for Council,Campaign contribution,200.00,False,False,raw/clerk_legacy/Gill_S_10_Sept_DA_Redacted.pdf,cc04f0b6,17,high,vision/legacy_born_digital_typed,0,"p10:x70,y1126,w700,h44@150dpi",1
Sim Gill,District Attorney,,2010,2010-09-15,,2010-07-06,Diane Turner for Council,Diane Turner for Council,Campaign contribution,100.00,False,False,raw/clerk_legacy/Gill_S_10_Sept_DA_Redacted.pdf,cc04f0b6,18,high,vision/legacy_born_digital_typed,0,"p10:x70,y1174,w700,h44@150dpi",1
Sim Gill,District Attorney,,2010,2010-09-15,,2010-07-08,Mimi's Cafe,Mimi's Cafe,Campaign breakfast,28.58,False,False,raw/clerk_legacy/Gill_S_10_Sept_DA_Redacted.pdf,cc04f0b6,19,high,vision/legacy_born_digital_typed,0,"p10:x70,y1222,w700,h44@150dpi",1
Sim Gill,District Attorney,,2010,2010-09-15,,2010-07-08,Cannella's,Cannella's,Campaign lunch,25.04,False,False,raw/clerk_legacy/Gill_S_10_Sept_DA_Redacted.pdf,cc04f0b6,20,high,vision/legacy_born_digital_typed,0,"p10:x70,y1270,w700,h44@150dpi",1
Sim Gill,District Attorney,,2010,2010-09-15,,2010-07-08,Draper Community Foundation,Draper Community Foundation,Parade fee,20.00,False,False,raw/clerk_legacy/Gill_S_10_Sept_DA_Redacted.pdf,cc04f0b6,21,high,vision/legacy_born_digital_typed,0,"p10:x70,y1318,w700,h44@150dpi",1
Sim Gill,District Attorney,,2010,2010-09-15,,2010-07-09,The Olympian,The Olympian,Campaign breakfast,25.53,False,False,raw/clerk_legacy/Gill_S_10_Sept_DA_Redacted.pdf,cc04f0b6,22,high,vision/legacy_born_digital_typed,0,"p10:x70,y1366,w700,h44@150dpi",1
Sim Gill,District Attorney,,2010,2010-09-15,,2010-07-09,Wally Bugden,Wally Bugden,Fundraiser,850.00,True,False,raw/clerk_legacy/Gill_S_10_Sept_DA_Redacted.pdf,cc04f0b6,23,high,vision/legacy_born_digital_typed,0,"p10:x70,y1414,w700,h44@150dpi",1
Sim Gill,District Attorney,,2010,2010-09-15,,2010-07-22,AT&T,AT&T,Cell phone,141.37,False,False,raw/clerk_legacy/Gill_S_10_Sept_DA_Redacted.pdf,cc04f0b6,24,high,vision/legacy_born_digital_typed,0,"p10:x70,y1462,w700,h44@150dpi",1
Sim Gill,District Attorney,,2010,2010-09-15,,2010-07-29,Home Depot,Home Depot,Lawn sign supplies,2151.28,False,False,raw/clerk_legacy/Gill_S_10_Sept_DA_Redacted.pdf,cc04f0b6,25,high,vision/legacy_born_digital_typed,0,"p10:x70,y1510,w700,h44@150dpi",1
Sim Gill,District Attorney,,2010,2010-09-15,,2010-07-30,Sierra Wholesale Supply,Sierra Wholesale Supply,T-Shirts,845.13,False,False,raw/clerk_legacy/Gill_S_10_Sept_DA_Redacted.pdf,cc04f0b6,26,high,vision/legacy_born_digital_typed,0,"p10:x70,y1558,w700,h44@150dpi",1
Sim Gill,District Attorney,,2010,2010-09-15,,2010-07-30,Lisa Ashman,Lisa Ashman,Campaign manager,1750.00,False,False,raw/clerk_legacy/Gill_S_10_Sept_DA_Redacted.pdf,cc04f0b6,27,high,vision/legacy_born_digital_typed,0,"p10:x70,y1606,w700,h44@150dpi",1
Sim Gill,District Attorney,,2010,2010-09-15,,2010-07-30,USPS,USPS,Postage stamps,5.00,False,False,raw/clerk_legacy/Gill_S_10_Sept_DA_Redacted.pdf,cc04f0b6,28,high,vision/legacy_born_digital_typed,0,"p10:x70,y1654,w700,h44@150dpi",1
Sim Gill,District Attorney,,2010,2010-09-15,,2010-07-30,Home Depot,Home Depot,Lawn sign supplies,114.48,False,False,raw/clerk_legacy/Gill_S_10_Sept_DA_Redacted.pdf,cc04f0b6,29,high,vision/legacy_born_digital_typed,0,"p10:x70,y1702,w700,h44@150dpi",1
Sim Gill,District Attorney,,2010,2010-09-15,,2010-07-31,Paypal,Paypal,Fees,53.53,False,False,raw/clerk_legacy/Gill_S_10_Sept_DA_Redacted.pdf,cc04f0b6,30,high,vision/legacy_born_digital_typed,0,"p10:x70,y1750,w700,h44@150dpi",1
Sim Gill,District Attorney,,2010,2010-09-15,,2010-08-02,Salt Lake County Democrats,Salt Lake County Democrats,Coordinated campaign,2500.00,False,False,raw/clerk_legacy/Gill_S_10_Sept_DA_Redacted.pdf,cc04f0b6,31,high,vision/legacy_born_digital_typed,0,"p10:x70,y1798,w700,h44@150dpi",1
Sim Gill,District Attorney,,2010,2010-09-15,,2010-08-03,Equality Utah,Equality Utah,Allies dinner,1250.00,False,False,raw/clerk_legacy/Gill_S_10_Sept_DA_Redacted.pdf,cc04f0b6,32,high,vision/legacy_born_digital_typed,0,"p10:x70,y1846,w700,h44@150dpi",1
Sim Gill,District Attorney,,2010,2010-09-15,,2010-08-05,The Other Place,The Other Place,Campaign breakfast,17.50,False,False,raw/clerk_legacy/Gill_S_10_Sept_DA_Redacted.pdf,cc04f0b6,33,high,vision/legacy_born_digital_typed,0,"p10:x70,y1894,w700,h44@150dpi",1
Sim Gill,District Attorney,,2010,2010-09-15,,2010-08-07,Pride Food Mart,Pride Food Mart,Parade supplies,17.26,False,False,raw/clerk_legacy/Gill_S_10_Sept_DA_Redacted.pdf,cc04f0b6,34,high,vision/legacy_born_digital_typed,0,"p10:x70,y1942,w700,h44@150dpi",1
Sim Gill,District Attorney,,2010,2010-09-15,,2010-08-09,Joseph Lyon Printing,Joseph Lyon Printing,Lawn signs,11593.23,False,False,raw/clerk_legacy/Gill_S_10_Sept_DA_Redacted.pdf,cc04f0b6,35,high,vision/legacy_born_digital_typed,0,"p10:x70,y1990,w700,h44@150dpi",1
Sim Gill,District Attorney,,2010,2010-09-15,,2010-08-12,Allie Diamond,Allie Diamond,Catering,400.00,True,False,raw/clerk_legacy/Gill_S_10_Sept_DA_Redacted.pdf,cc04f0b6,36,high,vision/legacy_born_digital_typed,0,"p10:x70,y2038,w700,h44@150dpi",1
Sim Gill,District Attorney,,2010,2010-09-15,,2010-08-13,USPS,USPS,Postage stamps,88.00,False,False,raw/clerk_legacy/Gill_S_10_Sept_DA_Redacted.pdf,cc04f0b6,37,high,vision/legacy_born_digital_typed,0,"p10:x70,y2086,w700,h44@150dpi",1
Sim Gill,District Attorney,,2010,2010-09-15,,2010-08-19,Love Communications,Love Communications,Outdoor advertising,33200.00,False,False,raw/clerk_legacy/Gill_S_10_Sept_DA_Redacted.pdf,cc04f0b6,38,high,vision/legacy_born_digital_typed,0,"p10:x70,y2134,w700,h44@150dpi",1
Sim Gill,District Attorney,,2010,2010-09-15,,2010-08-19,Kristen Dalzen & Stephanie Pappas,Kristen Dalzen & Stephanie Pappas,Fundraiser,325.00,True,False,raw/clerk_legacy/Gill_S_10_Sept_DA_Redacted.pdf,cc04f0b6,39,high,vision/legacy_born_digital_typed,0,"p10:x70,y2182,w700,h44@150dpi",1
Sim Gill,District Attorney,,2010,2010-09-15,,2010-08-19,Casee & John Francis,Casee & John Francis,Fundraiser,325.00,True,False,raw/clerk_legacy/Gill_S_10_Sept_DA_Redacted.pdf,cc04f0b6,40,high,vision/legacy_born_digital_typed,0,"p10:x70,y2230,w700,h44@150dpi",1
Sim Gill,District Attorney,,2010,2010-09-15,,2010-08-21,Salt Lake County Democrats,Salt Lake County Democrats,Coordinated campaign,50.00,False,False,raw/clerk_legacy/Gill_S_10_Sept_DA_Redacted.pdf,cc04f0b6,41,high,vision/legacy_born_digital_typed,0,"p10:x70,y2278,w700,h44@150dpi",1
Sim Gill,District Attorney,,2010,2010-09-15,,2010-08-23,Faustina,Faustina,Campaign lunch,46.38,False,False,raw/clerk_legacy/Gill_S_10_Sept_DA_Redacted.pdf,cc04f0b6,42,high,vision/legacy_born_digital_typed,0,"p10:x70,y2326,w700,h44@150dpi",1
Sim Gill,District Attorney,,2010,2010-09-15,,2010-08-23,AT&T,AT&T,Cell phone,139.54,False,False,raw/clerk_legacy/Gill_S_10_Sept_DA_Redacted.pdf,cc04f0b6,43,high,vision/legacy_born_digital_typed,0,"p10:x70,y2374,w700,h44@150dpi",1
Sim Gill,District Attorney,,2010,2010-09-15,,2010-08-24,Community Service Fund,Community Service Fund,Golf tournament,150.00,False,False,raw/clerk_legacy/Gill_S_10_Sept_DA_Redacted.pdf,cc04f0b6,44,high,vision/legacy_born_digital_typed,0,"p10:x70,y2422,w700,h44@150dpi",1
Sim Gill,District Attorney,,2010,2010-09-15,,2010-08-25,Papa John's,Papa John's,Catering,281.37,False,False,raw/clerk_legacy/Gill_S_10_Sept_DA_Redacted.pdf,cc04f0b6,45,high,vision/legacy_born_digital_typed,0,"p10:x70,y2470,w700,h44@150dpi",1
Sim Gill,District Attorney,,2010,2010-09-15,,2010-08-29,Mazza Cafe,Mazza Cafe,Fundraiser,250.00,True,False,raw/clerk_legacy/Gill_S_10_Sept_DA_Redacted.pdf,cc04f0b6,46,high,vision/legacy_born_digital_typed,0,"p10:x70,y2518,w700,h44@150dpi",1
Sim Gill,District Attorney,,2010,2010-09-15,,2010-08-30,Love Communications,Love Communications,Consulting,4059.14,False,False,raw/clerk_legacy/Gill_S_10_Sept_DA_Redacted.pdf,cc04f0b6,47,high,vision/legacy_born_digital_typed,0,"p10:x70,y2566,w700,h44@150dpi",1
Sim Gill,District Attorney,,2010,2010-09-15,,2010-08-30,Lisa Ashman,Lisa Ashman,Campaign manager,1750.00,False,False,raw/clerk_legacy/Gill_S_10_Sept_DA_Redacted.pdf,cc04f0b6,48,high,vision/legacy_born_digital_typed,0,"p10:x70,y2614,w700,h44@150dpi",1
Sim Gill,District Attorney,,2010,2010-09-15,,2010-08-31,Cannella's,Cannella's,Campaign lunch,28.62,False,False,raw/clerk_legacy/Gill_S_10_Sept_DA_Redacted.pdf,cc04f0b6,49,high,vision/legacy_born_digital_typed,0,"p10:x70,y2662,w700,h44@150dpi",1
Sim Gill,District Attorney,,2010,2010-09-15,,2010-08-31,Paypal,Paypal,Fees,116.33,False,False,raw/clerk_legacy/Gill_S_10_Sept_DA_Redacted.pdf,cc04f0b6,50,high,vision/legacy_born_digital_typed,0,"p10:x70,y2710,w700,h44@150dpi",1
Sim Gill,District Attorney,,2010,2010-09-15,,2010-09-01,Gil Athay,Gil Athay,Fundraiser,175.00,True,False,raw/clerk_legacy/Gill_S_10_Sept_DA_Redacted.pdf,cc04f0b6,51,high,vision/legacy_born_digital_typed,0,"p10:x70,y2758,w700,h44@150dpi",1
Sim Gill,District Attorney,,2010,2010-09-15,,2010-09-01,Loni Deland,Loni Deland,Fundraiser,175.00,True,False,raw/clerk_legacy/Gill_S_10_Sept_DA_Redacted.pdf,cc04f0b6,52,high,vision/legacy_born_digital_typed,0,"p10:x70,y2806,w700,h44@150dpi",1
Sim Gill,District Attorney,,2010,2010-09-15,,2010-09-01,USPS,USPS,Stamps,132.00,False,False,raw/clerk_legacy/Gill_S_10_Sept_DA_Redacted.pdf,cc04f0b6,53,high,vision/legacy_born_digital_typed,0,"p10:x70,y2854,w700,h44@150dpi",1
Sim Gill,District Attorney,,2010,2010-09-15,,2010-09-02,Takashi,Takashi,Campaign lunch,55.94,False,False,raw/clerk_legacy/Gill_S_10_Sept_DA_Redacted.pdf,cc04f0b6,54,high,vision/legacy_born_digital_typed,0,"p10:x70,y2902,w700,h44@150dpi",1
Sim Gill,District Attorney,,2010,2010-09-15,,2010-09-04,Home Depot,Home Depot,Hammer,17.06,False,False,raw/clerk_legacy/Gill_S_10_Sept_DA_Redacted.pdf,cc04f0b6,55,high,vision/legacy_born_digital_typed,0,"p10:x70,y2950,w700,h44@150dpi",1
Sim Gill,District Attorney,,2010,2010-09-15,,2010-09-06,Labor Day Picnic Committee,Labor Day Picnic Committee,Sign fee,300.00,False,False,raw/clerk_legacy/Gill_S_10_Sept_DA_Redacted.pdf,cc04f0b6,56,high,vision/legacy_born_digital_typed,0,"p10:x70,y2998,w700,h44@150dpi",1
Sim Gill,District Attorney,,2010,2010-09-15,,2010-09-07,Holly Mullen for Council,Holly Mullen for Council,Contribution,343.00,False,False,raw/clerk_legacy/Gill_S_10_Sept_DA_Redacted.pdf,cc04f0b6,57,high,vision/legacy_born_digital_typed,0,"p10:x70,y3046,w700,h44@150dpi",1
Sim Gill,District Attorney,,2010,2010-09-15,,2010-09-13,Paypal,Paypal,Fees,50.49,False,False,raw/clerk_legacy/Gill_S_10_Sept_DA_Redacted.pdf,cc04f0b6,58,high,vision/legacy_born_digital_typed,0,"p10:x70,y3094,w700,h44@150dpi",1
Mary Bishop,Recorder,,2014,2014-10-28,,2014-10-02,WincoFood,WincoFood,Candy for Sr. Expo,30.26,False,False,raw/clerk_legacy/Bishop_Mary_Recorder_Oct14.pdf,dbbf9294,1,high,vision/legacy_colAB,0,"p4:x70,y358,w700,h44@200dpi",1
Mary Bishop,Recorder,,2014,2014-10-28,,2014-10-12,MediaOne,MediaOne,Digital advertizing,1000.00,False,False,raw/clerk_legacy/Bishop_Mary_Recorder_Oct14.pdf,dbbf9294,2,high,vision/legacy_colAB,0,"p4:x70,y406,w700,h44@200dpi",1
Mary Bishop,Recorder,,2014,2014-10-28,,2014-10-22,NGP-VAN,NGP-VAN,RoboCall,535.46,False,False,raw/clerk_legacy/Bishop_Mary_Recorder_Oct14.pdf,dbbf9294,3,high,vision/legacy_colAB,0,"p4:x70,y454,w700,h44@200dpi",1
Mary Bishop,Recorder,,2014,2014-10-28,,2014-10-25,Facebook,Facebook,Advertizing,289.64,False,False,raw/clerk_legacy/Bishop_Mary_Recorder_Oct14.pdf,dbbf9294,4,high,vision/legacy_colAB,0,"p4:x70,y502,w700,h44@200dpi",1
Joe Hatch,Council,,,2006-09-15,,2006-07 to 2006-09,Wells-Fargo,Wells-Fargo,Bank charges,8.00,False,False,raw/clerk_legacy/joehatch_september1506amendment.pdf,c50cce42,1,high,vision/legacy_colAB,0,"p6:x70,y358,w700,h44@200dpi",1
Joe Hatch,Council,,,2006-09-15,,2006-06-30,Turner for Council,Turner for Council,Campaign contribution,500.00,False,False,raw/clerk_legacy/joehatch_september1506amendment.pdf,c50cce42,2,high,vision/legacy_colAB,0,"p6:x70,y406,w700,h44@200dpi",1
Joe Hatch,Council,,,2006-09-15,,2006-07-10,Stonewall Democrats,Stonewall Democrats,Campaign contribution,120.00,False,False,raw/clerk_legacy/joehatch_september1506amendment.pdf,c50cce42,3,high,vision/legacy_colAB,0,"p6:x70,y454,w700,h44@200dpi",1
Joe Hatch,Council,,,2006-09-15,,2006-07-17,Brad Wolverton,Brad Wolverton,Design,200.00,False,False,raw/clerk_legacy/joehatch_september1506amendment.pdf,c50cce42,4,high,vision/legacy_colAB,0,"p6:x70,y502,w700,h44@200dpi",1
Joe Hatch,Council,,,2006-09-15,,2006-08-17,Joseph Hatch,Joseph Hatch,Reimbursement for campaign dinner,68.00,False,False,raw/clerk_legacy/joehatch_september1506amendment.pdf,c50cce42,5,high,vision/legacy_colAB,0,"p6:x70,y550,w700,h44@200dpi",1
Joe Hatch,Council,,,2006-09-15,,2006-08-17,Gordon for School Board,Gordon for School Board,Campaign contribution,50.00,False,False,raw/clerk_legacy/joehatch_september1506amendment.pdf,c50cce42,6,high,vision/legacy_colAB,0,"p6:x70,y598,w700,h44@200dpi",1
Joe Hatch,Council,,,2006-09-15,,2006-08-17,Swenson for County Clerk,Swenson for County Clerk,Campaign contribution,100.00,False,False,raw/clerk_legacy/joehatch_september1506amendment.pdf,c50cce42,7,high,vision/legacy_colAB,0,"p6:x70,y646,w700,h44@200dpi",1
Joe Hatch,Council,,,2006-09-15,,2006-09-10,Equality Utah,Equality Utah,Campaign contribution,250.00,False,False,raw/clerk_legacy/joehatch_september1506amendment.pdf,c50cce42,8,high,vision/legacy_colAB,0,"p6:x70,y694,w700,h44@200dpi",1
Joe Hatch,Council,,,2006-09-15,,2006-09-10,Utah Democratic Party,Utah Democratic Party,Campaign contribution,60.00,False,False,raw/clerk_legacy/joehatch_september1506amendment.pdf,c50cce42,9,high,vision/legacy_colAB,0,"p6:x70,y742,w700,h44@200dpi",1
Joe Hatch,Council,,,2006-09-15,,2006-08-18,Justin Wiley,Justin Wiley,Postage & printing for fundraiser,500.00,False,False,raw/clerk_legacy/joehatch_september1506amendment.pdf,c50cce42,10,high,vision/legacy_colAB,0,"p6:x70,y790,w700,h44@200dpi",1
Joe Hatch,Council,,,2006-09-15,,2006-08-25,Turner for Council,Turner for Council,Campaign contribution,50.00,False,False,raw/clerk_legacy/joehatch_september1506amendment.pdf,c50cce42,11,high,vision/legacy_colAB,0,"p6:x70,y838,w700,h44@200dpi",1
Jennifer Wilson,Council,,2004,2005-01-31,,2004-10-25,Deseret Edge,Deseret Edge,Food for meeting,9.34,False,False,raw/clerk_legacy/jwilson_january312005.pdf,ca6e1fd8,1,high,vision/legacy_born_digital_typed,0,"p4:x70,y358,w700,h44@200dpi",1
Jennifer Wilson,Council,,2004,2005-01-31,,2004-10-26,Progressive Direct Mail,Progressive Direct Mail,Mail/postage,2800.51,False,False,raw/clerk_legacy/jwilson_january312005.pdf,ca6e1fd8,2,high,vision/legacy_born_digital_typed,0,"p4:x70,y406,w700,h44@200dpi",1
Jennifer Wilson,Council,,2004,2005-01-31,,2004-10-26,Love Communication,Love Communication,Media buy,3500.00,False,False,raw/clerk_legacy/jwilson_january312005.pdf,ca6e1fd8,3,high,vision/legacy_born_digital_typed,0,"p4:x70,y454,w700,h44@200dpi",1
Jennifer Wilson,Council,,2004,2005-01-31,,2004-10-30,Wells Fargo,Wells Fargo,Banking fees,91.24,False,False,raw/clerk_legacy/jwilson_january312005.pdf,ca6e1fd8,4,high,vision/legacy_born_digital_typed,0,"p4:x70,y502,w700,h44@200dpi",1
Jennifer Wilson,Council,,2004,2005-01-31,,2004-11-01,Jeff Mathis,Jeff Mathis,Consulting fee,500.00,False,False,raw/clerk_legacy/jwilson_january312005.pdf,ca6e1fd8,5,high,vision/legacy_born_digital_typed,0,"p4:x70,y550,w700,h44@200dpi",1
Jennifer Wilson,Council,,2004,2005-01-31,,2004-11-02,Nordstrom,Nordstrom,Staff gift,42.11,False,False,raw/clerk_legacy/jwilson_january312005.pdf,ca6e1fd8,6,high,vision/legacy_born_digital_typed,0,"p4:x70,y598,w700,h44@200dpi",1
Jennifer Wilson,Council,,2004,2005-01-31,,2004-11-02,Network Solutions,Network Solutions,Web fees,19.00,False,False,raw/clerk_legacy/jwilson_january312005.pdf,ca6e1fd8,7,high,vision/legacy_born_digital_typed,0,"p4:x70,y646,w700,h44@200dpi",1
Jennifer Wilson,Council,,2004,2005-01-31,,2004-11-03,Marriott Hotel,Marriott Hotel,Election night,121.20,False,False,raw/clerk_legacy/jwilson_january312005.pdf,ca6e1fd8,8,high,vision/legacy_born_digital_typed,0,"p4:x70,y694,w700,h44@200dpi",1
Jennifer Wilson,Council,,2004,2005-01-31,,2004-11-03,Marriott Hotel,Marriott Hotel,Election night,201.45,False,False,raw/clerk_legacy/jwilson_january312005.pdf,ca6e1fd8,9,high,vision/legacy_born_digital_typed,0,"p4:x70,y742,w700,h44@200dpi",1
Jennifer Wilson,Council,,2004,2005-01-31,,2004-11-03,Marriott Hotel,Marriott Hotel,Election night,1682.98,False,False,raw/clerk_legacy/jwilson_january312005.pdf,ca6e1fd8,10,high,vision/legacy_born_digital_typed,0,"p4:x70,y790,w700,h44@200dpi",1
Jennifer Wilson,Council,,2004,2005-01-31,,2004-11-03,Utah Democratic Party,Utah Democratic Party,Election night,300.00,False,False,raw/clerk_legacy/jwilson_january312005.pdf,ca6e1fd8,11,high,vision/legacy_born_digital_typed,0,"p4:x70,y838,w700,h44@200dpi",1
Jennifer Wilson,Council,,2004,2005-01-31,,2004-11-11,Fidler's Elbow,Fidler's Elbow,Staff lunch,72.42,False,False,raw/clerk_legacy/jwilson_january312005.pdf,ca6e1fd8,12,high,vision/legacy_born_digital_typed,0,"p4:x70,y886,w700,h44@200dpi",1
Jennifer Wilson,Council,,2004,2005-01-31,,2004-11-14,Abbi Larsen,Abbi Larsen,Reimbursement: volunteer food,85.00,False,False,raw/clerk_legacy/jwilson_january312005.pdf,ca6e1fd8,13,high,vision/legacy_born_digital_typed,0,"p4:x70,y934,w700,h44@200dpi",1
Jennifer Wilson,Council,,2004,2005-01-31,,2004-11-14,Shellie Wilson,Shellie Wilson,Election night food,150.00,False,False,raw/clerk_legacy/jwilson_january312005.pdf,ca6e1fd8,14,high,vision/legacy_born_digital_typed,0,"p4:x70,y982,w700,h44@200dpi",1
Jennifer Wilson,Council,,2004,2005-01-31,,2004-11-15,Jeff Mathis,Jeff Mathis,Consulting fee,2000.00,False,False,raw/clerk_legacy/jwilson_january312005.pdf,ca6e1fd8,15,high,vision/legacy_born_digital_typed,0,"p4:x70,y1030,w700,h44@200dpi",1
Jennifer Wilson,Council,,2004,2005-01-31,,2004-11-17,Jeff Mathis,Jeff Mathis,"Reimbursement: sign materials, office supplies",582.29,False,False,raw/clerk_legacy/jwilson_january312005.pdf,ca6e1fd8,16,high,vision/legacy_born_digital_typed,0,"p4:x70,y1078,w700,h44@200dpi",1
Jennifer Wilson,Council,,2004,2005-01-31,,2004-11-28,American Express,American Express,Payment for stationery/beverages,378.45,False,False,raw/clerk_legacy/jwilson_january312005.pdf,ca6e1fd8,17,high,vision/legacy_born_digital_typed,0,"p4:x70,y1126,w700,h44@200dpi",1
Jennifer Wilson,Council,,2004,2005-01-31,,2004-11-29,Wells Fargo,Wells Fargo,Banking fees,32.79,False,False,raw/clerk_legacy/jwilson_january312005.pdf,ca6e1fd8,18,high,vision/legacy_born_digital_typed,0,"p4:x70,y1174,w700,h44@200dpi",1
Jennifer Wilson,Council,,2004,2005-01-31,,2004-12-01,Network Solutions,Network Solutions,Web fees,19.00,False,False,raw/clerk_legacy/jwilson_january312005.pdf,ca6e1fd8,19,high,vision/legacy_born_digital_typed,0,"p4:x70,y1222,w700,h44@200dpi",1
Jennifer Wilson,Council,,2004,2005-01-31,,2004-12-07,US Postmaster,US Postmaster,Postage,89.68,False,False,raw/clerk_legacy/jwilson_january312005.pdf,ca6e1fd8,20,high,vision/legacy_born_digital_typed,0,"p4:x70,y1270,w700,h44@200dpi",1
Jennifer Wilson,Council,,2004,2005-01-31,,2004-12-13,AT&T Wireless,AT&T Wireless,Phone,372.78,False,False,raw/clerk_legacy/jwilson_january312005.pdf,ca6e1fd8,21,high,vision/legacy_born_digital_typed,0,"p4:x70,y1318,w700,h44@200dpi",1
Jennifer Wilson,Council,,2004,2005-01-31,,2004-12-20,Jake Carling,Jake Carling,Consulting fee,400.00,False,False,raw/clerk_legacy/jwilson_january312005.pdf,ca6e1fd8,22,high,vision/legacy_born_digital_typed,0,"p4:x70,y1366,w700,h44@200dpi",1
Jennifer Wilson,Council,,2004,2005-01-31,,2004-12-20,Love Communication,Love Communication,"Art, design and consulting fees",1496.25,False,False,raw/clerk_legacy/jwilson_january312005.pdf,ca6e1fd8,23,high,vision/legacy_born_digital_typed,0,"p4:x70,y1414,w700,h44@200dpi",1
Jennifer Wilson,Council,,2004,2005-01-31,,2004-12-21,US Postmaster,US Postmaster,Postage,51.80,False,False,raw/clerk_legacy/jwilson_january312005.pdf,ca6e1fd8,24,high,vision/legacy_born_digital_typed,0,"p4:x70,y1462,w700,h44@200dpi",1
Jennifer Wilson,Council,,2004,2005-01-31,,2004-12-31,Network Solutions,Network Solutions,Web fees,19.00,False,False,raw/clerk_legacy/jwilson_january312005.pdf,ca6e1fd8,25,high,vision/legacy_born_digital_typed,0,"p4:x70,y1510,w700,h44@200dpi",1
Jennifer Wilson,Council,,2004,2005-01-31,,2005-01-07,Deseret News,Deseret News,On-line paper access,10.00,False,False,raw/clerk_legacy/jwilson_january312005.pdf,ca6e1fd8,26,high,vision/legacy_born_digital_typed,0,"p4:x70,y1558,w700,h44@200dpi",1
Jennifer Wilson,Council,,2004,2005-01-31,,2005-01-12,Wells Fargo,Wells Fargo,Banking fees,31.00,False,False,raw/clerk_legacy/jwilson_january312005.pdf,ca6e1fd8,27,high,vision/legacy_born_digital_typed,0,"p4:x70,y1606,w700,h44@200dpi",1
Jennifer Wilson,Council,,2004,2005-01-31,,2005-01-28,Sego Gallery,Sego Gallery,Fundraising reimbursement,80.00,False,False,raw/clerk_legacy/jwilson_january312005.pdf,ca6e1fd8,28,high,vision/legacy_born_digital_typed,0,"p4:x70,y1654,w700,h44@200dpi",1
Jennifer Wilson,Council,,2004,2005-01-31,,2005-01-28,Lisa Ashman,Lisa Ashman,"Reimbursement: postage, paper and printing",345.62,False,False,raw/clerk_legacy/jwilson_january312005.pdf,ca6e1fd8,29,high,vision/legacy_born_digital_typed,0,"p4:x70,y1702,w700,h44@200dpi",1
Jennifer Wilson,Council,,2004,2005-01-31,,2005-01-28,US Postmaster,US Postmaster,Postage,10.90,False,False,raw/clerk_legacy/jwilson_january312005.pdf,ca6e1fd8,30,high,vision/legacy_born_digital_typed,0,"p4:x70,y1750,w700,h44@200dpi",1
Jennifer Wilson,Council,,2004,2005-01-31,,2005-01-31,Network Solutions,Network Solutions,Web fees,19.00,False,False,raw/clerk_legacy/jwilson_january312005.pdf,ca6e1fd8,31,high,vision/legacy_born_digital_typed,0,"p4:x70,y1798,w700,h44@200dpi",1
Jennifer Wilson,Council,,2004,2005-01-31,,2004-10-26,Jennifer Hathorne,Jennifer Hathorne,In-kind,150.00,True,False,raw/clerk_legacy/jwilson_january312005.pdf,ca6e1fd8,32,high,vision/legacy_born_digital_typed,0,"p4:x70,y1846,w700,h44@200dpi",1
Jennifer Wilson,Council,,2004,2005-01-31,,2004-10-25,R.T. & Stacy Nielson,R.T. & Stacy Nielson,In-kind,2700.00,True,False,raw/clerk_legacy/jwilson_january312005.pdf,ca6e1fd8,33,high,vision/legacy_born_digital_typed,0,"p4:x70,y1894,w700,h44@200dpi",1
Jim Bradley,Council,,2006,2006-06-20,,2006-05-05,"Community, Inc.",Inc. Community,Website,250.00,False,False,raw/clerk_legacy/20_june_bradley_jim06.pdf,adfcf1a3,1,high,vision/legacy_born_digital_typed,0,"p7:x70,y358,w700,h44@200dpi",1
Jim Bradley,Council,,2006,2006-06-20,,2006-05-16,Paypal,Paypal,Bank fee,0.59,False,False,raw/clerk_legacy/20_june_bradley_jim06.pdf,adfcf1a3,2,high,vision/legacy_born_digital_typed,0,"p7:x70,y406,w700,h44@200dpi",1
Jim Bradley,Council,,2006,2006-06-20,,2006-05-16,Presto Print,Presto Print,Printing,750.66,False,False,raw/clerk_legacy/20_june_bradley_jim06.pdf,adfcf1a3,3,high,vision/legacy_born_digital_typed,0,"p7:x70,y454,w700,h44@200dpi",1
Jim Bradley,Council,,2006,2006-06-20,,2006-05-16,Presto Print,Presto Print,Postage,270.00,False,False,raw/clerk_legacy/20_june_bradley_jim06.pdf,adfcf1a3,4,high,vision/legacy_born_digital_typed,0,"p7:x70,y502,w700,h44@200dpi",1
Jim Bradley,Council,,2006,2006-06-20,,2006-05-24,Sign A Rama,Sign A Rama,Banner,115.00,False,False,raw/clerk_legacy/20_june_bradley_jim06.pdf,adfcf1a3,5,high,vision/legacy_born_digital_typed,0,"p7:x70,y550,w700,h44@200dpi",1
Jim Bradley,Council,,2006,2006-06-20,,2006-05-24,Herriman City,Herriman City,Rodeo sponsorship,250.00,False,False,raw/clerk_legacy/20_june_bradley_jim06.pdf,adfcf1a3,6,high,vision/legacy_born_digital_typed,0,"p7:x70,y598,w700,h44@200dpi",1
Jim Bradley,Council,,2006,2006-06-20,,2006-05-25,"Community, Inc.",Inc. Community,Website,250.00,False,False,raw/clerk_legacy/20_june_bradley_jim06.pdf,adfcf1a3,7,high,vision/legacy_born_digital_typed,0,"p7:x70,y646,w700,h44@200dpi",1
Jim Bradley,Council,,2006,2006-06-20,,2006-05-25,Paypal,Paypal,Bank fee,6.10,False,False,raw/clerk_legacy/20_june_bradley_jim06.pdf,adfcf1a3,8,high,vision/legacy_born_digital_typed,0,"p7:x70,y694,w700,h44@200dpi",1
Jim Bradley,Council,,2006,2006-06-20,,2006-05-25,Albertson's,Albertson's,Stamps,39.00,False,False,raw/clerk_legacy/20_june_bradley_jim06.pdf,adfcf1a3,9,high,vision/legacy_born_digital_typed,0,"p7:x70,y742,w700,h44@200dpi",1
Jim Bradley,Council,,2006,2006-06-20,,2006-06-02,WalMart,WalMart,Printer ink,30.36,False,False,raw/clerk_legacy/20_june_bradley_jim06.pdf,adfcf1a3,10,high,vision/legacy_born_digital_typed,0,"p7:x70,y790,w700,h44@200dpi",1
Jim Bradley,Council,,2006,2006-06-20,,2006-06-07,Committee to Elect Trish Beck,Committee to Elect Trish Beck,Donation,250.00,False,False,raw/clerk_legacy/20_june_bradley_jim06.pdf,adfcf1a3,11,high,vision/legacy_born_digital_typed,0,"p7:x70,y838,w700,h44@200dpi",1
Jim Bradley,Council,,2006,2006-06-20,,2006-06-07,Committee to Elect Joe Hatch,Committee to Elect Joe Hatch,Donation,100.00,False,False,raw/clerk_legacy/20_june_bradley_jim06.pdf,adfcf1a3,12,high,vision/legacy_born_digital_typed,0,"p7:x70,y886,w700,h44@200dpi",1
Jim Bradley,Council,,2006,2006-06-20,,2006-06-14,Paypal,Paypal,Bank fee,11.35,False,False,raw/clerk_legacy/20_june_bradley_jim06.pdf,adfcf1a3,13,high,vision/legacy_born_digital_typed,0,"p7:x70,y934,w700,h44@200dpi",1
Jani Iwamoto,Council,,2008,2008-06-16,,2008-04-03,Joseph Lyon & Associates,Joseph Lyon & Associates,Printing,267.00,False,False,raw/clerk_legacy/08_jiwamoto_cojunereport.pdf,0d921dc1,1,high,vision/legacy_born_digital_typed,0,"p9:x70,y358,w700,h44@150dpi",1
Jani Iwamoto,Council,,2008,2008-06-16,,2008-04-05,Paypal,Paypal,Banking fee,58.30,False,False,raw/clerk_legacy/08_jiwamoto_cojunereport.pdf,0d921dc1,2,high,vision/legacy_born_digital_typed,0,"p9:x70,y406,w700,h44@150dpi",1
Jani Iwamoto,Council,,2008,2008-06-16,,2008-04-05,Paypal,Paypal,Banking fee,29.30,False,False,raw/clerk_legacy/08_jiwamoto_cojunereport.pdf,0d921dc1,3,high,vision/legacy_born_digital_typed,0,"p9:x70,y454,w700,h44@150dpi",1
Jani Iwamoto,Council,,2008,2008-06-16,,2008-04-06,Paypal,Paypal,Banking fee,29.30,False,False,raw/clerk_legacy/08_jiwamoto_cojunereport.pdf,0d921dc1,4,high,vision/legacy_born_digital_typed,0,"p9:x70,y502,w700,h44@150dpi",1
Jani Iwamoto,Council,,2008,2008-06-16,,2008-04-16,SHOUTSign,SHOUTSign,Lawnsigns,175.00,False,False,raw/clerk_legacy/08_jiwamoto_cojunereport.pdf,0d921dc1,5,high,vision/legacy_born_digital_typed,0,"p9:x70,y550,w700,h44@150dpi",1
Jani Iwamoto,Council,,2008,2008-06-16,,2008-04-16,Kinkos,Kinkos,Banners,235.29,False,False,raw/clerk_legacy/08_jiwamoto_cojunereport.pdf,0d921dc1,6,high,vision/legacy_born_digital_typed,0,"p9:x70,y598,w700,h44@150dpi",1
Jani Iwamoto,Council,,2008,2008-06-16,,2008-04-18,Bret Ivory,Bret Ivory,Graphic design,750.00,False,False,raw/clerk_legacy/08_jiwamoto_cojunereport.pdf,0d921dc1,7,high,vision/legacy_born_digital_typed,0,"p9:x70,y646,w700,h44@150dpi",1
Jani Iwamoto,Council,,2008,2008-06-16,,2008-04-23,Kmart,Kmart,Convention/festival supplies,80.24,False,False,raw/clerk_legacy/08_jiwamoto_cojunereport.pdf,0d921dc1,8,high,vision/legacy_born_digital_typed,0,"p9:x70,y694,w700,h44@150dpi",1
Jani Iwamoto,Council,,2008,2008-06-16,,2008-04-23,Big Lots,Big Lots,Convention/festival supplies,42.72,False,False,raw/clerk_legacy/08_jiwamoto_cojunereport.pdf,0d921dc1,9,high,vision/legacy_born_digital_typed,0,"p9:x70,y742,w700,h44@150dpi",1
Jani Iwamoto,Council,,2008,2008-06-16,,2008-04-24,SHOUTSign,SHOUTSign,Lawnsigns,199.00,False,False,raw/clerk_legacy/08_jiwamoto_cojunereport.pdf,0d921dc1,10,high,vision/legacy_born_digital_typed,0,"p9:x70,y790,w700,h44@150dpi",1
Jani Iwamoto,Council,,2008,2008-06-16,,2008-04-28,Sierra Wholesale Design,Sierra Wholesale Design,T-shirts,304.91,False,False,raw/clerk_legacy/08_jiwamoto_cojunereport.pdf,0d921dc1,11,high,vision/legacy_born_digital_typed,0,"p9:x70,y838,w700,h44@150dpi",1
Jani Iwamoto,Council,,2008,2008-06-16,,2008-04-30,Utah Pride Center,Utah Pride Center,Booth,400.00,False,False,raw/clerk_legacy/08_jiwamoto_cojunereport.pdf,0d921dc1,12,high,vision/legacy_born_digital_typed,0,"p9:x70,y886,w700,h44@150dpi",1
Jani Iwamoto,Council,,2008,2008-06-16,,2008-04-30,Caswood Insurance Agency Ltd.,Caswood Insurance Agency Ltd.,Festival insurance,100.00,False,False,raw/clerk_legacy/08_jiwamoto_cojunereport.pdf,0d921dc1,13,high,vision/legacy_born_digital_typed,0,"p9:x70,y934,w700,h44@150dpi",1
Jani Iwamoto,Council,,2008,2008-06-16,,2008-04-30,SHOUTSign,SHOUTSign,Lawnsigns,3000.00,False,False,raw/clerk_legacy/08_jiwamoto_cojunereport.pdf,0d921dc1,14,high,vision/legacy_born_digital_typed,0,"p9:x70,y982,w700,h44@150dpi",1
Jani Iwamoto,Council,,2008,2008-06-16,,2008-04-30,Paypal,Paypal,Banking fee,3.20,False,False,raw/clerk_legacy/08_jiwamoto_cojunereport.pdf,0d921dc1,15,high,vision/legacy_born_digital_typed,0,"p9:x70,y1030,w700,h44@150dpi",1
Jani Iwamoto,Council,,2008,2008-06-16,,2008-05-01,Paypal,Paypal,Banking fee,0.88,False,False,raw/clerk_legacy/08_jiwamoto_cojunereport.pdf,0d921dc1,16,high,vision/legacy_born_digital_typed,0,"p9:x70,y1078,w700,h44@150dpi",1
Jani Iwamoto,Council,,2008,2008-06-16,,2008-05-05,Lisa Ashman,Lisa Ashman,Reimbursement,302.84,False,False,raw/clerk_legacy/08_jiwamoto_cojunereport.pdf,0d921dc1,17,high,vision/legacy_born_digital_typed,0,"p9:x70,y1126,w700,h44@150dpi",1
Jani Iwamoto,Council,,2008,2008-06-16,,2008-05-05,Joseph Lyon & Associates,Joseph Lyon & Associates,Printing,1965.12,False,False,raw/clerk_legacy/08_jiwamoto_cojunereport.pdf,0d921dc1,18,high,vision/legacy_born_digital_typed,0,"p9:x70,y1174,w700,h44@150dpi",1
Jani Iwamoto,Council,,2008,2008-06-16,,2008-05-05,Joseph Lyon & Associates,Joseph Lyon & Associates,Printing,939.84,False,False,raw/clerk_legacy/08_jiwamoto_cojunereport.pdf,0d921dc1,19,high,vision/legacy_born_digital_typed,0,"p9:x70,y1222,w700,h44@150dpi",1
Jani Iwamoto,Council,,2008,2008-06-16,,2008-05-06,Stringham Lumber,Stringham Lumber,Lawnsign stakes,512.64,True,False,raw/clerk_legacy/08_jiwamoto_cojunereport.pdf,0d921dc1,20,high,vision/legacy_born_digital_typed,0,"p9:x70,y1270,w700,h44@150dpi",1
Jani Iwamoto,Council,,2008,2008-06-16,,2008-05-09,Sierra Wholesale Design,Sierra Wholesale Design,T-shirts,538.27,False,False,raw/clerk_legacy/08_jiwamoto_cojunereport.pdf,0d921dc1,21,high,vision/legacy_born_digital_typed,0,"p9:x70,y1318,w700,h44@150dpi",1
Jani Iwamoto,Council,,2008,2008-06-16,,2008-05-09,Paypal,Paypal,Banking fee,1.17,False,False,raw/clerk_legacy/08_jiwamoto_cojunereport.pdf,0d921dc1,22,high,vision/legacy_born_digital_typed,0,"p9:x70,y1366,w700,h44@150dpi",1
Jani Iwamoto,Council,,2008,2008-06-16,,2008-05-10,Utah State Democratic Committee,Utah State Democratic Committee,Table at JJ dinner,500.00,False,False,raw/clerk_legacy/08_jiwamoto_cojunereport.pdf,0d921dc1,23,high,vision/legacy_born_digital_typed,0,"p9:x70,y1414,w700,h44@150dpi",1
Jani Iwamoto,Council,,2008,2008-06-16,,2008-05-10,Paypal,Paypal,Banking fee,0.88,False,False,raw/clerk_legacy/08_jiwamoto_cojunereport.pdf,0d921dc1,24,high,vision/legacy_born_digital_typed,0,"p9:x70,y1462,w700,h44@150dpi",1
Jani Iwamoto,Council,,2008,2008-06-16,,2008-05-12,Paypal,Paypal,Banking fee,1.75,False,False,raw/clerk_legacy/08_jiwamoto_cojunereport.pdf,0d921dc1,25,high,vision/legacy_born_digital_typed,0,"p9:x70,y1510,w700,h44@150dpi",1
Jani Iwamoto,Council,,2008,2008-06-16,,2008-05-13,Progressive Direct Mail,Progressive Direct Mail,Fundraising letter mailed,679.44,False,False,raw/clerk_legacy/08_jiwamoto_cojunereport.pdf,0d921dc1,26,high,vision/legacy_born_digital_typed,0,"p9:x70,y1558,w700,h44@150dpi",1
Jani Iwamoto,Council,,2008,2008-06-16,,2008-05-15,Utah Asian Festival,Utah Asian Festival,Festival booth,50.00,False,False,raw/clerk_legacy/08_jiwamoto_cojunereport.pdf,0d921dc1,27,high,vision/legacy_born_digital_typed,0,"p9:x70,y1606,w700,h44@150dpi",1
Jani Iwamoto,Council,,2008,2008-06-16,,2008-05-15,Ted Nagata Graphic Design,Ted Nagata Graphic Design,Brochure,4000.00,True,False,raw/clerk_legacy/08_jiwamoto_cojunereport.pdf,0d921dc1,28,high,vision/legacy_born_digital_typed,0,"p9:x70,y1654,w700,h44@150dpi",1
Jani Iwamoto,Council,,2008,2008-06-16,,2008-05-30,SHOUTSign,SHOUTSign,Lawnsigns,2000.00,False,False,raw/clerk_legacy/08_jiwamoto_cojunereport.pdf,0d921dc1,29,high,vision/legacy_born_digital_typed,0,"p9:x70,y1702,w700,h44@150dpi",1
Jani Iwamoto,Council,,2008,2008-06-16,,2008-05-30,Raymond Uno,Raymond Uno,Venture outdoor booth reimbursement,244.00,False,False,raw/clerk_legacy/08_jiwamoto_cojunereport.pdf,0d921dc1,30,high,vision/legacy_born_digital_typed,0,"p9:x70,y1750,w700,h44@150dpi",1
Jani Iwamoto,Council,,2008,2008-06-16,,2008-06-02,Paypal,Paypal,Banking fee,0.88,False,False,raw/clerk_legacy/08_jiwamoto_cojunereport.pdf,0d921dc1,31,high,vision/legacy_born_digital_typed,0,"p9:x70,y1798,w700,h44@150dpi",1
Jani Iwamoto,Council,,2008,2008-06-16,,2008-06-02,Paypal,Paypal,Banking fee,1.03,False,False,raw/clerk_legacy/08_jiwamoto_cojunereport.pdf,0d921dc1,32,high,vision/legacy_born_digital_typed,0,"p9:x70,y1846,w700,h44@150dpi",1
Jani Iwamoto,Council,,2008,2008-06-16,,2008-06-04,Jani Iwamoto,Jani Iwamoto,Reimbursement,1415.95,False,False,raw/clerk_legacy/08_jiwamoto_cojunereport.pdf,0d921dc1,33,high,vision/legacy_born_digital_typed,0,"p9:x70,y1894,w700,h44@150dpi",1
Jani Iwamoto,Council,,2008,2008-06-16,,2008-06-05,Paypal,Paypal,Banking fee,0.88,False,False,raw/clerk_legacy/08_jiwamoto_cojunereport.pdf,0d921dc1,34,high,vision/legacy_born_digital_typed,0,"p9:x70,y1942,w700,h44@150dpi",1
Jani Iwamoto,Council,,2008,2008-06-16,,2008-06-07,Stringham Lumber,Stringham Lumber,Lawnsign stakes,877.90,False,False,raw/clerk_legacy/08_jiwamoto_cojunereport.pdf,0d921dc1,35,high,vision/legacy_born_digital_typed,0,"p9:x70,y1990,w700,h44@150dpi",1
Jani Iwamoto,Council,,2008,2008-06-16,,2008-06-10,5-Buck Pizza,5-Buck Pizza,Volunteer dinner,41.13,True,False,raw/clerk_legacy/08_jiwamoto_cojunereport.pdf,0d921dc1,36,high,vision/legacy_born_digital_typed,0,"p9:x70,y2038,w700,h44@150dpi",1
Jani Iwamoto,Council,,2008,2008-06-16,,2008-06-10,U.S. Postal Service,U.S. Postal Service,Stamps,142.80,False,False,raw/clerk_legacy/08_jiwamoto_cojunereport.pdf,0d921dc1,37,high,vision/legacy_born_digital_typed,0,"p9:x70,y2086,w700,h44@150dpi",1
Jani Iwamoto,Council,,2008,2008-06-16,,2008-06-10,Tolford Young,Tolford Young,Reimbursement,5.50,False,False,raw/clerk_legacy/08_jiwamoto_cojunereport.pdf,0d921dc1,38,high,vision/legacy_born_digital_typed,0,"p9:x70,y2134,w700,h44@150dpi",1
Jani Iwamoto,Council,,2008,2008-06-16,,2008-06-11,Sierra Wholesale Design,Sierra Wholesale Design,T-Shirts,304.06,False,False,raw/clerk_legacy/08_jiwamoto_cojunereport.pdf,0d921dc1,39,high,vision/legacy_born_digital_typed,0,"p9:x70,y2182,w700,h44@150dpi",1
Randy Horiuchi,Council,,2010,2013-02-14,,2010-01-14,Reagan Signs,Reagan Signs,Advertising,600.00,False,False,raw/clerk_legacy/Horiuchi_R_10_Final_Amended_Redacted.pdf,f47866a4,1,high,vision/legacy_colAB,0,"p5:x70,y358,w700,h44@200dpi",1
Randy Horiuchi,Council,,2010,2013-02-14,,2010-01-19,Reagan Signs,Reagan Signs,Advertising,500.00,False,False,raw/clerk_legacy/Horiuchi_R_10_Final_Amended_Redacted.pdf,f47866a4,2,high,vision/legacy_colAB,0,"p5:x70,y406,w700,h44@200dpi",1
Randy Horiuchi,Council,,2010,2013-02-14,,2010-03-01,Target Group,Target Group,Consulting,1200.00,False,False,raw/clerk_legacy/Horiuchi_R_10_Final_Amended_Redacted.pdf,f47866a4,3,high,vision/legacy_colAB,0,"p5:x70,y454,w700,h44@200dpi",1
Randy Horiuchi,Council,,2010,2013-02-14,,2010-04-07,Reagan Signs,Reagan Signs,Advertising,3000.00,False,False,raw/clerk_legacy/Horiuchi_R_10_Final_Amended_Redacted.pdf,f47866a4,4,high,vision/legacy_colAB,0,"p5:x70,y502,w700,h44@200dpi",1
Randy Horiuchi,Council,,2010,2013-02-14,,2010-04-07,Target Group,Target Group,Consulting,500.00,False,False,raw/clerk_legacy/Horiuchi_R_10_Final_Amended_Redacted.pdf,f47866a4,5,high,vision/legacy_colAB,0,"p5:x70,y550,w700,h44@200dpi",1
Randy Horiuchi,Council,,2010,2013-02-14,,2010-04-13,Committee To Elect Christian Burridge,Committee To Elect Christian Burridge,Campaign contribution,300.00,False,False,raw/clerk_legacy/Horiuchi_R_10_Final_Amended_Redacted.pdf,f47866a4,6,high,vision/legacy_colAB,0,"p5:x70,y598,w700,h44@200dpi",1
Randy Horiuchi,Council,,2010,2013-02-14,,2010-05-01,Target Group,Target Group,Consulting,300.00,False,False,raw/clerk_legacy/Horiuchi_R_10_Final_Amended_Redacted.pdf,f47866a4,7,high,vision/legacy_colAB,0,"p5:x70,y646,w700,h44@200dpi",1
Jim Bradley,Council,,2012,2012-06-19,,2012-04-13,Fed Ex Kinkos,Fed Ex Kinkos,Stickers and sign for convention,88.94,False,False,raw/clerk_legacy/Bradley_J_12_June_Interim_CntyCncl_AtLrgC_Redacted.pdf,b6859fae,1,high,vision/legacy_landscape_attachment,0,"p6:x70,y358,w700,h44@250dpi",1
Jim Bradley,Council,,2012,2012-06-19,,2012-04-16,Einstein's Bagels,Einstein's Bagels,County convention expenses,355.64,False,False,raw/clerk_legacy/Bradley_J_12_June_Interim_CntyCncl_AtLrgC_Redacted.pdf,b6859fae,2,high,vision/legacy_landscape_attachment,0,"p6:x70,y406,w700,h44@250dpi",1
Jim Bradley,Council,,2012,2012-06-19,,2012-04-20,Salt Lake County Democrats,Salt Lake County Democrats,County convention table,100.00,False,False,raw/clerk_legacy/Bradley_J_12_June_Interim_CntyCncl_AtLrgC_Redacted.pdf,b6859fae,3,high,vision/legacy_landscape_attachment,0,"p6:x70,y454,w700,h44@250dpi",1
Jim Bradley,Council,,2012,2012-06-19,,2012-05-15,MacCool's Restaurant,MacCool's Restaurant,Campaign dinner,84.43,False,False,raw/clerk_legacy/Bradley_J_12_June_Interim_CntyCncl_AtLrgC_Redacted.pdf,b6859fae,4,high,vision/legacy_landscape_attachment,0,"p6:x70,y502,w700,h44@250dpi",1
Jim Bradley,Council,,2012,2012-06-19,,2012-05-15,Verizon Wireless,Verizon Wireless,Campaign telephone,199.66,False,False,raw/clerk_legacy/Bradley_J_12_June_Interim_CntyCncl_AtLrgC_Redacted.pdf,b6859fae,5,high,vision/legacy_landscape_attachment,0,"p6:x70,y550,w700,h44@250dpi",1
Jim Bradley,Council,,2012,2012-06-19,,2012-05-23,Equality Utah,Equality Utah,Pride parade,120.00,False,False,raw/clerk_legacy/Bradley_J_12_June_Interim_CntyCncl_AtLrgC_Redacted.pdf,b6859fae,6,high,vision/legacy_landscape_attachment,0,"p6:x70,y598,w700,h44@250dpi",1
Jim Bradley,Council,,2012,2012-06-19,,2012-05-24,Sign-A-Rama,Sign-A-Rama,Banners,246.00,False,False,raw/clerk_legacy/Bradley_J_12_June_Interim_CntyCncl_AtLrgC_Redacted.pdf,b6859fae,7,high,vision/legacy_landscape_attachment,0,"p6:x70,y646,w700,h44@250dpi",1
Jim Bradley,Council,,2012,2012-06-19,,2012-05-30,Herriman City,Herriman City,Rodeo sponsorship,250.00,False,False,raw/clerk_legacy/Bradley_J_12_June_Interim_CntyCncl_AtLrgC_Redacted.pdf,b6859fae,8,high,vision/legacy_landscape_attachment,0,"p6:x70,y694,w700,h44@250dpi",1
Jim Bradley,Council,,2012,2012-06-19,,2012-05-30,Square Space,Square Space,Campaign website,192.00,False,False,raw/clerk_legacy/Bradley_J_12_June_Interim_CntyCncl_AtLrgC_Redacted.pdf,b6859fae,9,high,vision/legacy_landscape_attachment,0,"p6:x70,y742,w700,h44@250dpi",1
Jim Bradley,Council,,2012,2012-06-19,,2012-05-29,Cinegrill,Cinegrill,Campaign lunch,56.32,False,False,raw/clerk_legacy/Bradley_J_12_June_Interim_CntyCncl_AtLrgC_Redacted.pdf,b6859fae,10,high,vision/legacy_landscape_attachment,0,"p6:x70,y790,w700,h44@250dpi",1
Jim Bradley,Council,,2012,2012-06-19,,2012-06-04,EF Creative,EF Creative,Campaign graphic arts,417.00,False,False,raw/clerk_legacy/Bradley_J_12_June_Interim_CntyCncl_AtLrgC_Redacted.pdf,b6859fae,11,high,vision/legacy_landscape_attachment,0,"p6:x70,y838,w700,h44@250dpi",1
Jim Bradley,Council,,2012,2012-06-19,,2012-06-08,American Label,American Label,Campaign stickers,250.00,False,False,raw/clerk_legacy/Bradley_J_12_June_Interim_CntyCncl_AtLrgC_Redacted.pdf,b6859fae,12,high,vision/legacy_landscape_attachment,0,"p6:x70,y886,w700,h44@250dpi",1
Jim Bradley,Council,,2012,2012-06-19,,2012-06-11,Utah State Democratic Committee,Utah State Democratic Committee,Coordinated campaign,1500.00,False,False,raw/clerk_legacy/Bradley_J_12_June_Interim_CntyCncl_AtLrgC_Redacted.pdf,b6859fae,13,high,vision/legacy_landscape_attachment,0,"p6:x70,y934,w700,h44@250dpi",1
Jim Bradley,Council,,2012,2012-06-19,,2012-06-13,Original Copy and Print,Original Copy and Print,Campaign stickers,126.80,False,False,raw/clerk_legacy/Bradley_J_12_June_Interim_CntyCncl_AtLrgC_Redacted.pdf,b6859fae,14,high,vision/legacy_landscape_attachment,0,"p6:x70,y982,w700,h44@250dpi",1
Jim Bradley,Council,,2012,2012-06-19,,2012-06-15,Square Up,Square Up,Bank charges,1.50,False,False,raw/clerk_legacy/Bradley_J_12_June_Interim_CntyCncl_AtLrgC_Redacted.pdf,b6859fae,15,high,vision/legacy_landscape_attachment,0,"p6:x70,y1030,w700,h44@250dpi",1
Mary Bishop,Recorder,,2014,2014-09-15,,2014-08-01,Molding Box,Molding Box,Brochures,695.83,False,False,raw/clerk_legacy/Bishop_Mary_Recorder_Sept.pdf,a5e8390c,1,medium,vision/legacy_landscape_attachment,0,"p4:x70,y358,w700,h44@250dpi",1
Mary Bishop,Recorder,,2014,2014-09-15,,2014-07-03,Service Press,Service Press,Brochures,430.07,False,False,raw/clerk_legacy/Bishop_Mary_Recorder_Sept.pdf,a5e8390c,2,medium,vision/legacy_landscape_attachment,0,"p4:x70,y406,w700,h44@250dpi",1
Mary Bishop,Recorder,,2014,2014-09-15,,2014-06-20,Lyon Printing,Lyon Printing,Signs,2137.00,False,False,raw/clerk_legacy/Bishop_Mary_Recorder_Sept.pdf,a5e8390c,3,medium,vision/legacy_landscape_attachment,0,"p4:x70,y454,w700,h44@250dpi",1
Mary Bishop,Recorder,,2014,2014-09-15,,2014-06-27,Lyon Printing,Lyon Printing,Signs,641.10,False,False,raw/clerk_legacy/Bishop_Mary_Recorder_Sept.pdf,a5e8390c,4,medium,vision/legacy_landscape_attachment,0,"p4:x70,y502,w700,h44@250dpi",1
Mary Bishop,Recorder,,2014,2014-09-15,,2014-06-20,Greater Avenues Community Council,Greater Avenues Community Council,Booth,150.00,False,False,raw/clerk_legacy/Bishop_Mary_Recorder_Sept.pdf,a5e8390c,5,medium,vision/legacy_landscape_attachment,0,"p4:x70,y550,w700,h44@250dpi",1
Mary Bishop,Recorder,,2014,2014-09-15,,2014-06-30,FedEx Office,FedEx Office,Office supply,10.66,False,False,raw/clerk_legacy/Bishop_Mary_Recorder_Sept.pdf,a5e8390c,6,medium,vision/legacy_landscape_attachment,0,"p4:x70,y598,w700,h44@250dpi",1
Mary Bishop,Recorder,,2014,2014-09-15,,2014-06-30,Costco,Costco,Booth & lunch,190.62,False,False,raw/clerk_legacy/Bishop_Mary_Recorder_Sept.pdf,a5e8390c,7,medium,vision/legacy_landscape_attachment,0,"p4:x70,y646,w700,h44@250dpi",1
Mary Bishop,Recorder,,2014,2014-09-15,,2014-07-01,9th & 9th Street Fair,9th & 9th Street Fair,Booth fee,125.00,False,False,raw/clerk_legacy/Bishop_Mary_Recorder_Sept.pdf,a5e8390c,8,medium,vision/legacy_landscape_attachment,0,"p4:x70,y694,w700,h44@250dpi",1
Mary Bishop,Recorder,,2014,2014-09-15,,2014-06-15,UT AFL-CIO,UT AFL-CIO,Booth,99.00,False,False,raw/clerk_legacy/Bishop_Mary_Recorder_Sept.pdf,a5e8390c,9,medium,vision/legacy_landscape_attachment,0,"p4:x70,y742,w700,h44@250dpi",1
Mary Bishop,Recorder,,2014,2014-09-15,,2014-XX-XX,Draper Arts Council,Draper Arts Council,Booth fee,80.00,False,False,raw/clerk_legacy/Bishop_Mary_Recorder_Sept.pdf,a5e8390c,10,medium,vision/legacy_landscape_attachment,0,"p4:x70,y790,w700,h44@250dpi",1
Mary Bishop,Recorder,,2014,2014-09-15,,2014-07-20,SL Co Aging Services/Senior Expo,SL Co Aging Services/Senior Expo,Parade fee,50.00,False,False,raw/clerk_legacy/Bishop_Mary_Recorder_Sept.pdf,a5e8390c,11,medium,vision/legacy_landscape_attachment,0,"p4:x70,y838,w700,h44@250dpi",1
Mary Bishop,Recorder,,2014,2014-09-15,,2014-08-01,Sutherlands,Sutherlands,Sign supplies,675.00,False,False,raw/clerk_legacy/Bishop_Mary_Recorder_Sept.pdf,a5e8390c,12,medium,vision/legacy_landscape_attachment,0,"p4:x70,y886,w700,h44@250dpi",1
Mary Bishop,Recorder,,2014,2014-09-15,,2014-06-16,Taylorsville Arts Council,Taylorsville Arts Council,Booth,60.88,False,False,raw/clerk_legacy/Bishop_Mary_Recorder_Sept.pdf,a5e8390c,13,medium,vision/legacy_landscape_attachment,0,"p4:x70,y934,w700,h44@250dpi",1
