url,channel,path,sha256,bytes,retrieved_utc,printed_office,document_candidate,portal_candidate,reason
https://www.washco.utah.gov/wp-content/uploads/2026/01/Craig-Seegmiller-Financial-012026.pdf,live_wp,raw/live_wp/Craig-Seegmiller-Financial-012026.pdf,ccbaab9c6b29fa4be86d3e5dc34703a9454742a33db36078ec2b4982721b8262,71278,2026-08-01T18:35:59Z,LOCAL SCHOOL BOARD DISTRICT 2,Craig Seegmiller,CRAIG SEEGMILLER,Local School Board / judicial - out of COUNTY-OFFICE scope
https://www.washco.utah.gov/wp-content/uploads/2026/01/Ronald-M-Wade-2.pdf,live_wp,raw/live_wp/Ronald-M-Wade-2.pdf,b79a16c2b0fb0438288af1246c6cf581991c593376c321f7ccf5c9ee33562feb,72478,2026-08-01T18:36:00Z,LOCAL SCHOOL BOARD DISTRICT 3,Kowgev Vib plgne,RON WADE,Local School Board / judicial - out of COUNTY-OFFICE scope
https://www.washco.utah.gov/wp-content/uploads/2026/01/LaRene-Cox-Financial-012026.pdf,live_wp,raw/live_wp/LaRene-Cox-Financial-012026.pdf,944618c7aaea549eb28acb9756e49ecce4e6e1a728ecea04c7da3e74851689d9,108184,2026-08-01T18:36:01Z,Washington County School District Board Member,LaRene Cox,LARENE COX,Local School Board / judicial - out of COUNTY-OFFICE scope
https://www.washco.utah.gov/wp-content/uploads/2026/01/Burke-Staheli.pdf,live_wp,raw/live_wp/Burke-Staheli.pdf,e32a0ee5fcfbe1ade1be895f7f21a4bd1eaa85e4724938e3d5ed95bc9a6229cc,108732,2026-08-01T18:36:02Z,School Board- District 6,Burke Staheli,BURKE STAHELI,Local School Board / judicial - out of COUNTY-OFFICE scope
https://www.washco.utah.gov/wp-content/uploads/2026/01/N.-Craig-Hammer-2.pdf,live_wp,raw/live_wp/N.-Craig-Hammer-2.pdf,07d0459bcec9c0f15eee18ad823d69e88400a345bdcd9f7a899c1920ebe9c4f4,101821,2026-08-01T18:36:03Z,School Board: Distsict 7,N. Craig Hammer,N. CRAIG HAMMER,Local School Board / judicial - out of COUNTY-OFFICE scope
https://outpost.washco.utah.gov/apps/clerk/elections/2024/reports/Larry%20Meyers_Local%20School%201_Final_01-08-2025.pdf,live_outpost,raw/live_outpost/Larry Meyers_Local School 1_Final_01-08-2025.pdf,1b9f5a0c151776813490dbacd5514428ab8aefa1cb8a39a1f18d68f07fb1862d,109736,2026-08-01T18:36:47Z,LOCAL SCHOOL BOARD DISTRICT 1,Lary Mey C9>,LARRY MEYERS,Local School Board / judicial - out of COUNTY-OFFICE scope
https://outpost.washco.utah.gov/apps/clerk/elections/2024/reports/Larry%20Meyers_Local%20School%201_FCR_10-26-2024.pdf,live_outpost,raw/live_outpost/Larry Meyers_Local School 1_FCR_10-26-2024.pdf,7d526bbb4152c3490cca712a206cb5cc9cc4789353bef6911f9dcc33a421614e,1646434,2026-08-01T18:36:48Z,"Local School Board, db restret",Lary Mey ce,LARRY MEYERS,Local School Board / judicial - out of COUNTY-OFFICE scope
https://outpost.washco.utah.gov/apps/clerk/elections/2024/reports/06-18-2024-Larry%20Meyers-Local%20School%201_06-20-2024.pdf,live_outpost,raw/live_outpost/06-18-2024-Larry Meyers-Local School 1_06-20-2024.pdf,cf16b1cc58d9550b9d8a22198340a71a7ffd7587be266e8d5ff93859c758e0ac,161603,2026-08-01T18:36:49Z,Lec2h School Boant (,L a a Mey es S$,LARRY MEYERS,Local School Board / judicial - out of COUNTY-OFFICE scope
https://outpost.washco.utah.gov/apps/clerk/elections/2024/reports/Hedi%20Gunn_Local%20School%201_Final_01-06-2025.pdf,live_outpost,raw/live_outpost/Hedi Gunn_Local School 1_Final_01-06-2025.pdf,2a20586cb5d89dea67c1c711e2577afcceae75e3be06ecad08edb8a6fc72308e,87907,2026-08-01T18:36:50Z,LOCAL SCHOOL BOARD DISTRICT 1,Le ix‘ \ l ( = jehawA',HEIDI GUNN,Local School Board / judicial - out of COUNTY-OFFICE scope
https://outpost.washco.utah.gov/apps/clerk/elections/2024/reports/Heidi%20Gunn_Local%20School%201_FCR_10-26-2024.pdf,live_outpost,raw/live_outpost/Heidi Gunn_Local School 1_FCR_10-26-2024.pdf,8810bfdfdbf7fa17668651cf66e0d93e192ace7f6d9f8f5000c2ca20c6295667,1394077,2026-08-01T18:36:51Z,LOCAL SCHOOL BOARD DISTRICT 1,He i \\ Cr hata,HEIDI GUNN,Local School Board / judicial - out of COUNTY-OFFICE scope
https://outpost.washco.utah.gov/apps/clerk/elections/2024/reports/06-18-2024_Heidi%20Gunn-Local%20School%201_06-20-2024.pdf,live_outpost,raw/live_outpost/06-18-2024_Heidi Gunn-Local School 1_06-20-2024.pdf,45d800c1d67575ce72353b700aa350c46869c272da627116f496e5bad63fe062,101467,2026-08-01T18:36:53Z,LOCAL SCHOOL BOARD DISTRICT 1,We iC \i | y WV,HEIDI GUNN,Local School Board / judicial - out of COUNTY-OFFICE scope
https://www.washco.utah.gov/wp-content/uploads/2026/05/2024-Heidi-Gunn.pdf,live_wp,raw/live_wp/2024-Heidi-Gunn.pdf,a7e36a1d5c0acb2840e46e9eab6a18ac9c6bb319b6d02d5a7736bafca907f42b,1581444,2026-08-01T18:36:54Z,LOCAL SCHOOL BOARD DISTRICT 1,We iC \i | y WV,HEIDI GUNN,Local School Board / judicial - out of COUNTY-OFFICE scope
https://outpost.washco.utah.gov/apps/clerk/elections/2024/reports/Craig%20Seegmiller_Local%20School%202_FINAL_12-07-2024.pdf,live_outpost,raw/live_outpost/Craig Seegmiller_Local School 2_FINAL_12-07-2024.pdf,1249a1d8b9cd55b2f03dd1dd5ebf4b42d9e52aabb66921421bb956fb0bc60132,111805,2026-08-01T18:36:55Z,LOCAL SCHOOL BOARD DISTRICT 2,Street Address SS es A CUES 2,CRAIG SEEGMILLER,Local School Board / judicial - out of COUNTY-OFFICE scope
https://outpost.washco.utah.gov/apps/clerk/elections/2024/reports/Craig%20Seegmiller_Local%20School%202_FCR_10-26-2024.pdf,live_outpost,raw/live_outpost/Craig Seegmiller_Local School 2_FCR_10-26-2024.pdf,e701415c9244803f42669e5fa8c6fda6bb2d4c6e98292eca94f59eab4af2b031,1115043,2026-08-01T18:36:56Z,LOCAL SCHOOL BOARD DISTRICT 2,a we Li,CRAIG SEEGMILLER,Local School Board / judicial - out of COUNTY-OFFICE scope
https://outpost.washco.utah.gov/apps/clerk/elections/2024/reports/06-18-2024-Craig%20Seegmiller-Local%20School%202_06-20-2024.pdf,live_outpost,raw/live_outpost/06-18-2024-Craig Seegmiller-Local School 2_06-20-2024.pdf,cc1e12e174af2e901804c676e47360ba5e93126fc5c50301d19daed75ccb4670,105709,2026-08-01T18:36:57Z,LOCAL SCHOOL BOARD DISTRICT 2,,CRAIG SEEGMILLER,Local School Board / judicial - out of COUNTY-OFFICE scope
https://www.washco.utah.gov/wp-content/uploads/2026/05/2024-Craig-Seegmiller.pdf,live_wp,raw/live_wp/2024-Craig-Seegmiller.pdf,7e53b503ba6bfc3389a0d3e56d51f0398033aceb0d5e39385d29bfc2cf846a31,1329769,2026-08-01T18:36:59Z,LOCAL SCHOOL BOARD DISTRICT 2,a we Li,CRAIG SEEGMILLER,Local School Board / judicial - out of COUNTY-OFFICE scope
https://www.washco.utah.gov/wp-content/uploads/2026/05/2020-Craig-Seegmiller.pdf,live_wp,raw/live_wp/2020-Craig-Seegmiller.pdf,0dd35e029c7a58acca03e1e55b7362f916dc6cd196e6b3eda4bab34708cf9906,601778,2026-08-01T18:37:00Z,LOCAL SCHOOL BOARD DISTRICT 2,€ a,CRAIG SEEGMILLER,Local School Board / judicial - out of COUNTY-OFFICE scope
https://www.washco.utah.gov/wp-content/uploads/2026/05/2016-Craig-Seegmiller.pdf,live_wp,raw/live_wp/2016-Craig-Seegmiller.pdf,96b5c9aab94d3981ccbb141b5937a4cd0479193db830c8f561745f95e3fd52b5,215310,2026-08-01T18:37:01Z,LOCAL SCHOOL BOARD DISTRICT 2,"( vibe q las, los Sor pillar",CRAIG SEEGMILLER,Local School Board / judicial - out of COUNTY-OFFICE scope
https://www.washco.utah.gov/wp-content/uploads/2026/05/2012-2013-Craig-Seegmiller.pdf,live_wp,raw/live_wp/2012-2013-Craig-Seegmiller.pdf,8c3a537a9db64b7aee7143fc6df0dcaef0bcbaa45c5e280cb8d4c38c1f29d9b9,1206735,2026-08-01T18:37:03Z,LOCAL SCHOOL BOARD DISTRICT 2,Local School Board 2,CRAIG SEEGMILLER,Local School Board / judicial - out of COUNTY-OFFICE scope
https://outpost.washco.utah.gov/apps/clerk/elections/2024/reports/Ron%20Wade_Local%20School%203_FINALpdf_12-12-2024.pdf,live_outpost,raw/live_outpost/Ron Wade_Local School 3_FINALpdf_12-12-2024.pdf,449126c1de399936f0324de0736fb6bdcf35e689654c22f94a9e794cf1b3fe16,46241,2026-08-01T18:37:04Z,LOCAL SCHOOL BOARD DISTRICT 3,fown cp Mm. h/ 4 DE,RON WADE,Local School Board / judicial - out of COUNTY-OFFICE scope
https://outpost.washco.utah.gov/apps/clerk/elections/2024/reports/Ron%20Wade_Local%20School%203_FCR_10-29-2024.pdf,live_outpost,raw/live_outpost/Ron Wade_Local School 3_FCR_10-29-2024.pdf,da244dec09563d6d5dcd0d06356379840c81409e169f7216162c7dace3519342,1020169,2026-08-01T18:37:05Z,LOCAL SCHOOL BOARD DISTRICT 3,Fowarp M. WADE,RON WADE,Local School Board / judicial - out of COUNTY-OFFICE scope
https://outpost.washco.utah.gov/apps/clerk/elections/2024/reports/06-14-2024-Ron%20Wade_Local%20School%20Board%203_06-15-2024.pdf,live_outpost,raw/live_outpost/06-14-2024-Ron Wade_Local School Board 3_06-15-2024.pdf,54d69a152f96c4e9b68d778ff6502205376bd49da3b41e4f57591146e2a65d35,81814,2026-08-01T18:37:06Z,LOCAL SCHOOL BOARD DISTRICT 3,‘Rovaed M. Wade,RON WADE,Local School Board / judicial - out of COUNTY-OFFICE scope
https://outpost.washco.utah.gov/apps/clerk/elections/2024/reports/06-04-2024-Cynthia%20Shields-Local%20School%203-FINAL_06-07-2024.pdf,live_outpost,raw/live_outpost/06-04-2024-Cynthia Shields-Local School 3-FINAL_06-07-2024.pdf,684a69ae6a4222ff153c4933863f483393db65714adf73766aba2da3bee0d0c6,54716,2026-08-01T18:37:07Z,LOCAL SCHOOL BOARD DISTRICT 3,Conrnt Z Sh tAds Corny Di),CINDI SHIELDS,Local School Board / judicial - out of COUNTY-OFFICE scope
https://www.washco.utah.gov/wp-content/uploads/2026/05/2022-LaRene-Cox.pdf,live_wp,raw/live_wp/2022-LaRene-Cox.pdf,2d58fa2aac7ed97d4964730300d8b673665232b8c9ad2c048e562020fd618868,157490,2026-08-01T18:37:08Z,LOCAL SCHOOL BOARD DISTRICT 4,,LARENE COX,Local School Board / judicial - out of COUNTY-OFFICE scope
https://www.washco.utah.gov/wp-content/uploads/2026/05/2018-LaRene-Cox.pdf,live_wp,raw/live_wp/2018-LaRene-Cox.pdf,6c575ca3d542a7a91f891638239fa699ed3f2e1465d8c1591d83571db4b24b7d,310107,2026-08-01T18:37:09Z,LOCAL SCHOOL BOARD DISTRICT 4,La Rens << Co x,LARENE COX,Local School Board / judicial - out of COUNTY-OFFICE scope
https://www.washco.utah.gov/wp-content/uploads/2026/05/2022-Burke-Staheli.pdf,live_wp,raw/live_wp/2022-Burke-Staheli.pdf,8ec53aa0be4642c7e3f4f526cbc9f701ad60dd02b14fa3bd664c3d562b507b95,84968,2026-08-01T18:37:10Z,LOCAL SCHOOL BOARD DISTRICT 6,{ Su vw “ > \ \ R . Ste nel iN,BURKE STAHELI,Local School Board / judicial - out of COUNTY-OFFICE scope
http://www.washco.utah.gov/clerk/pdf/2010elections/6-15-2010 Cal Durfey Contributions.pdf,wayback_2010elections,raw/wayback_2010elections/6-15-2010 Cal Durfey Contributions.pdf,5736222c47389b063a9f228909fbd262a57463e6c6b65f01e1147f9f732ef1ea,15256,2026-08-01T18:37:14Z,Local School Board 4,"Calvin ""Cal"" Durfey",,Local School Board / judicial - out of COUNTY-OFFICE scope
http://www.washco.utah.gov/clerk/pdf/2010elections/6-15-2010 Cal Durfey Expenditures.pdf,wayback_2010elections,raw/wayback_2010elections/6-15-2010 Cal Durfey Expenditures.pdf,61ddea46eecc77a1f08a17f950184cdf84cf55e4acb307936af417c12902513d,15066,2026-08-01T18:37:15Z,Local School Board 4,"Calvin ""Cal"" Durfey",,Local School Board / judicial - out of COUNTY-OFFICE scope
http://www.washco.utah.gov/clerk/pdf/2010elections/6-15-2010 Cal Durfey Local School Board Candidate Summary.pdf,wayback_2010elections,raw/wayback_2010elections/6-15-2010 Cal Durfey Local School Board Candidate Summary.pdf,da728c7e9f1de8de245b2f0f4af1a4085a6854bf47b5cf11526c082e7f186134,10425,2026-08-01T18:37:17Z,Local School Board Candidate Summary,,,Local School Board / judicial - out of COUNTY-OFFICE scope
http://www.washco.utah.gov/clerk/pdf/2010elections/6-15-2010 Dale Ure Contributions.pdf,wayback_2010elections,raw/wayback_2010elections/6-15-2010 Dale Ure Contributions.pdf,c2edafdd71e866b2a3eab6a3b199e98177a31d66166f48eaaa0aeeb8970a76b9,13466,2026-08-01T18:38:38Z,Local School Board 6,Dale J Ure,,Local School Board / judicial - out of COUNTY-OFFICE scope
http://www.washco.utah.gov/clerk/pdf/2010elections/6-15-2010 Dale Ure Expenditures.pdf,wayback_2010elections,raw/wayback_2010elections/6-15-2010 Dale Ure Expenditures.pdf,e4e1bf07476b0cc34fde0dbd01d0855c9e5ed5813a9efdec10435015ba8a69d1,13052,2026-08-01T18:38:39Z,Local School Board 6,Dale J Ure,,Local School Board / judicial - out of COUNTY-OFFICE scope
http://www.washco.utah.gov/clerk/pdf/2010elections/6-15-2010 Dale Ure Local School Board Candidate Summary.pdf,wayback_2010elections,raw/wayback_2010elections/6-15-2010 Dale Ure Local School Board Candidate Summary.pdf,19ee736a75df1759f9800fbaf70bbcc9410e8947d551f6bbdfb75b6ca48739e5,10389,2026-08-01T18:38:41Z,Local School Board Candidate Summary,,,Local School Board / judicial - out of COUNTY-OFFICE scope
http://www.washco.utah.gov/clerk/pdf/2010elections/6-15-2010 Frank Lojko Contributions.pdf,wayback_2010elections,raw/wayback_2010elections/6-15-2010 Frank Lojko Contributions.pdf,f834a512d6126885148a285e13d87b0aeb4d88f9eb4838e5ba4169ef1ae38762,12643,2026-08-01T18:39:45Z,Local School Board 6,Frank Lojko,,Local School Board / judicial - out of COUNTY-OFFICE scope
http://www.washco.utah.gov/clerk/pdf/2010elections/6-15-2010 Frank Lojko Expenditures.pdf,wayback_2010elections,raw/wayback_2010elections/6-15-2010 Frank Lojko Expenditures.pdf,eca6a2e998ad614bcebe58e408818f0ff92d09b0c2f42c4d71fd91d9789c85bb,12569,2026-08-01T18:39:47Z,Local School Board 6,Frank Lojko,,Local School Board / judicial - out of COUNTY-OFFICE scope
http://www.washco.utah.gov/clerk/pdf/2010elections/6-15-2010 Frank Lojko Local School Board Candidate Summary.pdf,wayback_2010elections,raw/wayback_2010elections/6-15-2010 Frank Lojko Local School Board Candidate Summary.pdf,c46a6bff6ee7cf5597d6df72fb0846cae3d32c086f2044c0b9d986e7407f6a43,10402,2026-08-01T18:39:48Z,Local School Board Candidate Summary,,,Local School Board / judicial - out of COUNTY-OFFICE scope
http://www.washco.utah.gov/clerk/pdf/2010elections/6-15-2010 Kelly Blake Contributions.pdf,wayback_2010elections,raw/wayback_2010elections/6-15-2010 Kelly Blake Contributions.pdf,a0531e51aadc8c4166101ab1d5b8cd2af0e6679b1bd083ab23f476dfb075cca6,12791,2026-08-01T18:39:49Z,Local School Board 6,Kelly Blake,,Local School Board / judicial - out of COUNTY-OFFICE scope
http://www.washco.utah.gov/clerk/pdf/2010elections/6-15-2010 Kelly Blake Expenditures.pdf,wayback_2010elections,raw/wayback_2010elections/6-15-2010 Kelly Blake Expenditures.pdf,9d5427494cf643496c10aea0b80b2b0daa70d86dd521ac89862b5428417abe34,14164,2026-08-01T18:39:51Z,Local School Board 6,Kelly Blake,,Local School Board / judicial - out of COUNTY-OFFICE scope
http://www.washco.utah.gov/clerk/pdf/2010elections/6-15-2010 Kelly Blake Local School Board Candidate Summary.pdf,wayback_2010elections,raw/wayback_2010elections/6-15-2010 Kelly Blake Local School Board Candidate Summary.pdf,14fc0050b070d285b6d017d560f28dbe4ec829fe9e072f3e26745c5cb3b99734,10587,2026-08-01T18:39:52Z,Local School Board Candidate Summary,,,Local School Board / judicial - out of COUNTY-OFFICE scope
http://www.washco.utah.gov/clerk/pdf/2010elections/6-15-2010 Kyle Wells Contributions.pdf,wayback_2010elections,raw/wayback_2010elections/6-15-2010 Kyle Wells Contributions.pdf,d0c55b66fbc7b8e7e911f420602e5f1b737e06b03825c3a1f8676c7bdd00d528,14654,2026-08-01T18:39:55Z,Local School Board 4,Kyle S Wells,,Local School Board / judicial - out of COUNTY-OFFICE scope
http://www.washco.utah.gov/clerk/pdf/2010elections/6-15-2010 Kyle Wells Expenditures.pdf,wayback_2010elections,raw/wayback_2010elections/6-15-2010 Kyle Wells Expenditures.pdf,8e4da4404fb295ca6a1c0ecc30c9be52e2182ba5d20ce20fc1b6b59c00568bb7,14913,2026-08-01T18:39:56Z,Local School Board 4,Kyle S Wells,,Local School Board / judicial - out of COUNTY-OFFICE scope
http://www.washco.utah.gov/clerk/pdf/2010elections/6-15-2010 Kyle Wells Local School Board Candidate Summary.pdf,wayback_2010elections,raw/wayback_2010elections/6-15-2010 Kyle Wells Local School Board Candidate Summary.pdf,cbe54de172e174e6808dafa13549b3bebb7bd9f995b18bc0dea3dc26ede0ca85,10647,2026-08-01T18:40:10Z,Local School Board Candidate Summary,,,Local School Board / judicial - out of COUNTY-OFFICE scope
http://www.washco.utah.gov/clerk/pdf/2010elections/6-15-2010 Larry LeBaron Expenditures.pdf,wayback_2010elections,raw/wayback_2010elections/6-15-2010 Larry LeBaron Expenditures.pdf,8d1bbfa104cf9ea24b5e4e4b1e19c2855d2d6b2cf9d4be9081ba2b1618fdf5f1,12637,2026-08-01T18:40:11Z,Local School Board 6,Larry O LeBaron,,Local School Board / judicial - out of COUNTY-OFFICE scope
http://www.washco.utah.gov/clerk/pdf/2010elections/6-15-2010 Larry LeBaron Local School Board Candidate Summary.pdf,wayback_2010elections,raw/wayback_2010elections/6-15-2010 Larry LeBaron Local School Board Candidate Summary.pdf,5ead2fd2d0ee8831a9e525cd14dc70e26563772ff6d150c37c67038e7c7a7610,10353,2026-08-01T18:40:25Z,Local School Board Candidate Summary,,,Local School Board / judicial - out of COUNTY-OFFICE scope
http://www.washco.utah.gov/clerk/pdf/2010elections/6-15-2010 Laura Hesson Contributions.pdf,wayback_2010elections,raw/wayback_2010elections/6-15-2010 Laura Hesson Contributions.pdf,79d160bac2afc74b984cd60875d4d86bce7ffabacc80484608cb6a992c7bfab9,12584,2026-08-01T18:40:40Z,Local School Board 7,Laura Hesson,,Local School Board / judicial - out of COUNTY-OFFICE scope
http://www.washco.utah.gov/clerk/pdf/2010elections/6-15-2010 Laura Hesson Expenditures.pdf,wayback_2010elections,raw/wayback_2010elections/6-15-2010 Laura Hesson Expenditures.pdf,b032bac0cd66ac7b332a1bc0ac11a6f3311169b172e387473d3025b931ef0b43,14038,2026-08-01T18:40:41Z,Local School Board 7,Laura Hesson,,Local School Board / judicial - out of COUNTY-OFFICE scope
http://www.washco.utah.gov/clerk/pdf/2010elections/6-15-2010 Laura Hesson Local School Board Candidate Summary.pdf,wayback_2010elections,raw/wayback_2010elections/6-15-2010 Laura Hesson Local School Board Candidate Summary.pdf,71ccb7843b4887bf9740d4afc4178605111f95505573b6839fa89b4863444bc9,10473,2026-08-01T18:40:43Z,Local School Board Candidate Summary,,,Local School Board / judicial - out of COUNTY-OFFICE scope
http://www.washco.utah.gov/clerk/pdf/2010elections/6-15-2010 Robert E Allen Contributions.pdf,wayback_2010elections,raw/wayback_2010elections/6-15-2010 Robert E Allen Contributions.pdf,28757c59d72bb241e1653e2a7b21911233ec4f47a6cb868b0b610041ce36cc72,12717,2026-08-01T18:40:56Z,Local School Board 7,Robert E Allen,,Local School Board / judicial - out of COUNTY-OFFICE scope
http://www.washco.utah.gov/clerk/pdf/2010elections/6-15-2010 Robert E Allen Expenditures.pdf,wayback_2010elections,raw/wayback_2010elections/6-15-2010 Robert E Allen Expenditures.pdf,fafec8cbcf25dd491cd8428507b9d1f95dc0d1c8365dd6de114692d6d54de7e8,14080,2026-08-01T18:45:04Z,Local School Board 7,Robert E Allen,,Local School Board / judicial - out of COUNTY-OFFICE scope
http://www.washco.utah.gov/clerk/pdf/2010elections/6-15-2010 Robert E Allen Local School Board Candidate Summary.pdf,wayback_2010elections,raw/wayback_2010elections/6-15-2010 Robert E Allen Local School Board Candidate Summary.pdf,306a553734dd6bc8fc6e655e887b10cc74b98772bdd67a21dfbc2430c644f48e,10471,2026-08-01T18:41:43Z,Local School Board Candidate Summary,,,Local School Board / judicial - out of COUNTY-OFFICE scope
http://www.washco.utah.gov/clerk/pdf/2010elections/6-15-2010 Travis Christiansen Contributions.pdf,wayback_2010elections,raw/wayback_2010elections/6-15-2010 Travis Christiansen Contributions.pdf,ba0aea89b54060297bb07f700bf0081e0df09f101b257d6f0771d39b81397906,14497,2026-08-01T18:41:45Z,Local School Board 4,Travis Christiansen,,Local School Board / judicial - out of COUNTY-OFFICE scope
http://www.washco.utah.gov/clerk/pdf/2010elections/6-15-2010 Travis Christiansen Expenditures.pdf,wayback_2010elections,raw/wayback_2010elections/6-15-2010 Travis Christiansen Expenditures.pdf,04fe71efc69538a7a63a947038691c69de22f7e45865ecb9bf05d7334f209260,12572,2026-08-01T18:42:01Z,Local School Board 4,Travis Christiansen,,Local School Board / judicial - out of COUNTY-OFFICE scope
http://www.washco.utah.gov/clerk/pdf/2010elections/6-15-2010 Travis Christiansen Local School Board Candidate Summary.pdf,wayback_2010elections,raw/wayback_2010elections/6-15-2010 Travis Christiansen Local School Board Candidate Summary.pdf,528b17cc1ffb3374686fbd9634f3972df7606c16805d7a92350075434ce5ebc5,10496,2026-08-01T18:45:07Z,Local School Board Candidate Summary,,,Local School Board / judicial - out of COUNTY-OFFICE scope
http://www.washco.utah.gov/clerk/pdf/2010elections/6-15-2010 Wes Swaney Contributions.pdf,wayback_2010elections,raw/wayback_2010elections/6-15-2010 Wes Swaney Contributions.pdf,366b5555ddd99b78f7c76b2c07de802cffac1602cf9f0fc58df760b709a02337,12803,2026-08-01T18:42:45Z,Local School Board 6,Wes Swaney,,Local School Board / judicial - out of COUNTY-OFFICE scope
http://www.washco.utah.gov/clerk/pdf/2010elections/6-15-2010 Wes Swaney Local School Board Candidate Summary.pdf,wayback_2010elections,raw/wayback_2010elections/6-15-2010 Wes Swaney Local School Board Candidate Summary.pdf,53856e3c1d33978ddfc5e6eb607de076d01f0d7dbb49cd47c3699eb7d446224a,10452,2026-08-01T18:42:46Z,Local School Board Candidate Summary,,,Local School Board / judicial - out of COUNTY-OFFICE scope
http://www.washco.utah.gov/clerk/pdf/2010elections/6-15-2010 Wesley Christiansen Contributions.pdf,wayback_2010elections,raw/wayback_2010elections/6-15-2010 Wesley Christiansen Contributions.pdf,263ca6eb574f76d6c6c9a832cedea72a86294b4cc5b719666f5a09e5d222cfdb,12751,2026-08-01T18:42:47Z,Local School Board 5,Wesley Christiansen,,Local School Board / judicial - out of COUNTY-OFFICE scope
http://www.washco.utah.gov/clerk/pdf/2010elections/6-15-2010 Wesley Christiansen Expenditures.pdf,wayback_2010elections,raw/wayback_2010elections/6-15-2010 Wesley Christiansen Expenditures.pdf,a576121de705955001136d39c52b28afa440ef004b058d41c19cb328aa1e0d13,12677,2026-08-01T18:45:10Z,Local School Board 5,Wesley Christiansen,,Local School Board / judicial - out of COUNTY-OFFICE scope
http://www.washco.utah.gov/clerk/pdf/2010elections/6-15-2010 Wesley Christiansen Local School Board Candidate Summary.pdf,wayback_2010elections,raw/wayback_2010elections/6-15-2010 Wesley Christiansen Local School Board Candidate Summary.pdf,9b7b4ecd12ea74603dca46642dda11007cf6007ddf42a45d5100fb3c41c7c4a2,10403,2026-08-01T18:43:55Z,Local School Board Candidate Summary,,,Local School Board / judicial - out of COUNTY-OFFICE scope
http://www.washco.utah.gov/clerk/pdf/2010elections/Cal Durfey Candidate Summary.pdf,wayback_2010elections,raw/wayback_2010elections/Cal Durfey Candidate Summary.pdf,d77f7b3e9e5c88158b6a879f7f5f3b21dab1ecea8feb302f2c6f904cd484ef8c,10429,2026-08-01T18:45:13Z,"Document header ""Local School Board Candidate""; Office column ""Local School Board"", District 4",,,"Local School Board / judicial - out of COUNTY-OFFICE scope [office_determinations.csv 2026-08-01: Document header ""Local School Board Candidate""; Office column ""Local School Board"", District 4]"
http://www.washco.utah.gov/clerk/pdf/2010elections/Cal Durfey Contributions.pdf,wayback_2010elections,raw/wayback_2010elections/Cal Durfey Contributions.pdf,3d2b9c89882d20659baabe2b86436bd462e8ab2cbeff0086e7d01821dc0cbfd5,15256,2026-08-01T18:45:19Z,Local School Board 4,"Calvin ""Cal"" Durfey",,Local School Board / judicial - out of COUNTY-OFFICE scope
http://www.washco.utah.gov/clerk/pdf/2010elections/Cal Durfey Expenditures.pdf,wayback_2010elections,raw/wayback_2010elections/Cal Durfey Expenditures.pdf,ac65ed5037e84c373e51f52e8d81fc8effe5d06dbef41f8f14bbd282a09492e8,15066,2026-08-01T18:45:21Z,Local School Board 4,"Calvin ""Cal"" Durfey",,Local School Board / judicial - out of COUNTY-OFFICE scope
http://www.washco.utah.gov/clerk/pdf/2010elections/Cal Durfey Local School Board Candidate Summary.pdf,wayback_2010elections,raw/wayback_2010elections/Cal Durfey Local School Board Candidate Summary.pdf,b872587cf24beea95f07f3e11bd3d6cae4a19c08bafa6e5bbd54fdc4d2950ffb,10647,2026-08-01T18:46:24Z,Local School Board Candidate Summary,,,Local School Board / judicial - out of COUNTY-OFFICE scope
http://www.washco.utah.gov/clerk/pdf/2010elections/Dale Ure Candidate Summary.pdf,wayback_2010elections,raw/wayback_2010elections/Dale Ure Candidate Summary.pdf,30b6b1d65712937cbd436ce160122959114a6c78596871f39d0069e0b7bfcfc1,10395,2026-08-01T18:49:55Z,"Document header ""Local School Board Candidate""; Office ""Local School Board"", District 6",,,"Local School Board / judicial - out of COUNTY-OFFICE scope [office_determinations.csv 2026-08-01: Document header ""Local School Board Candidate""; Office ""Local School Board"", District 6]"
http://www.washco.utah.gov/clerk/pdf/2010elections/Dale Ure Contributions.pdf,wayback_2010elections,raw/wayback_2010elections/Dale Ure Contributions.pdf,df8031d0d1b3bf80703885d28c6e2d5a7b43534d8b3d698a53600622158675fe,13466,2026-08-01T18:50:29Z,Local School Board 6,Dale J Ure,,Local School Board / judicial - out of COUNTY-OFFICE scope
http://www.washco.utah.gov/clerk/pdf/2010elections/Dale Ure Expenditures.pdf,wayback_2010elections,raw/wayback_2010elections/Dale Ure Expenditures.pdf,006365a89bf718f2fe3bef07a20480b8b73876e3b77ac6b5d0338357abe7ca2f,13052,2026-08-01T18:50:30Z,Local School Board 6,Dale J Ure,,Local School Board / judicial - out of COUNTY-OFFICE scope
http://www.washco.utah.gov/clerk/pdf/2010elections/Dale Ure Local School Board Candidate Summary.pdf,wayback_2010elections,raw/wayback_2010elections/Dale Ure Local School Board Candidate Summary.pdf,dd5f72a9d7cb7d0386f834681a17123485b1a17d9af1bbb3654d9ac58fba69ed,10438,2026-08-01T18:50:33Z,Local School Board Candidate Summary,,,Local School Board / judicial - out of COUNTY-OFFICE scope
http://www.washco.utah.gov/clerk/pdf/2010elections/Frank Lojko Candidate Summary.pdf,wayback_2010elections,raw/wayback_2010elections/Frank Lojko Candidate Summary.pdf,748e1abca8bd2c4dc78c4a90200dc0a76563e8d85c5d91a87225560f4e068a7f,10407,2026-08-01T18:53:32Z,"Document header ""Local School Board Candidate""; Office ""Local School Board"", District 6",,,"Local School Board / judicial - out of COUNTY-OFFICE scope [office_determinations.csv 2026-08-01: Document header ""Local School Board Candidate""; Office ""Local School Board"", District 6]"
http://www.washco.utah.gov/clerk/pdf/2010elections/Frank Lojko Contributions.pdf,wayback_2010elections,raw/wayback_2010elections/Frank Lojko Contributions.pdf,3965eea69707757d3a4d1ceae7330778038f9e9886daca28d7f437a66deccdf1,12643,2026-08-01T18:53:45Z,Local School Board 6,Frank Lojko,,Local School Board / judicial - out of COUNTY-OFFICE scope
http://www.washco.utah.gov/clerk/pdf/2010elections/Frank Lojko Expenditures.pdf,wayback_2010elections,raw/wayback_2010elections/Frank Lojko Expenditures.pdf,3ac5353533f0a454dc5c383f78d35bc9bf94e8f0f51ff0859bcb368ad82be5ee,12569,2026-08-01T18:53:46Z,Local School Board 6,Frank Lojko,,Local School Board / judicial - out of COUNTY-OFFICE scope
http://www.washco.utah.gov/clerk/pdf/2010elections/Frank Lojko Local School Board Candidate Summary.pdf,wayback_2010elections,raw/wayback_2010elections/Frank Lojko Local School Board Candidate Summary.pdf,6edcba97423e5354bc4464d31bb7d42a652d6ba513e45394dc1a345253857f23,10615,2026-08-01T18:53:50Z,Local School Board Candidate Summary,,,Local School Board / judicial - out of COUNTY-OFFICE scope
http://www.washco.utah.gov/clerk/pdf/2010elections/Kelly Blake Candidate Summary.pdf,wayback_2010elections,raw/wayback_2010elections/Kelly Blake Candidate Summary.pdf,c5b2d4293adeb970b843bbb45a11af7c0c594e2261e8b94d0548e548bcfbe404,10516,2026-08-01T18:54:04Z,"Document header ""Local School Board Candidate""; Office ""Local School Board"", District 6",,,"Local School Board / judicial - out of COUNTY-OFFICE scope [office_determinations.csv 2026-08-01: Document header ""Local School Board Candidate""; Office ""Local School Board"", District 6]"
http://www.washco.utah.gov/clerk/pdf/2010elections/Kelly Blake Contributions.pdf,wayback_2010elections,raw/wayback_2010elections/Kelly Blake Contributions.pdf,9df3f0a3e15a5b45bc855f12faeb67ba78c482acdb32835a75fa39044c4c46ce,12791,2026-08-01T18:54:19Z,Local School Board 6,Kelly Blake,,Local School Board / judicial - out of COUNTY-OFFICE scope
http://www.washco.utah.gov/clerk/pdf/2010elections/Kelly Blake Expenditures.pdf,wayback_2010elections,raw/wayback_2010elections/Kelly Blake Expenditures.pdf,95ccb514b9e63f5efc09326a94930f5115b6f1df94874245e23028887444aa77,12610,2026-08-01T18:54:32Z,Local School Board 6,Kelly Blake,,Local School Board / judicial - out of COUNTY-OFFICE scope
http://www.washco.utah.gov/clerk/pdf/2010elections/Kelly Blake Local School Board Candidate Summary.pdf,wayback_2010elections,raw/wayback_2010elections/Kelly Blake Local School Board Candidate Summary.pdf,e844b5d85c23ce7ef60f491c6d8766178bfb29c1c9161a3e8d73408d39cc2c4c,10645,2026-08-01T18:55:06Z,Local School Board Candidate Summary,,,Local School Board / judicial - out of COUNTY-OFFICE scope
http://www.washco.utah.gov/clerk/pdf/2010elections/Kyle Wells Candidate Summary.pdf,wayback_2010elections,raw/wayback_2010elections/Kyle Wells Candidate Summary.pdf,8c6ce9bccd3565e79d9e58637b009dbe6486fc67578a59d6598bc62eaaad7e6a,10441,2026-08-01T18:55:09Z,"Document header ""Local School Board Candidate""; Office ""Local School Board"", District 4",,,"Local School Board / judicial - out of COUNTY-OFFICE scope [office_determinations.csv 2026-08-01: Document header ""Local School Board Candidate""; Office ""Local School Board"", District 4]"
http://www.washco.utah.gov/clerk/pdf/2010elections/Kyle Wells Contributions.pdf,wayback_2010elections,raw/wayback_2010elections/Kyle Wells Contributions.pdf,1f2ee299491190b0ba311d2493d775086fa540bbfee15039f03f4be80c740567,12723,2026-08-01T18:55:23Z,Local School Board 4,Kyle S Wells,,Local School Board / judicial - out of COUNTY-OFFICE scope
http://www.washco.utah.gov/clerk/pdf/2010elections/Kyle Wells Expenditures.pdf,wayback_2010elections,raw/wayback_2010elections/Kyle Wells Expenditures.pdf,ae0e557a7e0a1b6d7ad33c2ef20107d4c2166dccdaca0a4a795b09ac6616b5f5,14222,2026-08-01T18:55:37Z,Local School Board 4,Kyle S Wells,,Local School Board / judicial - out of COUNTY-OFFICE scope
http://www.washco.utah.gov/clerk/pdf/2010elections/Larry LeBaron Candidate Summary.pdf,wayback_2010elections,raw/wayback_2010elections/Larry LeBaron Candidate Summary.pdf,ee949ec6aa57a24e394e7efc8aa9e3b0e018a542dd645344ec32ce7a07b99be7,10357,2026-08-01T18:55:50Z,"Document header ""Local School Board Candidate""; Office ""Local School Board"", District 6",,,"Local School Board / judicial - out of COUNTY-OFFICE scope [office_determinations.csv 2026-08-01: Document header ""Local School Board Candidate""; Office ""Local School Board"", District 6]"
http://www.washco.utah.gov/clerk/pdf/2010elections/Larry LeBaron Contributions.pdf,wayback_2010elections,raw/wayback_2010elections/Larry LeBaron Contributions.pdf,bb31c804b7b34506a15c7817e82fdb427f763e2aa8e81a1071a264ca7c336f73,12801,2026-08-01T18:56:02Z,Local School Board 6,Larry O LeBaron,,Local School Board / judicial - out of COUNTY-OFFICE scope
http://www.washco.utah.gov/clerk/pdf/2010elections/Larry LeBaron Expenditures.pdf,wayback_2010elections,raw/wayback_2010elections/Larry LeBaron Expenditures.pdf,392b8f031560f1387de3b208b5d4af032881c9613a3202f14c308988e795cf34,12637,2026-08-01T18:56:15Z,Local School Board 6,Larry O LeBaron,,Local School Board / judicial - out of COUNTY-OFFICE scope
http://www.washco.utah.gov/clerk/pdf/2010elections/Laura Hesson Contributions.pdf,wayback_2010elections,raw/wayback_2010elections/Laura Hesson Contributions.pdf,54d36f916fb2efc61ef5d862527d1cc748568e447f1940a0b0728906e037cc3e,12584,2026-08-01T18:56:27Z,Local School Board 7,Laura Hesson,,Local School Board / judicial - out of COUNTY-OFFICE scope
http://www.washco.utah.gov/clerk/pdf/2010elections/Laura Hesson Expenditures.pdf,wayback_2010elections,raw/wayback_2010elections/Laura Hesson Expenditures.pdf,18cf25d95634ddeaeef4d627bee2da42f0c0eb56c74e9f5c0319f55ca4e12b34,14038,2026-08-01T18:56:41Z,Local School Board 7,Laura Hesson,,Local School Board / judicial - out of COUNTY-OFFICE scope
http://www.washco.utah.gov/clerk/pdf/2010elections/Laura Hesson Local School Board Candidate Summary.pdf,wayback_2010elections,raw/wayback_2010elections/Laura Hesson Local School Board Candidate Summary.pdf,e2a952c4640f1b8ead247747a38f8bb596005355a2f6c693fe39a09050b15db0,10570,2026-08-01T18:57:14Z,Local School Board Candidate Summary,,,Local School Board / judicial - out of COUNTY-OFFICE scope
http://www.washco.utah.gov/clerk/pdf/2010elections/Local School Board Candidate Summary Travis Christiansen.pdf,wayback_2010elections,raw/wayback_2010elections/Local School Board Candidate Summary Travis Christiansen.pdf,e72fecbdcd089fe973e11860948565edf055e9798450ac1bb8c16c2958c0fcd2,10524,2026-08-01T18:57:16Z,Local School Board Candidate Summary Travis Christiansen,,,Local School Board / judicial - out of COUNTY-OFFICE scope
http://www.washco.utah.gov/clerk/pdf/2010elections/Robert E Allen Candidate Summary.pdf,wayback_2010elections,raw/wayback_2010elections/Robert E Allen Candidate Summary.pdf,0a035880cd3037e83cf84f13534e60613363c2d8fcce8bf30c47a62cfd13d7b6,10456,2026-08-01T18:57:30Z,"Document header ""Local School Board Candidate""; Office ""Local School Board"", District 7",,,"Local School Board / judicial - out of COUNTY-OFFICE scope [office_determinations.csv 2026-08-01: Document header ""Local School Board Candidate""; Office ""Local School Board"", District 7]"
http://www.washco.utah.gov/clerk/pdf/2010elections/Robert E Allen Contributions.pdf,wayback_2010elections,raw/wayback_2010elections/Robert E Allen Contributions.pdf,c0e21f7fcfb71f5ed125a2a08d8da0a738147402129f044b22c2c736f47c6ed8,12717,2026-08-01T18:57:43Z,Local School Board 7,Robert E Allen,,Local School Board / judicial - out of COUNTY-OFFICE scope
http://www.washco.utah.gov/clerk/pdf/2010elections/Robert E Allen Expenditures.pdf,wayback_2010elections,raw/wayback_2010elections/Robert E Allen Expenditures.pdf,cafc85c3e27b08c6bb919d5f8f39e3980cdba5e6fd5f1b54d6a7fbbf469aeb47,13800,2026-08-01T18:57:45Z,Local School Board 7,Robert E Allen,,Local School Board / judicial - out of COUNTY-OFFICE scope
http://www.washco.utah.gov/clerk/pdf/2010elections/Robert E Allen Local School Board Candidate Summary.pdf,wayback_2010elections,raw/wayback_2010elections/Robert E Allen Local School Board Candidate Summary.pdf,949ad3bd5d17242fff260bd57dbda3abdd1335996bff9a0bcfce8ef07220dc6b,10521,2026-08-01T18:58:17Z,Local School Board Candidate Summary,,,Local School Board / judicial - out of COUNTY-OFFICE scope
http://www.washco.utah.gov/clerk/pdf/2010elections/Travis Christiansen Contributions.pdf,wayback_2010elections,raw/wayback_2010elections/Travis Christiansen Contributions.pdf,d07e606f7991a02ebd298a75890348ab20aac1834f27e1e2eb68936e516c336f,14673,2026-08-01T18:58:20Z,Local School Board 4,Travis Christiansen,,Local School Board / judicial - out of COUNTY-OFFICE scope
http://www.washco.utah.gov/clerk/pdf/2010elections/Travis Christiansen Expenditures.pdf,wayback_2010elections,raw/wayback_2010elections/Travis Christiansen Expenditures.pdf,bc21b144a71ce6e792499a7e8421c08135cd1b1bdf387bde2384c7fc132f1ef9,14062,2026-08-01T18:58:23Z,Local School Board 4,Travis Christiansen,,Local School Board / judicial - out of COUNTY-OFFICE scope
http://www.washco.utah.gov/clerk/pdf/2010elections/Wes Swaney Candidate Summary.pdf,wayback_2010elections,raw/wayback_2010elections/Wes Swaney Candidate Summary.pdf,13996ef4b25271576c6ce05fd030646c67fe47eb9b8545c7a18ee2d853e8af40,10457,2026-08-01T18:58:25Z,"Document header ""Local School Board Candidate""; Office ""Local School Board"", District 6",,,"Local School Board / judicial - out of COUNTY-OFFICE scope [office_determinations.csv 2026-08-01: Document header ""Local School Board Candidate""; Office ""Local School Board"", District 6]"
http://www.washco.utah.gov/clerk/pdf/2010elections/Wes Swaney Contributions.pdf,wayback_2010elections,raw/wayback_2010elections/Wes Swaney Contributions.pdf,90393aa65f3887d5e50867a0c8d9f100c4332f51e574f218976b6ff5cf9341f8,12803,2026-08-01T18:58:58Z,Local School Board 6,Wes Swaney,,Local School Board / judicial - out of COUNTY-OFFICE scope
http://www.washco.utah.gov/clerk/pdf/2010elections/Wes Swaney Expenditures.pdf,wayback_2010elections,raw/wayback_2010elections/Wes Swaney Expenditures.pdf,a60da0aa637f397b1c4053ee78d7d9c3bfccacffa399d5c38d005c3bf5a5811f,12624,2026-08-01T18:59:12Z,Local School Board 6,Wes Swaney,,Local School Board / judicial - out of COUNTY-OFFICE scope
http://www.washco.utah.gov/clerk/pdf/2010elections/Wesley Christiansen Candidate Summary.pdf,wayback_2010elections,raw/wayback_2010elections/Wesley Christiansen Candidate Summary.pdf,d8cb1d017793bd769b34cf62e608e988b2a2e600c8d8c41e37a800859a961306,10403,2026-08-01T18:59:48Z,"Document header ""Local School Board Candidate""; Office ""Local School Board"", District 5",,,"Local School Board / judicial - out of COUNTY-OFFICE scope [office_determinations.csv 2026-08-01: Document header ""Local School Board Candidate""; Office ""Local School Board"", District 5]"
http://www.washco.utah.gov/clerk/pdf/2010elections/Wesley Christiansen Contributions.pdf,wayback_2010elections,raw/wayback_2010elections/Wesley Christiansen Contributions.pdf,be9ad0485867e0d178d3772844215d0521c51b1c7d8bb7d93cb16abfd3d02d63,12751,2026-08-01T18:59:50Z,Local School Board 5,Wesley Christiansen,,Local School Board / judicial - out of COUNTY-OFFICE scope
http://www.washco.utah.gov/clerk/pdf/2010elections/Wesley Christiansen Expenditures.pdf,wayback_2010elections,raw/wayback_2010elections/Wesley Christiansen Expenditures.pdf,b40871e105771a029f8f0d4571e85ce5b0f42c594bf8c40759bf2cfa437e01c3,12677,2026-08-01T19:00:52Z,Local School Board 5,Wesley Christiansen,,Local School Board / judicial - out of COUNTY-OFFICE scope
http://www.washco.utah.gov/clerk/pdf/2010elections/Wesley Christiansen Local School Board Candidate Summary.pdf,wayback_2010elections,raw/wayback_2010elections/Wesley Christiansen Local School Board Candidate Summary.pdf,8886d129b11efe0bfb62cda5ea581f00bfd05e659eb049eccf4e192a7ea51a44,10432,2026-08-01T19:01:04Z,Local School Board Candidate Summary,,,Local School Board / judicial - out of COUNTY-OFFICE scope
http://www.washco.utah.gov/clerk/pdf/Carole Morris Contributions.pdf,wayback_clerkpdf2008,raw/wayback_clerkpdf2008/Carole Morris Contributions.pdf,f3fb034db57a31ce713b4a1248cfd83096a740ae66c16a3b3d4d3aadaaf942f4,7577,2026-08-01T18:45:20Z,"Document header line: ""Carole Morris   Local School Board #3   2008""",,,"Local School Board / judicial - out of COUNTY-OFFICE scope [office_determinations.csv 2026-08-01: Document header line: ""Carole Morris   Local School Board #3   2008""]"
http://www.washco.utah.gov/clerk/pdf/Carole Morris Expenditure.pdf,wayback_clerkpdf2008,raw/wayback_clerkpdf2008/Carole Morris Expenditure.pdf,d5a922176d4b9735a14dfa92e83f30072a0d878e4ce145d51eb6529caa0a5bfe,8422,2026-08-01T18:45:33Z,"Document header line: ""Carole Morris    Local School Board #3       2008""",,,"Local School Board / judicial - out of COUNTY-OFFICE scope [office_determinations.csv 2026-08-01: Document header line: ""Carole Morris    Local School Board #3       2008""]"
http://www.washco.utah.gov/clerk/pdf/Craig Seegmiller Contributions.pdf,wayback_clerkpdf2008,raw/wayback_clerkpdf2008/Craig Seegmiller Contributions.pdf,a9ce27ec29b205c74956a5f9241ee62f422995ed0fe02a2967ee122b9abe74ae,7414,2026-08-01T18:46:06Z,"Document header line: ""Craig Seegmiller     Local School Board #2       2008""",,,"Local School Board / judicial - out of COUNTY-OFFICE scope [office_determinations.csv 2026-08-01: Document header line: ""Craig Seegmiller     Local School Board #2       2008""]"
http://www.washco.utah.gov/clerk/pdf/Craig Seegmiller Expenditures.pdf,wayback_clerkpdf2008,raw/wayback_clerkpdf2008/Craig Seegmiller Expenditures.pdf,943883e83213d28253fc99dd83f0f83cc0e19d4a50c619cd74611332301826e4,8289,2026-08-01T18:46:08Z,"Document header line: ""Craig Seegmiller     Local School Board #2       2008""",,,"Local School Board / judicial - out of COUNTY-OFFICE scope [office_determinations.csv 2026-08-01: Document header line: ""Craig Seegmiller     Local School Board #2       2008""]"
http://www.washco.utah.gov/clerk/pdf/financialreports/1 12 2015 Contributions - Brent Holloway_12-15-2014.xls,wayback_financialreports,raw/wayback_financialreports/1 12 2015 Contributions - Brent Holloway_12-15-2014.xls,4e485efc40c36f870f2677b2480a0ba03b7ec54f7ab317be7ee9ca034584f466,30720,2026-08-01T18:40:41Z,LOCAL SCHOOL DISTRICT 4,Brent Holloway,,Local School Board / judicial - out of COUNTY-OFFICE scope
http://www.washco.utah.gov/clerk/pdf/financialreports/1 12 2015 Contributions - Eileen McKell_12-15-2014.xls,wayback_financialreports,raw/wayback_financialreports/1 12 2015 Contributions - Eileen McKell_12-15-2014.xls,61d1c21a8323b0a7ba4425cf2750c76be8e8a8f60aa4b74b0ebae498bcd3d733,16384,2026-08-01T18:40:47Z,LOCAL SCHOOL District 5,Eileen McKell,,Local School Board / judicial - out of COUNTY-OFFICE scope
http://www.washco.utah.gov/clerk/pdf/financialreports/1 12 2015 Expenditures - Brent Holloway_12-15-2014.xls,wayback_financialreports,raw/wayback_financialreports/1 12 2015 Expenditures - Brent Holloway_12-15-2014.xls,b33e557238dbb0d5bf4e12d598708c1776d612f8baf018f330846b14f208cb3d,17920,2026-08-01T18:41:04Z,LOCAL SCHOOL,Brent Holloway,,Local School Board / judicial - out of COUNTY-OFFICE scope
http://www.washco.utah.gov/clerk/pdf/financialreports/1 12 2015 Expenditures - Eileen McKell_12-15-2014.xls,wayback_financialreports,raw/wayback_financialreports/1 12 2015 Expenditures - Eileen McKell_12-15-2014.xls,93750d5be3d2cae4b02cd5dd2eebf84fb5211f3b459caadd9e96d896a9f572b1,17408,2026-08-01T18:41:20Z,LOCAL SCHOOL DISTRICT 5,Eileen McKell,,Local School Board / judicial - out of COUNTY-OFFICE scope
http://www.washco.utah.gov/clerk/pdf/financialreports/1 12 2015 Summary - Brent Holloway_12-15-2014.xls,wayback_financialreports,raw/wayback_financialreports/1 12 2015 Summary - Brent Holloway_12-15-2014.xls,f98bc1c7209973363441421044cc6b108602419eaa247628617ffd99c864abd4,28672,2026-08-01T18:41:44Z,LOCAL SCHOOL,Brent Holloway,,Local School Board / judicial - out of COUNTY-OFFICE scope
http://www.washco.utah.gov/clerk/pdf/financialreports/1 12 2015 Summary - Eileen McKell_12-15-2014.xls,wayback_financialreports,raw/wayback_financialreports/1 12 2015 Summary - Eileen McKell_12-15-2014.xls,c81bd9d5e0b8b4d764c69dbecd2b873d1575f76103a98db6127fc3b1567f711e,28672,2026-08-01T18:41:49Z,LOCAL SCHOOL,Eileen McKell,,Local School Board / judicial - out of COUNTY-OFFICE scope
http://www.washco.utah.gov/clerk/pdf/financialreports/1 5 2015 Contributions - David B Stirland_01-07-2015.xls,wayback_financialreports,raw/wayback_financialreports/1 5 2015 Contributions - David B Stirland_01-07-2015.xls,401a17280ac2cee4e89bfe68172a72914f14ef962910f9c5eff16d97f4848408,16896,2026-08-01T18:46:18Z,LOCAL SCHOOL District 5,David B Stirland,,Local School Board / judicial - out of COUNTY-OFFICE scope
http://www.washco.utah.gov/clerk/pdf/financialreports/1 5 2015 Contributions - Kelly Blake_01-07-2015.xls,wayback_financialreports,raw/wayback_financialreports/1 5 2015 Contributions - Kelly Blake_01-07-2015.xls,c44418b0f8a0de12526821ef95b4b49f3dcd59e2c6573b4e4aba55f05debf0ee,16384,2026-08-01T18:46:20Z,LOCAL SCHOOL District 6,Kelly Blake,,Local School Board / judicial - out of COUNTY-OFFICE scope
http://www.washco.utah.gov/clerk/pdf/financialreports/1 5 2015 Contributions - Laura Hesson_01-07-2015.xls,wayback_financialreports,raw/wayback_financialreports/1 5 2015 Contributions - Laura Hesson_01-07-2015.xls,f48b1ac5fc4370d7ae0e613d5d7bcfd62e1a5e2a10c4cbcae70aa5cdb71033fe,16384,2026-08-01T18:46:28Z,LOCAL SCHOOL District 7,Laura Hesson,,Local School Board / judicial - out of COUNTY-OFFICE scope
http://www.washco.utah.gov/clerk/pdf/financialreports/1 5 2015 Contributions-Scott P Robison_01-07-2015.xls,wayback_financialreports,raw/wayback_financialreports/1 5 2015 Contributions-Scott P Robison_01-07-2015.xls,8cc3a04f1e9a83fb149d7d39a58fb323280e9e1c64512dffa818988a37a518d2,29184,2026-08-01T18:47:23Z,LOCAL SCHOOL DISTRICT 7,Scott P Robison,,Local School Board / judicial - out of COUNTY-OFFICE scope
http://www.washco.utah.gov/clerk/pdf/financialreports/1 5 2015 Contrubutions_ LaRene Cox_01-07-2015.xls,wayback_financialreports,raw/wayback_financialreports/1 5 2015 Contrubutions_ LaRene Cox_01-07-2015.xls,8a60f1774bde0c0999a703e5e7deafe35a11ea72484d4383de775f3ed453d062,17408,2026-08-01T18:47:36Z,LOCAL SCHOOL District 4,LaRene Cox,,Local School Board / judicial - out of COUNTY-OFFICE scope
http://www.washco.utah.gov/clerk/pdf/financialreports/1 5 2015 Expeditures_LaRene Cox_01-07-2015.xls,wayback_financialreports,raw/wayback_financialreports/1 5 2015 Expeditures_LaRene Cox_01-07-2015.xls,20fee1c188f68f08c842152336695e8cf9e4801b5645fdd0b3158344154e768e,17408,2026-08-01T18:48:40Z,LOCAL SCHOOL DISTRICT 4,LaRene Cox,,Local School Board / judicial - out of COUNTY-OFFICE scope
http://www.washco.utah.gov/clerk/pdf/financialreports/1 5 2015 Expenditures - David B Stirland_01-07-2015.xls,wayback_financialreports,raw/wayback_financialreports/1 5 2015 Expenditures - David B Stirland_01-07-2015.xls,f4601b9c6f65385ee1776805177005134c3c03194e3f2990b72809151545fc33,16896,2026-08-01T18:52:11Z,LOCAL SCHOOL DISTRICT 5,David B Stirland,,Local School Board / judicial - out of COUNTY-OFFICE scope
http://www.washco.utah.gov/clerk/pdf/financialreports/1 5 2015 Expenditures - Kelly Blake_01-07-2015.xls,wayback_financialreports,raw/wayback_financialreports/1 5 2015 Expenditures - Kelly Blake_01-07-2015.xls,dd81c27b87f860172a509a2cb47d2c555a35122bdf2d60f7c8253e5c04a4bbd9,16896,2026-08-01T18:50:49Z,LOCAL SCHOOL DISTRICT 6,Kelly Blake,,Local School Board / judicial - out of COUNTY-OFFICE scope
http://www.washco.utah.gov/clerk/pdf/financialreports/1 5 2015 Expenditures - Laura Hesson_01-07-2015.xls,wayback_financialreports,raw/wayback_financialreports/1 5 2015 Expenditures - Laura Hesson_01-07-2015.xls,0c44a4f365bcff56d22d9d1fe94e7fc869f16c9a1739113c3670909c071454a4,16896,2026-08-01T18:54:01Z,LOCAL SCHOOL DISTRICT 7,Laura Hesson,,Local School Board / judicial - out of COUNTY-OFFICE scope
http://www.washco.utah.gov/clerk/pdf/financialreports/1 5 2015 Expenditures-Scott P Robison_01-07-2015.xls,wayback_financialreports,raw/wayback_financialreports/1 5 2015 Expenditures-Scott P Robison_01-07-2015.xls,6e8d9eec6685721206aabffecfd002ad417770b0bcc482c9e9bdcfea31ff85e8,16896,2026-08-01T18:50:53Z,LOCAL SCHOOL DISTRICT 7,Scott P Robison,,Local School Board / judicial - out of COUNTY-OFFICE scope
http://www.washco.utah.gov/clerk/pdf/financialreports/1 5 2015 Summary - David B Stirland_01-07-2015.xls,wayback_financialreports,raw/wayback_financialreports/1 5 2015 Summary - David B Stirland_01-07-2015.xls,cce623f98b3f649edad1180f4d205430814fb84df176088fff5b6454c9d2b950,28672,2026-08-01T18:54:55Z,LOCAL SCHOOL,David B Stirland,,Local School Board / judicial - out of COUNTY-OFFICE scope
http://www.washco.utah.gov/clerk/pdf/financialreports/1 5 2015 Summary - Kelly Blake_01-07-2015.xls,wayback_financialreports,raw/wayback_financialreports/1 5 2015 Summary - Kelly Blake_01-07-2015.xls,5e2eb446ac126d8609fa85925ac55a4c48129b8a3598fef7ca8ac3c84d986a78,28672,2026-08-01T18:51:07Z,LOCAL SCHOOL,Kelly Blake,,Local School Board / judicial - out of COUNTY-OFFICE scope
http://www.washco.utah.gov/clerk/pdf/financialreports/1 5 2015 Summary - Laura Hesson_01-07-2015.xls,wayback_financialreports,raw/wayback_financialreports/1 5 2015 Summary - Laura Hesson_01-07-2015.xls,e6812094056b7699d748c5a4359d0a9f7aa6abd855331db98b66b4857ed859eb,28672,2026-08-01T18:55:11Z,LOCAL SCHOOL,Laura Hesson,,Local School Board / judicial - out of COUNTY-OFFICE scope
http://www.washco.utah.gov/clerk/pdf/financialreports/1 5 2015 Summary-Scott P Robison_01-07-2015.xls,wayback_financialreports,raw/wayback_financialreports/1 5 2015 Summary-Scott P Robison_01-07-2015.xls,066b7586157f42f01b6cd57d0e714e5d6250a4510866a015d98c30665c78ec65,28672,2026-08-01T18:51:21Z,LOCAL SCHOOL,Scott R Robison,,Local School Board / judicial - out of COUNTY-OFFICE scope
http://www.washco.utah.gov/clerk/pdf/financialreports/1 5 2015 Summary_LaRene Cox_01-07-2015.xls,wayback_financialreports,raw/wayback_financialreports/1 5 2015 Summary_LaRene Cox_01-07-2015.xls,4d633aeba829bd5f8a572283de12f23073e1fbfb4eb3da07ff0be60f19003e98,28672,2026-08-01T18:52:10Z,LOCAL SCHOOL,LaRene Cox,,Local School Board / judicial - out of COUNTY-OFFICE scope
http://www.washco.utah.gov/clerk/pdf/financialreports/10 28 2014 Contributions - Brent Holloway_10-27-2014.xls,wayback_financialreports,raw/wayback_financialreports/10 28 2014 Contributions - Brent Holloway_10-27-2014.xls,9923f408692af42f35ec6e59e2c6ca858e31733085c1e0973672172afefc8ad1,30208,2026-08-01T18:51:34Z,LOCAL SCHOOL DISTRICT 4,Brent Holloway,,Local School Board / judicial - out of COUNTY-OFFICE scope
http://www.washco.utah.gov/clerk/pdf/financialreports/10 28 2014 Contributions - David B Stirland_10-22-2014.xls,wayback_financialreports,raw/wayback_financialreports/10 28 2014 Contributions - David B Stirland_10-22-2014.xls,c863b90fd5dfbcd05e641b62ccb2f950a5138a74783bf480d078587a5ae69ec7,16896,2026-08-01T18:57:15Z,LOCAL SCHOOL District 5,David B Stirland,,Local School Board / judicial - out of COUNTY-OFFICE scope
http://www.washco.utah.gov/clerk/pdf/financialreports/10 28 2014 Contributions - Eileen McKell_10-23-2014.xls,wayback_financialreports,raw/wayback_financialreports/10 28 2014 Contributions - Eileen McKell_10-23-2014.xls,16889f44e27e9fbff232f31dc984ba4e8bb31a9a8d068099cce3f64d1308443f,16384,2026-08-01T18:52:38Z,LOCAL SCHOOL District 5,Eileen McKell,,Local School Board / judicial - out of COUNTY-OFFICE scope
http://www.washco.utah.gov/clerk/pdf/financialreports/10 28 2014 Contributions - Kelly Blake_10-24-2014.xls,wayback_financialreports,raw/wayback_financialreports/10 28 2014 Contributions - Kelly Blake_10-24-2014.xls,3a8fa5bb96809d38335a63686985b5726001b5ca96d59e43a9354800a23c1995,16384,2026-08-01T18:57:53Z,LOCAL SCHOOL District 6,Kelly Blake,,Local School Board / judicial - out of COUNTY-OFFICE scope
http://www.washco.utah.gov/clerk/pdf/financialreports/10 28 2014 Contributions - Laura Hesson_10-27-2014.xls,wayback_financialreports,raw/wayback_financialreports/10 28 2014 Contributions - Laura Hesson_10-27-2014.xls,cff86da2a88173f4c7baf48c80b97f8ed3d587f53cae2bdc21c269e4ff864137,16384,2026-08-01T18:52:40Z,LOCAL SCHOOL District 7,Laura Hesson,,Local School Board / judicial - out of COUNTY-OFFICE scope
http://www.washco.utah.gov/clerk/pdf/financialreports/10 28 2014 Contributions - Peato (Pat) L Ena_10-22-2014.xls,wayback_financialreports,raw/wayback_financialreports/10 28 2014 Contributions - Peato (Pat) L Ena_10-22-2014.xls,829de8243bc3ec4f241472963cc99293e5e296405196a7e446165b854474874a,16384,2026-08-01T18:52:43Z,LOCAL SCHOOL District 6,Peato (Pat) L Ena,,Local School Board / judicial - out of COUNTY-OFFICE scope
http://www.washco.utah.gov/clerk/pdf/financialreports/10 28 2014 Contributions-Scott P Robison_10-22-2014.xls,wayback_financialreports,raw/wayback_financialreports/10 28 2014 Contributions-Scott P Robison_10-22-2014.xls,b381252944515085977c66427f502a7356973e13ba4fce6a5c53e71f9f9d4dc4,29184,2026-08-01T19:01:36Z,LOCAL SCHOOL DISTRICT 7,Scott P Robison,,Local School Board / judicial - out of COUNTY-OFFICE scope
http://www.washco.utah.gov/clerk/pdf/financialreports/10 28 2014 Contrubutions_ LaRene Cox_10-22-2014.xls,wayback_financialreports,raw/wayback_financialreports/10 28 2014 Contrubutions_ LaRene Cox_10-22-2014.xls,11db2a4ff6468745922bb4a370fb71ec39a9672db332b4f4f77a9aecefa79916,17408,2026-08-01T18:51:59Z,LOCAL SCHOOL District 4,LaRene Cox,,Local School Board / judicial - out of COUNTY-OFFICE scope
http://www.washco.utah.gov/clerk/pdf/financialreports/10 28 2014 Expeditures_LaRene Cox_10-22-2014.xls,wayback_financialreports,raw/wayback_financialreports/10 28 2014 Expeditures_LaRene Cox_10-22-2014.xls,d496bea3f43ee473ef3ef9ece3ede2f4feb72055c885ffb48ce094b0af4048b2,16896,2026-08-01T18:53:00Z,LOCAL SCHOOL DISTRICT 4,LaRene Cox,,Local School Board / judicial - out of COUNTY-OFFICE scope
http://www.washco.utah.gov/clerk/pdf/financialreports/10 28 2014 Expenditures - Brent Holloway_10-27-2014.xls,wayback_financialreports,raw/wayback_financialreports/10 28 2014 Expenditures - Brent Holloway_10-27-2014.xls,21667a016d906d030bd5181411d4be952966a541e2c989402526dfa2afcb45bf,17408,2026-08-01T19:01:56Z,LOCAL SCHOOL,Brent Holloway,,Local School Board / judicial - out of COUNTY-OFFICE scope
http://www.washco.utah.gov/clerk/pdf/financialreports/10 28 2014 Expenditures - David B Stirland_10-22-2014.xls,wayback_financialreports,raw/wayback_financialreports/10 28 2014 Expenditures - David B Stirland_10-22-2014.xls,cb8ef73f99f6e3b113bae2c9e163edb4ce76e661f9169fc83462b10c9f9a76bf,16896,2026-08-01T18:54:06Z,LOCAL SCHOOL DISTRICT 5,David B Stirland,,Local School Board / judicial - out of COUNTY-OFFICE scope
http://www.washco.utah.gov/clerk/pdf/financialreports/10 28 2014 Expenditures - Eileen McKell_10-23-2014.xls,wayback_financialreports,raw/wayback_financialreports/10 28 2014 Expenditures - Eileen McKell_10-23-2014.xls,0a267c66919aa8aa43f627df11b58bd97296b342718584513d13b55f9458bbd3,17408,2026-08-01T18:52:28Z,LOCAL SCHOOL DISTRICT 5,Eileen McKell,,Local School Board / judicial - out of COUNTY-OFFICE scope
http://www.washco.utah.gov/clerk/pdf/financialreports/10 28 2014 Expenditures - Kelly Blake_10-24-2014.xls,wayback_financialreports,raw/wayback_financialreports/10 28 2014 Expenditures - Kelly Blake_10-24-2014.xls,7827f89ed030d02aac2ef6c009cd9f66d42ffea0e91057c4da6e1a7af1f8f735,16896,2026-08-01T18:54:18Z,LOCAL SCHOOL DISTRICT 6,Kelly Blake,,Local School Board / judicial - out of COUNTY-OFFICE scope
http://www.washco.utah.gov/clerk/pdf/financialreports/10 28 2014 Expenditures - Laura Hesson_10-27-2014.xls,wayback_financialreports,raw/wayback_financialreports/10 28 2014 Expenditures - Laura Hesson_10-27-2014.xls,a40992f80e8b925938100b2bb148fc381bf5896bc92a74da62499859269a2e7f,16896,2026-08-01T18:52:42Z,LOCAL SCHOOL DISTRICT 7,Laura Hesson,,Local School Board / judicial - out of COUNTY-OFFICE scope
http://www.washco.utah.gov/clerk/pdf/financialreports/10 28 2014 Expenditures - Peato (Pat) L Ena_10-22-2014.xls,wayback_financialreports,raw/wayback_financialreports/10 28 2014 Expenditures - Peato (Pat) L Ena_10-22-2014.xls,a9e3f62b6ca024d06cbf4e06cbd5aa67b87d08893889c41ea3d8aace60ccc920,16896,2026-08-01T18:52:57Z,LOCAL SCHOOL DISTRICT 6,Peato (Pat) L Ena,,Local School Board / judicial - out of COUNTY-OFFICE scope
http://www.washco.utah.gov/clerk/pdf/financialreports/10 28 2014 Expenditures-Scott P Robison_10-22-2014.xls,wayback_financialreports,raw/wayback_financialreports/10 28 2014 Expenditures-Scott P Robison_10-22-2014.xls,4f1c49cabf9ea92cf0c7d412daf59b7020d970b97ff46205fe4b022568e724a9,16896,2026-08-01T19:06:25Z,LOCAL SCHOOL DISTRICT 7,Scott P Robison,,Local School Board / judicial - out of COUNTY-OFFICE scope
http://www.washco.utah.gov/clerk/pdf/financialreports/10 28 2014 Summary - Brent Holloway_10-27-2014.xls,wayback_financialreports,raw/wayback_financialreports/10 28 2014 Summary - Brent Holloway_10-27-2014.xls,4e297290665bc0a4b23fb04e8eb96445af61dd45918c070d6d0bf2a643100dce,28672,2026-08-01T18:53:13Z,LOCAL SCHOOL,Brent Holloway,,Local School Board / judicial - out of COUNTY-OFFICE scope
http://www.washco.utah.gov/clerk/pdf/financialreports/10 28 2014 Summary - David B Stirland_10-22-2014.xls,wayback_financialreports,raw/wayback_financialreports/10 28 2014 Summary - David B Stirland_10-22-2014.xls,a4b150fbc483b2a8a81525d37f3842c1772924abf40a468ee15de377a50c32ed,28672,2026-08-01T19:07:31Z,LOCAL SCHOOL,David B Stirland,,Local School Board / judicial - out of COUNTY-OFFICE scope
http://www.washco.utah.gov/clerk/pdf/financialreports/10 28 2014 Summary - Eileen McKell_10-23-2014.xls,wayback_financialreports,raw/wayback_financialreports/10 28 2014 Summary - Eileen McKell_10-23-2014.xls,bdb0db9e6070f647fdb6101d95d951b99835db578fd5c22a637d3421b7e85011,28672,2026-08-01T18:55:48Z,LOCAL SCHOOL,Eileen McKell,,Local School Board / judicial - out of COUNTY-OFFICE scope
http://www.washco.utah.gov/clerk/pdf/financialreports/10 28 2014 Summary - Kelly Blake_10-24-2014.xls,wayback_financialreports,raw/wayback_financialreports/10 28 2014 Summary - Kelly Blake_10-24-2014.xls,8890760f3ad992f2d250848e1a3cacac3283c455cd2c61ab76329a64a4487f99,28672,2026-08-01T19:08:31Z,LOCAL SCHOOL,Kelly Blake,,Local School Board / judicial - out of COUNTY-OFFICE scope
http://www.washco.utah.gov/clerk/pdf/financialreports/10 28 2014 Summary - Laura Hesson_10-27-2014.xls,wayback_financialreports,raw/wayback_financialreports/10 28 2014 Summary - Laura Hesson_10-27-2014.xls,5b5a73d07f718acb600c35bee14698400a9ee965760060aa33dd68760dd9f344,28672,2026-08-01T18:56:02Z,LOCAL SCHOOL,Laura Hesson,,Local School Board / judicial - out of COUNTY-OFFICE scope
http://www.washco.utah.gov/clerk/pdf/financialreports/10 28 2014 Summary - Peato (Pat) L Ena_10-22-2014.xls,wayback_financialreports,raw/wayback_financialreports/10 28 2014 Summary - Peato (Pat) L Ena_10-22-2014.xls,25c8b15eaf2717c464ec213995e74c3be0ee8f3e203b60a328278a59f718487d,28672,2026-08-01T18:56:14Z,LOCAL SCHOOL,Peato (Pat) L. Ena,,Local School Board / judicial - out of COUNTY-OFFICE scope
http://www.washco.utah.gov/clerk/pdf/financialreports/10 28 2014 Summary-Scott P Robison_10-22-2014.xls,wayback_financialreports,raw/wayback_financialreports/10 28 2014 Summary-Scott P Robison_10-22-2014.xls,f67295075fda94a37e665bc33f5a7daa75cdf7bd5a69ce6132d711fe9bdf4ef9,28672,2026-08-01T18:55:23Z,LOCAL SCHOOL,Scott R Robison,,Local School Board / judicial - out of COUNTY-OFFICE scope
http://www.washco.utah.gov/clerk/pdf/financialreports/10 28 2014 Summary_LaRene Cox_10-22-2014.xls,wayback_financialreports,raw/wayback_financialreports/10 28 2014 Summary_LaRene Cox_10-22-2014.xls,737a6519b07a3aeef952a02296401b226a8f5126621cfb5cac11b17d7cefa9d1,28672,2026-08-01T18:56:29Z,LOCAL SCHOOL,LaRene Cox,,Local School Board / judicial - out of COUNTY-OFFICE scope
http://www.washco.utah.gov/clerk/pdf/financialreports/5 15 2014 Contributions - Brent Holloway_05-05-2014.xls,wayback_financialreports,raw/wayback_financialreports/5 15 2014 Contributions - Brent Holloway_05-05-2014.xls,33106581d0177890865e46a9e6f1ca27a940a625047246f75abede5830854758,31744,2026-08-01T19:21:13Z,LOCAL SCHOOL DISTRICT 4,Brent Holloway,,Local School Board / judicial - out of COUNTY-OFFICE scope
http://www.washco.utah.gov/clerk/pdf/financialreports/5 15 2014 Contributions - David S Eves_05-06-2014.xls,wayback_financialreports,raw/wayback_financialreports/5 15 2014 Contributions - David S Eves_05-06-2014.xls,f091407feeec8f272388764ab93f7f269f82845bbb1419111c672ebb8a6b318a,16384,2026-08-01T19:00:02Z,LOCAL SCHOOL DISTRICT 4,David S Eves,,Local School Board / judicial - out of COUNTY-OFFICE scope
http://www.washco.utah.gov/clerk/pdf/financialreports/5 15 2014 Contributions - David S Eves_05-08-2014.xls,wayback_financialreports,raw/wayback_financialreports/5 15 2014 Contributions - David S Eves_05-08-2014.xls,f091407feeec8f272388764ab93f7f269f82845bbb1419111c672ebb8a6b318a,16384,2026-08-01T18:59:59Z,LOCAL SCHOOL DISTRICT 4,David S Eves,,Local School Board / judicial - out of COUNTY-OFFICE scope
http://www.washco.utah.gov/clerk/pdf/financialreports/5 15 2014 Contributions - Eileen McKell_05-14-2014.xls,wayback_financialreports,raw/wayback_financialreports/5 15 2014 Contributions - Eileen McKell_05-14-2014.xls,ea2249ef4a01318db265eb70449a05b42aec6282b1f7a5bbd294632e08441b85,16384,2026-08-01T19:21:43Z,LOCAL SCHOOL District 5,Eileen McKell,,Local School Board / judicial - out of COUNTY-OFFICE scope
http://www.washco.utah.gov/clerk/pdf/financialreports/5 15 2014 Contributions - Kelly Blake_05-08-2014.xls,wayback_financialreports,raw/wayback_financialreports/5 15 2014 Contributions - Kelly Blake_05-08-2014.xls,60c8fb63b2683812e75b2f2a139f98dbdfa5aa24de48bb225d988b2443a0c15e,16384,2026-08-01T19:00:15Z,LOCAL SCHOOL District 6,Kelly Blake,,Local School Board / judicial - out of COUNTY-OFFICE scope
http://www.washco.utah.gov/clerk/pdf/financialreports/5 15 2014 Contributions - Laura Hesson_05-09-2014.xls,wayback_financialreports,raw/wayback_financialreports/5 15 2014 Contributions - Laura Hesson_05-09-2014.xls,6b69b80bdc886b7d3aae413b699dd0ecfbc20536b7edec476653d4043369fd53,16384,2026-08-01T19:00:32Z,LOCAL SCHOOL District 7,Laura Hesson,,Local School Board / judicial - out of COUNTY-OFFICE scope
http://www.washco.utah.gov/clerk/pdf/financialreports/5 15 2014 Contributions - Peato (Pat) L Ena_05-12-2014.xls,wayback_financialreports,raw/wayback_financialreports/5 15 2014 Contributions - Peato (Pat) L Ena_05-12-2014.xls,9d16eac4453218f3285b5e8053627f3b57023cf0d1166cb50188894bbb6f8eb9,16384,2026-08-01T19:21:49Z,LOCAL SCHOOL District 6,Peato (Pat) L Ena,,Local School Board / judicial - out of COUNTY-OFFICE scope
http://www.washco.utah.gov/clerk/pdf/financialreports/5 15 2014 Contributions-LaRene L_05-05-2014. Cox,wayback_financialreports,raw/wayback_financialreports/5 15 2014 Contributions-LaRene L_05-05-2014. Cox.pdf,d862a630eacebb73ba7b5984fe774fc0b8bfcd06adc162a0add905c2b9518ea7,18432,2026-08-01T19:00:27Z,LOCAL SCHOOL DISTRICT 4,LaRene L Cox,,Local School Board / judicial - out of COUNTY-OFFICE scope
http://www.washco.utah.gov/clerk/pdf/financialreports/5 15 2014 Contributions-Scott P Robison_05-06-2014.xls,wayback_financialreports,raw/wayback_financialreports/5 15 2014 Contributions-Scott P Robison_05-06-2014.xls,9d9534c5cd2c9ebf672827dc3fbcaba93dc42de61f3e75156f051492ee526dec,29184,2026-08-01T19:00:36Z,LOCAL SCHOOL DISTRICT 7,Scott P Robison,,Local School Board / judicial - out of COUNTY-OFFICE scope
http://www.washco.utah.gov/clerk/pdf/financialreports/5 15 2014 Expenditures - Brent Holloway_05-05-2014.xls,wayback_financialreports,raw/wayback_financialreports/5 15 2014 Expenditures - Brent Holloway_05-05-2014.xls,18a72e922e0e642fef0fbc847d19dfcfee4c2e403b1cc45b6643dda5f3387b21,18944,2026-08-01T19:21:57Z,LOCAL SCHOOL,Brent Holloway,,Local School Board / judicial - out of COUNTY-OFFICE scope
http://www.washco.utah.gov/clerk/pdf/financialreports/5 15 2014 Expenditures - David S Eves_05-06-2014.xls,wayback_financialreports,raw/wayback_financialreports/5 15 2014 Expenditures - David S Eves_05-06-2014.xls,b24c4e53c632fb3486a145a5c540781a1d80a0747f5d462b6442a8a2178561ad,16896,2026-08-01T19:00:30Z,LOCAL SCHOOL DISTRICT 4,David S Eves,,Local School Board / judicial - out of COUNTY-OFFICE scope
http://www.washco.utah.gov/clerk/pdf/financialreports/5 15 2014 Expenditures - David S Eves_05-08-2014.xls,wayback_financialreports,raw/wayback_financialreports/5 15 2014 Expenditures - David S Eves_05-08-2014.xls,b24c4e53c632fb3486a145a5c540781a1d80a0747f5d462b6442a8a2178561ad,16896,2026-08-01T19:00:48Z,LOCAL SCHOOL DISTRICT 4,David S Eves,,Local School Board / judicial - out of COUNTY-OFFICE scope
http://www.washco.utah.gov/clerk/pdf/financialreports/5 15 2014 Expenditures - Eileen McKell_05-14-2014.xls,wayback_financialreports,raw/wayback_financialreports/5 15 2014 Expenditures - Eileen McKell_05-14-2014.xls,315b8f8a72a931ae922dca97fc8714199c96ba1999269d84e887b59ce46b8148,16896,2026-08-01T19:22:19Z,LOCAL SCHOOL DISTRICT 5,Eileen McKell,,Local School Board / judicial - out of COUNTY-OFFICE scope
http://www.washco.utah.gov/clerk/pdf/financialreports/5 15 2014 Expenditures - Kelly Blake_05-08-2014.xls,wayback_financialreports,raw/wayback_financialreports/5 15 2014 Expenditures - Kelly Blake_05-08-2014.xls,776c57519a1cd3bcb5b3da89700b0851e016be854e548f70879651954dc27426,16896,2026-08-01T19:00:32Z,LOCAL SCHOOL DISTRICT 6,Kelly Blake,,Local School Board / judicial - out of COUNTY-OFFICE scope
http://www.washco.utah.gov/clerk/pdf/financialreports/5 15 2014 Expenditures - Laura Hesson_05-09-2014.xls,wayback_financialreports,raw/wayback_financialreports/5 15 2014 Expenditures - Laura Hesson_05-09-2014.xls,84374c861a81270672c9433bd64ff88e65a1b3611c8cb88dbfe2efea011adb61,16896,2026-08-01T19:00:50Z,LOCAL SCHOOL DISTRICT 7,Laura Hesson,,Local School Board / judicial - out of COUNTY-OFFICE scope
http://www.washco.utah.gov/clerk/pdf/financialreports/5 15 2014 Expenditures - Peato (Pat) L Ena_05-12-2014.xls,wayback_financialreports,raw/wayback_financialreports/5 15 2014 Expenditures - Peato (Pat) L Ena_05-12-2014.xls,6e60018fc035cd69387ef7a9c771217972284ca7fe5cdc6d89ef883d53a38d08,16896,2026-08-01T19:22:09Z,LOCAL SCHOOL DISTRICT 6,Peato (Pat) L Ena,,Local School Board / judicial - out of COUNTY-OFFICE scope
http://www.washco.utah.gov/clerk/pdf/financialreports/5 15 2014 Expenditures-LaRene L_05-05-2014. Cox,wayback_financialreports,raw/wayback_financialreports/5 15 2014 Expenditures-LaRene L_05-05-2014. Cox.pdf,c3fd6c448189b4fa996023169341fcf4a37b328eed61ebf6d9bdf1f7ee5696fd,18944,2026-08-01T19:00:34Z,LOCAL SCHOOL DISTRICT 4,LaRene L. Cox,,Local School Board / judicial - out of COUNTY-OFFICE scope
http://www.washco.utah.gov/clerk/pdf/financialreports/5 15 2014 Expenditures-Scott P Robison_05-06-2014.xls,wayback_financialreports,raw/wayback_financialreports/5 15 2014 Expenditures-Scott P Robison_05-06-2014.xls,94f4f5a3a3b4e0adf2e396575ef8d26a43a81dc8e2616acb8eede667c6c9c375,16896,2026-08-01T19:00:52Z,LOCAL SCHOOL DISTRICT 7,Scott P Robison,,Local School Board / judicial - out of COUNTY-OFFICE scope
http://www.washco.utah.gov/clerk/pdf/financialreports/5 15 2014 Summary - Brent Holloway_05-05-2014.xls,wayback_financialreports,raw/wayback_financialreports/5 15 2014 Summary - Brent Holloway_05-05-2014~2.xls,ac324403f5ee85c34c4cc17444bc138e942a2b9f148d64e6f6a50b30438db9e7,30720,2026-08-01T19:24:30Z,LOCAL SCHOOL,Brent Holloway,,Local School Board / judicial - out of COUNTY-OFFICE scope
http://www.washco.utah.gov/clerk/pdf/financialreports/5 15 2014 Summary - David S Eves_05-06-2014.xls,wayback_financialreports,raw/wayback_financialreports/5 15 2014 Summary - David S Eves_05-06-2014.xls,e5b9356fd7da6872d9d231a018992903ad9835502053c7349798f0f8027e8dbb,28672,2026-08-01T19:00:37Z,LOCAL SCHOOL,David S Eves,,Local School Board / judicial - out of COUNTY-OFFICE scope
http://www.washco.utah.gov/clerk/pdf/financialreports/5 15 2014 Summary - David S Eves_05-08-2014.xls,wayback_financialreports,raw/wayback_financialreports/5 15 2014 Summary - David S Eves_05-08-2014.xls,e5b9356fd7da6872d9d231a018992903ad9835502053c7349798f0f8027e8dbb,28672,2026-08-01T19:01:04Z,LOCAL SCHOOL,David S Eves,,Local School Board / judicial - out of COUNTY-OFFICE scope
http://www.washco.utah.gov/clerk/pdf/financialreports/5 15 2014 Summary - Eileen McKell_05-14-2014.xls,wayback_financialreports,raw/wayback_financialreports/5 15 2014 Summary - Eileen McKell_05-14-2014.xls,e8a101d38ad5ba196ea03e59b985d843929524bec75e799e5985db8e7898d8e4,28672,2026-08-01T19:22:42Z,LOCAL SCHOOL,Eileen McKell,,Local School Board / judicial - out of COUNTY-OFFICE scope
http://www.washco.utah.gov/clerk/pdf/financialreports/5 15 2014 Summary - Kelly Blake_05-08-2014.xls,wayback_financialreports,raw/wayback_financialreports/5 15 2014 Summary - Kelly Blake_05-08-2014.xls,ca5c868a1d19ebcae0d03aec86bfd8884374c272ec4506d429813e801c11f846,28672,2026-08-01T19:00:39Z,LOCAL SCHOOL,Kelly Blake,,Local School Board / judicial - out of COUNTY-OFFICE scope
http://www.washco.utah.gov/clerk/pdf/financialreports/5 15 2014 Summary - Laura Hesson_05-09-2014.xls,wayback_financialreports,raw/wayback_financialreports/5 15 2014 Summary - Laura Hesson_05-09-2014.xls,aae1104068031bbde2ebef8388e7abf450d41ff3996b465dcc6073ff0f2bc398,28672,2026-08-01T19:01:06Z,LOCAL SCHOOL,Laura Hesson,,Local School Board / judicial - out of COUNTY-OFFICE scope
http://www.washco.utah.gov/clerk/pdf/financialreports/5 15 2014 Summary - Peato (Pat) L Ena_05-12-2014.xls,wayback_financialreports,raw/wayback_financialreports/5 15 2014 Summary - Peato (Pat) L Ena_05-12-2014~2.xls,fe12af1b16f362f624885a37a3b0a776c6bc7717a7fb87a0c203942033e6f932,28672,2026-08-01T19:25:14Z,LOCAL SCHOOL,Peato (Pat) L. Ena,,Local School Board / judicial - out of COUNTY-OFFICE scope
http://www.washco.utah.gov/clerk/pdf/financialreports/5 15 2014 Summary-LaRene L_05-05-2014. Cox,wayback_financialreports,raw/wayback_financialreports/5 15 2014 Summary-LaRene L_05-05-2014. Cox.pdf,a8fa495d632e999b6644a38accb60e40dbafda5636d27fe37190ea07a1538f5d,30720,2026-08-01T19:00:51Z,LOCAL SCHOOL,LaRene L. Cox,,Local School Board / judicial - out of COUNTY-OFFICE scope
http://www.washco.utah.gov/clerk/pdf/financialreports/5 15 2014 Summary-Scott P Robison_05-06-2014.xls,wayback_financialreports,raw/wayback_financialreports/5 15 2014 Summary-Scott P Robison_05-06-2014.xls,5b59eb6319372754a4c00624c75dd1ff4e6dbd493cdedafc7150abe554093945,28672,2026-08-01T19:01:40Z,LOCAL SCHOOL,Scott R Robison,,Local School Board / judicial - out of COUNTY-OFFICE scope
http://www.washco.utah.gov/clerk/pdf/financialreports/6 17 2014 Contributions - Brent Holloway_06-17-2014.xls,wayback_financialreports,raw/wayback_financialreports/6 17 2014 Contributions - Brent Holloway_06-17-2014.xls,a8c6dcb5004003d2c8f808e1d433e8e704bdbfc8ac21b29fde11bb6896c96b82,29696,2026-08-01T19:01:53Z,LOCAL SCHOOL DISTRICT 4,Brent Holloway,,Local School Board / judicial - out of COUNTY-OFFICE scope
http://www.washco.utah.gov/clerk/pdf/financialreports/6 17 2014 Contributions - David B Stirland_06-17-2014.xls,wayback_financialreports,raw/wayback_financialreports/6 17 2014 Contributions - David B Stirland_06-17-2014.xls,b93290f56c86263c92df42e7bc2f24c2118e609db8c3abbbd948da4893899f99,16384,2026-08-01T19:01:18Z,LOCAL SCHOOL District 5,David B Stirland,,Local School Board / judicial - out of COUNTY-OFFICE scope
http://www.washco.utah.gov/clerk/pdf/financialreports/6 17 2014 Contributions - David S Eves_06-11-2014.xls,wayback_financialreports,raw/wayback_financialreports/6 17 2014 Contributions - David S Eves_06-11-2014~2.xls,ec47896ed68bc462d40266108da18f6c1657b2246c6e2aace2a3a26d3f0898f3,16384,2026-08-01T19:26:39Z,LOCAL SCHOOL DISTRICT 4,David S Eves,,Local School Board / judicial - out of COUNTY-OFFICE scope
http://www.washco.utah.gov/clerk/pdf/financialreports/6 17 2014 Contributions - Eileen McKell_06-09-2014.xls,wayback_financialreports,raw/wayback_financialreports/6 17 2014 Contributions - Eileen McKell_06-09-2014.xls,7fa7d8bdd9b03ec34d169467654f9573c96350bfbe233371ae7fbb07363624a9,16384,2026-08-01T19:01:31Z,LOCAL SCHOOL District 5,Eileen McKell,,Local School Board / judicial - out of COUNTY-OFFICE scope
http://www.washco.utah.gov/clerk/pdf/financialreports/6 17 2014 Contributions - Kelly Blake_06-17-2014.xls,wayback_financialreports,raw/wayback_financialreports/6 17 2014 Contributions - Kelly Blake_06-17-2014.xls,82ba0b57a8ea8e22fe5f2c97f87092e073e31d9afc24b6788f815aa364781b81,16384,2026-08-01T19:23:21Z,LOCAL SCHOOL District 6,Kelly Blake,,Local School Board / judicial - out of COUNTY-OFFICE scope
http://www.washco.utah.gov/clerk/pdf/financialreports/6 17 2014 Contributions - Laura Hesson_06-13-2014.xls,wayback_financialreports,raw/wayback_financialreports/6 17 2014 Contributions - Laura Hesson_06-13-2014.xls,0dc0f0006053d9c286cfdb501c978b7a54441c210eb4bbc168aabfaa6cba2117,16384,2026-08-01T19:02:55Z,LOCAL SCHOOL District 7,Laura Hesson,,Local School Board / judicial - out of COUNTY-OFFICE scope
http://www.washco.utah.gov/clerk/pdf/financialreports/6 17 2014 Contributions - Peato (Pat) L Ena_06-13-2014.xls,wayback_financialreports,raw/wayback_financialreports/6 17 2014 Contributions - Peato (Pat) L Ena_06-13-2014.xls,37ea4bf8608cbc30f3667303f8406bbe73581080c1b8e2c5a66ea7ba6b5cf256,16384,2026-08-01T19:02:58Z,LOCAL SCHOOL District 6,Peato (Pat) L Ena,,Local School Board / judicial - out of COUNTY-OFFICE scope
http://www.washco.utah.gov/clerk/pdf/financialreports/6 17 2014 Contributions-LaRene L_06-10-2014. Cox,wayback_financialreports,raw/wayback_financialreports/6 17 2014 Contributions-LaRene L_06-10-2014. Cox~2.pdf,a1fc6a65beeb8876236360343b76b26985b4d850bb5c1bb258ac4510580bdb19,16384,2026-08-01T19:27:52Z,LOCAL SCHOOL DISTRICT 4,LaRene L Cox,,Local School Board / judicial - out of COUNTY-OFFICE scope
http://www.washco.utah.gov/clerk/pdf/financialreports/6 17 2014 Contributions-Scott P Robison_06-11-2014.xls,wayback_financialreports,raw/wayback_financialreports/6 17 2014 Contributions-Scott P Robison_06-11-2014.xls,d7bd6501bb166621e8e2eed171afb3e1449b4d76259199015a992a005e555472,29184,2026-08-01T19:02:09Z,LOCAL SCHOOL DISTRICT 7,Scott P Robison,,Local School Board / judicial - out of COUNTY-OFFICE scope
http://www.washco.utah.gov/clerk/pdf/financialreports/6 17 2014 Expenditures - Brent Holloway_06-17-2014.xls,wayback_financialreports,raw/wayback_financialreports/6 17 2014 Expenditures - Brent Holloway_06-17-2014.xls,a60b986c67cd574b8af64cfb2a9526293b345f068bd8780de65513030e38f563,16896,2026-08-01T19:03:03Z,LOCAL SCHOOL,Brent Holloway,,Local School Board / judicial - out of COUNTY-OFFICE scope
http://www.washco.utah.gov/clerk/pdf/financialreports/6 17 2014 Expenditures - David B Stirland_06-17-2014.xls,wayback_financialreports,raw/wayback_financialreports/6 17 2014 Expenditures - David B Stirland_06-17-2014.xls,8564b2dd5b82bac0201086f1b02242bcc3252fd4777105a7112799a49b1eacae,16896,2026-08-01T19:02:34Z,LOCAL SCHOOL DISTRICT 5,David B Stirland,,Local School Board / judicial - out of COUNTY-OFFICE scope
http://www.washco.utah.gov/clerk/pdf/financialreports/6 17 2014 Expenditures - David S Eves_06-11-2014.xls,wayback_financialreports,raw/wayback_financialreports/6 17 2014 Expenditures - David S Eves_06-11-2014.xls,a2e83a86f22fb4ffaadbb5b2a67182805d52dc36833ee21918a824f7ea699946,16896,2026-08-01T19:23:50Z,LOCAL SCHOOL DISTRICT 4,David S Eves,,Local School Board / judicial - out of COUNTY-OFFICE scope
http://www.washco.utah.gov/clerk/pdf/financialreports/6 17 2014 Expenditures - Eileen McKell_06-09-2014.xls,wayback_financialreports,raw/wayback_financialreports/6 17 2014 Expenditures - Eileen McKell_06-09-2014.xls,86f59d801991c20a0521c6baf367e47fea82aebaa2b8464243eafc0cc929d19e,16896,2026-08-01T19:02:36Z,LOCAL SCHOOL DISTRICT 5,Eileen McKell,,Local School Board / judicial - out of COUNTY-OFFICE scope
http://www.washco.utah.gov/clerk/pdf/financialreports/6 17 2014 Expenditures - Kelly Blake_06-17-2014.xls,wayback_financialreports,raw/wayback_financialreports/6 17 2014 Expenditures - Kelly Blake_06-17-2014~2.xls,7ab8b9647df8c322bb5ef4c9d77e92ec5e9bda84aa137e4ae06698d2483515ee,16896,2026-08-01T19:28:58Z,LOCAL SCHOOL DISTRICT 6,Kelly Blake,,Local School Board / judicial - out of COUNTY-OFFICE scope
http://www.washco.utah.gov/clerk/pdf/financialreports/6 17 2014 Expenditures - Laura Hesson_06-13-2014.xls,wayback_financialreports,raw/wayback_financialreports/6 17 2014 Expenditures - Laura Hesson_06-13-2014.xls,95d609e13dcc66452d87756bc0bf0157e6ec8c6d93ceeb0d02ec338e1ef55571,16896,2026-08-01T19:03:55Z,LOCAL SCHOOL DISTRICT 7,Laura Hesson,,Local School Board / judicial - out of COUNTY-OFFICE scope
http://www.washco.utah.gov/clerk/pdf/financialreports/6 17 2014 Expenditures - Peato (Pat) L Ena_06-13-2014.xls,wayback_financialreports,raw/wayback_financialreports/6 17 2014 Expenditures - Peato (Pat) L Ena_06-13-2014~2.xls,839a714fb41c1aa5ac0c89dd1b64dca8a64978078b5e0883d6436a23ab467672,16896,2026-08-01T19:29:58Z,LOCAL SCHOOL DISTRICT 6,Peato (Pat) L Ena,,Local School Board / judicial - out of COUNTY-OFFICE scope
http://www.washco.utah.gov/clerk/pdf/financialreports/6 17 2014 Expenditures-LaRene L_06-10-2014. Cox,wayback_financialreports,raw/wayback_financialreports/6 17 2014 Expenditures-LaRene L_06-10-2014. Cox.pdf,d9d06774ab2377664c072925a4d60e71b662e633b3bb19302a37d9eb0ae5d264,16896,2026-08-01T19:05:33Z,LOCAL SCHOOL DISTRICT 4,LaRene L. Cox,,Local School Board / judicial - out of COUNTY-OFFICE scope
http://www.washco.utah.gov/clerk/pdf/financialreports/6 17 2014 Expenditures-Scott P Robison_06-11-2014.xls,wayback_financialreports,raw/wayback_financialreports/6 17 2014 Expenditures-Scott P Robison_06-11-2014~2.xls,9537434b091b18c6be0ec03aab89ce5991d87fcaea04d18c021b91b89cd471ad,16896,2026-08-01T19:30:53Z,LOCAL SCHOOL DISTRICT 7,Scott P Robison,,Local School Board / judicial - out of COUNTY-OFFICE scope
http://www.washco.utah.gov/clerk/pdf/financialreports/6 17 2014 Summary - Brent Holloway_06-17-2014.xls,wayback_financialreports,raw/wayback_financialreports/6 17 2014 Summary - Brent Holloway_06-17-2014.xls,b5e045f76e73244a424e5eb9b2042cc7a031cabcbb62d229d74eef30cba3e65d,28672,2026-08-01T19:04:20Z,LOCAL SCHOOL,Brent Holloway,,Local School Board / judicial - out of COUNTY-OFFICE scope
http://www.washco.utah.gov/clerk/pdf/financialreports/6 17 2014 Summary - David B Stirland_06-17-2014.xls,wayback_financialreports,raw/wayback_financialreports/6 17 2014 Summary - David B Stirland_06-17-2014~2.xls,c62e285c027ffffd5b95b04a9b0e792bf480b8ae57f62e506473dd90d9ff7020,28672,2026-08-01T19:31:04Z,LOCAL SCHOOL,David B Stirland,,Local School Board / judicial - out of COUNTY-OFFICE scope
http://www.washco.utah.gov/clerk/pdf/financialreports/6 17 2014 Summary - David S Eves_06-11-2014.xls,wayback_financialreports,raw/wayback_financialreports/6 17 2014 Summary - David S Eves_06-11-2014.xls,ed9fc08547451aab9f443eb93b429c090c93ce1aa54a4505fb6577508cb87099,28672,2026-08-01T19:05:54Z,LOCAL SCHOOL,David S Eves,,Local School Board / judicial - out of COUNTY-OFFICE scope
http://www.washco.utah.gov/clerk/pdf/financialreports/6 17 2014 Summary - Eileen McKell_06-09-2014.xls,wayback_financialreports,raw/wayback_financialreports/6 17 2014 Summary - Eileen McKell_06-09-2014.xls,09fb264ac5d4593551fa66f554021ffdce7dec3aab968b14b58f4bbc6eb9f7f6,28672,2026-08-01T19:23:59Z,LOCAL SCHOOL,Eileen McKell,,Local School Board / judicial - out of COUNTY-OFFICE scope
http://www.washco.utah.gov/clerk/pdf/financialreports/6 17 2014 Summary - Kelly Blake_06-17-2014.xls,wayback_financialreports,raw/wayback_financialreports/6 17 2014 Summary - Kelly Blake_06-17-2014.xls,fbb63b00435a2f83603865ef9045d10c32f34c8e0ade9b924b8f0b48cfd8682d,28672,2026-08-01T19:05:57Z,LOCAL SCHOOL,Kelly Blake,,Local School Board / judicial - out of COUNTY-OFFICE scope
http://www.washco.utah.gov/clerk/pdf/financialreports/6 17 2014 Summary - Laura Hesson_06-13-2014.xls,wayback_financialreports,raw/wayback_financialreports/6 17 2014 Summary - Laura Hesson_06-13-2014.xls,f05233f767fb49f08754f19a929e96d0a61b74fe89b6b3bbc6eba884200e59b3,28672,2026-08-01T19:05:22Z,LOCAL SCHOOL,Laura Hesson,,Local School Board / judicial - out of COUNTY-OFFICE scope
http://www.washco.utah.gov/clerk/pdf/financialreports/6 17 2014 Summary - Peato (Pat) L Ena_06-13-2014.xls,wayback_financialreports,raw/wayback_financialreports/6 17 2014 Summary - Peato (Pat) L Ena_06-13-2014.xls,33f64d9ca21ed1b4ffe770a0c74f9e062e137e4b6650b953f6544ba28f1cef8d,28672,2026-08-01T19:06:01Z,LOCAL SCHOOL,Peato (Pat) L. Ena,,Local School Board / judicial - out of COUNTY-OFFICE scope
http://www.washco.utah.gov/clerk/pdf/financialreports/6 17 2014 Summary-LaRene L_06-10-2014. Cox,wayback_financialreports,raw/wayback_financialreports/6 17 2014 Summary-LaRene L_06-10-2014. Cox.pdf,fcaea352cb6449271382b6157136f5e5ecfb1c90402d59af9664c9ba2ff8e477,28672,2026-08-01T19:06:00Z,LOCAL SCHOOL,LaRene L. Cox,,Local School Board / judicial - out of COUNTY-OFFICE scope
http://www.washco.utah.gov/clerk/pdf/financialreports/6 17 2014 Summary-Scott P Robison_06-11-2014.xls,wayback_financialreports,raw/wayback_financialreports/6 17 2014 Summary-Scott P Robison_06-11-2014.xls,110f467861f9bbbfcbe2e07295ef42c3c9492facf52332f21e07c16f90d1bdd2,28672,2026-08-01T19:06:38Z,LOCAL SCHOOL,Scott R Robison,,Local School Board / judicial - out of COUNTY-OFFICE scope
http://www.washco.utah.gov/clerk/pdf/financialreports/Cal Durfey Contributions_04-05-2011.pdf,wayback_financialreports,raw/wayback_financialreports/Cal Durfey Contributions_04-05-2011~2.pdf,6966f90e2698f2a07723555ba99fee0078e3ac699f86dea933b61d3a67706d4a,15301,2026-08-01T19:32:55Z,Local School Board 4,"Calvin ""Cal"" Durfey",,Local School Board / judicial - out of COUNTY-OFFICE scope
http://www.washco.utah.gov/clerk/pdf/financialreports/Cal Durfey Expenditures_04-05-2011.pdf,wayback_financialreports,raw/wayback_financialreports/Cal Durfey Expenditures_04-05-2011.pdf,ee7833e67b1271ccae0e52478d24faa20769fbab226b180502d5766f07c4b3b8,15232,2026-08-01T19:06:12Z,Local School Board 4,"Calvin ""Cal"" Durfey",,Local School Board / judicial - out of COUNTY-OFFICE scope
http://www.washco.utah.gov/clerk/pdf/financialreports/Cal Durfey Local School Board Candidate Summary_04-05-2011.pdf,wayback_financialreports,raw/wayback_financialreports/Cal Durfey Local School Board Candidate Summary_04-05-2011.pdf,4d71d8abd4ca58d95be108a5471c1d2b79a2bf7b485e6167758eae3eb94e0f6b,10684,2026-08-01T19:07:40Z,Local School Board Candidate Summary,,,Local School Board / judicial - out of COUNTY-OFFICE scope
http://www.washco.utah.gov/clerk/pdf/financialreports/Contributions - Aaron Randall_01-17-2013.xls,wayback_financialreports,raw/wayback_financialreports/Contributions - Aaron Randall_01-17-2013.xls,f43f015e75679b22e5a68f38d7f1350685e6476096a59f60b833ee4ff8bb4fd7,16384,2026-08-01T19:24:15Z,Local School Board 3,Aaron D Randall,,Local School Board / judicial - out of COUNTY-OFFICE scope
http://www.washco.utah.gov/clerk/pdf/financialreports/Contributions - Aaron Randall_05-14-2012.pdf,wayback_financialreports,raw/wayback_financialreports/Contributions - Aaron Randall_05-14-2012.pdf,90dd1e295362c9ac2604c798be68120d54e045b5fd2ae42986c0d99773266573,8104,2026-08-01T19:06:25Z,Local School Board 3,Aaron D Randall,,Local School Board / judicial - out of COUNTY-OFFICE scope
http://www.washco.utah.gov/clerk/pdf/financialreports/Contributions - Aaron Randall_06-21-2012.xls,wayback_financialreports,raw/wayback_financialreports/Contributions - Aaron Randall_06-21-2012.xls,2e2682f6e0dcc1bec4657624ce9c188ae89261b1dd4409c811c55e677a4b79a1,16384,2026-08-01T19:07:54Z,Local School Board 3,Aaron D Randall,,Local School Board / judicial - out of COUNTY-OFFICE scope
http://www.washco.utah.gov/clerk/pdf/financialreports/Contributions - Aaron Randall_08-30-2012.xls,wayback_financialreports,raw/wayback_financialreports/Contributions - Aaron Randall_08-30-2012~2.xls,2e2682f6e0dcc1bec4657624ce9c188ae89261b1dd4409c811c55e677a4b79a1,16384,2026-08-01T19:33:09Z,Local School Board 3,Aaron D Randall,,Local School Board / judicial - out of COUNTY-OFFICE scope
http://www.washco.utah.gov/clerk/pdf/financialreports/Contributions - Aaron Randall_10-30-2012.xls,wayback_financialreports,raw/wayback_financialreports/Contributions - Aaron Randall_10-30-2012.xls,f43f015e75679b22e5a68f38d7f1350685e6476096a59f60b833ee4ff8bb4fd7,16384,2026-08-01T19:06:39Z,Local School Board 3,Aaron D Randall,,Local School Board / judicial - out of COUNTY-OFFICE scope
http://www.washco.utah.gov/clerk/pdf/financialreports/Contributions - Barbara Beckstrom_01-17-2013.xls,wayback_financialreports,raw/wayback_financialreports/Contributions - Barbara Beckstrom_01-17-2013.xls,dba9fca58423f8d612472155e0749f82225240dc10797d23e80b8f37d911dff2,16384,2026-08-01T19:08:33Z,Local School Board 1,Barbara Beckstrom,,Local School Board / judicial - out of COUNTY-OFFICE scope
http://www.washco.utah.gov/clerk/pdf/financialreports/Contributions - Barbara Beckstrom_05-09-2012.pdf,wayback_financialreports,raw/wayback_financialreports/Contributions - Barbara Beckstrom_05-09-2012.pdf,ba888598dd7f791746edb0f81e7389a66d30b56dda7cd4278281a2d9f5ebc10e,8067,2026-08-01T19:24:30Z,Local School Board 1,Barbara Beckstrom,,Local School Board / judicial - out of COUNTY-OFFICE scope
http://www.washco.utah.gov/clerk/pdf/financialreports/Contributions - Barbara Beckstrom_06-15-2012.xls,wayback_financialreports,raw/wayback_financialreports/Contributions - Barbara Beckstrom_06-15-2012.xls,3eb53305d0081e062664b0b2dc9ecbe5aea266bf0b5a46dff26a1b2bba880bbb,16384,2026-08-01T19:06:57Z,Local School Board 1,Barbara Beckstrom,,Local School Board / judicial - out of COUNTY-OFFICE scope
http://www.washco.utah.gov/clerk/pdf/financialreports/Contributions - Barbara Beckstrom_08-24-2012.xls,wayback_financialreports,raw/wayback_financialreports/Contributions - Barbara Beckstrom_08-24-2012.xls,31de638c1d0007dc939d8bb41b9a46b052fb506b97d677cf020f52c440ab4fad,16384,2026-08-01T19:08:35Z,Local School Board 1,Barbara Beckstrom,,Local School Board / judicial - out of COUNTY-OFFICE scope
http://www.washco.utah.gov/clerk/pdf/financialreports/Contributions - Barbara Beckstrom_10-31-2012.xls,wayback_financialreports,raw/wayback_financialreports/Contributions - Barbara Beckstrom_10-31-2012~2.xls,dba9fca58423f8d612472155e0749f82225240dc10797d23e80b8f37d911dff2,16384,2026-08-01T19:34:12Z,Local School Board 1,Barbara Beckstrom,,Local School Board / judicial - out of COUNTY-OFFICE scope
http://www.washco.utah.gov/clerk/pdf/financialreports/Contributions - Craig Seegmiller_05-07-2012.pdf,wayback_financialreports,raw/wayback_financialreports/Contributions - Craig Seegmiller_05-07-2012.pdf,e2a781accaefda0864403132d3392c4b0e38d42f470ab7afe7e45e617d571c05,8076,2026-08-01T19:09:02Z,"Ledger header: ""All Contributions for ... Local School Board 2 / Craig Seegmiller""",Local School Board 2,,"Local School Board / judicial - out of COUNTY-OFFICE scope [office_determinations.csv 2026-08-01: Ledger header: ""All Contributions for ... Local School Board 2 / Craig Seegmiller""]"
http://www.washco.utah.gov/clerk/pdf/financialreports/Contributions - Craig Seegmiller_06-13-2012.xls,wayback_financialreports,raw/wayback_financialreports/Contributions - Craig Seegmiller_06-13-2012.xls,8da14c8f2e4b909e7d97d3f9ef6f48ba0f6512b788fa22c6665be9b1ee91901c,16384,2026-08-01T19:25:07Z,Local School Board 2,Craig Seegmiller,,Local School Board / judicial - out of COUNTY-OFFICE scope
http://www.washco.utah.gov/clerk/pdf/financialreports/Contributions - Craig Seegmiller_08-24-2012.xls,wayback_financialreports,raw/wayback_financialreports/Contributions - Craig Seegmiller_08-24-2012.xls,8da14c8f2e4b909e7d97d3f9ef6f48ba0f6512b788fa22c6665be9b1ee91901c,16384,2026-08-01T19:07:14Z,Local School Board 2,Craig Seegmiller,,Local School Board / judicial - out of COUNTY-OFFICE scope
http://www.washco.utah.gov/clerk/pdf/financialreports/Contributions - Craig Seegmiller_10-29-2012.xls,wayback_financialreports,raw/wayback_financialreports/Contributions - Craig Seegmiller_10-29-2012.xls,8da14c8f2e4b909e7d97d3f9ef6f48ba0f6512b788fa22c6665be9b1ee91901c,16384,2026-08-01T19:09:04Z,Local School Board 2,Craig Seegmiller,,Local School Board / judicial - out of COUNTY-OFFICE scope
http://www.washco.utah.gov/clerk/pdf/financialreports/Contributions - Craig Seegmiller_12-28-2012.xls,wayback_financialreports,raw/wayback_financialreports/Contributions - Craig Seegmiller_12-28-2012~2.xls,51c8104793f92d943c28a1dc0e1f06a2b5bd5fa498e1d2fbaf805055d62a15e0,16384,2026-08-01T19:35:20Z,Local School Board 2,Craig Seegmiller,,Local School Board / judicial - out of COUNTY-OFFICE scope
http://www.washco.utah.gov/clerk/pdf/financialreports/Contributions - Debbra Zockoll_05-07-2012.pdf,wayback_financialreports,raw/wayback_financialreports/Contributions - Debbra Zockoll_05-07-2012.pdf,b23412c3c9803f4d0fe9edd3f35329259cb4ef13cef214a95d7fc318ad9951a6,8050,2026-08-01T19:09:06Z,Local School Board 3,Debbra Zockoll,,Local School Board / judicial - out of COUNTY-OFFICE scope
http://www.washco.utah.gov/clerk/pdf/financialreports/Contributions - Debbra Zockoll_06-14-2012.xls,wayback_financialreports,raw/wayback_financialreports/Contributions - Debbra Zockoll_06-14-2012.xls,a22b8a11ad6761caede26bf5b784b0b0c2b9deef560a29ffc620d3342f083cfd,16384,2026-08-01T19:25:39Z,Local School Board 3,Debbra Zockoll,,Local School Board / judicial - out of COUNTY-OFFICE scope
http://www.washco.utah.gov/clerk/pdf/financialreports/Contributions - Debbra Zockoll_08-27-2012.xls,wayback_financialreports,raw/wayback_financialreports/Contributions - Debbra Zockoll_08-27-2012.xls,a22b8a11ad6761caede26bf5b784b0b0c2b9deef560a29ffc620d3342f083cfd,16384,2026-08-01T19:07:29Z,Local School Board 3,Debbra Zockoll,,Local School Board / judicial - out of COUNTY-OFFICE scope
http://www.washco.utah.gov/clerk/pdf/financialreports/Contributions - Debbra Zockoll_10-29-2012.xls,wayback_financialreports,raw/wayback_financialreports/Contributions - Debbra Zockoll_10-29-2012.xls,6fb258acc54d421cf0a9e56e71fa98034d8284b74181aa948f167a8c88d17bac,16384,2026-08-01T19:09:11Z,Local School Board 3,Debbra Zockoll,,Local School Board / judicial - out of COUNTY-OFFICE scope
http://www.washco.utah.gov/clerk/pdf/financialreports/Contributions - Debbra Zockoll_12-28-2012.xls,wayback_financialreports,raw/wayback_financialreports/Contributions - Debbra Zockoll_12-28-2012~2.xls,6733ac68d9026456fd80d42d9134e16c3e8949dddfa057e9b68127b0aa518e81,16384,2026-08-01T19:35:47Z,Local School Board 3,Debbra Zockoll,,Local School Board / judicial - out of COUNTY-OFFICE scope
http://www.washco.utah.gov/clerk/pdf/financialreports/Contributions - Jerry Olson_01-17-2013.xls,wayback_financialreports,raw/wayback_financialreports/Contributions - Jerry Olson_01-17-2013.xls,8cb205268245519754edf75fce5ceb8c79f7191aacfe89b57360cb83dc1a1210,16896,2026-08-01T19:09:25Z,LOCAL SCHOOL BOARD 1,JERRY OLSON,,Local School Board / judicial - out of COUNTY-OFFICE scope
http://www.washco.utah.gov/clerk/pdf/financialreports/Contributions - Jerry Olson_05-15-2012.pdf,wayback_financialreports,raw/wayback_financialreports/Contributions - Jerry Olson_05-15-2012~2.pdf,e48e2c388ba5a3d20ddadd24d37c0c9d56bf4e61b4723d9cfbfcfbec788fd161,8039,2026-08-01T19:36:54Z,LOCAL SCHOOL BOARD 1,JERRY OLSON,,Local School Board / judicial - out of COUNTY-OFFICE scope
http://www.washco.utah.gov/clerk/pdf/financialreports/Contributions - Jerry Olson_06-15-2012.xls,wayback_financialreports,raw/wayback_financialreports/Contributions - Jerry Olson_06-15-2012.xls,f892333136feb43cb155762edd6762b63449c81a8fb5b75222fb830e8ee5401d,16384,2026-08-01T19:07:58Z,LOCAL SCHOOL BOARD 1,JERRY OLSON,,Local School Board / judicial - out of COUNTY-OFFICE scope
http://www.washco.utah.gov/clerk/pdf/financialreports/Contributions - Jerry Olson_08-31-2012.xls,wayback_financialreports,raw/wayback_financialreports/Contributions - Jerry Olson_08-31-2012.xls,a3e928e3a64dc9ce122e16160fbe2486b7133e6a7a128f8822c4fb82c209a85c,16384,2026-08-01T19:09:26Z,LOCAL SCHOOL BOARD 1,JERRY OLSON,,Local School Board / judicial - out of COUNTY-OFFICE scope
http://www.washco.utah.gov/clerk/pdf/financialreports/Contributions - Jill Hunt_01-17-2013.xls,wayback_financialreports,raw/wayback_financialreports/Contributions - Jill Hunt_01-17-2013.xls,475b3aa7ca24174edbb5d87998f03d5be4d82d6cfcbd2eec452d9aca202fd4f6,17920,2026-08-01T19:25:44Z,LOCAL SCHOOL BOARD 2,JILL HUNT,,Local School Board / judicial - out of COUNTY-OFFICE scope
http://www.washco.utah.gov/clerk/pdf/financialreports/Contributions - Jill Hunt_05-15-2012.pdf,wayback_financialreports,raw/wayback_financialreports/Contributions - Jill Hunt_05-15-2012.pdf,b120a36defc43757d7d826012106d650b12d18509ae937fe26669af36aaf1927,8805,2026-08-01T19:08:00Z,LOCAL SCHOOL BOARD 2,JILL HUNT,,Local School Board / judicial - out of COUNTY-OFFICE scope
http://www.washco.utah.gov/clerk/pdf/financialreports/Contributions - Jill Hunt_06-21-2012.xls,wayback_financialreports,raw/wayback_financialreports/Contributions - Jill Hunt_06-21-2012.xls,1048a900908fa670a0f3826d58d53cb9e00ea88ce213bb2b2c8f82811d97a0ae,17408,2026-08-01T19:09:38Z,LOCAL SCHOOL BOARD 2,JILL HUNT,,Local School Board / judicial - out of COUNTY-OFFICE scope
http://www.washco.utah.gov/clerk/pdf/financialreports/Contributions - Jill Hunt_08-31-2012.xls,wayback_financialreports,raw/wayback_financialreports/Contributions - Jill Hunt_08-31-2012~2.xls,01f4001694df705e27df1835a4cb94ed96e9175734dff250db114f3ea6100ab5,17408,2026-08-01T19:37:47Z,LOCAL SCHOOL BOARD 2,JILL HUNT,,Local School Board / judicial - out of COUNTY-OFFICE scope
http://www.washco.utah.gov/clerk/pdf/financialreports/Contributions - Jill Hunt_10-31-2012.xls,wayback_financialreports,raw/wayback_financialreports/Contributions - Jill Hunt_10-31-2012.xls,3aefb75eaebf8b2d616ea1c78e6f455640436945f8a52f4099e19c20a7491f68,17920,2026-08-01T19:08:02Z,LOCAL SCHOOL BOARD 2,JILL HUNT,,Local School Board / judicial - out of COUNTY-OFFICE scope
http://www.washco.utah.gov/clerk/pdf/financialreports/County Candidate Summary - Aaron Randall_05-14-2012.pdf,wayback_financialreports,raw/wayback_financialreports/County Candidate Summary - Aaron Randall_05-14-2012.pdf,1f772e19662d685a2848cd0ca2620718405e886bed717ef74dcfc3bb3d018db1,4094,2026-08-01T19:10:40Z,BOARD MEMBER LOCAL SCHOOL 3,AARON D RANDALL,,Local School Board / judicial - out of COUNTY-OFFICE scope
http://www.washco.utah.gov/clerk/pdf/financialreports/County Candidate Summary - Aaron Randall_06-21-2012.xls,wayback_financialreports,raw/wayback_financialreports/County Candidate Summary - Aaron Randall_06-21-2012~2.xls,ff4c8c42d1efe3559a4454be1bbb35962c5a635a30378d4a390a3d9c394a2816,28672,2026-08-01T19:38:45Z,BOARD MEMBER LOCAL SCHOOL 3,AARON D RANDALL,,Local School Board / judicial - out of COUNTY-OFFICE scope
http://www.washco.utah.gov/clerk/pdf/financialreports/County Candidate Summary - Barbara Beckstrom_05-09-2012.pdf,wayback_financialreports,raw/wayback_financialreports/County Candidate Summary - Barbara Beckstrom_05-09-2012.pdf,46689d532306204300295b82ade0750904a4fc8c119c561652c82df97f9cd7ed,4133,2026-08-01T19:10:30Z,Board Member Local School Board 1,Barbara Beckstrom,,Local School Board / judicial - out of COUNTY-OFFICE scope
http://www.washco.utah.gov/clerk/pdf/financialreports/County Candidate Summary - Barbara Beckstrom_06-15-2012.xls,wayback_financialreports,raw/wayback_financialreports/County Candidate Summary - Barbara Beckstrom_06-15-2012.xls,6579cec9aa0d7aa84a20da6c21970c746eb36e747ff8043f488fef687c6601e7,22528,2026-08-01T19:11:07Z,Board Member Local School Board 1,Barbara Beckstrom,,Local School Board / judicial - out of COUNTY-OFFICE scope
http://www.washco.utah.gov/clerk/pdf/financialreports/County Candidate Summary - Jerry Olson_05-15-2012.pdf,wayback_financialreports,raw/wayback_financialreports/County Candidate Summary - Jerry Olson_05-15-2012.pdf,5b636cc4dffbcc183256392847aaf7a8c2dddbff56554a2d45584d4d1fe21323,4100,2026-08-01T19:34:35Z,BOARDMEMBER LOCAL SCHOOL BOARD 1,JERRY OLSON,,Local School Board / judicial - out of COUNTY-OFFICE scope
http://www.washco.utah.gov/clerk/pdf/financialreports/County Candidate Summary - Jerry Olson_06-15-2012.xls,wayback_financialreports,raw/wayback_financialreports/County Candidate Summary - Jerry Olson_06-15-2012.xls,8c4b7a2fba802a1da4ef555f38b1db14315af7a424c379b39a32082196c0cad7,22528,2026-08-01T19:11:29Z,BOARDMEMBER LOCAL SCHOOL BOARD 1,JERRY OLSON,,Local School Board / judicial - out of COUNTY-OFFICE scope
http://www.washco.utah.gov/clerk/pdf/financialreports/County Candidate Summary - Jill Hunt_05-15-2012.pdf,wayback_financialreports,raw/wayback_financialreports/County Candidate Summary - Jill Hunt_05-15-2012.pdf,c381654e04f38e51060f1935589ff26ac540f3165185dd247498917603984223,4080,2026-08-01T19:11:15Z,BOARDMEMBER LOCAL SCHOOL BOARD 3,JILL HUNT,,Local School Board / judicial - out of COUNTY-OFFICE scope
http://www.washco.utah.gov/clerk/pdf/financialreports/County Candidate Summary - Jill Hunt_06-21-2012.xls,wayback_financialreports,raw/wayback_financialreports/County Candidate Summary - Jill Hunt_06-21-2012.xls,45f4a8c913008f6782ba241eca2be1e0c58da0db8d0065e7bf6743ef56bc4063,28672,2026-08-01T19:26:39Z,BOARDMEMBER LOCAL SCHOOL BOARD 3,JILL HUNT,,Local School Board / judicial - out of COUNTY-OFFICE scope
http://www.washco.utah.gov/clerk/pdf/financialreports/Dale Ure Contributions_03-08-2011.pdf,wayback_financialreports,raw/wayback_financialreports/Dale Ure Contributions_03-08-2011.pdf,c2edafdd71e866b2a3eab6a3b199e98177a31d66166f48eaaa0aeeb8970a76b9,13466,2026-08-01T19:11:47Z,Local School Board 6,Dale J Ure,,Local School Board / judicial - out of COUNTY-OFFICE scope
http://www.washco.utah.gov/clerk/pdf/financialreports/Dale Ure Expenditures_03-08-2011.pdf,wayback_financialreports,raw/wayback_financialreports/Dale Ure Expenditures_03-08-2011.pdf,e4e1bf07476b0cc34fde0dbd01d0855c9e5ed5813a9efdec10435015ba8a69d1,13052,2026-08-01T19:13:02Z,Local School Board 6,Dale J Ure,,Local School Board / judicial - out of COUNTY-OFFICE scope
http://www.washco.utah.gov/clerk/pdf/financialreports/Expenditures - Aaron Randall_01-17-2013.xls,wayback_financialreports,raw/wayback_financialreports/Expenditures - Aaron Randall_01-17-2013.xls,069e2094b6917dc9826048e19f817ebda33502c355aa5b89d1ceead520eb1b95,16896,2026-08-01T19:26:47Z,Local School Board 3,Aaron D Randall,,Local School Board / judicial - out of COUNTY-OFFICE scope
http://www.washco.utah.gov/clerk/pdf/financialreports/Expenditures - Aaron Randall_05-14-2012.pdf,wayback_financialreports,raw/wayback_financialreports/Expenditures - Aaron Randall_05-14-2012.pdf,4b382ddee3523488eabff82bb3d76a7ac3e45ef1a0f38ddab768115b1134702a,8161,2026-08-01T19:12:00Z,Local School Board 3,Aaron D Randall,,Local School Board / judicial - out of COUNTY-OFFICE scope
http://www.washco.utah.gov/clerk/pdf/financialreports/Expenditures - Aaron Randall_06-21-2012.xls,wayback_financialreports,raw/wayback_financialreports/Expenditures - Aaron Randall_06-21-2012.xls,22bfc89a1d8b0ec77fe0012ba48a49d454744df41977b8fab515ed709e6caa60,16384,2026-08-01T19:13:04Z,Local School Board 3,Aaron D Randall,,Local School Board / judicial - out of COUNTY-OFFICE scope
http://www.washco.utah.gov/clerk/pdf/financialreports/Expenditures - Aaron Randall_08-30-2012.xls,wayback_financialreports,raw/wayback_financialreports/Expenditures - Aaron Randall_08-30-2012.xls,570ddaa1fcd9690d459f3b8855d36308768f213199901fd9fe1f226cd5b42ff8,16384,2026-08-01T19:35:25Z,Local School Board 3,Aaron D Randall,,Local School Board / judicial - out of COUNTY-OFFICE scope
http://www.washco.utah.gov/clerk/pdf/financialreports/Expenditures - Aaron Randall_10-30-2012.xls,wayback_financialreports,raw/wayback_financialreports/Expenditures - Aaron Randall_10-30-2012.xls,069e2094b6917dc9826048e19f817ebda33502c355aa5b89d1ceead520eb1b95,16896,2026-08-01T19:12:13Z,Local School Board 3,Aaron D Randall,,Local School Board / judicial - out of COUNTY-OFFICE scope
http://www.washco.utah.gov/clerk/pdf/financialreports/Expenditures - Barbara Beckstrom_01-17-2013.xls,wayback_financialreports,raw/wayback_financialreports/Expenditures - Barbara Beckstrom_01-17-2013.xls,6a608e0e1515ac5f9e858f844698c6a177d8e33bc8c087d39c3c187bd409a111,16896,2026-08-01T19:13:21Z,Local School Board 1,Barbara Beckstrom,,Local School Board / judicial - out of COUNTY-OFFICE scope
http://www.washco.utah.gov/clerk/pdf/financialreports/Expenditures - Barbara Beckstrom_05-09-2012.pdf,wayback_financialreports,raw/wayback_financialreports/Expenditures - Barbara Beckstrom_05-09-2012.pdf,c4fc6c114768a69de0b026acb561d4f67d84f93920396abab330982288d929b1,8191,2026-08-01T19:27:25Z,Local School Board 1,Barbara Beckstrom,,Local School Board / judicial - out of COUNTY-OFFICE scope
http://www.washco.utah.gov/clerk/pdf/financialreports/Expenditures - Barbara Beckstrom_06-15-2012.xls,wayback_financialreports,raw/wayback_financialreports/Expenditures - Barbara Beckstrom_06-15-2012.xls,3cfb233346fe16d54380df423bfdcbe6874d2e13b7fdbba246b75f8a184df24b,16384,2026-08-01T19:12:20Z,Local School Board 1,Barbara Beckstrom,,Local School Board / judicial - out of COUNTY-OFFICE scope
http://www.washco.utah.gov/clerk/pdf/financialreports/Expenditures - Barbara Beckstrom_08-24-2012.xls,wayback_financialreports,raw/wayback_financialreports/Expenditures - Barbara Beckstrom_08-24-2012.xls,810c7f254b085d07357cbc565462f3346c2f5cbf98c973af6ac32368acb91db8,16896,2026-08-01T19:13:34Z,Local School Board 1,Barbara Beckstrom,,Local School Board / judicial - out of COUNTY-OFFICE scope
http://www.washco.utah.gov/clerk/pdf/financialreports/Expenditures - Barbara Beckstrom_10-31-2012.xls,wayback_financialreports,raw/wayback_financialreports/Expenditures - Barbara Beckstrom_10-31-2012.xls,6a608e0e1515ac5f9e858f844698c6a177d8e33bc8c087d39c3c187bd409a111,16896,2026-08-01T19:35:47Z,Local School Board 1,Barbara Beckstrom,,Local School Board / judicial - out of COUNTY-OFFICE scope
http://www.washco.utah.gov/clerk/pdf/financialreports/Expenditures - Craig Seegmiller_05-07-2012.pdf,wayback_financialreports,raw/wayback_financialreports/Expenditures - Craig Seegmiller_05-07-2012.pdf,9c63af9fd6952599adec56edf5b3a354db11fa7a9a20da643fd19cefe8ba5e1c,8201,2026-08-01T19:13:52Z,Local School Board 2,Craig Seegmiller,,Local School Board / judicial - out of COUNTY-OFFICE scope
http://www.washco.utah.gov/clerk/pdf/financialreports/Expenditures - Craig Seegmiller_06-13-2012.xls,wayback_financialreports,raw/wayback_financialreports/Expenditures - Craig Seegmiller_06-13-2012.xls,714aaa448871349484a085e41a269630cfb2ea21acfbdb356c676b06126717cf,16384,2026-08-01T19:27:29Z,Local School Board 2,Craig Seegmiller,,Local School Board / judicial - out of COUNTY-OFFICE scope
http://www.washco.utah.gov/clerk/pdf/financialreports/Expenditures - Craig Seegmiller_08-24-2012.xls,wayback_financialreports,raw/wayback_financialreports/Expenditures - Craig Seegmiller_08-24-2012.xls,714aaa448871349484a085e41a269630cfb2ea21acfbdb356c676b06126717cf,16384,2026-08-01T19:13:19Z,Local School Board 2,Craig Seegmiller,,Local School Board / judicial - out of COUNTY-OFFICE scope
http://www.washco.utah.gov/clerk/pdf/financialreports/Expenditures - Craig Seegmiller_10-29-2012.xls,wayback_financialreports,raw/wayback_financialreports/Expenditures - Craig Seegmiller_10-29-2012.xls,714aaa448871349484a085e41a269630cfb2ea21acfbdb356c676b06126717cf,16384,2026-08-01T19:13:54Z,Local School Board 2,Craig Seegmiller,,Local School Board / judicial - out of COUNTY-OFFICE scope
http://www.washco.utah.gov/clerk/pdf/financialreports/Expenditures - Craig Seegmiller_12-28-2012.xls,wayback_financialreports,raw/wayback_financialreports/Expenditures - Craig Seegmiller_12-28-2012.xls,5dd4d790ece99d0e9b88251cad8fca76639a5810f657277265f492a179c89b19,16896,2026-08-01T19:36:25Z,Local School Board 2,Craig Seegmiller,,Local School Board / judicial - out of COUNTY-OFFICE scope
http://www.washco.utah.gov/clerk/pdf/financialreports/Expenditures - Debbra Zockoll_05-07-2012.pdf,wayback_financialreports,raw/wayback_financialreports/Expenditures - Debbra Zockoll_05-07-2012.pdf,554497ec9659bd96400777a8c9e4fa4e0d63cea9919fc77c776827979d213345,8181,2026-08-01T19:14:06Z,Local School Board 3,Debbra Zockoll,,Local School Board / judicial - out of COUNTY-OFFICE scope
http://www.washco.utah.gov/clerk/pdf/financialreports/Expenditures - Debbra Zockoll_06-14-2012.xls,wayback_financialreports,raw/wayback_financialreports/Expenditures - Debbra Zockoll_06-14-2012.xls,89ad761265869fe7327f9ece5066cfdbcd2aa66b2e1772279b77640e16ffd2dc,16384,2026-08-01T19:27:32Z,Local School Board 3,Debbra Zockoll,,Local School Board / judicial - out of COUNTY-OFFICE scope
http://www.washco.utah.gov/clerk/pdf/financialreports/Expenditures - Debbra Zockoll_08-27-2012.xls,wayback_financialreports,raw/wayback_financialreports/Expenditures - Debbra Zockoll_08-27-2012.xls,89ad761265869fe7327f9ece5066cfdbcd2aa66b2e1772279b77640e16ffd2dc,16384,2026-08-01T19:13:33Z,Local School Board 3,Debbra Zockoll,,Local School Board / judicial - out of COUNTY-OFFICE scope
http://www.washco.utah.gov/clerk/pdf/financialreports/Expenditures - Debbra Zockoll_10-29-2012.xls,wayback_financialreports,raw/wayback_financialreports/Expenditures - Debbra Zockoll_10-29-2012.xls,cd39d0eb28e6e08f7f9bf9693839e7bb53432257c73631078253949d9c6bd52e,16896,2026-08-01T19:14:18Z,Local School Board 3,Debbra Zockoll,,Local School Board / judicial - out of COUNTY-OFFICE scope
http://www.washco.utah.gov/clerk/pdf/financialreports/Expenditures - Debbra Zockoll_12-28-2012.xls,wayback_financialreports,raw/wayback_financialreports/Expenditures - Debbra Zockoll_12-28-2012.xls,b2c25a1f15a2f17c3eb66eed14e2e7c24127f7e198050326681d4664c16b6198,16896,2026-08-01T19:36:31Z,Local School Board 3,Debbra Zockoll,,Local School Board / judicial - out of COUNTY-OFFICE scope
http://www.washco.utah.gov/clerk/pdf/financialreports/Expenditures - Jerry Olson_01-17-2013.xls,wayback_financialreports,raw/wayback_financialreports/Expenditures - Jerry Olson_01-17-2013.xls,1a19aad06f7adc5a61f898d2febc035da50c56c96da5a5a5acaf0ae29cdf8b93,17408,2026-08-01T19:14:07Z,LOCAL SCHOOL BOARD 1,JERRY OLSON,,Local School Board / judicial - out of COUNTY-OFFICE scope
http://www.washco.utah.gov/clerk/pdf/financialreports/Expenditures - Jerry Olson_05-15-2012.pdf,wayback_financialreports,raw/wayback_financialreports/Expenditures - Jerry Olson_05-15-2012.pdf,8db31694d513311625695aeafae90caa1ae01fa2995cc04d7ac562311b3c7591,8170,2026-08-01T19:14:23Z,LOCAL SCHOOL BOARD 1,JERRY OLSON,,Local School Board / judicial - out of COUNTY-OFFICE scope
http://www.washco.utah.gov/clerk/pdf/financialreports/Expenditures - Jerry Olson_06-15-2012.xls,wayback_financialreports,raw/wayback_financialreports/Expenditures - Jerry Olson_06-15-2012.xls,405ae88049c58a507b44ff1a3cec29a68a37b5d9710d6d959f2858e64223a747,16384,2026-08-01T19:36:46Z,LOCAL SCHOOL BOARD 1,JERRY OLSON,,Local School Board / judicial - out of COUNTY-OFFICE scope
http://www.washco.utah.gov/clerk/pdf/financialreports/Expenditures - Jerry Olson_08-31-2012.xls,wayback_financialreports,raw/wayback_financialreports/Expenditures - Jerry Olson_08-31-2012.xls,425aad17bb417ef0ac468b31a45f523b39c4faf6c1b992ea62ded758ae2f85a5,16896,2026-08-01T19:14:20Z,LOCAL SCHOOL BOARD 1,JERRY OLSON,,Local School Board / judicial - out of COUNTY-OFFICE scope
http://www.washco.utah.gov/clerk/pdf/financialreports/Expenditures - Jill Hunt_01-17-2013.xls,wayback_financialreports,raw/wayback_financialreports/Expenditures - Jill Hunt_01-17-2013.xls,4714caaf68e18e1b8802af5ea86783e06180c891b4605d1e8f6ba3fb2d509bb8,17920,2026-08-01T19:14:25Z,LOCAL SCHOOL BOARD 2,JILL HUNT,,Local School Board / judicial - out of COUNTY-OFFICE scope
http://www.washco.utah.gov/clerk/pdf/financialreports/Expenditures - Jill Hunt_05-15-2012.pdf,wayback_financialreports,raw/wayback_financialreports/Expenditures - Jill Hunt_05-15-2012.pdf,5787f6970b8aa6a1279e7668725c80ac4d1d59caac378f36803f6bf047b9a618,8687,2026-08-01T19:27:37Z,LOCAL SCHOOL BOARD 2,JILL HUNT,,Local School Board / judicial - out of COUNTY-OFFICE scope
http://www.washco.utah.gov/clerk/pdf/financialreports/Expenditures - Jill Hunt_06-21-2012.xls,wayback_financialreports,raw/wayback_financialreports/Expenditures - Jill Hunt_06-21-2012.xls,fc8b71fc9887fc0aad0ed878791009becfd5cd85cac53d1c52b7d689648eb1c3,17408,2026-08-01T19:14:22Z,LOCAL SCHOOL BOARD 2,JILL HUNT,,Local School Board / judicial - out of COUNTY-OFFICE scope
http://www.washco.utah.gov/clerk/pdf/financialreports/Expenditures - Jill Hunt_08-31-2012.xls,wayback_financialreports,raw/wayback_financialreports/Expenditures - Jill Hunt_08-31-2012.xls,e6331ccfc58a26abf49d518fc811ff38cded2d9d6570706c7592c1ebbe8aafd4,17408,2026-08-01T19:14:41Z,LOCAL SCHOOL BOARD 2,JILL HUNT,,Local School Board / judicial - out of COUNTY-OFFICE scope
http://www.washco.utah.gov/clerk/pdf/financialreports/Expenditures - Jill Hunt_10-31-2012.xls,wayback_financialreports,raw/wayback_financialreports/Expenditures - Jill Hunt_10-31-2012.xls,a08c034df1ee769a6687dfa57c778b29913fb481058d3900848730fc0e2334ef,17920,2026-08-01T19:36:50Z,LOCAL SCHOOL BOARD 2,JILL HUNT,,Local School Board / judicial - out of COUNTY-OFFICE scope
http://www.washco.utah.gov/clerk/pdf/financialreports/Frank Lojko Contributions_03-08-2011.pdf,wayback_financialreports,raw/wayback_financialreports/Frank Lojko Contributions_03-08-2011.pdf,f834a512d6126885148a285e13d87b0aeb4d88f9eb4838e5ba4169ef1ae38762,12643,2026-08-01T19:15:11Z,Local School Board 6,Frank Lojko,,Local School Board / judicial - out of COUNTY-OFFICE scope
http://www.washco.utah.gov/clerk/pdf/financialreports/Frank Lojko Expenditures_03-08-2011.pdf,wayback_financialreports,raw/wayback_financialreports/Frank Lojko Expenditures_03-08-2011.pdf,eca6a2e998ad614bcebe58e408818f0ff92d09b0c2f42c4d71fd91d9789c85bb,12569,2026-08-01T19:27:41Z,Local School Board 6,Frank Lojko,,Local School Board / judicial - out of COUNTY-OFFICE scope
http://www.washco.utah.gov/clerk/pdf/financialreports/Frank Lojko Local School Board Candidate Summary_03-08-2011.pdf,wayback_financialreports,raw/wayback_financialreports/Frank Lojko Local School Board Candidate Summary_03-08-2011.pdf,c46a6bff6ee7cf5597d6df72fb0846cae3d32c086f2044c0b9d986e7407f6a43,10402,2026-08-01T19:15:24Z,Local School Board Candidate Summary,,,Local School Board / judicial - out of COUNTY-OFFICE scope
http://www.washco.utah.gov/clerk/pdf/financialreports/Kelly Blake Expenditures_03-08-2011.pdf,wayback_financialreports,raw/wayback_financialreports/Kelly Blake Expenditures_03-08-2011.pdf,9d5427494cf643496c10aea0b80b2b0daa70d86dd521ac89862b5428417abe34,14164,2026-08-01T19:15:25Z,Local School Board 6,Kelly Blake,,Local School Board / judicial - out of COUNTY-OFFICE scope
http://www.washco.utah.gov/clerk/pdf/financialreports/Kelly Blake Local School Board Candidate Summary_03-08-2011.pdf,wayback_financialreports,raw/wayback_financialreports/Kelly Blake Local School Board Candidate Summary_03-08-2011.pdf,14fc0050b070d285b6d017d560f28dbe4ec829fe9e072f3e26745c5cb3b99734,10587,2026-08-01T19:37:29Z,Local School Board Candidate Summary,,,Local School Board / judicial - out of COUNTY-OFFICE scope
http://www.washco.utah.gov/clerk/pdf/financialreports/Kyle Wells Contributions_04-05-2011.pdf,wayback_financialreports,raw/wayback_financialreports/Kyle Wells Contributions_04-05-2011.pdf,d0c55b66fbc7b8e7e911f420602e5f1b737e06b03825c3a1f8676c7bdd00d528,14654,2026-08-01T19:15:27Z,Local School Board 4,Kyle S Wells,,Local School Board / judicial - out of COUNTY-OFFICE scope
http://www.washco.utah.gov/clerk/pdf/financialreports/Kyle Wells Expenditures_04-05-2011.pdf,wayback_financialreports,raw/wayback_financialreports/Kyle Wells Expenditures_04-05-2011.pdf,8e4da4404fb295ca6a1c0ecc30c9be52e2182ba5d20ce20fc1b6b59c00568bb7,14913,2026-08-01T19:15:27Z,Local School Board 4,Kyle S Wells,,Local School Board / judicial - out of COUNTY-OFFICE scope
http://www.washco.utah.gov/clerk/pdf/financialreports/Kyle Wells Local School Board Candidate Summary_04-05-2011.pdf,wayback_financialreports,raw/wayback_financialreports/Kyle Wells Local School Board Candidate Summary_04-05-2011.pdf,cbe54de172e174e6808dafa13549b3bebb7bd9f995b18bc0dea3dc26ede0ca85,10647,2026-08-01T19:27:44Z,Local School Board Candidate Summary,,,Local School Board / judicial - out of COUNTY-OFFICE scope
http://www.washco.utah.gov/clerk/pdf/financialreports/Larry LeBaron Expenditures_04-05-2011.pdf,wayback_financialreports,raw/wayback_financialreports/Larry LeBaron Expenditures_04-05-2011.pdf,8d1bbfa104cf9ea24b5e4e4b1e19c2855d2d6b2cf9d4be9081ba2b1618fdf5f1,12637,2026-08-01T19:15:30Z,Local School Board 6,Larry O LeBaron,,Local School Board / judicial - out of COUNTY-OFFICE scope
http://www.washco.utah.gov/clerk/pdf/financialreports/Larry LeBaron Local School Board Candidate Summary_04-05-2011.pdf,wayback_financialreports,raw/wayback_financialreports/Larry LeBaron Local School Board Candidate Summary_04-05-2011.pdf,5ead2fd2d0ee8831a9e525cd14dc70e26563772ff6d150c37c67038e7c7a7610,10353,2026-08-01T19:15:41Z,Local School Board Candidate Summary,,,Local School Board / judicial - out of COUNTY-OFFICE scope
http://www.washco.utah.gov/clerk/pdf/financialreports/Larry LeBaronContributions_04-05-2011.pdf,wayback_financialreports,raw/wayback_financialreports/Larry LeBaronContributions_04-05-2011.pdf,3ce0ac1f1f3e2faca862fc15d897236f5d0b149353e76dd97acc240044c3f378,12801,2026-08-01T19:37:33Z,Local School Board 6,Larry O LeBaron,,Local School Board / judicial - out of COUNTY-OFFICE scope
http://www.washco.utah.gov/clerk/pdf/financialreports/Laura Hesson Contributions_04-05-2011.pdf,wayback_financialreports,raw/wayback_financialreports/Laura Hesson Contributions_04-05-2011.pdf,1f39c7af06618ac202e891789f021472e7c4ad6a1741e91d236d2253887c57b6,12584,2026-08-01T19:15:43Z,Local School Board 7,Laura Hesson,,Local School Board / judicial - out of COUNTY-OFFICE scope
http://www.washco.utah.gov/clerk/pdf/financialreports/Laura Hesson Expenditures_04-05-2011.pdf,wayback_financialreports,raw/wayback_financialreports/Laura Hesson Expenditures_04-05-2011.pdf,07d1540dd1663c5b63b6f6dc62f349e3a01d6d3e97e32704dd1e1a399ba01199,14038,2026-08-01T19:15:43Z,Local School Board 7,Laura Hesson,,Local School Board / judicial - out of COUNTY-OFFICE scope
http://www.washco.utah.gov/clerk/pdf/financialreports/Laura Hesson Local School Board Candidate Summary_04-05-2011.pdf,wayback_financialreports,raw/wayback_financialreports/Laura Hesson Local School Board Candidate Summary_04-05-2011.pdf,beea8a17db5f93ba05767e447821c73e088b6e91113188b6747acbc69e640a7e,10592,2026-08-01T19:27:48Z,Local School Board Candidate Summary,,,Local School Board / judicial - out of COUNTY-OFFICE scope
http://www.washco.utah.gov/clerk/pdf/financialreports/Local School Board Candidate Summary Travis Christiansen_04-05-2011.pdf,wayback_financialreports,raw/wayback_financialreports/Local School Board Candidate Summary Travis Christiansen_04-05-2011.pdf,e72fecbdcd089fe973e11860948565edf055e9798450ac1bb8c16c2958c0fcd2,10524,2026-08-01T19:16:16Z,Local School Board Candidate Summary Travis Christiansen,,,Local School Board / judicial - out of COUNTY-OFFICE scope
http://www.washco.utah.gov/clerk/pdf/financialreports/Local School Candidate Summary - Aaron D Randall_01-17-2013.xls,wayback_financialreports,raw/wayback_financialreports/Local School Candidate Summary - Aaron D Randall_01-17-2013.xls,156cd5f9387401e54d476d129224af28324356425da681fff7c99a5ac3947384,28672,2026-08-01T19:15:46Z,Local School Candidate Summary - Aaron D Randall,,,Local School Board / judicial - out of COUNTY-OFFICE scope
http://www.washco.utah.gov/clerk/pdf/financialreports/Local School Candidate Summary - Aaron D Randall_08-30-2012.xls,wayback_financialreports,raw/wayback_financialreports/Local School Candidate Summary - Aaron D Randall_08-30-2012.xls,630143ddd49d413c597747aa48cb266e219d237be546040ebbc20210cdd70ff7,28672,2026-08-01T19:37:47Z,Local School Candidate Summary - Aaron D Randall,,,Local School Board / judicial - out of COUNTY-OFFICE scope
http://www.washco.utah.gov/clerk/pdf/financialreports/Local School Candidate Summary - Aaron D Randall_10-30-2012.xls,wayback_financialreports,raw/wayback_financialreports/Local School Candidate Summary - Aaron D Randall_10-30-2012.xls,22dd32d9cfd303651427e3c26ea3c5383ec2c9c408d478ad7099b533c7ce105d,28672,2026-08-01T19:16:29Z,Local School Candidate Summary - Aaron D Randall,,,Local School Board / judicial - out of COUNTY-OFFICE scope
http://www.washco.utah.gov/clerk/pdf/financialreports/Local School Candidate Summary - Barbara Beckstrom_01-17-2013.xls,wayback_financialreports,raw/wayback_financialreports/Local School Candidate Summary - Barbara Beckstrom_01-17-2013.xls,92f972f2f5f97928a1ede51a2467c8ecc59d1ae6464ee14b97f1047da7445bf2,28672,2026-08-01T19:15:59Z,Local School Candidate Summary - Barbara Beckstrom,,,Local School Board / judicial - out of COUNTY-OFFICE scope
http://www.washco.utah.gov/clerk/pdf/financialreports/Local School Candidate Summary - Barbara Beckstrom_08-24-2012.xls,wayback_financialreports,raw/wayback_financialreports/Local School Candidate Summary - Barbara Beckstrom_08-24-2012.xls,d67b056867a0d4f5984dcd9c0e92942be447d16c4b9dcb173ad27d81d40cbabf,28672,2026-08-01T19:27:50Z,Local School Candidate Summary - Barbara Beckstrom,,,Local School Board / judicial - out of COUNTY-OFFICE scope
http://www.washco.utah.gov/clerk/pdf/financialreports/Local School Candidate Summary - Barbara Beckstrom_10-31-2012.xls,wayback_financialreports,raw/wayback_financialreports/Local School Candidate Summary - Barbara Beckstrom_10-31-2012.xls,66815bb7438624bc8d3eb59c41ecfe1bdbd6a08869af2139f512554a5ec5b1a3,28672,2026-08-01T19:16:35Z,Local School Candidate Summary - Barbara Beckstrom,,,Local School Board / judicial - out of COUNTY-OFFICE scope
http://www.washco.utah.gov/clerk/pdf/financialreports/Local School Candidate Summary - Craig Seegmiller_05-07-2012.pdf,wayback_financialreports,raw/wayback_financialreports/Local School Candidate Summary - Craig Seegmiller_05-07-2012.pdf,94c000ac75643d4ead2c9f4ec3243d5207dda9ea337cefd32c0a1e994b87e75a,4188,2026-08-01T19:16:01Z,Board Member LOCAL SCHOOL BOARD 2,CRAIG SEEGMILLER,,Local School Board / judicial - out of COUNTY-OFFICE scope
http://www.washco.utah.gov/clerk/pdf/financialreports/Local School Candidate Summary - Craig Seegmiller_06-13-2012.xls,wayback_financialreports,raw/wayback_financialreports/Local School Candidate Summary - Craig Seegmiller_06-13-2012.xls,a8919c614e5ede989e93bf5a3c87aedf8751ddc313db9a647c83dd33fb0b6bb8,22528,2026-08-01T19:39:04Z,Board Member LOCAL SCHOOL BOARD 2,CRAIG SEEGMILLER,,Local School Board / judicial - out of COUNTY-OFFICE scope
http://www.washco.utah.gov/clerk/pdf/financialreports/Local School Candidate Summary - Craig Seegmiller_08-24-2012.xls,wayback_financialreports,raw/wayback_financialreports/Local School Candidate Summary - Craig Seegmiller_08-24-2012.xls,b3be0d33e6f18f9bdf516d69b086b58ab92debcf0847a6d22fd48acc998c228a,23040,2026-08-01T19:17:39Z,Board Member LOCAL SCHOOL BOARD 2,CRAIG SEEGMILLER,,Local School Board / judicial - out of COUNTY-OFFICE scope
http://www.washco.utah.gov/clerk/pdf/financialreports/Local School Candidate Summary - Craig Seegmiller_10-29-2012.xls,wayback_financialreports,raw/wayback_financialreports/Local School Candidate Summary - Craig Seegmiller_10-29-2012.xls,408b2ad9cfc3643649d99fba82a1e202083a3295929496699fc6e77c0cd054d3,23040,2026-08-01T19:16:14Z,Board Member LOCAL SCHOOL BOARD 2,CRAIG SEEGMILLER,,Local School Board / judicial - out of COUNTY-OFFICE scope
http://www.washco.utah.gov/clerk/pdf/financialreports/Local School Candidate Summary - Craig Seegmiller_12-28-2012.xls,wayback_financialreports,raw/wayback_financialreports/Local School Candidate Summary - Craig Seegmiller_12-28-2012.xls,dbc801423735a69012c0663b424f33d44dc7056ddd8d5b3020a5e947adb1afa7,28672,2026-08-01T19:27:54Z,Board Member LOCAL SCHOOL BOARD 2,CRAIG SEEGMILLER,,Local School Board / judicial - out of COUNTY-OFFICE scope
http://www.washco.utah.gov/clerk/pdf/financialreports/Local School Candidate Summary - Debbra Zockoll_05-07-2012.pdf,wayback_financialreports,raw/wayback_financialreports/Local School Candidate Summary - Debbra Zockoll_05-07-2012.pdf,5ac8c06d2469a44119b0d8255d4e796ca757e91a9e2a82e68966410454a31f58,4185,2026-08-01T19:17:51Z,BOARD MEMBER LOCAL SCHOOL BOARD 3,DEBBRA ZOCKOLL,,Local School Board / judicial - out of COUNTY-OFFICE scope
http://www.washco.utah.gov/clerk/pdf/financialreports/Local School Candidate Summary - Debbra Zockoll_06-14-2012.xls,wayback_financialreports,raw/wayback_financialreports/Local School Candidate Summary - Debbra Zockoll_06-14-2012.xls,c664fba475c80ab94952c5b5893b0c47b1b8fea4169538e9d2ed33f4f862f81b,23040,2026-08-01T19:16:16Z,BOARD MEMBER LOCAL SCHOOL BOARD 3,DEBBRA ZOCKOLL,,Local School Board / judicial - out of COUNTY-OFFICE scope
http://www.washco.utah.gov/clerk/pdf/financialreports/Local School Candidate Summary - Debbra Zockoll_08-27-2012.xls,wayback_financialreports,raw/wayback_financialreports/Local School Candidate Summary - Debbra Zockoll_08-27-2012.xls,ca7a0bcc9522cccf469c40fdfa34ba70d330a3a14977bb48270752ed1517dfd8,23040,2026-08-01T19:39:08Z,BOARD MEMBER LOCAL SCHOOL BOARD 3,DEBBRA ZOCKOLL,,Local School Board / judicial - out of COUNTY-OFFICE scope
http://www.washco.utah.gov/clerk/pdf/financialreports/Local School Candidate Summary - Debbra Zockoll_10-29-2012.xls,wayback_financialreports,raw/wayback_financialreports/Local School Candidate Summary - Debbra Zockoll_10-29-2012.xls,80109848c77a96bb93afc8cdf2b1c03be0aad1bebbce996f2cc95b6f75cfd020,28672,2026-08-01T19:17:53Z,BOARD MEMBER LOCAL SCHOOL BOARD 3,DEBBRA ZOCKOLL,,Local School Board / judicial - out of COUNTY-OFFICE scope
http://www.washco.utah.gov/clerk/pdf/financialreports/Local School Candidate Summary - Debbra Zockoll_12-28-2012.xls,wayback_financialreports,raw/wayback_financialreports/Local School Candidate Summary - Debbra Zockoll_12-28-2012.xls,65d40339bc9b6ff9392998eb70fcaf5f5799ebd1610198d7341a27274fa3c5e6,28672,2026-08-01T19:16:28Z,BOARD MEMBER LOCAL SCHOOL BOARD 3,DEBBRA ZOCKOLL,,Local School Board / judicial - out of COUNTY-OFFICE scope
http://www.washco.utah.gov/clerk/pdf/financialreports/Local School Candidate Summary - Jerry Olson_01-17-2013.xls,wayback_financialreports,raw/wayback_financialreports/Local School Candidate Summary - Jerry Olson_01-17-2013.xls,97673e20b1c14ae1a944908a7b637fcd57c3baf5ebf3f22adcf2cd7614d15537,28672,2026-08-01T19:30:28Z,BOARDMEMBER LOCAL SCHOOL BOARD 1,JERRY OLSON,,Local School Board / judicial - out of COUNTY-OFFICE scope
http://www.washco.utah.gov/clerk/pdf/financialreports/Local School Candidate Summary - Jerry Olson_08-31-2012.xls,wayback_financialreports,raw/wayback_financialreports/Local School Candidate Summary - Jerry Olson_08-31-2012.xls,e6f734d37c4ab4a2fdf453419189b294b65c40d64bf86fb06d8242aff9af5334,28672,2026-08-01T19:18:26Z,BOARDMEMBER LOCAL SCHOOL BOARD 1,JERRY OLSON,,Local School Board / judicial - out of COUNTY-OFFICE scope
http://www.washco.utah.gov/clerk/pdf/financialreports/Local School Candidate Summary - Jill Hunt_01-17-2013.xls,wayback_financialreports,raw/wayback_financialreports/Local School Candidate Summary - Jill Hunt_01-17-2013.xls,c4afb239405749515245fb4336e8e0ae42a0680403d8aa9f611b6990d4a6697c,28672,2026-08-01T19:16:32Z,Local School Candidate Summary - Jill Hunt,,,Local School Board / judicial - out of COUNTY-OFFICE scope
http://www.washco.utah.gov/clerk/pdf/financialreports/Local School Candidate Summary - Jill Hunt_08-31-2012.xls,wayback_financialreports,raw/wayback_financialreports/Local School Candidate Summary - Jill Hunt_08-31-2012.xls,d4dbf7871c5502412c3861f95aa2d1fd0678ddf581111c79318c9922c14ca0e2,28672,2026-08-01T19:41:23Z,Local School Candidate Summary - Jill Hunt,,,Local School Board / judicial - out of COUNTY-OFFICE scope
http://www.washco.utah.gov/clerk/pdf/financialreports/Local School Candidate Summary - Jill Hunt_10-31-2012.xls,wayback_financialreports,raw/wayback_financialreports/Local School Candidate Summary - Jill Hunt_10-31-2012.xls,111e316d76e163b4b16a41ce6721b28e058422829235c30ab646fcc84682e91b,28672,2026-08-01T19:18:40Z,Local School Candidate Summary - Jill Hunt,,,Local School Board / judicial - out of COUNTY-OFFICE scope
http://www.washco.utah.gov/clerk/pdf/financialreports/Robert E Allen Contributions_04-05-2011.pdf,wayback_financialreports,raw/wayback_financialreports/Robert E Allen Contributions_04-05-2011.pdf,c369e18e6d6232c41f7dca2a280aca38b33f4d9d6c90dc75fe5ded80caf2c0c2,12717,2026-08-01T19:16:45Z,Local School Board 7,Robert E Allen,,Local School Board / judicial - out of COUNTY-OFFICE scope
http://www.washco.utah.gov/clerk/pdf/financialreports/Robert E Allen Expenditures_04-05-2011.pdf,wayback_financialreports,raw/wayback_financialreports/Robert E Allen Expenditures_04-05-2011.pdf,fd38cf826cea39f88cf87666e4d2519bfca5dc676734eac0d3d3666e4f5b7c49,14817,2026-08-01T19:31:01Z,Local School Board 7,Robert E Allen,,Local School Board / judicial - out of COUNTY-OFFICE scope
http://www.washco.utah.gov/clerk/pdf/financialreports/Robert E Allen Local School Board Candidate Summary_04-05-2011.pdf,wayback_financialreports,raw/wayback_financialreports/Robert E Allen Local School Board Candidate Summary_04-05-2011.pdf,d8acf2b97821dbc97ac96b78b7e02d94cfce8effdfcc49f81ff8478f68a27102,10727,2026-08-01T19:18:43Z,Local School Board Candidate Summary,,,Local School Board / judicial - out of COUNTY-OFFICE scope
http://www.washco.utah.gov/clerk/pdf/financialreports/Travis Christiansen Contributions_04-05-2011.pdf,wayback_financialreports,raw/wayback_financialreports/Travis Christiansen Contributions_04-05-2011.pdf,d07e606f7991a02ebd298a75890348ab20aac1834f27e1e2eb68936e516c336f,14673,2026-08-01T19:16:48Z,Local School Board 4,Travis Christiansen,,Local School Board / judicial - out of COUNTY-OFFICE scope
http://www.washco.utah.gov/clerk/pdf/financialreports/Travis Christiansen Expenditures_04-05-2011.pdf,wayback_financialreports,raw/wayback_financialreports/Travis Christiansen Expenditures_04-05-2011.pdf,bc21b144a71ce6e792499a7e8421c08135cd1b1bdf387bde2384c7fc132f1ef9,14062,2026-08-01T19:41:30Z,Local School Board 4,Travis Christiansen,,Local School Board / judicial - out of COUNTY-OFFICE scope
http://www.washco.utah.gov/clerk/pdf/financialreports/Wesley Christiansen Contributions_04-05-2011.pdf,wayback_financialreports,raw/wayback_financialreports/Wesley Christiansen Contributions_04-05-2011.pdf,9ef4410b9c1913407a160f2b3ad129c73f4000bd74a6af35f35c1f88cc146f8e,12751,2026-08-01T19:18:56Z,Local School Board 5,Wesley Christiansen,,Local School Board / judicial - out of COUNTY-OFFICE scope
http://www.washco.utah.gov/clerk/pdf/financialreports/Wesley Christiansen Expenditures_04-05-2011.pdf,wayback_financialreports,raw/wayback_financialreports/Wesley Christiansen Expenditures_04-05-2011.pdf,426912624155237e1e12ff0f0999f4095f4091f55ae3a63d80e6074ceb54d559,12677,2026-08-01T19:17:25Z,Local School Board 5,Wesley Christiansen,,Local School Board / judicial - out of COUNTY-OFFICE scope
http://www.washco.utah.gov/clerk/pdf/financialreports/Wesley Christiansen Local School Board Candidate Summary_04-05-2011.pdf,wayback_financialreports,raw/wayback_financialreports/Wesley Christiansen Local School Board Candidate Summary_04-05-2011.pdf,b6f05c3a52e42dbd759c154faaec6322887340818fd45b865cabb6c28c1d98ba,10447,2026-08-01T19:31:03Z,Local School Board Candidate Summary,,,Local School Board / judicial - out of COUNTY-OFFICE scope
http://www.washco.utah.gov/clerk/pdf/Wendell Gubler Contributions.pdf,wayback_clerkpdf2008,raw/wayback_clerkpdf2008/Wendell Gubler Contributions.pdf,7b70c79e55597e699d45bcce574d92b8ed279a782b242ac29f279f8c4c3f7038,7554,2026-08-01T19:41:58Z,"Document header line: ""Wendell Gubler Local School Board #1   2008""",,,"Local School Board / judicial - out of COUNTY-OFFICE scope [office_determinations.csv 2026-08-01: Document header line: ""Wendell Gubler Local School Board #1   2008""]"
http://www.washco.utah.gov/clerk/pdf/Wendell Gubler Expenditures.pdf,wayback_clerkpdf2008,raw/wayback_clerkpdf2008/Wendell Gubler Expenditures.pdf,3211c0e0f04dab997b47c16ad18caa0a96ecd2e819b423c99dbddff7ead75def,8728,2026-08-01T19:42:01Z,"Document header line: ""Wendell Gubler Local School Board #1        2008""",,,"Local School Board / judicial - out of COUNTY-OFFICE scope [office_determinations.csv 2026-08-01: Document header line: ""Wendell Gubler Local School Board #1        2008""]"
https://www.washco.utah.gov/forms/clerk-auditor/elections/2016/reports/Becky Dunn 10_31_2016 FCR_11-01-2016.pdf,wayback_forms2016,raw/wayback_forms2016/Becky Dunn 10_31_2016 FCR_11-01-2016.pdf,75842ee0291a806adc158838eebdf6dff25eba4e8521f2cd66765e22b81cb3cd,73235,2026-08-01T18:40:40Z,School Board / Representative District # 1 / Washington County School District,Bek Du ral,,Local School Board / judicial - out of COUNTY-OFFICE scope [office_determinations.csv 2026-08-01: School Board / Representative District # 1 / Washington County School District]
https://www.washco.utah.gov/forms/clerk-auditor/elections/2016/reports/Becky Dunn_Local School 1_Financial Campaign Report_6_17_2016_06-24-2016.pdf,wayback_forms2016,raw/wayback_forms2016/Becky Dunn_Local School 1_Financial Campaign Report_6_17_2016_06-24-2016.pdf,e2528ff4aa2617bce2b25d99f471f09abf76af529387d20ceac11aa01ae50766,272557,2026-08-01T18:40:45Z,Local School 1,Becky Dun,,Local School Board / judicial - out of COUNTY-OFFICE scope
https://www.washco.utah.gov/forms/clerk-auditor/elections/2016/reports/Craig D Seegmiller 10_26_2016 FCR_10-27-2016.pdf,wayback_forms2016,raw/wayback_forms2016/Craig D Seegmiller 10_26_2016 FCR_10-27-2016.pdf,fce304763eab8c8a73d65426a77c5ecd58e5cafa779b7f2fa1328f34a77f397c,83382,2026-08-01T19:01:06Z,"Representative District 2 / ""Washington Co."" School District (Office line holds a phone number); same filer files as Loc","( vibe q las, los Sor pillar",,"Local School Board / judicial - out of COUNTY-OFFICE scope [office_determinations.csv 2026-08-01: Representative District 2 / ""Washington Co."" School District (Office line holds a phone number); same filer files as Local School Board 2 in 2008 and 2012]"
https://www.washco.utah.gov/forms/clerk-auditor/elections/2016/reports/Debbra Zockoll 10_26_2016 FCR_10-27-2016.pdf,wayback_forms2016,raw/wayback_forms2016/Debbra Zockoll 10_26_2016 FCR_10-27-2016.pdf,9015dbda0469d5ea0accae4a594626a33bf6b3b9d31009b0b0947a70b9536dd3,58375,2026-08-01T18:42:57Z,Representative District 3 / Washington County School District,rq LO Chal,,Local School Board / judicial - out of COUNTY-OFFICE scope [office_determinations.csv 2026-08-01: Representative District 3 / Washington County School District]
https://www.washco.utah.gov/forms/clerk-auditor/elections/2016/reports/Debbra Zockoll_Local School 3 _Financial Campaign Report 6_14_2016_06-15-2016.pdf,wayback_forms2016,raw/wayback_forms2016/Debbra Zockoll_Local School 3 _Financial Campaign Report 6_14_2016_06-15-2016.pdf,18f3111e6d821d4800d82122773da29b441aef4c697f72a77c7d8b5360826d33,108538,2026-08-01T18:43:47Z,Local School 3 ,Jel bi fl edi,,Local School Board / judicial - out of COUNTY-OFFICE scope
https://www.washco.utah.gov/forms/clerk-auditor/elections/2016/reports/Evan_Johnson_Local School 1_Campaign_Financial_Report_6_13_2016_06-13-2016.pdf,wayback_forms2016,raw/wayback_forms2016/Evan_Johnson_Local School 1_Campaign_Financial_Report_6_13_2016_06-13-2016.pdf,2afef06731145c226e2629273a0924629c28d3011a79877b03290c397d76b632,471759,2026-08-01T18:44:01Z,Local School 1,"(L)H(a,144 f,✓a i -JohAson",,Local School Board / judicial - out of COUNTY-OFFICE scope
https://www.washco.utah.gov/forms/clerk-auditor/elections/2016/reports/Kyle Wilson_Local School 1_Financial Campaign Report_6_17_2016_06-24-2016.pdf,wayback_forms2016,raw/wayback_forms2016/Kyle Wilson_Local School 1_Financial Campaign Report_6_17_2016_06-24-2016.pdf,0e065e8d990109fd1a6315d923e743c97131707d5ce6dc32d50e929231a9d1f8,83870,2026-08-01T19:03:27Z,Local School 1,,,Local School Board / judicial - out of COUNTY-OFFICE scope
https://www.washco.utah.gov/forms/clerk-auditor/elections/2016/reports/Richelle H_10-27-2016. Nelson 10_26_2016 FCR,wayback_forms2016,raw/wayback_forms2016/Richelle H_10-27-2016. Nelson 10_26_2016 FCR.pdf,23399a23f9b95b4b79925eb359a969103953156ba75c3bf1a7e29e80990954f5,111765,2026-08-01T19:03:40Z,"Representative District 1 / ""Washington Co."" School District",Ri che lle H rn Nel Son en,,"Local School Board / judicial - out of COUNTY-OFFICE scope [office_determinations.csv 2026-08-01: Representative District 1 / ""Washington Co."" School District]"
https://www.washco.utah.gov/forms/clerk-auditor/elections/2016/reports/Richelle Nelson_Local School 1_Financial Campaign Report 6_15_2016_06-15-2016.pdf,wayback_forms2016,raw/wayback_forms2016/Richelle Nelson_Local School 1_Financial Campaign Report 6_15_2016_06-15-2016.pdf,a54e4721537b813828733c69a688b33b216cdf23c0bf287675976de721556144,652602,2026-08-01T19:03:43Z,Local School 1,k 1 é hy | le | | IN dol 201 ee,,Local School Board / judicial - out of COUNTY-OFFICE scope
https://www.washco.utah.gov/forms/clerk-auditor/elections/2016/reports/Rick Nelson 11_1_2016 FCR_11-02-2016.pdf,wayback_forms2016,raw/wayback_forms2016/Rick Nelson 11_1_2016 FCR_11-02-2016.pdf,5b1bc010679a0f92076891104763be1c1623f5adc8fadee31d86e62a3901e1e2,73910,2026-08-01T19:03:57Z,"Name of Office: ""Washington Co. School Board"", Office District #2",Nes 5 A,,"Local School Board / judicial - out of COUNTY-OFFICE scope [office_determinations.csv 2026-08-01: Name of Office: ""Washington Co. School Board"", Office District #2]"
https://www.washco.utah.gov/forms/clerk-auditor/elections/2016/reports/Susi Lafaele_Local School 3_Financial Campaign Report 6_15_2016_07-28-2016.pdf,wayback_forms2016,raw/wayback_forms2016/Susi Lafaele_Local School 3_Financial Campaign Report 6_15_2016_07-28-2016.pdf,3f1f12ffd4ec6008b71db053ef02d002f8ad407ac8c8129c35795e975558c7c9,122874,2026-08-01T19:04:03Z,Local School 3,"Street Address I NS Buk eX nw) Orde,",,Local School Board / judicial - out of COUNTY-OFFICE scope
https://www.washco.utah.gov/forms/clerk-auditor/elections/2016/reports/Susi Lafaele_Local School Board 3_Financial Campaign Report_7_28_2016_FINAL_07-28-2016.pdf,wayback_forms2016,raw/wayback_forms2016/Susi Lafaele_Local School Board 3_Financial Campaign Report_7_28_2016_FINAL_07-28-2016.pdf,83fde3fa09f5941c5230ed816c8967b2dd590de6f1f410a8ee66081706ea33d3,214575,2026-08-01T19:04:06Z,Local School Board 3,NIG\ Doan orgle,,Local School Board / judicial - out of COUNTY-OFFICE scope
https://www.washco.utah.gov/forms/clerk-auditor/elections/2016/reports/Terry Hutchinson 11_1_2016 FCR_11-02-2016.pdf,wayback_forms2016,raw/wayback_forms2016/Terry Hutchinson 11_1_2016 FCR_11-02-2016.pdf,0c6e1495199b0b006096926342d3395888a90361ae85dbbedd77020c09b34585,122022,2026-08-01T19:04:18Z,"Representative District 3 / ""Washington County School Dist"" (Office line holds a street address)","leony L , Lan 7 L, C Lava SOM",,"Local School Board / judicial - out of COUNTY-OFFICE scope [office_determinations.csv 2026-08-01: Representative District 3 / ""Washington County School Dist"" (Office line holds a street address)]"
https://www.washco.utah.gov/forms/clerk-auditor/elections/2016/reports/Terry L_06-20-2016. Hutchison_Local School Board 3_Financial Campaign Report 6_20_2016,wayback_forms2016,raw/wayback_forms2016/Terry L_06-20-2016. Hutchison_Local School Board 3_Financial Campaign Report 6_20_2016.pdf,f2c18b08f93234becd1244ea060951722b602b7ae6872e752700c7d9ec2eb425,144048,2026-08-01T19:04:22Z,Local School Board 3,(ahs Hot Mseon,,Local School Board / judicial - out of COUNTY-OFFICE scope
https://www.washco.utah.gov/forms/clerk-auditor/elections/2016/reports/William Evan Johnson _Local School Board 1_Campaign Expense Report_8_30_2016_08-31-2016.pdf,wayback_forms2016,raw/wayback_forms2016/William Evan Johnson _Local School Board 1_Campaign Expense Report_8_30_2016_08-31-2016.pdf,4e5b7773c50f5692f726803b63466374bf062441cb5f0a4c0d47f784bf8ec719,146415,2026-08-01T19:04:55Z,Local School Board 1,William Evan Johnson,,Local School Board / judicial - out of COUNTY-OFFICE scope
https://www.washco.utah.gov/forms/clerk-auditor/elections/2018/reports/Jan 3 2019_LaRene Cox_Final FCR_01-07-2019.pdf,wayback_forms2018,raw/wayback_forms2018/Jan 3 2019_LaRene Cox_Final FCR_01-07-2019.pdf,1680d2754f404b7c673febca4e2f0434cba79f9a2fecf463c19095dcce47c888,99915,2026-08-01T19:05:21Z,"Office: ""School Board District 4"" / Representative District (four) / Washington County School District",La Rens << Co x,,"Local School Board / judicial - out of COUNTY-OFFICE scope [office_determinations.csv 2026-08-01: Office: ""School Board District 4"" / Representative District (four) / Washington County School District]"
https://www.washco.utah.gov/forms/clerk-auditor/elections/2018/reports/Jan 3 2019_Laura J Hesson_Final FCR_01-07-2019.pdf,wayback_forms2018,raw/wayback_forms2018/Jan 3 2019_Laura J Hesson_Final FCR_01-07-2019.pdf,f81ec0cc251eca8d0d372e6c3eb6603778baa8af8b8efdbf5cbfe3aad81ab3b8,58517,2026-08-01T19:05:24Z,"Representative District #7 / Washington County School District; county canvass lists LAURA J. HESSON under ""Local School",] GAL V ean Hessen,,"Local School Board / judicial - out of COUNTY-OFFICE scope [office_determinations.csv 2026-08-01: Representative District #7 / Washington County School District; county canvass lists LAURA J. HESSON under ""Local School Board District 7""]"
https://www.washco.utah.gov/forms/clerk-auditor/elections/2018/reports/Jan 7 2019_David Stirland_Final FCR_01-09-2019.pdf,wayback_forms2018,raw/wayback_forms2018/Jan 7 2019_David Stirland_Final FCR_01-09-2019.pdf,8700493ed313d4561c672f06bd2b29716441c018303c988b21872458fa414a07,62924,2026-08-01T19:06:57Z,"Office: ""Washington County School Board"" / Representative District 5",vi A RB Stitla ;,,"Local School Board / judicial - out of COUNTY-OFFICE scope [office_determinations.csv 2026-08-01: Office: ""Washington County School Board"" / Representative District 5]"
https://www.washco.utah.gov/forms/clerk-auditor/elections/2018/reports/Jan 7 2019_Kelly Wade Blake_Final FCR_01-09-2019.pdf,wayback_forms2018,raw/wayback_forms2018/Jan 7 2019_Kelly Wade Blake_Final FCR_01-09-2019.pdf,9d16947f1ae26e206e287ed41b4af7a7a10ae9622dad2db39fdb69c0653f76f9,55023,2026-08-01T19:08:06Z,"Office: ""Washington County School Board"" / Representative District 7",,,"Local School Board / judicial - out of COUNTY-OFFICE scope [office_determinations.csv 2026-08-01: Office: ""Washington County School Board"" / Representative District 7]"
https://www.washco.utah.gov/forms/clerk-auditor/elections/2018/reports/June 15_Laura J Hesson_FCR_06-15-2018.pdf,wayback_forms2018,raw/wayback_forms2018/June 15_Laura J Hesson_FCR_06-15-2018.pdf,a205cb6bc45f364cb421d115192df6ba1180ffee322f7e6d7b8e0e16fbfc54c4,43243,2026-08-01T19:10:05Z,Representative District #7 / Washington County School District,ba. de,,Local School Board / judicial - out of COUNTY-OFFICE scope [office_determinations.csv 2026-08-01: Representative District #7 / Washington County School District]
https://www.washco.utah.gov/forms/clerk-auditor/elections/2018/reports/June 18_Gregory Brooks_FCR_06-18-2018.pdf,wayback_forms2018,raw/wayback_forms2018/June 18_Gregory Brooks_FCR_06-18-2018.pdf,4affdc90089c657a232605599c8abf8913d8f049b7408e778d18fa153939215d,61744,2026-08-01T19:10:08Z,"Office: ""School Board"" / Representative District #7 / Washington County School District",(Jo 4 Bro ok g,,"Local School Board / judicial - out of COUNTY-OFFICE scope [office_determinations.csv 2026-08-01: Office: ""School Board"" / Representative District #7 / Washington County School District]"
https://www.washco.utah.gov/forms/clerk-auditor/elections/2018/reports/June 19_David Stirling_FCR_06-20-2018.pdf,wayback_forms2018,raw/wayback_forms2018/June 19_David Stirling_FCR_06-20-2018.pdf,dc35694aff5d51432f0a5283839913c4f91cac4d30be5d37361fa37a654c3867,104399,2026-08-01T19:10:12Z,Representative District 5 / Washington County School District,Day { 4 g 1 Sti v IG n d,,Local School Board / judicial - out of COUNTY-OFFICE scope [office_determinations.csv 2026-08-01: Representative District 5 / Washington County School District]
https://www.washco.utah.gov/forms/clerk-auditor/elections/2018/reports/June 19_LaRene Cox_FCR_06-19-2018.pdf,wayback_forms2018,raw/wayback_forms2018/June 19_LaRene Cox_FCR_06-19-2018.pdf,e70313910a62f07dbec4b6076c76c3c361d05115b07fad29428bf3ca7b858f05,106830,2026-08-01T19:10:18Z,"Representative District ""Four"" / Washington County School District",Street Address | 234 £. sf 2 a MeS [ GAIE,,"Local School Board / judicial - out of COUNTY-OFFICE scope [office_determinations.csv 2026-08-01: Representative District ""Four"" / Washington County School District]"
https://www.washco.utah.gov/forms/clerk-auditor/elections/2018/reports/June 26_Kelly W_06-13-2018. Blake_FCR,wayback_forms2018,raw/wayback_forms2018/June 26_Kelly W_06-13-2018. Blake_FCR.pdf,166dcaf6ed31f919b06d93d19ee65827c48a342b466e034f84922f07ff6e873b,75963,2026-08-01T19:10:55Z,"Form header is the SCHOOL BOARD CANDIDATE FINANCIAL CAMPAIGN REPORT (Utah Code 20A-11-1301..1305); Office ""School Board""",Rally Wade Slee,,"Local School Board / judicial - out of COUNTY-OFFICE scope [office_determinations.csv 2026-08-01: Form header is the SCHOOL BOARD CANDIDATE FINANCIAL CAMPAIGN REPORT (Utah Code 20A-11-1301..1305); Office ""School Board"", District 5]"
https://www.washco.utah.gov/forms/clerk-auditor/elections/2018/reports/Oct 23_2018_Kelly Wade Blake_FCR_10-23-2018.pdf,wayback_forms2018,raw/wayback_forms2018/Oct 23_2018_Kelly Wade Blake_FCR_10-23-2018.pdf,ccf6e57c861efecec5dbc35a6dfe0b287fcd16fad486abb6871f5de68c5bc548,72977,2026-08-01T19:12:00Z,"Form header is the SCHOOL BOARD CANDIDATE FINANCIAL CAMPAIGN REPORT (20A-11-1301..1305); Office ""Washington County Schoo",Rell Wade (Al &,,"Local School Board / judicial - out of COUNTY-OFFICE scope [office_determinations.csv 2026-08-01: Form header is the SCHOOL BOARD CANDIDATE FINANCIAL CAMPAIGN REPORT (20A-11-1301..1305); Office ""Washington County School Board"", District 6]"
https://www.washco.utah.gov/forms/clerk-auditor/elections/2018/reports/Oct 23_2018_LaRene Cox_FCR_10-23-2018.pdf,wayback_forms2018,raw/wayback_forms2018/Oct 23_2018_LaRene Cox_FCR_10-23-2018.pdf,2f07f84134734b40671458e56dc789c26c71a634322828f1e0ec898cdae85a1f,101252,2026-08-01T19:12:15Z,"Office: ""School Board"" / Representative District ""Four""",- = Le [a,,"Local School Board / judicial - out of COUNTY-OFFICE scope [office_determinations.csv 2026-08-01: Office: ""School Board"" / Representative District ""Four""]"
https://www.washco.utah.gov/forms/clerk-auditor/elections/2018/reports/Oct 29_Laura Hesson_FCR_10-30-2018.pdf,wayback_forms2018,raw/wayback_forms2018/Oct 29_Laura Hesson_FCR_10-30-2018.pdf,11d055630a9a51a7172e47c58ffc1bc8c36496bf8377f70d81ffaeccd6a02591,66421,2026-08-01T19:12:30Z,Representative District #7 / Washington County School District,Lowuwee . ) Lan Ne SSOw,,Local School Board / judicial - out of COUNTY-OFFICE scope [office_determinations.csv 2026-08-01: Representative District #7 / Washington County School District]
https://www.washco.utah.gov/forms/clerk-auditor/elections/2020/reports/Local School Board 1_Becky Dunn_June 23 2020 FCR_06-16-2020.pdf,wayback_forms2020,raw/wayback_forms2020/Local School Board 1_Becky Dunn_June 23 2020 FCR_06-16-2020.pdf,1c04acf2bd77a4cabf625d8801fb1b8d77ca9a926ecd812b460fd1534ec85f47,550935,2026-08-01T18:43:04Z,Local School Board 1,{ Dee ; any \V\,,Local School Board / judicial - out of COUNTY-OFFICE scope
https://www.washco.utah.gov/forms/clerk-auditor/elections/2020/reports/Local School Board 1_Becky Dunn_October 20 2020_10-20-2020.pdf,wayback_forms2020,raw/wayback_forms2020/Local School Board 1_Becky Dunn_October 20 2020_10-20-2020.pdf,8192b631b11fdf657ccff5d17ebb828a01006dacc8d027a9edbb84e5d60fb9b7,311594,2026-08-01T19:15:09Z,Local School Board 1,t EL ve | UA raw al,,Local School Board / judicial - out of COUNTY-OFFICE scope
https://www.washco.utah.gov/forms/clerk-auditor/elections/2020/reports/Local School Board 1_Becky Dunn_Year End 2020_11-07-2020.pdf,wayback_forms2020,raw/wayback_forms2020/Local School Board 1_Becky Dunn_Year End 2020_11-07-2020.pdf,3c44df046f51e8396ee5ecd019fb2b128a2da24e7b5aa9ead48b4e5bf022d872,170877,2026-08-01T18:43:51Z,Local School Board 1,ks vi,,Local School Board / judicial - out of COUNTY-OFFICE scope
https://www.washco.utah.gov/forms/clerk-auditor/elections/2020/reports/Local School Board 1_Sadie Lee Pulsipher_WRITE In_October 29 2020_11-07-2020.pdf,wayback_forms2020,raw/wayback_forms2020/Local School Board 1_Sadie Lee Pulsipher_WRITE In_October 29 2020_11-07-2020.pdf,9a0809de45d99abe2364c84c354b86176aad3c68bdc1d6652f6cdc352a3c6b25,127988,2026-08-01T18:43:52Z,Local School Board 1,ad Va) \ee Puls \ pier,,Local School Board / judicial - out of COUNTY-OFFICE scope
https://www.washco.utah.gov/forms/clerk-auditor/elections/2020/reports/Local School Board 2_Craig Seegmiller_December 15 2020_12-15-2020.pdf,wayback_forms2020,raw/wayback_forms2020/Local School Board 2_Craig Seegmiller_December 15 2020_12-15-2020.pdf,745a66aa07b19be9ae8d08c6535e535abfc89d96a6e887e0d22dca01683a885f,169156,2026-08-01T18:44:07Z,Local School Board 2,€ a,,Local School Board / judicial - out of COUNTY-OFFICE scope
https://www.washco.utah.gov/forms/clerk-auditor/elections/2020/reports/Local School Board 2_Craig Seegmiller_June 23 2020 FCR_06-16-2020.pdf,wayback_forms2020,raw/wayback_forms2020/Local School Board 2_Craig Seegmiller_June 23 2020 FCR_06-16-2020.pdf,e08eace60263bff954eb2709df8e4d6ab7deafa4461452cec872aefe931e6d20,222481,2026-08-01T18:44:08Z,Local School Board 2,"Cag Seem f / be,",,Local School Board / judicial - out of COUNTY-OFFICE scope
https://www.washco.utah.gov/forms/clerk-auditor/elections/2020/reports/Local School Board 2_Craig Seegmiller_October 20 2020_10-21-2020.pdf,wayback_forms2020,raw/wayback_forms2020/Local School Board 2_Craig Seegmiller_October 20 2020_10-21-2020.pdf,355c90c44efa8a37c182c9081beb4670ea555c4c849879b80e9d6d21d5eebee0,206739,2026-08-01T18:44:22Z,Local School Board 2,rl,,Local School Board / judicial - out of COUNTY-OFFICE scope
https://www.washco.utah.gov/forms/clerk-auditor/elections/2020/reports/Local School Board 2_Larry Meyers_Write In_October 26 2020_10-27-2020.pdf,wayback_forms2020,raw/wayback_forms2020/Local School Board 2_Larry Meyers_Write In_October 26 2020_10-27-2020.pdf,019ced05b4906094929db7cbea73a4d67012a876fe38ba1ae582610d62579b41,6893430,2026-08-01T18:44:27Z,Local School Board 2,Low XY ind a ess —_ ae,,Local School Board / judicial - out of COUNTY-OFFICE scope
"https://www.washco.utah.gov/forms/clerk-auditor/elections/2020/reports/Local School Board 3_Daniel R, Nielson_December 2020_12-21-2020.pdf",wayback_forms2020,"raw/wayback_forms2020/Local School Board 3_Daniel R, Nielson_December 2020_12-21-2020.pdf",695cbb6891381975cc17c780b0d0bc582c33c637f6d89612737534c75e69bb42,185248,2026-08-01T19:15:23Z,Local School Board 3,Pau tC ‘ cfs,,Local School Board / judicial - out of COUNTY-OFFICE scope
"https://www.washco.utah.gov/forms/clerk-auditor/elections/2020/reports/Local School Board 3_Daniel R, Nielson_October 22 2020_10-23-2020.pdf",wayback_forms2020,"raw/wayback_forms2020/Local School Board 3_Daniel R, Nielson_October 22 2020_10-23-2020.pdf",c94784d2af90151a6273ebda38bed2be38da3c7175a4ff1a3ecc72086a983abb,75770,2026-08-01T19:15:25Z,Local School Board 3,D ane | [2 ‘ jd relSon,,Local School Board / judicial - out of COUNTY-OFFICE scope
https://www.washco.utah.gov/forms/clerk-auditor/elections/2020/reports/Local School Board 3_Daniel R_06-17-2020. Nielson_June 23 2020 FCR,wayback_forms2020,raw/wayback_forms2020/Local School Board 3_Daniel R_06-17-2020. Nielson_June 23 2020 FCR.pdf,d5714541d8166fc7b6ec53a9a398edd30dfc1b578c57d478e924ebbc73ff4e73,137520,2026-08-01T19:15:29Z,Local School Board 3,,,Local School Board / judicial - out of COUNTY-OFFICE scope
https://www.washco.utah.gov/forms/clerk-auditor/elections/2020/reports/Local School Board 3_Dave Shaw_Write In_October 22 2020_10-24-2020.pdf,wayback_forms2020,raw/wayback_forms2020/Local School Board 3_Dave Shaw_Write In_October 22 2020_10-24-2020.pdf,744fa7ac7fd26c114a5ef01ac2cd93bc49036e728b13d148ff96af538da8a8a1,72870,2026-08-01T19:16:02Z,Local School Board 3,DOV \P) \N : 7 Sta,,Local School Board / judicial - out of COUNTY-OFFICE scope
https://www.washco.utah.gov/forms/clerk-auditor/elections/2020/reports/Local School Board 3_Terry Lynn Hutchinson_June 23 2020 FCR_06-17-2020.pdf,wayback_forms2020,raw/wayback_forms2020/Local School Board 3_Terry Lynn Hutchinson_June 23 2020 FCR_06-17-2020.pdf,be156d9e81a9e41ec0a6ffc10c40391e5b69bd50fef070cad6e9d62bcd1cc648,116944,2026-08-01T19:16:14Z,Local School Board 3,em # bya | df oh 1915075,,Local School Board / judicial - out of COUNTY-OFFICE scope
https://www.washco.utah.gov/forms/clerk-auditor/elections/2020/reports/Local School Board 3_Terry Lynn Hutchinson_October 23 2020_10-28-2020.pdf,wayback_forms2020,raw/wayback_forms2020/Local School Board 3_Terry Lynn Hutchinson_October 23 2020_10-28-2020.pdf,c733f4214a05b51c48f694afe4dfe6cb7d8a0ae79c33248285b670a374c084f2,79009,2026-08-01T19:16:27Z,Local School Board 3,an ut 1,,Local School Board / judicial - out of COUNTY-OFFICE scope
https://www.washco.utah.gov/forms/clerk-auditor/elections/2024/reports/06-04-2024-Cynthia Shields-Local School 3-FINAL_06-07-2024.pdf,wayback_forms2024,raw/wayback_forms2024/06-04-2024-Cynthia Shields-Local School 3-FINAL_06-07-2024.pdf,684a69ae6a4222ff153c4933863f483393db65714adf73766aba2da3bee0d0c6,54716,2026-08-01T19:18:38Z,Local School 3-FINAL,Conrnt Z Sh tAds Corny Di),,Local School Board / judicial - out of COUNTY-OFFICE scope
https://www.washco.utah.gov/forms/clerk-auditor/elections/2024/reports/06-14-2024-Ron Wade_Local School Board 3_06-15-2024.pdf,wayback_forms2024,raw/wayback_forms2024/06-14-2024-Ron Wade_Local School Board 3_06-15-2024.pdf,54d69a152f96c4e9b68d778ff6502205376bd49da3b41e4f57591146e2a65d35,81814,2026-08-01T19:19:00Z,Local School Board 3,‘Rovaed M. Wade,,Local School Board / judicial - out of COUNTY-OFFICE scope
https://www.washco.utah.gov/forms/clerk-auditor/elections/2024/reports/06-18-2024-Craig Seegmiller-Local School 2_06-20-2024.pdf,wayback_forms2024,raw/wayback_forms2024/06-18-2024-Craig Seegmiller-Local School 2_06-20-2024.pdf,cc1e12e174af2e901804c676e47360ba5e93126fc5c50301d19daed75ccb4670,105709,2026-08-01T19:19:29Z,Local School 2,,,Local School Board / judicial - out of COUNTY-OFFICE scope
https://www.washco.utah.gov/forms/clerk-auditor/elections/2024/reports/06-18-2024-Larry Meyers-Local School 1_06-20-2024.pdf,wayback_forms2024,raw/wayback_forms2024/06-18-2024-Larry Meyers-Local School 1_06-20-2024.pdf,cf16b1cc58d9550b9d8a22198340a71a7ffd7587be266e8d5ff93859c758e0ac,161603,2026-08-01T19:19:34Z,Lec2h School Boant (,L a a Mey es S$,,Local School Board / judicial - out of COUNTY-OFFICE scope
https://www.washco.utah.gov/forms/clerk-auditor/elections/2024/reports/06-18-2024_Heidi Gunn-Local School 1_06-20-2024.pdf,wayback_forms2024,raw/wayback_forms2024/06-18-2024_Heidi Gunn-Local School 1_06-20-2024.pdf,45d800c1d67575ce72353b700aa350c46869c272da627116f496e5bad63fe062,101467,2026-08-01T19:19:38Z,Local School 1,We iC \i | y WV,,Local School Board / judicial - out of COUNTY-OFFICE scope
https://www.washco.utah.gov/forms/clerk-auditor/elections/2024/reports/5th District Court - Keith C_07-10-2024. Barnes,wayback_forms2024,raw/wayback_forms2024/5th District Court - Keith C_07-10-2024. Barnes.pdf,0c1914ad5fdd4014de17482dca0b8297ac1ca8378fddbb9415a78673900f0cdb,90025,2026-08-01T19:19:40Z,,,,DECLARATION OF CANDIDACY (verified in the document) - not a campaign-finance report; the county files these in the same reports/ folder
https://www.washco.utah.gov/forms/clerk-auditor/elections/2024/reports/5th District Juvenile Court - Michael Flemming Leavit_07-10-2024.pdf,wayback_forms2024,raw/wayback_forms2024/5th District Juvenile Court - Michael Flemming Leavit_07-10-2024.pdf,23e2fe427d48cdc5617cc3fdbcd627bb7ad9ab77704774f56bf33a1eb19c5559,179351,2026-08-01T19:19:44Z,,,,DECLARATION OF CANDIDACY (verified in the document) - not a campaign-finance report; the county files these in the same reports/ folder
https://www.washco.utah.gov/forms/clerk-auditor/elections/2024/reports/Assessor_Durrant_Tom_Rep_01-04-2024.pdf,wayback_forms2024,raw/wayback_forms2024/Assessor_Durrant_Tom_Rep_01-04-2024.pdf,75830596a20e0fcf2d1dffa3795617c245a4e3415929e077bfe58543537cf1e0,188042,2026-08-01T19:19:46Z,,,,DECLARATION OF CANDIDACY (verified in the document) - not a campaign-finance report; the county files these in the same reports/ folder
https://www.washco.utah.gov/forms/clerk-auditor/elections/2024/reports/CLERKAUDITOR-SULLIVAN-RYAN-REPUBLICAN_01-04-2024.pdf,wayback_forms2024,raw/wayback_forms2024/CLERKAUDITOR-SULLIVAN-RYAN-REPUBLICAN_01-04-2024.pdf,14a3525681d275d58c9fafe26c0fb909ceaf7a438def3dcb5c61f25c1efb1bea,335636,2026-08-01T19:19:49Z,,,,DECLARATION OF CANDIDACY (verified in the document) - not a campaign-finance report; the county files these in the same reports/ folder
https://www.washco.utah.gov/forms/clerk-auditor/elections/2024/reports/Commission_Goode_Chuck_Democrat_01-09-2024.pdf,wayback_forms2024,raw/wayback_forms2024/Commission_Goode_Chuck_Democrat_01-09-2024.pdf,94e9d9c11618007a21d140cdcb1c987f86209ce85fd61aebd58ef604b19a5c25,1773958,2026-08-01T19:20:02Z,,,,DECLARATION OF CANDIDACY (verified in the document) - not a campaign-finance report; the county files these in the same reports/ folder
https://www.washco.utah.gov/forms/clerk-auditor/elections/2024/reports/Commission_Snow_Adam_Republican_01-04-2024.pdf,wayback_forms2024,raw/wayback_forms2024/Commission_Snow_Adam_Republican_01-04-2024.pdf,029913eb967096e70b381a237adb39fe198a238c0f5c60af785dbc7740627b5f,1688561,2026-08-01T19:20:05Z,,,,DECLARATION OF CANDIDACY (verified in the document) - not a campaign-finance report; the county files these in the same reports/ folder
https://www.washco.utah.gov/forms/clerk-auditor/elections/2024/reports/Justice Court - Ronald L_07-10-2024. Read,wayback_forms2024,raw/wayback_forms2024/Justice Court - Ronald L_07-10-2024. Read.pdf,b8653ce59e09e1b1b22ff8969ef957bfd08c0731c508c653319feb46d9f1516d,85317,2026-08-01T19:20:18Z,,,,DECLARATION OF CANDIDACY (verified in the document) - not a campaign-finance report; the county files these in the same reports/ folder
https://www.washco.utah.gov/forms/clerk-auditor/elections/2024/reports/Local School Board 1_Gunn_Heidi_01-04-2024.pdf,wayback_forms2024,raw/wayback_forms2024/Local School Board 1_Gunn_Heidi_01-04-2024.pdf,13be22473e3b9a9cfe91941c86dddf608248b4369f81b00b642d2a910d5bb667,1499579,2026-08-01T19:20:21Z,,,,DECLARATION OF CANDIDACY (verified in the document) - not a campaign-finance report; the county files these in the same reports/ folder
https://www.washco.utah.gov/forms/clerk-auditor/elections/2024/reports/Local School Board 1_Meyers_Larry_01-09-2024.pdf,wayback_forms2024,raw/wayback_forms2024/Local School Board 1_Meyers_Larry_01-09-2024.pdf,9e70bda2e6e6b19cdc66934402b671190add435ad32597dac273271298e83be4,1494203,2026-08-01T19:20:34Z,,,,DECLARATION OF CANDIDACY (verified in the document) - not a campaign-finance report; the county files these in the same reports/ folder
https://www.washco.utah.gov/forms/clerk-auditor/elections/2024/reports/Local School Board 2_Seegmiller_Craig_01-04-2024.pdf,wayback_forms2024,raw/wayback_forms2024/Local School Board 2_Seegmiller_Craig_01-04-2024.pdf,13808d7cc765d087774a6fcbe82edc030fa7a733853e9462b6ae4b00825fc003,980471,2026-08-01T19:20:38Z,,,,DECLARATION OF CANDIDACY (verified in the document) - not a campaign-finance report; the county files these in the same reports/ folder
https://www.washco.utah.gov/forms/clerk-auditor/elections/2024/reports/Local School Board 3_Shields_Cindi_WITHDRAWAL_06-04-2024.pdf,wayback_forms2024,raw/wayback_forms2024/Local School Board 3_Shields_Cindi_WITHDRAWAL_06-04-2024.pdf,68e56bc5b3a21a10edb2f30e5bee7a4cce60dbbac88ed865b14e1a2e017bff70,32062,2026-08-01T19:20:43Z,,,,DECLARATION OF CANDIDACY (verified in the document) - not a campaign-finance report; the county files these in the same reports/ folder
https://www.washco.utah.gov/forms/clerk-auditor/elections/2024/reports/Local School Board 3_Wade_Ron_01-05-2024.pdf,wayback_forms2024,raw/wayback_forms2024/Local School Board 3_Wade_Ron_01-05-2024.pdf,f0f03deee8b982e46d20bbc9f2d6ccadd3ec2c304c06b30bac65654513c2e35c,1486990,2026-08-01T19:20:46Z,,,,DECLARATION OF CANDIDACY (verified in the document) - not a campaign-finance report; the county files these in the same reports/ folder
https://www.washco.utah.gov/forms/clerk-auditor/elections/2024/reports/Recorder_Chistensen_Gary_Republican_01-04-2024.pdf,wayback_forms2024,raw/wayback_forms2024/Recorder_Chistensen_Gary_Republican_01-04-2024.pdf,edc0b9f2b95ba93f9341337756e1f2d44bfc2e63ae468c6b16d4b396b336896f,1754539,2026-08-01T19:20:49Z,,,,DECLARATION OF CANDIDACY (verified in the document) - not a campaign-finance report; the county files these in the same reports/ folder
https://www.washco.utah.gov/forms/clerk-auditor/elections/2024/reports/Treasurer_Whitehead_David_REPUB_01-09-2024.pdf,wayback_forms2024,raw/wayback_forms2024/Treasurer_Whitehead_David_REPUB_01-09-2024.pdf,de80a0f64f00a7bcba580a3ca897ef47cc8b7eeec53c91b1ece2cdd6eeff9ecf,182530,2026-08-01T19:20:51Z,,,,DECLARATION OF CANDIDACY (verified in the document) - not a campaign-finance report; the county files these in the same reports/ folder
http://municipal.utah.gov/washington\2010 Elections\calvin durfey 5-15-10.pdf,state_disclosures,raw/state_disclosures/washington_2010 Elections_calvin durfey 5-15-10.pdf,58e78224ec46898d1ebdf867ab83f2997b419417a8dbed432f97f4c7cf8a3539,104962,2026-08-01T19:06:46Z,"Form header is the SCHOOL BOARD CANDIDATE FINANCIAL CAMPAIGN REPORT (20A-11-1301..1305); Representative District 4, Wash",Colvin ur heg 0. wee ee,,"Local School Board / judicial - out of COUNTY-OFFICE scope [office_determinations.csv 2026-08-01: Form header is the SCHOOL BOARD CANDIDATE FINANCIAL CAMPAIGN REPORT (20A-11-1301..1305); Representative District 4, Washington Co. School District]"
http://municipal.utah.gov/washington\2010 Elections\Cyril_noble-4-13-10.pdf,state_disclosures,raw/state_disclosures/washington_2010 Elections_Cyril_noble-4-13-10.pdf,7f79f671a937a67a1e63ba7925287160b2e418f2fb6bd2b8ebf79a4bf78dc4bb,108673,2026-08-01T19:06:49Z,"Name of Office: ""UTAH STATE HOUSE OF REPRESENTATIVES"", Office District 74, Political Party DEMOCRAT - a STATE LEGISLATIV",,,"STATE / other non-county office on the county-clerk form - out of COUNTY-OFFICE scope [office_determinations.csv 2026-08-01: Name of Office: ""UTAH STATE HOUSE OF REPRESENTATIVES"", Office District 74, Political Party DEMOCRAT - a STATE LEGISLATIVE office on the county-clerk 17-16-6.5 form; not a county office]"
http://municipal.utah.gov/washington\2010 Elections\Robert Allen 5-15-10.pdf,state_disclosures,raw/state_disclosures/washington_2010 Elections_Robert Allen 5-15-10.pdf,2ce2d298d668360b1f08dc5ec67aee9ac2090444ddbcb68183b9839f9d146fa0,69282,2026-08-01T19:07:05Z,"Office: ""Board of Education"" / Representative District #7 / Washington School District","er zt E, / é",,"Local School Board / judicial - out of COUNTY-OFFICE scope [office_determinations.csv 2026-08-01: Office: ""Board of Education"" / Representative District #7 / Washington School District]"
http://municipal.utah.gov/washington\2010 Elections\travis christiansen 5-15-10.pdf,state_disclosures,raw/state_disclosures/washington_2010 Elections_travis christiansen 5-15-10.pdf,cf7084ced645a97892a98d9bf531d89df004544ac682e2a5e743a78e46479ba6,231009,2026-08-01T19:07:12Z,"Office: ""Washington Co. School Board"" / Representative District 4",ty S I VL U,,"Local School Board / judicial - out of COUNTY-OFFICE scope [office_determinations.csv 2026-08-01: Office: ""Washington Co. School Board"" / Representative District 4]"
http://municipal.utah.gov/washington\2010 Elections\wes swaney 5-15-10.pdf,state_disclosures,raw/state_disclosures/washington_2010 Elections_wes swaney 5-15-10.pdf,7a5b3ffededfeb8546164b707e41d50b34d95d25dec10a8b50b0151d3281ef31,97388,2026-08-01T19:07:14Z,"Form header is the SCHOOL BOARD CANDIDATE FINANCIAL CAMPAIGN REPORT (20A-11-1301..1305); Office ""School Board"", District",Lyle ee jecley _ SNe Nr. ee,,"Local School Board / judicial - out of COUNTY-OFFICE scope [office_determinations.csv 2026-08-01: Form header is the SCHOOL BOARD CANDIDATE FINANCIAL CAMPAIGN REPORT (20A-11-1301..1305); Office ""School Board"", District 6]"
http://municipal.utah.gov/washington\2008\Local School Board\AlanDeanGardnerCommissionerSept.pdf,state_disclosures,raw/state_disclosures/washington_2008_Local School Board_AlanDeanGardnerCommissionerSept.pdf,8fb1a90e388d348e31ca57f65c05bf86924de187e2f2e804af823db2b73e0149,133523,2026-08-01T19:07:16Z,Local School Board,A lam Dean Garey,,Local School Board / judicial - out of COUNTY-OFFICE scope
http://municipal.utah.gov/washington\2008\Local School Board\AlanGardnerOCt.pdf,state_disclosures,raw/state_disclosures/washington_2008_Local School Board_AlanGardnerOCt.pdf,9cfd64f6f19c9b72c6a57f358ab6f2b48d744f0eee1236661ad677ec17ead61d,805525,2026-08-01T19:07:18Z,Local School Board,Alon Gardner,,Local School Board / judicial - out of COUNTY-OFFICE scope
http://municipal.utah.gov/washington\2008\Local School Board\LindenHanerAlderCommissionerOct.pdf,state_disclosures,raw/state_disclosures/washington_2008_Local School Board_LindenHanerAlderCommissionerOct.pdf,a868faac53ca3da0a0298f3f020a62ea6ee2a707d728eba5561c99be06ed91c6,537336,2026-08-01T19:07:20Z,Local School Board,L'nden Hamer Alder ;,,Local School Board / judicial - out of COUNTY-OFFICE scope
http://municipal.utah.gov/washington\2008\Local School Board\LindenHanerAlderCommissionerSept.pdf,state_disclosures,raw/state_disclosures/washington_2008_Local School Board_LindenHanerAlderCommissionerSept.pdf,a87b39a139bb5ff9a529bea93d4606f3deb0aa2c3d1cad106ae49056eb556f08,208875,2026-08-01T19:07:22Z,Local School Board,,,Local School Board / judicial - out of COUNTY-OFFICE scope
