{
"type": "FeatureCollection",
"crs": { "type": "name", "properties": { "name": "urn:ogc:def:crs:OGC:1.3:CRS84" } },
"features": [
{ "type": "Feature", "properties": { "PrecinctID": "SJD001", "VistaID": "SJD001", "CountyID": 18, "SubPrecinctID": null, "AliasName": null, "VersionNbr": null }, "geometry": { "type": "Polygon", "coordinates": [ [ [ -111.922529378411994, 40.581598215056999 ], [ -111.922521829868003, 40.580584541495597 ], [ -111.922521317828995, 40.580515896925 ], [ -111.922632558006995, 40.580513092138602 ], [ -111.922690558631999, 40.580513091456403 ], [ -111.922773096737998, 40.580512372350299 ], [ -111.922919558960004, 40.580511091741101 ], [ -111.922967559539003, 40.580510092906799 ], [ -111.924739560098999, 40.5804980912025 ], [ -111.925554558437, 40.580492092737501 ], [ -111.925840931468002, 40.580490054132603 ], [ -111.926678559267003, 40.580484091826797 ], [ -111.927188560700998, 40.580426091165499 ], [ -111.929164895648995, 40.580460080219602 ], [ -111.929165559504, 40.580460091135798 ], [ -111.929181294394994, 40.580460234411298 ], [ -111.929181335717004, 40.580597489483097 ], [ -111.929181585449001, 40.5814234169003 ], [ -111.926805678066003, 40.582062054573797 ], [ -111.926805687948004, 40.5820979019215 ], [ -111.926805692439004, 40.582104139029198 ], [ -111.926805689744, 40.582107346275002 ], [ -111.924429554189999, 40.582105841919102 ], [ -111.924424246943005, 40.581595046675197 ], [ -111.922529378411994, 40.581598215056999 ] ] ] } },
{ "type": "Feature", "properties": { "PrecinctID": "SJD002", "VistaID": "SJD002", "CountyID": 18, "SubPrecinctID": null, "AliasName": null, "VersionNbr": null }, "geometry": { "type": "Polygon", "coordinates": [ [ [ -112.005380629654994, 40.575113381808499 ], [ -112.005515815326007, 40.574895233190198 ], [ -112.005638946502998, 40.574645024891304 ], [ -112.005682232723998, 40.574414154825597 ], [ -112.005688081654, 40.574183501626102 ], [ -112.005648990566996, 40.573970172688298 ], [ -112.005569870550005, 40.573757013653598 ], [ -112.005412640222005, 40.573446966410003 ], [ -112.005273311520995, 40.573201677131401 ], [ -112.005216684421001, 40.572982710977101 ], [ -112.005191953801003, 40.572397559725097 ], [ -112.005189408874003, 40.572337288707402 ], [ -112.005146937426005, 40.571332274503 ], [ -112.005139326, 40.570090834407402 ], [ -112.005135310531003, 40.568421008911898 ], [ -112.005134199314995, 40.567619549307501 ], [ -112.005132729671004, 40.567421208091297 ], [ -112.005131487301, 40.566786750954499 ], [ -112.005125058957006, 40.566096173866498 ], [ -112.005124454390995, 40.566031365278697 ], [ -112.005124353778996, 40.566020344332301 ], [ -112.005124095962998, 40.565992897049597 ], [ -112.005255989307997, 40.5659926063421 ], [ -112.005255989307997, 40.565992645922002 ], [ -112.013696682787, 40.565976602416697 ], [ -112.013696686380001, 40.565975957537297 ], [ -112.013696706142994, 40.565971474772397 ], [ -112.014839392829003, 40.565974384577501 ], [ -112.014839872528995, 40.565974385259999 ], [ -112.014839576084995, 40.565977082834799 ], [ -112.014839458406001, 40.565990806822001 ], [ -112.014820575818007, 40.5681980835856 ], [ -112.014796577325995, 40.569535083963103 ], [ -112.014766578087006, 40.573320084569403 ], [ -112.014764424825003, 40.573320062052296 ], [ -112.014669576206003, 40.573319085627801 ], [ -112.014581925786999, 40.573319084945503 ], [ -112.014568575922993, 40.573319085627801 ], [ -112.013681576717005, 40.573318084639098 ], [ -112.013667577370995, 40.576727085388903 ], [ -112.013624576815005, 40.576747084352299 ], [ -112.013496578564997, 40.576809084443802 ], [ -112.013454576935999, 40.576830085000999 ], [ -112.013413577826, 40.576848085473401 ], [ -112.013292576553994, 40.576904084637597 ], [ -112.013252576371002, 40.576924084230299 ], [ -112.011703576293002, 40.577693084913399 ], [ -112.010355388308, 40.578363440828198 ], [ -112.010003140918002, 40.578538581300002 ], [ -112.009882522327999, 40.578598555396603 ], [ -112.007059576429995, 40.580002086191897 ], [ -112.00613459825, 40.580461854789199 ], [ -112.005870577099003, 40.580593086157897 ], [ -112.005583576145995, 40.580602085206202 ], [ -112.005160987077005, 40.580616701322803 ], [ -112.004918572205995, 40.580625086331402 ], [ -112.004916471046002, 40.580625098612202 ], [ -112.005037617845005, 40.580440278176198 ], [ -112.005151267304996, 40.580266892696301 ], [ -112.005152401876998, 40.579827864476798 ], [ -112.005152538421001, 40.5797760807855 ], [ -112.005154268577002, 40.579106992370903 ], [ -112.005166778515004, 40.578540717530899 ], [ -112.005192481112005, 40.5775396487373 ], [ -112.005172412749005, 40.576764351372198 ], [ -112.005149051160998, 40.575933786081698 ], [ -112.005148557088006, 40.575682189747901 ], [ -112.005197715595003, 40.575485608238203 ], [ -112.005313261398996, 40.575222092175601 ], [ -112.005380629654994, 40.575113381808499 ] ] ] } },
{ "type": "Feature", "properties": { "PrecinctID": "SJD003", "VistaID": "SJD003", "CountyID": 18, "SubPrecinctID": null, "AliasName": null, "VersionNbr": null }, "geometry": { "type": "Polygon", "coordinates": [ [ [ -111.992394662061002, 40.580628091698401 ], [ -111.992394768062994, 40.580611213883202 ], [ -111.992430057479993, 40.580514357737997 ], [ -111.992436496604, 40.580496685056502 ], [ -111.992556652562001, 40.580394728814603 ], [ -111.992660069311995, 40.580357842146299 ], [ -111.992781414638998, 40.580330652500301 ], [ -111.992876791468007, 40.5803073033182 ], [ -111.993031904465994, 40.580250107578102 ], [ -111.993170461513998, 40.580193967938598 ], [ -111.993292142811001, 40.580113688254002 ], [ -111.993399859796, 40.580044285199897 ], [ -111.993567498005007, 40.579957224259701 ], [ -111.993741308536997, 40.579887267039801 ], [ -111.993966040969994, 40.579819563287501 ], [ -111.994307727765005, 40.5797553765766 ], [ -111.994537147607005, 40.5796885316716 ], [ -111.994727369461998, 40.579608511326498 ], [ -111.994904395065006, 40.579515151748303 ], [ -111.995068625963995, 40.579435350205998 ], [ -111.995480266366002, 40.579307455625397 ], [ -111.995755504778998, 40.579234926224601 ], [ -111.996051364918003, 40.579097143685097 ], [ -111.996271505162994, 40.578963138644198 ], [ -111.996625374909996, 40.578684077511198 ], [ -111.996729633382003, 40.578615287028803 ], [ -111.996846198773, 40.5785553375093 ], [ -111.996980639740002, 40.5785277589111 ], [ -111.997208584549, 40.578497092282497 ], [ -111.997291453234993, 40.578506294933497 ], [ -111.997426499667, 40.578532127575798 ], [ -111.997530828207005, 40.578551942465097 ], [ -111.997642996344993, 40.578550971575297 ], [ -111.997745822004006, 40.578551907668697 ], [ -111.998229112033997, 40.578554962935499 ], [ -111.999273671249995, 40.5785612269826 ], [ -112.000322996028004, 40.578569273154002 ], [ -112.000321132921997, 40.578285512153201 ], [ -112.000335441288001, 40.578214192704301 ], [ -112.000359226879993, 40.578149146817204 ], [ -112.000389535139007, 40.578119152751199 ], [ -112.000443030713001, 40.578060130700003 ], [ -112.000566935340004, 40.577970774001798 ], [ -112.000690727678005, 40.577875987515 ], [ -112.000737218189002, 40.577814302266198 ], [ -112.000775218721998, 40.577743705544599 ], [ -112.000782316311003, 40.577680651494703 ], [ -112.000774385084995, 40.577541957620603 ], [ -112.000308426252005, 40.577515344733499 ], [ -112.000148680641999, 40.577498732910101 ], [ -111.999941175201002, 40.577449165557098 ], [ -111.999747700547005, 40.5773886691561 ], [ -111.999541141931005, 40.577321089782302 ], [ -111.999248039619999, 40.577233568158903 ], [ -111.999023536256999, 40.577160762225901 ], [ -111.998752951116998, 40.577073011822698 ], [ -111.998621511421007, 40.577030691537999 ], [ -111.998811916532006, 40.577009510234397 ], [ -111.999048979240996, 40.576967539929498 ], [ -111.999253324408002, 40.576875112782602 ], [ -111.999333023839, 40.5768432390879 ], [ -111.999412541808994, 40.576825651406601 ], [ -111.999551517472, 40.576796907406298 ], [ -111.999702604221, 40.576792527029198 ], [ -111.999739242909001, 40.576781138729601 ], [ -111.999744786411995, 40.576780672717398 ], [ -111.999667925658002, 40.576749048018002 ], [ -111.999639441876994, 40.576737328794401 ], [ -112.001319439680003, 40.5759933149182 ], [ -112.002083786510994, 40.575535518203303 ], [ -112.003322096163998, 40.575244135812198 ], [ -112.005095344484005, 40.575122247859497 ], [ -112.005150574704004, 40.575118451437604 ], [ -112.005380629654994, 40.575113381808499 ], [ -112.005313261398996, 40.575222092175601 ], [ -112.005197715595003, 40.575485608238203 ], [ -112.005148557088006, 40.575682189747901 ], [ -112.005149051160998, 40.575933786081698 ], [ -112.005172412749005, 40.576764351372198 ], [ -112.005192481112005, 40.5775396487373 ], [ -112.005166778515004, 40.578540717530899 ], [ -112.005154268577002, 40.579106992370903 ], [ -112.005152538421001, 40.5797760807855 ], [ -112.005152401876998, 40.579827864476798 ], [ -112.005151267304996, 40.580266892696301 ], [ -112.005037617845005, 40.580440278176198 ], [ -112.004916471046002, 40.580625098612202 ], [ -112.004448178390007, 40.580627950470102 ], [ -112.004097574918006, 40.580630085269902 ], [ -112.003993575161005, 40.5806300866344 ], [ -111.997303574203002, 40.580636086451499 ], [ -111.992430663842995, 40.580628152419798 ], [ -111.992394662061002, 40.580628091698401 ] ] ] } },
{ "type": "Feature", "properties": { "PrecinctID": "SJD004", "VistaID": "SJD004", "CountyID": 18, "SubPrecinctID": null, "AliasName": null, "VersionNbr": null }, "geometry": { "type": "Polygon", "coordinates": [ [ [ -111.990793674681001, 40.580602282380198 ], [ -111.990781573475005, 40.5806020865707 ], [ -111.987021410748994, 40.580595149321198 ], [ -111.986452572358004, 40.580594087037703 ], [ -111.986400446716004, 40.580593878265297 ], [ -111.986400355986007, 40.580588388094803 ], [ -111.986399013004004, 40.580506481001997 ], [ -111.986394024660001, 40.580202825811298 ], [ -111.986382167795995, 40.579368424472698 ], [ -111.986363841265998, 40.577717274227503 ], [ -111.986396923523003, 40.577379074031299 ], [ -111.986391251559994, 40.576563420624502 ], [ -111.986384507907005, 40.573467463094097 ], [ -111.986489441911999, 40.573468182275903 ], [ -111.986524296544999, 40.573468421093402 ], [ -111.986554705415998, 40.573468631252702 ], [ -111.986644694150002, 40.573469247401803 ], [ -111.987097798988998, 40.573472353393598 ], [ -111.988169271730996, 40.573467679394497 ], [ -111.989184262001004, 40.573477943769099 ], [ -111.989763186675006, 40.573479261358997 ], [ -111.990247578937996, 40.573480531185403 ], [ -111.990625233377997, 40.573486253933297 ], [ -111.991052128971006, 40.573480843695101 ], [ -111.991315398230995, 40.573468652405197 ], [ -111.991601963502006, 40.573431986406497 ], [ -111.991834285801005, 40.5734010943182 ], [ -111.992292448154998, 40.5733891254553 ], [ -111.992513669074, 40.573406148383199 ], [ -111.992673420971997, 40.573425460544499 ], [ -111.993233746029006, 40.573493211025401 ], [ -111.993615503075006, 40.573538104585701 ], [ -111.993963223853996, 40.5735657370982 ], [ -111.994395639594003, 40.5735674279235 ], [ -111.9948055184, 40.5735584538577 ], [ -111.995308347684997, 40.573530693063198 ], [ -111.995521800871998, 40.573519896475297 ], [ -111.995694389695998, 40.573511165996798 ], [ -111.995853952947996, 40.573514279492301 ], [ -111.995884733720999, 40.573519418158398 ], [ -111.996018597071995, 40.573542624372301 ], [ -111.996164849986002, 40.573606237059799 ], [ -111.996278211087002, 40.573680913042999 ], [ -111.996353525839993, 40.573741531522501 ], [ -111.996435965131994, 40.5738408784322 ], [ -111.996463289188, 40.573895497027898 ], [ -111.996502206900999, 40.574049210399401 ], [ -111.996484091474997, 40.574181812863401 ], [ -111.996400616426001, 40.574365416261003 ], [ -111.996289680776997, 40.574534862281801 ], [ -111.996061538339006, 40.574844027018699 ], [ -111.995935411280001, 40.575023527857397 ], [ -111.995860289663995, 40.575138581887003 ], [ -111.995809981313002, 40.575249799729903 ], [ -111.995786970069005, 40.575372538980901 ], [ -111.995778286055, 40.575505045345103 ], [ -111.995789512301002, 40.575622974498899 ], [ -111.995814042595995, 40.575719271406498 ], [ -111.995932292329002, 40.575921457411901 ], [ -111.996081234800002, 40.576086839753799 ], [ -111.996206363831007, 40.576175299686298 ], [ -111.996339215678006, 40.576266636790997 ], [ -111.996496192680993, 40.5763483757692 ], [ -111.997584645377998, 40.576691214011802 ], [ -111.998074887469002, 40.576852723756701 ], [ -111.998124457404998, 40.576869053267899 ], [ -111.998145343234995, 40.5768759335906 ], [ -111.998338631039999, 40.576939611339 ], [ -111.998619744435004, 40.577030122500403 ], [ -111.998620709226003, 40.577030432264301 ], [ -111.998621511421007, 40.577030691537999 ], [ -111.998752951116998, 40.577073011822698 ], [ -111.999023536256999, 40.577160762225901 ], [ -111.999248039619999, 40.577233568158903 ], [ -111.999541141931005, 40.577321089782302 ], [ -111.999747700547005, 40.5773886691561 ], [ -111.999941175201002, 40.577449165557098 ], [ -112.000148680641999, 40.577498732910101 ], [ -112.000308426252005, 40.577515344733499 ], [ -112.000774385084995, 40.577541957620603 ], [ -112.000782316311003, 40.577680651494703 ], [ -112.000775218721998, 40.577743705544599 ], [ -112.000737218189002, 40.577814302266198 ], [ -112.000690727678005, 40.577875987515 ], [ -112.000566935340004, 40.577970774001798 ], [ -112.000443030713001, 40.578060130700003 ], [ -112.000389535139007, 40.578119152751199 ], [ -112.000359226879993, 40.578149146817204 ], [ -112.000335441288001, 40.578214192704301 ], [ -112.000321132921997, 40.578285512153201 ], [ -112.000322996028004, 40.578569273154002 ], [ -111.999273671249995, 40.5785612269826 ], [ -111.998229112033997, 40.578554962935499 ], [ -111.997745822004006, 40.578551907668697 ], [ -111.997642996344993, 40.578550971575297 ], [ -111.997530828207005, 40.578551942465097 ], [ -111.997426499667, 40.578532127575798 ], [ -111.997291453234993, 40.578506294933497 ], [ -111.997208584549, 40.578497092282497 ], [ -111.996980639740002, 40.5785277589111 ], [ -111.996846198773, 40.5785553375093 ], [ -111.996729633382003, 40.578615287028803 ], [ -111.996625374909996, 40.578684077511198 ], [ -111.996271505162994, 40.578963138644198 ], [ -111.996051364918003, 40.579097143685097 ], [ -111.995755504778998, 40.579234926224601 ], [ -111.995480266366002, 40.579307455625397 ], [ -111.995068625963995, 40.579435350205998 ], [ -111.994904395065006, 40.579515151748303 ], [ -111.994727369461998, 40.579608511326498 ], [ -111.994537147607005, 40.5796885316716 ], [ -111.994307727765005, 40.5797553765766 ], [ -111.993966040969994, 40.579819563287501 ], [ -111.993741308536997, 40.579887267039801 ], [ -111.993567498005007, 40.579957224259701 ], [ -111.993399859796, 40.580044285199897 ], [ -111.993292142811001, 40.580113688254002 ], [ -111.993170461513998, 40.580193967938598 ], [ -111.993031904465994, 40.580250107578102 ], [ -111.992876791468007, 40.5803073033182 ], [ -111.992781414638998, 40.580330652500301 ], [ -111.992660069311995, 40.580357842146299 ], [ -111.992556652562001, 40.580394728814603 ], [ -111.992436496604, 40.580496685056502 ], [ -111.992430057479993, 40.580514357737997 ], [ -111.992394768062994, 40.580611213883202 ], [ -111.992394662061002, 40.580628091698401 ], [ -111.992394662959995, 40.580628154466602 ], [ -111.992358663873006, 40.580627571814297 ], [ -111.990793674681001, 40.580602282380198 ] ] ] } },
{ "type": "Feature", "properties": { "PrecinctID": "SJD005", "VistaID": "SJD005", "CountyID": 18, "SubPrecinctID": null, "AliasName": null, "VersionNbr": null }, "geometry": { "type": "Polygon", "coordinates": [ [ [ -111.977110553341006, 40.580536272729802 ], [ -111.977110569510003, 40.580535088320197 ], [ -111.977046205220006, 40.580534331689897 ], [ -111.977046164795993, 40.580534330325399 ], [ -111.977045942912, 40.580534327596297 ], [ -111.977025570918002, 40.580534088121802 ], [ -111.975951720335999, 40.580528694145599 ], [ -111.972064569066006, 40.580509087932199 ], [ -111.971994918191001, 40.580508737930799 ], [ -111.971995288296995, 40.580440117843999 ], [ -111.972033491849004, 40.5733252232504 ], [ -111.972033932922002, 40.573242880803797 ], [ -111.972078510021007, 40.573242965413698 ], [ -111.972092692622994, 40.573242853510301 ], [ -111.972752695642001, 40.573246508794597 ], [ -111.972868899909997, 40.5732471385925 ], [ -111.973620318187997, 40.573248005161602 ], [ -111.974909508417994, 40.573254979336902 ], [ -111.977108469249004, 40.573247318729699 ], [ -111.977110061063996, 40.573247391739898 ], [ -111.977300181409007, 40.573256090182902 ], [ -111.977383417506999, 40.573256585560202 ], [ -111.977440780327001, 40.573256927411499 ], [ -111.979955469337, 40.573271880160597 ], [ -111.980520180867003, 40.573269843382597 ], [ -111.981588284028007, 40.573277869720201 ], [ -111.982692882145997, 40.573274757578403 ], [ -111.982951778406999, 40.573285165273397 ], [ -111.983986701394997, 40.573284469289199 ], [ -111.984860938235997, 40.573284260493899 ], [ -111.984993403808005, 40.573293925122002 ], [ -111.985134429425997, 40.573322437267898 ], [ -111.985237731192001, 40.5733612076531 ], [ -111.985360095209003, 40.5734079149519 ], [ -111.985464568378006, 40.573439432056801 ], [ -111.985629208009996, 40.573467793344598 ], [ -111.985784038936998, 40.573473683265703 ], [ -111.986052244440003, 40.573476799492298 ], [ -111.986146000708004, 40.5734741649946 ], [ -111.986235931050999, 40.573471638988202 ], [ -111.986264854108001, 40.573470826326499 ], [ -111.986384507907005, 40.573467463094097 ], [ -111.986391251559994, 40.576563420624502 ], [ -111.986396923523003, 40.577379074031299 ], [ -111.986363841265998, 40.577717274227503 ], [ -111.986382167795995, 40.579368424472698 ], [ -111.986394024660001, 40.580202825811298 ], [ -111.986399013004004, 40.580506481001997 ], [ -111.986400355986007, 40.580588388094803 ], [ -111.986400446716004, 40.580593878265297 ], [ -111.985704573069, 40.580591087127303 ], [ -111.982066571339999, 40.580573087662003 ], [ -111.979952571371001, 40.580573087662003 ], [ -111.979277570080001, 40.580563087729601 ], [ -111.977470540615002, 40.580539138236702 ], [ -111.977110553341006, 40.580536272729802 ] ] ] } },
{ "type": "Feature", "properties": { "PrecinctID": "SJD006", "VistaID": "SJD006", "CountyID": 18, "SubPrecinctID": null, "AliasName": null, "VersionNbr": null }, "geometry": { "type": "Polygon", "coordinates": [ [ [ -111.966993849679994, 40.551423311068604 ], [ -111.967116738312995, 40.551423228478797 ], [ -111.967223656696007, 40.551422128873902 ], [ -111.967286237831004, 40.551422057205102 ], [ -111.967883393814006, 40.551423519249497 ], [ -111.967982549854995, 40.551423770431803 ], [ -111.968161340647995, 40.551424210683201 ], [ -111.968212595823005, 40.551424335591697 ], [ -111.968598795038005, 40.551425284350699 ], [ -111.968599054650994, 40.551424151982999 ], [ -111.968799967356006, 40.551424057107099 ], [ -111.968799594554994, 40.551425773063897 ], [ -111.969123426435999, 40.551426564151399 ], [ -111.969352521087004, 40.5514271238509 ], [ -111.969493498196996, 40.551427477417199 ], [ -111.969805533400006, 40.5514282398372 ], [ -111.969834289370993, 40.5514283101408 ], [ -111.969942433056005, 40.5514285756568 ], [ -111.970029778946, 40.551428788615702 ], [ -111.970278370632997, 40.551429395411802 ], [ -111.970826691503007, 40.551430733912703 ], [ -111.971255535541999, 40.551431779595099 ], [ -111.971865214039994, 40.551433262116099 ], [ -111.972037481266995, 40.551433681208202 ], [ -111.972404036124004, 40.551434570584199 ], [ -111.972440386452007, 40.551434659317003 ], [ -111.972512345099005, 40.5514348340525 ], [ -111.972710263718994, 40.551435314574903 ], [ -111.973332955212996, 40.551436824398301 ], [ -111.973429273476, 40.551437057151297 ], [ -111.973590739360006, 40.551437446893203 ], [ -111.974277407071995, 40.551439103466997 ], [ -111.974304438277002, 40.551439169675398 ], [ -111.974404523176005, 40.551441127940699 ], [ -111.974408936599005, 40.551831016813097 ], [ -111.974395018102001, 40.552623974579802 ], [ -111.974341967195002, 40.552624032596398 ], [ -111.974320250423006, 40.552624056485598 ], [ -111.974264675249003, 40.552624116549801 ], [ -111.972508555106998, 40.5526174814987 ], [ -111.971476983733993, 40.552609886783998 ], [ -111.968106105936002, 40.552589736589503 ], [ -111.968084172670004, 40.552589605540199 ], [ -111.968082747042999, 40.552696607221797 ], [ -111.968096336757, 40.552747059744 ], [ -111.968130179886998, 40.552833391635403 ], [ -111.968167883975994, 40.552905103979199 ], [ -111.968192743952997, 40.552993225980899 ], [ -111.968209423871997, 40.553084951013702 ], [ -111.968211198044003, 40.553291252873997 ], [ -111.968205377860002, 40.553544412450698 ], [ -111.968206812469006, 40.553721895507699 ], [ -111.968208849847997, 40.553945267648302 ], [ -111.968206257310001, 40.554175963981301 ], [ -111.968193301807005, 40.554427394777797 ], [ -111.968178321501995, 40.554531047766801 ], [ -111.968144142401997, 40.554868318491302 ], [ -111.968141783426006, 40.555111582350399 ], [ -111.968155303968999, 40.555477207459802 ], [ -111.968124649857998, 40.555477596495699 ], [ -111.968106285599006, 40.555477828552199 ], [ -111.967515778945, 40.555485305548302 ], [ -111.9673562121, 40.555485940973497 ], [ -111.967358806434007, 40.555087202631 ], [ -111.967341274912997, 40.554986643019703 ], [ -111.967321981796005, 40.553451755015502 ], [ -111.967321096955004, 40.553333176599601 ], [ -111.967325970315997, 40.553246252906199 ], [ -111.967315027039007, 40.552352328046098 ], [ -111.967316413139002, 40.552313124355997 ], [ -111.967317682458997, 40.552277929269401 ], [ -111.967290864153995, 40.552040159914398 ], [ -111.967202597490996, 40.551815482513497 ], [ -111.966993849679994, 40.551423311068604 ] ] ] } },
{ "type": "Feature", "properties": { "PrecinctID": "SJD007", "VistaID": "SJD007", "CountyID": 18, "SubPrecinctID": null, "AliasName": null, "VersionNbr": null }, "geometry": { "type": "Polygon", "coordinates": [ [ [ -111.967313374138996, 40.5804970916858 ], [ -111.964472559849995, 40.580501705154603 ], [ -111.957918205398997, 40.580512085117199 ], [ -111.957913557515994, 40.580374855114002 ], [ -111.957764632112998, 40.575977658633199 ], [ -111.961226202025998, 40.575983944755599 ], [ -111.964739554424, 40.575950232492197 ], [ -111.964653547921998, 40.575550494324197 ], [ -111.964031209466, 40.574663894549303 ], [ -111.963309643103997, 40.573879290293 ], [ -111.962941659028004, 40.573652126069298 ], [ -111.962707097229, 40.5734498369969 ], [ -111.962655408168004, 40.573196023957699 ], [ -111.967257703743996, 40.573219944009502 ], [ -111.967304991958997, 40.573220188968897 ], [ -111.967304924584994, 40.573227493398797 ], [ -111.969124806248004, 40.5732371382473 ], [ -111.970853284330005, 40.573240643417599 ], [ -111.972033932922002, 40.573242880803797 ], [ -111.972033491849004, 40.5733252232504 ], [ -111.971995288296995, 40.580440117843999 ], [ -111.971994918191001, 40.580508737930799 ], [ -111.969275568705001, 40.580495088558798 ], [ -111.969039568704005, 40.580494089724297 ], [ -111.968953568489994, 40.580495088558798 ], [ -111.968860568604001, 40.580495088558798 ], [ -111.968784567537, 40.580495089923303 ], [ -111.967315568722995, 40.580497088274498 ], [ -111.967313441512005, 40.5804970916858 ], [ -111.967313374138996, 40.5804970916858 ] ] ] } },
{ "type": "Feature", "properties": { "PrecinctID": "SJD008", "VistaID": "SJD008", "CountyID": 18, "SubPrecinctID": null, "AliasName": null, "VersionNbr": null }, "geometry": { "type": "Polygon", "coordinates": [ [ [ -111.948237240346998, 40.580466232879203 ], [ -111.948236555831002, 40.580328989136603 ], [ -111.948211215255, 40.575246147284297 ], [ -111.948221553067, 40.573453812967699 ], [ -111.948211563800996, 40.573248089089198 ], [ -111.948211268254994, 40.573207105133001 ], [ -111.948481247033001, 40.573206914078199 ], [ -111.957791754946001, 40.573199953544602 ], [ -111.962655408168004, 40.573196023957699 ], [ -111.962707097229, 40.5734498369969 ], [ -111.962941659028004, 40.573652126069298 ], [ -111.963309643103997, 40.573879290293 ], [ -111.964031209466, 40.574663894549303 ], [ -111.964653547921998, 40.575550494324197 ], [ -111.964739554424, 40.575950232492197 ], [ -111.961226202025998, 40.575983944755599 ], [ -111.957764632112998, 40.575977658633199 ], [ -111.957913557515994, 40.580374855114002 ], [ -111.957918205398997, 40.580512085117199 ], [ -111.957915566148998, 40.580512089210799 ], [ -111.957760566337996, 40.5805130894095 ], [ -111.957762565988006, 40.580798089499098 ], [ -111.957763566710994, 40.580937089097503 ], [ -111.956822566179994, 40.580949090040697 ], [ -111.954771565062003, 40.580974089383602 ], [ -111.954038566739996, 40.580974090065901 ], [ -111.953060564601998, 40.580973089191801 ], [ -111.952915565734997, 40.580973089874 ], [ -111.950811565812998, 40.580971088807999 ], [ -111.950696564387997, 40.580974089383602 ], [ -111.949850564292007, 40.580970090662902 ], [ -111.949791563841998, 40.580774089602997 ], [ -111.949768564275999, 40.580696090051802 ], [ -111.949748564184006, 40.580628091016202 ], [ -111.949698565752001, 40.580507089581303 ], [ -111.949687564982995, 40.580470089719199 ], [ -111.948237240346998, 40.580466232879203 ] ] ] } },
{ "type": "Feature", "properties": { "PrecinctID": "SJD009", "VistaID": "SJD009", "CountyID": 18, "SubPrecinctID": null, "AliasName": null, "VersionNbr": null }, "geometry": { "type": "Polygon", "coordinates": [ [ [ -111.944083663136993, 40.580468022458398 ], [ -111.943568563762994, 40.580464089887101 ], [ -111.941809561824996, 40.580464089887101 ], [ -111.941171563039006, 40.580463090369797 ], [ -111.940113562332002, 40.580464089887101 ], [ -111.938721110759005, 40.5804611172614 ], [ -111.938719390486, 40.580323871461502 ], [ -111.938675779974005, 40.576843045996597 ], [ -111.938658033755004, 40.576430090766799 ], [ -111.938668829708007, 40.5761047797007 ], [ -111.938650357650999, 40.5752031483024 ], [ -111.938665184344998, 40.573646348066603 ], [ -111.938676999885999, 40.573354700889602 ], [ -111.938685339844994, 40.573148857296999 ], [ -111.938686272295996, 40.573148898919698 ], [ -111.939905561021007, 40.573203090254196 ], [ -111.941293561441, 40.573266089842903 ], [ -111.941438562105006, 40.5732650902182 ], [ -111.943690561267005, 40.573257089807797 ], [ -111.944953562014007, 40.573253089943499 ], [ -111.945081562957995, 40.5732520889539 ], [ -111.945309562564006, 40.573251089328799 ], [ -111.945468562572998, 40.573251090693503 ], [ -111.945598563166996, 40.573251090011198 ], [ -111.946600562900002, 40.573246088474399 ], [ -111.947348563985997, 40.573244089906602 ], [ -111.947520564412997, 40.573244089224303 ], [ -111.948038562649998, 40.573247089464097 ], [ -111.948211563800996, 40.573248089089198 ], [ -111.948221553067, 40.573453812967699 ], [ -111.948211215255, 40.575246147284297 ], [ -111.948236555831002, 40.580328989136603 ], [ -111.948237240346998, 40.580466232879203 ], [ -111.94818356511, 40.580466089603703 ], [ -111.946393563211004, 40.580465089404299 ], [ -111.945868563504007, 40.580465090086498 ], [ -111.944276563768, 40.580464090569301 ], [ -111.944092563645, 40.580468090002597 ], [ -111.944083663136993, 40.580468022458398 ] ] ] } },
{ "type": "Feature", "properties": { "PrecinctID": "SJD010", "VistaID": "SJD010", "CountyID": 18, "SubPrecinctID": null, "AliasName": null, "VersionNbr": null }, "geometry": { "type": "Polygon", "coordinates": [ [ [ -111.938712635154999, 40.580461099522502 ], [ -111.938708561295002, 40.580461089970797 ], [ -111.937670561576994, 40.580458090054499 ], [ -111.937236563005996, 40.580462091534898 ], [ -111.936708562028002, 40.580462090852599 ], [ -111.936625562187004, 40.580463090369797 ], [ -111.936394561309996, 40.580463090369797 ], [ -111.935321562330998, 40.580463090369797 ], [ -111.933730562419001, 40.5804550915025 ], [ -111.929604559894997, 40.580464090569301 ], [ -111.929181410276996, 40.580460235775902 ], [ -111.929181294394994, 40.580460234411298 ], [ -111.929165559504, 40.580460091135798 ], [ -111.929164895648995, 40.580460080219602 ], [ -111.929164166217006, 40.580322789387999 ], [ -111.929163559854004, 40.580208091547597 ], [ -111.929163560752002, 40.580145092354996 ], [ -111.929162560028999, 40.580029091076597 ], [ -111.929160559481005, 40.579681090810404 ], [ -111.929160560379003, 40.579565090774103 ], [ -111.929159561453005, 40.5795030905076 ], [ -111.929158559830995, 40.579318091626703 ], [ -111.929158559830995, 40.579257091348801 ], [ -111.929158559830995, 40.578988090969702 ], [ -111.929159560554993, 40.5781810908476 ], [ -111.929160559481005, 40.577913091155501 ], [ -111.929160560379003, 40.577825091338198 ], [ -111.929160559481005, 40.577562090752302 ], [ -111.929161559305996, 40.577475091399698 ], [ -111.929163559854004, 40.577340091050999 ], [ -111.929169559702004, 40.576938091856299 ], [ -111.929171402147006, 40.576855825497603 ], [ -111.929172561871994, 40.576804092725197 ], [ -111.929172078578006, 40.5767634370875 ], [ -111.929352082096003, 40.576763694315403 ], [ -111.931405068489994, 40.576766602286597 ], [ -111.931465239445004, 40.576766688256697 ], [ -111.931471153952998, 40.576766695761997 ], [ -111.932795570718994, 40.576768573457201 ], [ -111.932796450168993, 40.576781155104797 ], [ -111.932800170991001, 40.576834466740301 ], [ -111.932906523436003, 40.576836650786802 ], [ -111.933464726672, 40.576837043792302 ], [ -111.933549309344002, 40.576837102470201 ], [ -111.933940691838998, 40.576837376073001 ], [ -111.934054167924003, 40.576837454537703 ], [ -111.934345611945005, 40.576837655816597 ], [ -111.934414525304007, 40.576837704260001 ], [ -111.934676800128997, 40.576837885752099 ], [ -111.934986592238999, 40.5768380979478 ], [ -111.935007992804003, 40.576838114323003 ], [ -111.935413744749994, 40.576838361316099 ], [ -111.935431168473997, 40.5768383715506 ], [ -111.935593923439995, 40.576838470484297 ], [ -111.935652710091006, 40.576838555771999 ], [ -111.936070180559, 40.576838838927003 ], [ -111.936379605259006, 40.576839047711204 ], [ -111.936465956714002, 40.576839105706803 ], [ -111.936755030979, 40.576839300845002 ], [ -111.936771237485004, 40.576839311761802 ], [ -111.937044101650997, 40.576839493936198 ], [ -111.937095227469001, 40.576839530098198 ], [ -111.937333175017997, 40.5768396877098 ], [ -111.937419218350996, 40.576839745705399 ], [ -111.937622245689994, 40.576839879436498 ], [ -111.937743206538002, 40.576839961994899 ], [ -111.937911319056994, 40.576840071845403 ], [ -111.938067195623006, 40.576840176237503 ], [ -111.938200389729005, 40.576840262889803 ], [ -111.938499181967998, 40.576840460757097 ], [ -111.938675779974005, 40.576843045996597 ], [ -111.938719390486, 40.580323871461502 ], [ -111.938721110759005, 40.5804611172614 ], [ -111.938712635154999, 40.580461099522502 ] ] ] } },
{ "type": "Feature", "properties": { "PrecinctID": "SJD011", "VistaID": "SJD011", "CountyID": 18, "SubPrecinctID": null, "AliasName": null, "VersionNbr": null }, "geometry": { "type": "Polygon", "coordinates": [ [ [ -111.929172078578006, 40.5767634370875 ], [ -111.929168560774997, 40.5764660926042 ], [ -111.929166184731002, 40.576257723812503 ], [ -111.929162560028999, 40.5759400919952 ], [ -111.929157561802995, 40.575452090183603 ], [ -111.929154560531998, 40.575115090334997 ], [ -111.929151560158999, 40.574967090434001 ], [ -111.929144558689003, 40.5745230901314 ], [ -111.929142558140995, 40.574376089893697 ], [ -111.929142559038993, 40.574335058183202 ], [ -111.929142559038993, 40.573999090532602 ], [ -111.929144559587996, 40.572871090195797 ], [ -111.929145310579003, 40.572702930273003 ], [ -111.929149558711998, 40.572497090816498 ], [ -111.929629559111007, 40.5724960904979 ], [ -111.929858560338005, 40.572527089449999 ], [ -111.930133558901005, 40.572595090578602 ], [ -111.930339558765994, 40.572691090930597 ], [ -111.930575560563994, 40.572889091051003 ], [ -111.930766560359999, 40.573004090752001 ], [ -111.930995559790006, 40.573103090763503 ], [ -111.931438560378993, 40.5731490899745 ], [ -111.932010559941006, 40.573145089421402 ], [ -111.933689559716001, 40.573153090527498 ], [ -111.934074761801995, 40.573154316690399 ], [ -111.935893561892996, 40.573160090641601 ], [ -111.938645561545997, 40.573147089356901 ], [ -111.938685339844994, 40.573148857296999 ], [ -111.938676999885999, 40.573354700889602 ], [ -111.938665184344998, 40.573646348066603 ], [ -111.938650357650999, 40.5752031483024 ], [ -111.938668829708007, 40.5761047797007 ], [ -111.938658033755004, 40.576430090766799 ], [ -111.938675779974005, 40.576843045996597 ], [ -111.938499181967998, 40.576840460757097 ], [ -111.938200389729005, 40.576840262889803 ], [ -111.938067195623006, 40.576840176237503 ], [ -111.937911319056994, 40.576840071845403 ], [ -111.937743206538002, 40.576839961994899 ], [ -111.937622245689994, 40.576839879436498 ], [ -111.937419218350996, 40.576839745705399 ], [ -111.937333175017997, 40.5768396877098 ], [ -111.937095227469001, 40.576839530098198 ], [ -111.937044101650997, 40.576839493936198 ], [ -111.936771237485004, 40.576839311761802 ], [ -111.936755030979, 40.576839300845002 ], [ -111.936465956714002, 40.576839105706803 ], [ -111.936379605259006, 40.576839047711204 ], [ -111.936070180559, 40.576838838927003 ], [ -111.935652710091006, 40.576838555771999 ], [ -111.935593923439995, 40.576838470484297 ], [ -111.935431168473997, 40.5768383715506 ], [ -111.935413744749994, 40.576838361316099 ], [ -111.935007992804003, 40.576838114323003 ], [ -111.934986592238999, 40.5768380979478 ], [ -111.934676800128997, 40.576837885752099 ], [ -111.934414525304007, 40.576837704260001 ], [ -111.934345611945005, 40.576837655816597 ], [ -111.934054167924003, 40.576837454537703 ], [ -111.933940691838998, 40.576837376073001 ], [ -111.933549309344002, 40.576837102470201 ], [ -111.933464726672, 40.576837043792302 ], [ -111.932906523436003, 40.576836650786802 ], [ -111.932800170991001, 40.576834466740301 ], [ -111.932796450168993, 40.576781155104797 ], [ -111.932795570718994, 40.576768573457201 ], [ -111.931471153952998, 40.576766695761997 ], [ -111.931465239445004, 40.576766688256697 ], [ -111.931405068489994, 40.576766602286597 ], [ -111.929352082096003, 40.576763694315403 ], [ -111.929172078578006, 40.5767634370875 ] ] ] } },
{ "type": "Feature", "properties": { "PrecinctID": "SJD012", "VistaID": "SJD012", "CountyID": 18, "SubPrecinctID": null, "AliasName": null, "VersionNbr": null }, "geometry": { "type": "Polygon", "coordinates": [ [ [ -111.919175559620996, 40.580523092078501 ], [ -111.919294558548003, 40.580305092094399 ], [ -111.919341558404, 40.580237093343499 ], [ -111.919387559333003, 40.580169091112197 ], [ -111.919415558921997, 40.580128091609801 ], [ -111.919570558733, 40.580012091666397 ], [ -111.919793558316002, 40.5798950919962 ], [ -111.919866558110996, 40.579858091113202 ], [ -111.920127558226994, 40.579759091545 ], [ -111.921098557996999, 40.579391091025002 ], [ -111.921416558014002, 40.579216091969599 ], [ -111.921600559934006, 40.579028091632203 ], [ -111.921632558823006, 40.578810091552199 ], [ -111.921600559035994, 40.578641093019897 ], [ -111.921500558578003, 40.578531091186299 ], [ -111.920972155154999, 40.578049789247402 ], [ -111.920176558630004, 40.577325090767999 ], [ -111.919582558428004, 40.576903091890301 ], [ -111.918931558324999, 40.576606091908701 ], [ -111.918707557120996, 40.576390092644701 ], [ -111.918629557303007, 40.576247091418502 ], [ -111.918536558314997, 40.576076091340099 ], [ -111.918383557256007, 40.575731091790701 ], [ -111.918164557870995, 40.575238092525503 ], [ -111.918110558343002, 40.575116091979098 ], [ -111.917626558644002, 40.574458091830003 ], [ -111.917477557783002, 40.574224091281003 ], [ -111.917223558238007, 40.573931091513003 ], [ -111.916871556089006, 40.573525092457103 ], [ -111.916653460408995, 40.5732732871408 ], [ -111.916651557777001, 40.573271091378203 ], [ -111.916651478725996, 40.573271129589102 ], [ -111.916390202827003, 40.572969241572203 ], [ -111.916220476934001, 40.572773130413701 ], [ -111.915995765161995, 40.572438896950203 ], [ -111.915982474586997, 40.572419130061597 ], [ -111.915847810838002, 40.5722491641923 ], [ -111.915776453164, 40.5721591010076 ], [ -111.915776555571, 40.572159091454701 ], [ -111.915903555792994, 40.572147091664 ], [ -111.916092555939002, 40.572130091615698 ], [ -111.916342556184006, 40.572109091630303 ], [ -111.916432556596007, 40.572101091081699 ], [ -111.916686557039, 40.572073092224798 ], [ -111.916935556561, 40.572047090595099 ], [ -111.917195557750006, 40.572046090952199 ], [ -111.917248557454002, 40.5720490919281 ], [ -111.917443557447996, 40.572060090728897 ], [ -111.917677557798996, 40.572083091379298 ], [ -111.917865556324003, 40.5721080913059 ], [ -111.917917556201999, 40.572120091785898 ], [ -111.918190556911995, 40.572185091676197 ], [ -111.918268555831006, 40.572209090559397 ], [ -111.918432555863006, 40.572260090631303 ], [ -111.918647556845997, 40.572343091387602 ], [ -111.918802556656999, 40.572382091608802 ], [ -111.918933557974995, 40.572422090762302 ], [ -111.919056556201994, 40.572450091520203 ], [ -111.919167557427997, 40.572469091442898 ], [ -111.919290558349999, 40.572484091450001 ], [ -111.919317557216004, 40.572484091450001 ], [ -111.919446557986006, 40.572488092042597 ], [ -111.919680558338001, 40.572487091041602 ], [ -111.919919556017007, 40.572481091175902 ], [ -111.920226557061994, 40.572475091991997 ], [ -111.920544556181, 40.572456092071 ], [ -111.920636556242997, 40.5724520914764 ], [ -111.920876556441996, 40.572444090968801 ], [ -111.920885866581997, 40.572444335931102 ], [ -111.920887263462006, 40.572444371413098 ], [ -111.920886187280999, 40.572540470921403 ], [ -111.920879234319997, 40.573161544705499 ], [ -111.920898905627993, 40.573304648736197 ], [ -111.920938806997, 40.5734583286659 ], [ -111.921050873625006, 40.573616911495897 ], [ -111.921127002252007, 40.573691957974297 ], [ -111.921305387006001, 40.573828398581398 ], [ -111.921474436468003, 40.573922544635202 ], [ -111.921664159757995, 40.573971546902001 ], [ -111.921852758357005, 40.574024997242198 ], [ -111.922060058981003, 40.574063833406299 ], [ -111.922268676537001, 40.574118034234701 ], [ -111.922431255432997, 40.574166309678503 ], [ -111.922614152424998, 40.574240531288602 ], [ -111.922809429099999, 40.574348855512298 ], [ -111.922927383287004, 40.574422706416897 ], [ -111.923029129170999, 40.574494914883402 ], [ -111.923187120370997, 40.5744071132209 ], [ -111.923290674564001, 40.574376543640803 ], [ -111.924005332880995, 40.574369021674201 ], [ -111.925304829482997, 40.574364044102403 ], [ -111.926591339140998, 40.574354595926401 ], [ -111.927884931115997, 40.574349666116397 ], [ -111.928962574386006, 40.574337149514797 ], [ -111.929142559038993, 40.574335058183202 ], [ -111.929142558140995, 40.574376089893697 ], [ -111.929144558689003, 40.5745230901314 ], [ -111.929151560158999, 40.574967090434001 ], [ -111.929154560531998, 40.575115090334997 ], [ -111.929157561802995, 40.575452090183603 ], [ -111.929162560028999, 40.5759400919952 ], [ -111.929166184731002, 40.576257723812503 ], [ -111.929168560774997, 40.5764660926042 ], [ -111.929172078578006, 40.5767634370875 ], [ -111.929172561871994, 40.576804092725197 ], [ -111.929171402147006, 40.576855825497603 ], [ -111.929169559702004, 40.576938091856299 ], [ -111.929163559854004, 40.577340091050999 ], [ -111.929161559305996, 40.577475091399698 ], [ -111.929160559481005, 40.577562090752302 ], [ -111.929160560379003, 40.577825091338198 ], [ -111.929160559481005, 40.577913091155501 ], [ -111.929159560554993, 40.5781810908476 ], [ -111.929158559830995, 40.578988090969702 ], [ -111.929158559830995, 40.579257091348801 ], [ -111.929158559830995, 40.579318091626703 ], [ -111.929159561453005, 40.5795030905076 ], [ -111.929160560379003, 40.579565090774103 ], [ -111.929160559481005, 40.579681090810404 ], [ -111.929162560028999, 40.580029091076597 ], [ -111.929163560752002, 40.580145092354996 ], [ -111.929163559854004, 40.580208091547597 ], [ -111.929164166217006, 40.580322789387999 ], [ -111.929164895648995, 40.580460080219602 ], [ -111.927188560700998, 40.580426091165499 ], [ -111.926678559267003, 40.580484091826797 ], [ -111.925840931468002, 40.580490054132603 ], [ -111.925554558437, 40.580492092737501 ], [ -111.924739560098999, 40.5804980912025 ], [ -111.922967559539003, 40.580510092906799 ], [ -111.922919558960004, 40.580511091741101 ], [ -111.922773096737998, 40.580512372350299 ], [ -111.922690558631999, 40.580513091456403 ], [ -111.922632558006995, 40.580513092138602 ], [ -111.922521317828995, 40.580515896925 ], [ -111.922513559080002, 40.580516092052498 ], [ -111.922513559080002, 40.580505092594997 ], [ -111.922312559237994, 40.580504092396097 ], [ -111.921860557529996, 40.580503091514998 ], [ -111.920457557939002, 40.580500092282698 ], [ -111.920263557770994, 40.580505091912698 ], [ -111.920224470275997, 40.580506277005099 ], [ -111.920131558424004, 40.5805090920257 ], [ -111.919984559908002, 40.580509091343501 ], [ -111.919659557523005, 40.5805100922246 ], [ -111.919391557734002, 40.5805170915689 ], [ -111.919175559620996, 40.580523092078501 ] ] ] } },
{ "type": "Feature", "properties": { "PrecinctID": "SJD013", "VistaID": "SJD013", "CountyID": 18, "SubPrecinctID": null, "AliasName": null, "VersionNbr": null }, "geometry": { "type": "Polygon", "coordinates": [ [ [ -111.920887263462006, 40.572444371413098 ], [ -111.921220559991994, 40.572453091113303 ], [ -111.921337557472995, 40.5724520914764 ], [ -111.921443556880007, 40.5724510904748 ], [ -111.922720556971996, 40.572450090837897 ], [ -111.923182558725998, 40.572450092202502 ], [ -111.923452559062994, 40.572451091157198 ], [ -111.924263559, 40.572454091432597 ], [ -111.924534559161003, 40.572456091388702 ], [ -111.924779558485, 40.572459090981503 ], [ -111.925516557904004, 40.572468091123902 ], [ -111.925762557951003, 40.572471090033901 ], [ -111.926008559794994, 40.572472089670498 ], [ -111.926749559412002, 40.572476090263898 ], [ -111.926996559284007, 40.572478090219398 ], [ -111.927426557657995, 40.572481089811198 ], [ -111.928716559066999, 40.572491090269402 ], [ -111.928879588019996, 40.572493349515703 ], [ -111.929149558711998, 40.572497090816498 ], [ -111.929145310579003, 40.572702930273003 ], [ -111.929144559587996, 40.572871090195797 ], [ -111.929142559038993, 40.573999090532602 ], [ -111.929142559038993, 40.574335058183202 ], [ -111.928962574386006, 40.574337149514797 ], [ -111.927884931115997, 40.574349666116397 ], [ -111.926591339140998, 40.574354595926401 ], [ -111.925304829482997, 40.574364044102403 ], [ -111.924005332880995, 40.574369021674201 ], [ -111.923290674564001, 40.574376543640803 ], [ -111.923187120370997, 40.5744071132209 ], [ -111.923029129170999, 40.574494914883402 ], [ -111.922927383287004, 40.574422706416897 ], [ -111.922809429099999, 40.574348855512298 ], [ -111.922614152424998, 40.574240531288602 ], [ -111.922431255432997, 40.574166309678503 ], [ -111.922268676537001, 40.574118034234701 ], [ -111.922060058981003, 40.574063833406299 ], [ -111.921852758357005, 40.574024997242198 ], [ -111.921664159757995, 40.573971546902001 ], [ -111.921474436468003, 40.573922544635202 ], [ -111.921305387006001, 40.573828398581398 ], [ -111.921127002252007, 40.573691957974297 ], [ -111.921050873625006, 40.573616911495897 ], [ -111.920938806997, 40.5734583286659 ], [ -111.920898905627993, 40.573304648736197 ], [ -111.920879234319997, 40.573161544705499 ], [ -111.920886187280999, 40.572540470921403 ], [ -111.920887263462006, 40.572444371413098 ] ] ] } },
{ "type": "Feature", "properties": { "PrecinctID": "SJD014", "VistaID": "SJD014", "CountyID": 18, "SubPrecinctID": null, "AliasName": null, "VersionNbr": null }, "geometry": { "type": "Polygon", "coordinates": [ [ [ -111.901970904026996, 40.569723163518603 ], [ -111.902146553411001, 40.569724091547002 ], [ -111.902606553718996, 40.569726092267103 ], [ -111.903986553742996, 40.569734091052503 ], [ -111.904447552977004, 40.569737091449703 ], [ -111.904472553990004, 40.569737092132101 ], [ -111.904549553083996, 40.569737092132101 ], [ -111.904575553922001, 40.5697370928144 ], [ -111.905187553667005, 40.569736091772199 ], [ -111.905921341609002, 40.569736095184098 ], [ -111.906040561522005, 40.569736095184098 ], [ -111.906580484939994, 40.569736095184098 ], [ -111.907025555247003, 40.569736091772199 ], [ -111.907528553416, 40.569736092454598 ], [ -111.907638553021002, 40.5697340924172 ], [ -111.907805554324, 40.569731092702199 ], [ -111.908195556107998, 40.569769092039301 ], [ -111.908369554388003, 40.569797091177797 ], [ -111.908553554511002, 40.569841090580297 ], [ -111.908761554923998, 40.569910091384003 ], [ -111.908958556363999, 40.569987092236502 ], [ -111.909191555093997, 40.570101091794001 ], [ -111.909628555835994, 40.570329091008503 ], [ -111.910130555077998, 40.570609091806503 ], [ -111.910346554089003, 40.570767091145001 ], [ -111.910542555705007, 40.570919091469499 ], [ -111.910744554472998, 40.571086090404499 ], [ -111.910908554504005, 40.571246091338402 ], [ -111.911070555783994, 40.571394091281803 ], [ -111.911115554193003, 40.571428091748103 ], [ -111.911189554711001, 40.571482092051902 ], [ -111.911292556440003, 40.571541091929603 ], [ -111.911410555543, 40.571596091109498 ], [ -111.911552554935, 40.5716490916288 ], [ -111.911722556610997, 40.571694092191201 ], [ -111.911943556544003, 40.571733091425997 ], [ -111.912314556263993, 40.571805092630399 ], [ -111.912698555505997, 40.571870091462003 ], [ -111.912788556815997, 40.571891090839998 ], [ -111.912855556763006, 40.5719070906217 ], [ -111.913037557235995, 40.571957092644098 ], [ -111.913179556627995, 40.572001092673503 ], [ -111.913290556955999, 40.572054090824899 ], [ -111.913415555731007, 40.5721080913059 ], [ -111.913570557338005, 40.572162091060797 ], [ -111.913733556647003, 40.572202091028203 ], [ -111.913902556701004, 40.572235090761502 ], [ -111.914084555377997, 40.5722590916738 ], [ -111.914292555789999, 40.572263091597698 ], [ -111.914784556783005, 40.5722230916668 ], [ -111.915423555394, 40.572191090886001 ], [ -111.915657555745995, 40.572170091602203 ], [ -111.915776453164, 40.5721591010076 ], [ -111.915847810838002, 40.5722491641923 ], [ -111.915982474586997, 40.572419130061597 ], [ -111.915995765161995, 40.572438896950203 ], [ -111.916220476934001, 40.572773130413701 ], [ -111.916390202827003, 40.572969241572203 ], [ -111.916651478725996, 40.573271129589102 ], [ -111.916651557777001, 40.573271091378203 ], [ -111.916653460408995, 40.5732732871408 ], [ -111.916647110217994, 40.573273332857397 ], [ -111.916350930278995, 40.573275418763501 ], [ -111.916113296242003, 40.573277095267102 ], [ -111.916069852817003, 40.573277402319 ], [ -111.91602878274, 40.573277690947798 ], [ -111.914691485031, 40.573287113347 ], [ -111.914686792232004, 40.573287146781603 ], [ -111.914691923408995, 40.573288066572502 ], [ -111.914978119471996, 40.573339378332399 ], [ -111.914935846551998, 40.5734961935134 ], [ -111.910750965749003, 40.573508455078901 ], [ -111.910254178532, 40.573509905041298 ], [ -111.910252949636998, 40.573311659751901 ], [ -111.909074989703001, 40.573308478695502 ], [ -111.906874132528003, 40.573302535537501 ], [ -111.905888324030002, 40.573299737954301 ], [ -111.903873496272993, 40.573296695411898 ], [ -111.903765488233006, 40.5730467131308 ], [ -111.903704379437002, 40.572918960546197 ], [ -111.903704133299001, 40.572918446060797 ], [ -111.903652724512, 40.572810975178697 ], [ -111.903375615805999, 40.572284563037002 ], [ -111.903234768055, 40.572032350465598 ], [ -111.902933892622002, 40.571482636571901 ], [ -111.902912960977005, 40.571444394606701 ], [ -111.902196877931999, 40.570136046869997 ], [ -111.901970904026996, 40.569723163518603 ] ] ] } },
{ "type": "Feature", "properties": { "PrecinctID": "SJD015", "VistaID": "SJD015", "CountyID": 18, "SubPrecinctID": null, "AliasName": null, "VersionNbr": null }, "geometry": { "type": "Polygon", "coordinates": [ [ [ -111.990625233377997, 40.573486253933297 ], [ -111.990633302944005, 40.573466786217097 ], [ -111.990653950720997, 40.5734348051366 ], [ -111.990662819788, 40.573396556781297 ], [ -111.990663355183997, 40.5733409988826 ], [ -111.990684356897006, 40.572977704643897 ], [ -111.990748095960001, 40.5726510114213 ], [ -111.990883285223006, 40.572288611405902 ], [ -111.991077412055006, 40.571922944376297 ], [ -111.991222383972001, 40.5716497132535 ], [ -111.991322095171995, 40.5715200098767 ], [ -111.991603749353004, 40.571152766491203 ], [ -111.991782181716999, 40.570917878230503 ], [ -111.992182325480996, 40.570490132995999 ], [ -111.992540556547993, 40.570190695784703 ], [ -111.992914324877006, 40.569900087128197 ], [ -111.993259383947006, 40.569631775174102 ], [ -111.993293890931994, 40.569604948286802 ], [ -111.993682052965994, 40.569254766141903 ], [ -111.993946083997997, 40.569051628541601 ], [ -111.994668968189004, 40.568489551933801 ], [ -111.994758820377996, 40.568411326520298 ], [ -111.994835473622004, 40.568349350036897 ], [ -111.994957712772006, 40.5682505149543 ], [ -111.995002278192999, 40.568211294643 ], [ -111.995034418117996, 40.5681761884358 ], [ -111.995059267315, 40.568148194078198 ], [ -111.995085078608, 40.568113883504999 ], [ -111.995111654366994, 40.568065955125903 ], [ -111.995102960471996, 40.568028550549201 ], [ -111.995098469794002, 40.567988525568197 ], [ -111.995097264254994, 40.5679777942781 ], [ -111.995102325363007, 40.567772233033402 ], [ -111.995098927035997, 40.567413101210697 ], [ -111.995094461511002, 40.5673140839098 ], [ -111.995097976618993, 40.567143500467402 ], [ -111.995087471719998, 40.567084803110397 ], [ -111.995067200337004, 40.567019613335198 ], [ -111.995037169656996, 40.566958255184097 ], [ -111.994993857386007, 40.566892174750102 ], [ -111.994927539260004, 40.5668008296255 ], [ -111.994896509653998, 40.566621826721601 ], [ -111.994888366425002, 40.566392166861498 ], [ -111.994881231107001, 40.566002801574903 ], [ -111.994880979578994, 40.565989078272601 ], [ -111.995379979345998, 40.565986971667002 ], [ -111.995489982544001, 40.5659871914036 ], [ -111.998812172551993, 40.565993780090601 ], [ -111.999798991654998, 40.5659957283765 ], [ -112.001499904932999, 40.565985502434003 ], [ -112.002018550854999, 40.565982076043497 ], [ -112.002371631881005, 40.565979740829697 ], [ -112.002566004851005, 40.5659806641331 ], [ -112.005124095962998, 40.565992897049597 ], [ -112.005124353778996, 40.566020344332301 ], [ -112.005124454390995, 40.566031365278697 ], [ -112.005125058957006, 40.566096173866498 ], [ -112.005131487301, 40.566786750954499 ], [ -112.005132729671004, 40.567421208091297 ], [ -112.005134199314995, 40.567619549307501 ], [ -112.005135310531003, 40.568421008911898 ], [ -112.005139326, 40.570090834407402 ], [ -112.005146937426005, 40.571332274503 ], [ -112.005189408874003, 40.572337288707402 ], [ -112.005191953801003, 40.572397559725097 ], [ -112.005216684421001, 40.572982710977101 ], [ -112.005273311520995, 40.573201677131401 ], [ -112.005412640222005, 40.573446966410003 ], [ -112.005569870550005, 40.573757013653598 ], [ -112.005648990566996, 40.573970172688298 ], [ -112.005688081654, 40.574183501626102 ], [ -112.005682232723998, 40.574414154825597 ], [ -112.005638946502998, 40.574645024891304 ], [ -112.005515815326007, 40.574895233190198 ], [ -112.005380629654994, 40.575113381808499 ], [ -112.005150574704004, 40.575118451437604 ], [ -112.005095344484005, 40.575122247859497 ], [ -112.003322096163998, 40.575244135812198 ], [ -112.002083786510994, 40.575535518203303 ], [ -112.001319439680003, 40.5759933149182 ], [ -111.999639441876994, 40.576737328794401 ], [ -111.999667925658002, 40.576749048018002 ], [ -111.999744786411995, 40.576780672717398 ], [ -111.999739242909001, 40.576781138729601 ], [ -111.999702604221, 40.576792527029198 ], [ -111.999551517472, 40.576796907406298 ], [ -111.999412541808994, 40.576825651406601 ], [ -111.999333023839, 40.5768432390879 ], [ -111.999253324408002, 40.576875112782602 ], [ -111.999048979240996, 40.576967539929498 ], [ -111.998811916532006, 40.577009510234397 ], [ -111.998621511421007, 40.577030691537999 ], [ -111.998620709226003, 40.577030432264301 ], [ -111.998619744435004, 40.577030122500403 ], [ -111.998338631039999, 40.576939611339 ], [ -111.998145343234995, 40.5768759335906 ], [ -111.998124457404998, 40.576869053267899 ], [ -111.998074887469002, 40.576852723756701 ], [ -111.997584645377998, 40.576691214011802 ], [ -111.996496192680993, 40.5763483757692 ], [ -111.996339215678006, 40.576266636790997 ], [ -111.996206363831007, 40.576175299686298 ], [ -111.996081234800002, 40.576086839753799 ], [ -111.995932292329002, 40.575921457411901 ], [ -111.995814042595995, 40.575719271406498 ], [ -111.995789512301002, 40.575622974498899 ], [ -111.995778286055, 40.575505045345103 ], [ -111.995786970069005, 40.575372538980901 ], [ -111.995809981313002, 40.575249799729903 ], [ -111.995860289663995, 40.575138581887003 ], [ -111.995935411280001, 40.575023527857397 ], [ -111.996061538339006, 40.574844027018699 ], [ -111.996289680776997, 40.574534862281801 ], [ -111.996400616426001, 40.574365416261003 ], [ -111.996484091474997, 40.574181812863401 ], [ -111.996502206900999, 40.574049210399401 ], [ -111.996463289188, 40.573895497027898 ], [ -111.996435965131994, 40.5738408784322 ], [ -111.996353525839993, 40.573741531522501 ], [ -111.996278211087002, 40.573680913042999 ], [ -111.996164849986002, 40.573606237059799 ], [ -111.996018597071995, 40.573542624372301 ], [ -111.995884733720999, 40.573519418158398 ], [ -111.995853952947996, 40.573514279492301 ], [ -111.995694389695998, 40.573511165996798 ], [ -111.995521800871998, 40.573519896475297 ], [ -111.995308347684997, 40.573530693063198 ], [ -111.9948055184, 40.5735584538577 ], [ -111.994395639594003, 40.5735674279235 ], [ -111.993963223853996, 40.5735657370982 ], [ -111.993615503075006, 40.573538104585701 ], [ -111.993233746029006, 40.573493211025401 ], [ -111.992673420971997, 40.573425460544499 ], [ -111.992513669074, 40.573406148383199 ], [ -111.992292448154998, 40.5733891254553 ], [ -111.991834285801005, 40.5734010943182 ], [ -111.991601963502006, 40.573431986406497 ], [ -111.991315398230995, 40.573468652405197 ], [ -111.991052128971006, 40.573480843695101 ], [ -111.990625233377997, 40.573486253933297 ] ] ] } },
{ "type": "Feature", "properties": { "PrecinctID": "SJD016", "VistaID": "SJD016", "CountyID": 18, "SubPrecinctID": null, "AliasName": null, "VersionNbr": null }, "geometry": { "type": "Polygon", "coordinates": [ [ [ -111.994880979578994, 40.565989078272601 ], [ -111.994106453938002, 40.565992612483903 ], [ -111.994093029514005, 40.565992673900901 ], [ -111.994094950112, 40.565860307019399 ], [ -111.994090972372007, 40.565798122766999 ], [ -111.994087085361997, 40.565728473524302 ], [ -111.994081077429001, 40.565684360866598 ], [ -111.994075020986998, 40.565633274575802 ], [ -111.994052703243, 40.565533783091801 ], [ -111.994035257061, 40.565470613808003 ], [ -111.994017740811998, 40.565407444464597 ], [ -111.993958698141, 40.565266385134201 ], [ -111.993905740659002, 40.565160543183602 ], [ -111.993697883977006, 40.564847894291503 ], [ -111.993559653915995, 40.564656550641999 ], [ -111.993518284700002, 40.564590022993499 ], [ -111.993476831940995, 40.564512242059102 ], [ -111.993374869562999, 40.564328706483799 ], [ -111.993145450620005, 40.564010106992903 ], [ -111.992881016243999, 40.563656463603699 ], [ -111.992639140362996, 40.563368694180198 ], [ -111.992595153455994, 40.563316361352797 ], [ -111.992370916892995, 40.562986704204803 ], [ -111.992165003267004, 40.562712031441301 ], [ -111.991949314173993, 40.562448766717502 ], [ -111.991722368292997, 40.562151729194298 ], [ -111.991543796689001, 40.561924813154803 ], [ -111.991361476414994, 40.5616866597125 ], [ -111.991116350428996, 40.561423513798402 ], [ -111.990973538061994, 40.561293288311603 ], [ -111.991246360006997, 40.5610048624361 ], [ -111.991492489411002, 40.560797703281402 ], [ -111.991697683487004, 40.560624993044101 ], [ -111.991781794543996, 40.5605744495479 ], [ -111.991850556087002, 40.560533130245403 ], [ -111.992034395412006, 40.560422652990297 ], [ -111.992404522868, 40.560242900055002 ], [ -111.992590042941004, 40.560186289785101 ], [ -111.993041942241007, 40.560047141976298 ], [ -111.993422616817, 40.559972800887998 ], [ -111.993788629989993, 40.559921521192599 ], [ -111.994130927639006, 40.5598956506539 ], [ -111.994476629903005, 40.559892656640201 ], [ -111.994867838125003, 40.559921364906103 ], [ -111.995235456586997, 40.559982397826303 ], [ -111.995830585971007, 40.560179054908801 ], [ -111.996378764907007, 40.560451724102002 ], [ -111.996852830137001, 40.560678476565997 ], [ -111.998533550185002, 40.561468526696501 ], [ -111.999148220622004, 40.561762106522103 ], [ -111.999443714248002, 40.561903240118198 ], [ -111.999521474215996, 40.561915480604497 ], [ -111.999579959032005, 40.561920391539402 ], [ -111.999637106256998, 40.561919434057202 ], [ -111.999679451042994, 40.561905641672297 ], [ -111.999723665223001, 40.561895836178898 ], [ -111.999769106502001, 40.561890161576599 ], [ -111.999815111024006, 40.561888701125604 ], [ -111.999871366221996, 40.5618926750535 ], [ -111.999926234420997, 40.561902939156198 ], [ -111.999978518168007, 40.561919264126303 ], [ -112.000027066718999, 40.561941295766303 ], [ -112.000070825452994, 40.561968550211297 ], [ -112.000108830477998, 40.5620004296267 ], [ -112.000185009410004, 40.562042377926701 ], [ -112.000253294846999, 40.562078373173698 ], [ -112.000315927185, 40.562098857643598 ], [ -112.000371805091007, 40.562111081715301 ], [ -112.000437089255996, 40.562120190394303 ], [ -112.000561047782, 40.562120380798198 ], [ -112.000639841709997, 40.5621205009096 ], [ -112.000806583400006, 40.562120756146498 ], [ -112.002567169965999, 40.562123270297199 ], [ -112.004559878506001, 40.562122344210799 ], [ -112.004658435370999, 40.562104244916199 ], [ -112.004741339990005, 40.5620729244784 ], [ -112.004811297190997, 40.5620323806843 ], [ -112.004843908731004, 40.561996658393603 ], [ -112.004883184872, 40.561965071748801 ], [ -112.004928229095, 40.5619383407439 ], [ -112.004978022711001, 40.561917065261397 ], [ -112.005031440131006, 40.561901732578299 ], [ -112.005087270426003, 40.561892687337703 ], [ -112.005122583200006, 40.561891103362697 ], [ -112.005144248768005, 40.561890133595902 ], [ -112.005113254196004, 40.562467910064001 ], [ -112.005113171551002, 40.562502087042198 ], [ -112.005111031764002, 40.5633927951787 ], [ -112.005116409977006, 40.563940614896303 ], [ -112.005116932796994, 40.563993919701602 ], [ -112.005118944125002, 40.564198726864397 ], [ -112.005120197275005, 40.5646405443498 ], [ -112.005122489775005, 40.5654263522134 ], [ -112.005124019606001, 40.565965447026102 ], [ -112.005124095962998, 40.565992897049597 ], [ -112.002566004851005, 40.5659806641331 ], [ -112.002371631881005, 40.565979740829697 ], [ -112.002018550854999, 40.565982076043497 ], [ -112.001499904932999, 40.565985502434003 ], [ -111.999798991654998, 40.5659957283765 ], [ -111.998812172551993, 40.565993780090601 ], [ -111.995489982544001, 40.5659871914036 ], [ -111.995379979345998, 40.565986971667002 ], [ -111.994880979578994, 40.565989078272601 ] ] ] } },
{ "type": "Feature", "properties": { "PrecinctID": "SJD017", "VistaID": "SJD017", "CountyID": 18, "SubPrecinctID": null, "AliasName": null, "VersionNbr": null }, "geometry": { "type": "Polygon", "coordinates": [ [ [ -111.986384507907005, 40.573467463094097 ], [ -111.986367989686002, 40.572049782466401 ], [ -111.986370883160006, 40.572001131567497 ], [ -111.986387646620997, 40.571535248920803 ], [ -111.986376877617005, 40.571367745480302 ], [ -111.986377451641005, 40.570681294152998 ], [ -111.986376300000998, 40.570600213557299 ], [ -111.986376955770993, 40.570005662282497 ], [ -111.986374824069003, 40.569777733615197 ], [ -111.986366702400005, 40.569304872502897 ], [ -111.986369282362006, 40.569000340789103 ], [ -111.986348480973007, 40.568627556939603 ], [ -111.986365361216002, 40.567925611086402 ], [ -111.986359829389997, 40.567250659724301 ], [ -111.986361580205994, 40.565991886397597 ], [ -111.986361281067005, 40.564344525182598 ], [ -111.986361280169007, 40.564344494473403 ], [ -111.986358046234002, 40.563480867207403 ], [ -111.986353797202995, 40.562346167404002 ], [ -111.987167510950002, 40.562360216298998 ], [ -111.987312518799996, 40.562362719521502 ], [ -111.987749845630006, 40.562335813285998 ], [ -111.988199394936998, 40.562297380467697 ], [ -111.988284735788, 40.56228152648 ], [ -111.988690027795997, 40.562206236537101 ], [ -111.989121891072003, 40.562100402714002 ], [ -111.989531627046006, 40.561981101201702 ], [ -111.989982755591996, 40.561812433466002 ], [ -111.990342557812994, 40.561646454865098 ], [ -111.990526855278006, 40.561548920884299 ], [ -111.990615561217993, 40.5615019746377 ], [ -111.990688127126006, 40.561463571368797 ], [ -111.990973538061994, 40.561293288311603 ], [ -111.991116350428996, 40.561423513798402 ], [ -111.991361476414994, 40.5616866597125 ], [ -111.991543796689001, 40.561924813154803 ], [ -111.991722368292997, 40.562151729194298 ], [ -111.991949314173993, 40.562448766717502 ], [ -111.992165003267004, 40.562712031441301 ], [ -111.992370916892995, 40.562986704204803 ], [ -111.992595153455994, 40.563316361352797 ], [ -111.992639140362996, 40.563368694180198 ], [ -111.992881016243999, 40.563656463603699 ], [ -111.993145450620005, 40.564010106992903 ], [ -111.993374869562999, 40.564328706483799 ], [ -111.993476831940995, 40.564512242059102 ], [ -111.993518284700002, 40.564590022993499 ], [ -111.993559653915995, 40.564656550641999 ], [ -111.993697883977006, 40.564847894291503 ], [ -111.993905740659002, 40.565160543183602 ], [ -111.993958698141, 40.565266385134201 ], [ -111.994017740811998, 40.565407444464597 ], [ -111.994035257061, 40.565470613808003 ], [ -111.994052703243, 40.565533783091801 ], [ -111.994075020986998, 40.565633274575802 ], [ -111.994081077429001, 40.565684360866598 ], [ -111.994087085361997, 40.565728473524302 ], [ -111.994090972372007, 40.565798122766999 ], [ -111.994094950112, 40.565860307019399 ], [ -111.994093029514005, 40.565992673900901 ], [ -111.994106453938002, 40.565992612483903 ], [ -111.994880979578994, 40.565989078272601 ], [ -111.994881231107001, 40.566002801574903 ], [ -111.994888366425002, 40.566392166861498 ], [ -111.994896509653998, 40.566621826721601 ], [ -111.994927539260004, 40.5668008296255 ], [ -111.994993857386007, 40.566892174750102 ], [ -111.995037169656996, 40.566958255184097 ], [ -111.995067200337004, 40.567019613335198 ], [ -111.995087471719998, 40.567084803110397 ], [ -111.995097976618993, 40.567143500467402 ], [ -111.995094461511002, 40.5673140839098 ], [ -111.995098927035997, 40.567413101210697 ], [ -111.995102325363007, 40.567772233033402 ], [ -111.995097264254994, 40.5679777942781 ], [ -111.995098469794002, 40.567988525568197 ], [ -111.995102960471996, 40.568028550549201 ], [ -111.995111654366994, 40.568065955125903 ], [ -111.995085078608, 40.568113883504999 ], [ -111.995059267315, 40.568148194078198 ], [ -111.995034418117996, 40.5681761884358 ], [ -111.995002278192999, 40.568211294643 ], [ -111.994957712772006, 40.5682505149543 ], [ -111.994835473622004, 40.568349350036897 ], [ -111.994758820377996, 40.568411326520298 ], [ -111.994668968189004, 40.568489551933801 ], [ -111.993946083997997, 40.569051628541601 ], [ -111.993682052965994, 40.569254766141903 ], [ -111.993293890931994, 40.569604948286802 ], [ -111.993259383947006, 40.569631775174102 ], [ -111.992914324877006, 40.569900087128197 ], [ -111.992540556547993, 40.570190695784703 ], [ -111.992182325480996, 40.570490132995999 ], [ -111.991782181716999, 40.570917878230503 ], [ -111.991603749353004, 40.571152766491203 ], [ -111.991322095171995, 40.5715200098767 ], [ -111.991222383972001, 40.5716497132535 ], [ -111.991077412055006, 40.571922944376297 ], [ -111.990883285223006, 40.572288611405902 ], [ -111.990748095960001, 40.5726510114213 ], [ -111.990684356897006, 40.572977704643897 ], [ -111.990663355183997, 40.5733409988826 ], [ -111.990662819788, 40.573396556781297 ], [ -111.990653950720997, 40.5734348051366 ], [ -111.990633302944005, 40.573466786217097 ], [ -111.990625233377997, 40.573486253933297 ], [ -111.990247578937996, 40.573480531185403 ], [ -111.989763186675006, 40.573479261358997 ], [ -111.989184262001004, 40.573477943769099 ], [ -111.988169271730996, 40.573467679394497 ], [ -111.987097798988998, 40.573472353393598 ], [ -111.986644694150002, 40.573469247401803 ], [ -111.986554705415998, 40.573468631252702 ], [ -111.986524296544999, 40.573468421093402 ], [ -111.986489441911999, 40.573468182275903 ], [ -111.986384507907005, 40.573467463094097 ] ] ] } },
{ "type": "Feature", "properties": { "PrecinctID": "SJD018", "VistaID": "SJD018", "CountyID": 18, "SubPrecinctID": null, "AliasName": null, "VersionNbr": null }, "geometry": { "type": "Polygon", "coordinates": [ [ [ -111.977108469249004, 40.573247318729699 ], [ -111.977108223111003, 40.573164978234203 ], [ -111.977102434366998, 40.571221597399798 ], [ -111.977045427278995, 40.566201700428898 ], [ -111.977043583037997, 40.566039379518799 ], [ -111.977068697237996, 40.565735120241897 ], [ -111.97711823214, 40.565134968110598 ], [ -111.977060242294996, 40.5650453054865 ], [ -111.977034534308004, 40.564720164952597 ], [ -111.977035523352995, 40.564683352216001 ], [ -111.977049405917995, 40.564166116930501 ], [ -111.977038821069002, 40.563322666407998 ], [ -111.977040670700006, 40.5622468505182 ], [ -111.977034059998005, 40.561971671068399 ], [ -111.977020844882006, 40.561917403075803 ], [ -111.977052567089004, 40.561917902631798 ], [ -111.977073068441001, 40.561918224067298 ], [ -111.977119845513997, 40.561918959752099 ], [ -111.977191568802994, 40.561920085117798 ], [ -111.977191478970994, 40.561879193862097 ], [ -111.977329839288004, 40.561880831068798 ], [ -111.977576179796998, 40.561883745146503 ], [ -111.978130544531993, 40.561890303527001 ], [ -111.978446479322002, 40.561893992189198 ], [ -111.981087703225995, 40.561887305507703 ], [ -111.982249328194001, 40.561898320992697 ], [ -111.982521773745006, 40.561900903397103 ], [ -111.983680135135003, 40.562034256745498 ], [ -111.985385384579999, 40.562242247392398 ], [ -111.985835223145997, 40.562304891507097 ], [ -111.986353797202995, 40.562346167404002 ], [ -111.986358046234002, 40.563480867207403 ], [ -111.986361280169007, 40.564344494473403 ], [ -111.986361281067005, 40.564344525182598 ], [ -111.986361580205994, 40.565991886397597 ], [ -111.986359829389997, 40.567250659724301 ], [ -111.986365361216002, 40.567925611086402 ], [ -111.986348480973007, 40.568627556939603 ], [ -111.986369282362006, 40.569000340789103 ], [ -111.986366702400005, 40.569304872502897 ], [ -111.986374824069003, 40.569777733615197 ], [ -111.986376955770993, 40.570005662282497 ], [ -111.986376300000998, 40.570600213557299 ], [ -111.986377451641005, 40.570681294152998 ], [ -111.986376877617005, 40.571367745480302 ], [ -111.986387646620997, 40.571535248920803 ], [ -111.986370883160006, 40.572001131567497 ], [ -111.986367989686002, 40.572049782466401 ], [ -111.986384507907005, 40.573467463094097 ], [ -111.986264854108001, 40.573470826326499 ], [ -111.986235931050999, 40.573471638988202 ], [ -111.986146000708004, 40.5734741649946 ], [ -111.986052244440003, 40.573476799492298 ], [ -111.985784038936998, 40.573473683265703 ], [ -111.985629208009996, 40.573467793344598 ], [ -111.985464568378006, 40.573439432056801 ], [ -111.985360095209003, 40.5734079149519 ], [ -111.985237731192001, 40.5733612076531 ], [ -111.985134429425997, 40.573322437267898 ], [ -111.984993403808005, 40.573293925122002 ], [ -111.984860938235997, 40.573284260493899 ], [ -111.983986701394997, 40.573284469289199 ], [ -111.982951778406999, 40.573285165273397 ], [ -111.982692882145997, 40.573274757578403 ], [ -111.981588284028007, 40.573277869720201 ], [ -111.980520180867003, 40.573269843382597 ], [ -111.979955469337, 40.573271880160597 ], [ -111.977440780327001, 40.573256927411499 ], [ -111.977383417506999, 40.573256585560202 ], [ -111.977300181409007, 40.573256090182902 ], [ -111.977110061063996, 40.573247391739898 ], [ -111.977108469249004, 40.573247318729699 ] ] ] } },
{ "type": "Feature", "properties": { "PrecinctID": "SJD019", "VistaID": "SJD019", "CountyID": 18, "SubPrecinctID": null, "AliasName": null, "VersionNbr": null }, "geometry": { "type": "Polygon", "coordinates": [ [ [ -111.972033932922002, 40.573242880803797 ], [ -111.970853284330005, 40.573240643417599 ], [ -111.969124806248004, 40.5732371382473 ], [ -111.967304924584994, 40.573227493398797 ], [ -111.967304991958997, 40.573220188968897 ], [ -111.967257703743996, 40.573219944009502 ], [ -111.967289887684998, 40.562538645060897 ], [ -111.967290516505997, 40.5623300274817 ], [ -111.967290969256993, 40.562330025434399 ], [ -111.967291740012001, 40.562330022022103 ], [ -111.967291878352, 40.562330021339697 ], [ -111.967711564965001, 40.562328086596096 ], [ -111.969214565013004, 40.562303085745803 ], [ -111.969995567506999, 40.562263086003597 ], [ -111.970236565734993, 40.562256086114502 ], [ -111.970901566980004, 40.562209086450302 ], [ -111.972073566592002, 40.562092085676198 ], [ -111.972900566421998, 40.562021086780902 ], [ -111.973840567129002, 40.561968086143402 ], [ -111.974510568396994, 40.561940085094299 ], [ -111.976180568849998, 40.561921085594498 ], [ -111.976484649471999, 40.561919602623199 ], [ -111.976767648430993, 40.561918222702403 ], [ -111.977000567210993, 40.561917085734997 ], [ -111.977020844882006, 40.561917403075803 ], [ -111.977034059998005, 40.561971671068399 ], [ -111.977040670700006, 40.5622468505182 ], [ -111.977038821069002, 40.563322666407998 ], [ -111.977049405917995, 40.564166116930501 ], [ -111.977035523352995, 40.564683352216001 ], [ -111.977034534308004, 40.564720164952597 ], [ -111.977060242294996, 40.5650453054865 ], [ -111.97711823214, 40.565134968110598 ], [ -111.977068697237996, 40.565735120241897 ], [ -111.977043583037997, 40.566039379518799 ], [ -111.977045427278995, 40.566201700428898 ], [ -111.977102434366998, 40.571221597399798 ], [ -111.977108223111003, 40.573164978234203 ], [ -111.977108469249004, 40.573247318729699 ], [ -111.974909508417994, 40.573254979336902 ], [ -111.973620318187997, 40.573248005161602 ], [ -111.972868899909997, 40.5732471385925 ], [ -111.972752695642001, 40.573246508794597 ], [ -111.972092692622994, 40.573242853510301 ], [ -111.972078510021007, 40.573242965413698 ], [ -111.972033932922002, 40.573242880803797 ] ] ] } },
{ "type": "Feature", "properties": { "PrecinctID": "SJD020", "VistaID": "SJD020", "CountyID": 18, "SubPrecinctID": null, "AliasName": null, "VersionNbr": null }, "geometry": { "type": "Polygon", "coordinates": [ [ [ -111.962655408168004, 40.573196023957699 ], [ -111.957791754946001, 40.573199953544602 ], [ -111.957805951921003, 40.562537697824297 ], [ -111.957806228601996, 40.562329086384203 ], [ -111.957916565974003, 40.562329087066701 ], [ -111.958098164899994, 40.562330084807499 ], [ -111.958280565123005, 40.562331086642899 ], [ -111.958402564424006, 40.562332088478399 ], [ -111.958562562460997, 40.562332086430999 ], [ -111.959044565205005, 40.562334086689603 ], [ -111.959205563965, 40.5623350871601 ], [ -111.959403563433, 40.562334086689603 ], [ -111.959425564073001, 40.562334087372001 ], [ -111.960085564397005, 40.562343086146399 ], [ -111.960305565403004, 40.562346086192598 ], [ -111.96072356498, 40.562341086570498 ], [ -111.960912564227002, 40.562340087465003 ], [ -111.961980564081998, 40.562342086358498 ], [ -111.962399565279995, 40.562343086828797 ], [ -111.962647564977004, 40.562340086782598 ], [ -111.962848565716996, 40.562338087889103 ], [ -111.963392564792002, 40.562338087206598 ], [ -111.963641566109999, 40.562339086994598 ], [ -111.963709564984001, 40.562337087418598 ], [ -111.963916565572006, 40.5623350871601 ], [ -111.963985564270004, 40.562334086689603 ], [ -111.964069563935993, 40.562334086689603 ], [ -111.964572564798999, 40.562337088101003 ], [ -111.964643564945007, 40.5623360869482 ], [ -111.965729566139004, 40.562333087584001 ], [ -111.966098565311995, 40.562332086430999 ], [ -111.966618564995997, 40.562331086642899 ], [ -111.967277567291006, 40.562330086172402 ], [ -111.967290516505997, 40.5623300274817 ], [ -111.967289887684998, 40.562538645060897 ], [ -111.967257703743996, 40.573219944009502 ], [ -111.962655408168004, 40.573196023957699 ] ] ] } },
{ "type": "Feature", "properties": { "PrecinctID": "SJD021", "VistaID": "SJD021", "CountyID": 18, "SubPrecinctID": null, "AliasName": null, "VersionNbr": null }, "geometry": { "type": "Polygon", "coordinates": [ [ [ -111.948211268254994, 40.573207105133001 ], [ -111.948209562355004, 40.572971087986197 ], [ -111.948205563952996, 40.5721420900447 ], [ -111.948204564128005, 40.571866088785299 ], [ -111.948201562856994, 40.571683088553797 ], [ -111.948193562461, 40.571135089972003 ], [ -111.948191562811004, 40.5709530887654 ], [ -111.948196562833999, 40.5708490893159 ], [ -111.948215562201995, 40.570539089328598 ], [ -111.948222562772997, 40.570436089585002 ], [ -111.948221562949001, 40.570403088964497 ], [ -111.948215563999, 40.570254089889097 ], [ -111.948197562659004, 40.569709088874099 ], [ -111.948191563709997, 40.569528088928799 ], [ -111.948196562833999, 40.569379088587503 ], [ -111.948215563101002, 40.5689330879921 ], [ -111.948222562772997, 40.568785088747298 ], [ -111.948216562926007, 40.568590089214901 ], [ -111.948201563755006, 40.5680050885734 ], [ -111.948199563206998, 40.567906088525802 ], [ -111.948201563755006, 40.567810088815399 ], [ -111.948197561761006, 40.567610089260803 ], [ -111.948196561936001, 40.567541088815197 ], [ -111.948201561958996, 40.5674150883519 ], [ -111.948205563054998, 40.567011088093899 ], [ -111.948206561982005, 40.566915089146804 ], [ -111.948201562856994, 40.566812087919899 ], [ -111.948200562134005, 40.566698088901298 ], [ -111.948198561585997, 40.566356089315697 ], [ -111.948198563381993, 40.566243087885198 ], [ -111.948198562483995, 40.566066087731102 ], [ -111.948198563381993, 40.565536088294898 ], [ -111.948199562309, 40.565360089426001 ], [ -111.948198561585997, 40.564761087911599 ], [ -111.948197562659004, 40.562964088055502 ], [ -111.948197561761006, 40.562366087406701 ], [ -111.948441561259997, 40.562366088089199 ], [ -111.949176561927004, 40.562369088816801 ], [ -111.949421561251, 40.562370088604297 ], [ -111.949540561974999, 40.562368087664296 ], [ -111.949899562899006, 40.562366087406701 ], [ -111.950019561651004, 40.562365088984002 ], [ -111.951230803268004, 40.562356611603697 ], [ -111.951305563760997, 40.562356087482797 ], [ -111.952092563408002, 40.562334087372001 ], [ -111.952982563885996, 40.562336087630598 ], [ -111.953663563228005, 40.562339087677103 ], [ -111.953680564742996, 40.562338087889103 ], [ -111.953858563221999, 40.562337088101003 ], [ -111.955536563172004, 40.562329087066701 ], [ -111.955987564156999, 40.562329087749099 ], [ -111.957343562993003, 40.562329087749099 ], [ -111.957709815117994, 40.562329087066701 ], [ -111.957795564701996, 40.562329086384203 ], [ -111.957806228601996, 40.562329086384203 ], [ -111.957805951921003, 40.562537697824297 ], [ -111.957791754946001, 40.573199953544602 ], [ -111.948481247033001, 40.573206914078199 ], [ -111.948211268254994, 40.573207105133001 ] ] ] } },
{ "type": "Feature", "properties": { "PrecinctID": "SJD022", "VistaID": "SJD022", "CountyID": 18, "SubPrecinctID": null, "AliasName": null, "VersionNbr": null }, "geometry": { "type": "Polygon", "coordinates": [ [ [ -111.938686272295996, 40.573148898919698 ], [ -111.938689307703001, 40.572942818603998 ], [ -111.938707401569999, 40.571714268023797 ], [ -111.938702029644006, 40.570878903085699 ], [ -111.938691687341006, 40.569685182579597 ], [ -111.938688801053999, 40.569236785462799 ], [ -111.938672548732995, 40.5679184657576 ], [ -111.938670788036006, 40.567622131491198 ], [ -111.938662255837002, 40.5664186272191 ], [ -111.938659304870995, 40.565869987050398 ], [ -111.938654962415001, 40.5653069658673 ], [ -111.938676035992998, 40.563602295930302 ], [ -111.938666381798996, 40.562668862665397 ], [ -111.938662896335998, 40.5623318871558 ], [ -111.938878851330003, 40.5623303659765 ], [ -111.947957481610999, 40.562266121540702 ], [ -111.948197561761006, 40.562366087406701 ], [ -111.948197562659004, 40.562964088055502 ], [ -111.948198561585997, 40.564761087911599 ], [ -111.948199562309, 40.565360089426001 ], [ -111.948198563381993, 40.565536088294898 ], [ -111.948198562483995, 40.566066087731102 ], [ -111.948198563381993, 40.566243087885198 ], [ -111.948198561585997, 40.566356089315697 ], [ -111.948200562134005, 40.566698088901298 ], [ -111.948201562856994, 40.566812087919899 ], [ -111.948206561982005, 40.566915089146804 ], [ -111.948205563054998, 40.567011088093899 ], [ -111.948201561958996, 40.5674150883519 ], [ -111.948196561936001, 40.567541088815197 ], [ -111.948197561761006, 40.567610089260803 ], [ -111.948201563755006, 40.567810088815399 ], [ -111.948199563206998, 40.567906088525802 ], [ -111.948201563755006, 40.5680050885734 ], [ -111.948216562926007, 40.568590089214901 ], [ -111.948222562772997, 40.568785088747298 ], [ -111.948215563101002, 40.5689330879921 ], [ -111.948196562833999, 40.569379088587503 ], [ -111.948191563709997, 40.569528088928799 ], [ -111.948197562659004, 40.569709088874099 ], [ -111.948215563999, 40.570254089889097 ], [ -111.948221562949001, 40.570403088964497 ], [ -111.948222562772997, 40.570436089585002 ], [ -111.948215562201995, 40.570539089328598 ], [ -111.948196562833999, 40.5708490893159 ], [ -111.948191562811004, 40.5709530887654 ], [ -111.948193562461, 40.571135089972003 ], [ -111.948201562856994, 40.571683088553797 ], [ -111.948204564128005, 40.571866088785299 ], [ -111.948205563952996, 40.5721420900447 ], [ -111.948209562355004, 40.572971087986197 ], [ -111.948211268254994, 40.573207105133001 ], [ -111.948211563800996, 40.573248089089198 ], [ -111.948038562649998, 40.573247089464097 ], [ -111.947520564412997, 40.573244089224303 ], [ -111.947348563985997, 40.573244089906602 ], [ -111.946600562900002, 40.573246088474399 ], [ -111.945598563166996, 40.573251090011198 ], [ -111.945468562572998, 40.573251090693503 ], [ -111.945309562564006, 40.573251089328799 ], [ -111.945081562957995, 40.5732520889539 ], [ -111.944953562014007, 40.573253089943499 ], [ -111.943690561267005, 40.573257089807797 ], [ -111.941438562105006, 40.5732650902182 ], [ -111.941293561441, 40.573266089842903 ], [ -111.939905561021007, 40.573203090254196 ], [ -111.938686272295996, 40.573148898919698 ] ] ] } },
{ "type": "Feature", "properties": { "PrecinctID": "SJD023", "VistaID": "SJD023", "CountyID": 18, "SubPrecinctID": null, "AliasName": null, "VersionNbr": null }, "geometry": { "type": "Polygon", "coordinates": [ [ [ -111.929149558711998, 40.572497090816498 ], [ -111.929149559609996, 40.571722089841998 ], [ -111.929149557814, 40.571438028222097 ], [ -111.929149560509003, 40.570456090428699 ], [ -111.929150558537003, 40.569337090295299 ], [ -111.929147559062002, 40.568751091032397 ], [ -111.929143557966, 40.567792090005902 ], [ -111.929140557593001, 40.566993089751897 ], [ -111.929138559739997, 40.566408090845897 ], [ -111.929136557394997, 40.5661370898424 ], [ -111.929130558446005, 40.565325088862899 ], [ -111.929129557722007, 40.565055089363497 ], [ -111.929128558795995, 40.564896088390398 ], [ -111.929127558073006, 40.564419090029297 ], [ -111.929127557173999, 40.564261089352001 ], [ -111.929126559145999, 40.564149089604797 ], [ -111.929125557524003, 40.563814089687199 ], [ -111.929125558422996, 40.563703089642097 ], [ -111.929124558598005, 40.563405090670102 ], [ -111.929121557325999, 40.562514090609703 ], [ -111.929121557325999, 40.562217089546301 ], [ -111.929263284529, 40.562197810320399 ], [ -111.929387296954005, 40.5621809408225 ], [ -111.931681103708996, 40.562217730367202 ], [ -111.933356405119994, 40.562278081473799 ], [ -111.938446957511005, 40.562329701270997 ], [ -111.938662896335998, 40.5623318871558 ], [ -111.938666381798996, 40.562668862665397 ], [ -111.938676035992998, 40.563602295930302 ], [ -111.938654962415001, 40.5653069658673 ], [ -111.938659304870995, 40.565869987050398 ], [ -111.938662255837002, 40.5664186272191 ], [ -111.938670788036006, 40.567622131491198 ], [ -111.938672548732995, 40.5679184657576 ], [ -111.938688801053999, 40.569236785462799 ], [ -111.938691687341006, 40.569685182579597 ], [ -111.938702029644006, 40.570878903085699 ], [ -111.938707401569999, 40.571714268023797 ], [ -111.938689307703001, 40.572942818603998 ], [ -111.938686272295996, 40.573148898919698 ], [ -111.938685339844994, 40.573148857296999 ], [ -111.938645561545997, 40.573147089356901 ], [ -111.935893561892996, 40.573160090641601 ], [ -111.934074761801995, 40.573154316690399 ], [ -111.933689559716001, 40.573153090527498 ], [ -111.932010559941006, 40.573145089421402 ], [ -111.931438560378993, 40.5731490899745 ], [ -111.930995559790006, 40.573103090763503 ], [ -111.930766560359999, 40.573004090752001 ], [ -111.930575560563994, 40.572889091051003 ], [ -111.930339558765994, 40.572691090930597 ], [ -111.930133558901005, 40.572595090578602 ], [ -111.929858560338005, 40.572527089449999 ], [ -111.929629559111007, 40.5724960904979 ], [ -111.929149558711998, 40.572497090816498 ] ] ] } },
{ "type": "Feature", "properties": { "PrecinctID": "SJD024", "VistaID": "SJD024", "CountyID": 18, "SubPrecinctID": null, "AliasName": null, "VersionNbr": null }, "geometry": { "type": "Polygon", "coordinates": [ [ [ -111.920887263462006, 40.572444371413098 ], [ -111.920885866581997, 40.572444335931102 ], [ -111.920876556441996, 40.572444090968801 ], [ -111.920636556242997, 40.5724520914764 ], [ -111.920544556181, 40.572456092071 ], [ -111.920226557061994, 40.572475091991997 ], [ -111.919919556017007, 40.572481091175902 ], [ -111.919680558338001, 40.572487091041602 ], [ -111.919446557986006, 40.572488092042597 ], [ -111.919317557216004, 40.572484091450001 ], [ -111.919290558349999, 40.572484091450001 ], [ -111.919167557427997, 40.572469091442898 ], [ -111.919056556201994, 40.572450091520203 ], [ -111.918933557974995, 40.572422090762302 ], [ -111.918802556656999, 40.572382091608802 ], [ -111.918647556845997, 40.572343091387602 ], [ -111.918432555863006, 40.572260090631303 ], [ -111.918268555831006, 40.572209090559397 ], [ -111.918190556911995, 40.572185091676197 ], [ -111.917917556201999, 40.572120091785898 ], [ -111.917865556324003, 40.5721080913059 ], [ -111.917677557798996, 40.572083091379298 ], [ -111.917443557447996, 40.572060090728897 ], [ -111.917248557454002, 40.5720490919281 ], [ -111.917195557750006, 40.572046090952199 ], [ -111.916935556561, 40.572047090595099 ], [ -111.916686557039, 40.572073092224798 ], [ -111.916432556596007, 40.572101091081699 ], [ -111.916342556184006, 40.572109091630303 ], [ -111.916092555939002, 40.572130091615698 ], [ -111.915903555792994, 40.572147091664 ], [ -111.915776555571, 40.572159091454701 ], [ -111.915776453164, 40.5721591010076 ], [ -111.915705004759005, 40.572068931255103 ], [ -111.915318477659, 40.571581130479998 ], [ -111.914702476816998, 40.571008129370298 ], [ -111.914436475779993, 40.5707711293703 ], [ -111.914425477706004, 40.570765131397899 ], [ -111.914020476752, 40.5705561300407 ], [ -111.912597476171001, 40.570004131724403 ], [ -111.911925475253, 40.5696051311633 ], [ -111.911466473873006, 40.569284130252299 ], [ -111.910929475369002, 40.568755130744101 ], [ -111.909650475627004, 40.567411129764601 ], [ -111.909163474657007, 40.566731130245898 ], [ -111.909015473620002, 40.566314128705997 ], [ -111.908777473968996, 40.565486130608697 ], [ -111.908597475841006, 40.5646831290629 ], [ -111.908615475383996, 40.563662130549602 ], [ -111.908528472650005, 40.562992129622799 ], [ -111.908382472162003, 40.562598128488602 ], [ -111.908370473364997, 40.562512129256 ], [ -111.908266473607995, 40.561737130028703 ], [ -111.908164473501003, 40.561289128036499 ], [ -111.908036472556006, 40.560464130010999 ], [ -111.907778475507996, 40.559871127991997 ], [ -111.907743472652996, 40.559676128422304 ], [ -111.907953947026002, 40.5590472652041 ], [ -111.907990488695006, 40.558938089040801 ], [ -111.907990553372997, 40.558938090405803 ], [ -111.908062263188, 40.5589388793571 ], [ -111.908081552712005, 40.5589390902445 ], [ -111.908192552141003, 40.558940091448299 ], [ -111.908486553665995, 40.558941090604499 ], [ -111.908996552405995, 40.558945090641799 ], [ -111.910084553250002, 40.558954089871797 ], [ -111.910181552436001, 40.558959090429198 ], [ -111.912015552919996, 40.559001090456398 ], [ -111.913019554998002, 40.559075090700297 ], [ -111.913061554829994, 40.559078090210399 ], [ -111.913804555892995, 40.559169089619203 ], [ -111.913849555200997, 40.559174090843101 ], [ -111.913920554447998, 40.559183090042303 ], [ -111.915596555646005, 40.559532090965199 ], [ -111.916307556023995, 40.559680090196998 ], [ -111.917126554559999, 40.5598510891787 ], [ -111.917247554933994, 40.559876090262399 ], [ -111.917614554457003, 40.559953089692399 ], [ -111.917736555554001, 40.559979089878802 ], [ -111.918040555328005, 40.560043090137 ], [ -111.918954555195995, 40.560235089862097 ], [ -111.919055700108004, 40.5602566456921 ], [ -111.919259554795005, 40.560300089694003 ], [ -111.919506555566002, 40.560351089969402 ], [ -111.920249557527001, 40.560504090562603 ], [ -111.920497554529007, 40.560555089317603 ], [ -111.920669406735001, 40.560595028658398 ], [ -111.921633555952994, 40.560819089679001 ], [ -111.922065555773003, 40.560920089591001 ], [ -111.923115556083999, 40.561176090070497 ], [ -111.925034556957002, 40.561645089952698 ], [ -111.925656556747995, 40.561798088953203 ], [ -111.926171558204999, 40.561910089904501 ], [ -111.926597558178003, 40.562002089351402 ], [ -111.926751557265007, 40.5620360884473 ], [ -111.926789557798003, 40.5620450899915 ], [ -111.926906557075995, 40.5620580893385 ], [ -111.927475557163007, 40.562125089712502 ], [ -111.928527558023006, 40.562183090542298 ], [ -111.929110366114998, 40.562216449407799 ], [ -111.929121557325999, 40.562217089546301 ], [ -111.929121557325999, 40.562514090609703 ], [ -111.929124558598005, 40.563405090670102 ], [ -111.929125558422996, 40.563703089642097 ], [ -111.929125557524003, 40.563814089687199 ], [ -111.929126559145999, 40.564149089604797 ], [ -111.929127557173999, 40.564261089352001 ], [ -111.929127558073006, 40.564419090029297 ], [ -111.929128558795995, 40.564896088390398 ], [ -111.929129557722007, 40.565055089363497 ], [ -111.929130558446005, 40.565325088862899 ], [ -111.929136557394997, 40.5661370898424 ], [ -111.929138559739997, 40.566408090845897 ], [ -111.929140557593001, 40.566993089751897 ], [ -111.929143557966, 40.567792090005902 ], [ -111.929147559062002, 40.568751091032397 ], [ -111.929150558537003, 40.569337090295299 ], [ -111.929149560509003, 40.570456090428699 ], [ -111.929149557814, 40.571438028222097 ], [ -111.929149559609996, 40.571722089841998 ], [ -111.929149558711998, 40.572497090816498 ], [ -111.928879588019996, 40.572493349515703 ], [ -111.928716559066999, 40.572491090269402 ], [ -111.927426557657995, 40.572481089811198 ], [ -111.926996559284007, 40.572478090219398 ], [ -111.926749559412002, 40.572476090263898 ], [ -111.926008559794994, 40.572472089670498 ], [ -111.925762557951003, 40.572471090033901 ], [ -111.925516557904004, 40.572468091123902 ], [ -111.924779558485, 40.572459090981503 ], [ -111.924534559161003, 40.572456091388702 ], [ -111.924263559, 40.572454091432597 ], [ -111.923452559062994, 40.572451091157198 ], [ -111.923182558725998, 40.572450092202502 ], [ -111.922720556971996, 40.572450090837897 ], [ -111.921443556880007, 40.5724510904748 ], [ -111.921337557472995, 40.5724520914764 ], [ -111.921220559991994, 40.572453091113303 ], [ -111.920887263462006, 40.572444371413098 ] ] ] } },
{ "type": "Feature", "properties": { "PrecinctID": "SJD025", "VistaID": "SJD025", "CountyID": 18, "SubPrecinctID": null, "AliasName": null, "VersionNbr": null }, "geometry": { "type": "Polygon", "coordinates": [ [ [ -111.901970904026996, 40.569723163518603 ], [ -111.901957553265007, 40.569723093234103 ], [ -111.901955228424995, 40.569723064574397 ], [ -111.901875553248999, 40.569722091509298 ], [ -111.901063553488001, 40.569717092438196 ], [ -111.900793554049002, 40.569716092078103 ], [ -111.900598552258998, 40.569715092400202 ], [ -111.900421552707002, 40.569715091717903 ], [ -111.900300829014, 40.569714293340397 ], [ -111.900270553094003, 40.5697140927224 ], [ -111.900111553086006, 40.5697090936508 ], [ -111.899966553320994, 40.567980091890703 ], [ -111.899868553410997, 40.566950091608 ], [ -111.899762552208003, 40.565989091238499 ], [ -111.899743552839993, 40.565811092723699 ], [ -111.899668551597998, 40.565349092936103 ], [ -111.899620387525999, 40.565049655241303 ], [ -111.899604759534995, 40.564952500869303 ], [ -111.899539027111004, 40.564543833643697 ], [ -111.899364550925995, 40.563459091305901 ], [ -111.899271304002994, 40.562992275665401 ], [ -111.899249623163996, 40.562883731736903 ], [ -111.899229449697003, 40.562782738882397 ], [ -111.899204551991005, 40.562658092305298 ], [ -111.899089552362994, 40.5620850919113 ], [ -111.898926551258, 40.561272091789398 ], [ -111.898641551750998, 40.559883092447798 ], [ -111.898462551650994, 40.559098091035999 ], [ -111.898447550683997, 40.5590340905568 ], [ -111.898442550661002, 40.559013090556903 ], [ -111.898419551095003, 40.558911090658398 ], [ -111.898418550372, 40.558893090820803 ], [ -111.898455551080005, 40.558893090820803 ], [ -111.900333550149, 40.558894090660203 ], [ -111.900702550218995, 40.558895090499703 ], [ -111.900873551719997, 40.558895090499703 ], [ -111.901066552962007, 40.558891090459397 ], [ -111.902330553534, 40.558865091215402 ], [ -111.902411551927997, 40.558863090853201 ], [ -111.902499551792005, 40.5588610904909 ], [ -111.902641551184004, 40.558931090851502 ], [ -111.902715551702002, 40.558968090339803 ], [ -111.903070392526999, 40.5589613815267 ], [ -111.903191551903006, 40.558959090429198 ], [ -111.903239458159007, 40.5589582550693 ], [ -111.904622552879005, 40.558934090368098 ], [ -111.904683551182003, 40.558933090529202 ], [ -111.905100552730005, 40.558928089969797 ], [ -111.905307551521005, 40.5589250911354 ], [ -111.905678551242005, 40.558921090414501 ], [ -111.906181553004004, 40.558916090536599 ], [ -111.907412552167003, 40.558930090330101 ], [ -111.907877552496998, 40.558936090045698 ], [ -111.907990488695006, 40.558938089040801 ], [ -111.907953947026002, 40.5590472652041 ], [ -111.907743472652996, 40.559676128422304 ], [ -111.907778475507996, 40.559871127991997 ], [ -111.908036472556006, 40.560464130010999 ], [ -111.908164473501003, 40.561289128036499 ], [ -111.908266473607995, 40.561737130028703 ], [ -111.908370473364997, 40.562512129256 ], [ -111.908382472162003, 40.562598128488602 ], [ -111.908528472650005, 40.562992129622799 ], [ -111.908615475383996, 40.563662130549602 ], [ -111.908597475841006, 40.5646831290629 ], [ -111.908777473968996, 40.565486130608697 ], [ -111.909015473620002, 40.566314128705997 ], [ -111.909163474657007, 40.566731130245898 ], [ -111.909650475627004, 40.567411129764601 ], [ -111.910929475369002, 40.568755130744101 ], [ -111.911466473873006, 40.569284130252299 ], [ -111.911925475253, 40.5696051311633 ], [ -111.912597476171001, 40.570004131724403 ], [ -111.914020476752, 40.5705561300407 ], [ -111.914425477706004, 40.570765131397899 ], [ -111.914436475779993, 40.5707711293703 ], [ -111.914702476816998, 40.571008129370298 ], [ -111.915318477659, 40.571581130479998 ], [ -111.915705004759005, 40.572068931255103 ], [ -111.915776453164, 40.5721591010076 ], [ -111.915657555745995, 40.572170091602203 ], [ -111.915423555394, 40.572191090886001 ], [ -111.914784556783005, 40.5722230916668 ], [ -111.914292555789999, 40.572263091597698 ], [ -111.914084555377997, 40.5722590916738 ], [ -111.913902556701004, 40.572235090761502 ], [ -111.913733556647003, 40.572202091028203 ], [ -111.913570557338005, 40.572162091060797 ], [ -111.913415555731007, 40.5721080913059 ], [ -111.913290556955999, 40.572054090824899 ], [ -111.913179556627995, 40.572001092673503 ], [ -111.913037557235995, 40.571957092644098 ], [ -111.912855556763006, 40.5719070906217 ], [ -111.912788556815997, 40.571891090839998 ], [ -111.912698555505997, 40.571870091462003 ], [ -111.912314556263993, 40.571805092630399 ], [ -111.911943556544003, 40.571733091425997 ], [ -111.911722556610997, 40.571694092191201 ], [ -111.911552554935, 40.5716490916288 ], [ -111.911410555543, 40.571596091109498 ], [ -111.911292556440003, 40.571541091929603 ], [ -111.911189554711001, 40.571482092051902 ], [ -111.911115554193003, 40.571428091748103 ], [ -111.911070555783994, 40.571394091281803 ], [ -111.910908554504005, 40.571246091338402 ], [ -111.910744554472998, 40.571086090404499 ], [ -111.910542555705007, 40.570919091469499 ], [ -111.910346554089003, 40.570767091145001 ], [ -111.910130555077998, 40.570609091806503 ], [ -111.909628555835994, 40.570329091008503 ], [ -111.909191555093997, 40.570101091794001 ], [ -111.908958556363999, 40.569987092236502 ], [ -111.908761554923998, 40.569910091384003 ], [ -111.908553554511002, 40.569841090580297 ], [ -111.908369554388003, 40.569797091177797 ], [ -111.908195556107998, 40.569769092039301 ], [ -111.907805554324, 40.569731092702199 ], [ -111.907638553021002, 40.5697340924172 ], [ -111.907528553416, 40.569736092454598 ], [ -111.907025555247003, 40.569736091772199 ], [ -111.906580484939994, 40.569736095184098 ], [ -111.906040561522005, 40.569736095184098 ], [ -111.905921341609002, 40.569736095184098 ], [ -111.905187553667005, 40.569736091772199 ], [ -111.904575553922001, 40.5697370928144 ], [ -111.904549553083996, 40.569737092132101 ], [ -111.904472553990004, 40.569737092132101 ], [ -111.904447552977004, 40.569737091449703 ], [ -111.903986553742996, 40.569734091052503 ], [ -111.902606553718996, 40.569726092267103 ], [ -111.902146553411001, 40.569724091547002 ], [ -111.901970904026996, 40.569723163518603 ] ] ] } },
{ "type": "Feature", "properties": { "PrecinctID": "SJD026", "VistaID": "SJD026", "CountyID": 18, "SubPrecinctID": null, "AliasName": null, "VersionNbr": null }, "geometry": { "type": "Polygon", "coordinates": [ [ [ -112.032370970507003, 40.561244002411797 ], [ -112.032369579017001, 40.561234081485701 ], [ -112.032341369221996, 40.560560848659101 ], [ -112.032362942264001, 40.560559936200399 ], [ -112.032296022267005, 40.559640246539601 ], [ -112.032217642461006, 40.5585620632935 ], [ -112.032196436831001, 40.558270261654002 ], [ -112.032096136335994, 40.556891000795098 ], [ -112.032069501288007, 40.556586104786497 ], [ -112.032042376657998, 40.556347528305103 ], [ -112.032009856746001, 40.556109359798597 ], [ -112.031971870586005, 40.555871602001503 ], [ -112.031908147693002, 40.555536293111302 ], [ -112.031879574081003, 40.555397859108503 ], [ -112.031825335600004, 40.555161985276399 ], [ -112.031765707228004, 40.554926903706999 ], [ -112.031700685372002, 40.5546926164563 ], [ -112.031630347285002, 40.554459230007197 ], [ -112.031554615713006, 40.554226803066904 ], [ -112.031473641573001, 40.553995442120701 ], [ -112.031387349406998, 40.5537652024652 ], [ -112.031295811977998, 40.553536085476999 ], [ -112.031199105642997, 40.5533083095808 ], [ -112.031097154045, 40.553081818821703 ], [ -112.031003496590998, 40.552885045334698 ], [ -112.030877738740003, 40.552633027215599 ], [ -112.030760423255003, 40.552410942765199 ], [ -112.030724146588994, 40.552345596728301 ], [ -112.030663202184996, 40.552235804895297 ], [ -112.030638008034998, 40.552190419941098 ], [ -112.030510569434995, 40.551971564554798 ], [ -112.030378108354995, 40.551754434639903 ], [ -112.030240766727999, 40.551539083452901 ], [ -112.030098474485001, 40.551325621585903 ], [ -112.030061563608996, 40.551271493079199 ], [ -112.029979730679003, 40.551151305413697 ], [ -112.030151778717993, 40.551054370450203 ], [ -112.031049007939004, 40.550548838308003 ], [ -112.033090036857999, 40.549534981062401 ], [ -112.034756922851003, 40.548622715323802 ], [ -112.034786159421003, 40.548606714754101 ], [ -112.034836710316995, 40.548579049411302 ], [ -112.035536133207003, 40.548196246718803 ], [ -112.035577656033993, 40.5481735211361 ], [ -112.035989217384994, 40.547948264890003 ], [ -112.036036279225002, 40.547922507131297 ], [ -112.036205231668006, 40.5478546488538 ], [ -112.036904359911006, 40.547455462332699 ], [ -112.037650822182997, 40.5470460097836 ], [ -112.038185509322005, 40.546756066526498 ], [ -112.038251700784997, 40.546720171575998 ], [ -112.039511208882004, 40.5458929843997 ], [ -112.039768834925994, 40.545791223225798 ], [ -112.040010787163993, 40.5457096278205 ], [ -112.040289817366002, 40.545648008489302 ], [ -112.040526951939995, 40.545630829690303 ], [ -112.040630440556001, 40.545630351856701 ], [ -112.042320125790994, 40.545835056831997 ], [ -112.042421886946002, 40.545847384218 ], [ -112.042949813364004, 40.545917351766498 ], [ -112.043250470507004, 40.545923974511702 ], [ -112.045551600327997, 40.545937136038503 ], [ -112.045581568125996, 40.545937307375198 ], [ -112.047840999949003, 40.546017864927599 ], [ -112.048088477725003, 40.545986479624403 ], [ -112.048337317347006, 40.545962160748502 ], [ -112.048587174760002, 40.545944941073202 ], [ -112.048837699621004, 40.545934845178103 ], [ -112.049088543384997, 40.545931887401302 ], [ -112.049339357503996, 40.545936070474397 ], [ -112.049589792532998, 40.545947390300299 ], [ -112.049839499927998, 40.545965830492499 ], [ -112.050088131140996, 40.545991365788403 ], [ -112.050335340320004, 40.5460239600012 ], [ -112.050580782514004, 40.546063567385502 ], [ -112.050824118158005, 40.546110132637097 ], [ -112.051065006791006, 40.5461635929408 ], [ -112.051303112444003, 40.5462238718276 ], [ -112.051538103637, 40.5462908860002 ], [ -112.051769653384994, 40.546364541920603 ], [ -112.051997440090005, 40.546444737857797 ], [ -112.052221146647, 40.5465313604751 ], [ -112.052440459544002, 40.546624290973298 ], [ -112.05265507515, 40.546723398948203 ], [ -112.052864694326004, 40.5468285464856 ], [ -112.053069024223007, 40.546939586796803 ], [ -112.053267780970998, 40.547056366266297 ], [ -112.053460687889995, 40.547178721721899 ], [ -112.054302098494006, 40.547718146422199 ], [ -112.055148160575001, 40.548253326511897 ], [ -112.055998837301004, 40.548784239567198 ], [ -112.056854091841998, 40.549310863164301 ], [ -112.057225918013003, 40.549454095323803 ], [ -112.057601194613, 40.549591994869502 ], [ -112.057979789588998, 40.549724512005902 ], [ -112.058361569992002, 40.549851599667498 ], [ -112.058746403767998, 40.549973214882698 ], [ -112.059134154373993, 40.550089314679298 ], [ -112.059524687061995, 40.550199858131599 ], [ -112.059917863492004, 40.550304805677897 ], [ -112.060254372398006, 40.550335791700803 ], [ -112.060591766143006, 40.5503605676764 ], [ -112.060929845304003, 40.550379117912499 ], [ -112.061268413147999, 40.550391432858397 ], [ -112.061607272046004, 40.550397505009201 ], [ -112.061946224368995, 40.550397330953601 ], [ -112.062285072487995, 40.550390911374201 ], [ -112.062623618771994, 40.5503782489996 ], [ -112.063285475016002, 40.550375070266099 ], [ -112.062825583404006, 40.551293077732602 ], [ -112.062707583404006, 40.551605078707503 ], [ -112.062572584582995, 40.551825078573501 ], [ -112.062437583965007, 40.552080077715402 ], [ -112.062289583826995, 40.5523450779895 ], [ -112.062156582859004, 40.552682078515502 ], [ -112.062068584792002, 40.552946077844098 ], [ -112.062024584412001, 40.553212078027997 ], [ -112.061921583580997, 40.553513077769999 ], [ -112.061893584890001, 40.553812078375898 ], [ -112.061884583771004, 40.5538510777927 ], [ -112.061819585270001, 40.554137078736801 ], [ -112.061793585331003, 40.554446077663101 ], [ -112.061809584325999, 40.554678077945198 ], [ -112.061811584875002, 40.554942079641997 ], [ -112.061799584281005, 40.555277079595903 ], [ -112.061846584136006, 40.555541078248297 ], [ -112.061885583595995, 40.555849078317898 ], [ -112.061949584966996, 40.556131078712497 ], [ -112.062054585447001, 40.5564130786018 ], [ -112.062107585150997, 40.556976079044098 ], [ -112.062145584785, 40.557257078240397 ], [ -112.06223858557, 40.557819078554701 ], [ -112.062274585555002, 40.557999078235902 ], [ -112.062285585425997, 40.558100079672698 ], [ -112.062290585449006, 40.558154077763199 ], [ -112.062320583789003, 40.558383078622803 ], [ -112.062356584672997, 40.558622078499901 ], [ -112.062374901320993, 40.558741153953498 ], [ -112.062380584064002, 40.558778078473303 ], [ -112.062386585707998, 40.558848078920803 ], [ -112.062407583828005, 40.559047079568799 ], [ -112.062490585465, 40.559856080114599 ], [ -112.062519586676004, 40.560126079429203 ], [ -112.06256758456, 40.560366080408201 ], [ -112.062695586402995, 40.560995080014401 ], [ -112.062715584697997, 40.561086078864903 ], [ -112.062768585300006, 40.5613260798143 ], [ -112.062769886957994, 40.561332138689103 ], [ -112.062228248655998, 40.561333118700801 ], [ -112.060574247199, 40.5613361201572 ], [ -112.060023249349996, 40.561338119080602 ], [ -112.059099249434993, 40.561341120536703 ], [ -112.056327247894004, 40.5613491210067 ], [ -112.055404247804006, 40.561353119535198 ], [ -112.055246245823994, 40.561197120102698 ], [ -112.055188246097998, 40.561109120822302 ], [ -112.055138247665994, 40.560972119913302 ], [ -112.055080247939003, 40.5608341202784 ], [ -112.054987247154003, 40.560736120354903 ], [ -112.054800245760006, 40.560637120474603 ], [ -112.054691246877994, 40.560549121140603 ], [ -112.054648247220996, 40.560461120326003 ], [ -112.054612246337001, 40.560428120246598 ], [ -112.054548246763005, 40.560417120898997 ], [ -112.054439246084996, 40.560456120563202 ], [ -112.054267246555995, 40.5604501216663 ], [ -112.054065246890005, 40.560384121480404 ], [ -112.053885246066002, 40.560357120951302 ], [ -112.053640245843994, 40.560362119356597 ], [ -112.053323245651001, 40.560379119664397 ], [ -112.053179244812995, 40.560379119664397 ], [ -112.052964244728003, 40.560324120820603 ], [ -112.052733245648, 40.5602471211349 ], [ -112.052488246322994, 40.5602031208848 ], [ -112.052196245347005, 40.5602061217093 ], [ -112.052078246245003, 40.560208120666502 ], [ -112.051840244797006, 40.560175121144901 ], [ -112.051689246082006, 40.5602361210751 ], [ -112.051596245297006, 40.560335120866 ], [ -112.051603245867994, 40.560450119618899 ], [ -112.051581244331004, 40.560527121118398 ], [ -112.051466244702993, 40.5605871215962 ], [ -112.05135124777, 40.560598122280901 ], [ -112.051099243383007, 40.560587120913802 ], [ -112.050839245787003, 40.560549121140603 ], [ -112.050667244462005, 40.560505121089001 ], [ -112.050472244467997, 40.560433122058903 ], [ -112.050012245058994, 40.560296121813799 ], [ -112.049788244753003, 40.5601531209998 ], [ -112.049565245170001, 40.560049121146598 ], [ -112.049277243492995, 40.559966121521803 ], [ -112.049061243582997, 40.559856121063 ], [ -112.048831243429007, 40.559791121482498 ], [ -112.048593242880003, 40.559785121843497 ], [ -112.048298245124002, 40.559725120646902 ], [ -112.047859242935999, 40.559571120491498 ], [ -112.047571243953996, 40.559461120748601 ], [ -112.047196244035007, 40.559406121833 ], [ -112.047052241399996, 40.559368121389497 ], [ -112.046765242242998, 40.5592251220056 ], [ -112.046620242477999, 40.559197121856599 ], [ -112.046332244395003, 40.5592251220056 ], [ -112.046145243899005, 40.5591921206344 ], [ -112.045893243105994, 40.5591041214483 ], [ -112.045706243507993, 40.559005120519402 ], [ -112.045497242371994, 40.558955121787001 ], [ -112.045281241563998, 40.558933122606 ], [ -112.045044239941006, 40.558917122452499 ], [ -112.044648241901996, 40.558813122044 ], [ -112.04438124104, 40.558719121942701 ], [ -112.043971240063001, 40.558653122097702 ], [ -112.043827241919999, 40.5586531227802 ], [ -112.043741240808004, 40.558681121109302 ], [ -112.043568240555004, 40.558791122133798 ], [ -112.043381241855997, 40.5588181212471 ], [ -112.043179240393002, 40.558878121891702 ], [ -112.042977241624996, 40.5589611221829 ], [ -112.042855242323995, 40.558972122452197 ], [ -112.042668242727004, 40.558955121787001 ], [ -112.042459240693006, 40.5588781225742 ], [ -112.042293240112997, 40.558823122497202 ], [ -112.0420852397, 40.5587851217227 ], [ -112.041962239677005, 40.558790122975303 ], [ -112.041854241517996, 40.558807122317397 ], [ -112.041744242812001, 40.558866121767103 ], [ -112.041732239523, 40.5588731226931 ], [ -112.041559241067006, 40.558905123699802 ], [ -112.041386239917003, 40.558911122052699 ], [ -112.041228239733002, 40.558900121090801 ], [ -112.040853239813998, 40.558845121714398 ], [ -112.040234239498005, 40.558796122703399 ], [ -112.039903239959997, 40.5587241211528 ], [ -112.03974523798, 40.558697123366599 ], [ -112.039608240407006, 40.558680123314097 ], [ -112.039413240414007, 40.558746121767498 ], [ -112.039269240473999, 40.558823122497202 ], [ -112.039169240015994, 40.558938121799997 ], [ -112.039125241432004, 40.559004122046602 ], [ -112.039082239078994, 40.559081123162002 ], [ -112.038967239450997, 40.559141122206 ], [ -112.038348239135004, 40.559427122392201 ], [ -112.038302240003006, 40.559461122796002 ], [ -112.037973239216996, 40.5597071244405 ], [ -112.037822238705999, 40.559794122325499 ], [ -112.037635237310994, 40.559860123093102 ], [ -112.037368240041999, 40.560003123168002 ], [ -112.037278239630993, 40.5600331233072 ], [ -112.037131239318001, 40.560085122242697 ], [ -112.0368212379, 40.560151124088399 ], [ -112.036691239101998, 40.560184122939397 ], [ -112.036202240278001, 40.560211122855797 ], [ -112.036072238784996, 40.560244123042203 ], [ -112.035719238607996, 40.560442123136198 ], [ -112.035244239129995, 40.560491124354797 ], [ -112.034992240132993, 40.560442123818703 ], [ -112.034668236675003, 40.560486123911701 ], [ -112.034574237862003, 40.560535122368201 ], [ -112.034351239177994, 40.560623124450501 ], [ -112.033991236632005, 40.560804124592899 ], [ -112.033911238960997, 40.560857123422103 ], [ -112.033667239462005, 40.561024123579102 ], [ -112.033544238540003, 40.5610621230826 ], [ -112.033372239011001, 40.561078124088397 ], [ -112.033069237266005, 40.561040124594001 ], [ -112.032839237112, 40.561062123765097 ], [ -112.032794237805007, 40.561074126225897 ], [ -112.032608237133005, 40.561122123763397 ], [ -112.032386983875995, 40.5612371382257 ], [ -112.032381238251006, 40.561240123989798 ], [ -112.032370970507003, 40.561244002411797 ] ] ] } },
{ "type": "Feature", "properties": { "PrecinctID": "SJD027", "VistaID": "SJD027", "CountyID": 18, "SubPrecinctID": null, "AliasName": null, "VersionNbr": null }, "geometry": { "type": "Polygon", "coordinates": [ [ [ -112.015957179113002, 40.565980163242699 ], [ -112.015957073112006, 40.5659664372061 ], [ -112.015956114608997, 40.565841574091102 ], [ -112.015955613350002, 40.565791832958098 ], [ -112.015954865053004, 40.565717844234001 ], [ -112.016151341877006, 40.565620435608402 ], [ -112.016537498871003, 40.565413855097603 ], [ -112.016686563513005, 40.565333015838 ], [ -112.016947363304993, 40.565191576925102 ], [ -112.017465269015005, 40.564911506373001 ], [ -112.017817080721997, 40.564723463794301 ], [ -112.018095785734005, 40.564587347200401 ], [ -112.018367119169994, 40.5644953451649 ], [ -112.018689801207003, 40.564434298616298 ], [ -112.019022552459006, 40.564362776053002 ], [ -112.019293997286994, 40.5642759874696 ], [ -112.019184532180006, 40.5641460780381 ], [ -112.019159866238994, 40.564116806531203 ], [ -112.019130481446993, 40.564081931567799 ], [ -112.017793795491002, 40.562689682717803 ], [ -112.016669084992998, 40.561544903258699 ], [ -112.016268434579004, 40.561155733621 ], [ -112.015692905536, 40.560513811633797 ], [ -112.015458310499994, 40.560294039597899 ], [ -112.015129210899005, 40.5599475800839 ], [ -112.015098578348002, 40.559915332519999 ], [ -112.014789581246006, 40.559604155799697 ], [ -112.014747127763997, 40.559560783006198 ], [ -112.014736364149996, 40.559549785563497 ], [ -112.014808872567002, 40.559509042322603 ], [ -112.015088583692005, 40.559347851747603 ], [ -112.015146966998998, 40.559314207540702 ], [ -112.015573289466005, 40.559068525219097 ], [ -112.016146693094996, 40.558745330084001 ], [ -112.016500755080997, 40.558545761391699 ], [ -112.016698070931994, 40.558434545816198 ], [ -112.016743698162003, 40.5584088630699 ], [ -112.016830567046, 40.558359964065602 ], [ -112.017187493760005, 40.5581590510807 ], [ -112.017831152830993, 40.557796730927599 ], [ -112.018558926550995, 40.557388692275701 ], [ -112.018683857952993, 40.557281690584901 ], [ -112.021503114471003, 40.5557012781019 ], [ -112.023790979769004, 40.554418638602499 ], [ -112.023806996730997, 40.554407808900002 ], [ -112.023902537053004, 40.554343203992602 ], [ -112.023978891157, 40.554303527109198 ], [ -112.024030820068006, 40.554276541190902 ], [ -112.024062249425, 40.554260207531698 ], [ -112.024118323164004, 40.554231069573298 ], [ -112.024123690596994, 40.554228108067797 ], [ -112.024135699276002, 40.554221480683502 ], [ -112.024146576077996, 40.5542330809945 ], [ -112.024260575880007, 40.554133080459799 ], [ -112.024926576051996, 40.5537280806575 ], [ -112.026570576566002, 40.552783080465403 ], [ -112.027822638526999, 40.552151917820801 ], [ -112.027896803437002, 40.552113073719099 ], [ -112.027940405864001, 40.552089365905701 ], [ -112.028299255871005, 40.551894259715802 ], [ -112.028619257334995, 40.551737892867997 ], [ -112.028797717546993, 40.551687183626399 ], [ -112.029669529835004, 40.551291940584797 ], [ -112.029806283065994, 40.551229941424403 ], [ -112.029861172824994, 40.551205055877901 ], [ -112.029979730679003, 40.551151305413697 ], [ -112.030061563608996, 40.551271493079199 ], [ -112.030098474485001, 40.551325621585903 ], [ -112.030240766727999, 40.551539083452901 ], [ -112.030378108354995, 40.551754434639903 ], [ -112.030510569434995, 40.551971564554798 ], [ -112.030638008034998, 40.552190419941098 ], [ -112.030663202184996, 40.552235804895297 ], [ -112.030724146588994, 40.552345596728301 ], [ -112.030760423255003, 40.552410942765199 ], [ -112.030877738740003, 40.552633027215599 ], [ -112.031003496590998, 40.552885045334698 ], [ -112.031097154045, 40.553081818821703 ], [ -112.031199105642997, 40.5533083095808 ], [ -112.031295811977998, 40.553536085476999 ], [ -112.031387349406998, 40.5537652024652 ], [ -112.031473641573001, 40.553995442120701 ], [ -112.031554615713006, 40.554226803066904 ], [ -112.031630347285002, 40.554459230007197 ], [ -112.031700685372002, 40.5546926164563 ], [ -112.031765707228004, 40.554926903706999 ], [ -112.031825335600004, 40.555161985276399 ], [ -112.031879574081003, 40.555397859108503 ], [ -112.031908147693002, 40.555536293111302 ], [ -112.031971870586005, 40.555871602001503 ], [ -112.032009856746001, 40.556109359798597 ], [ -112.032042376657998, 40.556347528305103 ], [ -112.032069501288007, 40.556586104786497 ], [ -112.032096136335994, 40.556891000795098 ], [ -112.032196436831001, 40.558270261654002 ], [ -112.032217642461006, 40.5585620632935 ], [ -112.032296022267005, 40.559640246539601 ], [ -112.032362942264001, 40.560559936200399 ], [ -112.032341369221996, 40.560560848659101 ], [ -112.032369579017001, 40.561234081485701 ], [ -112.032370970507003, 40.561244002411797 ], [ -112.032642579726996, 40.5631780819729 ], [ -112.033115699031001, 40.5653632544822 ], [ -112.033154081348002, 40.565540519225301 ], [ -112.033211580713001, 40.565806081759497 ], [ -112.033226892496998, 40.565874230295101 ], [ -112.033251580896007, 40.565984083017199 ], [ -112.031950579615994, 40.5659810824517 ], [ -112.029382580085993, 40.565977082152401 ], [ -112.027054578958996, 40.565973083217699 ], [ -112.027055578784001, 40.567328082629402 ], [ -112.026193578793993, 40.567327082233497 ], [ -112.026185577499007, 40.565972082119202 ], [ -112.024025577499998, 40.5659710830679 ], [ -112.017749576819995, 40.565986084531502 ], [ -112.017107295765001, 40.565983964959898 ], [ -112.016845551844, 40.5659831003439 ], [ -112.016827554097006, 40.565983040291698 ], [ -112.016753503272994, 40.565982795988198 ], [ -112.016063140791005, 40.565980512637701 ], [ -112.015957179113002, 40.565980163242699 ] ] ] } },
{ "type": "Feature", "properties": { "PrecinctID": "SJD028", "VistaID": "SJD028", "CountyID": 18, "SubPrecinctID": null, "AliasName": null, "VersionNbr": null }, "geometry": { "type": "Polygon", "coordinates": [ [ [ -112.005124095962998, 40.565992897049597 ], [ -112.005124019606001, 40.565965447026102 ], [ -112.005122489775005, 40.5654263522134 ], [ -112.005120197275005, 40.5646405443498 ], [ -112.005118944125002, 40.564198726864397 ], [ -112.005116932796994, 40.563993919701602 ], [ -112.005116409977006, 40.563940614896303 ], [ -112.005111031764002, 40.5633927951787 ], [ -112.005113171551002, 40.562502087042198 ], [ -112.005113254196004, 40.562467910064001 ], [ -112.005144248768005, 40.561890133595902 ], [ -112.005152056924004, 40.561890670004601 ], [ -112.005199191526998, 40.5618939102947 ], [ -112.005252835323006, 40.5619037260252 ], [ -112.005304042887005, 40.561919374001299 ], [ -112.005351733547002, 40.561940523911801 ], [ -112.005394894901997, 40.561966725332297 ], [ -112.005432615160998, 40.5619974261528 ], [ -112.005530346474004, 40.5620528917839 ], [ -112.005615349557004, 40.562090515354903 ], [ -112.005671950606995, 40.562102952353001 ], [ -112.005754361152995, 40.5621135480948 ], [ -112.005814899518001, 40.562121330088097 ], [ -112.005956144324998, 40.562123247093901 ], [ -112.006972853072, 40.562125224155402 ], [ -112.008468499510997, 40.562139724196904 ], [ -112.008813430122004, 40.562143065477699 ], [ -112.008961537160005, 40.562144499989998 ], [ -112.009114363945997, 40.562145097817201 ], [ -112.009283779021999, 40.562140520617397 ], [ -112.009444844257004, 40.562136032818401 ], [ -112.009567740077003, 40.562129185102698 ], [ -112.009788458836994, 40.562102862951797 ], [ -112.009994215258004, 40.5620677658247 ], [ -112.010127191970994, 40.562042043525203 ], [ -112.010345828436002, 40.5619876779988 ], [ -112.010642403633994, 40.561882518094599 ], [ -112.010821099205003, 40.561790499374602 ], [ -112.011138659945999, 40.561604160311397 ], [ -112.011402968558002, 40.561458737518102 ], [ -112.011629917134002, 40.561322641583502 ], [ -112.012161012807994, 40.5610263961794 ], [ -112.012552894766003, 40.560788399237502 ], [ -112.013348526325004, 40.5603313468092 ], [ -112.014463375119007, 40.559701221023097 ], [ -112.014517419563006, 40.559671476663802 ], [ -112.014632906076997, 40.559607918977797 ], [ -112.014736364149996, 40.559549785563497 ], [ -112.014747127763997, 40.559560783006198 ], [ -112.014789581246006, 40.559604155799697 ], [ -112.015098578348002, 40.559915332519999 ], [ -112.015129210899005, 40.5599475800839 ], [ -112.015458310499994, 40.560294039597899 ], [ -112.015692905536, 40.560513811633797 ], [ -112.016268434579004, 40.561155733621 ], [ -112.016669084992998, 40.561544903258699 ], [ -112.017793795491002, 40.562689682717803 ], [ -112.019130481446993, 40.564081931567799 ], [ -112.019159866238994, 40.564116806531203 ], [ -112.019184532180006, 40.5641460780381 ], [ -112.019293997286994, 40.5642759874696 ], [ -112.019022552459006, 40.564362776053002 ], [ -112.018689801207003, 40.564434298616298 ], [ -112.018367119169994, 40.5644953451649 ], [ -112.018095785734005, 40.564587347200401 ], [ -112.017817080721997, 40.564723463794301 ], [ -112.017465269015005, 40.564911506373001 ], [ -112.016947363304993, 40.565191576925102 ], [ -112.016686563513005, 40.565333015838 ], [ -112.016537498871003, 40.565413855097603 ], [ -112.016151341877006, 40.565620435608402 ], [ -112.015954865053004, 40.565717844234001 ], [ -112.015955613350002, 40.565791832958098 ], [ -112.015956114608997, 40.565841574091102 ], [ -112.015957073112006, 40.5659664372061 ], [ -112.015957179113002, 40.565980163242699 ], [ -112.015510031901002, 40.565978681043802 ], [ -112.015329577428005, 40.565978083250897 ], [ -112.015315924831995, 40.565978055271998 ], [ -112.014839576084995, 40.565977082834799 ], [ -112.014839872528995, 40.565974385259999 ], [ -112.014839392829003, 40.565974384577501 ], [ -112.013696706142994, 40.565971474772397 ], [ -112.013696686380001, 40.565975957537297 ], [ -112.013696682787, 40.565976602416697 ], [ -112.005255989307997, 40.565992645922002 ], [ -112.005255989307997, 40.5659926063421 ], [ -112.005124095962998, 40.565992897049597 ] ] ] } },
{ "type": "Feature", "properties": { "PrecinctID": "SJD029", "VistaID": "SJD029", "CountyID": 18, "SubPrecinctID": null, "AliasName": null, "VersionNbr": null }, "geometry": { "type": "Polygon", "coordinates": [ [ [ -112.015274573583, 40.549297081150797 ], [ -112.016452574838993, 40.548633080436304 ], [ -112.017497575128004, 40.548037082153101 ], [ -112.017671573409004, 40.547938081242002 ], [ -112.017878574893999, 40.5477830805902 ], [ -112.018016574987001, 40.547924080515301 ], [ -112.021356574993007, 40.551352081073702 ], [ -112.023650575784998, 40.5537040812901 ], [ -112.024046365413994, 40.554126193703603 ], [ -112.024071576633006, 40.554153082080298 ], [ -112.024135699276002, 40.554221480683502 ], [ -112.024123690596994, 40.554228108067797 ], [ -112.024118323164004, 40.554231069573298 ], [ -112.024062249425, 40.554260207531698 ], [ -112.024030820068006, 40.554276541190902 ], [ -112.023978891157, 40.554303527109198 ], [ -112.023902537053004, 40.554343203992602 ], [ -112.023806996730997, 40.554407808900002 ], [ -112.023790979769004, 40.554418638602499 ], [ -112.021503114471003, 40.5557012781019 ], [ -112.018683857952993, 40.557281690584901 ], [ -112.018558926550995, 40.557388692275701 ], [ -112.017831152830993, 40.557796730927599 ], [ -112.017187493760005, 40.5581590510807 ], [ -112.016830567046, 40.558359964065602 ], [ -112.016743698162003, 40.5584088630699 ], [ -112.016698070931994, 40.558434545816198 ], [ -112.016500755080997, 40.558545761391699 ], [ -112.016208754104994, 40.558281500226101 ], [ -112.015831949471007, 40.557940482741103 ], [ -112.015579737573006, 40.557712225653397 ], [ -112.015528346753001, 40.557658642164597 ], [ -112.015494725506002, 40.557623586387102 ], [ -112.015083060848994, 40.557194352279097 ], [ -112.014831275652, 40.556936060421201 ], [ -112.014263585308001, 40.556353606740899 ], [ -112.013368142836001, 40.555429302110298 ], [ -112.012917497583999, 40.554960133778799 ], [ -112.012285418695001, 40.554348524318797 ], [ -112.011991749548002, 40.554097603078397 ], [ -112.011544186414994, 40.553729758333198 ], [ -112.011499295804001, 40.553705415650199 ], [ -112.010605355314993, 40.5532206555351 ], [ -112.010535535556002, 40.553185671148398 ], [ -112.010225203557994, 40.553030163909099 ], [ -112.010041337283994, 40.552870219761999 ], [ -112.009990350704996, 40.552760260200102 ], [ -112.009967528106998, 40.552663134404703 ], [ -112.009980504270999, 40.552521494670799 ], [ -112.010043267764004, 40.552348728954797 ], [ -112.010288778228997, 40.5521821767529 ], [ -112.011808278532001, 40.551151325890601 ], [ -112.012629870504995, 40.550657764680302 ], [ -112.013311399852995, 40.550298710311303 ], [ -112.013566215965994, 40.550169789424103 ], [ -112.014087714040002, 40.549959712178797 ], [ -112.014128335856995, 40.549906447391699 ], [ -112.014149872068003, 40.549895277036597 ], [ -112.014722217480994, 40.5495984384156 ], [ -112.015050351393, 40.549418891226097 ], [ -112.015059910366006, 40.549413660608799 ], [ -112.015248663475006, 40.549310378531104 ], [ -112.015266773511996, 40.549301329541599 ], [ -112.015274799059995, 40.549297320054599 ], [ -112.015274573583, 40.549297081150797 ] ] ] } },
{ "type": "Feature", "properties": { "PrecinctID": "SJD030", "VistaID": "SJD030", "CountyID": 18, "SubPrecinctID": null, "AliasName": null, "VersionNbr": null }, "geometry": { "type": "Polygon", "coordinates": [ [ [ -112.005144248768005, 40.561890133595902 ], [ -112.005144314345003, 40.561866265455599 ], [ -112.005146026534007, 40.561246000655501 ], [ -112.005137790779003, 40.559842060040502 ], [ -112.005134229858001, 40.559400085988202 ], [ -112.005128950458996, 40.558687251202002 ], [ -112.005123864197998, 40.558000160670403 ], [ -112.005120507192999, 40.5575467685522 ], [ -112.005121716326002, 40.557311575918597 ], [ -112.005123343175001, 40.557025602184702 ], [ -112.005156843148001, 40.556738118208003 ], [ -112.005222731879002, 40.556392191758903 ], [ -112.005339262236006, 40.556061748382099 ], [ -112.005471499636002, 40.555743260379899 ], [ -112.005642893700994, 40.555444531168 ], [ -112.005883540686995, 40.5551089962714 ], [ -112.006051398085006, 40.554886974635203 ], [ -112.006226980993006, 40.554697693775097 ], [ -112.006487635257997, 40.554459241610303 ], [ -112.006635717142998, 40.554346992720099 ], [ -112.006904180462001, 40.554143036564902 ], [ -112.007411590256993, 40.5538315975394 ], [ -112.007643039393002, 40.553703120277703 ], [ -112.008000665894002, 40.553507669329903 ], [ -112.008547520712995, 40.553197921419198 ], [ -112.008654843339002, 40.553308078199301 ], [ -112.008866554692005, 40.553525379853902 ], [ -112.008911148858999, 40.553571150902599 ], [ -112.009330842658002, 40.554001917322303 ], [ -112.009971613645007, 40.554663516907603 ], [ -112.010602979270999, 40.5553076422026 ], [ -112.011195945512, 40.5559161913786 ], [ -112.011660537108995, 40.556383823506103 ], [ -112.012007090078001, 40.556755402676103 ], [ -112.012406800853, 40.557160401911702 ], [ -112.012833818616997, 40.5575971205051 ], [ -112.013155384048005, 40.557927137934897 ], [ -112.013477891810993, 40.5582580826079 ], [ -112.014049246382996, 40.558847771120199 ], [ -112.014484461273, 40.5592924255063 ], [ -112.014675301169007, 40.559487399577101 ], [ -112.014684351694996, 40.559496648521197 ], [ -112.014725597842002, 40.559538786754104 ], [ -112.014736364149996, 40.559549785563497 ], [ -112.014632906076997, 40.559607918977797 ], [ -112.014517419563006, 40.559671476663802 ], [ -112.014463375119007, 40.559701221023097 ], [ -112.013348526325004, 40.5603313468092 ], [ -112.012552894766003, 40.560788399237502 ], [ -112.012161012807994, 40.5610263961794 ], [ -112.011629917134002, 40.561322641583502 ], [ -112.011402968558002, 40.561458737518102 ], [ -112.011138659945999, 40.561604160311397 ], [ -112.010821099205003, 40.561790499374602 ], [ -112.010642403633994, 40.561882518094599 ], [ -112.010345828436002, 40.5619876779988 ], [ -112.010127191970994, 40.562042043525203 ], [ -112.009994215258004, 40.5620677658247 ], [ -112.009788458836994, 40.562102862951797 ], [ -112.009567740077003, 40.562129185102698 ], [ -112.009444844257004, 40.562136032818401 ], [ -112.009283779021999, 40.562140520617397 ], [ -112.009114363945997, 40.562145097817201 ], [ -112.008961537160005, 40.562144499989998 ], [ -112.008813430122004, 40.562143065477699 ], [ -112.008468499510997, 40.562139724196904 ], [ -112.006972853072, 40.562125224155402 ], [ -112.005956144324998, 40.562123247093901 ], [ -112.005814899518001, 40.562121330088097 ], [ -112.005754361152995, 40.5621135480948 ], [ -112.005671950606995, 40.562102952353001 ], [ -112.005615349557004, 40.562090515354903 ], [ -112.005530346474004, 40.5620528917839 ], [ -112.005432615160998, 40.5619974261528 ], [ -112.005394894901997, 40.561966725332297 ], [ -112.005351733547002, 40.561940523911801 ], [ -112.005304042887005, 40.561919374001299 ], [ -112.005252835323006, 40.5619037260252 ], [ -112.005199191526998, 40.5618939102947 ], [ -112.005152056924004, 40.561890670004601 ], [ -112.005144248768005, 40.561890133595902 ] ] ] } },
{ "type": "Feature", "properties": { "PrecinctID": "SJD031", "VistaID": "SJD031", "CountyID": 18, "SubPrecinctID": null, "AliasName": null, "VersionNbr": null }, "geometry": { "type": "Polygon", "coordinates": [ [ [ -111.999815111024006, 40.561888701125604 ], [ -111.999808671002, 40.561412429306998 ], [ -111.999796541948996, 40.560520079417302 ], [ -111.999785875352998, 40.5597353188817 ], [ -111.999789430885002, 40.559356339746202 ], [ -111.999792968451004, 40.558974558918102 ], [ -111.999795020202995, 40.5586061806451 ], [ -111.999800826913003, 40.557541835456597 ], [ -111.999801750380996, 40.556125721672302 ], [ -111.999783439121998, 40.5553551319842 ], [ -111.999766748423994, 40.555218779298201 ], [ -111.999745686523994, 40.555025845144399 ], [ -111.999688726149003, 40.554835370257102 ], [ -111.999616508786005, 40.554635351726702 ], [ -111.999585798081995, 40.554579596700599 ], [ -111.999536623405007, 40.554508602805598 ], [ -111.999425734468005, 40.554384289594999 ], [ -111.999280241527998, 40.554301023585197 ], [ -111.999158913269, 40.554215624559603 ], [ -111.999082798116007, 40.554072717232501 ], [ -111.999033381792998, 40.553919540862701 ], [ -111.999004997724995, 40.553834920806402 ], [ -111.998981289387999, 40.553764233263301 ], [ -111.998794602404004, 40.553539997789699 ], [ -111.998777578431003, 40.553523294014703 ], [ -111.998701495617993, 40.553448635808799 ], [ -111.998688249059995, 40.553435636837698 ], [ -111.998633035908, 40.553381456798498 ], [ -111.998216392787995, 40.552972606993599 ], [ -111.997824022146006, 40.552552817529701 ], [ -111.997383396703, 40.552107646054402 ], [ -111.997155522860993, 40.551859590659603 ], [ -111.996952698542003, 40.551601822220498 ], [ -111.996808785737997, 40.551378940531698 ], [ -111.99680586801, 40.551373682765103 ], [ -111.996721844090004, 40.551221233292999 ], [ -111.996693951400005, 40.551170627409597 ], [ -111.996665979658999, 40.551119873371697 ], [ -111.996556298057996, 40.550873514589803 ], [ -111.996482198725005, 40.550561233765798 ], [ -111.996477864354006, 40.5505191990936 ], [ -111.996443461572994, 40.550183035438202 ], [ -111.996441321785994, 40.549889060816803 ], [ -111.996475191865997, 40.5495982841528 ], [ -111.996495704894997, 40.549450134991801 ], [ -111.996537719998997, 40.549346756043697 ], [ -111.996545270338999, 40.549328178218197 ], [ -111.996763953517004, 40.548790102309397 ], [ -111.997035407327999, 40.548106560041802 ], [ -111.997119046769001, 40.5479501816191 ], [ -111.997261904051996, 40.547604427516902 ], [ -111.997363552918003, 40.5474012549289 ], [ -111.997372241424003, 40.547391022050398 ], [ -111.997401298330004, 40.547356791623699 ], [ -111.997440848457003, 40.5473026585437 ], [ -111.997502109067995, 40.547245633231299 ], [ -111.997550872315998, 40.547212212297701 ], [ -111.997581075472993, 40.5471918017723 ], [ -111.997590569766999, 40.547192082322297 ], [ -111.997655570963005, 40.547189082279701 ], [ -111.997716589028002, 40.547205631318597 ], [ -111.997728698317999, 40.547208913958301 ], [ -111.997738869941998, 40.547211673723702 ], [ -111.997773570963005, 40.547221083410101 ], [ -111.997802170626997, 40.547233433749398 ], [ -111.997993569274996, 40.547316083284002 ], [ -111.998412570472993, 40.5476170829075 ], [ -111.998884570475994, 40.547840081554199 ], [ -111.999195569921994, 40.547914081847097 ], [ -111.999572570389006, 40.548005082777898 ], [ -112.000229571237995, 40.548071083563002 ], [ -112.000878571691999, 40.548049082170898 ], [ -112.001572570554004, 40.547948084002101 ], [ -112.002145571737998, 40.547730082332897 ], [ -112.002701571407002, 40.547452082093102 ], [ -112.002851643059998, 40.547340917032898 ], [ -112.002863571789007, 40.547332082114302 ], [ -112.003148571295995, 40.547609082161699 ], [ -112.003776570933994, 40.5482690814327 ], [ -112.004163571446995, 40.548676080789903 ], [ -112.004163760092993, 40.548676241198201 ], [ -112.004160630363003, 40.548678044596699 ], [ -112.004148520173999, 40.548685019967202 ], [ -112.005010899254003, 40.549554356083299 ], [ -112.005233703901993, 40.5497789523357 ], [ -112.005312095386003, 40.549857975613598 ], [ -112.005908656683999, 40.550459290613098 ], [ -112.006395377380002, 40.550949900509202 ], [ -112.006743363160993, 40.551300633690701 ], [ -112.007027354759003, 40.551599263990902 ], [ -112.007683159051993, 40.552294902962899 ], [ -112.007877548191004, 40.552497988354197 ], [ -112.008547520712995, 40.553197921419198 ], [ -112.008000665894002, 40.553507669329903 ], [ -112.007643039393002, 40.553703120277703 ], [ -112.007411590256993, 40.5538315975394 ], [ -112.006904180462001, 40.554143036564902 ], [ -112.006635717142998, 40.554346992720099 ], [ -112.006487635257997, 40.554459241610303 ], [ -112.006226980993006, 40.554697693775097 ], [ -112.006051398085006, 40.554886974635203 ], [ -112.005883540686995, 40.5551089962714 ], [ -112.005642893700994, 40.555444531168 ], [ -112.005471499636002, 40.555743260379899 ], [ -112.005339262236006, 40.556061748382099 ], [ -112.005222731879002, 40.556392191758903 ], [ -112.005156843148001, 40.556738118208003 ], [ -112.005123343175001, 40.557025602184702 ], [ -112.005121716326002, 40.557311575918597 ], [ -112.005120507192999, 40.5575467685522 ], [ -112.005123864197998, 40.558000160670403 ], [ -112.005128950458996, 40.558687251202002 ], [ -112.005134229858001, 40.559400085988202 ], [ -112.005137790779003, 40.559842060040502 ], [ -112.005146026534007, 40.561246000655501 ], [ -112.005144314345003, 40.561866265455599 ], [ -112.005144248768005, 40.561890133595902 ], [ -112.005122583200006, 40.561891103362697 ], [ -112.005087270426003, 40.561892687337703 ], [ -112.005031440131006, 40.561901732578299 ], [ -112.004978022711001, 40.561917065261397 ], [ -112.004928229095, 40.5619383407439 ], [ -112.004883184872, 40.561965071748801 ], [ -112.004843908731004, 40.561996658393603 ], [ -112.004811297190997, 40.5620323806843 ], [ -112.004741339990005, 40.5620729244784 ], [ -112.004658435370999, 40.562104244916199 ], [ -112.004559878506001, 40.562122344210799 ], [ -112.002567169965999, 40.562123270297199 ], [ -112.000806583400006, 40.562120756146498 ], [ -112.000639841709997, 40.5621205009096 ], [ -112.000561047782, 40.562120380798198 ], [ -112.000437089255996, 40.562120190394303 ], [ -112.000371805091007, 40.562111081715301 ], [ -112.000315927185, 40.562098857643598 ], [ -112.000253294846999, 40.562078373173698 ], [ -112.000185009410004, 40.562042377926701 ], [ -112.000108830477998, 40.5620004296267 ], [ -112.000070825452994, 40.561968550211297 ], [ -112.000027066718999, 40.561941295766303 ], [ -111.999978518168007, 40.561919264126303 ], [ -111.999926234420997, 40.561902939156198 ], [ -111.999871366221996, 40.5618926750535 ], [ -111.999815111024006, 40.561888701125604 ] ] ] } },
{ "type": "Feature", "properties": { "PrecinctID": "SJD032", "VistaID": "SJD032", "CountyID": 18, "SubPrecinctID": null, "AliasName": null, "VersionNbr": null }, "geometry": { "type": "Polygon", "coordinates": [ [ [ -111.989569835089995, 40.544555689279598 ], [ -111.989592935268007, 40.544446631473903 ], [ -111.989765753162004, 40.5436308053823 ], [ -111.991183550700001, 40.541762298519799 ], [ -111.991723587305998, 40.540764519602099 ], [ -111.992135711003002, 40.539542481026601 ], [ -111.992495986636001, 40.5388648383842 ], [ -111.992594397074996, 40.538167280806299 ], [ -111.992815198480002, 40.537705975031997 ], [ -111.993122955906998, 40.537349532887802 ], [ -111.993143826465996, 40.537126327271899 ], [ -111.993146394749004, 40.537098878383901 ], [ -111.993156659798004, 40.5369890827196 ], [ -111.993163098023004, 40.5369890827196 ], [ -111.994152567155993, 40.536989080671503 ], [ -111.995273569408994, 40.536985082736102 ], [ -111.995329812031002, 40.536984930492302 ], [ -111.996388568220993, 40.536982081553603 ], [ -111.997705016032, 40.536977635078898 ], [ -111.997848927937994, 40.536977148991099 ], [ -111.998068036019006, 40.536976407570499 ], [ -111.998449077108006, 40.536975116570403 ], [ -111.998449552316004, 40.537071187806497 ], [ -111.998449759826997, 40.537112359785901 ], [ -111.998470847779004, 40.541314246836698 ], [ -111.998500059194996, 40.542700082984801 ], [ -111.999189044559998, 40.543557649561599 ], [ -112.000336235399004, 40.544742694936801 ], [ -112.000520550830004, 40.5449330858997 ], [ -112.000518803606994, 40.544934068199403 ], [ -111.999603897338005, 40.545453416659598 ], [ -111.998818615269002, 40.545897651450403 ], [ -111.998238317968998, 40.546227755897696 ], [ -111.998146236161006, 40.546291665543897 ], [ -111.998074291885999, 40.546354281579198 ], [ -111.998052570623003, 40.5463755094463 ], [ -111.997992900029999, 40.546482871236599 ], [ -111.997980838350998, 40.546506583082703 ], [ -111.997973685963998, 40.546532142063803 ], [ -111.997968212529003, 40.546551270165899 ], [ -111.997959698296995, 40.546597476025802 ], [ -111.997955155517005, 40.546635925365699 ], [ -111.997952201855995, 40.546675025892398 ], [ -111.997965355887004, 40.546733384824599 ], [ -111.997965169935, 40.546733184820297 ], [ -111.997961512893994, 40.546728506906 ], [ -111.997922650876006, 40.5466788287059 ], [ -111.997893349628001, 40.546657213213102 ], [ -111.997859818213996, 40.546638360915303 ], [ -111.997817700702001, 40.546616140617402 ], [ -111.997770470877001, 40.546593942838399 ], [ -111.997714668430007, 40.546580289961597 ], [ -111.997649343841005, 40.5465732106153 ], [ -111.997493539139995, 40.546583534405798 ], [ -111.997372355509995, 40.546624509408304 ], [ -111.997337472130994, 40.546647055307901 ], [ -111.997312302235002, 40.546669067399797 ], [ -111.997292976777999, 40.546693579197303 ], [ -111.997265137987, 40.546725098642902 ], [ -111.997247187851002, 40.546760255008898 ], [ -111.997232404277, 40.546785625493499 ], [ -111.997227626137999, 40.546811340002598 ], [ -111.997223362732996, 40.546828760824297 ], [ -111.997219783844997, 40.546851173546798 ], [ -111.997219388586998, 40.546876046376603 ], [ -111.997226884129006, 40.546917131782301 ], [ -111.997269375341006, 40.547000179666298 ], [ -111.997270546744005, 40.547002469807701 ], [ -111.997325019683998, 40.547109016245997 ], [ -111.997306570983, 40.547093082209898 ], [ -111.997259571127998, 40.547043082090603 ], [ -111.997241569788002, 40.547014081608403 ], [ -111.997186570433996, 40.546969082200498 ], [ -111.997025568978998, 40.546871082460001 ], [ -111.996963569952996, 40.546838081825598 ], [ -111.996862569670995, 40.546814082036498 ], [ -111.996489571199007, 40.5467800820363 ], [ -111.996126570076996, 40.546710082623903 ], [ -111.995039569956006, 40.546398082051603 ], [ -111.994731570883005, 40.5462870831646 ], [ -111.993687569521001, 40.545938082144801 ], [ -111.992184568574004, 40.545423082329101 ], [ -111.991063568117994, 40.5450100820361 ], [ -111.990758568518999, 40.544898082165602 ], [ -111.990151568797003, 40.544711082403303 ], [ -111.989569835089995, 40.544555689279598 ] ] ] } },
{ "type": "Feature", "properties": { "PrecinctID": "SJD033", "VistaID": "SJD033", "CountyID": 18, "SubPrecinctID": null, "AliasName": null, "VersionNbr": null }, "geometry": { "type": "Polygon", "coordinates": [ [ [ -111.992590042941004, 40.560186289785101 ], [ -111.992536612943994, 40.560072242627797 ], [ -111.992537038745994, 40.560072127289999 ], [ -111.992451629623005, 40.559888166643098 ], [ -111.992383600207006, 40.559588102573301 ], [ -111.992414565134993, 40.559320725906701 ], [ -111.992446568515007, 40.5591870777805 ], [ -111.992585638500998, 40.558768935897803 ], [ -111.992703342956005, 40.558392769290101 ], [ -111.992701776293998, 40.558175761889203 ], [ -111.992697052053998, 40.558030189689397 ], [ -111.992681298299004, 40.557921613144899 ], [ -111.992650443863994, 40.557805466186203 ], [ -111.992612325650995, 40.557719819789398 ], [ -111.992541427914006, 40.557590501644199 ], [ -111.992327273143999, 40.557298628202503 ], [ -111.992018728792999, 40.556877990889703 ], [ -111.991999036823998, 40.556851144557598 ], [ -111.991933567605997, 40.5567618885309 ], [ -111.991521176212004, 40.556207934344897 ], [ -111.991755657162003, 40.556109343418299 ], [ -111.991784594592005, 40.556097175581797 ], [ -111.991863385825994, 40.5560640457213 ], [ -111.991961135105001, 40.556022946816903 ], [ -111.991991147818993, 40.556010852676103 ], [ -111.992306204057002, 40.5558838886366 ], [ -111.992408534744001, 40.555842648340999 ], [ -111.992489721785006, 40.555951995403198 ], [ -111.992625145508995, 40.556016372163803 ], [ -111.993366275381007, 40.555695942185302 ], [ -111.993365373472997, 40.5555708858694 ], [ -111.993277278388007, 40.555452402664002 ], [ -111.993351678655998, 40.555420375436199 ], [ -111.993987154972999, 40.555146818946596 ], [ -111.994018227699001, 40.555133442187604 ], [ -111.994130131732007, 40.555085271773201 ], [ -111.994225796020999, 40.555216861412099 ], [ -111.994410171639998, 40.555470468266002 ], [ -111.994503288307996, 40.555417866493798 ], [ -111.994637285506997, 40.555394793229098 ], [ -111.994889394097996, 40.555391643399503 ], [ -111.995232413992994, 40.555349296435097 ], [ -111.995524267644996, 40.5552785060651 ], [ -111.995676181742994, 40.555225216160203 ], [ -111.995850388432999, 40.555129835055602 ], [ -111.996154616379002, 40.554919877797403 ], [ -111.996356899014003, 40.554706236283003 ], [ -111.996463405968996, 40.554595327609498 ], [ -111.996580698098001, 40.554492555865203 ], [ -111.998794602404004, 40.553539997789699 ], [ -111.998981289387999, 40.553764233263301 ], [ -111.999004997724995, 40.553834920806402 ], [ -111.999033381792998, 40.553919540862701 ], [ -111.999082798116007, 40.554072717232501 ], [ -111.999158913269, 40.554215624559603 ], [ -111.999280241527998, 40.554301023585197 ], [ -111.999425734468005, 40.554384289594999 ], [ -111.999536623405007, 40.554508602805598 ], [ -111.999585798081995, 40.554579596700599 ], [ -111.999616508786005, 40.554635351726702 ], [ -111.999688726149003, 40.554835370257102 ], [ -111.999745686523994, 40.555025845144399 ], [ -111.999766748423994, 40.555218779298201 ], [ -111.999783439121998, 40.5553551319842 ], [ -111.999801750380996, 40.556125721672302 ], [ -111.999800826913003, 40.557541835456597 ], [ -111.999795020202995, 40.5586061806451 ], [ -111.999792968451004, 40.558974558918102 ], [ -111.999789430885002, 40.559356339746202 ], [ -111.999785875352998, 40.5597353188817 ], [ -111.999796541948996, 40.560520079417302 ], [ -111.999808671002, 40.561412429306998 ], [ -111.999815111024006, 40.561888701125604 ], [ -111.999769106502001, 40.561890161576599 ], [ -111.999723665223001, 40.561895836178898 ], [ -111.999679451042994, 40.561905641672297 ], [ -111.999637106256998, 40.561919434057202 ], [ -111.999579959032005, 40.561920391539402 ], [ -111.999521474215996, 40.561915480604497 ], [ -111.999443714248002, 40.561903240118198 ], [ -111.999148220622004, 40.561762106522103 ], [ -111.998533550185002, 40.561468526696501 ], [ -111.996852830137001, 40.560678476565997 ], [ -111.996378764907007, 40.560451724102002 ], [ -111.995830585971007, 40.560179054908801 ], [ -111.995235456586997, 40.559982397826303 ], [ -111.994867838125003, 40.559921364906103 ], [ -111.994476629903005, 40.559892656640201 ], [ -111.994130927639006, 40.5598956506539 ], [ -111.993788629989993, 40.559921521192599 ], [ -111.993422616817, 40.559972800887998 ], [ -111.993041942241007, 40.560047141976298 ], [ -111.992590042941004, 40.560186289785101 ] ] ] } },
{ "type": "Feature", "properties": { "PrecinctID": "SJD034", "VistaID": "SJD034", "CountyID": 18, "SubPrecinctID": null, "AliasName": null, "VersionNbr": null }, "geometry": { "type": "Polygon", "coordinates": [ [ [ -111.987498135889993, 40.5522910738487 ], [ -111.987519512201004, 40.552245912126502 ], [ -111.987656281601005, 40.552178256852798 ], [ -111.988346198518997, 40.551894688360797 ], [ -111.988700417711001, 40.551719677461399 ], [ -111.988861353589002, 40.551589829664898 ], [ -111.988976966766003, 40.551442987917298 ], [ -111.989027060419005, 40.551302512782897 ], [ -111.989105700736005, 40.551298781900897 ], [ -111.989170162044005, 40.551275565243799 ], [ -111.989209327691995, 40.5512469638456 ], [ -111.989243954152997, 40.5512082243336 ], [ -111.989257386660995, 40.551174462048301 ], [ -111.989261821644007, 40.5511303589115 ], [ -111.989337870320995, 40.551127979495398 ], [ -111.989352709591003, 40.551127516717401 ], [ -111.989685202128996, 40.5511171130848 ], [ -111.990276250467005, 40.551098617658198 ], [ -111.991169130943007, 40.551078577584299 ], [ -111.992175938458999, 40.5510480041739 ], [ -111.993243193610994, 40.551056420190399 ], [ -111.994400422224004, 40.551016410998102 ], [ -111.995590175241006, 40.550985256696698 ], [ -111.995912603055004, 40.550994653566697 ], [ -111.996164181639998, 40.550970257331699 ], [ -111.996401425808003, 40.550924401232201 ], [ -111.996556298057996, 40.550873514589803 ], [ -111.996665979658999, 40.551119873371697 ], [ -111.996693951400005, 40.551170627409597 ], [ -111.996721844090004, 40.551221233292999 ], [ -111.99680586801, 40.551373682765103 ], [ -111.996808785737997, 40.551378940531698 ], [ -111.996952698542003, 40.551601822220498 ], [ -111.997155522860993, 40.551859590659603 ], [ -111.997383396703, 40.552107646054402 ], [ -111.997824022146006, 40.552552817529701 ], [ -111.998216392787995, 40.552972606993599 ], [ -111.998633035908, 40.553381456798498 ], [ -111.998688249059995, 40.553435636837698 ], [ -111.998701495617993, 40.553448635808799 ], [ -111.998777578431003, 40.553523294014703 ], [ -111.998794602404004, 40.553539997789699 ], [ -111.996580698098001, 40.554492555865203 ], [ -111.996463405968996, 40.554595327609498 ], [ -111.996356899014003, 40.554706236283003 ], [ -111.996154616379002, 40.554919877797403 ], [ -111.995850388432999, 40.555129835055602 ], [ -111.995676181742994, 40.555225216160203 ], [ -111.995524267644996, 40.5552785060651 ], [ -111.995232413992994, 40.555349296435097 ], [ -111.994889394097996, 40.555391643399503 ], [ -111.994637285506997, 40.555394793229098 ], [ -111.994503288307996, 40.555417866493798 ], [ -111.994410171639998, 40.555470468266002 ], [ -111.994225796020999, 40.555216861412099 ], [ -111.994130131732007, 40.555085271773201 ], [ -111.994018227699001, 40.555133442187604 ], [ -111.993987154972999, 40.555146818946596 ], [ -111.993351678655998, 40.555420375436199 ], [ -111.993277278388007, 40.555452402664002 ], [ -111.993365373472997, 40.5555708858694 ], [ -111.993366275381007, 40.555695942185302 ], [ -111.992625145508995, 40.556016372163803 ], [ -111.992489721785006, 40.555951995403198 ], [ -111.992408534744001, 40.555842648340999 ], [ -111.992306204057002, 40.5558838886366 ], [ -111.991991147818993, 40.556010852676103 ], [ -111.991961135105001, 40.556022946816903 ], [ -111.991863385825994, 40.5560640457213 ], [ -111.991784594592005, 40.556097175581797 ], [ -111.991755657162003, 40.556109343418299 ], [ -111.991521176212004, 40.556207934344897 ], [ -111.991460720491006, 40.556128694013999 ], [ -111.991412470181004, 40.556105125489999 ], [ -111.991365066083006, 40.556089128073197 ], [ -111.991243980370001, 40.556086451940303 ], [ -111.990568600887997, 40.5560935609941 ], [ -111.990542438353003, 40.555998641823301 ], [ -111.990520610190003, 40.555715839596303 ], [ -111.990509743269996, 40.555385449530597 ], [ -111.990482649182994, 40.555160972413297 ], [ -111.990435987094003, 40.554977586607002 ], [ -111.990380227765996, 40.554790342661001 ], [ -111.989439437439998, 40.555011615206404 ], [ -111.989333462288002, 40.554787028314202 ], [ -111.989189020376998, 40.554577917681101 ], [ -111.988528129822001, 40.553701689679798 ], [ -111.987907477503995, 40.552878193942497 ], [ -111.987575875196995, 40.552438208598304 ], [ -111.987509464544999, 40.552350644875403 ], [ -111.987497884362, 40.5522925911608 ], [ -111.987497746919999, 40.552291897688498 ], [ -111.987498135889993, 40.5522910738487 ] ] ] } },
{ "type": "Feature", "properties": { "PrecinctID": "SJD035", "VistaID": "SJD035", "CountyID": 18, "SubPrecinctID": null, "AliasName": null, "VersionNbr": null }, "geometry": { "type": "Polygon", "coordinates": [ [ [ -111.986301318521996, 40.544235082948603 ], [ -111.986355300084, 40.544235082948603 ], [ -111.986625568118995, 40.5442350836312 ], [ -111.986731568424005, 40.544235082265899 ], [ -111.986922568219995, 40.544236082324304 ], [ -111.987748567327003, 40.544276082597399 ], [ -111.988055567474007, 40.544308082389001 ], [ -111.988385568084993, 40.544344081709802 ], [ -111.988494567865004, 40.544362082045502 ], [ -111.989076569269002, 40.544456082506599 ], [ -111.989567567742995, 40.544555083103802 ], [ -111.989569835089995, 40.544555689279598 ], [ -111.990151568797003, 40.544711082403303 ], [ -111.990758568518999, 40.544898082165602 ], [ -111.991063568117994, 40.5450100820361 ], [ -111.992184568574004, 40.545423082329101 ], [ -111.993687569521001, 40.545938082144801 ], [ -111.994731570883005, 40.5462870831646 ], [ -111.995039569956006, 40.546398082051603 ], [ -111.996126570076996, 40.546710082623903 ], [ -111.996489571199007, 40.5467800820363 ], [ -111.996862569670995, 40.546814082036498 ], [ -111.996963569952996, 40.546838081825598 ], [ -111.997025568978998, 40.546871082460001 ], [ -111.997186570433996, 40.546969082200498 ], [ -111.997241569788002, 40.547014081608403 ], [ -111.997259571127998, 40.547043082090603 ], [ -111.997306570983, 40.547093082209898 ], [ -111.997325019683998, 40.547109016245997 ], [ -111.997350569567004, 40.547131082794401 ], [ -111.997410570740001, 40.547159082528701 ], [ -111.99746256972, 40.547175082079001 ], [ -111.997522571792004, 40.547190082976499 ], [ -111.997581075472993, 40.5471918017723 ], [ -111.997550872315998, 40.547212212297701 ], [ -111.997502109067995, 40.547245633231299 ], [ -111.997440848457003, 40.5473026585437 ], [ -111.997401298330004, 40.547356791623699 ], [ -111.997372241424003, 40.547391022050398 ], [ -111.997363552918003, 40.5474012549289 ], [ -111.997261904051996, 40.547604427516902 ], [ -111.997119046769001, 40.5479501816191 ], [ -111.997035407327999, 40.548106560041802 ], [ -111.996763953517004, 40.548790102309397 ], [ -111.996545270338999, 40.549328178218197 ], [ -111.996537719998997, 40.549346756043697 ], [ -111.996495704894997, 40.549450134991801 ], [ -111.996475191865997, 40.5495982841528 ], [ -111.996441321785994, 40.549889060816803 ], [ -111.996443461572994, 40.550183035438202 ], [ -111.996477864354006, 40.5505191990936 ], [ -111.996482198725005, 40.550561233765798 ], [ -111.996556298057996, 40.550873514589803 ], [ -111.996401425808003, 40.550924401232201 ], [ -111.996164181639998, 40.550970257331699 ], [ -111.995912603055004, 40.550994653566697 ], [ -111.995590175241006, 40.550985256696698 ], [ -111.994400422224004, 40.551016410998102 ], [ -111.993243193610994, 40.551056420190399 ], [ -111.992175938458999, 40.5510480041739 ], [ -111.991169130943007, 40.551078577584299 ], [ -111.990276250467005, 40.551098617658198 ], [ -111.989685202128996, 40.5511171130848 ], [ -111.989352709591003, 40.551127516717401 ], [ -111.989337870320995, 40.551127979495398 ], [ -111.989261821644007, 40.5511303589115 ], [ -111.989257386660995, 40.551174462048301 ], [ -111.989243954152997, 40.5512082243336 ], [ -111.989209327691995, 40.5512469638456 ], [ -111.989170162044005, 40.551275565243799 ], [ -111.989105700736005, 40.551298781900897 ], [ -111.989027060419005, 40.551302512782897 ], [ -111.988976966766003, 40.551442987917298 ], [ -111.988861353589002, 40.551589829664898 ], [ -111.988700417711001, 40.551719677461399 ], [ -111.988346198518997, 40.551894688360797 ], [ -111.987656281601005, 40.552178256852798 ], [ -111.987519512201004, 40.552245912126502 ], [ -111.987498135889993, 40.5522910738487 ], [ -111.987436413546007, 40.552312894336197 ], [ -111.986893393634006, 40.5525048691349 ], [ -111.986442558837993, 40.552515038437498 ], [ -111.986334635239999, 40.552517472408198 ], [ -111.986322256454997, 40.551864011574501 ], [ -111.986271644473007, 40.551731245443101 ], [ -111.98625265858, 40.551681440585398 ], [ -111.986095332133004, 40.551268752592897 ], [ -111.986057892147997, 40.551024005210998 ], [ -111.986084800284004, 40.550800401491003 ], [ -111.986204101045999, 40.550473257363898 ], [ -111.986287897691994, 40.5502442021468 ], [ -111.986308074752003, 40.550086449233604 ], [ -111.986312383072004, 40.549882635045499 ], [ -111.986313251742999, 40.549841552824198 ], [ -111.986318893163002, 40.549574528351101 ], [ -111.986317628335001, 40.547428154879903 ], [ -111.986315804754994, 40.547172225382397 ], [ -111.986350101534001, 40.546976093244403 ], [ -111.986454772331996, 40.546626942227903 ], [ -111.986552325779002, 40.546289183563999 ], [ -111.986579541138994, 40.546109385856703 ], [ -111.986575487940001, 40.545974626682103 ], [ -111.986572844197994, 40.545886799891399 ], [ -111.986367664496001, 40.545149317071598 ], [ -111.986319079113997, 40.544925804321799 ], [ -111.986309271306993, 40.544544354200703 ], [ -111.986301318521996, 40.544235082948603 ] ] ] } },
{ "type": "Feature", "properties": { "PrecinctID": "SJD036", "VistaID": "SJD036", "CountyID": 18, "SubPrecinctID": null, "AliasName": null, "VersionNbr": null }, "geometry": { "type": "Polygon", "coordinates": [ [ [ -111.986353797202995, 40.562346167404002 ], [ -111.986353150415994, 40.561882811549701 ], [ -111.986351867622005, 40.560964709046402 ], [ -111.986348614822006, 40.559064682842603 ], [ -111.986343206963994, 40.558457581861497 ], [ -111.986346562172002, 40.557440139758597 ], [ -111.986350580335994, 40.556220654313101 ], [ -111.986353319298999, 40.554969336936701 ], [ -111.986355010826998, 40.554194755459399 ], [ -111.986355094369998, 40.554156213539699 ], [ -111.986355976515995, 40.553751316257802 ], [ -111.986356188518002, 40.553655215706499 ], [ -111.986350142855997, 40.553336144287599 ], [ -111.986334635239999, 40.552517472408198 ], [ -111.986442558837993, 40.552515038437498 ], [ -111.986893393634006, 40.5525048691349 ], [ -111.987436413546007, 40.552312894336197 ], [ -111.987498135889993, 40.5522910738487 ], [ -111.987497746919999, 40.552291897688498 ], [ -111.987497884362, 40.5522925911608 ], [ -111.987509464544999, 40.552350644875403 ], [ -111.987575875196995, 40.552438208598304 ], [ -111.987907477503995, 40.552878193942497 ], [ -111.988528129822001, 40.553701689679798 ], [ -111.989189020376998, 40.554577917681101 ], [ -111.989333462288002, 40.554787028314202 ], [ -111.989439437439998, 40.555011615206404 ], [ -111.990380227765996, 40.554790342661001 ], [ -111.990435987094003, 40.554977586607002 ], [ -111.990482649182994, 40.555160972413297 ], [ -111.990509743269996, 40.555385449530597 ], [ -111.990520610190003, 40.555715839596303 ], [ -111.990542438353003, 40.555998641823301 ], [ -111.990568600887997, 40.5560935609941 ], [ -111.991243980370001, 40.556086451940303 ], [ -111.991365066083006, 40.556089128073197 ], [ -111.991412470181004, 40.556105125489999 ], [ -111.991460720491006, 40.556128694013999 ], [ -111.991521176212004, 40.556207934344897 ], [ -111.991933567605997, 40.5567618885309 ], [ -111.991999036823998, 40.556851144557598 ], [ -111.992018728792999, 40.556877990889703 ], [ -111.992327273143999, 40.557298628202503 ], [ -111.992541427914006, 40.557590501644199 ], [ -111.992612325650995, 40.557719819789398 ], [ -111.992650443863994, 40.557805466186203 ], [ -111.992681298299004, 40.557921613144899 ], [ -111.992697052053998, 40.558030189689397 ], [ -111.992701776293998, 40.558175761889203 ], [ -111.992703342956005, 40.558392769290101 ], [ -111.992585638500998, 40.558768935897803 ], [ -111.992446568515007, 40.5591870777805 ], [ -111.992414565134993, 40.559320725906701 ], [ -111.992383600207006, 40.559588102573301 ], [ -111.992451629623005, 40.559888166643098 ], [ -111.992537038745994, 40.560072127289999 ], [ -111.992536612943994, 40.560072242627797 ], [ -111.992590042941004, 40.560186289785101 ], [ -111.992404522868, 40.560242900055002 ], [ -111.992034395412006, 40.560422652990297 ], [ -111.991850556087002, 40.560533130245403 ], [ -111.991781794543996, 40.5605744495479 ], [ -111.991697683487004, 40.560624993044101 ], [ -111.991492489411002, 40.560797703281402 ], [ -111.991246360006997, 40.5610048624361 ], [ -111.990973538061994, 40.561293288311603 ], [ -111.990688127126006, 40.561463571368797 ], [ -111.990615561217993, 40.5615019746377 ], [ -111.990526855278006, 40.561548920884299 ], [ -111.990342557812994, 40.561646454865098 ], [ -111.989982755591996, 40.561812433466002 ], [ -111.989531627046006, 40.561981101201702 ], [ -111.989121891072003, 40.562100402714002 ], [ -111.988690027795997, 40.562206236537101 ], [ -111.988284735788, 40.56228152648 ], [ -111.988199394936998, 40.562297380467697 ], [ -111.987749845630006, 40.562335813285998 ], [ -111.987312518799996, 40.562362719521502 ], [ -111.987167510950002, 40.562360216298998 ], [ -111.986353797202995, 40.562346167404002 ] ] ] } },
{ "type": "Feature", "properties": { "PrecinctID": "SJD037", "VistaID": "SJD037", "CountyID": 18, "SubPrecinctID": null, "AliasName": null, "VersionNbr": null }, "geometry": { "type": "Polygon", "coordinates": [ [ [ -111.977191478970994, 40.561879193862097 ], [ -111.977191360394002, 40.561824297936397 ], [ -111.977189568255, 40.560998084898301 ], [ -111.977186566984003, 40.559915086147001 ], [ -111.977153567372, 40.557728086183197 ], [ -111.977149566275003, 40.556655085130402 ], [ -111.977152385189001, 40.556614833580603 ], [ -111.977426470165, 40.556612171801298 ], [ -111.977916882038002, 40.556607407898703 ], [ -111.977946967514995, 40.5566080405832 ], [ -111.977946951345999, 40.5565873408081 ], [ -111.979155951666002, 40.556586798897001 ], [ -111.979236274526997, 40.556582934537801 ], [ -111.979710770050005, 40.556560104647502 ], [ -111.980038815927003, 40.556544320281901 ], [ -111.979846615084, 40.555282769091797 ], [ -111.979729049867998, 40.554674697387803 ], [ -111.979700292998999, 40.554423379454903 ], [ -111.979711358445996, 40.554216038173998 ], [ -111.979756240075005, 40.5540686158892 ], [ -111.979803171658006, 40.553946438877801 ], [ -111.979911290190998, 40.553774437184003 ], [ -111.980038444024004, 40.553647596538198 ], [ -111.980175958128001, 40.553541517803701 ], [ -111.980357588494996, 40.553434599376999 ], [ -111.980636301592, 40.553316193613597 ], [ -111.980887540614006, 40.553261857858303 ], [ -111.981160017606001, 40.553239438408198 ], [ -111.981383785247999, 40.553259820471403 ], [ -111.981621660932007, 40.553290850857103 ], [ -111.981992516023993, 40.553347959069797 ], [ -111.982689548498001, 40.553475651409897 ], [ -111.982846299125001, 40.553504365840297 ], [ -111.983762912193001, 40.553649857785601 ], [ -111.984923256163995, 40.5536664202438 ], [ -111.98576650023, 40.553665291326702 ], [ -111.986356188518002, 40.553655215706499 ], [ -111.986355976515995, 40.553751316257802 ], [ -111.986355094369998, 40.554156213539699 ], [ -111.986355010826998, 40.554194755459399 ], [ -111.986353319298999, 40.554969336936701 ], [ -111.986350580335994, 40.556220654313101 ], [ -111.986346562172002, 40.557440139758597 ], [ -111.986343206963994, 40.558457581861497 ], [ -111.986348614822006, 40.559064682842603 ], [ -111.986351867622005, 40.560964709046402 ], [ -111.986353150415994, 40.561882811549701 ], [ -111.986353797202995, 40.562346167404002 ], [ -111.985835223145997, 40.562304891507097 ], [ -111.985385384579999, 40.562242247392398 ], [ -111.983680135135003, 40.562034256745498 ], [ -111.982521773745006, 40.561900903397103 ], [ -111.982249328194001, 40.561898320992697 ], [ -111.981087703225995, 40.561887305507703 ], [ -111.978446479322002, 40.561893992189198 ], [ -111.978130544531993, 40.561890303527001 ], [ -111.977576179796998, 40.561883745146503 ], [ -111.977329839288004, 40.561880831068798 ], [ -111.977191478970994, 40.561879193862097 ] ] ] } },
{ "type": "Feature", "properties": { "PrecinctID": "SJD038", "VistaID": "SJD038", "CountyID": 18, "SubPrecinctID": null, "AliasName": null, "VersionNbr": null }, "geometry": { "type": "Polygon", "coordinates": [ [ [ -111.967286988821996, 40.555952268408902 ], [ -111.967353025774997, 40.555952430164702 ], [ -111.9673562121, 40.555485940973497 ], [ -111.967515778945, 40.555485305548302 ], [ -111.968106285599006, 40.555477828552199 ], [ -111.968124649857998, 40.555477596495699 ], [ -111.968155303968999, 40.555477207459802 ], [ -111.968141783426006, 40.555111582350399 ], [ -111.968144142401997, 40.554868318491302 ], [ -111.968178321501995, 40.554531047766801 ], [ -111.968193301807005, 40.554427394777797 ], [ -111.968206257310001, 40.554175963981301 ], [ -111.968208849847997, 40.553945267648302 ], [ -111.968206812469006, 40.553721895507699 ], [ -111.968205377860002, 40.553544412450698 ], [ -111.968211198044003, 40.553291252873997 ], [ -111.968209423871997, 40.553084951013702 ], [ -111.968192743952997, 40.552993225980899 ], [ -111.968167883975994, 40.552905103979199 ], [ -111.968130179886998, 40.552833391635403 ], [ -111.968096336757, 40.552747059744 ], [ -111.968082747042999, 40.552696607221797 ], [ -111.968084172670004, 40.552589605540199 ], [ -111.968106105936002, 40.552589736589503 ], [ -111.971476983733993, 40.552609886783998 ], [ -111.972508555106998, 40.5526174814987 ], [ -111.974264675249003, 40.552624116549801 ], [ -111.974320250423006, 40.552624056485598 ], [ -111.974341967195002, 40.552624032596398 ], [ -111.974395018102001, 40.552623974579802 ], [ -111.974408936599005, 40.551831016813097 ], [ -111.974404523176005, 40.551441127940699 ], [ -111.974502356897005, 40.551439652245399 ], [ -111.974984559964994, 40.551440803724603 ], [ -111.975214875427994, 40.551441353185503 ], [ -111.975448772473001, 40.551441913567501 ], [ -111.975929261556004, 40.551443055490701 ], [ -111.976029717458999, 40.551443658191403 ], [ -111.976794426311002, 40.551448244313299 ], [ -111.976964744194007, 40.551448589688697 ], [ -111.977093576979001, 40.551448850426702 ], [ -111.977116323220002, 40.551448895475602 ], [ -111.977141505692003, 40.551448944619999 ], [ -111.977366449228995, 40.551449399887602 ], [ -111.977712942010996, 40.5514500988292 ], [ -111.977801871631002, 40.551450277659903 ], [ -111.978377709694001, 40.551451437329597 ], [ -111.979121959414996, 40.5514529321363 ], [ -111.979233031608999, 40.551554400762903 ], [ -111.979234135637995, 40.551555389790998 ], [ -111.979365116295, 40.551672580302203 ], [ -111.979363568498002, 40.551674083977197 ], [ -111.979177568725007, 40.551867084441199 ], [ -111.978852566339995, 40.552209083656599 ], [ -111.978063567941007, 40.553306083813901 ], [ -111.977882660717, 40.553695055417997 ], [ -111.977490566756998, 40.554538085320203 ], [ -111.977226565370003, 40.555555084890202 ], [ -111.977152385189001, 40.556614833580603 ], [ -111.977149566275003, 40.556655085130402 ], [ -111.977153567372, 40.557728086183197 ], [ -111.977186566984003, 40.559915086147001 ], [ -111.977189568255, 40.560998084898301 ], [ -111.977191360394002, 40.561824297936397 ], [ -111.977191478970994, 40.561879193862097 ], [ -111.977191568802994, 40.561920085117798 ], [ -111.977119845513997, 40.561918959752099 ], [ -111.977073068441001, 40.561918224067298 ], [ -111.977052567089004, 40.561917902631798 ], [ -111.977020844882006, 40.561917403075803 ], [ -111.977000567210993, 40.561917085734997 ], [ -111.976767648430993, 40.561918222702403 ], [ -111.976484649471999, 40.561919602623199 ], [ -111.976180568849998, 40.561921085594498 ], [ -111.974510568396994, 40.561940085094299 ], [ -111.973840567129002, 40.561968086143402 ], [ -111.972900566421998, 40.562021086780902 ], [ -111.972073566592002, 40.562092085676198 ], [ -111.970901566980004, 40.562209086450302 ], [ -111.970236565734993, 40.562256086114502 ], [ -111.969995567506999, 40.562263086003597 ], [ -111.969214565013004, 40.562303085745803 ], [ -111.967711564965001, 40.562328086596096 ], [ -111.967291878352, 40.562330021339697 ], [ -111.967291740012001, 40.562330022022103 ], [ -111.967290969256993, 40.562330025434399 ], [ -111.967290839900002, 40.562121411982197 ], [ -111.967286988821996, 40.555952268408902 ] ] ] } },
{ "type": "Feature", "properties": { "PrecinctID": "SJD039", "VistaID": "SJD039", "CountyID": 18, "SubPrecinctID": null, "AliasName": null, "VersionNbr": null }, "geometry": { "type": "Polygon", "coordinates": [ [ [ -111.957806228601996, 40.562329086384203 ], [ -111.957795564701996, 40.562329086384203 ], [ -111.957709815117994, 40.562329087066701 ], [ -111.957711022454006, 40.562120476341399 ], [ -111.957746410685999, 40.5559937202163 ], [ -111.959250395287, 40.555987733887299 ], [ -111.960612086748, 40.5559823358847 ], [ -111.960756302283997, 40.555981753700401 ], [ -111.960816939463996, 40.555981506630303 ], [ -111.961082870431994, 40.555980435083399 ], [ -111.961528708798994, 40.555961001860602 ], [ -111.966061721808998, 40.555963776963097 ], [ -111.966061924827997, 40.555961517841297 ], [ -111.966062086525, 40.555959124264099 ], [ -111.966062190729005, 40.555956730686901 ], [ -111.96606224912, 40.555954335744502 ], [ -111.966062243729993, 40.555953172740203 ], [ -111.966450556680996, 40.555952888131799 ], [ -111.966689167186999, 40.555952712043201 ], [ -111.966713997520003, 40.555952694297702 ], [ -111.967188089698993, 40.555952343485401 ], [ -111.967286988821996, 40.555952268408902 ], [ -111.967290839900002, 40.562121411982197 ], [ -111.967290969256993, 40.562330025434399 ], [ -111.967290516505997, 40.5623300274817 ], [ -111.967277567291006, 40.562330086172402 ], [ -111.966618564995997, 40.562331086642899 ], [ -111.966098565311995, 40.562332086430999 ], [ -111.965729566139004, 40.562333087584001 ], [ -111.964643564945007, 40.5623360869482 ], [ -111.964572564798999, 40.562337088101003 ], [ -111.964069563935993, 40.562334086689603 ], [ -111.963985564270004, 40.562334086689603 ], [ -111.963916565572006, 40.5623350871601 ], [ -111.963709564984001, 40.562337087418598 ], [ -111.963641566109999, 40.562339086994598 ], [ -111.963392564792002, 40.562338087206598 ], [ -111.962848565716996, 40.562338087889103 ], [ -111.962647564977004, 40.562340086782598 ], [ -111.962399565279995, 40.562343086828797 ], [ -111.961980564081998, 40.562342086358498 ], [ -111.960912564227002, 40.562340087465003 ], [ -111.96072356498, 40.562341086570498 ], [ -111.960305565403004, 40.562346086192598 ], [ -111.960085564397005, 40.562343086146399 ], [ -111.959425564073001, 40.562334087372001 ], [ -111.959403563433, 40.562334086689603 ], [ -111.959205563965, 40.5623350871601 ], [ -111.959044565205005, 40.562334086689603 ], [ -111.958562562460997, 40.562332086430999 ], [ -111.958402564424006, 40.562332088478399 ], [ -111.958280565123005, 40.562331086642899 ], [ -111.958098164899994, 40.562330084807499 ], [ -111.957916565974003, 40.562329087066701 ], [ -111.957806228601996, 40.562329086384203 ] ] ] } },
{ "type": "Feature", "properties": { "PrecinctID": "SJD040", "VistaID": "SJD040", "CountyID": 18, "SubPrecinctID": null, "AliasName": null, "VersionNbr": null }, "geometry": { "type": "Polygon", "coordinates": [ [ [ -111.948197561761006, 40.562366087406701 ], [ -111.948191329248999, 40.562157530710401 ], [ -111.948191402012995, 40.562146444975703 ], [ -111.948192418906004, 40.561988004893699 ], [ -111.948195288125007, 40.561542161145503 ], [ -111.948198403481996, 40.561057310359303 ], [ -111.948198416956998, 40.561055566668401 ], [ -111.948204223667005, 40.560152367551403 ], [ -111.948228556333007, 40.556368960487497 ], [ -111.948228671316997, 40.556368959804999 ], [ -111.948228630892999, 40.556357372831798 ], [ -111.948227282521998, 40.555961431161997 ], [ -111.948212116264997, 40.5545586485405 ], [ -111.948211690464007, 40.554519250939101 ], [ -111.948350757754, 40.5544990139555 ], [ -111.948626155168995, 40.554498493185797 ], [ -111.948656430190994, 40.554498437218399 ], [ -111.948801964454006, 40.554498163524201 ], [ -111.948904547566997, 40.554490139712001 ], [ -111.948962258036005, 40.5544770720076 ], [ -111.949006903408005, 40.554458675110801 ], [ -111.949057329438006, 40.554432130851801 ], [ -111.949103607048002, 40.554388584074999 ], [ -111.949122601026005, 40.554321756146102 ], [ -111.949145291571995, 40.554225980616103 ], [ -111.949195117528006, 40.553988682984297 ], [ -111.949221871153, 40.553875816975797 ], [ -111.949238781939002, 40.553820744535699 ], [ -111.949272496610007, 40.553781745101297 ], [ -111.949315903203996, 40.553760664962098 ], [ -111.949360674339999, 40.5537503914206 ], [ -111.949412511622995, 40.553741849473397 ], [ -111.950763950611005, 40.553760431534599 ], [ -111.952052246120004, 40.553742626200197 ], [ -111.952097189732001, 40.553747668099199 ], [ -111.952135119298006, 40.5537581737035 ], [ -111.952165971037999, 40.5537651348941 ], [ -111.952186247810999, 40.5537838882655 ], [ -111.952213841361001, 40.5538097481978 ], [ -111.952241625355001, 40.553853670063098 ], [ -111.952250733373006, 40.554413052777697 ], [ -111.952435337164005, 40.554413166760199 ], [ -111.952474128215002, 40.554413189966198 ], [ -111.953670375152996, 40.554413935971503 ], [ -111.954140430302999, 40.554411895206897 ], [ -111.954323434195004, 40.554407675124096 ], [ -111.954460472191002, 40.554407417810403 ], [ -111.954571197635005, 40.554390298590803 ], [ -111.954691145183006, 40.554352393584601 ], [ -111.954724307389995, 40.554328494090498 ], [ -111.954753106479998, 40.554307739008202 ], [ -111.954819421012004, 40.554236004960501 ], [ -111.954855080536007, 40.5541654331888 ], [ -111.954881164019, 40.554094073016898 ], [ -111.954884958502006, 40.554026478308401 ], [ -111.954893265224001, 40.553944427448101 ], [ -111.954932494651999, 40.553880097837798 ], [ -111.954958931172996, 40.553829433900702 ], [ -111.955016117024996, 40.553781232516499 ], [ -111.955100561357, 40.553740880953697 ], [ -111.955203102249996, 40.5537265408542 ], [ -111.955375643463, 40.553729604079898 ], [ -111.956815350911, 40.553730317331002 ], [ -111.957140069429002, 40.5537258132698 ], [ -111.957593637798993, 40.553723878277602 ], [ -111.957751056771997, 40.553725845349099 ], [ -111.957750295001006, 40.553778630687802 ], [ -111.957748503760001, 40.553902738214703 ], [ -111.957747804871005, 40.554592321755798 ], [ -111.957746893080994, 40.555508143312899 ], [ -111.957746410685999, 40.5559937202163 ], [ -111.957711022454006, 40.562120476341399 ], [ -111.957709815117994, 40.562329087066701 ], [ -111.957343562993003, 40.562329087749099 ], [ -111.955987564156999, 40.562329087749099 ], [ -111.955536563172004, 40.562329087066701 ], [ -111.953858563221999, 40.562337088101003 ], [ -111.953680564742996, 40.562338087889103 ], [ -111.953663563228005, 40.562339087677103 ], [ -111.952982563885996, 40.562336087630598 ], [ -111.952092563408002, 40.562334087372001 ], [ -111.951305563760997, 40.562356087482797 ], [ -111.951230803268004, 40.562356611603697 ], [ -111.950019561651004, 40.562365088984002 ], [ -111.949899562899006, 40.562366087406701 ], [ -111.949540561974999, 40.562368087664296 ], [ -111.949421561251, 40.562370088604297 ], [ -111.949176561927004, 40.562369088816801 ], [ -111.948441561259997, 40.562366088089199 ], [ -111.948197561761006, 40.562366087406701 ] ] ] } },
{ "type": "Feature", "properties": { "PrecinctID": "SJD041", "VistaID": "SJD041", "CountyID": 18, "SubPrecinctID": null, "AliasName": null, "VersionNbr": null }, "geometry": { "type": "Polygon", "coordinates": [ [ [ -111.938662896335998, 40.5623318871558 ], [ -111.938673846799006, 40.559299754660799 ], [ -111.938678645598998, 40.559139378465098 ], [ -111.938678406647, 40.558508814904101 ], [ -111.938676592050996, 40.556961894565902 ], [ -111.938676667509, 40.556922155761399 ], [ -111.938677210091001, 40.556636100510602 ], [ -111.938677482280994, 40.556492845492798 ], [ -111.938893411224001, 40.556492744481503 ], [ -111.939246264077994, 40.556492575219401 ], [ -111.939625217482003, 40.556492392989497 ], [ -111.939889537770995, 40.556492268090402 ], [ -111.939899133574997, 40.556492261947902 ], [ -111.940004176276005, 40.556492210077202 ], [ -111.940383130578994, 40.556492025799798 ], [ -111.940787517085994, 40.556491830602297 ], [ -111.941216853401002, 40.556491616294601 ], [ -111.941646194208005, 40.556491404716901 ], [ -111.942075534116, 40.556491190409098 ], [ -111.942504874923003, 40.556490973371403 ], [ -111.942934212137004, 40.5564907549685 ], [ -111.943365173505001, 40.556490535883199 ], [ -111.943545113241996, 40.556490441697001 ], [ -111.943975713487006, 40.5564902205642 ], [ -111.944656034602005, 40.5564898656596 ], [ -111.944947759794999, 40.556489711412702 ], [ -111.945332832522993, 40.5564895087075 ], [ -111.946027404511, 40.556489138787803 ], [ -111.947211246612994, 40.556488499277002 ], [ -111.947237792728004, 40.556426092692703 ], [ -111.947244600161, 40.556410089892402 ], [ -111.947262312244007, 40.556368443144997 ], [ -111.947289071258993, 40.556369189128397 ], [ -111.948077515397998, 40.556369003485699 ], [ -111.948228556333007, 40.556368960487497 ], [ -111.948204223667005, 40.560152367551403 ], [ -111.948198416956998, 40.561055566668401 ], [ -111.948198403481996, 40.561057310359303 ], [ -111.948195288125007, 40.561542161145503 ], [ -111.948192418906004, 40.561988004893699 ], [ -111.948191402012995, 40.562146444975703 ], [ -111.948191329248999, 40.562157530710401 ], [ -111.948197561761006, 40.562366087406701 ], [ -111.947957481610999, 40.562266121540702 ], [ -111.938878851330003, 40.5623303659765 ], [ -111.938662896335998, 40.5623318871558 ] ] ] } },
{ "type": "Feature", "properties": { "PrecinctID": "SJD042", "VistaID": "SJD042", "CountyID": 18, "SubPrecinctID": null, "AliasName": null, "VersionNbr": null }, "geometry": { "type": "Polygon", "coordinates": [ [ [ -111.929121557325999, 40.562217089546301 ], [ -111.929110366114998, 40.562216449407799 ], [ -111.929121140508002, 40.562106962438101 ], [ -111.929130567428999, 40.562011160510302 ], [ -111.929125882714999, 40.555462537392899 ], [ -111.930321770326003, 40.555468288299799 ], [ -111.931932359799006, 40.555515210794397 ], [ -111.933478446641999, 40.555428097463299 ], [ -111.933443420429995, 40.555471810098702 ], [ -111.933474012556999, 40.555475734583602 ], [ -111.933583601631994, 40.555489793110702 ], [ -111.933688314650993, 40.5555107607724 ], [ -111.933819248595995, 40.555545905701003 ], [ -111.934013564970996, 40.555610570874499 ], [ -111.934092340934001, 40.5556389909068 ], [ -111.934207840922994, 40.555680615584897 ], [ -111.934421248294996, 40.555759592312299 ], [ -111.934582096138001, 40.555801763610603 ], [ -111.934755981231007, 40.555833892350797 ], [ -111.934955548260007, 40.555853081270001 ], [ -111.935482189187994, 40.555851126546301 ], [ -111.936234253354002, 40.555871114003203 ], [ -111.936835595486997, 40.555867448897096 ], [ -111.937084006613006, 40.555870804823897 ], [ -111.937113384217, 40.555793782270598 ], [ -111.93712575312, 40.555691131123801 ], [ -111.937141039752007, 40.554695653701799 ], [ -111.938681354020005, 40.554679965132998 ], [ -111.938680658723996, 40.554635500517698 ], [ -111.938675232899996, 40.554287958574001 ], [ -111.938669553750003, 40.553245550570701 ], [ -111.938668043682, 40.552968114484798 ], [ -111.938717071035995, 40.552968017563501 ], [ -111.938920031899002, 40.552967614862098 ], [ -111.940326216916006, 40.552964808920898 ], [ -111.941419858282003, 40.552965857309601 ], [ -111.941435908480997, 40.552965633434901 ], [ -111.941516004966999, 40.552964484029602 ], [ -111.941568743261001, 40.552963727770099 ], [ -111.941861519482998, 40.5529595280724 ], [ -111.941858380769006, 40.552891210768003 ], [ -111.941921056227002, 40.552891256498498 ], [ -111.941921053531999, 40.552886529188598 ], [ -111.942068376340004, 40.552886409060598 ], [ -111.942155820146994, 40.552886337393304 ], [ -111.943438806611994, 40.552885282178003 ], [ -111.943438806611994, 40.552879949449697 ], [ -111.948112167909997, 40.552886382441301 ], [ -111.948112553287004, 40.552886407012998 ], [ -111.948329995891996, 40.552884532060503 ], [ -111.948350757754, 40.5544990139555 ], [ -111.948211690464007, 40.554519250939101 ], [ -111.948212116264997, 40.5545586485405 ], [ -111.948227282521998, 40.555961431161997 ], [ -111.948228630892999, 40.556357372831798 ], [ -111.948228671316997, 40.556368959804999 ], [ -111.948228556333007, 40.556368960487497 ], [ -111.948077515397998, 40.556369003485699 ], [ -111.947289071258993, 40.556369189128397 ], [ -111.947262312244007, 40.556368443144997 ], [ -111.947244600161, 40.556410089892402 ], [ -111.947237792728004, 40.556426092692703 ], [ -111.947211246612994, 40.556488499277002 ], [ -111.946027404511, 40.556489138787803 ], [ -111.945332832522993, 40.5564895087075 ], [ -111.944947759794999, 40.556489711412702 ], [ -111.944656034602005, 40.5564898656596 ], [ -111.943975713487006, 40.5564902205642 ], [ -111.943545113241996, 40.556490441697001 ], [ -111.943365173505001, 40.556490535883199 ], [ -111.942934212137004, 40.5564907549685 ], [ -111.942504874923003, 40.556490973371403 ], [ -111.942075534116, 40.556491190409098 ], [ -111.941646194208005, 40.556491404716901 ], [ -111.941216853401002, 40.556491616294601 ], [ -111.940787517085994, 40.556491830602297 ], [ -111.940383130578994, 40.556492025799798 ], [ -111.940004176276005, 40.556492210077202 ], [ -111.939899133574997, 40.556492261947902 ], [ -111.939889537770995, 40.556492268090402 ], [ -111.939625217482003, 40.556492392989497 ], [ -111.939246264077994, 40.556492575219401 ], [ -111.938893411224001, 40.556492744481503 ], [ -111.938677482280994, 40.556492845492798 ], [ -111.938677210091001, 40.556636100510602 ], [ -111.938676667509, 40.556922155761399 ], [ -111.938676592050996, 40.556961894565902 ], [ -111.938678406647, 40.558508814904101 ], [ -111.938678645598998, 40.559139378465098 ], [ -111.938673846799006, 40.559299754660799 ], [ -111.938662896335998, 40.5623318871558 ], [ -111.938446957511005, 40.562329701270997 ], [ -111.933356405119994, 40.562278081473799 ], [ -111.931681103708996, 40.562217730367202 ], [ -111.929387296954005, 40.5621809408225 ], [ -111.929263284529, 40.562197810320399 ], [ -111.929121557325999, 40.562217089546301 ] ] ] } },
{ "type": "Feature", "properties": { "PrecinctID": "SJD043", "VistaID": "SJD043", "CountyID": 18, "SubPrecinctID": null, "AliasName": null, "VersionNbr": null }, "geometry": { "type": "Polygon", "coordinates": [ [ [ -111.908062263188, 40.5589388793571 ], [ -111.908043856706996, 40.558828870385497 ], [ -111.907954025178995, 40.558291989421797 ], [ -111.907812091363994, 40.5577632756751 ], [ -111.909184111654, 40.5551477437645 ], [ -111.908904471496001, 40.5547959141212 ], [ -111.909131933010997, 40.554160071213602 ], [ -111.911621108068999, 40.552740140083003 ], [ -111.911107864615005, 40.552001050234097 ], [ -111.911428863208002, 40.551541277198297 ], [ -111.912538263719995, 40.551431537286199 ], [ -111.913557724905004, 40.551745472665402 ], [ -111.914527729341998, 40.551530363758097 ], [ -111.915311429477001, 40.551104222871203 ], [ -111.915370258348005, 40.550432083357897 ], [ -111.919112850925998, 40.5505004434428 ], [ -111.919979665886004, 40.550396868853099 ], [ -111.920919065619998, 40.550359854389399 ], [ -111.921628639472999, 40.550348283440599 ], [ -111.921687868993004, 40.550374769252201 ], [ -111.922253934284001, 40.550627903679299 ], [ -111.923115399777004, 40.550726532710101 ], [ -111.923697719185, 40.550779921072198 ], [ -111.925722273003004, 40.550735594475903 ], [ -111.927528759886002, 40.550719772561102 ], [ -111.927964601800994, 40.550616448130803 ], [ -111.928425445626004, 40.550633262524499 ], [ -111.929148084576994, 40.550482465916403 ], [ -111.929125882714999, 40.555462537392899 ], [ -111.929130567428999, 40.562011160510302 ], [ -111.929121140508002, 40.562106962438101 ], [ -111.929110366114998, 40.562216449407799 ], [ -111.928527558023006, 40.562183090542298 ], [ -111.927475557163007, 40.562125089712502 ], [ -111.926906557075995, 40.5620580893385 ], [ -111.926789557798003, 40.5620450899915 ], [ -111.926751557265007, 40.5620360884473 ], [ -111.926597558178003, 40.562002089351402 ], [ -111.926171558204999, 40.561910089904501 ], [ -111.925656556747995, 40.561798088953203 ], [ -111.925034556957002, 40.561645089952698 ], [ -111.923115556083999, 40.561176090070497 ], [ -111.922065555773003, 40.560920089591001 ], [ -111.921633555952994, 40.560819089679001 ], [ -111.920669406735001, 40.560595028658398 ], [ -111.920497554529007, 40.560555089317603 ], [ -111.920249557527001, 40.560504090562603 ], [ -111.919506555566002, 40.560351089969402 ], [ -111.919259554795005, 40.560300089694003 ], [ -111.919055700108004, 40.5602566456921 ], [ -111.918954555195995, 40.560235089862097 ], [ -111.918040555328005, 40.560043090137 ], [ -111.917736555554001, 40.559979089878802 ], [ -111.917614554457003, 40.559953089692399 ], [ -111.917247554933994, 40.559876090262399 ], [ -111.917126554559999, 40.5598510891787 ], [ -111.916307556023995, 40.559680090196998 ], [ -111.915596555646005, 40.559532090965199 ], [ -111.913920554447998, 40.559183090042303 ], [ -111.913849555200997, 40.559174090843101 ], [ -111.913804555892995, 40.559169089619203 ], [ -111.913061554829994, 40.559078090210399 ], [ -111.913019554998002, 40.559075090700297 ], [ -111.912015552919996, 40.559001090456398 ], [ -111.910181552436001, 40.558959090429198 ], [ -111.910084553250002, 40.558954089871797 ], [ -111.908996552405995, 40.558945090641799 ], [ -111.908486553665995, 40.558941090604499 ], [ -111.908192552141003, 40.558940091448299 ], [ -111.908081552712005, 40.5589390902445 ], [ -111.908062263188, 40.5589388793571 ] ] ] } },
{ "type": "Feature", "properties": { "PrecinctID": "SJD044", "VistaID": "SJD044", "CountyID": 18, "SubPrecinctID": null, "AliasName": null, "VersionNbr": null }, "geometry": { "type": "Polygon", "coordinates": [ [ [ -111.898418550372, 40.558893090820803 ], [ -111.898414552868999, 40.558874090456101 ], [ -111.897321549306994, 40.554032090784297 ], [ -111.897246172568998, 40.553740405908101 ], [ -111.897218211608006, 40.553632206675402 ], [ -111.897190372816993, 40.553524484362697 ], [ -111.896991548694999, 40.552755089907997 ], [ -111.896718549781994, 40.5515580899946 ], [ -111.896701550962007, 40.551481089782598 ], [ -111.896471549910004, 40.550558089852103 ], [ -111.896081549024004, 40.548997089747999 ], [ -111.895680549166002, 40.547321088806399 ], [ -111.895540548526, 40.546666090542402 ], [ -111.895281548957996, 40.5456320911711 ], [ -111.894986684152997, 40.544456335080199 ], [ -111.894952266101001, 40.544319091209402 ], [ -111.895283548608006, 40.544319090526798 ], [ -111.895458548510007, 40.544320090583902 ], [ -111.895676548967998, 40.544319089844201 ], [ -111.896017549449994, 40.544319089844201 ], [ -111.896331549270002, 40.544319089844201 ], [ -111.896550548654005, 40.544319089844201 ], [ -111.896718548883996, 40.544318089787097 ], [ -111.897072547988003, 40.544318091152398 ], [ -111.897224550120001, 40.544320089901298 ], [ -111.897393549276998, 40.544323088707102 ], [ -111.897646548097995, 40.544326088878101 ], [ -111.898404549229994, 40.544338089560803 ], [ -111.898658548775003, 40.544343089844602 ], [ -111.899082549097002, 40.5443400896744 ], [ -111.900355548991996, 40.544335089390401 ], [ -111.900780549139, 40.544333089276599 ], [ -111.900893550912997, 40.544333089276599 ], [ -111.901220018450999, 40.544333089959302 ], [ -111.901234551395007, 40.544333089959302 ], [ -111.901348548502995, 40.544333089276599 ], [ -111.901647549152003, 40.544332089219701 ], [ -111.902546550748994, 40.544332089902397 ], [ -111.902846549426997, 40.544332089219701 ], [ -111.903030551346006, 40.544332089219701 ], [ -111.903584552262998, 40.544332087854499 ], [ -111.903769550415007, 40.544332088537097 ], [ -111.903927551497006, 40.544332088537097 ], [ -111.904403550799998, 40.544332088537097 ], [ -111.904562549909997, 40.544332089219701 ], [ -111.904757550802003, 40.544332089219701 ], [ -111.905341550060001, 40.544332089902397 ], [ -111.905537551674996, 40.544332088537097 ], [ -111.905815551508994, 40.544283087779498 ], [ -111.906651549764007, 40.544136089387401 ], [ -111.906929550496002, 40.544087089168997 ], [ -111.907157550101999, 40.544050088966401 ], [ -111.907592551194, 40.544006089676799 ], [ -111.908019551888998, 40.544002089429597 ], [ -111.908489550446006, 40.544014088805099 ], [ -111.908888551551996, 40.544046089404503 ], [ -111.909762552136996, 40.544149088115802 ], [ -111.909880551238999, 40.544160088770802 ], [ -111.910233552315006, 40.5441960895363 ], [ -111.910352551241999, 40.544208088194303 ], [ -111.910377549559996, 40.544209896491601 ], [ -111.910587550520006, 40.544225088508199 ], [ -111.911293552672007, 40.5442770887988 ], [ -111.911529550877006, 40.544295089152499 ], [ -111.911711551349995, 40.544294089095096 ], [ -111.912258551695999, 40.5442920889801 ], [ -111.912441551993993, 40.5442920889801 ], [ -111.912567552390996, 40.544285088577297 ], [ -111.912947552332994, 40.544269089019203 ], [ -111.913074551655995, 40.544264088047299 ], [ -111.913245551360006, 40.544266088162999 ], [ -111.913760553716003, 40.544274089308203 ], [ -111.913846552132995, 40.5442760887411 ], [ -111.913932552347006, 40.544278088173797 ], [ -111.915042553831, 40.544280088289199 ], [ -111.916500593199004, 40.5442715615171 ], [ -111.916320652563002, 40.544519663449996 ], [ -111.915922171581002, 40.545069079308398 ], [ -111.916249776385001, 40.545702967509897 ], [ -111.915517332323006, 40.546940386811201 ], [ -111.915062786586006, 40.548247379081303 ], [ -111.915019541687997, 40.548741458393799 ], [ -111.915441161475002, 40.5496219812443 ], [ -111.915370258348005, 40.550432083357897 ], [ -111.915311429477001, 40.551104222871203 ], [ -111.914527729341998, 40.551530363758097 ], [ -111.913557724905004, 40.551745472665402 ], [ -111.912538263719995, 40.551431537286199 ], [ -111.911428863208002, 40.551541277198297 ], [ -111.911107864615005, 40.552001050234097 ], [ -111.911621108068999, 40.552740140083003 ], [ -111.909131933010997, 40.554160071213602 ], [ -111.908904471496001, 40.5547959141212 ], [ -111.909184111654, 40.5551477437645 ], [ -111.907812091363994, 40.5577632756751 ], [ -111.907954025178995, 40.558291989421797 ], [ -111.908043856706996, 40.558828870385497 ], [ -111.908062263188, 40.5589388793571 ], [ -111.907990553372997, 40.558938090405803 ], [ -111.907990488695006, 40.558938089040801 ], [ -111.907877552496998, 40.558936090045698 ], [ -111.907412552167003, 40.558930090330101 ], [ -111.906181553004004, 40.558916090536599 ], [ -111.905678551242005, 40.558921090414501 ], [ -111.905307551521005, 40.5589250911354 ], [ -111.905100552730005, 40.558928089969797 ], [ -111.904683551182003, 40.558933090529202 ], [ -111.904622552879005, 40.558934090368098 ], [ -111.903239458159007, 40.5589582550693 ], [ -111.903191551903006, 40.558959090429198 ], [ -111.903070392526999, 40.5589613815267 ], [ -111.902715551702002, 40.558968090339803 ], [ -111.902641551184004, 40.558931090851502 ], [ -111.902499551792005, 40.5588610904909 ], [ -111.902411551927997, 40.558863090853201 ], [ -111.902330553534, 40.558865091215402 ], [ -111.901066552962007, 40.558891090459397 ], [ -111.900873551719997, 40.558895090499703 ], [ -111.900702550218995, 40.558895090499703 ], [ -111.900333550149, 40.558894090660203 ], [ -111.898455551080005, 40.558893090820803 ], [ -111.898418550372, 40.558893090820803 ] ] ] } },
{ "type": "Feature", "properties": { "PrecinctID": "SJD045", "VistaID": "SJD045", "CountyID": 18, "SubPrecinctID": null, "AliasName": null, "VersionNbr": null }, "geometry": { "type": "Polygon", "coordinates": [ [ [ -111.979365116295, 40.551672580302203 ], [ -111.980276567643003, 40.550788084572702 ], [ -111.981007566315995, 40.550097084418802 ], [ -111.981119332906999, 40.549990347517898 ], [ -111.981209163537002, 40.549904558704199 ], [ -111.981384550613001, 40.549737063244002 ], [ -111.981874567228004, 40.549269084358201 ], [ -111.982027566490004, 40.549117083330501 ], [ -111.982711568002003, 40.548389083828198 ], [ -111.982806568436004, 40.548268083482398 ], [ -111.983119568430993, 40.547874083746699 ], [ -111.983531567260997, 40.5472370829456 ], [ -111.983833568283004, 40.546635083708502 ], [ -111.984083567629995, 40.545903083714201 ], [ -111.984230567045003, 40.545235083989198 ], [ -111.984278566726005, 40.544846083722398 ], [ -111.984311568134004, 40.544205083239603 ], [ -111.984415566992993, 40.544206082615801 ], [ -111.984556566560002, 40.544208082733299 ], [ -111.985855568190004, 40.544228081857199 ], [ -111.986289568558007, 40.544235082948603 ], [ -111.986300263001993, 40.544235082948603 ], [ -111.986301318521996, 40.544235082948603 ], [ -111.986309271306993, 40.544544354200703 ], [ -111.986319079113997, 40.544925804321799 ], [ -111.986367664496001, 40.545149317071598 ], [ -111.986572844197994, 40.545886799891399 ], [ -111.986575487940001, 40.545974626682103 ], [ -111.986579541138994, 40.546109385856703 ], [ -111.986552325779002, 40.546289183563999 ], [ -111.986454772331996, 40.546626942227903 ], [ -111.986350101534001, 40.546976093244403 ], [ -111.986315804754994, 40.547172225382397 ], [ -111.986317628335001, 40.547428154879903 ], [ -111.986318893163002, 40.549574528351101 ], [ -111.986313251742999, 40.549841552824198 ], [ -111.986312383072004, 40.549882635045499 ], [ -111.986308074752003, 40.550086449233604 ], [ -111.986287897691994, 40.5502442021468 ], [ -111.986204101045999, 40.550473257363898 ], [ -111.986084800284004, 40.550800401491003 ], [ -111.986057892147997, 40.551024005210998 ], [ -111.986095332133004, 40.551268752592897 ], [ -111.98625265858, 40.551681440585398 ], [ -111.986271644473007, 40.551731245443101 ], [ -111.986322256454997, 40.551864011574501 ], [ -111.986334635239999, 40.552517472408198 ], [ -111.986350142855997, 40.553336144287599 ], [ -111.986356188518002, 40.553655215706499 ], [ -111.98576650023, 40.553665291326702 ], [ -111.984923256163995, 40.5536664202438 ], [ -111.983762912193001, 40.553649857785601 ], [ -111.982846299125001, 40.553504365840297 ], [ -111.982689548498001, 40.553475651409897 ], [ -111.981992516023993, 40.553347959069797 ], [ -111.981621660932007, 40.553290850857103 ], [ -111.981383785247999, 40.553259820471403 ], [ -111.981160017606001, 40.553239438408198 ], [ -111.980887540614006, 40.553261857858303 ], [ -111.980636301592, 40.553316193613597 ], [ -111.980357588494996, 40.553434599376999 ], [ -111.980175958128001, 40.553541517803701 ], [ -111.980038444024004, 40.553647596538198 ], [ -111.979911290190998, 40.553774437184003 ], [ -111.979803171658006, 40.553946438877801 ], [ -111.979756240075005, 40.5540686158892 ], [ -111.979711358445996, 40.554216038173998 ], [ -111.979700292998999, 40.554423379454903 ], [ -111.979729049867998, 40.554674697387803 ], [ -111.979846615084, 40.555282769091797 ], [ -111.980038815927003, 40.556544320281901 ], [ -111.979710770050005, 40.556560104647502 ], [ -111.979236274526997, 40.556582934537801 ], [ -111.979155951666002, 40.556586798897001 ], [ -111.977946951345999, 40.5565873408081 ], [ -111.977946967514995, 40.5566080405832 ], [ -111.977916882038002, 40.556607407898703 ], [ -111.977426470165, 40.556612171801298 ], [ -111.977152385189001, 40.556614833580603 ], [ -111.977226565370003, 40.555555084890202 ], [ -111.977490566756998, 40.554538085320203 ], [ -111.977882660717, 40.553695055417997 ], [ -111.978063567941007, 40.553306083813901 ], [ -111.978852566339995, 40.552209083656599 ], [ -111.979177568725007, 40.551867084441199 ], [ -111.979363568498002, 40.551674083977197 ], [ -111.979365116295, 40.551672580302203 ] ] ] } },
{ "type": "Feature", "properties": { "PrecinctID": "SJD046", "VistaID": "SJD046", "CountyID": 18, "SubPrecinctID": null, "AliasName": null, "VersionNbr": null }, "geometry": { "type": "Polygon", "coordinates": [ [ [ -111.976029717458999, 40.551443658191403 ], [ -111.976027876811003, 40.551175786903002 ], [ -111.976027452805994, 40.5511139575935 ], [ -111.976020535778005, 40.550107583087602 ], [ -111.976203209090002, 40.550109202152697 ], [ -111.976359699206, 40.550102747051902 ], [ -111.976474791360005, 40.550094044234498 ], [ -111.976597453617003, 40.550066645709997 ], [ -111.976790498875999, 40.550017825252198 ], [ -111.976792733885006, 40.549945086635603 ], [ -111.976792708732006, 40.549920464085801 ], [ -111.976792387135006, 40.549637273054799 ], [ -111.976792360185996, 40.549630172188998 ], [ -111.976792190403998, 40.549512985611898 ], [ -111.976792084403002, 40.549440765208203 ], [ -111.976791974807995, 40.549365486762099 ], [ -111.976791805925004, 40.549220518604898 ], [ -111.976791737653002, 40.549162563881701 ], [ -111.976791461869993, 40.548928873519202 ], [ -111.976791354970999, 40.548838537318098 ], [ -111.976791286698997, 40.548780076467096 ], [ -111.976791187884004, 40.548697412357001 ], [ -111.976791128594996, 40.548650564264904 ], [ -111.976790791726998, 40.548365589712702 ], [ -111.976790742320006, 40.548322275167401 ], [ -111.976790457554003, 40.548080612582702 ], [ -111.976790333585996, 40.547976828789103 ], [ -111.976790124279006, 40.547798907976997 ], [ -111.976789964378995, 40.547663800663599 ], [ -111.976789824242005, 40.547544257723501 ], [ -111.976789561933998, 40.5473211516058 ], [ -111.976789523305996, 40.547288981237799 ], [ -111.976789225065005, 40.547033704461697 ], [ -111.976789158589995, 40.5469785123991 ], [ -111.976787514673006, 40.546778429442902 ], [ -111.976787343094998, 40.546635190878199 ], [ -111.976787214636005, 40.546524387610702 ], [ -111.976786943345004, 40.546292548844796 ], [ -111.976786921785006, 40.546275423455 ], [ -111.976786621748005, 40.546020146911196 ], [ -111.976786702596002, 40.545949907788902 ], [ -111.976786908310004, 40.5457703699308 ], [ -111.976786892141007, 40.545513100257701 ], [ -111.976786587611997, 40.545262557530997 ], [ -111.976786278591007, 40.545007963848299 ], [ -111.976785971366994, 40.544752683156403 ], [ -111.976785466514002, 40.544334350099199 ], [ -111.976784669709005, 40.5443156090993 ], [ -111.976784587962001, 40.544179986196497 ], [ -111.984113643225996, 40.544169188969903 ], [ -111.984167671500003, 40.544169108418998 ], [ -111.984311541184994, 40.5441688913413 ], [ -111.984311568134004, 40.544205083239603 ], [ -111.984278566726005, 40.544846083722398 ], [ -111.984230567045003, 40.545235083989198 ], [ -111.984083567629995, 40.545903083714201 ], [ -111.983833568283004, 40.546635083708502 ], [ -111.983531567260997, 40.5472370829456 ], [ -111.983119568430993, 40.547874083746699 ], [ -111.982806568436004, 40.548268083482398 ], [ -111.982711568002003, 40.548389083828198 ], [ -111.982027566490004, 40.549117083330501 ], [ -111.981874567228004, 40.549269084358201 ], [ -111.981384550613001, 40.549737063244002 ], [ -111.981209163537002, 40.549904558704199 ], [ -111.981119332906999, 40.549990347517898 ], [ -111.981007566315995, 40.550097084418802 ], [ -111.980276567643003, 40.550788084572702 ], [ -111.979365116295, 40.551672580302203 ], [ -111.979234135637995, 40.551555389790998 ], [ -111.979233031608999, 40.551554400762903 ], [ -111.979121959414996, 40.5514529321363 ], [ -111.978377709694001, 40.551451437329597 ], [ -111.977801871631002, 40.551450277659903 ], [ -111.977712942010996, 40.5514500988292 ], [ -111.977366449228995, 40.551449399887602 ], [ -111.977141505692003, 40.551448944619999 ], [ -111.977116323220002, 40.551448895475602 ], [ -111.977093576979001, 40.551448850426702 ], [ -111.976964744194007, 40.551448589688697 ], [ -111.976794426311002, 40.551448244313299 ], [ -111.976029717458999, 40.551443658191403 ] ] ] } },
{ "type": "Feature", "properties": { "PrecinctID": "SJD047", "VistaID": "SJD047", "CountyID": 18, "SubPrecinctID": null, "AliasName": null, "VersionNbr": null }, "geometry": { "type": "Polygon", "coordinates": [ [ [ -111.957746410685999, 40.5559937202163 ], [ -111.957746893080994, 40.555508143312899 ], [ -111.957747804871005, 40.554592321755798 ], [ -111.957748503760001, 40.553902738214703 ], [ -111.957750295001006, 40.553778630687802 ], [ -111.957751056771997, 40.553725845349099 ], [ -111.957726690868995, 40.547780946790397 ], [ -111.957726155472997, 40.547780953616403 ], [ -111.957743764249003, 40.547768710545803 ], [ -111.957724727151998, 40.546432824926796 ], [ -111.957734867333997, 40.5455628038968 ], [ -111.957748114789993, 40.544426403050899 ], [ -111.957764063479999, 40.544223095900101 ], [ -111.959697704196998, 40.544203377337297 ], [ -111.959697794028003, 40.5442033766546 ], [ -111.966123079438006, 40.544194874447598 ], [ -111.966246404651002, 40.544776795635102 ], [ -111.966439389724002, 40.5452962654564 ], [ -111.966500861439002, 40.5459752185102 ], [ -111.966543536805005, 40.545976404214102 ], [ -111.966542654658994, 40.546899730096598 ], [ -111.966542617827997, 40.546938943099299 ], [ -111.966541883006002, 40.547709329301 ], [ -111.966560406267007, 40.548281520315797 ], [ -111.966591837421007, 40.549952292584599 ], [ -111.966629070793005, 40.550271490704503 ], [ -111.966702261031003, 40.550617994148801 ], [ -111.966817101657, 40.550972072272103 ], [ -111.966992034184997, 40.551419898266403 ], [ -111.966993849679994, 40.551423311068604 ], [ -111.967202597490996, 40.551815482513497 ], [ -111.967290864153995, 40.552040159914398 ], [ -111.967317682458997, 40.552277929269401 ], [ -111.967316413139002, 40.552313124355997 ], [ -111.967315027039007, 40.552352328046098 ], [ -111.967325970315997, 40.553246252906199 ], [ -111.967321096955004, 40.553333176599601 ], [ -111.967321981796005, 40.553451755015502 ], [ -111.967341274912997, 40.554986643019703 ], [ -111.967358806434007, 40.555087202631 ], [ -111.9673562121, 40.555485940973497 ], [ -111.967353025774997, 40.555952430164702 ], [ -111.967286988821996, 40.555952268408902 ], [ -111.967188089698993, 40.555952343485401 ], [ -111.966713997520003, 40.555952694297702 ], [ -111.966689167186999, 40.555952712043201 ], [ -111.966450556680996, 40.555952888131799 ], [ -111.966062243729993, 40.555953172740203 ], [ -111.96606224912, 40.555954335744502 ], [ -111.966062190729005, 40.555956730686901 ], [ -111.966062086525, 40.555959124264099 ], [ -111.966061924827997, 40.555961517841297 ], [ -111.966061721808998, 40.555963776963097 ], [ -111.961528708798994, 40.555961001860602 ], [ -111.961082870431994, 40.555980435083399 ], [ -111.960816939463996, 40.555981506630303 ], [ -111.960756302283997, 40.555981753700401 ], [ -111.960612086748, 40.5559823358847 ], [ -111.959250395287, 40.555987733887299 ], [ -111.957746410685999, 40.5559937202163 ] ] ] } },
{ "type": "Feature", "properties": { "PrecinctID": "SJD048", "VistaID": "SJD048", "CountyID": 18, "SubPrecinctID": null, "AliasName": null, "VersionNbr": null }, "geometry": { "type": "Polygon", "coordinates": [ [ [ -111.948350757754, 40.5544990139555 ], [ -111.948329995891996, 40.552884532060503 ], [ -111.948112553287004, 40.552886407012998 ], [ -111.948112167909997, 40.552886382441301 ], [ -111.943438806611994, 40.552879949449697 ], [ -111.943438806611994, 40.552885282178003 ], [ -111.942155820146994, 40.552886337393304 ], [ -111.942068376340004, 40.552886409060598 ], [ -111.941921053531999, 40.552886529188598 ], [ -111.941921056227002, 40.552891256498498 ], [ -111.941858380769006, 40.552891210768003 ], [ -111.941861519482998, 40.5529595280724 ], [ -111.941568743261001, 40.552963727770099 ], [ -111.941516004966999, 40.552964484029602 ], [ -111.941435908480997, 40.552965633434901 ], [ -111.941419858282003, 40.552965857309601 ], [ -111.940326216916006, 40.552964808920898 ], [ -111.938920031899002, 40.552967614862098 ], [ -111.938717071035995, 40.552968017563501 ], [ -111.938668043682, 40.552968114484798 ], [ -111.938684112746003, 40.551247588389998 ], [ -111.938681443850996, 40.5502727637015 ], [ -111.938679252859998, 40.549462029638903 ], [ -111.938683791149003, 40.548768368045202 ], [ -111.938694989547997, 40.5471187317535 ], [ -111.938693655549002, 40.546623232246198 ], [ -111.938690479106995, 40.545443130921598 ], [ -111.938720899654996, 40.544228689401301 ], [ -111.938936835785, 40.5442284477489 ], [ -111.939038460396006, 40.5442283344317 ], [ -111.941904639515002, 40.544225089190803 ], [ -111.942117957055999, 40.544224845490497 ], [ -111.945822689237005, 40.544220539436502 ], [ -111.947394981732998, 40.544218677211397 ], [ -111.948218557185996, 40.544217692853401 ], [ -111.949743335988998, 40.544215855202999 ], [ -111.950217460508, 40.544215281107903 ], [ -111.952693746538998, 40.544212244752401 ], [ -111.953590226564998, 40.544211132741701 ], [ -111.955632802382993, 40.5442085742297 ], [ -111.955632995521, 40.544208574912297 ], [ -111.957680874093995, 40.544223943731303 ], [ -111.957764063479999, 40.544223095900101 ], [ -111.957748114789993, 40.544426403050899 ], [ -111.957734867333997, 40.5455628038968 ], [ -111.957724727151998, 40.546432824926796 ], [ -111.957743764249003, 40.547768710545803 ], [ -111.957726155472997, 40.547780953616403 ], [ -111.957726690868995, 40.547780946790397 ], [ -111.957751056771997, 40.553725845349099 ], [ -111.957593637798993, 40.553723878277602 ], [ -111.957140069429002, 40.5537258132698 ], [ -111.956815350911, 40.553730317331002 ], [ -111.955375643463, 40.553729604079898 ], [ -111.955203102249996, 40.5537265408542 ], [ -111.955100561357, 40.553740880953697 ], [ -111.955016117024996, 40.553781232516499 ], [ -111.954958931172996, 40.553829433900702 ], [ -111.954932494651999, 40.553880097837798 ], [ -111.954893265224001, 40.553944427448101 ], [ -111.954884958502006, 40.554026478308401 ], [ -111.954881164019, 40.554094073016898 ], [ -111.954855080536007, 40.5541654331888 ], [ -111.954819421012004, 40.554236004960501 ], [ -111.954753106479998, 40.554307739008202 ], [ -111.954724307389995, 40.554328494090498 ], [ -111.954691145183006, 40.554352393584601 ], [ -111.954571197635005, 40.554390298590803 ], [ -111.954460472191002, 40.554407417810403 ], [ -111.954323434195004, 40.554407675124096 ], [ -111.954140430302999, 40.554411895206897 ], [ -111.953670375152996, 40.554413935971503 ], [ -111.952474128215002, 40.554413189966198 ], [ -111.952435337164005, 40.554413166760199 ], [ -111.952250733373006, 40.554413052777697 ], [ -111.952241625355001, 40.553853670063098 ], [ -111.952213841361001, 40.5538097481978 ], [ -111.952186247810999, 40.5537838882655 ], [ -111.952165971037999, 40.5537651348941 ], [ -111.952135119298006, 40.5537581737035 ], [ -111.952097189732001, 40.553747668099199 ], [ -111.952052246120004, 40.553742626200197 ], [ -111.950763950611005, 40.553760431534599 ], [ -111.949412511622995, 40.553741849473397 ], [ -111.949360674339999, 40.5537503914206 ], [ -111.949315903203996, 40.553760664962098 ], [ -111.949272496610007, 40.553781745101297 ], [ -111.949238781939002, 40.553820744535699 ], [ -111.949221871153, 40.553875816975797 ], [ -111.949195117528006, 40.553988682984297 ], [ -111.949145291571995, 40.554225980616103 ], [ -111.949122601026005, 40.554321756146102 ], [ -111.949103607048002, 40.554388584074999 ], [ -111.949057329438006, 40.554432130851801 ], [ -111.949006903408005, 40.554458675110801 ], [ -111.948962258036005, 40.5544770720076 ], [ -111.948904547566997, 40.554490139712001 ], [ -111.948801964454006, 40.554498163524201 ], [ -111.948656430190994, 40.554498437218399 ], [ -111.948626155168995, 40.554498493185797 ], [ -111.948350757754, 40.5544990139555 ] ] ] } },
{ "type": "Feature", "properties": { "PrecinctID": "SJD049", "VistaID": "SJD049", "CountyID": 18, "SubPrecinctID": null, "AliasName": null, "VersionNbr": null }, "geometry": { "type": "Polygon", "coordinates": [ [ [ -111.974404523176005, 40.551441127940699 ], [ -111.974304438277002, 40.551439169675398 ], [ -111.974277407071995, 40.551439103466997 ], [ -111.973590739360006, 40.551437446893203 ], [ -111.973429273476, 40.551437057151297 ], [ -111.973332955212996, 40.551436824398301 ], [ -111.972710263718994, 40.551435314574903 ], [ -111.972512345099005, 40.5514348340525 ], [ -111.972440386452007, 40.551434659317003 ], [ -111.972404036124004, 40.551434570584199 ], [ -111.972037481266995, 40.551433681208202 ], [ -111.971865214039994, 40.551433262116099 ], [ -111.971255535541999, 40.551431779595099 ], [ -111.970826691503007, 40.551430733912703 ], [ -111.970278370632997, 40.551429395411802 ], [ -111.970029778946, 40.551428788615702 ], [ -111.969942433056005, 40.5514285756568 ], [ -111.969834289370993, 40.5514283101408 ], [ -111.969805533400006, 40.5514282398372 ], [ -111.969493498196996, 40.551427477417199 ], [ -111.969352521087004, 40.5514271238509 ], [ -111.969123426435999, 40.551426564151399 ], [ -111.968799594554994, 40.551425773063897 ], [ -111.968799967356006, 40.551424057107099 ], [ -111.968599054650994, 40.551424151982999 ], [ -111.968598795038005, 40.551425284350699 ], [ -111.968212595823005, 40.551424335591697 ], [ -111.968161340647995, 40.551424210683201 ], [ -111.967982549854995, 40.551423770431803 ], [ -111.967883393814006, 40.551423519249497 ], [ -111.967286237831004, 40.551422057205102 ], [ -111.967223656696007, 40.551422128873902 ], [ -111.967116738312995, 40.551423228478797 ], [ -111.966993849679994, 40.551423311068604 ], [ -111.966992034184997, 40.551419898266403 ], [ -111.966817101657, 40.550972072272103 ], [ -111.966702261031003, 40.550617994148801 ], [ -111.966629070793005, 40.550271490704503 ], [ -111.966591837421007, 40.549952292584599 ], [ -111.966560406267007, 40.548281520315797 ], [ -111.966541883006002, 40.547709329301 ], [ -111.966542617827997, 40.546938943099299 ], [ -111.966542654658994, 40.546899730096598 ], [ -111.966543536805005, 40.545976404214102 ], [ -111.966500861439002, 40.5459752185102 ], [ -111.966439389724002, 40.5452962654564 ], [ -111.966246404651002, 40.544776795635102 ], [ -111.966123079438006, 40.544194874447598 ], [ -111.966412370197006, 40.544194483298298 ], [ -111.972028918525993, 40.544186746323 ], [ -111.976784587962001, 40.544179986196497 ], [ -111.976784669709005, 40.5443156090993 ], [ -111.976785466514002, 40.544334350099199 ], [ -111.976785971366994, 40.544752683156403 ], [ -111.976786278591007, 40.545007963848299 ], [ -111.976786587611997, 40.545262557530997 ], [ -111.976786892141007, 40.545513100257701 ], [ -111.976786908310004, 40.5457703699308 ], [ -111.976786702596002, 40.545949907788902 ], [ -111.976786621748005, 40.546020146911196 ], [ -111.976786921785006, 40.546275423455 ], [ -111.976786943345004, 40.546292548844796 ], [ -111.976787214636005, 40.546524387610702 ], [ -111.976787343094998, 40.546635190878199 ], [ -111.976787514673006, 40.546778429442902 ], [ -111.976789158589995, 40.5469785123991 ], [ -111.976789225065005, 40.547033704461697 ], [ -111.976789523305996, 40.547288981237799 ], [ -111.976789561933998, 40.5473211516058 ], [ -111.976789824242005, 40.547544257723501 ], [ -111.976789964378995, 40.547663800663599 ], [ -111.976790124279006, 40.547798907976997 ], [ -111.976790333585996, 40.547976828789103 ], [ -111.976790457554003, 40.548080612582702 ], [ -111.976790742320006, 40.548322275167401 ], [ -111.976790791726998, 40.548365589712702 ], [ -111.976791128594996, 40.548650564264904 ], [ -111.976791187884004, 40.548697412357001 ], [ -111.976791286698997, 40.548780076467096 ], [ -111.976791354970999, 40.548838537318098 ], [ -111.976791461869993, 40.548928873519202 ], [ -111.976791737653002, 40.549162563881701 ], [ -111.976791805925004, 40.549220518604898 ], [ -111.976791974807995, 40.549365486762099 ], [ -111.976792084403002, 40.549440765208203 ], [ -111.976792190403998, 40.549512985611898 ], [ -111.976792360185996, 40.549630172188998 ], [ -111.976792387135006, 40.549637273054799 ], [ -111.976792708732006, 40.549920464085801 ], [ -111.976792733885006, 40.549945086635603 ], [ -111.976790498875999, 40.550017825252198 ], [ -111.976597453617003, 40.550066645709997 ], [ -111.976474791360005, 40.550094044234498 ], [ -111.976359699206, 40.550102747051902 ], [ -111.976203209090002, 40.550109202152697 ], [ -111.976020535778005, 40.550107583087602 ], [ -111.976027452805994, 40.5511139575935 ], [ -111.976027876811003, 40.551175786903002 ], [ -111.976029717458999, 40.551443658191403 ], [ -111.975929261556004, 40.551443055490701 ], [ -111.975448772473001, 40.551441913567501 ], [ -111.975214875427994, 40.551441353185503 ], [ -111.974984559964994, 40.551440803724603 ], [ -111.974502356897005, 40.551439652245399 ], [ -111.974404523176005, 40.551441127940699 ] ] ] } },
{ "type": "Feature", "properties": { "PrecinctID": "SJD050", "VistaID": "SJD050", "CountyID": 18, "SubPrecinctID": null, "AliasName": null, "VersionNbr": null }, "geometry": { "type": "Polygon", "coordinates": [ [ [ -111.929169574075004, 40.545660465607199 ], [ -111.929175909893004, 40.544238966451402 ], [ -111.929176562069998, 40.544219208300497 ], [ -111.929175997029006, 40.544219209665798 ], [ -111.929294856718002, 40.540634997361302 ], [ -111.929296469194, 40.540586358445303 ], [ -111.929301930052006, 40.540421682329402 ], [ -111.930253554958995, 40.540425086134498 ], [ -111.930526555667996, 40.540374086382897 ], [ -111.933371556105996, 40.539879086535002 ], [ -111.933520556966997, 40.539853086053 ], [ -111.933934554548998, 40.539782087468502 ], [ -111.933940557092001, 40.539882086222399 ], [ -111.933932555797, 40.540483086648301 ], [ -111.934390556455, 40.540482087216603 ], [ -111.934429556813001, 40.540482085851202 ], [ -111.934434556835996, 40.540342087442497 ], [ -111.935342555958997, 40.540375087181602 ], [ -111.935660556875007, 40.540386085725601 ], [ -111.936349556612996, 40.539674086871599 ], [ -111.936552556104004, 40.539464086615901 ], [ -111.936615556750994, 40.539400086485202 ], [ -111.936635557740999, 40.539379085788902 ], [ -111.936811556570007, 40.539197085623101 ], [ -111.936927556921006, 40.539183085799898 ], [ -111.937184558636005, 40.539174085960802 ], [ -111.938495368619996, 40.539177591549503 ], [ -111.938711242766004, 40.539178168418502 ], [ -111.938711128679998, 40.539189568577903 ], [ -111.938703590017994, 40.539922825022003 ], [ -111.938703306150003, 40.539950310300199 ], [ -111.938701888609003, 40.540088206885898 ], [ -111.938701686488002, 40.540108403850503 ], [ -111.938701549944, 40.540121784293497 ], [ -111.938696146577996, 40.5406563198841 ], [ -111.938912033299999, 40.5406558966286 ], [ -111.941437302666998, 40.540650916549701 ], [ -111.941459971653003, 40.539392736037399 ], [ -111.941472513931004, 40.536984253246402 ], [ -111.941472556151993, 40.536975970637698 ], [ -111.941826627121003, 40.536975990436197 ], [ -111.942345069126006, 40.5369760150137 ], [ -111.942344829275996, 40.536983690695401 ], [ -111.942670997674, 40.536982047418199 ], [ -111.943048754521996, 40.5369801453948 ], [ -111.943376325190002, 40.536978493242401 ], [ -111.944081186481995, 40.5369750906275 ], [ -111.944275973573994, 40.536974149173602 ], [ -111.944491839636001, 40.536973050697 ], [ -111.945535204989994, 40.536968209616603 ], [ -111.946164825189996, 40.536965261001797 ], [ -111.947136261541004, 40.536960721677801 ], [ -111.947316146481995, 40.536959877850897 ], [ -111.948215618795999, 40.536955658716401 ], [ -111.948215616100995, 40.536956935380204 ], [ -111.948219371958004, 40.536956938793701 ], [ -111.948211964449996, 40.5374779896379 ], [ -111.948211499121996, 40.537532926006001 ], [ -111.948215634068006, 40.537892869416901 ], [ -111.948217622938003, 40.538033979595703 ], [ -111.948216926743001, 40.538233549344497 ], [ -111.948216692282998, 40.538593328558797 ], [ -111.948216597062, 40.538722469710002 ], [ -111.948216447042995, 40.538771372131997 ], [ -111.948216442551001, 40.5389683263571 ], [ -111.948215820917, 40.539287131034101 ], [ -111.948214328815993, 40.540030467495399 ], [ -111.94821354279, 40.540450136114899 ], [ -111.950739953915004, 40.540470438784503 ], [ -111.950875674981006, 40.540465864199 ], [ -111.953003187408001, 40.540481977989003 ], [ -111.953528426066995, 40.540472743485303 ], [ -111.954038852403997, 40.540472839059397 ], [ -111.954124789735999, 40.540472867048898 ], [ -111.954219225130004, 40.540472861587503 ], [ -111.954726581924007, 40.540472875241001 ], [ -111.955315746495003, 40.540473200875503 ], [ -111.956532789432003, 40.540473241835898 ], [ -111.956948310556996, 40.540473514222001 ], [ -111.957618451962006, 40.540473691716699 ], [ -111.957757749221003, 40.540475006542998 ], [ -111.957681240607002, 40.544205974077002 ], [ -111.957680874093995, 40.544223943731303 ], [ -111.955632995521, 40.544208574912297 ], [ -111.955632802382993, 40.5442085742297 ], [ -111.953590226564998, 40.544211132741701 ], [ -111.952693746538998, 40.544212244752401 ], [ -111.950217460508, 40.544215281107903 ], [ -111.949743335988998, 40.544215855202999 ], [ -111.948218557185996, 40.544217692853401 ], [ -111.947394981732998, 40.544218677211397 ], [ -111.945822689237005, 40.544220539436502 ], [ -111.942117957055999, 40.544224845490497 ], [ -111.941904639515002, 40.544225089190803 ], [ -111.939038460396006, 40.5442283344317 ], [ -111.938936835785, 40.5442284477489 ], [ -111.938720899654996, 40.544228689401301 ], [ -111.938690479106995, 40.545443130921598 ], [ -111.938693655549002, 40.546623232246198 ], [ -111.938495623742, 40.546625355843901 ], [ -111.937893215309003, 40.546625384513497 ], [ -111.937864173674001, 40.546625386561303 ], [ -111.937856015175001, 40.546625385196101 ], [ -111.937567756579995, 40.5466245824475 ], [ -111.937351876145001, 40.546624527156098 ], [ -111.937258392965006, 40.5466245298866 ], [ -111.936985429985, 40.5466245462692 ], [ -111.936928683407999, 40.546624540125698 ], [ -111.936691148186, 40.546624572890998 ], [ -111.936646830699999, 40.5466245790345 ], [ -111.936608639724, 40.546624584495298 ], [ -111.935340910245003, 40.546624747639001 ], [ -111.935328171235994, 40.546624749004202 ], [ -111.935238100755996, 40.546624760608502 ], [ -111.935181369451001, 40.546625158569803 ], [ -111.935181423350002, 40.5466010221825 ], [ -111.935181333518003, 40.546591464282699 ], [ -111.935181026294998, 40.546581909794597 ], [ -111.935180501678005, 40.546572360766 ], [ -111.935179756975003, 40.546562820609999 ], [ -111.935178794878993, 40.546553290009101 ], [ -111.935177614493, 40.546543775789502 ], [ -111.935175212397994, 40.546528228659 ], [ -111.935173459785005, 40.546518764949099 ], [ -111.935171489778995, 40.546509325811797 ], [ -111.935169303280006, 40.5464999153428 ], [ -111.935166904778001, 40.546490534224702 ], [ -111.935164290681001, 40.546481187235798 ], [ -111.935161462783995, 40.5464718764241 ], [ -111.935158423784003, 40.546462604519803 ], [ -111.935155171882002, 40.546453374936199 ], [ -111.935151708877001, 40.546444189038397 ], [ -111.935148036564001, 40.546435051604803 ], [ -111.935144155841996, 40.546425964000498 ], [ -111.935140069406003, 40.546416931003897 ], [ -111.935135773661997, 40.5464079505672 ], [ -111.935131274000994, 40.546399032247002 ], [ -111.935126572219005, 40.546390171264903 ], [ -111.935121671009995, 40.546381377177603 ], [ -111.935116564088005, 40.546372648619901 ], [ -111.935111263129997, 40.546363990370097 ], [ -111.935105760948005, 40.546355403110802 ], [ -111.935100064731003, 40.546346890937798 ], [ -111.935094173579998, 40.546338454533597 ], [ -111.935088091086996, 40.546330098676698 ], [ -111.935077970666995, 40.546316909240097 ], [ -111.934809206411998, 40.545987027082298 ], [ -111.934798671869004, 40.5459740601109 ], [ -111.934792282152003, 40.545965781344101 ], [ -111.934786085572995, 40.5459574199797 ], [ -111.934780079437004, 40.545948977382899 ], [ -111.934774267337005, 40.5459404576495 ], [ -111.934768651070002, 40.545931859414097 ], [ -111.934763231534006, 40.545923190185398 ], [ -111.934758013220005, 40.5459144492809 ], [ -111.934752995230994, 40.545905638748401 ], [ -111.934744395658996, 40.545889466875302 ], [ -111.934739948998001, 40.545880479541701 ], [ -111.934735709848994, 40.545871434867102 ], [ -111.934731679107998, 40.545862334899198 ], [ -111.934625934823003, 40.545616567720501 ], [ -111.934517636627007, 40.545369002978603 ], [ -111.934514533845999, 40.545362644353297 ], [ -111.934327077006003, 40.545367969488701 ], [ -111.934243248917994, 40.545196216079198 ], [ -111.934195507054, 40.545047836692099 ], [ -111.934187883052005, 40.545030359431799 ], [ -111.933535276761006, 40.545030655691399 ], [ -111.933535318083997, 40.545088024884897 ], [ -111.933156520986003, 40.545088584637398 ], [ -111.933156515597005, 40.545100708055898 ], [ -111.933156446425997, 40.545243443395897 ], [ -111.933156367375005, 40.5454081376934 ], [ -111.932751566744997, 40.5454080236956 ], [ -111.932643202972002, 40.545407993660199 ], [ -111.932346767013001, 40.545407909697801 ], [ -111.932099868649999, 40.5454078393877 ], [ -111.931941966382993, 40.545407793652103 ], [ -111.93154214242, 40.545407676923702 ], [ -111.931537165752999, 40.545407676241197 ], [ -111.931132363326, 40.545407558147602 ], [ -111.930997369894996, 40.545407517190299 ], [ -111.930727564492997, 40.545407438006201 ], [ -111.930623456039996, 40.545407020924301 ], [ -111.930425320926005, 40.545406227035201 ], [ -111.929979030705994, 40.5454060925587 ], [ -111.929979052266006, 40.545658926301101 ], [ -111.929974558892994, 40.545658931079402 ], [ -111.929698389825006, 40.545659204127098 ], [ -111.929303339509005, 40.545659594585203 ], [ -111.929169574075004, 40.545660465607199 ] ] ] } },
{ "type": "Feature", "properties": { "PrecinctID": "SJD051", "VistaID": "SJD051", "CountyID": 18, "SubPrecinctID": null, "AliasName": null, "VersionNbr": null }, "geometry": { "type": "Polygon", "coordinates": [ [ [ -111.929125882714999, 40.555462537392899 ], [ -111.929148084576994, 40.550482465916403 ], [ -111.929169574075004, 40.545660465607199 ], [ -111.929303339509005, 40.545659594585203 ], [ -111.929698389825006, 40.545659204127098 ], [ -111.929974558892994, 40.545658931079402 ], [ -111.929979052266006, 40.545658926301101 ], [ -111.929979030705994, 40.5454060925587 ], [ -111.930425320926005, 40.545406227035201 ], [ -111.930623456039996, 40.545407020924301 ], [ -111.930727564492997, 40.545407438006201 ], [ -111.930997369894996, 40.545407517190299 ], [ -111.931132363326, 40.545407558147602 ], [ -111.931537165752999, 40.545407676241197 ], [ -111.93154214242, 40.545407676923702 ], [ -111.931941966382993, 40.545407793652103 ], [ -111.932099868649999, 40.5454078393877 ], [ -111.932346767013001, 40.545407909697801 ], [ -111.932643202972002, 40.545407993660199 ], [ -111.932751566744997, 40.5454080236956 ], [ -111.933156367375005, 40.5454081376934 ], [ -111.933156446425997, 40.545243443395897 ], [ -111.933156515597005, 40.545100708055898 ], [ -111.933156520986003, 40.545088584637398 ], [ -111.933535318083997, 40.545088024884897 ], [ -111.933535276761006, 40.545030655691399 ], [ -111.934187883052005, 40.545030359431799 ], [ -111.934195507054, 40.545047836692099 ], [ -111.934243248917994, 40.545196216079198 ], [ -111.934327077006003, 40.545367969488701 ], [ -111.934514533845999, 40.545362644353297 ], [ -111.934517636627007, 40.545369002978603 ], [ -111.934625934823003, 40.545616567720501 ], [ -111.934731679107998, 40.545862334899198 ], [ -111.934735709848994, 40.545871434867102 ], [ -111.934739948998001, 40.545880479541701 ], [ -111.934744395658996, 40.545889466875302 ], [ -111.934752995230994, 40.545905638748401 ], [ -111.934758013220005, 40.5459144492809 ], [ -111.934763231534006, 40.545923190185398 ], [ -111.934768651070002, 40.545931859414097 ], [ -111.934774267337005, 40.5459404576495 ], [ -111.934780079437004, 40.545948977382899 ], [ -111.934786085572995, 40.5459574199797 ], [ -111.934792282152003, 40.545965781344101 ], [ -111.934798671869004, 40.5459740601109 ], [ -111.934809206411998, 40.545987027082298 ], [ -111.935077970666995, 40.546316909240097 ], [ -111.935088091086996, 40.546330098676698 ], [ -111.935094173579998, 40.546338454533597 ], [ -111.935100064731003, 40.546346890937798 ], [ -111.935105760948005, 40.546355403110802 ], [ -111.935111263129997, 40.546363990370097 ], [ -111.935116564088005, 40.546372648619901 ], [ -111.935121671009995, 40.546381377177603 ], [ -111.935126572219005, 40.546390171264903 ], [ -111.935131274000994, 40.546399032247002 ], [ -111.935135773661997, 40.5464079505672 ], [ -111.935140069406003, 40.546416931003897 ], [ -111.935144155841996, 40.546425964000498 ], [ -111.935148036564001, 40.546435051604803 ], [ -111.935151708877001, 40.546444189038397 ], [ -111.935155171882002, 40.546453374936199 ], [ -111.935158423784003, 40.546462604519803 ], [ -111.935161462783995, 40.5464718764241 ], [ -111.935164290681001, 40.546481187235798 ], [ -111.935166904778001, 40.546490534224702 ], [ -111.935169303280006, 40.5464999153428 ], [ -111.935171489778995, 40.546509325811797 ], [ -111.935173459785005, 40.546518764949099 ], [ -111.935175212397994, 40.546528228659 ], [ -111.935177614493, 40.546543775789502 ], [ -111.935178794878993, 40.546553290009101 ], [ -111.935179756975003, 40.546562820609999 ], [ -111.935180501678005, 40.546572360766 ], [ -111.935181026294998, 40.546581909794597 ], [ -111.935181333518003, 40.546591464282699 ], [ -111.935181423350002, 40.5466010221825 ], [ -111.935181369451001, 40.546625158569803 ], [ -111.935238100755996, 40.546624760608502 ], [ -111.935328171235994, 40.546624749004202 ], [ -111.935340910245003, 40.546624747639001 ], [ -111.936608639724, 40.546624584495298 ], [ -111.936646830699999, 40.5466245790345 ], [ -111.936691148186, 40.546624572890998 ], [ -111.936928683407999, 40.546624540125698 ], [ -111.936985429985, 40.5466245462692 ], [ -111.937258392965006, 40.5466245298866 ], [ -111.937351876145001, 40.546624527156098 ], [ -111.937567756579995, 40.5466245824475 ], [ -111.937856015175001, 40.546625385196101 ], [ -111.937864173674001, 40.546625386561303 ], [ -111.937893215309003, 40.546625384513497 ], [ -111.938495623742, 40.546625355843901 ], [ -111.938693655549002, 40.546623232246198 ], [ -111.938694989547997, 40.5471187317535 ], [ -111.938683791149003, 40.548768368045202 ], [ -111.938679252859998, 40.549462029638903 ], [ -111.938681443850996, 40.5502727637015 ], [ -111.938684112746003, 40.551247588389998 ], [ -111.938668043682, 40.552968114484798 ], [ -111.938669553750003, 40.553245550570701 ], [ -111.938675232899996, 40.554287958574001 ], [ -111.938680658723996, 40.554635500517698 ], [ -111.938681354020005, 40.554679965132998 ], [ -111.937141039752007, 40.554695653701799 ], [ -111.93712575312, 40.555691131123801 ], [ -111.937113384217, 40.555793782270598 ], [ -111.937084006613006, 40.555870804823897 ], [ -111.936835595486997, 40.555867448897096 ], [ -111.936234253354002, 40.555871114003203 ], [ -111.935482189187994, 40.555851126546301 ], [ -111.934955548260007, 40.555853081270001 ], [ -111.934755981231007, 40.555833892350797 ], [ -111.934582096138001, 40.555801763610603 ], [ -111.934421248294996, 40.555759592312299 ], [ -111.934207840922994, 40.555680615584897 ], [ -111.934092340934001, 40.5556389909068 ], [ -111.934013564970996, 40.555610570874499 ], [ -111.933819248595995, 40.555545905701003 ], [ -111.933688314650993, 40.5555107607724 ], [ -111.933583601631994, 40.555489793110702 ], [ -111.933474012556999, 40.555475734583602 ], [ -111.933443420429995, 40.555471810098702 ], [ -111.933478446641999, 40.555428097463299 ], [ -111.931932359799006, 40.555515210794397 ], [ -111.930321770326003, 40.555468288299799 ], [ -111.929125882714999, 40.555462537392899 ] ] ] } },
{ "type": "Feature", "properties": { "PrecinctID": "SJD052", "VistaID": "SJD052", "CountyID": 18, "SubPrecinctID": null, "AliasName": null, "VersionNbr": null }, "geometry": { "type": "Polygon", "coordinates": [ [ [ -111.915370258348005, 40.550432083357897 ], [ -111.915441161475002, 40.5496219812443 ], [ -111.915019541687997, 40.548741458393799 ], [ -111.915062786586006, 40.548247379081303 ], [ -111.915517332323006, 40.546940386811201 ], [ -111.916249776385001, 40.545702967509897 ], [ -111.915922171581002, 40.545069079308398 ], [ -111.916320652563002, 40.544519663449996 ], [ -111.916500593199004, 40.5442715615171 ], [ -111.916581552965994, 40.544271089134902 ], [ -111.916625756366003, 40.544251293448497 ], [ -111.917166724525003, 40.544250789665 ], [ -111.929175909893004, 40.544238966451402 ], [ -111.929169574075004, 40.545660465607199 ], [ -111.929148084576994, 40.550482465916403 ], [ -111.928425445626004, 40.550633262524499 ], [ -111.927964601800994, 40.550616448130803 ], [ -111.927528759886002, 40.550719772561102 ], [ -111.925722273003004, 40.550735594475903 ], [ -111.923697719185, 40.550779921072198 ], [ -111.923115399777004, 40.550726532710101 ], [ -111.922253934284001, 40.550627903679299 ], [ -111.921687868993004, 40.550374769252201 ], [ -111.921628639472999, 40.550348283440599 ], [ -111.920919065619998, 40.550359854389399 ], [ -111.919979665886004, 40.550396868853099 ], [ -111.919112850925998, 40.5505004434428 ], [ -111.915370258348005, 40.550432083357897 ] ] ] } },
{ "type": "Feature", "properties": { "PrecinctID": "SJD053", "VistaID": "SJD053", "CountyID": 18, "SubPrecinctID": null, "AliasName": null, "VersionNbr": null }, "geometry": { "type": "Polygon", "coordinates": [ [ [ -112.033537957519997, 40.544277024631199 ], [ -112.033681345706995, 40.544281477447797 ], [ -112.035119095726003, 40.544167321964899 ], [ -112.035261684413001, 40.544124727614701 ], [ -112.035407383964994, 40.5440664735832 ], [ -112.036141760304005, 40.5437430565349 ], [ -112.036479039962998, 40.543585490369303 ], [ -112.036682751819001, 40.5434823351491 ], [ -112.036837076096006, 40.543376716796303 ], [ -112.037010242536994, 40.5432186760139 ], [ -112.037092105111, 40.543143963313 ], [ -112.037453187430998, 40.542814417774203 ], [ -112.037664945496005, 40.542618830599999 ], [ -112.037909740003997, 40.542405795629001 ], [ -112.038108264987002, 40.542293770924203 ], [ -112.038334008025004, 40.542229490195403 ], [ -112.039745751816, 40.541997689127498 ], [ -112.039888791457003, 40.541974202327197 ], [ -112.040186722212994, 40.541925281763397 ], [ -112.041155373787007, 40.5417396472116 ], [ -112.041335346761997, 40.541699618117498 ], [ -112.041460169467996, 40.541671855031801 ], [ -112.042021201498997, 40.541547069482696 ], [ -112.042660214483007, 40.5414011559809 ], [ -112.042919280525993, 40.541365644547803 ], [ -112.043175507892997, 40.541352983197399 ], [ -112.044515798787998, 40.5413536283139 ], [ -112.045034501304997, 40.541355788942397 ], [ -112.045136675685001, 40.541356213558899 ], [ -112.045229953150994, 40.541356601994103 ], [ -112.045556324567997, 40.541357959128199 ], [ -112.045548793991003, 40.541540974001698 ], [ -112.045548001677005, 40.542386972853897 ], [ -112.045547300093006, 40.543100280858198 ], [ -112.045546570661003, 40.543855147079697 ], [ -112.045545863686996, 40.544621651823697 ], [ -112.045545131560004, 40.545349396703202 ], [ -112.045581568125996, 40.545937307375198 ], [ -112.045551600327997, 40.545937136038503 ], [ -112.043250470507004, 40.545923974511702 ], [ -112.042949813364004, 40.545917351766498 ], [ -112.042421886946002, 40.545847384218 ], [ -112.042320125790994, 40.545835056831997 ], [ -112.040630440556001, 40.545630351856701 ], [ -112.040526951939995, 40.545630829690303 ], [ -112.040289817366002, 40.545648008489302 ], [ -112.040010787163993, 40.5457096278205 ], [ -112.039768834925994, 40.545791223225798 ], [ -112.039511208882004, 40.5458929843997 ], [ -112.038251700784997, 40.546720171575998 ], [ -112.038185509322005, 40.546756066526498 ], [ -112.037650822182997, 40.5470460097836 ], [ -112.036904359911006, 40.547455462332699 ], [ -112.036205231668006, 40.5478546488538 ], [ -112.036103361816998, 40.547736108990897 ], [ -112.036026883744995, 40.547647120678903 ], [ -112.035393500503005, 40.546910087967099 ], [ -112.034315130495997, 40.545705197625303 ], [ -112.033978938695995, 40.5453047026745 ], [ -112.033789001608, 40.5450352989103 ], [ -112.033677377849003, 40.544823184297996 ], [ -112.033571751243002, 40.544521664923501 ], [ -112.033560854678001, 40.5444427964499 ], [ -112.033537957519997, 40.544277024631199 ] ] ] } },
{ "type": "Feature", "properties": { "PrecinctID": "SJD054", "VistaID": "SJD054", "CountyID": 18, "SubPrecinctID": null, "AliasName": null, "VersionNbr": null }, "geometry": { "type": "Polygon", "coordinates": [ [ [ -112.014542748460997, 40.536924032949997 ], [ -112.014578348694997, 40.536924163347301 ], [ -112.015057267523005, 40.536925902204999 ], [ -112.016081629018004, 40.5369242862348 ], [ -112.016129847887001, 40.536924210454103 ], [ -112.016222678890003, 40.536924063671897 ], [ -112.016835219420997, 40.536947109165403 ], [ -112.019319187844005, 40.536946347945999 ], [ -112.019319173471004, 40.5369191201817 ], [ -112.024657252146994, 40.536910408141402 ], [ -112.029074062684998, 40.536927301074002 ], [ -112.031579883524998, 40.536964311355298 ], [ -112.032397348637005, 40.536971758331298 ], [ -112.032796715358003, 40.536975393749699 ], [ -112.032994589062, 40.536977194732501 ], [ -112.032994576486004, 40.536992079122797 ], [ -112.032998589260004, 40.536992028602498 ], [ -112.033006480061999, 40.537107364424003 ], [ -112.033014418473996, 40.537257752167797 ], [ -112.033051800067994, 40.537455823648202 ], [ -112.033091413975001, 40.537578982431 ], [ -112.033099168232994, 40.537603089982397 ], [ -112.033116035001001, 40.537655528245999 ], [ -112.033173422076004, 40.537826169758702 ], [ -112.033238419678, 40.538040309560799 ], [ -112.033422203306998, 40.538611522958703 ], [ -112.033465377238002, 40.538776903280997 ], [ -112.033502201876999, 40.538903223211499 ], [ -112.033514639949999, 40.539058696351603 ], [ -112.033515815845007, 40.539209114532099 ], [ -112.033521549791004, 40.539371480698001 ], [ -112.033521513859, 40.539373399720603 ], [ -112.033528737211995, 40.540005532730497 ], [ -112.033532973666993, 40.540501196566403 ], [ -112.033571988397995, 40.5406685171506 ], [ -112.033572401623005, 40.540671092181903 ], [ -112.033733933083994, 40.541426684142401 ], [ -112.033774303372994, 40.541611092820702 ], [ -112.033798353069997, 40.541824649822097 ], [ -112.033799997884998, 40.542034850205297 ], [ -112.033781239264997, 40.542212698949903 ], [ -112.033755798078005, 40.542400845034201 ], [ -112.033708510761002, 40.542657438550798 ], [ -112.033572341435999, 40.543290495589197 ], [ -112.033537829061004, 40.543459852352498 ], [ -112.033509756708, 40.543622921574297 ], [ -112.033507815448999, 40.543634292989097 ], [ -112.033484809594, 40.5438395563189 ], [ -112.033497920505994, 40.543992737315001 ], [ -112.033514350692997, 40.544184682037297 ], [ -112.033537957519997, 40.544277024631199 ], [ -112.033560854678001, 40.5444427964499 ], [ -112.033571751243002, 40.544521664923501 ], [ -112.033677377849003, 40.544823184297996 ], [ -112.033789001608, 40.5450352989103 ], [ -112.033978938695995, 40.5453047026745 ], [ -112.034315130495997, 40.545705197625303 ], [ -112.035393500503005, 40.546910087967099 ], [ -112.036026883744995, 40.547647120678903 ], [ -112.036103361816998, 40.547736108990897 ], [ -112.036205231668006, 40.5478546488538 ], [ -112.036036279225002, 40.547922507131297 ], [ -112.035989217384994, 40.547948264890003 ], [ -112.035577656033993, 40.5481735211361 ], [ -112.035536133207003, 40.548196246718803 ], [ -112.034836710316995, 40.548579049411302 ], [ -112.034786159421003, 40.548606714754101 ], [ -112.034756922851003, 40.548622715323802 ], [ -112.033090036857999, 40.549534981062401 ], [ -112.031049007939004, 40.550548838308003 ], [ -112.030151778717993, 40.551054370450203 ], [ -112.029979730679003, 40.551151305413697 ], [ -112.029861172824994, 40.551205055877901 ], [ -112.029806283065994, 40.551229941424403 ], [ -112.029669529835004, 40.551291940584797 ], [ -112.028797717546993, 40.551687183626399 ], [ -112.028712157507996, 40.551559270821699 ], [ -112.028559394501997, 40.551331471136997 ], [ -112.028521257424998, 40.551276534481701 ], [ -112.028441848151004, 40.551162142468499 ], [ -112.028354040527006, 40.551040938951097 ], [ -112.028320430958999, 40.5509944801952 ], [ -112.028195208503007, 40.550828371705997 ], [ -112.028066187072, 40.550664036799297 ], [ -112.027933436734003, 40.550501364912002 ], [ -112.027796957489997, 40.5503405765268 ], [ -112.027656824797006, 40.550181561762898 ], [ -112.027513107825996, 40.550024427797297 ], [ -112.027382715566006, 40.549887163255299 ], [ -112.027365808374, 40.549869288633403 ], [ -112.027214923746001, 40.549716084900801 ], [ -112.026292291965007, 40.548795896792299 ], [ -112.025199610897999, 40.547706002317 ], [ -112.025002633712006, 40.547509576858801 ], [ -112.024106893, 40.546616095565199 ], [ -112.023014211033995, 40.545526179268101 ], [ -112.022772791497005, 40.545285371477298 ], [ -112.022613973846006, 40.545126982281403 ], [ -112.021921563204998, 40.544436252743402 ], [ -112.021273474541005, 40.543789681424002 ], [ -112.021129457532993, 40.543646046680102 ], [ -112.020830813516, 40.543345264039203 ], [ -112.020488895854001, 40.542993727360098 ], [ -112.020151925213995, 40.542639420690598 ], [ -112.019819832427004, 40.542282458672702 ], [ -112.019212727601996, 40.541635583258802 ], [ -112.018715410379002, 40.541125850575597 ], [ -112.018650428048005, 40.541059270872204 ], [ -112.017888075477003, 40.540291802387202 ], [ -112.017629779290004, 40.540031843771203 ], [ -112.016964691805995, 40.539362814033701 ], [ -112.016808572694998, 40.539205557061003 ], [ -112.01654346638, 40.538938323606601 ], [ -112.016196784054003, 40.538589312286398 ], [ -112.015457188504001, 40.537844737120601 ], [ -112.014564974576999, 40.536946500872602 ], [ -112.014542748460997, 40.536924032949997 ] ] ] } },
{ "type": "Feature", "properties": { "PrecinctID": "SJD055", "VistaID": "SJD055", "CountyID": 18, "SubPrecinctID": null, "AliasName": null, "VersionNbr": null }, "geometry": { "type": "Polygon", "coordinates": [ [ [ -112.024135699276002, 40.554221480683502 ], [ -112.024071576633006, 40.554153082080298 ], [ -112.024046365413994, 40.554126193703603 ], [ -112.023650575784998, 40.5537040812901 ], [ -112.021356574993007, 40.551352081073702 ], [ -112.018016574987001, 40.547924080515301 ], [ -112.017878574893999, 40.5477830805902 ], [ -112.017671573409004, 40.547938081242002 ], [ -112.017497575128004, 40.548037082153101 ], [ -112.016452574838993, 40.548633080436304 ], [ -112.015274573583, 40.549297081150797 ], [ -112.015267836218996, 40.549290281950299 ], [ -112.013478573632, 40.547485082424998 ], [ -112.012081572092995, 40.546044081453701 ], [ -112.011109571598993, 40.545013082176403 ], [ -112.010917573775004, 40.544842080794901 ], [ -112.010917331230004, 40.544842218003097 ], [ -112.010832998289999, 40.544753241546402 ], [ -112.007172950107005, 40.540891385332401 ], [ -112.006283052935004, 40.540092395785301 ], [ -112.006289382464999, 40.538989834418601 ], [ -112.006300319453004, 40.537084327860804 ], [ -112.006301107276002, 40.5369470818571 ], [ -112.007101570873004, 40.536947081174297 ], [ -112.009144571594007, 40.536948080658703 ], [ -112.010003571211001, 40.536948079976099 ], [ -112.010874571423003, 40.536949080825899 ], [ -112.011403470716004, 40.536949835900799 ], [ -112.011555243778005, 40.536950051636502 ], [ -112.011575571755003, 40.536950080993002 ], [ -112.011560998386003, 40.536913158773203 ], [ -112.011584491126996, 40.536913245477102 ], [ -112.011776028114994, 40.536913947301301 ], [ -112.011817762047002, 40.5369140995452 ], [ -112.011828002841, 40.536914136411497 ], [ -112.011845991605, 40.536914201951497 ], [ -112.014452802845994, 40.536923706615497 ], [ -112.014542748460997, 40.536924032949997 ], [ -112.014564974576999, 40.536946500872602 ], [ -112.015457188504001, 40.537844737120601 ], [ -112.016196784054003, 40.538589312286398 ], [ -112.01654346638, 40.538938323606601 ], [ -112.016808572694998, 40.539205557061003 ], [ -112.016964691805995, 40.539362814033701 ], [ -112.017629779290004, 40.540031843771203 ], [ -112.017888075477003, 40.540291802387202 ], [ -112.018650428048005, 40.541059270872204 ], [ -112.018715410379002, 40.541125850575597 ], [ -112.019212727601996, 40.541635583258802 ], [ -112.019819832427004, 40.542282458672702 ], [ -112.020151925213995, 40.542639420690598 ], [ -112.020488895854001, 40.542993727360098 ], [ -112.020830813516, 40.543345264039203 ], [ -112.021129457532993, 40.543646046680102 ], [ -112.021273474541005, 40.543789681424002 ], [ -112.021921563204998, 40.544436252743402 ], [ -112.022613973846006, 40.545126982281403 ], [ -112.022772791497005, 40.545285371477298 ], [ -112.023014211033995, 40.545526179268101 ], [ -112.024106893, 40.546616095565199 ], [ -112.025002633712006, 40.547509576858801 ], [ -112.025199610897999, 40.547706002317 ], [ -112.026292291965007, 40.548795896792299 ], [ -112.027214923746001, 40.549716084900801 ], [ -112.027365808374, 40.549869288633403 ], [ -112.027382715566006, 40.549887163255299 ], [ -112.027513107825996, 40.550024427797297 ], [ -112.027656824797006, 40.550181561762898 ], [ -112.027796957489997, 40.5503405765268 ], [ -112.027933436734003, 40.550501364912002 ], [ -112.028066187072, 40.550664036799297 ], [ -112.028195208503007, 40.550828371705997 ], [ -112.028320430958999, 40.5509944801952 ], [ -112.028354040527006, 40.551040938951097 ], [ -112.028441848151004, 40.551162142468499 ], [ -112.028521257424998, 40.551276534481701 ], [ -112.028559394501997, 40.551331471136997 ], [ -112.028712157507996, 40.551559270821699 ], [ -112.028797717546993, 40.551687183626399 ], [ -112.028619257334995, 40.551737892867997 ], [ -112.028299255871005, 40.551894259715802 ], [ -112.027940405864001, 40.552089365905701 ], [ -112.027896803437002, 40.552113073719099 ], [ -112.027822638526999, 40.552151917820801 ], [ -112.026570576566002, 40.552783080465403 ], [ -112.024926576051996, 40.5537280806575 ], [ -112.024260575880007, 40.554133080459799 ], [ -112.024146576077996, 40.5542330809945 ], [ -112.024135699276002, 40.554221480683502 ] ] ] } },
{ "type": "Feature", "properties": { "PrecinctID": "SJD056", "VistaID": "SJD056", "CountyID": 18, "SubPrecinctID": null, "AliasName": null, "VersionNbr": null }, "geometry": { "type": "Polygon", "coordinates": [ [ [ -112.002851643059998, 40.547340917032898 ], [ -112.002765372452998, 40.5472518101055 ], [ -112.000520550830004, 40.5449330858997 ], [ -112.000336235399004, 40.544742694936801 ], [ -112.003660054950004, 40.542865447752398 ], [ -112.003144461502998, 40.542324179033102 ], [ -112.004056107785999, 40.541774458721299 ], [ -112.003023920168999, 40.540627946741303 ], [ -112.004016570236004, 40.540068763589602 ], [ -112.004579245285001, 40.539655292001498 ], [ -112.004520353532001, 40.5389773091566 ], [ -112.005384364850002, 40.539240772671398 ], [ -112.005825304704004, 40.539123775452097 ], [ -112.006289382464999, 40.538989834418601 ], [ -112.006283052935004, 40.540092395785301 ], [ -112.007172950107005, 40.540891385332401 ], [ -112.010832998289999, 40.544753241546402 ], [ -112.010917331230004, 40.544842218003097 ], [ -112.007506571826994, 40.5467650810469 ], [ -112.005911570818995, 40.547669082612401 ], [ -112.004767572592996, 40.548328081977502 ], [ -112.004163571446995, 40.548676080789903 ], [ -112.003776570933994, 40.5482690814327 ], [ -112.003148571295995, 40.547609082161699 ], [ -112.002863571789007, 40.547332082114302 ], [ -112.002851643059998, 40.547340917032898 ] ] ] } },
{ "type": "Feature", "properties": { "PrecinctID": "SJD057", "VistaID": "SJD057", "CountyID": 18, "SubPrecinctID": null, "AliasName": null, "VersionNbr": null }, "geometry": { "type": "Polygon", "coordinates": [ [ [ -111.998449077108006, 40.536975116570403 ], [ -111.998459569429997, 40.536975080386902 ], [ -111.998875570254995, 40.536972080569299 ], [ -111.999988570316006, 40.536968081267503 ], [ -112.000114486271002, 40.536967169169998 ], [ -112.000126569510002, 40.536967081100698 ], [ -112.000543570158996, 40.536966080251098 ], [ -112.001514570827993, 40.536961081464803 ], [ -112.001968570390005, 40.536960081980503 ], [ -112.004429571586002, 40.536950080993002 ], [ -112.005401572078995, 40.536947080491601 ], [ -112.005503571288003, 40.536947079808897 ], [ -112.005809570712003, 40.536947079808897 ], [ -112.005911570818995, 40.536947080491601 ], [ -112.006301107276002, 40.5369470818571 ], [ -112.006300319453004, 40.537084327860804 ], [ -112.006289382464999, 40.538989834418601 ], [ -112.005825304704004, 40.539123775452097 ], [ -112.005384364850002, 40.539240772671398 ], [ -112.004520353532001, 40.5389773091566 ], [ -112.004579245285001, 40.539655292001498 ], [ -112.004016570236004, 40.540068763589602 ], [ -112.003023920168999, 40.540627946741303 ], [ -112.004056107785999, 40.541774458721299 ], [ -112.003144461502998, 40.542324179033102 ], [ -112.003660054950004, 40.542865447752398 ], [ -112.000336235399004, 40.544742694936801 ], [ -111.999189044559998, 40.543557649561599 ], [ -111.998500059194996, 40.542700082984801 ], [ -111.998470847779004, 40.541314246836698 ], [ -111.998449759826997, 40.537112359785901 ], [ -111.998449552316004, 40.537071187806497 ], [ -111.998449077108006, 40.536975116570403 ] ] ] } },
{ "type": "Feature", "properties": { "PrecinctID": "SJD058", "VistaID": "SJD058", "CountyID": 18, "SubPrecinctID": null, "AliasName": null, "VersionNbr": null }, "geometry": { "type": "Polygon", "coordinates": [ [ [ -111.997581075472993, 40.5471918017723 ], [ -111.997522571792004, 40.547190082976499 ], [ -111.99746256972, 40.547175082079001 ], [ -111.997410570740001, 40.547159082528701 ], [ -111.997350569567004, 40.547131082794401 ], [ -111.997325019683998, 40.547109016245997 ], [ -111.997270546744005, 40.547002469807701 ], [ -111.997269375341006, 40.547000179666298 ], [ -111.997226884129006, 40.546917131782301 ], [ -111.997219388586998, 40.546876046376603 ], [ -111.997219783844997, 40.546851173546798 ], [ -111.997223362732996, 40.546828760824297 ], [ -111.997227626137999, 40.546811340002598 ], [ -111.997232404277, 40.546785625493499 ], [ -111.997247187851002, 40.546760255008898 ], [ -111.997265137987, 40.546725098642902 ], [ -111.997292976777999, 40.546693579197303 ], [ -111.997312302235002, 40.546669067399797 ], [ -111.997337472130994, 40.546647055307901 ], [ -111.997372355509995, 40.546624509408304 ], [ -111.997493539139995, 40.546583534405798 ], [ -111.997649343841005, 40.5465732106153 ], [ -111.997714668430007, 40.546580289961597 ], [ -111.997770470877001, 40.546593942838399 ], [ -111.997817700702001, 40.546616140617402 ], [ -111.997859818213996, 40.546638360915303 ], [ -111.997893349628001, 40.546657213213102 ], [ -111.997922650876006, 40.5466788287059 ], [ -111.997961512893994, 40.546728506906 ], [ -111.997965169935, 40.546733184820297 ], [ -111.997965355887004, 40.546733384824599 ], [ -111.997952201855995, 40.546675025892398 ], [ -111.997955155517005, 40.546635925365699 ], [ -111.997959698296995, 40.546597476025802 ], [ -111.997968212529003, 40.546551270165899 ], [ -111.997973685963998, 40.546532142063803 ], [ -111.997980838350998, 40.546506583082703 ], [ -111.997992900029999, 40.546482871236599 ], [ -111.998052570623003, 40.5463755094463 ], [ -111.998074291885999, 40.546354281579198 ], [ -111.998146236161006, 40.546291665543897 ], [ -111.998238317968998, 40.546227755897696 ], [ -111.998818615269002, 40.545897651450403 ], [ -111.999603897338005, 40.545453416659598 ], [ -112.000518803606994, 40.544934068199403 ], [ -112.000520550830004, 40.5449330858997 ], [ -112.002765372452998, 40.5472518101055 ], [ -112.002851643059998, 40.547340917032898 ], [ -112.002701571407002, 40.547452082093102 ], [ -112.002145571737998, 40.547730082332897 ], [ -112.001572570554004, 40.547948084002101 ], [ -112.000878571691999, 40.548049082170898 ], [ -112.000229571237995, 40.548071083563002 ], [ -111.999572570389006, 40.548005082777898 ], [ -111.999195569921994, 40.547914081847097 ], [ -111.998884570475994, 40.547840081554199 ], [ -111.998412570472993, 40.5476170829075 ], [ -111.997993569274996, 40.547316083284002 ], [ -111.997802170626997, 40.547233433749398 ], [ -111.997773570963005, 40.547221083410101 ], [ -111.997738869941998, 40.547211673723702 ], [ -111.997728698317999, 40.547208913958301 ], [ -111.997716589028002, 40.547205631318597 ], [ -111.997655570963005, 40.547189082279701 ], [ -111.997590569766999, 40.547192082322297 ], [ -111.997581075472993, 40.5471918017723 ] ] ] } },
{ "type": "Feature", "properties": { "PrecinctID": "SJD059", "VistaID": "SJD059", "CountyID": 18, "SubPrecinctID": null, "AliasName": null, "VersionNbr": null }, "geometry": { "type": "Polygon", "coordinates": [ [ [ -111.986301318521996, 40.544235082948603 ], [ -111.986300263001993, 40.544235082948603 ], [ -111.986289568558007, 40.544235082948603 ], [ -111.985855568190004, 40.544228081857199 ], [ -111.984556566560002, 40.544208082733299 ], [ -111.984415566992993, 40.544206082615801 ], [ -111.984311568134004, 40.544205083239603 ], [ -111.984311541184994, 40.5441688913413 ], [ -111.984310531478002, 40.542744276321997 ], [ -111.984310410206007, 40.542573855545101 ], [ -111.984306566314999, 40.537158081974198 ], [ -111.984306566314999, 40.5369930827028 ], [ -111.984306565416006, 40.536913082992598 ], [ -111.984396566726005, 40.536913082992598 ], [ -111.986269566670003, 40.536918082465199 ], [ -111.986286572677002, 40.536918291373901 ], [ -111.988302565549006, 40.536943082553798 ], [ -111.991654567048002, 40.5369860815373 ], [ -111.991827568199, 40.536986082902601 ], [ -111.992349568430996, 40.536989080671503 ], [ -111.992372567098997, 40.536990081520699 ], [ -111.992523568508005, 40.536990081520699 ], [ -111.992644567984001, 40.5369890813542 ], [ -111.993010566782999, 40.536989082036897 ], [ -111.993132568777995, 40.5369890813542 ], [ -111.993156659798004, 40.5369890827196 ], [ -111.993146394749004, 40.537098878383901 ], [ -111.993143826465996, 40.537126327271899 ], [ -111.993122955906998, 40.537349532887802 ], [ -111.992815198480002, 40.537705975031997 ], [ -111.992594397074996, 40.538167280806299 ], [ -111.992495986636001, 40.5388648383842 ], [ -111.992135711003002, 40.539542481026601 ], [ -111.991723587305998, 40.540764519602099 ], [ -111.991183550700001, 40.541762298519799 ], [ -111.989765753162004, 40.5436308053823 ], [ -111.989592935268007, 40.544446631473903 ], [ -111.989569835089995, 40.544555689279598 ], [ -111.989567567742995, 40.544555083103802 ], [ -111.989076569269002, 40.544456082506599 ], [ -111.988494567865004, 40.544362082045502 ], [ -111.988385568084993, 40.544344081709802 ], [ -111.988055567474007, 40.544308082389001 ], [ -111.987748567327003, 40.544276082597399 ], [ -111.986922568219995, 40.544236082324304 ], [ -111.986731568424005, 40.544235082265899 ], [ -111.986625568118995, 40.5442350836312 ], [ -111.986355300084, 40.544235082948603 ], [ -111.986301318521996, 40.544235082948603 ] ] ] } },
{ "type": "Feature", "properties": { "PrecinctID": "SJD060", "VistaID": "SJD060", "CountyID": 18, "SubPrecinctID": null, "AliasName": null, "VersionNbr": null }, "geometry": { "type": "Polygon", "coordinates": [ [ [ -111.976784587962001, 40.544179986196497 ], [ -111.972028918525993, 40.544186746323 ], [ -111.966412370197006, 40.544194483298298 ], [ -111.96646712431, 40.543975440678103 ], [ -111.966498066780005, 40.543879681751399 ], [ -111.966535150132998, 40.543785200586598 ], [ -111.966578287233006, 40.543692226555997 ], [ -111.966627371179996, 40.543600986302302 ], [ -111.966682286989993, 40.543511699642998 ], [ -111.967205775731003, 40.542798564634097 ], [ -111.967227072989004, 40.542769550708996 ], [ -111.967273344310996, 40.542706517637001 ], [ -111.967271687817998, 40.542702073590199 ], [ -111.967279391770006, 40.5426913457556 ], [ -111.967309356873002, 40.5426496276718 ], [ -111.967534118052001, 40.542336684555103 ], [ -111.967731218306, 40.542062259524798 ], [ -111.967926584813, 40.541790237693803 ], [ -111.968125409832993, 40.541513403360803 ], [ -111.968378064600003, 40.541236006051001 ], [ -111.968447632830006, 40.541167275379799 ], [ -111.968479731431998, 40.541135563537701 ], [ -111.968628758345005, 40.540988335005999 ], [ -111.968894846517998, 40.540725454537203 ], [ -111.968921829213997, 40.540698798337999 ], [ -111.969116025215996, 40.540518436073398 ], [ -111.969483019348999, 40.540164849504301 ], [ -111.969684035360004, 40.539971172233997 ], [ -111.969874935443002, 40.539787243060502 ], [ -111.970043474660997, 40.539624854691198 ], [ -111.970044592166005, 40.539623780834503 ], [ -111.970045711466, 40.539622704247002 ], [ -111.970046826276004, 40.539621626976903 ], [ -111.970047939287994, 40.539620549706697 ], [ -111.970049050504002, 40.539619471071198 ], [ -111.970050159025007, 40.539618389704998 ], [ -111.970051268445005, 40.539617308338698 ], [ -111.970052372474001, 40.539616226972399 ], [ -111.970053477402004, 40.539615141509998 ], [ -111.970054578737006, 40.539614056047597 ], [ -111.970055679173001, 40.539612970585203 ], [ -111.970056776914006, 40.539611883757303 ], [ -111.970057872859002, 40.539610794881497 ], [ -111.970058965210001, 40.539609704640199 ], [ -111.970060058460007, 40.539608614398901 ], [ -111.970061147218004, 40.539607522792302 ], [ -111.970062235078004, 40.539606429820203 ], [ -111.970063322038996, 40.5396053348002 ], [ -111.970064406305994, 40.539604241145398 ], [ -111.970065486978996, 40.539603144077198 ], [ -111.970066569449003, 40.539602047008998 ], [ -111.970067647427001, 40.539600948575497 ], [ -111.970068722711005, 40.539599848776597 ], [ -111.970069797994, 40.539598746929499 ], [ -111.970070870583001, 40.539597646447902 ], [ -111.970071939578006, 40.5395965425528 ], [ -111.970073008572996, 40.539595437975002 ], [ -111.970074075770995, 40.539594333397197 ], [ -111.970075139377002, 40.539593226088698 ], [ -111.970076201184995, 40.539592119462803 ], [ -111.970077262095998, 40.539591010106101 ], [ -111.970078320311003, 40.539589900749498 ], [ -111.970079378527004, 40.539588790027501 ], [ -111.970080432250001, 40.539587677257401 ], [ -111.970081483279003, 40.539586565169998 ], [ -111.970082534308006, 40.539585450351801 ], [ -111.970083583540003, 40.5395843348509 ], [ -111.970084630078006, 40.539583218667403 ], [ -111.970085673919996, 40.539582101118398 ], [ -111.970086716864003, 40.539580982886797 ], [ -111.970087757113006, 40.539579863972399 ], [ -111.970088796463997, 40.539578743009997 ], [ -111.970089833119999, 40.539577621364899 ], [ -111.970090867080998, 40.539576499037103 ], [ -111.970091900143004, 40.539575374661197 ], [ -111.970092929613003, 40.539574250285298 ], [ -111.970093958183995, 40.539573123861402 ], [ -111.970094984059998, 40.539571997437399 ], [ -111.970096008138995, 40.539570867599998 ], [ -111.970097030421996, 40.539569738445302 ], [ -111.970098050908007, 40.539568608607901 ], [ -111.970099069598007, 40.539567477405001 ], [ -111.970100086490007, 40.539566344836899 ], [ -111.970101101587005, 40.539565211586002 ], [ -111.970102113089993, 40.539564076969697 ], [ -111.970103122796004, 40.539562940987999 ], [ -111.970104132502996, 40.539561804323696 ], [ -111.970105138616006, 40.539560666976598 ], [ -111.970106142033998, 40.539559528946803 ], [ -111.970107144554007, 40.539558387503597 ], [ -111.970108145276996, 40.539557247425797 ], [ -111.970109143304995, 40.539556105982598 ], [ -111.970110138639001, 40.539554962491302 ], [ -111.970111133073999, 40.539553818317302 ], [ -111.970112124813994, 40.539552673460598 ], [ -111.970113113859, 40.539551527238501 ], [ -111.970114102904006, 40.539550381699101 ], [ -111.970115088355996, 40.5395492320636 ], [ -111.970116072010995, 40.539548083793399 ], [ -111.970117052971005, 40.539546933475201 ], [ -111.970118032135005, 40.5395457824742 ], [ -111.970119009502, 40.539544630790601 ], [ -111.970119984174005, 40.5395434770588 ], [ -111.970120957947998, 40.539542323327098 ], [ -111.970121928127995, 40.539541167547299 ], [ -111.970122899206999, 40.5395400117675 ], [ -111.970123865793994, 40.539538853939597 ], [ -111.970124831483005, 40.539537695429097 ], [ -111.970125795376006, 40.539536535553097 ], [ -111.970126755674997, 40.539535375677097 ], [ -111.970127713278998, 40.539534214435797 ], [ -111.970128669985002, 40.539533053194397 ], [ -111.970129624894, 40.539531889222197 ], [ -111.970130578905, 40.539530725932799 ], [ -111.970131530220002, 40.539529559912502 ], [ -111.970132477044999, 40.539528393209601 ], [ -111.970133422071996, 40.539527225824003 ], [ -111.970134367100002, 40.539526059121002 ], [ -111.970135309433005, 40.5395248896873 ], [ -111.970136250867, 40.539523718888198 ], [ -111.970137188707994, 40.539522548771799 ], [ -111.970138124753007, 40.539521376607397 ], [ -111.970139056305996, 40.539520203077402 ], [ -111.970139989654996, 40.539519029547598 ], [ -111.970140920310001, 40.539517854652303 ], [ -111.970141847370996, 40.539516677026199 ], [ -111.970142771737997, 40.5395155014482 ], [ -111.970143695206005, 40.5395143231395 ], [ -111.970144617776, 40.539513144148003 ], [ -111.970145535854002, 40.539511964473903 ], [ -111.970146452136007, 40.539510782751599 ], [ -111.970147367519004, 40.539509601711998 ], [ -111.970148280206999, 40.539508417941697 ], [ -111.970149189302006, 40.539507235536803 ], [ -111.970150098396999, 40.539506051766402 ], [ -111.970151005695996, 40.539504864582597 ], [ -111.970151909400997, 40.539503678764198 ], [ -111.970152811309006, 40.539502490897704 ], [ -111.970153713217996, 40.539501302348498 ], [ -111.970154608838001, 40.539500113116503 ], [ -111.970155504459001, 40.539498924567297 ], [ -111.970156400079006, 40.539497731921898 ], [ -111.970157290309004, 40.539496539959202 ], [ -111.970158178743006, 40.539495345948502 ], [ -111.970159067176994, 40.539494153303004 ], [ -111.970159951119001, 40.5394929586095 ], [ -111.970160835062003, 40.539491762550597 ], [ -111.970161716308994, 40.5394905651264 ], [ -111.970162593962996, 40.5394893683848 ], [ -111.970163471616999, 40.539488168912399 ], [ -111.970164344778993, 40.539486970122702 ], [ -111.970165217043998, 40.539485769967598 ], [ -111.970166088409002, 40.5394845684472 ], [ -111.970166954384993, 40.539483366243999 ], [ -111.970167821260006, 40.539482162675398 ], [ -111.970168683642001, 40.539480960472197 ], [ -111.970169546025005, 40.539479754855599 ], [ -111.970170404813999, 40.539478548556197 ], [ -111.970171262704994, 40.539477342256802 ], [ -111.970172117003003, 40.539476133909403 ], [ -111.970172970402999, 40.539474926244601 ], [ -111.970173821106997, 40.539473717214399 ], [ -111.970174669117, 40.539472506818903 ], [ -111.970175515329998, 40.539471295740597 ], [ -111.970176357949995, 40.539470083296997 ], [ -111.970177203264001, 40.539468871536002 ], [ -111.970178041392998, 40.539467657044298 ], [ -111.970178880418999, 40.539466443235199 ], [ -111.970179714954, 40.539465227378003 ], [ -111.970180548589994, 40.539464010838202 ], [ -111.970181379531994, 40.539462793615598 ], [ -111.970182208677002, 40.539461575710398 ], [ -111.970183035126993, 40.539460356439697 ], [ -111.970183859781002, 40.539459137169104 ], [ -111.970184682636997, 40.539457915850399 ], [ -111.970185501901, 40.539456693166201 ], [ -111.970186320265995, 40.5394554711647 ], [ -111.970187134140005, 40.539454249163299 ], [ -111.970187949809997, 40.539453025113701 ], [ -111.970188760091006, 40.539451799698803 ], [ -111.970189569473007, 40.539450574966502 ], [ -111.970190843284001, 40.539448635465597 ], [ -111.970191649072007, 40.539447405954498 ], [ -111.970192448573002, 40.539446177808799 ], [ -111.970193248073997, 40.539444949663 ], [ -111.970194045778001, 40.539443717421101 ], [ -111.970194838989997, 40.539442486544502 ], [ -111.970195633101, 40.539441254985199 ], [ -111.970196423618006, 40.539440021377899 ], [ -111.970197212339002, 40.539438788453197 ], [ -111.970197999262993, 40.539437554163101 ], [ -111.970198781695998, 40.539436317825 ], [ -111.970199563229997, 40.539435081486801 ], [ -111.970200342967999, 40.539433845148601 ], [ -111.970201119112005, 40.539432608127697 ], [ -111.970201893460001, 40.5394313683761 ], [ -111.970202666909003, 40.539430128624403 ], [ -111.970203436765999, 40.539428888872699 ], [ -111.970204203926997, 40.539427647755602 ], [ -111.970204971087995, 40.539426406638498 ], [ -111.970205735554003, 40.539425163473297 ], [ -111.970206495528998, 40.539423919625399 ], [ -111.970207255503993, 40.539422675777502 ], [ -111.970208013681997, 40.539421430564197 ], [ -111.970208768267, 40.539420184668202 ], [ -111.970209520156999, 40.539418939454897 ], [ -111.970210272046998, 40.539417692193503 ], [ -111.970211020343001, 40.539416442201301 ], [ -111.970211765046997, 40.539415193574499 ], [ -111.970212508852001, 40.539413944265 ], [ -111.970213249962001, 40.539412692907298 ], [ -111.970213991072001, 40.539411442915103 ], [ -111.970214725893996, 40.539410190874797 ], [ -111.970215460716005, 40.539408938151702 ], [ -111.970216192842997, 40.539407684746003 ], [ -111.970216924070996, 40.539406429974797 ], [ -111.970217653502999, 40.539405175203697 ], [ -111.970218377544995, 40.539403919749802 ], [ -111.970219099790995, 40.539402663613203 ], [ -111.970219822036, 40.539401406111303 ], [ -111.970220542484995, 40.5394001479266 ], [ -111.970221259341002, 40.539398888376503 ], [ -111.970221973502007, 40.539397629509097 ], [ -111.970222684966998, 40.539396369276403 ], [ -111.970223394635994, 40.539395106995499 ], [ -111.970224103407006, 40.539393846080003 ], [ -111.970224807685995, 40.539392583799099 ], [ -111.970225512864005, 40.539391320835499 ], [ -111.970226213550006, 40.539390055823802 ], [ -111.970226911541005, 40.539388792860102 ], [ -111.970227607734998, 40.539387526482997 ], [ -111.970228300336004, 40.5393862601059 ], [ -111.970228992936995, 40.539384993046099 ], [ -111.970229683742005, 40.539383725303502 ], [ -111.970230370953004, 40.5393824568783 ], [ -111.970231056366998, 40.539381188453 ], [ -111.970231739984996, 40.539379917979701 ], [ -111.970232420908005, 40.539378648189 ], [ -111.970233099135996, 40.539377376350203 ], [ -111.970233773771, 40.539376105876798 ], [ -111.970234447508005, 40.5393748326726 ], [ -111.970235118548999, 40.539373559468402 ], [ -111.970235788691994, 40.539372284216199 ], [ -111.970236453446006, 40.539371011011902 ], [ -111.970237119097007, 40.539369735076903 ], [ -111.970237781156001, 40.539368459824601 ], [ -111.970238442316003, 40.539367183206799 ], [ -111.970239098085997, 40.539365903858403 ], [ -111.970239753856006, 40.539364627240602 ], [ -111.970240408728003, 40.539363347891999 ], [ -111.970241059108005, 40.539362068543497 ], [ -111.970241708589995, 40.539360789194902 ], [ -111.970242355376996, 40.539359507115499 ], [ -111.970242998570995, 40.5393582257188 ], [ -111.970243639070006, 40.5393569429568 ], [ -111.970244279568007, 40.539355662242698 ], [ -111.970244916474002, 40.539354377432502 ], [ -111.970245550683998, 40.539353093305003 ], [ -111.970246183997006, 40.5393518084948 ], [ -111.970246813716003, 40.539350523684497 ], [ -111.970247441637994, 40.539349236826197 ], [ -111.970248068662002, 40.539347949285101 ], [ -111.970248691194996, 40.539346663109399 ], [ -111.970249311930999, 40.539345374885698 ], [ -111.970249929073006, 40.539344085979202 ], [ -111.970250546215993, 40.539342797072699 ], [ -111.970251161562004, 40.539341506800803 ], [ -111.970251773314004, 40.539340216528899 ], [ -111.970252383271003, 40.539338924891602 ], [ -111.970252989632996, 40.539337633936903 ], [ -111.970253595098001, 40.539336340251502 ], [ -111.970254197867007, 40.539335047248798 ], [ -111.970254797942005, 40.539333752880601 ], [ -111.970255396219997, 40.539332458512398 ], [ -111.970255991803, 40.539331164144201 ], [ -111.970256584691001, 40.539329868410597 ], [ -111.970257173985999, 40.539328571994403 ], [ -111.970257762382005, 40.539327275578003 ], [ -111.970258350779005, 40.539325977113599 ], [ -111.970258934683997, 40.539324680697298 ], [ -111.970259516791998, 40.539323380867501 ], [ -111.970260096206005, 40.5393220817203 ], [ -111.970260672026001, 40.539320781207799 ], [ -111.970261247845997, 40.539319480695198 ], [ -111.970261818276001, 40.539318178817197 ], [ -111.970262388706004, 40.5393168776219 ], [ -111.970262957339997, 40.539315576426603 ], [ -111.970263524177, 40.539314273183201 ], [ -111.970264086521993, 40.539312967891703 ], [ -111.970264647071005, 40.539311665330899 ], [ -111.970265203127994, 40.539310360039302 ], [ -111.970265759184997, 40.539309056113197 ], [ -111.970266314344002, 40.539307748773503 ], [ -111.970266867706002, 40.539306442116498 ], [ -111.970267415677995, 40.539305136142197 ], [ -111.970267961854006, 40.539303828802502 ], [ -111.970268506232998, 40.539302520780097 ], [ -111.970269047019002, 40.539301212074903 ], [ -111.970269587805006, 40.539299902687098 ], [ -111.970270124997, 40.5392985932992 ], [ -111.970270659495, 40.539297282545903 ], [ -111.970271191297996, 40.539295971792598 ], [ -111.970271723099998, 40.539294659673899 ], [ -111.970272252208005, 40.539293346872597 ], [ -111.970272777722002, 40.539292035436503 ], [ -111.970273298744999, 40.539290721952398 ], [ -111.970273819767996, 40.5392894084682 ], [ -111.970274338994003, 40.539288094301298 ], [ -111.970274856423998, 40.5392867794518 ], [ -111.970275368464002, 40.539285463919498 ], [ -111.970275880502996, 40.539284148387203 ], [ -111.970276389847996, 40.539282832172098 ], [ -111.970276897396005, 40.539281515274403 ], [ -111.970277400453, 40.539280197693998 ], [ -111.970277903509, 40.539278879430803 ], [ -111.970278403871006, 40.539277560484997 ], [ -111.970278901537995, 40.539276242221703 ], [ -111.970279395611001, 40.539274923275798 ], [ -111.970279887887997, 40.539273602964599 ], [ -111.970280379266001, 40.539272282653201 ], [ -111.970280866153004, 40.539270961659199 ], [ -111.970281350345005, 40.5392696399824 ], [ -111.970281834537005, 40.539268318305602 ], [ -111.970282316034002, 40.5392669945808 ], [ -111.970282793937997, 40.539265671538502 ], [ -111.970283270045002, 40.539264349179 ], [ -111.970283743457003, 40.539263025454098 ], [ -111.970284215072994, 40.539261700363703 ], [ -111.970284683993, 40.5392603752734 ], [ -111.970285150218999, 40.539259050182999 ], [ -111.970285614648006, 40.539257725092597 ], [ -111.970286362943995, 40.539255572588601 ], [ -111.970286819289001, 40.539254246132799 ], [ -111.970287274734005, 40.539252918311497 ], [ -111.970287730180004, 40.539251591172899 ], [ -111.970288179337999, 40.539250261986297 ], [ -111.970288626699002, 40.539248932116898 ], [ -111.970289074958004, 40.5392476036129 ], [ -111.970289516929, 40.539246272378101 ], [ -111.970289958901006, 40.539244943191299 ], [ -111.970290399074997, 40.539243611956501 ], [ -111.970290832960998, 40.539242280038899 ], [ -111.970291268644004, 40.539240948121297 ], [ -111.970291699835997, 40.539239615520998 ], [ -111.970292129230003, 40.539238283603297 ], [ -111.970292558625005, 40.539236950320301 ], [ -111.970292981731006, 40.539235617037299 ], [ -111.970293403940005, 40.539234282388797 ], [ -111.970293823453005, 40.539232947740302 ], [ -111.970294241169, 40.539231612409097 ], [ -111.970294657088999, 40.539230277077898 ], [ -111.97029506762, 40.5392289417466 ], [ -111.970295479946003, 40.539227605732698 ], [ -111.970295886882994, 40.539226268353303 ], [ -111.970296292022994, 40.539224930973901 ], [ -111.970296697162993, 40.539223594277203 ], [ -111.970297096015003, 40.539222256215098 ], [ -111.970297493968999, 40.5392209181529 ], [ -111.970297891024003, 40.539219579408098 ], [ -111.970298284487001, 40.539218238615099 ], [ -111.970298676151998, 40.539216899870198 ], [ -111.970299064223994, 40.539215559759903 ], [ -111.970299451398006, 40.539214219649601 ], [ -111.970299833181997, 40.5392128795392 ], [ -111.970300217661006, 40.539211536698097 ], [ -111.970300594953002, 40.5392101959049 ], [ -111.970300972245994, 40.539208853746501 ], [ -111.970301346843002, 40.539207510222603 ], [ -111.970301718746001, 40.539206168746702 ], [ -111.970302087953996, 40.539204825222697 ], [ -111.970302455364006, 40.539203481698699 ], [ -111.970302820979001, 40.539202137492097 ], [ -111.970303181202993, 40.539200793285303 ], [ -111.970303543224006, 40.539199449078602 ], [ -111.970303898059001, 40.539198103506401 ], [ -111.970304254690006, 40.539196758617003 ], [ -111.970304606829998, 40.539195412362098 ], [ -111.970304958070997, 40.539194066789896 ], [ -111.970305304820997, 40.539192719169499 ], [ -111.970305652468994, 40.539191372231898 ], [ -111.970305993828006, 40.5391900259769 ], [ -111.970306335187999, 40.539188678356503 ], [ -111.970306672055997, 40.539187330053501 ], [ -111.970307009823003, 40.5391859817503 ], [ -111.970307343098, 40.539184633447199 ], [ -111.970307673677993, 40.539183283778598 ], [ -111.970308000665, 40.5391819334274 ], [ -111.970308328550004, 40.5391805837587 ], [ -111.970308651943, 40.539179235455499 ], [ -111.970308974437998, 40.539177885104102 ], [ -111.970309292441996, 40.539176533387398 ], [ -111.970309609547002, 40.539175182353297 ], [ -111.970309923059006, 40.539173831319196 ], [ -111.970310234774999, 40.539172480285103 ], [ -111.970310544694001, 40.539171127885503 ], [ -111.970310849222003, 40.539169774803298 ], [ -111.970311156446002, 40.539168423086402 ], [ -111.970311457381996, 40.539167070004098 ], [ -111.970311758318005, 40.539165716239097 ], [ -111.970312053862997, 40.539164363156701 ], [ -111.970312349408999, 40.539163009391601 ], [ -111.970312640463007, 40.539161654943896 ], [ -111.970312931517, 40.5391602991307 ], [ -111.970313218079994, 40.539158944682903 ], [ -111.970313502845997, 40.539157589552303 ], [ -111.970313786713007, 40.5391562351044 ], [ -111.970314066089998, 40.5391548799738 ], [ -111.970314344567001, 40.539153522795097 ], [ -111.970314618553004, 40.539152166981701 ], [ -111.970314893438001, 40.539150809802997 ], [ -111.970315162931996, 40.539149452624301 ], [ -111.970315429731997, 40.539148096810798 ], [ -111.970315697429996, 40.539146739632002 ], [ -111.970315958840004, 40.539145381087799 ], [ -111.970316220249998, 40.5391440232262 ], [ -111.970316387335998, 40.539143142561798 ], [ -111.970316478065996, 40.539142664681897 ], [ -111.970316734085998, 40.539141306137601 ], [ -111.970316989207006, 40.539139947593299 ], [ -111.970317238939003, 40.539138589048903 ], [ -111.970317487771993, 40.5391372291392 ], [ -111.970317733911003, 40.539135870594698 ], [ -111.970317978252993, 40.539134510002199 ], [ -111.970318219898999, 40.5391331494097 ], [ -111.970318456155994, 40.539131790182502 ], [ -111.970318693311995, 40.5391304289072 ], [ -111.970318928669997, 40.539129068314601 ], [ -111.970319158639001, 40.539127708404699 ], [ -111.970319389506002, 40.539126345763997 ], [ -111.970319614085, 40.539124983805898 ], [ -111.970319839561995, 40.539123622530497 ], [ -111.970320063241999, 40.539122259889602 ], [ -111.970320279736001, 40.5391208986142 ], [ -111.970320498026993, 40.539119535973299 ], [ -111.970320712724003, 40.539118173332398 ], [ -111.97032092293, 40.539116810691503 ], [ -111.970321134931993, 40.539115447367898 ], [ -111.970321340647004, 40.539114084044201 ], [ -111.970321553546995, 40.539112664740301 ], [ -111.970333707752999, 40.539031200467299 ], [ -111.970371136957993, 40.538780289419797 ], [ -111.970408161021993, 40.538532106151798 ], [ -111.970445591124999, 40.538281194600401 ], [ -111.970480986544004, 40.538043918295998 ], [ -111.970506690937995, 40.537871623842101 ], [ -111.970512399731007, 40.537833360626799 ], [ -111.970517605468004, 40.537798462414401 ], [ -111.970553431179994, 40.537558296572101 ], [ -111.970592333621994, 40.537297511517103 ], [ -111.970624494207001, 40.537081919272097 ], [ -111.970603525732002, 40.536997449982501 ], [ -111.970599358447004, 40.536980660839099 ], [ -111.970571912219995, 40.536864846220602 ], [ -111.970599564162001, 40.536865083803299 ], [ -111.970986562877002, 40.536865083803299 ], [ -111.971060563395994, 40.536866083288899 ], [ -111.972150564787995, 40.536869083793903 ], [ -111.972505564616, 40.536871083447799 ], [ -111.972538563328996, 40.536871083447799 ], [ -111.972574563313998, 40.536870083279503 ], [ -111.972681563443999, 40.536870083279503 ], [ -111.972718563254006, 40.536870083962199 ], [ -111.972738562447006, 40.536870082596799 ], [ -111.972799563444994, 40.536870083962199 ], [ -111.972820563362006, 40.536870083279503 ], [ -111.972871565212003, 40.536869083111199 ], [ -111.973023563750999, 40.536869083111199 ], [ -111.973075564528003, 40.536869083111199 ], [ -111.973568564447007, 40.536872083616103 ], [ -111.973810565194995, 40.536872082933399 ], [ -111.974729562392, 40.536875083438098 ], [ -111.976017563252995, 40.5369250829552 ], [ -111.976753563745007, 40.5369540830267 ], [ -111.976784942796002, 40.536954146518497 ], [ -111.977248565110997, 40.536955082511 ], [ -111.978261564714003, 40.536958082329299 ], [ -111.978735565266007, 40.536960084028699 ], [ -111.979231565557996, 40.536962082314403 ], [ -111.979579564814003, 40.5369620829971 ], [ -111.979786565401994, 40.536962082314403 ], [ -111.980623566176007, 40.536966082299301 ], [ -111.980972566155998, 40.5369690841652 ], [ -111.981057564747999, 40.5369690841652 ], [ -111.981312566813003, 40.5369690827998 ], [ -111.981398565229995, 40.536969083482497 ], [ -111.981562565261001, 40.536969083482497 ], [ -111.981625565011001, 40.5369690827998 ], [ -111.982306565250994, 40.536972081934699 ], [ -111.982534565755003, 40.5369730814188 ], [ -111.982591565655994, 40.536973082784201 ], [ -111.984084566557001, 40.536913082309901 ], [ -111.984306565416006, 40.536913082992598 ], [ -111.984306566314999, 40.5369930827028 ], [ -111.984306566314999, 40.537158081974198 ], [ -111.984310410206007, 40.542573855545101 ], [ -111.984310531478002, 40.542744276321997 ], [ -111.984311541184994, 40.5441688913413 ], [ -111.984167671500003, 40.544169108418998 ], [ -111.984113643225996, 40.544169188969903 ], [ -111.976784587962001, 40.544179986196497 ] ] ] } },
{ "type": "Feature", "properties": { "PrecinctID": "SJD061", "VistaID": "SJD061", "CountyID": 18, "SubPrecinctID": null, "AliasName": null, "VersionNbr": null }, "geometry": { "type": "Polygon", "coordinates": [ [ [ -111.966123079438006, 40.544194874447598 ], [ -111.959697794028003, 40.5442033766546 ], [ -111.959697704196998, 40.544203377337297 ], [ -111.957764063479999, 40.544223095900101 ], [ -111.957680874093995, 40.544223943731303 ], [ -111.957681240607002, 40.544205974077002 ], [ -111.957757749221003, 40.540475006542998 ], [ -111.957760114486007, 40.540475030436497 ], [ -111.957760598676998, 40.540336068994002 ], [ -111.957759768634006, 40.539613995289002 ], [ -111.957758718503996, 40.538313844449902 ], [ -111.957757626152002, 40.536940742230698 ], [ -111.957757624356006, 40.536940643237998 ], [ -111.957757562371995, 40.5368583918914 ], [ -111.959082560347994, 40.536843084874498 ], [ -111.959281442860004, 40.536843267840503 ], [ -111.961267563155999, 40.536845083846401 ], [ -111.961694562055001, 40.5368460846978 ], [ -111.962975562344994, 40.536851084175503 ], [ -111.963395724167, 40.536853050377204 ], [ -111.963402562141994, 40.536853083829897 ], [ -111.963735561329997, 40.5368530831472 ], [ -111.964734563384994, 40.536854083315703 ], [ -111.965067561674005, 40.536855082801502 ], [ -111.965459563107999, 40.536855084167001 ], [ -111.966636562741996, 40.536855083484198 ], [ -111.966985562722002, 40.536856083652701 ], [ -111.967029562204004, 40.536856082969997 ], [ -111.967246562838, 40.536856082969997 ], [ -111.967266804575999, 40.536856115057397 ], [ -111.967273319157997, 40.536856125298002 ], [ -111.967899564386997, 40.536857083138599 ], [ -111.968117563049006, 40.536858083307003 ], [ -111.968438563438994, 40.536858083307003 ], [ -111.969403562463995, 40.536861083129601 ], [ -111.969725564475993, 40.5368620839808 ], [ -111.969784563128002, 40.536862083298097 ], [ -111.969962563403996, 40.536862083298097 ], [ -111.970022562780002, 40.5368630834665 ], [ -111.970137563305997, 40.536863084149203 ], [ -111.970341563519995, 40.536864082952199 ], [ -111.970483472181996, 40.5368640843176 ], [ -111.970483562013996, 40.536864083634903 ], [ -111.970487999691002, 40.5368641218666 ], [ -111.970571912219995, 40.536864846220602 ], [ -111.970599358447004, 40.536980660839099 ], [ -111.970603525732002, 40.536997449982501 ], [ -111.970624494207001, 40.537081919272097 ], [ -111.970592333621994, 40.537297511517103 ], [ -111.970553431179994, 40.537558296572101 ], [ -111.970517605468004, 40.537798462414401 ], [ -111.970512399731007, 40.537833360626799 ], [ -111.970506690937995, 40.537871623842101 ], [ -111.970480986544004, 40.538043918295998 ], [ -111.970445591124999, 40.538281194600401 ], [ -111.970408161021993, 40.538532106151798 ], [ -111.970371136957993, 40.538780289419797 ], [ -111.970333707752999, 40.539031200467299 ], [ -111.970321553546995, 40.539112664740301 ], [ -111.970321340647004, 40.539114084044201 ], [ -111.970321134931993, 40.539115447367898 ], [ -111.97032092293, 40.539116810691503 ], [ -111.970320712724003, 40.539118173332398 ], [ -111.970320498026993, 40.539119535973299 ], [ -111.970320279736001, 40.5391208986142 ], [ -111.970320063241999, 40.539122259889602 ], [ -111.970319839561995, 40.539123622530497 ], [ -111.970319614085, 40.539124983805898 ], [ -111.970319389506002, 40.539126345763997 ], [ -111.970319158639001, 40.539127708404699 ], [ -111.970318928669997, 40.539129068314601 ], [ -111.970318693311995, 40.5391304289072 ], [ -111.970318456155994, 40.539131790182502 ], [ -111.970318219898999, 40.5391331494097 ], [ -111.970317978252993, 40.539134510002199 ], [ -111.970317733911003, 40.539135870594698 ], [ -111.970317487771993, 40.5391372291392 ], [ -111.970317238939003, 40.539138589048903 ], [ -111.970316989207006, 40.539139947593299 ], [ -111.970316734085998, 40.539141306137601 ], [ -111.970316478065996, 40.539142664681897 ], [ -111.970316387335998, 40.539143142561798 ], [ -111.970316220249998, 40.5391440232262 ], [ -111.970315958840004, 40.539145381087799 ], [ -111.970315697429996, 40.539146739632002 ], [ -111.970315429731997, 40.539148096810798 ], [ -111.970315162931996, 40.539149452624301 ], [ -111.970314893438001, 40.539150809802997 ], [ -111.970314618553004, 40.539152166981701 ], [ -111.970314344567001, 40.539153522795097 ], [ -111.970314066089998, 40.5391548799738 ], [ -111.970313786713007, 40.5391562351044 ], [ -111.970313502845997, 40.539157589552303 ], [ -111.970313218079994, 40.539158944682903 ], [ -111.970312931517, 40.5391602991307 ], [ -111.970312640463007, 40.539161654943896 ], [ -111.970312349408999, 40.539163009391601 ], [ -111.970312053862997, 40.539164363156701 ], [ -111.970311758318005, 40.539165716239097 ], [ -111.970311457381996, 40.539167070004098 ], [ -111.970311156446002, 40.539168423086402 ], [ -111.970310849222003, 40.539169774803298 ], [ -111.970310544694001, 40.539171127885503 ], [ -111.970310234774999, 40.539172480285103 ], [ -111.970309923059006, 40.539173831319196 ], [ -111.970309609547002, 40.539175182353297 ], [ -111.970309292441996, 40.539176533387398 ], [ -111.970308974437998, 40.539177885104102 ], [ -111.970308651943, 40.539179235455499 ], [ -111.970308328550004, 40.5391805837587 ], [ -111.970308000665, 40.5391819334274 ], [ -111.970307673677993, 40.539183283778598 ], [ -111.970307343098, 40.539184633447199 ], [ -111.970307009823003, 40.5391859817503 ], [ -111.970306672055997, 40.539187330053501 ], [ -111.970306335187999, 40.539188678356503 ], [ -111.970305993828006, 40.5391900259769 ], [ -111.970305652468994, 40.539191372231898 ], [ -111.970305304820997, 40.539192719169499 ], [ -111.970304958070997, 40.539194066789896 ], [ -111.970304606829998, 40.539195412362098 ], [ -111.970304254690006, 40.539196758617003 ], [ -111.970303898059001, 40.539198103506401 ], [ -111.970303543224006, 40.539199449078602 ], [ -111.970303181202993, 40.539200793285303 ], [ -111.970302820979001, 40.539202137492097 ], [ -111.970302455364006, 40.539203481698699 ], [ -111.970302087953996, 40.539204825222697 ], [ -111.970301718746001, 40.539206168746702 ], [ -111.970301346843002, 40.539207510222603 ], [ -111.970300972245994, 40.539208853746501 ], [ -111.970300594953002, 40.5392101959049 ], [ -111.970300217661006, 40.539211536698097 ], [ -111.970299833181997, 40.5392128795392 ], [ -111.970299451398006, 40.539214219649601 ], [ -111.970299064223994, 40.539215559759903 ], [ -111.970298676151998, 40.539216899870198 ], [ -111.970298284487001, 40.539218238615099 ], [ -111.970297891024003, 40.539219579408098 ], [ -111.970297493968999, 40.5392209181529 ], [ -111.970297096015003, 40.539222256215098 ], [ -111.970296697162993, 40.539223594277203 ], [ -111.970296292022994, 40.539224930973901 ], [ -111.970295886882994, 40.539226268353303 ], [ -111.970295479946003, 40.539227605732698 ], [ -111.97029506762, 40.5392289417466 ], [ -111.970294657088999, 40.539230277077898 ], [ -111.970294241169, 40.539231612409097 ], [ -111.970293823453005, 40.539232947740302 ], [ -111.970293403940005, 40.539234282388797 ], [ -111.970292981731006, 40.539235617037299 ], [ -111.970292558625005, 40.539236950320301 ], [ -111.970292129230003, 40.539238283603297 ], [ -111.970291699835997, 40.539239615520998 ], [ -111.970291268644004, 40.539240948121297 ], [ -111.970290832960998, 40.539242280038899 ], [ -111.970290399074997, 40.539243611956501 ], [ -111.970289958901006, 40.539244943191299 ], [ -111.970289516929, 40.539246272378101 ], [ -111.970289074958004, 40.5392476036129 ], [ -111.970288626699002, 40.539248932116898 ], [ -111.970288179337999, 40.539250261986297 ], [ -111.970287730180004, 40.539251591172899 ], [ -111.970287274734005, 40.539252918311497 ], [ -111.970286819289001, 40.539254246132799 ], [ -111.970286362943995, 40.539255572588601 ], [ -111.970285614648006, 40.539257725092597 ], [ -111.970285150218999, 40.539259050182999 ], [ -111.970284683993, 40.5392603752734 ], [ -111.970284215072994, 40.539261700363703 ], [ -111.970283743457003, 40.539263025454098 ], [ -111.970283270045002, 40.539264349179 ], [ -111.970282793937997, 40.539265671538502 ], [ -111.970282316034002, 40.5392669945808 ], [ -111.970281834537005, 40.539268318305602 ], [ -111.970281350345005, 40.5392696399824 ], [ -111.970280866153004, 40.539270961659199 ], [ -111.970280379266001, 40.539272282653201 ], [ -111.970279887887997, 40.539273602964599 ], [ -111.970279395611001, 40.539274923275798 ], [ -111.970278901537995, 40.539276242221703 ], [ -111.970278403871006, 40.539277560484997 ], [ -111.970277903509, 40.539278879430803 ], [ -111.970277400453, 40.539280197693998 ], [ -111.970276897396005, 40.539281515274403 ], [ -111.970276389847996, 40.539282832172098 ], [ -111.970275880502996, 40.539284148387203 ], [ -111.970275368464002, 40.539285463919498 ], [ -111.970274856423998, 40.5392867794518 ], [ -111.970274338994003, 40.539288094301298 ], [ -111.970273819767996, 40.5392894084682 ], [ -111.970273298744999, 40.539290721952398 ], [ -111.970272777722002, 40.539292035436503 ], [ -111.970272252208005, 40.539293346872597 ], [ -111.970271723099998, 40.539294659673899 ], [ -111.970271191297996, 40.539295971792598 ], [ -111.970270659495, 40.539297282545903 ], [ -111.970270124997, 40.5392985932992 ], [ -111.970269587805006, 40.539299902687098 ], [ -111.970269047019002, 40.539301212074903 ], [ -111.970268506232998, 40.539302520780097 ], [ -111.970267961854006, 40.539303828802502 ], [ -111.970267415677995, 40.539305136142197 ], [ -111.970266867706002, 40.539306442116498 ], [ -111.970266314344002, 40.539307748773503 ], [ -111.970265759184997, 40.539309056113197 ], [ -111.970265203127994, 40.539310360039302 ], [ -111.970264647071005, 40.539311665330899 ], [ -111.970264086521993, 40.539312967891703 ], [ -111.970263524177, 40.539314273183201 ], [ -111.970262957339997, 40.539315576426603 ], [ -111.970262388706004, 40.5393168776219 ], [ -111.970261818276001, 40.539318178817197 ], [ -111.970261247845997, 40.539319480695198 ], [ -111.970260672026001, 40.539320781207799 ], [ -111.970260096206005, 40.5393220817203 ], [ -111.970259516791998, 40.539323380867501 ], [ -111.970258934683997, 40.539324680697298 ], [ -111.970258350779005, 40.539325977113599 ], [ -111.970257762382005, 40.539327275578003 ], [ -111.970257173985999, 40.539328571994403 ], [ -111.970256584691001, 40.539329868410597 ], [ -111.970255991803, 40.539331164144201 ], [ -111.970255396219997, 40.539332458512398 ], [ -111.970254797942005, 40.539333752880601 ], [ -111.970254197867007, 40.539335047248798 ], [ -111.970253595098001, 40.539336340251502 ], [ -111.970252989632996, 40.539337633936903 ], [ -111.970252383271003, 40.539338924891602 ], [ -111.970251773314004, 40.539340216528899 ], [ -111.970251161562004, 40.539341506800803 ], [ -111.970250546215993, 40.539342797072699 ], [ -111.970249929073006, 40.539344085979202 ], [ -111.970249311930999, 40.539345374885698 ], [ -111.970248691194996, 40.539346663109399 ], [ -111.970248068662002, 40.539347949285101 ], [ -111.970247441637994, 40.539349236826197 ], [ -111.970246813716003, 40.539350523684497 ], [ -111.970246183997006, 40.5393518084948 ], [ -111.970245550683998, 40.539353093305003 ], [ -111.970244916474002, 40.539354377432502 ], [ -111.970244279568007, 40.539355662242698 ], [ -111.970243639070006, 40.5393569429568 ], [ -111.970242998570995, 40.5393582257188 ], [ -111.970242355376996, 40.539359507115499 ], [ -111.970241708589995, 40.539360789194902 ], [ -111.970241059108005, 40.539362068543497 ], [ -111.970240408728003, 40.539363347891999 ], [ -111.970239753856006, 40.539364627240602 ], [ -111.970239098085997, 40.539365903858403 ], [ -111.970238442316003, 40.539367183206799 ], [ -111.970237781156001, 40.539368459824601 ], [ -111.970237119097007, 40.539369735076903 ], [ -111.970236453446006, 40.539371011011902 ], [ -111.970235788691994, 40.539372284216199 ], [ -111.970235118548999, 40.539373559468402 ], [ -111.970234447508005, 40.5393748326726 ], [ -111.970233773771, 40.539376105876798 ], [ -111.970233099135996, 40.539377376350203 ], [ -111.970232420908005, 40.539378648189 ], [ -111.970231739984996, 40.539379917979701 ], [ -111.970231056366998, 40.539381188453 ], [ -111.970230370953004, 40.5393824568783 ], [ -111.970229683742005, 40.539383725303502 ], [ -111.970228992936995, 40.539384993046099 ], [ -111.970228300336004, 40.5393862601059 ], [ -111.970227607734998, 40.539387526482997 ], [ -111.970226911541005, 40.539388792860102 ], [ -111.970226213550006, 40.539390055823802 ], [ -111.970225512864005, 40.539391320835499 ], [ -111.970224807685995, 40.539392583799099 ], [ -111.970224103407006, 40.539393846080003 ], [ -111.970223394635994, 40.539395106995499 ], [ -111.970222684966998, 40.539396369276403 ], [ -111.970221973502007, 40.539397629509097 ], [ -111.970221259341002, 40.539398888376503 ], [ -111.970220542484995, 40.5394001479266 ], [ -111.970219822036, 40.539401406111303 ], [ -111.970219099790995, 40.539402663613203 ], [ -111.970218377544995, 40.539403919749802 ], [ -111.970217653502999, 40.539405175203697 ], [ -111.970216924070996, 40.539406429974797 ], [ -111.970216192842997, 40.539407684746003 ], [ -111.970215460716005, 40.539408938151702 ], [ -111.970214725893996, 40.539410190874797 ], [ -111.970213991072001, 40.539411442915103 ], [ -111.970213249962001, 40.539412692907298 ], [ -111.970212508852001, 40.539413944265 ], [ -111.970211765046997, 40.539415193574499 ], [ -111.970211020343001, 40.539416442201301 ], [ -111.970210272046998, 40.539417692193503 ], [ -111.970209520156999, 40.539418939454897 ], [ -111.970208768267, 40.539420184668202 ], [ -111.970208013681997, 40.539421430564197 ], [ -111.970207255503993, 40.539422675777502 ], [ -111.970206495528998, 40.539423919625399 ], [ -111.970205735554003, 40.539425163473297 ], [ -111.970204971087995, 40.539426406638498 ], [ -111.970204203926997, 40.539427647755602 ], [ -111.970203436765999, 40.539428888872699 ], [ -111.970202666909003, 40.539430128624403 ], [ -111.970201893460001, 40.5394313683761 ], [ -111.970201119112005, 40.539432608127697 ], [ -111.970200342967999, 40.539433845148601 ], [ -111.970199563229997, 40.539435081486801 ], [ -111.970198781695998, 40.539436317825 ], [ -111.970197999262993, 40.539437554163101 ], [ -111.970197212339002, 40.539438788453197 ], [ -111.970196423618006, 40.539440021377899 ], [ -111.970195633101, 40.539441254985199 ], [ -111.970194838989997, 40.539442486544502 ], [ -111.970194045778001, 40.539443717421101 ], [ -111.970193248073997, 40.539444949663 ], [ -111.970192448573002, 40.539446177808799 ], [ -111.970191649072007, 40.539447405954498 ], [ -111.970190843284001, 40.539448635465597 ], [ -111.970189569473007, 40.539450574966502 ], [ -111.970188760091006, 40.539451799698803 ], [ -111.970187949809997, 40.539453025113701 ], [ -111.970187134140005, 40.539454249163299 ], [ -111.970186320265995, 40.5394554711647 ], [ -111.970185501901, 40.539456693166201 ], [ -111.970184682636997, 40.539457915850399 ], [ -111.970183859781002, 40.539459137169104 ], [ -111.970183035126993, 40.539460356439697 ], [ -111.970182208677002, 40.539461575710398 ], [ -111.970181379531994, 40.539462793615598 ], [ -111.970180548589994, 40.539464010838202 ], [ -111.970179714954, 40.539465227378003 ], [ -111.970178880418999, 40.539466443235199 ], [ -111.970178041392998, 40.539467657044298 ], [ -111.970177203264001, 40.539468871536002 ], [ -111.970176357949995, 40.539470083296997 ], [ -111.970175515329998, 40.539471295740597 ], [ -111.970174669117, 40.539472506818903 ], [ -111.970173821106997, 40.539473717214399 ], [ -111.970172970402999, 40.539474926244601 ], [ -111.970172117003003, 40.539476133909403 ], [ -111.970171262704994, 40.539477342256802 ], [ -111.970170404813999, 40.539478548556197 ], [ -111.970169546025005, 40.539479754855599 ], [ -111.970168683642001, 40.539480960472197 ], [ -111.970167821260006, 40.539482162675398 ], [ -111.970166954384993, 40.539483366243999 ], [ -111.970166088409002, 40.5394845684472 ], [ -111.970165217043998, 40.539485769967598 ], [ -111.970164344778993, 40.539486970122702 ], [ -111.970163471616999, 40.539488168912399 ], [ -111.970162593962996, 40.5394893683848 ], [ -111.970161716308994, 40.5394905651264 ], [ -111.970160835062003, 40.539491762550597 ], [ -111.970159951119001, 40.5394929586095 ], [ -111.970159067176994, 40.539494153303004 ], [ -111.970158178743006, 40.539495345948502 ], [ -111.970157290309004, 40.539496539959202 ], [ -111.970156400079006, 40.539497731921898 ], [ -111.970155504459001, 40.539498924567297 ], [ -111.970154608838001, 40.539500113116503 ], [ -111.970153713217996, 40.539501302348498 ], [ -111.970152811309006, 40.539502490897704 ], [ -111.970151909400997, 40.539503678764198 ], [ -111.970151005695996, 40.539504864582597 ], [ -111.970150098396999, 40.539506051766402 ], [ -111.970149189302006, 40.539507235536803 ], [ -111.970148280206999, 40.539508417941697 ], [ -111.970147367519004, 40.539509601711998 ], [ -111.970146452136007, 40.539510782751599 ], [ -111.970145535854002, 40.539511964473903 ], [ -111.970144617776, 40.539513144148003 ], [ -111.970143695206005, 40.5395143231395 ], [ -111.970142771737997, 40.5395155014482 ], [ -111.970141847370996, 40.539516677026199 ], [ -111.970140920310001, 40.539517854652303 ], [ -111.970139989654996, 40.539519029547598 ], [ -111.970139056305996, 40.539520203077402 ], [ -111.970138124753007, 40.539521376607397 ], [ -111.970137188707994, 40.539522548771799 ], [ -111.970136250867, 40.539523718888198 ], [ -111.970135309433005, 40.5395248896873 ], [ -111.970134367100002, 40.539526059121002 ], [ -111.970133422071996, 40.539527225824003 ], [ -111.970132477044999, 40.539528393209601 ], [ -111.970131530220002, 40.539529559912502 ], [ -111.970130578905, 40.539530725932799 ], [ -111.970129624894, 40.539531889222197 ], [ -111.970128669985002, 40.539533053194397 ], [ -111.970127713278998, 40.539534214435797 ], [ -111.970126755674997, 40.539535375677097 ], [ -111.970125795376006, 40.539536535553097 ], [ -111.970124831483005, 40.539537695429097 ], [ -111.970123865793994, 40.539538853939597 ], [ -111.970122899206999, 40.5395400117675 ], [ -111.970121928127995, 40.539541167547299 ], [ -111.970120957947998, 40.539542323327098 ], [ -111.970119984174005, 40.5395434770588 ], [ -111.970119009502, 40.539544630790601 ], [ -111.970118032135005, 40.5395457824742 ], [ -111.970117052971005, 40.539546933475201 ], [ -111.970116072010995, 40.539548083793399 ], [ -111.970115088355996, 40.5395492320636 ], [ -111.970114102904006, 40.539550381699101 ], [ -111.970113113859, 40.539551527238501 ], [ -111.970112124813994, 40.539552673460598 ], [ -111.970111133073999, 40.539553818317302 ], [ -111.970110138639001, 40.539554962491302 ], [ -111.970109143304995, 40.539556105982598 ], [ -111.970108145276996, 40.539557247425797 ], [ -111.970107144554007, 40.539558387503597 ], [ -111.970106142033998, 40.539559528946803 ], [ -111.970105138616006, 40.539560666976598 ], [ -111.970104132502996, 40.539561804323696 ], [ -111.970103122796004, 40.539562940987999 ], [ -111.970102113089993, 40.539564076969697 ], [ -111.970101101587005, 40.539565211586002 ], [ -111.970100086490007, 40.539566344836899 ], [ -111.970099069598007, 40.539567477405001 ], [ -111.970098050908007, 40.539568608607901 ], [ -111.970097030421996, 40.539569738445302 ], [ -111.970096008138995, 40.539570867599998 ], [ -111.970094984059998, 40.539571997437399 ], [ -111.970093958183995, 40.539573123861402 ], [ -111.970092929613003, 40.539574250285298 ], [ -111.970091900143004, 40.539575374661197 ], [ -111.970090867080998, 40.539576499037103 ], [ -111.970089833119999, 40.539577621364899 ], [ -111.970088796463997, 40.539578743009997 ], [ -111.970087757113006, 40.539579863972399 ], [ -111.970086716864003, 40.539580982886797 ], [ -111.970085673919996, 40.539582101118398 ], [ -111.970084630078006, 40.539583218667403 ], [ -111.970083583540003, 40.5395843348509 ], [ -111.970082534308006, 40.539585450351801 ], [ -111.970081483279003, 40.539586565169998 ], [ -111.970080432250001, 40.539587677257401 ], [ -111.970079378527004, 40.539588790027501 ], [ -111.970078320311003, 40.539589900749498 ], [ -111.970077262095998, 40.539591010106101 ], [ -111.970076201184995, 40.539592119462803 ], [ -111.970075139377002, 40.539593226088698 ], [ -111.970074075770995, 40.539594333397197 ], [ -111.970073008572996, 40.539595437975002 ], [ -111.970071939578006, 40.5395965425528 ], [ -111.970070870583001, 40.539597646447902 ], [ -111.970069797994, 40.539598746929499 ], [ -111.970068722711005, 40.539599848776597 ], [ -111.970067647427001, 40.539600948575497 ], [ -111.970066569449003, 40.539602047008998 ], [ -111.970065486978996, 40.539603144077198 ], [ -111.970064406305994, 40.539604241145398 ], [ -111.970063322038996, 40.5396053348002 ], [ -111.970062235078004, 40.539606429820203 ], [ -111.970061147218004, 40.539607522792302 ], [ -111.970060058460007, 40.539608614398901 ], [ -111.970058965210001, 40.539609704640199 ], [ -111.970057872859002, 40.539610794881497 ], [ -111.970056776914006, 40.539611883757303 ], [ -111.970055679173001, 40.539612970585203 ], [ -111.970054578737006, 40.539614056047597 ], [ -111.970053477402004, 40.539615141509998 ], [ -111.970052372474001, 40.539616226972399 ], [ -111.970051268445005, 40.539617308338698 ], [ -111.970050159025007, 40.539618389704998 ], [ -111.970049050504002, 40.539619471071198 ], [ -111.970047939287994, 40.539620549706697 ], [ -111.970046826276004, 40.539621626976903 ], [ -111.970045711466, 40.539622704247002 ], [ -111.970044592166005, 40.539623780834503 ], [ -111.970043474660997, 40.539624854691198 ], [ -111.969874935443002, 40.539787243060502 ], [ -111.969684035360004, 40.539971172233997 ], [ -111.969483019348999, 40.540164849504301 ], [ -111.969116025215996, 40.540518436073398 ], [ -111.968921829213997, 40.540698798337999 ], [ -111.968894846517998, 40.540725454537203 ], [ -111.968628758345005, 40.540988335005999 ], [ -111.968479731431998, 40.541135563537701 ], [ -111.968447632830006, 40.541167275379799 ], [ -111.968378064600003, 40.541236006051001 ], [ -111.968125409832993, 40.541513403360803 ], [ -111.967926584813, 40.541790237693803 ], [ -111.967731218306, 40.542062259524798 ], [ -111.967534118052001, 40.542336684555103 ], [ -111.967309356873002, 40.5426496276718 ], [ -111.967279391770006, 40.5426913457556 ], [ -111.967271687817998, 40.542702073590199 ], [ -111.967273344310996, 40.542706517637001 ], [ -111.967227072989004, 40.542769550708996 ], [ -111.967205775731003, 40.542798564634097 ], [ -111.966682286989993, 40.543511699642998 ], [ -111.966627371179996, 40.543600986302302 ], [ -111.966578287233006, 40.543692226555997 ], [ -111.966535150132998, 40.543785200586598 ], [ -111.966498066780005, 40.543879681751399 ], [ -111.96646712431, 40.543975440678103 ], [ -111.966412370197006, 40.544194483298298 ], [ -111.966123079438006, 40.544194874447598 ] ] ] } },
{ "type": "Feature", "properties": { "PrecinctID": "SJD062", "VistaID": "SJD062", "CountyID": 18, "SubPrecinctID": null, "AliasName": null, "VersionNbr": null }, "geometry": { "type": "Polygon", "coordinates": [ [ [ -112.008547520712995, 40.553197921419198 ], [ -112.007877548191004, 40.552497988354197 ], [ -112.007683159051993, 40.552294902962899 ], [ -112.007027354759003, 40.551599263990902 ], [ -112.006743363160993, 40.551300633690701 ], [ -112.006395377380002, 40.550949900509202 ], [ -112.005908656683999, 40.550459290613098 ], [ -112.005312095386003, 40.549857975613598 ], [ -112.005233703901993, 40.5497789523357 ], [ -112.005010899254003, 40.549554356083299 ], [ -112.004148520173999, 40.548685019967202 ], [ -112.004160630363003, 40.548678044596699 ], [ -112.004163760092993, 40.548676241198201 ], [ -112.004163571446995, 40.548676080789903 ], [ -112.004767572592996, 40.548328081977502 ], [ -112.005911570818995, 40.547669082612401 ], [ -112.007506571826994, 40.5467650810469 ], [ -112.010917331230004, 40.544842218003097 ], [ -112.010917573775004, 40.544842080794901 ], [ -112.011109571598993, 40.545013082176403 ], [ -112.012081572092995, 40.546044081453701 ], [ -112.013478573632, 40.547485082424998 ], [ -112.015267836218996, 40.549290281950299 ], [ -112.015274573583, 40.549297081150797 ], [ -112.015274799059995, 40.549297320054599 ], [ -112.015266773511996, 40.549301329541599 ], [ -112.015248663475006, 40.549310378531104 ], [ -112.015059910366006, 40.549413660608799 ], [ -112.015050351393, 40.549418891226097 ], [ -112.014722217480994, 40.5495984384156 ], [ -112.014149872068003, 40.549895277036597 ], [ -112.014128335856995, 40.549906447391699 ], [ -112.014087714040002, 40.549959712178797 ], [ -112.013566215965994, 40.550169789424103 ], [ -112.013311399852995, 40.550298710311303 ], [ -112.012629870504995, 40.550657764680302 ], [ -112.011808278532001, 40.551151325890601 ], [ -112.010288778228997, 40.5521821767529 ], [ -112.010043267764004, 40.552348728954797 ], [ -112.009980504270999, 40.552521494670799 ], [ -112.009967528106998, 40.552663134404703 ], [ -112.009990350704996, 40.552760260200102 ], [ -112.010041337283994, 40.552870219761999 ], [ -112.010225203557994, 40.553030163909099 ], [ -112.010535535556002, 40.553185671148398 ], [ -112.010605355314993, 40.5532206555351 ], [ -112.011499295804001, 40.553705415650199 ], [ -112.011544186414994, 40.553729758333198 ], [ -112.011991749548002, 40.554097603078397 ], [ -112.012285418695001, 40.554348524318797 ], [ -112.012917497583999, 40.554960133778799 ], [ -112.013368142836001, 40.555429302110298 ], [ -112.014263585308001, 40.556353606740899 ], [ -112.014831275652, 40.556936060421201 ], [ -112.015083060848994, 40.557194352279097 ], [ -112.015494725506002, 40.557623586387102 ], [ -112.015528346753001, 40.557658642164597 ], [ -112.015579737573006, 40.557712225653397 ], [ -112.015831949471007, 40.557940482741103 ], [ -112.016208754104994, 40.558281500226101 ], [ -112.016500755080997, 40.558545761391699 ], [ -112.016146693094996, 40.558745330084001 ], [ -112.015573289466005, 40.559068525219097 ], [ -112.015146966998998, 40.559314207540702 ], [ -112.015088583692005, 40.559347851747603 ], [ -112.014808872567002, 40.559509042322603 ], [ -112.014736364149996, 40.559549785563497 ], [ -112.014725597842002, 40.559538786754104 ], [ -112.014684351694996, 40.559496648521197 ], [ -112.014675301169007, 40.559487399577101 ], [ -112.014484461273, 40.5592924255063 ], [ -112.014049246382996, 40.558847771120199 ], [ -112.013477891810993, 40.5582580826079 ], [ -112.013155384048005, 40.557927137934897 ], [ -112.012833818616997, 40.5575971205051 ], [ -112.012406800853, 40.557160401911702 ], [ -112.012007090078001, 40.556755402676103 ], [ -112.011660537108995, 40.556383823506103 ], [ -112.011195945512, 40.5559161913786 ], [ -112.010602979270999, 40.5553076422026 ], [ -112.009971613645007, 40.554663516907603 ], [ -112.009330842658002, 40.554001917322303 ], [ -112.008911148858999, 40.553571150902599 ], [ -112.008866554692005, 40.553525379853902 ], [ -112.008654843339002, 40.553308078199301 ], [ -112.008547520712995, 40.553197921419198 ] ] ] } },
{ "type": "Feature", "properties": { "PrecinctID": "SJD063", "VistaID": "SJD063", "CountyID": 18, "SubPrecinctID": null, "AliasName": null, "VersionNbr": null }, "geometry": { "type": "Polygon", "coordinates": [ [ [ -111.916625756366003, 40.544251293448497 ], [ -111.916878553965006, 40.5441380881417 ], [ -111.916932552595, 40.544001088002503 ], [ -111.916947552663004, 40.543840088093702 ], [ -111.916717553408006, 40.543701088577599 ], [ -111.916556552851006, 40.543560088636397 ], [ -111.916410554159995, 40.543335087883001 ], [ -111.916356552834998, 40.543218088940101 ], [ -111.916327553420999, 40.543091088356697 ], [ -111.916322552498997, 40.542950088496603 ], [ -111.916337552567995, 40.542813087975503 ], [ -111.916381552051007, 40.542682088346297 ], [ -111.916420553307006, 40.542618087876598 ], [ -111.916561553771999, 40.542521086632298 ], [ -111.916673552128998, 40.542452087632199 ], [ -111.916747553544994, 40.542345088013299 ], [ -111.916756553766007, 40.542301087603597 ], [ -111.916742553521999, 40.542238087540802 ], [ -111.916712553384997, 40.542169088249203 ], [ -111.916625552447996, 40.542062088178199 ], [ -111.916586552987994, 40.542013088490599 ], [ -111.916561551976002, 40.5419110872704 ], [ -111.916547552630007, 40.541721087755903 ], [ -111.916532554358, 40.541589088623802 ], [ -111.916561551976002, 40.541491088520701 ], [ -111.916610553278005, 40.541408088418798 ], [ -111.916678552152007, 40.54131608798 ], [ -111.916795552327002, 40.541082086932697 ], [ -111.916820553340003, 40.541013087815699 ], [ -111.916820552442005, 40.540921087517098 ], [ -111.916815552418996, 40.540755087163298 ], [ -111.916810551498003, 40.540677087389497 ], [ -111.916834552685998, 40.540628087371502 ], [ -111.916932551697002, 40.540560087899998 ], [ -111.917190552337999, 40.540428087845498 ], [ -111.917351553792997, 40.540379088328002 ], [ -111.917542551791996, 40.540374088430902 ], [ -111.917742552706997, 40.5404080882697 ], [ -111.917878553148995, 40.540384086859298 ], [ -111.917961552091995, 40.540345087109202 ], [ -111.918049553751999, 40.540287087841399 ], [ -111.918215551635996, 40.540135087591601 ], [ -111.918371553068994, 40.539979087874798 ], [ -111.918439552840994, 40.5398910880144 ], [ -111.918478553198995, 40.539794088282598 ], [ -111.918488552346005, 40.539706086813801 ], [ -111.918483555018, 40.539643087723697 ], [ -111.918444553762001, 40.5395600880628 ], [ -111.918366553045999, 40.539477086933701 ], [ -111.917990552404007, 40.539179087312803 ], [ -111.917495551038002, 40.538833087904301 ], [ -111.917305551965001, 40.538704087600401 ], [ -111.917210552428998, 40.538657087787797 ], [ -111.916964552381998, 40.538562087920702 ], [ -111.916656551512006, 40.538489088362397 ], [ -111.916583553514002, 40.538465086947198 ], [ -111.916525551991, 40.538426088127899 ], [ -111.916486552530998, 40.538387087920597 ], [ -111.916464551890996, 40.538343087641898 ], [ -111.916449553619003, 40.538284087858997 ], [ -111.916444553597003, 40.538226088172202 ], [ -111.916444552697996, 40.5381790880243 ], [ -111.916447553070995, 40.538143086755703 ], [ -111.916451551473003, 40.538113087731801 ], [ -111.916466551541006, 40.538072087724203 ], [ -111.916483551260001, 40.538033087993497 ], [ -111.916490886901997, 40.538023113108601 ], [ -111.916508552272006, 40.537999087632102 ], [ -111.916554551405, 40.537952087324904 ], [ -111.916615551503995, 40.537904087514598 ], [ -111.916654551861996, 40.537879088467399 ], [ -111.916688553994007, 40.537865087003397 ], [ -111.916725553804, 40.537857087823497 ], [ -111.916824551741001, 40.537856088352598 ], [ -111.916881552541, 40.537884088550598 ], [ -111.916922552548996, 40.537918087605 ], [ -111.916971552055003, 40.537960087858899 ], [ -111.917059553715006, 40.5380110874002 ], [ -111.917098552276002, 40.5380280872387 ], [ -111.917176553890997, 40.538038087382603 ], [ -111.917242552215995, 40.538038088065299 ], [ -111.917317551661, 40.538023087166202 ], [ -111.917364553313007, 40.538006086643698 ], [ -111.917455551752994, 40.537953088159703 ], [ -111.917532552644005, 40.537884087867901 ], [ -111.917571552103993, 40.537845088027701 ], [ -111.917607552088995, 40.537792087368302 ], [ -111.917634552752006, 40.5377330871002 ], [ -111.917659551968001, 40.537645087020202 ], [ -111.917668552188999, 40.537572087828202 ], [ -111.917664551990995, 40.537501086826197 ], [ -111.917637552225997, 40.537433086911498 ], [ -111.917578552674996, 40.537328087108399 ], [ -111.917500552857007, 40.537220088017001 ], [ -111.917462551425999, 40.537109086892002 ], [ -111.917419551768006, 40.537013086711703 ], [ -111.917403553670994, 40.536972086713703 ], [ -111.917420274912004, 40.536972290160598 ], [ -111.917568551730994, 40.536974087729902 ], [ -111.918192552069996, 40.536981086848598 ], [ -111.918900552075002, 40.536973086197797 ], [ -111.920106552022006, 40.536961086926397 ], [ -111.920128551763, 40.536961086926397 ], [ -111.920208553026995, 40.536932086858002 ], [ -111.920307551863004, 40.537240087861797 ], [ -111.920329552503006, 40.5373060862835 ], [ -111.920264552206007, 40.537322087504798 ], [ -111.920202553180005, 40.537335086872801 ], [ -111.920068551488995, 40.537335086872801 ], [ -111.920151552228006, 40.537718086815403 ], [ -111.920179553612996, 40.537851086219099 ], [ -111.920212552327001, 40.538007087477702 ], [ -111.920298553438997, 40.537990087633901 ], [ -111.920438553181, 40.537963088314797 ], [ -111.920483554284999, 40.537955087098602 ], [ -111.920552552085994, 40.537954086946499 ], [ -111.921953554721, 40.537955087098602 ], [ -111.921956553298003, 40.537865087686001 ], [ -111.922703142231995, 40.537881626057398 ], [ -111.923491554929001, 40.537899086750102 ], [ -111.926566553724001, 40.537949086185698 ], [ -111.927385554954995, 40.537944088155399 ], [ -111.927416554019004, 40.538016086790897 ], [ -111.927468555694006, 40.538014087171199 ], [ -111.927627555702998, 40.538011086717503 ], [ -111.927680554508001, 40.5380110874002 ], [ -111.927972554586006, 40.538005087175101 ], [ -111.928849554644998, 40.537988085965303 ], [ -111.929142554547994, 40.537983087937903 ], [ -111.929142555446006, 40.538558086665702 ], [ -111.929144556892993, 40.5391620877664 ], [ -111.929144555994, 40.539250087219102 ], [ -111.929144554198004, 40.539372086237996 ], [ -111.929145554022995, 40.539607086559201 ], [ -111.929139555072993, 40.539999086213399 ], [ -111.929136919415996, 40.540251121156601 ], [ -111.929136553801996, 40.540286087723999 ], [ -111.929135554875003, 40.540421086356297 ], [ -111.929301930052006, 40.540421682329402 ], [ -111.929296469194, 40.540586358445303 ], [ -111.929294856718002, 40.540634997361302 ], [ -111.929175997029006, 40.544219209665798 ], [ -111.929176562069998, 40.544219208300497 ], [ -111.929175909893004, 40.544238966451402 ], [ -111.917166724525003, 40.544250789665 ], [ -111.916625756366003, 40.544251293448497 ] ] ] } },
{ "type": "Feature", "properties": { "PrecinctID": "SJD064", "VistaID": "SJD064", "CountyID": 18, "SubPrecinctID": null, "AliasName": null, "VersionNbr": null }, "geometry": { "type": "Polygon", "coordinates": [ [ [ -112.033537957519997, 40.544277024631199 ], [ -112.033514350692997, 40.544184682037297 ], [ -112.033497920505994, 40.543992737315001 ], [ -112.033484809594, 40.5438395563189 ], [ -112.033507815448999, 40.543634292989097 ], [ -112.033509756708, 40.543622921574297 ], [ -112.033537829061004, 40.543459852352498 ], [ -112.033572341435999, 40.543290495589197 ], [ -112.033708510761002, 40.542657438550798 ], [ -112.033755798078005, 40.542400845034201 ], [ -112.033781239264997, 40.542212698949903 ], [ -112.033799997884998, 40.542034850205297 ], [ -112.033798353069997, 40.541824649822097 ], [ -112.033774303372994, 40.541611092820702 ], [ -112.033733933083994, 40.541426684142401 ], [ -112.033572401623005, 40.540671092181903 ], [ -112.033571988397995, 40.5406685171506 ], [ -112.033532973666993, 40.540501196566403 ], [ -112.033528737211995, 40.540005532730497 ], [ -112.033521513859, 40.539373399720603 ], [ -112.033521549791004, 40.539371480698001 ], [ -112.033515815845007, 40.539209114532099 ], [ -112.033514639949999, 40.539058696351603 ], [ -112.033502201876999, 40.538903223211499 ], [ -112.033465377238002, 40.538776903280997 ], [ -112.033422203306998, 40.538611522958703 ], [ -112.033238419678, 40.538040309560799 ], [ -112.033173422076004, 40.537826169758702 ], [ -112.033116035001001, 40.537655528245999 ], [ -112.033099168232994, 40.537603089982397 ], [ -112.033091413975001, 40.537578982431 ], [ -112.033051800067994, 40.537455823648202 ], [ -112.033014418473996, 40.537257752167797 ], [ -112.033006480061999, 40.537107364424003 ], [ -112.032998589260004, 40.536992028602498 ], [ -112.033004660973006, 40.536991953504703 ], [ -112.033075576677007, 40.536991078273601 ], [ -112.033732063689996, 40.536986660473197 ], [ -112.033911944139007, 40.536985449349999 ], [ -112.034857575486001, 40.536979079005498 ], [ -112.034982576057999, 40.536979078322901 ], [ -112.037103576597005, 40.536984077790599 ], [ -112.039432579345004, 40.536977077989398 ], [ -112.04094757819, 40.5369730773226 ], [ -112.041670578264004, 40.536972077838499 ], [ -112.042936579382996, 40.536971076988998 ], [ -112.043600287055, 40.536970091841802 ], [ -112.043924086594998, 40.536969609850203 ], [ -112.043929012058001, 40.538869803576802 ], [ -112.043930835637994, 40.539098724975801 ], [ -112.043972112326998, 40.539221398762997 ], [ -112.044060973675002, 40.539346649455801 ], [ -112.044474917358002, 40.539855729383397 ], [ -112.045181685771993, 40.540681588232303 ], [ -112.045505915606, 40.5410384611599 ], [ -112.045556324567997, 40.541357959128199 ], [ -112.045229953150994, 40.541356601994103 ], [ -112.045136675685001, 40.541356213558899 ], [ -112.045034501304997, 40.541355788942397 ], [ -112.044515798787998, 40.5413536283139 ], [ -112.043175507892997, 40.541352983197399 ], [ -112.042919280525993, 40.541365644547803 ], [ -112.042660214483007, 40.5414011559809 ], [ -112.042021201498997, 40.541547069482696 ], [ -112.041460169467996, 40.541671855031801 ], [ -112.041335346761997, 40.541699618117498 ], [ -112.041155373787007, 40.5417396472116 ], [ -112.040186722212994, 40.541925281763397 ], [ -112.039888791457003, 40.541974202327197 ], [ -112.039745751816, 40.541997689127498 ], [ -112.038334008025004, 40.542229490195403 ], [ -112.038108264987002, 40.542293770924203 ], [ -112.037909740003997, 40.542405795629001 ], [ -112.037664945496005, 40.542618830599999 ], [ -112.037453187430998, 40.542814417774203 ], [ -112.037092105111, 40.543143963313 ], [ -112.037010242536994, 40.5432186760139 ], [ -112.036837076096006, 40.543376716796303 ], [ -112.036682751819001, 40.5434823351491 ], [ -112.036479039962998, 40.543585490369303 ], [ -112.036141760304005, 40.5437430565349 ], [ -112.035407383964994, 40.5440664735832 ], [ -112.035261684413001, 40.544124727614701 ], [ -112.035119095726003, 40.544167321964899 ], [ -112.033681345706995, 40.544281477447797 ], [ -112.033537957519997, 40.544277024631199 ] ] ] } },
{ "type": "Feature", "properties": { "PrecinctID": "SJD065", "VistaID": "SJD065", "CountyID": 18, "SubPrecinctID": null, "AliasName": null, "VersionNbr": null }, "geometry": { "type": "Polygon", "coordinates": [ [ [ -112.045581568125996, 40.545937307375198 ], [ -112.045545131560004, 40.545349396703202 ], [ -112.045545863686996, 40.544621651823697 ], [ -112.045546570661003, 40.543855147079697 ], [ -112.045547300093006, 40.543100280858198 ], [ -112.045548001677005, 40.542386972853897 ], [ -112.045548793991003, 40.541540974001698 ], [ -112.045556324567997, 40.541357959128199 ], [ -112.045505915606, 40.5410384611599 ], [ -112.045181685771993, 40.540681588232303 ], [ -112.044474917358002, 40.539855729383397 ], [ -112.044060973675002, 40.539346649455801 ], [ -112.043972112326998, 40.539221398762997 ], [ -112.043930835637994, 40.539098724975801 ], [ -112.043929012058001, 40.538869803576802 ], [ -112.043924086594998, 40.536969609850203 ], [ -112.043924081206001, 40.5369691176179 ], [ -112.044247884339995, 40.536968811764801 ], [ -112.046060578582001, 40.536967078369898 ], [ -112.046484578006002, 40.536968077171302 ], [ -112.049499579221006, 40.536980077806803 ], [ -112.050769578742006, 40.536973076639903 ], [ -112.055253581466999, 40.536987077607499 ], [ -112.055596581597996, 40.536987077607499 ], [ -112.057127582134001, 40.5369890758925 ], [ -112.059100581636002, 40.536992077757397 ], [ -112.059794582296007, 40.536994076042198 ], [ -112.060676582377994, 40.536998076707903 ], [ -112.061296581619999, 40.537000076357899 ], [ -112.062680580944004, 40.537005076506802 ], [ -112.063159583314999, 40.537005077189498 ], [ -112.063781581309001, 40.537006075990298 ], [ -112.064682581658005, 40.537007076156598 ], [ -112.065790835021005, 40.537008315270398 ], [ -112.067385581804999, 40.5370100752898 ], [ -112.068286583949998, 40.537011075456 ], [ -112.070617582755006, 40.5369510750157 ], [ -112.070504584573996, 40.537106076157201 ], [ -112.070483584658007, 40.537121076578899 ], [ -112.070365582860006, 40.537212076471398 ], [ -112.070165584639994, 40.5373730759258 ], [ -112.069986584540004, 40.537541075419 ], [ -112.069919583694997, 40.537604075803003 ], [ -112.069833583481, 40.537695075722198 ], [ -112.069748583990005, 40.5377850760458 ], [ -112.069674583471993, 40.537871075635202 ], [ -112.069589583981994, 40.537974075648997 ], [ -112.069491583173999, 40.538101075693397 ], [ -112.069312583073994, 40.538366075300999 ], [ -112.069263584466995, 40.538451076047998 ], [ -112.069148584838999, 40.538659075782597 ], [ -112.067259583205001, 40.542432076372897 ], [ -112.06334358254, 40.550259078128803 ], [ -112.063285475016002, 40.550375070266099 ], [ -112.062623618771994, 40.5503782489996 ], [ -112.062285072487995, 40.550390911374201 ], [ -112.061946224368995, 40.550397330953601 ], [ -112.061607272046004, 40.550397505009201 ], [ -112.061268413147999, 40.550391432858397 ], [ -112.060929845304003, 40.550379117912499 ], [ -112.060591766143006, 40.5503605676764 ], [ -112.060254372398006, 40.550335791700803 ], [ -112.059917863492004, 40.550304805677897 ], [ -112.059524687061995, 40.550199858131599 ], [ -112.059134154373993, 40.550089314679298 ], [ -112.058746403767998, 40.549973214882698 ], [ -112.058361569992002, 40.549851599667498 ], [ -112.057979789588998, 40.549724512005902 ], [ -112.057601194613, 40.549591994869502 ], [ -112.057225918013003, 40.549454095323803 ], [ -112.056854091841998, 40.549310863164301 ], [ -112.055998837301004, 40.548784239567198 ], [ -112.055148160575001, 40.548253326511897 ], [ -112.054302098494006, 40.547718146422199 ], [ -112.053460687889995, 40.547178721721899 ], [ -112.053267780970998, 40.547056366266297 ], [ -112.053069024223007, 40.546939586796803 ], [ -112.052864694326004, 40.5468285464856 ], [ -112.05265507515, 40.546723398948203 ], [ -112.052440459544002, 40.546624290973298 ], [ -112.052221146647, 40.5465313604751 ], [ -112.051997440090005, 40.546444737857797 ], [ -112.051769653384994, 40.546364541920603 ], [ -112.051538103637, 40.5462908860002 ], [ -112.051303112444003, 40.5462238718276 ], [ -112.051065006791006, 40.5461635929408 ], [ -112.050824118158005, 40.546110132637097 ], [ -112.050580782514004, 40.546063567385502 ], [ -112.050335340320004, 40.5460239600012 ], [ -112.050088131140996, 40.545991365788403 ], [ -112.049839499927998, 40.545965830492499 ], [ -112.049589792532998, 40.545947390300299 ], [ -112.049339357503996, 40.545936070474397 ], [ -112.049088543384997, 40.545931887401302 ], [ -112.048837699621004, 40.545934845178103 ], [ -112.048587174760002, 40.545944941073202 ], [ -112.048337317347006, 40.545962160748502 ], [ -112.048088477725003, 40.545986479624403 ], [ -112.047840999949003, 40.546017864927599 ], [ -112.045581568125996, 40.545937307375198 ] ] ] } },
{ "type": "Feature", "properties": { "PrecinctID": "SJD901", "VistaID": "SJD901", "CountyID": 18, "SubPrecinctID": null, "AliasName": null, "VersionNbr": null }, "geometry": { "type": "Polygon", "coordinates": [ [ [ -112.036038657963005, 40.566001578692997 ], [ -112.035605580164997, 40.565980082035701 ], [ -112.035347579524, 40.565981081769301 ], [ -112.033843579651005, 40.565980081353203 ], [ -112.033251580896007, 40.565984083017199 ], [ -112.033226892496998, 40.565874230295101 ], [ -112.033211580713001, 40.565806081759497 ], [ -112.033154081348002, 40.565540519225301 ], [ -112.033115699031001, 40.5653632544822 ], [ -112.032642579726996, 40.5631780819729 ], [ -112.032370970507003, 40.561244002411797 ], [ -112.032381238251006, 40.561240123989798 ], [ -112.032386983875995, 40.5612371382257 ], [ -112.032608237133005, 40.561122123763397 ], [ -112.032794237805007, 40.561074126225897 ], [ -112.032839237112, 40.561062123765097 ], [ -112.033069237266005, 40.561040124594001 ], [ -112.033372239011001, 40.561078124088397 ], [ -112.033544238540003, 40.5610621230826 ], [ -112.033667239462005, 40.561024123579102 ], [ -112.033911238960997, 40.560857123422103 ], [ -112.033991236632005, 40.560804124592899 ], [ -112.034351239177994, 40.560623124450501 ], [ -112.034574237862003, 40.560535122368201 ], [ -112.034668236675003, 40.560486123911701 ], [ -112.034992240132993, 40.560442123818703 ], [ -112.035244239129995, 40.560491124354797 ], [ -112.035719238607996, 40.560442123136198 ], [ -112.036072238784996, 40.560244123042203 ], [ -112.036202240278001, 40.560211122855797 ], [ -112.036691239101998, 40.560184122939397 ], [ -112.0368212379, 40.560151124088399 ], [ -112.037131239318001, 40.560085122242697 ], [ -112.037278239630993, 40.5600331233072 ], [ -112.037368240041999, 40.560003123168002 ], [ -112.037635237310994, 40.559860123093102 ], [ -112.037822238705999, 40.559794122325499 ], [ -112.037973239216996, 40.5597071244405 ], [ -112.038302240003006, 40.559461122796002 ], [ -112.038348239135004, 40.559427122392201 ], [ -112.038967239450997, 40.559141122206 ], [ -112.039082239078994, 40.559081123162002 ], [ -112.039125241432004, 40.559004122046602 ], [ -112.039169240015994, 40.558938121799997 ], [ -112.039269240473999, 40.558823122497202 ], [ -112.039413240414007, 40.558746121767498 ], [ -112.039608240407006, 40.558680123314097 ], [ -112.03974523798, 40.558697123366599 ], [ -112.039903239959997, 40.5587241211528 ], [ -112.040234239498005, 40.558796122703399 ], [ -112.040853239813998, 40.558845121714398 ], [ -112.041228239733002, 40.558900121090801 ], [ -112.041386239917003, 40.558911122052699 ], [ -112.041559241067006, 40.558905123699802 ], [ -112.041732239523, 40.5588731226931 ], [ -112.041744242812001, 40.558866121767103 ], [ -112.041854241517996, 40.558807122317397 ], [ -112.041962239677005, 40.558790122975303 ], [ -112.0420852397, 40.5587851217227 ], [ -112.042293240112997, 40.558823122497202 ], [ -112.042459240693006, 40.5588781225742 ], [ -112.042668242727004, 40.558955121787001 ], [ -112.042855242323995, 40.558972122452197 ], [ -112.042977241624996, 40.5589611221829 ], [ -112.043179240393002, 40.558878121891702 ], [ -112.043381241855997, 40.5588181212471 ], [ -112.043568240555004, 40.558791122133798 ], [ -112.043741240808004, 40.558681121109302 ], [ -112.043827241919999, 40.5586531227802 ], [ -112.043971240063001, 40.558653122097702 ], [ -112.04438124104, 40.558719121942701 ], [ -112.044648241901996, 40.558813122044 ], [ -112.045044239941006, 40.558917122452499 ], [ -112.045281241563998, 40.558933122606 ], [ -112.045497242371994, 40.558955121787001 ], [ -112.045706243507993, 40.559005120519402 ], [ -112.045893243105994, 40.5591041214483 ], [ -112.046145243899005, 40.5591921206344 ], [ -112.046332244395003, 40.5592251220056 ], [ -112.046620242477999, 40.559197121856599 ], [ -112.046765242242998, 40.5592251220056 ], [ -112.047052241399996, 40.559368121389497 ], [ -112.047196244035007, 40.559406121833 ], [ -112.047571243953996, 40.559461120748601 ], [ -112.047859242935999, 40.559571120491498 ], [ -112.048298245124002, 40.559725120646902 ], [ -112.048593242880003, 40.559785121843497 ], [ -112.048831243429007, 40.559791121482498 ], [ -112.049061243582997, 40.559856121063 ], [ -112.049277243492995, 40.559966121521803 ], [ -112.049565245170001, 40.560049121146598 ], [ -112.049788244753003, 40.5601531209998 ], [ -112.050012245058994, 40.560296121813799 ], [ -112.050472244467997, 40.560433122058903 ], [ -112.050667244462005, 40.560505121089001 ], [ -112.050839245787003, 40.560549121140603 ], [ -112.051099243383007, 40.560587120913802 ], [ -112.05135124777, 40.560598122280901 ], [ -112.051466244702993, 40.5605871215962 ], [ -112.051581244331004, 40.560527121118398 ], [ -112.051603245867994, 40.560450119618899 ], [ -112.051596245297006, 40.560335120866 ], [ -112.051689246082006, 40.5602361210751 ], [ -112.051840244797006, 40.560175121144901 ], [ -112.052078246245003, 40.560208120666502 ], [ -112.052196245347005, 40.5602061217093 ], [ -112.052488246322994, 40.5602031208848 ], [ -112.052733245648, 40.5602471211349 ], [ -112.052964244728003, 40.560324120820603 ], [ -112.053179244812995, 40.560379119664397 ], [ -112.053323245651001, 40.560379119664397 ], [ -112.053640245843994, 40.560362119356597 ], [ -112.053885246066002, 40.560357120951302 ], [ -112.054065246890005, 40.560384121480404 ], [ -112.054267246555995, 40.5604501216663 ], [ -112.054439246084996, 40.560456120563202 ], [ -112.054548246763005, 40.560417120898997 ], [ -112.054612246337001, 40.560428120246598 ], [ -112.054648247220996, 40.560461120326003 ], [ -112.054691246877994, 40.560549121140603 ], [ -112.054800245760006, 40.560637120474603 ], [ -112.054987247154003, 40.560736120354903 ], [ -112.055080247939003, 40.5608341202784 ], [ -112.055138247665994, 40.560972119913302 ], [ -112.055188246097998, 40.561109120822302 ], [ -112.055246245823994, 40.561197120102698 ], [ -112.055404247804006, 40.561353119535198 ], [ -112.056327247894004, 40.5613491210067 ], [ -112.059099249434993, 40.561341120536703 ], [ -112.060023249349996, 40.561338119080602 ], [ -112.060574247199, 40.5613361201572 ], [ -112.062228248655998, 40.561333118700801 ], [ -112.062769886957994, 40.561332138689103 ], [ -112.062791586662001, 40.561433079818102 ], [ -112.062862585011004, 40.561756078396698 ], [ -112.062886587096997, 40.561864080238003 ], [ -112.062987585583002, 40.562511079651898 ], [ -112.063064586473999, 40.562997079377901 ], [ -112.063180585927, 40.563763079766296 ], [ -112.063210586064002, 40.564026079314203 ], [ -112.063221586832995, 40.564169079361299 ], [ -112.063246586049004, 40.564460080050203 ], [ -112.063254587342996, 40.564556079106502 ], [ -112.063267585964994, 40.5648210798173 ], [ -112.063273585812993, 40.565087079225897 ], [ -112.063272585090004, 40.565115078958399 ], [ -112.063309586695993, 40.565696079296401 ], [ -112.063276590678001, 40.565988041006499 ], [ -112.063276587084005, 40.565988079221597 ], [ -112.058861584854995, 40.565996079136099 ], [ -112.054304585031005, 40.566004081096999 ], [ -112.044967582205999, 40.566022081069796 ], [ -112.040336580965004, 40.566032080446 ], [ -112.039607581043995, 40.566032081128398 ], [ -112.037421580206995, 40.566033081543601 ], [ -112.036693580111006, 40.566034081958797 ], [ -112.036038657963005, 40.566001578692997 ] ] ] } },
{ "type": "Feature", "properties": { "PrecinctID": "SJD902", "VistaID": "SJD902", "CountyID": 18, "SubPrecinctID": null, "AliasName": null, "VersionNbr": null }, "geometry": { "type": "Polygon", "coordinates": [ [ [ -112.062374901320993, 40.558741153953498 ], [ -112.062356584672997, 40.558622078499901 ], [ -112.062320583789003, 40.558383078622803 ], [ -112.062290585449006, 40.558154077763199 ], [ -112.062285585425997, 40.558100079672698 ], [ -112.062274585555002, 40.557999078235902 ], [ -112.06223858557, 40.557819078554701 ], [ -112.062145584785, 40.557257078240397 ], [ -112.062107585150997, 40.556976079044098 ], [ -112.062054585447001, 40.5564130786018 ], [ -112.061949584966996, 40.556131078712497 ], [ -112.061885583595995, 40.555849078317898 ], [ -112.061846584136006, 40.555541078248297 ], [ -112.061799584281005, 40.555277079595903 ], [ -112.061811584875002, 40.554942079641997 ], [ -112.061809584325999, 40.554678077945198 ], [ -112.061793585331003, 40.554446077663101 ], [ -112.061819585270001, 40.554137078736801 ], [ -112.061884583771004, 40.5538510777927 ], [ -112.061893584890001, 40.553812078375898 ], [ -112.061921583580997, 40.553513077769999 ], [ -112.062024584412001, 40.553212078027997 ], [ -112.062068584792002, 40.552946077844098 ], [ -112.062156582859004, 40.552682078515502 ], [ -112.062289583826995, 40.5523450779895 ], [ -112.062437583965007, 40.552080077715402 ], [ -112.062572584582995, 40.551825078573501 ], [ -112.062707583404006, 40.551605078707503 ], [ -112.062825583404006, 40.551293077732602 ], [ -112.063285475016002, 40.550375070266099 ], [ -112.06334358254, 40.550259078128803 ], [ -112.067259583205001, 40.542432076372897 ], [ -112.069148584838999, 40.538659075782597 ], [ -112.069263584466995, 40.538451076047998 ], [ -112.069312583073994, 40.538366075300999 ], [ -112.069491583173999, 40.538101075693397 ], [ -112.069589583981994, 40.537974075648997 ], [ -112.069674583471993, 40.537871075635202 ], [ -112.069748583990005, 40.5377850760458 ], [ -112.069833583481, 40.537695075722198 ], [ -112.069919583694997, 40.537604075803003 ], [ -112.069986584540004, 40.537541075419 ], [ -112.070165584639994, 40.5373730759258 ], [ -112.070365582860006, 40.537212076471398 ], [ -112.070483584658007, 40.537121076578899 ], [ -112.070504584573996, 40.537106076157201 ], [ -112.070617582755006, 40.5369510750157 ], [ -112.071315584510998, 40.5366200755576 ], [ -112.072575584884007, 40.536023076018203 ], [ -112.073409585286001, 40.5356270755642 ], [ -112.074107585245002, 40.5352960763922 ], [ -112.075450585458995, 40.534658074564902 ], [ -112.076755586038999, 40.534040075655398 ], [ -112.079422586201005, 40.532750074293503 ], [ -112.079470585880998, 40.532726074918799 ], [ -112.080811585548005, 40.532084074288797 ], [ -112.081757586102, 40.531628074023097 ], [ -112.081926587054994, 40.531548074051798 ], [ -112.082253757973007, 40.531391237753802 ], [ -112.082264986913998, 40.531406811611603 ], [ -112.082284599830999, 40.531436074887402 ], [ -112.082384612864999, 40.5315852934989 ], [ -112.083093605507997, 40.5326430851228 ], [ -112.092807473153997, 40.547132041170599 ], [ -112.094711023903002, 40.549970503693999 ], [ -112.089357506780999, 40.552191557756302 ], [ -112.082899082520001, 40.558997364098303 ], [ -112.081686125120996, 40.558785219318104 ], [ -112.079738158970002, 40.558781243840798 ], [ -112.066038036115003, 40.558749832442601 ], [ -112.062451177271996, 40.558741343002097 ], [ -112.062377368094999, 40.5587411682857 ], [ -112.062375242681, 40.558741163508202 ], [ -112.062374901320993, 40.558741153953498 ] ] ] } },
{ "type": "Feature", "properties": { "PrecinctID": "SJD903", "VistaID": "SJD903", "CountyID": 18, "SubPrecinctID": null, "AliasName": null, "VersionNbr": null }, "geometry": { "type": "Polygon", "coordinates": [ [ [ -112.065790835021005, 40.537008315270398 ], [ -112.065790925749994, 40.537005855475797 ], [ -112.065790614932993, 40.5369988106183 ], [ -112.065793059249003, 40.536970985506201 ], [ -112.065793184114995, 40.536955214956301 ], [ -112.065794817251998, 40.5367479049305 ], [ -112.065802203201002, 40.535811627876001 ], [ -112.065800532333995, 40.535736929443701 ], [ -112.065808065606006, 40.534785834628998 ], [ -112.065808072793004, 40.534785784107001 ], [ -112.063286397585998, 40.5347973283871 ], [ -112.059819427001997, 40.5348131096858 ], [ -112.059819445865998, 40.534810073586797 ], [ -112.059807672546, 40.534809750655697 ], [ -112.059809581465998, 40.5344910762391 ], [ -112.059812582736996, 40.534478076319303 ], [ -112.05981958241, 40.534467076805299 ], [ -112.059830583178993, 40.534458075649901 ], [ -112.059861582243002, 40.534438075657299 ], [ -112.059886581458997, 40.534415076409402 ], [ -112.059907582273993, 40.534388075649701 ], [ -112.059921580720996, 40.534360076038801 ], [ -112.059928582189997, 40.534330076003698 ], [ -112.059929581117004, 40.534299077114099 ], [ -112.059923582167002, 40.534269076369 ], [ -112.059911581573004, 40.534240075135301 ], [ -112.059892579510006, 40.534213076353197 ], [ -112.059868581916007, 40.534189076137103 ], [ -112.059839581603001, 40.5341680765383 ], [ -112.059805582166007, 40.534152075929299 ], [ -112.059769581283007, 40.534139077309099 ], [ -112.059730580925006, 40.534132075845299 ], [ -112.059690580742, 40.534130077475197 ], [ -112.059650581457007, 40.534132076528003 ], [ -112.059612581823004, 40.534140076152703 ], [ -112.059575582012997, 40.534153076138097 ], [ -112.059588581533006, 40.532449076137297 ], [ -112.059330581789993, 40.532396075988501 ], [ -112.059237580106995, 40.532412075651401 ], [ -112.059044581560002, 40.5324660760215 ], [ -112.058842579198995, 40.532495076657597 ], [ -112.058597579874998, 40.532462076450798 ], [ -112.058397581655001, 40.532410075864497 ], [ -112.058176579027005, 40.532324076092898 ], [ -112.057962580563, 40.532258076860202 ], [ -112.057872581948004, 40.532265076471496 ], [ -112.057742581354006, 40.532300075882802 ], [ -112.057612581656997, 40.5323510756361 ], [ -112.057387581526001, 40.532464076918998 ], [ -112.057132581258003, 40.532451076605902 ], [ -112.056808580495002, 40.532381075874397 ], [ -112.056872580966996, 40.532221077634297 ], [ -112.056842580829993, 40.5320980755954 ], [ -112.056741580548007, 40.531955077376203 ], [ -112.056583581262004, 40.531856075909303 ], [ -112.056424581252998, 40.531724075774299 ], [ -112.056195580025999, 40.531604076977601 ], [ -112.056148580170998, 40.531605077224498 ], [ -112.055710580503003, 40.531607076352699 ], [ -112.054568580129995, 40.532116075807899 ], [ -112.054427579663994, 40.532116077173399 ], [ -112.054131580287006, 40.531990076266602 ], [ -112.053782579409003, 40.531991076507801 ], [ -112.053138578977993, 40.532278076137999 ], [ -112.051971581185995, 40.532284077558799 ], [ -112.051966580265002, 40.531606077471402 ], [ -112.051557580011007, 40.531430076121801 ], [ -112.049361579128998, 40.531440076567797 ], [ -112.049359578581004, 40.531152076508597 ], [ -112.048516579755002, 40.531156076840297 ], [ -112.048513579382004, 40.530868076926097 ], [ -112.048544578445998, 40.528451076403499 ], [ -112.048492577668995, 40.528166076683597 ], [ -112.049207578245003, 40.528111076646098 ], [ -112.050290578168003, 40.527891076044497 ], [ -112.052325578494006, 40.5270950764749 ], [ -112.053311579231007, 40.526676075295001 ], [ -112.054008572178006, 40.5260500759249 ], [ -112.054010020262993, 40.526050346321199 ], [ -112.054010134348999, 40.526050368171497 ], [ -112.062715228067006, 40.526065963755002 ], [ -112.062742528765995, 40.522431688401099 ], [ -112.081817240524998, 40.522441384953403 ], [ -112.092532645271007, 40.5196022578521 ], [ -112.092643036542, 40.519572974385603 ], [ -112.092639585214002, 40.5199540715955 ], [ -112.092637586462999, 40.520184073060101 ], [ -112.092635586813003, 40.520481072753597 ], [ -112.092623587117004, 40.520876072167297 ], [ -112.092639587011007, 40.521107072920699 ], [ -112.092656586729007, 40.521357072283401 ], [ -112.092691585991005, 40.521836071576999 ], [ -112.092696585116002, 40.522018072465599 ], [ -112.092689587240002, 40.522107072288698 ], [ -112.092686585967996, 40.522163072861197 ], [ -112.092662586577006, 40.522357072019098 ], [ -112.092566586318, 40.522689071978803 ], [ -112.092448585419007, 40.523028072236002 ], [ -112.092402587185006, 40.523121072895101 ], [ -112.092249587024, 40.523431072567199 ], [ -112.092127586825001, 40.523732072306402 ], [ -112.092037586412999, 40.523939072987403 ], [ -112.091941587052006, 40.524194072452701 ], [ -112.091803586061005, 40.5244980725559 ], [ -112.091694587180001, 40.524700073218597 ], [ -112.091581586304002, 40.524936073451798 ], [ -112.091402586203003, 40.525250072242201 ], [ -112.091364586569, 40.525309072577002 ], [ -112.091237586347006, 40.525511072844097 ], [ -112.091045586725997, 40.525799072564297 ], [ -112.090914587205006, 40.525980073286803 ], [ -112.090856586580998, 40.526061073406503 ], [ -112.090751586099998, 40.526187072487701 ], [ -112.090511586798996, 40.526479072645301 ], [ -112.090382586928001, 40.526623073311598 ], [ -112.090231586417005, 40.526783073309701 ], [ -112.090094586148993, 40.526931073906802 ], [ -112.090049585943007, 40.526974073852898 ], [ -112.089970586301007, 40.527048072615699 ], [ -112.089822587959006, 40.527190072799598 ], [ -112.089734587197, 40.527270073876601 ], [ -112.089655586655994, 40.527343073367803 ], [ -112.089520586936999, 40.527466073209702 ], [ -112.089063587900995, 40.527845073046599 ], [ -112.088948588272999, 40.527942073690902 ], [ -112.088616586216006, 40.528168073183302 ], [ -112.088431586268001, 40.5283000728122 ], [ -112.087853586858003, 40.528661074990403 ], [ -112.087314586009001, 40.528955073818203 ], [ -112.087086587301997, 40.529066073430499 ], [ -112.086389586268993, 40.529407073402098 ], [ -112.086097585293004, 40.529549074732699 ], [ -112.085274587456993, 40.529943073694703 ], [ -112.083788711094996, 40.530655410837099 ], [ -112.083621174396995, 40.530735725265998 ], [ -112.083214067791005, 40.530930888312803 ], [ -112.082253757973007, 40.531391237753802 ], [ -112.081926587054994, 40.531548074051798 ], [ -112.081757586102, 40.531628074023097 ], [ -112.080811585548005, 40.532084074288797 ], [ -112.079470585880998, 40.532726074918799 ], [ -112.079422586201005, 40.532750074293503 ], [ -112.076755586038999, 40.534040075655398 ], [ -112.075450585458995, 40.534658074564902 ], [ -112.074107585245002, 40.5352960763922 ], [ -112.073409585286001, 40.5356270755642 ], [ -112.072575584884007, 40.536023076018203 ], [ -112.071315584510998, 40.5366200755576 ], [ -112.070617582755006, 40.5369510750157 ], [ -112.068286583949998, 40.537011075456 ], [ -112.067385581804999, 40.5370100752898 ], [ -112.065790835021005, 40.537008315270398 ] ] ] } }
]
}
