{"type": "FeatureCollection", "crs": {"type": "name", "properties": {"name": "urn:ogc:def:crs:OGC:1.3:CRS84"}}, "features": [{"type": "Feature", "geometry": {"type": "Polygon", "coordinates": [[[-111.80615217701, 40.6592904455876], [-111.806180544908, 40.6591561099826], [-111.806371544704, 40.6582791101537], [-111.806407545587, 40.6581251100148], [-111.80655654555, 40.6574781102374], [-111.80677454511, 40.6565271087861], [-111.807048545645, 40.6554781093379], [-111.807211544055, 40.6548901097149], [-111.807247545836, 40.6547611089376], [-111.807330544779, 40.6543601089382], [-111.807454544627, 40.6539001091847], [-111.807565545854, 40.6533971078199], [-111.807631993337, 40.6531427552477], [-111.807632136169, 40.6531427545662], [-111.807717401561, 40.6528185099073], [-111.807784455407, 40.6522881846226], [-111.807793144811, 40.6522194501181], [-111.807836192978, 40.6518789824763], [-111.807916197835, 40.6509558793165], [-111.808005563138, 40.6499330369288], [-111.808009154602, 40.6498919554898], [-111.808022698502, 40.6497369415989], [-111.808095543787, 40.6489031089809], [-111.808144545089, 40.6484531090945], [-111.8081855433, 40.6480211086115], [-111.808189544396, 40.6479701090751], [-111.808376543994, 40.6479881081141], [-111.808872545185, 40.6482681081398], [-111.809063544981, 40.6483151079851], [-111.809699544117, 40.6484671078674], [-111.810088545178, 40.6485501080785], [-111.810498546155, 40.6485531097101], [-111.810757545723, 40.6485551080715], [-111.811919545289, 40.6488131074743], [-111.811942543957, 40.6496681083668], [-111.811948544703, 40.6498431090562], [-111.811946545951, 40.6500811080578], [-111.811939544482, 40.6505401084087], [-111.812004544779, 40.650816109318], [-111.81207954602, 40.6509781085793], [-111.8121885458, 40.6511631088365], [-111.812315546022, 40.6513701080336], [-111.812355545307, 40.6514451088091], [-111.812688546291, 40.6519971081334], [-111.813405547415, 40.6531681085614], [-111.81436485112, 40.6531352959835], [-111.814376699, 40.6531761041799], [-111.814404345552, 40.653271322299], [-111.814406460186, 40.6532786084416], [-111.814418856038, 40.6533874322811], [-111.814503000333, 40.6546580487991], [-111.814803659272, 40.6549881004709], [-111.815232836585, 40.6553635363686], [-111.815622220328, 40.6556284607183], [-111.818906339735, 40.6578949698414], [-111.819181362552, 40.6581610719432], [-111.819135393962, 40.6593347077435], [-111.818435757273, 40.6593401171668], [-111.818084719016, 40.6593287722332], [-111.817064320888, 40.6593225287027], [-111.816662715566, 40.6593187254778], [-111.81552751544, 40.6593185980449], [-111.814995930184, 40.6592971872681], [-111.813421293983, 40.6592803756568], [-111.812623774166, 40.6592718505941], [-111.812367441696, 40.6592725327354], [-111.812174579693, 40.6592808417753], [-111.812215745889, 40.6599264161865], [-111.81240277064, 40.6613018819102], [-111.81242702605, 40.66155103468], [-111.812328491644, 40.6615563989488], [-111.812327590633, 40.6615564255249], [-111.811986308979, 40.6615660371867], [-111.811855734361, 40.6615697142177], [-111.811590097141, 40.6615771957078], [-111.811527960673, 40.6615789449549], [-111.811247910883, 40.6615868312169], [-111.811200191477, 40.6615881750092], [-111.810865207013, 40.661597606086], [-111.81071453798, 40.6616018487072], [-111.810509516381, 40.6616076211521], [-111.810440205967, 40.6616095721034], [-111.81027995191, 40.6616140845725], [-111.810281480843, 40.6616333671632], [-111.810269268246, 40.6616143837229], [-111.810149852501, 40.6614288148236], [-111.809977737089, 40.6611613383438], [-111.809846539938, 40.6609574571406], [-111.809841780664, 40.6609500607614], [-111.809684798271, 40.6607060990412], [-111.809683131897, 40.6607035102307], [-111.809540358157, 40.660481633327], [-111.809482357532, 40.660391495475], [-111.809469787407, 40.6603079811887], [-111.809465388357, 40.6602787654062], [-111.809451718693, 40.6601879444666], [-111.809431049357, 40.6600506299983], [-111.809409904811, 40.6599101444448], [-111.809409389178, 40.6599067317263], [-111.809405011688, 40.6598973767332], [-111.80939803627, 40.659882480158], [-111.809387300504, 40.6598595478757], [-111.809335353626, 40.6597485914168], [-111.809301363172, 40.659675985752], [-111.80928855679, 40.659648632112], [-111.809241314389, 40.6595477247506], [-111.809221122058, 40.6593778447816], [-111.80922067829, 40.6593741137945], [-111.809215519265, 40.6592781656826], [-111.808908936835, 40.659289475189], [-111.80871201265, 40.6593400585613], [-111.808295696517, 40.6592869135819], [-111.807386782909, 40.6592892966465], [-111.806517302647, 40.6592901075836], [-111.806480789724, 40.6592901409751], [-111.80615217701, 40.6592904455876]]]}, "properties": {"PrecinctID": "HOL018", "VistaID": "HOL018", "CountyID": 18, "SubPrecinctID": null, "AliasName": null, "VersionNbr": null}}, {"type": "Feature", "geometry": {"type": "Polygon", "coordinates": [[[-111.851451882965, 40.6602395227562], [-111.851343927926, 40.6601667820169], [-111.850531042425, 40.6593184324502], [-111.849361948863, 40.6581634482334], [-111.849156568836, 40.657992727209], [-111.848976083821, 40.6578967028296], [-111.848775245676, 40.6578100703987], [-111.848574435379, 40.6577421566275], [-111.84836976053, 40.6577084535657], [-111.847592167142, 40.6576329146494], [-111.847420333801, 40.6576180271092], [-111.846826950742, 40.6575666130732], [-111.846310986291, 40.6575119204076], [-111.846096512618, 40.6574929555572], [-111.845788231474, 40.6574422951401], [-111.845786275842, 40.6573510375993], [-111.845782105862, 40.6571749873567], [-111.845781090766, 40.6571320826424], [-111.845775952402, 40.6569150889592], [-111.845774887899, 40.6568700360389], [-111.845384198904, 40.6568699331348], [-111.845198232368, 40.6568698861124], [-111.845036777264, 40.6568089361616], [-111.844936413887, 40.6567710476264], [-111.84471387514, 40.6566870333671], [-111.844672154684, 40.6566712842169], [-111.844421093528, 40.6565424511221], [-111.844279701397, 40.656456689238], [-111.844020835678, 40.6563238465232], [-111.843761971756, 40.6561910021809], [-111.843753916563, 40.6562001082679], [-111.843444002282, 40.6560410609639], [-111.843345605317, 40.6559905650473], [-111.843347421711, 40.6563622055402], [-111.843320599813, 40.6564684960279], [-111.842930147075, 40.6562711461987], [-111.842792664412, 40.6562095135282], [-111.842598604954, 40.6561350939689], [-111.842379502263, 40.6560830886176], [-111.842125779399, 40.6560268443392], [-111.841472573932, 40.6560121677034], [-111.840219267804, 40.6560235990692], [-111.839660552528, 40.6560076500849], [-111.839580667147, 40.656006323899], [-111.838986604961, 40.6559964763208], [-111.838645095134, 40.6559850006533], [-111.835010921127, 40.6559396383882], [-111.834830619368, 40.6559373846877], [-111.834831550022, 40.6559241085026], [-111.834836550045, 40.6557661066367], [-111.834853549764, 40.6552931074144], [-111.834859552306, 40.6551361072252], [-111.834863549809, 40.6549771078161], [-111.834871550205, 40.6547021068506], [-111.83487454968, 40.654564107079], [-111.834878550776, 40.6544621070642], [-111.834926549558, 40.6534011062971], [-111.834927550282, 40.6533851082979], [-111.834925550632, 40.6529671062224], [-111.834926030332, 40.6529561725273], [-111.835106181174, 40.6529594813282], [-111.835700179579, 40.6529703877618], [-111.836239103173, 40.6529682968453], [-111.836287100159, 40.6530487316557], [-111.836404424626, 40.653049334804], [-111.836951351311, 40.6530543644469], [-111.83736648077, 40.6530581782518], [-111.837481053698, 40.6530592318869], [-111.837776445814, 40.6530619450313], [-111.838223332515, 40.6530660498462], [-111.838237821442, 40.6530661820617], [-111.838670221013, 40.6530701519346], [-111.838948460697, 40.6530727056022], [-111.839117110409, 40.6530742526599], [-111.83930882706, 40.6530760116713], [-111.8395640025, 40.6530783520218], [-111.839658691219, 40.6530736058944], [-111.839744186579, 40.6530800040339], [-111.840197598643, 40.6530841592804], [-111.840198932641, 40.6530841715478], [-111.840575854954, 40.6530892216338], [-111.840955536892, 40.6530943057955], [-111.84130513515, 40.6530989878583], [-111.841654736102, 40.6531036665132], [-111.841989847229, 40.6531081516152], [-111.842400632435, 40.6531136494599], [-111.842865469272, 40.6531198669921], [-111.843205553473, 40.6531244147932], [-111.843191103173, 40.6529611517444], [-111.843177431713, 40.6528067338218], [-111.843009338957, 40.6526026853271], [-111.842952607652, 40.6525430372868], [-111.842755893672, 40.6526118477891], [-111.842606639486, 40.6526304534988], [-111.842551674269, 40.6526381717999], [-111.842546837739, 40.6525877196517], [-111.842547287795, 40.652177952989], [-111.842547527646, 40.6519583697181], [-111.842547816005, 40.6516956655563], [-111.842548101669, 40.6514349116092], [-111.842548386435, 40.6511741580062], [-111.842548672099, 40.6509134033841], [-111.842548957763, 40.6506526491063], [-111.842549244326, 40.6503918931279], [-111.842549327869, 40.6503172135425], [-111.842549395243, 40.6502546552768], [-111.842549633297, 40.6500370196928], [-111.842549671026, 40.6499993890289], [-111.842803533128, 40.649999552602], [-111.842820460982, 40.6499995614622], [-111.843018155921, 40.6499996875498], [-111.843234374122, 40.6499998259054], [-111.843234429817, 40.6499490050856], [-111.843702927289, 40.6499493022437], [-111.843702677558, 40.6501784890712], [-111.844153160215, 40.6501787807758], [-111.844333326328, 40.6501788966398], [-111.84433337843, 40.6501296551153], [-111.844834426357, 40.6501299693114], [-111.844835482775, 40.6500858550797], [-111.845427126696, 40.6500857487572], [-111.845816332573, 40.6500856771941], [-111.845996577738, 40.650085643798], [-111.845998433657, 40.6500238418406], [-111.846466911366, 40.6500237552832], [-111.846472112612, 40.6498507990544], [-111.846742393223, 40.6498509605832], [-111.846788983447, 40.6498509898901], [-111.847012676529, 40.6498511227935], [-111.847093503345, 40.6498511718656], [-111.847095304467, 40.6498511725472], [-111.84728295714, 40.6498512843223], [-111.847400902343, 40.6498513531595], [-111.847401623691, 40.6498513545226], [-111.847553240446, 40.6498514417618], [-111.847552916154, 40.6502219434991], [-111.84794821171, 40.65022725211], [-111.848152184975, 40.6501725711482], [-111.848594076145, 40.6500541082997], [-111.848687399425, 40.6502560606371], [-111.848780720908, 40.6504580103186], [-111.848874039696, 40.6506599614336], [-111.848967362976, 40.6508619119375], [-111.849060686256, 40.6510638625117], [-111.84915400774, 40.6512658111116], [-111.849340656994, 40.6516697173824], [-111.849433982969, 40.6518716648302], [-111.849527308944, 40.6520736137115], [-111.849574307901, 40.6521753161402], [-111.850035813785, 40.6520516015414], [-111.850210474124, 40.6524736317385], [-111.850364817267, 40.6527907820239], [-111.851092590987, 40.6543600987156], [-111.851110015609, 40.6543976710364], [-111.851296759187, 40.6547722699599], [-111.851414577728, 40.6549880439061], [-111.851653830529, 40.6553866194449], [-111.851779600957, 40.6555848980458], [-111.851854210533, 40.6556990412922], [-111.852098110319, 40.6560577997903], [-111.852175295365, 40.656166531866], [-111.852272620639, 40.6563056405152], [-111.852437144389, 40.6565200104074], [-111.852496073871, 40.6565966491412], [-111.852694497345, 40.6568496405698], [-111.853075883387, 40.6573140652809], [-111.853355802023, 40.6576385811274], [-111.853602951015, 40.6579142085299], [-111.853757665162, 40.6580825003075], [-111.853945731059, 40.6582742860272], [-111.85426890178, 40.6585825510329], [-111.854465047125, 40.6587696481988], [-111.854463555024, 40.6589031054939], [-111.854463554125, 40.6589301064416], [-111.854437555084, 40.659230105711], [-111.854444554757, 40.6594751066008], [-111.854457578532, 40.6599101669328], [-111.854466554498, 40.6602101065972], [-111.854474179398, 40.6604445128251], [-111.854275824197, 40.6604427451492], [-111.853237939464, 40.6604334944929], [-111.852601024944, 40.6604277778252], [-111.851966983237, 40.6604203473148], [-111.851672088787, 40.6603527203652], [-111.851495768362, 40.6602690942726], [-111.851451882965, 40.6602395227562]]]}, "properties": {"PrecinctID": "HOL015", "VistaID": "HOL015", "CountyID": 18, "SubPrecinctID": null, "AliasName": null, "VersionNbr": null}}, {"type": "Feature", "geometry": {"type": "Polygon", "coordinates": [[[-111.835367565769, 40.6427036406434], [-111.83514047436, 40.6427035193134], [-111.835012875861, 40.6427050768359], [-111.835020980461, 40.6421363612615], [-111.835021452975, 40.64210316018], [-111.834967191139, 40.6421027150722], [-111.834934469106, 40.6416991442023], [-111.83495922937, 40.6411832918447], [-111.834964468345, 40.6410741447703], [-111.83496546817, 40.6410321444722], [-111.834972468741, 40.6409251450213], [-111.834988469533, 40.6406881440215], [-111.83496746782, 40.6402811440602], [-111.834950491457, 40.6399727590539], [-111.835105155298, 40.6399023786129], [-111.835275289925, 40.6398249599738], [-111.835321688808, 40.6398038455979], [-111.835388549516, 40.6398891053724], [-111.835884530045, 40.6403727214662], [-111.836264911771, 40.6407436098345], [-111.836270547801, 40.6407491052895], [-111.836617549927, 40.641010105484], [-111.837112550395, 40.6413831054479], [-111.837719551016, 40.6416961047723], [-111.83810655063, 40.6418961049724], [-111.838152907292, 40.6419200379375], [-111.838145665074, 40.6420566958155], [-111.838144350839, 40.6421234429154], [-111.838140289555, 40.6423299091687], [-111.838096864995, 40.6423301000259], [-111.837837718103, 40.6423312465324], [-111.837762048515, 40.6423315812142], [-111.837508738876, 40.6423327004554], [-111.837504774611, 40.6423327188595], [-111.837476543257, 40.6426823819912], [-111.8374752937, 40.6426978331631], [-111.837380309435, 40.6427031123809], [-111.837380298655, 40.6427259046916], [-111.83732239415, 40.6427262714079], [-111.837196424296, 40.6427270668688], [-111.837027035272, 40.6427281377078], [-111.836712111086, 40.6427301239743], [-111.836659684507, 40.6427304552459], [-111.836636997555, 40.6427306372408], [-111.836327055426, 40.6427331115534], [-111.836277426201, 40.6427335082614], [-111.836269824657, 40.6427335525673], [-111.836269841725, 40.6427041293715], [-111.836127282683, 40.6427040496209], [-111.836088217646, 40.6427040298536], [-111.835920935171, 40.642703939197], [-111.83590804255, 40.6427039310174], [-111.835739395533, 40.6427038410424], [-111.835727867453, 40.6427038349077], [-111.835559224928, 40.6427037449327], [-111.835547691458, 40.6427037374348], [-111.835379054323, 40.6427036481414], [-111.835367565769, 40.6427036406434]]]}, "properties": {"PrecinctID": "HOL011", "VistaID": "HOL011", "CountyID": 18, "SubPrecinctID": null, "AliasName": null, "VersionNbr": null}}, {"type": "Feature", "geometry": {"type": "Polygon", "coordinates": [[[-111.819135393962, 40.6593347077435], [-111.819181362552, 40.6581610719432], [-111.818906339735, 40.6578949698414], [-111.815622220328, 40.6556284607183], [-111.815232836585, 40.6553635363686], [-111.814803659272, 40.6549881004709], [-111.814503000333, 40.6546580487991], [-111.814418856038, 40.6533874322811], [-111.814406460186, 40.6532786084416], [-111.814404345552, 40.653271322299], [-111.814376699, 40.6531761041799], [-111.81436485112, 40.6531352959835], [-111.814399545853, 40.6531341094527], [-111.814478545496, 40.6530281087526], [-111.814543544895, 40.65296410956], [-111.814667547438, 40.6528841094607], [-111.814857545612, 40.6528291076329], [-111.81510354566, 40.6528051083824], [-111.815222642503, 40.6528026269464], [-111.815295546179, 40.652801107825], [-111.815446545791, 40.6528421084159], [-111.815599547749, 40.6529091077982], [-111.815829546106, 40.6531111080613], [-111.816014546952, 40.6533301089277], [-111.816244546208, 40.6536011095865], [-111.816446546772, 40.6538261089075], [-111.816766547338, 40.6540951093563], [-111.817841545967, 40.6532271079158], [-111.81781254835, 40.6531151086002], [-111.817599546118, 40.6524071083085], [-111.817527547046, 40.6521521072325], [-111.817706547146, 40.6521791081863], [-111.817725546514, 40.6521821082916], [-111.818072545946, 40.6521821089731], [-111.818251546046, 40.6521851070337], [-111.818433546519, 40.6521891076281], [-111.818502546116, 40.6521901081174], [-111.81854954687, 40.6521911086067], [-111.818742548112, 40.6520071076025], [-111.818728546072, 40.6518411074983], [-111.819103548685, 40.6518711086973], [-111.819818546566, 40.6519561077047], [-111.820726030954, 40.6519720876451], [-111.82089754719, 40.6519751075242], [-111.821936547631, 40.652042107777], [-111.822928545521, 40.652007108284], [-111.825735546323, 40.6519661078615], [-111.826218548892, 40.6519641075576], [-111.826889548189, 40.6519681081653], [-111.828704548406, 40.652010107034], [-111.830190548736, 40.6520371073638], [-111.831642550527, 40.6520541075406], [-111.834222549752, 40.6520591065895], [-111.834961149968, 40.6520600975393], [-111.83496855029, 40.6520601070807], [-111.83495954917, 40.6522411078363], [-111.834933551028, 40.6527851062743], [-111.834926030332, 40.6529561725273], [-111.834925550632, 40.6529671062224], [-111.834927550282, 40.6533851082979], [-111.834926549558, 40.6534011062971], [-111.834878550776, 40.6544621070642], [-111.83487454968, 40.654564107079], [-111.834871550205, 40.6547021068506], [-111.834863549809, 40.6549771078161], [-111.834859552306, 40.6551361072252], [-111.834853549764, 40.6552931074144], [-111.834836550045, 40.6557661066367], [-111.834831550022, 40.6559241085026], [-111.834830619368, 40.6559373846877], [-111.834827550723, 40.655981107281], [-111.834817550677, 40.6561541069097], [-111.834814551202, 40.6562121072836], [-111.834810550106, 40.6564201069173], [-111.834801550783, 40.6570461068493], [-111.834798551309, 40.6572551077035], [-111.834793552184, 40.6572921079952], [-111.834782551415, 40.6574061079361], [-111.834780550867, 40.6574261079774], [-111.834771550646, 40.657566107417], [-111.834754551826, 40.6579321067544], [-111.834749550905, 40.6580551064887], [-111.834749551803, 40.6582301083515], [-111.834747551255, 40.6583671069582], [-111.834740550684, 40.6587601063249], [-111.834735550661, 40.6590451080587], [-111.834751551453, 40.6591821077175], [-111.834766550623, 40.6592541087834], [-111.83476655242, 40.6593311069128], [-111.834827552519, 40.6595521092452], [-111.83485755086, 40.6596091076497], [-111.834873549855, 40.6596661073685], [-111.834903550891, 40.6597201072723], [-111.835117551151, 40.6601741076121], [-111.835194550245, 40.6602871083932], [-111.835206672112, 40.6603040785284], [-111.835022844465, 40.6603330810064], [-111.834806935285, 40.6603671466358], [-111.833281423456, 40.6602898014816], [-111.833018931239, 40.6603140426801], [-111.832949382771, 40.6602688210113], [-111.832937426195, 40.6602639534159], [-111.832800655896, 40.6602082700886], [-111.832725843301, 40.6600980624435], [-111.832307671248, 40.6598721493198], [-111.832121043553, 40.6598180752606], [-111.831825050463, 40.6597802654388], [-111.831431287433, 40.6597793979469], [-111.831256841791, 40.6599025625942], [-111.830839871684, 40.659691064322], [-111.830826855096, 40.6596844623797], [-111.830818562747, 40.6596802550722], [-111.830818402847, 40.6596850661494], [-111.830736363306, 40.6596077351964], [-111.830498581047, 40.6594453745896], [-111.830331641727, 40.6592636028845], [-111.830252860375, 40.6590467728708], [-111.830235273159, 40.6590467387977], [-111.830243976935, 40.6589809749379], [-111.830241148141, 40.6589807841283], [-111.829993467345, 40.6589640153694], [-111.829993249953, 40.6589344521334], [-111.829803923719, 40.658872339447], [-111.829828843883, 40.6588072521096], [-111.82972926743, 40.6588195532267], [-111.829646069062, 40.6588601317002], [-111.829484270801, 40.6588914551902], [-111.829323886489, 40.6588988245391], [-111.82904816568, 40.6588151993498], [-111.82896615219, 40.6587672017393], [-111.828931022672, 40.6587927648513], [-111.828919075079, 40.6587836625255], [-111.828297721177, 40.6583103248813], [-111.828296339568, 40.6583092726921], [-111.828181283346, 40.6581603897905], [-111.827927477838, 40.6580037118707], [-111.827744446098, 40.6579393453663], [-111.827698461339, 40.6579231753611], [-111.827656235131, 40.6579132605999], [-111.827661784923, 40.6579104713277], [-111.827333615078, 40.6578262697348], [-111.827342823708, 40.6577995347971], [-111.827363101379, 40.6577838390646], [-111.827046942908, 40.6577028211675], [-111.827042050683, 40.6576692291664], [-111.827016647225, 40.6574947648814], [-111.826913213406, 40.6569369898059], [-111.826880918074, 40.6569451887363], [-111.826868993837, 40.6569264472516], [-111.826678877085, 40.6566276670249], [-111.826742894625, 40.6565417178412], [-111.826771255337, 40.6565036369746], [-111.826437419818, 40.6563876128312], [-111.825965348848, 40.656222448911], [-111.82596831239, 40.6562184594623], [-111.825745802389, 40.6561400484151], [-111.825717905208, 40.656123335506], [-111.825684142028, 40.6561131199393], [-111.825636163907, 40.6560986007473], [-111.825556434832, 40.6560744718263], [-111.825512151482, 40.6560610716369], [-111.825260111163, 40.6560031897115], [-111.825214705817, 40.656002786949], [-111.825186979315, 40.6560025402484], [-111.825015824203, 40.6560010211998], [-111.824899668443, 40.6560261846538], [-111.824899476204, 40.6559630374782], [-111.824788974441, 40.6559632078516], [-111.824266382219, 40.6559640167846], [-111.824254203759, 40.655984823465], [-111.824161348501, 40.6561434640523], [-111.824144463767, 40.6561766268005], [-111.824042961326, 40.6561615051836], [-111.8235223445, 40.6571902729808], [-111.823373287045, 40.6574660405756], [-111.823078362951, 40.6581131420093], [-111.822555508421, 40.6591726967431], [-111.822459715672, 40.6594634693447], [-111.822320813672, 40.6598000330737], [-111.822318479849, 40.6598317295592], [-111.822281595921, 40.6603327402818], [-111.822272536412, 40.6606268973396], [-111.822148679395, 40.6609292726657], [-111.821889678929, 40.6613433481513], [-111.821578074917, 40.6616701728618], [-111.820563178072, 40.662396363703], [-111.819252298018, 40.6633768059676], [-111.819223097382, 40.6631139886767], [-111.819177234793, 40.6626341591545], [-111.81915182864, 40.661842520597], [-111.819149650226, 40.661509828877], [-111.819146756752, 40.6610679005075], [-111.819135393962, 40.6593347077435]]]}, "properties": {"PrecinctID": "HOL017", "VistaID": "HOL017", "CountyID": 18, "SubPrecinctID": null, "AliasName": null, "VersionNbr": null}}, {"type": "Feature", "geometry": {"type": "Polygon", "coordinates": [[[-111.802685540599, 40.6458481091358], [-111.802679564108, 40.6458378279258], [-111.80222154189, 40.6450501076323], [-111.80179910284, 40.644439076487], [-111.801719846279, 40.644324438213], [-111.801694661112, 40.6442880080563], [-111.801063542522, 40.6433751087458], [-111.800929015317, 40.6431806382236], [-111.800677540936, 40.6428171086196], [-111.800151542303, 40.6420581081647], [-111.800035541054, 40.6418891079645], [-111.798841201239, 40.6419220583099], [-111.79864895009, 40.6419273614463], [-111.798295542078, 40.6419371081737], [-111.795362540878, 40.6419611086063], [-111.793452542023, 40.6419761087018], [-111.791362540548, 40.6419631092099], [-111.791120538902, 40.6419621099305], [-111.791114539952, 40.6407041082555], [-111.79110861736, 40.639435010629], [-111.791104539906, 40.6385611081366], [-111.791103538285, 40.6383321090924], [-111.789541537787, 40.6383271096969], [-111.789536538663, 40.6381261076468], [-111.786415538939, 40.6381771085701], [-111.786454538399, 40.6347081096556], [-111.789447538076, 40.6347091097253], [-111.79049401789, 40.6347174981756], [-111.791069538848, 40.6347221079029], [-111.791072538323, 40.6346751087112], [-111.79123353888, 40.634094108356], [-111.791217752785, 40.6311610116298], [-111.791217538088, 40.6311211082856], [-111.793427538315, 40.6311351072849], [-111.793988334988, 40.6311391636809], [-111.794395539509, 40.631142108147], [-111.795885055845, 40.6311519457579], [-111.797274540282, 40.6311611077561], [-111.797450540009, 40.6311601076333], [-111.79882753966, 40.6311731071836], [-111.799004540111, 40.6311721063792], [-111.799136541253, 40.6311721070609], [-111.800133540065, 40.6311791079191], [-111.80013453989, 40.6311511065273], [-111.800144541732, 40.6310111062092], [-111.800155539806, 40.6308531060334], [-111.8001635411, 40.630754106298], [-111.800199780936, 40.6304708749167], [-111.800523300202, 40.6304885480239], [-111.800556082422, 40.630490339673], [-111.80066250763, 40.6305062388521], [-111.800764997319, 40.6305332560624], [-111.800861559026, 40.6305708656592], [-111.800950324254, 40.6306183381491], [-111.801010733262, 40.6306598670908], [-111.801065120862, 40.6307059746507], [-111.801127253737, 40.6307736950503], [-111.801176426617, 40.6308473397907], [-111.801211681899, 40.6309254785418], [-111.801232339557, 40.6310065909887], [-111.801237982774, 40.6310684896382], [-111.801235144098, 40.6311303855034], [-111.801218271042, 40.6312117792627], [-111.805145550055, 40.6312381246676], [-111.805502510007, 40.6312405135062], [-111.805502681585, 40.6312405155515], [-111.806034146466, 40.6312406921238], [-111.806034467165, 40.6314116867959], [-111.806481000828, 40.6317337195848], [-111.806771250988, 40.6318861090057], [-111.806749859406, 40.6319592350793], [-111.806360177422, 40.6332911983433], [-111.805808815755, 40.6351757254696], [-111.806344918639, 40.6361115948838], [-111.807508256695, 40.6368594853025], [-111.808032401205, 40.6375318861093], [-111.808262398664, 40.6377088716355], [-111.808332798735, 40.6377630433693], [-111.808417275406, 40.6378280496646], [-111.80845951419, 40.6378605521069], [-111.808455543637, 40.6378691071724], [-111.808414543629, 40.6379581070561], [-111.808262542395, 40.6382721074596], [-111.808138544343, 40.6386991069194], [-111.808087542492, 40.6392211066402], [-111.808096690935, 40.6395984458288], [-111.808097688963, 40.6396396113134], [-111.808099543086, 40.6397161078819], [-111.808129544122, 40.6400661071438], [-111.808179543452, 40.640451107416], [-111.808193657782, 40.640622735611], [-111.80819406382, 40.6406227165247], [-111.808204928045, 40.6407550881232], [-111.808210294581, 40.6408204623216], [-111.808215543437, 40.6408801085704], [-111.808254544694, 40.641463106384], [-111.808262543293, 40.6415951089117], [-111.808272543339, 40.6417541081707], [-111.808293543255, 40.6419931073518], [-111.808305542951, 40.6421261074267], [-111.808330543065, 40.642429108499], [-111.808353543529, 40.642806107825], [-111.808389893857, 40.6433730032146], [-111.808400543385, 40.6435391082232], [-111.808451543439, 40.644090109626], [-111.808406543233, 40.6448461076692], [-111.808391544063, 40.6451121084531], [-111.808379543469, 40.6455281081175], [-111.808373545418, 40.6457581082803], [-111.808362542852, 40.6458981090285], [-111.807933541608, 40.6459021086366], [-111.807946543824, 40.6452841084059], [-111.807674543837, 40.6452821079018], [-111.807519544925, 40.6452841090875], [-111.80746754325, 40.6452851083172], [-111.80720754206, 40.645289107962], [-111.807107543399, 40.6452901078732], [-111.8070465433, 40.6452911091476], [-111.806847544007, 40.6452281078993], [-111.806626543175, 40.6450141086464], [-111.806354543189, 40.6447681092626], [-111.806235542465, 40.6447021084425], [-111.805920543719, 40.6445291084304], [-111.805706543459, 40.6444071075417], [-111.805639542613, 40.6443941092049], [-111.805504543792, 40.6443811088208], [-111.805414544279, 40.6443961090541], [-111.804783544267, 40.6446061085581], [-111.804594543223, 40.6446181089772], [-111.804492543116, 40.6446211087409], [-111.804586543725, 40.6449441084042], [-111.804679541815, 40.6451331086851], [-111.804838542722, 40.6454491092359], [-111.804881543278, 40.645534108926], [-111.805070544322, 40.645902107955], [-111.805109543782, 40.6460281077564], [-111.805103543036, 40.6461571090592], [-111.805083542945, 40.6464021082], [-111.804915543613, 40.6463611091047], [-111.804767544374, 40.646272109519], [-111.804607542743, 40.6461711076322], [-111.804367542544, 40.6459091079502], [-111.804187541721, 40.6457211090899], [-111.80406954172, 40.6456371081808], [-111.803850543233, 40.6455271088915], [-111.803630542227, 40.645432108058], [-111.803211543724, 40.6453051085838], [-111.803068542711, 40.6452591092567], [-111.80298554287, 40.645242108712], [-111.802916544171, 40.645236109922], [-111.802828541613, 40.6452541090167], [-111.802769543858, 40.6452761084338], [-111.802700543363, 40.6453341087212], [-111.802677542898, 40.6453851082271], [-111.802676542175, 40.6454381081936], [-111.802685540599, 40.6458481091358]]]}, "properties": {"PrecinctID": "HOL022", "VistaID": "HOL022", "CountyID": 18, "SubPrecinctID": null, "AliasName": null, "VersionNbr": null}}, {"type": "Feature", "geometry": {"type": "Polygon", "coordinates": [[[-111.81436485112, 40.6531352959835], [-111.813405547415, 40.6531681085614], [-111.812688546291, 40.6519971081334], [-111.812355545307, 40.6514451088091], [-111.812315546022, 40.6513701080336], [-111.8121885458, 40.6511631088365], [-111.81207954602, 40.6509781085793], [-111.812004544779, 40.650816109318], [-111.811939544482, 40.6505401084087], [-111.811946545951, 40.6500811080578], [-111.811948544703, 40.6498431090562], [-111.811942543957, 40.6496681083668], [-111.811919545289, 40.6488131074743], [-111.810757545723, 40.6485551080715], [-111.810498546155, 40.6485531097101], [-111.810088545178, 40.6485501080785], [-111.809699544117, 40.6484671078674], [-111.809063544981, 40.6483151079851], [-111.808872545185, 40.6482681081398], [-111.808376543994, 40.6479881081141], [-111.808189544396, 40.6479701090751], [-111.80819954534, 40.6478781072471], [-111.808201544092, 40.6478591083058], [-111.808220544358, 40.647522108787], [-111.808241543376, 40.6471521093819], [-111.808261005377, 40.6469464261927], [-111.808299544899, 40.64653910792], [-111.808337543636, 40.646210107731], [-111.80835154388, 40.6460271078562], [-111.808362542852, 40.6458981090285], [-111.808373545418, 40.6457581082803], [-111.808379543469, 40.6455281081175], [-111.808391544063, 40.6451121084531], [-111.808406543233, 40.6448461076692], [-111.808451543439, 40.644090109626], [-111.808400543385, 40.6435391082232], [-111.808389893857, 40.6433730032146], [-111.808353543529, 40.642806107825], [-111.808330543065, 40.642429108499], [-111.808305542951, 40.6421261074267], [-111.808293543255, 40.6419931073518], [-111.808272543339, 40.6417541081707], [-111.808262543293, 40.6415951089117], [-111.808254544694, 40.641463106384], [-111.808215543437, 40.6408801085704], [-111.808210294581, 40.6408204623216], [-111.808204928045, 40.6407550881232], [-111.80819406382, 40.6406227165247], [-111.808193657782, 40.640622735611], [-111.808179543452, 40.640451107416], [-111.808129544122, 40.6400661071438], [-111.808099543086, 40.6397161078819], [-111.808097688963, 40.6396396113134], [-111.808096690935, 40.6395984458288], [-111.808087542492, 40.6392211066402], [-111.808138544343, 40.6386991069194], [-111.808262542395, 40.6382721074596], [-111.808414543629, 40.6379581070561], [-111.808455543637, 40.6378691071724], [-111.80845951419, 40.6378605521069], [-111.808578542762, 40.6376041068621], [-111.808620541696, 40.6375161065341], [-111.808626542443, 40.6375031068554], [-111.808665542801, 40.6375231074088], [-111.808794541774, 40.6375831063063], [-111.808910542125, 40.6376641070502], [-111.809288542416, 40.6378881082758], [-111.809453543171, 40.6379751060477], [-111.809664543957, 40.6380861068953], [-111.80979154328, 40.6381001078427], [-111.810351542248, 40.6381621083026], [-111.810517543726, 40.6381811079592], [-111.810775545266, 40.6382101064202], [-111.811070543022, 40.6382441063156], [-111.811243544173, 40.6381821079769], [-111.81152454438, 40.638100107161], [-111.811772542281, 40.6380291064646], [-111.811879543309, 40.6379981072026], [-111.811975543568, 40.6379701073071], [-111.812315544225, 40.6378701078764], [-111.812903543681, 40.6376981065421], [-111.813197542511, 40.6377641074711], [-111.813230543021, 40.6377721076619], [-111.813259543333, 40.6377791071464], [-111.813387544278, 40.6378081064636], [-111.813439544157, 40.6378481073817], [-111.813754542903, 40.6380861055319], [-111.814207545334, 40.6384291064259], [-111.815082544845, 40.6384781064097], [-111.815513512501, 40.6384805706549], [-111.816132544258, 40.6384841064887], [-111.817165544851, 40.6384731077068], [-111.817574545105, 40.6384901072489], [-111.818297545178, 40.6384951052688], [-111.818922544444, 40.6384951059505], [-111.819339545992, 40.6384951059505], [-111.819731543833, 40.6384951066322], [-111.820094544954, 40.6384901065672], [-111.822559544552, 40.6385081061177], [-111.824718546522, 40.6385081067994], [-111.825492545751, 40.6384971052947], [-111.826399547744, 40.6385021067225], [-111.827203548008, 40.6384981053077], [-111.827456545931, 40.6384931059245], [-111.828096547961, 40.638511106156], [-111.828531547255, 40.6385251056509], [-111.828803547242, 40.6385211049191], [-111.829933546123, 40.6385421051798], [-111.830855547286, 40.638536105106], [-111.831434548317, 40.6385421058614], [-111.832074546753, 40.6385281063701], [-111.832159548939, 40.6385251056509], [-111.832248547729, 40.6385211049191], [-111.832656548158, 40.6385191055756], [-111.833034547551, 40.6385181048813], [-111.834474548749, 40.6385141068757], [-111.834486671513, 40.6385357329132], [-111.834784547472, 40.6390671047782], [-111.834912550213, 40.6392821053762], [-111.835321688808, 40.6398038455979], [-111.835275289925, 40.6398249599738], [-111.835105155298, 40.6399023786129], [-111.834950491457, 40.6399727590539], [-111.83496746782, 40.6402811440602], [-111.834988469533, 40.6406881440215], [-111.834972468741, 40.6409251450213], [-111.83496546817, 40.6410321444722], [-111.834964468345, 40.6410741447703], [-111.83495922937, 40.6411832918447], [-111.834934469106, 40.6416991442023], [-111.834967191139, 40.6421027150722], [-111.835021452975, 40.64210316018], [-111.835020980461, 40.6421363612615], [-111.835012875861, 40.6427050768359], [-111.835012182361, 40.6427536524346], [-111.835013554987, 40.6430324106873], [-111.835022224628, 40.6436672071017], [-111.835017407861, 40.6438451408502], [-111.835031226645, 40.6443398256148], [-111.835019584479, 40.6446982757566], [-111.834995565325, 40.645559338353], [-111.834997414956, 40.6459354802722], [-111.83500055367, 40.6463244653581], [-111.834998493833, 40.6464919596003], [-111.834964695619, 40.647034814179], [-111.834958249308, 40.6479215584018], [-111.834958017543, 40.6479533416383], [-111.83495450513, 40.6484365060374], [-111.834948717285, 40.6495173727867], [-111.834952248562, 40.6502494570795], [-111.834955847213, 40.6509815967245], [-111.834960475333, 40.6519228563038], [-111.834961149968, 40.6520600975393], [-111.834222549752, 40.6520591065895], [-111.831642550527, 40.6520541075406], [-111.830190548736, 40.6520371073638], [-111.828704548406, 40.652010107034], [-111.826889548189, 40.6519681081653], [-111.826218548892, 40.6519641075576], [-111.825735546323, 40.6519661078615], [-111.822928545521, 40.652007108284], [-111.821936547631, 40.652042107777], [-111.82089754719, 40.6519751075242], [-111.820726030954, 40.6519720876451], [-111.819818546566, 40.6519561077047], [-111.819103548685, 40.6518711086973], [-111.818728546072, 40.6518411074983], [-111.818742548112, 40.6520071076025], [-111.81854954687, 40.6521911086067], [-111.818502546116, 40.6521901081174], [-111.818433546519, 40.6521891076281], [-111.818251546046, 40.6521851070337], [-111.818072545946, 40.6521821089731], [-111.817725546514, 40.6521821082916], [-111.817706547146, 40.6521791081863], [-111.817527547046, 40.6521521072325], [-111.817599546118, 40.6524071083085], [-111.81781254835, 40.6531151086002], [-111.817841545967, 40.6532271079158], [-111.816766547338, 40.6540951093563], [-111.816446546772, 40.6538261089075], [-111.816244546208, 40.6536011095865], [-111.816014546952, 40.6533301089277], [-111.815829546106, 40.6531111080613], [-111.815599547749, 40.6529091077982], [-111.815446545791, 40.6528421084159], [-111.815295546179, 40.652801107825], [-111.815222642503, 40.6528026269464], [-111.81510354566, 40.6528051083824], [-111.814857545612, 40.6528291076329], [-111.814667547438, 40.6528841094607], [-111.814543544895, 40.65296410956], [-111.814478545496, 40.6530281087526], [-111.814399545853, 40.6531341094527], [-111.81436485112, 40.6531352959835]]]}, "properties": {"PrecinctID": "HOL019", "VistaID": "HOL019", "CountyID": 18, "SubPrecinctID": null, "AliasName": null, "VersionNbr": null}}, {"type": "Feature", "geometry": {"type": "Polygon", "coordinates": [[[-111.834261074901, 40.6742691013498], [-111.834486552936, 40.6742651088926], [-111.835164552803, 40.6742551093534], [-111.835391553482, 40.6742521102407], [-111.835588554024, 40.6742511100823], [-111.835854553264, 40.674251109401], [-111.83593455363, 40.674251109401], [-111.836182553327, 40.6742491104467], [-111.836380553694, 40.6742491090841], [-111.836496554943, 40.6742521102407], [-111.836844553301, 40.6742651082114], [-111.836960554551, 40.6742691088442], [-111.837212554446, 40.674268108686], [-111.837285553342, 40.6742671092091], [-111.837971553606, 40.6742671085278], [-111.838224554224, 40.6742671092091], [-111.838381553684, 40.6742681093673], [-111.838852554761, 40.6742741089536], [-111.838985553932, 40.6742761099511], [-111.839010554046, 40.6742761092698], [-111.839208555311, 40.6742741096349], [-111.839802553717, 40.6742701096837], [-111.840001553908, 40.6742691081629], [-111.840079553726, 40.6742681093673], [-111.840314553903, 40.6742661083696], [-111.840393552647, 40.6742661097322], [-111.840505553698, 40.6742671092091], [-111.840563554323, 40.6742671098904], [-111.840843554706, 40.6742701096837], [-111.840956553785, 40.67427211], [-111.841085553657, 40.6742731087955], [-111.841251555135, 40.6742751091117], [-111.841475553644, 40.6742781095859], [-111.841605379965, 40.6742801071768], [-111.841605555137, 40.6742801092207], [-111.841605586578, 40.674280194384], [-111.84168455478, 40.6745091102671], [-111.841742554506, 40.6746751084691], [-111.841944554172, 40.6751911086466], [-111.841954556015, 40.6752151100628], [-111.842020555239, 40.6754231083492], [-111.842063554896, 40.6755841090338], [-111.842124554996, 40.6758051086083], [-111.842208556458, 40.6760641090425], [-111.842261554365, 40.6762231086027], [-111.842303555096, 40.6763221097056], [-111.842341555629, 40.6764121081651], [-111.842408554678, 40.6766301087144], [-111.842430908355, 40.6767027538319], [-111.84241914851, 40.6767028539803], [-111.841409668506, 40.676727091257], [-111.841258288906, 40.6767299982853], [-111.840331749454, 40.6767477851808], [-111.839907368246, 40.6767300003291], [-111.839645609053, 40.6767190289707], [-111.838316433911, 40.6767299969227], [-111.837071695016, 40.6767402536152], [-111.836932252229, 40.6767632986362], [-111.836798865884, 40.6767991462796], [-111.836757914385, 40.6768101516889], [-111.836733543092, 40.6768220073346], [-111.836475954777, 40.6769724196094], [-111.836466385923, 40.6769780060973], [-111.835608531658, 40.6759325609945], [-111.835292543866, 40.6755308039491], [-111.834963238551, 40.6751618019579], [-111.834575295706, 40.6746853716094], [-111.834331653736, 40.6744233435498], [-111.834292229373, 40.674337186334], [-111.834261074901, 40.6742691013498]]]}, "properties": {"PrecinctID": "HOL027", "VistaID": "HOL027", "CountyID": 18, "SubPrecinctID": null, "AliasName": null, "VersionNbr": null}}, {"type": "Feature", "geometry": {"type": "Polygon", "coordinates": [[[-111.815058682896, 40.6752992508702], [-111.81560454867, 40.6753221110769], [-111.816974549547, 40.6753801118159], [-111.81724947894, 40.6753768531803], [-111.817268527715, 40.6754452545166], [-111.817283361596, 40.6754985174295], [-111.817309770268, 40.6755224574186], [-111.817452733552, 40.6756520543727], [-111.817512274788, 40.6757320925714], [-111.817733002531, 40.6760288094412], [-111.817902804781, 40.6762291039254], [-111.817916848144, 40.6762231011085], [-111.818043930112, 40.6763948566701], [-111.818054813202, 40.6764095649291], [-111.818192780955, 40.6765960268655], [-111.818330748708, 40.6767824889617], [-111.818468718257, 40.6769689518989], [-111.818592539341, 40.6771362888179], [-111.818544052774, 40.6771494667647], [-111.818665874208, 40.6773480683194], [-111.818681769897, 40.6773739819792], [-111.818782452175, 40.6775381152161], [-111.818786175692, 40.6775441826354], [-111.818894363395, 40.6777205524511], [-111.819080746749, 40.677662700903], [-111.819147518524, 40.677865887238], [-111.819188560752, 40.677858068984], [-111.819584695335, 40.677782608071], [-111.819677982682, 40.6777621317939], [-111.819797262782, 40.6780776773659], [-111.818691755569, 40.6782955968483], [-111.818828965144, 40.6786177903773], [-111.818837042795, 40.6788798939217], [-111.818706929911, 40.6790269824643], [-111.818377575189, 40.6792637600894], [-111.818357958678, 40.6794944287569], [-111.818374158896, 40.6800133659625], [-111.818384853339, 40.6808205186495], [-111.818341764748, 40.6813360475343], [-111.818360928508, 40.6815331794603], [-111.818272416605, 40.6817108957336], [-111.818195197423, 40.681805744767], [-111.81816919928, 40.682074912362], [-111.818137725008, 40.682175564922], [-111.818142087227, 40.6829547383375], [-111.817594187667, 40.68294913532], [-111.817600969049, 40.6830192060436], [-111.817600843285, 40.6832390263108], [-111.8176007822, 40.6833485662734], [-111.81731233945, 40.6833484709034], [-111.817229422254, 40.6833484429737], [-111.817023898497, 40.6833483748522], [-111.816796353439, 40.6833482971939], [-111.816703592504, 40.683390685714], [-111.816641012269, 40.6834192823671], [-111.816393700681, 40.6835322894026], [-111.816328780334, 40.6835619527725], [-111.816356729617, 40.6836414964523], [-111.816440572077, 40.6838801255597], [-111.816444606411, 40.6838916032398], [-111.816584236048, 40.6839286296269], [-111.81653121748, 40.6840287058114], [-111.816279392756, 40.684192434376], [-111.81612330778, 40.6844043324695], [-111.816119661519, 40.6845186729906], [-111.816080168884, 40.6845612126744], [-111.816024883866, 40.6848105619234], [-111.816285936983, 40.6850835511559], [-111.816073369535, 40.6851856725975], [-111.815826487343, 40.6852830432352], [-111.815955539316, 40.6855992350776], [-111.815996460272, 40.685667189282], [-111.815921398844, 40.6856955560785], [-111.815869164505, 40.6857061267824], [-111.815760985785, 40.6857196470358], [-111.815703761305, 40.6857264439457], [-111.81562288059, 40.6857333035244], [-111.815511126575, 40.6857377755333], [-111.815472466679, 40.685817156537], [-111.815500352182, 40.6860434224982], [-111.815503012992, 40.6860650086084], [-111.815525943388, 40.6862510682046], [-111.815531767166, 40.6862983246613], [-111.815559625719, 40.6865243703296], [-111.815566354999, 40.6865789629108], [-111.815573097754, 40.6866336766973], [-111.81557303038, 40.6867504663197], [-111.815572892938, 40.6869837683929], [-111.815574425464, 40.6870057717597], [-111.815580165698, 40.6870881130049], [-111.815449550656, 40.6870881123237], [-111.814991745831, 40.6870899746579], [-111.814991700915, 40.6870794886394], [-111.814973591777, 40.6857531057003], [-111.814972487748, 40.6856703268439], [-111.814963980702, 40.6849692817672], [-111.814954016589, 40.684156036207], [-111.814983303464, 40.6833942300675], [-111.814974659874, 40.6825699458453], [-111.814982483302, 40.6821724830561], [-111.814980559111, 40.6817566567032], [-111.814997778917, 40.6812855530556], [-111.814972169744, 40.6809875407058], [-111.814999308747, 40.6805716354303], [-111.81498208984, 40.6799829298403], [-111.814987241678, 40.679007753272], [-111.815004866624, 40.6780166807117], [-111.81500898001, 40.6776803315384], [-111.815009599847, 40.6776297239244], [-111.815029140001, 40.6760321463932], [-111.815058799677, 40.6753050868527], [-111.815058682896, 40.6752992508702]]]}, "properties": {"PrecinctID": "HOL005", "VistaID": "HOL005", "CountyID": 18, "SubPrecinctID": null, "AliasName": null, "VersionNbr": null}}, {"type": "Feature", "geometry": {"type": "Polygon", "coordinates": [[[-111.83064051576, 40.6838910821155], [-111.830602360716, 40.6838067872995], [-111.830571593418, 40.68370789745], [-111.830551907737, 40.683648609656], [-111.830531085687, 40.6835928954442], [-111.830507870525, 40.6835344985731], [-111.830491377456, 40.6834941401573], [-111.830480246432, 40.6834289017774], [-111.830452174079, 40.6833654665063], [-111.830427074252, 40.6832903313172], [-111.830364708713, 40.683172975672], [-111.830302410548, 40.6830555653229], [-111.830230880397, 40.6829523438565], [-111.830159376297, 40.6828537865365], [-111.830063043661, 40.6827365275372], [-111.829985351067, 40.6826262413127], [-111.829932010004, 40.6825711114159], [-111.829810281096, 40.6824350385804], [-111.829777655183, 40.6823839679377], [-111.829746250081, 40.682331904031], [-111.829717229107, 40.6822798911755], [-111.829688121896, 40.6822260641762], [-111.829656608995, 40.6821659330688], [-111.829609361205, 40.6820734579426], [-111.829475797892, 40.6818764822534], [-111.830273340167, 40.6815372423304], [-111.831254269915, 40.6809506686885], [-111.831833702138, 40.6806041245469], [-111.832376761575, 40.6801789621491], [-111.832449685911, 40.6801214383705], [-111.833413630313, 40.679361047409], [-111.834063348521, 40.6788543834718], [-111.834240139663, 40.678704895146], [-111.834856435152, 40.6782224213976], [-111.835547336624, 40.6776924649881], [-111.836096260263, 40.6772524465075], [-111.836446712818, 40.6769925936412], [-111.836466385923, 40.6769780060973], [-111.836475954777, 40.6769724196094], [-111.836733543092, 40.6768220073346], [-111.836757914385, 40.6768101516889], [-111.836798865884, 40.6767991462796], [-111.836932252229, 40.6767632986362], [-111.837071695016, 40.6767402536152], [-111.838316433911, 40.6767299969227], [-111.839645609053, 40.6767190289707], [-111.839907368246, 40.6767300003291], [-111.840331749454, 40.6767477851808], [-111.841258288906, 40.6767299982853], [-111.841409668506, 40.676727091257], [-111.84241914851, 40.6767028539803], [-111.842430908355, 40.6767027538319], [-111.842440555363, 40.6767341105004], [-111.842451554336, 40.6769161091478], [-111.842463556726, 40.6770081097648], [-111.842571554884, 40.677827110706], [-111.842608554694, 40.6781011102471], [-111.842632554984, 40.6783201087771], [-111.842645555403, 40.6784101093083], [-111.842676556263, 40.6786231096726], [-111.842709555875, 40.678830108818], [-111.842791555891, 40.6793351086339], [-111.842842556843, 40.6796431093914], [-111.842848215331, 40.6796714024517], [-111.842848234195, 40.6796714937394], [-111.842875556455, 40.6798081090416], [-111.842899554948, 40.6799241101572], [-111.842967555618, 40.6803051090829], [-111.842994196056, 40.6804525207964], [-111.842938645137, 40.6804472077783], [-111.841705028283, 40.6803292067572], [-111.841648265537, 40.6803864265217], [-111.841604626279, 40.6804636816073], [-111.841534262141, 40.6805882413895], [-111.841502827394, 40.6806438893074], [-111.841526747734, 40.6807660535121], [-111.841561307719, 40.6809425122208], [-111.841597457723, 40.6811271153275], [-111.84163467223, 40.6813171473632], [-111.841672953038, 40.6815126096439], [-111.841722129511, 40.6817637244656], [-111.841722001951, 40.6818666528005], [-111.841721513267, 40.6822634913676], [-111.841721499792, 40.6822752118421], [-111.841212165806, 40.6822747458844], [-111.841175135453, 40.6822747138668], [-111.840867266636, 40.6822744325209], [-111.840381937431, 40.6822739876811], [-111.840366866395, 40.6822739733753], [-111.839944739958, 40.6822735857584], [-111.839641880147, 40.682273305775], [-111.839382290386, 40.6822730659838], [-111.839090462784, 40.6822727955376], [-111.838870010824, 40.6822725904889], [-111.838799746399, 40.6822725250913], [-111.838508101155, 40.6822722532826], [-111.838506890226, 40.6822722512389], [-111.838215746243, 40.6822719794302], [-111.838215741751, 40.6822884507645], [-111.838120096326, 40.6822878104132], [-111.837957863281, 40.6822867238598], [-111.837712199203, 40.6822850780209], [-111.837693631026, 40.6822849554004], [-111.837440140826, 40.6822832564259], [-111.837266960013, 40.6822820956188], [-111.837266034748, 40.6822656413136], [-111.837266015883, 40.682265276177], [-111.837249142827, 40.6819649186521], [-111.837240584578, 40.6818125809062], [-111.837223558808, 40.6815094848297], [-111.837225078757, 40.6814323876399], [-111.837046712868, 40.6815004946015], [-111.83681971668, 40.6816614949149], [-111.836442784485, 40.681891433864], [-111.836134314695, 40.6820280309919], [-111.836137276441, 40.6820720355408], [-111.836137175829, 40.6824537245305], [-111.836137027607, 40.6830136582102], [-111.836136989878, 40.683160969926], [-111.835751360194, 40.6831658521994], [-111.835628907245, 40.6831674564625], [-111.83530405398, 40.6831717106545], [-111.835133354313, 40.6831739464044], [-111.834985644331, 40.6831767312139], [-111.834860342824, 40.6831790950321], [-111.834788256615, 40.6831804227213], [-111.83465392165, 40.6831828941715], [-111.834177818142, 40.6831916559656], [-111.834142483809, 40.6831923065264], [-111.834063089806, 40.6831953331666], [-111.834066806136, 40.683512849653], [-111.834068577614, 40.6838740764285], [-111.83396274709, 40.6838681642196], [-111.833566124723, 40.6838755887113], [-111.833374702719, 40.6838791214585], [-111.833322062341, 40.6838793646499], [-111.833169525711, 40.6838800690194], [-111.832824290571, 40.6838816623659], [-111.83277280902, 40.6838818994265], [-111.832586327751, 40.6838827597927], [-111.832393885261, 40.6838836467261], [-111.832375858768, 40.6838837284711], [-111.832361633945, 40.6838837945483], [-111.832352032751, 40.6838377359884], [-111.832293949482, 40.6838488403734], [-111.832235511378, 40.6838549501346], [-111.832208005862, 40.6838578261976], [-111.832210219311, 40.6838844914245], [-111.831997275469, 40.6838854730458], [-111.831979248976, 40.6838855547908], [-111.83191070752, 40.6838858715527], [-111.83161871373, 40.6838872148957], [-111.831253274581, 40.6838888961179], [-111.831193783652, 40.6838891699636], [-111.830730069709, 40.6838912966961], [-111.83064051576, 40.6838910821155]]]}, "properties": {"PrecinctID": "HOL002", "VistaID": "HOL002", "CountyID": 18, "SubPrecinctID": null, "AliasName": null, "VersionNbr": null}}, {"type": "Feature", "geometry": {"type": "Polygon", "coordinates": [[[-111.839744186579, 40.6530800040339], [-111.839658691219, 40.6530736058944], [-111.8395640025, 40.6530783520218], [-111.83930882706, 40.6530760116713], [-111.839117110409, 40.6530742526599], [-111.838948460697, 40.6530727056022], [-111.838670221013, 40.6530701519346], [-111.838237821442, 40.6530661820617], [-111.838223332515, 40.6530660498462], [-111.837776445814, 40.6530619450313], [-111.837481053698, 40.6530592318869], [-111.83736648077, 40.6530581782518], [-111.836951351311, 40.6530543644469], [-111.836404424626, 40.653049334804], [-111.836287100159, 40.6530487316557], [-111.836239103173, 40.6529682968453], [-111.835700179579, 40.6529703877618], [-111.835106181174, 40.6529594813282], [-111.834926030332, 40.6529561725273], [-111.834933551028, 40.6527851062743], [-111.83495954917, 40.6522411078363], [-111.83496855029, 40.6520601070807], [-111.834961149968, 40.6520600975393], [-111.834960475333, 40.6519228563038], [-111.834955847213, 40.6509815967245], [-111.834952248562, 40.6502494570795], [-111.834948717285, 40.6495173727867], [-111.83495450513, 40.6484365060374], [-111.834958017543, 40.6479533416383], [-111.834958249308, 40.6479215584018], [-111.834964695619, 40.647034814179], [-111.834998493833, 40.6464919596003], [-111.83500055367, 40.6463244653581], [-111.834997414956, 40.6459354802722], [-111.834995565325, 40.645559338353], [-111.835019584479, 40.6446982757566], [-111.835031226645, 40.6443398256148], [-111.835017407861, 40.6438451408502], [-111.835022224628, 40.6436672071017], [-111.835013554987, 40.6430324106873], [-111.835012182361, 40.6427536524346], [-111.835012875861, 40.6427050768359], [-111.83514047436, 40.6427035193134], [-111.835367565769, 40.6427036406434], [-111.835379054323, 40.6427036481414], [-111.835547691458, 40.6427037374348], [-111.835559224928, 40.6427037449327], [-111.835727867453, 40.6427038349077], [-111.835727445245, 40.6427532202821], [-111.835726556811, 40.6428570819976], [-111.835724390075, 40.6431103859022], [-111.836270351968, 40.6431316614587], [-111.836272284245, 40.6434110827141], [-111.835664974603, 40.6433867283594], [-111.835647452964, 40.6433860235621], [-111.835645933014, 40.6435673941083], [-111.835508027245, 40.6437292664631], [-111.835506413871, 40.6439212379433], [-111.835642919167, 40.6439268646887], [-111.835680668172, 40.643928409232], [-111.835884732166, 40.643936753582], [-111.835949889669, 40.6439394173393], [-111.83595612218, 40.6439396722639], [-111.836084321653, 40.6439449173026], [-111.836219148896, 40.6439504315794], [-111.836219147997, 40.6439528199632], [-111.836219267473, 40.6443625348916], [-111.836219308796, 40.6445002974311], [-111.835886106589, 40.6444784299908], [-111.835852116135, 40.6447896351224], [-111.836336692552, 40.6448203149647], [-111.836336429346, 40.6452745318864], [-111.836061726328, 40.6452576806167], [-111.8360441454, 40.6454130545739], [-111.835796097194, 40.6453987661612], [-111.835062651511, 40.6453565150283], [-111.835081134348, 40.6467588596547], [-111.835563238601, 40.6467645365984], [-111.83555888267, 40.6469705631858], [-111.835760214888, 40.6469728942083], [-111.835759057858, 40.6470272860736], [-111.83575591106, 40.6471756281045], [-111.835755805957, 40.6471806377426], [-111.835755197797, 40.6472093221737], [-111.835755194204, 40.6472094544008], [-111.835694088104, 40.6472087026146], [-111.835693474554, 40.6472375192606], [-111.835688950638, 40.647450785501], [-111.835630814368, 40.64745017276], [-111.835630685909, 40.6476636073522], [-111.835630561942, 40.647869439641], [-111.835628219135, 40.6478694389595], [-111.835520110484, 40.6478694021543], [-111.835520017059, 40.6479860524834], [-111.835519907465, 40.648126390708], [-111.835519849074, 40.6481976982773], [-111.835519796972, 40.6482667409058], [-111.835507993109, 40.6482667034193], [-111.835476554769, 40.6482666032282], [-111.83547642631, 40.6483238164276], [-111.835412550704, 40.6484196787396], [-111.835432650508, 40.6484304162041], [-111.835450235928, 40.6484434628279], [-111.835464859603, 40.6484584819137], [-111.835476145138, 40.6484750897363], [-111.835471374185, 40.6484644156649], [-111.835468690917, 40.6484533278786], [-111.835468149233, 40.6484420622005], [-111.835469762607, 40.6484308530909], [-111.835473493311, 40.6484199445521], [-111.835479264088, 40.6484095621843], [-111.835507914956, 40.6483666027602], [-111.835674794088, 40.6483656819573], [-111.835833512924, 40.6483657024045], [-111.835833511127, 40.6483746241721], [-111.835845291634, 40.6483748218278], [-111.836022111523, 40.6483778050648], [-111.8366103661, 40.6483990169193], [-111.836613156267, 40.6487125047424], [-111.835840086795, 40.6487124209096], [-111.835478009142, 40.6487157374181], [-111.835497428922, 40.6495984449251], [-111.83590635731, 40.6495544141737], [-111.83640239084, 40.6495010017248], [-111.836879979263, 40.6494878360348], [-111.836542014188, 40.6499599992504], [-111.836781786216, 40.6500595409668], [-111.837492307792, 40.6500599389943], [-111.837729076751, 40.6499761991294], [-111.837724222255, 40.6499580649972], [-111.837722978088, 40.6499395819039], [-111.837725374794, 40.6499211635531], [-111.837731355777, 40.6499032243309], [-111.837740788986, 40.6498861684001], [-111.837755809715, 40.6498679367809], [-111.837774755185, 40.6498519658784], [-111.837797055862, 40.6498387423254], [-111.837822028128, 40.6498286682418], [-111.837848920095, 40.64982204624], [-111.837876911599, 40.649819082151], [-111.837905152835, 40.6498198604885], [-111.837932789505, 40.6498243614871], [-111.837958978988, 40.6498324481532], [-111.837982931667, 40.6498438737623], [-111.838003913617, 40.649858292082], [-111.838021292425, 40.6498752648701], [-111.838034541677, 40.6498942782316], [-111.838043254437, 40.6499147542058], [-111.838047171091, 40.6499360718944], [-111.83804616947, 40.6499575817747], [-111.838045165153, 40.6499749409792], [-111.838047736132, 40.649992205443], [-111.838053824014, 40.6500089512394], [-111.838063276088, 40.6500247653468], [-111.838075856993, 40.6500392585984], [-111.83836807626, 40.6498501045487], [-111.838797725189, 40.6498953428216], [-111.838872387766, 40.6498954014354], [-111.839403265149, 40.649895819229], [-111.83940314208, 40.6494885135053], [-111.843013569123, 40.6494723666695], [-111.843703505804, 40.6494878639788], [-111.843702927289, 40.6499493022437], [-111.843234429817, 40.6499490050856], [-111.843234374122, 40.6499998259054], [-111.843018155921, 40.6499996875498], [-111.842820460982, 40.6499995614622], [-111.842803533128, 40.649999552602], [-111.842549671026, 40.6499993890289], [-111.842549633297, 40.6500370196928], [-111.842549395243, 40.6502546552768], [-111.842549327869, 40.6503172135425], [-111.842549244326, 40.6503918931279], [-111.842548957763, 40.6506526491063], [-111.842548672099, 40.6509134033841], [-111.842548386435, 40.6511741580062], [-111.842548101669, 40.6514349116092], [-111.842547816005, 40.6516956655563], [-111.842547527646, 40.6519583697181], [-111.842547287795, 40.652177952989], [-111.842546837739, 40.6525877196517], [-111.842551674269, 40.6526381717999], [-111.842606639486, 40.6526304534988], [-111.842755893672, 40.6526118477891], [-111.842952607652, 40.6525430372868], [-111.843009338957, 40.6526026853271], [-111.843177431713, 40.6528067338218], [-111.843191103173, 40.6529611517444], [-111.843205553473, 40.6531244147932], [-111.842865469272, 40.6531198669921], [-111.842400632435, 40.6531136494599], [-111.841989847229, 40.6531081516152], [-111.841654736102, 40.6531036665132], [-111.84130513515, 40.6530989878583], [-111.840955536892, 40.6530943057955], [-111.840575854954, 40.6530892216338], [-111.840198932641, 40.6530841715478], [-111.840197598643, 40.6530841592804], [-111.839744186579, 40.6530800040339]]]}, "properties": {"PrecinctID": "HOL024", "VistaID": "HOL024", "CountyID": 18, "SubPrecinctID": null, "AliasName": null, "VersionNbr": null}}, {"type": "Feature", "geometry": {"type": "Polygon", "coordinates": [[[-111.808626542443, 40.6375031068554], [-111.808649542907, 40.6374551075479], [-111.808674543021, 40.6373981072601], [-111.808684543067, 40.6373761072916], [-111.808782542977, 40.6371671068876], [-111.808840544499, 40.6370861075857], [-111.809190544304, 40.6366071065916], [-111.809692541749, 40.6360841061512], [-111.809789542732, 40.6359891061933], [-111.809929544271, 40.6358551081541], [-111.810162543001, 40.6356801075983], [-111.810527542874, 40.6354041074918], [-111.811214542962, 40.6350421061906], [-111.811603542226, 40.634836106182], [-111.812458543442, 40.6345241068054], [-111.813137542236, 40.6343181065621], [-111.813794543984, 40.6342111058937], [-111.814005542973, 40.6341771059894], [-111.814251543918, 40.6341581065567], [-111.814938543108, 40.6341051064959], [-111.815169503561, 40.6341035664974], [-111.815169736225, 40.634103565134], [-111.81538854337, 40.634102105578], [-111.815630544118, 40.6341191062331], [-111.815753543243, 40.6341271054972], [-111.815957543458, 40.6341421059897], [-111.816090543527, 40.6341501052511], [-111.816260543406, 40.6341601067125], [-111.816772545389, 40.6341911050298], [-111.816943542398, 40.6342021058806], [-111.817019543465, 40.6342061055078], [-111.81725054524, 40.6342211066642], [-111.817327544335, 40.6342261070489], [-111.817645543454, 40.6342451064623], [-111.818233939066, 40.6342813505381], [-111.818236761573, 40.6348857005264], [-111.818236207312, 40.6372544668919], [-111.819662934104, 40.6372546489017], [-111.819662934104, 40.6372546870761], [-111.819662870324, 40.6375514019783], [-111.81966284607, 40.637661194229], [-111.819662839781, 40.6376886427748], [-111.819922269642, 40.6376886686786], [-111.820102415993, 40.6376886966275], [-111.820138447419, 40.6376887013993], [-111.820138454605, 40.6376612528536], [-111.820138477961, 40.6375514612847], [-111.820138554318, 40.6371480824017], [-111.820687784283, 40.6371471035008], [-111.82068627152, 40.6377665635625], [-111.821065473758, 40.637767098681], [-111.821173571629, 40.6377672500138], [-111.821176561222, 40.6378750139162], [-111.821250426095, 40.6378751168497], [-111.821673181352, 40.6378757112733], [-111.821673190336, 40.6378729838779], [-111.821979452067, 40.637873414017], [-111.821979499678, 40.6378535942133], [-111.822519927949, 40.6378543760988], [-111.822519772541, 40.6379184606765], [-111.822591740171, 40.6379185642916], [-111.823096139712, 40.6379192930053], [-111.823096283442, 40.6378553952083], [-111.823168357074, 40.6378554899617], [-111.823463763564, 40.6378558873803], [-111.823479978155, 40.637855909194], [-111.823622349449, 40.637856100064], [-111.823643967406, 40.6378561286945], [-111.8238637088, 40.6378564293147], [-111.824072736885, 40.6378567142564], [-111.82461653833, 40.6378574654662], [-111.824616081986, 40.6377616779652], [-111.824847623649, 40.637761037868], [-111.824847625445, 40.637760297564], [-111.825110614431, 40.6377602321227], [-111.825141714107, 40.6377602239426], [-111.825215517894, 40.6377602055372], [-111.825435548544, 40.6377601503212], [-111.825691677097, 40.6377600862433], [-111.82588181451, 40.6377600385257], [-111.825922848653, 40.6378216821017], [-111.825998589208, 40.6377450068072], [-111.826159461306, 40.6375821914899], [-111.82662594206, 40.6377067652438], [-111.826611145909, 40.6377372267957], [-111.826780118116, 40.637784663515], [-111.827204957465, 40.6379039375255], [-111.827266103091, 40.637778765625], [-111.827686496678, 40.6378967574094], [-111.827860391652, 40.6379319388122], [-111.828574952952, 40.6379316681861], [-111.828574928697, 40.6378545253864], [-111.828921632583, 40.6378546105962], [-111.829254232918, 40.6378550741377], [-111.82925431197, 40.6378550748193], [-111.829254312868, 40.6378550359637], [-111.829256325095, 40.6373384183625], [-111.830552224842, 40.6373390789142], [-111.830588398202, 40.6375192163678], [-111.830590356529, 40.6377130796467], [-111.830590358326, 40.6377131178208], [-111.830915097504, 40.637713567048], [-111.831503766205, 40.6377143755205], [-111.831700783815, 40.6377146972735], [-111.831920500954, 40.6377150572006], [-111.832098565009, 40.6377153475963], [-111.832243948355, 40.6377155841392], [-111.832235454784, 40.6377302934298], [-111.832729782413, 40.6378959673444], [-111.832890880886, 40.6378961875264], [-111.834138636324, 40.6378978780884], [-111.834343422565, 40.6378981534864], [-111.834366661981, 40.6379998338909], [-111.83436705724, 40.6380015619424], [-111.834368129828, 40.6380062532443], [-111.834409560129, 40.638113928143], [-111.834430066871, 40.6381673047147], [-111.834430030938, 40.6381673128948], [-111.834484666474, 40.6383095429605], [-111.834489806634, 40.6383223229832], [-111.834477817718, 40.638473009546], [-111.834474548749, 40.6385141068757], [-111.833034547551, 40.6385181048813], [-111.832656548158, 40.6385191055756], [-111.832248547729, 40.6385211049191], [-111.832159548939, 40.6385251056509], [-111.832074546753, 40.6385281063701], [-111.831434548317, 40.6385421058614], [-111.830855547286, 40.638536105106], [-111.829933546123, 40.6385421051798], [-111.828803547242, 40.6385211049191], [-111.828531547255, 40.6385251056509], [-111.828096547961, 40.638511106156], [-111.827456545931, 40.6384931059245], [-111.827203548008, 40.6384981053077], [-111.826399547744, 40.6385021067225], [-111.825492545751, 40.6384971052947], [-111.824718546522, 40.6385081067994], [-111.822559544552, 40.6385081061177], [-111.820094544954, 40.6384901065672], [-111.819731543833, 40.6384951066322], [-111.819339545992, 40.6384951059505], [-111.818922544444, 40.6384951059505], [-111.818297545178, 40.6384951052688], [-111.817574545105, 40.6384901072489], [-111.817165544851, 40.6384731077068], [-111.816132544258, 40.6384841064887], [-111.815513512501, 40.6384805706549], [-111.815082544845, 40.6384781064097], [-111.814207545334, 40.6384291064259], [-111.813754542903, 40.6380861055319], [-111.813439544157, 40.6378481073817], [-111.813387544278, 40.6378081064636], [-111.813259543333, 40.6377791071464], [-111.813230543021, 40.6377721076619], [-111.813197542511, 40.6377641074711], [-111.812903543681, 40.6376981065421], [-111.812315544225, 40.6378701078764], [-111.811975543568, 40.6379701073071], [-111.811879543309, 40.6379981072026], [-111.811772542281, 40.6380291064646], [-111.81152454438, 40.638100107161], [-111.811243544173, 40.6381821079769], [-111.811070543022, 40.6382441063156], [-111.810775545266, 40.6382101064202], [-111.810517543726, 40.6381811079592], [-111.810351542248, 40.6381621083026], [-111.80979154328, 40.6381001078427], [-111.809664543957, 40.6380861068953], [-111.809453543171, 40.6379751060477], [-111.809288542416, 40.6378881082758], [-111.808910542125, 40.6376641070502], [-111.808794541774, 40.6375831063063], [-111.808665542801, 40.6375231074088], [-111.808626542443, 40.6375031068554]]]}, "properties": {"PrecinctID": "HOL023", "VistaID": "HOL023", "CountyID": 18, "SubPrecinctID": null, "AliasName": null, "VersionNbr": null}}, {"type": "Feature", "geometry": {"type": "Polygon", "coordinates": [[[-111.805370506169, 40.6687314274841], [-111.805370546593, 40.6687271110479], [-111.805381545565, 40.6676231114508], [-111.805383546113, 40.6674361106626], [-111.805382546289, 40.6643721109983], [-111.805386545588, 40.6643111099824], [-111.805467546677, 40.6632101104846], [-111.805482544949, 40.6630081108162], [-111.805547545247, 40.66259011043], [-111.805575545734, 40.6624171097744], [-111.805649544456, 40.6618481097154], [-111.805761545507, 40.6611401094217], [-111.80582354633, 40.6608241102607], [-111.80583680726, 40.6607562384003], [-111.80584054515, 40.6607371109254], [-111.805961544625, 40.6601241102387], [-111.80599554496, 40.6599511093202], [-111.806146545471, 40.6593171111005], [-111.80615217701, 40.6592904455876], [-111.806480789724, 40.6592901409751], [-111.806517302647, 40.6592901075836], [-111.807386782909, 40.6592892966465], [-111.808295696517, 40.6592869135819], [-111.80871201265, 40.6593400585613], [-111.808908936835, 40.659289475189], [-111.809215519265, 40.6592781656826], [-111.80922067829, 40.6593741137945], [-111.809221122058, 40.6593778447816], [-111.809241314389, 40.6595477247506], [-111.80928855679, 40.659648632112], [-111.809301363172, 40.659675985752], [-111.809335353626, 40.6597485914168], [-111.809387300504, 40.6598595478757], [-111.80939803627, 40.659882480158], [-111.809405011688, 40.6598973767332], [-111.809409389178, 40.6599067317263], [-111.809409904811, 40.6599101444448], [-111.809431049357, 40.6600506299983], [-111.809451718693, 40.6601879444666], [-111.809465388357, 40.6602787654062], [-111.809469787407, 40.6603079811887], [-111.809482357532, 40.660391495475], [-111.809540358157, 40.660481633327], [-111.809683131897, 40.6607035102307], [-111.809684798271, 40.6607060990412], [-111.809841780664, 40.6609500607614], [-111.809846539938, 40.6609574571406], [-111.809977737089, 40.6611613383438], [-111.810149852501, 40.6614288148236], [-111.810269268246, 40.6616143837229], [-111.810281480843, 40.6616333671632], [-111.81027995191, 40.6616140845725], [-111.810440205967, 40.6616095721034], [-111.810509516381, 40.6616076211521], [-111.81071453798, 40.6616018487072], [-111.810865207013, 40.661597606086], [-111.811200191477, 40.6615881750092], [-111.811247910883, 40.6615868312169], [-111.811527960673, 40.6615789449549], [-111.811590097141, 40.6615771957078], [-111.811855734361, 40.6615697142177], [-111.811986308979, 40.6615660371867], [-111.812327590633, 40.6615564255249], [-111.812328491644, 40.6615563989488], [-111.81242702605, 40.66155103468], [-111.812477440403, 40.6620689067752], [-111.812668964814, 40.6632275221174], [-111.812658388949, 40.6633109905004], [-111.812658847988, 40.663411011096], [-111.812713088265, 40.6642335881466], [-111.812744181651, 40.6643399962415], [-111.812767505509, 40.6644198129335], [-111.812850632013, 40.6646405476492], [-111.813054469632, 40.6649151962456], [-111.813233493987, 40.6651236518559], [-111.813739425155, 40.6655133236798], [-111.813903960582, 40.6656747169274], [-111.814152517235, 40.6658733240435], [-111.813733073167, 40.6659809989544], [-111.81314325642, 40.6660217672678], [-111.812758810716, 40.6661212748], [-111.81228370344, 40.6663375094514], [-111.81185138382, 40.6666266420709], [-111.811578674164, 40.6670075166634], [-111.81135630969, 40.666938827986], [-111.811168606712, 40.6667220276916], [-111.810930299836, 40.6664467739692], [-111.810569445689, 40.6666462318797], [-111.810479707585, 40.6667922721898], [-111.81039548873, 40.6669950044655], [-111.810332387472, 40.6671490985984], [-111.810216119423, 40.6673114581694], [-111.810003854708, 40.6674335023533], [-111.809739090651, 40.6675683105155], [-111.809356529612, 40.6677996615014], [-111.808612741625, 40.6682478084051], [-111.808235786074, 40.668492425269], [-111.808079883456, 40.6686609240661], [-111.807873651827, 40.6687157016185], [-111.80762463883, 40.6687488526656], [-111.807204571332, 40.6687553855744], [-111.806156545517, 40.6687285350971], [-111.805370506169, 40.6687314274841]]]}, "properties": {"PrecinctID": "HOL030", "VistaID": "HOL030", "CountyID": 18, "SubPrecinctID": null, "AliasName": null, "VersionNbr": null}}, {"type": "Feature", "geometry": {"type": "Polygon", "coordinates": [[[-111.827686496678, 40.6378967574094], [-111.827266103091, 40.637778765625], [-111.827204957465, 40.6379039375255], [-111.826780118116, 40.637784663515], [-111.826611145909, 40.6377372267957], [-111.82662594206, 40.6377067652438], [-111.826159461306, 40.6375821914899], [-111.825998589208, 40.6377450068072], [-111.825922848653, 40.6378216821017], [-111.82588181451, 40.6377600385257], [-111.825691677097, 40.6377600862433], [-111.825435548544, 40.6377601503212], [-111.825215517894, 40.6377602055372], [-111.825141714107, 40.6377602239426], [-111.825110614431, 40.6377602321227], [-111.824847625445, 40.637760297564], [-111.824847623649, 40.637761037868], [-111.824616081986, 40.6377616779652], [-111.82461653833, 40.6378574654662], [-111.824072736885, 40.6378567142564], [-111.8238637088, 40.6378564293147], [-111.823864386129, 40.6375633900322], [-111.824615143247, 40.6375644289149], [-111.824741717667, 40.6375642564495], [-111.824740692689, 40.6373373978817], [-111.82474000458, 40.6371929679912], [-111.824740248921, 40.6365035241891], [-111.824741823668, 40.6359582334616], [-111.824624820797, 40.6359587079234], [-111.824614014963, 40.6359586936077], [-111.824585257195, 40.6359586540692], [-111.823957418355, 40.635957814899], [-111.823868189596, 40.6359576949202], [-111.823556494854, 40.6359572770393], [-111.823245846649, 40.6359568591584], [-111.822853087935, 40.6359563301608], [-111.822671992964, 40.6359560854311], [-111.822384213171, 40.635955654598], [-111.822311802671, 40.6359555455263], [-111.822070796358, 40.6359551835447], [-111.821771828947, 40.635954733624], [-111.821594703631, 40.6359544684434], [-111.821594329932, 40.6361233773238], [-111.821433265594, 40.6362089499252], [-111.821275067781, 40.6362929981477], [-111.820882654919, 40.6365014804752], [-111.820493274769, 40.6365015391007], [-111.82045739426, 40.636501545236], [-111.820457381684, 40.6365265490286], [-111.820457372701, 40.6365457618387], [-111.820421469734, 40.6365457447964], [-111.819720867355, 40.6365454175842], [-111.819720916763, 40.6366411802444], [-111.819720803575, 40.6370825294133], [-111.819785670023, 40.6370836739649], [-111.820138574081, 40.6370898977625], [-111.820633832365, 40.6370986315286], [-111.820652758072, 40.6370989648732], [-111.820687887589, 40.6370995838444], [-111.820687814826, 40.6371325154218], [-111.820994399951, 40.6371328910308], [-111.821155979022, 40.6371330873563], [-111.821675163036, 40.6371337185976], [-111.82169319941, 40.6371292787766], [-111.821691924701, 40.6376060435184], [-111.821980099752, 40.6376065329654], [-111.821980320738, 40.6374967897059], [-111.822611162646, 40.6374978585838], [-111.822772800108, 40.6374981319384], [-111.823061047025, 40.6374985204973], [-111.82309707935, 40.6374985668517], [-111.82309656731, 40.6377281284144], [-111.823096552039, 40.6377349336247], [-111.823096298714, 40.6378485300225], [-111.823096283442, 40.6378553952083], [-111.823096139712, 40.6379192930053], [-111.822591740171, 40.6379185642916], [-111.822519772541, 40.6379184606765], [-111.822519927949, 40.6378543760988], [-111.821979499678, 40.6378535942133], [-111.821979452067, 40.637873414017], [-111.821673190336, 40.6378729838779], [-111.821673181352, 40.6378757112733], [-111.821250426095, 40.6378751168497], [-111.821176561222, 40.6378750139162], [-111.821173571629, 40.6377672500138], [-111.821065473758, 40.637767098681], [-111.82068627152, 40.6377665635625], [-111.820687784283, 40.6371471035008], [-111.820138554318, 40.6371480824017], [-111.820138477961, 40.6375514612847], [-111.820138454605, 40.6376612528536], [-111.820138447419, 40.6376887013993], [-111.820102415993, 40.6376886966275], [-111.819922269642, 40.6376886686786], [-111.819662839781, 40.6376886427748], [-111.81966284607, 40.637661194229], [-111.819662870324, 40.6375514019783], [-111.819662934104, 40.6372546870761], [-111.819662934104, 40.6372546489017], [-111.818236207312, 40.6372544668919], [-111.818236761573, 40.6348857005264], [-111.818233939066, 40.6342813505381], [-111.81840854371, 40.6342921059567], [-111.81860054333, 40.6342991064877], [-111.818919544071, 40.6343111053513], [-111.819286544492, 40.634325105727], [-111.819660558061, 40.6343387775133], [-111.819669544807, 40.6343391060997], [-111.820387544857, 40.6343671061547], [-111.820532543724, 40.6343731059215], [-111.820755546001, 40.6343771062202], [-111.821549544423, 40.6343901051442], [-111.82232354455, 40.6344031061108], [-111.823931545078, 40.6343721058467], [-111.824485546894, 40.6343621057805], [-111.824726545122, 40.6343641045668], [-111.824732135338, 40.6343641331988], [-111.825314546374, 40.634367105473], [-111.82686054608, 40.6343781056131], [-111.827079548159, 40.6343741059962], [-111.827588545277, 40.6343651053233], [-111.827667546717, 40.6343591055559], [-111.827706546177, 40.6343551059378], [-111.827823545454, 40.6343471060192], [-111.827863545637, 40.6343441057939], [-111.827919546612, 40.6343391067814], [-111.828087545943, 40.6343261058024], [-111.828144546743, 40.6343221048189], [-111.828513598018, 40.6342698247796], [-111.829464546493, 40.6341351047604], [-111.830010656608, 40.6340094935846], [-111.830890546548, 40.6338071055511], [-111.831913547095, 40.6335131049901], [-111.832668546955, 40.6333371043409], [-111.833255547484, 40.6331771047116], [-111.833782548637, 40.6330241046819], [-111.833889547869, 40.6329941052365], [-111.83412259421, 40.6329437432239], [-111.834123797054, 40.6329434828035], [-111.834140351208, 40.6330825601015], [-111.834155019799, 40.6332057842531], [-111.834159467358, 40.6332431435146], [-111.834199467541, 40.63352314336], [-111.834222468005, 40.6337581437238], [-111.83424046665, 40.6341451430368], [-111.8342424663, 40.634178142198], [-111.834259467815, 40.6344471434491], [-111.834261466567, 40.634494143483], [-111.834267466414, 40.6346351433862], [-111.834270466787, 40.6346831433577], [-111.834268966601, 40.6348250604428], [-111.834265323932, 40.6368816933564], [-111.834266152179, 40.6372154840558], [-111.834277467358, 40.6375351452305], [-111.834276334583, 40.6376306883332], [-111.834296791018, 40.6377294522368], [-111.834330774286, 40.6378428168731], [-111.834334224715, 40.6378579126474], [-111.834343422565, 40.6378981534864], [-111.834138636324, 40.6378978780884], [-111.832890880886, 40.6378961875264], [-111.832729782413, 40.6378959673444], [-111.832235454784, 40.6377302934298], [-111.832243948355, 40.6377155841392], [-111.832098565009, 40.6377153475963], [-111.831920500954, 40.6377150572006], [-111.831700783815, 40.6377146972735], [-111.831503766205, 40.6377143755205], [-111.830915097504, 40.637713567048], [-111.830590358326, 40.6377131178208], [-111.830590356529, 40.6377130796467], [-111.830588398202, 40.6375192163678], [-111.830552224842, 40.6373390789142], [-111.829256325095, 40.6373384183625], [-111.829254312868, 40.6378550359637], [-111.82925431197, 40.6378550748193], [-111.829254232918, 40.6378550741377], [-111.828921632583, 40.6378546105962], [-111.828574928697, 40.6378545253864], [-111.828574952952, 40.6379316681861], [-111.827860391652, 40.6379319388122], [-111.827686496678, 40.6378967574094]]]}, "properties": {"PrecinctID": "HOL020", "VistaID": "HOL020", "CountyID": 18, "SubPrecinctID": null, "AliasName": null, "VersionNbr": null}}, {"type": "Feature", "geometry": {"type": "Polygon", "coordinates": [[[-111.834045506182, 40.6870941236986], [-111.834043554143, 40.6870941114375], [-111.833825553685, 40.6870911108589], [-111.833171554107, 40.6870821111659], [-111.832954554372, 40.6870791119492], [-111.832540554095, 40.687080111234], [-111.832418554795, 40.6870801105528], [-111.831869087675, 40.6870825655101], [-111.831298554163, 40.6870851124261], [-111.831121118928, 40.6870864005293], [-111.830885553711, 40.6870881116426], [-111.830674027411, 40.6870881123237], [-111.830643553862, 40.6870881123237], [-111.830635159106, 40.6870881463825], [-111.829917553416, 40.6870911122212], [-111.829676553391, 40.6870931107905], [-111.829648553802, 40.6870911115401], [-111.829565553063, 40.6870881123237], [-111.829538552401, 40.6870881109614], [-111.82933355326, 40.6870881116426], [-111.828720554588, 40.6870881116426], [-111.828516553475, 40.6870891122896], [-111.827159553017, 40.6870981106192], [-111.826114552728, 40.687096111369], [-111.824503723405, 40.6870841131414], [-111.824503552725, 40.687084111779], [-111.824493382, 40.6870842057812], [-111.824494255162, 40.6870018481829], [-111.824508082929, 40.6856972420235], [-111.824518584235, 40.6847079453558], [-111.824531393313, 40.6835836173446], [-111.824627989155, 40.6835828659683], [-111.824653227323, 40.6835828625622], [-111.824997938745, 40.6835828250956], [-111.825345999087, 40.6835827849041], [-111.825695389834, 40.6835827440314], [-111.826027576944, 40.6835827038399], [-111.8263271606, 40.6835826670546], [-111.826606724401, 40.683582632994], [-111.826871894497, 40.6835825982522], [-111.826745656945, 40.683610798358], [-111.826354534962, 40.683843387297], [-111.826355740501, 40.6841671132907], [-111.827238991037, 40.6838822039267], [-111.82743461536, 40.6838436631866], [-111.827526710643, 40.6838528567802], [-111.827546123236, 40.6838547927753], [-111.827642295074, 40.6838643923677], [-111.827852995822, 40.6839389935238], [-111.827921790603, 40.6839620905529], [-111.827953958375, 40.6839615374123], [-111.828195058113, 40.6839573888579], [-111.828319883513, 40.6839438675657], [-111.82835345625, 40.6839402292348], [-111.828538101364, 40.6838736786027], [-111.828663553788, 40.683835608573], [-111.828728410355, 40.6838159264015], [-111.828834195065, 40.6838141545766], [-111.828882784938, 40.6838456986385], [-111.829014741165, 40.683940875701], [-111.829415516444, 40.6837371888012], [-111.829637327556, 40.6836244552787], [-111.829661777003, 40.6836120286255], [-111.829676638731, 40.6836186724778], [-111.829975338445, 40.6838936536768], [-111.830028595066, 40.6838933941365], [-111.830276911869, 40.6838921802232], [-111.830547320041, 40.6838908586791], [-111.83064051576, 40.6838910821155], [-111.830730069709, 40.6838912966961], [-111.831193783652, 40.6838891699636], [-111.831253274581, 40.6838888961179], [-111.83161871373, 40.6838872148957], [-111.83191070752, 40.6838858715527], [-111.831979248976, 40.6838855547908], [-111.831997275469, 40.6838854730458], [-111.832210219311, 40.6838844914245], [-111.832208005862, 40.6838578261976], [-111.832235511378, 40.6838549501346], [-111.832293949482, 40.6838488403734], [-111.832352032751, 40.6838377359884], [-111.832361633945, 40.6838837945483], [-111.832375858768, 40.6838837284711], [-111.832393885261, 40.6838836467261], [-111.832586327751, 40.6838827597927], [-111.83277280902, 40.6838818994265], [-111.832824290571, 40.6838816623659], [-111.833169525711, 40.6838800690194], [-111.833322062341, 40.6838793646499], [-111.833374702719, 40.6838791214585], [-111.833566124723, 40.6838755887113], [-111.83396274709, 40.6838681642196], [-111.834068577614, 40.6838740764285], [-111.834066806136, 40.683512849653], [-111.834063089806, 40.6831953331666], [-111.834142483809, 40.6831923065264], [-111.834177818142, 40.6831916559656], [-111.83465392165, 40.6831828941715], [-111.834788256615, 40.6831804227213], [-111.834860342824, 40.6831790950321], [-111.834985644331, 40.6831767312139], [-111.835133354313, 40.6831739464044], [-111.83530405398, 40.6831717106545], [-111.835628907245, 40.6831674564625], [-111.835751360194, 40.6831658521994], [-111.836136989878, 40.683160969926], [-111.836137027607, 40.6830136582102], [-111.836137175829, 40.6824537245305], [-111.836137276441, 40.6820720355408], [-111.836134314695, 40.6820280309919], [-111.836442784485, 40.681891433864], [-111.83681971668, 40.6816614949149], [-111.837046712868, 40.6815004946015], [-111.837225078757, 40.6814323876399], [-111.837223558808, 40.6815094848297], [-111.837240584578, 40.6818125809062], [-111.837249142827, 40.6819649186521], [-111.837266015883, 40.682265276177], [-111.837266034748, 40.6822656413136], [-111.837266960013, 40.6822820956188], [-111.837440140826, 40.6822832564259], [-111.837693631026, 40.6822849554004], [-111.837712199203, 40.6822850780209], [-111.837957863281, 40.6822867238598], [-111.838120096326, 40.6822878104132], [-111.838215741751, 40.6822884507645], [-111.838215746243, 40.6822719794302], [-111.838506890226, 40.6822722512389], [-111.838508101155, 40.6822722532826], [-111.838799746399, 40.6822725250913], [-111.838870010824, 40.6822725904889], [-111.839090462784, 40.6822727955376], [-111.839382290386, 40.6822730659838], [-111.839641880147, 40.682273305775], [-111.839944739958, 40.6822735857584], [-111.840366866395, 40.6822739733753], [-111.840381937431, 40.6822739876811], [-111.840867266636, 40.6822744325209], [-111.841175135453, 40.6822747138668], [-111.841212165806, 40.6822747458844], [-111.841721499792, 40.6822752118421], [-111.841721513267, 40.6822634913676], [-111.841722001951, 40.6818666528005], [-111.841722129511, 40.6817637244656], [-111.841672953038, 40.6815126096439], [-111.84163467223, 40.6813171473632], [-111.841597457723, 40.6811271153275], [-111.841561307719, 40.6809425122208], [-111.841526747734, 40.6807660535121], [-111.841502827394, 40.6806438893074], [-111.841534262141, 40.6805882413895], [-111.841604626279, 40.6804636816073], [-111.841648265537, 40.6803864265217], [-111.841705028283, 40.6803292067572], [-111.842938645137, 40.6804472077783], [-111.842994196056, 40.6804525207964], [-111.842997554857, 40.6804711098845], [-111.843008555626, 40.6805191095878], [-111.843044556509, 40.6806651092961], [-111.843056556205, 40.680714110965], [-111.84309055654, 40.6808531098306], [-111.843118555231, 40.6809651095782], [-111.843202555795, 40.6812681086697], [-111.843241556153, 40.6814071104675], [-111.843362556526, 40.6818991099493], [-111.843409555484, 40.6820881090881], [-111.843807555867, 40.6833531092885], [-111.843836555281, 40.6834451112401], [-111.843964557124, 40.6838361092616], [-111.844049555716, 40.6840791103363], [-111.844304556883, 40.6848091096072], [-111.844390557097, 40.6850531098557], [-111.844417556861, 40.6851271095479], [-111.844499555978, 40.6853491094939], [-111.844527556466, 40.6854241088483], [-111.84463955572, 40.6857591110649], [-111.844978558349, 40.6867661095961], [-111.845068480607, 40.6870334922315], [-111.845091558327, 40.687102110482], [-111.845090068022, 40.6871021098008], [-111.845035556454, 40.6871021098008], [-111.84503549986, 40.6871021098008], [-111.844869556772, 40.6871021111631], [-111.844814556521, 40.6871021098008], [-111.844570557022, 40.6871011105163], [-111.843839556552, 40.6871011098351], [-111.843683556917, 40.6871011098351], [-111.84359655598, 40.6871011105163], [-111.843507556291, 40.6871011098351], [-111.843242556876, 40.6871011098351], [-111.843154557012, 40.6871011098351], [-111.842488555942, 40.6871011105163], [-111.8404935558, 40.6871031111288], [-111.840363557002, 40.6871031104476], [-111.839829556176, 40.6871051096977], [-111.839573556083, 40.6871051096977], [-111.839258553744, 40.6871051103788], [-111.838807556352, 40.6871001098695], [-111.838552555185, 40.6870981106192], [-111.83837655456, 40.6870971106535], [-111.837850555028, 40.6870971099724], [-111.837675555126, 40.6870971099724], [-111.837468554539, 40.6870951100409], [-111.836850556742, 40.6870911115401], [-111.836644554183, 40.6870901102119], [-111.836437555392, 40.6870921115059], [-111.835819554901, 40.6871001105506], [-111.835613555037, 40.6871041110944], [-111.835298554494, 40.6871021111631], [-111.834356554138, 40.687096111369], [-111.834045506182, 40.6870941236986]]]}, "properties": {"PrecinctID": "HOL001", "VistaID": "HOL001", "CountyID": 18, "SubPrecinctID": null, "AliasName": null, "VersionNbr": null}}, {"type": "Feature", "geometry": {"type": "Polygon", "coordinates": [[[-111.815058682896, 40.6752992508702], [-111.815007548994, 40.6752971102377], [-111.814531548792, 40.6752831116441], [-111.814121547815, 40.6752721121144], [-111.813127548479, 40.675234112796], [-111.813103548189, 40.6752321111459], [-111.812630150408, 40.6752071954351], [-111.812630046203, 40.6752071893034], [-111.81262854961, 40.6752071116356], [-111.812463547957, 40.6752011100894], [-111.81197154876, 40.6751851111867], [-111.811807547831, 40.6751801104643], [-111.81147154827, 40.6751681107728], [-111.811138548184, 40.675158111369], [-111.810895547611, 40.6751441113836], [-111.810466548164, 40.6751161127665], [-111.810132548253, 40.6750951124333], [-111.810052547888, 40.6750921113146], [-111.809814548236, 40.6750831120453], [-111.809735548593, 40.6750801109261], [-111.809716915738, 40.675079138032], [-111.80968113584, 40.6750084887144], [-111.8094182825, 40.6744895098233], [-111.809031489498, 40.6738927710132], [-111.808853857532, 40.6735323540539], [-111.808650289407, 40.6732020793676], [-111.80871808616, 40.6731927780195], [-111.809030425893, 40.6731158660681], [-111.809358509499, 40.6730350745962], [-111.809339836219, 40.6729623702954], [-111.809612326686, 40.6729143249531], [-111.809848256619, 40.6728727248725], [-111.809892296526, 40.6729646970032], [-111.810063874745, 40.6729222793696], [-111.810373401853, 40.6728519718336], [-111.81038421667, 40.6728482654465], [-111.810641320793, 40.6727601603394], [-111.810909237936, 40.6726683494001], [-111.811177156877, 40.6725765369718], [-111.811445073122, 40.6724847237357], [-111.811712987571, 40.6723929124172], [-111.811980902917, 40.6723010968842], [-111.812248819163, 40.6722092825875], [-111.812516730018, 40.6721174681644], [-111.812784644467, 40.6720256515708], [-111.813061727121, 40.6719306925544], [-111.813031410777, 40.6718706591291], [-111.813201776271, 40.6718256319807], [-111.813420484601, 40.6717615949524], [-111.81363048107, 40.6715868977184], [-111.813554806991, 40.6714923768569], [-111.81380313637, 40.6714177706285], [-111.813827597495, 40.6714104210588], [-111.814045758751, 40.671344875834], [-111.814066636497, 40.6713386041308], [-111.814263922703, 40.6712793298634], [-111.814483696436, 40.6712133014412], [-111.814530107895, 40.6711993571785], [-111.814578730108, 40.6711847479269], [-111.814672550156, 40.671156560279], [-111.81497813366, 40.671064747813], [-111.81499354336, 40.6710601174302], [-111.815232341614, 40.6709883709843], [-111.815435480344, 40.6709273371837], [-111.815483603992, 40.6709128770861], [-111.815512177604, 40.670901548429], [-111.815499222101, 40.6708892999593], [-111.815143376959, 40.6705529379938], [-111.815306597253, 40.6705131385976], [-111.816123017625, 40.6702748370614], [-111.8164858831, 40.6701515546159], [-111.816902510051, 40.6700345274166], [-111.816968395189, 40.6700122179719], [-111.817623787156, 40.6703932646869], [-111.817803564299, 40.6705250778058], [-111.818339703115, 40.6703604748896], [-111.819215924334, 40.6700738474283], [-111.81946787572, 40.6699914231617], [-111.819901558983, 40.6698579444457], [-111.820135596166, 40.6701519859096], [-111.820829356975, 40.6708806442001], [-111.821134615288, 40.6711402340446], [-111.82142013492, 40.6714788189696], [-111.821790257885, 40.6718079459718], [-111.822111907757, 40.6721318823518], [-111.822320468719, 40.6723252015398], [-111.822619593335, 40.6727029394797], [-111.822894930563, 40.6741604280791], [-111.822973199875, 40.6743498797443], [-111.822982237825, 40.6743717551086], [-111.823009552, 40.6744101126037], [-111.822950550652, 40.6744301102716], [-111.822627550612, 40.6745371098204], [-111.822385549864, 40.6746191108292], [-111.821776548695, 40.6748051104006], [-111.821655550118, 40.6748431106448], [-111.821516551099, 40.6748861095683], [-111.821325550405, 40.6749221121947], [-111.821263551379, 40.6749291105079], [-111.821189549963, 40.6749301106562], [-111.820982551172, 40.6749551109517], [-111.820364550681, 40.6750301111007], [-111.820158549918, 40.6750561115051], [-111.820009549955, 40.6750751108771], [-111.819834550053, 40.6750971113623], [-111.819754549687, 40.6751081109209], [-111.819402549335, 40.6751651117013], [-111.819070549972, 40.6752201101013], [-111.818745549384, 40.6752741117193], [-111.818347550797, 40.6753231098567], [-111.817994549721, 40.6753681114792], [-111.817730046176, 40.6753712079669], [-111.817396549321, 40.6753751104269], [-111.81724947894, 40.6753768531803], [-111.816974549547, 40.6753801118159], [-111.81560454867, 40.6753221110769], [-111.815058682896, 40.6752992508702]]]}, "properties": {"PrecinctID": "HOL029", "VistaID": "HOL029", "CountyID": 18, "SubPrecinctID": null, "AliasName": null, "VersionNbr": null}}, {"type": "Feature", "geometry": {"type": "Polygon", "coordinates": [[[-111.811623280908, 40.6870341700018], [-111.811625996515, 40.6869518348205], [-111.811626892135, 40.6869247730133], [-111.811626876864, 40.686894528052], [-111.811626792422, 40.6867279206498], [-111.811626749303, 40.6866428085997], [-111.811626698099, 40.6865411696236], [-111.811626632522, 40.6864091497557], [-111.811626602878, 40.6863490401329], [-111.811626528318, 40.6862006891637], [-111.811626502267, 40.6861514204167], [-111.811626423215, 40.6859922279197], [-111.81162640435, 40.6859538014769], [-111.811626309129, 40.6857616702928], [-111.811625870751, 40.6856805848855], [-111.811776676328, 40.6856770386101], [-111.811776740108, 40.684950830173], [-111.811250762136, 40.6849531298958], [-111.811249101151, 40.6848827137942], [-111.811248953827, 40.6846603880432], [-111.81124888286, 40.6845522514683], [-111.811248811894, 40.684444101775], [-111.811248666366, 40.684221788185], [-111.811248601688, 40.6840845381888], [-111.811248459754, 40.6838622193122], [-111.811248391482, 40.6837540841671], [-111.811248320515, 40.6836459365847], [-111.811248178581, 40.6834236298693], [-111.811248109411, 40.6832863864041], [-111.811247967477, 40.6830640607779], [-111.811247897409, 40.6829559236566], [-111.81124782734, 40.6828477754604], [-111.811247687203, 40.6826254592707], [-111.811251682011, 40.6825484260441], [-111.811748371311, 40.6825503355095], [-111.811766609806, 40.6823604589025], [-111.811765724966, 40.6821672989268], [-111.811765482421, 40.6821142014303], [-111.811770888482, 40.682035082376], [-111.811737962532, 40.6819942734421], [-111.811735208297, 40.6819908237049], [-111.811605814964, 40.6819215039764], [-111.811524494074, 40.681862760939], [-111.811455905906, 40.6818286333979], [-111.811352923042, 40.6817630875155], [-111.811268035841, 40.6817125885917], [-111.811201066436, 40.6816538085838], [-111.811023314994, 40.6814954132861], [-111.81158901557, 40.6811344038772], [-111.811871371335, 40.6810347354957], [-111.811625900395, 40.6808433612944], [-111.81097896966, 40.680374621922], [-111.810805788847, 40.6801422695336], [-111.810765780579, 40.6799553474545], [-111.810646044135, 40.6797253779829], [-111.810524679943, 40.6795495938985], [-111.810467481514, 40.6794667977999], [-111.810633112886, 40.6793563494769], [-111.810808612251, 40.6792918775468], [-111.812742102052, 40.6792343768466], [-111.813230624768, 40.6792372190463], [-111.813228363708, 40.6791805780446], [-111.813228394251, 40.6791614020346], [-111.813228664644, 40.6789784046606], [-111.813228673627, 40.6789722460831], [-111.81322893863, 40.6787938085473], [-111.813228988936, 40.678761469107], [-111.813229017682, 40.6786348103493], [-111.813229025766, 40.6786085279355], [-111.813229039241, 40.6785417757761], [-111.813229065292, 40.6784319499584], [-111.813229089547, 40.6783300402614], [-111.813248780618, 40.678331226344], [-111.81325498618, 40.6782811587866], [-111.813265146126, 40.6782815110009], [-111.81327538692, 40.6782818577651], [-111.813277120668, 40.6782652232995], [-111.813276877225, 40.6782498505343], [-111.813315112218, 40.6782503199266], [-111.813318872566, 40.678227998243], [-111.813332677876, 40.67822781907], [-111.813352481236, 40.6781423977702], [-111.813396360344, 40.6779531251553], [-111.81340261711, 40.6779261434904], [-111.813457535615, 40.6776892623299], [-111.813453959422, 40.6774573161586], [-111.813455252996, 40.6772240733924], [-111.813455333844, 40.6772091146034], [-111.813456542977, 40.6769907746267], [-111.813433256848, 40.6769587994774], [-111.813336246882, 40.6768255935954], [-111.81329561159, 40.6767346705138], [-111.813202620687, 40.6765268023568], [-111.81317011964, 40.6764616940958], [-111.812837395337, 40.676551541122], [-111.812761599086, 40.676572008233], [-111.812880572861, 40.6768999621377], [-111.812773003199, 40.6769282611312], [-111.812486423555, 40.6770026159334], [-111.812453693438, 40.6770207127378], [-111.812401712424, 40.6770494538297], [-111.812242238105, 40.6771376295718], [-111.812154815858, 40.6771859675449], [-111.812109192221, 40.6772111938596], [-111.811883272216, 40.6772419848297], [-111.81165088973, 40.6772736559941], [-111.811514756337, 40.6772922098611], [-111.81125539385, 40.6773285531884], [-111.811074845952, 40.6773162568476], [-111.810754070141, 40.6773157022893], [-111.810660361483, 40.6773155415083], [-111.81066053396, 40.6772017356959], [-111.810660695657, 40.6770960539272], [-111.810660847472, 40.6769959148754], [-111.81066102983, 40.6768764716067], [-111.810661289443, 40.6767063094415], [-111.810661288545, 40.6765688429915], [-111.810661288545, 40.6764225038886], [-111.810661288545, 40.6763767740027], [-111.810661286748, 40.6761847065044], [-111.810661287647, 40.6759926364089], [-111.810661287647, 40.6758005684851], [-111.81066128585, 40.6756085000081], [-111.810899322332, 40.6756037466268], [-111.811039903284, 40.675600938337], [-111.811152387629, 40.675598692795], [-111.811405452028, 40.6755936369189], [-111.811491975061, 40.6755919091595], [-111.811658518223, 40.6755885824049], [-111.811781840742, 40.6755861181675], [-111.811929673793, 40.6755831647614], [-111.812089826341, 40.6755799654082], [-111.812218887297, 40.6755773860319], [-111.812508133141, 40.675571605258], [-111.812608149768, 40.6755684188489], [-111.81262597414, 40.6752757584127], [-111.812630150408, 40.6752071954351], [-111.813103548189, 40.6752321111459], [-111.813127548479, 40.675234112796], [-111.814121547815, 40.6752721121144], [-111.814531548792, 40.6752831116441], [-111.815007548994, 40.6752971102377], [-111.815058682896, 40.6752992508702], [-111.815058799677, 40.6753050868527], [-111.815029140001, 40.6760321463932], [-111.815009599847, 40.6776297239244], [-111.81500898001, 40.6776803315384], [-111.815004866624, 40.6780166807117], [-111.814987241678, 40.679007753272], [-111.81498208984, 40.6799829298403], [-111.814999308747, 40.6805716354303], [-111.814972169744, 40.6809875407058], [-111.814997778917, 40.6812855530556], [-111.814980559111, 40.6817566567032], [-111.814982483302, 40.6821724830561], [-111.814974659874, 40.6825699458453], [-111.814983303464, 40.6833942300675], [-111.814954016589, 40.684156036207], [-111.814963980702, 40.6849692817672], [-111.814972487748, 40.6856703268439], [-111.814973591777, 40.6857531057003], [-111.814991700915, 40.6870794886394], [-111.814991745831, 40.6870899746579], [-111.814965604856, 40.6870900809213], [-111.814965504245, 40.6870900802401], [-111.814957550561, 40.6870901122554], [-111.81468055145, 40.6870851131073], [-111.814630551222, 40.6870851131073], [-111.813649550507, 40.687072112868], [-111.813323550094, 40.6870681123223], [-111.813071549301, 40.6870641124576], [-111.81231755196, 40.6870541127946], [-111.812066549195, 40.6870511128954], [-111.811920549605, 40.6870451124155], [-111.811623280908, 40.6870341700018]]]}, "properties": {"PrecinctID": "HOL028", "VistaID": "HOL028", "CountyID": 18, "SubPrecinctID": null, "AliasName": null, "VersionNbr": null}}, {"type": "Feature", "geometry": {"type": "Polygon", "coordinates": [[[-111.822491871766, 40.666575406006], [-111.823019188228, 40.6662008270254], [-111.824381915446, 40.665420298734], [-111.824662403614, 40.6652798135874], [-111.825776902963, 40.6645334954236], [-111.825725815772, 40.6644631504237], [-111.825639370893, 40.6643859326725], [-111.825936459028, 40.6642249015415], [-111.825864518347, 40.6641510462731], [-111.825647110777, 40.6639089040478], [-111.82550045901, 40.6637455644968], [-111.825732032114, 40.6636229425378], [-111.825424736422, 40.6634379577498], [-111.82531409003, 40.6633713505353], [-111.825170203278, 40.6632847695064], [-111.825029695987, 40.6632002176332], [-111.824859834449, 40.6631517925203], [-111.824675231556, 40.6630991650504], [-111.824586138443, 40.6630737644041], [-111.824354526711, 40.6630077367157], [-111.824312442437, 40.6629957375594], [-111.823982677184, 40.6629017230833], [-111.823874612551, 40.6628757111253], [-111.824117528681, 40.6624152637865], [-111.823543064142, 40.6623073930003], [-111.823415690221, 40.6622834755237], [-111.823441908451, 40.6622020290205], [-111.823706336538, 40.6618429710246], [-111.823847863416, 40.661650796925], [-111.823988980663, 40.6614591735547], [-111.824028750877, 40.6614063519023], [-111.824132548513, 40.661268489339], [-111.824249692419, 40.6611129008476], [-111.824276080431, 40.661077852279], [-111.824457849139, 40.6608364287234], [-111.824479721319, 40.6608073794447], [-111.824572114843, 40.6606846634962], [-111.824644691531, 40.6605882654704], [-111.824667768353, 40.6605576140023], [-111.82470976549, 40.6605018334731], [-111.824770599401, 40.660421034896], [-111.825173383314, 40.6599536075267], [-111.825178229725, 40.6599479848584], [-111.82514411171, 40.6598367150778], [-111.825168951026, 40.659795091847], [-111.825438031488, 40.6593441957], [-111.825488768335, 40.6592591747574], [-111.825641616681, 40.6590030461535], [-111.826258040629, 40.6591207244254], [-111.826412218481, 40.6591501567384], [-111.826789640258, 40.6592222034966], [-111.826831488275, 40.6592301929378], [-111.826693242943, 40.6594271762481], [-111.827079211291, 40.6599604806606], [-111.827068732443, 40.6599600874623], [-111.827478712759, 40.6605154290274], [-111.827513302389, 40.6604959771146], [-111.827863060547, 40.6609869751863], [-111.828124850282, 40.6613544740005], [-111.828370488308, 40.6616939392797], [-111.828720364145, 40.6619549849902], [-111.828993759215, 40.6621588406572], [-111.829096954082, 40.6622357870521], [-111.829163511159, 40.6622923763503], [-111.829625745577, 40.6616691091411], [-111.829946347115, 40.6611539440315], [-111.830128434725, 40.6610041713823], [-111.830302714179, 40.6609243553731], [-111.83104287387, 40.6611552523976], [-111.831735344699, 40.6613789662628], [-111.831846542656, 40.6614148910025], [-111.831940799286, 40.6612449973897], [-111.832042722138, 40.6611101587286], [-111.832055109906, 40.6610927847038], [-111.832083428397, 40.6610471226701], [-111.832123502241, 40.6609959184354], [-111.832126702939, 40.6609923653952], [-111.832136803596, 40.6609781988894], [-111.832276010126, 40.6608021922912], [-111.832472843581, 40.6606322821261], [-111.832571232461, 40.6605567424319], [-111.832677999029, 40.6604843046013], [-111.832846363974, 40.6603897911723], [-111.833018931239, 40.6603140426801], [-111.833281423456, 40.6602898014816], [-111.834806935285, 40.6603671466358], [-111.835022844465, 40.6603330810064], [-111.835206672112, 40.6603040785284], [-111.835344552728, 40.6604971069543], [-111.836361551631, 40.661460108487], [-111.836391903009, 40.6614884767257], [-111.836866552144, 40.6619321079349], [-111.837165550997, 40.6622121080502], [-111.8384105522, 40.6633191096029], [-111.838542554241, 40.6634371080225], [-111.838635551433, 40.6635361069859], [-111.838737552438, 40.6636761079123], [-111.838836552173, 40.6638241083385], [-111.838849552591, 40.6638491073467], [-111.838916552538, 40.6639801082111], [-111.838974553163, 40.6641541078483], [-111.839006553848, 40.6642481082937], [-111.839183552502, 40.6649531080927], [-111.839207552792, 40.6651191082798], [-111.839220551414, 40.6652021088998], [-111.839233552731, 40.6654491081963], [-111.839237552929, 40.6655371084888], [-111.839252552099, 40.6658011073069], [-111.8392566574, 40.665874141033], [-111.839075928043, 40.6658681781675], [-111.839004510181, 40.6658658219122], [-111.838127572106, 40.6658648522906], [-111.835958059846, 40.6658624217633], [-111.834435847529, 40.6658606944332], [-111.833757967138, 40.6658322640031], [-111.832768830382, 40.6658407248579], [-111.83243720382, 40.6658109220936], [-111.831621772494, 40.6658564295969], [-111.831337150279, 40.6658858344077], [-111.830478205459, 40.6662051109186], [-111.830284508023, 40.6662676337867], [-111.829904677863, 40.6664008335066], [-111.829920376821, 40.6664913713882], [-111.829924174898, 40.6665049555008], [-111.829965396789, 40.6666523820564], [-111.83001793925, 40.6668403015018], [-111.830035304583, 40.6669024074501], [-111.830070488898, 40.6670282463102], [-111.830106328983, 40.6671564254709], [-111.830123033155, 40.6672161653779], [-111.830175583701, 40.6674041104898], [-111.830188876073, 40.667451652177], [-111.830228128857, 40.6675920305424], [-111.830271424959, 40.6677468789389], [-111.830280679403, 40.6677799759578], [-111.830333375476, 40.6679684325531], [-111.830353973845, 40.6680421037125], [-111.830386377874, 40.6681579903898], [-111.830436524528, 40.6683373299047], [-111.830439674022, 40.6683485949489], [-111.830490178205, 40.668529214918], [-111.830493330394, 40.6685404894689], [-111.830519074313, 40.6686325547898], [-111.830523070918, 40.668646847085], [-111.830545651869, 40.6687376524185], [-111.830597991311, 40.6689481197234], [-111.830599939757, 40.668955949924], [-111.83060067368, 40.6689589070304], [-111.830648313136, 40.6691504795556], [-111.830650331651, 40.6691585884082], [-111.830673897156, 40.6692533517345], [-111.830677443704, 40.669267618005], [-111.830679864664, 40.6692774820207], [-111.8307030403, 40.6693717873064], [-111.830755438132, 40.6695850236788], [-111.830775193882, 40.6696654255086], [-111.830745469528, 40.6696612038409], [-111.830678510005, 40.6696516928233], [-111.829911814978, 40.6695449702409], [-111.829857471395, 40.6695389620528], [-111.82982351328, 40.6697440455036], [-111.829859003022, 40.6697626818656], [-111.830214187004, 40.6699491896454], [-111.830261360234, 40.669965789393], [-111.830241336787, 40.6699964930897], [-111.830209280406, 40.6700182036328], [-111.830199419599, 40.6700248829076], [-111.830015370069, 40.6701495357795], [-111.82994804583, 40.6701951329856], [-111.829810368233, 40.6702883808852], [-111.829833282459, 40.6703080547867], [-111.829929794758, 40.6703909222184], [-111.829853539469, 40.6704173720762], [-111.829775288122, 40.6704401978454], [-111.829695342554, 40.6704593102734], [-111.829628922918, 40.6704721297895], [-111.82956174241, 40.670482386082], [-111.829482948481, 40.6704910868617], [-111.829444750319, 40.6704940248224], [-111.829205689757, 40.6705098436129], [-111.829180720185, 40.6705114951934], [-111.829173160862, 40.670511995982], [-111.82917003203, 40.6705122017482], [-111.829000954721, 40.6705215934078], [-111.828929040989, 40.6705255874518], [-111.828851203766, 40.6705299112665], [-111.828746937209, 40.6705367642329], [-111.828567363086, 40.6705485637611], [-111.828488604192, 40.6705537406178], [-111.828313601594, 40.6705660129961], [-111.828148544246, 40.6705775869942], [-111.827880262386, 40.6705952147338], [-111.827408042296, 40.6706262424604], [-111.827396430672, 40.6706270055656], [-111.827332555964, 40.670633777442], [-111.827325766497, 40.6710716545502], [-111.827240848753, 40.671209349], [-111.827355427071, 40.671317558321], [-111.827431195474, 40.6714061150159], [-111.828477337521, 40.6723769312364], [-111.828629169872, 40.6725244510974], [-111.828854353259, 40.6726924048678], [-111.829209227323, 40.6730651378023], [-111.829424549005, 40.6733250693389], [-111.829548600057, 40.673586354995], [-111.829603431425, 40.6739509249277], [-111.829652925004, 40.6741734247049], [-111.829668115516, 40.6742417094097], [-111.829654552752, 40.6742421100182], [-111.82907555172, 40.6742291099992], [-111.828777550896, 40.6742231097275], [-111.827533552212, 40.6742271096816], [-111.826929551067, 40.6742291093179], [-111.826835550457, 40.6742291106805], [-111.826397551687, 40.6742311103167], [-111.825118551047, 40.674217110818], [-111.825052550925, 40.6742161113403], [-111.824515550624, 40.6742111105452], [-111.824510280209, 40.6742107017609], [-111.82432255028, 40.6741961102016], [-111.824260552153, 40.6742001101573], [-111.823896550308, 40.6742241092051], [-111.823504550671, 40.6743001103341], [-111.823390737718, 40.6743224169816], [-111.823376489539, 40.6742543531028], [-111.823364692863, 40.6741979987858], [-111.82330972495, 40.6738509426226], [-111.823320203798, 40.6738504595732], [-111.82330974112, 40.6737865232797], [-111.82328745302, 40.6736503405349], [-111.823254669902, 40.673450430741], [-111.823232380903, 40.6733142452658], [-111.823221951462, 40.6732505155785], [-111.823229735364, 40.6732501565244], [-111.823533505169, 40.6732360982264], [-111.823498168141, 40.6730556095559], [-111.823490985212, 40.6730189184702], [-111.823450507125, 40.6728121731284], [-111.823448585629, 40.6728023457456], [-111.823422345839, 40.6728035598607], [-111.823150706077, 40.6728161309251], [-111.823131239585, 40.6728170316321], [-111.823084834414, 40.6725800021854], [-111.823104300906, 40.6725791048818], [-111.823314303663, 40.6725694348505], [-111.823403324911, 40.6725653353236], [-111.823553330089, 40.6725584260158], [-111.823593186542, 40.6725565912099], [-111.82359128391, 40.6725486803545], [-111.823528742302, 40.6722877939776], [-111.823699182355, 40.6722850877471], [-111.823676056127, 40.6721889524468], [-111.823670943814, 40.6721902163101], [-111.823633159775, 40.6721324546677], [-111.823660698529, 40.672131335245], [-111.823618453456, 40.6720665551802], [-111.823600921036, 40.6720731845127], [-111.823572483069, 40.6720275259085], [-111.823525156227, 40.6719515385409], [-111.823532614939, 40.6719489086057], [-111.823498892183, 40.6718934823568], [-111.823474794875, 40.6718540925596], [-111.82342768273, 40.6717770795895], [-111.823722628384, 40.6717634311429], [-111.823720555073, 40.6717374485318], [-111.823712048925, 40.6716309125663], [-111.823702898686, 40.6715162828551], [-111.823702819634, 40.6715152703916], [-111.823681841277, 40.6715162412937], [-111.823542040961, 40.6712642586826], [-111.823419411043, 40.6710432222536], [-111.823411916399, 40.6708983100148], [-111.823412785968, 40.6708555660666], [-111.823416971219, 40.670650140593], [-111.82337529478, 40.6706635964473], [-111.823374842029, 40.670661529251], [-111.823304837217, 40.670342831417], [-111.823299423969, 40.6703181823298], [-111.823251701868, 40.6701009487818], [-111.82323460064, 40.6700439191434], [-111.824283730484, 40.6696759708191], [-111.824579072295, 40.6696530330463], [-111.824616011019, 40.6690601640006], [-111.824619788435, 40.6689995563295], [-111.824630442454, 40.6688285543819], [-111.824607865096, 40.6687093199685], [-111.824509088144, 40.6685240440364], [-111.824309586693, 40.6683374913887], [-111.824045152317, 40.6681278050501], [-111.822781361951, 40.6668721418204], [-111.822666326391, 40.6667552553634], [-111.822491871766, 40.666575406006]]]}, "properties": {"PrecinctID": "HOL009", "VistaID": "HOL009", "CountyID": 18, "SubPrecinctID": null, "AliasName": null, "VersionNbr": null}}, {"type": "Feature", "geometry": {"type": "Polygon", "coordinates": [[[-111.806649881407, 40.6749475526129], [-111.806641547736, 40.674947111812], [-111.806547546228, 40.6749431119011], [-111.806491547948, 40.6749401114568], [-111.806355547505, 40.674932111634], [-111.806326547193, 40.6749311114857], [-111.806271546942, 40.6749281110409], [-111.805999547853, 40.6749121120727], [-111.805456546807, 40.6748811129112], [-111.805183546097, 40.6748691118034], [-111.804912545935, 40.6748581115241], [-111.804641546672, 40.6748431120074], [-111.803830547633, 40.6747981120745], [-111.803791547275, 40.6747961117739], [-111.803562546048, 40.6747651111959], [-111.803513546543, 40.6747581115029], [-111.803369545704, 40.6747381118895], [-111.803321546024, 40.6747321109823], [-111.803148544873, 40.6746781123318], [-111.802883127741, 40.6745956058685], [-111.802807546188, 40.6745721118004], [-111.802715547025, 40.6745311123016], [-111.802639547755, 40.6744971111362], [-111.802474546102, 40.6744241113807], [-111.802503533838, 40.6743864277047], [-111.803274546168, 40.6733841108217], [-111.803449546969, 40.6731581125678], [-111.803564546596, 40.6730041120345], [-111.804288545596, 40.6720361127045], [-111.804904546438, 40.6710471113401], [-111.805091546035, 40.6706821112731], [-111.805254546242, 40.6700261113816], [-111.805362546197, 40.6695961120414], [-111.805370506169, 40.6687314274841], [-111.806156545517, 40.6687285350971], [-111.807204571332, 40.6687553855744], [-111.80762463883, 40.6687488526656], [-111.807873651827, 40.6687157016185], [-111.808079883456, 40.6686609240661], [-111.808235786074, 40.668492425269], [-111.808612741625, 40.6682478084051], [-111.809356529612, 40.6677996615014], [-111.809739090651, 40.6675683105155], [-111.810003854708, 40.6674335023533], [-111.810216119423, 40.6673114581694], [-111.810332387472, 40.6671490985984], [-111.81039548873, 40.6669950044655], [-111.810479707585, 40.6667922721898], [-111.810569445689, 40.6666462318797], [-111.810930299836, 40.6664467739692], [-111.811168606712, 40.6667220276916], [-111.81135630969, 40.666938827986], [-111.811578674164, 40.6670075166634], [-111.81185138382, 40.6666266420709], [-111.81228370344, 40.6663375094514], [-111.812758810716, 40.6661212748], [-111.81314325642, 40.6660217672678], [-111.813733073167, 40.6659809989544], [-111.814152517235, 40.6658733240435], [-111.814720619007, 40.6663139327512], [-111.815030875546, 40.666977668768], [-111.815368655568, 40.6675429558607], [-111.815461200009, 40.6677539693092], [-111.815485093399, 40.6678084478026], [-111.815852678623, 40.668783010069], [-111.816053622769, 40.6690652367248], [-111.816193121251, 40.6691728410718], [-111.81670379193, 40.6698583743786], [-111.816968395189, 40.6700122179719], [-111.816902510051, 40.6700345274166], [-111.8164858831, 40.6701515546159], [-111.816123017625, 40.6702748370614], [-111.815306597253, 40.6705131385976], [-111.815143376959, 40.6705529379938], [-111.815499222101, 40.6708892999593], [-111.815512177604, 40.670901548429], [-111.815483603992, 40.6709128770861], [-111.815435480344, 40.6709273371837], [-111.815232341614, 40.6709883709843], [-111.81499354336, 40.6710601174302], [-111.81497813366, 40.671064747813], [-111.814672550156, 40.671156560279], [-111.814578730108, 40.6711847479269], [-111.814530107895, 40.6711993571785], [-111.814483696436, 40.6712133014412], [-111.814263922703, 40.6712793298634], [-111.814066636497, 40.6713386041308], [-111.814045758751, 40.671344875834], [-111.813827597495, 40.6714104210588], [-111.81380313637, 40.6714177706285], [-111.813554806991, 40.6714923768569], [-111.81363048107, 40.6715868977184], [-111.813420484601, 40.6717615949524], [-111.813201776271, 40.6718256319807], [-111.813031410777, 40.6718706591291], [-111.813061727121, 40.6719306925544], [-111.812784644467, 40.6720256515708], [-111.812516730018, 40.6721174681644], [-111.812248819163, 40.6722092825875], [-111.811980902917, 40.6723010968842], [-111.811712987571, 40.6723929124172], [-111.811445073122, 40.6724847237357], [-111.811177156877, 40.6725765369718], [-111.810909237936, 40.6726683494001], [-111.810641320793, 40.6727601603394], [-111.81038421667, 40.6728482654465], [-111.810373401853, 40.6728519718336], [-111.810063874745, 40.6729222793696], [-111.809892296526, 40.6729646970032], [-111.809848256619, 40.6728727248725], [-111.809612326686, 40.6729143249531], [-111.809339836219, 40.6729623702954], [-111.809358509499, 40.6730350745962], [-111.809030425893, 40.6731158660681], [-111.80871808616, 40.6731927780195], [-111.808650289407, 40.6732020793676], [-111.808853857532, 40.6735323540539], [-111.809031489498, 40.6738927710132], [-111.8094182825, 40.6744895098233], [-111.80968113584, 40.6750084887144], [-111.809716915738, 40.675079138032], [-111.809601547801, 40.6750731112662], [-111.809199549016, 40.6750531110659], [-111.809065549122, 40.6750471108683], [-111.808856548885, 40.675037112809], [-111.808232547647, 40.6750071111276], [-111.808024548133, 40.6749981118468], [-111.807823547393, 40.6749921123256], [-111.807220546971, 40.674974111715], [-111.807019547129, 40.6749681115104], [-111.806924546695, 40.6749621126679], [-111.806661355588, 40.6749481616949], [-111.806649881407, 40.6749475526129]]]}, "properties": {"PrecinctID": "HOL012", "VistaID": "HOL012", "CountyID": 18, "SubPrecinctID": null, "AliasName": null, "VersionNbr": null}}, {"type": "Feature", "geometry": {"type": "Polygon", "coordinates": [[[-111.834261074901, 40.6742691013498], [-111.834260906018, 40.6742691033937], [-111.834260552082, 40.6742691102068], [-111.834072552659, 40.6742671105717], [-111.833510554041, 40.6742611089408], [-111.833323553545, 40.6742601101451], [-111.833053553208, 40.6742571103514], [-111.832717552749, 40.674254109195], [-111.832243553096, 40.6742531103992], [-111.831974552584, 40.6742531090365], [-111.830450551722, 40.6742411098596], [-111.830329553144, 40.6742371105877], [-111.830048550242, 40.6742301108393], [-111.829993551787, 40.6742321104755], [-111.829668115516, 40.6742417094097], [-111.829652925004, 40.6741734247049], [-111.829603431425, 40.6739509249277], [-111.829548600057, 40.673586354995], [-111.829424549005, 40.6733250693389], [-111.829209227323, 40.6730651378023], [-111.828854353259, 40.6726924048678], [-111.828629169872, 40.6725244510974], [-111.828477337521, 40.6723769312364], [-111.827431195474, 40.6714061150159], [-111.827355427071, 40.671317558321], [-111.827240848753, 40.671209349], [-111.827325766497, 40.6710716545502], [-111.827332555964, 40.670633777442], [-111.827396430672, 40.6706270055656], [-111.827408042296, 40.6706262424604], [-111.827880262386, 40.6705952147338], [-111.828148544246, 40.6705775869942], [-111.828313601594, 40.6705660129961], [-111.828488604192, 40.6705537406178], [-111.828567363086, 40.6705485637611], [-111.828746937209, 40.6705367642329], [-111.828851203766, 40.6705299112665], [-111.828929040989, 40.6705255874518], [-111.829000954721, 40.6705215934078], [-111.82917003203, 40.6705122017482], [-111.829173160862, 40.670511995982], [-111.829180720185, 40.6705114951934], [-111.829205689757, 40.6705098436129], [-111.829444750319, 40.6704940248224], [-111.829482948481, 40.6704910868617], [-111.82956174241, 40.670482386082], [-111.829628922918, 40.6704721297895], [-111.829695342554, 40.6704593102734], [-111.829775288122, 40.6704401978454], [-111.829853539469, 40.6704173720762], [-111.829929794758, 40.6703909222184], [-111.829833282459, 40.6703080547867], [-111.829810368233, 40.6702883808852], [-111.82994804583, 40.6701951329856], [-111.830015370069, 40.6701495357795], [-111.830199419599, 40.6700248829076], [-111.830209280406, 40.6700182036328], [-111.830241336787, 40.6699964930897], [-111.830261360234, 40.669965789393], [-111.830214187004, 40.6699491896454], [-111.829859003022, 40.6697626818656], [-111.82982351328, 40.6697440455036], [-111.829857471395, 40.6695389620528], [-111.829911814978, 40.6695449702409], [-111.830678510005, 40.6696516928233], [-111.830745469528, 40.6696612038409], [-111.830775193882, 40.6696654255086], [-111.830755438132, 40.6695850236788], [-111.8307030403, 40.6693717873064], [-111.830679864664, 40.6692774820207], [-111.830677443704, 40.669267618005], [-111.830673897156, 40.6692533517345], [-111.830650331651, 40.6691585884082], [-111.830648313136, 40.6691504795556], [-111.83060067368, 40.6689589070304], [-111.830599939757, 40.668955949924], [-111.830597991311, 40.6689481197234], [-111.830545651869, 40.6687376524185], [-111.830523070918, 40.668646847085], [-111.830519074313, 40.6686325547898], [-111.830493330394, 40.6685404894689], [-111.830490178205, 40.668529214918], [-111.830439674022, 40.6683485949489], [-111.830436524528, 40.6683373299047], [-111.830386377874, 40.6681579903898], [-111.830353973845, 40.6680421037125], [-111.830333375476, 40.6679684325531], [-111.830280679403, 40.6677799759578], [-111.830271424959, 40.6677468789389], [-111.830228128857, 40.6675920305424], [-111.830188876073, 40.667451652177], [-111.830175583701, 40.6674041104898], [-111.830123033155, 40.6672161653779], [-111.830106328983, 40.6671564254709], [-111.830070488898, 40.6670282463102], [-111.830035304583, 40.6669024074501], [-111.83001793925, 40.6668403015018], [-111.829965396789, 40.6666523820564], [-111.829924174898, 40.6665049555008], [-111.829920376821, 40.6664913713882], [-111.829904677863, 40.6664008335066], [-111.830284508023, 40.6662676337867], [-111.830478205459, 40.6662051109186], [-111.831337150279, 40.6658858344077], [-111.831621772494, 40.6658564295969], [-111.83243720382, 40.6658109220936], [-111.832768830382, 40.6658407248579], [-111.833757967138, 40.6658322640031], [-111.834435847529, 40.6658606944332], [-111.835958059846, 40.6658624217633], [-111.838127572106, 40.6658648522906], [-111.839004510181, 40.6658658219122], [-111.839075928043, 40.6658681781675], [-111.8392566574, 40.665874141033], [-111.83925755302, 40.6658901081002], [-111.839259327193, 40.6658901394442], [-111.839277947472, 40.6658904712823], [-111.839273727187, 40.6660276728828], [-111.839305273325, 40.6662915566485], [-111.839311832823, 40.6663464179137], [-111.839423085578, 40.6672770322307], [-111.839546207772, 40.6677556979531], [-111.839834130397, 40.6687073508281], [-111.840329056305, 40.6702180937378], [-111.840661804862, 40.6712342280499], [-111.840967795303, 40.6725901934279], [-111.8415897385, 40.6742386871321], [-111.841605379965, 40.6742801071768], [-111.841475553644, 40.6742781095859], [-111.841251555135, 40.6742751091117], [-111.841085553657, 40.6742731087955], [-111.840956553785, 40.67427211], [-111.840843554706, 40.6742701096837], [-111.840563554323, 40.6742671098904], [-111.840505553698, 40.6742671092091], [-111.840393552647, 40.6742661097322], [-111.840314553903, 40.6742661083696], [-111.840079553726, 40.6742681093673], [-111.840001553908, 40.6742691081629], [-111.839802553717, 40.6742701096837], [-111.839208555311, 40.6742741096349], [-111.839010554046, 40.6742761092698], [-111.838985553932, 40.6742761099511], [-111.838852554761, 40.6742741089536], [-111.838381553684, 40.6742681093673], [-111.838224554224, 40.6742671092091], [-111.837971553606, 40.6742671085278], [-111.837285553342, 40.6742671092091], [-111.837212554446, 40.674268108686], [-111.836960554551, 40.6742691088442], [-111.836844553301, 40.6742651082114], [-111.836496554943, 40.6742521102407], [-111.836380553694, 40.6742491090841], [-111.836182553327, 40.6742491104467], [-111.83593455363, 40.674251109401], [-111.835854553264, 40.674251109401], [-111.835588554024, 40.6742511100823], [-111.835391553482, 40.6742521102407], [-111.835164552803, 40.6742551093534], [-111.834486552936, 40.6742651088926], [-111.834261074901, 40.6742691013498]]]}, "properties": {"PrecinctID": "HOL008", "VistaID": "HOL008", "CountyID": 18, "SubPrecinctID": null, "AliasName": null, "VersionNbr": null}}, {"type": "Feature", "geometry": {"type": "Polygon", "coordinates": [[[-111.802685540599, 40.6458481091358], [-111.802676542175, 40.6454381081936], [-111.802677542898, 40.6453851082271], [-111.802700543363, 40.6453341087212], [-111.802769543858, 40.6452761084338], [-111.802828541613, 40.6452541090167], [-111.802916544171, 40.645236109922], [-111.80298554287, 40.645242108712], [-111.803068542711, 40.6452591092567], [-111.803211543724, 40.6453051085838], [-111.803630542227, 40.645432108058], [-111.803850543233, 40.6455271088915], [-111.80406954172, 40.6456371081808], [-111.804187541721, 40.6457211090899], [-111.804367542544, 40.6459091079502], [-111.804607542743, 40.6461711076322], [-111.804767544374, 40.646272109519], [-111.804915543613, 40.6463611091047], [-111.805083542945, 40.6464021082], [-111.805103543036, 40.6461571090592], [-111.805109543782, 40.6460281077564], [-111.805070544322, 40.645902107955], [-111.804881543278, 40.645534108926], [-111.804838542722, 40.6454491092359], [-111.804679541815, 40.6451331086851], [-111.804586543725, 40.6449441084042], [-111.804492543116, 40.6446211087409], [-111.804594543223, 40.6446181089772], [-111.804783544267, 40.6446061085581], [-111.805414544279, 40.6443961090541], [-111.805504543792, 40.6443811088208], [-111.805639542613, 40.6443941092049], [-111.805706543459, 40.6444071075417], [-111.805920543719, 40.6445291084304], [-111.806235542465, 40.6447021084425], [-111.806354543189, 40.6447681092626], [-111.806626543175, 40.6450141086464], [-111.806847544007, 40.6452281078993], [-111.8070465433, 40.6452911091476], [-111.807107543399, 40.6452901078732], [-111.80720754206, 40.645289107962], [-111.80746754325, 40.6452851083172], [-111.807519544925, 40.6452841090875], [-111.807674543837, 40.6452821079018], [-111.807946543824, 40.6452841084059], [-111.807933541608, 40.6459021086366], [-111.808362542852, 40.6458981090285], [-111.80835154388, 40.6460271078562], [-111.808337543636, 40.646210107731], [-111.808299544899, 40.64653910792], [-111.808261005377, 40.6469464261927], [-111.808241543376, 40.6471521093819], [-111.808220544358, 40.647522108787], [-111.808201544092, 40.6478591083058], [-111.80819954534, 40.6478781072471], [-111.808189544396, 40.6479701090751], [-111.8081855433, 40.6480211086115], [-111.808144545089, 40.6484531090945], [-111.808095543787, 40.6489031089809], [-111.808022698502, 40.6497369415989], [-111.808009154602, 40.6498919554898], [-111.808005563138, 40.6499330369288], [-111.807916197835, 40.6509558793165], [-111.807836192978, 40.6518789824763], [-111.807793144811, 40.6522194501181], [-111.807784455407, 40.6522881846226], [-111.807717401561, 40.6528185099073], [-111.807632136169, 40.6531427545662], [-111.807631993337, 40.6531427552477], [-111.807716544568, 40.652819108287], [-111.806584508308, 40.6526475584796], [-111.806596662514, 40.652543386911], [-111.806595353669, 40.6522528247284], [-111.806575773989, 40.6519974032378], [-111.806560247508, 40.6518233862022], [-111.806548461611, 40.6516619914723], [-111.806529273597, 40.651493597625], [-111.80649915578, 40.651353307374], [-111.806461397792, 40.6511540804395], [-111.806404934185, 40.6508931396771], [-111.806330067691, 40.6506378629222], [-111.806255311689, 40.6504078516332], [-111.806154664445, 40.6501568518117], [-111.806057844024, 40.649938127465], [-111.805942574003, 40.6497138368029], [-111.805834812102, 40.6495204070897], [-111.80555262522, 40.6490621324063], [-111.805115231016, 40.6485130204689], [-111.804185543867, 40.6474977518429], [-111.803000418073, 40.6461859915923], [-111.802777212776, 40.6459662570559], [-111.802713042522, 40.6458835528522], [-111.802685540599, 40.6458481091358]]]}, "properties": {"PrecinctID": "HOL021", "VistaID": "HOL021", "CountyID": 18, "SubPrecinctID": null, "AliasName": null, "VersionNbr": null}}, {"type": "Feature", "geometry": {"type": "Polygon", "coordinates": [[[-111.815580165698, 40.6870881130049], [-111.815574425464, 40.6870057717597], [-111.815572892938, 40.6869837683929], [-111.81557303038, 40.6867504663197], [-111.815573097754, 40.6866336766973], [-111.815566354999, 40.6865789629108], [-111.815559625719, 40.6865243703296], [-111.815531767166, 40.6862983246613], [-111.815525943388, 40.6862510682046], [-111.815503012992, 40.6860650086084], [-111.815500352182, 40.6860434224982], [-111.815472466679, 40.685817156537], [-111.815511126575, 40.6857377755333], [-111.81562288059, 40.6857333035244], [-111.815703761305, 40.6857264439457], [-111.815760985785, 40.6857196470358], [-111.815869164505, 40.6857061267824], [-111.815921398844, 40.6856955560785], [-111.815996460272, 40.685667189282], [-111.815955539316, 40.6855992350776], [-111.815826487343, 40.6852830432352], [-111.816073369535, 40.6851856725975], [-111.816285936983, 40.6850835511559], [-111.816024883866, 40.6848105619234], [-111.816080168884, 40.6845612126744], [-111.816119661519, 40.6845186729906], [-111.81612330778, 40.6844043324695], [-111.816279392756, 40.684192434376], [-111.81653121748, 40.6840287058114], [-111.816584236048, 40.6839286296269], [-111.816444606411, 40.6838916032398], [-111.816440572077, 40.6838801255597], [-111.816356729617, 40.6836414964523], [-111.816328780334, 40.6835619527725], [-111.816393700681, 40.6835322894026], [-111.816641012269, 40.6834192823671], [-111.816703592504, 40.683390685714], [-111.816796353439, 40.6833482971939], [-111.817023898497, 40.6833483748522], [-111.817229422254, 40.6833484429737], [-111.81731233945, 40.6833484709034], [-111.8176007822, 40.6833485662734], [-111.817600843285, 40.6832390263108], [-111.817600969049, 40.6830192060436], [-111.817594187667, 40.68294913532], [-111.818142087227, 40.6829547383375], [-111.818137725008, 40.682175564922], [-111.81816919928, 40.682074912362], [-111.818195197423, 40.681805744767], [-111.818272416605, 40.6817108957336], [-111.818360928508, 40.6815331794603], [-111.818341764748, 40.6813360475343], [-111.818384853339, 40.6808205186495], [-111.818374158896, 40.6800133659625], [-111.818357958678, 40.6794944287569], [-111.818377575189, 40.6792637600894], [-111.818706929911, 40.6790269824643], [-111.818837042795, 40.6788798939217], [-111.818828965144, 40.6786177903773], [-111.818691755569, 40.6782955968483], [-111.819797262782, 40.6780776773659], [-111.819677982682, 40.6777621317939], [-111.819584695335, 40.677782608071], [-111.819188560752, 40.677858068984], [-111.819147518524, 40.677865887238], [-111.819080746749, 40.677662700903], [-111.818894363395, 40.6777205524511], [-111.818786175692, 40.6775441826354], [-111.818782452175, 40.6775381152161], [-111.818681769897, 40.6773739819792], [-111.818665874208, 40.6773480683194], [-111.818544052774, 40.6771494667647], [-111.818592539341, 40.6771362888179], [-111.818468718257, 40.6769689518989], [-111.818330748708, 40.6767824889617], [-111.818192780955, 40.6765960268655], [-111.818054813202, 40.6764095649291], [-111.818043930112, 40.6763948566701], [-111.817916848144, 40.6762231011085], [-111.817902804781, 40.6762291039254], [-111.817733002531, 40.6760288094412], [-111.817512274788, 40.6757320925714], [-111.817452733552, 40.6756520543727], [-111.817309770268, 40.6755224574186], [-111.817283361596, 40.6754985174295], [-111.817268527715, 40.6754452545166], [-111.81724947894, 40.6753768531803], [-111.817396549321, 40.6753751104269], [-111.817730046176, 40.6753712079669], [-111.817994549721, 40.6753681114792], [-111.818347550797, 40.6753231098567], [-111.818745549384, 40.6752741117193], [-111.819070549972, 40.6752201101013], [-111.819402549335, 40.6751651117013], [-111.819754549687, 40.6751081109209], [-111.819834550053, 40.6750971113623], [-111.820009549955, 40.6750751108771], [-111.820158549918, 40.6750561115051], [-111.820364550681, 40.6750301111007], [-111.820982551172, 40.6749551109517], [-111.821189549963, 40.6749301106562], [-111.821263551379, 40.6749291105079], [-111.821325550405, 40.6749221121947], [-111.821516551099, 40.6748861095683], [-111.821655550118, 40.6748431106448], [-111.821776548695, 40.6748051104006], [-111.822385549864, 40.6746191108292], [-111.822627550612, 40.6745371098204], [-111.822950550652, 40.6744301102716], [-111.823009552, 40.6744101126037], [-111.823117551057, 40.6743761113766], [-111.8231925514, 40.6743611110701], [-111.823254551324, 40.6743491098687], [-111.823390737718, 40.6743224169816], [-111.823504550671, 40.6743001103341], [-111.823896550308, 40.6742241092051], [-111.824260552153, 40.6742001101573], [-111.82432255028, 40.6741961102016], [-111.824510280209, 40.6742107017609], [-111.824509542692, 40.6742795110335], [-111.824490678969, 40.6760381778413], [-111.824492818756, 40.6765927267311], [-111.824495188512, 40.6772115562988], [-111.824504917266, 40.678148593894], [-111.824522199954, 40.6784459690101], [-111.824515930612, 40.6793398494866], [-111.824529514935, 40.6799812090072], [-111.824529582309, 40.6800553730612], [-111.824530061111, 40.6805795664521], [-111.82451186304, 40.6811186897929], [-111.824508436866, 40.681262524585], [-111.824508440459, 40.6812935418975], [-111.824507608619, 40.682163362122], [-111.82453551658, 40.6832221035657], [-111.824531393313, 40.6835836173446], [-111.824518584235, 40.6847079453558], [-111.824508082929, 40.6856972420235], [-111.824494255162, 40.6870018481829], [-111.824493382, 40.6870842057812], [-111.824064552334, 40.6870881116426], [-111.822750552432, 40.6871021111631], [-111.822599551921, 40.6871041117756], [-111.822313552589, 40.6871001112318], [-111.822268552383, 40.6871011118787], [-111.821786552334, 40.6870991112661], [-111.821095552048, 40.6870971120159], [-111.82034055129, 40.6870961120501], [-111.819858551241, 40.6870951114032], [-111.819804551712, 40.6870941121186], [-111.819644550981, 40.6870931121528], [-111.819591552175, 40.6870931114717], [-111.819387551961, 40.6870901129366], [-111.818776551142, 40.687084111779], [-111.818573552549, 40.6870831118131], [-111.818210552326, 40.6870831118131], [-111.817849550855, 40.6870841131414], [-111.815680549736, 40.6870881136861], [-111.815580165698, 40.6870881130049]]]}, "properties": {"PrecinctID": "HOL004", "VistaID": "HOL004", "CountyID": 18, "SubPrecinctID": null, "AliasName": null, "VersionNbr": null}}, {"type": "Feature", "geometry": {"type": "Polygon", "coordinates": [[[-111.816968395189, 40.6700122179719], [-111.81670379193, 40.6698583743786], [-111.816193121251, 40.6691728410718], [-111.816053622769, 40.6690652367248], [-111.815852678623, 40.668783010069], [-111.815485093399, 40.6678084478026], [-111.815461200009, 40.6677539693092], [-111.815368655568, 40.6675429558607], [-111.815030875546, 40.666977668768], [-111.814720619007, 40.6663139327512], [-111.814152517235, 40.6658733240435], [-111.813903960582, 40.6656747169274], [-111.813739425155, 40.6655133236798], [-111.813233493987, 40.6651236518559], [-111.813054469632, 40.6649151962456], [-111.812850632013, 40.6646405476492], [-111.812767505509, 40.6644198129335], [-111.812744181651, 40.6643399962415], [-111.812713088265, 40.6642335881466], [-111.812658847988, 40.663411011096], [-111.812658388949, 40.6633109905004], [-111.812668964814, 40.6632275221174], [-111.812477440403, 40.6620689067752], [-111.81242702605, 40.66155103468], [-111.81240277064, 40.6613018819102], [-111.812215745889, 40.6599264161865], [-111.812174579693, 40.6592808417753], [-111.812367441696, 40.6592725327354], [-111.812623774166, 40.6592718505941], [-111.813421293983, 40.6592803756568], [-111.814995930184, 40.6592971872681], [-111.81552751544, 40.6593185980449], [-111.816662715566, 40.6593187254778], [-111.817064320888, 40.6593225287027], [-111.818084719016, 40.6593287722332], [-111.818435757273, 40.6593401171668], [-111.819135393962, 40.6593347077435], [-111.819146756752, 40.6610679005075], [-111.819149650226, 40.661509828877], [-111.81915182864, 40.661842520597], [-111.819177234793, 40.6626341591545], [-111.819223097382, 40.6631139886767], [-111.819252298018, 40.6633768059676], [-111.819332701728, 40.663581019121], [-111.819376261036, 40.6636617614014], [-111.819423413605, 40.6637398045024], [-111.819501948819, 40.6638840760966], [-111.819649551902, 40.6640453976501], [-111.819714342892, 40.6641179031616], [-111.819782587904, 40.6641894668861], [-111.819898588255, 40.6643294637154], [-111.820112092645, 40.6644954416055], [-111.820293288228, 40.6646362984072], [-111.820645887756, 40.6649429729208], [-111.820753116059, 40.6650350295801], [-111.82114707582, 40.6653732482491], [-111.821317977608, 40.6655199557079], [-111.82241228193, 40.6665038441602], [-111.822491871766, 40.666575406006], [-111.822666326391, 40.6667552553634], [-111.822781361951, 40.6668721418204], [-111.824045152317, 40.6681278050501], [-111.824309586693, 40.6683374913887], [-111.824509088144, 40.6685240440364], [-111.824607865096, 40.6687093199685], [-111.824630442454, 40.6688285543819], [-111.824619788435, 40.6689995563295], [-111.824616011019, 40.6690601640006], [-111.824579072295, 40.6696530330463], [-111.824283730484, 40.6696759708191], [-111.82323460064, 40.6700439191434], [-111.823251701868, 40.6701009487818], [-111.823299423969, 40.6703181823298], [-111.823304837217, 40.670342831417], [-111.823374842029, 40.670661529251], [-111.82337529478, 40.6706635964473], [-111.823416971219, 40.670650140593], [-111.823412785968, 40.6708555660666], [-111.823411916399, 40.6708983100148], [-111.823419411043, 40.6710432222536], [-111.823542040961, 40.6712642586826], [-111.823681841277, 40.6715162412937], [-111.823702819634, 40.6715152703916], [-111.823702898686, 40.6715162828551], [-111.823712048925, 40.6716309125663], [-111.823720555073, 40.6717374485318], [-111.823722628384, 40.6717634311429], [-111.82342768273, 40.6717770795895], [-111.823474794875, 40.6718540925596], [-111.823498892183, 40.6718934823568], [-111.823532614939, 40.6719489086057], [-111.823525156227, 40.6719515385409], [-111.823572483069, 40.6720275259085], [-111.823600921036, 40.6720731845127], [-111.823618453456, 40.6720665551802], [-111.823660698529, 40.672131335245], [-111.823633159775, 40.6721324546677], [-111.823670943814, 40.6721902163101], [-111.823676056127, 40.6721889524468], [-111.823699182355, 40.6722850877471], [-111.823528742302, 40.6722877939776], [-111.82359128391, 40.6725486803545], [-111.823593186542, 40.6725565912099], [-111.823553330089, 40.6725584260158], [-111.823403324911, 40.6725653353236], [-111.823314303663, 40.6725694348505], [-111.823104300906, 40.6725791048818], [-111.823084834414, 40.6725800021854], [-111.823131239585, 40.6728170316321], [-111.823150706077, 40.6728161309251], [-111.823422345839, 40.6728035598607], [-111.823448585629, 40.6728023457456], [-111.823450507125, 40.6728121731284], [-111.823490985212, 40.6730189184702], [-111.823498168141, 40.6730556095559], [-111.823533505169, 40.6732360982264], [-111.823229735364, 40.6732501565244], [-111.823221951462, 40.6732505155785], [-111.823232380903, 40.6733142452658], [-111.823254669902, 40.673450430741], [-111.82328745302, 40.6736503405349], [-111.82330974112, 40.6737865232797], [-111.823320203798, 40.6738504595732], [-111.82330972495, 40.6738509426226], [-111.823364692863, 40.6741979987858], [-111.823376489539, 40.6742543531028], [-111.823390737718, 40.6743224169816], [-111.823254551324, 40.6743491098687], [-111.8231925514, 40.6743611110701], [-111.823117551057, 40.6743761113766], [-111.823009552, 40.6744101126037], [-111.822982237825, 40.6743717551086], [-111.822973199875, 40.6743498797443], [-111.822894930563, 40.6741604280791], [-111.822619593335, 40.6727029394797], [-111.822320468719, 40.6723252015398], [-111.822111907757, 40.6721318823518], [-111.821790257885, 40.6718079459718], [-111.82142013492, 40.6714788189696], [-111.821134615288, 40.6711402340446], [-111.820829356975, 40.6708806442001], [-111.820135596166, 40.6701519859096], [-111.819901558983, 40.6698579444457], [-111.81946787572, 40.6699914231617], [-111.819215924334, 40.6700738474283], [-111.818339703115, 40.6703604748896], [-111.817803564299, 40.6705250778058], [-111.817623787156, 40.6703932646869], [-111.816968395189, 40.6700122179719]]]}, "properties": {"PrecinctID": "HOL010", "VistaID": "HOL010", "CountyID": 18, "SubPrecinctID": null, "AliasName": null, "VersionNbr": null}}, {"type": "Feature", "geometry": {"type": "Polygon", "coordinates": [[[-111.819252298018, 40.6633768059676], [-111.820563178072, 40.662396363703], [-111.821578074917, 40.6616701728618], [-111.821889678929, 40.6613433481513], [-111.822148679395, 40.6609292726657], [-111.822272536412, 40.6606268973396], [-111.822281595921, 40.6603327402818], [-111.822318479849, 40.6598317295592], [-111.822320813672, 40.6598000330737], [-111.822459715672, 40.6594634693447], [-111.822555508421, 40.6591726967431], [-111.823078362951, 40.6581131420093], [-111.823373287045, 40.6574660405756], [-111.8235223445, 40.6571902729808], [-111.824042961326, 40.6561615051836], [-111.824144463767, 40.6561766268005], [-111.824161348501, 40.6561434640523], [-111.824254203759, 40.655984823465], [-111.824266382219, 40.6559640167846], [-111.824788974441, 40.6559632078516], [-111.824899476204, 40.6559630374782], [-111.824899668443, 40.6560261846538], [-111.825015824203, 40.6560010211998], [-111.825186979315, 40.6560025402484], [-111.825214705817, 40.656002786949], [-111.825260111163, 40.6560031897115], [-111.825512151482, 40.6560610716369], [-111.825556434832, 40.6560744718263], [-111.825636163907, 40.6560986007473], [-111.825684142028, 40.6561131199393], [-111.825717905208, 40.656123335506], [-111.825745802389, 40.6561400484151], [-111.82596831239, 40.6562184594623], [-111.825965348848, 40.656222448911], [-111.826437419818, 40.6563876128312], [-111.826771255337, 40.6565036369746], [-111.826742894625, 40.6565417178412], [-111.826678877085, 40.6566276670249], [-111.826868993837, 40.6569264472516], [-111.826880918074, 40.6569451887363], [-111.826913213406, 40.6569369898059], [-111.827016647225, 40.6574947648814], [-111.827042050683, 40.6576692291664], [-111.827046942908, 40.6577028211675], [-111.827363101379, 40.6577838390646], [-111.827342823708, 40.6577995347971], [-111.827333615078, 40.6578262697348], [-111.827661784923, 40.6579104713277], [-111.827656235131, 40.6579132605999], [-111.827698461339, 40.6579231753611], [-111.827744446098, 40.6579393453663], [-111.827927477838, 40.6580037118707], [-111.828181283346, 40.6581603897905], [-111.828296339568, 40.6583092726921], [-111.828297721177, 40.6583103248813], [-111.828919075079, 40.6587836625255], [-111.828931022672, 40.6587927648513], [-111.82896615219, 40.6587672017393], [-111.82904816568, 40.6588151993498], [-111.829323886489, 40.6588988245391], [-111.829484270801, 40.6588914551902], [-111.829646069062, 40.6588601317002], [-111.82972926743, 40.6588195532267], [-111.829828843883, 40.6588072521096], [-111.829803923719, 40.658872339447], [-111.829993249953, 40.6589344521334], [-111.829993467345, 40.6589640153694], [-111.830241148141, 40.6589807841283], [-111.830243976935, 40.6589809749379], [-111.830235273159, 40.6590467387977], [-111.830252860375, 40.6590467728708], [-111.830331641727, 40.6592636028845], [-111.830498581047, 40.6594453745896], [-111.830736363306, 40.6596077351964], [-111.830818402847, 40.6596850661494], [-111.830818562747, 40.6596802550722], [-111.830826855096, 40.6596844623797], [-111.830839871684, 40.659691064322], [-111.831256841791, 40.6599025625942], [-111.831431287433, 40.6597793979469], [-111.831825050463, 40.6597802654388], [-111.832121043553, 40.6598180752606], [-111.832307671248, 40.6598721493198], [-111.832725843301, 40.6600980624435], [-111.832800655896, 40.6602082700886], [-111.832937426195, 40.6602639534159], [-111.832949382771, 40.6602688210113], [-111.833018931239, 40.6603140426801], [-111.832846363974, 40.6603897911723], [-111.832677999029, 40.6604843046013], [-111.832571232461, 40.6605567424319], [-111.832472843581, 40.6606322821261], [-111.832276010126, 40.6608021922912], [-111.832136803596, 40.6609781988894], [-111.832126702939, 40.6609923653952], [-111.832123502241, 40.6609959184354], [-111.832083428397, 40.6610471226701], [-111.832055109906, 40.6610927847038], [-111.832042722138, 40.6611101587286], [-111.831940799286, 40.6612449973897], [-111.831846542656, 40.6614148910025], [-111.831735344699, 40.6613789662628], [-111.83104287387, 40.6611552523976], [-111.830302714179, 40.6609243553731], [-111.830128434725, 40.6610041713823], [-111.829946347115, 40.6611539440315], [-111.829625745577, 40.6616691091411], [-111.829163511159, 40.6622923763503], [-111.829096954082, 40.6622357870521], [-111.828993759215, 40.6621588406572], [-111.828720364145, 40.6619549849902], [-111.828370488308, 40.6616939392797], [-111.828124850282, 40.6613544740005], [-111.827863060547, 40.6609869751863], [-111.827513302389, 40.6604959771146], [-111.827478712759, 40.6605154290274], [-111.827068732443, 40.6599600874623], [-111.827079211291, 40.6599604806606], [-111.826693242943, 40.6594271762481], [-111.826831488275, 40.6592301929378], [-111.826789640258, 40.6592222034966], [-111.826412218481, 40.6591501567384], [-111.826258040629, 40.6591207244254], [-111.825641616681, 40.6590030461535], [-111.825488768335, 40.6592591747574], [-111.825438031488, 40.6593441957], [-111.825168951026, 40.659795091847], [-111.82514411171, 40.6598367150778], [-111.825178229725, 40.6599479848584], [-111.825173383314, 40.6599536075267], [-111.824770599401, 40.660421034896], [-111.82470976549, 40.6605018334731], [-111.824667768353, 40.6605576140023], [-111.824644691531, 40.6605882654704], [-111.824572114843, 40.6606846634962], [-111.824479721319, 40.6608073794447], [-111.824457849139, 40.6608364287234], [-111.824276080431, 40.661077852279], [-111.824249692419, 40.6611129008476], [-111.824132548513, 40.661268489339], [-111.824028750877, 40.6614063519023], [-111.823988980663, 40.6614591735547], [-111.823847863416, 40.661650796925], [-111.823706336538, 40.6618429710246], [-111.823441908451, 40.6622020290205], [-111.823415690221, 40.6622834755237], [-111.823543064142, 40.6623073930003], [-111.824117528681, 40.6624152637865], [-111.823874612551, 40.6628757111253], [-111.823982677184, 40.6629017230833], [-111.824312442437, 40.6629957375594], [-111.824354526711, 40.6630077367157], [-111.824586138443, 40.6630737644041], [-111.824675231556, 40.6630991650504], [-111.824859834449, 40.6631517925203], [-111.825029695987, 40.6632002176332], [-111.825170203278, 40.6632847695064], [-111.82531409003, 40.6633713505353], [-111.825424736422, 40.6634379577498], [-111.825732032114, 40.6636229425378], [-111.82550045901, 40.6637455644968], [-111.825647110777, 40.6639089040478], [-111.825864518347, 40.6641510462731], [-111.825936459028, 40.6642249015415], [-111.825639370893, 40.6643859326725], [-111.825725815772, 40.6644631504237], [-111.825776902963, 40.6645334954236], [-111.824662403614, 40.6652798135874], [-111.824381915446, 40.665420298734], [-111.823019188228, 40.6662008270254], [-111.822491871766, 40.666575406006], [-111.82241228193, 40.6665038441602], [-111.821317977608, 40.6655199557079], [-111.82114707582, 40.6653732482491], [-111.820753116059, 40.6650350295801], [-111.820645887756, 40.6649429729208], [-111.820293288228, 40.6646362984072], [-111.820112092645, 40.6644954416055], [-111.819898588255, 40.6643294637154], [-111.819782587904, 40.6641894668861], [-111.819714342892, 40.6641179031616], [-111.819649551902, 40.6640453976501], [-111.819501948819, 40.6638840760966], [-111.819423413605, 40.6637398045024], [-111.819376261036, 40.6636617614014], [-111.819332701728, 40.663581019121], [-111.819252298018, 40.6633768059676]]]}, "properties": {"PrecinctID": "HOL025", "VistaID": "HOL025", "CountyID": 18, "SubPrecinctID": null, "AliasName": null, "VersionNbr": null}}, {"type": "Feature", "geometry": {"type": "Polygon", "coordinates": [[[-111.823096283442, 40.6378553952083], [-111.823096298714, 40.6378485300225], [-111.823096552039, 40.6377349336247], [-111.82309656731, 40.6377281284144], [-111.82309707935, 40.6374985668517], [-111.823061047025, 40.6374985204973], [-111.822772800108, 40.6374981319384], [-111.822611162646, 40.6374978585838], [-111.821980320738, 40.6374967897059], [-111.821980099752, 40.6376065329654], [-111.821691924701, 40.6376060435184], [-111.82169319941, 40.6371292787766], [-111.821675163036, 40.6371337185976], [-111.821155979022, 40.6371330873563], [-111.820994399951, 40.6371328910308], [-111.820687814826, 40.6371325154218], [-111.820687887589, 40.6370995838444], [-111.820652758072, 40.6370989648732], [-111.820633832365, 40.6370986315286], [-111.820138574081, 40.6370898977625], [-111.819785670023, 40.6370836739649], [-111.819720803575, 40.6370825294133], [-111.819720916763, 40.6366411802444], [-111.819720867355, 40.6365454175842], [-111.820421469734, 40.6365457447964], [-111.820457372701, 40.6365457618387], [-111.820457381684, 40.6365265490286], [-111.82045739426, 40.636501545236], [-111.820493274769, 40.6365015391007], [-111.820882654919, 40.6365014804752], [-111.821275067781, 40.6362929981477], [-111.821433265594, 40.6362089499252], [-111.821594329932, 40.6361233773238], [-111.821594703631, 40.6359544684434], [-111.821771828947, 40.635954733624], [-111.822070796358, 40.6359551835447], [-111.822311802671, 40.6359555455263], [-111.822384213171, 40.635955654598], [-111.822671992964, 40.6359560854311], [-111.822853087935, 40.6359563301608], [-111.823245846649, 40.6359568591584], [-111.823556494854, 40.6359572770393], [-111.823868189596, 40.6359576949202], [-111.823957418355, 40.635957814899], [-111.824585257195, 40.6359586540692], [-111.824614014963, 40.6359586936077], [-111.824624820797, 40.6359587079234], [-111.824741823668, 40.6359582334616], [-111.824740248921, 40.6365035241891], [-111.82474000458, 40.6371929679912], [-111.824740692689, 40.6373373978817], [-111.824741717667, 40.6375642564495], [-111.824615143247, 40.6375644289149], [-111.823864386129, 40.6375633900322], [-111.8238637088, 40.6378564293147], [-111.823643967406, 40.6378561286945], [-111.823622349449, 40.637856100064], [-111.823479978155, 40.637855909194], [-111.823463763564, 40.6378558873803], [-111.823168357074, 40.6378554899617], [-111.823096283442, 40.6378553952083]]]}, "properties": {"PrecinctID": "HOL026", "VistaID": "HOL026", "CountyID": 18, "SubPrecinctID": null, "AliasName": null, "VersionNbr": null}}, {"type": "Feature", "geometry": {"type": "Polygon", "coordinates": [[[-111.798369273101, 40.6870073064503], [-111.798368912877, 40.6869249521629], [-111.79836413384, 40.6858343006906], [-111.798200689865, 40.6858347155344], [-111.798090137796, 40.6852894784756], [-111.798013689369, 40.6832784216436], [-111.798452249586, 40.6813316951273], [-111.798399391816, 40.6812854992381], [-111.798349661082, 40.6812420330271], [-111.798400430269, 40.68104821446], [-111.798479876374, 40.6808388882758], [-111.798550445328, 40.6808958024077], [-111.798583043393, 40.680751098924], [-111.79872637319, 40.6803343808108], [-111.798849013887, 40.6800843117688], [-111.799004860809, 40.6798008067217], [-111.79925225055, 40.6794526229558], [-111.799698184139, 40.6788733109104], [-111.800000545385, 40.6784805015911], [-111.80170642455, 40.6761815283], [-111.801920426607, 40.6759025631224], [-111.802265344642, 40.6754282473562], [-111.802530990845, 40.6750702157477], [-111.802722261033, 40.674812425531], [-111.802838442844, 40.6746558344181], [-111.802883127741, 40.6745956058685], [-111.803148544873, 40.6746781123318], [-111.803321546024, 40.6747321109823], [-111.803369545704, 40.6747381118895], [-111.803513546543, 40.6747581115029], [-111.803562546048, 40.6747651111959], [-111.803791547275, 40.6747961117739], [-111.803830547633, 40.6747981120745], [-111.804641546672, 40.6748431120074], [-111.804912545935, 40.6748581115241], [-111.805183546097, 40.6748691118034], [-111.805456546807, 40.6748811129112], [-111.805999547853, 40.6749121120727], [-111.806271546942, 40.6749281110409], [-111.806326547193, 40.6749311114857], [-111.806355547505, 40.674932111634], [-111.806491547948, 40.6749401114568], [-111.806547546228, 40.6749431119011], [-111.806641547736, 40.674947111812], [-111.806649881407, 40.6749475526129], [-111.806649833796, 40.675016335917], [-111.806649711625, 40.6751951698593], [-111.806649597539, 40.6753603692375], [-111.806588318962, 40.6753606437995], [-111.806534387705, 40.6753608849782], [-111.806535352496, 40.6755218388037], [-111.806505220306, 40.6756135361257], [-111.806505219408, 40.6756155738727], [-111.806505085559, 40.675807707052], [-111.80650495171, 40.6759998389964], [-111.806504817861, 40.6761919731121], [-111.806504684911, 40.6763841059928], [-111.806504551062, 40.6765762376385], [-111.806504417213, 40.6767683700931], [-111.80650428516, 40.6769605026753], [-111.806502873907, 40.6770194530538], [-111.80599367377, 40.6770236688054], [-111.805995616826, 40.6778084479847], [-111.805980423619, 40.678246663572], [-111.806019553335, 40.6785621537119], [-111.805985809019, 40.678674392344], [-111.805930767445, 40.6790065433574], [-111.805759494653, 40.6792746581347], [-111.805607532046, 40.6794114145885], [-111.80552102159, 40.6796404436533], [-111.805469990095, 40.679805702185], [-111.805477258364, 40.6799471472651], [-111.806664682049, 40.6799390056621], [-111.807809186925, 40.6799589567092], [-111.807837754249, 40.6800274262377], [-111.807837369771, 40.6802193832031], [-111.807836183096, 40.6808150224072], [-111.807836110333, 40.6809456997355], [-111.807835886652, 40.6813460977853], [-111.807835777058, 40.6815433325477], [-111.807835651293, 40.6817691409257], [-111.808015925205, 40.6819366122595], [-111.807771211545, 40.6820081602677], [-111.807771508887, 40.6820725812035], [-111.807642951885, 40.6821071718537], [-111.807047446107, 40.6822850242041], [-111.807085634388, 40.6823560432086], [-111.807323816397, 40.6828277816799], [-111.807352883185, 40.682885352852], [-111.807374155291, 40.6829274828037], [-111.807384431119, 40.6829478328313], [-111.807405358272, 40.6829892801634], [-111.807213413449, 40.683021740853], [-111.807001314922, 40.6830576116983], [-111.806906068349, 40.6831472318456], [-111.80665660889, 40.6833819518759], [-111.806511468988, 40.6835185152946], [-111.806241690535, 40.6835548198044], [-111.806234533657, 40.6835557816755], [-111.80608566395, 40.6835758147479], [-111.805879381116, 40.6836035727505], [-111.805514024612, 40.6836527357497], [-111.805454142017, 40.6836607937914], [-111.805454018948, 40.6837578267332], [-111.805453912048, 40.683843168629], [-111.805453522179, 40.6841509026412], [-111.805453486247, 40.6841791174931], [-111.805453304787, 40.6843223945872], [-111.805417248208, 40.6843223877751], [-111.805416658015, 40.6847889720009], [-111.805416481945, 40.6849262076037], [-111.80541622862, 40.6851254760406], [-111.805415980685, 40.6853203542695], [-111.805451967195, 40.6853751542384], [-111.805451965399, 40.6853778735614], [-111.805451790227, 40.6855152360157], [-111.805451541394, 40.6857101131049], [-111.805451478512, 40.6857593481187], [-111.805451457851, 40.6857754030659], [-111.805451295256, 40.6859049896243], [-111.805451193746, 40.6859846313234], [-111.805451047321, 40.6860998689798], [-111.805450905387, 40.6862124450487], [-111.805450799386, 40.6862947443595], [-111.805450614333, 40.6864402586763], [-111.805450551451, 40.6864896225753], [-111.805450325075, 40.6866680708441], [-111.805450305312, 40.6866844995401], [-111.805450012461, 40.6869141520955], [-111.805450096903, 40.6869517721522], [-111.805450287346, 40.6870341134641], [-111.805358546897, 40.6870341134641], [-111.805052549271, 40.6870351127496], [-111.804951548988, 40.6870361127163], [-111.804337547797, 40.6870331141787], [-111.802497547465, 40.6870241131155], [-111.801884547895, 40.6870211138961], [-111.801528549141, 40.6870221131818], [-111.800461548213, 40.6870241137967], [-111.800106548385, 40.6870261137303], [-111.799917546443, 40.6870241137967], [-111.799715547675, 40.6870211125338], [-111.799617549562, 40.6870191139624], [-111.798545546815, 40.6870091129303], [-111.798369273101, 40.6870073064503]]]}, "properties": {"PrecinctID": "HOL007", "VistaID": "HOL007", "CountyID": 18, "SubPrecinctID": null, "AliasName": null, "VersionNbr": null}}, {"type": "Feature", "geometry": {"type": "Polygon", "coordinates": [[[-111.839277947472, 40.6658904712823], [-111.839259327193, 40.6658901394442], [-111.83925755302, 40.6658901081002], [-111.8392566574, 40.665874141033], [-111.839252552099, 40.6658011073069], [-111.839237552929, 40.6655371084888], [-111.839233552731, 40.6654491081963], [-111.839220551414, 40.6652021088998], [-111.839207552792, 40.6651191082798], [-111.839183552502, 40.6649531080927], [-111.839006553848, 40.6642481082937], [-111.838974553163, 40.6641541078483], [-111.838916552538, 40.6639801082111], [-111.838849552591, 40.6638491073467], [-111.838836552173, 40.6638241083385], [-111.838737552438, 40.6636761079123], [-111.838635551433, 40.6635361069859], [-111.838542554241, 40.6634371080225], [-111.8384105522, 40.6633191096029], [-111.837165550997, 40.6622121080502], [-111.836866552144, 40.6619321079349], [-111.836391903009, 40.6614884767257], [-111.83655049159, 40.6614194321051], [-111.836808596435, 40.6613070601662], [-111.837612336188, 40.661677644119], [-111.837677128975, 40.6616087264413], [-111.83787219724, 40.6614785652202], [-111.837949822461, 40.6614307439742], [-111.83830685248, 40.6616005928205], [-111.838194183981, 40.6617536254763], [-111.838699312953, 40.6617705979642], [-111.83902458124, 40.6617815247634], [-111.839312938649, 40.6617912113506], [-111.839529206257, 40.6617984761197], [-111.839648152184, 40.6617985156429], [-111.839889645383, 40.661798606955], [-111.840131138583, 40.6617986975858], [-111.840152765523, 40.6617987037187], [-111.84040867848, 40.6617987998009], [-111.840664588741, 40.6617988931574], [-111.8409205008, 40.6617989871953], [-111.841176412858, 40.6617990791889], [-111.841432324018, 40.6617991739082], [-111.841688235177, 40.6617992645389], [-111.841944148134, 40.6617993565326], [-111.842200058395, 40.6617994464819], [-111.842372707406, 40.6617995091738], [-111.842372698423, 40.6618159773889], [-111.842372530438, 40.6620923841243], [-111.84237236964, 40.6623578105414], [-111.842372210638, 40.6626232399908], [-111.842586347442, 40.6626239214164], [-111.842757879847, 40.6626244679198], [-111.842938156454, 40.6626250444059], [-111.842954356671, 40.6626250941499], [-111.843323808595, 40.6626262723349], [-111.843694520855, 40.6626274512012], [-111.844066674911, 40.6626286348374], [-111.844432448233, 40.6626297973495], [-111.844432489556, 40.6625611763946], [-111.844435984002, 40.6622702333102], [-111.844438131874, 40.6620911139368], [-111.844441622727, 40.6618001742534], [-111.844441660456, 40.6617311694787], [-111.844729999001, 40.6617312635167], [-111.844729902882, 40.6619006734363], [-111.845090214447, 40.6618610078889], [-111.845297367748, 40.6617900733555], [-111.84576971001, 40.6616938500117], [-111.845769745942, 40.6616271879034], [-111.845769765705, 40.6615894254447], [-111.846112973348, 40.6615895228901], [-111.846113101807, 40.6615757994447], [-111.846438625214, 40.6615751684346], [-111.846475156104, 40.6615750975653], [-111.846766621684, 40.6615745326545], [-111.846835481144, 40.661574399093], [-111.847094619052, 40.6615738955115], [-111.847195803489, 40.6615736999393], [-111.847422878729, 40.6615732570056], [-111.847556190513, 40.6615921150734], [-111.847783222633, 40.6616242325161], [-111.847800669713, 40.6616266993139], [-111.848239391626, 40.6616887596909], [-111.848364286197, 40.6615383313376], [-111.848425739047, 40.6614540743574], [-111.848514204238, 40.6614960066069], [-111.848735357783, 40.6612005395651], [-111.848795313142, 40.6612257637504], [-111.849099966889, 40.661372442853], [-111.849404623331, 40.6615191209517], [-111.849605695037, 40.6616159264939], [-111.849661001615, 40.6616425556425], [-111.849977558039, 40.6613930924787], [-111.850037814334, 40.6613456125722], [-111.850064717978, 40.6613244130106], [-111.850158675468, 40.6612537463939], [-111.850576371414, 40.6609395903927], [-111.850593918207, 40.660926401065], [-111.850889681328, 40.6607040731044], [-111.850892244221, 40.6607021452958], [-111.851172994697, 40.6604886297484], [-111.851165499154, 40.6604832810671], [-111.851395389713, 40.6603087818917], [-111.851451882965, 40.6602395227562], [-111.851495768362, 40.6602690942726], [-111.851672088787, 40.6603527203652], [-111.851966983237, 40.6604203473148], [-111.852601024944, 40.6604277778252], [-111.853237939464, 40.6604334944929], [-111.854275824197, 40.6604427451492], [-111.854474179398, 40.6604445128251], [-111.854474556691, 40.6604561069789], [-111.85444355583, 40.6608981068646], [-111.854438556706, 40.6609771065372], [-111.854443140809, 40.6611780104672], [-111.85446555647, 40.6621601067548], [-111.854465555572, 40.6622261059809], [-111.854472555244, 40.6626701063866], [-111.854460555549, 40.6628391064305], [-111.854456555351, 40.6630381069937], [-111.854440556356, 40.6641211071532], [-111.854440556356, 40.6641461074129], [-111.854439555632, 40.6642571062997], [-111.854438555808, 40.6643101069492], [-111.854437556881, 40.6643301076462], [-111.854430555412, 40.6645161066181], [-111.854426555214, 40.6646111068563], [-111.854422555016, 40.6647581069511], [-111.854401556896, 40.6654881058857], [-111.854394557223, 40.6657311063851], [-111.854340561288, 40.6657289763477], [-111.854166556719, 40.6657221072152], [-111.854072555211, 40.6657291071753], [-111.853903555157, 40.665742106126], [-111.853272555145, 40.6658911070213], [-111.853135554878, 40.6659471072214], [-111.852892556102, 40.6660491080735], [-111.852841556048, 40.6660761068099], [-111.852504554866, 40.6662511067085], [-111.852449555513, 40.6662801079634], [-111.851417556541, 40.6665911064837], [-111.851222556548, 40.6666511078673], [-111.851054556318, 40.6667001068904], [-111.850402555492, 40.6668911074111], [-111.84930655515, 40.6672131087128], [-111.849106555133, 40.6672531083596], [-111.849005554851, 40.6672681075397], [-111.848910554416, 40.667272107911], [-111.8487105544, 40.6672981072523], [-111.848419555045, 40.6673171088349], [-111.848403555151, 40.6673191073157], [-111.84819855601, 40.6673161092538], [-111.847994554897, 40.6673061073097], [-111.847742554104, 40.6672781074454], [-111.84753455459, 40.6672441080324], [-111.846911554076, 40.6671451070777], [-111.846704555285, 40.6671121085438], [-111.84648855268, 40.667075108248], [-111.84621655449, 40.6670141083416], [-111.845704555202, 40.666900107786], [-111.844788552988, 40.6665931070304], [-111.844317553708, 40.6664361075427], [-111.844088553379, 40.6663661086502], [-111.843404552766, 40.6661581073218], [-111.84334055409, 40.6661391081346], [-111.843171553137, 40.6661121080608], [-111.842559555189, 40.6659931072776], [-111.842397553011, 40.665979107412], [-111.841925553007, 40.6659421078503], [-111.841620554307, 40.6659351072312], [-111.840706552642, 40.6659161079803], [-111.840042553018, 40.6659041079845], [-111.839277947472, 40.6658904712823]]]}, "properties": {"PrecinctID": "HOL013", "VistaID": "HOL013", "CountyID": 18, "SubPrecinctID": null, "AliasName": null, "VersionNbr": null}}, {"type": "Feature", "geometry": {"type": "Polygon", "coordinates": [[[-111.805450287346, 40.6870341134641], [-111.805450096903, 40.6869517721522], [-111.805450012461, 40.6869141520955], [-111.805450305312, 40.6866844995401], [-111.805450325075, 40.6866680708441], [-111.805450551451, 40.6864896225753], [-111.805450614333, 40.6864402586763], [-111.805450799386, 40.6862947443595], [-111.805450905387, 40.6862124450487], [-111.805451047321, 40.6860998689798], [-111.805451193746, 40.6859846313234], [-111.805451295256, 40.6859049896243], [-111.805451457851, 40.6857754030659], [-111.805451478512, 40.6857593481187], [-111.805451541394, 40.6857101131049], [-111.805451790227, 40.6855152360157], [-111.805451965399, 40.6853778735614], [-111.805451967195, 40.6853751542384], [-111.805415980685, 40.6853203542695], [-111.80541622862, 40.6851254760406], [-111.805416481945, 40.6849262076037], [-111.805416658015, 40.6847889720009], [-111.805417248208, 40.6843223877751], [-111.805453304787, 40.6843223945872], [-111.805453486247, 40.6841791174931], [-111.805453522179, 40.6841509026412], [-111.805453912048, 40.683843168629], [-111.805454018948, 40.6837578267332], [-111.805454142017, 40.6836607937914], [-111.805514024612, 40.6836527357497], [-111.805879381116, 40.6836035727505], [-111.80608566395, 40.6835758147479], [-111.806234533657, 40.6835557816755], [-111.806241690535, 40.6835548198044], [-111.806511468988, 40.6835185152946], [-111.80665660889, 40.6833819518759], [-111.806906068349, 40.6831472318456], [-111.807001314922, 40.6830576116983], [-111.807213413449, 40.683021740853], [-111.807405358272, 40.6829892801634], [-111.807384431119, 40.6829478328313], [-111.807374155291, 40.6829274828037], [-111.807352883185, 40.682885352852], [-111.807323816397, 40.6828277816799], [-111.807085634388, 40.6823560432086], [-111.807047446107, 40.6822850242041], [-111.807642951885, 40.6821071718537], [-111.807771508887, 40.6820725812035], [-111.807771211545, 40.6820081602677], [-111.808015925205, 40.6819366122595], [-111.807835651293, 40.6817691409257], [-111.807835777058, 40.6815433325477], [-111.807835886652, 40.6813460977853], [-111.807836110333, 40.6809456997355], [-111.807836183096, 40.6808150224072], [-111.807837369771, 40.6802193832031], [-111.807837754249, 40.6800274262377], [-111.807809186925, 40.6799589567092], [-111.806664682049, 40.6799390056621], [-111.805477258364, 40.6799471472651], [-111.805469990095, 40.679805702185], [-111.80552102159, 40.6796404436533], [-111.805607532046, 40.6794114145885], [-111.805759494653, 40.6792746581347], [-111.805930767445, 40.6790065433574], [-111.805985809019, 40.678674392344], [-111.806019553335, 40.6785621537119], [-111.805980423619, 40.678246663572], [-111.805995616826, 40.6778084479847], [-111.80599367377, 40.6770236688054], [-111.806502873907, 40.6770194530538], [-111.80650428516, 40.6769605026753], [-111.806504417213, 40.6767683700931], [-111.806504551062, 40.6765762376385], [-111.806504684911, 40.6763841059928], [-111.806504817861, 40.6761919731121], [-111.80650495171, 40.6759998389964], [-111.806505085559, 40.675807707052], [-111.806505219408, 40.6756155738727], [-111.806505220306, 40.6756135361257], [-111.806535352496, 40.6755218388037], [-111.806534387705, 40.6753608849782], [-111.806588318962, 40.6753606437995], [-111.806649597539, 40.6753603692375], [-111.806649711625, 40.6751951698593], [-111.806649833796, 40.675016335917], [-111.806649881407, 40.6749475526129], [-111.806661355588, 40.6749481616949], [-111.806924546695, 40.6749621126679], [-111.807019547129, 40.6749681115104], [-111.807220546971, 40.674974111715], [-111.807823547393, 40.6749921123256], [-111.808024548133, 40.6749981118468], [-111.808232547647, 40.6750071111276], [-111.808856548885, 40.675037112809], [-111.809065549122, 40.6750471108683], [-111.809199549016, 40.6750531110659], [-111.809601547801, 40.6750731112662], [-111.809716915738, 40.675079138032], [-111.809735548593, 40.6750801109261], [-111.809814548236, 40.6750831120453], [-111.810052547888, 40.6750921113146], [-111.810132548253, 40.6750951124333], [-111.810466548164, 40.6751161127665], [-111.810895547611, 40.6751441113836], [-111.811138548184, 40.675158111369], [-111.81147154827, 40.6751681107728], [-111.811807547831, 40.6751801104643], [-111.81197154876, 40.6751851111867], [-111.812463547957, 40.6752011100894], [-111.81262854961, 40.6752071116356], [-111.812630046203, 40.6752071893034], [-111.812630150408, 40.6752071954351], [-111.81262597414, 40.6752757584127], [-111.812608149768, 40.6755684188489], [-111.812508133141, 40.675571605258], [-111.812218887297, 40.6755773860319], [-111.812089826341, 40.6755799654082], [-111.811929673793, 40.6755831647614], [-111.811781840742, 40.6755861181675], [-111.811658518223, 40.6755885824049], [-111.811491975061, 40.6755919091595], [-111.811405452028, 40.6755936369189], [-111.811152387629, 40.675598692795], [-111.811039903284, 40.675600938337], [-111.810899322332, 40.6756037466268], [-111.81066128585, 40.6756085000081], [-111.810661287647, 40.6758005684851], [-111.810661287647, 40.6759926364089], [-111.810661286748, 40.6761847065044], [-111.810661288545, 40.6763767740027], [-111.810661288545, 40.6764225038886], [-111.810661288545, 40.6765688429915], [-111.810661289443, 40.6767063094415], [-111.81066102983, 40.6768764716067], [-111.810660847472, 40.6769959148754], [-111.810660695657, 40.6770960539272], [-111.81066053396, 40.6772017356959], [-111.810660361483, 40.6773155415083], [-111.810754070141, 40.6773157022893], [-111.811074845952, 40.6773162568476], [-111.81125539385, 40.6773285531884], [-111.811514756337, 40.6772922098611], [-111.81165088973, 40.6772736559941], [-111.811883272216, 40.6772419848297], [-111.812109192221, 40.6772111938596], [-111.812154815858, 40.6771859675449], [-111.812242238105, 40.6771376295718], [-111.812401712424, 40.6770494538297], [-111.812453693438, 40.6770207127378], [-111.812486423555, 40.6770026159334], [-111.812773003199, 40.6769282611312], [-111.812880572861, 40.6768999621377], [-111.812761599086, 40.676572008233], [-111.812837395337, 40.676551541122], [-111.81317011964, 40.6764616940958], [-111.813202620687, 40.6765268023568], [-111.81329561159, 40.6767346705138], [-111.813336246882, 40.6768255935954], [-111.813433256848, 40.6769587994774], [-111.813456542977, 40.6769907746267], [-111.813455333844, 40.6772091146034], [-111.813455252996, 40.6772240733924], [-111.813453959422, 40.6774573161586], [-111.813457535615, 40.6776892623299], [-111.81340261711, 40.6779261434904], [-111.813396360344, 40.6779531251553], [-111.813352481236, 40.6781423977702], [-111.813332677876, 40.67822781907], [-111.813318872566, 40.678227998243], [-111.813315112218, 40.6782503199266], [-111.813276877225, 40.6782498505343], [-111.813277120668, 40.6782652232995], [-111.81327538692, 40.6782818577651], [-111.813265146126, 40.6782815110009], [-111.81325498618, 40.6782811587866], [-111.813248780618, 40.678331226344], [-111.813229089547, 40.6783300402614], [-111.813229065292, 40.6784319499584], [-111.813229039241, 40.6785417757761], [-111.813229025766, 40.6786085279355], [-111.813229017682, 40.6786348103493], [-111.813228988936, 40.678761469107], [-111.81322893863, 40.6787938085473], [-111.813228673627, 40.6789722460831], [-111.813228664644, 40.6789784046606], [-111.813228394251, 40.6791614020346], [-111.813228363708, 40.6791805780446], [-111.813230624768, 40.6792372190463], [-111.812742102052, 40.6792343768466], [-111.810808612251, 40.6792918775468], [-111.810633112886, 40.6793563494769], [-111.810467481514, 40.6794667977999], [-111.810524679943, 40.6795495938985], [-111.810646044135, 40.6797253779829], [-111.810765780579, 40.6799553474545], [-111.810805788847, 40.6801422695336], [-111.81097896966, 40.680374621922], [-111.811625900395, 40.6808433612944], [-111.811871371335, 40.6810347354957], [-111.81158901557, 40.6811344038772], [-111.811023314994, 40.6814954132861], [-111.811201066436, 40.6816538085838], [-111.811268035841, 40.6817125885917], [-111.811352923042, 40.6817630875155], [-111.811455905906, 40.6818286333979], [-111.811524494074, 40.681862760939], [-111.811605814964, 40.6819215039764], [-111.811735208297, 40.6819908237049], [-111.811737962532, 40.6819942734421], [-111.811770888482, 40.682035082376], [-111.811765482421, 40.6821142014303], [-111.811765724966, 40.6821672989268], [-111.811766609806, 40.6823604589025], [-111.811748371311, 40.6825503355095], [-111.811251682011, 40.6825484260441], [-111.811247687203, 40.6826254592707], [-111.81124782734, 40.6828477754604], [-111.811247897409, 40.6829559236566], [-111.811247967477, 40.6830640607779], [-111.811248109411, 40.6832863864041], [-111.811248178581, 40.6834236298693], [-111.811248320515, 40.6836459365847], [-111.811248391482, 40.6837540841671], [-111.811248459754, 40.6838622193122], [-111.811248601688, 40.6840845381888], [-111.811248666366, 40.684221788185], [-111.811248811894, 40.684444101775], [-111.81124888286, 40.6845522514683], [-111.811248953827, 40.6846603880432], [-111.811249101151, 40.6848827137942], [-111.811250762136, 40.6849531298958], [-111.811776740108, 40.684950830173], [-111.811776676328, 40.6856770386101], [-111.811625870751, 40.6856805848855], [-111.811626309129, 40.6857616702928], [-111.81162640435, 40.6859538014769], [-111.811626423215, 40.6859922279197], [-111.811626502267, 40.6861514204167], [-111.811626528318, 40.6862006891637], [-111.811626602878, 40.6863490401329], [-111.811626632522, 40.6864091497557], [-111.811626698099, 40.6865411696236], [-111.811626749303, 40.6866428085997], [-111.811626792422, 40.6867279206498], [-111.811626876864, 40.686894528052], [-111.811626892135, 40.6869247730133], [-111.811625996515, 40.6869518348205], [-111.811623280908, 40.6870341700018], [-111.811594551887, 40.6870331134975], [-111.811483548864, 40.6870301129162], [-111.811338549099, 40.6870261123679], [-111.811293549791, 40.6870261123679], [-111.811159549897, 40.6870261123679], [-111.811115550414, 40.6870271123347], [-111.810930550466, 40.6870241131155], [-111.810378550097, 40.6870161120181], [-111.810194549076, 40.6870141141277], [-111.810030548146, 40.6870111128644], [-111.80955231114, 40.6870023658771], [-111.809374548918, 40.6869991125779], [-111.809350550426, 40.6869981119295], [-111.809279548484, 40.6869971119623], [-111.809256548019, 40.6869971119623], [-111.809085549213, 40.6869961133574], [-111.808573549027, 40.6869961119951], [-111.808403549148, 40.6869961133574], [-111.80836654844, 40.6869961119951], [-111.808258549383, 40.6869961126762], [-111.808222550296, 40.6869961126762], [-111.807988549945, 40.6869981126107], [-111.807686549821, 40.6870011131934], [-111.807286547991, 40.6870051137432], [-111.807053549261, 40.6870081136444], [-111.806831549503, 40.6870101128974], [-111.806166549156, 40.6870171126662], [-111.805945548325, 40.6870201132481], [-111.805848548241, 40.687022113863], [-111.805556549959, 40.6870311135641], [-111.805460548801, 40.6870341148265], [-111.805450287346, 40.6870341134641]]]}, "properties": {"PrecinctID": "HOL006", "VistaID": "HOL006", "CountyID": 18, "SubPrecinctID": null, "AliasName": null, "VersionNbr": null}}, {"type": "Feature", "geometry": {"type": "Polygon", "coordinates": [[[-111.848687399425, 40.6502560606371], [-111.848594076145, 40.6500541082997], [-111.848152184975, 40.6501725711482], [-111.84794821171, 40.65022725211], [-111.847552916154, 40.6502219434991], [-111.847553240446, 40.6498514417618], [-111.847401623691, 40.6498513545226], [-111.847400902343, 40.6498513531595], [-111.84728295714, 40.6498512843223], [-111.847095304467, 40.6498511725472], [-111.847093503345, 40.6498511718656], [-111.847012676529, 40.6498511227935], [-111.846788983447, 40.6498509898901], [-111.846742393223, 40.6498509605832], [-111.846472112612, 40.6498507990544], [-111.846466911366, 40.6500237552832], [-111.845998433657, 40.6500238418406], [-111.845996577738, 40.650085643798], [-111.845816332573, 40.6500856771941], [-111.845427126696, 40.6500857487572], [-111.844835482775, 40.6500858550797], [-111.844834426357, 40.6501299693114], [-111.84433337843, 40.6501296551153], [-111.844333326328, 40.6501788966398], [-111.844153160215, 40.6501787807758], [-111.843702677558, 40.6501784890712], [-111.843702927289, 40.6499493022437], [-111.843703505804, 40.6494878639788], [-111.843013569123, 40.6494723666695], [-111.83940314208, 40.6494885135053], [-111.839403265149, 40.649895819229], [-111.838872387766, 40.6498954014354], [-111.838797725189, 40.6498953428216], [-111.83836807626, 40.6498501045487], [-111.838075856993, 40.6500392585984], [-111.838063276088, 40.6500247653468], [-111.838053824014, 40.6500089512394], [-111.838047736132, 40.649992205443], [-111.838045165153, 40.6499749409792], [-111.83804616947, 40.6499575817747], [-111.838047171091, 40.6499360718944], [-111.838043254437, 40.6499147542058], [-111.838034541677, 40.6498942782316], [-111.838021292425, 40.6498752648701], [-111.838003913617, 40.649858292082], [-111.837982931667, 40.6498438737623], [-111.837958978988, 40.6498324481532], [-111.837932789505, 40.6498243614871], [-111.837905152835, 40.6498198604885], [-111.837876911599, 40.649819082151], [-111.837848920095, 40.64982204624], [-111.837822028128, 40.6498286682418], [-111.837797055862, 40.6498387423254], [-111.837774755185, 40.6498519658784], [-111.837755809715, 40.6498679367809], [-111.837740788986, 40.6498861684001], [-111.837731355777, 40.6499032243309], [-111.837725374794, 40.6499211635531], [-111.837722978088, 40.6499395819039], [-111.837724222255, 40.6499580649972], [-111.837729076751, 40.6499761991294], [-111.837492307792, 40.6500599389943], [-111.836781786216, 40.6500595409668], [-111.836542014188, 40.6499599992504], [-111.836879979263, 40.6494878360348], [-111.83640239084, 40.6495010017248], [-111.83590635731, 40.6495544141737], [-111.835497428922, 40.6495984449251], [-111.835478009142, 40.6487157374181], [-111.835840086795, 40.6487124209096], [-111.836613156267, 40.6487125047424], [-111.8366103661, 40.6483990169193], [-111.836022111523, 40.6483778050648], [-111.835845291634, 40.6483748218278], [-111.835833511127, 40.6483746241721], [-111.835833512924, 40.6483657024045], [-111.835674794088, 40.6483656819573], [-111.835507914956, 40.6483666027602], [-111.835479264088, 40.6484095621843], [-111.835473493311, 40.6484199445521], [-111.835469762607, 40.6484308530909], [-111.835468149233, 40.6484420622005], [-111.835468690917, 40.6484533278786], [-111.835471374185, 40.6484644156649], [-111.835476145138, 40.6484750897363], [-111.835464859603, 40.6484584819137], [-111.835450235928, 40.6484434628279], [-111.835432650508, 40.6484304162041], [-111.835412550704, 40.6484196787396], [-111.83547642631, 40.6483238164276], [-111.835476554769, 40.6482666032282], [-111.835507993109, 40.6482667034193], [-111.835519796972, 40.6482667409058], [-111.835519849074, 40.6481976982773], [-111.835519907465, 40.648126390708], [-111.835520017059, 40.6479860524834], [-111.835520110484, 40.6478694021543], [-111.835628219135, 40.6478694389595], [-111.835630561942, 40.647869439641], [-111.835630685909, 40.6476636073522], [-111.835630814368, 40.64745017276], [-111.835688950638, 40.647450785501], [-111.835693474554, 40.6472375192606], [-111.835694088104, 40.6472087026146], [-111.835755194204, 40.6472094544008], [-111.835755197797, 40.6472093221737], [-111.835755805957, 40.6471806377426], [-111.83575591106, 40.6471756281045], [-111.835759057858, 40.6470272860736], [-111.835760214888, 40.6469728942083], [-111.83555888267, 40.6469705631858], [-111.835563238601, 40.6467645365984], [-111.835081134348, 40.6467588596547], [-111.835062651511, 40.6453565150283], [-111.835796097194, 40.6453987661612], [-111.8360441454, 40.6454130545739], [-111.836061726328, 40.6452576806167], [-111.836336429346, 40.6452745318864], [-111.836336692552, 40.6448203149647], [-111.835852116135, 40.6447896351224], [-111.835886106589, 40.6444784299908], [-111.836219308796, 40.6445002974311], [-111.836219267473, 40.6443625348916], [-111.836219147997, 40.6439528199632], [-111.836219148896, 40.6439504315794], [-111.836084321653, 40.6439449173026], [-111.83595612218, 40.6439396722639], [-111.835949889669, 40.6439394173393], [-111.835884732166, 40.643936753582], [-111.835680668172, 40.643928409232], [-111.835642919167, 40.6439268646887], [-111.835506413871, 40.6439212379433], [-111.835508027245, 40.6437292664631], [-111.835645933014, 40.6435673941083], [-111.835647452964, 40.6433860235621], [-111.835664974603, 40.6433867283594], [-111.836272284245, 40.6434110827141], [-111.836270351968, 40.6431316614587], [-111.835724390075, 40.6431103859022], [-111.835726556811, 40.6428570819976], [-111.835727445245, 40.6427532202821], [-111.835727867453, 40.6427038349077], [-111.835739395533, 40.6427038410424], [-111.83590804255, 40.6427039310174], [-111.835920935171, 40.642703939197], [-111.836088217646, 40.6427040298536], [-111.836127282683, 40.6427040496209], [-111.836269841725, 40.6427041293715], [-111.836269824657, 40.6427335525673], [-111.836277426201, 40.6427335082614], [-111.836327055426, 40.6427331115534], [-111.836636997555, 40.6427306372408], [-111.836659684507, 40.6427304552459], [-111.836712111086, 40.6427301239743], [-111.837027035272, 40.6427281377078], [-111.837196424296, 40.6427270668688], [-111.83732239415, 40.6427262714079], [-111.837380298655, 40.6427259046916], [-111.837380309435, 40.6427031123809], [-111.8374752937, 40.6426978331631], [-111.837476543257, 40.6426823819912], [-111.837504774611, 40.6423327188595], [-111.837508738876, 40.6423327004554], [-111.837762048515, 40.6423315812142], [-111.837837718103, 40.6423312465324], [-111.838096864995, 40.6423301000259], [-111.838140289555, 40.6423299091687], [-111.838144350839, 40.6421234429154], [-111.838145665074, 40.6420566958155], [-111.838152907292, 40.6419200379375], [-111.838906548899, 40.6423091050466], [-111.839555549353, 40.6426441057665], [-111.840582550996, 40.6431741068998], [-111.840632551225, 40.6431991047851], [-111.841308550544, 40.6435511047444], [-111.842109550436, 40.6439661053463], [-111.842426550628, 40.6441301060981], [-111.843379551753, 40.6446241057779], [-111.843697550872, 40.6447891061948], [-111.844007551392, 40.6449491052594], [-111.844291551074, 40.6451021052245], [-111.844512552804, 40.6452331054148], [-111.844924550736, 40.6454681054553], [-111.845325551492, 40.6457321053144], [-111.845824551259, 40.6460781068326], [-111.846191552579, 40.646371106692], [-111.846452551796, 40.6465951059634], [-111.846786550809, 40.64691410675], [-111.847033551579, 40.6471761045313], [-111.847480553265, 40.6477281050909], [-111.84786055141, 40.6482621055324], [-111.848078552766, 40.6486651050963], [-111.848430489338, 40.6493809735017], [-111.84843055222, 40.6493811057246], [-111.84868355194, 40.6493991057461], [-111.848739552915, 40.6493991050645], [-111.848803592914, 40.6493998615969], [-111.848823389986, 40.6494412718509], [-111.848961967695, 40.6497311449539], [-111.848963094182, 40.649733499053], [-111.849054319896, 40.6499307291825], [-111.849187625392, 40.650218935127], [-111.849301987216, 40.6504784868013], [-111.849419935115, 40.650745411805], [-111.849614582071, 40.6511423469973], [-111.849631545856, 40.6511769434707], [-111.849811126268, 40.6515435987403], [-111.849904339055, 40.6517339161438], [-111.850031986962, 40.6520423544923], [-111.850035813785, 40.6520516015414], [-111.849574307901, 40.6521753161402], [-111.849527308944, 40.6520736137115], [-111.849433982969, 40.6518716648302], [-111.849340656994, 40.6516697173824], [-111.84915400774, 40.6512658111116], [-111.849060686256, 40.6510638625117], [-111.848967362976, 40.6508619119375], [-111.848874039696, 40.6506599614336], [-111.848780720908, 40.6504580103186], [-111.848687399425, 40.6502560606371]]]}, "properties": {"PrecinctID": "HOL016", "VistaID": "HOL016", "CountyID": 18, "SubPrecinctID": null, "AliasName": null, "VersionNbr": null}}, {"type": "Feature", "geometry": {"type": "Polygon", "coordinates": [[[-111.824531393313, 40.6835836173446], [-111.82453551658, 40.6832221035657], [-111.824507608619, 40.682163362122], [-111.824508440459, 40.6812935418975], [-111.824508436866, 40.681262524585], [-111.82451186304, 40.6811186897929], [-111.824530061111, 40.6805795664521], [-111.824529582309, 40.6800553730612], [-111.824529514935, 40.6799812090072], [-111.824515930612, 40.6793398494866], [-111.824522199954, 40.6784459690101], [-111.824504917266, 40.678148593894], [-111.824495188512, 40.6772115562988], [-111.824492818756, 40.6765927267311], [-111.824490678969, 40.6760381778413], [-111.824509542692, 40.6742795110335], [-111.824510280209, 40.6742107017609], [-111.824515550624, 40.6742111105452], [-111.825052550925, 40.6742161113403], [-111.825118551047, 40.674217110818], [-111.826397551687, 40.6742311103167], [-111.826835550457, 40.6742291106805], [-111.826929551067, 40.6742291093179], [-111.827533552212, 40.6742271096816], [-111.828777550896, 40.6742231097275], [-111.82907555172, 40.6742291099992], [-111.829654552752, 40.6742421100182], [-111.829668115516, 40.6742417094097], [-111.829993551787, 40.6742321104755], [-111.830048550242, 40.6742301108393], [-111.830329553144, 40.6742371105877], [-111.830450551722, 40.6742411098596], [-111.831974552584, 40.6742531090365], [-111.832243553096, 40.6742531103992], [-111.832717552749, 40.674254109195], [-111.833053553208, 40.6742571103514], [-111.833323553545, 40.6742601101451], [-111.833510554041, 40.6742611089408], [-111.834072552659, 40.6742671105717], [-111.834260552082, 40.6742691102068], [-111.834260906018, 40.6742691033937], [-111.834261074901, 40.6742691013498], [-111.834292229373, 40.674337186334], [-111.834331653736, 40.6744233435498], [-111.834575295706, 40.6746853716094], [-111.834963238551, 40.6751618019579], [-111.835292543866, 40.6755308039491], [-111.835608531658, 40.6759325609945], [-111.836466385923, 40.6769780060973], [-111.836446712818, 40.6769925936412], [-111.836096260263, 40.6772524465075], [-111.835547336624, 40.6776924649881], [-111.834856435152, 40.6782224213976], [-111.834240139663, 40.678704895146], [-111.834063348521, 40.6788543834718], [-111.833413630313, 40.679361047409], [-111.832449685911, 40.6801214383705], [-111.832376761575, 40.6801789621491], [-111.831833702138, 40.6806041245469], [-111.831254269915, 40.6809506686885], [-111.830273340167, 40.6815372423304], [-111.829475797892, 40.6818764822534], [-111.829609361205, 40.6820734579426], [-111.829656608995, 40.6821659330688], [-111.829688121896, 40.6822260641762], [-111.829717229107, 40.6822798911755], [-111.829746250081, 40.682331904031], [-111.829777655183, 40.6823839679377], [-111.829810281096, 40.6824350385804], [-111.829932010004, 40.6825711114159], [-111.829985351067, 40.6826262413127], [-111.830063043661, 40.6827365275372], [-111.830159376297, 40.6828537865365], [-111.830230880397, 40.6829523438565], [-111.830302410548, 40.6830555653229], [-111.830364708713, 40.683172975672], [-111.830427074252, 40.6832903313172], [-111.830452174079, 40.6833654665063], [-111.830480246432, 40.6834289017774], [-111.830491377456, 40.6834941401573], [-111.830507870525, 40.6835344985731], [-111.830531085687, 40.6835928954442], [-111.830551907737, 40.683648609656], [-111.830571593418, 40.68370789745], [-111.830602360716, 40.6838067872995], [-111.83064051576, 40.6838910821155], [-111.830547320041, 40.6838908586791], [-111.830276911869, 40.6838921802232], [-111.830028595066, 40.6838933941365], [-111.829975338445, 40.6838936536768], [-111.829676638731, 40.6836186724778], [-111.829661777003, 40.6836120286255], [-111.829637327556, 40.6836244552787], [-111.829415516444, 40.6837371888012], [-111.829014741165, 40.683940875701], [-111.828882784938, 40.6838456986385], [-111.828834195065, 40.6838141545766], [-111.828728410355, 40.6838159264015], [-111.828663553788, 40.683835608573], [-111.828538101364, 40.6838736786027], [-111.82835345625, 40.6839402292348], [-111.828319883513, 40.6839438675657], [-111.828195058113, 40.6839573888579], [-111.827953958375, 40.6839615374123], [-111.827921790603, 40.6839620905529], [-111.827852995822, 40.6839389935238], [-111.827642295074, 40.6838643923677], [-111.827546123236, 40.6838547927753], [-111.827526710643, 40.6838528567802], [-111.82743461536, 40.6838436631866], [-111.827238991037, 40.6838822039267], [-111.826355740501, 40.6841671132907], [-111.826354534962, 40.683843387297], [-111.826745656945, 40.683610798358], [-111.826871894497, 40.6835825982522], [-111.826606724401, 40.683582632994], [-111.8263271606, 40.6835826670546], [-111.826027576944, 40.6835827038399], [-111.825695389834, 40.6835827440314], [-111.825345999087, 40.6835827849041], [-111.824997938745, 40.6835828250956], [-111.824653227323, 40.6835828625622], [-111.824627989155, 40.6835828659683], [-111.824531393313, 40.6835836173446]]]}, "properties": {"PrecinctID": "HOL003", "VistaID": "HOL003", "CountyID": 18, "SubPrecinctID": null, "AliasName": null, "VersionNbr": null}}, {"type": "Feature", "geometry": {"type": "Polygon", "coordinates": [[[-111.836391903009, 40.6614884767257], [-111.836361551631, 40.661460108487], [-111.835344552728, 40.6604971069543], [-111.835206672112, 40.6603040785284], [-111.835194550245, 40.6602871083932], [-111.835117551151, 40.6601741076121], [-111.834903550891, 40.6597201072723], [-111.834873549855, 40.6596661073685], [-111.83485755086, 40.6596091076497], [-111.834827552519, 40.6595521092452], [-111.83476655242, 40.6593311069128], [-111.834766550623, 40.6592541087834], [-111.834751551453, 40.6591821077175], [-111.834735550661, 40.6590451080587], [-111.834740550684, 40.6587601063249], [-111.834747551255, 40.6583671069582], [-111.834749551803, 40.6582301083515], [-111.834749550905, 40.6580551064887], [-111.834754551826, 40.6579321067544], [-111.834771550646, 40.657566107417], [-111.834780550867, 40.6574261079774], [-111.834782551415, 40.6574061079361], [-111.834793552184, 40.6572921079952], [-111.834798551309, 40.6572551077035], [-111.834801550783, 40.6570461068493], [-111.834810550106, 40.6564201069173], [-111.834814551202, 40.6562121072836], [-111.834817550677, 40.6561541069097], [-111.834827550723, 40.655981107281], [-111.834830619368, 40.6559373846877], [-111.835010921127, 40.6559396383882], [-111.838645095134, 40.6559850006533], [-111.838986604961, 40.6559964763208], [-111.839580667147, 40.656006323899], [-111.839660552528, 40.6560076500849], [-111.840219267804, 40.6560235990692], [-111.841472573932, 40.6560121677034], [-111.842125779399, 40.6560268443392], [-111.842379502263, 40.6560830886176], [-111.842598604954, 40.6561350939689], [-111.842792664412, 40.6562095135282], [-111.842930147075, 40.6562711461987], [-111.843320599813, 40.6564684960279], [-111.843347421711, 40.6563622055402], [-111.843345605317, 40.6559905650473], [-111.843444002282, 40.6560410609639], [-111.843753916563, 40.6562001082679], [-111.843761971756, 40.6561910021809], [-111.844020835678, 40.6563238465232], [-111.844279701397, 40.656456689238], [-111.844421093528, 40.6565424511221], [-111.844672154684, 40.6566712842169], [-111.84471387514, 40.6566870333671], [-111.844936413887, 40.6567710476264], [-111.845036777264, 40.6568089361616], [-111.845198232368, 40.6568698861124], [-111.845384198904, 40.6568699331348], [-111.845774887899, 40.6568700360389], [-111.845775952402, 40.6569150889592], [-111.845781090766, 40.6571320826424], [-111.845782105862, 40.6571749873567], [-111.845786275842, 40.6573510375993], [-111.845788231474, 40.6574422951401], [-111.846096512618, 40.6574929555572], [-111.846310986291, 40.6575119204076], [-111.846826950742, 40.6575666130732], [-111.847420333801, 40.6576180271092], [-111.847592167142, 40.6576329146494], [-111.84836976053, 40.6577084535657], [-111.848574435379, 40.6577421566275], [-111.848775245676, 40.6578100703987], [-111.848976083821, 40.6578967028296], [-111.849156568836, 40.657992727209], [-111.849361948863, 40.6581634482334], [-111.850531042425, 40.6593184324502], [-111.851343927926, 40.6601667820169], [-111.851451882965, 40.6602395227562], [-111.851395389713, 40.6603087818917], [-111.851165499154, 40.6604832810671], [-111.851172994697, 40.6604886297484], [-111.850892244221, 40.6607021452958], [-111.850889681328, 40.6607040731044], [-111.850593918207, 40.660926401065], [-111.850576371414, 40.6609395903927], [-111.850158675468, 40.6612537463939], [-111.850064717978, 40.6613244130106], [-111.850037814334, 40.6613456125722], [-111.849977558039, 40.6613930924787], [-111.849661001615, 40.6616425556425], [-111.849605695037, 40.6616159264939], [-111.849404623331, 40.6615191209517], [-111.849099966889, 40.661372442853], [-111.848795313142, 40.6612257637504], [-111.848735357783, 40.6612005395651], [-111.848514204238, 40.6614960066069], [-111.848425739047, 40.6614540743574], [-111.848364286197, 40.6615383313376], [-111.848239391626, 40.6616887596909], [-111.847800669713, 40.6616266993139], [-111.847783222633, 40.6616242325161], [-111.847556190513, 40.6615921150734], [-111.847422878729, 40.6615732570056], [-111.847195803489, 40.6615736999393], [-111.847094619052, 40.6615738955115], [-111.846835481144, 40.661574399093], [-111.846766621684, 40.6615745326545], [-111.846475156104, 40.6615750975653], [-111.846438625214, 40.6615751684346], [-111.846113101807, 40.6615757994447], [-111.846112973348, 40.6615895228901], [-111.845769765705, 40.6615894254447], [-111.845769745942, 40.6616271879034], [-111.84576971001, 40.6616938500117], [-111.845297367748, 40.6617900733555], [-111.845090214447, 40.6618610078889], [-111.844729902882, 40.6619006734363], [-111.844729999001, 40.6617312635167], [-111.844441660456, 40.6617311694787], [-111.844441622727, 40.6618001742534], [-111.844438131874, 40.6620911139368], [-111.844435984002, 40.6622702333102], [-111.844432489556, 40.6625611763946], [-111.844432448233, 40.6626297973495], [-111.844066674911, 40.6626286348374], [-111.843694520855, 40.6626274512012], [-111.843323808595, 40.6626262723349], [-111.842954356671, 40.6626250941499], [-111.842938156454, 40.6626250444059], [-111.842757879847, 40.6626244679198], [-111.842586347442, 40.6626239214164], [-111.842372210638, 40.6626232399908], [-111.84237236964, 40.6623578105414], [-111.842372530438, 40.6620923841243], [-111.842372698423, 40.6618159773889], [-111.842372707406, 40.6617995091738], [-111.842200058395, 40.6617994464819], [-111.841944148134, 40.6617993565326], [-111.841688235177, 40.6617992645389], [-111.841432324018, 40.6617991739082], [-111.841176412858, 40.6617990791889], [-111.8409205008, 40.6617989871953], [-111.840664588741, 40.6617988931574], [-111.84040867848, 40.6617987998009], [-111.840152765523, 40.6617987037187], [-111.840131138583, 40.6617986975858], [-111.839889645383, 40.661798606955], [-111.839648152184, 40.6617985156429], [-111.839529206257, 40.6617984761197], [-111.839312938649, 40.6617912113506], [-111.83902458124, 40.6617815247634], [-111.838699312953, 40.6617705979642], [-111.838194183981, 40.6617536254763], [-111.83830685248, 40.6616005928205], [-111.837949822461, 40.6614307439742], [-111.83787219724, 40.6614785652202], [-111.837677128975, 40.6616087264413], [-111.837612336188, 40.661677644119], [-111.836808596435, 40.6613070601662], [-111.83655049159, 40.6614194321051], [-111.836391903009, 40.6614884767257]]]}, "properties": {"PrecinctID": "HOL014", "VistaID": "HOL014", "CountyID": 18, "SubPrecinctID": null, "AliasName": null, "VersionNbr": null}}]}