date,year,title,slug,path,source,source_url,format
2020-01-07,2020,City Council Regular Meeting,council-regular-meeting,meeting_minutes/minutes/2020/2020-01-06/2020-01-07_council-regular-meeting.md,onbase,https://ob.wvc-ut.gov/OnBaseAgendaOnline/Documents/DownloadFile/City_Council_Regular_Meeting_7055_Minutes_1_7_2020_6_30_00_PM.pdf?documentType=2&meetingId=7055,md
2020-01-07,2020,City Council Study Meeting,council-study-meeting,meeting_minutes/minutes/2020/2020-01-06/2020-01-07_council-study-meeting.md,onbase,https://ob.wvc-ut.gov/OnBaseAgendaOnline/Documents/DownloadFile/City_Council_Study_Meeting_7005_Minutes_1_7_2020_4_30_00_PM.pdf?documentType=2&meetingId=7005,md
2020-01-07,2020,Municipal Building Authority Regular Meeting,municipal-building-authority-meeting,meeting_minutes/minutes/2020/2020-01-06/2020-01-07_municipal-building-authority-meeting.md,onbase,https://ob.wvc-ut.gov/OnBaseAgendaOnline/Documents/DownloadFile/BA_Regular_Meeting_7107_Minutes_1_7_2020_6_30_00_PM.pdf?documentType=2&meetingId=7107,text
2020-01-07,2020,Redevelopment Agency Regular Meeting,redevelopment-agency-meeting,meeting_minutes/minutes/2020/2020-01-06/2020-01-07_redevelopment-agency-meeting.md,onbase,https://ob.wvc-ut.gov/OnBaseAgendaOnline/Documents/DownloadFile/RDA_Regular_Meeting_7105_Minutes_1_7_2020_6_30_00_PM.pdf?documentType=2&meetingId=7105,text
2020-01-14,2020,City Council Regular Meeting,council-regular-meeting,meeting_minutes/minutes/2020/2020-01-13/2020-01-14_council-regular-meeting.md,onbase,https://ob.wvc-ut.gov/OnBaseAgendaOnline/Documents/DownloadFile/City_Council_Regular_Meeting_7056_Minutes_1_14_2020_6_30_00_PM.pdf?documentType=2&meetingId=7056,md
2020-01-14,2020,City Council Study Meeting,council-study-meeting,meeting_minutes/minutes/2020/2020-01-13/2020-01-14_council-study-meeting.md,onbase,https://ob.wvc-ut.gov/OnBaseAgendaOnline/Documents/DownloadFile/City_Council_Study_Meeting_7006_Minutes_1_14_2020_4_30_00_PM.pdf?documentType=2&meetingId=7006,md
2020-01-21,2020,City Council Regular Meeting,council-regular-meeting,meeting_minutes/minutes/2020/2020-01-20/2020-01-21_council-regular-meeting.md,onbase,https://ob.wvc-ut.gov/OnBaseAgendaOnline/Documents/DownloadFile/City_Council_Regular_Meeting_7121_Minutes_1_21_2020_6_30_00_PM.pdf?documentType=2&meetingId=7121,md
2020-01-21,2020,City Council Study Meeting,council-study-meeting,meeting_minutes/minutes/2020/2020-01-20/2020-01-21_council-study-meeting.md,onbase,https://ob.wvc-ut.gov/OnBaseAgendaOnline/Documents/DownloadFile/City_Council_Study_Meeting_7007_Minutes_1_21_2020_4_30_00_PM.pdf?documentType=2&meetingId=7007,md
2020-01-28,2020,City Council Regular Meeting,council-regular-meeting,meeting_minutes/minutes/2020/2020-01-27/2020-01-28_council-regular-meeting.md,onbase,https://ob.wvc-ut.gov/OnBaseAgendaOnline/Documents/DownloadFile/City_Council_Regular_Meeting_7058_Minutes_1_28_2020_6_30_00_PM.pdf?documentType=2&meetingId=7058,md
2020-01-28,2020,City Council Study Meeting,council-study-meeting,meeting_minutes/minutes/2020/2020-01-27/2020-01-28_council-study-meeting.md,onbase,https://ob.wvc-ut.gov/OnBaseAgendaOnline/Documents/DownloadFile/City_Council_Study_Meeting_7008_Minutes_1_28_2020_4_30_00_PM.pdf?documentType=2&meetingId=7008,md
2020-02-04,2020,City Council Regular Meeting,council-regular-meeting,meeting_minutes/minutes/2020/2020-02-03/2020-02-04_council-regular-meeting.md,onbase,https://ob.wvc-ut.gov/OnBaseAgendaOnline/Documents/DownloadFile/City_Council_Regular_Meeting_7059_Minutes_2_4_2020_6_30_00_PM.pdf?documentType=2&meetingId=7059,md
2020-02-04,2020,City Council Study Meeting,council-study-meeting,meeting_minutes/minutes/2020/2020-02-03/2020-02-04_council-study-meeting.md,onbase,https://ob.wvc-ut.gov/OnBaseAgendaOnline/Documents/DownloadFile/City_Council_Study_Meeting_7009_Minutes_2_4_2020_4_30_00_PM.pdf?documentType=2&meetingId=7009,md
2020-02-04,2020,Redevelopment Agency Special Meeting,redevelopment-agency-meeting,meeting_minutes/minutes/2020/2020-02-03/2020-02-04_redevelopment-agency-meeting.md,onbase,https://ob.wvc-ut.gov/OnBaseAgendaOnline/Documents/DownloadFile/Special_RDA_Meeting_7124_Minutes_2_4_2020_6_30_00_PM.pdf?documentType=2&meetingId=7124,text
2020-02-11,2020,City Council Regular Meeting,council-regular-meeting,meeting_minutes/minutes/2020/2020-02-10/2020-02-11_council-regular-meeting.md,onbase,https://ob.wvc-ut.gov/OnBaseAgendaOnline/Documents/DownloadFile/City_Council_Regular_Meeting_7060_Minutes_2_11_2020_6_30_00_PM.pdf?documentType=2&meetingId=7060,md
2020-02-11,2020,City Council Study Meeting,council-study-meeting,meeting_minutes/minutes/2020/2020-02-10/2020-02-11_council-study-meeting.md,onbase,https://ob.wvc-ut.gov/OnBaseAgendaOnline/Documents/DownloadFile/City_Council_Study_Meeting_7010_Minutes_2_11_2020_4_30_00_PM.pdf?documentType=2&meetingId=7010,md
2020-02-18,2020,City Council Regular Meeting,council-regular-meeting,meeting_minutes/minutes/2020/2020-02-17/2020-02-18_council-regular-meeting.md,onbase,https://ob.wvc-ut.gov/OnBaseAgendaOnline/Documents/DownloadFile/City_Council_Regular_Meeting_7061_Minutes_2_18_2020_6_30_00_PM.pdf?documentType=2&meetingId=7061,md
2020-02-18,2020,City Council Study Meeting,council-study-meeting,meeting_minutes/minutes/2020/2020-02-17/2020-02-18_council-study-meeting.md,onbase,https://ob.wvc-ut.gov/OnBaseAgendaOnline/Documents/DownloadFile/City_Council_Study_Meeting_7011_Minutes_2_18_2020_4_30_00_PM.pdf?documentType=2&meetingId=7011,md
2020-02-18,2020,Redevelopment Agency Special Meeting,redevelopment-agency-meeting,meeting_minutes/minutes/2020/2020-02-17/2020-02-18_redevelopment-agency-meeting.md,onbase,https://ob.wvc-ut.gov/OnBaseAgendaOnline/Documents/DownloadFile/Special_RDA_Meeting_7125_Minutes_2_18_2020_6_30_00_PM.pdf?documentType=2&meetingId=7125,text
2020-02-25,2020,City Council Regular Meeting,council-regular-meeting,meeting_minutes/minutes/2020/2020-02-24/2020-02-25_council-regular-meeting.md,onbase,https://ob.wvc-ut.gov/OnBaseAgendaOnline/Documents/DownloadFile/City_Council_Regular_Meeting_7062_Minutes_2_25_2020_6_30_00_PM.pdf?documentType=2&meetingId=7062,md
2020-02-25,2020,City Council Study Meeting,council-study-meeting,meeting_minutes/minutes/2020/2020-02-24/2020-02-25_council-study-meeting.md,onbase,https://ob.wvc-ut.gov/OnBaseAgendaOnline/Documents/DownloadFile/City_Council_Study_Meeting_7012_Minutes_2_25_2020_4_30_00_PM.pdf?documentType=2&meetingId=7012,md
2020-02-25,2020,Redevelopment Agency Special Meeting,redevelopment-agency-meeting,meeting_minutes/minutes/2020/2020-02-24/2020-02-25_redevelopment-agency-meeting.md,onbase,https://ob.wvc-ut.gov/OnBaseAgendaOnline/Documents/DownloadFile/RDA_Special_Meeting_7126_Minutes_2_25_2020_6_30_00_PM.pdf?documentType=2&meetingId=7126,text
2020-03-10,2020,City Council Regular Meeting,council-regular-meeting,meeting_minutes/minutes/2020/2020-03-09/2020-03-10_council-regular-meeting.md,onbase,https://ob.wvc-ut.gov/OnBaseAgendaOnline/Documents/DownloadFile/City_Council_Regular_Meeting_7064_Minutes_3_10_2020_6_30_00_PM.pdf?documentType=2&meetingId=7064,md
2020-03-10,2020,City Council Study Meeting,council-study-meeting,meeting_minutes/minutes/2020/2020-03-09/2020-03-10_council-study-meeting.md,onbase,https://ob.wvc-ut.gov/OnBaseAgendaOnline/Documents/DownloadFile/City_Council_Study_Meeting_7014_Minutes_3_10_2020_4_30_00_PM.pdf?documentType=2&meetingId=7014,md
2020-03-17,2020,City Council Regular Meeting,council-regular-meeting,meeting_minutes/minutes/2020/2020-03-16/2020-03-17_council-regular-meeting.md,onbase,https://ob.wvc-ut.gov/OnBaseAgendaOnline/Documents/DownloadFile/City_Council_Regular_Meeting_7065_Minutes_3_17_2020_6_30_00_PM.pdf?documentType=2&meetingId=7065,md
2020-03-17,2020,City Council Study Meeting,council-study-meeting,meeting_minutes/minutes/2020/2020-03-16/2020-03-17_council-study-meeting.md,onbase,https://ob.wvc-ut.gov/OnBaseAgendaOnline/Documents/DownloadFile/City_Council_Study_Meeting_7015_Minutes_3_17_2020_4_30_00_PM.pdf?documentType=2&meetingId=7015,md
2020-04-07,2020,City Council Regular Meeting,council-regular-meeting,meeting_minutes/minutes/2020/2020-04-06/2020-04-07_council-regular-meeting.md,onbase,https://ob.wvc-ut.gov/OnBaseAgendaOnline/Documents/DownloadFile/City_Council_Regular_Meeting_7068_Minutes_4_7_2020_6_30_00_PM.pdf?documentType=2&meetingId=7068,md
2020-04-07,2020,City Council Study Meeting,council-study-meeting,meeting_minutes/minutes/2020/2020-04-06/2020-04-07_council-study-meeting.md,onbase,https://ob.wvc-ut.gov/OnBaseAgendaOnline/Documents/DownloadFile/City_Council_Study_Meeting_7018_Minutes_4_7_2020_4_30_00_PM.pdf?documentType=2&meetingId=7018,md
2020-04-07,2020,Redevelopment Agency Regular Meeting,redevelopment-agency-meeting,meeting_minutes/minutes/2020/2020-04-06/2020-04-07_redevelopment-agency-meeting.md,onbase,https://ob.wvc-ut.gov/OnBaseAgendaOnline/Documents/DownloadFile/RDA_Regular_Meeting_7108_Minutes_4_7_2020_6_30_00_PM.pdf?documentType=2&meetingId=7108,text
2020-04-14,2020,City Council Regular Meeting,council-regular-meeting,meeting_minutes/minutes/2020/2020-04-13/2020-04-14_council-regular-meeting.md,onbase,https://ob.wvc-ut.gov/OnBaseAgendaOnline/Documents/DownloadFile/City_Council_Regular_Meeting_7069_Minutes_4_14_2020_6_30_00_PM.pdf?documentType=2&meetingId=7069,md
2020-04-14,2020,City Council Study Meeting,council-study-meeting,meeting_minutes/minutes/2020/2020-04-13/2020-04-14_council-study-meeting.md,onbase,https://ob.wvc-ut.gov/OnBaseAgendaOnline/Documents/DownloadFile/City_Council_Study_Meeting_7019_Minutes_4_14_2020_4_30_00_PM.pdf?documentType=2&meetingId=7019,md
2020-04-21,2020,City Council Regular Meeting,council-regular-meeting,meeting_minutes/minutes/2020/2020-04-20/2020-04-21_council-regular-meeting.md,onbase,https://ob.wvc-ut.gov/OnBaseAgendaOnline/Documents/DownloadFile/City_Council_Regular_Meeting_7070_Minutes_4_21_2020_6_30_00_PM.pdf?documentType=2&meetingId=7070,md
2020-04-21,2020,City Council Study Meeting,council-study-meeting,meeting_minutes/minutes/2020/2020-04-20/2020-04-21_council-study-meeting.md,onbase,https://ob.wvc-ut.gov/OnBaseAgendaOnline/Documents/DownloadFile/City_Council_Study_Meeting_7020_Minutes_4_21_2020_4_30_00_PM.pdf?documentType=2&meetingId=7020,md
2020-04-28,2020,City Council Regular Meeting,council-regular-meeting,meeting_minutes/minutes/2020/2020-04-27/2020-04-28_council-regular-meeting.md,onbase,https://ob.wvc-ut.gov/OnBaseAgendaOnline/Documents/DownloadFile/City_Council_Regular_Meeting_7071_Minutes_4_28_2020_6_30_00_PM.pdf?documentType=2&meetingId=7071,md
2020-04-28,2020,City Council Study Meeting,council-study-meeting,meeting_minutes/minutes/2020/2020-04-27/2020-04-28_council-study-meeting.md,onbase,https://ob.wvc-ut.gov/OnBaseAgendaOnline/Documents/DownloadFile/City_Council_Study_Meeting_7021_Minutes_4_28_2020_4_30_00_PM.pdf?documentType=2&meetingId=7021,md
2020-05-05,2020,City Council Regular Meeting,council-regular-meeting,meeting_minutes/minutes/2020/2020-05-04/2020-05-05_council-regular-meeting.md,onbase,https://ob.wvc-ut.gov/OnBaseAgendaOnline/Documents/DownloadFile/City_Council_Regular_Meeting_7072_Minutes_5_5_2020_6_30_00_PM.pdf?documentType=2&meetingId=7072,md
2020-05-05,2020,City Council Study Meeting,council-study-meeting,meeting_minutes/minutes/2020/2020-05-04/2020-05-05_council-study-meeting.md,onbase,https://ob.wvc-ut.gov/OnBaseAgendaOnline/Documents/DownloadFile/City_Council_Study_Meeting_7022_Minutes_5_5_2020_4_30_00_PM.pdf?documentType=2&meetingId=7022,md
2020-05-05,2020,Municipal Building Authority Regular Meeting,municipal-building-authority-meeting,meeting_minutes/minutes/2020/2020-05-04/2020-05-05_municipal-building-authority-meeting.md,onbase,https://ob.wvc-ut.gov/OnBaseAgendaOnline/Documents/DownloadFile/BA_Regular_Meeting_7113_Minutes_5_5_2020_6_30_00_PM.pdf?documentType=2&meetingId=7113,text
2020-05-05,2020,Redevelopment Agency Regular Meeting,redevelopment-agency-meeting,meeting_minutes/minutes/2020/2020-05-04/2020-05-05_redevelopment-agency-meeting.md,onbase,https://ob.wvc-ut.gov/OnBaseAgendaOnline/Documents/DownloadFile/RDA_Regular_Meeting_7111_Minutes_5_5_2020_6_30_00_PM.pdf?documentType=2&meetingId=7111,text
2020-05-12,2020,City Council Regular Meeting,council-regular-meeting,meeting_minutes/minutes/2020/2020-05-11/2020-05-12_council-regular-meeting.md,onbase,https://ob.wvc-ut.gov/OnBaseAgendaOnline/Documents/DownloadFile/City_Council_Regular_Meeting_7073_Minutes_5_12_2020_6_30_00_PM.pdf?documentType=2&meetingId=7073,md
2020-05-12,2020,City Council Study Meeting,council-study-meeting,meeting_minutes/minutes/2020/2020-05-11/2020-05-12_council-study-meeting.md,onbase,https://ob.wvc-ut.gov/OnBaseAgendaOnline/Documents/DownloadFile/City_Council_Study_Meeting_7023_Minutes_5_12_2020_4_30_00_PM.pdf?documentType=2&meetingId=7023,md
2020-05-19,2020,City Council Regular Meeting,council-regular-meeting,meeting_minutes/minutes/2020/2020-05-18/2020-05-19_council-regular-meeting.md,onbase,https://ob.wvc-ut.gov/OnBaseAgendaOnline/Documents/DownloadFile/City_Council_Regular_Meeting_7074_Minutes_5_19_2020_6_30_00_PM.pdf?documentType=2&meetingId=7074,md
2020-05-19,2020,City Council Study Meeting,council-study-meeting,meeting_minutes/minutes/2020/2020-05-18/2020-05-19_council-study-meeting.md,onbase,https://ob.wvc-ut.gov/OnBaseAgendaOnline/Documents/DownloadFile/City_Council_Study_Meeting_7024_Minutes_5_19_2020_4_30_00_PM.pdf?documentType=2&meetingId=7024,md
2020-05-26,2020,City Council Regular Meeting,council-regular-meeting,meeting_minutes/minutes/2020/2020-05-25/2020-05-26_council-regular-meeting.md,onbase,https://ob.wvc-ut.gov/OnBaseAgendaOnline/Documents/DownloadFile/City_Council_Regular_Meeting_7075_Minutes_5_26_2020_6_30_00_PM.pdf?documentType=2&meetingId=7075,md
2020-05-26,2020,City Council Study Meeting,council-study-meeting,meeting_minutes/minutes/2020/2020-05-25/2020-05-26_council-study-meeting.md,onbase,https://ob.wvc-ut.gov/OnBaseAgendaOnline/Documents/DownloadFile/City_Council_Study_Meeting_7025_Minutes_5_26_2020_4_30_00_PM.pdf?documentType=2&meetingId=7025,md
2020-06-02,2020,City Council Regular Meeting,council-regular-meeting,meeting_minutes/minutes/2020/2020-06-01/2020-06-02_council-regular-meeting.md,onbase,https://ob.wvc-ut.gov/OnBaseAgendaOnline/Documents/DownloadFile/City_Council_Regular_Meeting_7076_Minutes_6_2_2020_6_30_00_PM.pdf?documentType=2&meetingId=7076,md
2020-06-02,2020,City Council Study Meeting,council-study-meeting,meeting_minutes/minutes/2020/2020-06-01/2020-06-02_council-study-meeting.md,onbase,https://ob.wvc-ut.gov/OnBaseAgendaOnline/Documents/DownloadFile/City_Council_Study_Meeting_7026_Minutes_6_2_2020_4_30_00_PM.pdf?documentType=2&meetingId=7026,md
2020-06-02,2020,Municipal Building Authority Regular Meeting,municipal-building-authority-meeting,meeting_minutes/minutes/2020/2020-06-01/2020-06-02_municipal-building-authority-meeting.md,onbase,https://ob.wvc-ut.gov/OnBaseAgendaOnline/Documents/DownloadFile/BA_Regular_Meeting_7116_Minutes_6_2_2020_6_30_00_PM.pdf?documentType=2&meetingId=7116,text
2020-06-02,2020,Redevelopment Agency Regular Meeting,redevelopment-agency-meeting,meeting_minutes/minutes/2020/2020-06-01/2020-06-02_redevelopment-agency-meeting.md,onbase,https://ob.wvc-ut.gov/OnBaseAgendaOnline/Documents/DownloadFile/RDA_Regular_Meeting_7114_Minutes_6_2_2020_6_30_00_PM.pdf?documentType=2&meetingId=7114,text
2020-06-09,2020,City Council Regular Meeting,council-regular-meeting,meeting_minutes/minutes/2020/2020-06-08/2020-06-09_council-regular-meeting.md,onbase,https://ob.wvc-ut.gov/OnBaseAgendaOnline/Documents/DownloadFile/City_Council_Regular_Meeting_7077_Minutes_6_9_2020_6_30_00_PM.pdf?documentType=2&meetingId=7077,md
2020-06-09,2020,City Council Study Meeting,council-study-meeting,meeting_minutes/minutes/2020/2020-06-08/2020-06-09_council-study-meeting.md,onbase,https://ob.wvc-ut.gov/OnBaseAgendaOnline/Documents/DownloadFile/City_Council_Study_Meeting_7027_Minutes_6_9_2020_4_30_00_PM.pdf?documentType=2&meetingId=7027,md
2020-06-16,2020,City Council Regular Meeting,council-regular-meeting,meeting_minutes/minutes/2020/2020-06-15/2020-06-16_council-regular-meeting.md,onbase,https://ob.wvc-ut.gov/OnBaseAgendaOnline/Documents/DownloadFile/City_Council_Regular_Meeting_7078_Minutes_6_16_2020_6_30_00_PM.pdf?documentType=2&meetingId=7078,md
2020-06-16,2020,City Council Study Meeting,council-study-meeting,meeting_minutes/minutes/2020/2020-06-15/2020-06-16_council-study-meeting.md,onbase,https://ob.wvc-ut.gov/OnBaseAgendaOnline/Documents/DownloadFile/City_Council_Study_Meeting_7028_Minutes_6_16_2020_4_30_00_PM.pdf?documentType=2&meetingId=7028,md
2020-06-16,2020,Redevelopment Agency Special Meeting,redevelopment-agency-meeting,meeting_minutes/minutes/2020/2020-06-15/2020-06-16_redevelopment-agency-meeting.md,onbase,https://ob.wvc-ut.gov/OnBaseAgendaOnline/Documents/DownloadFile/Special_RDA_Meeting_7152_Minutes_6_16_2020_6_30_00_PM.pdf?documentType=2&meetingId=7152,text
2020-06-23,2020,City Council Regular Meeting,council-regular-meeting,meeting_minutes/minutes/2020/2020-06-22/2020-06-23_council-regular-meeting.md,onbase,https://ob.wvc-ut.gov/OnBaseAgendaOnline/Documents/DownloadFile/City_Council_Regular_Meeting_7079_Minutes_6_23_2020_6_30_00_PM.pdf?documentType=2&meetingId=7079,md
2020-06-23,2020,City Council Study Meeting,council-study-meeting,meeting_minutes/minutes/2020/2020-06-22/2020-06-23_council-study-meeting.md,onbase,https://ob.wvc-ut.gov/OnBaseAgendaOnline/Documents/DownloadFile/City_Council_Study_Meeting_7029_Minutes_6_23_2020_4_30_00_PM.pdf?documentType=2&meetingId=7029,md
2020-07-07,2020,City Council Regular Meeting,council-regular-meeting,meeting_minutes/minutes/2020/2020-07-06/2020-07-07_council-regular-meeting.md,onbase,https://ob.wvc-ut.gov/OnBaseAgendaOnline/Documents/DownloadFile/City_Council_Regular_Meeting_7081_Minutes_7_7_2020_6_30_00_PM.pdf?documentType=2&meetingId=7081,md
2020-07-07,2020,City Council Study Meeting,council-study-meeting,meeting_minutes/minutes/2020/2020-07-06/2020-07-07_council-study-meeting.md,onbase,https://ob.wvc-ut.gov/OnBaseAgendaOnline/Documents/DownloadFile/City_Council_Study_Meeting_7031_Minutes_7_7_2020_4_30_00_PM.pdf?documentType=2&meetingId=7031,md
2020-07-14,2020,City Council Regular Meeting,council-regular-meeting,meeting_minutes/minutes/2020/2020-07-13/2020-07-14_council-regular-meeting.md,onbase,https://ob.wvc-ut.gov/OnBaseAgendaOnline/Documents/DownloadFile/City_Council_Regular_Meeting_7082_Minutes_7_14_2020_6_30_00_PM.pdf?documentType=2&meetingId=7082,md
2020-07-14,2020,City Council Study Meeting,council-study-meeting,meeting_minutes/minutes/2020/2020-07-13/2020-07-14_council-study-meeting.md,onbase,https://ob.wvc-ut.gov/OnBaseAgendaOnline/Documents/DownloadFile/City_Council_Study_Meeting_7032_Minutes_7_14_2020_4_30_00_PM.pdf?documentType=2&meetingId=7032,md
2020-07-21,2020,City Council Regular Meeting,council-regular-meeting,meeting_minutes/minutes/2020/2020-07-20/2020-07-21_council-regular-meeting.md,onbase,https://ob.wvc-ut.gov/OnBaseAgendaOnline/Documents/DownloadFile/City_Council_Regular_Meeting_7083_Minutes_7_21_2020_6_30_00_PM.pdf?documentType=2&meetingId=7083,md
2020-07-21,2020,City Council Study Meeting,council-study-meeting,meeting_minutes/minutes/2020/2020-07-20/2020-07-21_council-study-meeting.md,onbase,https://ob.wvc-ut.gov/OnBaseAgendaOnline/Documents/DownloadFile/City_Council_Study_Meeting_7033_Minutes_7_21_2020_4_30_00_PM.pdf?documentType=2&meetingId=7033,md
2020-07-28,2020,City Council Regular Meeting,council-regular-meeting,meeting_minutes/minutes/2020/2020-07-27/2020-07-28_council-regular-meeting.md,onbase,https://ob.wvc-ut.gov/OnBaseAgendaOnline/Documents/DownloadFile/City_Council_Regular_Meeting_7084_Minutes_7_28_2020_6_30_00_PM.pdf?documentType=2&meetingId=7084,md
2020-07-28,2020,City Council Study Meeting,council-study-meeting,meeting_minutes/minutes/2020/2020-07-27/2020-07-28_council-study-meeting.md,onbase,https://ob.wvc-ut.gov/OnBaseAgendaOnline/Documents/DownloadFile/City_Council_Study_Meeting_7034_Minutes_7_28_2020_4_30_00_PM.pdf?documentType=2&meetingId=7034,md
2020-08-11,2020,City Council Regular Meeting,council-regular-meeting,meeting_minutes/minutes/2020/2020-08-10/2020-08-11_council-regular-meeting.md,onbase,https://ob.wvc-ut.gov/OnBaseAgendaOnline/Documents/DownloadFile/City_Council_Regular_Meeting_7086_Minutes_8_11_2020_6_30_00_PM.pdf?documentType=2&meetingId=7086,md
2020-08-11,2020,City Council Study Meeting,council-study-meeting,meeting_minutes/minutes/2020/2020-08-10/2020-08-11_council-study-meeting.md,onbase,https://ob.wvc-ut.gov/OnBaseAgendaOnline/Documents/DownloadFile/City_Council_Study_Meeting_7036_Minutes_8_11_2020_4_30_00_PM.pdf?documentType=2&meetingId=7036,md
2020-08-11,2020,Redevelopment Agency Special Meeting,redevelopment-agency-meeting,meeting_minutes/minutes/2020/2020-08-10/2020-08-11_redevelopment-agency-meeting.md,onbase,https://ob.wvc-ut.gov/OnBaseAgendaOnline/Documents/DownloadFile/Special_RDA_Meeting_7155_Minutes_8_11_2020_6_30_00_PM.pdf?documentType=2&meetingId=7155,text
2020-08-18,2020,City Council Regular Meeting,council-regular-meeting,meeting_minutes/minutes/2020/2020-08-17/2020-08-18_council-regular-meeting.md,onbase,https://ob.wvc-ut.gov/OnBaseAgendaOnline/Documents/DownloadFile/City_Council_Regular_Meeting_7087_Minutes_8_18_2020_6_30_00_PM.pdf?documentType=2&meetingId=7087,md
2020-08-18,2020,City Council Study Meeting,council-study-meeting,meeting_minutes/minutes/2020/2020-08-17/2020-08-18_council-study-meeting.md,onbase,https://ob.wvc-ut.gov/OnBaseAgendaOnline/Documents/DownloadFile/City_Council_Study_Meeting_7037_Minutes_8_18_2020_4_30_00_PM.pdf?documentType=2&meetingId=7037,md
2020-08-25,2020,City Council Regular Meeting,council-regular-meeting,meeting_minutes/minutes/2020/2020-08-24/2020-08-25_council-regular-meeting.md,onbase,https://ob.wvc-ut.gov/OnBaseAgendaOnline/Documents/DownloadFile/City_Council_Regular_Meeting_7088_Minutes_8_25_2020_6_30_00_PM.pdf?documentType=2&meetingId=7088,md
2020-08-25,2020,City Council Study Meeting,council-study-meeting,meeting_minutes/minutes/2020/2020-08-24/2020-08-25_council-study-meeting.md,onbase,https://ob.wvc-ut.gov/OnBaseAgendaOnline/Documents/DownloadFile/City_Council_Study_Meeting_7038_Minutes_8_25_2020_4_30_00_PM.pdf?documentType=2&meetingId=7038,md
2020-08-25,2020,Redevelopment Agency Special Meeting,redevelopment-agency-meeting,meeting_minutes/minutes/2020/2020-08-24/2020-08-25_redevelopment-agency-meeting.md,onbase,https://ob.wvc-ut.gov/OnBaseAgendaOnline/Documents/DownloadFile/Special_RDA_Meeting_7156_Minutes_8_25_2020_6_30_00_PM.pdf?documentType=2&meetingId=7156,text
2020-09-01,2020,City Council Regular Meeting,council-regular-meeting,meeting_minutes/minutes/2020/2020-08-31/2020-09-01_council-regular-meeting.md,onbase,https://ob.wvc-ut.gov/OnBaseAgendaOnline/Documents/DownloadFile/City_Council_Regular_Meeting_7089_Minutes_9_1_2020_6_30_00_PM.pdf?documentType=2&meetingId=7089,md
2020-09-01,2020,City Council Study Meeting,council-study-meeting,meeting_minutes/minutes/2020/2020-08-31/2020-09-01_council-study-meeting.md,onbase,https://ob.wvc-ut.gov/OnBaseAgendaOnline/Documents/DownloadFile/City_Council_Study_Meeting_7039_Minutes_9_1_2020_4_30_00_PM.pdf?documentType=2&meetingId=7039,md
2020-09-08,2020,City Council Regular Meeting,council-regular-meeting,meeting_minutes/minutes/2020/2020-09-07/2020-09-08_council-regular-meeting.md,onbase,https://ob.wvc-ut.gov/OnBaseAgendaOnline/Documents/DownloadFile/City_Council_Regular_Meeting_7090_Minutes_9_8_2020_6_30_00_PM.pdf?documentType=2&meetingId=7090,md
2020-09-08,2020,City Council Study Meeting,council-study-meeting,meeting_minutes/minutes/2020/2020-09-07/2020-09-08_council-study-meeting.md,onbase,https://ob.wvc-ut.gov/OnBaseAgendaOnline/Documents/DownloadFile/City_Council_Study_Meeting_7040_Minutes_9_8_2020_4_30_00_PM.pdf?documentType=2&meetingId=7040,md
2020-09-15,2020,City Council Regular Meeting,council-regular-meeting,meeting_minutes/minutes/2020/2020-09-14/2020-09-15_council-regular-meeting.md,onbase,https://ob.wvc-ut.gov/OnBaseAgendaOnline/Documents/DownloadFile/City_Council_Regular_Meeting_7091_Minutes_9_15_2020_6_30_00_PM.pdf?documentType=2&meetingId=7091,md
2020-09-15,2020,City Council Study Meeting,council-study-meeting,meeting_minutes/minutes/2020/2020-09-14/2020-09-15_council-study-meeting.md,onbase,https://ob.wvc-ut.gov/OnBaseAgendaOnline/Documents/DownloadFile/City_Council_Study_Meeting_7041_Minutes_9_15_2020_4_30_00_PM.pdf?documentType=2&meetingId=7041,md
2020-09-22,2020,City Council Regular Meeting,council-regular-meeting,meeting_minutes/minutes/2020/2020-09-21/2020-09-22_council-regular-meeting.md,onbase,https://ob.wvc-ut.gov/OnBaseAgendaOnline/Documents/DownloadFile/City_Council_Regular_Meeting_7092_Minutes_9_22_2020_6_30_00_PM.pdf?documentType=2&meetingId=7092,md
2020-09-22,2020,City Council Study Meeting,council-study-meeting,meeting_minutes/minutes/2020/2020-09-21/2020-09-22_council-study-meeting.md,onbase,https://ob.wvc-ut.gov/OnBaseAgendaOnline/Documents/DownloadFile/City_Council_Study_Meeting_7042_Minutes_9_22_2020_4_30_00_PM.pdf?documentType=2&meetingId=7042,md
2020-10-06,2020,City Council Regular Meeting,council-regular-meeting,meeting_minutes/minutes/2020/2020-10-05/2020-10-06_council-regular-meeting.md,onbase,https://ob.wvc-ut.gov/OnBaseAgendaOnline/Documents/DownloadFile/City_Council_Regular_Meeting_7094_Minutes_10_6_2020_6_30_00_PM.pdf?documentType=2&meetingId=7094,md
2020-10-06,2020,City Council Study Meeting,council-study-meeting,meeting_minutes/minutes/2020/2020-10-05/2020-10-06_council-study-meeting.md,onbase,https://ob.wvc-ut.gov/OnBaseAgendaOnline/Documents/DownloadFile/City_Council_Study_Meeting_7044_Minutes_10_6_2020_4_30_00_PM.pdf?documentType=2&meetingId=7044,md
2020-10-06,2020,Redevelopment Agency Regular Meeting,redevelopment-agency-meeting,meeting_minutes/minutes/2020/2020-10-05/2020-10-06_redevelopment-agency-meeting.md,onbase,https://ob.wvc-ut.gov/OnBaseAgendaOnline/Documents/DownloadFile/RDA_Regular_Meeting_7117_Minutes_10_6_2020_6_30_00_PM.pdf?documentType=2&meetingId=7117,text
2020-10-13,2020,City Council Regular Meeting,council-regular-meeting,meeting_minutes/minutes/2020/2020-10-12/2020-10-13_council-regular-meeting.md,onbase,https://ob.wvc-ut.gov/OnBaseAgendaOnline/Documents/DownloadFile/City_Council_Regular_Meeting_7095_Minutes_10_13_2020_6_30_00_PM.pdf?documentType=2&meetingId=7095,md
2020-10-13,2020,City Council Study Meeting,council-study-meeting,meeting_minutes/minutes/2020/2020-10-12/2020-10-13_council-study-meeting.md,onbase,https://ob.wvc-ut.gov/OnBaseAgendaOnline/Documents/DownloadFile/City_Council_Study_Meeting_7045_Minutes_10_13_2020_4_30_00_PM.pdf?documentType=2&meetingId=7045,md
2020-10-13,2020,Redevelopment Agency Special Meeting,redevelopment-agency-meeting,meeting_minutes/minutes/2020/2020-10-12/2020-10-13_redevelopment-agency-meeting.md,onbase,https://ob.wvc-ut.gov/OnBaseAgendaOnline/Documents/DownloadFile/Special_RDA_Meeting_7157_Minutes_10_13_2020_6_30_00_PM.pdf?documentType=2&meetingId=7157,text
2020-10-20,2020,City Council Regular Meeting,council-regular-meeting,meeting_minutes/minutes/2020/2020-10-19/2020-10-20_council-regular-meeting.md,onbase,https://ob.wvc-ut.gov/OnBaseAgendaOnline/Documents/DownloadFile/City_Council_Regular_Meeting_7096_Minutes_10_20_2020_6_30_00_PM.pdf?documentType=2&meetingId=7096,md
2020-10-20,2020,City Council Study Meeting,council-study-meeting,meeting_minutes/minutes/2020/2020-10-19/2020-10-20_council-study-meeting.md,onbase,https://ob.wvc-ut.gov/OnBaseAgendaOnline/Documents/DownloadFile/City_Council_Study_Meeting_7046_Minutes_10_20_2020_4_30_00_PM.pdf?documentType=2&meetingId=7046,md
2020-10-27,2020,City Council Regular Meeting,council-regular-meeting,meeting_minutes/minutes/2020/2020-10-26/2020-10-27_council-regular-meeting.md,onbase,https://ob.wvc-ut.gov/OnBaseAgendaOnline/Documents/DownloadFile/City_Council_Regular_Meeting_7097_Minutes_10_27_2020_6_30_00_PM.pdf?documentType=2&meetingId=7097,md
2020-10-27,2020,City Council Study Meeting,council-study-meeting,meeting_minutes/minutes/2020/2020-10-26/2020-10-27_council-study-meeting.md,onbase,https://ob.wvc-ut.gov/OnBaseAgendaOnline/Documents/DownloadFile/City_Council_Study_Meeting_7047_Minutes_10_27_2020_4_30_00_PM.pdf?documentType=2&meetingId=7047,md
2020-11-10,2020,City Council Regular Meeting,council-regular-meeting,meeting_minutes/minutes/2020/2020-11-09/2020-11-10_council-regular-meeting.md,onbase,https://ob.wvc-ut.gov/OnBaseAgendaOnline/Documents/DownloadFile/City_Council_Regular_Meeting_7099_Minutes_11_10_2020_6_30_00_PM.pdf?documentType=2&meetingId=7099,md
2020-11-10,2020,City Council Study Meeting,council-study-meeting,meeting_minutes/minutes/2020/2020-11-09/2020-11-10_council-study-meeting.md,onbase,https://ob.wvc-ut.gov/OnBaseAgendaOnline/Documents/DownloadFile/City_Council_Study_Meeting_7049_Minutes_11_10_2020_4_30_00_PM.pdf?documentType=2&meetingId=7049,md
2020-11-17,2020,City Council Regular Meeting,council-regular-meeting,meeting_minutes/minutes/2020/2020-11-16/2020-11-17_council-regular-meeting.md,onbase,https://ob.wvc-ut.gov/OnBaseAgendaOnline/Documents/DownloadFile/City_Council_Regular_Meeting_7100_Minutes_11_17_2020_6_30_00_PM.pdf?documentType=2&meetingId=7100,md
2020-11-17,2020,City Council Study Meeting,council-study-meeting,meeting_minutes/minutes/2020/2020-11-16/2020-11-17_council-study-meeting.md,onbase,https://ob.wvc-ut.gov/OnBaseAgendaOnline/Documents/DownloadFile/City_Council_Study_Meeting_7050_Minutes_11_17_2020_4_30_00_PM.pdf?documentType=2&meetingId=7050,md
2020-11-17,2020,Redevelopment Agency Special Meeting,redevelopment-agency-meeting,meeting_minutes/minutes/2020/2020-11-16/2020-11-17_redevelopment-agency-meeting.md,onbase,https://ob.wvc-ut.gov/OnBaseAgendaOnline/Documents/DownloadFile/Special_RDA_Meeting_7264_Minutes_11_17_2020_6_30_00_PM.pdf?documentType=2&meetingId=7264,text
2020-11-24,2020,City Council Regular Meeting,council-regular-meeting,meeting_minutes/minutes/2020/2020-11-23/2020-11-24_council-regular-meeting.md,onbase,https://ob.wvc-ut.gov/OnBaseAgendaOnline/Documents/DownloadFile/City_Council_Regular_Meeting_7101_Minutes_11_24_2020_6_30_00_PM.pdf?documentType=2&meetingId=7101,md
2020-11-24,2020,City Council Study Meeting,council-study-meeting,meeting_minutes/minutes/2020/2020-11-23/2020-11-24_council-study-meeting.md,onbase,https://ob.wvc-ut.gov/OnBaseAgendaOnline/Documents/DownloadFile/City_Council_Study_Meeting_7051_Minutes_11_24_2020_4_30_00_PM.pdf?documentType=2&meetingId=7051,md
2020-12-01,2020,City Council Study Meeting,council-study-meeting,meeting_minutes/minutes/2020/2020-11-30/2020-12-01_council-study-meeting.md,onbase,https://ob.wvc-ut.gov/OnBaseAgendaOnline/Documents/DownloadFile/City_Council_Study_Meeting_7052_Minutes_12_1_2020_4_30_00_PM.pdf?documentType=2&meetingId=7052,md
2020-12-08,2020,City Council Study Meeting,council-study-meeting,meeting_minutes/minutes/2020/2020-12-07/2020-12-08_council-study-meeting.md,onbase,https://ob.wvc-ut.gov/OnBaseAgendaOnline/Documents/DownloadFile/City_Council_Study_Meeting_7053_Minutes_12_8_2020_4_30_00_PM.pdf?documentType=2&meetingId=7053,md
2020-12-15,2020,City Council Study Meeting,council-study-meeting,meeting_minutes/minutes/2020/2020-12-14/2020-12-15_council-study-meeting.md,onbase,https://ob.wvc-ut.gov/OnBaseAgendaOnline/Documents/DownloadFile/City_Council_Study_Meeting_7054_Minutes_12_15_2020_4_30_00_PM.pdf?documentType=2&meetingId=7054,md
2020-12-15,2020,Redevelopment Agency Special Meeting,redevelopment-agency-meeting,meeting_minutes/minutes/2020/2020-12-14/2020-12-15_redevelopment-agency-meeting.md,onbase,https://ob.wvc-ut.gov/OnBaseAgendaOnline/Documents/DownloadFile/Special_RDA_Meeting_7266_Minutes_12_15_2020_6_30_00_PM.pdf?documentType=2&meetingId=7266,text
2021-01-05,2021,City Council Regular Meeting,council-regular-meeting,meeting_minutes/minutes/2021/2021-01-04/2021-01-05_council-regular-meeting.md,onbase,https://ob.wvc-ut.gov/OnBaseAgendaOnline/Documents/DownloadFile/City_Council_Regular_Meeting_7349_Minutes_1_5_2021_6_30_00_PM.pdf?documentType=2&meetingId=7349,md
2021-01-05,2021,City Council Study Meeting,council-study-meeting,meeting_minutes/minutes/2021/2021-01-04/2021-01-05_council-study-meeting.md,onbase,https://ob.wvc-ut.gov/OnBaseAgendaOnline/Documents/DownloadFile/City_Council_Study_Meeting_7269_Minutes_1_5_2021_4_30_00_PM.pdf?documentType=2&meetingId=7269,md
2021-01-05,2021,Municipal Building Authority Regular Meeting,municipal-building-authority-meeting,meeting_minutes/minutes/2021/2021-01-04/2021-01-05_municipal-building-authority-meeting.md,onbase,https://ob.wvc-ut.gov/OnBaseAgendaOnline/Documents/DownloadFile/Annual_BA_Meeting_7339_Minutes_1_5_2021_6_30_00_PM.pdf?documentType=2&meetingId=7339,text
2021-01-05,2021,Redevelopment Agency Regular Meeting,redevelopment-agency-meeting,meeting_minutes/minutes/2021/2021-01-04/2021-01-05_redevelopment-agency-meeting.md,onbase,https://ob.wvc-ut.gov/OnBaseAgendaOnline/Documents/DownloadFile/Annual_RDA_Meeting_7319_Minutes_1_5_2021_6_30_00_PM.pdf?documentType=2&meetingId=7319,text
2021-01-12,2021,City Council Regular Meeting,council-regular-meeting,meeting_minutes/minutes/2021/2021-01-11/2021-01-12_council-regular-meeting.md,onbase,https://ob.wvc-ut.gov/OnBaseAgendaOnline/Documents/DownloadFile/City_Council_Regular_Meeting_7350_Minutes_1_12_2021_6_30_00_PM.pdf?documentType=2&meetingId=7350,md
2021-01-12,2021,City Council Study Meeting,council-study-meeting,meeting_minutes/minutes/2021/2021-01-11/2021-01-12_council-study-meeting.md,onbase,https://ob.wvc-ut.gov/OnBaseAgendaOnline/Documents/DownloadFile/City_Council_Study_Meeting_7270_Minutes_1_12_2021_4_30_00_PM.pdf?documentType=2&meetingId=7270,md
2021-01-19,2021,City Council Regular Meeting,council-regular-meeting,meeting_minutes/minutes/2021/2021-01-18/2021-01-19_council-regular-meeting.md,onbase,https://ob.wvc-ut.gov/OnBaseAgendaOnline/Documents/DownloadFile/City_Council_Regular_Meeting_7351_Minutes_1_19_2021_6_30_00_PM.pdf?documentType=2&meetingId=7351,md
2021-01-19,2021,City Council Study Meeting,council-study-meeting,meeting_minutes/minutes/2021/2021-01-18/2021-01-19_council-study-meeting.md,onbase,https://ob.wvc-ut.gov/OnBaseAgendaOnline/Documents/DownloadFile/City_Council_Study_Meeting_7271_Minutes_1_19_2021_4_30_00_PM.pdf?documentType=2&meetingId=7271,md
2021-01-26,2021,City Council Regular Meeting,council-regular-meeting,meeting_minutes/minutes/2021/2021-01-25/2021-01-26_council-regular-meeting.md,onbase,https://ob.wvc-ut.gov/OnBaseAgendaOnline/Documents/DownloadFile/City_Council_Regular_Meeting_7352_Minutes_1_26_2021_6_30_00_PM.pdf?documentType=2&meetingId=7352,md
2021-01-26,2021,City Council Study Meeting,council-study-meeting,meeting_minutes/minutes/2021/2021-01-25/2021-01-26_council-study-meeting.md,onbase,https://ob.wvc-ut.gov/OnBaseAgendaOnline/Documents/DownloadFile/City_Council_Study_Meeting_7272_Minutes_1_26_2021_4_30_00_PM.pdf?documentType=2&meetingId=7272,md
2021-02-02,2021,City Council Regular Meeting,council-regular-meeting,meeting_minutes/minutes/2021/2021-02-01/2021-02-02_council-regular-meeting.md,onbase,https://ob.wvc-ut.gov/OnBaseAgendaOnline/Documents/DownloadFile/City_Council_Regular_Meeting_7353_Minutes_2_2_2021_6_30_00_PM.pdf?documentType=2&meetingId=7353,md
2021-02-02,2021,City Council Study Meeting,council-study-meeting,meeting_minutes/minutes/2021/2021-02-01/2021-02-02_council-study-meeting.md,onbase,https://ob.wvc-ut.gov/OnBaseAgendaOnline/Documents/DownloadFile/City_Council_Study_Meeting_7273_Minutes_2_2_2021_4_30_00_PM.pdf?documentType=2&meetingId=7273,md
2021-02-09,2021,City Council Regular Meeting,council-regular-meeting,meeting_minutes/minutes/2021/2021-02-08/2021-02-09_council-regular-meeting.md,onbase,https://ob.wvc-ut.gov/OnBaseAgendaOnline/Documents/DownloadFile/City_Council_Regular_Meeting_7354_Minutes_2_9_2021_6_30_00_PM.pdf?documentType=2&meetingId=7354,md
2021-02-09,2021,City Council Study Meeting,council-study-meeting,meeting_minutes/minutes/2021/2021-02-08/2021-02-09_council-study-meeting.md,onbase,https://ob.wvc-ut.gov/OnBaseAgendaOnline/Documents/DownloadFile/City_Council_Study_Meeting_7274_Minutes_2_9_2021_4_30_00_PM.pdf?documentType=2&meetingId=7274,md
2021-02-16,2021,City Council Regular Meeting,council-regular-meeting,meeting_minutes/minutes/2021/2021-02-15/2021-02-16_council-regular-meeting.md,onbase,https://ob.wvc-ut.gov/OnBaseAgendaOnline/Documents/DownloadFile/City_Council_Regular_Meeting_7355_Minutes_2_16_2021_6_30_00_PM.pdf?documentType=2&meetingId=7355,md
2021-02-16,2021,City Council Study Meeting,council-study-meeting,meeting_minutes/minutes/2021/2021-02-15/2021-02-16_council-study-meeting.md,onbase,https://ob.wvc-ut.gov/OnBaseAgendaOnline/Documents/DownloadFile/City_Council_Study_Meeting_7275_Minutes_2_16_2021_4_30_00_PM.pdf?documentType=2&meetingId=7275,md
2021-02-23,2021,City Council Regular Meeting,council-regular-meeting,meeting_minutes/minutes/2021/2021-02-22/2021-02-23_council-regular-meeting.md,onbase,https://ob.wvc-ut.gov/OnBaseAgendaOnline/Documents/DownloadFile/City_Council_Regular_Meeting_7356_Minutes_2_23_2021_6_30_00_PM.pdf?documentType=2&meetingId=7356,md
2021-02-23,2021,City Council Study Meeting,council-study-meeting,meeting_minutes/minutes/2021/2021-02-22/2021-02-23_council-study-meeting.md,onbase,https://ob.wvc-ut.gov/OnBaseAgendaOnline/Documents/DownloadFile/City_Council_Study_Meeting_7276_Minutes_2_23_2021_4_30_00_PM.pdf?documentType=2&meetingId=7276,md
2021-03-02,2021,City Council Regular Meeting,council-regular-meeting,meeting_minutes/minutes/2021/2021-03-01/2021-03-02_council-regular-meeting.md,onbase,https://ob.wvc-ut.gov/OnBaseAgendaOnline/Documents/DownloadFile/City_Council_Regular_Meeting_7357_Minutes_3_2_2021_6_30_00_PM.pdf?documentType=2&meetingId=7357,md
2021-03-02,2021,City Council Study Meeting,council-study-meeting,meeting_minutes/minutes/2021/2021-03-01/2021-03-02_council-study-meeting.md,onbase,https://ob.wvc-ut.gov/OnBaseAgendaOnline/Documents/DownloadFile/City_Council_Study_Meeting_7277_Minutes_3_2_2021_4_30_00_PM.pdf?documentType=2&meetingId=7277,md
2021-03-09,2021,City Council Regular Meeting,council-regular-meeting,meeting_minutes/minutes/2021/2021-03-08/2021-03-09_council-regular-meeting.md,onbase,https://ob.wvc-ut.gov/OnBaseAgendaOnline/Documents/DownloadFile/City_Council_Regular_Meeting_7358_Minutes_3_9_2021_6_30_00_PM.pdf?documentType=2&meetingId=7358,md
2021-03-09,2021,City Council Study Meeting,council-study-meeting,meeting_minutes/minutes/2021/2021-03-08/2021-03-09_council-study-meeting.md,onbase,https://ob.wvc-ut.gov/OnBaseAgendaOnline/Documents/DownloadFile/City_Council_Study_Meeting_7278_Minutes_3_9_2021_4_30_00_PM.pdf?documentType=2&meetingId=7278,md
2021-03-16,2021,City Council Regular Meeting,council-regular-meeting,meeting_minutes/minutes/2021/2021-03-15/2021-03-16_council-regular-meeting.md,onbase,https://ob.wvc-ut.gov/OnBaseAgendaOnline/Documents/DownloadFile/City_Council_Regular_Meeting_7359_Minutes_3_16_2021_6_30_00_PM.pdf?documentType=2&meetingId=7359,md
2021-03-16,2021,City Council Study Meeting,council-study-meeting,meeting_minutes/minutes/2021/2021-03-15/2021-03-16_council-study-meeting.md,onbase,https://ob.wvc-ut.gov/OnBaseAgendaOnline/Documents/DownloadFile/City_Council_Study_Meeting_7279_Minutes_3_16_2021_4_30_00_PM.pdf?documentType=2&meetingId=7279,md
2021-03-16,2021,Redevelopment Agency Special Meeting,redevelopment-agency-meeting,meeting_minutes/minutes/2021/2021-03-15/2021-03-16_redevelopment-agency-meeting.md,onbase,https://ob.wvc-ut.gov/OnBaseAgendaOnline/Documents/DownloadFile/RDA_Special_Meeting_7418_Minutes_3_16_2021_6_30_00_PM.pdf?documentType=2&meetingId=7418,text
2021-03-23,2021,City Council Regular Meeting,council-regular-meeting,meeting_minutes/minutes/2021/2021-03-22/2021-03-23_council-regular-meeting.md,onbase,https://ob.wvc-ut.gov/OnBaseAgendaOnline/Documents/DownloadFile/City_Council_Regular_Meeting_7360_Minutes_3_23_2021_6_30_00_PM.pdf?documentType=2&meetingId=7360,md
2021-03-23,2021,City Council Study Meeting,council-study-meeting,meeting_minutes/minutes/2021/2021-03-22/2021-03-23_council-study-meeting.md,onbase,https://ob.wvc-ut.gov/OnBaseAgendaOnline/Documents/DownloadFile/City_Council_Study_Meeting_7280_Minutes_3_23_2021_4_30_00_PM.pdf?documentType=2&meetingId=7280,md
2021-04-06,2021,City Council Regular Meeting,council-regular-meeting,meeting_minutes/minutes/2021/2021-04-05/2021-04-06_council-regular-meeting.md,onbase,https://ob.wvc-ut.gov/OnBaseAgendaOnline/Documents/DownloadFile/City_Council_Regular_Meeting_7362_Minutes_4_6_2021_6_30_00_PM.pdf?documentType=2&meetingId=7362,md
2021-04-06,2021,City Council Study Meeting,council-study-meeting,meeting_minutes/minutes/2021/2021-04-05/2021-04-06_council-study-meeting.md,onbase,https://ob.wvc-ut.gov/OnBaseAgendaOnline/Documents/DownloadFile/City_Council_Study_Meeting_7282_Minutes_4_6_2021_4_30_00_PM.pdf?documentType=2&meetingId=7282,md
2021-04-13,2021,City Council Regular Meeting,council-regular-meeting,meeting_minutes/minutes/2021/2021-04-12/2021-04-13_council-regular-meeting.md,onbase,https://ob.wvc-ut.gov/OnBaseAgendaOnline/Documents/DownloadFile/City_Council_Regular_Meeting_7363_Minutes_4_13_2021_6_30_00_PM.pdf?documentType=2&meetingId=7363,md
2021-04-13,2021,City Council Study Meeting,council-study-meeting,meeting_minutes/minutes/2021/2021-04-12/2021-04-13_council-study-meeting.md,onbase,https://ob.wvc-ut.gov/OnBaseAgendaOnline/Documents/DownloadFile/City_Council_Study_Meeting_7283_Minutes_4_13_2021_4_30_00_PM.pdf?documentType=2&meetingId=7283,md
2021-04-20,2021,City Council Regular Meeting,council-regular-meeting,meeting_minutes/minutes/2021/2021-04-19/2021-04-20_council-regular-meeting.md,onbase,https://ob.wvc-ut.gov/OnBaseAgendaOnline/Documents/DownloadFile/City_Council_Regular_Meeting_7364_Minutes_4_20_2021_6_30_00_PM.pdf?documentType=2&meetingId=7364,md
2021-04-20,2021,City Council Study Meeting,council-study-meeting,meeting_minutes/minutes/2021/2021-04-19/2021-04-20_council-study-meeting.md,onbase,https://ob.wvc-ut.gov/OnBaseAgendaOnline/Documents/DownloadFile/City_Council_Study_Meeting_7284_Minutes_4_20_2021_4_30_00_PM.pdf?documentType=2&meetingId=7284,md
2021-04-27,2021,City Council Regular Meeting,council-regular-meeting,meeting_minutes/minutes/2021/2021-04-26/2021-04-27_council-regular-meeting.md,onbase,https://ob.wvc-ut.gov/OnBaseAgendaOnline/Documents/DownloadFile/City_Council_Regular_Meeting_7365_Minutes_4_27_2021_6_30_00_PM.pdf?documentType=2&meetingId=7365,md
2021-04-27,2021,City Council Study Meeting,council-study-meeting,meeting_minutes/minutes/2021/2021-04-26/2021-04-27_council-study-meeting.md,onbase,https://ob.wvc-ut.gov/OnBaseAgendaOnline/Documents/DownloadFile/City_Council_Study_Meeting_7285_Minutes_4_27_2021_4_30_00_PM.pdf?documentType=2&meetingId=7285,md
2021-05-04,2021,City Council Regular Meeting,council-regular-meeting,meeting_minutes/minutes/2021/2021-05-03/2021-05-04_council-regular-meeting.md,onbase,https://ob.wvc-ut.gov/OnBaseAgendaOnline/Documents/DownloadFile/City_Council_Regular_Meeting_7366_Minutes_5_4_2021_6_30_00_PM.pdf?documentType=2&meetingId=7366,md
2021-05-04,2021,City Council Study Meeting,council-study-meeting,meeting_minutes/minutes/2021/2021-05-03/2021-05-04_council-study-meeting.md,onbase,https://ob.wvc-ut.gov/OnBaseAgendaOnline/Documents/DownloadFile/City_Council_Study_Meeting_7286_Minutes_5_4_2021_4_30_00_PM.pdf?documentType=2&meetingId=7286,md
2021-05-04,2021,Municipal Building Authority Regular Meeting,municipal-building-authority-meeting,meeting_minutes/minutes/2021/2021-05-03/2021-05-04_municipal-building-authority-meeting.md,onbase,https://ob.wvc-ut.gov/OnBaseAgendaOnline/Documents/DownloadFile/Regular_BA_Meeting_7343_Minutes_5_4_2021_6_30_00_PM.pdf?documentType=2&meetingId=7343,text
2021-05-04,2021,Redevelopment Agency Regular Meeting,redevelopment-agency-meeting,meeting_minutes/minutes/2021/2021-05-03/2021-05-04_redevelopment-agency-meeting.md,onbase,https://ob.wvc-ut.gov/OnBaseAgendaOnline/Documents/DownloadFile/Regular_RDA_Meeting_7323_Minutes_5_4_2021_6_30_00_PM.pdf?documentType=2&meetingId=7323,text
2021-05-11,2021,City Council Regular Meeting,council-regular-meeting,meeting_minutes/minutes/2021/2021-05-10/2021-05-11_council-regular-meeting.md,onbase,https://ob.wvc-ut.gov/OnBaseAgendaOnline/Documents/DownloadFile/City_Council_Regular_Meeting_7367_Minutes_5_11_2021_6_30_00_PM.pdf?documentType=2&meetingId=7367,md
2021-05-11,2021,City Council Study Meeting,council-study-meeting,meeting_minutes/minutes/2021/2021-05-10/2021-05-11_council-study-meeting.md,onbase,https://ob.wvc-ut.gov/OnBaseAgendaOnline/Documents/DownloadFile/City_Council_Study_Meeting_7287_Minutes_5_11_2021_4_30_00_PM.pdf?documentType=2&meetingId=7287,md
2021-05-18,2021,City Council Regular Meeting,council-regular-meeting,meeting_minutes/minutes/2021/2021-05-17/2021-05-18_council-regular-meeting.md,onbase,https://ob.wvc-ut.gov/OnBaseAgendaOnline/Documents/DownloadFile/City_Council_Regular_Meeting_7368_Minutes_5_18_2021_6_30_00_PM.pdf?documentType=2&meetingId=7368,md
2021-05-18,2021,City Council Study Meeting,council-study-meeting,meeting_minutes/minutes/2021/2021-05-17/2021-05-18_council-study-meeting.md,onbase,https://ob.wvc-ut.gov/OnBaseAgendaOnline/Documents/DownloadFile/City_Council_Study_Meeting_7288_Minutes_5_18_2021_4_30_00_PM.pdf?documentType=2&meetingId=7288,md
2021-05-18,2021,Redevelopment Agency Special Meeting,redevelopment-agency-meeting,meeting_minutes/minutes/2021/2021-05-17/2021-05-18_redevelopment-agency-meeting.md,onbase,https://ob.wvc-ut.gov/OnBaseAgendaOnline/Documents/DownloadFile/RDA_Special_Meeting_7419_Minutes_5_18_2021_6_30_00_PM.pdf?documentType=2&meetingId=7419,text
2021-05-25,2021,City Council Regular Meeting,council-regular-meeting,meeting_minutes/minutes/2021/2021-05-24/2021-05-25_council-regular-meeting.md,onbase,https://ob.wvc-ut.gov/OnBaseAgendaOnline/Documents/DownloadFile/City_Council_Regular_Meeting_7369_Minutes_5_25_2021_6_30_00_PM.pdf?documentType=2&meetingId=7369,md
2021-05-25,2021,City Council Study Meeting,council-study-meeting,meeting_minutes/minutes/2021/2021-05-24/2021-05-25_council-study-meeting.md,onbase,https://ob.wvc-ut.gov/OnBaseAgendaOnline/Documents/DownloadFile/City_Council_Study_Meeting_7289_Minutes_5_25_2021_4_30_00_PM.pdf?documentType=2&meetingId=7289,md
2021-06-01,2021,City Council Regular Meeting,council-regular-meeting,meeting_minutes/minutes/2021/2021-05-31/2021-06-01_council-regular-meeting.md,onbase,https://ob.wvc-ut.gov/OnBaseAgendaOnline/Documents/DownloadFile/City_Council_Regular_Meeting_7370_Minutes_6_1_2021_6_30_00_PM.pdf?documentType=2&meetingId=7370,md
2021-06-01,2021,City Council Study Meeting,council-study-meeting,meeting_minutes/minutes/2021/2021-05-31/2021-06-01_council-study-meeting.md,onbase,https://ob.wvc-ut.gov/OnBaseAgendaOnline/Documents/DownloadFile/City_Council_Study_Meeting_7290_Minutes_6_1_2021_4_30_00_PM.pdf?documentType=2&meetingId=7290,md
2021-06-01,2021,Municipal Building Authority Regular Meeting,municipal-building-authority-meeting,meeting_minutes/minutes/2021/2021-05-31/2021-06-01_municipal-building-authority-meeting.md,onbase,https://ob.wvc-ut.gov/OnBaseAgendaOnline/Documents/DownloadFile/Regular_BA_Meeting_7344_Minutes_6_1_2021_6_30_00_PM.pdf?documentType=2&meetingId=7344,text
2021-06-01,2021,Redevelopment Agency Regular Meeting,redevelopment-agency-meeting,meeting_minutes/minutes/2021/2021-05-31/2021-06-01_redevelopment-agency-meeting.md,onbase,https://ob.wvc-ut.gov/OnBaseAgendaOnline/Documents/DownloadFile/Regular_RDA_Meeting_7324_Minutes_6_1_2021_6_30_00_PM.pdf?documentType=2&meetingId=7324,text
2021-06-08,2021,City Council Regular Meeting,council-regular-meeting,meeting_minutes/minutes/2021/2021-06-07/2021-06-08_council-regular-meeting.md,onbase,https://ob.wvc-ut.gov/OnBaseAgendaOnline/Documents/DownloadFile/City_Council_Regular_Meeting_7371_Minutes_6_8_2021_6_30_00_PM.pdf?documentType=2&meetingId=7371,md
2021-06-08,2021,City Council Study Meeting,council-study-meeting,meeting_minutes/minutes/2021/2021-06-07/2021-06-08_council-study-meeting.md,onbase,https://ob.wvc-ut.gov/OnBaseAgendaOnline/Documents/DownloadFile/City_Council_Study_Meeting_7291_Minutes_6_8_2021_4_30_00_PM.pdf?documentType=2&meetingId=7291,md
2021-06-22,2021,City Council Regular Meeting,council-regular-meeting,meeting_minutes/minutes/2021/2021-06-21/2021-06-22_council-regular-meeting.md,onbase,https://ob.wvc-ut.gov/OnBaseAgendaOnline/Documents/DownloadFile/City_Council_Regular_Meeting_7373_Minutes_6_22_2021_6_30_00_PM.pdf?documentType=2&meetingId=7373,md
2021-06-22,2021,City Council Study Meeting,council-study-meeting,meeting_minutes/minutes/2021/2021-06-21/2021-06-22_council-study-meeting.md,onbase,https://ob.wvc-ut.gov/OnBaseAgendaOnline/Documents/DownloadFile/City_Council_Study_Meeting_7293_Minutes_6_22_2021_4_30_00_PM.pdf?documentType=2&meetingId=7293,md
2021-07-06,2021,City Council Regular Meeting,council-regular-meeting,meeting_minutes/minutes/2021/2021-07-05/2021-07-06_council-regular-meeting.md,onbase,https://ob.wvc-ut.gov/OnBaseAgendaOnline/Documents/DownloadFile/City_Council_Regular_Meeting_7375_Minutes_7_6_2021_6_30_00_PM.pdf?documentType=2&meetingId=7375,md
2021-07-06,2021,City Council Study Meeting,council-study-meeting,meeting_minutes/minutes/2021/2021-07-05/2021-07-06_council-study-meeting.md,onbase,https://ob.wvc-ut.gov/OnBaseAgendaOnline/Documents/DownloadFile/City_Council_Study_Meeting_7295_Minutes_7_6_2021_4_30_00_PM.pdf?documentType=2&meetingId=7295,md
2021-07-06,2021,Redevelopment Agency Special Meeting,redevelopment-agency-meeting,meeting_minutes/minutes/2021/2021-07-05/2021-07-06_redevelopment-agency-meeting.md,onbase,https://ob.wvc-ut.gov/OnBaseAgendaOnline/Documents/DownloadFile/Special_RDA_Meeting_7420_Minutes_7_6_2021_6_30_00_PM.pdf?documentType=2&meetingId=7420,text
2021-07-13,2021,City Council Regular Meeting,council-regular-meeting,meeting_minutes/minutes/2021/2021-07-12/2021-07-13_council-regular-meeting.md,onbase,https://ob.wvc-ut.gov/OnBaseAgendaOnline/Documents/DownloadFile/City_Council_Regular_Meeting_7376_Minutes_7_13_2021_6_30_00_PM.pdf?documentType=2&meetingId=7376,md
2021-07-13,2021,City Council Study Meeting,council-study-meeting,meeting_minutes/minutes/2021/2021-07-12/2021-07-13_council-study-meeting.md,onbase,https://ob.wvc-ut.gov/OnBaseAgendaOnline/Documents/DownloadFile/City_Council_Study_Meeting_7296_Minutes_7_13_2021_4_30_00_PM.pdf?documentType=2&meetingId=7296,md
2021-07-20,2021,City Council Regular Meeting,council-regular-meeting,meeting_minutes/minutes/2021/2021-07-19/2021-07-20_council-regular-meeting.md,onbase,https://ob.wvc-ut.gov/OnBaseAgendaOnline/Documents/DownloadFile/City_Council_Regular_Meeting_7377_Minutes_7_20_2021_6_30_00_PM.pdf?documentType=2&meetingId=7377,md
2021-07-20,2021,City Council Study Meeting,council-study-meeting,meeting_minutes/minutes/2021/2021-07-19/2021-07-20_council-study-meeting.md,onbase,https://ob.wvc-ut.gov/OnBaseAgendaOnline/Documents/DownloadFile/City_Council_Study_Meeting_7297_Minutes_7_20_2021_4_30_00_PM.pdf?documentType=2&meetingId=7297,md
2021-07-27,2021,City Council Regular Meeting,council-regular-meeting,meeting_minutes/minutes/2021/2021-07-26/2021-07-27_council-regular-meeting.md,onbase,https://ob.wvc-ut.gov/OnBaseAgendaOnline/Documents/DownloadFile/City_Council_Regular_Meeting_7378_Minutes_7_27_2021_6_30_00_PM.pdf?documentType=2&meetingId=7378,md
2021-07-27,2021,City Council Study Meeting,council-study-meeting,meeting_minutes/minutes/2021/2021-07-26/2021-07-27_council-study-meeting.md,onbase,https://ob.wvc-ut.gov/OnBaseAgendaOnline/Documents/DownloadFile/City_Council_Study_Meeting_7298_Minutes_7_27_2021_4_30_00_PM.pdf?documentType=2&meetingId=7298,md
2021-08-10,2021,City Council Regular Meeting,council-regular-meeting,meeting_minutes/minutes/2021/2021-08-09/2021-08-10_council-regular-meeting.md,onbase,https://ob.wvc-ut.gov/OnBaseAgendaOnline/Documents/DownloadFile/City_Council_Regular_Meeting_7380_Minutes_8_10_2021_6_30_00_PM.pdf?documentType=2&meetingId=7380,md
2021-08-10,2021,City Council Study Meeting,council-study-meeting,meeting_minutes/minutes/2021/2021-08-09/2021-08-10_council-study-meeting.md,onbase,https://ob.wvc-ut.gov/OnBaseAgendaOnline/Documents/DownloadFile/City_Council_Study_Meeting_7300_Minutes_8_10_2021_4_30_00_PM.pdf?documentType=2&meetingId=7300,md
2021-08-17,2021,City Council Regular Meeting,council-regular-meeting,meeting_minutes/minutes/2021/2021-08-16/2021-08-17_council-regular-meeting.md,onbase,https://ob.wvc-ut.gov/OnBaseAgendaOnline/Documents/DownloadFile/City_Council_Regular_Meeting_7381_Minutes_8_17_2021_6_30_00_PM.pdf?documentType=2&meetingId=7381,md
2021-08-17,2021,City Council Study Meeting,council-study-meeting,meeting_minutes/minutes/2021/2021-08-16/2021-08-17_council-study-meeting.md,onbase,https://ob.wvc-ut.gov/OnBaseAgendaOnline/Documents/DownloadFile/City_Council_Study_Meeting_7301_Minutes_8_17_2021_4_30_00_PM.pdf?documentType=2&meetingId=7301,md
2021-08-17,2021,Redevelopment Agency Special Meeting,redevelopment-agency-meeting,meeting_minutes/minutes/2021/2021-08-16/2021-08-17_redevelopment-agency-meeting.md,onbase,https://ob.wvc-ut.gov/OnBaseAgendaOnline/Documents/DownloadFile/RDA_Special_Meeting_7421_Minutes_8_17_2021_6_30_00_PM.pdf?documentType=2&meetingId=7421,text
2021-08-24,2021,City Council Regular Meeting,council-regular-meeting,meeting_minutes/minutes/2021/2021-08-23/2021-08-24_council-regular-meeting.md,onbase,https://ob.wvc-ut.gov/OnBaseAgendaOnline/Documents/DownloadFile/City_Council_Regular_Meeting_7382_Minutes_8_24_2021_6_30_00_PM.pdf?documentType=2&meetingId=7382,md
2021-08-24,2021,City Council Study Meeting,council-study-meeting,meeting_minutes/minutes/2021/2021-08-23/2021-08-24_council-study-meeting.md,onbase,https://ob.wvc-ut.gov/OnBaseAgendaOnline/Documents/DownloadFile/City_Council_Study_Meeting_7302_Minutes_8_24_2021_4_30_00_PM.pdf?documentType=2&meetingId=7302,md
2021-09-07,2021,City Council Regular Meeting,council-regular-meeting,meeting_minutes/minutes/2021/2021-09-06/2021-09-07_council-regular-meeting.md,onbase,https://ob.wvc-ut.gov/OnBaseAgendaOnline/Documents/DownloadFile/City_Council_Regular_Meeting_7384_Minutes_9_7_2021_6_30_00_PM.pdf?documentType=2&meetingId=7384,md
2021-09-07,2021,City Council Study Meeting,council-study-meeting,meeting_minutes/minutes/2021/2021-09-06/2021-09-07_council-study-meeting.md,onbase,https://ob.wvc-ut.gov/OnBaseAgendaOnline/Documents/DownloadFile/City_Council_Study_Meeting_7304_Minutes_9_7_2021_4_30_00_PM.pdf?documentType=2&meetingId=7304,md
2021-09-14,2021,City Council Regular Meeting,council-regular-meeting,meeting_minutes/minutes/2021/2021-09-13/2021-09-14_council-regular-meeting.md,onbase,https://ob.wvc-ut.gov/OnBaseAgendaOnline/Documents/DownloadFile/City_Council_Regular_Meeting_7385_Minutes_9_14_2021_6_30_00_PM.pdf?documentType=2&meetingId=7385,md
2021-09-14,2021,City Council Study Meeting,council-study-meeting,meeting_minutes/minutes/2021/2021-09-13/2021-09-14_council-study-meeting.md,onbase,https://ob.wvc-ut.gov/OnBaseAgendaOnline/Documents/DownloadFile/City_Council_Study_Meeting_7305_Minutes_9_14_2021_4_30_00_PM.pdf?documentType=2&meetingId=7305,md
2021-09-14,2021,Redevelopment Agency Special Meeting,redevelopment-agency-meeting,meeting_minutes/minutes/2021/2021-09-13/2021-09-14_redevelopment-agency-meeting.md,onbase,https://ob.wvc-ut.gov/OnBaseAgendaOnline/Documents/DownloadFile/RDA_Special_Meeting_7422_Minutes_9_14_2021_6_30_00_PM.pdf?documentType=2&meetingId=7422,text
2021-09-21,2021,City Council Regular Meeting,council-regular-meeting,meeting_minutes/minutes/2021/2021-09-20/2021-09-21_council-regular-meeting.md,onbase,https://ob.wvc-ut.gov/OnBaseAgendaOnline/Documents/DownloadFile/City_Council_Regular_Meeting_7386_Minutes_9_21_2021_6_30_00_PM.pdf?documentType=2&meetingId=7386,md
2021-09-21,2021,City Council Study Meeting,council-study-meeting,meeting_minutes/minutes/2021/2021-09-20/2021-09-21_council-study-meeting.md,onbase,https://ob.wvc-ut.gov/OnBaseAgendaOnline/Documents/DownloadFile/City_Council_Study_Meeting_7306_Minutes_9_21_2021_4_30_00_PM.pdf?documentType=2&meetingId=7306,md
2021-09-28,2021,City Council Regular Meeting,council-regular-meeting,meeting_minutes/minutes/2021/2021-09-27/2021-09-28_council-regular-meeting.md,onbase,https://ob.wvc-ut.gov/OnBaseAgendaOnline/Documents/DownloadFile/City_Council_Regular_Meeting_7387_Minutes_9_28_2021_6_30_00_PM.pdf?documentType=2&meetingId=7387,md
2021-09-28,2021,City Council Study Meeting,council-study-meeting,meeting_minutes/minutes/2021/2021-09-27/2021-09-28_council-study-meeting.md,pmn,https://www.utah.gov/pmn/files/767025.pdf,text
2021-10-05,2021,City Council Regular Meeting,council-regular-meeting,meeting_minutes/minutes/2021/2021-10-04/2021-10-05_council-regular-meeting.md,onbase,https://ob.wvc-ut.gov/OnBaseAgendaOnline/Documents/DownloadFile/City_Council_Regular_Meeting_7388_Minutes_10_5_2021_6_30_00_PM.pdf?documentType=2&meetingId=7388,md
2021-10-05,2021,City Council Study Meeting,council-study-meeting,meeting_minutes/minutes/2021/2021-10-04/2021-10-05_council-study-meeting.md,onbase,https://ob.wvc-ut.gov/OnBaseAgendaOnline/Documents/DownloadFile/City_Council_Study_Meeting_7308_Minutes_10_5_2021_4_30_00_PM.pdf?documentType=2&meetingId=7308,md
2021-10-05,2021,Redevelopment Agency Regular Meeting,redevelopment-agency-meeting,meeting_minutes/minutes/2021/2021-10-04/2021-10-05_redevelopment-agency-meeting.md,onbase,https://ob.wvc-ut.gov/OnBaseAgendaOnline/Documents/DownloadFile/Regular_RDA_Meeting_7328_Minutes_10_5_2021_6_30_00_PM.pdf?documentType=2&meetingId=7328,text
2021-10-12,2021,City Council Regular Meeting,council-regular-meeting,meeting_minutes/minutes/2021/2021-10-11/2021-10-12_council-regular-meeting.md,onbase,https://ob.wvc-ut.gov/OnBaseAgendaOnline/Documents/DownloadFile/City_Council_Regular_Meeting_7389_Minutes_10_12_2021_6_30_00_PM.pdf?documentType=2&meetingId=7389,md
2021-10-12,2021,City Council Study Meeting,council-study-meeting,meeting_minutes/minutes/2021/2021-10-11/2021-10-12_council-study-meeting.md,onbase,https://ob.wvc-ut.gov/OnBaseAgendaOnline/Documents/DownloadFile/City_Council_Study_Meeting_7309_Minutes_10_12_2021_4_30_00_PM.pdf?documentType=2&meetingId=7309,md
2021-10-19,2021,City Council Regular Meeting,council-regular-meeting,meeting_minutes/minutes/2021/2021-10-18/2021-10-19_council-regular-meeting.md,onbase,https://ob.wvc-ut.gov/OnBaseAgendaOnline/Documents/DownloadFile/City_Council_Regular_Meeting_7390_Minutes_10_19_2021_6_30_00_PM.pdf?documentType=2&meetingId=7390,md
2021-10-19,2021,City Council Study Meeting,council-study-meeting,meeting_minutes/minutes/2021/2021-10-18/2021-10-19_council-study-meeting.md,onbase,https://ob.wvc-ut.gov/OnBaseAgendaOnline/Documents/DownloadFile/City_Council_Study_Meeting_7310_Minutes_10_19_2021_4_30_00_PM.pdf?documentType=2&meetingId=7310,md
2021-10-26,2021,City Council Regular Meeting,council-regular-meeting,meeting_minutes/minutes/2021/2021-10-25/2021-10-26_council-regular-meeting.md,onbase,https://ob.wvc-ut.gov/OnBaseAgendaOnline/Documents/DownloadFile/City_Council_Regular_Meeting_7391_Minutes_10_26_2021_6_30_00_PM.pdf?documentType=2&meetingId=7391,md
2021-10-26,2021,City Council Study Meeting,council-study-meeting,meeting_minutes/minutes/2021/2021-10-25/2021-10-26_council-study-meeting.md,onbase,https://ob.wvc-ut.gov/OnBaseAgendaOnline/Documents/DownloadFile/City_Council_Study_Meeting_7311_Minutes_10_26_2021_4_30_00_PM.pdf?documentType=2&meetingId=7311,md
2021-11-09,2021,City Council Regular Meeting,council-regular-meeting,meeting_minutes/minutes/2021/2021-11-08/2021-11-09_council-regular-meeting.md,onbase,https://ob.wvc-ut.gov/OnBaseAgendaOnline/Documents/DownloadFile/City_Council_Regular_Meeting_7393_Minutes_11_9_2021_6_30_00_PM.pdf?documentType=2&meetingId=7393,md
2021-11-09,2021,City Council Study Meeting,council-study-meeting,meeting_minutes/minutes/2021/2021-11-08/2021-11-09_council-study-meeting.md,onbase,https://ob.wvc-ut.gov/OnBaseAgendaOnline/Documents/DownloadFile/City_Council_Study_Meeting_7313_Minutes_11_9_2021_4_30_00_PM.pdf?documentType=2&meetingId=7313,md
2021-11-16,2021,City Council Regular Meeting,council-regular-meeting,meeting_minutes/minutes/2021/2021-11-15/2021-11-16_council-regular-meeting.md,onbase,https://ob.wvc-ut.gov/OnBaseAgendaOnline/Documents/DownloadFile/City_Council_Regular_Meeting_7394_Minutes_11_16_2021_6_30_00_PM.pdf?documentType=2&meetingId=7394,md
2021-11-16,2021,City Council Study Meeting,council-study-meeting,meeting_minutes/minutes/2021/2021-11-15/2021-11-16_council-study-meeting.md,onbase,https://ob.wvc-ut.gov/OnBaseAgendaOnline/Documents/DownloadFile/City_Council_Study_Meeting_7314_Minutes_11_16_2021_4_30_00_PM.pdf?documentType=2&meetingId=7314,md
2021-11-23,2021,City Council Regular Meeting,council-regular-meeting,meeting_minutes/minutes/2021/2021-11-22/2021-11-23_council-regular-meeting.md,onbase,https://ob.wvc-ut.gov/OnBaseAgendaOnline/Documents/DownloadFile/City_Council_Regular_Meeting_7395_Minutes_11_23_2021_6_30_00_PM.pdf?documentType=2&meetingId=7395,md
2021-11-23,2021,City Council Study Meeting,council-study-meeting,meeting_minutes/minutes/2021/2021-11-22/2021-11-23_council-study-meeting.md,onbase,https://ob.wvc-ut.gov/OnBaseAgendaOnline/Documents/DownloadFile/City_Council_Study_Meeting_7315_Minutes_11_23_2021_4_30_00_PM.pdf?documentType=2&meetingId=7315,md
2021-12-07,2021,City Council Regular Meeting,council-regular-meeting,meeting_minutes/minutes/2021/2021-12-06/2021-12-07_council-regular-meeting.md,onbase,https://ob.wvc-ut.gov/OnBaseAgendaOnline/Documents/DownloadFile/City_Council_Regular_Meeting_7397_Minutes_12_7_2021_6_30_00_PM.pdf?documentType=2&meetingId=7397,md
2021-12-07,2021,City Council Study Meeting,council-study-meeting,meeting_minutes/minutes/2021/2021-12-06/2021-12-07_council-study-meeting.md,onbase,https://ob.wvc-ut.gov/OnBaseAgendaOnline/Documents/DownloadFile/City_Council_Study_Meeting_7317_Minutes_12_7_2021_4_30_00_PM.pdf?documentType=2&meetingId=7317,md
2021-12-14,2021,City Council Regular Meeting,council-regular-meeting,meeting_minutes/minutes/2021/2021-12-13/2021-12-14_council-regular-meeting.md,onbase,https://ob.wvc-ut.gov/OnBaseAgendaOnline/Documents/DownloadFile/City_Council_Regular_Meeting_7398_Minutes_12_14_2021_6_30_00_PM.pdf?documentType=2&meetingId=7398,md
2021-12-14,2021,City Council Study Meeting,council-study-meeting,meeting_minutes/minutes/2021/2021-12-13/2021-12-14_council-study-meeting.md,onbase,https://ob.wvc-ut.gov/OnBaseAgendaOnline/Documents/DownloadFile/City_Council_Study_Meeting_7318_Minutes_12_14_2021_4_30_00_PM.pdf?documentType=2&meetingId=7318,md
2021-12-14,2021,Redevelopment Agency Special Meeting,redevelopment-agency-meeting,meeting_minutes/minutes/2021/2021-12-13/2021-12-14_redevelopment-agency-meeting.md,onbase,https://ob.wvc-ut.gov/OnBaseAgendaOnline/Documents/DownloadFile/Special_RDA_Meeting_7490_Minutes_12_14_2021_6_30_00_PM.pdf?documentType=2&meetingId=7490,text
2022-01-04,2022,City Council Regular Meeting,council-regular-meeting,meeting_minutes/minutes/2022/2022-01-03/2022-01-04_council-regular-meeting.md,onbase,https://ob.wvc-ut.gov/OnBaseAgendaOnline/Documents/DownloadFile/City_Council_Regular_Meeting_7545_Minutes_1_4_2022_6_30_00_PM.pdf?documentType=2&meetingId=7545,md
2022-01-04,2022,City Council Study Meeting,council-study-meeting,meeting_minutes/minutes/2022/2022-01-03/2022-01-04_council-study-meeting.md,onbase,https://ob.wvc-ut.gov/OnBaseAgendaOnline/Documents/DownloadFile/City_Council_Study_Meeting_7495_Minutes_1_4_2022_4_30_00_PM.pdf?documentType=2&meetingId=7495,md
2022-01-04,2022,Municipal Building Authority Regular Meeting,municipal-building-authority-meeting,meeting_minutes/minutes/2022/2022-01-03/2022-01-04_municipal-building-authority-meeting.md,onbase,https://ob.wvc-ut.gov/OnBaseAgendaOnline/Documents/DownloadFile/BA_Regular_Meeting_7492_Minutes_1_4_2022_6_30_00_PM.pdf?documentType=2&meetingId=7492,text
2022-01-04,2022,Redevelopment Agency Regular Meeting,redevelopment-agency-meeting,meeting_minutes/minutes/2022/2022-01-03/2022-01-04_redevelopment-agency-meeting.md,onbase,https://ob.wvc-ut.gov/OnBaseAgendaOnline/Documents/DownloadFile/RDA_Regular_Meeting_7494_Minutes_1_4_2022_6_30_00_PM.pdf?documentType=2&meetingId=7494,text
2022-01-11,2022,City Council Regular Meeting,council-regular-meeting,meeting_minutes/minutes/2022/2022-01-10/2022-01-11_council-regular-meeting.md,onbase,https://ob.wvc-ut.gov/OnBaseAgendaOnline/Documents/DownloadFile/City_Council_Regular_Meeting_7546_Minutes_1_11_2022_6_30_00_PM.pdf?documentType=2&meetingId=7546,md
2022-01-11,2022,City Council Study Meeting,council-study-meeting,meeting_minutes/minutes/2022/2022-01-10/2022-01-11_council-study-meeting.md,onbase,https://ob.wvc-ut.gov/OnBaseAgendaOnline/Documents/DownloadFile/City_Council_Study_Meeting_7496_Minutes_1_11_2022_4_30_00_PM.pdf?documentType=2&meetingId=7496,md
2022-01-18,2022,City Council Regular Meeting,council-regular-meeting,meeting_minutes/minutes/2022/2022-01-17/2022-01-18_council-regular-meeting.md,onbase,https://ob.wvc-ut.gov/OnBaseAgendaOnline/Documents/DownloadFile/City_Council_Regular_Meeting_7547_Minutes_1_18_2022_6_30_00_PM.pdf?documentType=2&meetingId=7547,md
2022-01-18,2022,City Council Study Meeting,council-study-meeting,meeting_minutes/minutes/2022/2022-01-17/2022-01-18_council-study-meeting.md,onbase,https://ob.wvc-ut.gov/OnBaseAgendaOnline/Documents/DownloadFile/City_Council_Study_Meeting_7497_Minutes_1_18_2022_4_30_00_PM.pdf?documentType=2&meetingId=7497,md
2022-01-25,2022,City Council Regular Meeting,council-regular-meeting,meeting_minutes/minutes/2022/2022-01-24/2022-01-25_council-regular-meeting.md,onbase,https://ob.wvc-ut.gov/OnBaseAgendaOnline/Documents/DownloadFile/City_Council_Regular_Meeting_7548_Minutes_1_25_2022_6_30_00_PM.pdf?documentType=2&meetingId=7548,md
2022-01-25,2022,City Council Study Meeting,council-study-meeting,meeting_minutes/minutes/2022/2022-01-24/2022-01-25_council-study-meeting.md,onbase,https://ob.wvc-ut.gov/OnBaseAgendaOnline/Documents/DownloadFile/City_Council_Study_Meeting_7498_Minutes_1_25_2022_4_30_00_PM.pdf?documentType=2&meetingId=7498,md
2022-02-01,2022,City Council Regular Meeting,council-regular-meeting,meeting_minutes/minutes/2022/2022-01-31/2022-02-01_council-regular-meeting.md,onbase,https://ob.wvc-ut.gov/OnBaseAgendaOnline/Documents/DownloadFile/City_Council_Regular_Meeting_7549_Minutes_2_1_2022_6_30_00_PM.pdf?documentType=2&meetingId=7549,md
2022-02-01,2022,City Council Study Meeting,council-study-meeting,meeting_minutes/minutes/2022/2022-01-31/2022-02-01_council-study-meeting.md,onbase,https://ob.wvc-ut.gov/OnBaseAgendaOnline/Documents/DownloadFile/City_Council_Study_Meeting_7499_Minutes_2_1_2022_4_30_00_PM.pdf?documentType=2&meetingId=7499,md
2022-02-08,2022,City Council Regular Meeting,council-regular-meeting,meeting_minutes/minutes/2022/2022-02-07/2022-02-08_council-regular-meeting.md,onbase,https://ob.wvc-ut.gov/OnBaseAgendaOnline/Documents/DownloadFile/City_Council_Regular_Meeting_7550_Minutes_2_8_2022_6_30_00_PM.pdf?documentType=2&meetingId=7550,md
2022-02-08,2022,City Council Study Meeting,council-study-meeting,meeting_minutes/minutes/2022/2022-02-07/2022-02-08_council-study-meeting.md,onbase,https://ob.wvc-ut.gov/OnBaseAgendaOnline/Documents/DownloadFile/City_Council_Study_Meeting_7500_Minutes_2_8_2022_4_30_00_PM.pdf?documentType=2&meetingId=7500,md
2022-02-15,2022,City Council Regular Meeting,council-regular-meeting,meeting_minutes/minutes/2022/2022-02-14/2022-02-15_council-regular-meeting.md,onbase,https://ob.wvc-ut.gov/OnBaseAgendaOnline/Documents/DownloadFile/City_Council_Regular_Meeting_7551_Minutes_2_15_2022_6_30_00_PM.pdf?documentType=2&meetingId=7551,md
2022-02-15,2022,City Council Study Meeting,council-study-meeting,meeting_minutes/minutes/2022/2022-02-14/2022-02-15_council-study-meeting.md,onbase,https://ob.wvc-ut.gov/OnBaseAgendaOnline/Documents/DownloadFile/City_Council_Study_Meeting_7501_Minutes_2_15_2022_4_30_00_PM.pdf?documentType=2&meetingId=7501,md
2022-02-22,2022,City Council Regular Meeting,council-regular-meeting,meeting_minutes/minutes/2022/2022-02-21/2022-02-22_council-regular-meeting.md,onbase,https://ob.wvc-ut.gov/OnBaseAgendaOnline/Documents/DownloadFile/City_Council_Regular_Meeting_7552_Minutes_2_22_2022_6_30_00_PM.pdf?documentType=2&meetingId=7552,md
2022-02-22,2022,City Council Study Meeting,council-study-meeting,meeting_minutes/minutes/2022/2022-02-21/2022-02-22_council-study-meeting.md,onbase,https://ob.wvc-ut.gov/OnBaseAgendaOnline/Documents/DownloadFile/City_Council_Study_Meeting_7502_Minutes_2_22_2022_4_30_00_PM.pdf?documentType=2&meetingId=7502,md
2022-03-01,2022,City Council Regular Meeting,council-regular-meeting,meeting_minutes/minutes/2022/2022-02-28/2022-03-01_council-regular-meeting.md,onbase,https://ob.wvc-ut.gov/OnBaseAgendaOnline/Documents/DownloadFile/City_Council_Regular_Meeting_7553_Minutes_3_1_2022_6_30_00_PM.pdf?documentType=2&meetingId=7553,md
2022-03-08,2022,City Council Study Meeting,council-study-meeting,meeting_minutes/minutes/2022/2022-03-07/2022-03-08_council-study-meeting.md,onbase,https://ob.wvc-ut.gov/OnBaseAgendaOnline/Documents/DownloadFile/City_Council_Study_Meeting_7504_Minutes_3_8_2022_4_30_00_PM.pdf?documentType=2&meetingId=7504,md
2022-03-15,2022,City Council Regular Meeting,council-regular-meeting,meeting_minutes/minutes/2022/2022-03-14/2022-03-15_council-regular-meeting.md,onbase,https://ob.wvc-ut.gov/OnBaseAgendaOnline/Documents/DownloadFile/City_Council_Regular_Meeting_7555_Minutes_3_15_2022_6_30_00_PM.pdf?documentType=2&meetingId=7555,md
2022-03-15,2022,City Council Study Meeting,council-study-meeting,meeting_minutes/minutes/2022/2022-03-14/2022-03-15_council-study-meeting.md,onbase,https://ob.wvc-ut.gov/OnBaseAgendaOnline/Documents/DownloadFile/City_Council_Study_Meeting_7505_Minutes_3_15_2022_4_30_00_PM.pdf?documentType=2&meetingId=7505,md
2022-03-22,2022,City Council Study Meeting,council-study-meeting,meeting_minutes/minutes/2022/2022-03-21/2022-03-22_council-study-meeting.md,onbase,https://ob.wvc-ut.gov/OnBaseAgendaOnline/Documents/DownloadFile/City_Council_Study_Meeting_7506_Minutes_3_22_2022_4_30_00_PM.pdf?documentType=2&meetingId=7506,md
2022-04-05,2022,City Council Regular Meeting,council-regular-meeting,meeting_minutes/minutes/2022/2022-04-04/2022-04-05_council-regular-meeting.md,onbase,https://ob.wvc-ut.gov/OnBaseAgendaOnline/Documents/DownloadFile/City_Council_Regular_Meeting_7558_Minutes_4_5_2022_6_30_00_PM.pdf?documentType=2&meetingId=7558,md
2022-04-05,2022,City Council Study Meeting,council-study-meeting,meeting_minutes/minutes/2022/2022-04-04/2022-04-05_council-study-meeting.md,onbase,https://ob.wvc-ut.gov/OnBaseAgendaOnline/Documents/DownloadFile/City_Council_Study_Meeting_7508_Minutes_4_5_2022_4_30_00_PM.pdf?documentType=2&meetingId=7508,md
2022-04-12,2022,City Council Regular Meeting,council-regular-meeting,meeting_minutes/minutes/2022/2022-04-11/2022-04-12_council-regular-meeting.md,onbase,https://ob.wvc-ut.gov/OnBaseAgendaOnline/Documents/DownloadFile/City_Council_Regular_Meeting_7559_Minutes_4_12_2022_6_30_00_PM.pdf?documentType=2&meetingId=7559,md
2022-04-12,2022,City Council Study Meeting,council-study-meeting,meeting_minutes/minutes/2022/2022-04-11/2022-04-12_council-study-meeting.md,onbase,https://ob.wvc-ut.gov/OnBaseAgendaOnline/Documents/DownloadFile/City_Council_Study_Meeting_7509_Minutes_4_12_2022_4_30_00_PM.pdf?documentType=2&meetingId=7509,md
2022-04-19,2022,City Council Regular Meeting,council-regular-meeting,meeting_minutes/minutes/2022/2022-04-18/2022-04-19_council-regular-meeting.md,onbase,https://ob.wvc-ut.gov/OnBaseAgendaOnline/Documents/DownloadFile/City_Council_Regular_Meeting_7560_Minutes_4_19_2022_6_30_00_PM.pdf?documentType=2&meetingId=7560,md
2022-04-19,2022,City Council Study Meeting,council-study-meeting,meeting_minutes/minutes/2022/2022-04-18/2022-04-19_council-study-meeting.md,onbase,https://ob.wvc-ut.gov/OnBaseAgendaOnline/Documents/DownloadFile/City_Council_Study_Meeting_7510_Minutes_4_19_2022_4_30_00_PM.pdf?documentType=2&meetingId=7510,md
2022-04-26,2022,City Council Regular Meeting,council-regular-meeting,meeting_minutes/minutes/2022/2022-04-25/2022-04-26_council-regular-meeting.md,onbase,https://ob.wvc-ut.gov/OnBaseAgendaOnline/Documents/DownloadFile/City_Council_Regular_Meeting_7561_Minutes_4_26_2022_6_30_00_PM.pdf?documentType=2&meetingId=7561,md
2022-04-26,2022,City Council Study Meeting,council-study-meeting,meeting_minutes/minutes/2022/2022-04-25/2022-04-26_council-study-meeting.md,onbase,https://ob.wvc-ut.gov/OnBaseAgendaOnline/Documents/DownloadFile/City_Council_Study_Meeting_7511_Minutes_4_26_2022_4_30_00_PM.pdf?documentType=2&meetingId=7511,md
2022-04-26,2022,Municipal Building Authority Special Meeting,municipal-building-authority-meeting,meeting_minutes/minutes/2022/2022-04-25/2022-04-26_municipal-building-authority-meeting.md,onbase,https://ob.wvc-ut.gov/OnBaseAgendaOnline/Documents/DownloadFile/Special_BA_Meeting_7610_Minutes_4_26_2022_6_30_00_PM.pdf?documentType=2&meetingId=7610,text
2022-05-03,2022,City Council Regular Meeting,council-regular-meeting,meeting_minutes/minutes/2022/2022-05-02/2022-05-03_council-regular-meeting.md,onbase,https://ob.wvc-ut.gov/OnBaseAgendaOnline/Documents/DownloadFile/City_Council_Regular_Meeting_7562_Minutes_5_3_2022_6_30_00_PM.pdf?documentType=2&meetingId=7562,md
2022-05-03,2022,City Council Study Meeting,council-study-meeting,meeting_minutes/minutes/2022/2022-05-02/2022-05-03_council-study-meeting.md,onbase,https://ob.wvc-ut.gov/OnBaseAgendaOnline/Documents/DownloadFile/City_Council_Study_Meeting_7512_Minutes_5_3_2022_4_30_00_PM.pdf?documentType=2&meetingId=7512,md
2022-05-03,2022,Municipal Building Authority Regular Meeting,municipal-building-authority-meeting,meeting_minutes/minutes/2022/2022-05-02/2022-05-03_municipal-building-authority-meeting.md,onbase,https://ob.wvc-ut.gov/OnBaseAgendaOnline/Documents/DownloadFile/BA_Regular_Meeting_7596_Minutes_5_3_2022_6_30_00_PM.pdf?documentType=2&meetingId=7596,text
2022-05-03,2022,Redevelopment Agency Regular Meeting,redevelopment-agency-meeting,meeting_minutes/minutes/2022/2022-05-02/2022-05-03_redevelopment-agency-meeting.md,onbase,https://ob.wvc-ut.gov/OnBaseAgendaOnline/Documents/DownloadFile/RDA_Regular_Meeting_7603_Minutes_5_3_2022_6_30_00_PM.pdf?documentType=2&meetingId=7603,text
2022-05-10,2022,City Council Regular Meeting,council-regular-meeting,meeting_minutes/minutes/2022/2022-05-09/2022-05-10_council-regular-meeting.md,onbase,https://ob.wvc-ut.gov/OnBaseAgendaOnline/Documents/DownloadFile/City_Council_Regular_Meeting_7563_Minutes_5_10_2022_6_30_00_PM.pdf?documentType=2&meetingId=7563,md
2022-05-10,2022,City Council Study Meeting,council-study-meeting,meeting_minutes/minutes/2022/2022-05-09/2022-05-10_council-study-meeting.md,onbase,https://ob.wvc-ut.gov/OnBaseAgendaOnline/Documents/DownloadFile/City_Council_Study_Meeting_7513_Minutes_5_10_2022_4_30_00_PM.pdf?documentType=2&meetingId=7513,md
2022-05-17,2022,City Council Study Meeting,council-study-meeting,meeting_minutes/minutes/2022/2022-05-16/2022-05-17_council-study-meeting.md,onbase,https://ob.wvc-ut.gov/OnBaseAgendaOnline/Documents/DownloadFile/City_Council_Study_Meeting_7514_Minutes_5_17_2022_4_30_00_PM.pdf?documentType=2&meetingId=7514,md
2022-05-17,2022,Municipal Building Authority Special Meeting,municipal-building-authority-meeting,meeting_minutes/minutes/2022/2022-05-16/2022-05-17_municipal-building-authority-meeting.md,onbase,https://ob.wvc-ut.gov/OnBaseAgendaOnline/Documents/DownloadFile/BA_Special_Meeting_7612_Minutes_5_17_2022_6_30_00_PM.pdf?documentType=2&meetingId=7612,text
2022-05-24,2022,City Council Regular Meeting,council-regular-meeting,meeting_minutes/minutes/2022/2022-05-23/2022-05-24_council-regular-meeting.md,onbase,https://ob.wvc-ut.gov/OnBaseAgendaOnline/Documents/DownloadFile/City_Council_Regular_Meeting_7565_Minutes_5_24_2022_6_30_00_PM.pdf?documentType=2&meetingId=7565,md
2022-05-24,2022,City Council Study Meeting,council-study-meeting,meeting_minutes/minutes/2022/2022-05-23/2022-05-24_council-study-meeting.md,onbase,https://ob.wvc-ut.gov/OnBaseAgendaOnline/Documents/DownloadFile/City_Council_Study_Meeting_7515_Minutes_5_24_2022_4_30_00_PM.pdf?documentType=2&meetingId=7515,md
2022-06-07,2022,City Council Regular Meeting,council-regular-meeting,meeting_minutes/minutes/2022/2022-06-06/2022-06-07_council-regular-meeting.md,onbase,https://ob.wvc-ut.gov/OnBaseAgendaOnline/Documents/DownloadFile/City_Council_Regular_Meeting_7567_Minutes_6_7_2022_6_30_00_PM.pdf?documentType=2&meetingId=7567,md
2022-06-07,2022,City Council Study Meeting,council-study-meeting,meeting_minutes/minutes/2022/2022-06-06/2022-06-07_council-study-meeting.md,onbase,https://ob.wvc-ut.gov/OnBaseAgendaOnline/Documents/DownloadFile/City_Council_Study_Meeting_7517_Minutes_6_7_2022_4_30_00_PM.pdf?documentType=2&meetingId=7517,md
2022-06-07,2022,Municipal Building Authority Regular Meeting,municipal-building-authority-meeting,meeting_minutes/minutes/2022/2022-06-06/2022-06-07_municipal-building-authority-meeting.md,onbase,https://ob.wvc-ut.gov/OnBaseAgendaOnline/Documents/DownloadFile/BA_Regular_Meeting_7597_Minutes_6_7_2022_6_30_00_PM.pdf?documentType=2&meetingId=7597,text
2022-06-07,2022,Redevelopment Agency Regular Meeting,redevelopment-agency-meeting,meeting_minutes/minutes/2022/2022-06-06/2022-06-07_redevelopment-agency-meeting.md,onbase,https://ob.wvc-ut.gov/OnBaseAgendaOnline/Documents/DownloadFile/RDA_Regular_Meeting_7604_Minutes_6_7_2022_6_30_00_PM.pdf?documentType=2&meetingId=7604,text
2022-06-14,2022,City Council Regular Meeting,council-regular-meeting,meeting_minutes/minutes/2022/2022-06-13/2022-06-14_council-regular-meeting.md,onbase,https://ob.wvc-ut.gov/OnBaseAgendaOnline/Documents/DownloadFile/City_Council_Regular_Meeting_7568_Minutes_6_14_2022_6_30_00_PM.pdf?documentType=2&meetingId=7568,md
2022-06-14,2022,City Council Study Meeting,council-study-meeting,meeting_minutes/minutes/2022/2022-06-13/2022-06-14_council-study-meeting.md,onbase,https://ob.wvc-ut.gov/OnBaseAgendaOnline/Documents/DownloadFile/City_Council_Study_Meeting_7518_Minutes_6_14_2022_4_30_00_PM.pdf?documentType=2&meetingId=7518,md
2022-06-21,2022,City Council Regular Meeting,council-regular-meeting,meeting_minutes/minutes/2022/2022-06-20/2022-06-21_council-regular-meeting.md,onbase,https://ob.wvc-ut.gov/OnBaseAgendaOnline/Documents/DownloadFile/City_Council_Regular_Meeting_7569_Minutes_6_21_2022_6_30_00_PM.pdf?documentType=2&meetingId=7569,md
2022-06-21,2022,City Council Study Meeting,council-study-meeting,meeting_minutes/minutes/2022/2022-06-20/2022-06-21_council-study-meeting.md,onbase,https://ob.wvc-ut.gov/OnBaseAgendaOnline/Documents/DownloadFile/City_Council_Study_Meeting_7519_Minutes_6_21_2022_4_30_00_PM.pdf?documentType=2&meetingId=7519,md
2022-06-28,2022,City Council Regular Meeting,council-regular-meeting,meeting_minutes/minutes/2022/2022-06-27/2022-06-28_council-regular-meeting.md,onbase,https://ob.wvc-ut.gov/OnBaseAgendaOnline/Documents/DownloadFile/City_Council_Regular_Meeting_7570_Minutes_6_28_2022_6_30_00_PM.pdf?documentType=2&meetingId=7570,md
2022-06-28,2022,City Council Study Meeting,council-study-meeting,meeting_minutes/minutes/2022/2022-06-27/2022-06-28_council-study-meeting.md,onbase,https://ob.wvc-ut.gov/OnBaseAgendaOnline/Documents/DownloadFile/City_Council_Study_Meeting_7520_Minutes_6_28_2022_4_30_00_PM.pdf?documentType=2&meetingId=7520,md
2022-06-28,2022,Redevelopment Agency Special Meeting,redevelopment-agency-meeting,meeting_minutes/minutes/2022/2022-06-27/2022-06-28_redevelopment-agency-meeting.md,onbase,https://ob.wvc-ut.gov/OnBaseAgendaOnline/Documents/DownloadFile/RDA_Special_Meeting_7614_Minutes_6_28_2022_6_30_00_PM.pdf?documentType=2&meetingId=7614,text
2022-07-05,2022,City Council Regular Meeting,council-regular-meeting,meeting_minutes/minutes/2022/2022-07-04/2022-07-05_council-regular-meeting.md,onbase,https://ob.wvc-ut.gov/OnBaseAgendaOnline/Documents/DownloadFile/City_Council_Regular_Meeting_7571_Minutes_7_5_2022_6_30_00_PM.pdf?documentType=2&meetingId=7571,md
2022-07-05,2022,City Council Study Meeting,council-study-meeting,meeting_minutes/minutes/2022/2022-07-04/2022-07-05_council-study-meeting.md,onbase,https://ob.wvc-ut.gov/OnBaseAgendaOnline/Documents/DownloadFile/City_Council_Study_Meeting_7521_Minutes_7_5_2022_4_30_00_PM.pdf?documentType=2&meetingId=7521,md
2022-07-12,2022,City Council Regular Meeting,council-regular-meeting,meeting_minutes/minutes/2022/2022-07-11/2022-07-12_council-regular-meeting.md,onbase,https://ob.wvc-ut.gov/OnBaseAgendaOnline/Documents/DownloadFile/City_Council_Regular_Meeting_7572_Minutes_7_12_2022_6_30_00_PM.pdf?documentType=2&meetingId=7572,md
2022-07-19,2022,City Council Study Meeting,council-study-meeting,meeting_minutes/minutes/2022/2022-07-18/2022-07-19_council-study-meeting.md,onbase,https://ob.wvc-ut.gov/OnBaseAgendaOnline/Documents/DownloadFile/City_Council_Study_Meeting_7523_Minutes_7_19_2022_4_30_00_PM.pdf?documentType=2&meetingId=7523,md
2022-07-26,2022,City Council Regular Meeting,council-regular-meeting,meeting_minutes/minutes/2022/2022-07-25/2022-07-26_council-regular-meeting.md,onbase,https://ob.wvc-ut.gov/OnBaseAgendaOnline/Documents/DownloadFile/City_Council_Regular_Meeting_7574_Minutes_7_26_2022_6_30_00_PM.pdf?documentType=2&meetingId=7574,md
2022-07-26,2022,City Council Study Meeting,council-study-meeting,meeting_minutes/minutes/2022/2022-07-25/2022-07-26_council-study-meeting.md,onbase,https://ob.wvc-ut.gov/OnBaseAgendaOnline/Documents/DownloadFile/City_Council_Study_Meeting_7524_Minutes_7_26_2022_4_30_00_PM.pdf?documentType=2&meetingId=7524,md
2022-08-09,2022,City Council Regular Meeting,council-regular-meeting,meeting_minutes/minutes/2022/2022-08-08/2022-08-09_council-regular-meeting.md,onbase,https://ob.wvc-ut.gov/OnBaseAgendaOnline/Documents/DownloadFile/City_Council_Regular_Meeting_7576_Minutes_8_9_2022_6_30_00_PM.pdf?documentType=2&meetingId=7576,md
2022-08-09,2022,City Council Study Meeting,council-study-meeting,meeting_minutes/minutes/2022/2022-08-08/2022-08-09_council-study-meeting.md,onbase,https://ob.wvc-ut.gov/OnBaseAgendaOnline/Documents/DownloadFile/City_Council_Study_Meeting_7526_Minutes_8_9_2022_4_30_00_PM.pdf?documentType=2&meetingId=7526,md
2022-08-16,2022,City Council Regular Meeting,council-regular-meeting,meeting_minutes/minutes/2022/2022-08-15/2022-08-16_council-regular-meeting.md,onbase,https://ob.wvc-ut.gov/OnBaseAgendaOnline/Documents/DownloadFile/City_Council_Regular_Meeting_7577_Minutes_8_16_2022_6_30_00_PM.pdf?documentType=2&meetingId=7577,md
2022-08-16,2022,City Council Study Meeting,council-study-meeting,meeting_minutes/minutes/2022/2022-08-15/2022-08-16_council-study-meeting.md,onbase,https://ob.wvc-ut.gov/OnBaseAgendaOnline/Documents/DownloadFile/City_Council_Study_Meeting_7527_Minutes_8_16_2022_4_30_00_PM.pdf?documentType=2&meetingId=7527,md
2022-08-23,2022,City Council Regular Meeting,council-regular-meeting,meeting_minutes/minutes/2022/2022-08-22/2022-08-23_council-regular-meeting.md,onbase,https://ob.wvc-ut.gov/OnBaseAgendaOnline/Documents/DownloadFile/City_Council_Regular_Meeting_7578_Minutes_8_23_2022_6_30_00_PM.pdf?documentType=2&meetingId=7578,md
2022-08-23,2022,City Council Study Meeting,council-study-meeting,meeting_minutes/minutes/2022/2022-08-22/2022-08-23_council-study-meeting.md,onbase,https://ob.wvc-ut.gov/OnBaseAgendaOnline/Documents/DownloadFile/City_Council_Study_Meeting_7528_Minutes_8_23_2022_4_30_00_PM.pdf?documentType=2&meetingId=7528,md
2022-08-23,2022,Redevelopment Agency Special Meeting,redevelopment-agency-meeting,meeting_minutes/minutes/2022/2022-08-22/2022-08-23_redevelopment-agency-meeting.md,onbase,https://ob.wvc-ut.gov/OnBaseAgendaOnline/Documents/DownloadFile/Special_RDA_7615_Minutes_8_23_2022_6_30_00_PM.pdf?documentType=2&meetingId=7615,text
2022-09-06,2022,City Council Regular Meeting,council-regular-meeting,meeting_minutes/minutes/2022/2022-09-05/2022-09-06_council-regular-meeting.md,onbase,https://ob.wvc-ut.gov/OnBaseAgendaOnline/Documents/DownloadFile/City_Council_Regular_Meeting_7580_Minutes_9_6_2022_6_30_00_PM.pdf?documentType=2&meetingId=7580,md
2022-09-06,2022,City Council Study Meeting,council-study-meeting,meeting_minutes/minutes/2022/2022-09-05/2022-09-06_council-study-meeting.md,onbase,https://ob.wvc-ut.gov/OnBaseAgendaOnline/Documents/DownloadFile/City_Council_Study_Meeting_7530_Minutes_9_6_2022_4_30_00_PM.pdf?documentType=2&meetingId=7530,md
2022-09-06,2022,Redevelopment Agency Special Meeting,redevelopment-agency-meeting,meeting_minutes/minutes/2022/2022-09-05/2022-09-06_redevelopment-agency-meeting.md,onbase,https://ob.wvc-ut.gov/OnBaseAgendaOnline/Documents/DownloadFile/RDA_Special_Meeting_7616_Minutes_9_6_2022_6_30_00_PM.pdf?documentType=2&meetingId=7616,text
2022-09-13,2022,City Council Regular Meeting,council-regular-meeting,meeting_minutes/minutes/2022/2022-09-12/2022-09-13_council-regular-meeting.md,onbase,https://ob.wvc-ut.gov/OnBaseAgendaOnline/Documents/DownloadFile/City_Council_Regular_Meeting_7581_Minutes_9_13_2022_6_30_00_PM.pdf?documentType=2&meetingId=7581,md
2022-09-13,2022,City Council Study Meeting,council-study-meeting,meeting_minutes/minutes/2022/2022-09-12/2022-09-13_council-study-meeting.md,onbase,https://ob.wvc-ut.gov/OnBaseAgendaOnline/Documents/DownloadFile/City_Council_Study_Meeting_7531_Minutes_9_13_2022_4_30_00_PM.pdf?documentType=2&meetingId=7531,md
2022-09-20,2022,City Council Regular Meeting,council-regular-meeting,meeting_minutes/minutes/2022/2022-09-19/2022-09-20_council-regular-meeting.md,onbase,https://ob.wvc-ut.gov/OnBaseAgendaOnline/Documents/DownloadFile/City_Council_Regular_Meeting_7582_Minutes_9_20_2022_6_30_00_PM.pdf?documentType=2&meetingId=7582,md
2022-09-20,2022,City Council Study Meeting,council-study-meeting,meeting_minutes/minutes/2022/2022-09-19/2022-09-20_council-study-meeting.md,onbase,https://ob.wvc-ut.gov/OnBaseAgendaOnline/Documents/DownloadFile/City_Council_Study_Meeting_7532_Minutes_9_20_2022_4_30_00_PM.pdf?documentType=2&meetingId=7532,md
2022-09-27,2022,City Council Regular Meeting,council-regular-meeting,meeting_minutes/minutes/2022/2022-09-26/2022-09-27_council-regular-meeting.md,onbase,https://ob.wvc-ut.gov/OnBaseAgendaOnline/Documents/DownloadFile/City_Council_Regular_Meeting_7583_Minutes_9_27_2022_6_30_00_PM.pdf?documentType=2&meetingId=7583,md
2022-09-27,2022,City Council Study Meeting,council-study-meeting,meeting_minutes/minutes/2022/2022-09-26/2022-09-27_council-study-meeting.md,onbase,https://ob.wvc-ut.gov/OnBaseAgendaOnline/Documents/DownloadFile/City_Council_Study_Meeting_7533_Minutes_9_27_2022_4_30_00_PM.pdf?documentType=2&meetingId=7533,md
2022-10-04,2022,City Council Regular Meeting,council-regular-meeting,meeting_minutes/minutes/2022/2022-10-03/2022-10-04_council-regular-meeting.md,onbase,https://ob.wvc-ut.gov/OnBaseAgendaOnline/Documents/DownloadFile/City_Council_Regular_Meeting_7584_Minutes_10_4_2022_6_30_00_PM.pdf?documentType=2&meetingId=7584,md
2022-10-04,2022,City Council Study Meeting,council-study-meeting,meeting_minutes/minutes/2022/2022-10-03/2022-10-04_council-study-meeting.md,onbase,https://ob.wvc-ut.gov/OnBaseAgendaOnline/Documents/DownloadFile/City_Council_Study_Meeting_7534_Minutes_10_4_2022_4_30_00_PM.pdf?documentType=2&meetingId=7534,md
2022-10-04,2022,Municipal Building Authority Regular Meeting,municipal-building-authority-meeting,meeting_minutes/minutes/2022/2022-10-03/2022-10-04_municipal-building-authority-meeting.md,onbase,https://ob.wvc-ut.gov/OnBaseAgendaOnline/Documents/DownloadFile/BA_Regular_Meeting_7598_Minutes_10_4_2022_6_30_00_PM.pdf?documentType=2&meetingId=7598,text
2022-10-04,2022,Redevelopment Agency Regular Meeting,redevelopment-agency-meeting,meeting_minutes/minutes/2022/2022-10-03/2022-10-04_redevelopment-agency-meeting.md,onbase,https://ob.wvc-ut.gov/OnBaseAgendaOnline/Documents/DownloadFile/RDA_Regular_Meeting_7605_Minutes_10_4_2022_6_30_00_PM.pdf?documentType=2&meetingId=7605,text
2022-10-11,2022,City Council Regular Meeting,council-regular-meeting,meeting_minutes/minutes/2022/2022-10-10/2022-10-11_council-regular-meeting.md,onbase,https://ob.wvc-ut.gov/OnBaseAgendaOnline/Documents/DownloadFile/City_Council_Regular_Meeting_7585_Minutes_10_11_2022_6_30_00_PM.pdf?documentType=2&meetingId=7585,md
2022-10-25,2022,City Council Regular Meeting,council-regular-meeting,meeting_minutes/minutes/2022/2022-10-24/2022-10-25_council-regular-meeting.md,onbase,https://ob.wvc-ut.gov/OnBaseAgendaOnline/Documents/DownloadFile/City_Council_Regular_Meeting_7587_Minutes_10_25_2022_6_30_00_PM.pdf?documentType=2&meetingId=7587,md
2022-10-25,2022,City Council Study Meeting,council-study-meeting,meeting_minutes/minutes/2022/2022-10-24/2022-10-25_council-study-meeting.md,onbase,https://ob.wvc-ut.gov/OnBaseAgendaOnline/Documents/DownloadFile/City_Council_Study_Meeting_7537_Minutes_10_25_2022_4_30_00_PM.pdf?documentType=2&meetingId=7537,md
2022-11-01,2022,City Council Regular Meeting,council-regular-meeting,meeting_minutes/minutes/2022/2022-10-31/2022-11-01_council-regular-meeting.md,onbase,https://ob.wvc-ut.gov/OnBaseAgendaOnline/Documents/DownloadFile/City_Council_Regular_Meeting_7588_Minutes_11_1_2022_6_30_00_PM.pdf?documentType=2&meetingId=7588,md
2022-11-01,2022,City Council Study Meeting,council-study-meeting,meeting_minutes/minutes/2022/2022-10-31/2022-11-01_council-study-meeting.md,onbase,https://ob.wvc-ut.gov/OnBaseAgendaOnline/Documents/DownloadFile/City_Council_Study_Meeting_7538_Minutes_11_1_2022_4_30_00_PM.pdf?documentType=2&meetingId=7538,md
2022-11-08,2022,City Council Special Meeting,council-special-meeting,meeting_minutes/minutes/2022/2022-11-07/2022-11-08_council-special-meeting.md,onbase,https://ob.wvc-ut.gov/OnBaseAgendaOnline/Documents/DownloadFile/City_Council_Special_Meeting_7690_Minutes_11_8_2022_4_30_00_PM.pdf?documentType=2&meetingId=7690,md
2022-11-15,2022,City Council Regular Meeting,council-regular-meeting,meeting_minutes/minutes/2022/2022-11-14/2022-11-15_council-regular-meeting.md,onbase,https://ob.wvc-ut.gov/OnBaseAgendaOnline/Documents/DownloadFile/City_Council_Regular_Meeting_7590_Minutes_11_15_2022_6_30_00_PM.pdf?documentType=2&meetingId=7590,md
2022-11-15,2022,City Council Study Meeting,council-study-meeting,meeting_minutes/minutes/2022/2022-11-14/2022-11-15_council-study-meeting.md,onbase,https://ob.wvc-ut.gov/OnBaseAgendaOnline/Documents/DownloadFile/City_Council_Study_Meeting_7540_Minutes_11_15_2022_4_30_00_PM.pdf?documentType=2&meetingId=7540,md
2022-11-22,2022,City Council Regular Meeting,council-regular-meeting,meeting_minutes/minutes/2022/2022-11-21/2022-11-22_council-regular-meeting.md,onbase,https://ob.wvc-ut.gov/OnBaseAgendaOnline/Documents/DownloadFile/City_Council_Regular_Meeting_7591_Minutes_11_22_2022_6_30_00_PM.pdf?documentType=2&meetingId=7591,md
2022-11-22,2022,City Council Study Meeting,council-study-meeting,meeting_minutes/minutes/2022/2022-11-21/2022-11-22_council-study-meeting.md,onbase,https://ob.wvc-ut.gov/OnBaseAgendaOnline/Documents/DownloadFile/City_Council_Study_Meeting_7541_Minutes_11_22_2022_4_30_00_PM.pdf?documentType=2&meetingId=7541,md
2022-12-06,2022,City Council Regular Meeting,council-regular-meeting,meeting_minutes/minutes/2022/2022-12-05/2022-12-06_council-regular-meeting.md,onbase,https://ob.wvc-ut.gov/OnBaseAgendaOnline/Documents/DownloadFile/City_Council_Regular_Meeting_7593_Minutes_12_6_2022_6_30_00_PM.pdf?documentType=2&meetingId=7593,md
2022-12-06,2022,City Council Study Meeting,council-study-meeting,meeting_minutes/minutes/2022/2022-12-05/2022-12-06_council-study-meeting.md,onbase,https://ob.wvc-ut.gov/OnBaseAgendaOnline/Documents/DownloadFile/City_Council_Study_Meeting_7543_Minutes_12_6_2022_4_30_00_PM.pdf?documentType=2&meetingId=7543,md
2022-12-13,2022,City Council Regular Meeting,council-regular-meeting,meeting_minutes/minutes/2022/2022-12-12/2022-12-13_council-regular-meeting.md,onbase,https://ob.wvc-ut.gov/OnBaseAgendaOnline/Documents/DownloadFile/City_Council_Regular_Meeting_7594_Minutes_12_13_2022_6_30_00_PM.pdf?documentType=2&meetingId=7594,md
2022-12-13,2022,City Council Study Meeting,council-study-meeting,meeting_minutes/minutes/2022/2022-12-12/2022-12-13_council-study-meeting.md,onbase,https://ob.wvc-ut.gov/OnBaseAgendaOnline/Documents/DownloadFile/City_Council_Study_Meeting_7544_Minutes_12_13_2022_4_30_00_PM.pdf?documentType=2&meetingId=7544,md
2023-01-03,2023,City Council Regular Meeting,council-regular-meeting,meeting_minutes/minutes/2023/2023-01-02/2023-01-03_council-regular-meeting.md,onbase,https://ob.wvc-ut.gov/OnBaseAgendaOnline/Documents/DownloadFile/City_Council_Regular_Meeting_7741_Minutes_1_3_2023_6_30_00_PM.pdf?documentType=2&meetingId=7741,md
2023-01-03,2023,City Council Study Meeting,council-study-meeting,meeting_minutes/minutes/2023/2023-01-02/2023-01-03_council-study-meeting.md,onbase,https://ob.wvc-ut.gov/OnBaseAgendaOnline/Documents/DownloadFile/City_Council_Study_Meeting_7691_Minutes_1_3_2023_4_30_00_PM.pdf?documentType=2&meetingId=7691,md
2023-01-03,2023,Municipal Building Authority Regular Meeting,municipal-building-authority-meeting,meeting_minutes/minutes/2023/2023-01-02/2023-01-03_municipal-building-authority-meeting.md,onbase,https://ob.wvc-ut.gov/OnBaseAgendaOnline/Documents/DownloadFile/BA_Regular_Meeting_7793_Minutes_1_3_2023_6_30_00_PM.pdf?documentType=2&meetingId=7793,text
2023-01-03,2023,Redevelopment Agency Regular Meeting,redevelopment-agency-meeting,meeting_minutes/minutes/2023/2023-01-02/2023-01-03_redevelopment-agency-meeting.md,onbase,https://ob.wvc-ut.gov/OnBaseAgendaOnline/Documents/DownloadFile/RDA_Regular_Meeting_7791_Minutes_1_3_2023_6_30_00_PM.pdf?documentType=2&meetingId=7791,text
2023-01-10,2023,City Council Regular Meeting,council-regular-meeting,meeting_minutes/minutes/2023/2023-01-09/2023-01-10_council-regular-meeting.md,onbase,https://ob.wvc-ut.gov/OnBaseAgendaOnline/Documents/DownloadFile/City_Council_Regular_Meeting_7742_Minutes_1_10_2023_6_30_00_PM.pdf?documentType=2&meetingId=7742,md
2023-01-10,2023,City Council Study Meeting,council-study-meeting,meeting_minutes/minutes/2023/2023-01-09/2023-01-10_council-study-meeting.md,onbase,https://ob.wvc-ut.gov/OnBaseAgendaOnline/Documents/DownloadFile/City_Council_Study_Meeting_7692_Minutes_1_10_2023_4_30_00_PM.pdf?documentType=2&meetingId=7692,md
2023-01-17,2023,City Council Study Meeting,council-study-meeting,meeting_minutes/minutes/2023/2023-01-16/2023-01-17_council-study-meeting.md,onbase,https://ob.wvc-ut.gov/OnBaseAgendaOnline/Documents/DownloadFile/City_Council_Study_Meeting_7693_Minutes_1_17_2023_4_30_00_PM.pdf?documentType=2&meetingId=7693,md
2023-01-24,2023,City Council Regular Meeting,council-regular-meeting,meeting_minutes/minutes/2023/2023-01-23/2023-01-24_council-regular-meeting.md,onbase,https://ob.wvc-ut.gov/OnBaseAgendaOnline/Documents/DownloadFile/City_Council_Regular_Meeting_7744_Minutes_1_24_2023_6_30_00_PM.pdf?documentType=2&meetingId=7744,md
2023-01-24,2023,City Council Study Meeting,council-study-meeting,meeting_minutes/minutes/2023/2023-01-23/2023-01-24_council-study-meeting.md,onbase,https://ob.wvc-ut.gov/OnBaseAgendaOnline/Documents/DownloadFile/City_Council_Study_Meeting_7694_Minutes_1_24_2023_4_30_00_PM.pdf?documentType=2&meetingId=7694,md
2023-01-31,2023,City Council Special Meeting,council-special-meeting,meeting_minutes/minutes/2023/2023-01-30/2023-01-31_council-special-meeting.md,onbase,https://ob.wvc-ut.gov/OnBaseAgendaOnline/Documents/DownloadFile/City_Council_Special_Meeting_7794_Minutes_1_31_2023_4_30_00_PM.pdf?documentType=2&meetingId=7794,md
2023-02-07,2023,City Council Regular Meeting,council-regular-meeting,meeting_minutes/minutes/2023/2023-02-06/2023-02-07_council-regular-meeting.md,onbase,https://ob.wvc-ut.gov/OnBaseAgendaOnline/Documents/DownloadFile/City_Council_Regular_Meeting_7746_Minutes_2_7_2023_6_30_00_PM.pdf?documentType=2&meetingId=7746,md
2023-02-07,2023,City Council Study Meeting,council-study-meeting,meeting_minutes/minutes/2023/2023-02-06/2023-02-07_council-study-meeting.md,onbase,https://ob.wvc-ut.gov/OnBaseAgendaOnline/Documents/DownloadFile/City_Council_Study_Meeting_7696_Minutes_2_7_2023_4_30_00_PM.pdf?documentType=2&meetingId=7696,md
2023-02-14,2023,City Council Study Meeting,council-study-meeting,meeting_minutes/minutes/2023/2023-02-13/2023-02-14_council-study-meeting.md,onbase,https://ob.wvc-ut.gov/OnBaseAgendaOnline/Documents/DownloadFile/City_Council_Study_Meeting_7697_Minutes_2_14_2023_4_30_00_PM.pdf?documentType=2&meetingId=7697,md
2023-02-21,2023,City Council Regular Meeting,council-regular-meeting,meeting_minutes/minutes/2023/2023-02-20/2023-02-21_council-regular-meeting.md,onbase,https://ob.wvc-ut.gov/OnBaseAgendaOnline/Documents/DownloadFile/City_Council_Regular_Meeting_7748_Minutes_2_21_2023_6_30_00_PM.pdf?documentType=2&meetingId=7748,md
2023-02-21,2023,City Council Study Meeting,council-study-meeting,meeting_minutes/minutes/2023/2023-02-20/2023-02-21_council-study-meeting.md,onbase,https://ob.wvc-ut.gov/OnBaseAgendaOnline/Documents/DownloadFile/City_Council_Study_Meeting_7698_Minutes_2_21_2023_4_30_00_PM.pdf?documentType=2&meetingId=7698,md
2023-02-28,2023,City Council Study Meeting,council-study-meeting,meeting_minutes/minutes/2023/2023-02-27/2023-02-28_council-study-meeting.md,onbase,https://ob.wvc-ut.gov/OnBaseAgendaOnline/Documents/DownloadFile/City_Council_Study_Meeting_7699_Minutes_2_28_2023_4_30_00_PM.pdf?documentType=2&meetingId=7699,md
2023-03-07,2023,City Council Regular Meeting,council-regular-meeting,meeting_minutes/minutes/2023/2023-03-06/2023-03-07_council-regular-meeting.md,onbase,https://ob.wvc-ut.gov/OnBaseAgendaOnline/Documents/DownloadFile/City_Council_Regular_Meeting_7750_Minutes_3_7_2023_6_30_00_PM.pdf?documentType=2&meetingId=7750,md
2023-03-07,2023,City Council Study Meeting,council-study-meeting,meeting_minutes/minutes/2023/2023-03-06/2023-03-07_council-study-meeting.md,onbase,https://ob.wvc-ut.gov/OnBaseAgendaOnline/Documents/DownloadFile/City_Council_Study_Meeting_7700_Minutes_3_7_2023_4_30_00_PM.pdf?documentType=2&meetingId=7700,md
2023-03-14,2023,City Council Regular Meeting,council-regular-meeting,meeting_minutes/minutes/2023/2023-03-13/2023-03-14_council-regular-meeting.md,onbase,https://ob.wvc-ut.gov/OnBaseAgendaOnline/Documents/DownloadFile/City_Council_Regular_Meeting_7751_Minutes_3_14_2023_6_30_00_PM.pdf?documentType=2&meetingId=7751,md
2023-03-14,2023,City Council Study Meeting,council-study-meeting,meeting_minutes/minutes/2023/2023-03-13/2023-03-14_council-study-meeting.md,onbase,https://ob.wvc-ut.gov/OnBaseAgendaOnline/Documents/DownloadFile/City_Council_Study_Meeting_7701_Minutes_3_14_2023_4_30_00_PM.pdf?documentType=2&meetingId=7701,md
2023-03-21,2023,City Council Study Meeting,council-study-meeting,meeting_minutes/minutes/2023/2023-03-20/2023-03-21_council-study-meeting.md,onbase,https://ob.wvc-ut.gov/OnBaseAgendaOnline/Documents/DownloadFile/City_Council_Study_Meeting_7702_Minutes_3_21_2023_4_30_00_PM.pdf?documentType=2&meetingId=7702,md
2023-03-28,2023,City Council Regular Meeting,council-regular-meeting,meeting_minutes/minutes/2023/2023-03-27/2023-03-28_council-regular-meeting.md,onbase,https://ob.wvc-ut.gov/OnBaseAgendaOnline/Documents/DownloadFile/City_Council_Regular_Meeting_7753_Minutes_3_28_2023_6_30_00_PM.pdf?documentType=2&meetingId=7753,md
2023-03-28,2023,City Council Study Meeting,council-study-meeting,meeting_minutes/minutes/2023/2023-03-27/2023-03-28_council-study-meeting.md,onbase,https://ob.wvc-ut.gov/OnBaseAgendaOnline/Documents/DownloadFile/City_Council_Study_Meeting_7703_Minutes_3_28_2023_4_30_00_PM.pdf?documentType=2&meetingId=7703,md
2023-04-04,2023,City Council Regular Meeting,council-regular-meeting,meeting_minutes/minutes/2023/2023-04-03/2023-04-04_council-regular-meeting.md,onbase,https://ob.wvc-ut.gov/OnBaseAgendaOnline/Documents/DownloadFile/City_Council_Regular_Meeting_7754_Minutes_4_4_2023_6_30_00_PM.pdf?documentType=2&meetingId=7754,md
2023-04-04,2023,City Council Study Meeting,council-study-meeting,meeting_minutes/minutes/2023/2023-04-03/2023-04-04_council-study-meeting.md,onbase,https://ob.wvc-ut.gov/OnBaseAgendaOnline/Documents/DownloadFile/City_Council_Study_Meeting_7704_Minutes_4_4_2023_4_30_00_PM.pdf?documentType=2&meetingId=7704,md
2023-04-04,2023,Municipal Building Authority Regular Meeting,municipal-building-authority-meeting,meeting_minutes/minutes/2023/2023-04-03/2023-04-04_municipal-building-authority-meeting.md,onbase,https://ob.wvc-ut.gov/OnBaseAgendaOnline/Documents/DownloadFile/BA_Regular_Meeting_7797_Minutes_4_4_2023_6_30_00_PM.pdf?documentType=2&meetingId=7797,text
2023-04-04,2023,Redevelopment Agency Regular Meeting,redevelopment-agency-meeting,meeting_minutes/minutes/2023/2023-04-03/2023-04-04_redevelopment-agency-meeting.md,onbase,https://ob.wvc-ut.gov/OnBaseAgendaOnline/Documents/DownloadFile/RDA_Regular_Meeting_7795_Minutes_4_4_2023_6_30_00_PM.pdf?documentType=2&meetingId=7795,text
2023-04-11,2023,City Council Regular Meeting,council-regular-meeting,meeting_minutes/minutes/2023/2023-04-10/2023-04-11_council-regular-meeting.md,onbase,https://ob.wvc-ut.gov/OnBaseAgendaOnline/Documents/DownloadFile/City_Council_Regular_Meeting_7755_Minutes_4_11_2023_6_30_00_PM.pdf?documentType=2&meetingId=7755,md
2023-04-11,2023,City Council Study Meeting,council-study-meeting,meeting_minutes/minutes/2023/2023-04-10/2023-04-11_council-study-meeting.md,onbase,https://ob.wvc-ut.gov/OnBaseAgendaOnline/Documents/DownloadFile/City_Council_Study_Meeting_7705_Minutes_4_11_2023_4_30_00_PM.pdf?documentType=2&meetingId=7705,md
2023-04-18,2023,City Council Study Meeting,council-study-meeting,meeting_minutes/minutes/2023/2023-04-17/2023-04-18_council-study-meeting.md,onbase,https://ob.wvc-ut.gov/OnBaseAgendaOnline/Documents/DownloadFile/City_Council_Study_Meeting_7706_Minutes_4_18_2023_4_30_00_PM.pdf?documentType=2&meetingId=7706,md
2023-04-25,2023,City Council Study Meeting,council-study-meeting,meeting_minutes/minutes/2023/2023-04-24/2023-04-25_council-study-meeting.md,onbase,https://ob.wvc-ut.gov/OnBaseAgendaOnline/Documents/DownloadFile/City_Council_Study_Meeting_7707_Minutes_4_25_2023_4_30_00_PM.pdf?documentType=2&meetingId=7707,md
2023-05-02,2023,City Council Regular Meeting,council-regular-meeting,meeting_minutes/minutes/2023/2023-05-01/2023-05-02_council-regular-meeting.md,onbase,https://ob.wvc-ut.gov/OnBaseAgendaOnline/Documents/DownloadFile/City_Council_Regular_Meeting_7758_Minutes_5_2_2023_6_30_00_PM.pdf?documentType=2&meetingId=7758,md
2023-05-02,2023,City Council Study Meeting,council-study-meeting,meeting_minutes/minutes/2023/2023-05-01/2023-05-02_council-study-meeting.md,onbase,https://ob.wvc-ut.gov/OnBaseAgendaOnline/Documents/DownloadFile/City_Council_Study_Meeting_7708_Minutes_5_2_2023_4_30_00_PM.pdf?documentType=2&meetingId=7708,md
2023-05-02,2023,Municipal Building Authority Regular Meeting,municipal-building-authority-meeting,meeting_minutes/minutes/2023/2023-05-01/2023-05-02_municipal-building-authority-meeting.md,onbase,https://ob.wvc-ut.gov/OnBaseAgendaOnline/Documents/DownloadFile/BA_Regular_Meeting_7800_Minutes_5_2_2023_6_30_00_PM.pdf?documentType=2&meetingId=7800,text
2023-05-02,2023,Redevelopment Agency Regular Meeting,redevelopment-agency-meeting,meeting_minutes/minutes/2023/2023-05-01/2023-05-02_redevelopment-agency-meeting.md,onbase,https://ob.wvc-ut.gov/OnBaseAgendaOnline/Documents/DownloadFile/RDA_Regular_Meeting_7798_Minutes_5_2_2023_6_30_00_PM.pdf?documentType=2&meetingId=7798,text
2023-05-09,2023,City Council Study Meeting,council-study-meeting,meeting_minutes/minutes/2023/2023-05-08/2023-05-09_council-study-meeting.md,onbase,https://ob.wvc-ut.gov/OnBaseAgendaOnline/Documents/DownloadFile/City_Council_Study_Meeting_7709_Minutes_5_9_2023_4_30_00_PM.pdf?documentType=2&meetingId=7709,md
2023-05-16,2023,City Council Regular Meeting,council-regular-meeting,meeting_minutes/minutes/2023/2023-05-15/2023-05-16_council-regular-meeting.md,onbase,https://ob.wvc-ut.gov/OnBaseAgendaOnline/Documents/DownloadFile/City_Council_Regular_Meeting_7760_Minutes_5_16_2023_6_30_00_PM.pdf?documentType=2&meetingId=7760,md
2023-05-16,2023,City Council Study Meeting,council-study-meeting,meeting_minutes/minutes/2023/2023-05-15/2023-05-16_council-study-meeting.md,onbase,https://ob.wvc-ut.gov/OnBaseAgendaOnline/Documents/DownloadFile/City_Council_Study_Meeting_7710_Minutes_5_16_2023_4_30_00_PM.pdf?documentType=2&meetingId=7710,md
2023-05-23,2023,City Council Regular Meeting,council-regular-meeting,meeting_minutes/minutes/2023/2023-05-22/2023-05-23_council-regular-meeting.md,onbase,https://ob.wvc-ut.gov/OnBaseAgendaOnline/Documents/DownloadFile/City_Council_Regular_Meeting_7761_Minutes_5_23_2023_6_30_00_PM.pdf?documentType=2&meetingId=7761,md
2023-05-23,2023,City Council Study Meeting,council-study-meeting,meeting_minutes/minutes/2023/2023-05-22/2023-05-23_council-study-meeting.md,onbase,https://ob.wvc-ut.gov/OnBaseAgendaOnline/Documents/DownloadFile/City_Council_Study_Meeting_7711_Minutes_5_23_2023_4_30_00_PM.pdf?documentType=2&meetingId=7711,md
2023-06-06,2023,City Council Regular Meeting,council-regular-meeting,meeting_minutes/minutes/2023/2023-06-05/2023-06-06_council-regular-meeting.md,onbase,https://ob.wvc-ut.gov/OnBaseAgendaOnline/Documents/DownloadFile/City_Council_Regular_Meeting_7763_Minutes_6_6_2023_6_30_00_PM.pdf?documentType=2&meetingId=7763,md
2023-06-06,2023,City Council Study Meeting,council-study-meeting,meeting_minutes/minutes/2023/2023-06-05/2023-06-06_council-study-meeting.md,onbase,https://ob.wvc-ut.gov/OnBaseAgendaOnline/Documents/DownloadFile/City_Council_Study_Meeting_7713_Minutes_6_6_2023_4_30_00_PM.pdf?documentType=2&meetingId=7713,md
2023-06-06,2023,Municipal Building Authority Regular Meeting,municipal-building-authority-meeting,meeting_minutes/minutes/2023/2023-06-05/2023-06-06_municipal-building-authority-meeting.md,onbase,https://ob.wvc-ut.gov/OnBaseAgendaOnline/Documents/DownloadFile/BA_Regular_Meeting_7801_Minutes_6_6_2023_6_30_00_PM.pdf?documentType=2&meetingId=7801,text
2023-06-06,2023,Redevelopment Agency Regular Meeting,redevelopment-agency-meeting,meeting_minutes/minutes/2023/2023-06-05/2023-06-06_redevelopment-agency-meeting.md,onbase,https://ob.wvc-ut.gov/OnBaseAgendaOnline/Documents/DownloadFile/RDA_Regular_Meeting_7803_Minutes_6_6_2023_6_30_00_PM.pdf?documentType=2&meetingId=7803,text
2023-06-13,2023,City Council Regular Meeting,council-regular-meeting,meeting_minutes/minutes/2023/2023-06-12/2023-06-13_council-regular-meeting.md,onbase,https://ob.wvc-ut.gov/OnBaseAgendaOnline/Documents/DownloadFile/City_Council_Regular_Meeting_7764_Minutes_6_13_2023_6_30_00_PM.pdf?documentType=2&meetingId=7764,md
2023-06-13,2023,City Council Study Meeting,council-study-meeting,meeting_minutes/minutes/2023/2023-06-12/2023-06-13_council-study-meeting.md,onbase,https://ob.wvc-ut.gov/OnBaseAgendaOnline/Documents/DownloadFile/City_Council_Study_Meeting_7714_Minutes_6_13_2023_4_30_00_PM.pdf?documentType=2&meetingId=7714,md
2023-06-13,2023,Municipal Building Authority Special Meeting,municipal-building-authority-meeting,meeting_minutes/minutes/2023/2023-06-12/2023-06-13_municipal-building-authority-meeting.md,onbase,https://ob.wvc-ut.gov/OnBaseAgendaOnline/Documents/DownloadFile/BA_Special_Meeting_7804_Minutes_6_13_2023_6_30_00_PM.pdf?documentType=2&meetingId=7804,text
2023-06-20,2023,City Council Regular Meeting,council-regular-meeting,meeting_minutes/minutes/2023/2023-06-19/2023-06-20_council-regular-meeting.md,onbase,https://ob.wvc-ut.gov/OnBaseAgendaOnline/Documents/DownloadFile/City_Council_Regular_Meeting_7765_Minutes_6_20_2023_6_30_00_PM.pdf?documentType=2&meetingId=7765,md
2023-06-20,2023,City Council Study Meeting,council-study-meeting,meeting_minutes/minutes/2023/2023-06-19/2023-06-20_council-study-meeting.md,onbase,https://ob.wvc-ut.gov/OnBaseAgendaOnline/Documents/DownloadFile/City_Council_Study_Meeting_7715_Minutes_6_20_2023_4_30_00_PM.pdf?documentType=2&meetingId=7715,md
2023-06-20,2023,Municipal Building Authority Special Meeting,municipal-building-authority-meeting,meeting_minutes/minutes/2023/2023-06-19/2023-06-20_municipal-building-authority-meeting.md,onbase,https://ob.wvc-ut.gov/OnBaseAgendaOnline/Documents/DownloadFile/BA_Special_Meeting_7805_Minutes_6_20_2023_6_30_00_PM.pdf?documentType=2&meetingId=7805,text
2023-06-27,2023,City Council Regular Meeting,council-regular-meeting,meeting_minutes/minutes/2023/2023-06-26/2023-06-27_council-regular-meeting.md,onbase,https://ob.wvc-ut.gov/OnBaseAgendaOnline/Documents/DownloadFile/City_Council_Regular_Meeting_7766_Minutes_6_27_2023_6_30_00_PM.pdf?documentType=2&meetingId=7766,md
2023-06-27,2023,Redevelopment Agency Special Meeting,redevelopment-agency-meeting,meeting_minutes/minutes/2023/2023-06-26/2023-06-27_redevelopment-agency-meeting.md,onbase,https://ob.wvc-ut.gov/OnBaseAgendaOnline/Documents/DownloadFile/Special_RDA_Meeting_7823_Minutes_6_27_2023_6_30_00_PM.pdf?documentType=2&meetingId=7823,text
2023-07-11,2023,City Council Study Meeting,council-study-meeting,meeting_minutes/minutes/2023/2023-07-10/2023-07-11_council-study-meeting.md,onbase,https://ob.wvc-ut.gov/OnBaseAgendaOnline/Documents/DownloadFile/City_Council_Study_Meeting_7718_Minutes_7_11_2023_4_30_00_PM.pdf?documentType=2&meetingId=7718,md
2023-07-18,2023,City Council Regular Meeting,council-regular-meeting,meeting_minutes/minutes/2023/2023-07-17/2023-07-18_council-regular-meeting.md,onbase,https://ob.wvc-ut.gov/OnBaseAgendaOnline/Documents/DownloadFile/City_Council_Regular_Meeting_7769_Minutes_7_18_2023_6_30_00_PM.pdf?documentType=2&meetingId=7769,md
2023-07-18,2023,City Council Study Meeting,council-study-meeting,meeting_minutes/minutes/2023/2023-07-17/2023-07-18_council-study-meeting.md,onbase,https://ob.wvc-ut.gov/OnBaseAgendaOnline/Documents/DownloadFile/City_Council_Study_Meeting_7719_Minutes_7_18_2023_4_30_00_PM.pdf?documentType=2&meetingId=7719,md
2023-07-18,2023,Municipal Building Authority Special Meeting,municipal-building-authority-meeting,meeting_minutes/minutes/2023/2023-07-17/2023-07-18_municipal-building-authority-meeting.md,onbase,https://ob.wvc-ut.gov/OnBaseAgendaOnline/Documents/DownloadFile/BA_Special_Meeting_7824_Minutes_7_18_2023_6_30_00_PM.pdf?documentType=2&meetingId=7824,text
2023-07-25,2023,City Council Regular Meeting,council-regular-meeting,meeting_minutes/minutes/2023/2023-07-24/2023-07-25_council-regular-meeting.md,onbase,https://ob.wvc-ut.gov/OnBaseAgendaOnline/Documents/DownloadFile/City_Council_Regular_Meeting_7770_Minutes_7_25_2023_6_30_00_PM.pdf?documentType=2&meetingId=7770,md
2023-08-15,2023,City Council Study Meeting,council-study-meeting,meeting_minutes/minutes/2023/2023-08-14/2023-08-15_council-study-meeting.md,onbase,https://ob.wvc-ut.gov/OnBaseAgendaOnline/Documents/DownloadFile/City_Council_Study_Meeting_7723_Minutes_8_15_2023_4_30_00_PM.pdf?documentType=2&meetingId=7723,md
2023-08-22,2023,City Council Regular Meeting,council-regular-meeting,meeting_minutes/minutes/2023/2023-08-21/2023-08-22_council-regular-meeting.md,onbase,https://ob.wvc-ut.gov/OnBaseAgendaOnline/Documents/DownloadFile/City_Council_Regular_Meeting_7774_Minutes_8_22_2023_6_30_00_PM.pdf?documentType=2&meetingId=7774,md
2023-08-22,2023,City Council Study Meeting,council-study-meeting,meeting_minutes/minutes/2023/2023-08-21/2023-08-22_council-study-meeting.md,onbase,https://ob.wvc-ut.gov/OnBaseAgendaOnline/Documents/DownloadFile/City_Council_Study_Meeting_7724_Minutes_8_22_2023_4_30_00_PM.pdf?documentType=2&meetingId=7724,md
2023-09-05,2023,City Council Regular Meeting,council-regular-meeting,meeting_minutes/minutes/2023/2023-09-04/2023-09-05_council-regular-meeting.md,onbase,https://ob.wvc-ut.gov/OnBaseAgendaOnline/Documents/DownloadFile/City_Council_Regular_Meeting_7776_Minutes_9_5_2023_6_30_00_PM.pdf?documentType=2&meetingId=7776,md
2023-09-05,2023,City Council Study Meeting,council-study-meeting,meeting_minutes/minutes/2023/2023-09-04/2023-09-05_council-study-meeting.md,onbase,https://ob.wvc-ut.gov/OnBaseAgendaOnline/Documents/DownloadFile/City_Council_Study_Meeting_7726_Minutes_9_5_2023_4_30_00_PM.pdf?documentType=2&meetingId=7726,md
2023-09-12,2023,City Council Regular Meeting,council-regular-meeting,meeting_minutes/minutes/2023/2023-09-11/2023-09-12_council-regular-meeting.md,onbase,https://ob.wvc-ut.gov/OnBaseAgendaOnline/Documents/DownloadFile/City_Council_Regular_Meeting_7777_Minutes_9_12_2023_6_30_00_PM.pdf?documentType=2&meetingId=7777,md
2023-09-12,2023,City Council Study Meeting,council-study-meeting,meeting_minutes/minutes/2023/2023-09-11/2023-09-12_council-study-meeting.md,onbase,https://ob.wvc-ut.gov/OnBaseAgendaOnline/Documents/DownloadFile/City_Council_Study_Meeting_7727_Minutes_9_12_2023_4_30_00_PM.pdf?documentType=2&meetingId=7727,md
2023-09-19,2023,City Council Regular Meeting,council-regular-meeting,meeting_minutes/minutes/2023/2023-09-18/2023-09-19_council-regular-meeting.md,onbase,https://ob.wvc-ut.gov/OnBaseAgendaOnline/Documents/DownloadFile/City_Council_Regular_Meeting_7778_Minutes_9_19_2023_6_30_00_PM.pdf?documentType=2&meetingId=7778,md
2023-09-19,2023,City Council Study Meeting,council-study-meeting,meeting_minutes/minutes/2023/2023-09-18/2023-09-19_council-study-meeting.md,onbase,https://ob.wvc-ut.gov/OnBaseAgendaOnline/Documents/DownloadFile/City_Council_Study_Meeting_7728_Minutes_9_19_2023_4_30_00_PM.pdf?documentType=2&meetingId=7728,md
2023-09-26,2023,City Council Study Meeting,council-study-meeting,meeting_minutes/minutes/2023/2023-09-25/2023-09-26_council-study-meeting.md,onbase,https://ob.wvc-ut.gov/OnBaseAgendaOnline/Documents/DownloadFile/City_Council_Study_Meeting_7729_Minutes_9_26_2023_4_30_00_PM.pdf?documentType=2&meetingId=7729,md
2023-10-03,2023,City Council Regular Meeting,council-regular-meeting,meeting_minutes/minutes/2023/2023-10-02/2023-10-03_council-regular-meeting.md,onbase,https://ob.wvc-ut.gov/OnBaseAgendaOnline/Documents/DownloadFile/City_Council_Regular_Meeting_7780_Minutes_10_3_2023_6_30_00_PM.pdf?documentType=2&meetingId=7780,md
2023-10-03,2023,City Council Study Meeting,council-study-meeting,meeting_minutes/minutes/2023/2023-10-02/2023-10-03_council-study-meeting.md,onbase,https://ob.wvc-ut.gov/OnBaseAgendaOnline/Documents/DownloadFile/City_Council_Study_Meeting_7730_Minutes_10_3_2023_4_30_00_PM.pdf?documentType=2&meetingId=7730,md
2023-10-10,2023,City Council Regular Meeting,council-regular-meeting,meeting_minutes/minutes/2023/2023-10-09/2023-10-10_council-regular-meeting.md,onbase,https://ob.wvc-ut.gov/OnBaseAgendaOnline/Documents/DownloadFile/City_Council_Regular_Meeting_7781_Minutes_10_10_2023_6_30_00_PM.pdf?documentType=2&meetingId=7781,md
2023-10-17,2023,City Council Study Meeting,council-study-meeting,meeting_minutes/minutes/2023/2023-10-16/2023-10-17_council-study-meeting.md,onbase,https://ob.wvc-ut.gov/OnBaseAgendaOnline/Documents/DownloadFile/City_Council_Study_Meeting_7732_Minutes_10_17_2023_4_30_00_PM.pdf?documentType=2&meetingId=7732,md
2023-10-24,2023,City Council Regular Meeting,council-regular-meeting,meeting_minutes/minutes/2023/2023-10-23/2023-10-24_council-regular-meeting.md,onbase,https://ob.wvc-ut.gov/OnBaseAgendaOnline/Documents/DownloadFile/City_Council_Regular_Meeting_7783_Minutes_10_24_2023_6_30_00_PM.pdf?documentType=2&meetingId=7783,md
2023-10-24,2023,City Council Study Meeting,council-study-meeting,meeting_minutes/minutes/2023/2023-10-23/2023-10-24_council-study-meeting.md,onbase,https://ob.wvc-ut.gov/OnBaseAgendaOnline/Documents/DownloadFile/City_Council_Study_Meeting_7733_Minutes_10_24_2023_4_30_00_PM.pdf?documentType=2&meetingId=7733,md
2023-11-07,2023,City Council Special Regular Meeting,council-special-regular-meeting,meeting_minutes/minutes/2023/2023-11-06/2023-11-07_council-special-regular-meeting.md,onbase,https://ob.wvc-ut.gov/OnBaseAgendaOnline/Documents/DownloadFile/City_Council_Special_Regular_Meeting_7830_Minutes_11_7_2023_6_30_00_PM.pdf?documentType=2&meetingId=7830,md
2023-11-07,2023,City Council Special Study Meeting,council-special-study-meeting,meeting_minutes/minutes/2023/2023-11-06/2023-11-07_council-special-study-meeting.md,onbase,https://ob.wvc-ut.gov/OnBaseAgendaOnline/Documents/DownloadFile/City_Council_Special_Study_Meeting_7831_Minutes_11_7_2023_4_30_00_PM.pdf?documentType=2&meetingId=7831,md
2023-11-14,2023,City Council Regular Meeting,council-regular-meeting,meeting_minutes/minutes/2023/2023-11-13/2023-11-14_council-regular-meeting.md,onbase,https://ob.wvc-ut.gov/OnBaseAgendaOnline/Documents/DownloadFile/City_Council_Regular_Meeting_7786_Minutes_11_14_2023_6_30_00_PM.pdf?documentType=2&meetingId=7786,md
2023-11-14,2023,City Council Study Meeting,council-study-meeting,meeting_minutes/minutes/2023/2023-11-13/2023-11-14_council-study-meeting.md,onbase,https://ob.wvc-ut.gov/OnBaseAgendaOnline/Documents/DownloadFile/City_Council_Study_Meeting_7736_Minutes_11_14_2023_5_30_00_PM.pdf?documentType=2&meetingId=7736,md
2023-11-28,2023,City Council Study Meeting,council-study-meeting,meeting_minutes/minutes/2023/2023-11-27/2023-11-28_council-study-meeting.md,onbase,https://ob.wvc-ut.gov/OnBaseAgendaOnline/Documents/DownloadFile/City_Council_Study_Meeting_7738_Minutes_11_28_2023_4_30_00_PM.pdf?documentType=2&meetingId=7738,md
2023-12-05,2023,City Council Regular Meeting,council-regular-meeting,meeting_minutes/minutes/2023/2023-12-04/2023-12-05_council-regular-meeting.md,onbase,https://ob.wvc-ut.gov/OnBaseAgendaOnline/Documents/DownloadFile/City_Council_Regular_Meeting_7789_Minutes_12_5_2023_6_30_00_PM.pdf?documentType=2&meetingId=7789,md
2023-12-05,2023,Redevelopment Agency Special Meeting,redevelopment-agency-meeting,meeting_minutes/minutes/2023/2023-12-04/2023-12-05_redevelopment-agency-meeting.md,onbase,https://ob.wvc-ut.gov/OnBaseAgendaOnline/Documents/DownloadFile/RDA_Special_Meeting_7832_Minutes_12_5_2023_6_30_00_PM.pdf?documentType=2&meetingId=7832,text
2023-12-12,2023,City Council Study Meeting,council-study-meeting,meeting_minutes/minutes/2023/2023-12-11/2023-12-12_council-study-meeting.md,onbase,https://ob.wvc-ut.gov/OnBaseAgendaOnline/Documents/DownloadFile/City_Council_Study_Meeting_7740_Minutes_12_12_2023_4_30_00_PM.pdf?documentType=2&meetingId=7740,md
2024-01-02,2024,City Council Regular Meeting,council-regular-meeting,meeting_minutes/minutes/2024/2024-01-01/2024-01-02_council-regular-meeting.md,onbase,https://ob.wvc-ut.gov/OnBaseAgendaOnline/Documents/DownloadFile/City_Council_Regular_Meeting_7962_Minutes_1_2_2024_6_30_00_PM.pdf?documentType=2&meetingId=7962,md
2024-01-02,2024,City Council Study Meeting,council-study-meeting,meeting_minutes/minutes/2024/2024-01-01/2024-01-02_council-study-meeting.md,onbase,https://ob.wvc-ut.gov/OnBaseAgendaOnline/Documents/DownloadFile/City_Council_Study_Meeting_7911_Minutes_1_2_2024_4_30_00_PM.pdf?documentType=2&meetingId=7911,md
2024-01-02,2024,Municipal Building Authority Regular Meeting,municipal-building-authority-meeting,meeting_minutes/minutes/2024/2024-01-01/2024-01-02_municipal-building-authority-meeting.md,onbase,https://ob.wvc-ut.gov/OnBaseAgendaOnline/Documents/DownloadFile/BA_Annual_Meeting_8066_Minutes_1_2_2024_6_30_00_PM.pdf?documentType=2&meetingId=8066,text
2024-01-02,2024,Redevelopment Agency Regular Meeting,redevelopment-agency-meeting,meeting_minutes/minutes/2024/2024-01-01/2024-01-02_redevelopment-agency-meeting.md,onbase,https://ob.wvc-ut.gov/OnBaseAgendaOnline/Documents/DownloadFile/RDA_Annual_Meeting_8064_Minutes_1_2_2024_6_30_00_PM.pdf?documentType=2&meetingId=8064,text
2024-01-09,2024,City Council Regular Meeting,council-regular-meeting,meeting_minutes/minutes/2024/2024-01-08/2024-01-09_council-regular-meeting.md,onbase,https://ob.wvc-ut.gov/OnBaseAgendaOnline/Documents/DownloadFile/City_Council_Regular_Meeting_7963_Minutes_1_9_2024_6_30_00_PM.pdf?documentType=2&meetingId=7963,md
2024-01-09,2024,City Council Study Meeting,council-study-meeting,meeting_minutes/minutes/2024/2024-01-08/2024-01-09_council-study-meeting.md,onbase,https://ob.wvc-ut.gov/OnBaseAgendaOnline/Documents/DownloadFile/City_Council_Study_Meeting_7912_Minutes_1_9_2024_4_30_00_PM.pdf?documentType=2&meetingId=7912,md
2024-01-16,2024,City Council Study Meeting,council-study-meeting,meeting_minutes/minutes/2024/2024-01-15/2024-01-16_council-study-meeting.md,onbase,https://ob.wvc-ut.gov/OnBaseAgendaOnline/Documents/DownloadFile/City_Council_Study_Meeting_7913_Minutes_1_16_2024_4_30_00_PM.pdf?documentType=2&meetingId=7913,md
2024-01-23,2024,City Council Regular Meeting,council-regular-meeting,meeting_minutes/minutes/2024/2024-01-22/2024-01-23_council-regular-meeting.md,onbase,https://ob.wvc-ut.gov/OnBaseAgendaOnline/Documents/DownloadFile/City_Council_Regular_Meeting_7965_Minutes_1_23_2024_6_30_00_PM.pdf?documentType=2&meetingId=7965,md
2024-01-23,2024,City Council Study Meeting,council-study-meeting,meeting_minutes/minutes/2024/2024-01-22/2024-01-23_council-study-meeting.md,onbase,https://ob.wvc-ut.gov/OnBaseAgendaOnline/Documents/DownloadFile/City_Council_Study_Meeting_7914_Minutes_1_23_2024_4_30_00_PM.pdf?documentType=2&meetingId=7914,md
2024-02-06,2024,City Council Regular Meeting,council-regular-meeting,meeting_minutes/minutes/2024/2024-02-05/2024-02-06_council-regular-meeting.md,onbase,https://ob.wvc-ut.gov/OnBaseAgendaOnline/Documents/DownloadFile/City_Council_Regular_Meeting_8018_Minutes_2_6_2024_6_30_00_PM.pdf?documentType=2&meetingId=8018,md
2024-02-06,2024,City Council Study Meeting,council-study-meeting,meeting_minutes/minutes/2024/2024-02-05/2024-02-06_council-study-meeting.md,onbase,https://ob.wvc-ut.gov/OnBaseAgendaOnline/Documents/DownloadFile/City_Council_Study_Meeting_7916_Minutes_2_6_2024_4_30_00_PM.pdf?documentType=2&meetingId=7916,md
2024-02-13,2024,City Council Special Meeting,council-special-meeting,meeting_minutes/minutes/2024/2024-02-12/2024-02-13_council-special-meeting.md,onbase,https://ob.wvc-ut.gov/OnBaseAgendaOnline/Documents/DownloadFile/City_Council_Special_Meeting_8081_Minutes_2_13_2024_8_00_00_AM.pdf?documentType=2&meetingId=8081,md
2024-02-20,2024,City Council Regular Meeting,council-regular-meeting,meeting_minutes/minutes/2024/2024-02-19/2024-02-20_council-regular-meeting.md,onbase,https://ob.wvc-ut.gov/OnBaseAgendaOnline/Documents/DownloadFile/City_Council_Regular_Meeting_8020_Minutes_2_20_2024_6_30_00_PM.pdf?documentType=2&meetingId=8020,md
2024-02-20,2024,City Council Study Meeting,council-study-meeting,meeting_minutes/minutes/2024/2024-02-19/2024-02-20_council-study-meeting.md,onbase,https://ob.wvc-ut.gov/OnBaseAgendaOnline/Documents/DownloadFile/City_Council_Study_Meeting_7918_Minutes_2_20_2024_4_30_00_PM.pdf?documentType=2&meetingId=7918,md
2024-02-23,2024,Strategic Planning Meeting,strategic-planning-meeting,meeting_minutes/minutes/2024/2024-02-19/2024-02-23_strategic-planning-meeting.md,onbase,https://ob.wvc-ut.gov/OnBaseAgendaOnline/Documents/DownloadFile/Strategic_Planning_Meeting_8083_Minutes_2_23_2024_9_00_00_AM.pdf?documentType=2&meetingId=8083,md
2024-02-27,2024,City Council Regular Meeting,council-regular-meeting,meeting_minutes/minutes/2024/2024-02-26/2024-02-27_council-regular-meeting.md,onbase,https://ob.wvc-ut.gov/OnBaseAgendaOnline/Documents/DownloadFile/City_Council_Regular_Meeting_7970_Minutes_2_27_2024_6_30_00_PM.pdf?documentType=2&meetingId=7970,md
2024-02-27,2024,City Council Study Meeting,council-study-meeting,meeting_minutes/minutes/2024/2024-02-26/2024-02-27_council-study-meeting.md,onbase,https://ob.wvc-ut.gov/OnBaseAgendaOnline/Documents/DownloadFile/City_Council_Study_Meeting_7919_Minutes_2_27_2024_4_30_00_PM.pdf?documentType=2&meetingId=7919,md
2024-03-12,2024,City Council Regular Meeting,council-regular-meeting,meeting_minutes/minutes/2024/2024-03-11/2024-03-12_council-regular-meeting.md,onbase,https://ob.wvc-ut.gov/OnBaseAgendaOnline/Documents/DownloadFile/City_Council_Regular_Meeting_7972_Minutes_3_12_2024_6_30_00_PM.pdf?documentType=2&meetingId=7972,md
2024-03-12,2024,City Council Study Meeting,council-study-meeting,meeting_minutes/minutes/2024/2024-03-11/2024-03-12_council-study-meeting.md,onbase,https://ob.wvc-ut.gov/OnBaseAgendaOnline/Documents/DownloadFile/City_Council_Study_Meeting_7921_Minutes_3_12_2024_4_30_00_PM.pdf?documentType=2&meetingId=7921,md
2024-03-19,2024,City Council Regular Meeting,council-regular-meeting,meeting_minutes/minutes/2024/2024-03-18/2024-03-19_council-regular-meeting.md,onbase,https://ob.wvc-ut.gov/OnBaseAgendaOnline/Documents/DownloadFile/City_Council_Regular_Meeting_7973_Minutes_3_19_2024_6_30_00_PM.pdf?documentType=2&meetingId=7973,md
2024-03-19,2024,City Council Study Meeting,council-study-meeting,meeting_minutes/minutes/2024/2024-03-18/2024-03-19_council-study-meeting.md,onbase,https://ob.wvc-ut.gov/OnBaseAgendaOnline/Documents/DownloadFile/City_Council_Study_Meeting_7922_Minutes_3_19_2024_4_30_00_PM.pdf?documentType=2&meetingId=7922,md
2024-03-26,2024,City Council Regular Meeting,council-regular-meeting,meeting_minutes/minutes/2024/2024-03-25/2024-03-26_council-regular-meeting.md,onbase,https://ob.wvc-ut.gov/OnBaseAgendaOnline/Documents/DownloadFile/City_Council_Regular_Meeting_8025_Minutes_3_26_2024_6_30_00_PM.pdf?documentType=2&meetingId=8025,md
2024-03-26,2024,City Council Study Meeting,council-study-meeting,meeting_minutes/minutes/2024/2024-03-25/2024-03-26_council-study-meeting.md,onbase,https://ob.wvc-ut.gov/OnBaseAgendaOnline/Documents/DownloadFile/City_Council_Study_Meeting_7923_Minutes_3_26_2024_4_30_00_PM.pdf?documentType=2&meetingId=7923,md
2024-04-02,2024,City Council Regular Meeting,council-regular-meeting,meeting_minutes/minutes/2024/2024-04-01/2024-04-02_council-regular-meeting.md,onbase,https://ob.wvc-ut.gov/OnBaseAgendaOnline/Documents/DownloadFile/City_Council_Regular_Meeting_7975_Minutes_4_2_2024_6_30_00_PM.pdf?documentType=2&meetingId=7975,md
2024-04-02,2024,City Council Study Meeting,council-study-meeting,meeting_minutes/minutes/2024/2024-04-01/2024-04-02_council-study-meeting.md,onbase,https://ob.wvc-ut.gov/OnBaseAgendaOnline/Documents/DownloadFile/City_Council_Study_Meeting_7924_Minutes_4_2_2024_4_30_00_PM.pdf?documentType=2&meetingId=7924,md
2024-04-09,2024,City Council Regular Meeting,council-regular-meeting,meeting_minutes/minutes/2024/2024-04-08/2024-04-09_council-regular-meeting.md,onbase,https://ob.wvc-ut.gov/OnBaseAgendaOnline/Documents/DownloadFile/City_Council_Regular_Meeting_8027_Minutes_4_9_2024_6_30_00_PM.pdf?documentType=2&meetingId=8027,md
2024-04-09,2024,City Council Study Meeting,council-study-meeting,meeting_minutes/minutes/2024/2024-04-08/2024-04-09_council-study-meeting.md,onbase,https://ob.wvc-ut.gov/OnBaseAgendaOnline/Documents/DownloadFile/City_Council_Study_Meeting_7925_Minutes_4_9_2024_4_30_00_PM.pdf?documentType=2&meetingId=7925,md
2024-04-16,2024,City Council Regular Meeting,council-regular-meeting,meeting_minutes/minutes/2024/2024-04-15/2024-04-16_council-regular-meeting.md,onbase,https://ob.wvc-ut.gov/OnBaseAgendaOnline/Documents/DownloadFile/City_Council_Regular_Meeting_7977_Minutes_4_16_2024_6_30_00_PM.pdf?documentType=2&meetingId=7977,md
2024-04-16,2024,City Council Study Meeting,council-study-meeting,meeting_minutes/minutes/2024/2024-04-15/2024-04-16_council-study-meeting.md,onbase,https://ob.wvc-ut.gov/OnBaseAgendaOnline/Documents/DownloadFile/City_Council_Study_Meeting_7926_Minutes_4_16_2024_4_30_00_PM.pdf?documentType=2&meetingId=7926,md
2024-04-23,2024,City Council Regular Meeting,council-regular-meeting,meeting_minutes/minutes/2024/2024-04-22/2024-04-23_council-regular-meeting.md,onbase,https://ob.wvc-ut.gov/OnBaseAgendaOnline/Documents/DownloadFile/City_Council_Regular_Meeting_8029_Minutes_4_23_2024_6_30_00_PM.pdf?documentType=2&meetingId=8029,md
2024-04-23,2024,City Council Study Meeting,council-study-meeting,meeting_minutes/minutes/2024/2024-04-22/2024-04-23_council-study-meeting.md,onbase,https://ob.wvc-ut.gov/OnBaseAgendaOnline/Documents/DownloadFile/City_Council_Study_Meeting_7927_Minutes_4_23_2024_4_30_00_PM.pdf?documentType=2&meetingId=7927,md
2024-05-07,2024,City Council Regular Meeting,council-regular-meeting,meeting_minutes/minutes/2024/2024-05-06/2024-05-07_council-regular-meeting.md,onbase,https://ob.wvc-ut.gov/OnBaseAgendaOnline/Documents/DownloadFile/City_Council_Regular_Meeting_8031_Minutes_5_7_2024_6_30_00_PM.pdf?documentType=2&meetingId=8031,md
2024-05-07,2024,City Council Study Meeting,council-study-meeting,meeting_minutes/minutes/2024/2024-05-06/2024-05-07_council-study-meeting.md,onbase,https://ob.wvc-ut.gov/OnBaseAgendaOnline/Documents/DownloadFile/City_Council_Study_Meeting_7929_Minutes_5_7_2024_4_30_00_PM.pdf?documentType=2&meetingId=7929,md
2024-05-07,2024,Municipal Building Authority Regular Meeting,municipal-building-authority-meeting,meeting_minutes/minutes/2024/2024-05-06/2024-05-07_municipal-building-authority-meeting.md,onbase,https://ob.wvc-ut.gov/OnBaseAgendaOnline/Documents/DownloadFile/BA_Regular_Meeting_8092_Minutes_5_7_2024_6_30_00_PM.pdf?documentType=2&meetingId=8092,text
2024-05-07,2024,Redevelopment Agency Regular Meeting,redevelopment-agency-meeting,meeting_minutes/minutes/2024/2024-05-06/2024-05-07_redevelopment-agency-meeting.md,onbase,https://ob.wvc-ut.gov/OnBaseAgendaOnline/Documents/DownloadFile/RDA_Regular_Meeting_8069_Minutes_5_7_2024_6_30_00_PM.pdf?documentType=2&meetingId=8069,text
2024-05-14,2024,City Council Regular Meeting,council-regular-meeting,meeting_minutes/minutes/2024/2024-05-13/2024-05-14_council-regular-meeting.md,onbase,https://ob.wvc-ut.gov/OnBaseAgendaOnline/Documents/DownloadFile/City_Council_Regular_Meeting_7981_Minutes_5_14_2024_6_30_00_PM.pdf?documentType=2&meetingId=7981,md
2024-05-14,2024,City Council Study Meeting,council-study-meeting,meeting_minutes/minutes/2024/2024-05-13/2024-05-14_council-study-meeting.md,onbase,https://ob.wvc-ut.gov/OnBaseAgendaOnline/Documents/DownloadFile/City_Council_Study_Meeting_7930_Minutes_5_14_2024_4_30_00_PM.pdf?documentType=2&meetingId=7930,md
2024-05-21,2024,City Council Regular Meeting,council-regular-meeting,meeting_minutes/minutes/2024/2024-05-20/2024-05-21_council-regular-meeting.md,onbase,https://ob.wvc-ut.gov/OnBaseAgendaOnline/Documents/DownloadFile/City_Council_Regular_Meeting_8033_Minutes_5_21_2024_6_30_00_PM.pdf?documentType=2&meetingId=8033,md
2024-05-21,2024,City Council Study Meeting,council-study-meeting,meeting_minutes/minutes/2024/2024-05-20/2024-05-21_council-study-meeting.md,onbase,https://ob.wvc-ut.gov/OnBaseAgendaOnline/Documents/DownloadFile/City_Council_Study_Meeting_7931_Minutes_5_21_2024_4_30_00_PM.pdf?documentType=2&meetingId=7931,md
2024-05-28,2024,City Council Regular Meeting,council-regular-meeting,meeting_minutes/minutes/2024/2024-05-27/2024-05-28_council-regular-meeting.md,onbase,https://ob.wvc-ut.gov/OnBaseAgendaOnline/Documents/DownloadFile/City_Council_Regular_Meeting_7983_Minutes_5_28_2024_6_30_00_PM.pdf?documentType=2&meetingId=7983,md
2024-05-28,2024,City Council Study Meeting,council-study-meeting,meeting_minutes/minutes/2024/2024-05-27/2024-05-28_council-study-meeting.md,onbase,https://ob.wvc-ut.gov/OnBaseAgendaOnline/Documents/DownloadFile/City_Council_Study_Meeting_7932_Minutes_5_28_2024_4_30_00_PM.pdf?documentType=2&meetingId=7932,md
2024-06-04,2024,City Council Regular Meeting,council-regular-meeting,meeting_minutes/minutes/2024/2024-06-03/2024-06-04_council-regular-meeting.md,onbase,https://ob.wvc-ut.gov/OnBaseAgendaOnline/Documents/DownloadFile/City_Council_Regular_Meeting_8035_Minutes_6_4_2024_6_30_00_PM.pdf?documentType=2&meetingId=8035,md
2024-06-04,2024,City Council Study Meeting,council-study-meeting,meeting_minutes/minutes/2024/2024-06-03/2024-06-04_council-study-meeting.md,onbase,https://ob.wvc-ut.gov/OnBaseAgendaOnline/Documents/DownloadFile/City_Council_Study_Meeting_7933_Minutes_6_4_2024_4_30_00_PM.pdf?documentType=2&meetingId=7933,md
2024-06-04,2024,Municipal Building Authority Regular Meeting,municipal-building-authority-meeting,meeting_minutes/minutes/2024/2024-06-03/2024-06-04_municipal-building-authority-meeting.md,onbase,https://ob.wvc-ut.gov/OnBaseAgendaOnline/Documents/DownloadFile/BA_Regular_Meeting_8095_Minutes_6_4_2024_6_30_00_PM.pdf?documentType=2&meetingId=8095,text
2024-06-04,2024,Redevelopment Agency Regular Meeting,redevelopment-agency-meeting,meeting_minutes/minutes/2024/2024-06-03/2024-06-04_redevelopment-agency-meeting.md,onbase,https://ob.wvc-ut.gov/OnBaseAgendaOnline/Documents/DownloadFile/RDA_Regular_Meeting_8070_Minutes_6_4_2024_6_30_00_PM.pdf?documentType=2&meetingId=8070,text
2024-06-11,2024,City Council Regular Meeting,council-regular-meeting,meeting_minutes/minutes/2024/2024-06-10/2024-06-11_council-regular-meeting.md,onbase,https://ob.wvc-ut.gov/OnBaseAgendaOnline/Documents/DownloadFile/City_Council_Regular_Meeting_7985_Minutes_6_11_2024_6_30_00_PM.pdf?documentType=2&meetingId=7985,md
2024-06-11,2024,City Council Study Meeting,council-study-meeting,meeting_minutes/minutes/2024/2024-06-10/2024-06-11_council-study-meeting.md,onbase,https://ob.wvc-ut.gov/OnBaseAgendaOnline/Documents/DownloadFile/City_Council_Study_Meeting_7934_Minutes_6_11_2024_4_30_00_PM.pdf?documentType=2&meetingId=7934,md
2024-06-18,2024,City Council Regular Meeting,council-regular-meeting,meeting_minutes/minutes/2024/2024-06-17/2024-06-18_council-regular-meeting.md,onbase,https://ob.wvc-ut.gov/OnBaseAgendaOnline/Documents/DownloadFile/City_Council_Regular_Meeting_8037_Minutes_6_18_2024_6_30_00_PM.pdf?documentType=2&meetingId=8037,md
2024-06-18,2024,City Council Study Meeting,council-study-meeting,meeting_minutes/minutes/2024/2024-06-17/2024-06-18_council-study-meeting.md,onbase,https://ob.wvc-ut.gov/OnBaseAgendaOnline/Documents/DownloadFile/City_Council_Study_Meeting_7935_Minutes_6_18_2024_4_30_00_PM.pdf?documentType=2&meetingId=7935,md
2024-06-25,2024,City Council Regular Meeting,council-regular-meeting,meeting_minutes/minutes/2024/2024-06-24/2024-06-25_council-regular-meeting.md,onbase,https://ob.wvc-ut.gov/OnBaseAgendaOnline/Documents/DownloadFile/City_Council_Regular_Meeting_7987_Minutes_6_25_2024_6_30_00_PM.pdf?documentType=2&meetingId=7987,md
2024-06-25,2024,City Council Study Meeting,council-study-meeting,meeting_minutes/minutes/2024/2024-06-24/2024-06-25_council-study-meeting.md,onbase,https://ob.wvc-ut.gov/OnBaseAgendaOnline/Documents/DownloadFile/City_Council_Study_Meeting_7936_Minutes_6_25_2024_4_30_00_PM.pdf?documentType=2&meetingId=7936,md
2024-07-02,2024,City Council Regular Meeting,council-regular-meeting,meeting_minutes/minutes/2024/2024-07-01/2024-07-02_council-regular-meeting.md,onbase,https://ob.wvc-ut.gov/OnBaseAgendaOnline/Documents/DownloadFile/City_Council_Regular_Meeting_7988_Minutes_7_2_2024_6_30_00_PM.pdf?documentType=2&meetingId=7988,md
2024-07-02,2024,City Council Study Meeting,council-study-meeting,meeting_minutes/minutes/2024/2024-07-01/2024-07-02_council-study-meeting.md,onbase,https://ob.wvc-ut.gov/OnBaseAgendaOnline/Documents/DownloadFile/City_Council_Study_Meeting_7937_Minutes_7_2_2024_4_30_00_PM.pdf?documentType=2&meetingId=7937,md
2024-07-09,2024,City Council Regular Meeting,council-regular-meeting,meeting_minutes/minutes/2024/2024-07-08/2024-07-09_council-regular-meeting.md,onbase,https://ob.wvc-ut.gov/OnBaseAgendaOnline/Documents/DownloadFile/City_Council_Regular_Meeting_8121_Minutes_7_9_2024_6_30_00_PM.pdf?documentType=2&meetingId=8121,md
2024-07-09,2024,City Council Study Meeting,council-study-meeting,meeting_minutes/minutes/2024/2024-07-08/2024-07-09_council-study-meeting.md,onbase,https://ob.wvc-ut.gov/OnBaseAgendaOnline/Documents/DownloadFile/City_Council_Study_Meeting_7938_Minutes_7_9_2024_4_30_00_PM.pdf?documentType=2&meetingId=7938,md
2024-07-16,2024,City Council Regular Meeting,council-regular-meeting,meeting_minutes/minutes/2024/2024-07-15/2024-07-16_council-regular-meeting.md,onbase,https://ob.wvc-ut.gov/OnBaseAgendaOnline/Documents/DownloadFile/City_Council_Regular_Meeting_8041_Minutes_7_16_2024_6_30_00_PM.pdf?documentType=2&meetingId=8041,md
2024-07-16,2024,City Council Study Meeting,council-study-meeting,meeting_minutes/minutes/2024/2024-07-15/2024-07-16_council-study-meeting.md,onbase,https://ob.wvc-ut.gov/OnBaseAgendaOnline/Documents/DownloadFile/City_Council_Study_Meeting_7939_Minutes_7_16_2024_4_30_00_PM.pdf?documentType=2&meetingId=7939,md
2024-07-23,2024,City Council Regular Meeting,council-regular-meeting,meeting_minutes/minutes/2024/2024-07-22/2024-07-23_council-regular-meeting.md,onbase,https://ob.wvc-ut.gov/OnBaseAgendaOnline/Documents/DownloadFile/City_Council_Regular_Meeting_7991_Minutes_7_23_2024_6_30_00_PM.pdf?documentType=2&meetingId=7991,md
2024-07-23,2024,City Council Study Meeting,council-study-meeting,meeting_minutes/minutes/2024/2024-07-22/2024-07-23_council-study-meeting.md,onbase,https://ob.wvc-ut.gov/OnBaseAgendaOnline/Documents/DownloadFile/City_Council_Study_Meeting_7940_Minutes_7_23_2024_4_30_00_PM.pdf?documentType=2&meetingId=7940,md
2024-08-13,2024,City Council Regular Meeting,council-regular-meeting,meeting_minutes/minutes/2024/2024-08-12/2024-08-13_council-regular-meeting.md,onbase,https://ob.wvc-ut.gov/OnBaseAgendaOnline/Documents/DownloadFile/City_Council_Regular_Meeting_8045_Minutes_8_13_2024_6_30_00_PM.pdf?documentType=2&meetingId=8045,md
2024-08-13,2024,City Council Study Meeting,council-study-meeting,meeting_minutes/minutes/2024/2024-08-12/2024-08-13_council-study-meeting.md,onbase,https://ob.wvc-ut.gov/OnBaseAgendaOnline/Documents/DownloadFile/City_Council_Study_Meeting_7943_Minutes_8_13_2024_4_30_00_PM.pdf?documentType=2&meetingId=7943,md
2024-08-20,2024,City Council Regular Meeting,council-regular-meeting,meeting_minutes/minutes/2024/2024-08-19/2024-08-20_council-regular-meeting.md,onbase,https://ob.wvc-ut.gov/OnBaseAgendaOnline/Documents/DownloadFile/City_Council_Regular_Meeting_7995_Minutes_8_20_2024_6_30_00_PM.pdf?documentType=2&meetingId=7995,md
2024-08-20,2024,City Council Study Meeting,council-study-meeting,meeting_minutes/minutes/2024/2024-08-19/2024-08-20_council-study-meeting.md,onbase,https://ob.wvc-ut.gov/OnBaseAgendaOnline/Documents/DownloadFile/City_Council_Study_Meeting_7944_Minutes_8_20_2024_4_30_00_PM.pdf?documentType=2&meetingId=7944,md
2024-08-20,2024,Redevelopment Agency Special Meeting,redevelopment-agency-meeting,meeting_minutes/minutes/2024/2024-08-19/2024-08-20_redevelopment-agency-meeting.md,onbase,https://ob.wvc-ut.gov/OnBaseAgendaOnline/Documents/DownloadFile/Special_Redevelopment_Agency_Meeting_8132_Minutes_8_20_2024_6_30_00_PM.pdf?documentType=2&meetingId=8132,text
2024-08-27,2024,City Council Regular Meeting,council-regular-meeting,meeting_minutes/minutes/2024/2024-08-26/2024-08-27_council-regular-meeting.md,onbase,https://ob.wvc-ut.gov/OnBaseAgendaOnline/Documents/DownloadFile/City_Council_Regular_Meeting_8047_Minutes_8_27_2024_6_30_00_PM.pdf?documentType=2&meetingId=8047,md
2024-08-27,2024,City Council Study Meeting,council-study-meeting,meeting_minutes/minutes/2024/2024-08-26/2024-08-27_council-study-meeting.md,onbase,https://ob.wvc-ut.gov/OnBaseAgendaOnline/Documents/DownloadFile/City_Council_Study_Meeting_7945_Minutes_8_27_2024_4_30_00_PM.pdf?documentType=2&meetingId=7945,md
2024-09-03,2024,City Council Regular Meeting,council-regular-meeting,meeting_minutes/minutes/2024/2024-09-02/2024-09-03_council-regular-meeting.md,onbase,https://ob.wvc-ut.gov/OnBaseAgendaOnline/Documents/DownloadFile/City_Council_Regular_Meeting_7997_Minutes_9_3_2024_6_30_00_PM.pdf?documentType=2&meetingId=7997,md
2024-09-03,2024,City Council Study Meeting,council-study-meeting,meeting_minutes/minutes/2024/2024-09-02/2024-09-03_council-study-meeting.md,onbase,https://ob.wvc-ut.gov/OnBaseAgendaOnline/Documents/DownloadFile/City_Council_Study_Meeting_7946_Minutes_9_3_2024_4_30_00_PM.pdf?documentType=2&meetingId=7946,md
2024-09-03,2024,Redevelopment Agency Special Meeting,redevelopment-agency-meeting,meeting_minutes/minutes/2024/2024-09-02/2024-09-03_redevelopment-agency-meeting.md,onbase,https://ob.wvc-ut.gov/OnBaseAgendaOnline/Documents/DownloadFile/RDA_Special_Meeting_8133_Minutes_9_3_2024_6_30_00_PM.pdf?documentType=2&meetingId=8133,text
2024-09-10,2024,City Council Regular Meeting,council-regular-meeting,meeting_minutes/minutes/2024/2024-09-09/2024-09-10_council-regular-meeting.md,onbase,https://ob.wvc-ut.gov/OnBaseAgendaOnline/Documents/DownloadFile/City_Council_Regular_Meeting_8049_Minutes_9_10_2024_6_30_00_PM.pdf?documentType=2&meetingId=8049,md
2024-09-10,2024,City Council Study Meeting,council-study-meeting,meeting_minutes/minutes/2024/2024-09-09/2024-09-10_council-study-meeting.md,onbase,https://ob.wvc-ut.gov/OnBaseAgendaOnline/Documents/DownloadFile/City_Council_Study_Meeting_7947_Minutes_9_10_2024_5_30_00_PM.pdf?documentType=2&meetingId=7947,md
2024-09-17,2024,City Council Regular Meeting,council-regular-meeting,meeting_minutes/minutes/2024/2024-09-16/2024-09-17_council-regular-meeting.md,onbase,https://ob.wvc-ut.gov/OnBaseAgendaOnline/Documents/DownloadFile/City_Council_Regular_Meeting_7999_Minutes_9_17_2024_6_30_00_PM.pdf?documentType=2&meetingId=7999,md
2024-09-17,2024,City Council Study Meeting,council-study-meeting,meeting_minutes/minutes/2024/2024-09-16/2024-09-17_council-study-meeting.md,onbase,https://ob.wvc-ut.gov/OnBaseAgendaOnline/Documents/DownloadFile/City_Council_Study_Meeting_7948_Minutes_9_17_2024_4_30_00_PM.pdf?documentType=2&meetingId=7948,md
2024-09-24,2024,City Council Regular Meeting,council-regular-meeting,meeting_minutes/minutes/2024/2024-09-23/2024-09-24_council-regular-meeting.md,onbase,https://ob.wvc-ut.gov/OnBaseAgendaOnline/Documents/DownloadFile/City_Council_Regular_Meeting_8051_Minutes_9_24_2024_6_30_00_PM.pdf?documentType=2&meetingId=8051,md
2024-09-24,2024,City Council Study Meeting,council-study-meeting,meeting_minutes/minutes/2024/2024-09-23/2024-09-24_council-study-meeting.md,onbase,https://ob.wvc-ut.gov/OnBaseAgendaOnline/Documents/DownloadFile/City_Council_Study_Meeting_7949_Minutes_9_24_2024_4_30_00_PM.pdf?documentType=2&meetingId=7949,md
2024-09-24,2024,Redevelopment Agency Special Meeting,redevelopment-agency-meeting,meeting_minutes/minutes/2024/2024-09-23/2024-09-24_redevelopment-agency-meeting.md,onbase,https://ob.wvc-ut.gov/OnBaseAgendaOnline/Documents/DownloadFile/RDA_Special_Meeting_8135_Minutes_9_24_2024_6_30_00_PM.pdf?documentType=2&meetingId=8135,text
2024-10-08,2024,City Council Regular Meeting,council-regular-meeting,meeting_minutes/minutes/2024/2024-10-07/2024-10-08_council-regular-meeting.md,onbase,https://ob.wvc-ut.gov/OnBaseAgendaOnline/Documents/DownloadFile/City_Council_Regular_Meeting_8053_Minutes_10_8_2024_6_30_00_PM.pdf?documentType=2&meetingId=8053,md
2024-10-08,2024,City Council Study Meeting,council-study-meeting,meeting_minutes/minutes/2024/2024-10-07/2024-10-08_council-study-meeting.md,onbase,https://ob.wvc-ut.gov/OnBaseAgendaOnline/Documents/DownloadFile/City_Council_Study_Meeting_7951_Minutes_10_8_2024_4_30_00_PM.pdf?documentType=2&meetingId=7951,md
2024-10-22,2024,City Council Regular Meeting,council-regular-meeting,meeting_minutes/minutes/2024/2024-10-21/2024-10-22_council-regular-meeting.md,onbase,https://ob.wvc-ut.gov/OnBaseAgendaOnline/Documents/DownloadFile/City_Council_Regular_Meeting_8055_Minutes_10_22_2024_6_30_00_PM.pdf?documentType=2&meetingId=8055,md
2024-10-22,2024,City Council Study Meeting,council-study-meeting,meeting_minutes/minutes/2024/2024-10-21/2024-10-22_council-study-meeting.md,onbase,https://ob.wvc-ut.gov/OnBaseAgendaOnline/Documents/DownloadFile/City_Council_Study_Meeting_7953_Minutes_10_22_2024_4_30_00_PM.pdf?documentType=2&meetingId=7953,md
2024-11-12,2024,City Council Regular Meeting,council-regular-meeting,meeting_minutes/minutes/2024/2024-11-11/2024-11-12_council-regular-meeting.md,onbase,https://ob.wvc-ut.gov/OnBaseAgendaOnline/Documents/DownloadFile/City_Council_Regular_Meeting_8007_Minutes_11_12_2024_6_30_00_PM.pdf?documentType=2&meetingId=8007,md
2024-11-12,2024,City Council Study Meeting,council-study-meeting,meeting_minutes/minutes/2024/2024-11-11/2024-11-12_council-study-meeting.md,onbase,https://ob.wvc-ut.gov/OnBaseAgendaOnline/Documents/DownloadFile/City_Council_Study_Meeting_7956_Minutes_11_12_2024_4_30_00_PM.pdf?documentType=2&meetingId=7956,md
2024-11-26,2024,City Council Regular Meeting,council-regular-meeting,meeting_minutes/minutes/2024/2024-11-25/2024-11-26_council-regular-meeting.md,onbase,https://ob.wvc-ut.gov/OnBaseAgendaOnline/Documents/DownloadFile/City_Council_Regular_Meeting_8009_Minutes_11_26_2024_6_30_00_PM.pdf?documentType=2&meetingId=8009,md
2024-11-26,2024,City Council Study Meeting,council-study-meeting,meeting_minutes/minutes/2024/2024-11-25/2024-11-26_council-study-meeting.md,onbase,https://ob.wvc-ut.gov/OnBaseAgendaOnline/Documents/DownloadFile/City_Council_Study_Meeting_7958_Minutes_11_26_2024_4_30_00_PM.pdf?documentType=2&meetingId=7958,md
2024-12-10,2024,City Council Regular Meeting,council-regular-meeting,meeting_minutes/minutes/2024/2024-12-09/2024-12-10_council-regular-meeting.md,onbase,https://ob.wvc-ut.gov/OnBaseAgendaOnline/Documents/DownloadFile/City_Council_Regular_Meeting_8011_Minutes_12_10_2024_6_30_00_PM.pdf?documentType=2&meetingId=8011,md
2024-12-10,2024,City Council Study Meeting,council-study-meeting,meeting_minutes/minutes/2024/2024-12-09/2024-12-10_council-study-meeting.md,onbase,https://ob.wvc-ut.gov/OnBaseAgendaOnline/Documents/DownloadFile/City_Council_Study_Meeting_7960_Minutes_12_10_2024_4_30_00_PM.pdf?documentType=2&meetingId=7960,md
2025-01-14,2025,City Council Regular Meeting,council-regular-meeting,meeting_minutes/minutes/2025/2025-01-13/2025-01-14_council-regular-meeting.md,onbase,https://ob.wvc-ut.gov/OnBaseAgendaOnline/Documents/DownloadFile/City_Council_Regular_Meeting_8161_Minutes_1_14_2025_6_30_00_PM.pdf?documentType=2&meetingId=8161,md
2025-01-14,2025,City Council Study Meeting,council-study-meeting,meeting_minutes/minutes/2025/2025-01-13/2025-01-14_council-study-meeting.md,onbase,https://ob.wvc-ut.gov/OnBaseAgendaOnline/Documents/DownloadFile/City_Council_Study_Meeting_8136_Minutes_1_14_2025_4_30_00_PM.pdf?documentType=2&meetingId=8136,md
2025-01-14,2025,Municipal Building Authority Regular Meeting,municipal-building-authority-meeting,meeting_minutes/minutes/2025/2025-01-13/2025-01-14_municipal-building-authority-meeting.md,onbase,https://ob.wvc-ut.gov/OnBaseAgendaOnline/Documents/DownloadFile/Building_Authority_Meeting_8198_Minutes_1_14_2025_6_30_00_PM.pdf?documentType=2&meetingId=8198,text
2025-01-14,2025,Redevelopment Agency Regular Meeting,redevelopment-agency-meeting,meeting_minutes/minutes/2025/2025-01-13/2025-01-14_redevelopment-agency-meeting.md,onbase,https://ob.wvc-ut.gov/OnBaseAgendaOnline/Documents/DownloadFile/Redevelopment_Agency_Meeting_8199_Minutes_1_14_2025_6_30_00_PM.pdf?documentType=2&meetingId=8199,text
2025-01-28,2025,City Council Regular Meeting,council-regular-meeting,meeting_minutes/minutes/2025/2025-01-27/2025-01-28_council-regular-meeting.md,onbase,https://ob.wvc-ut.gov/OnBaseAgendaOnline/Documents/DownloadFile/City_Council_Regular_Meeting_8162_Minutes_1_28_2025_6_30_00_PM.pdf?documentType=2&meetingId=8162,md
2025-01-28,2025,City Council Study Meeting,council-study-meeting,meeting_minutes/minutes/2025/2025-01-27/2025-01-28_council-study-meeting.md,onbase,https://ob.wvc-ut.gov/OnBaseAgendaOnline/Documents/DownloadFile/City_Council_Study_Meeting_8137_Minutes_1_28_2025_4_30_00_PM.pdf?documentType=2&meetingId=8137,md
2025-02-11,2025,City Council Regular Meeting,council-regular-meeting,meeting_minutes/minutes/2025/2025-02-10/2025-02-11_council-regular-meeting.md,onbase,https://ob.wvc-ut.gov/OnBaseAgendaOnline/Documents/DownloadFile/City_Council_Regular_Meeting_8163_Minutes_2_11_2025_6_30_00_PM.pdf?documentType=2&meetingId=8163,md
2025-02-11,2025,City Council Study Meeting,council-study-meeting,meeting_minutes/minutes/2025/2025-02-10/2025-02-11_council-study-meeting.md,onbase,https://ob.wvc-ut.gov/OnBaseAgendaOnline/Documents/DownloadFile/City_Council_Study_Meeting_8138_Minutes_2_11_2025_4_30_00_PM.pdf?documentType=2&meetingId=8138,md
2025-02-25,2025,City Council Regular Meeting,council-regular-meeting,meeting_minutes/minutes/2025/2025-02-24/2025-02-25_council-regular-meeting.md,onbase,https://ob.wvc-ut.gov/OnBaseAgendaOnline/Documents/DownloadFile/City_Council_Regular_Meeting_8164_Minutes_2_25_2025_6_30_00_PM.pdf?documentType=2&meetingId=8164,md
2025-02-25,2025,City Council Study Meeting,council-study-meeting,meeting_minutes/minutes/2025/2025-02-24/2025-02-25_council-study-meeting.md,onbase,https://ob.wvc-ut.gov/OnBaseAgendaOnline/Documents/DownloadFile/City_Council_Study_Meeting_8139_Minutes_2_25_2025_4_30_00_PM.pdf?documentType=2&meetingId=8139,md
2025-02-25,2025,Redevelopment Agency Special Meeting,redevelopment-agency-meeting,meeting_minutes/minutes/2025/2025-02-24/2025-02-25_redevelopment-agency-meeting.md,onbase,https://ob.wvc-ut.gov/OnBaseAgendaOnline/Documents/DownloadFile/Redevelopment_Agency_Special_Meeting_8224_Minutes_2_25_2025_6_30_00_PM.pdf?documentType=2&meetingId=8224,text
2025-03-11,2025,City Council Regular Meeting,council-regular-meeting,meeting_minutes/minutes/2025/2025-03-10/2025-03-11_council-regular-meeting.md,onbase,https://ob.wvc-ut.gov/OnBaseAgendaOnline/Documents/DownloadFile/City_Council_Regular_Meeting_8165_Minutes_3_11_2025_6_30_00_PM.pdf?documentType=2&meetingId=8165,md
2025-03-11,2025,City Council Study Meeting,council-study-meeting,meeting_minutes/minutes/2025/2025-03-10/2025-03-11_council-study-meeting.md,onbase,https://ob.wvc-ut.gov/OnBaseAgendaOnline/Documents/DownloadFile/City_Council_Study_Meeting_8140_Minutes_3_11_2025_4_30_00_PM.pdf?documentType=2&meetingId=8140,md
2025-03-18,2025,City Council Special Study Meeting,council-special-study-meeting,meeting_minutes/minutes/2025/2025-03-17/2025-03-18_council-special-study-meeting.md,onbase,https://ob.wvc-ut.gov/OnBaseAgendaOnline/Documents/DownloadFile/City_Council_Special_Study_Meeting_8242_Minutes_3_18_2025_4_30_00_PM.pdf?documentType=2&meetingId=8242,md
2025-03-25,2025,City Council Regular Meeting,council-regular-meeting,meeting_minutes/minutes/2025/2025-03-24/2025-03-25_council-regular-meeting.md,onbase,https://ob.wvc-ut.gov/OnBaseAgendaOnline/Documents/DownloadFile/City_Council_Regular_Meeting_8166_Minutes_3_25_2025_6_30_00_PM.pdf?documentType=2&meetingId=8166,md
2025-03-25,2025,City Council Study Meeting,council-study-meeting,meeting_minutes/minutes/2025/2025-03-24/2025-03-25_council-study-meeting.md,onbase,https://ob.wvc-ut.gov/OnBaseAgendaOnline/Documents/DownloadFile/City_Council_Study_Meeting_8141_Minutes_3_25_2025_4_30_00_PM.pdf?documentType=2&meetingId=8141,md
2025-04-08,2025,City Council Regular Meeting,council-regular-meeting,meeting_minutes/minutes/2025/2025-04-07/2025-04-08_council-regular-meeting.md,onbase,https://ob.wvc-ut.gov/OnBaseAgendaOnline/Documents/DownloadFile/City_Council_Regular_Meeting_8167_Minutes_4_8_2025_6_30_00_PM.pdf?documentType=2&meetingId=8167,md
2025-04-08,2025,City Council Study Meeting,council-study-meeting,meeting_minutes/minutes/2025/2025-04-07/2025-04-08_council-study-meeting.md,onbase,https://ob.wvc-ut.gov/OnBaseAgendaOnline/Documents/DownloadFile/City_Council_Study_Meeting_8142_Minutes_4_8_2025_4_30_00_PM.pdf?documentType=2&meetingId=8142,md
2025-04-08,2025,Municipal Building Authority Regular Meeting,municipal-building-authority-meeting,meeting_minutes/minutes/2025/2025-04-07/2025-04-08_municipal-building-authority-meeting.md,onbase,https://ob.wvc-ut.gov/OnBaseAgendaOnline/Documents/DownloadFile/Building_Authority_Meeting_8193_Minutes_4_8_2025_6_30_00_PM.pdf?documentType=2&meetingId=8193,text
2025-04-08,2025,Redevelopment Agency Regular Meeting,redevelopment-agency-meeting,meeting_minutes/minutes/2025/2025-04-07/2025-04-08_redevelopment-agency-meeting.md,onbase,https://ob.wvc-ut.gov/OnBaseAgendaOnline/Documents/DownloadFile/Redevelopment_Agency_Meeting_8188_Minutes_4_8_2025_6_30_00_PM.pdf?documentType=2&meetingId=8188,text
2025-04-22,2025,City Council Regular Meeting,council-regular-meeting,meeting_minutes/minutes/2025/2025-04-21/2025-04-22_council-regular-meeting.md,onbase,https://ob.wvc-ut.gov/OnBaseAgendaOnline/Documents/DownloadFile/City_Council_Regular_Meeting_8168_Minutes_4_22_2025_6_30_00_PM.pdf?documentType=2&meetingId=8168,md
2025-04-22,2025,City Council Study Meeting,council-study-meeting,meeting_minutes/minutes/2025/2025-04-21/2025-04-22_council-study-meeting.md,onbase,https://ob.wvc-ut.gov/OnBaseAgendaOnline/Documents/DownloadFile/City_Council_Study_Meeting_8143_Minutes_4_22_2025_4_30_00_PM.pdf?documentType=2&meetingId=8143,md
2025-05-06,2025,City Council Regular Meeting,council-regular-meeting,meeting_minutes/minutes/2025/2025-05-05/2025-05-06_council-regular-meeting.md,onbase,https://ob.wvc-ut.gov/OnBaseAgendaOnline/Documents/DownloadFile/City_Council_Regular_Meeting_8187_Minutes_5_6_2025_6_30_00_PM.pdf?documentType=2&meetingId=8187,md
2025-05-06,2025,City Council Study Meeting,council-study-meeting,meeting_minutes/minutes/2025/2025-05-05/2025-05-06_council-study-meeting.md,onbase,https://ob.wvc-ut.gov/OnBaseAgendaOnline/Documents/DownloadFile/City_Council_Study_Meeting_8186_Minutes_5_6_2025_4_30_00_PM.pdf?documentType=2&meetingId=8186,md
2025-05-06,2025,Municipal Building Authority Regular Meeting,municipal-building-authority-meeting,meeting_minutes/minutes/2025/2025-05-05/2025-05-06_municipal-building-authority-meeting.md,onbase,https://ob.wvc-ut.gov/OnBaseAgendaOnline/Documents/DownloadFile/Building_Authority_Meeting_8194_Minutes_5_6_2025_6_30_00_PM.pdf?documentType=2&meetingId=8194,text
2025-05-06,2025,Redevelopment Agency Regular Meeting,redevelopment-agency-meeting,meeting_minutes/minutes/2025/2025-05-05/2025-05-06_redevelopment-agency-meeting.md,onbase,https://ob.wvc-ut.gov/OnBaseAgendaOnline/Documents/DownloadFile/Redevelopment_Agency_Meeting_8190_Minutes_5_6_2025_6_30_00_PM.pdf?documentType=2&meetingId=8190,text
2025-05-13,2025,City Council Regular Meeting,council-regular-meeting,meeting_minutes/minutes/2025/2025-05-12/2025-05-13_council-regular-meeting.md,onbase,https://ob.wvc-ut.gov/OnBaseAgendaOnline/Documents/DownloadFile/City_Council_Regular_Meeting_8170_Minutes_5_13_2025_6_30_00_PM.pdf?documentType=2&meetingId=8170,md
2025-05-13,2025,City Council Study Meeting,council-study-meeting,meeting_minutes/minutes/2025/2025-05-12/2025-05-13_council-study-meeting.md,onbase,https://ob.wvc-ut.gov/OnBaseAgendaOnline/Documents/DownloadFile/City_Council_Study_Meeting_8145_Minutes_5_13_2025_4_30_00_PM.pdf?documentType=2&meetingId=8145,md
2025-05-27,2025,City Council Regular Meeting,council-regular-meeting,meeting_minutes/minutes/2025/2025-05-26/2025-05-27_council-regular-meeting.md,onbase,https://ob.wvc-ut.gov/OnBaseAgendaOnline/Documents/DownloadFile/City_Council_Regular_Meeting_8171_Minutes_5_27_2025_6_30_00_PM.pdf?documentType=2&meetingId=8171,md
2025-05-27,2025,City Council Study Meeting,council-study-meeting,meeting_minutes/minutes/2025/2025-05-26/2025-05-27_council-study-meeting.md,onbase,https://ob.wvc-ut.gov/OnBaseAgendaOnline/Documents/DownloadFile/City_Council_Study_Meeting_8144_Minutes_5_27_2025_4_30_00_PM.pdf?documentType=2&meetingId=8144,md
2025-06-10,2025,City Council Regular Meeting,council-regular-meeting,meeting_minutes/minutes/2025/2025-06-09/2025-06-10_council-regular-meeting.md,onbase,https://ob.wvc-ut.gov/OnBaseAgendaOnline/Documents/DownloadFile/City_Council_Regular_Meeting_8172_Minutes_6_10_2025_6_30_00_PM.pdf?documentType=2&meetingId=8172,md
2025-06-10,2025,City Council Study Meeting,council-study-meeting,meeting_minutes/minutes/2025/2025-06-09/2025-06-10_council-study-meeting.md,onbase,https://ob.wvc-ut.gov/OnBaseAgendaOnline/Documents/DownloadFile/City_Council_Study_Meeting_8146_Minutes_6_10_2025_4_30_00_PM.pdf?documentType=2&meetingId=8146,md
2025-06-10,2025,Municipal Building Authority Regular Meeting,municipal-building-authority-meeting,meeting_minutes/minutes/2025/2025-06-09/2025-06-10_municipal-building-authority-meeting.md,onbase,https://ob.wvc-ut.gov/OnBaseAgendaOnline/Documents/DownloadFile/Building_Authority_Meeting_8196_Minutes_6_10_2025_6_30_00_PM.pdf?documentType=2&meetingId=8196,text
2025-06-10,2025,Redevelopment Agency Regular Meeting,redevelopment-agency-meeting,meeting_minutes/minutes/2025/2025-06-09/2025-06-10_redevelopment-agency-meeting.md,onbase,https://ob.wvc-ut.gov/OnBaseAgendaOnline/Documents/DownloadFile/Redevelopment_Agency_Meeting_8191_Minutes_6_10_2025_6_30_00_PM.pdf?documentType=2&meetingId=8191,text
2025-06-24,2025,City Council Regular Meeting,council-regular-meeting,meeting_minutes/minutes/2025/2025-06-23/2025-06-24_council-regular-meeting.md,onbase,https://ob.wvc-ut.gov/OnBaseAgendaOnline/Documents/DownloadFile/City_Council_Regular_Meeting_8173_Minutes_6_24_2025_6_30_00_PM.pdf?documentType=2&meetingId=8173,md
2025-06-24,2025,City Council Study Meeting,council-study-meeting,meeting_minutes/minutes/2025/2025-06-23/2025-06-24_council-study-meeting.md,onbase,https://ob.wvc-ut.gov/OnBaseAgendaOnline/Documents/DownloadFile/City_Council_Study_Meeting_8147_Minutes_6_24_2025_4_30_00_PM.pdf?documentType=2&meetingId=8147,md
2025-07-08,2025,City Council Regular Meeting,council-regular-meeting,meeting_minutes/minutes/2025/2025-07-07/2025-07-08_council-regular-meeting.md,onbase,https://ob.wvc-ut.gov/OnBaseAgendaOnline/Documents/DownloadFile/City_Council_Regular_Meeting_8174_Minutes_7_8_2025_6_30_00_PM.pdf?documentType=2&meetingId=8174,md
2025-07-08,2025,City Council Study Meeting,council-study-meeting,meeting_minutes/minutes/2025/2025-07-07/2025-07-08_council-study-meeting.md,onbase,https://ob.wvc-ut.gov/OnBaseAgendaOnline/Documents/DownloadFile/City_Council_Study_Meeting_8148_Minutes_7_8_2025_4_30_00_PM.pdf?documentType=2&meetingId=8148,md
2025-07-22,2025,City Council Regular Meeting,council-regular-meeting,meeting_minutes/minutes/2025/2025-07-21/2025-07-22_council-regular-meeting.md,onbase,https://ob.wvc-ut.gov/OnBaseAgendaOnline/Documents/DownloadFile/City_Council_Regular_Meeting_8175_Minutes_7_22_2025_6_30_00_PM.pdf?documentType=2&meetingId=8175,md
2025-07-22,2025,City Council Study Meeting,council-study-meeting,meeting_minutes/minutes/2025/2025-07-21/2025-07-22_council-study-meeting.md,onbase,https://ob.wvc-ut.gov/OnBaseAgendaOnline/Documents/DownloadFile/City_Council_Study_Meeting_8149_Minutes_7_22_2025_4_30_00_PM.pdf?documentType=2&meetingId=8149,md
2025-07-22,2025,Redevelopment Agency Special Meeting,redevelopment-agency-meeting,meeting_minutes/minutes/2025/2025-07-21/2025-07-22_redevelopment-agency-meeting.md,onbase,https://ob.wvc-ut.gov/OnBaseAgendaOnline/Documents/DownloadFile/RDA_Special_Meeting_8267_Minutes_7_22_2025_6_30_00_PM.pdf?documentType=2&meetingId=8267,text
2025-08-12,2025,City Council Regular Meeting,council-regular-meeting,meeting_minutes/minutes/2025/2025-08-11/2025-08-12_council-regular-meeting.md,onbase,https://ob.wvc-ut.gov/OnBaseAgendaOnline/Documents/DownloadFile/City_Council_Regular_Meeting_8176_Minutes_8_12_2025_6_30_00_PM.pdf?documentType=2&meetingId=8176,md
2025-08-12,2025,City Council Study Meeting,council-study-meeting,meeting_minutes/minutes/2025/2025-08-11/2025-08-12_council-study-meeting.md,onbase,https://ob.wvc-ut.gov/OnBaseAgendaOnline/Documents/DownloadFile/City_Council_Study_Meeting_8151_Minutes_8_12_2025_4_30_00_PM.pdf?documentType=2&meetingId=8151,md
2025-08-19,2025,City Council Special Meeting,council-special-meeting,meeting_minutes/minutes/2025/2025-08-18/2025-08-19_council-special-meeting.md,onbase,https://ob.wvc-ut.gov/OnBaseAgendaOnline/Documents/DownloadFile/City_Council_Special_Meeting_8274_Minutes_8_19_2025_6_30_00_PM.pdf?documentType=2&meetingId=8274,md
2025-08-26,2025,City Council Regular Meeting,council-regular-meeting,meeting_minutes/minutes/2025/2025-08-25/2025-08-26_council-regular-meeting.md,onbase,https://ob.wvc-ut.gov/OnBaseAgendaOnline/Documents/DownloadFile/City_Council_Regular_Meeting_8177_Minutes_8_26_2025_6_30_00_PM.pdf?documentType=2&meetingId=8177,md
2025-08-26,2025,City Council Study Meeting,council-study-meeting,meeting_minutes/minutes/2025/2025-08-25/2025-08-26_council-study-meeting.md,onbase,https://ob.wvc-ut.gov/OnBaseAgendaOnline/Documents/DownloadFile/City_Council_Study_Meeting_8152_Minutes_8_26_2025_4_30_00_PM.pdf?documentType=2&meetingId=8152,md
2025-08-26,2025,Redevelopment Agency Special Meeting,redevelopment-agency-meeting,meeting_minutes/minutes/2025/2025-08-25/2025-08-26_redevelopment-agency-meeting.md,onbase,https://ob.wvc-ut.gov/OnBaseAgendaOnline/Documents/DownloadFile/RDA_Special_Meeting_8273_Minutes_8_26_2025_6_30_00_PM.pdf?documentType=2&meetingId=8273,text
2025-09-09,2025,City Council Regular Meeting,council-regular-meeting,meeting_minutes/minutes/2025/2025-09-08/2025-09-09_council-regular-meeting.md,onbase,https://ob.wvc-ut.gov/OnBaseAgendaOnline/Documents/DownloadFile/City_Council_Regular_Meeting_8178_Minutes_9_9_2025_6_30_00_PM.pdf?documentType=2&meetingId=8178,md
2025-09-09,2025,City Council Study Meeting,council-study-meeting,meeting_minutes/minutes/2025/2025-09-08/2025-09-09_council-study-meeting.md,onbase,https://ob.wvc-ut.gov/OnBaseAgendaOnline/Documents/DownloadFile/City_Council_Study_Meeting_8153_Minutes_9_9_2025_4_30_00_PM.pdf?documentType=2&meetingId=8153,md
2025-09-16,2025,City Council Special Meeting,council-special-meeting,meeting_minutes/minutes/2025/2025-09-15/2025-09-16_council-special-meeting.md,onbase,https://ob.wvc-ut.gov/OnBaseAgendaOnline/Documents/DownloadFile/City_Council_Special_Meeting_8280_Minutes_9_16_2025_4_30_00_PM.pdf?documentType=2&meetingId=8280,md
2025-09-23,2025,City Council Regular Meeting,council-regular-meeting,meeting_minutes/minutes/2025/2025-09-22/2025-09-23_council-regular-meeting.md,onbase,https://ob.wvc-ut.gov/OnBaseAgendaOnline/Documents/DownloadFile/City_Council_Regular_Meeting_8179_Minutes_9_23_2025_6_30_00_PM.pdf?documentType=2&meetingId=8179,md
2025-09-23,2025,City Council Study Meeting,council-study-meeting,meeting_minutes/minutes/2025/2025-09-22/2025-09-23_council-study-meeting.md,onbase,https://ob.wvc-ut.gov/OnBaseAgendaOnline/Documents/DownloadFile/City_Council_Study_Meeting_8154_Minutes_9_23_2025_4_30_00_PM.pdf?documentType=2&meetingId=8154,md
2025-10-14,2025,City Council Regular Meeting,council-regular-meeting,meeting_minutes/minutes/2025/2025-10-13/2025-10-14_council-regular-meeting.md,onbase,https://ob.wvc-ut.gov/OnBaseAgendaOnline/Documents/DownloadFile/City_Council_Regular_Meeting_8180_Minutes_10_14_2025_6_30_00_PM.pdf?documentType=2&meetingId=8180,md
2025-10-14,2025,City Council Study Meeting,council-study-meeting,meeting_minutes/minutes/2025/2025-10-13/2025-10-14_council-study-meeting.md,onbase,https://ob.wvc-ut.gov/OnBaseAgendaOnline/Documents/DownloadFile/City_Council_Study_Meeting_8155_Minutes_10_14_2025_4_30_00_PM.pdf?documentType=2&meetingId=8155,md
2025-10-14,2025,Municipal Building Authority Regular Meeting,municipal-building-authority-meeting,meeting_minutes/minutes/2025/2025-10-13/2025-10-14_municipal-building-authority-meeting.md,onbase,https://ob.wvc-ut.gov/OnBaseAgendaOnline/Documents/DownloadFile/Building_Authority_Meeting_8197_Minutes_10_14_2025_6_30_00_PM.pdf?documentType=2&meetingId=8197,text
2025-10-28,2025,City Council Regular Meeting,council-regular-meeting,meeting_minutes/minutes/2025/2025-10-27/2025-10-28_council-regular-meeting.md,onbase,https://ob.wvc-ut.gov/OnBaseAgendaOnline/Documents/DownloadFile/City_Council_Regular_Meeting_8181_Minutes_10_28_2025_6_30_00_PM.pdf?documentType=2&meetingId=8181,md
2025-10-28,2025,City Council Study Meeting,council-study-meeting,meeting_minutes/minutes/2025/2025-10-27/2025-10-28_council-study-meeting.md,onbase,https://ob.wvc-ut.gov/OnBaseAgendaOnline/Documents/DownloadFile/City_Council_Study_Meeting_8156_Minutes_10_28_2025_4_30_00_PM.pdf?documentType=2&meetingId=8156,md
2025-10-28,2025,Redevelopment Agency Special Meeting,redevelopment-agency-meeting,meeting_minutes/minutes/2025/2025-10-27/2025-10-28_redevelopment-agency-meeting.md,onbase,https://ob.wvc-ut.gov/OnBaseAgendaOnline/Documents/DownloadFile/RDA_Special_Meeting_8287_Minutes_10_28_2025_6_30_00_PM.pdf?documentType=2&meetingId=8287,text
2025-11-18,2025,City Council Regular Meeting,council-regular-meeting,meeting_minutes/minutes/2025/2025-11-17/2025-11-18_council-regular-meeting.md,onbase,https://ob.wvc-ut.gov/OnBaseAgendaOnline/Documents/DownloadFile/City_Council_Regular_Meeting_8183_Minutes_11_18_2025_6_30_00_PM.pdf?documentType=2&meetingId=8183,md
2025-11-18,2025,City Council Study Meeting,council-study-meeting,meeting_minutes/minutes/2025/2025-11-17/2025-11-18_council-study-meeting.md,onbase,https://ob.wvc-ut.gov/OnBaseAgendaOnline/Documents/DownloadFile/City_Council_Study_Meeting_8158_Minutes_11_18_2025_4_30_00_PM.pdf?documentType=2&meetingId=8158,md
2025-11-18,2025,Redevelopment Agency Special Meeting,redevelopment-agency-meeting,meeting_minutes/minutes/2025/2025-11-17/2025-11-18_redevelopment-agency-meeting.md,onbase,https://ob.wvc-ut.gov/OnBaseAgendaOnline/Documents/DownloadFile/RDA_Special_Meeting_8290_Minutes_11_18_2025_6_30_00_PM.pdf?documentType=2&meetingId=8290,text
2025-11-25,2025,City Council Regular Meeting,council-regular-meeting,meeting_minutes/minutes/2025/2025-11-24/2025-11-25_council-regular-meeting.md,onbase,https://ob.wvc-ut.gov/OnBaseAgendaOnline/Documents/DownloadFile/City_Council_Regular_Meeting_8182_Minutes_11_25_2025_6_30_00_PM.pdf?documentType=2&meetingId=8182,md
2025-11-25,2025,City Council Study Meeting,council-study-meeting,meeting_minutes/minutes/2025/2025-11-24/2025-11-25_council-study-meeting.md,onbase,https://ob.wvc-ut.gov/OnBaseAgendaOnline/Documents/DownloadFile/City_Council_Study_Meeting_8157_Minutes_11_25_2025_4_30_00_PM.pdf?documentType=2&meetingId=8157,md
2025-12-09,2025,City Council Regular Meeting,council-regular-meeting,meeting_minutes/minutes/2025/2025-12-08/2025-12-09_council-regular-meeting.md,onbase,https://ob.wvc-ut.gov/OnBaseAgendaOnline/Documents/DownloadFile/City_Council_Regular_Meeting_8184_Minutes_12_9_2025_6_30_00_PM.pdf?documentType=2&meetingId=8184,md
2025-12-09,2025,City Council Study Meeting,council-study-meeting,meeting_minutes/minutes/2025/2025-12-08/2025-12-09_council-study-meeting.md,onbase,https://ob.wvc-ut.gov/OnBaseAgendaOnline/Documents/DownloadFile/City_Council_Study_Meeting_8159_Minutes_12_9_2025_4_30_00_PM.pdf?documentType=2&meetingId=8159,md
2026-01-13,2026,City Council Regular Meeting,council-regular-meeting,meeting_minutes/minutes/2026/2026-01-12/2026-01-13_council-regular-meeting.md,onbase,https://ob.wvc-ut.gov/OnBaseAgendaOnline/Documents/DownloadFile/City_Council_Regular_Meeting_8335_Minutes_1_13_2026_6_30_00_PM.pdf?documentType=2&meetingId=8335,md
2026-01-13,2026,City Council Study Meeting,council-study-meeting,meeting_minutes/minutes/2026/2026-01-12/2026-01-13_council-study-meeting.md,onbase,https://ob.wvc-ut.gov/OnBaseAgendaOnline/Documents/DownloadFile/City_Council_Study_Meeting_8311_Minutes_1_13_2026_4_30_00_PM.pdf?documentType=2&meetingId=8311,md
2026-01-13,2026,Redevelopment Agency Regular Meeting,redevelopment-agency-meeting,meeting_minutes/minutes/2026/2026-01-12/2026-01-13_redevelopment-agency-meeting.md,onbase,https://ob.wvc-ut.gov/OnBaseAgendaOnline/Documents/DownloadFile/RDA_Annual_Meeting_8359_Minutes_1_13_2026_6_30_00_PM.pdf?documentType=2&meetingId=8359,text
2026-01-20,2026,City Council and Planning Commission Special Meeting,council-and-planning-commission-special-meeting,meeting_minutes/minutes/2026/2026-01-19/2026-01-20_council-and-planning-commission-special-meeting.md,onbase,https://ob.wvc-ut.gov/OnBaseAgendaOnline/Documents/DownloadFile/City_Council_and_Planning_Commission_Special_Meeting_8373_Minutes_1_20_2026_4_30_00_PM.pdf?documentType=2&meetingId=8373,md
2026-01-27,2026,City Council Regular Meeting,council-regular-meeting,meeting_minutes/minutes/2026/2026-01-26/2026-01-27_council-regular-meeting.md,onbase,https://ob.wvc-ut.gov/OnBaseAgendaOnline/Documents/DownloadFile/City_Council_Regular_Meeting_8336_Minutes_1_27_2026_6_30_00_PM.pdf?documentType=2&meetingId=8336,md
2026-01-27,2026,City Council Study Meeting,council-study-meeting,meeting_minutes/minutes/2026/2026-01-26/2026-01-27_council-study-meeting.md,onbase,https://ob.wvc-ut.gov/OnBaseAgendaOnline/Documents/DownloadFile/City_Council_Study_Meeting_8312_Minutes_1_27_2026_4_30_00_PM.pdf?documentType=2&meetingId=8312,md
2026-02-10,2026,City Council Regular Meeting,council-regular-meeting,meeting_minutes/minutes/2026/2026-02-09/2026-02-10_council-regular-meeting.md,onbase,https://ob.wvc-ut.gov/OnBaseAgendaOnline/Documents/DownloadFile/City_Council_Regular_Meeting_8337_Minutes_2_10_2026_6_30_00_PM.pdf?documentType=2&meetingId=8337,md
2026-02-10,2026,City Council Study Meeting,council-study-meeting,meeting_minutes/minutes/2026/2026-02-09/2026-02-10_council-study-meeting.md,onbase,https://ob.wvc-ut.gov/OnBaseAgendaOnline/Documents/DownloadFile/City_Council_Study_Meeting_8313_Minutes_2_10_2026_4_30_00_PM.pdf?documentType=2&meetingId=8313,md
2026-02-24,2026,City Council Regular Meeting,council-regular-meeting,meeting_minutes/minutes/2026/2026-02-23/2026-02-24_council-regular-meeting.md,onbase,https://ob.wvc-ut.gov/OnBaseAgendaOnline/Documents/DownloadFile/City_Council_Regular_Meeting_8338_Minutes_2_24_2026_6_30_00_PM.pdf?documentType=2&meetingId=8338,md
2026-02-24,2026,City Council Study Meeting,council-study-meeting,meeting_minutes/minutes/2026/2026-02-23/2026-02-24_council-study-meeting.md,onbase,https://ob.wvc-ut.gov/OnBaseAgendaOnline/Documents/DownloadFile/City_Council_Study_Meeting_8314_Minutes_2_24_2026_4_30_00_PM.pdf?documentType=2&meetingId=8314,md
2026-03-10,2026,City Council Regular Meeting,council-regular-meeting,meeting_minutes/minutes/2026/2026-03-09/2026-03-10_council-regular-meeting.md,onbase,https://ob.wvc-ut.gov/OnBaseAgendaOnline/Documents/DownloadFile/City_Council_Regular_Meeting_8339_Minutes_3_10_2026_6_30_00_PM.pdf?documentType=2&meetingId=8339,md
2026-03-10,2026,City Council Study Meeting,council-study-meeting,meeting_minutes/minutes/2026/2026-03-09/2026-03-10_council-study-meeting.md,onbase,https://ob.wvc-ut.gov/OnBaseAgendaOnline/Documents/DownloadFile/City_Council_Study_Meeting_8315_Minutes_3_10_2026_4_30_00_PM.pdf?documentType=2&meetingId=8315,md
2026-03-24,2026,City Council Regular Meeting,council-regular-meeting,meeting_minutes/minutes/2026/2026-03-23/2026-03-24_council-regular-meeting.md,onbase,https://ob.wvc-ut.gov/OnBaseAgendaOnline/Documents/DownloadFile/City_Council_Regular_Meeting_8340_Minutes_3_24_2026_6_30_00_PM.pdf?documentType=2&meetingId=8340,md
2026-03-24,2026,City Council Study Meeting,council-study-meeting,meeting_minutes/minutes/2026/2026-03-23/2026-03-24_council-study-meeting.md,onbase,https://ob.wvc-ut.gov/OnBaseAgendaOnline/Documents/DownloadFile/City_Council_Study_Meeting_8316_Minutes_3_24_2026_4_30_00_PM.pdf?documentType=2&meetingId=8316,md
2026-04-14,2026,City Council Regular Meeting,council-regular-meeting,meeting_minutes/minutes/2026/2026-04-13/2026-04-14_council-regular-meeting.md,onbase,https://ob.wvc-ut.gov/OnBaseAgendaOnline/Documents/DownloadFile/City_Council_Regular_Meeting_8341_Minutes_4_14_2026_6_30_00_PM.pdf?documentType=2&meetingId=8341,md
2026-04-14,2026,City Council Study Meeting,council-study-meeting,meeting_minutes/minutes/2026/2026-04-13/2026-04-14_council-study-meeting.md,onbase,https://ob.wvc-ut.gov/OnBaseAgendaOnline/Documents/DownloadFile/City_Council_Study_Meeting_8317_Minutes_4_14_2026_4_30_00_PM.pdf?documentType=2&meetingId=8317,md
2026-04-14,2026,Municipal Building Authority Regular Meeting,municipal-building-authority-meeting,meeting_minutes/minutes/2026/2026-04-13/2026-04-14_municipal-building-authority-meeting.md,onbase,https://ob.wvc-ut.gov/OnBaseAgendaOnline/Documents/DownloadFile/BA_Regular_Meeting_8364_Minutes_4_14_2026_6_30_00_PM.pdf?documentType=2&meetingId=8364,text
2026-04-14,2026,Redevelopment Agency Regular Meeting,redevelopment-agency-meeting,meeting_minutes/minutes/2026/2026-04-13/2026-04-14_redevelopment-agency-meeting.md,onbase,https://ob.wvc-ut.gov/OnBaseAgendaOnline/Documents/DownloadFile/RDA_Regular_Meeting_8360_Minutes_4_14_2026_6_30_00_PM.pdf?documentType=2&meetingId=8360,text
2026-04-28,2026,City Council Regular Meeting,council-regular-meeting,meeting_minutes/minutes/2026/2026-04-27/2026-04-28_council-regular-meeting.md,onbase,https://ob.wvc-ut.gov/OnBaseAgendaOnline/Documents/DownloadFile/City_Council_Regular_Meeting_8342_Minutes_4_28_2026_6_30_00_PM.pdf?documentType=2&meetingId=8342,md
2026-04-28,2026,City Council Study Meeting,council-study-meeting,meeting_minutes/minutes/2026/2026-04-27/2026-04-28_council-study-meeting.md,onbase,https://ob.wvc-ut.gov/OnBaseAgendaOnline/Documents/DownloadFile/City_Council_Study_Meeting_8318_Minutes_4_28_2026_4_30_00_PM.pdf?documentType=2&meetingId=8318,md
2026-05-12,2026,City Council Regular Meeting,council-regular-meeting,meeting_minutes/minutes/2026/2026-05-11/2026-05-12_council-regular-meeting.md,onbase,https://ob.wvc-ut.gov/OnBaseAgendaOnline/Documents/DownloadFile/City_Council_Regular_Meeting_8343_Minutes_5_12_2026_6_30_00_PM.pdf?documentType=2&meetingId=8343,md
2026-05-12,2026,City Council Study Meeting,council-study-meeting,meeting_minutes/minutes/2026/2026-05-11/2026-05-12_council-study-meeting.md,onbase,https://ob.wvc-ut.gov/OnBaseAgendaOnline/Documents/DownloadFile/City_Council_Study_Meeting_8319_Minutes_5_12_2026_4_30_00_PM.pdf?documentType=2&meetingId=8319,md
2026-05-26,2026,City Council Regular Meeting,council-regular-meeting,meeting_minutes/minutes/2026/2026-05-25/2026-05-26_council-regular-meeting.md,onbase,https://ob.wvc-ut.gov/OnBaseAgendaOnline/Documents/DownloadFile/City_Council_Regular_Meeting_8344_Minutes_5_26_2026_6_30_00_PM.pdf?documentType=2&meetingId=8344,md
2026-05-26,2026,City Council Study Meeting,council-study-meeting,meeting_minutes/minutes/2026/2026-05-25/2026-05-26_council-study-meeting.md,onbase,https://ob.wvc-ut.gov/OnBaseAgendaOnline/Documents/DownloadFile/City_Council_Study_Meeting_8320_Minutes_5_26_2026_4_30_00_PM.pdf?documentType=2&meetingId=8320,md
2026-05-26,2026,Municipal Building Authority Regular Meeting,municipal-building-authority-meeting,meeting_minutes/minutes/2026/2026-05-25/2026-05-26_municipal-building-authority-meeting.md,onbase,https://ob.wvc-ut.gov/OnBaseAgendaOnline/Documents/DownloadFile/BA_Special_Meeting_8365_Minutes_5_26_2026_6_30_00_PM.pdf?documentType=2&meetingId=8365,text
2026-05-26,2026,Redevelopment Agency Special Meeting,redevelopment-agency-meeting,meeting_minutes/minutes/2026/2026-05-25/2026-05-26_redevelopment-agency-meeting.md,onbase,https://ob.wvc-ut.gov/OnBaseAgendaOnline/Documents/DownloadFile/RDA_Special_Meeting_8437_Minutes_5_26_2026_6_30_00_PM.pdf?documentType=2&meetingId=8437,text
2026-06-09,2026,City Council Regular Meeting,council-regular-meeting,meeting_minutes/minutes/2026/2026-06-08/2026-06-09_council-regular-meeting.md,onbase,https://ob.wvc-ut.gov/OnBaseAgendaOnline/Documents/DownloadFileBytes/City_Council_Regular_Meeting_8345_Minutes_6_9_2026_6_30_00_PM.pdf?documentType=2&meetingId=8345,text
2026-06-09,2026,City Council Study Meeting,council-study-meeting,meeting_minutes/minutes/2026/2026-06-08/2026-06-09_council-study-meeting.md,onbase,https://ob.wvc-ut.gov/OnBaseAgendaOnline/Documents/DownloadFileBytes/City_Council_Study_Meeting_8321_Minutes_6_9_2026_4_30_00_PM.pdf?documentType=2&meetingId=8321,text
2026-06-09,2026,Redevelopment Agency Regular Meeting,redevelopment-agency-meeting,meeting_minutes/minutes/2026/2026-06-08/2026-06-09_redevelopment-agency-meeting.md,onbase,https://ob.wvc-ut.gov/OnBaseAgendaOnline/Documents/DownloadFile/RDA_Regular_Meeting_8361_Minutes_6_9_2026_6_30_00_PM.pdf?documentType=2&meetingId=8361,text
2026-06-23,2026,City Council Regular Meeting,council-regular-meeting,meeting_minutes/minutes/2026/2026-06-22/2026-06-23_council-regular-meeting.md,onbase,https://ob.wvc-ut.gov/OnBaseAgendaOnline/Documents/DownloadFileBytes/City_Council_Regular_Meeting_8346_Minutes_6_23_2026_6_30_00_PM.pdf?documentType=2&meetingId=8346,text
2026-06-23,2026,City Council Study Meeting,council-study-meeting,meeting_minutes/minutes/2026/2026-06-22/2026-06-23_council-study-meeting.md,onbase,https://ob.wvc-ut.gov/OnBaseAgendaOnline/Documents/DownloadFileBytes/City_Council_Study_Meeting_8322_Minutes_6_23_2026_4_30_00_PM.pdf?documentType=2&meetingId=8322,text
