{
"type": "FeatureCollection",
"crs": { "type": "name", "properties": { "name": "urn:ogc:def:crs:OGC:1.3:CRS84" } },
"features": [
{ "type": "Feature", "properties": { "district": "1" }, "geometry": { "type": "MultiPolygon", "coordinates": [ [ [ [ -112.059799600285018, 40.682008092826194 ], [ -112.059150600730007, 40.682009092868206 ], [ -112.059020141993997, 40.682009229113802 ], [ -112.058860314637002, 40.682009398058199 ], [ -112.058770177682007, 40.682009432119607 ], [ -112.058189001829007, 40.682010668547598 ], [ -112.055010000582001, 40.682017385450891 ], [ -112.052166523688001, 40.682023536253489 ], [ -112.048249761251, 40.682030295391698 ], [ -112.047523194866002, 40.6820324215022 ], [ -112.046119806305001, 40.682035219302797 ], [ -112.043914125176997, 40.682038973546291 ], [ -112.043312956419001, 40.682040743374685 ], [ -112.043094847264996, 40.682041385771996 ], [ -112.040068430258998, 40.682050290773809 ], [ -112.038695835946001, 40.682053628105507 ], [ -112.037183575165997, 40.682058191645808 ], [ -112.036523271210996, 40.6820596160916 ], [ -112.034337802178001, 40.682065735553884 ], [ -112.031432526581, 40.682069128064192 ], [ -112.030282104502007, 40.68207432718809 ], [ -112.027480653492006, 40.682079071251991 ], [ -112.025253829615011, 40.682082786663209 ], [ -112.025134593532997, 40.6820830959402 ], [ -112.024844728749997, 40.68208385891419 ], [ -112.024754593590998, 40.682084094618702 ], [ -112.024664453042007, 40.682083898425304 ], [ -112.024296592932998, 40.682083096621405 ], [ -112.022924593305007, 40.682080096498389 ], [ -112.022467592471997, 40.682079095776196 ], [ -112.022271593552006, 40.682078096416411 ], [ -112.021683594096004, 40.682077096375394 ], [ -112.021487593379007, 40.682077097056585 ], [ -112.021186593080003, 40.682076097015504 ], [ -112.020990592364001, 40.682076096334292 ], [ -112.020286591659001, 40.682076096334285 ], [ -112.019986592980999, 40.682076095653088 ], [ -112.019566592857004, 40.68207509629319 ], [ -112.018308591234003, 40.682072096851101 ], [ -112.017889590934999, 40.68207109544759 ], [ -112.017566591792999, 40.682070097450108 ], [ -112.016598590599003, 40.682068097367804 ], [ -112.016276591281994, 40.682068096005402 ], [ -112.016064590672002, 40.682067095964094 ], [ -112.015429590462006, 40.682066095922885 ], [ -112.015218592370999, 40.682066095922892 ], [ -112.01521848906502, 40.682066096604196 ], [ -112.014886591212004, 40.682065095881704 ], [ -112.013893590801999, 40.682062096439203 ], [ -112.013562590366007, 40.682062097120493 ], [ -112.013384590989006, 40.682061097079092 ], [ -112.012851591785008, 40.682061097079107 ], [ -112.012674592232997, 40.682061097760403 ], [ -112.012488589764999, 40.682060097719102 ], [ -112.011932590095995, 40.682059096996497 ], [ -112.011747590148005, 40.682059096996497 ], [ -112.011650589165995, 40.682058096955203 ], [ -112.011359591607004, 40.682057097595091 ], [ -112.011263591347998, 40.682057097595091 ], [ -112.011001590508997, 40.682056097553698 ], [ -112.010215591584995, 40.682055096831093 ], [ -112.009954591468997, 40.682055097512396 ], [ -112.009941591049994, 40.682055097512396 ], [ -112.009904591240002, 40.682055097512389 ], [ -112.00989258974802, 40.682055097512389 ], [ -112.009327590756996, 40.682054096789798 ], [ -112.007635590563012, 40.6820510973468 ], [ -112.007072590323006, 40.682050096624096 ], [ -112.006795589415006, 40.6820490972638 ], [ -112.005964590285004, 40.682047096499602 ], [ -112.005688775153999, 40.682047097180899 ], [ -112.005688461641995, 40.681978477813196 ], [ -112.005655647083003, 40.674767174858388 ], [ -112.006281045199984, 40.675150524438699 ], [ -112.007034949116004, 40.675663822337597 ], [ -112.00769461886, 40.676131632856396 ], [ -112.008148675014994, 40.67632655236941 ], [ -112.008499927970007, 40.676521471312398 ], [ -112.008996821188006, 40.6769567917476 ], [ -112.009348073243004, 40.677080239424292 ], [ -112.009784994933, 40.677184195543703 ], [ -112.01023048655, 40.677327134773094 ], [ -112.010675975473006, 40.677522051471989 ], [ -112.011455581985004, 40.677703973028407 ], [ -112.012089550929005, 40.677820922727491 ], [ -112.012603576816019, 40.678009341407197 ], [ -112.013306080030006, 40.6782042561114 ], [ -112.014274164767002, 40.678587587972203 ], [ -112.014959534412995, 40.678996903552417 ], [ -112.015336487268996, 40.67908136454669 ], [ -112.015728096139, 40.679115670621201 ], [ -112.016401839788998, 40.679184861103899 ], [ -112.017461585923002, 40.679339210469507 ], [ -112.018247622575998, 40.679435012545603 ], [ -112.018542384973998, 40.679514848639194 ], [ -112.018809077713996, 40.67960000521699 ], [ -112.019232975628, 40.679728169067801 ], [ -112.019641714472002, 40.679833764913894 ], [ -112.019942653686002, 40.679915515520797 ], [ -112.020575973148013, 40.680055172093084 ], [ -112.021092511622001, 40.680167579204195 ], [ -112.021384471275994, 40.680256143219403 ], [ -112.021595576265995, 40.68033789398951 ], [ -112.021968382498997, 40.680511613872902 ], [ -112.022480428498994, 40.680746644292697 ], [ -112.022848744054002, 40.680920363110914 ], [ -112.023145191691, 40.681022549517799 ], [ -112.023473081261002, 40.681134955678793 ], [ -112.023935720818997, 40.681196268979299 ], [ -112.024659691072998, 40.68128704087281 ], [ -112.024749916961994, 40.681298353459297 ], [ -112.024749592670005, 40.681257096502705 ], [ -112.024747593917994, 40.680876095524603 ], [ -112.024747593019995, 40.680750096138098 ], [ -112.024744593544995, 40.680399096299197 ], [ -112.024737592075994, 40.679349096839204 ], [ -112.024735594223003, 40.678999096523 ], [ -112.024733591878018, 40.6788200963382 ], [ -112.024730592403003, 40.678285095139501 ], [ -112.024729594375017, 40.678107095863098 ], [ -112.024729592577998, 40.677925096379496 ], [ -112.024729593477005, 40.677381094489206 ], [ -112.024730592403003, 40.677200095862894 ], [ -112.024726592204999, 40.6765950962331 ], [ -112.024724593453982, 40.676297095615695 ], [ -112.024722592006995, 40.675897095770203 ], [ -112.024719592533017, 40.675094095936394 ], [ -112.024718614267016, 40.674800459157183 ], [ -112.024717591086002, 40.674494096364398 ], [ -112.024713590887998, 40.673648095608591 ], [ -112.024712592859998, 40.673543094971293 ], [ -112.024710591414006, 40.67326909577379 ], [ -112.024710591414006, 40.673228094111217 ], [ -112.024710590514999, 40.673124095031795 ], [ -112.024708593560007, 40.67281209477639 ], [ -112.024704591566007, 40.671876092745002 ], [ -112.024703592639, 40.671565094343201 ], [ -112.024700593163999, 40.671022095271105 ], [ -112.024691591147004, 40.669396094021096 ], [ -112.024689592396001, 40.668854095241102 ], [ -112.024687590949, 40.66846809437709 ], [ -112.024687588253997, 40.668467857261803 ], [ -112.024686592921, 40.668279094780893 ], [ -112.024685591299018, 40.668140094909091 ], [ -112.024683592548001, 40.667723094236599 ], [ -112.024683590750996, 40.667584093887299 ], [ -112.024773707943993, 40.667583768871381 ], [ -112.026342591333005, 40.667578093017603 ], [ -112.031320593801993, 40.667561093389693 ], [ -112.032611593238997, 40.667557094398497 ], [ -112.033285592908996, 40.6675550938808 ], [ -112.033667592499995, 40.667555093199397 ], [ -112.034268593272998, 40.667554092259103 ], [ -112.034958594632997, 40.667551094889191 ], [ -112.036378593042997, 40.6675460942756 ], [ -112.037029594044995, 40.66754509401661 ], [ -112.037720592534995, 40.667543093498509 ], [ -112.038946594370003, 40.667539093143517 ], [ -112.042133594215997, 40.667529093276897 ], [ -112.042627594858004, 40.667527092758206 ], [ -112.043854596518003, 40.667523091720895 ], [ -112.043852343544003, 40.667531214398899 ], [ -112.043861565648001, 40.667531163295706 ], [ -112.048239782764995, 40.667506722351604 ], [ -112.048692077324006, 40.667504188315085 ], [ -112.048896046996006, 40.667503044966502 ], [ -112.048970635011997, 40.667502625238996 ], [ -112.053421282392009, 40.667477584673499 ], [ -112.062348215068994, 40.667507368977191 ], [ -112.062935154512999, 40.667509303402902 ], [ -112.062982667306002, 40.673025133465906 ], [ -112.062990497921007, 40.67393403116489 ], [ -112.065726557866995, 40.673981773270995 ], [ -112.065700928034005, 40.67483368961669 ], [ -112.063132454194005, 40.674788874310011 ], [ -112.063151477816007, 40.676996277315702 ], [ -112.063152624964999, 40.677129450155391 ], [ -112.063163534105996, 40.6783953333642 ], [ -112.063181618090994, 40.68049373192639 ], [ -112.063181881297012, 40.680524276814197 ], [ -112.063188826173004, 40.681330004303199 ], [ -112.063193443513001, 40.681865760390494 ], [ -112.063193476750996, 40.681869518049702 ], [ -112.063194609525993, 40.682001154523 ], [ -112.063063602819, 40.682001092531308 ], [ -112.062603600713999, 40.682001092531308 ], [ -112.061224600515004, 40.682005092018599 ], [ -112.060765601829004, 40.682006092742 ], [ -112.059799600285018, 40.682008092826194 ] ] ], [ [ [ -111.986613049197004, 40.680895039420108 ], [ -111.986606326206001, 40.679732319929194 ], [ -111.986606484308979, 40.679017904018998 ], [ -111.986606245357009, 40.676835134247405 ], [ -111.986606113305001, 40.676503618953298 ], [ -111.986605506941999, 40.675258637432499 ], [ -111.986606398968988, 40.674838843657703 ], [ -111.987945659497001, 40.67483874827559 ], [ -111.990160851987, 40.674838746913103 ], [ -111.991183593819002, 40.674842135022089 ], [ -111.991451559471997, 40.674811650210394 ], [ -111.991581078569993, 40.674733743381701 ], [ -111.991956230303998, 40.674496639673606 ], [ -111.992157206789003, 40.674415347752799 ], [ -111.992836056463005, 40.674384862064699 ], [ -111.993077226268994, 40.6743713122599 ], [ -111.993282669178001, 40.67437131294119 ], [ -111.993470244595017, 40.674384862746003 ], [ -111.993617626692995, 40.674395023735201 ], [ -111.993916856412, 40.674317117782401 ], [ -111.994189289386995, 40.67431373032791 ], [ -111.994196545977005, 40.673749967496008 ], [ -111.994198223132003, 40.672742040576196 ], [ -111.994198222234004, 40.672332175597802 ], [ -111.994216087029997, 40.672254267234592 ], [ -111.994283077993998, 40.672230554998009 ], [ -111.994470656106998, 40.672230557041992 ], [ -111.994653766897002, 40.6722373314809 ], [ -111.994921733447995, 40.672244106600495 ], [ -111.995252225437994, 40.672271204346593 ], [ -111.995613980596005, 40.67229830276311 ], [ -111.995734565947998, 40.672277978100105 ], [ -111.995707771, 40.6713058093477 ], [ -111.995877482520001, 40.671251612378398 ], [ -111.99599806697401, 40.671241448866198 ], [ -111.996627792276001, 40.671275322919207 ], [ -111.996632255107002, 40.671404043754706 ], [ -111.996638955639995, 40.672283906326207 ], [ -111.996638955639995, 40.673368900446697 ], [ -111.996638955639995, 40.674390367012798 ], [ -111.996694781444006, 40.674665577046191 ], [ -111.996869237864999, 40.674909031914908 ], [ -111.997406570541997, 40.67559705155999 ], [ -111.998076485572, 40.676369743139801 ], [ -111.998299790581996, 40.67664494568389 ], [ -111.998411445781997, 40.676973069549497 ], [ -111.998425400212, 40.677518176388602 ], [ -111.998460291675997, 40.678227338096086 ], [ -111.998467270687016, 40.678724805686798 ], [ -111.998495184936004, 40.680153680414016 ], [ -111.998516118376997, 40.68042357475489 ], [ -111.998662664142998, 40.6809845289525 ], [ -111.998732446171999, 40.681349676990401 ], [ -111.998718490843999, 40.681619567851293 ], [ -111.998728055206996, 40.681996479938697 ], [ -111.998729796142001, 40.682065095881697 ], [ -111.998729589529987, 40.682065097244191 ], [ -111.998357587288993, 40.682065097925395 ], [ -111.997243587404, 40.682068097367804 ], [ -111.996872587683001, 40.682069097408998 ], [ -111.996726586296006, 40.682069097409006 ], [ -111.996292587724994, 40.68206909809021 ], [ -111.996163899568998, 40.682069985047697 ], [ -111.996147587959996, 40.682070098131305 ], [ -111.996147507111004, 40.682070098812595 ], [ -111.996147506213006, 40.6821387167236 ], [ -111.996147507111004, 40.6822961363413 ], [ -111.996149509456004, 40.682977136778305 ], [ -111.996150508382996, 40.683204138556803 ], [ -111.996150506586019, 40.683347136405395 ], [ -111.996151507308994, 40.683776136966102 ], [ -111.996152508931004, 40.68392013632571 ], [ -111.996152508931004, 40.684063137406497 ], [ -111.996154507681993, 40.684492138127091 ], [ -111.996155508406005, 40.684636135939691 ], [ -111.996155509304003, 40.684778136846298 ], [ -111.996156510027006, 40.68520413775061 ], [ -111.996157509851997, 40.685347138120093 ], [ -111.994253527013996, 40.685346687169989 ], [ -111.992816822633998, 40.685327318112506 ], [ -111.992133590080002, 40.685554893624101 ], [ -111.991450358424999, 40.685898675013597 ], [ -111.990792666771014, 40.686072985297301 ], [ -111.989796551902018, 40.686223086513706 ], [ -111.989477284361996, 40.686276347627107 ], [ -111.988679114164, 40.686295715046398 ], [ -111.988468398143993, 40.686252138345004 ], [ -111.988264067348993, 40.686160140949397 ], [ -111.988098048804019, 40.685985830212402 ], [ -111.987925644133995, 40.685675942575209 ], [ -111.987766011711997, 40.68547257841341 ], [ -111.987657457495999, 40.685399948983701 ], [ -111.987529752097004, 40.685356371015494 ], [ -111.987382888328, 40.685332160717998 ], [ -111.987057234663993, 40.685327318112492 ], [ -111.986615536632016, 40.685330112368803 ], [ -111.986611176210005, 40.683589717592994 ], [ -111.986608145293999, 40.682547818393999 ], [ -111.986607601813006, 40.682361340406302 ], [ -111.986607017010002, 40.682160718283903 ], [ -111.986606818482002, 40.682092096989393 ], [ -111.986607170621994, 40.682023476986792 ], [ -111.986613049197004, 40.680895039420108 ] ] ], [ [ [ -111.996184442243006, 40.695098731975314 ], [ -111.996184212274002, 40.695024073839903 ], [ -111.996181392462006, 40.694316174476597 ], [ -111.996180738489002, 40.694151489995107 ], [ -111.996180806761004, 40.694151489995114 ], [ -111.996302816840995, 40.694151624853596 ], [ -111.996619076822, 40.69415114603779 ], [ -111.996672689175995, 40.694151062943206 ], [ -111.996712560001995, 40.694132641816502 ], [ -111.996815265286003, 40.694005413577294 ], [ -111.997220420751006, 40.694092956619698 ], [ -111.997463980974004, 40.694145583465691 ], [ -111.997724159130996, 40.694201799682617 ], [ -111.997984335492006, 40.694258015171108 ], [ -111.998244512751, 40.694314229930995 ], [ -111.998440720979005, 40.694356622373896 ], [ -111.998506809136003, 40.694374747159593 ], [ -111.998654375388014, 40.6944152147734 ], [ -111.998743954489001, 40.694439780029903 ], [ -111.998744798906003, 40.694440011604087 ], [ -111.998757670865999, 40.694443541066804 ], [ -111.998757813698006, 40.694495827085909 ], [ -111.998793901718003, 40.694505971387493 ], [ -111.999721995255001, 40.694766813040701 ], [ -112.000797590366005, 40.695069098941005 ], [ -112.001453589592998, 40.695296099035509 ], [ -112.001728589953004, 40.69536009983451 ], [ -112.003063590669996, 40.695616099010202 ], [ -112.005046592015006, 40.695944098836492 ], [ -112.005590931550998, 40.696028879578101 ], [ -112.005590557852003, 40.695912057179001 ], [ -112.005588620186003, 40.695581949225001 ], [ -112.005588323742003, 40.695461179806493 ], [ -112.005588125214018, 40.69537883732901 ], [ -112.005588112637994, 40.695374098298309 ], [ -112.005239591461006, 40.695374098979393 ], [ -112.005117591262007, 40.695375100183092 ], [ -112.005116590539004, 40.695283099035997 ], [ -112.005114590888994, 40.695007099599792 ], [ -112.005114591787006, 40.694915099306591 ], [ -112.005236591088007, 40.694914099458195 ], [ -112.005605592057009, 40.694913098247604 ], [ -112.005729530820005, 40.694913098928701 ], [ -112.005732550057999, 40.695418020477298 ], [ -112.005735523480993, 40.6965069499756 ], [ -112.005735530668005, 40.696509554423109 ], [ -112.005735730094003, 40.696582517732502 ], [ -112.005735731889999, 40.696583100735793 ], [ -112.005735590854997, 40.696583100054703 ], [ -112.005537591386002, 40.6965830986925 ], [ -112.004943590286004, 40.696584099878095 ], [ -112.004746589744002, 40.696585100382492 ], [ -112.004517590313995, 40.696585098339305 ], [ -112.003830591124, 40.696585100382507 ], [ -112.003700591428, 40.696585099701394 ], [ -112.003602591518003, 40.696586099524794 ], [ -112.003266591059003, 40.696586100205799 ], [ -112.002259590405998, 40.696588099171393 ], [ -112.001924591567999, 40.696589099675805 ], [ -112.001585589838001, 40.696589099675791 ], [ -112.000571589510997, 40.696591100003396 ], [ -112.000233592097999, 40.6965920984645 ], [ -111.999647589597004, 40.696592099145498 ], [ -111.998704589414999, 40.696594100154208 ], [ -111.997890590004005, 40.696595099977394 ], [ -111.997305590023004, 40.69659609911951 ], [ -111.997081588819, 40.696596099800601 ], [ -111.996411591143996, 40.696597099623695 ], [ -111.996188590662996, 40.696598100127986 ], [ -111.996186176888997, 40.695694381911999 ], [ -111.996185786121998, 40.695547261361909 ], [ -111.996185645086996, 40.695492366232202 ], [ -111.996184442243006, 40.695098731975314 ] ] ], [ [ [ -111.954358578983005, 40.682145100494402 ], [ -111.954756579367, 40.682146101896798 ], [ -111.954889579435999, 40.682147101255602 ], [ -111.954967578356019, 40.68214710057439 ], [ -111.955203581052004, 40.682147101936813 ], [ -111.955282579797, 40.682147101255602 ], [ -111.955486578214007, 40.682147101255609 ], [ -111.956100580303996, 40.682148101295603 ], [ -111.956305579445001, 40.682149102016801 ], [ -111.956324578814005, 40.682149102016794 ], [ -111.956382579437999, 40.682149102016801 ], [ -111.956402580428005, 40.682149102016808 ], [ -111.956469580375, 40.682149101335497 ], [ -111.956672578967996, 40.682149100654293 ], [ -111.956740579639003, 40.682150100694301 ], [ -111.956998579380993, 40.682150100013097 ], [ -111.957774580057006, 40.682151101415506 ], [ -111.957992862585996, 40.682151944773381 ], [ -111.958033581421006, 40.682152102136591 ], [ -111.958033581421006, 40.682151213817782 ], [ -111.958213852637002, 40.682150873204705 ], [ -111.959029840919001, 40.682149328865108 ], [ -111.959326728730019, 40.682148767534798 ], [ -111.959995343, 40.682147501816615 ], [ -111.960616634917997, 40.682145947258491 ], [ -111.961104694103994, 40.682144579356297 ], [ -111.961125043639996, 40.682144522814497 ], [ -111.961593993861996, 40.682143209410384 ], [ -111.962617581010008, 40.682140996106497 ], [ -111.964734487027997, 40.682136812015003 ], [ -111.965282371315993, 40.682135852167093 ], [ -111.965961640502996, 40.6821346974886 ], [ -111.966920109674021, 40.6821320427497 ], [ -111.967439446401016, 40.682130777031205 ], [ -111.967529582457999, 40.682130556313886 ], [ -111.967529581560001, 40.682328100755775 ], [ -111.967529581560001, 40.682922099817404 ], [ -111.967530583181002, 40.683120101053099 ], [ -111.967530582283018, 40.683353099751606 ], [ -111.967531583005993, 40.684053100508095 ], [ -111.967532581034021, 40.684287100040095 ], [ -111.967532581034021, 40.684417101620092 ], [ -111.967532581034021, 40.684807101432703 ], [ -111.967532581933, 40.684937100636006 ], [ -111.967532581933, 40.685088099502394 ], [ -111.967532581034021, 40.685543100157702 ], [ -111.967533582656003, 40.685695101043684 ], [ -111.967533582656003, 40.685882101711989 ], [ -111.967533581756996, 40.686446101176507 ], [ -111.967533581756996, 40.686634101072592 ], [ -111.967533580858998, 40.686799100446592 ], [ -111.967533582656003, 40.687295100848495 ], [ -111.967533581756996, 40.68734010120091 ], [ -111.967534581582001, 40.687509100027597 ], [ -111.967534581582001, 40.687703100752103 ], [ -111.967534581582001, 40.688285101580597 ], [ -111.967534581582001, 40.688479100727193 ], [ -111.967534582480994, 40.688660101423196 ], [ -111.967536581231997, 40.689203099879897 ], [ -111.967537581955, 40.689385101946506 ], [ -111.967537582854007, 40.689385969053298 ], [ -111.967537581955, 40.6894611007761 ], [ -111.967537582854007, 40.689689100150602 ], [ -111.967538582678998, 40.689766101283702 ], [ -111.967538583576996, 40.691292101856 ], [ -111.967538583576996, 40.691974100855091 ], [ -111.967538583576996, 40.69202009998309 ], [ -111.967538581780005, 40.692116101792202 ], [ -111.967540581430001, 40.692936100880601 ], [ -111.966420583493004, 40.692935101683616 ], [ -111.966375584185997, 40.692935102364707 ], [ -111.963775581275996, 40.692937102120908 ], [ -111.962526582569993, 40.692939101196011 ], [ -111.962301582438997, 40.692939101877101 ], [ -111.961629582418993, 40.692939102558185 ], [ -111.961405583011, 40.692940101755184 ], [ -111.961129581929001, 40.692940103117408 ], [ -111.960730582618993, 40.6929411023143 ], [ -111.960302582097995, 40.692942102873495 ], [ -111.960205580217007, 40.692942102873509 ], [ -111.960027582636997, 40.692943102751499 ], [ -111.959779581142996, 40.692943101389197 ], [ -111.959038582424995, 40.692944102629497 ], [ -111.958791580755999, 40.692945101826403 ], [ -111.958632581646, 40.692945101145192 ], [ -111.958158580195999, 40.692945101145199 ], [ -111.958002244591, 40.692946091487613 ], [ -111.958000581809003, 40.692946101704287 ], [ -111.958001580735996, 40.692235101586483 ], [ -111.958002580560006, 40.691756102127805 ], [ -111.957999579288995, 40.690102102029094 ], [ -111.957999579288995, 40.689391636920199 ], [ -111.957999580187007, 40.689391101534689 ], [ -111.957505581340996, 40.689391102215794 ], [ -111.95602558086, 40.689393102078391 ], [ -111.955532579142996, 40.689394102009608 ], [ -111.955347580991997, 40.689394101328503 ], [ -111.954794579899996, 40.689395100578601 ], [ -111.954610579776997, 40.689396101191001 ], [ -111.954424580004002, 40.689396101190994 ], [ -111.953866579787004, 40.689397101122196 ], [ -111.953681580738007, 40.689398101734582 ], [ -111.953433579244006, 40.689398101734589 ], [ -111.952691578903995, 40.689398102415701 ], [ -111.952444579930003, 40.689399100984602 ], [ -111.952358579716005, 40.689399102346904 ], [ -111.952193578961996, 40.689399102346904 ], [ -111.952100579074994, 40.689399103028094 ], [ -111.952015579584994, 40.6894001022781 ], [ -111.952014774694007, 40.6894001022781 ], [ -111.952022046555996, 40.68946864997671 ], [ -111.952026066517007, 40.689506552631208 ], [ -111.952104712223999, 40.690576273878207 ], [ -111.952237512867001, 40.692383304260197 ], [ -111.952361508224001, 40.693862367763003 ], [ -111.952568466591003, 40.696088974339595 ], [ -111.952572065241995, 40.696127695976905 ], [ -111.952592290811012, 40.696345274476798 ], [ -111.952602013277001, 40.696473252202999 ], [ -111.952610789817001, 40.6965891582485 ], [ -111.952614287857003, 40.696635314243601 ], [ -111.952617405010997, 40.696676485399699 ], [ -111.952622590985001, 40.6967451039366 ], [ -111.952495580882001, 40.696745103255488 ], [ -111.95221358085, 40.696747103578417 ], [ -111.952116580765008, 40.696747102897291 ], [ -111.95208757865602, 40.696748102037205 ], [ -111.951990581267012, 40.696748102718203 ], [ -111.951550579254004, 40.696749103220206 ], [ -111.950232579154004, 40.696754104367699 ], [ -111.949793579661005, 40.696756102647093 ], [ -111.949541579766006, 40.696756103328191 ], [ -111.948785580979006, 40.696760104654494 ], [ -111.948534580011, 40.696761103794096 ], [ -111.948350578990002, 40.696761103112983 ], [ -111.947801578994003, 40.696756103328184 ], [ -111.947618579594007, 40.696764103937191 ], [ -111.947534579030005, 40.696764103937205 ], [ -111.947450578466004, 40.696764104618296 ], [ -111.947299578853006, 40.696697104340892 ], [ -111.947224835428003, 40.696664216465898 ], [ -111.947224578510003, 40.696664103407002 ], [ -111.947224578510003, 40.696541102692095 ], [ -111.947240578404006, 40.6964531031376 ], [ -111.947283579857995, 40.696395103708198 ], [ -111.94734457905902, 40.696357102128907 ], [ -111.947445579340993, 40.69632810374079 ], [ -111.947472578206998, 40.696326103405298 ], [ -111.947595579129, 40.696320103079501 ], [ -111.947663578901, 40.696316104451107 ], [ -111.947875578612994, 40.696313103606798 ], [ -111.948063578933997, 40.696311102589704 ], [ -111.948232579887005, 40.696297104322696 ], [ -111.948326579598998, 40.696271103349595 ], [ -111.948392579721002, 40.696227104089601 ], [ -111.948432579903994, 40.696168103271702 ], [ -111.948448578899004, 40.6960981029031 ], [ -111.948446579248994, 40.695932102883091 ], [ -111.948443578875995, 40.69565210269969 ], [ -111.948442578153006, 40.695554104264602 ], [ -111.948442578153006, 40.695261103169905 ], [ -111.948442579051004, 40.695164103323201 ], [ -111.948442579051004, 40.695078103685091 ], [ -111.948442578153006, 40.694821103954503 ], [ -111.948442579051004, 40.694736103043702 ], [ -111.948443577977997, 40.694603102963299 ], [ -111.948448578899004, 40.694204103172702 ], [ -111.948450579446998, 40.694072103253696 ], [ -111.948450578549, 40.693990103017491 ], [ -111.948450580344996, 40.693744103065583 ], [ -111.948451578374019, 40.69366310365519 ], [ -111.948454579645002, 40.693522103160007 ], [ -111.948463578968003, 40.693099103289697 ], [ -111.948467578267, 40.692959103522092 ], [ -111.948466578441995, 40.6928411035381 ], [ -111.948466579341002, 40.692490104030192 ], [ -111.948466580239, 40.692373103783389 ], [ -111.948465579515997, 40.692243102738395 ], [ -111.948465579515997, 40.691854102062706 ], [ -111.948465578617018, 40.691725102625902 ], [ -111.94846557771902, 40.691698103377391 ], [ -111.948465578617018, 40.691620101854397 ], [ -111.948466578441995, 40.691594102461693 ], [ -111.948466578441995, 40.691577103508195 ], [ -111.948466578441995, 40.691526103216106 ], [ -111.948466580239, 40.691509102882897 ], [ -111.948465579515997, 40.691088102986292 ], [ -111.948463578968003, 40.689825101640608 ], [ -111.948463578968003, 40.689405808288399 ], [ -111.948373432130012, 40.689405808288399 ], [ -111.946773151724003, 40.689426355915401 ], [ -111.945109321798995, 40.689416650864395 ], [ -111.943503088257003, 40.689426355915401 ], [ -111.941192924977003, 40.689421503390001 ], [ -111.940265019186995, 40.689426354553007 ], [ -111.939583874318004, 40.6893281439772 ], [ -111.938913395146002, 40.68931633551189 ], [ -111.938902576735018, 40.689316142745696 ], [ -111.938902578531994, 40.689518103587801 ], [ -111.938902576735018, 40.690125102243094 ], [ -111.938903574763003, 40.690327805803399 ], [ -111.938903577458007, 40.690328104824992 ], [ -111.938903577458007, 40.690937102729507 ], [ -111.938903576559994, 40.691024104213803 ], [ -111.938904576384999, 40.691708103024595 ], [ -111.938905576210004, 40.692543104714794 ], [ -111.938906576034995, 40.692767104238101 ], [ -111.938906576034995, 40.692820104702385 ], [ -111.938906576932993, 40.69292110475061 ], [ -111.938908578378999, 40.693377104242799 ], [ -111.938908576583003, 40.693575103704809 ], [ -111.938908576583003, 40.694172102906791 ], [ -111.938909576408008, 40.694371103268303 ], [ -111.938909577306006, 40.69482210448539 ], [ -111.938911577854, 40.696175104121906 ], [ -111.938912576780993, 40.696625582999602 ], [ -111.938901757471001, 40.6966256027508 ], [ -111.937357263341994, 40.69662830731221 ], [ -111.937262634809997, 40.696628165647894 ], [ -111.937167940701002, 40.696628957741801 ], [ -111.937073257372006, 40.696631505654999 ], [ -111.936978649501, 40.696634985963996 ], [ -111.936883981443003, 40.696640225497291 ], [ -111.936789394233998, 40.696646448506783 ], [ -111.936696037716004, 40.69665349357669 ], [ -111.936601465777997, 40.69666235371821 ], [ -111.936508054463005, 40.696672143529597 ], [ -111.936382798769998, 40.69668753860779 ], [ -111.936261139930991, 40.696701165605511 ], [ -111.936140577036994, 40.696717421558596 ], [ -111.936020093194003, 40.696734611945502 ], [ -111.935900855314998, 40.696754543662294 ], [ -111.935780393930003, 40.69677530151899 ], [ -111.935662390336006, 40.696796982908907 ], [ -111.935602642488007, 40.696809200737505 ], [ -111.935543178507999, 40.696821360672303 ], [ -111.935425125506995, 40.69684666469 ], [ -111.935308383147003, 40.696873721786794 ], [ -111.935191581498998, 40.696902590533092 ], [ -111.935076011440998, 40.696932384847699 ], [ -111.93496044857001, 40.696963939046086 ], [ -111.934846128068003, 40.696997299438699 ], [ -111.934731814754002, 40.697032472833698 ], [ -111.934618663858998, 40.697068517303308 ], [ -111.934506749944006, 40.69710631347381 ], [ -111.934396068517998, 40.697145095135298 ], [ -111.934285326904003, 40.697185633940997 ], [ -111.934149992114001, 40.697238063557506 ], [ -111.934036993033999, 40.697286735661905 ], [ -111.933924065819994, 40.697335349839705 ], [ -111.933813533513998, 40.697386700522898 ], [ -111.933703008395, 40.697438929746596 ], [ -111.933594874590995, 40.697492961038698 ], [ -111.933486747973006, 40.697547926713305 ], [ -111.933381012671006, 40.697604637920307 ], [ -111.933275284554995, 40.6976631062333 ], [ -111.933129690106014, 40.697747194185695 ], [ -111.932359929127998, 40.698208075871598 ], [ -111.931831523010004, 40.698513444975596 ], [ -111.931826914653001, 40.698516106553591 ], [ -111.931731475841005, 40.698571261399302 ], [ -111.931611685497003, 40.69864048957421 ], [ -111.931543521334007, 40.698674336083201 ], [ -111.931474121986, 40.698706430896699 ], [ -111.931403567405994, 40.698738527738001 ], [ -111.931333009232006, 40.698769747363301 ], [ -111.931261212281001, 40.698799160132609 ], [ -111.931189417127001, 40.698828574251088 ], [ -111.931116380500995, 40.698856179473509 ], [ -111.931042191336999, 40.698883789451997 ], [ -111.930967991391995, 40.698909588494196 ], [ -111.930893786057993, 40.698934563450401 ], [ -111.930818356320998, 40.698959488680309 ], [ -111.930742911311, 40.698982600253991 ], [ -111.930666303882006, 40.699003960149199 ], [ -111.930615611950998, 40.69901787135359 ], [ -111.930511852942004, 40.6990456978399 ], [ -111.930297831122004, 40.699111587682395 ], [ -111.930117768315, 40.69915226558831 ], [ -111.929862587485999, 40.699198980994296 ], [ -111.929614832130014, 40.699234196133098 ], [ -111.929329502941997, 40.699258077199303 ], [ -111.929059172923004, 40.699281955532804 ], [ -111.928879347271007, 40.699295662363895 ], [ -111.928743762748994, 40.69930599799099 ], [ -111.927512058407999, 40.699379103982302 ], [ -111.926896131229, 40.69940994260061 ], [ -111.926468025605004, 40.699428623791093 ], [ -111.926084886949994, 40.699441432969003 ], [ -111.925851952898995, 40.699436566871007 ], [ -111.925689411731, 40.699430457857389 ], [ -111.925722534412003, 40.698567881307007 ], [ -111.925712099582, 40.697441413608303 ], [ -111.925712418483997, 40.697377458397199 ], [ -111.925713136238002, 40.697342324005405 ], [ -111.925715008327003, 40.697307183465391 ], [ -111.925718036548005, 40.697272039501591 ], [ -111.925721133939007, 40.697236841033494 ], [ -111.925725385665004, 40.697201692946109 ], [ -111.925730797116003, 40.697167419337305 ], [ -111.925736204076017, 40.697132265083695 ], [ -111.925742834540998, 40.697097053601297 ], [ -111.925750626528, 40.697062773128017 ], [ -111.925759645612999, 40.697028483102102 ], [ -111.925768659309, 40.696994142659001 ], [ -111.925778832728994, 40.696959851235597 ], [ -111.925789004353007, 40.69692550394641 ], [ -111.925791277090994, 40.696920116642204 ], [ -111.925810680701005, 40.696862736036103 ], [ -111.925837016610004, 40.696794954663297 ], [ -111.925851952898995, 40.6967614688512 ], [ -111.925866897272002, 40.696728916097904 ], [ -111.925894536635994, 40.696673757683705 ], [ -111.925901440188994, 40.696659990378294 ], [ -111.925906545315001, 40.696649811669602 ], [ -111.925911773509995, 40.696639383684889 ], [ -111.925929216995996, 40.696607804132888 ], [ -111.926135742374996, 40.696297903231397 ], [ -111.926515082055005, 40.695964278023602 ], [ -111.927486192318014, 40.695279767134402 ], [ -111.927918643091999, 40.694928879232393 ], [ -111.928495238436, 40.6942558635686 ], [ -111.928844233025018, 40.693766914718104 ], [ -111.929178052374994, 40.692869541522704 ], [ -111.929367720867006, 40.692449612089092 ], [ -111.929402314989005, 40.689733931323694 ], [ -111.929339751821004, 40.684717606814402 ], [ -111.929338050411999, 40.68458119162969 ], [ -111.929337931833999, 40.684572485195595 ], [ -111.929361573695999, 40.684566103019606 ], [ -111.930348574258005, 40.684354103941089 ], [ -111.930588216928001, 40.68430290534009 ], [ -111.932604574516006, 40.683872102967392 ], [ -111.932833573946994, 40.6838151028197 ], [ -111.933061573551996, 40.683752103890299 ], [ -111.933301574650002, 40.683675103982793 ], [ -111.933394575435003, 40.683646103481401 ], [ -111.933411574255004, 40.683639103358495 ], [ -111.933613575717999, 40.683568103432606 ], [ -111.933933574487, 40.683440102962706 ], [ -111.934241575357007, 40.683305103451403 ], [ -111.93441657615702, 40.683226102979894 ], [ -111.934943574615005, 40.6829911031016 ], [ -111.935119574343005, 40.682913102286292 ], [ -111.935205574555994, 40.682874103206892 ], [ -111.935444575828996, 40.682768102763994 ], [ -111.935466574672006, 40.68275910248731 ], [ -111.935555574361004, 40.682724102762002 ], [ -111.935688575328001, 40.682672103155703 ], [ -111.935763575671004, 40.682643102899199 ], [ -111.936088467564005, 40.682533155087611 ], [ -111.936091575733997, 40.682532103280401 ], [ -111.936229575826999, 40.682490102511103 ], [ -111.936383574914004, 40.682444102935811 ], [ -111.936750574436999, 40.682352103008697 ], [ -111.936881575754995, 40.68232010250069 ], [ -111.937346576085019, 40.682234102634901 ], [ -111.937830574885993, 40.682171101529995 ], [ -111.938279574424001, 40.682137102898594 ], [ -111.938351575292998, 40.682135102136989 ], [ -111.938771574518995, 40.682125102415711 ], [ -111.938891310065003, 40.682128096405599 ], [ -111.938891575067998, 40.682128102536701 ], [ -111.938902392580005, 40.682128103217806 ], [ -111.939158575031001, 40.68212810185539 ], [ -111.939637672624002, 40.68212810389911 ], [ -111.939962576194006, 40.682128102536709 ], [ -111.940230575982, 40.68212810185539 ], [ -111.940701577059016, 40.68212810185539 ], [ -111.940747576191001, 40.682128102536694 ], [ -111.942301575395021, 40.682129101895683 ], [ -111.942819576326997, 40.682130102617201 ], [ -111.943295575630003, 40.68213010193589 ], [ -111.944723577131001, 40.682131101295006 ], [ -111.945200577156996, 40.682132102016411 ], [ -111.945426578010995, 40.682132101335199 ], [ -111.946000578121996, 40.682132102016396 ], [ -111.946106576630001, 40.682132102697693 ], [ -111.946333577309005, 40.682133102737794 ], [ -111.946434578489999, 40.682133102056611 ], [ -111.946737576641993, 40.682134102096796 ], [ -111.946839577646998, 40.682135102818194 ], [ -111.947162578586003, 40.682135102137003 ], [ -111.948131576910001, 40.682135102136996 ], [ -111.948455577673002, 40.682135102818194 ], [ -111.948850576785006, 40.682135102818194 ], [ -111.948892578414998, 40.682136101495999 ], [ -111.950038578087003, 40.682138101576207 ], [ -111.950434577023998, 40.68213910297878 ], [ -111.950679577246007, 40.682139102978809 ], [ -111.951337578818993, 40.682140100975296 ], [ -111.95141657936, 40.682140100975303 ], [ -111.951655282391997, 40.682141071722597 ], [ -111.951662577611003, 40.6821411003341 ], [ -111.951663157921999, 40.6821411003341 ], [ -111.952174578694994, 40.6821411003341 ], [ -111.953713577830001, 40.682144101816796 ], [ -111.954226579636995, 40.682145101856797 ], [ -111.954358578983005, 40.682145100494402 ] ] ] ] } },
{ "type": "Feature", "properties": { "district": "2" }, "geometry": { "type": "MultiPolygon", "coordinates": [ [ [ [ -112.034542588418006, 40.638553089635195 ], [ -112.034178589267995, 40.638555090341107 ], [ -112.033546591228003, 40.638560089719498 ], [ -112.033173589162999, 40.638560089037803 ], [ -112.032491589995004, 40.638560091082802 ], [ -112.031666824275007, 40.638561597576697 ], [ -112.031396589478021, 40.638562089743395 ], [ -112.03139658857998, 40.6384620911996 ], [ -112.031396588579994, 40.6382750904666 ], [ -112.031414589022006, 40.638164090614893 ], [ -112.031421588694002, 40.638122091212509 ], [ -112.031426588716997, 40.638065091494191 ], [ -112.031438587514003, 40.637910089670399 ], [ -112.031440588063006, 40.637898090771998 ], [ -112.031442588611, 40.637655091142292 ], [ -112.031451587933006, 40.637445089537898 ], [ -112.031459587431002, 40.637290090364701 ], [ -112.031459589226998, 40.637136089501496 ], [ -112.031461587978995, 40.636677091036198 ], [ -112.031463587629005, 40.636524091528194 ], [ -112.031493590460997, 40.636353090179497 ], [ -112.031505588360005, 40.636309091591393 ], [ -112.031548589813994, 40.636166089674198 ], [ -112.031631588756994, 40.635972089653599 ], [ -112.031698588704003, 40.635829089741392 ], [ -112.031781590340998, 40.635720090022105 ], [ -112.031830587152001, 40.635658090021018 ], [ -112.031923590630996, 40.635554090307799 ], [ -112.032065589124997, 40.635416089795797 ], [ -112.032168589955006, 40.635328089992292 ], [ -112.032239587405002, 40.635268090431495 ], [ -112.032986589564999, 40.634753089598199 ], [ -112.033261589025997, 40.634564089921497 ], [ -112.033492589903005, 40.634395090518481 ], [ -112.033663589607002, 40.634271090724795 ], [ -112.033888589737998, 40.634118090475098 ], [ -112.034193588438001, 40.633900089362101 ], [ -112.034427587891997, 40.633735088615609 ], [ -112.034536589468004, 40.633628089058 ], [ -112.034554589012004, 40.633605089124295 ], [ -112.034684588708004, 40.633453088800401 ], [ -112.034766589621995, 40.633339090205091 ], [ -112.034859590406995, 40.633155089035803 ], [ -112.034942588451003, 40.632993089461394 ], [ -112.034972588588005, 40.632876089789299 ], [ -112.034990589030002, 40.63281008811839 ], [ -112.035013588596001, 40.6326920887076 ], [ -112.035025589190013, 40.632521089133604 ], [ -112.035034589410998, 40.632402088426097 ], [ -112.035034586715994, 40.632245088921294 ], [ -112.035034589410998, 40.631777089896104 ], [ -112.035034590308996, 40.631621089037601 ], [ -112.035033588687995, 40.631524089993903 ], [ -112.035032135213001, 40.631384076822997 ], [ -112.035030842538006, 40.631259402644602 ], [ -112.035030517348005, 40.631228235938387 ], [ -112.035198886784997, 40.631227423296899 ], [ -112.036685945330007, 40.63122026155159 ], [ -112.036686001025004, 40.631228139812194 ], [ -112.038241627076999, 40.631221552779209 ], [ -112.038341510753995, 40.631221128051202 ], [ -112.041381509388003, 40.631231128587906 ], [ -112.043508511572, 40.631224127053393 ], [ -112.043565510574993, 40.631224126371599 ], [ -112.043721623398, 40.631223759592196 ], [ -112.043987833743003, 40.631223131703798 ], [ -112.043989511795999, 40.631223128294991 ], [ -112.043989589949021, 40.631223125567999 ], [ -112.043989589949021, 40.631223088753707 ], [ -112.045708589906994, 40.631188088568997 ], [ -112.045885592153994, 40.631187088446609 ], [ -112.046441590026006, 40.631185088883491 ], [ -112.049241591156004, 40.6311730887764 ], [ -112.052529592183006, 40.631174087535598 ], [ -112.053069591958007, 40.631174088899101 ], [ -112.053348592514993, 40.631172087972104 ], [ -112.053412593886009, 40.631325088155009 ], [ -112.053755593120002, 40.631323088595998 ], [ -112.056395592618998, 40.631304086987697 ], [ -112.057147593902997, 40.631301087307307 ], [ -112.058283032082997, 40.631296712545996 ], [ -112.058703592756004, 40.631295087946299 ], [ -112.059166917729002, 40.631290867259004 ], [ -112.060787595281994, 40.631276087011692 ], [ -112.062370093537993, 40.631264015337692 ], [ -112.062380901169007, 40.631263934209898 ], [ -112.06265590063002, 40.631261833068891 ], [ -112.062793776755001, 40.631260780453211 ], [ -112.062884593735006, 40.631260086435816 ], [ -112.062885144402998, 40.631260083027094 ], [ -112.063145698954003, 40.631258287308206 ], [ -112.063174595061994, 40.631258088238312 ], [ -112.065727595420995, 40.631237087049897 ], [ -112.067318594433999, 40.631268087405992 ], [ -112.068113596274003, 40.631284088661701 ], [ -112.068167497885995, 40.63333617719519 ], [ -112.068173295612993, 40.633556821142498 ], [ -112.068173511209011, 40.633565054304803 ], [ -112.068304606850006, 40.63855534187779 ], [ -112.068296927152019, 40.638555478893799 ], [ -112.068284457638001, 40.638555472077087 ], [ -112.068187201534016, 40.638555420951704 ], [ -112.066666439995998, 40.638554627486094 ], [ -112.064205680447003, 40.638553298226697 ], [ -112.063566002708995, 40.6385529798861 ], [ -112.063566140152005, 40.638569687652492 ], [ -112.063336419373996, 40.638570789915093 ], [ -112.063336632274996, 40.638649987805408 ], [ -112.063337218873997, 40.638868125420998 ], [ -112.063340186907993, 40.639972298935483 ], [ -112.06334503331901, 40.6417754066537 ], [ -112.063346218197012, 40.642216114543196 ], [ -112.063343596015002, 40.642216087277795 ], [ -112.063342874667015, 40.6422306490254 ], [ -112.063333595071001, 40.642418088554798 ], [ -112.063249595404983, 40.644051089884705 ], [ -112.063216595792994, 40.6446820882285 ], [ -112.063213597217, 40.644739088431002 ], [ -112.063148596020994, 40.645849089272303 ], [ -112.067084598573999, 40.645846089563797 ], [ -112.067209598247999, 40.645960088613698 ], [ -112.067572598471003, 40.646290088568108 ], [ -112.069865597640998, 40.648377089415099 ], [ -112.070920725535998, 40.64935168068839 ], [ -112.071437599082998, 40.649829088080494 ], [ -112.072083600061006, 40.650416089532797 ], [ -112.073592599058998, 40.651787088949199 ], [ -112.073841600376994, 40.652019088289393 ], [ -112.074589599666993, 40.652717089247993 ], [ -112.074839600809995, 40.652950088558597 ], [ -112.073377599872003, 40.652980089258996 ], [ -112.068993598502999, 40.653072088823691 ], [ -112.068086599205003, 40.65309108832539 ], [ -112.067532599185995, 40.653103089263297 ], [ -112.067386596901002, 40.653106088645501 ], [ -112.066861598092999, 40.65311109034181 ], [ -112.064849597334003, 40.653133089213398 ], [ -112.064179596963996, 40.653141088925111 ], [ -112.062760486987003, 40.65315692273591 ], [ -112.062117596874018, 40.653164090306092 ], [ -112.062033820888999, 40.653165026717808 ], [ -112.060686596796003, 40.6531800890398 ], [ -112.055932595531999, 40.65316508941779 ], [ -112.053871594368999, 40.653159091340001 ], [ -112.053390596840003, 40.653157091753492 ], [ -112.053044729286, 40.65315609127871 ], [ -112.053044594537994, 40.653156089915598 ], [ -112.051949594920004, 40.653158090865197 ], [ -112.051469595418993, 40.653159089977009 ], [ -112.049945594555993, 40.653162090038201 ], [ -112.047381594325998, 40.653168090160293 ], [ -112.045375592515995, 40.653143090556803 ], [ -112.045102593603019, 40.653139091382599 ], [ -112.044170595089, 40.653129091401702 ], [ -112.044170585207993, 40.653129132293003 ], [ -112.044159614980998, 40.653129015071109 ], [ -112.043699514961006, 40.653124130598208 ], [ -112.043675514671008, 40.653124129916691 ], [ -112.043352514630996, 40.65312212896599 ], [ -112.041855514431006, 40.653115130408899 ], [ -112.041356513764995, 40.653113130139488 ], [ -112.041309514808006, 40.6531121310271 ], [ -112.041168513445001, 40.653112131027108 ], [ -112.041121511791999, 40.653112129663995 ], [ -112.040945513861999, 40.653111131914592 ], [ -112.040420513257004, 40.653108131851099 ], [ -112.040246514078007, 40.653107130012501 ], [ -112.039086512365003, 40.653101130566398 ], [ -112.037690513346007, 40.65309513111989 ], [ -112.035985199221003, 40.653086942620696 ], [ -112.035985132746021, 40.653095109311096 ], [ -112.035506742126998, 40.653086479866495 ], [ -112.034250776088001, 40.653077271807597 ], [ -112.034209563179004, 40.645803459745899 ], [ -112.03901489597601, 40.645798852146896 ], [ -112.039019773828002, 40.646657368442192 ], [ -112.042955469157008, 40.646653421361705 ], [ -112.043181505944005, 40.645776711811401 ], [ -112.043374638339998, 40.644895448517303 ], [ -112.043267797211996, 40.644882899454501 ], [ -112.043374198166006, 40.644342828798997 ], [ -112.043232324537996, 40.644341809106905 ], [ -112.043463178091002, 40.642208981923702 ], [ -112.038995197717995, 40.642214001477498 ], [ -112.038994951579994, 40.6421689938432 ], [ -112.038140290824998, 40.642169723873792 ], [ -112.037161654475995, 40.642170553423 ], [ -112.037142673972994, 40.638823747437598 ], [ -112.037141116293995, 40.638549260686297 ], [ -112.037056589317999, 40.638550089598894 ], [ -112.036710590609005, 40.638552088941388 ], [ -112.036077590947997, 40.638552090304799 ], [ -112.034542588418006, 40.638553089635195 ] ] ], [ [ [ -112.025797589738005, 40.654526092552892 ], [ -112.026550590846995, 40.654524092325794 ], [ -112.026560589095993, 40.654096092779191 ], [ -112.027295590662021, 40.654096092779191 ], [ -112.027296589588005, 40.654994092250696 ], [ -112.026530589857003, 40.654999092442409 ], [ -112.026530589857003, 40.654865093718882 ], [ -112.025330590655997, 40.654866093486604 ], [ -112.025334589058005, 40.655388092846998 ], [ -112.025933589282005, 40.6553950925287 ], [ -112.026513591037002, 40.655403092650708 ], [ -112.026501591341997, 40.655451093363091 ], [ -112.026422590801005, 40.655665091859397 ], [ -112.026365590001021, 40.655949092071296 ], [ -112.026368590374005, 40.656334092724684 ], [ -112.026679591616997, 40.656331092805999 ], [ -112.026831591054005, 40.656339092134409 ], [ -112.026981589944, 40.656352094277992 ], [ -112.027127590432002, 40.656379092169296 ], [ -112.027091591345993, 40.656875093334705 ], [ -112.027094590819999, 40.657308092790899 ], [ -112.027110590714003, 40.659121094458996 ], [ -112.026616590071001, 40.659124092889208 ], [ -112.026524590009998, 40.659124092889201 ], [ -112.026517591235006, 40.659635093623407 ], [ -112.026521590534998, 40.6601200937653 ], [ -112.02650558974301, 40.66027409406891 ], [ -112.026470591378995, 40.660409093878997 ], [ -112.026401589985994, 40.6605370935929 ], [ -112.026243589801993, 40.66070609358961 ], [ -112.026006590874005, 40.6609290934462 ], [ -112.025961299613996, 40.660955405316599 ], [ -112.025901589495007, 40.660990092785099 ], [ -112.025751590606006, 40.661031093795195 ], [ -112.025592590597, 40.661052094468999 ], [ -112.025353591121004, 40.661053093462492 ], [ -112.024707649430994, 40.66106139819189 ], [ -112.024653591512006, 40.661062092581005 ], [ -112.024653590613994, 40.661061978780189 ], [ -112.024651591861996, 40.660842093566409 ], [ -112.024648589693001, 40.660183093220091 ], [ -112.024647589867996, 40.659964094405005 ], [ -112.024646590043005, 40.6597980929728 ], [ -112.024643590568004, 40.659301094076092 ], [ -112.024642589845001, 40.659136094104895 ], [ -112.024631589974007, 40.658684093617602 ], [ -112.024601589837005, 40.657329093273795 ], [ -112.024591590689994, 40.656878093910294 ], [ -112.024591589791001, 40.656874668769902 ], [ -112.024591590689994, 40.656725093684493 ], [ -112.024568588427996, 40.65453109209809 ], [ -112.024622675992006, 40.654530873333897 ], [ -112.025797589738005, 40.654526092552892 ] ] ], [ [ [ -111.978381584128002, 40.6821101004467 ], [ -111.978459584844003, 40.682109099043693 ], [ -111.978693584297005, 40.682109099043707 ], [ -111.978772583042002, 40.68210909972489 ], [ -111.978989583675002, 40.682108099003102 ], [ -111.979639584851995, 40.682106098921913 ], [ -111.979857583512995, 40.682106098921892 ], [ -111.980048585106005, 40.682105099562499 ], [ -111.980621584492994, 40.6821040981594 ], [ -111.980813583214996, 40.682104099521894 ], [ -111.980947584906005, 40.682103099481196 ], [ -111.981232585311005, 40.682103098118809 ], [ -111.981350585312015, 40.682106098921885 ], [ -111.981485583234999, 40.682111098443507 ], [ -111.981487355610994, 40.682111071194484 ], [ -111.981730584355006, 40.6821070982813 ], [ -111.981838585209005, 40.682103098118795 ], [ -111.98185358437901, 40.682102098759287 ], [ -111.981907583907002, 40.682102098759295 ], [ -111.983175585575012, 40.682099099999704 ], [ -111.983598585175002, 40.682099099999697 ], [ -111.983809585062005, 40.682098099958999 ], [ -111.984443584548004, 40.682096099877505 ], [ -111.984655585159004, 40.682096099877491 ], [ -111.985045584247999, 40.682095098474193 ], [ -111.986215584210001, 40.682092099033099 ], [ -111.986606584919997, 40.682092098351902 ], [ -111.986606818482002, 40.682092096989393 ], [ -111.986607017010002, 40.682160718283903 ], [ -111.986607601813006, 40.682361340406302 ], [ -111.986608145293999, 40.682547818393999 ], [ -111.986611176210005, 40.683589717592994 ], [ -111.986615536632016, 40.685330112368803 ], [ -111.986618400460998, 40.686567888271391 ], [ -111.986621248120997, 40.68804615992309 ], [ -111.986627803127007, 40.689295722460308 ], [ -111.985006622517005, 40.689300129520696 ], [ -111.983557406401999, 40.689312083074391 ], [ -111.983557490844007, 40.689351632163692 ], [ -111.982384755512001, 40.689355609413099 ], [ -111.981641976332, 40.689358126952605 ], [ -111.981033126979, 40.689337939634299 ], [ -111.980678817956004, 40.689361818798794 ], [ -111.978907281825002, 40.689373759399601 ], [ -111.978479487019001, 40.689355849859894 ], [ -111.978109433224006, 40.689367789780597 ], [ -111.977108978594003, 40.689366856601907 ], [ -111.975986209355, 40.689365799453391 ], [ -111.971902649533007, 40.6893751285156 ], [ -111.968572813964002, 40.689390675814607 ], [ -111.967627726996, 40.689386378425695 ], [ -111.967537582854007, 40.689385969053298 ], [ -111.967537581955, 40.689385101946506 ], [ -111.967536581231997, 40.689203099879897 ], [ -111.967534582480994, 40.688660101423196 ], [ -111.967534581582001, 40.688479100727193 ], [ -111.967534581582001, 40.688285101580597 ], [ -111.967534581582001, 40.687703100752103 ], [ -111.967534581582001, 40.687509100027597 ], [ -111.967533581756996, 40.68734010120091 ], [ -111.967533582656003, 40.687295100848495 ], [ -111.967533580858998, 40.686799100446592 ], [ -111.967533581756996, 40.686634101072592 ], [ -111.967533581756996, 40.686446101176507 ], [ -111.967533582656003, 40.685882101711989 ], [ -111.967533582656003, 40.685695101043684 ], [ -111.967532581034021, 40.685543100157702 ], [ -111.967532581933, 40.685088099502394 ], [ -111.967532581933, 40.684937100636006 ], [ -111.967532581034021, 40.684807101432703 ], [ -111.967532581034021, 40.684417101620092 ], [ -111.967532581034021, 40.684287100040095 ], [ -111.967531583005993, 40.684053100508095 ], [ -111.967530582283018, 40.683353099751606 ], [ -111.967530583181002, 40.683120101053099 ], [ -111.967529581560001, 40.682922099817404 ], [ -111.967529581560001, 40.682328100755775 ], [ -111.967529582457999, 40.682130556313886 ], [ -111.967529583355997, 40.682130101254707 ], [ -111.967529867224002, 40.682130099892291 ], [ -111.967903580755006, 40.682129100533203 ], [ -111.969028582307999, 40.682126099731093 ], [ -111.969403582227002, 40.682126100412297 ], [ -111.969598582220002, 40.682125099009596 ], [ -111.970185580953, 40.682125101053288 ], [ -111.970381581670011, 40.68212509900961 ], [ -111.970572584159996, 40.682124098969297 ], [ -111.971145582649001, 40.682123100291292 ], [ -111.971337581371003, 40.6821231002913 ], [ -111.971648581715996, 40.682122098888499 ], [ -111.972580582925005, 40.6821200988078 ], [ -111.972892582195996, 40.682120099488991 ], [ -111.972997581778003, 40.682120100170195 ], [ -111.973311582496009, 40.682120100170202 ], [ -111.973417584597996, 40.682120099488991 ], [ -111.973544582124006, 40.682119100811001 ], [ -111.973925583688001, 40.68211810008939 ], [ -111.974053583734005, 40.682118100770595 ], [ -111.974656582359998, 40.682117100048906 ], [ -111.97646558273, 40.682114099246299 ], [ -111.977068174419003, 40.682113100568309 ], [ -111.977068584050997, 40.682113099887005 ], [ -111.977330583991986, 40.682112099846499 ], [ -111.978118585260006, 40.6821101004467 ], [ -111.978381584128002, 40.6821101004467 ] ] ], [ [ [ -111.923761574131007, 40.698684105848308 ], [ -111.923141575786005, 40.698606105012196 ], [ -111.922681573681999, 40.698298106756184 ], [ -111.922379574456997, 40.6976381062819 ], [ -111.922083573281995, 40.696819106310194 ], [ -111.922075574683006, 40.696670105064094 ], [ -111.922061574438999, 40.696393106099002 ], [ -111.922107574470004, 40.69606810457131 ], [ -111.922343573573002, 40.69562010449139 ], [ -111.922830573645001, 40.695183106499101 ], [ -111.922959573516991, 40.694832105707107 ], [ -111.922938573600007, 40.6944821056452 ], [ -111.922809573728998, 40.694209105192392 ], [ -111.922663573240001, 40.694042104690702 ], [ -111.922384573580999, 40.693722106010398 ], [ -111.922298574265994, 40.693608104806607 ], [ -111.921821572442994, 40.691753105845997 ], [ -111.921852574202006, 40.6915811037832 ], [ -111.922127574561998, 40.6914961055502 ], [ -111.922470573794996, 40.691512105306003 ], [ -111.922873573302994, 40.69159210470859 ], [ -111.923233574050997, 40.691602105052802 ], [ -111.923816574382002, 40.691400105572299 ], [ -111.923934573485013, 40.691201105191901 ], [ -111.923789573720001, 40.690973104860703 ], [ -111.923282572657996, 40.690614105745297 ], [ -111.922703572524995, 40.689868103841995 ], [ -111.922710573993996, 40.689759104528214 ], [ -111.922733574459002, 40.68960010455951 ], [ -111.922881572799994, 40.6894461038641 ], [ -111.923197574065995, 40.689291104923399 ], [ -111.923640572859, 40.689293105470092 ], [ -111.924050572937006, 40.689322104195398 ], [ -111.924416574432001, 40.6891601047422 ], [ -111.924591572538006, 40.68882710451561 ], [ -111.924589572887996, 40.688668105047803 ], [ -111.924537573009005, 40.688508103893703 ], [ -111.924511572172008, 40.688427103567491 ], [ -111.923920574139004, 40.688030104160603 ], [ -111.922635572752995, 40.687659104008091 ], [ -111.922054572072, 40.6873771045558 ], [ -111.92112206601, 40.686342310042399 ], [ -111.921115572987006, 40.686335104485302 ], [ -111.921199571754002, 40.686318103509102 ], [ -111.921284573939005, 40.686300104594295 ], [ -111.921365573231995, 40.686283104290297 ], [ -111.921844572008993, 40.686182103035897 ], [ -111.922955573318987, 40.685950103311193 ], [ -111.923745573339005, 40.685785103878793 ], [ -111.924032572496003, 40.6857241047407 ], [ -111.924761573314996, 40.685570103943498 ], [ -111.924836574557006, 40.6855541034422 ], [ -111.925061572890996, 40.685506103277504 ], [ -111.92513757216102, 40.685491104112998 ], [ -111.925232573493005, 40.685470104323393 ], [ -111.925518572824998, 40.685410104888106 ], [ -111.925614573084999, 40.685391103693206 ], [ -111.925636972576001, 40.685386390518694 ], [ -111.926365573645015, 40.685233103514292 ], [ -111.928618573530997, 40.684761102775198 ], [ -111.928698573896995, 40.684745104123301 ], [ -111.929337931833999, 40.684572485195595 ], [ -111.929338050411999, 40.68458119162969 ], [ -111.929339751821004, 40.684717606814402 ], [ -111.929402314989005, 40.689733931323694 ], [ -111.929367720867006, 40.692449612089092 ], [ -111.929178052374994, 40.692869541522704 ], [ -111.928844233025018, 40.693766914718104 ], [ -111.928495238436, 40.6942558635686 ], [ -111.927918643091999, 40.694928879232393 ], [ -111.927486192318014, 40.695279767134402 ], [ -111.926515082055005, 40.695964278023602 ], [ -111.926135742374996, 40.696297903231397 ], [ -111.925929216995996, 40.696607804132888 ], [ -111.925911773509995, 40.696639383684889 ], [ -111.925906545315001, 40.696649811669602 ], [ -111.925901440188994, 40.696659990378294 ], [ -111.925894536635994, 40.696673757683705 ], [ -111.925866897272002, 40.696728916097904 ], [ -111.925851952898995, 40.6967614688512 ], [ -111.925837016610004, 40.696794954663297 ], [ -111.925810680701005, 40.696862736036103 ], [ -111.925791277090994, 40.696920116642204 ], [ -111.925789004353007, 40.69692550394641 ], [ -111.925778832728994, 40.696959851235597 ], [ -111.925768659309, 40.696994142659001 ], [ -111.925759645612999, 40.697028483102102 ], [ -111.925750626528, 40.697062773128017 ], [ -111.925742834540998, 40.697097053601297 ], [ -111.925736204076017, 40.697132265083695 ], [ -111.925730797116003, 40.697167419337305 ], [ -111.925725385665004, 40.697201692946109 ], [ -111.925721133939007, 40.697236841033494 ], [ -111.925718036548005, 40.697272039501591 ], [ -111.925715008327003, 40.697307183465391 ], [ -111.925713136238002, 40.697342324005405 ], [ -111.925712418483997, 40.697377458397199 ], [ -111.925712099582, 40.697441413608303 ], [ -111.925722534412003, 40.698567881307007 ], [ -111.925689411731, 40.699430457857389 ], [ -111.925435406795998, 40.699435330766306 ], [ -111.925082755164993, 40.699444018232292 ], [ -111.924980244815004, 40.699443188714206 ], [ -111.924583575734999, 40.69943998097169 ], [ -111.924583576632998, 40.699423105246794 ], [ -111.924476574706006, 40.698965105334899 ], [ -111.924156576835998, 40.69879610627769 ], [ -111.923761574131007, 40.698684105848308 ] ] ], [ [ [ -111.952602013277001, 40.696473252202999 ], [ -111.952592290811012, 40.696345274476798 ], [ -111.952572065241995, 40.696127695976905 ], [ -111.952568466591003, 40.696088974339595 ], [ -111.952361508224001, 40.693862367763003 ], [ -111.952237512867001, 40.692383304260197 ], [ -111.952104712223999, 40.690576273878207 ], [ -111.952026066517007, 40.689506552631208 ], [ -111.952022046555996, 40.68946864997671 ], [ -111.952014774694007, 40.6894001022781 ], [ -111.952015579584994, 40.6894001022781 ], [ -111.952100579074994, 40.689399103028094 ], [ -111.952193578961996, 40.689399102346904 ], [ -111.952358579716005, 40.689399102346904 ], [ -111.952444579930003, 40.689399100984602 ], [ -111.952691578903995, 40.689398102415701 ], [ -111.953433579244006, 40.689398101734589 ], [ -111.953681580738007, 40.689398101734582 ], [ -111.953866579787004, 40.689397101122196 ], [ -111.954424580004002, 40.689396101190994 ], [ -111.954610579776997, 40.689396101191001 ], [ -111.954794579899996, 40.689395100578601 ], [ -111.955347580991997, 40.689394101328503 ], [ -111.955532579142996, 40.689394102009608 ], [ -111.95602558086, 40.689393102078391 ], [ -111.957505581340996, 40.689391102215794 ], [ -111.957999580187007, 40.689391101534689 ], [ -111.957999579288995, 40.689391636920199 ], [ -111.957999579288995, 40.690102102029094 ], [ -111.958002580560006, 40.691756102127805 ], [ -111.958001580735996, 40.692235101586483 ], [ -111.958000581809003, 40.692946101704287 ], [ -111.958002244591, 40.692946091487613 ], [ -111.958158580195999, 40.692945101145199 ], [ -111.958632581646, 40.692945101145192 ], [ -111.958791580755999, 40.692945101826403 ], [ -111.959038582424995, 40.692944102629497 ], [ -111.959779581142996, 40.692943101389197 ], [ -111.960027582636997, 40.692943102751499 ], [ -111.960205580217007, 40.692942102873509 ], [ -111.960302582097995, 40.692942102873495 ], [ -111.960730582618993, 40.6929411023143 ], [ -111.961129581929001, 40.692940103117408 ], [ -111.961405583011, 40.692940101755184 ], [ -111.961629582418993, 40.692939102558185 ], [ -111.962301582438997, 40.692939101877101 ], [ -111.962526582569993, 40.692939101196011 ], [ -111.963775581275996, 40.692937102120908 ], [ -111.966375584185997, 40.692935102364707 ], [ -111.966420583493004, 40.692935101683616 ], [ -111.967540581430001, 40.692936100880601 ], [ -111.967968582848997, 40.692934101124401 ], [ -111.968354583537007, 40.692933101246204 ], [ -111.968928583646999, 40.692932102049198 ], [ -111.97050458438801, 40.6929291010524 ], [ -111.970653584350998, 40.692928100492999 ], [ -111.971101584064996, 40.692928101174203 ], [ -111.971251582953997, 40.692928100492992 ], [ -111.971495583351995, 40.692928101174203 ], [ -111.971704584487, 40.692928101174196 ], [ -111.972227585442994, 40.692926101417697 ], [ -111.972471583144994, 40.692926100736592 ], [ -111.972676584083004, 40.692926101417704 ], [ -111.972813585248019, 40.692926100055395 ], [ -111.973136583492007, 40.69292610141769 ], [ -111.973191583743997, 40.692926100736599 ], [ -111.973283584702997, 40.692925100177199 ], [ -111.973562584362995, 40.692925101539402 ], [ -111.973655583351018, 40.692925100858297 ], [ -111.974341584512004, 40.692923101782796 ], [ -111.976400585126996, 40.692919101588394 ], [ -111.977087584317005, 40.692919100226092 ], [ -111.977088584141995, 40.693660100647996 ], [ -111.977092585237997, 40.695883101505707 ], [ -111.977094584887993, 40.696625101477295 ], [ -111.977094364801005, 40.696625101477302 ], [ -111.976382586482003, 40.696626101300097 ], [ -111.974462584885998, 40.696629100768199 ], [ -111.974246584976001, 40.696629101449297 ], [ -111.973535586395002, 40.69663110109461 ], [ -111.973293585646999, 40.696631101094596 ], [ -111.972569585749, 40.696632100917206 ], [ -111.972328583928004, 40.696633101421007 ], [ -111.972250585009007, 40.696633100739895 ], [ -111.972018583408016, 40.696633101421 ], [ -111.971941584313996, 40.696634101924687 ], [ -111.971794584001003, 40.696634100562498 ], [ -111.971354584682999, 40.69663410124361 ], [ -111.971208585092995, 40.696635101747212 ], [ -111.970561585187994, 40.696635102428303 ], [ -111.969254584959003, 40.69663710207351 ], [ -111.968624583872995, 40.696638101214994 ], [ -111.967978582895, 40.696639102399701 ], [ -111.967891584653017, 40.696639103080692 ], [ -111.967631582565005, 40.696639102399701 ], [ -111.967551583097006, 40.696640101541092 ], [ -111.967545270635995, 40.696640112438409 ], [ -111.966886583649, 40.696641102725806 ], [ -111.965233582015998, 40.696646103200301 ], [ -111.964911582699003, 40.696646102519203 ], [ -111.964640582537996, 40.696646102519196 ], [ -111.964253583822, 40.696647103703796 ], [ -111.964034583539004, 40.696647103022698 ], [ -111.963381582886996, 40.696649101305397 ], [ -111.963163582429004, 40.696650102489912 ], [ -111.963034582557995, 40.6966501018088 ], [ -111.962648583667004, 40.696651102993293 ], [ -111.962520581823, 40.69665210281569 ], [ -111.962423581739003, 40.696652101453509 ], [ -111.962136581684007, 40.6966521021346 ], [ -111.962040583221011, 40.6966531033191 ], [ -111.962007581812003, 40.696653101275892 ], [ -111.961908582977003, 40.69665310195699 ], [ -111.961875583365, 40.69665310263801 ], [ -111.961549582052996, 40.696653101956997 ], [ -111.960574581185995, 40.696655102282598 ], [ -111.960249582394994, 40.696656102104903 ], [ -111.960036581061004, 40.696656101423891 ], [ -111.959400581026003, 40.69665610210491 ], [ -111.959188582213002, 40.696657102608306 ], [ -111.958951581487995, 40.696657102608306 ], [ -111.958241582732001, 40.696660102756091 ], [ -111.958005739935018, 40.69666110257829 ], [ -111.958005580934, 40.696661103259402 ], [ -111.957747581191001, 40.696725102747102 ], [ -111.957677581769005, 40.696725103428193 ], [ -111.956669580392003, 40.69672810289179 ], [ -111.956334581554003, 40.696730103215295 ], [ -111.956228581248993, 40.696730101853085 ], [ -111.955914581429994, 40.696731103717504 ], [ -111.955809582745999, 40.6967321035387 ], [ -111.955284581243006, 40.69673410249991 ], [ -111.954978580920994, 40.696735103002005 ], [ -111.954232580383007, 40.696738103146302 ], [ -111.953622580287998, 40.696741102609408 ], [ -111.953562580014008, 40.696741103290499 ], [ -111.953528582372996, 40.696741102609401 ], [ -111.953348580652005, 40.696742103792602 ], [ -111.953319580338999, 40.696742103111497 ], [ -111.953185581343007, 40.696743102932501 ], [ -111.953072581365006, 40.696743103613585 ], [ -111.952734579460014, 40.696744103434483 ], [ -111.952622590985001, 40.6967451039366 ], [ -111.952617405010997, 40.696676485399699 ], [ -111.952614287857003, 40.696635314243601 ], [ -111.952610789817001, 40.6965891582485 ], [ -111.952602013277001, 40.696473252202999 ] ] ], [ [ [ -112.050143755720995, 40.685446296651996 ], [ -112.047989203105999, 40.685262033162083 ], [ -112.047187319272993, 40.685206752857795 ], [ -112.046490734160997, 40.685157616890294 ], [ -112.045956148531999, 40.685182185559704 ], [ -112.045397260778998, 40.685176043222896 ], [ -112.044749272727003, 40.685126906551602 ], [ -112.043942460736005, 40.685031624916 ], [ -112.043923093059007, 40.687159917735592 ], [ -112.043937710445007, 40.689648184194603 ], [ -112.042689004588993, 40.689624754691494 ], [ -112.042528303172006, 40.689640477668796 ], [ -112.042035835055003, 40.68973481409239 ], [ -112.041491526959021, 40.689758397496192 ], [ -112.040397725692998, 40.689742675227791 ], [ -112.039941544124005, 40.68966013019319 ], [ -112.039340214568, 40.689660130874294 ], [ -112.037095590573998, 40.689652269729088 ], [ -112.035130897792016, 40.6896679913376 ], [ -112.034342949524003, 40.68967192293109 ], [ -112.034363683538999, 40.688575250681701 ], [ -112.033772721440016, 40.688598835177096 ], [ -112.033560181840002, 40.68854773588059 ], [ -112.033285435704002, 40.688488774581209 ], [ -112.033041793734014, 40.688461257700993 ], [ -112.031123755855006, 40.688465190046884 ], [ -112.028708064783999, 40.688473051332203 ], [ -112.028324456308994, 40.688480913978893 ], [ -112.027857907283007, 40.688465188684603 ], [ -112.027463933148994, 40.68840622799339 ], [ -112.027132164654006, 40.688288305092108 ], [ -112.026686349643001, 40.688115350671993 ], [ -112.025955421039001, 40.687851988542896 ], [ -112.025768801428001, 40.687820542421889 ], [ -112.025442217109998, 40.687789094242383 ], [ -112.024885731452997, 40.687795422297391 ], [ -112.024795596293998, 40.687796446093593 ], [ -112.024795593598995, 40.687796095291802 ], [ -112.024793593949013, 40.687610095865111 ], [ -112.024790592678002, 40.687125096064499 ], [ -112.024790592678002, 40.68705309648 ], [ -112.024789592852997, 40.686868096311009 ], [ -112.024787594100999, 40.686706095660405 ], [ -112.024784593728, 40.686220096794884 ], [ -112.024783593902995, 40.686059097275098 ], [ -112.024781595152007, 40.685824096486591 ], [ -112.024776594231, 40.685119095961191 ], [ -112.024775594405995, 40.684885095944296 ], [ -112.024774592783999, 40.684778095974309 ], [ -112.024771592411014, 40.684558096177497 ], [ -112.024771593310007, 40.684457096396095 ], [ -112.024771593310007, 40.68435009642009 ], [ -112.024767594010015, 40.683896095127395 ], [ -112.024757593963997, 40.682537096639102 ], [ -112.024754593590998, 40.682084094618702 ], [ -112.024844728749997, 40.68208385891419 ], [ -112.025134593532997, 40.6820830959402 ], [ -112.025253829615011, 40.682082786663209 ], [ -112.027480653492006, 40.682079071251991 ], [ -112.030282104502007, 40.68207432718809 ], [ -112.031432526581, 40.682069128064192 ], [ -112.034337802178001, 40.682065735553884 ], [ -112.036523271210996, 40.6820596160916 ], [ -112.037183575165997, 40.682058191645808 ], [ -112.038695835946001, 40.682053628105507 ], [ -112.040068430258998, 40.682050290773809 ], [ -112.043094847264996, 40.682041385771996 ], [ -112.043312956419001, 40.682040743374685 ], [ -112.043914125176997, 40.682038973546291 ], [ -112.046119806305001, 40.682035219302797 ], [ -112.047523194866002, 40.6820324215022 ], [ -112.048249761251, 40.682030295391698 ], [ -112.052166523688001, 40.682023536253489 ], [ -112.055010000582001, 40.682017385450891 ], [ -112.058189001829007, 40.682010668547598 ], [ -112.058770177682007, 40.682009432119607 ], [ -112.058860314637002, 40.682009398058199 ], [ -112.059020141993997, 40.682009229113802 ], [ -112.059150600730007, 40.682009092868206 ], [ -112.059799600285018, 40.682008092826194 ], [ -112.060765601829004, 40.682006092742 ], [ -112.061224600515004, 40.682005092018599 ], [ -112.062603600713999, 40.682001092531308 ], [ -112.063063602819, 40.682001092531308 ], [ -112.063063884889999, 40.682069711875691 ], [ -112.063065602468001, 40.682486093515799 ], [ -112.063066601394993, 40.682667093457908 ], [ -112.063068666622002, 40.68303415262951 ], [ -112.063065922269018, 40.683034160804091 ], [ -112.063072136814, 40.6844958452292 ], [ -112.063083195074995, 40.687098449163493 ], [ -112.061240510576994, 40.686914241329795 ], [ -112.060236133003997, 40.686736122729691 ], [ -112.059393751320997, 40.68664399317209 ], [ -112.058413673176005, 40.686613283518291 ], [ -112.057692786838999, 40.686594858264193 ], [ -112.056656011525007, 40.68650887004469 ], [ -112.055068444975007, 40.686293898329296 ], [ -112.053605418160018, 40.6861614631297 ], [ -112.052865294401002, 40.685968371389286 ], [ -112.051739418787008, 40.685655127446402 ], [ -112.050143755720995, 40.685446296651996 ] ] ], [ [ [ -112.049108731223996, 40.706843755210706 ], [ -112.049106035380007, 40.706646679091293 ], [ -112.049105166708998, 40.706583150837794 ], [ -112.049103220958003, 40.706440834799999 ], [ -112.049101411750996, 40.706308677987003 ], [ -112.049100402044999, 40.706234990553483 ], [ -112.049097656792995, 40.706034286403806 ], [ -112.049097588520993, 40.7060291477137 ], [ -112.049094769608004, 40.705823303556706 ], [ -112.049093902734, 40.705759824229695 ], [ -112.049091956083998, 40.705617459444397 ], [ -112.04909014687702, 40.705485361605398 ], [ -112.049088505655007, 40.705410108349803 ], [ -112.049087797783002, 40.705209081648697 ], [ -112.049087314489, 40.705071844916603 ], [ -112.049086612007002, 40.704872827488302 ], [ -112.049086342511998, 40.704796439003601 ], [ -112.049085837659007, 40.704653248834695 ], [ -112.04908537323, 40.704521964237209 ], [ -112.049085061515001, 40.704433670819206 ], [ -112.049084228775996, 40.704196829393879 ], [ -112.049083914366008, 40.704108538268997 ], [ -112.049083034017002, 40.703858674207289 ], [ -112.049082801352995, 40.703789901599691 ], [ -112.051955793295008, 40.703794533114007 ], [ -112.053513750475005, 40.703785011303296 ], [ -112.053513771137006, 40.703857482449884 ], [ -112.053514855402994, 40.703999419241505 ], [ -112.053517055377, 40.704288231890089 ], [ -112.053518313018998, 40.704452913786206 ], [ -112.053522235962006, 40.704967565240906 ], [ -112.053525160876021, 40.705351190574 ], [ -112.053529176344995, 40.705877926632596 ], [ -112.053531449980994, 40.706175929820589 ], [ -112.053532517180003, 40.706315740421509 ], [ -112.053532571079018, 40.706323044602705 ], [ -112.053534876155993, 40.706625139145402 ], [ -112.053538284363995, 40.707072196294703 ], [ -112.053540578661, 40.707372849914989 ], [ -112.053215640057005, 40.707374041609491 ], [ -112.053104160927006, 40.707374453595293 ], [ -112.052741680828007, 40.707374952745106 ], [ -112.052678558010001, 40.707375039908996 ], [ -112.052678566094997, 40.707376010288691 ], [ -112.052443016148999, 40.707376873756509 ], [ -112.052350338758018, 40.707377212878697 ], [ -112.052140044048002, 40.707377983734709 ], [ -112.051863751911, 40.707378993610497 ], [ -112.051751945793995, 40.707379529532503 ], [ -112.051438104078002, 40.707381033110309 ], [ -112.051430383956998, 40.707381069201602 ], [ -112.051167600685019, 40.707382326268899 ], [ -112.051079828094998, 40.707382747107189 ], [ -112.050897095495003, 40.707383620108395 ], [ -112.050626593, 40.707384914628896 ], [ -112.050522883398997, 40.707385410373696 ], [ -112.050356089607007, 40.707386092703793 ], [ -112.050085584417019, 40.707387201319882 ], [ -112.049815082820018, 40.707388308574103 ], [ -112.049426972888, 40.707389895229795 ], [ -112.049203328315002, 40.70739080976989 ], [ -112.04911621958, 40.7073911652353 ], [ -112.049114251371009, 40.707247091979902 ], [ -112.049112418807994, 40.707113222082 ], [ -112.049108922564997, 40.706857621195496 ], [ -112.049108731223996, 40.706843755210706 ] ] ], [ [ [ -111.921957576479016, 40.722512107577003 ], [ -111.920995578725993, 40.721625107953493 ], [ -111.920355576697006, 40.72103510862879 ], [ -111.92036057672, 40.72083410799231 ], [ -111.92037157659, 40.720424107813301 ], [ -111.920457576803997, 40.7201861093274 ], [ -111.920867577780996, 40.719063108532787 ], [ -111.920972577363003, 40.718278107794191 ], [ -111.921060576328003, 40.717622107932293 ], [ -111.921066576176003, 40.717572109386197 ], [ -111.921072576024002, 40.717534108314403 ], [ -111.921117577128001, 40.717433108818398 ], [ -111.921138576146006, 40.717388107685792 ], [ -111.921316576421006, 40.716997107745591 ], [ -111.921692576165015, 40.716723107449894 ], [ -111.922061576236004, 40.716456108149409 ], [ -111.923584576375021, 40.715813107435991 ], [ -111.923901577465998, 40.715330107765006 ], [ -111.923964577215003, 40.715234107408591 ], [ -111.924051576356007, 40.715103107855199 ], [ -111.92407657647, 40.714665108079501 ], [ -111.924087576340995, 40.714481107196107 ], [ -111.924099576935006, 40.714275107365197 ], [ -111.924099896735001, 40.71427489083969 ], [ -111.924099893141999, 40.714275111450604 ], [ -111.924618576792994, 40.714281107435397 ], [ -111.924757577609, 40.714280107196814 ], [ -111.924890576780001, 40.714280107877698 ], [ -111.925706576739998, 40.714280107877691 ], [ -111.925979576551001, 40.714280107196792 ], [ -111.926135576186994, 40.714280107877691 ], [ -111.926375578182999, 40.714279106958095 ], [ -111.927565578235999, 40.714279106277303 ], [ -111.927962578795004, 40.714279107639001 ], [ -111.928096577790996, 40.714279106277296 ], [ -111.928382577123003, 40.714279107639001 ], [ -111.929643578219995, 40.714279106277303 ], [ -111.930064578168995, 40.714279106277303 ], [ -111.930460578004002, 40.714278107400403 ], [ -111.931651578781, 40.714278106038599 ], [ -111.932048579338996, 40.71427810671949 ], [ -111.932445578100996, 40.714277106480793 ], [ -111.933638577628997, 40.714277106480793 ], [ -111.934036578911005, 40.714277107161692 ], [ -111.934269578539016, 40.714276107603901 ], [ -111.934970577973004, 40.714276106923009 ], [ -111.935204578324999, 40.714276106242096 ], [ -111.935411579809994, 40.714275106684291 ], [ -111.936035581048003, 40.714275106684298 ], [ -111.936243578765001, 40.714275106684283 ], [ -111.936791580733001, 40.714275106684298 ], [ -111.938438578924007, 40.7142751053225 ], [ -111.938987579818999, 40.714275106684298 ], [ -111.938987605870011, 40.7142833421414 ], [ -111.938991951021009, 40.715178880569383 ], [ -111.938992882574013, 40.716083325788809 ], [ -111.938993771905999, 40.716993147806498 ], [ -111.938990541563996, 40.717857095285908 ], [ -111.938989706130997, 40.718051699389989 ], [ -111.938988527540999, 40.71847329552179 ], [ -111.938983620044993, 40.719199679838098 ], [ -111.938982633695005, 40.719632814434398 ], [ -111.938982058772993, 40.719884425578897 ], [ -111.938981579970999, 40.7199961064467 ], [ -111.938980581044007, 40.720456107722192 ], [ -111.938979581219002, 40.720811106126192 ], [ -111.938971580824003, 40.722732107993707 ], [ -111.938968581349002, 40.722856108106086 ], [ -111.938968582247014, 40.723170107116182 ], [ -111.938968581349002, 40.723936106257099 ], [ -111.938971580824003, 40.724010107011793 ], [ -111.938970169569998, 40.724104654145606 ], [ -111.938970169569998, 40.724104690908597 ], [ -111.938970167774002, 40.724104739245298 ], [ -111.938969582072005, 40.724144107690698 ], [ -111.938969579377002, 40.724188872785383 ], [ -111.938969580275, 40.724197107696909 ], [ -111.938764580235997, 40.724199108556888 ], [ -111.938153582111994, 40.724208107320301 ], [ -111.937949581000012, 40.724212107678099 ], [ -111.936719581660995, 40.724232107420804 ], [ -111.935007580478015, 40.724261107956202 ], [ -111.933242580488994, 40.724299107910902 ], [ -111.933029580054011, 40.724302107494303 ], [ -111.931950579430008, 40.724320109076899 ], [ -111.931800579642001, 40.724322107890892 ], [ -111.931645578933001, 40.724323107978591 ], [ -111.931183578976004, 40.72432810841709 ], [ -111.931029578990007, 40.724330107230806 ], [ -111.930880579027004, 40.724332107405999 ], [ -111.930498579436005, 40.724343107687993 ], [ -111.930281579701003, 40.724347107356891 ], [ -111.928690578890993, 40.724377107929094 ], [ -111.928039580583999, 40.724385107943299 ], [ -111.927292578424996, 40.724395108129812 ], [ -111.926874577950002, 40.724401107287896 ], [ -111.926675579554995, 40.724413107644807 ], [ -111.926303578212995, 40.724438109118999 ], [ -111.924824578453993, 40.724456109303198 ], [ -111.924584578254994, 40.72446010760369 ], [ -111.924496578391015, 40.724461107008601 ], [ -111.924419578398002, 40.724462107774997 ], [ -111.924341577682, 40.724463109222192 ], [ -111.924207577787996, 40.724463109222206 ], [ -111.924193578442996, 40.7244381084382 ], [ -111.923973578334, 40.7242491075719 ], [ -111.923402576800996, 40.723757109013107 ], [ -111.921957576479016, 40.722512107577003 ] ] ] ] } },
{ "type": "Feature", "properties": { "district": "3" }, "geometry": { "type": "MultiPolygon", "coordinates": [ [ [ [ -112.015218592370999, 40.682066095922892 ], [ -112.015429590462006, 40.682066095922885 ], [ -112.016064590672002, 40.682067095964094 ], [ -112.016276591281994, 40.682068096005402 ], [ -112.016598590599003, 40.682068097367804 ], [ -112.017566591792999, 40.682070097450108 ], [ -112.017889590934999, 40.68207109544759 ], [ -112.018308591234003, 40.682072096851101 ], [ -112.019566592857004, 40.68207509629319 ], [ -112.019986592980999, 40.682076095653088 ], [ -112.020286591659001, 40.682076096334285 ], [ -112.020990592364001, 40.682076096334292 ], [ -112.021186593080003, 40.682076097015504 ], [ -112.021487593379007, 40.682077097056585 ], [ -112.021683594096004, 40.682077096375394 ], [ -112.022271593552006, 40.682078096416411 ], [ -112.022467592471997, 40.682079095776196 ], [ -112.022924593305007, 40.682080096498389 ], [ -112.024296592932998, 40.682083096621405 ], [ -112.024664453042007, 40.682083898425304 ], [ -112.024754593590998, 40.682084094618702 ], [ -112.024757593963997, 40.682537096639102 ], [ -112.024767594010015, 40.683896095127395 ], [ -112.024771593310007, 40.68435009642009 ], [ -112.024771593310007, 40.684457096396095 ], [ -112.024771592411014, 40.684558096177497 ], [ -112.024774592783999, 40.684778095974309 ], [ -112.024775594405995, 40.684885095944296 ], [ -112.024776594231, 40.685119095961191 ], [ -112.024781595152007, 40.685824096486591 ], [ -112.024783593902995, 40.686059097275098 ], [ -112.024784593728, 40.686220096794884 ], [ -112.024787594100999, 40.686706095660405 ], [ -112.024789592852997, 40.686868096311009 ], [ -112.024790592678002, 40.68705309648 ], [ -112.024790592678002, 40.687125096064499 ], [ -112.024793593949013, 40.687610095865111 ], [ -112.024795593598995, 40.687796095291802 ], [ -112.024795596293998, 40.687796446093593 ], [ -112.024885731452997, 40.687795422297391 ], [ -112.025442217109998, 40.687789094242383 ], [ -112.025768801428001, 40.687820542421889 ], [ -112.025955421039001, 40.687851988542896 ], [ -112.026686349643001, 40.688115350671993 ], [ -112.027132164654006, 40.688288305092108 ], [ -112.027463933148994, 40.68840622799339 ], [ -112.027857907283007, 40.688465188684603 ], [ -112.028324456308994, 40.688480913978893 ], [ -112.028708064783999, 40.688473051332203 ], [ -112.031123755855006, 40.688465190046884 ], [ -112.033041793734014, 40.688461257700993 ], [ -112.033285435704002, 40.688488774581209 ], [ -112.033560181840002, 40.68854773588059 ], [ -112.033772721440016, 40.688598835177096 ], [ -112.034363683538999, 40.688575250681701 ], [ -112.034342949524003, 40.68967192293109 ], [ -112.035130897792016, 40.6896679913376 ], [ -112.037095590573998, 40.689652269729088 ], [ -112.039340214568, 40.689660130874294 ], [ -112.039941544124005, 40.68966013019319 ], [ -112.040397725692998, 40.689742675227791 ], [ -112.041491526959021, 40.689758397496192 ], [ -112.042035835055003, 40.68973481409239 ], [ -112.042528303172006, 40.689640477668796 ], [ -112.042689004588993, 40.689624754691494 ], [ -112.043937710445007, 40.689648184194603 ], [ -112.043923093059007, 40.687159917735592 ], [ -112.043942460736005, 40.685031624916 ], [ -112.044749272727003, 40.685126906551602 ], [ -112.045397260778998, 40.685176043222896 ], [ -112.045956148531999, 40.685182185559704 ], [ -112.046490734160997, 40.685157616890294 ], [ -112.047187319272993, 40.685206752857795 ], [ -112.047989203105999, 40.685262033162083 ], [ -112.050143755720995, 40.685446296651996 ], [ -112.051739418787008, 40.685655127446402 ], [ -112.052865294401002, 40.685968371389286 ], [ -112.053605418160018, 40.6861614631297 ], [ -112.055068444975007, 40.686293898329296 ], [ -112.056656011525007, 40.68650887004469 ], [ -112.057692786838999, 40.686594858264193 ], [ -112.058413673176005, 40.686613283518291 ], [ -112.059393751320997, 40.68664399317209 ], [ -112.060236133003997, 40.686736122729691 ], [ -112.061240510576994, 40.686914241329795 ], [ -112.063083195074995, 40.687098449163493 ], [ -112.063083293890003, 40.68712056965461 ], [ -112.063092344416006, 40.689249722813997 ], [ -112.063091699425996, 40.690216092883993 ], [ -112.063092601334006, 40.690216092883993 ], [ -112.063091601509001, 40.690623092700797 ], [ -112.063090601685019, 40.691847094628308 ], [ -112.063090602583017, 40.692255095269296 ], [ -112.063090602583017, 40.692284093386696 ], [ -112.063090602583017, 40.692284478220998 ], [ -112.063090602583017, 40.692371094474595 ], [ -112.063090601685019, 40.692401094471009 ], [ -112.063089602757998, 40.693219093709999 ], [ -112.063087604006, 40.695676094024208 ], [ -112.063087604006, 40.696495094425906 ], [ -112.062997452678019, 40.696495797300003 ], [ -112.059330143411998, 40.6965031298014 ], [ -112.056760628424996, 40.696507756373599 ], [ -112.055617313816995, 40.696510093156895 ], [ -112.053642580565011, 40.69651428451899 ], [ -112.053567392473994, 40.696514441848301 ], [ -112.053451414581005, 40.696514549458897 ], [ -112.051528135930994, 40.696517717158592 ], [ -112.050596644066999, 40.696518955360709 ], [ -112.050593109196001, 40.696519027555091 ], [ -112.04916575807502, 40.696521151160191 ], [ -112.048747363239997, 40.696521337094794 ], [ -112.048646168920996, 40.696521382046008 ], [ -112.047673285383993, 40.696523943584893 ], [ -112.043939099240006, 40.696529813806301 ], [ -112.041260683288002, 40.696535099661304 ], [ -112.039962284427006, 40.696535966674986 ], [ -112.038704213635, 40.696538283705905 ], [ -112.037702908300005, 40.696540122619304 ], [ -112.037694614155001, 40.696540160759703 ], [ -112.035993840116006, 40.696542825140902 ], [ -112.034404276610005, 40.696544466541297 ], [ -112.029630923837999, 40.696552954147101 ], [ -112.028429614893, 40.6965546302823 ], [ -112.027318245274998, 40.696556439227798 ], [ -112.024946750417001, 40.696560129313006 ], [ -112.024856596392993, 40.69656026961519 ], [ -112.024856596392993, 40.696560097983401 ], [ -112.02476643967502, 40.696560224663997 ], [ -112.024142595642999, 40.696561097126001 ], [ -112.022000594288997, 40.696564097278092 ], [ -112.02128659443602, 40.696565097782894 ], [ -112.020939595903002, 40.696565097782887 ], [ -112.020247593994995, 40.696565097101804 ], [ -112.020101594406, 40.6965650984639 ], [ -112.020031594084998, 40.696565098463907 ], [ -112.019898594015999, 40.696566098287597 ], [ -112.019552593510994, 40.69656709811121 ], [ -112.019105595419006, 40.696567098792187 ], [ -112.018748595044002, 40.696567098111188 ], [ -112.018295594408997, 40.696567098792194 ], [ -112.017765593781007, 40.696569097758399 ], [ -112.017734593818986, 40.696569099120495 ], [ -112.017319592819007, 40.696570098944093 ], [ -112.016914593660999, 40.696570098263102 ], [ -112.015700593318016, 40.696570098263116 ], [ -112.015636592845993, 40.696570098263102 ], [ -112.015296679325999, 40.696571097405503 ], [ -112.015296593087001, 40.696571098767691 ], [ -112.015117592986996, 40.696571098086601 ], [ -112.014908592750018, 40.696571098086594 ], [ -112.013748592834006, 40.69657309773369 ], [ -112.013361591423006, 40.696574098238301 ], [ -112.012871594570996, 40.69657409755721 ], [ -112.011404591813005, 40.696576097885298 ], [ -112.010915592092005, 40.6965770990709 ], [ -112.010630591685995, 40.696577097708797 ], [ -112.010185592346005, 40.696577098389902 ], [ -112.009776591193997, 40.696577099751998 ], [ -112.009492592410012, 40.696578098894399 ], [ -112.008885591788996, 40.69657809957549 ], [ -112.008797591925997, 40.696578098213294 ], [ -112.006713590298006, 40.696582098869094 ], [ -112.006019590536994, 40.696583099373598 ], [ -112.005962590636003, 40.696583098692507 ], [ -112.005791592728002, 40.696583098692493 ], [ -112.005735731889999, 40.696583100735793 ], [ -112.005735730094003, 40.696582517732502 ], [ -112.005735530668005, 40.696509554423109 ], [ -112.005735523480993, 40.6965069499756 ], [ -112.005732550057999, 40.695418020477298 ], [ -112.005729530820005, 40.694913098928701 ], [ -112.005605592057009, 40.694913098247604 ], [ -112.005236591088007, 40.694914099458195 ], [ -112.005114591787006, 40.694915099306591 ], [ -112.005114590888994, 40.695007099599792 ], [ -112.005116590539004, 40.695283099035997 ], [ -112.005117591262007, 40.695375100183092 ], [ -112.005239591461006, 40.695374098979393 ], [ -112.005588112637994, 40.695374098298309 ], [ -112.005588125214018, 40.69537883732901 ], [ -112.005588323742003, 40.695461179806493 ], [ -112.005588620186003, 40.695581949225001 ], [ -112.005590557852003, 40.695912057179001 ], [ -112.005590931550998, 40.696028879578101 ], [ -112.005046592015006, 40.695944098836492 ], [ -112.003063590669996, 40.695616099010202 ], [ -112.001728589953004, 40.69536009983451 ], [ -112.001453589592998, 40.695296099035509 ], [ -112.000797590366005, 40.695069098941005 ], [ -111.999721995255001, 40.694766813040701 ], [ -111.998793901718003, 40.694505971387493 ], [ -111.998757813698006, 40.694495827085909 ], [ -111.998757670865999, 40.694443541066804 ], [ -111.998744798906003, 40.694440011604087 ], [ -111.998743954489001, 40.694439780029903 ], [ -111.998654375388014, 40.6944152147734 ], [ -111.998506809136003, 40.694374747159593 ], [ -111.998440720979005, 40.694356622373896 ], [ -111.998244512751, 40.694314229930995 ], [ -111.997984335492006, 40.694258015171108 ], [ -111.997724159130996, 40.694201799682617 ], [ -111.997463980974004, 40.694145583465691 ], [ -111.997220420751006, 40.694092956619698 ], [ -111.996815265286003, 40.694005413577294 ], [ -111.996712560001995, 40.694132641816502 ], [ -111.996672689175995, 40.694151062943206 ], [ -111.996619076822, 40.69415114603779 ], [ -111.996302816840995, 40.694151624853596 ], [ -111.996180806761004, 40.694151489995114 ], [ -111.996180738489002, 40.694151489995107 ], [ -111.996181392462006, 40.694316174476597 ], [ -111.996184212274002, 40.695024073839903 ], [ -111.996184442243006, 40.695098731975314 ], [ -111.996185645086996, 40.695492366232202 ], [ -111.996185786121998, 40.695547261361909 ], [ -111.996186176888997, 40.695694381911999 ], [ -111.996188590662996, 40.696598100127986 ], [ -111.995715589037999, 40.696598099446888 ], [ -111.994296589553997, 40.696599099951101 ], [ -111.993824587754006, 40.696600099774301 ], [ -111.993600589245005, 40.696599100632191 ], [ -111.99293058977301, 40.696598100128 ], [ -111.992707589291996, 40.696598100128 ], [ -111.992578588523003, 40.696599099951094 ], [ -111.992414588491002, 40.696600099774301 ], [ -111.992193589455994, 40.696603099924602 ], [ -111.992065587612998, 40.696605100932892 ], [ -111.991996589812999, 40.696605100251794 ], [ -111.991791589773001, 40.696605100251801 ], [ -111.991723588205005, 40.696605100251801 ], [ -111.991671589225007, 40.696605100251794 ], [ -111.991516589414005, 40.696605100251801 ], [ -111.991465589360004, 40.696605100251801 ], [ -111.991396588865015, 40.696605100251794 ], [ -111.991240589228994, 40.696605100932899 ], [ -111.990566587762999, 40.696607101259993 ], [ -111.990342588356, 40.696608100401996 ], [ -111.989601587840994, 40.696608101764106 ], [ -111.988201917406997, 40.696609997205094 ], [ -111.987381588465993, 40.696611099870893 ], [ -111.986641587774997, 40.696613100878999 ], [ -111.986641157481998, 40.696613100197901 ], [ -111.985456586846993, 40.696613100197894 ], [ -111.981902585680999, 40.696617100170506 ], [ -111.981070586726005, 40.696617100851583 ], [ -111.980971586094014, 40.696618100674492 ], [ -111.980718586373996, 40.696622101327897 ], [ -111.980442587088021, 40.696622102008995 ], [ -111.979614587431996, 40.696623101150699 ], [ -111.979339587073, 40.696624100973487 ], [ -111.978889586810993, 40.696624100973501 ], [ -111.978012586752001, 40.696624100292397 ], [ -111.977543586223987, 40.696624102335583 ], [ -111.977120584828015, 40.696625101477295 ], [ -111.977094584887993, 40.696625101477295 ], [ -111.977092585237997, 40.695883101505707 ], [ -111.977088584141995, 40.693660100647996 ], [ -111.977087584317005, 40.692919100226092 ], [ -111.976400585126996, 40.692919101588394 ], [ -111.974341584512004, 40.692923101782796 ], [ -111.973655583351018, 40.692925100858297 ], [ -111.973562584362995, 40.692925101539402 ], [ -111.973283584702997, 40.692925100177199 ], [ -111.973191583743997, 40.692926100736599 ], [ -111.973136583492007, 40.69292610141769 ], [ -111.972813585248019, 40.692926100055395 ], [ -111.972676584083004, 40.692926101417704 ], [ -111.972471583144994, 40.692926100736592 ], [ -111.972227585442994, 40.692926101417697 ], [ -111.971704584487, 40.692928101174196 ], [ -111.971495583351995, 40.692928101174203 ], [ -111.971251582953997, 40.692928100492992 ], [ -111.971101584064996, 40.692928101174203 ], [ -111.970653584350998, 40.692928100492999 ], [ -111.97050458438801, 40.6929291010524 ], [ -111.968928583646999, 40.692932102049198 ], [ -111.968354583537007, 40.692933101246204 ], [ -111.967968582848997, 40.692934101124401 ], [ -111.967540581430001, 40.692936100880601 ], [ -111.967538581780005, 40.692116101792202 ], [ -111.967538583576996, 40.69202009998309 ], [ -111.967538583576996, 40.691974100855091 ], [ -111.967538583576996, 40.691292101856 ], [ -111.967538582678998, 40.689766101283702 ], [ -111.967537582854007, 40.689689100150602 ], [ -111.967537581955, 40.6894611007761 ], [ -111.967537582854007, 40.689385969053298 ], [ -111.967627726996, 40.689386378425695 ], [ -111.968572813964002, 40.689390675814607 ], [ -111.971902649533007, 40.6893751285156 ], [ -111.975986209355, 40.689365799453391 ], [ -111.977108978594003, 40.689366856601907 ], [ -111.978109433224006, 40.689367789780597 ], [ -111.978479487019001, 40.689355849859894 ], [ -111.978907281825002, 40.689373759399601 ], [ -111.980678817956004, 40.689361818798794 ], [ -111.981033126979, 40.689337939634299 ], [ -111.981641976332, 40.689358126952605 ], [ -111.982384755512001, 40.689355609413099 ], [ -111.983557490844007, 40.689351632163692 ], [ -111.983557406401999, 40.689312083074391 ], [ -111.985006622517005, 40.689300129520696 ], [ -111.986627803127007, 40.689295722460308 ], [ -111.986621248120997, 40.68804615992309 ], [ -111.986618400460998, 40.686567888271391 ], [ -111.986615536632016, 40.685330112368803 ], [ -111.987057234663993, 40.685327318112492 ], [ -111.987382888328, 40.685332160717998 ], [ -111.987529752097004, 40.685356371015494 ], [ -111.987657457495999, 40.685399948983701 ], [ -111.987766011711997, 40.68547257841341 ], [ -111.987925644133995, 40.685675942575209 ], [ -111.988098048804019, 40.685985830212402 ], [ -111.988264067348993, 40.686160140949397 ], [ -111.988468398143993, 40.686252138345004 ], [ -111.988679114164, 40.686295715046398 ], [ -111.989477284361996, 40.686276347627107 ], [ -111.989796551902018, 40.686223086513706 ], [ -111.990792666771014, 40.686072985297301 ], [ -111.991450358424999, 40.685898675013597 ], [ -111.992133590080002, 40.685554893624101 ], [ -111.992816822633998, 40.685327318112506 ], [ -111.994253527013996, 40.685346687169989 ], [ -111.996157509851997, 40.685347138120093 ], [ -111.996156510027006, 40.68520413775061 ], [ -111.996155509304003, 40.684778136846298 ], [ -111.996155508406005, 40.684636135939691 ], [ -111.996154507681993, 40.684492138127091 ], [ -111.996152508931004, 40.684063137406497 ], [ -111.996152508931004, 40.68392013632571 ], [ -111.996151507308994, 40.683776136966102 ], [ -111.996150506586019, 40.683347136405395 ], [ -111.996150508382996, 40.683204138556803 ], [ -111.996149509456004, 40.682977136778305 ], [ -111.996147507111004, 40.6822961363413 ], [ -111.996147506213006, 40.6821387167236 ], [ -111.996147507111004, 40.682070098812595 ], [ -111.996147587959996, 40.682070098131305 ], [ -111.996163899568998, 40.682069985047697 ], [ -111.996292587724994, 40.68206909809021 ], [ -111.996726586296006, 40.682069097409006 ], [ -111.996872587683001, 40.682069097408998 ], [ -111.997243587404, 40.682068097367804 ], [ -111.998357587288993, 40.682065097925395 ], [ -111.998729589529987, 40.682065097244191 ], [ -111.998729796142001, 40.682065095881697 ], [ -111.998845588083995, 40.682064097884201 ], [ -111.999196588611994, 40.682063097161688 ], [ -111.999313587889006, 40.682063098524196 ], [ -111.999647588697997, 40.682061097760418 ], [ -112.000648588605998, 40.68205809831769 ], [ -112.000648593098006, 40.682058860610802 ], [ -112.000983957548996, 40.682057937548109 ], [ -112.001809420361994, 40.682056135702503 ], [ -112.001957789708015, 40.68205581280079 ], [ -112.001992031689994, 40.682055743996891 ], [ -112.002294125237995, 40.682055136342292 ], [ -112.002445273972, 40.682054833196297 ], [ -112.003169509228002, 40.68205337468909 ], [ -112.003595530759995, 40.682052373285195 ], [ -112.00461028387501, 40.682049668813498 ], [ -112.004610279383002, 40.682048619042398 ], [ -112.005184589412011, 40.682047097862117 ], [ -112.005688589203018, 40.682047097862103 ], [ -112.005688775153999, 40.682047097180899 ], [ -112.005964590285004, 40.682047096499602 ], [ -112.006795589415006, 40.6820490972638 ], [ -112.007072590323006, 40.682050096624096 ], [ -112.007635590563012, 40.6820510973468 ], [ -112.009327590756996, 40.682054096789798 ], [ -112.00989258974802, 40.682055097512389 ], [ -112.009904591240002, 40.682055097512389 ], [ -112.009941591049994, 40.682055097512396 ], [ -112.009954591468997, 40.682055097512396 ], [ -112.010215591584995, 40.682055096831093 ], [ -112.011001590508997, 40.682056097553698 ], [ -112.011263591347998, 40.682057097595091 ], [ -112.011359591607004, 40.682057097595091 ], [ -112.011650589165995, 40.682058096955203 ], [ -112.011747590148005, 40.682059096996497 ], [ -112.011932590095995, 40.682059096996497 ], [ -112.012488589764999, 40.682060097719102 ], [ -112.012674592232997, 40.682061097760403 ], [ -112.012851591785008, 40.682061097079107 ], [ -112.013384590989006, 40.682061097079092 ], [ -112.013562590366007, 40.682062097120493 ], [ -112.013893590801999, 40.682062096439203 ], [ -112.014886591212004, 40.682065095881704 ], [ -112.01521848906502, 40.682066096604196 ], [ -112.015218592370999, 40.682066095922892 ] ] ], [ [ [ -112.02493059691102, 40.711877099796908 ], [ -112.024933590098001, 40.711086669702304 ], [ -112.027673249594002, 40.711026316779694 ], [ -112.029698283111003, 40.710993821386595 ], [ -112.029700549560999, 40.71106132887639 ], [ -112.030515294574016, 40.711060726933695 ], [ -112.031025813438006, 40.711060344931703 ], [ -112.032477682278, 40.711059252038197 ], [ -112.032477410089001, 40.711061270316293 ], [ -112.032878077570004, 40.711054784452401 ], [ -112.032941019827007, 40.711053764418402 ], [ -112.034264096306998, 40.711048685356495 ], [ -112.034264221173004, 40.711049053739984 ], [ -112.034420566659989, 40.711048494695994 ], [ -112.034420460657998, 40.7110480834138 ], [ -112.034464494277003, 40.71104802757749 ], [ -112.034464496073994, 40.711048337401003 ], [ -112.034547270437017, 40.711047828064792 ], [ -112.035164059999005, 40.711046334783795 ], [ -112.037526630993014, 40.711040586366501 ], [ -112.038708564176005, 40.711037691729693 ], [ -112.039221899257996, 40.71103643200771 ], [ -112.03922451694902, 40.711036423836497 ], [ -112.043867693056995, 40.711021863491396 ], [ -112.043994942111993, 40.711023345197098 ], [ -112.043995539491007, 40.710912877677991 ], [ -112.043984925895998, 40.709853979023897 ], [ -112.04398433211, 40.709794795525902 ], [ -112.043983033146006, 40.709665156693291 ], [ -112.043933414701002, 40.709668857628394 ], [ -112.043953205484996, 40.70741517207999 ], [ -112.044118228697997, 40.707414407353099 ], [ -112.04433913969801, 40.707413382496391 ], [ -112.044853551860015, 40.707410998427903 ], [ -112.044913062553007, 40.707410721955007 ], [ -112.045214227244003, 40.707409325970794 ], [ -112.045574902626996, 40.707407650789698 ], [ -112.045733598106011, 40.707406914663395 ], [ -112.046096075509993, 40.707405229948698 ], [ -112.046367500575002, 40.707404166276802 ], [ -112.046418352407017, 40.707403966072185 ], [ -112.046456617044001, 40.707403789020503 ], [ -112.046817216969004, 40.707402111115407 ], [ -112.046994698017997, 40.707401285101312 ], [ -112.047045526494003, 40.707401049486393 ], [ -112.047177817792004, 40.70740043184837 ], [ -112.047221609763994, 40.707400227558004 ], [ -112.047272462494021, 40.707399991262093 ], [ -112.047538416818995, 40.707398752581305 ], [ -112.047699832397001, 40.70739799943069 ], [ -112.047750680635005, 40.707397762453795 ], [ -112.047899017641996, 40.70739707127121 ], [ -112.048123298221995, 40.707396025304398 ], [ -112.048174150053995, 40.707395786965513 ], [ -112.048259614871, 40.707395189756589 ], [ -112.048644377681001, 40.7073933831483 ], [ -112.04911621958, 40.7073911652353 ], [ -112.049203328315002, 40.70739080976989 ], [ -112.049426972888, 40.707389895229795 ], [ -112.049815082820018, 40.707388308574103 ], [ -112.050085584417019, 40.707387201319882 ], [ -112.050356089607007, 40.707386092703793 ], [ -112.050522883398997, 40.707385410373696 ], [ -112.050626593, 40.707384914628896 ], [ -112.050897095495003, 40.707383620108395 ], [ -112.051079828094998, 40.707382747107189 ], [ -112.051167600685019, 40.707382326268899 ], [ -112.051430383956998, 40.707381069201602 ], [ -112.051438104078002, 40.707381033110309 ], [ -112.051751945793995, 40.707379529532503 ], [ -112.051863751911, 40.707378993610497 ], [ -112.052140044048002, 40.707377983734709 ], [ -112.052350338758018, 40.707377212878697 ], [ -112.052443016148999, 40.707376873756509 ], [ -112.052678566094997, 40.707376010288691 ], [ -112.052678558010001, 40.707375039908996 ], [ -112.052741680828007, 40.707374952745106 ], [ -112.053104160927006, 40.707374453595293 ], [ -112.053215640057005, 40.707374041609491 ], [ -112.053540578661, 40.707372849914989 ], [ -112.053538284363995, 40.707072196294703 ], [ -112.053534876155993, 40.706625139145402 ], [ -112.053532571079018, 40.706323044602705 ], [ -112.053532517180003, 40.706315740421509 ], [ -112.053531449980994, 40.706175929820589 ], [ -112.053529176344995, 40.705877926632596 ], [ -112.053525160876021, 40.705351190574 ], [ -112.053522235962006, 40.704967565240906 ], [ -112.053518313018998, 40.704452913786206 ], [ -112.053517055377, 40.704288231890089 ], [ -112.053514855402994, 40.703999419241505 ], [ -112.053513771137006, 40.703857482449884 ], [ -112.053513750475005, 40.703785011303296 ], [ -112.054005025630005, 40.703782003985296 ], [ -112.056533517253001, 40.703775738057992 ], [ -112.060615457411998, 40.7037882685499 ], [ -112.063116547725002, 40.703753446715801 ], [ -112.063142344645001, 40.70874918561919 ], [ -112.063142407526996, 40.7087611649644 ], [ -112.063154006573996, 40.71100750606049 ], [ -112.063201118718993, 40.71857051606311 ], [ -112.063202402412003, 40.718776417496699 ], [ -112.063202829111006, 40.718845051393295 ], [ -112.063200606679004, 40.718845097010409 ], [ -112.063205606701999, 40.719701096814383 ], [ -112.063206606527004, 40.719736096859997 ], [ -112.063217606397998, 40.722270097700608 ], [ -112.063222607319005, 40.72312709849961 ], [ -112.063222607319005, 40.72318209884461 ], [ -112.063232605568004, 40.723620097048205 ], [ -112.063254608004002, 40.724569099153101 ], [ -112.063266607700001, 40.7250990986959 ], [ -112.063278608293999, 40.7255920982955 ], [ -112.059115605960002, 40.725578097332587 ], [ -112.053667604934006, 40.725561099563308 ], [ -112.046628603996993, 40.725588100062993 ], [ -112.044095603729005, 40.725599099456609 ], [ -112.04246860203601, 40.725665099183693 ], [ -112.041061601349, 40.725721100221186 ], [ -112.038013600522007, 40.72584509953041 ], [ -112.037607601540003, 40.725861100566405 ], [ -112.037149602678994, 40.725727100621285 ], [ -112.036861601002016, 40.725732099592797 ], [ -112.035454603009995, 40.725761100155395 ], [ -112.035365601525001, 40.725768100617891 ], [ -112.03489960137, 40.725791099409392 ], [ -112.033633601147983, 40.725851100600195 ], [ -112.033234600940006, 40.725853100729701 ], [ -112.032679601096007, 40.725858101053198 ], [ -112.031618600016017, 40.725866100208584 ], [ -112.031428600045018, 40.725866100208606 ], [ -112.027677600134993, 40.725877101598499 ], [ -112.026427599807008, 40.725882100558799 ], [ -112.026123600033003, 40.725883099942301 ], [ -112.025938599187, 40.725884101368102 ], [ -112.025212598739998, 40.725891101137009 ], [ -112.024909598791993, 40.725894100648603 ], [ -112.024819504955005, 40.725884746746594 ], [ -112.024552137580997, 40.725856983894502 ], [ -112.010381802370006, 40.725896269610004 ], [ -112.005818888037993, 40.725908927329598 ], [ -111.995798617624999, 40.725890061587585 ], [ -111.994369933404002, 40.725890368618906 ], [ -111.993091544516005, 40.725890645695898 ], [ -111.986717133395999, 40.725892020869196 ], [ -111.986355267744997, 40.725892083500895 ], [ -111.983464059766007, 40.725892535538001 ], [ -111.982216510940006, 40.725892732963885 ], [ -111.978612894025005, 40.726012876028904 ], [ -111.977191653245001, 40.726127403152184 ], [ -111.977122327559002, 40.726132988922899 ], [ -111.971236495748997, 40.726689332055223 ], [ -111.969438890508997, 40.726798602473295 ], [ -111.967855186714004, 40.726789503986893 ], [ -111.967635611508996, 40.7267882397976 ], [ -111.967509907556007, 40.726783048928397 ], [ -111.965715756338, 40.726644815762398 ], [ -111.963944279496005, 40.726388120285201 ], [ -111.962188273440006, 40.726072687082905 ], [ -111.961302476179995, 40.725944306708499 ], [ -111.960405345772998, 40.725875140954997 ], [ -111.959759225319004, 40.725862308949509 ], [ -111.958087694137021, 40.725868866894999 ], [ -111.958087322233993, 40.725813974971892 ], [ -111.956993604511013, 40.72581824073719 ], [ -111.956675724868006, 40.725817618504607 ], [ -111.954875032117997, 40.725743704176402 ], [ -111.953089670016993, 40.725550646151 ], [ -111.952941218925005, 40.725529103470301 ], [ -111.945041751421996, 40.724359645551203 ], [ -111.943263797726004, 40.724157132692902 ], [ -111.941469414742997, 40.724073255773398 ], [ -111.940616768910019, 40.724075164048699 ], [ -111.939186699486001, 40.72410085189339 ], [ -111.938970167774002, 40.724104739245298 ], [ -111.938970169569998, 40.724104690908597 ], [ -111.938970169569998, 40.724104654145606 ], [ -111.938971580824003, 40.724010107011793 ], [ -111.938968581349002, 40.723936106257099 ], [ -111.938968582247014, 40.723170107116182 ], [ -111.938968581349002, 40.722856108106086 ], [ -111.938971580824003, 40.722732107993707 ], [ -111.938979581219002, 40.720811106126192 ], [ -111.938980581044007, 40.720456107722192 ], [ -111.938981579970999, 40.7199961064467 ], [ -111.938982058772993, 40.719884425578897 ], [ -111.938982633695005, 40.719632814434398 ], [ -111.938983620044993, 40.719199679838098 ], [ -111.938988527540999, 40.71847329552179 ], [ -111.938989706130997, 40.718051699389989 ], [ -111.938990541563996, 40.717857095285908 ], [ -111.938993771905999, 40.716993147806498 ], [ -111.938992882574013, 40.716083325788809 ], [ -111.938991951021009, 40.715178880569383 ], [ -111.938987605870011, 40.7142833421414 ], [ -111.938987579818999, 40.714275106684298 ], [ -111.938986579095996, 40.714104106499207 ], [ -111.938985578371998, 40.713593106530098 ], [ -111.938985579271005, 40.713423106206683 ], [ -111.938984578546993, 40.713251106302785 ], [ -111.938981579073001, 40.712737107172707 ], [ -111.938981579073001, 40.712566105761098 ], [ -111.938980579247996, 40.712395105272201 ], [ -111.938978579598, 40.711885106079784 ], [ -111.938978578700002, 40.711715105480984 ], [ -111.938973580473004, 40.711605106223985 ], [ -111.938958579505993, 40.711275105320098 ], [ -111.938954578410005, 40.711166106983598 ], [ -111.938953578585, 40.711074105175193 ], [ -111.938953578585, 40.710798106477611 ], [ -111.938953578585, 40.710707107176795 ], [ -111.938952578760009, 40.710531106567494 ], [ -111.938952578759995, 40.710003105353003 ], [ -111.938952580557, 40.709827106287591 ], [ -111.938951579833997, 40.709650105767892 ], [ -111.938950579110994, 40.709123106055301 ], [ -111.938950580009006, 40.708947106025889 ], [ -111.938949579286003, 40.708770105890906 ], [ -111.938948579460998, 40.708239106067992 ], [ -111.938948580358996, 40.70806310574509 ], [ -111.938947577839002, 40.707799106091088 ], [ -111.938946578913004, 40.707614105642804 ], [ -111.938946578913004, 40.70754610572429 ], [ -111.938946578013997, 40.707009104269183 ], [ -111.938946579811017, 40.706746106236402 ], [ -111.938945578189006, 40.706538104917904 ], [ -111.938944579262994, 40.705915105600795 ], [ -111.938944579262994, 40.7057081061402 ], [ -111.938943578540005, 40.705356104590003 ], [ -111.938941578889995, 40.704300104439803 ], [ -111.938941578889995, 40.703948105662995 ], [ -111.938941575295999, 40.703947449856798 ], [ -111.938938580313007, 40.7034331051454 ], [ -111.938938577618003, 40.7032181056288 ], [ -111.938929578295998, 40.701030104705701 ], [ -111.938927576848997, 40.700301105147602 ], [ -111.938925577199996, 40.6999511052137 ], [ -111.938921578798002, 40.698902104382505 ], [ -111.938920578074999, 40.698553105064391 ], [ -111.938918577527005, 40.698167104532203 ], [ -111.938913576605998, 40.697011104814592 ], [ -111.938912576780993, 40.696626104024396 ], [ -111.938912576780993, 40.696625582999602 ], [ -111.938911577854, 40.696175104121906 ], [ -111.938909577306006, 40.69482210448539 ], [ -111.938909576408008, 40.694371103268303 ], [ -111.938908576583003, 40.694172102906791 ], [ -111.938908576583003, 40.693575103704809 ], [ -111.938908578378999, 40.693377104242799 ], [ -111.938906576932993, 40.69292110475061 ], [ -111.938906576034995, 40.692820104702385 ], [ -111.938906576034995, 40.692767104238101 ], [ -111.938905576210004, 40.692543104714794 ], [ -111.938904576384999, 40.691708103024595 ], [ -111.938903576559994, 40.691024104213803 ], [ -111.938903577458007, 40.690937102729507 ], [ -111.938903577458007, 40.690328104824992 ], [ -111.938903574763003, 40.690327805803399 ], [ -111.938902576735018, 40.690125102243094 ], [ -111.938902578531994, 40.689518103587801 ], [ -111.938902576735018, 40.689316142745696 ], [ -111.938913395146002, 40.68931633551189 ], [ -111.939583874318004, 40.6893281439772 ], [ -111.940265019186995, 40.689426354553007 ], [ -111.941192924977003, 40.689421503390001 ], [ -111.943503088257003, 40.689426355915401 ], [ -111.945109321798995, 40.689416650864395 ], [ -111.946773151724003, 40.689426355915401 ], [ -111.948373432130012, 40.689405808288399 ], [ -111.948463578968003, 40.689405808288399 ], [ -111.948463578968003, 40.689825101640608 ], [ -111.948465579515997, 40.691088102986292 ], [ -111.948466580239, 40.691509102882897 ], [ -111.948466578441995, 40.691526103216106 ], [ -111.948466578441995, 40.691577103508195 ], [ -111.948466578441995, 40.691594102461693 ], [ -111.948465578617018, 40.691620101854397 ], [ -111.94846557771902, 40.691698103377391 ], [ -111.948465578617018, 40.691725102625902 ], [ -111.948465579515997, 40.691854102062706 ], [ -111.948465579515997, 40.692243102738395 ], [ -111.948466580239, 40.692373103783389 ], [ -111.948466579341002, 40.692490104030192 ], [ -111.948466578441995, 40.6928411035381 ], [ -111.948467578267, 40.692959103522092 ], [ -111.948463578968003, 40.693099103289697 ], [ -111.948454579645002, 40.693522103160007 ], [ -111.948451578374019, 40.69366310365519 ], [ -111.948450580344996, 40.693744103065583 ], [ -111.948450578549, 40.693990103017491 ], [ -111.948450579446998, 40.694072103253696 ], [ -111.948448578899004, 40.694204103172702 ], [ -111.948443577977997, 40.694603102963299 ], [ -111.948442579051004, 40.694736103043702 ], [ -111.948442578153006, 40.694821103954503 ], [ -111.948442579051004, 40.695078103685091 ], [ -111.948442579051004, 40.695164103323201 ], [ -111.948442578153006, 40.695261103169905 ], [ -111.948442578153006, 40.695554104264602 ], [ -111.948443578875995, 40.69565210269969 ], [ -111.948446579248994, 40.695932102883091 ], [ -111.948448578899004, 40.6960981029031 ], [ -111.948432579903994, 40.696168103271702 ], [ -111.948392579721002, 40.696227104089601 ], [ -111.948326579598998, 40.696271103349595 ], [ -111.948232579887005, 40.696297104322696 ], [ -111.948063578933997, 40.696311102589704 ], [ -111.947875578612994, 40.696313103606798 ], [ -111.947663578901, 40.696316104451107 ], [ -111.947595579129, 40.696320103079501 ], [ -111.947472578206998, 40.696326103405298 ], [ -111.947445579340993, 40.69632810374079 ], [ -111.94734457905902, 40.696357102128907 ], [ -111.947283579857995, 40.696395103708198 ], [ -111.947240578404006, 40.6964531031376 ], [ -111.947224578510003, 40.696541102692095 ], [ -111.947224578510003, 40.696664103407002 ], [ -111.947224835428003, 40.696664216465898 ], [ -111.947299578853006, 40.696697104340892 ], [ -111.947450578466004, 40.696764104618296 ], [ -111.947534579030005, 40.696764103937205 ], [ -111.947618579594007, 40.696764103937191 ], [ -111.947801578994003, 40.696756103328184 ], [ -111.948350578990002, 40.696761103112983 ], [ -111.948534580011, 40.696761103794096 ], [ -111.948785580979006, 40.696760104654494 ], [ -111.949541579766006, 40.696756103328191 ], [ -111.949793579661005, 40.696756102647093 ], [ -111.950232579154004, 40.696754104367699 ], [ -111.951550579254004, 40.696749103220206 ], [ -111.951990581267012, 40.696748102718203 ], [ -111.95208757865602, 40.696748102037205 ], [ -111.952116580765008, 40.696747102897291 ], [ -111.95221358085, 40.696747103578417 ], [ -111.952495580882001, 40.696745103255488 ], [ -111.952622590985001, 40.6967451039366 ], [ -111.952734579460014, 40.696744103434483 ], [ -111.953072581365006, 40.696743103613585 ], [ -111.953185581343007, 40.696743102932501 ], [ -111.953319580338999, 40.696742103111497 ], [ -111.953348580652005, 40.696742103792602 ], [ -111.953528582372996, 40.696741102609401 ], [ -111.953562580014008, 40.696741103290499 ], [ -111.953622580287998, 40.696741102609408 ], [ -111.954232580383007, 40.696738103146302 ], [ -111.954978580920994, 40.696735103002005 ], [ -111.955284581243006, 40.69673410249991 ], [ -111.955809582745999, 40.6967321035387 ], [ -111.955914581429994, 40.696731103717504 ], [ -111.956228581248993, 40.696730101853085 ], [ -111.956334581554003, 40.696730103215295 ], [ -111.956669580392003, 40.69672810289179 ], [ -111.957677581769005, 40.696725103428193 ], [ -111.957747581191001, 40.696725102747102 ], [ -111.958005580934, 40.696661103259402 ], [ -111.958005739935018, 40.69666110257829 ], [ -111.958241582732001, 40.696660102756091 ], [ -111.958951581487995, 40.696657102608306 ], [ -111.959188582213002, 40.696657102608306 ], [ -111.959400581026003, 40.69665610210491 ], [ -111.960036581061004, 40.696656101423891 ], [ -111.960249582394994, 40.696656102104903 ], [ -111.960574581185995, 40.696655102282598 ], [ -111.961549582052996, 40.696653101956997 ], [ -111.961875583365, 40.69665310263801 ], [ -111.961908582977003, 40.69665310195699 ], [ -111.962007581812003, 40.696653101275892 ], [ -111.962040583221011, 40.6966531033191 ], [ -111.962136581684007, 40.6966521021346 ], [ -111.962423581739003, 40.696652101453509 ], [ -111.962520581823, 40.69665210281569 ], [ -111.962648583667004, 40.696651102993293 ], [ -111.963034582557995, 40.6966501018088 ], [ -111.963163582429004, 40.696650102489912 ], [ -111.963381582886996, 40.696649101305397 ], [ -111.964034583539004, 40.696647103022698 ], [ -111.964253583822, 40.696647103703796 ], [ -111.964640582537996, 40.696646102519196 ], [ -111.964911582699003, 40.696646102519203 ], [ -111.965233582015998, 40.696646103200301 ], [ -111.966886583649, 40.696641102725806 ], [ -111.967545270635995, 40.696640112438409 ], [ -111.967551583097006, 40.696640101541092 ], [ -111.967631582565005, 40.696639102399701 ], [ -111.967891584653017, 40.696639103080692 ], [ -111.967978582895, 40.696639102399701 ], [ -111.968624583872995, 40.696638101214994 ], [ -111.969254584959003, 40.69663710207351 ], [ -111.970561585187994, 40.696635102428303 ], [ -111.971208585092995, 40.696635101747212 ], [ -111.971354584682999, 40.69663410124361 ], [ -111.971794584001003, 40.696634100562498 ], [ -111.971941584313996, 40.696634101924687 ], [ -111.972018583408016, 40.696633101421 ], [ -111.972250585009007, 40.696633100739895 ], [ -111.972328583928004, 40.696633101421007 ], [ -111.972569585749, 40.696632100917206 ], [ -111.973293585646999, 40.696631101094596 ], [ -111.973535586395002, 40.69663110109461 ], [ -111.974246584976001, 40.696629101449297 ], [ -111.974462584885998, 40.696629100768199 ], [ -111.976382586482003, 40.696626101300097 ], [ -111.977094364801005, 40.696625101477302 ], [ -111.977094501344993, 40.696693719385983 ], [ -111.977108989374003, 40.703927330973201 ], [ -111.977118093799007, 40.703927310543101 ], [ -111.980113907898001, 40.703920821260397 ], [ -111.981959785008996, 40.703940347672983 ], [ -111.983625369343002, 40.703914313589898 ], [ -111.986887851926994, 40.7039012968851 ], [ -111.991566939985987, 40.703901296204108 ], [ -111.996243162417997, 40.70388602945971 ], [ -111.997476140569006, 40.703883748777507 ], [ -111.997476136976005, 40.703882781751901 ], [ -111.998366590204995, 40.703881101034092 ], [ -111.998898590482995, 40.703881101034099 ], [ -111.999206592250999, 40.7038791002444 ], [ -112.000130591266981, 40.703877101497596 ], [ -112.000439591063994, 40.703877100135692 ], [ -112.000652590601007, 40.703876099740704 ], [ -112.000888591500001, 40.703876099740697 ], [ -112.000908591591994, 40.707568100257802 ], [ -112.001421593399996, 40.707570100936692 ], [ -112.002244591234998, 40.707573099911997 ], [ -112.002997592344002, 40.707576100930197 ], [ -112.003342591226996, 40.707578100927897 ], [ -112.003983593081998, 40.707581099902789 ], [ -112.004340592559004, 40.707582100923005 ], [ -112.005320593448005, 40.707587099895292 ], [ -112.005414593159003, 40.707589099892608 ], [ -112.005772592461014, 40.707598100220508 ], [ -112.005787920415003, 40.707722497606298 ], [ -112.005815593017019, 40.707947100495794 ], [ -112.005899592682994, 40.708346100368708 ], [ -112.006010593010998, 40.708744100934005 ], [ -112.006044594244997, 40.708799100224503 ], [ -112.006225593096005, 40.709091100017808 ], [ -112.006571593600995, 40.709320100622683 ], [ -112.006736594355999, 40.709448099725591 ], [ -112.006960592864999, 40.70959510037089 ], [ -112.007197595386003, 40.709735099905402 ], [ -112.00767159234401, 40.709990100733307 ], [ -112.007988593435002, 40.710204100559601 ], [ -112.008255594296998, 40.710415100170003 ], [ -112.008530593757996, 40.710714101051501 ], [ -112.008739593097999, 40.711030100031799 ], [ -112.008808594491001, 40.711172101205598 ], [ -112.008877594088005, 40.711312101510103 ], [ -112.008973593448999, 40.711704101069394 ], [ -112.009005595033003, 40.712026100391292 ], [ -112.009003593586996, 40.712156100281099 ], [ -112.008870594415001, 40.71217810146301 ], [ -112.008782592754997, 40.712227101066993 ], [ -112.008727594299998, 40.712287100866597 ], [ -112.008677593173005, 40.712383100024901 ], [ -112.008533594132004, 40.712313100354415 ], [ -112.008372594473002, 40.712303101757293 ], [ -112.008097593214998, 40.712344101170792 ], [ -112.007877593106997, 40.712384101653797 ], [ -112.007574594057004, 40.712371099541897 ], [ -112.006933593100996, 40.712246100737104 ], [ -112.006371593584007, 40.712124101829808 ], [ -112.005986593619994, 40.712062099977679 ], [ -112.005711593260003, 40.712051101070792 ], [ -112.005835592211, 40.714142101358007 ], [ -112.006361594436996, 40.71429210120769 ], [ -112.0072345934, 40.714523100737196 ], [ -112.007674593616002, 40.714600101083199 ], [ -112.008749594939999, 40.714540101325298 ], [ -112.009211594896996, 40.714480101513402 ], [ -112.009355594837004, 40.714442101400202 ], [ -112.009500593704004, 40.714442100038397 ], [ -112.009922596172999, 40.714459099966312 ], [ -112.010986594932007, 40.714503100800798 ], [ -112.011845594549001, 40.714553100290196 ], [ -112.012439594751015, 40.714579100935801 ], [ -112.014223595006001, 40.714659099873195 ], [ -112.014818596829997, 40.714686100710097 ], [ -112.015583595837995, 40.714725100234993 ], [ -112.016485595112997, 40.714763100867508 ], [ -112.016603596910002, 40.71476709975019 ], [ -112.017755596430007, 40.714808100370099 ], [ -112.018867595768, 40.714973101463301 ], [ -112.019420596860002, 40.715068099926498 ], [ -112.019956597336019, 40.715160099620697 ], [ -112.020454597278004, 40.715188100479303 ], [ -112.021486598045996, 40.715232100831997 ], [ -112.021935596686006, 40.715227100390997 ], [ -112.022526597413005, 40.715221099725191 ], [ -112.023442597829998, 40.715090100146199 ], [ -112.023711597444006, 40.715048100153794 ], [ -112.023841596241994, 40.715027100147708 ], [ -112.023861597231999, 40.715024099465403 ], [ -112.023983598328996, 40.714964099408697 ], [ -112.024113598024996, 40.714964099408682 ], [ -112.024222597804993, 40.714975099196195 ], [ -112.024354598947994, 40.714989099665893 ], [ -112.024467598027996, 40.715000098768307 ], [ -112.024806598859996, 40.715035099242996 ], [ -112.024830440147014, 40.715037609003204 ], [ -112.024920596865996, 40.715047099926693 ], [ -112.024922597414005, 40.714254099625407 ], [ -112.024926595815003, 40.712900099261503 ], [ -112.02493059691102, 40.711877099796908 ] ] ] ] } },
{ "type": "Feature", "properties": { "district": "4" }, "geometry": { "type": "MultiPolygon", "coordinates": [ [ [ [ -112.024675589457019, 40.664935093869502 ], [ -112.024674590529997, 40.664515094729694 ], [ -112.024672590880002, 40.663669094108293 ], [ -112.024669591405996, 40.663364093432989 ], [ -112.024667591756, 40.663104094448286 ], [ -112.024667591756, 40.662981093802316 ], [ -112.024665591208006, 40.662758093310202 ], [ -112.024664590485003, 40.662597094364699 ], [ -112.024655590264004, 40.661445094371992 ], [ -112.024653591512006, 40.661062092581005 ], [ -112.024707649430994, 40.66106139819189 ], [ -112.025353591121004, 40.661053093462492 ], [ -112.025592590597, 40.661052094468999 ], [ -112.025751590606006, 40.661031093795195 ], [ -112.025901589495007, 40.660990092785099 ], [ -112.025961299613996, 40.660955405316599 ], [ -112.026006590874005, 40.6609290934462 ], [ -112.026243589801993, 40.66070609358961 ], [ -112.026401589985994, 40.6605370935929 ], [ -112.026470591378995, 40.660409093878997 ], [ -112.02650558974301, 40.66027409406891 ], [ -112.026521590534998, 40.6601200937653 ], [ -112.026517591235006, 40.659635093623407 ], [ -112.026524590009998, 40.659124092889201 ], [ -112.026616590071001, 40.659124092889208 ], [ -112.027110590714003, 40.659121094458996 ], [ -112.027094590819999, 40.657308092790899 ], [ -112.027091591345993, 40.656875093334705 ], [ -112.027127590432002, 40.656379092169296 ], [ -112.026981589944, 40.656352094277992 ], [ -112.026831591054005, 40.656339092134409 ], [ -112.026679591616997, 40.656331092805999 ], [ -112.026368590374005, 40.656334092724684 ], [ -112.026365590001021, 40.655949092071296 ], [ -112.026422590801005, 40.655665091859397 ], [ -112.026501591341997, 40.655451093363091 ], [ -112.026513591037002, 40.655403092650708 ], [ -112.025933589282005, 40.6553950925287 ], [ -112.025334589058005, 40.655388092846998 ], [ -112.025330590655997, 40.654866093486604 ], [ -112.026530589857003, 40.654865093718882 ], [ -112.026530589857003, 40.654999092442409 ], [ -112.027296589588005, 40.654994092250696 ], [ -112.027295590662021, 40.654096092779191 ], [ -112.026560589095993, 40.654096092779191 ], [ -112.026550590846995, 40.654524092325794 ], [ -112.025797589738005, 40.654526092552892 ], [ -112.024622675992006, 40.654530873333897 ], [ -112.024568588427996, 40.65453109209809 ], [ -112.024609639640019, 40.653342327227598 ], [ -112.024619583092004, 40.653054320829398 ], [ -112.024619589379995, 40.653054093882091 ], [ -112.024619573210998, 40.653052752644001 ], [ -112.024673629332995, 40.6530523410039 ], [ -112.024709667047006, 40.653052067031389 ], [ -112.024835797700007, 40.653051106083403 ], [ -112.024921751201006, 40.653050452502498 ], [ -112.02549458979, 40.653046093478402 ], [ -112.025713589174003, 40.653045095046494 ], [ -112.025713599954003, 40.653044596171206 ], [ -112.025714190146999, 40.653044591400594 ], [ -112.027018583466003, 40.653059346382797 ], [ -112.027018588855995, 40.653059090811503 ], [ -112.027026494029997, 40.65305917600201 ], [ -112.027299590859997, 40.65306209224029 ], [ -112.027490589756994, 40.653065091624391 ], [ -112.030053591959003, 40.653065092305894 ], [ -112.030114567804006, 40.653069623754206 ], [ -112.030141781367007, 40.653064810836803 ], [ -112.031428526382996, 40.653064874218501 ], [ -112.032709348807003, 40.653070106954104 ], [ -112.033742287416004, 40.653073540468192 ], [ -112.034250776088001, 40.653077271807597 ], [ -112.035506742126998, 40.653086479866495 ], [ -112.035985132746021, 40.653095109311096 ], [ -112.035985199221003, 40.653086942620696 ], [ -112.037690513346007, 40.65309513111989 ], [ -112.039086512365003, 40.653101130566398 ], [ -112.040246514078007, 40.653107130012501 ], [ -112.040420513257004, 40.653108131851099 ], [ -112.040945513861999, 40.653111131914592 ], [ -112.041121511791999, 40.653112129663995 ], [ -112.041168513445001, 40.653112131027108 ], [ -112.041309514808006, 40.6531121310271 ], [ -112.041356513764995, 40.653113130139488 ], [ -112.041855514431006, 40.653115130408899 ], [ -112.043352514630996, 40.65312212896599 ], [ -112.043675514671008, 40.653124129916691 ], [ -112.043699514961006, 40.653124130598208 ], [ -112.044159614980998, 40.653129015071109 ], [ -112.044170585207993, 40.653129132293003 ], [ -112.043852593275005, 40.654422092249895 ], [ -112.043852593275005, 40.656621092038883 ], [ -112.043852595071996, 40.657321092019806 ], [ -112.043852593275005, 40.658313090966793 ], [ -112.043853594897001, 40.659611092732298 ], [ -112.043853593997994, 40.659644091570208 ], [ -112.043853593099996, 40.659744092450602 ], [ -112.043853594897001, 40.659778091598199 ], [ -112.043853595794999, 40.660595092200488 ], [ -112.043853594897001, 40.662987092359792 ], [ -112.043853594897001, 40.663046093252291 ], [ -112.043853595794999, 40.663864092301203 ], [ -112.043853594897001, 40.664595093147398 ], [ -112.043853595794999, 40.666791092715698 ], [ -112.043854596518003, 40.667523091720895 ], [ -112.042627594858004, 40.667527092758206 ], [ -112.042133594215997, 40.667529093276897 ], [ -112.038946594370003, 40.667539093143517 ], [ -112.037720592534995, 40.667543093498509 ], [ -112.037029594044995, 40.66754509401661 ], [ -112.036378593042997, 40.6675460942756 ], [ -112.034958594632997, 40.667551094889191 ], [ -112.034268593272998, 40.667554092259103 ], [ -112.033667592499995, 40.667555093199397 ], [ -112.033285592908996, 40.6675550938808 ], [ -112.032611593238997, 40.667557094398497 ], [ -112.031320593801993, 40.667561093389693 ], [ -112.026342591333005, 40.667578093017603 ], [ -112.024773707943993, 40.667583768871381 ], [ -112.024683590750996, 40.667584093887299 ], [ -112.024682558587003, 40.66722634585669 ], [ -112.024680766448, 40.6666064703535 ], [ -112.024676591078006, 40.665161094100007 ], [ -112.024675589457019, 40.664935093869502 ] ] ], [ [ [ -112.016565589189995, 40.66758109515591 ], [ -112.017056589459997, 40.667581095155889 ], [ -112.018530590094002, 40.66758109515591 ], [ -112.019022589290003, 40.667582095414403 ], [ -112.019203589938996, 40.667582094733 ], [ -112.019749591358007, 40.667582094051703 ], [ -112.019931590035, 40.66758309431021 ], [ -112.020602589331006, 40.667583095672917 ], [ -112.022618591186998, 40.66758309567291 ], [ -112.023290450171004, 40.667584094568618 ], [ -112.023290590307994, 40.667584095250007 ], [ -112.02356859014202, 40.667584094568603 ], [ -112.024060434828002, 40.667584095931396 ], [ -112.024404591990006, 40.667584094568603 ], [ -112.024593475355005, 40.667584093205903 ], [ -112.024683590750996, 40.667584093887299 ], [ -112.024683592548001, 40.667723094236599 ], [ -112.024685591299018, 40.668140094909091 ], [ -112.024686592921, 40.668279094780893 ], [ -112.024687588253997, 40.668467857261803 ], [ -112.024687590949, 40.66846809437709 ], [ -112.024689592396001, 40.668854095241102 ], [ -112.024691591147004, 40.669396094021096 ], [ -112.024700593163999, 40.671022095271105 ], [ -112.024703592639, 40.671565094343201 ], [ -112.024704591566007, 40.671876092745002 ], [ -112.024708593560007, 40.67281209477639 ], [ -112.024710590514999, 40.673124095031795 ], [ -112.024710591414006, 40.673228094111217 ], [ -112.024710591414006, 40.67326909577379 ], [ -112.024712592859998, 40.673543094971293 ], [ -112.024713590887998, 40.673648095608591 ], [ -112.024717591086002, 40.674494096364398 ], [ -112.024718614267016, 40.674800459157183 ], [ -112.024719592533017, 40.675094095936394 ], [ -112.024722592006995, 40.675897095770203 ], [ -112.024724593453982, 40.676297095615695 ], [ -112.024726592204999, 40.6765950962331 ], [ -112.024730592403003, 40.677200095862894 ], [ -112.024729593477005, 40.677381094489206 ], [ -112.024729592577998, 40.677925096379496 ], [ -112.024729594375017, 40.678107095863098 ], [ -112.024730592403003, 40.678285095139501 ], [ -112.024733591878018, 40.6788200963382 ], [ -112.024735594223003, 40.678999096523 ], [ -112.024737592075994, 40.679349096839204 ], [ -112.024744593544995, 40.680399096299197 ], [ -112.024747593019995, 40.680750096138098 ], [ -112.024747593917994, 40.680876095524603 ], [ -112.024749592670005, 40.681257096502705 ], [ -112.024749916961994, 40.681298353459297 ], [ -112.024659691072998, 40.68128704087281 ], [ -112.023935720818997, 40.681196268979299 ], [ -112.023473081261002, 40.681134955678793 ], [ -112.023145191691, 40.681022549517799 ], [ -112.022848744054002, 40.680920363110914 ], [ -112.022480428498994, 40.680746644292697 ], [ -112.021968382498997, 40.680511613872902 ], [ -112.021595576265995, 40.68033789398951 ], [ -112.021384471275994, 40.680256143219403 ], [ -112.021092511622001, 40.680167579204195 ], [ -112.020575973148013, 40.680055172093084 ], [ -112.019942653686002, 40.679915515520797 ], [ -112.019641714472002, 40.679833764913894 ], [ -112.019232975628, 40.679728169067801 ], [ -112.018809077713996, 40.67960000521699 ], [ -112.018542384973998, 40.679514848639194 ], [ -112.018247622575998, 40.679435012545603 ], [ -112.017461585923002, 40.679339210469507 ], [ -112.016401839788998, 40.679184861103899 ], [ -112.015728096139, 40.679115670621201 ], [ -112.015336487268996, 40.67908136454669 ], [ -112.014959534412995, 40.678996903552417 ], [ -112.014274164767002, 40.678587587972203 ], [ -112.013306080030006, 40.6782042561114 ], [ -112.012603576816019, 40.678009341407197 ], [ -112.012089550929005, 40.677820922727491 ], [ -112.011455581985004, 40.677703973028407 ], [ -112.010675975473006, 40.677522051471989 ], [ -112.01023048655, 40.677327134773094 ], [ -112.009784994933, 40.677184195543703 ], [ -112.009348073243004, 40.677080239424292 ], [ -112.008996821188006, 40.6769567917476 ], [ -112.008499927970007, 40.676521471312398 ], [ -112.008148675014994, 40.67632655236941 ], [ -112.00769461886, 40.676131632856396 ], [ -112.007034949116004, 40.675663822337597 ], [ -112.006281045199984, 40.675150524438699 ], [ -112.005655647083003, 40.674767174858388 ], [ -112.004886316398995, 40.674516631183799 ], [ -112.004299640160994, 40.674204749860394 ], [ -112.003718447240999, 40.673946927001104 ], [ -112.003581372412995, 40.673855441318594 ], [ -112.003433334546003, 40.673647519217695 ], [ -112.003241430147, 40.673485337907501 ], [ -112.002956315654998, 40.673331474393208 ], [ -112.001963900947004, 40.6727700769816 ], [ -112.001536230108002, 40.672441553613503 ], [ -112.001278531300997, 40.672325115692693 ], [ -112.000127110294997, 40.671979954779609 ], [ -111.999831032764007, 40.671863514008699 ], [ -111.999496572018018, 40.671688854515104 ], [ -111.999277254629007, 40.671564096188405 ], [ -111.998986655923005, 40.671401911854495 ], [ -111.998761856117014, 40.671297946037591 ], [ -111.998471260105021, 40.671164869882404 ], [ -111.998191628930016, 40.671090015961497 ], [ -111.997791371979005, 40.6710234770282 ], [ -111.997413048294007, 40.670923670207301 ], [ -111.997248560477004, 40.670857132470793 ], [ -111.997089554179993, 40.670782276841699 ], [ -111.997042499526998, 40.670756432842104 ], [ -111.996761773306005, 40.67105853127191 ], [ -111.996627792276001, 40.671275322919207 ], [ -111.99599806697401, 40.671241448866198 ], [ -111.995877482520001, 40.671251612378398 ], [ -111.995707771, 40.6713058093477 ], [ -111.995734565947998, 40.672277978100105 ], [ -111.995613980596005, 40.67229830276311 ], [ -111.995252225437994, 40.672271204346593 ], [ -111.994921733447995, 40.672244106600495 ], [ -111.994653766897002, 40.6722373314809 ], [ -111.994470656106998, 40.672230557041992 ], [ -111.994283077993998, 40.672230554998009 ], [ -111.994216087029997, 40.672254267234592 ], [ -111.994198222234004, 40.672332175597802 ], [ -111.994198223132003, 40.672742040576196 ], [ -111.994196545977005, 40.673749967496008 ], [ -111.994189289386995, 40.67431373032791 ], [ -111.993916856412, 40.674317117782401 ], [ -111.993617626692995, 40.674395023735201 ], [ -111.993470244595017, 40.674384862746003 ], [ -111.993282669178001, 40.67437131294119 ], [ -111.993077226268994, 40.6743713122599 ], [ -111.992836056463005, 40.674384862064699 ], [ -111.992157206789003, 40.674415347752799 ], [ -111.991956230303998, 40.674496639673606 ], [ -111.991581078569993, 40.674733743381701 ], [ -111.991451559471997, 40.674811650210394 ], [ -111.991183593819002, 40.674842135022089 ], [ -111.990160851987, 40.674838746913103 ], [ -111.987945659497001, 40.67483874827559 ], [ -111.986606398968988, 40.674838843657703 ], [ -111.986605371295994, 40.673483960970508 ], [ -111.986605202413017, 40.672673203826506 ], [ -111.986605347939999, 40.671926836904596 ], [ -111.986605396448994, 40.671640828695082 ], [ -111.986589115382998, 40.667717307330804 ], [ -111.986591163542016, 40.667570287184795 ], [ -111.986591161744997, 40.667570104576207 ], [ -111.986591583055002, 40.667570097762493 ], [ -111.986605601264998, 40.667571044873895 ], [ -111.986829226075002, 40.667586152321 ], [ -111.987844510993, 40.667654740850999 ], [ -111.987864320640995, 40.667656079070099 ], [ -111.988341792282995, 40.667688331230302 ], [ -111.988378985230995, 40.667690844818608 ], [ -111.988435962674004, 40.667694691855417 ], [ -111.988545584985999, 40.667702097707298 ], [ -111.989204914268996, 40.667716127191696 ], [ -111.989255825388994, 40.667717210575695 ], [ -111.989720584970996, 40.667727097306098 ], [ -111.989903583473009, 40.66772509679339 ], [ -111.99045258436702, 40.667719096617894 ], [ -111.990636584490005, 40.667718096361398 ], [ -111.991033584150003, 40.667718097042801 ], [ -111.9922275853, 40.667719097299297 ], [ -111.992625585683001, 40.667720096874298 ], [ -111.992887585624004, 40.667720097555701 ], [ -111.993675585096, 40.667721096449299 ], [ -111.993938583963995, 40.667722097387106 ], [ -111.994118585685001, 40.667722096024399 ], [ -111.994660584211999, 40.667723096280703 ], [ -111.994841584859998, 40.667724097218397 ], [ -111.995158585053005, 40.667724096537107 ], [ -111.996111584382007, 40.66772509679339 ], [ -111.996429587093985, 40.667726097731098 ], [ -111.996900585475004, 40.667726096368398 ], [ -111.998185586861993, 40.667728095518314 ], [ -111.998310586534998, 40.667745095784895 ], [ -111.998418587388997, 40.667777095794193 ], [ -111.998484585713996, 40.667801095791091 ], [ -111.998537587214003, 40.667808095533005 ], [ -111.998776584894003, 40.667808095532997 ], [ -111.999036585184996, 40.667809096469398 ], [ -111.999069584796999, 40.667804095875184 ], [ -111.999084585763995, 40.667803096982801 ], [ -111.999211586884002, 40.667762096728701 ], [ -111.999353587173999, 40.667737096461607 ], [ -111.999445587235002, 40.667731096287113 ], [ -111.999943585381004, 40.667731096968502 ], [ -112.000238586731001, 40.66773209518059 ], [ -112.000782585804998, 40.667734095011689 ], [ -112.002199075397002, 40.667740172181091 ], [ -112.002414587521002, 40.667741096804797 ], [ -112.002959586420999, 40.667744095528903 ], [ -112.003024554378996, 40.667743741896089 ], [ -112.003025015215002, 40.667574904182409 ], [ -112.003069786349997, 40.667574975726808 ], [ -112.003429015446002, 40.667575543312211 ], [ -112.003497653919993, 40.667575651650807 ], [ -112.003788241847005, 40.667576112260413 ], [ -112.003878067087001, 40.6675762546678 ], [ -112.003879587935018, 40.667355096993603 ], [ -112.003880587758999, 40.667259095630996 ], [ -112.004241587434009, 40.667262095739503 ], [ -112.004928586624018, 40.667268095274899 ], [ -112.005324587358004, 40.667259096993696 ], [ -112.005686455703994, 40.667251098293491 ], [ -112.005686587756003, 40.667251096249394 ], [ -112.005974588534002, 40.667267095011709 ], [ -112.005994586829004, 40.667269095537989 ], [ -112.006355490385005, 40.667271998890392 ], [ -112.006367588895003, 40.667272095646197 ], [ -112.006472586680005, 40.667273095909302 ], [ -112.006545588272004, 40.667279096124993 ], [ -112.006620587716995, 40.667286095921696 ], [ -112.006796587444001, 40.6673190950509 ], [ -112.006837587451997, 40.667329094948997 ], [ -112.006926588037999, 40.667352096207907 ], [ -112.007114588359016, 40.667412096225497 ], [ -112.007439588048996, 40.667517095615409 ], [ -112.007590586763996, 40.667566096046301 ], [ -112.00769658706902, 40.667583095672903 ], [ -112.007808587222002, 40.66759109569611 ], [ -112.007838587359004, 40.667590095437703 ], [ -112.010091589040996, 40.667581095837299 ], [ -112.010556587574996, 40.667579095320193 ], [ -112.010842588703994, 40.667579094638903 ], [ -112.010905588452999, 40.6675790953202 ], [ -112.011098587898005, 40.667579094638903 ], [ -112.011162589269006, 40.667579094638896 ], [ -112.011414333144003, 40.667579093957492 ], [ -112.011595588914005, 40.66757909463891 ], [ -112.012894589645995, 40.667579094638903 ], [ -112.013327588392997, 40.667580094897403 ], [ -112.013546589574005, 40.667580094897389 ], [ -112.014044588618006, 40.667581095837299 ], [ -112.014206589, 40.667581095155896 ], [ -112.014426589107998, 40.667581095155903 ], [ -112.014699589817994, 40.667581095155889 ], [ -112.015519589077002, 40.667581094474606 ], [ -112.01579359051, 40.667581094474585 ], [ -112.015947590495998, 40.667581095837299 ], [ -112.016410589380001, 40.667581093793196 ], [ -112.016533587607, 40.667581095155903 ], [ -112.016565589189995, 40.66758109515591 ] ] ], [ [ [ -112.048646168920996, 40.696521382046008 ], [ -112.048747363239997, 40.696521337094794 ], [ -112.04916575807502, 40.696521151160191 ], [ -112.050593109196001, 40.696519027555091 ], [ -112.050596644066999, 40.696518955360709 ], [ -112.051528135930994, 40.696517717158592 ], [ -112.053451414581005, 40.696514549458897 ], [ -112.053567392473994, 40.696514441848301 ], [ -112.053642580565011, 40.69651428451899 ], [ -112.055617313816995, 40.696510093156895 ], [ -112.056760628424996, 40.696507756373599 ], [ -112.059330143411998, 40.6965031298014 ], [ -112.062997452678019, 40.696495797300003 ], [ -112.063087604006, 40.696495094425906 ], [ -112.063088018130003, 40.696495095106997 ], [ -112.063087777381, 40.696563713149693 ], [ -112.063089942321, 40.697105266664202 ], [ -112.063090630431006, 40.697276602680901 ], [ -112.063093319987019, 40.697949000070892 ], [ -112.063096730889995, 40.698801562897899 ], [ -112.063097688493997, 40.699040828307794 ], [ -112.063101236839017, 40.699928267756015 ], [ -112.063116536047005, 40.703751104738593 ], [ -112.063116547725002, 40.703753446715801 ], [ -112.060615457411998, 40.7037882685499 ], [ -112.056533517253001, 40.703775738057992 ], [ -112.054005025630005, 40.703782003985296 ], [ -112.053513750475005, 40.703785011303296 ], [ -112.051955793295008, 40.703794533114007 ], [ -112.049082801352995, 40.703789901599691 ], [ -112.049083034017002, 40.703858674207289 ], [ -112.049083914366008, 40.704108538268997 ], [ -112.049084228775996, 40.704196829393879 ], [ -112.049085061515001, 40.704433670819206 ], [ -112.04908537323, 40.704521964237209 ], [ -112.049085837659007, 40.704653248834695 ], [ -112.049086342511998, 40.704796439003601 ], [ -112.049086612007002, 40.704872827488302 ], [ -112.049087314489, 40.705071844916603 ], [ -112.049087797783002, 40.705209081648697 ], [ -112.049088505655007, 40.705410108349803 ], [ -112.04909014687702, 40.705485361605398 ], [ -112.049091956083998, 40.705617459444397 ], [ -112.049093902734, 40.705759824229695 ], [ -112.049094769608004, 40.705823303556706 ], [ -112.049097588520993, 40.7060291477137 ], [ -112.049097656792995, 40.706034286403806 ], [ -112.049100402044999, 40.706234990553483 ], [ -112.049101411750996, 40.706308677987003 ], [ -112.049103220958003, 40.706440834799999 ], [ -112.049105166708998, 40.706583150837794 ], [ -112.049106035380007, 40.706646679091293 ], [ -112.049108731223996, 40.706843755210706 ], [ -112.049108922564997, 40.706857621195496 ], [ -112.049112418807994, 40.707113222082 ], [ -112.049114251371009, 40.707247091979902 ], [ -112.04911621958, 40.7073911652353 ], [ -112.048644377681001, 40.7073933831483 ], [ -112.048259614871, 40.707395189756589 ], [ -112.048174150053995, 40.707395786965513 ], [ -112.048123298221995, 40.707396025304398 ], [ -112.047899017641996, 40.70739707127121 ], [ -112.047750680635005, 40.707397762453795 ], [ -112.047699832397001, 40.70739799943069 ], [ -112.047538416818995, 40.707398752581305 ], [ -112.047272462494021, 40.707399991262093 ], [ -112.047221609763994, 40.707400227558004 ], [ -112.047177817792004, 40.70740043184837 ], [ -112.047045526494003, 40.707401049486393 ], [ -112.046994698017997, 40.707401285101312 ], [ -112.046817216969004, 40.707402111115407 ], [ -112.046456617044001, 40.707403789020503 ], [ -112.046418352407017, 40.707403966072185 ], [ -112.046367500575002, 40.707404166276802 ], [ -112.046096075509993, 40.707405229948698 ], [ -112.045733598106011, 40.707406914663395 ], [ -112.045574902626996, 40.707407650789698 ], [ -112.045214227244003, 40.707409325970794 ], [ -112.044913062553007, 40.707410721955007 ], [ -112.044853551860015, 40.707410998427903 ], [ -112.04433913969801, 40.707413382496391 ], [ -112.044118228697997, 40.707414407353099 ], [ -112.043953205484996, 40.70741517207999 ], [ -112.043933414701002, 40.709668857628394 ], [ -112.043983033146006, 40.709665156693291 ], [ -112.04398433211, 40.709794795525902 ], [ -112.043984925895998, 40.709853979023897 ], [ -112.043995539491007, 40.710912877677991 ], [ -112.043994942111993, 40.711023345197098 ], [ -112.043867693056995, 40.711021863491396 ], [ -112.03922451694902, 40.711036423836497 ], [ -112.039221899257996, 40.71103643200771 ], [ -112.038708564176005, 40.711037691729693 ], [ -112.037526630993014, 40.711040586366501 ], [ -112.035164059999005, 40.711046334783795 ], [ -112.034547270437017, 40.711047828064792 ], [ -112.034464496073994, 40.711048337401003 ], [ -112.034464494277003, 40.71104802757749 ], [ -112.034420460657998, 40.7110480834138 ], [ -112.034420566659989, 40.711048494695994 ], [ -112.034264221173004, 40.711049053739984 ], [ -112.034264096306998, 40.711048685356495 ], [ -112.032941019827007, 40.711053764418402 ], [ -112.032878077570004, 40.711054784452401 ], [ -112.032477410089001, 40.711061270316293 ], [ -112.032477682278, 40.711059252038197 ], [ -112.031025813438006, 40.711060344931703 ], [ -112.030515294574016, 40.711060726933695 ], [ -112.029700549560999, 40.71106132887639 ], [ -112.029698283111003, 40.710993821386595 ], [ -112.027673249594002, 40.711026316779694 ], [ -112.024933590098001, 40.711086669702304 ], [ -112.02493059691102, 40.711877099796908 ], [ -112.024926595815003, 40.712900099261503 ], [ -112.024922597414005, 40.714254099625407 ], [ -112.024920596865996, 40.715047099926693 ], [ -112.024830440147014, 40.715037609003204 ], [ -112.024806598859996, 40.715035099242996 ], [ -112.024467598027996, 40.715000098768307 ], [ -112.024354598947994, 40.714989099665893 ], [ -112.024222597804993, 40.714975099196195 ], [ -112.024113598024996, 40.714964099408682 ], [ -112.023983598328996, 40.714964099408697 ], [ -112.023861597231999, 40.715024099465403 ], [ -112.023841596241994, 40.715027100147708 ], [ -112.023711597444006, 40.715048100153794 ], [ -112.023442597829998, 40.715090100146199 ], [ -112.022526597413005, 40.715221099725191 ], [ -112.021935596686006, 40.715227100390997 ], [ -112.021486598045996, 40.715232100831997 ], [ -112.020454597278004, 40.715188100479303 ], [ -112.019956597336019, 40.715160099620697 ], [ -112.019420596860002, 40.715068099926498 ], [ -112.018867595768, 40.714973101463301 ], [ -112.017755596430007, 40.714808100370099 ], [ -112.016603596910002, 40.71476709975019 ], [ -112.016485595112997, 40.714763100867508 ], [ -112.015583595837995, 40.714725100234993 ], [ -112.014818596829997, 40.714686100710097 ], [ -112.014223595006001, 40.714659099873195 ], [ -112.012439594751015, 40.714579100935801 ], [ -112.011845594549001, 40.714553100290196 ], [ -112.010986594932007, 40.714503100800798 ], [ -112.009922596172999, 40.714459099966312 ], [ -112.009500593704004, 40.714442100038397 ], [ -112.009355594837004, 40.714442101400202 ], [ -112.009211594896996, 40.714480101513402 ], [ -112.008749594939999, 40.714540101325298 ], [ -112.007674593616002, 40.714600101083199 ], [ -112.0072345934, 40.714523100737196 ], [ -112.006361594436996, 40.71429210120769 ], [ -112.005835592211, 40.714142101358007 ], [ -112.005711593260003, 40.712051101070792 ], [ -112.005986593619994, 40.712062099977679 ], [ -112.006371593584007, 40.712124101829808 ], [ -112.006933593100996, 40.712246100737104 ], [ -112.007574594057004, 40.712371099541897 ], [ -112.007877593106997, 40.712384101653797 ], [ -112.008097593214998, 40.712344101170792 ], [ -112.008372594473002, 40.712303101757293 ], [ -112.008533594132004, 40.712313100354415 ], [ -112.008677593173005, 40.712383100024901 ], [ -112.008727594299998, 40.712287100866597 ], [ -112.008782592754997, 40.712227101066993 ], [ -112.008870594415001, 40.71217810146301 ], [ -112.009003593586996, 40.712156100281099 ], [ -112.009005595033003, 40.712026100391292 ], [ -112.008973593448999, 40.711704101069394 ], [ -112.008877594088005, 40.711312101510103 ], [ -112.008808594491001, 40.711172101205598 ], [ -112.008739593097999, 40.711030100031799 ], [ -112.008530593757996, 40.710714101051501 ], [ -112.008255594296998, 40.710415100170003 ], [ -112.007988593435002, 40.710204100559601 ], [ -112.00767159234401, 40.709990100733307 ], [ -112.007197595386003, 40.709735099905402 ], [ -112.006960592864999, 40.70959510037089 ], [ -112.006736594355999, 40.709448099725591 ], [ -112.006571593600995, 40.709320100622683 ], [ -112.006225593096005, 40.709091100017808 ], [ -112.006044594244997, 40.708799100224503 ], [ -112.006010593010998, 40.708744100934005 ], [ -112.005899592682994, 40.708346100368708 ], [ -112.005815593017019, 40.707947100495794 ], [ -112.005787920415003, 40.707722497606298 ], [ -112.005772592461014, 40.707598100220508 ], [ -112.005414593159003, 40.707589099892608 ], [ -112.005320593448005, 40.707587099895292 ], [ -112.004340592559004, 40.707582100923005 ], [ -112.003983593081998, 40.707581099902789 ], [ -112.003342591226996, 40.707578100927897 ], [ -112.002997592344002, 40.707576100930197 ], [ -112.002244591234998, 40.707573099911997 ], [ -112.001421593399996, 40.707570100936692 ], [ -112.000908591591994, 40.707568100257802 ], [ -112.000888591500001, 40.703876099740697 ], [ -112.000652590601007, 40.703876099740704 ], [ -112.000439591063994, 40.703877100135692 ], [ -112.000130591266981, 40.703877101497596 ], [ -111.999206592250999, 40.7038791002444 ], [ -111.998898590482995, 40.703881101034099 ], [ -111.998366590204995, 40.703881101034092 ], [ -111.997476136976005, 40.703882781751901 ], [ -111.997476140569006, 40.703883748777507 ], [ -111.996243162417997, 40.70388602945971 ], [ -111.991566939985987, 40.703901296204108 ], [ -111.986887851926994, 40.7039012968851 ], [ -111.983625369343002, 40.703914313589898 ], [ -111.981959785008996, 40.703940347672983 ], [ -111.980113907898001, 40.703920821260397 ], [ -111.977118093799007, 40.703927310543101 ], [ -111.977108989374003, 40.703927330973201 ], [ -111.977094501344993, 40.696693719385983 ], [ -111.977094364801005, 40.696625101477302 ], [ -111.977094584887993, 40.696625101477295 ], [ -111.977120584828015, 40.696625101477295 ], [ -111.977543586223987, 40.696624102335583 ], [ -111.978012586752001, 40.696624100292397 ], [ -111.978889586810993, 40.696624100973501 ], [ -111.979339587073, 40.696624100973487 ], [ -111.979614587431996, 40.696623101150699 ], [ -111.980442587088021, 40.696622102008995 ], [ -111.980718586373996, 40.696622101327897 ], [ -111.980971586094014, 40.696618100674492 ], [ -111.981070586726005, 40.696617100851583 ], [ -111.981902585680999, 40.696617100170506 ], [ -111.985456586846993, 40.696613100197894 ], [ -111.986641157481998, 40.696613100197901 ], [ -111.986641587774997, 40.696613100878999 ], [ -111.987381588465993, 40.696611099870893 ], [ -111.988201917406997, 40.696609997205094 ], [ -111.989601587840994, 40.696608101764106 ], [ -111.990342588356, 40.696608100401996 ], [ -111.990566587762999, 40.696607101259993 ], [ -111.991240589228994, 40.696605100932899 ], [ -111.991396588865015, 40.696605100251794 ], [ -111.991465589360004, 40.696605100251801 ], [ -111.991516589414005, 40.696605100251801 ], [ -111.991671589225007, 40.696605100251794 ], [ -111.991723588205005, 40.696605100251801 ], [ -111.991791589773001, 40.696605100251801 ], [ -111.991996589812999, 40.696605100251794 ], [ -111.992065587612998, 40.696605100932892 ], [ -111.992193589455994, 40.696603099924602 ], [ -111.992414588491002, 40.696600099774301 ], [ -111.992578588523003, 40.696599099951094 ], [ -111.992707589291996, 40.696598100128 ], [ -111.99293058977301, 40.696598100128 ], [ -111.993600589245005, 40.696599100632191 ], [ -111.993824587754006, 40.696600099774301 ], [ -111.994296589553997, 40.696599099951101 ], [ -111.995715589037999, 40.696598099446888 ], [ -111.996188590662996, 40.696598100127986 ], [ -111.996411591143996, 40.696597099623695 ], [ -111.997081588819, 40.696596099800601 ], [ -111.997305590023004, 40.69659609911951 ], [ -111.997890590004005, 40.696595099977394 ], [ -111.998704589414999, 40.696594100154208 ], [ -111.999647589597004, 40.696592099145498 ], [ -112.000233592097999, 40.6965920984645 ], [ -112.000571589510997, 40.696591100003396 ], [ -112.001585589838001, 40.696589099675791 ], [ -112.001924591567999, 40.696589099675805 ], [ -112.002259590405998, 40.696588099171393 ], [ -112.003266591059003, 40.696586100205799 ], [ -112.003602591518003, 40.696586099524794 ], [ -112.003700591428, 40.696585099701394 ], [ -112.003830591124, 40.696585100382507 ], [ -112.004517590313995, 40.696585098339305 ], [ -112.004746589744002, 40.696585100382492 ], [ -112.004943590286004, 40.696584099878095 ], [ -112.005537591386002, 40.6965830986925 ], [ -112.005735590854997, 40.696583100054703 ], [ -112.005735731889999, 40.696583100735793 ], [ -112.005791592728002, 40.696583098692493 ], [ -112.005962590636003, 40.696583098692507 ], [ -112.006019590536994, 40.696583099373598 ], [ -112.006713590298006, 40.696582098869094 ], [ -112.008797591925997, 40.696578098213294 ], [ -112.008885591788996, 40.69657809957549 ], [ -112.009492592410012, 40.696578098894399 ], [ -112.009776591193997, 40.696577099751998 ], [ -112.010185592346005, 40.696577098389902 ], [ -112.010630591685995, 40.696577097708797 ], [ -112.010915592092005, 40.6965770990709 ], [ -112.011404591813005, 40.696576097885298 ], [ -112.012871594570996, 40.69657409755721 ], [ -112.013361591423006, 40.696574098238301 ], [ -112.013748592834006, 40.69657309773369 ], [ -112.014908592750018, 40.696571098086594 ], [ -112.015117592986996, 40.696571098086601 ], [ -112.015296593087001, 40.696571098767691 ], [ -112.015296679325999, 40.696571097405503 ], [ -112.015636592845993, 40.696570098263102 ], [ -112.015700593318016, 40.696570098263116 ], [ -112.016914593660999, 40.696570098263102 ], [ -112.017319592819007, 40.696570098944093 ], [ -112.017734593818986, 40.696569099120495 ], [ -112.017765593781007, 40.696569097758399 ], [ -112.018295594408997, 40.696567098792194 ], [ -112.018748595044002, 40.696567098111188 ], [ -112.019105595419006, 40.696567098792187 ], [ -112.019552593510994, 40.69656709811121 ], [ -112.019898594015999, 40.696566098287597 ], [ -112.020031594084998, 40.696565098463907 ], [ -112.020101594406, 40.6965650984639 ], [ -112.020247593994995, 40.696565097101804 ], [ -112.020939595903002, 40.696565097782887 ], [ -112.02128659443602, 40.696565097782894 ], [ -112.022000594288997, 40.696564097278092 ], [ -112.024142595642999, 40.696561097126001 ], [ -112.02476643967502, 40.696560224663997 ], [ -112.024856596392993, 40.696560097983401 ], [ -112.024856596392993, 40.69656026961519 ], [ -112.024946750417001, 40.696560129313006 ], [ -112.027318245274998, 40.696556439227798 ], [ -112.028429614893, 40.6965546302823 ], [ -112.029630923837999, 40.696552954147101 ], [ -112.034404276610005, 40.696544466541297 ], [ -112.035993840116006, 40.696542825140902 ], [ -112.037694614155001, 40.696540160759703 ], [ -112.037702908300005, 40.696540122619304 ], [ -112.038704213635, 40.696538283705905 ], [ -112.039962284427006, 40.696535966674986 ], [ -112.041260683288002, 40.696535099661304 ], [ -112.043939099240006, 40.696529813806301 ], [ -112.047673285383993, 40.696523943584893 ], [ -112.048646168920996, 40.696521382046008 ] ] ], [ [ [ -111.970893580058998, 40.667590098844613 ], [ -111.970909579953002, 40.667590099525988 ], [ -111.971181579939, 40.667588098327791 ], [ -111.972045582274006, 40.667581098562792 ], [ -111.972334581081, 40.667580097622896 ], [ -111.972705581699998, 40.667579098045699 ], [ -111.97326557977, 40.667578097787199 ], [ -111.973819579788994, 40.667574098115701 ], [ -111.974191581130995, 40.667572096917112 ], [ -111.974757579946996, 40.667568097926498 ], [ -111.975426560729005, 40.667564160940799 ], [ -111.976455582683997, 40.667558098745602 ], [ -111.976531581054999, 40.667557097805393 ], [ -111.977022510357997, 40.667555097968993 ], [ -111.977022583121993, 40.66755509728759 ], [ -111.977137582748995, 40.667556097546594 ], [ -111.977482580734005, 40.667559097641693 ], [ -111.977598581085019, 40.667560098581994 ], [ -111.977883581491, 40.667562098418209 ], [ -111.978738582706995, 40.66757009844391 ], [ -111.979024582937001, 40.667573097175691 ], [ -111.979290582177001, 40.667573097857101 ], [ -111.980088583492005, 40.667573097175698 ], [ -111.980355582556996, 40.667574097434297 ], [ -111.980567583167996, 40.667571098021199 ], [ -111.981205581954001, 40.667562097736806 ], [ -111.981418583288004, 40.667560096537805 ], [ -111.981420402376003, 40.667697334904503 ], [ -111.981432582633005, 40.668616098478203 ], [ -111.981435582108006, 40.668827096947993 ], [ -111.981469584240003, 40.671309098161103 ], [ -111.981468876367003, 40.671309104293115 ], [ -111.981468880859012, 40.671309284847396 ], [ -111.981475237338003, 40.674859382149791 ], [ -111.981494701135006, 40.678499942808394 ], [ -111.981489991268006, 40.680815398451607 ], [ -111.981489791841994, 40.680913290490409 ], [ -111.981487495747999, 40.682042434861899 ], [ -111.981487355610994, 40.682111071194484 ], [ -111.981485583234999, 40.682111098443507 ], [ -111.981350585312015, 40.682106098921885 ], [ -111.981232585311005, 40.682103098118809 ], [ -111.980947584906005, 40.682103099481196 ], [ -111.980813583214996, 40.682104099521894 ], [ -111.980621584492994, 40.6821040981594 ], [ -111.980048585106005, 40.682105099562499 ], [ -111.979857583512995, 40.682106098921892 ], [ -111.979639584851995, 40.682106098921913 ], [ -111.978989583675002, 40.682108099003102 ], [ -111.978772583042002, 40.68210909972489 ], [ -111.978693584297005, 40.682109099043707 ], [ -111.978459584844003, 40.682109099043693 ], [ -111.978381584128002, 40.6821101004467 ], [ -111.978118585260006, 40.6821101004467 ], [ -111.977330583991986, 40.682112099846499 ], [ -111.977068584050997, 40.682113099887005 ], [ -111.977068174419003, 40.682113100568309 ], [ -111.97646558273, 40.682114099246299 ], [ -111.974656582359998, 40.682117100048906 ], [ -111.974053583734005, 40.682118100770595 ], [ -111.973925583688001, 40.68211810008939 ], [ -111.973544582124006, 40.682119100811001 ], [ -111.973417584597996, 40.682120099488991 ], [ -111.973311582496009, 40.682120100170202 ], [ -111.972997581778003, 40.682120100170195 ], [ -111.972892582195996, 40.682120099488991 ], [ -111.972580582925005, 40.6821200988078 ], [ -111.971648581715996, 40.682122098888499 ], [ -111.971337581371003, 40.6821231002913 ], [ -111.971145582649001, 40.682123100291292 ], [ -111.970572584159996, 40.682124098969297 ], [ -111.970381581670011, 40.68212509900961 ], [ -111.970185580953, 40.682125101053288 ], [ -111.969598582220002, 40.682125099009596 ], [ -111.969403582227002, 40.682126100412297 ], [ -111.969028582307999, 40.682126099731093 ], [ -111.967903580755006, 40.682129100533203 ], [ -111.967529867224002, 40.682130099892291 ], [ -111.967529583355997, 40.682130101254707 ], [ -111.967529582457999, 40.682130556313886 ], [ -111.967439446401016, 40.682130777031205 ], [ -111.966920109674021, 40.6821320427497 ], [ -111.965961640502996, 40.6821346974886 ], [ -111.965282371315993, 40.682135852167093 ], [ -111.964734487027997, 40.682136812015003 ], [ -111.962617581010008, 40.682140996106497 ], [ -111.961593993861996, 40.682143209410384 ], [ -111.961125043639996, 40.682144522814497 ], [ -111.961104694103994, 40.682144579356297 ], [ -111.960616634917997, 40.682145947258491 ], [ -111.959995343, 40.682147501816615 ], [ -111.959326728730019, 40.682148767534798 ], [ -111.959029840919001, 40.682149328865108 ], [ -111.958213852637002, 40.682150873204705 ], [ -111.958033581421006, 40.682151213817782 ], [ -111.958033579624015, 40.682128101174193 ], [ -111.958033581421006, 40.682059100402689 ], [ -111.958034580347999, 40.682036101492109 ], [ -111.958036574607007, 40.681619766770893 ], [ -111.958042578047994, 40.68036710098481 ], [ -111.958043579670004, 40.680338100406701 ], [ -111.958043578772006, 40.68019910114829 ], [ -111.958045578422016, 40.679782100952892 ], [ -111.958047578969996, 40.679644099931394 ], [ -111.958048578795001, 40.679317099658391 ], [ -111.958051579168, 40.678339099724994 ], [ -111.958053580614006, 40.678014100067109 ], [ -111.958052578993005, 40.677577100385605 ], [ -111.958052578993005, 40.676269101570384 ], [ -111.958052579891003, 40.67583309944191 ], [ -111.958052578093998, 40.67571710006419 ], [ -111.958052578993005, 40.675369100720204 ], [ -111.958052578993005, 40.675254100678593 ], [ -111.958048579692999, 40.674932100051898 ], [ -111.958047578969996, 40.674874099604395 ], [ -111.958044184236002, 40.674520922037196 ], [ -111.958036579099002, 40.673730101117286 ], [ -111.958032578002999, 40.673380100597292 ], [ -111.958014578459, 40.6717310991936 ], [ -111.958014579358007, 40.671670099458098 ], [ -111.958004579312004, 40.6706740986752 ], [ -111.957992577820008, 40.669502100055901 ], [ -111.957989577446995, 40.669160100343504 ], [ -111.957987578694997, 40.669044100257899 ], [ -111.957987577796999, 40.668982098508202 ], [ -111.957974578275994, 40.66763709938801 ], [ -111.958412577046005, 40.667634099296301 ], [ -111.959726579643004, 40.667628099793902 ], [ -111.960165578238005, 40.667626099959698 ], [ -111.960381577248995, 40.667625099020391 ], [ -111.961033578973996, 40.667624099443998 ], [ -111.961250577811001, 40.667624099444005 ], [ -111.961458578223002, 40.667623099867498 ], [ -111.962084578212014, 40.667622098928206 ], [ -111.962293579348, 40.667622098928199 ], [ -111.962458580103004, 40.667621099351706 ], [ -111.962955579321999, 40.667620099775199 ], [ -111.963121579003001, 40.667620099093796 ], [ -111.963384579666993, 40.667618098577897 ], [ -111.963493578549006, 40.667617099001291 ], [ -111.963511963469003, 40.667617071746299 ], [ -111.964176578438995, 40.667616098743402 ], [ -111.964441578752997, 40.667616098743402 ], [ -111.965045579898998, 40.667613098650705 ], [ -111.966859580291, 40.667606099569696 ], [ -111.967464579465997, 40.667605097948801 ], [ -111.967464673788996, 40.667605098630197 ], [ -111.967464789670998, 40.667605097267383 ], [ -111.967464844469021, 40.667605097948808 ], [ -111.968149580802006, 40.667602098537103 ], [ -111.970207580693994, 40.66759209731719 ], [ -111.970893580058998, 40.667590098844613 ] ] ], [ [ [ -111.924090575815001, 40.713542106750999 ], [ -111.924024577490002, 40.71198810704859 ], [ -111.923971576887993, 40.710725106988498 ], [ -111.923967470689007, 40.710626367400188 ], [ -111.923932575631994, 40.709787106311417 ], [ -111.923890575799007, 40.709460106864 ], [ -111.923856575464015, 40.709196105938702 ], [ -111.923838575920001, 40.70847610744319 ], [ -111.923838575920001, 40.708464106936901 ], [ -111.923691576506002, 40.708184106995994 ], [ -111.923621577084006, 40.708052107539608 ], [ -111.923571575956998, 40.707956107584906 ], [ -111.923434576588008, 40.707816107715082 ], [ -111.923379590709004, 40.707760010579186 ], [ -111.923335575954994, 40.707715107096007 ], [ -111.923232575124999, 40.707610107011504 ], [ -111.922952574741998, 40.707325106531087 ], [ -111.922744576126007, 40.70684210657339 ], [ -111.922730575883008, 40.706359107198409 ], [ -111.922840835100999, 40.706127012248302 ], [ -111.922949576166005, 40.7058981062154 ], [ -111.923360574273005, 40.705640105637492 ], [ -111.923719575196003, 40.705631105726006 ], [ -111.923978575662005, 40.705553106215007 ], [ -111.924189574650995, 40.70552710613071 ], [ -111.924339575337001, 40.705510105965296 ], [ -111.924671575597998, 40.705471106490897 ], [ -111.925065575784004, 40.705557107012801 ], [ -111.925436577300999, 40.705719105413898 ], [ -111.925822575294021, 40.705818105604692 ], [ -111.926283577223018, 40.705853106139102 ], [ -111.926801575460004, 40.705817105919891 ], [ -111.927067576497009, 40.705687106593295 ], [ -111.927067576496995, 40.7053751062206 ], [ -111.926762576, 40.704486106308011 ], [ -111.926781575369006, 40.704085105678892 ], [ -111.926952575971001, 40.703721106448 ], [ -111.927166575333004, 40.703496105217503 ], [ -111.928181576382997, 40.70310610582419 ], [ -111.928413576186017, 40.702875105504802 ], [ -111.928322575051993, 40.702353105343597 ], [ -111.92806957443301, 40.702222105645902 ], [ -111.927599574978004, 40.702155106090885 ], [ -111.927006575500002, 40.70217910665081 ], [ -111.926168576696995, 40.702090105269008 ], [ -111.925917575728008, 40.701998105903996 ], [ -111.925403574993993, 40.701810106451191 ], [ -111.925112576537998, 40.701573105870601 ], [ -111.924954576353997, 40.701444105501906 ], [ -111.924690574067995, 40.701135104948897 ], [ -111.924559575445002, 40.7006841049255 ], [ -111.924583575734999, 40.699440105603699 ], [ -111.924583575734999, 40.69943998097169 ], [ -111.924980244815004, 40.699443188714206 ], [ -111.925082755164993, 40.699444018232292 ], [ -111.925435406795998, 40.699435330766306 ], [ -111.925689411731, 40.699430457857389 ], [ -111.925851952898995, 40.699436566871007 ], [ -111.926084886949994, 40.699441432969003 ], [ -111.926468025605004, 40.699428623791093 ], [ -111.926896131229, 40.69940994260061 ], [ -111.927512058407999, 40.699379103982302 ], [ -111.928743762748994, 40.69930599799099 ], [ -111.928879347271007, 40.699295662363895 ], [ -111.929059172923004, 40.699281955532804 ], [ -111.929329502941997, 40.699258077199303 ], [ -111.929614832130014, 40.699234196133098 ], [ -111.929862587485999, 40.699198980994296 ], [ -111.930117768315, 40.69915226558831 ], [ -111.930297831122004, 40.699111587682395 ], [ -111.930511852942004, 40.6990456978399 ], [ -111.930615611950998, 40.69901787135359 ], [ -111.930666303882006, 40.699003960149199 ], [ -111.930742911311, 40.698982600253991 ], [ -111.930818356320998, 40.698959488680309 ], [ -111.930893786057993, 40.698934563450401 ], [ -111.930967991391995, 40.698909588494196 ], [ -111.931042191336999, 40.698883789451997 ], [ -111.931116380500995, 40.698856179473509 ], [ -111.931189417127001, 40.698828574251088 ], [ -111.931261212281001, 40.698799160132609 ], [ -111.931333009232006, 40.698769747363301 ], [ -111.931403567405994, 40.698738527738001 ], [ -111.931474121986, 40.698706430896699 ], [ -111.931543521334007, 40.698674336083201 ], [ -111.931611685497003, 40.69864048957421 ], [ -111.931731475841005, 40.698571261399302 ], [ -111.931826914653001, 40.698516106553591 ], [ -111.931831523010004, 40.698513444975596 ], [ -111.932359929127998, 40.698208075871598 ], [ -111.933129690106014, 40.697747194185695 ], [ -111.933275284554995, 40.6976631062333 ], [ -111.933381012671006, 40.697604637920307 ], [ -111.933486747973006, 40.697547926713305 ], [ -111.933594874590995, 40.697492961038698 ], [ -111.933703008395, 40.697438929746596 ], [ -111.933813533513998, 40.697386700522898 ], [ -111.933924065819994, 40.697335349839705 ], [ -111.934036993033999, 40.697286735661905 ], [ -111.934149992114001, 40.697238063557506 ], [ -111.934285326904003, 40.697185633940997 ], [ -111.934396068517998, 40.697145095135298 ], [ -111.934506749944006, 40.69710631347381 ], [ -111.934618663858998, 40.697068517303308 ], [ -111.934731814754002, 40.697032472833698 ], [ -111.934846128068003, 40.696997299438699 ], [ -111.93496044857001, 40.696963939046086 ], [ -111.935076011440998, 40.696932384847699 ], [ -111.935191581498998, 40.696902590533092 ], [ -111.935308383147003, 40.696873721786794 ], [ -111.935425125506995, 40.69684666469 ], [ -111.935543178507999, 40.696821360672303 ], [ -111.935602642488007, 40.696809200737505 ], [ -111.935662390336006, 40.696796982908907 ], [ -111.935780393930003, 40.69677530151899 ], [ -111.935900855314998, 40.696754543662294 ], [ -111.936020093194003, 40.696734611945502 ], [ -111.936140577036994, 40.696717421558596 ], [ -111.936261139930991, 40.696701165605511 ], [ -111.936382798769998, 40.69668753860779 ], [ -111.936508054463005, 40.696672143529597 ], [ -111.936601465777997, 40.69666235371821 ], [ -111.936696037716004, 40.69665349357669 ], [ -111.936789394233998, 40.696646448506783 ], [ -111.936883981443003, 40.696640225497291 ], [ -111.936978649501, 40.696634985963996 ], [ -111.937073257372006, 40.696631505654999 ], [ -111.937167940701002, 40.696628957741801 ], [ -111.937262634809997, 40.696628165647894 ], [ -111.937357263341994, 40.69662830731221 ], [ -111.938901757471001, 40.6966256027508 ], [ -111.938912576780993, 40.696625582999602 ], [ -111.938912576780993, 40.696626104024396 ], [ -111.938913576605998, 40.697011104814592 ], [ -111.938918577527005, 40.698167104532203 ], [ -111.938920578074999, 40.698553105064391 ], [ -111.938921578798002, 40.698902104382505 ], [ -111.938925577199996, 40.6999511052137 ], [ -111.938927576848997, 40.700301105147602 ], [ -111.938929578295998, 40.701030104705701 ], [ -111.938938577618003, 40.7032181056288 ], [ -111.938938580313007, 40.7034331051454 ], [ -111.938941575295999, 40.703947449856798 ], [ -111.938941578889995, 40.703948105662995 ], [ -111.938941578889995, 40.704300104439803 ], [ -111.938943578540005, 40.705356104590003 ], [ -111.938944579262994, 40.7057081061402 ], [ -111.938944579262994, 40.705915105600795 ], [ -111.938945578189006, 40.706538104917904 ], [ -111.938946579811017, 40.706746106236402 ], [ -111.938946578013997, 40.707009104269183 ], [ -111.938946578913004, 40.70754610572429 ], [ -111.938946578913004, 40.707614105642804 ], [ -111.938947577839002, 40.707799106091088 ], [ -111.938948580358996, 40.70806310574509 ], [ -111.938948579460998, 40.708239106067992 ], [ -111.938949579286003, 40.708770105890906 ], [ -111.938950580009006, 40.708947106025889 ], [ -111.938950579110994, 40.709123106055301 ], [ -111.938951579833997, 40.709650105767892 ], [ -111.938952580557, 40.709827106287591 ], [ -111.938952578759995, 40.710003105353003 ], [ -111.938952578760009, 40.710531106567494 ], [ -111.938953578585, 40.710707107176795 ], [ -111.938953578585, 40.710798106477611 ], [ -111.938953578585, 40.711074105175193 ], [ -111.938954578410005, 40.711166106983598 ], [ -111.938958579505993, 40.711275105320098 ], [ -111.938973580473004, 40.711605106223985 ], [ -111.938978578700002, 40.711715105480984 ], [ -111.938978579598, 40.711885106079784 ], [ -111.938980579247996, 40.712395105272201 ], [ -111.938981579073001, 40.712566105761098 ], [ -111.938981579073001, 40.712737107172707 ], [ -111.938984578546993, 40.713251106302785 ], [ -111.938985579271005, 40.713423106206683 ], [ -111.938985578371998, 40.713593106530098 ], [ -111.938986579095996, 40.714104106499207 ], [ -111.938987579818999, 40.714275106684298 ], [ -111.938438578924007, 40.7142751053225 ], [ -111.936791580733001, 40.714275106684298 ], [ -111.936243578765001, 40.714275106684283 ], [ -111.936035581048003, 40.714275106684298 ], [ -111.935411579809994, 40.714275106684291 ], [ -111.935204578324999, 40.714276106242096 ], [ -111.934970577973004, 40.714276106923009 ], [ -111.934269578539016, 40.714276107603901 ], [ -111.934036578911005, 40.714277107161692 ], [ -111.933638577628997, 40.714277106480793 ], [ -111.932445578100996, 40.714277106480793 ], [ -111.932048579338996, 40.71427810671949 ], [ -111.931651578781, 40.714278106038599 ], [ -111.930460578004002, 40.714278107400403 ], [ -111.930064578168995, 40.714279106277303 ], [ -111.929643578219995, 40.714279106277303 ], [ -111.928382577123003, 40.714279107639001 ], [ -111.928096577790996, 40.714279106277296 ], [ -111.927962578795004, 40.714279107639001 ], [ -111.927565578235999, 40.714279106277303 ], [ -111.926375578182999, 40.714279106958095 ], [ -111.926135576186994, 40.714280107877691 ], [ -111.925979576551001, 40.714280107196792 ], [ -111.925706576739998, 40.714280107877691 ], [ -111.924890576780001, 40.714280107877698 ], [ -111.924757577609, 40.714280107196814 ], [ -111.924618576792994, 40.714281107435397 ], [ -111.924099893141999, 40.714275111450604 ], [ -111.924099896735001, 40.71427489083969 ], [ -111.924100058432003, 40.714266878716096 ], [ -111.924112578252007, 40.71405210686941 ], [ -111.924107576431993, 40.713933106555707 ], [ -111.924090575815001, 40.713542106750999 ] ] ] ] } }
]
}
