{
"type": "FeatureCollection",
"crs": { "type": "name", "properties": { "name": "urn:ogc:def:crs:OGC:1.3:CRS84" } },
"features": [
{ "type": "Feature", "properties": { "OBJECTID": 36, "CountyID": 27, "VistaID": "27STG:48", "PrecinctID": "27STG", "SubPrecinctID": "48", "VersionNbr": null, "EffectiveDate": 1744156800000, "AliasName": "STG:48", "Comments": "formerly STG48", "RcvdDate": 1744156800000, "GlobalID": "53844a56-6c30-463b-9e3e-a1a8c49ac3b4", "Shape__Area": 1504443.8073561192, "Shape__Length": 6459.9144690216726 }, "geometry": { "type": "Polygon", "coordinates": [ [ [ -113.602504857704005, 37.1247148691821 ], [ -113.602505225114996, 37.124713775471399 ], [ -113.602560213687994, 37.124549174330802 ], [ -113.602667016189002, 37.124229462756098 ], [ -113.602720074282999, 37.124071763103402 ], [ -113.602759999905999, 37.1239831380651 ], [ -113.602786971821999, 37.123932592652501 ], [ -113.602825060390003, 37.123869774876397 ], [ -113.602861299327003, 37.123816940948601 ], [ -113.602893171554001, 37.123774797835502 ], [ -113.602934019746002, 37.123725562318498 ], [ -113.602972466742003, 37.123683284498 ], [ -113.603018884489003, 37.1236366202887 ], [ -113.603056455628007, 37.123601859552501 ], [ -113.603341669832005, 37.123342489707198 ], [ -113.604070680532999, 37.122679526353203 ], [ -113.604444496471999, 37.122339571526098 ], [ -113.604622915362, 37.122194358286201 ], [ -113.604740231744998, 37.122099487300197 ], [ -113.604865248487002, 37.121998387479202 ], [ -113.604992634984001, 37.121895372204598 ], [ -113.605096504485005, 37.121811373190504 ], [ -113.605075856707998, 37.121780307599302 ], [ -113.605060402091993, 37.1217570558509 ], [ -113.605044091381998, 37.1217325140817 ], [ -113.605024313173999, 37.1217027563792 ], [ -113.605004489151995, 37.121672929902303 ], [ -113.604996451925999, 37.1216581925055 ], [ -113.604986945055003, 37.1216365544919 ], [ -113.604979764820996, 37.121614203059998 ], [ -113.604974248266998, 37.121585772573397 ], [ -113.604972607942997, 37.121562128244904 ], [ -113.604951908961993, 37.120069573836801 ], [ -113.604907080334996, 37.117856447814297 ], [ -113.605009905095002, 37.117874132145602 ], [ -113.605231806038006, 37.117566563298901 ], [ -113.605395132333001, 37.117565683663301 ], [ -113.605400079356002, 37.117356342983499 ], [ -113.605387843402994, 37.116652409337902 ], [ -113.605387925149998, 37.116652332691203 ], [ -113.605387926947003, 37.116652407905299 ], [ -113.606208443636007, 37.116646869285397 ], [ -113.606845319528006, 37.116626820796398 ], [ -113.607730929938995, 37.1166361838741 ], [ -113.608003865070998, 37.116634286330601 ], [ -113.608977795146004, 37.116627507751701 ], [ -113.610084061435003, 37.116619785056301 ], [ -113.610263373251001, 37.116620881749299 ], [ -113.610290542797003, 37.116583286875297 ], [ -113.610508393236003, 37.116279914763901 ], [ -113.610809963964996, 37.115859175573597 ], [ -113.610883889025004, 37.115744975003601 ], [ -113.610964158886006, 37.115591039921298 ], [ -113.611038675935006, 37.115415979780003 ], [ -113.611253793700001, 37.114681362174501 ], [ -113.611452115662999, 37.113944299703 ], [ -113.611468712038004, 37.1138823375573 ], [ -113.611514962699005, 37.113709658918097 ], [ -113.611610256882003, 37.113386525382303 ], [ -113.611623434269006, 37.113345860034997 ], [ -113.611643390343005, 37.113284282799299 ], [ -113.611694983285005, 37.113000399626003 ], [ -113.611719094066999, 37.112593392079603 ], [ -113.611720977833997, 37.112181292560898 ], [ -113.611722376510997, 37.111873028634001 ], [ -113.611770084238998, 37.110175165817999 ], [ -113.614451821263998, 37.110170435523798 ], [ -113.614531592559004, 37.110168990573897 ], [ -113.614555081706996, 37.111635504482003 ], [ -113.614567129014006, 37.112270024543101 ], [ -113.614571452605006, 37.112607694976099 ], [ -113.614573258131998, 37.112694625165098 ], [ -113.614570369405001, 37.112781536653699 ], [ -113.614562791780997, 37.112868268315097 ], [ -113.614550539305995, 37.112954659356802 ], [ -113.614533634696997, 37.113040549617899 ], [ -113.614512109293003, 37.113125779866699 ], [ -113.614486003001005, 37.1132101920957 ], [ -113.614455364218998, 37.113293629814102 ], [ -113.614441881844002, 37.113322531562702 ], [ -113.614430383181997, 37.113351973427598 ], [ -113.614420902022999, 37.1133818688959 ], [ -113.614413466225997, 37.113412130122001 ], [ -113.614408097639995, 37.113442668185399 ], [ -113.614404812041002, 37.113473393352699 ], [ -113.614403619081997, 37.113504215340498 ], [ -113.614404522268998, 37.113535043581003 ], [ -113.614406461732003, 37.1135571452417 ], [ -113.614419875376001, 37.113836993272102 ], [ -113.614424021101001, 37.1139234789892 ], [ -113.614427621548003, 37.114630801955002 ], [ -113.614458560425007, 37.116126029479602 ], [ -113.614470092996996, 37.117364236087298 ], [ -113.614470976041005, 37.117598250948298 ], [ -113.614496590602997, 37.118323022529303 ], [ -113.614497332610995, 37.118378873083003 ], [ -113.614506461291001, 37.119067307821901 ], [ -113.614504202003005, 37.119105453308002 ], [ -113.614503932025997, 37.119143640685003 ], [ -113.614505651827002, 37.1191818040191 ], [ -113.614509358435996, 37.119219877417997 ], [ -113.614515045453004, 37.119257795144797 ], [ -113.614522703058995, 37.119295491731599 ], [ -113.614532318033, 37.119332902092303 ], [ -113.614543873773002, 37.119369961635101 ], [ -113.614557350327999, 37.119406606374 ], [ -113.614572724428996, 37.119442773039403 ], [ -113.614589969530996, 37.119478399187003 ], [ -113.614609055859006, 37.119513423306103 ], [ -113.614629950459005, 37.119547784925302 ], [ -113.614652617255004, 37.119581424717097 ], [ -113.614677017109997, 37.119614284600701 ], [ -113.614703107897, 37.119646307841499 ], [ -113.614738724177997, 37.1196857756482 ], [ -113.614776919297995, 37.119723679228599 ], [ -113.614817585417001, 37.119759911569197 ], [ -113.614860607718995, 37.119794370375203 ], [ -113.614919268058003, 37.119835559221599 ], [ -113.614981406572994, 37.1198733663512 ], [ -113.615046717273998, 37.119907605595998 ], [ -113.615114878555005, 37.119938108357204 ], [ -113.615685946564, 37.120169506530601 ], [ -113.615746608259002, 37.1201973601707 ], [ -113.615804682247003, 37.120228523874403 ], [ -113.615859884928994, 37.120262845453098 ], [ -113.615911946729994, 37.120300157296903 ], [ -113.615960613412, 37.1203402771933 ], [ -113.616005647316001, 37.120383009216702 ], [ -113.616046828522997, 37.120428144685803 ], [ -113.616083955929994, 37.120475463182302 ], [ -113.616123172805999, 37.120526261377201 ], [ -113.616158213060004, 37.1205789647072 ], [ -113.616188931733006, 37.120633355135404 ], [ -113.616215201738996, 37.120689207645597 ], [ -113.616236914401995, 37.120746291173504 ], [ -113.616253979896001, 37.120804369562599 ], [ -113.616266327621005, 37.120863202541003 ], [ -113.616273906494001, 37.120922546715803 ], [ -113.616275223423997, 37.121158772483803 ], [ -113.616275340204993, 37.1212076293249 ], [ -113.616278991857001, 37.122726585815599 ], [ -113.615794298658997, 37.1227505184359 ], [ -113.615521043384007, 37.122770054220901 ], [ -113.615248319049996, 37.122793843742798 ], [ -113.614976229798998, 37.122821877912799 ], [ -113.614704879537001, 37.122854146020998 ], [ -113.614434371882993, 37.122890635739701 ], [ -113.614164810136998, 37.1229313331283 ], [ -113.613896297235996, 37.122976222638997 ], [ -113.613628935717003, 37.123025287122402 ], [ -113.611882685365003, 37.123372801151 ], [ -113.607099941605, 37.124264105738597 ], [ -113.604773309511003, 37.124737362948103 ], [ -113.604633178374996, 37.124760170235298 ], [ -113.604492288862005, 37.124779783661801 ], [ -113.604350755450994, 37.1247961872932 ], [ -113.604208693147001, 37.124809367802399 ], [ -113.604066217386006, 37.1248193144813 ], [ -113.603923443938001, 37.124826019248701 ], [ -113.603780488813996, 37.124829476657602 ], [ -113.603637468176004, 37.124829683898902 ], [ -113.603494498234994, 37.124826640804301 ], [ -113.603351695165003, 37.124820349846097 ], [ -113.603209175000998, 37.124810816135401 ], [ -113.603067053551001, 37.124798047417499 ], [ -113.602925446295998, 37.124782054066401 ], [ -113.602784468302005, 37.124762849075502 ], [ -113.602644234121001, 37.124740448047604 ], [ -113.602504857704005, 37.1247148691821 ] ] ] } },
{ "type": "Feature", "properties": { "OBJECTID": 40, "CountyID": 27, "VistaID": "27STG:23", "PrecinctID": "27STG", "SubPrecinctID": "23", "VersionNbr": null, "EffectiveDate": 1744156800000, "AliasName": "STG:23", "Comments": "formerly STG23", "RcvdDate": 1744156800000, "GlobalID": "c5eb3877-cd2d-4b23-9e49-74af5066a24f", "Shape__Area": 3541201.1615962982, "Shape__Length": 12135.217019985994 }, "geometry": { "type": "Polygon", "coordinates": [ [ [ -113.510935736004001, 37.000015522592399 ], [ -113.512850539050007, 37.000015520440101 ], [ -113.512950538609005, 37.000015520440101 ], [ -113.515166539583007, 37.000014519630298 ], [ -113.517432539886997, 37.000015520440101 ], [ -113.518021231944005, 37.000015983897498 ], [ -113.518881794630005, 37.000016656126 ], [ -113.521309540193997, 37.000018519282101 ], [ -113.523790541482001, 37.000020518749203 ], [ -113.524717822941994, 37.000024521270397 ], [ -113.525645541882, 37.000028518769398 ], [ -113.525708183204003, 37.000028402546299 ], [ -113.528872541910999, 37.000022518216298 ], [ -113.529770541887004, 37.000022518216298 ], [ -113.530762542472004, 37.000031519045798 ], [ -113.531398851527001, 37.000022345316502 ], [ -113.531525541830007, 37.000020518031803 ], [ -113.532141682808003, 37.000023148116597 ], [ -113.533402542869993, 37.000028518769398 ], [ -113.535121543726007, 37.000019517939499 ], [ -113.538810201453998, 37.000017248720098 ], [ -113.539461127894995, 37.000016836917403 ], [ -113.541503544712, 37.000015519005203 ], [ -113.542662544802994, 37.000015518287803 ], [ -113.543194545080993, 37.000015517570397 ], [ -113.544658545668995, 37.0000165183801 ], [ -113.546330849401997, 37.000018245942698 ], [ -113.546595546085001, 37.000018517129803 ], [ -113.546828379524996, 37.000018771816201 ], [ -113.548444546637995, 37.000020518031803 ], [ -113.550211545378005, 37.0000195172221 ], [ -113.552578546863003, 37.000018516412403 ], [ -113.553810465900995, 37.000018519282101 ], [ -113.554446547682005, 37.000018517129803 ], [ -113.554611806254002, 37.000018431038697 ], [ -113.556363547109001, 37.000017517037598 ], [ -113.557676547186006, 37.000018517129803 ], [ -113.558030812191006, 37.000018517129803 ], [ -113.558081547241997, 37.000018517129803 ], [ -113.558071548094006, 37.000294516987303 ], [ -113.558065547347994, 37.000489516805203 ], [ -113.558058548573996, 37.000719516885603 ], [ -113.556974547926998, 37.000714517187603 ], [ -113.554807548255994, 37.000822516761602 ], [ -113.553674547205006, 37.000878517011699 ], [ -113.551901546821, 37.001178517752003 ], [ -113.550374546482999, 37.001478518025898 ], [ -113.548765546129999, 37.001969517883303 ], [ -113.547156546674998, 37.002514517799 ], [ -113.545807546613005, 37.003076518999201 ], [ -113.544410545971999, 37.003666518007599 ], [ -113.543596545661998, 37.004000518436897 ], [ -113.542621544794997, 37.004387517827197 ], [ -113.541766544477994, 37.004694518567199 ], [ -113.540964543862998, 37.004908518394103 ], [ -113.540003545036996, 37.005109518725398 ], [ -113.538921544039994, 37.005296519641398 ], [ -113.537759544474, 37.005362518251403 ], [ -113.536490543880006, 37.005389519557397 ], [ -113.535608543798006, 37.005349518681903 ], [ -113.534379543385995, 37.005255518693602 ], [ -113.533231544063995, 37.005149519009898 ], [ -113.531620542263994, 37.004998519421903 ], [ -113.530801542830005, 37.004926519612503 ], [ -113.530348543990996, 37.004897519520597 ], [ -113.529881543113007, 37.004868520134998 ], [ -113.529385542819995, 37.004847519534003 ], [ -113.529210542917994, 37.0048325198185 ], [ -113.529076543024004, 37.004825519615501 ], [ -113.528602542472996, 37.004847519534003 ], [ -113.527847543511001, 37.004890519323503 ], [ -113.527543542838998, 37.0049245195571 ], [ -113.526445541947993, 37.005092519728002 ], [ -113.525670542895, 37.005254520104899 ], [ -113.524973540963998, 37.005416520136599 ], [ -113.524213541080996, 37.005652519768603 ], [ -113.523352541814006, 37.005903520327202 ], [ -113.522025542391006, 37.006316519605399 ], [ -113.520877541272, 37.006638520525598 ], [ -113.51963954064, 37.006997520825799 ], [ -113.518526541477996, 37.007374520069199 ], [ -113.517522540298998, 37.007607520818702 ], [ -113.515692540911004, 37.0080925199129 ], [ -113.514203540208001, 37.008540520959201 ], [ -113.513242539584994, 37.008842521545198 ], [ -113.512868054400997, 37.008474494262501 ], [ -113.512867315088002, 37.008473802023197 ], [ -113.512836429212001, 37.008444824087498 ], [ -113.512765758748003, 37.0083801150749 ], [ -113.512524838673997, 37.008161764971199 ], [ -113.512501545359001, 37.008139448225997 ], [ -113.512324881777005, 37.007970178620901 ], [ -113.512132912699002, 37.007772959131103 ], [ -113.511730328211996, 37.007345459935799 ], [ -113.511560870016993, 37.007165513545999 ], [ -113.511030696912997, 37.0066025167432 ], [ -113.510954526065007, 37.006524166186999 ], [ -113.510874930838995, 37.006445875808602 ], [ -113.510792487954006, 37.006373129156898 ], [ -113.510749767673005, 37.006336780912797 ], [ -113.510527833492006, 37.006163426185203 ], [ -113.510423374029997, 37.006091059074798 ], [ -113.510315711608996, 37.006021750113099 ], [ -113.510286606193006, 37.006004190336498 ], [ -113.510213994471002, 37.005960029754398 ], [ -113.510213545312993, 37.005960528326803 ], [ -113.510138251338006, 37.0059180446071 ], [ -113.510061695204001, 37.0058770245669 ], [ -113.509983921520003, 37.0058374921107 ], [ -113.509904975604002, 37.005799470276301 ], [ -113.509824903457996, 37.005762981221103 ], [ -113.509743751740004, 37.005728046209498 ], [ -113.509661567736003, 37.005694685600098 ], [ -113.509578399335993, 37.005662918834098 ], [ -113.509494295, 37.0056327644239 ], [ -113.509409303736007, 37.005604239942301 ], [ -113.509323475068001, 37.005577362012197 ], [ -113.509236859008993, 37.005552146297099 ], [ -113.509149506029004, 37.005528607491698 ], [ -113.509061467028005, 37.005506759313597 ], [ -113.508972793306, 37.005486614495197 ], [ -113.508883536534, 37.005468184775999 ], [ -113.508829615159001, 37.005457939227199 ], [ -113.508702260102993, 37.005436341215599 ], [ -113.508705900077004, 37.005423686716199 ], [ -113.508755775439994, 37.0052502610381 ], [ -113.508775283507006, 37.005161398433202 ], [ -113.508788330255001, 37.005071784113298 ], [ -113.508794872099998, 37.004981717434497 ], [ -113.508794887188998, 37.004891499265099 ], [ -113.508791849985002, 37.0048498467171 ], [ -113.508726290935002, 37.004139533181601 ], [ -113.508721991830996, 37.004066505248097 ], [ -113.508720626547003, 37.003993404716901 ], [ -113.508722196487, 37.0039203067358 ], [ -113.508726700037997, 37.003847286450402 ], [ -113.508734132567994, 37.003774418926298 ], [ -113.508744486438999, 37.0037017790726 ], [ -113.508757751005007, 37.0036294415643 ], [ -113.508773912631, 37.003557480765998 ], [ -113.508792954702997, 37.003485970655198 ], [ -113.508814857645007, 37.003414984746101 ], [ -113.50883959894, 37.0033445960146 ], [ -113.508867153154995, 37.003274876822402 ], [ -113.508897491962998, 37.003205898843497 ], [ -113.508930584176994, 37.003137732989998 ], [ -113.508966395776, 37.003070449338999 ], [ -113.509004889945999, 37.003004117061302 ], [ -113.509047272461004, 37.002935371636198 ], [ -113.509035600651004, 37.002931309724097 ], [ -113.509060129150001, 37.002895202315301 ], [ -113.509075802056003, 37.0028890979656 ], [ -113.509083333532004, 37.002862441557902 ], [ -113.509138966197, 37.002788785400703 ], [ -113.509177319768, 37.002740174349597 ], [ -113.509296324085994, 37.0025894332625 ], [ -113.509307643756003, 37.0025932161235 ], [ -113.509487461323005, 37.002379649547798 ], [ -113.509766173521996, 37.002025782011899 ], [ -113.509862294938003, 37.001908909212602 ], [ -113.509964130317996, 37.001795164412002 ], [ -113.510071520238, 37.001684725693003 ], [ -113.510184296576995, 37.001577765962999 ], [ -113.510302282783002, 37.001474452683503 ], [ -113.510425294146998, 37.001374947607502 ], [ -113.510553138096, 37.001279406526201 ], [ -113.510685614485993, 37.001187979025197 ], [ -113.510763211248999, 37.0011377141522 ], [ -113.510842212399993, 37.001088864453202 ], [ -113.510734198072001, 37.000960294750499 ], [ -113.510686996095004, 37.000908581850098 ], [ -113.510644381814998, 37.000867927201 ], [ -113.510593441948004, 37.0008308165784 ], [ -113.510536769932003, 37.000799511291902 ], [ -113.510506073600993, 37.000787041114897 ], [ -113.510509284178994, 37.000774340644199 ], [ -113.510536908272996, 37.000731690062103 ], [ -113.510773640400998, 37.000606364649599 ], [ -113.510935736004001, 37.000015522592399 ] ] ] } },
{ "type": "Feature", "properties": { "OBJECTID": 41, "CountyID": 27, "VistaID": "27STG:16", "PrecinctID": "27STG", "SubPrecinctID": "16", "VersionNbr": null, "EffectiveDate": 1744156800000, "AliasName": "STG:16", "Comments": "formerly STG16", "RcvdDate": 1744156800000, "GlobalID": "9146cf6e-8b9f-422f-9bec-3a3c6b67c2b0", "Shape__Area": 2581328.79296875, "Shape__Length": 7604.2574227544501 }, "geometry": { "type": "Polygon", "coordinates": [ [ [ -113.557282108622999, 37.067933541354797 ], [ -113.557344554110998, 37.0678135249319 ], [ -113.557388554491993, 37.067681525068799 ], [ -113.557404553487999, 37.0675865248785 ], [ -113.557416554979994, 37.067510525213997 ], [ -113.557471554333006, 37.067300525103803 ], [ -113.557486554402004, 37.0671295251069 ], [ -113.557508554142998, 37.066777524654199 ], [ -113.557502368344004, 37.066715677327302 ], [ -113.557501553571996, 37.0667075252003 ], [ -113.557487555124993, 37.066558525266899 ], [ -113.557485553678006, 37.066289524843199 ], [ -113.557577554638002, 37.0659635246978 ], [ -113.557792553824996, 37.065617524959102 ], [ -113.557822553961998, 37.0655075244131 ], [ -113.557839554579004, 37.0653915247333 ], [ -113.557826555058995, 37.065216524213298 ], [ -113.557807554792006, 37.065068524887998 ], [ -113.557783554503004, 37.064964524704997 ], [ -113.557725553878001, 37.064850524823001 ], [ -113.557611554074995, 37.0647155242319 ], [ -113.557591554881995, 37.0646955250796 ], [ -113.557454554615006, 37.0645535244958 ], [ -113.557200554171004, 37.0643395242342 ], [ -113.557016553150007, 37.0641625249418 ], [ -113.556613554541002, 37.063797524736501 ], [ -113.556106554376996, 37.063390524555601 ], [ -113.555937554322995, 37.0632755244823 ], [ -113.555082554004997, 37.063095524921302 ], [ -113.552842552742007, 37.062554525123304 ], [ -113.552613553311005, 37.0626755254793 ], [ -113.552379553858003, 37.062839524889597 ], [ -113.552129553613, 37.062949524286601 ], [ -113.551833553337005, 37.063114525233601 ], [ -113.551564553722997, 37.063279525821699 ], [ -113.551242552610006, 37.063490524851801 ], [ -113.551035552919998, 37.063653524679097 ], [ -113.550826553581004, 37.063768524896297 ], [ -113.550463552460002, 37.0639625252727 ], [ -113.550334552587998, 37.064015524960404 ], [ -113.550205552717003, 37.064045525389297 ], [ -113.55006855245, 37.064064524746897 ], [ -113.549959552670003, 37.064061524848597 ], [ -113.549884552327001, 37.064052525869997 ], [ -113.549793552988007, 37.064043524739901 ], [ -113.549676552812002, 37.0640125250602 ], [ -113.549544551669996, 37.0639605260547 ], [ -113.549404553724003, 37.063886524844399 ], [ -113.549279552254006, 37.063829524473199 ], [ -113.549153551857003, 37.063749524747699 ], [ -113.549054552122996, 37.063658525253203 ], [ -113.548693552448, 37.063308525848903 ], [ -113.548480552911002, 37.063115525929 ], [ -113.548268552300996, 37.062900524496698 ], [ -113.548069552108998, 37.062712525608902 ], [ -113.547956553030005, 37.062599525195303 ], [ -113.547829551909999, 37.062481524678901 ], [ -113.547729551451994, 37.062368525354898 ], [ -113.547614551823997, 37.0622055256339 ], [ -113.547575551465997, 37.062154524664102 ], [ -113.547449551968, 37.061989525213299 ], [ -113.547305552028007, 37.061765524924098 ], [ -113.547275551891005, 37.061718525080202 ], [ -113.546965552269, 37.0612695251044 ], [ -113.546730552092995, 37.060983524451302 ], [ -113.546621552312999, 37.060804524479003 ], [ -113.546541551049003, 37.060685525461103 ], [ -113.546499552114, 37.060600525229098 ], [ -113.546468551253994, 37.060538525193699 ], [ -113.546407551154005, 37.060352525500598 ], [ -113.546329551336001, 37.060160524529699 ], [ -113.546246552393995, 37.059958525022303 ], [ -113.546243551122998, 37.05994952484 ], [ -113.546177551899007, 37.0598305244811 ], [ -113.546102552454002, 37.0596505246316 ], [ -113.545996551249999, 37.059542524803703 ], [ -113.545897551516006, 37.0594175257933 ], [ -113.545846551463001, 37.059353525451797 ], [ -113.545771551119998, 37.059241525082598 ], [ -113.545930552027002, 37.059173525187497 ], [ -113.546124551296998, 37.059085525317101 ], [ -113.547183551828994, 37.058613525378 ], [ -113.547536551107996, 37.0584565249981 ], [ -113.548771552266004, 37.0578795248245 ], [ -113.548973552831001, 37.057789524789399 ], [ -113.549543551845005, 37.0575385243189 ], [ -113.549778501716006, 37.057423897474003 ], [ -113.549873552456006, 37.0573775243653 ], [ -113.550199551971005, 37.057199523827599 ], [ -113.550525551486004, 37.056991524683902 ], [ -113.550922552044, 37.056713524179898 ], [ -113.551124551710998, 37.056545524170602 ], [ -113.551321552252006, 37.056369523966801 ], [ -113.551645552116995, 37.056042524850398 ], [ -113.552683551835003, 37.054914522937601 ], [ -113.553035552186998, 37.054533524089599 ], [ -113.553757552435997, 37.053749523432202 ], [ -113.554069551707002, 37.0534095238297 ], [ -113.554763552365998, 37.052655523661997 ], [ -113.555010553136995, 37.052395523770699 ], [ -113.555268056111004, 37.0521252923361 ], [ -113.559224092891995, 37.052101301557997 ], [ -113.560468126610004, 37.052098889790003 ], [ -113.562496597082003, 37.052094928009303 ], [ -113.562640924907001, 37.052106732337201 ], [ -113.562771177927999, 37.052125738986199 ], [ -113.562785184459997, 37.052222804665902 ], [ -113.562797653974002, 37.057649526434403 ], [ -113.562855739938996, 37.058142047257 ], [ -113.562855023981996, 37.058543193646699 ], [ -113.562854178666996, 37.059002504719501 ], [ -113.562852326341002, 37.060013587045603 ], [ -113.562834059099998, 37.060145145763997 ], [ -113.562812848079005, 37.063086851986 ], [ -113.563685308052996, 37.063085155964401 ], [ -113.563854383565996, 37.063092799530899 ], [ -113.563955448526997, 37.064554739500402 ], [ -113.562843910024995, 37.064410617587697 ], [ -113.562489536323994, 37.064638369767302 ], [ -113.562208307944005, 37.064893365206999 ], [ -113.562161356597002, 37.065240799719398 ], [ -113.562100394227002, 37.065364596364397 ], [ -113.561934620022996, 37.065742318782803 ], [ -113.561570059426003, 37.065947573665497 ], [ -113.560946034832995, 37.066315571219299 ], [ -113.560728706313995, 37.0666636185302 ], [ -113.560580601972006, 37.066874269103202 ], [ -113.560394757607, 37.067060953113199 ], [ -113.560252478839999, 37.067169094197801 ], [ -113.560176607130998, 37.067226761542898 ], [ -113.560094850558002, 37.0673382842092 ], [ -113.560022989827004, 37.067563429240202 ], [ -113.559978480100995, 37.067676695355303 ], [ -113.559919279328, 37.067774040758103 ], [ -113.559850207864997, 37.067855082029503 ], [ -113.559814365983996, 37.067898255455297 ], [ -113.559797829795997, 37.067943308983203 ], [ -113.55970405107, 37.068032611010501 ], [ -113.559474593499004, 37.068157818745199 ], [ -113.559185389876006, 37.067945346802702 ], [ -113.559158064024004, 37.068154659883099 ], [ -113.559128468127994, 37.068268641897099 ], [ -113.559114350206002, 37.068312058793097 ], [ -113.558983060528007, 37.0684258348547 ], [ -113.557282108622999, 37.067933541354797 ] ] ] } },
{ "type": "Feature", "properties": { "OBJECTID": 42, "CountyID": 27, "VistaID": "27STG:56", "PrecinctID": "27STG", "SubPrecinctID": "56", "VersionNbr": null, "EffectiveDate": 1744156800000, "AliasName": "STG:56", "Comments": "formerly STG56", "RcvdDate": 1744156800000, "GlobalID": "55033f69-cfe0-4680-9db7-5a14eb3a7b3d", "Shape__Area": 5111340.2713552117, "Shape__Length": 14160.143219306194 }, "geometry": { "type": "Polygon", "coordinates": [ [ [ -113.615355459963993, 37.134597506974401 ], [ -113.615363571751004, 37.134592529700498 ], [ -113.615086573539003, 37.134420529951399 ], [ -113.614536572819006, 37.1341225296188 ], [ -113.614056571521999, 37.133966529976398 ], [ -113.613723572333996, 37.133858529319397 ], [ -113.613628873734001, 37.133835155953101 ], [ -113.613149803091005, 37.133716914696997 ], [ -113.613100671533005, 37.133704788626801 ], [ -113.613095572695997, 37.133703529612397 ], [ -113.612657693401999, 37.133607409023398 ], [ -113.612644572609, 37.133604528612302 ], [ -113.612716571681005, 37.133372529826502 ], [ -113.612769571384007, 37.133278529387503 ], [ -113.612891571583006, 37.133065528852001 ], [ -113.613236571363998, 37.132776529759099 ], [ -113.613472834571994, 37.132591739321697 ], [ -113.613516571746999, 37.132557529855198 ], [ -113.613579572394002, 37.132509529722903 ], [ -113.613731571832005, 37.132331530130202 ], [ -113.613748571550005, 37.132298528735397 ], [ -113.613814572571002, 37.1321705293091 ], [ -113.613818572769006, 37.132158529038399 ], [ -113.613862475233006, 37.132053746456002 ], [ -113.613971307027995, 37.132053724254497 ], [ -113.614424384917996, 37.132051079406899 ], [ -113.615177190194004, 37.132046678489303 ], [ -113.615726001544004, 37.132043475738399 ], [ -113.616823596396003, 37.132037068087499 ], [ -113.617921236163994, 37.1320304255295 ], [ -113.618796329998005, 37.132025418723302 ], [ -113.619258860859006, 37.132034798517097 ], [ -113.619260752711, 37.132403468537397 ], [ -113.619263991137998, 37.1336313661334 ], [ -113.619276351956003, 37.134246635573902 ], [ -113.619281489420999, 37.135349177571001 ], [ -113.619281263046005, 37.1357602242851 ], [ -113.619770032798996, 37.135757010233 ], [ -113.621594812975005, 37.135744994775997 ], [ -113.623524272932002, 37.135731925869599 ], [ -113.623840083754999, 37.135729755237797 ], [ -113.623840145738995, 37.135759924220999 ], [ -113.623843737203998, 37.1375036734375 ], [ -113.623857315238993, 37.1394780835505 ], [ -113.625977629466007, 37.1394549775965 ], [ -113.627920494083995, 37.139433772904098 ], [ -113.628909932674006, 37.139411999615298 ], [ -113.6307985121, 37.139402301351403 ], [ -113.630820837928994, 37.141270900310097 ], [ -113.630841495588001, 37.142999819338399 ], [ -113.633552675793993, 37.142983348896401 ], [ -113.635330463301003, 37.142961773549899 ], [ -113.637286977819997, 37.142942544060702 ], [ -113.637734848175995, 37.142931129816297 ], [ -113.637738265367005, 37.142931127668099 ], [ -113.637738545641994, 37.142977459178297 ], [ -113.637738782797001, 37.143017004419498 ], [ -113.637738826814001, 37.143017003703399 ], [ -113.637741699627, 37.143016981505099 ], [ -113.637866047122998, 37.143016235355198 ], [ -113.639669545312003, 37.143005367487 ], [ -113.640176054096997, 37.142999929614 ], [ -113.640176053198005, 37.142999784966797 ], [ -113.640176055892994, 37.142999716223699 ], [ -113.640176083740997, 37.142991218561598 ], [ -113.640182852546999, 37.142995525036703 ], [ -113.642117317916998, 37.143960436395602 ], [ -113.643539743576, 37.144110291648197 ], [ -113.644794558873997, 37.144710903359403 ], [ -113.645867025152, 37.145091864996601 ], [ -113.645867029643995, 37.1450923712476 ], [ -113.645867365613, 37.1451289874351 ], [ -113.645867998925993, 37.145197878320701 ], [ -113.645868090554004, 37.145207890189198 ], [ -113.645871438575, 37.145572709544297 ], [ -113.645872013496998, 37.145635289477198 ], [ -113.645929432013006, 37.145635144118998 ], [ -113.647037207471996, 37.145632317869499 ], [ -113.647037254183999, 37.145636476688097 ], [ -113.647048033968005, 37.146556935463998 ], [ -113.647048611585006, 37.1465968382863 ], [ -113.647048991572007, 37.146623034638502 ], [ -113.647074827118999, 37.1484051192718 ], [ -113.647074868442004, 37.148408159508797 ], [ -113.647128346946999, 37.148408164520902 ], [ -113.648202430192995, 37.148408272640502 ], [ -113.648239193745994, 37.1484082755046 ], [ -113.648237617202994, 37.148409705404099 ], [ -113.648245855651993, 37.148409705404099 ], [ -113.648245914941, 37.148413376457697 ], [ -113.648245940094, 37.148414806357103 ], [ -113.648300288168997, 37.151745600064999 ], [ -113.648300312423004, 37.151747030617301 ], [ -113.648301676065998, 37.151830646998 ], [ -113.648301699422007, 37.151832076832697 ], [ -113.648336538783994, 37.153966958174998 ], [ -113.648335984523001, 37.153966956027098 ], [ -113.64828913289, 37.153966752691296 ], [ -113.647235348874005, 37.153962193387002 ], [ -113.645784996390006, 37.153955900716099 ], [ -113.645442527162999, 37.153954414359802 ], [ -113.645442629570994, 37.1539545639978 ], [ -113.645443181136002, 37.153955337962699 ], [ -113.645443542259002, 37.153955849166202 ], [ -113.645442536146007, 37.153955845586303 ], [ -113.645442638554002, 37.153955993792401 ], [ -113.645444227674005, 37.153958227622603 ], [ -113.645445443094005, 37.153959930202099 ], [ -113.645602311401007, 37.154181649688297 ], [ -113.645601523577994, 37.155382651814101 ], [ -113.644881353198002, 37.155385845701403 ], [ -113.644844175521996, 37.1553859437876 ], [ -113.644800496738, 37.155385786276902 ], [ -113.644800494042997, 37.155386168598298 ], [ -113.643759570309001, 37.155391513222298 ], [ -113.643759704158001, 37.1553929415578 ], [ -113.643760150621006, 37.155397669025803 ], [ -113.643761928386994, 37.155416470785397 ], [ -113.643772752187004, 37.155532300432903 ], [ -113.64379105626, 37.155725912668601 ], [ -113.643790861325002, 37.155727400422002 ], [ -113.643744448967993, 37.156084400245597 ], [ -113.643728052916998, 37.156210514206499 ], [ -113.643727841813003, 37.156210636634 ], [ -113.643137281259996, 37.156128678226899 ], [ -113.643139054534998, 37.1561327433946 ], [ -113.643139102145994, 37.156132860810601 ], [ -113.643139379725, 37.156133542395601 ], [ -113.643139483031007, 37.156133795842003 ], [ -113.643141380272994, 37.156138810359899 ], [ -113.643141396442999, 37.156138854748903 ], [ -113.643141418900996, 37.1561389177525 ], [ -113.643141440459999, 37.156138980040197 ], [ -113.643141524902006, 37.156139218451798 ], [ -113.643142788831, 37.156143081004899 ], [ -113.643142919986005, 37.156143507711398 ], [ -113.643143091563999, 37.156144079039898 ], [ -113.643143134683001, 37.156144222945997 ], [ -113.643144521682004, 37.156149299035 ], [ -113.643144529767, 37.156149331968599 ], [ -113.643144543240993, 37.156149384233103 ], [ -113.643144574681997, 37.156149512388197 ], [ -113.643144694157996, 37.156149997086601 ], [ -113.643145500844994, 37.156153621227801 ], [ -113.643146069479002, 37.156156550896803 ], [ -113.643146633621001, 37.156160015380699 ], [ -113.643146662367002, 37.156160212983004 ], [ -113.64314676747, 37.156160946832102 ], [ -113.643147176203001, 37.156164302491298 ], [ -113.643147281306, 37.156165364245602 ], [ -113.643147304661994, 37.156165601941098 ], [ -113.643147340594993, 37.1561659699396 ], [ -113.643147385511, 37.156166446046498 ], [ -113.643147597513007, 37.156169313427398 ], [ -113.643147759209995, 37.156172898190398 ], [ -113.643147806821005, 37.156176215903699 ], [ -113.643147806821005, 37.156176422813303 ], [ -113.643147799633994, 37.156177314887302 ], [ -113.643147702616005, 37.156180853113 ], [ -113.643147660395002, 37.156181731583899 ], [ -113.643147655004995, 37.156181836112602 ], [ -113.643147417850003, 37.156185276968898 ], [ -113.643147116015996, 37.156188341235399 ], [ -113.643146662367002, 37.156191893779699 ], [ -113.643146551873997, 37.1561926283444 ], [ -113.643146534805993, 37.156192732873102 ], [ -113.643145931137994, 37.156196288281002 ], [ -113.643145330164998, 37.156199286679602 ], [ -113.643144510902005, 37.156202833495797 ], [ -113.643144387833004, 37.156203318193903 ], [ -113.643144310577995, 37.156203627484302 ], [ -113.643143342193994, 37.1562071649929 ], [ -113.643142450167005, 37.156210083920598 ], [ -113.643141268882005, 37.156213600666398 ], [ -113.643141183541999, 37.156213834782001 ], [ -113.643140996691997, 37.156214344538299 ], [ -113.643139933086999, 37.156217165380603 ], [ -113.643139849543999, 37.156217370858201 ], [ -113.643139660898001, 37.1562178398054 ], [ -113.643139367149004, 37.156218565778403 ], [ -113.643139186587007, 37.156219008951403 ], [ -113.643139153350006, 37.1562190920015 ], [ -113.643139089569004, 37.156219247362699 ], [ -113.643138940449006, 37.156219615360797 ], [ -113.643137477991999, 37.156222969585599 ], [ -113.643134929471003, 37.1562282447033 ], [ -113.643133122959, 37.156231628997503 ], [ -113.643131208648995, 37.156234971050502 ], [ -113.643128737384004, 37.1562389646176 ], [ -113.643126567951995, 37.156242225051997 ], [ -113.643124791982999, 37.156244744478599 ], [ -113.643121955102998, 37.156248531851602 ], [ -113.643119415566005, 37.156251704223898 ], [ -113.643117415915995, 37.156254072584801 ], [ -113.643114209828994, 37.156257665219201 ], [ -113.643111332524995, 37.156260692969198 ], [ -113.643105572528, 37.1562662723627 ], [ -113.643096097097995, 37.1562742967227 ], [ -113.643092592770003, 37.156276962201801 ], [ -113.643092087018999, 37.1562773323475 ], [ -113.643091910948996, 37.156277460502501 ], [ -113.643087051961004, 37.156280877728101 ], [ -113.643081553374003, 37.156284452462501 ], [ -113.643077641209999, 37.156286812946902 ], [ -113.643070327127006, 37.156290873810399 ], [ -113.643066160741, 37.156292993019797 ], [ -113.643065662175999, 37.156293234294701 ], [ -113.643064846505993, 37.156293627350699 ], [ -113.643064732420001, 37.156293682478797 ], [ -113.643063790984996, 37.156294135674599 ], [ -113.643063299606993, 37.156294371221797 ], [ -113.643058989490001, 37.156296338649902 ], [ -113.643048648982997, 37.156300533395402 ], [ -113.643047656345004, 37.156300901393202 ], [ -113.643040667451999, 37.156303311993497 ], [ -113.643034679281996, 37.156305150550502 ], [ -113.643034347804004, 37.156305245771698 ], [ -113.643033769289005, 37.156305409723998 ], [ -113.643033325521003, 37.156305535731001 ], [ -113.643033206045004, 37.156305569380699 ], [ -113.643032441578995, 37.156305784881297 ], [ -113.643027942816005, 37.1563069798001 ], [ -113.643022807147005, 37.1563082076526 ], [ -113.643014789682994, 37.156309852903298 ], [ -113.643009781575998, 37.1563107141899 ], [ -113.643009389910006, 37.156310774329597 ], [ -113.643008418831002, 37.156310921099099 ], [ -113.643008268813006, 37.156310944009498 ], [ -113.643008230185004, 37.156310949737097 ], [ -113.643007058782004, 37.156311127292398 ], [ -113.643006680591, 37.156311184568303 ], [ -113.643001601517, 37.156311856128397 ], [ -113.643001232309004, 37.156311899085303 ], [ -113.642996113709003, 37.156312439626802 ], [ -113.642990603442996, 37.156312881367199 ], [ -113.642990271065997, 37.156312902129798 ], [ -113.642984764393006, 37.156313192089101 ], [ -113.642979140041007, 37.156313341722402 ], [ -113.642974630498998, 37.156313356041402 ], [ -113.642974428377997, 37.156313353893502 ], [ -113.642974016050999, 37.156313351745702 ], [ -113.642973731284997, 37.156313348881902 ], [ -113.642968484224994, 37.156313223590899 ], [ -113.642968215628997, 37.1563132114197 ], [ -113.642967867981, 37.156313197816701 ], [ -113.642967602978004, 37.156313186361501 ], [ -113.642961120734995, 37.156312826239201 ], [ -113.642960200860003, 37.156312761087797 ], [ -113.642959956517998, 37.156312744620998 ], [ -113.642954698679006, 37.156312277106402 ], [ -113.642954472303998, 37.156312252764103 ], [ -113.642954393251998, 37.156312244172703 ], [ -113.642954100400999, 37.156312213386897 ], [ -113.642947702599997, 37.156311447321599 ], [ -113.642947519342997, 37.1563114215474 ], [ -113.642946489874006, 37.156311280505498 ], [ -113.642946293142998, 37.1563112532994 ], [ -113.642941054168006, 37.156310444993103 ], [ -113.642940872707996, 37.156310413491298 ], [ -113.642940763113998, 37.156310395592598 ], [ -113.642935655293002, 37.1563094648589 ], [ -113.642935490002998, 37.156309431209401 ], [ -113.642934461432006, 37.156309225016102 ], [ -113.642934251225995, 37.156309182775097 ], [ -113.642927982781998, 37.156307824619901 ], [ -113.642927932476994, 37.156307813164801 ], [ -113.642927688135003, 37.156307754456897 ], [ -113.642927638727997, 37.156307741569798 ], [ -113.642927550693003, 37.156307722239198 ], [ -113.642927501285001, 37.156307710783999 ], [ -113.642922402447994, 37.1563064313832 ], [ -113.642922352141994, 37.156306418496101 ], [ -113.642922284769, 37.156306399881501 ], [ -113.642922234463001, 37.156306385562502 ], [ -113.642921528387006, 37.156306194404102 ], [ -113.642921478081007, 37.156306180801103 ], [ -113.642921240926, 37.156306117081598 ], [ -113.642921190620996, 37.156306103478599 ], [ -113.642915161128002, 37.156304368018297 ], [ -113.642915110822997, 37.156304352983398 ], [ -113.6429145898, 37.156304192610797 ], [ -113.642914539494001, 37.156304177575798 ], [ -113.642914490985007, 37.156304162540899 ], [ -113.642914440680002, 37.156304147505999 ], [ -113.642909454131001, 37.1563025344729 ], [ -113.642909397538006, 37.156302514426301 ], [ -113.642909326571001, 37.156302490084002 ], [ -113.642908890887995, 37.156302339018801 ], [ -113.642908841479993, 37.156302322552001 ], [ -113.642908604325001, 37.156302239501898 ], [ -113.642908554019002, 37.156302222319098 ], [ -113.642908012334999, 37.156302031876599 ], [ -113.642902720359999, 37.156300114565198 ], [ -113.642896175234995, 37.156297487032198 ], [ -113.642890740427006, 37.156295090750604 ], [ -113.642890692817005, 37.156295069272197 ], [ -113.642890579628997, 37.156295015575999 ], [ -113.642890531120003, 37.1562949940975 ], [ -113.642889660652003, 37.156294591734103 ], [ -113.642889620228004, 37.156294573119403 ], [ -113.642884939107006, 37.156292302844903 ], [ -113.642884893293001, 37.156292279934497 ], [ -113.642881591085995, 37.156290699834798 ], [ -113.642881544374006, 37.156290679072299 ], [ -113.642880982028004, 37.156290429206003 ], [ -113.642880934418002, 37.156290409159503 ], [ -113.642880833806004, 37.156290363338698 ], [ -113.642880785296995, 37.156290341860199 ], [ -113.64287691266, 37.156288723099301 ], [ -113.642876863252994, 37.156288704484602 ], [ -113.642876410501998, 37.156288526213203 ], [ -113.642876361993004, 37.156288506882603 ], [ -113.642872859462003, 37.156287235356899 ], [ -113.642872810054001, 37.1562872188901 ], [ -113.642872733697999, 37.156287193831901 ], [ -113.642872684289998, 37.156287176649101 ], [ -113.642872608831993, 37.156287152306803 ], [ -113.642872558525994, 37.156287135124103 ], [ -113.642869845614001, 37.156286264529903 ], [ -113.642869795308002, 37.156286248778997 ], [ -113.642867397705004, 37.156285548580698 ], [ -113.642867352788997, 37.156285532829799 ], [ -113.642864095497998, 37.156284686577898 ], [ -113.642864045191999, 37.156284670826999 ], [ -113.642863640949997, 37.156284569878203 ], [ -113.642859877907, 37.156283747252601 ], [ -113.642859617395999, 37.156283697136097 ], [ -113.642859430545997, 37.156283660622698 ], [ -113.642855124920999, 37.1562829188994 ], [ -113.642854902139007, 37.156282884533802 ], [ -113.642854157436005, 37.156282774277599 ], [ -113.642850588428999, 37.156282329673203 ], [ -113.642850301867, 37.156282298171398 ], [ -113.642850228205006, 37.156282289579998 ], [ -113.642846424737996, 37.156281962391198 ], [ -113.642846016004, 37.156281938764899 ], [ -113.642845776154005, 37.156281924445899 ], [ -113.642841428308003, 37.1562817447426 ], [ -113.642841238764007, 37.156281740447 ], [ -113.642840581197007, 37.1562817282758 ], [ -113.642836833424994, 37.156281743310799 ], [ -113.642836798391002, 37.1562817440267 ], [ -113.642836682509, 37.1562817468905 ], [ -113.642832786515001, 37.156281909411 ], [ -113.642832242135995, 37.156281945924398 ], [ -113.642827928426001, 37.156282315354197 ], [ -113.642827675101003, 37.156282342560203 ], [ -113.642826985195001, 37.1562824177349 ], [ -113.642826950160995, 37.1562824205987 ], [ -113.642823361390995, 37.156282897420802 ], [ -113.642823188015996, 37.1562829210472 ], [ -113.642823137711005, 37.1562829289226 ], [ -113.642823099981001, 37.1562829346502 ], [ -113.642809798626999, 37.156284902794503 ], [ -113.642809761796002, 37.156284907806203 ], [ -113.642807277055994, 37.156285257189403 ], [ -113.642806636556998, 37.156285346682999 ], [ -113.642790105759005, 37.1562875589659 ], [ -113.642789827282002, 37.156287594047399 ], [ -113.642789732959002, 37.156287605502598 ], [ -113.642789697924002, 37.156287610514298 ], [ -113.642776321111, 37.156289227127502 ], [ -113.642776287874, 37.156289231423102 ], [ -113.642773992678002, 37.156289492744499 ], [ -113.642773496808005, 37.156289548588603 ], [ -113.642757078299994, 37.156291304811802 ], [ -113.642756866297006, 37.156291325574301 ], [ -113.642756343477998, 37.156291378554599 ], [ -113.642756157525994, 37.156291397169198 ], [ -113.642756119796999, 37.156291400748998 ], [ -113.642742686389994, 37.156292666547003 ], [ -113.642742651356002, 37.156292669410803 ], [ -113.642740729859995, 37.156292837658903 ], [ -113.642740199854003, 37.156292883479601 ], [ -113.642723640309995, 37.156294214429003 ], [ -113.642723507358994, 37.156294223736303 ], [ -113.642722722231994, 37.156294282444101 ], [ -113.642722441058993, 37.1562943032067 ], [ -113.642722406922999, 37.1562943053545 ], [ -113.642708896260999, 37.156295218189598 ], [ -113.642707082561998, 37.156295326297901 ], [ -113.642706788813001, 37.1562953449126 ], [ -113.642690641596005, 37.1562962226661 ], [ -113.642673295128006, 37.156296935751399 ], [ -113.642656526276994, 37.156297402550202 ], [ -113.642655211142994, 37.1562974319041 ], [ -113.642654720663003, 37.1562974419274 ], [ -113.642648450422001, 37.156297552183503 ], [ -113.642641158797005, 37.156297640961199 ], [ -113.642639752934002, 37.156297650984499 ], [ -113.642639471761001, 37.156297652416399 ], [ -113.642622974201004, 37.156297681054397 ], [ -113.642622359753005, 37.156297678190597 ], [ -113.642621328486996, 37.156297672462998 ], [ -113.642620811955993, 37.156297669599198 ], [ -113.642607252784998, 37.156297512806297 ], [ -113.642606199061007, 37.156297492759798 ], [ -113.642605770564998, 37.156297485600298 ], [ -113.642589431107993, 37.1562970832369 ], [ -113.642588669337002, 37.156297059610601 ], [ -113.642587436848004, 37.156297022381203 ], [ -113.642586913130003, 37.156297005198397 ], [ -113.642574976316993, 37.1562965570144 ], [ -113.642573891151997, 37.156296510477603 ], [ -113.642573365638, 37.156296488283203 ], [ -113.642572670340996, 37.156296456065498 ], [ -113.642572080148, 37.156296431007299 ], [ -113.642555928440004, 37.156295611961603 ], [ -113.642555305906995, 37.156295576164098 ], [ -113.642553590125004, 37.156295476647202 ], [ -113.642553061016997, 37.156295445861403 ], [ -113.642541607496995, 37.156294713445497 ], [ -113.642540071377994, 37.156294609632901 ], [ -113.642539544965004, 37.156294573835403 ], [ -113.642539201809001, 37.156294550209097 ], [ -113.642522502128003, 37.1562932657964 ], [ -113.642521954155001, 37.156293219259702 ], [ -113.642519826047007, 37.156293040988402 ], [ -113.642519287956006, 37.156292995167703 ], [ -113.642506351316996, 37.156291819579202 ], [ -113.642505815920998, 37.156291768030897 ], [ -113.642494727118006, 37.156290643990801 ], [ -113.642485640657995, 37.156289656696899 ], [ -113.642472587238998, 37.156288120270098 ], [ -113.642472221624999, 37.1562880730174 ], [ -113.642458828642006, 37.1562863482959 ], [ -113.642456026797007, 37.156285966695002 ], [ -113.642455565063003, 37.156285903691497 ], [ -113.642439512169005, 37.1562836040627 ], [ -113.642439343285005, 37.156283579004501 ], [ -113.642438798905999, 37.156283496670298 ], [ -113.642425484076995, 37.156281418269799 ], [ -113.642423049643, 37.156281020202002 ], [ -113.642422262718995, 37.1562808920471 ], [ -113.642406636524001, 37.156278227284098 ], [ -113.642406129874004, 37.156278137790501 ], [ -113.642405583699002, 37.156278040421398 ], [ -113.642392361396006, 37.156275613353401 ], [ -113.642390283593002, 37.156275216001497 ], [ -113.642389701484007, 37.156275104313401 ], [ -113.642373999832003, 37.156271997809498 ], [ -113.642373159008002, 37.156271825265698 ], [ -113.642372609239004, 37.156271712145703 ], [ -113.642359494735004, 37.1562689371262 ], [ -113.642357779850997, 37.156268561968801 ], [ -113.642357507661004, 37.156268501828997 ], [ -113.642341629938997, 37.156264918502501 ], [ -113.642325084768004, 37.156260949995101 ], [ -113.642314532257998, 37.156258290243002 ], [ -113.642309616676997, 37.156257022296501 ], [ -113.642309567268995, 37.156257008693501 ], [ -113.642309158535994, 37.156256901301099 ], [ -113.642309109129002, 37.156256888413999 ], [ -113.642307574805997, 37.156256488198203 ], [ -113.642307525399005, 37.156256474595203 ], [ -113.642303253010994, 37.156255334803703 ], [ -113.642302132812006, 37.156255033389002 ], [ -113.642298986013998, 37.156254180693097 ], [ -113.642294721710996, 37.156253023002897 ], [ -113.642294671404997, 37.156253010115798 ], [ -113.642293711106007, 37.156252745214502 ], [ -113.642293660801002, 37.156252731611403 ], [ -113.642293030182998, 37.156252555487796 ], [ -113.642292979877993, 37.156252541168897 ], [ -113.642277895367002, 37.1562482648025 ], [ -113.642277845061997, 37.1562482504835 ], [ -113.642275544476007, 37.156247580354702 ], [ -113.642275494171002, 37.156247565319802 ], [ -113.642265968434998, 37.1562447351712 ], [ -113.642262836908003, 37.156243785822099 ], [ -113.642262787500997, 37.156243770787199 ], [ -113.642262172155, 37.156243581060501 ], [ -113.642262122747994, 37.156243566025601 ], [ -113.642261825405001, 37.156243474383999 ], [ -113.642261775099996, 37.156243459349099 ], [ -113.642246545961001, 37.156238691840798 ], [ -113.642246495655002, 37.156238676089899 ], [ -113.642246056378994, 37.156238533615898 ], [ -113.642246006072995, 37.156238517148999 ], [ -113.642243895931003, 37.156237839860701 ], [ -113.642243845625003, 37.156237824109802 ], [ -113.642231349160994, 37.156233713127001 ], [ -113.642231298854995, 37.156233696660102 ], [ -113.642231023970993, 37.156233604302599 ], [ -113.642230974564001, 37.1562335871199 ], [ -113.642230521813005, 37.1562334317588 ], [ -113.642230471507006, 37.156233414575901 ], [ -113.642215605287006, 37.156228304127097 ], [ -113.64221555588, 37.156228287660198 ], [ -113.642215015993003, 37.1562280965017 ], [ -113.642214965687003, 37.156228077887 ], [ -113.642212666, 37.156227267431902 ], [ -113.642212615694007, 37.156227250965003 ], [ -113.642200293502995, 37.156222814224499 ], [ -113.642200244994001, 37.1562227963257 ], [ -113.642188677388006, 37.156218631645899 ], [ -113.642188628878998, 37.1562186137471 ], [ -113.642186733434002, 37.156217947197803 ], [ -113.642186683128998, 37.156217930015004 ], [ -113.642186275293, 37.156217785393203 ], [ -113.642186229478995, 37.156217771074203 ], [ -113.642186183665004, 37.156217756039197 ], [ -113.642181731614997, 37.156216223190697 ], [ -113.642180075121004, 37.156215653294602 ], [ -113.642173083532995, 37.1562132462712 ], [ -113.642173033228005, 37.156213229804401 ], [ -113.642171124308007, 37.156212591177102 ], [ -113.642171074001993, 37.156212573994303 ], [ -113.642159341105994, 37.156208719320098 ], [ -113.642159290801004, 37.156208703569199 ], [ -113.642147489633004, 37.156204977049903 ], [ -113.642147439327005, 37.156204962015003 ], [ -113.642145504355994, 37.156204369924403 ], [ -113.642145454949002, 37.156204354889397 ], [ -113.642144774025994, 37.156204144400199 ], [ -113.642144723719994, 37.1562041293652 ], [ -113.642131590350004, 37.156200191640401 ], [ -113.642131540942998, 37.156200177321402 ], [ -113.642129597887006, 37.156199607425201 ], [ -113.642129547581007, 37.156199593106201 ], [ -113.642117597292994, 37.1561961873321 ], [ -113.642117546988004, 37.1561961730131 ], [ -113.642105538308996, 37.156192899689501 ], [ -113.642105488002997, 37.156192886086501 ], [ -113.642103522488995, 37.156192364874798 ], [ -113.642103472184004, 37.156192351987698 ], [ -113.642102942177999, 37.156192213809398 ], [ -113.642102891872, 37.156192199490398 ], [ -113.642102843363006, 37.156192185171399 ], [ -113.642102785871003, 37.1561921722843 ], [ -113.642102736463997, 37.1561921601131 ], [ -113.642089380312001, 37.156188717825202 ], [ -113.642089330904994, 37.156188705654003 ], [ -113.642087351018006, 37.156188210932498 ], [ -113.642087300712006, 37.156188198761299 ], [ -113.642075162675994, 37.156185246183099 ], [ -113.642075113269001, 37.156185229716201 ], [ -113.642062875519002, 37.156182401713203 ], [ -113.642060827360993, 37.156181944937003 ], [ -113.642060098827002, 37.156181778836597 ], [ -113.642060028757996, 37.156181765949498 ], [ -113.642058134210998, 37.156181354994096 ], [ -113.642046487553998, 37.156178834849499 ], [ -113.642044429513007, 37.156178405279398 ], [ -113.642032082170005, 37.1561759066132 ], [ -113.642008902041994, 37.1563845220453 ], [ -113.641993285729001, 37.156524997401803 ], [ -113.641983088952998, 37.156616803217503 ], [ -113.642418276894006, 37.156654523540901 ], [ -113.642433199707, 37.156654682480799 ], [ -113.642541654210007, 37.156655873814401 ], [ -113.642658692115006, 37.156733764366898 ], [ -113.642762443937002, 37.157101560847899 ], [ -113.643112211976003, 37.157594274439496 ], [ -113.643112242518995, 37.157594318111698 ], [ -113.643070249871997, 37.1575941913908 ], [ -113.643048898714994, 37.157594126240603 ], [ -113.643000198348005, 37.157593975893903 ], [ -113.642433705458998, 37.157592248338403 ], [ -113.642433705458998, 37.157592457391999 ], [ -113.642433708154002, 37.157592662865902 ], [ -113.642435703312003, 37.161238414343103 ], [ -113.642435713192995, 37.161243792916601 ], [ -113.641044293785001, 37.161252118142997 ], [ -113.641120395463005, 37.161297746151902 ], [ -113.641128948322006, 37.161303092505698 ], [ -113.641129746925003, 37.161303590773201 ], [ -113.641102212663, 37.161303085346603 ], [ -113.641073115333, 37.161328756143803 ], [ -113.640990428105994, 37.161401712189601 ], [ -113.640980852962997, 37.1613959420295 ], [ -113.640907931401003, 37.1613510479078 ], [ -113.640833607336006, 37.161307639077599 ], [ -113.640757928393995, 37.161265743356097 ], [ -113.640680943066002, 37.161225387590903 ], [ -113.640602700681001, 37.161186597643002 ], [ -113.640523251374006, 37.161149398369702 ], [ -113.640442646051994, 37.161113813609397 ], [ -113.640360936364999, 37.161079866165501 ], [ -113.640195115693999, 37.161020502795097 ], [ -113.640031878355998, 37.160956754023303 ], [ -113.639871406894997, 37.160888691127901 ], [ -113.639713880764006, 37.160816390210798 ], [ -113.639603656581002, 37.160762396541202 ], [ -113.639521808075997, 37.160714531440199 ], [ -113.639442022498997, 37.160664502997797 ], [ -113.639364389834995, 37.1606123676343 ], [ -113.639288997644002, 37.160558184146701 ], [ -113.639215930955999, 37.160502013641697 ], [ -113.639145272180997, 37.160443919467099 ], [ -113.639077101010002, 37.160383967140397 ], [ -113.639011494331996, 37.160322224274701 ], [ -113.638481453279994, 37.159790745872101 ], [ -113.638376108073004, 37.159680018086398 ], [ -113.638275539654003, 37.159566504189499 ], [ -113.635655652534993, 37.156493701924298 ], [ -113.633532806855996, 37.153994157197197 ], [ -113.633449455773999, 37.153899530132101 ], [ -113.633362324581995, 37.153807718152997 ], [ -113.633271626178995, 37.153718720554203 ], [ -113.633177498907003, 37.153629784424403 ], [ -113.633079803526996, 37.1535436612563 ], [ -113.632978837379994, 37.153463091099503 ], [ -113.632874653469003, 37.153382580998901 ], [ -113.632289198940001, 37.152945071455001 ], [ -113.632282908936006, 37.152940371040799 ], [ -113.631450070954997, 37.152317978500001 ], [ -113.630264013607004, 37.151433066692903 ], [ -113.629925730153005, 37.1511762546249 ], [ -113.629592104899999, 37.150915599197504 ], [ -113.629263206545005, 37.150651154042002 ], [ -113.628939102811003, 37.150382973570601 ], [ -113.628619860431996, 37.150111112964197 ], [ -113.628305545144002, 37.149835628161902 ], [ -113.627996221667004, 37.149556575848997 ], [ -113.627691953693002, 37.1492740134453 ], [ -113.627489425966004, 37.149080064739799 ], [ -113.627289389444002, 37.148884479886902 ], [ -113.627091864918, 37.148687279202399 ], [ -113.626896872916006, 37.148488483169999 ], [ -113.626704433707005, 37.148288112439303 ], [ -113.626514567290997, 37.1480861878238 ], [ -113.626327293402994, 37.147882730298299 ], [ -113.626142631506994, 37.147677760997098 ], [ -113.625960600796006, 37.147471301212001 ], [ -113.625781220190007, 37.147263372389297 ], [ -113.625604508332998, 37.147053996128498 ], [ -113.625430483591003, 37.146843194179297 ], [ -113.625259164053006, 37.146630988440002 ], [ -113.625090567523998, 37.146417400954697 ], [ -113.624924711527996, 37.1462024539113 ], [ -113.624761613302994, 37.145986169639102 ], [ -113.624638854026003, 37.145820023569001 ], [ -113.62451772032, 37.145653120779798 ], [ -113.624398219518, 37.145485471371799 ], [ -113.624280358855998, 37.145317085490298 ], [ -113.624027664563002, 37.144953141355401 ], [ -113.622856390790005, 37.143266160804103 ], [ -113.622763779324004, 37.143122753335703 ], [ -113.622677237892006, 37.142976956305603 ], [ -113.622596863365999, 37.142828932899498 ], [ -113.622522745713994, 37.142678848795903 ], [ -113.622019471762002, 37.141569920840503 ], [ -113.621990567018997, 37.1415057698092 ], [ -113.621959814980997, 37.141442166872203 ], [ -113.62192723199, 37.141379145828203 ], [ -113.621892835357997, 37.141316740166602 ], [ -113.620802264434005, 37.139636089101799 ], [ -113.620299050669999, 37.138844115226902 ], [ -113.620108553031997, 37.138544297625103 ], [ -113.620049336150998, 37.1384513655223 ], [ -113.619988405507002, 37.138359140007097 ], [ -113.619925774368994, 37.138267641164397 ], [ -113.619861456373002, 37.138176888921301 ], [ -113.619795465527005, 37.138086903042101 ], [ -113.619727816199003, 37.137997703124299 ], [ -113.619658523119995, 37.137909308594502 ], [ -113.619587601380005, 37.1378217387037 ], [ -113.619515066421002, 37.137735012523599 ], [ -113.619440934039005, 37.137649148942003 ], [ -113.619365220377006, 37.137564166659097 ], [ -113.619287941920007, 37.137480084183103 ], [ -113.619209115497, 37.137396919826301 ], [ -113.619128758273007, 37.137314691701199 ], [ -113.619046887745995, 37.137233417716402 ], [ -113.618963521742998, 37.137153115572602 ], [ -113.618819921554007, 37.1370348479917 ], [ -113.618671467766006, 37.136919415394701 ], [ -113.616797510219001, 37.1355493383519 ], [ -113.616328595927996, 37.135206495812298 ], [ -113.616212510170001, 37.135124915049602 ], [ -113.616094773412996, 37.135044852032799 ], [ -113.615975416880005, 37.134966327998598 ], [ -113.615854472223006, 37.1348893637755 ], [ -113.615731971516993, 37.1348139797785 ], [ -113.615607947244996, 37.1347401960033 ], [ -113.615482432299004, 37.134668032021303 ], [ -113.615355459963993, 37.134597506974401 ] ] ] } },
{ "type": "Feature", "properties": { "OBJECTID": 43, "CountyID": 27, "VistaID": "27STG:38", "PrecinctID": "27STG", "SubPrecinctID": "38", "VersionNbr": null, "EffectiveDate": 1744156800000, "AliasName": "STG:38", "Comments": "formerly STG38", "RcvdDate": 1744156800000, "GlobalID": "2f10a1e5-ac4c-401d-a526-cbbacd054652", "Shape__Area": 1342946.4641456604, "Shape__Length": 5554.0476328532222 }, "geometry": { "type": "Polygon", "coordinates": [ [ [ -113.563573324068997, 37.097992878765702 ], [ -113.563791517466001, 37.097760064011602 ], [ -113.564015037870007, 37.097530485916202 ], [ -113.564243809795002, 37.097304222040499 ], [ -113.564477755981997, 37.097081348826599 ], [ -113.564664667545003, 37.096909105494603 ], [ -113.564797235382002, 37.096789920917097 ], [ -113.564931302792999, 37.096671808122601 ], [ -113.565107695066999, 37.096519980765002 ], [ -113.565286565826995, 37.096370009249902 ], [ -113.565396250123001, 37.096279962460699 ], [ -113.565432066851002, 37.096250866848699 ], [ -113.565431405691001, 37.0962486958013 ], [ -113.565434704305005, 37.096248729477601 ], [ -113.565648705743001, 37.096078022554799 ], [ -113.565865955499007, 37.095909945910797 ], [ -113.566086402750003, 37.095744538883203 ], [ -113.566309995924996, 37.095581840184899 ], [ -113.566536682716006, 37.095421887895299 ], [ -113.566766410092001, 37.095264719451102 ], [ -113.566999124310001, 37.095110371637801 ], [ -113.567234770929005, 37.094958880580897 ], [ -113.567461129896003, 37.094817754675397 ], [ -113.567690036217002, 37.094679267322398 ], [ -113.567865104771997, 37.094576133607497 ], [ -113.568041586798998, 37.094474544023399 ], [ -113.568219460890006, 37.094374510900501 ], [ -113.568398705467004, 37.094276046380003 ], [ -113.570685493685005, 37.092902270397403 ], [ -113.571089959242997, 37.0926592789422 ], [ -113.571943569867003, 37.0921464472083 ], [ -113.572252821191995, 37.091960651148902 ], [ -113.573960164610995, 37.090934862253597 ], [ -113.5743246758, 37.090715853811602 ], [ -113.576343770554999, 37.0895026802554 ], [ -113.576654425914995, 37.089320854356302 ], [ -113.576961009274996, 37.089134682004797 ], [ -113.577125247360001, 37.089032103569501 ], [ -113.577349128189994, 37.088888975503203 ], [ -113.577367860758997, 37.088876825054697 ], [ -113.577372641593001, 37.088873719366497 ], [ -113.577376391160996, 37.088871282970501 ], [ -113.577413814077005, 37.088846898941803 ], [ -113.577923625069005, 37.088503467967598 ], [ -113.578505416268001, 37.088084368827502 ], [ -113.578941930121999, 37.0877492189842 ], [ -113.57934800097, 37.087424687682699 ], [ -113.579349957500995, 37.087425720304402 ], [ -113.579289658087006, 37.0881959640083 ], [ -113.579217622184999, 37.088316712775502 ], [ -113.579219654173997, 37.088508183849797 ], [ -113.579313743716995, 37.088506859590602 ], [ -113.579299532369006, 37.089718661790499 ], [ -113.579359877596005, 37.091714799032502 ], [ -113.579423325605006, 37.0945239409062 ], [ -113.579439166496996, 37.095838312983297 ], [ -113.579315082205994, 37.095840069176703 ], [ -113.579164187697003, 37.095842203693302 ], [ -113.579151575349997, 37.096313613674802 ], [ -113.579164803043, 37.097148841835903 ], [ -113.579158517530999, 37.0979919236702 ], [ -113.579143936077003, 37.097986193096297 ], [ -113.563962469759005, 37.097977943304798 ], [ -113.563573324068997, 37.097992878765702 ] ] ] } },
{ "type": "Feature", "properties": { "OBJECTID": 45, "CountyID": 27, "VistaID": "27STG:46", "PrecinctID": "27STG", "SubPrecinctID": "46", "VersionNbr": null, "EffectiveDate": 1744156800000, "AliasName": "STG:46", "Comments": "formerly STG46", "RcvdDate": 1744156800000, "GlobalID": "6bad659b-9f89-4981-9191-eefcf0473fd5", "Shape__Area": 2125556.7357852459, "Shape__Length": 10252.125756509891 }, "geometry": { "type": "Polygon", "coordinates": [ [ [ -113.610188202228002, 37.091085824973398 ], [ -113.610408759292, 37.0911752903517 ], [ -113.610609615403007, 37.090857518778201 ], [ -113.610660239062, 37.090764231561501 ], [ -113.610766484606998, 37.090782760604903 ], [ -113.610871229965994, 37.090808067667901 ], [ -113.610978805017993, 37.090841886122803 ], [ -113.611565887294006, 37.091078253018701 ], [ -113.611512268650998, 37.091164220850303 ], [ -113.611468570103995, 37.091181700027803 ], [ -113.611126599442002, 37.0915341805079 ], [ -113.611239152956998, 37.091579836234999 ], [ -113.611523306251001, 37.091927698795601 ], [ -113.611784297384006, 37.092310448808497 ], [ -113.611900439669, 37.092480768617797 ], [ -113.611938361149996, 37.092536382420803 ], [ -113.612127862555994, 37.092927903498797 ], [ -113.612202423623003, 37.093081965614601 ], [ -113.612649977771994, 37.093110593821699 ], [ -113.612732807830994, 37.0938014795423 ], [ -113.613153609253004, 37.094300590598898 ], [ -113.613183300369997, 37.094993665214297 ], [ -113.612923608201001, 37.094992400540299 ], [ -113.613025158252, 37.095413963584299 ], [ -113.613025209455998, 37.095544598197201 ], [ -113.613394822177995, 37.0964236426152 ], [ -113.613542637262995, 37.0972338505414 ], [ -113.613693082615001, 37.097621134302699 ], [ -113.613664365272001, 37.097843061163097 ], [ -113.614315149779998, 37.098843586871801 ], [ -113.614330269324, 37.100142079890396 ], [ -113.614294614292007, 37.100233280637099 ], [ -113.614297388289998, 37.100323650874998 ], [ -113.615728719846004, 37.101562056399501 ], [ -113.616062443076004, 37.101637933805499 ], [ -113.616046539302005, 37.101678098897999 ], [ -113.616429193765995, 37.102161552824803 ], [ -113.616457303847, 37.102123069524303 ], [ -113.617034730132005, 37.102679743932804 ], [ -113.617057221251997, 37.1029136286434 ], [ -113.617071868283006, 37.103073501664298 ], [ -113.617292157647995, 37.103743581926302 ], [ -113.617429059998997, 37.103871013279402 ], [ -113.617756448310004, 37.104113963763297 ], [ -113.617533809850002, 37.1043696589456 ], [ -113.618212075618004, 37.104843428823798 ], [ -113.618663940782994, 37.105064281369401 ], [ -113.618922501073996, 37.105150863793902 ], [ -113.619331232731994, 37.105287733918601 ], [ -113.619902609761994, 37.105561538621103 ], [ -113.621030395193998, 37.105649668679 ], [ -113.621165814426007, 37.105659988829402 ], [ -113.621338852408002, 37.105644607112197 ], [ -113.621442110155996, 37.105545210480699 ], [ -113.621837305998994, 37.1056003038805 ], [ -113.622366964368993, 37.105554846455398 ], [ -113.622484251106997, 37.105668803762697 ], [ -113.622421368139001, 37.1058011630439 ], [ -113.622562915678003, 37.105857214836099 ], [ -113.622170158760994, 37.106588262156599 ], [ -113.621346994736996, 37.108048740910498 ], [ -113.621342230970996, 37.108057524044 ], [ -113.621206519786, 37.108009931054298 ], [ -113.620891875875003, 37.107899589394002 ], [ -113.620812616603999, 37.107871250823798 ], [ -113.620735731159996, 37.107839020118298 ], [ -113.620661519690998, 37.107803023096103 ], [ -113.620590271908, 37.107763400278699 ], [ -113.620537298003001, 37.107730314157699 ], [ -113.620486385299998, 37.107695230228003 ], [ -113.620437652142996, 37.107658230038801 ], [ -113.620391211813001, 37.107619399593403 ], [ -113.620347172257993, 37.107578829149503 ], [ -113.620305635847998, 37.1075366130096 ], [ -113.620266699132003, 37.107492849301501 ], [ -113.620230452620007, 37.107447639750198 ], [ -113.620168103251004, 37.107336818707303 ], [ -113.620134066982999, 37.1072763233839 ], [ -113.619965232217993, 37.106968965816797 ], [ -113.619934209118, 37.106917787025203 ], [ -113.619899104954001, 37.106868313511299 ], [ -113.619860066395006, 37.106820751983904 ], [ -113.619817256548998, 37.1067753011638 ], [ -113.619770854278997, 37.106732150952702 ], [ -113.619721053457994, 37.106691481640901 ], [ -113.619668062158993, 37.106653463152703 ], [ -113.619612101784995, 37.106618254337498 ], [ -113.619454829237, 37.106539059880802 ], [ -113.619389334228998, 37.106509084878297 ], [ -113.619322711153998, 37.106480735123803 ], [ -113.619255023400996, 37.106454037593402 ], [ -113.619186335375005, 37.1064290176909 ], [ -113.619112931570001, 37.1064044922203 ], [ -113.619038566103995, 37.106381884336898 ], [ -113.618964098212004, 37.106356003864001 ], [ -113.618890540405005, 37.106328517809303 ], [ -113.618817947097995, 37.106299446503897 ], [ -113.618746371989999, 37.1062688114514 ], [ -113.618664717322005, 37.106231360416999 ], [ -113.618584582712003, 37.106191876228401 ], [ -113.618388894608998, 37.106102025950698 ], [ -113.617789510804002, 37.105893118538397 ], [ -113.617773514503, 37.1058875440267 ], [ -113.617707136190006, 37.1058644084736 ], [ -113.617647669280004, 37.105844628034298 ], [ -113.617587390086996, 37.105826478665499 ], [ -113.617526368924004, 37.105809981539203 ], [ -113.617464676970997, 37.105795155899798 ], [ -113.617402386188999, 37.105782019041897 ], [ -113.617339569238993, 37.105770586290099 ], [ -113.617276299394007, 37.105760870981101 ], [ -113.617212650457006, 37.105752884448101 ], [ -113.617137530723994, 37.1057457288249 ], [ -113.617062111438003, 37.105740983197101 ], [ -113.616986514111005, 37.105738655210899 ], [ -113.616910860538994, 37.105738748617298 ], [ -113.616550880451996, 37.105742003347601 ], [ -113.616408198341006, 37.1057515819831 ], [ -113.616407935134006, 37.1057519050918 ], [ -113.616072574276004, 37.106163819655102 ], [ -113.615795372145001, 37.106504292727301 ], [ -113.615524469001997, 37.106837028396797 ], [ -113.615141156972001, 37.107076938932302 ], [ -113.614956631333996, 37.1073047477812 ], [ -113.614807318757997, 37.107489082705101 ], [ -113.615234421861004, 37.107710741376899 ], [ -113.615665285313, 37.1079343530415 ], [ -113.616448340456998, 37.108341066829098 ], [ -113.616277557247003, 37.108551722671699 ], [ -113.615797235250994, 37.1091456812049 ], [ -113.615500078843993, 37.109511652307603 ], [ -113.615059299788001, 37.110058953658204 ], [ -113.615056556333002, 37.1100677143505 ], [ -113.615056578790998, 37.110155153583797 ], [ -113.614531451524002, 37.110160179029897 ], [ -113.614531592559004, 37.110168990573897 ], [ -113.614451821263998, 37.110170435523798 ], [ -113.611770084238998, 37.110175165817999 ], [ -113.611760123720003, 37.110175183011201 ], [ -113.611799584015003, 37.109160807890802 ], [ -113.611805380844004, 37.108562149886801 ], [ -113.611814416997007, 37.107858489106597 ], [ -113.611810209287995, 37.107364186373999 ], [ -113.611827493773006, 37.107262672849103 ], [ -113.611851008971996, 37.107161486589398 ], [ -113.611878029397005, 37.107069332038499 ], [ -113.611928981839995, 37.1069310795842 ], [ -113.611978687421001, 37.106821530859001 ], [ -113.612065526661993, 37.1066643788268 ], [ -113.611966146041993, 37.106632870004901 ], [ -113.611771993158996, 37.106571311668802 ], [ -113.611692475189002, 37.106546702648799 ], [ -113.611617196368002, 37.106528537819699 ], [ -113.611547769173001, 37.106516321423399 ], [ -113.611481666643002, 37.106508539666798 ], [ -113.611455487938997, 37.106506468495702 ], [ -113.611401163219995, 37.106503329858299 ], [ -113.610735442424001, 37.106506022165902 ], [ -113.610272270166007, 37.106508835548297 ], [ -113.609845900086995, 37.106511424691199 ], [ -113.609836418369994, 37.105563988092598 ], [ -113.609829375578002, 37.104871117638197 ], [ -113.609826686022004, 37.104616494507297 ], [ -113.609425872114997, 37.104625345384001 ], [ -113.609421542234998, 37.104571853231697 ], [ -113.609419261412995, 37.104480356087301 ], [ -113.609418199603994, 37.104437795989199 ], [ -113.609420864007006, 37.104391296162198 ], [ -113.609428401770998, 37.104348026737902 ], [ -113.609448506964995, 37.104282554775303 ], [ -113.608907053715996, 37.1042863941842 ], [ -113.608434459926002, 37.104289691963402 ], [ -113.608397096299001, 37.1041673115175 ], [ -113.607877101106993, 37.103820631401703 ], [ -113.606976037875995, 37.105632707234797 ], [ -113.607419685251998, 37.106530978662903 ], [ -113.606980649826994, 37.106502056063 ], [ -113.606224176729, 37.106849327845701 ], [ -113.605897768481, 37.106953362992897 ], [ -113.605468330655995, 37.106948325871301 ], [ -113.605304192283995, 37.106978519222501 ], [ -113.605171294623005, 37.095739231651798 ], [ -113.60516652906, 37.095373113754903 ], [ -113.609717688936996, 37.0954044287828 ], [ -113.609722744655002, 37.095599535502998 ], [ -113.609815412165005, 37.095719833245802 ], [ -113.610350097506995, 37.095456137529503 ], [ -113.610307915316, 37.095399865232999 ], [ -113.610848236688, 37.095402871773302 ], [ -113.610969913492994, 37.095392576020501 ], [ -113.610922371054997, 37.0952730107647 ], [ -113.610727396214003, 37.094782659258598 ], [ -113.610703881156994, 37.094714883892202 ], [ -113.610683792374004, 37.094646410829 ], [ -113.610667162179993, 37.094577350221002 ], [ -113.610654017330006, 37.094507813165798 ], [ -113.610643641045996, 37.094419496789797 ], [ -113.610639412414002, 37.094330857490299 ], [ -113.610641344415001, 37.094242167323301 ], [ -113.610649431118006, 37.094153698502097 ], [ -113.610663647704001, 37.094065722561297 ], [ -113.610683950536995, 37.093978509523801 ], [ -113.610710277303994, 37.093892327071899 ], [ -113.610742547200005, 37.093807439725502 ], [ -113.610768742850993, 37.093748683945101 ], [ -113.610797790895006, 37.093690787575902 ], [ -113.610817448513998, 37.093647983960899 ], [ -113.610834759263994, 37.093604540292901 ], [ -113.610835954023003, 37.093601280025297 ], [ -113.610858798250007, 37.093529136976997 ], [ -113.610875187044996, 37.093455885562101 ], [ -113.610882802869, 37.0934087670054 ], [ -113.610886780708995, 37.093361364508901 ], [ -113.610887105581995, 37.0933138566159 ], [ -113.610883776264004, 37.093266422267398 ], [ -113.610876805295007, 37.093219240127503 ], [ -113.610866218932003, 37.093172487910699 ], [ -113.610852057049996, 37.093126341712598 ], [ -113.610834372987995, 37.093080975346297 ], [ -113.610804927112, 37.093021101349798 ], [ -113.610770147428994, 37.092964533635801 ], [ -113.610729684339006, 37.092910424262897 ], [ -113.610683808941005, 37.092859135763298 ], [ -113.610632828592998, 37.092811011770401 ], [ -113.610577084859003, 37.092766374715701 ], [ -113.610516951215004, 37.092725523668904 ], [ -113.610452830548994, 37.092688732333599 ], [ -113.610385152464005, 37.092656247213903 ], [ -113.610356581546995, 37.092629232509204 ], [ -113.610150985923994, 37.0925305769129 ], [ -113.609987766529002, 37.0924522555379 ], [ -113.609979851473, 37.092463890211498 ], [ -113.609496326083999, 37.092234923921197 ], [ -113.610188202228002, 37.091085824973398 ] ] ] } },
{ "type": "Feature", "properties": { "OBJECTID": 48, "CountyID": 27, "VistaID": "27STG:32", "PrecinctID": "27STG", "SubPrecinctID": "32", "VersionNbr": null, "EffectiveDate": 1744156800000, "AliasName": "STG:32", "Comments": "formerly STG32", "RcvdDate": 1744156800000, "GlobalID": "c0e19f41-b620-41fb-9569-130f69fc4144", "Shape__Area": 2509650.9240375161, "Shape__Length": 7491.9957121998723 }, "geometry": { "type": "Polygon", "coordinates": [ [ [ -113.601004870606005, 37.055160874352197 ], [ -113.601089970706994, 37.0548956775745 ], [ -113.601142411658998, 37.053737382407803 ], [ -113.601153739414002, 37.053487178654301 ], [ -113.601138745634003, 37.0529494139398 ], [ -113.600747000219997, 37.052283746134201 ], [ -113.600704865639997, 37.052212125941701 ], [ -113.600674478328997, 37.052119070062602 ], [ -113.600422498197005, 37.051348051218298 ], [ -113.600499817092, 37.0508826987083 ], [ -113.600536017400998, 37.0506652615516 ], [ -113.600538437462006, 37.050650518945403 ], [ -113.600643380449995, 37.050019554511302 ], [ -113.600967626453993, 37.048689151077802 ], [ -113.600634773691993, 37.047867367869202 ], [ -113.600924693272006, 37.047158448775001 ], [ -113.601613604975, 37.045945757036002 ], [ -113.601600874050007, 37.045490670348798 ], [ -113.601270291331005, 37.044751566855702 ], [ -113.601019505958007, 37.0441772602463 ], [ -113.600911611106, 37.043930169789299 ], [ -113.600898621466996, 37.043776894029101 ], [ -113.600876993628006, 37.043522064236797 ], [ -113.600852305228997, 37.043230263413498 ], [ -113.600834592248006, 37.043020946817997 ], [ -113.600886375632996, 37.042917617661402 ], [ -113.601049210550002, 37.042593045072799 ], [ -113.601210887538002, 37.042270840872298 ], [ -113.601274677804, 37.042143817204 ], [ -113.601491736827995, 37.041938993394801 ], [ -113.601677101492001, 37.0417640621123 ], [ -113.602756190150998, 37.0415790682896 ], [ -113.603052568617997, 37.041573733556703 ], [ -113.603533538299004, 37.041565066048904 ], [ -113.603943165576993, 37.041557692786903 ], [ -113.605275660892005, 37.041202464621101 ], [ -113.605284190396006, 37.041172448707201 ], [ -113.605320889270004, 37.041042413071303 ], [ -113.605348561873001, 37.040944297687702 ], [ -113.605376743820003, 37.040844638388201 ], [ -113.605416539187004, 37.040703270056099 ], [ -113.605102274364, 37.040372773810603 ], [ -113.605054344752006, 37.040322279459097 ], [ -113.604990911117, 37.040255634320999 ], [ -113.605029730015005, 37.039799595697303 ], [ -113.605078853487996, 37.039750213111098 ], [ -113.605218280105007, 37.0396097196965 ], [ -113.605400202425002, 37.039426568473402 ], [ -113.605531913411994, 37.039293903989901 ], [ -113.605557171342994, 37.039296142637198 ], [ -113.606601726066998, 37.039391148850797 ], [ -113.606670740935002, 37.039397471838299 ], [ -113.606831549253002, 37.0394220531823 ], [ -113.606877994848006, 37.039429142698303 ], [ -113.607396697363995, 37.039508486146801 ], [ -113.608057136964007, 37.0391241172345 ], [ -113.608098207938994, 37.038750847193597 ], [ -113.608661233332001, 37.038575077490101 ], [ -113.608695819367995, 37.038557554635503 ], [ -113.609799491323002, 37.037999229069399 ], [ -113.609933969121002, 37.037931204403797 ], [ -113.610171990332006, 37.037909473642003 ], [ -113.610376393889993, 37.037890824835898 ], [ -113.610737894824993, 37.037857861892803 ], [ -113.611066927051994, 37.037827858280899 ], [ -113.612086892191996, 37.038127995690097 ], [ -113.612115964370005, 37.044443359188797 ], [ -113.612322353205002, 37.0445101053337 ], [ -113.612796819083002, 37.044756988839801 ], [ -113.612801485831, 37.044898216260897 ], [ -113.612147579677995, 37.044898308037297 ], [ -113.611566890711998, 37.044898617782401 ], [ -113.611569196687, 37.045352051035898 ], [ -113.612147854561996, 37.045352224549497 ], [ -113.613730228850997, 37.045352737203402 ], [ -113.613729701539, 37.047200083866201 ], [ -113.613441221060995, 37.047613531916099 ], [ -113.61344190378, 37.048749116007698 ], [ -113.612150177605997, 37.048950377487401 ], [ -113.612013258187005, 37.0489541917376 ], [ -113.612013680394995, 37.049269594437298 ], [ -113.612064780162001, 37.049254236407101 ], [ -113.612150378828005, 37.049251826699603 ], [ -113.612151190904996, 37.049251826699603 ], [ -113.612150412066001, 37.0492530190065 ], [ -113.611062113879001, 37.051405487546802 ], [ -113.610009812084002, 37.052523136807302 ], [ -113.610009608165996, 37.052523772007802 ], [ -113.610005961005996, 37.052535478049599 ], [ -113.609996488272003, 37.052564163866599 ], [ -113.609986225917993, 37.052592775828899 ], [ -113.609975391337002, 37.052621132553497 ], [ -113.609963991716, 37.052649408971298 ], [ -113.609878714646001, 37.052844769114799 ], [ -113.609809493165002, 37.0530033676635 ], [ -113.609774877484, 37.053082532031603 ], [ -113.609774246867005, 37.053083807441702 ], [ -113.609771635464, 37.0530896338934 ], [ -113.609768281154999, 37.053096735754501 ], [ -113.609764813658003, 37.053103841916503 ], [ -113.609761117988995, 37.0531108620469 ], [ -113.609757308233995, 37.053117795428697 ], [ -113.609753270306996, 37.053124642062002 ], [ -113.609749120987999, 37.053131492996201 ], [ -113.609744856686007, 37.0531383453635 ], [ -113.609740475601996, 37.053145021366802 ], [ -113.609735870837994, 37.053151700237301 ], [ -113.609731148394999, 37.0531582923592 ], [ -113.609726311865003, 37.053164797015803 ], [ -113.609721361249996, 37.053171214206998 ], [ -113.609716184259, 37.053177637849998 ], [ -113.609711004573001, 37.053183969726199 ], [ -113.609705595815996, 37.053190216287902 ], [ -113.609699959785999, 37.053196378251897 ], [ -113.609694321060999, 37.053202449883003 ], [ -113.609688567351995, 37.053208434048898 ], [ -113.609682586369004, 37.053214333617298 ], [ -113.609676492198005, 37.053220236052901 ], [ -113.609670278550993, 37.053225959256999 ], [ -113.609663951716001, 37.053231595713001 ], [ -113.609657619491998, 37.053237141836199 ], [ -113.609650950399001, 37.053242695845 ], [ -113.609644275917006, 37.053248069188697 ], [ -113.609637487347996, 37.0532533557842 ], [ -113.609630581100006, 37.053258554197797 ], [ -113.609623561665003, 37.053263665146297 ], [ -113.609616425447996, 37.053268688629799 ], [ -113.609609282045, 37.0532735321652 ], [ -113.609601914961004, 37.053278380718702 ], [ -113.609594429300003, 37.053283050757997 ], [ -113.609586941841997, 37.053287631898499 ], [ -113.609579223517002, 37.0532921270079 ], [ -113.609571505191994, 37.053296532501697 ], [ -113.609563667391001, 37.053300760198198 ], [ -113.609555715504001, 37.0533049907622 ], [ -113.609547759126002, 37.053309040661297 ], [ -113.609539571880006, 37.053312917064801 ], [ -113.609531385533003, 37.0533167913173 ], [ -113.609523191101005, 37.053320485621903 ], [ -113.609514768496993, 37.053324096046403 ], [ -113.609506342299994, 37.053327526522999 ], [ -113.609497911611001, 37.053330865233399 ], [ -113.609489251851997, 37.053334120063496 ], [ -113.609480590296002, 37.053337284561302 ], [ -113.609471922450993, 37.0533402683944 ], [ -113.609463137825998, 37.053343075864298 ], [ -113.609454351403997, 37.0533458826173 ], [ -113.609445446405005, 37.0533485122901 ], [ -113.609436421929999, 37.053350962732203 ], [ -113.609427508845002, 37.053353322124998 ], [ -113.609418367589001, 37.053355596204 ], [ -113.609409330537005, 37.053357687467503 ], [ -113.609401073222998, 37.053359491245097 ], [ -113.609400179399998, 37.0533596912665 ], [ -113.609393144693001, 37.053361107905701 ], [ -113.609391136957996, 37.053361602582399 ], [ -113.609342405150002, 37.053370065854097 ], [ -113.609330988460997, 37.053371577843798 ], [ -113.609319562788997, 37.053372820270702 ], [ -113.609308130829007, 37.053373884183799 ], [ -113.609292763349004, 37.053374942361401 ], [ -113.609292766943, 37.053375031976799 ], [ -113.609285133059004, 37.053375381118002 ], [ -113.609285020770002, 37.053375383268801 ], [ -113.609277498278004, 37.0533757288255 ], [ -113.609262111034994, 37.053376157545102 ], [ -113.609261998746007, 37.053376159695901 ], [ -113.609261772370004, 37.0533761647144 ], [ -113.609254354083006, 37.0533762392743 ], [ -113.609223639785, 37.053375653548599 ], [ -113.609223415206003, 37.053375658566999 ], [ -113.609223302017995, 37.053375660000903 ], [ -113.609212038940996, 37.053375096499799 ], [ -113.609161503316997, 37.053370260857101 ], [ -113.609111846244005, 37.0533616212224 ], [ -113.609063301286994, 37.053349262191297 ], [ -113.608496731141997, 37.0536058814033 ], [ -113.608056298836004, 37.053805364950399 ], [ -113.608059586913996, 37.0538277719699 ], [ -113.608060787842007, 37.053850311748697 ], [ -113.608059895032, 37.053872860633703 ], [ -113.608056913381006, 37.053895294921702 ], [ -113.608051859246004, 37.053917491538499 ], [ -113.608044760355, 37.053939328713703 ], [ -113.608035655652998, 37.053960686648999 ], [ -113.608024595085993, 37.053981448175399 ], [ -113.608011639335004, 37.054001499395497 ], [ -113.607996859474, 37.054020730309198 ], [ -113.607980336585001, 37.054039035416302 ], [ -113.607962161312003, 37.054056314295799 ], [ -113.607942433366006, 37.054072472156399 ], [ -113.607921260973995, 37.054087420357099 ], [ -113.607898760287, 37.0541010768926 ], [ -113.607875054743999, 37.054113366844099 ], [ -113.607874511264001, 37.054112920922599 ], [ -113.607873784527001, 37.054113490153597 ], [ -113.607836542290002, 37.054140004286801 ], [ -113.607796340123002, 37.054163605132203 ], [ -113.607753534519006, 37.054184083411698 ], [ -113.607708505058, 37.054201257536299 ], [ -113.607661651038995, 37.054214975216397 ], [ -113.607613387941001, 37.054225114812198 ], [ -113.607564143738998, 37.054231586411802 ], [ -113.607514355107, 37.054234332629299 ], [ -113.607475429101996, 37.054233858612797 ], [ -113.607436652198999, 37.054231101138697 ], [ -113.607398234426, 37.054226075142402 ], [ -113.607360383867004, 37.0542188078458 ], [ -113.607326220936997, 37.054212178536403 ], [ -113.607278351511994, 37.054206136379598 ], [ -113.607019601676001, 37.054183442441399 ], [ -113.606701095906999, 37.0542956782555 ], [ -113.606696220749996, 37.054380013086401 ], [ -113.606355540967002, 37.054517534808497 ], [ -113.606168198212004, 37.054517963521697 ], [ -113.605829530655001, 37.0546459049188 ], [ -113.605803673547996, 37.054610705319902 ], [ -113.605577123822997, 37.0546905340207 ], [ -113.603817178655007, 37.055205874508196 ], [ -113.603488509347002, 37.054726093471302 ], [ -113.602590775273001, 37.055037551420497 ], [ -113.602360103178995, 37.055067503782404 ], [ -113.602309040194996, 37.055020180394699 ], [ -113.602255164683001, 37.0549748865675 ], [ -113.602093322404002, 37.054845265291199 ], [ -113.601938987346998, 37.054721662251801 ], [ -113.601921850186002, 37.054707939879599 ], [ -113.601905331067002, 37.054694708588201 ], [ -113.601904088696998, 37.054693712800102 ], [ -113.601897911880997, 37.054688690844799 ], [ -113.601895193578997, 37.054686449783702 ], [ -113.601892377360002, 37.0546841090719 ], [ -113.601880457614996, 37.054673921060697 ], [ -113.601872255098002, 37.0546666480056 ], [ -113.601864193615995, 37.054659273865397 ], [ -113.601847529867996, 37.054643257368099 ], [ -113.601842867612007, 37.054638555151499 ], [ -113.601837488499996, 37.054633055730001 ], [ -113.601832619630997, 37.054627931969399 ], [ -113.601822253970994, 37.054616703712902 ], [ -113.601821090651995, 37.054615403236703 ], [ -113.601817791139993, 37.0546116853371 ], [ -113.601812796507005, 37.054605989480002 ], [ -113.601808248336994, 37.054600624835402 ], [ -113.601794199584006, 37.054583366635597 ], [ -113.601790068232006, 37.054578064360797 ], [ -113.601785507485999, 37.0545720337036 ], [ -113.601781547711994, 37.054566717089699 ], [ -113.601772789137996, 37.054554427078401 ], [ -113.601769076400998, 37.054549029452197 ], [ -113.601765006134002, 37.0545429521936 ], [ -113.601761204463998, 37.054537160265198 ], [ -113.601749771605, 37.054518697639303 ], [ -113.601747973178007, 37.0545156529151 ], [ -113.601746449635996, 37.054513044789999 ], [ -113.601742782713004, 37.054506634881399 ], [ -113.601741940093007, 37.0545051229142 ], [ -113.601739555964002, 37.054500802803197 ], [ -113.601732726970994, 37.054487952156101 ], [ -113.601730607844999, 37.054483808404399 ], [ -113.601729818226005, 37.054482249120603 ], [ -113.601726661545996, 37.054475833474001 ], [ -113.601725476669003, 37.054473357259397 ], [ -113.601644353409, 37.054498135890803 ], [ -113.601645869764994, 37.054510348484698 ], [ -113.601646651299006, 37.0545185062239 ], [ -113.601646927979999, 37.054521836995796 ], [ -113.601646982776998, 37.054522546021502 ], [ -113.601647097761997, 37.054524126094798 ], [ -113.601647255865004, 37.0545264159108 ], [ -113.601647950263001, 37.054542796623799 ], [ -113.601645680985996, 37.0545929302967 ], [ -113.601636799613999, 37.054642593397602 ], [ -113.601621405193995, 37.054691232068699 ], [ -113.601599669410007, 37.054738303877798 ], [ -113.601590662901003, 37.054754207800201 ], [ -113.601587499033997, 37.0547594498425 ], [ -113.601584254318993, 37.0547646589065 ], [ -113.601583742279999, 37.054765467580303 ], [ -113.601582984101995, 37.0547666626683 ], [ -113.601582179210993, 37.054767932314803 ], [ -113.601581907021995, 37.054768355291301 ], [ -113.601580847907996, 37.054769989127799 ], [ -113.601580651177002, 37.054770289512803 ], [ -113.601580034932994, 37.054771224362597 ], [ -113.601579497740005, 37.054772038771702 ], [ -113.601578127809006, 37.054774081963302 ], [ -113.601577525937998, 37.054774979533804 ], [ -113.601572607662007, 37.0547821486267 ], [ -113.601564935151004, 37.054792768202702 ], [ -113.601561364348001, 37.054797640317197 ], [ -113.601528443481001, 37.054846022642003 ], [ -113.601499297385999, 37.054895923185398 ], [ -113.601474035490995, 37.054947154594799 ], [ -113.60145275264, 37.0549995245213 ], [ -113.601450782634004, 37.055004950791698 ], [ -113.601396864853001, 37.055159695042299 ], [ -113.601395486837006, 37.055163788573701 ], [ -113.601384926243, 37.055194122996397 ], [ -113.601004870606005, 37.055160874352197 ] ] ] } },
{ "type": "Feature", "properties": { "OBJECTID": 49, "CountyID": 27, "VistaID": "27STG:01", "PrecinctID": "27STG", "SubPrecinctID": "01", "VersionNbr": null, "EffectiveDate": 1744156800000, "AliasName": "STG:01", "Comments": "formerly STG01", "RcvdDate": 1744156800000, "GlobalID": "765cac1c-6fb4-4aba-a348-cf84a2cdf74b", "Shape__Area": 4072824.5743684769, "Shape__Length": 8938.3405326854008 }, "geometry": { "type": "Polygon", "coordinates": [ [ [ -113.527475016653995, 37.127711797159897 ], [ -113.527454554827997, 37.127417534156301 ], [ -113.527447554256995, 37.127289534352599 ], [ -113.527437554212, 37.127119534177801 ], [ -113.527426555239003, 37.126917534029801 ], [ -113.527406556046003, 37.126214533729602 ], [ -113.527406307212999, 37.126203172111403 ], [ -113.527387554881003, 37.1253485347411 ], [ -113.527387014994005, 37.125348536889803 ], [ -113.527386777838004, 37.125348538322299 ], [ -113.526243334770996, 37.125353539840297 ], [ -113.526028717368007, 37.125354476684699 ], [ -113.526015554354998, 37.125354533984101 ], [ -113.526015409726, 37.125354242473598 ], [ -113.525658553979, 37.124634533328198 ], [ -113.525658290772995, 37.124634593493099 ], [ -113.523773720527998, 37.125058498420898 ], [ -113.523773553441004, 37.125058534949403 ], [ -113.523243554610005, 37.125365534027601 ], [ -113.523244384654006, 37.125365529730097 ], [ -113.523479553713997, 37.125364534153903 ], [ -113.523478831467997, 37.125364953155398 ], [ -113.523478721874, 37.125365016184702 ], [ -113.522673076794007, 37.125832230061697 ], [ -113.522672553974999, 37.125832533746397 ], [ -113.522152553392999, 37.125603535097 ], [ -113.521901554221003, 37.125421534093697 ], [ -113.521755553733001, 37.125433534000202 ], [ -113.520796553658002, 37.125420534220801 ], [ -113.519812553468995, 37.125407534439198 ], [ -113.519298552734, 37.1254355344619 ], [ -113.518632552563005, 37.125471534169002 ], [ -113.517481553764995, 37.125475534374097 ], [ -113.516376552303996, 37.125480535167398 ], [ -113.516184552683995, 37.125481534323299 ], [ -113.515609552748003, 37.125483535500003 ], [ -113.515418552054001, 37.125485535244202 ], [ -113.515412553104994, 37.125399535454001 ], [ -113.514687551584998, 37.125401535200403 ], [ -113.514618551089995, 37.125401535200403 ], [ -113.514546622984994, 37.125399971645102 ], [ -113.514526684876998, 37.125399538319002 ], [ -113.514526552825004, 37.125399534737703 ], [ -113.514527551751002, 37.125080535120802 ], [ -113.514531549254997, 37.124869652371501 ], [ -113.514531551949005, 37.124869534906999 ], [ -113.514135552113999, 37.1246865351211 ], [ -113.514094009524001, 37.1246674535479 ], [ -113.513926552775004, 37.1245905355849 ], [ -113.513868509930006, 37.124563247917798 ], [ -113.513809552599, 37.1245355347885 ], [ -113.513809356766998, 37.124500309618803 ], [ -113.513808551875996, 37.1243545354017 ], [ -113.513797550209006, 37.1191985341368 ], [ -113.513799253415002, 37.119129307269901 ], [ -113.513803551853002, 37.118954534667701 ], [ -113.513803508734, 37.118945838038101 ], [ -113.513803200612003, 37.1188842538957 ], [ -113.513798550931995, 37.117955533883404 ], [ -113.513778876928995, 37.1173438475372 ], [ -113.513776551191, 37.117271533790998 ], [ -113.513751323803007, 37.116218340630503 ], [ -113.513716550916001, 37.114766533155802 ], [ -113.513708550519993, 37.114465534179601 ], [ -113.513702550673003, 37.114156534549899 ], [ -113.513682550580995, 37.1133685334026 ], [ -113.513671551608994, 37.112924533602403 ], [ -113.513655593037996, 37.112249290049299 ], [ -113.513655550817006, 37.112247533519898 ], [ -113.513873551274997, 37.112176533737298 ], [ -113.515016550574998, 37.111803532877701 ], [ -113.515888550610995, 37.111518533775197 ], [ -113.516016551556007, 37.111476532821399 ], [ -113.516225551792999, 37.111408533206301 ], [ -113.516650551940998, 37.111269533613502 ], [ -113.517009551965998, 37.111152532970003 ], [ -113.518255957235993, 37.110745726823701 ], [ -113.518256091983005, 37.110746049194802 ], [ -113.518256136898998, 37.110746063522399 ], [ -113.518274660160003, 37.110799663069301 ], [ -113.518537914148993, 37.111557588981903 ], [ -113.518538523206999, 37.111559331199899 ], [ -113.519748276314999, 37.111246292247998 ], [ -113.519754903187007, 37.111244576528797 ], [ -113.520037029882005, 37.111171572101703 ], [ -113.520037069408005, 37.111171562072499 ], [ -113.520043992723998, 37.1111697704156 ], [ -113.520166564250999, 37.111139012797999 ], [ -113.520356119555998, 37.111116906849503 ], [ -113.520499697286994, 37.111123365701403 ], [ -113.520593727540998, 37.111138590852299 ], [ -113.520729162045001, 37.1111773074091 ], [ -113.520848063955, 37.111229505420098 ], [ -113.520908139688004, 37.111144733063902 ], [ -113.521003384463995, 37.111025744996297 ], [ -113.521097055392005, 37.110922697598198 ], [ -113.521260313414999, 37.110769902502199 ], [ -113.521260402348005, 37.110769818685803 ], [ -113.521563365465994, 37.1107722078129 ], [ -113.522953694319, 37.110779598704497 ], [ -113.522960918571002, 37.110779635956199 ], [ -113.523131631712005, 37.110729734350599 ], [ -113.524380821760005, 37.110719543839501 ], [ -113.524388261607001, 37.110719483663502 ], [ -113.524389168905998, 37.110766008260697 ], [ -113.527213971622004, 37.110741091127402 ], [ -113.527218826118002, 37.111449468950397 ], [ -113.528352444310997, 37.111453909033401 ], [ -113.529487907643997, 37.111439353039003 ], [ -113.529565612813997, 37.111439411065199 ], [ -113.529565629882001, 37.1114385793555 ], [ -113.529565570592993, 37.111433273892096 ], [ -113.529564304866994, 37.1113206140163 ], [ -113.529571749205999, 37.111320558138999 ], [ -113.529571743816007, 37.111320111121202 ], [ -113.529791195952001, 37.111318449848099 ], [ -113.530064954839006, 37.111316375943098 ], [ -113.530072396483007, 37.111316320065903 ], [ -113.530074538964996, 37.1114605920814 ], [ -113.531752911715998, 37.1114670723952 ], [ -113.531760354257997, 37.1114671017666 ], [ -113.531777865118002, 37.1135641970262 ], [ -113.531781238291998, 37.114377291885098 ], [ -113.531773945769004, 37.114377316957302 ], [ -113.531773951158002, 37.114377792610902 ], [ -113.531814632264002, 37.116673361821199 ], [ -113.531814636755996, 37.116673838176702 ], [ -113.531823421381006, 37.119359748075098 ], [ -113.531823422279004, 37.119360225130102 ], [ -113.531826212447001, 37.121678233215697 ], [ -113.531826211547994, 37.1216787102559 ], [ -113.531821437901002, 37.122894767232097 ], [ -113.531821441494003, 37.122895243548498 ], [ -113.531827981229995, 37.1233119662379 ], [ -113.531827988415998, 37.1233124425517 ], [ -113.531828629813006, 37.123339088899797 ], [ -113.531829948539993, 37.123364072797301 ], [ -113.531830866617995, 37.123376555073399 ], [ -113.531831956274999, 37.1233890287523 ], [ -113.531833216611005, 37.123401489536498 ], [ -113.531833909211997, 37.123407688770499 ], [ -113.531833912804998, 37.123407717420903 ], [ -113.531835433653001, 37.123420161727999 ], [ -113.531836252917003, 37.123426344486496 ], [ -113.531836257408003, 37.123426378150697 ], [ -113.531838034276007, 37.123438800966902 ], [ -113.531850789455007, 37.1235063156142 ], [ -113.531863145596006, 37.123554688767399 ], [ -113.531878129291997, 37.123602587505097 ], [ -113.531895712175, 37.123649921136703 ], [ -113.531915860951003, 37.123696600042003 ], [ -113.531938537472001, 37.123742535840698 ], [ -113.531963698802002, 37.123787641559403 ], [ -113.531991297299996, 37.123831831796501 ], [ -113.532021280712001, 37.1238750228841 ], [ -113.532114497093005, 37.123989693230101 ], [ -113.532202951504004, 37.124098508027302 ], [ -113.532386228483006, 37.124341656483402 ], [ -113.532447555568993, 37.124576533627902 ], [ -113.532495555249994, 37.124708533968104 ], [ -113.532530555410005, 37.124787533942197 ], [ -113.532650537094, 37.125054488882597 ], [ -113.532650555958995, 37.125054533289799 ], [ -113.532639993567997, 37.125056924114901 ], [ -113.532513556590004, 37.1250855330752 ], [ -113.532377556146997, 37.125117534157297 ], [ -113.532113555658, 37.125213533741402 ], [ -113.532072674228004, 37.125228825534499 ], [ -113.531982555238997, 37.1252625333628 ], [ -113.531796686619998, 37.125329568649697 ], [ -113.531796200631007, 37.125329744845303 ], [ -113.531738554840999, 37.125350533772597 ], [ -113.531529554604006, 37.125427534763404 ], [ -113.531075555043003, 37.125746532918001 ], [ -113.530863554432003, 37.125896533833 ], [ -113.530676555732995, 37.126027534155 ], [ -113.530118555515998, 37.126420534476601 ], [ -113.529932554845004, 37.126552533749603 ], [ -113.529760556214001, 37.126671534660296 ], [ -113.529244554930997, 37.127028534837301 ], [ -113.529073555227001, 37.127148534133497 ], [ -113.528984554640004, 37.127209533559501 ], [ -113.528720554152002, 37.127392534407498 ], [ -113.528633555910005, 37.127454534199202 ], [ -113.528546554973005, 37.127514534965798 ], [ -113.528480555748999, 37.127560533563603 ], [ -113.528304556021993, 37.127717534795401 ], [ -113.528226555304997, 37.127788534328502 ], [ -113.528150555137003, 37.1278555344322 ], [ -113.528081555539998, 37.127917534560801 ], [ -113.527924555181997, 37.128058534063399 ], [ -113.527849555737006, 37.128126533765197 ], [ -113.527776555941998, 37.1281905340606 ], [ -113.527560556032, 37.1283845342899 ], [ -113.527507554531994, 37.128432534890102 ], [ -113.527502292201007, 37.128331669851498 ], [ -113.527495929433996, 37.128209719313098 ], [ -113.527483555141004, 37.127972534332002 ], [ -113.527475554744996, 37.127719534480498 ], [ -113.527475016653995, 37.127711797159897 ] ] ] } },
{ "type": "Feature", "properties": { "OBJECTID": 52, "CountyID": 27, "VistaID": "27STG:10", "PrecinctID": "27STG", "SubPrecinctID": "10", "VersionNbr": null, "EffectiveDate": 1744156800000, "AliasName": "STG:10", "Comments": "formerly STG10", "RcvdDate": 1744156800000, "GlobalID": "c61389e0-eaf1-4f2a-bc45-bb47a1d7e5b3", "Shape__Area": 3975532.5094698668, "Shape__Length": 10396.264115011856 }, "geometry": { "type": "Polygon", "coordinates": [ [ [ -113.517851209607002, 37.084145629456003 ], [ -113.517830549253006, 37.082533529848298 ], [ -113.517830481879997, 37.082528147829201 ], [ -113.517818584592007, 37.081583886376201 ], [ -113.517817684479994, 37.081512490208702 ], [ -113.517817547936005, 37.081501529661203 ], [ -113.520004548597996, 37.081478528559501 ], [ -113.520392548935007, 37.081474529613601 ], [ -113.520812549957995, 37.081517529021397 ], [ -113.521330549094003, 37.081637528772902 ], [ -113.521745549195003, 37.0818285286785 ], [ -113.521833548160998, 37.081719529162797 ], [ -113.521914548351006, 37.0815935289816 ], [ -113.522122549662001, 37.081315529774898 ], [ -113.522269549076995, 37.081053529006802 ], [ -113.522344549419998, 37.080811529407697 ], [ -113.522337549746993, 37.080100528746399 ], [ -113.522332549724993, 37.0795555293615 ], [ -113.522321248020006, 37.078273825307001 ], [ -113.522318548583002, 37.077967528322198 ], [ -113.522316549831004, 37.077778529010203 ], [ -113.522312549633, 37.077256528940502 ], [ -113.522306548887002, 37.076645528778002 ], [ -113.522293156803002, 37.075203884898698 ], [ -113.522289549169002, 37.074815528324201 ], [ -113.522284756656006, 37.074230929147397 ], [ -113.522343289982004, 37.0742310653253 ], [ -113.526834702011001, 37.074210825712001 ], [ -113.529551262227002, 37.074196574337599 ], [ -113.531362016109, 37.074187042600698 ], [ -113.533593188729, 37.074161342239599 ], [ -113.535823926565001, 37.074133971897197 ], [ -113.535813493530995, 37.073789394153003 ], [ -113.536518892912994, 37.0737787055631 ], [ -113.536518326974999, 37.073759142422098 ], [ -113.538163949845, 37.072868383800497 ], [ -113.538876834888995, 37.072482584068197 ], [ -113.539672800621005, 37.072241072451099 ], [ -113.540254435513006, 37.072064540997097 ], [ -113.541284197679005, 37.0718455196048 ], [ -113.541644663754994, 37.071768841146501 ], [ -113.542901992539001, 37.071687363256203 ], [ -113.543646624044001, 37.071639098045502 ], [ -113.544714086705994, 37.0715732423131 ], [ -113.545324235023998, 37.071650723729 ], [ -113.546662086094997, 37.0718197826127 ], [ -113.546342712553994, 37.072157919318201 ], [ -113.546866877724995, 37.0765742497994 ], [ -113.547299474924998, 37.076647059654903 ], [ -113.547685704683005, 37.076934344344103 ], [ -113.547771593505999, 37.077064921223098 ], [ -113.548111542959006, 37.077581738765801 ], [ -113.548154103339996, 37.077581317349797 ], [ -113.548696222241006, 37.078509030949199 ], [ -113.548729934216993, 37.078566719772297 ], [ -113.547003603107996, 37.080341932914202 ], [ -113.546287605402995, 37.080864345322098 ], [ -113.546033095615002, 37.081050041017797 ], [ -113.545554675351994, 37.0815617789697 ], [ -113.545474303084006, 37.081647746845803 ], [ -113.544899812493, 37.082262232612301 ], [ -113.544370502670006, 37.082931276483002 ], [ -113.543881062774005, 37.0835673778098 ], [ -113.543869629914994, 37.083564363633599 ], [ -113.543686175968006, 37.083515238851298 ], [ -113.543540473619004, 37.083477266859099 ], [ -113.543393845376002, 37.083441635183 ], [ -113.543246350301004, 37.083408358178701 ], [ -113.543098047803994, 37.083377449252801 ], [ -113.542948997619007, 37.083348920858299 ], [ -113.542799259782996, 37.0833227844888 ], [ -113.542648894609002, 37.083299050674299 ], [ -113.542497962663006, 37.083277728976903 ], [ -113.542300821875003, 37.0832530491355 ], [ -113.542102933907003, 37.083232524748503 ], [ -113.541971837359995, 37.083221250750803 ], [ -113.541840514453, 37.083211800939097 ], [ -113.541695957003995, 37.083203521754697 ], [ -113.541551227287002, 37.083197453076799 ], [ -113.541381272034002, 37.083193154201702 ], [ -113.541211238600994, 37.083191903583398 ], [ -113.541041212882007, 37.083193701853602 ], [ -113.540871280771, 37.083198548103802 ], [ -113.540591905615997, 37.083209039006299 ], [ -113.539466962453005, 37.083238725837397 ], [ -113.539360047404998, 37.083248374626102 ], [ -113.539253647582001, 37.083261143537698 ], [ -113.539147906009006, 37.083277015406303 ], [ -113.539042964825995, 37.083295968894802 ], [ -113.539019879918996, 37.08329973627 ], [ -113.538931470424004, 37.083318473530497 ], [ -113.538902189837003, 37.083325270856498 ], [ -113.538814976897996, 37.083347313251103 ], [ -113.538800536479997, 37.083351225384902 ], [ -113.538714615667004, 37.083376092402503 ], [ -113.538629848490999, 37.083403363023002 ], [ -113.538524599626001, 37.083439711014599 ], [ -113.538421207043996, 37.0834793046795 ], [ -113.538319827945998, 37.0835220838133 ], [ -113.538220616472003, 37.083567983368198 ], [ -113.538149099877998, 37.083599105949901 ], [ -113.538076348058993, 37.083628349797301 ], [ -113.538002438538996, 37.083655683751097 ], [ -113.537927450072999, 37.083681078686801 ], [ -113.537851462567005, 37.083704507546003 ], [ -113.537774556993995, 37.083725945365302 ], [ -113.537696815301004, 37.083745369302498 ], [ -113.537618320327994, 37.083762758661599 ], [ -113.537579935316003, 37.083768407897999 ], [ -113.537217394132, 37.083818571636698 ], [ -113.537116197119005, 37.083824284649502 ], [ -113.536570726603998, 37.0838592571356 ], [ -113.536409911998007, 37.0838572347932 ], [ -113.536175358283998, 37.083845024774 ], [ -113.535838482865998, 37.083807998405597 ], [ -113.535607358920004, 37.083768929608503 ], [ -113.535077048372997, 37.083689668268597 ], [ -113.533807376737002, 37.0834734137132 ], [ -113.533726314562998, 37.083462272856501 ], [ -113.533572947888999, 37.0834473510142 ], [ -113.533340022820994, 37.083439774713199 ], [ -113.533134224178994, 37.083448087718402 ], [ -113.532962847182006, 37.083465876113301 ], [ -113.532959935742994, 37.083466265964503 ], [ -113.532928701320003, 37.083361591571098 ], [ -113.533833328168001, 37.081556924340703 ], [ -113.533255703354996, 37.081371565282502 ], [ -113.530360638907993, 37.081387816217003 ], [ -113.528703409803995, 37.081401655594902 ], [ -113.528754865303995, 37.082216907381103 ], [ -113.528781753676995, 37.084198398616401 ], [ -113.526964347770999, 37.084216553750302 ], [ -113.523921482613005, 37.084221256999903 ], [ -113.523609096166993, 37.0842215078208 ], [ -113.523398961357998, 37.084221675512403 ], [ -113.523175115561997, 37.084210030257303 ], [ -113.522958057436995, 37.084209957877597 ], [ -113.522676804802998, 37.084226307098703 ], [ -113.522345832214, 37.084269798704 ], [ -113.522048537466006, 37.084332245149902 ], [ -113.521694958774006, 37.084412929043502 ], [ -113.521674974852004, 37.084379736920603 ], [ -113.521597790704007, 37.084379484666997 ], [ -113.521442050681998, 37.084378974426798 ], [ -113.521206955284001, 37.084437516588103 ], [ -113.521087448057003, 37.0844657657601 ], [ -113.520966964788002, 37.084491240142498 ], [ -113.520845606690003, 37.084513918338203 ], [ -113.52072347571, 37.084533781299001 ], [ -113.520553560272006, 37.084528811483104 ], [ -113.520386296336994, 37.084545976723398 ], [ -113.520218312295, 37.0845578514501 ], [ -113.520049870983996, 37.0845644170859 ], [ -113.51988123596, 37.084565663358802 ], [ -113.519393881951999, 37.084566925340297 ], [ -113.519266380334003, 37.084552680435699 ], [ -113.519139470360997, 37.084535397225501 ], [ -113.519013265775996, 37.084515091197503 ], [ -113.518887879687, 37.084491780548099 ], [ -113.518763424469, 37.084465486166401 ], [ -113.518640011664004, 37.0844362316152 ], [ -113.518517751876999, 37.084404043109998 ], [ -113.518396754682001, 37.084368949495499 ], [ -113.518265808661994, 37.084327222324902 ], [ -113.518136645130994, 37.084282097801903 ], [ -113.518009402545005, 37.084233624291699 ], [ -113.517884217303006, 37.084181853749001 ], [ -113.517860617663004, 37.0841577140162 ], [ -113.517851209607002, 37.084145629456003 ] ] ] } },
{ "type": "Feature", "properties": { "OBJECTID": 54, "CountyID": 27, "VistaID": "27STG:02", "PrecinctID": "27STG", "SubPrecinctID": "02", "VersionNbr": null, "EffectiveDate": 1744156800000, "AliasName": "STG:02", "Comments": "formerly STG02", "RcvdDate": 1744156800000, "GlobalID": "c152c561-0b19-4b60-abc8-17e7599c1895", "Shape__Area": 1174892.2796316147, "Shape__Length": 6097.0924006967152 }, "geometry": { "type": "Polygon", "coordinates": [ [ [ -113.531760354257997, 37.1114671017666 ], [ -113.531752911715998, 37.1114670723952 ], [ -113.530074538964996, 37.1114605920814 ], [ -113.530072396483007, 37.111316320065903 ], [ -113.530064954839006, 37.111316375943098 ], [ -113.529791195952001, 37.111318449848099 ], [ -113.529571743816007, 37.111320111121202 ], [ -113.529571749205999, 37.111320558138999 ], [ -113.529564304866994, 37.1113206140163 ], [ -113.529565570592993, 37.111433273892096 ], [ -113.529565629882001, 37.1114385793555 ], [ -113.529565612813997, 37.111439411065199 ], [ -113.529487907643997, 37.111439353039003 ], [ -113.528352444310997, 37.111453909033401 ], [ -113.527218826118002, 37.111449468950397 ], [ -113.527213971622004, 37.110741091127402 ], [ -113.524389168905998, 37.110766008260697 ], [ -113.524388261607001, 37.110719483663502 ], [ -113.524380821760005, 37.110719543839501 ], [ -113.523131631712005, 37.110729734350599 ], [ -113.522960918571002, 37.110779635956199 ], [ -113.522953694319, 37.110779598704497 ], [ -113.521563365465994, 37.1107722078129 ], [ -113.521260402348005, 37.110769818685803 ], [ -113.521260313414999, 37.110769902502199 ], [ -113.521097055392005, 37.110922697598198 ], [ -113.521003384463995, 37.111025744996297 ], [ -113.520908139688004, 37.111144733063902 ], [ -113.520848063955, 37.111229505420098 ], [ -113.520729162045001, 37.1111773074091 ], [ -113.520593727540998, 37.111138590852299 ], [ -113.520499697286994, 37.111123365701403 ], [ -113.520356119555998, 37.111116906849503 ], [ -113.520166564250999, 37.111139012797999 ], [ -113.520043992723998, 37.1111697704156 ], [ -113.520037069408005, 37.111171562072499 ], [ -113.520037029882005, 37.111171572101703 ], [ -113.519754903187007, 37.111244576528797 ], [ -113.519748276314999, 37.111246292247998 ], [ -113.518538523206999, 37.111559331199899 ], [ -113.518537914148993, 37.111557588981903 ], [ -113.518274660160003, 37.110799663069301 ], [ -113.518256136898998, 37.110746063522399 ], [ -113.518256091983005, 37.110746049194802 ], [ -113.518255957235993, 37.110745726823701 ], [ -113.518256551920999, 37.110745533401101 ], [ -113.518466551982996, 37.1106765323456 ], [ -113.518661551977004, 37.110608533444903 ], [ -113.518751551489999, 37.1105825330906 ], [ -113.518900551453001, 37.110533532563799 ], [ -113.518982552367007, 37.110506533546598 ], [ -113.519248551607006, 37.110419532429198 ], [ -113.519331551448005, 37.110391532583499 ], [ -113.519414551289003, 37.110364532799302 ], [ -113.519497551129007, 37.110337533005399 ], [ -113.519583551343004, 37.110309533129403 ], [ -113.519606552705994, 37.110301532548903 ], [ -113.519645552165997, 37.110250531693801 ], [ -113.519699551694004, 37.110180533695001 ], [ -113.519718949015996, 37.110158364424798 ], [ -113.519719672159994, 37.110157538432098 ], [ -113.519755552668997, 37.1101165325002 ], [ -113.519796876070004, 37.110057275164102 ], [ -113.519808551474, 37.110040533205002 ], [ -113.519862551002007, 37.109969532069499 ], [ -113.519916552327004, 37.109899533094598 ], [ -113.519967551483006, 37.109833532221003 ], [ -113.520024551383997, 37.1097585327216 ], [ -113.520078551810997, 37.1096885328353 ], [ -113.520133552062006, 37.109618532167801 ], [ -113.520187552489006, 37.109548532868402 ], [ -113.520241551119, 37.1094775334209 ], [ -113.520295551545999, 37.1094075325584 ], [ -113.520349551074005, 37.109337533064 ], [ -113.520408551524, 37.109260533616997 ], [ -113.520457551928004, 37.109196532361103 ], [ -113.520512552178999, 37.1091265333881 ], [ -113.520566550808994, 37.109056532201201 ], [ -113.520670551465003, 37.108920532145902 ], [ -113.520744551083993, 37.108824532676302 ], [ -113.520818551603, 37.108729532462 ], [ -113.520972467147004, 37.108528944700197 ], [ -113.52097273215, 37.1085286001112 ], [ -113.520973551412993, 37.108527531957002 ], [ -113.520964963519006, 37.108507264965098 ], [ -113.520964637431007, 37.108506495550003 ], [ -113.520948552196998, 37.108468532715101 ], [ -113.520899551792994, 37.108335532616202 ], [ -113.520773551396999, 37.1079925324144 ], [ -113.520755551853, 37.107944532464799 ], [ -113.520672551114004, 37.107720532536803 ], [ -113.520648550825001, 37.107656532845098 ], [ -113.520656551220995, 37.107309532701798 ], [ -113.520887551200005, 37.106935532827698 ], [ -113.520967551564993, 37.106805532542303 ], [ -113.521204616969001, 37.106591132849601 ], [ -113.521218551635997, 37.106578531746003 ], [ -113.521288889722001, 37.106508194352202 ], [ -113.521290818405006, 37.106506265032401 ], [ -113.521403550684994, 37.106393532632801 ], [ -113.521409582871996, 37.106389383120103 ], [ -113.521409670907005, 37.106389322224302 ], [ -113.521608552521002, 37.1062525321802 ], [ -113.521923552166001, 37.106208532351097 ], [ -113.521990552112996, 37.106233532647998 ], [ -113.522302027666001, 37.106401467715301 ], [ -113.522322552374007, 37.106412532841297 ], [ -113.522433117019006, 37.106513045233697 ], [ -113.522531552610999, 37.106602531799297 ], [ -113.522642586177, 37.1066736320914 ], [ -113.522759552216996, 37.106748532198097 ], [ -113.522878331954999, 37.106793094101299 ], [ -113.522911223769, 37.1068054351095 ], [ -113.523500552732003, 37.107026531246902 ], [ -113.523502473329998, 37.107024879192998 ], [ -113.523502979081002, 37.1070244443289 ], [ -113.523715551020004, 37.106841532511403 ], [ -113.523819226485003, 37.106752344258197 ], [ -113.523944551349004, 37.106644531874103 ], [ -113.525493552325997, 37.105313531907697 ], [ -113.525555583691002, 37.105252084262801 ], [ -113.525559056578004, 37.105248643955498 ], [ -113.525599551732995, 37.105208532339297 ], [ -113.525851551627994, 37.104950531635197 ], [ -113.526139552405994, 37.104658531505301 ], [ -113.526359552513995, 37.1043825319475 ], [ -113.526379739456004, 37.104357067502697 ], [ -113.526379782575006, 37.104357005888701 ], [ -113.526665552835993, 37.103996532228997 ], [ -113.526747552852001, 37.103756530977897 ], [ -113.526883811111006, 37.1033588757264 ], [ -113.526895247563004, 37.103358943072699 ], [ -113.527587443507002, 37.103356132439103 ], [ -113.528173541228995, 37.103356052913099 ], [ -113.528395643395001, 37.103356011358997 ], [ -113.528864109425996, 37.103355903891398 ], [ -113.528952441665993, 37.103355887413102 ], [ -113.529035545710997, 37.103355871651203 ], [ -113.529305606234999, 37.103355820066803 ], [ -113.529328208745994, 37.103343596710701 ], [ -113.529417383606003, 37.103295368132997 ], [ -113.529424821655994, 37.103291342396602 ], [ -113.529453238962006, 37.103275986707096 ], [ -113.529440764955993, 37.103270784557303 ], [ -113.529419040399006, 37.103264485987602 ], [ -113.529398353782994, 37.103256259648298 ], [ -113.529378973009003, 37.103246212073799 ], [ -113.529361149069004, 37.103234473384099 ], [ -113.529340863480002, 37.103216945225597 ], [ -113.529324142872994, 37.103197167635201 ], [ -113.529311373504001, 37.103175597486 ], [ -113.529302850354995, 37.103152733060597 ], [ -113.529298770314995, 37.103129102540599 ], [ -113.529299227634993, 37.103105251805403 ], [ -113.529304211752006, 37.103081731821803 ], [ -113.529313607529005, 37.103059085916797 ], [ -113.529319449821003, 37.103046876470799 ], [ -113.529323252219001, 37.103034164856901 ], [ -113.529324950176999, 37.103021166856301 ], [ -113.529324514872997, 37.1030081031112 ], [ -113.529389668782002, 37.102988218661402 ], [ -113.529391267784007, 37.102991393983601 ], [ -113.529407016259, 37.103026614175199 ], [ -113.529424514303997, 37.103061305115197 ], [ -113.529443734045998, 37.103095411546597 ], [ -113.529464644870998, 37.103128879144101 ], [ -113.529495703045995, 37.103173219042503 ], [ -113.529529732304994, 37.103216149424902 ], [ -113.529556335912005, 37.103246473225099 ], [ -113.529707962548997, 37.103419339072701 ], [ -113.529737170372002, 37.103452636771998 ], [ -113.530438591115995, 37.104252297302502 ], [ -113.530416294031994, 37.104266083070797 ], [ -113.530430503583005, 37.104283068463701 ], [ -113.530493590469007, 37.104349670969299 ], [ -113.530493617418003, 37.104349700343299 ], [ -113.530484746555004, 37.104355123799202 ], [ -113.531055461525995, 37.104959280022598 ], [ -113.531442654277996, 37.105364600566297 ], [ -113.531449548848002, 37.105359536114698 ], [ -113.531618782463994, 37.1055473755303 ], [ -113.531633738516007, 37.105563998122598 ], [ -113.531684488837996, 37.105729723062403 ], [ -113.531684831096001, 37.105733230692003 ], [ -113.531689172653998, 37.105778119883396 ], [ -113.531700922617006, 37.105821609150297 ], [ -113.531714811032998, 37.105875386400903 ], [ -113.531724276733001, 37.105929770997399 ], [ -113.531729279496005, 37.105984531844399 ], [ -113.531729798064006, 37.106039436247997 ], [ -113.531725244504003, 37.1063207463366 ], [ -113.531725517591994, 37.1064310458788 ], [ -113.531726994422002, 37.107026140084102 ], [ -113.531726994422002, 37.1070262518449 ], [ -113.531727030355, 37.107040879612597 ], [ -113.531728500897003, 37.107646462277302 ], [ -113.531854509377993, 37.107645490825902 ], [ -113.531854513870002, 37.107646912182403 ], [ -113.532329339973003, 37.107642951870602 ], [ -113.532796799889994, 37.107640306170097 ], [ -113.532797265217994, 37.107640302588003 ], [ -113.533194764341005, 37.107636123054398 ], [ -113.533722292804995, 37.107635175961001 ], [ -113.534257601578005, 37.107628596454703 ], [ -113.535114883616004, 37.107621895874701 ], [ -113.535228959776006, 37.107619907121197 ], [ -113.535308737359998, 37.107619318232402 ], [ -113.535334308188993, 37.107618365304099 ], [ -113.535359717651005, 37.107615887345901 ], [ -113.535449430206, 37.107607153132797 ], [ -113.535538101732996, 37.1075932105447 ], [ -113.535625257456999, 37.107574134231903 ], [ -113.535710430717003, 37.107550026331502 ], [ -113.535754052906995, 37.107535451676497 ], [ -113.535754027755004, 37.107541817700401 ], [ -113.535834716229999, 37.107517982719301 ], [ -113.535856216764998, 37.107569187744403 ], [ -113.535880218832006, 37.107619680874599 ], [ -113.535906685499, 37.107669384419097 ], [ -113.535935576043002, 37.107718221902502 ], [ -113.535966846010993, 37.1077661181818 ], [ -113.536000447288004, 37.107812999562398 ], [ -113.536036328174006, 37.107858793911497 ], [ -113.536074433460001, 37.1079034307689 ], [ -113.536114457897995, 37.107950183480597 ], [ -113.536161262556007, 37.108010262743903 ], [ -113.536204408901995, 37.108072059196303 ], [ -113.536253816583994, 37.108152859111598 ], [ -113.536296982939007, 37.108235901780198 ], [ -113.536333748759006, 37.108320880914 ], [ -113.536363978443006, 37.108407483083802 ], [ -113.536364291056003, 37.108416330651899 ], [ -113.536376711792002, 37.108474141514399 ], [ -113.536386398594999, 37.108532283845904 ], [ -113.536392425925996, 37.108581446132398 ], [ -113.536396498914996, 37.108630735903098 ], [ -113.536398613478994, 37.108680103759298 ], [ -113.536398767498994, 37.108729500224001 ], [ -113.536398515970006, 37.108754698847598 ], [ -113.536395219152993, 37.1090853356202 ], [ -113.536388139530999, 37.109091280273198 ], [ -113.531763596277997, 37.109128475536302 ], [ -113.531763459733995, 37.111413508422999 ], [ -113.531763668143, 37.111467113944897 ], [ -113.531760354257997, 37.1114671017666 ] ] ] } },
{ "type": "Feature", "properties": { "OBJECTID": 55, "CountyID": 27, "VistaID": "27SC:01", "PrecinctID": "27SC", "SubPrecinctID": "01", "VersionNbr": null, "EffectiveDate": 1744156800000, "AliasName": "SC:01", "Comments": "formerly SC01", "RcvdDate": 1744156800000, "GlobalID": "3f4eed4e-3d2c-4780-b4da-ec1e5598f813", "Shape__Area": 2129836.0456900597, "Shape__Length": 7902.5906021391384 }, "geometry": { "type": "Polygon", "coordinates": [ [ [ -113.637638118485, 37.126712113348702 ], [ -113.637596698962994, 37.126700535504 ], [ -113.635948878814006, 37.126239929944802 ], [ -113.635938337981997, 37.126238691576901 ], [ -113.635936579979003, 37.126235810885198 ], [ -113.635629093844003, 37.126149291961397 ], [ -113.631278597839, 37.124935634408502 ], [ -113.631336062168998, 37.124805104919901 ], [ -113.630869574228001, 37.12467052697 ], [ -113.631083574488997, 37.124223526454102 ], [ -113.630888574495003, 37.1240585274425 ], [ -113.630662575437995, 37.123915527148696 ], [ -113.630503574531005, 37.123770526795298 ], [ -113.630471574744007, 37.123742527589101 ], [ -113.630279574225, 37.1235515266143 ], [ -113.629929573522006, 37.123198526836603 ], [ -113.629837540222994, 37.123105981383397 ], [ -113.629749574494994, 37.123017527117703 ], [ -113.629561574174005, 37.122873527815699 ], [ -113.629406978605004, 37.122671716174303 ], [ -113.629388325986994, 37.122647366661496 ], [ -113.629358574682996, 37.122608527041301 ], [ -113.629333573669996, 37.122576527763499 ], [ -113.629277705646004, 37.1223616519937 ], [ -113.629190574453006, 37.122026526287499 ], [ -113.629064574056997, 37.121668526948604 ], [ -113.628943573683003, 37.120853526999099 ], [ -113.628908574421004, 37.120623526959498 ], [ -113.628889018996006, 37.119588091578997 ], [ -113.628888590499002, 37.119565391422 ], [ -113.628888573430999, 37.119564526135498 ], [ -113.628736573994004, 37.119566526036103 ], [ -113.628655077933004, 37.119567311813597 ], [ -113.628321573891995, 37.119570526553197 ], [ -113.628321500230001, 37.119567144200097 ], [ -113.628317573694005, 37.1193875261336 ], [ -113.628312573670996, 37.119129527174302 ], [ -113.628279573160995, 37.117415526557501 ], [ -113.628274573138, 37.117145526106398 ], [ -113.628274030556, 37.117124916870999 ], [ -113.628272572590006, 37.117069526702501 ], [ -113.628257572520994, 37.116262526619899 ], [ -113.628246573549006, 37.1159145272294 ], [ -113.628246572650994, 37.115892526543099 ], [ -113.628238573152998, 37.115606525635798 ], [ -113.628248953186002, 37.1156064876701 ], [ -113.629033865148998, 37.115603569324499 ], [ -113.629045572891997, 37.115603526344401 ], [ -113.629129573455998, 37.115547526178403 ], [ -113.629360573433999, 37.115667525767201 ], [ -113.629595573610999, 37.115795526599399 ], [ -113.62966057301, 37.115889526546702 ], [ -113.629725573306999, 37.115984526374902 ], [ -113.629831572713996, 37.116149526509403 ], [ -113.629873572546998, 37.116273526552 ], [ -113.629889573339, 37.116318526257203 ], [ -113.629946290270993, 37.116514546867499 ], [ -113.629946574138998, 37.116515526084598 ], [ -113.630413526507994, 37.1165115268387 ], [ -113.630413574119004, 37.1165115268387 ], [ -113.630414450874994, 37.116578415149 ], [ -113.630419491322002, 37.116962977554401 ], [ -113.630420573791994, 37.117045527100998 ], [ -113.631067856665993, 37.117040004985398 ], [ -113.631943573930997, 37.117032526597399 ], [ -113.632508574718997, 37.1170275259623 ], [ -113.632522347689005, 37.117026952905697 ], [ -113.632529447972999, 37.117026658497899 ], [ -113.632869574393993, 37.117012526204 ], [ -113.633433574459005, 37.117006527016201 ], [ -113.634733574117007, 37.116993525789603 ], [ -113.634819571636001, 37.116992386122703 ], [ -113.634884574628003, 37.116991525821099 ], [ -113.635556574648007, 37.116985526631602 ], [ -113.635632989837006, 37.1169850359516 ], [ -113.636957574587996, 37.116976525339297 ], [ -113.637033575654996, 37.116974525370402 ], [ -113.637235575321, 37.116972525401401 ], [ -113.637234287137005, 37.116970537609802 ], [ -113.637128574293001, 37.116807526343997 ], [ -113.637047574101999, 37.116657525325998 ], [ -113.637047574101999, 37.116467525806698 ], [ -113.637081575335003, 37.116271525848099 ], [ -113.637168574474998, 37.115966525700202 ], [ -113.637208574658004, 37.1158045258831 ], [ -113.637162575526006, 37.115568525529099 ], [ -113.637081575335003, 37.115418525638198 ], [ -113.636723574236996, 37.114803526488402 ], [ -113.636685574601998, 37.114700525779 ], [ -113.636667574160001, 37.114645526392998 ], [ -113.636650575339999, 37.114591525550402 ], [ -113.636631575072997, 37.114538525402203 ], [ -113.636609574434004, 37.114486525950603 ], [ -113.636582573770994, 37.114435525048698 ], [ -113.636552574532004, 37.114387525601103 ], [ -113.636517575271, 37.114341526161702 ], [ -113.636437574005996, 37.114255526605199 ], [ -113.636351574691005, 37.1141815250595 ], [ -113.636291442363998, 37.114138574272502 ], [ -113.636260574453999, 37.114116525791196 ], [ -113.636160574895001, 37.114047525658201 ], [ -113.635998574512996, 37.113936525873001 ], [ -113.635781573879996, 37.113752525419002 ], [ -113.635753575189, 37.1137215252907 ], [ -113.636696574471998, 37.113715525841997 ], [ -113.636905360011994, 37.113714164056702 ], [ -113.637309574042007, 37.113711525731802 ], [ -113.637383575458998, 37.113712525043098 ], [ -113.637389575306997, 37.1139485254511 ], [ -113.637390521233002, 37.113948093492098 ], [ -113.637582574752003, 37.113860525397101 ], [ -113.637862532016001, 37.1137162185546 ], [ -113.637873575005003, 37.113710525704199 ], [ -113.637975229261002, 37.113839181724103 ], [ -113.638065574625998, 37.113953524856903 ], [ -113.638065897120995, 37.1139533851686 ], [ -113.638157575586007, 37.113913525303502 ], [ -113.638621241918003, 37.114539439457602 ], [ -113.638780575202006, 37.114754525111302 ], [ -113.639244649369004, 37.115387137937702 ], [ -113.639361574985003, 37.115546525458697 ], [ -113.639568575572, 37.1158325258763 ], [ -113.639668575130997, 37.115970525691303 ], [ -113.639745575123996, 37.116076525378503 ], [ -113.639765575216003, 37.116389525021397 ], [ -113.639776266964006, 37.116578817723699 ], [ -113.639782575832996, 37.116690526377702 ], [ -113.639784623093007, 37.1167285345172 ], [ -113.639798574828006, 37.116987526600198 ], [ -113.639814573823003, 37.117288474720503 ], [ -113.639814576518006, 37.117288526295503 ], [ -113.639814646586004, 37.117288722566698 ], [ -113.639814739113007, 37.117288984022899 ], [ -113.639884575040995, 37.1174865264421 ], [ -113.639884986469994, 37.117486388909299 ], [ -113.639956575910006, 37.117462525540198 ], [ -113.640232576093993, 37.1173205256597 ], [ -113.640374575486007, 37.117235525886201 ], [ -113.640466575548004, 37.117179526210897 ], [ -113.640601575266999, 37.117106525356803 ], [ -113.640636575426996, 37.117108525322202 ], [ -113.640638623586, 37.117110141340099 ], [ -113.640932016053, 37.117341561767198 ], [ -113.640939576273993, 37.117347525828997 ], [ -113.641086575689002, 37.117309525879698 ], [ -113.642064576029995, 37.117291525520201 ], [ -113.642064618250998, 37.117292543408396 ], [ -113.642072474917001, 37.117292401577402 ], [ -113.642139178419995, 37.120951673679201 ], [ -113.642446165091997, 37.120949570670398 ], [ -113.642265919028006, 37.121449001383901 ], [ -113.642113735435998, 37.121713778441602 ], [ -113.642242823342002, 37.1217833890178 ], [ -113.642209743780001, 37.1220442855698 ], [ -113.642204002647006, 37.122089578381903 ], [ -113.642144855772003, 37.1222378646276 ], [ -113.642563053876003, 37.122477512922998 ], [ -113.642595412090998, 37.122409883471299 ], [ -113.643084665138005, 37.122640881574398 ], [ -113.643183216612996, 37.122735550610898 ], [ -113.643354945748996, 37.1228178596443 ], [ -113.643493839664998, 37.122884430091297 ], [ -113.643679428008994, 37.122984528823899 ], [ -113.644104588955003, 37.123213843389699 ], [ -113.644105445948, 37.1232143060951 ], [ -113.644381737187004, 37.123363325021003 ], [ -113.644378779034, 37.123385721060899 ], [ -113.644351112720003, 37.1234014823739 ], [ -113.644327254342997, 37.123413879795997 ], [ -113.644302197005999, 37.123424669177702 ], [ -113.644276110795005, 37.1234337772826 ], [ -113.644249172779993, 37.123441142286701 ], [ -113.644221565813993, 37.123446714197499 ], [ -113.644193477288994, 37.123450455194003 ], [ -113.644165097865994, 37.123452339883201 ], [ -113.644136620183005, 37.123452355471898 ], [ -113.644087807437998, 37.12345546657 ], [ -113.644040048164001, 37.1234640896296 ], [ -113.643994316285003, 37.123478048804799 ], [ -113.643951544377998, 37.123497059432999 ], [ -113.643912604660997, 37.123520733840003 ], [ -113.643878291204999, 37.123548589245999 ], [ -113.643849303739998, 37.123580057610702 ], [ -113.643826233387998, 37.123614497217503 ], [ -113.643811154606993, 37.123646632452903 ], [ -113.643798635346002, 37.1236794589651 ], [ -113.643789688753003, 37.123700061714601 ], [ -113.643778712889997, 37.123720030972201 ], [ -113.643765777469994, 37.123739239903401 ], [ -113.643750964652995, 37.123757566502903 ], [ -113.643734368520995, 37.123774894369603 ], [ -113.643716094487004, 37.123791113445897 ], [ -113.643696258617993, 37.123806120716701 ], [ -113.643674986901004, 37.123819820863801 ], [ -113.643652414445, 37.1238321268712 ], [ -113.643628684619003, 37.123842960577598 ], [ -113.643603948144005, 37.123852253173297 ], [ -113.643578362132999, 37.123859945636703 ], [ -113.643552089097, 37.123865989109397 ], [ -113.643525295909996, 37.123870345206598 ], [ -113.643498152747995, 37.1238729862607 ], [ -113.643470832014003, 37.123873895497198 ], [ -113.643350960822005, 37.123873957811497 ], [ -113.643225260462998, 37.1239275401865 ], [ -113.643484630136001, 37.124309592043097 ], [ -113.644070020884996, 37.124506354052897 ], [ -113.643865409816001, 37.125118911494901 ], [ -113.643663464048004, 37.125732406549403 ], [ -113.643642302434998, 37.125727878490103 ], [ -113.643526019115001, 37.126075607873602 ], [ -113.643294157651994, 37.126773928910801 ], [ -113.643301269614, 37.127008284256902 ], [ -113.643315015634002, 37.127159748783697 ], [ -113.643422747890995, 37.127281597161499 ], [ -113.643506296602993, 37.127350177702098 ], [ -113.643659804311994, 37.127455521153202 ], [ -113.643755011359005, 37.127507609819503 ], [ -113.644690447724997, 37.1280192768007 ], [ -113.644212481112007, 37.128743025414103 ], [ -113.643417437050999, 37.1283491898715 ], [ -113.643223830344994, 37.128253282358997 ], [ -113.642563065554, 37.127993132735803 ], [ -113.642057356270001, 37.1278272932229 ], [ -113.641620395952998, 37.1277059900506 ], [ -113.640550215887004, 37.1274198497035 ], [ -113.638414361705003, 37.126828216866102 ], [ -113.637638958408999, 37.126606081998098 ], [ -113.637638153519006, 37.126712125524598 ], [ -113.637638118485, 37.126712113348702 ] ] ] } },
{ "type": "Feature", "properties": { "OBJECTID": 56, "CountyID": 27, "VistaID": "27STG:37", "PrecinctID": "27STG", "SubPrecinctID": "37", "VersionNbr": null, "EffectiveDate": 1744156800000, "AliasName": "STG:37", "Comments": "formerly STG37", "RcvdDate": 1744156800000, "GlobalID": "2ba7505c-5bb8-4357-81be-e32f1a52a940", "Shape__Area": 7329153.4046802521, "Shape__Length": 19821.896263106009 }, "geometry": { "type": "Polygon", "coordinates": [ [ [ -113.579164803043, 37.097148841835903 ], [ -113.579151575349997, 37.096313613674802 ], [ -113.579164187697003, 37.095842203693302 ], [ -113.579315082205994, 37.095840069176703 ], [ -113.579439166496996, 37.095838312983297 ], [ -113.579423325605006, 37.0945239409062 ], [ -113.579359877596005, 37.091714799032502 ], [ -113.579299532369006, 37.089718661790499 ], [ -113.579313743716995, 37.088506859590602 ], [ -113.579219654173997, 37.088508183849797 ], [ -113.579217622184999, 37.088316712775502 ], [ -113.579289658087006, 37.0881959640083 ], [ -113.579349957500995, 37.087425720304402 ], [ -113.57934800097, 37.087424687682699 ], [ -113.579460060412003, 37.087335129734903 ], [ -113.579930423684999, 37.086931123011901 ], [ -113.580575719486006, 37.086327223609103 ], [ -113.580993410041998, 37.085900066280701 ], [ -113.581315691430007, 37.085542414992403 ], [ -113.581590577702997, 37.085219654330103 ], [ -113.582075432598003, 37.084604318967898 ], [ -113.582401454570999, 37.084151525185199 ], [ -113.58288253744, 37.083411084805199 ], [ -113.583097268030002, 37.0830424112835 ], [ -113.583291474812, 37.082681280097198 ], [ -113.583527066977993, 37.082198769684602 ], [ -113.583839192911995, 37.081455087423301 ], [ -113.584086967131995, 37.080800958623797 ], [ -113.584307168462004, 37.080088543156499 ], [ -113.584453703448006, 37.079415564727398 ], [ -113.584545204945002, 37.078713644966598 ], [ -113.584595169240998, 37.0779961113534 ], [ -113.584655562977005, 37.077233127350603 ], [ -113.584688506893997, 37.076753449785897 ], [ -113.584691140754003, 37.076324734861302 ], [ -113.584670913389004, 37.0757194508476 ], [ -113.584640031106005, 37.075263185979999 ], [ -113.585005560984996, 37.075262524451503 ], [ -113.585210690381999, 37.075263936381397 ], [ -113.585441561002995, 37.075265523906701 ], [ -113.585876561196002, 37.075277524593297 ], [ -113.586061560245994, 37.075282524400997 ], [ -113.586823561575997, 37.075364524497203 ], [ -113.587625562189999, 37.075543524512902 ], [ -113.588121560686005, 37.075708523864797 ], [ -113.588515561769, 37.075835524320297 ], [ -113.588718561261004, 37.075900524183297 ], [ -113.589116561644005, 37.076021524033401 ], [ -113.589436562209002, 37.076099524101103 ], [ -113.589813561778001, 37.076173523429503 ], [ -113.590306561697005, 37.076246524313603 ], [ -113.590718562324, 37.0762995247348 ], [ -113.591601562231006, 37.076417523822002 ], [ -113.592164543606003, 37.076487817479801 ], [ -113.592490561985997, 37.076528523397101 ], [ -113.592675562832, 37.076558524610199 ], [ -113.592801562329996, 37.076573523778997 ], [ -113.593117562697998, 37.076589523462403 ], [ -113.593623562138006, 37.076617523616903 ], [ -113.594281561914002, 37.076599524337901 ], [ -113.595125563259003, 37.076467523282702 ], [ -113.595828563241, 37.0763985239753 ], [ -113.597215924959002, 37.0762632687238 ], [ -113.597223564231996, 37.0762625233493 ], [ -113.597430563022996, 37.076270523940998 ], [ -113.597749563763998, 37.076290522907897 ], [ -113.598032562723006, 37.076342523494198 ], [ -113.598258562679007, 37.076395523131502 ], [ -113.598541563433997, 37.076467523282702 ], [ -113.598575563769003, 37.076476523655103 ], [ -113.599524563797999, 37.0768165230864 ], [ -113.599658564590996, 37.076869523825799 ], [ -113.600174563178001, 37.077074523551403 ], [ -113.600799564241001, 37.077366523196403 ], [ -113.601315564624997, 37.077673522818202 ], [ -113.601470563537006, 37.0777725231315 ], [ -113.601800564147993, 37.077985523693101 ], [ -113.602279563823998, 37.078273523581601 ], [ -113.602700565570004, 37.078560523317996 ], [ -113.602876565296995, 37.078700523931303 ], [ -113.603191564043001, 37.079011523677799 ], [ -113.603326565559001, 37.0791935244171 ], [ -113.603364564296001, 37.079245523729 ], [ -113.603554565164998, 37.0795015235704 ], [ -113.603686564510994, 37.079748523280998 ], [ -113.603730564892004, 37.079862522986303 ], [ -113.603793564640995, 37.080026523933903 ], [ -113.603812565805995, 37.080097523748996 ], [ -113.603948564451997, 37.080581523149903 ], [ -113.604018565670003, 37.080818523324197 ], [ -113.604089564019006, 37.081058523417099 ], [ -113.604237565055001, 37.081619524235698 ], [ -113.604333565313993, 37.081870523854299 ], [ -113.604463564111995, 37.082147524164803 ], [ -113.604608564776001, 37.082384524459997 ], [ -113.604753565438997, 37.082598523969097 ], [ -113.605007564984007, 37.082877524638697 ], [ -113.605341565792997, 37.083189524880197 ], [ -113.605952565712997, 37.083766523863702 ], [ -113.606565565283006, 37.0843455243023 ], [ -113.606804565657995, 37.084571523940603 ], [ -113.607014565719993, 37.084760523516998 ], [ -113.607122566574006, 37.084857523791598 ], [ -113.607433566020006, 37.085136524746403 ], [ -113.608346566064, 37.085978524851001 ], [ -113.608370567251995, 37.086000523477303 ], [ -113.608406246537996, 37.086032240815598 ], [ -113.607422940747, 37.086803398738503 ], [ -113.605547271907994, 37.084821679633002 ], [ -113.605056285112994, 37.085404745995803 ], [ -113.604950971120999, 37.085529807521397 ], [ -113.604950170722006, 37.0855052188979 ], [ -113.604946752632003, 37.085400429794397 ], [ -113.604944602065999, 37.085302765190498 ], [ -113.604933199749993, 37.084723317722599 ], [ -113.604930600924007, 37.0847238867239 ], [ -113.604930570381001, 37.084723894606803 ], [ -113.604333055070995, 37.084854804199701 ], [ -113.604297727025994, 37.0848114569716 ], [ -113.603980894819003, 37.084334951144598 ], [ -113.603946571988004, 37.084283331554602 ], [ -113.603865476576004, 37.084161362387803 ], [ -113.603824795470004, 37.084100180657003 ], [ -113.603794333598998, 37.083994674411201 ], [ -113.603468181370005, 37.083909968322601 ], [ -113.602944221913006, 37.0837738844249 ], [ -113.602193133317002, 37.083503295366299 ], [ -113.601976104835998, 37.083385072966202 ], [ -113.601564959404996, 37.083285275195301 ], [ -113.601201262090001, 37.083196993710096 ], [ -113.600672263982005, 37.083085464266702 ], [ -113.600492526365002, 37.083047568957099 ], [ -113.599894405591002, 37.081996350145403 ], [ -113.599874098274995, 37.081960659430699 ], [ -113.599889904132993, 37.081943428955 ], [ -113.599931474570994, 37.081892682053102 ], [ -113.599965478499001, 37.081851061699297 ], [ -113.600653414632006, 37.081025969803903 ], [ -113.600703522659003, 37.080965870568498 ], [ -113.600688563014003, 37.080966018200797 ], [ -113.600184820142005, 37.080970992550199 ], [ -113.599516810438999, 37.080987465019 ], [ -113.599399816550999, 37.081247194922597 ], [ -113.599231709422, 37.081190763010198 ], [ -113.598912105013994, 37.081089275331401 ], [ -113.598589018736007, 37.080986683141198 ], [ -113.598507777796002, 37.0809874743356 ], [ -113.598468189041995, 37.080987863482903 ], [ -113.597802861708004, 37.080994393703001 ], [ -113.597361083726, 37.080998730938497 ], [ -113.596799908863005, 37.081004186882403 ], [ -113.596772379990995, 37.081004454913703 ], [ -113.596775081225005, 37.081015939412502 ], [ -113.596776967687006, 37.081024486315101 ], [ -113.596780844815996, 37.081043780266903 ], [ -113.596781075682998, 37.081045025107201 ], [ -113.596781418839001, 37.081046879825998 ], [ -113.596784332075998, 37.081063942090204 ], [ -113.596784944727005, 37.081067864375001 ], [ -113.596785037252999, 37.081068469236797 ], [ -113.596785136067993, 37.081069129281403 ], [ -113.596785646311005, 37.081072533420297 ], [ -113.596788000795001, 37.081090002025299 ], [ -113.596788261306997, 37.081092197873403 ], [ -113.596788603565003, 37.081095118981999 ], [ -113.596788780533004, 37.081096632569199 ], [ -113.596790543028007, 37.081114048135802 ], [ -113.596790708317997, 37.081115960902302 ], [ -113.596790713708003, 37.081116029701803 ], [ -113.596790945473003, 37.081118787410901 ], [ -113.596791146696006, 37.0811211774732 ], [ -113.596792366608, 37.0811388596317 ], [ -113.596792435777999, 37.081140133853403 ], [ -113.596792504050001, 37.0811413980419 ], [ -113.596792580406998, 37.081142849995402 ], [ -113.596793145446995, 37.081156577618998 ], [ -113.596792119571006, 37.081156597685499 ], [ -113.596789323115999, 37.081156654301701 ], [ -113.596789199148006, 37.081156656451597 ], [ -113.596569313125997, 37.081161075377103 ], [ -113.596569260124994, 37.0811610746604 ], [ -113.596566981997995, 37.081161121243298 ], [ -113.596564395748004, 37.081161172842798 ], [ -113.596566184294005, 37.081220745178797 ], [ -113.596572606349994, 37.081434579558596 ], [ -113.596575449694996, 37.081487071867301 ], [ -113.596580819954994, 37.081539438164498 ], [ -113.596588709193995, 37.0815916010596 ], [ -113.596599105752006, 37.081643483462898 ], [ -113.596615338375003, 37.081706920871298 ], [ -113.596635324603994, 37.081769672542997 ], [ -113.596659019444999, 37.081831597207398 ], [ -113.596686369554007, 37.081892555456399 ], [ -113.596717313357999, 37.081952410057397 ], [ -113.596751781193007, 37.082011026263103 ], [ -113.596789695461993, 37.082068272114199 ], [ -113.596830970808995, 37.082124018736899 ], [ -113.596884005247006, 37.082195026979797 ], [ -113.596933449052003, 37.082267665440703 ], [ -113.596979223608997, 37.082341818620698 ], [ -113.597021256136998, 37.082417368612496 ], [ -113.597059479804997, 37.082494195288298 ], [ -113.597093833838002, 37.0825721764907 ], [ -113.597124263612002, 37.082651188226798 ], [ -113.597150720743997, 37.082731104865601 ], [ -113.597714143191993, 37.084581096653103 ], [ -113.597728716560994, 37.0846263022272 ], [ -113.597750485833004, 37.084684941229 ], [ -113.597774575646994, 37.084742999847897 ], [ -113.597800961759006, 37.084800419660297 ], [ -113.597829617616995, 37.084857142885198 ], [ -113.597860514385005, 37.084913112442997 ], [ -113.597893620969998, 37.084968272012297 ], [ -113.597928904056999, 37.085022566087297 ], [ -113.597966328140004, 37.085075940032901 ], [ -113.59843518404, 37.085694476278299 ], [ -113.598869498818004, 37.086267433853102 ], [ -113.598872182085998, 37.086271041276198 ], [ -113.598915885124995, 37.086329765428701 ], [ -113.598918904361994, 37.086333822880597 ], [ -113.598925065008999, 37.086342100454502 ], [ -113.598966191833, 37.086397464414901 ], [ -113.599005750466006, 37.0864535508071 ], [ -113.599043720973995, 37.0865103313674 ], [ -113.599080084223999, 37.086567777482102 ], [ -113.599114821891007, 37.086625860202403 ], [ -113.599147916472006, 37.086684550258603 ], [ -113.599179351290005, 37.086743818075199 ], [ -113.599209110505001, 37.086803633785401 ], [ -113.599741300326997, 37.087909260157701 ], [ -113.599785514507005, 37.087989927344999 ], [ -113.599818771878006, 37.088050004259003 ], [ -113.599853700189996, 37.088109474662701 ], [ -113.599890282076998, 37.088168308988401 ], [ -113.599928499350995, 37.088226477984598 ], [ -113.600005485718995, 37.088335057316797 ], [ -113.600088163105994, 37.088440940425002 ], [ -113.600176383388003, 37.088543937626099 ], [ -113.600269988516004, 37.088643864407302 ], [ -113.600289676892004, 37.088663796333798 ], [ -113.600309585355006, 37.088683589236801 ], [ -113.600386061641004, 37.088756547975201 ], [ -113.600465456812998, 37.088827494831897 ], [ -113.600547687751998, 37.088896355538097 ], [ -113.600632668369002, 37.088963058009099 ], [ -113.600720309698005, 37.0890275324196 ], [ -113.600810519986993, 37.089089711276898 ], [ -113.600903204795003, 37.089149529491301 ], [ -113.600998267090006, 37.089206924444703 ], [ -113.601797376026994, 37.089671762393301 ], [ -113.602273938574001, 37.089949994654397 ], [ -113.602369711866999, 37.090004304096198 ], [ -113.602467336985001, 37.090056473284498 ], [ -113.602566738785001, 37.090106462069301 ], [ -113.602667840758997, 37.090154231979 ], [ -113.602770565089997, 37.090199746249603 ], [ -113.60287483271, 37.090242969853001 ], [ -113.602980563366003, 37.0902838695242 ], [ -113.603087675677003, 37.090322413786801 ], [ -113.603099733763003, 37.090326579944097 ], [ -113.603111794544006, 37.090330709556 ], [ -113.603123856224002, 37.090334804772098 ], [ -113.603135915208, 37.090338864875903 ], [ -113.603242859643004, 37.090373301226002 ], [ -113.603248565740998, 37.090363118724902 ], [ -113.603350628878005, 37.090393050387199 ], [ -113.603453622754998, 37.0904208795546 ], [ -113.603557479318994, 37.090446587840901 ], [ -113.603662129944993, 37.090470158261503 ], [ -113.603767505484996, 37.090491575244002 ], [ -113.603873536311994, 37.090510824638898 ], [ -113.603980152364997, 37.090527893728598 ], [ -113.604087283195994, 37.090542771236201 ], [ -113.604164841941, 37.090552143271204 ], [ -113.604323863508995, 37.090570135654801 ], [ -113.604832303671998, 37.090627661236702 ], [ -113.604850841306003, 37.090629761504701 ], [ -113.605234525238998, 37.090673274515801 ], [ -113.605237979261005, 37.090673565443197 ], [ -113.605239699535005, 37.090673755334301 ], [ -113.605380148435003, 37.090689650288901 ], [ -113.605599092123995, 37.090714427838101 ], [ -113.60567374931, 37.090722877626803 ], [ -113.605723428841003, 37.090564318531101 ], [ -113.605724168153998, 37.090561960295702 ], [ -113.605729524807998, 37.090544862907699 ], [ -113.605735829184994, 37.090545618173799 ], [ -113.605947901660002, 37.090218064870697 ], [ -113.605953247534998, 37.090209926735596 ], [ -113.605968630286, 37.090186145060301 ], [ -113.605969305819002, 37.090185118208801 ], [ -113.606141547893003, 37.0899266980202 ], [ -113.606298016449003, 37.089691941985798 ], [ -113.606318464799998, 37.089661260919897 ], [ -113.606313196181006, 37.089653944641903 ], [ -113.605898251775002, 37.089077762237103 ], [ -113.605398845969006, 37.088384283100901 ], [ -113.605364647106001, 37.088336794555801 ], [ -113.605868886745995, 37.088156226024502 ], [ -113.605895970053993, 37.088146526926401 ], [ -113.606541387128004, 37.087915397087002 ], [ -113.606707764101003, 37.088146426603203 ], [ -113.606714906606001, 37.088156342829201 ], [ -113.607024427425998, 37.088586134524597 ], [ -113.607024166914002, 37.088591832846198 ], [ -113.607092836828997, 37.088487761017703 ], [ -113.607565484518005, 37.0891506417748 ], [ -113.607601767472005, 37.089201661135696 ], [ -113.607701970948995, 37.089342021885997 ], [ -113.607845694207995, 37.0894437872983 ], [ -113.607951685529997, 37.089518834141401 ], [ -113.607963101319996, 37.089526963751801 ], [ -113.608554874598994, 37.089945781898898 ], [ -113.608569398559993, 37.089956039696702 ], [ -113.608582802322999, 37.089965739996302 ], [ -113.608803801356999, 37.089659047405497 ], [ -113.609481326913993, 37.089597476709798 ], [ -113.609480966690001, 37.0895958787358 ], [ -113.609856588243005, 37.089558944749299 ], [ -113.610075468150995, 37.089554357916903 ], [ -113.610076528163006, 37.089555288038497 ], [ -113.610092269342005, 37.0895540046427 ], [ -113.611552969520005, 37.089523390879499 ], [ -113.613401677222001, 37.091045048050198 ], [ -113.613553762, 37.091282866071701 ], [ -113.613521552904999, 37.091928578012499 ], [ -113.613271467320004, 37.092457604607397 ], [ -113.612771621340002, 37.092948793757103 ], [ -113.612649977771994, 37.093110593821699 ], [ -113.612202423623003, 37.093081965614601 ], [ -113.612127862555994, 37.092927903498797 ], [ -113.611938361149996, 37.092536382420803 ], [ -113.611900439669, 37.092480768617797 ], [ -113.611784297384006, 37.092310448808497 ], [ -113.611523306251001, 37.091927698795601 ], [ -113.611239152956998, 37.091579836234999 ], [ -113.611126599442002, 37.0915341805079 ], [ -113.611468570103995, 37.091181700027803 ], [ -113.611512268650998, 37.091164220850303 ], [ -113.611565887294006, 37.091078253018701 ], [ -113.610978805017993, 37.090841886122803 ], [ -113.610871229965994, 37.090808067667901 ], [ -113.610766484606998, 37.090782760604903 ], [ -113.610660239062, 37.090764231561501 ], [ -113.610609615403007, 37.090857518778201 ], [ -113.610408759292, 37.0911752903517 ], [ -113.610188202228002, 37.091085824973398 ], [ -113.609496326083999, 37.092234923921197 ], [ -113.609979851473, 37.092463890211498 ], [ -113.609987766529002, 37.0924522555379 ], [ -113.610150985923994, 37.0925305769129 ], [ -113.610356581546995, 37.092629232509204 ], [ -113.610385152464005, 37.092656247213903 ], [ -113.610452830548994, 37.092688732333599 ], [ -113.610516951215004, 37.092725523668904 ], [ -113.610577084859003, 37.092766374715701 ], [ -113.610632828592998, 37.092811011770401 ], [ -113.610683808941005, 37.092859135763298 ], [ -113.610729684339006, 37.092910424262897 ], [ -113.610770147428994, 37.092964533635801 ], [ -113.610804927112, 37.093021101349798 ], [ -113.610834372987995, 37.093080975346297 ], [ -113.610852057049996, 37.093126341712598 ], [ -113.610866218932003, 37.093172487910699 ], [ -113.610876805295007, 37.093219240127503 ], [ -113.610883776264004, 37.093266422267398 ], [ -113.610887105581995, 37.0933138566159 ], [ -113.610886780708995, 37.093361364508901 ], [ -113.610882802869, 37.0934087670054 ], [ -113.610875187044996, 37.093455885562101 ], [ -113.610858798250007, 37.093529136976997 ], [ -113.610835954023003, 37.093601280025297 ], [ -113.610834759263994, 37.093604540292901 ], [ -113.610817448513998, 37.093647983960899 ], [ -113.610797790895006, 37.093690787575902 ], [ -113.610768742850993, 37.093748683945101 ], [ -113.610742547200005, 37.093807439725502 ], [ -113.610710277303994, 37.093892327071899 ], [ -113.610683950536995, 37.093978509523801 ], [ -113.610663647704001, 37.094065722561297 ], [ -113.610649431118006, 37.094153698502097 ], [ -113.610641344415001, 37.094242167323301 ], [ -113.610639412414002, 37.094330857490299 ], [ -113.610643641045996, 37.094419496789797 ], [ -113.610654017330006, 37.094507813165798 ], [ -113.610667162179993, 37.094577350221002 ], [ -113.610683792374004, 37.094646410829 ], [ -113.610703881156994, 37.094714883892202 ], [ -113.610727396214003, 37.094782659258598 ], [ -113.610922371054997, 37.0952730107647 ], [ -113.610969913492994, 37.095392576020501 ], [ -113.610848236688, 37.095402871773302 ], [ -113.610307915316, 37.095399865232999 ], [ -113.610350097506995, 37.095456137529503 ], [ -113.609815412165005, 37.095719833245802 ], [ -113.609722744655002, 37.095599535502998 ], [ -113.609717688936996, 37.0954044287828 ], [ -113.60516652906, 37.095373113754903 ], [ -113.605171294623005, 37.095739231651798 ], [ -113.601292792332004, 37.095737763497901 ], [ -113.595764827772001, 37.095730632669202 ], [ -113.595742854980003, 37.094104249522502 ], [ -113.593302528509994, 37.094148040704603 ], [ -113.593302177268995, 37.0943540943031 ], [ -113.591157663326996, 37.0943587560811 ], [ -113.591038125409995, 37.094464265096697 ], [ -113.590997493711996, 37.094556860603099 ], [ -113.590881267884001, 37.094651472318702 ], [ -113.590841775249004, 37.094711552821202 ], [ -113.590838301464004, 37.094718622840603 ], [ -113.590780926066003, 37.094875715104898 ], [ -113.590647357362997, 37.0952453191586 ], [ -113.590616676303, 37.095330215355702 ], [ -113.590580279262994, 37.095524916714197 ], [ -113.590594477135994, 37.095666290380599 ], [ -113.590638998540001, 37.095805275617103 ], [ -113.590701993796998, 37.096024864061299 ], [ -113.590759904590001, 37.096381516498603 ], [ -113.589049713511997, 37.0963559433198 ], [ -113.588920869947003, 37.0964501436587 ], [ -113.588924121849004, 37.096700743074003 ], [ -113.588124520635006, 37.096700053788403 ], [ -113.588012374056007, 37.096393222220499 ], [ -113.587840983584996, 37.096392839601002 ], [ -113.587839201327, 37.0963378254866 ], [ -113.587009047511998, 37.0963253939249 ], [ -113.583408945705003, 37.096354100439903 ], [ -113.583408803770993, 37.096354422155699 ], [ -113.583387278339998, 37.098023401694398 ], [ -113.583370555303006, 37.099705180291501 ], [ -113.583375764633004, 37.1014165382174 ], [ -113.583368234055996, 37.103092850185199 ], [ -113.583347371581993, 37.103092788570301 ], [ -113.582096718179002, 37.103089133945602 ], [ -113.581228509032996, 37.1030866063007 ], [ -113.579125854786994, 37.103077383405299 ], [ -113.579120956273997, 37.103077364777498 ], [ -113.579133415008002, 37.101390569814498 ], [ -113.579145975252999, 37.099690042402997 ], [ -113.579158473513004, 37.097997768883701 ], [ -113.579158517530999, 37.0979919236702 ], [ -113.579164803043, 37.097148841835903 ] ] ] } },
{ "type": "Feature", "properties": { "OBJECTID": 57, "CountyID": 27, "VistaID": "27STG:25", "PrecinctID": "27STG", "SubPrecinctID": "25", "VersionNbr": null, "EffectiveDate": 1744156800000, "AliasName": "STG:25", "Comments": "formerly STG25", "RcvdDate": 1744156800000, "GlobalID": "7416ad0c-faf3-43b9-9e90-c2c01fcbd163", "Shape__Area": 13921764.30078125, "Shape__Length": 18031.434729858855 }, "geometry": { "type": "Polygon", "coordinates": [ [ [ -113.514570266643005, 37.0559146352741 ], [ -113.514567408204002, 37.055564618783599 ], [ -113.514562973221004, 37.054871110560903 ], [ -113.512631613327002, 37.0548721163834 ], [ -113.512531897635, 37.054873581744197 ], [ -113.512383912768996, 37.054864151530602 ], [ -113.512283007708007, 37.054853888985001 ], [ -113.512115787216004, 37.0548298954849 ], [ -113.512025458918998, 37.054813222335 ], [ -113.511890488844003, 37.054783286361697 ], [ -113.511783866905006, 37.054755225811697 ], [ -113.511675417792006, 37.0547225074884 ], [ -113.511575601489994, 37.054688487242302 ], [ -113.511432439678003, 37.054632743873903 ], [ -113.511337080814997, 37.0545907465185 ], [ -113.511235584662998, 37.054541415852199 ], [ -113.511139353537004, 37.054489881366301 ], [ -113.511065630597997, 37.054446995677303 ], [ -113.510972419607, 37.054560730880198 ], [ -113.510878803476999, 37.054686894984897 ], [ -113.510813556143006, 37.054786518188401 ], [ -113.510220607868007, 37.054547185555997 ], [ -113.509957690747001, 37.054986124807598 ], [ -113.509712343775007, 37.055410687610099 ], [ -113.509540654164994, 37.055703147037804 ], [ -113.509453113340001, 37.055852263640297 ], [ -113.509315119535998, 37.056096705781897 ], [ -113.509199770463994, 37.056342261190103 ], [ -113.509339261758996, 37.056381064529702 ], [ -113.509224275606002, 37.056647871273 ], [ -113.509065455260995, 37.056647748684497 ], [ -113.508698218583007, 37.057499821934996 ], [ -113.506171727508004, 37.056619048639597 ], [ -113.506144615454005, 37.056609595702398 ], [ -113.504054837658998, 37.0605179105955 ], [ -113.504043560208999, 37.060539001185397 ], [ -113.504014874307003, 37.056796279165198 ], [ -113.504014872509998, 37.0567962132112 ], [ -113.504014550912999, 37.056754162569497 ], [ -113.504014499709001, 37.0567476603713 ], [ -113.503958557125003, 37.056853626777098 ], [ -113.503940430021004, 37.056887959333203 ], [ -113.493211067252005, 37.053248766755502 ], [ -113.493739361080998, 37.052248351867597 ], [ -113.494946580939995, 37.050011978455402 ], [ -113.494948424282995, 37.050008565035803 ], [ -113.494951413875995, 37.050002841588899 ], [ -113.496967873871995, 37.046142718268101 ], [ -113.497578719282004, 37.044988947152703 ], [ -113.496280120098007, 37.044988091769603 ], [ -113.494932900495996, 37.044987187630397 ], [ -113.490493480260994, 37.044991689684402 ], [ -113.490493477566005, 37.044991621569302 ], [ -113.490493446125001, 37.044990125903603 ], [ -113.490406765887002, 37.040906091637403 ], [ -113.490403176219004, 37.037738664116901 ], [ -113.490403142082997, 37.037709883780202 ], [ -113.490402930079995, 37.037512446045099 ], [ -113.490435259549002, 37.033085875121003 ], [ -113.490435292786998, 37.033081404631098 ], [ -113.490435486823003, 37.033054901519002 ], [ -113.490454004694001, 37.030519256433799 ], [ -113.490453973252997, 37.0305184360274 ], [ -113.490451745431002, 37.0304351683222 ], [ -113.490451616073997, 37.030430428031899 ], [ -113.491723331377003, 37.030434406720403 ], [ -113.494946765093999, 37.030432441758897 ], [ -113.496505733777994, 37.030433173958102 ], [ -113.496505786778002, 37.0304331782609 ], [ -113.496473008151995, 37.031628998510797 ], [ -113.499183528095998, 37.031612657314803 ], [ -113.499995519772995, 37.030227431454598 ], [ -113.500357871413001, 37.029609250380403 ], [ -113.500837640944994, 37.028666817266597 ], [ -113.500837654419996, 37.028666790731897 ], [ -113.501707003527002, 37.026959013909 ], [ -113.502645259706, 37.0269563352714 ], [ -113.502812393061006, 37.026940036100399 ], [ -113.503028326495993, 37.026869151483197 ], [ -113.503395353865997, 37.026809108311603 ], [ -113.503395396087001, 37.026809106160101 ], [ -113.503978830305002, 37.026804714189701 ], [ -113.503978454809001, 37.026567895245798 ], [ -113.503974857055994, 37.024343078861698 ], [ -113.503974857055994, 37.024343035829901 ], [ -113.503974853463006, 37.024339840001197 ], [ -113.503974339625998, 37.024025949584598 ], [ -113.503973027187996, 37.023214397903203 ], [ -113.510178780512007, 37.023168272847897 ], [ -113.520305299165003, 37.023173764508002 ], [ -113.520256515254999, 37.023269515987899 ], [ -113.522258516866998, 37.023285516871397 ], [ -113.522323516265999, 37.024125516205203 ], [ -113.522307516373004, 37.027347517196802 ], [ -113.522258230304004, 37.037712536223999 ], [ -113.522249518443004, 37.039544518795097 ], [ -113.522248517720001, 37.039763517995802 ], [ -113.522253518640994, 37.041373518750497 ], [ -113.522257518838998, 37.042858519306201 ], [ -113.522259519387006, 37.043610518817502 ], [ -113.522263518686998, 37.044558519733897 ], [ -113.522269520330994, 37.0461655192913 ], [ -113.522272519805995, 37.046724518995802 ], [ -113.522154518907001, 37.047161519605702 ], [ -113.522115518549001, 37.047442519092201 ], [ -113.522135520437004, 37.047724519153803 ], [ -113.522145519584001, 37.047926518965802 ], [ -113.522128518966994, 37.048551519852303 ], [ -113.522139520634994, 37.049378519426497 ], [ -113.522165520574006, 37.051197519839299 ], [ -113.522179520818, 37.052165519512101 ], [ -113.522181521365994, 37.052210520010597 ], [ -113.522181520467001, 37.052255519765303 ], [ -113.522179520818, 37.052454520065801 ], [ -113.522177520268997, 37.052653519844398 ], [ -113.522152521053002, 37.054833520175798 ], [ -113.522145521381006, 37.055466520019998 ], [ -113.522135664166996, 37.055913053079003 ], [ -113.522135664166996, 37.055913085339498 ], [ -113.521954461397996, 37.055913131220898 ], [ -113.519825792839001, 37.055925732862903 ], [ -113.514570266643005, 37.0559146352741 ] ] ] } },
{ "type": "Feature", "properties": { "OBJECTID": 58, "CountyID": 27, "VistaID": "27XSH:03", "PrecinctID": "27XSH", "SubPrecinctID": "03", "VersionNbr": null, "EffectiveDate": 1744156800000, "AliasName": "XSH:03", "Comments": "formerly COUN03", "RcvdDate": 1744156800000, "GlobalID": "65e8abe7-faf0-4531-acc7-64cea5a839a4", "Shape__Area": 110389073.73828125, "Shape__Length": 69564.225489559496 }, "geometry": { "type": "Polygon", "coordinates": [ [ [ -113.440013507168004, 37.232215164706503 ], [ -113.439971548657994, 37.232086553456497 ], [ -113.439971557641002, 37.232086526277797 ], [ -113.440015534664994, 37.231964592928797 ], [ -113.440015549037994, 37.231964552875901 ], [ -113.440127548293006, 37.2318195523452 ], [ -113.440341548552993, 37.231430552419802 ], [ -113.440360413174005, 37.231379256323201 ], [ -113.440398549353006, 37.231275551829597 ], [ -113.440325548659999, 37.231144552937501 ], [ -113.440325519015005, 37.231144519321198 ], [ -113.440047547926994, 37.230837552851099 ], [ -113.439925548627002, 37.230664552638501 ], [ -113.439921548428998, 37.230521555871697 ], [ -113.440112549123, 37.2300665517404 ], [ -113.440117549145995, 37.230011552579803 ], [ -113.440117547349004, 37.230011509664699 ], [ -113.440114548772996, 37.229929551936102 ], [ -113.440103053930002, 37.229895588225602 ], [ -113.440092549030993, 37.229864552025496 ], [ -113.439940548695006, 37.2296315519514 ], [ -113.439940528931999, 37.229631528348001 ], [ -113.439904547812006, 37.229587553087597 ], [ -113.439888971024999, 37.2295612317197 ], [ -113.439875548398007, 37.229538552420699 ], [ -113.439875542110002, 37.229538510220699 ], [ -113.439867548001999, 37.229489553152597 ], [ -113.439851559787002, 37.229440591045801 ], [ -113.439851548109004, 37.229440552421998 ], [ -113.439849548458994, 37.229369552518499 ], [ -113.439857097002005, 37.2293582300072 ], [ -113.439875548398007, 37.229330553147499 ], [ -113.440083520963, 37.229172573480902 ], [ -113.440083548811003, 37.229172552023101 ], [ -113.440170551544, 37.229104554524802 ], [ -113.440170586578006, 37.229104538789102 ], [ -113.440177512589003, 37.229101858713499 ], [ -113.440245548294001, 37.229075552196498 ], [ -113.440283547030006, 37.229057487605601 ], [ -113.440306548392996, 37.229046552002899 ], [ -113.440354548073998, 37.229040553120598 ], [ -113.440369787093999, 37.229044238853398 ], [ -113.440416548895996, 37.229055552828797 ], [ -113.440543549118004, 37.229157553053597 ], [ -113.440598508945001, 37.229177538089097 ], [ -113.440598548471002, 37.229177552394297 ], [ -113.440874549553996, 37.229210552260497 ], [ -113.440874568419005, 37.229210520073799 ], [ -113.440881374954003, 37.229199170358797 ], [ -113.441280549435007, 37.228533553220799 ], [ -113.441402548734999, 37.228331552260201 ], [ -113.441438549618994, 37.228160547617797 ], [ -113.441463548835003, 37.228072551724097 ], [ -113.441463569495994, 37.228072517391197 ], [ -113.441522552877998, 37.227972547780098 ], [ -113.441561548744005, 37.227927553007397 ], [ -113.441655548455003, 37.227865552647202 ], [ -113.441703549034003, 37.227842551681498 ], [ -113.441809048080003, 37.227815658918097 ], [ -113.442009548458003, 37.227764552055099 ], [ -113.442058456335005, 37.227750305986802 ], [ -113.44211254839, 37.2277345521223 ], [ -113.442367548657998, 37.2275535523221 ], [ -113.442367571115994, 37.227553524426497 ], [ -113.442559549177005, 37.227324549221699 ], [ -113.442611549055997, 37.227241552136697 ], [ -113.442631846488993, 37.227204466461799 ], [ -113.442663548035995, 37.227146551888097 ], [ -113.442659039391003, 37.2271282364879 ], [ -113.442647549040998, 37.227081551724297 ], [ -113.442572439103003, 37.226966978374101 ], [ -113.442529549040003, 37.226901551748703 ], [ -113.442452549047005, 37.2267825512507 ], [ -113.442436549153001, 37.2267335523375 ], [ -113.442435377750002, 37.226696671698598 ], [ -113.442432548056999, 37.226607551818198 ], [ -113.442437548978006, 37.226327552453697 ], [ -113.442467549116003, 37.226189551607902 ], [ -113.442489548856997, 37.226147552108998 ], [ -113.442489610840994, 37.226147552824202 ], [ -113.451770550706996, 37.226199550599603 ], [ -113.466707553994993, 37.226284550916297 ], [ -113.472277398014, 37.226315981281601 ], [ -113.473447554282998, 37.226322549747799 ], [ -113.473447586622001, 37.226322550463102 ], [ -113.475551122116002, 37.226334520048098 ], [ -113.479616555731994, 37.226357548654597 ], [ -113.488898558304996, 37.2264105491141 ], [ -113.488943577376006, 37.226410549829403 ], [ -113.488961557156003, 37.2264105491141 ], [ -113.494760559607002, 37.226607547526498 ], [ -113.494760604522995, 37.226607550387698 ], [ -113.500945565441, 37.226818549191201 ], [ -113.512350561915994, 37.2270355478772 ], [ -113.516227978142993, 37.2271096242429 ], [ -113.518215563590999, 37.227147546839198 ], [ -113.518220563613994, 37.227174547132499 ], [ -113.518225339956004, 37.227196836601202 ], [ -113.518229563835007, 37.227216546774798 ], [ -113.518218994256998, 37.227245436804303 ], [ -113.518214562867996, 37.227257547152398 ], [ -113.518205563544996, 37.227284546691003 ], [ -113.520508563659007, 37.227276546325399 ], [ -113.527420565273005, 37.227254545851899 ], [ -113.529724141206998, 37.227248547542501 ], [ -113.529724566110005, 37.227248546111902 ], [ -113.529679565904004, 37.227159545619699 ], [ -113.529664330477004, 37.227116632535797 ], [ -113.529619564732002, 37.226990546823103 ], [ -113.529579565446994, 37.226831546555701 ], [ -113.529587422112996, 37.226774301913998 ], [ -113.529607565036002, 37.226627545397697 ], [ -113.529703877011002, 37.2264690021467 ], [ -113.529867565326995, 37.2261995455926 ], [ -113.530001566120006, 37.225894546065803 ], [ -113.529928564528007, 37.225753545213301 ], [ -113.529930565076, 37.225615546178297 ], [ -113.529940141116995, 37.2255991545425 ], [ -113.529960335244994, 37.225564593042797 ], [ -113.529982565853004, 37.2255265459047 ], [ -113.530068565169003, 37.225414546681002 ], [ -113.530283566151994, 37.2252675457487 ], [ -113.530290819149997, 37.225253718371803 ], [ -113.530301819919003, 37.225232747334204 ], [ -113.530315565040993, 37.225206545331197 ], [ -113.530305565893002, 37.225107545439798 ], [ -113.530269585670993, 37.225059573320699 ], [ -113.530269565908, 37.225059545424102 ], [ -113.530240588053999, 37.225004589821197 ], [ -113.530240564698005, 37.225004546188003 ], [ -113.530246727141005, 37.224972643179299 ], [ -113.530257565314002, 37.224916545896399 ], [ -113.530361888464995, 37.224711136853401 ], [ -113.530418564973004, 37.224599544855998 ], [ -113.530516567576996, 37.224427542486097 ], [ -113.530534221268994, 37.224389116378802 ], [ -113.530567564936007, 37.224316545917802 ], [ -113.530558564714994, 37.224256545442699 ], [ -113.530540955041005, 37.224239563384799 ], [ -113.530530565126, 37.224229545535302 ], [ -113.530381812200005, 37.224138792556801 ], [ -113.530312565566007, 37.224096545134998 ], [ -113.530163564705006, 37.223957545213402 ], [ -113.530095265794003, 37.223905566636098 ], [ -113.530050569218005, 37.2238715487102 ], [ -113.530034960091996, 37.223843964257597 ], [ -113.530016176320004, 37.223810764617603 ], [ -113.530007565068999, 37.223795545696902 ], [ -113.530002565046004, 37.223652545918398 ], [ -113.530004161353006, 37.223621839053102 ], [ -113.530006564345996, 37.223575546255503 ], [ -113.530043565054001, 37.223448545460002 ], [ -113.530039925080999, 37.223439325794502 ], [ -113.530013564916999, 37.223372545597002 ], [ -113.529970565259006, 37.223296544942002 ], [ -113.529949300339993, 37.223273645588101 ], [ -113.529905564063995, 37.223226545701699 ], [ -113.529894718703005, 37.223194008171603 ], [ -113.529883565220999, 37.223160545009499 ], [ -113.529885572954996, 37.223142465410703 ], [ -113.529886564695005, 37.223133546140303 ], [ -113.529893982982998, 37.223086303103301 ], [ -113.529905564063995, 37.223012546108698 ], [ -113.529957565738997, 37.2229235449092 ], [ -113.529957593587, 37.222923522734398 ], [ -113.530071564642995, 37.222832545720301 ], [ -113.530096231483, 37.222801362834097 ], [ -113.530124564347005, 37.222765545382401 ], [ -113.530135222857993, 37.222745888409897 ], [ -113.530169565451004, 37.2226825461413 ], [ -113.530224713924994, 37.222483010244098 ], [ -113.530279565056006, 37.222284545374002 ], [ -113.530342565702995, 37.222096545909501 ], [ -113.530415565498004, 37.222045545331 ], [ -113.530490564942994, 37.222016545295197 ], [ -113.530538564623996, 37.222015545269002 ], [ -113.530538591573006, 37.222015528101203 ], [ -113.530552808311, 37.222006205253599 ], [ -113.530599565621003, 37.221975544929499 ], [ -113.530718565447003, 37.221857545270801 ], [ -113.530824564854001, 37.221739545427397 ], [ -113.530824593600002, 37.2217395017923 ], [ -113.530916565813996, 37.221595545295699 ], [ -113.530916577491993, 37.221595510959801 ], [ -113.531003564954005, 37.221324544809001 ], [ -113.531013565897993, 37.221214545856697 ], [ -113.530988565784, 37.221104545313302 ], [ -113.530993565806995, 37.221022545714199 ], [ -113.530991565258006, 37.220989545841697 ], [ -113.531031565440998, 37.220944545472001 ], [ -113.531093565366007, 37.220932544987399 ], [ -113.531141439281996, 37.220931137205099 ], [ -113.531161565138007, 37.220930545621798 ], [ -113.531243689120998, 37.220957060996902 ], [ -113.531384565619007, 37.221002545641397 ], [ -113.531420359890006, 37.221007924251602 ], [ -113.531577565063998, 37.221031544636503 ], [ -113.531686564843994, 37.2210235450382 ], [ -113.531691122896007, 37.221021452681299 ], [ -113.531747565841997, 37.220995545364403 ], [ -113.531747643995004, 37.220995043198499 ], [ -113.531753563893005, 37.220956540232002 ], [ -113.531741226430995, 37.220926257179102 ], [ -113.531731565049995, 37.2209025451982 ], [ -113.531706633208003, 37.220881112988899 ], [ -113.531674566047002, 37.220853545326001 ], [ -113.531423433924004, 37.220667199735303 ], [ -113.531329565367002, 37.220597545709801 ], [ -113.531186723356001, 37.220517696588402 ], [ -113.531007565151995, 37.220417545280498 ], [ -113.530897667057005, 37.220379057041498 ], [ -113.530894068405999, 37.220377797324602 ], [ -113.530770565325, 37.220334544886299 ], [ -113.530740541832003, 37.220311873542599 ], [ -113.530721564922004, 37.220297545232697 ], [ -113.530697693091, 37.220265052936398 ], [ -113.530685564937002, 37.220248546398203 ], [ -113.530717565621998, 37.220187545498 ], [ -113.530859565911996, 37.220102545463099 ], [ -113.531120565129996, 37.219904545027099 ], [ -113.531289567879, 37.219829543794098 ], [ -113.531334271641001, 37.219818290669799 ], [ -113.531432564401001, 37.219793545378998 ], [ -113.531616264486999, 37.219728651902798 ], [ -113.531616564524001, 37.219728545315903 ], [ -113.531690565041998, 37.219683545624697 ], [ -113.531716543421993, 37.219644575581398 ], [ -113.531716564980997, 37.219644545536703 ], [ -113.531722563033, 37.219611547922703 ], [ -113.531719777356997, 37.219597957004801 ], [ -113.531714565331995, 37.219572544936099 ], [ -113.531643565186997, 37.219530545328901 ], [ -113.531609564850996, 37.219520544737797 ], [ -113.531609520833996, 37.219520536153503 ], [ -113.531585954430994, 37.219516328465197 ], [ -113.531553565672993, 37.219510544860597 ], [ -113.531344157600998, 37.219426046954403 ], [ -113.531268566166005, 37.219395544389499 ], [ -113.531163565686001, 37.219331546191199 ], [ -113.531099564314999, 37.219272546105103 ], [ -113.531078944385996, 37.2192134114865 ], [ -113.531046564611998, 37.219120545040198 ], [ -113.531045582752995, 37.219093535425301 ], [ -113.531044564962002, 37.2190655450501 ], [ -113.531097561072002, 37.219003550280704 ], [ -113.531199565671002, 37.218979545115097 ], [ -113.531319234741005, 37.218957364097903 ], [ -113.531336123068996, 37.218954233703201 ], [ -113.531636565514006, 37.218898545419499 ], [ -113.531641672435995, 37.218896247696598 ], [ -113.531651722787998, 37.2188917252168 ], [ -113.531656564707006, 37.218889543381401 ], [ -113.531656606029998, 37.2188895183439 ], [ -113.531669493261006, 37.218880447630497 ], [ -113.531683565370002, 37.2188705449569 ], [ -113.531699221208001, 37.218843447263602 ], [ -113.531709565309001, 37.218825545469102 ], [ -113.531714564433003, 37.218776544963099 ], [ -113.531691565765001, 37.218694544263997 ], [ -113.531684620890005, 37.218676950753299 ], [ -113.531676565696998, 37.218656544450603 ], [ -113.531633565140993, 37.2186135449776 ], [ -113.531633513936995, 37.218613519224697 ], [ -113.531172570397999, 37.2183865485014 ], [ -113.531150565266998, 37.218332545189497 ], [ -113.531158564764993, 37.218156545387401 ], [ -113.531145923672, 37.218124520731699 ], [ -113.531128564626997, 37.218080545199598 ], [ -113.531078564398996, 37.218031544924898 ], [ -113.531023565045004, 37.2180385454771 ], [ -113.530928564611003, 37.218067544180897 ], [ -113.530804564761993, 37.218065544739297 ], [ -113.530749565408996, 37.218060545777497 ], [ -113.530700565903999, 37.218017545249403 ], [ -113.530700474274994, 37.218017332070801 ], [ -113.530647980322996, 37.217895833091099 ], [ -113.530611564417995, 37.217811545839801 ], [ -113.530600987653997, 37.217673241833999 ], [ -113.530598564898, 37.217641545326899 ], [ -113.530684971149995, 37.217501224384002 ], [ -113.530715564176006, 37.2174515448474 ], [ -113.530801564388995, 37.217351544704002 ], [ -113.530833643227993, 37.217283772619702 ], [ -113.530862699235996, 37.217222386598102 ], [ -113.530872564533993, 37.217201544955699 ], [ -113.530883564405002, 37.217123545054598 ], [ -113.530832565249995, 37.217042544796698 ], [ -113.530701743595003, 37.216872729263798 ], [ -113.530624565736005, 37.216772545216799 ], [ -113.530536564974, 37.216604544704403 ], [ -113.530528697527998, 37.2164980520932 ], [ -113.530523564554997, 37.216428544447503 ], [ -113.530552564866994, 37.216263544906901 ], [ -113.530549563595997, 37.216175544431998 ], [ -113.530521344817998, 37.216129200564403 ], [ -113.530440564713999, 37.215996545002803 ], [ -113.530335862474999, 37.215878902982901 ], [ -113.530262564438999, 37.2157965450183 ], [ -113.530252812328001, 37.215739623940003 ], [ -113.53021956568, 37.215545541676299 ], [ -113.530237563425999, 37.215478544881201 ], [ -113.530376564242005, 37.215311545178899 ], [ -113.530414564775, 37.215227544773498 ], [ -113.530488562597995, 37.214973550626297 ], [ -113.530540564272997, 37.214659544653202 ], [ -113.530540609189003, 37.214659481698298 ], [ -113.530723563673007, 37.214391544668302 ], [ -113.530734412626998, 37.214268601180102 ], [ -113.530738564640004, 37.214221545033297 ], [ -113.530690087954, 37.213907646817702 ], [ -113.530677564540994, 37.213826544381298 ], [ -113.530545564296006, 37.213587544724902 ], [ -113.530539273393998, 37.213550525307603 ], [ -113.530536529938999, 37.213534377865102 ], [ -113.530519564356993, 37.213434544227098 ], [ -113.530542458819994, 37.213397681409099 ], [ -113.530578563907994, 37.213339545187999 ], [ -113.530588008794993, 37.213293369845601 ], [ -113.530588289069001, 37.213292001983703 ], [ -113.530596563451994, 37.213251544164002 ], [ -113.530611564417995, 37.213193544473597 ], [ -113.530620564638994, 37.213163544468202 ], [ -113.530609645617005, 37.2131038069775 ], [ -113.530605493604, 37.213081090536001 ], [ -113.530603564920995, 37.213070544661903 ], [ -113.530498154808996, 37.212998499154502 ], [ -113.530453110585995, 37.212967712118299 ], [ -113.530385564463003, 37.212921544417902 ], [ -113.530298403626006, 37.212857455593202 ], [ -113.530181563349998, 37.212771544446397 ], [ -113.530132977069002, 37.2127179613558 ], [ -113.530119225659007, 37.212702795283803 ], [ -113.530074565015994, 37.212653543982597 ], [ -113.530065503710006, 37.212612765314503 ], [ -113.530058565122999, 37.212581549586901 ], [ -113.530071515236003, 37.212564147097602 ], [ -113.530157563958994, 37.212448545102603 ], [ -113.530295289166006, 37.211971659514198 ], [ -113.530304468151996, 37.211939876907302 ], [ -113.530304563372994, 37.211939544951598 ], [ -113.530237564325006, 37.211775544340099 ], [ -113.530212564210004, 37.211650544036097 ], [ -113.530211563487001, 37.2113925443333 ], [ -113.530268081890995, 37.211125912807198 ], [ -113.530335564233994, 37.2108075445678 ], [ -113.530388959196003, 37.2107700752101 ], [ -113.530449564934997, 37.210727544858798 ], [ -113.530653563352999, 37.210646544172803 ], [ -113.531033514786003, 37.210511562391403 ], [ -113.531033565090993, 37.210511543790098 ], [ -113.531234520915007, 37.210359576584302 ], [ -113.531234564033994, 37.210359544389597 ], [ -113.531450527112995, 37.2102555613045 ], [ -113.531450562147995, 37.2102555419876 ], [ -113.531497909650994, 37.210215817294802 ], [ -113.531537563982994, 37.210182543690003 ], [ -113.531590563685995, 37.210120544482599 ], [ -113.531646563763005, 37.209944543408398 ], [ -113.531659440214, 37.209867280063499 ], [ -113.531669563329004, 37.209806543352201 ], [ -113.531681563923001, 37.209558543550102 ], [ -113.531649564136004, 37.209477543755497 ], [ -113.531621563648997, 37.209406543660798 ], [ -113.531534564507993, 37.209259543726198 ], [ -113.531439564074006, 37.208695543845799 ], [ -113.531326564096005, 37.208588544261701 ], [ -113.530756564182994, 37.208194544378202 ], [ -113.530678564365999, 37.208124544002096 ], [ -113.530662564471996, 37.208053544065301 ], [ -113.530651563703003, 37.207927543821697 ], [ -113.530645563855003, 37.207745543495697 ], [ -113.530602564198006, 37.207691544014303 ], [ -113.530369563671002, 37.2074995430809 ], [ -113.530250563845001, 37.207424543108999 ], [ -113.530070563920006, 37.2071865434297 ], [ -113.530030563737, 37.207006543913202 ], [ -113.530004562900004, 37.206226544624698 ], [ -113.530044563082996, 37.206000544028903 ], [ -113.530034563037006, 37.205913543986398 ], [ -113.530005563623007, 37.205842544115903 ], [ -113.529841562692994, 37.205681543859697 ], [ -113.529385563481995, 37.205168543570203 ], [ -113.528960564233003, 37.204804542765899 ], [ -113.528862563424994, 37.2047465437375 ], [ -113.528704563241007, 37.204749543787102 ], [ -113.528569563521998, 37.204801543434101 ], [ -113.528439563825998, 37.204821543508899 ], [ -113.528425561784999, 37.204820543970399 ], [ -113.528315563079005, 37.204818544177698 ], [ -113.528133562606001, 37.204723544307903 ], [ -113.528049282666004, 37.204657646198697 ], [ -113.527647562358993, 37.204343542917101 ], [ -113.527426563323999, 37.204106543086198 ], [ -113.527304563125, 37.203944543869497 ], [ -113.527166563033006, 37.203732543061903 ], [ -113.527112562606007, 37.2035415430596 ], [ -113.527012562148997, 37.203423543187398 ], [ -113.526865562734002, 37.2033385442992 ], [ -113.526768562650005, 37.203313543177003 ], [ -113.526630562557997, 37.203304543572202 ], [ -113.526576562130998, 37.203322543496 ], [ -113.526357562746, 37.203365543097803 ], [ -113.526234562721996, 37.203357543772803 ], [ -113.526178563543994, 37.203336543751803 ], [ -113.526107562500997, 37.2032725433792 ], [ -113.526058562995004, 37.203245543116203 ], [ -113.525816562247996, 37.203185543053898 ], [ -113.525561561979998, 37.2031795435459 ], [ -113.525132561633995, 37.203270544261102 ], [ -113.524925562842995, 37.203253543168699 ], [ -113.524820561465006, 37.203200543610599 ], [ -113.524672562225007, 37.203066543779002 ], [ -113.524578562513994, 37.202920543937203 ], [ -113.524540561980004, 37.202822543698801 ], [ -113.524540562878997, 37.202415543625101 ], [ -113.52453156176, 37.202360543620799 ], [ -113.524481562429003, 37.202301543857899 ], [ -113.524404562436004, 37.202259543937899 ], [ -113.523835562349007, 37.202293542989104 ], [ -113.523622562811994, 37.202264543946598 ], [ -113.523477561250004, 37.2022355427466 ], [ -113.523428562643005, 37.202208543543698 ], [ -113.523377561691007, 37.202143544071603 ], [ -113.523319561964996, 37.2020515438535 ], [ -113.523431561219994, 37.201895544129599 ], [ -113.523614561518002, 37.201616543489102 ], [ -113.523688561137007, 37.201362542878599 ], [ -113.523642562004994, 37.201226543473702 ], [ -113.523301561522999, 37.200881543789301 ], [ -113.523244561621993, 37.200833542669201 ], [ -113.523199561416007, 37.200702543854298 ], [ -113.523318561241993, 37.200584543837003 ], [ -113.523440561439998, 37.200516543464303 ], [ -113.523554561243003, 37.200425543006403 ], [ -113.523550561944006, 37.200321543370997 ], [ -113.523493562042006, 37.200245543106497 ], [ -113.523454561684005, 37.200131542923998 ], [ -113.523524562003999, 37.1999545432787 ], [ -113.523623561738006, 37.199820543408599 ], [ -113.523722560574001, 37.199713543405601 ], [ -113.523903561222994, 37.1995725429895 ], [ -113.524050562433999, 37.199443542636899 ], [ -113.524119562031004, 37.199051542897301 ], [ -113.524065561604004, 37.198887542898802 ], [ -113.52393156171, 37.198758542806701 ], [ -113.523840561472994, 37.1987165437775 ], [ -113.523634561609001, 37.198710543914302 ], [ -113.523503561189997, 37.198713543488203 ], [ -113.523142561515002, 37.198786542862102 ], [ -113.523119561049995, 37.198783542575597 ], [ -113.522871560455002, 37.198693543941502 ], [ -113.522742561480996, 37.198547542796597 ], [ -113.522614560536994, 37.1983915429864 ], [ -113.522545753179003, 37.198312219191003 ], [ -113.522385562004004, 37.198127543123498 ], [ -113.522307560390004, 37.1980465432245 ], [ -113.522232561844007, 37.197866542660599 ], [ -113.521961561682005, 37.197762543792898 ], [ -113.521753560370996, 37.1976955433732 ], [ -113.521625560325006, 37.197582543267401 ], [ -113.521629561420994, 37.197478543292902 ], [ -113.521694560819995, 37.197383542771298 ], [ -113.521739561025996, 37.197294542821901 ], [ -113.521749561969997, 37.197168543220698 ], [ -113.521655560461994, 37.196835542904402 ], [ -113.521519560917994, 37.196645543701102 ], [ -113.521440561275, 37.196554543585698 ], [ -113.521381560825006, 37.196445543232301 ], [ -113.521396560894004, 37.196280543645102 ], [ -113.521436561076996, 37.196240543972799 ], [ -113.521531561512006, 37.196184542678601 ], [ -113.521619560477006, 37.196171542896103 ], [ -113.521735559928999, 37.1961245427281 ], [ -113.521740560851001, 37.196106542518898 ], [ -113.521674561626995, 37.195944543305998 ], [ -113.521524560941003, 37.195788542410199 ], [ -113.521454561518993, 37.195729543234997 ], [ -113.521383560475002, 37.1956815424167 ], [ -113.521353561235998, 37.195589542909602 ], [ -113.521340561716002, 37.195413543011298 ], [ -113.521433560703997, 37.195301542732302 ], [ -113.521559561101, 37.1951835435748 ], [ -113.521955560935993, 37.194906542511298 ], [ -113.522064561614002, 37.194667542326897 ], [ -113.522254560687003, 37.194174543781301 ], [ -113.522245560466004, 37.194136543784502 ], [ -113.522216561950003, 37.194065542853998 ], [ -113.522103561074005, 37.193996542651803 ], [ -113.521695559745993, 37.1939005437901 ], [ -113.521382559751999, 37.193786541897303 ], [ -113.521257560977006, 37.1937285422743 ], [ -113.521170585193005, 37.1936723702363 ], [ -113.521161560717005, 37.1936665431462 ], [ -113.521074559780004, 37.193611542492 ], [ -113.520889560731007, 37.193423542425499 ], [ -113.520811560015005, 37.193326542428899 ], [ -113.520695560562004, 37.193158542671 ], [ -113.520566559792002, 37.1929965421416 ], [ -113.519950560747006, 37.192635542565199 ], [ -113.519621559960996, 37.192456543114297 ], [ -113.519495559565001, 37.192370542191803 ], [ -113.519388560332999, 37.192252542747099 ], [ -113.519401559852994, 37.192015542165002 ], [ -113.519339559928994, 37.191819542586103 ], [ -113.519267559959005, 37.191716543687797 ], [ -113.518758466720996, 37.191267751779797 ], [ -113.518752558501006, 37.191262542797901 ], [ -113.524298560334998, 37.191272542124999 ], [ -113.524294560136994, 37.1896095420121 ], [ -113.524193558956, 37.176807540252 ], [ -113.524193915587006, 37.1768075409678 ], [ -113.525824559049994, 37.1768135411399 ], [ -113.531027560751994, 37.176792540177402 ], [ -113.533320615617001, 37.176764061714898 ], [ -113.533362560653003, 37.176763539929297 ], [ -113.533362901114003, 37.176748711627297 ], [ -113.533415560356005, 37.174456540506398 ], [ -113.533403561558998, 37.172404539425898 ], [ -113.533461560386996, 37.170015538713102 ], [ -113.533430561323001, 37.169508538069401 ], [ -113.533375703006001, 37.169509246735103 ], [ -113.532888560101995, 37.169515538827198 ], [ -113.532261561186004, 37.169525540317601 ], [ -113.532261224318006, 37.169468155567202 ], [ -113.532258560813005, 37.169012539174297 ], [ -113.532243560745002, 37.165701538742802 ], [ -113.532232153039004, 37.165119754222403 ], [ -113.532232066801001, 37.165115360955603 ], [ -113.532232065901994, 37.165115286505603 ], [ -113.532201560012993, 37.163559537884503 ], [ -113.532203200336994, 37.162810739148902 ], [ -113.532206558240006, 37.161278537790899 ], [ -113.532165260889002, 37.159751480018301 ], [ -113.532164559305002, 37.159725537353097 ], [ -113.532305276800997, 37.1596840943619 ], [ -113.534758559672994, 37.158961537371603 ], [ -113.534757559848003, 37.158904537642599 ], [ -113.534751559100997, 37.154476536735999 ], [ -113.535763558880006, 37.153106536409503 ], [ -113.535148559660001, 37.152383537081498 ], [ -113.534594558742995, 37.151747536823798 ], [ -113.534361614809995, 37.151458266852899 ], [ -113.534361557317993, 37.151458194537398 ], [ -113.534350559242995, 37.151444536933802 ], [ -113.534233043434995, 37.150631678464102 ], [ -113.534145558305994, 37.150026537045903 ], [ -113.534740558332999, 37.149343535660499 ], [ -113.534690558104003, 37.149253536113498 ], [ -113.53469043234, 37.1492532239306 ], [ -113.534689273512996, 37.149250354855397 ], [ -113.534487558612994, 37.148750536951503 ], [ -113.534384558680003, 37.1486135363253 ], [ -113.534190608816999, 37.148349675381397 ], [ -113.534082282773994, 37.148202302397301 ], [ -113.534040557824994, 37.148145536573701 ], [ -113.533473557388007, 37.147862535978199 ], [ -113.533423558956002, 37.147813536670803 ], [ -113.532394558560995, 37.147258536673299 ], [ -113.532252558270002, 37.147132536667797 ], [ -113.532425557625004, 37.146463536412703 ], [ -113.532975557444999, 37.144057535581403 ], [ -113.533649558012996, 37.143675536163599 ], [ -113.534436557660996, 37.142970535447098 ], [ -113.534436556762003, 37.139441535522202 ], [ -113.534436556762003, 37.138050069914001 ], [ -113.534436556762003, 37.137354534831601 ], [ -113.534436556762003, 37.135679534922303 ], [ -113.534430556914003, 37.135295535248297 ], [ -113.534420432901001, 37.134406718878303 ], [ -113.534411556647996, 37.133627534657798 ], [ -113.534428387483004, 37.133627667864197 ], [ -113.534428439585, 37.133627667148097 ], [ -113.536180557733005, 37.133641534940303 ], [ -113.536366556607007, 37.133645533997402 ], [ -113.536508556897999, 37.133643533752704 ], [ -113.536502557049999, 37.130774534713602 ], [ -113.536486557155996, 37.1301035334048 ], [ -113.536501556326996, 37.129489533765501 ], [ -113.536495751413, 37.128934977304297 ], [ -113.536496247282997, 37.128934973007098 ], [ -113.536500216039997, 37.128934940061498 ], [ -113.536500260058006, 37.128934941494002 ], [ -113.539119450982, 37.128920285726302 ], [ -113.539707952596004, 37.128917016951902 ], [ -113.539696773960998, 37.1288987206934 ], [ -113.540486726370005, 37.128894309565503 ], [ -113.540781439360998, 37.128892675894001 ], [ -113.541039807413, 37.1288912800036 ], [ -113.541199372462003, 37.128890380445803 ], [ -113.542018482388997, 37.128892904364498 ], [ -113.542255309739005, 37.128893589776098 ], [ -113.542858731471, 37.128895442607401 ], [ -113.544659253541994, 37.128881490865197 ], [ -113.544837296037997, 37.1288801085825 ], [ -113.544975788407001, 37.128879032837197 ], [ -113.545562510457998, 37.128874744896102 ], [ -113.545565738104997, 37.128874681869704 ], [ -113.545565776732005, 37.128874683302101 ], [ -113.545612906843999, 37.128873850351503 ], [ -113.545872854134004, 37.1288624970108 ], [ -113.546147301131995, 37.128860654205603 ], [ -113.546421634940998, 37.128858813548902 ], [ -113.546695966056006, 37.1288568819337 ], [ -113.547173112506997, 37.128861673370601 ], [ -113.547187186412998, 37.128861821625897 ], [ -113.547418420851997, 37.128860184372598 ], [ -113.548263460650006, 37.128853996328303 ], [ -113.548270661545004, 37.1288539318695 ], [ -113.549252753713006, 37.128846771212999 ], [ -113.549424236709996, 37.128845514266303 ], [ -113.549424787378001, 37.128845510685302 ], [ -113.549424786478994, 37.128845461983097 ], [ -113.549424774800997, 37.128844412020698 ], [ -113.550074345685005, 37.1288393477071 ], [ -113.550078965720004, 37.128839305450803 ], [ -113.550078963923994, 37.128840734287699 ], [ -113.550078882177004, 37.128898909056197 ], [ -113.550078879482001, 37.128900315689599 ], [ -113.550073789628001, 37.132496022675099 ], [ -113.550073605473003, 37.132555535311099 ], [ -113.550051685682007, 37.139796929383998 ], [ -113.552386753855004, 37.139794407261199 ], [ -113.552387171571993, 37.139794408693398 ], [ -113.552387593779997, 37.139794405829001 ], [ -113.552901367239997, 37.1397937885462 ], [ -113.555798023500998, 37.139790253134201 ], [ -113.559328468144997, 37.139789661631198 ], [ -113.560958692992997, 37.139817397818597 ], [ -113.568539367266993, 37.139831023865099 ], [ -113.577892131032996, 37.1397900562052 ], [ -113.577892184033999, 37.139790056921299 ], [ -113.582568507976006, 37.1397692912956 ], [ -113.587246721075005, 37.139718606044198 ], [ -113.587304744156995, 37.1397179715742 ], [ -113.587304789971995, 37.1397179715742 ], [ -113.601008076693006, 37.139558571932497 ], [ -113.601177423497006, 37.139556668518701 ], [ -113.601177322886002, 37.139568376160199 ], [ -113.601177258207002, 37.139577270214197 ], [ -113.601180871230994, 37.139577191442399 ], [ -113.601150580039999, 37.142918930035101 ], [ -113.601135042777997, 37.144632847901299 ], [ -113.601134840656997, 37.144659796795899 ], [ -113.601129578327004, 37.145238516531201 ], [ -113.601114791159006, 37.146962617592301 ], [ -113.602913880415997, 37.146951841227903 ], [ -113.603891348055996, 37.146945960411301 ], [ -113.605712534971005, 37.146935019355901 ], [ -113.605712709244003, 37.146994623027297 ], [ -113.605712905974997, 37.146994622311198 ], [ -113.605722977886003, 37.150588494896397 ], [ -113.605731325929995, 37.153567248337602 ], [ -113.605732486554004, 37.154078594458603 ], [ -113.605732562011994, 37.154114795328603 ], [ -113.605732562011994, 37.154114832559003 ], [ -113.605732853066002, 37.154225091816599 ], [ -113.605734978480001, 37.156839364737998 ], [ -113.605695572982, 37.1568435329634 ], [ -113.605644573827007, 37.156849531856999 ], [ -113.605661573545007, 37.159553533184202 ], [ -113.605657573347003, 37.159925533400603 ], [ -113.605737583595001, 37.159950206680797 ], [ -113.605737693188999, 37.160098716547701 ], [ -113.605737686900994, 37.160099680166702 ], [ -113.605738082158993, 37.160540611160599 ], [ -113.605740367473999, 37.163334441164302 ], [ -113.605744682980003, 37.168560105490997 ], [ -113.605744685675006, 37.168560150588497 ], [ -113.606346206572994, 37.168555512706902 ], [ -113.606409309628006, 37.168555028803702 ], [ -113.606409407544007, 37.168573281110497 ], [ -113.606409408443, 37.168573325492197 ], [ -113.606425397555995, 37.168573331218802 ], [ -113.606425728136003, 37.168619012790501 ], [ -113.606451640041001, 37.171922017316703 ], [ -113.606454465241995, 37.172289268900997 ], [ -113.606460865738995, 37.173112508238198 ], [ -113.606470564849005, 37.174359696523801 ], [ -113.606482088437005, 37.1758342699476 ], [ -113.606482105504995, 37.175835187556999 ], [ -113.606515262322006, 37.179459749545003 ], [ -113.606519550879995, 37.180009018529297 ], [ -113.606519499675997, 37.180009007793501 ], [ -113.606533431646994, 37.1824083056636 ], [ -113.606533501716001, 37.182417075156302 ], [ -113.606533507105993, 37.182417725013401 ], [ -113.606533576275993, 37.182419746870501 ], [ -113.606538585281996, 37.183060002231898 ], [ -113.606538844894999, 37.183097034457496 ], [ -113.606538808962995, 37.183097034457496 ], [ -113.606538808962995, 37.183097063085299 ], [ -113.606538722723997, 37.183097063085299 ], [ -113.606470934954999, 37.183097070242198 ], [ -113.605985084726996, 37.183097115331002 ], [ -113.605496132615997, 37.183097184037699 ], [ -113.602009038871003, 37.183097447413601 ], [ -113.597485983685999, 37.183097809555299 ], [ -113.597479165473004, 37.183097783074601 ], [ -113.597677394911003, 37.195304438682697 ], [ -113.597699737808, 37.1966800569109 ], [ -113.597834326099004, 37.204965665810498 ], [ -113.597834322506003, 37.204965696576501 ], [ -113.597796603144999, 37.204966344093002 ], [ -113.593572737255997, 37.205033456114599 ], [ -113.594174096456001, 37.230865994466903 ], [ -113.536150409374002, 37.231564692845502 ], [ -113.533339731767001, 37.231588751224301 ], [ -113.449880129735007, 37.232272512502099 ], [ -113.440103663886006, 37.232215690400203 ], [ -113.440013584422999, 37.232215162560799 ], [ -113.440013507168004, 37.232215164706503 ] ] ] } },
{ "type": "Feature", "properties": { "OBJECTID": 60, "CountyID": 27, "VistaID": "27SC:02", "PrecinctID": "27SC", "SubPrecinctID": "02", "VersionNbr": null, "EffectiveDate": 1744156800000, "AliasName": "SC:02", "Comments": "formerly SC02", "RcvdDate": 1744156800000, "GlobalID": "7ad75026-3e3d-430f-83d3-34e8174a4738", "Shape__Area": 13202960.794151306, "Shape__Length": 16720.02685742603 }, "geometry": { "type": "Polygon", "coordinates": [ [ [ -113.658482701796004, 37.139484441875801 ], [ -113.658479575659001, 37.139484486990703 ], [ -113.657549489657995, 37.1394928203418 ], [ -113.657541838707004, 37.138904802309199 ], [ -113.657540098669998, 37.1387710385914 ], [ -113.657522548284007, 37.138657128241697 ], [ -113.657498019784995, 37.138598179691897 ], [ -113.657467850765002, 37.138541622211399 ], [ -113.657432176867999, 37.138492020339598 ], [ -113.657357470273993, 37.138431255585402 ], [ -113.657312965938004, 37.138396050489803 ], [ -113.657254246662006, 37.1383582236666 ], [ -113.656067112233998, 37.137838542271297 ], [ -113.655020360231006, 37.1373712857892 ], [ -113.653558523683998, 37.1367237555624 ], [ -113.650752687098006, 37.135476315825599 ], [ -113.649062639841006, 37.134751020981099 ], [ -113.647676922938999, 37.134143314698399 ], [ -113.646936295225004, 37.133816797861499 ], [ -113.646516097470993, 37.133614029958103 ], [ -113.646555542494994, 37.133532450978599 ], [ -113.646572924896006, 37.133513428212602 ], [ -113.646629478334006, 37.133451537228702 ], [ -113.646666957845, 37.133410518847398 ], [ -113.646738608370001, 37.133359020068099 ], [ -113.646827979961003, 37.133318342532 ], [ -113.646917589604996, 37.133286029087799 ], [ -113.647924794177001, 37.133007287101897 ], [ -113.648326239599001, 37.132896107426802 ], [ -113.648837760085001, 37.132753645204097 ], [ -113.649076065163001, 37.132688103267199 ], [ -113.649178641090998, 37.132651204615001 ], [ -113.649286078700001, 37.132610287496497 ], [ -113.649390677634003, 37.132556931133898 ], [ -113.649510416772998, 37.132481411283798 ], [ -113.649604614113997, 37.132414467556302 ], [ -113.649903818680002, 37.132158756066701 ], [ -113.650146447349996, 37.131933300163503 ], [ -113.649881637478998, 37.131759745269299 ], [ -113.649784652666, 37.131703021535998 ], [ -113.649310399688005, 37.131427540236402 ], [ -113.648045838567995, 37.130758364558702 ], [ -113.645668732833002, 37.1295110556579 ], [ -113.644212481112007, 37.128743025414103 ], [ -113.644690447724997, 37.1280192768007 ], [ -113.643755011359005, 37.127507609819503 ], [ -113.643659804311994, 37.127455521153202 ], [ -113.643506296602993, 37.127350177702098 ], [ -113.643422747890995, 37.127281597161499 ], [ -113.643315015634002, 37.127159748783697 ], [ -113.643301269614, 37.127008284256902 ], [ -113.643294157651994, 37.126773928910801 ], [ -113.643526019115001, 37.126075607873602 ], [ -113.643642302434998, 37.125727878490103 ], [ -113.643663464048004, 37.125732406549403 ], [ -113.643865409816001, 37.125118911494901 ], [ -113.644070020884996, 37.124506354052897 ], [ -113.643484630136001, 37.124309592043097 ], [ -113.643225260462998, 37.1239275401865 ], [ -113.643350960822005, 37.123873957811497 ], [ -113.643470832014003, 37.123873895497198 ], [ -113.643498152747995, 37.1238729862607 ], [ -113.643525295909996, 37.123870345206598 ], [ -113.643552089097, 37.123865989109397 ], [ -113.643578362132999, 37.123859945636703 ], [ -113.643603948144005, 37.123852253173297 ], [ -113.643628684619003, 37.123842960577598 ], [ -113.643652414445, 37.1238321268712 ], [ -113.643674986901004, 37.123819820863801 ], [ -113.643696258617993, 37.123806120716701 ], [ -113.643716094487004, 37.123791113445897 ], [ -113.643734368520995, 37.123774894369603 ], [ -113.643750964652995, 37.123757566502903 ], [ -113.643765777469994, 37.123739239903401 ], [ -113.643778712889997, 37.123720030972201 ], [ -113.643789688753003, 37.123700061714601 ], [ -113.643798635346002, 37.1236794589651 ], [ -113.643811154606993, 37.123646632452903 ], [ -113.643826233387998, 37.123614497217503 ], [ -113.643849303739998, 37.123580057610702 ], [ -113.643878291204999, 37.123548589245999 ], [ -113.643912604660997, 37.123520733840003 ], [ -113.643951544377998, 37.123497059432999 ], [ -113.643994316285003, 37.123478048804799 ], [ -113.644040048164001, 37.1234640896296 ], [ -113.644087807437998, 37.12345546657 ], [ -113.644136620183005, 37.123452355471898 ], [ -113.644165097865994, 37.123452339883201 ], [ -113.644193477288994, 37.123450455194003 ], [ -113.644221565813993, 37.123446714197499 ], [ -113.644249172779993, 37.123441142286701 ], [ -113.644276110795005, 37.123433777282699 ], [ -113.644302197005999, 37.123424669177702 ], [ -113.644327254342997, 37.123413879795997 ], [ -113.644351112720003, 37.1234014823739 ], [ -113.644378779034, 37.123385721060899 ], [ -113.644381737187004, 37.123363325021003 ], [ -113.644105445948, 37.1232143060951 ], [ -113.644104588955003, 37.123213843389699 ], [ -113.643679428008994, 37.122984528823899 ], [ -113.643493839664998, 37.122884430091297 ], [ -113.643354945748996, 37.1228178596443 ], [ -113.643183216612996, 37.122735550610898 ], [ -113.643084665138005, 37.122640881574398 ], [ -113.642595412090998, 37.122409883471299 ], [ -113.642563053876003, 37.122477512922998 ], [ -113.642144855772003, 37.1222378646276 ], [ -113.642204002647006, 37.122089578381903 ], [ -113.642209743780001, 37.1220442855698 ], [ -113.642242823342002, 37.1217833890178 ], [ -113.642113735435998, 37.121713778441602 ], [ -113.642265919028006, 37.121449001383901 ], [ -113.642446165091997, 37.120949570670398 ], [ -113.642139178419995, 37.120951673679201 ], [ -113.642072474917001, 37.117292401577402 ], [ -113.642064618250998, 37.117292543408396 ], [ -113.642064576029995, 37.117291525520201 ], [ -113.642064343366997, 37.117279777183299 ], [ -113.642020575648999, 37.115070525233797 ], [ -113.641992576060005, 37.113647525372201 ], [ -113.641993712428999, 37.113647528953898 ], [ -113.642632243915997, 37.113649589900703 ], [ -113.644476575924003, 37.113655524882802 ], [ -113.646536576363999, 37.113659524996002 ], [ -113.646521576295996, 37.112794524972003 ], [ -113.646516156759006, 37.1122778558533 ], [ -113.646512576074997, 37.111936524736997 ], [ -113.646498985462998, 37.111377725539398 ], [ -113.646469778538005, 37.110176850040503 ], [ -113.646476078423007, 37.110176885859801 ], [ -113.658025123345993, 37.110236532099201 ], [ -113.676877617955, 37.110261329762302 ], [ -113.676971663480003, 37.1158501956374 ], [ -113.676874229508996, 37.122997093532902 ], [ -113.676870517671006, 37.123269226913898 ], [ -113.676804735838999, 37.128093627942 ], [ -113.676810881213996, 37.130197858643797 ], [ -113.676814935311, 37.1315912827543 ], [ -113.671497449615003, 37.131636091443603 ], [ -113.671497449615003, 37.131636228950597 ], [ -113.671497481055994, 37.131640352013299 ], [ -113.671516747224004, 37.134151588480599 ], [ -113.671183954648001, 37.134200518577003 ], [ -113.670249989721995, 37.134337804558001 ], [ -113.670249949297997, 37.134337810287199 ], [ -113.669833342109996, 37.134399048127698 ], [ -113.669831496072007, 37.134399317402597 ], [ -113.669831511344, 37.134399373978901 ], [ -113.669831508648997, 37.134399409070603 ], [ -113.669831510446002, 37.134399500022397 ], [ -113.669835636407996, 37.1345674513964 ], [ -113.669835638204006, 37.1345675337542 ], [ -113.669835641798002, 37.134567632583597 ], [ -113.669838092402003, 37.134667337735102 ], [ -113.669853207455006, 37.135281503045199 ], [ -113.669853211047993, 37.135281563917701 ], [ -113.669842997203006, 37.135281722186498 ], [ -113.669839788421001, 37.135281752264703 ], [ -113.669870054458997, 37.136511034708903 ], [ -113.669870097578993, 37.136511033992797 ], [ -113.669870097578993, 37.136511076244801 ], [ -113.669883480679999, 37.1365107797644 ], [ -113.669893641523998, 37.136924535742097 ], [ -113.669898211253994, 37.137108979732602 ], [ -113.669907269865007, 37.137476951870198 ], [ -113.669943679482003, 37.138955657824603 ], [ -113.669871657952001, 37.1389561297432 ], [ -113.669828781364004, 37.138956389692403 ], [ -113.669805593150997, 37.138956547237299 ], [ -113.669815317414006, 37.139415242872502 ], [ -113.669836988371998, 37.140438062888997 ], [ -113.669858499430006, 37.141449430261297 ], [ -113.669859259405001, 37.141485252637104 ], [ -113.669869004329001, 37.141944384789198 ], [ -113.669869213636005, 37.141954173669902 ], [ -113.669869432824996, 37.141965147669701 ], [ -113.669871144116001, 37.141983641988503 ], [ -113.669871586086998, 37.1419884290138 ], [ -113.669899011653001, 37.142217890795301 ], [ -113.669832270420002, 37.142107362685202 ], [ -113.669456091911997, 37.141492742930801 ], [ -113.669190516675997, 37.141058828132898 ], [ -113.668585631588002, 37.140108272702101 ], [ -113.668499166944997, 37.1399858205356 ], [ -113.668433202756006, 37.139892402628597 ], [ -113.668318089940001, 37.139772747936902 ], [ -113.668135180372005, 37.139590231756401 ], [ -113.668006593726005, 37.139476730821897 ], [ -113.667850890533998, 37.1393778684239 ], [ -113.667613747874995, 37.139252741118703 ], [ -113.667336934716005, 37.139142037525602 ], [ -113.667202665326997, 37.139099911539702 ], [ -113.667033120892995, 37.1390619375493 ], [ -113.666862856010994, 37.139033328859803 ], [ -113.666736990361997, 37.139020102976701 ], [ -113.665244091868999, 37.138982662450402 ], [ -113.663511494112001, 37.138990679334903 ], [ -113.660753911430007, 37.139006158114 ], [ -113.660753924904995, 37.139007588191198 ], [ -113.660763993223, 37.139899460553004 ], [ -113.660548816168998, 37.139896639101998 ], [ -113.660435460458999, 37.139887262431202 ], [ -113.660326885581995, 37.139859416705299 ], [ -113.660193764240006, 37.139818623790497 ], [ -113.660131459786996, 37.139787587073897 ], [ -113.660062599428997, 37.139753283470498 ], [ -113.659950483393004, 37.139697433650397 ], [ -113.659788550385002, 37.139621640929498 ], [ -113.659596971176001, 37.139536604614399 ], [ -113.659528467448993, 37.139515660608197 ], [ -113.659425152208001, 37.139488996324097 ], [ -113.659330040382002, 37.139472264454199 ], [ -113.658482701796004, 37.139484441875801 ] ] ] } },
{ "type": "Feature", "properties": { "OBJECTID": 62, "CountyID": 27, "VistaID": "27STG:24", "PrecinctID": "27STG", "SubPrecinctID": "24", "VersionNbr": null, "EffectiveDate": 1744156800000, "AliasName": "STG:24", "Comments": "formerly STG24", "RcvdDate": 1744156800000, "GlobalID": "513cb04b-5cd9-45de-a610-fe5854350efe", "Shape__Area": 12551082.545433044, "Shape__Length": 16395.729770745209 }, "geometry": { "type": "Polygon", "coordinates": [ [ [ -113.503970053763993, 37.023214402923699 ], [ -113.503969999865006, 37.023180595194503 ], [ -113.503969333314998, 37.023180593760102 ], [ -113.501166264438993, 37.023175992872503 ], [ -113.498889647845004, 37.023187684792298 ], [ -113.498640721984003, 37.023187952310799 ], [ -113.498233616277005, 37.0231880799737 ], [ -113.496762006059996, 37.0231890962569 ], [ -113.496759384775999, 37.0231890962569 ], [ -113.494913032457006, 37.023190219404 ], [ -113.494902353284999, 37.023190225858897 ], [ -113.494579283175995, 37.0231904202222 ], [ -113.494570468907, 37.023190425242603 ], [ -113.494570208395004, 37.023190424525403 ], [ -113.492307269549997, 37.023190742248403 ], [ -113.491467413031003, 37.023191184765501 ], [ -113.491279710051998, 37.023187517682899 ], [ -113.490618675766996, 37.023188253537903 ], [ -113.490417595077005, 37.023188926278699 ], [ -113.490376476492003, 37.023188862447199 ], [ -113.488556151959997, 37.023212728961603 ], [ -113.488554819757994, 37.0232127461746 ], [ -113.487970093762996, 37.023220405232102 ], [ -113.487962341301994, 37.023220420293399 ], [ -113.487962032281999, 37.0232204217278 ], [ -113.486997658484995, 37.0232223323681 ], [ -113.486997291972997, 37.0232223330853 ], [ -113.486996196926, 37.023222335237001 ], [ -113.485864218158994, 37.023224572923702 ], [ -113.485848020635999, 37.023224593005502 ], [ -113.476826039014995, 37.0232335659854 ], [ -113.476846308600997, 37.023213941042101 ], [ -113.476836935579001, 37.023213942476502 ], [ -113.476836866409002, 37.023191052799298 ], [ -113.476836852933999, 37.023152571732702 ], [ -113.476836229502993, 37.022749295379903 ], [ -113.476829033998001, 37.017634918450398 ], [ -113.476829031302998, 37.0176328025332 ], [ -113.476858693674004, 37.015780305900698 ], [ -113.476858823030994, 37.015763629195597 ], [ -113.476833570490001, 37.0117575662806 ], [ -113.476826035420999, 37.010562114681697 ], [ -113.476842082027005, 37.009759740235701 ], [ -113.476845101264999, 37.009608719677502 ], [ -113.478969953779995, 37.009604712639501 ], [ -113.479100956894996, 37.009604464441303 ], [ -113.479098641037993, 37.008692499859997 ], [ -113.480198259793994, 37.008690332045099 ], [ -113.480198320878998, 37.0086903306103 ], [ -113.480198381066998, 37.008690332045099 ], [ -113.480201055351003, 37.008690332045099 ], [ -113.485830247468002, 37.008703735625403 ], [ -113.485829456052002, 37.008679101299101 ], [ -113.485829084149998, 37.006404749224203 ], [ -113.484479052821001, 37.005711223825301 ], [ -113.484478556053006, 37.000005908361402 ], [ -113.484478555154993, 36.999995521460903 ], [ -113.484479534317998, 36.999995522178203 ], [ -113.485067533774, 36.999996522270798 ], [ -113.487104533749005, 36.999993521993098 ], [ -113.488188872162993, 36.999991945806897 ], [ -113.48916253454, 36.999990521715198 ], [ -113.493219535669994, 36.999987521437198 ], [ -113.493562703787006, 36.999987522154598 ], [ -113.494514137351999, 36.999987522154598 ], [ -113.494615535587997, 36.999987520719699 ], [ -113.494740326851996, 36.999996880984099 ], [ -113.494895535970002, 37.000008521945901 ], [ -113.495259536017997, 37.000008521228402 ], [ -113.496529484335994, 37.000008525532898 ], [ -113.497053320724007, 37.000008524098099 ], [ -113.497373536884993, 37.000008521228402 ], [ -113.499460537089007, 37.000009521320798 ], [ -113.502383537344002, 37.000012521597903 ], [ -113.502551327367996, 37.000012652886902 ], [ -113.502659046150001, 37.000012737543301 ], [ -113.503668537831999, 37.0000135209728 ], [ -113.507576538102001, 37.000015520440101 ], [ -113.507987478716998, 37.000015523309798 ], [ -113.508532314123002, 37.000015526179503 ], [ -113.509900539029999, 37.000015520440101 ], [ -113.510617538358005, 37.000015519722602 ], [ -113.510697624962006, 37.000015521157501 ], [ -113.510935736004001, 37.000015522592399 ], [ -113.510773640400998, 37.000606364649599 ], [ -113.510536908272996, 37.000731690062103 ], [ -113.510509284178994, 37.000774340644199 ], [ -113.510506073600993, 37.000787041114897 ], [ -113.510536769932003, 37.000799511291902 ], [ -113.510593441948004, 37.0008308165784 ], [ -113.510644381814998, 37.000867927201 ], [ -113.510686996095004, 37.000908581850098 ], [ -113.510734198072001, 37.000960294750499 ], [ -113.510842212399993, 37.001088864453202 ], [ -113.510763211248999, 37.0011377141522 ], [ -113.510685614485993, 37.001187979025197 ], [ -113.510553138096, 37.001279406526201 ], [ -113.510425294146998, 37.001374947607502 ], [ -113.510302282783002, 37.001474452683503 ], [ -113.510184296576995, 37.001577765962999 ], [ -113.510071520238, 37.001684725693003 ], [ -113.509964130317996, 37.001795164412002 ], [ -113.509862294938003, 37.001908909212602 ], [ -113.509766173521996, 37.002025782011899 ], [ -113.509487461323005, 37.002379649547798 ], [ -113.509307643756003, 37.0025932161235 ], [ -113.509296324085994, 37.0025894332625 ], [ -113.509177319768, 37.002740174349597 ], [ -113.509138966197, 37.002788785400703 ], [ -113.509083333532004, 37.002862441557902 ], [ -113.509075802056003, 37.0028890979656 ], [ -113.509060129150001, 37.002895202315301 ], [ -113.509035600651004, 37.002931309724097 ], [ -113.509047272461004, 37.002935371636198 ], [ -113.509004889945999, 37.003004117061302 ], [ -113.508966395776, 37.003070449338999 ], [ -113.508930584176994, 37.003137732989998 ], [ -113.508897491962998, 37.003205898843497 ], [ -113.508867153154995, 37.003274876822402 ], [ -113.50883959894, 37.0033445960146 ], [ -113.508814857645007, 37.003414984746101 ], [ -113.508792954702997, 37.003485970655198 ], [ -113.508773912631, 37.003557480765998 ], [ -113.508757751005007, 37.0036294415643 ], [ -113.508744486438999, 37.0037017790726 ], [ -113.508734132567994, 37.003774418926298 ], [ -113.508726700037997, 37.003847286450402 ], [ -113.508722196487, 37.0039203067358 ], [ -113.508720626547003, 37.003993404716901 ], [ -113.508721991830996, 37.004066505248097 ], [ -113.508726290935002, 37.004139533181601 ], [ -113.508791849985002, 37.0048498467171 ], [ -113.508794887188998, 37.004891499265099 ], [ -113.508794872099998, 37.004981717434497 ], [ -113.508788330255001, 37.005071784113298 ], [ -113.508775283507006, 37.005161398433202 ], [ -113.508755775439994, 37.0052502610381 ], [ -113.508705900077004, 37.005423686716199 ], [ -113.508702260102993, 37.005436341215599 ], [ -113.508829615159001, 37.005457939227199 ], [ -113.508883536534, 37.005468184775999 ], [ -113.508972793306, 37.005486614495197 ], [ -113.509061467028005, 37.005506759313597 ], [ -113.509149506029004, 37.005528607491698 ], [ -113.509236859008993, 37.005552146297099 ], [ -113.509323475068001, 37.005577362012197 ], [ -113.509409303736007, 37.005604239942301 ], [ -113.509494295, 37.0056327644239 ], [ -113.509578399335993, 37.005662918834098 ], [ -113.509661567736003, 37.005694685600197 ], [ -113.509743751740004, 37.005728046209597 ], [ -113.509824903457996, 37.005762981221203 ], [ -113.509904975604002, 37.005799470276301 ], [ -113.509983921520003, 37.0058374921107 ], [ -113.510061695204001, 37.0058770245669 ], [ -113.510138251338006, 37.0059180446071 ], [ -113.510213545312993, 37.005960528326803 ], [ -113.510213994471002, 37.005960029754398 ], [ -113.510286606193006, 37.006004190336498 ], [ -113.510315711608996, 37.006021750113099 ], [ -113.510423374029997, 37.006091059074798 ], [ -113.510527833492006, 37.006163426185203 ], [ -113.510749767673005, 37.006336780912797 ], [ -113.510792487954006, 37.006373129156898 ], [ -113.510874930838995, 37.006445875808602 ], [ -113.510954526065007, 37.006524166186999 ], [ -113.511030696912997, 37.0066025167432 ], [ -113.511560870016993, 37.007165513545999 ], [ -113.511730328211996, 37.007345459935799 ], [ -113.512132912699002, 37.007772959131103 ], [ -113.512324881777005, 37.007970178620901 ], [ -113.512501545359001, 37.008139448225997 ], [ -113.512524838673997, 37.008161764971199 ], [ -113.512765758748003, 37.0083801150749 ], [ -113.512836429212001, 37.008444824087498 ], [ -113.512867315088002, 37.008473802023197 ], [ -113.512868054400997, 37.008474494262501 ], [ -113.513242539584994, 37.008842521545198 ], [ -113.513596676131996, 37.009160172575299 ], [ -113.513902539908997, 37.009434521649503 ], [ -113.514173540070999, 37.009677520758601 ], [ -113.514273835175999, 37.009780659138301 ], [ -113.514773540120999, 37.010294521181599 ], [ -113.515024541089005, 37.010524521726097 ], [ -113.515178541075002, 37.0106525214782 ], [ -113.515314541517, 37.010765521035303 ], [ -113.515694540561, 37.011051521518802 ], [ -113.515842541596996, 37.0112535206149 ], [ -113.516053541483998, 37.011515521398401 ], [ -113.516147189055999, 37.011708407196799 ], [ -113.516199753975002, 37.011816672339997 ], [ -113.516347322022995, 37.012120614584298 ], [ -113.516539541731007, 37.0125165217746 ], [ -113.516568540246993, 37.012576521009301 ], [ -113.516633541442005, 37.012710521878702 ], [ -113.516852620777001, 37.013019675345902 ], [ -113.517177830673006, 37.013478584730798 ], [ -113.517190540935999, 37.013496521514597 ], [ -113.517201452771999, 37.013540667675898 ], [ -113.517342542169999, 37.014111521964601 ], [ -113.517095541399996, 37.015076521375001 ], [ -113.516500542271004, 37.016042522040998 ], [ -113.515966541446005, 37.017130522291197 ], [ -113.515453541434994, 37.017684521987903 ], [ -113.521948542397993, 37.019942522033098 ], [ -113.520302326640007, 37.023173770962899 ], [ -113.510175807088004, 37.0231682778684 ], [ -113.503970053763993, 37.023214402923699 ] ] ] } },
{ "type": "Feature", "properties": { "OBJECTID": 64, "CountyID": 27, "VistaID": "27STG:50", "PrecinctID": "27STG", "SubPrecinctID": "50", "VersionNbr": null, "EffectiveDate": 1744156800000, "AliasName": "STG:50", "Comments": "formerly STG50", "RcvdDate": 1744156800000, "GlobalID": "6b32c743-a3f1-47f4-a377-8ee2ab75e843", "Shape__Area": 2357232.3247566223, "Shape__Length": 8985.092895758653 }, "geometry": { "type": "Polygon", "coordinates": [ [ [ -113.623779629832001, 37.122870922758203 ], [ -113.623682096148002, 37.117803723583201 ], [ -113.623677538096004, 37.117524555671402 ], [ -113.623672789601997, 37.117236197076899 ], [ -113.623670200283001, 37.1171710286769 ], [ -113.623665559798994, 37.117105932607203 ], [ -113.623658871074994, 37.117040949912301 ], [ -113.623650138328998, 37.116976121565301 ], [ -113.623639367066005, 37.116911488442 ], [ -113.623626564077995, 37.116847091295298 ], [ -113.623611737437997, 37.116782970729403 ], [ -113.623594896493003, 37.116719167173997 ], [ -113.623576051862997, 37.116655720859399 ], [ -113.623555215430002, 37.1165926717904 ], [ -113.623532400330006, 37.116530059721597 ], [ -113.623507620949994, 37.116467924132202 ], [ -113.623480892914003, 37.1164063042009 ], [ -113.623452233072996, 37.116345238781399 ], [ -113.623421659498007, 37.116284766378001 ], [ -113.623389191466998, 37.116224925121102 ], [ -113.623330744602995, 37.1161285974827 ], [ -113.623267988047004, 37.116034009475797 ], [ -113.623201003112996, 37.1159412836627 ], [ -113.623129876589999, 37.115850540193001 ], [ -113.622966687737005, 37.115652098804503 ], [ -113.622872161613003, 37.115537153650202 ], [ -113.621923761659005, 37.1143838586272 ], [ -113.621530886163995, 37.113904436967601 ], [ -113.621072261177005, 37.113357854692197 ], [ -113.620705598523003, 37.112919264061098 ], [ -113.620398119574006, 37.112551462641797 ], [ -113.620385033814998, 37.112535994927903 ], [ -113.620333442596007, 37.112472250906201 ], [ -113.620284489876994, 37.112407197002803 ], [ -113.620248651321006, 37.112356289953297 ], [ -113.620214426428007, 37.112304681533203 ], [ -113.620181836764999, 37.112252404262698 ], [ -113.620150902869, 37.112199491083302 ], [ -113.620121644232, 37.112145975337398 ], [ -113.620094079292997, 37.112091890747102 ], [ -113.620068225422003, 37.112037271393099 ], [ -113.62004409891, 37.111982151693098 ], [ -113.620021454113001, 37.111925898365101 ], [ -113.620000606220003, 37.111869204963497 ], [ -113.619981568653003, 37.111812107983098 ], [ -113.619964353666006, 37.111754644178397 ], [ -113.619948428022994, 37.111694663679401 ], [ -113.619934486599007, 37.111634369783999 ], [ -113.619922539045007, 37.111573804227397 ], [ -113.619912593631, 37.111513008933102 ], [ -113.619904657240994, 37.111452025983503 ], [ -113.619898735369006, 37.111390897591001 ], [ -113.619894832113999, 37.111329666068897 ], [ -113.619892950177004, 37.111268373801998 ], [ -113.619892852261003, 37.111223845336099 ], [ -113.619895239989006, 37.111146035700102 ], [ -113.619900884415003, 37.111068332956101 ], [ -113.619909779245006, 37.110990823765903 ], [ -113.619921914556997, 37.110913594575798 ], [ -113.619931817584998, 37.110862220183002 ], [ -113.619991437872002, 37.110635874855902 ], [ -113.620018130659005, 37.110557561780197 ], [ -113.620048040718004, 37.110479991571999 ], [ -113.620094544157993, 37.110374314472203 ], [ -113.620147020689004, 37.110270431430401 ], [ -113.620234330646994, 37.110099715333497 ], [ -113.620235114875996, 37.110098182266803 ], [ -113.621342230970996, 37.108057524044 ], [ -113.621346994736996, 37.108048740910498 ], [ -113.622170158760994, 37.106588262156599 ], [ -113.622562915678003, 37.105857214836099 ], [ -113.622659403723006, 37.105895423997502 ], [ -113.622967064131004, 37.106338684109801 ], [ -113.623253050887001, 37.106490551067999 ], [ -113.623538622620998, 37.106642648408602 ], [ -113.623824365933004, 37.106794466040903 ], [ -113.624098519181004, 37.106988992504803 ], [ -113.624594348794005, 37.107422808210899 ], [ -113.624123378259995, 37.1082383152348 ], [ -113.624539167083, 37.108413774528699 ], [ -113.625024928377997, 37.107831171767103 ], [ -113.626207679027004, 37.108429764625299 ], [ -113.627513579717998, 37.109090660590702 ], [ -113.630050169653998, 37.109413420590997 ], [ -113.630369675248005, 37.1093430722185 ], [ -113.631409948601004, 37.109281791896798 ], [ -113.632289952627005, 37.109341017601899 ], [ -113.632241493907003, 37.1087948787928 ], [ -113.632359601705005, 37.108803386026302 ], [ -113.632498778591, 37.108887303475299 ], [ -113.632587692041, 37.108889866030097 ], [ -113.632603477236998, 37.108964538279899 ], [ -113.634497782523994, 37.109970769270703 ], [ -113.634566256607002, 37.110054156016297 ], [ -113.634365580158999, 37.111528436913297 ], [ -113.634366467695003, 37.113711573011102 ], [ -113.635470036342994, 37.113718646988097 ], [ -113.635469453336, 37.113718158436001 ], [ -113.635517806953004, 37.113717654840499 ], [ -113.635749981030003, 37.113717071729901 ], [ -113.635753575189, 37.1137215252907 ], [ -113.635781573879996, 37.113752525419002 ], [ -113.635998574512996, 37.113936525873001 ], [ -113.636160574895001, 37.114047525658201 ], [ -113.636260574453999, 37.114116525791196 ], [ -113.636291442363998, 37.114138574272502 ], [ -113.636351574691005, 37.1141815250595 ], [ -113.636437574005996, 37.114255526605199 ], [ -113.636517575271, 37.114341526161702 ], [ -113.636552574532004, 37.114387525601103 ], [ -113.636582573770994, 37.114435525048698 ], [ -113.636609574434004, 37.114486525950603 ], [ -113.636631575072997, 37.114538525402203 ], [ -113.636650575339999, 37.114591525550402 ], [ -113.636667574160001, 37.114645526392998 ], [ -113.636685574601998, 37.114700525779 ], [ -113.636723574236996, 37.114803526488402 ], [ -113.637081575335003, 37.115418525638198 ], [ -113.637162575526006, 37.115568525529099 ], [ -113.637208574658004, 37.1158045258831 ], [ -113.637168574474998, 37.115966525700202 ], [ -113.637081575335003, 37.116271525848099 ], [ -113.637047574101999, 37.116467525806698 ], [ -113.637047574101999, 37.116657525325998 ], [ -113.637128574293001, 37.116807526343997 ], [ -113.637234287137005, 37.116970537609802 ], [ -113.637235575321, 37.116972525401401 ], [ -113.637033575654996, 37.116974525370402 ], [ -113.636957574587996, 37.116976525339297 ], [ -113.635632989837006, 37.1169850359516 ], [ -113.635556574648007, 37.116985526631602 ], [ -113.634884574628003, 37.116991525821099 ], [ -113.634819571636001, 37.116992386122703 ], [ -113.634733574117007, 37.116993525789603 ], [ -113.633433574459005, 37.117006527016201 ], [ -113.632869574393993, 37.117012526204 ], [ -113.632529447972999, 37.117026658497899 ], [ -113.632522347689005, 37.117026952905697 ], [ -113.632508574718997, 37.1170275259623 ], [ -113.631943573930997, 37.117032526597399 ], [ -113.631067856665993, 37.117040004985398 ], [ -113.630420573791994, 37.117045527100998 ], [ -113.630419491322002, 37.116962977554401 ], [ -113.630414450874994, 37.116578415149 ], [ -113.630413574119004, 37.1165115268387 ], [ -113.630413526507994, 37.1165115268387 ], [ -113.629946574138998, 37.116515526084598 ], [ -113.629946290270993, 37.116514546867499 ], [ -113.629889573339, 37.116318526257203 ], [ -113.629873572546998, 37.116273526552 ], [ -113.629831572713996, 37.116149526509403 ], [ -113.629725573306999, 37.115984526374902 ], [ -113.62966057301, 37.115889526546702 ], [ -113.629595573610999, 37.115795526599399 ], [ -113.629360573433999, 37.115667525767201 ], [ -113.629129573455998, 37.115547526178403 ], [ -113.629045572891997, 37.115603526344401 ], [ -113.629033865148998, 37.115603569324499 ], [ -113.628248953186002, 37.1156064876701 ], [ -113.628238573152998, 37.115606525635798 ], [ -113.628246572650994, 37.115892526543099 ], [ -113.628246573549006, 37.1159145272294 ], [ -113.628257572520994, 37.116262526619899 ], [ -113.628272572590006, 37.117069526702501 ], [ -113.628274030556, 37.117124916870999 ], [ -113.628274573138, 37.117145526106398 ], [ -113.628279573160995, 37.117415526557501 ], [ -113.628312573670996, 37.119129527174302 ], [ -113.628317573694005, 37.1193875261336 ], [ -113.628321500230001, 37.119567144200097 ], [ -113.628321573891995, 37.119570526553197 ], [ -113.628655077933004, 37.119567311813597 ], [ -113.628736573994004, 37.119566526036103 ], [ -113.628888573430999, 37.119564526135498 ], [ -113.628888590499002, 37.119565391422 ], [ -113.628889018996006, 37.119588091578997 ], [ -113.628908574421004, 37.120623526959498 ], [ -113.628943573683003, 37.120853526999099 ], [ -113.629064574056997, 37.121668526948604 ], [ -113.629190574453006, 37.122026526287499 ], [ -113.629277705646004, 37.1223616519937 ], [ -113.629333573669996, 37.122576527763499 ], [ -113.629358574682996, 37.122608527041301 ], [ -113.629388325986994, 37.122647366661496 ], [ -113.629406978605004, 37.122671716174303 ], [ -113.629561574174005, 37.122873527815699 ], [ -113.629749574494994, 37.123017527117703 ], [ -113.629837540222994, 37.123105981383397 ], [ -113.629929573522006, 37.123198526836603 ], [ -113.630279574225, 37.1235515266143 ], [ -113.630471574744007, 37.123742527589101 ], [ -113.630503574531005, 37.123770526795298 ], [ -113.630662575437995, 37.123915527148696 ], [ -113.630888574495003, 37.1240585274425 ], [ -113.631083574488997, 37.124223526454102 ], [ -113.630869574228001, 37.12467052697 ], [ -113.630608575010996, 37.124596527009203 ], [ -113.630264574156001, 37.124499526757603 ], [ -113.629375574400996, 37.1242485265334 ], [ -113.628014573745006, 37.123866527371497 ], [ -113.627265574630997, 37.123655528071097 ], [ -113.627183573717005, 37.123632527589102 ], [ -113.626937574568004, 37.123563527533499 ], [ -113.626856573479003, 37.123541526921201 ], [ -113.626246573383995, 37.123367526606799 ], [ -113.625393573614005, 37.123124528301801 ], [ -113.624979573337001, 37.123030528026 ], [ -113.624653572924004, 37.122970527286 ], [ -113.624397573728999, 37.122932528010402 ], [ -113.624048572850995, 37.122880527877598 ], [ -113.623779629832001, 37.122870922758203 ] ] ] } },
{ "type": "Feature", "properties": { "OBJECTID": 65, "CountyID": 27, "VistaID": "27STG:54", "PrecinctID": "27STG", "SubPrecinctID": "54", "VersionNbr": null, "EffectiveDate": 1744156800000, "AliasName": "STG:54", "Comments": "formerly STG54", "RcvdDate": 1744156800000, "GlobalID": "99d7ce02-2706-47e1-aa51-41c4a13ef6cb", "Shape__Area": 11916045.241024017, "Shape__Length": 20123.048717754216 }, "geometry": { "type": "Polygon", "coordinates": [ [ [ -113.577892184033999, 37.139790056921299 ], [ -113.577875468182995, 37.132431476714501 ], [ -113.577676039495003, 37.117725335216001 ], [ -113.577655593838998, 37.116536621154502 ], [ -113.577647727292003, 37.112149658520998 ], [ -113.577651862238, 37.111599645767797 ], [ -113.577991347262, 37.111601282678102 ], [ -113.577992627360999, 37.111577780654898 ], [ -113.57903420417, 37.111605561568503 ], [ -113.581169944265994, 37.111584803252498 ], [ -113.584263809478998, 37.111606091683797 ], [ -113.584013237904998, 37.111639072013404 ], [ -113.583990322668001, 37.111647652772902 ], [ -113.583969117332003, 37.111658680294198 ], [ -113.583950030116, 37.111671942288503 ], [ -113.583933428462998, 37.1116871834516 ], [ -113.583919631965998, 37.111704110378902 ], [ -113.583908906217999, 37.111722397213697 ], [ -113.583901457696996, 37.1117416919204 ], [ -113.583897429792998, 37.111761623061 ], [ -113.583896915584006, 37.111782639799202 ], [ -113.583900188368006, 37.111803497880203 ], [ -113.583907180408005, 37.1118237656042 ], [ -113.583917746989997, 37.111843023490302 ], [ -113.583955696318995, 37.111869582896503 ], [ -113.583956142782, 37.111869894517199 ], [ -113.584183342887002, 37.112028901886902 ], [ -113.585429658326007, 37.112901123683997 ], [ -113.586002338810999, 37.113311195579797 ], [ -113.587554409331005, 37.1144234940286 ], [ -113.588404995328005, 37.115034618002497 ], [ -113.589669236648007, 37.115940511426302 ], [ -113.590782798155004, 37.116739207021702 ], [ -113.591791726593996, 37.117460102240898 ], [ -113.593104482328997, 37.118403549888903 ], [ -113.593232215575995, 37.118495340373101 ], [ -113.593766394268002, 37.118879133043897 ], [ -113.594706022173995, 37.119552840469296 ], [ -113.595772008904007, 37.120317121792503 ], [ -113.596299984729001, 37.120711992618098 ], [ -113.598092502810005, 37.121987857538301 ], [ -113.599038840233007, 37.122805559923897 ], [ -113.599034214807006, 37.122800786010203 ], [ -113.599116835559002, 37.122872108893802 ], [ -113.599146380411, 37.122890947377002 ], [ -113.599177530576, 37.122908062976897 ], [ -113.599210128335997, 37.122923369035398 ], [ -113.599244008640994, 37.122936788056201 ], [ -113.599278999950002, 37.122948252097501 ], [ -113.599314925095996, 37.122957703115802 ], [ -113.599351602184001, 37.122965093259502 ], [ -113.599388845510006, 37.122970385111699 ], [ -113.599426466504994, 37.122973551879298 ], [ -113.599464274686994, 37.122974577528602 ], [ -113.599502078628007, 37.122973456866603 ], [ -113.599539686918007, 37.122970195567397 ], [ -113.599576909139998, 37.122964810143301 ], [ -113.599613556831997, 37.122957327861002 ], [ -113.599649444438995, 37.1229477866043 ], [ -113.599684390256996, 37.122936234681198 ], [ -113.599990433697997, 37.123638266250097 ], [ -113.600396161389, 37.124568941384602 ], [ -113.601113183173993, 37.126109550249801 ], [ -113.601803581588996, 37.127592890993498 ], [ -113.601969592049997, 37.127956039131803 ], [ -113.602101280579006, 37.128282132191501 ], [ -113.602217686071, 37.128609967104097 ], [ -113.602252156225006, 37.128716539250803 ], [ -113.602273413958002, 37.128784914371401 ], [ -113.602397215278003, 37.129262007955603 ], [ -113.602561679738997, 37.129895795156997 ], [ -113.602681130519002, 37.130356107028803 ], [ -113.602967349937998, 37.131606674240501 ], [ -113.602992758786002, 37.131859281521301 ], [ -113.602965177811996, 37.133903036594702 ], [ -113.603625678498005, 37.133908021075598 ], [ -113.604402597250996, 37.133860480859497 ], [ -113.604774239267002, 37.133815224453798 ], [ -113.605915565005006, 37.133621760229801 ], [ -113.606488023606005, 37.133537749880098 ], [ -113.606690052019005, 37.1335156769699 ], [ -113.606997636070005, 37.1334888723513 ], [ -113.607329372226999, 37.133469077548398 ], [ -113.607573848730993, 37.133460500037501 ], [ -113.608009944868996, 37.133457809404597 ], [ -113.608256612364997, 37.133463437747302 ], [ -113.608468445889002, 37.133472402703198 ], [ -113.610513360021997, 37.133540304438903 ], [ -113.610932461830998, 37.1335515267359 ], [ -113.612337138575995, 37.133598434773397 ], [ -113.612482912689003, 37.133609188690599 ], [ -113.612628702970994, 37.133624334838402 ], [ -113.612640527495003, 37.133625775759803 ], [ -113.612644572609, 37.133604528612302 ], [ -113.612657693401999, 37.133607409023398 ], [ -113.613095572695997, 37.133703529612397 ], [ -113.613100671533005, 37.133704788626801 ], [ -113.613149803091005, 37.133716914696997 ], [ -113.613628873734001, 37.133835155953101 ], [ -113.613723572333996, 37.133858529319397 ], [ -113.614056571521999, 37.133966529976398 ], [ -113.614536572819006, 37.1341225296188 ], [ -113.615086573539003, 37.134420529951399 ], [ -113.615363571751004, 37.134592529700498 ], [ -113.615355459963993, 37.134597506974401 ], [ -113.615275571888006, 37.134646529166403 ], [ -113.615218571986006, 37.1347215290767 ], [ -113.615175573227006, 37.134822529545097 ], [ -113.615152571864002, 37.134896528817102 ], [ -113.615154572411996, 37.1349705287329 ], [ -113.615168572656003, 37.135044530008599 ], [ -113.615168572656003, 37.135158529587102 ], [ -113.615190573296005, 37.135201530036802 ], [ -113.615250571773004, 37.135240530057096 ], [ -113.615325572116006, 37.135256530243197 ], [ -113.615764572507999, 37.135480528913398 ], [ -113.616137572777006, 37.135778529626698 ], [ -113.615466572581994, 37.135809529316298 ], [ -113.616352573759997, 37.138228529409297 ], [ -113.616190573378006, 37.139457529807203 ], [ -113.616303573356006, 37.1398945308908 ], [ -113.612376573719004, 37.138850529462403 ], [ -113.612347571610002, 37.138921530723998 ], [ -113.612062573000998, 37.138844530573103 ], [ -113.612023572642997, 37.139290530257 ], [ -113.612171572780994, 37.139620530247598 ], [ -113.611969572215997, 37.140204529684802 ], [ -113.611829572473994, 37.140806530126703 ], [ -113.611945573723006, 37.141384531029303 ], [ -113.611928572208001, 37.1414315301665 ], [ -113.611876573228002, 37.141573531358702 ], [ -113.611860572436001, 37.141621530037199 ], [ -113.611880572527994, 37.141673530898601 ], [ -113.611937572428999, 37.141726530665601 ], [ -113.612252572971997, 37.141906531096801 ], [ -113.612436573094996, 37.142061530468602 ], [ -113.612877573136004, 37.142337530162003 ], [ -113.612957573502001, 37.142462529915001 ], [ -113.613101572543002, 37.142843530803603 ], [ -113.613108573114005, 37.143047529966097 ], [ -113.613100572717997, 37.143160530736203 ], [ -113.613090573571, 37.143338530630899 ], [ -113.613040572444007, 37.143466531213598 ], [ -113.612929573014, 37.1436445311043 ], [ -113.612099572811005, 37.144854531006203 ], [ -113.611726573439995, 37.1453795317329 ], [ -113.611664572617997, 37.145556531095103 ], [ -113.611671574086998, 37.145765530985898 ], [ -113.611692574003001, 37.145989530762201 ], [ -113.611806573806007, 37.146289531520303 ], [ -113.611988572483, 37.146598531007001 ], [ -113.612169573130998, 37.1470675313263 ], [ -113.612224572483996, 37.147488531663903 ], [ -113.612189573223006, 37.148060530605797 ], [ -113.612028573564004, 37.148564531060302 ], [ -113.611904573716004, 37.148971531349801 ], [ -113.611862572983995, 37.149111531439203 ], [ -113.611688573804997, 37.149461531244697 ], [ -113.611566573607007, 37.1498935312014 ], [ -113.611391573705006, 37.150204531522 ], [ -113.611198573360994, 37.150571531348596 ], [ -113.611010573938003, 37.150894531909401 ], [ -113.610831573837999, 37.151062531866302 ], [ -113.610704573616005, 37.151164532246199 ], [ -113.610673573653997, 37.151275531134402 ], [ -113.610706573266, 37.151428530863598 ], [ -113.610893573761999, 37.151693531665103 ], [ -113.611008574287993, 37.151822531951503 ], [ -113.611261574905996, 37.152014531970302 ], [ -113.611402573575006, 37.152099531345698 ], [ -113.611437573735003, 37.1521205320105 ], [ -113.611531573446996, 37.152256532492899 ], [ -113.611621573858002, 37.152479532143701 ], [ -113.611791573738003, 37.153041531907199 ], [ -113.611761573600006, 37.153162532411798 ], [ -113.611655573294996, 37.153275531672698 ], [ -113.611233573521005, 37.153570532514401 ], [ -113.611049573398006, 37.153612531589197 ], [ -113.610864573450002, 37.1536165317385 ], [ -113.610719572787005, 37.153592532987297 ], [ -113.610010573855007, 37.153542531447599 ], [ -113.609880572362002, 37.153561531993603 ], [ -113.609751573389005, 37.1536025322889 ], [ -113.609534573654003, 37.153684532812903 ], [ -113.609332573987999, 37.153798532223497 ], [ -113.609125573399993, 37.153946531515999 ], [ -113.608846574639003, 37.154210532592003 ], [ -113.608423573243002, 37.154568531190101 ], [ -113.607158573744996, 37.155643532038503 ], [ -113.607061572763001, 37.155810532712103 ], [ -113.606947573857994, 37.155889533146599 ], [ -113.606805573567996, 37.1559585330779 ], [ -113.606601573353004, 37.155990533273602 ], [ -113.606499573245998, 37.156028533130602 ], [ -113.606370572475996, 37.156078532310403 ], [ -113.606322572796003, 37.156118532489501 ], [ -113.606237572406997, 37.1561905327586 ], [ -113.606172573905994, 37.156296532672101 ], [ -113.606155573289001, 37.156412533514697 ], [ -113.606141572146996, 37.156588533367099 ], [ -113.606069573973997, 37.156716532286502 ], [ -113.605799572739002, 37.156832532484799 ], [ -113.605734978480001, 37.156839364737998 ], [ -113.605732853066002, 37.154225091816599 ], [ -113.605732562011994, 37.154114832559003 ], [ -113.605732562011994, 37.154114795328603 ], [ -113.605732486554004, 37.154078594458603 ], [ -113.605731325929995, 37.153567248337602 ], [ -113.605722977886003, 37.150588494896397 ], [ -113.605712905974997, 37.146994622311198 ], [ -113.605712709244003, 37.146994623027297 ], [ -113.605712534971005, 37.146935019355901 ], [ -113.603891348055996, 37.146945960411301 ], [ -113.602913880415997, 37.146951841227903 ], [ -113.601114791159006, 37.146962617592301 ], [ -113.601129578327004, 37.145238516531201 ], [ -113.601134840656997, 37.144659796795899 ], [ -113.601135042777997, 37.144632847901299 ], [ -113.601150580039999, 37.142918930035101 ], [ -113.601180871230994, 37.139577191442399 ], [ -113.601177258207002, 37.139577270214197 ], [ -113.601177322886002, 37.139568376160199 ], [ -113.601177423497006, 37.139556668518701 ], [ -113.601008076693006, 37.139558571932497 ], [ -113.587304789971995, 37.1397179715742 ], [ -113.587304744156995, 37.1397179715742 ], [ -113.587246721075005, 37.139718606044198 ], [ -113.582568507976006, 37.1397692912956 ], [ -113.577892184033999, 37.139790056921299 ] ] ] } },
{ "type": "Feature", "properties": { "OBJECTID": 66, "CountyID": 27, "VistaID": "27WAS:10", "PrecinctID": "27WAS", "SubPrecinctID": "10", "VersionNbr": null, "EffectiveDate": 1744156800000, "AliasName": "WAS:10", "Comments": "formerly WAS10", "RcvdDate": 1744156800000, "GlobalID": "e95b9e18-e8bd-452c-a9b0-5d67919b9d89", "Shape__Area": 4253507.3013267517, "Shape__Length": 10959.284576564138 }, "geometry": { "type": "Polygon", "coordinates": [ [ [ -113.501431642943004, 37.130253700436199 ], [ -113.501443428840005, 37.129016066341102 ], [ -113.501935483731998, 37.128261328312803 ], [ -113.502434140342999, 37.127855941960398 ], [ -113.501784098741993, 37.127852620139798 ], [ -113.501786660736997, 37.1275499642881 ], [ -113.499355243758004, 37.127538069285499 ], [ -113.499356832877993, 37.127331215693403 ], [ -113.499091950242999, 37.127336541529502 ], [ -113.499088059640002, 37.127212470079598 ], [ -113.497608622401998, 37.127242396077499 ], [ -113.497608926032001, 37.127241585311801 ], [ -113.497619574661996, 37.127213033032 ], [ -113.497638799507001, 37.127173119985002 ], [ -113.497684874097999, 37.127095956038097 ], [ -113.497740690019995, 37.127023033504202 ], [ -113.497805646299994, 37.126955135947597 ], [ -113.497841337264006, 37.1269233032396 ], [ -113.498327349188997, 37.126553229925797 ], [ -113.498327632157995, 37.126553014340402 ], [ -113.498550236482004, 37.126383509576399 ], [ -113.498608852453003, 37.126331228902401 ], [ -113.498621592359996, 37.126319864436802 ], [ -113.498683518622997, 37.126251529346902 ], [ -113.498684324411997, 37.126250639784999 ], [ -113.498712242254001, 37.1262141663017 ], [ -113.498760802483005, 37.1261379869159 ], [ -113.498799236004004, 37.126058186167803 ], [ -113.498820070630998, 37.126001657274401 ], [ -113.498714426058001, 37.125989592280497 ], [ -113.498243430372, 37.124462240202398 ], [ -113.498227734108994, 37.124476444163101 ], [ -113.498098366826, 37.124386331228798 ], [ -113.498145558019004, 37.1243455391906 ], [ -113.498195801695005, 37.124307134582899 ], [ -113.498045851314998, 37.123818534619303 ], [ -113.497063890301007, 37.120961163004203 ], [ -113.497407548, 37.120700535624202 ], [ -113.497421702753996, 37.120689315002899 ], [ -113.498396548212, 37.119916535034797 ], [ -113.499350548264005, 37.118890535158201 ], [ -113.499457224102002, 37.118747537278601 ], [ -113.500184547767006, 37.117772534574101 ], [ -113.500487548614004, 37.117366534750403 ], [ -113.500797549134006, 37.116986534495503 ], [ -113.501386590634993, 37.116424087781702 ], [ -113.501644736803001, 37.116295234865802 ], [ -113.507749991105001, 37.113516254334598 ], [ -113.508627844562994, 37.113045995137597 ], [ -113.509966126826001, 37.113022963494103 ], [ -113.509977598312005, 37.113022766495497 ], [ -113.510525006492998, 37.112858021735001 ], [ -113.510525248139999, 37.112857947949898 ], [ -113.510517988854005, 37.112587573064999 ], [ -113.511089843788, 37.112577723792597 ], [ -113.511108063419002, 37.112577410025601 ], [ -113.512398681969998, 37.112555170537199 ], [ -113.512402460283994, 37.1125551053481 ], [ -113.512398955956996, 37.112439755044903 ], [ -113.513632245823999, 37.112253074610599 ], [ -113.513638343587999, 37.112252151214904 ], [ -113.513654173700004, 37.1122497542544 ], [ -113.513655593037996, 37.112249290049299 ], [ -113.513671551608994, 37.112924533602403 ], [ -113.513682550580995, 37.1133685334026 ], [ -113.513702550673003, 37.114156534549899 ], [ -113.513708550519993, 37.114465534179601 ], [ -113.513716550916001, 37.114766533155802 ], [ -113.513751323803007, 37.116218340630503 ], [ -113.513776551191, 37.117271533790998 ], [ -113.513778876928995, 37.1173438475372 ], [ -113.513798550931995, 37.117955533883404 ], [ -113.513803200612003, 37.1188842538957 ], [ -113.513803508734, 37.118945838038101 ], [ -113.513803551853002, 37.118954534667701 ], [ -113.513799253415002, 37.119129307269901 ], [ -113.513797550209006, 37.1191985341368 ], [ -113.513808551875996, 37.1243545354017 ], [ -113.513809356766998, 37.124500309618803 ], [ -113.513809552599, 37.1245355347885 ], [ -113.513868509930006, 37.124563247917798 ], [ -113.513926552775004, 37.1245905355849 ], [ -113.514094009524001, 37.1246674535479 ], [ -113.514135552113999, 37.1246865351211 ], [ -113.514531551949005, 37.124869534906999 ], [ -113.514531549254997, 37.124869652371501 ], [ -113.514527551751002, 37.125080535120802 ], [ -113.514526552825004, 37.125399534737703 ], [ -113.514526684876998, 37.125399538319002 ], [ -113.514546622984994, 37.125399971645102 ], [ -113.514618551089995, 37.125401535200403 ], [ -113.514687551584998, 37.125401535200403 ], [ -113.515412553104994, 37.125399535454001 ], [ -113.515418552054001, 37.125485535244202 ], [ -113.515609552748003, 37.125483535500003 ], [ -113.516184552683995, 37.125481534323299 ], [ -113.516376552303996, 37.125480535167398 ], [ -113.517481553764995, 37.125475534374097 ], [ -113.518632552563005, 37.125471534169002 ], [ -113.519298552734, 37.1254355344619 ], [ -113.519812553468995, 37.125407534439198 ], [ -113.520796553658002, 37.125420534220801 ], [ -113.521755553733001, 37.125433534000202 ], [ -113.521901554221003, 37.125421534093697 ], [ -113.522152553392999, 37.125603535097 ], [ -113.522672553974999, 37.125832533746397 ], [ -113.522673076794007, 37.125832230061697 ], [ -113.523478721874, 37.125365016184702 ], [ -113.523478831467997, 37.125364953155398 ], [ -113.523479553713997, 37.125364534153903 ], [ -113.523244384654006, 37.125365529730097 ], [ -113.523243554610005, 37.125365534027601 ], [ -113.523773553441004, 37.125058534949403 ], [ -113.523773720527998, 37.125058498420898 ], [ -113.525658290772995, 37.124634593493099 ], [ -113.525658553979, 37.124634533328198 ], [ -113.526015409726, 37.125354242473598 ], [ -113.526015554354998, 37.125354533984101 ], [ -113.526028717368007, 37.125354476684699 ], [ -113.526243334770996, 37.125353539840297 ], [ -113.527386777838004, 37.125348538322299 ], [ -113.527387014994005, 37.125348536889803 ], [ -113.527387554881003, 37.1253485347411 ], [ -113.527406307212999, 37.126203172111403 ], [ -113.527404284206995, 37.126203661299201 ], [ -113.526468440903002, 37.126413367143797 ], [ -113.525399375646998, 37.126656210928402 ], [ -113.524432719231001, 37.126900542254198 ], [ -113.523841913438005, 37.127100048550503 ], [ -113.523830918957003, 37.127104006412303 ], [ -113.523826970862004, 37.1271054274035 ], [ -113.523747487026995, 37.127134039886798 ], [ -113.522049354035005, 37.127745314084201 ], [ -113.521336540857007, 37.128001894218002 ], [ -113.520957441925006, 37.128139065390997 ], [ -113.520728333798999, 37.128221963006801 ], [ -113.520619550513004, 37.128263943211699 ], [ -113.520367681772001, 37.1283611391788 ], [ -113.51815033602, 37.1291561513506 ], [ -113.516758589624999, 37.129660505515197 ], [ -113.516257068287004, 37.129820127262498 ], [ -113.515760491275998, 37.129941356858701 ], [ -113.514838912320997, 37.130151032293298 ], [ -113.514511956099994, 37.1301837109039 ], [ -113.514151272632006, 37.1302221434186 ], [ -113.514089720068995, 37.130235596441402 ], [ -113.514012529633007, 37.130236927849303 ], [ -113.513805546113005, 37.130258982378699 ], [ -113.513184367381996, 37.130298984755001 ], [ -113.512303131766998, 37.1302970717976 ], [ -113.511542642302004, 37.130295730363997 ], [ -113.510904453072996, 37.1302905093007 ], [ -113.509956220204998, 37.130306839983298 ], [ -113.504967124440995, 37.130242831450801 ], [ -113.504942015629993, 37.1302425507021 ], [ -113.504941962629999, 37.130268235624698 ], [ -113.504500743400001, 37.130260945470702 ], [ -113.503436720387, 37.1302597408298 ], [ -113.502728814704994, 37.130255897008098 ], [ -113.502290087402002, 37.130255627002398 ], [ -113.502045776187003, 37.130255475168902 ], [ -113.501670818489004, 37.130255243121603 ], [ -113.501431642943004, 37.130253700436199 ] ] ] } },
{ "type": "Feature", "properties": { "OBJECTID": 68, "CountyID": 27, "VistaID": "27STG:53", "PrecinctID": "27STG", "SubPrecinctID": "53", "VersionNbr": null, "EffectiveDate": 1744156800000, "AliasName": "STG:53", "Comments": "formerly STG53", "RcvdDate": 1744156800000, "GlobalID": "468fda7c-7637-4747-9712-7b8bccb44d2b", "Shape__Area": 2227320.2356090546, "Shape__Length": 6777.4101642612186 }, "geometry": { "type": "Polygon", "coordinates": [ [ [ -113.600396161389, 37.124568941384602 ], [ -113.600883222546003, 37.124458537187699 ], [ -113.600992584389999, 37.124443570810698 ], [ -113.601102927683002, 37.124434248228503 ], [ -113.601213794762003, 37.124430608109897 ], [ -113.601324725793006, 37.1244326655534 ], [ -113.601435260675004, 37.124440412025102 ], [ -113.601544940951001, 37.1244538153938 ], [ -113.601653311708006, 37.124472820064398 ], [ -113.601759923466005, 37.124497347208603 ], [ -113.602504857704005, 37.1247148691821 ], [ -113.602644234121001, 37.124740448047604 ], [ -113.602784468302005, 37.124762849075502 ], [ -113.602925446295998, 37.124782054066401 ], [ -113.603067053551001, 37.124798047417499 ], [ -113.603209175000998, 37.124810816135401 ], [ -113.603351695165003, 37.124820349846097 ], [ -113.603494498234994, 37.124826640804301 ], [ -113.603637468176004, 37.124829683898902 ], [ -113.603780488813996, 37.124829476657602 ], [ -113.603923443938001, 37.124826019248701 ], [ -113.604066217386006, 37.1248193144813 ], [ -113.604208693147001, 37.124809367802399 ], [ -113.604350755450994, 37.1247961872932 ], [ -113.604492288862005, 37.124779783661801 ], [ -113.604633178374996, 37.124760170235298 ], [ -113.604773309511003, 37.124737362948103 ], [ -113.607099941605, 37.124264105738597 ], [ -113.611882685365003, 37.123372801151 ], [ -113.613628935717003, 37.123025287122402 ], [ -113.613896297235996, 37.122976222638997 ], [ -113.614164810136998, 37.1229313331283 ], [ -113.614434371882993, 37.122890635739701 ], [ -113.614704879537001, 37.122854146021098 ], [ -113.614976229798998, 37.122821877912898 ], [ -113.615248319049996, 37.122793843742798 ], [ -113.615521043384007, 37.122770054220901 ], [ -113.615794298658997, 37.1227505184359 ], [ -113.616278991857001, 37.122726585815599 ], [ -113.617250522530995, 37.122745003898999 ], [ -113.618714031741007, 37.122772734157898 ], [ -113.621296573199004, 37.122814527574903 ], [ -113.621296572299997, 37.122862527410099 ], [ -113.621296572299997, 37.123209527193403 ], [ -113.621249572444995, 37.1234475271633 ], [ -113.621114572726, 37.123631527692503 ], [ -113.621099572657002, 37.123653528278602 ], [ -113.620884572571995, 37.123790528268401 ], [ -113.620668572661998, 37.123899528145799 ], [ -113.619977573273999, 37.124161528313202 ], [ -113.619903572756002, 37.1242025280715 ], [ -113.619857572724996, 37.124268527880197 ], [ -113.619826571863996, 37.124352527748897 ], [ -113.619830572961007, 37.124461527533299 ], [ -113.619827572587994, 37.124577527782002 ], [ -113.619817573440002, 37.124681528545402 ], [ -113.619778572184003, 37.124759527949799 ], [ -113.619719572633002, 37.124837527990003 ], [ -113.619647572662998, 37.124921527943499 ], [ -113.619690572319996, 37.124986527246598 ], [ -113.619510572395001, 37.125137528111999 ], [ -113.619337573040994, 37.125285528335901 ], [ -113.618853572443996, 37.125576527844899 ], [ -113.618832572528007, 37.125591528055097 ], [ -113.618805571864996, 37.1257035285279 ], [ -113.618727572946, 37.126039528235502 ], [ -113.618701572107994, 37.1261525286248 ], [ -113.618578572084999, 37.1261545283513 ], [ -113.618254572219001, 37.126162527972902 ], [ -113.618224572081999, 37.126192528874299 ], [ -113.618140573315003, 37.126280528202798 ], [ -113.618140572417005, 37.126240528715996 ], [ -113.618144572614995, 37.126122527707601 ], [ -113.61814557244, 37.1260835287177 ], [ -113.617857571661006, 37.126358528108099 ], [ -113.617778572917004, 37.1264355280735 ], [ -113.617673572436004, 37.126575528330797 ], [ -113.617591572421006, 37.1269725287979 ], [ -113.617518572625997, 37.127265529396396 ], [ -113.617427572389005, 37.127415528733501 ], [ -113.617408572122997, 37.127435528527101 ], [ -113.617256571786996, 37.1276115284886 ], [ -113.617128572637995, 37.1277175283494 ], [ -113.616696572818, 37.127792527965298 ], [ -113.615776572203004, 37.128751528257602 ], [ -113.615629572787995, 37.128867528377299 ], [ -113.615191572222002, 37.129215529101799 ], [ -113.615045571734001, 37.129332529047701 ], [ -113.615063572175998, 37.129358528692798 ], [ -113.615117572602003, 37.129436528290697 ], [ -113.615136571970993, 37.1294625293325 ], [ -113.615150572214006, 37.129603529537597 ], [ -113.615178571803, 37.1298625284224 ], [ -113.615123571552004, 37.130018528647398 ], [ -113.615077572418997, 37.130152528427899 ], [ -113.614961572067998, 37.130281528927803 ], [ -113.614615572462, 37.1306705287151 ], [ -113.614574571556005, 37.130718528581603 ], [ -113.614503571411007, 37.130803528971697 ], [ -113.614387571958005, 37.130941529426899 ], [ -113.614335571181002, 37.131005529490402 ], [ -113.614137571713002, 37.131419528996098 ], [ -113.614060571720003, 37.131582529565698 ], [ -113.613999571620994, 37.131726529486897 ], [ -113.613862475233006, 37.132053746456002 ], [ -113.613818572769006, 37.132158529038399 ], [ -113.613814572571002, 37.1321705293091 ], [ -113.613748571550005, 37.132298528735397 ], [ -113.613731571832005, 37.132331530130202 ], [ -113.613579572394002, 37.132509529722903 ], [ -113.613516571746999, 37.132557529855198 ], [ -113.613472834571994, 37.132591739321697 ], [ -113.613236571363998, 37.132776529759099 ], [ -113.612891571583006, 37.133065528852001 ], [ -113.612769571384007, 37.133278529387503 ], [ -113.612716571681005, 37.133372529826502 ], [ -113.612644572609, 37.133604528612302 ], [ -113.612640527495003, 37.133625775759803 ], [ -113.612628702970994, 37.133624334838402 ], [ -113.612482912689003, 37.133609188690599 ], [ -113.612337138575995, 37.133598434773397 ], [ -113.610932461830998, 37.1335515267359 ], [ -113.610513360021997, 37.133540304438903 ], [ -113.608468445889002, 37.133472402703198 ], [ -113.608256612364997, 37.133463437747302 ], [ -113.608009944868996, 37.133457809404597 ], [ -113.607573848730993, 37.133460500037501 ], [ -113.607329372226999, 37.133469077548398 ], [ -113.606997636070005, 37.1334888723513 ], [ -113.606690052019005, 37.1335156769699 ], [ -113.606488023606005, 37.133537749880098 ], [ -113.605915565005006, 37.133621760229801 ], [ -113.604774239267002, 37.133815224453798 ], [ -113.604402597250996, 37.133860480859497 ], [ -113.603625678498005, 37.133908021075598 ], [ -113.602965177811996, 37.133903036594702 ], [ -113.602992758786002, 37.131859281521301 ], [ -113.602967349937998, 37.131606674240501 ], [ -113.602681130519002, 37.130356107028803 ], [ -113.602561679738997, 37.129895795156997 ], [ -113.602397215278003, 37.129262007955603 ], [ -113.602273413958002, 37.128784914371401 ], [ -113.602252156225006, 37.128716539250803 ], [ -113.602217686071, 37.128609967104097 ], [ -113.602101280579006, 37.128282132191501 ], [ -113.601969592049997, 37.127956039131803 ], [ -113.601803581588996, 37.127592890993498 ], [ -113.601113183173993, 37.126109550249801 ], [ -113.600396161389, 37.124568941384602 ] ] ] } },
{ "type": "Feature", "properties": { "OBJECTID": 69, "CountyID": 27, "VistaID": "27STG:31", "PrecinctID": "27STG", "SubPrecinctID": "31", "VersionNbr": null, "EffectiveDate": 1744156800000, "AliasName": "STG:31", "Comments": "formerly STG31", "RcvdDate": 1744156800000, "GlobalID": "50fc43d0-faa9-49aa-82f1-22bf303391c4", "Shape__Area": 7568332.703125, "Shape__Length": 15767.406703397637 }, "geometry": { "type": "Polygon", "coordinates": [ [ [ -113.612151190904996, 37.049251826699603 ], [ -113.612150378828005, 37.049251826699603 ], [ -113.612064780162001, 37.049254236407101 ], [ -113.612013680394995, 37.049269594437298 ], [ -113.612013258187005, 37.0489541917376 ], [ -113.612150177605997, 37.048950377487401 ], [ -113.61344190378, 37.048749116007698 ], [ -113.613441221060995, 37.047613531916099 ], [ -113.613729701539, 37.047200083866201 ], [ -113.613730228850997, 37.045352737203402 ], [ -113.612147854561996, 37.045352224549497 ], [ -113.611569196687, 37.045352051035898 ], [ -113.611566890711998, 37.044898617782401 ], [ -113.612147579677995, 37.044898308037297 ], [ -113.612801485831, 37.044898216260897 ], [ -113.612796819083002, 37.044756988839801 ], [ -113.612322353205002, 37.0445101053337 ], [ -113.612115964370005, 37.044443359188797 ], [ -113.612086892191996, 37.038127995690097 ], [ -113.612085834875003, 37.0378981425227 ], [ -113.613449544849999, 37.037663973326701 ], [ -113.616738313935997, 37.037666756279002 ], [ -113.617245217081006, 37.039300074252701 ], [ -113.617969023841994, 37.039989213802698 ], [ -113.617969559238006, 37.04019403857 ], [ -113.618769270944995, 37.040320519828597 ], [ -113.619029934192, 37.040084271493498 ], [ -113.619097786641007, 37.039909527389703 ], [ -113.619512113903994, 37.038856270099203 ], [ -113.620756493472996, 37.038529516052101 ], [ -113.621658067845004, 37.038231140626102 ], [ -113.622798338063006, 37.037787783412703 ], [ -113.623577420857998, 37.037609024877099 ], [ -113.624524646713994, 37.037408381561796 ], [ -113.624859411090995, 37.037424786764497 ], [ -113.624731259230003, 37.037646301111103 ], [ -113.627073286650997, 37.037648932044902 ], [ -113.628940603852996, 37.0366828224725 ], [ -113.629028435731001, 37.035844695927203 ], [ -113.630653019159993, 37.035341180071903 ], [ -113.632607266330993, 37.033944519122002 ], [ -113.632670115162995, 37.032426510151303 ], [ -113.631546967733001, 37.032003288172902 ], [ -113.632208088255993, 37.031543081515402 ], [ -113.632764961088, 37.030434647679201 ], [ -113.632490197883001, 37.029079137047503 ], [ -113.632917593837007, 37.027483573953901 ], [ -113.634068638448994, 37.026385736696596 ], [ -113.637360982830003, 37.0263133548114 ], [ -113.637925569494001, 37.025052259041402 ], [ -113.640210563777003, 37.023204250852501 ], [ -113.640329761231996, 37.0232044280027 ], [ -113.640404797507003, 37.0232045872228 ], [ -113.640578302612994, 37.023204953715798 ], [ -113.640578341240001, 37.023204953715798 ], [ -113.640588488610007, 37.023204871954199 ], [ -113.640590813450004, 37.023204859044398 ], [ -113.640594931327001, 37.023204845417503 ], [ -113.640595812574006, 37.023566848572997 ], [ -113.640629726670994, 37.037675826508497 ], [ -113.640629726670994, 37.037675935503302 ], [ -113.640629725772996, 37.037676026571297 ], [ -113.640629937775003, 37.041295759750902 ], [ -113.640629937775003, 37.041295791300598 ], [ -113.640630135405004, 37.044915754143098 ], [ -113.640630232423007, 37.046720536141898 ], [ -113.640630185709995, 37.046732342739801 ], [ -113.640630521679995, 37.0518640897591 ], [ -113.622602234938, 37.051798525858302 ], [ -113.622491884092, 37.051796808076197 ], [ -113.622492432963, 37.052142434234597 ], [ -113.619065584732994, 37.052145133491798 ], [ -113.618040755216001, 37.052145922836303 ], [ -113.618042915664006, 37.051870295564001 ], [ -113.618042874341, 37.051870269754197 ], [ -113.618042882425996, 37.051869104015097 ], [ -113.617826445036997, 37.051735482655097 ], [ -113.617805570884002, 37.051434350875297 ], [ -113.617883873433996, 37.051094483572001 ], [ -113.617883612024997, 37.051094281393702 ], [ -113.617883840196995, 37.051093292010897 ], [ -113.617637030767, 37.050902507209301 ], [ -113.617521398725998, 37.050875778744299 ], [ -113.617325895674995, 37.051014185790997 ], [ -113.617003510082995, 37.051177828276998 ], [ -113.616784067829002, 37.051262123556299 ], [ -113.616665949250006, 37.051297381346899 ], [ -113.616263299186997, 37.051419327377602 ], [ -113.615826416125003, 37.051535618707298 ], [ -113.615618597172002, 37.051607766488701 ], [ -113.615388623968002, 37.051674222425802 ], [ -113.615177573775, 37.051722045084198 ], [ -113.614971289145004, 37.0517544442299 ], [ -113.614786435621994, 37.051771983395703 ], [ -113.614691940040998, 37.051782761119199 ], [ -113.614598014890007, 37.051528430667297 ], [ -113.614556622318005, 37.0514163513553 ], [ -113.614518409783003, 37.0513501117087 ], [ -113.614367795546997, 37.051129499830303 ], [ -113.614413839595002, 37.051053342440902 ], [ -113.616406752052995, 37.050515920388499 ], [ -113.616551028673996, 37.050502354984701 ], [ -113.616600715391002, 37.0505052951953 ], [ -113.616704319888996, 37.050524297226602 ], [ -113.616841093781005, 37.050581257407501 ], [ -113.616919632587994, 37.050637906390101 ], [ -113.616973853101996, 37.050695384839003 ], [ -113.617021240132004, 37.050773109833997 ], [ -113.617349621979002, 37.0504430008477 ], [ -113.617546008971004, 37.050237753487202 ], [ -113.617722404855002, 37.0500023038732 ], [ -113.617886594430999, 37.049779349364798 ], [ -113.617919176327007, 37.049703082360097 ], [ -113.617928680502004, 37.049590844055501 ], [ -113.617928581688005, 37.049590418182198 ], [ -113.617928646365996, 37.0495896524708 ], [ -113.617912018550001, 37.049517702085602 ], [ -113.617847569819006, 37.049409522934603 ], [ -113.617778398644006, 37.0493465200475 ], [ -113.617664981847, 37.049286004246497 ], [ -113.617540885878995, 37.049255450222901 ], [ -113.617417227390007, 37.049250888913903 ], [ -113.616045066064999, 37.0492511692458 ], [ -113.614924495002995, 37.049322078139603 ], [ -113.614206183237997, 37.049251518406102 ], [ -113.612151190904996, 37.049251826699603 ] ] ] } },
{ "type": "Feature", "properties": { "OBJECTID": 70, "CountyID": 27, "VistaID": "27XSH:06", "PrecinctID": "27XSH", "SubPrecinctID": "06", "VersionNbr": null, "EffectiveDate": 1744156800000, "AliasName": "XSH:06", "Comments": "formerly COUN06", "RcvdDate": 1744156800000, "GlobalID": "10cc1b4b-2ab1-4586-9715-758faf9c9eeb", "Shape__Area": 845265.3274474144, "Shape__Length": 5384.1319379164934 }, "geometry": { "type": "Polygon", "coordinates": [ [ [ -113.605056285112994, 37.085404745995803 ], [ -113.606211840165997, 37.086173048152297 ], [ -113.606390731570002, 37.0862364339417 ], [ -113.607316590997002, 37.086998162851799 ], [ -113.607638866097005, 37.087672214791802 ], [ -113.607807323569006, 37.0880802498421 ], [ -113.608045043844001, 37.088656039973699 ], [ -113.608325344264003, 37.089093434668598 ], [ -113.608529229493996, 37.089254328604298 ], [ -113.609229868702997, 37.0893906814131 ], [ -113.609742671983, 37.089306470780897 ], [ -113.610075468150995, 37.089554357916903 ], [ -113.609856588243005, 37.089558944749299 ], [ -113.609480966690001, 37.0895958787358 ], [ -113.609481326913993, 37.089597476709798 ], [ -113.608803801356999, 37.089659047405497 ], [ -113.608582802322999, 37.089965739996302 ], [ -113.608569398559993, 37.089956039696702 ], [ -113.608554874598994, 37.089945781898898 ], [ -113.607963101319996, 37.089526963751801 ], [ -113.607951685529997, 37.089518834141401 ], [ -113.607845694207995, 37.0894437872983 ], [ -113.607701970948995, 37.089342021885997 ], [ -113.607601767472005, 37.089201661135696 ], [ -113.607565484518005, 37.0891506417748 ], [ -113.607092836828997, 37.088487761017703 ], [ -113.607024166914002, 37.088591832846198 ], [ -113.607024427425998, 37.088586134524597 ], [ -113.606714906606001, 37.088156342829201 ], [ -113.606707764101003, 37.088146426603203 ], [ -113.606541387128004, 37.087915397087002 ], [ -113.605895970053993, 37.088146526926401 ], [ -113.605868886745995, 37.088156226024502 ], [ -113.605364647106001, 37.088336794555801 ], [ -113.605398845969006, 37.088384283100901 ], [ -113.605898251775002, 37.089077762237103 ], [ -113.606313196181006, 37.089653944641903 ], [ -113.606318464799998, 37.089661260919897 ], [ -113.606298016449003, 37.089691941985798 ], [ -113.606141547893003, 37.0899266980202 ], [ -113.605969305819002, 37.090185118208801 ], [ -113.605968630286, 37.090186145060301 ], [ -113.605953247534998, 37.090209926735596 ], [ -113.605947901660002, 37.090218064870697 ], [ -113.605735829184994, 37.090545618173799 ], [ -113.605729524807998, 37.090544862907699 ], [ -113.605724168153998, 37.090561960295702 ], [ -113.605723428841003, 37.090564318531101 ], [ -113.60567374931, 37.090722877626803 ], [ -113.605599092123995, 37.090714427838101 ], [ -113.605380148435003, 37.090689650288901 ], [ -113.605239699535005, 37.090673755334301 ], [ -113.605237979261005, 37.090673565443197 ], [ -113.605234525238998, 37.090673274515801 ], [ -113.604850841306003, 37.090629761504701 ], [ -113.604832303671998, 37.090627661236702 ], [ -113.604323863508995, 37.090570135654801 ], [ -113.604164841941, 37.090552143271204 ], [ -113.604087283195994, 37.090542771236201 ], [ -113.603980152364997, 37.090527893728598 ], [ -113.603873536311994, 37.090510824638898 ], [ -113.603767505484996, 37.090491575244002 ], [ -113.603662129944993, 37.090470158261503 ], [ -113.603557479318994, 37.090446587840901 ], [ -113.603453622754998, 37.0904208795546 ], [ -113.603350628878005, 37.090393050387199 ], [ -113.603248565740998, 37.090363118724902 ], [ -113.603242859643004, 37.090373301226002 ], [ -113.603135915208, 37.090338864875903 ], [ -113.603123856224002, 37.090334804772098 ], [ -113.603111794544006, 37.090330709556 ], [ -113.603099733763003, 37.090326579944097 ], [ -113.603087675677003, 37.090322413786801 ], [ -113.602980563366003, 37.0902838695242 ], [ -113.60287483271, 37.090242969853001 ], [ -113.602770565089997, 37.090199746249603 ], [ -113.602667840758997, 37.090154231979 ], [ -113.602566738785001, 37.090106462069301 ], [ -113.602467336985001, 37.090056473284498 ], [ -113.602369711866999, 37.090004304096198 ], [ -113.602273938574001, 37.089949994654397 ], [ -113.601797376026994, 37.089671762393301 ], [ -113.600998267090006, 37.089206924444703 ], [ -113.600903204795003, 37.089149529491301 ], [ -113.600810519986993, 37.089089711276898 ], [ -113.600720309698005, 37.0890275324196 ], [ -113.600632668369002, 37.088963058009099 ], [ -113.600547687751998, 37.088896355538097 ], [ -113.600465456812998, 37.088827494831897 ], [ -113.600386061641004, 37.088756547975201 ], [ -113.600309585355006, 37.088683589236801 ], [ -113.600289676892004, 37.088663796333798 ], [ -113.600269988516004, 37.088643864407302 ], [ -113.600176383388003, 37.088543937626099 ], [ -113.600088163105994, 37.088440940425002 ], [ -113.600005485720004, 37.088335057316698 ], [ -113.599928499350995, 37.088226477984598 ], [ -113.599890282076998, 37.088168308988401 ], [ -113.599853700189996, 37.088109474662701 ], [ -113.599818771878006, 37.088050004259003 ], [ -113.599785514507005, 37.087989927344999 ], [ -113.599741300326997, 37.087909260157701 ], [ -113.599209110505001, 37.086803633785401 ], [ -113.599179351290005, 37.086743818075199 ], [ -113.599147916472006, 37.086684550258603 ], [ -113.599114821891007, 37.086625860202403 ], [ -113.599080084223999, 37.086567777482102 ], [ -113.599043720973995, 37.0865103313674 ], [ -113.599005750466006, 37.0864535508071 ], [ -113.598966191833, 37.086397464414901 ], [ -113.598925065008999, 37.086342100454502 ], [ -113.598918904361994, 37.086333822880597 ], [ -113.598915885124995, 37.086329765428701 ], [ -113.598872182085998, 37.086271041276198 ], [ -113.598869498818004, 37.086267433853102 ], [ -113.59843518404, 37.085694476278299 ], [ -113.597966328140004, 37.085075940032901 ], [ -113.597928904056999, 37.085022566087297 ], [ -113.597893620969998, 37.084968272012397 ], [ -113.597860514385005, 37.084913112442997 ], [ -113.597829617616995, 37.084857142885198 ], [ -113.597800961759006, 37.084800419660297 ], [ -113.597774575646994, 37.084742999847897 ], [ -113.597750485833004, 37.084684941229 ], [ -113.597728716560994, 37.0846263022272 ], [ -113.597714143191993, 37.084581096653103 ], [ -113.597150720743997, 37.082731104865601 ], [ -113.597124263612002, 37.082651188226798 ], [ -113.597093833838002, 37.0825721764907 ], [ -113.597059479804997, 37.082494195288398 ], [ -113.597021256136998, 37.082417368612496 ], [ -113.596979223608997, 37.082341818620698 ], [ -113.596933449052003, 37.082267665440703 ], [ -113.596884005247006, 37.082195026979797 ], [ -113.596830970808995, 37.082124018736899 ], [ -113.596789695461993, 37.082068272114199 ], [ -113.596751781193007, 37.082011026263103 ], [ -113.596717313357999, 37.081952410057397 ], [ -113.596686369554007, 37.081892555456399 ], [ -113.596659019444999, 37.081831597207398 ], [ -113.596635324603994, 37.081769672542997 ], [ -113.596615338375003, 37.081706920871298 ], [ -113.596599105752006, 37.081643483462898 ], [ -113.596588709193995, 37.0815916010596 ], [ -113.596580819954994, 37.081539438164498 ], [ -113.596575449694996, 37.081487071867301 ], [ -113.596572606349994, 37.081434579558596 ], [ -113.596566184294005, 37.081220745178797 ], [ -113.596564395748004, 37.081161172842798 ], [ -113.596566981997995, 37.081161121243298 ], [ -113.596569260124994, 37.0811610746604 ], [ -113.596569313125997, 37.081161075377103 ], [ -113.596789199148006, 37.081156656451597 ], [ -113.596789323115999, 37.081156654301701 ], [ -113.596792119571006, 37.081156597685499 ], [ -113.596793145446995, 37.081156577618998 ], [ -113.596792580406998, 37.081142849995402 ], [ -113.596792504050001, 37.0811413980419 ], [ -113.596792435777999, 37.081140133853403 ], [ -113.596792366608, 37.0811388596317 ], [ -113.596791146696006, 37.0811211774732 ], [ -113.596790945473003, 37.081118787410901 ], [ -113.596790713708003, 37.081116029701803 ], [ -113.596790708317997, 37.081115960902302 ], [ -113.596790543028007, 37.081114048135802 ], [ -113.596788780533004, 37.081096632569199 ], [ -113.596788603565003, 37.081095118981999 ], [ -113.596788261306997, 37.081092197873403 ], [ -113.596788000795001, 37.081090002025299 ], [ -113.596785646311005, 37.081072533420297 ], [ -113.596785136067993, 37.081069129281403 ], [ -113.596785037252999, 37.081068469236797 ], [ -113.596784944727005, 37.081067864375001 ], [ -113.596784332075998, 37.081063942090204 ], [ -113.596781418839001, 37.081046879825998 ], [ -113.596781075682998, 37.081045025107201 ], [ -113.596780844815996, 37.081043780266903 ], [ -113.596776967687006, 37.081024486315101 ], [ -113.596775081225005, 37.081015939412502 ], [ -113.596772379990995, 37.081004454913703 ], [ -113.596799908863005, 37.081004186882403 ], [ -113.597361083726, 37.080998730938497 ], [ -113.597802861708004, 37.080994393703001 ], [ -113.598468189041995, 37.080987863482903 ], [ -113.598507777796002, 37.0809874743356 ], [ -113.598589018736007, 37.080986683141198 ], [ -113.598912105013994, 37.081089275331401 ], [ -113.599231709422, 37.081190763010198 ], [ -113.599399816550999, 37.081247194922597 ], [ -113.599516810438999, 37.080987465019 ], [ -113.600184820142005, 37.080970992550199 ], [ -113.600688563014003, 37.080966018200797 ], [ -113.600703522659003, 37.080965870568498 ], [ -113.600653414632006, 37.081025969803903 ], [ -113.599965478499001, 37.081851061699297 ], [ -113.599931474570994, 37.081892682053102 ], [ -113.599889904132993, 37.081943428955 ], [ -113.599874098274995, 37.081960659430699 ], [ -113.599894405591002, 37.081996350145403 ], [ -113.600492526365002, 37.083047568957099 ], [ -113.600672263982005, 37.083085464266702 ], [ -113.601201262090001, 37.083196993710096 ], [ -113.601564959404996, 37.083285275195301 ], [ -113.601976104835998, 37.083385072966202 ], [ -113.602193133317002, 37.083503295366299 ], [ -113.602944221913006, 37.0837738844249 ], [ -113.603468181370005, 37.083909968322601 ], [ -113.603794333598998, 37.083994674411201 ], [ -113.603824795470004, 37.084100180657003 ], [ -113.603865476576004, 37.084161362387803 ], [ -113.603946571988004, 37.084283331554602 ], [ -113.603980894819003, 37.084334951144598 ], [ -113.604297727025994, 37.0848114569716 ], [ -113.604333055070995, 37.084854804199701 ], [ -113.604930570381001, 37.084723894606803 ], [ -113.604930600924007, 37.0847238867239 ], [ -113.604933199749993, 37.084723317722599 ], [ -113.604944602065999, 37.085302765190498 ], [ -113.604946752632003, 37.085400429794397 ], [ -113.604950170722006, 37.0855052188979 ], [ -113.604950971120999, 37.085529807521397 ], [ -113.605056285112994, 37.085404745995803 ] ] ] } },
{ "type": "Feature", "properties": { "OBJECTID": 72, "CountyID": 27, "VistaID": "27STG:06", "PrecinctID": "27STG", "SubPrecinctID": "06", "VersionNbr": null, "EffectiveDate": 1744156800000, "AliasName": "STG:06", "Comments": "formerly STG06", "RcvdDate": 1744156800000, "GlobalID": "63f53394-a21c-4bc4-8700-ed0095eca47b", "Shape__Area": 3679430.4333381653, "Shape__Length": 10139.132998487952 }, "geometry": { "type": "Polygon", "coordinates": [ [ [ -113.548396961978995, 37.1131501922655 ], [ -113.548358557203997, 37.1131005314855 ], [ -113.548334556914995, 37.112985530879897 ], [ -113.548316557370995, 37.112870532248699 ], [ -113.548257557819994, 37.112756530617702 ], [ -113.548199557195005, 37.112658531629599 ], [ -113.548142557294, 37.112593531770202 ], [ -113.548092557065004, 37.112523530922601 ], [ -113.548074558419998, 37.112413531097197 ], [ -113.548064557475996, 37.112309530672498 ], [ -113.548075557347005, 37.112221530862797 ], [ -113.548099557635993, 37.112116530842201 ], [ -113.548109557681997, 37.112023531275398 ], [ -113.548100557460998, 37.111951531231902 ], [ -113.547979557985997, 37.111828530611199 ], [ -113.547825558, 37.1117275302609 ], [ -113.547585557800005, 37.111540530717697 ], [ -113.547528557899, 37.111469530272203 ], [ -113.547471557997994, 37.111383531035798 ], [ -113.547431557815003, 37.111181530446103 ], [ -113.547648557550005, 37.111047531467001 ], [ -113.547216557729001, 37.110487531499501 ], [ -113.546951556517001, 37.1101175311424 ], [ -113.546886557118, 37.110028530858401 ], [ -113.546670557208003, 37.109839531260803 ], [ -113.546542556263006, 37.109700530220898 ], [ -113.546465556269993, 37.109592531473602 ], [ -113.546312557007994, 37.109196530211896 ], [ -113.546005556861004, 37.108461530604302 ], [ -113.545849557226006, 37.108241530455501 ], [ -113.545669556402004, 37.108067530797101 ], [ -113.545284556438006, 37.1078065302016 ], [ -113.545044555339999, 37.107538530809002 ], [ -113.544772556251999, 37.107163530518797 ], [ -113.544591555603006, 37.106910530613298 ], [ -113.544443556364001, 37.106796530756299 ], [ -113.544015556741996, 37.106588530813902 ], [ -113.543930555453997, 37.106511530721399 ], [ -113.543868555529997, 37.106430530772101 ], [ -113.543845556861996, 37.106376531235398 ], [ -113.543717555916999, 37.106044530743901 ], [ -113.543552556061002, 37.106114531132597 ], [ -113.543533248570995, 37.1061188225123 ], [ -113.543462554751002, 37.106134530822402 ], [ -113.543462272680003, 37.106134316611701 ], [ -113.543157556051, 37.105903530358098 ], [ -113.542984555798, 37.105768531221401 ], [ -113.542820555766994, 37.105649531124797 ], [ -113.542595556533996, 37.105409530096203 ], [ -113.542505555223997, 37.105154530498503 ], [ -113.542457555544004, 37.104886531035703 ], [ -113.542486554958003, 37.104830530824998 ], [ -113.542438555277002, 37.104782529588 ], [ -113.542269554323994, 37.104639530140297 ], [ -113.541968555821995, 37.104465530804099 ], [ -113.541730555271997, 37.1043175307165 ], [ -113.541666554800003, 37.1041485306936 ], [ -113.541598555926001, 37.103915531023098 ], [ -113.541571555263999, 37.1035405299899 ], [ -113.541590291426004, 37.103427523791296 ], [ -113.541604582724005, 37.103341331295098 ], [ -113.541617026186998, 37.103266278797499 ], [ -113.541635554837995, 37.103154530279298 ], [ -113.541804554891996, 37.1028905301539 ], [ -113.541820196358003, 37.102575482246898 ], [ -113.542770526791998, 37.102571722994398 ], [ -113.544335114437999, 37.102565004055599 ], [ -113.544506356686995, 37.102565782844998 ], [ -113.544922936925005, 37.102479645252103 ], [ -113.544921350500005, 37.102449573338397 ], [ -113.544936647013003, 37.102449180719098 ], [ -113.545228100016999, 37.102438314189698 ], [ -113.545311292278001, 37.102438316078 ], [ -113.545394276425, 37.102443006342803 ], [ -113.545476637606995, 37.102452361535804 ], [ -113.545557964083997, 37.102466334887097 ], [ -113.545563436620995, 37.102468434110499 ], [ -113.545572921932006, 37.102472072286602 ], [ -113.545640993706002, 37.102491254537803 ], [ -113.545707146251004, 37.1025143158029 ], [ -113.545771032597003, 37.102541135121598 ], [ -113.545832317657002, 37.102571571821898 ], [ -113.546253932951998, 37.102822421093101 ], [ -113.546262877478, 37.102827742921697 ], [ -113.546322453379005, 37.1028662419928 ], [ -113.546380364241003, 37.102906324523403 ], [ -113.546436543929005, 37.102947944736897 ], [ -113.546490928287, 37.102991055101 ], [ -113.546552983347993, 37.103044016024 ], [ -113.546612334471007, 37.103098912901899 ], [ -113.546668886785994, 37.103155657981503 ], [ -113.546722549899997, 37.103214160555702 ], [ -113.546769835084007, 37.103270113983299 ], [ -113.546814480790999, 37.103327430009998 ], [ -113.546819950632994, 37.103332384980497 ], [ -113.546857538994004, 37.103316013739402 ], [ -113.546896247245002, 37.103301396348698 ], [ -113.546958881890006, 37.103282123951999 ], [ -113.547023444581001, 37.103267446402597 ], [ -113.547089406601003, 37.103257483900698 ], [ -113.547156227773002, 37.1032523180331 ], [ -113.547678549601997, 37.103250466723502 ], [ -113.548086072127006, 37.1032490202088 ], [ -113.548163191593005, 37.103245921297102 ], [ -113.548239920548994, 37.103239006180999 ], [ -113.548315962402995, 37.103228301589603 ], [ -113.548391023216993, 37.103213848899401 ], [ -113.548619047974995, 37.103160726155998 ], [ -113.548719484116006, 37.103193062491002 ], [ -113.549214336361004, 37.1030807772418 ], [ -113.549137514234999, 37.102843798678599 ], [ -113.550177027613003, 37.102844209923703 ], [ -113.551609937509994, 37.1028509754073 ], [ -113.551712893423996, 37.102849483748301 ], [ -113.551715300908995, 37.102515729669904 ], [ -113.551713648502997, 37.102443827199203 ], [ -113.551706241399998, 37.102372155641199 ], [ -113.551693907342994, 37.102304570541897 ], [ -113.551676452205001, 37.1022377071397 ], [ -113.551653940359998, 37.102171812032701 ], [ -113.551626454832999, 37.102107128248598 ], [ -113.551593450132003, 37.102042744852596 ], [ -113.551555511282004, 37.101980114492001 ], [ -113.551462822212002, 37.101836118883597 ], [ -113.551205816006004, 37.101436848661898 ], [ -113.551170387837004, 37.101373533020997 ], [ -113.551139230375, 37.101308804600102 ], [ -113.551112431752003, 37.101242846486201 ], [ -113.551090067770005, 37.101175845244903 ], [ -113.551072201688996, 37.101107990392997 ], [ -113.551058884043002, 37.1010394738624 ], [ -113.551050152504004, 37.100970489456799 ], [ -113.551046031767996, 37.100901232304103 ], [ -113.551050584430001, 37.1003215866997 ], [ -113.551053675532998, 37.099927950795603 ], [ -113.551054297166999, 37.099848962856001 ], [ -113.550864328637005, 37.099846806957899 ], [ -113.550784637408995, 37.099849786143302 ], [ -113.550704861160995, 37.099849285281998 ], [ -113.550625238609001, 37.099845305872698 ], [ -113.550546008008993, 37.099837859822401 ], [ -113.550467406441996, 37.099826969410998 ], [ -113.550389669108995, 37.099812667224597 ], [ -113.550313028624004, 37.099794996057703 ], [ -113.550237714318996, 37.099774008785602 ], [ -113.550163951556996, 37.099749768205903 ], [ -113.550091961060005, 37.099722346850903 ], [ -113.550021958244997, 37.099691826770297 ], [ -113.549954152582004, 37.099658299285899 ], [ -113.549888746967, 37.099621864718301 ], [ -113.549825937112999, 37.099582632086999 ], [ -113.549765910966997, 37.0995407187837 ], [ -113.549708848145002, 37.099496250221797 ], [ -113.549641615309994, 37.099434312280003 ], [ -113.549579709083005, 37.099368937164201 ], [ -113.549523404905003, 37.0993004157393 ], [ -113.549472953288998, 37.099229052869497 ], [ -113.549428578708998, 37.099155166062097 ], [ -113.549390478602007, 37.099079084054701 ], [ -113.549358822485999, 37.099001145352801 ], [ -113.549333751207996, 37.098921696723899 ], [ -113.549320530220001, 37.098867118804201 ], [ -113.549310410727998, 37.098812120572703 ], [ -113.549303413350003, 37.0987568140918 ], [ -113.549299552346, 37.098701312052398 ], [ -113.549299254283994, 37.098628407805997 ], [ -113.549304364620994, 37.098555617132803 ], [ -113.549311879925995, 37.097551242138998 ], [ -113.549316340062006, 37.096955180008102 ], [ -113.549316884440998, 37.096882439097598 ], [ -113.549317303953998, 37.096843934486202 ], [ -113.549321053894005, 37.096784265571401 ], [ -113.549328566132999, 37.096724822923697 ], [ -113.549342650227004, 37.096653416321502 ], [ -113.549362170947006, 37.096582828211503 ], [ -113.549387055536002, 37.096513321678799 ], [ -113.549417211250997, 37.096445155778397 ], [ -113.549452525700005, 37.096378584569301 ], [ -113.549492867267006, 37.096313856167498 ], [ -113.549538085598002, 37.096251211821603 ], [ -113.549588012162999, 37.0961908850132 ], [ -113.549633732087997, 37.096141910120203 ], [ -113.549682566135004, 37.096094886606402 ], [ -113.549720734722001, 37.096061332723998 ], [ -113.549760491393002, 37.096028973300101 ], [ -113.549808732030002, 37.095992841071002 ], [ -113.549858957113003, 37.095958472128302 ], [ -113.549911065428006, 37.095925935735998 ], [ -113.549964951964, 37.095895297464999 ], [ -113.550020508125996, 37.095866619061198 ], [ -113.550077621956007, 37.095839958320397 ], [ -113.550136178355999, 37.095815368972602 ], [ -113.550196059320996, 37.095792900573201 ], [ -113.550287120643006, 37.095756675380997 ], [ -113.550391120399993, 37.0957153033916 ], [ -113.550421397804996, 37.095756899720101 ], [ -113.550453961781997, 37.095797382243099 ], [ -113.550488748047997, 37.095836671048701 ], [ -113.550525687933998, 37.095874688581297 ], [ -113.550564708519005, 37.095911359795203 ], [ -113.550605732777001, 37.0959466123022 ], [ -113.550648679722997, 37.095980376514802 ], [ -113.550693464578998, 37.096012585783399 ], [ -113.550766928345993, 37.096059640179398 ], [ -113.550844319562998, 37.096102502484001 ], [ -113.550887048587001, 37.096123572027501 ], [ -113.550930731975001, 37.096143357332998 ], [ -113.550975309085999, 37.096161830935799 ], [ -113.551020718038998, 37.096178967192301 ], [ -113.551066895798002, 37.096194742314999 ], [ -113.551113778258994, 37.096209134406102 ], [ -113.551161300342002, 37.096222123487401 ], [ -113.551209396076004, 37.096233691528397 ], [ -113.551257998696997, 37.096243822471202 ], [ -113.551307040734002, 37.096252502252902 ], [ -113.551356454108003, 37.096259718824598 ], [ -113.551406170223999, 37.0962654621691 ], [ -113.551456120067996, 37.096269724313601 ], [ -113.551506234300007, 37.096272499342 ], [ -113.551556443351004, 37.096273783401998 ], [ -113.551606677524006, 37.096273574711297 ], [ -113.551663134842002, 37.096272815919598 ], [ -113.551662906670003, 37.096272763613896 ], [ -113.555879112624993, 37.096214882625397 ], [ -113.557136922907006, 37.0962299517061 ], [ -113.560480332918004, 37.096210667352103 ], [ -113.562652417053997, 37.096219004034701 ], [ -113.563267387528001, 37.096225735000601 ], [ -113.564284213055998, 37.0962368582179 ], [ -113.564630154271995, 37.0962404286241 ], [ -113.565431405691001, 37.0962486958013 ], [ -113.565432066851002, 37.096250866848699 ], [ -113.565396250123001, 37.096279962460699 ], [ -113.565286565826995, 37.096370009249902 ], [ -113.565107695066999, 37.096519980765002 ], [ -113.564931302792999, 37.096671808122601 ], [ -113.564797235382002, 37.096789920917097 ], [ -113.564664667545003, 37.096909105494603 ], [ -113.564477755981997, 37.097081348826599 ], [ -113.564243809795002, 37.097304222040499 ], [ -113.564015037870007, 37.097530485916202 ], [ -113.563791517466001, 37.097760064011602 ], [ -113.563573324068997, 37.097992878765702 ], [ -113.563507093080005, 37.098065345623603 ], [ -113.563390757362995, 37.098194763124198 ], [ -113.563276059844995, 37.098325107316398 ], [ -113.563163012133998, 37.098456365003798 ], [ -113.563051625672003, 37.0985885228977 ], [ -113.562866449702, 37.098814800042902 ], [ -113.562686140313005, 37.099043563130699 ], [ -113.562510749980007, 37.099274745561203 ], [ -113.562340329747997, 37.099508280030797 ], [ -113.562181268605002, 37.099734879306801 ], [ -113.562026884188995, 37.0999635262936 ], [ -113.561863249975005, 37.100216163803999 ], [ -113.561705323249996, 37.100471100630003 ], [ -113.561610751985, 37.100629506561603 ], [ -113.561518383535002, 37.100788736858497 ], [ -113.561428229203003, 37.100948772029902 ], [ -113.561340300021001, 37.1011095924868 ], [ -113.561206790808001, 37.1013635676494 ], [ -113.561078827995999, 37.101619351663103 ], [ -113.560956450128998, 37.101876867467404 ], [ -113.560839694066004, 37.102136037481003 ], [ -113.560443022290997, 37.103149401199303 ], [ -113.560312067685999, 37.103483939863096 ], [ -113.559990133046995, 37.104306348504501 ], [ -113.559882935288002, 37.104580188994298 ], [ -113.559876125160002, 37.1045975869852 ], [ -113.559834078614003, 37.104704992480698 ], [ -113.559727331809, 37.104977677352899 ], [ -113.559727088366003, 37.1049782999347 ], [ -113.559224413590997, 37.106262362931901 ], [ -113.559214699208994, 37.106287712825001 ], [ -113.559169427712007, 37.106405855079203 ], [ -113.559132206916999, 37.1065029831109 ], [ -113.559128704385003, 37.106511792214803 ], [ -113.559036543524996, 37.106743584615202 ], [ -113.558976061753995, 37.106895698641601 ], [ -113.558973812372997, 37.1069013540342 ], [ -113.558938283104993, 37.106995903767 ], [ -113.558881328119, 37.107147474961103 ], [ -113.558722564367002, 37.107540356939403 ], [ -113.558624242861001, 37.107800315361999 ], [ -113.558547250952998, 37.107993612755003 ], [ -113.558401653809, 37.108359146688002 ], [ -113.558236003572006, 37.1087823690387 ], [ -113.558227916039002, 37.1088025564368 ], [ -113.558213986762993, 37.108837326117197 ], [ -113.558124063606002, 37.109061795563697 ], [ -113.558035719687993, 37.109297364152603 ], [ -113.557989244447995, 37.109421291598302 ], [ -113.557895458535995, 37.109673009374497 ], [ -113.557890582479999, 37.109686097108501 ], [ -113.557846629709999, 37.1098040657102 ], [ -113.557844979505006, 37.1098084937111 ], [ -113.557829812349993, 37.109849202508499 ], [ -113.557796583666999, 37.109938387831299 ], [ -113.557565118360998, 37.110455933287703 ], [ -113.557532815841995, 37.110528161129899 ], [ -113.557503858649, 37.110605589116901 ], [ -113.557494218827998, 37.110626788992199 ], [ -113.557461340488004, 37.1106990933243 ], [ -113.557399341462002, 37.110835437629497 ], [ -113.557353972946999, 37.110924143250003 ], [ -113.557130305018006, 37.111342891118802 ], [ -113.556895884254999, 37.111737105273797 ], [ -113.556631828069996, 37.112137334143497 ], [ -113.556467002486997, 37.112363131261901 ], [ -113.556329147922, 37.112551976990602 ], [ -113.556293323107994, 37.112595501051302 ], [ -113.556136417071997, 37.112786125641001 ], [ -113.555713552219999, 37.1132743082552 ], [ -113.555629735810996, 37.113352701947001 ], [ -113.55538117287, 37.113607060743902 ], [ -113.555182731431003, 37.113797353265497 ], [ -113.554918498277999, 37.114035505321802 ], [ -113.554811271773005, 37.114128045387403 ], [ -113.554628422391005, 37.1142850988359 ], [ -113.554574771408994, 37.1143299958527 ], [ -113.554557479737994, 37.1143434108684 ], [ -113.554546837396998, 37.114351667473798 ], [ -113.554114630065996, 37.114686969707101 ], [ -113.552771388205002, 37.115551195244898 ], [ -113.552209062599999, 37.115841281602698 ], [ -113.551627637015997, 37.116115217204403 ], [ -113.551246019207994, 37.1162835644541 ], [ -113.551154193420004, 37.116324071347897 ], [ -113.550820713633996, 37.116464174116999 ], [ -113.550092217667, 37.116770227404203 ], [ -113.550068428482007, 37.116780222261099 ], [ -113.549482296624006, 37.117026460793397 ], [ -113.548772736245994, 37.117323784190098 ], [ -113.548619217756993, 37.117388111664802 ], [ -113.548649557456997, 37.117046532098797 ], [ -113.548667557898995, 37.116929531785601 ], [ -113.548765557807997, 37.116332531890698 ], [ -113.548835558128005, 37.115466532311899 ], [ -113.548960556902998, 37.115055532251198 ], [ -113.549028557574005, 37.114865531577102 ], [ -113.549069557582001, 37.114672531098002 ], [ -113.549091558220994, 37.114507532042801 ], [ -113.549091558220994, 37.114298531051901 ], [ -113.549056558060997, 37.114068531155802 ], [ -113.548980557893003, 37.113850530871098 ], [ -113.548873557763002, 37.113715530856602 ], [ -113.548856558045003, 37.113695531735999 ], [ -113.548730557648, 37.113548531089201 ], [ -113.548567557441004, 37.1133925313041 ], [ -113.548459557485998, 37.113257531905802 ], [ -113.548416557829, 37.1131755312569 ], [ -113.548396961978995, 37.1131501922655 ] ] ] } },
{ "type": "Feature", "properties": { "OBJECTID": 73, "CountyID": 27, "VistaID": "27WAS:05", "PrecinctID": "27WAS", "SubPrecinctID": "05", "VersionNbr": null, "EffectiveDate": 1744156800000, "AliasName": "WAS:05", "Comments": "formerly WAS05", "RcvdDate": 1744156800000, "GlobalID": "ef82ef7c-144a-43c4-a704-021ddd948399", "Shape__Area": 2808565.80078125, "Shape__Length": 8823.3634078692849 }, "geometry": { "type": "Polygon", "coordinates": [ [ [ -113.499973979071001, 37.130251160806502 ], [ -113.500401704707002, 37.130247846252999 ], [ -113.500811836837997, 37.130249702632199 ], [ -113.501670818489004, 37.130255243121603 ], [ -113.502045776187003, 37.130255475168902 ], [ -113.502290087402002, 37.130255627002398 ], [ -113.502728814704994, 37.130255897008098 ], [ -113.503436720387, 37.1302597408298 ], [ -113.504500743400001, 37.130260945470702 ], [ -113.504941962629999, 37.130268235624698 ], [ -113.504942015629993, 37.1302425507021 ], [ -113.504967124440995, 37.130242831450801 ], [ -113.509956220204998, 37.130306839983298 ], [ -113.510904453072996, 37.1302905093007 ], [ -113.511542642302004, 37.130295730363997 ], [ -113.512303131766998, 37.1302970717976 ], [ -113.513184367381996, 37.130298984755001 ], [ -113.513805546113005, 37.130258982378699 ], [ -113.514012529633007, 37.130236927849303 ], [ -113.514089720068995, 37.130235596441402 ], [ -113.514151272632006, 37.1302221434186 ], [ -113.514511956099994, 37.1301837109039 ], [ -113.514838912320997, 37.130151032293298 ], [ -113.515760491275998, 37.129941356858701 ], [ -113.516257068287004, 37.129820127262498 ], [ -113.516758589624999, 37.129660505515197 ], [ -113.51815033602, 37.1291561513506 ], [ -113.520367681772001, 37.1283611391788 ], [ -113.520619550513004, 37.128263943211699 ], [ -113.520728333798999, 37.128221963006801 ], [ -113.520957441925006, 37.128139065390997 ], [ -113.521336540857007, 37.128001894218002 ], [ -113.522049354035005, 37.127745314084201 ], [ -113.523747487026995, 37.127134039886798 ], [ -113.523826970862004, 37.1271054274035 ], [ -113.523830918957003, 37.127104006412303 ], [ -113.523841913438005, 37.127100048550503 ], [ -113.524432719231001, 37.126900542254198 ], [ -113.525399375646998, 37.126656210928402 ], [ -113.526468440903002, 37.126413367143797 ], [ -113.527404284206995, 37.126203661299201 ], [ -113.527406307212999, 37.126203172111403 ], [ -113.527406556046003, 37.126214533729602 ], [ -113.527426555239003, 37.126917534029801 ], [ -113.527437554212, 37.127119534177801 ], [ -113.527447554256995, 37.127289534352599 ], [ -113.527454554827997, 37.127417534156301 ], [ -113.527475016653995, 37.127711797159897 ], [ -113.527427079855002, 37.127743299359203 ], [ -113.525391363572993, 37.128940387540098 ], [ -113.522994954839007, 37.130533192392598 ], [ -113.518929201421997, 37.1331119344404 ], [ -113.515353304719994, 37.135280825569097 ], [ -113.513822103861003, 37.136210096413102 ], [ -113.511099045231006, 37.137862586840903 ], [ -113.509815324843004, 37.1385801199444 ], [ -113.509802623563004, 37.138587218093797 ], [ -113.506755107825995, 37.140078895314197 ], [ -113.504916175591006, 37.140978937137398 ], [ -113.504879526124, 37.140994040992503 ], [ -113.503521638131005, 37.1415547161318 ], [ -113.500250152630997, 37.142559964000398 ], [ -113.500206098351001, 37.136552678028401 ], [ -113.500223202274, 37.1365525426787 ], [ -113.500222251856002, 37.134380443098898 ], [ -113.500221560152994, 37.1329195534164 ], [ -113.500220651058001, 37.132180055901202 ], [ -113.500220636685, 37.132167094521897 ], [ -113.500220620516004, 37.132154132424098 ], [ -113.499898186414001, 37.1321538366428 ], [ -113.499927213676003, 37.1314518797628 ], [ -113.499971477263003, 37.130381375087801 ], [ -113.499973979071001, 37.130251160806502 ] ] ] } },
{ "type": "Feature", "properties": { "OBJECTID": 76, "CountyID": 27, "VistaID": "27STG:27", "PrecinctID": "27STG", "SubPrecinctID": "27", "VersionNbr": null, "EffectiveDate": 1744156800000, "AliasName": "STG:27", "Comments": "formerly STG27", "RcvdDate": 1744156800000, "GlobalID": "f153d63d-a038-44b0-9f98-3b6684ec9f34", "Shape__Area": 3041758.7019767761, "Shape__Length": 12456.697177410253 }, "geometry": { "type": "Polygon", "coordinates": [ [ [ -113.616165319041002, 37.024628790137001 ], [ -113.615921774987001, 37.024260237573998 ], [ -113.615490957350005, 37.023608279288503 ], [ -113.615546155231002, 37.023578601395002 ], [ -113.615157896178999, 37.023030733062498 ], [ -113.61476205804, 37.022472011477703 ], [ -113.614484241461994, 37.022081467871999 ], [ -113.614555261126, 37.022052479626403 ], [ -113.614627090306996, 37.022024791988201 ], [ -113.614699691645001, 37.021998419359797 ], [ -113.614773027379997, 37.021973375459503 ], [ -113.614847059366994, 37.021949673314502 ], [ -113.614921749100006, 37.021927325253998 ], [ -113.614997057733007, 37.021906342903002 ], [ -113.615072946096006, 37.021886737175898 ], [ -113.615497428813001, 37.0217868341133 ], [ -113.616332339208, 37.021544034381598 ], [ -113.616637162737007, 37.021545427228901 ], [ -113.616756264504005, 37.021533450605297 ], [ -113.616875844172995, 37.021525040672799 ], [ -113.616995734249002, 37.021520209212603 ], [ -113.617115766796999, 37.021518962992999 ], [ -113.617235773687995, 37.021521303759698 ], [ -113.617355586822995, 37.021527228233701 ], [ -113.617475038381002, 37.0215367281155 ], [ -113.617593961040996, 37.021549790097197 ], [ -113.617679161753998, 37.021116949744297 ], [ -113.617683772806998, 37.021077782674901 ], [ -113.617724901272993, 37.020728487032002 ], [ -113.617602832803001, 37.020434895187499 ], [ -113.617263643325003, 37.0196190892011 ], [ -113.617352570248997, 37.019112364404698 ], [ -113.617395160274995, 37.018869668733998 ], [ -113.617420150507996, 37.018792060983003 ], [ -113.617505138320993, 37.018528127906201 ], [ -113.617501382463999, 37.018277945107201 ], [ -113.617501313293999, 37.018273444338298 ], [ -113.617500746456997, 37.018235620654998 ], [ -113.617499641528994, 37.018162056857904 ], [ -113.617499075590999, 37.018124360073301 ], [ -113.617489391752002, 37.017479386186402 ], [ -113.617488775507994, 37.0174383294084 ], [ -113.617447894077998, 37.014715365767998 ], [ -113.617429637615999, 37.013499219993797 ], [ -113.617409155128996, 37.012134841751298 ], [ -113.617385050634994, 37.010529136291701 ], [ -113.617366737579999, 37.009309159652403 ], [ -113.617362782298002, 37.009045660628402 ], [ -113.617357395100996, 37.008686821361103 ], [ -113.617351388965005, 37.008307879591499 ], [ -113.619067229547994, 37.005630820662603 ], [ -113.620295210372007, 37.003856445837798 ], [ -113.621238628270007, 37.002367772205801 ], [ -113.621722786071999, 37.001570814527199 ], [ -113.621942866129999, 37.001187080821303 ], [ -113.622237428202993, 37.000539660272601 ], [ -113.622353215653007, 37.000231566618197 ], [ -113.622430152763997, 37.000084392620003 ], [ -113.622438657114998, 37.000084394054802 ], [ -113.622440559747005, 37.005046220827303 ], [ -113.622442064425002, 37.008666495401599 ], [ -113.622451624296005, 37.018599079120897 ], [ -113.622452852292994, 37.018667451037302 ], [ -113.622476922651003, 37.019547099655099 ], [ -113.622505575315003, 37.019546916758401 ], [ -113.622874459504004, 37.0195399709865 ], [ -113.623784465463004, 37.019542532257901 ], [ -113.624292310041994, 37.022251388837802 ], [ -113.624460037183994, 37.022370146883603 ], [ -113.625585564250997, 37.023169330012202 ], [ -113.625585610065002, 37.023169358700599 ], [ -113.625639675171001, 37.023169512900203 ], [ -113.627006239093006, 37.023172772609598 ], [ -113.627046142257996, 37.023172879473599 ], [ -113.631624303696, 37.023183912997197 ], [ -113.640210563777003, 37.023204250852501 ], [ -113.637925569494001, 37.025052259041402 ], [ -113.637360982830003, 37.0263133548114 ], [ -113.634068638448994, 37.026385736696596 ], [ -113.632917593837007, 37.027483573953901 ], [ -113.632490197883001, 37.029079137047503 ], [ -113.631602441397007, 37.029221390470603 ], [ -113.631539616818998, 37.029228101566297 ], [ -113.630592973071003, 37.029328770081698 ], [ -113.630543641189007, 37.029316076531799 ], [ -113.630303950908001, 37.029184234168099 ], [ -113.630167018912999, 37.029222507074103 ], [ -113.629906662888999, 37.0292279215615 ], [ -113.629701285557005, 37.029178405881503 ], [ -113.629495859716002, 37.029101404614302 ], [ -113.629310929837004, 37.029018992352903 ], [ -113.629132955613002, 37.0289036224951 ], [ -113.629061344613007, 37.0288500489455 ], [ -113.628831823262004, 37.028678336223898 ], [ -113.628489424102995, 37.028507944118203 ], [ -113.628256606831997, 37.028409018643799 ], [ -113.627982695230997, 37.028337408198198 ], [ -113.627578635711004, 37.0282986894902 ], [ -113.627263621693999, 37.028309634775901 ], [ -113.627023882006, 37.028342431897002 ], [ -113.626393583577993, 37.0284739071028 ], [ -113.626215471912005, 37.028501192080903 ], [ -113.626037362939996, 37.028512255668403 ], [ -113.625807304396005, 37.028552045700103 ], [ -113.625204511484, 37.028656591339903 ], [ -113.624930580119994, 37.0287116789412 ], [ -113.624695792843994, 37.028726782951303 ], [ -113.624499135459004, 37.0287394328533 ], [ -113.624047060088003, 37.028690319896398 ], [ -113.623814113460995, 37.0286299590298 ], [ -113.623567483694003, 37.028531239538601 ], [ -113.622861685459995, 37.028092208983097 ], [ -113.622464178252002, 37.027828935015897 ], [ -113.621730900553999, 37.0272801112297 ], [ -113.621381344517005, 37.026989188199103 ], [ -113.621216867480001, 37.026824574155398 ], [ -113.620997485413, 37.026583131642603 ], [ -113.620826096738, 37.026358020651998 ], [ -113.620668366947001, 37.026193436796397 ], [ -113.620642365212007, 37.026167836361203 ], [ -113.620339378737995, 37.025869523527597 ], [ -113.620140703735998, 37.025710440130801 ], [ -113.619681493946004, 37.025397512821797 ], [ -113.619517030384003, 37.025265789164401 ], [ -113.619188057445001, 37.0251121945888 ], [ -113.618660413098993, 37.024799423314903 ], [ -113.618530243620995, 37.024700734705 ], [ -113.618365698312004, 37.024530530905103 ], [ -113.618173885540998, 37.024387783872299 ], [ -113.618036864611994, 37.024305557271099 ], [ -113.617838133017003, 37.024206759722702 ], [ -113.617666839563, 37.024157460949503 ], [ -113.617372366422998, 37.024140981160997 ], [ -113.617112113706, 37.024152221814397 ], [ -113.616947730991996, 37.024179821043298 ], [ -113.616742289879994, 37.024229322769003 ], [ -113.616557537866996, 37.024328203482902 ], [ -113.616270012296994, 37.024537132684401 ], [ -113.616165319041002, 37.024628790137001 ] ] ] } },
{ "type": "Feature", "properties": { "OBJECTID": 78, "CountyID": 27, "VistaID": "27XHS:72", "PrecinctID": "27XHS", "SubPrecinctID": "72", "VersionNbr": null, "EffectiveDate": 1744156800000, "AliasName": "XHS:72", "Comments": "formerly COHS72", "RcvdDate": 1744156800000, "GlobalID": "685c4d41-0195-4d87-9054-1a034e8f07d4", "Shape__Area": 2699935219.9282227, "Shape__Length": 498317.46220468212 }, "geometry": { "type": "Polygon", "coordinates": [ [ [ -113.016462945949996, 37.0253110171789 ], [ -113.016462928882007, 37.0253869056287 ], [ -113.016463051052995, 37.043305946099601 ], [ -113.016462959424999, 37.043514955026602 ], [ -113.016462943254993, 37.0470835808365 ], [ -113.016499322328997, 37.05424877702 ], [ -113.034238452161006, 37.054184824653397 ], [ -113.034249107977004, 37.069071392431802 ], [ -113.052336988055998, 37.068793210407698 ], [ -113.064497279037994, 37.068781461000398 ], [ -113.070338633462001, 37.068775412119301 ], [ -113.070449301413007, 37.068775282382603 ], [ -113.070467254243994, 37.083263323795897 ], [ -113.070463656491995, 37.083263386860203 ], [ -113.070463663677998, 37.0832678027963 ], [ -113.070481640764001, 37.087521114134397 ], [ -113.070494275567995, 37.090502917681697 ], [ -113.070521219637001, 37.097742414027699 ], [ -113.070526024724998, 37.099274482965498 ], [ -113.070566224334002, 37.112221539459199 ], [ -113.070547317492, 37.112221509371899 ], [ -113.057004472575997, 37.112221563815702 ], [ -113.057031475933002, 37.119461056281303 ], [ -113.061555026090005, 37.119452030212898 ], [ -113.061573045396003, 37.1266915740432 ], [ -113.061590987447005, 37.133931111535802 ], [ -113.061518947053003, 37.1339311931781 ], [ -113.052561824693996, 37.133931312060902 ], [ -113.048047175044999, 37.133931200339802 ], [ -113.048020168093998, 37.126691620598102 ], [ -113.047966287144007, 37.112221537310099 ], [ -113.047944230808994, 37.1122215573684 ], [ -113.047940629463, 37.112221530146499 ], [ -113.047916660614007, 37.112221583157599 ], [ -113.047906757587, 37.112221574561197 ], [ -113.034417325598, 37.112230469680199 ], [ -113.034395503723999, 37.112230844339699 ], [ -113.034413469130996, 37.115837057392802 ], [ -113.034413514945001, 37.115851386897297 ], [ -113.034467484828994, 37.126691643517397 ], [ -113.034545417272994, 37.1375364283629 ], [ -113.034544897149004, 37.1378111433689 ], [ -113.034544486618998, 37.138085766429803 ], [ -113.034544075189999, 37.138360389210099 ], [ -113.034543664660006, 37.138635012425802 ], [ -113.034543141840999, 37.138909636792803 ], [ -113.034542731309998, 37.139184260162899 ], [ -113.034542323474994, 37.139458972765802 ], [ -113.034541912945002, 37.1397335962901 ], [ -113.034541390125995, 37.140008220965797 ], [ -113.034540979596002, 37.140282843928397 ], [ -113.034540488217004, 37.140571257225801 ], [ -113.034539645596993, 37.141161692006698 ], [ -113.034539396764004, 37.141404497055198 ], [ -113.034530199811996, 37.144800805199999 ], [ -113.034526611941004, 37.146431526456702 ], [ -113.034529995894999, 37.147793010253501 ], [ -113.034514785620004, 37.148246337965602 ], [ -113.034521413389996, 37.148401241286898 ], [ -113.034506334270006, 37.154715581754999 ], [ -113.034415695156, 37.156278398395997 ], [ -113.034500462880999, 37.156281809893997 ], [ -113.034494377694003, 37.157079713175598 ], [ -113.034381369631006, 37.157081383467499 ], [ -113.034304779270002, 37.157080626001203 ], [ -113.029676008546005, 37.1570336630787 ], [ -113.029073079089997, 37.157023171662601 ], [ -113.028660963478998, 37.1570193249052 ], [ -113.024419619967006, 37.156962366668303 ], [ -113.023703540515001, 37.156960901849402 ], [ -113.022987361348996, 37.156959885210597 ], [ -113.021646219749002, 37.156958174823302 ], [ -113.015836159935006, 37.156950109727198 ], [ -113.015836322530006, 37.1569816513001 ], [ -113.015844132482997, 37.160578023833303 ], [ -113.015794348748003, 37.160577608606303 ], [ -113.015665047043001, 37.160576564811699 ], [ -113.011216163056005, 37.160654431995198 ], [ -113.006831303797, 37.160650023434798 ], [ -113.006831279541998, 37.160772596780198 ], [ -113.006831226540996, 37.164364238877504 ], [ -113.006651602112001, 37.164364037001398 ], [ -112.997676151426006, 37.164355221028998 ], [ -112.997676076866, 37.164459318877 ], [ -112.997667139526996, 37.171792638309498 ], [ -112.997595153930007, 37.171791959013198 ], [ -112.988548010497993, 37.1717116588365 ], [ -112.988476063529006, 37.179140131200498 ], [ -112.988473418889001, 37.181311600756899 ], [ -112.988470857791995, 37.183387352792899 ], [ -112.988467180089003, 37.186442620689803 ], [ -112.988467109121999, 37.186478582771699 ], [ -112.988467193564006, 37.186503276009098 ], [ -112.988479892149002, 37.190152562745403 ], [ -112.988478373096996, 37.190412423406201 ], [ -112.988478174570005, 37.1904435202065 ], [ -112.988466100314, 37.1924954563546 ], [ -112.988465763446001, 37.192551340163497 ], [ -112.988424290026003, 37.1935298200045 ], [ -112.988422116102996, 37.1939837342712 ], [ -112.988422112508999, 37.193987880411399 ], [ -112.979340583365001, 37.193960931927897 ], [ -112.979338108505999, 37.194125003454403 ], [ -112.979319940978002, 37.197514522301397 ], [ -112.979331687349003, 37.199797505269899 ], [ -112.979338811887004, 37.201178757945598 ], [ -112.979338938550001, 37.201209488972196 ], [ -112.988314683883004, 37.201289665488197 ], [ -112.988793273927001, 37.201288567876198 ], [ -112.992841283819999, 37.2012727877351 ], [ -112.997505307130993, 37.2012634229703 ], [ -113.005865221403994, 37.201263427979001 ], [ -113.006606468955994, 37.201263397927001 ], [ -113.006606471650997, 37.201259251471001 ], [ -113.015716617527005, 37.201254408095302 ], [ -113.015716599561003, 37.201147879508603 ], [ -113.015716584288995, 37.186541485958401 ], [ -113.015762749610005, 37.184867234965303 ], [ -113.015820250771, 37.182780462485198 ], [ -113.015828235895995, 37.179157335981003 ], [ -113.015828926699996, 37.179073146464397 ], [ -113.015830732314001, 37.1788359928658 ], [ -113.0158341522, 37.1783883669357 ], [ -113.015836312649, 37.178113714883096 ], [ -113.015843401254998, 37.177189708681098 ], [ -113.015847970086, 37.176598852350502 ], [ -113.015852310745998, 37.176029089207297 ], [ -113.015856340588002, 37.175511154057403 ], [ -113.015856520251006, 37.1754797869906 ], [ -113.015884790233002, 37.171869289959702 ], [ -113.015884926777005, 37.171849009151103 ], [ -113.016553876117996, 37.1718220305778 ], [ -113.019019903387999, 37.171762627576499 ], [ -113.020581116960997, 37.171725010709899 ], [ -113.023139306887998, 37.171654577099602 ], [ -113.025179797717001, 37.171598347842199 ], [ -113.034255300962002, 37.171292593633503 ], [ -113.034427348102, 37.171286844987101 ], [ -113.037000233569003, 37.171307788067899 ], [ -113.037095402885996, 37.171307863943397 ], [ -113.052795671433998, 37.171316021278301 ], [ -113.054228966707001, 37.171322086309203 ], [ -113.055154908779997, 37.171320354772703 ], [ -113.056649232897996, 37.171317580305498 ], [ -113.057219752037, 37.171316505163801 ], [ -113.057332821185, 37.171316344107197 ], [ -113.059676392810999, 37.171312026360397 ], [ -113.061792362784999, 37.171308109465201 ], [ -113.061905429237996, 37.1713078532064 ], [ -113.064197745688006, 37.171303166818497 ], [ -113.065925965055996, 37.171299714481599 ], [ -113.066364494729996, 37.171298824017697 ], [ -113.066477561183007, 37.1712985641798 ], [ -113.069723213830997, 37.171293357399698 ], [ -113.069839436964003, 37.171293219248902 ], [ -113.071049688637004, 37.171289278015301 ], [ -113.071949323545994, 37.171289406860602 ], [ -113.072057104311995, 37.171289414018602 ], [ -113.075521058353999, 37.171289872850998 ], [ -113.075634131992999, 37.1712898742826 ], [ -113.080093485844998, 37.1712918584997 ], [ -113.080206448992001, 37.171291947259803 ], [ -113.084790875280007, 37.171292188486802 ], [ -113.088086135591993, 37.171293445443901 ], [ -113.088263629218005, 37.171293471212998 ], [ -113.088393869662994, 37.171295230666601 ], [ -113.089253842155003, 37.171307012133298 ], [ -113.089748819267001, 37.171307022870401 ], [ -113.090968121467, 37.171259818969801 ], [ -113.091376506374999, 37.171244046869099 ], [ -113.094545068298999, 37.171127314324401 ], [ -113.094551144503995, 37.171127116761198 ], [ -113.094547500936997, 37.171088967732203 ], [ -113.094426786227004, 37.169825112688699 ], [ -113.094429420088005, 37.166840835654497 ], [ -113.094432177016998, 37.16672858111 ], [ -113.094495915181994, 37.164158610618699 ], [ -113.089757735046007, 37.164247341792603 ], [ -113.089757823081001, 37.164221924690203 ], [ -113.089766793657006, 37.1571876506096 ], [ -113.089633923844005, 37.1571876513256 ], [ -113.088678611353004, 37.1571876448821 ], [ -113.080431777906, 37.157187747977602 ], [ -113.080374801361003, 37.157187757284802 ], [ -113.080143742992007, 37.157187758716702 ], [ -113.080129441812005, 37.157187739386302 ], [ -113.075764315843998, 37.157187609800999 ], [ -113.075738985149997, 37.152193731786703 ], [ -113.075264106046006, 37.152178889355703 ], [ -113.075259150041006, 37.152178795561298 ], [ -113.075256313161006, 37.152054472008402 ], [ -113.072423180366997, 37.1520902764737 ], [ -113.070771314205004, 37.152111140387298 ], [ -113.070642662880005, 37.152112757805803 ], [ -113.070642557777006, 37.152034620488301 ], [ -113.070639230417001, 37.149303952914202 ], [ -113.070638161421996, 37.148410282519201 ], [ -113.061608969023993, 37.148410205188597 ], [ -113.061609032804995, 37.1412062393835 ], [ -113.061608969023993, 37.141170731240003 ], [ -113.063485988929003, 37.141170772057301 ], [ -113.070629190846006, 37.141170706176801 ], [ -113.070628874638999, 37.141035252188303 ], [ -113.070597574638995, 37.126615432381897 ], [ -113.070654985969, 37.126615690940902 ], [ -113.088696604608003, 37.126691649247199 ], [ -113.106817859795996, 37.126709635195802 ], [ -113.106817943338996, 37.126789755411203 ], [ -113.106822645120999, 37.1343540068913 ], [ -113.106826930983004, 37.141179678812598 ], [ -113.145658337498006, 37.141305655794802 ], [ -113.152496001724998, 37.141296717546403 ], [ -113.152504220411998, 37.141296748338299 ], [ -113.159234359893006, 37.141287662574101 ], [ -113.163780957225995, 37.141278616909901 ], [ -113.163780928479994, 37.141174883859101 ], [ -113.163781008430007, 37.139257662229497 ], [ -113.163780762292006, 37.137585674230401 ], [ -113.163715494296994, 37.137586505652898 ], [ -113.163695475341001, 37.126763704747603 ], [ -113.163772009108001, 37.126763569380401 ], [ -113.163749380545994, 37.119526688465903 ], [ -113.163749354494996, 37.119494154243696 ], [ -113.163685892112994, 37.1194945919015 ], [ -113.163685144715004, 37.118381292771403 ], [ -113.163684725202003, 37.117868489749803 ], [ -113.163678970594006, 37.117867963976202 ], [ -113.163678364231004, 37.117550194767901 ], [ -113.163684576080996, 37.117550982715301 ], [ -113.163747401557004, 37.115923350997797 ], [ -113.163762363897007, 37.115923168333303 ], [ -113.166227134424005, 37.115893550897198 ], [ -113.168272274931994, 37.115868947771702 ], [ -113.168723831974006, 37.115866813103104 ], [ -113.172796459298993, 37.114818504477697 ], [ -113.172803606296, 37.1148165710716 ], [ -113.173691957467, 37.114587766177998 ], [ -113.173851385972, 37.1145432038468 ], [ -113.17400793358, 37.114492385650898 ], [ -113.174161044233003, 37.114435502125701 ], [ -113.174310607440006, 37.114372644949597 ], [ -113.174780084074996, 37.114163322662499 ], [ -113.177316838403001, 37.1135100234874 ], [ -113.177321638101006, 37.113508673159998 ], [ -113.177324910663998, 37.113508974028697 ], [ -113.177331492619999, 37.116806786382497 ], [ -113.177332621801995, 37.119061684855197 ], [ -113.177320470292003, 37.119332823118597 ], [ -113.177320239425001, 37.119497575280199 ], [ -113.178294197347, 37.119497700632301 ], [ -113.179816352171997, 37.119497649775099 ], [ -113.179850074029005, 37.119504059203997 ], [ -113.179859415609997, 37.119504067799497 ], [ -113.181846206049002, 37.119502021338 ], [ -113.181858809413001, 37.119501969764599 ], [ -113.186384453542004, 37.1194992191827 ], [ -113.186384162487997, 37.1185698606062 ], [ -113.186383505818995, 37.116802350194902 ], [ -113.186386001339002, 37.115879789451498 ], [ -113.187081147350995, 37.115879669824203 ], [ -113.187081986376995, 37.113570122702399 ], [ -113.187082602621004, 37.112257897185899 ], [ -113.187083505428006, 37.111804283633603 ], [ -113.187932643340005, 37.111803210511098 ], [ -113.190894714921001, 37.111799228209101 ], [ -113.190894809244, 37.111786879418098 ], [ -113.190897117015993, 37.111527277822098 ], [ -113.190902219446002, 37.110962463043002 ], [ -113.190902334431001, 37.110950834792099 ], [ -113.191087486193993, 37.110979496364202 ], [ -113.191376994345006, 37.110587959682 ], [ -113.191383718235002, 37.110579183289502 ], [ -113.191386109551004, 37.110576255437103 ], [ -113.191389261739005, 37.110572412048697 ], [ -113.191394277032998, 37.110566821404703 ], [ -113.191406737565003, 37.110554064074996 ], [ -113.191410353283999, 37.110550661976703 ], [ -113.191414413668994, 37.110547072186201 ], [ -113.191418033879003, 37.110543851332402 ], [ -113.191445018371994, 37.110523524703801 ], [ -113.191474894541997, 37.110505938949103 ], [ -113.191507220416995, 37.110491371310403 ], [ -113.191517686688996, 37.110487482785601 ], [ -113.191521695869994, 37.110486057184097 ], [ -113.191533739582994, 37.110482229551501 ], [ -113.191546019553002, 37.110478847508702 ], [ -113.191550152700998, 37.110477780098499 ], [ -113.191555629730004, 37.110476507086403 ], [ -113.191569498819007, 37.1104735469928 ], [ -113.191573863732998, 37.110472745360497 ], [ -113.191578007662002, 37.110472037574297 ], [ -113.191583607759, 37.110471122753502 ], [ -113.191589322840997, 37.110470296047801 ], [ -113.191594928328001, 37.110469561755302 ], [ -113.191619174755999, 37.110467491408997 ], [ -113.191626590349003, 37.110467083787199 ], [ -113.191633445392995, 37.110466776458999 ], [ -113.191640301334999, 37.110466469847097 ], [ -113.191647153684002, 37.110466072254603 ], [ -113.191660861974995, 37.110465368766697 ], [ -113.191667715223005, 37.110464971174203 ], [ -113.191687146679996, 37.110463711056802 ], [ -113.191695006939, 37.110463115026199 ], [ -113.191701853897996, 37.110462537621601 ], [ -113.191708704451003, 37.110462050481303 ], [ -113.191715552307997, 37.110461473076697 ], [ -113.191729245328006, 37.110460228719603 ], [ -113.191790500549004, 37.110453778407702 ], [ -113.191908602957994, 37.110436272871802 ], [ -113.192024937482003, 37.110412130756799 ], [ -113.192138839367999, 37.1103816350278 ], [ -113.192249859458997, 37.110344883105498 ], [ -113.192256095564005, 37.110342605004398 ], [ -113.192262331668999, 37.110340326186801 ], [ -113.192268565077995, 37.110337957821201 ], [ -113.192274797590002, 37.110335589455502 ], [ -113.192281031, 37.110333221089697 ], [ -113.192287152120002, 37.110330854872998 ], [ -113.192293385529993, 37.110328486507001 ], [ -113.192301062531996, 37.110325460500398 ], [ -113.192308740433006, 37.110322434493597 ], [ -113.192316529725005, 37.110319406337503 ], [ -113.192457540071999, 37.110269031614699 ], [ -113.192601999051007, 37.110225082116798 ], [ -113.192749241011001, 37.110187930375297 ], [ -113.192774061462003, 37.1101823339718 ], [ -113.192790613819, 37.110178783565097 ], [ -113.192807165277998, 37.110175232441797 ], [ -113.192815444152004, 37.110173547502903 ], [ -113.192823835314996, 37.110171859698397 ], [ -113.192832114189002, 37.110170174759403 ], [ -113.192857179879994, 37.110165294740199 ], [ -113.192865460549996, 37.1101636993493 ], [ -113.192873854408006, 37.110162102525599 ], [ -113.192882248266002, 37.110160504985402 ], [ -113.192887733380005, 37.110159502045398 ], [ -113.192891873714998, 37.110158704707999 ], [ -113.192984772092004, 37.110137428764801 ], [ -113.193075252203997, 37.110110339341702 ], [ -113.193162639416002, 37.110077448611101 ], [ -113.193246493554994, 37.110039126221103 ], [ -113.193326367257995, 37.109995469592199 ], [ -113.193401487974995, 37.109946944367103 ], [ -113.193471631128006, 37.109893644383298 ], [ -113.193536138249996, 37.109836122682999 ], [ -113.193594677863999, 37.109774565517696 ], [ -113.193646927474006, 37.109709520199502 ], [ -113.193649849693998, 37.1097055005351 ], [ -113.193652774607997, 37.109701571135702 ], [ -113.193682964290005, 37.109663700597899 ], [ -113.193718189028999, 37.109628710648401 ], [ -113.193758126329996, 37.109597149330497 ], [ -113.193802224627007, 37.1095693855899 ], [ -113.193849930558997, 37.109545791237998 ], [ -113.193942474100993, 37.109500548232901 ], [ -113.194030239504002, 37.109449624925098 ], [ -113.194112903375, 37.109393479078499 ], [ -113.194189794671999, 37.109332303391099 ], [ -113.194260475915002, 37.109266465361202 ], [ -113.194324622812999, 37.109196512301999 ], [ -113.194798229902005, 37.108630503093899 ], [ -113.195402167267005, 37.108630582614197 ], [ -113.195406218669007, 37.108630597658703 ], [ -113.195415670743003, 37.1086306026735 ], [ -113.195415627623007, 37.108640787734501 ], [ -113.195415590791995, 37.108857717674198 ], [ -113.195415343755997, 37.1099284916492 ], [ -113.195414902682998, 37.111689982386899 ], [ -113.195414794884996, 37.112266780838802 ], [ -113.195414536170006, 37.119504225384901 ], [ -113.199951745210996, 37.119497046652697 ], [ -113.19995243871, 37.123101282696297 ], [ -113.199952140468994, 37.123133732997999 ], [ -113.199943734035003, 37.124188342681897 ], [ -113.210758384654, 37.126750001143797 ], [ -113.213026755612006, 37.127297248797198 ], [ -113.21806869657, 37.128513376655803 ], [ -113.218068719925995, 37.128494900530498 ], [ -113.218068777417997, 37.128477595408 ], [ -113.218073057889995, 37.126754526993302 ], [ -113.218061015974001, 37.126754572831899 ], [ -113.217930544661996, 37.097806007957601 ], [ -113.217930378473994, 37.097781046436602 ], [ -113.217921490541997, 37.097781032823001 ], [ -113.211327288622002, 37.0977755458442 ], [ -113.209020457193006, 37.097763315139197 ], [ -113.196257570929006, 37.097760943514302 ], [ -113.196248341637002, 37.097760843920398 ], [ -113.196244065656998, 37.097760833172799 ], [ -113.195565506139005, 37.097760697037202 ], [ -113.190915714837004, 37.097759496894703 ], [ -113.190907291334995, 37.103348553829598 ], [ -113.190904845221993, 37.105005270116003 ], [ -113.190897757513994, 37.105005310952798 ], [ -113.190889654711, 37.1050052808625 ], [ -113.181848406022993, 37.105017955304099 ], [ -113.177337090921, 37.105019536474799 ], [ -113.177337050497002, 37.105049548620499 ], [ -113.177322597501998, 37.108623353419503 ], [ -113.177237637537999, 37.108623291809103 ], [ -113.172797534582998, 37.1086200601274 ], [ -113.168281360492998, 37.108616881459199 ], [ -113.168272469867006, 37.1086168642655 ], [ -113.168272406086004, 37.1086698585287 ], [ -113.168272399797999, 37.112326857400497 ], [ -113.163746071152005, 37.112239698624698 ], [ -113.159212285592005, 37.112234426170303 ], [ -113.154688782147005, 37.112266464921497 ], [ -113.153941465578001, 37.112259231059198 ], [ -113.150059223601005, 37.112221485731801 ], [ -113.149984593363996, 37.1122207672164 ], [ -113.148408886371996, 37.110958207756703 ], [ -113.147643564869, 37.110345077961902 ], [ -113.146582472160006, 37.109494862946001 ], [ -113.146338919124005, 37.109298204482599 ], [ -113.145615659436999, 37.108718906827299 ], [ -113.145615833709996, 37.108537661869001 ], [ -113.145617183878002, 37.107520933615 ], [ -113.145618556504004, 37.106580721124303 ], [ -113.145620085437002, 37.105374906426903 ], [ -113.145620178862004, 37.105314431029399 ], [ -113.145620399847004, 37.105162745836203 ], [ -113.145620476204002, 37.105149496123097 ], [ -113.145620610950999, 37.104990783092703 ], [ -113.145620680120999, 37.104969331604003 ], [ -113.145622099459999, 37.1044414419516 ], [ -113.145565045658998, 37.103428384247003 ], [ -113.145564614468, 37.103421091508103 ], [ -113.145567334567005, 37.101419898454303 ], [ -113.145631445532004, 37.101363220766999 ], [ -113.145629365931995, 37.097736250667097 ], [ -113.142970802747001, 37.097751900529303 ], [ -113.142970648236997, 37.097742440538298 ], [ -113.141116435659001, 37.097746117632603 ], [ -113.140736614481995, 37.097746849898797 ], [ -113.138440139729994, 37.097751441967297 ], [ -113.138438429337995, 37.097210449386701 ], [ -113.138419357206004, 37.091257545552502 ], [ -113.138405383012994, 37.0868740847826 ], [ -113.138472984832006, 37.0868737666095 ], [ -113.142654025336995, 37.086853875775397 ], [ -113.142883486501006, 37.086852792267003 ], [ -113.142888434422005, 37.086852702691203 ], [ -113.142888446100002, 37.086845131746799 ], [ -113.142888192775004, 37.086808184954002 ], [ -113.142865728605003, 37.083270347585 ], [ -113.142865600145996, 37.083245835625704 ], [ -113.138393964528007, 37.083257544810003 ], [ -113.137603725554996, 37.083257917462802 ], [ -113.133863487461994, 37.083261132310497 ], [ -113.124813596083001, 37.083266055627803 ], [ -113.124813296046, 37.0832633567613 ], [ -113.124813393064002, 37.076014789839697 ], [ -113.124813389471001, 37.072339808211602 ], [ -113.124838572841995, 37.068748911434199 ], [ -113.124834516050001, 37.065117529011999 ], [ -113.124817943031005, 37.050592529277999 ], [ -113.124813804493002, 37.0469687101983 ], [ -113.124805687315998, 37.039713761802297 ], [ -113.12479577261, 37.031178949914803 ], [ -113.124793086647003, 37.028815696535503 ], [ -113.124793047121003, 37.028765857149999 ], [ -113.124788868159001, 37.025183034945499 ], [ -113.115729059379007, 37.025193926890999 ], [ -113.111199150947002, 37.025199473628199 ], [ -113.106669236227006, 37.025204937888297 ], [ -113.102185697032994, 37.025221033032899 ], [ -113.102134782318998, 37.025221214481597 ], [ -113.097581819523995, 37.025239086815397 ], [ -113.093065628366006, 37.025253611310902 ], [ -113.079485399161001, 37.025275258197198 ], [ -113.075013604540999, 37.025277951954997 ], [ -113.074962571249998, 37.025277943348698 ], [ -113.073797496750998, 37.0252786705773 ], [ -113.073346414916998, 37.025278895057099 ], [ -113.073316292608993, 37.025278971078997 ], [ -113.070439852034994, 37.025280634237703 ], [ -113.061390699072007, 37.0252821381807 ], [ -113.055513968094004, 37.025395296714699 ], [ -113.054744331083995, 37.025395832453199 ], [ -113.053991661452997, 37.025396160207499 ], [ -113.053233599235995, 37.025396576175901 ], [ -113.052471264632004, 37.025396971345799 ], [ -113.052286694976999, 37.025397100439399 ], [ -113.052184358001, 37.025397002901997 ], [ -113.052321948461994, 37.0252581152522 ], [ -113.052415949969998, 37.000076049676203 ], [ -113.052613449974999, 37.000075550347901 ], [ -113.052812450166996, 37.000075550347901 ], [ -113.052935449291994, 37.000075550347901 ], [ -113.053450448953001, 37.000075549630402 ], [ -113.055357450130003, 37.000058549507401 ], [ -113.059269451495993, 37.000062549156901 ], [ -113.060052450944994, 37.000061549065201 ], [ -113.060515450726996, 37.000059548881701 ], [ -113.061017450867993, 37.000059548881701 ], [ -113.061729451069994, 37.000058548790001 ], [ -113.063465451645001, 37.000054549140302 ], [ -113.063893451267006, 37.000053549048502 ], [ -113.064965452218004, 37.000048549306698 ], [ -113.075077454096999, 37.000052548956702 ], [ -113.07807045557, 37.000062547722003 ], [ -113.078471454530003, 37.000065547997103 ], [ -113.079913455376996, 37.000068548271997 ], [ -113.089115456686002, 37.000091548223502 ], [ -113.089220457165993, 37.000092548314697 ], [ -113.091955457099999, 37.000089547323398 ], [ -113.096912457856007, 37.000083546775102 ], [ -113.098706459056004, 37.000076546852199 ], [ -113.117762462499996, 37.000069545493901 ], [ -113.121142462690003, 37.000067546028099 ], [ -113.136720466035001, 37.0000655444099 ], [ -113.146839468484998, 37.0000645436008 ], [ -113.156300470260007, 37.0000575422414 ], [ -113.157283470623995, 37.0000545434009 ], [ -113.159189471077994, 37.0000575422414 ], [ -113.163858471056002, 37.000055543492699 ], [ -113.164409471599996, 37.000055543492699 ], [ -113.176572473696993, 37.000036542463803 ], [ -113.176827473066993, 37.000036542463803 ], [ -113.180814474776, 37.000032542095497 ], [ -113.184632475531998, 37.0000275409175 ], [ -113.188157476385001, 37.000021541081701 ], [ -113.189708477010996, 37.000018540804902 ], [ -113.193888478166002, 37.000015540527997 ], [ -113.194070476842001, 37.000016540620301 ], [ -113.194516476906003, 37.000013541060802 ], [ -113.196603477110003, 37.000010540066199 ], [ -113.20124747877, 37.000007540506502 ], [ -113.201305478495996, 37.000006539696599 ], [ -113.201512916563004, 37.000005749092701 ], [ -113.202092479041994, 37.000003539419197 ], [ -113.225206483441994, 37.000000538424402 ], [ -113.225681482919995, 36.999998538239304 ], [ -113.227548483914006, 36.999999538331899 ], [ -113.231035485131997, 37.000000538424402 ], [ -113.231692485083002, 37.000000537706903 ], [ -113.232172484583998, 37.000000538424402 ], [ -113.232572484616995, 37.000002537892001 ], [ -113.233245485360001, 37.000000537706903 ], [ -113.234472485222994, 37.000001538516898 ], [ -113.236417486034995, 37.000001537081999 ], [ -113.238058486176001, 37.000004537359402 ], [ -113.238502485691001, 37.000002537174502 ], [ -113.241028486285998, 37.000003537266998 ], [ -113.247787487739004, 37.000005536734498 ], [ -113.248197390800001, 37.000006127893897 ], [ -113.248482487325006, 37.000006537544401 ], [ -113.248747488537006, 37.000006537544401 ], [ -113.249015488325995, 37.000006537544401 ], [ -113.249132488501999, 37.000006537544401 ], [ -113.249285628799996, 37.000006536826902 ], [ -113.249762490484997, 37.000006537544401 ], [ -113.249904488081, 37.000006537544401 ], [ -113.252583488837004, 37.000007536919398 ], [ -113.253955940317994, 37.000007026111703 ], [ -113.255232489454997, 37.000006536826902 ], [ -113.257900490341001, 37.000005536734498 ], [ -113.259265568450004, 37.0000055431913 ], [ -113.260564490129994, 37.000005536017099 ], [ -113.261670101546997, 37.000004973554702 ], [ -113.262516490614999, 37.000004535924603 ], [ -113.263738957578994, 37.000004541663998 ], [ -113.264853491064002, 37.000004536642102 ], [ -113.265485240271005, 37.000004234605498 ], [ -113.266922491724998, 37.000003535832199 ], [ -113.267255491811, 37.000003535832199 ], [ -113.267399491750993, 37.000003535832199 ], [ -113.267559491583995, 37.000003535832199 ], [ -113.267664491166002, 37.000003535832199 ], [ -113.267975491510995, 37.000003535832199 ], [ -113.269036491693001, 37.000003535832199 ], [ -113.269200795355005, 37.000003537984398 ], [ -113.270609492060998, 37.000003535832199 ], [ -113.272220492063994, 37.000002535739597 ], [ -113.273351493465, 37.000002535022297 ], [ -113.274014492364998, 37.000002535739597 ], [ -113.274503492087007, 37.000002535022297 ], [ -113.274522493251993, 37.000002535022297 ], [ -113.274677493062001, 37.000001534929702 ], [ -113.275312493271997, 37.000001534929702 ], [ -113.276886493465, 37.000001534929702 ], [ -113.277595492396998, 37.000001534212302 ], [ -113.2779414938, 37.000001534212302 ], [ -113.277969493388994, 37.000001534929702 ], [ -113.278005493373996, 37.000001534929702 ], [ -113.278252493246001, 37.000001534929702 ], [ -113.280105494894997, 37.000001534929702 ], [ -113.283032494449998, 37.000000534837199 ], [ -113.286006494758993, 37.000000534837199 ], [ -113.288969495196994, 36.999999534744703 ], [ -113.291475496599006, 36.9999985339348 ], [ -113.291856496365, 36.9999985346522 ], [ -113.292009496526006, 36.9999985339348 ], [ -113.293254495932999, 36.9999985339348 ], [ -113.294130496167, 36.9999985339348 ], [ -113.295479496229007, 36.9999985339348 ], [ -113.296617496403996, 36.999997533842198 ], [ -113.297671497812004, 36.999997533842198 ], [ -113.298059497251003, 36.999997534559597 ], [ -113.298177497251999, 36.999997533842198 ], [ -113.298258497443001, 36.999997533842198 ], [ -113.299057497684004, 36.999997533842198 ], [ -113.299888497712004, 36.999997533842198 ], [ -113.299947497263005, 36.999997533842198 ], [ -113.300277496975994, 36.999997533842198 ], [ -113.300361497539996, 36.999997534559597 ], [ -113.300461497998, 36.999997533842198 ], [ -113.301686497313, 36.999997533842198 ], [ -113.302670499298998, 36.999996533749702 ], [ -113.304439498587001, 36.999996533749702 ], [ -113.305373499446006, 36.999996534467101 ], [ -113.305670498648993, 36.999996533749702 ], [ -113.306161498918001, 36.999996533749702 ], [ -113.306451499345997, 36.999995533657099 ], [ -113.306676499477007, 36.999996533749702 ], [ -113.308169500378, 36.999996533749702 ], [ -113.308194498695997, 36.999996533749702 ], [ -113.308363499647996, 36.999996533749702 ], [ -113.308565499314994, 36.999996533749702 ], [ -113.308829499804006, 36.999996533032203 ], [ -113.309095499942003, 36.999996533749702 ], [ -113.309362499008003, 36.999996533749702 ], [ -113.309627500220003, 36.999996533749702 ], [ -113.309891498911995, 36.999996533749702 ], [ -113.310151500101995, 36.999996533032203 ], [ -113.310421499539999, 36.999996533032203 ], [ -113.310686499854, 36.999996533032203 ], [ -113.310946499246995, 36.999996533032203 ], [ -113.311211500458995, 36.999996533749702 ], [ -113.311470499128006, 36.999996533749702 ], [ -113.311733500691005, 36.999996533749702 ], [ -113.311996499558006, 36.999996533032203 ], [ -113.312261500770006, 36.999996533032203 ], [ -113.312523500710995, 36.999996533749702 ], [ -113.312786500477003, 36.999996533032203 ], [ -113.313047500593001, 36.999996533032203 ], [ -113.313309500534004, 36.999996533749702 ], [ -113.313570501548, 36.999996533032203 ], [ -113.313840500986004, 36.999996533032203 ], [ -113.314134501612003, 36.999996533749702 ], [ -113.314404500151994, 36.999996533032203 ], [ -113.314716501220005, 36.999996533032203 ], [ -113.314979500088, 36.999996533032203 ], [ -113.315245501125005, 36.999996533032203 ], [ -113.315540500677997, 36.999996533032203 ], [ -113.315800500969004, 36.999996533749702 ], [ -113.315974501046, 36.999996533749702 ], [ -113.316237500811994, 36.999996533032203 ], [ -113.316492501080006, 36.999996533032203 ], [ -113.316759501042995, 36.999996532314803 ], [ -113.317022500809003, 36.999996533749702 ], [ -113.317197501609996, 36.999996533032203 ], [ -113.317371500788994, 36.999996533032203 ], [ -113.317542501391003, 36.999996533032203 ], [ -113.317701501399995, 36.999996532314803 ], [ -113.317858500859998, 36.999996533032203 ], [ -113.318042500982997, 36.999996533032203 ], [ -113.318227501829995, 36.999996533032203 ], [ -113.318424502371002, 36.999996533032203 ], [ -113.318531500705006, 36.999996533032203 ], [ -113.318643500858002, 36.9999955329397 ], [ -113.320977502730997, 36.999997532407399 ], [ -113.323885502916994, 36.999997532407399 ], [ -113.326420502835006, 36.999996532314803 ], [ -113.327204502108998, 36.999995532222201 ], [ -113.327977504207993, 36.999995532222201 ], [ -113.328769502979995, 36.999994532129598 ], [ -113.329551503502998, 36.999993532037102 ], [ -113.330337504224005, 36.999993532754402 ], [ -113.331083503862999, 36.999995532222201 ], [ -113.331858504712997, 36.9999925319444 ], [ -113.332603504527995, 36.999991532569197 ], [ -113.332902504277996, 36.999991531851798 ], [ -113.333115504714002, 36.999991531851798 ], [ -113.333638504771002, 36.999988531573798 ], [ -113.334444504684001, 36.999986531388501 ], [ -113.334657504220999, 36.999987531481203 ], [ -113.334694504031006, 36.999987531481203 ], [ -113.334821504253, 36.999990531759202 ], [ -113.334976504064002, 36.999990531759202 ], [ -113.335134505146002, 36.999990531759202 ], [ -113.335289504957004, 36.999990531759202 ], [ -113.335440503670995, 36.999990530324297 ], [ -113.335590503459002, 36.999989530949101 ], [ -113.335745505066001, 36.999989530949101 ], [ -113.335897505402002, 36.9999895316665 ], [ -113.336041504443997, 36.999989530949101 ], [ -113.336185505282003, 36.9999895316665 ], [ -113.336295504887005, 36.999989530949101 ], [ -113.336898505310003, 36.9999895316665 ], [ -113.336996504320993, 36.9999895316665 ], [ -113.337198504884995, 36.999988530856498 ], [ -113.337681504759004, 36.9999895316665 ], [ -113.341690506209005, 36.999987531481203 ], [ -113.344112506149003, 36.999988531573798 ], [ -113.344657506844996, 36.9999895316665 ], [ -113.345683506867005, 36.999990531041703 ], [ -113.356726509230995, 36.999988530138999 ], [ -113.357390509753003, 36.999988530138999 ], [ -113.363406510142994, 36.999986529953603 ], [ -113.364941509977996, 36.999986529953603 ], [ -113.367216510502999, 36.999987529328898 ], [ -113.367262510534005, 36.999987529328898 ], [ -113.369838511357997, 36.999987529328898 ], [ -113.370044512120003, 36.999987528611499 ], [ -113.370662511712993, 36.999987529328898 ], [ -113.370868510679003, 36.999988528704101 ], [ -113.372665511354001, 36.999985529143501 ], [ -113.373022511729005, 36.999989529514203 ], [ -113.373189511234997, 36.9999885294216 ], [ -113.375785513048996, 36.999986528518797 ], [ -113.380152512902001, 36.9999845283334 ], [ -113.382475514006003, 36.999985528426102 ], [ -113.384815513929993, 36.9999845283334 ], [ -113.387056514120005, 36.999985528426102 ], [ -113.388272515010996, 36.999984527615901 ], [ -113.391147515585999, 36.999987527894 ], [ -113.391835515498997, 36.9999875271766 ], [ -113.394176516146004, 36.999988527269302 ], [ -113.396390516571998, 36.999987527894 ], [ -113.399044518112007, 36.9999875271766 ], [ -113.402149517043995, 36.999984526898501 ], [ -113.403034517498995, 36.999984526898501 ], [ -113.405250518472997, 36.999986527083898 ], [ -113.406205518350006, 36.999986527083898 ], [ -113.409070518877996, 36.999986527083898 ], [ -113.409827520185004, 36.999986526366499 ], [ -113.410025518755006, 36.999988527269302 ], [ -113.410919519431005, 36.999988526551903 ], [ -113.412546519328004, 36.9999905267372 ], [ -113.414418520344995, 36.999987526459201 ], [ -113.415645519310004, 36.999986526366499 ], [ -113.427597523317004, 36.999987525741801 ], [ -113.430326523402996, 36.999988525834397 ], [ -113.431991522934993, 36.999987525741801 ], [ -113.432903524051994, 36.999987525741801 ], [ -113.435640523635996, 36.999987525024302 ], [ -113.436553524578002, 36.999988525116997 ], [ -113.436662524357999, 36.999987525024302 ], [ -113.436991525145004, 36.999987525024302 ], [ -113.437101524750005, 36.999987525024302 ], [ -113.439096524891994, 36.999987524306903 ], [ -113.445082526042995, 36.999987524306903 ], [ -113.447078526908996, 36.999987524306903 ], [ -113.449197526001996, 36.999987524306903 ], [ -113.455557528143999, 36.999987523589503 ], [ -113.457677527960001, 36.999987523589503 ], [ -113.458327529136994, 36.999987523589503 ], [ -113.460277529074006, 36.999987523589503 ], [ -113.460927528453993, 36.999987523589503 ], [ -113.461120529696004, 36.999983523218603 ], [ -113.461282706147998, 36.999982688133997 ], [ -113.461702530202004, 36.999980522940398 ], [ -113.461899529845994, 36.999980522940398 ], [ -113.462113529207997, 36.999980522940398 ], [ -113.462546597124998, 36.999984526898501 ], [ -113.462546633057002, 36.999984526898501 ], [ -113.462762529661006, 36.999986522779302 ], [ -113.462979529395994, 36.999992523335301 ], [ -113.463557529704005, 36.999990523867503 ], [ -113.465038461738999, 36.999987974133397 ], [ -113.465299530126998, 36.999987522872097 ], [ -113.465405069596002, 36.999987522872097 ], [ -113.465882529560005, 36.999987522872097 ], [ -113.465930204049997, 36.999987185681597 ], [ -113.466023530024998, 36.999986523496801 ], [ -113.466446529623994, 36.999986522779302 ], [ -113.466588530812999, 36.999986522779302 ], [ -113.466728529657004, 36.999986522779302 ], [ -113.467103530474006, 36.9999855226867 ], [ -113.468460629747, 36.999985524121499 ], [ -113.468653529478999, 36.999985523404099 ], [ -113.469121232839996, 36.999986425926799 ], [ -113.469171530411003, 36.999986522779302 ], [ -113.469192012, 36.999986522779302 ], [ -113.469204530921999, 36.999986522779302 ], [ -113.471191530667994, 36.999986522779302 ], [ -113.472619531270993, 36.999988522964699 ], [ -113.472709530784996, 36.9999885222473 ], [ -113.475672532120996, 36.999993522710497 ], [ -113.476925531923996, 36.999996522988198 ], [ -113.477080848840004, 36.999996997924598 ], [ -113.477252531264, 36.999997522363401 ], [ -113.478281683473995, 36.999998544696098 ], [ -113.478282465007993, 36.999998546131003 ], [ -113.479273532243994, 36.9999995218311 ], [ -113.479305532929004, 37.000001522016099 ], [ -113.480333532600994, 36.9999995218311 ], [ -113.480430532685006, 36.9999995218311 ], [ -113.480549532511006, 36.999998521738497 ], [ -113.483170874901006, 36.999996187950103 ], [ -113.483906533134999, 36.999995522178203 ], [ -113.484478555154993, 36.999995521460903 ], [ -113.484478556053006, 37.000005908361402 ], [ -113.484479052821001, 37.005711223825301 ], [ -113.485829084149998, 37.006404749224203 ], [ -113.485829456052002, 37.008679101299101 ], [ -113.485830247468002, 37.008703735625403 ], [ -113.480201055351003, 37.008690332045099 ], [ -113.480198381066998, 37.008690332045099 ], [ -113.480198320878998, 37.0086903306103 ], [ -113.480198259793994, 37.008690332045099 ], [ -113.479098641037993, 37.008692499859997 ], [ -113.479100956894996, 37.009604464441303 ], [ -113.478969953779995, 37.009604712639501 ], [ -113.476845101264999, 37.009608719677502 ], [ -113.476842082027005, 37.009759740235701 ], [ -113.476826035420999, 37.010562114681697 ], [ -113.476833570490001, 37.0117575662806 ], [ -113.476858823030994, 37.015763629195597 ], [ -113.476858693674004, 37.015780305900698 ], [ -113.476829031302998, 37.0176328025332 ], [ -113.476829033998001, 37.017634918450398 ], [ -113.476836229502993, 37.022749295379903 ], [ -113.476836852933999, 37.023152571732702 ], [ -113.476836866409002, 37.023191052799298 ], [ -113.476836935579001, 37.023213942476502 ], [ -113.476846308600997, 37.023213941042101 ], [ -113.476826039014995, 37.0232335659854 ], [ -113.476835030252005, 37.025077175653401 ], [ -113.476835031150998, 37.025340688658098 ], [ -113.476835032048996, 37.026744779260497 ], [ -113.476835032946994, 37.0268578337771 ], [ -113.476835032946994, 37.030491093685796 ], [ -113.476835030252005, 37.031536065127398 ], [ -113.477088964220002, 37.032183263954003 ], [ -113.477371285849003, 37.032733638575301 ], [ -113.477573245990001, 37.032976515129697 ], [ -113.477726326999004, 37.033160607704303 ], [ -113.477866297995007, 37.033391639084002 ], [ -113.477963797542998, 37.033552570878697 ], [ -113.479818940775004, 37.037746841585502 ], [ -113.481612479342004, 37.041854380871797 ], [ -113.483017107579002, 37.045037012784903 ], [ -113.476847559953995, 37.045074063818703 ], [ -113.476840940269, 37.045074111140799 ], [ -113.476857550117998, 37.081801796059302 ], [ -113.476857436930004, 37.081801798209199 ], [ -113.476857436930004, 37.081801862708097 ], [ -113.476857796256994, 37.081826631696302 ], [ -113.476869573170006, 37.082727404110102 ], [ -113.476872728952003, 37.082970360044698 ], [ -113.476873278721001, 37.083012788156601 ], [ -113.476873302974994, 37.083014718074701 ], [ -113.466750336260006, 37.0830145109651 ], [ -113.466758454336002, 37.083641280986498 ], [ -113.466773713118997, 37.086680254090403 ], [ -113.464418592751997, 37.090311624341098 ], [ -113.462963878048996, 37.092554348537298 ], [ -113.460937658755, 37.094545151014898 ], [ -113.460111909380004, 37.0953564287381 ], [ -113.457860062033006, 37.097568689033501 ], [ -113.452148843849002, 37.102821142937103 ], [ -113.449524615173004, 37.106036046842497 ], [ -113.447444027143007, 37.108584705047797 ], [ -113.447277061772994, 37.108789225690899 ], [ -113.443170554486997, 37.1120986718051 ], [ -113.442897038143997, 37.1132711878072 ], [ -113.442897024670003, 37.113271250130197 ], [ -113.442893754802, 37.113270689939498 ], [ -113.442869536222005, 37.113266537938301 ], [ -113.442646536639003, 37.113232538225702 ], [ -113.442219536842003, 37.113163538719903 ], [ -113.442004537654995, 37.113128538209502 ], [ -113.441646573387004, 37.113081468482598 ], [ -113.441646463793006, 37.113081454155399 ], [ -113.441061536576001, 37.113004538030999 ], [ -113.440999535752994, 37.112996538451597 ], [ -113.440503808548002, 37.112928186319799 ], [ -113.440281536601006, 37.112897537586697 ], [ -113.439576599850994, 37.112803807574799 ], [ -113.439559536351993, 37.112801538143998 ], [ -113.438829535707995, 37.112665538366898 ], [ -113.438143536343006, 37.112562538331098 ], [ -113.437925535885, 37.112548538447498 ], [ -113.437589536323998, 37.112526538216002 ], [ -113.436923536151994, 37.112546537645301 ], [ -113.436312536231995, 37.112610538935499 ], [ -113.436185287176997, 37.112636508506398 ], [ -113.436084966020999, 37.112656982138297 ], [ -113.436079717165001, 37.1126580530997 ], [ -113.435975367962996, 37.1126793491093 ], [ -113.435822535786997, 37.112710538783702 ], [ -113.435670536350003, 37.112741538609598 ], [ -113.435084535645998, 37.112929539523002 ], [ -113.43465353565, 37.1131005386491 ], [ -113.434390534985994, 37.113224537953997 ], [ -113.434186536568006, 37.113338539596803 ], [ -113.433875536223994, 37.113511539292503 ], [ -113.433117535091995, 37.1139825391692 ], [ -113.432435535026997, 37.114400538736703 ], [ -113.432036535717003, 37.114624539680499 ], [ -113.431690139953005, 37.1147748233832 ], [ -113.431522534983003, 37.114847538516202 ], [ -113.430904534491006, 37.115047538619102 ], [ -113.430691534953993, 37.115101539136603 ], [ -113.430656877052002, 37.115107052797498 ], [ -113.430656600370995, 37.114968825045203 ], [ -113.430650934696999, 37.112135623459103 ], [ -113.430645787350002, 37.108491080740002 ], [ -113.430616681935007, 37.105468036667901 ], [ -113.430611320788998, 37.104911032413398 ], [ -113.398792427486995, 37.1049735936747 ], [ -113.394432235964999, 37.104990846139003 ], [ -113.394394209381005, 37.1049909836944 ], [ -113.394388429619994, 37.103829238063398 ], [ -113.394385366365, 37.103827075830502 ], [ -113.394377384834002, 37.101344931462101 ], [ -113.385266053180999, 37.1013705445121 ], [ -113.385266105284003, 37.0978327879535 ], [ -113.385266082826007, 37.097742396831599 ], [ -113.380764555767001, 37.097742426924803 ], [ -113.380733501007001, 37.097742330196802 ], [ -113.376209864613003, 37.097733439108303 ], [ -113.373581875588002, 37.097731378444898 ], [ -113.371648024665006, 37.097729825782302 ], [ -113.367163098473, 37.097724418331602 ], [ -113.367162743638005, 37.097724417615098 ], [ -113.367088265215997, 37.097724462754798 ], [ -113.356627432242007, 37.097732408776601 ], [ -113.355196025227002, 37.097733375339502 ], [ -113.355147761441998, 37.097733432659801 ], [ -113.354795273304006, 37.097733407582197 ], [ -113.351358494199005, 37.0977334190462 ], [ -113.350666459053002, 37.0977334484229 ], [ -113.350661353926995, 37.094139484533699 ], [ -113.350661244332997, 37.094084962477801 ], [ -113.348906663004996, 37.094081626994402 ], [ -113.346185963351999, 37.094076394835099 ], [ -113.346091455193999, 37.094076192771503 ], [ -113.346055588159999, 37.0832578257329 ], [ -113.346055592650998, 37.083254310612901 ], [ -113.337008398015001, 37.0832543149128 ], [ -113.327970238633995, 37.083263363211003 ], [ -113.327957809544003, 37.072495214494602 ], [ -113.327936214044001, 37.0724951879752 ], [ -113.32683121977, 37.072492638524203 ], [ -113.326823121456997, 37.072492617738703 ], [ -113.326846114735005, 37.074249198477403 ], [ -113.325677528721002, 37.074253384153003 ], [ -113.325677559263994, 37.074258070102701 ], [ -113.325697121876004, 37.076020937049101 ], [ -113.325682275418998, 37.076020957833698 ], [ -113.323455616833002, 37.076014782672601 ], [ -113.323454934113002, 37.076077161380702 ], [ -113.323424360851007, 37.078748907916903 ], [ -113.323416487117996, 37.078748881399697 ], [ -113.321117338080995, 37.078743633848298 ], [ -113.321120230656007, 37.078915891950501 ], [ -113.321132497152007, 37.079594636880401 ], [ -113.318932142134997, 37.079602462968502 ], [ -113.318933336894005, 37.079678593133302 ], [ -113.318962621073993, 37.081470021124197 ], [ -113.318908430204999, 37.081470901179102 ], [ -113.316651696920999, 37.081505654020603 ], [ -113.316671802116005, 37.083263285813899 ], [ -113.316648407290998, 37.083263382560297 ], [ -113.311761507466002, 37.083263349594901 ], [ -113.311477590429007, 37.083263389010099 ], [ -113.309947758601993, 37.083263290113798 ], [ -113.309947760398998, 37.083267074689999 ], [ -113.309947804415998, 37.083338902055303 ], [ -113.309947807111001, 37.086547636387799 ], [ -113.309947794535006, 37.090492852715798 ], [ -113.309947807111001, 37.0905043880867 ], [ -113.305453784578006, 37.090498787362598 ], [ -113.305423971289997, 37.090498736485998 ], [ -113.305427758587001, 37.0977425544623 ], [ -113.305448865402994, 37.105007117084099 ], [ -113.305435592795007, 37.112257290423997 ], [ -113.305423788932004, 37.115863684166001 ], [ -113.305445856047001, 37.118787189735997 ], [ -113.305445945879001, 37.118797552506898 ], [ -113.305451252227002, 37.119488057836101 ], [ -113.305449328934003, 37.119647251919602 ], [ -113.305448989371001, 37.119669428439899 ], [ -113.305448728859005, 37.119690521914798 ], [ -113.305447210707001, 37.119814830610999 ], [ -113.305407555477004, 37.123133280319799 ], [ -113.305407595901002, 37.1263651597042 ], [ -113.305407767478997, 37.1314998791336 ], [ -113.305404939582999, 37.1330717573735 ], [ -113.305386059689994, 37.134010664784903 ], [ -113.300910877524004, 37.134004470716299 ], [ -113.300879860492998, 37.137390700023403 ], [ -113.300274856827997, 37.137400172964902 ], [ -113.300201851642996, 37.137405914878698 ], [ -113.300129672908, 37.137416378939101 ], [ -113.300058807509998, 37.137431499976501 ], [ -113.299989722573002, 37.137451173433398 ], [ -113.299922938221997, 37.137475241758402 ], [ -113.299922875340002, 37.137475265390499 ], [ -113.299858833545002, 37.137503560289403 ], [ -113.299858595491003, 37.137503674869798 ], [ -113.299797655578999, 37.137536030912599 ], [ -113.299752117935995, 37.137562073947898 ], [ -113.299708007307004, 37.137589633692102 ], [ -113.299635945353003, 37.137640247325102 ], [ -113.299635617467999, 37.137640762219398 ], [ -113.299049993157993, 37.137639448128802 ], [ -113.298990128528999, 37.137640159241599 ], [ -113.296344943055004, 37.137630896871201 ], [ -113.296351834929993, 37.139679065523502 ], [ -113.296350995904007, 37.141359863864302 ], [ -113.296386502714, 37.143922165529503 ], [ -113.296386873718006, 37.143945590200502 ], [ -113.296412471211994, 37.1439581614543 ], [ -113.296424588587001, 37.143964235124997 ], [ -113.296426076196994, 37.144426534407401 ], [ -113.296427564704999, 37.1449074877291 ], [ -113.296450747527999, 37.144922088843998 ], [ -113.295448503453997, 37.144919973612303 ], [ -113.295421483926006, 37.144919956427003 ], [ -113.294143230684, 37.144904072137599 ], [ -113.291815572714, 37.144875224346301 ], [ -113.291754530394002, 37.1448744223623 ], [ -113.291745509511998, 37.148491298414001 ], [ -113.291745485256996, 37.148509143136501 ], [ -113.291745533766004, 37.148823927587102 ], [ -113.290028527169994, 37.148833959024202 ], [ -113.287273873893994, 37.148849980679898 ], [ -113.287273873893994, 37.148850019344998 ], [ -113.287273832571003, 37.148850020060998 ], [ -113.287273839758001, 37.148859777975197 ], [ -113.287260510555996, 37.152531287833 ], [ -113.287263817254001, 37.153179024264404 ], [ -113.287278461590006, 37.1561165364187 ], [ -113.287278549625, 37.156254245128601 ], [ -113.287255050596002, 37.156254167805997 ], [ -113.282491565816002, 37.156243311147598 ], [ -113.278835454949004, 37.156235928275201 ], [ -113.273687118428001, 37.156225360857697 ], [ -113.271445038463, 37.156211958993403 ], [ -113.271445069006006, 37.156166577065498 ], [ -113.271445072598993, 37.156164192950897 ], [ -113.271461737246, 37.145335223827402 ], [ -113.271461738143998, 37.145332840087299 ], [ -113.269218024143996, 37.1452842745014 ], [ -113.269217184219002, 37.1448893227954 ], [ -113.269217180626001, 37.144886939041399 ], [ -113.269210266293001, 37.141595556088397 ], [ -113.269210261802002, 37.141593172946699 ], [ -113.261887785799004, 37.1415350201111 ], [ -113.261296741053997, 37.141530351211799 ], [ -113.261025145309006, 37.141528144942001 ], [ -113.259458632573995, 37.141515673536702 ], [ -113.255682759211993, 37.141485425214597 ], [ -113.255682637939003, 37.141488941929097 ], [ -113.255646729581997, 37.147544180970897 ], [ -113.255646697242994, 37.147546885423502 ], [ -113.255646729581997, 37.1475469541625 ], [ -113.255646701735003, 37.147549269093702 ], [ -113.259583307057994, 37.156145599718798 ], [ -113.260819072681997, 37.159252057271601 ], [ -113.260812322741003, 37.159254596643599 ], [ -113.260100853441998, 37.159524933677602 ], [ -113.260008026931004, 37.163428658390302 ], [ -113.259930691866003, 37.1707136674449 ], [ -113.259930708035995, 37.170714969507898 ], [ -113.259930696357998, 37.170716051100598 ], [ -113.259930856257995, 37.170728755339702 ], [ -113.259988773339003, 37.177973013392901 ], [ -113.259888712695002, 37.1852378932143 ], [ -113.259888749525999, 37.1852378932143 ], [ -113.259888717186001, 37.185240276411697 ], [ -113.263890237466001, 37.185240000161201 ], [ -113.263896431350005, 37.185239972249903 ], [ -113.264463569230003, 37.185239853447797 ], [ -113.264639963318004, 37.185239814801399 ], [ -113.269040823368996, 37.185218118398303 ], [ -113.269040820673993, 37.185215734484501 ], [ -113.269040091242005, 37.181592152227203 ], [ -113.272136126784005, 37.181545588871401 ], [ -113.272135982156001, 37.181560691780099 ], [ -113.272117367266006, 37.185171436328602 ], [ -113.272117380740994, 37.185172217130599 ], [ -113.272117372655998, 37.185173819528103 ], [ -113.272147447354001, 37.186992719871398 ], [ -113.273599834522003, 37.186977010454797 ], [ -113.273652869260005, 37.186976352764702 ], [ -113.273692327757999, 37.188798766431702 ], [ -113.275480269821003, 37.188800202007897 ], [ -113.275490181831998, 37.188800191988904 ], [ -113.275680442313998, 37.188800320804297 ], [ -113.276900303266004, 37.188801294791901 ], [ -113.277456975773006, 37.1888017470771 ], [ -113.278200414316004, 37.188802347500001 ], [ -113.278249253921004, 37.188802383282002 ], [ -113.278346816351004, 37.188802444827203 ], [ -113.278326840513998, 37.188844774272503 ], [ -113.278247326135997, 37.189013268831701 ], [ -113.278246025376006, 37.189015956056501 ], [ -113.278245034533995, 37.189018054310402 ], [ -113.278209986763002, 37.189092313994998 ], [ -113.278213564753003, 37.189093045377398 ], [ -113.278218877390003, 37.189094123128797 ], [ -113.278204512429994, 37.189109558015502 ], [ -113.278167512620001, 37.189151558095404 ], [ -113.278016513905996, 37.189415558573202 ], [ -113.277824512487996, 37.189784557849102 ], [ -113.277750512867996, 37.189996558469602 ], [ -113.277698512092002, 37.190140558079101 ], [ -113.277655316600999, 37.1902283735106 ], [ -113.277570609063005, 37.190218421276803 ], [ -113.276977211631007, 37.190174317843599 ], [ -113.276383751316999, 37.190623179940999 ], [ -113.275893134626997, 37.190569435137597 ], [ -113.275663262932994, 37.190555828254297 ], [ -113.275430953210005, 37.1904722432649 ], [ -113.275405676415005, 37.190463266460497 ], [ -113.275399979298996, 37.190461122446798 ], [ -113.275319938509, 37.190421564810599 ], [ -113.275314566584001, 37.190418964226403 ], [ -113.275235785231999, 37.190380103587998 ], [ -113.275220315344001, 37.190375084185902 ], [ -113.274763568734997, 37.190226235215299 ], [ -113.274241297212001, 37.190055932104997 ], [ -113.274191697632006, 37.190039761744799 ], [ -113.273914465857004, 37.18994937555 ], [ -113.273704104672007, 37.189943952503697 ], [ -113.272968294622999, 37.189759809149699 ], [ -113.272843393764006, 37.189738053932103 ], [ -113.272505265196003, 37.189679114435798 ], [ -113.272175633792003, 37.189621813694004 ], [ -113.271549066068005, 37.189496758806797 ], [ -113.271269042328996, 37.1894408469743 ], [ -113.270576363092005, 37.189255951690399 ], [ -113.269883952450996, 37.189079879777097 ], [ -113.269383473158001, 37.188918239767098 ], [ -113.269084992634006, 37.1888025650549 ], [ -113.268772613375006, 37.188723024364101 ], [ -113.268654281896005, 37.188702400277798 ], [ -113.268476628369996, 37.1887283344266 ], [ -113.268323059576005, 37.1888664596148 ], [ -113.268002933245995, 37.189363757292902 ], [ -113.267822204788004, 37.189671020628197 ], [ -113.266935524483003, 37.191296679906898 ], [ -113.266777636588998, 37.191614589446097 ], [ -113.266587249444001, 37.191960788625202 ], [ -113.266335602587006, 37.192364305673799 ], [ -113.266293209292002, 37.192423336102998 ], [ -113.266392582725004, 37.192423867798901 ], [ -113.266586122956994, 37.192424975558197 ], [ -113.266584765602005, 37.192426615728998 ], [ -113.265732409924993, 37.194188562908003 ], [ -113.265636976501995, 37.194385842249297 ], [ -113.265593236632995, 37.194384497659001 ], [ -113.264884923116, 37.194362685095498 ], [ -113.264307834598, 37.194341775598602 ], [ -113.264307496830995, 37.194341724076203 ], [ -113.263827897081001, 37.194125588807502 ], [ -113.263514491047999, 37.193816151735597 ], [ -113.263254423383003, 37.193406560583298 ], [ -113.263083415593997, 37.193051863117397 ], [ -113.263026252198998, 37.192933273650098 ], [ -113.262828400055, 37.192720761030699 ], [ -113.262441840614997, 37.192601976398798 ], [ -113.262149922283001, 37.192634590095203 ], [ -113.261961751282996, 37.1927463309883 ], [ -113.261903876421997, 37.1930718770395 ], [ -113.261899890596993, 37.193138373486697 ], [ -113.261888886234999, 37.193324505836202 ], [ -113.261855679112003, 37.193721678292 ], [ -113.261776091971001, 37.194074675228997 ], [ -113.261666900850003, 37.194386961429203 ], [ -113.261661921487999, 37.194401296090803 ], [ -113.261521151889994, 37.194629380855801 ], [ -113.261425513652, 37.194784325081798 ], [ -113.260946244481005, 37.195334300525197 ], [ -113.260561581385005, 37.195657073293702 ], [ -113.260557283845003, 37.195660309129103 ], [ -113.260021702882995, 37.196063916604103 ], [ -113.259579930290002, 37.196360738992198 ], [ -113.259455078838997, 37.196408903243999 ], [ -113.258989634740999, 37.196588295473397 ], [ -113.258295585572995, 37.196736717589403 ], [ -113.257384387548996, 37.196781129891399 ], [ -113.257085858514998, 37.1967210302358 ], [ -113.256443695140007, 37.196591777423997 ], [ -113.256263963810994, 37.196544914191001 ], [ -113.256103875044005, 37.196503173681499 ], [ -113.255857839962005, 37.196439097389202 ], [ -113.255751200057006, 37.192610567953402 ], [ -113.255744688169003, 37.192418280340704 ], [ -113.255743549105006, 37.192414066131803 ], [ -113.255674577356004, 37.189948999844098 ], [ -113.255542869962994, 37.185246484891003 ], [ -113.255538814068998, 37.185246472008899 ], [ -113.255484894491005, 37.170722440442603 ], [ -113.237247811429, 37.1706775568422 ], [ -113.236185363163003, 37.170677433006603 ], [ -113.228073578842, 37.170659433890002 ], [ -113.227129231188002, 37.1706504282457 ], [ -113.219883659955997, 37.1706347719796 ], [ -113.218846484891998, 37.170632487103603 ], [ -113.218846556757001, 37.170638794134199 ], [ -113.218873476571005, 37.177872032619 ], [ -113.218876865915007, 37.179073311798703 ], [ -113.218880191477993, 37.180276213741898 ], [ -113.218883562854998, 37.181480646758899 ], [ -113.218900395486997, 37.185111572908703 ], [ -113.181421216681997, 37.18529362924 ], [ -113.163897861283004, 37.185336448741701 ], [ -113.154814725052006, 37.185264498424402 ], [ -113.145686659581997, 37.185300453194898 ], [ -113.145680729803004, 37.187689755653501 ], [ -113.145677755481003, 37.188882063439102 ], [ -113.145677594682994, 37.193201991018803 ], [ -113.145595008965998, 37.193659245507703 ], [ -113.145571973467, 37.194218433063298 ], [ -113.145629354253998, 37.1943789854827 ], [ -113.145562012048998, 37.196083012364298 ], [ -113.145561513483997, 37.196133040141902 ], [ -113.145558731400996, 37.196376966675501 ], [ -113.145543732231005, 37.197689536273202 ], [ -113.145675807035005, 37.199759727057803 ], [ -113.145677636005004, 37.199788533867498 ], [ -113.147890151515995, 37.199797269142799 ], [ -113.150160917383005, 37.199806166128297 ], [ -113.164100678416006, 37.199664156976397 ], [ -113.164113968989994, 37.199664004566799 ], [ -113.164113817174993, 37.199678426953099 ], [ -113.164020653795006, 37.207086501061703 ], [ -113.163879915638006, 37.2071809091278 ], [ -113.163981404604002, 37.210812301478597 ], [ -113.163980925801994, 37.210858633588202 ], [ -113.163976448599001, 37.211419735562203 ], [ -113.163976091967001, 37.211462460119201 ], [ -113.163971610272, 37.2120194160306 ], [ -113.163971217709005, 37.212064845968897 ], [ -113.163966733319, 37.2126217115839 ], [ -113.163966826744002, 37.212664429021601 ], [ -113.163961877025997, 37.2132247277546 ], [ -113.163961486258998, 37.213266281595502 ], [ -113.163957084513996, 37.2138220645218 ], [ -113.163956629967004, 37.2138653321406 ], [ -113.163952177916002, 37.2144272444786 ], [ -113.163951695521007, 37.214485292582999 ], [ -113.163951651503993, 37.214494579875002 ], [ -113.163951647909997, 37.214495477698897 ], [ -113.166193788062003, 37.214496369084301 ], [ -113.168413361635999, 37.214497208960999 ], [ -113.182108085615994, 37.2144770318857 ], [ -113.182174227671993, 37.214476894529398 ], [ -113.182190228463995, 37.2144768702058 ], [ -113.18219014492, 37.214507882691798 ], [ -113.209079115384, 37.214522306533901 ], [ -113.209079735222005, 37.2149860914652 ], [ -113.209922481621007, 37.215091904442197 ], [ -113.209924969954002, 37.2145138712836 ], [ -113.222969455601998, 37.214579544735997 ], [ -113.222967158610004, 37.218199786198099 ], [ -113.222964872397995, 37.221618630429703 ], [ -113.222971239656005, 37.2216243688068 ], [ -113.222987105700994, 37.221646601258897 ], [ -113.223016256031997, 37.221679849778603 ], [ -113.223028793818003, 37.221703857661502 ], [ -113.223034142386993, 37.221713310021102 ], [ -113.223046067523001, 37.221735616841102 ], [ -113.223059928528002, 37.221770143613803 ], [ -113.223084206397004, 37.221802492196097 ], [ -113.223101065978, 37.221827860593798 ], [ -113.223107338912996, 37.221834232020399 ], [ -113.223134287473997, 37.221861573281302 ], [ -113.223145619720995, 37.221882900058802 ], [ -113.223148686569004, 37.221891403871801 ], [ -113.223159840052006, 37.2219104809367 ], [ -113.223179828465007, 37.2219464246919 ], [ -113.223201453608993, 37.221980535763301 ], [ -113.223214369586003, 37.2220097632867 ], [ -113.223252853413001, 37.2220614920912 ], [ -113.223256393674006, 37.222066922844597 ], [ -113.223257261445994, 37.222069610323402 ], [ -113.223258396917004, 37.222073734176298 ], [ -113.223278726689998, 37.222140494064 ], [ -113.223283897393003, 37.222159232717303 ], [ -113.223288017067006, 37.222184389258899 ], [ -113.223289180384995, 37.222224021811002 ], [ -113.223294201068995, 37.222249161878601 ], [ -113.223320969965997, 37.222289574814802 ], [ -113.223325130063998, 37.2223007617606 ], [ -113.223343589544996, 37.222338356295801 ], [ -113.223347815219995, 37.222359456181103 ], [ -113.223361898109005, 37.222416870128697 ], [ -113.223364256186002, 37.222428090675798 ], [ -113.223365529098999, 37.222436899154701 ], [ -113.223377895306996, 37.222481908648497 ], [ -113.223386322403002, 37.222511761168597 ], [ -113.223387288091999, 37.2225177813146 ], [ -113.223388290611993, 37.222525061856402 ], [ -113.223396997083995, 37.222595103951697 ], [ -113.223398944631001, 37.222607684296896 ], [ -113.223396930608004, 37.2226197088359 ], [ -113.223382656378007, 37.222644039744303 ], [ -113.223367297882007, 37.222685153482402 ], [ -113.223365997120993, 37.222698426242097 ], [ -113.223369725129999, 37.222710251907799 ], [ -113.223385301917006, 37.222734112106799 ], [ -113.223414713658002, 37.222764742079001 ], [ -113.223424396598006, 37.222787452028001 ], [ -113.223431964005997, 37.222822547712802 ], [ -113.223435617454001, 37.222839512206903 ], [ -113.223443712172994, 37.222877211625303 ], [ -113.223449921329006, 37.222919813097 ], [ -113.223450860965997, 37.2229249319102 ], [ -113.223457169835001, 37.222967081274497 ], [ -113.223467637902999, 37.222997346340499 ], [ -113.223474490252002, 37.2230311035702 ], [ -113.223482004659004, 37.223056737652399 ], [ -113.223485462273999, 37.223074697098603 ], [ -113.223500882755005, 37.223139295132 ], [ -113.223502333534, 37.223146478330897 ], [ -113.223503173458994, 37.223152049923399 ], [ -113.223511867354006, 37.223206320889098 ], [ -113.223517587825995, 37.223232258205201 ], [ -113.223518382834996, 37.223236299017898 ], [ -113.223519203894995, 37.223241240411497 ], [ -113.223533652398004, 37.223311084415101 ], [ -113.223535896388995, 37.223326092416002 ], [ -113.223539020730001, 37.223432468806102 ], [ -113.223537186369995, 37.2234927954038 ], [ -113.223537583424999, 37.223506306220301 ], [ -113.223537518746994, 37.2235194651008 ], [ -113.223535211872999, 37.223586740163803 ], [ -113.223535159771004, 37.223596474120001 ], [ -113.223535091499002, 37.223605668015097 ], [ -113.223532248330997, 37.223681514566799 ], [ -113.223532286060006, 37.223686650495701 ], [ -113.223532204313997, 37.2236915188981 ], [ -113.223528624527006, 37.223776841785103 ], [ -113.223526773998003, 37.223863484319999 ], [ -113.223526539537005, 37.223867003638901 ], [ -113.223526430841005, 37.223870971456101 ], [ -113.223517776471994, 37.223944673963103 ], [ -113.223517245566995, 37.2239573005781 ], [ -113.223515544158005, 37.223972293428901 ], [ -113.223507740493005, 37.224025070958398 ], [ -113.223505473146005, 37.224047644619503 ], [ -113.223503341444001, 37.224074811258497 ], [ -113.223501393896001, 37.224108283314003 ], [ -113.223498995393996, 37.2241378884098 ], [ -113.223496090243003, 37.224173271019097 ], [ -113.223494240611004, 37.224190879699698 ], [ -113.223491391154994, 37.224228154266598 ], [ -113.223489824493001, 37.224270721356 ], [ -113.223489969121999, 37.224275675557301 ], [ -113.223488179678, 37.224318337040103 ], [ -113.223487311905998, 37.224361702357797 ], [ -113.223487082835007, 37.224365401194703 ], [ -113.223486094687999, 37.224408498246497 ], [ -113.223487306516006, 37.224449751937499 ], [ -113.223487855385997, 37.224456951463601 ], [ -113.223489077992994, 37.224498564925298 ], [ -113.223492487998001, 37.224541759897399 ], [ -113.223492700899001, 37.224545180473001 ], [ -113.223496116294001, 37.224588555674501 ], [ -113.223496425313996, 37.224633611094099 ], [ -113.223496622045005, 37.224678668632698 ], [ -113.223503434867993, 37.2247686627436 ], [ -113.223505697723994, 37.224811157997898 ], [ -113.223505843251999, 37.224816112163701 ], [ -113.223508108803003, 37.224858697518997 ], [ -113.223510216250006, 37.224899754256498 ], [ -113.223510448913999, 37.224907680483199 ], [ -113.223512556361996, 37.224948736478801 ], [ -113.223515391445005, 37.2249877066428 ], [ -113.223515746279006, 37.224999776581399 ], [ -113.223518468175001, 37.2250387481497 ], [ -113.223520234261997, 37.225075845619102 ], [ -113.223520696894994, 37.225091607907302 ], [ -113.223522578865001, 37.225128793332203 ], [ -113.223526292501006, 37.2251631504569 ], [ -113.223527723516995, 37.225185023502398 ], [ -113.223531193708993, 37.225218754002199 ], [ -113.223533778161993, 37.225249166946099 ], [ -113.223534635155005, 37.225278351000398 ], [ -113.223537106419997, 37.225308765350903 ], [ -113.223541370722998, 37.225335001652397 ], [ -113.223548347938006, 37.225376867128602 ], [ -113.223551916944004, 37.225398609928597 ], [ -113.223553035346995, 37.225417514435897 ], [ -113.223552953600006, 37.225468435482597 ], [ -113.223554112426996, 37.225488691161402 ], [ -113.223555573986005, 37.225507769462297 ], [ -113.223557098426994, 37.225559651801298 ], [ -113.223558447696007, 37.225578732230197 ], [ -113.223559540048001, 37.225596736139302 ], [ -113.223559628980993, 37.225649636277304 ], [ -113.223560642281001, 37.225668813963097 ], [ -113.223560755468, 37.225688007380299 ], [ -113.223558585139003, 37.225736894672202 ], [ -113.223558670477999, 37.225758972839799 ], [ -113.223561316016998, 37.225849045773899 ], [ -113.223562527843995, 37.225871103165197 ], [ -113.223566182191007, 37.225918799381802 ], [ -113.223567341017997, 37.225939055654997 ], [ -113.223569020867004, 37.225957859170997 ], [ -113.223578512466005, 37.226016261053701 ], [ -113.223579786277995, 37.226028943829697 ], [ -113.223581458042005, 37.22603981764 ], [ -113.223596354804997, 37.226082706301497 ], [ -113.223611382721003, 37.2261070275094 ], [ -113.223614759488001, 37.226118409877699 ], [ -113.223620470078004, 37.2261363271082 ], [ -113.223638556758004, 37.226176541972897 ], [ -113.223646466424, 37.226207936618898 ], [ -113.223659171297996, 37.2262529395705 ], [ -113.223670288847003, 37.226297611317896 ], [ -113.223676624665003, 37.226329125366298 ], [ -113.223680061619007, 37.2263578998596 ], [ -113.223685438036, 37.2263874497106 ], [ -113.223689060043995, 37.226410993305798 ], [ -113.223695619541999, 37.226457824402502 ], [ -113.223698559728007, 37.226477325190999 ], [ -113.223700615073, 37.226493599329402 ], [ -113.223714060158002, 37.226559946878197 ], [ -113.223715059982993, 37.226567138334701 ], [ -113.223715583700994, 37.226573437117203 ], [ -113.223725267538995, 37.226634537999203 ], [ -113.223730436446004, 37.226653186840899 ], [ -113.223731335658996, 37.226656954947799 ], [ -113.223733307461004, 37.226662685788803 ], [ -113.223762673387995, 37.226718550736997 ], [ -113.223769913808994, 37.226746352299003 ], [ -113.223782528851004, 37.226788292811399 ], [ -113.223784346141997, 37.226792584497197 ], [ -113.223794750430002, 37.2268360084758 ], [ -113.223801843527994, 37.226870301878002 ], [ -113.223805465534994, 37.226893846037797 ], [ -113.223811589350007, 37.2269258147548 ], [ -113.223817576621002, 37.226949314549898 ], [ -113.223831973920994, 37.227002035634698 ], [ -113.223835411772995, 37.227015489315498 ], [ -113.223837384473001, 37.227025095509603 ], [ -113.223850622946003, 37.227065221921102 ], [ -113.223867199558001, 37.227092397486999 ], [ -113.22387140008, 37.2271049363111 ], [ -113.223876702835, 37.227124303175401 ], [ -113.223892725187, 37.227163295104098 ], [ -113.223899502975001, 37.227194530547798 ], [ -113.223912881584994, 37.227239430626099 ], [ -113.223924114119001, 37.227284190483402 ], [ -113.223934645968001, 37.227312742161502 ], [ -113.223942748770995, 37.227350711148603 ], [ -113.223949852649, 37.227373829569402 ], [ -113.223953571674002, 37.227389170795398 ], [ -113.223974212263997, 37.227435736632899 ], [ -113.223989216823995, 37.227451587121898 ], [ -113.223994626478998, 37.2274631109117 ], [ -113.224003848584005, 37.227485468246101 ], [ -113.224020461128006, 37.227517690634599 ], [ -113.224032079040001, 37.227552529480697 ], [ -113.224043897276005, 37.2275903395564 ], [ -113.224046846445006, 37.227606325914799 ], [ -113.224056465605003, 37.227642193997603 ], [ -113.224065463130998, 37.227664555570598 ], [ -113.224090765976996, 37.227727887217398 ], [ -113.224092711728005, 37.227732716734302 ], [ -113.224095827984002, 37.2277390569053 ], [ -113.224133343426999, 37.227792245225501 ], [ -113.224144099854001, 37.2278207924196 ], [ -113.224162058972993, 37.227860469217603 ], [ -113.224166390649998, 37.227873635921704 ], [ -113.224180764593001, 37.227910226300502 ], [ -113.224188134371005, 37.227930906193897 ], [ -113.224215925550993, 37.227990675574603 ], [ -113.224220370414997, 37.2279961795738 ], [ -113.224221822093, 37.227999577104001 ], [ -113.224227719531996, 37.228008478632397 ], [ -113.224263825519003, 37.228052049971502 ], [ -113.224278424939001, 37.228088635972099 ], [ -113.224294080777, 37.228118983384398 ], [ -113.224334125875998, 37.228177711901402 ], [ -113.224370871462995, 37.228239205595699 ], [ -113.224382618731994, 37.228266922910898 ], [ -113.224400577851, 37.228306600189399 ], [ -113.224410903985003, 37.2283243402292 ], [ -113.224427619836007, 37.228356200334602 ], [ -113.224435453145006, 37.2283696616417 ], [ -113.224452944242003, 37.228385735097298 ], [ -113.224485288981995, 37.228420184438001 ], [ -113.224499767129998, 37.228444966953298 ], [ -113.224520161582006, 37.228483155671803 ], [ -113.224534490609003, 37.228506678585298 ], [ -113.224550399771999, 37.228534137591801 ], [ -113.224557460529994, 37.228544278610201 ], [ -113.224570754697993, 37.228559440066697 ], [ -113.224605423379998, 37.228596279739797 ], [ -113.224621646954006, 37.2286229211673 ], [ -113.224641292211004, 37.228658600652302 ], [ -113.224666030017005, 37.228694996098703 ], [ -113.224676673256994, 37.2287120093402 ], [ -113.224681335512997, 37.228717239341201 ], [ -113.224688416933006, 37.228728101319703 ], [ -113.224724133948001, 37.228773752940498 ], [ -113.224736656462994, 37.228801004423801 ], [ -113.224761759884004, 37.228834508714201 ], [ -113.224794922989005, 37.228881470628998 ], [ -113.224800919244004, 37.228889919293103 ], [ -113.224803015912002, 37.228892223148897 ], [ -113.224806040538994, 37.228895411067299 ], [ -113.224856259058996, 37.228939798721498 ], [ -113.224885346508003, 37.228978454969699 ], [ -113.224901145177995, 37.228994470359403 ], [ -113.224922403809998, 37.229019845636401 ], [ -113.224951313391998, 37.229044806769501 ], [ -113.224964816867001, 37.229067083525997 ], [ -113.224988277269006, 37.229106026527802 ], [ -113.224994258253005, 37.229121594853702 ], [ -113.225010945356999, 37.229156339259902 ], [ -113.225021397256, 37.229170652296901 ], [ -113.225040194502995, 37.229192829595299 ], [ -113.225073212980007, 37.229219515873297 ], [ -113.225088613696997, 37.229245001939503 ], [ -113.225113257179999, 37.2292781541259 ], [ -113.225157046456999, 37.229333837607001 ], [ -113.225205012900005, 37.2293859283144 ], [ -113.225228294537004, 37.2294226209562 ], [ -113.225243186808001, 37.229446133563101 ], [ -113.225274504772997, 37.229495472605699 ], [ -113.225283676572005, 37.229504582811998 ], [ -113.225288278641997, 37.229511615916302 ], [ -113.225305767044006, 37.229535259387099 ], [ -113.225326470515995, 37.229560915577203 ], [ -113.225349276944002, 37.229600591459601 ], [ -113.225359920184005, 37.229625264868403 ], [ -113.225392630537996, 37.229679805117897 ], [ -113.225398317772004, 37.2296853762277 ], [ -113.225401601114996, 37.229689729975597 ], [ -113.225439044691996, 37.229725074932702 ], [ -113.225449474133001, 37.2297347923611 ], [ -113.225492112667993, 37.229778150987997 ], [ -113.225499420462995, 37.229785223405599 ], [ -113.225508660534004, 37.2297928000756 ], [ -113.225552334826006, 37.2298330752173 ], [ -113.225581272255994, 37.2298665969304 ], [ -113.225598542368004, 37.229886640428603 ], [ -113.225624957329003, 37.229914892861501 ], [ -113.225647279564996, 37.229938084882399 ], [ -113.225657478138999, 37.2299552866696 ], [ -113.225716448943999, 37.230044300312898 ], [ -113.225726273817997, 37.230056462424699 ], [ -113.225742338390006, 37.230073824400897 ], [ -113.225776661221005, 37.230106524185302 ], [ -113.225794119080007, 37.230132962663703 ], [ -113.225820668788003, 37.230161933114303 ], [ -113.225858956782005, 37.230206814974899 ], [ -113.225868968506006, 37.230213836569703 ], [ -113.225874380855998, 37.230221575557998 ], [ -113.225922765912998, 37.2302610408099 ], [ -113.225951635071993, 37.230292220611602 ], [ -113.225968723723, 37.230309923706599 ], [ -113.225971724095999, 37.230312301189599 ], [ -113.225974857419999, 37.230315396065699 ], [ -113.226028930609999, 37.230356646525401 ], [ -113.226066219678003, 37.230398213101502 ], [ -113.226077448618994, 37.230408275907401 ], [ -113.226090692480994, 37.230421725404199 ], [ -113.226135096205994, 37.230452252834901 ], [ -113.226165519448998, 37.230486468061301 ], [ -113.226183614213994, 37.230503882151403 ], [ -113.226206504185996, 37.230527243504298 ], [ -113.226239391508003, 37.230549426125698 ], [ -113.226264255079002, 37.2305747336463 ], [ -113.226292089378006, 37.230597551391199 ], [ -113.226322122753004, 37.230626186213499 ], [ -113.226347647482996, 37.230643280557203 ], [ -113.226366596546001, 37.230662931179801 ], [ -113.226400675034, 37.230691128963301 ], [ -113.226437799709998, 37.230727110733099 ], [ -113.226455902560005, 37.230737134156598 ], [ -113.226472317475, 37.230751064953502 ], [ -113.226512670695996, 37.230781849023202 ], [ -113.226553231427999, 37.230819658194903 ], [ -113.226567129263003, 37.23082849931 ], [ -113.226581981110002, 37.230839124954301 ], [ -113.226631706454, 37.230866668225197 ], [ -113.226668230157003, 37.230897523771802 ], [ -113.226689134851995, 37.230910829417802 ], [ -113.226711358274002, 37.230926813641702 ], [ -113.226753602447999, 37.230949089842198 ], [ -113.226783086953006, 37.230970525627498 ], [ -113.226815870969006, 37.230989194854097 ], [ -113.226854815631, 37.231014236872802 ], [ -113.226881328508995, 37.231026625559402 ], [ -113.226897782050997, 37.231038032218599 ], [ -113.226944807059994, 37.2310657163192 ], [ -113.226999851328998, 37.2311016306776 ], [ -113.227007622654, 37.231105269818997 ], [ -113.227012575066993, 37.231108871767702 ], [ -113.227058473588002, 37.231136577299502 ], [ -113.227071323090001, 37.2311442661263 ], [ -113.227127411200996, 37.231181152457602 ], [ -113.227133922190006, 37.231184094236902 ], [ -113.227141733042004, 37.231189083746003 ], [ -113.227202789735003, 37.2312186667506 ], [ -113.227241985027007, 37.231244515482302 ], [ -113.227264396197, 37.231259234378498 ], [ -113.227283952521006, 37.2312765302758 ], [ -113.227323474800002, 37.231302012785797 ], [ -113.227357141859997, 37.231327694838498 ], [ -113.227384423695, 37.231343223367602 ], [ -113.227414570258006, 37.2313641948517 ], [ -113.227446474824006, 37.231383602105801 ], [ -113.227472219641001, 37.231408171221702 ], [ -113.227488533046994, 37.231418679485401 ], [ -113.227503241163006, 37.231428225754001 ], [ -113.227536176995002, 37.231452028836699 ], [ -113.227565292291004, 37.231468604446597 ], [ -113.227587369288003, 37.231491080037898 ], [ -113.227620301526002, 37.231514793696398 ], [ -113.227659247087004, 37.231539835540502 ], [ -113.227685317992993, 37.231552502367499 ], [ -113.227702285372004, 37.2315660625218 ], [ -113.227749459500998, 37.231591129382103 ], [ -113.227816789130003, 37.231626992708598 ], [ -113.227885437485, 37.231661749549801 ], [ -113.227931122208005, 37.231682158770901 ], [ -113.227957934223994, 37.231693189832903 ], [ -113.227996409067003, 37.231713734940001 ], [ -113.228026915854997, 37.231727759967399 ], [ -113.228045458878995, 37.231737414912402 ], [ -113.228099194302004, 37.231759474872803 ], [ -113.228113914096994, 37.231765596558901 ], [ -113.228159551207995, 37.231784383602204 ], [ -113.228173013361001, 37.231789898053002 ], [ -113.228197545453, 37.231800070818998 ], [ -113.228249469873006, 37.231818019600297 ], [ -113.228273564484994, 37.231828650826998 ], [ -113.228320431390003, 37.231850929621899 ], [ -113.228366996462, 37.231870601386902 ], [ -113.228387777188999, 37.231879672683696 ], [ -113.228393811173007, 37.231881722540599 ], [ -113.228402062198995, 37.2318863436588 ], [ -113.228467190057003, 37.231912514731398 ], [ -113.228501787772004, 37.231923849733299 ], [ -113.228542879407996, 37.231941370776298 ], [ -113.228604663735993, 37.2319726514461 ], [ -113.228611085791997, 37.2319764056978 ], [ -113.228616106475997, 37.2319784741481 ], [ -113.228635068114997, 37.231987039047802 ], [ -113.228682048208, 37.232009316365499 ], [ -113.228730292229997, 37.232028595427202 ], [ -113.228757627964995, 37.232038264638298 ], [ -113.228792621836007, 37.232059235213796 ], [ -113.228823854461993, 37.232074958850198 ], [ -113.228844574104002, 37.232081958814199 ], [ -113.228889996518006, 37.232093450426099 ], [ -113.228906694402994, 37.232097822631097 ], [ -113.228958115766005, 37.232110192543701 ], [ -113.228994375363996, 37.232116719021803 ], [ -113.229061333090996, 37.232136096042602 ], [ -113.229071658327001, 37.232138425547497 ], [ -113.22907688203, 37.232139768749803 ], [ -113.229085906505006, 37.2321438348336 ], [ -113.229153674512006, 37.232167792895403 ], [ -113.229185502720995, 37.232176926381399 ], [ -113.229235523610996, 37.232191485599301 ], [ -113.229257804525005, 37.232197915514398 ], [ -113.229299185418, 37.232209933517602 ], [ -113.229322323324993, 37.232211029964503 ], [ -113.229392702734003, 37.232212678568601 ], [ -113.229412003037993, 37.232213576181699 ], [ -113.229426388658993, 37.232216009392502 ], [ -113.229468746021993, 37.232226747132302 ], [ -113.229514070519002, 37.2322349057536 ], [ -113.229525388393, 37.232236494993202 ], [ -113.229547323456003, 37.232242660984802 ], [ -113.229598340577994, 37.232256570046701 ], [ -113.229639045040003, 37.2322686009148 ], [ -113.229684369536997, 37.232276758816397 ], [ -113.229716930772, 37.232283986204301 ], [ -113.229752417819, 37.232291068400102 ], [ -113.229772708964006, 37.232295012171598 ], [ -113.229823425150002, 37.232310188608899 ], [ -113.229854888643004, 37.232318428042099 ], [ -113.229865999905002, 37.232320651687601 ], [ -113.229888728180001, 37.2323269828901 ], [ -113.229938278353004, 37.232340829711603 ], [ -113.229979643076007, 37.2323523069796 ], [ -113.230021557569003, 37.2323633236389 ], [ -113.230069750387997, 37.232377015249298 ], [ -113.230093270976994, 37.232383421545997 ], [ -113.230104287914997, 37.232386278166203 ], [ -113.230124371550005, 37.232394641325399 ], [ -113.230183717851006, 37.232411998471903 ], [ -113.230206930318005, 37.232415616808503 ], [ -113.230243967857007, 37.2324217677657 ], [ -113.230274917513995, 37.2324278536367 ], [ -113.230320205180007, 37.232434751290299 ], [ -113.230363697114996, 37.232445737897997 ], [ -113.230425339510006, 37.232472153384101 ], [ -113.230434111557997, 37.232475322555203 ], [ -113.230437514377002, 37.232476069967497 ], [ -113.230442215260993, 37.2324787749561 ], [ -113.230508695083003, 37.232508705054798 ], [ -113.230548301804006, 37.232525532192199 ], [ -113.230587358755997, 37.232535160571601 ], [ -113.230652483021004, 37.232557364774301 ], [ -113.230662036604002, 37.232560249281804 ], [ -113.230666238923007, 37.232561341432202 ], [ -113.230672420229993, 37.232564559234902 ], [ -113.230742919115002, 37.232589366136203 ], [ -113.230775921421994, 37.232600099531503 ], [ -113.230826307027996, 37.232611677606798 ], [ -113.230847342876999, 37.232617950136401 ], [ -113.230889486441001, 37.232629051868699 ], [ -113.230910469289, 37.232633522743697 ], [ -113.230952753888005, 37.2326493986034 ], [ -113.230989459949001, 37.232659611306097 ], [ -113.231003162850001, 37.232661786306203 ], [ -113.231028366882001, 37.232667980872101 ], [ -113.231076590243006, 37.232678878042599 ], [ -113.231116692833993, 37.232689567081202 ], [ -113.231159540676003, 37.232701647230598 ], [ -113.231164279289004, 37.232705613152604 ], [ -113.231199406111998, 37.232734871565398 ], [ -113.231217080465001, 37.232745623535799 ], [ -113.231231231625998, 37.232751575633699 ], [ -113.231262776864995, 37.2327587314537 ], [ -113.231306629922997, 37.232762861159003 ], [ -113.231344698727995, 37.232777194252897 ], [ -113.231386943800999, 37.232787933343197 ], [ -113.231446170626, 37.232820342284903 ], [ -113.231457289971999, 37.232822836985399 ], [ -113.231463402109, 37.232823712419197 ], [ -113.231559661982004, 37.232827666175901 ], [ -113.231571668864007, 37.2328296924046 ], [ -113.231592886173004, 37.2328344293309 ], [ -113.231656474318001, 37.232838908776401 ], [ -113.231684994930006, 37.232850537595901 ], [ -113.231739975419003, 37.232861216597001 ], [ -113.231746118996995, 37.232863173448202 ], [ -113.231798480896998, 37.232876786293197 ], [ -113.231823695708997, 37.232883340598697 ], [ -113.231866866944003, 37.232902533610101 ], [ -113.231898617, 37.232912839257402 ], [ -113.231912515733995, 37.232921680127099 ], [ -113.231964299118005, 37.2329500830499 ], [ -113.232002223294998, 37.232990103316503 ], [ -113.232005233549003, 37.233008071125397 ], [ -113.232006827161001, 37.233062114710101 ], [ -113.232009386461002, 37.233080090369299 ], [ -113.231996007850995, 37.233108010458203 ], [ -113.231983652422997, 37.233132395915703 ], [ -113.231966757807001, 37.233171017114302 ], [ -113.231952870751002, 37.233196963161902 ], [ -113.231921792636001, 37.233236211575203 ], [ -113.231915633786002, 37.233256695468199 ], [ -113.231915455022005, 37.233262106104597 ], [ -113.231911552740002, 37.233271192253497 ], [ -113.231898339419999, 37.2333314630609 ], [ -113.231881388210994, 37.2333528709907 ], [ -113.231862255891997, 37.233392074264103 ], [ -113.231815215612002, 37.233444240841798 ], [ -113.231803458461997, 37.233523319577301 ], [ -113.231798270691002, 37.233534682945702 ], [ -113.231791253051995, 37.233556624369498 ], [ -113.231782823261, 37.233595626561197 ], [ -113.231770511850002, 37.233625328062601 ], [ -113.231757921062993, 37.233664678528797 ], [ -113.231741993035001, 37.233690213157601 ], [ -113.231729234263, 37.233716229117498 ], [ -113.231725409237001, 37.2337279264624 ], [ -113.231711862642001, 37.233761617380203 ], [ -113.231707653136993, 37.233802341702201 ], [ -113.231706882381999, 37.233806772455701 ], [ -113.231707138402001, 37.233811634483096 ], [ -113.231702240787001, 37.2338863478844 ], [ -113.231702779776001, 37.233896972382503 ], [ -113.231703087897998, 37.233907420221399 ], [ -113.231701322709, 37.233973694017003 ], [ -113.231701718866006, 37.233987114269297 ], [ -113.231702443806, 37.234000258447203 ], [ -113.231708014258999, 37.234066843993403 ], [ -113.231708655657002, 37.2340771058538 ], [ -113.231707848070997, 37.2340879355908 ], [ -113.231701443982004, 37.234149790653198 ], [ -113.231700271679998, 37.234167386275999 ], [ -113.231699064343999, 37.234187596705503 ], [ -113.231696835624007, 37.234234322127797 ], [ -113.231695380353003, 37.234257600790897 ], [ -113.231691163660997, 37.234286609708398 ], [ -113.231690269837998, 37.234317448120898 ], [ -113.231684631112998, 37.2343479260553 ], [ -113.231681937963003, 37.234386548776797 ], [ -113.231682317950998, 37.234399428972999 ], [ -113.231678951963005, 37.234438155373397 ], [ -113.231675888707997, 37.234483364399502 ], [ -113.231672257718003, 37.234528403178999 ], [ -113.231668605167997, 37.234565061849203 ], [ -113.231662944882999, 37.234587158888097 ], [ -113.231658692259003, 37.234618781759401 ], [ -113.231652809191999, 37.234640972474701 ], [ -113.231625995379005, 37.234671939479298 ], [ -113.231615226374998, 37.234700440441202 ], [ -113.231612683245004, 37.2347097710173 ], [ -113.231613130605993, 37.234721118472301 ], [ -113.231615114983995, 37.234788402137397 ], [ -113.231615677329998, 37.234799836835698 ], [ -113.231615679125994, 37.2348113723761 ], [ -113.231619962294005, 37.234880145015701 ], [ -113.231619911089993, 37.234889879659903 ], [ -113.231620425824005, 37.234899692975198 ], [ -113.231627922265005, 37.234974262972798 ], [ -113.231628199845005, 37.234979845134603 ], [ -113.231628248353999, 37.234985342186903 ], [ -113.231633923011003, 37.235066886039299 ], [ -113.231634010147999, 37.235069858420601 ], [ -113.231634098182994, 37.235072830801798 ], [ -113.231639055984999, 37.235114823899103 ], [ -113.231647973560996, 37.235153498437597 ], [ -113.231648382293997, 37.2351597092484 ], [ -113.231651038612995, 37.235249781681198 ], [ -113.231650996392005, 37.235256001066404 ], [ -113.231645696331995, 37.235340004913603 ], [ -113.231648353547996, 37.235430077131099 ], [ -113.231669266327998, 37.235504754598999 ], [ -113.231672075359995, 37.235519751590701 ], [ -113.231675685688998, 37.235538969678103 ], [ -113.231684244836998, 37.235584590713003 ], [ -113.231688813668995, 37.235609558255199 ], [ -113.231699789285003, 37.2356454003598 ], [ -113.231705157617, 37.235659268027803 ], [ -113.231715578074002, 37.2356991760008 ], [ -113.231720686792997, 37.235738643391898 ], [ -113.231721702787993, 37.235750160193597 ], [ -113.231726570757999, 37.235789091161301 ], [ -113.231729722946994, 37.2358233683333 ], [ -113.231731738766001, 37.235845860506402 ], [ -113.231734859512997, 37.235879056993298 ], [ -113.231737546374006, 37.235909017210801 ], [ -113.231740507222, 37.2359405944703 ], [ -113.231743149167002, 37.235969022718002 ], [ -113.231746255540997, 37.235994108855103 ], [ -113.231750079668998, 37.236035853267197 ], [ -113.231752789886002, 37.236058963303599 ], [ -113.231755182100002, 37.236078925769299 ], [ -113.231756658929996, 37.236129005702097 ], [ -113.231758713377005, 37.236148973870698 ], [ -113.231760258479994, 37.236166969534501 ], [ -113.231764850668, 37.236223299467497 ], [ -113.231766101122005, 37.236238957153098 ], [ -113.231766985064993, 37.236253630017103 ], [ -113.231768775407005, 37.236314338997602 ], [ -113.231769546161999, 37.236329013992702 ], [ -113.231770301645, 37.236343149016001 ], [ -113.231775467855996, 37.236407488942902 ], [ -113.231776146084002, 37.236419012079097 ], [ -113.231777577998002, 37.236429349429301 ], [ -113.231783197859002, 37.2365014312022 ], [ -113.231784210260003, 37.236508982165702 ], [ -113.231785734701006, 37.236514811669203 ], [ -113.231794654073994, 37.236568806968002 ], [ -113.231803130577006, 37.236592529041999 ], [ -113.231804215742002, 37.236598727575903 ], [ -113.231806033932003, 37.236606894306398 ], [ -113.231824044255006, 37.236667206788702 ], [ -113.231828276217996, 37.236688395639199 ], [ -113.231838322976003, 37.236719479093402 ], [ -113.231846830920006, 37.236740406886 ], [ -113.231867417611994, 37.2368154513767 ], [ -113.231870041590994, 37.236831804099801 ], [ -113.231878538754998, 37.236867692825598 ], [ -113.231883386063998, 37.236894457203 ], [ -113.231889299673995, 37.2369344503443 ], [ -113.231893249565999, 37.236957537219403 ], [ -113.231896823064005, 37.236975494785398 ], [ -113.231904989648001, 37.237034550394903 ], [ -113.231907397133, 37.237047392949101 ], [ -113.231909269222001, 37.237057361178401 ], [ -113.231919062656004, 37.237133329369797 ], [ -113.231919742680006, 37.237137282185302 ], [ -113.231920286160999, 37.237140426128903 ], [ -113.231926792658996, 37.237227271439799 ], [ -113.231962779168995, 37.237289407853403 ], [ -113.231969668348995, 37.237316585455901 ], [ -113.231984338735998, 37.237359206662298 ], [ -113.231985896414997, 37.237362332002 ], [ -113.231997334663006, 37.2374061861534 ], [ -113.23200878998, 37.237435349768603 ], [ -113.232013632797006, 37.237469594724203 ], [ -113.232021396037993, 37.237495853971303 ], [ -113.232023199855007, 37.237499695199801 ], [ -113.232028609509996, 37.237511129486897 ], [ -113.232038084040994, 37.237576289441897 ], [ -113.232041176940001, 37.237585603212899 ], [ -113.232043256539995, 37.237591151567997 ], [ -113.232050607453999, 37.2376034497766 ], [ -113.232095960698004, 37.237639184371801 ], [ -113.232120326602001, 37.237674233094602 ], [ -113.232133380020997, 37.237700212636 ], [ -113.232144407739995, 37.237745426142403 ], [ -113.232151373275997, 37.237763769716203 ], [ -113.232154296394, 37.237774980112903 ], [ -113.232166206258, 37.237850097951899 ], [ -113.232167361492003, 37.237854852442098 ], [ -113.232171235026996, 37.237871541787598 ], [ -113.232198437810993, 37.237922488752403 ], [ -113.232205580316005, 37.237942992112202 ], [ -113.232233658057993, 37.237985360507899 ], [ -113.232234823173002, 37.237990475437599 ], [ -113.232252849665997, 37.238032223035198 ], [ -113.232263044646004, 37.238053028883797 ], [ -113.232275648908001, 37.238109658495503 ], [ -113.232280065924002, 37.238121831464298 ], [ -113.232282642292006, 37.238128903099202 ], [ -113.232292468962996, 37.238160169758999 ], [ -113.232318409613995, 37.238191223999401 ], [ -113.232328687239004, 37.238211037144502 ], [ -113.232359453639006, 37.238249029250497 ], [ -113.232361793750002, 37.2382634042117 ], [ -113.232377759507997, 37.238300233422002 ], [ -113.232386643845999, 37.2383186312139 ], [ -113.232395470691998, 37.238377134374304 ], [ -113.232399794282998, 37.238389940226 ], [ -113.232400961194998, 37.238398930639299 ], [ -113.232408161191998, 37.238474858144201 ], [ -113.232408873555997, 37.238479891511403 ], [ -113.232409448477995, 37.238484116020999 ], [ -113.232415681887005, 37.238515811635203 ], [ -113.232435096277001, 37.238554919251797 ], [ -113.232438342788996, 37.238569457928399 ], [ -113.232438261042006, 37.238585770936801 ], [ -113.232435113345005, 37.238647203935201 ], [ -113.232434917513004, 37.238659644290003 ], [ -113.232433079559996, 37.238669952726198 ], [ -113.232421262222005, 37.2387049630658 ], [ -113.232415787888996, 37.238744810067601 ], [ -113.232413127976997, 37.2387501774 ], [ -113.232404991037001, 37.238764750366997 ], [ -113.232387541262995, 37.238811312754898 ], [ -113.232355964581998, 37.238841377651603 ], [ -113.232340036554007, 37.238863127296597 ], [ -113.232313919833999, 37.238887231977699 ], [ -113.232297490546003, 37.238918724315297 ], [ -113.232282127557994, 37.238932892465897 ], [ -113.232252868529997, 37.238972737916797 ], [ -113.232204717035003, 37.239006450091203 ], [ -113.232196714842004, 37.239017956381304 ], [ -113.232189927172001, 37.239024754024001 ], [ -113.232158055843996, 37.239063927171699 ], [ -113.232152554560997, 37.239072321772603 ], [ -113.232139247817003, 37.239079783083 ], [ -113.232094995009007, 37.239108104302503 ], [ -113.232090635484994, 37.239113143348803 ], [ -113.232086911069999, 37.239116818576797 ], [ -113.232070827632995, 37.239137129232702 ], [ -113.232050164585004, 37.239170322839897 ], [ -113.232025180639994, 37.2391831407148 ], [ -113.232000977332007, 37.239195673952402 ], [ -113.231984043189996, 37.239206266950298 ], [ -113.231980290029, 37.239208951672801 ], [ -113.231963246293006, 37.239227297036003 ], [ -113.231936701075995, 37.239259791174497 ], [ -113.231911873437994, 37.239270262585698 ], [ -113.231874926629004, 37.239290245655802 ], [ -113.231867635003994, 37.239295249646901 ], [ -113.231854065952007, 37.2393014536799 ], [ -113.231809405308994, 37.239338885264601 ], [ -113.231764314372995, 37.239361725387603 ], [ -113.231742870689004, 37.239376098706302 ], [ -113.231657093257994, 37.2393915047154 ], [ -113.231651515617997, 37.239393502161199 ], [ -113.231646953075, 37.239395481012799 ], [ -113.231596889963996, 37.239440855128798 ], [ -113.231541946305995, 37.239465953698499 ], [ -113.231525862869006, 37.239474818830303 ], [ -113.231467440036994, 37.239488987591599 ], [ -113.231447683387998, 37.239503239308704 ], [ -113.231430650432003, 37.239514284959803 ], [ -113.231402827810996, 37.239556986451902 ], [ -113.231332427740995, 37.239581655172103 ], [ -113.231325803564005, 37.239586376655801 ], [ -113.231320188194999, 37.239590897894502 ], [ -113.231284870929997, 37.239643203929703 ], [ -113.231226201059997, 37.239660442121298 ], [ -113.231209747516999, 37.239668232346503 ], [ -113.231205768878993, 37.239670920628399 ], [ -113.231200119373995, 37.239674271862299 ], [ -113.231178456500999, 37.239700365139903 ], [ -113.231162414387001, 37.239725901299998 ], [ -113.231136545601998, 37.239735491571601 ], [ -113.231099585318006, 37.239755023968897 ], [ -113.231092653017996, 37.239760741656802 ], [ -113.231083018587, 37.239766600945401 ], [ -113.231043301373006, 37.239811149546298 ], [ -113.230989406947998, 37.2398412748326 ], [ -113.230979651243999, 37.239850650542401 ], [ -113.230967382952002, 37.2398589027394 ], [ -113.230929953748003, 37.239900794478999 ], [ -113.230879379494993, 37.239932659704799 ], [ -113.230869071327007, 37.239942406569298 ], [ -113.230856140078998, 37.239951122177402 ], [ -113.230821334853005, 37.239994045120298 ], [ -113.230769463434001, 37.240027827638201 ], [ -113.230762063111996, 37.240036798546903 ], [ -113.230755261967005, 37.240043145549997 ], [ -113.230728655665004, 37.240077442957499 ], [ -113.230719632987004, 37.240092572773499 ], [ -113.230696531910993, 37.240104273419902 ], [ -113.230659661458006, 37.240126868013 ], [ -113.230655406138993, 37.240131634517297 ], [ -113.230652580937004, 37.240135203137697 ], [ -113.230642302413997, 37.240149815885601 ], [ -113.230623351554996, 37.240195234602197 ], [ -113.230560350009, 37.2402185014124 ], [ -113.230549811871995, 37.240224287719798 ], [ -113.230547171723003, 37.240226500404802 ], [ -113.230541099112003, 37.240234635990703 ], [ -113.230517729439995, 37.240290771938199 ], [ -113.230455075541997, 37.2403067327188 ], [ -113.230439738605, 37.240314140985703 ], [ -113.230435743797003, 37.240316289304403 ], [ -113.230430882115002, 37.240319625491402 ], [ -113.230415474211, 37.240339922950497 ], [ -113.230397462092, 37.240375139193397 ], [ -113.230354311517004, 37.240391182913797 ], [ -113.230329677914995, 37.240404444690199 ], [ -113.230325047099996, 37.240407956800802 ], [ -113.230318624145994, 37.240411862959697 ], [ -113.230298426424994, 37.240437928090898 ], [ -113.230283997685007, 37.240464696206899 ], [ -113.230251346618999, 37.240477477388801 ], [ -113.230219619920007, 37.240494838395598 ], [ -113.230214811238, 37.240499976039899 ], [ -113.230209182394006, 37.240504047393898 ], [ -113.230195464222007, 37.240524312621503 ], [ -113.230179988944002, 37.240561463974998 ], [ -113.230109879927994, 37.240596040055202 ], [ -113.230089472000998, 37.2406685226183 ], [ -113.230074906716993, 37.240686821856698 ], [ -113.230050034163995, 37.240726403205699 ], [ -113.230002287808006, 37.240770110939998 ], [ -113.229998839176005, 37.240775493146302 ], [ -113.229996220586997, 37.240778425969403 ], [ -113.229985588126993, 37.240792505092102 ], [ -113.229961592329005, 37.240835044236697 ], [ -113.229892523562, 37.240870501967997 ], [ -113.229869577895002, 37.240941049795403 ], [ -113.229848198889002, 37.240961459365003 ], [ -113.229823915630007, 37.240994270995998 ], [ -113.229784375384995, 37.241025747435202 ], [ -113.229773986368997, 37.241044237530801 ], [ -113.229766357874993, 37.241053123216197 ], [ -113.229746339816998, 37.241085313345899 ], [ -113.229738929614996, 37.241105460418197 ], [ -113.229675165399001, 37.241144963596597 ], [ -113.229649682889004, 37.241213575986997 ], [ -113.229626559356007, 37.241236001473702 ], [ -113.229601598767005, 37.241264950494397 ], [ -113.229566751321002, 37.241291201267899 ], [ -113.229547748358996, 37.241311926835998 ], [ -113.229522748245003, 37.241328079058803 ], [ -113.229493551201003, 37.2413586399759 ], [ -113.229456743631005, 37.241383396068898 ], [ -113.229433473672003, 37.241400866998902 ], [ -113.229393476184001, 37.241420636391801 ], [ -113.229367399888005, 37.241438521380303 ], [ -113.229346028069003, 37.241451539824297 ], [ -113.229304554649005, 37.241478637260599 ], [ -113.229253394694993, 37.241498346561201 ], [ -113.229234932519006, 37.241506805253699 ], [ -113.229230062751995, 37.241509871064601 ], [ -113.229222630989995, 37.241513976690797 ], [ -113.229173674603999, 37.241554912797497 ], [ -113.229124403807006, 37.241581345115698 ], [ -113.229104141407007, 37.241589928233402 ], [ -113.229012466536005, 37.241608056329497 ], [ -113.228901975553001, 37.241683857597899 ], [ -113.228889312001996, 37.241690224486199 ], [ -113.228857393062995, 37.241701098898503 ], [ -113.228817471932004, 37.2417234806165 ], [ -113.228790791069997, 37.241736149308203 ], [ -113.228752665670996, 37.241762100989497 ], [ -113.228696728475995, 37.241780367781203 ], [ -113.228679583230999, 37.241787630014997 ], [ -113.228674713464002, 37.241790695814501 ], [ -113.228665704259996, 37.241794830746102 ], [ -113.228617517730001, 37.2418351216456 ], [ -113.228568982653002, 37.241859737414998 ], [ -113.228548098619001, 37.2418702249132 ], [ -113.228485281228004, 37.241888350081403 ], [ -113.228468647124004, 37.241897675476899 ], [ -113.228457556524006, 37.241903832811801 ], [ -113.228409607149004, 37.241940693854801 ], [ -113.228378569457007, 37.241954706967803 ], [ -113.228346809520005, 37.241970985632001 ], [ -113.228339611319996, 37.241975357264103 ], [ -113.228324574420995, 37.241981498144497 ], [ -113.228272844036994, 37.242012482872703 ], [ -113.228235770565007, 37.242028230893197 ], [ -113.228205270065999, 37.242048992730602 ], [ -113.228146966709005, 37.242074964328097 ], [ -113.228135389222004, 37.2420837433367 ], [ -113.228124874440994, 37.242090340464898 ], [ -113.228082690454002, 37.2421315994998 ], [ -113.228014423882001, 37.242167581530403 ], [ -113.227903883492004, 37.242241759596098 ], [ -113.227891959253995, 37.242250275415898 ], [ -113.227872191827004, 37.242260380978102 ], [ -113.227832917482004, 37.242293293592603 ], [ -113.227793222727001, 37.242311884926202 ], [ -113.227766496949002, 37.242330682928802 ], [ -113.227704272444996, 37.242353663741703 ], [ -113.227692694957994, 37.242362443432903 ], [ -113.227682180177993, 37.242369039821703 ], [ -113.227641610462996, 37.242411530162599 ], [ -113.227571728719994, 37.242446280601499 ], [ -113.227461235042, 37.242522080311701 ], [ -113.227449263194003, 37.242528974181198 ], [ -113.227424087908005, 37.242539181254699 ], [ -113.227385955323001, 37.242568738351601 ], [ -113.227350567989006, 37.242592024452797 ], [ -113.227326105965005, 37.242611140618799 ], [ -113.227239042145996, 37.242632786197198 ], [ -113.227013134716998, 37.242812594863899 ], [ -113.227002907398003, 37.2428174734736 ], [ -113.226955822202001, 37.242856932131801 ], [ -113.226908119864007, 37.242879278465402 ], [ -113.226888018262997, 37.242893355050299 ], [ -113.226796341595005, 37.242911482117798 ], [ -113.226685665557994, 37.242981156294498 ], [ -113.226668108883999, 37.242989777869603 ], [ -113.226581035183997, 37.242999616590097 ], [ -113.226573542335998, 37.243001650411799 ], [ -113.226569628375998, 37.243002715236202 ], [ -113.226559581618005, 37.243006058455599 ], [ -113.226516696944998, 37.243050394179399 ], [ -113.226463062133007, 37.243077989484 ], [ -113.226448775326006, 37.243086639653001 ], [ -113.226388503761001, 37.2430993989366 ], [ -113.226364591505998, 37.243110393286699 ], [ -113.226351426695999, 37.243115056624198 ], [ -113.226298747691004, 37.2431483114107 ], [ -113.226289816640005, 37.243151273461599 ], [ -113.226240384147005, 37.243172300301303 ], [ -113.226221715357994, 37.243177607962998 ], [ -113.226165825774999, 37.243193709727102 ], [ -113.226142722901997, 37.243205409892099 ], [ -113.226128838541001, 37.243212430276301 ], [ -113.226084832769999, 37.243249306412103 ], [ -113.226018293658996, 37.243286606598502 ], [ -113.225907521503004, 37.243353037341898 ], [ -113.225890520885997, 37.243365253086402 ], [ -113.225876057112004, 37.243379403953298 ], [ -113.225841740570004, 37.243416098366097 ], [ -113.225798264804993, 37.243470989060803 ], [ -113.225745217490996, 37.2435185797478 ], [ -113.225713261720998, 37.243562709930103 ], [ -113.225704740302007, 37.243575758042297 ], [ -113.225689309941004, 37.243599209025497 ], [ -113.225664262216, 37.243632935578297 ], [ -113.225648650394007, 37.243654047382996 ], [ -113.225624360846993, 37.243690552870198 ], [ -113.225605308477995, 37.243724977339603 ], [ -113.225593390529994, 37.243745208805599 ], [ -113.225590455733993, 37.243752744025997 ], [ -113.225581767227993, 37.243775437642199 ], [ -113.225566468021, 37.243822498948497 ], [ -113.225561001771993, 37.243835939616197 ], [ -113.225549647066998, 37.243863820680701 ], [ -113.225540058449994, 37.243890407370003 ], [ -113.225523542025002, 37.2439267668585 ], [ -113.225509033335001, 37.2439547072442 ], [ -113.225476168469996, 37.244017779921897 ], [ -113.22545783116, 37.244091844608398 ], [ -113.225452792509998, 37.244108341636803 ], [ -113.225455275453001, 37.244127581133299 ], [ -113.225449410352994, 37.244173473005098 ], [ -113.225451837600005, 37.244198481324503 ], [ -113.225444720248007, 37.244228626310701 ], [ -113.225441566263001, 37.244255541824302 ], [ -113.225431503335997, 37.244288986328201 ], [ -113.225427380067998, 37.244332772804498 ], [ -113.225426909351, 37.244335935755998 ], [ -113.225422435740995, 37.244379278834302 ], [ -113.225417344988003, 37.244413170229301 ], [ -113.225413384315999, 37.244439470679403 ], [ -113.225408974486996, 37.244469654185302 ], [ -113.225406503220995, 37.244492951856103 ], [ -113.225403825342994, 37.244539866116398 ], [ -113.225401934390007, 37.244559908573997 ], [ -113.225399696685997, 37.244575812671798 ], [ -113.225382051078995, 37.244650404562201 ], [ -113.225372823585005, 37.244731418073698 ], [ -113.225372194764006, 37.244740712367701 ], [ -113.225370948801, 37.244752001103997 ], [ -113.225368093056005, 37.244815861165598 ], [ -113.225366168864994, 37.244830947838899 ], [ -113.225362926844994, 37.2448510159631 ], [ -113.225357019523997, 37.244895467164397 ], [ -113.225352369844003, 37.244921329799503 ], [ -113.225350724129996, 37.244953534009397 ], [ -113.225349406302001, 37.244977711829101 ], [ -113.225347583620007, 37.2450115421709 ], [ -113.225343802610993, 37.245051627545003 ], [ -113.225343176484998, 37.245061011903097 ], [ -113.225338966082006, 37.245101825945099 ], [ -113.225336485832997, 37.245143960052303 ], [ -113.225335340480996, 37.245151011005497 ], [ -113.225332152359996, 37.245192076716201 ], [ -113.225331409453005, 37.245228139522901 ], [ -113.225326768757, 37.2452504865836 ], [ -113.225325450029999, 37.245282324518897 ], [ -113.225331175891, 37.245316013133099 ], [ -113.225334588590997, 37.245336226294398 ], [ -113.225340606404998, 37.245372161743397 ], [ -113.225341783198004, 37.2454121539621 ], [ -113.225340429436997, 37.245423624949296 ], [ -113.225341565806005, 37.245462266309602 ], [ -113.225336475952005, 37.245496157932699 ], [ -113.225332514380995, 37.2455224580048 ], [ -113.225328104552005, 37.245552641792102 ], [ -113.225326668145001, 37.245576641359001 ], [ -113.225318554561994, 37.245626541211799 ], [ -113.225317234038002, 37.245642967824203 ], [ -113.225319516656995, 37.245659237110601 ], [ -113.225330556054004, 37.245708777212599 ], [ -113.225336696038994, 37.2457603917901 ], [ -113.225342667141007, 37.245790920875699 ], [ -113.225346081636999, 37.245822669910197 ], [ -113.225356992574007, 37.245864011283601 ], [ -113.225359289566995, 37.245869285146 ], [ -113.225367884647, 37.2459123827783 ], [ -113.225376792342004, 37.245946912067602 ], [ -113.225379823257001, 37.245969475590101 ], [ -113.225387096915995, 37.2460021434513 ], [ -113.225390330850999, 37.246027767578703 ], [ -113.225391468118005, 37.246066408629197 ], [ -113.225394366082995, 37.246092129273102 ], [ -113.225396944248004, 37.2461146112311 ], [ -113.225402417683, 37.246162723699697 ], [ -113.225404565554996, 37.2461820592099 ], [ -113.225406412490997, 37.246198877574301 ], [ -113.225413258551995, 37.2462591308946 ], [ -113.225414764128999, 37.246271989754497 ], [ -113.225417414158997, 37.246362062495699 ], [ -113.225417213834007, 37.246374412905503 ], [ -113.225419135330995, 37.246439715368197 ], [ -113.225418937700994, 37.246452155866997 ], [ -113.225418766122999, 37.246465497382701 ], [ -113.225420631923996, 37.246528908343599 ], [ -113.225420348056005, 37.246542251275898 ], [ -113.225419323078995, 37.246557231054702 ], [ -113.225415667834, 37.246613085552099 ], [ -113.225414322158002, 37.246632486735201 ], [ -113.225416972188, 37.246722559045601 ], [ -113.225412963905001, 37.246747238292102 ], [ -113.225410130618002, 37.2467850523281 ], [ -113.225404637419999, 37.246812913709199 ], [ -113.225399331071998, 37.246850954396002 ], [ -113.225399749687, 37.246865186128801 ], [ -113.225391963988002, 37.246903273985197 ], [ -113.225389941881005, 37.2469456695232 ], [ -113.225388995955001, 37.246951815719299 ], [ -113.225386614521, 37.246993496855701 ], [ -113.225381523767993, 37.247027388505302 ], [ -113.225377563096004, 37.247053688043003 ], [ -113.225373152367993, 37.247083871932098 ], [ -113.225371716859996, 37.247107871726399 ], [ -113.225363602377996, 37.247157771995397 ], [ -113.225362282752997, 37.2471741989891 ], [ -113.225360070202996, 37.247187127771497 ], [ -113.225346228961001, 37.247264622474702 ], [ -113.225328813321994, 37.247339391190302 ], [ -113.225326344752006, 37.247355118790402 ], [ -113.225323023680005, 37.247376359697903 ], [ -113.225318547374997, 37.247419612357 ], [ -113.225313896797005, 37.247445474840802 ], [ -113.225310271195994, 37.247479339113902 ], [ -113.225308050560997, 37.247499658242504 ], [ -113.225304152771002, 37.247535780726999 ], [ -113.225293976656005, 37.247576887328201 ], [ -113.225291357168004, 37.247587480578296 ], [ -113.225281676923004, 37.2476263253428 ], [ -113.225274254143002, 37.247649896629703 ], [ -113.225261437878999, 37.247704751346902 ], [ -113.225258074587003, 37.247716891302296 ], [ -113.225254765193, 37.247723171871002 ], [ -113.225247469975002, 37.247739620909002 ], [ -113.225232159089003, 37.247793982154498 ], [ -113.225233345763996, 37.247807478605303 ], [ -113.225232513923999, 37.247821372639002 ], [ -113.225220855588006, 37.247873412672803 ], [ -113.225219883611004, 37.247897853420497 ], [ -113.225206999074999, 37.247935046189397 ], [ -113.225203552238995, 37.247948178639099 ], [ -113.225186140193998, 37.247988609979899 ], [ -113.225175064864999, 37.248014503016996 ], [ -113.225143919375995, 37.2480517686664 ], [ -113.225131932256005, 37.248069657801899 ], [ -113.225129187004995, 37.248079803343302 ], [ -113.225124708902996, 37.248096199387597 ], [ -113.225110944017999, 37.248141789939901 ], [ -113.225103781749993, 37.248170403081502 ], [ -113.225103376609994, 37.2482064594573 ], [ -113.225103214913005, 37.2482239466826 ], [ -113.225102825942997, 37.248260543631197 ], [ -113.225101515301006, 37.248300311928098 ], [ -113.225101021227005, 37.248310324434101 ], [ -113.225099841738995, 37.248350721256998 ], [ -113.225100314252998, 37.248393610813203 ], [ -113.225100441814007, 37.248397934162597 ], [ -113.225100801140002, 37.2484408258371 ], [ -113.225103731445003, 37.248482948066403 ], [ -113.225104129398005, 37.248488798095998 ], [ -113.225107057008003, 37.248530830199101 ], [ -113.225105721212998, 37.248573573062501 ], [ -113.225105740976005, 37.248578078745602 ], [ -113.225104298282005, 37.248621004641102 ], [ -113.225102048002, 37.2486633141189 ], [ -113.225101329349997, 37.248669545983702 ], [ -113.225098948813994, 37.248711226885099 ], [ -113.225097545645994, 37.248747842904002 ], [ -113.225095400469002, 37.2487668995877 ], [ -113.225093823924993, 37.2488014454457 ], [ -113.225093970350997, 37.248833256138198 ], [ -113.225093316376999, 37.248860845749803 ], [ -113.225093431361998, 37.2488915752295 ], [ -113.225093619109998, 37.248920951782203 ], [ -113.225092778285997, 37.248953682005201 ], [ -113.225092814218996, 37.248981709195803 ], [ -113.225090159697004, 37.249006452058801 ], [ -113.225080022208999, 37.249056570596899 ], [ -113.225078112391003, 37.249072107630099 ], [ -113.225077353315001, 37.249084648519201 ], [ -113.225070132656001, 37.249157243050099 ], [ -113.225069832618999, 37.2491623851094 ], [ -113.225069166069005, 37.249166543948903 ], [ -113.225064390624993, 37.249180512099102 ], [ -113.225051864516999, 37.249241400160798 ], [ -113.225050961709996, 37.2492528626994 ], [ -113.225050777554998, 37.249265753226503 ], [ -113.225049901698, 37.249327954082702 ], [ -113.225049780424996, 37.249343006959599 ], [ -113.225047595722998, 37.249360712016497 ], [ -113.225059932286001, 37.249423655748103 ], [ -113.225057726024005, 37.249432979496099 ], [ -113.225057177153005, 37.2494449761599 ], [ -113.225054160610995, 37.249507216911802 ], [ -113.225053277567, 37.249523185751499 ], [ -113.225051684853995, 37.249541870405203 ], [ -113.225049201909997, 37.249591574564803 ], [ -113.225047026191007, 37.249613424791903 ], [ -113.225045640988, 37.249639135644301 ], [ -113.225043663796995, 37.249675402261097 ], [ -113.225042126779002, 37.249703639412097 ], [ -113.225037400741996, 37.249738425101903 ], [ -113.225034896238995, 37.249756767187002 ], [ -113.225029791113997, 37.249793993361401 ], [ -113.225025667845998, 37.2498377802143 ], [ -113.225025197129, 37.2498409436499 ], [ -113.225020722620997, 37.249884286422201 ], [ -113.225014363447002, 37.249917210008299 ], [ -113.22500650229, 37.249948900814601 ], [ -113.225001062990998, 37.2499747781617 ], [ -113.224998907034006, 37.249993473429299 ], [ -113.224988137132001, 37.2500565818113 ], [ -113.224987036696007, 37.250065163963598 ], [ -113.224986219228995, 37.250071848345598 ], [ -113.224980334365995, 37.250155411650702 ], [ -113.224975488853005, 37.250239767147903 ], [ -113.224975434954004, 37.250245626336898 ], [ -113.224975830212998, 37.250251386847502 ], [ -113.224985634426005, 37.250335556322298 ], [ -113.224996093510995, 37.250418993484899 ], [ -113.224996960384999, 37.250425466178697 ], [ -113.224998317738994, 37.250433281033303 ], [ -113.225012166168, 37.250497818443897 ], [ -113.225015047065, 37.250515247932903 ], [ -113.225018612477996, 37.250536810439698 ], [ -113.225026921894994, 37.2505778396078 ], [ -113.225031105349004, 37.250605068193003 ], [ -113.225029565637001, 37.250633215613703 ], [ -113.225034742627003, 37.250663578977601 ], [ -113.225033755379002, 37.2506951407602 ], [ -113.225039827092004, 37.250729092954501 ], [ -113.225044545044, 37.250747659325299 ], [ -113.225050489195993, 37.250784947934903 ], [ -113.225062491586996, 37.2508748443841 ], [ -113.225065141616994, 37.250964917343801 ], [ -113.225068448315, 37.2510045083108 ], [ -113.225068766318998, 37.251015317024397 ], [ -113.225071847539994, 37.251054912970297 ], [ -113.225080450706002, 37.251086744878002 ], [ -113.225091829665004, 37.251120957174201 ], [ -113.225098611047997, 37.251144532373203 ], [ -113.225103452967005, 37.251159671408203 ], [ -113.225124367543003, 37.2512191199067 ], [ -113.225129868826002, 37.2512298306278 ], [ -113.225131120179, 37.251234042981899 ], [ -113.225131960103994, 37.2512396146439 ], [ -113.225143964290993, 37.251310405176802 ], [ -113.225146164264999, 37.251323882406503 ], [ -113.225148446885001, 37.2513401518965 ], [ -113.225156956625, 37.251391811955003 ], [ -113.225159744097994, 37.2514137488957 ], [ -113.225163091219997, 37.251439371182997 ], [ -113.225168629333993, 37.251474324107498 ], [ -113.225172197442006, 37.251503637444301 ], [ -113.225181659396995, 37.251541670757703 ], [ -113.225184812484002, 37.251553057151497 ], [ -113.225194453203997, 37.2515933406888 ], [ -113.225210126109999, 37.251624048317701 ], [ -113.225240243029006, 37.251674401079498 ], [ -113.225244766046004, 37.2516825168384 ], [ -113.225246777373997, 37.251685723814298 ], [ -113.225250979693001, 37.251690601134399 ], [ -113.225292008446999, 37.251740117965099 ], [ -113.225309726817002, 37.251771417590597 ], [ -113.225328766610005, 37.251801611030501 ], [ -113.225368716486997, 37.251860430499597 ], [ -113.225409765902, 37.251918328232897 ], [ -113.225422972933998, 37.251949532683803 ], [ -113.225437830169994, 37.251987014474899 ], [ -113.225444139038004, 37.2520060016953 ], [ -113.225456384872004, 37.252039026605203 ], [ -113.225463369273996, 37.252058000941801 ], [ -113.225488550847999, 37.2521015068981 ], [ -113.225501338366001, 37.252118479820098 ], [ -113.225506247658998, 37.252128210807797 ], [ -113.225519443910002, 37.252151394564599 ], [ -113.225537987832993, 37.252180065532002 ], [ -113.225555096247007, 37.252217414211003 ], [ -113.225566274882993, 37.252248657150098 ], [ -113.225580914727004, 37.252286413367301 ], [ -113.225588508185993, 37.252306908529299 ], [ -113.225588948360993, 37.252321859990602 ], [ -113.225598442654999, 37.252387831580002 ], [ -113.225598708556006, 37.2523968389145 ], [ -113.225596222918, 37.2524081508151 ], [ -113.225593367173005, 37.252472010823901 ], [ -113.225588513576, 37.252487152452296 ], [ -113.225556344007003, 37.252531827245797 ], [ -113.225502375920001, 37.252571324434697 ], [ -113.225497521424003, 37.252574930362996 ], [ -113.225491331133995, 37.252579101884898 ], [ -113.225437089958007, 37.252616982352798 ], [ -113.225391624425001, 37.252638925372203 ], [ -113.225366966568998, 37.2526515557621 ], [ -113.225322146924995, 37.252672405482301 ], [ -113.225300879309998, 37.2526891172879 ], [ -113.225280775013999, 37.252703194185401 ], [ -113.225242984687, 37.252733104098098 ], [ -113.225185976700004, 37.252765088314199 ], [ -113.225177590927004, 37.252771284088098 ], [ -113.225170158267005, 37.252775389100798 ], [ -113.225121305187002, 37.252816321950398 ], [ -113.225087342581006, 37.252834533865098 ], [ -113.225059631351002, 37.252850646436499 ], [ -113.225054644802995, 37.252853623836799 ], [ -113.225047328024999, 37.252857816794197 ], [ -113.224995709929999, 37.252896728914997 ], [ -113.224948921177997, 37.252919688630001 ], [ -113.224924892142994, 37.252930684407502 ], [ -113.224859662775003, 37.2529514675524 ], [ -113.224844854048001, 37.252957784151498 ], [ -113.224837368387, 37.252960087271703 ], [ -113.224818749006005, 37.252967196841297 ], [ -113.224769308427, 37.252988132993103 ], [ -113.224725873086996, 37.253002467961402 ], [ -113.224691576306995, 37.253016991695397 ], [ -113.224614418211004, 37.253046199322299 ], [ -113.224503503223005, 37.253108305533601 ], [ -113.224482937193002, 37.253122030557499 ], [ -113.224454358190002, 37.253139330018797 ], [ -113.2244220404, 37.253163639637897 ], [ -113.224392911628001, 37.253181400999303 ], [ -113.224364947073994, 37.253208061624598 ], [ -113.224338018276001, 37.253231639030602 ], [ -113.224315354680002, 37.253258380436399 ], [ -113.224283267755993, 37.253286741374602 ], [ -113.224265067888993, 37.253308082144201 ], [ -113.224249622255996, 37.253323422382799 ], [ -113.224217779674007, 37.2533600697667 ], [ -113.224173815225001, 37.253398567626597 ], [ -113.22416460929, 37.253407571980098 ], [ -113.224158183640995, 37.253415263540496 ], [ -113.224115934975003, 37.253458414774201 ], [ -113.224064062657007, 37.253500214581102 ], [ -113.224059652828004, 37.253503632412702 ], [ -113.224055589748005, 37.2535073133742 ], [ -113.224005903928997, 37.2535506047005 ], [ -113.223953856440005, 37.253586459724303 ], [ -113.223945470667005, 37.253592655430602 ], [ -113.223938121548997, 37.253599643386003 ], [ -113.223894722140997, 37.253642005125101 ], [ -113.223843825393999, 37.253678649493899 ], [ -113.223835323738001, 37.2536847572445 ], [ -113.223828090504, 37.253691833139399 ], [ -113.223788034625002, 37.253736745322001 ], [ -113.223734172538997, 37.253783719609601 ], [ -113.223687344260995, 37.253836059410801 ], [ -113.223644648234, 37.2538755237399 ], [ -113.223636595735996, 37.2538854082309 ], [ -113.223624802653006, 37.253898427384698 ], [ -113.223596688079994, 37.253943025548999 ], [ -113.223578448685998, 37.2539668901643 ], [ -113.223555050268004, 37.253999322890799 ], [ -113.223516226878004, 37.254040157117402 ], [ -113.223507068553999, 37.254050783064798 ], [ -113.223500642904, 37.254058473844601 ], [ -113.223467902007002, 37.2540991035427 ], [ -113.223463123868001, 37.254105321372599 ], [ -113.223416977412001, 37.2541501682418 ], [ -113.223413179334997, 37.254155196272002 ], [ -113.223407054621006, 37.254161620023297 ], [ -113.223371775084999, 37.254211759443102 ], [ -113.223343566189001, 37.254241669471902 ], [ -113.223327022814004, 37.2542656820019 ], [ -113.223298345895998, 37.254298845350199 ], [ -113.223282847261999, 37.2543200449742 ], [ -113.223271169162999, 37.254333151285401 ], [ -113.223238555826995, 37.254374319245002 ], [ -113.223189305692003, 37.254424811742403 ], [ -113.223145821841996, 37.2544797015684 ], [ -113.223135932288997, 37.254488449101203 ], [ -113.223104287336, 37.2545165307194 ], [ -113.223094611581999, 37.254528698893097 ], [ -113.223080027433994, 37.254542671054303 ], [ -113.223045822282998, 37.2545795430756 ], [ -113.223001465270997, 37.254608584212697 ], [ -113.222985730380003, 37.254621767695497 ], [ -113.222969900267998, 37.254631707859801 ], [ -113.222924140087997, 37.254662848265397 ], [ -113.222892539152994, 37.254673265340202 ], [ -113.222858796634, 37.254687507750802 ], [ -113.222847671897, 37.254692582936102 ], [ -113.222821568651995, 37.2547020855013 ], [ -113.222776277392001, 37.254726187976402 ], [ -113.222747403742005, 37.254733489003499 ], [ -113.222701885207996, 37.254757505666802 ], [ -113.222671258944999, 37.254766552043797 ], [ -113.222636019833004, 37.254779741218996 ], [ -113.222622648409995, 37.254785128859901 ], [ -113.222568878851007, 37.2547969537829 ], [ -113.222535105789007, 37.254806329777097 ], [ -113.222524099629993, 37.254807798418199 ], [ -113.222511922067994, 37.254807756232303 ], [ -113.222423579047998, 37.254809415782397 ], [ -113.222411401485999, 37.254809373596501 ], [ -113.222401770648005, 37.254807751942202 ], [ -113.22237348809, 37.254800623241003 ], [ -113.222312853605004, 37.254789865121403 ], [ -113.222297999961995, 37.254786990044799 ], [ -113.222268684341003, 37.254779249288397 ], [ -113.222226802186995, 37.254769761748399 ], [ -113.222184372060994, 37.254756950099598 ], [ -113.222143830194, 37.2547469870714 ], [ -113.222081963221001, 37.2547249867497 ], [ -113.222070584261004, 37.254721415245101 ], [ -113.222065479134997, 37.254720339861002 ], [ -113.222056345064999, 37.254716455894197 ], [ -113.221981403113006, 37.254698396732898 ], [ -113.221957036310997, 37.254694077320003 ], [ -113.221844354336, 37.254696193053 ], [ -113.221817271926994, 37.254699224721598 ], [ -113.221748119617004, 37.254709355069998 ], [ -113.221732053248004, 37.254711279178203 ], [ -113.221719813701995, 37.254712950885697 ], [ -113.221676043290003, 37.254723596043704 ], [ -113.221636194024001, 37.254737231396398 ], [ -113.221620168078999, 37.254740506168702 ], [ -113.221596154314994, 37.254744381554097 ], [ -113.221543694499005, 37.254754739271299 ], [ -113.221507993653006, 37.254759915269403 ], [ -113.221461682805, 37.254764660112698 ], [ -113.221444503423996, 37.254767055414703 ], [ -113.221395597343005, 37.254771758071698 ], [ -113.221345201855002, 37.254779463078101 ], [ -113.221331947213002, 37.2547811540895 ], [ -113.221283338475004, 37.254788284937597 ], [ -113.221250161895, 37.254794946019999 ], [ -113.221190983579007, 37.254806871043598 ], [ -113.221171260169001, 37.254810936619599 ], [ -113.221157780050007, 37.254812631205297 ], [ -113.221087107789998, 37.254824772160603 ], [ -113.221066894797005, 37.254831370318499 ], [ -113.221059201624996, 37.254834308314699 ], [ -113.221027464146005, 37.254851576637201 ], [ -113.220997460416001, 37.254866468962298 ], [ -113.220948521995993, 37.254904607830298 ], [ -113.220942096345993, 37.254912298522797 ], [ -113.220938646815995, 37.254917680434097 ], [ -113.220921391076999, 37.254940535141102 ], [ -113.220900337261995, 37.254968417817103 ], [ -113.220869625659006, 37.255009098505496 ], [ -113.220858007748006, 37.255024276804697 ], [ -113.220839855490993, 37.2550434527381 ], [ -113.220813368665006, 37.2550782860135 ], [ -113.220794520213005, 37.255100630152903 ], [ -113.220769191315995, 37.255132647684398 ], [ -113.220730884456998, 37.255171939016499 ], [ -113.220722706195005, 37.255185250387797 ], [ -113.220718963812999, 37.255192169554199 ], [ -113.220699997682004, 37.255218210268097 ], [ -113.220683949280001, 37.255243746175303 ], [ -113.220640139341995, 37.255283771050301 ], [ -113.220631467006001, 37.255291774163702 ], [ -113.220621811913006, 37.255297002320603 ], [ -113.220569759034007, 37.255332766422001 ], [ -113.220542866170007, 37.255349943823902 ], [ -113.220511218522006, 37.255370274415199 ], [ -113.220506551773994, 37.255372614642297 ], [ -113.220501141221007, 37.2553765014353 ], [ -113.220447726496005, 37.255415805510303 ], [ -113.220400746403001, 37.255447689201198 ], [ -113.220385211836998, 37.2554561813634 ], [ -113.220363721441004, 37.255469201675801 ], [ -113.220324192872994, 37.255497611117399 ], [ -113.220290115283007, 37.2555196991595 ], [ -113.220260987410001, 37.255537549341597 ], [ -113.220220892005003, 37.255562003333402 ], [ -113.220198356867996, 37.255577837183402 ], [ -113.220179428467006, 37.255589817853597 ], [ -113.22013514871, 37.255617685273997 ], [ -113.220068596123994, 37.255654982913398 ], [ -113.219957800611994, 37.2557214084732 ], [ -113.219936065873, 37.255729927059797 ], [ -113.219868410155996, 37.255748860426401 ], [ -113.219854753966999, 37.255756055533503 ], [ -113.219846203802007, 37.255760542196903 ], [ -113.219796389525001, 37.255799597964597 ], [ -113.219749919674996, 37.255841204851102 ], [ -113.219744368087007, 37.255847978096298 ], [ -113.219736495250999, 37.255863987062398 ], [ -113.219716796095994, 37.255915005519803 ], [ -113.219712448249993, 37.255932029778101 ], [ -113.219705465645006, 37.2559591977979 ], [ -113.219696259710005, 37.255987398273597 ], [ -113.219688498265995, 37.256022601484297 ], [ -113.219682755335995, 37.256065066251502 ], [ -113.219681807613995, 37.256071212418803 ], [ -113.219676155414007, 37.256112955005797 ], [ -113.219670639757993, 37.256143970388599 ], [ -113.219662446224007, 37.256179812738097 ], [ -113.219657840561993, 37.256203420674197 ], [ -113.219653446902001, 37.256218914048503 ], [ -113.219635708767996, 37.256271427333203 ], [ -113.219630257790996, 37.256289283772098 ], [ -113.219628820487003, 37.2562940871492 ], [ -113.219627124466996, 37.256301598949698 ], [ -113.219610182240999, 37.2563620286614 ], [ -113.219605884700997, 37.256384639830102 ], [ -113.219607540295996, 37.256410293316797 ], [ -113.219608673970001, 37.256448934762901 ], [ -113.219610332260004, 37.256474678317701 ], [ -113.219617779293003, 37.256494094836498 ], [ -113.219644302052004, 37.2565641632888 ], [ -113.219672803799, 37.256632482076199 ], [ -113.219681653102995, 37.256653585233799 ], [ -113.219718366351003, 37.256686692476102 ], [ -113.219762010999005, 37.2567331880214 ], [ -113.219766457659006, 37.256738692067003 ], [ -113.219768248001998, 37.2567420832968 ], [ -113.219771848449, 37.256749495667997 ], [ -113.219800240601998, 37.256802585584801 ], [ -113.219813261682006, 37.256831360601403 ], [ -113.219819584025004, 37.256873869957403 ], [ -113.219820384423997, 37.256878090575903 ], [ -113.219826386069002, 37.2569212369662 ], [ -113.219829030708993, 37.257011309131997 ], [ -113.219829113353995, 37.257056368769398 ], [ -113.219829195998997, 37.257101428379798 ], [ -113.219826827141006, 37.257143650156202 ], [ -113.219826223474001, 37.257149969978698 ], [ -113.219823839344997, 37.2571916511937 ], [ -113.219815401469006, 37.257222991453801 ], [ -113.219789145510006, 37.257273411972697 ], [ -113.219785691487999, 37.2572824887922 ], [ -113.219783331613996, 37.257286588554301 ], [ -113.219778381896006, 37.257290827024399 ], [ -113.219741688412, 37.257342884827501 ], [ -113.219718132788998, 37.257373878254199 ], [ -113.219706504995997, 37.2574041066283 ], [ -113.219681748325002, 37.257455670295101 ], [ -113.219677730160001, 37.257464757817402 ], [ -113.219676971981997, 37.257469639053497 ], [ -113.219671183239001, 37.257479841243203 ], [ -113.219647784819998, 37.257535434537701 ], [ -113.219635750988999, 37.257555667300601 ], [ -113.219634102580002, 37.257587871830701 ], [ -113.219634858961996, 37.257613632870999 ], [ -113.219632648208005, 37.257645848101099 ], [ -113.219632015794005, 37.257681908522301 ], [ -113.219630929730997, 37.257698692145297 ], [ -113.219630334147993, 37.257736013778903 ], [ -113.219627834136006, 37.257777606726101 ], [ -113.219627461334994, 37.257784102382203 ], [ -113.219624977493993, 37.257826236547601 ], [ -113.219634663129, 37.257864266669301 ], [ -113.219635061980995, 37.257877867134098 ], [ -113.219642383250999, 37.2579160316469 ], [ -113.219615503860993, 37.258006658166501 ], [ -113.219604945960995, 37.258031099202 ], [ -113.219575773171997, 37.258070489120101 ], [ -113.219563530932007, 37.2580874814319 ], [ -113.219557747577994, 37.258097863713999 ], [ -113.219539809119993, 37.258128210484799 ], [ -113.219528000766005, 37.258148439513697 ], [ -113.219504048087003, 37.258188992647902 ], [ -113.219495355988002, 37.258211686206202 ], [ -113.219468506243004, 37.258257251333099 ], [ -113.219459364087996, 37.258272292416201 ], [ -113.219455080920994, 37.258280033528699 ], [ -113.219437692232006, 37.258306044575797 ], [ -113.219420601783, 37.258330697863798 ], [ -113.219396648206001, 37.258371251614797 ], [ -113.219389222732005, 37.2583948224 ], [ -113.219361389330999, 37.258449147358597 ], [ -113.219356577954997, 37.2584580696007 ], [ -113.219354668137001, 37.258462160718899 ], [ -113.219348779680004, 37.258472815356797 ], [ -113.219322084444997, 37.2585198195803 ], [ -113.21930479996, 37.258553218429 ], [ -113.219293703969996, 37.258586230459301 ], [ -113.219276376365997, 37.2586258488803 ], [ -113.219269355134003, 37.258644005052197 ], [ -113.219266131080005, 37.258653258306303 ], [ -113.219255247991001, 37.258674280105197 ], [ -113.219226923212005, 37.258734923121899 ], [ -113.219212993035995, 37.258771233263801 ], [ -113.219207755857994, 37.2587848492944 ], [ -113.219197699218995, 37.258810993152998 ], [ -113.219192041629, 37.258825699516301 ], [ -113.219182486248997, 37.258853545720399 ], [ -113.219161162041004, 37.258906847217098 ], [ -113.219157611000995, 37.258916467221702 ], [ -113.219156412648005, 37.258921716576303 ], [ -113.219150270867004, 37.2589391355367 ], [ -113.219134492856995, 37.258993144083597 ], [ -113.219132420443998, 37.259007061793703 ], [ -113.219131562553002, 37.259023930203497 ], [ -113.219126064863005, 37.259074772066903 ], [ -113.219125260870996, 37.2590973180737 ], [ -113.219128046546999, 37.259119255630701 ], [ -113.219126747583005, 37.259163349507403 ], [ -113.219129369765, 37.2591873633285 ], [ -113.219124527846006, 37.259214490850603 ], [ -113.219120280610994, 37.259246473744902 ], [ -113.219114095709998, 37.259277771681703 ], [ -113.219099165710006, 37.2593184264488 ], [ -113.219090196929997, 37.259335537879501 ], [ -113.219075157335993, 37.259368623923898 ], [ -113.219069746783006, 37.259384045865097 ], [ -113.219051461575006, 37.259414129723297 ], [ -113.219035714108003, 37.259446147566301 ], [ -113.219031372551001, 37.259459566857899 ], [ -113.219014485122003, 37.2594911564142 ], [ -113.219004565025998, 37.259510448465598 ], [ -113.218982179009004, 37.259550611922698 ], [ -113.218975031113999, 37.259575979773302 ], [ -113.218945381319998, 37.259641423797603 ], [ -113.218938221746996, 37.259724019860698 ], [ -113.218937769895007, 37.259731688612099 ], [ -113.218936140351005, 37.259741452219998 ], [ -113.218924487405005, 37.259801602479598 ], [ -113.218921256165004, 37.259822120620903 ], [ -113.218915013772005, 37.259851437144299 ], [ -113.218908792939004, 37.2598776893077 ], [ -113.218901587551997, 37.259912611148501 ], [ -113.218892291784996, 37.259953160472897 ], [ -113.218887284575999, 37.259966952886501 ], [ -113.218877072528002, 37.260003193082802 ], [ -113.218872675274, 37.260026257161698 ], [ -113.218845909072002, 37.260093900027101 ], [ -113.218821215283, 37.260163035677202 ], [ -113.218815646626993, 37.260184588988103 ], [ -113.218809045805997, 37.260217066940299 ], [ -113.218805062675997, 37.2602388611785 ], [ -113.218797329978003, 37.260275054771299 ], [ -113.218793866073995, 37.260318378671499 ], [ -113.218792981234003, 37.260322810725903 ], [ -113.218788591166998, 37.260365340990397 ], [ -113.218783130307997, 37.260398247841898 ], [ -113.218775265557994, 37.260429937814102 ], [ -113.218770274517993, 37.2604558065565 ], [ -113.218768704262999, 37.260475302124902 ], [ -113.218755239415003, 37.260539000863702 ], [ -113.218754436322001, 37.260546225541603 ], [ -113.218757080063, 37.260636298377499 ], [ -113.218756806076996, 37.260642341217597 ], [ -113.218751722511001, 37.260726520532202 ], [ -113.218748714053007, 37.260812283385 ], [ -113.218748731120996, 37.260816698966302 ], [ -113.218748753579007, 37.260821294716898 ], [ -113.218746280516996, 37.260898395754303 ], [ -113.218746303873004, 37.260906866568199 ], [ -113.218745341778003, 37.260916347615598 ], [ -113.218734048157998, 37.260977211178599 ], [ -113.218732606361996, 37.260997245689097 ], [ -113.218729609581999, 37.261021905245798 ], [ -113.218725270719005, 37.261058485968498 ], [ -113.218721726864999, 37.261087571794903 ], [ -113.218720147626996, 37.261122117723197 ], [ -113.218718805544, 37.261141699628602 ], [ -113.218717271222005, 37.261177776964999 ], [ -113.218718389624001, 37.261215877604897 ], [ -113.218719488264, 37.261230276783301 ], [ -113.218720590497, 37.261267836891498 ], [ -113.218723563919994, 37.261303830517903 ], [ -113.218726284018999, 37.261323516044399 ], [ -113.218729207137002, 37.261357798046802 ], [ -113.218732810278993, 37.261388371574199 ], [ -113.218739884512004, 37.261421945029298 ], [ -113.218743232533001, 37.261447656856397 ], [ -113.218746018209004, 37.261469594443803 ], [ -113.218766286896994, 37.261530137261602 ], [ -113.218767512198994, 37.261537323951998 ], [ -113.218768577600997, 37.261542891277202 ], [ -113.218776174653001, 37.261559691913803 ], [ -113.218793893921998, 37.2616140639213 ], [ -113.218795962742007, 37.261626912296201 ], [ -113.218798456464995, 37.2616427269976 ], [ -113.218809523709993, 37.261693258235098 ], [ -113.218813030733003, 37.261716714303802 ], [ -113.218817247424994, 37.261745114239702 ], [ -113.218823062219002, 37.261774204805597 ], [ -113.218827507083006, 37.2618065655358 ], [ -113.218829578598005, 37.261842575348503 ], [ -113.218830107705998, 37.261860589900301 ], [ -113.218832179220996, 37.261896599687198 ], [ -113.218832222339998, 37.261932648064104 ], [ -113.218831651011996, 37.261951584161402 ], [ -113.21883166808, 37.261986731678697 ], [ -113.218830714069, 37.262019553458103 ], [ -113.218829892109994, 37.262045344440303 ], [ -113.218828902167004, 37.262076905744202 ], [ -113.218826437190003, 37.2621043489467 ], [ -113.218819877691999, 37.2621459280426 ], [ -113.218817684005998, 37.262167237704602 ], [ -113.218814546190998, 37.262183248187497 ], [ -113.218795779486001, 37.262227669860103 ], [ -113.218783857044997, 37.262247900647701 ], [ -113.218781674138995, 37.2622580349855 ], [ -113.218784776920003, 37.262267710327698 ], [ -113.218797416216006, 37.262283424802298 ], [ -113.218840723995996, 37.262437442924103 ], [ -113.218844241799005, 37.2624497234942 ], [ -113.219970586333005, 37.262435268068401 ], [ -113.219979638656, 37.266068549436 ], [ -113.219988595757997, 37.273325996068401 ], [ -113.256081800743004, 37.273347072388503 ], [ -113.263692729376999, 37.273346983748503 ], [ -113.264390670047007, 37.273346967307198 ], [ -113.264480396471996, 37.287752463201201 ], [ -113.27554692212, 37.287744787297697 ], [ -113.275635026187999, 37.287744722259802 ], [ -113.28329286844, 37.287738746632698 ], [ -113.283299183596, 37.287738714471097 ], [ -113.287833668944998, 37.287735374666397 ], [ -113.292358071601996, 37.287717983808598 ], [ -113.292361362131004, 37.287737403706799 ], [ -113.292289172617004, 37.302249757965498 ], [ -113.274118641243007, 37.302270025158798 ], [ -113.274092626032001, 37.309536552668 ], [ -113.274066610820995, 37.316803259551897 ], [ -113.274077094161001, 37.320434722909297 ], [ -113.274087577499998, 37.324066185109203 ], [ -113.278637365649999, 37.324060758136802 ], [ -113.283187154697004, 37.3240551518603 ], [ -113.286519191139007, 37.324050933579898 ], [ -113.286520957226998, 37.324050931436901 ], [ -113.286509310569002, 37.324068397473603 ], [ -113.286505809833997, 37.324073647999199 ], [ -113.286479835945997, 37.324112599029696 ], [ -113.286477092490998, 37.324116713724997 ], [ -113.286451606388994, 37.324154933946502 ], [ -113.286448740763007, 37.324159231514599 ], [ -113.286422505464998, 37.324198575396601 ], [ -113.286419664991996, 37.324202834387002 ], [ -113.286393280574003, 37.324242403268101 ], [ -113.286389848111, 37.3242475509144 ], [ -113.286362272527001, 37.324288903516802 ], [ -113.286360527997999, 37.324291519485399 ], [ -113.286336116281007, 37.324328130176703 ], [ -113.286330535946007, 37.324336498128098 ], [ -113.286307761857003, 37.324370653561601 ], [ -113.286303369094995, 37.324377239194298 ], [ -113.286278370778007, 37.324414729213601 ], [ -113.286274649057006, 37.324420311175302 ], [ -113.286252544212999, 37.324453459332098 ], [ -113.286245619100995, 37.324463845318199 ], [ -113.286224729677002, 37.324495173998301 ], [ -113.286220190489999, 37.324501978926499 ], [ -113.286193556339995, 37.3245419233997 ], [ -113.286191850438996, 37.324544480068099 ], [ -113.286162067693994, 37.3245891449588 ], [ -113.286161307719993, 37.324590283636397 ], [ -113.286156137017002, 37.3245980365013 ], [ -113.286145912392001, 37.3246133714987 ], [ -113.286139588252993, 37.324622856664902 ], [ -113.286043371499005, 37.324767146339298 ], [ -113.286030764543, 37.3247860509113 ], [ -113.285914701310006, 37.324960105048497 ], [ -113.285913838927002, 37.324961398734096 ], [ -113.285809805932004, 37.325117409483802 ], [ -113.285789814824, 37.325147388489903 ], [ -113.285706356841999, 37.3252725462646 ], [ -113.285681221082001, 37.325310240140098 ], [ -113.285603226654004, 37.325427202685802 ], [ -113.285581334710997, 37.325460031086699 ], [ -113.285494153212994, 37.325590771644002 ], [ -113.285476609114994, 37.3256170801696 ], [ -113.285377689331, 37.325765420392102 ], [ -113.285361182787994, 37.325790173736301 ], [ -113.285266525509996, 37.3259321195643 ], [ -113.285252137194007, 37.325953697615397 ], [ -113.285163528271994, 37.326086573898998 ], [ -113.285150534142005, 37.326106046752002 ], [ -113.285137227397001, 37.3261259896342 ], [ -113.285029493343998, 37.326287442636399 ], [ -113.285022614943998, 37.326297750506299 ], [ -113.284919058954003, 37.326452937711103 ], [ -113.284902220033999, 37.326478173004503 ], [ -113.284812163029002, 37.326613134213098 ], [ -113.284793331645005, 37.326641356078298 ], [ -113.284704301413996, 37.326774776180699 ], [ -113.284687125625993, 37.326800515683999 ], [ -113.284583295651004, 37.3269561140186 ], [ -113.284580840554995, 37.326959792102599 ], [ -113.284521690087004, 37.327048433230402 ], [ -113.284494110908994, 37.327089765004601 ], [ -113.284426528853999, 37.327191038863099 ], [ -113.284100522152002, 37.327679581610198 ], [ -113.284013126855001, 37.3278105468885 ], [ -113.283695424179996, 37.328286637203597 ], [ -113.283598030633001, 37.3284325827698 ], [ -113.283422528572999, 37.328695574799802 ], [ -113.283289812370995, 37.328894652927097 ], [ -113.283196672347998, 37.329034365671603 ], [ -113.282857497242006, 37.3295431334165 ], [ -113.282794909819998, 37.329637013061799 ], [ -113.282434809359003, 37.3301771587521 ], [ -113.282355749529003, 37.330295745178603 ], [ -113.282332528078996, 37.330330575771796 ], [ -113.282028326184005, 37.330792813543901 ], [ -113.281955876157994, 37.330902900349699 ], [ -113.281768528013998, 37.331187575281298 ], [ -113.281600307697005, 37.3314431305105 ], [ -113.281536459039998, 37.331540129926701 ], [ -113.281160184412002, 37.332111752437697 ], [ -113.281109555363003, 37.332188666866898 ], [ -113.280692149572999, 37.332822763446103 ], [ -113.280648686383998, 37.332888789478901 ], [ -113.280197468007003, 37.333574235954302 ], [ -113.280165947021999, 37.333622117533203 ], [ -113.279728779194002, 37.334286205943002 ], [ -113.279684393436, 37.334353630638098 ], [ -113.279293063042999, 37.334948077152198 ], [ -113.279232311776994, 37.335040358687898 ], [ -113.27917752802, 37.335123575536798 ], [ -113.279108528422995, 37.335227575576397 ], [ -113.278861875299995, 37.335602247226397 ], [ -113.278801253392004, 37.335694332254803 ], [ -113.278416635211002, 37.336278565938997 ], [ -113.278356048337002, 37.336370594427599 ], [ -113.277961236972999, 37.336970297459899 ], [ -113.277913272326998, 37.3370431550658 ], [ -113.277489342072997, 37.337687075581798 ], [ -113.277474527954993, 37.337709575895701 ], [ -113.277448807392005, 37.337749038386001 ], [ -113.277401527262001, 37.337821576691503 ], [ -113.276998288802005, 37.338408911404002 ], [ -113.276951422796003, 37.338477172321397 ], [ -113.276754606408005, 37.338763839071198 ], [ -113.276509928680994, 37.339120212773203 ], [ -113.276464204432997, 37.339186811069297 ], [ -113.276389527484, 37.339295576422501 ], [ -113.275275053287999, 37.340935268937201 ], [ -113.275171528738994, 37.3410875769803 ], [ -113.275103691561995, 37.341182063547599 ], [ -113.275031527200994, 37.341282577075802 ], [ -113.274153909999001, 37.342555029273697 ], [ -113.274113527134006, 37.342613576419602 ], [ -113.273267527935005, 37.343714576786901 ], [ -113.273087527111997, 37.3439455777186 ], [ -113.272796568180993, 37.344329932087597 ], [ -113.272760573585998, 37.344377478294398 ], [ -113.272682527056006, 37.344480577815503 ], [ -113.272616065199998, 37.3445587686425 ], [ -113.272536176225003, 37.344652758785102 ], [ -113.272459855357994, 37.344742549545401 ], [ -113.272325384747006, 37.344900750249998 ], [ -113.272315019985001, 37.344912945944998 ], [ -113.272020563913003, 37.345259364417501 ], [ -113.271930295803003, 37.345365561445298 ], [ -113.271577527391003, 37.345780577758198 ], [ -113.271484912882002, 37.3458931485495 ], [ -113.271388682654006, 37.346010112614501 ], [ -113.270970013832994, 37.346518986053603 ], [ -113.270866509046996, 37.346644790229398 ], [ -113.270634983554004, 37.346926194013399 ], [ -113.270556022538997, 37.347022165070697 ], [ -113.270374917685999, 37.347242284521997 ], [ -113.270217528356994, 37.347433577985399 ], [ -113.269391970322005, 37.348548823734802 ], [ -113.269211527528, 37.348792578299602 ], [ -113.268976253364997, 37.349182677935097 ], [ -113.268322527772995, 37.350266578355502 ], [ -113.267917499869995, 37.351141528526703 ], [ -113.267518370304003, 37.352003714825599 ], [ -113.267498527417999, 37.352046578161897 ], [ -113.267225353333004, 37.352650807565603 ], [ -113.266908527414003, 37.353351577761501 ], [ -113.266450753132006, 37.354201448807999 ], [ -113.266085073233995, 37.354880328459203 ], [ -113.265807527947004, 37.355395579022002 ], [ -113.264800391647995, 37.357063821597002 ], [ -113.264701527558998, 37.357227580147097 ], [ -113.264521205139005, 37.357520879428499 ], [ -113.264203526718006, 37.358037579919497 ], [ -113.263612527787998, 37.359079579935198 ], [ -113.263570527954997, 37.359152580315097 ], [ -113.263447527932001, 37.359342579611202 ], [ -113.262867366277007, 37.3603023972613 ], [ -113.262588301939005, 37.360764072140299 ], [ -113.262254888627993, 37.361315650064697 ], [ -113.262119527785998, 37.361539579640301 ], [ -113.262010527108004, 37.361741580214797 ], [ -113.261309526776003, 37.362846580436099 ], [ -113.260855705080999, 37.363532580972397 ], [ -113.260576527555003, 37.363954580942803 ], [ -113.260534661571, 37.364005635343602 ], [ -113.259400526847003, 37.365388580442598 ], [ -113.258022342318, 37.367008737775997 ], [ -113.257808562145001, 37.367260044493001 ], [ -113.256734526509007, 37.3685225810638 ], [ -113.255401144556998, 37.3700953628639 ], [ -113.255379044204005, 37.370121430201102 ], [ -113.254642692470995, 37.370989955029998 ], [ -113.254478527149004, 37.371183581710802 ], [ -113.254436868675995, 37.371311823951601 ], [ -113.254427527095999, 37.371340582297897 ], [ -113.254464526906006, 37.371759581364998 ], [ -113.253949527244998, 37.372329581993498 ], [ -113.253197526858997, 37.373210581469401 ], [ -113.253106070277994, 37.3733153440145 ], [ -113.252721822203995, 37.373755495164801 ], [ -113.252544526207998, 37.373958582220403 ], [ -113.252013526653997, 37.374572581658398 ], [ -113.251324526017001, 37.375383582797397 ], [ -113.250635527176996, 37.376166581800497 ], [ -113.250218526528002, 37.376643582667697 ], [ -113.249923526974996, 37.377013582484402 ], [ -113.249919335436005, 37.377019752321097 ], [ -113.249565526774006, 37.377540583077199 ], [ -113.249175526786999, 37.378205582940403 ], [ -113.248876527036003, 37.378929583278101 ], [ -113.248730525650004, 37.379311583465203 ], [ -113.248668787135003, 37.379519204000601 ], [ -113.248520042294004, 37.380019412129201 ], [ -113.248380525846002, 37.380488583579101 ], [ -113.248163527008998, 37.381177582857802 ], [ -113.248079690837002, 37.381443548054499 ], [ -113.247931526306999, 37.381913583580499 ], [ -113.247717235891002, 37.3826808607852 ], [ -113.247664527241994, 37.382869584188903 ], [ -113.247526073499998, 37.383335689195299 ], [ -113.247443526409995, 37.383613583462399 ], [ -113.247207527306998, 37.3843925842963 ], [ -113.246998527070005, 37.385101584131903 ], [ -113.246778527860002, 37.385691583875698 ], [ -113.246717908646005, 37.3858336819914 ], [ -113.246499527302007, 37.386345583721699 ], [ -113.246475689608005, 37.386396469424803 ], [ -113.246239527010999, 37.386900584479399 ], [ -113.245955527329002, 37.387427584113603 ], [ -113.245609526825007, 37.388061583862601 ], [ -113.245290527880996, 37.388617584005303 ], [ -113.244991527232003, 37.389181584594702 ], [ -113.244949835520998, 37.389260229894603 ], [ -113.244859526987, 37.3894305844615 ], [ -113.24483740238, 37.389469839900002 ], [ -113.244458532519005, 37.390142058260103 ], [ -113.244447527258004, 37.390161585159902 ], [ -113.244054526897997, 37.390867584912499 ], [ -113.243696527596001, 37.391534584899198 ], [ -113.243348526543002, 37.392231585414699 ], [ -113.243266635224003, 37.392418430568199 ], [ -113.243103526320994, 37.392790585015597 ], [ -113.243069801768002, 37.392877069407902 ], [ -113.242862526295994, 37.393408584703202 ], [ -113.242607526927003, 37.394173584649003 ], [ -113.242372526750003, 37.394899585420603 ], [ -113.242204969390002, 37.395433836890398 ], [ -113.242121804259, 37.395699007866803 ], [ -113.242112527356994, 37.395728585438803 ], [ -113.242025691709998, 37.395984866575397 ], [ -113.241886526502995, 37.3963955849919 ], [ -113.241666527293006, 37.396999584997602 ], [ -113.241322527337005, 37.397887586068599 ], [ -113.240982407204001, 37.3986699625776 ], [ -113.240907146349002, 37.3986708838965 ], [ -113.240789467946001, 37.398672632332698 ], [ -113.220411062655998, 37.398973517619503 ], [ -113.220321431452007, 37.3989748328665 ], [ -113.216284367531003, 37.399034033941 ], [ -113.216194735428999, 37.399035346332298 ], [ -113.2149580122, 37.399053484305497 ], [ -113.212518208549994, 37.399089181473997 ], [ -113.212594034445004, 37.402388962683098 ], [ -113.212594339871998, 37.402403195673898 ], [ -113.213199075839995, 37.428736174005401 ], [ -113.214068879495002, 37.466573701456603 ], [ -113.207106611751001, 37.466554590905801 ], [ -113.207333540565003, 37.481045800282402 ], [ -113.207333558532, 37.481046740547697 ], [ -113.207244530097, 37.481046597975201 ], [ -113.206870529105004, 37.481045597116598 ], [ -113.203455070613998, 37.481046854605701 ], [ -113.201300527881003, 37.481047598121101 ], [ -113.200178527598993, 37.481047598121101 ], [ -113.198881732231001, 37.481046826091202 ], [ -113.198503527124004, 37.481046598688103 ], [ -113.198157528416004, 37.4810455978294 ], [ -113.197009527296998, 37.481043598963502 ], [ -113.196741526609998, 37.481046597975201 ], [ -113.196066527114994, 37.481046598688103 ], [ -113.193850526142, 37.481045599255197 ], [ -113.192373526032995, 37.481045599255197 ], [ -113.186629525629996, 37.481043599676397 ], [ -113.183380524062997, 37.481042600243399 ], [ -113.181876524190002, 37.481041600097498 ], [ -113.181823523587994, 37.481041600097498 ], [ -113.181751523618004, 37.481041600097498 ], [ -113.181643524562006, 37.481042600243399 ], [ -113.181568524217994, 37.481042600243399 ], [ -113.181504523746, 37.481041600097498 ], [ -113.181328524018994, 37.481041600097498 ], [ -113.181164523986993, 37.481041600097498 ], [ -113.180958524123, 37.481041600097498 ], [ -113.180916524289998, 37.481041600097498 ], [ -113.180884523605002, 37.4810416008104 ], [ -113.18084852362, 37.481041600097498 ], [ -113.180770523801996, 37.481041600097498 ], [ -113.180000523873005, 37.481041600097498 ], [ -113.178145523473006, 37.4810406006645 ], [ -113.176950117358004, 37.481040606367401 ], [ -113.176007523215006, 37.4810406006645 ], [ -113.175738260394994, 37.481040480190799 ], [ -113.173818522005007, 37.481039600518699 ], [ -113.171858522023001, 37.481038600372699 ], [ -113.161999519865006, 37.481030600630802 ], [ -113.160194519692993, 37.481033601068802 ], [ -113.159924519355997, 37.481033601068802 ], [ -113.158975519327001, 37.481033601068802 ], [ -113.146670516938997, 37.481033601781597 ], [ -113.146170517347002, 37.481033602494499 ], [ -113.146121517842005, 37.481033602494499 ], [ -113.146117516744994, 37.479967601817997 ], [ -113.146117517644001, 37.4798466015786 ], [ -113.146118517469006, 37.479761602029697 ], [ -113.146115517096007, 37.479486601610702 ], [ -113.146096516829004, 37.474635600846398 ], [ -113.146095517003999, 37.474303601638297 ], [ -113.145959516562002, 37.474303601638297 ], [ -113.145325926707002, 37.474305200019799 ], [ -113.141969516277001, 37.474313601859301 ], [ -113.141514305786004, 37.474313035795703 ], [ -113.141166514939002, 37.474312602336298 ], [ -113.139188515412997, 37.4743096023414 ], [ -113.136841514918004, 37.474319601135797 ], [ -113.135322514078993, 37.474323602078996 ], [ -113.133725514318996, 37.474322601843198 ], [ -113.133552514965004, 37.474324602314802 ], [ -113.133409513952003, 37.474325601837599 ], [ -113.133316514963994, 37.474325601837599 ], [ -113.133131514116997, 37.474325601837599 ], [ -113.132808514976006, 37.474326602073297 ], [ -113.130569513536997, 37.474331602539003 ], [ -113.128762512817005, 37.474334602532998 ], [ -113.127319513044, 37.474336601578401 ], [ -113.126245512443006, 37.474341602756198 ], [ -113.125808512600003, 37.474339602285099 ], [ -113.123356512523003, 37.474342602991698 ], [ -113.121499512472994, 37.474346603220802 ], [ -113.116930510258001, 37.474353604155802 ], [ -113.116209510733, 37.474355603200699 ], [ -113.115687511399003, 37.474356602723198 ], [ -113.114853510098996, 37.474357602958499 ], [ -113.112763510421004, 37.474360602951499 ], [ -113.111797509775002, 37.474361603899702 ], [ -113.108409509189002, 37.474367603885199 ], [ -113.106462508727006, 37.474371604112903 ], [ -113.105046507820006, 37.474372604347998 ], [ -113.096969506267001, 37.474384604316903 ], [ -113.095585506044003, 37.474386604786702 ], [ -113.094349506859004, 37.4743886052566 ], [ -113.093930506559005, 37.474389604778601 ], [ -113.093350506600999, 37.474395604761803 ], [ -113.092331506251, 37.474393605717999 ], [ -113.091597506308005, 37.474392605483203 ], [ -113.091184505856006, 37.474392604770301 ], [ -113.090903505648001, 37.474392605483203 ], [ -113.090299504501999, 37.474393605717999 ], [ -113.089376505310995, 37.474395604761803 ], [ -113.088163505691, 37.474397605231502 ], [ -113.086460504727995, 37.474400605222897 ], [ -113.086196505138005, 37.474401605457601 ], [ -113.085877504397004, 37.474402604979403 ], [ -113.085395504348, 37.4744036052141 ], [ -113.083451505157996, 37.474408606387499 ], [ -113.080395503934994, 37.474415605177903 ], [ -113.078948503963005, 37.474419605403099 ], [ -113.076084502360999, 37.474425606096901 ], [ -113.074022502271006, 37.474423605627997 ], [ -113.071597403143997, 37.474434822083701 ], [ -113.070776501975999, 37.4744386062914 ], [ -113.069550501039004, 37.474440606759899 ], [ -113.069029500631999, 37.474441606281097 ], [ -113.062582500247004, 37.4744506076755 ], [ -113.061602501153999, 37.474454606472897 ], [ -113.058446499474002, 37.474455606706897 ], [ -113.058056499486995, 37.474455606706897 ], [ -113.057732499620997, 37.474456606940997 ], [ -113.057718499377998, 37.474456606940997 ], [ -113.055445498503005, 37.474459607642899 ], [ -113.054581498862007, 37.4744606078769 ], [ -113.054388498517994, 37.4744606078769 ], [ -113.053848498742994, 37.474461606684898 ], [ -113.052226498869999, 37.474463607152799 ], [ -113.049644498198006, 37.474467607375402 ], [ -113.047680497119003, 37.4744696085559 ], [ -113.047545497399994, 37.4744696085559 ], [ -113.044630496642, 37.474472607831501 ], [ -113.043192495992997, 37.474473607352401 ], [ -113.042864496828997, 37.474473608065303 ], [ -113.042641496347997, 37.474474607586103 ], [ -113.042258496033, 37.474474607586103 ], [ -113.037059494529998, 37.474479608041797 ], [ -113.037061495078007, 37.475990609373603 ], [ -113.037062494902997, 37.477323608994098 ], [ -113.037064495451006, 37.479978609282803 ], [ -113.037060496151, 37.480566609855799 ], [ -113.037066495998999, 37.480738609463998 ], [ -113.037067495824004, 37.482181609410503 ], [ -113.037068495648995, 37.483639609532098 ], [ -113.037069496371998, 37.4847766095697 ], [ -113.037076496943001, 37.488286609843797 ], [ -113.037085498061998, 37.492791610801497 ], [ -113.037088497536999, 37.494194610806403 ], [ -113.037091436823999, 37.494661990088602 ], [ -113.037092497735003, 37.494830610974901 ], [ -113.037099497406999, 37.495798611397198 ], [ -113.037094916897999, 37.496860266714101 ], [ -113.037094498282997, 37.496957611624097 ], [ -113.037095498108002, 37.4974586119055 ], [ -113.037099498306006, 37.499753611535397 ], [ -113.034487464259001, 37.499756386013402 ], [ -113.034272497412005, 37.499756611934103 ], [ -113.034169206425005, 37.499756648281 ], [ -113.029476080394005, 37.499758184827201 ], [ -113.028589409971005, 37.499758453508903 ], [ -113.028058495756994, 37.499758611724701 ], [ -113.027073495742997, 37.499754612143498 ], [ -113.025216652897996, 37.4997566040946 ], [ -113.023445016156003, 37.499758477027498 ], [ -113.020421495318004, 37.499761612835897 ], [ -113.019737494704998, 37.499762613443799 ], [ -113.019110933269005, 37.499762406765498 ], [ -113.018691244859994, 37.499762266366801 ], [ -113.016795495080999, 37.4997616135485 ], [ -113.013335498119005, 37.499764376623197 ], [ -113.013030672794002, 37.499764616084903 ], [ -113.007042121325995, 37.499769143051502 ], [ -113.006849430002006, 37.499769283450199 ], [ -113.006395491526007, 37.4997696134227 ], [ -113.001040450860998, 37.499772473421999 ], [ -113.000829768977994, 37.499772579611999 ], [ -113.000762491450999, 37.499772613820802 ], [ -112.998893491705005, 37.499775613505903 ], [ -112.994608096608999, 37.499780284433903 ], [ -112.994594731473995, 37.4997802994003 ], [ -112.994300489200995, 37.499780614406397 ], [ -112.991195488472997, 37.499784615411599 ], [ -112.988970488175994, 37.4997886142786 ], [ -112.988645983457999, 37.499789389678199 ], [ -112.988274452832997, 37.499790274831 ], [ -112.987290488575994, 37.499792615283297 ], [ -112.986063487815002, 37.499794614360297 ], [ -112.983579487951005, 37.499799615259498 ], [ -112.982474603270006, 37.4998018965588 ], [ -112.98225498315, 37.4998023476874 ], [ -112.979189486734001, 37.4998086150242 ], [ -112.976174798133002, 37.499814815368303 ], [ -112.975912329270997, 37.499815351305998 ], [ -112.974800486240994, 37.499817615500497 ], [ -112.970208484460002, 37.499820616609298 ], [ -112.969972260777993, 37.499820734201997 ], [ -112.969443845675997, 37.499820994331401 ], [ -112.966034484052003, 37.499822617110901 ], [ -112.965213484966995, 37.499822617110901 ], [ -112.963839890828993, 37.499820908809397 ], [ -112.963606484264005, 37.499820617322001 ], [ -112.963347840428995, 37.499821022126 ], [ -112.962327482725001, 37.499822617110901 ], [ -112.962030939867006, 37.499824653246499 ], [ -112.961599483528005, 37.499827615870103 ], [ -112.960667484115007, 37.499825616794098 ], [ -112.960070482641996, 37.4998306169785 ], [ -112.959002384870999, 37.499825566906203 ], [ -112.958995138161001, 37.4998255326974 ], [ -112.958590482160005, 37.499823617005298 ], [ -112.957476369087004, 37.499825151411997 ], [ -112.956744307706998, 37.499826154157098 ], [ -112.956744196315995, 37.499826155582497 ], [ -112.954932482136002, 37.499828617189799 ], [ -112.950844480144994, 37.499853617394997 ], [ -112.950828481149998, 37.499851616894198 ], [ -112.949922480778994, 37.499858617577502 ], [ -112.949215481497006, 37.499863617759701 ], [ -112.949044480894997, 37.4998646176536 ], [ -112.948700480938001, 37.499866617441299 ], [ -112.948469480959005, 37.499869617122698 ], [ -112.948006947403002, 37.499872310350497 ], [ -112.944007720521, 37.4998955224208 ], [ -112.943348724513996, 37.4998993338464 ], [ -112.941914478822994, 37.499907617353301 ], [ -112.941600479003, 37.499909618565198 ], [ -112.940855479188997, 37.499916618530399 ], [ -112.940719479644997, 37.4999146187441 ], [ -112.939887181551001, 37.499919855533001 ], [ -112.939241814783003, 37.4999239128326 ], [ -112.938333478792003, 37.499929618565801 ], [ -112.935648478188, 37.4999386183148 ], [ -112.935461643880004, 37.4999390473494 ], [ -112.935213477095999, 37.499939618920401 ], [ -112.935094342523001, 37.499940083589102 ], [ -112.933152477730005, 37.499947618062798 ], [ -112.930940311664003, 37.499949439677799 ], [ -112.930533763810999, 37.499949771074903 ], [ -112.929482477112003, 37.499950619166299 ], [ -112.926576700256007, 37.4999569655984 ], [ -112.926197603120997, 37.499957787320596 ], [ -112.925351476361001, 37.499959618912897 ], [ -112.924276475935997, 37.499962619303297 ], [ -112.92297068933, 37.499964941220497 ], [ -112.922220568219998, 37.499966268946601 ], [ -112.919205118746007, 37.499971557757704 ], [ -112.919169474493998, 37.499971619760998 ], [ -112.918396086119998, 37.499970904228597 ], [ -112.915361556427996, 37.499968042811503 ], [ -112.914764475903993, 37.499967469815303 ], [ -112.911837473654003, 37.499964619800998 ], [ -112.911809561200997, 37.499964838594302 ], [ -112.910948964379003, 37.499971584839699 ], [ -112.910944472802996, 37.499971619760998 ], [ -112.908321473021999, 37.499979620325398 ], [ -112.908021641431006, 37.499981505368297 ], [ -112.907070832195004, 37.499987478352601 ], [ -112.904814472609999, 37.5000016208039 ], [ -112.904278917699003, 37.500005266881999 ], [ -112.903219806674002, 37.5000124728031 ], [ -112.901283471910006, 37.500025620346698 ], [ -112.901004470453998, 37.500026620951097 ], [ -112.901004471351996, 37.500013620220003 ], [ -112.901004470453998, 37.4999836198946 ], [ -112.901004471351996, 37.499934620881298 ], [ -112.901004471351996, 37.499791620377302 ], [ -112.901005471177001, 37.499743621133497 ], [ -112.901005471177001, 37.499681621173799 ], [ -112.901006471002006, 37.499570621197797 ], [ -112.901006471002006, 37.499493620475398 ], [ -112.901019470522002, 37.494990620286302 ], [ -112.901063469107001, 37.480731619107203 ], [ -112.901077468452002, 37.476234617574001 ], [ -112.901078469175005, 37.475979617718302 ], [ -112.901101468741004, 37.468100616747897 ], [ -112.901158465948001, 37.449413613794597 ], [ -112.901169466716993, 37.445904613549899 ], [ -112.901173465118006, 37.4444666139918 ], [ -112.901180464790997, 37.442068613520597 ], [ -112.901197464508996, 37.436664613172603 ], [ -112.901196463785993, 37.436588612563902 ], [ -112.901198465232, 37.4349336125875 ], [ -112.901198464334001, 37.434900613089901 ], [ -112.901204464182001, 37.429971611712503 ], [ -112.901206463831997, 37.428364612556202 ], [ -112.901207464555, 37.428318611939297 ], [ -112.901215463154003, 37.425858611378104 ], [ -112.901232462872997, 37.420916610836599 ], [ -112.901239462545007, 37.418480611119399 ], [ -112.901248463664999, 37.416021610122797 ], [ -112.901248461867993, 37.415813610509403 ], [ -112.901259462637, 37.412205609635201 ], [ -112.901271461434007, 37.408861609630101 ], [ -112.901298461197996, 37.4007576078087 ], [ -112.901306461594004, 37.398665608614301 ], [ -112.901311460719, 37.397037608258501 ], [ -112.901311459821002, 37.396942608233701 ], [ -112.901317459667993, 37.395158608499003 ], [ -112.901325460962994, 37.392816608066099 ], [ -112.901328459539002, 37.391765607795399 ], [ -112.901366459174, 37.380806605666997 ], [ -112.901370458472996, 37.3798146054569 ], [ -112.901381459242003, 37.376237606008402 ], [ -112.901385459439993, 37.374985605403502 ], [ -112.900751458157004, 37.371227605617499 ], [ -112.900752457981994, 37.371114604493997 ], [ -112.900755457456995, 37.370832604605901 ], [ -112.900764456779001, 37.369985604089798 ], [ -112.900767457152, 37.369770605189899 ], [ -112.900768456977005, 37.369704605161502 ], [ -112.900818457206, 37.361224603914998 ], [ -112.900830456003007, 37.359089603407597 ], [ -112.900860455241997, 37.354096602448301 ], [ -112.900884455531994, 37.350049603428701 ], [ -112.900924454816007, 37.3431346010141 ], [ -112.900946454557996, 37.339546601688099 ], [ -112.901018452730995, 37.327246599954698 ], [ -112.901071453333003, 37.318292597888103 ], [ -112.901081451582002, 37.316632598630797 ], [ -112.901081451582002, 37.316537598231299 ], [ -112.901085452678004, 37.315891598903498 ], [ -112.901098452198994, 37.313671598761502 ], [ -112.901103451322996, 37.313002597695302 ], [ -112.901104451148001, 37.312931597957899 ], [ -112.901171451994003, 37.309622598581598 ], [ -112.901211450380003, 37.3076515973722 ], [ -112.901372450037996, 37.299697596422199 ], [ -112.901440449809996, 37.296389595381299 ], [ -112.901435450685995, 37.296009596513102 ], [ -112.901420450616996, 37.294790595484898 ], [ -112.901363448919, 37.289995595224298 ], [ -112.901344450449002, 37.288397595073498 ], [ -112.901339449527995, 37.287997594981803 ], [ -112.901324448560999, 37.286798594694197 ], [ -112.901320449262002, 37.286399594565303 ], [ -112.901319448538004, 37.286378594800901 ], [ -112.901318448712999, 37.286318594420599 ], [ -112.901318449612006, 37.286298594521298 ], [ -112.901312448865994, 37.285134593805402 ], [ -112.901294448423997, 37.281644594314898 ], [ -112.901294448423997, 37.281450593812202 ], [ -112.900326448127998, 37.281424594333103 ], [ -112.899554234750994, 37.281413461192599 ], [ -112.899147447944998, 37.281407593706703 ], [ -112.899127446056994, 37.267752592772098 ], [ -112.899126446232003, 37.266909592109002 ], [ -112.899085446225001, 37.265429592477602 ], [ -112.899085446225001, 37.263318591797002 ], [ -112.899085445325994, 37.2593455918174 ], [ -112.899084445501003, 37.253499591792099 ], [ -112.899086444253001, 37.250108590268901 ], [ -112.899091443377003, 37.241575589663597 ], [ -112.899082443156999, 37.2245755879661 ], [ -112.899086442455996, 37.223612587219797 ], [ -112.899077442234997, 37.2230795870001 ], [ -112.899085441733007, 37.222325587060404 ], [ -112.899087441383003, 37.222076587610402 ], [ -112.899091441581007, 37.221729587333499 ], [ -112.899095441778996, 37.219815587373098 ], [ -112.899107441474001, 37.215220586168499 ], [ -112.899140440188006, 37.202738584483903 ], [ -112.899165438506003, 37.193213583013097 ], [ -112.899166438330994, 37.190444582910501 ], [ -112.899173811701999, 37.184729843906702 ], [ -112.899177438200994, 37.181918581594402 ], [ -112.899176437478005, 37.175349581636603 ], [ -112.899168435285006, 37.151486579433197 ], [ -112.899192433777998, 37.1476255780061 ], [ -112.899193433603003, 37.1414645769879 ], [ -112.899191433953007, 37.138873576879703 ], [ -112.899201433998996, 37.136423577218203 ], [ -112.899188432681996, 37.1360365771095 ], [ -112.899187432857005, 37.135684576577702 ], [ -112.899165431319005, 37.123654575447901 ], [ -112.899221430496993, 37.107100573456101 ], [ -112.899205427908996, 37.0923245713808 ], [ -112.899115428395007, 37.081543569450801 ], [ -112.899184427093999, 37.078072569941398 ], [ -112.899211426858002, 37.067138568161603 ], [ -112.899238425723993, 37.057787566987798 ], [ -112.899263424042005, 37.045843566144598 ], [ -112.899258424018996, 37.038600564032599 ], [ -112.899280421963994, 37.033274563403999 ], [ -112.899283421438, 37.029236563225801 ], [ -112.899227418666996, 37.0014035598577 ], [ -112.899202420348999, 37.000390636637299 ], [ -112.899202418553003, 37.000390559155697 ], [ -112.899214420044999, 37.000390559873097 ], [ -112.899213419321995, 37.000310560014597 ], [ -112.901911420344007, 37.000322559639997 ], [ -112.902712420235005, 37.000325559904802 ], [ -112.907971379792002, 37.000329092497601 ], [ -112.907971616048997, 37.000329091780202 ], [ -112.908693421362997, 37.000329558822799 ], [ -112.909975995501995, 37.000325203345298 ], [ -112.912509421571002, 37.000316559110097 ], [ -112.916585422967998, 37.0003035586778 ], [ -112.921090422914006, 37.000290558243201 ], [ -112.925730424375999, 37.0002795579842 ], [ -112.928145425541004, 37.000275557628697 ], [ -112.928854425371, 37.000274557539797 ], [ -112.934386426062005, 37.000265558173901 ], [ -112.935410427332002, 37.000262557189401 ], [ -112.935865425819998, 37.000262557189401 ], [ -112.937659427019994, 37.000261557817701 ], [ -112.937778426845995, 37.000259557639602 ], [ -112.940397428224998, 37.000255556565598 ], [ -112.945143429094003, 37.000247557286698 ], [ -112.948263429891, 37.000242556122799 ], [ -112.951595627130999, 37.000236657460903 ], [ -112.952211430342999, 37.000235556214598 ], [ -112.953194347164001, 37.000233561057698 ], [ -112.953194345368004, 37.000233977163802 ], [ -112.953194276196996, 37.000262008359996 ], [ -112.953194281587002, 37.0002710213573 ], [ -112.953184619308004, 37.0071168909463 ], [ -112.953184471984002, 37.007216486180702 ], [ -112.953175931700997, 37.007216537113102 ], [ -112.948626321418004, 37.007232672653601 ], [ -112.948654093732998, 37.010885893795702 ], [ -112.948646320611005, 37.012130531423502 ], [ -112.948645868759002, 37.012205256648102 ], [ -112.948631792157997, 37.014474771341298 ], [ -112.948631619682004, 37.014498839282297 ], [ -112.948644883306997, 37.0144988916445 ], [ -112.951051416951998, 37.014502240669799 ], [ -112.951084350089005, 37.014502330330998 ], [ -112.953187298084003, 37.0145052202908 ], [ -112.955212409755006, 37.014514583788603 ], [ -112.955159170201995, 37.017971656954998 ], [ -112.955163182975994, 37.018136978029901 ], [ -112.955164656213, 37.018194456697401 ], [ -112.954872366876998, 37.019244955121898 ], [ -112.954234612432998, 37.0198504974381 ], [ -112.953865534209001, 37.020449087805098 ], [ -112.953922687721999, 37.020499430407099 ], [ -112.953599727208001, 37.021604148416401 ], [ -112.953711254846993, 37.022535331441198 ], [ -112.953844704074001, 37.022562606359699 ], [ -112.954130184180002, 37.023048478248498 ], [ -112.954178354540005, 37.024621344228102 ], [ -112.953801925402004, 37.025280442031303 ], [ -112.953745010839995, 37.025379981189097 ], [ -112.953158275313996, 37.0253815317472 ], [ -112.953027653085002, 37.025381429189501 ], [ -112.953079555946005, 37.050742128391398 ], [ -112.962068286426998, 37.050737330578997 ], [ -112.962129456308006, 37.050737310504601 ], [ -112.962128632551995, 37.0254080741135 ], [ -112.968967725998994, 37.025356851189599 ], [ -112.968951106267994, 37.034421050388403 ], [ -112.980229250742994, 37.034402559204999 ], [ -112.980245439282996, 37.0344025599221 ], [ -112.980248124347, 37.031389686086897 ], [ -112.980248658844999, 37.030774006520303 ], [ -112.987050727329006, 37.0307686781996 ], [ -112.987062176357, 37.0255095581117 ], [ -112.987062593174997, 37.025322804155998 ], [ -112.985948324692998, 37.025324159640299 ], [ -112.984792913372004, 37.025325471376199 ], [ -112.984795227432002, 37.022002288389103 ], [ -112.984795491537, 37.021710085704697 ], [ -112.980261601771005, 37.021714475817902 ], [ -112.975976842682002, 37.0217250878271 ], [ -112.975748117237003, 37.021725652997603 ], [ -112.975755576847007, 37.018676730821298 ], [ -112.975756976423, 37.018110245202301 ], [ -112.971237995097994, 37.018118094846798 ], [ -112.971238029234001, 37.0180237290691 ], [ -112.971241322457999, 37.014493131091001 ], [ -112.966801911204996, 37.014536259557197 ], [ -112.966748537802999, 37.0145367838957 ], [ -112.966757119408996, 37.013570454933301 ], [ -112.966780863677997, 37.010885918184698 ], [ -112.971263087739004, 37.0108768720143 ], [ -112.971251701591996, 37.007251698426401 ], [ -112.971311004773995, 37.007250352662602 ], [ -112.973495189217005, 37.007199801140104 ], [ -112.975704726813007, 37.0071910579736 ], [ -112.975705318802, 37.007166172081398 ], [ -112.975714231886997, 37.006720424780802 ], [ -112.975776774392997, 37.003584324222402 ], [ -112.979287100367998, 37.003576559881203 ], [ -112.980220220877996, 37.003574508855301 ], [ -112.980256291828994, 37.0035744478769 ], [ -112.984264455151006, 37.003580126757797 ], [ -112.984777695911006, 37.003580825498297 ], [ -112.984788258302004, 37.007219074409697 ], [ -112.989311532675998, 37.007211455346102 ], [ -112.990451282769001, 37.007210545735603 ], [ -112.993754111387005, 37.007208084478798 ], [ -112.993814909365994, 37.007208054349697 ], [ -112.993852296349999, 37.0108409771208 ], [ -112.993830345117004, 37.014460744736397 ], [ -112.993723015304994, 37.018038954268903 ], [ -112.993722249941001, 37.018065555146499 ], [ -112.995849279073994, 37.018066290333799 ], [ -113.007407294573994, 37.018069466343299 ], [ -113.007416667594995, 37.021637231018197 ], [ -113.007416854444998, 37.021691304537903 ], [ -113.009400251049001, 37.021689089039803 ], [ -113.011935526748999, 37.021686224455898 ], [ -113.011943927793993, 37.025315287313603 ], [ -113.016454176596, 37.025310985622603 ], [ -113.016462945949996, 37.0253110171789 ] ] ] } },
{ "type": "Feature", "properties": { "OBJECTID": 80, "CountyID": 27, "VistaID": "27STG:41", "PrecinctID": "27STG", "SubPrecinctID": "41", "VersionNbr": null, "EffectiveDate": 1744156800000, "AliasName": "STG:41", "Comments": "formerly STG41", "RcvdDate": 1744156800000, "GlobalID": "d1c21c5f-e3b6-4e71-88fa-c10bfedb9ecf", "Shape__Area": 6573397.015625, "Shape__Length": 15972.684830426531 }, "geometry": { "type": "Polygon", "coordinates": [ [ [ -113.568539367266993, 37.139831023865099 ], [ -113.568599683748005, 37.128741499170701 ], [ -113.568570170498006, 37.125089987399697 ], [ -113.568506008328995, 37.117781640353499 ], [ -113.568454111757006, 37.114676417975303 ], [ -113.568443463126997, 37.114058522330303 ], [ -113.568417959057996, 37.112514675954401 ], [ -113.568401052764003, 37.111415684766797 ], [ -113.568467657452999, 37.109851448386998 ], [ -113.568496423305007, 37.10815324867 ], [ -113.568490451304996, 37.106439182271799 ], [ -113.568502654918007, 37.104746770795899 ], [ -113.568509243161998, 37.1030378724599 ], [ -113.572751997029002, 37.103096539199498 ], [ -113.576977856279996, 37.103071659664202 ], [ -113.579120956273997, 37.103077364777498 ], [ -113.579125854786994, 37.103077383405299 ], [ -113.581228509032996, 37.1030866063007 ], [ -113.582096718179002, 37.103089133945602 ], [ -113.583347371581993, 37.103092788570301 ], [ -113.583353331005, 37.104809582229102 ], [ -113.583342029300994, 37.106499238381801 ], [ -113.583310088803003, 37.107800938636998 ], [ -113.583291938342001, 37.108204649258198 ], [ -113.584269505696, 37.108213876544198 ], [ -113.585460277402007, 37.108219548315603 ], [ -113.587592431424, 37.108228140865698 ], [ -113.589714086835002, 37.108236882427001 ], [ -113.593169090960998, 37.108251904699401 ], [ -113.593187317778003, 37.108383726463103 ], [ -113.593223979821005, 37.108544216222199 ], [ -113.593288594742006, 37.108735750807298 ], [ -113.593415153890007, 37.109023879572902 ], [ -113.593833864931995, 37.109945414162802 ], [ -113.594146121121994, 37.1106376951806 ], [ -113.594375460115998, 37.111146133579801 ], [ -113.594607236239, 37.111659970006897 ], [ -113.593952025731994, 37.111656583002201 ], [ -113.591811210154006, 37.1116496650016 ], [ -113.590409356814007, 37.111643718400302 ], [ -113.589703171406001, 37.111640716802803 ], [ -113.587572069310994, 37.111634889118598 ], [ -113.585437890487, 37.111626331340801 ], [ -113.584263809478998, 37.111606091683797 ], [ -113.581169944265994, 37.111584803252498 ], [ -113.57903420417, 37.111605561568503 ], [ -113.577992627360999, 37.111577780654898 ], [ -113.577991347262, 37.111601282678102 ], [ -113.577651862238, 37.111599645767797 ], [ -113.577647727292003, 37.112149658520998 ], [ -113.577655593838998, 37.116536621154502 ], [ -113.577676039495003, 37.117725335216001 ], [ -113.577875468182995, 37.132431476714501 ], [ -113.577892184033999, 37.139790056921299 ], [ -113.577892131032996, 37.1397900562052 ], [ -113.568539367266993, 37.139831023865099 ] ] ] } },
{ "type": "Feature", "properties": { "OBJECTID": 82, "CountyID": 27, "VistaID": "27STG:33", "PrecinctID": "27STG", "SubPrecinctID": "33", "VersionNbr": null, "EffectiveDate": 1744156800000, "AliasName": "STG:33", "Comments": "formerly STG33", "RcvdDate": 1744156800000, "GlobalID": "c87f60fe-eea9-41aa-aee3-5f926cbf09c5", "Shape__Area": 4206194.56640625, "Shape__Length": 10085.194297064565 }, "geometry": { "type": "Polygon", "coordinates": [ [ [ -113.584187165217998, 37.069160321842098 ], [ -113.584182657471999, 37.069101001652797 ], [ -113.583714596581999, 37.063566443958599 ], [ -113.583604908691996, 37.062145124029001 ], [ -113.583641116188005, 37.061440643688201 ], [ -113.583768101138006, 37.060750338307002 ], [ -113.583972537934002, 37.060104982317498 ], [ -113.584139395506995, 37.0597139770395 ], [ -113.584554011129001, 37.058972751766802 ], [ -113.585235906091995, 37.058100294865497 ], [ -113.586044350321998, 37.057261633407499 ], [ -113.586399965495005, 37.056821868557499 ], [ -113.586654525588997, 37.056366307262202 ], [ -113.587045422993, 37.055761335682803 ], [ -113.587192676631005, 37.055413062710798 ], [ -113.587336796944996, 37.055009430027503 ], [ -113.587515728772999, 37.054341480433798 ], [ -113.587535245571004, 37.054246958925297 ], [ -113.588347959494001, 37.050432311835699 ], [ -113.588710811495005, 37.049255129024097 ], [ -113.589070731394997, 37.048264025848098 ], [ -113.589671439317002, 37.047008580182201 ], [ -113.590300540290002, 37.045989692186801 ], [ -113.591042047455005, 37.0449683541421 ], [ -113.592094851408007, 37.043733855298697 ], [ -113.593271431529999, 37.042588415963102 ], [ -113.595153268201003, 37.040890002684797 ], [ -113.596628168048994, 37.039558786718104 ], [ -113.597362674642, 37.038855671354398 ], [ -113.597526792352994, 37.038673717956101 ], [ -113.597790567364996, 37.0388521807077 ], [ -113.599468062461995, 37.040251252449899 ], [ -113.601491736827995, 37.041938993394801 ], [ -113.601274677804, 37.042143817204 ], [ -113.601210887538002, 37.042270840872298 ], [ -113.601049210550002, 37.042593045072799 ], [ -113.600886375632996, 37.042917617661402 ], [ -113.600834592248006, 37.043020946817997 ], [ -113.600852305228997, 37.043230263413498 ], [ -113.600876993628006, 37.043522064236797 ], [ -113.600898621466996, 37.043776894029101 ], [ -113.600911611106, 37.043930169789299 ], [ -113.601019505958007, 37.0441772602463 ], [ -113.601270291331005, 37.044751566855702 ], [ -113.601600874050007, 37.045490670348798 ], [ -113.601613604975, 37.045945757036002 ], [ -113.600924693272006, 37.047158448775001 ], [ -113.600634773691993, 37.047867367869202 ], [ -113.600967626453993, 37.048689151077802 ], [ -113.600643380449995, 37.050019554511302 ], [ -113.600538437462006, 37.050650518945403 ], [ -113.600536017400998, 37.0506652615516 ], [ -113.600499817092, 37.0508826987083 ], [ -113.600422498197005, 37.051348051218298 ], [ -113.600674478328997, 37.052119070062602 ], [ -113.600704865639997, 37.052212125941701 ], [ -113.600747000219997, 37.052283746134201 ], [ -113.601138745634003, 37.0529494139398 ], [ -113.601153739414002, 37.053487178654301 ], [ -113.601142411658998, 37.053737382407803 ], [ -113.601089970706994, 37.0548956775745 ], [ -113.601004870606005, 37.055160874352197 ], [ -113.600816908013996, 37.055746613422897 ], [ -113.600662547804006, 37.056227894205001 ], [ -113.600300523151006, 37.0565516084379 ], [ -113.599912748289995, 37.056898415163801 ], [ -113.599906856239997, 37.056903681432203 ], [ -113.597768909882006, 37.0580183549597 ], [ -113.597437923819001, 37.058145013696098 ], [ -113.596872622993999, 37.058361245143203 ], [ -113.596746972939997, 37.058409236354301 ], [ -113.595910612663999, 37.058574085162803 ], [ -113.595822485240006, 37.058591424895297 ], [ -113.595768657289995, 37.058638563599096 ], [ -113.594713396444007, 37.059563384834497 ], [ -113.594454586420994, 37.059653670227497 ], [ -113.593588145159998, 37.059956049703402 ], [ -113.593443184021993, 37.060044652876797 ], [ -113.593029547563006, 37.060297199919802 ], [ -113.591884417459994, 37.061289027667598 ], [ -113.591727567120003, 37.061424930414702 ], [ -113.591516753183996, 37.061607432143603 ], [ -113.590001545031001, 37.062834969414901 ], [ -113.589886705303002, 37.062973015587197 ], [ -113.589751874466998, 37.063134929095 ], [ -113.589301893070001, 37.063675283195202 ], [ -113.588964727496005, 37.0645505733604 ], [ -113.588631943904005, 37.065587978890697 ], [ -113.588528996972997, 37.065593111229802 ], [ -113.587982995553006, 37.066389329215298 ], [ -113.587737786022998, 37.066692678191401 ], [ -113.587134214271998, 37.0674393466008 ], [ -113.586222237409004, 37.068076465279603 ], [ -113.585104852672004, 37.068758699744201 ], [ -113.584871885382995, 37.068889314354998 ], [ -113.584601504160005, 37.069040840640596 ], [ -113.584383431836997, 37.069163019060397 ], [ -113.584373440774002, 37.0690852612952 ], [ -113.584187165217998, 37.069160321842098 ] ] ] } },
{ "type": "Feature", "properties": { "OBJECTID": 83, "CountyID": 27, "VistaID": "27STG:17", "PrecinctID": "27STG", "SubPrecinctID": "17", "VersionNbr": null, "EffectiveDate": 1744156800000, "AliasName": "STG:17", "Comments": "formerly STG17", "RcvdDate": 1744156800000, "GlobalID": "c1db1af8-2f92-4c52-9896-816853023577", "Shape__Area": 5946656.1038246155, "Shape__Length": 12921.965035343113 }, "geometry": { "type": "Polygon", "coordinates": [ [ [ -113.579738799560005, 37.0730210725674 ], [ -113.579117670236002, 37.072796202480603 ], [ -113.579112840893004, 37.072733607484899 ], [ -113.579112769925999, 37.072732687908001 ], [ -113.579097777943005, 37.072538312888 ], [ -113.579092874039006, 37.072474763695901 ], [ -113.579085741415994, 37.072382287427502 ], [ -113.578895431527002, 37.072389042012702 ], [ -113.578242688692001, 37.072412214306397 ], [ -113.578232800934998, 37.072412565510398 ], [ -113.577492914331003, 37.071915652648997 ], [ -113.577405271996994, 37.071912172123803 ], [ -113.577404953094998, 37.071917731216303 ], [ -113.577402730043005, 37.071940999555402 ], [ -113.577398420429006, 37.071964080667797 ], [ -113.577392046464993, 37.071986855592598 ], [ -113.577383641002001, 37.072009206947399 ], [ -113.577373247362999, 37.072031019532801 ], [ -113.577360919116998, 37.072052180926399 ], [ -113.577346719803998, 37.072072582062098 ], [ -113.577330722607996, 37.072092117792302 ], [ -113.576996246590994, 37.072455191617699 ], [ -113.576906200561993, 37.0724021718706 ], [ -113.576813512442001, 37.072352134436201 ], [ -113.576718337295006, 37.072305163031203 ], [ -113.576620834344993, 37.072261336242697 ], [ -113.576075141047994, 37.072015569314502 ], [ -113.576031795659006, 37.071999268421798 ], [ -113.575987594259999, 37.071984503225103 ], [ -113.575942622268002, 37.071971302258198 ], [ -113.575896966589994, 37.071959691031999 ], [ -113.575850715452006, 37.071949691985601 ], [ -113.575803958232001, 37.0719413244422 ], [ -113.575756785286998, 37.0719346045721 ], [ -113.575709287774998, 37.071929545361698 ], [ -113.575639237640999, 37.071925154628701 ], [ -113.575568978434006, 37.071924377690003 ], [ -113.575498802696998, 37.071927217780498 ], [ -113.575429002627004, 37.071933663074397 ], [ -113.574351361154001, 37.0721313846946 ], [ -113.573919371214998, 37.072207740967897 ], [ -113.573866588903996, 37.072215301189601 ], [ -113.573371946864, 37.072286145618399 ], [ -113.573374635112003, 37.0723445639698 ], [ -113.573374643817999, 37.072403021638301 ], [ -113.573371972969994, 37.0724614404078 ], [ -113.573366626142999, 37.072519742114302 ], [ -113.573294112336995, 37.073042973177103 ], [ -113.573122307812, 37.0730249008 ], [ -113.572949757545004, 37.0730121284071 ], [ -113.572791940618004, 37.073001891251899 ], [ -113.572679471954004, 37.072997577433 ], [ -113.572566897144995, 37.072995732843097 ], [ -113.572454301332996, 37.072996358877496 ], [ -113.572341769676001, 37.072999455062501 ], [ -113.572095622305, 37.073000269992598 ], [ -113.571771436489001, 37.073001341514598 ], [ -113.571440049776996, 37.073004477955998 ], [ -113.571386815297004, 37.073003541338899 ], [ -113.571333673078001, 37.0730008720518 ], [ -113.571273282934001, 37.072997536129101 ], [ -113.571213245889993, 37.072991355667597 ], [ -113.571153772231, 37.072982352314398 ], [ -113.571095070270999, 37.072970557603803 ], [ -113.571037345619999, 37.072956012846802 ], [ -113.570980800464994, 37.072938768986297 ], [ -113.570925632861005, 37.072918886419103 ], [ -113.570872036040001, 37.072896434784099 ], [ -113.570761324071, 37.072843894997398 ], [ -113.570732189010997, 37.072829408275801 ], [ -113.570500857553995, 37.072707980455398 ], [ -113.570293725813002, 37.072601773151099 ], [ -113.5702139813, 37.072563526722497 ], [ -113.570132479118001, 37.072527716581398 ], [ -113.570072367709002, 37.072500012450497 ], [ -113.570010589180001, 37.072474750651601 ], [ -113.569947299280003, 37.072451994875301 ], [ -113.569882657573999, 37.072431802494201 ], [ -113.569816827029996, 37.072414224418097 ], [ -113.569749973615998, 37.072399304965302 ], [ -113.569682265878996, 37.072387081751202 ], [ -113.569613874517998, 37.0723775855936 ], [ -113.569489783041007, 37.072364595342599 ], [ -113.569232978127999, 37.072339160660803 ], [ -113.568975859562002, 37.072315830275997 ], [ -113.568563437625002, 37.072280835263001 ], [ -113.568065032541995, 37.072239182396501 ], [ -113.567966829613994, 37.072230974240398 ], [ -113.567950756957003, 37.072091159503401 ], [ -113.567945044419005, 37.072042232710203 ], [ -113.567936523021999, 37.071993566687098 ], [ -113.567925210732994, 37.071945264036302 ], [ -113.567911131401004, 37.071897426593999 ], [ -113.567894314707999, 37.071850155215898 ], [ -113.567874796110004, 37.0718035495644 ], [ -113.567852616756994, 37.071757707898598 ], [ -113.567827823407995, 37.071712726866899 ], [ -113.567784750246005, 37.071645516072401 ], [ -113.567735829011994, 37.071580903338401 ], [ -113.567681304573995, 37.071519212080503 ], [ -113.567621449845007, 37.0714607510916 ], [ -113.567620286527003, 37.071459695316499 ], [ -113.567569437014996, 37.071419391075203 ], [ -113.567515921668999, 37.071381347503703 ], [ -113.567459898142999, 37.071345676682 ], [ -113.567401531483995, 37.071312483699799 ], [ -113.566401693098001, 37.070763310538702 ], [ -113.566266516037004, 37.070685193753398 ], [ -113.566127529663007, 37.070611455288599 ], [ -113.565984956603998, 37.0705422132717 ], [ -113.565839025234993, 37.0704775786269 ], [ -113.564767094352007, 37.070081745645297 ], [ -113.564635693322003, 37.070042408751299 ], [ -113.564502836472997, 37.070006319022603 ], [ -113.564368649813005, 37.069973510693302 ], [ -113.564233260612994, 37.069944014885301 ], [ -113.563630275462003, 37.069818908296398 ], [ -113.563355480816, 37.069762429172698 ], [ -113.563088776398004, 37.069707613626001 ], [ -113.562986103976002, 37.069688944598198 ], [ -113.562882997520006, 37.069671866236 ], [ -113.562782909700005, 37.069656870158397 ], [ -113.562682487260005, 37.069643373246898 ], [ -113.562573439486997, 37.069629718681803 ], [ -113.562463785282006, 37.069619618695903 ], [ -113.562353706563002, 37.069613090046701 ], [ -113.562243385954005, 37.069610143566301 ], [ -113.562133006476998, 37.0696107841433 ], [ -113.562022751254005, 37.069615010714998 ], [ -113.561912803198993, 37.069622816268698 ], [ -113.561803344718996, 37.069634187853801 ], [ -113.561631970416997, 37.069650951643297 ], [ -113.561436396399998, 37.069668141906497 ], [ -113.561377295179, 37.069671947941998 ], [ -113.561318076377006, 37.069674320431602 ], [ -113.561258794598004, 37.069675257187797 ], [ -113.561199504504003, 37.069674757346803 ], [ -113.561140260765001, 37.069672821369601 ], [ -113.561081118008005, 37.069669451041101 ], [ -113.561022130767995, 37.069664649468798 ], [ -113.560963353435, 37.06965842108 ], [ -113.560904840206007, 37.069650771617198 ], [ -113.560846645034005, 37.069641708133403 ], [ -113.560788821580999, 37.069631238985302 ], [ -113.560731423163006, 37.069619373825802 ], [ -113.560674502705993, 37.069606123594603 ], [ -113.560618112696005, 37.0695915005088 ], [ -113.560562305126993, 37.069575518051202 ], [ -113.56050713146, 37.069558190957899 ], [ -113.560456918593999, 37.0695420512615 ], [ -113.560407619192006, 37.069524208557098 ], [ -113.560359323927003, 37.069504695660498 ], [ -113.560312121625003, 37.069483548459203 ], [ -113.560266099101995, 37.069460805846496 ], [ -113.560221341003995, 37.069436509649798 ], [ -113.560177929651999, 37.069410704554002 ], [ -113.560135944888998, 37.069383438019202 ], [ -113.559993737987, 37.069284307768903 ], [ -113.559930854119997, 37.069241465564303 ], [ -113.559719932386002, 37.069080545638201 ], [ -113.559712662321004, 37.069074999239596 ], [ -113.559674141662995, 37.0690454609691 ], [ -113.559644035524997, 37.069010280952703 ], [ -113.559615138517998, 37.068972332017601 ], [ -113.559588030955993, 37.0689370989259 ], [ -113.559562131628994, 37.068899097629398 ], [ -113.559537733385, 37.068861069076497 ], [ -113.559490004995993, 37.068784993994001 ], [ -113.559457005108001, 37.0687369971686 ], [ -113.559419581528999, 37.068691113003098 ], [ -113.559377945566993, 37.068647600581997 ], [ -113.559332332314995, 37.068606705598398 ], [ -113.559282999325006, 37.0685686589661 ], [ -113.559230225150003, 37.0685336755162 ], [ -113.559174307774995, 37.068501952783699 ], [ -113.559115562930998, 37.0684736698921 ], [ -113.559055059599999, 37.0684492886204 ], [ -113.558983060528007, 37.0684258348547 ], [ -113.559114350206002, 37.068312058793097 ], [ -113.559128468127994, 37.068268641897099 ], [ -113.559158064024004, 37.068154659883099 ], [ -113.559185389876006, 37.067945346802702 ], [ -113.559474593499004, 37.068157818745199 ], [ -113.55970405107, 37.068032611010501 ], [ -113.559797829795997, 37.067943308983203 ], [ -113.559814365983996, 37.067898255455297 ], [ -113.559850207864997, 37.067855082029503 ], [ -113.559919279328, 37.067774040758103 ], [ -113.559978480100995, 37.067676695355303 ], [ -113.560022989827004, 37.067563429240202 ], [ -113.560094850558002, 37.0673382842092 ], [ -113.560176607130998, 37.067226761542898 ], [ -113.560252478839999, 37.067169094197801 ], [ -113.560394757607, 37.067060953113199 ], [ -113.560580601972006, 37.066874269103202 ], [ -113.560728706313995, 37.0666636185302 ], [ -113.560946034832995, 37.066315571219299 ], [ -113.561570059426003, 37.065947573665497 ], [ -113.561934620022996, 37.065742318782803 ], [ -113.562100394227002, 37.065364596364397 ], [ -113.562161356597002, 37.065240799719398 ], [ -113.562208307944005, 37.064893365206999 ], [ -113.562489536323994, 37.064638369767302 ], [ -113.562843910024995, 37.064410617587697 ], [ -113.563955448526997, 37.064554739500402 ], [ -113.563854383565996, 37.063092799530899 ], [ -113.563685308052996, 37.063085155964401 ], [ -113.562812848079005, 37.063086851986 ], [ -113.562834059099998, 37.060145145763997 ], [ -113.562852326341002, 37.060013587045603 ], [ -113.562854178666996, 37.059002504719501 ], [ -113.562855023981996, 37.058543193646699 ], [ -113.562855739938996, 37.058142047257 ], [ -113.562797653974002, 37.057649526434403 ], [ -113.562785184459997, 37.052222804665902 ], [ -113.562771177927999, 37.052125738986199 ], [ -113.562640924907001, 37.052106732337201 ], [ -113.562496597082003, 37.052094928009303 ], [ -113.560468126610004, 37.052098889790003 ], [ -113.560468891075999, 37.051992807053203 ], [ -113.560469630390003, 37.0492745457721 ], [ -113.562021010105994, 37.049273722700597 ], [ -113.562302224112003, 37.049273757114698 ], [ -113.562558092152997, 37.049277129700599 ], [ -113.562558103830995, 37.049270689237296 ], [ -113.562558137069004, 37.049252097710998 ], [ -113.562558468546996, 37.049067942342198 ], [ -113.562644457082996, 37.049005426706998 ], [ -113.563494023491003, 37.048324746800503 ], [ -113.565631871934002, 37.048319439786503 ], [ -113.567819760131002, 37.048313969302797 ], [ -113.56785554452, 37.048410665599597 ], [ -113.567894485588994, 37.0485159195091 ], [ -113.567945553016003, 37.048654002488497 ], [ -113.568008331780007, 37.048813446494002 ], [ -113.568139203740003, 37.0490967907864 ], [ -113.568268600666997, 37.049333236200297 ], [ -113.568354495777996, 37.049471493347802 ], [ -113.568476182465005, 37.049653643123797 ], [ -113.568626532595999, 37.049855736741399 ], [ -113.568768648768, 37.050028106341003 ], [ -113.568919957402002, 37.0501954239014 ], [ -113.56912784283, 37.0500690809776 ], [ -113.569255670399997, 37.049989856826599 ], [ -113.569387491878999, 37.050124872866299 ], [ -113.569427701370003, 37.050162493545002 ], [ -113.569491948879005, 37.050221797714698 ], [ -113.569566209010006, 37.050289138867001 ], [ -113.569642817338007, 37.050357292264998 ], [ -113.569814594983001, 37.050505469413999 ], [ -113.569984368486999, 37.0506459412304 ], [ -113.570358169155, 37.050966254427898 ], [ -113.570655613023007, 37.051279594009401 ], [ -113.571106126223, 37.051985802592 ], [ -113.571267476225003, 37.052255491087998 ], [ -113.570826164468002, 37.052437328769599 ], [ -113.570469125464996, 37.0526391604648 ], [ -113.570205840933994, 37.052863511032598 ], [ -113.570006716774998, 37.053112636436403 ], [ -113.569691333549997, 37.0536741235886 ], [ -113.568437316854002, 37.055936000281903 ], [ -113.568402097505, 37.056005993903497 ], [ -113.568510097460006, 37.056058194074197 ], [ -113.568609314586993, 37.056106148746501 ], [ -113.569145301587, 37.056365204678698 ], [ -113.569251365472994, 37.056418826711798 ], [ -113.569358877349998, 37.056470579609503 ], [ -113.569467785506006, 37.0565204384841 ], [ -113.569578037560007, 37.056568379359 ], [ -113.569689580485999, 37.056614379179699 ], [ -113.569802360634995, 37.056658415825297 ], [ -113.569916323762001, 37.056700468118997 ], [ -113.570031415054999, 37.056740515838399 ], [ -113.570159919619002, 37.056782437680397 ], [ -113.570289662134996, 37.056821856389902 ], [ -113.570420566056995, 37.056858748714298 ], [ -113.570552554155995, 37.056893092891798 ], [ -113.570685548559993, 37.056924868663401 ], [ -113.570819470806001, 37.056954057285203 ], [ -113.570954241880997, 37.056980641539603 ], [ -113.571089782274996, 37.057004605745099 ], [ -113.57122679023, 37.057026046591197 ], [ -113.571364414041994, 37.057044808118 ], [ -113.571502571449003, 37.0570608791136 ], [ -113.571641179874007, 37.057074249973603 ], [ -113.573000090150998, 37.057221560195998 ], [ -113.573306580115002, 37.057264358471599 ], [ -113.573613857371996, 37.057303396300199 ], [ -113.573921849477998, 37.057338664484099 ], [ -113.574230483825005, 37.0573701547141 ], [ -113.574539687648993, 37.057397859570898 ], [ -113.574849388055995, 37.0574217725271 ], [ -113.575159512032002, 37.057441887948798 ], [ -113.575469986464995, 37.057458201096701 ], [ -113.575567706323994, 37.0574610334819 ], [ -113.575665217234999, 37.057466864584597 ], [ -113.575762374757005, 37.057475685766498 ], [ -113.575859034974002, 37.057487483960202 ], [ -113.575955054706, 37.0575022416878 ], [ -113.576050291723007, 37.057519937087697 ], [ -113.576144604952006, 37.057540543945997 ], [ -113.576237854691996, 37.057564031736199 ], [ -113.576325814494993, 37.057586293813202 ], [ -113.576414318871997, 37.057607136072797 ], [ -113.576503331840001, 37.0576265500425 ], [ -113.576592817209004, 37.057644527830398 ], [ -113.576682738599004, 37.057661062128602 ], [ -113.576773059451, 37.057676146215698 ], [ -113.576863743044001, 37.057689773960099 ], [ -113.576954752508996, 37.057701939822003 ], [ -113.578341905817993, 37.057931813316102 ], [ -113.578539252005001, 37.057966576429799 ], [ -113.578735501894002, 37.058005089684002 ], [ -113.578930543599995, 37.0580473311161 ], [ -113.579124265928996, 37.0580932766374 ], [ -113.579316558436005, 37.058142900047102 ], [ -113.579507311491994, 37.058196173047001 ], [ -113.579696416347005, 37.058253065257801 ], [ -113.579883765188995, 37.058313544236398 ], [ -113.580013661210003, 37.058357941572503 ], [ -113.580142611712006, 37.058404060809799 ], [ -113.580270580852996, 37.0584518891268 ], [ -113.580397533066005, 37.058501413227098 ], [ -113.580523433066006, 37.058552619342898 ], [ -113.580648245863003, 37.058605493238701 ], [ -113.580771936763995, 37.058660020215399 ], [ -113.580894471392995, 37.058716185114598 ], [ -113.581190199478996, 37.058834604405298 ], [ -113.581462304569001, 37.0589435622623 ], [ -113.581533192414994, 37.058975267349801 ], [ -113.581605222272998, 37.059005288553003 ], [ -113.581678331350005, 37.059033599703199 ], [ -113.581752455914, 37.059060176122401 ], [ -113.581862603816006, 37.059095884588501 ], [ -113.581974583665001, 37.059127758589 ], [ -113.582088185965006, 37.059155738497601 ], [ -113.582203198184004, 37.059179771973 ], [ -113.583265224241998, 37.059381150597403 ], [ -113.583659925114006, 37.059560774015502 ], [ -113.584139395506995, 37.0597139770395 ], [ -113.583972537934002, 37.060104982317498 ], [ -113.583768101138006, 37.060750338307002 ], [ -113.583641116188005, 37.061440643688201 ], [ -113.583604908691996, 37.062145124029001 ], [ -113.583714596581999, 37.063566443958599 ], [ -113.584182657471999, 37.069101001652797 ], [ -113.584187165217998, 37.069160321842098 ], [ -113.584568489277004, 37.074176027239702 ], [ -113.584566355777994, 37.074174646825497 ], [ -113.584431559975997, 37.074087524429501 ], [ -113.584319559823001, 37.074008523890697 ], [ -113.584204561093998, 37.073956523854001 ], [ -113.583734559842, 37.073908525277098 ], [ -113.583227559679003, 37.073797524016904 ], [ -113.582760559698997, 37.073726524035997 ], [ -113.581968560926995, 37.073734524178498 ], [ -113.581660560057003, 37.073670524448403 ], [ -113.581548559005995, 37.073647523837899 ], [ -113.580970560493995, 37.073401524880097 ], [ -113.580756559335995, 37.073299524344002 ], [ -113.580495558321005, 37.073259524827101 ], [ -113.580336559211005, 37.0732435251578 ], [ -113.580099560283003, 37.073085524389498 ], [ -113.579893559520002, 37.072918523931897 ], [ -113.579798559086001, 37.072966524568898 ], [ -113.579738799560005, 37.0730210725674 ] ] ] } },
{ "type": "Feature", "properties": { "OBJECTID": 84, "CountyID": 27, "VistaID": "27STG:04", "PrecinctID": "27STG", "SubPrecinctID": "04", "VersionNbr": null, "EffectiveDate": 1744156800000, "AliasName": "STG:04", "Comments": "formerly STG04", "RcvdDate": 1744156800000, "GlobalID": "510afb3e-3457-4f45-9434-579492528c83", "Shape__Area": 1251813.0834102631, "Shape__Length": 5768.8729009846766 }, "geometry": { "type": "Polygon", "coordinates": [ [ [ -113.531781238291998, 37.114377291885098 ], [ -113.531777865118002, 37.1135641970262 ], [ -113.531760354257997, 37.1114671017666 ], [ -113.531763668143, 37.111467113944897 ], [ -113.531763459733995, 37.111413508422999 ], [ -113.531763596277997, 37.109128475536302 ], [ -113.536388139530999, 37.109091280273198 ], [ -113.536395219152993, 37.1090853356202 ], [ -113.536395160763007, 37.109091217946798 ], [ -113.536395709632998, 37.109129234199102 ], [ -113.536922896738005, 37.109120044277297 ], [ -113.537696414468996, 37.109106553830998 ], [ -113.538126582624997, 37.109099055316896 ], [ -113.538555795871005, 37.109091570413497 ], [ -113.538985188780003, 37.109084069032299 ], [ -113.539802056512002, 37.109069794126 ], [ -113.540284124832993, 37.109061366442397 ], [ -113.540583233280003, 37.109056136750503 ], [ -113.540583818981005, 37.109056127437299 ], [ -113.541613326923994, 37.109038103623703 ], [ -113.543128038309007, 37.1090371458018 ], [ -113.543128034716005, 37.1090382032029 ], [ -113.543264047733999, 37.109037129324697 ], [ -113.543266736391999, 37.108287137429301 ], [ -113.543267605961006, 37.108049371347498 ], [ -113.543268484514002, 37.107809118583702 ], [ -113.543267246360003, 37.107737883269699 ], [ -113.543261063531006, 37.107666811886702 ], [ -113.543253840280997, 37.107617501869399 ], [ -113.543244235391001, 37.1075684509726 ], [ -113.543232825245994, 37.107521806025801 ], [ -113.543219258969998, 37.107475529651502 ], [ -113.543203555139996, 37.107429685216403 ], [ -113.543185735259001, 37.107384335495802 ], [ -113.543165823726994, 37.107339542587901 ], [ -113.543143847810001, 37.107295367828499 ], [ -113.543119837598994, 37.107251871707099 ], [ -113.543093825970999, 37.107209113783703 ], [ -113.542428744776004, 37.106243129131798 ], [ -113.542473753964998, 37.106215214429199 ], [ -113.542534285144001, 37.106187642166702 ], [ -113.542545657814998, 37.106184048587302 ], [ -113.542632120660997, 37.106156727061702 ], [ -113.542723810804006, 37.106140699947602 ], [ -113.542780618465997, 37.106136459435298 ], [ -113.542875685376004, 37.106138633065001 ], [ -113.543175830479001, 37.1061439532278 ], [ -113.543224215536, 37.1061466032791 ], [ -113.543250331357996, 37.106147200776498 ], [ -113.543282457808004, 37.106147935110698 ], [ -113.543283856485004, 37.106147967349798 ], [ -113.543304315615003, 37.106148435174497 ], [ -113.543324329181999, 37.106148892969202 ], [ -113.543343069835004, 37.1061483069346 ], [ -113.543359625785996, 37.106147397076597 ], [ -113.543364023039004, 37.106147089730797 ], [ -113.543374417444994, 37.106146296649797 ], [ -113.543374577345006, 37.106146282321298 ], [ -113.543391729776999, 37.106144699024902 ], [ -113.543414658377003, 37.106142026764402 ], [ -113.543462272680003, 37.106134316611701 ], [ -113.543462554751002, 37.106134530822402 ], [ -113.543533248570995, 37.1061188225123 ], [ -113.543552556061002, 37.106114531132597 ], [ -113.543717555916999, 37.106044530743901 ], [ -113.543845556861996, 37.106376531235398 ], [ -113.543868555529997, 37.106430530772101 ], [ -113.543930555453997, 37.106511530721399 ], [ -113.544015556741996, 37.106588530813902 ], [ -113.544443556364001, 37.106796530756299 ], [ -113.544591555603006, 37.106910530613298 ], [ -113.544772556251999, 37.107163530518797 ], [ -113.545044555339999, 37.107538530809002 ], [ -113.545284556438006, 37.1078065302016 ], [ -113.545669556402004, 37.108067530797101 ], [ -113.545849557226006, 37.108241530455501 ], [ -113.546005556861004, 37.108461530604302 ], [ -113.546312557007994, 37.109196530211896 ], [ -113.546465556269993, 37.109592531473602 ], [ -113.546542556263006, 37.109700530220898 ], [ -113.546670557208003, 37.109839531260803 ], [ -113.546886557118, 37.110028530858401 ], [ -113.546951556517001, 37.1101175311424 ], [ -113.547216557729001, 37.110487531499501 ], [ -113.547648557550005, 37.111047531467001 ], [ -113.547431557815003, 37.111181530446103 ], [ -113.547471557997994, 37.111383531035798 ], [ -113.547528557899, 37.111469530272203 ], [ -113.547585557800005, 37.111540530717697 ], [ -113.547825558, 37.1117275302609 ], [ -113.547979557985997, 37.111828530611199 ], [ -113.548100557460998, 37.111951531231902 ], [ -113.548109557681997, 37.112023531275398 ], [ -113.548099557635993, 37.112116530842201 ], [ -113.548075557347005, 37.112221530862797 ], [ -113.548064557475996, 37.112309530672498 ], [ -113.548074558419998, 37.112413531097197 ], [ -113.548092557065004, 37.112523530922601 ], [ -113.548142557294, 37.112593531770202 ], [ -113.548199557195005, 37.112658531629599 ], [ -113.548257557819994, 37.112756530617702 ], [ -113.548316557370995, 37.112870532248699 ], [ -113.548334556914995, 37.112985530879897 ], [ -113.548358557203997, 37.1131005314855 ], [ -113.548396961978995, 37.1131501922655 ], [ -113.547656555250995, 37.113154925955399 ], [ -113.543211371423993, 37.113164128282001 ], [ -113.540908921978001, 37.113160833754598 ], [ -113.540904154618005, 37.114267821984001 ], [ -113.536468051862002, 37.114323863928298 ], [ -113.533766692038, 37.114345442426099 ], [ -113.531781388311003, 37.114377289019799 ], [ -113.531781238291998, 37.114377291885098 ] ] ] } },
{ "type": "Feature", "properties": { "OBJECTID": 85, "CountyID": 27, "VistaID": "27STG:15", "PrecinctID": "27STG", "SubPrecinctID": "15", "VersionNbr": null, "EffectiveDate": 1744156800000, "AliasName": "STG:15", "Comments": "formerly STG15", "RcvdDate": 1744156800000, "GlobalID": "cf78f636-a365-4a2d-bb9f-4cbee76fe85b", "Shape__Area": 3087508.926897049, "Shape__Length": 11064.543712413704 }, "geometry": { "type": "Polygon", "coordinates": [ [ [ -113.548656991914001, 37.066519834652297 ], [ -113.546847973577997, 37.065213769509903 ], [ -113.546719602528, 37.065124843357196 ], [ -113.546586837817003, 37.065025281754302 ], [ -113.546442281820006, 37.0649070025867 ], [ -113.546302079057995, 37.064780998122103 ], [ -113.546192067774996, 37.064673099500702 ], [ -113.546093544147993, 37.0645686414464 ], [ -113.545974835376995, 37.064431221092697 ], [ -113.545848882591002, 37.064268544788497 ], [ -113.545724165886995, 37.0640852946485 ], [ -113.545627243056998, 37.063922361696598 ], [ -113.545505191654996, 37.063978415792498 ], [ -113.544786414561997, 37.064242650392003 ], [ -113.543844783412993, 37.064245856727197 ], [ -113.543850430223003, 37.065332438143599 ], [ -113.543370411856998, 37.065320455953902 ], [ -113.542421736120005, 37.065330945029302 ], [ -113.541561225536, 37.065331972934203 ], [ -113.541111487582995, 37.065329034014901 ], [ -113.541001664047997, 37.065324217771 ], [ -113.540875196526997, 37.065314746564603 ], [ -113.540680631317997, 37.065291855959003 ], [ -113.540498426029004, 37.065259696273699 ], [ -113.540315804819997, 37.065233876763898 ], [ -113.540172940350004, 37.065225854937196 ], [ -113.540014513467, 37.065229230398103 ], [ -113.539589714542004, 37.065266705244099 ], [ -113.539393075123002, 37.065283877863799 ], [ -113.539240964293995, 37.065289139966097 ], [ -113.539143042538001, 37.0652851709891 ], [ -113.538872257074004, 37.065269274291801 ], [ -113.538321283478993, 37.065236926792501 ], [ -113.537726354418993, 37.065216851795803 ], [ -113.536727626350995, 37.065204073211099 ], [ -113.535681930766998, 37.065097924928999 ], [ -113.534660236370001, 37.064984687219599 ], [ -113.533481015201005, 37.064934136843497 ], [ -113.533347323428998, 37.066873900670601 ], [ -113.526678616137005, 37.066898346243399 ], [ -113.522238252671002, 37.066937574977501 ], [ -113.522196548384002, 37.0659415274257 ], [ -113.522141547234, 37.064599526925001 ], [ -113.522134547560995, 37.064219527213197 ], [ -113.522134547560995, 37.064197527284797 ], [ -113.522132881185996, 37.064082757817701 ], [ -113.522114547469997, 37.062819527393202 ], [ -113.522099547400998, 37.0617795263056 ], [ -113.522098547575993, 37.061715527239699 ], [ -113.522095547202994, 37.0615245275673 ], [ -113.522094547378003, 37.061461527569797 ], [ -113.522093547552998, 37.061381526780899 ], [ -113.522091547005004, 37.061307526638998 ], [ -113.522088546632006, 37.061074527154702 ], [ -113.522070546189994, 37.059913526251101 ], [ -113.522065546167994, 37.059527526567798 ], [ -113.522076057354994, 37.058872758419199 ], [ -113.522270227305, 37.058867244250301 ], [ -113.522803324425993, 37.058868045711698 ], [ -113.522803195966006, 37.058922972321099 ], [ -113.528096251080001, 37.058931760431598 ], [ -113.528094011579995, 37.059798621267603 ], [ -113.531066735383007, 37.059808923288699 ], [ -113.531057630958003, 37.058453451756897 ], [ -113.531057262648005, 37.058398800087502 ], [ -113.531538503620993, 37.058391550329503 ], [ -113.532734102872993, 37.058381063878997 ], [ -113.535552645230993, 37.058391700156299 ], [ -113.535652221682994, 37.058389768894699 ], [ -113.535655956878003, 37.058405713630499 ], [ -113.535660612846996, 37.058428151098497 ], [ -113.535665002014994, 37.058453270387602 ], [ -113.535667918844993, 37.058481518107897 ], [ -113.535672408625004, 37.058530507131401 ], [ -113.535673866590002, 37.058594046500801 ], [ -113.535672710458002, 37.058835603723402 ], [ -113.535675485354005, 37.059576380145501 ], [ -113.535778100808002, 37.0595777120786 ], [ -113.537720865712998, 37.059559108023301 ], [ -113.540346505643001, 37.059538060172898 ], [ -113.542537282821996, 37.0595204568505 ], [ -113.544846022271997, 37.059503364648599 ], [ -113.545011035602997, 37.059604501279601 ], [ -113.545071067319, 37.059555787508501 ], [ -113.545194944996993, 37.059479547533797 ], [ -113.545315039868996, 37.059414101326901 ], [ -113.545437170322998, 37.059355152737702 ], [ -113.545596366164006, 37.059286197361097 ], [ -113.545755048168999, 37.059216123608799 ], [ -113.545771551119998, 37.059241525082598 ], [ -113.545846551463001, 37.059353525451797 ], [ -113.545897551516006, 37.0594175257933 ], [ -113.545996551249999, 37.059542524803703 ], [ -113.546102552454002, 37.0596505246316 ], [ -113.546177551899007, 37.0598305244811 ], [ -113.546243551122998, 37.05994952484 ], [ -113.546246552393995, 37.059958525022303 ], [ -113.546329551336001, 37.060160524529699 ], [ -113.546407551154005, 37.060352525500598 ], [ -113.546468551253994, 37.060538525193699 ], [ -113.546499552114, 37.060600525229098 ], [ -113.546541551049003, 37.060685525461103 ], [ -113.546621552312999, 37.060804524479003 ], [ -113.546730552092995, 37.060983524451302 ], [ -113.546965552269, 37.0612695251044 ], [ -113.547275551891005, 37.061718525080202 ], [ -113.547305552028007, 37.061765524924098 ], [ -113.547449551968, 37.061989525213299 ], [ -113.547575551465997, 37.062154524664102 ], [ -113.547614551823997, 37.0622055256339 ], [ -113.547729551451994, 37.062368525354898 ], [ -113.547829551909999, 37.062481524678901 ], [ -113.547956553030005, 37.062599525195303 ], [ -113.548069552108998, 37.062712525608902 ], [ -113.548268552300996, 37.062900524496698 ], [ -113.548480552911002, 37.063115525929 ], [ -113.548693552448, 37.063308525848903 ], [ -113.549054552122996, 37.063658525253203 ], [ -113.549153551857003, 37.063749524747699 ], [ -113.549279552254006, 37.063829524473199 ], [ -113.549404553724003, 37.063886524844399 ], [ -113.549544551669996, 37.0639605260547 ], [ -113.549676552812002, 37.0640125250602 ], [ -113.549793552988007, 37.064043524739901 ], [ -113.549884552327001, 37.064052525869997 ], [ -113.549959552670003, 37.064061524848597 ], [ -113.55006855245, 37.064064524746897 ], [ -113.550205552717003, 37.064045525389297 ], [ -113.550334552587998, 37.064015524960404 ], [ -113.550463552460002, 37.0639625252727 ], [ -113.550826553581004, 37.063768524896297 ], [ -113.551035552919998, 37.063653524679097 ], [ -113.551242552610006, 37.063490524851801 ], [ -113.551564553722997, 37.063279525821699 ], [ -113.551833553337005, 37.063114525233601 ], [ -113.552129553613, 37.062949524286601 ], [ -113.552379553858003, 37.062839524889597 ], [ -113.552613553311005, 37.0626755254793 ], [ -113.552842552742007, 37.062554525123304 ], [ -113.555082554004997, 37.063095524921302 ], [ -113.555937554322995, 37.0632755244823 ], [ -113.556106554376996, 37.063390524555601 ], [ -113.556613554541002, 37.063797524736501 ], [ -113.557016553150007, 37.0641625249418 ], [ -113.557200554171004, 37.0643395242342 ], [ -113.557454554615006, 37.0645535244958 ], [ -113.557591554881995, 37.0646955250796 ], [ -113.557611554074995, 37.0647155242319 ], [ -113.557725553878001, 37.064850524823001 ], [ -113.557783554503004, 37.064964524704997 ], [ -113.557807554792006, 37.065068524887998 ], [ -113.557826555058995, 37.065216524213298 ], [ -113.557839554579004, 37.0653915247333 ], [ -113.557822553961998, 37.0655075244131 ], [ -113.557792553824996, 37.065617524959102 ], [ -113.557577554638002, 37.0659635246978 ], [ -113.557485553678006, 37.066289524843199 ], [ -113.557487555124993, 37.066558525266899 ], [ -113.557501553571996, 37.0667075252003 ], [ -113.557502368344004, 37.066715677327302 ], [ -113.557409679274997, 37.066716826352099 ], [ -113.556471014362998, 37.066717630597701 ], [ -113.556454007458001, 37.066717553900503 ], [ -113.556434525597993, 37.066685536749901 ], [ -113.556413330989997, 37.066654219968001 ], [ -113.556390463092001, 37.066623661857598 ], [ -113.556365964475006, 37.066593919309398 ], [ -113.556330093873996, 37.066554852075697 ], [ -113.556291400912002, 37.066517539083399 ], [ -113.556250020025004, 37.066482109976 ], [ -113.556206094988994, 37.066448687851697 ], [ -113.556159778416003, 37.066417388835397 ], [ -113.556111231228996, 37.066388321675603 ], [ -113.556060622101, 37.066361587366202 ], [ -113.556008126869997, 37.066337278795899 ], [ -113.555949678188995, 37.066313917310502 ], [ -113.555889481598001, 37.066293577241098 ], [ -113.555827782099996, 37.0662763413753 ], [ -113.555764830816997, 37.0662622798664 ], [ -113.555700883963993, 37.066251449947302 ], [ -113.555636201808994, 37.066243895697902 ], [ -113.555571047612005, 37.066239647865402 ], [ -113.555505686554994, 37.066238723739403 ], [ -113.555482125541999, 37.066239171023298 ], [ -113.555473858346005, 37.066239439823597 ], [ -113.555473295102999, 37.066239462761203 ], [ -113.555471967393004, 37.066239517238103 ], [ -113.555394059202996, 37.066244850237297 ], [ -113.555328361196999, 37.066253114674403 ], [ -113.555263472125006, 37.066264757707998 ], [ -113.555199664575994, 37.066279730425897 ], [ -113.555137206595006, 37.066297969928101 ], [ -113.555076360558004, 37.066319399591002 ], [ -113.555017382071995, 37.066343929389099 ], [ -113.554960518894006, 37.0663714562737 ], [ -113.554906009899, 37.066401864605297 ], [ -113.554856007873994, 37.066437177722598 ], [ -113.554849271406994, 37.0664415702675 ], [ -113.554815583074998, 37.066468410551799 ], [ -113.554780548590003, 37.066494130156698 ], [ -113.554744226457004, 37.066518686133897 ], [ -113.554706677330998, 37.066542037477902 ], [ -113.554649186473995, 37.066574203324699 ], [ -113.554589363530994, 37.066603536725303 ], [ -113.554527427386006, 37.066629930355603 ], [ -113.554463604657002, 37.066653287647597 ], [ -113.554398128862999, 37.066673523142697 ], [ -113.554331239570999, 37.066690562804098 ], [ -113.554263181522003, 37.066704344287999 ], [ -113.554194203733005, 37.066714817171402 ], [ -113.554147264961998, 37.066719987424499 ], [ -113.554121163513003, 37.0667200612545 ], [ -113.552642470080002, 37.066729936558602 ], [ -113.551860942969995, 37.066730644753498 ], [ -113.551849095988004, 37.066730655505403 ], [ -113.551843809402001, 37.066730660523 ], [ -113.551302093844996, 37.066731051177001 ], [ -113.551251344975995, 37.066728912787902 ], [ -113.551200923579003, 37.066723846549401 ], [ -113.551151094600996, 37.066715879082203 ], [ -113.551102119879999, 37.066705052252097 ], [ -113.551042104513996, 37.066688950759797 ], [ -113.550984246664996, 37.066668428104002 ], [ -113.550929056567995, 37.066643665266 ], [ -113.550877020933996, 37.066614880620101 ], [ -113.550872539238995, 37.066606613077802 ], [ -113.550849111176007, 37.066590828477899 ], [ -113.550776249722006, 37.066538648456202 ], [ -113.550126607870993, 37.066073394124402 ], [ -113.550094937102998, 37.066052011481297 ], [ -113.550061738788003, 37.066032158880901 ], [ -113.550027128856001, 37.066013905649697 ], [ -113.549991228164998, 37.065997315529103 ], [ -113.549946358341003, 37.065978357724298 ], [ -113.549900112809993, 37.065961636841699 ], [ -113.549852666511995, 37.0659472161365 ], [ -113.549804198935007, 37.065935150162403 ], [ -113.549754893426993, 37.0659254845649 ], [ -113.549704936504995, 37.065918255909303 ], [ -113.549654517153996, 37.0659134915416 ], [ -113.549603826104999, 37.065911209485499 ], [ -113.549435114410002, 37.065915552601403 ], [ -113.549323457414005, 37.065927513193003 ], [ -113.549243220790999, 37.065954977531199 ], [ -113.549216256061001, 37.065976359065303 ], [ -113.549155529049003, 37.066009433804403 ], [ -113.549098975611003, 37.066069358525901 ], [ -113.549062084496995, 37.066132080161402 ], [ -113.549039151406006, 37.066169784654697 ], [ -113.549005547228006, 37.0662176791758 ], [ -113.548952665203998, 37.066280762673003 ], [ -113.548892127737005, 37.066344117068198 ], [ -113.548823084122006, 37.066395196936398 ], [ -113.548679826191005, 37.066502699585897 ], [ -113.548656991914001, 37.066519834652297 ] ] ] } },
{ "type": "Feature", "properties": { "OBJECTID": 87, "CountyID": 27, "VistaID": "27STG:05", "PrecinctID": "27STG", "SubPrecinctID": "05", "VersionNbr": null, "EffectiveDate": 1744156800000, "AliasName": "STG:05", "Comments": "formerly STG05", "RcvdDate": 1744156800000, "GlobalID": "9751a3f0-7604-4d7e-acd9-e8666dbb1954", "Shape__Area": 2210299.8506724834, "Shape__Length": 6826.9345703668841 }, "geometry": { "type": "Polygon", "coordinates": [ [ [ -113.543128038309007, 37.1090371458018 ], [ -113.541613326923994, 37.109038103623703 ], [ -113.540583818981005, 37.109056127437299 ], [ -113.540583233280003, 37.109056136750503 ], [ -113.540284124832993, 37.109061366442397 ], [ -113.539802056512002, 37.109069794126 ], [ -113.538985188780003, 37.109084069032299 ], [ -113.538555795871005, 37.109091570413497 ], [ -113.538126582624997, 37.109099055316896 ], [ -113.537696414468996, 37.109106553830998 ], [ -113.536922896738005, 37.109120044277297 ], [ -113.536395709632998, 37.109129234199102 ], [ -113.536395160763007, 37.109091217946798 ], [ -113.536395219152993, 37.1090853356202 ], [ -113.536398515970006, 37.108754698847598 ], [ -113.536398767498994, 37.108729500224001 ], [ -113.536398613478994, 37.108680103759298 ], [ -113.536396498914996, 37.108630735903098 ], [ -113.536392425925996, 37.108581446132398 ], [ -113.536386398594999, 37.108532283845904 ], [ -113.536376711792002, 37.108474141514399 ], [ -113.536364291056003, 37.108416330651899 ], [ -113.536363978443006, 37.108407483083802 ], [ -113.536333748759006, 37.108320880914 ], [ -113.536296982939007, 37.108235901780198 ], [ -113.536253816583994, 37.108152859111598 ], [ -113.536204408901995, 37.108072059196303 ], [ -113.536161262556007, 37.108010262743903 ], [ -113.536114457897995, 37.107950183480597 ], [ -113.536074433460001, 37.1079034307689 ], [ -113.536036328174006, 37.107858793911497 ], [ -113.536000447288004, 37.107812999562398 ], [ -113.535966846010993, 37.1077661181818 ], [ -113.535935576043002, 37.107718221902502 ], [ -113.535906685499, 37.107669384419097 ], [ -113.535880218832006, 37.107619680874599 ], [ -113.535856216764998, 37.107569187744403 ], [ -113.535834716229999, 37.107517982719301 ], [ -113.535754027755004, 37.107541817700401 ], [ -113.535754052906995, 37.107535451676497 ], [ -113.535710430717003, 37.107550026331502 ], [ -113.535625257456999, 37.107574134232003 ], [ -113.535538101732996, 37.1075932105447 ], [ -113.535449430206, 37.107607153132797 ], [ -113.535359717651005, 37.107615887345901 ], [ -113.535334308188993, 37.107618365304099 ], [ -113.535308737359998, 37.107619318232402 ], [ -113.535228959776006, 37.107619907121197 ], [ -113.535114883616004, 37.107621895874701 ], [ -113.534257601578005, 37.107628596454703 ], [ -113.533722292804995, 37.107635175961001 ], [ -113.533194764341005, 37.107636123054398 ], [ -113.532797265217994, 37.107640302588003 ], [ -113.532796799889994, 37.107640306170097 ], [ -113.532329339973003, 37.107642951870602 ], [ -113.531854513870002, 37.107646912182403 ], [ -113.531854509377993, 37.107645490825902 ], [ -113.531728500897003, 37.107646462277302 ], [ -113.531727030355, 37.107040879612597 ], [ -113.531726994422002, 37.1070262518449 ], [ -113.531726994422002, 37.107026140084102 ], [ -113.531725517591994, 37.1064310458788 ], [ -113.531725244504003, 37.1063207463366 ], [ -113.531729798064006, 37.106039436247997 ], [ -113.531729279496005, 37.105984531844399 ], [ -113.531724276733001, 37.105929770997399 ], [ -113.531714811032998, 37.105875386400903 ], [ -113.531700922617006, 37.105821609150297 ], [ -113.531689172653998, 37.105778119883396 ], [ -113.531684831096001, 37.105733230692003 ], [ -113.531684488837996, 37.105729723062403 ], [ -113.531633738516007, 37.105563998122598 ], [ -113.531618782463994, 37.1055473755303 ], [ -113.531449548848002, 37.105359536114698 ], [ -113.531442654277996, 37.105364600566297 ], [ -113.531055461525995, 37.104959280022598 ], [ -113.530484746555004, 37.104355123799202 ], [ -113.530493617418003, 37.104349700343299 ], [ -113.530493590469007, 37.104349670969299 ], [ -113.530430503583005, 37.104283068463701 ], [ -113.530416294031994, 37.104266083070797 ], [ -113.530438591115995, 37.104252297302502 ], [ -113.529737170372002, 37.103452636771998 ], [ -113.529707962548997, 37.103419339072701 ], [ -113.529556335912005, 37.103246473225099 ], [ -113.529529732304994, 37.103216149424902 ], [ -113.529495703045995, 37.103173219042397 ], [ -113.529464644870998, 37.103128879144101 ], [ -113.529443734045998, 37.103095411546597 ], [ -113.529424514303997, 37.103061305115197 ], [ -113.529407016259, 37.103026614175199 ], [ -113.529391267784007, 37.102991393983601 ], [ -113.529389668782002, 37.102988218661402 ], [ -113.529324514872997, 37.1030081031112 ], [ -113.529324950176999, 37.103021166856301 ], [ -113.529323252219001, 37.103034164856901 ], [ -113.529319449821003, 37.103046876470799 ], [ -113.529313607529005, 37.103059085916797 ], [ -113.529304211752006, 37.103081731821803 ], [ -113.529299227634993, 37.103105251805403 ], [ -113.529298770314995, 37.103129102540599 ], [ -113.529302850354995, 37.103152733060597 ], [ -113.529311373504001, 37.103175597486 ], [ -113.529324142872994, 37.103197167635201 ], [ -113.529340863480002, 37.103216945225597 ], [ -113.529361149069004, 37.103234473384099 ], [ -113.529378973009003, 37.103246212073799 ], [ -113.529398353782994, 37.103256259648298 ], [ -113.529419040399006, 37.103264485987602 ], [ -113.529440764955993, 37.103270784557303 ], [ -113.529453238962006, 37.103275986707096 ], [ -113.529424821655994, 37.103291342396602 ], [ -113.529417383606003, 37.103295368132997 ], [ -113.529328208745994, 37.103343596710701 ], [ -113.529305606234999, 37.103355820066803 ], [ -113.529035545710997, 37.103355871651203 ], [ -113.528952441665993, 37.103355887413102 ], [ -113.528864109425996, 37.103355903891398 ], [ -113.528395643395001, 37.103356011358997 ], [ -113.528173541228995, 37.103356052913099 ], [ -113.527587443507002, 37.103356132439103 ], [ -113.526895247563004, 37.103358943072699 ], [ -113.526883811111006, 37.1033588757264 ], [ -113.526983097408007, 37.103069119122601 ], [ -113.526983116272007, 37.103069064672198 ], [ -113.527176551400999, 37.102504531429901 ], [ -113.527252552467004, 37.1023605318031 ], [ -113.527293744714001, 37.102132507474401 ], [ -113.527308553441998, 37.102050530602803 ], [ -113.527343552703996, 37.1019015313449 ], [ -113.527380468071996, 37.101785674036499 ], [ -113.527408552102997, 37.101697531601801 ], [ -113.527437031391997, 37.101626610770602 ], [ -113.527512551859999, 37.101438531645798 ], [ -113.527592552225997, 37.101314530955101 ], [ -113.527681213248997, 37.101186858866001 ], [ -113.527742552012995, 37.101098530884897 ], [ -113.527805035230998, 37.101055028875699 ], [ -113.527900551298998, 37.1009885309442 ], [ -113.527959552647005, 37.100936531502903 ], [ -113.527997552282002, 37.100903531466898 ], [ -113.528119507564995, 37.100798998658398 ], [ -113.528130599063005, 37.100789491760601 ], [ -113.528214552017005, 37.100717531907002 ], [ -113.528552553023999, 37.100453530453201 ], [ -113.528791552499996, 37.1002545314198 ], [ -113.528940552462998, 37.100075531003803 ], [ -113.528985552668999, 37.099981530772098 ], [ -113.528990551793001, 37.0999115304475 ], [ -113.528965552577006, 37.099816531234197 ], [ -113.528905552303002, 37.099617530527603 ], [ -113.528881552911997, 37.0995335311597 ], [ -113.528881552911997, 37.099354531189597 ], [ -113.528930552416995, 37.099211530809598 ], [ -113.529179551938995, 37.098858530760097 ], [ -113.52931555328, 37.098243531114903 ], [ -113.529420934645998, 37.097766381771997 ], [ -113.529420970578997, 37.097766219125802 ], [ -113.529421071190001, 37.097765759847398 ], [ -113.529423240621, 37.097755940890202 ], [ -113.529423552336993, 37.097754531528601 ], [ -113.529823770660002, 37.097752087536598 ], [ -113.530213467017006, 37.097445811222101 ], [ -113.530277613017006, 37.097395395694399 ], [ -113.530884375583994, 37.097054129344798 ], [ -113.530935946067999, 37.097069463367198 ], [ -113.531572201223995, 37.097258643863498 ], [ -113.532196346191995, 37.097199315564801 ], [ -113.532900002841998, 37.096944731849398 ], [ -113.532945763921006, 37.096917050885303 ], [ -113.533129540363007, 37.096805877675202 ], [ -113.533257471238997, 37.096728486453699 ], [ -113.533257714683003, 37.096728314490598 ], [ -113.533309660662994, 37.0966905363451 ], [ -113.533396877195003, 37.096627117024802 ], [ -113.533514336409993, 37.096541696359203 ], [ -113.533884415358003, 37.095991961482099 ], [ -113.534535067812996, 37.096011853500499 ], [ -113.535371720938997, 37.096037426795398 ], [ -113.536583950703005, 37.096074470834502 ], [ -113.536849696618006, 37.095825662084202 ], [ -113.536889889387993, 37.095777692456998 ], [ -113.536925271431997, 37.095727369546204 ], [ -113.53695562739, 37.095674999646498 ], [ -113.536980772495994, 37.095620901512703 ], [ -113.537078525368997, 37.095619195470803 ], [ -113.537112514026006, 37.095618602189496 ], [ -113.537113044031997, 37.095618593591198 ], [ -113.537127240109001, 37.095632256972202 ], [ -113.537234730719007, 37.095735736456803 ], [ -113.537235553575997, 37.0957365296468 ], [ -113.537293553302007, 37.095829529866101 ], [ -113.537331553835003, 37.095938530586501 ], [ -113.537343553531002, 37.095958530096802 ], [ -113.537375553318, 37.096008529566198 ], [ -113.537423553897, 37.096077530370401 ], [ -113.537482553448001, 37.096160529728103 ], [ -113.537636554331996, 37.096348530241798 ], [ -113.537690553860003, 37.096413530429103 ], [ -113.537784553571996, 37.096549530012197 ], [ -113.537818553907002, 37.096559529687397 ], [ -113.537854553892004, 37.096619530577101 ], [ -113.537877554356001, 37.096690529896499 ], [ -113.537920554013994, 37.096744530605903 ], [ -113.537984553588004, 37.096803530381699 ], [ -113.538174553559003, 37.096941529762802 ], [ -113.538224553787998, 37.097017530737297 ], [ -113.538234553832993, 37.097094530449603 ], [ -113.538221554312997, 37.097139530086999 ], [ -113.538203553871, 37.0972105303522 ], [ -113.538138553574001, 37.097316529786703 ], [ -113.538121553856001, 37.097399530653099 ], [ -113.538143553596996, 37.0974595294445 ], [ -113.539071553710002, 37.097499529806598 ], [ -113.539980555352003, 37.097520529862798 ], [ -113.540329554433001, 37.097689530342301 ], [ -113.540551555090005, 37.097911530085497 ], [ -113.540765554451994, 37.097967530395699 ], [ -113.540979554711996, 37.0982445299137 ], [ -113.541328555589999, 37.098651530024803 ], [ -113.541402554311006, 37.0989735298892 ], [ -113.541307555673001, 37.099317530310501 ], [ -113.541111554058006, 37.099666530235197 ], [ -113.541027554392002, 37.099904531127997 ], [ -113.541040157756001, 37.100031351332198 ], [ -113.541049957477, 37.100129964920797 ], [ -113.541059554179, 37.100226529965703 ], [ -113.541148555663995, 37.100617530552697 ], [ -113.541191555322001, 37.101056529884303 ], [ -113.541259555094001, 37.101215529865001 ], [ -113.541513554638996, 37.101579530312499 ], [ -113.541693555462999, 37.101875530150799 ], [ -113.541772555104998, 37.102161530614502 ], [ -113.541825554808995, 37.102467530656298 ], [ -113.541820196358003, 37.102575482246898 ], [ -113.541804554891996, 37.1028905301539 ], [ -113.541635554837995, 37.103154530279298 ], [ -113.541617026186998, 37.103266278797499 ], [ -113.541604582724005, 37.103341331295098 ], [ -113.541590291426004, 37.103427523791296 ], [ -113.541571555263999, 37.1035405299899 ], [ -113.541598555926001, 37.103915531023098 ], [ -113.541666554800003, 37.1041485306936 ], [ -113.541730555271997, 37.1043175307165 ], [ -113.541968555821995, 37.104465530804099 ], [ -113.542269554323994, 37.104639530140297 ], [ -113.542438555277002, 37.104782529588 ], [ -113.542486554958003, 37.104830530824998 ], [ -113.542457555544004, 37.104886531035703 ], [ -113.542505555223997, 37.105154530498503 ], [ -113.542595556533996, 37.105409530096203 ], [ -113.542820555766994, 37.105649531124797 ], [ -113.542984555798, 37.105768531221401 ], [ -113.543157556051, 37.105903530358098 ], [ -113.543462272680003, 37.106134316611701 ], [ -113.543414658377003, 37.106142026764402 ], [ -113.543391729776999, 37.106144699024902 ], [ -113.543374577345006, 37.106146282321298 ], [ -113.543374417444994, 37.106146296649797 ], [ -113.543364023039004, 37.106147089730797 ], [ -113.543359625785996, 37.106147397076597 ], [ -113.543343069835004, 37.1061483069346 ], [ -113.543324329181999, 37.106148892969202 ], [ -113.543304315615003, 37.106148435174497 ], [ -113.543283856485004, 37.106147967349798 ], [ -113.543282457808004, 37.106147935110698 ], [ -113.543250331357996, 37.106147200776498 ], [ -113.543224215536, 37.1061466032791 ], [ -113.543175830479001, 37.1061439532278 ], [ -113.542875685376004, 37.106138633065001 ], [ -113.542780618465997, 37.106136459435298 ], [ -113.542723810804006, 37.106140699947602 ], [ -113.542632120660997, 37.106156727061702 ], [ -113.542545657814998, 37.106184048587302 ], [ -113.542534285144001, 37.106187642166702 ], [ -113.542473753964998, 37.106215214429199 ], [ -113.542428744776004, 37.106243129131798 ], [ -113.543093825970999, 37.107209113783703 ], [ -113.543119837598994, 37.107251871707099 ], [ -113.543143847810001, 37.107295367828499 ], [ -113.543165823726994, 37.107339542587901 ], [ -113.543185735259001, 37.107384335495802 ], [ -113.543203555139996, 37.107429685216403 ], [ -113.543219258969998, 37.107475529651502 ], [ -113.543232825245994, 37.107521806025801 ], [ -113.543244235391001, 37.1075684509726 ], [ -113.543253840280997, 37.107617501869399 ], [ -113.543261063531006, 37.107666811886702 ], [ -113.543267246360003, 37.107737883269699 ], [ -113.543268484514002, 37.107809118583702 ], [ -113.543267605961006, 37.108049371347498 ], [ -113.543266736391999, 37.108287137429301 ], [ -113.543264047733999, 37.109037129324697 ], [ -113.543128034716005, 37.1090382032029 ], [ -113.543128038309007, 37.1090371458018 ] ] ] } },
{ "type": "Feature", "properties": { "OBJECTID": 89, "CountyID": 27, "VistaID": "27STG:20", "PrecinctID": "27STG", "SubPrecinctID": "20", "VersionNbr": null, "EffectiveDate": 1744156800000, "AliasName": "STG:20", "Comments": "formerly STG20", "RcvdDate": 1744156800000, "GlobalID": "b8d3e1a3-e5f5-4028-920f-18f84474885e", "Shape__Area": 4859970.4142456055, "Shape__Length": 10346.22518250093 }, "geometry": { "type": "Polygon", "coordinates": [ [ [ -113.531236762212004, 37.049849185199101 ], [ -113.531233018034001, 37.047339707160504 ], [ -113.531223561469005, 37.045928296110098 ], [ -113.530198670866, 37.0459320008123 ], [ -113.530251925691005, 37.046466745825803 ], [ -113.529026949732, 37.046466084762997 ], [ -113.529019398494, 37.044631806298597 ], [ -113.526898970180994, 37.044631427002898 ], [ -113.526479892626995, 37.044631738900101 ], [ -113.526357268997003, 37.044640659160599 ], [ -113.526258260280002, 37.044656712902103 ], [ -113.526161347332007, 37.044680481611003 ], [ -113.526092643281004, 37.044702070618797 ], [ -113.526029819601007, 37.044725060646797 ], [ -113.525968261648003, 37.044604759425901 ], [ -113.525914564852002, 37.044522554712799 ], [ -113.525803162976999, 37.044375806351802 ], [ -113.525702575021, 37.04426334435 ], [ -113.525587837702005, 37.044152070983699 ], [ -113.525427475846996, 37.044024519875101 ], [ -113.527551527065, 37.042327475263498 ], [ -113.527688217413996, 37.042439550788103 ], [ -113.528121276346994, 37.043112656533999 ], [ -113.528921854928996, 37.042943407480202 ], [ -113.529005815068004, 37.042923310810501 ], [ -113.529124993658996, 37.042882195365301 ], [ -113.529413251354995, 37.042779892079203 ], [ -113.529481695792995, 37.042753716446498 ], [ -113.529554576112005, 37.042718006547702 ], [ -113.529591761874002, 37.042696145940802 ], [ -113.529671628391, 37.042638596902002 ], [ -113.530632238246, 37.041846871401901 ], [ -113.530672668722005, 37.041816117917101 ], [ -113.530714316415995, 37.0417914154527 ], [ -113.530808882963996, 37.0417487190552 ], [ -113.530879399815007, 37.041726764954902 ], [ -113.530914330805004, 37.041718597953398 ], [ -113.530990427991, 37.041706507347797 ], [ -113.531099451127005, 37.041703981241298 ], [ -113.531113811596001, 37.0415822798848 ], [ -113.531110676474995, 37.040598345191903 ], [ -113.531107491946997, 37.037732394771602 ], [ -113.540147316805005, 37.037721637999198 ], [ -113.544548060075996, 37.037723110861798 ], [ -113.545734295290004, 37.0377091860706 ], [ -113.550756602668002, 37.037669491187401 ], [ -113.551062301155994, 37.037689919100302 ], [ -113.551162852743005, 37.037695204373897 ], [ -113.551263573187001, 37.037697710073097 ], [ -113.551453789652001, 37.037698115217999 ], [ -113.551613269360999, 37.037698331773299 ], [ -113.553019069, 37.0377189052438 ], [ -113.553458550887996, 37.037718939663201 ], [ -113.555195621357001, 37.037703009942 ], [ -113.556029787946002, 37.037699877777598 ], [ -113.556153221776, 37.037701268211897 ], [ -113.556276582126003, 37.037704940838999 ], [ -113.556399802783005, 37.037710893687198 ], [ -113.556522817608993, 37.037719123560798 ], [ -113.556645560576996, 37.037729626041802 ], [ -113.556767965803004, 37.037742395491897 ], [ -113.556889967588006, 37.037757425056199 ], [ -113.557011500447004, 37.037774706666099 ], [ -113.557132499147002, 37.037794231044302 ], [ -113.557252898743002, 37.037815987709301 ], [ -113.557372634610999, 37.037839964981401 ], [ -113.557491642482006, 37.037866149988801 ], [ -113.557609858480006, 37.037894528674499 ], [ -113.557727219152, 37.0379250858037 ], [ -113.557843661505004, 37.0379578049724 ], [ -113.557959123038003, 37.0379926686159 ], [ -113.558218498101994, 37.038114773698503 ], [ -113.557831551487993, 37.038665521943699 ], [ -113.557560551327001, 37.039053521490303 ], [ -113.557428961612004, 37.039251630684902 ], [ -113.556832552128995, 37.040149522124601 ], [ -113.556487551448996, 37.040671522286999 ], [ -113.556043551933001, 37.041343521547098 ], [ -113.555954552244998, 37.0415245220617 ], [ -113.555862551285003, 37.041714521622602 ], [ -113.555688551207993, 37.0420695222452 ], [ -113.555600552241998, 37.042251521999503 ], [ -113.555575551230007, 37.042301521753203 ], [ -113.555502552332996, 37.042450522716798 ], [ -113.555478552043994, 37.042501522589603 ], [ -113.555455551579001, 37.042546522364603 ], [ -113.555389552354995, 37.042682522494502 ], [ -113.555379489426997, 37.0427045652293 ], [ -113.555368552439006, 37.042728521692403 ], [ -113.555358016997005, 37.0427722859027 ], [ -113.555355552020004, 37.042782522835203 ], [ -113.555319552035002, 37.042945522692399 ], [ -113.555308552164007, 37.043000521773401 ], [ -113.555164517189993, 37.0436201167768 ], [ -113.555129552064002, 37.043770521932402 ], [ -113.555116917259994, 37.043960991250898 ], [ -113.555080556152006, 37.044509168206403 ], [ -113.555076551461994, 37.044569522904602 ], [ -113.555077553084004, 37.044804522602199 ], [ -113.555079552734, 37.045296523079401 ], [ -113.555079777312997, 37.045328265329402 ], [ -113.555080552559005, 37.045438522420099 ], [ -113.555148552331005, 37.046106522409502 ], [ -113.555200552209001, 37.046892522822503 ], [ -113.555231553070001, 37.047636523930301 ], [ -113.555322789562993, 37.048918395134997 ], [ -113.555318902552997, 37.048918655393202 ], [ -113.555198058485999, 37.0489267463388 ], [ -113.555160759537003, 37.048929243526402 ], [ -113.554736142072002, 37.048968267896598 ], [ -113.554245859556005, 37.049165968360498 ], [ -113.554159665306003, 37.0491856346341 ], [ -113.553464531871995, 37.049261401719697 ], [ -113.553331433886001, 37.049410599091601 ], [ -113.552852948945002, 37.049932659606696 ], [ -113.538128499628996, 37.049912763384 ], [ -113.536114968141007, 37.049851735411103 ], [ -113.534859065880994, 37.049851883820899 ], [ -113.531236762212004, 37.049849185199101 ] ] ] } },
{ "type": "Feature", "properties": { "OBJECTID": 94, "CountyID": 27, "VistaID": "27XSH:08", "PrecinctID": "27XSH", "SubPrecinctID": "08", "VersionNbr": null, "EffectiveDate": 1744156800000, "AliasName": "XSH:08", "Comments": "formerly COUN08", "RcvdDate": 1744156800000, "GlobalID": "776b3101-4477-4bd7-ac22-128027c9092b", "Shape__Area": 134635.515625, "Shape__Length": 1552.1450606509927 }, "geometry": { "type": "Polygon", "coordinates": [ [ [ -113.510896844342, 37.074183211700699 ], [ -113.510896833562995, 37.0741808988261 ], [ -113.510901444615001, 37.074180890942202 ], [ -113.511985707570005, 37.074169003324698 ], [ -113.513161150423997, 37.0741561638931 ], [ -113.513180135419006, 37.074155938841102 ], [ -113.513243294169996, 37.074155235015901 ], [ -113.513243334593994, 37.074155232149003 ], [ -113.513245370177003, 37.074237287935503 ], [ -113.513245250701004, 37.074267841216901 ], [ -113.513245221955003, 37.074280767353301 ], [ -113.513242151512998, 37.075686023420502 ], [ -113.513240737564999, 37.076089746772503 ], [ -113.513240113235994, 37.076264894213601 ], [ -113.513233476482, 37.076908372568099 ], [ -113.513233183631996, 37.076936761772899 ], [ -113.513233185428007, 37.076936799041299 ], [ -113.513234003793997, 37.076946014367998 ], [ -113.513305819609002, 37.077753451238401 ], [ -113.513305768405004, 37.077753468438999 ], [ -113.513227302361003, 37.077790623185699 ], [ -113.513118669993005, 37.077842171227502 ], [ -113.513061304477006, 37.077869392593001 ], [ -113.511823062198005, 37.077884111992901 ], [ -113.510921635149003, 37.077894822938198 ], [ -113.510921202161001, 37.077830929206399 ], [ -113.510925600313001, 37.077830932789801 ], [ -113.510925597617998, 37.077830892655101 ], [ -113.510925592228006, 37.077830058426301 ], [ -113.510925445802997, 37.0778057926833 ], [ -113.510924915797005, 37.077745423568999 ], [ -113.510918040990006, 37.076868979133401 ], [ -113.510915407129005, 37.076547128307503 ], [ -113.510906060159002, 37.075350271906203 ], [ -113.510897503706005, 37.074265956946498 ], [ -113.510897415670996, 37.074253071660898 ], [ -113.510897410281004, 37.074252302614603 ], [ -113.510896852426995, 37.074184863753999 ], [ -113.510896852426995, 37.074184832218002 ], [ -113.510896844342, 37.074183211700699 ] ] ] } },
{ "type": "Feature", "properties": { "OBJECTID": 95, "CountyID": 27, "VistaID": "27STG:52", "PrecinctID": "27STG", "SubPrecinctID": "52", "VersionNbr": null, "EffectiveDate": 1744156800000, "AliasName": "STG:52", "Comments": "formerly STG52", "RcvdDate": 1744156800000, "GlobalID": "a1f18bce-9a91-4deb-87fa-b308498a5320", "Shape__Area": 1195086.2421875, "Shape__Length": 5413.6454071641047 }, "geometry": { "type": "Polygon", "coordinates": [ [ [ -113.613862475233006, 37.132053746456002 ], [ -113.613999571620994, 37.131726529486897 ], [ -113.614060571720003, 37.131582529565698 ], [ -113.614137571713002, 37.131419528996098 ], [ -113.614335571181002, 37.131005529490402 ], [ -113.614387571958005, 37.130941529426899 ], [ -113.614503571411007, 37.130803528971697 ], [ -113.614574571556005, 37.130718528581603 ], [ -113.614615572462, 37.1306705287151 ], [ -113.614961572067998, 37.130281528927803 ], [ -113.615077572418997, 37.130152528427899 ], [ -113.615123571552004, 37.130018528647398 ], [ -113.615178571803, 37.1298625284224 ], [ -113.615150572214006, 37.129603529537597 ], [ -113.615136571970993, 37.1294625293325 ], [ -113.615117572602003, 37.129436528290697 ], [ -113.615063572175998, 37.129358528692798 ], [ -113.615045571734001, 37.129332529047701 ], [ -113.615191572222002, 37.129215529101799 ], [ -113.615629572787995, 37.128867528377299 ], [ -113.615776572203004, 37.128751528257602 ], [ -113.616696572818, 37.127792527965298 ], [ -113.617128572637995, 37.1277175283494 ], [ -113.617256571786996, 37.1276115284886 ], [ -113.617408572122997, 37.127435528527101 ], [ -113.617427572389005, 37.127415528733501 ], [ -113.617518572625997, 37.127265529396396 ], [ -113.617591572421006, 37.1269725287979 ], [ -113.617673572436004, 37.126575528330797 ], [ -113.617778572917004, 37.1264355280735 ], [ -113.617857571661006, 37.126358528108099 ], [ -113.61814557244, 37.1260835287177 ], [ -113.618144572614995, 37.126122527707601 ], [ -113.618140572417005, 37.126240528715996 ], [ -113.618140573315003, 37.126280528202798 ], [ -113.618224572081999, 37.126192528874299 ], [ -113.618254572219001, 37.126162527972902 ], [ -113.618578572084999, 37.1261545283513 ], [ -113.618701572107994, 37.1261525286248 ], [ -113.618727572946, 37.126039528235502 ], [ -113.618805571864996, 37.1257035285279 ], [ -113.618832572528007, 37.125591528055097 ], [ -113.618853572443996, 37.125576527844899 ], [ -113.619337573040994, 37.125285528335901 ], [ -113.619510572395001, 37.125137528111999 ], [ -113.619690572319996, 37.124986527246598 ], [ -113.619647572662998, 37.124921527943499 ], [ -113.619719572633002, 37.124837527990003 ], [ -113.619778572184003, 37.124759527949799 ], [ -113.619817573440002, 37.124681528545402 ], [ -113.619827572587994, 37.124577527782002 ], [ -113.619830572961007, 37.124461527533299 ], [ -113.619826571863996, 37.124352527748897 ], [ -113.619857572724996, 37.124268527880197 ], [ -113.619903572756002, 37.1242025280715 ], [ -113.619977573273999, 37.124161528313202 ], [ -113.620668572661998, 37.123899528145799 ], [ -113.620884572571995, 37.123790528268401 ], [ -113.621099572657002, 37.123653528278602 ], [ -113.621114572726, 37.123631527692503 ], [ -113.621249572444995, 37.1234475271633 ], [ -113.621296572299997, 37.123209527193403 ], [ -113.621296572299997, 37.122862527410099 ], [ -113.621296573199004, 37.122814527574903 ], [ -113.621790572942999, 37.122825527271203 ], [ -113.623273572900004, 37.122858527066803 ], [ -113.623768573367002, 37.122870528095902 ], [ -113.623776717493996, 37.122870818899699 ], [ -113.623804754811999, 37.124693328019603 ], [ -113.623814241020995, 37.125865255047202 ], [ -113.623839242033995, 37.128963661432998 ], [ -113.623834094686998, 37.132787379760103 ], [ -113.623834087500995, 37.132792983803 ], [ -113.623836980076007, 37.134215844362103 ], [ -113.623840083754999, 37.135729755237797 ], [ -113.623524272932002, 37.135731925869599 ], [ -113.621594812975005, 37.135744994775997 ], [ -113.619770032798996, 37.135757010233 ], [ -113.619281263046005, 37.1357602242851 ], [ -113.619281489420999, 37.135349177571001 ], [ -113.619276351956003, 37.134246635573902 ], [ -113.619263991137998, 37.1336313661334 ], [ -113.619260752711, 37.132403468537397 ], [ -113.619258860859006, 37.132034798517097 ], [ -113.618796329998005, 37.132025418723302 ], [ -113.617921236163994, 37.1320304255295 ], [ -113.616823596396003, 37.132037068087499 ], [ -113.615726001544004, 37.132043475738399 ], [ -113.615177190194004, 37.132046678489303 ], [ -113.614424384917996, 37.132051079406899 ], [ -113.613971307027995, 37.132053724254497 ], [ -113.613862475233006, 37.132053746456002 ] ] ] } },
{ "type": "Feature", "properties": { "OBJECTID": 97, "CountyID": 27, "VistaID": "27SC:06", "PrecinctID": "27SC", "SubPrecinctID": "06", "VersionNbr": null, "EffectiveDate": 1744156800000, "AliasName": "SC:06", "Comments": "formerly SC06", "RcvdDate": 1744156800000, "GlobalID": "9106743e-33b9-447c-a061-5025d198fef5", "Shape__Area": 786.80738461017609, "Shape__Length": 112.71588572633918 }, "geometry": { "type": "Polygon", "coordinates": [ [ [ -113.642008902041994, 37.1563845220453 ], [ -113.642032082170005, 37.1561759066132 ], [ -113.642044429513007, 37.156178405279398 ], [ -113.642046487553998, 37.156178834849499 ], [ -113.642058134210998, 37.156181354994096 ], [ -113.642060028757996, 37.156181765949498 ], [ -113.642060098827002, 37.156181778836597 ], [ -113.642060827360993, 37.156181944937003 ], [ -113.642062875519002, 37.156182401713203 ], [ -113.642075113269001, 37.156185229716201 ], [ -113.642075162675994, 37.156185246183099 ], [ -113.642087300712006, 37.156188198761299 ], [ -113.642087351018006, 37.156188210932498 ], [ -113.642089330904994, 37.156188705654003 ], [ -113.642089380312001, 37.156188717825202 ], [ -113.642102736463997, 37.1561921601131 ], [ -113.642102785871003, 37.1561921722843 ], [ -113.642102843363006, 37.156192185171399 ], [ -113.642102891872, 37.156192199490398 ], [ -113.642102942177999, 37.156192213809398 ], [ -113.642103472184004, 37.156192351987698 ], [ -113.642103522488995, 37.156192364874798 ], [ -113.642105488002997, 37.156192886086501 ], [ -113.642105538308996, 37.156192899689501 ], [ -113.642117546988004, 37.1561961730131 ], [ -113.642117597292994, 37.1561961873321 ], [ -113.642129547581007, 37.156199593106201 ], [ -113.642129597887006, 37.156199607425201 ], [ -113.642131540942998, 37.156200177321402 ], [ -113.642131590350004, 37.156200191640401 ], [ -113.642144723719994, 37.1562041293652 ], [ -113.642144774025994, 37.156204144400199 ], [ -113.642145454949002, 37.156204354889397 ], [ -113.642145504355994, 37.156204369924403 ], [ -113.642147439327005, 37.156204962015003 ], [ -113.642147489633004, 37.156204977049903 ], [ -113.642159290801004, 37.156208703569199 ], [ -113.642159341105994, 37.156208719320098 ], [ -113.642171074001993, 37.156212573994303 ], [ -113.642171124308007, 37.156212591177102 ], [ -113.642173033228005, 37.156213229804401 ], [ -113.642173083532995, 37.1562132462712 ], [ -113.642180075121004, 37.156215653294602 ], [ -113.642181731614997, 37.156216223190697 ], [ -113.642186183665004, 37.156217756039197 ], [ -113.642186229478995, 37.156217771074203 ], [ -113.642186275293, 37.156217785393203 ], [ -113.642186683128998, 37.156217930015004 ], [ -113.642186733434002, 37.156217947197803 ], [ -113.642188628878998, 37.1562186137471 ], [ -113.642188677388006, 37.156218631645899 ], [ -113.642200244994001, 37.1562227963257 ], [ -113.642200293502995, 37.156222814224499 ], [ -113.642212615694007, 37.156227250965003 ], [ -113.642212666, 37.156227267431902 ], [ -113.642214965687003, 37.156228077887 ], [ -113.642215015993003, 37.1562280965017 ], [ -113.64221555588, 37.156228287660198 ], [ -113.642215605287006, 37.156228304127097 ], [ -113.642230471507006, 37.156233414575901 ], [ -113.642230521813005, 37.1562334317588 ], [ -113.642230974564001, 37.1562335871199 ], [ -113.642231023970993, 37.156233604302599 ], [ -113.642231298854995, 37.156233696660102 ], [ -113.642231349160994, 37.156233713127001 ], [ -113.642243845625003, 37.156237824109802 ], [ -113.642243895931003, 37.156237839860701 ], [ -113.642246006072995, 37.156238517148999 ], [ -113.642246056378994, 37.156238533615898 ], [ -113.642246495655002, 37.156238676089899 ], [ -113.642246545961001, 37.156238691840798 ], [ -113.642261775099996, 37.156243459349099 ], [ -113.642261825405001, 37.156243474383999 ], [ -113.642262122747994, 37.156243566025601 ], [ -113.642262172155, 37.156243581060501 ], [ -113.642262787500997, 37.156243770787199 ], [ -113.642262836908003, 37.156243785822099 ], [ -113.642265968434998, 37.1562447351712 ], [ -113.642275494171002, 37.156247565319802 ], [ -113.642275544476007, 37.156247580354702 ], [ -113.642277845061997, 37.1562482504835 ], [ -113.642277895367002, 37.1562482648025 ], [ -113.642292979877993, 37.156252541168897 ], [ -113.642293030182998, 37.156252555487796 ], [ -113.642293660801002, 37.156252731611403 ], [ -113.642293711106007, 37.156252745214502 ], [ -113.642294671404997, 37.156253010115798 ], [ -113.642294721710996, 37.156253023002897 ], [ -113.642298986013998, 37.156254180693097 ], [ -113.642302132812006, 37.156255033389002 ], [ -113.642303253010994, 37.156255334803703 ], [ -113.642307525399005, 37.156256474595203 ], [ -113.642307574805997, 37.156256488198203 ], [ -113.642309109129002, 37.156256888413999 ], [ -113.642309158535994, 37.156256901301099 ], [ -113.642309567268995, 37.156257008693501 ], [ -113.642309616676997, 37.156257022296501 ], [ -113.642314532257998, 37.156258290243002 ], [ -113.642204789570997, 37.156431892029403 ], [ -113.642008902041994, 37.1563845220453 ] ] ] } },
{ "type": "Feature", "properties": { "OBJECTID": 98, "CountyID": 27, "VistaID": "27STG:13", "PrecinctID": "27STG", "SubPrecinctID": "13", "VersionNbr": null, "EffectiveDate": 1744156800000, "AliasName": "STG:13", "Comments": "formerly STG13", "RcvdDate": 1744156800000, "GlobalID": "c9dce60e-772b-4235-9184-d2a0349300d7", "Shape__Area": 2140593.7926750183, "Shape__Length": 7107.401047911284 }, "geometry": { "type": "Polygon", "coordinates": [ [ [ -113.557490555498006, 37.074442525562603 ], [ -113.557357555428993, 37.074318526567097 ], [ -113.556947555350007, 37.073953525780503 ], [ -113.556765554875994, 37.0738255266359 ], [ -113.556539555819, 37.073649526384202 ], [ -113.556418554546994, 37.073508525920403 ], [ -113.556352554425004, 37.073373525688197 ], [ -113.556319555710999, 37.073315526151703 ], [ -113.556272554957005, 37.073231525582798 ], [ -113.556205555009996, 37.0730745260703 ], [ -113.556172555398007, 37.072920525780702 ], [ -113.556168654014996, 37.072877962291201 ], [ -113.556161555526998, 37.072800525133502 ], [ -113.556052555747002, 37.072401525522402 ], [ -113.555948555092002, 37.072178525019197 ], [ -113.555810555, 37.071934526038 ], [ -113.555617554655996, 37.0716855262271 ], [ -113.555530553718995, 37.071550525616502 ], [ -113.555442554753995, 37.071387526274002 ], [ -113.555403555294006, 37.071262525278797 ], [ -113.555408555317001, 37.071003525233003 ], [ -113.555438553656998, 37.070865525929499 ], [ -113.555496554282001, 37.070738525034599 ], [ -113.555605554959996, 37.070521525377998 ], [ -113.555758555121002, 37.070188525589202 ], [ -113.555838554589002, 37.0699175260769 ], [ -113.555927554277005, 37.069701525396397 ], [ -113.556081555161001, 37.069373525071697 ], [ -113.556191555664, 37.069179524915697 ], [ -113.556328555034, 37.069000524930097 ], [ -113.556456554182006, 37.068883524955403 ], [ -113.556508554060002, 37.068837525124302 ], [ -113.556668553893999, 37.068713525565101 ], [ -113.556886554352005, 37.068466525746601 ], [ -113.557013554573999, 37.068354524495902 ], [ -113.557223555533994, 37.068063525183497 ], [ -113.557280555435995, 37.067936525330701 ], [ -113.557282108622999, 37.067933541354797 ], [ -113.558983060528007, 37.0684258348547 ], [ -113.559055059599999, 37.0684492886204 ], [ -113.559115562930998, 37.0684736698921 ], [ -113.559174307774995, 37.068501952783699 ], [ -113.559230225150003, 37.0685336755162 ], [ -113.559282999325006, 37.0685686589661 ], [ -113.559332332314995, 37.068606705598398 ], [ -113.559377945566993, 37.068647600581997 ], [ -113.559419581528999, 37.068691113003098 ], [ -113.559457005108001, 37.0687369971686 ], [ -113.559490004995993, 37.068784993994001 ], [ -113.559537733385, 37.068861069076497 ], [ -113.559562131628994, 37.068899097629398 ], [ -113.559588030955993, 37.0689370989259 ], [ -113.559615138517998, 37.068972332017601 ], [ -113.559644035524997, 37.069010280952703 ], [ -113.559674141662995, 37.0690454609691 ], [ -113.559712662321004, 37.069074999239596 ], [ -113.559719932386002, 37.069080545638201 ], [ -113.559930854119997, 37.069241465564303 ], [ -113.559993737987, 37.069284307768903 ], [ -113.560135944888998, 37.069383438019202 ], [ -113.560177929651999, 37.069410704554002 ], [ -113.560221341003995, 37.069436509649798 ], [ -113.560266099101995, 37.069460805846496 ], [ -113.560312121625003, 37.069483548459203 ], [ -113.560359323927003, 37.069504695660498 ], [ -113.560407619192006, 37.069524208557098 ], [ -113.560456918593999, 37.0695420512615 ], [ -113.56050713146, 37.069558190957899 ], [ -113.560562305126993, 37.069575518051202 ], [ -113.560618112696005, 37.0695915005088 ], [ -113.560674502705993, 37.069606123594603 ], [ -113.560731423163006, 37.069619373825802 ], [ -113.560788821580999, 37.069631238985302 ], [ -113.560846645034005, 37.069641708133403 ], [ -113.560904840206007, 37.069650771617198 ], [ -113.560963353435, 37.06965842108 ], [ -113.561022130767995, 37.069664649468898 ], [ -113.561081118008005, 37.069669451041101 ], [ -113.561140260765001, 37.069672821369601 ], [ -113.561199504504003, 37.069674757346803 ], [ -113.561258794598004, 37.069675257187797 ], [ -113.561318076377006, 37.069674320431602 ], [ -113.561377295179, 37.069671947941998 ], [ -113.561436396399998, 37.069668141906497 ], [ -113.561631970416997, 37.069650951643297 ], [ -113.561803344718996, 37.069634187853801 ], [ -113.561912803198993, 37.069622816268698 ], [ -113.562022751254005, 37.069615010714998 ], [ -113.562133006476998, 37.0696107841433 ], [ -113.562243385954005, 37.069610143566301 ], [ -113.562353706563002, 37.069613090046701 ], [ -113.562463785282006, 37.069619618695903 ], [ -113.562573439486997, 37.069629718681803 ], [ -113.562682487260005, 37.069643373246898 ], [ -113.562782909700005, 37.069656870158397 ], [ -113.562882997520006, 37.069671866236 ], [ -113.562986103976002, 37.069688944598198 ], [ -113.563088776398004, 37.069707613626001 ], [ -113.563355480816, 37.069762429172698 ], [ -113.563630275462003, 37.069818908296398 ], [ -113.564233260612994, 37.069944014885301 ], [ -113.564368649813005, 37.069973510693302 ], [ -113.564502836472997, 37.070006319022603 ], [ -113.564635693322003, 37.070042408751299 ], [ -113.564767094352007, 37.070081745645297 ], [ -113.565839025234993, 37.0704775786269 ], [ -113.565984956603998, 37.0705422132717 ], [ -113.566127529663007, 37.070611455288599 ], [ -113.566266516037004, 37.070685193753398 ], [ -113.566401693098001, 37.070763310538702 ], [ -113.567401531483995, 37.071312483699799 ], [ -113.567459898142999, 37.071345676682 ], [ -113.567515921668999, 37.071381347503703 ], [ -113.567569437014996, 37.071419391075203 ], [ -113.567620286527003, 37.071459695316499 ], [ -113.567621449845007, 37.0714607510916 ], [ -113.567681304573995, 37.071519212080503 ], [ -113.567735829011994, 37.071580903338401 ], [ -113.567784750246005, 37.071645516072401 ], [ -113.567827823407995, 37.071712726866899 ], [ -113.567852616756994, 37.071757707898598 ], [ -113.567874796110004, 37.0718035495644 ], [ -113.567894314707999, 37.071850155215898 ], [ -113.567911131401004, 37.071897426593999 ], [ -113.567925210732994, 37.071945264036302 ], [ -113.567936523021999, 37.071993566687098 ], [ -113.567945044419005, 37.072042232710203 ], [ -113.567950756957003, 37.072091159503401 ], [ -113.567966829613994, 37.072230974240398 ], [ -113.568065032541995, 37.072239182396501 ], [ -113.568563437625002, 37.072280835263001 ], [ -113.568975859562002, 37.072315830275997 ], [ -113.569232978127999, 37.072339160660803 ], [ -113.569489783041007, 37.072364595342599 ], [ -113.569613874517998, 37.0723775855936 ], [ -113.569682265878996, 37.072387081751202 ], [ -113.569749973615998, 37.072399304965202 ], [ -113.569816827029996, 37.072414224418097 ], [ -113.569882657573999, 37.072431802494201 ], [ -113.569947299280003, 37.072451994875301 ], [ -113.570010589180001, 37.072474750651601 ], [ -113.570072367709002, 37.072500012450497 ], [ -113.570132479118001, 37.072527716581398 ], [ -113.5702139813, 37.072563526722497 ], [ -113.570293725813002, 37.072601773151099 ], [ -113.570500857553995, 37.072707980455398 ], [ -113.570732189010997, 37.072829408275801 ], [ -113.570761324071, 37.072843894997398 ], [ -113.570872036040001, 37.072896434784099 ], [ -113.570925632861005, 37.072918886419103 ], [ -113.570980800464994, 37.072938768986297 ], [ -113.571037345619999, 37.072956012846802 ], [ -113.571095070270999, 37.072970557603803 ], [ -113.571153772231, 37.072982352314398 ], [ -113.571213245889993, 37.072991355667597 ], [ -113.571273282934001, 37.072997536129101 ], [ -113.571333673078001, 37.0730008720518 ], [ -113.571386815297004, 37.073003541338899 ], [ -113.571440049776996, 37.073004477955998 ], [ -113.571771436489001, 37.073001341514598 ], [ -113.572095622305, 37.073000269992598 ], [ -113.572341769676001, 37.072999455062501 ], [ -113.572454301332996, 37.072996358877496 ], [ -113.572566897144995, 37.072995732843097 ], [ -113.572679471954004, 37.072997577433 ], [ -113.572791940618004, 37.073001891251899 ], [ -113.572949757545004, 37.0730121284071 ], [ -113.573122307812, 37.0730249008 ], [ -113.573294112336995, 37.073042973177103 ], [ -113.573366626142999, 37.072519742114302 ], [ -113.573371972969994, 37.0724614404078 ], [ -113.573374643817999, 37.072403021638301 ], [ -113.573374635112003, 37.0723445639698 ], [ -113.573371946864, 37.072286145618399 ], [ -113.573866588903996, 37.072215301189601 ], [ -113.573919371214998, 37.072207740967897 ], [ -113.574351361154001, 37.0721313846946 ], [ -113.575429002627004, 37.071933663074397 ], [ -113.575498802696998, 37.071927217780498 ], [ -113.575568978434006, 37.071924377690003 ], [ -113.575639237640999, 37.071925154628701 ], [ -113.575709287774998, 37.071929545361698 ], [ -113.575756785286998, 37.0719346045721 ], [ -113.575803958232001, 37.0719413244422 ], [ -113.575850715452006, 37.071949691985601 ], [ -113.575896966589994, 37.071959691032099 ], [ -113.575942622268002, 37.071971302258198 ], [ -113.575987594259999, 37.071984503225103 ], [ -113.576031795659006, 37.071999268421798 ], [ -113.576075141047994, 37.072015569314502 ], [ -113.576620834344993, 37.072261336242697 ], [ -113.576718337295006, 37.072305163031203 ], [ -113.576813512442001, 37.072352134436201 ], [ -113.576906200561993, 37.0724021718706 ], [ -113.576996246590994, 37.072455191617699 ], [ -113.577330722607996, 37.072092117792302 ], [ -113.577346719803998, 37.072072582062098 ], [ -113.577360919116998, 37.072052180926399 ], [ -113.577373247362999, 37.072031019532801 ], [ -113.577383641002001, 37.072009206947399 ], [ -113.577392046464993, 37.071986855592598 ], [ -113.577398420429006, 37.071964080667797 ], [ -113.577402730043005, 37.071940999555402 ], [ -113.577404953094998, 37.071917731216303 ], [ -113.577405271996994, 37.071912172123803 ], [ -113.577492914331003, 37.071915652648997 ], [ -113.578232800934998, 37.072412565510398 ], [ -113.578242688692001, 37.072412214306397 ], [ -113.578895431527002, 37.072389042012702 ], [ -113.579085741415994, 37.072382287427502 ], [ -113.579092874039006, 37.072474763695901 ], [ -113.579097777943005, 37.072538312888 ], [ -113.579112769925999, 37.072732687908001 ], [ -113.579112840893004, 37.072733607484899 ], [ -113.579117670236002, 37.072796202480603 ], [ -113.579738799560005, 37.0730210725674 ], [ -113.579477558695004, 37.073259524110398 ], [ -113.579192559188002, 37.073584523874899 ], [ -113.578954559536996, 37.073813524286102 ], [ -113.578788559855994, 37.073932524927699 ], [ -113.578479560058994, 37.074146524642103 ], [ -113.578051559539006, 37.074281524931699 ], [ -113.577933560435994, 37.074368524544902 ], [ -113.577592559056001, 37.074629525652703 ], [ -113.577370559298004, 37.074819524754503 ], [ -113.577172558930997, 37.074882525841602 ], [ -113.576990558457993, 37.074893524615398 ], [ -113.576919559211007, 37.074898525165104 ], [ -113.576539558370996, 37.074970525304401 ], [ -113.576166558102997, 37.074978525315601 ], [ -113.576008558816994, 37.0749545245626 ], [ -113.575752558724005, 37.074962524575497 ], [ -113.575641558396001, 37.075075525205698 ], [ -113.575560559102996, 37.075127525191697 ], [ -113.575337558621996, 37.0752195243629 ], [ -113.575155559047005, 37.075306525050102 ], [ -113.574988558643, 37.0754475257542 ], [ -113.574936558763994, 37.0755255249789 ], [ -113.574941558787003, 37.075673524683801 ], [ -113.574990559190994, 37.075903525046698 ], [ -113.575027559001001, 37.075984524662502 ], [ -113.574957558681007, 37.076145524544401 ], [ -113.574886558535994, 37.076273524789798 ], [ -113.574795559197, 37.076423525507799 ], [ -113.574768559432997, 37.0764605253813 ], [ -113.57469755839, 37.076563525050197 ], [ -113.574598559554005, 37.0766865248751 ], [ -113.574580559111993, 37.076741524586602 ], [ -113.574548558426997, 37.076813525842603 ], [ -113.574511559515003, 37.076935524748897 ], [ -113.574431559149005, 37.076997524999001 ], [ -113.574392558791004, 37.077064524888698 ], [ -113.574272558242001, 37.077165526300597 ], [ -113.574137559421004, 37.077229524514202 ], [ -113.574028558742995, 37.0772705253125 ], [ -113.573789558369, 37.077291524524 ], [ -113.573599559295999, 37.077334525587602 ], [ -113.573389558334995, 37.077415525824797 ], [ -113.572740557882, 37.077495525469701 ], [ -113.572482559037994, 37.077561525131202 ], [ -113.572131557611996, 37.0775255248669 ], [ -113.571719557883, 37.077501524920102 ], [ -113.571570558817996, 37.077548525734599 ], [ -113.571372558451998, 37.077585525775703 ], [ -113.571025559020001, 37.077675524541498 ], [ -113.570265558239001, 37.077890525659903 ], [ -113.569858557635001, 37.078019525608198 ], [ -113.569260558132996, 37.078272525952897 ], [ -113.569202557509001, 37.078297525434103 ], [ -113.568910557430996, 37.078397525426404 ], [ -113.568600556910994, 37.078541526158297 ], [ -113.568363557983005, 37.0786295256746 ], [ -113.568125558331005, 37.078683526353402 ], [ -113.567886557956996, 37.078710525961696 ], [ -113.567653558328004, 37.078715525543103 ], [ -113.567358556979002, 37.078716526032601 ], [ -113.567313556773001, 37.078710525245 ], [ -113.56718655745, 37.078693526236002 ], [ -113.566911557988007, 37.078671525489298 ], [ -113.566826557599995, 37.078658525566198 ], [ -113.566614557886993, 37.078628525183902 ], [ -113.565974557654997, 37.078537526340803 ], [ -113.565366557209003, 37.078518525592003 ], [ -113.565136557055993, 37.078512525505403 ], [ -113.564877557488003, 37.078500525330803 ], [ -113.564566556244998, 37.078486526319203 ], [ -113.564490556975002, 37.078481526006001 ], [ -113.563668556268993, 37.078429526886801 ], [ -113.563385557309999, 37.078412527098102 ], [ -113.563332556709, 37.078411526604498 ], [ -113.563062556372003, 37.078408526557098 ], [ -113.562947556744007, 37.078392526540803 ], [ -113.562856556507995, 37.0783805256306 ], [ -113.562690556825999, 37.078350526571697 ], [ -113.562636556399994, 37.078333526765199 ], [ -113.562191557058995, 37.078196526963602 ], [ -113.561741556797003, 37.078021526605802 ], [ -113.561642557062996, 37.077983526278103 ], [ -113.561451556368993, 37.077896526512397 ], [ -113.561091555621005, 37.077687526280101 ], [ -113.560875555709998, 37.0775825264123 ], [ -113.560665556546994, 37.077471526230099 ], [ -113.560527556454005, 37.077380525281697 ], [ -113.560504555989993, 37.077365525555898 ], [ -113.560321556589997, 37.077215525984698 ], [ -113.560221556132007, 37.077113526278801 ], [ -113.560013555720005, 37.0768485259307 ], [ -113.559708556122004, 37.076536526827397 ], [ -113.559445556355996, 37.076245526658298 ], [ -113.558940555842, 37.0757125259817 ], [ -113.55860155501, 37.075423526583101 ], [ -113.558312555304994, 37.075187525848001 ], [ -113.558273555846, 37.075153526246403 ], [ -113.558029555448002, 37.074941526869097 ], [ -113.557490555498006, 37.074442525562603 ] ] ] } },
{ "type": "Feature", "properties": { "OBJECTID": 100, "CountyID": 27, "VistaID": "27STG:21", "PrecinctID": "27STG", "SubPrecinctID": "21", "VersionNbr": null, "EffectiveDate": 1744156800000, "AliasName": "STG:21", "Comments": "formerly STG21", "RcvdDate": 1744156800000, "GlobalID": "f5be867f-58fd-4230-81ba-6ea4b93e7b0d", "Shape__Area": 2295648.0441732407, "Shape__Length": 8355.4898555556119 }, "geometry": { "type": "Polygon", "coordinates": [ [ [ -113.522130838416999, 37.056008194779402 ], [ -113.522131310931002, 37.055983716304397 ], [ -113.522132447299995, 37.055924755730402 ], [ -113.522132547013001, 37.0559195259559 ], [ -113.522132688946996, 37.055913091074601 ], [ -113.522132688946996, 37.055913058097303 ], [ -113.522142547059005, 37.0554665257552 ], [ -113.522149546731001, 37.0548335259111 ], [ -113.522174546846003, 37.052653525579899 ], [ -113.522176546495999, 37.052454525801302 ], [ -113.522178546145, 37.052255525500797 ], [ -113.522178546145, 37.052210525745998 ], [ -113.522176546495999, 37.052165525247602 ], [ -113.522162545354007, 37.051197525574899 ], [ -113.522136546313007, 37.049378525162197 ], [ -113.522125545544, 37.048551524871101 ], [ -113.522142546159998, 37.047926524701502 ], [ -113.522132546115003, 37.047724524889603 ], [ -113.522112545124997, 37.047442524828099 ], [ -113.522151545482998, 37.047161524624599 ], [ -113.522269546382006, 37.046724524731701 ], [ -113.522266546009007, 37.046165525027199 ], [ -113.522260545262995, 37.044558524752901 ], [ -113.522256545963003, 37.0436105245536 ], [ -113.522254545414995, 37.042858525042398 ], [ -113.522250545217005, 37.041373524486801 ], [ -113.522245544295998, 37.039763523732198 ], [ -113.522246545019001, 37.0395445245315 ], [ -113.522255256880996, 37.037712541960602 ], [ -113.531107491946997, 37.037732394771602 ], [ -113.531110676474995, 37.040598345191903 ], [ -113.531113811596001, 37.0415822798848 ], [ -113.531099451127005, 37.041703981241298 ], [ -113.530990427991, 37.041706507347797 ], [ -113.530914330805004, 37.041718597953398 ], [ -113.530879399815007, 37.041726764954902 ], [ -113.530808882963996, 37.0417487190552 ], [ -113.530714316415995, 37.0417914154527 ], [ -113.530672668722005, 37.041816117917101 ], [ -113.530632238246, 37.041846871401901 ], [ -113.529671628391, 37.042638596902002 ], [ -113.529591761874002, 37.042696145940802 ], [ -113.529554576112005, 37.042718006547702 ], [ -113.529481695792995, 37.042753716446498 ], [ -113.529413251354995, 37.042779892079203 ], [ -113.529124993658996, 37.042882195365301 ], [ -113.529005815068004, 37.042923310810501 ], [ -113.528921854928996, 37.042943407480202 ], [ -113.528121276346994, 37.043112656533999 ], [ -113.527688217413996, 37.042439550788103 ], [ -113.527551527065, 37.042327475263498 ], [ -113.525427475846996, 37.044024519875101 ], [ -113.525587837702005, 37.044152070983699 ], [ -113.525702575021, 37.04426334435 ], [ -113.525803162976999, 37.044375806351802 ], [ -113.525914564852002, 37.044522554712799 ], [ -113.525968261648003, 37.044604759425901 ], [ -113.526029819601007, 37.044725060646797 ], [ -113.526092643281004, 37.044702070618797 ], [ -113.526161347332007, 37.044680481611003 ], [ -113.526258260280002, 37.044656712902103 ], [ -113.526357268997003, 37.044640659160599 ], [ -113.526479892626995, 37.044631738900101 ], [ -113.526898970180994, 37.044631427002898 ], [ -113.529019398494, 37.044631806298597 ], [ -113.529026949732, 37.046466084762997 ], [ -113.530251925691005, 37.046466745825803 ], [ -113.530198670866, 37.0459320008123 ], [ -113.531223561469005, 37.045928296110098 ], [ -113.531233018034001, 37.047339707160504 ], [ -113.531236762212004, 37.049849185199101 ], [ -113.531236766703003, 37.049852402897002 ], [ -113.531240241386996, 37.052181661995803 ], [ -113.530488567090003, 37.053630203639798 ], [ -113.530477325571994, 37.053649777707797 ], [ -113.530438427969997, 37.053723408458097 ], [ -113.530401634425004, 37.0537977247497 ], [ -113.530365837925999, 37.053875214814397 ], [ -113.530332327683993, 37.0539533532734 ], [ -113.530301122123007, 37.054032097169397 ], [ -113.530272238395995, 37.054111403212403 ], [ -113.530264131999004, 37.054170192418901 ], [ -113.530263955929001, 37.054171644171802 ], [ -113.530256648136003, 37.054240990621899 ], [ -113.530251948655007, 37.054310480682197 ], [ -113.530249861710999, 37.054380051882099 ], [ -113.530250389179997, 37.054449641678097 ], [ -113.530253530587004, 37.054519187510301 ], [ -113.530259283109004, 37.054588626858497 ], [ -113.530267641574, 37.054657897298199 ], [ -113.530278598468996, 37.054726936557202 ], [ -113.530313964243007, 37.054883173977899 ], [ -113.530599587181001, 37.055954843235902 ], [ -113.530551013476995, 37.055974342146897 ], [ -113.530484262363004, 37.0559936682805 ], [ -113.530419602527004, 37.056005911460304 ], [ -113.530345356769004, 37.056012735609102 ], [ -113.525858781268994, 37.056009005590603 ], [ -113.522132297281004, 37.056008194779402 ], [ -113.522130838416999, 37.056008194779402 ] ] ] } },
{ "type": "Feature", "properties": { "OBJECTID": 101, "CountyID": 27, "VistaID": "27STG:03", "PrecinctID": "27STG", "SubPrecinctID": "03", "VersionNbr": null, "EffectiveDate": 1744156800000, "AliasName": "STG:03", "Comments": "formerly STG03", "RcvdDate": 1744156800000, "GlobalID": "ad720ea2-537a-4726-ac2a-dffd8273bec9", "Shape__Area": 1945901.6990690231, "Shape__Length": 6155.4837086359812 }, "geometry": { "type": "Polygon", "coordinates": [ [ [ -113.531781238291998, 37.114377291885098 ], [ -113.531781388311003, 37.114377289019799 ], [ -113.533766692038, 37.114345442426099 ], [ -113.536468051862002, 37.114323863928298 ], [ -113.540904154618005, 37.114267821984001 ], [ -113.540908921978001, 37.113160833754598 ], [ -113.543211371423993, 37.113164128282001 ], [ -113.547656555250995, 37.113154925955399 ], [ -113.548396961978995, 37.1131501922655 ], [ -113.548416557829, 37.1131755312569 ], [ -113.548459557485998, 37.113257531905802 ], [ -113.548567557441004, 37.1133925313041 ], [ -113.548730557648, 37.113548531089201 ], [ -113.548856558045003, 37.113695531735999 ], [ -113.548873557763002, 37.113715530856602 ], [ -113.548980557893003, 37.113850530871098 ], [ -113.549056558060997, 37.114068531155802 ], [ -113.549091558220994, 37.114298531051901 ], [ -113.549091558220994, 37.114507532042801 ], [ -113.549069557582001, 37.114672531098002 ], [ -113.549028557574005, 37.114865531577102 ], [ -113.548960556902998, 37.115055532251198 ], [ -113.548835558128005, 37.115466532311899 ], [ -113.548765557807997, 37.116332531890698 ], [ -113.548667557898995, 37.116929531785601 ], [ -113.548649557456997, 37.117046532098797 ], [ -113.548619217756993, 37.117388111664802 ], [ -113.548618558393002, 37.117395531995903 ], [ -113.548643558508005, 37.117437531099199 ], [ -113.548691558187997, 37.117515530804702 ], [ -113.548722558150004, 37.117564531827597 ], [ -113.548749557915002, 37.117607532245998 ], [ -113.544155557381998, 37.119541533006 ], [ -113.543555557331999, 37.119789532521402 ], [ -113.540632557077004, 37.121027532375997 ], [ -113.537549555192001, 37.122320533053703 ], [ -113.534200555862, 37.123751533807003 ], [ -113.532447555568993, 37.124576533627902 ], [ -113.532386228483006, 37.124341656483402 ], [ -113.532202951504004, 37.124098508027302 ], [ -113.532114497093005, 37.123989693230101 ], [ -113.532021280712001, 37.1238750228841 ], [ -113.531991297299996, 37.123831831796501 ], [ -113.531963698802002, 37.123787641559403 ], [ -113.531938537472001, 37.123742535840698 ], [ -113.531915860951003, 37.123696600042003 ], [ -113.531895712175, 37.123649921136703 ], [ -113.531878129291997, 37.123602587505097 ], [ -113.531863145596006, 37.123554688767399 ], [ -113.531850789455007, 37.1235063156142 ], [ -113.531838034276007, 37.123438800966902 ], [ -113.531836257408003, 37.123426378150697 ], [ -113.531836252917003, 37.123426344486496 ], [ -113.531835433653001, 37.123420161727999 ], [ -113.531833912804998, 37.123407717420903 ], [ -113.531833909211997, 37.123407688770499 ], [ -113.531833216611005, 37.123401489536498 ], [ -113.531831956274999, 37.1233890287523 ], [ -113.531830866617995, 37.123376555073399 ], [ -113.531829948539993, 37.123364072797301 ], [ -113.531828629813006, 37.123339088899797 ], [ -113.531827988415998, 37.1233124425517 ], [ -113.531827981229995, 37.1233119662379 ], [ -113.531821441494003, 37.122895243548498 ], [ -113.531821437901002, 37.122894767232097 ], [ -113.531826211547994, 37.1216787102559 ], [ -113.531826212447001, 37.121678233215697 ], [ -113.531823422279004, 37.119360225130102 ], [ -113.531823421381006, 37.119359748075098 ], [ -113.531814636755996, 37.116673838176702 ], [ -113.531814632264002, 37.116673361821199 ], [ -113.531773951158002, 37.114377792610902 ], [ -113.531773945769004, 37.114377316957302 ], [ -113.531781238291998, 37.114377291885098 ] ] ] } },
{ "type": "Feature", "properties": { "OBJECTID": 102, "CountyID": 27, "VistaID": "27STG:14", "PrecinctID": "27STG", "SubPrecinctID": "14", "VersionNbr": null, "EffectiveDate": 1744156800000, "AliasName": "STG:14", "Comments": "formerly STG14", "RcvdDate": 1744156800000, "GlobalID": "9f81cc5b-54b6-4798-9f7e-6075c5031e80", "Shape__Area": 3064770.7954521179, "Shape__Length": 8659.4667936789119 }, "geometry": { "type": "Polygon", "coordinates": [ [ [ -113.522284756656006, 37.074230929147397 ], [ -113.522284548247001, 37.074205528392497 ], [ -113.522283547523998, 37.074108528106201 ], [ -113.522269548178997, 37.073187528080503 ], [ -113.522229547996005, 37.070511528001497 ], [ -113.522230547820996, 37.070136527950503 ], [ -113.522233548193995, 37.069119528107002 ], [ -113.522233548193995, 37.068792528036099 ], [ -113.522237548391999, 37.067814527715697 ], [ -113.522238548217004, 37.067488527673603 ], [ -113.522238548217004, 37.067386527785999 ], [ -113.522239548041, 37.067083527795901 ], [ -113.522240547866005, 37.066982528008097 ], [ -113.522239548939993, 37.066968527586901 ], [ -113.522238252671002, 37.066937574977501 ], [ -113.526678616137005, 37.066898346243399 ], [ -113.533347323428998, 37.066873900670601 ], [ -113.533481015201005, 37.064934136843497 ], [ -113.534660236370001, 37.064984687219599 ], [ -113.535681930766998, 37.065097924928999 ], [ -113.536727626350995, 37.065204073211099 ], [ -113.537726354418993, 37.065216851795803 ], [ -113.538321283478993, 37.065236926792501 ], [ -113.538872257074004, 37.065269274291801 ], [ -113.539143042538001, 37.0652851709891 ], [ -113.539240964293995, 37.065289139966097 ], [ -113.539393075123002, 37.065283877863799 ], [ -113.539589714542004, 37.065266705244099 ], [ -113.540014513467, 37.065229230398103 ], [ -113.540172940350004, 37.065225854937196 ], [ -113.540315804819997, 37.065233876763898 ], [ -113.540498426029004, 37.065259696273699 ], [ -113.540680631317997, 37.065291855959003 ], [ -113.540875196526997, 37.065314746564603 ], [ -113.541001664047997, 37.065324217771 ], [ -113.541111487582995, 37.065329034014901 ], [ -113.541561225536, 37.065331972934203 ], [ -113.542421736120005, 37.065330945029302 ], [ -113.543370411856998, 37.065320455953902 ], [ -113.543850430223003, 37.065332438143599 ], [ -113.543844783412993, 37.064245856727197 ], [ -113.544786414561997, 37.064242650392003 ], [ -113.545505191654996, 37.063978415792498 ], [ -113.545627243056998, 37.063922361696598 ], [ -113.545724165886995, 37.0640852946485 ], [ -113.545848882591002, 37.064268544788497 ], [ -113.545974835376995, 37.064431221092697 ], [ -113.546093544147993, 37.0645686414464 ], [ -113.546192067774996, 37.064673099500702 ], [ -113.546302079057995, 37.064780998122103 ], [ -113.546442281820006, 37.0649070025867 ], [ -113.546586837817003, 37.065025281754302 ], [ -113.546719602528, 37.065124843357196 ], [ -113.546847973577997, 37.065213769509903 ], [ -113.548656991914001, 37.066519834652297 ], [ -113.548970368303003, 37.066782688451802 ], [ -113.549029109138999, 37.066831958116303 ], [ -113.549076049706002, 37.066875458266097 ], [ -113.549078074508998, 37.066877334835397 ], [ -113.548436121338995, 37.0668764359745 ], [ -113.548442108610004, 37.067270752468303 ], [ -113.548481520354997, 37.067272882019999 ], [ -113.548520220710998, 37.067279199822302 ], [ -113.548557513820995, 37.067289592276303 ], [ -113.548592729134, 37.067303872517599 ], [ -113.548617970037995, 37.067316835092903 ], [ -113.548641707553003, 37.067331494901602 ], [ -113.548663762939, 37.0673477415558 ], [ -113.548683970119001, 37.067365452718903 ], [ -113.548856626317004, 37.067560209426198 ], [ -113.548880002001994, 37.067585674855401 ], [ -113.548900741181995, 37.067612554955801 ], [ -113.548918710080997, 37.067640676340702 ], [ -113.548933792794003, 37.067669857616799 ], [ -113.548945892033004, 37.067699910554097 ], [ -113.548954929754998, 37.067730641300699 ], [ -113.548960847662002, 37.067761851632397 ], [ -113.548963607581996, 37.067793340232001 ], [ -113.548962191837006, 37.067904992520198 ], [ -113.548962160396002, 37.067907445359303 ], [ -113.549048351951001, 37.067910468042598 ], [ -113.549391099656006, 37.067911343954101 ], [ -113.549387878298006, 37.068577568498497 ], [ -113.549453572093995, 37.068577735508001 ], [ -113.549437850678999, 37.068941909922899 ], [ -113.549418292558002, 37.069158596568499 ], [ -113.549313248958995, 37.069950584762097 ], [ -113.549276426117004, 37.070087806607297 ], [ -113.549227469730994, 37.070355103434999 ], [ -113.549228099450005, 37.070683845660803 ], [ -113.549228518064993, 37.071141005355102 ], [ -113.549229504414996, 37.0722560466711 ], [ -113.548874916914002, 37.072254773016802 ], [ -113.547751221512002, 37.072254889129397 ], [ -113.547750637606995, 37.0722548898461 ], [ -113.547012264664005, 37.071864030336798 ], [ -113.546662086094997, 37.0718197826127 ], [ -113.545324235023998, 37.071650723729 ], [ -113.544714086705994, 37.0715732423131 ], [ -113.543646624044001, 37.071639098045502 ], [ -113.542901992539001, 37.071687363256203 ], [ -113.541644663754994, 37.071768841146501 ], [ -113.541284197679005, 37.0718455196048 ], [ -113.540254435513006, 37.072064540997097 ], [ -113.539672800621005, 37.072241072451099 ], [ -113.538876834888995, 37.072482584068197 ], [ -113.538163949845, 37.072868383800497 ], [ -113.536518326974999, 37.073759142422098 ], [ -113.536518892912994, 37.0737787055631 ], [ -113.535813493530995, 37.073789394153003 ], [ -113.535823926565001, 37.074133971897197 ], [ -113.533593188729, 37.074161342239599 ], [ -113.531362016109, 37.074187042600698 ], [ -113.529551262227002, 37.074196574337599 ], [ -113.526834702011001, 37.074210825712001 ], [ -113.522343289982004, 37.0742310653253 ], [ -113.522284756656006, 37.074230929147397 ] ] ] } },
{ "type": "Feature", "properties": { "OBJECTID": 103, "CountyID": 27, "VistaID": "27STG:45", "PrecinctID": "27STG", "SubPrecinctID": "45", "VersionNbr": null, "EffectiveDate": 1744156800000, "AliasName": "STG:45", "Comments": "formerly STG45", "RcvdDate": 1744156800000, "GlobalID": "e50b6f52-9e75-4f8e-acb5-8baeac320830", "Shape__Area": 1886752.2247562408, "Shape__Length": 5962.4829289935615 }, "geometry": { "type": "Polygon", "coordinates": [ [ [ -113.645213516054, 37.1065299563314 ], [ -113.645212699485995, 37.106529289344401 ], [ -113.643845987340995, 37.106524144015196 ], [ -113.643850810396003, 37.106496459387103 ], [ -113.643812648166005, 37.1064920154314 ], [ -113.643807357089003, 37.106491235965898 ], [ -113.643801175780993, 37.106490325395598 ], [ -113.643792681311993, 37.106489087420996 ], [ -113.643786319442995, 37.106488168969904 ], [ -113.643768850803994, 37.1064856464534 ], [ -113.643713135493996, 37.1064776003345 ], [ -113.643647277305007, 37.1064658911558 ], [ -113.643601351835002, 37.106456760373703 ], [ -113.643537668467005, 37.106442923421803 ], [ -113.643484422626003, 37.106429675365497 ], [ -113.643425281141006, 37.106414881269899 ], [ -113.643386058898997, 37.106405039075398 ], [ -113.643338086168001, 37.106391362592397 ], [ -113.643250234525993, 37.106364076246201 ], [ -113.643169415795001, 37.106335569107401 ], [ -113.643113722942005, 37.10631390164 ], [ -113.643028029952006, 37.106278616409703 ], [ -113.642968921705005, 37.106253110333398 ], [ -113.642915417148004, 37.106228522702601 ], [ -113.642854938970004, 37.106200049900998 ], [ -113.642770951881005, 37.106154254683801 ], [ -113.642680228325005, 37.106104769855001 ], [ -113.642615031296998, 37.1060692087039 ], [ -113.642514607733006, 37.106010959076698 ], [ -113.642473039091996, 37.105983907580999 ], [ -113.642417094711007, 37.105946870536499 ], [ -113.642333993931999, 37.105887328833198 ], [ -113.642254463537995, 37.105824762537303 ], [ -113.642178676422006, 37.105759307657699 ], [ -113.642106797343004, 37.1056911064831 ], [ -113.642038982561999, 37.105620307272702 ], [ -113.641975379507002, 37.105547063933599 ], [ -113.641916126447001, 37.105471535687002 ], [ -113.641861352196003, 37.105393886721103 ], [ -113.641811175830995, 37.105314285835298 ], [ -113.641765706431997, 37.105232906072303 ], [ -113.641725042849004, 37.105149924342697 ], [ -113.641689273481006, 37.105065521040203 ], [ -113.641658476090996, 37.104979879649399 ], [ -113.641632717630003, 37.104893186346999 ], [ -113.641612054096001, 37.104805629597102 ], [ -113.641596530410993, 37.104717399741403 ], [ -113.641594705033995, 37.104693598976901 ], [ -113.641594390322993, 37.104608036862601 ], [ -113.641590281112002, 37.104522537069599 ], [ -113.641582382544996, 37.104437206599997 ], [ -113.641570704505, 37.1043521522448 ], [ -113.641555261609, 37.104267480449302 ], [ -113.641536073181996, 37.104183297180803 ], [ -113.641513163238997, 37.104099707795399 ], [ -113.641486560451, 37.104016816906203 ], [ -113.641421110996006, 37.103804315065602 ], [ -113.641385040941998, 37.103703450169 ], [ -113.641340494385005, 37.103599876249099 ], [ -113.641291446371, 37.103496386012097 ], [ -113.641237767541, 37.103395727043001 ], [ -113.641179799255994, 37.103295146749701 ], [ -113.641117413055994, 37.1031973955903 ], [ -113.641050958386003, 37.103099718099401 ], [ -113.640980291516001, 37.103004864741898 ], [ -113.640905424124, 37.102912836244897 ], [ -113.640826774824006, 37.102823623304801 ], [ -113.640744057053993, 37.102734485487602 ], [ -113.640657561869006, 37.102648163957099 ], [ -113.640567288368999, 37.102564658723097 ], [ -113.640473666849005, 37.102483962630203 ], [ -113.640376480813003, 37.1024060771203 ], [ -113.640275944061003, 37.102331001485801 ], [ -113.640172274883994, 37.102258730003101 ], [ -113.634874262867001, 37.098791072232501 ], [ -113.634788773794, 37.098732199390902 ], [ -113.634705781139999, 37.098670533608299 ], [ -113.634625277718001, 37.098606075594603 ], [ -113.634547698312005, 37.098538816028103 ], [ -113.634511362357003, 37.098506211886402 ], [ -113.637209272649002, 37.0972277358619 ], [ -113.637202548760001, 37.0972149039182 ], [ -113.637201460000995, 37.096918693128501 ], [ -113.637312488177002, 37.096682919093702 ], [ -113.637341389675001, 37.0966534352861 ], [ -113.638014482944001, 37.095966900483603 ], [ -113.638088691871999, 37.095891306872097 ], [ -113.638099497705994, 37.095897883098701 ], [ -113.638436325512998, 37.095554537817002 ], [ -113.639586284960004, 37.094380842558401 ], [ -113.640475772499997, 37.094339449038202 ], [ -113.640783114005998, 37.094323440203397 ], [ -113.640781631785998, 37.095499293089603 ], [ -113.640781586870006, 37.095534735244101 ], [ -113.640781573395003, 37.095544522962101 ], [ -113.640781885110997, 37.095544524395201 ], [ -113.648701574588998, 37.095563523025902 ], [ -113.649767574793998, 37.095568522212098 ], [ -113.649767322368007, 37.095589516354899 ], [ -113.649753575448997, 37.0967335228218 ], [ -113.649599576360998, 37.096696522812103 ], [ -113.649613575706994, 37.097190523290699 ], [ -113.649651576240004, 37.098471522726598 ], [ -113.649706575593001, 37.100324522829702 ], [ -113.649721383422005, 37.100829394357099 ], [ -113.649759576194995, 37.102131523056102 ], [ -113.649792576704996, 37.103255523435202 ], [ -113.649807575875997, 37.103766523253903 ], [ -113.649867576150001, 37.105820523763697 ], [ -113.649872576172996, 37.105958523914197 ], [ -113.649877577094003, 37.106544523299398 ], [ -113.649712576338999, 37.106543523893599 ], [ -113.649652492521994, 37.106541583828303 ], [ -113.648938576212004, 37.106518523699101 ], [ -113.648514575890005, 37.106526523962799 ], [ -113.648361576626996, 37.106526523962799 ], [ -113.646549574985997, 37.106522524189202 ], [ -113.645213575343007, 37.1065215240667 ], [ -113.645213516054, 37.1065299563314 ] ] ] } },
{ "type": "Feature", "properties": { "OBJECTID": 106, "CountyID": 27, "VistaID": "27STG:51", "PrecinctID": "27STG", "SubPrecinctID": "51", "VersionNbr": null, "EffectiveDate": 1744156800000, "AliasName": "STG:51", "Comments": "formerly STG51", "RcvdDate": 1744156800000, "GlobalID": "d737ea63-b42b-47eb-98de-a1478b30d55a", "Shape__Area": 1836297.4408826828, "Shape__Length": 6341.4680018220979 }, "geometry": { "type": "Polygon", "coordinates": [ [ [ -113.623834094686998, 37.132787379760103 ], [ -113.623839242033995, 37.128963661432998 ], [ -113.623814241020995, 37.125865255047202 ], [ -113.623804754811999, 37.124693328019603 ], [ -113.623776717493996, 37.122870818899699 ], [ -113.623779629832001, 37.122870922758203 ], [ -113.624048572850995, 37.122880527877598 ], [ -113.624397573728999, 37.122932528010402 ], [ -113.624653572924004, 37.122970527286 ], [ -113.624979573337001, 37.123030528026 ], [ -113.625393573614005, 37.123124528301801 ], [ -113.626246573383995, 37.123367526606799 ], [ -113.626856573479003, 37.123541526921201 ], [ -113.626937574568004, 37.123563527533499 ], [ -113.627183573717005, 37.123632527589102 ], [ -113.627265574630997, 37.123655528071097 ], [ -113.628014573745006, 37.123866527371497 ], [ -113.629375574400996, 37.1242485265334 ], [ -113.630264574156001, 37.124499526757603 ], [ -113.630608575010996, 37.124596527009203 ], [ -113.630869574228001, 37.12467052697 ], [ -113.631336062168998, 37.124805104919901 ], [ -113.631278597839, 37.124935634408502 ], [ -113.635629093844003, 37.126149291961397 ], [ -113.635936579979003, 37.126235810885198 ], [ -113.635938337981997, 37.126238691576901 ], [ -113.635948878814006, 37.126239929944802 ], [ -113.637596698962994, 37.126700535504 ], [ -113.637638118485, 37.126712113348702 ], [ -113.637638556862001, 37.1267717250755 ], [ -113.637643220914995, 37.127150182167199 ], [ -113.637651237480995, 37.127801491444302 ], [ -113.637652755633994, 37.127885281121301 ], [ -113.637654395957995, 37.127975948539301 ], [ -113.637656306674003, 37.128295877058299 ], [ -113.637657823029997, 37.1282960095579 ], [ -113.637690245924006, 37.134100647377501 ], [ -113.637690326772002, 37.134102356133397 ], [ -113.637697518684007, 37.134255918411 ], [ -113.637699362027007, 37.134295279145903 ], [ -113.637686254708996, 37.134303309418002 ], [ -113.637683998141, 37.134304692317698 ], [ -113.637669898184001, 37.134313318431502 ], [ -113.637653556930999, 37.134322932125002 ], [ -113.637653197605005, 37.134323140526703 ], [ -113.637652540038005, 37.134323519373801 ], [ -113.637637007269007, 37.134332315930898 ], [ -113.637636172734005, 37.134332781432903 ], [ -113.637634948330003, 37.1343334610659 ], [ -113.637625324677998, 37.134338732697401 ], [ -113.637623720286996, 37.134339605692702 ], [ -113.637623094161, 37.1343399437188 ], [ -113.637611804135005, 37.134345952991403 ], [ -113.637599874507998, 37.134352148464302 ], [ -113.637560360891996, 37.134371494818502 ], [ -113.637519903686993, 37.1343895592019 ], [ -113.637478568297993, 37.134406312411599 ], [ -113.637436421550007, 37.134421727364497 ], [ -113.637424589839995, 37.134425760039797 ], [ -113.637396867830006, 37.134434737056303 ], [ -113.637395444, 37.1344351825053 ], [ -113.637370175290002, 37.134442755138799 ], [ -113.637344695474994, 37.134449857257202 ], [ -113.637336156987999, 37.134452118877498 ], [ -113.637318065816999, 37.134456714449598 ], [ -113.637308507742006, 37.134459036226801 ], [ -113.637301791038993, 37.134460616782697 ], [ -113.637298925413006, 37.134461287820599 ], [ -113.637250673305999, 37.134471571817102 ], [ -113.637243736515003, 37.134472903150503 ], [ -113.637236789843001, 37.134474202256897 ], [ -113.637229832391, 37.134475466271603 ], [ -113.637222865956005, 37.134476695910898 ], [ -113.637215889640004, 37.134477891174598 ], [ -113.637152731786998, 37.134487091625402 ], [ -113.637137682311007, 37.134488856948799 ], [ -113.637123806035007, 37.134490347984602 ], [ -113.637122658886, 37.134490467582602 ], [ -113.637104997110001, 37.134492139089602 ], [ -113.637104353018003, 37.1344921956658 ], [ -113.637102520453993, 37.134492356800799 ], [ -113.637086018402997, 37.134493703173099 ], [ -113.637080994125, 37.134494074141699 ], [ -113.637063308991998, 37.134495216409697 ], [ -113.637060647284002, 37.134495384706199 ], [ -113.637050186402007, 37.134495952617499 ], [ -113.637049918705003, 37.1344959655083 ], [ -113.637045809810004, 37.134496147411802 ], [ -113.637044400354, 37.134496217595 ], [ -113.637039800080998, 37.1344964102408 ], [ -113.637037062914999, 37.134496549891097 ], [ -113.637035457625004, 37.134496622938997 ], [ -113.637023347436994, 37.134497031863802 ], [ -113.637013127304002, 37.134497307583601 ], [ -113.637012941353007, 37.134497314028998 ], [ -113.637007202015994, 37.1344974407885 ], [ -113.637006240819005, 37.134497456543897 ], [ -113.637004547494001, 37.134497493067897 ], [ -113.636986424881997, 37.134497735128399 ], [ -113.636985089087005, 37.134497741573803 ], [ -113.636977718409995, 37.134497782394703 ], [ -113.635482606468997, 37.134496120914001 ], [ -113.634710682348, 37.134495256514398 ], [ -113.634701820467996, 37.134495280147497 ], [ -113.634701640805005, 37.134495281579802 ], [ -113.634692601956999, 37.134495378260802 ], [ -113.634683564007005, 37.134495545124999 ], [ -113.634675241116, 37.134495760687798 ], [ -113.634628806059993, 37.134498068760799 ], [ -113.634582576027, 37.134502240315697 ], [ -113.634536668606998, 37.134508264741498 ], [ -113.634491200567993, 37.134516126714097 ], [ -113.634478096842997, 37.134518755720102 ], [ -113.634474556583001, 37.134519492643797 ], [ -113.634469353540993, 37.134520597671397 ], [ -113.634466263335995, 37.134521265844199 ], [ -113.634408837633003, 37.134535386275303 ], [ -113.634302928956004, 37.134564475773203 ], [ -113.634287309323994, 37.134570248491798 ], [ -113.634273439699001, 37.134578380110597 ], [ -113.634261873062002, 37.134588546422201 ], [ -113.634253070574005, 37.134600342096299 ], [ -113.634247383189006, 37.134613296839902 ], [ -113.634245037661003, 37.134626894148603 ], [ -113.634246127508007, 37.134640591898901 ], [ -113.634250609277004, 37.134653843963299 ], [ -113.634262986265, 37.1346798632648 ], [ -113.634167082125998, 37.1347402299862 ], [ -113.634109982511006, 37.1347761715557 ], [ -113.63407803842, 37.134800345289896 ], [ -113.634062324191007, 37.1347673070157 ], [ -113.634039042552999, 37.1347183586659 ], [ -113.634023168423994, 37.134684599905299 ], [ -113.634023126203004, 37.134684510386101 ], [ -113.634015350385994, 37.134667683637502 ], [ -113.634015289301004, 37.134667551149001 ], [ -113.634007611399994, 37.134650744448898 ], [ -113.634007531449996, 37.1346505675589 ], [ -113.633999954160004, 37.134633783055797 ], [ -113.633999854446998, 37.134633561047998 ], [ -113.633992375972994, 37.134616798025696 ], [ -113.633992256496995, 37.134616530900203 ], [ -113.633984877735003, 37.134599790075001 ], [ -113.633984740293002, 37.1345994778316 ], [ -113.633977460346003, 37.134582759203397 ], [ -113.633969984565994, 37.1345653831414 ], [ -113.633969953125003, 37.134565310809698 ], [ -113.633926873988997, 37.134460614116399 ], [ -113.633886827520001, 37.134355154890599 ], [ -113.633886480770002, 37.134354202402001 ], [ -113.633874148697998, 37.1343198283001 ], [ -113.633867935051001, 37.134302135636197 ], [ -113.633861810338004, 37.134284423631897 ], [ -113.633843941050003, 37.134231178021899 ], [ -113.633832255765, 37.134194961904903 ], [ -113.633789954996004, 37.1340525622849 ], [ -113.633780190308997, 37.134016645437299 ], [ -113.633780122036995, 37.1340163847551 ], [ -113.633775438220994, 37.133998666954497 ], [ -113.633757278778006, 37.1339265281065 ], [ -113.633752978543001, 37.133908553183197 ], [ -113.633749809286002, 37.133895056411397 ], [ -113.633748747477995, 37.133890489451602 ], [ -113.633740745284996, 37.133855221369402 ], [ -113.633736869054999, 37.133837570134197 ], [ -113.633733073673, 37.133819907436298 ], [ -113.633732828432002, 37.133818752983402 ], [ -113.633729362731998, 37.133802232559603 ], [ -113.633725735335005, 37.133784546220099 ], [ -113.633709648396007, 37.133700392914598 ], [ -113.633695441667001, 37.133616024698 ], [ -113.633683119642996, 37.133531468267499 ], [ -113.633672686224003, 37.133446750379399 ], [ -113.633664341458001, 37.133349385982498 ], [ -113.633657852344001, 37.133251931657199 ], [ -113.633623577123998, 37.132700895540701 ], [ -113.633619467331997, 37.132628194691698 ], [ -113.633617473071993, 37.132592295788498 ], [ -113.633586527009001, 37.1319673129629 ], [ -113.630738673522004, 37.132019365579502 ], [ -113.630741381942997, 37.132415948606599 ], [ -113.630742955791007, 37.133161127326701 ], [ -113.630744379621007, 37.133540800024797 ], [ -113.628374664324994, 37.133562995391799 ], [ -113.628366016244001, 37.1327678504734 ], [ -113.626883151035003, 37.132775852976899 ], [ -113.625241172629003, 37.132783770255003 ], [ -113.623834094686998, 37.132787379760103 ] ] ] } },
{ "type": "Feature", "properties": { "OBJECTID": 109, "CountyID": 27, "VistaID": "27WAS:23", "PrecinctID": "27WAS", "SubPrecinctID": "23", "VersionNbr": null, "EffectiveDate": 1744156800000, "AliasName": "WAS:23", "Comments": "formerly WAS23", "RcvdDate": 1744156800000, "GlobalID": "d19a7583-20dc-4732-b099-6c11d90ec39b", "Shape__Area": 2419782.83203125, "Shape__Length": 10637.671842223419 }, "geometry": { "type": "Polygon", "coordinates": [ [ [ -113.499256546756001, 37.103498533208999 ], [ -113.499043547219003, 37.103341532617598 ], [ -113.498930547241002, 37.103268533468501 ], [ -113.498813547064998, 37.1031985333154 ], [ -113.498566547192993, 37.103070533400398 ], [ -113.498436546598001, 37.103013533111202 ], [ -113.498303546529002, 37.102959533287901 ], [ -113.498037547289002, 37.102846533387002 ], [ -113.497904545422003, 37.102788533473799 ], [ -113.497772546975, 37.102729533343698 ], [ -113.497514545434996, 37.102608533139502 ], [ -113.497390546484993, 37.1025425330769 ], [ -113.497272546483998, 37.102469533157802 ], [ -113.497053546201002, 37.102311533121501 ], [ -113.496951546991994, 37.102225532799899 ], [ -113.496854546009004, 37.1021365332724 ], [ -113.496761546122997, 37.102043532913797 ], [ -113.496673546259004, 37.101946533858801 ], [ -113.496516546799, 37.101741533334803 ], [ -113.496390545503999, 37.1015245328608 ], [ -113.496338546524001, 37.101413533348698 ], [ -113.496258546158003, 37.101185533395402 ], [ -113.496256546507993, 37.1010855326588 ], [ -113.496211545403995, 37.100957533472297 ], [ -113.496158546599005, 37.100638532610603 ], [ -113.496211545403995, 37.100246533359602 ], [ -113.496349545496003, 37.0999595333383 ], [ -113.496363545739996, 37.099940532943997 ], [ -113.496576546175007, 37.099670533236697 ], [ -113.496949545546002, 37.099379532315602 ], [ -113.497500546089995, 37.099085533913602 ], [ -113.499002546312994, 37.098312532033198 ], [ -113.499291546018, 37.098094532250698 ], [ -113.499463545547002, 37.0979175322191 ], [ -113.499629547024995, 37.097680533205001 ], [ -113.499754546698, 37.0974105326085 ], [ -113.499814546075001, 37.097172532479 ], [ -113.499826546668004, 37.097080532722401 ], [ -113.499832546516004, 37.096928532256598 ], [ -113.499864546303002, 37.096589531571198 ], [ -113.499872545800997, 37.095225532268501 ], [ -113.499865546128007, 37.094660532153902 ], [ -113.499860086167999, 37.094256483512602 ], [ -113.499859545381995, 37.094216531595997 ], [ -113.499843545489, 37.092977532362902 ], [ -113.499845546036994, 37.092887532417102 ], [ -113.499855545184005, 37.0924445318105 ], [ -113.499848546410007, 37.092400531843403 ], [ -113.499837545641, 37.092155531705899 ], [ -113.499805545854002, 37.091403531098798 ], [ -113.499801545655998, 37.091288531228599 ], [ -113.499793546158003, 37.090999531731498 ], [ -113.499781545564005, 37.090579532049802 ], [ -113.499745545579003, 37.089346532056901 ], [ -113.499734545709003, 37.088933531430499 ], [ -113.501977110764003, 37.088904225904102 ], [ -113.504250967733, 37.088875868411002 ], [ -113.505720543265994, 37.088863257911498 ], [ -113.508192611707003, 37.088844413100396 ], [ -113.508627829291996, 37.088842397340201 ], [ -113.508833182369003, 37.088846427427299 ], [ -113.509152547826005, 37.088844531337301 ], [ -113.510165547428997, 37.088839530990803 ], [ -113.510358183955006, 37.0888395302742 ], [ -113.510358682520007, 37.088857242878703 ], [ -113.510357319776006, 37.088857251477798 ], [ -113.510357320674004, 37.088857292323297 ], [ -113.510358410330994, 37.088907334457403 ], [ -113.510358616044996, 37.088923004057698 ], [ -113.510358616044996, 37.088923074999798 ], [ -113.510358706774994, 37.088929948497999 ], [ -113.510362543479005, 37.089203601645004 ], [ -113.510368122916006, 37.089599493883 ], [ -113.510378428389004, 37.090337760636601 ], [ -113.510388566775006, 37.091063668745399 ], [ -113.510391116194, 37.091268357793602 ], [ -113.510399266608005, 37.091890314513499 ], [ -113.511081309792999, 37.0918858926307 ], [ -113.511159328475003, 37.091885357361498 ], [ -113.513524319530006, 37.091883646936203 ], [ -113.513508548706994, 37.091136238966698 ], [ -113.513451961133001, 37.091136635944103 ], [ -113.513403044271996, 37.088836530639398 ], [ -113.513403548227004, 37.088836528489701 ], [ -113.513933548854993, 37.088832530648503 ], [ -113.515523548941005, 37.088821530314 ], [ -113.515667549780005, 37.088820530674298 ], [ -113.516053548670996, 37.088813529613702 ], [ -113.516221548900006, 37.0888095296215 ], [ -113.516729548887994, 37.088799530356702 ], [ -113.516898548043997, 37.088796530003798 ], [ -113.517791847135996, 37.088777994025499 ], [ -113.517792414870996, 37.088777981843499 ], [ -113.517888036939993, 37.0887759976114 ], [ -113.517910548721005, 37.088775530396099 ], [ -113.517923549139994, 37.0906405308411 ], [ -113.517926489326001, 37.091031823097403 ], [ -113.517929930771999, 37.091489674835699 ], [ -113.517962809110998, 37.095864900930501 ], [ -113.517963550220998, 37.0959635321231 ], [ -113.517963891581005, 37.095996603813298 ], [ -113.517964550046003, 37.096060531673402 ], [ -113.518197595488999, 37.096057572449602 ], [ -113.518279550589, 37.096056531347301 ], [ -113.518286103798999, 37.096056448231003 ], [ -113.518286087628994, 37.096068772358997 ], [ -113.518309428555, 37.097340094988702 ], [ -113.513561609495994, 37.097408835205002 ], [ -113.513560484804998, 37.097408815142799 ], [ -113.513554892792996, 37.0960476508087 ], [ -113.513554952980002, 37.095999406838303 ], [ -113.513563674723002, 37.095999268550003 ], [ -113.513531811479993, 37.094555349434401 ], [ -113.51358081907, 37.094555378812203 ], [ -113.513580510948003, 37.094548847610703 ], [ -113.513552657784004, 37.093227746296897 ], [ -113.511180660768005, 37.093233593310998 ], [ -113.509024209114997, 37.093249251268702 ], [ -113.508976129483997, 37.093249598793399 ], [ -113.508930822953005, 37.093249950617299 ], [ -113.508931269415001, 37.093262391282103 ], [ -113.508932716600995, 37.093302816621602 ], [ -113.508932732771001, 37.093303223619301 ], [ -113.508933746969007, 37.093330837115197 ], [ -113.508942652867006, 37.093736217009898 ], [ -113.508952248669999, 37.094173019902897 ], [ -113.508897696678005, 37.094173267824701 ], [ -113.508840064363, 37.0941735300772 ], [ -113.508824076146993, 37.094173603163902 ], [ -113.508820106491996, 37.094173667652299 ], [ -113.508820018457001, 37.094173669801897 ], [ -113.508621824054003, 37.094176923596102 ], [ -113.508109667561996, 37.094185330006503 ], [ -113.507950178868995, 37.094187937483902 ], [ -113.507950146530007, 37.094187938200498 ], [ -113.507058655747002, 37.094202564148098 ], [ -113.506174104449997, 37.0942171256047 ], [ -113.505363422516993, 37.094230393710298 ], [ -113.505400550786007, 37.096030187083898 ], [ -113.505401362862997, 37.096069334109899 ], [ -113.504900181986002, 37.096080101956801 ], [ -113.504896197058997, 37.096080187939101 ], [ -113.504738781678995, 37.096083559876902 ], [ -113.504473680752994, 37.096099436500403 ], [ -113.504396880187002, 37.096104037266997 ], [ -113.504447165181006, 37.099615452719704 ], [ -113.504448605180997, 37.099719769350003 ], [ -113.504448608773998, 37.099720018686597 ], [ -113.504448624944004, 37.0997212732509 ], [ -113.50444862674, 37.099721311941103 ], [ -113.504449450495002, 37.099779127916797 ], [ -113.504424233886994, 37.100974735981801 ], [ -113.504423934748004, 37.100988864103897 ], [ -113.504412200055, 37.101546092795203 ], [ -113.504412180293002, 37.101552311013897 ], [ -113.504412114714995, 37.101553834222997 ], [ -113.504412101241002, 37.101555328057003 ], [ -113.504416059218002, 37.102630653751199 ], [ -113.504418631095007, 37.103326764427599 ], [ -113.504418637382997, 37.103326800250102 ], [ -113.504418646366005, 37.103359099975201 ], [ -113.504418648162996, 37.103379750212603 ], [ -113.502232137980997, 37.103388704402498 ], [ -113.502051234351001, 37.103389442345801 ], [ -113.501491317128995, 37.103392367610198 ], [ -113.500299972297995, 37.1033973834747 ], [ -113.500076352877997, 37.103416110034701 ], [ -113.500049497741998, 37.103418358969698 ], [ -113.499976489861993, 37.103431696392597 ], [ -113.499905213933999, 37.103450085496497 ], [ -113.499893623871003, 37.1034540001748 ], [ -113.499836213438996, 37.103473387286797 ], [ -113.499770015688, 37.103501422646701 ], [ -113.499681590023002, 37.103549080084001 ], [ -113.499461761492995, 37.103690236022999 ], [ -113.499457547495993, 37.1036855332652 ], [ -113.499440547776999, 37.103666533088997 ], [ -113.499352547014993, 37.103581533750699 ], [ -113.499256546756001, 37.103498533208999 ] ] ] } },
{ "type": "Feature", "properties": { "OBJECTID": 110, "CountyID": 27, "VistaID": "27STG:55", "PrecinctID": "27STG", "SubPrecinctID": "55", "VersionNbr": null, "EffectiveDate": 1744156800000, "AliasName": "STG:55", "Comments": "formerly STG55", "RcvdDate": 1744156800000, "GlobalID": "a4ddedb8-bd57-4803-a59a-deab31f2349a", "Shape__Area": 1676388.3222446442, "Shape__Length": 6363.4678034125563 }, "geometry": { "type": "Polygon", "coordinates": [ [ [ -113.623840083754999, 37.135729755237797 ], [ -113.623836980076007, 37.134215844362103 ], [ -113.623834087500995, 37.132792983803 ], [ -113.623834094686998, 37.132787379760103 ], [ -113.625241172629003, 37.132783770255003 ], [ -113.626883151035003, 37.132775852976899 ], [ -113.628366016244001, 37.1327678504734 ], [ -113.628374664324994, 37.133562995391799 ], [ -113.630744379621007, 37.133540800024797 ], [ -113.630742955791007, 37.133161127326701 ], [ -113.630741381942997, 37.132415948606599 ], [ -113.630738673522004, 37.132019365579502 ], [ -113.633586527009001, 37.1319673129629 ], [ -113.633617473071993, 37.132592295788498 ], [ -113.633619467331997, 37.132628194691698 ], [ -113.633623577123998, 37.132700895540701 ], [ -113.633657852344001, 37.133251931657199 ], [ -113.633664341458001, 37.133349385982498 ], [ -113.633672686224003, 37.133446750379399 ], [ -113.633683119642996, 37.133531468267499 ], [ -113.633695441667001, 37.1336160246981 ], [ -113.633709648396007, 37.133700392914598 ], [ -113.633725735335005, 37.133784546220099 ], [ -113.633729362731998, 37.133802232559603 ], [ -113.633732828432002, 37.133818752983402 ], [ -113.633733073673, 37.133819907436298 ], [ -113.633736869054999, 37.133837570134197 ], [ -113.633740745284996, 37.133855221369402 ], [ -113.633748747477995, 37.133890489451602 ], [ -113.633749809286002, 37.133895056411397 ], [ -113.633752978543001, 37.133908553183197 ], [ -113.633757278778006, 37.1339265281065 ], [ -113.633775438220994, 37.133998666954497 ], [ -113.633780122036995, 37.1340163847551 ], [ -113.633780190308997, 37.134016645437299 ], [ -113.633789954996004, 37.1340525622849 ], [ -113.633832255765, 37.134194961904903 ], [ -113.633843941050003, 37.134231178021899 ], [ -113.633861810338004, 37.134284423631897 ], [ -113.633867935051001, 37.134302135636197 ], [ -113.633874148697998, 37.1343198283001 ], [ -113.633886480770002, 37.134354202402001 ], [ -113.633886827520001, 37.134355154890599 ], [ -113.633926873988997, 37.134460614116399 ], [ -113.633969953125003, 37.134565310809698 ], [ -113.633969984565994, 37.1345653831414 ], [ -113.633977460346003, 37.134582759203397 ], [ -113.633984740293002, 37.1345994778316 ], [ -113.633984877735003, 37.134599790075001 ], [ -113.633992256496995, 37.134616530900203 ], [ -113.633992375972994, 37.134616798025696 ], [ -113.633999854446998, 37.134633561047998 ], [ -113.633999954160004, 37.134633783055797 ], [ -113.634007531449996, 37.1346505675589 ], [ -113.634007611399994, 37.134650744448898 ], [ -113.634015289301004, 37.134667551149001 ], [ -113.634015350385994, 37.134667683637502 ], [ -113.634023126203004, 37.134684510386101 ], [ -113.634023168423994, 37.134684599905299 ], [ -113.634039042552999, 37.1347183586659 ], [ -113.634062324191007, 37.1347673070157 ], [ -113.63407803842, 37.134800345289896 ], [ -113.634109982511006, 37.1347761715557 ], [ -113.634167082125998, 37.1347402299862 ], [ -113.634262986265, 37.1346798632648 ], [ -113.634250609277004, 37.134653843963299 ], [ -113.634246127508007, 37.134640591898901 ], [ -113.634245037661003, 37.134626894148603 ], [ -113.634247383189006, 37.134613296839902 ], [ -113.634253070574005, 37.134600342096299 ], [ -113.634261873062002, 37.134588546422201 ], [ -113.634273439699001, 37.134578380110597 ], [ -113.634287309323994, 37.134570248491798 ], [ -113.634302928956004, 37.134564475773203 ], [ -113.634408837633003, 37.134535386275303 ], [ -113.634466263335995, 37.134521265844199 ], [ -113.634469353540993, 37.134520597671397 ], [ -113.634474556583001, 37.134519492643797 ], [ -113.634478096842997, 37.134518755720102 ], [ -113.634491200567993, 37.134516126714097 ], [ -113.634536668606998, 37.134508264741498 ], [ -113.634582576027, 37.134502240315697 ], [ -113.634628806059993, 37.134498068760799 ], [ -113.634675241116, 37.134495760687798 ], [ -113.634683564007005, 37.134495545124999 ], [ -113.634692601956999, 37.134495378260802 ], [ -113.634701640805005, 37.134495281579802 ], [ -113.634701820467996, 37.134495280147497 ], [ -113.634710682348, 37.134495256514398 ], [ -113.635482606468997, 37.134496120914001 ], [ -113.636977718409995, 37.134497782394703 ], [ -113.636985089087005, 37.134497741573803 ], [ -113.636986424881997, 37.134497735128399 ], [ -113.637004547494001, 37.134497493067897 ], [ -113.637006240819005, 37.134497456543897 ], [ -113.637007202015994, 37.1344974407885 ], [ -113.637012941353007, 37.134497314028998 ], [ -113.637013127304002, 37.134497307583601 ], [ -113.637023347436994, 37.134497031863802 ], [ -113.637035457625004, 37.134496622938997 ], [ -113.637035873545003, 37.134506557446798 ], [ -113.637035823239003, 37.1345065610276 ], [ -113.637038218148007, 37.134563520422702 ], [ -113.637038239708005, 37.134564003111102 ], [ -113.637082593125996, 37.135618608208901 ], [ -113.637083062046997, 37.135629757150802 ], [ -113.637147016705001, 37.135629548036597 ], [ -113.637148002157005, 37.135894842670901 ], [ -113.637148513298996, 37.136032149210301 ], [ -113.637149532885999, 37.1363067894709 ], [ -113.637150456355002, 37.1365547075577 ], [ -113.637151378026005, 37.136802622683803 ], [ -113.637152299696993, 37.1370505412943 ], [ -113.637153253707993, 37.137307097038999 ], [ -113.637154203227993, 37.137562418027997 ], [ -113.637154244550004, 37.137573364019701 ], [ -113.637154427805996, 37.137574354422398 ], [ -113.637202687997998, 37.137834310695503 ], [ -113.637253122112995, 37.138105968930297 ], [ -113.637303555330007, 37.1383776218929 ], [ -113.637353595983001, 37.138647161337502 ], [ -113.637379062323006, 37.138784331116703 ], [ -113.637417233535999, 37.1389899360097 ], [ -113.637434900702999, 37.139085098763999 ], [ -113.63743669374, 37.139084883930401 ], [ -113.637442810368995, 37.139084150631597 ], [ -113.637721942978999, 37.139050681696197 ], [ -113.637721995979007, 37.139050674535099 ], [ -113.637722122642003, 37.139056969162397 ], [ -113.637725927006997, 37.139251268795697 ], [ -113.637726064448998, 37.139272157734602 ], [ -113.637726086008996, 37.139277751271599 ], [ -113.637726204586002, 37.139304453583897 ], [ -113.637726756152006, 37.139429618757298 ], [ -113.637727033730997, 37.1394943957797 ], [ -113.637727974268003, 37.139716446984501 ], [ -113.637728912108997, 37.139938499685698 ], [ -113.637729095365003, 37.139982167691599 ], [ -113.637730153579994, 37.140232126796498 ], [ -113.637730797672006, 37.140392615638703 ], [ -113.637731763361003, 37.140627605520599 ], [ -113.637731870261007, 37.140642251859703 ], [ -113.637732567354007, 37.140806772166997 ], [ -113.637733473753997, 37.141021462373303 ], [ -113.637733969623994, 37.141126099343403 ], [ -113.637734484358006, 37.141255394066803 ], [ -113.637735090720994, 37.141407700126003 ], [ -113.637735120366003, 37.141414833814601 ], [ -113.637736350159003, 37.141704604077901 ], [ -113.637736520838999, 37.141745052970101 ], [ -113.637736837944004, 37.141784348941499 ], [ -113.637736923283995, 37.141804652854503 ], [ -113.637739126851997, 37.142077282879399 ], [ -113.637739128647993, 37.142077587930999 ], [ -113.637741370843003, 37.142354804903697 ], [ -113.637743558240999, 37.142626776301803 ], [ -113.637743628310005, 37.142635223163197 ], [ -113.637745226413003, 37.142832481743199 ], [ -113.637734848175995, 37.142931129816297 ], [ -113.637286977819997, 37.142942544060702 ], [ -113.635330463301003, 37.142961773549899 ], [ -113.633552675793993, 37.142983348896401 ], [ -113.630841495588001, 37.142999819338399 ], [ -113.630820837928994, 37.141270900310097 ], [ -113.6307985121, 37.139402301351403 ], [ -113.628909932674006, 37.139411999615298 ], [ -113.627920494083995, 37.139433772904098 ], [ -113.625977629466007, 37.1394549775965 ], [ -113.623857315238993, 37.1394780835505 ], [ -113.623843737203998, 37.1375036734375 ], [ -113.623840145738995, 37.135759924220999 ], [ -113.623840083754999, 37.135729755237797 ] ] ] } },
{ "type": "Feature", "properties": { "OBJECTID": 112, "CountyID": 27, "VistaID": "27STG:60", "PrecinctID": "27STG", "SubPrecinctID": "60", "VersionNbr": null, "EffectiveDate": 1744156800000, "AliasName": "STG:60", "Comments": "formerly STG60", "RcvdDate": 1744156800000, "GlobalID": "b4c33edd-0945-491b-bc8d-84497050766a", "Shape__Area": 4026971.1008214951, "Shape__Length": 11460.682821576702 }, "geometry": { "type": "Polygon", "coordinates": [ [ [ -113.634511362357003, 37.098506211886402 ], [ -113.634547698312005, 37.098538816028103 ], [ -113.634625277718001, 37.098606075594603 ], [ -113.634705781139999, 37.098670533608299 ], [ -113.634788773794, 37.098732199390902 ], [ -113.634874262867001, 37.098791072232501 ], [ -113.640172274883994, 37.102258730003101 ], [ -113.640275944061003, 37.102331001485801 ], [ -113.640376480813003, 37.1024060771203 ], [ -113.640473666849005, 37.102483962630203 ], [ -113.640567288368999, 37.102564658723097 ], [ -113.640657561869006, 37.102648163957099 ], [ -113.640744057053993, 37.102734485487602 ], [ -113.640826774824006, 37.102823623304801 ], [ -113.640905424124, 37.102912836244897 ], [ -113.640980291516001, 37.103004864741898 ], [ -113.641050958386003, 37.103099718099401 ], [ -113.641117413055994, 37.1031973955903 ], [ -113.641179799255994, 37.103295146749701 ], [ -113.641237767541, 37.103395727043001 ], [ -113.641291446371, 37.103496386012097 ], [ -113.641340494385005, 37.103599876249099 ], [ -113.641385040941998, 37.103703450169 ], [ -113.641421110996006, 37.103804315065602 ], [ -113.641486560451, 37.104016816906203 ], [ -113.641513163238997, 37.104099707795399 ], [ -113.641536073181996, 37.104183297180803 ], [ -113.641555261609, 37.104267480449302 ], [ -113.641570704505, 37.1043521522448 ], [ -113.641582382544996, 37.104437206599997 ], [ -113.641590281112002, 37.104522537069599 ], [ -113.641594390322993, 37.104608036862601 ], [ -113.641594705033995, 37.104693598976901 ], [ -113.641596530410993, 37.104717399741403 ], [ -113.641612054096001, 37.104805629597102 ], [ -113.641632717630003, 37.104893186346999 ], [ -113.641658476090996, 37.104979879649399 ], [ -113.641689273481006, 37.105065521040203 ], [ -113.641725042849004, 37.105149924342697 ], [ -113.641765706431997, 37.105232906072303 ], [ -113.641811175830995, 37.105314285835199 ], [ -113.641861352196003, 37.105393886721103 ], [ -113.641916126447001, 37.105471535687002 ], [ -113.641975379507002, 37.105547063933599 ], [ -113.642038982561999, 37.105620307272602 ], [ -113.642106797343004, 37.1056911064831 ], [ -113.642178676422006, 37.105759307657699 ], [ -113.642254463537995, 37.105824762537303 ], [ -113.642333993931999, 37.105887328833198 ], [ -113.642417094711007, 37.105946870536499 ], [ -113.642473039091996, 37.105983907580999 ], [ -113.642514607733006, 37.106010959076698 ], [ -113.642615031296998, 37.1060692087039 ], [ -113.642680228325005, 37.106104769855001 ], [ -113.642770951881005, 37.106154254683801 ], [ -113.642854938970004, 37.106200049900998 ], [ -113.642915417148004, 37.106228522702601 ], [ -113.642968921705005, 37.106253110333398 ], [ -113.643028029952006, 37.106278616409703 ], [ -113.643113722942005, 37.10631390164 ], [ -113.643169415795001, 37.106335569107401 ], [ -113.643250234525993, 37.106364076246201 ], [ -113.643338086168001, 37.106391362592397 ], [ -113.643386058898997, 37.106405039075398 ], [ -113.643425281141006, 37.106414881269899 ], [ -113.643484422626003, 37.106429675365497 ], [ -113.643537668467005, 37.106442923421803 ], [ -113.643601351835002, 37.106456760373703 ], [ -113.643647277305007, 37.1064658911558 ], [ -113.643713135493996, 37.1064776003345 ], [ -113.643768850803994, 37.1064856464534 ], [ -113.643786319442995, 37.106488168969904 ], [ -113.643792681311993, 37.106489087420996 ], [ -113.643801175780993, 37.106490325395598 ], [ -113.643807357089003, 37.106491235965898 ], [ -113.643812648166005, 37.1064920154314 ], [ -113.643850810396003, 37.106496459387103 ], [ -113.643845987340995, 37.106524144015196 ], [ -113.645212699485995, 37.106529289344401 ], [ -113.645213516054, 37.1065299563314 ], [ -113.645208575319998, 37.107220524102999 ], [ -113.645205574946999, 37.107560523892701 ], [ -113.645207559325002, 37.108227935257801 ], [ -113.645207576394, 37.1082335239253 ], [ -113.645202576371005, 37.109281525398302 ], [ -113.645200872266997, 37.109396769471402 ], [ -113.645189575952003, 37.110160525044201 ], [ -113.645196534302002, 37.110160478479202 ], [ -113.645487575877993, 37.1101585241788 ], [ -113.646469576417005, 37.110168524206898 ], [ -113.646469778538005, 37.110176850040503 ], [ -113.646498985462998, 37.111377725539398 ], [ -113.646512576074997, 37.111936524736997 ], [ -113.646516156759006, 37.1122778558533 ], [ -113.646521576295996, 37.112794524972003 ], [ -113.646536576363999, 37.113659524996002 ], [ -113.644476575924003, 37.113655524882802 ], [ -113.642632243915997, 37.113649589900703 ], [ -113.641993712428999, 37.113647528953898 ], [ -113.641992576060005, 37.113647525372201 ], [ -113.642020575648999, 37.115070525233797 ], [ -113.642064343366997, 37.117279777183299 ], [ -113.642064576029995, 37.117291525520201 ], [ -113.641086575689002, 37.117309525879698 ], [ -113.640939576273993, 37.117347525828997 ], [ -113.640932016053, 37.117341561767198 ], [ -113.640638623586, 37.117110141340099 ], [ -113.640636575426996, 37.117108525322202 ], [ -113.640601575266999, 37.117106525356803 ], [ -113.640466575548004, 37.117179526210897 ], [ -113.640374575486007, 37.117235525886201 ], [ -113.640232576093993, 37.1173205256597 ], [ -113.639956575910006, 37.117462525540198 ], [ -113.639884986469994, 37.117486388909299 ], [ -113.639884575040995, 37.1174865264421 ], [ -113.639814739113007, 37.117288984022899 ], [ -113.639814646586004, 37.117288722566698 ], [ -113.639814576518006, 37.117288526295503 ], [ -113.639814573823003, 37.117288474720503 ], [ -113.639798574828006, 37.116987526600198 ], [ -113.639784623093007, 37.1167285345172 ], [ -113.639782575832996, 37.116690526377702 ], [ -113.639776266964006, 37.116578817723699 ], [ -113.639765575216003, 37.116389525021397 ], [ -113.639745575123996, 37.116076525378503 ], [ -113.639668575130997, 37.115970525691303 ], [ -113.639568575572, 37.1158325258763 ], [ -113.639361574985003, 37.115546525458697 ], [ -113.639244649369004, 37.115387137937702 ], [ -113.638780575202006, 37.114754525111302 ], [ -113.638621241918003, 37.114539439457602 ], [ -113.638157575586007, 37.113913525303502 ], [ -113.638065897120995, 37.1139533851686 ], [ -113.638065574625998, 37.113953524856903 ], [ -113.637975229261002, 37.113839181724103 ], [ -113.637873575005003, 37.113710525704199 ], [ -113.637862532016001, 37.1137162185546 ], [ -113.637582574752003, 37.113860525397101 ], [ -113.637390521233002, 37.113948093492098 ], [ -113.637389575306997, 37.1139485254511 ], [ -113.637383575458998, 37.113712525043098 ], [ -113.637309574042007, 37.113711525731802 ], [ -113.636905360011994, 37.113714164056702 ], [ -113.636696574471998, 37.113715525841997 ], [ -113.635753575189, 37.1137215252907 ], [ -113.635749981030003, 37.113717071729901 ], [ -113.635517806953004, 37.113717654840499 ], [ -113.635469453336, 37.113718158436001 ], [ -113.635470036342994, 37.113718646988097 ], [ -113.634366467695003, 37.113711573011102 ], [ -113.634365580158999, 37.111528436913297 ], [ -113.634566256607002, 37.110054156016297 ], [ -113.634497782523994, 37.109970769270703 ], [ -113.632603477236998, 37.108964538279899 ], [ -113.632587692041, 37.108889866030097 ], [ -113.632498778591, 37.108887303475299 ], [ -113.632359601705005, 37.108803386026302 ], [ -113.632241493907003, 37.1087948787928 ], [ -113.632289952627005, 37.109341017601899 ], [ -113.631409948601004, 37.109281791896798 ], [ -113.630369675248005, 37.1093430722185 ], [ -113.630050169653998, 37.109413420590997 ], [ -113.627513579717998, 37.109090660590702 ], [ -113.626207679027004, 37.108429764625299 ], [ -113.625024928377997, 37.107831171767103 ], [ -113.624539167083, 37.108413774528699 ], [ -113.624123378259995, 37.1082383152348 ], [ -113.624594348794005, 37.107422808210899 ], [ -113.624098519181004, 37.106988992504803 ], [ -113.623824365933004, 37.106794466040903 ], [ -113.623538622620998, 37.106642648408602 ], [ -113.623253050887001, 37.106490551067999 ], [ -113.622967064131004, 37.106338684109801 ], [ -113.622659403723006, 37.105895423997502 ], [ -113.622562915678003, 37.105857214836099 ], [ -113.622421368139001, 37.1058011630439 ], [ -113.622484251106997, 37.105668803762697 ], [ -113.622366964368993, 37.105554846455398 ], [ -113.621837305998994, 37.1056003038805 ], [ -113.621442110155996, 37.105545210480699 ], [ -113.621338852408002, 37.105644607112197 ], [ -113.621165814426007, 37.105659988829402 ], [ -113.621030395193998, 37.105649668679 ], [ -113.619902609761994, 37.105561538621103 ], [ -113.619331232731994, 37.105287733918601 ], [ -113.618922501073996, 37.105150863793902 ], [ -113.618663940782994, 37.105064281369401 ], [ -113.618212075618004, 37.104843428823798 ], [ -113.617533809850002, 37.1043696589456 ], [ -113.617756448310004, 37.104113963763297 ], [ -113.617429059998997, 37.103871013279402 ], [ -113.617292157647995, 37.103743581926302 ], [ -113.617071868283006, 37.103073501664298 ], [ -113.617057221251997, 37.1029136286434 ], [ -113.617034730132005, 37.102679743932804 ], [ -113.616457303847, 37.102123069524303 ], [ -113.616429193765995, 37.102161552824803 ], [ -113.616046539302005, 37.101678098897999 ], [ -113.616062443076004, 37.101637933805499 ], [ -113.616323717178005, 37.101523103508299 ], [ -113.616547830672005, 37.101414260564198 ], [ -113.616785620117, 37.101273266605098 ], [ -113.616965479007007, 37.1011457047831 ], [ -113.617181308236994, 37.100962080208397 ], [ -113.617295453566996, 37.100848286340899 ], [ -113.617514865279006, 37.1006231620538 ], [ -113.617874083594003, 37.1002537010202 ], [ -113.618223319831003, 37.099893936496997 ], [ -113.619287826136997, 37.098790720434302 ], [ -113.619274324458999, 37.098823838179001 ], [ -113.619278114451006, 37.098841461754198 ], [ -113.619300967591997, 37.098866914439803 ], [ -113.619333333891007, 37.098887569484198 ], [ -113.619436985101999, 37.098962954473301 ], [ -113.619534084899001, 37.099049493000798 ], [ -113.620000885454004, 37.0987267468727 ], [ -113.620081753592004, 37.098682405203299 ], [ -113.620114145054998, 37.098752808476597 ], [ -113.620151383487993, 37.098821670014701 ], [ -113.620193354196999, 37.098888777728597 ], [ -113.620239927911996, 37.098953924931799 ], [ -113.620290961185006, 37.099016910976097 ], [ -113.620346296834995, 37.0990775418705 ], [ -113.620405764428995, 37.099135630877598 ], [ -113.620469180805003, 37.0991909990897 ], [ -113.620543896062998, 37.099248988406003 ], [ -113.620622959474005, 37.099303186105502 ], [ -113.620706069107996, 37.099353385224397 ], [ -113.620792907582, 37.099399394068598 ], [ -113.621114507149002, 37.099561124472999 ], [ -113.621394424886006, 37.099724202955798 ], [ -113.621464747467996, 37.099768699660601 ], [ -113.621532507249995, 37.099815657846896 ], [ -113.621597568905003, 37.099864983726903 ], [ -113.621659802492005, 37.099916578784303 ], [ -113.621740028114999, 37.099981577759102 ], [ -113.621816953076006, 37.1000490672075 ], [ -113.621890455937006, 37.100118940580202 ], [ -113.621960420663001, 37.100191087565001 ], [ -113.622026736804003, 37.1002653942599 ], [ -113.622089299668005, 37.100341743354299 ], [ -113.622148010491998, 37.100420014313002 ], [ -113.622202776589006, 37.100500083567397 ], [ -113.622339940350003, 37.100706151416396 ], [ -113.622445283088993, 37.100865055408597 ], [ -113.622449491696003, 37.100871403364899 ], [ -113.622570943024002, 37.100825899396902 ], [ -113.622597952668997, 37.1007840221951 ], [ -113.622643216979995, 37.100736380930101 ], [ -113.622743155454003, 37.100706895834101 ], [ -113.622875639889998, 37.100691686498102 ], [ -113.623023880776003, 37.100682901794102 ], [ -113.623212810854, 37.100684577629998 ], [ -113.623379458220001, 37.100692066230103 ], [ -113.623555912494993, 37.100699995461703 ], [ -113.623698647607, 37.100706409347502 ], [ -113.623852926070995, 37.100711467661903 ], [ -113.623977673317995, 37.100707223979697 ], [ -113.624099384258997, 37.100694852602402 ], [ -113.624193675024003, 37.100679517880799 ], [ -113.624306475576006, 37.100655584016103 ], [ -113.624373080265002, 37.100644608324998 ], [ -113.624457098795006, 37.100636283592998 ], [ -113.624537011125994, 37.100633914923897 ], [ -113.624611035898994, 37.1006364985357 ], [ -113.624779681118, 37.100659945919602 ], [ -113.624970996222999, 37.100692248214798 ], [ -113.624559085426995, 37.100950576521299 ], [ -113.624507054107994, 37.101596202495301 ], [ -113.626160972920005, 37.102065940275402 ], [ -113.628027524757002, 37.101578316617598 ], [ -113.634511362357003, 37.098506211886402 ] ] ] } },
{ "type": "Feature", "properties": { "OBJECTID": 116, "CountyID": 27, "VistaID": "27STG:58", "PrecinctID": "27STG", "SubPrecinctID": "58", "VersionNbr": null, "EffectiveDate": 1744156800000, "AliasName": "STG:58", "Comments": "formerly STG58", "RcvdDate": 1744156800000, "GlobalID": "4762b597-78c8-43bd-9fc1-33af6ae3aea7", "Shape__Area": 17325955.208086014, "Shape__Length": 24221.122122225403 }, "geometry": { "type": "Polygon", "coordinates": [ [ [ -113.597834326099004, 37.204965665810498 ], [ -113.597699737808, 37.1966800569109 ], [ -113.597677394911003, 37.195304438682697 ], [ -113.597479165473004, 37.183097783074601 ], [ -113.597485983685999, 37.183097809555299 ], [ -113.602009038871003, 37.183097447413601 ], [ -113.605496132615997, 37.183097184037699 ], [ -113.605985084726996, 37.183097115331002 ], [ -113.606470934954999, 37.183097070242198 ], [ -113.606538722723997, 37.183097063085299 ], [ -113.606538808962995, 37.183097063085299 ], [ -113.606538808962995, 37.183097034457496 ], [ -113.606538844894999, 37.183097034457496 ], [ -113.606538585281996, 37.183060002231898 ], [ -113.606533576275993, 37.182419746870501 ], [ -113.606533507105993, 37.182417725013401 ], [ -113.606533501716001, 37.182417075156302 ], [ -113.606533431646994, 37.1824083056636 ], [ -113.606519499675997, 37.180009007793501 ], [ -113.606519550879995, 37.180009018529297 ], [ -113.606515262322006, 37.179459749545003 ], [ -113.606482105504995, 37.175835187556999 ], [ -113.606482088437005, 37.1758342699476 ], [ -113.606470564849005, 37.174359696523801 ], [ -113.606460865738995, 37.173112508238198 ], [ -113.606454465241995, 37.172289268900997 ], [ -113.606451640041001, 37.171922017316703 ], [ -113.606425728136003, 37.168619012790501 ], [ -113.606425397555995, 37.168573331218802 ], [ -113.606409408443, 37.168573325492197 ], [ -113.606409407544007, 37.168573281110497 ], [ -113.606409309628006, 37.168555028803702 ], [ -113.606346206572994, 37.168555512706902 ], [ -113.605744685675006, 37.168560150588497 ], [ -113.605744682980003, 37.168560105490997 ], [ -113.605740367473999, 37.163334441164302 ], [ -113.605738082158993, 37.160540611160599 ], [ -113.605737686900994, 37.160099680166702 ], [ -113.605737693188999, 37.160098716547701 ], [ -113.605737583595001, 37.159950206680797 ], [ -113.605737914174995, 37.159950307624698 ], [ -113.605884573127994, 37.159995532643897 ], [ -113.606331573017002, 37.160142533277998 ], [ -113.606988572968007, 37.160353533201501 ], [ -113.607276790239993, 37.1604461691187 ], [ -113.608497573761994, 37.160838532472397 ], [ -113.608952574046, 37.161034533693503 ], [ -113.609492573821001, 37.161301532555903 ], [ -113.610360574558001, 37.162134532534203 ], [ -113.610430574877995, 37.162243533726503 ], [ -113.611180574716002, 37.163406532636799 ], [ -113.611812574552005, 37.164425534017496 ], [ -113.612226849714006, 37.164822618627099 ], [ -113.612858146169003, 37.1654277096291 ], [ -113.613113575832003, 37.165672532806099 ], [ -113.614146576425, 37.166593533689003 ], [ -113.615020575212995, 37.167372533643501 ], [ -113.615215576105001, 37.167542533556897 ], [ -113.615589577096998, 37.167866533941201 ], [ -113.616571575839998, 37.1687195334829 ], [ -113.616910576671998, 37.169033533709403 ], [ -113.619780576324999, 37.168944532560303 ], [ -113.621487577485993, 37.168920533664199 ], [ -113.624437577505006, 37.168880533100896 ], [ -113.626610578821001, 37.168851533395099 ], [ -113.628318578909003, 37.168828533052803 ], [ -113.629553579168004, 37.168805531987601 ], [ -113.630960579855, 37.1687805330317 ], [ -113.632849579692007, 37.168745531759299 ], [ -113.633187578903005, 37.168734532296902 ], [ -113.633258579946002, 37.168732532264301 ], [ -113.633589985523002, 37.168595302271598 ], [ -113.633613580672005, 37.168585532587798 ], [ -113.633613607621001, 37.1685956286912 ], [ -113.633633579865005, 37.1757675327977 ], [ -113.633634170956, 37.175806819677099 ], [ -113.629131043998001, 37.175814161986601 ], [ -113.629157511958994, 37.179448302879699 ], [ -113.629119181744997, 37.183026485486302 ], [ -113.629129300368007, 37.1862972313642 ], [ -113.62912951237, 37.186297278597998 ], [ -113.629181520334001, 37.186308924611602 ], [ -113.629348901623999, 37.186346406112797 ], [ -113.629433235462997, 37.186433684914903 ], [ -113.629687660808997, 37.186696995693403 ], [ -113.630074837392002, 37.187097692555 ], [ -113.630434154522007, 37.187469547165101 ], [ -113.630925833020001, 37.188100804818603 ], [ -113.630925874341997, 37.1881008592078 ], [ -113.630925939020997, 37.188100942223002 ], [ -113.631098155941999, 37.188322225201297 ], [ -113.631146127774997, 37.188383841553701 ], [ -113.631390574635006, 37.188697843784603 ], [ -113.631674951609995, 37.1890629098394 ], [ -113.631728822678994, 37.189132067696697 ], [ -113.631710462013004, 37.189167584802703 ], [ -113.631464030775007, 37.189644286725198 ], [ -113.631209458103996, 37.190136468262402 ], [ -113.631210120163004, 37.190151925836197 ], [ -113.631210987036994, 37.190172281881601 ], [ -113.631210975358997, 37.190172336269299 ], [ -113.631285269626005, 37.191940150395503 ], [ -113.634020534563007, 37.1938969386335 ], [ -113.634026337679998, 37.193901089787403 ], [ -113.638269224498003, 37.193917107615199 ], [ -113.638262266146995, 37.197522187364299 ], [ -113.634464693978998, 37.197529770852697 ], [ -113.634299652799996, 37.197576810932702 ], [ -113.633687524595999, 37.197751281652899 ], [ -113.633564240704999, 37.197786419753101 ], [ -113.632870849103, 37.198370193110698 ], [ -113.632874990337001, 37.198426640717798 ], [ -113.632877198396002, 37.198456720999097 ], [ -113.632890627310999, 37.198639754794399 ], [ -113.632887771566999, 37.198654989523099 ], [ -113.632813271584993, 37.199052493855298 ], [ -113.632800201097993, 37.199122244334802 ], [ -113.632416922304998, 37.199269000695999 ], [ -113.632089317500999, 37.199318667160497 ], [ -113.631531457421005, 37.199403239820199 ], [ -113.631446753476993, 37.199473524483999 ], [ -113.631054293003999, 37.199799170324397 ], [ -113.630311326975004, 37.200854706526698 ], [ -113.630050276553007, 37.2010710829814 ], [ -113.629674524744999, 37.201198429124098 ], [ -113.629154393907001, 37.201374703890998 ], [ -113.629152162492005, 37.202873055701801 ], [ -113.629152141831, 37.202922612468797 ], [ -113.629149971500993, 37.208102606626397 ], [ -113.629150380233995, 37.208131674971398 ], [ -113.629171021722996, 37.209597681924897 ], [ -113.629170564481001, 37.209596681018702 ], [ -113.628992331541994, 37.209205681978702 ], [ -113.625175882175995, 37.200996281976899 ], [ -113.625174391870999, 37.200996573911397 ], [ -113.625173027330007, 37.200996845095503 ], [ -113.625160797665998, 37.200985649981902 ], [ -113.625159357667002, 37.2009846181939 ], [ -113.625158990255997, 37.200984356311501 ], [ -113.625143532045996, 37.2009757871757 ], [ -113.625129581327002, 37.200970970345097 ], [ -113.625114780567003, 37.200968196162599 ], [ -113.625112897698003, 37.2009680036861 ], [ -113.625112223962006, 37.2009679364267 ], [ -113.625107223040999, 37.200967608715899 ], [ -113.625106252859993, 37.200967575801698 ], [ -113.625100812663007, 37.200967543603099 ], [ -113.625095379651995, 37.200967778295499 ], [ -113.625093573140006, 37.200967913529901 ], [ -113.625092945218, 37.2009679664788 ], [ -113.625092291244002, 37.200968020858802 ], [ -113.625092224769006, 37.200968027298501 ], [ -113.625092101700005, 37.200968039462403 ], [ -113.625089094139994, 37.200968382914802 ], [ -113.625089042037999, 37.2009683893546 ], [ -113.625086181802004, 37.200968797919799 ], [ -113.625086072206997, 37.200968815807997 ], [ -113.625081331798, 37.200969677301003 ], [ -113.625074353683999, 37.200971368088503 ], [ -113.624997108450998, 37.200990644350803 ], [ -113.624951482119997, 37.200999884647999 ], [ -113.624950755382997, 37.2010000313308 ], [ -113.624946607861006, 37.201000796943099 ], [ -113.62494625123, 37.201000859193798 ], [ -113.624944973826004, 37.201001062403002 ], [ -113.624943897644002, 37.201001254879401 ], [ -113.624942816971, 37.201001447355701 ], [ -113.624941975249001, 37.2010016305303 ], [ -113.624941934825003, 37.201001637685501 ], [ -113.624941125443002, 37.201001787230297 ], [ -113.624940434639001, 37.201001903860998 ], [ -113.624940272043006, 37.201001931051003 ], [ -113.624939410558994, 37.201002036233199 ], [ -113.624939095249999, 37.201002092044199 ], [ -113.624938778144994, 37.201002147855199 ], [ -113.624938464633004, 37.201002202235102 ], [ -113.624935814603006, 37.201002718844499 ], [ -113.62493571489, 37.2010027353016 ], [ -113.624927418050007, 37.201004160628401 ], [ -113.624904263974003, 37.2010078763522 ], [ -113.624904009749997, 37.201007915706001 ], [ -113.624902477223998, 37.201008141812103 ], [ -113.624901442365001, 37.201008297796598 ], [ -113.624900408404002, 37.2010084537811 ], [ -113.624900126333003, 37.201008502436899 ], [ -113.624836101027995, 37.201016698139 ], [ -113.624771619637002, 37.201022173980199 ], [ -113.624770134721999, 37.2010222669985 ], [ -113.624762866452997, 37.201022709908699 ], [ -113.624756346481007, 37.201023080550797 ], [ -113.624741049069996, 37.201023822550503 ], [ -113.624711918502001, 37.201024800673601 ], [ -113.624707044242996, 37.2010249094334 ], [ -113.624704633164995, 37.201024954511503 ], [ -113.624700237707998, 37.201025031788198 ], [ -113.624697346928997, 37.201025076866401 ], [ -113.624693432070998, 37.201025121228902 ], [ -113.624690043626003, 37.2010251577207 ], [ -113.624689539670996, 37.201025162729401 ], [ -113.624493116745995, 37.201025460387903 ], [ -113.624492698130993, 37.201025460387903 ], [ -113.624326047170996, 37.201025682916303 ], [ -113.624323895705999, 37.201025718692499 ], [ -113.624323178851, 37.201025745882497 ], [ -113.624322198789002, 37.2010257866675 ], [ -113.624317466464007, 37.201026185214999 ], [ -113.624313832778, 37.201026678927398 ], [ -113.624309996972002, 37.201027309305204 ], [ -113.624306215065005, 37.201028117848701 ], [ -113.624300747020001, 37.201029631900198 ], [ -113.62430021342, 37.201029791462297 ], [ -113.624300408354998, 37.200948149273003 ], [ -113.624300552085003, 37.200888548794801 ], [ -113.624300499084995, 37.200888548794801 ], [ -113.624280560079001, 37.200888581709002 ], [ -113.624280394788997, 37.200888581709002 ], [ -113.624278449936, 37.200377734789797 ], [ -113.624279353296004, 37.200345926226099 ], [ -113.624282302574002, 37.2003141963555 ], [ -113.624287290015999, 37.200282628612698 ], [ -113.624294302506001, 37.2002513060064 ], [ -113.624301506994001, 37.200226000475702 ], [ -113.624301730675, 37.200225283511699 ], [ -113.624302079220996, 37.200224180875502 ], [ -113.624302144797994, 37.200223971939998 ], [ -113.624302270561998, 37.2001917064091 ], [ -113.624302219358, 37.200191705693499 ], [ -113.624135258479996, 37.200191714279903 ], [ -113.624135484855003, 37.200191003755499 ], [ -113.624175439224004, 37.200089485269402 ], [ -113.624175532649005, 37.200089257729601 ], [ -113.617301660926003, 37.200098330702097 ], [ -113.616005122475997, 37.200099926343 ], [ -113.616007547029, 37.205552171164697 ], [ -113.613947856508005, 37.205553046199697 ], [ -113.613947861897998, 37.205552011612099 ], [ -113.613789929088, 37.2055530619403 ], [ -113.613789819492993, 37.204926154410401 ], [ -113.613789800628993, 37.204814670518502 ], [ -113.611180369899998, 37.204805814906202 ], [ -113.610685335295997, 37.204669841739197 ], [ -113.610181803527993, 37.204531532245802 ], [ -113.608165132427999, 37.204270406534 ], [ -113.608060758072995, 37.204488235663497 ], [ -113.607883571672005, 37.204858009842901 ], [ -113.607674637909994, 37.204793954236699 ], [ -113.607613192246006, 37.2049221727179 ], [ -113.606592221891006, 37.204609164523397 ], [ -113.606540849037003, 37.204716380819498 ], [ -113.606500065522994, 37.204801465445698 ], [ -113.601968629056003, 37.204806702112997 ], [ -113.601968753921994, 37.204889673799599 ], [ -113.599686525552002, 37.2049316565152 ], [ -113.597834326099004, 37.204965665810498 ] ] ] } },
{ "type": "Feature", "properties": { "OBJECTID": 117, "CountyID": 27, "VistaID": "27STG:49", "PrecinctID": "27STG", "SubPrecinctID": "49", "VersionNbr": null, "EffectiveDate": 1744156800000, "AliasName": "STG:49", "Comments": "formerly STG49", "RcvdDate": 1744156800000, "GlobalID": "d06af57c-b55f-461d-97d4-304aa002cf53", "Shape__Area": 1802786.2948627472, "Shape__Length": 6447.0253768381144 }, "geometry": { "type": "Polygon", "coordinates": [ [ [ -113.623776717493996, 37.122870818899699 ], [ -113.623768573367002, 37.122870528095902 ], [ -113.623273572900004, 37.122858527066803 ], [ -113.621790572942999, 37.122825527271203 ], [ -113.621296573199004, 37.122814527574903 ], [ -113.618714031741007, 37.122772734157898 ], [ -113.617250522530995, 37.122745003898999 ], [ -113.616278991857001, 37.122726585815599 ], [ -113.616275340204993, 37.1212076293249 ], [ -113.616275223423997, 37.121158772483803 ], [ -113.616273906494001, 37.120922546715803 ], [ -113.616266327621005, 37.120863202541003 ], [ -113.616253979896001, 37.120804369562599 ], [ -113.616236914401995, 37.120746291173504 ], [ -113.616215201738996, 37.120689207645597 ], [ -113.616188931733006, 37.120633355135404 ], [ -113.616158213060004, 37.1205789647072 ], [ -113.616123172805999, 37.120526261377201 ], [ -113.616083955929994, 37.120475463182302 ], [ -113.616046828522997, 37.120428144685803 ], [ -113.616005647316001, 37.120383009216702 ], [ -113.615960613412, 37.1203402771933 ], [ -113.615911946729994, 37.120300157296903 ], [ -113.615859884928994, 37.120262845453098 ], [ -113.615804682247003, 37.120228523874403 ], [ -113.615746608259002, 37.1201973601707 ], [ -113.615685946564, 37.120169506530601 ], [ -113.615114878555005, 37.119938108357204 ], [ -113.615046717273998, 37.119907605596097 ], [ -113.614981406571999, 37.1198733663512 ], [ -113.614919268058003, 37.119835559221599 ], [ -113.614860607718995, 37.119794370375203 ], [ -113.614817585417001, 37.119759911569197 ], [ -113.614776919297995, 37.119723679228599 ], [ -113.614738724177997, 37.1196857756482 ], [ -113.614703107897, 37.119646307841499 ], [ -113.614677017109997, 37.119614284600701 ], [ -113.614652617255004, 37.119581424717097 ], [ -113.614629950459005, 37.119547784925302 ], [ -113.614609055859006, 37.119513423306103 ], [ -113.614589969530996, 37.119478399187003 ], [ -113.614572724428996, 37.119442773039403 ], [ -113.614557350327999, 37.119406606374 ], [ -113.614543873773002, 37.119369961635101 ], [ -113.614532318033, 37.119332902092303 ], [ -113.614522703058995, 37.119295491731599 ], [ -113.614515045453004, 37.119257795144797 ], [ -113.614509358435996, 37.119219877417997 ], [ -113.614505651827002, 37.1191818040191 ], [ -113.614503932025997, 37.119143640685003 ], [ -113.614504202003005, 37.119105453308002 ], [ -113.614506461291001, 37.119067307821901 ], [ -113.614497332610995, 37.118378873083003 ], [ -113.614496590602997, 37.118323022529303 ], [ -113.614470976041005, 37.117598250948298 ], [ -113.614470092996996, 37.117364236087298 ], [ -113.614458560425007, 37.116126029479602 ], [ -113.614427621548003, 37.114630801955002 ], [ -113.614424021101001, 37.1139234789892 ], [ -113.614419875376001, 37.113836993272102 ], [ -113.614406461732003, 37.1135571452417 ], [ -113.614404522268998, 37.113535043581003 ], [ -113.614403619081997, 37.113504215340498 ], [ -113.614404812041002, 37.113473393352699 ], [ -113.614408097639995, 37.113442668185499 ], [ -113.614413466225997, 37.113412130122001 ], [ -113.614420902022999, 37.1133818688959 ], [ -113.614430383181997, 37.113351973427598 ], [ -113.614441881844002, 37.113322531562702 ], [ -113.614455364218998, 37.113293629814102 ], [ -113.614486003001005, 37.1132101920957 ], [ -113.614512109293003, 37.113125779866699 ], [ -113.614533634696997, 37.113040549617899 ], [ -113.614550539305995, 37.112954659356802 ], [ -113.614562791780997, 37.112868268315097 ], [ -113.614570369405001, 37.112781536653699 ], [ -113.614573258131998, 37.112694625165098 ], [ -113.614571452605006, 37.112607694976099 ], [ -113.614567129014006, 37.112270024543101 ], [ -113.614555081706996, 37.111635504482003 ], [ -113.614531592559004, 37.110168990573897 ], [ -113.614531451524002, 37.110160179029897 ], [ -113.615056578790998, 37.110155153583797 ], [ -113.615056556333002, 37.1100677143505 ], [ -113.615059299788001, 37.110058953658204 ], [ -113.615500078843993, 37.109511652307603 ], [ -113.615797235250994, 37.1091456812049 ], [ -113.616277557247003, 37.108551722671699 ], [ -113.616448340456998, 37.108341066829098 ], [ -113.615665285313, 37.1079343530415 ], [ -113.615234421861004, 37.107710741376899 ], [ -113.614807318757997, 37.107489082705101 ], [ -113.614956631333996, 37.1073047477812 ], [ -113.615141156972001, 37.107076938932302 ], [ -113.615524469001997, 37.106837028396797 ], [ -113.615795372145001, 37.106504292727301 ], [ -113.616072574276004, 37.106163819655102 ], [ -113.616407935134006, 37.1057519050918 ], [ -113.616408198341006, 37.1057515819831 ], [ -113.616550880451996, 37.105742003347601 ], [ -113.616910860538994, 37.105738748617298 ], [ -113.616986514111005, 37.105738655210899 ], [ -113.617062111438003, 37.105740983197101 ], [ -113.617137530723994, 37.1057457288249 ], [ -113.617212650457006, 37.105752884448101 ], [ -113.617276299394007, 37.105760870981101 ], [ -113.617339569238993, 37.105770586290099 ], [ -113.617402386188999, 37.105782019041897 ], [ -113.617464676970997, 37.105795155899798 ], [ -113.617526368924004, 37.105809981539302 ], [ -113.617587390086996, 37.105826478665499 ], [ -113.617647669280004, 37.105844628034298 ], [ -113.617707136190006, 37.1058644084736 ], [ -113.617773514503, 37.1058875440267 ], [ -113.617789510804002, 37.105893118538397 ], [ -113.618388894608998, 37.106102025950698 ], [ -113.618584582712003, 37.106191876228401 ], [ -113.618664717322005, 37.106231360416999 ], [ -113.618746371989999, 37.1062688114514 ], [ -113.618817947097995, 37.106299446503797 ], [ -113.618890540405005, 37.106328517809303 ], [ -113.618964098212004, 37.106356003864001 ], [ -113.619038566103995, 37.106381884336898 ], [ -113.619112931570001, 37.1064044922203 ], [ -113.619186335375005, 37.1064290176909 ], [ -113.619255023400996, 37.106454037593402 ], [ -113.619322711153998, 37.106480735123803 ], [ -113.619389334228998, 37.106509084878297 ], [ -113.619454829237, 37.106539059880802 ], [ -113.619612101784995, 37.106618254337498 ], [ -113.619668062158993, 37.106653463152703 ], [ -113.619721053457994, 37.106691481640901 ], [ -113.619770854278997, 37.106732150952702 ], [ -113.619817256548998, 37.1067753011638 ], [ -113.619860066395006, 37.106820751983904 ], [ -113.619899104954001, 37.106868313511299 ], [ -113.619934209118, 37.106917787025203 ], [ -113.619965232217993, 37.106968965816797 ], [ -113.620134066982999, 37.1072763233839 ], [ -113.620168103251004, 37.107336818707303 ], [ -113.620230452620007, 37.107447639750198 ], [ -113.620266699132003, 37.107492849301501 ], [ -113.620305635847998, 37.1075366130096 ], [ -113.620347172257993, 37.107578829149503 ], [ -113.620391211813001, 37.107619399593403 ], [ -113.620437652142996, 37.107658230038801 ], [ -113.620486385299998, 37.107695230228003 ], [ -113.620537298003001, 37.107730314157699 ], [ -113.620590271908, 37.107763400278699 ], [ -113.620661519690998, 37.107803023096103 ], [ -113.620735731159996, 37.107839020118298 ], [ -113.620812616603999, 37.107871250823798 ], [ -113.620891875875003, 37.107899589394002 ], [ -113.621206519786, 37.108009931054298 ], [ -113.621342230970996, 37.108057524044 ], [ -113.620235114875996, 37.110098182266803 ], [ -113.620234330646994, 37.110099715333497 ], [ -113.620147020689004, 37.110270431430401 ], [ -113.620094544157993, 37.110374314472203 ], [ -113.620048040718004, 37.110479991571999 ], [ -113.620018130659005, 37.110557561780197 ], [ -113.619991437872002, 37.110635874855902 ], [ -113.619931817584998, 37.110862220183002 ], [ -113.619921914556997, 37.110913594575798 ], [ -113.619909779245006, 37.110990823765903 ], [ -113.619900884415003, 37.111068332956101 ], [ -113.619895239989006, 37.111146035700102 ], [ -113.619892852261003, 37.111223845336099 ], [ -113.619892950177004, 37.111268373801998 ], [ -113.619894832113999, 37.111329666068897 ], [ -113.619898735369006, 37.111390897591001 ], [ -113.619904657240994, 37.111452025983503 ], [ -113.619912593631, 37.111513008933102 ], [ -113.619922539045007, 37.111573804227397 ], [ -113.619934486599007, 37.111634369783999 ], [ -113.619948428022994, 37.111694663679401 ], [ -113.619964353666006, 37.111754644178397 ], [ -113.619981568653003, 37.111812107983098 ], [ -113.620000606220003, 37.111869204963497 ], [ -113.620021454113001, 37.111925898365101 ], [ -113.62004409891, 37.111982151693098 ], [ -113.620068225422003, 37.112037271393099 ], [ -113.620094079292997, 37.112091890747102 ], [ -113.620121644232, 37.112145975337398 ], [ -113.620150902869, 37.112199491083302 ], [ -113.620181836764999, 37.112252404262698 ], [ -113.620214426428007, 37.112304681533203 ], [ -113.620248651321006, 37.112356289953297 ], [ -113.620284489876994, 37.112407197002803 ], [ -113.620333442596007, 37.112472250906201 ], [ -113.620385033814998, 37.112535994927903 ], [ -113.620398119574006, 37.112551462641797 ], [ -113.620705598523003, 37.112919264061098 ], [ -113.621072261177005, 37.113357854692197 ], [ -113.621530886163995, 37.113904436967601 ], [ -113.621923761659005, 37.1143838586272 ], [ -113.622872161613003, 37.115537153650202 ], [ -113.622966687737005, 37.115652098804503 ], [ -113.623129876589999, 37.115850540193001 ], [ -113.623201003112996, 37.1159412836627 ], [ -113.623267988047004, 37.116034009475797 ], [ -113.623330744602995, 37.1161285974827 ], [ -113.623389191466998, 37.116224925121102 ], [ -113.623421659498007, 37.116284766378001 ], [ -113.623452233072996, 37.116345238781399 ], [ -113.623480892914003, 37.1164063042009 ], [ -113.623507620949994, 37.116467924132202 ], [ -113.623532400330006, 37.116530059721597 ], [ -113.623555215430002, 37.1165926717904 ], [ -113.623576051862997, 37.116655720859399 ], [ -113.623594896493003, 37.116719167173997 ], [ -113.623611737437997, 37.116782970729403 ], [ -113.623626564077995, 37.116847091295298 ], [ -113.623639367066005, 37.116911488442 ], [ -113.623650138328998, 37.116976121565301 ], [ -113.623658871074994, 37.117040949912301 ], [ -113.623665559798994, 37.117105932607203 ], [ -113.623670200283001, 37.1171710286769 ], [ -113.623672789601997, 37.117236197076899 ], [ -113.623677538096004, 37.117524555671402 ], [ -113.623682096148002, 37.117803723583201 ], [ -113.623779629832001, 37.122870922758203 ], [ -113.623776717493996, 37.122870818899699 ] ] ] } },
{ "type": "Feature", "properties": { "OBJECTID": 119, "CountyID": 27, "VistaID": "27STG:57", "PrecinctID": "27STG", "SubPrecinctID": "57", "VersionNbr": null, "EffectiveDate": 1744156800000, "AliasName": "STG:57", "Comments": "formerly STG57", "RcvdDate": 1744156800000, "GlobalID": "60d4b4c5-6f37-4e67-a352-3e6318cdfb33", "Shape__Area": 9870764.5262775421, "Shape__Length": 14874.916974766542 }, "geometry": { "type": "Polygon", "coordinates": [ [ [ -113.605737583595001, 37.159950206680797 ], [ -113.605657573347003, 37.159925533400603 ], [ -113.605661573545007, 37.159553533184202 ], [ -113.605644573827007, 37.156849531856999 ], [ -113.605695572982, 37.1568435329634 ], [ -113.605734978480001, 37.156839364737998 ], [ -113.605799572739002, 37.156832532484799 ], [ -113.606069573973997, 37.156716532286502 ], [ -113.606141572146996, 37.156588533367099 ], [ -113.606155573289001, 37.156412533514697 ], [ -113.606172573905994, 37.156296532672101 ], [ -113.606237572406997, 37.1561905327586 ], [ -113.606322572796003, 37.156118532489501 ], [ -113.606370572475996, 37.156078532310403 ], [ -113.606499573245998, 37.156028533130602 ], [ -113.606601573353004, 37.155990533273602 ], [ -113.606805573567996, 37.1559585330779 ], [ -113.606947573857994, 37.155889533146599 ], [ -113.607061572763001, 37.155810532712103 ], [ -113.607158573744996, 37.155643532038503 ], [ -113.608423573243002, 37.154568531190101 ], [ -113.608846574639003, 37.154210532592003 ], [ -113.609125573399993, 37.153946531515999 ], [ -113.609332573987999, 37.153798532223497 ], [ -113.609534573654003, 37.153684532812903 ], [ -113.609751573389005, 37.1536025322889 ], [ -113.609880572362002, 37.153561531993603 ], [ -113.610010573855007, 37.153542531447599 ], [ -113.610719572787005, 37.153592532987297 ], [ -113.610864573450002, 37.1536165317385 ], [ -113.611049573398006, 37.153612531589197 ], [ -113.611233573521005, 37.153570532514401 ], [ -113.611655573294996, 37.153275531672698 ], [ -113.611761573600006, 37.153162532411798 ], [ -113.611791573738003, 37.153041531907199 ], [ -113.611621573858002, 37.152479532143701 ], [ -113.611531573446996, 37.152256532492899 ], [ -113.611437573735003, 37.1521205320105 ], [ -113.611402573575006, 37.152099531345698 ], [ -113.611261574905996, 37.152014531970302 ], [ -113.611008574287993, 37.151822531951503 ], [ -113.610893573761999, 37.151693531665103 ], [ -113.610706573266, 37.151428530863598 ], [ -113.610673573653997, 37.151275531134402 ], [ -113.610704573616005, 37.151164532246199 ], [ -113.610831573837999, 37.151062531866302 ], [ -113.611010573938003, 37.150894531909401 ], [ -113.611198573360994, 37.150571531348596 ], [ -113.611391573705006, 37.150204531522 ], [ -113.611566573607007, 37.1498935312014 ], [ -113.611688573804997, 37.149461531244697 ], [ -113.611862572983995, 37.149111531439203 ], [ -113.611904573716004, 37.148971531349801 ], [ -113.612028573564004, 37.148564531060302 ], [ -113.612189573223006, 37.148060530605797 ], [ -113.612224572483996, 37.147488531663903 ], [ -113.612169573130998, 37.1470675313263 ], [ -113.611988572483, 37.146598531007001 ], [ -113.611806573806007, 37.146289531520303 ], [ -113.611692574003001, 37.145989530762201 ], [ -113.611671574086998, 37.145765530985898 ], [ -113.611664572617997, 37.145556531095103 ], [ -113.611726573439995, 37.1453795317329 ], [ -113.612099572811005, 37.144854531006203 ], [ -113.612929573014, 37.1436445311043 ], [ -113.613040572444007, 37.143466531213598 ], [ -113.613090573571, 37.143338530630899 ], [ -113.613100572717997, 37.143160530736203 ], [ -113.613108573114005, 37.143047529966097 ], [ -113.613101572543002, 37.142843530803603 ], [ -113.612957573502001, 37.142462529915001 ], [ -113.612877573136004, 37.142337530162003 ], [ -113.612436573094996, 37.142061530468602 ], [ -113.612252572971997, 37.141906531096801 ], [ -113.611937572428999, 37.141726530665601 ], [ -113.611880572527994, 37.141673530898601 ], [ -113.611860572436001, 37.141621530037199 ], [ -113.611876573228002, 37.141573531358702 ], [ -113.611928572208001, 37.1414315301665 ], [ -113.611945573723006, 37.141384531029303 ], [ -113.611829572473994, 37.140806530126703 ], [ -113.611969572215997, 37.140204529684802 ], [ -113.612171572780994, 37.139620530247598 ], [ -113.612023572642997, 37.139290530257 ], [ -113.612062573000998, 37.138844530573103 ], [ -113.612347571610002, 37.138921530723998 ], [ -113.612376573719004, 37.138850529462403 ], [ -113.616303573356006, 37.1398945308908 ], [ -113.616190573378006, 37.139457529807203 ], [ -113.616352573759997, 37.138228529409297 ], [ -113.615466572581994, 37.135809529316298 ], [ -113.616137572777006, 37.135778529626698 ], [ -113.615764572507999, 37.135480528913398 ], [ -113.615325572116006, 37.135256530243197 ], [ -113.615250571773004, 37.135240530057096 ], [ -113.615190573296005, 37.135201530036802 ], [ -113.615168572656003, 37.135158529587102 ], [ -113.615168572656003, 37.135044530008599 ], [ -113.615154572411996, 37.1349705287329 ], [ -113.615152571864002, 37.134896528817102 ], [ -113.615175573227006, 37.134822529545097 ], [ -113.615218571986006, 37.1347215290767 ], [ -113.615275571888006, 37.134646529166403 ], [ -113.615355459963993, 37.134597506974401 ], [ -113.615482432299004, 37.134668032021303 ], [ -113.615607947244996, 37.1347401960033 ], [ -113.615731971516993, 37.1348139797785 ], [ -113.615854472223006, 37.1348893637755 ], [ -113.615975416880005, 37.134966327998598 ], [ -113.616094773412996, 37.135044852032799 ], [ -113.616212510170001, 37.135124915049602 ], [ -113.616328595927996, 37.135206495812298 ], [ -113.616797510219001, 37.1355493383519 ], [ -113.618671467766006, 37.136919415394701 ], [ -113.618819921554007, 37.1370348479917 ], [ -113.618963521742998, 37.137153115572602 ], [ -113.619046887745995, 37.137233417716402 ], [ -113.619128758273007, 37.137314691701199 ], [ -113.619209115497, 37.137396919826301 ], [ -113.619287941920007, 37.137480084183103 ], [ -113.619365220377006, 37.137564166659097 ], [ -113.619440934039005, 37.137649148942003 ], [ -113.619515066421002, 37.137735012523599 ], [ -113.619587601380005, 37.1378217387037 ], [ -113.619658523119995, 37.137909308594502 ], [ -113.619727816199003, 37.137997703124299 ], [ -113.619795465527005, 37.138086903042101 ], [ -113.619861456373002, 37.138176888921301 ], [ -113.619925774368994, 37.138267641164397 ], [ -113.619988405507002, 37.138359140007097 ], [ -113.620049336150998, 37.1384513655223 ], [ -113.620108553031997, 37.138544297625103 ], [ -113.620299050669999, 37.138844115226902 ], [ -113.620802264434005, 37.139636089101799 ], [ -113.621892835357997, 37.141316740166602 ], [ -113.62192723199, 37.141379145828203 ], [ -113.621959814980997, 37.141442166872203 ], [ -113.621990567018997, 37.1415057698092 ], [ -113.622019471762002, 37.141569920840503 ], [ -113.622522745713994, 37.142678848795903 ], [ -113.622596863365999, 37.142828932899498 ], [ -113.622677237892006, 37.142976956305603 ], [ -113.622763779322995, 37.143122753335703 ], [ -113.622856390790005, 37.143266160804103 ], [ -113.624027664563002, 37.144953141355401 ], [ -113.624280358855998, 37.145317085490298 ], [ -113.624398219518, 37.145485471371799 ], [ -113.62451772032, 37.145653120779798 ], [ -113.624638854026003, 37.145820023569001 ], [ -113.624761613302994, 37.145986169639102 ], [ -113.624924711527996, 37.1462024539113 ], [ -113.625090567523998, 37.146417400954697 ], [ -113.625259164053006, 37.146630988440002 ], [ -113.625430483591003, 37.146843194179297 ], [ -113.625604508332998, 37.147053996128498 ], [ -113.625781220190007, 37.147263372389297 ], [ -113.625960600796006, 37.147471301212001 ], [ -113.626142631506994, 37.147677760997098 ], [ -113.626327293402994, 37.147882730298299 ], [ -113.626514567290997, 37.1480861878238 ], [ -113.626704433707005, 37.148288112439303 ], [ -113.626896872916006, 37.148488483169999 ], [ -113.627091864918, 37.148687279202399 ], [ -113.627289389444002, 37.148884479886902 ], [ -113.627489425966004, 37.149080064739799 ], [ -113.627691953693002, 37.1492740134453 ], [ -113.627996221667004, 37.149556575848997 ], [ -113.628305545144002, 37.149835628161902 ], [ -113.628619860431996, 37.150111112964197 ], [ -113.628939102811003, 37.150382973570601 ], [ -113.629263206545005, 37.150651154042002 ], [ -113.629592104899999, 37.150915599197504 ], [ -113.629925730153005, 37.1511762546249 ], [ -113.630264013607004, 37.151433066692903 ], [ -113.631450070954997, 37.152317978500001 ], [ -113.632282908936006, 37.152940371040799 ], [ -113.632289198940001, 37.152945071455001 ], [ -113.632874653469003, 37.153382580998901 ], [ -113.632978837379994, 37.153463091099503 ], [ -113.633079803526996, 37.1535436612563 ], [ -113.633177498907003, 37.153629784424403 ], [ -113.633271626178995, 37.153718720554203 ], [ -113.633362324581995, 37.153807718152997 ], [ -113.633449455773999, 37.153899530132101 ], [ -113.633532806855996, 37.153994157197197 ], [ -113.635655652534993, 37.156493701924298 ], [ -113.638275539654003, 37.159566504189499 ], [ -113.638376108073004, 37.159680018086398 ], [ -113.638481453279994, 37.159790745872101 ], [ -113.639011494331996, 37.160322224274701 ], [ -113.639077101010002, 37.160383967140397 ], [ -113.639145272180997, 37.160443919467099 ], [ -113.639215930955999, 37.160502013641697 ], [ -113.639288997644002, 37.160558184146701 ], [ -113.639364389834995, 37.1606123676343 ], [ -113.639442022498997, 37.160664502997797 ], [ -113.639521808075997, 37.160714531440199 ], [ -113.639603656581002, 37.160762396541202 ], [ -113.639713880764006, 37.160816390210798 ], [ -113.639871406894997, 37.160888691127901 ], [ -113.640031878355998, 37.160956754023303 ], [ -113.640195115693999, 37.161020502795097 ], [ -113.640360936364999, 37.161079866165501 ], [ -113.640442646051994, 37.161113813609397 ], [ -113.640523251374006, 37.161149398369702 ], [ -113.640602700681001, 37.161186597643002 ], [ -113.640680943066002, 37.161225387590903 ], [ -113.640757928393995, 37.161265743356097 ], [ -113.640833607336006, 37.161307639077599 ], [ -113.640907931401003, 37.1613510479078 ], [ -113.640980852962997, 37.1613959420295 ], [ -113.640990428105994, 37.161401712189601 ], [ -113.640930870700998, 37.161454259284099 ], [ -113.640924545662998, 37.161459839010298 ], [ -113.640882670696001, 37.162226119633402 ], [ -113.640467499015998, 37.162672055887697 ], [ -113.640132395075995, 37.163026238838803 ], [ -113.640085686274006, 37.163075605559399 ], [ -113.639284613618997, 37.163922292882098 ], [ -113.639061252914004, 37.164692763581698 ], [ -113.638930726805, 37.165142996939998 ], [ -113.638929462874998, 37.165147369445002 ], [ -113.638931215488, 37.1651478261671 ], [ -113.638609432665007, 37.166247417242197 ], [ -113.638578171293005, 37.166354240602899 ], [ -113.638577413115001, 37.166356811949797 ], [ -113.638507279844006, 37.166595306137403 ], [ -113.638506748940003, 37.1665959239172 ], [ -113.638482484546003, 37.166617949949597 ], [ -113.638202235329999, 37.166872349477501 ], [ -113.637911480317001, 37.167140072198698 ], [ -113.637518656924996, 37.167498681745002 ], [ -113.637139202260997, 37.167845085955499 ], [ -113.636318447517993, 37.1685943330342 ], [ -113.633724572915, 37.168595721033597 ], [ -113.633624105333993, 37.168595774005198 ], [ -113.633613607621001, 37.1685956286912 ], [ -113.633613580672005, 37.168585532587798 ], [ -113.633589985523002, 37.168595302271598 ], [ -113.633258579946002, 37.168732532264301 ], [ -113.633187578903005, 37.168734532296902 ], [ -113.632849579692007, 37.168745531759299 ], [ -113.630960579855, 37.1687805330317 ], [ -113.629553579168004, 37.168805531987601 ], [ -113.628318578909003, 37.168828533052803 ], [ -113.626610578821001, 37.168851533395099 ], [ -113.624437577505006, 37.168880533100896 ], [ -113.621487577485993, 37.168920533664199 ], [ -113.619780576324999, 37.168944532560303 ], [ -113.616910576671998, 37.169033533709403 ], [ -113.616571575839998, 37.1687195334829 ], [ -113.615589577096998, 37.167866533941201 ], [ -113.615215576105001, 37.167542533556897 ], [ -113.615020575212995, 37.167372533643501 ], [ -113.614146576425, 37.166593533689003 ], [ -113.613113575832003, 37.165672532806099 ], [ -113.612858146169003, 37.1654277096291 ], [ -113.612226849714006, 37.164822618627099 ], [ -113.611812574552005, 37.164425534017496 ], [ -113.611180574716002, 37.163406532636799 ], [ -113.610430574877995, 37.162243533726503 ], [ -113.610360574558001, 37.162134532534203 ], [ -113.609492573821001, 37.161301532555903 ], [ -113.608952574046, 37.161034533693503 ], [ -113.608497573761994, 37.160838532472397 ], [ -113.607276790239993, 37.1604461691187 ], [ -113.606988572968007, 37.160353533201501 ], [ -113.606331573017002, 37.160142533277998 ], [ -113.605884573127994, 37.159995532643897 ], [ -113.605737914174995, 37.159950307624698 ], [ -113.605737583595001, 37.159950206680797 ] ] ] } },
{ "type": "Feature", "properties": { "OBJECTID": 123, "CountyID": 27, "VistaID": "27STG:43", "PrecinctID": "27STG", "SubPrecinctID": "43", "VersionNbr": null, "EffectiveDate": 1744156800000, "AliasName": "STG:43", "Comments": "formerly STG43", "RcvdDate": 1744156800000, "GlobalID": "ed8a0f11-6619-43c3-8994-23d25293cdb1", "Shape__Area": 5906370.1455165148, "Shape__Length": 13499.981641866783 }, "geometry": { "type": "Polygon", "coordinates": [ [ [ -113.600396161389, 37.124568941384602 ], [ -113.599990433697997, 37.123638266250097 ], [ -113.599684390256996, 37.122936234681198 ], [ -113.599649444438995, 37.1229477866043 ], [ -113.599613556831997, 37.122957327861002 ], [ -113.599576909139998, 37.122964810143301 ], [ -113.599539686918007, 37.122970195567397 ], [ -113.599502078628007, 37.122973456866603 ], [ -113.599464274686994, 37.122974577528602 ], [ -113.599426466504994, 37.122973551879298 ], [ -113.599388845510006, 37.122970385111699 ], [ -113.599351602184001, 37.122965093259502 ], [ -113.599314925095996, 37.122957703115802 ], [ -113.599278999950002, 37.122948252097501 ], [ -113.599244008640994, 37.122936788056201 ], [ -113.599210128335997, 37.122923369035398 ], [ -113.599177530576, 37.122908062976897 ], [ -113.599146380411, 37.122890947377002 ], [ -113.599116835559002, 37.122872108893802 ], [ -113.599034214807006, 37.122800786010203 ], [ -113.599038840233007, 37.122805559923897 ], [ -113.598092502810005, 37.121987857538301 ], [ -113.596299984729001, 37.120711992618098 ], [ -113.595772008904007, 37.120317121792503 ], [ -113.594706022173995, 37.119552840469296 ], [ -113.593766394268002, 37.118879133043897 ], [ -113.593232215575995, 37.118495340373101 ], [ -113.593104482328997, 37.118403549888903 ], [ -113.591791726593996, 37.117460102240898 ], [ -113.590782798155004, 37.116739207021702 ], [ -113.589669236648007, 37.115940511426302 ], [ -113.588404995328005, 37.115034618002497 ], [ -113.587554409331005, 37.1144234940286 ], [ -113.586002338810999, 37.113311195579797 ], [ -113.585429658326007, 37.112901123683997 ], [ -113.584183342887002, 37.112028901886902 ], [ -113.583956142782, 37.111869894517199 ], [ -113.583955696318995, 37.111869582896503 ], [ -113.583917746989997, 37.111843023490302 ], [ -113.583907180408005, 37.1118237656042 ], [ -113.583900188368006, 37.111803497880203 ], [ -113.583896915584006, 37.111782639799202 ], [ -113.583897429792998, 37.111761623061 ], [ -113.583901457696996, 37.1117416919204 ], [ -113.583908906217999, 37.111722397213697 ], [ -113.583919631965998, 37.111704110378902 ], [ -113.583933428462998, 37.1116871834516 ], [ -113.583950030116, 37.111671942288503 ], [ -113.583969117332003, 37.111658680294198 ], [ -113.583990322668001, 37.111647652772902 ], [ -113.584013237904998, 37.111639072013404 ], [ -113.584263809478998, 37.111606091683797 ], [ -113.585437890487, 37.111626331340801 ], [ -113.587572069310994, 37.111634889118598 ], [ -113.589703171406001, 37.111640716802803 ], [ -113.590409356814007, 37.111643718400302 ], [ -113.591811210154006, 37.1116496650016 ], [ -113.593952025731994, 37.111656583002201 ], [ -113.594607236239, 37.111659970006897 ], [ -113.594375460115998, 37.111146133579801 ], [ -113.594146121121994, 37.1106376951806 ], [ -113.593833864931995, 37.109945414162802 ], [ -113.593415153890007, 37.109023879572902 ], [ -113.593288594742006, 37.108735750807298 ], [ -113.593223979821005, 37.108544216222199 ], [ -113.593187317778003, 37.108383726463103 ], [ -113.593169090960998, 37.108251904699401 ], [ -113.593149906896997, 37.108153854916601 ], [ -113.593132848674998, 37.108055555445603 ], [ -113.593117921379999, 37.107957035597302 ], [ -113.593105129465002, 37.1078583247483 ], [ -113.593094476741996, 37.107759452332402 ], [ -113.593085966388998, 37.107660447831499 ], [ -113.593079600943994, 37.107561340767099 ], [ -113.593075382303994, 37.107462160691298 ], [ -113.593075609577994, 37.106525662825803 ], [ -113.593073747369999, 37.105682449569798 ], [ -113.593065791666007, 37.105576200180003 ], [ -113.593053741795003, 37.105470196084497 ], [ -113.593037609160007, 37.105364537605297 ], [ -113.593017409029002, 37.105259324737403 ], [ -113.592993160518006, 37.105154657054896 ], [ -113.592964886578002, 37.105050633616003 ], [ -113.592932613963995, 37.1049473528698 ], [ -113.59289637322, 37.104844912562797 ], [ -113.592850205204002, 37.104701845480299 ], [ -113.592798956541998, 37.104559882616797 ], [ -113.592742668653997, 37.1044191387155 ], [ -113.592681387032997, 37.1042797275352 ], [ -113.592615161206993, 37.1041417617581 ], [ -113.592544044701995, 37.104005352898596 ], [ -113.592468094994999, 37.103870611213402 ], [ -113.592387373470004, 37.103737645612199 ], [ -113.592301945368007, 37.103606563569798 ], [ -113.592211879732005, 37.1034774710389 ], [ -113.592117249355994, 37.103350472364703 ], [ -113.592018130721002, 37.103225670200601 ], [ -113.591914603936999, 37.103103165424798 ], [ -113.591806752676007, 37.102983057059198 ], [ -113.591694664105006, 37.102865442189 ], [ -113.591578428816007, 37.102750415884401 ], [ -113.589976916818998, 37.101301283434701 ], [ -113.58909214274, 37.100473766642303 ], [ -113.588977280050997, 37.100363186698203 ], [ -113.588866277083994, 37.100250126850703 ], [ -113.588759217955996, 37.100134672762799 ], [ -113.588656183793006, 37.100016911912 ], [ -113.588557252672004, 37.099896933524001 ], [ -113.588462499559, 37.099774828505097 ], [ -113.588371996256996, 37.099650689373497 ], [ -113.588285811347006, 37.099524610189 ], [ -113.588184295047, 37.099343419594 ], [ -113.588087148918007, 37.099160710836202 ], [ -113.587994408610001, 37.0989765509512 ], [ -113.587906108154002, 37.098791007507401 ], [ -113.587822279951993, 37.098604148581202 ], [ -113.587742954766995, 37.098416042732403 ], [ -113.587668161706006, 37.098226758978598 ], [ -113.587597928215004, 37.098036366770302 ], [ -113.587009047511998, 37.0963253939249 ], [ -113.587839201327, 37.0963378254866 ], [ -113.587840983584996, 37.096392839601002 ], [ -113.588012374056007, 37.096393222220499 ], [ -113.588124520635006, 37.096700053788403 ], [ -113.588924121849004, 37.096700743074003 ], [ -113.588920869947003, 37.0964501436587 ], [ -113.589049713511997, 37.0963559433198 ], [ -113.590759904590001, 37.096381516498603 ], [ -113.590701993796998, 37.096024864061299 ], [ -113.590638998540001, 37.095805275617103 ], [ -113.590594477135994, 37.095666290380599 ], [ -113.590580279262994, 37.095524916714197 ], [ -113.590616676303, 37.095330215355702 ], [ -113.590647357362997, 37.0952453191586 ], [ -113.590780926066003, 37.094875715104898 ], [ -113.590838301464004, 37.094718622840603 ], [ -113.590841775249004, 37.094711552821202 ], [ -113.590881267884001, 37.094651472318702 ], [ -113.590997493711996, 37.094556860603099 ], [ -113.591038125409995, 37.094464265096697 ], [ -113.591157663326996, 37.0943587560811 ], [ -113.593302177268995, 37.0943540943031 ], [ -113.593302528509994, 37.094148040704603 ], [ -113.595742854980003, 37.094104249522502 ], [ -113.595764827772001, 37.095730632669202 ], [ -113.601292792332004, 37.095737763497901 ], [ -113.605171294623005, 37.095739231651798 ], [ -113.605304192283995, 37.106978519222501 ], [ -113.605180088230995, 37.107008858710302 ], [ -113.605092396488999, 37.1073005947365 ], [ -113.605027028780995, 37.107348415990998 ], [ -113.604907411813002, 37.107365640690702 ], [ -113.604796529164005, 37.107430391427499 ], [ -113.604738456673999, 37.107543978394503 ], [ -113.604438161553006, 37.107814866324603 ], [ -113.603855285188999, 37.108256226046898 ], [ -113.603759879614003, 37.108794200363299 ], [ -113.603579403582003, 37.109010321768302 ], [ -113.603526838663001, 37.109460299888397 ], [ -113.603633764232995, 37.109664859001199 ], [ -113.603608742559004, 37.109887311510903 ], [ -113.603681309365996, 37.110043367231299 ], [ -113.603679189342003, 37.110301281814401 ], [ -113.603727150395002, 37.1104378224084 ], [ -113.603833698673, 37.110741153452402 ], [ -113.603918046884999, 37.111012647464499 ], [ -113.603977482119006, 37.111298491644199 ], [ -113.604038967308995, 37.111273983736403 ], [ -113.604111833255004, 37.111615946097203 ], [ -113.604216654072005, 37.111874911253103 ], [ -113.604346608851998, 37.112069603759799 ], [ -113.604346568427999, 37.112172807914199 ], [ -113.604565409708997, 37.112428331184603 ], [ -113.604719582171995, 37.113058721960499 ], [ -113.605069546044007, 37.113260703215602 ], [ -113.605368011297003, 37.113432955931103 ], [ -113.605461495374996, 37.1134869088879 ], [ -113.605802055682005, 37.113611242813398 ], [ -113.606138448704996, 37.113903606001202 ], [ -113.605357765112998, 37.1139100968512 ], [ -113.605387925149998, 37.116652332691203 ], [ -113.605387843402994, 37.116652409337902 ], [ -113.605400079356002, 37.117356342983499 ], [ -113.605395132333001, 37.117565683663301 ], [ -113.605231806038006, 37.117566563298901 ], [ -113.605009905095002, 37.117874132145602 ], [ -113.604907080334996, 37.117856447814297 ], [ -113.604951908961993, 37.120069573836801 ], [ -113.604972607942997, 37.121562128244904 ], [ -113.604974248266998, 37.121585772573397 ], [ -113.604979764820996, 37.121614203059998 ], [ -113.604986945055003, 37.1216365544919 ], [ -113.604996451925999, 37.1216581925055 ], [ -113.605004489151995, 37.121672929902303 ], [ -113.605024313173999, 37.1217027563792 ], [ -113.605044091381998, 37.1217325140817 ], [ -113.605060402091993, 37.1217570558509 ], [ -113.605075856707998, 37.121780307599302 ], [ -113.605096504485005, 37.121811373190504 ], [ -113.604992634984001, 37.121895372204598 ], [ -113.604865248487002, 37.121998387479202 ], [ -113.604740231744998, 37.122099487300197 ], [ -113.604622915362, 37.122194358286201 ], [ -113.604444496471999, 37.122339571526098 ], [ -113.604070680532999, 37.122679526353203 ], [ -113.603341669832005, 37.123342489707198 ], [ -113.603056455628007, 37.123601859552501 ], [ -113.603018884489003, 37.1236366202887 ], [ -113.602972466742003, 37.123683284498 ], [ -113.602934019746002, 37.123725562318498 ], [ -113.602893171554001, 37.123774797835502 ], [ -113.602861299327003, 37.123816940948601 ], [ -113.602825060390003, 37.123869774876397 ], [ -113.602786971821999, 37.123932592652501 ], [ -113.602759999905999, 37.1239831380651 ], [ -113.602720074282999, 37.124071763103402 ], [ -113.602667016189002, 37.124229462756098 ], [ -113.602560213687994, 37.124549174330802 ], [ -113.602505225114996, 37.124713775471399 ], [ -113.602504857704005, 37.1247148691821 ], [ -113.601759923466005, 37.124497347208603 ], [ -113.601653311708006, 37.124472820064398 ], [ -113.601544940951001, 37.1244538153938 ], [ -113.601435260675004, 37.124440412025102 ], [ -113.601324725793006, 37.1244326655534 ], [ -113.601213794762003, 37.124430608109897 ], [ -113.601102927683002, 37.124434248228503 ], [ -113.600992584389999, 37.124443570810698 ], [ -113.600883222546003, 37.124458537187699 ], [ -113.600396161389, 37.124568941384602 ] ] ] } },
{ "type": "Feature", "properties": { "OBJECTID": 125, "CountyID": 27, "VistaID": "27STG:44", "PrecinctID": "27STG", "SubPrecinctID": "44", "VersionNbr": null, "EffectiveDate": 1744156800000, "AliasName": "STG:44", "Comments": "formerly STG44", "RcvdDate": 1744156800000, "GlobalID": "a47e73a1-1235-4a3a-8c68-e47856f75d52", "Shape__Area": 6561307.1197376251, "Shape__Length": 12563.926345882255 }, "geometry": { "type": "Polygon", "coordinates": [ [ [ -113.640783114005998, 37.094323440203397 ], [ -113.640475772499997, 37.094339449038202 ], [ -113.639586284960004, 37.094380842558401 ], [ -113.638436325512998, 37.095554537817002 ], [ -113.638099497705994, 37.095897883098701 ], [ -113.638088691871999, 37.095891306872097 ], [ -113.638014482944001, 37.095966900483603 ], [ -113.637341389675001, 37.0966534352861 ], [ -113.637312488177002, 37.096682919093702 ], [ -113.637201460000995, 37.096918693128501 ], [ -113.637202548760001, 37.0972149039182 ], [ -113.637209272649002, 37.0972277358619 ], [ -113.628027524757002, 37.101578316617598 ], [ -113.626160972920005, 37.102065940275402 ], [ -113.624507054107994, 37.101596202495301 ], [ -113.624559085426995, 37.100950576521299 ], [ -113.624970996222999, 37.100692248214798 ], [ -113.624779681118, 37.100659945919602 ], [ -113.624611035898994, 37.1006364985357 ], [ -113.624537011125994, 37.100633914923897 ], [ -113.624457098795006, 37.100636283592998 ], [ -113.624373080265002, 37.100644608324998 ], [ -113.624306475576006, 37.100655584016103 ], [ -113.624193675024003, 37.100679517880799 ], [ -113.624099384258997, 37.100694852602402 ], [ -113.623977673317995, 37.100707223979697 ], [ -113.623852926070995, 37.100711467661903 ], [ -113.623698647607, 37.100706409347502 ], [ -113.623555912494993, 37.100699995461703 ], [ -113.623379458220001, 37.100692066230103 ], [ -113.623212810854, 37.100684577629998 ], [ -113.623023880776003, 37.100682901794102 ], [ -113.622875639889998, 37.100691686498102 ], [ -113.622743155454003, 37.100706895834101 ], [ -113.622643216979995, 37.100736380930101 ], [ -113.622597952668997, 37.1007840221951 ], [ -113.622570943024002, 37.100825899396902 ], [ -113.622449491696003, 37.100871403364899 ], [ -113.622445283088993, 37.100865055408597 ], [ -113.622339940350003, 37.100706151416396 ], [ -113.622202776589006, 37.100500083567397 ], [ -113.622148010491998, 37.100420014313002 ], [ -113.622089299668005, 37.100341743354299 ], [ -113.622026736804003, 37.1002653942599 ], [ -113.621960420663001, 37.100191087565001 ], [ -113.621890455937006, 37.100118940580202 ], [ -113.621816953076006, 37.1000490672075 ], [ -113.621740028114999, 37.099981577759102 ], [ -113.621659802492005, 37.099916578784303 ], [ -113.621597568905003, 37.099864983726903 ], [ -113.621532507249995, 37.099815657846896 ], [ -113.621464747467996, 37.099768699660601 ], [ -113.621394424886006, 37.099724202955798 ], [ -113.621114507149002, 37.099561124472999 ], [ -113.620792907582, 37.099399394068598 ], [ -113.620706069107996, 37.099353385224397 ], [ -113.620622959474005, 37.099303186105502 ], [ -113.620543896062998, 37.099248988406003 ], [ -113.620469180805003, 37.0991909990897 ], [ -113.620405764428995, 37.099135630877598 ], [ -113.620346296834995, 37.0990775418705 ], [ -113.620290961185006, 37.099016910976097 ], [ -113.620239927911996, 37.098953924931699 ], [ -113.620193354196999, 37.098888777728597 ], [ -113.620151383487993, 37.098821670014701 ], [ -113.620114145054998, 37.098752808476597 ], [ -113.620081753592004, 37.098682405203299 ], [ -113.620000885454004, 37.0987267468727 ], [ -113.619534084899001, 37.099049493000798 ], [ -113.619436985101999, 37.098962954473301 ], [ -113.619333333891007, 37.098887569484198 ], [ -113.619300967591997, 37.098866914439803 ], [ -113.619278114451006, 37.098841461754198 ], [ -113.619274324458999, 37.098823838179001 ], [ -113.619287826136997, 37.098790720434302 ], [ -113.618223319831003, 37.099893936496997 ], [ -113.617874083594003, 37.1002537010202 ], [ -113.617514865279006, 37.1006231620538 ], [ -113.617295453566996, 37.100848286340899 ], [ -113.617181308236994, 37.100962080208397 ], [ -113.616965479007007, 37.1011457047831 ], [ -113.616785620117, 37.101273266605098 ], [ -113.616547830672005, 37.101414260564198 ], [ -113.616323717178005, 37.101523103508299 ], [ -113.616062443076004, 37.101637933805499 ], [ -113.615728719846004, 37.101562056399501 ], [ -113.614297388289998, 37.100323650874998 ], [ -113.614294614292007, 37.100233280637099 ], [ -113.614330269324, 37.100142079890396 ], [ -113.614315149779998, 37.098843586871801 ], [ -113.613664365272001, 37.097843061163097 ], [ -113.613693082615001, 37.097621134302699 ], [ -113.613542637262995, 37.0972338505414 ], [ -113.613394822177995, 37.0964236426152 ], [ -113.613025209455998, 37.095544598197201 ], [ -113.613025158252, 37.095413963584299 ], [ -113.612923608201001, 37.094992400540299 ], [ -113.613183300369997, 37.094993665214297 ], [ -113.613153609253004, 37.094300590598898 ], [ -113.612732807830994, 37.0938014795423 ], [ -113.612649977771994, 37.093110593821699 ], [ -113.612771621340002, 37.092948793757103 ], [ -113.613271467320004, 37.092457604607397 ], [ -113.613521552904999, 37.091928578012499 ], [ -113.613553762, 37.091282866071701 ], [ -113.613401677222001, 37.091045048050198 ], [ -113.611552969520005, 37.089523390879499 ], [ -113.610092269342005, 37.0895540046427 ], [ -113.610076528163006, 37.089555288038497 ], [ -113.610075468150995, 37.089554357916903 ], [ -113.609742671983, 37.089306470780897 ], [ -113.609229868702997, 37.0893906814131 ], [ -113.608529229493996, 37.089254328604298 ], [ -113.608325344264003, 37.089093434668598 ], [ -113.608045043844001, 37.088656039973699 ], [ -113.607807323569006, 37.0880802498421 ], [ -113.607638866097005, 37.087672214791802 ], [ -113.607316590997002, 37.086998162851799 ], [ -113.606390731570002, 37.0862364339417 ], [ -113.606211840165997, 37.086173048152297 ], [ -113.605056285112994, 37.085404745995803 ], [ -113.605547271907994, 37.084821679633002 ], [ -113.607422940747, 37.086803398738503 ], [ -113.608406246537996, 37.086032240815598 ], [ -113.608406566338999, 37.0860325245947 ], [ -113.608529243866997, 37.085935778072198 ], [ -113.608529566361995, 37.085935524390599 ], [ -113.608267565522993, 37.0856765243011 ], [ -113.608237264449997, 37.085650767638697 ], [ -113.608207566147001, 37.085625524065698 ], [ -113.608207907506994, 37.085625132075798 ], [ -113.608853677618001, 37.084884630844698 ], [ -113.609468567243994, 37.084179523980303 ], [ -113.609473565469997, 37.084512524673897 ], [ -113.614019566322, 37.084491523162697 ], [ -113.618473568908996, 37.084497524209297 ], [ -113.619692568377005, 37.084499522885899 ], [ -113.620741568862996, 37.084500522582601 ], [ -113.622424567937998, 37.084504522802099 ], [ -113.622928568627003, 37.084503523105603 ], [ -113.623356569147006, 37.084505522498702 ], [ -113.626706569199001, 37.084517523156002 ], [ -113.627088569688993, 37.084518522135802 ], [ -113.631626571043995, 37.084534522292401 ], [ -113.636205571508, 37.084555523075103 ], [ -113.636205726916003, 37.084568149340598 ], [ -113.636214570830006, 37.085288522350602 ], [ -113.636206573129002, 37.0882105223195 ], [ -113.636217104078995, 37.088210587529503 ], [ -113.636689572104999, 37.0882135219791 ], [ -113.637171572154003, 37.0882155227075 ], [ -113.640776572473996, 37.0882325217312 ], [ -113.640786573417998, 37.088960522372098 ], [ -113.640789572892999, 37.089204522455397 ], [ -113.640783114005998, 37.094323440203397 ] ] ] } },
{ "type": "Feature", "properties": { "OBJECTID": 128, "CountyID": 27, "VistaID": "27STG:30", "PrecinctID": "27STG", "SubPrecinctID": "30", "VersionNbr": null, "EffectiveDate": 1744156800000, "AliasName": "STG:30", "Comments": "formerly STG30", "RcvdDate": 1744156800000, "GlobalID": "72ce6c63-b404-4cb7-9d20-ffa5cec0c012", "Shape__Area": 2676894.0429439545, "Shape__Length": 7589.584617821225 }, "geometry": { "type": "Polygon", "coordinates": [ [ [ -113.612086892191996, 37.038127995690097 ], [ -113.611066927051994, 37.037827858280899 ], [ -113.610737894824993, 37.037857861892803 ], [ -113.608599447206004, 37.035091935386703 ], [ -113.609015721118993, 37.033982531471203 ], [ -113.609310070291997, 37.033619693757998 ], [ -113.609730387522006, 37.033089994941903 ], [ -113.609781863329999, 37.033021074851497 ], [ -113.609830957510994, 37.032951056101098 ], [ -113.609875786676, 37.032882895982603 ], [ -113.609918360815996, 37.032813820564499 ], [ -113.609958650636003, 37.032743877377797 ], [ -113.609996628408993, 37.032673114550697 ], [ -113.610270045937, 37.032137244024803 ], [ -113.610327665675996, 37.032022411009798 ], [ -113.610822029237994, 37.031037140478098 ], [ -113.610890247705001, 37.030868050699702 ], [ -113.610953110704003, 37.030697642751797 ], [ -113.611010578366006, 37.030526024706298 ], [ -113.611062614241007, 37.030353305402997 ], [ -113.611067740028005, 37.0303351882934 ], [ -113.611072351079997, 37.0303359821676 ], [ -113.611195224441005, 37.0303556733992 ], [ -113.612045149278003, 37.030366452729197 ], [ -113.612049873518004, 37.030366528746001 ], [ -113.613402488400993, 37.030372142516597 ], [ -113.613984618263999, 37.030362285429298 ], [ -113.614001617084, 37.030361050514401 ], [ -113.614283649455999, 37.030340553935901 ], [ -113.614543556322005, 37.030308779602699 ], [ -113.614621525597002, 37.030295709717699 ], [ -113.614837595576006, 37.030259489809602 ], [ -113.615567277317993, 37.030133977862398 ], [ -113.616494411454994, 37.029974496059303 ], [ -113.616652510454003, 37.029947299102098 ], [ -113.617007918116002, 37.0299045809844 ], [ -113.617018148130001, 37.029904011571801 ], [ -113.617346610826004, 37.029885750926297 ], [ -113.618359144202998, 37.029938735687303 ], [ -113.618724827693995, 37.0299895933641 ], [ -113.618940675789005, 37.030019611547303 ], [ -113.61904639043, 37.0300343136973 ], [ -113.619104831228995, 37.030046102092903 ], [ -113.619835659222005, 37.030168339716198 ], [ -113.620720950730998, 37.030316403521901 ], [ -113.620742883996996, 37.030320072411797 ], [ -113.620907122651005, 37.030352128903701 ], [ -113.621072810407, 37.030379016114701 ], [ -113.621239692079996, 37.030400692639603 ], [ -113.621407510645, 37.0304171250975 ], [ -113.621474769307, 37.030428179083103 ], [ -113.622238338195999, 37.030474558617399 ], [ -113.622348950451993, 37.030461749082399 ], [ -113.622784698941999, 37.030401967638099 ], [ -113.622845446615003, 37.030393633759203 ], [ -113.623976444421999, 37.030158818224798 ], [ -113.625044645499997, 37.029974225696201 ], [ -113.625057058419998, 37.029972106537002 ], [ -113.625908953261998, 37.029826603701899 ], [ -113.625909084415994, 37.029826581470402 ], [ -113.627838358423006, 37.029621537976197 ], [ -113.627874755462997, 37.029617667534403 ], [ -113.628540313664004, 37.029546953228497 ], [ -113.628775267128006, 37.0295219190361 ], [ -113.629620550368998, 37.029432103388302 ], [ -113.630592973071003, 37.029328770081698 ], [ -113.631539616818998, 37.029228101566297 ], [ -113.631602441397007, 37.029221390470603 ], [ -113.632490197883001, 37.029079137047503 ], [ -113.632764961088, 37.030434647679201 ], [ -113.632208088255993, 37.031543081515402 ], [ -113.631546967733001, 37.032003288172902 ], [ -113.632670115162995, 37.032426510151303 ], [ -113.632607266330993, 37.033944519122002 ], [ -113.630653019159993, 37.035341180071903 ], [ -113.629028435731001, 37.035844695927203 ], [ -113.628940603852996, 37.0366828224725 ], [ -113.627073286650997, 37.037648932044902 ], [ -113.624731259230003, 37.037646301111103 ], [ -113.624859411090995, 37.037424786764497 ], [ -113.624524646713994, 37.037408381561796 ], [ -113.623577420857998, 37.037609024877099 ], [ -113.622798338063006, 37.037787783412703 ], [ -113.621658067845004, 37.038231140626102 ], [ -113.620756493472996, 37.038529516052101 ], [ -113.619512113903994, 37.038856270099203 ], [ -113.619097786641007, 37.039909527389703 ], [ -113.619029934192, 37.040084271493498 ], [ -113.618769270944995, 37.040320519828597 ], [ -113.617969559238006, 37.04019403857 ], [ -113.617969023841994, 37.039989213802698 ], [ -113.617245217081006, 37.039300074252701 ], [ -113.616738313935997, 37.037666756279002 ], [ -113.613449544849999, 37.037663973326701 ], [ -113.612085834875003, 37.0378981425227 ], [ -113.612086892191996, 37.038127995690097 ] ] ] } },
{ "type": "Feature", "properties": { "OBJECTID": 130, "CountyID": 27, "VistaID": "27STG:26", "PrecinctID": "27STG", "SubPrecinctID": "26", "VersionNbr": null, "EffectiveDate": 1744156800000, "AliasName": "STG:26", "Comments": "formerly STG26", "RcvdDate": 1744156800000, "GlobalID": "f563042e-7fcc-463a-89b9-5f092e943e11", "Shape__Area": 5303045.19921875, "Shape__Length": 11690.223241330847 }, "geometry": { "type": "Polygon", "coordinates": [ [ [ -113.517815285080005, 37.081501536111098 ], [ -113.517742040044993, 37.077700326412298 ], [ -113.517722500789006, 37.077700669708101 ], [ -113.517676419012005, 37.077701479570898 ], [ -113.517677523041002, 37.077726648379702 ], [ -113.513320101025002, 37.077758976218199 ], [ -113.513320034550006, 37.077753297149599 ], [ -113.513309946468993, 37.077753416120501 ], [ -113.513305768405004, 37.077753468438999 ], [ -113.513305819609002, 37.077753451238401 ], [ -113.513234003793997, 37.076946014367998 ], [ -113.513233185428007, 37.076936799041299 ], [ -113.513233183631996, 37.076936761772899 ], [ -113.513233476482, 37.076908372568099 ], [ -113.513240113235994, 37.076264894213601 ], [ -113.513240737564999, 37.076089746772503 ], [ -113.513242151512998, 37.075686023420502 ], [ -113.513245221955003, 37.074280767353301 ], [ -113.513245250701004, 37.074267841216901 ], [ -113.513245370177003, 37.074237287935503 ], [ -113.513243334593994, 37.074155232149003 ], [ -113.513243294169996, 37.074155235015901 ], [ -113.513180135419006, 37.074155938841102 ], [ -113.513161150423997, 37.0741561638931 ], [ -113.511985707570005, 37.074169003324698 ], [ -113.510901444615001, 37.074180890942202 ], [ -113.510896833562995, 37.0741808988261 ], [ -113.510896844342, 37.074183211700699 ], [ -113.510889104458002, 37.0741832525541 ], [ -113.510888825980004, 37.074183253987599 ], [ -113.510888457671001, 37.0732565546787 ], [ -113.510888456773003, 37.073255784188902 ], [ -113.510888452280994, 37.073243028460602 ], [ -113.510889020915002, 37.073243026310401 ], [ -113.510889005642994, 37.073241007985096 ], [ -113.510888439704999, 37.073241010135298 ], [ -113.510885035089998, 37.072712460079401 ], [ -113.510882350025, 37.072296526935702 ], [ -113.510875371911993, 37.071542388344199 ], [ -113.510867969794006, 37.070559439133497 ], [ -113.510859274102003, 37.069477861825803 ], [ -113.510854885832003, 37.0689316299285 ], [ -113.510853580580005, 37.068769497991802 ], [ -113.510822005695999, 37.068769602641197 ], [ -113.507073539035005, 37.068782065243397 ], [ -113.506324441106003, 37.068784553893003 ], [ -113.506322288741998, 37.068784561777498 ], [ -113.506043243269005, 37.068785485703003 ], [ -113.506046786224999, 37.069705494142298 ], [ -113.50416778284, 37.0697128180799 ], [ -113.504167319309005, 37.069662979738901 ], [ -113.504142342551006, 37.06697642164 ], [ -113.504128702532, 37.066976301935398 ], [ -113.504057520927006, 37.066976592236998 ], [ -113.504039953472997, 37.063348797990997 ], [ -113.504039663317002, 37.063289197277498 ], [ -113.504040585886997, 37.060539006920301 ], [ -113.504051864234995, 37.060517915613502 ], [ -113.506141641132004, 37.056609600720599 ], [ -113.506168753186003, 37.056619053657798 ], [ -113.508695243362993, 37.057499826953098 ], [ -113.509062480938994, 37.056647753702698 ], [ -113.509221301284995, 37.056647877008103 ], [ -113.509336286538996, 37.056381070264798 ], [ -113.509196797040005, 37.056342266208397 ], [ -113.509312144315999, 37.0560967115171 ], [ -113.509450139018, 37.055852269375499 ], [ -113.509537679843007, 37.055703152772999 ], [ -113.509709370351004, 37.055410693345401 ], [ -113.509954716425, 37.0549861305429 ], [ -113.510217633546006, 37.054547190574297 ], [ -113.510810581821005, 37.054786523206801 ], [ -113.510875829154998, 37.054686900720199 ], [ -113.510969445284999, 37.054560735898498 ], [ -113.511062656275996, 37.054447000695802 ], [ -113.511136379215003, 37.054489886384701 ], [ -113.511232610340997, 37.054541421587501 ], [ -113.511334106492995, 37.0545907515369 ], [ -113.511429466254, 37.054632749609198 ], [ -113.511572627167993, 37.054688492977597 ], [ -113.511672444368998, 37.054722512506899 ], [ -113.511780892583005, 37.054755230830096 ], [ -113.511887514522996, 37.0547832920969 ], [ -113.512022485496004, 37.054813227353399 ], [ -113.512112811996005, 37.054829901220202 ], [ -113.512280034284004, 37.054853894720303 ], [ -113.512380938446995, 37.054864156549002 ], [ -113.512528923313994, 37.054873586762497 ], [ -113.512628639902999, 37.0548721214018 ], [ -113.514559999797996, 37.054871116296198 ], [ -113.514564434779999, 37.055564623801899 ], [ -113.514567293219997, 37.055914641009402 ], [ -113.519822818517, 37.055925737881303 ], [ -113.521951487973993, 37.0559131369561 ], [ -113.522132688946996, 37.055913091074601 ], [ -113.522132547013001, 37.0559195259559 ], [ -113.522132447299995, 37.055924755730402 ], [ -113.522131310931002, 37.055983716304397 ], [ -113.522130838416999, 37.056008194779402 ], [ -113.522127663771002, 37.056172974964198 ], [ -113.522123546792002, 37.056386526546 ], [ -113.522090547179999, 37.058048526943601 ], [ -113.522082547682999, 37.058468526193799 ], [ -113.522076057354994, 37.058872758419199 ], [ -113.522065546167994, 37.059527526567798 ], [ -113.522070546189994, 37.059913526251101 ], [ -113.522088546632006, 37.061074527154702 ], [ -113.522091547005004, 37.061307526638998 ], [ -113.522093547552998, 37.061381526780899 ], [ -113.522094547378003, 37.061461527569797 ], [ -113.522095547202994, 37.0615245275673 ], [ -113.522098547575993, 37.061715527239699 ], [ -113.522099547400998, 37.0617795263056 ], [ -113.522114547469997, 37.062819527393202 ], [ -113.522132881185996, 37.064082757817701 ], [ -113.522134547560995, 37.064197527284797 ], [ -113.522134547560995, 37.064219527213197 ], [ -113.522141547234, 37.064599526925001 ], [ -113.522196548384002, 37.0659415274257 ], [ -113.522238252671002, 37.066937574977501 ], [ -113.522239548939993, 37.066968527586901 ], [ -113.522240547866005, 37.066982528008097 ], [ -113.522239548041, 37.067083527795901 ], [ -113.522238548217004, 37.067386527785999 ], [ -113.522238548217004, 37.067488527673603 ], [ -113.522237548391999, 37.067814527715697 ], [ -113.522233548193995, 37.068792528036099 ], [ -113.522233548193995, 37.069119528107002 ], [ -113.522230547820996, 37.070136527950503 ], [ -113.522229547996005, 37.070511528001497 ], [ -113.522269548178997, 37.073187528080503 ], [ -113.522283547523998, 37.074108528106201 ], [ -113.522284548247001, 37.074205528392497 ], [ -113.522284756656006, 37.074230929147397 ], [ -113.522289549169002, 37.074815528324201 ], [ -113.522293156803002, 37.075203884898698 ], [ -113.522306548887002, 37.076645528778002 ], [ -113.522312549633, 37.077256528940502 ], [ -113.522316549831004, 37.077778529010203 ], [ -113.522318548583002, 37.077967528322198 ], [ -113.522321248020006, 37.078273825307001 ], [ -113.522332549724993, 37.0795555293615 ], [ -113.522337549746993, 37.080100528746399 ], [ -113.522344549419998, 37.080811529407697 ], [ -113.522269549076995, 37.081053529006802 ], [ -113.522122549662001, 37.081315529774898 ], [ -113.521914548351006, 37.0815935289816 ], [ -113.521833548160998, 37.081719529162797 ], [ -113.521745549195003, 37.0818285286785 ], [ -113.521330549094003, 37.081637528772902 ], [ -113.520812549957995, 37.081517529021397 ], [ -113.520392548935007, 37.081474529613601 ], [ -113.520004548597996, 37.081478528559501 ], [ -113.517817547936005, 37.081501529661203 ], [ -113.517815285080005, 37.081501536111098 ] ] ] } },
{ "type": "Feature", "properties": { "OBJECTID": 131, "CountyID": 27, "VistaID": "27STG:08", "PrecinctID": "27STG", "SubPrecinctID": "08", "VersionNbr": null, "EffectiveDate": 1744156800000, "AliasName": "STG:08", "Comments": "formerly STG08", "RcvdDate": 1744156800000, "GlobalID": "bf9b8f33-0875-4089-bfa3-09c4888b647f", "Shape__Area": 4122992.903301239, "Shape__Length": 9761.334176607259 }, "geometry": { "type": "Polygon", "coordinates": [ [ [ -113.541820196358003, 37.102575482246898 ], [ -113.541825554808995, 37.102467530656298 ], [ -113.541772555104998, 37.102161530614502 ], [ -113.541693555462999, 37.101875530150799 ], [ -113.541513554638996, 37.101579530312499 ], [ -113.541259555094001, 37.101215529865001 ], [ -113.541191555322001, 37.101056529884303 ], [ -113.541148555663995, 37.100617530552697 ], [ -113.541059554179, 37.100226529965703 ], [ -113.541049957477, 37.100129964920797 ], [ -113.541040157756001, 37.100031351332198 ], [ -113.541027554392002, 37.099904531127997 ], [ -113.541111554058006, 37.099666530235197 ], [ -113.541307555673001, 37.099317530310501 ], [ -113.541402554311006, 37.0989735298892 ], [ -113.541328555589999, 37.098651530024803 ], [ -113.540979554711996, 37.0982445299137 ], [ -113.540765554451994, 37.097967530395699 ], [ -113.540551555090005, 37.097911530085497 ], [ -113.540329554433001, 37.097689530342301 ], [ -113.539980555352003, 37.097520529862798 ], [ -113.539071553710002, 37.097499529806598 ], [ -113.538143553596996, 37.0974595294445 ], [ -113.538121553856001, 37.097399530653099 ], [ -113.538138553574001, 37.097316529786703 ], [ -113.538203553871, 37.0972105303522 ], [ -113.538221554312997, 37.097139530086999 ], [ -113.538234553832993, 37.097094530449603 ], [ -113.538224553787998, 37.097017530737297 ], [ -113.538174553559003, 37.096941529762802 ], [ -113.537984553588004, 37.096803530381699 ], [ -113.537920554013994, 37.096744530605903 ], [ -113.537877554356001, 37.096690529896499 ], [ -113.537854553892004, 37.096619530577101 ], [ -113.537818553907002, 37.096559529687397 ], [ -113.537784553571996, 37.096549530012197 ], [ -113.537690553860003, 37.096413530429103 ], [ -113.537636554331996, 37.096348530241798 ], [ -113.537482553448001, 37.096160529728103 ], [ -113.537423553897, 37.096077530370401 ], [ -113.537375553318, 37.096008529566198 ], [ -113.537343553531002, 37.095958530096802 ], [ -113.537331553835003, 37.095938530586501 ], [ -113.537293553302007, 37.095829529866101 ], [ -113.537235553575997, 37.0957365296468 ], [ -113.537234730719007, 37.095735736456803 ], [ -113.537127240109001, 37.095632256972202 ], [ -113.537113044031997, 37.095618593591198 ], [ -113.537101553680998, 37.095607530471099 ], [ -113.537064584413997, 37.095553163524201 ], [ -113.537050553628006, 37.095532530499497 ], [ -113.537039553756998, 37.0954905299958 ], [ -113.537030552638001, 37.095263529684999 ], [ -113.537005552523993, 37.094584530248298 ], [ -113.536997553025998, 37.094358529655999 ], [ -113.536933552554004, 37.094309529381597 ], [ -113.536886552697993, 37.094275529040999 ], [ -113.536829552795993, 37.0942165294463 ], [ -113.536780553290995, 37.094124529683199 ], [ -113.536773552720007, 37.0941145296866 ], [ -113.536720553017005, 37.094070529972598 ], [ -113.536871552628995, 37.094070530689201 ], [ -113.536951552995006, 37.094017529794698 ], [ -113.537130553094997, 37.093763529400803 ], [ -113.537051553452997, 37.093467530113202 ], [ -113.536834553717995, 37.0932035299086 ], [ -113.536570554126996, 37.092981529985501 ], [ -113.536285552823003, 37.092701529658498 ], [ -113.535931552820998, 37.092331529123904 ], [ -113.535888553163005, 37.092030529122503 ], [ -113.536036553301003, 37.091734529514497 ], [ -113.536348552573003, 37.091448529816702 ], [ -113.536464552024995, 37.091369529454298 ], [ -113.536612553062, 37.091173529034101 ], [ -113.536624552757004, 37.091060529468201 ], [ -113.536797553008995, 37.090809529468103 ], [ -113.536961947400997, 37.090567504406003 ], [ -113.536977552934999, 37.090544528985497 ], [ -113.537141552966006, 37.090196528942599 ], [ -113.537336552959999, 37.089963528640503 ], [ -113.537580552459005, 37.0896885289186 ], [ -113.537981552317007, 37.089355528750602 ], [ -113.538631553494, 37.088457528766902 ], [ -113.538821423209001, 37.088209088416299 ], [ -113.538926553045997, 37.088071528885997 ], [ -113.539081552856999, 37.087939528457099 ], [ -113.539329552553994, 37.087579529180701 ], [ -113.539509553377002, 37.087215528834598 ], [ -113.539625552830003, 37.086982528683798 ], [ -113.539731954681997, 37.0868396583082 ], [ -113.539873552526998, 37.086649528808699 ], [ -113.540185552696997, 37.086047528338597 ], [ -113.540219744373005, 37.085882649663802 ], [ -113.54022537681, 37.085855490654701 ], [ -113.540257833838993, 37.085698974483698 ], [ -113.540275553108003, 37.085613528600199 ], [ -113.540217553382007, 37.0853595287034 ], [ -113.540122552948006, 37.085079528164002 ], [ -113.540196553466004, 37.084889527541499 ], [ -113.540428553268995, 37.084789528946203 ], [ -113.540608553194005, 37.084720527896501 ], [ -113.540804553013004, 37.084609528849001 ], [ -113.541480554128995, 37.084339528260102 ], [ -113.541806552745001, 37.0841675275692 ], [ -113.542247554583, 37.084117528170097 ], [ -113.542669553459007, 37.084186527618797 ], [ -113.542966867071996, 37.084322127767102 ], [ -113.543261554010996, 37.084456528752803 ], [ -113.543721553419999, 37.085005528212001 ], [ -113.543843554516997, 37.085486528758203 ], [ -113.543880554327004, 37.085751528294402 ], [ -113.544033554487996, 37.085846527943097 ], [ -113.544361553653005, 37.085856528314103 ], [ -113.544694553739006, 37.085835528608399 ], [ -113.545180553986, 37.0858725289049 ], [ -113.545814554371006, 37.086004527917297 ], [ -113.546290554571996, 37.086047527622 ], [ -113.546670554513, 37.086062528496598 ], [ -113.547072555094005, 37.086041528131403 ], [ -113.547306571616005, 37.0859742323305 ], [ -113.547458553984995, 37.085930527435202 ], [ -113.547960555024005, 37.085825527518097 ], [ -113.548594554510998, 37.0858195280098 ], [ -113.548880554741004, 37.085957528045597 ], [ -113.548918083659004, 37.086012212170701 ], [ -113.548985554322996, 37.086110528695201 ], [ -113.549139555207006, 37.086395528083997 ], [ -113.549102555396999, 37.086665527082303 ], [ -113.549250553738005, 37.086882527833403 ], [ -113.549546554912993, 37.087040527797903 ], [ -113.549763554647996, 37.0870845280106 ], [ -113.549958554640995, 37.087114527913002 ], [ -113.550376556014001, 37.087019527703703 ], [ -113.550842555271004, 37.086855528269197 ], [ -113.551274555091993, 37.086602528620297 ], [ -113.551618555047995, 37.086401528263302 ], [ -113.552062554564003, 37.0861585274302 ], [ -113.552622556227007, 37.085967527685298 ], [ -113.553039555080005, 37.0858675269291 ], [ -113.553468555425994, 37.085740527512698 ], [ -113.553800555687005, 37.085529528040098 ], [ -113.553932793087, 37.085511932899998 ], [ -113.554281555011997, 37.085465527516803 ], [ -113.554720556302001, 37.085624527967099 ], [ -113.555238555437001, 37.085951527831199 ], [ -113.555730556430007, 37.0861525279483 ], [ -113.555903555783999, 37.086247527810997 ], [ -113.555993556196, 37.086283527516599 ], [ -113.556263556532997, 37.086392527635901 ], [ -113.556354555870996, 37.086429527660499 ], [ -113.556668288891004, 37.087201154499198 ], [ -113.556795131906995, 37.087579182346602 ], [ -113.556848008540996, 37.087802498002901 ], [ -113.556927926262006, 37.0881623901643 ], [ -113.556972847417001, 37.0885964398013 ], [ -113.556983516707007, 37.088777589869899 ], [ -113.557000688901994, 37.089689014042797 ], [ -113.557056354804999, 37.092362722161504 ], [ -113.557069291443995, 37.092362740075302 ], [ -113.557060246307003, 37.0923704480469 ], [ -113.557090554566997, 37.093617230972797 ], [ -113.557095088363994, 37.094218321504201 ], [ -113.557136922907006, 37.0962299517061 ], [ -113.555879112624993, 37.096214882625397 ], [ -113.551662906670003, 37.096272763613896 ], [ -113.551663134842002, 37.096272815919598 ], [ -113.551606677524006, 37.096273574711297 ], [ -113.551556443351004, 37.096273783401998 ], [ -113.551506234300007, 37.096272499342 ], [ -113.551456120067996, 37.096269724313601 ], [ -113.551406170223999, 37.0962654621691 ], [ -113.551356454108003, 37.096259718824598 ], [ -113.551307040734002, 37.096252502252902 ], [ -113.551257998696997, 37.096243822471202 ], [ -113.551209396076004, 37.096233691528397 ], [ -113.551161300342002, 37.096222123487401 ], [ -113.551113778258994, 37.096209134406102 ], [ -113.551066895798002, 37.096194742314999 ], [ -113.551020718038998, 37.096178967192301 ], [ -113.550975309085999, 37.096161830935799 ], [ -113.550930731975001, 37.096143357332998 ], [ -113.550887048587001, 37.096123572027501 ], [ -113.550844319562998, 37.096102502484001 ], [ -113.550766928345993, 37.096059640179398 ], [ -113.550693464578998, 37.096012585783399 ], [ -113.550648679722997, 37.095980376514802 ], [ -113.550605732777001, 37.0959466123022 ], [ -113.550564708519005, 37.095911359795203 ], [ -113.550525687933998, 37.095874688581297 ], [ -113.550488748047997, 37.095836671048701 ], [ -113.550453961781997, 37.095797382243099 ], [ -113.550421397804996, 37.095756899720101 ], [ -113.550391120399993, 37.0957153033916 ], [ -113.550287120643006, 37.095756675380997 ], [ -113.550196059320996, 37.095792900573201 ], [ -113.550136178355999, 37.095815368972602 ], [ -113.550077621956007, 37.095839958320397 ], [ -113.550020508125996, 37.095866619061198 ], [ -113.549964951964, 37.095895297464999 ], [ -113.549911065428006, 37.095925935735998 ], [ -113.549858957113003, 37.095958472128302 ], [ -113.549808732030002, 37.095992841071002 ], [ -113.549760491393002, 37.096028973300101 ], [ -113.549720734722001, 37.096061332723998 ], [ -113.549682566135004, 37.096094886606402 ], [ -113.549633732087997, 37.096141910120203 ], [ -113.549588012162999, 37.0961908850132 ], [ -113.549538085598002, 37.096251211821603 ], [ -113.549492867267006, 37.096313856167498 ], [ -113.549452525700005, 37.096378584569301 ], [ -113.549417211250997, 37.096445155778397 ], [ -113.549387055536002, 37.096513321678799 ], [ -113.549362170947006, 37.096582828211503 ], [ -113.549342650227004, 37.096653416321502 ], [ -113.549328566132999, 37.096724822923697 ], [ -113.549321053894005, 37.096784265571401 ], [ -113.549317303953998, 37.096843934486202 ], [ -113.549316884440998, 37.096882439097598 ], [ -113.549316340062006, 37.096955180008102 ], [ -113.549311879925995, 37.097551242138998 ], [ -113.549304364620994, 37.098555617132803 ], [ -113.549299254283994, 37.098628407805997 ], [ -113.549299552346, 37.098701312052398 ], [ -113.549303413350003, 37.0987568140918 ], [ -113.549310410727998, 37.098812120572703 ], [ -113.549320530220001, 37.098867118804201 ], [ -113.549333751207996, 37.098921696723899 ], [ -113.549358822485999, 37.099001145352801 ], [ -113.549390478602007, 37.099079084054701 ], [ -113.549428578708998, 37.099155166062097 ], [ -113.549472953288998, 37.099229052869497 ], [ -113.549523404905003, 37.0993004157393 ], [ -113.549579709083005, 37.099368937164201 ], [ -113.549641615309994, 37.099434312280003 ], [ -113.549708848145002, 37.099496250221797 ], [ -113.549765910966997, 37.0995407187837 ], [ -113.549825937112999, 37.099582632086999 ], [ -113.549888746967, 37.099621864718301 ], [ -113.549954152582004, 37.099658299285899 ], [ -113.550021958244997, 37.099691826770297 ], [ -113.550091961060005, 37.099722346850903 ], [ -113.550163951556996, 37.099749768205903 ], [ -113.550237714318996, 37.099774008785602 ], [ -113.550313028624004, 37.099794996057703 ], [ -113.550389669108995, 37.099812667224597 ], [ -113.550467406441996, 37.099826969411097 ], [ -113.550546008008993, 37.099837859822401 ], [ -113.550625238609001, 37.099845305872698 ], [ -113.550704861160995, 37.099849285281998 ], [ -113.550784637408995, 37.099849786143302 ], [ -113.550864328637005, 37.099846806957899 ], [ -113.551054297166999, 37.099848962856001 ], [ -113.551053675532998, 37.099927950795603 ], [ -113.551050584430001, 37.1003215866997 ], [ -113.551046031767996, 37.100901232304103 ], [ -113.551050152504004, 37.100970489456799 ], [ -113.551058884043002, 37.1010394738624 ], [ -113.551072201688996, 37.101107990392997 ], [ -113.551090067770005, 37.101175845244903 ], [ -113.551112431752003, 37.101242846486201 ], [ -113.551139230375, 37.101308804600102 ], [ -113.551170387837004, 37.101373533020997 ], [ -113.551205816006004, 37.101436848661898 ], [ -113.551462822212002, 37.101836118883597 ], [ -113.551555511282004, 37.101980114492001 ], [ -113.551593450132003, 37.102042744852596 ], [ -113.551626454832999, 37.102107128248598 ], [ -113.551653940359998, 37.102171812032701 ], [ -113.551676452205001, 37.1022377071397 ], [ -113.551693907342994, 37.102304570541897 ], [ -113.551706241399998, 37.102372155641199 ], [ -113.551713648502997, 37.102443827199203 ], [ -113.551715300908995, 37.102515729669904 ], [ -113.551712893423996, 37.102849483748301 ], [ -113.551609937509994, 37.1028509754073 ], [ -113.550177027613003, 37.102844209923703 ], [ -113.549137514234999, 37.102843798678599 ], [ -113.549214336361004, 37.1030807772418 ], [ -113.548719484116006, 37.103193062491002 ], [ -113.548619047974995, 37.103160726155998 ], [ -113.548391023216993, 37.103213848899401 ], [ -113.548315962402995, 37.103228301589603 ], [ -113.548239920548994, 37.103239006180999 ], [ -113.548163191593005, 37.103245921297102 ], [ -113.548086072127006, 37.1032490202088 ], [ -113.547678549601997, 37.103250466723502 ], [ -113.547156227773002, 37.1032523180331 ], [ -113.547089406601003, 37.103257483900698 ], [ -113.547023444581001, 37.103267446402597 ], [ -113.546958881890006, 37.103282123951999 ], [ -113.546896247245002, 37.103301396348698 ], [ -113.546857538994004, 37.103316013739402 ], [ -113.546819950632994, 37.103332384980497 ], [ -113.546814480790999, 37.103327430009998 ], [ -113.546769835084007, 37.103270113983299 ], [ -113.546722549899997, 37.103214160555702 ], [ -113.546668886785994, 37.103155657981503 ], [ -113.546612334471007, 37.103098912901899 ], [ -113.546552983347993, 37.103044016024 ], [ -113.546490928287, 37.102991055101 ], [ -113.546436543929005, 37.102947944736897 ], [ -113.546380364241003, 37.102906324523403 ], [ -113.546322453379005, 37.1028662419928 ], [ -113.546262877478, 37.102827742921697 ], [ -113.546253932951998, 37.102822421093101 ], [ -113.545832317657002, 37.102571571821898 ], [ -113.545771032597003, 37.102541135121598 ], [ -113.545707146251004, 37.1025143158029 ], [ -113.545640993706002, 37.102491254537803 ], [ -113.545572921932006, 37.102472072286602 ], [ -113.545563436620995, 37.102468434110499 ], [ -113.545557964083997, 37.102466334887097 ], [ -113.545476637606995, 37.102452361535804 ], [ -113.545394276425, 37.102443006342803 ], [ -113.545311292278001, 37.102438316078 ], [ -113.545228100016999, 37.102438314189698 ], [ -113.544936647013003, 37.102449180719098 ], [ -113.544921350500005, 37.102449573338397 ], [ -113.544922936925005, 37.102479645252103 ], [ -113.544506356686995, 37.102565782844998 ], [ -113.544335114437999, 37.102565004055599 ], [ -113.542770526791998, 37.102571722994398 ], [ -113.541820196358003, 37.102575482246898 ] ] ] } },
{ "type": "Feature", "properties": { "OBJECTID": 133, "CountyID": 27, "VistaID": "27STG:12", "PrecinctID": "27STG", "SubPrecinctID": "12", "VersionNbr": null, "EffectiveDate": 1744156800000, "AliasName": "STG:12", "Comments": "formerly STG12", "RcvdDate": 1744156800000, "GlobalID": "0faa6ed9-d650-42cf-b147-f2b04e2c3c4e", "Shape__Area": 5734725.6171875, "Shape__Length": 11864.48850925327 }, "geometry": { "type": "Polygon", "coordinates": [ [ [ -113.557069291443995, 37.092362740075302 ], [ -113.557056354804999, 37.092362722161504 ], [ -113.557000688901994, 37.089689014042797 ], [ -113.556983516707007, 37.088777589869899 ], [ -113.556972847417001, 37.0885964398013 ], [ -113.556927926262006, 37.0881623901643 ], [ -113.556848008540996, 37.087802498002901 ], [ -113.556795131906995, 37.087579182346602 ], [ -113.556668288891004, 37.087201154499198 ], [ -113.556354555870996, 37.086429527660499 ], [ -113.556333555955007, 37.086379527603597 ], [ -113.556311555315006, 37.086327528168802 ], [ -113.556267556731001, 37.086224527432698 ], [ -113.556248557361997, 37.086181527111798 ], [ -113.556230556022996, 37.086139527158203 ], [ -113.556219557049999, 37.086112527329298 ], [ -113.556176555595997, 37.086016528337403 ], [ -113.556158556051997, 37.085976527646601 ], [ -113.556123555892, 37.085899527386097 ], [ -113.556070556188999, 37.085779527215102 ], [ -113.556026555808003, 37.085667528603899 ], [ -113.555996556568999, 37.085590527312903 ], [ -113.555917556028007, 37.085395528114297 ], [ -113.555680556202006, 37.084811527200898 ], [ -113.555601556558997, 37.084617527126603 ], [ -113.555571556421995, 37.0845435267236 ], [ -113.555386556474005, 37.084089527202302 ], [ -113.555327555125999, 37.0839655275011 ], [ -113.555087555824997, 37.083460527842398 ], [ -113.554840555054, 37.083019526745403 ], [ -113.554407555409, 37.082346527035803 ], [ -113.554275555165006, 37.082125526570302 ], [ -113.554235555879998, 37.082059527298597 ], [ -113.554128555749998, 37.081870526720898 ], [ -113.554032554591998, 37.081654527121799 ], [ -113.553969554842993, 37.081490527546102 ], [ -113.553889555374994, 37.081296527572299 ], [ -113.553833554400001, 37.081076526654201 ], [ -113.553802555337001, 37.080843527699201 ], [ -113.553793555116002, 37.080701527249701 ], [ -113.553792556188995, 37.080685527717399 ], [ -113.553789555815996, 37.080498527513001 ], [ -113.553786555442997, 37.080347527222102 ], [ -113.553780555594997, 37.079897525966999 ], [ -113.553778554149005, 37.079747526388402 ], [ -113.553778554149005, 37.079584526748803 ], [ -113.553778554149005, 37.079098527180797 ], [ -113.553779554871994, 37.078982526788003 ], [ -113.553781555420002, 37.078937527119201 ], [ -113.553779553973996, 37.078923526754899 ], [ -113.553779555770006, 37.078836526634397 ], [ -113.553779554871994, 37.078533526523003 ], [ -113.553780554696999, 37.078433525993397 ], [ -113.553780555594997, 37.078195526467098 ], [ -113.553780554696999, 37.0774855261458 ], [ -113.553781554522004, 37.077248526302803 ], [ -113.553780554696999, 37.077091526506898 ], [ -113.553780553799001, 37.0766225254864 ], [ -113.553780554696999, 37.076466526346898 ], [ -113.553778554149005, 37.076113526420201 ], [ -113.553777554324, 37.075963525805598 ], [ -113.553777555221998, 37.075734526870399 ], [ -113.553772555199004, 37.075575526461101 ], [ -113.553733554841003, 37.075331526942698 ], [ -113.553674554392003, 37.075140526436897 ], [ -113.553646554802995, 37.075072527176403 ], [ -113.553616554664998, 37.074996526412903 ], [ -113.553490555167002, 37.074757526307003 ], [ -113.553637555479995, 37.074698525853101 ], [ -113.553650555000999, 37.074690525812301 ], [ -113.553795553867005, 37.074609526964402 ], [ -113.553980554714002, 37.074470525793302 ], [ -113.554056553983003, 37.074394526576597 ], [ -113.554069554402005, 37.074381525920302 ], [ -113.554194554974003, 37.074260525603201 ], [ -113.554232554609001, 37.0742375258884 ], [ -113.554295554358006, 37.074200527080301 ], [ -113.554351554434007, 37.074182525794001 ], [ -113.554394554091999, 37.074169525818 ], [ -113.554473555531004, 37.074144525692503 ], [ -113.554571555441001, 37.074122526492701 ], [ -113.554682554869999, 37.074108525955999 ], [ -113.554719554680005, 37.074107526122397 ], [ -113.554803555244007, 37.074106525571999 ], [ -113.554924554720003, 37.074109525789702 ], [ -113.555070554310007, 37.074128526209897 ], [ -113.555189554134998, 37.0741655257698 ], [ -113.555317555079995, 37.074219526760999 ], [ -113.555338554996993, 37.074228525966802 ], [ -113.555432553809993, 37.074286526238502 ], [ -113.555505554503, 37.074331526517497 ], [ -113.555714555639, 37.074478525140499 ], [ -113.555930555548997, 37.074592526319201 ], [ -113.556068554741998, 37.074620525777704 ], [ -113.556199555161996, 37.074636525873302 ], [ -113.556435555164001, 37.074629526369399 ], [ -113.557047555807003, 37.074581526785103 ], [ -113.557222555709004, 37.074548526739697 ], [ -113.557365554925994, 37.0744995258421 ], [ -113.557470555405999, 37.074452526004499 ], [ -113.557490555498006, 37.074442525562603 ], [ -113.558029555448002, 37.074941526869097 ], [ -113.558273555846, 37.075153526246403 ], [ -113.558312555304994, 37.075187525848001 ], [ -113.55860155501, 37.075423526583101 ], [ -113.558940555842, 37.0757125259817 ], [ -113.559445556355996, 37.076245526658298 ], [ -113.559708556122004, 37.076536526827397 ], [ -113.560013555720005, 37.0768485259307 ], [ -113.560221556132007, 37.077113526278801 ], [ -113.560321556589997, 37.077215525984698 ], [ -113.560504555989993, 37.077365525555898 ], [ -113.560527556454005, 37.077380525281697 ], [ -113.560665556546994, 37.077471526230099 ], [ -113.560875555709998, 37.0775825264123 ], [ -113.561091555621005, 37.077687526280101 ], [ -113.561451556368993, 37.077896526512397 ], [ -113.561642557062996, 37.077983526278103 ], [ -113.561741556797003, 37.078021526605802 ], [ -113.562191557058995, 37.078196526963602 ], [ -113.562636556399994, 37.078333526765199 ], [ -113.562690556825999, 37.078350526571697 ], [ -113.562856556507995, 37.0783805256306 ], [ -113.562947556744007, 37.078392526540803 ], [ -113.563062556372003, 37.078408526557098 ], [ -113.563332556709, 37.078411526604498 ], [ -113.563385557309999, 37.078412527098102 ], [ -113.563668556268993, 37.078429526886801 ], [ -113.564490556975002, 37.078481526006001 ], [ -113.564566556244998, 37.078486526319203 ], [ -113.564877557488003, 37.078500525330803 ], [ -113.565136557055993, 37.078512525505403 ], [ -113.565366557209003, 37.078518525592003 ], [ -113.565974557654997, 37.078537526340803 ], [ -113.566614557886993, 37.078628525183902 ], [ -113.566826557599995, 37.078658525566198 ], [ -113.566911557988007, 37.078671525489298 ], [ -113.56718655745, 37.078693526236002 ], [ -113.567313556773001, 37.078710525245 ], [ -113.567358556979002, 37.078716526032601 ], [ -113.567653558328004, 37.078715525543103 ], [ -113.567886557956996, 37.078710525961696 ], [ -113.568125558331005, 37.078683526353402 ], [ -113.568363557983005, 37.0786295256746 ], [ -113.568600556910994, 37.078541526158297 ], [ -113.568910557430996, 37.078397525426404 ], [ -113.569202557509001, 37.078297525434103 ], [ -113.569260558132996, 37.078272525952897 ], [ -113.569858557635001, 37.078019525608198 ], [ -113.570265558239001, 37.077890525659903 ], [ -113.571025559020001, 37.077675524541498 ], [ -113.571372558451998, 37.077585525775703 ], [ -113.571570558817996, 37.077548525734599 ], [ -113.571719557883, 37.077501524920102 ], [ -113.572131557611996, 37.0775255248669 ], [ -113.572482559037994, 37.077561525131202 ], [ -113.572740557882, 37.077495525469701 ], [ -113.573389558334995, 37.077415525824797 ], [ -113.573599559295999, 37.077334525587602 ], [ -113.573789558369, 37.077291524524 ], [ -113.574028558742995, 37.0772705253125 ], [ -113.574137559421004, 37.077229524514202 ], [ -113.574272558242001, 37.077165526300597 ], [ -113.574392558791004, 37.077064524888698 ], [ -113.574431559149005, 37.076997524999001 ], [ -113.574511559515003, 37.076935524748897 ], [ -113.574548558426997, 37.076813525842603 ], [ -113.574580559111993, 37.076741524586602 ], [ -113.574598559554005, 37.0766865248751 ], [ -113.57469755839, 37.076563525050197 ], [ -113.574768559432997, 37.0764605253813 ], [ -113.574795559197, 37.076423525507799 ], [ -113.574886558535994, 37.076273524789798 ], [ -113.574957558681007, 37.076145524544401 ], [ -113.575027559001001, 37.075984524662502 ], [ -113.574990559190994, 37.075903525046698 ], [ -113.574941558787003, 37.075673524683801 ], [ -113.574936558763994, 37.0755255249789 ], [ -113.574988558643, 37.0754475257542 ], [ -113.575155559047005, 37.075306525050102 ], [ -113.575337558621996, 37.0752195243629 ], [ -113.575560559102996, 37.075127525191697 ], [ -113.575641558396001, 37.075075525205698 ], [ -113.575752558724005, 37.074962524575497 ], [ -113.576008558816994, 37.0749545245626 ], [ -113.576166558102997, 37.074978525315601 ], [ -113.576539558370996, 37.074970525304401 ], [ -113.576919559211007, 37.074898525165104 ], [ -113.576990558457993, 37.074893524615398 ], [ -113.577172558930997, 37.074882525841602 ], [ -113.577370559298004, 37.074819524754503 ], [ -113.577592559056001, 37.074629525652703 ], [ -113.577933560435994, 37.074368524544902 ], [ -113.578051559539006, 37.074281524931699 ], [ -113.578479560058994, 37.074146524642103 ], [ -113.578788559855994, 37.073932524927699 ], [ -113.578954559536996, 37.073813524286102 ], [ -113.579192559188002, 37.073584523874899 ], [ -113.579477558695004, 37.073259524110398 ], [ -113.579738799560005, 37.0730210725674 ], [ -113.579798559086001, 37.072966524568898 ], [ -113.579893559520002, 37.072918523931897 ], [ -113.580099560283003, 37.073085524389498 ], [ -113.580336559211005, 37.0732435251578 ], [ -113.580495558321005, 37.073259524827101 ], [ -113.580756559335995, 37.073299524344002 ], [ -113.580970560493995, 37.073401524880097 ], [ -113.581548559005995, 37.073647523837899 ], [ -113.581660560057003, 37.073670524448403 ], [ -113.581968560926995, 37.073734524178498 ], [ -113.582760559698997, 37.073726524035997 ], [ -113.583227559679003, 37.073797524016904 ], [ -113.583734559842, 37.073908525277098 ], [ -113.584204561093998, 37.073956523854001 ], [ -113.584319559823001, 37.074008523890697 ], [ -113.584431559975997, 37.074087524429501 ], [ -113.584566355777994, 37.074174646825497 ], [ -113.584568489277004, 37.074176027239702 ], [ -113.584595560905996, 37.074193524669298 ], [ -113.584628560517999, 37.074215524565297 ], [ -113.584674560549004, 37.074239524835498 ], [ -113.584889560633997, 37.074354524770399 ], [ -113.584935561563, 37.074379524109901 ], [ -113.584963560253996, 37.0743885240135 ], [ -113.585005560984996, 37.075262524451503 ], [ -113.584640031106005, 37.075263185979999 ], [ -113.584670913389004, 37.0757194508476 ], [ -113.584691140754003, 37.076324734861302 ], [ -113.584688506893997, 37.076753449785897 ], [ -113.584655562977005, 37.077233127350603 ], [ -113.584595169240998, 37.0779961113534 ], [ -113.584545204945002, 37.078713644966598 ], [ -113.584453703448006, 37.079415564727398 ], [ -113.584307168462004, 37.080088543156499 ], [ -113.584086967131995, 37.080800958623797 ], [ -113.583839192911995, 37.081455087423301 ], [ -113.583527066977993, 37.082198769684602 ], [ -113.583291474812, 37.082681280097198 ], [ -113.583097268030002, 37.0830424112835 ], [ -113.58288253744, 37.083411084805199 ], [ -113.582401454570999, 37.084151525185199 ], [ -113.582075432598003, 37.084604318967898 ], [ -113.581590577702997, 37.085219654330103 ], [ -113.581315691430007, 37.085542414992403 ], [ -113.580993410041998, 37.085900066280701 ], [ -113.580575719486006, 37.086327223609103 ], [ -113.579930423684999, 37.086931123011901 ], [ -113.579460060412003, 37.087335129734903 ], [ -113.57934800097, 37.087424687682699 ], [ -113.578941930121999, 37.0877492189842 ], [ -113.578505416268001, 37.088084368827502 ], [ -113.577923625069005, 37.088503467967598 ], [ -113.577413814077005, 37.088846898941803 ], [ -113.574938650042, 37.088880829342799 ], [ -113.574237592217997, 37.0888795559678 ], [ -113.572783685101001, 37.0888780038403 ], [ -113.570709213699999, 37.0888813560343 ], [ -113.570708838203998, 37.088827074551503 ], [ -113.570707632665005, 37.088652798841103 ], [ -113.568476384586006, 37.088660897014499 ], [ -113.566133815480001, 37.08870391456 ], [ -113.565774650164997, 37.088705187938103 ], [ -113.563982227305004, 37.088719320497901 ], [ -113.563596615587997, 37.088722343784703 ], [ -113.562305999730995, 37.0887340463903 ], [ -113.562317324792005, 37.089749825807303 ], [ -113.562060968067996, 37.089752034302897 ], [ -113.562095999668998, 37.092361480373299 ], [ -113.561856884310004, 37.092361024644902 ], [ -113.561315694266995, 37.092359848779701 ], [ -113.559374311869007, 37.092365925874603 ], [ -113.557069291443995, 37.092362740075302 ] ] ] } },
{ "type": "Feature", "properties": { "OBJECTID": 135, "CountyID": 27, "VistaID": "27STG:18", "PrecinctID": "27STG", "SubPrecinctID": "18", "VersionNbr": null, "EffectiveDate": 1744156800000, "AliasName": "STG:18", "Comments": "formerly STG18", "RcvdDate": 1744156800000, "GlobalID": "b656888f-5278-4b11-a91c-7bf9bc59a38e", "Shape__Area": 18516939.948417664, "Shape__Length": 20248.600287582663 }, "geometry": { "type": "Polygon", "coordinates": [ [ [ -113.563071087672, 37.023214618085902 ], [ -113.563240539578999, 37.023214445238899 ], [ -113.567253420853007, 37.023216583234102 ], [ -113.586285097919998, 37.023221504710897 ], [ -113.595334947077006, 37.023230923076802 ], [ -113.600905323796994, 37.023212845149203 ], [ -113.600918024425994, 37.023158905264303 ], [ -113.600935799469994, 37.023105886974598 ], [ -113.600958547066, 37.023054094118798 ], [ -113.600986136852001, 37.023003823513399 ], [ -113.601018410715994, 37.022955363251803 ], [ -113.601055183705, 37.0229089910531 ], [ -113.601096245079006, 37.022864972670298 ], [ -113.601141359525002, 37.022823560367698 ], [ -113.601190268503004, 37.022784991474701 ], [ -113.601242691723996, 37.022749487025798 ], [ -113.601298328762994, 37.022717250493798 ], [ -113.601356860775994, 37.022688466623698 ], [ -113.601417952329001, 37.022663300373601 ], [ -113.601481253317999, 37.0226418959694 ], [ -113.601546400979998, 37.022624376078603 ], [ -113.601613021968006, 37.022610841106498 ], [ -113.602311450423002, 37.0225021029188 ], [ -113.602444271828006, 37.022503520109701 ], [ -113.602577014153994, 37.0225074437625 ], [ -113.602709603208993, 37.022513871683898 ], [ -113.602841964887006, 37.022522800280697 ], [ -113.602996762577007, 37.022536445991499 ], [ -113.603232172386001, 37.022546208704902 ], [ -113.606366753738001, 37.0226761576738 ], [ -113.606430804393995, 37.0226771616897 ], [ -113.606494857989006, 37.022676285337702 ], [ -113.608142734732994, 37.022720315715297 ], [ -113.607811224952002, 37.023230665599399 ], [ -113.605618180424997, 37.026656004535603 ], [ -113.603404709106997, 37.030070461998498 ], [ -113.600023835754996, 37.035246239065998 ], [ -113.599229192343003, 37.036435526919 ], [ -113.598476936835993, 37.037550848129598 ], [ -113.598031869222993, 37.038113743273698 ], [ -113.597526792352994, 37.038673717956101 ], [ -113.597362674642, 37.038855671354398 ], [ -113.596628168048994, 37.039558786718104 ], [ -113.595153268201003, 37.040890002684797 ], [ -113.593271431529999, 37.042588415963102 ], [ -113.592094851408007, 37.043733855298697 ], [ -113.591042047455005, 37.0449683541421 ], [ -113.590300540290002, 37.045989692186801 ], [ -113.589671439317002, 37.047008580182201 ], [ -113.589070731394997, 37.048264025848098 ], [ -113.588710811495005, 37.049255129024097 ], [ -113.588347959494001, 37.050432311835699 ], [ -113.587535245571004, 37.054246958925297 ], [ -113.587515728772999, 37.054341480433798 ], [ -113.587336796944996, 37.055009430027503 ], [ -113.587192676631005, 37.055413062710798 ], [ -113.587045422993, 37.055761335682803 ], [ -113.586654525588997, 37.056366307262202 ], [ -113.586399965495005, 37.056821868557499 ], [ -113.586044350321998, 37.057261633407499 ], [ -113.585235906091995, 37.058100294865497 ], [ -113.584554011129001, 37.058972751766802 ], [ -113.584139395506995, 37.0597139770395 ], [ -113.583659925114006, 37.059560774015502 ], [ -113.583265224241998, 37.059381150597403 ], [ -113.582203198184004, 37.059179771973 ], [ -113.582088185965006, 37.059155738497601 ], [ -113.581974583665001, 37.059127758589 ], [ -113.581862603816006, 37.059095884588501 ], [ -113.581752455914, 37.059060176122401 ], [ -113.581678331350005, 37.059033599703199 ], [ -113.581605222272998, 37.059005288553003 ], [ -113.581533192414994, 37.058975267349801 ], [ -113.581462304569001, 37.0589435622623 ], [ -113.581190199478996, 37.058834604405298 ], [ -113.580894471392995, 37.058716185114598 ], [ -113.580771936763995, 37.058660020215399 ], [ -113.580648245861994, 37.058605493238701 ], [ -113.580523433066006, 37.058552619342898 ], [ -113.580397533066005, 37.058501413227098 ], [ -113.580270580852996, 37.0584518891268 ], [ -113.580142611712006, 37.058404060809799 ], [ -113.580013661210003, 37.058357941572503 ], [ -113.579883765188995, 37.058313544236398 ], [ -113.579696416347005, 37.058253065257801 ], [ -113.579507311491994, 37.058196173047001 ], [ -113.579316558436005, 37.058142900047102 ], [ -113.579124265928996, 37.0580932766374 ], [ -113.578930543599995, 37.0580473311161 ], [ -113.578735501894002, 37.058005089684002 ], [ -113.578539252005001, 37.057966576429799 ], [ -113.578341905817993, 37.057931813316102 ], [ -113.576954752508996, 37.057701939822003 ], [ -113.576863743044001, 37.057689773960099 ], [ -113.576773059451, 37.057676146215698 ], [ -113.576682738599004, 37.057661062128602 ], [ -113.576592817209004, 37.057644527830398 ], [ -113.576503331840001, 37.0576265500425 ], [ -113.576414318871997, 37.057607136072797 ], [ -113.576325814494993, 37.057586293813202 ], [ -113.576237854691996, 37.057564031736199 ], [ -113.576144604952006, 37.057540543945997 ], [ -113.576050291723007, 37.057519937087697 ], [ -113.575955054706, 37.0575022416878 ], [ -113.575859034974002, 37.057487483960202 ], [ -113.575762374757005, 37.057475685766498 ], [ -113.575665217234999, 37.057466864584597 ], [ -113.575567706323994, 37.0574610334819 ], [ -113.575469986464995, 37.057458201096701 ], [ -113.575159512032002, 37.057441887948798 ], [ -113.574849388055995, 37.0574217725271 ], [ -113.574539687648993, 37.057397859570798 ], [ -113.574230483825005, 37.0573701547141 ], [ -113.573921849477998, 37.057338664484099 ], [ -113.573613857371996, 37.057303396300199 ], [ -113.573306580115002, 37.057264358471599 ], [ -113.573000090150998, 37.057221560195998 ], [ -113.571641179874007, 37.057074249973603 ], [ -113.571502571449003, 37.0570608791136 ], [ -113.571364414041994, 37.0570448081181 ], [ -113.57122679023, 37.057026046591197 ], [ -113.571089782274996, 37.057004605745099 ], [ -113.570954241880997, 37.056980641539603 ], [ -113.570819470806001, 37.056954057285203 ], [ -113.570685548559993, 37.056924868663401 ], [ -113.570552554155995, 37.056893092891798 ], [ -113.570420566056995, 37.056858748714298 ], [ -113.570289662134996, 37.056821856389902 ], [ -113.570159919619002, 37.056782437680397 ], [ -113.570031415054999, 37.056740515838399 ], [ -113.569916323762001, 37.056700468118997 ], [ -113.569802360634995, 37.056658415825297 ], [ -113.569689580485999, 37.056614379179599 ], [ -113.569578037560007, 37.056568379359 ], [ -113.569467785506006, 37.0565204384841 ], [ -113.569358877349998, 37.056470579609503 ], [ -113.569251365472994, 37.056418826711798 ], [ -113.569145301587, 37.056365204678698 ], [ -113.568609314586993, 37.056106148746501 ], [ -113.568510097460006, 37.056058194074197 ], [ -113.568402097505, 37.056005993903497 ], [ -113.568437316854002, 37.055936000281903 ], [ -113.569691333549997, 37.0536741235886 ], [ -113.570006716774998, 37.053112636436403 ], [ -113.570205840933994, 37.052863511032598 ], [ -113.570469125464996, 37.0526391604648 ], [ -113.570826164468002, 37.052437328769599 ], [ -113.571267476225003, 37.052255491087998 ], [ -113.571106126223, 37.051985802592 ], [ -113.570655613023007, 37.051279594009401 ], [ -113.570358169155, 37.050966254427898 ], [ -113.569984368486999, 37.0506459412304 ], [ -113.569814594983001, 37.050505469413999 ], [ -113.569642817338007, 37.050357292264998 ], [ -113.569566209010006, 37.050289138867001 ], [ -113.569491948879005, 37.050221797714698 ], [ -113.569427701370003, 37.050162493545002 ], [ -113.569387491878999, 37.050124872866299 ], [ -113.569255670399997, 37.049989856826599 ], [ -113.56912784283, 37.0500690809776 ], [ -113.568919957402002, 37.0501954239014 ], [ -113.568768648768, 37.050028106341003 ], [ -113.568626532595999, 37.049855736741399 ], [ -113.568476182465005, 37.049653643123797 ], [ -113.568354495777996, 37.049471493347802 ], [ -113.568268600666997, 37.049333236200297 ], [ -113.568139203740003, 37.0490967907864 ], [ -113.568008331780007, 37.048813446494002 ], [ -113.567945553016003, 37.048654002488497 ], [ -113.567894485588994, 37.0485159195091 ], [ -113.56785554452, 37.048410665599597 ], [ -113.567819760131002, 37.048313969302797 ], [ -113.565631871934002, 37.048319439786503 ], [ -113.563494023491003, 37.048324746800503 ], [ -113.562644457082996, 37.049005426706998 ], [ -113.562558468546996, 37.049067942342198 ], [ -113.562558137069004, 37.049252097710998 ], [ -113.562558103830995, 37.049270689237296 ], [ -113.562558092152997, 37.049277129700599 ], [ -113.562302224112003, 37.049273757114698 ], [ -113.562021010105994, 37.049273722700597 ], [ -113.560469630390003, 37.0492745457721 ], [ -113.560468891075999, 37.051992807053203 ], [ -113.560468126610004, 37.052098889790003 ], [ -113.559224092891995, 37.052101301557997 ], [ -113.555268056111004, 37.0521252923361 ], [ -113.555273552903003, 37.052119523165103 ], [ -113.555317552385006, 37.052052523464098 ], [ -113.555426552165002, 37.051884523172703 ], [ -113.555470553443996, 37.051777523173001 ], [ -113.555492552287006, 37.051608523576498 ], [ -113.555476552393998, 37.050865523545703 ], [ -113.555416552118999, 37.050149523865997 ], [ -113.555371552812005, 37.049603522744903 ], [ -113.555322789562993, 37.048918395134997 ], [ -113.555231553070001, 37.047636523930301 ], [ -113.555200552209001, 37.046892522822503 ], [ -113.555148552331005, 37.046106522409502 ], [ -113.555080552559005, 37.045438522420099 ], [ -113.555079777312997, 37.045328265329402 ], [ -113.555079552734, 37.045296523079401 ], [ -113.555077553084004, 37.044804522602199 ], [ -113.555076551461994, 37.044569522904602 ], [ -113.555080556152006, 37.044509168206403 ], [ -113.555116917259994, 37.043960991250898 ], [ -113.555129552064002, 37.043770521932402 ], [ -113.555164517189993, 37.0436201167768 ], [ -113.555308552164007, 37.043000521773401 ], [ -113.555319552035002, 37.042945522692399 ], [ -113.555355552020004, 37.042782522835203 ], [ -113.555358016997005, 37.0427722859027 ], [ -113.555368552439006, 37.042728521692403 ], [ -113.555379489426997, 37.0427045652293 ], [ -113.555389552354995, 37.042682522494502 ], [ -113.555455551579001, 37.042546522364603 ], [ -113.555478552043994, 37.042501522589603 ], [ -113.555502552332996, 37.042450522716798 ], [ -113.555575551230007, 37.042301521753203 ], [ -113.555600552241998, 37.042251521999503 ], [ -113.555688551207993, 37.0420695222452 ], [ -113.555862551285003, 37.041714521622602 ], [ -113.555954552244998, 37.0415245220617 ], [ -113.556043551933001, 37.041343521547098 ], [ -113.556487551448996, 37.040671522286999 ], [ -113.556832552128995, 37.040149522124601 ], [ -113.557428961612004, 37.039251630684902 ], [ -113.557560551327001, 37.039053521490303 ], [ -113.557831551487993, 37.038665521943699 ], [ -113.558218498101994, 37.038114773698503 ], [ -113.558294552169002, 37.0380065223654 ], [ -113.558917551785001, 37.037146521694098 ], [ -113.559369552595001, 37.036525520725597 ], [ -113.559736552117002, 37.036024520621503 ], [ -113.560798551226, 37.034575520364001 ], [ -113.560890552185995, 37.034451521462302 ], [ -113.561351552318001, 37.033669520636103 ], [ -113.561705552321001, 37.032898520204803 ], [ -113.561922552954002, 37.032185520739098 ], [ -113.561971551561001, 37.032023520400998 ], [ -113.561987551455005, 37.031969520928598 ], [ -113.562610551069994, 37.029932520918003 ], [ -113.562894552548997, 37.028914520361504 ], [ -113.563159551965001, 37.027967520342798 ], [ -113.563261552072007, 37.027599520418498 ], [ -113.563287749641006, 37.027503151178301 ], [ -113.563289552558999, 37.027496520252903 ], [ -113.563201550898995, 37.025324519668402 ], [ -113.563141551523003, 37.024063519365498 ], [ -113.563071087672, 37.023214618085902 ] ] ] } },
{ "type": "Feature", "properties": { "OBJECTID": 137, "CountyID": 27, "VistaID": "27SC:04", "PrecinctID": "27SC", "SubPrecinctID": "04", "VersionNbr": null, "EffectiveDate": 1744156800000, "AliasName": "SC:04", "Comments": "formerly SC04", "RcvdDate": 1744156800000, "GlobalID": "6996ce9c-eeca-4548-bd29-2ca85a6a277a", "Shape__Area": 3373750.6365852356, "Shape__Length": 12143.925134878515 }, "geometry": { "type": "Polygon", "coordinates": [ [ [ -113.648722076838993, 37.157612961103098 ], [ -113.647367549443004, 37.1576089189249 ], [ -113.647367552137993, 37.157608995530097 ], [ -113.647360487786997, 37.157608897446799 ], [ -113.644899135348993, 37.157601294915303 ], [ -113.644852536141997, 37.157601191104398 ], [ -113.644792140608999, 37.157600958425 ], [ -113.644788665925006, 37.157601032166497 ], [ -113.644785683519004, 37.1575966441902 ], [ -113.644764497650996, 37.157565241049802 ], [ -113.644763336129003, 37.157563504902498 ], [ -113.644762629154997, 37.157562446031498 ], [ -113.644761245750004, 37.1575603741096 ], [ -113.644754970118996, 37.157550975286803 ], [ -113.644738389913996, 37.157525890275402 ], [ -113.644738372846007, 37.1575258645017 ], [ -113.644729421134002, 37.157512190811502 ], [ -113.644677294592995, 37.1574306862885 ], [ -113.644620783148, 37.157338432735003 ], [ -113.644566389486002, 37.157245374016703 ], [ -113.644492505604006, 37.157111290268404 ], [ -113.644423021926997, 37.156975720293701 ], [ -113.644357985453993, 37.156838755787199 ], [ -113.644297440179002, 37.156700489387198 ], [ -113.644239711224003, 37.156556544933899 ], [ -113.644186846786994, 37.156411418067798 ], [ -113.644144018708005, 37.156281658828703 ], [ -113.643953371052007, 37.1560820325954 ], [ -113.643727851695004, 37.156212066385798 ], [ -113.643728052916998, 37.156210514206499 ], [ -113.643744448967993, 37.156084400245597 ], [ -113.643790861325002, 37.155727400422002 ], [ -113.64379105626, 37.155725912668601 ], [ -113.643772752187004, 37.155532300432903 ], [ -113.643761928386994, 37.155416470785397 ], [ -113.643760150621006, 37.155397669025803 ], [ -113.643759704158001, 37.1553929415578 ], [ -113.643759570309001, 37.155391513222298 ], [ -113.644800494042997, 37.155386168598298 ], [ -113.644800496738, 37.155385786276902 ], [ -113.644844175521996, 37.1553859437876 ], [ -113.644881353198002, 37.155385845701403 ], [ -113.645601523577994, 37.155382651814101 ], [ -113.645602311401007, 37.154181649688297 ], [ -113.645445443094005, 37.153959930202099 ], [ -113.645444227674005, 37.153958227622603 ], [ -113.645442638554002, 37.153955993792401 ], [ -113.645442536146007, 37.153955845586303 ], [ -113.645443542259002, 37.153955849166202 ], [ -113.645443181136002, 37.153955337962699 ], [ -113.645442629570994, 37.1539545639978 ], [ -113.645442527162999, 37.153954414359802 ], [ -113.645784996390006, 37.153955900716099 ], [ -113.647235348874005, 37.153962193387002 ], [ -113.64828913289, 37.153966752691296 ], [ -113.648335984523001, 37.153966956027098 ], [ -113.648336538783994, 37.153966958174998 ], [ -113.648301699422007, 37.151832076832697 ], [ -113.648301676065998, 37.151830646998 ], [ -113.648300312423004, 37.151747030617301 ], [ -113.648300288168997, 37.151745600064999 ], [ -113.648245940094, 37.148414806357103 ], [ -113.648245914941, 37.148413376457697 ], [ -113.648245855651993, 37.148409705404099 ], [ -113.648237617202994, 37.148409705404099 ], [ -113.648239193745994, 37.1484082755046 ], [ -113.648202430192995, 37.148408272640502 ], [ -113.647128346946999, 37.148408164520902 ], [ -113.647074868442004, 37.148408159508797 ], [ -113.647074827118999, 37.1484051192718 ], [ -113.647048991572007, 37.146623034638502 ], [ -113.647048611585006, 37.1465968382863 ], [ -113.647048033968005, 37.146556935463998 ], [ -113.647037254183999, 37.145636476688097 ], [ -113.647037207471996, 37.145632317869499 ], [ -113.645929432013006, 37.145635144118998 ], [ -113.645872013496998, 37.145635289477198 ], [ -113.645871438575, 37.145572709544297 ], [ -113.645868090554004, 37.145207890189198 ], [ -113.645867998925993, 37.145197878320701 ], [ -113.645867365613, 37.1451289874351 ], [ -113.645867029643995, 37.1450923712476 ], [ -113.645867750991002, 37.145092126356801 ], [ -113.645858984331994, 37.144265325887602 ], [ -113.645397811723001, 37.144079331879297 ], [ -113.645283855038997, 37.1431758998189 ], [ -113.645268766935999, 37.143087975275897 ], [ -113.646037952990994, 37.143475294484404 ], [ -113.646039927488005, 37.1434762776491 ], [ -113.646433478516002, 37.143672024563202 ], [ -113.646721723636006, 37.143811816062303 ], [ -113.646909839838997, 37.1438705457293 ], [ -113.647009138713003, 37.143901886531097 ], [ -113.647113369337006, 37.143924845765397 ], [ -113.647206774362999, 37.143931419252802 ], [ -113.647554397224994, 37.143954048371803 ], [ -113.649048382679993, 37.144018301656502 ], [ -113.649107347195994, 37.144020837243701 ], [ -113.649585125163995, 37.144053160424399 ], [ -113.649770574268999, 37.144075992153198 ], [ -113.650759268155994, 37.144197715190501 ], [ -113.650951730409005, 37.144227338020698 ], [ -113.651103027364002, 37.144266008295602 ], [ -113.651347307137002, 37.144334387982603 ], [ -113.651554258317006, 37.144435089909202 ], [ -113.651590169369001, 37.144460041779801 ], [ -113.651587725053005, 37.1443686844962 ], [ -113.651552803944995, 37.142889701966403 ], [ -113.651518138857, 37.141421547157698 ], [ -113.651158648351, 37.141092220990103 ], [ -113.650929722582006, 37.140844984457402 ], [ -113.650826066880001, 37.140733038618698 ], [ -113.650716180462993, 37.140592593361298 ], [ -113.650142882834999, 37.139859847800402 ], [ -113.649879672864003, 37.139523428946802 ], [ -113.649871897047007, 37.1391291589755 ], [ -113.649872950770003, 37.139129148233799 ], [ -113.650470115736994, 37.139122972487101 ], [ -113.650470106754, 37.139114289632701 ], [ -113.650470104058996, 37.1391128595575 ], [ -113.650470086092994, 37.1391073605351 ], [ -113.650559081289003, 37.139107419972397 ], [ -113.650579298772996, 37.139247835046 ], [ -113.650592203071994, 37.139301095744301 ], [ -113.650620385018996, 37.139400028421399 ], [ -113.650672538509994, 37.139513424203102 ], [ -113.651490034164993, 37.139504972696301 ], [ -113.652651133619003, 37.139493101772302 ], [ -113.653076111307996, 37.139488558065899 ], [ -113.653239345076997, 37.139508392828297 ], [ -113.653440315273997, 37.139550380377898 ], [ -113.653607321967002, 37.1396021327417 ], [ -113.654373237255996, 37.139870103851003 ], [ -113.655395416743005, 37.1402122005629 ], [ -113.655531911259004, 37.140236501458403 ], [ -113.655678618720998, 37.140261537781697 ], [ -113.655771749761996, 37.140269115560898 ], [ -113.658488578573994, 37.140239589286402 ], [ -113.658482726949003, 37.139486136903997 ], [ -113.658482717965001, 37.139485871943997 ], [ -113.658482717067002, 37.139484706835901 ], [ -113.658482701796004, 37.139484441875801 ], [ -113.659330040382002, 37.139472264454199 ], [ -113.659425152208001, 37.139488996324097 ], [ -113.659528467448993, 37.139515660608197 ], [ -113.659596971176001, 37.139536604614399 ], [ -113.659788550385002, 37.139621640929498 ], [ -113.659950483393004, 37.139697433650397 ], [ -113.660062599428997, 37.139753283470498 ], [ -113.660131459786996, 37.139787587073897 ], [ -113.660193764240006, 37.139818623790497 ], [ -113.660326885581995, 37.139859416705299 ], [ -113.660435460458999, 37.139887262431202 ], [ -113.660548816168998, 37.139896639101998 ], [ -113.660763993223, 37.139899460553004 ], [ -113.660753924904995, 37.139007588191198 ], [ -113.660753911430007, 37.139006158114 ], [ -113.663511494112001, 37.138990679334903 ], [ -113.665244091868999, 37.138982662450402 ], [ -113.666736990361997, 37.139020102976701 ], [ -113.666862856010994, 37.139033328859803 ], [ -113.667033120892995, 37.1390619375493 ], [ -113.667202665326997, 37.139099911539702 ], [ -113.667336934716005, 37.139142037525602 ], [ -113.667613747874995, 37.139252741118703 ], [ -113.667850890533998, 37.1393778684239 ], [ -113.668006593726005, 37.139476730821897 ], [ -113.668135180372005, 37.139590231756401 ], [ -113.668318089940001, 37.139772747936902 ], [ -113.668433202756006, 37.139892402628597 ], [ -113.668499166944997, 37.1399858205356 ], [ -113.668585631588002, 37.140108272702101 ], [ -113.669190516675997, 37.141058828132898 ], [ -113.669456091911997, 37.141492742930801 ], [ -113.669832270420002, 37.142107362685202 ], [ -113.669899011653001, 37.142217890795301 ], [ -113.669937470327, 37.1425397225889 ], [ -113.670024040970006, 37.142678031034798 ], [ -113.670023337589996, 37.1426783103053 ], [ -113.670023645712007, 37.142678803682998 ], [ -113.670024057139997, 37.142679460326598 ], [ -113.669897880674, 37.142729402453902 ], [ -113.669568631952004, 37.142834627108499 ], [ -113.669326831529006, 37.142886195342101 ], [ -113.669117347997997, 37.142907860219601 ], [ -113.668981458047995, 37.142909529392298 ], [ -113.668376456179004, 37.142915647543902 ], [ -113.665819668523, 37.142956534742702 ], [ -113.664930087558005, 37.142980587710703 ], [ -113.664000554918999, 37.143001497818098 ], [ -113.663177771780994, 37.142984097910997 ], [ -113.662474952360995, 37.142999909563898 ], [ -113.662266337500995, 37.143015395399502 ], [ -113.662064334240995, 37.143058652750703 ], [ -113.661918949997002, 37.1431079229503 ], [ -113.661797261513996, 37.143153113647102 ], [ -113.661644587441003, 37.143224302061903 ], [ -113.661514170027999, 37.143296434192699 ], [ -113.661426120757, 37.143359348982301 ], [ -113.661308473795003, 37.143451826703497 ], [ -113.661204804617, 37.143562906370903 ], [ -113.661130991847003, 37.143641993356198 ], [ -113.661037004712, 37.143783642389998 ], [ -113.660979752383994, 37.143889296650201 ], [ -113.660933566401994, 37.143992065018502 ], [ -113.660913207882999, 37.144068294456503 ], [ -113.660865112083002, 37.144248353760901 ], [ -113.660865188439999, 37.144305115348899 ], [ -113.660865190235995, 37.144306546042003 ], [ -113.660865439968006, 37.144492109139101 ], [ -113.660885395144007, 37.145149769490899 ], [ -113.660943311327003, 37.146519263090298 ], [ -113.660943261021004, 37.146519263090298 ], [ -113.660943321207995, 37.146520693025501 ], [ -113.656656572350002, 37.146522717991203 ], [ -113.656330804600998, 37.146520976578003 ], [ -113.656331339996996, 37.146549202217699 ], [ -113.656331531337997, 37.146549227279102 ], [ -113.656535651027994, 37.1536317540697 ], [ -113.656650192515002, 37.157605351412599 ], [ -113.656650217668002, 37.157606781854 ], [ -113.656563597616994, 37.1576033646882 ], [ -113.656561725527993, 37.157603291662703 ], [ -113.656517319108005, 37.157601541197501 ], [ -113.656517268803, 37.157601539765601 ], [ -113.656512125049005, 37.157601336439598 ], [ -113.654275439467995, 37.157611242139303 ], [ -113.651947968347002, 37.157621510817499 ], [ -113.650293898618003, 37.157617828039903 ], [ -113.649665745367003, 37.157615768290398 ], [ -113.648722076838993, 37.157612961103098 ] ] ] } },
{ "type": "Feature", "properties": { "OBJECTID": 138, "CountyID": 27, "VistaID": "27STG:28", "PrecinctID": "27STG", "SubPrecinctID": "28", "VersionNbr": null, "EffectiveDate": 1744156800000, "AliasName": "STG:28", "Comments": "formerly STG28", "RcvdDate": 1744156800000, "GlobalID": "9f8aaff5-3f3b-45f5-b205-8177371c0ab2", "Shape__Area": 3167259.7837071419, "Shape__Length": 11572.838139476802 }, "geometry": { "type": "Polygon", "coordinates": [ [ [ -113.614484241461994, 37.022081467871999 ], [ -113.614416377961007, 37.022115096958402 ], [ -113.614349606016006, 37.022150091172499 ], [ -113.614283968696, 37.0221864279399 ], [ -113.614219508340994, 37.022224083820198 ], [ -113.614156266528994, 37.022263034522098 ], [ -113.614094284052996, 37.022303254919201 ], [ -113.614033600894999, 37.022344719065799 ], [ -113.613974256198006, 37.0223874002142 ], [ -113.613186290860995, 37.022973077316799 ], [ -113.613107681631007, 37.023032789818799 ], [ -113.613027088966007, 37.023090792385297 ], [ -113.612944571195001, 37.023147043041199 ], [ -113.612860188040003, 37.023201501079001 ], [ -113.612682107091004, 37.023307145390199 ], [ -113.612506152245999, 37.023415036496999 ], [ -113.612332367977999, 37.023525147120303 ], [ -113.612160798209999, 37.023637449419802 ], [ -113.611991486307005, 37.023751915001597 ], [ -113.611824475061994, 37.023868514924501 ], [ -113.611659806689005, 37.023987219708197 ], [ -113.611497522806005, 37.024107999340103 ], [ -113.611463604216993, 37.024133933249701 ], [ -113.610929423729004, 37.024703183920202 ], [ -113.610742434911003, 37.025498263870197 ], [ -113.611316134983994, 37.027198321647099 ], [ -113.611476644161996, 37.028166435861799 ], [ -113.611429779952005, 37.029205835470897 ], [ -113.611072351079997, 37.0303359821676 ], [ -113.611067740028005, 37.0303351882934 ], [ -113.611062614241007, 37.030353305402997 ], [ -113.611010578366006, 37.030526024706298 ], [ -113.610953110704003, 37.030697642751797 ], [ -113.610890247705001, 37.030868050699702 ], [ -113.610822029237994, 37.031037140478098 ], [ -113.610327665675996, 37.032022411009798 ], [ -113.610270045937, 37.032137244024803 ], [ -113.609996628408993, 37.032673114550697 ], [ -113.609958650636003, 37.032743877377797 ], [ -113.609918360815996, 37.032813820564499 ], [ -113.609875786676, 37.032882895982603 ], [ -113.609830957510994, 37.032951056101098 ], [ -113.609781863329999, 37.033021074851497 ], [ -113.609730387522006, 37.033089994941903 ], [ -113.609310070291997, 37.033619693757998 ], [ -113.609015721118993, 37.033982531471203 ], [ -113.608599447206004, 37.035091935386703 ], [ -113.610737894824993, 37.037857861892803 ], [ -113.610376393889993, 37.037890824835898 ], [ -113.610171990332006, 37.037909473642003 ], [ -113.609933969121002, 37.037931204403797 ], [ -113.609799491323002, 37.037999229069399 ], [ -113.608695819367995, 37.038557554635503 ], [ -113.608661233332001, 37.038575077490101 ], [ -113.608098207938994, 37.038750847193597 ], [ -113.608057136964007, 37.0391241172345 ], [ -113.607396697363995, 37.039508486146801 ], [ -113.606877994848006, 37.039429142698303 ], [ -113.606831549253002, 37.0394220531823 ], [ -113.606670740935002, 37.039397471838299 ], [ -113.606601726066998, 37.039391148850797 ], [ -113.605557171342994, 37.039296142637198 ], [ -113.605531913411994, 37.039293903989901 ], [ -113.605400202425002, 37.039426568473402 ], [ -113.605218280105007, 37.0396097196965 ], [ -113.605078853487996, 37.039750213111098 ], [ -113.605029730015005, 37.039799595697303 ], [ -113.604990911117, 37.040255634320999 ], [ -113.605054344752006, 37.040322279459097 ], [ -113.605102274364, 37.040372773810603 ], [ -113.605416539187004, 37.040703270056099 ], [ -113.605376743820003, 37.040844638388201 ], [ -113.605348561873001, 37.040944297687702 ], [ -113.605320889270004, 37.041042413071303 ], [ -113.605284190396006, 37.041172448707201 ], [ -113.605275660892005, 37.041202464621101 ], [ -113.603943165576993, 37.041557692786903 ], [ -113.603533538299004, 37.041565066048904 ], [ -113.603052568617997, 37.041573733556703 ], [ -113.602756190150998, 37.0415790682896 ], [ -113.601677101492001, 37.0417640621123 ], [ -113.601491736827995, 37.041938993394801 ], [ -113.599468062461995, 37.040251252449899 ], [ -113.597790567364996, 37.0388521807077 ], [ -113.597526792352994, 37.038673717956101 ], [ -113.598031869222993, 37.038113743273698 ], [ -113.598476936835993, 37.037550848129598 ], [ -113.599229192343003, 37.036435526919 ], [ -113.600023835754996, 37.035246239065998 ], [ -113.603404709106997, 37.030070461998498 ], [ -113.605618180424997, 37.026656004535603 ], [ -113.607811224952002, 37.023230665599399 ], [ -113.611522188747003, 37.017517298469201 ], [ -113.616187648464006, 37.010123426464503 ], [ -113.617351388965005, 37.008307879591499 ], [ -113.617357395100996, 37.008686821361103 ], [ -113.617362782298002, 37.009045660628402 ], [ -113.617366737579999, 37.009309159652403 ], [ -113.617385050634994, 37.010529136291701 ], [ -113.617409155128996, 37.012134841751298 ], [ -113.617429637615999, 37.013499219993797 ], [ -113.617447894077998, 37.014715365767998 ], [ -113.617488775507994, 37.0174383294084 ], [ -113.617489391752002, 37.017479386186402 ], [ -113.617499075590999, 37.018124360073301 ], [ -113.617499641528994, 37.018162056857904 ], [ -113.617500746456997, 37.018235620654998 ], [ -113.617501313293999, 37.018273444338298 ], [ -113.617501382463999, 37.018277945107201 ], [ -113.617505138320993, 37.018528127906201 ], [ -113.617420150507996, 37.018792060983003 ], [ -113.617395160274995, 37.018869668733998 ], [ -113.617352570248997, 37.019112364404698 ], [ -113.617263643325003, 37.0196190892011 ], [ -113.617602832803001, 37.020434895187499 ], [ -113.617724901272993, 37.020728487032002 ], [ -113.617683772806998, 37.021077782674901 ], [ -113.617679161753998, 37.021116949744297 ], [ -113.617593961040996, 37.021549790097197 ], [ -113.617475038381002, 37.0215367281155 ], [ -113.617355586822995, 37.021527228233701 ], [ -113.617235773687995, 37.021521303759698 ], [ -113.617115766796999, 37.021518962992999 ], [ -113.616995734249002, 37.021520209212603 ], [ -113.616875844172995, 37.021525040672799 ], [ -113.616756264504005, 37.021533450605297 ], [ -113.616637162737007, 37.021545427228901 ], [ -113.616332339208, 37.021544034381598 ], [ -113.615497428813001, 37.0217868341133 ], [ -113.615072946096006, 37.021886737175898 ], [ -113.614937707204007, 37.0219227502104 ], [ -113.614804419105994, 37.021963134115403 ], [ -113.614673303307001, 37.022007821771403 ], [ -113.614544577706994, 37.022056738905803 ], [ -113.614487791604006, 37.022079981078903 ], [ -113.614484241461994, 37.022081467871999 ] ] ] } },
{ "type": "Feature", "properties": { "OBJECTID": 139, "CountyID": 27, "VistaID": "27STG:39", "PrecinctID": "27STG", "SubPrecinctID": "39", "VersionNbr": null, "EffectiveDate": 1744156800000, "AliasName": "STG:39", "Comments": "formerly STG39", "RcvdDate": 1744156800000, "GlobalID": "463f7916-e05f-4809-9aa4-36e0802d9f32", "Shape__Area": 2353666.9377403259, "Shape__Length": 7536.6198125782885 }, "geometry": { "type": "Polygon", "coordinates": [ [ [ -113.557846629709999, 37.1098040657102 ], [ -113.557890582479999, 37.109686097108501 ], [ -113.557895458535995, 37.109673009374497 ], [ -113.557989244447995, 37.109421291598302 ], [ -113.558035719687993, 37.109297364152603 ], [ -113.558124063606002, 37.109061795563697 ], [ -113.558213986762993, 37.108837326117197 ], [ -113.558227916039002, 37.1088025564368 ], [ -113.558236003572006, 37.1087823690387 ], [ -113.558401653809, 37.108359146688002 ], [ -113.558547250952998, 37.107993612755003 ], [ -113.558624242861001, 37.107800315361999 ], [ -113.558722564367002, 37.107540356939403 ], [ -113.558881328119, 37.107147474961103 ], [ -113.558938283104993, 37.106995903767 ], [ -113.558973812372997, 37.1069013540342 ], [ -113.558976061753995, 37.106895698641601 ], [ -113.559036543524996, 37.106743584615202 ], [ -113.559128704385003, 37.106511792214803 ], [ -113.559132206916999, 37.1065029831109 ], [ -113.559169427712007, 37.106405855079203 ], [ -113.559214699208994, 37.106287712825001 ], [ -113.559224413590997, 37.106262362931901 ], [ -113.559727088366003, 37.1049782999347 ], [ -113.559727331809, 37.104977677352899 ], [ -113.559834078614003, 37.104704992480698 ], [ -113.559876125160002, 37.1045975869852 ], [ -113.559882935288002, 37.104580188994298 ], [ -113.559990133046995, 37.104306348504501 ], [ -113.560312067685999, 37.103483939863096 ], [ -113.560443022290997, 37.103149401199303 ], [ -113.560839694066004, 37.102136037481003 ], [ -113.560956450128998, 37.101876867467404 ], [ -113.561078827995999, 37.101619351663103 ], [ -113.561206790808001, 37.1013635676494 ], [ -113.561340300021001, 37.1011095924868 ], [ -113.561428229203003, 37.100948772029902 ], [ -113.561518383535002, 37.100788736858497 ], [ -113.561610751985, 37.100629506561603 ], [ -113.561705323249996, 37.100471100630003 ], [ -113.561863249975005, 37.100216163803999 ], [ -113.562026884188995, 37.0999635262936 ], [ -113.562181268605002, 37.099734879306801 ], [ -113.562340329747997, 37.099508280030797 ], [ -113.562510749980007, 37.099274745561203 ], [ -113.562686140313005, 37.099043563130699 ], [ -113.562866449702, 37.098814800042902 ], [ -113.563051625672003, 37.0985885228977 ], [ -113.563163012133998, 37.098456365003798 ], [ -113.563276059844995, 37.098325107316398 ], [ -113.563390757362995, 37.098194763124198 ], [ -113.563507093080005, 37.098065345623603 ], [ -113.563573324068997, 37.097992878765702 ], [ -113.563962469759005, 37.097977943304798 ], [ -113.579143936077003, 37.097986193096297 ], [ -113.579158517530999, 37.0979919236702 ], [ -113.579158473513004, 37.097997768883701 ], [ -113.579145975252999, 37.099690042402997 ], [ -113.579133415008002, 37.101390569814498 ], [ -113.579120956273997, 37.103077364777498 ], [ -113.576977856279996, 37.103071659664202 ], [ -113.572751997029002, 37.103096539199498 ], [ -113.568509243161998, 37.1030378724599 ], [ -113.568502654918007, 37.104746770795899 ], [ -113.568490451304996, 37.106439182271799 ], [ -113.568496423305007, 37.10815324867 ], [ -113.568467657452999, 37.109851448386998 ], [ -113.566348316101994, 37.109842279327999 ], [ -113.564229051108001, 37.109835816784901 ], [ -113.562092783699995, 37.109826870520997 ], [ -113.557846629709999, 37.1098040657102 ] ] ] } },
{ "type": "Feature", "properties": { "OBJECTID": 140, "CountyID": 27, "VistaID": "27STG:59", "PrecinctID": "27STG", "SubPrecinctID": "59", "VersionNbr": null, "EffectiveDate": 1744156800000, "AliasName": "STG:59", "Comments": "formerly STG59", "RcvdDate": 1744156800000, "GlobalID": "73c1f915-c3d2-46db-abd9-fd69450d259e", "Shape__Area": 18937338.936338425, "Shape__Length": 18887.842131812195 }, "geometry": { "type": "Polygon", "coordinates": [ [ [ -113.563071087672, 37.023214618085902 ], [ -113.563057550959002, 37.023051519214299 ], [ -113.563048636977001, 37.022601338032601 ], [ -113.563047551812005, 37.022546519258398 ], [ -113.563156550692995, 37.021844518730902 ], [ -113.563184551180996, 37.021626518585599 ], [ -113.563616551001004, 37.020150519412901 ], [ -113.564138550333993, 37.018466518835702 ], [ -113.564349551120003, 37.017674518367798 ], [ -113.564347589199002, 37.0151207849703 ], [ -113.564347550571995, 37.015071519034798 ], [ -113.564281550450005, 37.012845518848899 ], [ -113.564208550654996, 37.012550517879703 ], [ -113.563814551367997, 37.011778517629701 ], [ -113.562293549979998, 37.009790517461298 ], [ -113.561402549676998, 37.0087315183671 ], [ -113.560705549543002, 37.007484518061297 ], [ -113.560532549290997, 37.006868517785897 ], [ -113.560428548635002, 37.005488518047102 ], [ -113.560329548002997, 37.001144517278 ], [ -113.560283054796997, 37.000781288131201 ], [ -113.560281549219994, 37.000769516717497 ], [ -113.560287372998005, 37.000530693939503 ], [ -113.560288547097002, 37.000482516919703 ], [ -113.560247888448004, 37.000176081719999 ], [ -113.560247548885002, 37.000173516926203 ], [ -113.560247547987004, 37.000072059353997 ], [ -113.560247548885002, 37.0000548970919 ], [ -113.560247547987004, 37.0000255163406 ], [ -113.563981549076999, 37.000023516873597 ], [ -113.567052549471001, 37.000026516432797 ], [ -113.571370549818994, 37.000021515971802 ], [ -113.571730550566997, 37.000021515254303 ], [ -113.572121551278002, 37.0000225153466 ], [ -113.572175550805994, 37.000021515971802 ], [ -113.576253551853, 37.000018515694997 ], [ -113.580835551792006, 37.000020515162099 ], [ -113.581021552463, 37.000021514536897 ], [ -113.583296552988003, 37.0000225153466 ], [ -113.583720553310002, 37.0000225153466 ], [ -113.589471554284998, 37.0000225153466 ], [ -113.589611554027002, 37.000022514629102 ], [ -113.590616554131998, 37.000021514536897 ], [ -113.592140554097, 37.000020514444699 ], [ -113.592706554708997, 37.000019514352402 ], [ -113.593385554402005, 37.0000205137272 ], [ -113.596524554566997, 37.000022513911702 ], [ -113.599755556589997, 37.000024514813603 ], [ -113.600927557101002, 37.000024514096097 ], [ -113.601177555549, 37.000024513378698 ], [ -113.601253555716994, 37.000025514188302 ], [ -113.601296556272999, 37.000024514096097 ], [ -113.601582556503999, 37.000024513378698 ], [ -113.603365556933994, 37.0000265135631 ], [ -113.607074557011998, 37.000024514096097 ], [ -113.609879011988994, 37.0000216336297 ], [ -113.610952558042001, 37.0000205137272 ], [ -113.614845558243005, 37.000019512917603 ], [ -113.617064559590006, 37.000019512200097 ], [ -113.619833559859003, 37.000019512917603 ], [ -113.620899560064004, 37.0000185121079 ], [ -113.621639559856007, 37.000019512200097 ], [ -113.622426560400996, 37.000018512825299 ], [ -113.622438622081006, 37.000018525021503 ], [ -113.622438634657001, 37.0000247946098 ], [ -113.622438657114998, 37.000084394054802 ], [ -113.622430152763997, 37.000084392620003 ], [ -113.622353215653007, 37.000231566618197 ], [ -113.622237428202993, 37.000539660272601 ], [ -113.621942866129999, 37.001187080821303 ], [ -113.621722786071999, 37.001570814527199 ], [ -113.621238628270007, 37.002367772205801 ], [ -113.620295210372007, 37.003856445837798 ], [ -113.619067229547994, 37.005630820662603 ], [ -113.617351388965005, 37.008307879591499 ], [ -113.616187648464006, 37.010123426464503 ], [ -113.611522188747003, 37.017517298469201 ], [ -113.608142734732994, 37.022720315715297 ], [ -113.606494857989006, 37.022676285337702 ], [ -113.606430804393995, 37.0226771616897 ], [ -113.606366753738001, 37.0226761576738 ], [ -113.603232172386001, 37.022546208704902 ], [ -113.602996762577007, 37.022536445991499 ], [ -113.602841964887006, 37.022522800280697 ], [ -113.602709603208993, 37.022513871683898 ], [ -113.602577014153994, 37.0225074437625 ], [ -113.602444271828006, 37.022503520109701 ], [ -113.602311450423002, 37.0225021029188 ], [ -113.601613021968006, 37.022610841106498 ], [ -113.601546400979998, 37.022624376078603 ], [ -113.601481253317999, 37.0226418959694 ], [ -113.601417952329001, 37.022663300373502 ], [ -113.601356860775994, 37.022688466623698 ], [ -113.601298328762994, 37.022717250493798 ], [ -113.601242691723996, 37.022749487025798 ], [ -113.601190268503004, 37.022784991474602 ], [ -113.601141359525002, 37.022823560367598 ], [ -113.601096245079006, 37.022864972670298 ], [ -113.601055183705, 37.0229089910531 ], [ -113.601018410715994, 37.022955363251803 ], [ -113.600986136852001, 37.023003823513399 ], [ -113.600958547066, 37.023054094118798 ], [ -113.600935799469994, 37.023105886974598 ], [ -113.600918024425994, 37.023158905264303 ], [ -113.600905323796994, 37.023212845149203 ], [ -113.595334947077006, 37.023230923076802 ], [ -113.586285097919998, 37.023221504710897 ], [ -113.567253420853007, 37.023216583234102 ], [ -113.563240539578999, 37.023214445238899 ], [ -113.563071087672, 37.023214618085902 ] ] ] } },
{ "type": "Feature", "properties": { "OBJECTID": 143, "CountyID": 27, "VistaID": "27WAS:17", "PrecinctID": "27WAS", "SubPrecinctID": "17", "VersionNbr": null, "EffectiveDate": 1744156800000, "AliasName": "WAS:17", "Comments": "formerly WAS17", "RcvdDate": 1744156800000, "GlobalID": "61c8ef90-de28-4d7a-a176-f315d493add9", "Shape__Area": 2494594.26953125, "Shape__Length": 8399.0112249263293 }, "geometry": { "type": "Polygon", "coordinates": [ [ [ -113.499578908992007, 37.0816284788472 ], [ -113.499578904501007, 37.081628349849197 ], [ -113.499578767957004, 37.0816207289338 ], [ -113.499578635006003, 37.081612524659803 ], [ -113.499565720825998, 37.080820326448801 ], [ -113.499552863239003, 37.080645281263998 ], [ -113.499527363661002, 37.080470452824997 ], [ -113.499492892608998, 37.080293989262799 ], [ -113.499441124496002, 37.080110667475999 ], [ -113.499388049334001, 37.079961945427399 ], [ -113.499333154184995, 37.079828754816297 ], [ -113.499277027445999, 37.079705121532598 ], [ -113.499209682545995, 37.079579297172103 ], [ -113.499137194791004, 37.079455945135301 ], [ -113.499061874646998, 37.079338007394199 ], [ -113.498960907603006, 37.079195296763103 ], [ -113.498849081722994, 37.079059251702802 ], [ -113.498729145853005, 37.0789277150392 ], [ -113.498601382960999, 37.078800999269099 ], [ -113.498466095780998, 37.0786794011238 ], [ -113.498323599621003, 37.078563208734899 ], [ -113.498174234044001, 37.078452694467899 ], [ -113.498043756444005, 37.078365163459303 ], [ -113.498018348494, 37.078348118504898 ], [ -113.497859948560006, 37.078251830171901 ], [ -113.497696021292001, 37.078161673702098 ], [ -113.497526938592998, 37.078077854807098 ], [ -113.497353080449003, 37.078000561997499 ], [ -113.497184027393999, 37.077933403113001 ], [ -113.497011369399999, 37.077872414162499 ], [ -113.496831396424, 37.077816542340997 ], [ -113.496648401515998, 37.077767375132701 ], [ -113.496528806108003, 37.077727000992397 ], [ -113.496442936150004, 37.077694471749602 ], [ -113.496358591531006, 37.077659473485397 ], [ -113.496275884541006, 37.077622047047697 ], [ -113.496194925672995, 37.0775822454683 ], [ -113.496113175388999, 37.077540116762002 ], [ -113.496092673139003, 37.077529011584801 ], [ -113.495997636772003, 37.077470694147401 ], [ -113.495904010759006, 37.077409576536297 ], [ -113.495813995974999, 37.077345069620399 ], [ -113.495727785555005, 37.077277308846803 ], [ -113.495645560960995, 37.077206438262898 ], [ -113.495567498260996, 37.077132608366597 ], [ -113.495493762745994, 37.0770559775397 ], [ -113.495422468851004, 37.076974248751597 ], [ -113.495356096826995, 37.076889901769199 ], [ -113.495294796690004, 37.076803124359401 ], [ -113.495238705884006, 37.076714115040303 ], [ -113.495187948375005, 37.076623072330698 ], [ -113.495177154218993, 37.076600946276798 ], [ -113.495142641843998, 37.0765302033506 ], [ -113.495102888698, 37.076435714504399 ], [ -113.495068776072998, 37.076339821514303 ], [ -113.495044559288999, 37.076258422355899 ], [ -113.495024407382999, 37.0761763150036 ], [ -113.495008354489002, 37.076093629895801 ], [ -113.494996423963002, 37.0760104974717 ], [ -113.494989941719993, 37.075940359614101 ], [ -113.494988428957001, 37.075923989971599 ], [ -113.494984900375002, 37.075837292444596 ], [ -113.494985840013001, 37.075750550382303 ], [ -113.494991249666995, 37.075663914294203 ], [ -113.494951165043005, 37.075337578167698 ], [ -113.494922854636002, 37.075107095170999 ], [ -113.494685853012996, 37.074561738083801 ], [ -113.494793938308007, 37.0744386509554 ], [ -113.494911538558995, 37.074364786828298 ], [ -113.494989961483, 37.074357086342999 ], [ -113.496778247601, 37.074334608432899 ], [ -113.499967158163003, 37.074335495737799 ], [ -113.502745600625005, 37.074306499209897 ], [ -113.504176489311007, 37.074296532434801 ], [ -113.50416778284, 37.0697128180799 ], [ -113.506046786224999, 37.069705494142298 ], [ -113.506043243269005, 37.068785485703003 ], [ -113.506322288741998, 37.068784561777498 ], [ -113.506324441106003, 37.068784553893003 ], [ -113.507073539035005, 37.068782065243397 ], [ -113.510822005695999, 37.068769602641197 ], [ -113.510853580580005, 37.068769497991802 ], [ -113.510854885832003, 37.0689316299285 ], [ -113.510859274102003, 37.069477861825803 ], [ -113.510867969794006, 37.070559439133497 ], [ -113.510875371911993, 37.071542388344199 ], [ -113.510882350025, 37.072296526935702 ], [ -113.510885035089998, 37.072712460079401 ], [ -113.510888439704999, 37.073241010135298 ], [ -113.510889005642994, 37.073241007985096 ], [ -113.510889020915002, 37.073243026310401 ], [ -113.510888452280994, 37.073243028460602 ], [ -113.510888456773003, 37.073255784188902 ], [ -113.510888457671001, 37.0732565546787 ], [ -113.510888825980004, 37.074183253987599 ], [ -113.510889104458002, 37.0741832525541 ], [ -113.510896844342, 37.074183211700699 ], [ -113.510896852426995, 37.074184832218002 ], [ -113.510896852426995, 37.074184863753999 ], [ -113.510897410281004, 37.074252302614603 ], [ -113.510897415670996, 37.074253071660898 ], [ -113.510897503706005, 37.074265956946498 ], [ -113.510906060159002, 37.075350271906203 ], [ -113.510915407129005, 37.076547128307503 ], [ -113.510918040990006, 37.076868979133401 ], [ -113.510924915797005, 37.077745423568999 ], [ -113.510925445802997, 37.0778057926833 ], [ -113.510925592228006, 37.077830058426301 ], [ -113.510925597617998, 37.077830892655101 ], [ -113.510925600313001, 37.077830932789801 ], [ -113.510921202161001, 37.077830929206399 ], [ -113.510921635149003, 37.077894822938198 ], [ -113.511823062198005, 37.077884111992901 ], [ -113.513061304477006, 37.077869392593001 ], [ -113.513118669993005, 37.077842171227502 ], [ -113.513227302361003, 37.077790623185699 ], [ -113.513305768405004, 37.077753468438999 ], [ -113.513309946468993, 37.077753416120501 ], [ -113.513320034550006, 37.077753297149599 ], [ -113.513320101025002, 37.077758976218199 ], [ -113.517677523041002, 37.077726648379702 ], [ -113.517676419012005, 37.077701479570898 ], [ -113.517722500789006, 37.077700669708101 ], [ -113.517742040044993, 37.077700326412298 ], [ -113.517815285080005, 37.081501536111098 ], [ -113.517464548657003, 37.081502528680701 ], [ -113.516405549023006, 37.081506529775197 ], [ -113.515536547563002, 37.081510530152698 ], [ -113.515485547509996, 37.081510530152698 ], [ -113.513781547619999, 37.081516529285402 ], [ -113.513213546459994, 37.081518529473897 ], [ -113.512800547804005, 37.081518529473897 ], [ -113.511561546449002, 37.081520529662399 ], [ -113.511149546720006, 37.081521529398302 ], [ -113.510799547814003, 37.081521530114998 ], [ -113.509750546429004, 37.081522529850901 ], [ -113.509401547348006, 37.081523529586697 ], [ -113.509246547537003, 37.081523529586697 ], [ -113.508784546681994, 37.081523529586697 ], [ -113.508631546521002, 37.0815245293226 ], [ -113.507789545723, 37.081533530528098 ], [ -113.505266546399994, 37.081562530742097 ], [ -113.504426546150995, 37.081572530961601 ], [ -113.504221323329006, 37.081573950657202 ], [ -113.504137545546996, 37.081574529715397 ], [ -113.503828979637007, 37.081578386758103 ], [ -113.503817545879997, 37.081578530089402 ], [ -113.501990545069006, 37.0816005299925 ], [ -113.501668997604, 37.081604232952998 ], [ -113.501668843093995, 37.081604235819597 ], [ -113.501382545520997, 37.081607531002803 ], [ -113.501292046545004, 37.081607988229202 ], [ -113.501184545154999, 37.081608530737597 ], [ -113.500590545850997, 37.081615530313798 ], [ -113.500393545308995, 37.081618530234302 ], [ -113.500229545278003, 37.0816195306856 ], [ -113.499737544284997, 37.081626530977502 ], [ -113.499578908992007, 37.0816284788472 ] ] ] } },
{ "type": "Feature", "properties": { "OBJECTID": 144, "CountyID": 27, "VistaID": "27WAS:04", "PrecinctID": "27WAS", "SubPrecinctID": "04", "VersionNbr": null, "EffectiveDate": 1744156800000, "AliasName": "WAS:04", "Comments": "formerly WAS04", "RcvdDate": 1744156800000, "GlobalID": "a5b1d321-9ca5-4cf4-86ac-2b9bcb8b7e27", "Shape__Area": 2628479.3616650105, "Shape__Length": 9109.7666328181585 }, "geometry": { "type": "Polygon", "coordinates": [ [ [ -113.518415768422997, 37.1399398903595 ], [ -113.518392352936999, 37.139940216903 ], [ -113.513862793949997, 37.1400034732008 ], [ -113.513857613365005, 37.140003553404398 ], [ -113.512054633505002, 37.139975049622201 ], [ -113.511872842339002, 37.139995488648303 ], [ -113.511653268930999, 37.140002635359899 ], [ -113.509823437527999, 37.1399867063556 ], [ -113.509815324843004, 37.1385801199444 ], [ -113.511099045231006, 37.137862586840903 ], [ -113.513822103861003, 37.136210096413102 ], [ -113.515353304719994, 37.135280825569097 ], [ -113.518929201421997, 37.1331119344404 ], [ -113.522994954839007, 37.130533192392598 ], [ -113.525391363572993, 37.128940387540098 ], [ -113.527427079855002, 37.127743299359203 ], [ -113.527475016653995, 37.127711797159897 ], [ -113.527475554744996, 37.127719534480498 ], [ -113.527483555141004, 37.127972534332002 ], [ -113.527495929433996, 37.128209719313098 ], [ -113.527502292201007, 37.128331669851498 ], [ -113.527507554531994, 37.128432534890102 ], [ -113.527560556032, 37.1283845342899 ], [ -113.527776555941998, 37.1281905340606 ], [ -113.527849555737006, 37.128126533765197 ], [ -113.527924555181997, 37.128058534063399 ], [ -113.528081555539998, 37.127917534560801 ], [ -113.528150555137003, 37.1278555344322 ], [ -113.528226555304997, 37.127788534328502 ], [ -113.528304556021993, 37.127717534795401 ], [ -113.528480555748999, 37.127560533563603 ], [ -113.528546554973005, 37.127514534965798 ], [ -113.528633555910005, 37.127454534199202 ], [ -113.528720554152002, 37.127392534407498 ], [ -113.528984554640004, 37.127209533559501 ], [ -113.529073555227001, 37.127148534133497 ], [ -113.529244554930997, 37.127028534837301 ], [ -113.529760556214001, 37.126671534660296 ], [ -113.529932554845004, 37.126552533749603 ], [ -113.530118555515998, 37.126420534476601 ], [ -113.530676555732995, 37.126027534155 ], [ -113.530863554432003, 37.125896533833 ], [ -113.531075555043003, 37.125746532918001 ], [ -113.531529554604006, 37.125427534763404 ], [ -113.531738554840999, 37.125350533772597 ], [ -113.531796200631007, 37.125329744845303 ], [ -113.531796686619998, 37.125329568649697 ], [ -113.531982555238997, 37.1252625333628 ], [ -113.532072674228004, 37.125228825534499 ], [ -113.532113555658, 37.125213533741402 ], [ -113.532377556146997, 37.125117534157297 ], [ -113.532513556590004, 37.1250855330752 ], [ -113.532639993567997, 37.125056924114901 ], [ -113.532650555958995, 37.125054533289799 ], [ -113.532797555374003, 37.125020533857104 ], [ -113.532845555951994, 37.125158534113901 ], [ -113.532845877548993, 37.125159287602401 ], [ -113.532876776001999, 37.125231854526803 ], [ -113.532911556075007, 37.125313534133703 ], [ -113.532879022687993, 37.1253145719689 ], [ -113.532842405560999, 37.125315739443799 ], [ -113.532817819569999, 37.125316525161701 ], [ -113.532817556363, 37.125316533040298 ], [ -113.532883467551997, 37.125478265400297 ], [ -113.532936555291002, 37.1256085337331 ], [ -113.532937017025006, 37.125608429878397 ], [ -113.532968048428003, 37.125601483786703 ], [ -113.532972421427004, 37.125600503970901 ], [ -113.532975185542995, 37.125599885139799 ], [ -113.532983078141001, 37.125598118176597 ], [ -113.532984970890993, 37.1255976941627 ], [ -113.532994876613998, 37.1255954774009 ], [ -113.532995772234003, 37.12559527757 ], [ -113.533003557035002, 37.125593533526398 ], [ -113.533008637007001, 37.125607909172302 ], [ -113.533010058141997, 37.125611930857403 ], [ -113.533097555848002, 37.125859533744801 ], [ -113.533138563042002, 37.125987185011297 ], [ -113.533159555772002, 37.126052533638401 ], [ -113.533160840362996, 37.126052237117001 ], [ -113.535177555480999, 37.1255855338445 ], [ -113.536427555808999, 37.125296532686797 ], [ -113.536427651029996, 37.125300413288699 ], [ -113.536441190437998, 37.125854760739898 ], [ -113.536445556250001, 37.126033534060397 ], [ -113.536479555686995, 37.126988534313398 ], [ -113.536484556608002, 37.127582533007697 ], [ -113.536491556281007, 37.128498533875103 ], [ -113.536493219063004, 37.128672131343102 ], [ -113.536495557376995, 37.1289165342275 ], [ -113.536495751413, 37.128934977304297 ], [ -113.535996200080007, 37.1289377912859 ], [ -113.534144827974998, 37.1289489712929 ], [ -113.531949518795997, 37.128961690429001 ], [ -113.531964872800998, 37.1298342987049 ], [ -113.531975087543998, 37.130414418857903 ], [ -113.531985090285005, 37.130971357264798 ], [ -113.531990893401002, 37.1313008950764 ], [ -113.531996491702003, 37.131619397226999 ], [ -113.532005146969993, 37.1321214381923 ], [ -113.532009809225997, 37.132393258025999 ], [ -113.532024825464006, 37.133376500251202 ], [ -113.532028776255004, 37.133646460713003 ], [ -113.532015979753993, 37.133646979931498 ], [ -113.532021468460002, 37.133651382188397 ], [ -113.532034791374002, 37.134058966900497 ], [ -113.532049318031, 37.1350534031099 ], [ -113.532066837873998, 37.136253690660403 ], [ -113.528112195277998, 37.136257354426498 ], [ -113.527485344585003, 37.136257310742103 ], [ -113.526424604913998, 37.136257232683 ], [ -113.526292280378001, 37.136261541689898 ], [ -113.526392519786995, 37.1388982026047 ], [ -113.526398364225997, 37.1389062789357 ], [ -113.526338222017998, 37.138926373799897 ], [ -113.525778077523, 37.139053254687902 ], [ -113.525509364472001, 37.139107485854701 ], [ -113.525302552529993, 37.139174160131503 ], [ -113.525026504734996, 37.139334414902002 ], [ -113.524946658879003, 37.139407065624603 ], [ -113.524864392962002, 37.1393486354064 ], [ -113.524860631715995, 37.139345961453301 ], [ -113.524837765100997, 37.139329721519097 ], [ -113.524753332447006, 37.139269750887998 ], [ -113.524750817164005, 37.139269750887998 ], [ -113.524727860716993, 37.139269738714098 ], [ -113.524428424384993, 37.139269569712098 ], [ -113.524302266782996, 37.139269496668902 ], [ -113.524208890503004, 37.139269450121702 ], [ -113.523996160460001, 37.139269329099101 ], [ -113.523846949393004, 37.139269135749302 ], [ -113.523846527185, 37.1392691429104 ], [ -113.523843689407002, 37.139269197334798 ], [ -113.523783447485997, 37.1392692073603 ], [ -113.523570764156005, 37.139269051964398 ], [ -113.523569643957003, 37.139269046951597 ], [ -113.523358012553999, 37.139268900865098 ], [ -113.523145425343998, 37.139268754778598 ], [ -113.522932736624, 37.139268592937697 ], [ -113.522750345383002, 37.139268464037798 ], [ -113.522738988881997, 37.139268451147899 ], [ -113.522737199437998, 37.139268449715601 ], [ -113.522721837348001, 37.139268441838396 ], [ -113.522524508920995, 37.139268383833503 ], [ -113.522421564683995, 37.139268323680199 ], [ -113.522407795307998, 37.139268312938498 ], [ -113.522311816607996, 37.139268270688099 ], [ -113.522306838144004, 37.139268269255801 ], [ -113.522299597723006, 37.139268264959199 ], [ -113.522112850552006, 37.139268193348101 ], [ -113.522107872088995, 37.139268191915903 ], [ -113.521900160035997, 37.139268105982701 ], [ -113.521895201334999, 37.139268105266602 ], [ -113.521817199720999, 37.139268073757698 ], [ -113.521687465925993, 37.139267946290097 ], [ -113.521487553943999, 37.139267873246801 ], [ -113.521205043668999, 37.139267820970801 ], [ -113.52118441799, 37.139270369283899 ], [ -113.521165715448006, 37.139277755593596 ], [ -113.521150676088993, 37.139289292692403 ], [ -113.521140699141995, 37.139303907192001 ], [ -113.521137482444999, 37.1393131653751 ], [ -113.521136396211006, 37.1393227330042 ], [ -113.521136368363997, 37.139367557165997 ], [ -113.521137357236995, 37.139402203569198 ], [ -113.521140368060003, 37.139436775710102 ], [ -113.521145394306998, 37.139471198643001 ], [ -113.521152425081993, 37.139505397745701 ], [ -113.521161445142994, 37.139539298881402 ], [ -113.521172434937, 37.139572828559402 ], [ -113.521185370639003, 37.139605914094098 ], [ -113.521200224207007, 37.139638483762901 ], [ -113.521214368181006, 37.139665771723202 ], [ -113.521092399424006, 37.139667332835302 ], [ -113.521015903386001, 37.1396683110368 ], [ -113.520480443696002, 37.139677222265597 ], [ -113.520342145363003, 37.139679155036802 ], [ -113.520334699228002, 37.139679259588299 ], [ -113.519260015906994, 37.139694300685598 ], [ -113.519265119235996, 37.139928010910502 ], [ -113.518519904724002, 37.139938436668601 ], [ -113.518426727869993, 37.1399397385455 ], [ -113.518415768422997, 37.1399398903595 ] ] ] } },
{ "type": "Feature", "properties": { "OBJECTID": 146, "CountyID": 27, "VistaID": "27STG:35", "PrecinctID": "27STG", "SubPrecinctID": "35", "VersionNbr": null, "EffectiveDate": 1744156800000, "AliasName": "STG:35", "Comments": "formerly STG35", "RcvdDate": 1744156800000, "GlobalID": "3163768a-a7fd-47e7-8472-6941fa580a72", "Shape__Area": 11779488.226448059, "Shape__Length": 16602.12593704398 }, "geometry": { "type": "Polygon", "coordinates": [ [ [ -113.606565565283006, 37.0843455243023 ], [ -113.605952565712997, 37.083766523863702 ], [ -113.605341565792997, 37.083189524880197 ], [ -113.605007564984007, 37.082877524638697 ], [ -113.604753565438997, 37.082598523969097 ], [ -113.604608564776001, 37.082384524459997 ], [ -113.604463564111995, 37.082147524164803 ], [ -113.604333565313993, 37.081870523854299 ], [ -113.604237565055001, 37.081619524235698 ], [ -113.604089564019006, 37.081058523417099 ], [ -113.604018565670003, 37.080818523324197 ], [ -113.603948564451997, 37.080581523149903 ], [ -113.603812565805995, 37.080097523748996 ], [ -113.603793564640995, 37.080026523933903 ], [ -113.603730564892004, 37.079862522986303 ], [ -113.603686564510994, 37.079748523280998 ], [ -113.603554565164998, 37.0795015235704 ], [ -113.603364564296001, 37.079245523729 ], [ -113.603326565559001, 37.0791935244171 ], [ -113.603191564043001, 37.079011523677799 ], [ -113.602876565296995, 37.078700523931303 ], [ -113.602700565570004, 37.078560523317996 ], [ -113.602279563823998, 37.078273523581601 ], [ -113.601800564147993, 37.077985523693101 ], [ -113.601470563537006, 37.0777725231315 ], [ -113.601315564624997, 37.077673522818202 ], [ -113.600799564241001, 37.077366523196403 ], [ -113.600174563178001, 37.077074523551403 ], [ -113.599658564590996, 37.076869523825799 ], [ -113.599524563797999, 37.0768165230864 ], [ -113.598575563769003, 37.076476523655103 ], [ -113.598541563433997, 37.076467523282702 ], [ -113.598258562679007, 37.076395523131502 ], [ -113.598032562723006, 37.076342523494198 ], [ -113.597749563763998, 37.076290522907897 ], [ -113.597430563022996, 37.076270523940998 ], [ -113.597223564231996, 37.0762625233493 ], [ -113.597215924959002, 37.0762632687238 ], [ -113.597198618017003, 37.076071622660997 ], [ -113.597194827126003, 37.076045201213297 ], [ -113.597176885569993, 37.075952132506998 ], [ -113.597151916913006, 37.075860100636902 ], [ -113.597120012697999, 37.075769443022899 ], [ -113.597081289895002, 37.075680492047702 ], [ -113.597035890472995, 37.075593573838098 ], [ -113.596983980879997, 37.075509007068902 ], [ -113.596925751431002, 37.075427101795 ], [ -113.596861415611997, 37.075348158314 ], [ -113.596853261603997, 37.075338862521001 ], [ -113.596523706556994, 37.074991908597198 ], [ -113.596245231514004, 37.0746987272518 ], [ -113.596209380963998, 37.074656161074003 ], [ -113.596176915387005, 37.074611899506202 ], [ -113.596147960300002, 37.074566113666599 ], [ -113.596122627648001, 37.074518980566801 ], [ -113.595988458869996, 37.074175090478903 ], [ -113.596385414512994, 37.074144797331797 ], [ -113.596394052712, 37.0741437688296 ], [ -113.596523145087005, 37.074126144770901 ], [ -113.596651256525007, 37.074104437265397 ], [ -113.596778184200005, 37.074078680676799 ], [ -113.596903727159997, 37.074048915779002 ], [ -113.596968173196998, 37.074031931492897 ], [ -113.597404596321994, 37.073903114693401 ], [ -113.597511952185002, 37.073871426683297 ], [ -113.597563060035995, 37.073857097838399 ], [ -113.597598592897, 37.073847135304597 ], [ -113.598128286301005, 37.073709775482001 ], [ -113.599133573868002, 37.073449074386403 ], [ -113.599498529722993, 37.073360507655202 ], [ -113.599676678220007, 37.073317274266202 ], [ -113.600661858796002, 37.073078185726203 ], [ -113.601586921416995, 37.072897906247398 ], [ -113.602264214311006, 37.072765907349101 ], [ -113.602339210162, 37.072751291599602 ], [ -113.602455850853005, 37.072725896625698 ], [ -113.602571335730005, 37.072697336150902 ], [ -113.602628539549002, 37.072681896136999 ], [ -113.602741552102998, 37.072648804238902 ], [ -113.602840864022994, 37.072616796836797 ], [ -113.602938918334999, 37.0725824095611 ], [ -113.603035625478995, 37.072545673816997 ], [ -113.603130897124998, 37.072506623154901 ], [ -113.603224646252997, 37.072465293239198 ], [ -113.603316787235002, 37.072421721816198 ], [ -113.603407235911007, 37.072375948679202 ], [ -113.603495909667998, 37.072328015632401 ], [ -113.603817035822999, 37.072125790497203 ], [ -113.603905223902004, 37.072056024497101 ], [ -113.603990071709006, 37.071983669426601 ], [ -113.604071459935, 37.071908827019598 ], [ -113.604149274137001, 37.071831602507302 ], [ -113.604042271311997, 37.071762880663798 ], [ -113.602375379031002, 37.070692552848598 ], [ -113.603319933297001, 37.070002576077499 ], [ -113.604084796658995, 37.0690141572708 ], [ -113.604142447838996, 37.069043590187697 ], [ -113.604131539597006, 37.069056621863702 ], [ -113.604362739001999, 37.069156059190597 ], [ -113.604531169523995, 37.069111546113703 ], [ -113.604542958115999, 37.069014909884302 ], [ -113.604562691406997, 37.068849040137003 ], [ -113.605236525787006, 37.068915073844998 ], [ -113.605289926138994, 37.068782544767203 ], [ -113.605311364433007, 37.068682786550802 ], [ -113.605339726042999, 37.068531486768897 ], [ -113.605426142176995, 37.0677144069655 ], [ -113.605525941411997, 37.066572512861399 ], [ -113.605526077956, 37.0665725114278 ], [ -113.605537197301999, 37.066572435447299 ], [ -113.640656809080994, 37.066645297913801 ], [ -113.640569416478002, 37.066644834145997 ], [ -113.640664598371998, 37.066645026964501 ], [ -113.640664596576002, 37.066644123083201 ], [ -113.640664802290004, 37.066644122366398 ], [ -113.649713842964005, 37.066611988342302 ], [ -113.649714172646, 37.0774889841977 ], [ -113.640775355257006, 37.077499237231102 ], [ -113.640774751589007, 37.077499237231102 ], [ -113.640773069044997, 37.082739850802099 ], [ -113.631620877521001, 37.082709851318199 ], [ -113.627185244583004, 37.082697277775097 ], [ -113.627184475625995, 37.082697262725503 ], [ -113.627089746482, 37.082694034237697 ], [ -113.627088569688993, 37.084518522135802 ], [ -113.626706569199001, 37.084517523156002 ], [ -113.623356569147006, 37.084505522498702 ], [ -113.622928568627003, 37.084503523105603 ], [ -113.622424567937998, 37.084504522802099 ], [ -113.620741568862996, 37.084500522582601 ], [ -113.619692568377005, 37.084499522885899 ], [ -113.618473568908996, 37.084497524209297 ], [ -113.614019566322, 37.084491523162697 ], [ -113.609473565469997, 37.084512524673897 ], [ -113.609468567243994, 37.084179523980303 ], [ -113.608853677618001, 37.084884630844698 ], [ -113.608207907506994, 37.085625132075798 ], [ -113.608207566147001, 37.085625524065698 ], [ -113.608237264449997, 37.085650767638697 ], [ -113.608267565522993, 37.0856765243011 ], [ -113.608529566361995, 37.085935524390599 ], [ -113.608529243866997, 37.085935778072198 ], [ -113.608406566338999, 37.0860325245947 ], [ -113.608406246537996, 37.086032240815598 ], [ -113.608370567251995, 37.086000523477303 ], [ -113.608346566064, 37.085978524851001 ], [ -113.607433566020006, 37.085136524746403 ], [ -113.607122566574006, 37.084857523791598 ], [ -113.607014565719993, 37.084760523516998 ], [ -113.606804565657995, 37.084571523940603 ], [ -113.606565565283006, 37.0843455243023 ] ] ] } },
{ "type": "Feature", "properties": { "OBJECTID": 147, "CountyID": 27, "VistaID": "27STG:19", "PrecinctID": "27STG", "SubPrecinctID": "19", "VersionNbr": null, "EffectiveDate": 1744156800000, "AliasName": "STG:19", "Comments": "formerly STG19", "RcvdDate": 1744156800000, "GlobalID": "a8eb7a8f-5174-4ac8-b6b3-262912e17fd6", "Shape__Area": 3579117.7761383057, "Shape__Length": 10038.978529867185 }, "geometry": { "type": "Polygon", "coordinates": [ [ [ -113.522076057354994, 37.058872758419199 ], [ -113.522082547682999, 37.058468526193799 ], [ -113.522090547179999, 37.058048526943601 ], [ -113.522123546792002, 37.056386526546 ], [ -113.522127663771002, 37.056172974964198 ], [ -113.522130838416999, 37.056008194779402 ], [ -113.522132297281004, 37.056008194779402 ], [ -113.525858781268994, 37.056009005590603 ], [ -113.530345356769004, 37.056012735609102 ], [ -113.530419602527004, 37.056005911460304 ], [ -113.530484262363004, 37.0559936682805 ], [ -113.530551013476995, 37.055974342146897 ], [ -113.530599587181001, 37.055954843235902 ], [ -113.530313964243007, 37.054883173977899 ], [ -113.530278598468996, 37.054726936557202 ], [ -113.530267641574, 37.054657897298199 ], [ -113.530259283109004, 37.054588626858497 ], [ -113.530253530587004, 37.054519187510301 ], [ -113.530250389179997, 37.054449641678097 ], [ -113.530249861710999, 37.054380051882099 ], [ -113.530251948655007, 37.054310480682197 ], [ -113.530256648136003, 37.054240990621899 ], [ -113.530263955929001, 37.054171644171802 ], [ -113.530264131999004, 37.054170192418901 ], [ -113.530272238395995, 37.054111403212403 ], [ -113.530301122123007, 37.054032097169397 ], [ -113.530332327683993, 37.0539533532734 ], [ -113.530365837925999, 37.053875214814397 ], [ -113.530401634425004, 37.0537977247497 ], [ -113.530438427969997, 37.053723408458097 ], [ -113.530477325571994, 37.053649777707797 ], [ -113.530488567090003, 37.053630203639798 ], [ -113.531240241386996, 37.052181661995803 ], [ -113.531236766703003, 37.049852402897002 ], [ -113.531236762212004, 37.049849185199101 ], [ -113.534859065880994, 37.049851883820899 ], [ -113.536114968141007, 37.049851735411103 ], [ -113.538128499628996, 37.049912763384 ], [ -113.552852948945002, 37.049932659606696 ], [ -113.553331433886001, 37.049410599091601 ], [ -113.553464531871995, 37.049261401719697 ], [ -113.554159665306003, 37.0491856346341 ], [ -113.554245859556005, 37.049165968360498 ], [ -113.554736142072002, 37.048968267896598 ], [ -113.555160759537003, 37.048929243526402 ], [ -113.555198058485999, 37.0489267463388 ], [ -113.555318902552997, 37.048918655393202 ], [ -113.555322789562993, 37.048918395134997 ], [ -113.555371552812005, 37.049603522744903 ], [ -113.555416552118999, 37.050149523865997 ], [ -113.555476552393998, 37.050865523545703 ], [ -113.555492552287006, 37.051608523576498 ], [ -113.555470553443996, 37.051777523173001 ], [ -113.555426552165002, 37.051884523172703 ], [ -113.555317552385006, 37.052052523464098 ], [ -113.555273552903003, 37.052119523165103 ], [ -113.555268056111004, 37.0521252923361 ], [ -113.555010553136995, 37.052395523770699 ], [ -113.554763552365998, 37.052655523661997 ], [ -113.554069551707002, 37.0534095238297 ], [ -113.553757552435997, 37.053749523432202 ], [ -113.553035552186998, 37.054533524089599 ], [ -113.552683551835003, 37.054914522937601 ], [ -113.551645552116995, 37.056042524850398 ], [ -113.551321552252006, 37.056369523966801 ], [ -113.551124551710998, 37.056545524170602 ], [ -113.550922552044, 37.056713524179898 ], [ -113.550525551486004, 37.056991524683902 ], [ -113.550199551971005, 37.057199523827599 ], [ -113.549873552456006, 37.0573775243653 ], [ -113.549778501716006, 37.057423897474003 ], [ -113.549543551845005, 37.0575385243189 ], [ -113.548973552831001, 37.057789524789399 ], [ -113.548771552266004, 37.0578795248245 ], [ -113.547536551107996, 37.0584565249981 ], [ -113.547183551828994, 37.058613525378 ], [ -113.546124551296998, 37.059085525317101 ], [ -113.545930552027002, 37.059173525187497 ], [ -113.545771551119998, 37.059241525082598 ], [ -113.545755048168999, 37.059216123608799 ], [ -113.545596366164006, 37.059286197361097 ], [ -113.545437170322998, 37.059355152737702 ], [ -113.545315039868996, 37.059414101326901 ], [ -113.545194944996993, 37.059479547533797 ], [ -113.545071067319, 37.059555787508501 ], [ -113.545011035602997, 37.059604501279601 ], [ -113.544846022271997, 37.059503364648599 ], [ -113.542537282821996, 37.0595204568505 ], [ -113.540346505643001, 37.059538060172898 ], [ -113.537720865712998, 37.059559108023301 ], [ -113.535778100808002, 37.0595777120786 ], [ -113.535675485354005, 37.059576380145501 ], [ -113.535672710458002, 37.058835603723402 ], [ -113.535673866590002, 37.058594046500801 ], [ -113.535672408625004, 37.058530507131401 ], [ -113.535667918844993, 37.058481518107897 ], [ -113.535665002014994, 37.058453270387602 ], [ -113.535660612846996, 37.058428151098497 ], [ -113.535655956878003, 37.058405713630499 ], [ -113.535652221682994, 37.058389768894699 ], [ -113.535552645230993, 37.058391700156299 ], [ -113.532734102872993, 37.058381063878997 ], [ -113.531538503620993, 37.058391550329503 ], [ -113.531057262648005, 37.058398800087502 ], [ -113.531057630958003, 37.058453451756897 ], [ -113.531066735383007, 37.059808923288699 ], [ -113.528094011579995, 37.059798621267603 ], [ -113.528096251080001, 37.058931760431598 ], [ -113.522803195966006, 37.058922972321099 ], [ -113.522803324425993, 37.058868045711698 ], [ -113.522270227305, 37.058867244250301 ], [ -113.522076057354994, 37.058872758419199 ] ] ] } },
{ "type": "Feature", "properties": { "OBJECTID": 148, "CountyID": 27, "VistaID": "27STG:29", "PrecinctID": "27STG", "SubPrecinctID": "29", "VersionNbr": null, "EffectiveDate": 1744156800000, "AliasName": "STG:29", "Comments": "formerly STG29", "RcvdDate": 1744156800000, "GlobalID": "a3a5dcce-b153-45f9-aac6-4e95970a397e", "Shape__Area": 1156019.1626252085, "Shape__Length": 5884.6361721669537 }, "geometry": { "type": "Polygon", "coordinates": [ [ [ -113.618359144202998, 37.029938735687303 ], [ -113.617346610826004, 37.029885750926297 ], [ -113.617018148130001, 37.029904011571801 ], [ -113.617007918116002, 37.0299045809844 ], [ -113.616652510454003, 37.029947299102098 ], [ -113.616494411454994, 37.029974496059303 ], [ -113.615567277317993, 37.030133977862398 ], [ -113.614837595576006, 37.030259489809602 ], [ -113.614621525597002, 37.030295709717699 ], [ -113.614543556322005, 37.030308779602699 ], [ -113.614283649455999, 37.030340553935901 ], [ -113.614001617084, 37.030361050514401 ], [ -113.613984618263999, 37.030362285429298 ], [ -113.613402488400993, 37.030372142516597 ], [ -113.612049873518004, 37.030366528746001 ], [ -113.612045149278003, 37.030366452729197 ], [ -113.611195224441005, 37.0303556733992 ], [ -113.611072351079997, 37.0303359821676 ], [ -113.611429779952005, 37.029205835470897 ], [ -113.611476644161996, 37.028166435861799 ], [ -113.611316134983994, 37.027198321647099 ], [ -113.610742434911003, 37.025498263870197 ], [ -113.610929423729004, 37.024703183920202 ], [ -113.611463604216993, 37.024133933249701 ], [ -113.611497522806005, 37.024107999340103 ], [ -113.611659806689005, 37.023987219708197 ], [ -113.611824475061994, 37.023868514924601 ], [ -113.611991486307005, 37.023751915001597 ], [ -113.612160798209999, 37.023637449419901 ], [ -113.612332367977999, 37.023525147120303 ], [ -113.612506152245999, 37.023415036496999 ], [ -113.612682107091004, 37.023307145390199 ], [ -113.612860188040003, 37.023201501079001 ], [ -113.612944571195001, 37.023147043041199 ], [ -113.613027088966007, 37.023090792385297 ], [ -113.613107681631007, 37.023032789818799 ], [ -113.613186290860995, 37.022973077316799 ], [ -113.613974256198006, 37.0223874002142 ], [ -113.614033600894999, 37.022344719065799 ], [ -113.614094284052996, 37.022303254919201 ], [ -113.614156266528994, 37.022263034522098 ], [ -113.614219508340994, 37.022224083820198 ], [ -113.614283968696, 37.0221864279399 ], [ -113.614349606016006, 37.022150091172499 ], [ -113.614416377961007, 37.022115096958402 ], [ -113.614484241461994, 37.022081467871999 ], [ -113.61476205804, 37.022472011477703 ], [ -113.615157896178999, 37.023030733062498 ], [ -113.615546155231002, 37.023578601395002 ], [ -113.615490957350005, 37.023608279288503 ], [ -113.615921774987001, 37.024260237573998 ], [ -113.616165319041002, 37.024628790137001 ], [ -113.616270012296994, 37.024537132684401 ], [ -113.616557537866996, 37.024328203482902 ], [ -113.616742289879994, 37.024229322769003 ], [ -113.616947730991996, 37.024179821043298 ], [ -113.617112113706, 37.024152221814397 ], [ -113.617372366422998, 37.024140981160997 ], [ -113.617666839563, 37.024157460949503 ], [ -113.617838133017003, 37.024206759722702 ], [ -113.618036864611994, 37.024305557271099 ], [ -113.618173885540998, 37.024387783872299 ], [ -113.618365698312004, 37.024530530905103 ], [ -113.618530243620995, 37.024700734705 ], [ -113.618660413098993, 37.024799423314903 ], [ -113.619188057445001, 37.0251121945888 ], [ -113.619517030384003, 37.025265789164401 ], [ -113.619681493946004, 37.025397512821797 ], [ -113.620140703735998, 37.025710440130801 ], [ -113.620339378737995, 37.025869523527597 ], [ -113.620642365212007, 37.026167836361203 ], [ -113.620668366947001, 37.026193436796397 ], [ -113.620826096738, 37.026358020651998 ], [ -113.620997485413, 37.026583131642603 ], [ -113.621216867480001, 37.026824574155398 ], [ -113.621381344517005, 37.026989188199103 ], [ -113.621730900553999, 37.0272801112297 ], [ -113.622464178252002, 37.027828935015897 ], [ -113.622861685459995, 37.028092208983097 ], [ -113.623567483694003, 37.028531239538601 ], [ -113.623814113460995, 37.0286299590298 ], [ -113.624047060088003, 37.028690319896398 ], [ -113.624499135459004, 37.0287394328533 ], [ -113.624695792843994, 37.028726782951303 ], [ -113.624930580119994, 37.0287116789412 ], [ -113.625204511484, 37.028656591339903 ], [ -113.625807304396005, 37.028552045700103 ], [ -113.626037362939996, 37.028512255668403 ], [ -113.626215471912005, 37.028501192080903 ], [ -113.626393583577993, 37.0284739071028 ], [ -113.627023882006, 37.028342431897002 ], [ -113.627263621693999, 37.028309634775901 ], [ -113.627578635711004, 37.0282986894902 ], [ -113.627982695230997, 37.028337408198198 ], [ -113.628256606831997, 37.028409018643799 ], [ -113.628489424102995, 37.028507944118203 ], [ -113.628831823262004, 37.028678336223898 ], [ -113.629061344613007, 37.0288500489455 ], [ -113.629132955613002, 37.0289036224951 ], [ -113.629310929837004, 37.029018992352903 ], [ -113.629495859716002, 37.029101404614302 ], [ -113.629701285557005, 37.029178405881503 ], [ -113.629906662888999, 37.0292279215615 ], [ -113.630167018912999, 37.029222507074103 ], [ -113.630303950908001, 37.029184234168099 ], [ -113.630543641189007, 37.029316076531799 ], [ -113.630592973071003, 37.029328770081698 ], [ -113.629620550368998, 37.029432103388302 ], [ -113.628775267128006, 37.0295219190361 ], [ -113.628540313664004, 37.029546953228497 ], [ -113.627874755462997, 37.029617667534403 ], [ -113.627838358423006, 37.029621537976197 ], [ -113.625909084415994, 37.029826581470402 ], [ -113.625908953261998, 37.029826603701899 ], [ -113.625057058419998, 37.029972106537002 ], [ -113.625044645499997, 37.029974225696201 ], [ -113.623976444421999, 37.030158818224798 ], [ -113.622845446615003, 37.030393633759203 ], [ -113.622784698941999, 37.030401967638099 ], [ -113.622348950451993, 37.030461749082399 ], [ -113.622238338195999, 37.030474558617399 ], [ -113.621474769307, 37.030428179083103 ], [ -113.621407510645, 37.0304171250975 ], [ -113.621239692079996, 37.030400692639603 ], [ -113.621072810407, 37.030379016114701 ], [ -113.620907122651005, 37.030352128903701 ], [ -113.620742883996996, 37.030320072411797 ], [ -113.620720950730998, 37.030316403521901 ], [ -113.619835659222005, 37.030168339716198 ], [ -113.619104831228995, 37.030046102092903 ], [ -113.61904639043, 37.0300343136973 ], [ -113.618940675789005, 37.030019611547303 ], [ -113.618724827693995, 37.0299895933641 ], [ -113.618359144202998, 37.029938735687303 ] ] ] } },
{ "type": "Feature", "properties": { "OBJECTID": 149, "CountyID": 27, "VistaID": "27STG:42", "PrecinctID": "27STG", "SubPrecinctID": "42", "VersionNbr": null, "EffectiveDate": 1744156800000, "AliasName": "STG:42", "Comments": "formerly STG42", "RcvdDate": 1744156800000, "GlobalID": "57b5dc73-f6b1-40ae-8368-67b1ade8e4ce", "Shape__Area": 1336958.8462314606, "Shape__Length": 5015.7957603527602 }, "geometry": { "type": "Polygon", "coordinates": [ [ [ -113.583347371581993, 37.103092788570301 ], [ -113.583368234055996, 37.103092850185199 ], [ -113.583375764633004, 37.1014165382174 ], [ -113.583370555303006, 37.099705180291501 ], [ -113.583387278339998, 37.098023401694398 ], [ -113.583408803770993, 37.096354422155699 ], [ -113.583408945705003, 37.096354100439903 ], [ -113.587009047511998, 37.0963253939249 ], [ -113.587597928215004, 37.098036366770302 ], [ -113.587668161706006, 37.098226758978598 ], [ -113.587742954766995, 37.098416042732403 ], [ -113.587822279951993, 37.098604148581202 ], [ -113.587906108154002, 37.098791007507401 ], [ -113.587994408610001, 37.0989765509512 ], [ -113.588087148918007, 37.099160710836202 ], [ -113.588184295047, 37.099343419594 ], [ -113.588285811347006, 37.099524610189 ], [ -113.588371996256996, 37.099650689373497 ], [ -113.588462499559, 37.099774828505097 ], [ -113.588557252670995, 37.099896933524001 ], [ -113.588656183793006, 37.100016911912 ], [ -113.588759217955996, 37.100134672762799 ], [ -113.588866277083994, 37.100250126850703 ], [ -113.588977280050997, 37.100363186698203 ], [ -113.58909214274, 37.100473766642303 ], [ -113.589976916818998, 37.101301283434701 ], [ -113.591578428816007, 37.102750415884401 ], [ -113.591694664105006, 37.102865442189 ], [ -113.591806752676007, 37.102983057059198 ], [ -113.591914603936999, 37.103103165424798 ], [ -113.592018130721002, 37.103225670200601 ], [ -113.592117249355994, 37.103350472364703 ], [ -113.592211879732005, 37.1034774710389 ], [ -113.592301945368007, 37.103606563569798 ], [ -113.592387373470004, 37.103737645612199 ], [ -113.592468094994999, 37.103870611213402 ], [ -113.592544044701995, 37.104005352898596 ], [ -113.592615161206993, 37.1041417617581 ], [ -113.592681387032997, 37.1042797275352 ], [ -113.592742668653997, 37.1044191387155 ], [ -113.592798956541998, 37.104559882616797 ], [ -113.592850205204002, 37.104701845480299 ], [ -113.59289637322, 37.104844912562797 ], [ -113.592932613963995, 37.1049473528698 ], [ -113.592964886578002, 37.105050633616003 ], [ -113.592993160519001, 37.105154657054896 ], [ -113.593017409029002, 37.105259324737403 ], [ -113.593037609160007, 37.105364537605297 ], [ -113.593053741795003, 37.105470196084497 ], [ -113.593065791666007, 37.105576200180003 ], [ -113.593073747369999, 37.105682449569798 ], [ -113.593075609577994, 37.106525662825803 ], [ -113.593075382303994, 37.107462160691298 ], [ -113.593079600943994, 37.107561340767099 ], [ -113.593085966388998, 37.107660447831499 ], [ -113.593094476741996, 37.107759452332402 ], [ -113.593105129465002, 37.1078583247483 ], [ -113.593117921379999, 37.107957035597302 ], [ -113.593132848674998, 37.108055555445603 ], [ -113.593149906896997, 37.108153854916601 ], [ -113.593169090960998, 37.108251904699401 ], [ -113.589714086835002, 37.108236882427001 ], [ -113.587592431424, 37.108228140865698 ], [ -113.585460277402007, 37.108219548315603 ], [ -113.584269505696, 37.108213876544198 ], [ -113.583291938342001, 37.108204649258198 ], [ -113.583310088803003, 37.107800938636998 ], [ -113.583342029300994, 37.106499238381801 ], [ -113.583353331005, 37.104809582229102 ], [ -113.583347371581993, 37.103092788570301 ] ] ] } },
{ "type": "Feature", "properties": { "OBJECTID": 150, "CountyID": 27, "VistaID": "27STG:11", "PrecinctID": "27STG", "SubPrecinctID": "11", "VersionNbr": null, "EffectiveDate": 1744156800000, "AliasName": "STG:11", "Comments": "formerly STG11", "RcvdDate": 1744156800000, "GlobalID": "2ee1aa75-0a82-40dc-b790-fa3c906e77a3", "Shape__Area": 2489783.8635940552, "Shape__Length": 9715.7308042401892 }, "geometry": { "type": "Polygon", "coordinates": [ [ [ -113.542966867071996, 37.084322127767102 ], [ -113.543080312613995, 37.084198615755703 ], [ -113.543144078626995, 37.0840922152899 ], [ -113.543178241557001, 37.084035213622499 ], [ -113.543362527344001, 37.083826797171 ], [ -113.543680973823996, 37.083838818718199 ], [ -113.543875942376999, 37.083574031786 ], [ -113.543881062774005, 37.0835673778098 ], [ -113.544370502670006, 37.082931276483002 ], [ -113.544899812493, 37.082262232612301 ], [ -113.545474303084006, 37.081647746845803 ], [ -113.545554675351994, 37.0815617789697 ], [ -113.546033095615002, 37.081050041017797 ], [ -113.546287605402995, 37.080864345322098 ], [ -113.547003603107996, 37.080341932914202 ], [ -113.548729934216993, 37.078566719772297 ], [ -113.548696222241006, 37.078509030949199 ], [ -113.548154103339996, 37.077581317349797 ], [ -113.548111542959006, 37.077581738765801 ], [ -113.547771593505999, 37.077064921223098 ], [ -113.547685704683005, 37.076934344344103 ], [ -113.547299474924998, 37.076647059654903 ], [ -113.546866877724995, 37.0765742497994 ], [ -113.546342712553994, 37.072157919318201 ], [ -113.546662086094997, 37.0718197826127 ], [ -113.547012264664005, 37.071864030336798 ], [ -113.547750637606995, 37.0722548898461 ], [ -113.547751221512002, 37.072254889129397 ], [ -113.548874916914002, 37.072254773016802 ], [ -113.549229504414996, 37.0722560466711 ], [ -113.549228518064993, 37.071141005355102 ], [ -113.549228099450005, 37.070683845660803 ], [ -113.549227469730994, 37.070355103434999 ], [ -113.549276426117004, 37.070087806607297 ], [ -113.549313248958995, 37.069950584762097 ], [ -113.549418292558002, 37.069158596568499 ], [ -113.549437850678999, 37.068941909922899 ], [ -113.549453572093995, 37.068577735508001 ], [ -113.549387878298006, 37.068577568498497 ], [ -113.549391099656006, 37.067911343954101 ], [ -113.549048351951001, 37.067910468042598 ], [ -113.548962160396002, 37.067907445359303 ], [ -113.548962191837006, 37.067904992520198 ], [ -113.548963607581996, 37.067793340232001 ], [ -113.548960847662002, 37.067761851632397 ], [ -113.548954929754998, 37.067730641300699 ], [ -113.548945892033998, 37.067699910554097 ], [ -113.548933792794003, 37.067669857616799 ], [ -113.548918710080997, 37.067640676340702 ], [ -113.548900741181995, 37.067612554955801 ], [ -113.548880002001994, 37.067585674855401 ], [ -113.548856626317004, 37.067560209426198 ], [ -113.548683970119001, 37.067365452718903 ], [ -113.548663762939, 37.0673477415558 ], [ -113.548641707553003, 37.067331494901602 ], [ -113.548617970037995, 37.067316835092903 ], [ -113.548592729134, 37.067303872517599 ], [ -113.548557513820995, 37.067289592276303 ], [ -113.548520220710998, 37.067279199822302 ], [ -113.548481520354997, 37.067272882019999 ], [ -113.548442108610004, 37.067270752468303 ], [ -113.548436121338995, 37.0668764359745 ], [ -113.549078074508998, 37.066877334835397 ], [ -113.549076049706002, 37.066875458266097 ], [ -113.549029109138999, 37.066831958116303 ], [ -113.548970368303003, 37.066782688451802 ], [ -113.548656991914001, 37.066519834652297 ], [ -113.548679826191005, 37.066502699585897 ], [ -113.548823084122006, 37.066395196936398 ], [ -113.548892127737005, 37.066344117068198 ], [ -113.548952665203998, 37.066280762673003 ], [ -113.549005547228006, 37.0662176791758 ], [ -113.549039151406006, 37.066169784654697 ], [ -113.549062084496995, 37.066132080161402 ], [ -113.549098975611003, 37.066069358525901 ], [ -113.549155529049003, 37.066009433804403 ], [ -113.549216256061001, 37.065976359065303 ], [ -113.549243220790999, 37.065954977531199 ], [ -113.549323457414005, 37.065927513193003 ], [ -113.549435114410002, 37.065915552601403 ], [ -113.549603826104999, 37.065911209485499 ], [ -113.549654517153996, 37.0659134915416 ], [ -113.549704936504995, 37.065918255909303 ], [ -113.549754893426993, 37.0659254845649 ], [ -113.549804198935007, 37.065935150162296 ], [ -113.549852666511995, 37.0659472161365 ], [ -113.549900112809993, 37.065961636841699 ], [ -113.549946358341003, 37.065978357724298 ], [ -113.549991228164998, 37.065997315529103 ], [ -113.550027128856001, 37.066013905649697 ], [ -113.550061738788003, 37.066032158880901 ], [ -113.550094937102998, 37.066052011481297 ], [ -113.550126607870993, 37.066073394124402 ], [ -113.550776249722006, 37.066538648456202 ], [ -113.550849111176007, 37.066590828477899 ], [ -113.550872539238995, 37.066606613077802 ], [ -113.550877020933996, 37.066614880620101 ], [ -113.550929056567995, 37.066643665266 ], [ -113.550984246664996, 37.066668428104002 ], [ -113.551042104513996, 37.066688950759797 ], [ -113.551102119879999, 37.066705052252097 ], [ -113.551151094600996, 37.066715879082203 ], [ -113.551200923579003, 37.066723846549401 ], [ -113.551251344975995, 37.066728912787902 ], [ -113.551302093844996, 37.066731051177001 ], [ -113.551843809402001, 37.066730660523 ], [ -113.551849095988004, 37.066730655505403 ], [ -113.551860942969995, 37.066730644753498 ], [ -113.552642470080002, 37.066729936558602 ], [ -113.554121163513003, 37.0667200612545 ], [ -113.554147264961998, 37.066719987424499 ], [ -113.554194203733005, 37.066714817171402 ], [ -113.554263181522003, 37.066704344287999 ], [ -113.554331239570999, 37.066690562804098 ], [ -113.554398128862999, 37.066673523142697 ], [ -113.554463604657002, 37.066653287647597 ], [ -113.554527427386006, 37.066629930355603 ], [ -113.554589363530994, 37.066603536725303 ], [ -113.554649186473995, 37.066574203324699 ], [ -113.554706677330998, 37.066542037477902 ], [ -113.554744226457004, 37.066518686133897 ], [ -113.554780548590003, 37.066494130156698 ], [ -113.554815583074998, 37.066468410551799 ], [ -113.554849271406994, 37.0664415702675 ], [ -113.554856007873994, 37.066437177722598 ], [ -113.554906009899, 37.066401864605297 ], [ -113.554960518894006, 37.0663714562737 ], [ -113.555017382071995, 37.066343929389099 ], [ -113.555076360558004, 37.066319399591002 ], [ -113.555137206595006, 37.066297969928101 ], [ -113.555199664575994, 37.066279730425897 ], [ -113.555263472125006, 37.066264757707998 ], [ -113.555328361196999, 37.066253114674403 ], [ -113.555394059202996, 37.066244850237297 ], [ -113.555471967393004, 37.066239517238103 ], [ -113.555473295102999, 37.066239462761203 ], [ -113.555473858346005, 37.066239439823597 ], [ -113.555482125541999, 37.066239171023298 ], [ -113.555505686554994, 37.066238723739403 ], [ -113.555571047612005, 37.066239647865402 ], [ -113.555636201808994, 37.066243895697902 ], [ -113.555700883963993, 37.066251449947302 ], [ -113.555764830816997, 37.0662622798664 ], [ -113.555827782099996, 37.0662763413753 ], [ -113.555889481598001, 37.066293577241098 ], [ -113.555949678188995, 37.066313917310502 ], [ -113.556008126869997, 37.066337278795899 ], [ -113.556060622101, 37.066361587366202 ], [ -113.556111231228996, 37.066388321675603 ], [ -113.556159778416003, 37.066417388835397 ], [ -113.556206094988994, 37.066448687851697 ], [ -113.556250020025004, 37.066482109976 ], [ -113.556291400912002, 37.066517539083399 ], [ -113.556330093873996, 37.066554852075697 ], [ -113.556365964475006, 37.066593919309398 ], [ -113.556390463092001, 37.066623661857598 ], [ -113.556413330989997, 37.066654219968001 ], [ -113.556434525597993, 37.066685536749901 ], [ -113.556454007458001, 37.066717553900503 ], [ -113.556471014362998, 37.066717630597701 ], [ -113.557409679274997, 37.066716826352099 ], [ -113.557502368344004, 37.066715677327302 ], [ -113.557508554142998, 37.066777524654199 ], [ -113.557486554402004, 37.0671295251069 ], [ -113.557471554333006, 37.067300525103803 ], [ -113.557416554979994, 37.067510525213997 ], [ -113.557404553487999, 37.0675865248785 ], [ -113.557388554491993, 37.067681525068799 ], [ -113.557344554110998, 37.0678135249319 ], [ -113.557282108622999, 37.067933541354797 ], [ -113.557280555435995, 37.067936525330701 ], [ -113.557223555533994, 37.068063525183497 ], [ -113.557013554573999, 37.068354524495902 ], [ -113.556886554352005, 37.068466525746601 ], [ -113.556668553893999, 37.068713525565101 ], [ -113.556508554060002, 37.068837525124302 ], [ -113.556456554182006, 37.068883524955403 ], [ -113.556328555034, 37.069000524930097 ], [ -113.556191555664, 37.069179524915697 ], [ -113.556081555161001, 37.069373525071697 ], [ -113.555927554277005, 37.069701525396397 ], [ -113.555838554589002, 37.0699175260769 ], [ -113.555758555121002, 37.070188525589202 ], [ -113.555605554959996, 37.070521525377998 ], [ -113.555496554282001, 37.070738525034599 ], [ -113.555438553656998, 37.070865525929499 ], [ -113.555408555317001, 37.071003525233003 ], [ -113.555403555294006, 37.071262525278797 ], [ -113.555442554753995, 37.071387526274002 ], [ -113.555530553718995, 37.071550525616502 ], [ -113.555617554655996, 37.0716855262271 ], [ -113.555810555, 37.071934526038 ], [ -113.555948555092002, 37.072178525019197 ], [ -113.556052555747002, 37.072401525522402 ], [ -113.556161555526998, 37.072800525133502 ], [ -113.556168654014996, 37.072877962291201 ], [ -113.556172555398007, 37.072920525780702 ], [ -113.556205555009996, 37.0730745260703 ], [ -113.556272554957005, 37.073231525582798 ], [ -113.556319555710999, 37.073315526151703 ], [ -113.556352554425004, 37.073373525688197 ], [ -113.556418554546994, 37.073508525920403 ], [ -113.556539555819, 37.073649526384202 ], [ -113.556765554875994, 37.0738255266359 ], [ -113.556947555350007, 37.073953525780503 ], [ -113.557357555428993, 37.074318526567097 ], [ -113.557490555498006, 37.074442525562603 ], [ -113.557470555405999, 37.074452526004499 ], [ -113.557365554925994, 37.0744995258421 ], [ -113.557222555709004, 37.074548526739697 ], [ -113.557047555807003, 37.074581526785103 ], [ -113.556435555164001, 37.074629526369399 ], [ -113.556199555161996, 37.074636525873302 ], [ -113.556068554741998, 37.074620525777704 ], [ -113.555930555548997, 37.074592526319201 ], [ -113.555714555639, 37.074478525140499 ], [ -113.555505554503, 37.074331526517497 ], [ -113.555432553809993, 37.074286526238502 ], [ -113.555338554996993, 37.074228525966802 ], [ -113.555317555079995, 37.074219526760999 ], [ -113.555189554134998, 37.0741655257698 ], [ -113.555070554310007, 37.074128526209897 ], [ -113.554924554720003, 37.074109525789702 ], [ -113.554803555244007, 37.074106525571999 ], [ -113.554719554680005, 37.074107526122397 ], [ -113.554682554869999, 37.074108525955999 ], [ -113.554571555441001, 37.074122526492701 ], [ -113.554473555531004, 37.074144525692503 ], [ -113.554394554091999, 37.074169525818 ], [ -113.554351554434007, 37.074182525794001 ], [ -113.554295554358006, 37.074200527080301 ], [ -113.554232554609001, 37.0742375258884 ], [ -113.554194554974003, 37.074260525603201 ], [ -113.554069554402005, 37.074381525920302 ], [ -113.554056553983003, 37.074394526576597 ], [ -113.553980554714002, 37.074470525793302 ], [ -113.553795553867005, 37.074609526964402 ], [ -113.553650555000999, 37.074690525812301 ], [ -113.553637555479995, 37.074698525853101 ], [ -113.553490555167002, 37.074757526307003 ], [ -113.553616554664998, 37.074996526412903 ], [ -113.553646554802995, 37.075072527176403 ], [ -113.553674554392003, 37.075140526436897 ], [ -113.553733554841003, 37.075331526942698 ], [ -113.553772555199004, 37.075575526461101 ], [ -113.553777555221998, 37.075734526870399 ], [ -113.553777554324, 37.075963525805598 ], [ -113.553778554149005, 37.076113526420201 ], [ -113.553780554696999, 37.076466526346898 ], [ -113.553780553799001, 37.0766225254864 ], [ -113.553780554696999, 37.077091526506898 ], [ -113.553781554522004, 37.077248526302803 ], [ -113.553780554696999, 37.0774855261458 ], [ -113.553780555594997, 37.078195526467098 ], [ -113.553780554696999, 37.078433525993397 ], [ -113.553779554871994, 37.078533526523003 ], [ -113.553779555770006, 37.078836526634397 ], [ -113.553779553973996, 37.078923526754899 ], [ -113.553781555420002, 37.078937527119201 ], [ -113.553779554871994, 37.078982526788003 ], [ -113.553778554149005, 37.079098527180797 ], [ -113.553778554149005, 37.079584526748803 ], [ -113.553778554149005, 37.079747526388402 ], [ -113.553780555594997, 37.079897525966999 ], [ -113.553786555442997, 37.080347527222102 ], [ -113.553789555815996, 37.080498527513001 ], [ -113.553792556188995, 37.080685527717399 ], [ -113.553793555116002, 37.080701527249701 ], [ -113.553802555337001, 37.080843527699201 ], [ -113.553833554400001, 37.081076526654201 ], [ -113.553889555374994, 37.081296527572299 ], [ -113.553969554842993, 37.081490527546102 ], [ -113.554032554591998, 37.081654527121799 ], [ -113.554128555749998, 37.081870526720898 ], [ -113.554235555879998, 37.082059527298597 ], [ -113.554275555165006, 37.082125526570302 ], [ -113.554407555409, 37.082346527035803 ], [ -113.554840555054, 37.083019526745403 ], [ -113.555087555824997, 37.083460527842398 ], [ -113.555327555125999, 37.0839655275011 ], [ -113.555386556474005, 37.084089527202302 ], [ -113.555571556421995, 37.0845435267236 ], [ -113.555601556558997, 37.084617527126603 ], [ -113.555680556202006, 37.084811527200898 ], [ -113.555917556028007, 37.085395528114297 ], [ -113.555996556568999, 37.085590527312903 ], [ -113.556026555808003, 37.085667528603899 ], [ -113.556070556188999, 37.085779527215102 ], [ -113.556123555892, 37.085899527386097 ], [ -113.556158556051997, 37.085976527646601 ], [ -113.556176555595997, 37.086016528337403 ], [ -113.556219557049999, 37.086112527329298 ], [ -113.556230556022996, 37.086139527158203 ], [ -113.556248557361997, 37.086181527111798 ], [ -113.556267556731001, 37.086224527432698 ], [ -113.556311555315006, 37.086327528168802 ], [ -113.556333555955007, 37.086379527603597 ], [ -113.556354555870996, 37.086429527660499 ], [ -113.556263556532997, 37.086392527635901 ], [ -113.555993556196, 37.086283527516599 ], [ -113.555903555783999, 37.086247527810997 ], [ -113.555730556430007, 37.0861525279483 ], [ -113.555238555437001, 37.085951527831199 ], [ -113.554720556302001, 37.085624527967099 ], [ -113.554281555011997, 37.085465527516803 ], [ -113.553932793087, 37.085511932899998 ], [ -113.553800555687005, 37.085529528040098 ], [ -113.553468555425994, 37.085740527512698 ], [ -113.553039555080005, 37.0858675269291 ], [ -113.552622556227007, 37.085967527685298 ], [ -113.552062554564003, 37.0861585274302 ], [ -113.551618555047995, 37.086401528263302 ], [ -113.551274555091993, 37.086602528620297 ], [ -113.550842555271004, 37.086855528269197 ], [ -113.550376556014001, 37.087019527703703 ], [ -113.549958554640995, 37.087114527913002 ], [ -113.549763554647996, 37.0870845280106 ], [ -113.549546554912993, 37.087040527797903 ], [ -113.549250553738005, 37.086882527833403 ], [ -113.549102555396999, 37.086665527082303 ], [ -113.549139555207006, 37.086395528083997 ], [ -113.548985554322996, 37.086110528695201 ], [ -113.548918083659004, 37.086012212170701 ], [ -113.548880554741004, 37.085957528045597 ], [ -113.548594554510998, 37.0858195280098 ], [ -113.547960555024005, 37.085825527518097 ], [ -113.547458553984995, 37.085930527435202 ], [ -113.547306571616005, 37.0859742323305 ], [ -113.547072555094005, 37.086041528131403 ], [ -113.546670554513, 37.086062528496598 ], [ -113.546290554571996, 37.086047527622 ], [ -113.545814554371006, 37.086004527917297 ], [ -113.545180553986, 37.0858725289049 ], [ -113.544694553739006, 37.085835528608399 ], [ -113.544361553653005, 37.085856528314103 ], [ -113.544033554487996, 37.085846527943097 ], [ -113.543880554327004, 37.085751528294402 ], [ -113.543843554516997, 37.085486528758203 ], [ -113.543721553419999, 37.085005528212001 ], [ -113.543261554010996, 37.084456528752803 ], [ -113.542966867071996, 37.084322127767102 ] ] ] } },
{ "type": "Feature", "properties": { "OBJECTID": 151, "CountyID": 27, "VistaID": "27SC:03", "PrecinctID": "27SC", "SubPrecinctID": "03", "VersionNbr": null, "EffectiveDate": 1744156800000, "AliasName": "SC:03", "Comments": "formerly SC03", "RcvdDate": 1744156800000, "GlobalID": "fd8cb153-eb0f-4582-929a-4d1713f7eb1f", "Shape__Area": 3258304.3618736267, "Shape__Length": 10076.924568736897 }, "geometry": { "type": "Polygon", "coordinates": [ [ [ -113.637734848175995, 37.142931129816297 ], [ -113.637745226413003, 37.142832481743199 ], [ -113.637743628310005, 37.142635223163197 ], [ -113.637743558240999, 37.142626776301803 ], [ -113.637741370843003, 37.142354804903697 ], [ -113.637739128647993, 37.142077587930999 ], [ -113.637739126851997, 37.142077282879399 ], [ -113.637736923283995, 37.141804652854503 ], [ -113.637736837944004, 37.141784348941499 ], [ -113.637736520838999, 37.141745052970101 ], [ -113.637736350159003, 37.141704604077901 ], [ -113.637735120366003, 37.141414833814601 ], [ -113.637735090720994, 37.141407700126003 ], [ -113.637734484358006, 37.141255394066803 ], [ -113.637733969623994, 37.141126099343403 ], [ -113.637733473753997, 37.141021462373303 ], [ -113.637732567354007, 37.140806772166997 ], [ -113.637731870261007, 37.140642251859703 ], [ -113.637731763361003, 37.140627605520599 ], [ -113.637730797672006, 37.140392615638703 ], [ -113.637730153579994, 37.140232126796498 ], [ -113.637729095365003, 37.139982167691599 ], [ -113.637728912108997, 37.139938499685698 ], [ -113.637727974268003, 37.139716446984501 ], [ -113.637727033730997, 37.1394943957797 ], [ -113.637726756152006, 37.139429618757298 ], [ -113.637726204586002, 37.139304453583897 ], [ -113.637726086008996, 37.139277751271599 ], [ -113.637726064448998, 37.139272157734602 ], [ -113.637725927006997, 37.139251268795697 ], [ -113.637722122642003, 37.139056969162397 ], [ -113.637721995979007, 37.139050674535099 ], [ -113.637721942978999, 37.139050681696197 ], [ -113.637442810368995, 37.139084150631597 ], [ -113.63743669374, 37.139084883930401 ], [ -113.637434900702999, 37.139085098763999 ], [ -113.637417233535999, 37.1389899360097 ], [ -113.637379062323006, 37.138784331116703 ], [ -113.637353595983001, 37.138647161337502 ], [ -113.637303555330007, 37.1383776218929 ], [ -113.637253122112995, 37.138105968930297 ], [ -113.637202687997998, 37.137834310695503 ], [ -113.637154427805996, 37.137574354422398 ], [ -113.637154244550004, 37.137573364019701 ], [ -113.637154203227993, 37.137562418027997 ], [ -113.637153253707993, 37.137307097038999 ], [ -113.637152299696993, 37.1370505412943 ], [ -113.637151378026005, 37.136802622683803 ], [ -113.637150456355002, 37.1365547075577 ], [ -113.637149532885999, 37.1363067894709 ], [ -113.637148513298996, 37.136032149210301 ], [ -113.637148002157005, 37.135894842670901 ], [ -113.637147016705001, 37.135629548036597 ], [ -113.637083062046997, 37.135629757150802 ], [ -113.637082593125996, 37.135618608208901 ], [ -113.637038239708005, 37.134564003111102 ], [ -113.637038218148007, 37.134563520422702 ], [ -113.637035823239003, 37.1345065610276 ], [ -113.637035873545003, 37.134506557446798 ], [ -113.637035457625004, 37.134496622938997 ], [ -113.637037062914999, 37.134496549891097 ], [ -113.637039800080998, 37.1344964102408 ], [ -113.637044400354, 37.134496217595 ], [ -113.637045809810004, 37.134496147411802 ], [ -113.637049918705003, 37.1344959655083 ], [ -113.637050186402007, 37.134495952617499 ], [ -113.637060647284002, 37.134495384706199 ], [ -113.637063308991998, 37.134495216409697 ], [ -113.637080994125, 37.134494074141699 ], [ -113.637086018402997, 37.134493703173099 ], [ -113.637102520453993, 37.134492356800799 ], [ -113.637104353018003, 37.1344921956658 ], [ -113.637104997110001, 37.134492139089602 ], [ -113.637122658886, 37.134490467582602 ], [ -113.637123806035007, 37.134490347984602 ], [ -113.637137682311007, 37.134488856948799 ], [ -113.637152731786998, 37.134487091625402 ], [ -113.637215889640004, 37.134477891174598 ], [ -113.637222865956005, 37.134476695910898 ], [ -113.637229832391, 37.134475466271603 ], [ -113.637236789843001, 37.134474202256897 ], [ -113.637243736515003, 37.134472903150503 ], [ -113.637250673305999, 37.134471571817102 ], [ -113.637298925413006, 37.134461287820599 ], [ -113.637301791038993, 37.134460616782697 ], [ -113.637308507742006, 37.134459036226801 ], [ -113.637318065816999, 37.134456714449598 ], [ -113.637336156987999, 37.134452118877498 ], [ -113.637344695474994, 37.134449857257202 ], [ -113.637370175290002, 37.134442755138799 ], [ -113.637395444, 37.1344351825053 ], [ -113.637396867830006, 37.134434737056303 ], [ -113.637424589839995, 37.134425760039797 ], [ -113.637436421550007, 37.134421727364497 ], [ -113.637478568297993, 37.134406312411599 ], [ -113.637519903686993, 37.1343895592018 ], [ -113.637560360891996, 37.134371494818502 ], [ -113.637599874507998, 37.134352148464302 ], [ -113.637611804135005, 37.134345952991403 ], [ -113.637623094161, 37.1343399437188 ], [ -113.637623720286996, 37.134339605692702 ], [ -113.637625324677998, 37.134338732697401 ], [ -113.637634948330003, 37.1343334610659 ], [ -113.637636172734005, 37.134332781432903 ], [ -113.637637007269007, 37.134332315930898 ], [ -113.637652540038005, 37.134323519373801 ], [ -113.637653197605005, 37.134323140526703 ], [ -113.637653556930999, 37.134322932125002 ], [ -113.637669898184001, 37.134313318431502 ], [ -113.637683998141, 37.134304692317698 ], [ -113.637686254708996, 37.134303309418002 ], [ -113.637699362027007, 37.134295279145903 ], [ -113.637697518684007, 37.134255918411 ], [ -113.637690326772002, 37.134102356133397 ], [ -113.637690245924006, 37.134100647377501 ], [ -113.637657823029997, 37.1282960095579 ], [ -113.637656306674003, 37.128295877058299 ], [ -113.637654395957995, 37.127975948539301 ], [ -113.637652755633994, 37.127885281121301 ], [ -113.637651237480995, 37.127801491444302 ], [ -113.637643220914995, 37.127150182167199 ], [ -113.637638556862001, 37.1267717250755 ], [ -113.637638118485, 37.126712113348702 ], [ -113.637638153519006, 37.126712125524598 ], [ -113.637638958408999, 37.126606081998098 ], [ -113.638414361705003, 37.126828216866102 ], [ -113.640550215887004, 37.1274198497035 ], [ -113.641620395952998, 37.1277059900506 ], [ -113.642057356270001, 37.1278272932229 ], [ -113.642563065554, 37.127993132735803 ], [ -113.643223830344994, 37.128253282358997 ], [ -113.643417437050999, 37.1283491898715 ], [ -113.644212481112007, 37.128743025414103 ], [ -113.645668732833002, 37.1295110556579 ], [ -113.648045838567995, 37.130758364558702 ], [ -113.649310399688005, 37.131427540236402 ], [ -113.649784652666, 37.131703021535998 ], [ -113.649881637478998, 37.131759745269299 ], [ -113.650146447349996, 37.131933300163503 ], [ -113.649903818680002, 37.132158756066701 ], [ -113.649604614113997, 37.132414467556302 ], [ -113.649510416772998, 37.132481411283798 ], [ -113.649390677634003, 37.132556931133898 ], [ -113.649286078700001, 37.132610287496497 ], [ -113.649178641090998, 37.132651204615001 ], [ -113.649076065163001, 37.132688103267199 ], [ -113.648837760085001, 37.132753645204097 ], [ -113.648326239599001, 37.132896107426802 ], [ -113.647924794177001, 37.133007287101897 ], [ -113.646917589604996, 37.133286029087799 ], [ -113.646827979961003, 37.133318342532 ], [ -113.646738608370001, 37.133359020068099 ], [ -113.646666957845, 37.133410518847398 ], [ -113.646629478334006, 37.133451537228702 ], [ -113.646572924896006, 37.133513428212602 ], [ -113.646555542494994, 37.133532450978599 ], [ -113.646516097470993, 37.133614029958103 ], [ -113.646936295225004, 37.133816797861499 ], [ -113.647676922938999, 37.134143314698399 ], [ -113.649062639841006, 37.134751020981099 ], [ -113.650752687098006, 37.135476315825599 ], [ -113.653558523683998, 37.1367237555624 ], [ -113.655020360231006, 37.1373712857892 ], [ -113.656067112233998, 37.137838542271297 ], [ -113.657254246662006, 37.1383582236666 ], [ -113.657312965938004, 37.138396050489803 ], [ -113.657357470273993, 37.138431255585402 ], [ -113.657432176867999, 37.138492020339598 ], [ -113.657467850765002, 37.138541622211399 ], [ -113.657498019784995, 37.138598179691897 ], [ -113.657522548284007, 37.138657128241697 ], [ -113.657540098669998, 37.1387710385914 ], [ -113.657541838707004, 37.138904802309199 ], [ -113.657549489657995, 37.1394928203418 ], [ -113.658479575659001, 37.139484486990703 ], [ -113.658482701796004, 37.139484441875801 ], [ -113.658482717067002, 37.139484706835901 ], [ -113.658482717965001, 37.139485871943997 ], [ -113.658482726949003, 37.139486136903997 ], [ -113.658488578573994, 37.140239589286402 ], [ -113.655771749761996, 37.140269115560898 ], [ -113.655678618720998, 37.140261537781697 ], [ -113.655531911259004, 37.140236501458403 ], [ -113.655395416743005, 37.1402122005629 ], [ -113.654373237255996, 37.139870103851003 ], [ -113.653607321967002, 37.1396021327417 ], [ -113.653440315273997, 37.139550380377898 ], [ -113.653239345076997, 37.139508392828297 ], [ -113.653076111307996, 37.139488558065899 ], [ -113.652651133619003, 37.139493101772302 ], [ -113.651490034164993, 37.139504972696301 ], [ -113.650672538509994, 37.139513424203102 ], [ -113.650620385018996, 37.139400028421399 ], [ -113.650592203071994, 37.139301095744301 ], [ -113.650579298772996, 37.139247835046 ], [ -113.650559081289003, 37.139107419972397 ], [ -113.650470086092994, 37.1391073605351 ], [ -113.650470104058996, 37.1391128595575 ], [ -113.650470106754, 37.139114289632701 ], [ -113.650470115736994, 37.139122972487101 ], [ -113.649872950770003, 37.139129148233799 ], [ -113.649871897047007, 37.1391291589755 ], [ -113.649879672864003, 37.139523428946802 ], [ -113.650142882834999, 37.139859847800402 ], [ -113.650716180462993, 37.140592593361298 ], [ -113.650826066880001, 37.140733038618698 ], [ -113.650929722582006, 37.140844984457402 ], [ -113.651158648351, 37.141092220990103 ], [ -113.651518138857, 37.141421547157698 ], [ -113.651552803944995, 37.142889701966403 ], [ -113.651587725053005, 37.1443686844962 ], [ -113.651590169369001, 37.144460041779801 ], [ -113.651554258317006, 37.144435089909202 ], [ -113.651347307137002, 37.144334387982603 ], [ -113.651103027364002, 37.144266008295602 ], [ -113.650951730409005, 37.144227338020698 ], [ -113.650759268155994, 37.144197715190501 ], [ -113.649770574268999, 37.144075992153198 ], [ -113.649585125163995, 37.144053160424399 ], [ -113.649107347195994, 37.144020837243701 ], [ -113.649048382679993, 37.144018301656502 ], [ -113.647554397224994, 37.143954048371803 ], [ -113.647206774362999, 37.143931419252802 ], [ -113.647113369337006, 37.143924845765397 ], [ -113.647009138713003, 37.143901886531097 ], [ -113.646909839838997, 37.1438705457293 ], [ -113.646721723636006, 37.143811816062303 ], [ -113.646433478516002, 37.143672024563202 ], [ -113.646039927488005, 37.1434762776491 ], [ -113.646037952990994, 37.143475294484404 ], [ -113.645268766935999, 37.143087975275897 ], [ -113.645283855038997, 37.1431758998189 ], [ -113.645397811723001, 37.144079331879297 ], [ -113.645858984331994, 37.144265325887602 ], [ -113.645867750991002, 37.145092126356801 ], [ -113.645867029643995, 37.1450923712476 ], [ -113.645867025152, 37.145091864996601 ], [ -113.644794558873997, 37.144710903359403 ], [ -113.643539743576, 37.144110291648197 ], [ -113.642117317916998, 37.143960436395602 ], [ -113.640182852546999, 37.142995525036703 ], [ -113.640176083740997, 37.142991218561598 ], [ -113.640176055892994, 37.142999716223699 ], [ -113.640176053198005, 37.142999784966797 ], [ -113.640176054096997, 37.142999929614 ], [ -113.639669545312003, 37.143005367487 ], [ -113.637866047122998, 37.143016235355198 ], [ -113.637741699627, 37.143016981505099 ], [ -113.637738826814001, 37.143017003703399 ], [ -113.637738782797001, 37.143017004419498 ], [ -113.637738545641994, 37.142977459178297 ], [ -113.637738265367005, 37.142931127668099 ], [ -113.637734848175995, 37.142931129816297 ] ] ] } },
{ "type": "Feature", "properties": { "OBJECTID": 155, "CountyID": 27, "VistaID": "27STG:22", "PrecinctID": "27STG", "SubPrecinctID": "22", "VersionNbr": null, "EffectiveDate": 1744156800000, "AliasName": "STG:22", "Comments": "formerly STG22", "RcvdDate": 1744156800000, "GlobalID": "7c932684-2c3b-43aa-b51f-004f5aaa8cc8", "Shape__Area": 22547084.964660645, "Shape__Length": 20065.750380045483 }, "geometry": { "type": "Polygon", "coordinates": [ [ [ -113.531107491946997, 37.037732394771602 ], [ -113.522255256880996, 37.037712541960602 ], [ -113.522304542949001, 37.0273475229342 ], [ -113.522320543741003, 37.0241255219428 ], [ -113.522255543442995, 37.0232855218919 ], [ -113.520253541832005, 37.023269521725602 ], [ -113.520302326640007, 37.023173770962899 ], [ -113.521948542397993, 37.019942522033098 ], [ -113.515453541434994, 37.017684521987903 ], [ -113.515966541446005, 37.017130522291197 ], [ -113.516500542271004, 37.016042522040998 ], [ -113.517095541399996, 37.015076521375001 ], [ -113.517342542169999, 37.014111521964601 ], [ -113.517201452771999, 37.013540667675898 ], [ -113.517190540935999, 37.013496521514597 ], [ -113.517177830673006, 37.013478584730798 ], [ -113.516852620777001, 37.013019675345902 ], [ -113.516633541442005, 37.012710521878702 ], [ -113.516568540246993, 37.012576521009301 ], [ -113.516539541731007, 37.0125165217746 ], [ -113.516347322022995, 37.012120614584298 ], [ -113.516199753975002, 37.011816672339997 ], [ -113.516147189055999, 37.011708407196799 ], [ -113.516053541483998, 37.011515521398401 ], [ -113.515842541596996, 37.0112535206149 ], [ -113.515694540561, 37.011051521518802 ], [ -113.515314541517, 37.010765521035303 ], [ -113.515178541075002, 37.0106525214782 ], [ -113.515024541089005, 37.010524521726097 ], [ -113.514773540120999, 37.010294521181599 ], [ -113.514273835175999, 37.009780659138301 ], [ -113.514173540070999, 37.009677520758601 ], [ -113.513902539908997, 37.009434521649503 ], [ -113.513596676131996, 37.009160172575299 ], [ -113.513242539584994, 37.008842521545198 ], [ -113.514203540208001, 37.008540520959201 ], [ -113.515692540911004, 37.0080925199129 ], [ -113.517522540298998, 37.007607520818702 ], [ -113.518526541477996, 37.007374520069199 ], [ -113.51963954064, 37.006997520825799 ], [ -113.520877541272, 37.006638520525598 ], [ -113.522025542391006, 37.006316519605399 ], [ -113.523352541814006, 37.005903520327202 ], [ -113.524213541080996, 37.005652519768603 ], [ -113.524973540963998, 37.005416520136599 ], [ -113.525670542895, 37.005254520104899 ], [ -113.526445541947993, 37.005092519728002 ], [ -113.527543542838998, 37.0049245195571 ], [ -113.527847543511001, 37.004890519323503 ], [ -113.528602542472996, 37.004847519534003 ], [ -113.529076543024004, 37.004825519615501 ], [ -113.529210542917994, 37.0048325198185 ], [ -113.529385542819995, 37.004847519534003 ], [ -113.529881543113007, 37.004868520134998 ], [ -113.530348543990996, 37.004897519520597 ], [ -113.530801542830005, 37.004926519612503 ], [ -113.531620542263994, 37.004998519421903 ], [ -113.533231544063995, 37.005149519009898 ], [ -113.534379543385995, 37.005255518693602 ], [ -113.535608543798006, 37.005349518681903 ], [ -113.536490543880006, 37.005389519557397 ], [ -113.537759544474, 37.005362518251403 ], [ -113.538921544039994, 37.005296519641398 ], [ -113.540003545036996, 37.005109518725398 ], [ -113.540964543862998, 37.004908518394103 ], [ -113.541766544477994, 37.004694518567199 ], [ -113.542621544794997, 37.004387517827197 ], [ -113.543596545661998, 37.004000518436897 ], [ -113.544410545971999, 37.003666518007599 ], [ -113.545807546613005, 37.003076518999201 ], [ -113.547156546674998, 37.002514517799 ], [ -113.548765546129999, 37.001969517883303 ], [ -113.550374546482999, 37.001478518025898 ], [ -113.551901546821, 37.001178517752003 ], [ -113.553674547205006, 37.000878517011699 ], [ -113.554807548255994, 37.000822516761602 ], [ -113.556974547926998, 37.000714517187603 ], [ -113.558058548573996, 37.000719516885603 ], [ -113.558065547347994, 37.000489516805203 ], [ -113.558071548094006, 37.000294516987303 ], [ -113.558081547241997, 37.000018517129803 ], [ -113.559230548185994, 37.0000195165047 ], [ -113.560197163279, 37.000025218608698 ], [ -113.560247547987004, 37.0000255163406 ], [ -113.560247548885002, 37.0000548970919 ], [ -113.560247547987004, 37.000072059353997 ], [ -113.560247548885002, 37.000173516926203 ], [ -113.560247888448004, 37.000176081719999 ], [ -113.560288547097002, 37.000482516919703 ], [ -113.560287372998005, 37.000530693939503 ], [ -113.560281549219994, 37.000769516717497 ], [ -113.560283054796997, 37.000781288131201 ], [ -113.560329548002997, 37.001144517278 ], [ -113.560428548635002, 37.005488518047102 ], [ -113.560532549290997, 37.006868517785897 ], [ -113.560705549543002, 37.007484518061297 ], [ -113.561402549676998, 37.0087315183671 ], [ -113.562293549979998, 37.009790517461298 ], [ -113.563814551367997, 37.011778517629701 ], [ -113.564208550654996, 37.012550517879703 ], [ -113.564281550450005, 37.012845518848899 ], [ -113.564347550571995, 37.015071519034798 ], [ -113.564347589199002, 37.0151207849703 ], [ -113.564349551120003, 37.017674518367798 ], [ -113.564138550333993, 37.018466518835702 ], [ -113.563616551001004, 37.020150519412901 ], [ -113.563184551180996, 37.021626518585599 ], [ -113.563156550692995, 37.021844518730902 ], [ -113.563047551812005, 37.022546519258398 ], [ -113.563048636977001, 37.022601338032601 ], [ -113.563057550959002, 37.023051519214299 ], [ -113.563141551523003, 37.024063519365498 ], [ -113.563201550898995, 37.025324519668402 ], [ -113.563289552558999, 37.027496520252903 ], [ -113.563287749641006, 37.027503151178301 ], [ -113.563261552072007, 37.027599520418498 ], [ -113.563159551965001, 37.027967520342798 ], [ -113.562894552548997, 37.028914520361504 ], [ -113.562610551069994, 37.029932520918003 ], [ -113.561987551455005, 37.031969520928598 ], [ -113.561971551561001, 37.032023520400998 ], [ -113.561922552954002, 37.032185520739098 ], [ -113.561705552321001, 37.032898520204803 ], [ -113.561351552318001, 37.033669520636103 ], [ -113.560890552185995, 37.034451521462302 ], [ -113.560798551226, 37.034575520364001 ], [ -113.559736552117002, 37.036024520621503 ], [ -113.559369552595001, 37.036525520725597 ], [ -113.558917551785001, 37.037146521694098 ], [ -113.558294552169002, 37.0380065223654 ], [ -113.558218498101994, 37.038114773698503 ], [ -113.557959123038003, 37.0379926686159 ], [ -113.557843661505004, 37.0379578049725 ], [ -113.557727219152, 37.0379250858037 ], [ -113.557609858480006, 37.037894528674499 ], [ -113.557491642482006, 37.037866149988901 ], [ -113.557372634610999, 37.037839964981501 ], [ -113.557252898743002, 37.037815987709301 ], [ -113.557132499147002, 37.037794231044302 ], [ -113.557011500447004, 37.037774706666099 ], [ -113.556889967588006, 37.037757425056199 ], [ -113.556767965803004, 37.037742395492003 ], [ -113.556645560576996, 37.037729626041802 ], [ -113.556522817608993, 37.037719123560798 ], [ -113.556399802783005, 37.037710893687198 ], [ -113.556276582126003, 37.037704940838999 ], [ -113.556153221776, 37.037701268211897 ], [ -113.556029787946002, 37.037699877777598 ], [ -113.555195621357001, 37.037703009942 ], [ -113.553458550887996, 37.037718939663201 ], [ -113.553019069, 37.0377189052438 ], [ -113.551613269360999, 37.037698331773299 ], [ -113.551453789652001, 37.037698115217999 ], [ -113.551263573187001, 37.037697710073097 ], [ -113.551162852743005, 37.037695204373897 ], [ -113.551062301155994, 37.037689919100302 ], [ -113.550756602668002, 37.037669491187401 ], [ -113.545734295290004, 37.0377091860706 ], [ -113.544548060075996, 37.037723110861798 ], [ -113.540147316805005, 37.037721637999198 ], [ -113.531107491946997, 37.037732394771602 ] ] ] } },
{ "type": "Feature", "properties": { "OBJECTID": 159, "CountyID": 27, "VistaID": "27WAS:12", "PrecinctID": "27WAS", "SubPrecinctID": "12", "VersionNbr": null, "EffectiveDate": 1744156800000, "AliasName": "WAS:12", "Comments": "formerly WAS12", "RcvdDate": 1744156800000, "GlobalID": "f648a916-ed7d-4d71-a76a-8d1819865995", "Shape__Area": 4111928.8671875, "Shape__Length": 10232.491192034337 }, "geometry": { "type": "Polygon", "coordinates": [ [ [ -113.500039548001993, 37.107432533498098 ], [ -113.500038547279004, 37.107391533971303 ], [ -113.500045547849993, 37.106623533630703 ], [ -113.500048059538997, 37.106461596213698 ], [ -113.500058548268996, 37.105785533471597 ], [ -113.500045546951995, 37.1052195331606 ], [ -113.500036546730996, 37.104820532957902 ], [ -113.499999546921003, 37.104623533511997 ], [ -113.499976546455997, 37.104531533489798 ], [ -113.499911547056996, 37.104353533301001 ], [ -113.499869548123002, 37.104266533712497 ], [ -113.499820547718997, 37.1041815336147 ], [ -113.499661546812007, 37.103926532748602 ], [ -113.499595547588001, 37.1038395333862 ], [ -113.499461761492995, 37.103690236022999 ], [ -113.499681590023002, 37.103549080084001 ], [ -113.499770015688, 37.103501422646701 ], [ -113.499836213438996, 37.103473387286797 ], [ -113.499893623871003, 37.1034540001748 ], [ -113.499905213933999, 37.103450085496497 ], [ -113.499976489861993, 37.103431696392597 ], [ -113.500049497741998, 37.103418358969698 ], [ -113.500076352877997, 37.103416110034701 ], [ -113.500299972297995, 37.1033973834747 ], [ -113.501491317128995, 37.103392367610198 ], [ -113.502051234351001, 37.103389442345801 ], [ -113.502232137980997, 37.103388704402498 ], [ -113.504418648162996, 37.103379750212603 ], [ -113.504418646366005, 37.103384477348698 ], [ -113.508418253235007, 37.103385872993002 ], [ -113.509033516559001, 37.103386075748297 ], [ -113.509180347091004, 37.103386121600998 ], [ -113.509180624669995, 37.103377453990802 ], [ -113.509291187518997, 37.103382428302197 ], [ -113.509319338024994, 37.103382290027398 ], [ -113.510958966437997, 37.103374165485697 ], [ -113.512809865129995, 37.103360449767102 ], [ -113.512809980114994, 37.103360450483599 ], [ -113.512813587748994, 37.103360436154603 ], [ -113.513627279936998, 37.103364589415499 ], [ -113.514697482461003, 37.1033613496284 ], [ -113.515453046462994, 37.103345946667403 ], [ -113.515634474709003, 37.103321368123197 ], [ -113.515772387664995, 37.103271799768201 ], [ -113.515920313243001, 37.103196321629397 ], [ -113.516073473304004, 37.1031164630257 ], [ -113.516240168281001, 37.102996812521504 ], [ -113.517517490868002, 37.102112725965299 ], [ -113.519234099510996, 37.100924541326698 ], [ -113.519745072923001, 37.100562606199603 ], [ -113.520319793482003, 37.100165079627097 ], [ -113.520487353537007, 37.100044712278702 ], [ -113.521425111149995, 37.0993836943925 ], [ -113.522012164680007, 37.098964772929001 ], [ -113.522111081768998, 37.098879597789903 ], [ -113.522177522964, 37.098804524392399 ], [ -113.522228830242, 37.0987201751906 ], [ -113.522282147948999, 37.098600021211503 ], [ -113.522309554649993, 37.098512509169197 ], [ -113.522330848314994, 37.098419141814198 ], [ -113.522342766264003, 37.098309246174303 ], [ -113.522339419141005, 37.0981853055629 ], [ -113.522345904079998, 37.098094580256202 ], [ -113.522370556545994, 37.098015460002102 ], [ -113.522439473497997, 37.097811575899001 ], [ -113.522445317936999, 37.097793600281399 ], [ -113.522449099843996, 37.0977819692922 ], [ -113.522457988674006, 37.097781815960602 ], [ -113.522449551696994, 37.097775531514102 ], [ -113.522563550602001, 37.097773531038101 ], [ -113.523299551093999, 37.097772531516597 ], [ -113.523630551530005, 37.097770531757 ], [ -113.527215550860006, 37.0977615310468 ], [ -113.529423552336993, 37.097754531528601 ], [ -113.529423240621, 37.097755940890202 ], [ -113.529421071190001, 37.097765759847398 ], [ -113.529420970578997, 37.097766219125802 ], [ -113.529420934645998, 37.097766381771997 ], [ -113.52931555328, 37.098243531114903 ], [ -113.529179551938995, 37.098858530760097 ], [ -113.528930552416995, 37.099211530809598 ], [ -113.528881552911997, 37.099354531189597 ], [ -113.528881552911997, 37.0995335311597 ], [ -113.528905552303002, 37.099617530527603 ], [ -113.528965552577006, 37.099816531234197 ], [ -113.528990551793001, 37.0999115304475 ], [ -113.528985552668999, 37.099981530772098 ], [ -113.528940552462998, 37.100075531003803 ], [ -113.528791552499996, 37.1002545314198 ], [ -113.528552553023999, 37.100453530453201 ], [ -113.528214552017005, 37.100717531907002 ], [ -113.528130599063005, 37.100789491760601 ], [ -113.528119507564995, 37.100798998658398 ], [ -113.527997552282002, 37.100903531466898 ], [ -113.527959552647005, 37.100936531502903 ], [ -113.527900551298998, 37.1009885309442 ], [ -113.527805035230998, 37.101055028875699 ], [ -113.527742552012995, 37.101098530884897 ], [ -113.527681213248997, 37.101186858866001 ], [ -113.527592552225997, 37.101314530955101 ], [ -113.527512551859999, 37.101438531645798 ], [ -113.527437031391997, 37.101626610770602 ], [ -113.527408552102997, 37.101697531601801 ], [ -113.527380468071996, 37.101785674036499 ], [ -113.527343552703996, 37.1019015313449 ], [ -113.527308553441998, 37.102050530602803 ], [ -113.527293744714001, 37.102132507474401 ], [ -113.527252552467004, 37.1023605318031 ], [ -113.527176551400999, 37.102504531429901 ], [ -113.526983116272007, 37.103069064672198 ], [ -113.526983097408007, 37.103069119122601 ], [ -113.526883811111006, 37.1033588757264 ], [ -113.526747552852001, 37.103756530977897 ], [ -113.526665552835993, 37.103996532228997 ], [ -113.526379782575006, 37.104357005888701 ], [ -113.526379739456004, 37.104357067502697 ], [ -113.526359552513995, 37.1043825319475 ], [ -113.526139552405994, 37.104658531505301 ], [ -113.525851551627994, 37.104950531635197 ], [ -113.525599551732995, 37.105208532339297 ], [ -113.525559056578004, 37.105248643955498 ], [ -113.525555583691002, 37.105252084262801 ], [ -113.525493552325997, 37.105313531907697 ], [ -113.523944551349004, 37.106644531874103 ], [ -113.523819226485003, 37.106752344258197 ], [ -113.523715551020004, 37.106841532511403 ], [ -113.523502979081002, 37.1070244443289 ], [ -113.523502473329998, 37.107024879192998 ], [ -113.523500552732003, 37.107026531246902 ], [ -113.522911223769, 37.1068054351095 ], [ -113.522878331954999, 37.106793094101299 ], [ -113.522759552216996, 37.106748532198097 ], [ -113.522642586177, 37.1066736320914 ], [ -113.522531552610999, 37.106602531799297 ], [ -113.522433117019006, 37.106513045233697 ], [ -113.522322552374007, 37.106412532841297 ], [ -113.522302027666001, 37.106401467715301 ], [ -113.521990552112996, 37.106233532647998 ], [ -113.521923552166001, 37.106208532351097 ], [ -113.521608552521002, 37.1062525321802 ], [ -113.521409670907005, 37.106389322224302 ], [ -113.521409582871996, 37.106389383120103 ], [ -113.521403550684994, 37.106393532632801 ], [ -113.521290818405006, 37.106506265032401 ], [ -113.521288889722001, 37.106508194352202 ], [ -113.521218551635997, 37.106578531746003 ], [ -113.521204616969001, 37.106591132849601 ], [ -113.520967551564993, 37.106805532542303 ], [ -113.520887551200005, 37.106935532827698 ], [ -113.520656551220995, 37.107309532701798 ], [ -113.520648550825001, 37.107656532845098 ], [ -113.520672551114004, 37.107720532536803 ], [ -113.520755551853, 37.107944532464799 ], [ -113.520773551396999, 37.1079925324144 ], [ -113.520899551792994, 37.108335532616202 ], [ -113.520948552196998, 37.108468532715101 ], [ -113.520964637431007, 37.108506495550003 ], [ -113.520964963519006, 37.108507264965098 ], [ -113.520973551412993, 37.108527531957002 ], [ -113.52097273215, 37.1085286001112 ], [ -113.520972467147004, 37.108528944700197 ], [ -113.520818551603, 37.108729532462 ], [ -113.520744551083993, 37.108824532676302 ], [ -113.520670551465003, 37.108920532145902 ], [ -113.520566550808994, 37.109056532201201 ], [ -113.520512552178999, 37.1091265333881 ], [ -113.520457551928004, 37.109196532361103 ], [ -113.520408551524, 37.109260533616997 ], [ -113.520349551074005, 37.109337533064 ], [ -113.520295551545999, 37.1094075325584 ], [ -113.520241551119, 37.1094775334209 ], [ -113.520187552489006, 37.109548532868402 ], [ -113.520133552062006, 37.109618532167801 ], [ -113.520078551810997, 37.1096885328353 ], [ -113.520024551383997, 37.1097585327216 ], [ -113.519967551483006, 37.109833532221003 ], [ -113.519916552327004, 37.109899533094598 ], [ -113.519862551002007, 37.109969532069499 ], [ -113.519808551474, 37.110040533205002 ], [ -113.519796876070004, 37.110057275164102 ], [ -113.519755552668997, 37.1101165325002 ], [ -113.519719672159994, 37.110157538432098 ], [ -113.519718949015996, 37.110158364424798 ], [ -113.519699551694004, 37.110180533695001 ], [ -113.519645552165997, 37.110250531693801 ], [ -113.519606552705994, 37.110301532548903 ], [ -113.519583551343004, 37.110309533129403 ], [ -113.519497551129007, 37.110337533005399 ], [ -113.519414551289003, 37.110364532799302 ], [ -113.519331551448005, 37.110391532583499 ], [ -113.519248551607006, 37.110419532429198 ], [ -113.518982552367007, 37.110506533546598 ], [ -113.518900551453001, 37.110533532563799 ], [ -113.518751551489999, 37.1105825330906 ], [ -113.518661551977004, 37.110608533444903 ], [ -113.518466551982996, 37.1106765323456 ], [ -113.518256551920999, 37.110745533401101 ], [ -113.518255957235993, 37.110745726823701 ], [ -113.517009551965998, 37.111152532970003 ], [ -113.516650551940998, 37.111269533613502 ], [ -113.516225551792999, 37.111408533206301 ], [ -113.516016551556007, 37.111476532821399 ], [ -113.515888550610995, 37.111518533775197 ], [ -113.515016550574998, 37.111803532877701 ], [ -113.513873551274997, 37.112176533737298 ], [ -113.513655550817006, 37.112247533519898 ], [ -113.513655593037996, 37.112249290049299 ], [ -113.513654173700004, 37.1122497542544 ], [ -113.513638343587999, 37.112252151214904 ], [ -113.513632245823999, 37.112253074610599 ], [ -113.512398955956996, 37.112439755044903 ], [ -113.512402460283994, 37.1125551053481 ], [ -113.512398681969998, 37.112555170537199 ], [ -113.511108063419002, 37.112577410025601 ], [ -113.511089843788, 37.112577723792597 ], [ -113.510517988854005, 37.112587573064999 ], [ -113.510525248139999, 37.112857947949898 ], [ -113.510525006492998, 37.112858021735001 ], [ -113.509977598312005, 37.113022766495497 ], [ -113.509966126826001, 37.113022963494103 ], [ -113.508627844562994, 37.113045995137597 ], [ -113.507749991105001, 37.113516254334598 ], [ -113.501644736803001, 37.116295234865802 ], [ -113.501386590634993, 37.116424087781702 ], [ -113.501395548635003, 37.1164155348431 ], [ -113.501299548375997, 37.116367534501698 ], [ -113.501214566851999, 37.116324595699602 ], [ -113.501204547941001, 37.116319534846298 ], [ -113.501198550788004, 37.116316534866797 ], [ -113.501185691404999, 37.116310105827303 ], [ -113.501120548276006, 37.116277535122798 ], [ -113.501036549508001, 37.116235534659701 ], [ -113.501016548519004, 37.116225535432797 ], [ -113.500945902309994, 37.1161904697192 ], [ -113.50087954915, 37.116157535068098 ], [ -113.500809278435995, 37.116099295349301 ], [ -113.500776162942003, 37.1160718491777 ], [ -113.500522277483, 37.115861426288198 ], [ -113.500511548903006, 37.115852534460998 ], [ -113.500501547959004, 37.115844535182497 ], [ -113.500388547981998, 37.115683534389497 ], [ -113.500256548634994, 37.115494534579 ], [ -113.500247548415004, 37.1154645351684 ], [ -113.500241952809006, 37.115445247831097 ], [ -113.500130995600003, 37.115127580919598 ], [ -113.500119291450005, 37.114428608734599 ], [ -113.500085999885002, 37.110739116067002 ], [ -113.500039548001993, 37.107432533498098 ] ] ] } },
{ "type": "Feature", "properties": { "OBJECTID": 160, "CountyID": 27, "VistaID": "27XWH:01", "PrecinctID": "27XWH", "SubPrecinctID": "01", "VersionNbr": null, "EffectiveDate": 1744156800000, "AliasName": "XWH:01", "Comments": "formerly COWH", "RcvdDate": 1744156800000, "GlobalID": "dac5b493-9722-49c6-9d88-c5eab09d06f4", "Shape__Area": 71767069.666915894, "Shape__Length": 54945.490340550576 }, "geometry": { "type": "Polygon", "coordinates": [ [ [ -113.594174096456001, 37.230865994466903 ], [ -113.593572737255997, 37.205033456114599 ], [ -113.597796603144999, 37.204966344093002 ], [ -113.597834322506003, 37.204965696576501 ], [ -113.597834326099004, 37.204965665810498 ], [ -113.599686525552002, 37.2049316565152 ], [ -113.601968753921994, 37.204889673799599 ], [ -113.601968629056003, 37.204806702112997 ], [ -113.606500065522994, 37.204801465445698 ], [ -113.606540849037003, 37.204716380819498 ], [ -113.606592221891006, 37.204609164523397 ], [ -113.607613192246006, 37.2049221727179 ], [ -113.607674637909994, 37.204793954236699 ], [ -113.607883571672005, 37.204858009842901 ], [ -113.608060758072995, 37.204488235663497 ], [ -113.608165132427999, 37.204270406534 ], [ -113.610181803527993, 37.204531532245802 ], [ -113.610685335295997, 37.204669841739197 ], [ -113.611180369899998, 37.204805814906202 ], [ -113.613789800628993, 37.204814670518502 ], [ -113.613789819492993, 37.204926154410401 ], [ -113.613789929088, 37.2055530619403 ], [ -113.613947861897998, 37.205552011612099 ], [ -113.613947856508005, 37.205553046199697 ], [ -113.616007547029, 37.205552171164697 ], [ -113.616005122475997, 37.200099926343 ], [ -113.617301660926003, 37.200098330702097 ], [ -113.624175532649005, 37.200089257729601 ], [ -113.624175439224004, 37.200089485269402 ], [ -113.624135484855003, 37.200191003755499 ], [ -113.624135258479996, 37.200191714279903 ], [ -113.624302219358, 37.200191705693499 ], [ -113.624302270561998, 37.2001917064091 ], [ -113.624302144797994, 37.200223971939998 ], [ -113.624302079220996, 37.200224180875502 ], [ -113.624301730675, 37.200225283511699 ], [ -113.624301506994001, 37.200226000475702 ], [ -113.624294302506001, 37.2002513060064 ], [ -113.624287290015999, 37.200282628612698 ], [ -113.624282302574002, 37.2003141963555 ], [ -113.624279353296004, 37.200345926226099 ], [ -113.624278449936, 37.200377734789797 ], [ -113.624280394788997, 37.200888581709002 ], [ -113.624280560079001, 37.200888581709002 ], [ -113.624300499084995, 37.200888548794801 ], [ -113.624300552085003, 37.200888548794801 ], [ -113.624300408354998, 37.200948149273003 ], [ -113.62430021342, 37.201029791462297 ], [ -113.624300747020001, 37.201029631900198 ], [ -113.624306215065005, 37.201028117848701 ], [ -113.624309996972002, 37.201027309305204 ], [ -113.624313832778, 37.201026678927398 ], [ -113.624317466464007, 37.201026185214999 ], [ -113.624322198789002, 37.2010257866675 ], [ -113.624323178851, 37.201025745882497 ], [ -113.624323895705999, 37.201025718692499 ], [ -113.624326047170996, 37.201025682916303 ], [ -113.624492698130993, 37.201025460387903 ], [ -113.624493116745995, 37.201025460387903 ], [ -113.624689539670996, 37.201025162729401 ], [ -113.624690043626003, 37.2010251577207 ], [ -113.624693432070998, 37.201025121228902 ], [ -113.624697346928997, 37.201025076866401 ], [ -113.624700237707998, 37.201025031788198 ], [ -113.624704633164995, 37.201024954511503 ], [ -113.624707044242996, 37.2010249094334 ], [ -113.624711918502001, 37.201024800673601 ], [ -113.624741049069996, 37.201023822550503 ], [ -113.624756346481007, 37.201023080550797 ], [ -113.624762866452997, 37.201022709908699 ], [ -113.624770134721999, 37.2010222669985 ], [ -113.624771619637002, 37.201022173980199 ], [ -113.624836101027995, 37.201016698139 ], [ -113.624900126333003, 37.201008502436899 ], [ -113.624900408404002, 37.2010084537811 ], [ -113.624901442365001, 37.201008297796598 ], [ -113.624902477223998, 37.201008141812103 ], [ -113.624904009749997, 37.201007915706001 ], [ -113.624904263974003, 37.2010078763522 ], [ -113.624927418050007, 37.201004160628401 ], [ -113.62493571489, 37.2010027353016 ], [ -113.624935814603006, 37.201002718844499 ], [ -113.624938464633004, 37.201002202235102 ], [ -113.624938778144994, 37.201002147855199 ], [ -113.624939095249999, 37.201002092044199 ], [ -113.624939410558994, 37.201002036233199 ], [ -113.624940272043006, 37.201001931051003 ], [ -113.624940434639001, 37.201001903860998 ], [ -113.624941125443002, 37.201001787230297 ], [ -113.624941934825003, 37.201001637685501 ], [ -113.624941975249001, 37.2010016305303 ], [ -113.624942816971, 37.201001447355701 ], [ -113.624943897644002, 37.201001254879401 ], [ -113.624944973826004, 37.201001062403002 ], [ -113.62494625123, 37.201000859193798 ], [ -113.624946607861006, 37.201000796943099 ], [ -113.624950755382997, 37.2010000313308 ], [ -113.624951482119997, 37.200999884647999 ], [ -113.624997108450998, 37.200990644350803 ], [ -113.625074353683999, 37.200971368088503 ], [ -113.625081331798, 37.200969677301003 ], [ -113.625086072206997, 37.200968815807997 ], [ -113.625086181802004, 37.200968797919799 ], [ -113.625089042037999, 37.2009683893546 ], [ -113.625089094139994, 37.200968382914802 ], [ -113.625092101700005, 37.200968039462403 ], [ -113.625092224769006, 37.200968027298501 ], [ -113.625092291244002, 37.200968020858802 ], [ -113.625092945218, 37.2009679664788 ], [ -113.625093573140006, 37.200967913529901 ], [ -113.625095379651995, 37.200967778295499 ], [ -113.625100812663007, 37.200967543603099 ], [ -113.625106252859993, 37.200967575801698 ], [ -113.625107223040999, 37.200967608715899 ], [ -113.625112223962006, 37.2009679364267 ], [ -113.625112897698003, 37.2009680036861 ], [ -113.625114780567003, 37.200968196162599 ], [ -113.625129581327002, 37.200970970345097 ], [ -113.625143532045996, 37.2009757871757 ], [ -113.625158990255997, 37.200984356311501 ], [ -113.625159357667002, 37.2009846181939 ], [ -113.625160797665998, 37.200985649981902 ], [ -113.625173027330007, 37.200996845095503 ], [ -113.625174391870999, 37.200996573911397 ], [ -113.625175882175995, 37.200996281976899 ], [ -113.628992331541994, 37.209205681978702 ], [ -113.629170564481001, 37.209596681018702 ], [ -113.629171021722996, 37.209597681924897 ], [ -113.629150380233995, 37.208131674971398 ], [ -113.629149971500993, 37.208102606626397 ], [ -113.629152141831, 37.202922612468797 ], [ -113.629152162492005, 37.202873055701801 ], [ -113.629154393907001, 37.201374703890998 ], [ -113.629674524744999, 37.201198429124098 ], [ -113.630050276553007, 37.2010710829814 ], [ -113.630311326975004, 37.200854706526698 ], [ -113.631054293003999, 37.199799170324397 ], [ -113.631446753476993, 37.199473524483999 ], [ -113.631531457421005, 37.199403239820199 ], [ -113.632089317500999, 37.199318667160497 ], [ -113.632416922304998, 37.199269000695999 ], [ -113.632800201097993, 37.199122244334802 ], [ -113.632813271584993, 37.199052493855298 ], [ -113.632887771566999, 37.198654989523099 ], [ -113.632890627310999, 37.198639754794399 ], [ -113.632877198396002, 37.198456720999097 ], [ -113.632874990337001, 37.198426640717798 ], [ -113.632870849103, 37.198370193110698 ], [ -113.633564240704999, 37.197786419753101 ], [ -113.633687524595999, 37.197751281652899 ], [ -113.634299652799996, 37.197576810932702 ], [ -113.634464693978998, 37.197529770852697 ], [ -113.638262266146995, 37.197522187364299 ], [ -113.638269224498003, 37.193917107615199 ], [ -113.634026337679998, 37.193901089787403 ], [ -113.634020534563007, 37.1938969386335 ], [ -113.631285269626005, 37.191940150395503 ], [ -113.631210975358997, 37.190172336269299 ], [ -113.631210987036994, 37.190172281881601 ], [ -113.631210120163004, 37.190151925836197 ], [ -113.631209458103996, 37.190136468262402 ], [ -113.631464030775007, 37.189644286725198 ], [ -113.631710462013004, 37.189167584802703 ], [ -113.631728822678994, 37.189132067696697 ], [ -113.631674951609995, 37.1890629098394 ], [ -113.631390574635006, 37.188697843784603 ], [ -113.631146127774997, 37.188383841553701 ], [ -113.631098155941999, 37.188322225201297 ], [ -113.630925939020997, 37.188100942223002 ], [ -113.630925874341997, 37.1881008592078 ], [ -113.630925833020001, 37.188100804818603 ], [ -113.630434154522007, 37.187469547165101 ], [ -113.630074837392002, 37.187097692555 ], [ -113.629687660808997, 37.186696995693403 ], [ -113.629433235462997, 37.186433684914903 ], [ -113.629348901623999, 37.186346406112797 ], [ -113.629181520334001, 37.186308924611602 ], [ -113.62912951237, 37.186297278597998 ], [ -113.629129300368007, 37.1862972313642 ], [ -113.629119181744997, 37.183026485486302 ], [ -113.629157511958994, 37.179448302879699 ], [ -113.629131043998001, 37.175814161986601 ], [ -113.633634170956, 37.175806819677099 ], [ -113.633660128675004, 37.1775329692775 ], [ -113.633663580001993, 37.177762533620601 ], [ -113.633652049226995, 37.179040314338202 ], [ -113.633648580832002, 37.179424533490298 ], [ -113.633649989389994, 37.179424537784698 ], [ -113.634822580991994, 37.179427533830399 ], [ -113.634924580201002, 37.179424533490298 ], [ -113.635640354225998, 37.179424068265902 ], [ -113.636453581086002, 37.179423533615598 ], [ -113.637910581103995, 37.179422533024997 ], [ -113.639005582519005, 37.179422533024997 ], [ -113.639349580678996, 37.179423532899797 ], [ -113.639467581578003, 37.179421533865899 ], [ -113.639540582270996, 37.179426533239898 ], [ -113.640312582747995, 37.179476533403601 ], [ -113.641561583251999, 37.179558533772301 ], [ -113.642717582969993, 37.179420532559597 ], [ -113.644752582397004, 37.179396532696401 ], [ -113.644872213737997, 37.179395162788701 ], [ -113.644872486826003, 37.179395159210003 ], [ -113.645101582376, 37.179392533911297 ], [ -113.645179423192005, 37.179393334813497 ], [ -113.647241583181994, 37.1794145325945 ], [ -113.649456583432993, 37.1794135320038 ], [ -113.651769518913994, 37.1794115494314 ], [ -113.651789583684007, 37.179411532253901 ], [ -113.651789582785995, 37.179411631024699 ], [ -113.651773584688996, 37.186637533537599 ], [ -113.651796300388, 37.186637488450998 ], [ -113.654738431165001, 37.186631733099802 ], [ -113.655347585946004, 37.186630532935098 ], [ -113.655704585422995, 37.186629533155603 ], [ -113.656295586149994, 37.186628532660599 ], [ -113.656295585251996, 37.1873115320805 ], [ -113.656296585974999, 37.190247533722001 ], [ -113.656296585974999, 37.193870533968301 ], [ -113.656304228840995, 37.193870537546303 ], [ -113.659102586952997, 37.193871532936299 ], [ -113.660819887298004, 37.193872529041897 ], [ -113.660828587482001, 37.193872534051003 ], [ -113.660820938327007, 37.192362858715697 ], [ -113.660759586088005, 37.180251531351601 ], [ -113.660752586415001, 37.178806532468201 ], [ -113.660744585120995, 37.177140531549703 ], [ -113.660816980350006, 37.177139442891402 ], [ -113.660877585189994, 37.177138531739502 ], [ -113.660816019151994, 37.176621166780102 ], [ -113.660815586164006, 37.1766175314525 ], [ -113.660808585593003, 37.175790531743601 ], [ -113.660814419253001, 37.175790523154497 ], [ -113.665336586902001, 37.175783531567198 ], [ -113.665683587231996, 37.175782531644302 ], [ -113.668194586859997, 37.175778531236297 ], [ -113.669864587313, 37.175775530751402 ], [ -113.674392588621004, 37.175768530573599 ], [ -113.678921588856994, 37.175760530471898 ], [ -113.678927337176006, 37.175769728763598 ], [ -113.678966589062995, 37.175832530641003 ], [ -113.678966872032007, 37.1758487219373 ], [ -113.678988588804003, 37.177087530122598 ], [ -113.678953980309004, 37.1783489189257 ], [ -113.678925589952996, 37.1793835307394 ], [ -113.678948679350995, 37.179383540759602 ], [ -113.683453590363001, 37.179385530490002 ], [ -113.683453478971998, 37.179438451574498 ], [ -113.683449591064004, 37.181284531088501 ], [ -113.683449590164997, 37.181554530950301 ], [ -113.683449591064004, 37.187609531773802 ], [ -113.683449591064004, 37.190277531386897 ], [ -113.683453714330994, 37.190277529239999 ], [ -113.684815722897, 37.190276856550497 ], [ -113.685462592546003, 37.190276531655797 ], [ -113.687984592044998, 37.190277531386897 ], [ -113.687983593119, 37.191835531515203 ], [ -113.687983606592994, 37.191910635713299 ], [ -113.687984584858995, 37.197518292579403 ], [ -113.687984585756993, 37.197519135507299 ], [ -113.687984586655006, 37.1975227569488 ], [ -113.687984592942996, 37.197563533037901 ], [ -113.688026627810999, 37.197563377046201 ], [ -113.689005541738993, 37.197559734855403 ], [ -113.689262918051, 37.197558776723099 ], [ -113.690517339886, 37.197554095541598 ], [ -113.690628263858002, 37.197553681233401 ], [ -113.690701156752993, 37.197553407890197 ], [ -113.690707081141994, 37.197553386423401 ], [ -113.690730452611007, 37.197553298409801 ], [ -113.690756996930006, 37.1975531996627 ], [ -113.690779391929993, 37.197553115942398 ], [ -113.690824014843002, 37.197552949217403 ], [ -113.690835070408994, 37.197552907715 ], [ -113.690903231877996, 37.197552653691901 ], [ -113.690903923581004, 37.1975526508296 ], [ -113.690947441565996, 37.197552487682302 ], [ -113.690970772610996, 37.197552400384197 ], [ -113.690983686791, 37.197552351726301 ], [ -113.691052786100997, 37.197552093409797 ], [ -113.691056951589005, 37.197552076951901 ], [ -113.691133678493998, 37.197551790013101 ], [ -113.691136713901997, 37.197551778564197 ], [ -113.691212575728997, 37.197551495203101 ], [ -113.691219160380001, 37.197551470874103 ], [ -113.691292840200006, 37.1975511953842 ], [ -113.691296358900999, 37.197551182504199 ], [ -113.691366472409001, 37.197550919894297 ], [ -113.691376659303998, 37.197550881969697 ], [ -113.691445181896, 37.197550625084297 ], [ -113.691453679060004, 37.1975505935998 ], [ -113.691520708650998, 37.1975503417233 ], [ -113.691529150120004, 37.197550310954298 ], [ -113.691601832809994, 37.197550038326597 ], [ -113.691606527405995, 37.197550021153198 ], [ -113.691683225564006, 37.197549734214398 ], [ -113.691687243729007, 37.197549718472096 ], [ -113.691760511222, 37.1975494451288 ], [ -113.691771061035993, 37.197549405057501 ], [ -113.691844627668004, 37.197549129567697 ], [ -113.691846711759993, 37.197549122412099 ], [ -113.691929216629006, 37.197548812575299 ], [ -113.692010165615002, 37.197548507747499 ], [ -113.692013865776005, 37.197548494867497 ], [ -113.692089212869007, 37.197548211506401 ], [ -113.692094404233004, 37.197548192186296 ], [ -113.692167542367997, 37.197547918127498 ], [ -113.692173928491997, 37.1975478937986 ], [ -113.692251061435002, 37.197547603997499 ], [ -113.692253573125001, 37.197547595410803 ], [ -113.692334578705996, 37.197547290583003 ], [ -113.692337685978003, 37.197547279134 ], [ -113.692407321581996, 37.197547017955301 ], [ -113.692413276514003, 37.197546995057401 ], [ -113.692469807495002, 37.197546782536598 ], [ -113.692488866152004, 37.197546710980802 ], [ -113.692519213937999, 37.197546597922504 ], [ -113.692520793176001, 37.197546591482499 ], [ -113.692522773961002, 37.197546584327 ], [ -113.692526257628003, 37.197546570731298 ], [ -113.692536594542005, 37.197546532091202 ], [ -113.692536593642998, 37.197488101012503 ], [ -113.692536594542005, 37.197466088989202 ], [ -113.692536593642998, 37.197397430354599 ], [ -113.692536593642998, 37.197384531674899 ], [ -113.692536594542005, 37.197354521091299 ], [ -113.692536593642998, 37.197204059408598 ], [ -113.692536594542005, 37.196467416732801 ], [ -113.692536593642998, 37.196302828646303 ], [ -113.692536594542005, 37.195624669135697 ], [ -113.692536593642998, 37.195456476992 ], [ -113.692536593642998, 37.194773335135203 ], [ -113.692536593642998, 37.194620692211203 ], [ -113.692536593642998, 37.193920531726 ], [ -113.692552088683996, 37.193920471616202 ], [ -113.692707861944001, 37.193919869087203 ], [ -113.692772387031994, 37.193919618629799 ], [ -113.693099204014004, 37.193918352030799 ], [ -113.693142428250994, 37.193918184582103 ], [ -113.693480113948993, 37.193916872900701 ], [ -113.693515536316994, 37.193916736222597 ], [ -113.693884272283995, 37.193915303606097 ], [ -113.693912136226999, 37.193915194835903 ], [ -113.694248789761005, 37.193913886732602 ], [ -113.694324688419997, 37.193913592624 ], [ -113.694671129099007, 37.193912245162899 ], [ -113.694673864468996, 37.193912234429 ], [ -113.694961331648003, 37.193911114526401 ], [ -113.695011205214001, 37.193910921316402 ], [ -113.695067519700999, 37.193910701629399 ], [ -113.695328034726998, 37.193909686203298 ], [ -113.695390580826995, 37.193909442901798 ], [ -113.695627873503994, 37.1939085169248 ], [ -113.695663076683005, 37.193908379531003 ], [ -113.695880593848003, 37.193907530837997 ], [ -113.695991181848996, 37.193906510402797 ], [ -113.695992019079, 37.193906503246801 ], [ -113.696322292778007, 37.193903454106 ], [ -113.696334995854997, 37.193903336748797 ], [ -113.697937593915, 37.1938885311326 ], [ -113.698014594805997, 37.193926531254299 ], [ -113.698004594759993, 37.194389531821997 ], [ -113.697984793196994, 37.195260876336398 ], [ -113.697941821387005, 37.197151652381599 ], [ -113.697933346680003, 37.197524476435802 ], [ -113.697904765881006, 37.198781986977401 ], [ -113.697901594827997, 37.198921531304499 ], [ -113.697915644478996, 37.204729993020997 ], [ -113.697916161909006, 37.204944513122399 ], [ -113.697916193349997, 37.204957599399201 ], [ -113.697916228384003, 37.204971602929099 ], [ -113.697916523930004, 37.205094051423799 ], [ -113.697916784441006, 37.205201546785901 ], [ -113.697916847323, 37.205227707800098 ], [ -113.697917342295, 37.205432263379798 ], [ -113.697917395296002, 37.205454122828499 ], [ -113.697917945962999, 37.205681820750897 ], [ -113.697918004352999, 37.205705934607799 ], [ -113.697918457103995, 37.205893093449099 ], [ -113.697918556817001, 37.205934139760402 ], [ -113.697918935906003, 37.206090840175001 ], [ -113.697919090417003, 37.206154832433903 ], [ -113.697919400334996, 37.206283371997898 ], [ -113.697919565625, 37.206351918806099 ], [ -113.697919862968007, 37.206474738538503 ], [ -113.697920024664995, 37.206541849934197 ], [ -113.697920345363002, 37.2066744047819 ], [ -113.697920514245993, 37.2067439428779 ], [ -113.697920825962001, 37.206872548692701 ], [ -113.697921002930002, 37.206945678261299 ], [ -113.697921175405995, 37.2070169783062 ], [ -113.697921342493004, 37.207085929403 ], [ -113.697921489817006, 37.207147056087301 ], [ -113.697921959636005, 37.207341003267999 ], [ -113.697922036891001, 37.207373115495002 ], [ -113.697922584862994, 37.207599375986099 ], [ -113.697922630676999, 37.207618627660899 ], [ -113.697922633372002, 37.207619561339797 ], [ -113.697922778898999, 37.207679686660299 ], [ -113.697922787882007, 37.207683211027003 ], [ -113.697922794171006, 37.2076857938453 ], [ -113.697922834595005, 37.207702356076602 ], [ -113.697922839086004, 37.207704214131297 ], [ -113.697922841780994, 37.207705257990298 ], [ -113.697922879510998, 37.2077204722872 ], [ -113.697922887594999, 37.207723707605403 ], [ -113.697922923527997, 37.207738998453003 ], [ -113.697922932511005, 37.207742695243198 ], [ -113.697922964849994, 37.207756155936501 ], [ -113.697922975629993, 37.207760282002702 ], [ -113.697923010664994, 37.207774951822401 ], [ -113.697923019648002, 37.207778137056003 ], [ -113.697923054681993, 37.207793237579899 ], [ -113.697923062767003, 37.207796497936101 ], [ -113.697923096004999, 37.207810332090503 ], [ -113.697923105886005, 37.207814351550098 ], [ -113.697923140021999, 37.207828165668197 ], [ -113.697923149005007, 37.207832117873501 ], [ -113.697923183141, 37.207846487185797 ], [ -113.697923193921, 37.207850836470797 ], [ -113.697923228955005, 37.207865162851903 ], [ -113.697923235242996, 37.207867647645998 ], [ -113.697923253210007, 37.207875665810398 ], [ -113.697923274768996, 37.207884199820903 ], [ -113.697923280159003, 37.207886217418697 ], [ -113.697923316092002, 37.207901272131501 ], [ -113.697923325074996, 37.207905472597702 ], [ -113.697923361906007, 37.207920060826801 ], [ -113.697923368193997, 37.207923059319199 ], [ -113.697923407719998, 37.207939790346899 ], [ -113.697923415804993, 37.207943238862697 ], [ -113.697923452636005, 37.207957966599103 ], [ -113.697923460721, 37.207961748518201 ], [ -113.697923491262998, 37.2079744228826 ], [ -113.697923504738, 37.207979811722602 ], [ -113.697923530788998, 37.2079907403634 ], [ -113.697923535281006, 37.207992094012198 ], [ -113.697923534381999, 37.2079923029263 ], [ -113.697923596365996, 37.208017533591899 ], [ -113.698595558657004, 37.2080180222504 ], [ -113.698635963081003, 37.208018051584197 ], [ -113.699775598190001, 37.208018872215703 ], [ -113.699813054344006, 37.2080188994031 ], [ -113.700915969018993, 37.208019682830702 ], [ -113.701057229097998, 37.208019782994903 ], [ -113.701788338263, 37.208020295263601 ], [ -113.702129596560994, 37.208020532795999 ], [ -113.702150234456994, 37.208020347492102 ], [ -113.702462596646996, 37.208017532876497 ], [ -113.702462508612001, 37.207870962374002 ], [ -113.702462480765007, 37.207822363996399 ], [ -113.702462217557994, 37.207379782914003 ], [ -113.702462164558, 37.207289391006803 ], [ -113.702461943572004, 37.2069176168404 ], [ -113.702461886080002, 37.206820088278697 ], [ -113.702461687552002, 37.206486015117399 ], [ -113.702461611195005, 37.206355794532897 ], [ -113.702461596822005, 37.206332532298902 ], [ -113.702462147489996, 37.206065787734602 ], [ -113.702462417882003, 37.205934403771998 ], [ -113.702463035923003, 37.205634725621401 ], [ -113.702463325181, 37.205494411682203 ], [ -113.702464171393999, 37.205083847151599 ], [ -113.702464213615002, 37.205063718358602 ], [ -113.702465233203, 37.204569043337798 ], [ -113.702465345492001, 37.2045142638434 ], [ -113.702465568273993, 37.204406481305099 ], [ -113.702465577257001, 37.204401813427097 ], [ -113.702465578155994, 37.204401209550802 ], [ -113.702465596121996, 37.204392532047898 ], [ -113.702571366458002, 37.204395294567597 ], [ -113.703068458204001, 37.204408275046603 ], [ -113.703116597123, 37.2044095321681 ], [ -113.703728545665001, 37.204410209024701 ], [ -113.704021596771994, 37.204410532427602 ], [ -113.704767596411003, 37.204412532231103 ], [ -113.704781596654996, 37.204412532231103 ], [ -113.704794597073999, 37.204412532946598 ], [ -113.704926597318007, 37.204413531775003 ], [ -113.705097597022004, 37.204413532490499 ], [ -113.705498780137006, 37.2044091143201 ], [ -113.705806034507006, 37.204405730037202 ], [ -113.706512086963997, 37.204397949763298 ], [ -113.706847372363995, 37.204394253524796 ], [ -113.707003597476003, 37.204392532047898 ], [ -113.708123598108003, 37.204388531724398 ], [ -113.709973912896004, 37.204380975398202 ], [ -113.711031830958007, 37.204376643085098 ], [ -113.711546598854, 37.204374531663802 ], [ -113.711545598130996, 37.205085531407498 ], [ -113.711545598130996, 37.205131531470201 ], [ -113.711545599028995, 37.205265531928497 ], [ -113.711544598306006, 37.2053705314379 ], [ -113.711544598306006, 37.205565531365799 ], [ -113.711544598306006, 37.205755531728101 ], [ -113.711543421512999, 37.206288185001 ], [ -113.711542593266003, 37.206662923606302 ], [ -113.711541874613999, 37.206988671505997 ], [ -113.711541632069, 37.207098407876202 ], [ -113.71154156739, 37.207127900164799 ], [ -113.711541496422996, 37.207159790687697 ], [ -113.711541402997995, 37.207202625692297 ], [ -113.711541342811003, 37.207229587335299 ], [ -113.711541109248998, 37.207335212290801 ], [ -113.711541068824999, 37.207353978232 ], [ -113.711540881974997, 37.207438486082097 ], [ -113.711540812804998, 37.207469402727 ], [ -113.711540668175999, 37.207535243290302 ], [ -113.711540573853, 37.207577386228898 ], [ -113.711540363647003, 37.207672562087403 ], [ -113.711540352867999, 37.207677548143799 ], [ -113.711540096847997, 37.207792986453001 ], [ -113.711540055525006, 37.207812050627702 ], [ -113.711539862386999, 37.207899605109503 ], [ -113.711539782437001, 37.2079352965442 ], [ -113.711539599180995, 37.208018531657203 ], [ -113.711542703758994, 37.208018531657203 ], [ -113.711565547017997, 37.208018532372698 ], [ -113.712892598542993, 37.208018532372698 ], [ -113.716077549331999, 37.208018531657203 ], [ -113.716077598739005, 37.208018531657203 ], [ -113.716077555620004, 37.208024603041899 ], [ -113.716077493636007, 37.208032995374701 ], [ -113.716077384041995, 37.208048007130699 ], [ -113.716062600466998, 37.210078531743299 ], [ -113.716218601001003, 37.218274532952002 ], [ -113.716884601173007, 37.218268532497497 ], [ -113.718498600649994, 37.218253532790001 ], [ -113.718498643770005, 37.218253532074598 ], [ -113.720954601824005, 37.218230532469597 ], [ -113.722571958306006, 37.218215720894797 ], [ -113.722572194563, 37.218949102459597 ], [ -113.722575105103999, 37.228762833747702 ], [ -113.640432859978006, 37.230201283957598 ], [ -113.625088690796005, 37.230423763856798 ], [ -113.623687981011997, 37.230444010336797 ], [ -113.620372790676001, 37.230491775185698 ], [ -113.594174096456001, 37.230865994466903 ] ] ] } },
{ "type": "Feature", "properties": { "OBJECTID": 162, "CountyID": 27, "VistaID": "27STG:07", "PrecinctID": "27STG", "SubPrecinctID": "07", "VersionNbr": null, "EffectiveDate": 1744156800000, "AliasName": "STG:07", "Comments": "formerly STG07", "RcvdDate": 1744156800000, "GlobalID": "6776d80e-65a0-4ea9-b5a7-45a4696f45fc", "Shape__Area": 1370919.913813591, "Shape__Length": 5959.5181450434993 }, "geometry": { "type": "Polygon", "coordinates": [ [ [ -113.565431405691001, 37.0962486958013 ], [ -113.564630154271995, 37.0962404286241 ], [ -113.564284213055998, 37.0962368582179 ], [ -113.563267387528001, 37.096225735000601 ], [ -113.562652417053997, 37.096219004034701 ], [ -113.560480332918004, 37.096210667352103 ], [ -113.557136922907006, 37.0962299517061 ], [ -113.557095088363994, 37.094218321504201 ], [ -113.557090554566997, 37.093617230972797 ], [ -113.557060246307003, 37.0923704480469 ], [ -113.557069291443995, 37.092362740075302 ], [ -113.559374311869007, 37.092365925874603 ], [ -113.561315694266995, 37.092359848779701 ], [ -113.561856884310004, 37.092361024644902 ], [ -113.562095999668998, 37.092361480373299 ], [ -113.562060968067996, 37.089752034302897 ], [ -113.562317324792005, 37.089749825807303 ], [ -113.562305999730995, 37.0887340463903 ], [ -113.563596615587997, 37.088722343784703 ], [ -113.563982227305004, 37.088719320497901 ], [ -113.565774650164997, 37.088705187938103 ], [ -113.566133815480001, 37.08870391456 ], [ -113.568476384586006, 37.088660897014499 ], [ -113.570707632665005, 37.088652798841103 ], [ -113.570708838203998, 37.088827074551503 ], [ -113.570709213699999, 37.0888813560343 ], [ -113.572783685101001, 37.0888780038403 ], [ -113.574237592217997, 37.0888795559678 ], [ -113.574938650042, 37.088880829342799 ], [ -113.577413814077005, 37.088846898941803 ], [ -113.577376391160996, 37.088871282970501 ], [ -113.577372641593001, 37.088873719366497 ], [ -113.577367860758997, 37.088876825054697 ], [ -113.577349128189994, 37.088888975503203 ], [ -113.577125247360001, 37.089032103569501 ], [ -113.576961009274996, 37.089134682004797 ], [ -113.576654425914995, 37.089320854356302 ], [ -113.576343770554999, 37.0895026802554 ], [ -113.5743246758, 37.090715853811602 ], [ -113.573960164610995, 37.090934862253597 ], [ -113.572252821191995, 37.091960651148902 ], [ -113.571943569867003, 37.0921464472083 ], [ -113.571089959242997, 37.0926592789422 ], [ -113.570685493685005, 37.092902270397403 ], [ -113.568398705467004, 37.094276046380003 ], [ -113.568219460890006, 37.094374510900501 ], [ -113.568041586798998, 37.094474544023399 ], [ -113.567865104771997, 37.094576133607497 ], [ -113.567690036217002, 37.094679267322398 ], [ -113.567461129896003, 37.094817754675397 ], [ -113.567234770929005, 37.094958880580897 ], [ -113.566999124310001, 37.095110371637801 ], [ -113.566766410092001, 37.095264719451102 ], [ -113.566536682716006, 37.095421887895299 ], [ -113.566309995924996, 37.095581840184899 ], [ -113.566086402750003, 37.095744538883203 ], [ -113.565865955499007, 37.095909945910797 ], [ -113.565648705743001, 37.096078022554799 ], [ -113.565434704305005, 37.096248729477601 ], [ -113.565431405691001, 37.0962486958013 ] ] ] } },
{ "type": "Feature", "properties": { "OBJECTID": 164, "CountyID": 27, "VistaID": "27STG:40", "PrecinctID": "27STG", "SubPrecinctID": "40", "VersionNbr": null, "EffectiveDate": 1744156800000, "AliasName": "STG:40", "Comments": "formerly STG40", "RcvdDate": 1744156800000, "GlobalID": "af2b4c7b-2789-46c9-80ef-419eb3150433", "Shape__Area": 10078888.9609375, "Shape__Length": 15240.058831164986 }, "geometry": { "type": "Polygon", "coordinates": [ [ [ -113.536495751413, 37.128934977304297 ], [ -113.536495557376995, 37.1289165342275 ], [ -113.536493219063004, 37.128672131343102 ], [ -113.536491556281007, 37.128498533875103 ], [ -113.536484556608002, 37.127582533007697 ], [ -113.536479555686995, 37.126988534313398 ], [ -113.536445556250001, 37.126033534060397 ], [ -113.536441190437998, 37.125854760739898 ], [ -113.536427651029996, 37.125300413288699 ], [ -113.536427555808999, 37.125296532686797 ], [ -113.535177555480999, 37.1255855338445 ], [ -113.533160840362996, 37.126052237117001 ], [ -113.533159555772002, 37.126052533638401 ], [ -113.533138563042002, 37.125987185011297 ], [ -113.533097555848002, 37.125859533744801 ], [ -113.533010058141997, 37.125611930857403 ], [ -113.533008637007001, 37.125607909172302 ], [ -113.533003557035002, 37.125593533526398 ], [ -113.532995772234003, 37.12559527757 ], [ -113.532994876613998, 37.1255954774009 ], [ -113.532984970890993, 37.1255976941627 ], [ -113.532983078141001, 37.125598118176597 ], [ -113.532975185542995, 37.125599885139799 ], [ -113.532972421427004, 37.125600503970901 ], [ -113.532968048428003, 37.125601483786703 ], [ -113.532937017025006, 37.125608429878397 ], [ -113.532936555291002, 37.1256085337331 ], [ -113.532883467551997, 37.125478265400297 ], [ -113.532817556363, 37.125316533040298 ], [ -113.532817819569999, 37.125316525161701 ], [ -113.532842405560999, 37.125315739443799 ], [ -113.532879022687993, 37.1253145719689 ], [ -113.532911556075007, 37.125313534133703 ], [ -113.532876776001999, 37.125231854526803 ], [ -113.532845877548993, 37.125159287602401 ], [ -113.532845555951994, 37.125158534113901 ], [ -113.532797555374003, 37.125020533857104 ], [ -113.532650555958995, 37.125054533289799 ], [ -113.532650537094, 37.125054488882597 ], [ -113.532530555410005, 37.124787533942197 ], [ -113.532495555249994, 37.124708533968104 ], [ -113.532447555568993, 37.124576533627902 ], [ -113.534200555862, 37.123751533807003 ], [ -113.537549555192001, 37.122320533053703 ], [ -113.540632557077004, 37.121027532375997 ], [ -113.543555557331999, 37.119789532521402 ], [ -113.544155557381998, 37.119541533006 ], [ -113.548749557915002, 37.117607532245998 ], [ -113.548722558150004, 37.117564531827597 ], [ -113.548691558187997, 37.117515530804702 ], [ -113.548643558508005, 37.117437531099199 ], [ -113.548618558393002, 37.117395531995903 ], [ -113.548619217756993, 37.117388111664802 ], [ -113.548772736245994, 37.117323784190098 ], [ -113.549482296624006, 37.117026460793397 ], [ -113.550068428482007, 37.116780222261099 ], [ -113.550092217667, 37.116770227404203 ], [ -113.550820713633996, 37.116464174116999 ], [ -113.551154193420004, 37.116324071347897 ], [ -113.551246019207994, 37.1162835644541 ], [ -113.551627637015997, 37.116115217204403 ], [ -113.552209062599999, 37.115841281602698 ], [ -113.552771388205002, 37.115551195244898 ], [ -113.554114630065996, 37.114686969707101 ], [ -113.554546837396998, 37.114351667473798 ], [ -113.554557479737994, 37.1143434108684 ], [ -113.554574771408994, 37.1143299958527 ], [ -113.554628422391005, 37.1142850988359 ], [ -113.554811271773005, 37.114128045387403 ], [ -113.554918498277999, 37.114035505321802 ], [ -113.555182731431003, 37.113797353265497 ], [ -113.55538117287, 37.113607060743902 ], [ -113.555629735810996, 37.113352701947001 ], [ -113.555713552219999, 37.1132743082552 ], [ -113.556136417071997, 37.112786125641001 ], [ -113.556293323107994, 37.112595501051302 ], [ -113.556329147922, 37.112551976990602 ], [ -113.556467002486997, 37.112363131261901 ], [ -113.556631828069996, 37.112137334143497 ], [ -113.556895884254999, 37.111737105273797 ], [ -113.557130305018006, 37.111342891118802 ], [ -113.557353972946999, 37.110924143250003 ], [ -113.557399341462002, 37.110835437629497 ], [ -113.557461340488004, 37.1106990933243 ], [ -113.557494218827998, 37.110626788992199 ], [ -113.557503858649, 37.110605589116901 ], [ -113.557532815841995, 37.110528161129899 ], [ -113.557565118360998, 37.110455933287703 ], [ -113.557796583666999, 37.109938387831299 ], [ -113.557829812349993, 37.109849202508499 ], [ -113.557844979505006, 37.1098084937111 ], [ -113.557846629709999, 37.1098040657102 ], [ -113.562092783699995, 37.109826870520997 ], [ -113.564229051108001, 37.109835816784901 ], [ -113.566348316101994, 37.109842279327999 ], [ -113.568467657452999, 37.109851448386998 ], [ -113.568401052764003, 37.111415684766797 ], [ -113.568417959057996, 37.112514675954401 ], [ -113.568443463126997, 37.114058522330303 ], [ -113.568454111757006, 37.114676417975303 ], [ -113.568506008328995, 37.117781640353499 ], [ -113.568570170498006, 37.125089987399697 ], [ -113.568599683748005, 37.128741499170701 ], [ -113.568539367266993, 37.139831023865099 ], [ -113.560958692992997, 37.139817397818597 ], [ -113.559328468144997, 37.139789661631198 ], [ -113.555798023500998, 37.139790253134201 ], [ -113.552901367239997, 37.1397937885462 ], [ -113.552387593779997, 37.139794405829001 ], [ -113.552387171571993, 37.139794408693398 ], [ -113.552386753855004, 37.139794407261199 ], [ -113.550051685682007, 37.139796929383998 ], [ -113.550073605473003, 37.132555535311099 ], [ -113.550073789628001, 37.132496022675099 ], [ -113.550078879482001, 37.128900315689599 ], [ -113.550078882177004, 37.128898909056197 ], [ -113.550078963923994, 37.128840734287699 ], [ -113.550078965720004, 37.128839305450803 ], [ -113.550074345685005, 37.1288393477071 ], [ -113.549424774800997, 37.128844412020698 ], [ -113.549424786478994, 37.128845461983097 ], [ -113.549424787378001, 37.128845510685302 ], [ -113.549424236709996, 37.128845514266303 ], [ -113.549252753713006, 37.128846771212999 ], [ -113.548270661545004, 37.1288539318695 ], [ -113.548263460650006, 37.128853996328303 ], [ -113.547418420851997, 37.128860184372598 ], [ -113.547187186412998, 37.128861821625897 ], [ -113.547173112506997, 37.128861673370601 ], [ -113.546695966056006, 37.1288568819337 ], [ -113.546421634940998, 37.128858813548902 ], [ -113.546147301131995, 37.128860654205603 ], [ -113.545872854134004, 37.1288624970108 ], [ -113.545612906843999, 37.128873850351503 ], [ -113.545565776732005, 37.128874683302101 ], [ -113.545565738104997, 37.128874681869704 ], [ -113.545562510457998, 37.128874744896102 ], [ -113.544975788407001, 37.128879032837197 ], [ -113.544837296037997, 37.1288801085825 ], [ -113.544659253541994, 37.128881490865197 ], [ -113.542858731471, 37.128895442607401 ], [ -113.542255309739005, 37.128893589776098 ], [ -113.542018482388997, 37.128892904364498 ], [ -113.541199372462003, 37.128890380445803 ], [ -113.541039807413, 37.1288912800036 ], [ -113.540781439360998, 37.128892675894001 ], [ -113.540486726370005, 37.128894309565503 ], [ -113.539696773960998, 37.1288987206934 ], [ -113.539707952596004, 37.128917016951902 ], [ -113.539119450982, 37.128920285726302 ], [ -113.536500260058006, 37.128934941494002 ], [ -113.536500216039997, 37.128934940061498 ], [ -113.536496247282997, 37.128934973007098 ], [ -113.536495751413, 37.128934977304297 ] ] ] } },
{ "type": "Feature", "properties": { "OBJECTID": 166, "CountyID": 27, "VistaID": "27STG:36", "PrecinctID": "27STG", "SubPrecinctID": "36", "VersionNbr": null, "EffectiveDate": 1744156800000, "AliasName": "STG:36", "Comments": "formerly STG36", "RcvdDate": 1744156800000, "GlobalID": "d6bf1278-889e-48e8-86c6-4a5c9ed0c0c3", "Shape__Area": 2477289.7032361031, "Shape__Length": 7157.7198932401479 }, "geometry": { "type": "Polygon", "coordinates": [ [ [ -113.585005560984996, 37.075262524451503 ], [ -113.584963560253996, 37.0743885240135 ], [ -113.584935561563, 37.074379524109901 ], [ -113.584889560633997, 37.074354524770399 ], [ -113.584674560549004, 37.074239524835498 ], [ -113.584628560517999, 37.074215524565297 ], [ -113.584595560905996, 37.074193524669298 ], [ -113.584568489277004, 37.074176027239702 ], [ -113.584187165217998, 37.069160321842098 ], [ -113.584373440774002, 37.0690852612952 ], [ -113.584383431836997, 37.069163019060397 ], [ -113.584601504160005, 37.069040840640596 ], [ -113.584871885382995, 37.068889314354998 ], [ -113.585104852672004, 37.068758699744201 ], [ -113.586222237409004, 37.068076465279603 ], [ -113.587134214271998, 37.0674393466008 ], [ -113.587737786022998, 37.066692678191401 ], [ -113.587738787644994, 37.066692671740199 ], [ -113.587737819260994, 37.066693870224299 ], [ -113.605525941411997, 37.066572512861399 ], [ -113.605426142176995, 37.0677144069655 ], [ -113.605339726042999, 37.068531486768897 ], [ -113.605311364433007, 37.068682786550802 ], [ -113.605289926138994, 37.068782544767203 ], [ -113.605236525787006, 37.068915073844998 ], [ -113.604562691406997, 37.068849040137003 ], [ -113.604542958115999, 37.069014909884302 ], [ -113.604531169523995, 37.069111546113703 ], [ -113.604362739001999, 37.069156059190597 ], [ -113.604131539597006, 37.069056621863702 ], [ -113.604142447838996, 37.069043590187697 ], [ -113.604084796658995, 37.0690141572708 ], [ -113.603319933297001, 37.070002576077499 ], [ -113.602375379031002, 37.070692552848598 ], [ -113.604042271311997, 37.071762880663798 ], [ -113.604149274137001, 37.071831602507302 ], [ -113.604071459935, 37.071908827019598 ], [ -113.603990071709006, 37.071983669426601 ], [ -113.603905223902004, 37.072056024497101 ], [ -113.603817035822999, 37.072125790497203 ], [ -113.603495909667998, 37.072328015632401 ], [ -113.603407235911007, 37.072375948679202 ], [ -113.603316787235002, 37.072421721816198 ], [ -113.603224646252997, 37.072465293239198 ], [ -113.603130897124998, 37.072506623154901 ], [ -113.603035625478995, 37.072545673816997 ], [ -113.602938918334999, 37.0725824095611 ], [ -113.602840864022994, 37.072616796836797 ], [ -113.602741552102998, 37.072648804238902 ], [ -113.602628539549002, 37.072681896136999 ], [ -113.602571335730005, 37.072697336150902 ], [ -113.602455850853005, 37.072725896625698 ], [ -113.602339210162, 37.072751291599602 ], [ -113.602264214311006, 37.072765907349101 ], [ -113.601586921416995, 37.072897906247398 ], [ -113.600661858796002, 37.073078185726203 ], [ -113.599676678220007, 37.073317274266202 ], [ -113.599498529722993, 37.073360507655202 ], [ -113.599133573868002, 37.073449074386403 ], [ -113.598128286301005, 37.073709775482001 ], [ -113.597598592897, 37.073847135304597 ], [ -113.597563060035995, 37.073857097838399 ], [ -113.597511952185002, 37.073871426683297 ], [ -113.597404596321994, 37.073903114693401 ], [ -113.596968173196998, 37.074031931492897 ], [ -113.596903727159997, 37.074048915779002 ], [ -113.596778184200005, 37.074078680676799 ], [ -113.596651256525007, 37.074104437265397 ], [ -113.596523145087005, 37.074126144771 ], [ -113.596394052712, 37.0741437688296 ], [ -113.596385414512994, 37.074144797331797 ], [ -113.595988458869996, 37.074175090478903 ], [ -113.596122627648001, 37.074518980566801 ], [ -113.596147960300002, 37.074566113666599 ], [ -113.596176915387005, 37.074611899506202 ], [ -113.596209380963998, 37.074656161074003 ], [ -113.596245231514004, 37.0746987272518 ], [ -113.596523706556994, 37.074991908597198 ], [ -113.596853261603997, 37.075338862521001 ], [ -113.596861415611997, 37.075348158314 ], [ -113.596925751431002, 37.075427101795 ], [ -113.596983980879997, 37.075509007068902 ], [ -113.597035890472995, 37.075593573838098 ], [ -113.597081289895002, 37.075680492047702 ], [ -113.597120012697999, 37.075769443022899 ], [ -113.597151916913006, 37.075860100636902 ], [ -113.597176885569993, 37.075952132506998 ], [ -113.597194827126003, 37.076045201213297 ], [ -113.597198618017003, 37.076071622660997 ], [ -113.597215924959002, 37.0762632687238 ], [ -113.595828563241, 37.0763985239753 ], [ -113.595125563259003, 37.076467523282702 ], [ -113.594281561914002, 37.076599524337901 ], [ -113.593623562138006, 37.076617523616903 ], [ -113.593117562697998, 37.076589523462403 ], [ -113.592801562329996, 37.076573523778997 ], [ -113.592675562832, 37.076558524610199 ], [ -113.592490561985997, 37.076528523397101 ], [ -113.592164543606003, 37.076487817479801 ], [ -113.591601562231006, 37.076417523822002 ], [ -113.590718562324, 37.0762995247348 ], [ -113.590306561697005, 37.076246524313603 ], [ -113.589813561778001, 37.076173523429503 ], [ -113.589436562209002, 37.076099524101103 ], [ -113.589116561644005, 37.076021524033401 ], [ -113.588718561261004, 37.075900524183297 ], [ -113.588515561769, 37.075835524320297 ], [ -113.588121560686005, 37.075708523864797 ], [ -113.587625562189999, 37.075543524512902 ], [ -113.586823561575997, 37.075364524497203 ], [ -113.586061560245994, 37.075282524400997 ], [ -113.585876561196002, 37.075277524593297 ], [ -113.585441561002995, 37.075265523906701 ], [ -113.585210690381999, 37.075263936381397 ], [ -113.585005560984996, 37.075262524451503 ] ] ] } },
{ "type": "Feature", "properties": { "OBJECTID": 167, "CountyID": 27, "VistaID": "27IVN:03", "PrecinctID": "27IVN", "SubPrecinctID": "03", "VersionNbr": null, "EffectiveDate": 1744156800000, "AliasName": "IVN:03", "Comments": "formerly IVN03", "RcvdDate": 1744156800000, "GlobalID": "9f1cfdbb-e75c-4740-b48d-5513c0a8da95", "Shape__Area": 11301644.559185028, "Shape__Length": 21942.272609372081 }, "geometry": { "type": "Polygon", "coordinates": [ [ [ -113.644752582397004, 37.179396532696401 ], [ -113.642717582969993, 37.179420532559597 ], [ -113.641561583251999, 37.179558533772301 ], [ -113.640312582747995, 37.179476533403601 ], [ -113.639540582270996, 37.179426533239898 ], [ -113.639467581578003, 37.179421533865899 ], [ -113.639349580678996, 37.179423532899797 ], [ -113.639005582519005, 37.179422533024997 ], [ -113.637910581103995, 37.179422533024997 ], [ -113.636453581086002, 37.179423533615598 ], [ -113.635640354225998, 37.179424068265902 ], [ -113.634924580201002, 37.179424533490298 ], [ -113.634822580991994, 37.179427533830399 ], [ -113.633649989389994, 37.179424537784698 ], [ -113.633648580832002, 37.179424533490298 ], [ -113.633652049226995, 37.179040314338202 ], [ -113.633663580001993, 37.177762533620601 ], [ -113.633660128675004, 37.1775329692775 ], [ -113.633634170956, 37.175806819677099 ], [ -113.633633579865005, 37.1757675327977 ], [ -113.633613607621001, 37.1685956286912 ], [ -113.633624105333993, 37.168595774005198 ], [ -113.633724572915, 37.168595721033597 ], [ -113.636318447517993, 37.1685943330342 ], [ -113.637139202260997, 37.167845085955499 ], [ -113.637518656924996, 37.167498681745002 ], [ -113.637911480317001, 37.167140072198698 ], [ -113.638202235329999, 37.166872349477501 ], [ -113.638482484546003, 37.166617949949597 ], [ -113.638506748940003, 37.1665959239172 ], [ -113.638507279844006, 37.166595306137403 ], [ -113.638577413115001, 37.166356811949797 ], [ -113.638578171293005, 37.166354240602899 ], [ -113.638609432665007, 37.166247417242197 ], [ -113.638931215488, 37.1651478261671 ], [ -113.638929462874998, 37.165147369445002 ], [ -113.638930726805, 37.165142996939998 ], [ -113.639061252914004, 37.164692763581698 ], [ -113.639284613618997, 37.163922292882098 ], [ -113.640085686274006, 37.163075605559399 ], [ -113.640132395075995, 37.163026238838803 ], [ -113.640467499015998, 37.162672055887697 ], [ -113.640882670696001, 37.162226119633402 ], [ -113.640924545662998, 37.161459839010298 ], [ -113.640930870700998, 37.161454259284099 ], [ -113.640990428105994, 37.161401712189601 ], [ -113.641073115333, 37.161328756143803 ], [ -113.641102212663, 37.161303085346603 ], [ -113.641129746925003, 37.161303590773201 ], [ -113.641128948322006, 37.161303092505698 ], [ -113.641120395463005, 37.161297746151902 ], [ -113.641044293785001, 37.161252118142997 ], [ -113.642435713192995, 37.161243792916601 ], [ -113.642435703312003, 37.161238414343103 ], [ -113.642433708154002, 37.157592662865902 ], [ -113.642433705458998, 37.157592457391999 ], [ -113.642433705458998, 37.157592248338403 ], [ -113.643000198348005, 37.157593975893903 ], [ -113.643048898714994, 37.157594126240603 ], [ -113.643070249871997, 37.1575941913908 ], [ -113.643112242518995, 37.157594318111698 ], [ -113.643112211976003, 37.157594274439496 ], [ -113.642762443937002, 37.157101560847899 ], [ -113.642658692115006, 37.156733764366898 ], [ -113.642541654210007, 37.156655873814401 ], [ -113.642433199707, 37.156654682480799 ], [ -113.642418276894006, 37.156654523540901 ], [ -113.641983088952998, 37.156616803217503 ], [ -113.641993285729001, 37.156524997401803 ], [ -113.642008902041994, 37.1563845220453 ], [ -113.642204789570997, 37.156431892029403 ], [ -113.642314532257998, 37.156258290243002 ], [ -113.642325084768004, 37.156260949995101 ], [ -113.642341629938997, 37.156264918502501 ], [ -113.642357507661004, 37.156268501828997 ], [ -113.642357779850997, 37.156268561968801 ], [ -113.642359494735004, 37.1562689371262 ], [ -113.642372609239004, 37.156271712145703 ], [ -113.642373159008002, 37.156271825265698 ], [ -113.642373999832003, 37.156271997809498 ], [ -113.642389701484007, 37.156275104313401 ], [ -113.642390283593002, 37.156275216001497 ], [ -113.642392361396006, 37.156275613353401 ], [ -113.642405583699002, 37.156278040421398 ], [ -113.642406129874004, 37.156278137790501 ], [ -113.642406636524001, 37.156278227284098 ], [ -113.642422262718995, 37.1562808920471 ], [ -113.642423049643, 37.156281020202002 ], [ -113.642425484076995, 37.156281418269799 ], [ -113.642438798905999, 37.156283496670298 ], [ -113.642439343285005, 37.156283579004501 ], [ -113.642439512169005, 37.1562836040627 ], [ -113.642455565063003, 37.156285903691497 ], [ -113.642456026797007, 37.156285966695002 ], [ -113.642458828642006, 37.1562863482959 ], [ -113.642472221624999, 37.1562880730174 ], [ -113.642472587238998, 37.156288120270098 ], [ -113.642485640657995, 37.156289656696899 ], [ -113.642494727118006, 37.156290643990801 ], [ -113.642505815920998, 37.156291768030897 ], [ -113.642506351316996, 37.156291819579202 ], [ -113.642519287956006, 37.156292995167703 ], [ -113.642519826047007, 37.156293040988402 ], [ -113.642521954155001, 37.156293219259702 ], [ -113.642522502128003, 37.1562932657964 ], [ -113.642539201809001, 37.156294550209097 ], [ -113.642539544965004, 37.156294573835403 ], [ -113.642540071377994, 37.156294609632901 ], [ -113.642541607496995, 37.156294713445497 ], [ -113.642553061016997, 37.156295445861403 ], [ -113.642553590125004, 37.156295476647202 ], [ -113.642555305906995, 37.156295576164098 ], [ -113.642555928440004, 37.156295611961603 ], [ -113.642572080148, 37.156296431007299 ], [ -113.642572670340996, 37.156296456065498 ], [ -113.642573365638, 37.156296488283203 ], [ -113.642573891151997, 37.156296510477603 ], [ -113.642574976316993, 37.1562965570144 ], [ -113.642586913130003, 37.156297005198397 ], [ -113.642587436848004, 37.156297022381203 ], [ -113.642588669337002, 37.156297059610601 ], [ -113.642589431107993, 37.1562970832369 ], [ -113.642605770564998, 37.156297485600298 ], [ -113.642606199061007, 37.156297492759798 ], [ -113.642607252784998, 37.156297512806297 ], [ -113.642620811955993, 37.156297669599198 ], [ -113.642621328486996, 37.156297672462998 ], [ -113.642622359753005, 37.156297678190597 ], [ -113.642622974201004, 37.156297681054397 ], [ -113.642639471761001, 37.156297652416399 ], [ -113.642639752934002, 37.156297650984499 ], [ -113.642641158797005, 37.156297640961199 ], [ -113.642648450422001, 37.156297552183503 ], [ -113.642654720663003, 37.1562974419274 ], [ -113.642655211142994, 37.1562974319041 ], [ -113.642656526276994, 37.156297402550202 ], [ -113.642673295128006, 37.156296935751399 ], [ -113.642690641596005, 37.1562962226661 ], [ -113.642706788813001, 37.1562953449126 ], [ -113.642707082561998, 37.156295326297901 ], [ -113.642708896260999, 37.156295218189598 ], [ -113.642722406922999, 37.1562943053545 ], [ -113.642722441058993, 37.1562943032067 ], [ -113.642722722231994, 37.156294282444101 ], [ -113.642723507358994, 37.156294223736303 ], [ -113.642723640309995, 37.156294214429003 ], [ -113.642740199854003, 37.156292883479601 ], [ -113.642740729859995, 37.156292837658903 ], [ -113.642742651356002, 37.156292669410803 ], [ -113.642742686389994, 37.156292666547003 ], [ -113.642756119796999, 37.156291400748998 ], [ -113.642756157525994, 37.156291397169198 ], [ -113.642756343477998, 37.156291378554599 ], [ -113.642756866297006, 37.156291325574301 ], [ -113.642757078299994, 37.156291304811802 ], [ -113.642773496808005, 37.156289548588603 ], [ -113.642773992678002, 37.156289492744499 ], [ -113.642776287874, 37.156289231423102 ], [ -113.642776321111, 37.156289227127502 ], [ -113.642789697924002, 37.156287610514298 ], [ -113.642789732959002, 37.156287605502598 ], [ -113.642789827282002, 37.156287594047399 ], [ -113.642790105759005, 37.1562875589659 ], [ -113.642806636556998, 37.156285346682999 ], [ -113.642807277055994, 37.156285257189403 ], [ -113.642809761796002, 37.156284907806203 ], [ -113.642809798626999, 37.156284902794503 ], [ -113.642823099981001, 37.1562829346502 ], [ -113.642823137711005, 37.1562829289226 ], [ -113.642823188015996, 37.1562829210472 ], [ -113.642823361390995, 37.156282897420802 ], [ -113.642826950160995, 37.1562824205987 ], [ -113.642826985195001, 37.1562824177349 ], [ -113.642827675101003, 37.156282342560203 ], [ -113.642827928426001, 37.156282315354197 ], [ -113.642832242135995, 37.156281945924398 ], [ -113.642832786515001, 37.156281909411 ], [ -113.642836682509, 37.1562817468905 ], [ -113.642836798391002, 37.1562817440267 ], [ -113.642836833424994, 37.156281743310799 ], [ -113.642840581197007, 37.1562817282758 ], [ -113.642841238764007, 37.156281740447 ], [ -113.642841428308003, 37.1562817447426 ], [ -113.642845776154005, 37.156281924445899 ], [ -113.642846016004, 37.156281938764899 ], [ -113.642846424737996, 37.156281962391198 ], [ -113.642850228205006, 37.156282289579998 ], [ -113.642850301867, 37.156282298171398 ], [ -113.642850588428999, 37.156282329673203 ], [ -113.642854157436005, 37.156282774277599 ], [ -113.642854902139007, 37.156282884533802 ], [ -113.642855124920999, 37.1562829188994 ], [ -113.642859430545997, 37.156283660622698 ], [ -113.642859617395999, 37.156283697136097 ], [ -113.642859877907, 37.156283747252601 ], [ -113.642863640949997, 37.156284569878203 ], [ -113.642864045191999, 37.156284670826999 ], [ -113.642864095497998, 37.156284686577898 ], [ -113.642867352788997, 37.156285532829799 ], [ -113.642867397705004, 37.156285548580698 ], [ -113.642869795308002, 37.156286248778997 ], [ -113.642869845614001, 37.156286264529903 ], [ -113.642872558525994, 37.156287135124103 ], [ -113.642872608831993, 37.156287152306803 ], [ -113.642872684289998, 37.156287176649101 ], [ -113.642872733697999, 37.156287193831901 ], [ -113.642872810054001, 37.1562872188901 ], [ -113.642872859462003, 37.156287235356899 ], [ -113.642876361993004, 37.156288506882603 ], [ -113.642876410501998, 37.156288526213203 ], [ -113.642876863252994, 37.156288704484602 ], [ -113.64287691266, 37.156288723099301 ], [ -113.642880785296995, 37.156290341860199 ], [ -113.642880833806004, 37.156290363338698 ], [ -113.642880934418002, 37.156290409159503 ], [ -113.642880982028004, 37.156290429206003 ], [ -113.642881544374006, 37.156290679072299 ], [ -113.642881591085995, 37.156290699834798 ], [ -113.642884893293001, 37.156292279934497 ], [ -113.642884939107006, 37.156292302844903 ], [ -113.642889620228004, 37.156294573119403 ], [ -113.642889660652003, 37.156294591734103 ], [ -113.642890531120003, 37.1562949940975 ], [ -113.642890579628997, 37.156295015575999 ], [ -113.642890692817005, 37.156295069272197 ], [ -113.642890740427006, 37.156295090750604 ], [ -113.642896175234995, 37.156297487032198 ], [ -113.642902720359999, 37.156300114565198 ], [ -113.642908012334999, 37.156302031876599 ], [ -113.642908554019002, 37.156302222319098 ], [ -113.642908604325001, 37.156302239501898 ], [ -113.642908841479993, 37.156302322552001 ], [ -113.642908890887995, 37.156302339018801 ], [ -113.642909326571001, 37.156302490084002 ], [ -113.642909397538006, 37.156302514426301 ], [ -113.642909454131001, 37.1563025344729 ], [ -113.642914440680002, 37.156304147505999 ], [ -113.642914490985007, 37.156304162540899 ], [ -113.642914539494001, 37.156304177575798 ], [ -113.6429145898, 37.156304192610797 ], [ -113.642915110822997, 37.156304352983398 ], [ -113.642915161128002, 37.156304368018297 ], [ -113.642921190620996, 37.156306103478599 ], [ -113.642921240926, 37.156306117081598 ], [ -113.642921478081007, 37.156306180801103 ], [ -113.642921528387006, 37.156306194404102 ], [ -113.642922234463001, 37.156306385562502 ], [ -113.642922284769, 37.156306399881501 ], [ -113.642922352141994, 37.156306418496101 ], [ -113.642922402447994, 37.1563064313832 ], [ -113.642927501285001, 37.156307710783999 ], [ -113.642927550693003, 37.156307722239198 ], [ -113.642927638727997, 37.156307741569798 ], [ -113.642927688135003, 37.156307754456897 ], [ -113.642927932476994, 37.156307813164801 ], [ -113.642927982781998, 37.156307824619901 ], [ -113.642934251225995, 37.156309182775097 ], [ -113.642934461432006, 37.156309225016102 ], [ -113.642935490002998, 37.156309431209401 ], [ -113.642935655293002, 37.1563094648589 ], [ -113.642940763113998, 37.156310395592598 ], [ -113.642940872707996, 37.156310413491298 ], [ -113.642941054168006, 37.156310444993103 ], [ -113.642946293142998, 37.1563112532994 ], [ -113.642946489874006, 37.156311280505498 ], [ -113.642947519342997, 37.1563114215474 ], [ -113.642947702599997, 37.156311447321599 ], [ -113.642954100400999, 37.156312213386897 ], [ -113.642954393251998, 37.156312244172703 ], [ -113.642954472303998, 37.156312252764103 ], [ -113.642954698679006, 37.156312277106402 ], [ -113.642959956517998, 37.156312744620998 ], [ -113.642960200860003, 37.156312761087797 ], [ -113.642961120734995, 37.156312826239201 ], [ -113.642967602978004, 37.156313186361501 ], [ -113.642967867981, 37.156313197816701 ], [ -113.642968215628997, 37.1563132114197 ], [ -113.642968484224994, 37.156313223590899 ], [ -113.642973731284997, 37.156313348881902 ], [ -113.642974016050999, 37.156313351745702 ], [ -113.642974428377997, 37.156313353893502 ], [ -113.642974630498998, 37.156313356041402 ], [ -113.642979140041007, 37.156313341722402 ], [ -113.642984764393006, 37.156313192089101 ], [ -113.642990271065997, 37.156312902129798 ], [ -113.642990603442996, 37.156312881367199 ], [ -113.642996113709003, 37.156312439626802 ], [ -113.643001232309004, 37.156311899085303 ], [ -113.643001601517, 37.156311856128397 ], [ -113.643006680591, 37.156311184568303 ], [ -113.643007058782004, 37.156311127292398 ], [ -113.643008230185004, 37.156310949737097 ], [ -113.643008268813006, 37.156310944009498 ], [ -113.643008418831002, 37.156310921099099 ], [ -113.643009389910006, 37.156310774329597 ], [ -113.643009781575998, 37.1563107141899 ], [ -113.643014789682994, 37.156309852903298 ], [ -113.643022807147005, 37.1563082076526 ], [ -113.643027942816005, 37.1563069798001 ], [ -113.643032441578995, 37.156305784881297 ], [ -113.643033206045004, 37.156305569380699 ], [ -113.643033325521003, 37.156305535731001 ], [ -113.643033769289005, 37.156305409723998 ], [ -113.643034347804004, 37.156305245771698 ], [ -113.643034679281996, 37.156305150550502 ], [ -113.643040667451999, 37.156303311993497 ], [ -113.643047656345004, 37.156300901393202 ], [ -113.643048648982997, 37.156300533395402 ], [ -113.643058989490001, 37.156296338649902 ], [ -113.643063299606993, 37.156294371221797 ], [ -113.643063790984996, 37.156294135674599 ], [ -113.643064732420001, 37.156293682478797 ], [ -113.643064846505993, 37.156293627350699 ], [ -113.643065662175999, 37.156293234294701 ], [ -113.643066160741, 37.156292993019797 ], [ -113.643070327127006, 37.156290873810399 ], [ -113.643077641209999, 37.156286812946902 ], [ -113.643081553374003, 37.156284452462501 ], [ -113.643087051961004, 37.156280877728101 ], [ -113.643091910948996, 37.156277460502501 ], [ -113.643092087018999, 37.1562773323475 ], [ -113.643092592770003, 37.156276962201801 ], [ -113.643096097097995, 37.1562742967227 ], [ -113.643105572528, 37.1562662723627 ], [ -113.643111332524995, 37.156260692969198 ], [ -113.643114209828994, 37.156257665219201 ], [ -113.643117415915995, 37.156254072584801 ], [ -113.643119415566005, 37.156251704223898 ], [ -113.643121955102998, 37.156248531851602 ], [ -113.643124791982999, 37.156244744478599 ], [ -113.643126567951995, 37.156242225051997 ], [ -113.643128737384004, 37.1562389646176 ], [ -113.643131208648995, 37.156234971050502 ], [ -113.643133122959, 37.156231628997503 ], [ -113.643134929471003, 37.1562282447033 ], [ -113.643137477991999, 37.156222969585599 ], [ -113.643138940449006, 37.156219615360797 ], [ -113.643139089569004, 37.156219247362699 ], [ -113.643139153350006, 37.1562190920015 ], [ -113.643139186587007, 37.156219008951403 ], [ -113.643139367149004, 37.156218565778403 ], [ -113.643139660898001, 37.1562178398054 ], [ -113.643139849543999, 37.156217370858201 ], [ -113.643139933086999, 37.156217165380603 ], [ -113.643140996691997, 37.156214344538299 ], [ -113.643141183541999, 37.156213834782001 ], [ -113.643141268882005, 37.156213600666398 ], [ -113.643142450167005, 37.156210083920598 ], [ -113.643143342193994, 37.1562071649929 ], [ -113.643144310577995, 37.156203627484302 ], [ -113.643144387833004, 37.156203318193903 ], [ -113.643144510902005, 37.156202833495797 ], [ -113.643145330164998, 37.156199286679602 ], [ -113.643145931137994, 37.156196288281002 ], [ -113.643146534805993, 37.156192732873102 ], [ -113.643146551873997, 37.1561926283444 ], [ -113.643146662367002, 37.156191893779699 ], [ -113.643147116015996, 37.156188341235399 ], [ -113.643147417850003, 37.156185276968898 ], [ -113.643147655004995, 37.156181836112602 ], [ -113.643147660395002, 37.156181731583899 ], [ -113.643147702616005, 37.156180853113 ], [ -113.643147799633994, 37.156177314887302 ], [ -113.643147806821005, 37.156176422813303 ], [ -113.643147806821005, 37.156176215903699 ], [ -113.643147759209995, 37.156172898190398 ], [ -113.643147597513007, 37.156169313427398 ], [ -113.643147385511, 37.156166446046498 ], [ -113.643147340594993, 37.1561659699396 ], [ -113.643147304661994, 37.156165601941098 ], [ -113.643147281306, 37.156165364245602 ], [ -113.643147176203001, 37.156164302491298 ], [ -113.64314676747, 37.156160946832102 ], [ -113.643146662367002, 37.156160212983004 ], [ -113.643146633621001, 37.156160015380699 ], [ -113.643146069479002, 37.156156550896803 ], [ -113.643145500844994, 37.156153621227801 ], [ -113.643144694157996, 37.156149997086601 ], [ -113.643144574681997, 37.156149512388197 ], [ -113.643144543240993, 37.156149384233103 ], [ -113.643144529767, 37.156149331968599 ], [ -113.643144521682004, 37.156149299035 ], [ -113.643143134683001, 37.156144222945997 ], [ -113.643143091563999, 37.156144079039898 ], [ -113.643142919986005, 37.156143507711398 ], [ -113.643142788831, 37.156143081004899 ], [ -113.643141524902006, 37.156139218451798 ], [ -113.643141440459999, 37.156138980040197 ], [ -113.643141418900996, 37.1561389177525 ], [ -113.643141396442999, 37.156138854748903 ], [ -113.643141380272994, 37.156138810359899 ], [ -113.643139483031007, 37.156133795842003 ], [ -113.643139379725, 37.156133542395601 ], [ -113.643139102145994, 37.156132860810601 ], [ -113.643139054534998, 37.1561327433946 ], [ -113.643137281259996, 37.156128678226899 ], [ -113.643727841813003, 37.156210636634 ], [ -113.643728052916998, 37.156210514206499 ], [ -113.643727851695004, 37.156212066385798 ], [ -113.643953371052007, 37.1560820325954 ], [ -113.644144018708005, 37.156281658828703 ], [ -113.644186846786994, 37.156411418067798 ], [ -113.644239711224003, 37.156556544933899 ], [ -113.644297440179002, 37.156700489387198 ], [ -113.644357985453993, 37.156838755787199 ], [ -113.644423021926997, 37.156975720293701 ], [ -113.644492505604006, 37.157111290268404 ], [ -113.644566389486002, 37.157245374016703 ], [ -113.644620783148, 37.157338432735003 ], [ -113.644677294592995, 37.1574306862885 ], [ -113.644729421134002, 37.157512190811502 ], [ -113.644738372846007, 37.1575258645017 ], [ -113.644738389913996, 37.157525890275402 ], [ -113.644754970118996, 37.157550975286803 ], [ -113.644761245750004, 37.1575603741096 ], [ -113.644762629154997, 37.157562446031498 ], [ -113.644763336129003, 37.157563504902498 ], [ -113.644764497650996, 37.157565241049802 ], [ -113.644785683519004, 37.1575966441902 ], [ -113.644788665925006, 37.157601032166497 ], [ -113.644792140608999, 37.157600958425 ], [ -113.644852536141997, 37.157601191104398 ], [ -113.644899135348993, 37.157601294915303 ], [ -113.647360487786997, 37.157608897446799 ], [ -113.647367552137993, 37.157608995530097 ], [ -113.647367549443004, 37.1576089189249 ], [ -113.648722076838993, 37.157612961103098 ], [ -113.649665745367003, 37.157615768290398 ], [ -113.650293898618003, 37.157617828039903 ], [ -113.651947968347002, 37.157621510817499 ], [ -113.654275439467995, 37.157611242139303 ], [ -113.656512125049005, 37.157601336439598 ], [ -113.656517268803, 37.157601539765601 ], [ -113.656517319108005, 37.157601541197501 ], [ -113.656561725527993, 37.157603291662703 ], [ -113.656563597616994, 37.1576033646882 ], [ -113.656650217668002, 37.157606781854 ], [ -113.656650192515002, 37.157605351412599 ], [ -113.659848910883994, 37.157593247070302 ], [ -113.660710228154997, 37.157587569691302 ], [ -113.660712109227006, 37.157587557520401 ], [ -113.660710476090003, 37.157590087641204 ], [ -113.660592071847006, 37.157773610662197 ], [ -113.660479655773997, 37.157947850445403 ], [ -113.660378769578003, 37.1581042187359 ], [ -113.660323065046995, 37.158190557931803 ], [ -113.659812163501002, 37.159232199050102 ], [ -113.659498125951998, 37.159573930407603 ], [ -113.660201904773004, 37.159907379949303 ], [ -113.660209595249995, 37.159935519694102 ], [ -113.660242059466, 37.159967700048703 ], [ -113.660313268918998, 37.160003981145003 ], [ -113.660387628763004, 37.160015758644597 ], [ -113.660779686791003, 37.160017121744502 ], [ -113.660782502111005, 37.159973347180497 ], [ -113.661058714297994, 37.160033480373798 ], [ -113.661430525197005, 37.160080674820598 ], [ -113.661636982304003, 37.160187980114998 ], [ -113.661811785474995, 37.160278831468098 ], [ -113.661985055222004, 37.160482008985099 ], [ -113.662168808307996, 37.160588205483599 ], [ -113.662391329987003, 37.160664934361797 ], [ -113.662654060259001, 37.160572673848698 ], [ -113.662838404436002, 37.160713916750602 ], [ -113.662975510704996, 37.160896425624998 ], [ -113.663079351459999, 37.161097703621699 ], [ -113.663202166431006, 37.161367374003703 ], [ -113.663344915915999, 37.161303605807099 ], [ -113.663391818753993, 37.161283525479099 ], [ -113.663451100375994, 37.161256170149002 ], [ -113.663473292356997, 37.161226728669497 ], [ -113.665607728099005, 37.161181993348499 ], [ -113.667610747501996, 37.1611243509807 ], [ -113.670097533041996, 37.161091297715998 ], [ -113.673753968200998, 37.161007524771001 ], [ -113.674764417486998, 37.160985836442499 ], [ -113.675907863248995, 37.1609612021592 ], [ -113.679441973018996, 37.160884987601897 ], [ -113.679444847628005, 37.160884926034001 ], [ -113.679455845701995, 37.160884890238698 ], [ -113.679457169819003, 37.160937978916898 ], [ -113.679457256955999, 37.160942148348099 ], [ -113.679536128139006, 37.164923209512999 ], [ -113.679612449006001, 37.168301335027202 ], [ -113.677297657604996, 37.1683562939835 ], [ -113.675031350975004, 37.168386434203804 ], [ -113.674651367204007, 37.168393049230701 ], [ -113.670074187625005, 37.168404703731298 ], [ -113.666101237364003, 37.1684475299433 ], [ -113.664481547058998, 37.168524346049097 ], [ -113.662231472087996, 37.168539873902503 ], [ -113.658241801483996, 37.1685772647199 ], [ -113.654643781074, 37.168605606680899 ], [ -113.65363799584, 37.1686495466137 ], [ -113.653609376413996, 37.168880936828899 ], [ -113.653566233923996, 37.169057514673902 ], [ -113.653269599436996, 37.169435536161799 ], [ -113.654057917811997, 37.170111171372803 ], [ -113.654380674408003, 37.1703877880825 ], [ -113.654785077084995, 37.170734372319203 ], [ -113.655205501213999, 37.171094686329802 ], [ -113.655253260145997, 37.171149152209999 ], [ -113.655598381199994, 37.171542747019501 ], [ -113.655889786592994, 37.171875077215198 ], [ -113.656173740461, 37.172189235405398 ], [ -113.656573392846994, 37.172609298463797 ], [ -113.656936193644, 37.172986723108899 ], [ -113.657170626085005, 37.173309030218 ], [ -113.657545462510001, 37.173797628343799 ], [ -113.657719249687005, 37.174086386945 ], [ -113.658164241841007, 37.174873989124599 ], [ -113.660802814815995, 37.174840055745499 ], [ -113.660814419253001, 37.175790523154497 ], [ -113.660808585593003, 37.175790531743601 ], [ -113.660815586164006, 37.1766175314525 ], [ -113.660816019151994, 37.176621166780102 ], [ -113.660877585189994, 37.177138531739502 ], [ -113.660816980350006, 37.177139442891402 ], [ -113.660744585120995, 37.177140531549703 ], [ -113.660752586415001, 37.178806532468201 ], [ -113.660759586088005, 37.180251531351601 ], [ -113.660820938327007, 37.192362858715697 ], [ -113.660828587482001, 37.193872534051003 ], [ -113.660819887298004, 37.193872529041897 ], [ -113.659102586952997, 37.193871532936299 ], [ -113.656304228840995, 37.193870537546303 ], [ -113.656296585974999, 37.193870533968301 ], [ -113.656296585974999, 37.190247533722001 ], [ -113.656295585251996, 37.1873115320805 ], [ -113.656295586149994, 37.186628532660599 ], [ -113.655704585422995, 37.186629533155603 ], [ -113.655347585946004, 37.186630532935098 ], [ -113.654738431165001, 37.186631733099802 ], [ -113.651796300388, 37.186637488450998 ], [ -113.651773584688996, 37.186637533537599 ], [ -113.651789582785995, 37.179411631024699 ], [ -113.651789583684007, 37.179411532253901 ], [ -113.651769518913994, 37.1794115494314 ], [ -113.649456583432993, 37.1794135320038 ], [ -113.647241583181994, 37.1794145325945 ], [ -113.645179423192005, 37.179393334813497 ], [ -113.645101582376, 37.179392533911297 ], [ -113.644872486826003, 37.179395159210003 ], [ -113.644872213737997, 37.179395162788701 ], [ -113.644752582397004, 37.179396532696401 ] ] ] } },
{ "type": "Feature", "properties": { "OBJECTID": 171, "CountyID": 27, "VistaID": "27STG:47", "PrecinctID": "27STG", "SubPrecinctID": "47", "VersionNbr": null, "EffectiveDate": 1744156800000, "AliasName": "STG:47", "Comments": "formerly STG47", "RcvdDate": 1744156800000, "GlobalID": "e48f3cf0-321d-4025-93f5-81e614b983a5", "Shape__Area": 1173121.77734375, "Shape__Length": 5073.449360262437 }, "geometry": { "type": "Polygon", "coordinates": [ [ [ -113.605387925149998, 37.116652332691203 ], [ -113.605357765112998, 37.1139100968512 ], [ -113.606138448704996, 37.113903606001202 ], [ -113.605802055682005, 37.113611242813398 ], [ -113.605461495374996, 37.1134869088879 ], [ -113.605368011297003, 37.113432955931103 ], [ -113.605069546044007, 37.113260703215602 ], [ -113.604719582171995, 37.113058721960499 ], [ -113.604565409708997, 37.112428331184603 ], [ -113.604346568427999, 37.112172807914199 ], [ -113.604346608851998, 37.112069603759799 ], [ -113.604216654072005, 37.111874911253103 ], [ -113.604111833255004, 37.111615946097203 ], [ -113.604038967308995, 37.111273983736403 ], [ -113.603977482119006, 37.111298491644199 ], [ -113.603918046884999, 37.111012647464499 ], [ -113.603833698673, 37.110741153452402 ], [ -113.603727150395002, 37.1104378224084 ], [ -113.603679189342003, 37.110301281814401 ], [ -113.603681309365996, 37.110043367231299 ], [ -113.603608742559004, 37.109887311510903 ], [ -113.603633764232995, 37.109664859001199 ], [ -113.603526838663001, 37.109460299888397 ], [ -113.603579403582003, 37.109010321768302 ], [ -113.603759879614003, 37.108794200363299 ], [ -113.603855285188999, 37.108256226046898 ], [ -113.604438161553006, 37.107814866324603 ], [ -113.604738456673999, 37.107543978394503 ], [ -113.604796529164005, 37.107430391427499 ], [ -113.604907411813002, 37.107365640690702 ], [ -113.605027028780995, 37.107348415990998 ], [ -113.605092396488999, 37.1073005947365 ], [ -113.605180088230995, 37.107008858710302 ], [ -113.605304192283995, 37.106978519222501 ], [ -113.605468330655995, 37.106948325871301 ], [ -113.605897768481, 37.106953362992897 ], [ -113.606224176729, 37.106849327845701 ], [ -113.606980649826994, 37.106502056063 ], [ -113.607419685251998, 37.106530978662903 ], [ -113.606976037875995, 37.105632707234797 ], [ -113.607877101106993, 37.103820631401703 ], [ -113.608397096299001, 37.1041673115175 ], [ -113.608434459926002, 37.104289691963402 ], [ -113.608907053715996, 37.1042863941842 ], [ -113.609448506964995, 37.104282554775303 ], [ -113.609428401770998, 37.104348026737902 ], [ -113.609420864007006, 37.104391296162198 ], [ -113.609418199603994, 37.104437795989199 ], [ -113.609419261412995, 37.104480356087301 ], [ -113.609421542234998, 37.104571853231697 ], [ -113.609425872114997, 37.104625345384001 ], [ -113.609826686022004, 37.104616494507297 ], [ -113.609829375578002, 37.104871117638197 ], [ -113.609836418369994, 37.105563988092598 ], [ -113.609845900086995, 37.106511424691199 ], [ -113.610272270166007, 37.106508835548297 ], [ -113.610735442424001, 37.106506022165902 ], [ -113.611401163219995, 37.106503329858299 ], [ -113.611455487938997, 37.106506468495702 ], [ -113.611481666643002, 37.106508539666798 ], [ -113.611547769173001, 37.106516321423399 ], [ -113.611617196368002, 37.106528537819699 ], [ -113.611692475189002, 37.106546702648799 ], [ -113.611771993158996, 37.106571311668802 ], [ -113.611966146041993, 37.106632870004901 ], [ -113.612065526661993, 37.1066643788268 ], [ -113.611978687421001, 37.106821530859001 ], [ -113.611928981839995, 37.1069310795842 ], [ -113.611878029397005, 37.107069332038499 ], [ -113.611851008971996, 37.107161486589398 ], [ -113.611827493773006, 37.107262672849103 ], [ -113.611810209287995, 37.107364186373999 ], [ -113.611814416997007, 37.107858489106597 ], [ -113.611805380844004, 37.108562149886801 ], [ -113.611799584015003, 37.109160807890802 ], [ -113.611760123720003, 37.110175183011201 ], [ -113.611770084238998, 37.110175165817999 ], [ -113.611722376510997, 37.111873028634001 ], [ -113.611720977833997, 37.112181292560898 ], [ -113.611719094066999, 37.112593392079603 ], [ -113.611694983285005, 37.113000399626003 ], [ -113.611643390343005, 37.113284282799299 ], [ -113.611623434269006, 37.113345860034997 ], [ -113.611610256882003, 37.113386525382303 ], [ -113.611514962699005, 37.113709658918097 ], [ -113.611468712038004, 37.1138823375573 ], [ -113.611452115662999, 37.113944299703 ], [ -113.611253793700001, 37.114681362174501 ], [ -113.611038675935006, 37.115415979780003 ], [ -113.610964158886006, 37.115591039921298 ], [ -113.610883889025004, 37.115744975003601 ], [ -113.610809963964996, 37.115859175573597 ], [ -113.610508393236003, 37.116279914763901 ], [ -113.610290542797003, 37.116583286875297 ], [ -113.610263373251001, 37.116620881749299 ], [ -113.610084061435003, 37.116619785056301 ], [ -113.608977795146004, 37.116627507751701 ], [ -113.608003865070998, 37.116634286330601 ], [ -113.607730929938995, 37.1166361838741 ], [ -113.606845319528006, 37.116626820796398 ], [ -113.606208443636007, 37.116646869285397 ], [ -113.605387926947003, 37.116652407905299 ], [ -113.605387925149998, 37.116652332691203 ] ] ] } },
{ "type": "Feature", "properties": { "OBJECTID": 174, "CountyID": 27, "VistaID": "27STG:34", "PrecinctID": "27STG", "SubPrecinctID": "34", "VersionNbr": null, "EffectiveDate": 1744156800000, "AliasName": "STG:34", "Comments": "formerly STG34", "RcvdDate": 1744156800000, "GlobalID": "33cebad5-2aa2-4373-afd8-9034c600605e", "Shape__Area": 10262951.293060303, "Shape__Length": 16528.67268878817 }, "geometry": { "type": "Polygon", "coordinates": [ [ [ -113.605525941411997, 37.066572512861399 ], [ -113.587737819260994, 37.066693870224299 ], [ -113.587738787644994, 37.066692671740199 ], [ -113.587737786022998, 37.066692678191401 ], [ -113.587982995553006, 37.066389329215298 ], [ -113.588528996972997, 37.065593111229802 ], [ -113.588631943904005, 37.065587978890697 ], [ -113.588964727496005, 37.0645505733604 ], [ -113.589301893070001, 37.063675283195202 ], [ -113.589751874466998, 37.063134929095 ], [ -113.589886705303002, 37.062973015587197 ], [ -113.590001545031001, 37.062834969414901 ], [ -113.591516753183996, 37.061607432143603 ], [ -113.591727567120003, 37.061424930414702 ], [ -113.591884417459994, 37.061289027667598 ], [ -113.593029547563006, 37.060297199919802 ], [ -113.593443184021993, 37.060044652876797 ], [ -113.593588145159998, 37.059956049703402 ], [ -113.594454586420994, 37.059653670227497 ], [ -113.594713396444007, 37.059563384834497 ], [ -113.595768657289995, 37.058638563599096 ], [ -113.595822485240006, 37.058591424895297 ], [ -113.595910612663999, 37.058574085162803 ], [ -113.596746972939997, 37.058409236354301 ], [ -113.596872622993999, 37.058361245143203 ], [ -113.597437923819001, 37.058145013696098 ], [ -113.597768909882006, 37.0580183549597 ], [ -113.599906856239997, 37.056903681432203 ], [ -113.599912748289995, 37.056898415163801 ], [ -113.600300523151006, 37.0565516084379 ], [ -113.600662547804006, 37.056227894205001 ], [ -113.600816908013996, 37.055746613422897 ], [ -113.601004870606005, 37.055160874352197 ], [ -113.601384926243, 37.055194122996397 ], [ -113.601395486837006, 37.055163788573701 ], [ -113.601396864853001, 37.055159695042299 ], [ -113.601450782634004, 37.055004950791698 ], [ -113.60145275264, 37.0549995245213 ], [ -113.601474035490995, 37.054947154594799 ], [ -113.601499297385999, 37.054895923185398 ], [ -113.601528443481001, 37.054846022642003 ], [ -113.601561364348001, 37.054797640317197 ], [ -113.601564935151004, 37.054792768202702 ], [ -113.601572607662007, 37.0547821486267 ], [ -113.601577525937998, 37.054774979533804 ], [ -113.601578127809006, 37.054774081963302 ], [ -113.601579497740005, 37.054772038771702 ], [ -113.601582179210993, 37.054767932314803 ], [ -113.601582984101995, 37.0547666626683 ], [ -113.601583742279999, 37.054765467580303 ], [ -113.601584254318993, 37.0547646589065 ], [ -113.601587499033997, 37.0547594498425 ], [ -113.601590662901003, 37.054754207800201 ], [ -113.601599669410007, 37.054738303877798 ], [ -113.601621405193995, 37.054691232068699 ], [ -113.601636799613999, 37.054642593397602 ], [ -113.601645680985996, 37.0545929302967 ], [ -113.601647950263001, 37.054542796623799 ], [ -113.601647255865004, 37.0545264159108 ], [ -113.601646927979999, 37.054521836995796 ], [ -113.601646651299006, 37.0545185062239 ], [ -113.601645869764994, 37.054510348484698 ], [ -113.601644353409, 37.054498135890803 ], [ -113.601725476669003, 37.054473357259397 ], [ -113.601726661545996, 37.054475833474001 ], [ -113.601729818226005, 37.054482249120603 ], [ -113.601730607844999, 37.054483808404399 ], [ -113.601732726970994, 37.054487952156101 ], [ -113.601739555964002, 37.054500802803197 ], [ -113.601741940093007, 37.0545051229142 ], [ -113.601742782713004, 37.054506634881399 ], [ -113.601746449635996, 37.054513044789999 ], [ -113.601747973178007, 37.0545156529151 ], [ -113.601749771605, 37.054518697639303 ], [ -113.601761204463998, 37.054537160265198 ], [ -113.601765006134002, 37.0545429521936 ], [ -113.601769076400998, 37.054549029452197 ], [ -113.601772789137996, 37.054554427078401 ], [ -113.601781547711994, 37.054566717089699 ], [ -113.601785507485999, 37.0545720337036 ], [ -113.601790068232006, 37.054578064360797 ], [ -113.601794199584006, 37.054583366635597 ], [ -113.601808248336994, 37.054600624835402 ], [ -113.601812796507005, 37.054605989480002 ], [ -113.601817791139993, 37.0546116853371 ], [ -113.601821090651995, 37.054615403236703 ], [ -113.601822253970994, 37.054616703712902 ], [ -113.601832619630997, 37.054627931969399 ], [ -113.601837488499996, 37.054633055730001 ], [ -113.601842867612007, 37.054638555151499 ], [ -113.601847529867996, 37.054643257368099 ], [ -113.601864193615995, 37.054659273865397 ], [ -113.601872255098002, 37.0546666480056 ], [ -113.601880457614996, 37.054673921060697 ], [ -113.601892377360002, 37.0546841090719 ], [ -113.601895193578997, 37.054686449783702 ], [ -113.601897911880997, 37.054688690844799 ], [ -113.601904088696998, 37.054693712800102 ], [ -113.601905331067002, 37.054694708588201 ], [ -113.601921850186002, 37.054707939879599 ], [ -113.601938987346998, 37.054721662251801 ], [ -113.602093322404002, 37.054845265291199 ], [ -113.602255164683001, 37.0549748865675 ], [ -113.602309040194996, 37.0550201803946 ], [ -113.602360103178995, 37.055067503782404 ], [ -113.602590775273001, 37.055037551420497 ], [ -113.603488509347002, 37.054726093471302 ], [ -113.603817178655007, 37.055205874508196 ], [ -113.605577123822997, 37.0546905340207 ], [ -113.605803673547996, 37.054610705319902 ], [ -113.605829530655001, 37.0546459049188 ], [ -113.606168198212004, 37.054517963521697 ], [ -113.606355540967002, 37.054517534808497 ], [ -113.606696220749996, 37.054380013086401 ], [ -113.606701095906999, 37.0542956782555 ], [ -113.607019601676001, 37.054183442441399 ], [ -113.607278351511994, 37.054206136379598 ], [ -113.607326220936997, 37.054212178536403 ], [ -113.607360383867004, 37.0542188078458 ], [ -113.607398234426, 37.054226075142402 ], [ -113.607436652198999, 37.054231101138797 ], [ -113.607475429101996, 37.054233858612797 ], [ -113.607514355107, 37.054234332629299 ], [ -113.607564143738998, 37.054231586411802 ], [ -113.607613387941001, 37.054225114812198 ], [ -113.607661651038995, 37.054214975216503 ], [ -113.607708505058, 37.054201257536398 ], [ -113.607753534519006, 37.054184083411698 ], [ -113.607796340123002, 37.054163605132203 ], [ -113.607836542290002, 37.054140004286801 ], [ -113.607873784527001, 37.054113490153597 ], [ -113.607874511264001, 37.054112920922599 ], [ -113.607875054743999, 37.054113366844099 ], [ -113.607898760287, 37.0541010768926 ], [ -113.607921260973995, 37.054087420357099 ], [ -113.607942433366006, 37.054072472156399 ], [ -113.607962161312003, 37.0540563142957 ], [ -113.607980336585001, 37.054039035416302 ], [ -113.607996859474, 37.054020730309198 ], [ -113.608011639335004, 37.054001499395497 ], [ -113.608024595085993, 37.0539814481753 ], [ -113.608035655652998, 37.053960686648999 ], [ -113.608044760355, 37.053939328713703 ], [ -113.608051859246004, 37.053917491538499 ], [ -113.608056913381006, 37.053895294921702 ], [ -113.608059895032, 37.053872860633703 ], [ -113.608060787842007, 37.053850311748697 ], [ -113.608059586913996, 37.0538277719699 ], [ -113.608056298836004, 37.053805364950399 ], [ -113.608496731141997, 37.0536058814033 ], [ -113.609063301286994, 37.053349262191297 ], [ -113.609111846244005, 37.0533616212224 ], [ -113.609161503316997, 37.053370260857101 ], [ -113.609212038940996, 37.053375096499799 ], [ -113.609223302017995, 37.053375660000903 ], [ -113.609223415206003, 37.053375658566999 ], [ -113.609223639785, 37.053375653548599 ], [ -113.609254354083006, 37.0533762392743 ], [ -113.609261772370004, 37.0533761647144 ], [ -113.609261998746007, 37.053376159695901 ], [ -113.609262111034994, 37.053376157545102 ], [ -113.609277498278004, 37.0533757288255 ], [ -113.609285020770002, 37.053375383268801 ], [ -113.609285133059004, 37.053375381118002 ], [ -113.609292766943, 37.053375031976799 ], [ -113.609292763349004, 37.053374942361401 ], [ -113.609308130829007, 37.053373884183799 ], [ -113.609319562788997, 37.053372820270702 ], [ -113.609330988460997, 37.053371577843798 ], [ -113.609342405150002, 37.053370065854097 ], [ -113.609391136957996, 37.053361602582399 ], [ -113.609393144693001, 37.053361107905701 ], [ -113.609400179399998, 37.0533596912665 ], [ -113.609401073222998, 37.053359491245097 ], [ -113.609409330537005, 37.053357687467503 ], [ -113.609418367589001, 37.053355596204 ], [ -113.609427508845002, 37.053353322124998 ], [ -113.609436421929999, 37.053350962732203 ], [ -113.609445446405005, 37.0533485122901 ], [ -113.609454351403997, 37.0533458826173 ], [ -113.609463137825998, 37.053343075864298 ], [ -113.609471922450993, 37.0533402683944 ], [ -113.609480590296002, 37.053337284561302 ], [ -113.609489251851997, 37.053334120063496 ], [ -113.609497911611001, 37.053330865233399 ], [ -113.609506342299994, 37.053327526522999 ], [ -113.609514768496993, 37.053324096046403 ], [ -113.609523191101005, 37.053320485621903 ], [ -113.609531385533003, 37.0533167913173 ], [ -113.609539571880006, 37.053312917064801 ], [ -113.609547759126002, 37.053309040661297 ], [ -113.609555715504001, 37.0533049907622 ], [ -113.609563667391001, 37.053300760198198 ], [ -113.609571505191994, 37.053296532501697 ], [ -113.609579223517002, 37.0532921270079 ], [ -113.609586941841997, 37.053287631898499 ], [ -113.609594429300003, 37.053283050757997 ], [ -113.609601914961004, 37.053278380718702 ], [ -113.609609282045, 37.0532735321652 ], [ -113.609616425447996, 37.053268688629799 ], [ -113.609623561665003, 37.053263665146297 ], [ -113.609630581100006, 37.053258554197797 ], [ -113.609637487347996, 37.0532533557842 ], [ -113.609644275917006, 37.053248069188697 ], [ -113.609650950399001, 37.053242695845 ], [ -113.609657619491998, 37.053237141836199 ], [ -113.609663951716001, 37.053231595713001 ], [ -113.609670278550993, 37.053225959256999 ], [ -113.609676492198005, 37.053220236052901 ], [ -113.609682586369004, 37.053214333617298 ], [ -113.609688567351995, 37.053208434048898 ], [ -113.609694321060999, 37.053202449883003 ], [ -113.609699959785999, 37.053196378251897 ], [ -113.609705595815996, 37.053190216287902 ], [ -113.609711004573001, 37.053183969726199 ], [ -113.609716184259, 37.053177637849998 ], [ -113.609721361249996, 37.053171214206998 ], [ -113.609726311865003, 37.053164797015803 ], [ -113.609731148394999, 37.0531582923592 ], [ -113.609735870837994, 37.053151700237301 ], [ -113.609740475601996, 37.053145021366802 ], [ -113.609744856686007, 37.0531383453635 ], [ -113.609749120987999, 37.053131492996201 ], [ -113.609753270306996, 37.053124642062002 ], [ -113.609757308233995, 37.053117795428697 ], [ -113.609761117988995, 37.0531108620469 ], [ -113.609764813658003, 37.053103841916503 ], [ -113.609768281154999, 37.053096735754501 ], [ -113.609771635464, 37.0530896338934 ], [ -113.609774246867005, 37.053083807441702 ], [ -113.609774877484, 37.053082532031603 ], [ -113.609809493165002, 37.0530033676635 ], [ -113.609878714646001, 37.052844769114799 ], [ -113.609963991716, 37.052649408971298 ], [ -113.609975391337002, 37.052621132553497 ], [ -113.609986225917993, 37.052592775828899 ], [ -113.609996488272003, 37.052564163866599 ], [ -113.610005961005996, 37.052535478049599 ], [ -113.610009608165996, 37.052523772007802 ], [ -113.610009812084002, 37.052523136807302 ], [ -113.611062113879001, 37.051405487546802 ], [ -113.612150412066001, 37.0492530190065 ], [ -113.612151190904996, 37.049251826699603 ], [ -113.614206183237997, 37.049251518406102 ], [ -113.614924495002995, 37.049322078139603 ], [ -113.616045066064999, 37.0492511692458 ], [ -113.617417227390007, 37.049250888913903 ], [ -113.617540885878995, 37.049255450222901 ], [ -113.617664981847, 37.049286004246497 ], [ -113.617778398644006, 37.0493465200475 ], [ -113.617847569819006, 37.049409522934603 ], [ -113.617912018550001, 37.049517702085602 ], [ -113.617928646365996, 37.0495896524708 ], [ -113.617928581688005, 37.049590418182198 ], [ -113.617928680502004, 37.049590844055501 ], [ -113.617919176327007, 37.049703082360097 ], [ -113.617886594430999, 37.049779349364798 ], [ -113.617722404855002, 37.0500023038732 ], [ -113.617546008971004, 37.050237753487202 ], [ -113.617349621979002, 37.0504430008477 ], [ -113.617021240132004, 37.050773109833997 ], [ -113.616973853101996, 37.050695384839003 ], [ -113.616919632587994, 37.050637906390101 ], [ -113.616841093781005, 37.050581257407501 ], [ -113.616704319888996, 37.050524297226602 ], [ -113.616600715391002, 37.0505052951953 ], [ -113.616551028673996, 37.050502354984701 ], [ -113.616406752052995, 37.050515920388499 ], [ -113.614413839595002, 37.051053342440902 ], [ -113.614367795546997, 37.051129499830303 ], [ -113.614518409783003, 37.0513501117087 ], [ -113.614556622318005, 37.0514163513553 ], [ -113.614598014890007, 37.051528430667297 ], [ -113.614691940040998, 37.051782761119199 ], [ -113.614786435621994, 37.051771983395703 ], [ -113.614971289145004, 37.0517544442299 ], [ -113.615177573775, 37.051722045084198 ], [ -113.615388623968002, 37.051674222425802 ], [ -113.615618597172002, 37.051607766488701 ], [ -113.615826416125003, 37.051535618707298 ], [ -113.616263299186997, 37.051419327377602 ], [ -113.616665949250006, 37.051297381346899 ], [ -113.616784067829002, 37.051262123556299 ], [ -113.617003510082995, 37.051177828276998 ], [ -113.617325895674995, 37.051014185790997 ], [ -113.617521398725998, 37.050875778744299 ], [ -113.617637030767, 37.050902507209301 ], [ -113.617883840196995, 37.051093292010897 ], [ -113.617883612024997, 37.051094281393702 ], [ -113.617883873433996, 37.051094483572001 ], [ -113.617805570884002, 37.051434350875297 ], [ -113.617826445036997, 37.051735482655097 ], [ -113.618042882425996, 37.051869104015097 ], [ -113.618042874341, 37.051870269754197 ], [ -113.618042915664006, 37.051870295564001 ], [ -113.618040755216001, 37.052145922836303 ], [ -113.619065584732994, 37.052145133491798 ], [ -113.622492432963, 37.052142434234597 ], [ -113.622491884092, 37.051796808076197 ], [ -113.622602234938, 37.051798525858302 ], [ -113.640630521679995, 37.0518640897591 ], [ -113.640630521679995, 37.051865282024998 ], [ -113.640630554918005, 37.051865282742 ], [ -113.640630566596002, 37.052078282935902 ], [ -113.640630578273999, 37.052156878306398 ], [ -113.640630580071004, 37.052156917020902 ], [ -113.640630577376001, 37.052156963621599 ], [ -113.640626451413993, 37.052157018825497 ], [ -113.640617162834005, 37.052157123497899 ], [ -113.640617567974004, 37.052216723636299 ], [ -113.640626394820003, 37.053557501450598 ], [ -113.640626787383994, 37.0536171012062 ], [ -113.640629587432002, 37.054042420845803 ], [ -113.640629979097994, 37.054102020220498 ], [ -113.640631182839996, 37.054284956808097 ], [ -113.640631816153004, 37.054390838472798 ], [ -113.640631928442005, 37.054407680906898 ], [ -113.640664596576002, 37.066644123083201 ], [ -113.640664598371998, 37.066645026964501 ], [ -113.640569416478002, 37.066644834145997 ], [ -113.640656809080994, 37.066645297913801 ], [ -113.605537197301999, 37.066572435447299 ], [ -113.605526077956, 37.0665725114278 ], [ -113.605525941411997, 37.066572512861399 ] ] ] } },
{ "type": "Feature", "properties": { "OBJECTID": 176, "CountyID": 27, "VistaID": "27WAS:18", "PrecinctID": "27WAS", "SubPrecinctID": "18", "VersionNbr": null, "EffectiveDate": 1744156800000, "AliasName": "WAS:18", "Comments": "formerly WAS18", "RcvdDate": 1744156800000, "GlobalID": "2c265472-a0f8-4488-8025-32d11c982d2c", "Shape__Area": 18646686.328125, "Shape__Length": 27267.917673826381 }, "geometry": { "type": "Polygon", "coordinates": [ [ [ -113.499574545875006, 37.081628531879801 ], [ -113.499574538687995, 37.081628405031701 ], [ -113.49957396197, 37.081628412914903 ], [ -113.499569948296994, 37.081628422231397 ], [ -113.498659567741001, 37.0816306596301 ], [ -113.495918561669995, 37.0816386646718 ], [ -113.495025481767996, 37.081641529143603 ], [ -113.495004526767005, 37.081641596509201 ], [ -113.495000005546004, 37.081641775673098 ], [ -113.494463338521001, 37.081646966408101 ], [ -113.494146570992001, 37.081646495565501 ], [ -113.493834548365001, 37.081646482665697 ], [ -113.493174501327999, 37.0816564929073 ], [ -113.492508520021005, 37.081660496143598 ], [ -113.492183549974996, 37.081663544078303 ], [ -113.490769193882997, 37.081682630037498 ], [ -113.490488980600006, 37.081685330393597 ], [ -113.488199494740996, 37.081697608126198 ], [ -113.481388481731003, 37.081763796909698 ], [ -113.476857551915003, 37.081801853391603 ], [ -113.476857436930004, 37.081801862708097 ], [ -113.476857436930004, 37.081801798209199 ], [ -113.476857550117998, 37.081801796059302 ], [ -113.476840940269, 37.045074111140799 ], [ -113.476847559953995, 37.045074063818703 ], [ -113.483017107579002, 37.045037012784903 ], [ -113.481612479342004, 37.041854380871797 ], [ -113.479818940775004, 37.037746841585502 ], [ -113.477963797542998, 37.033552570878697 ], [ -113.477866297995007, 37.033391639084002 ], [ -113.477726326999004, 37.033160607704303 ], [ -113.477573245990001, 37.032976515129697 ], [ -113.477371285849003, 37.032733638575301 ], [ -113.477088964220002, 37.032183263954003 ], [ -113.476835030252005, 37.031536065127398 ], [ -113.476835032946994, 37.030491093685796 ], [ -113.476835032946994, 37.0268578337771 ], [ -113.476835032048996, 37.026744779260497 ], [ -113.476835031150998, 37.025340688658098 ], [ -113.476835030252005, 37.025077175653401 ], [ -113.476826039014995, 37.0232335659854 ], [ -113.485848020635999, 37.023224593005502 ], [ -113.485864218158994, 37.023224572923702 ], [ -113.486996196926, 37.023222335237001 ], [ -113.486997291972997, 37.0232223330853 ], [ -113.486997658484995, 37.0232223323681 ], [ -113.487962032281999, 37.0232204217278 ], [ -113.487962341301994, 37.023220420293399 ], [ -113.487970093762996, 37.023220405232102 ], [ -113.488554819757994, 37.0232127461746 ], [ -113.488556151959997, 37.023212728961603 ], [ -113.490376476492003, 37.023188862447199 ], [ -113.490417595077005, 37.023188926278699 ], [ -113.490618675766996, 37.023188253537903 ], [ -113.491279710051998, 37.023187517682899 ], [ -113.491467413031003, 37.023191184765501 ], [ -113.492307269549997, 37.023190742248403 ], [ -113.494570208395004, 37.023190424525403 ], [ -113.494570468907, 37.023190425242603 ], [ -113.494579283175995, 37.0231904202222 ], [ -113.494902353284999, 37.023190225858897 ], [ -113.494913032457006, 37.023190219404 ], [ -113.496759384775999, 37.0231890962569 ], [ -113.496762006059996, 37.0231890962569 ], [ -113.498233616277005, 37.0231880799737 ], [ -113.498640721984003, 37.023187952310799 ], [ -113.498889647845004, 37.023187684792298 ], [ -113.501166264438993, 37.023175992872503 ], [ -113.503969333314998, 37.023180593760102 ], [ -113.503969999865006, 37.023180595194503 ], [ -113.503970053763993, 37.023214402923699 ], [ -113.503971367101002, 37.024025955322102 ], [ -113.503971880937002, 37.024339845021601 ], [ -113.503971884530998, 37.024343040850297 ], [ -113.503971884530998, 37.024343083882101 ], [ -113.503975480487, 37.026567900266102 ], [ -113.503975857778997, 37.026804719927199 ], [ -113.503392423562005, 37.026809111180299 ], [ -113.503392380443003, 37.026809113331801 ], [ -113.503025353072005, 37.026869156503402 ], [ -113.502809420535996, 37.026940041120596 ], [ -113.502642286281997, 37.026956340291598 ], [ -113.501704031002006, 37.026959018929297 ], [ -113.500834681894005, 37.028666795752002 ], [ -113.500834668419998, 37.028666822286802 ], [ -113.500354898888006, 37.029609255400402 ], [ -113.499992545450993, 37.030227436474597 ], [ -113.499180555571002, 37.031612662334702 ], [ -113.496470034728006, 37.031629002813602 ], [ -113.496502813354994, 37.030433183280898 ], [ -113.496502760354005, 37.030433178978001 ], [ -113.494943791671005, 37.030432446778903 ], [ -113.491720357953994, 37.030434411740401 ], [ -113.490448643549001, 37.030430433051897 ], [ -113.490448772007994, 37.030435173342198 ], [ -113.490451000728001, 37.030518441047398 ], [ -113.490451032169005, 37.030519261453698 ], [ -113.490432513399, 37.033054906538801 ], [ -113.490432319362995, 37.033081409650897 ], [ -113.490432287024007, 37.033085880140803 ], [ -113.490399956657001, 37.037512450347499 ], [ -113.490400168658994, 37.037709888799697 ], [ -113.490400203693994, 37.037738668419401 ], [ -113.490403791565001, 37.040906096656698 ], [ -113.490490472702007, 37.044990130922599 ], [ -113.490490504142997, 37.044991625871198 ], [ -113.490490506838, 37.044991694703398 ], [ -113.494929927073002, 37.044987192649401 ], [ -113.496277146674004, 37.0449880967886 ], [ -113.497575745858995, 37.0449889521717 ], [ -113.496964900449001, 37.046142723286998 ], [ -113.494948440452006, 37.050002846607597 ], [ -113.494945449960994, 37.0500085693375 ], [ -113.494943606617994, 37.050011983474 ], [ -113.493736387656995, 37.052248356886203 ], [ -113.493208093828002, 37.053248771774001 ], [ -113.503937456597001, 37.056887964351397 ], [ -113.503955583701995, 37.056853631795299 ], [ -113.504011526286007, 37.056747665389501 ], [ -113.504011575692999, 37.056754167587798 ], [ -113.504011899087004, 37.056796218946403 ], [ -113.504011899087004, 37.056796284183399 ], [ -113.504040585886997, 37.060539006920301 ], [ -113.504039663317002, 37.063289197277498 ], [ -113.504039953472997, 37.063348797990997 ], [ -113.504057520927006, 37.066976592236998 ], [ -113.504128702532, 37.066976301935398 ], [ -113.504142342551006, 37.06697642164 ], [ -113.504167319309005, 37.069662979738901 ], [ -113.50416778284, 37.0697128180799 ], [ -113.504176489311007, 37.074296532434801 ], [ -113.502745600625005, 37.074306499209897 ], [ -113.499967158163003, 37.074335495737799 ], [ -113.496778247601, 37.074334608432899 ], [ -113.494989961483, 37.074357086342999 ], [ -113.494911538558995, 37.074364786828298 ], [ -113.494793938308007, 37.0744386509554 ], [ -113.494685853012996, 37.074561738083801 ], [ -113.494922854636002, 37.075107095170999 ], [ -113.494951165043005, 37.075337578167698 ], [ -113.494991249666995, 37.075663914294203 ], [ -113.494985840013001, 37.075750550382303 ], [ -113.494984900375002, 37.075837292444596 ], [ -113.494988428957001, 37.075923989971599 ], [ -113.494989941719993, 37.075940359614101 ], [ -113.494996423963002, 37.0760104974717 ], [ -113.495008354489002, 37.076093629895801 ], [ -113.495024407382999, 37.0761763150036 ], [ -113.495044559288999, 37.076258422355899 ], [ -113.495068776072998, 37.076339821514303 ], [ -113.495102888698, 37.076435714504399 ], [ -113.495142641843998, 37.0765302033506 ], [ -113.495177154218993, 37.076600946276798 ], [ -113.495187948375005, 37.076623072330698 ], [ -113.495238705884006, 37.076714115040303 ], [ -113.495294796690004, 37.076803124359401 ], [ -113.495356096826995, 37.076889901769199 ], [ -113.495422468851004, 37.076974248751597 ], [ -113.495493762745994, 37.0770559775397 ], [ -113.495567498260996, 37.077132608366597 ], [ -113.495645560960995, 37.077206438262898 ], [ -113.495727785555005, 37.077277308846803 ], [ -113.495813995974999, 37.077345069620399 ], [ -113.495904010759006, 37.077409576536297 ], [ -113.495997636772003, 37.077470694147401 ], [ -113.496092673139003, 37.077529011584801 ], [ -113.496113175388999, 37.077540116762002 ], [ -113.496194925672995, 37.0775822454683 ], [ -113.496275884541006, 37.077622047047697 ], [ -113.496358591531006, 37.077659473485397 ], [ -113.496442936150004, 37.077694471749602 ], [ -113.496528806108003, 37.077727000992397 ], [ -113.496648401515998, 37.077767375132701 ], [ -113.496831396424, 37.077816542340997 ], [ -113.497011369399999, 37.077872414162499 ], [ -113.497184027393999, 37.077933403113001 ], [ -113.497353080449003, 37.078000561997499 ], [ -113.497526938592998, 37.078077854807098 ], [ -113.497696021292001, 37.078161673702098 ], [ -113.497859948560006, 37.078251830171901 ], [ -113.498018348494, 37.078348118504898 ], [ -113.498043756444005, 37.078365163459303 ], [ -113.498174234044001, 37.078452694467899 ], [ -113.498323599621003, 37.078563208734899 ], [ -113.498466095780998, 37.0786794011238 ], [ -113.498601382960999, 37.078800999269099 ], [ -113.498729145853005, 37.0789277150392 ], [ -113.498849081722994, 37.079059251702802 ], [ -113.498960907603006, 37.079195296763103 ], [ -113.499061874646998, 37.079338007394199 ], [ -113.499137194791004, 37.079455945135301 ], [ -113.499209682545995, 37.079579297172103 ], [ -113.499277027445999, 37.079705121532598 ], [ -113.499333154184995, 37.079828754816297 ], [ -113.499388049334001, 37.079961945427399 ], [ -113.499441124496002, 37.080110667475999 ], [ -113.499492892608998, 37.080293989262799 ], [ -113.499527363661002, 37.080470452824997 ], [ -113.499552863239003, 37.080645281263998 ], [ -113.499565720825998, 37.080820326448801 ], [ -113.499578635006003, 37.081612524659803 ], [ -113.499578767957004, 37.0816207289338 ], [ -113.499578904501007, 37.081628349849197 ], [ -113.499578908992007, 37.0816284788472 ], [ -113.499574545875006, 37.081628531879801 ] ] ] } },
{ "type": "Feature", "properties": { "OBJECTID": 178, "CountyID": 27, "VistaID": "27STG:09", "PrecinctID": "27STG", "SubPrecinctID": "09", "VersionNbr": null, "EffectiveDate": 1744156800000, "AliasName": "STG:09", "Comments": "formerly STG09", "RcvdDate": 1744156800000, "GlobalID": "3e34ced8-f36f-403a-92fc-4a8d09d9e6db", "Shape__Area": 4254499.5854043961, "Shape__Length": 10170.417599644739 }, "geometry": { "type": "Polygon", "coordinates": [ [ [ -113.529423552336993, 37.097754531528601 ], [ -113.527215550860006, 37.0977615310468 ], [ -113.523630551530005, 37.097770531757 ], [ -113.523299551093999, 37.097772531516597 ], [ -113.522563550602001, 37.097773531038101 ], [ -113.522449551696994, 37.097775531514102 ], [ -113.522533550464004, 37.097519531054402 ], [ -113.522549550357994, 37.097473530684198 ], [ -113.522577550845, 37.097319531235399 ], [ -113.522579550494996, 37.0972965306348 ], [ -113.522587550891004, 37.0972295307146 ], [ -113.522590551264003, 37.097207531048703 ], [ -113.522602550960002, 37.097108531040199 ], [ -113.522603550783998, 37.097055531554197 ], [ -113.522613549932004, 37.096598530271102 ], [ -113.522615550479998, 37.096520530516798 ], [ -113.522615550479998, 37.096446531704402 ], [ -113.522615550479998, 37.096356530863197 ], [ -113.522615551377996, 37.096089531345001 ], [ -113.522616550305003, 37.096001531319097 ], [ -113.519661958097998, 37.0960390174682 ], [ -113.518279550589, 37.096056531347301 ], [ -113.518197595488999, 37.096057572449602 ], [ -113.517964550046003, 37.096060531673402 ], [ -113.517963891581005, 37.095996603813298 ], [ -113.517963550220998, 37.0959635321231 ], [ -113.517962809110998, 37.095864900930501 ], [ -113.517929930771999, 37.091489674835699 ], [ -113.517926489326001, 37.091031823097403 ], [ -113.517923549139994, 37.0906405308411 ], [ -113.517910548721005, 37.088775530396099 ], [ -113.517879514623004, 37.086354239843601 ], [ -113.517879514623004, 37.086354167465899 ], [ -113.517851209607002, 37.084145629456003 ], [ -113.517860617663004, 37.0841577140162 ], [ -113.517884217303006, 37.084181853749001 ], [ -113.518009402545005, 37.084233624291699 ], [ -113.518136645130994, 37.084282097801903 ], [ -113.518265808661994, 37.084327222324902 ], [ -113.518396754682001, 37.084368949495499 ], [ -113.518517751876999, 37.084404043109998 ], [ -113.518640011664004, 37.0844362316152 ], [ -113.518763424469, 37.084465486166401 ], [ -113.518887879687, 37.084491780548099 ], [ -113.519013265775996, 37.084515091197503 ], [ -113.519139470360997, 37.084535397225501 ], [ -113.519266380334003, 37.084552680435699 ], [ -113.519393881951999, 37.084566925340297 ], [ -113.51988123596, 37.084565663358802 ], [ -113.520049870983996, 37.0845644170859 ], [ -113.520218312295, 37.0845578514501 ], [ -113.520386296336994, 37.084545976723398 ], [ -113.520553560272006, 37.084528811483104 ], [ -113.52072347571, 37.084533781299001 ], [ -113.520845606690003, 37.084513918338203 ], [ -113.520966964788002, 37.084491240142498 ], [ -113.521087448057003, 37.0844657657601 ], [ -113.521206955284001, 37.084437516588103 ], [ -113.521442050681998, 37.084378974426798 ], [ -113.521597790704007, 37.084379484666997 ], [ -113.521674974852004, 37.084379736920603 ], [ -113.521694958774006, 37.084412929043502 ], [ -113.522048537466006, 37.084332245149902 ], [ -113.522345832214, 37.084269798704 ], [ -113.522676804802998, 37.084226307098703 ], [ -113.522958057436995, 37.084209957877597 ], [ -113.523175115561997, 37.084210030257303 ], [ -113.523398961357998, 37.084221675512403 ], [ -113.523609096166993, 37.0842215078208 ], [ -113.523921482613005, 37.084221256999903 ], [ -113.526964347770999, 37.084216553750302 ], [ -113.528781753676995, 37.084198398616401 ], [ -113.528754865303995, 37.082216907381103 ], [ -113.528703409803995, 37.081401655594902 ], [ -113.530360638907993, 37.081387816217003 ], [ -113.533255703354996, 37.081371565282502 ], [ -113.533833328168001, 37.081556924340703 ], [ -113.532928701320003, 37.083361591571098 ], [ -113.532959935742994, 37.083466265964503 ], [ -113.532962847182006, 37.083465876113301 ], [ -113.533134224178994, 37.083448087718402 ], [ -113.533340022820994, 37.083439774713199 ], [ -113.533572947888999, 37.0834473510142 ], [ -113.533726314562998, 37.083462272856501 ], [ -113.533807376737002, 37.0834734137132 ], [ -113.535077048372997, 37.083689668268597 ], [ -113.535607358920004, 37.083768929608503 ], [ -113.535838482865998, 37.083807998405597 ], [ -113.536175358283998, 37.083845024774 ], [ -113.536409911998007, 37.0838572347932 ], [ -113.536570726603998, 37.0838592571356 ], [ -113.537116197119005, 37.083824284649502 ], [ -113.537217394132, 37.083818571636698 ], [ -113.537579935316003, 37.083768407897999 ], [ -113.537618320327994, 37.083762758661599 ], [ -113.537696815301004, 37.083745369302498 ], [ -113.537774556993995, 37.083725945365302 ], [ -113.537851462567005, 37.083704507546003 ], [ -113.537927450072999, 37.083681078686801 ], [ -113.538002438538996, 37.083655683751097 ], [ -113.538076348058993, 37.083628349797301 ], [ -113.538149099877998, 37.083599105949901 ], [ -113.538220616472003, 37.083567983368198 ], [ -113.538319827945998, 37.0835220838133 ], [ -113.538421207043996, 37.0834793046795 ], [ -113.538524599626001, 37.083439711014599 ], [ -113.538629848490999, 37.083403363023002 ], [ -113.538714615667004, 37.083376092402503 ], [ -113.538800536479997, 37.083351225384902 ], [ -113.538814976897996, 37.083347313251103 ], [ -113.538902189837003, 37.083325270856498 ], [ -113.538931470424004, 37.083318473530497 ], [ -113.539019879918996, 37.08329973627 ], [ -113.539042964825995, 37.083295968894802 ], [ -113.539147906009006, 37.083277015406303 ], [ -113.539253647582001, 37.083261143537698 ], [ -113.539360047404998, 37.083248374626102 ], [ -113.539466962453005, 37.083238725837397 ], [ -113.540591905615997, 37.083209039006299 ], [ -113.540871280771, 37.083198548103802 ], [ -113.541041212882007, 37.083193701853602 ], [ -113.541211238600994, 37.083191903583398 ], [ -113.541381272034002, 37.083193154201702 ], [ -113.541551227287002, 37.083197453076799 ], [ -113.541695957003995, 37.083203521754797 ], [ -113.541840514453, 37.083211800939097 ], [ -113.541971837359995, 37.083221250750803 ], [ -113.542102933907003, 37.083232524748503 ], [ -113.542300821875003, 37.0832530491355 ], [ -113.542497962663006, 37.083277728976903 ], [ -113.542648894609002, 37.083299050674299 ], [ -113.542799259782996, 37.0833227844888 ], [ -113.542948997619007, 37.083348920858299 ], [ -113.543098047803994, 37.083377449252801 ], [ -113.543246350301004, 37.083408358178701 ], [ -113.543393845376002, 37.083441635183 ], [ -113.543540473619004, 37.083477266859099 ], [ -113.543686175968006, 37.083515238851298 ], [ -113.543869629914994, 37.083564363633599 ], [ -113.543881062774005, 37.0835673778098 ], [ -113.543875942376999, 37.083574031786 ], [ -113.543680973823996, 37.083838818718199 ], [ -113.543362527344001, 37.083826797171 ], [ -113.543178241557001, 37.084035213622499 ], [ -113.543144078626995, 37.0840922152899 ], [ -113.543080312613995, 37.084198615755703 ], [ -113.542966867071996, 37.084322127767102 ], [ -113.542669553459007, 37.084186527618797 ], [ -113.542247554583, 37.084117528170097 ], [ -113.541806552745001, 37.0841675275692 ], [ -113.541480554128995, 37.084339528260102 ], [ -113.540804553013004, 37.084609528849001 ], [ -113.540608553194005, 37.084720527896501 ], [ -113.540428553268995, 37.084789528946203 ], [ -113.540196553466004, 37.084889527541499 ], [ -113.540122552948006, 37.085079528164002 ], [ -113.540217553382007, 37.0853595287034 ], [ -113.540275553108003, 37.085613528600199 ], [ -113.540257833838993, 37.085698974483698 ], [ -113.54022537681, 37.085855490654701 ], [ -113.540219744373005, 37.085882649663802 ], [ -113.540185552696997, 37.086047528338597 ], [ -113.539873552526998, 37.086649528808699 ], [ -113.539731954681997, 37.0868396583082 ], [ -113.539625552830003, 37.086982528683798 ], [ -113.539509553377002, 37.087215528834598 ], [ -113.539329552553994, 37.087579529180701 ], [ -113.539081552856999, 37.087939528457099 ], [ -113.538926553045997, 37.088071528885997 ], [ -113.538821423209001, 37.088209088416299 ], [ -113.538631553494, 37.088457528766902 ], [ -113.537981552317007, 37.089355528750602 ], [ -113.537580552459005, 37.0896885289186 ], [ -113.537336552959999, 37.089963528640503 ], [ -113.537141552966006, 37.090196528942599 ], [ -113.536977552934999, 37.090544528985497 ], [ -113.536961947400997, 37.090567504406003 ], [ -113.536797553008995, 37.090809529468103 ], [ -113.536624552757004, 37.091060529468201 ], [ -113.536612553062, 37.091173529034101 ], [ -113.536464552024995, 37.091369529454298 ], [ -113.536348552573003, 37.091448529816702 ], [ -113.536036553301003, 37.091734529514497 ], [ -113.535888553163005, 37.092030529122503 ], [ -113.535931552820998, 37.092331529123904 ], [ -113.536285552823003, 37.092701529658498 ], [ -113.536570554126996, 37.092981529985501 ], [ -113.536834553717995, 37.0932035299086 ], [ -113.537051553452997, 37.093467530113202 ], [ -113.537130553094997, 37.093763529400803 ], [ -113.536951552995006, 37.094017529794698 ], [ -113.536871552628995, 37.094070530689201 ], [ -113.536720553017005, 37.094070529972598 ], [ -113.536773552720007, 37.0941145296866 ], [ -113.536780553290995, 37.094124529683199 ], [ -113.536829552795993, 37.0942165294463 ], [ -113.536886552697993, 37.094275529040999 ], [ -113.536933552554004, 37.094309529381597 ], [ -113.536997553025998, 37.094358529655999 ], [ -113.537005552523993, 37.094584530248298 ], [ -113.537030552638001, 37.095263529684999 ], [ -113.537039553756998, 37.0954905299958 ], [ -113.537050553628006, 37.095532530499497 ], [ -113.537064584413997, 37.095553163524201 ], [ -113.537101553680998, 37.095607530471099 ], [ -113.537113044031997, 37.095618593591198 ], [ -113.537112514026006, 37.095618602189496 ], [ -113.537078525368997, 37.095619195470803 ], [ -113.536980772495994, 37.095620901512703 ], [ -113.53695562739, 37.095674999646498 ], [ -113.536925271431997, 37.095727369546204 ], [ -113.536889889387993, 37.095777692456998 ], [ -113.536849696618006, 37.095825662084202 ], [ -113.536583950703005, 37.096074470834502 ], [ -113.535371720938997, 37.096037426795398 ], [ -113.534535067812996, 37.096011853500499 ], [ -113.533884415358003, 37.095991961482099 ], [ -113.533514336409993, 37.096541696359203 ], [ -113.533396877195003, 37.096627117024802 ], [ -113.533309660662994, 37.0966905363451 ], [ -113.533257714683003, 37.096728314490598 ], [ -113.533257471238997, 37.096728486453699 ], [ -113.533129540363007, 37.096805877675202 ], [ -113.532945763921006, 37.096917050885303 ], [ -113.532900002841998, 37.096944731849398 ], [ -113.532196346191995, 37.097199315564801 ], [ -113.531572201223995, 37.097258643863498 ], [ -113.530935946067999, 37.097069463367198 ], [ -113.530884375583994, 37.097054129344798 ], [ -113.530277613017006, 37.097395395694399 ], [ -113.530213467017006, 37.097445811222101 ], [ -113.529823770660002, 37.097752087536598 ], [ -113.529423552336993, 37.097754531528601 ] ] ] } },
{ "type": "Feature", "properties": { "OBJECTID": 179, "CountyID": 27, "VistaID": "27XHS:74", "PrecinctID": "27XHS", "SubPrecinctID": "74", "VersionNbr": null, "EffectiveDate": 1744156800000, "AliasName": "XHS:74", "Comments": "formerly COHS74", "RcvdDate": 1744156800000, "GlobalID": "b8b24b4a-9eda-41ea-acf9-1ae47d8c5e79", "Shape__Area": 1559006661.03125, "Shape__Length": 194051.72528361285 }, "geometry": { "type": "Polygon", "coordinates": [ [ [ -113.627088569688993, 37.084518522135802 ], [ -113.627089746482, 37.082694034237697 ], [ -113.627184475625995, 37.082697262725503 ], [ -113.627185244583004, 37.082697277775097 ], [ -113.631620877521001, 37.082709851318199 ], [ -113.640773069044997, 37.082739850802099 ], [ -113.640774751589007, 37.077499237231102 ], [ -113.640775355257006, 37.077499237231102 ], [ -113.649714172646, 37.0774889841977 ], [ -113.649713842964005, 37.066611988342302 ], [ -113.640664802290004, 37.066644122366398 ], [ -113.640664596576002, 37.066644123083201 ], [ -113.640631928442005, 37.054407680906898 ], [ -113.640631816153004, 37.054390838472798 ], [ -113.640631182839996, 37.054284956808097 ], [ -113.640629979097994, 37.054102020220498 ], [ -113.640629587432002, 37.054042420845803 ], [ -113.640626787383994, 37.0536171012062 ], [ -113.640626394820003, 37.053557501450598 ], [ -113.640617567974004, 37.052216723636299 ], [ -113.640617162834005, 37.052157123497899 ], [ -113.640626451413993, 37.052157018825497 ], [ -113.640630577376001, 37.052156963621599 ], [ -113.640630580071004, 37.052156917020902 ], [ -113.640630578273999, 37.052156878306398 ], [ -113.640630566596002, 37.052078282935902 ], [ -113.640630554918005, 37.051865282742 ], [ -113.640630521679995, 37.051865282024998 ], [ -113.640630521679995, 37.0518640897591 ], [ -113.640630185709995, 37.046732342739801 ], [ -113.640630232423007, 37.046720536141898 ], [ -113.640630135405004, 37.044915754143098 ], [ -113.640629937775003, 37.041295791300598 ], [ -113.640629937775003, 37.041295759750902 ], [ -113.640629725772996, 37.037676026571297 ], [ -113.640629726670994, 37.037675935503302 ], [ -113.640629726670994, 37.037675826508497 ], [ -113.640595812574006, 37.023566848572997 ], [ -113.640594931327001, 37.023204845417503 ], [ -113.640590813450004, 37.023204859044398 ], [ -113.640588488610007, 37.023204871954199 ], [ -113.640578341240001, 37.023204953715798 ], [ -113.640578302612994, 37.023204953715798 ], [ -113.640404797507003, 37.0232045872228 ], [ -113.640329761231996, 37.0232044280027 ], [ -113.640210563777003, 37.023204250852501 ], [ -113.631624303696, 37.023183912997197 ], [ -113.627046142257996, 37.023172879473599 ], [ -113.627006239093006, 37.023172772609598 ], [ -113.625639675171001, 37.023169512900203 ], [ -113.625585610065002, 37.023169358700599 ], [ -113.625585564250997, 37.023169330012202 ], [ -113.624460037183994, 37.022370146883603 ], [ -113.624292310041994, 37.022251388837802 ], [ -113.623784465463004, 37.019542532257901 ], [ -113.622874459504004, 37.0195399709865 ], [ -113.622505575315003, 37.019546916758401 ], [ -113.622476922651003, 37.019547099655099 ], [ -113.622452852292994, 37.018667451037302 ], [ -113.622451624296005, 37.018599079120897 ], [ -113.622442064425002, 37.008666495401599 ], [ -113.622440559747005, 37.005046220827303 ], [ -113.622438657114998, 37.000084394054802 ], [ -113.622438634657001, 37.0000247946098 ], [ -113.622438622081006, 37.000018525021503 ], [ -113.622819099028007, 37.000018928932498 ], [ -113.624320560262007, 37.000020512292402 ], [ -113.624404560824999, 37.000019512200097 ], [ -113.625228560283006, 37.000019512200097 ], [ -113.625431561571006, 37.000020512292402 ], [ -113.625796560544998, 37.000019511482698 ], [ -113.629875561416995, 37.000019512200097 ], [ -113.632917562396003, 37.000020511575002 ], [ -113.638258563291998, 37.000025511318597 ], [ -113.643429564307993, 37.0000305117794 ], [ -113.648103565206, 37.000034512147799 ], [ -113.650559566379997, 37.000040510547599 ], [ -113.660162567547005, 37.000045510290001 ], [ -113.666567569896003, 37.000051510123903 ], [ -113.667759569598999, 37.000054509681902 ], [ -113.672733570971005, 37.000054509681902 ], [ -113.676142570574996, 37.000056508430603 ], [ -113.678131570869994, 37.000062508981102 ], [ -113.678980571340006, 37.000057508522403 ], [ -113.702217575763996, 37.000071508371001 ], [ -113.703780576086004, 37.000079507668303 ], [ -113.704743576358993, 37.000082507225201 ], [ -113.705431577170003, 37.000075508019698 ], [ -113.730689580776996, 37.000096505634303 ], [ -113.733566581001995, 37.000088505621299 ], [ -113.756103586715, 37.000114504404998 ], [ -113.756778586208995, 37.000115503061203 ], [ -113.758540587621994, 37.000115503778602 ], [ -113.760975587082001, 37.000115503778602 ], [ -113.764631588355002, 37.000134502635497 ], [ -113.765055586881005, 37.000118504051599 ], [ -113.768894588451005, 37.000119502707598 ], [ -113.771977589437995, 37.000121502889499 ], [ -113.777386590106005, 37.000123502353901 ], [ -113.779509590295007, 37.000128502808202 ], [ -113.781807590385995, 37.000125502535703 ], [ -113.844516602530007, 37.0001494989734 ], [ -113.846402602891999, 37.000136497794998 ], [ -113.848357604648996, 37.0001504983465 ], [ -113.871962609318004, 37.000159497008603 ], [ -113.872777608554998, 37.000158496200697 ], [ -113.874268608907002, 37.000169496477298 ], [ -113.875868608141005, 37.000161496471897 ], [ -113.897521614122994, 37.000172495313201 ], [ -113.899512613168994, 37.000183494870299 ], [ -113.900787613611001, 37.000174494776303 ], [ -113.913295616387998, 37.000180493882503 ], [ -113.914741617432995, 37.000181493972697 ], [ -113.914741617432995, 37.000191494873299 ], [ -113.915281616309997, 37.000193492901097 ], [ -113.915918617068002, 37.000197493260899 ], [ -113.916582616691997, 37.000192493528502 ], [ -113.921722618643997, 37.000193492901097 ], [ -113.923977617280997, 37.000192493528502 ], [ -113.928862619862997, 37.000192493528502 ], [ -113.93510762148, 37.000197491826 ], [ -113.935139620369, 37.000196492453497 ], [ -113.935417621102005, 37.0001914927211 ], [ -113.936939620518004, 37.000184492808202 ], [ -113.945243622749999, 37.000201491468097 ], [ -113.953371623457997, 37.000188491016203 ], [ -113.961230625450995, 37.000191491286202 ], [ -113.965653626279007, 37.000184490655897 ], [ -113.965877626584998, 37.000183490565803 ], [ -113.971668627742005, 37.000183489848297 ], [ -113.977397319057005, 37.000182835556998 ], [ -113.977397869724001, 37.000182836274398 ], [ -113.979724629379007, 37.000182489040803 ], [ -113.980388629901, 37.000182489758203 ], [ -113.980581629346005, 37.000182489758203 ], [ -113.980770629492, 37.000182489040803 ], [ -113.981036628732994, 37.000182489040803 ], [ -113.981328629708997, 37.000182489040803 ], [ -113.981403629154002, 37.000183489848297 ], [ -113.981606629544004, 37.000182489040803 ], [ -113.981680629162994, 37.000180489578 ], [ -113.982037629538993, 37.000182489758203 ], [ -113.983098630618997, 37.000182489040803 ], [ -113.983917630952007, 37.000182489040803 ], [ -113.985626629966006, 37.000182489040803 ], [ -113.986985630074003, 37.000181489668101 ], [ -113.988007629897993, 37.000181488950702 ], [ -113.989128631252996, 37.000181488233302 ], [ -113.991201630315004, 37.000181488950702 ], [ -113.993218631995006, 37.000181488233302 ], [ -113.994024631011001, 37.000181488233302 ], [ -113.995160632433993, 37.000181488950702 ], [ -113.995936631313, 37.000178488680199 ], [ -113.997524631749002, 37.000179488053 ], [ -114.002007632851999, 37.0001894889539 ], [ -114.004356633895, 37.000177487155199 ], [ -114.017581636, 37.0001794873356 ], [ -114.020343637495003, 37.000179486618102 ], [ -114.023597637288006, 37.000186486531497 ], [ -114.038032640436001, 37.000188485994201 ], [ -114.050063643187002, 37.000196484561798 ], [ -114.050066642662003, 37.001721485175402 ], [ -114.050083643278001, 37.0141004864062 ], [ -114.050161645790993, 37.022233487829702 ], [ -114.050171644040006, 37.0231694870807 ], [ -114.050273645944003, 37.030307488749997 ], [ -114.050337645517999, 37.034921489545603 ], [ -114.050338646241002, 37.035007489487498 ], [ -114.050449983438, 37.042931080452703 ], [ -114.050490886427994, 37.045841612336702 ], [ -114.050496648221994, 37.046251490723897 ], [ -114.050685648368002, 37.060040492223898 ], [ -114.050767649281994, 37.066024492403997 ], [ -114.050845649997996, 37.0715824934124 ], [ -114.050892649854006, 37.0749814939632 ], [ -114.051191651400998, 37.080448494160599 ], [ -114.051355652330997, 37.084111494844898 ], [ -114.051388651043993, 37.084855495026197 ], [ -114.051513651616006, 37.085894494597603 ], [ -114.051644652036003, 37.088596494978702 ], [ -114.051459651189006, 37.088570494951298 ], [ -114.051459652087999, 37.088872495435801 ], [ -114.051431651599998, 37.0890924952257 ], [ -114.051452652414994, 37.089229495400801 ], [ -114.051500651197003, 37.0894274958126 ], [ -114.051486651852002, 37.0895814955364 ], [ -114.051480652004003, 37.089591495414503 ], [ -114.051410652582007, 37.089718495544098 ], [ -114.051411652406998, 37.089839496270798 ], [ -114.051534651533004, 37.090113495822401 ], [ -114.051589652681997, 37.090333495592802 ], [ -114.051582652110994, 37.090454495337603 ], [ -114.051547652850005, 37.0905804958376 ], [ -114.051547652850005, 37.090633495553199 ], [ -114.051547651950997, 37.090734495368203 ], [ -114.051636651639996, 37.090964495899101 ], [ -114.051705653032997, 37.091299495376802 ], [ -114.051703652485003, 37.091333496336198 ], [ -114.051698652461994, 37.091437495466799 ], [ -114.051801652395, 37.0917774951563 ], [ -114.051827652333998, 37.091826495634898 ], [ -114.051980652495004, 37.093414495835901 ], [ -114.052211653371998, 37.097171496407697 ], [ -114.052249653904994, 37.0975924963357 ], [ -114.052308653455995, 37.098248495732498 ], [ -114.052328652648995, 37.0984744961861 ], [ -114.052338652694999, 37.099121496711803 ], [ -114.052418653060997, 37.104247497860001 ], [ -114.052552653853994, 37.112886498480798 ], [ -114.052434654750996, 37.117905498042099 ], [ -114.051925655836001, 37.1227715000309 ], [ -114.051906654671001, 37.124952499133599 ], [ -114.051923656187, 37.126496499424903 ], [ -114.051889655850999, 37.130311500264803 ], [ -114.051877656155995, 37.1343925010258 ], [ -114.051881656353999, 37.134748500838398 ], [ -114.051906656468006, 37.136930501125299 ], [ -114.051898656971005, 37.1399005017687 ], [ -114.051900657518999, 37.140594501761797 ], [ -114.051902657168, 37.141802501731398 ], [ -114.051919658684, 37.147765502539897 ], [ -114.051895658394002, 37.153467503658803 ], [ -114.051933659826005, 37.160561503526502 ], [ -114.051902658965005, 37.162345503988803 ], [ -114.051900660214002, 37.162468504119303 ], [ -114.051900659314995, 37.1624835041738 ], [ -114.051875659201002, 37.165079503957699 ], [ -114.051863660403995, 37.165438504120303 ], [ -114.051863659505003, 37.165454504361001 ], [ -114.051666660760006, 37.171969504976403 ], [ -114.051685660128001, 37.172472504988797 ], [ -114.051639660996003, 37.180119505548497 ], [ -114.051626661476007, 37.184157506937602 ], [ -114.051723664254993, 37.208156509942299 ], [ -114.051716666378994, 37.229761512064201 ], [ -114.051715667452001, 37.233925512258899 ], [ -114.051752668160006, 37.250040514406201 ], [ -114.051687669659998, 37.2577585151422 ], [ -114.051794670687997, 37.2720605167885 ], [ -114.051812671129994, 37.273124516901497 ], [ -114.051812671129994, 37.273142517316899 ], [ -114.051844671815005, 37.2754055171903 ], [ -114.051859671884003, 37.2764645171127 ], [ -114.051964672363994, 37.2841485189686 ], [ -114.051968672561998, 37.284339517778101 ], [ -114.051971672036998, 37.2844895175811 ], [ -114.051899674761998, 37.292960519686098 ], [ -114.051884673795001, 37.293742519514304 ], [ -114.051879673772007, 37.296341520000801 ], [ -114.051726674508998, 37.300597519951403 ], [ -114.051676673382005, 37.3029775206357 ], [ -114.051667674957997, 37.303151520235197 ], [ -114.051637673024004, 37.303910521405797 ], [ -114.051666675133006, 37.304825521340099 ], [ -114.051669674607993, 37.305956521259901 ], [ -114.051691673451003, 37.307294521369997 ], [ -114.051720673763, 37.309057521294299 ], [ -114.051733674182003, 37.309443521741002 ], [ -114.051778674388004, 37.312620521507498 ], [ -114.051901676208004, 37.319955522371203 ], [ -114.051893675811996, 37.320860522070298 ], [ -114.051811675796998, 37.326639523814698 ], [ -114.051813676345006, 37.326925522838899 ], [ -114.051765677562003, 37.331289523618999 ], [ -114.051769675963996, 37.331748523354896 ], [ -114.051781676557994, 37.334292524287697 ], [ -114.051800677721999, 37.338325524638996 ], [ -114.051814677067995, 37.339880524870303 ], [ -114.051805678644001, 37.340222525640201 ], [ -114.051808677219995, 37.340522524857697 ], [ -114.051822679259999, 37.343523524523199 ], [ -114.051823679085004, 37.344444525422297 ], [ -114.051823679085004, 37.344575525747601 ], [ -114.051824678011997, 37.3450465257052 ], [ -114.051825678735, 37.345737525879301 ], [ -114.051827678384996, 37.346879525670602 ], [ -114.051829678035006, 37.347269525983002 ], [ -114.051802679169, 37.347270525774299 ], [ -114.051782679076993, 37.347247525572499 ], [ -114.051764679534003, 37.347241526108597 ], [ -114.051740678345993, 37.347235525930103 ], [ -114.051599678778999, 37.3471685255709 ], [ -114.051536678131995, 37.347150525730697 ], [ -114.051416678481004, 37.347138526072797 ], [ -114.051252678449998, 37.3471445262591 ], [ -114.051045774879995, 37.347145525337901 ], [ -114.051045678760005, 37.347145526052003 ], [ -114.051044972685006, 37.347145376083098 ], [ -114.050828679025003, 37.347099525564801 ], [ -114.050659678073004, 37.346919526088797 ], [ -114.050253677293995, 37.346178525808 ], [ -114.050141678038997, 37.346042525670597 ], [ -114.050123678496007, 37.346022525944697 ], [ -114.049969678509996, 37.345855526418497 ], [ -114.049702677648, 37.345580526000099 ], [ -114.049388677828006, 37.345291526414996 ], [ -114.049011678260001, 37.345044525349202 ], [ -114.048931677894004, 37.344980526785299 ], [ -114.048693678242998, 37.344790525415497 ], [ -114.048340677167005, 37.344435526247501 ], [ -114.047881677581998, 37.344053525600003 ], [ -114.047432677146006, 37.343665526116403 ], [ -114.047068677097997, 37.343220525617198 ], [ -114.046963677516004, 37.3427925256617 ], [ -114.046859676859995, 37.342552525353398 ], [ -114.046721677666, 37.342510525756197 ], [ -114.046375677162004, 37.3425195258759 ], [ -114.045938676419993, 37.342415525934499 ], [ -114.045582676768007, 37.342123526015897 ], [ -114.045346676766002, 37.341781526047001 ], [ -114.045200676278, 37.3414705254499 ], [ -114.044992676763997, 37.341203525090101 ], [ -114.044595676206001, 37.341044525267499 ], [ -114.044330676789997, 37.3409535259498 ], [ -114.044178676453996, 37.340909525706401 ], [ -114.043894675874, 37.340790525373599 ], [ -114.043575676930004, 37.340592526502398 ], [ -114.043224676402005, 37.340426525495602 ], [ -114.042924676826999, 37.340297525556899 ], [ -114.042634676397995, 37.340151525907103 ], [ -114.042337675398997, 37.339956525731502 ], [ -114.042043675670996, 37.3397975261257 ], [ -114.041673675775002, 37.339725526099002 ], [ -114.041309675727007, 37.3397145258607 ], [ -114.040952676250001, 37.339582525018201 ], [ -114.040671676043004, 37.339397525183799 ], [ -114.040411675751997, 37.339206526216302 ], [ -114.040210675012005, 37.338925525603401 ], [ -114.040032674737006, 37.338703525519499 ], [ -114.039956675466996, 37.338609525073899 ], [ -114.039695675350998, 37.338375525854801 ], [ -114.039513675777002, 37.338159525049399 ], [ -114.039284675448002, 37.337949525972199 ], [ -114.038912675003999, 37.337829525317602 ], [ -114.038472674787997, 37.3377155254109 ], [ -114.038000674784996, 37.337599525491299 ], [ -114.037601675475003, 37.337406526391497 ], [ -114.037316675068993, 37.337116525420299 ], [ -114.037176675327004, 37.336775525436998 ], [ -114.037223675183, 37.336576525332397 ], [ -114.037231674680001, 37.336544525305897 ], [ -114.037282674734001, 37.336272525601302 ], [ -114.037295675153004, 37.335950525686201 ], [ -114.037269674314999, 37.335653525186203 ], [ -114.037222674459997, 37.335359526218397 ], [ -114.037095675136001, 37.335027525704298 ], [ -114.036925674358997, 37.3346575252828 ], [ -114.036907673917, 37.334623525947897 ], [ -114.036720674319, 37.334264525288702 ], [ -114.036476674819994, 37.333888524863802 ], [ -114.036186674391999, 37.333550525861703 ], [ -114.035978673979002, 37.333213525317198 ], [ -114.035949673667005, 37.332813525025401 ], [ -114.035969674656997, 37.332506525101401 ], [ -114.035997674246005, 37.332185525463203 ], [ -114.036052673599002, 37.331756525480699 ], [ -114.036060673994996, 37.331285525745699 ], [ -114.035930674298996, 37.3310165248784 ], [ -114.035709673468006, 37.330742525134497 ], [ -114.035350589000998, 37.330381877330503 ], [ -114.035250672985001, 37.330281524931799 ], [ -114.035159673647001, 37.330150525388497 ], [ -114.035004672938001, 37.329891524970201 ], [ -114.034545673352994, 37.329374525056203 ], [ -114.034349673535004, 37.329030524112099 ], [ -114.034122672856, 37.328701525028997 ], [ -114.033845672845999, 37.328451524992701 ], [ -114.033536673049994, 37.328292524605303 ], [ -114.0333596726, 37.328060524770798 ], [ -114.033350673276999, 37.327841524155801 ], [ -114.033347672904, 37.327756525578202 ], [ -114.033379672690998, 37.327415525250601 ], [ -114.033378671967995, 37.327084523975998 ], [ -114.033218673033005, 37.326750524621701 ], [ -114.033018672118004, 37.326370524885398 ], [ -114.032737672809006, 37.326012524150201 ], [ -114.032351672120996, 37.325578524236199 ], [ -114.032332672753, 37.325556525329198 ], [ -114.032051672544995, 37.3252265245223 ], [ -114.031898672384003, 37.3248675246763 ], [ -114.031824671866005, 37.3245355242275 ], [ -114.031619672725, 37.324243524806398 ], [ -114.031212673018999, 37.324023524395301 ], [ -114.030800672392004, 37.323845524825202 ], [ -114.030402672009004, 37.323680524060499 ], [ -114.030008671824007, 37.323494524959102 ], [ -114.029631672254993, 37.323267524437298 ], [ -114.029393671706003, 37.322949524960599 ], [ -114.029109671124999, 37.322325524880199 ], [ -114.028890671740001, 37.322079524138999 ], [ -114.028670671632, 37.321862524924903 ], [ -114.028463671045003, 37.321597525143503 ], [ -114.028318671280005, 37.321282524012602 ], [ -114.028265671575994, 37.320959524715903 ], [ -114.028100671719997, 37.320644523768401 ], [ -114.027837671056005, 37.320353524380202 ], [ -114.027508671167993, 37.320139524211797 ], [ -114.027371670901005, 37.320106524175003 ], [ -114.026721670621995, 37.319954524359503 ], [ -114.026284670779006, 37.31983752472 ], [ -114.025870670502002, 37.319636524437698 ], [ -114.025478670864999, 37.319420524046897 ], [ -114.025050671242994, 37.319131523823103 ], [ -114.025017669834995, 37.3190955242736 ], [ -114.024886670312995, 37.318952523928203 ], [ -114.024622669823998, 37.318613524000703 ], [ -114.024388670370996, 37.3182925243037 ], [ -114.024027670696, 37.318056524308503 ], [ -114.023514669787005, 37.317975523960698 ], [ -114.022996669752999, 37.317966525186797 ], [ -114.022562669384001, 37.317897524072599 ], [ -114.022275670227998, 37.317880524544201 ], [ -114.022249670288005, 37.3178785241792 ], [ -114.021982670325002, 37.317928524715597 ], [ -114.021335669520994, 37.318168524398601 ], [ -114.020956669404001, 37.318304524283597 ], [ -114.020524669584006, 37.318350524546197 ], [ -114.020510669339998, 37.318345524379303 ], [ -114.020146669292004, 37.318228524378199 ], [ -114.019961669343999, 37.3181095245506 ], [ -114.019328669683006, 37.317645524869903 ], [ -114.018921669079006, 37.317484524103399 ], [ -114.018452669449005, 37.317412524123903 ], [ -114.018362081538996, 37.317405807141903 ], [ -114.017953668782994, 37.317375524276301 ], [ -114.017539669404997, 37.317397524863601 ], [ -114.017462669411998, 37.317401524904803 ], [ -114.017209668793001, 37.317432525038001 ], [ -114.016734668417001, 37.3174255251473 ], [ -114.016374668566996, 37.317325525515201 ], [ -114.016086667788997, 37.3171225245597 ], [ -114.015834667893998, 37.316928524812901 ], [ -114.015629668752993, 37.316787524310897 ], [ -114.015288668270998, 37.3165055253709 ], [ -114.014927668596002, 37.316156524498503 ], [ -114.014771668959995, 37.316020525013499 ], [ -114.014534668235001, 37.315726524949703 ], [ -114.014378667700996, 37.315356525213403 ], [ -114.014091667645999, 37.315084525245901 ], [ -114.013698669082999, 37.314923524709499 ], [ -114.013309668920002, 37.314777524328697 ], [ -114.012898669015996, 37.314598524067101 ], [ -114.012485667665999, 37.314347525464903 ], [ -114.012161666902998, 37.314077524456003 ], [ -114.011929667098997, 37.313812525089503 ], [ -114.011765667966003, 37.3135195244895 ], [ -114.011729667981001, 37.313207525245701 ], [ -114.011720666862004, 37.312806524657198 ], [ -114.011697667296005, 37.312313524816901 ], [ -114.011664666784995, 37.311805524225399 ], [ -114.011598666663005, 37.311278525070001 ], [ -114.011419666563, 37.310807524870398 ], [ -114.011074666780999, 37.310360524218403 ], [ -114.010701666513, 37.309888524409402 ], [ -114.010392665818003, 37.309432524213797 ], [ -114.01034766651, 37.309352524157603 ], [ -114.010324666944001, 37.309292524952603 ], [ -114.010320666745997, 37.309273525027699 ], [ -114.010299666829994, 37.309173524554097 ], [ -114.010298667005003, 37.309094524521697 ], [ -114.010307666326995, 37.308997523997498 ], [ -114.010336666640001, 37.308866523790698 ], [ -114.010424665605001, 37.308377523642797 ], [ -114.010412666807994, 37.307836523899802 ], [ -114.010266666318998, 37.307365523572898 ], [ -114.010273665992003, 37.3069305235448 ], [ -114.010093666066993, 37.306583523186397 ], [ -114.009707666278004, 37.3063125239673 ], [ -114.009378665490999, 37.305930523818198 ], [ -114.009207666685001, 37.305477523525902 ], [ -114.009079664842005, 37.305107523365002 ], [ -114.008848665762002, 37.304851523451099 ], [ -114.008769665220996, 37.3048105231411 ], [ -114.008712666218003, 37.3047815235184 ], [ -114.008685666453999, 37.3047675242385 ], [ -114.008527666269998, 37.3047455235276 ], [ -114.008465666345998, 37.304737523527301 ], [ -114.008440665332998, 37.304733522812199 ], [ -114.008413666467007, 37.304736523884401 ], [ -114.008260665408002, 37.304759523526002 ], [ -114.008209666252995, 37.304768524595502 ], [ -114.008109664897006, 37.304800523863904 ], [ -114.007907666129, 37.304967523196296 ], [ -114.007693666766997, 37.305256523569597 ], [ -114.007428665554997, 37.305550523850499 ], [ -114.007191664830003, 37.305740523717098 ], [ -114.006941665482998, 37.305888523754398 ], [ -114.006718666797994, 37.306068523658297 ], [ -114.006562666264998, 37.3062525230511 ], [ -114.006335665584999, 37.306597524271801 ], [ -114.006195665842995, 37.306811523695004 ], [ -114.005984665057994, 37.306989524307198 ], [ -114.005795665809998, 37.307159524040799 ], [ -114.005619665184994, 37.307344523944799 ], [ -114.005380664810005, 37.307559524419901 ], [ -114.005019666034002, 37.3076355243943 ], [ -114.004776664562996, 37.307718524372497 ], [ -114.004758665918004, 37.307834523982002 ], [ -114.004804665948001, 37.308009524089101 ], [ -114.004787666230001, 37.308179525089201 ], [ -114.004624666023005, 37.308261524156499 ], [ -114.004372665229994, 37.308209524427198 ], [ -114.004142665974996, 37.307989524240398 ], [ -114.003873665463004, 37.307672524748902 ], [ -114.003701665034995, 37.307340524797503 ], [ -114.003703665583004, 37.307036523961003 ], [ -114.003623664318994, 37.306824523693798 ], [ -114.003469665232004, 37.306724524250001 ], [ -114.003177665153999, 37.306574524477803 ], [ -114.002867665531994, 37.306311523630903 ], [ -114.002858664412997, 37.305954524150302 ], [ -114.002836664672003, 37.305666523946499 ], [ -114.002734665462995, 37.305511523186702 ], [ -114.002514665354994, 37.305442524216303 ], [ -114.002279665177994, 37.305475523545397 ], [ -114.002052664499004, 37.305562525150002 ], [ -114.001856664681, 37.305763525195196 ], [ -114.001697664671994, 37.306006524010002 ], [ -114.001522663871, 37.306251524142901 ], [ -114.001494664282006, 37.306352523836999 ], [ -114.001447665325003, 37.306528524154302 ], [ -114.001564665500993, 37.306768525222097 ], [ -114.001684665151004, 37.307029525245802 ], [ -114.001720664237993, 37.307280524701497 ], [ -114.001546665058996, 37.307521523689402 ], [ -114.001315665979007, 37.307768524521798 ], [ -114.001014664782005, 37.3080085244898 ], [ -114.000668664277001, 37.308211525049501 ], [ -114.000436665372007, 37.308295525416497 ], [ -114.000277664465003, 37.308354525107802 ], [ -114.000245664678005, 37.308381524878399 ], [ -113.999990665308005, 37.308607525039299 ], [ -113.999739664339003, 37.308758524632204 ], [ -113.999729665192007, 37.308765525330003 ], [ -113.999585664353006, 37.3089035256831 ], [ -113.999510664010003, 37.308981524900801 ], [ -113.999475664748999, 37.309019525607901 ], [ -113.999395664383002, 37.309099524589499 ], [ -113.999242664221995, 37.309241524804897 ], [ -113.999112664525001, 37.309372524358302 ], [ -113.999037665081005, 37.309449524938302 ], [ -113.998850663686, 37.309671525009101 ], [ -113.998747663754003, 37.309814525862997 ], [ -113.998595664316994, 37.310165525312001 ], [ -113.998357663766996, 37.310277525727599 ], [ -113.998007663961999, 37.310254524915898 ], [ -113.997901664555997, 37.310239525656399 ], [ -113.997646664287004, 37.3102055259899 ], [ -113.997356664758001, 37.3101275251841 ], [ -113.997145663972006, 37.309954524866697 ], [ -113.996937663560004, 37.3097385252332 ], [ -113.996699663010006, 37.309499525365403 ], [ -113.996468663930003, 37.309212525462002 ], [ -113.996219664406993, 37.308936524922302 ], [ -113.996061664224001, 37.308623524930098 ], [ -113.995849664511994, 37.308358524201097 ], [ -113.995997663750998, 37.308131525123201 ], [ -113.996186663897006, 37.307967525901098 ], [ -113.996190663196998, 37.3077255244526 ], [ -113.996059663675993, 37.307512525093003 ], [ -113.995941663674998, 37.307128525387398 ], [ -113.995792663711995, 37.306965525019997 ], [ -113.995506662582997, 37.306889525082902 ], [ -113.995126663540006, 37.306894525297302 ], [ -113.994131663480005, 37.306920524549398 ], [ -113.994044662543004, 37.306921524877701 ], [ -113.993453663612996, 37.306930525688301 ], [ -113.990912662949, 37.306943524951997 ], [ -113.989941663178996, 37.306940524682403 ], [ -113.988924662478993, 37.306950525818799 ], [ -113.987842661482006, 37.3069545249868 ], [ -113.986748662587004, 37.306949525490801 ], [ -113.985712661620994, 37.306977525378997 ], [ -113.984698661294004, 37.307049525349797 ], [ -113.983706662505995, 37.307098525618102 ], [ -113.982738661311998, 37.307227524684102 ], [ -113.981784661259994, 37.307450525920899 ], [ -113.980892661132003, 37.3075655263386 ], [ -113.980096661264, 37.307684525709597 ], [ -113.979420660147994, 37.307955525700002 ], [ -113.978852660784, 37.308292525915398 ], [ -113.978293660741997, 37.308549526567703 ], [ -113.977723659931002, 37.308801526968701 ], [ -113.977184660879004, 37.308993526367203 ], [ -113.977121659334003, 37.309016526850201 ], [ -113.976522660905005, 37.309218526534202 ], [ -113.975992660277996, 37.309637527229299 ], [ -113.975498660533006, 37.310152525890899 ], [ -113.975005660614002, 37.310520526387499 ], [ -113.973978658969997, 37.311057526445097 ], [ -113.973482660474005, 37.311378527030797 ], [ -113.973020659618996, 37.311748527055897 ], [ -113.972453660078997, 37.3121395271274 ], [ -113.972342659751007, 37.312213526957699 ], [ -113.972083660183003, 37.312361526399897 ], [ -113.971768659641, 37.312561526592802 ], [ -113.971477659388, 37.312805527264999 ], [ -113.971217659995006, 37.312951527189 ], [ -113.970961659902002, 37.312888527251701 ], [ -113.970820659436995, 37.312657527268001 ], [ -113.970690659740001, 37.3123965267757 ], [ -113.970590659283005, 37.312127526877703 ], [ -113.970557659671002, 37.312010527200698 ], [ -113.970507659442006, 37.311832527043698 ], [ -113.970246659325994, 37.3109935267899 ], [ -113.970145659043993, 37.310705527310098 ], [ -113.970007658951999, 37.310364527491998 ], [ -113.969827658127997, 37.309994527085898 ], [ -113.969612658043005, 37.309637526514798 ], [ -113.969395659206995, 37.309291526799399 ], [ -113.969210659259005, 37.308945526920802 ], [ -113.969006658146, 37.308582526676801 ], [ -113.968644658645999, 37.308348527539103 ], [ -113.968207657904998, 37.308335527089397 ], [ -113.967779658281998, 37.308401526766403 ], [ -113.967424657557004, 37.308462526990098 ], [ -113.966321658439995, 37.308699526687001 ], [ -113.965494657712, 37.308903527112101 ], [ -113.965166657648993, 37.308981527758803 ], [ -113.965088657831004, 37.308999527456798 ], [ -113.964784658954997, 37.3090585280247 ], [ -113.964669658429003, 37.3090815270589 ], [ -113.964233658411004, 37.309211527307703 ], [ -113.963816657761996, 37.309409527430503 ], [ -113.963413658253998, 37.309644527845201 ], [ -113.963041656911003, 37.309872527645801 ], [ -113.962732657114998, 37.310089527894903 ], [ -113.962447657607996, 37.310227527246802 ], [ -113.962364657766997, 37.310208528272703 ], [ -113.962203657209997, 37.310170527452101 ], [ -113.962070657140998, 37.309994527800399 ], [ -113.962076657886996, 37.309947527137602 ], [ -113.962100657278, 37.309772527968804 ], [ -113.962195658610995, 37.309564528014498 ], [ -113.962252658512995, 37.3093085275557 ], [ -113.962251657788997, 37.309026527710401 ], [ -113.962200657736005, 37.308771527152402 ], [ -113.962163657027006, 37.308689526497801 ], [ -113.962080657187002, 37.308504527759602 ], [ -113.961926656303007, 37.308334527494402 ], [ -113.961873656598996, 37.308277527693399 ], [ -113.961433657281006, 37.308046527117703 ], [ -113.961211656624997, 37.307930526406203 ], [ -113.960850656950001, 37.307845527459001 ], [ -113.960449657091999, 37.307739526754297 ], [ -113.960012657248996, 37.307616528337697 ], [ -113.959784656745001, 37.307565527767601 ], [ -113.959339656506003, 37.307467527093401 ], [ -113.959223656155004, 37.3074475271005 ], [ -113.957939657289003, 37.307236527601702 ], [ -113.957403655915002, 37.307142527800302 ], [ -113.956814655735997, 37.307039527084797 ], [ -113.955177655794003, 37.3067535281251 ], [ -113.954164655292004, 37.306593527942802 ], [ -113.952592654748997, 37.306359527616898 ], [ -113.951940654821001, 37.306253527675402 ], [ -113.950119654755994, 37.305957528031797 ], [ -113.950047653886998, 37.305946527136697 ], [ -113.949947655227007, 37.305925527826801 ], [ -113.949594655048998, 37.3058515275237 ], [ -113.949438655413999, 37.305801528243201 ], [ -113.949272653936006, 37.305748527897897 ], [ -113.949039654307001, 37.305674527420599 ], [ -113.948468653671, 37.305478527446098 ], [ -113.948214654127, 37.305397527836 ], [ -113.947903653782006, 37.305297527209099 ], [ -113.947821654663997, 37.305277527353603 ], [ -113.947427653581002, 37.305183527246797 ], [ -113.946747654063998, 37.305078528144001 ], [ -113.946408654129996, 37.305028527635102 ], [ -113.945701653949996, 37.3049335275768 ], [ -113.945329653505993, 37.304879527693302 ], [ -113.944926653997996, 37.304833528476401 ], [ -113.944492652731995, 37.304810528143001 ], [ -113.944040654616998, 37.304805527789902 ], [ -113.943575653387995, 37.304807527788299 ], [ -113.943281652761996, 37.304803528506 ], [ -113.942562652887005, 37.304796528154 ], [ -113.941756653870996, 37.304777528522003 ], [ -113.941634652773999, 37.304774528166 ], [ -113.940481653429003, 37.3047095285213 ], [ -113.940164652337998, 37.304690528867297 ], [ -113.939962652671994, 37.304679527786902 ], [ -113.939442652988006, 37.304638528097598 ], [ -113.938967652612007, 37.304569529040698 ], [ -113.938534652966993, 37.304464528366097 ], [ -113.938093651128995, 37.304333528121802 ], [ -113.937723651233, 37.3041765288866 ], [ -113.937010652103993, 37.303804528015803 ], [ -113.936600652025007, 37.303591528267603 ], [ -113.935739651860004, 37.303120528504202 ], [ -113.935718651943006, 37.303112528330999 ], [ -113.935353652070006, 37.3029785281621 ], [ -113.935063651641997, 37.302963528165598 ], [ -113.934762651342993, 37.3029365285933 ], [ -113.934151652321006, 37.302917528491399 ], [ -113.933952652130003, 37.302911529059898 ], [ -113.933654651305005, 37.302912528726999 ], [ -113.933339651661001, 37.302922528255401 ], [ -113.933017651445994, 37.302943528403901 ], [ -113.932690651208006, 37.3029695290221 ], [ -113.932374650840003, 37.302984528302801 ], [ -113.932287650801996, 37.302964529261203 ], [ -113.932087650784993, 37.302919527825402 ], [ -113.931986651401004, 37.302795528287 ], [ -113.931955650540999, 37.302758529105397 ], [ -113.931965651485001, 37.302609528238698 ], [ -113.932068650518005, 37.3024675290754 ], [ -113.932196651463002, 37.302308528738003 ], [ -113.932310651265993, 37.302116528705 ], [ -113.932382650337999, 37.301880528662799 ], [ -113.932428651267003, 37.301624528482002 ], [ -113.932449651183006, 37.301376528503098 ], [ -113.932439650239004, 37.301106528789099 ], [ -113.932314651463997, 37.300823528501098 ], [ -113.932025650860993, 37.300578527833601 ], [ -113.931656650790003, 37.300409528643399 ], [ -113.930811651415993, 37.300110527606698 ], [ -113.930337649967001, 37.299982528900401 ], [ -113.929877650557003, 37.299849528579003 ], [ -113.929409649853994, 37.2997035275095 ], [ -113.928990125835995, 37.299549619930303 ], [ -113.928902650588995, 37.299517528389202 ], [ -113.928444649032997, 37.299325529091497 ], [ -113.928253650136, 37.299214528514597 ], [ -113.928139649434002, 37.299097528038203 ], [ -113.927748649622004, 37.298698528819699 ], [ -113.927642650215006, 37.298604529064598 ], [ -113.927453650068998, 37.298436528023899 ], [ -113.927140649177005, 37.298200528582299 ], [ -113.926801649243004, 37.298001528511101 ], [ -113.926361649924999, 37.297777528102699 ], [ -113.926230649505996, 37.297708529182401 ], [ -113.925933649404996, 37.297562528244498 ], [ -113.925536649744998, 37.297377529287303 ], [ -113.925027648135, 37.297150527789597 ], [ -113.924673649031007, 37.297026528744198 ], [ -113.924233648815004, 37.296908528690601 ], [ -113.923713648233004, 37.296796527656902 ], [ -113.923158649287004, 37.296647528556299 ], [ -113.922639648529994, 37.296450528884698 ], [ -113.922166647804005, 37.296199528298096 ], [ -113.921696647451, 37.295940528081701 ], [ -113.921197648581995, 37.295693529133402 ], [ -113.920661648106005, 37.2954405286319 ], [ -113.920331729241994, 37.295275277570298 ], [ -113.920096647318005, 37.295157527749197 ], [ -113.919361647550005, 37.294802528467102 ], [ -113.918860647233998, 37.294561528738598 ], [ -113.918270648128996, 37.294251528290602 ], [ -113.917720647408999, 37.293921528692202 ], [ -113.917185647657007, 37.293579528724301 ], [ -113.916623646343993, 37.293236528835202 ], [ -113.916099646462001, 37.292929528758201 ], [ -113.915567647981007, 37.292595529146602 ], [ -113.915068646416998, 37.2922245286912 ], [ -113.913282646512002, 37.290921528836101 ], [ -113.911996646199, 37.289944528388901 ], [ -113.911468645221007, 37.2895335282223 ], [ -113.910314645152994, 37.288561529051897 ], [ -113.909688645163996, 37.2880205275574 ], [ -113.909159644360997, 37.287531527659098 ], [ -113.908814645478003, 37.287174529089398 ], [ -113.908557645559995, 37.2868615285796 ], [ -113.908326644683001, 37.286553529049399 ], [ -113.908072645138006, 37.286257528349999 ], [ -113.907745645798002, 37.286027528644603 ], [ -113.906658643879993, 37.285340527871298 ], [ -113.906292644182003, 37.285069528586703 ], [ -113.905780643995996, 37.284665527603998 ], [ -113.905150643810003, 37.2841565275913 ], [ -113.904511643402003, 37.283615528019098 ], [ -113.903930642720994, 37.283113528278498 ], [ -113.903312643128004, 37.282693527830602 ], [ -113.901886642174006, 37.281844528242402 ], [ -113.901220642002002, 37.281468527908103 ], [ -113.900969641931994, 37.281335527733603 ], [ -113.900583643041003, 37.281130528342402 ], [ -113.900059642260999, 37.2808415281931 ], [ -113.899647642532003, 37.2805315276822 ], [ -113.899278642461994, 37.280222527292601 ], [ -113.898750641484, 37.279688528576898 ], [ -113.898507641809005, 37.279495528013904 ], [ -113.898252641541006, 37.279317528811497 ], [ -113.897935642247006, 37.279134527843297 ], [ -113.897527642716, 37.278975527508003 ], [ -113.897090641077, 37.278726527926402 ], [ -113.896195641473994, 37.277993528504702 ], [ -113.895726641844007, 37.277622528247399 ], [ -113.895267640463004, 37.277275527781299 ], [ -113.895097640583998, 37.277137528012503 ], [ -113.894798641731995, 37.276912528375099 ], [ -113.894534641242998, 37.276713527750999 ], [ -113.894516641698999, 37.276699528251299 ], [ -113.894253640136995, 37.2764845282029 ], [ -113.893954640385999, 37.276250527851403 ], [ -113.893764641313993, 37.276093527904401 ], [ -113.893511641594003, 37.275883527686297 ], [ -113.893332641493998, 37.275736527971397 ], [ -113.893070640654997, 37.275506527564403 ], [ -113.892783640599006, 37.275270527678003 ], [ -113.892704640957007, 37.275203528202503 ], [ -113.892487640322997, 37.275018527879098 ], [ -113.892235640427998, 37.274765527910397 ], [ -113.892010640297002, 37.274516527984098 ], [ -113.891762640600007, 37.274227528888503 ], [ -113.891486639516998, 37.273846527408402 ], [ -113.891167639675004, 37.273435527961297 ], [ -113.890802639802004, 37.273041527360597 ], [ -113.890599640310995, 37.272850527758798 ], [ -113.890433639731, 37.272694527937901 ], [ -113.889900640527003, 37.2722815277723 ], [ -113.889820640161005, 37.2722135277061 ], [ -113.889803640443006, 37.272197527933898 ], [ -113.889789640198998, 37.272178527931899 ], [ -113.889750639840997, 37.2721465276544 ], [ -113.889624640343001, 37.272026527028601 ], [ -113.889369639175996, 37.271821527304297 ], [ -113.889143640119002, 37.271633527714997 ], [ -113.888864640459005, 37.2713765281786 ], [ -113.888636639954996, 37.271158527672803 ], [ -113.888420640044998, 37.270938527781503 ], [ -113.888235639198996, 37.2707625271198 ], [ -113.888067639867998, 37.270618528416897 ], [ -113.887856639082003, 37.270447527499698 ], [ -113.887579639072996, 37.270251527245598 ], [ -113.886933638993, 37.269839528082798 ], [ -113.886681639098001, 37.269656527663898 ], [ -113.886471639034994, 37.269472526688801 ], [ -113.886304638631003, 37.269309528367202 ], [ -113.886231638835994, 37.269217527869301 ], [ -113.886065638255999, 37.269027527262203 ], [ -113.885969637996993, 37.2689175278581 ], [ -113.885845639045996, 37.268756527147097 ], [ -113.885560638640996, 37.268411527528201 ], [ -113.885265638190006, 37.268104527688202 ], [ -113.885212638485996, 37.268050527104897 ], [ -113.885180638698998, 37.268010527601 ], [ -113.885161638433004, 37.2679865280315 ], [ -113.885002638423998, 37.267830528140799 ], [ -113.884908637815002, 37.2677475277602 ], [ -113.884871638004995, 37.267714528324198 ], [ -113.884811638627994, 37.267668527829798 ], [ -113.884639638200994, 37.267537527853001 ], [ -113.884265638106996, 37.267321527950202 ], [ -113.883563637950004, 37.266978527764799 ], [ -113.883505639122006, 37.266947527566799 ], [ -113.883247638480995, 37.2668145274721 ], [ -113.88284763755, 37.266587527423503 ], [ -113.882458637387003, 37.266321527157302 ], [ -113.882080637993994, 37.2660205268892 ], [ -113.881743636812004, 37.265756527801301 ], [ -113.880389636727003, 37.264664528046701 ], [ -113.879905636130005, 37.264289527155498 ], [ -113.878725637019997, 37.263373527332497 ], [ -113.878389637460003, 37.263125527817799 ], [ -113.878009635721, 37.262846527745097 ], [ -113.877607636037993, 37.262556527263399 ], [ -113.877441637255004, 37.2624415273918 ], [ -113.877375637132999, 37.262392527349597 ], [ -113.877138636408006, 37.262216527446 ], [ -113.877039635776001, 37.262147527375603 ], [ -113.877039587267006, 37.262147493058301 ], [ -113.876808643882001, 37.261992532043401 ], [ -113.876471663361002, 37.2617760193462 ], [ -113.875980636142003, 37.261460527423203 ], [ -113.875960899256995, 37.261448612032503 ], [ -113.875927636438007, 37.261428527595299 ], [ -113.874983636432006, 37.260872527163897 ], [ -113.874890635648001, 37.260813246433599 ], [ -113.874812635829997, 37.260763527513603 ], [ -113.874530634899003, 37.26057252751 ], [ -113.874440647064006, 37.260515021076799 ], [ -113.873685635525007, 37.260032528124803 ], [ -113.873345248592997, 37.259821811754897 ], [ -113.873181635734994, 37.259720527239601 ], [ -113.872914793874997, 37.259547008473298 ], [ -113.872632633942999, 37.2593635276044 ], [ -113.872615300050995, 37.259352724378303 ], [ -113.872563634345994, 37.259320527037502 ], [ -113.872098685219001, 37.259027560132097 ], [ -113.872098634913996, 37.259027527243198 ], [ -113.871664624664007, 37.258744520984102 ], [ -113.871449634460006, 37.258607527543901 ], [ -113.870924627567007, 37.258275524135897 ], [ -113.869980633848996, 37.2576685275233 ], [ -113.869673634601, 37.257504526976099 ], [ -113.86945063412, 37.257386527154999 ], [ -113.868854641454007, 37.257139531081599 ], [ -113.867626633680999, 37.256684526749297 ], [ -113.866625632874999, 37.256326528168898 ], [ -113.866147633923006, 37.256182527601098 ], [ -113.865831100853995, 37.256101506380901 ], [ -113.865686631993995, 37.256064528569098 ], [ -113.865686581687996, 37.256064517128998 ], [ -113.865229633856003, 37.255967527596397 ], [ -113.864749632558997, 37.255848527220301 ], [ -113.864749601116998, 37.2558485186402 ], [ -113.864229632874995, 37.2556975279686 ], [ -113.863921377782006, 37.255605419320297 ], [ -113.863727633633005, 37.255547527280498 ], [ -113.863384498754002, 37.255445072268003 ], [ -113.863161633019999, 37.255378527772898 ], [ -113.862932737793997, 37.255298841327601 ], [ -113.862598632780006, 37.255182527623703 ], [ -113.862237155201996, 37.255043581440397 ], [ -113.861919632189995, 37.254921528639798 ], [ -113.861852625954, 37.254897712947901 ], [ -113.861753632507998, 37.254862527801897 ], [ -113.861604944261003, 37.254809894842602 ], [ -113.861414632575006, 37.254742528233301 ], [ -113.860941632747, 37.254608527726397 ], [ -113.860463670624995, 37.254501536077498 ], [ -113.860463631997007, 37.254501527497297 ], [ -113.859989631445998, 37.254403527060603 ], [ -113.859541631732995, 37.254292527433499 ], [ -113.859079631775003, 37.254163526985003 ], [ -113.858623631666006, 37.254046527251901 ], [ -113.858169632103994, 37.253917527812199 ], [ -113.856544630958993, 37.253506527558997 ], [ -113.856127630309004, 37.2534015285596 ], [ -113.856127589885006, 37.253401517119102 ], [ -113.855765699081005, 37.253300088115502 ], [ -113.855260631194, 37.253158527167898 ], [ -113.854771630574007, 37.253008527859599 ], [ -113.854521225189004, 37.252910920894102 ], [ -113.854281630130004, 37.252817527497797 ], [ -113.853340682598997, 37.252354552984301 ], [ -113.853340630497001, 37.252354527243 ], [ -113.852235630831998, 37.2518105276245 ], [ -113.851830630776007, 37.251592527681801 ], [ -113.851830596639999, 37.251592505515397 ], [ -113.85146662983, 37.251374527108403 ], [ -113.851245288537001, 37.251234346162697 ], [ -113.851076629841998, 37.251127527769498 ], [ -113.850645629846994, 37.250854527595699 ], [ -113.849612659797003, 37.250244545168599 ], [ -113.849612629253997, 37.250244528007201 ], [ -113.849037629319, 37.249895527908897 ], [ -113.847820628603003, 37.249164528170297 ], [ -113.846635628572002, 37.248432528099798 ], [ -113.846049627867998, 37.248082527794203 ], [ -113.846049598223004, 37.248082508487101 ], [ -113.844861640041003, 37.2473605348506 ], [ -113.844337656329003, 37.2470495448189 ], [ -113.844337628481, 37.247049526941602 ], [ -113.844178640150005, 37.2469517170369 ], [ -113.843903628112997, 37.246782528055903 ], [ -113.843676539398999, 37.246647540150597 ], [ -113.843400628146995, 37.246483527768397 ], [ -113.843099169707997, 37.2463009933333 ], [ -113.842855628349, 37.246153527549403 ], [ -113.842387627646005, 37.245862527451003 ], [ -113.842273639520997, 37.245792535573102 ], [ -113.841702628106006, 37.245420528548102 ], [ -113.841170626929994, 37.245081527623199 ], [ -113.840821627848996, 37.244873528325897 ], [ -113.840821596408006, 37.2448735125935 ], [ -113.840775469714004, 37.2448496286504 ], [ -113.840568611959, 37.244742523028002 ], [ -113.840542625493995, 37.244730882455798 ], [ -113.840405627921996, 37.2446695280724 ], [ -113.840129687925, 37.244574547638301 ], [ -113.840129626839001, 37.2445745276151 ], [ -113.839762627316006, 37.244500527763101 ], [ -113.839263624853999, 37.244503528377102 ], [ -113.838744618706997, 37.244525527392703 ], [ -113.838251672686994, 37.244455534273001 ], [ -113.838251625973996, 37.244455527836898 ], [ -113.837927627007005, 37.244348528206501 ], [ -113.837852626664002, 37.244318527721397 ], [ -113.837429626166994, 37.244128527947602 ], [ -113.837151380194001, 37.244003697110998 ], [ -113.836952627038997, 37.243914528321298 ], [ -113.836584613317996, 37.2437545225295 ], [ -113.836518600619996, 37.243728213974101 ], [ -113.836175626539003, 37.243591528620101 ], [ -113.836157447332994, 37.243585100392004 ], [ -113.835731626124996, 37.243434528519998 ], [ -113.835352626008003, 37.243279528296199 ], [ -113.835196626373005, 37.243200528447097 ], [ -113.834947626851005, 37.243052527402398 ], [ -113.834947598105003, 37.243052509524198 ], [ -113.83466362627, 37.242870528154597 ], [ -113.833898626364004, 37.242415528469799 ], [ -113.833687337219999, 37.242313972401497 ], [ -113.833407626094996, 37.242179527861097 ], [ -113.832884625139997, 37.2419715277058 ], [ -113.832570750185994, 37.241833885886599 ], [ -113.832396625243007, 37.241757528390998 ], [ -113.832143250925, 37.241562431073397 ], [ -113.831996625209996, 37.241449528130197 ], [ -113.831669624971994, 37.2412135280724 ], [ -113.831629607720998, 37.241187152836702 ], [ -113.831537625625998, 37.241126528591899 ], [ -113.831464624931996, 37.241087528150999 ], [ -113.831464590796003, 37.241087508127002 ], [ -113.831437455387004, 37.241072636678197 ], [ -113.831360624276996, 37.241030528185597 ], [ -113.831164730460003, 37.240933517869699 ], [ -113.8309426247, 37.240823527496701 ], [ -113.830917624585993, 37.240810527538102 ], [ -113.830542662396994, 37.240618547252602 ], [ -113.830542623769006, 37.240618527943603 ], [ -113.830155625052996, 37.240396527959199 ], [ -113.829880117144995, 37.240214313472897 ], [ -113.82977762566, 37.240146527606299 ], [ -113.829634419830001, 37.240032123576597 ], [ -113.829419625458996, 37.239860528291203 ], [ -113.829386647407006, 37.239815558491799 ], [ -113.829386624948995, 37.239815527740099 ], [ -113.829182624734997, 37.239543527142203 ], [ -113.829122623562, 37.239443527685303 ], [ -113.82885363922, 37.238946554991699 ], [ -113.828853623948007, 37.238946527815401 ], [ -113.828823624709003, 37.238891528696101 ], [ -113.828823608540006, 37.238891500804698 ], [ -113.828423624676006, 37.238211527753002 ], [ -113.828184614419996, 37.237858519149398 ], [ -113.827877624154993, 37.237545528171502 ], [ -113.827789256881005, 37.237488056369799 ], [ -113.827611624914994, 37.2373725269019 ], [ -113.827555142443003, 37.237350049488001 ], [ -113.827513624106999, 37.237333526664202 ], [ -113.827436625011998, 37.237308528225 ], [ -113.827340621160005, 37.237283698560297 ], [ -113.827262624037004, 37.237263527580701 ], [ -113.827056623274004, 37.237218527624599 ], [ -113.826914649035004, 37.237194108444903 ], [ -113.826806623926998, 37.237175528007 ], [ -113.826746747620007, 37.237166973709201 ], [ -113.826610623210001, 37.237147527893597 ], [ -113.826578894714999, 37.237143489971899 ], [ -113.826555623857004, 37.237140527684801 ], [ -113.826295624463995, 37.237115528466397 ], [ -113.825959624004994, 37.237090528524597 ], [ -113.825594669048002, 37.237050533320499 ], [ -113.825594624131995, 37.237050527599102 ], [ -113.825513623042994, 37.237039528789097 ], [ -113.825381427864002, 37.237007883332197 ], [ -113.825254623475999, 37.236977528054503 ], [ -113.824977623465998, 37.236878527883199 ], [ -113.824855457078996, 37.236825988924501 ], [ -113.824784624021007, 37.236795527726102 ], [ -113.824357623325, 37.236591528493904 ], [ -113.824181194203007, 37.236510100005702 ], [ -113.824032622736993, 37.236441527675602 ], [ -113.823683623655, 37.236280527638201 ], [ -113.823297656205, 37.236090544076397 ], [ -113.823297622967999, 37.236090527626899 ], [ -113.822909623529, 37.235887528474699 ], [ -113.822124622632998, 37.235455528198798 ], [ -113.821726623147995, 37.235259528436004 ], [ -113.821726589012002, 37.235259515562397 ], [ -113.821328635341004, 37.235105534139798 ], [ -113.820860622959003, 37.234924527716402 ], [ -113.820636958622998, 37.2348116362867 ], [ -113.820438623184998, 37.234711528277998 ], [ -113.819658623210003, 37.234249528213702 ], [ -113.818834621956, 37.233841528291997 ], [ -113.818834586921994, 37.233841513272502 ], [ -113.817948621675995, 37.233448527857497 ], [ -113.817466670136994, 37.233185553968497 ], [ -113.817466621628, 37.233185527505299 ], [ -113.817421609744002, 37.2331585207817 ], [ -113.817413366802995, 37.233152633800998 ], [ -113.817379621588998, 37.233128528001501 ], [ -113.817369179571998, 37.233124351826802 ], [ -113.817354622373003, 37.233118528498103 ], [ -113.817187208742993, 37.233031994581999 ], [ -113.817058621198996, 37.232965527563898 ], [ -113.816702621546, 37.232797528073597 ], [ -113.815998621739993, 37.232540527630903 ], [ -113.815665620755993, 37.232385527176902 ], [ -113.815336621765994, 37.2322065275944 ], [ -113.815047651705001, 37.2319635536969 ], [ -113.815047621163004, 37.231963527948601 ], [ -113.814985688611998, 37.231908821271297 ], [ -113.814747620689005, 37.231698526912197 ], [ -113.814422620998997, 37.231459528808898 ], [ -113.814073621019006, 37.231245528260402 ], [ -113.813618620734005, 37.230992527877703 ], [ -113.813387619856996, 37.230842527363102 ], [ -113.813225893462004, 37.2307046270463 ], [ -113.813163621347996, 37.230651528040099 ], [ -113.812917620402999, 37.2304125273333 ], [ -113.812214651862007, 37.229667563552198 ], [ -113.812214620421003, 37.229667527789502 ], [ -113.811754620113007, 37.229162526961098 ], [ -113.811754598554003, 37.229162505503403 ], [ -113.811479619753996, 37.228898528174597 ], [ -113.811132620321999, 37.228614528263897 ], [ -113.809650620190993, 37.227466527778297 ], [ -113.809594620113998, 37.227423528320799 ], [ -113.809294619639999, 37.227209528477303 ], [ -113.808977619448001, 37.2269695276294 ], [ -113.808704619636003, 37.2267365279085 ], [ -113.808466619087, 37.226482527450898 ], [ -113.808261619047002, 37.226211528072298 ], [ -113.808261592996004, 37.226211486585697 ], [ -113.808101619214, 37.225955528044601 ], [ -113.807984297440996, 37.225760233897297 ], [ -113.807940618657, 37.225687528135097 ], [ -113.807733622561003, 37.225363532609698 ], [ -113.807487619819, 37.2250175274133 ], [ -113.807198619215001, 37.224710528132498 ], [ -113.807032624924005, 37.224552314897402 ], [ -113.806878650090994, 37.224405560494702 ], [ -113.806878618650003, 37.224405526875501 ], [ -113.806511618228996, 37.2240225273259 ], [ -113.806462086021995, 37.223970543070998 ], [ -113.806410618845007, 37.223916527304901 ], [ -113.806069992062007, 37.223542541062201 ], [ -113.805583618116003, 37.223008527458802 ], [ -113.805465074634995, 37.222850626823998 ], [ -113.805330618395999, 37.222671527352297 ], [ -113.805251849620007, 37.222474880611202 ], [ -113.805187619178994, 37.2223145281611 ], [ -113.805181626518007, 37.222284566118397 ], [ -113.805181618432997, 37.222284527490899 ], [ -113.805117617961002, 37.221942528306101 ], [ -113.805105876979994, 37.221737336491799 ], [ -113.805096618044004, 37.221575526776299 ], [ -113.805131617306003, 37.221194527951504 ], [ -113.805192618304005, 37.220832522275799 ], [ -113.805240610797995, 37.220625563414799 ], [ -113.805240617983998, 37.220625526932402 ], [ -113.805314617603997, 37.220344527485999 ], [ -113.805344696793, 37.220257778614503 ], [ -113.805426617757007, 37.220021526943597 ], [ -113.805578618992001, 37.2196805275698 ], [ -113.805597016489003, 37.219640748465501 ], [ -113.805615618800999, 37.2196005272544 ], [ -113.805745605921004, 37.219323554281502 ], [ -113.805745618497994, 37.219323527098098 ], [ -113.805779325982002, 37.219237386532797 ], [ -113.805898618659, 37.2189325269592 ], [ -113.806025416758999, 37.218552831044903 ], [ -113.806080618234006, 37.218387526399397 ], [ -113.806154616057, 37.218074536860698 ], [ -113.806161618423999, 37.217979526495597 ], [ -113.806155715594997, 37.217559036197699 ], [ -113.806148617106999, 37.217053526493302 ], [ -113.806127273135999, 37.216614394022102 ], [ -113.806108616924007, 37.216230527214002 ], [ -113.806092617030998, 37.2158385266736 ], [ -113.806079618409001, 37.215487527295501 ], [ -113.806068617639994, 37.2153015161282 ], [ -113.806054617396001, 37.214917518876597 ], [ -113.806054617396001, 37.214368526000797 ], [ -113.806055617221006, 37.2143255262298 ], [ -113.806057617769, 37.214270485542897 ], [ -113.806059617418995, 37.214215526371397 ], [ -113.806048617548001, 37.213924526037601 ], [ -113.806003619587997, 37.213632539467703 ], [ -113.805972617379993, 37.213510526202398 ], [ -113.805944367161004, 37.213439768848801 ], [ -113.805865617250006, 37.213242526428402 ], [ -113.805835617113004, 37.213189526731398 ], [ -113.805270768140005, 37.212171820591898 ], [ -113.805144616826993, 37.211944525718003 ], [ -113.805144597064, 37.211944488516103 ], [ -113.804986617541005, 37.2116595261908 ], [ -113.804920617419, 37.211527525969601 ], [ -113.803876616954994, 37.211545526793799 ], [ -113.802955679397002, 37.211562018066203 ], [ -113.800747616836006, 37.211601525991902 ], [ -113.799704616197005, 37.211621526410902 ], [ -113.795984514739004, 37.211699304495703 ], [ -113.791134613826003, 37.211800527635198 ], [ -113.791134563520998, 37.211800528350601 ], [ -113.777008612271999, 37.2120945280491 ], [ -113.776600453738993, 37.212104242025802 ], [ -113.775579611843995, 37.212128528392903 ], [ -113.774202652617006, 37.212155527623999 ], [ -113.774202611294001, 37.212155529054897 ], [ -113.770071609645001, 37.212236528120997 ], [ -113.768695609819005, 37.212264528899702 ], [ -113.767697609386005, 37.212285528582598 ], [ -113.764705608636007, 37.212348529027103 ], [ -113.764325845849001, 37.212356910863001 ], [ -113.763708609823993, 37.212370529555997 ], [ -113.758522607841002, 37.212384529563998 ], [ -113.758321608, 37.2123845302795 ], [ -113.755179462832999, 37.212392891364402 ], [ -113.750752606435, 37.212404529775498 ], [ -113.750752606435, 37.212404571985097 ], [ -113.750680607362995, 37.217972530230099 ], [ -113.749966533849005, 37.217977266658899 ], [ -113.747660607024002, 37.217992531106297 ], [ -113.742274605923001, 37.218030530538698 ], [ -113.742274552921998, 37.218030529823402 ], [ -113.738990605094003, 37.218061531548798 ], [ -113.737666521603003, 37.2180738315121 ], [ -113.736944604898, 37.218080532323 ], [ -113.736944571660004, 37.218080533038403 ], [ -113.730954608041003, 37.218136532393601 ], [ -113.724652602031, 37.218195532652899 ], [ -113.722701601371, 37.218214532677997 ], [ -113.722632498468002, 37.218215166489003 ], [ -113.722571958306006, 37.218215720894797 ], [ -113.720954601824005, 37.218230532469597 ], [ -113.718498643770005, 37.218253532074598 ], [ -113.718498600649994, 37.218253532790001 ], [ -113.716884601173007, 37.218268532497497 ], [ -113.716218601001003, 37.218274532952002 ], [ -113.716062600466998, 37.210078531743299 ], [ -113.716077384041995, 37.208048007130699 ], [ -113.716077493636007, 37.208032995374701 ], [ -113.716077555620004, 37.208024603041899 ], [ -113.716077598739005, 37.208018531657203 ], [ -113.716077549331999, 37.208018531657203 ], [ -113.716074264192997, 37.204442826921301 ], [ -113.716074265090995, 37.204442592239602 ], [ -113.716074266888, 37.204440958769403 ], [ -113.716074263294004, 37.204440928718697 ], [ -113.716077031004005, 37.2036857021494 ], [ -113.716084638835994, 37.201615915262799 ], [ -113.716090844397996, 37.199926903570997 ], [ -113.716092496399995, 37.199476900401599 ], [ -113.716094236436007, 37.198993123716697 ], [ -113.716087821567001, 37.1980482025931 ], [ -113.716081688768, 37.197144456689799 ], [ -113.716081921431993, 37.196251601684999 ], [ -113.716082049891, 37.195619136298198 ], [ -113.716078166474006, 37.192734356074197 ], [ -113.716076029381995, 37.191160935733997 ], [ -113.716076091366006, 37.189886813695402 ], [ -113.716076815408002, 37.1890209827055 ], [ -113.716076815408002, 37.189020948354802 ], [ -113.716076811815, 37.189018866560701 ], [ -113.716069610020995, 37.187257887974503 ], [ -113.716069914100999, 37.186314014061402 ], [ -113.716070564930007, 37.183425226511901 ], [ -113.716071191954001, 37.182638455662797 ], [ -113.716071191954001, 37.182635878428698 ], [ -113.716071193751006, 37.182635702366603 ], [ -113.716072049844996, 37.179496764926697 ], [ -113.716072346288996, 37.178379523969802 ], [ -113.716072346288996, 37.178379482456897 ], [ -113.716072344493, 37.1783794416597 ], [ -113.716072328322994, 37.178335188164702 ], [ -113.716072839464999, 37.176576421245997 ], [ -113.716072839464999, 37.176576376869001 ], [ -113.716072966127001, 37.176111608666297 ], [ -113.716072967024999, 37.176111580035901 ], [ -113.716072978702996, 37.176099623241001 ], [ -113.716073071229999, 37.1757246563363 ], [ -113.716073162857995, 37.175378259615897 ], [ -113.715768304294997, 37.175384729445597 ], [ -113.715367935952997, 37.1753932592556 ], [ -113.715171240838004, 37.1753973942483 ], [ -113.714943705661, 37.175402218525399 ], [ -113.714943666135994, 37.175402177010902 ], [ -113.714943586185001, 37.175402179158198 ], [ -113.714906395034006, 37.175363651498699 ], [ -113.714821627308993, 37.175253445979003 ], [ -113.714821594072006, 37.175253402316997 ], [ -113.714734468269, 37.175144475718398 ], [ -113.714644911625001, 37.175036765774401 ], [ -113.714553034632999, 37.174930283942601 ], [ -113.714511706739998, 37.174884086535101 ], [ -113.714458907359997, 37.1748251282892 ], [ -113.714362463333003, 37.174721294525 ], [ -113.714362437282006, 37.174721265894 ], [ -113.714263743873005, 37.174618819875903 ], [ -113.714162812761003, 37.174517765904099 ], [ -113.714059696047997, 37.1744181204471 ], [ -113.714001002822002, 37.174363311202399 ], [ -113.713954471887007, 37.174319902836501 ], [ -113.713847081888005, 37.174223200402999 ], [ -113.713737599712999, 37.174128036057397 ], [ -113.713626025362004, 37.174034351111302 ], [ -113.713512484597999, 37.1739422529376 ], [ -113.713396966641994, 37.173851805246798 ], [ -113.713396932506001, 37.173851778762902 ], [ -113.713375643332, 37.173835686532499 ], [ -113.713279376272993, 37.1737629407612 ], [ -113.713058149066995, 37.173603740292698 ], [ -113.712382527938004, 37.173133224623598 ], [ -113.712365189555001, 37.173121080536298 ], [ -113.712347591558, 37.173108823352301 ], [ -113.712038977139002, 37.1728938599082 ], [ -113.712030087410994, 37.172887667592597 ], [ -113.712011692608996, 37.1728748907056 ], [ -113.710511063214994, 37.171829588730901 ], [ -113.710511019197995, 37.171829557951398 ], [ -113.707999585682998, 37.170103398302203 ], [ -113.707773733948997, 37.169946361920601 ], [ -113.707160846668998, 37.169520221746701 ], [ -113.706992541909997, 37.169409138692501 ], [ -113.706992452079007, 37.169378231515601 ], [ -113.706991949021997, 37.169023679614497 ], [ -113.706991948123999, 37.169023643107202 ], [ -113.706990032017004, 37.168966739012802 ], [ -113.706990075136005, 37.168929601791703 ], [ -113.706991383982, 37.168136852344503 ], [ -113.706914781044006, 37.168136976900101 ], [ -113.706850296379997, 37.168137091433998 ], [ -113.705720240904995, 37.1681372317381 ], [ -113.705720206769001, 37.1681372317381 ], [ -113.705625326708997, 37.168137238896399 ], [ -113.705210863800005, 37.168137290436697 ], [ -113.703377219947001, 37.166652420330003 ], [ -113.702308098995005, 37.165786656595898 ], [ -113.700503779746001, 37.164325428547102 ], [ -113.697871150024994, 37.162193137723897 ], [ -113.697864091062996, 37.162187429907 ], [ -113.697862152498999, 37.162066158920197 ], [ -113.697860570565993, 37.161968938246801 ], [ -113.697860255256998, 37.161968702001403 ], [ -113.697859695606994, 37.161915119363101 ], [ -113.697852312353007, 37.161209225570303 ], [ -113.697847875573999, 37.160788048908401 ], [ -113.697847233279006, 37.160712998241699 ], [ -113.697846916173006, 37.160672453540002 ], [ -113.697846092418004, 37.160575373539899 ], [ -113.697842238646004, 37.1601245617207 ], [ -113.697842237746997, 37.160124512322703 ], [ -113.697816503710001, 37.157110274570698 ], [ -113.697816494725998, 37.157106101348397 ], [ -113.697816398607003, 37.157072437776201 ], [ -113.697780483962006, 37.153437398299999 ], [ -113.697780492045993, 37.152863014282602 ], [ -113.697780529775997, 37.150136898925901 ], [ -113.697780529775997, 37.150135953796102 ], [ -113.697780527979006, 37.1501350172584 ], [ -113.697780458809007, 37.150108590136298 ], [ -113.697766722669996, 37.150109278935702 ], [ -113.697758326116997, 37.150109785869098 ], [ -113.697756966067004, 37.150109777993002 ], [ -113.693154365962997, 37.150097585097797 ], [ -113.693154364166006, 37.150097486288701 ], [ -113.693154332725001, 37.1497870576205 ], [ -113.693140907403006, 37.1497873053601 ], [ -113.693140895724994, 37.149787276719699 ], [ -113.693140893030005, 37.149676266338801 ], [ -113.693140796910001, 37.147979664615399 ], [ -113.688503983569007, 37.147983448822302 ], [ -113.688490587892005, 37.147983482475603 ], [ -113.688494142525002, 37.150114440634702 ], [ -113.685483642768006, 37.150127541424702 ], [ -113.685481389794006, 37.150127582237097 ], [ -113.685472474912999, 37.150127633073701 ], [ -113.685467958182997, 37.15012766601 ], [ -113.685143445380007, 37.150129084420797 ], [ -113.683943324907005, 37.150134298387002 ], [ -113.683929929228995, 37.1501343320394 ], [ -113.683929892397998, 37.150134330607401 ], [ -113.679247854273001, 37.150154385972399 ], [ -113.679247733, 37.1501543852564 ], [ -113.679248051003995, 37.1501793280801 ], [ -113.679240603072003, 37.150174567349403 ], [ -113.679217371739995, 37.150159791110802 ], [ -113.678494324954997, 37.150169166508199 ], [ -113.678195449171994, 37.150173041538501 ], [ -113.678010623497002, 37.1501754423101 ], [ -113.678010571393997, 37.150175410805801 ], [ -113.677951905117993, 37.150131579706802 ], [ -113.677821041243007, 37.150033808827203 ], [ -113.677787755965994, 37.150008870251597 ], [ -113.676073687759001, 37.148723551565297 ], [ -113.674745850209007, 37.147685320043202 ], [ -113.674745464831005, 37.147671680374998 ], [ -113.67473383075, 37.147271034341003 ], [ -113.674711630684001, 37.147254373647797 ], [ -113.674697711288999, 37.146315732275198 ], [ -113.674697607983006, 37.146308779491797 ], [ -113.674697484014999, 37.146300518495899 ], [ -113.674692212701004, 37.146300648815902 ], [ -113.674690584954007, 37.146245186913603 ], [ -113.674611775754002, 37.146246832383198 ], [ -113.674529507141997, 37.146248545877 ], [ -113.673749226892994, 37.1462509668225 ], [ -113.673672065202993, 37.1461868357299 ], [ -113.673357936027003, 37.1461935472175 ], [ -113.673313478403003, 37.146194010498398 ], [ -113.673308612228993, 37.1461900078083 ], [ -113.673280645877995, 37.146166997706402 ], [ -113.672568663641997, 37.145581217657103 ], [ -113.672504777255, 37.145562409155602 ], [ -113.672447807896006, 37.145572199716199 ], [ -113.672378350158993, 37.145621509093402 ], [ -113.672265270230994, 37.145707850370499 ], [ -113.672263115172001, 37.145709497283903 ], [ -113.672163316836006, 37.145633240141997 ], [ -113.672098138671998, 37.1455834259569 ], [ -113.672194889923006, 37.145500511559298 ], [ -113.672256297857999, 37.1454557175255 ], [ -113.672287667027007, 37.145409300890996 ], [ -113.672264348558997, 37.145357350573398 ], [ -113.672235959101002, 37.145318592781898 ], [ -113.672125059384996, 37.145255177668503 ], [ -113.671619745358996, 37.144847694805797 ], [ -113.671272870793999, 37.144491478289503 ], [ -113.671108288653997, 37.144322463395703 ], [ -113.670658465360006, 37.143718809606803 ], [ -113.670616263406004, 37.143662173606899 ], [ -113.670538807068993, 37.143558226855703 ], [ -113.670521233326994, 37.1435277752704 ], [ -113.670514285756994, 37.1432883518859 ], [ -113.670505802066998, 37.142996038462499 ], [ -113.670318294921998, 37.142711272800902 ], [ -113.670153802613001, 37.142714165038697 ], [ -113.670047926275998, 37.142716008938599 ], [ -113.670047900224006, 37.142715970270501 ], [ -113.670041502423004, 37.142705931577197 ], [ -113.670041477270004, 37.1427058921929 ], [ -113.670024040970006, 37.142678031034798 ], [ -113.669937470327, 37.1425397225889 ], [ -113.669899011653001, 37.142217890795301 ], [ -113.669871586086998, 37.1419884290138 ], [ -113.669871144116001, 37.141983641988503 ], [ -113.669869432824996, 37.141965147669701 ], [ -113.669869213636005, 37.141954173669902 ], [ -113.669869004329001, 37.141944384789198 ], [ -113.669859259405001, 37.141485252637104 ], [ -113.669858499430006, 37.141449430261297 ], [ -113.669836988371998, 37.140438062888997 ], [ -113.669815317414006, 37.139415242872502 ], [ -113.669805593150997, 37.138956547237299 ], [ -113.669828781364004, 37.138956389692403 ], [ -113.669871657952001, 37.1389561297432 ], [ -113.669943679482003, 37.138955657824603 ], [ -113.669907269865007, 37.137476951870198 ], [ -113.669898211253994, 37.137108979732602 ], [ -113.669893641523998, 37.136924535742097 ], [ -113.669883480679999, 37.1365107797644 ], [ -113.669870097578993, 37.136511076244801 ], [ -113.669870097578993, 37.136511033992797 ], [ -113.669870054458997, 37.136511034708903 ], [ -113.669839788421001, 37.135281752264703 ], [ -113.669842997203006, 37.135281722186498 ], [ -113.669853211047993, 37.135281563917701 ], [ -113.669853207455006, 37.135281503045199 ], [ -113.669838092402003, 37.134667337735102 ], [ -113.669835641798002, 37.134567632583597 ], [ -113.669835638204006, 37.1345675337542 ], [ -113.669835636407996, 37.1345674513964 ], [ -113.669831510446002, 37.134399500022397 ], [ -113.669831508648997, 37.134399409070603 ], [ -113.669831511344, 37.134399373978901 ], [ -113.669831496072007, 37.134399317402597 ], [ -113.669833342109996, 37.134399048127698 ], [ -113.670249949297997, 37.134337810287199 ], [ -113.670249989721995, 37.134337804558001 ], [ -113.671183954648001, 37.134200518577003 ], [ -113.671516747224004, 37.134151588480599 ], [ -113.671497481055994, 37.131640352013299 ], [ -113.671497449615003, 37.131636228950597 ], [ -113.671497449615003, 37.131636091443603 ], [ -113.676814935311, 37.1315912827543 ], [ -113.676810881213996, 37.130197858643797 ], [ -113.676804735838999, 37.128093627942 ], [ -113.676870517671006, 37.123269226913898 ], [ -113.676874229508996, 37.122997093532902 ], [ -113.676971663480003, 37.1158501956374 ], [ -113.676877617955, 37.110261329762302 ], [ -113.658025123345993, 37.110236532099201 ], [ -113.646476078423007, 37.110176885859801 ], [ -113.646469778538005, 37.110176850040503 ], [ -113.646469576417005, 37.110168524206898 ], [ -113.645487575877993, 37.1101585241788 ], [ -113.645196534302002, 37.110160478479202 ], [ -113.645189575952003, 37.110160525044201 ], [ -113.645200872266997, 37.109396769471402 ], [ -113.645202576371005, 37.109281525398302 ], [ -113.645207576394, 37.1082335239253 ], [ -113.645207559325002, 37.108227935257801 ], [ -113.645205574946999, 37.107560523892701 ], [ -113.645208575319998, 37.107220524102999 ], [ -113.645213575343007, 37.1065215240667 ], [ -113.646549574985997, 37.106522524189202 ], [ -113.648361576626996, 37.106526523962799 ], [ -113.648514575890005, 37.106526523962799 ], [ -113.648938576212004, 37.106518523699101 ], [ -113.649652492521994, 37.106541583828303 ], [ -113.649712576338999, 37.106543523893599 ], [ -113.649877577094003, 37.106544523299398 ], [ -113.649872576172996, 37.105958523914197 ], [ -113.649867576150001, 37.105820523763697 ], [ -113.649807575875997, 37.103766523253903 ], [ -113.649792576704996, 37.103255523435202 ], [ -113.649759576194995, 37.102131523056102 ], [ -113.649721383422005, 37.100829394357099 ], [ -113.649706575593001, 37.100324522829702 ], [ -113.649651576240004, 37.098471522726598 ], [ -113.649613575706994, 37.097190523290699 ], [ -113.649599576360998, 37.096696522812103 ], [ -113.649753575448997, 37.0967335228218 ], [ -113.649767322368007, 37.095589516354899 ], [ -113.649767574793998, 37.095568522212098 ], [ -113.648701574588998, 37.095563523025902 ], [ -113.640781885110997, 37.095544524395201 ], [ -113.640781573395003, 37.095544522962101 ], [ -113.640781586870006, 37.095534735244101 ], [ -113.640781631785998, 37.095499293089603 ], [ -113.640789572892999, 37.089204522455397 ], [ -113.640786573417998, 37.088960522372098 ], [ -113.640776572473996, 37.0882325217312 ], [ -113.637171572154003, 37.0882155227075 ], [ -113.636689572104999, 37.0882135219791 ], [ -113.636217104078995, 37.088210587529503 ], [ -113.636206573129002, 37.0882105223195 ], [ -113.636214570830006, 37.085288522350602 ], [ -113.636205726916003, 37.084568149340598 ], [ -113.636205571508, 37.084555523075103 ], [ -113.631626571043995, 37.084534522292401 ], [ -113.627088569688993, 37.084518522135802 ] ] ] } }
]
}
