{"type":"FeatureCollection","crs":{"type":"name","properties":{"name":"EPSG:4326"}},"features":[{"type":"Feature","geometry":{"type":"Polygon","coordinates":[[[-111.869593173278,40.6384889661297],[-111.869593212804,40.6384225541869],[-111.869593590995,40.6377593152637],[-111.869370033558,40.6377592402789],[-111.86906196801,40.6377591353003],[-111.868753899766,40.6377590289582],[-111.868445834218,40.6377589219345],[-111.868137766872,40.6377588149108],[-111.867829699527,40.6377587065238],[-111.867300546909,40.6377585190619],[-111.867300676266,40.6375496725518],[-111.867300799336,40.6373476251847],[-111.867300998762,40.6370230522382],[-111.867301104763,40.6368514263771],[-111.86730200218,40.6368133008707],[-111.867303110701,40.6367941569884],[-111.867303805997,40.6367855397513],[-111.867336310637,40.6363830751635],[-111.867356103218,40.636375329078],[-111.867357267434,40.6363748532558],[-111.867358419973,40.6363743617546],[-111.867359561732,40.6363738559378],[-111.867360691812,40.6363733337604],[-111.867361809316,40.6363727979491],[-111.867362912448,40.6363722478222],[-111.867364004799,40.6363716813347],[-111.867365084574,40.636371101895],[-111.867366149078,40.6363705060947],[-111.867367201903,40.6363698987055],[-111.867368238559,40.6363692770007],[-111.867369263537,40.6363686389353],[-111.867370270548,40.6363679913262],[-111.867371264085,40.6363673280381],[-111.86737224235,40.6363666517978],[-111.867373205344,40.6363659626054],[-111.867374152168,40.6363652618241],[-111.867375081026,40.636364547409],[-111.867375994613,40.6363638220867],[-111.86737689203,40.6363630831306],[-111.867377771481,40.6363623325856],[-111.867378634762,40.6363615711335],[-111.867379479178,40.6363607980927],[-111.867380308323,40.6363600141447],[-111.867381115908,40.6363592192896],[-111.867381907324,40.6363584142092],[-111.867382678079,40.6363575968581],[-111.867383431765,40.6363567713268],[-111.867384165689,40.6363559362517],[-111.867384882544,40.6363550902695],[-111.867385577841,40.6363542347437],[-111.867386252475,40.636353369674],[-111.867386908245,40.636352496424],[-111.867387546049,40.6363516149937],[-111.867388160497,40.6363507253831],[-111.867388757877,40.6363498275921],[-111.867389331002,40.6363489209391],[-111.867389883466,40.6363480088325],[-111.867390417963,40.6363470878639],[-111.867390929105,40.6363461600783],[-111.867391417788,40.6363452254757],[-111.867391887607,40.6363442854197],[-111.867392334968,40.6363433392283],[-111.867392758973,40.6363423855383],[-111.867393164113,40.6363414284398],[-111.8673935441,40.6363404645244],[-111.867393902528,40.6363394978821],[-111.867394240295,40.6363385251046],[-111.867394555603,40.6363375475553],[-111.867394847556,40.6363365665974],[-111.867395118847,40.6363355815494],[-111.867395364986,40.6363345924112],[-111.867395588666,40.6363336012279],[-111.867395790787,40.6363326073178],[-111.867395969552,40.6363316106809],[-111.867396125859,40.6363306119989],[-111.867396259708,40.6363296112718],[-111.867396369302,40.6363286084996],[-111.86739645554,40.6363276050458],[-111.867396522016,40.6363265995468],[-111.867396561541,40.6363255947295],[-111.867396580406,40.6363243260965],[-111.867392977263,40.6363243260965],[-111.867393072485,40.6360522340956],[-111.867393182978,40.6357876355931],[-111.86693519849,40.6357875749218],[-111.866936713948,40.6355853027139],[-111.866937108308,40.6355327250781],[-111.866937127173,40.6355301277922],[-111.86693843512,40.6353557883193],[-111.866938445001,40.6353543117481],[-111.866938771988,40.6353108210534],[-111.866940518313,40.6350775147427],[-111.86694059467,40.6350675890882],[-111.866940605449,40.6350661070569],[-111.866942267333,40.6348442089801],[-111.866944017251,40.6346109037657],[-111.866941888244,40.634610903084],[-111.866941867582,40.6344233359669],[-111.866941862192,40.6343829335124],[-111.866941835243,40.6341653266144],[-111.866941830751,40.6341406218928],[-111.866941802904,40.6339073121746],[-111.866563495388,40.6339073394434],[-111.866555786046,40.6339073367165],[-111.866301167562,40.6339073510326],[-111.866269166877,40.6339073530777],[-111.866141451596,40.6339073605767],[-111.866141703124,40.6338720618425],[-111.866142003162,40.6338301729054],[-111.866142855663,40.6337106216553],[-111.866144455562,40.6334910164808],[-111.866145878494,40.6332919121096],[-111.86629055217,40.6332903625481],[-111.866359092728,40.6332896290118],[-111.866591618945,40.6332871400328],[-111.866691839489,40.6332860669973],[-111.866691814336,40.6330587909912],[-111.866691779302,40.6327814663541],[-111.866691747861,40.6325270154391],[-111.866805772817,40.6325270563431],[-111.866805970446,40.6322114063867],[-111.866806276772,40.6317188705795],[-111.866806278568,40.6317154291494],[-111.866774952518,40.6317131125924],[-111.866707747755,40.6317081420161],[-111.866281275268,40.6316766060154],[-111.866213837842,40.6316718474581],[-111.865973597792,40.6318545124141],[-111.865976553249,40.6315531008907],[-111.8659745536,40.6315141017725],[-111.865971553226,40.631399101111],[-111.8659705543,40.6313611020226],[-111.865946553112,40.6305571037916],[-111.865942552914,40.6304221028979],[-111.865941554886,40.63038410189],[-111.865940554163,40.6303561028918],[-111.865938553615,40.6303191033453],[-111.86593755379,40.630273102554],[-111.86591155385,40.6301231024211],[-111.86591155385,40.630061101995],[-111.865965555175,40.630061101995],[-111.866130554133,40.630061101995],[-111.866185553487,40.6300611013132],[-111.866296554713,40.6300611026767],[-111.866631552652,40.6300611026767],[-111.866722553787,40.6300621014525],[-111.866743553704,40.6300621021343],[-111.867051553675,40.6300621014525],[-111.867388553959,40.630062102816],[-111.867528554599,40.630061101995],[-111.867975554488,40.6300561012984],[-111.868283555358,40.6300541017013],[-111.868763555757,40.6300491023677],[-111.869431445086,40.6300511285534],[-111.870082553885,40.6300531022437],[-111.871009248746,40.6300355019694],[-111.871293555652,40.6300301017604],[-111.871449553491,40.630027101341],[-111.871574554961,40.6300251017432],[-111.871919554743,40.6300291009388],[-111.872076554203,40.6300311012183],[-111.872078977858,40.6300311189441],[-111.872087597193,40.6300311768935],[-111.872176530406,40.6300317857039],[-111.872368554281,40.6300331014978],[-111.872479555507,40.6300341016375],[-111.874025556111,40.6300591017164],[-111.874266557034,40.6300641010493],[-111.87627655455,40.630247101737],[-111.876508608253,40.6302721085536],[-111.876552564616,40.6302768460763],[-111.876534474343,40.6310692845563],[-111.876563326433,40.6310695136236],[-111.87655057395,40.632008616813],[-111.876544070147,40.6320402337837],[-111.876547518779,40.6323317415895],[-111.876461748534,40.6323208917757],[-111.876461748534,40.6325197822513],[-111.876480809886,40.6330658230111],[-111.87645698387,40.6331887724578],[-111.876347387609,40.633376810706],[-111.876190142908,40.6334816795993],[-111.876013838652,40.6335214567776],[-111.87600907309,40.6346026686872],[-111.8759947773,40.6353692710625],[-111.87462245338,40.63537650326],[-111.874350847754,40.6353692710625],[-111.873845753816,40.6353511909063],[-111.873583678416,40.6353403429466],[-111.873183417872,40.6353222614191],[-111.873183417872,40.6354018156041],[-111.873207243888,40.6355826154454],[-111.87327395368,40.6357742654148],[-111.873297778797,40.6360165356573],[-111.873316838353,40.6366240186707],[-111.873312073689,40.6376364805757],[-111.873329581853,40.637732207587],[-111.872236897193,40.6377323814153],[-111.872221372508,40.638082944599],[-111.872230459866,40.6387837232457],[-111.872061409506,40.638785906632],[-111.871867403049,40.6387837757342],[-111.871675851687,40.6387825166913],[-111.871493764078,40.6387856728195],[-111.871343612475,40.6387913081779],[-111.871210234214,40.6388067711572],[-111.871062694912,40.6388285927388],[-111.870943441762,40.6388439009708],[-111.870833505937,40.6388501205142],[-111.870653669505,40.6388433876744],[-111.87058038225,40.6388439486876],[-111.870511635079,40.6388309356341],[-111.870440397779,40.6388107391519],[-111.870360759434,40.6387825541832],[-111.87026572666,40.6387462934641],[-111.870138427299,40.6386869118418],[-111.870047941797,40.6386389433789],[-111.869897703058,40.6385481795552],[-111.869812212189,40.6385173216403],[-111.869692488321,40.6384993098222],[-111.869607252574,40.6384890915574],[-111.869593173278,40.6384889661297]]]},"properties":{"PrecinctID":"MUR033","VistaID":"MUR033","CountyID":18,"SubPrecinctID":null,"AliasName":null,"VersionNbr":null}},{"type":"Feature","geometry":{"type":"Polygon","coordinates":[[[-111.854492298418,40.6517875115018],[-111.85435796974,40.6515813995995],[-111.852024313719,40.6511752621052],[-111.852024161903,40.6517546553081],[-111.852024125971,40.6520428540565],[-111.852024125971,40.6520466427024],[-111.851935381404,40.6520464525545],[-111.851647071605,40.6520458330404],[-111.851358763603,40.6520452142078],[-111.851329943852,40.6520451521882],[-111.851090532049,40.6520446362672],[-111.850473621214,40.6520433072764],[-111.850070004563,40.6520424362763],[-111.850035813785,40.6520516015414],[-111.850031986962,40.6520423544923],[-111.849904339055,40.6517339161438],[-111.849811126268,40.6515435987403],[-111.849631545856,40.6511769434707],[-111.849614582071,40.6511423469973],[-111.849419935115,40.650745411805],[-111.849301987216,40.6504784868013],[-111.849187625392,40.650218935127],[-111.849054319896,40.6499307291825],[-111.848963094182,40.649733499053],[-111.848961967695,40.6497311449539],[-111.848823389986,40.6494412718509],[-111.848803592914,40.6493998615969],[-111.848803932477,40.6493998650048],[-111.84937969059,40.649406661528],[-111.849671553226,40.6494101061355],[-111.849982552672,40.6494141048516],[-111.850888553942,40.649459104874],[-111.850938552374,40.6494621051016],[-111.851347552628,40.6494631056318],[-111.851931553682,40.6494641047988],[-111.852450554439,40.649465105329],[-111.853609553632,40.6494691054049],[-111.853961553087,40.6494701066166],[-111.854517553654,40.6494721056321],[-111.854517997421,40.6494721185817],[-111.854517845606,40.6495004837394],[-111.854517833928,40.6495018972942],[-111.854511088479,40.650687811518],[-111.854507167332,40.6517218379459],[-111.854507054145,40.6517513450844],[-111.854506917601,40.651787534674],[-111.854492298418,40.6517875115018]]]},"properties":{"PrecinctID":"MUR051","VistaID":"MUR051","CountyID":18,"SubPrecinctID":null,"AliasName":null,"VersionNbr":null}},{"type":"Feature","geometry":{"type":"Polygon","coordinates":[[[-111.864774898453,40.6495696606502],[-111.865801433871,40.6495781985392],[-111.865927556439,40.6495792467768],[-111.865928557162,40.6503771034783],[-111.865931555738,40.6527741043967],[-111.865932556462,40.6535728688452],[-111.86593255736,40.653573105332],[-111.865933558083,40.6537111051088],[-111.865934557908,40.6539811051208],[-111.865936555761,40.65412610455],[-111.865938556309,40.6542651056858],[-111.865938557208,40.6543401045702],[-111.865941556683,40.6545651041251],[-111.865943556332,40.6546411038064],[-111.865944557954,40.6547731041231],[-111.865946535146,40.6549136672821],[-111.865820353289,40.6549111600273],[-111.865816398007,40.6549110809728],[-111.865754140266,40.6549101861574],[-111.865744317189,40.6549100048773],[-111.865444504463,40.654905551927],[-111.865210283125,40.6549020353638],[-111.865022493909,40.654899231654],[-111.864886999218,40.6548972089485],[-111.864630144827,40.6548933720776],[-111.864393074033,40.6548898309795],[-111.864336472984,40.6548889859137],[-111.864291433252,40.6548883125871],[-111.863952720779,40.6548832537777],[-111.863782270844,40.6548807056315],[-111.863613986747,40.6548791681568],[-111.863420898368,40.6548776095554],[-111.863420901063,40.6547765470905],[-111.863420901063,40.6547282950985],[-111.86342090825,40.6543399648606],[-111.863420916335,40.6539136754162],[-111.863420919928,40.6538384429742],[-111.863389804981,40.653838434796],[-111.863354497597,40.6538384279809],[-111.862858099351,40.6538383196199],[-111.862597825074,40.6538382616911],[-111.862559830829,40.6538382541944],[-111.862571648167,40.6536005691429],[-111.86258233722,40.6533855615087],[-111.862583689185,40.6533583688543],[-111.862583920052,40.6533537065738],[-111.862596192835,40.6531068424099],[-111.862608098208,40.6528673705195],[-111.862608466517,40.6528599800587],[-111.862620737504,40.6526131174756],[-111.862633010287,40.6523662539792],[-111.862645284867,40.6521193909326],[-111.862658356253,40.6518564209243],[-111.86267017359,40.651618685876],[-111.862672643957,40.651569021497],[-111.862675551804,40.6515105100217],[-111.862675502397,40.6515079024527],[-111.863666884043,40.6514237118624],[-111.863964197656,40.6513984621615],[-111.863964229995,40.6513428872963],[-111.863964502184,40.650867912948],[-111.863966692277,40.6508679136295],[-111.864777979675,40.6508681794324],[-111.864777485601,40.6507507851212],[-111.864777251141,40.650695279916],[-111.864777040935,40.6506454628645],[-111.864776466912,40.6505092437697],[-111.864774855334,40.650125514679],[-111.86477431904,40.649662989866],[-111.864774898453,40.6495696606502]]]},"properties":{"PrecinctID":"MUR018","VistaID":"MUR018","CountyID":18,"SubPrecinctID":null,"AliasName":null,"VersionNbr":null}},{"type":"Feature","geometry":{"type":"Polygon","coordinates":[[[-111.854629807132,40.6404689210285],[-111.854698894763,40.6347313389458],[-111.854705573738,40.6332103395467],[-111.854712367696,40.6316631797928],[-111.854900471323,40.6316621203659],[-111.855220147597,40.6316619594748],[-111.855220141309,40.6316756843006],[-111.855508363971,40.6316755384079],[-111.85579658843,40.6316753931969],[-111.855796595616,40.6316616601902],[-111.856084820075,40.6316615136156],[-111.856084812889,40.6316752302606],[-111.856373036449,40.6316750823226],[-111.856373044534,40.6316613786307],[-111.856661267196,40.631661230011],[-111.85666126001,40.6316749452926],[-111.8567189058,40.6316749173411],[-111.856957918751,40.6316749009794],[-111.857314956856,40.6316747162273],[-111.857639371742,40.6316608148302],[-111.85801204233,40.631660609626],[-111.858501370835,40.6316603430649],[-111.858501996062,40.6316603417014],[-111.858586662278,40.6316602967064],[-111.858622431396,40.6316602776176],[-111.858612626284,40.6315643694194],[-111.858606772862,40.6314784813535],[-111.858553753395,40.6307007722039],[-111.858552559534,40.6306832559558],[-111.858441739768,40.6307233197733],[-111.858313339971,40.6307231057033],[-111.857082033584,40.6307393981974],[-111.85708200394,40.6307846739665],[-111.857081805412,40.6310987237882],[-111.85708158263,40.6314781663879],[-111.856702401053,40.6314783409143],[-111.856702395663,40.6314889604357],[-111.856283817572,40.6314891513239],[-111.855888209402,40.6314887838641],[-111.855563958907,40.6314889290755],[-111.855563969687,40.6314752062565],[-111.855330926041,40.6314753091999],[-111.855311773061,40.6314753180625],[-111.855074926846,40.6314754230511],[-111.854872495989,40.631475513723],[-111.854848565768,40.6314755246309],[-111.854713192349,40.6314754571382],[-111.854717341668,40.6305295882291],[-111.854717947132,40.630391903211],[-111.854731551219,40.6303911035125],[-111.855859551348,40.6302861029587],[-111.856928551926,40.6301861022452],[-111.857051552848,40.6301781025089],[-111.857601551771,40.6301431024582],[-111.858686552242,40.6301051019734],[-111.859227551842,40.6300911027582],[-111.860081554132,40.6300691024271],[-111.860172552572,40.6300741017592],[-111.861240552426,40.6300591023981],[-111.86174355329,40.6300591030799],[-111.861814552537,40.6300591023981],[-111.862029551724,40.6300591017164],[-111.86210155349,40.6300591017164],[-111.862491552579,40.6300601025375],[-111.864172390307,40.6300607440719],[-111.865135553175,40.6300611026767],[-111.865347554684,40.6300611033585],[-111.865537553757,40.6300611013132],[-111.865611554275,40.630061101995],[-111.865836552609,40.6300611013132],[-111.86591155385,40.630061101995],[-111.86591155385,40.6301231024211],[-111.86593755379,40.630273102554],[-111.865938553615,40.6303191033453],[-111.865940554163,40.6303561028918],[-111.865941554886,40.63038410189],[-111.865942552914,40.6304221028979],[-111.865946553112,40.6305571037916],[-111.8659705543,40.6313611020226],[-111.865971553226,40.631399101111],[-111.8659745536,40.6315141017725],[-111.865976553249,40.6315531008907],[-111.865973597792,40.6318545124141],[-111.865972553051,40.6319611023619],[-111.865967553029,40.6324271032983],[-111.865966554102,40.6325291008604],[-111.865965362936,40.6326973434926],[-111.865964682013,40.6327934102702],[-111.865963553729,40.6329531026776],[-111.865962553006,40.6331871029101],[-111.865961554977,40.6332041024347],[-111.865959554429,40.633596102664],[-111.865961555876,40.6338291032871],[-111.865962555701,40.6339041026418],[-111.865959555328,40.6341561036739],[-111.865944554361,40.6358361030636],[-111.865940554163,40.6363971023724],[-111.865942553812,40.6364721022509],[-111.86594655401,40.6366001022124],[-111.865950554208,40.6367001035455],[-111.865953556378,40.6367761031222],[-111.865965554277,40.6371191025666],[-111.866001554262,40.6381511019692],[-111.866004553737,40.6382311026886],[-111.866011554308,40.6384961018735],[-111.866011557003,40.6384962913783],[-111.866012555031,40.6386341028356],[-111.866011554308,40.6386491029971],[-111.866006554285,40.6391081035823],[-111.86600555446,40.6392611033033],[-111.866002554087,40.639441103328],[-111.865998553889,40.6397231030727],[-111.865998554787,40.63977210347],[-111.865998554787,40.6399821045708],[-111.865999553714,40.6399951037668],[-111.865998555686,40.6401631040027],[-111.865979555419,40.6404791035443],[-111.865975554323,40.6405661033928],[-111.865966553204,40.6406461046264],[-111.865944553462,40.640859103592],[-111.865944556157,40.6410681033437],[-111.865950556903,40.6414281033875],[-111.865957554779,40.6417461036856],[-111.865958556401,40.6418131033023],[-111.865962556599,40.6420161030325],[-111.865964550859,40.6420839257938],[-111.865964553554,40.6420840396269],[-111.865837622502,40.6420574238024],[-111.864996176864,40.6418809787559],[-111.863572175561,40.6416648740923],[-111.863090206054,40.6415859122183],[-111.862865651488,40.6414487673658],[-111.862350819812,40.6408503144227],[-111.86220294454,40.6407588842265],[-111.862011252143,40.6406882339992],[-111.861819557051,40.640654986527],[-111.86160048131,40.6406383624438],[-111.85948090999,40.6406300517639],[-111.856704107852,40.6406466738043],[-111.855805891383,40.6406508291433],[-111.855318444849,40.6406258943787],[-111.854629807132,40.6404689210285]]]},"properties":{"PrecinctID":"MUR034","VistaID":"MUR034","CountyID":18,"SubPrecinctID":null,"AliasName":null,"VersionNbr":null}},{"type":"Feature","geometry":{"type":"Polygon","coordinates":[[[-111.854713192349,40.6314754571382],[-111.854848565768,40.6314755246309],[-111.854872495989,40.631475513723],[-111.855074926846,40.6314754230511],[-111.855311773061,40.6314753180625],[-111.855330926041,40.6314753091999],[-111.855563969687,40.6314752062565],[-111.855563958907,40.6314889290755],[-111.855888209402,40.6314887838641],[-111.856283817572,40.6314891513239],[-111.856702395663,40.6314889604357],[-111.856702401053,40.6314783409143],[-111.85708158263,40.6314781663879],[-111.857081805412,40.6310987237882],[-111.85708200394,40.6307846739665],[-111.857082033584,40.6307393981974],[-111.858313339971,40.6307231057033],[-111.858441739768,40.6307233197733],[-111.858552559534,40.6306832559558],[-111.858553753395,40.6307007722039],[-111.858606772862,40.6314784813535],[-111.858612626284,40.6315643694194],[-111.858622431396,40.6316602776176],[-111.858586662278,40.6316602967064],[-111.858501996062,40.6316603417014],[-111.858501370835,40.6316603430649],[-111.85801204233,40.631660609626],[-111.857639371742,40.6316608148302],[-111.857314956856,40.6316747162273],[-111.856957918751,40.6316749009794],[-111.8567189058,40.6316749173411],[-111.85666126001,40.6316749452926],[-111.856661267196,40.631661230011],[-111.856373044534,40.6316613786307],[-111.856373036449,40.6316750823226],[-111.856084812889,40.6316752302606],[-111.856084820075,40.6316615136156],[-111.855796595616,40.6316616601902],[-111.85579658843,40.6316753931969],[-111.855508363971,40.6316755384079],[-111.855220141309,40.6316756843006],[-111.855220147597,40.6316619594748],[-111.854900471323,40.6316621203659],[-111.854712367696,40.6316631797928],[-111.854705573738,40.6332103395467],[-111.854545391546,40.6332108535681],[-111.854181202852,40.6333848686874],[-111.85387903115,40.6335292488696],[-111.853659270892,40.6336342525044],[-111.853643090437,40.6336451757307],[-111.853446635172,40.6337777984035],[-111.85338191515,40.6338214871138],[-111.853401955665,40.6339420034789],[-111.853400222815,40.6339430751405],[-111.853307854444,40.6340001635928],[-111.853091217629,40.6341340576437],[-111.853084017632,40.634138507208],[-111.852846190457,40.6342854946842],[-111.852702249806,40.6342855969415],[-111.852479154103,40.6342857510091],[-111.852418850198,40.634285791912],[-111.852154292754,40.6342859773385],[-111.852125786515,40.6342859971082],[-111.85212269631,40.6342859991534],[-111.85212284543,40.6344107276714],[-111.852123098755,40.6346235379285],[-111.851749020508,40.6346227103305],[-111.85174901422,40.6346171073424],[-111.851300798012,40.6346160445539],[-111.85120865422,40.6346158270878],[-111.851019806788,40.6346153785215],[-111.850738818259,40.6346147111257],[-111.850457827034,40.6346140430483],[-111.850176838505,40.6346133763342],[-111.849873812505,40.6346126537198],[-111.849873941863,40.6345726794951],[-111.849874770109,40.6343161875351],[-111.849875124046,40.6342065499866],[-111.849875848986,40.6339820892013],[-111.849876359229,40.6338242617134],[-111.849876666453,40.6337294582841],[-111.849877347376,40.6335185199154],[-111.849877500988,40.6334709315491],[-111.849877551294,40.6334552628168],[-111.849878028299,40.6333075822436],[-111.849878345404,40.6332092903703],[-111.849878708324,40.6330966425421],[-111.849879119752,40.6329701561184],[-111.849879391043,40.6328857042193],[-111.849879891405,40.6327310210099],[-111.849880071966,40.6326747665936],[-111.849880662159,40.6324918864085],[-111.849880752889,40.6324638269381],[-111.849881435609,40.6322528900248],[-111.849881434711,40.6322527495873],[-111.849882114735,40.6320419497182],[-111.84988220816,40.6320136146365],[-111.849883521497,40.6316072005825],[-111.849537911759,40.6315308317527],[-111.849378863242,40.631495689245],[-111.849291875779,40.6314783518222],[-111.849207276039,40.6314650196404],[-111.849121899256,40.6314549720984],[-111.849035962823,40.631448237831],[-111.849046809082,40.6312024563792],[-111.849377210342,40.6311958911596],[-111.849666921512,40.6311884948901],[-111.849862363477,40.6311826373222],[-111.84988371733,40.6311826182333],[-111.849883665227,40.631151630109],[-111.850268611293,40.6311503995556],[-111.851496151942,40.6311435493605],[-111.851872485859,40.6311414461704],[-111.852311688371,40.6310853274463],[-111.853056705254,40.6309901315314],[-111.853306807907,40.6309581718254],[-111.853364549817,40.6309531732411],[-111.853402493756,40.6309498872104],[-111.853423577216,40.630948062168],[-111.853423672437,40.6309620046184],[-111.853426532673,40.6313880854817],[-111.8535452118,40.6313874780472],[-111.853993721757,40.6313851798859],[-111.853998189079,40.6313851567065],[-111.854575560566,40.631385710965],[-111.854575246156,40.6314070004845],[-111.854574725133,40.6314422412102],[-111.854574234653,40.6314754503208],[-111.854713192349,40.6314754571382]]]},"properties":{"PrecinctID":"MUR036","VistaID":"MUR036","CountyID":18,"SubPrecinctID":null,"AliasName":null,"VersionNbr":null}},{"type":"Feature","geometry":{"type":"Polygon","coordinates":[[[-111.871885305574,40.6462550403915],[-111.871316141993,40.6462529949313],[-111.871291932396,40.6466581086475],[-111.871875600176,40.6466591746523],[-111.871869439529,40.6469157091589],[-111.872235996183,40.6469157718648],[-111.872235928809,40.6471487116872],[-111.872235927911,40.6471531862842],[-111.872713896321,40.647152785513],[-111.872713772353,40.6473822511696],[-111.872713649284,40.6476117160373],[-111.872713527113,40.6478410438007],[-111.872713498367,40.6478959393246],[-111.872713368111,40.6481319918807],[-111.872713242347,40.6483680436018],[-111.872713119278,40.6485975091693],[-111.872712997107,40.6488269739478],[-111.87271291536,40.6489783762948],[-111.872712869546,40.6490621180934],[-111.872381329223,40.6490620083616],[-111.872110475486,40.6490619177136],[-111.872002147646,40.6490618815907],[-111.871840196672,40.6490618270655],[-111.871840058331,40.6492402344306],[-111.871840022399,40.6492882688837],[-111.871839875075,40.6494793322123],[-111.871839848126,40.6495147078889],[-111.871840540727,40.6496205976239],[-111.871265335976,40.6496087521365],[-111.871265353044,40.6495969080102],[-111.871248644379,40.6480385139852],[-111.871246895359,40.6479024858627],[-111.871230607107,40.6478272882193],[-111.871222940884,40.6477918912008],[-111.870969631245,40.6473208038575],[-111.870708876369,40.6469375171842],[-111.870225664493,40.6462273656713],[-111.870113886224,40.6461357669892],[-111.869501293591,40.6456337485785],[-111.868125777957,40.6448125937145],[-111.867838255082,40.6445256179031],[-111.867536482232,40.6442423099829],[-111.867307763076,40.6440205855457],[-111.867152217089,40.6438830633084],[-111.867023672664,40.6438209386547],[-111.866973872759,40.6438078079699],[-111.866826993719,40.6437936098687],[-111.866696800885,40.6437873744271],[-111.86596657656,40.6437802201637],[-111.865965839043,40.6437802126659],[-111.865965556972,40.6437802058497],[-111.865965556074,40.643780103607],[-111.86596455535,40.6434401027598],[-111.86596455535,40.6424231033215],[-111.86596455535,40.642084103019],[-111.865964553554,40.6420840396269],[-111.865964550859,40.6420839257938],[-111.865962556599,40.6420161030325],[-111.865958556401,40.6418131033023],[-111.865957554779,40.6417461036856],[-111.865950556903,40.6414281033875],[-111.865944556157,40.6410681033437],[-111.865944553462,40.640859103592],[-111.865966553204,40.6406461046264],[-111.865975554323,40.6405661033928],[-111.865979555419,40.6404791035443],[-111.865998555686,40.6401631040027],[-111.865999553714,40.6399951037668],[-111.865998554787,40.6399821045708],[-111.865998554787,40.63977210347],[-111.865998553889,40.6397231030727],[-111.866002554087,40.639441103328],[-111.86600555446,40.6392611033033],[-111.866006554285,40.6391081035823],[-111.866011554308,40.6386491029971],[-111.866012555031,40.6386341028356],[-111.866011557003,40.6384962913783],[-111.866137662502,40.6384963820406],[-111.866552659909,40.6384966792497],[-111.866602840699,40.6384967153783],[-111.866784496219,40.6384968462594],[-111.867485857674,40.6385041503752],[-111.868949641768,40.6384832550802],[-111.869593173278,40.6384889661297],[-111.869593132854,40.6385598865814],[-111.869592937021,40.6389029872913],[-111.869592742985,40.6392460862377],[-111.869592663933,40.6393833262769],[-111.869592463609,40.6397412788405],[-111.869334828582,40.6397418766558],[-111.869325819378,40.6397418977873],[-111.869209732789,40.639742168406],[-111.869077194454,40.6397424751527],[-111.86888634827,40.6397429189129],[-111.868819562122,40.6397430750129],[-111.868807672021,40.6397431022793],[-111.868561928892,40.6397436714648],[-111.868554794472,40.639743689188],[-111.868547218979,40.6397437062295],[-111.868517419166,40.6397437750771],[-111.868316908906,40.6397442392871],[-111.868304298356,40.6397442692801],[-111.868140310901,40.639744649646],[-111.86805459186,40.6397448466456],[-111.868046664228,40.639744865732],[-111.867779992149,40.6397454833153],[-111.867563800898,40.6397459829717],[-111.867311585407,40.6397465657904],[-111.867191592943,40.6397468418624],[-111.867059361832,40.6397471465641],[-111.866831275089,40.6397476728051],[-111.866807144544,40.6397477280195],[-111.866470956337,40.6397485023844],[-111.866458336804,40.6397485323775],[-111.866110637585,40.6397493312822],[-111.866110484872,40.6397686726799],[-111.866108360356,40.6400379976873],[-111.866106402029,40.6402863968846],[-111.866104253259,40.6405590326272],[-111.866102697377,40.6407561610388],[-111.866100748032,40.6410031881359],[-111.866123696395,40.6410032931094],[-111.866677258934,40.6410058226995],[-111.866731306971,40.6410060687739],[-111.867001545362,40.6410073039172],[-111.867001528294,40.6410094436053],[-111.866999865512,40.641221212407],[-111.866999670578,40.6412454659868],[-111.866997414908,40.6415317701706],[-111.866976728504,40.6415931007989],[-111.866967824402,40.6416194986837],[-111.867171949483,40.6416594509665],[-111.867249501041,40.6416736379337],[-111.867327602369,40.6416859503893],[-111.867338673206,40.6417529384785],[-111.867386627073,40.6419273273645],[-111.86741564625,40.6420328576467],[-111.867486928466,40.6420214845496],[-111.867486927567,40.6420237816632],[-111.867486826058,40.6422581045535],[-111.867486823363,40.6422639897784],[-111.867646044357,40.6423489587615],[-111.868010863669,40.6425436402858],[-111.868660540554,40.6428903304179],[-111.868733754148,40.64292939787],[-111.86906196262,40.6429780210193],[-111.869152582869,40.6429914463299],[-111.869225263762,40.6430022126144],[-111.869420587149,40.643031148998],[-111.869527600754,40.6429885460104],[-111.869829352044,40.6428684181444],[-111.870116060147,40.6427542781697],[-111.870131071894,40.6427483077845],[-111.870160358769,40.6427366021745],[-111.870371443098,40.6426045562349],[-111.870375223208,40.6423612192884],[-111.870378572128,40.6421416677891],[-111.870382833735,40.6418672096767],[-111.870383746424,40.6418601485918],[-111.870386234757,40.6418533131283],[-111.870390228667,40.6418469036877],[-111.870395605982,40.6418411111289],[-111.870402208599,40.6418361099512],[-111.870409843381,40.6418320453438],[-111.87041827946,40.6418290393201],[-111.870427266206,40.6418271811748],[-111.870436540413,40.6418265247573],[-111.87066714693,40.6418254341364],[-111.870955405524,40.6418240701786],[-111.871171241941,40.641823048403],[-111.871243680289,40.6418216019669],[-111.871727114947,40.6418119431541],[-111.871774553181,40.6418109949953],[-111.871770681442,40.6418508503708],[-111.871820342108,40.642113838677],[-111.87184186664,40.6421661527902],[-111.871842131643,40.6421667976165],[-111.871883035531,40.6422320082035],[-111.871928390572,40.6423043227083],[-111.871929294277,40.6423057636809],[-111.871988297421,40.6423700000792],[-111.872054583208,40.6424421644755],[-111.872057520699,40.6424452652184],[-111.872247039173,40.6426453674632],[-111.872248100083,40.6426464873808],[-111.872333163354,40.6427366451171],[-111.872342179744,40.6427698083939],[-111.872347440279,40.6427891652756],[-111.872355190943,40.642859425433],[-111.872358415895,40.6428886617945],[-111.872358549744,40.642889873046],[-111.87236352641,40.6429341760738],[-111.872528293603,40.6430996223615],[-111.872531327214,40.6431026671806],[-111.872630558713,40.6431991361398],[-111.872749358215,40.6432942185383],[-111.872785492049,40.6433231397995],[-111.872988127722,40.6434810688868],[-111.873011893552,40.6434995885316],[-111.873012833189,40.6435003192293],[-111.873172728818,40.6436246501886],[-111.873231892761,40.6436642597799],[-111.873243626556,40.6436721161235],[-111.873484826904,40.6438376614614],[-111.873485256299,40.6438379463776],[-111.873485086517,40.6438380772481],[-111.873454970497,40.6438614458195],[-111.873697866865,40.644021209224],[-111.873701957793,40.6440239009242],[-111.873823460325,40.6441085704829],[-111.873909254825,40.644232830103],[-111.873909857594,40.6442337046131],[-111.873987030962,40.6443430530495],[-111.874060853614,40.6444513284507],[-111.874100591489,40.6444370705046],[-111.874414336187,40.6448781520625],[-111.874419558992,40.6448860757424],[-111.874446514738,40.6449269653236],[-111.874125951828,40.6449709275594],[-111.873707948658,40.6450282505963],[-111.87343608252,40.6450655330368],[-111.873887903667,40.6452145978382],[-111.873928576688,40.6452290253374],[-111.874109059907,40.6453292816139],[-111.874228401991,40.6453112825394],[-111.874472570373,40.6452744575917],[-111.874609803304,40.645342436537],[-111.874715990459,40.6453950371188],[-111.874748890358,40.6454113328486],[-111.874912268755,40.6454922620679],[-111.875281870698,40.6456753411115],[-111.875334790451,40.6457015540318],[-111.875527775523,40.6457971454267],[-111.875597258414,40.6458315626848],[-111.875763410809,40.6459138627664],[-111.875620812241,40.6462286102604],[-111.875904457987,40.6461446331642],[-111.875975314401,40.6462605633381],[-111.875606349365,40.6462604856365],[-111.875132804259,40.6462603833976],[-111.87408137383,40.6462601489297],[-111.87408139539,40.646263964486],[-111.873637014988,40.6462598435761],[-111.873460384644,40.6462591169982],[-111.873414066609,40.6462589261522],[-111.873124651883,40.6462579814646],[-111.872832078679,40.6462570258714],[-111.872800333116,40.6462569215877],[-111.872476015247,40.6462558617108],[-111.872281564124,40.6462552251032],[-111.872161430624,40.6462548325057],[-111.871885332523,40.6462539266687],[-111.871885305574,40.6462550403915]]]},"properties":{"PrecinctID":"MUR039","VistaID":"MUR039","CountyID":18,"SubPrecinctID":null,"AliasName":null,"VersionNbr":null}},{"type":"Feature","geometry":{"type":"Polygon","coordinates":[[[-111.856854351982,40.655302374458],[-111.856519928066,40.655294558329],[-111.85641653557,40.6552915038436],[-111.856182802018,40.6552845947906],[-111.856150556093,40.6552841054732],[-111.855964554523,40.6552821059503],[-111.8554225542,40.6552781055414],[-111.85540955468,40.6552771057799],[-111.855326518008,40.6552734958706],[-111.855225555455,40.6552691056427],[-111.855078554243,40.655265106596],[-111.854640554576,40.6552531067284],[-111.854557555633,40.6552511044787],[-111.854494750818,40.6552491117698],[-111.854494750818,40.6552490654277],[-111.854494749022,40.6552490102262],[-111.854494781361,40.6543274168923],[-111.854494787649,40.6543088137003],[-111.854612726565,40.6543090167905],[-111.854637951258,40.6543090610887],[-111.855174834777,40.6543203346359],[-111.855524242592,40.6543278714597],[-111.855714053018,40.6543319646111],[-111.855717620228,40.6543320409402],[-111.855717674127,40.6541932662058],[-111.85571767772,40.6541818031768],[-111.855717755874,40.6539845631224],[-111.855717801688,40.6538638948433],[-111.855616789727,40.6538633346378],[-111.855534008177,40.6538628746151],[-111.855332269921,40.6538617548857],[-111.854639322087,40.6538578641156],[-111.854495459589,40.6538549008875],[-111.854497900312,40.6534231841293],[-111.854498007211,40.6534043769108],[-111.854506476528,40.6519067380001],[-111.854506590614,40.6518733066492],[-111.854506917601,40.651787534674],[-111.854507054145,40.6517513450844],[-111.854507167332,40.6517218379459],[-111.854511088479,40.650687811518],[-111.854517833928,40.6495018972942],[-111.854517845606,40.6495004837394],[-111.854517997421,40.6494721185817],[-111.854776553221,40.6494791045713],[-111.855074554046,40.6494891057808],[-111.855556553196,40.6494861055544],[-111.855816554385,40.6494851050246],[-111.855922554691,40.6494861048728],[-111.856241553635,40.6494921053255],[-111.856348553765,40.6494941050218],[-111.856480554009,40.6494951041885],[-111.856876553844,40.6495001054738],[-111.857008554089,40.6495021044884],[-111.857073554386,40.6495011046403],[-111.85726855438,40.6495001047922],[-111.857321359149,40.6495001047922],[-111.858123543019,40.6495088205772],[-111.858321124771,40.6495109661268],[-111.859320620899,40.6495161466611],[-111.860186595036,40.6495285912556],[-111.860356919207,40.6495300443403],[-111.86163919241,40.6495411987405],[-111.862111127735,40.6495385924577],[-111.863428984104,40.6495584551378],[-111.864774898453,40.6495696606502],[-111.86477431904,40.649662989866],[-111.864774855334,40.650125514679],[-111.864776466912,40.6505092437697],[-111.864777040935,40.6506454628645],[-111.864777251141,40.650695279916],[-111.864777485601,40.6507507851212],[-111.864777979675,40.6508681794324],[-111.863966692277,40.6508679136295],[-111.863964502184,40.650867912948],[-111.863964229995,40.6513428872963],[-111.863964197656,40.6513984621615],[-111.863666884043,40.6514237118624],[-111.862675502397,40.6515079024527],[-111.862675551804,40.6515105100217],[-111.862672643957,40.651569021497],[-111.86267017359,40.651618685876],[-111.862658356253,40.6518564209243],[-111.862645284867,40.6521193909326],[-111.862633010287,40.6523662539792],[-111.862620737504,40.6526131174756],[-111.862608466517,40.6528599800587],[-111.862608098208,40.6528673705195],[-111.862596192835,40.6531068424099],[-111.862583920052,40.6533537065738],[-111.862583689185,40.6533583688543],[-111.86258233722,40.6533855615087],[-111.862571648167,40.6536005691429],[-111.862559830829,40.6538382541944],[-111.862597825074,40.6538382616911],[-111.862858099351,40.6538383196199],[-111.863354497597,40.6538384279809],[-111.863389804981,40.653838434796],[-111.863420919928,40.6538384429742],[-111.863420916335,40.6539136754162],[-111.86342090825,40.6543399648606],[-111.863420901063,40.6547282950985],[-111.863420901063,40.6547765470905],[-111.863420898368,40.6548776095554],[-111.863613986747,40.6548791681568],[-111.863782270844,40.6548807056315],[-111.863952720779,40.6548832537777],[-111.864291433252,40.6548883125871],[-111.864336472984,40.6548889859137],[-111.864393074033,40.6548898309795],[-111.864630144827,40.6548933720776],[-111.864886999218,40.6548972089485],[-111.865022493909,40.654899231654],[-111.865210283125,40.6549020353638],[-111.865444504463,40.654905551927],[-111.865744317189,40.6549100048773],[-111.865754140266,40.6549101861574],[-111.865816398007,40.6549110809728],[-111.865820353289,40.6549111600273],[-111.865946535146,40.6549136672821],[-111.865947555632,40.6549861036652],[-111.865950556005,40.6551691048692],[-111.865952557451,40.6553011034597],[-111.865952554757,40.655301478285],[-111.865826396256,40.6553002897482],[-111.864941275427,40.6552919475005],[-111.86295713951,40.6552599442271],[-111.862856677318,40.6552633830804],[-111.862759766167,40.6552704345692],[-111.862665257111,40.6552819253526],[-111.86257913293,40.655297890185],[-111.862407039077,40.655345138597],[-111.862324558463,40.6553691628309],[-111.862256194873,40.655390399723],[-111.862078064342,40.6554277840514],[-111.861643997499,40.6554170129563],[-111.861591297833,40.6554157044777],[-111.859509251837,40.6553640365895],[-111.858878629118,40.6553533929245],[-111.857246922049,40.6553114861183],[-111.857127394014,40.6553087764729],[-111.857027350438,40.655306430067],[-111.856862178105,40.6553025564186],[-111.856854351982,40.655302374458]]]},"properties":{"PrecinctID":"MUR019","VistaID":"MUR019","CountyID":18,"SubPrecinctID":null,"AliasName":null,"VersionNbr":null}},{"type":"Feature","geometry":{"type":"Polygon","coordinates":[[[-111.880940407181,40.6743369301629],[-111.880919562673,40.6743371073025],[-111.880818561493,40.6743381074596],[-111.880767562337,40.674338106097],[-111.880734561827,40.6741821066077],[-111.8807415615,40.6740451064188],[-111.880929562719,40.6737871071637],[-111.880958563031,40.6736881057031],[-111.880778562208,40.6735021064221],[-111.880374561977,40.6733591065305],[-111.880331563218,40.6732871057019],[-111.880365583316,40.6731639507816],[-111.880381562548,40.6731061068619],[-111.880584562039,40.6727051054044],[-111.880670562253,40.6724361064172],[-111.880670784137,40.6723910864639],[-111.880768728351,40.6724016374752],[-111.880868632688,40.6722133065089],[-111.880838808621,40.6721341552636],[-111.880763303425,40.6719337462779],[-111.880759917674,40.6719247574836],[-111.88075929065,40.6719230977622],[-111.880675986281,40.6717019912959],[-111.88054530656,40.6717484029954],[-111.880407485232,40.6717081348744],[-111.880384558429,40.6717587026968],[-111.880322427351,40.6717386279184],[-111.880198123872,40.6716984667608],[-111.880079491457,40.6716524570133],[-111.879981076526,40.6716142880238],[-111.879890095154,40.6715793969112],[-111.879819696881,40.6715524004028],[-111.879475444497,40.6714203835512],[-111.879452171843,40.6714114566893],[-111.879430190068,40.6714030272015],[-111.879398999663,40.6713910649851],[-111.879418518258,40.6713602324766],[-111.879300467053,40.6712950346844],[-111.879145140256,40.6712092495247],[-111.879036746838,40.6711493830592],[-111.879018255018,40.671120613533],[-111.878926394196,40.6709776902947],[-111.87880306988,40.6707858130081],[-111.878773014946,40.6707390497472],[-111.878686443404,40.6706560090055],[-111.878672536585,40.6706426703408],[-111.878589175621,40.6705627077939],[-111.878557504618,40.6705871884986],[-111.878389387607,40.6704092231773],[-111.878352905227,40.6703706017434],[-111.878330353022,40.6703615739017],[-111.878325962955,40.6703598173902],[-111.87809899192,40.6702689529443],[-111.878008163262,40.6703789734474],[-111.877936287259,40.6703370972022],[-111.877795561678,40.6702551065981],[-111.877528561715,40.6701831058245],[-111.877319560579,40.6700901051076],[-111.876923561642,40.6697111054894],[-111.876829561033,40.669661105726],[-111.876797562144,40.6696531059511],[-111.876411562354,40.6695621049526],[-111.876180562376,40.6694191054688],[-111.876122561751,40.6693421053576],[-111.876066562573,40.6691511070872],[-111.876059559307,40.6691291066841],[-111.876041560662,40.6690661068213],[-111.876035560814,40.669045105264],[-111.876029560966,40.6690241064255],[-111.875791562213,40.6688201054893],[-111.875547560019,40.6688241057675],[-111.875444560985,40.6688261055658],[-111.875257561388,40.6687991058986],[-111.875170562247,40.6687161063484],[-111.875127560793,40.6686451048369],[-111.875099560306,40.6683601066461],[-111.875054560998,40.6678761067127],[-111.875003560046,40.6677331056575],[-111.874876781708,40.6675492367787],[-111.874852560433,40.6675141050576],[-111.874810559702,40.6674841068049],[-111.874758559824,40.6674481069759],[-111.874736560082,40.667421105388],[-111.87458556047,40.6673441056953],[-111.874323561427,40.6671771066934],[-111.874274560125,40.6671461046172],[-111.874078560306,40.6670691052884],[-111.874036560474,40.6670531051158],[-111.873921560846,40.6669871052152],[-111.873618559999,40.6669101063841],[-111.873373560675,40.6667951046991],[-111.873331560842,40.6667811056833],[-111.873296560682,40.6667691065245],[-111.873171561008,40.6667301068586],[-111.873082560422,40.6666861058105],[-111.872983561586,40.6666361058231],[-111.872958560573,40.6666281063667],[-111.872895560824,40.6666081056774],[-111.872774559552,40.6665701055097],[-111.872559558568,40.6665501054845],[-111.872479560897,40.6665431062918],[-111.872423559923,40.6665391051954],[-111.872452559337,40.6664881055043],[-111.872464560829,40.666446105529],[-111.872508560311,40.6662991057477],[-111.872518560357,40.6661481045226],[-111.872526558956,40.6660471068291],[-111.872518560357,40.6658601050286],[-111.872506558865,40.6655481062175],[-111.872495570672,40.6654011051383],[-111.872495527553,40.6654004325992],[-111.872493005982,40.665386948427],[-111.872484091101,40.6653392594487],[-111.872486909116,40.6653171937367],[-111.872494806206,40.6652553990742],[-111.872515311151,40.6651662080047],[-111.872526142138,40.6651191041914],[-111.873221446253,40.6651814543207],[-111.874367642656,40.6653489686868],[-111.875208021995,40.6654717816704],[-111.875308443762,40.6654886264725],[-111.875370969201,40.665499113162],[-111.875500912303,40.6655209103438],[-111.875703851607,40.6655725219864],[-111.875911872681,40.6656448132425],[-111.876160579352,40.6657600131524],[-111.876718619993,40.6660026215426],[-111.87681524009,40.6660464663218],[-111.87752317901,40.6663676758412],[-111.877892272505,40.6665459429001],[-111.8780628509,40.6666509572814],[-111.878318256308,40.6668156463503],[-111.8785041393,40.6669241264958],[-111.878653051228,40.6669959999631],[-111.878840699409,40.6670585248153],[-111.87902563917,40.6670877362655],[-111.879228222741,40.6671005864105],[-111.879456752353,40.6670994634964],[-111.880701485858,40.6671031020651],[-111.8807475335,40.6671032349341],[-111.881408292002,40.6671051666461],[-111.882298005019,40.667118745864],[-111.88284262483,40.6671099969478],[-111.883140679553,40.667100515547],[-111.884001527903,40.6670704775882],[-111.884811593592,40.6670480629007],[-111.885738038721,40.667021639643],[-111.885792488305,40.667020086095],[-111.886107843682,40.6670110918687],[-111.886902552671,40.6669887677849],[-111.888277168194,40.6669487066552],[-111.888287385632,40.6669484082102],[-111.888287680279,40.667167459727],[-111.88828772789,40.6672025282626],[-111.88828979132,40.6687365758647],[-111.888272464615,40.6690358149191],[-111.888268246126,40.6698763382147],[-111.888267393625,40.6703465788242],[-111.888264588187,40.6719158926903],[-111.888296527787,40.6742402445998],[-111.88829785909,40.6743371761144],[-111.885975017886,40.6743207859347],[-111.883814519322,40.6743247354662],[-111.883065504038,40.6743196604169],[-111.883037384075,40.6743198859293],[-111.883037389465,40.6743202899438],[-111.882761562655,40.6743221056246],[-111.881850562261,40.6743291053634],[-111.88154756321,40.6743321065165],[-111.881390562852,40.6743331066737],[-111.880945643461,40.6743368851968],[-111.880940407181,40.6743369301629]]]},"properties":{"PrecinctID":"MUR005","VistaID":"MUR005","CountyID":18,"SubPrecinctID":null,"AliasName":null,"VersionNbr":null}},{"type":"Feature","geometry":{"type":"Polygon","coordinates":[[[-111.909883599223,40.6561397635515],[-111.910175507673,40.6552901067675],[-111.910280961802,40.6548006948816],[-111.910336786707,40.6537559761529],[-111.911565015466,40.6534477215578],[-111.912659214686,40.6532274834342],[-111.913451950975,40.6531343043681],[-111.914334007651,40.653062302831],[-111.915266308897,40.6530580671634],[-111.917544030419,40.6530538321771],[-111.918587985967,40.6530538321771],[-111.918963416178,40.6530579022348],[-111.923285289164,40.6530638144497],[-111.923321344844,40.6530638628379],[-111.923496852295,40.6530640993265],[-111.923465567567,40.6530640993265],[-111.923459568617,40.6532040997413],[-111.923401568891,40.653374099704],[-111.923248567832,40.6538280996142],[-111.923085568523,40.6542831009823],[-111.922978568393,40.654585099566],[-111.922835569176,40.6549851004917],[-111.922628569487,40.6555681004919],[-111.9223605688,40.6561671009115],[-111.922230568206,40.6564591010263],[-111.922228051126,40.6564647798708],[-111.922187570344,40.6565560999578],[-111.921822568675,40.657374100225],[-111.921580568826,40.6579761013112],[-111.921127568191,40.6587521011536],[-111.920779568934,40.6589821007146],[-111.920588569139,40.6591091007367],[-111.919315568346,40.6597521009101],[-111.91900656855,40.66004510206],[-111.918935568405,40.6601131013939],[-111.91867167212,40.6603447078891],[-111.918557118955,40.6602777221068],[-111.918143380088,40.6600357791146],[-111.918153881394,40.6596708639302],[-111.917874213388,40.6595997887322],[-111.91775905925,40.659616138917],[-111.917426184928,40.6599479228462],[-111.91744633414,40.6593439871735],[-111.917321665945,40.6593442945116],[-111.917262075302,40.6593537838296],[-111.916968301052,40.6594290727465],[-111.916813473717,40.659480269325],[-111.916321201433,40.659718182161],[-111.915948030484,40.6599109226646],[-111.915717774311,40.6600193383994],[-111.915439879579,40.6600404191217],[-111.913982914597,40.659904899298],[-111.913887636583,40.6598928532447],[-111.91375266022,40.6598958645879],[-111.913637530336,40.6599229680332],[-111.913395367892,40.6599771762536],[-111.913200840412,40.6599801882744],[-111.91269268771,40.6598928532447],[-111.91227584696,40.6597332409592],[-111.912172628738,40.659709148107],[-111.911374674135,40.6596037432244],[-111.909488960335,40.6592995744212],[-111.910108266977,40.6571312055753],[-111.910211486098,40.6568089559247],[-111.910235306725,40.6565258555298],[-111.910120176841,40.6563090138916],[-111.909883599223,40.6561397635515]]]},"properties":{"PrecinctID":"MUR008","VistaID":"MUR008","CountyID":18,"SubPrecinctID":null,"AliasName":null,"VersionNbr":null}},{"type":"Feature","geometry":{"type":"Polygon","coordinates":[[[-111.867386627073,40.6419273273645],[-111.867338673206,40.6417529384785],[-111.867327602369,40.6416859503893],[-111.867249501041,40.6416736379337],[-111.867171949483,40.6416594509665],[-111.866967824402,40.6416194986837],[-111.866976728504,40.6415931007989],[-111.866997414908,40.6415317701706],[-111.866999670578,40.6412454659868],[-111.866999865512,40.641221212407],[-111.867001528294,40.6410094436053],[-111.867001545362,40.6410073039172],[-111.866731306971,40.6410060687739],[-111.866677258934,40.6410058226995],[-111.866123696395,40.6410032931094],[-111.866100748032,40.6410031881359],[-111.866102697377,40.6407561610388],[-111.866104253259,40.6405590326272],[-111.866106402029,40.6402863968846],[-111.866108360356,40.6400379976873],[-111.866110484872,40.6397686726799],[-111.866110637585,40.6397493312822],[-111.866458336804,40.6397485323775],[-111.866470956337,40.6397485023844],[-111.866807144544,40.6397477280195],[-111.866831275089,40.6397476728051],[-111.867059361832,40.6397471465641],[-111.867191592943,40.6397468418624],[-111.867311585407,40.6397465657904],[-111.867563800898,40.6397459829717],[-111.867779992149,40.6397454833153],[-111.868046664228,40.639744865732],[-111.86805459186,40.6397448466456],[-111.868140310901,40.639744649646],[-111.868304298356,40.6397442692801],[-111.868316908906,40.6397442392871],[-111.868517419166,40.6397437750771],[-111.868547218979,40.6397437062295],[-111.868554794472,40.639743689188],[-111.868561928892,40.6397436714648],[-111.868807672021,40.6397431022793],[-111.868819562122,40.6397430750129],[-111.86888634827,40.6397429189129],[-111.869077194454,40.6397424751527],[-111.869209732789,40.639742168406],[-111.869325819378,40.6397418977873],[-111.869334828582,40.6397418766558],[-111.869592463609,40.6397412788405],[-111.869592663933,40.6393833262769],[-111.869592742985,40.6392460862377],[-111.869592937021,40.6389029872913],[-111.869593132854,40.6385598865814],[-111.869593173278,40.6384889661297],[-111.869607252574,40.6384890915574],[-111.869692488321,40.6384993098222],[-111.869812212189,40.6385173216403],[-111.869897703058,40.6385481795552],[-111.870047941797,40.6386389433789],[-111.870138427299,40.6386869118418],[-111.87026572666,40.6387462934641],[-111.870360759434,40.6387825541832],[-111.870440397779,40.6388107391519],[-111.870511635079,40.6388309356341],[-111.87058038225,40.6388439486876],[-111.870653669505,40.6388433876744],[-111.870833505937,40.6388501205142],[-111.870943441762,40.6388439009708],[-111.871062694912,40.6388285927388],[-111.871210234214,40.6388067711572],[-111.871343612475,40.6387913081779],[-111.871493764078,40.6387856728195],[-111.871675851687,40.6387825166913],[-111.871867403049,40.6387837757342],[-111.872061409506,40.638785906632],[-111.872230459866,40.6387837232457],[-111.872221372508,40.638082944599],[-111.872236897193,40.6377323814153],[-111.873329581853,40.637732207587],[-111.873695036274,40.6377366432778],[-111.873890195269,40.6377388212449],[-111.874051139232,40.6377439072577],[-111.874163508593,40.6377484349746],[-111.874258405721,40.6377729461277],[-111.874321594117,40.6378102946536],[-111.874385041227,40.6378683920917],[-111.874411914329,40.6379330294967],[-111.87442940812,40.6380085661746],[-111.874436178723,40.6380733752263],[-111.874449839403,40.6381201041272],[-111.874489542244,40.6381720743976],[-111.87452913549,40.6382167997867],[-111.874601916994,40.6382684986754],[-111.874669783816,40.6383049539311],[-111.874758751165,40.6383259147227],[-111.874820062081,40.6383379830749],[-111.874851239012,40.6383441195012],[-111.875697998185,40.6383466839574],[-111.876506888877,40.6383432694542],[-111.876987979831,40.6383421944549],[-111.876999688473,40.6383421692329],[-111.877516773123,40.6383410137961],[-111.877740247016,40.6383419967695],[-111.878561005352,40.6383428427265],[-111.878592193062,40.6383428747652],[-111.880974686892,40.6383453253819],[-111.881112960971,40.6383424596259],[-111.881174270091,40.6383266727439],[-111.881228453774,40.6383127168345],[-111.881299835703,40.6382554466543],[-111.881341396259,40.6381740655714],[-111.881351844565,40.6378010108654],[-111.88156634878,40.637834514707],[-111.8817556292,40.6378420799784],[-111.882077332073,40.6378449852932],[-111.882596829598,40.6378481441924],[-111.882642478388,40.6378484209539],[-111.882999841682,40.6378505968723],[-111.883010034866,40.638356764546],[-111.883717061995,40.6383459470682],[-111.884381616778,40.6383436089277],[-111.884465178066,40.6383504181653],[-111.885170111222,40.6384032778397],[-111.885548832861,40.6384337097619],[-111.885579840908,40.6384339422123],[-111.889131120178,40.6384605403947],[-111.889015016521,40.6409957690952],[-111.888893621786,40.6429213873913],[-111.888893346902,40.6429271641789],[-111.888173200776,40.6429271655422],[-111.887544199516,40.6429281648071],[-111.885989197793,40.6427491645917],[-111.885263198245,40.642666164664],[-111.885168200505,40.6426561651585],[-111.885064198053,40.6426441664316],[-111.884470197851,40.642580164778],[-111.884272198383,40.6425591651059],[-111.884017199013,40.6425291665368],[-111.88365119662,40.6424871657909],[-111.883351197943,40.642446165654],[-111.883253198932,40.6424311663457],[-111.883000197415,40.6423931660382],[-111.882915197027,40.642839165415],[-111.882915197925,40.6430781654823],[-111.882915197027,40.6431381662034],[-111.882915198823,40.643762166142],[-111.882915199721,40.6445201670637],[-111.882902197506,40.6446481652259],[-111.882869196996,40.6447601664837],[-111.882803199568,40.6448811654466],[-111.882723198304,40.645000166404],[-111.882642199012,40.6450801657313],[-111.882620196575,40.6451041663968],[-111.882504197123,40.6452011661588],[-111.882361197906,40.6453031660165],[-111.882076239721,40.645473942685],[-111.882066521747,40.6454652679508],[-111.881128613216,40.6460017375158],[-111.880896457106,40.6457661204634],[-111.880608238935,40.6454644834281],[-111.880475723058,40.6454041542216],[-111.880296827162,40.6453639369924],[-111.880064926173,40.6453513682512],[-111.879693884232,40.6453463407541],[-111.879611062257,40.6453186908764],[-111.879233396139,40.6451477611313],[-111.87934375507,40.6449939549313],[-111.879385165608,40.6449154018698],[-111.879390342599,40.6448368514423],[-111.879395518692,40.6442005720547],[-111.87939551959,40.6433129140937],[-111.879400696581,40.6431440220407],[-111.879364461237,40.6430301176982],[-111.879281639263,40.642861224248],[-111.879126348398,40.6426726919478],[-111.878986587608,40.6424763039949],[-111.878924470004,40.6422602782833],[-111.878934823986,40.6417771591465],[-111.878173897042,40.6417418079972],[-111.876300052682,40.6417300251854],[-111.873913749096,40.6417103857979],[-111.870450761642,40.6417339521079],[-111.868825384103,40.6417575197729],[-111.86841127513,40.641769303943],[-111.867940226443,40.6418203641121],[-111.867391530976,40.6419264139709],[-111.867386627073,40.6419273273645]]]},"properties":{"PrecinctID":"MUR023","VistaID":"MUR023","CountyID":18,"SubPrecinctID":null,"AliasName":null,"VersionNbr":null}},{"type":"Feature","geometry":{"type":"Polygon","coordinates":[[[-111.880108260903,40.67434310552],[-111.880108260004,40.6743428343602],[-111.880108237546,40.6741657191151],[-111.88010816658,40.6736531645772],[-111.880105305445,40.6736049214704],[-111.880096744501,40.6735570721282],[-111.880082552916,40.673510005582],[-111.880067288743,40.6734733167903],[-111.880048602886,40.673437556611],[-111.880040383301,40.6734233368807],[-111.879924204186,40.6732223621885],[-111.879911135495,40.6731997513054],[-111.879881627635,40.6731556400647],[-111.879845786651,40.6731143378708],[-111.879804069788,40.6730763686633],[-111.879757005253,40.6730422161844],[-111.87957860972,40.6729127613225],[-111.879600922075,40.6728844442728],[-111.87973761422,40.6727109627349],[-111.879889361231,40.6725183743639],[-111.879626919319,40.6723973090126],[-111.879620751486,40.6723944644774],[-111.87953645897,40.6722469381969],[-111.879520035071,40.6722181929908],[-111.879509658632,40.6722000376511],[-111.879437820358,40.6720743087057],[-111.879423631468,40.6720494783437],[-111.879358856648,40.6719361111761],[-111.879265363587,40.6717724826415],[-111.879243580339,40.6717347988295],[-111.87935137458,40.6715431526499],[-111.879360425107,40.6715270615707],[-111.879389901526,40.6714746573742],[-111.879250509943,40.6713405616109],[-111.879158562883,40.6712521056668],[-111.879103598564,40.6711992018335],[-111.878978883656,40.6711690389919],[-111.87896556703,40.671166524172],[-111.878833531752,40.6711415817324],[-111.878801018128,40.6709667275284],[-111.878654337615,40.6711642130722],[-111.878282074863,40.6710038925933],[-111.878197520937,40.6709674776842],[-111.878143660648,40.6709442807648],[-111.8781103601,40.6708847867551],[-111.878099662063,40.6708656730863],[-111.878084907235,40.670848192588],[-111.878066515128,40.6708328446849],[-111.878045003172,40.6708200620306],[-111.877981583011,40.6707823735923],[-111.878389387607,40.6704092231773],[-111.878557504618,40.6705871884986],[-111.878589175621,40.6705627077939],[-111.878672536585,40.6706426703408],[-111.878686443404,40.6706560090055],[-111.878773014946,40.6707390497472],[-111.87880306988,40.6707858130081],[-111.878926394196,40.6709776902947],[-111.879018255018,40.671120613533],[-111.879036746838,40.6711493830592],[-111.879145140256,40.6712092495247],[-111.879300467053,40.6712950346844],[-111.879418518258,40.6713602324766],[-111.879398999663,40.6713910649851],[-111.879430190068,40.6714030272015],[-111.879452171843,40.6714114566893],[-111.879475444497,40.6714203835512],[-111.879819696881,40.6715524004028],[-111.879890095154,40.6715793969112],[-111.879981076526,40.6716142880238],[-111.880079491457,40.6716524570133],[-111.880198123872,40.6716984667608],[-111.880322427351,40.6717386279184],[-111.880384558429,40.6717587026968],[-111.880407485232,40.6717081348744],[-111.88054530656,40.6717484029954],[-111.880675986281,40.6717019912959],[-111.88075929065,40.6719230977622],[-111.880759917674,40.6719247574836],[-111.880763303425,40.6719337462779],[-111.880838808621,40.6721341552636],[-111.880868632688,40.6722133065089],[-111.880768728351,40.6724016374752],[-111.880670784137,40.6723910864639],[-111.880670562253,40.6724361064172],[-111.880584562039,40.6727051054044],[-111.880381562548,40.6731061068619],[-111.880365583316,40.6731639507816],[-111.880331563218,40.6732871057019],[-111.880374561977,40.6733591065305],[-111.880778562208,40.6735021064221],[-111.880958563031,40.6736881057031],[-111.880929562719,40.6737871071637],[-111.8807415615,40.6740451064188],[-111.880734561827,40.6741821066077],[-111.880767562337,40.674338106097],[-111.88064856341,40.6743391048916],[-111.88030756203,40.6743411058871],[-111.88019456295,40.6743431048387],[-111.880108260903,40.67434310552]]]},"properties":{"PrecinctID":"MUR038","VistaID":"MUR038","CountyID":18,"SubPrecinctID":null,"AliasName":null,"VersionNbr":null}},{"type":"Feature","geometry":{"type":"Polygon","coordinates":[[[-111.880051561937,40.6743431062013],[-111.879625561965,40.6743441056771],[-111.879483561674,40.6743451065154],[-111.879436563615,40.6743451065154],[-111.879295562252,40.6743451058341],[-111.879248561498,40.6743451051528],[-111.87907456142,40.6743451058341],[-111.878554561737,40.6743461059911],[-111.878506526123,40.6743463846452],[-111.878423610724,40.6743468636032],[-111.878381562383,40.6743471061481],[-111.878173562868,40.6743471054669],[-111.877550561456,40.6743471068294],[-111.877343560868,40.6743481056238],[-111.877270560175,40.6743471054669],[-111.877051561689,40.6743461066725],[-111.87697856369,40.6743461053098],[-111.876515562112,40.6743441056771],[-111.875126561866,40.6743391062542],[-111.874663562084,40.6743381074596],[-111.87450756155,40.6743411065684],[-111.874041560497,40.6743501066191],[-111.873886561584,40.6743541058843],[-111.873847560328,40.6743551074038],[-111.873846962948,40.6742727333956],[-111.873840937948,40.6734437136558],[-111.873839561729,40.6732541054381],[-111.87384156048,40.67260810611],[-111.873797560099,40.6726081054287],[-111.873042562035,40.6726071059269],[-111.873044560787,40.6724281056126],[-111.87304556151,40.6723351059828],[-111.873043560064,40.6719431057147],[-111.873043560962,40.6718751061775],[-111.873065100766,40.671874967186],[-111.873065203174,40.6719099310464],[-111.873483876487,40.6719092231437],[-111.873485019144,40.6717143472669],[-111.873486072868,40.6715345678345],[-111.873486594789,40.671445968386],[-111.873415639559,40.6714457265118],[-111.873394559693,40.6700261072935],[-111.873276561489,40.6699311059112],[-111.873252559403,40.6699071066809],[-111.873064560878,40.6697121063973],[-111.873046560437,40.6696931068599],[-111.873052559386,40.6693861053347],[-111.873080559874,40.6688751063977],[-111.873086156378,40.6688752835518],[-111.873086195005,40.6688707327363],[-111.87308652828,40.6688332258013],[-111.873086569603,40.6685388494229],[-111.873086612722,40.6682431267241],[-111.873086615417,40.6682257164006],[-111.87308612853,40.6681680780586],[-111.873086441144,40.6681282588421],[-111.873087560445,40.6679861059529],[-111.873052560284,40.6679881057764],[-111.87306655963,40.6668281054341],[-111.873296560682,40.6667691065245],[-111.873331560842,40.6667811056833],[-111.873373560675,40.6667951046991],[-111.873618559999,40.6669101063841],[-111.873921560846,40.6669871052152],[-111.874036560474,40.6670531051158],[-111.874078560306,40.6670691052884],[-111.874274560125,40.6671461046172],[-111.874323561427,40.6671771066934],[-111.87458556047,40.6673441056953],[-111.874736560082,40.667421105388],[-111.874758559824,40.6674481069759],[-111.874810559702,40.6674841068049],[-111.874852560433,40.6675141050576],[-111.874876781708,40.6675492367787],[-111.875003560046,40.6677331056575],[-111.875054560998,40.6678761067127],[-111.875099560306,40.6683601066461],[-111.875127560793,40.6686451048369],[-111.875170562247,40.6687161063484],[-111.875257561388,40.6687991058986],[-111.875444560985,40.6688261055658],[-111.875547560019,40.6688241057675],[-111.875791562213,40.6688201054893],[-111.876029560966,40.6690241064255],[-111.876035560814,40.669045105264],[-111.876041560662,40.6690661068213],[-111.876059559307,40.6691291066841],[-111.876066562573,40.6691511070872],[-111.876122561751,40.6693421053576],[-111.876180562376,40.6694191054688],[-111.876411562354,40.6695621049526],[-111.876797562144,40.6696531059511],[-111.876829561033,40.669661105726],[-111.876923561642,40.6697111054894],[-111.877319560579,40.6700901051076],[-111.877528561715,40.6701831058245],[-111.877795561678,40.6702551065981],[-111.877936287259,40.6703370972022],[-111.878008163262,40.6703789734474],[-111.87809899192,40.6702689529443],[-111.878325962955,40.6703598173902],[-111.878330353022,40.6703615739017],[-111.878352905227,40.6703706017434],[-111.878389387607,40.6704092231773],[-111.877981583011,40.6707823735923],[-111.878045003172,40.6708200620306],[-111.878066515128,40.6708328446849],[-111.878084907235,40.670848192588],[-111.878099662063,40.6708656730863],[-111.8781103601,40.6708847867551],[-111.878143660648,40.6709442807648],[-111.878197520937,40.6709674776842],[-111.878282074863,40.6710038925933],[-111.878654337615,40.6711642130722],[-111.878801018128,40.6709667275284],[-111.878833531752,40.6711415817324],[-111.87896556703,40.671166524172],[-111.878978883656,40.6711690389919],[-111.879103598564,40.6711992018335],[-111.879158562883,40.6712521056668],[-111.879250509943,40.6713405616109],[-111.879389901526,40.6714746573742],[-111.879360425107,40.6715270615707],[-111.87935137458,40.6715431526499],[-111.879243580339,40.6717347988295],[-111.879265363587,40.6717724826415],[-111.879358856648,40.6719361111761],[-111.879423631468,40.6720494783437],[-111.879437820358,40.6720743087057],[-111.879509658632,40.6722000376511],[-111.879520035071,40.6722181929908],[-111.87953645897,40.6722469381969],[-111.879620751486,40.6723944644774],[-111.879626919319,40.6723973090126],[-111.879889361231,40.6725183743639],[-111.87973761422,40.6727109627349],[-111.879600922075,40.6728844442728],[-111.87957860972,40.6729127613225],[-111.879757005253,40.6730422161844],[-111.879804069788,40.6730763686633],[-111.879845786651,40.6731143378708],[-111.879881627635,40.6731556400647],[-111.879911135495,40.6731997513054],[-111.879924204186,40.6732223621885],[-111.880040383301,40.6734233368807],[-111.880048602886,40.673437556611],[-111.880067288743,40.6734733167903],[-111.880082552916,40.673510005582],[-111.880096744501,40.6735570721282],[-111.880105305445,40.6736049214704],[-111.88010816658,40.6736531645772],[-111.880108237546,40.6741657191151],[-111.880108260004,40.6743428343602],[-111.880108260903,40.67434310552],[-111.880051561937,40.6743431062013]]]},"properties":{"PrecinctID":"MUR006","VistaID":"MUR006","CountyID":18,"SubPrecinctID":null,"AliasName":null,"VersionNbr":null}},{"type":"Feature","geometry":{"type":"Polygon","coordinates":[[[-111.872526142138,40.6651191041914],[-111.871859221193,40.6650529817688],[-111.871858929241,40.6650113638372],[-111.871855344963,40.6645012349236],[-111.871853865437,40.6638478147059],[-111.871862625808,40.6632339410887],[-111.871854673921,40.662886474202],[-111.871809283846,40.6628516507536],[-111.871750938269,40.6628205996485],[-111.871185376932,40.6628167318878],[-111.871186294112,40.6627746682723],[-111.871195008669,40.6623752298924],[-111.871060042187,40.6619087123014],[-111.871032914862,40.6618251358599],[-111.870975262784,40.6616661769245],[-111.870973395186,40.6616610273167],[-111.870738558503,40.6611101062576],[-111.870687559348,40.6609891046937],[-111.870622558152,40.6608301049236],[-111.870514557299,40.660735105433],[-111.870452558273,40.660702105772],[-111.87041455774,40.6606831057119],[-111.870250558606,40.66065510443],[-111.870181558111,40.6606531050681],[-111.869983559541,40.6606481059817],[-111.869600559226,40.6606411054882],[-111.869389557543,40.660636105038],[-111.869191558074,40.6606331053128],[-111.868956559694,40.660628104862],[-111.868777556899,40.6606251051365],[-111.868251557368,40.6606221054108],[-111.868070558516,40.6606221060922],[-111.868019558462,40.6606321042687],[-111.867997557823,40.6606481059817],[-111.867920556932,40.6605591056892],[-111.866563559168,40.6605551055967],[-111.865468556855,40.6605531062318],[-111.865583557381,40.6603121053198],[-111.865734557892,40.6599971053344],[-111.86578655777,40.6598911059978],[-111.865794556369,40.6598771062143],[-111.865816164445,40.6598104872663],[-111.865818556659,40.659803105752],[-111.865899557748,40.659556106672],[-111.865937556485,40.6594441057146],[-111.865957556576,40.6591671053562],[-111.865961556774,40.6591151057757],[-111.865967558418,40.6589051055897],[-111.86596555787,40.6585011061441],[-111.865960557847,40.6583351058414],[-111.865954558898,40.6580581056483],[-111.865953557276,40.6579761060815],[-111.865952557451,40.6577321062258],[-111.865952559248,40.6576511059842],[-111.865951556728,40.6575271057772],[-111.865949557078,40.6571551051364],[-111.86594955618,40.657031106052],[-111.865949557078,40.6566851054424],[-111.86595155583,40.6556461046761],[-111.865952554757,40.655301478285],[-111.865952557451,40.6553011034597],[-111.865950556005,40.6551691048692],[-111.865947555632,40.6549861036652],[-111.865946535146,40.6549136672821],[-111.865944557954,40.6547731041231],[-111.865943556332,40.6546411038064],[-111.865941556683,40.6545651041251],[-111.865938557208,40.6543401045702],[-111.865938556309,40.6542651056858],[-111.865936555761,40.65412610455],[-111.865934557908,40.6539811051208],[-111.865933558083,40.6537111051088],[-111.86593255736,40.653573105332],[-111.865932556462,40.6535728688452],[-111.866058690707,40.6535709640021],[-111.868419787566,40.6535352824295],[-111.868617590303,40.6535517894868],[-111.868819123744,40.6535917789254],[-111.869505382722,40.6537892245958],[-111.869776883245,40.6538376667282],[-111.870609257696,40.6538506877602],[-111.871325572507,40.6538611060833],[-111.871401304079,40.6542271884455],[-111.871480955898,40.6544392192613],[-111.87156325146,40.6545809205603],[-111.872001844914,40.65503047431],[-111.872002094646,40.6550303332388],[-111.872630557815,40.6556741039716],[-111.872723557702,40.6557531043788],[-111.872733559544,40.6557621042123],[-111.872943558708,40.655900104232],[-111.873227372439,40.6560859822346],[-111.87322755839,40.6560861042217],[-111.873293558512,40.6561291050175],[-111.8733745605,40.6561821053105],[-111.873429949722,40.6561639163011],[-111.873479893357,40.6562521332912],[-111.873753719618,40.6564317501562],[-111.874528262328,40.6569393940805],[-111.875049892454,40.6573151283896],[-111.875755935927,40.6579266917651],[-111.875908735764,40.6581145553817],[-111.876182724621,40.6586581611094],[-111.876324988117,40.65883802909],[-111.8775473922,40.6599891745899],[-111.877926758829,40.6602090094622],[-111.879581222919,40.6609884164369],[-111.88117772591,40.6617158569562],[-111.881883767587,40.662015622232],[-111.881841616837,40.6621035541416],[-111.881636126318,40.6626511232413],[-111.881272565546,40.6636023651511],[-111.881130303846,40.6639141127649],[-111.880945887803,40.6641579155674],[-111.880592868761,40.6645495943231],[-111.880545445799,40.6646055493141],[-111.880529638145,40.6647054671206],[-111.880555983935,40.6647494306354],[-111.880624480476,40.6648053854587],[-111.882584545137,40.6655607597358],[-111.882300017245,40.6662561748767],[-111.882273675048,40.6663920599663],[-111.882298005019,40.667118745864],[-111.881408292002,40.6671051666461],[-111.8807475335,40.6671032349341],[-111.880701485858,40.6671031020651],[-111.879456752353,40.6670994634964],[-111.879228222741,40.6671005864105],[-111.87902563917,40.6670877362655],[-111.878840699409,40.6670585248153],[-111.878653051228,40.6669959999631],[-111.8785041393,40.6669241264958],[-111.878318256308,40.6668156463503],[-111.8780628509,40.6666509572814],[-111.877892272505,40.6665459429001],[-111.87752317901,40.6663676758412],[-111.87681524009,40.6660464663218],[-111.876718619993,40.6660026215426],[-111.876160579352,40.6657600131524],[-111.875911872681,40.6656448132425],[-111.875703851607,40.6655725219864],[-111.875500912303,40.6655209103438],[-111.875370969201,40.665499113162],[-111.875308443762,40.6654886264725],[-111.875208021995,40.6654717816704],[-111.874367642656,40.6653489686868],[-111.873221446253,40.6651814543207],[-111.872526142138,40.6651191041914]]]},"properties":{"PrecinctID":"MUR010","VistaID":"MUR010","CountyID":18,"SubPrecinctID":null,"AliasName":null,"VersionNbr":null}},{"type":"Feature","geometry":{"type":"Polygon","coordinates":[[[-111.929713863306,40.6514285337581],[-111.929730683361,40.6513396261231],[-111.929740376183,40.6511522750325],[-111.929723130326,40.6510436308828],[-111.929695434368,40.6509708644412],[-111.929293532601,40.6505151814278],[-111.929294191066,40.650647025654],[-111.92929424766,40.6506580203853],[-111.929294369831,40.6506826126729],[-111.929283979018,40.6506729667287],[-111.929099644722,40.6505018550923],[-111.929058792936,40.6504234509578],[-111.929035683775,40.6503142433416],[-111.929012403036,40.6501777148273],[-111.928998729779,40.649457200595],[-111.928910833222,40.6494569600042],[-111.928519019536,40.6487565149206],[-111.928609470004,40.6487568175365],[-111.928804726916,40.6487574691149],[-111.928793647993,40.648744588855],[-111.928753606488,40.6487446386094],[-111.928601631305,40.6484117166297],[-111.928476367526,40.6481373047473],[-111.928472745519,40.6481293719115],[-111.928447615149,40.647862823579],[-111.929159193144,40.6476084226475],[-111.929278440006,40.647494572953],[-111.929416583829,40.6476275777417],[-111.929354569531,40.647795100066],[-111.929327411664,40.6479796388608],[-111.929310568252,40.6481221002012],[-111.929315569173,40.6483060989684],[-111.929304570201,40.6484450992787],[-111.929272567719,40.6488631003747],[-111.929262570368,40.6490031007435],[-111.929255570695,40.6490890991691],[-111.929306471036,40.6495296606223],[-111.929342570734,40.649842100353],[-111.929555570271,40.6503990984804],[-111.929849570897,40.6512120987908],[-111.929828570981,40.6514330993944],[-111.929713863306,40.6514285337581]]]},"properties":{"PrecinctID":"MUR047","VistaID":"MUR047","CountyID":18,"SubPrecinctID":null,"AliasName":null,"VersionNbr":null}},{"type":"Feature","geometry":{"type":"Polygon","coordinates":[[[-111.923496852295,40.6530640993265],[-111.923321344844,40.6530638628379],[-111.923285289164,40.6530638144497],[-111.918963416178,40.6530579022348],[-111.918587985967,40.6530538321771],[-111.91863584551,40.6527734426347],[-111.918945972692,40.6516756167711],[-111.919158042473,40.6509248833317],[-111.919286559949,40.6504699122239],[-111.919416639595,40.6500093949314],[-111.919496227635,40.6497276383413],[-111.919607239641,40.6493346273429],[-111.919629424435,40.6492490402157],[-111.9204414224,40.6493308324089],[-111.920463750925,40.6471851948091],[-111.920489431962,40.6461023695532],[-111.920585902041,40.6459857997678],[-111.92062705566,40.6459742821644],[-111.920627465292,40.645878774178],[-111.920627467089,40.6458746021245],[-111.920627861449,40.6455089401518],[-111.920628299827,40.6448235560083],[-111.9206296473,40.6444596536502],[-111.920621107017,40.6438656854789],[-111.920625204233,40.6437058692175],[-111.920353662387,40.643356147375],[-111.920190203141,40.643095718013],[-111.92011204522,40.6428627374611],[-111.920072967607,40.6427187121431],[-111.920022724833,40.6420790677778],[-111.919972479364,40.6411217093127],[-111.919972480262,40.6403803811996],[-111.920089716695,40.6395712659611],[-111.920640218674,40.6378983375395],[-111.921067476288,40.6381133807572],[-111.921641690197,40.6384135526965],[-111.922528533995,40.6389557981297],[-111.922968766875,40.639260809506],[-111.923747146289,40.6398805103478],[-111.923989593499,40.6400983719618],[-111.924314981262,40.6404275835972],[-111.92528476651,40.6413716409],[-111.925795179373,40.6418606073339],[-111.926280071997,40.6423156821246],[-111.926599079924,40.642601314402],[-111.927166916693,40.6430128125806],[-111.927747512234,40.6433565352182],[-111.928277063704,40.643642160315],[-111.928851278512,40.6438938982925],[-111.929597759648,40.6441262706529],[-111.930197493797,40.6442811851104],[-111.930931214365,40.6444264169173],[-111.93178615719,40.644518396921],[-111.931936211775,40.6445218520049],[-111.932056343478,40.6445246166173],[-111.932056569854,40.6445260991202],[-111.932079568522,40.644724098499],[-111.932082568895,40.6447890986971],[-111.932082569793,40.6449160991533],[-111.932031568841,40.6450970981567],[-111.931927568186,40.6453360996813],[-111.931804570857,40.6456210980962],[-111.93169756893,40.6458650986206],[-111.931554567917,40.6460720985755],[-111.931433570238,40.6462450993591],[-111.931110568401,40.6465481001355],[-111.930870569998,40.6467130992038],[-111.930769568817,40.6467830996353],[-111.930416570437,40.6469480994858],[-111.930184568836,40.6470180983076],[-111.929529569434,40.6472170990364],[-111.929392569166,40.6472950986704],[-111.929412570156,40.647319099221],[-111.929475569007,40.6473910980948],[-111.929496569822,40.6474150986109],[-111.929431569524,40.6475870994443],[-111.929416583829,40.6476275777417],[-111.929278440006,40.647494572953],[-111.929159193144,40.6476084226475],[-111.928447615149,40.647862823579],[-111.928472745519,40.6481293719115],[-111.928476367526,40.6481373047473],[-111.928601631305,40.6484117166297],[-111.928753606488,40.6487446386094],[-111.928793647993,40.648744588855],[-111.928804726916,40.6487574691149],[-111.928609470004,40.6487568175365],[-111.928519019536,40.6487565149206],[-111.928910833222,40.6494569600042],[-111.928998729779,40.649457200595],[-111.929012403036,40.6501777148273],[-111.929035683775,40.6503142433416],[-111.929058792936,40.6504234509578],[-111.929099644722,40.6505018550923],[-111.929283979018,40.6506729667287],[-111.929294369831,40.6506826126729],[-111.92929424766,40.6506580203853],[-111.929294191066,40.650647025654],[-111.929293532601,40.6505151814278],[-111.929695434368,40.6509708644412],[-111.929723130326,40.6510436308828],[-111.929740376183,40.6511522750325],[-111.929730683361,40.6513396261231],[-111.929713863306,40.6514285337581],[-111.929627570241,40.6514250994779],[-111.929622570218,40.6514511002256],[-111.929529568535,40.6515711008712],[-111.929248569226,40.6517800991121],[-111.929154569515,40.6519121003182],[-111.929089570116,40.6520930994307],[-111.929111569857,40.6522250993361],[-111.929305570026,40.6526041001792],[-111.929562569944,40.6530160996229],[-111.929405570483,40.6530190990091],[-111.929323569569,40.6530210999628],[-111.928936569955,40.653023100235],[-111.928880570777,40.6530230995534],[-111.928780571218,40.6530240993487],[-111.928213568983,40.6530270994161],[-111.928180569371,40.6530270994161],[-111.92808856931,40.6530280992113],[-111.92695356861,40.653039099684],[-111.926514570015,40.6530401001606],[-111.925948569402,40.6530430988641],[-111.92562502678,40.6530424480091],[-111.925451569285,40.6530420997506],[-111.924705569645,40.6530411013186],[-111.923961568757,40.6530571000818],[-111.923844568582,40.6530601001476],[-111.923801568026,40.6530651004842],[-111.923561567826,40.653064100008],[-111.923496852295,40.6530640993265]]]},"properties":{"PrecinctID":"MUR013","VistaID":"MUR013","CountyID":18,"SubPrecinctID":null,"AliasName":null,"VersionNbr":null}},{"type":"Feature","geometry":{"type":"Polygon","coordinates":[[[-111.864774898453,40.6495696606502],[-111.863428984104,40.6495584551378],[-111.862111127735,40.6495385924577],[-111.86163919241,40.6495411987405],[-111.860356919207,40.6495300443403],[-111.860186595036,40.6495285912556],[-111.859320620899,40.6495161466611],[-111.858321124771,40.6495109661268],[-111.858123543019,40.6495088205772],[-111.857321359149,40.6495001047922],[-111.85726855438,40.6495001047922],[-111.857073554386,40.6495011046403],[-111.857008554089,40.6495021044884],[-111.856876553844,40.6495001054738],[-111.856480554009,40.6494951041885],[-111.856348553765,40.6494941050218],[-111.856241553635,40.6494921053255],[-111.855922554691,40.6494861048728],[-111.855816554385,40.6494851050246],[-111.855556553196,40.6494861055544],[-111.855074554046,40.6494891057808],[-111.854776553221,40.6494791045713],[-111.854517997421,40.6494721185817],[-111.854522437794,40.6491427791207],[-111.85455041223,40.6470681763876],[-111.854629807132,40.6404689210285],[-111.855318444849,40.6406258943787],[-111.855805891383,40.6406508291433],[-111.856704107852,40.6406466738043],[-111.85948090999,40.6406300517639],[-111.86160048131,40.6406383624438],[-111.861819557051,40.640654986527],[-111.862011252143,40.6406882339992],[-111.86220294454,40.6407588842265],[-111.862350819812,40.6408503144227],[-111.862865651488,40.6414487673658],[-111.863090206054,40.6415859122183],[-111.863572175561,40.6416648740923],[-111.864996176864,40.6418809787559],[-111.865837622502,40.6420574238024],[-111.865964553554,40.6420840396269],[-111.86596455535,40.642084103019],[-111.86596455535,40.6424231033215],[-111.86596455535,40.6434401027598],[-111.865965556074,40.643780103607],[-111.865965556972,40.6437802058497],[-111.865965556074,40.6438791031131],[-111.865966556797,40.6441761041585],[-111.865967554825,40.6442761036853],[-111.865969555373,40.6445101030829],[-111.865975554323,40.6450391037978],[-111.865973555571,40.645215103588],[-111.865971555921,40.6454501030103],[-111.865968555548,40.6457261038421],[-111.865966555,40.6460451040113],[-111.865961554977,40.6465551041525],[-111.865959556226,40.6468321043922],[-111.865957556576,40.6470121044484],[-111.86595155583,40.6475551033806],[-111.865950556903,40.6477361040876],[-111.865945555084,40.6481041046062],[-111.865931556637,40.6492101039149],[-111.865927555541,40.6495791050125],[-111.865927556439,40.6495791438614],[-111.865927556439,40.6495792467768],[-111.865801433871,40.6495781985392],[-111.864774898453,40.6495696606502]]]},"properties":{"PrecinctID":"MUR025","VistaID":"MUR025","CountyID":18,"SubPrecinctID":null,"AliasName":null,"VersionNbr":null}},{"type":"Feature","geometry":{"type":"Polygon","coordinates":[[[-111.87898140882,40.6491178250368],[-111.878914116921,40.6487525795509],[-111.87890893993,40.6484776626636],[-111.878919293013,40.648293072765],[-111.87908493786,40.6477196664756],[-111.879276464069,40.647303355357],[-111.879581867909,40.6469459531721],[-111.879954567242,40.6466710274791],[-111.880720667585,40.6462350710813],[-111.881128613216,40.6460017375158],[-111.882066521747,40.6454652679508],[-111.882076239721,40.645473942685],[-111.882361197906,40.6453031660165],[-111.882504197123,40.6452011661588],[-111.882620196575,40.6451041663968],[-111.882642199012,40.6450801657313],[-111.882723198304,40.645000166404],[-111.882803199568,40.6448811654466],[-111.882869196996,40.6447601664837],[-111.882902197506,40.6446481652259],[-111.882915199721,40.6445201670637],[-111.882915198823,40.643762166142],[-111.882915197027,40.6431381662034],[-111.882915197925,40.6430781654823],[-111.882915197027,40.642839165415],[-111.883000197415,40.6423931660382],[-111.883253198932,40.6424311663457],[-111.883351197943,40.642446165654],[-111.88365119662,40.6424871657909],[-111.884017199013,40.6425291665368],[-111.884272198383,40.6425591651059],[-111.884470197851,40.642580164778],[-111.885064198053,40.6426441664316],[-111.885168200505,40.6426561651585],[-111.885263198245,40.642666164664],[-111.885989197793,40.6427491645917],[-111.887544199516,40.6429281648071],[-111.888173200776,40.6429271655422],[-111.888893346902,40.6429271641789],[-111.888891755087,40.6429607704183],[-111.888889825506,40.6430015507556],[-111.888759241006,40.6459698456577],[-111.888666034507,40.6476976849034],[-111.888561259504,40.649343438568],[-111.888448564055,40.6493366086418],[-111.88843960336,40.6493360668005],[-111.884617114621,40.6491043927798],[-111.883458259158,40.6490339626713],[-111.88315283825,40.6490138238013],[-111.882515495234,40.648975951968],[-111.882244825652,40.6489598663491],[-111.882188133873,40.6489564973721],[-111.880452887883,40.648853357385],[-111.8803834544,40.6488612676431],[-111.880299143917,40.6488644512389],[-111.880163329426,40.6488726859212],[-111.879054520905,40.6491034310934],[-111.878981847198,40.649120012856],[-111.87898140882,40.6491178250368]]]},"properties":{"PrecinctID":"MUR017","VistaID":"MUR017","CountyID":18,"SubPrecinctID":null,"AliasName":null,"VersionNbr":null}},{"type":"Feature","geometry":{"type":"Polygon","coordinates":[[[-111.865932556462,40.6535728688452],[-111.865931555738,40.6527741043967],[-111.865928557162,40.6503771034783],[-111.865927556439,40.6495792467768],[-111.865927556439,40.6495791438614],[-111.866053687091,40.6495797225049],[-111.87093962482,40.6496020421918],[-111.871265335976,40.6496087521365],[-111.871840540727,40.6496205976239],[-111.874200129314,40.6496691600107],[-111.876057856101,40.6497266902949],[-111.876474898972,40.6496883356417],[-111.876820296707,40.6496018370427],[-111.876797198326,40.6496231684624],[-111.876793034635,40.6496274016218],[-111.876679196529,40.649743168306],[-111.876433196481,40.6499911681168],[-111.876338196047,40.6501131690211],[-111.87623519881,40.6502461685908],[-111.876132195284,40.6503781687421],[-111.876072196806,40.6505131688126],[-111.87608619705,40.6507821689869],[-111.876120196487,40.6508601692249],[-111.876187197332,40.6510141684133],[-111.875894195633,40.6510391688145],[-111.875726196302,40.6510811675864],[-111.875588196209,40.6511311676477],[-111.875515196414,40.6512001677116],[-111.875499195623,40.6512621682712],[-111.875502195097,40.6513641690885],[-111.87552819863,40.6514461699666],[-111.875597195532,40.6515491682754],[-111.875636196788,40.6516331678769],[-111.875681197892,40.6517251686172],[-111.875713196781,40.6517461681313],[-111.87579819717,40.6517621685681],[-111.875894196531,40.6517791694964],[-111.876025195154,40.651805168743],[-111.876117197911,40.6518541691305],[-111.876167198139,40.6519141694587],[-111.876170198512,40.6520091685616],[-111.876190197705,40.6521671691016],[-111.876190197705,40.6523351673244],[-111.876246195985,40.6524501687239],[-111.876403199039,40.6525521677252],[-111.876532196216,40.6526241684497],[-111.876568197997,40.65264416788],[-111.876581198416,40.6527101697056],[-111.876547198081,40.6529001695987],[-111.876366196534,40.6539371685843],[-111.876237199358,40.6540991691278],[-111.876145198398,40.6541051684841],[-111.876027196601,40.6541231679128],[-111.875517197861,40.654202169475],[-111.875608199894,40.6545461697864],[-111.87570519908,40.6549091686713],[-111.875660197078,40.6549131704653],[-111.875527197008,40.6549271692461],[-111.875483198424,40.6549331685279],[-111.875489197374,40.6549701701074],[-111.875533198653,40.6551921709752],[-111.875592199102,40.6554901698183],[-111.875592197306,40.6555231686501],[-111.875597199125,40.6557431681688],[-111.875587197283,40.6558661692129],[-111.875571628581,40.6560861049032],[-111.875559559715,40.6560861035402],[-111.875401559531,40.6560861028587],[-111.874926560053,40.6560861042217],[-111.874769558796,40.6560871046526],[-111.874278558526,40.6560841047229],[-111.873935558395,40.656079103931],[-111.873798559026,40.6560821052239],[-111.873642558492,40.6560941049424],[-111.873429949722,40.6561639163011],[-111.8733745605,40.6561821053105],[-111.873293558512,40.6561291050175],[-111.87322755839,40.6560861042217],[-111.873227372439,40.6560859822346],[-111.872943558708,40.655900104232],[-111.872733559544,40.6557621042123],[-111.872723557702,40.6557531043788],[-111.872630557815,40.6556741039716],[-111.872002094646,40.6550303332388],[-111.872001844914,40.65503047431],[-111.87156325146,40.6545809205603],[-111.871480955898,40.6544392192613],[-111.871401304079,40.6542271884455],[-111.871325572507,40.6538611060833],[-111.870609257696,40.6538506877602],[-111.869776883245,40.6538376667282],[-111.869505382722,40.6537892245958],[-111.868819123744,40.6535917789254],[-111.868617590303,40.6535517894868],[-111.868419787566,40.6535352824295],[-111.866058690707,40.6535709640021],[-111.865932556462,40.6535728688452]]]},"properties":{"PrecinctID":"MUR041","VistaID":"MUR041","CountyID":18,"SubPrecinctID":null,"AliasName":null,"VersionNbr":null}},{"type":"Feature","geometry":{"type":"Polygon","coordinates":[[[-111.888332234921,40.6560638712088],[-111.888335552399,40.6555726474446],[-111.888341810063,40.6546449400103],[-111.888410377571,40.6524994255742],[-111.888454234221,40.6517973228983],[-111.888501523334,40.6510780822387],[-111.888503054064,40.6510176906339],[-111.888541169581,40.6497895366725],[-111.888561259504,40.649343438568],[-111.888666034507,40.6476976849034],[-111.888759241006,40.6459698456577],[-111.888889825506,40.6430015507556],[-111.888891755087,40.6429607704183],[-111.889385621881,40.6429409398559],[-111.89070534495,40.6428933486631],[-111.892223681036,40.6429092135339],[-111.893683545781,40.6428999175039],[-111.89492487018,40.6429216061935],[-111.895941613961,40.6429494915438],[-111.89674194281,40.6429494908621],[-111.897897517626,40.6429216055119],[-111.898693762734,40.6429278021817],[-111.902922281897,40.6429256748243],[-111.902775538502,40.6443925305919],[-111.902628794208,40.6457238075375],[-111.90247567008,40.6474278046427],[-111.902471627661,40.6474615299372],[-111.902348067987,40.6484927812509],[-111.902271505474,40.6492285715345],[-111.902105619879,40.650806624238],[-111.901984397621,40.6523023509292],[-111.901805753254,40.6539916583632],[-111.901713377696,40.6547910951935],[-111.900734527549,40.6549136359328],[-111.899971556937,40.6549606951589],[-111.899673813929,40.6548901063073],[-111.899388473961,40.6549183410392],[-111.898588287045,40.655068929481],[-111.898246726913,40.6551262377105],[-111.897644329259,40.6552273064607],[-111.897298060158,40.6552854010059],[-111.896150504604,40.6554548109396],[-111.895437156928,40.6555301063013],[-111.894475692775,40.6556195174311],[-111.894264789906,40.655741868556],[-111.892893923951,40.6558783379808],[-111.891318360689,40.6560195121551],[-111.890356892942,40.6560712763076],[-111.889914540039,40.656078334526],[-111.888332234921,40.6560638712088]]]},"properties":{"PrecinctID":"MUR015","VistaID":"MUR015","CountyID":18,"SubPrecinctID":null,"AliasName":null,"VersionNbr":null}},{"type":"Feature","geometry":{"type":"Polygon","coordinates":[[[-111.923011564412,40.6300300976698],[-111.923060567511,40.6300430974401],[-111.923091566574,40.6299400979848],[-111.923202566004,40.6296150976955],[-111.923279566895,40.6293920974966],[-111.9235725659,40.6285890982182],[-111.923359565465,40.6275540984312],[-111.923315565982,40.627326096585],[-111.923306563965,40.6272210980297],[-111.923121565813,40.6262990971979],[-111.923147564854,40.6263000973935],[-111.92329956519,40.626275097271],[-111.923356566888,40.626486097384],[-111.923391565252,40.6266130972082],[-111.923568564804,40.6268590973618],[-111.923636564576,40.6269530964883],[-111.923738564683,40.6270570973261],[-111.92380956393,40.6271290969196],[-111.92402556384,40.6273050968871],[-111.924179565622,40.6273930977196],[-111.924349564603,40.6274910968058],[-111.924782566943,40.6276840981128],[-111.925265566817,40.6278150970325],[-111.925438566171,40.6278920980314],[-111.925698566462,40.6280700970082],[-111.925769566607,40.6281180969268],[-111.925899565405,40.6282380972541],[-111.926041564797,40.6284980977919],[-111.926100567043,40.6286080971903],[-111.926195580953,40.6285993752672],[-111.926301387222,40.6288683587691],[-111.926306787893,40.6288820821237],[-111.926360878151,40.6290195889044],[-111.926385670755,40.6290195786779],[-111.927058357088,40.629019312788],[-111.927179741042,40.6290813932664],[-111.927444726084,40.6290578661232],[-111.927948708807,40.6290131175543],[-111.927948733061,40.6290465501295],[-111.927948795943,40.6291343836795],[-111.927948841757,40.6292002601296],[-111.927948886673,40.6292661358331],[-111.927948934284,40.6293320114716],[-111.927948964827,40.6293833920382],[-111.927948980996,40.6293978863633],[-111.927949007047,40.6294381575266],[-111.927949041183,40.6294857201329],[-111.927949102269,40.6295735551505],[-111.927949148981,40.6296394311674],[-111.927949196592,40.6297053064377],[-111.927949241508,40.6297711830065],[-111.927949302593,40.6298590176486],[-111.927949324153,40.6298909935611],[-111.927949330441,40.6298980477309],[-111.928310217826,40.6298632616061],[-111.928403145848,40.6298543039579],[-111.928903679039,40.6298060400823],[-111.929099009613,40.6297803908721],[-111.92910887042,40.6297626834894],[-111.929110936545,40.6297562694793],[-111.929111630044,40.6297496857099],[-111.929112259763,40.6292801202225],[-111.929111372228,40.6290915366131],[-111.92911060327,40.6290846248477],[-111.929108323346,40.6290779101126],[-111.929104594439,40.6290715819394],[-111.929099526144,40.6290658209969],[-111.929093260395,40.6290607888644],[-111.929085972363,40.6290566314405],[-111.929077873152,40.6290534639441],[-111.929069190935,40.6290513770508],[-111.929060172748,40.6290504293925],[-111.929051073713,40.6290506502855],[-111.928840481661,40.6290693450576],[-111.928640090877,40.6290871364816],[-111.928439695602,40.6291049265373],[-111.928420892964,40.6291065948236],[-111.92841572855,40.6289716012238],[-111.928415682736,40.6289029756514],[-111.928415547988,40.6287032958192],[-111.92818343859,40.6287046327742],[-111.927768863392,40.6287413632336],[-111.927732830169,40.6287445593792],[-111.927732721473,40.6284582589885],[-111.92922656679,40.628321098076],[-111.929226565892,40.6283763900844],[-111.929226565892,40.6285010969164],[-111.929223566417,40.6287320972741],[-111.929222565694,40.6288700972835],[-111.929223566417,40.6289130978902],[-111.929225566965,40.6289790965954],[-111.929228568236,40.6290430969716],[-111.92923056609,40.629087096939],[-111.929232566638,40.6291450969758],[-111.929238565587,40.6292810971934],[-111.929237566661,40.6293220972347],[-111.929237565762,40.6293810978986],[-111.929233565564,40.6294790967945],[-111.929232566638,40.6295250974511],[-111.929231565914,40.6297760971407],[-111.929231565914,40.6298760964229],[-111.929230902958,40.6298761468732],[-111.929112566987,40.6298850977009],[-111.92900456793,40.6298950970741],[-111.928324566616,40.6299540972316],[-111.928098566661,40.6299740966377],[-111.92776456675,40.6300020978414],[-111.927604566916,40.6300160970753],[-111.927412567296,40.6300310971278],[-111.926893566539,40.630075097126],[-111.926763566842,40.6300850971525],[-111.926430566756,40.6301130969461],[-111.926366566284,40.6301180976385],[-111.926098566495,40.6301440971422],[-111.926006566434,40.6301540971584],[-111.924737566738,40.6303010981782],[-111.924314567138,40.63035009731],[-111.924188566742,40.6303600986588],[-111.923813565925,40.6303920975111],[-111.923689565178,40.6304030969426],[-111.923660564865,40.6304050978927],[-111.923574566448,40.6304120981495],[-111.923546565961,40.6304150978698],[-111.923444565854,40.6304240970298],[-111.923357565815,40.6304310979664],[-111.923303232113,40.6304354107448],[-111.923231565418,40.6304410965761],[-111.923011564412,40.6300300976698]]]},"properties":{"PrecinctID":"MUR029","VistaID":"MUR029","CountyID":18,"SubPrecinctID":null,"AliasName":null,"VersionNbr":null}},{"type":"Feature","geometry":{"type":"Polygon","coordinates":[[[-111.839287476801,40.6402477068853],[-111.839292953829,40.6397531403941],[-111.83921627723,40.6396949566621],[-111.838947907335,40.6396658647771],[-111.838887660922,40.6396243053089],[-111.838882183894,40.6393749438662],[-111.838871230736,40.638522953613],[-111.838942430307,40.6383442415208],[-111.838953385262,40.6379577239533],[-111.838997199691,40.6366651600853],[-111.838986244737,40.6364116319865],[-111.839013632573,40.6361830407217],[-111.839117692517,40.6360458840874],[-111.839292953829,40.6359336671064],[-111.839462738113,40.6358921039512],[-111.839637999425,40.6359087298981],[-111.839654431408,40.6357175425075],[-111.83974206386,40.6355554482584],[-111.839785879188,40.6352686657906],[-111.839857076963,40.6346743138361],[-111.841237262938,40.6346743151995],[-111.845186130265,40.6346909400862],[-111.849890808631,40.6346867830128],[-111.854042320614,40.6347241918923],[-111.854698894763,40.6347313389458],[-111.854629807132,40.6404689210285],[-111.854055671376,40.6403386149536],[-111.850649708077,40.6402931582083],[-111.846978452513,40.6402347152367],[-111.844556624152,40.6402152349164],[-111.84269104519,40.6401957532272],[-111.839567485268,40.6402477027953],[-111.839287476801,40.6402477068853]]]},"properties":{"PrecinctID":"MUR028","VistaID":"MUR028","CountyID":18,"SubPrecinctID":null,"AliasName":null,"VersionNbr":null}},{"type":"Feature","geometry":{"type":"Polygon","coordinates":[[[-111.888307877102,40.6643595608285],[-111.888295209958,40.6636169699312],[-111.888293759179,40.662881863694],[-111.888299038578,40.6613170377967],[-111.888293334276,40.6603540696339],[-111.888290751619,40.6593577151668],[-111.888287552719,40.658492894457],[-111.888276727121,40.6577573228634],[-111.888332234921,40.6560638712088],[-111.889914540039,40.656078334526],[-111.890356892942,40.6560712763076],[-111.891318360689,40.6560195121551],[-111.892893923951,40.6558783379808],[-111.894264789906,40.655741868556],[-111.894475692775,40.6556195174311],[-111.895437156928,40.6555301063013],[-111.896150504604,40.6554548109396],[-111.897298060158,40.6552854010059],[-111.897644329259,40.6552273064607],[-111.897631216551,40.6552706117594],[-111.897576410336,40.655329117893],[-111.897452167942,40.6554685022508],[-111.897341277208,40.655654898712],[-111.896915356288,40.6560894142304],[-111.89660658646,40.6563670802352],[-111.896221151711,40.6567125795575],[-111.895723189498,40.6571692915356],[-111.895031161539,40.6579222138017],[-111.894887895523,40.658103249765],[-111.894542414244,40.6585419328654],[-111.894132720491,40.6593081206056],[-111.893908190179,40.6598593706977],[-111.893592547341,40.6608491615016],[-111.893283487357,40.6619812174098],[-111.893150885241,40.6623254753947],[-111.893050004435,40.6625704294816],[-111.892953235218,40.6627410440726],[-111.892907850533,40.6628210657422],[-111.892713921331,40.663094602938],[-111.892393353929,40.6634475016803],[-111.891959072388,40.6639197569041],[-111.891909413519,40.6639737574529],[-111.891716348496,40.6641356314132],[-111.891544863702,40.6642270002821],[-111.891412879627,40.6642667461916],[-111.89122544255,40.6643168876441],[-111.891216017426,40.6643205413556],[-111.890918208841,40.6643453582418],[-111.890259242478,40.6643514111893],[-111.889710388907,40.6643564522455],[-111.888307877102,40.6643595608285]]]},"properties":{"PrecinctID":"MUR052","VistaID":"MUR052","CountyID":18,"SubPrecinctID":null,"AliasName":null,"VersionNbr":null}},{"type":"Feature","geometry":{"type":"Polygon","coordinates":[[[-111.86454455694,40.665720105961],[-111.864245558986,40.6656581072534],[-111.863814557194,40.6655461056395],[-111.863552557253,40.665479106683],[-111.863397557442,40.6654281068627],[-111.862933557835,40.6652761054166],[-111.862779557849,40.6652261064163],[-111.862688558511,40.6651961071344],[-111.861701557949,40.6647991070079],[-111.860955556513,40.6644391069784],[-111.860843557258,40.664385106125],[-111.860825557715,40.6643751057855],[-111.859986556392,40.6639201071501],[-111.859834016169,40.6638201629548],[-111.859793033229,40.6637933098091],[-111.858997557977,40.6632721066978],[-111.858007557041,40.6624911073368],[-111.857687035453,40.6621884488015],[-111.857104990929,40.6616388390922],[-111.85713431194,40.6616373188091],[-111.859175290554,40.6614809045946],[-111.859294744927,40.6618350704827],[-111.85961659692,40.661819924254],[-111.859452827756,40.6612737398301],[-111.859036101991,40.6598838648718],[-111.857990259981,40.6582020004119],[-111.858002892988,40.6573966033485],[-111.857000832171,40.6573683955617],[-111.857066920328,40.6571457954168],[-111.857163804529,40.6568195114458],[-111.857022726809,40.6565389782603],[-111.85667330013,40.6563638070408],[-111.856847696364,40.656296999219],[-111.856851527679,40.6561368747073],[-111.856854324134,40.6553106867184],[-111.856854351982,40.655302374458],[-111.856862178105,40.6553025564186],[-111.857027350438,40.655306430067],[-111.857127394014,40.6553087764729],[-111.857246922049,40.6553114861183],[-111.858878629118,40.6553533929245],[-111.859509251837,40.6553640365895],[-111.861591297833,40.6554157044777],[-111.861643997499,40.6554170129563],[-111.862078064342,40.6554277840514],[-111.862256194873,40.655390399723],[-111.862324558463,40.6553691628309],[-111.862407039077,40.655345138597],[-111.86257913293,40.655297890185],[-111.862665257111,40.6552819253526],[-111.862759766167,40.6552704345692],[-111.862856677318,40.6552633830804],[-111.86295713951,40.6552599442271],[-111.864941275427,40.6552919475005],[-111.865826396256,40.6553002897482],[-111.865952554757,40.655301478285],[-111.86595155583,40.6556461046761],[-111.865949557078,40.6566851054424],[-111.86594955618,40.657031106052],[-111.865949557078,40.6571551051364],[-111.865951556728,40.6575271057772],[-111.865952559248,40.6576511059842],[-111.865952557451,40.6577321062258],[-111.865953557276,40.6579761060815],[-111.865954558898,40.6580581056483],[-111.865960557847,40.6583351058414],[-111.86596555787,40.6585011061441],[-111.865967558418,40.6589051055897],[-111.865961556774,40.6591151057757],[-111.865957556576,40.6591671053562],[-111.865937556485,40.6594441057146],[-111.865899557748,40.659556106672],[-111.865818556659,40.659803105752],[-111.865816164445,40.6598104872663],[-111.865794556369,40.6598771062143],[-111.86578655777,40.6598911059978],[-111.865734557892,40.6599971053344],[-111.865583557381,40.6603121053198],[-111.865468556855,40.6605531062318],[-111.865313557942,40.6608781065013],[-111.865132555497,40.6612601055884],[-111.864982557506,40.6615761047282],[-111.864936557475,40.6616851051539],[-111.864855558183,40.6618801064212],[-111.864831622572,40.6619417835973],[-111.864803557406,40.6620141060461],[-111.864782557489,40.6620701060944],[-111.864781795718,40.6620724774753],[-111.864764558844,40.6621261060956],[-111.864707557146,40.6623081050935],[-111.864682557032,40.6623911058045],[-111.864606556864,40.6627511059853],[-111.864595556993,40.6628701064203],[-111.864594558067,40.6628901068677],[-111.864586557671,40.6630611063254],[-111.864576557625,40.6634401055772],[-111.864583557298,40.6635021049838],[-111.864586557671,40.6635351053039],[-111.864595557892,40.6636081060778],[-111.864676558083,40.6642991069722],[-111.864695557451,40.6644461057104],[-111.864800557033,40.6652431073207],[-111.864847558685,40.6655931062606],[-111.864860557307,40.6657033143661],[-111.864870557353,40.6657881063236],[-111.864634559148,40.665739105949],[-111.864604557214,40.6657321073527],[-111.86454455694,40.665720105961]]]},"properties":{"PrecinctID":"MUR012","VistaID":"MUR012","CountyID":18,"SubPrecinctID":null,"AliasName":null,"VersionNbr":null}},{"type":"Feature","geometry":{"type":"Polygon","coordinates":[[[-111.873429949722,40.6561639163011],[-111.873642558492,40.6560941049424],[-111.873798559026,40.6560821052239],[-111.873935558395,40.656079103931],[-111.874278558526,40.6560841047229],[-111.874769558796,40.6560871046526],[-111.874926560053,40.6560861042217],[-111.875401559531,40.6560861028587],[-111.875559559715,40.6560861035402],[-111.875571628581,40.6560861049032],[-111.875585560552,40.6560861035402],[-111.875974558918,40.6560871039711],[-111.877142558332,40.6560901045821],[-111.877489231675,40.6560909932482],[-111.87748922898,40.6560911847476],[-111.877532900578,40.6560912869714],[-111.879483364045,40.656090162509],[-111.880088142234,40.6560920127608],[-111.880747923369,40.6560940292967],[-111.882032582497,40.6560959504237],[-111.883339723762,40.6560967402733],[-111.88624963197,40.6561006022902],[-111.887179404459,40.6560979247069],[-111.887987957385,40.6560611111634],[-111.888141501925,40.6560623419392],[-111.888332234921,40.6560638712088],[-111.888276727121,40.6577573228634],[-111.888287552719,40.658492894457],[-111.888290751619,40.6593577151668],[-111.888293334276,40.6603540696339],[-111.888299038578,40.6613170377967],[-111.888293759179,40.662881863694],[-111.888295209958,40.6636169699312],[-111.888307877102,40.6643595608285],[-111.888310030364,40.665090986208],[-111.888314830062,40.6655410612662],[-111.888299699738,40.6663170112619],[-111.88829786987,40.6664106850001],[-111.888287385632,40.6669484082102],[-111.888277168194,40.6669487066552],[-111.886902552671,40.6669887677849],[-111.886107843682,40.6670110918687],[-111.885792488305,40.667020086095],[-111.885738038721,40.667021639643],[-111.884811593592,40.6670480629007],[-111.884001527903,40.6670704775882],[-111.883140679553,40.667100515547],[-111.88284262483,40.6671099969478],[-111.882298005019,40.667118745864],[-111.882273675048,40.6663920599663],[-111.882300017245,40.6662561748767],[-111.882584545137,40.6655607597358],[-111.880624480476,40.6648053854587],[-111.880555983935,40.6647494306354],[-111.880529638145,40.6647054671206],[-111.880545445799,40.6646055493141],[-111.880592868761,40.6645495943231],[-111.880945887803,40.6641579155674],[-111.881130303846,40.6639141127649],[-111.881272565546,40.6636023651511],[-111.881636126318,40.6626511232413],[-111.881841616837,40.6621035541416],[-111.881883767587,40.662015622232],[-111.88117772591,40.6617158569562],[-111.879581222919,40.6609884164369],[-111.877926758829,40.6602090094622],[-111.8775473922,40.6599891745899],[-111.876324988117,40.65883802909],[-111.876182724621,40.6586581611094],[-111.875908735764,40.6581145553817],[-111.875755935927,40.6579266917651],[-111.875049892454,40.6573151283896],[-111.874528262328,40.6569393940805],[-111.873753719618,40.6564317501562],[-111.873479893357,40.6562521332912],[-111.873429949722,40.6561639163011]]]},"properties":{"PrecinctID":"MUR009","VistaID":"MUR009","CountyID":18,"SubPrecinctID":null,"AliasName":null,"VersionNbr":null}},{"type":"Feature","geometry":{"type":"Polygon","coordinates":[[[-111.854494787649,40.6543088137003],[-111.854494857718,40.654095866517],[-111.854494864006,40.6540827392168],[-111.854494901735,40.6539625754357],[-111.854495252977,40.6538913748909],[-111.854495459589,40.6538549008875],[-111.854639322087,40.6538578641156],[-111.855332269921,40.6538617548857],[-111.855534008177,40.6538628746151],[-111.855616789727,40.6538633346378],[-111.855717801688,40.6538638948433],[-111.855717755874,40.6539845631224],[-111.85571767772,40.6541818031768],[-111.855717674127,40.6541932662058],[-111.855717620228,40.6543320409402],[-111.855714053018,40.6543319646111],[-111.855524242592,40.6543278714597],[-111.855174834777,40.6543203346359],[-111.854637951258,40.6543090610887],[-111.854612726565,40.6543090167905],[-111.854494787649,40.6543088137003]]]},"properties":{"PrecinctID":"MUR050","VistaID":"MUR050","CountyID":18,"SubPrecinctID":null,"AliasName":null,"VersionNbr":null}},{"type":"Feature","geometry":{"type":"Polygon","coordinates":[[[-111.873329581853,40.637732207587],[-111.873312073689,40.6376364805757],[-111.873316838353,40.6366240186707],[-111.873297778797,40.6360165356573],[-111.87327395368,40.6357742654148],[-111.873207243888,40.6355826154454],[-111.873183417872,40.6354018156041],[-111.873183417872,40.6353222614191],[-111.873583678416,40.6353403429466],[-111.873845753816,40.6353511909063],[-111.874350847754,40.6353692710625],[-111.87462245338,40.63537650326],[-111.8759947773,40.6353692710625],[-111.87600907309,40.6346026686872],[-111.876013838652,40.6335214567776],[-111.876190142908,40.6334816795993],[-111.876347387609,40.633376810706],[-111.87645698387,40.6331887724578],[-111.876480809886,40.6330658230111],[-111.876461748534,40.6325197822513],[-111.876461748534,40.6323208917757],[-111.876547518779,40.6323317415895],[-111.876544070147,40.6320402337837],[-111.87655057395,40.632008616813],[-111.876563326433,40.6310695136236],[-111.876534474343,40.6310692845563],[-111.876552564616,40.6302768460763],[-111.877668556965,40.6303971015913],[-111.879513924731,40.6305885898714],[-111.879846557406,40.6306231022355],[-111.879972556006,40.6306361012086],[-111.88178755802,40.6308160999449],[-111.882660251556,40.6309032248747],[-111.883202541136,40.6309706894185],[-111.883266034061,40.630978588161],[-111.883658269955,40.6310273836346],[-111.885790076329,40.6312763263045],[-111.88671979941,40.6313881107062],[-111.887650437875,40.6314827579318],[-111.889053575806,40.6316240757505],[-111.889137594336,40.6316325375348],[-111.889566118574,40.6317090139633],[-111.88954980427,40.6319685646745],[-111.889549016448,40.6319816322412],[-111.889540021617,40.6320724608947],[-111.889420715466,40.633273555292],[-111.889264518201,40.6359395222124],[-111.889253447363,40.6361936015507],[-111.889206290302,40.6372758983757],[-111.889170387335,40.6378417091452],[-111.889160363035,40.6379996682434],[-111.889134598454,40.6384057495861],[-111.889131120178,40.6384605403947],[-111.885579840908,40.6384339422123],[-111.885548832861,40.6384337097619],[-111.885170111222,40.6384032778397],[-111.884465178066,40.6383504181653],[-111.884381616778,40.6383436089277],[-111.883717061995,40.6383459470682],[-111.883010034866,40.638356764546],[-111.882999841682,40.6378505968723],[-111.882642478388,40.6378484209539],[-111.882596829598,40.6378481441924],[-111.882077332073,40.6378449852932],[-111.8817556292,40.6378420799784],[-111.88156634878,40.637834514707],[-111.881351844565,40.6378010108654],[-111.881341396259,40.6381740655714],[-111.881299835703,40.6382554466543],[-111.881228453774,40.6383127168345],[-111.881174270091,40.6383266727439],[-111.881112960971,40.6383424596259],[-111.880974686892,40.6383453253819],[-111.878592193062,40.6383428747652],[-111.878561005352,40.6383428427265],[-111.877740247016,40.6383419967695],[-111.877516773123,40.6383410137961],[-111.876999688473,40.6383421692329],[-111.876987979831,40.6383421944549],[-111.876506888877,40.6383432694542],[-111.875697998185,40.6383466839574],[-111.874851239012,40.6383441195012],[-111.874820062081,40.6383379830749],[-111.874758751165,40.6383259147227],[-111.874669783816,40.6383049539311],[-111.874601916994,40.6382684986754],[-111.87452913549,40.6382167997867],[-111.874489542244,40.6381720743976],[-111.874449839403,40.6381201041272],[-111.874436178723,40.6380733752263],[-111.87442940812,40.6380085661746],[-111.874411914329,40.6379330294967],[-111.874385041227,40.6378683920917],[-111.874321594117,40.6378102946536],[-111.874258405721,40.6377729461277],[-111.874163508593,40.6377484349746],[-111.874051139232,40.6377439072577],[-111.873890195269,40.6377388212449],[-111.873695036274,40.6377366432778],[-111.873329581853,40.637732207587]]]},"properties":{"PrecinctID":"MUR032","VistaID":"MUR032","CountyID":18,"SubPrecinctID":null,"AliasName":null,"VersionNbr":null}},{"type":"Feature","geometry":{"type":"Polygon","coordinates":[[[-111.888310708592,40.6786567095143],[-111.888284325072,40.6786492892101],[-111.888276565424,40.6786471050844],[-111.888280563826,40.6785871049571],[-111.888281565447,40.6781781050123],[-111.888282565272,40.6779991060293],[-111.888282208641,40.6779285783468],[-111.888281565447,40.6778011059321],[-111.888281565447,40.6775181055362],[-111.888280563826,40.6772101051796],[-111.888280563826,40.6770607528285],[-111.889108298478,40.6770547146602],[-111.889108334411,40.6770629492692],[-111.890792656704,40.6770564757643],[-111.890792645924,40.6770482411544],[-111.891251566456,40.6770448844963],[-111.891253210373,40.6772061721696],[-111.891259208425,40.6777971715945],[-111.891262209696,40.6779941722822],[-111.891256209848,40.6783911722005],[-111.891249211074,40.6788811726459],[-111.891239211028,40.6795841729142],[-111.891238210305,40.6796751724972],[-111.891237266175,40.6797601612825],[-111.891225566517,40.6797591053441],[-111.891156565124,40.6797541063274],[-111.891077566379,40.679718105629],[-111.890906566675,40.6796901055266],[-111.890777565007,40.6796791060428],[-111.890677564549,40.6796671057987],[-111.890506564845,40.6796551055524],[-111.890460565713,40.6796501058465],[-111.890377565872,40.6796421059076],[-111.890258565148,40.6796461055365],[-111.890131564926,40.67964110583],[-111.889938564583,40.6796421052263],[-111.889847565244,40.6796431059852],[-111.889572565783,40.6796331065713],[-111.889368563772,40.6796271061047],[-111.889329563414,40.6786741062141],[-111.888542564665,40.6786771051278],[-111.888468564147,40.6787011059703],[-111.888310708592,40.6786567095143]]]},"properties":{"PrecinctID":"MUR043","VistaID":"MUR043","CountyID":18,"SubPrecinctID":null,"AliasName":null,"VersionNbr":null}},{"type":"Feature","geometry":{"type":"Polygon","coordinates":[[[-111.904246329455,40.6306987187678],[-111.904347560605,40.6305840998471],[-111.904420562196,40.630494100227],[-111.904520562654,40.6303710980956],[-111.904530561801,40.6303601000223],[-111.904784562244,40.6299880986045],[-111.905845563325,40.6282980976779],[-111.90611656169,40.6278670978231],[-111.906349563115,40.627854098311],[-111.906943562418,40.6277120975496],[-111.907153561582,40.6276630998911],[-111.907615562438,40.6277100992459],[-111.907841561495,40.6277720991276],[-111.907841561495,40.6278260989337],[-111.908390821104,40.6278233472655],[-111.909436561605,40.6278180982329],[-111.909498561529,40.6277780981235],[-111.910185563414,40.6277910976503],[-111.911813562237,40.6277990990362],[-111.912432562553,40.6278030983651],[-111.913317563008,40.6278080985487],[-111.915049564283,40.6278180975512],[-111.915834562484,40.6278220982426],[-111.916642564743,40.6278270977429],[-111.9184225648,40.6277530985542],[-111.919173564463,40.6277860974655],[-111.919546564732,40.6278030970016],[-111.920679369949,40.6277560315793],[-111.921351564903,40.6277280982938],[-111.921419563777,40.6277250977711],[-111.921418234271,40.6277756198476],[-111.921416564302,40.6278390970877],[-111.921405564432,40.6284390983932],[-111.92157356556,40.6287790979219],[-111.922616566198,40.6296560975317],[-111.922847566177,40.6298390972923],[-111.92297656515,40.6299900975217],[-111.923011564412,40.6300300976698],[-111.923231565418,40.6304410965761],[-111.922952565759,40.6304650984146],[-111.92265156546,40.6304950976327],[-111.920446564357,40.630711098014],[-111.919687944286,40.6307856952292],[-111.919688045796,40.6307862890341],[-111.91828063907,40.6309246243098],[-111.911631965107,40.6315778897424],[-111.910148771115,40.6317238377463],[-111.907635426884,40.631968336292],[-111.907495109138,40.6319819860636],[-111.905917615397,40.6321354445633],[-111.9057982805,40.6321462882716],[-111.905109996719,40.6322112911733],[-111.905106340576,40.6322116368136],[-111.904883022989,40.6322327276847],[-111.904792726133,40.6322407714876],[-111.904353624233,40.6311675986688],[-111.904307921544,40.6309678826581],[-111.904259723336,40.6307572498524],[-111.904246329455,40.6306987187678]]]},"properties":{"PrecinctID":"MUR030","VistaID":"MUR030","CountyID":18,"SubPrecinctID":null,"AliasName":null,"VersionNbr":null}},{"type":"Feature","geometry":{"type":"Polygon","coordinates":[[[-111.889420715466,40.633273555292],[-111.889540021617,40.6320724608947],[-111.889549016448,40.6319816322412],[-111.88954980427,40.6319685646745],[-111.889566118574,40.6317090139633],[-111.889566578512,40.6317013259653],[-111.889604802725,40.6312784956196],[-111.889620099238,40.6310955904761],[-111.8896197462,40.6310955720689],[-111.88965855881,40.6306291002935],[-111.889803559474,40.6288941010503],[-111.889846347129,40.6283634963466],[-111.889848557883,40.6283360998728],[-111.889853669297,40.6282745566231],[-111.889873557997,40.6280350999433],[-111.889906714814,40.6277149064921],[-111.890126818229,40.6277157028137],[-111.890803767067,40.6277181476844],[-111.890805360678,40.6277181531387],[-111.89080536517,40.6276963749687],[-111.890805366068,40.6276962911095],[-111.89116403731,40.627696417921],[-111.891164049886,40.6276780554745],[-111.891165625531,40.6276780561562],[-111.891344179169,40.6276781188802],[-111.891673742301,40.6276782341015],[-111.89197996271,40.6276783397778],[-111.892286181322,40.6276784454541],[-111.892592402629,40.627678549085],[-111.892898620343,40.627678652716],[-111.893204842549,40.6276787556651],[-111.893534404782,40.6276788661139],[-111.893534424545,40.6276467786933],[-111.893714552929,40.6276468380084],[-111.894074809698,40.6276469566386],[-111.894074733341,40.6277851047917],[-111.894289817868,40.6277851743334],[-111.894505972288,40.6277852459205],[-111.894722126708,40.6277853140987],[-111.894847816288,40.6277853550055],[-111.895081908268,40.6277854300015],[-111.895271414165,40.62778549068],[-111.895496290328,40.6277855636306],[-111.895498163316,40.6277855636306],[-111.895712517512,40.6277856304452],[-111.895928738408,40.6277856986233],[-111.896325174824,40.6277858220258],[-111.89650125001,40.6277858922493],[-111.897329712298,40.6277861308728],[-111.898326057135,40.6277864267659],[-111.898415376624,40.6277859277019],[-111.898412559507,40.6280240987582],[-111.898411559682,40.6280850988613],[-111.899619560178,40.6280930988484],[-111.899675562051,40.6280960986728],[-111.900442561607,40.628102099003],[-111.900848561487,40.6280960993546],[-111.900831559972,40.6280170989328],[-111.90082256065,40.627952098766],[-111.901419561225,40.6279410989308],[-111.901989559341,40.6279290982408],[-111.902545560806,40.6279080980508],[-111.902885561463,40.627896100082],[-111.902975560976,40.6281630983532],[-111.902983560474,40.6281970999562],[-111.903010562035,40.628300098691],[-111.903019561357,40.6283350990259],[-111.903022560832,40.6283480991261],[-111.903033562499,40.6283900999046],[-111.9030375609,40.6284040981129],[-111.9030415602,40.6284180983636],[-111.903046560223,40.6284350991023],[-111.903076562157,40.6285310983804],[-111.903086560406,40.6285630987908],[-111.903131560612,40.6287090990628],[-111.903206561853,40.6289460982736],[-111.903266560331,40.6291500991041],[-111.90331056161,40.6292980997577],[-111.903372561534,40.6295100986485],[-111.903426561063,40.6296400992947],[-111.903563562229,40.6299690993434],[-111.90383656204,40.6306441002083],[-111.903956562589,40.630939099893],[-111.903973563206,40.6309800989164],[-111.904132560519,40.6308270986247],[-111.904226562027,40.630721098627],[-111.904246329455,40.6306987187678],[-111.904259723336,40.6307572498524],[-111.904307921544,40.6309678826581],[-111.904353624233,40.6311675986688],[-111.904792726133,40.6322407714876],[-111.904655890258,40.6322529568349],[-111.904539348223,40.6322633362621],[-111.904501998968,40.6322666515429],[-111.904172051358,40.6322959464007],[-111.903873250135,40.6323235450888],[-111.903270865058,40.6323741993516],[-111.902267286087,40.6324785667002],[-111.902156174368,40.6324901214008],[-111.901974330201,40.6325068300028],[-111.902010914091,40.632502972756],[-111.901931883906,40.6325105018179],[-111.899632548918,40.6327295798307],[-111.898983976961,40.6327815215742],[-111.898460728969,40.6328243062807],[-111.897629978673,40.6328867963498],[-111.897223884469,40.6329150144854],[-111.89675947523,40.6329402466369],[-111.89648415507,40.6329550101544],[-111.895500963365,40.633018410208],[-111.895312371952,40.6330305722347],[-111.894610418508,40.633075836906],[-111.893799826406,40.6331235203139],[-111.893026242199,40.6331909996575],[-111.893017957936,40.6331917406939],[-111.892541751122,40.6332206172479],[-111.892476994268,40.6332246762441],[-111.891406379418,40.6332915467048],[-111.891096781343,40.6333101993861],[-111.890843940625,40.633324766485],[-111.890411272458,40.6333316955364],[-111.889512573593,40.6332789470581],[-111.889489000902,40.6332775638373],[-111.889420715466,40.633273555292]]]},"properties":{"PrecinctID":"MUR031","VistaID":"MUR031","CountyID":18,"SubPrecinctID":null,"AliasName":null,"VersionNbr":null}},{"type":"Feature","geometry":{"type":"Polygon","coordinates":[[[-111.848803592914,40.6493998615969],[-111.848739552915,40.6493991050645],[-111.84868355194,40.6493991057461],[-111.84843055222,40.6493811057246],[-111.848430489338,40.6493809735017],[-111.848078552766,40.6486651050963],[-111.84786055141,40.6482621055324],[-111.847480553265,40.6477281050909],[-111.847033551579,40.6471761045313],[-111.846786550809,40.64691410675],[-111.846452551796,40.6465951059634],[-111.846191552579,40.646371106692],[-111.845824551259,40.6460781068326],[-111.845325551492,40.6457321053144],[-111.844924550736,40.6454681054553],[-111.844512552804,40.6452331054148],[-111.844291551074,40.6451021052245],[-111.844007551392,40.6449491052594],[-111.843697550872,40.6447891061948],[-111.843379551753,40.6446241057779],[-111.842426550628,40.6441301060981],[-111.842109550436,40.6439661053463],[-111.841308550544,40.6435511047444],[-111.840632551225,40.6431991047851],[-111.840582550996,40.6431741068998],[-111.839555549353,40.6426441057665],[-111.838906548899,40.6423091050466],[-111.838152907292,40.6419200379375],[-111.83810655063,40.6418961049724],[-111.837719551016,40.6416961047723],[-111.837112550395,40.6413831054479],[-111.836617549927,40.641010105484],[-111.836270547801,40.6407491052895],[-111.836264911771,40.6407436098345],[-111.836305918067,40.6407167167258],[-111.836592954953,40.6405284551188],[-111.836615077764,40.6405139441238],[-111.836854695281,40.6403710841358],[-111.83705152155,40.6402736772234],[-111.837385273525,40.6402477027953],[-111.839287476801,40.6402477068853],[-111.839567485268,40.6402477027953],[-111.84269104519,40.6401957532272],[-111.844556624152,40.6402152349164],[-111.846978452513,40.6402347152367],[-111.850649708077,40.6402931582083],[-111.854055671376,40.6403386149536],[-111.854629807132,40.6404689210285],[-111.85455041223,40.6470681763876],[-111.854522437794,40.6491427791207],[-111.854517997421,40.6494721185817],[-111.854517553654,40.6494721056321],[-111.853961553087,40.6494701066166],[-111.853609553632,40.6494691054049],[-111.852450554439,40.649465105329],[-111.851931553682,40.6494641047988],[-111.851347552628,40.6494631056318],[-111.850938552374,40.6494621051016],[-111.850888553942,40.649459104874],[-111.849982552672,40.6494141048516],[-111.849671553226,40.6494101061355],[-111.84937969059,40.649406661528],[-111.848803932477,40.6493998650048],[-111.848803592914,40.6493998615969]]]},"properties":{"PrecinctID":"MUR026","VistaID":"MUR026","CountyID":18,"SubPrecinctID":null,"AliasName":null,"VersionNbr":null}},{"type":"Feature","geometry":{"type":"Polygon","coordinates":[[[-111.926195580953,40.6285993752672],[-111.927732721473,40.6284582589885],[-111.927732830169,40.6287445593792],[-111.927768863392,40.6287413632336],[-111.92818343859,40.6287046327742],[-111.928415547988,40.6287032958192],[-111.928415682736,40.6289029756514],[-111.92841572855,40.6289716012238],[-111.928420892964,40.6291065948236],[-111.928439695602,40.6291049265373],[-111.928640090877,40.6290871364816],[-111.928840481661,40.6290693450576],[-111.929051073713,40.6290506502855],[-111.929060172748,40.6290504293925],[-111.929069190935,40.6290513770508],[-111.929077873152,40.6290534639441],[-111.929085972363,40.6290566314405],[-111.929093260395,40.6290607888644],[-111.929099526144,40.6290658209969],[-111.929104594439,40.6290715819394],[-111.929108323346,40.6290779101126],[-111.92911060327,40.6290846248477],[-111.929111372228,40.6290915366131],[-111.929112259763,40.6292801202225],[-111.929111630044,40.6297496857099],[-111.929110936545,40.6297562694793],[-111.92910887042,40.6297626834894],[-111.929099009613,40.6297803908721],[-111.928903679039,40.6298060400823],[-111.928403145848,40.6298543039579],[-111.928310217826,40.6298632616061],[-111.927949330441,40.6298980477309],[-111.927949324153,40.6298909935611],[-111.927949302593,40.6298590176486],[-111.927949241508,40.6297711830065],[-111.927949196592,40.6297053064377],[-111.927949148981,40.6296394311674],[-111.927949102269,40.6295735551505],[-111.927949041183,40.6294857201329],[-111.927949007047,40.6294381575266],[-111.927948980996,40.6293978863633],[-111.927948964827,40.6293833920382],[-111.927948934284,40.6293320114716],[-111.927948886673,40.6292661358331],[-111.927948841757,40.6292002601296],[-111.927948795943,40.6291343836795],[-111.927948733061,40.6290465501295],[-111.927948708807,40.6290131175543],[-111.927444726084,40.6290578661232],[-111.927179741042,40.6290813932664],[-111.927058357088,40.629019312788],[-111.926385670755,40.6290195786779],[-111.926360878151,40.6290195889044],[-111.926306787893,40.6288820821237],[-111.926301387222,40.6288683587691],[-111.926195580953,40.6285993752672]]]},"properties":{"PrecinctID":"MUR046","VistaID":"MUR046","CountyID":18,"SubPrecinctID":null,"AliasName":null,"VersionNbr":null}},{"type":"Feature","geometry":{"type":"Polygon","coordinates":[[[-111.902471627661,40.6474615299372],[-111.90322124302,40.6474532991703],[-111.903576944431,40.6474099260925],[-111.904796490973,40.6474147455519],[-111.907235585852,40.6474243837882],[-111.908988686757,40.6474484803952],[-111.9098969949,40.6474484810768],[-111.910283978345,40.6474532269228],[-111.910294596432,40.6484844102077],[-111.910279210087,40.6484831622529],[-111.910280210811,40.6485171637314],[-111.910283210285,40.6486201617903],[-111.910284211907,40.6486551630598],[-111.910285406666,40.6488082710767],[-111.910285794738,40.6488577534875],[-111.910286210658,40.648911162362],[-111.910295210879,40.6496781627094],[-111.910299211976,40.6499351626997],[-111.910300210902,40.650242161746],[-111.910303212173,40.6511631633599],[-111.910305212722,40.6514701628904],[-111.910303209479,40.6515691639386],[-111.910299210179,40.6518701640891],[-111.910298209456,40.6519701629918],[-111.910298210354,40.6521691632656],[-111.910298211252,40.6527661639337],[-111.910299210179,40.6529651638781],[-111.910299211976,40.6531211646114],[-111.910299211077,40.6535891646227],[-111.910300210902,40.6537461636814],[-111.910299510216,40.6537635184927],[-111.909964605702,40.6538312713873],[-111.909170621653,40.6539489206173],[-111.908327011973,40.6540195091016],[-111.907502012691,40.654085393028],[-111.906769559646,40.654137534876],[-111.905765169497,40.6542760786941],[-111.905107650319,40.6543442202106],[-111.903947687234,40.6544995157656],[-111.903252949956,40.6545983398976],[-111.901713377696,40.6547910951935],[-111.901805753254,40.6539916583632],[-111.901984397621,40.6523023509292],[-111.902105619879,40.650806624238],[-111.902271505474,40.6492285715345],[-111.902348067987,40.6484927812509],[-111.902471627661,40.6474615299372]]]},"properties":{"PrecinctID":"MUR048","VistaID":"MUR048","CountyID":18,"SubPrecinctID":null,"AliasName":null,"VersionNbr":null}},{"type":"Feature","geometry":{"type":"Polygon","coordinates":[[[-111.865927556439,40.6495791438614],[-111.865927555541,40.6495791050125],[-111.865931556637,40.6492101039149],[-111.865945555084,40.6481041046062],[-111.865950556903,40.6477361040876],[-111.86595155583,40.6475551033806],[-111.865957556576,40.6470121044484],[-111.865959556226,40.6468321043922],[-111.865961554977,40.6465551041525],[-111.865966555,40.6460451040113],[-111.865968555548,40.6457261038421],[-111.865971555921,40.6454501030103],[-111.865973555571,40.645215103588],[-111.865975554323,40.6450391037978],[-111.865969555373,40.6445101030829],[-111.865967554825,40.6442761036853],[-111.865966556797,40.6441761041585],[-111.865965556074,40.6438791031131],[-111.865965556972,40.6437802058497],[-111.865965839043,40.6437802126659],[-111.86596657656,40.6437802201637],[-111.866696800885,40.6437873744271],[-111.866826993719,40.6437936098687],[-111.866973872759,40.6438078079699],[-111.867023672664,40.6438209386547],[-111.867152217089,40.6438830633084],[-111.867307763076,40.6440205855457],[-111.867536482232,40.6442423099829],[-111.867838255082,40.6445256179031],[-111.868125777957,40.6448125937145],[-111.869501293591,40.6456337485785],[-111.870113886224,40.6461357669892],[-111.870225664493,40.6462273656713],[-111.870708876369,40.6469375171842],[-111.870969631245,40.6473208038575],[-111.871222940884,40.6477918912008],[-111.871230607107,40.6478272882193],[-111.871246895359,40.6479024858627],[-111.871248644379,40.6480385139852],[-111.871265353044,40.6495969080102],[-111.871265335976,40.6496087521365],[-111.87093962482,40.6496020421918],[-111.866053687091,40.6495797225049],[-111.865927556439,40.6495791438614]]]},"properties":{"PrecinctID":"MUR049","VistaID":"MUR049","CountyID":18,"SubPrecinctID":null,"AliasName":null,"VersionNbr":null}},{"type":"Feature","geometry":{"type":"Polygon","coordinates":[[[-111.919629424435,40.6492490402157],[-111.918465166504,40.6491317575587],[-111.91595297571,40.6489369187256],[-111.913384959112,40.6487463152652],[-111.911040246626,40.6485684184382],[-111.910295050979,40.6485287088404],[-111.910294596432,40.6484844102077],[-111.910283978345,40.6474532269228],[-111.910267790704,40.645881364927],[-111.910226904782,40.6414447627193],[-111.910199643608,40.6384248084789],[-111.910233952963,40.6359685557318],[-111.9131050279,40.6362203226492],[-111.915625194836,40.6364672465533],[-111.916677921534,40.6366415435858],[-111.917788069444,40.6368836238984],[-111.91857283049,40.6371111793281],[-111.919485194526,40.6374161991323],[-111.920442221003,40.6377986815676],[-111.920640218674,40.6378983375395],[-111.920089716695,40.6395712659611],[-111.919972480262,40.6403803811996],[-111.919972479364,40.6411217093127],[-111.920022724833,40.6420790677778],[-111.920072967607,40.6427187121431],[-111.92011204522,40.6428627374611],[-111.920190203141,40.643095718013],[-111.920353662387,40.643356147375],[-111.920625204233,40.6437058692175],[-111.920621107017,40.6438656854789],[-111.9206296473,40.6444596536502],[-111.920628299827,40.6448235560083],[-111.920627861449,40.6455089401518],[-111.920627467089,40.6458746021245],[-111.920627465292,40.645878774178],[-111.92062705566,40.6459742821644],[-111.920585902041,40.6459857997678],[-111.920489431962,40.6461023695532],[-111.920463750925,40.6471851948091],[-111.9204414224,40.6493308324089],[-111.919629424435,40.6492490402157]]]},"properties":{"PrecinctID":"MUR020","VistaID":"MUR020","CountyID":18,"SubPrecinctID":null,"AliasName":null,"VersionNbr":null}},{"type":"Feature","geometry":{"type":"Polygon","coordinates":[[[-111.891251566456,40.6770448844963],[-111.891251210724,40.6770101726766],[-111.891267210617,40.6765051722805],[-111.891282210686,40.6760391718413],[-111.891276209041,40.6749901719853],[-111.891274209391,40.6744851705954],[-111.891270793997,40.6744161891647],[-111.891269210267,40.6743841698583],[-111.891270208295,40.6743511708188],[-111.891286209985,40.6739501707177],[-111.891292208935,40.6738171713935],[-111.891335208593,40.6738091721172],[-111.891391208669,40.6738011707961],[-111.891468207764,40.6738011694335],[-111.891480211052,40.6738021709613],[-111.891512209941,40.6738091721172],[-111.891560208723,40.6738191710421],[-111.891648209485,40.6738551715195],[-111.891672208876,40.6738741712337],[-111.891736210247,40.6739231710813],[-111.89193520954,40.674127172757],[-111.892074209458,40.6742071712265],[-111.89224720971,40.674238172064],[-111.892614210131,40.6742361710654],[-111.893715210496,40.6742331712706],[-111.894083209844,40.6742321717931],[-111.894112209258,40.6742321690679],[-111.894129597947,40.6742319285665],[-111.89439921111,40.6742281718394],[-111.89533121142,40.6742181702506],[-111.895349210065,40.6742171721356],[-111.895616211826,40.674212169978],[-111.895666212953,40.6742111711815],[-111.89585721185,40.6742101703412],[-111.896430211237,40.6742071705453],[-111.89662121283,40.6742061703861],[-111.89649120954,40.6728681695606],[-111.896102210276,40.668855169749],[-111.895974250654,40.6675289747175],[-111.895974247959,40.6675289454183],[-111.895973325389,40.667519382312],[-111.895973209506,40.667518168782],[-111.895918207458,40.666973169608],[-111.895756207076,40.6653381685307],[-111.895703208271,40.6647931685767],[-111.895694207152,40.6646461692406],[-111.895669209732,40.6642051686069],[-111.89566120754,40.664059169649],[-111.895668207213,40.663598168312],[-111.895673208134,40.6635401682271],[-111.895732209482,40.6629751681562],[-111.895824207747,40.6623461690182],[-111.89591020796,40.6620031677007],[-111.895945209019,40.6618691680538],[-111.896063208121,40.6615081675335],[-111.896443206266,40.6604301676635],[-111.896692207585,40.6597281675252],[-111.896990207511,40.6587801679735],[-111.897554208474,40.6571891662554],[-111.897936207167,40.6561131662808],[-111.898210313703,40.6552560971545],[-111.898220207747,40.6552251672284],[-111.898246726913,40.6551262377105],[-111.898588287045,40.655068929481],[-111.899388473961,40.6549183410392],[-111.899673813929,40.6548901063073],[-111.899971556937,40.6549606951589],[-111.900734527549,40.6549136359328],[-111.901713377696,40.6547910951935],[-111.903252949956,40.6545983398976],[-111.903947687234,40.6544995157656],[-111.905107650319,40.6543442202106],[-111.905765169497,40.6542760786941],[-111.906769559646,40.654137534876],[-111.907502012691,40.654085393028],[-111.908327011973,40.6540195091016],[-111.909170621653,40.6539489206173],[-111.909964605702,40.6538312713873],[-111.910299510216,40.6537635184927],[-111.910336786707,40.6537559761529],[-111.910280961802,40.6548006948816],[-111.910175507673,40.6552901067675],[-111.909883599223,40.6561397635515],[-111.909871560001,40.6561748044922],[-111.909667605601,40.656402376615],[-111.909258704162,40.6566975241663],[-111.908956988804,40.6568420835863],[-111.908222554075,40.6571161482342],[-111.907710432617,40.6573721382461],[-111.906868807315,40.6578058179957],[-111.906066883956,40.658224435109],[-111.904899723569,40.6588568729389],[-111.904582131386,40.6590706955968],[-111.904312175067,40.659311621263],[-111.904137498558,40.6595796503254],[-111.903978700671,40.6599109206202],[-111.903907242385,40.6605072066851],[-111.903953890999,40.6611533627626],[-111.904034280336,40.6613775291093],[-111.90421689885,40.6617118037812],[-111.904522582965,40.6619888576274],[-111.905046293589,40.6624210606924],[-111.90524447272,40.6626504104704],[-111.905479333658,40.6630067213973],[-111.905618280575,40.6633379760355],[-111.905709588035,40.663699342112],[-111.905729439006,40.6642594557978],[-111.905765168598,40.6644762722743],[-111.905852506403,40.6649249600577],[-111.905995424772,40.6652893306798],[-111.906174071834,40.6656416515706],[-111.90629714013,40.6659999940984],[-111.906328899168,40.6663131655083],[-111.906340808134,40.6667136623424],[-111.906384728565,40.6672870266841],[-111.908396361913,40.666918977294],[-111.908502619137,40.6668995340624],[-111.908508566882,40.6669491025378],[-111.908521566402,40.6670041029452],[-111.908551574625,40.6671306223116],[-111.908595568717,40.6673161044842],[-111.908601568565,40.667342103127],[-111.908587567423,40.6674221036047],[-111.90854756724,40.6676541024034],[-111.908303566843,40.6682971026499],[-111.907962568157,40.669197104252],[-111.907890704731,40.6696604931889],[-111.90787556722,40.6697581024939],[-111.907856567852,40.6701701036514],[-111.907839566337,40.6705421032505],[-111.908002567442,40.6709661027392],[-111.908027449877,40.671030476432],[-111.90806556809,40.6711291030143],[-111.908310567414,40.6714271049283],[-111.908335568426,40.6717891037379],[-111.908337568974,40.6718261041435],[-111.908387567407,40.6736311036599],[-111.90820956803,40.673910102869],[-111.907973568926,40.6748011043495],[-111.907966385099,40.6748106814002],[-111.907958567061,40.674821103944],[-111.907975568576,40.6748411048952],[-111.90799156847,40.6750951042578],[-111.90800956981,40.6751251031744],[-111.908103568623,40.6752831041498],[-111.908572569151,40.6754401046102],[-111.90909156901,40.6755571046087],[-111.909216568683,40.6755851050845],[-111.909791569517,40.6759801040956],[-111.909933568909,40.6762521027956],[-111.910178568233,40.6765771035493],[-111.910510568494,40.6768631042101],[-111.911027619907,40.6770716880231],[-111.910975697283,40.677073851762],[-111.910532840425,40.6770753989443],[-111.909899551506,40.6770776076476],[-111.909890780355,40.6770745923112],[-111.90988912476,40.6770740500139],[-111.909887468267,40.6770735090792],[-111.909885809078,40.6770729729134],[-111.90988414989,40.6770724394727],[-111.90988248621,40.6770719087571],[-111.909880823429,40.6770713807666],[-111.909879156155,40.6770708555013],[-111.909877488882,40.6770703350049],[-111.909875820711,40.6770698172336],[-111.909874148946,40.6770693021873],[-111.909872476283,40.6770687898662],[-111.909870801823,40.6770682816328],[-111.909869126465,40.6770677768058],[-111.909867449311,40.6770672760664],[-111.909865767664,40.6770667766896],[-111.909864087815,40.6770662814004],[-111.909862406169,40.6770657888364],[-111.909860720929,40.6770652989974],[-111.90985903569,40.6770648132461],[-111.909857349552,40.6770643302199],[-111.909855658024,40.6770638499189],[-111.909853969191,40.6770633743868],[-111.909852276765,40.6770629008985],[-111.909850584339,40.6770624308166],[-111.90984888832,40.6770619641411],[-111.909847192301,40.677061500872],[-111.909845492688,40.6770610416905],[-111.909843793076,40.677060582509],[-111.909842092565,40.677060129459],[-111.909840389359,40.6770596798155],[-111.909838684357,40.677059232897],[-111.909836980253,40.6770587887036],[-111.909835271657,40.6770583472354],[-111.909833563061,40.6770579091736],[-111.909831855364,40.6770574745181],[-111.909830142277,40.6770570439503],[-111.90982842919,40.6770566161076],[-111.909826716102,40.6770561916713],[-111.909825001218,40.6770557706414],[-111.90982328364,40.6770553523365],[-111.909821564264,40.6770549374381],[-111.909819845787,40.6770545266274],[-111.909818124615,40.6770541185417],[-111.909816401646,40.6770537131812],[-111.909814679576,40.6770533119083],[-111.909812953912,40.6770529133606],[-111.909811226452,40.6770525189005],[-111.90980949989,40.6770521258029],[-111.909807770633,40.6770517381557],[-111.909806041376,40.6770513525521],[-111.909804308526,40.6770509717176],[-111.909802575676,40.6770505922457],[-111.909800841927,40.67705021618],[-111.909799108179,40.6770498442021],[-111.909797370837,40.6770494756306],[-111.909795634394,40.6770491104655],[-111.909792414832,40.6770484434941],[-111.909790476267,40.6770480435837],[-111.90943910204,40.676975610039],[-111.909437361105,40.6769752475986],[-111.909435623764,40.6769748885645],[-111.90943388193,40.6769745288492],[-111.909432142792,40.6769741698152],[-111.909430401857,40.6769738121437],[-111.909428660922,40.6769734551535],[-111.909426921784,40.6769730995258],[-111.909425180848,40.6769727425356],[-111.909423439913,40.6769723882705],[-111.90942169808,40.6769720333241],[-111.909419955348,40.6769716797403],[-111.909418213515,40.676971327519],[-111.909416471682,40.6769709746165],[-111.909414729848,40.6769706230765],[-111.909412987117,40.6769702728991],[-111.909411242589,40.6769699220404],[-111.909409499857,40.6769695739067],[-111.909407758024,40.6769692244105],[-111.909406012597,40.6769688776395],[-111.909404269865,40.6769685295059],[-111.909402524439,40.6769681827349],[-111.909400781707,40.6769678380077],[-111.90939903628,40.6769674932804],[-111.909397290854,40.6769671485532],[-111.909395544529,40.6769668051885],[-111.909393800899,40.6769664625051],[-111.909392055472,40.676966120503],[-111.909390309147,40.6769657778197],[-111.909388561924,40.6769654371801],[-111.909386816498,40.6769650985844],[-111.909385070173,40.6769647579448],[-111.90938332295,40.6769644207116],[-111.909381574828,40.6769640827972],[-111.909379828503,40.676963745564],[-111.909378078585,40.6769634090122],[-111.909376331362,40.6769630731416],[-111.909374585037,40.6769627372709],[-111.909372836017,40.6769624041254],[-111.909371086099,40.6769620702986],[-111.909369337977,40.6769617378344],[-111.909367588957,40.6769614060515],[-111.909365840836,40.6769610735873],[-111.909364090918,40.6769607445294],[-111.909362341898,40.6769604127465],[-111.909360591081,40.6769600836886],[-111.909358840265,40.6769597566746],[-111.909357091245,40.6769594289793],[-111.90935533953,40.676959101284],[-111.909353588714,40.6769587749513],[-111.909351838795,40.6769584492999],[-111.909350085284,40.676958125011],[-111.909348334467,40.6769578007221],[-111.909346582753,40.6769574771145],[-111.909344831038,40.6769571541882],[-111.909343078425,40.6769568319431],[-111.90934132671,40.6769565110606],[-111.909339573199,40.6769561908594],[-111.909337819687,40.6769558713394],[-111.909336067074,40.6769555518195],[-111.909333766489,40.6769551341953],[-111.90932318164,40.677060660856],[-111.908802016841,40.6770303582788],[-111.908800219312,40.677030253362],[-111.908798419088,40.6770301504889],[-111.908796623356,40.6770300476158],[-111.908794826725,40.6770299454241],[-111.908793029197,40.6770298439136],[-111.908791228973,40.6770297444469],[-111.908789431444,40.6770296436177],[-111.908787633915,40.6770295461949],[-111.908785836386,40.6770294487721],[-111.908784038857,40.677029350668],[-111.90878224043,40.6770292546077],[-111.908780440206,40.6770291585475],[-111.908778644474,40.677029064531],[-111.908776846047,40.677028969152],[-111.908775046721,40.6770288764982],[-111.908773248294,40.6770287838443],[-111.908771449867,40.677028692553],[-111.908769649643,40.6770286005804],[-111.908767853012,40.6770285106517],[-111.908766053687,40.6770284220854],[-111.90876425526,40.6770283335192],[-111.908762456832,40.6770282449531],[-111.90876065571,40.6770281584307],[-111.908758857283,40.6770280725896],[-111.908757057958,40.6770279860672],[-111.90875525953,40.6770279015887],[-111.908753461103,40.6770278177914],[-111.908751660879,40.6770277353567],[-111.908749862452,40.6770276536033],[-111.90874806133,40.6770275718499],[-111.908746262903,40.6770274914591],[-111.908744463577,40.6770274103869],[-111.908742662455,40.6770273313586],[-111.90874086313,40.6770272530116],[-111.908739064702,40.6770271760271],[-111.90873726358,40.6770270976801],[-111.908735464255,40.6770270213769],[-111.908733663133,40.6770269477988],[-111.908731863807,40.6770268735395],[-111.90873006538,40.6770267985988],[-111.908728265156,40.6770267263833],[-111.908726464932,40.6770266534865],[-111.908724664708,40.6770265833148],[-111.908722863586,40.6770265124619],[-111.908721064261,40.6770264429714],[-111.908719264037,40.6770263734811],[-111.908717462915,40.6770263060345],[-111.908715662691,40.6770262372254],[-111.908713863365,40.6770261711413],[-111.908712062243,40.6770261050573],[-111.908710262019,40.6770260410172],[-111.908708460897,40.6770259749332],[-111.908706660674,40.6770259122555],[-111.908704859551,40.6770258488966],[-111.908703058429,40.6770257875816],[-111.908701257307,40.6770257262665],[-111.908699457083,40.6770256656327],[-111.908697655063,40.6770256056802],[-111.908695854839,40.6770255470902],[-111.908694052819,40.6770254898628],[-111.908692252595,40.6770254319542],[-111.908690450574,40.6770253754081],[-111.90868865035,40.6770253209058],[-111.90868684833,40.6770252650409],[-111.908685048106,40.6770252112199],[-111.908683247882,40.6770251573989],[-111.908681445862,40.6770251056218],[-111.908679645638,40.6770250531633],[-111.908677842719,40.6770250020675],[-111.908676042495,40.6770249516529],[-111.908674239577,40.6770249039634],[-111.908672438454,40.6770248549113],[-111.908670636434,40.677024805178],[-111.90866883621,40.6770247595323],[-111.908667035986,40.6770247138866],[-111.908665233966,40.6770246675597],[-111.908663431945,40.6770246232766],[-111.908661629925,40.6770245783122],[-111.908659827006,40.6770245353917],[-111.908658025884,40.6770244938337],[-111.90865622566,40.6770244515944],[-111.908654422741,40.6770244107177],[-111.908652621619,40.6770243705223],[-111.908650818701,40.6770243323707],[-111.908649015782,40.6770242935378],[-111.90864721466,40.6770242553862],[-111.908645411741,40.6770242179159],[-111.908643611517,40.6770241824894],[-111.908641809497,40.6770241470629],[-111.908640005679,40.6770241116364],[-111.908638205456,40.6770240782538],[-111.908636402537,40.677024046915],[-111.908634601415,40.6770240142136],[-111.908632799394,40.6770239815122],[-111.908630995577,40.677023951536],[-111.908629193557,40.6770239215597],[-111.908627392435,40.677023892946],[-111.908625590414,40.6770238643323],[-111.908623786597,40.6770238370812],[-111.908621986373,40.6770238105113],[-111.908620182556,40.6770237853041],[-111.908618381434,40.6770237594154],[-111.908616577617,40.6770237342082],[-111.908614776495,40.6770237117259],[-111.908612975373,40.6770236885625],[-111.908611170657,40.6770236667616],[-111.908609369535,40.6770236456419],[-111.908607566616,40.6770236252036],[-111.908605764596,40.6770236047652],[-111.908603960779,40.6770235877333],[-111.908602159657,40.6770235693388],[-111.908330599844,40.6770209055397],[-111.907805888497,40.6770157591613],[-111.907803001312,40.6770157598426],[-111.907537170955,40.6770201384201],[-111.90753705058,40.6770159349313],[-111.907479944678,40.6770161331833],[-111.906415123961,40.6770198189004],[-111.906174633281,40.6770206500602],[-111.90617467101,40.6770271181184],[-111.905352952376,40.6770299535994],[-111.905348305391,40.6766970753479],[-111.904745706515,40.6767004204417],[-111.904752898427,40.6774840827307],[-111.904388457306,40.6774852463464],[-111.903676361882,40.6774875129443],[-111.903676294508,40.6774654955348],[-111.903674961409,40.6770379443139],[-111.90367482217,40.6769926535938],[-111.903673790005,40.6769926556376],[-111.902612276885,40.6769949358778],[-111.901105441031,40.676955897228],[-111.90087348255,40.6769566881932],[-111.89984914531,40.6769601756613],[-111.899849176751,40.6769653731399],[-111.898187135372,40.6769710134494],[-111.89811503479,40.676971244403],[-111.897057021506,40.6769724448167],[-111.897088401456,40.6771689131391],[-111.896449779239,40.6771720395193],[-111.89551927103,40.6771685425244],[-111.895518361037,40.6770118125144],[-111.895518189458,40.6769826660453],[-111.894162591271,40.6769926229362],[-111.893722116744,40.6769958535604],[-111.892867545821,40.6770021192812],[-111.892723612356,40.6770031732194],[-111.892720926394,40.6770031950203],[-111.892624663826,40.6770039362515],[-111.892624662928,40.6770037965894],[-111.891807794297,40.677008909586],[-111.891807783517,40.6770065905134],[-111.891807607448,40.6770065911947],[-111.891719602194,40.6770069331966],[-111.891708681375,40.6770069754359],[-111.891377212917,40.67700826169],[-111.891377362037,40.6770439627268],[-111.891251566456,40.6770448844963]]]},"properties":{"PrecinctID":"MUR001","VistaID":"MUR001","CountyID":18,"SubPrecinctID":null,"AliasName":null,"VersionNbr":null}},{"type":"Feature","geometry":{"type":"Polygon","coordinates":[[[-111.864847558685,40.6655931062606],[-111.864800557033,40.6652431073207],[-111.864695557451,40.6644461057104],[-111.864676558083,40.6642991069722],[-111.864595557892,40.6636081060778],[-111.864586557671,40.6635351053039],[-111.864583557298,40.6635021049838],[-111.864576557625,40.6634401055772],[-111.864586557671,40.6630611063254],[-111.864594558067,40.6628901068677],[-111.864595556993,40.6628701064203],[-111.864606556864,40.6627511059853],[-111.864682557032,40.6623911058045],[-111.864707557146,40.6623081050935],[-111.864764558844,40.6621261060956],[-111.864781795718,40.6620724774753],[-111.864782557489,40.6620701060944],[-111.864803557406,40.6620141060461],[-111.864831622572,40.6619417835973],[-111.864855558183,40.6618801064212],[-111.864936557475,40.6616851051539],[-111.864982557506,40.6615761047282],[-111.865132555497,40.6612601055884],[-111.865313557942,40.6608781065013],[-111.865468556855,40.6605531062318],[-111.866563559168,40.6605551055967],[-111.867920556932,40.6605591056892],[-111.867997557823,40.6606481059817],[-111.868019558462,40.6606321042687],[-111.868070558516,40.6606221060922],[-111.868251557368,40.6606221054108],[-111.868777556899,40.6606251051365],[-111.868956559694,40.660628104862],[-111.869191558074,40.6606331053128],[-111.869389557543,40.660636105038],[-111.869600559226,40.6606411054882],[-111.869983559541,40.6606481059817],[-111.870181558111,40.6606531050681],[-111.870250558606,40.66065510443],[-111.87041455774,40.6606831057119],[-111.870452558273,40.660702105772],[-111.870514557299,40.660735105433],[-111.870622558152,40.6608301049236],[-111.870687559348,40.6609891046937],[-111.870738558503,40.6611101062576],[-111.870973395186,40.6616610273167],[-111.870975262784,40.6616661769245],[-111.871032914862,40.6618251358599],[-111.871060042187,40.6619087123014],[-111.871195008669,40.6623752298924],[-111.871186294112,40.6627746682723],[-111.871185376932,40.6628167318878],[-111.871750938269,40.6628205996485],[-111.871809283846,40.6628516507536],[-111.871854673921,40.662886474202],[-111.871862625808,40.6632339410887],[-111.871853865437,40.6638478147059],[-111.871855344963,40.6645012349236],[-111.871858929241,40.6650113638372],[-111.871859221193,40.6650529817688],[-111.872526142138,40.6651191041914],[-111.872515311151,40.6651662080047],[-111.872494806206,40.6652553990742],[-111.872486909116,40.6653171937367],[-111.872484091101,40.6653392594487],[-111.872493005982,40.665386948427],[-111.872495527553,40.6654004325992],[-111.872495570672,40.6654011051383],[-111.872506558865,40.6655481062175],[-111.872518560357,40.6658601050286],[-111.872526558956,40.6660471068291],[-111.872518560357,40.6661481045226],[-111.872508560311,40.6662991057477],[-111.872464560829,40.666446105529],[-111.872452559337,40.6664881055043],[-111.872423559923,40.6665391051954],[-111.872367558948,40.6665581049502],[-111.872131558946,40.6666471060961],[-111.872103560255,40.6666591052768],[-111.87182255915,40.6667361057604],[-111.87178017394,40.666734403664],[-111.871704780134,40.6667313769578],[-111.8716291887,40.6667283434376],[-111.871548558615,40.6667251061835],[-111.87122855805,40.6666211065009],[-111.871101253299,40.6665796305946],[-111.871007559913,40.6665491065733],[-111.870931558847,40.6665321066831],[-111.870600560207,40.6664571058333],[-111.870040561239,40.6663301048108],[-111.869603558701,40.6662581072946],[-111.869269560587,40.6662041058697],[-111.869161558835,40.6662011057136],[-111.869039691587,40.6661989572937],[-111.868764560074,40.6661941051216],[-111.868201558936,40.6661391060904],[-111.868019334782,40.6660942631354],[-111.867754558149,40.6660291058478],[-111.86771401718,40.6660225324698],[-111.867310558633,40.665957105281],[-111.867148558251,40.6659471058586],[-111.867029560222,40.6660431057029],[-111.866503169025,40.6659413446916],[-111.866133479946,40.6658639896476],[-111.865911845803,40.665817612692],[-111.865859793822,40.665806476685],[-111.865715833408,40.6657761308349],[-111.864847558685,40.6655931062606]]]},"properties":{"PrecinctID":"MUR011","VistaID":"MUR011","CountyID":18,"SubPrecinctID":null,"AliasName":null,"VersionNbr":null}},{"type":"Feature","geometry":{"type":"Polygon","coordinates":[[[-111.872383560638,40.674352106933],[-111.872191560119,40.6743521062517],[-111.871616561082,40.6743551067225],[-111.871530560868,40.6743561068794],[-111.871461085164,40.6743567691086],[-111.871425562185,40.6743571070362],[-111.87140856067,40.6743561068794],[-111.871359561164,40.6743551067225],[-111.871343560372,40.6743551067225],[-111.870973560476,40.6743461059911],[-111.870396559993,40.6743321071978],[-111.870341559741,40.6743311063592],[-111.870341831033,40.6742886711996],[-111.870346560663,40.673552106712],[-111.870543560306,40.6735461063795],[-111.870546559781,40.6732891074103],[-111.870580560116,40.6732881058748],[-111.871387560753,40.6732721058318],[-111.871386560928,40.6732521071352],[-111.871386560928,40.6729771072457],[-111.871385560205,40.6728251059728],[-111.871383559657,40.6723701057122],[-111.871383560555,40.6722191066511],[-111.871383560555,40.6720521075935],[-111.871386561827,40.6716011062577],[-111.871386560928,40.6715541057828],[-111.871388560578,40.6714171070074],[-111.871388560578,40.6713881066238],[-111.871389561301,40.6712601066125],[-111.871389559505,40.6711521063692],[-111.871390561126,40.6710301057831],[-111.871379560357,40.6704461064758],[-111.871375559261,40.6702111058317],[-111.871370560136,40.6699611064699],[-111.871368559588,40.6698131067167],[-111.871350559147,40.669327106644],[-111.871325560829,40.6692141061883],[-111.871271560402,40.6689711067967],[-111.871190560211,40.6686411072735],[-111.870986560895,40.668285105808],[-111.870824560513,40.6680501070875],[-111.870767558815,40.6679671052423],[-111.870517559468,40.6676721056715],[-111.870127558583,40.6673301054319],[-111.869752559562,40.6670591073955],[-111.869122100336,40.6667672177299],[-111.869023794102,40.6667217040343],[-111.868739559061,40.6665901062104],[-111.868233557824,40.6664621051658],[-111.868008560388,40.6664051064848],[-111.868010627412,40.6665280551635],[-111.868012304566,40.6666277452328],[-111.868017557914,40.6669401069392],[-111.868003560365,40.6682981063046],[-111.867996132196,40.6687320420738],[-111.867987617066,40.6692294537826],[-111.867979559178,40.6697001057218],[-111.867629558475,40.6696891073152],[-111.867333559097,40.6696941064053],[-111.867367560331,40.6697701072471],[-111.867392559547,40.669804106735],[-111.867470558466,40.6699061071386],[-111.867496558406,40.6699411060989],[-111.867499559677,40.6699711052905],[-111.867868559748,40.6705731071547],[-111.867579559145,40.6706091073407],[-111.867106559317,40.6706671074102],[-111.867096560169,40.6706281066172],[-111.865435559039,40.6706351067438],[-111.865428558468,40.6705761064328],[-111.86540356015,40.670397106117],[-111.865381558612,40.6702391065086],[-111.86537655859,40.6702001075093],[-111.865362559244,40.6700831069678],[-111.865358559046,40.6700451067362],[-111.865316559213,40.6696981052684],[-111.865283108647,40.6694200709505],[-111.865278571257,40.669382355148],[-111.865268706857,40.6693003572378],[-111.865191558642,40.668659106187],[-111.865150557736,40.6683131059309],[-111.865124558695,40.6681201055752],[-111.865052558725,40.6675631061721],[-111.865050559973,40.6675441060223],[-111.865032557735,40.6673521064285],[-111.865028558435,40.6673151062659],[-111.865022398687,40.6672540759169],[-111.865021701595,40.6672471565195],[-111.865017557666,40.6672061020946],[-111.865014557293,40.6671701062039],[-111.865000557948,40.6670321056501],[-111.864977558381,40.6667951067433],[-111.864959557041,40.6666181070449],[-111.864946558419,40.6664811056239],[-111.864932558176,40.6663421060927],[-111.86490755896,40.6660771064096],[-111.86488755797,40.665926106726],[-111.864870557353,40.6657881063236],[-111.864860557307,40.6657033143661],[-111.864847558685,40.6655931062606],[-111.865715833408,40.6657761308349],[-111.865859793822,40.665806476685],[-111.865911845803,40.665817612692],[-111.866133479946,40.6658639896476],[-111.866503169025,40.6659413446916],[-111.867029560222,40.6660431057029],[-111.867148558251,40.6659471058586],[-111.867310558633,40.665957105281],[-111.86771401718,40.6660225324698],[-111.867754558149,40.6660291058478],[-111.868019334782,40.6660942631354],[-111.868201558936,40.6661391060904],[-111.868764560074,40.6661941051216],[-111.869039691587,40.6661989572937],[-111.869161558835,40.6662011057136],[-111.869269560587,40.6662041058697],[-111.869603558701,40.6662581072946],[-111.870040561239,40.6663301048108],[-111.870600560207,40.6664571058333],[-111.870931558847,40.6665321066831],[-111.871007559913,40.6665491065733],[-111.871101253299,40.6665796305946],[-111.87122855805,40.6666211065009],[-111.871548558615,40.6667251061835],[-111.8716291887,40.6667283434376],[-111.871704780134,40.6667313769578],[-111.87178017394,40.666734403664],[-111.87182255915,40.6667361057604],[-111.872103560255,40.6666591052768],[-111.872131558946,40.6666471060961],[-111.872367558948,40.6665581049502],[-111.872423559923,40.6665391051954],[-111.872479560897,40.6665431062918],[-111.872559558568,40.6665501054845],[-111.872774559552,40.6665701055097],[-111.872895560824,40.6666081056774],[-111.872958560573,40.6666281063667],[-111.872983561586,40.6666361058231],[-111.873082560422,40.6666861058105],[-111.873171561008,40.6667301068586],[-111.873296560682,40.6667691065245],[-111.87306655963,40.6668281054341],[-111.873052560284,40.6679881057764],[-111.873087560445,40.6679861059529],[-111.873086441144,40.6681282588421],[-111.87308612853,40.6681680780586],[-111.873086615417,40.6682257164006],[-111.873086612722,40.6682431267241],[-111.873086569603,40.6685388494229],[-111.87308652828,40.6688332258013],[-111.873086195005,40.6688707327363],[-111.873086156378,40.6688752835518],[-111.873080559874,40.6688751063977],[-111.873052559386,40.6693861053347],[-111.873046560437,40.6696931068599],[-111.873064560878,40.6697121063973],[-111.873252559403,40.6699071066809],[-111.873276561489,40.6699311059112],[-111.873394559693,40.6700261072935],[-111.873415639559,40.6714457265118],[-111.873486594789,40.671445968386],[-111.873486072868,40.6715345678345],[-111.873485019144,40.6717143472669],[-111.873483876487,40.6719092231437],[-111.873065203174,40.6719099310464],[-111.873065100766,40.671874967186],[-111.873043560962,40.6718751061775],[-111.873043560064,40.6719431057147],[-111.87304556151,40.6723351059828],[-111.873044560787,40.6724281056126],[-111.873042562035,40.6726071059269],[-111.873797560099,40.6726081054287],[-111.87384156048,40.67260810611],[-111.873839561729,40.6732541054381],[-111.873840937948,40.6734437136558],[-111.873846962948,40.6742727333956],[-111.873847560328,40.6743551074038],[-111.873708562207,40.6743541072469],[-111.873664560928,40.6743541072469],[-111.87340756101,40.6743531064086],[-111.872639561629,40.674352106933],[-111.872569400511,40.674352106933],[-111.872383560638,40.674352106933]]]},"properties":{"PrecinctID":"MUR007","VistaID":"MUR007","CountyID":18,"SubPrecinctID":null,"AliasName":null,"VersionNbr":null}},{"type":"Feature","geometry":{"type":"Polygon","coordinates":[[[-111.851653830529,40.6553866194449],[-111.851414577728,40.6549880439061],[-111.851296759187,40.6547722699599],[-111.851110015609,40.6543976710364],[-111.851092590987,40.6543600987156],[-111.850364817267,40.6527907820239],[-111.850210474124,40.6524736317385],[-111.850035813785,40.6520516015414],[-111.850070004563,40.6520424362763],[-111.850473621214,40.6520433072764],[-111.851090532049,40.6520446362672],[-111.851329943852,40.6520451521882],[-111.851358763603,40.6520452142078],[-111.851647071605,40.6520458330404],[-111.851935381404,40.6520464525545],[-111.852024125971,40.6520466427024],[-111.852024125971,40.6520428540565],[-111.852024161903,40.6517546553081],[-111.852024313719,40.6511752621052],[-111.85435796974,40.6515813995995],[-111.854492298418,40.6517875115018],[-111.854506917601,40.651787534674],[-111.854506590614,40.6518733066492],[-111.854506476528,40.6519067380001],[-111.854498007211,40.6534043769108],[-111.854497900312,40.6534231841293],[-111.854495459589,40.6538549008875],[-111.854495252977,40.6538913748909],[-111.854494901735,40.6539625754357],[-111.854494864006,40.6540827392168],[-111.854494857718,40.654095866517],[-111.854494787649,40.6543088137003],[-111.854494781361,40.6543274168923],[-111.854494749022,40.6552490102262],[-111.854494750818,40.6552490654277],[-111.854494750818,40.6552491117698],[-111.854494554986,40.6552491056363],[-111.854494554087,40.6553281242658],[-111.854494554986,40.6553871060356],[-111.854495554811,40.6556901055109],[-111.854495555709,40.6558041061448],[-111.854495555709,40.6559431051477],[-111.854491554613,40.6562721064188],[-111.854482554392,40.6572621058263],[-111.854479554917,40.6575921057716],[-111.854474554894,40.6579191049187],[-111.854465047125,40.6587696481988],[-111.85426890178,40.6585825510329],[-111.853945731059,40.6582742860272],[-111.853757665162,40.6580825003075],[-111.853602951015,40.6579142085299],[-111.853355802023,40.6576385811274],[-111.853075883387,40.6573140652809],[-111.852694497345,40.6568496405698],[-111.852496073871,40.6565966491412],[-111.852437144389,40.6565200104074],[-111.852272620639,40.6563056405152],[-111.852175295365,40.656166531866],[-111.852098110319,40.6560577997903],[-111.851854210533,40.6556990412922],[-111.851779600957,40.6555848980458],[-111.851653830529,40.6553866194449]]]},"properties":{"PrecinctID":"MUR037","VistaID":"MUR037","CountyID":18,"SubPrecinctID":null,"AliasName":null,"VersionNbr":null}},{"type":"Feature","geometry":{"type":"Polygon","coordinates":[[[-111.910294596432,40.6484844102077],[-111.910295050979,40.6485287088404],[-111.911040246626,40.6485684184382],[-111.913384959112,40.6487463152652],[-111.91595297571,40.6489369187256],[-111.918465166504,40.6491317575587],[-111.919629424435,40.6492490402157],[-111.919607239641,40.6493346273429],[-111.919496227635,40.6497276383413],[-111.919416639595,40.6500093949314],[-111.919286559949,40.6504699122239],[-111.919158042473,40.6509248833317],[-111.918945972692,40.6516756167711],[-111.91863584551,40.6527734426347],[-111.918587985967,40.6530538321771],[-111.917544030419,40.6530538321771],[-111.915266308897,40.6530580671634],[-111.914334007651,40.653062302831],[-111.913451950975,40.6531343043681],[-111.912659214686,40.6532274834342],[-111.911565015466,40.6534477215578],[-111.910336786707,40.6537559761529],[-111.910299510216,40.6537635184927],[-111.910300210902,40.6537461636814],[-111.910299211077,40.6535891646227],[-111.910299211976,40.6531211646114],[-111.910299210179,40.6529651638781],[-111.910298211252,40.6527661639337],[-111.910298210354,40.6521691632656],[-111.910298209456,40.6519701629918],[-111.910299210179,40.6518701640891],[-111.910303209479,40.6515691639386],[-111.910305212722,40.6514701628904],[-111.910303212173,40.6511631633599],[-111.910300210902,40.650242161746],[-111.910299211976,40.6499351626997],[-111.910295210879,40.6496781627094],[-111.910286210658,40.648911162362],[-111.910285794738,40.6488577534875],[-111.910285406666,40.6488082710767],[-111.910284211907,40.6486551630598],[-111.910283210285,40.6486201617903],[-111.910280210811,40.6485171637314],[-111.910279210087,40.6484831622529],[-111.910294596432,40.6484844102077]]]},"properties":{"PrecinctID":"MUR014","VistaID":"MUR014","CountyID":18,"SubPrecinctID":null,"AliasName":null,"VersionNbr":null}},{"type":"Feature","geometry":{"type":"Polygon","coordinates":[[[-111.871840058331,40.6492402344306],[-111.871840196672,40.6490618270655],[-111.872002147646,40.6490618815907],[-111.872110475486,40.6490619177136],[-111.872381329223,40.6490620083616],[-111.872712869546,40.6490621180934],[-111.87271291536,40.6489783762948],[-111.872712997107,40.6488269739478],[-111.872713119278,40.6485975091693],[-111.872713242347,40.6483680436018],[-111.872713368111,40.6481319918807],[-111.872713498367,40.6478959393246],[-111.872713527113,40.6478410438007],[-111.872713649284,40.6476117160373],[-111.872713772353,40.6473822511696],[-111.872713896321,40.647152785513],[-111.872235927911,40.6471531862842],[-111.872235928809,40.6471487116872],[-111.872235996183,40.6469157718648],[-111.871869439529,40.6469157091589],[-111.871875600176,40.6466591746523],[-111.871291932396,40.6466581086475],[-111.871316141993,40.6462529949313],[-111.871885305574,40.6462550403915],[-111.871885332523,40.6462539266687],[-111.872161430624,40.6462548325057],[-111.872281564124,40.6462552251032],[-111.872476015247,40.6462558617108],[-111.872800333116,40.6462569215877],[-111.872832078679,40.6462570258714],[-111.873124651883,40.6462579814646],[-111.873414066609,40.6462589261522],[-111.873460384644,40.6462591169982],[-111.873637014988,40.6462598435761],[-111.87408139539,40.646263964486],[-111.87408137383,40.6462601489297],[-111.875132804259,40.6462603833976],[-111.875606349365,40.6462604856365],[-111.875975314401,40.6462605633381],[-111.875904457987,40.6461446331642],[-111.875620812241,40.6462286102604],[-111.875763410809,40.6459138627664],[-111.875597258414,40.6458315626848],[-111.875527775523,40.6457971454267],[-111.875334790451,40.6457015540318],[-111.875281870698,40.6456753411115],[-111.874912268755,40.6454922620679],[-111.874748890358,40.6454113328486],[-111.874715990459,40.6453950371188],[-111.874609803304,40.645342436537],[-111.874472570373,40.6452744575917],[-111.874228401991,40.6453112825394],[-111.874109059907,40.6453292816139],[-111.873928576688,40.6452290253374],[-111.873887903667,40.6452145978382],[-111.87343608252,40.6450655330368],[-111.873707948658,40.6450282505963],[-111.874125951828,40.6449709275594],[-111.874446514738,40.6449269653236],[-111.874419558992,40.6448860757424],[-111.874414336187,40.6448781520625],[-111.874100591489,40.6444370705046],[-111.874060853614,40.6444513284507],[-111.873987030962,40.6443430530495],[-111.873909857594,40.6442337046131],[-111.873909254825,40.644232830103],[-111.873823460325,40.6441085704829],[-111.873701957793,40.6440239009242],[-111.873697866865,40.644021209224],[-111.873454970497,40.6438614458195],[-111.873485086517,40.6438380772481],[-111.873485256299,40.6438379463776],[-111.873484826904,40.6438376614614],[-111.873243626556,40.6436721161235],[-111.873231892761,40.6436642597799],[-111.873172728818,40.6436246501886],[-111.873012833189,40.6435003192293],[-111.873011893552,40.6434995885316],[-111.872988127722,40.6434810688868],[-111.872785492049,40.6433231397995],[-111.872749358215,40.6432942185383],[-111.872630558713,40.6431991361398],[-111.872531327214,40.6431026671806],[-111.872528293603,40.6430996223615],[-111.87236352641,40.6429341760738],[-111.872358549744,40.642889873046],[-111.872358415895,40.6428886617945],[-111.872355190943,40.642859425433],[-111.872347440279,40.6427891652756],[-111.872342179744,40.6427698083939],[-111.872333163354,40.6427366451171],[-111.872248100083,40.6426464873808],[-111.872247039173,40.6426453674632],[-111.872057520699,40.6424452652184],[-111.872054583208,40.6424421644755],[-111.871988297421,40.6423700000792],[-111.871929294277,40.6423057636809],[-111.871928390572,40.6423043227083],[-111.871883035531,40.6422320082035],[-111.871842131643,40.6421667976165],[-111.87184186664,40.6421661527902],[-111.871820342108,40.642113838677],[-111.871770681442,40.6418508503708],[-111.871774553181,40.6418109949953],[-111.871727114947,40.6418119431541],[-111.871243680289,40.6418216019669],[-111.871171241941,40.641823048403],[-111.870955405524,40.6418240701786],[-111.87066714693,40.6418254341364],[-111.870436540413,40.6418265247573],[-111.870427266206,40.6418271811748],[-111.87041827946,40.6418290393201],[-111.870409843381,40.6418320453438],[-111.870402208599,40.6418361099512],[-111.870395605982,40.6418411111289],[-111.870390228667,40.6418469036877],[-111.870386234757,40.6418533131283],[-111.870383746424,40.6418601485918],[-111.870382833735,40.6418672096767],[-111.870378572128,40.6421416677891],[-111.870375223208,40.6423612192884],[-111.870371443098,40.6426045562349],[-111.870160358769,40.6427366021745],[-111.870131071894,40.6427483077845],[-111.870116060147,40.6427542781697],[-111.869829352044,40.6428684181444],[-111.869527600754,40.6429885460104],[-111.869420587149,40.643031148998],[-111.869225263762,40.6430022126144],[-111.869152582869,40.6429914463299],[-111.86906196262,40.6429780210193],[-111.868733754148,40.64292939787],[-111.868660540554,40.6428903304179],[-111.868010863669,40.6425436402858],[-111.867646044357,40.6423489587615],[-111.867486823363,40.6422639897784],[-111.867486826058,40.6422581045535],[-111.867486927567,40.6420237816632],[-111.867486928466,40.6420214845496],[-111.86741564625,40.6420328576467],[-111.867386627073,40.6419273273645],[-111.867391530976,40.6419264139709],[-111.867940226443,40.6418203641121],[-111.86841127513,40.641769303943],[-111.868825384103,40.6417575197729],[-111.870450761642,40.6417339521079],[-111.873913749096,40.6417103857979],[-111.876300052682,40.6417300251854],[-111.878173897042,40.6417418079972],[-111.878934823986,40.6417771591465],[-111.878924470004,40.6422602782833],[-111.878986587608,40.6424763039949],[-111.879126348398,40.6426726919478],[-111.879281639263,40.642861224248],[-111.879364461237,40.6430301176982],[-111.879400696581,40.6431440220407],[-111.87939551959,40.6433129140937],[-111.879395518692,40.6442005720547],[-111.879390342599,40.6448368514423],[-111.879385165608,40.6449154018698],[-111.87934375507,40.6449939549313],[-111.879233396139,40.6451477611313],[-111.879611062257,40.6453186908764],[-111.879693884232,40.6453463407541],[-111.880064926173,40.6453513682512],[-111.880296827162,40.6453639369924],[-111.880475723058,40.6454041542216],[-111.880608238935,40.6454644834281],[-111.880896457106,40.6457661204634],[-111.881128613216,40.6460017375158],[-111.880720667585,40.6462350710813],[-111.879954567242,40.6466710274791],[-111.879581867909,40.6469459531721],[-111.879276464069,40.647303355357],[-111.87908493786,40.6477196664756],[-111.878919293013,40.648293072765],[-111.87890893993,40.6484776626636],[-111.878914116921,40.6487525795509],[-111.87898140882,40.6491178250368],[-111.877764965958,40.6493652505709],[-111.876820296707,40.6496018370427],[-111.876474898972,40.6496883356417],[-111.876057856101,40.6497266902949],[-111.874200129314,40.6496691600107],[-111.871840540727,40.6496205976239],[-111.871839848126,40.6495147078889],[-111.871839875075,40.6494793322123],[-111.871840022399,40.6492882688837],[-111.871840058331,40.6492402344306]]]},"properties":{"PrecinctID":"MUR024","VistaID":"MUR024","CountyID":18,"SubPrecinctID":null,"AliasName":null,"VersionNbr":null}},{"type":"Feature","geometry":{"type":"Polygon","coordinates":[[[-111.891237266175,40.6797601612825],[-111.891238210305,40.6796751724972],[-111.891239211028,40.6795841729142],[-111.891249211074,40.6788811726459],[-111.891256209848,40.6783911722005],[-111.891262209696,40.6779941722822],[-111.891259208425,40.6777971715945],[-111.891253210373,40.6772061721696],[-111.891251566456,40.6770448844963],[-111.891377362037,40.6770439627268],[-111.891377212917,40.67700826169],[-111.891708681375,40.6770069754359],[-111.891719602194,40.6770069331966],[-111.891807607448,40.6770065911947],[-111.891807783517,40.6770065905134],[-111.891807794297,40.677008909586],[-111.892624662928,40.6770037965894],[-111.892624663826,40.6770039362515],[-111.892720926394,40.6770031950203],[-111.892723612356,40.6770031732194],[-111.892867545821,40.6770021192812],[-111.893722116744,40.6769958535604],[-111.894162591271,40.6769926229362],[-111.895518189458,40.6769826660453],[-111.895518361037,40.6770118125144],[-111.89551927103,40.6771685425244],[-111.896449779239,40.6771720395193],[-111.897088401456,40.6771689131391],[-111.897057021506,40.6769724448167],[-111.89811503479,40.676971244403],[-111.898187135372,40.6769710134494],[-111.899849176751,40.6769653731399],[-111.89984914531,40.6769601756613],[-111.90087348255,40.6769566881932],[-111.901105441031,40.676955897228],[-111.902612276885,40.6769949358778],[-111.903673790005,40.6769926556376],[-111.90367482217,40.6769926535938],[-111.903674961409,40.6770379443139],[-111.903676294508,40.6774654955348],[-111.903676361882,40.6774875129443],[-111.904388457306,40.6774852463464],[-111.904752898427,40.6774840827307],[-111.904745706515,40.6767004204417],[-111.905348305391,40.6766970753479],[-111.905352952376,40.6770299535994],[-111.90617467101,40.6770271181184],[-111.906174633281,40.6770206500602],[-111.906415123961,40.6770198189004],[-111.907479944678,40.6770161331833],[-111.90753705058,40.6770159349313],[-111.907537170955,40.6770201384201],[-111.907803001312,40.6770157598426],[-111.907805888497,40.6770157591613],[-111.908330599844,40.6770209055397],[-111.908602159657,40.6770235693388],[-111.908603960779,40.6770235877333],[-111.908605764596,40.6770236047652],[-111.908607566616,40.6770236252036],[-111.908609369535,40.6770236456419],[-111.908611170657,40.6770236667616],[-111.908612975373,40.6770236885625],[-111.908614776495,40.6770237117259],[-111.908616577617,40.6770237342082],[-111.908618381434,40.6770237594154],[-111.908620182556,40.6770237853041],[-111.908621986373,40.6770238105113],[-111.908623786597,40.6770238370812],[-111.908625590414,40.6770238643323],[-111.908627392435,40.677023892946],[-111.908629193557,40.6770239215597],[-111.908630995577,40.677023951536],[-111.908632799394,40.6770239815122],[-111.908634601415,40.6770240142136],[-111.908636402537,40.677024046915],[-111.908638205456,40.6770240782538],[-111.908640005679,40.6770241116364],[-111.908641809497,40.6770241470629],[-111.908643611517,40.6770241824894],[-111.908645411741,40.6770242179159],[-111.90864721466,40.6770242553862],[-111.908649015782,40.6770242935378],[-111.908650818701,40.6770243323707],[-111.908652621619,40.6770243705223],[-111.908654422741,40.6770244107177],[-111.90865622566,40.6770244515944],[-111.908658025884,40.6770244938337],[-111.908659827006,40.6770245353917],[-111.908661629925,40.6770245783122],[-111.908663431945,40.6770246232766],[-111.908665233966,40.6770246675597],[-111.908667035986,40.6770247138866],[-111.90866883621,40.6770247595323],[-111.908670636434,40.677024805178],[-111.908672438454,40.6770248549113],[-111.908674239577,40.6770249039634],[-111.908676042495,40.6770249516529],[-111.908677842719,40.6770250020675],[-111.908679645638,40.6770250531633],[-111.908681445862,40.6770251056218],[-111.908683247882,40.6770251573989],[-111.908685048106,40.6770252112199],[-111.90868684833,40.6770252650409],[-111.90868865035,40.6770253209058],[-111.908690450574,40.6770253754081],[-111.908692252595,40.6770254319542],[-111.908694052819,40.6770254898628],[-111.908695854839,40.6770255470902],[-111.908697655063,40.6770256056802],[-111.908699457083,40.6770256656327],[-111.908701257307,40.6770257262665],[-111.908703058429,40.6770257875816],[-111.908704859551,40.6770258488966],[-111.908706660674,40.6770259122555],[-111.908708460897,40.6770259749332],[-111.908710262019,40.6770260410172],[-111.908712062243,40.6770261050573],[-111.908713863365,40.6770261711413],[-111.908715662691,40.6770262372254],[-111.908717462915,40.6770263060345],[-111.908719264037,40.6770263734811],[-111.908721064261,40.6770264429714],[-111.908722863586,40.6770265124619],[-111.908724664708,40.6770265833148],[-111.908726464932,40.6770266534865],[-111.908728265156,40.6770267263833],[-111.90873006538,40.6770267985988],[-111.908731863807,40.6770268735395],[-111.908733663133,40.6770269477988],[-111.908735464255,40.6770270213769],[-111.90873726358,40.6770270976801],[-111.908739064702,40.6770271760271],[-111.90874086313,40.6770272530116],[-111.908742662455,40.6770273313586],[-111.908744463577,40.6770274103869],[-111.908746262903,40.6770274914591],[-111.90874806133,40.6770275718499],[-111.908749862452,40.6770276536033],[-111.908751660879,40.6770277353567],[-111.908753461103,40.6770278177914],[-111.90875525953,40.6770279015887],[-111.908757057958,40.6770279860672],[-111.908758857283,40.6770280725896],[-111.90876065571,40.6770281584307],[-111.908762456832,40.6770282449531],[-111.90876425526,40.6770283335192],[-111.908766053687,40.6770284220854],[-111.908767853012,40.6770285106517],[-111.908769649643,40.6770286005804],[-111.908771449867,40.677028692553],[-111.908773248294,40.6770287838443],[-111.908775046721,40.6770288764982],[-111.908776846047,40.677028969152],[-111.908778644474,40.677029064531],[-111.908780440206,40.6770291585475],[-111.90878224043,40.6770292546077],[-111.908784038857,40.677029350668],[-111.908785836386,40.6770294487721],[-111.908787633915,40.6770295461949],[-111.908789431444,40.6770296436177],[-111.908791228973,40.6770297444469],[-111.908793029197,40.6770298439136],[-111.908794826725,40.6770299454241],[-111.908796623356,40.6770300476158],[-111.908798419088,40.6770301504889],[-111.908800219312,40.677030253362],[-111.908802016841,40.6770303582788],[-111.90932318164,40.677060660856],[-111.909333766489,40.6769551341953],[-111.909336067074,40.6769555518195],[-111.909337819687,40.6769558713394],[-111.909339573199,40.6769561908594],[-111.90934132671,40.6769565110606],[-111.909343078425,40.6769568319431],[-111.909344831038,40.6769571541882],[-111.909346582753,40.6769574771145],[-111.909348334467,40.6769578007221],[-111.909350085284,40.676958125011],[-111.909351838795,40.6769584492999],[-111.909353588714,40.6769587749513],[-111.90935533953,40.676959101284],[-111.909357091245,40.6769594289793],[-111.909358840265,40.6769597566746],[-111.909360591081,40.6769600836886],[-111.909362341898,40.6769604127465],[-111.909364090918,40.6769607445294],[-111.909365840836,40.6769610735873],[-111.909367588957,40.6769614060515],[-111.909369337977,40.6769617378344],[-111.909371086099,40.6769620702986],[-111.909372836017,40.6769624041254],[-111.909374585037,40.6769627372709],[-111.909376331362,40.6769630731416],[-111.909378078585,40.6769634090122],[-111.909379828503,40.676963745564],[-111.909381574828,40.6769640827972],[-111.90938332295,40.6769644207116],[-111.909385070173,40.6769647579448],[-111.909386816498,40.6769650985844],[-111.909388561924,40.6769654371801],[-111.909390309147,40.6769657778197],[-111.909392055472,40.676966120503],[-111.909393800899,40.6769664625051],[-111.909395544529,40.6769668051885],[-111.909397290854,40.6769671485532],[-111.90939903628,40.6769674932804],[-111.909400781707,40.6769678380077],[-111.909402524439,40.6769681827349],[-111.909404269865,40.6769685295059],[-111.909406012597,40.6769688776395],[-111.909407758024,40.6769692244105],[-111.909409499857,40.6769695739067],[-111.909411242589,40.6769699220404],[-111.909412987117,40.6769702728991],[-111.909414729848,40.6769706230765],[-111.909416471682,40.6769709746165],[-111.909418213515,40.676971327519],[-111.909419955348,40.6769716797403],[-111.90942169808,40.6769720333241],[-111.909423439913,40.6769723882705],[-111.909425180848,40.6769727425356],[-111.909426921784,40.6769730995258],[-111.909428660922,40.6769734551535],[-111.909430401857,40.6769738121437],[-111.909432142792,40.6769741698152],[-111.90943388193,40.6769745288492],[-111.909435623764,40.6769748885645],[-111.909437361105,40.6769752475986],[-111.90943910204,40.676975610039],[-111.909790476267,40.6770480435837],[-111.909792414832,40.6770484434941],[-111.909795634394,40.6770491104655],[-111.909797370837,40.6770494756306],[-111.909799108179,40.6770498442021],[-111.909800841927,40.67705021618],[-111.909802575676,40.6770505922457],[-111.909804308526,40.6770509717176],[-111.909806041376,40.6770513525521],[-111.909807770633,40.6770517381557],[-111.90980949989,40.6770521258029],[-111.909811226452,40.6770525189005],[-111.909812953912,40.6770529133606],[-111.909814679576,40.6770533119083],[-111.909816401646,40.6770537131812],[-111.909818124615,40.6770541185417],[-111.909819845787,40.6770545266274],[-111.909821564264,40.6770549374381],[-111.90982328364,40.6770553523365],[-111.909825001218,40.6770557706414],[-111.909826716102,40.6770561916713],[-111.90982842919,40.6770566161076],[-111.909830142277,40.6770570439503],[-111.909831855364,40.6770574745181],[-111.909833563061,40.6770579091736],[-111.909835271657,40.6770583472354],[-111.909836980253,40.6770587887036],[-111.909838684357,40.677059232897],[-111.909840389359,40.6770596798155],[-111.909842092565,40.677060129459],[-111.909843793076,40.677060582509],[-111.909845492688,40.6770610416905],[-111.909847192301,40.677061500872],[-111.90984888832,40.6770619641411],[-111.909850584339,40.6770624308166],[-111.909852276765,40.6770629008985],[-111.909853969191,40.6770633743868],[-111.909855658024,40.6770638499189],[-111.909857349552,40.6770643302199],[-111.90985903569,40.6770648132461],[-111.909860720929,40.6770652989974],[-111.909862406169,40.6770657888364],[-111.909864087815,40.6770662814004],[-111.909865767664,40.6770667766896],[-111.909867449311,40.6770672760664],[-111.909869126465,40.6770677768058],[-111.909870801823,40.6770682816328],[-111.909872476283,40.6770687898662],[-111.909874148946,40.6770693021873],[-111.909875820711,40.6770698172336],[-111.909877488882,40.6770703350049],[-111.909879156155,40.6770708555013],[-111.909880823429,40.6770713807666],[-111.90988248621,40.6770719087571],[-111.90988414989,40.6770724394727],[-111.909885809078,40.6770729729134],[-111.909887468267,40.6770735090792],[-111.90988912476,40.6770740500139],[-111.909890780355,40.6770745923112],[-111.909899551506,40.6770776076476],[-111.910532840425,40.6770753989443],[-111.910975697283,40.677073851762],[-111.911027619907,40.6770716880231],[-111.911038567675,40.6770761040671],[-111.911486569185,40.6772331043927],[-111.911794570954,40.677409104418],[-111.911876570969,40.677508104441],[-111.911914567909,40.6776311041821],[-111.912029569334,40.6779961036787],[-111.911975568907,40.6783181038134],[-111.911809568327,40.6787931034428],[-111.911708569842,40.6790811043064],[-111.911689285707,40.6794840873315],[-111.911679690802,40.6796845533286],[-111.911679570428,40.6796871046147],[-111.91170755744,40.6797880578055],[-111.911707570017,40.6797881041305],[-111.911733417242,40.6798841099362],[-111.911742569279,40.6799181042668],[-111.91176256937,40.6799911048191],[-111.911798570253,40.6800371033623],[-111.912081571009,40.6803931040765],[-111.912267568985,40.6806291043211],[-111.912450570181,40.6809121037724],[-111.91248957054,40.6809711051556],[-111.912484570517,40.6810681038638],[-111.912470571171,40.6813911048794],[-111.912380569861,40.6815511054081],[-111.912252569815,40.6817041038641],[-111.912223571299,40.6817581043173],[-111.912135570537,40.6819971053057],[-111.912167569426,40.682063103974],[-111.912203570309,40.6820871049598],[-111.912359376807,40.6822289287287],[-111.912359569945,40.6822291051661],[-111.911388569276,40.6822301052049],[-111.910429568303,40.6822341039973],[-111.910437568699,40.6826921044763],[-111.90951956953,40.6826971046352],[-111.908067569536,40.6827051042075],[-111.907983568972,40.6827051048887],[-111.90798756917,40.6837911044997],[-111.906864569064,40.6838011053334],[-111.905492567639,40.6838011046522],[-111.905493567464,40.6838691042874],[-111.904929532365,40.6838835670247],[-111.903035569335,40.6839321051497],[-111.903029567691,40.6831711050538],[-111.902604568442,40.6831921055678],[-111.902249568615,40.6831821060051],[-111.902005567319,40.683202105129],[-111.901326567627,40.683516105166],[-111.900726566679,40.6837961059386],[-111.900339567064,40.6838091061356],[-111.900095566667,40.6838171048932],[-111.899764568926,40.6838291050714],[-111.899766567677,40.6835071063527],[-111.899767569299,40.6834431057493],[-111.899766566779,40.6833581053106],[-111.899764568926,40.6831541066765],[-111.899763569101,40.683017106532],[-111.899763567304,40.6829091048971],[-111.899762567479,40.6828571054351],[-111.900641568985,40.6828391055857],[-111.90063556734,40.6823671056045],[-111.899750566885,40.6824011054811],[-111.899749566162,40.6823421067261],[-111.899747566512,40.6822491059385],[-111.899747568309,40.682206105633],[-111.89975156671,40.6819891056484],[-111.899754567083,40.6818451062043],[-111.899753567258,40.681800106229],[-111.89975256923,40.681665106121],[-111.899752567433,40.6815591057991],[-111.899752567433,40.6812411058657],[-111.899752568332,40.681136105606],[-111.899516567432,40.6811731062744],[-111.898867566978,40.6812751056354],[-111.898572566527,40.6813181058603],[-111.898155565878,40.6813411056998],[-111.89812556574,40.6812811059536],[-111.897613565554,40.6797321060165],[-111.897348566139,40.6797391058684],[-111.89716956514,40.6797431054915],[-111.897163566191,40.679777105344],[-111.897157567241,40.679822106685],[-111.896628566438,40.6797491059477],[-111.896225566032,40.6796891054498],[-111.896095568133,40.6796741056574],[-111.896104565659,40.6797491052665],[-111.895991566579,40.6797891042059],[-111.895929567553,40.6797961054144],[-111.895758568747,40.6798151061605],[-111.895527566073,40.6798281044091],[-111.895381567382,40.6797861060235],[-111.895215567701,40.6797351062451],[-111.895109568294,40.6796971060642],[-111.895079565461,40.6796851065046],[-111.895035566877,40.679669105953],[-111.894992567219,40.6796491064503],[-111.894949566663,40.6796301056568],[-111.894906566107,40.6796111055392],[-111.894877565795,40.6795991066453],[-111.894811565673,40.6795751054449],[-111.894747566997,40.6795571060717],[-111.894698566593,40.6795631065445],[-111.894651566738,40.679594106254],[-111.894613567103,40.6796361061231],[-111.894599567757,40.6796611060164],[-111.894602565435,40.6797021057666],[-111.894627566448,40.6797451056436],[-111.894668566456,40.6798181057042],[-111.894740565528,40.6799571050758],[-111.894748565924,40.6799731055582],[-111.894766566365,40.6800091054376],[-111.894802568147,40.6800811058193],[-111.894823565368,40.6801331067656],[-111.894863565551,40.6802111053841],[-111.894875567942,40.6802631055479],[-111.894875567942,40.6803131062172],[-111.8948615668,40.6803691052057],[-111.894816567492,40.6804111052678],[-111.89476956584,40.6804381070454],[-111.894729567454,40.6804581056302],[-111.894675566129,40.6804871061562],[-111.894594566836,40.6805141058593],[-111.894502565876,40.680549106745],[-111.894478567384,40.6805561065112],[-111.894448566348,40.680573105551],[-111.894417567284,40.6806001052194],[-111.894368565084,40.6806261061764],[-111.894309566431,40.6806451053235],[-111.894235566811,40.6806601048973],[-111.894142566026,40.6806531058233],[-111.89404756649,40.6806361054414],[-111.89401456598,40.6806311051279],[-111.893980566543,40.6806251054324],[-111.893857564723,40.6806091051064],[-111.893780565628,40.6805911053311],[-111.893752565141,40.6805851056321],[-111.893651565757,40.6805691059777],[-111.893553564949,40.6805501054465],[-111.893364565701,40.680512105049],[-111.893214565015,40.6804901056695],[-111.893081564946,40.6804661061524],[-111.893004567648,40.6804541067312],[-111.892928565683,40.6804421059454],[-111.892803565112,40.68042710496],[-111.892746566108,40.6804091058168],[-111.892680566884,40.6803881051073],[-111.892587565201,40.6803601059675],[-111.89247656667,40.6803271051172],[-111.892434566837,40.680315105671],[-111.892322563989,40.6802741056166],[-111.892225565702,40.6802381051991],[-111.89209256653,40.6802131055222],[-111.891970564535,40.6801971064598],[-111.891926566849,40.6801821067818],[-111.891892565616,40.6801711060167],[-111.89184356611,40.6801461063147],[-111.891811565425,40.6801291058034],[-111.891761564298,40.6800891057055],[-111.89172156681,40.6800571061549],[-111.8916315655,40.6799821055299],[-111.891534565415,40.679891106366],[-111.891438564258,40.6798021058657],[-111.891347565818,40.6797701061773],[-111.891237266175,40.6797601612825]]]},"properties":{"PrecinctID":"MUR042","VistaID":"MUR042","CountyID":18,"SubPrecinctID":null,"AliasName":null,"VersionNbr":null}},{"type":"Feature","geometry":{"type":"Polygon","coordinates":[[[-111.888891755087,40.6429607704183],[-111.888893346902,40.6429271641789],[-111.888893621786,40.6429213873913],[-111.889015016521,40.6409957690952],[-111.889131120178,40.6384605403947],[-111.889134598454,40.6384057495861],[-111.889160363035,40.6379996682434],[-111.889170387335,40.6378417091452],[-111.889206290302,40.6372758983757],[-111.889253447363,40.6361936015507],[-111.889264518201,40.6359395222124],[-111.889420715466,40.633273555292],[-111.889489000902,40.6332775638373],[-111.889512573593,40.6332789470581],[-111.890411272458,40.6333316955364],[-111.890843940625,40.633324766485],[-111.891096781343,40.6333101993861],[-111.891406379418,40.6332915467048],[-111.892476994268,40.6332246762441],[-111.892541751122,40.6332206172479],[-111.893017957936,40.6331917406939],[-111.893026242199,40.6331909996575],[-111.893799826406,40.6331235203139],[-111.894610418508,40.633075836906],[-111.895312371952,40.6330305722347],[-111.895500963365,40.633018410208],[-111.89648415507,40.6329550101544],[-111.89675947523,40.6329402466369],[-111.897223884469,40.6329150144854],[-111.897629978673,40.6328867963498],[-111.898460728969,40.6328243062807],[-111.898983976961,40.6327815215742],[-111.899632548918,40.6327295798307],[-111.901931883906,40.6325105018179],[-111.902010914091,40.632502972756],[-111.901974330201,40.6325068300028],[-111.902156174368,40.6324901214008],[-111.902267286087,40.6324785667002],[-111.903270865058,40.6323741993516],[-111.903873250135,40.6323235450888],[-111.904172051358,40.6322959464007],[-111.904501998968,40.6322666515429],[-111.904539348223,40.6322633362621],[-111.904655890258,40.6322529568349],[-111.904753389805,40.6325454072303],[-111.904849092723,40.6328794984366],[-111.904912894667,40.6332813740003],[-111.904989456282,40.6337219825339],[-111.905014978318,40.6340415424985],[-111.90502773709,40.6346273984613],[-111.905020166089,40.6347744298541],[-111.904995837016,40.6352471429957],[-111.904919275401,40.6358087798706],[-111.904785291676,40.6363074712038],[-111.904708728264,40.6366318608458],[-111.904581126172,40.6370240304592],[-111.904383339604,40.6375130307845],[-111.903624099696,40.6392946991185],[-111.903279570631,40.6402581368753],[-111.903094546429,40.6411537834416],[-111.903017983915,40.641855765661],[-111.902922281897,40.6429256748243],[-111.898693762734,40.6429278021817],[-111.897897517626,40.6429216055119],[-111.89674194281,40.6429494908621],[-111.895941613961,40.6429494915438],[-111.89492487018,40.6429216061935],[-111.893683545781,40.6428999175039],[-111.892223681036,40.6429092135339],[-111.89070534495,40.6428933486631],[-111.889385621881,40.6429409398559],[-111.888891755087,40.6429607704183]]]},"properties":{"PrecinctID":"MUR022","VistaID":"MUR022","CountyID":18,"SubPrecinctID":null,"AliasName":null,"VersionNbr":null}},{"type":"Feature","geometry":{"type":"Polygon","coordinates":[[[-111.920640218674,40.6378983375395],[-111.920442221003,40.6377986815676],[-111.919485194526,40.6374161991323],[-111.91857283049,40.6371111793281],[-111.917788069444,40.6368836238984],[-111.916677921534,40.6366415435858],[-111.915625194836,40.6364672465533],[-111.9131050279,40.6362203226492],[-111.910233952963,40.6359685557318],[-111.910061690228,40.6359056131725],[-111.909455573549,40.6358039384404],[-111.908798416393,40.6356635299953],[-111.908415605623,40.6355521706346],[-111.907994514944,40.6353923937769],[-111.90753514166,40.6352326165368],[-111.906999209457,40.6350728402777],[-111.906431373586,40.6349469554558],[-111.905506249879,40.6348210697149],[-111.905020166089,40.6347744298541],[-111.90502773709,40.6346273984613],[-111.905014978318,40.6340415424985],[-111.904989456282,40.6337219825339],[-111.904912894667,40.6332813740003],[-111.904849092723,40.6328794984366],[-111.904753389805,40.6325454072303],[-111.904655890258,40.6322529568349],[-111.904792726133,40.6322407714876],[-111.904883022989,40.6322327276847],[-111.905106340576,40.6322116368136],[-111.905109996719,40.6322112911733],[-111.9057982805,40.6321462882716],[-111.905917615397,40.6321354445633],[-111.907495109138,40.6319819860636],[-111.907635426884,40.631968336292],[-111.910148771115,40.6317238377463],[-111.911631965107,40.6315778897424],[-111.91828063907,40.6309246243098],[-111.919688045796,40.6307862890341],[-111.919687944286,40.6307856952292],[-111.920446564357,40.630711098014],[-111.92265156546,40.6304950976327],[-111.922952565759,40.6304650984146],[-111.923231565418,40.6304410965761],[-111.923303232113,40.6304354107448],[-111.923357565815,40.6304310979664],[-111.923444565854,40.6304240970298],[-111.923546565961,40.6304150978698],[-111.923574566448,40.6304120981495],[-111.923660564865,40.6304050978927],[-111.923689565178,40.6304030969426],[-111.923813565925,40.6303920975111],[-111.924188566742,40.6303600986588],[-111.924314567138,40.63035009731],[-111.924737566738,40.6303010981782],[-111.926006566434,40.6301540971584],[-111.926098566495,40.6301440971422],[-111.926366566284,40.6301180976385],[-111.926430566756,40.6301130969461],[-111.926763566842,40.6300850971525],[-111.926893566539,40.630075097126],[-111.927412567296,40.6300310971278],[-111.927604566916,40.6300160970753],[-111.92776456675,40.6300020978414],[-111.928098566661,40.6299740966377],[-111.928324566616,40.6299540972316],[-111.92900456793,40.6298950970741],[-111.929112566987,40.6298850977009],[-111.929230902958,40.6298761468732],[-111.929236242544,40.6299722824767],[-111.929236731227,40.6299810867133],[-111.929236565937,40.6299810969398],[-111.929251566006,40.6302890979123],[-111.929267567696,40.6306210972015],[-111.929267566798,40.6308480972151],[-111.929267567696,40.631348097055],[-111.929213525947,40.6313480977367],[-111.929106567139,40.6313480977367],[-111.928761567358,40.631348097055],[-111.928516476406,40.63134851701],[-111.927590566673,40.6313500979767],[-111.927082567583,40.631351097415],[-111.927086566882,40.6314380982511],[-111.927087566707,40.6315350967381],[-111.927036567552,40.6315690973059],[-111.92713156619,40.6317340972693],[-111.927353565948,40.6320980989984],[-111.927262567508,40.6324760988249],[-111.927282566701,40.6326860969706],[-111.927221566602,40.6330680986175],[-111.927145566434,40.633554097661],[-111.927058566395,40.6337520982265],[-111.926966567232,40.6338700991726],[-111.92682856714,40.6340480978943],[-111.926658340885,40.6343181406478],[-111.926608566133,40.6343970981661],[-111.926590568387,40.6344270976628],[-111.926489568104,40.6347460986587],[-111.926546566209,40.6349930975494],[-111.926791566431,40.635432098238],[-111.92695056644,40.6356130984175],[-111.927296567843,40.6358600988726],[-111.927376568209,40.6359530982304],[-111.927390567554,40.6359700977325],[-111.927552567936,40.6365650980293],[-111.927584566825,40.6366840981341],[-111.927541568065,40.6367770990708],[-111.927526567098,40.6368110990144],[-111.927144566609,40.6373100984804],[-111.927138568558,40.6373200987868],[-111.927027566433,40.6375170983816],[-111.926981568199,40.6375960991527],[-111.926935566371,40.6376780978609],[-111.926935566371,40.6378100996933],[-111.926947567864,40.6378590974048],[-111.926969567605,40.6379490980046],[-111.927113566647,40.637952098068],[-111.927545566467,40.6379630989808],[-111.927690568028,40.6379670983827],[-111.928004566949,40.6379640976384],[-111.9289505693,40.6379580975126],[-111.929090626535,40.6379572086051],[-111.929265568046,40.6379560974706],[-111.929265538402,40.6379570981733],[-111.929260567125,40.6381270988035],[-111.9292595673,40.6382500989173],[-111.9292595673,40.6387940982493],[-111.929339568564,40.6391260975129],[-111.929352568085,40.6391800990439],[-111.9294385674,40.639404098591],[-111.929501568946,40.6394980984631],[-111.929690567295,40.639781099324],[-111.929754568666,40.6398760986575],[-111.929652567661,40.6398760979758],[-111.929600569579,40.6400070975167],[-111.929544568604,40.6401600979038],[-111.929883569436,40.640605098587],[-111.930020567907,40.6408630980489],[-111.930049568219,40.6410440985002],[-111.930028568303,40.6412220978629],[-111.930020567907,40.6412970991372],[-111.929941568264,40.6415390984935],[-111.929852567677,40.6417100988278],[-111.929775568583,40.6418570982629],[-111.929661567881,40.6420130983804],[-111.929492567827,40.6422480981706],[-111.929458569288,40.642296099485],[-111.929407568336,40.6425380986275],[-111.929451567819,40.6426970990484],[-111.929696568041,40.6429770994605],[-111.930078568531,40.6432520989897],[-111.930236568715,40.6432410982668],[-111.93065456919,40.6431090996758],[-111.930691570796,40.6431070984248],[-111.930972569207,40.6430980975662],[-111.931145568561,40.6431310991183],[-111.93131556844,40.6432200994844],[-111.931397570253,40.6432630990291],[-111.931430568966,40.6433030987233],[-111.931704569501,40.6436420996509],[-111.931721568321,40.6436640982361],[-111.931781569494,40.643766098398],[-111.931964569792,40.6440980981528],[-111.932010568925,40.6442240986335],[-111.932056334495,40.6445245498194],[-111.932056343478,40.6445246166173],[-111.931936211775,40.6445218520049],[-111.93178615719,40.644518396921],[-111.930931214365,40.6444264169173],[-111.930197493797,40.6442811851104],[-111.929597759648,40.6441262706529],[-111.928851278512,40.6438938982925],[-111.928277063704,40.643642160315],[-111.927747512234,40.6433565352182],[-111.927166916693,40.6430128125806],[-111.926599079924,40.642601314402],[-111.926280071997,40.6423156821246],[-111.925795179373,40.6418606073339],[-111.92528476651,40.6413716409],[-111.924314981262,40.6404275835972],[-111.923989593499,40.6400983719618],[-111.923747146289,40.6398805103478],[-111.922968766875,40.639260809506],[-111.922528533995,40.6389557981297],[-111.921641690197,40.6384135526965],[-111.921067476288,40.6381133807572],[-111.920640218674,40.6378983375395]]]},"properties":{"PrecinctID":"MUR027","VistaID":"MUR027","CountyID":18,"SubPrecinctID":null,"AliasName":null,"VersionNbr":null}},{"type":"Feature","geometry":{"type":"Polygon","coordinates":[[[-111.888280563826,40.6770607528285],[-111.888280563826,40.6770131042186],[-111.888279564001,40.6767721062387],[-111.888278565972,40.676051105291],[-111.888278563278,40.6758111060124],[-111.888278225511,40.6758111053312],[-111.888286347179,40.6755173075181],[-111.888289467927,40.6753056196262],[-111.888292225755,40.6751570069856],[-111.888294610782,40.6748921274941],[-111.88829785909,40.6743371761144],[-111.888296527787,40.6742402445998],[-111.888264588187,40.6719158926903],[-111.888267393625,40.6703465788242],[-111.888268246126,40.6698763382147],[-111.888272464615,40.6690358149191],[-111.88828979132,40.6687365758647],[-111.88828772789,40.6672025282626],[-111.888287680279,40.667167459727],[-111.888287385632,40.6669484082102],[-111.88829786987,40.6664106850001],[-111.888299699738,40.6663170112619],[-111.888314830062,40.6655410612662],[-111.888310030364,40.665090986208],[-111.888307877102,40.6643595608285],[-111.889710388907,40.6643564522455],[-111.890259242478,40.6643514111893],[-111.890918208841,40.6643453582418],[-111.891216017426,40.6643205413556],[-111.89122544255,40.6643168876441],[-111.891412879627,40.6642667461916],[-111.891544863702,40.6642270002821],[-111.891716348496,40.6641356314132],[-111.891909413519,40.6639737574529],[-111.891959072388,40.6639197569041],[-111.892393353929,40.6634475016803],[-111.892713921331,40.663094602938],[-111.892907850533,40.6628210657422],[-111.892953235218,40.6627410440726],[-111.893050004435,40.6625704294816],[-111.893150885241,40.6623254753947],[-111.893283487357,40.6619812174098],[-111.893592547341,40.6608491615016],[-111.893908190179,40.6598593706977],[-111.894132720491,40.6593081206056],[-111.894542414244,40.6585419328654],[-111.894887895523,40.658103249765],[-111.895031161539,40.6579222138017],[-111.895723189498,40.6571692915356],[-111.896221151711,40.6567125795575],[-111.89660658646,40.6563670802352],[-111.896915356288,40.6560894142304],[-111.897341277208,40.655654898712],[-111.897452167942,40.6554685022508],[-111.897576410336,40.655329117893],[-111.897631216551,40.6552706117594],[-111.897644329259,40.6552273064607],[-111.898246726913,40.6551262377105],[-111.898220207747,40.6552251672284],[-111.898210313703,40.6552560971545],[-111.897936207167,40.6561131662808],[-111.897554208474,40.6571891662554],[-111.896990207511,40.6587801679735],[-111.896692207585,40.6597281675252],[-111.896443206266,40.6604301676635],[-111.896063208121,40.6615081675335],[-111.895945209019,40.6618691680538],[-111.89591020796,40.6620031677007],[-111.895824207747,40.6623461690182],[-111.895732209482,40.6629751681562],[-111.895673208134,40.6635401682271],[-111.895668207213,40.663598168312],[-111.89566120754,40.664059169649],[-111.895669209732,40.6642051686069],[-111.895694207152,40.6646461692406],[-111.895703208271,40.6647931685767],[-111.895756207076,40.6653381685307],[-111.895918207458,40.666973169608],[-111.895973209506,40.667518168782],[-111.895973325389,40.667519382312],[-111.895974247959,40.6675289454183],[-111.895974250654,40.6675289747175],[-111.896102210276,40.668855169749],[-111.89649120954,40.6728681695606],[-111.89662121283,40.6742061703861],[-111.896430211237,40.6742071705453],[-111.89585721185,40.6742101703412],[-111.895666212953,40.6742111711815],[-111.895616211826,40.674212169978],[-111.895349210065,40.6742171721356],[-111.89533121142,40.6742181702506],[-111.89439921111,40.6742281718394],[-111.894129597947,40.6742319285665],[-111.894112209258,40.6742321690679],[-111.894083209844,40.6742321717931],[-111.893715210496,40.6742331712706],[-111.892614210131,40.6742361710654],[-111.89224720971,40.674238172064],[-111.892074209458,40.6742071712265],[-111.89193520954,40.674127172757],[-111.891736210247,40.6739231710813],[-111.891672208876,40.6738741712337],[-111.891648209485,40.6738551715195],[-111.891560208723,40.6738191710421],[-111.891512209941,40.6738091721172],[-111.891480211052,40.6738021709613],[-111.891468207764,40.6738011694335],[-111.891391208669,40.6738011707961],[-111.891335208593,40.6738091721172],[-111.891292208935,40.6738171713935],[-111.891286209985,40.6739501707177],[-111.891270208295,40.6743511708188],[-111.891269210267,40.6743841698583],[-111.891270793997,40.6744161891647],[-111.891274209391,40.6744851705954],[-111.891276209041,40.6749901719853],[-111.891282210686,40.6760391718413],[-111.891267210617,40.6765051722805],[-111.891251210724,40.6770101726766],[-111.891251566456,40.6770448844963],[-111.890792645924,40.6770482411544],[-111.890792656704,40.6770564757643],[-111.889108334411,40.6770629492692],[-111.889108298478,40.6770547146602],[-111.888280563826,40.6770607528285]]]},"properties":{"PrecinctID":"MUR004","VistaID":"MUR004","CountyID":18,"SubPrecinctID":null,"AliasName":null,"VersionNbr":null}},{"type":"Feature","geometry":{"type":"Polygon","coordinates":[[[-111.889906714814,40.6277149064921],[-111.889908558157,40.6276971003851],[-111.889913559078,40.6276360992458],[-111.889930558797,40.6274530995843],[-111.889937557571,40.6273931004468],[-111.889945558865,40.6272980997135],[-111.889965558957,40.6270950995454],[-111.889970558081,40.6270131001119],[-111.889980559026,40.6269171000153],[-111.890220558327,40.6269200998926],[-111.890745558932,40.626925100824],[-111.890827558049,40.6269260996467],[-111.890804558483,40.6272240992569],[-111.891236558303,40.6272240985751],[-111.891239558676,40.6269320987185],[-111.891311558646,40.6269290995236],[-111.891311557748,40.6270130994301],[-111.8920255576,40.6270100988752],[-111.893394558652,40.6270040998104],[-111.893394560449,40.6268830991242],[-111.893534559292,40.626883099806],[-111.893766559096,40.626883099806],[-111.893767559819,40.6267491005369],[-111.893767559819,40.6266750994719],[-111.89388955912,40.6266751001537],[-111.895512558818,40.6266610988558],[-111.895511559892,40.6262560989988],[-111.89551255792,40.626201098408],[-111.895511558993,40.626148100213],[-111.895911559026,40.626148100213],[-111.89604387458,40.626148620425],[-111.896419559913,40.6261500992452],[-111.896904139025,40.626150103336],[-111.898347329241,40.6261501006088],[-111.898444559294,40.6261500992452],[-111.898433560322,40.6263320981912],[-111.898428561197,40.6266500994898],[-111.898427560474,40.6267550989428],[-111.898416489637,40.6276916406719],[-111.898415376624,40.6277859277019],[-111.898326057135,40.6277864267659],[-111.897329712298,40.6277861308728],[-111.89650125001,40.6277858922493],[-111.896325174824,40.6277858220258],[-111.895928738408,40.6277856986233],[-111.895712517512,40.6277856304452],[-111.895498163316,40.6277855636306],[-111.895496290328,40.6277855636306],[-111.895271414165,40.62778549068],[-111.895081908268,40.6277854300015],[-111.894847816288,40.6277853550055],[-111.894722126708,40.6277853140987],[-111.894505972288,40.6277852459205],[-111.894289817868,40.6277851743334],[-111.894074733341,40.6277851047917],[-111.894074809698,40.6276469566386],[-111.893714552929,40.6276468380084],[-111.893534424545,40.6276467786933],[-111.893534404782,40.6276788661139],[-111.893204842549,40.6276787556651],[-111.892898620343,40.627678652716],[-111.892592402629,40.627678549085],[-111.892286181322,40.6276784454541],[-111.89197996271,40.6276783397778],[-111.891673742301,40.6276782341015],[-111.891344179169,40.6276781188802],[-111.891165625531,40.6276780561562],[-111.891164049886,40.6276780554745],[-111.89116403731,40.627696417921],[-111.890805366068,40.6276962911095],[-111.89080536517,40.6276963749687],[-111.890805360678,40.6277181531387],[-111.890803767067,40.6277181476844],[-111.890126818229,40.6277157028137],[-111.889906714814,40.6277149064921]]]},"properties":{"PrecinctID":"MUR044","VistaID":"MUR044","CountyID":18,"SubPrecinctID":null,"AliasName":null,"VersionNbr":null}},{"type":"Feature","geometry":{"type":"Polygon","coordinates":[[[-111.875571628581,40.6560861049032],[-111.875587197283,40.6558661692129],[-111.875597199125,40.6557431681688],[-111.875592197306,40.6555231686501],[-111.875592199102,40.6554901698183],[-111.875533198653,40.6551921709752],[-111.875489197374,40.6549701701074],[-111.875483198424,40.6549331685279],[-111.875527197008,40.6549271692461],[-111.875660197078,40.6549131704653],[-111.87570519908,40.6549091686713],[-111.875608199894,40.6545461697864],[-111.875517197861,40.654202169475],[-111.876027196601,40.6541231679128],[-111.876145198398,40.6541051684841],[-111.876237199358,40.6540991691278],[-111.876366196534,40.6539371685843],[-111.876547198081,40.6529001695987],[-111.876581198416,40.6527101697056],[-111.876568197997,40.65264416788],[-111.876532196216,40.6526241684497],[-111.876403199039,40.6525521677252],[-111.876246195985,40.6524501687239],[-111.876190197705,40.6523351673244],[-111.876190197705,40.6521671691016],[-111.876170198512,40.6520091685616],[-111.876167198139,40.6519141694587],[-111.876117197911,40.6518541691305],[-111.876025195154,40.651805168743],[-111.875894196531,40.6517791694964],[-111.87579819717,40.6517621685681],[-111.875713196781,40.6517461681313],[-111.875681197892,40.6517251686172],[-111.875636196788,40.6516331678769],[-111.875597195532,40.6515491682754],[-111.87552819863,40.6514461699666],[-111.875502195097,40.6513641690885],[-111.875499195623,40.6512621682712],[-111.875515196414,40.6512001677116],[-111.875588196209,40.6511311676477],[-111.875726196302,40.6510811675864],[-111.875894195633,40.6510391688145],[-111.876187197332,40.6510141684133],[-111.876120196487,40.6508601692249],[-111.87608619705,40.6507821689869],[-111.876072196806,40.6505131688126],[-111.876132195284,40.6503781687421],[-111.87623519881,40.6502461685908],[-111.876338196047,40.6501131690211],[-111.876433196481,40.6499911681168],[-111.876679196529,40.649743168306],[-111.876793034635,40.6496274016218],[-111.876797198326,40.6496231684624],[-111.876820296707,40.6496018370427],[-111.877764965958,40.6493652505709],[-111.87898140882,40.6491178250368],[-111.878981847198,40.649120012856],[-111.879054520905,40.6491034310934],[-111.880163329426,40.6488726859212],[-111.880299143917,40.6488644512389],[-111.8803834544,40.6488612676431],[-111.880452887883,40.648853357385],[-111.882188133873,40.6489564973721],[-111.882244825652,40.6489598663491],[-111.882515495234,40.648975951968],[-111.88315283825,40.6490138238013],[-111.883458259158,40.6490339626713],[-111.884617114621,40.6491043927798],[-111.88843960336,40.6493360668005],[-111.888448564055,40.6493366086418],[-111.888561259504,40.649343438568],[-111.888541169581,40.6497895366725],[-111.888503054064,40.6510176906339],[-111.888501523334,40.6510780822387],[-111.888454234221,40.6517973228983],[-111.888410377571,40.6524994255742],[-111.888341810063,40.6546449400103],[-111.888335552399,40.6555726474446],[-111.888332234921,40.6560638712088],[-111.888141501925,40.6560623419392],[-111.887987957385,40.6560611111634],[-111.887179404459,40.6560979247069],[-111.88624963197,40.6561006022902],[-111.883339723762,40.6560967402733],[-111.882032582497,40.6560959504237],[-111.880747923369,40.6560940292967],[-111.880088142234,40.6560920127608],[-111.879483364045,40.656090162509],[-111.877532900578,40.6560912869714],[-111.87748922898,40.6560911847476],[-111.877489231675,40.6560909932482],[-111.877142558332,40.6560901045821],[-111.875974558918,40.6560871039711],[-111.875585560552,40.6560861035402],[-111.875571628581,40.6560861049032]]]},"properties":{"PrecinctID":"MUR016","VistaID":"MUR016","CountyID":18,"SubPrecinctID":null,"AliasName":null,"VersionNbr":null}},{"type":"Feature","geometry":{"type":"Polygon","coordinates":[[[-111.888280628504,40.6786569104866],[-111.888075347292,40.6786582866354],[-111.888074917898,40.6785356103457],[-111.887743108978,40.6785845761105],[-111.8875284781,40.6786162493622],[-111.887237360168,40.678616906099],[-111.887098305453,40.6786172194796],[-111.886287662148,40.678619044581],[-111.886086511389,40.6786194983017],[-111.886063449839,40.6786195500776],[-111.885188471888,40.6786215148378],[-111.885057618792,40.6785527127715],[-111.885008479149,40.6785379320902],[-111.884968611019,40.6785312339116],[-111.884927909252,40.6785287834082],[-111.884897302751,40.6785297623833],[-111.88486699539,40.6785331475797],[-111.884818023733,40.6785440259878],[-111.884790080737,40.6785535786566],[-111.884752981215,40.6785697089159],[-111.884708759848,40.678584561804],[-111.884652676228,40.678596084678],[-111.884620197639,40.6785994262702],[-111.884590258587,40.6786005101588],[-111.884554036718,40.6785991735219],[-111.884506386483,40.678592995834],[-111.884483092269,40.6785880546371],[-111.884449125171,40.6785783888836],[-111.884427283534,40.6785704875992],[-111.88439992624,40.6785584415109],[-111.884366737982,40.6785402204527],[-111.8843398541,40.6785216948649],[-111.884323381693,40.6785082140272],[-111.884091557061,40.6786119138091],[-111.883889110932,40.6784345482997],[-111.88388547545,40.6784313627087],[-111.883611316812,40.6781911662565],[-111.883466864121,40.6780655262732],[-111.883149075207,40.6778084268653],[-111.882929088574,40.6776612041485],[-111.882577848196,40.6774423928481],[-111.882293927566,40.6772655154271],[-111.881862164901,40.6769965341579],[-111.882928135462,40.6754206202602],[-111.882495394531,40.6752388246445],[-111.881988044923,40.6748664015898],[-111.881846550385,40.6747975888351],[-111.881524882546,40.6747594965892],[-111.881468206038,40.6747527844049],[-111.881277189174,40.6747301638214],[-111.881157593766,40.6746742370831],[-111.881034135601,40.6745741911388],[-111.880974535975,40.6744981841905],[-111.880953744468,40.6743999488916],[-111.880940407181,40.6743369301629],[-111.880945643461,40.6743368851968],[-111.881390562852,40.6743331066737],[-111.88154756321,40.6743321065165],[-111.881850562261,40.6743291053634],[-111.882761562655,40.6743221056246],[-111.883037389465,40.6743202899438],[-111.883037384075,40.6743198859293],[-111.883065504038,40.6743196604169],[-111.883814519322,40.6743247354662],[-111.885975017886,40.6743207859347],[-111.88829785909,40.6743371761144],[-111.888294610782,40.6748921274941],[-111.888292225755,40.6751570069856],[-111.888289467927,40.6753056196262],[-111.888286347179,40.6755173075181],[-111.888278225511,40.6758111053312],[-111.888278563278,40.6758111060124],[-111.888278565972,40.676051105291],[-111.888279564001,40.6767721062387],[-111.888280563826,40.6770131042186],[-111.888280563826,40.6770607528285],[-111.888280563826,40.6772101051796],[-111.888281565447,40.6775181055362],[-111.888281565447,40.6778011059321],[-111.888282208641,40.6779285783468],[-111.888282565272,40.6779991060293],[-111.888281565447,40.6781781050123],[-111.888280563826,40.6785871049571],[-111.888276565424,40.6786471050844],[-111.888284325072,40.6786492892101],[-111.888310708592,40.6786567095143],[-111.888280628504,40.6786569104866]]]},"properties":{"PrecinctID":"MUR002","VistaID":"MUR002","CountyID":18,"SubPrecinctID":null,"AliasName":null,"VersionNbr":null}},{"type":"Feature","geometry":{"type":"Polygon","coordinates":[[[-111.866011557003,40.6384962913783],[-111.866011554308,40.6384961018735],[-111.866004553737,40.6382311026886],[-111.866001554262,40.6381511019692],[-111.865965554277,40.6371191025666],[-111.865953556378,40.6367761031222],[-111.865950554208,40.6367001035455],[-111.86594655401,40.6366001022124],[-111.865942553812,40.6364721022509],[-111.865940554163,40.6363971023724],[-111.865944554361,40.6358361030636],[-111.865959555328,40.6341561036739],[-111.865962555701,40.6339041026418],[-111.865961555876,40.6338291032871],[-111.865959554429,40.633596102664],[-111.865961554977,40.6332041024347],[-111.865962553006,40.6331871029101],[-111.865963553729,40.6329531026776],[-111.865964682013,40.6327934102702],[-111.865965362936,40.6326973434926],[-111.865966554102,40.6325291008604],[-111.865967553029,40.6324271032983],[-111.865972553051,40.6319611023619],[-111.865973597792,40.6318545124141],[-111.866213837842,40.6316718474581],[-111.866281275268,40.6316766060154],[-111.866707747755,40.6317081420161],[-111.866774952518,40.6317131125924],[-111.866806278568,40.6317154291494],[-111.866806276772,40.6317188705795],[-111.866805970446,40.6322114063867],[-111.866805772817,40.6325270563431],[-111.866691747861,40.6325270154391],[-111.866691779302,40.6327814663541],[-111.866691814336,40.6330587909912],[-111.866691839489,40.6332860669973],[-111.866591618945,40.6332871400328],[-111.866359092728,40.6332896290118],[-111.86629055217,40.6332903625481],[-111.866145878494,40.6332919121096],[-111.866144455562,40.6334910164808],[-111.866142855663,40.6337106216553],[-111.866142003162,40.6338301729054],[-111.866141703124,40.6338720618425],[-111.866141451596,40.6339073605767],[-111.866269166877,40.6339073530777],[-111.866301167562,40.6339073510326],[-111.866555786046,40.6339073367165],[-111.866563495388,40.6339073394434],[-111.866941802904,40.6339073121746],[-111.866941830751,40.6341406218928],[-111.866941835243,40.6341653266144],[-111.866941862192,40.6343829335124],[-111.866941867582,40.6344233359669],[-111.866941888244,40.634610903084],[-111.866944017251,40.6346109037657],[-111.866942267333,40.6348442089801],[-111.866940605449,40.6350661070569],[-111.86694059467,40.6350675890882],[-111.866940518313,40.6350775147427],[-111.866938771988,40.6353108210534],[-111.866938445001,40.6353543117481],[-111.86693843512,40.6353557883193],[-111.866937127173,40.6355301277922],[-111.866937108308,40.6355327250781],[-111.866936713948,40.6355853027139],[-111.86693519849,40.6357875749218],[-111.867393182978,40.6357876355931],[-111.867393072485,40.6360522340956],[-111.867392977263,40.6363243260965],[-111.867396580406,40.6363243260965],[-111.867396561541,40.6363255947295],[-111.867396522016,40.6363265995468],[-111.86739645554,40.6363276050458],[-111.867396369302,40.6363286084996],[-111.867396259708,40.6363296112718],[-111.867396125859,40.6363306119989],[-111.867395969552,40.6363316106809],[-111.867395790787,40.6363326073178],[-111.867395588666,40.6363336012279],[-111.867395364986,40.6363345924112],[-111.867395118847,40.6363355815494],[-111.867394847556,40.6363365665974],[-111.867394555603,40.6363375475553],[-111.867394240295,40.6363385251046],[-111.867393902528,40.6363394978821],[-111.8673935441,40.6363404645244],[-111.867393164113,40.6363414284398],[-111.867392758973,40.6363423855383],[-111.867392334968,40.6363433392283],[-111.867391887607,40.6363442854197],[-111.867391417788,40.6363452254757],[-111.867390929105,40.6363461600783],[-111.867390417963,40.6363470878639],[-111.867389883466,40.6363480088325],[-111.867389331002,40.6363489209391],[-111.867388757877,40.6363498275921],[-111.867388160497,40.6363507253831],[-111.867387546049,40.6363516149937],[-111.867386908245,40.636352496424],[-111.867386252475,40.636353369674],[-111.867385577841,40.6363542347437],[-111.867384882544,40.6363550902695],[-111.867384165689,40.6363559362517],[-111.867383431765,40.6363567713268],[-111.867382678079,40.6363575968581],[-111.867381907324,40.6363584142092],[-111.867381115908,40.6363592192896],[-111.867380308323,40.6363600141447],[-111.867379479178,40.6363607980927],[-111.867378634762,40.6363615711335],[-111.867377771481,40.6363623325856],[-111.86737689203,40.6363630831306],[-111.867375994613,40.6363638220867],[-111.867375081026,40.636364547409],[-111.867374152168,40.6363652618241],[-111.867373205344,40.6363659626054],[-111.86737224235,40.6363666517978],[-111.867371264085,40.6363673280381],[-111.867370270548,40.6363679913262],[-111.867369263537,40.6363686389353],[-111.867368238559,40.6363692770007],[-111.867367201903,40.6363698987055],[-111.867366149078,40.6363705060947],[-111.867365084574,40.636371101895],[-111.867364004799,40.6363716813347],[-111.867362912448,40.6363722478222],[-111.867361809316,40.6363727979491],[-111.867360691812,40.6363733337604],[-111.867359561732,40.6363738559378],[-111.867358419973,40.6363743617546],[-111.867357267434,40.6363748532558],[-111.867356103218,40.636375329078],[-111.867336310637,40.6363830751635],[-111.867303805997,40.6367855397513],[-111.867303110701,40.6367941569884],[-111.86730200218,40.6368133008707],[-111.867301104763,40.6368514263771],[-111.867300998762,40.6370230522382],[-111.867300799336,40.6373476251847],[-111.867300676266,40.6375496725518],[-111.867300546909,40.6377585190619],[-111.867829699527,40.6377587065238],[-111.868137766872,40.6377588149108],[-111.868445834218,40.6377589219345],[-111.868753899766,40.6377590289582],[-111.86906196801,40.6377591353003],[-111.869370033558,40.6377592402789],[-111.869593590995,40.6377593152637],[-111.869593212804,40.6384225541869],[-111.869593173278,40.6384889661297],[-111.868949641768,40.6384832550802],[-111.867485857674,40.6385041503752],[-111.866784496219,40.6384968462594],[-111.866602840699,40.6384967153783],[-111.866552659909,40.6384966792497],[-111.866137662502,40.6384963820406],[-111.866011557003,40.6384962913783]]]},"properties":{"PrecinctID":"MUR040","VistaID":"MUR040","CountyID":18,"SubPrecinctID":null,"AliasName":null,"VersionNbr":null}},{"type":"Feature","geometry":{"type":"Polygon","coordinates":[[[-111.88178755802,40.6308160999449],[-111.881782558895,40.6307221001199],[-111.881768555957,40.630442101482],[-111.881764556657,40.6303491005838],[-111.881780299633,40.6303491005838],[-111.88325155771,40.630349099902],[-111.88324955806,40.6300621007708],[-111.883651101399,40.6300582242936],[-111.883767558094,40.6300570993924],[-111.883839556267,40.6300561006166],[-111.883839557166,40.6299251006389],[-111.884225558752,40.6299231003562],[-111.88422455713,40.6298371010976],[-111.884223558204,40.6297641008711],[-111.884332558882,40.6297881002259],[-111.884742559859,40.6298751003714],[-111.884825558801,40.6298751010532],[-111.885687556995,40.6298771013373],[-111.885968557203,40.629877099292],[-111.886151557501,40.6298360995914],[-111.888030559987,40.6298470997962],[-111.888031558015,40.6295680996813],[-111.88809355794,40.6295670995346],[-111.88812655845,40.629560099871],[-111.888151557666,40.6295531008883],[-111.88816355826,40.6295480994719],[-111.888182559425,40.629536101116],[-111.888203559341,40.6295221004179],[-111.888225559082,40.629496100672],[-111.888233557682,40.6294860998755],[-111.888242557004,40.6294661003233],[-111.888248559547,40.6294490991652],[-111.888247557925,40.6294300997507],[-111.888564559016,40.6294251017339],[-111.888562559366,40.6292311005344],[-111.888562559366,40.6289070996781],[-111.888766558683,40.6289041005719],[-111.888767557609,40.6288131005749],[-111.888771557807,40.6285001008444],[-111.888773559254,40.6284420995657],[-111.889200557254,40.6284410994022],[-111.889233557764,40.6280740997298],[-111.889239558511,40.62803110131],[-111.889412557865,40.6280320994344],[-111.889873557997,40.6280350999433],[-111.889853669297,40.6282745566231],[-111.889848557883,40.6283360998728],[-111.889846347129,40.6283634963466],[-111.889803559474,40.6288941010503],[-111.88965855881,40.6306291002935],[-111.8896197462,40.6310955720689],[-111.889620099238,40.6310955904761],[-111.889604802725,40.6312784956196],[-111.889566578512,40.6317013259653],[-111.889566118574,40.6317090139633],[-111.889137594336,40.6316325375348],[-111.889053575806,40.6316240757505],[-111.887650437875,40.6314827579318],[-111.88671979941,40.6313881107062],[-111.885790076329,40.6312763263045],[-111.883658269955,40.6310273836346],[-111.883266034061,40.630978588161],[-111.883202541136,40.6309706894185],[-111.882660251556,40.6309032248747],[-111.88178755802,40.6308160999449]]]},"properties":{"PrecinctID":"MUR045","VistaID":"MUR045","CountyID":18,"SubPrecinctID":null,"AliasName":null,"VersionNbr":null}},{"type":"Feature","geometry":{"type":"Polygon","coordinates":[[[-111.902471627661,40.6474615299372],[-111.90247567008,40.6474278046427],[-111.902628794208,40.6457238075375],[-111.902775538502,40.6443925305919],[-111.902922281897,40.6429256748243],[-111.903017983915,40.641855765661],[-111.903094546429,40.6411537834416],[-111.903279570631,40.6402581368753],[-111.903624099696,40.6392946991185],[-111.904383339604,40.6375130307845],[-111.904581126172,40.6370240304592],[-111.904708728264,40.6366318608458],[-111.904785291676,40.6363074712038],[-111.904919275401,40.6358087798706],[-111.904995837016,40.6352471429957],[-111.905020166089,40.6347744298541],[-111.905506249879,40.6348210697149],[-111.906431373586,40.6349469554558],[-111.906999209457,40.6350728402777],[-111.90753514166,40.6352326165368],[-111.907994514944,40.6353923937769],[-111.908415605623,40.6355521706346],[-111.908798416393,40.6356635299953],[-111.909455573549,40.6358039384404],[-111.910061690228,40.6359056131725],[-111.910233952963,40.6359685557318],[-111.910199643608,40.6384248084789],[-111.910226904782,40.6414447627193],[-111.910267790704,40.645881364927],[-111.910283978345,40.6474532269228],[-111.9098969949,40.6474484810768],[-111.908988686757,40.6474484803952],[-111.907235585852,40.6474243837882],[-111.904796490973,40.6474147455519],[-111.903576944431,40.6474099260925],[-111.90322124302,40.6474532991703],[-111.902471627661,40.6474615299372]]]},"properties":{"PrecinctID":"MUR021","VistaID":"MUR021","CountyID":18,"SubPrecinctID":null,"AliasName":null,"VersionNbr":null}},{"type":"Feature","geometry":{"type":"Polygon","coordinates":[[[-111.909883599223,40.6561397635515],[-111.910120176841,40.6563090138916],[-111.910235306725,40.6565258555298],[-111.910211486098,40.6568089559247],[-111.910108266977,40.6571312055753],[-111.909488960335,40.6592995744212],[-111.911374674135,40.6596037432244],[-111.912172628738,40.659709148107],[-111.91227584696,40.6597332409592],[-111.91269268771,40.6598928532447],[-111.913200840412,40.6599801882744],[-111.913395367892,40.6599771762536],[-111.913637530336,40.6599229680332],[-111.91375266022,40.6598958645879],[-111.913887636583,40.6598928532447],[-111.913982914597,40.659904899298],[-111.915439879579,40.6600404191217],[-111.915717774311,40.6600193383994],[-111.915948030484,40.6599109226646],[-111.916321201433,40.659718182161],[-111.916813473717,40.659480269325],[-111.916968301052,40.6594290727465],[-111.917262075302,40.6593537838296],[-111.917321665945,40.6593442945116],[-111.91744633414,40.6593439871735],[-111.917426184928,40.6599479228462],[-111.91775905925,40.659616138917],[-111.917874213388,40.6595997887322],[-111.918153881394,40.6596708639302],[-111.918143380088,40.6600357791146],[-111.918557118955,40.6602777221068],[-111.91867167212,40.6603447078891],[-111.918036568604,40.6609021008035],[-111.916839569776,40.6618411011707],[-111.916420568578,40.6620071022889],[-111.91607356735,40.6620611023419],[-111.915431568366,40.6620201012835],[-111.915028568859,40.662028101974],[-111.914465568619,40.662148102676],[-111.913657567258,40.6624851019203],[-111.913324567173,40.6626761029279],[-111.913142567598,40.6627821026089],[-111.912859566842,40.6630731013814],[-111.912440567441,40.6636571018852],[-111.912265568437,40.6638071023024],[-111.911986566981,40.6639491019231],[-111.911523567199,40.6640321033178],[-111.911018566685,40.6639531031749],[-111.910954567111,40.6639431027706],[-111.910604568205,40.6638621025752],[-111.910329567846,40.663818103042],[-111.910204568172,40.6638141017821],[-111.909895567477,40.6638071029838],[-111.909544567848,40.6640331022667],[-111.909510272865,40.664075257079],[-111.90887256693,40.6648591031897],[-111.908691566282,40.6650821027898],[-111.908356567444,40.6653051030071],[-111.908340566653,40.6653171031107],[-111.908136566438,40.6655471032029],[-111.908139568608,40.6658401027462],[-111.908209566233,40.6660341024868],[-111.9083465665,40.6661671023446],[-111.908418567369,40.6662381037688],[-111.908477568717,40.6667081036126],[-111.908502483491,40.6668984697437],[-111.908502567933,40.666899103429],[-111.908502619137,40.6668995340624],[-111.908396361913,40.666918977294],[-111.906384728565,40.6672870266841],[-111.906340808134,40.6667136623424],[-111.906328899168,40.6663131655083],[-111.90629714013,40.6659999940984],[-111.906174071834,40.6656416515706],[-111.905995424772,40.6652893306798],[-111.905852506403,40.6649249600577],[-111.905765168598,40.6644762722743],[-111.905729439006,40.6642594557978],[-111.905709588035,40.663699342112],[-111.905618280575,40.6633379760355],[-111.905479333658,40.6630067213973],[-111.90524447272,40.6626504104704],[-111.905046293589,40.6624210606924],[-111.904522582965,40.6619888576274],[-111.90421689885,40.6617118037812],[-111.904034280336,40.6613775291093],[-111.903953890999,40.6611533627626],[-111.903907242385,40.6605072066851],[-111.903978700671,40.6599109206202],[-111.904137498558,40.6595796503254],[-111.904312175067,40.659311621263],[-111.904582131386,40.6590706955968],[-111.904899723569,40.6588568729389],[-111.906066883956,40.658224435109],[-111.906868807315,40.6578058179957],[-111.907710432617,40.6573721382461],[-111.908222554075,40.6571161482342],[-111.908956988804,40.6568420835863],[-111.909258704162,40.6566975241663],[-111.909667605601,40.656402376615],[-111.909871560001,40.6561748044922],[-111.909883599223,40.6561397635515]]]},"properties":{"PrecinctID":"MUR003","VistaID":"MUR003","CountyID":18,"SubPrecinctID":null,"AliasName":null,"VersionNbr":null}},{"type":"Feature","geometry":{"type":"Polygon","coordinates":[[[-111.835884530045,40.6403727214662],[-111.835388549516,40.6398891053724],[-111.835321688808,40.6398038455979],[-111.834912550213,40.6392821053762],[-111.834784547472,40.6390671047782],[-111.834486671513,40.6385357329132],[-111.834474548749,40.6385141068757],[-111.834477817718,40.638473009546],[-111.834489806634,40.6383223229832],[-111.834484666474,40.6383095429605],[-111.834430030938,40.6381673128948],[-111.834430066871,40.6381673047147],[-111.834409560129,40.638113928143],[-111.834368129828,40.6380062532443],[-111.83436705724,40.6380015619424],[-111.834366661981,40.6379998338909],[-111.834343422565,40.6378981534864],[-111.834334224715,40.6378579126474],[-111.834330774286,40.6378428168731],[-111.834296791018,40.6377294522368],[-111.834276334583,40.6376306883332],[-111.834277467358,40.6375351452305],[-111.834266152179,40.6372154840558],[-111.834265323932,40.6368816933564],[-111.834268966601,40.6348250604428],[-111.834270466787,40.6346831433577],[-111.834267466414,40.6346351433862],[-111.834261466567,40.634494143483],[-111.834259467815,40.6344471434491],[-111.8342424663,40.634178142198],[-111.83424046665,40.6341451430368],[-111.834222468005,40.6337581437238],[-111.834199467541,40.63352314336],[-111.834159467358,40.6332431435146],[-111.834155019799,40.6332057842531],[-111.834140351208,40.6330825601015],[-111.834123797054,40.6329434828035],[-111.834125546972,40.632943104444],[-111.83453054613,40.6328541046922],[-111.834870547685,40.6327631039423],[-111.835211548167,40.6326731038504],[-111.83593854754,40.6324911051421],[-111.836613547933,40.6323331050595],[-111.837105547129,40.6322091041633],[-111.83768854746,40.6320631047262],[-111.83785054874,40.6320221050044],[-111.837987549008,40.6319881046672],[-111.838242548377,40.6319241030231],[-111.838269548142,40.6319161041767],[-111.838314548347,40.6319031054528],[-111.838984547819,40.6317141045261],[-111.839520549193,40.6315681040066],[-111.83960654761,40.6315451040451],[-111.839942548967,40.6314681045313],[-111.840205549631,40.6314071047915],[-111.840425548841,40.6313581043901],[-111.840995547855,40.6312211028266],[-111.841258548519,40.6311581053424],[-111.841517549883,40.6310991042034],[-111.841750547715,40.6310481040088],[-111.841879159515,40.6310247609487],[-111.842027620488,40.6309978196113],[-111.842301549158,40.6309481030729],[-111.842402548542,40.6309301035294],[-111.842564548924,40.6309071040299],[-111.842747548323,40.6308801033327],[-111.842941550289,40.630852103179],[-111.842974346881,40.6308492793699],[-111.843301548342,40.6308211039933],[-111.843487549013,40.6308061034365],[-111.84439454921,40.6307501037369],[-111.844587549553,40.630746103221],[-111.845048549686,40.6307371034226],[-111.845166549687,40.6307371034226],[-111.845360549855,40.6307391036809],[-111.84553154956,40.63074010381],[-111.846044548672,40.6307431035155],[-111.846215550173,40.6307451037737],[-111.846394549375,40.6307461045845],[-111.84693454915,40.6307501044187],[-111.847114549075,40.6307521039949],[-111.847182550644,40.6307521033131],[-111.84738854961,40.6307531034421],[-111.847457551004,40.6307541028892],[-111.847939549256,40.6307581040865],[-111.848027549119,40.630756103147],[-111.849335549174,40.6307421027047],[-111.849738551376,40.6307241031057],[-111.850308549492,40.6306991032758],[-111.850922551582,40.6306711030461],[-111.852087550623,40.6306191023937],[-111.852764550665,40.6305571037916],[-111.853133630686,40.6305239883063],[-111.85328386224,40.6305105086751],[-111.853377551134,40.6305021026524],[-111.853456550777,40.6304941022722],[-111.853529545182,40.6304876058401],[-111.853647550572,40.6304771034212],[-111.854316552016,40.6304171042735],[-111.854459551232,40.6304071029331],[-111.854717947132,40.630391903211],[-111.854717341668,40.6305295882291],[-111.854713192349,40.6314754571382],[-111.854574234653,40.6314754503208],[-111.854574725133,40.6314422412102],[-111.854575246156,40.6314070004845],[-111.854575560566,40.631385710965],[-111.853998189079,40.6313851567065],[-111.853993721757,40.6313851798859],[-111.8535452118,40.6313874780472],[-111.853426532673,40.6313880854817],[-111.853423672437,40.6309620046184],[-111.853423577216,40.630948062168],[-111.853402493756,40.6309498872104],[-111.853364549817,40.6309531732411],[-111.853306807907,40.6309581718254],[-111.853056705254,40.6309901315314],[-111.852311688371,40.6310853274463],[-111.851872485859,40.6311414461704],[-111.851496151942,40.6311435493605],[-111.850268611293,40.6311503995556],[-111.849883665227,40.631151630109],[-111.84988371733,40.6311826182333],[-111.849862363477,40.6311826373222],[-111.849666921512,40.6311884948901],[-111.849377210342,40.6311958911596],[-111.849046809082,40.6312024563792],[-111.849035962823,40.631448237831],[-111.849121899256,40.6314549720984],[-111.849207276039,40.6314650196404],[-111.849291875779,40.6314783518222],[-111.849378863242,40.631495689245],[-111.849537911759,40.6315308317527],[-111.849883521497,40.6316072005825],[-111.84988220816,40.6320136146365],[-111.849882114735,40.6320419497182],[-111.849881434711,40.6322527495873],[-111.849881435609,40.6322528900248],[-111.849880752889,40.6324638269381],[-111.849880662159,40.6324918864085],[-111.849880071966,40.6326747665936],[-111.849879891405,40.6327310210099],[-111.849879391043,40.6328857042193],[-111.849879119752,40.6329701561184],[-111.849878708324,40.6330966425421],[-111.849878345404,40.6332092903703],[-111.849878028299,40.6333075822436],[-111.849877551294,40.6334552628168],[-111.849877500988,40.6334709315491],[-111.849877347376,40.6335185199154],[-111.849876666453,40.6337294582841],[-111.849876359229,40.6338242617134],[-111.849875848986,40.6339820892013],[-111.849875124046,40.6342065499866],[-111.849874770109,40.6343161875351],[-111.849873941863,40.6345726794951],[-111.849873812505,40.6346126537198],[-111.850176838505,40.6346133763342],[-111.850457827034,40.6346140430483],[-111.850738818259,40.6346147111257],[-111.851019806788,40.6346153785215],[-111.85120865422,40.6346158270878],[-111.851300798012,40.6346160445539],[-111.85174901422,40.6346171073424],[-111.851749020508,40.6346227103305],[-111.852123098755,40.6346235379285],[-111.85212284543,40.6344107276714],[-111.85212269631,40.6342859991534],[-111.852125786515,40.6342859971082],[-111.852154292754,40.6342859773385],[-111.852418850198,40.634285791912],[-111.852479154103,40.6342857510091],[-111.852702249806,40.6342855969415],[-111.852846190457,40.6342854946842],[-111.853084017632,40.634138507208],[-111.853091217629,40.6341340576437],[-111.853307854444,40.6340001635928],[-111.853400222815,40.6339430751405],[-111.853401955665,40.6339420034789],[-111.85338191515,40.6338214871138],[-111.853446635172,40.6337777984035],[-111.853643090437,40.6336451757307],[-111.853659270892,40.6336342525044],[-111.85387903115,40.6335292488696],[-111.854181202852,40.6333848686874],[-111.854545391546,40.6332108535681],[-111.854705573738,40.6332103395467],[-111.854698894763,40.6347313389458],[-111.854042320614,40.6347241918923],[-111.849890808631,40.6346867830128],[-111.845186130265,40.6346909400862],[-111.841237262938,40.6346743151995],[-111.839857076963,40.6346743138361],[-111.839785879188,40.6352686657906],[-111.83974206386,40.6355554482584],[-111.839654431408,40.6357175425075],[-111.839637999425,40.6359087298981],[-111.839462738113,40.6358921039512],[-111.839292953829,40.6359336671064],[-111.839117692517,40.6360458840874],[-111.839013632573,40.6361830407217],[-111.838986244737,40.6364116319865],[-111.838997199691,40.6366651600853],[-111.838953385262,40.6379577239533],[-111.838942430307,40.6383442415208],[-111.838871230736,40.638522953613],[-111.838882183894,40.6393749438662],[-111.838887660922,40.6396243053089],[-111.838947907335,40.6396658647771],[-111.83921627723,40.6396949566621],[-111.839292953829,40.6397531403941],[-111.839287476801,40.6402477068853],[-111.837385273525,40.6402477027953],[-111.83705152155,40.6402736772234],[-111.836854695281,40.6403710841358],[-111.836615077764,40.6405139441238],[-111.836592954953,40.6405284551188],[-111.836305918067,40.6407167167258],[-111.836264911771,40.6407436098345],[-111.835884530045,40.6403727214662]]]},"properties":{"PrecinctID":"MUR035","VistaID":"MUR035","CountyID":18,"SubPrecinctID":null,"AliasName":null,"VersionNbr":null}}]}