candidate,office,seat,election_year,filing_date,reporting_period,date,vendor_raw,vendor_normalized,purpose,amount,in_kind,is_incremental,source_filing,document_id,line_no,extraction_confidence,extract_method,needs_review
Aileen Hampton,Council,3,2021,2021-11-30,2021 cycle filing (state LG tree; single per-candidate file),,SSL Recorder,Ssl Recorder,Filing Fee,25.00,False,True,raw/2021_state_hampton-aileen.pdf,8c946605,v1,medium,vision_cache/vision,0
Aileen Hampton,Council,3,2021,2021-11-30,2021 cycle filing (state LG tree; single per-candidate file),,SL County Clerk,SL County Clerk,List of Registered Voters,15.00,False,True,raw/2021_state_hampton-aileen.pdf,8c946605,v2,medium,vision_cache/vision,0
Aileen Hampton,Council,3,2021,2021-11-30,2021 cycle filing (state LG tree; single per-candidate file),,Smith's Marketplace,Smith's Marketplace,Paper and Office Supplies,31.44,False,True,raw/2021_state_hampton-aileen.pdf,8c946605,v3,medium,vision_cache/vision,0
Aileen Hampton,Council,3,2021,2021-11-30,2021 cycle filing (state LG tree; single per-candidate file),,Jessica Davis,Jessica Davis,Photo Session,30.00,False,True,raw/2021_state_hampton-aileen.pdf,8c946605,v4,medium,vision_cache/vision,0
Aileen Hampton,Council,3,2021,2021-11-30,2021 cycle filing (state LG tree; single per-candidate file),,Cartridge World,Cartridge World,Ink Cartridges,33.23,False,True,raw/2021_state_hampton-aileen.pdf,8c946605,v5,medium,vision_cache/vision,0
Aileen Hampton,Council,3,2021,2021-11-30,2021 cycle filing (state LG tree; single per-candidate file),,Cartridge World,Cartridge World,Ink Cartridge,13.93,False,True,raw/2021_state_hampton-aileen.pdf,8c946605,v6,medium,vision_cache/vision,0
Aileen Hampton,Council,3,2021,2021-11-30,2021 cycle filing (state LG tree; single per-candidate file),,Dollar Tree,Dollar Tree,Sign Supplies,15.09,False,True,raw/2021_state_hampton-aileen.pdf,8c946605,v7,medium,vision_cache/vision,0
Aileen Hampton,Council,3,2021,2021-11-30,2021 cycle filing (state LG tree; single per-candidate file),,Smith's Marketplace,Smith's Marketplace,Sign Supplies,9.74,False,True,raw/2021_state_hampton-aileen.pdf,8c946605,v8,medium,vision_cache/vision,0
Aileen Hampton,Council,3,2021,2021-11-30,2021 cycle filing (state LG tree; single per-candidate file),,Hobby Lobby,Hobby Lobby,Sign Supplies,21.40,False,True,raw/2021_state_hampton-aileen.pdf,8c946605,v9,medium,vision_cache/vision,0
Aileen Hampton,Council,3,2021,2021-11-30,2021 cycle filing (state LG tree; single per-candidate file),,Renaissance Signs,Renaissance Signs,Signs and stands,368.53,False,True,raw/2021_state_hampton-aileen.pdf,8c946605,v10,medium,vision_cache/vision,0
Aileen Hampton,Council,3,2021,2021-11-30,2021 cycle filing (state LG tree; single per-candidate file),,Cartridge World,Cartridge World,Ink Cartridge,27.86,False,True,raw/2021_state_hampton-aileen.pdf,8c946605,v11,medium,vision_cache/vision,0
Aileen Hampton,Council,3,2021,2021-11-30,2021 cycle filing (state LG tree; single per-candidate file),,AMT Printing,Amt Printing,Flyers,334.03,False,True,raw/2021_state_hampton-aileen.pdf,8c946605,v12,medium,vision_cache/vision,0
Aileen Hampton,Council,3,2021,2021-11-30,2021 cycle filing (state LG tree; single per-candidate file),,Cartridge World,Cartridge World,Ink Cartridge,9.64,False,True,raw/2021_state_hampton-aileen.pdf,8c946605,v13,medium,vision_cache/vision,0
Aileen Hampton,Council,3,2021,2021-11-30,2021 cycle filing (state LG tree; single per-candidate file),,Ray Patterson,Ray Patterson,In kind -- Zipties,14.00,True,True,raw/2021_state_hampton-aileen.pdf,8c946605,v14,medium,vision_cache/vision,0
Aileen Hampton,Council,3,2021,2021-11-30,2021 cycle filing (state LG tree; single per-candidate file),,Renaissance Signs,Renaissance Signs,Decals,53.10,False,True,raw/2021_state_hampton-aileen.pdf,8c946605,v15,medium,vision_cache/vision,0
Aileen Hampton,Council,3,2021,2021-11-30,2021 cycle filing (state LG tree; single per-candidate file),,Dollar Tree,Dollar Tree,Envelopes,2.16,False,True,raw/2021_state_hampton-aileen.pdf,8c946605,v16,medium,vision_cache/vision,0
Cherie Wood,Mayor,,2021,2021-11-30,2021 cycle filing (state LG tree; single per-candidate file),,Mattie Moffat,Mattie Moffat,Haircut for photo shoot,125.00,False,True,raw/2021_state_wood-cherie.pdf,84ece4b9,v1,low,vision_cache/vision,1
Cherie Wood,Mayor,,2021,2021-11-30,2021 cycle filing (state LG tree; single per-candidate file),,Nyna Nilsen,Nyna Nilsen,Hair style/makeup for photo shoot,300.00,False,True,raw/2021_state_wood-cherie.pdf,84ece4b9,v2,low,vision_cache/vision,1
Cherie Wood,Mayor,,2021,2021-11-30,2021 cycle filing (state LG tree; single per-candidate file),,Fund Hero,Fund Hero,Fundhero fee,1.53,False,True,raw/2021_state_wood-cherie.pdf,84ece4b9,v3,low,vision_cache/vision,1
Cherie Wood,Mayor,,2021,2021-11-30,2021 cycle filing (state LG tree; single per-candidate file),,City of SSL,City of Ssl,Purchase of cell phone,649.99,False,True,raw/2021_state_wood-cherie.pdf,84ece4b9,v4,low,vision_cache/vision,1
Cherie Wood,Mayor,,2021,2021-11-30,2021 cycle filing (state LG tree; single per-candidate file),,Landslide Political,Landslide Political,FB ads for Apr - June,524.95,False,True,raw/2021_state_wood-cherie.pdf,84ece4b9,v5,low,vision_cache/vision,1
Cherie Wood,Mayor,,2021,2021-11-30,2021 cycle filing (state LG tree; single per-candidate file),,Fund Hero,Fund Hero,Fundhero fee,5.20,False,True,raw/2021_state_wood-cherie.pdf,84ece4b9,v6,low,vision_cache/vision,1
Cherie Wood,Mayor,,2021,2021-11-30,2021 cycle filing (state LG tree; single per-candidate file),,Harbor Freight,Harbor Freight,Political sign supplies,82.23,False,True,raw/2021_state_wood-cherie.pdf,84ece4b9,v7,low,vision_cache/vision,1
Cherie Wood,Mayor,,2021,2021-11-30,2021 cycle filing (state LG tree; single per-candidate file),,Fund Hero,Fund Hero,Fundhero fee,1.53,False,True,raw/2021_state_wood-cherie.pdf,84ece4b9,v8,low,vision_cache/vision,1
Cherie Wood,Mayor,,2021,2021-11-30,2021 cycle filing (state LG tree; single per-candidate file),,Landslide Political,Landslide Political,FB ads for July,192.04,False,True,raw/2021_state_wood-cherie.pdf,84ece4b9,v9,low,vision_cache/vision,1
Cherie Wood,Mayor,,2021,2021-11-30,2021 cycle filing (state LG tree; single per-candidate file),,Fund Hero,Fund Hero,Fundhero fee,1.53,False,True,raw/2021_state_wood-cherie.pdf,84ece4b9,v10,low,vision_cache/vision,1
Cherie Wood,Mayor,,2021,2021-11-30,2021 cycle filing (state LG tree; single per-candidate file),,City of SSL,City of Ssl,Filing fee,25.00,False,True,raw/2021_state_wood-cherie.pdf,84ece4b9,v11,low,vision_cache/vision,1
Cherie Wood,Mayor,,2021,2021-11-30,2021 cycle filing (state LG tree; single per-candidate file),,Fund Hero,Fund Hero,Fundhero fee,5.20,False,True,raw/2021_state_wood-cherie.pdf,84ece4b9,v12,low,vision_cache/vision,1
Cherie Wood,Mayor,,2021,2021-11-30,2021 cycle filing (state LG tree; single per-candidate file),,Fund Hero,Fund Hero,Fundhero fee,5.20,False,True,raw/2021_state_wood-cherie.pdf,84ece4b9,v13,low,vision_cache/vision,1
Cherie Wood,Mayor,,2021,2021-11-30,2021 cycle filing (state LG tree; single per-candidate file),,Chevron,Chevron,Fuel for sign crew,38.98,False,True,raw/2021_state_wood-cherie.pdf,84ece4b9,v14,low,vision_cache/vision,1
Cherie Wood,Mayor,,2021,2021-11-30,2021 cycle filing (state LG tree; single per-candidate file),,Fund Hero,Fund Hero,Fundhero fee,5.20,False,True,raw/2021_state_wood-cherie.pdf,84ece4b9,v15,low,vision_cache/vision,1
Cherie Wood,Mayor,,2021,2021-11-30,2021 cycle filing (state LG tree; single per-candidate file),,Fund Hero,Fund Hero,Fundhero fee,5.20,False,True,raw/2021_state_wood-cherie.pdf,84ece4b9,v16,low,vision_cache/vision,1
Cherie Wood,Mayor,,2021,2021-11-30,2021 cycle filing (state LG tree; single per-candidate file),,Landslide Political,Landslide Political,FB ads for August,644.34,False,True,raw/2021_state_wood-cherie.pdf,84ece4b9,v17,low,vision_cache/vision,1
Cherie Wood,Mayor,,2021,2021-11-30,2021 cycle filing (state LG tree; single per-candidate file),,Home Depot,Home Depot,Political sign supplies,246.13,False,True,raw/2021_state_wood-cherie.pdf,84ece4b9,v18,low,vision_cache/vision,1
Cherie Wood,Mayor,,2021,2021-11-30,2021 cycle filing (state LG tree; single per-candidate file),,Fund Hero,Fund Hero,Fundhero fee,5.20,False,True,raw/2021_state_wood-cherie.pdf,84ece4b9,v19,low,vision_cache/vision,1
Cherie Wood,Mayor,,2021,2021-11-30,2021 cycle filing (state LG tree; single per-candidate file),,Fund Hero,Fund Hero,Fundhero fee,5.20,False,True,raw/2021_state_wood-cherie.pdf,84ece4b9,v20,low,vision_cache/vision,1
Cherie Wood,Mayor,,2021,2021-11-30,2021 cycle filing (state LG tree; single per-candidate file),,Fund Hero,Fund Hero,Fundhero fee,49.30,False,True,raw/2021_state_wood-cherie.pdf,84ece4b9,v21,low,vision_cache/vision,1
Cherie Wood,Mayor,,2021,2021-11-30,2021 cycle filing (state LG tree; single per-candidate file),,Fund Hero,Fund Hero,Fundhero fee,10.10,False,True,raw/2021_state_wood-cherie.pdf,84ece4b9,v22,low,vision_cache/vision,1
Cherie Wood,Mayor,,2021,2021-11-30,2021 cycle filing (state LG tree; single per-candidate file),,City Journals,City Journals,October advertisement in Journal,500.00,False,True,raw/2021_state_wood-cherie.pdf,84ece4b9,v23,low,vision_cache/vision,1
Cherie Wood,Mayor,,2021,2021-11-30,2021 cycle filing (state LG tree; single per-candidate file),,Fund Hero,Fund Hero,Fundhero fee,5.20,False,True,raw/2021_state_wood-cherie.pdf,84ece4b9,v24,low,vision_cache/vision,1
Cherie Wood,Mayor,,2021,2021-11-30,2021 cycle filing (state LG tree; single per-candidate file),,Fund Hero,Fund Hero,Fundhero fee,24.80,False,True,raw/2021_state_wood-cherie.pdf,84ece4b9,v25,low,vision_cache/vision,1
Cherie Wood,Mayor,,2021,2021-11-30,2021 cycle filing (state LG tree; single per-candidate file),,Landslide Political,Landslide Political,FB ads for September,102.19,False,True,raw/2021_state_wood-cherie.pdf,84ece4b9,v26,low,vision_cache/vision,1
Cherie Wood,Mayor,,2021,2021-11-30,2021 cycle filing (state LG tree; single per-candidate file),,Office Depot,Office Depot,Turf lists for canvassing,166.40,False,True,raw/2021_state_wood-cherie.pdf,84ece4b9,v27,low,vision_cache/vision,1
Cherie Wood,Mayor,,2021,2021-11-30,2021 cycle filing (state LG tree; single per-candidate file),,Delice Bakery,Delice Bakery,Meet the Candidates Night supplies,92.18,False,True,raw/2021_state_wood-cherie.pdf,84ece4b9,v28,low,vision_cache/vision,1
Cherie Wood,Mayor,,2021,2021-11-30,2021 cycle filing (state LG tree; single per-candidate file),,Zurchers,Zurchers,Meet the Candidates Night supplies,39.17,False,True,raw/2021_state_wood-cherie.pdf,84ece4b9,v29,low,vision_cache/vision,1
Cherie Wood,Mayor,,2021,2021-11-30,2021 cycle filing (state LG tree; single per-candidate file),,Landslide Political,Landslide Political,Campaign support for Sept 2021,4415.01,False,True,raw/2021_state_wood-cherie.pdf,84ece4b9,v30,low,vision_cache/vision,1
Cherie Wood,Mayor,,2021,2021-11-30,2021 cycle filing (state LG tree; single per-candidate file),,Office Depot,Office Depot,Canvassing supplies,19.90,False,True,raw/2021_state_wood-cherie.pdf,84ece4b9,v31,low,vision_cache/vision,1
Cherie Wood,Mayor,,2021,2021-11-30,2021 cycle filing (state LG tree; single per-candidate file),,Fund Hero,Fund Hero,Fundhero fee,24.80,False,True,raw/2021_state_wood-cherie.pdf,84ece4b9,v32,low,vision_cache/vision,1
Cherie Wood,Mayor,,2021,2021-11-30,2021 cycle filing (state LG tree; single per-candidate file),,Office Depot,Office Depot,Laser printer ink cartridges,324.38,False,True,raw/2021_state_wood-cherie.pdf,84ece4b9,v33,low,vision_cache/vision,1
Cherie Wood,Mayor,,2021,2021-11-30,2021 cycle filing (state LG tree; single per-candidate file),,Alpha Graphics,Alpha Graphics,*IN-KIND* Signs and banners,550.00,True,True,raw/2021_state_wood-cherie.pdf,84ece4b9,v34,low,vision_cache/vision,1
Cherie Wood,Mayor,,2021,2021-11-30,2021 cycle filing (state LG tree; single per-candidate file),,Fund Hero,Fund Hero,Fundhero fee,24.80,False,True,raw/2021_state_wood-cherie.pdf,84ece4b9,v35,low,vision_cache/vision,1
Cherie Wood,Mayor,,2021,2021-11-30,2021 cycle filing (state LG tree; single per-candidate file),,Delice Bakery,Delice Bakery,Seniors Meet the Candidates event,106.01,False,True,raw/2021_state_wood-cherie.pdf,84ece4b9,v36,low,vision_cache/vision,1
Cherie Wood,Mayor,,2021,2021-11-30,2021 cycle filing (state LG tree; single per-candidate file),,Home Depot,Home Depot,Sign supplies,69.73,False,True,raw/2021_state_wood-cherie.pdf,84ece4b9,v37,low,vision_cache/vision,1
Cherie Wood,Mayor,,2021,2021-11-30,2021 cycle filing (state LG tree; single per-candidate file),,Home Depot,Home Depot,Sign supplies,303.04,False,True,raw/2021_state_wood-cherie.pdf,84ece4b9,v38,low,vision_cache/vision,1
Cherie Wood,Mayor,,2021,2021-11-30,2021 cycle filing (state LG tree; single per-candidate file),,Puy Alejando,Puy Alejando,*In KIND* Campaign support,500.00,True,True,raw/2021_state_wood-cherie.pdf,84ece4b9,v39,low,vision_cache/vision,1
Cherie Wood,Mayor,,2021,2021-11-30,2021 cycle filing (state LG tree; single per-candidate file),,Brotherton Allison,Brotherton Allison,Volunteer supplies,100.00,False,True,raw/2021_state_wood-cherie.pdf,84ece4b9,v40,low,vision_cache/vision,1
Clarissa Williams,Council,At-Large,2021,2021-11-30,2021 cycle filing (state LG tree; single per-candidate file),2021-09-21,Alpha Graphics,Alpha Graphics,Political Yard Signs,299.29,False,True,raw/2021_state_williams-clarissa.pdf,50ee4e19,v1,medium,vision_cache/vision,0
Clarissa Williams,Council,At-Large,2021,2021-11-30,2021 cycle filing (state LG tree; single per-candidate file),2021-09-30,OFFICE DEPOT,Office Depot,Literature Print,32.76,False,True,raw/2021_state_williams-clarissa.pdf,50ee4e19,v2,medium,vision_cache/vision,0
Clarissa Williams,Council,At-Large,2021,2021-11-30,2021 cycle filing (state LG tree; single per-candidate file),2021-10-01,OFFICE DEPOT,Office Depot,Literature Print,144.79,False,True,raw/2021_state_williams-clarissa.pdf,50ee4e19,v3,medium,vision_cache/vision,0
Clarissa Williams,Council,At-Large,2021,2021-11-30,2021 cycle filing (state LG tree; single per-candidate file),2021-10-14,Landslide Political,Landslide Political,Campaign Logo/Voter List,127.50,False,True,raw/2021_state_williams-clarissa.pdf,50ee4e19,v4,medium,vision_cache/vision,0
Clarissa Williams,Council,At-Large,2021,2021-11-30,2021 cycle filing (state LG tree; single per-candidate file),2021-10-16,OFFICE DEPOT,Office Depot,Literature Print,114.32,False,True,raw/2021_state_williams-clarissa.pdf,50ee4e19,v5,medium,vision_cache/vision,0
Clarissa Williams,Council,At-Large,2021,2021-11-30,2021 cycle filing (state LG tree; single per-candidate file),2021-10-16,OFFICE DEPOT,Office Depot,Literature Print,90.69,False,True,raw/2021_state_williams-clarissa.pdf,50ee4e19,v6,medium,vision_cache/vision,0
Clarissa Williams,Council,At-Large,2021,2021-11-30,2021 cycle filing (state LG tree; single per-candidate file),2021-10-16,SITE123.COM,SITE123.COM,Website,70.00,False,True,raw/2021_state_williams-clarissa.pdf,50ee4e19,v7,medium,vision_cache/vision,0
Clarissa Williams,Council,At-Large,2021,2021-11-30,2021 cycle filing (state LG tree; single per-candidate file),2021-10-20,OFFICE DEPOT,Office Depot,Literature Print,191.12,False,True,raw/2021_state_williams-clarissa.pdf,50ee4e19,v8,medium,vision_cache/vision,0
Corey Thomas,Council,2,2021,2021-11-30,2021 cycle filing (state LG tree; single per-candidate file),2021-06-29,Zurchers,Zurchers,4th of July stuff,62.78,False,True,raw/2021_state_thomas-corey.pdf,15251f60,v1,medium,vision_cache/vision,0
Corey Thomas,Council,2,2021,2021-11-30,2021 cycle filing (state LG tree; single per-candidate file),2021-06-29,Dollar Tree,Dollar Tree,4th of July stuff,25.75,False,True,raw/2021_state_thomas-corey.pdf,15251f60,v2,medium,vision_cache/vision,0
Corey Thomas,Council,2,2021,2021-11-30,2021 cycle filing (state LG tree; single per-candidate file),2021-06-29,Walmart,Walmart,4th of July candy,37.49,False,True,raw/2021_state_thomas-corey.pdf,15251f60,v3,medium,vision_cache/vision,0
Corey Thomas,Council,2,2021,2021-11-30,2021 cycle filing (state LG tree; single per-candidate file),2021-08-24,Union Print Shop,Union Print Shop,Fliers,190.00,False,True,raw/2021_state_thomas-corey.pdf,15251f60,v4,medium,vision_cache/vision,0
Corey Thomas,Council,2,2021,2021-11-30,2021 cycle filing (state LG tree; single per-candidate file),2021-08-05,Union Print Shop,Union Print Shop,Fliers,373.98,False,True,raw/2021_state_thomas-corey.pdf,15251f60,v5,medium,vision_cache/vision,0
Corey Thomas,Council,2,2021,2021-11-30,2021 cycle filing (state LG tree; single per-candidate file),2021-08-11,SSL Recorder,Ssl Recorder,Filing Fee,25.00,False,True,raw/2021_state_thomas-corey.pdf,15251f60,v6,medium,vision_cache/vision,0
Corey Thomas,Council,2,2021,2021-11-30,2021 cycle filing (state LG tree; single per-candidate file),2021-08-15,Office Depot,Office Depot,Supplies,28.42,False,True,raw/2021_state_thomas-corey.pdf,15251f60,v7,medium,vision_cache/vision,0
Corey Thomas,Council,2,2021,2021-11-30,2021 cycle filing (state LG tree; single per-candidate file),2021-08-12,Signs on The Cheap,Signs on The Cheap,Lawn Signs,415.56,False,True,raw/2021_state_thomas-corey.pdf,15251f60,v8,medium,vision_cache/vision,0
Corey Thomas,Council,2,2021,2021-11-30,2021 cycle filing (state LG tree; single per-candidate file),2021-09-04,Chevron,Chevron,Water for volunteer,4.12,False,True,raw/2021_state_thomas-corey.pdf,15251f60,v9,medium,vision_cache/vision,0
Corey Thomas,Council,2,2021,2021-11-30,2021 cycle filing (state LG tree; single per-candidate file),2021-09-14,Office Depot,Office Depot,Supplies,40.69,False,True,raw/2021_state_thomas-corey.pdf,15251f60,v10,medium,vision_cache/vision,0
Corey Thomas,Council,2,2021,2021-11-30,2021 cycle filing (state LG tree; single per-candidate file),2021-09-15,SL County,SL County,Voter List,15.00,False,True,raw/2021_state_thomas-corey.pdf,15251f60,v11,medium,vision_cache/vision,0
Corey Thomas,Council,2,2021,2021-11-30,2021 cycle filing (state LG tree; single per-candidate file),2021-10-05,Harmons,Harmons,Candy,13.89,False,True,raw/2021_state_thomas-corey.pdf,15251f60,v12,medium,vision_cache/vision,0
Corey Thomas,Council,2,2021,2021-11-30,2021 cycle filing (state LG tree; single per-candidate file),2021-10-05,Zurchers,Zurchers,Decorations,12.10,False,True,raw/2021_state_thomas-corey.pdf,15251f60,v13,medium,vision_cache/vision,0
Corey Thomas,Council,2,2021,2021-11-30,2021 cycle filing (state LG tree; single per-candidate file),2021-10-20,Union Print Shop,Union Print Shop,Mailer,860.00,False,True,raw/2021_state_thomas-corey.pdf,15251f60,v14,medium,vision_cache/vision,0
Corey Thomas,Council,2,2021,2021-11-30,2021 cycle filing (state LG tree; single per-candidate file),2021-10-20,Jorge Roble,Jorge Roble,Graphic Design,200.00,False,True,raw/2021_state_thomas-corey.pdf,15251f60,v15,medium,vision_cache/vision,0
Corey Thomas,Council,2,2021,2021-11-30,2021 cycle filing (state LG tree; single per-candidate file),,Reagan outdoor,Reagan outdoor,Billboard,696.00,True,True,raw/2021_state_thomas-corey.pdf,15251f60,v16,medium,vision_cache/vision,0
Corey Thomas,Council,2,2021,2021-11-30,2021 cycle filing (state LG tree; single per-candidate file),,Reagan outdoor,Reagan outdoor,Billboard,1500.00,True,True,raw/2021_state_thomas-corey.pdf,15251f60,v17,medium,vision_cache/vision,0
Corey Thomas,Council,2,2021,2021-11-30,2021 cycle filing (state LG tree; single per-candidate file),,Jorge Roble,Jorge Roble,Campaign manager,350.00,True,True,raw/2021_state_thomas-corey.pdf,15251f60,v18,medium,vision_cache/vision,0
Jake Christensen,Mayor,,2021,2021-11-30,2021 cycle filing (state LG tree; single per-candidate file),2021-01-03,Salt Lake County,Salt Lake County,Voter data (Jake Christensen in kind),15.00,True,True,raw/2021_state_christensen-jake.pdf,d336fdd6,v1,medium,vision_cache/vision,0
Jake Christensen,Mayor,,2021,2021-11-30,2021 cycle filing (state LG tree; single per-candidate file),2021-02-22,Chase Busath,Chase Busath,Videography (Jake Christensen in kind),285.00,True,True,raw/2021_state_christensen-jake.pdf,d336fdd6,v2,medium,vision_cache/vision,0
Jake Christensen,Mayor,,2021,2021-11-30,2021 cycle filing (state LG tree; single per-candidate file),2021-03-03,Chase Busath,Chase Busath,Videography (Jake Christensen in kind),285.00,True,True,raw/2021_state_christensen-jake.pdf,d336fdd6,v3,medium,vision_cache/vision,0
Jake Christensen,Mayor,,2021,2021-11-30,2021 cycle filing (state LG tree; single per-candidate file),2021-03-15,Office Depot,Office Depot,Poster Board (Jake Christensen in kind),8.26,True,True,raw/2021_state_christensen-jake.pdf,d336fdd6,v4,medium,vision_cache/vision,0
Jake Christensen,Mayor,,2021,2021-11-30,2021 cycle filing (state LG tree; single per-candidate file),2021-03-19,Chase Busath,Chase Busath,Videography (Jake Christensen in kind),285.00,True,True,raw/2021_state_christensen-jake.pdf,d336fdd6,v5,medium,vision_cache/vision,0
Jake Christensen,Mayor,,2021,2021-11-30,2021 cycle filing (state LG tree; single per-candidate file),2021-05-05,Act Blue,Act Blue,Donation Portal Fees,5.63,False,True,raw/2021_state_christensen-jake.pdf,d336fdd6,v6,medium,vision_cache/vision,0
Jake Christensen,Mayor,,2021,2021-11-30,2021 cycle filing (state LG tree; single per-candidate file),2021-05-10,Vantive,Vantive,Payment Processor Fees,1.55,False,True,raw/2021_state_christensen-jake.pdf,d336fdd6,v7,medium,vision_cache/vision,0
Jake Christensen,Mayor,,2021,2021-11-30,2021 cycle filing (state LG tree; single per-candidate file),2021-05-11,Vantive,Vantive,Payment Processor Fees,8.86,False,True,raw/2021_state_christensen-jake.pdf,d336fdd6,v8,medium,vision_cache/vision,0
Jake Christensen,Mayor,,2021,2021-11-30,2021 cycle filing (state LG tree; single per-candidate file),2021-05-19,Chase Busath,Chase Busath,Videography (Jake Christensen in kind),285.00,True,True,raw/2021_state_christensen-jake.pdf,d336fdd6,v9,medium,vision_cache/vision,0
Jake Christensen,Mayor,,2021,2021-11-30,2021 cycle filing (state LG tree; single per-candidate file),2021-06-04,Google,Google,Domain Registration,16.00,False,True,raw/2021_state_christensen-jake.pdf,d336fdd6,v10,medium,vision_cache/vision,0
Jake Christensen,Mayor,,2021,2021-11-30,2021 cycle filing (state LG tree; single per-candidate file),2021-06-06,Google,Google,Website Setup,12.00,False,True,raw/2021_state_christensen-jake.pdf,d336fdd6,v11,medium,vision_cache/vision,0
Jake Christensen,Mayor,,2021,2021-11-30,2021 cycle filing (state LG tree; single per-candidate file),2021-06-09,Vantive,Vantive,Payment Processor Fees,1.64,False,True,raw/2021_state_christensen-jake.pdf,d336fdd6,v12,medium,vision_cache/vision,0
Jake Christensen,Mayor,,2021,2021-11-30,2021 cycle filing (state LG tree; single per-candidate file),2021-06-11,Gotprint,Gotprint,Sign and handbill printing,587.18,False,True,raw/2021_state_christensen-jake.pdf,d336fdd6,v13,medium,vision_cache/vision,0
Jake Christensen,Mayor,,2021,2021-11-30,2021 cycle filing (state LG tree; single per-candidate file),2021-06-23,Hub & Spoke Diner,Hub & Spoke Diner,Campaign meeting,50.61,False,True,raw/2021_state_christensen-jake.pdf,d336fdd6,v14,medium,vision_cache/vision,0
Jake Christensen,Mayor,,2021,2021-11-30,2021 cycle filing (state LG tree; single per-candidate file),2021-06-29,Associated Food Stores,Associated Food Stores,Sign printing (Chris Sheard in kind),68.09,True,True,raw/2021_state_christensen-jake.pdf,d336fdd6,v15,medium,vision_cache/vision,0
Jake Christensen,Mayor,,2021,2021-11-30,2021 cycle filing (state LG tree; single per-candidate file),2021-07-04,Google,Google,Website hosting,19.34,False,True,raw/2021_state_christensen-jake.pdf,d336fdd6,v16,medium,vision_cache/vision,0
Jake Christensen,Mayor,,2021,2021-11-30,2021 cycle filing (state LG tree; single per-candidate file),2021-07-06,Act Blue,Act Blue,Donation Portal Fees,3.00,False,True,raw/2021_state_christensen-jake.pdf,d336fdd6,v17,medium,vision_cache/vision,0
Jake Christensen,Mayor,,2021,2021-11-30,2021 cycle filing (state LG tree; single per-candidate file),2021-07-09,Vantive,Vantive,Payment Processor Fees,6.80,False,True,raw/2021_state_christensen-jake.pdf,d336fdd6,v18,medium,vision_cache/vision,0
Jake Christensen,Mayor,,2021,2021-11-30,2021 cycle filing (state LG tree; single per-candidate file),2021-07-09,Chase Busath,Chase Busath,Videography,285.00,False,True,raw/2021_state_christensen-jake.pdf,d336fdd6,v19,medium,vision_cache/vision,0
Jake Christensen,Mayor,,2021,2021-11-30,2021 cycle filing (state LG tree; single per-candidate file),2021-07-11,Cafe Rio,Cafe Rio,Campaign meeting,45.03,False,True,raw/2021_state_christensen-jake.pdf,d336fdd6,v20,medium,vision_cache/vision,0
Jake Christensen,Mayor,,2021,2021-11-30,2021 cycle filing (state LG tree; single per-candidate file),2021-07-14,Wasatch Brewery,Wasatch Brewery,Campaign meeting,42.06,False,True,raw/2021_state_christensen-jake.pdf,d336fdd6,v21,medium,vision_cache/vision,0
Jake Christensen,Mayor,,2021,2021-11-30,2021 cycle filing (state LG tree; single per-candidate file),2021-07-23,Facebook,Facebook,Ads,25.00,False,True,raw/2021_state_christensen-jake.pdf,d336fdd6,v22,medium,vision_cache/vision,0
Jake Christensen,Mayor,,2021,2021-11-30,2021 cycle filing (state LG tree; single per-candidate file),2021-07-27,Facebook,Facebook,Ads,25.00,False,True,raw/2021_state_christensen-jake.pdf,d336fdd6,v23,medium,vision_cache/vision,0
Jake Christensen,Mayor,,2021,2021-11-30,2021 cycle filing (state LG tree; single per-candidate file),2021-08-02,Facebook,Facebook,Ads,25.00,False,True,raw/2021_state_christensen-jake.pdf,d336fdd6,v24,medium,vision_cache/vision,0
Jake Christensen,Mayor,,2021,2021-11-30,2021 cycle filing (state LG tree; single per-candidate file),2021-08-02,Gotprint,Gotprint,Stickers & tickets,196.54,False,True,raw/2021_state_christensen-jake.pdf,d336fdd6,v25,medium,vision_cache/vision,0
Jake Christensen,Mayor,,2021,2021-11-30,2021 cycle filing (state LG tree; single per-candidate file),2021-08-05,Google,Google,Website hosting,23.72,False,True,raw/2021_state_christensen-jake.pdf,d336fdd6,v26,medium,vision_cache/vision,0
Jake Christensen,Mayor,,2021,2021-11-30,2021 cycle filing (state LG tree; single per-candidate file),2021-08-05,Act Blue,Act Blue,Donation Portal Fees,7.14,False,True,raw/2021_state_christensen-jake.pdf,d336fdd6,v27,medium,vision_cache/vision,0
Jake Christensen,Mayor,,2021,2021-11-30,2021 cycle filing (state LG tree; single per-candidate file),2021-08-05,Facebook,Facebook,Ads,35.00,False,True,raw/2021_state_christensen-jake.pdf,d336fdd6,v28,medium,vision_cache/vision,0
Jake Christensen,Mayor,,2021,2021-11-30,2021 cycle filing (state LG tree; single per-candidate file),2021-08-09,Facebook,Facebook,Ads,50.00,False,True,raw/2021_state_christensen-jake.pdf,d336fdd6,v29,medium,vision_cache/vision,0
Jake Christensen,Mayor,,2021,2021-11-30,2021 cycle filing (state LG tree; single per-candidate file),2021-08-10,Vantive,Vantive,Payment Processor Fees,14.80,False,True,raw/2021_state_christensen-jake.pdf,d336fdd6,v30,medium,vision_cache/vision,0
Jake Christensen,Mayor,,2021,2021-11-30,2021 cycle filing (state LG tree; single per-candidate file),2021-08-12,Google,Google,Ads,180.65,False,True,raw/2021_state_christensen-jake.pdf,d336fdd6,v31,medium,vision_cache/vision,0
Jake Christensen,Mayor,,2021,2021-11-30,2021 cycle filing (state LG tree; single per-candidate file),2021-08-19,Chris Sheard,Chris Sheard,Beehive fundraising event,599.87,False,True,raw/2021_state_christensen-jake.pdf,d336fdd6,v32,medium,vision_cache/vision,0
Jake Christensen,Mayor,,2021,2021-11-30,2021 cycle filing (state LG tree; single per-candidate file),2021-08-19,Beehive Distilling,Beehive Distilling,Use of room (in kind),500.00,True,True,raw/2021_state_christensen-jake.pdf,d336fdd6,v33,medium,vision_cache/vision,0
Jake Christensen,Mayor,,2021,2021-11-30,2021 cycle filing (state LG tree; single per-candidate file),2021-09-01,Google,Google,Ads,2.32,False,True,raw/2021_state_christensen-jake.pdf,d336fdd6,v34,medium,vision_cache/vision,0
Jake Christensen,Mayor,,2021,2021-11-30,2021 cycle filing (state LG tree; single per-candidate file),2021-09-01,o2 Utah,o2 Utah,General consultation (in kind),63.99,True,True,raw/2021_state_christensen-jake.pdf,d336fdd6,v35,medium,vision_cache/vision,0
Jake Christensen,Mayor,,2021,2021-11-30,2021 cycle filing (state LG tree; single per-candidate file),2021-09-02,o2 Utah,o2 Utah,General consultation (in kind),8.93,True,True,raw/2021_state_christensen-jake.pdf,d336fdd6,v36,medium,vision_cache/vision,0
Jake Christensen,Mayor,,2021,2021-11-30,2021 cycle filing (state LG tree; single per-candidate file),2021-09-03,o2 Utah,o2 Utah,Field strategy (in kind),17.86,True,True,raw/2021_state_christensen-jake.pdf,d336fdd6,v37,medium,vision_cache/vision,0
Jake Christensen,Mayor,,2021,2021-11-30,2021 cycle filing (state LG tree; single per-candidate file),2021-09-03,Act Blue,Act Blue,Donation Portal Fees,23.25,False,True,raw/2021_state_christensen-jake.pdf,d336fdd6,v38,medium,vision_cache/vision,0
Jake Christensen,Mayor,,2021,2021-11-30,2021 cycle filing (state LG tree; single per-candidate file),2021-09-05,Google,Google,Website hosting,25.78,False,True,raw/2021_state_christensen-jake.pdf,d336fdd6,v39,medium,vision_cache/vision,0
Jake Christensen,Mayor,,2021,2021-11-30,2021 cycle filing (state LG tree; single per-candidate file),2021-09-12,Google,Google,Ads,75.35,False,True,raw/2021_state_christensen-jake.pdf,d336fdd6,v40,medium,vision_cache/vision,0
Jake Christensen,Mayor,,2021,2021-11-30,2021 cycle filing (state LG tree; single per-candidate file),2021-09-13,Chase Busath,Chase Busath,Videography,570.00,False,True,raw/2021_state_christensen-jake.pdf,d336fdd6,v41,medium,vision_cache/vision,0
Jake Christensen,Mayor,,2021,2021-11-30,2021 cycle filing (state LG tree; single per-candidate file),2021-09-13,Les Olson Company,Les Olson Company,Printing,32.24,False,True,raw/2021_state_christensen-jake.pdf,d336fdd6,v42,medium,vision_cache/vision,0
Jake Christensen,Mayor,,2021,2021-11-30,2021 cycle filing (state LG tree; single per-candidate file),2021-09-29,Facebook,Facebook,Ads,1.64,False,True,raw/2021_state_christensen-jake.pdf,d336fdd6,v43,medium,vision_cache/vision,0
Jake Christensen,Mayor,,2021,2021-11-30,2021 cycle filing (state LG tree; single per-candidate file),2021-09-29,Script It,Script It,Email Software,6.00,False,True,raw/2021_state_christensen-jake.pdf,d336fdd6,v44,medium,vision_cache/vision,0
Jake Christensen,Mayor,,2021,2021-11-30,2021 cycle filing (state LG tree; single per-candidate file),2021-10-01,Google,Google,Ads,79.69,False,True,raw/2021_state_christensen-jake.pdf,d336fdd6,v45,medium,vision_cache/vision,0
Jake Christensen,Mayor,,2021,2021-11-30,2021 cycle filing (state LG tree; single per-candidate file),2021-10-04,Act Blue,Act Blue,Donation Portal Fees,20.26,False,True,raw/2021_state_christensen-jake.pdf,d336fdd6,v46,medium,vision_cache/vision,0
Jake Christensen,Mayor,,2021,2021-11-30,2021 cycle filing (state LG tree; single per-candidate file),2021-10-04,Union Print Shop,Union Print Shop,Mailers printing & postage,1730.16,False,True,raw/2021_state_christensen-jake.pdf,d336fdd6,v47,medium,vision_cache/vision,0
Jake Christensen,Mayor,,2021,2021-11-30,2021 cycle filing (state LG tree; single per-candidate file),2021-10-04,Google,Google,Website Hosting,31.42,False,True,raw/2021_state_christensen-jake.pdf,d336fdd6,v48,medium,vision_cache/vision,0
Jake Christensen,Mayor,,2021,2021-11-30,2021 cycle filing (state LG tree; single per-candidate file),2021-10-04,o2 Utah,o2 Utah,General consultation (in kind),25.00,True,True,raw/2021_state_christensen-jake.pdf,d336fdd6,v49,medium,vision_cache/vision,0
Jake Christensen,Mayor,,2021,2021-11-30,2021 cycle filing (state LG tree; single per-candidate file),2021-10-05,o2 Utah,o2 Utah,Field strategy (in kind),37.50,True,True,raw/2021_state_christensen-jake.pdf,d336fdd6,v50,medium,vision_cache/vision,0
Jake Christensen,Mayor,,2021,2021-11-30,2021 cycle filing (state LG tree; single per-candidate file),2021-10-15,Facebook,Facebook,Ads,50.58,False,True,raw/2021_state_christensen-jake.pdf,d336fdd6,v51,medium,vision_cache/vision,0
Jake Christensen,Mayor,,2021,2021-11-30,2021 cycle filing (state LG tree; single per-candidate file),2021-10-16,Utah Liquor Store,Utah Liquor Store,Beverages for canvasing party (Jake Christensen in kind),19.28,True,True,raw/2021_state_christensen-jake.pdf,d336fdd6,v52,medium,vision_cache/vision,0
Jake Christensen,Mayor,,2021,2021-11-30,2021 cycle filing (state LG tree; single per-candidate file),2021-10-16,Little Caesars,Little Caesars,Pizza for Canvasing Party (Jake Christensen in kind),18.11,True,True,raw/2021_state_christensen-jake.pdf,d336fdd6,v53,medium,vision_cache/vision,0
Jake Christensen,Mayor,,2021,2021-11-30,2021 cycle filing (state LG tree; single per-candidate file),2021-10-19,Jake Christensen,Jake Christensen,Reimburse for Facebook Ads,150.00,False,True,raw/2021_state_christensen-jake.pdf,d336fdd6,v54,medium,vision_cache/vision,0
Jake Christensen,Mayor,,2021,2021-11-30,2021 cycle filing (state LG tree; single per-candidate file),2021-10-21,Facebook,Facebook,Ads (Jake Christensen in kind),125.00,True,True,raw/2021_state_christensen-jake.pdf,d336fdd6,v55,medium,vision_cache/vision,0
Olivia Spencer,Council,At-Large,2021,2021-11-30,2021 cycle filing (state LG tree; single per-candidate file),2021-09-03,Wix,Wix,Website,24.85,False,True,raw/2021_state_spencer-olivia.pdf,5b941a12,v1,medium,vision_cache/vision,0
Olivia Spencer,Council,At-Large,2021,2021-11-30,2021 cycle filing (state LG tree; single per-candidate file),2021-09-03,Wix,Wix,Website,18.76,False,True,raw/2021_state_spencer-olivia.pdf,5b941a12,v2,medium,vision_cache/vision,0
Olivia Spencer,Council,At-Large,2021,2021-11-30,2021 cycle filing (state LG tree; single per-candidate file),2021-09-23,"ROA General, Inc","Roa General, Inc",Advertising,1500.00,True,True,raw/2021_state_spencer-olivia.pdf,5b941a12,v3,medium,vision_cache/vision,0
Olivia Spencer,Council,At-Large,2021,2021-11-30,2021 cycle filing (state LG tree; single per-candidate file),2021-09-25,SLCO Clerk's Office,Slco Clerk's Office,Voter List,15.95,False,True,raw/2021_state_spencer-olivia.pdf,5b941a12,v4,medium,vision_cache/vision,0
Olivia Spencer,Council,At-Large,2021,2021-11-30,2021 cycle filing (state LG tree; single per-candidate file),2021-09-26,La Frontera,La Frontera,Campaign Meeting,17.30,False,True,raw/2021_state_spencer-olivia.pdf,5b941a12,v5,medium,vision_cache/vision,0
Olivia Spencer,Council,At-Large,2021,2021-11-30,2021 cycle filing (state LG tree; single per-candidate file),2021-10-02,Wix,Wix,Website,37.53,False,True,raw/2021_state_spencer-olivia.pdf,5b941a12,v6,medium,vision_cache/vision,0
Olivia Spencer,Council,At-Large,2021,2021-11-30,2021 cycle filing (state LG tree; single per-candidate file),2021-10-02,City Journals,City Journals,Yard Signs and Fliers,911.63,False,True,raw/2021_state_spencer-olivia.pdf,5b941a12,v7,medium,vision_cache/vision,0
Olivia Spencer,Council,At-Large,2021,2021-11-30,2021 cycle filing (state LG tree; single per-candidate file),2021-10-05,Winco Foods,Winco Foods,Campaign Supplies,17.24,False,True,raw/2021_state_spencer-olivia.pdf,5b941a12,v8,medium,vision_cache/vision,0
Olivia Spencer,Council,At-Large,2021,2021-11-30,2021 cycle filing (state LG tree; single per-candidate file),2021-10-06,Donorbox,Donorbox,Program Fee,1.14,False,True,raw/2021_state_spencer-olivia.pdf,5b941a12,v9,medium,vision_cache/vision,0
Olivia Spencer,Council,At-Large,2021,2021-11-30,2021 cycle filing (state LG tree; single per-candidate file),2021-10-07,Starbucks,Starbucks,Campaign Meeting,14.13,False,True,raw/2021_state_spencer-olivia.pdf,5b941a12,v10,medium,vision_cache/vision,0
Olivia Spencer,Council,At-Large,2021,2021-11-30,2021 cycle filing (state LG tree; single per-candidate file),2021-10-21,Wix,Wix,Website,6.43,False,True,raw/2021_state_spencer-olivia.pdf,5b941a12,v11,medium,vision_cache/vision,0
Sam Garfield,Council,2,2021,2021-11-30,2021 cycle filing (state LG tree; single per-candidate file),,Registration Fee,Registration Fee,fees,25.00,False,True,raw/2021_state_garfield-sam.pdf,c7a01592,v1,medium,vision_cache/vision,0
Sam Garfield,Council,2,2021,2021-11-30,2021 cycle filing (state LG tree; single per-candidate file),2021-07-22,Domain Name + Hosting,Domain Name + Hosting,domain name and hosting package,27.50,False,True,raw/2021_state_garfield-sam.pdf,c7a01592,v2,medium,vision_cache/vision,0
Sam Garfield,Council,2,2021,2021-11-30,2021 cycle filing (state LG tree; single per-candidate file),2021-10-05,txt2give fees,txt2give fees,fee on donation,3.60,False,True,raw/2021_state_garfield-sam.pdf,c7a01592,v3,medium,vision_cache/vision,0
Sam Garfield,Council,2,2021,2021-11-30,2021 cycle filing (state LG tree; single per-candidate file),2021-10-06,txt2give fees,txt2give fees,fee on donation,0.96,False,True,raw/2021_state_garfield-sam.pdf,c7a01592,v4,medium,vision_cache/vision,0
Sam Garfield,Council,2,2021,2021-11-30,2021 cycle filing (state LG tree; single per-candidate file),2021-10-12,txt2give fees,txt2give fees,fee on donation,1.95,False,True,raw/2021_state_garfield-sam.pdf,c7a01592,v5,medium,vision_cache/vision,0
Sam Garfield,Council,2,2021,2021-11-30,2021 cycle filing (state LG tree; single per-candidate file),2021-10-13,txt2give fees,txt2give fees,fee on donation,0.96,False,True,raw/2021_state_garfield-sam.pdf,c7a01592,v6,medium,vision_cache/vision,0
Sam Garfield,Council,2,2021,2021-11-30,2021 cycle filing (state LG tree; single per-candidate file),2021-10-13,txt2give fees,txt2give fees,fee on donation,6.90,False,True,raw/2021_state_garfield-sam.pdf,c7a01592,v7,medium,vision_cache/vision,0
Sam Garfield,Council,2,2021,2021-11-30,2021 cycle filing (state LG tree; single per-candidate file),2021-10-19,txt2give fees,txt2give fees,fee on donation,1.95,False,True,raw/2021_state_garfield-sam.pdf,c7a01592,v8,medium,vision_cache/vision,0
Sam Garfield,Council,2,2021,2021-11-30,2021 cycle filing (state LG tree; single per-candidate file),2021-10-20,CITY JOURNALS,City Journals,Dues and Subscriptions,360.00,False,True,raw/2021_state_garfield-sam.pdf,c7a01592,v9,medium,vision_cache/vision,0
Sam Garfield,Council,2,2021,2021-11-30,2021 cycle filing (state LG tree; single per-candidate file),2021-10-20,Alphagraphics,Alphagraphics,Printing,128.94,False,True,raw/2021_state_garfield-sam.pdf,c7a01592,v10,medium,vision_cache/vision,0
Sam Garfield,Council,2,2021,2021-11-30,2021 cycle filing (state LG tree; single per-candidate file),2021-10-18,Office Depot,Office Depot,Office Supplies,16.11,False,True,raw/2021_state_garfield-sam.pdf,c7a01592,v11,medium,vision_cache/vision,0
Sam Garfield,Council,2,2021,2021-11-30,2021 cycle filing (state LG tree; single per-candidate file),2021-10-04,CITY JOURNALS,City Journals,Dues and Subscriptions,360.00,False,True,raw/2021_state_garfield-sam.pdf,c7a01592,v12,medium,vision_cache/vision,0
Shane Siwik,Mayor,,2021,2021-11-30,2021 cycle filing (state LG tree; single per-candidate file),2021-06-19,Salt Lake County Clerk,Salt Lake County Clerk,Voter List,15.00,False,True,raw/2021_state_siwik-shane.pdf,4afdadf2,v1,low,vision_cache/vision,1
Shane Siwik,Mayor,,2021,2021-11-30,2021 cycle filing (state LG tree; single per-candidate file),2021-07-22,Signs on the Cheap,Signs on the Cheap,Signs,286.57,False,True,raw/2021_state_siwik-shane.pdf,4afdadf2,v2,low,vision_cache/vision,1
Shane Siwik,Mayor,,2021,2021-11-30,2021 cycle filing (state LG tree; single per-candidate file),,Harbor Freight,Harbor Freight,Zip Ties,12.00,False,True,raw/2021_state_siwik-shane.pdf,4afdadf2,v3,low,vision_cache/vision,1
Shane Siwik,Mayor,,2021,2021-11-30,2021 cycle filing (state LG tree; single per-candidate file),,City of So Saltlake,City of So Saltlake,Filing Fee,25.00,False,True,raw/2021_state_siwik-shane.pdf,4afdadf2,v4,low,vision_cache/vision,1
Shane Siwik,Mayor,,2021,2021-11-30,2021 cycle filing (state LG tree; single per-candidate file),2021-08-20,Signs on the Cheap,Signs on the Cheap,Signs,929.87,False,True,raw/2021_state_siwik-shane.pdf,4afdadf2,v5,low,vision_cache/vision,1
Shane Siwik,Mayor,,2021,2021-11-30,2021 cycle filing (state LG tree; single per-candidate file),2021-08-24,Go Daddy,Go Daddy,Domain name,12.17,False,True,raw/2021_state_siwik-shane.pdf,4afdadf2,v6,low,vision_cache/vision,1
Shane Siwik,Mayor,,2021,2021-11-30,2021 cycle filing (state LG tree; single per-candidate file),2021-08-26,Home Depot,Home Depot,Stakes + Screws,131.33,False,True,raw/2021_state_siwik-shane.pdf,4afdadf2,v7,low,vision_cache/vision,1
Shane Siwik,Mayor,,2021,2021-11-30,2021 cycle filing (state LG tree; single per-candidate file),2021-08-26,Winco Foods,Winco Foods,Notebook,1.55,False,True,raw/2021_state_siwik-shane.pdf,4afdadf2,v8,low,vision_cache/vision,1
Shane Siwik,Mayor,,2021,2021-11-30,2021 cycle filing (state LG tree; single per-candidate file),2021-08-27,Home Depot,Home Depot,Screws,18.68,False,True,raw/2021_state_siwik-shane.pdf,4afdadf2,v9,low,vision_cache/vision,1
Shane Siwik,Mayor,,2021,2021-11-30,2021 cycle filing (state LG tree; single per-candidate file),2021-09-14,Home Depot,Home Depot,T-Posts,304.28,False,True,raw/2021_state_siwik-shane.pdf,4afdadf2,v10,low,vision_cache/vision,1
Shane Siwik,Mayor,,2021,2021-11-30,2021 cycle filing (state LG tree; single per-candidate file),2021-10-01,City Journals,City Journals,Ad,900.00,False,True,raw/2021_state_siwik-shane.pdf,4afdadf2,v11,low,vision_cache/vision,1
Shane Siwik,Mayor,,2021,2021-11-30,2021 cycle filing (state LG tree; single per-candidate file),2021-10-04,Custom Printed Signs,Custom Printed Signs,Signs on the Cheap,1174.27,False,True,raw/2021_state_siwik-shane.pdf,4afdadf2,v12,low,vision_cache/vision,1
Shane Siwik,Mayor,,2021,2021-11-30,2021 cycle filing (state LG tree; single per-candidate file),2021-10-07,Square Space,Square Space,Web Hosting,28.02,False,True,raw/2021_state_siwik-shane.pdf,4afdadf2,v13,low,vision_cache/vision,1
Shane Siwik,Mayor,,2021,2021-11-30,2021 cycle filing (state LG tree; single per-candidate file),2021-10-08,Office Max,Office Max,Rubber bands + office supplies,67.98,False,True,raw/2021_state_siwik-shane.pdf,4afdadf2,v14,low,vision_cache/vision,1
Shane Siwik,Mayor,,2021,2021-11-30,2021 cycle filing (state LG tree; single per-candidate file),2021-10-08,Kwik Kopy + Print,Kwik Kopy + Print,Printing,1400.00,False,True,raw/2021_state_siwik-shane.pdf,4afdadf2,v15,low,vision_cache/vision,1
Shane Siwik,Mayor,,2021,2021-11-30,2021 cycle filing (state LG tree; single per-candidate file),2021-10-11,Salt Lake County Clerk,Salt Lake County Clerk,Voter info,35.00,False,True,raw/2021_state_siwik-shane.pdf,4afdadf2,v16,low,vision_cache/vision,1
Shane Siwik,Mayor,,2021,2021-11-30,2021 cycle filing (state LG tree; single per-candidate file),2021-10-19,Dollar Tree,Dollar Tree,envelopes + office supplies,40.95,False,True,raw/2021_state_siwik-shane.pdf,4afdadf2,v17,low,vision_cache/vision,1
Shane Siwik,Mayor,,2021,2021-11-30,2021 cycle filing (state LG tree; single per-candidate file),2021-10-19,Kwik Kopy + Print,Kwik Kopy + Print,Printing,390.00,False,True,raw/2021_state_siwik-shane.pdf,4afdadf2,v18,low,vision_cache/vision,1
Shane Siwik,Mayor,,2021,2021-11-30,2021 cycle filing (state LG tree; single per-candidate file),2021-10-20,Kwik Kopy + Print,Kwik Kopy + Print,Printing,200.00,False,True,raw/2021_state_siwik-shane.pdf,4afdadf2,v19,low,vision_cache/vision,1
Shane Siwik,Mayor,,2021,2021-11-30,2021 cycle filing (state LG tree; single per-candidate file),,Citizens for a Sustainable Utah Responsible Government + Economic Stability PAC - inkind,Citizens for a Sustainable Utah Responsible Government + Economic Stability Pac - inkind,Advertising in kind,34.00,True,True,raw/2021_state_siwik-shane.pdf,4afdadf2,v20,low,vision_cache/vision,1
Shane Siwik,Mayor,,2021,2021-11-30,2021 cycle filing (state LG tree; single per-candidate file),,Standard Restaurant Supply,Standard Restaurant Supply,Printing in kind,810.00,True,True,raw/2021_state_siwik-shane.pdf,4afdadf2,v21,low,vision_cache/vision,1
Shane Siwik,Mayor,,2021,2021-11-30,2021 cycle filing (state LG tree; single per-candidate file),,Pro Pac Utah,Pro Pac Utah,Advertising,50.00,True,True,raw/2021_state_siwik-shane.pdf,4afdadf2,v22,low,vision_cache/vision,1
Shane Siwik,Mayor,,2021,2021-11-30,2021 cycle filing (state LG tree; single per-candidate file),,Promethius LLC,Promethius Llc,inkind - staffing,1642.50,True,True,raw/2021_state_siwik-shane.pdf,4afdadf2,v23,low,vision_cache/vision,1
Sharla Bynum,Council,3,2021,2021-11-30,2021 cycle filing (state LG tree; single per-candidate file),2021-08-18,Canva,Canva,subscription,12.99,False,True,raw/2021_state_bynum-sharla.pdf,b6305b58,v1,medium,vision_cache/vision,0
Sharla Bynum,Council,3,2021,2021-11-30,2021 cycle filing (state LG tree; single per-candidate file),2021-08-24,Canva,Canva,Signs,230.00,False,True,raw/2021_state_bynum-sharla.pdf,b6305b58,v2,medium,vision_cache/vision,0
Sharla Bynum,Council,3,2021,2021-11-30,2021 cycle filing (state LG tree; single per-candidate file),2021-09-03,Journals Value,Journals Value,Ad,360.00,False,True,raw/2021_state_bynum-sharla.pdf,b6305b58,v3,medium,vision_cache/vision,0
Sharla Bynum,Council,3,2021,2021-11-30,2021 cycle filing (state LG tree; single per-candidate file),2021-09-04,Canva,Canva,Banners,202.50,False,True,raw/2021_state_bynum-sharla.pdf,b6305b58,v4,medium,vision_cache/vision,0
Sharla Bynum,Council,3,2021,2021-11-30,2021 cycle filing (state LG tree; single per-candidate file),2021-09-18,Canva,Canva,subscription,12.99,False,True,raw/2021_state_bynum-sharla.pdf,b6305b58,v5,medium,vision_cache/vision,0
Sharla Bynum,Council,3,2021,2021-11-30,2021 cycle filing (state LG tree; single per-candidate file),2021-09-23,Canva,Canva,Flyers,58.00,False,True,raw/2021_state_bynum-sharla.pdf,b6305b58,v6,medium,vision_cache/vision,0
Sharla Bynum,Council,3,2021,2021-11-30,2021 cycle filing (state LG tree; single per-candidate file),2021-09-24,Canva,Canva,Flyers,41.00,False,True,raw/2021_state_bynum-sharla.pdf,b6305b58,v7,medium,vision_cache/vision,0
Sharla Bynum,Council,3,2021,2021-11-30,2021 cycle filing (state LG tree; single per-candidate file),2021-09-27,Journals Value,Journals Value,Ad,360.00,False,True,raw/2021_state_bynum-sharla.pdf,b6305b58,v8,medium,vision_cache/vision,0
Sharla Bynum,Council,3,2021,2021-11-30,2021 cycle filing (state LG tree; single per-candidate file),2021-09-30,Canva,Canva,Signs,255.00,False,True,raw/2021_state_bynum-sharla.pdf,b6305b58,v9,medium,vision_cache/vision,0
Sharla Bynum,Council,3,2021,2021-11-30,2021 cycle filing (state LG tree; single per-candidate file),2021-10-02,Reagan,Reagan,Billboard,1500.00,True,True,raw/2021_state_bynum-sharla.pdf,b6305b58,v10,medium,vision_cache/vision,0
Sharla Bynum,Council,3,2021,2021-11-30,2021 cycle filing (state LG tree; single per-candidate file),2021-10-04,Wix,Wix,Website,180.18,False,True,raw/2021_state_bynum-sharla.pdf,b6305b58,v11,medium,vision_cache/vision,0
Sharla Bynum,Council,3,2021,2021-11-30,2021 cycle filing (state LG tree; single per-candidate file),2021-10-04,Wix,Wix,Domain,9.90,False,True,raw/2021_state_bynum-sharla.pdf,b6305b58,v12,medium,vision_cache/vision,0
Sharla Bynum,Council,3,2021,2021-11-30,2021 cycle filing (state LG tree; single per-candidate file),2021-10-14,Canva,Canva,Flyers,87.50,False,True,raw/2021_state_bynum-sharla.pdf,b6305b58,v13,medium,vision_cache/vision,0
Sharla Bynum,Council,3,2021,2021-11-30,2021 cycle filing (state LG tree; single per-candidate file),2021-10-18,Canva,Canva,subscription,12.99,False,True,raw/2021_state_bynum-sharla.pdf,b6305b58,v14,medium,vision_cache/vision,0
Sharla Bynum,Council,3,2021,2021-11-30,2021 cycle filing (state LG tree; single per-candidate file),2021-10-24,Landslide Political,Landslide Political,Mailer,274.34,False,True,raw/2021_state_bynum-sharla.pdf,b6305b58,v15,medium,vision_cache/vision,0
Conrad Campos,Council,At-Large,2023,2023-10-31,Final report (pre-general; through ~Oct 22),,City of SSL,City of Ssl,Candidate Apply,25.00,False,True,raw/2023_adid323_conrad-campos-final-campaign-financial-disclosure.pdf,a6e83d28,v1,medium,vision_cache/vision,0
Conrad Campos,Council,At-Large,2023,2023-10-31,Final report (pre-general; through ~Oct 22),,Alpine Promotions,Alpine Promotions,Yard Signs,1758.48,False,True,raw/2023_adid323_conrad-campos-final-campaign-financial-disclosure.pdf,a6e83d28,v2,medium,vision_cache/vision,0
Conrad Campos,Council,At-Large,2023,2023-10-31,Final report (pre-general; through ~Oct 22),,AlphaGraphics,AlphaGraphics,Candidate Cards,139.74,False,True,raw/2023_adid323_conrad-campos-final-campaign-financial-disclosure.pdf,a6e83d28,v3,medium,vision_cache/vision,0
Conrad Campos,Council,At-Large,2023,2023-10-31,Final report (pre-general; through ~Oct 22),,City Journals,City Journals,Political Ad,500.00,False,True,raw/2023_adid323_conrad-campos-final-campaign-financial-disclosure.pdf,a6e83d28,v4,medium,vision_cache/vision,0
LeAnne Huff,Council,1,2023,2023-10-31,Final report (pre-general; through ~Oct 22),2023-10-10,Landslide,Landslide,"Design, digital, misc",300.00,False,True,raw/2023_adid325_leanne-huff-final-campaign-financial-disclosure.pdf,9d750c6e,v1,medium,vision_cache/vision,0
LeAnne Huff,Council,1,2023,2023-10-31,Final report (pre-general; through ~Oct 22),2023-10-22,Power Graphics,Power Graphics,Banners,158.00,True,True,raw/2023_adid325_leanne-huff-final-campaign-financial-disclosure.pdf,9d750c6e,v2,medium,vision_cache/vision,0
LeAnne Huff,Council,1,2023,2023-10-31,Final report (pre-general; through ~Oct 22),2023-10-13,Alphagraphics,Alphagraphics,H Sign holders,100.00,True,True,raw/2023_adid325_leanne-huff-final-campaign-financial-disclosure.pdf,9d750c6e,v3,medium,vision_cache/vision,0
Natalie Pinkney,Council,At-Large,2023,2023-10-31,Final report (pre-general; through ~Oct 22),2023-04-24,Actblue,Actblue,Processing Fee,38.12,False,True,raw/2023_adid322_natalie-pinkney-final-campaign-financial-disclosure.pdf,5858e9f3,v1,medium,vision_cache/vision,0
Natalie Pinkney,Council,At-Large,2023,2023-10-31,Final report (pre-general; through ~Oct 22),2023-05-04,Actblue,Actblue,Processing Fee,28.28,False,True,raw/2023_adid322_natalie-pinkney-final-campaign-financial-disclosure.pdf,5858e9f3,v2,medium,vision_cache/vision,0
Natalie Pinkney,Council,At-Large,2023,2023-10-31,Final report (pre-general; through ~Oct 22),2023-05-04,Elevate Strategies,Elevate Strategies,Political Consultation Payment,1477.00,False,True,raw/2023_adid322_natalie-pinkney-final-campaign-financial-disclosure.pdf,5858e9f3,v3,medium,vision_cache/vision,0
Natalie Pinkney,Council,At-Large,2023,2023-10-31,Final report (pre-general; through ~Oct 22),2023-05-04,Elevate Strategies,Elevate Strategies,Political Consultation Payment,1024.93,False,True,raw/2023_adid322_natalie-pinkney-final-campaign-financial-disclosure.pdf,5858e9f3,v4,medium,vision_cache/vision,0
Natalie Pinkney,Council,At-Large,2023,2023-10-31,Final report (pre-general; through ~Oct 22),2023-05-09,Vantiv,Vantiv,Processing Fee,48.81,False,True,raw/2023_adid322_natalie-pinkney-final-campaign-financial-disclosure.pdf,5858e9f3,v5,medium,vision_cache/vision,0
Natalie Pinkney,Council,At-Large,2023,2023-10-31,Final report (pre-general; through ~Oct 22),2023-05-24,Will Leavitt,Will Leavitt,Payment for Work on Campaign,375.00,False,True,raw/2023_adid322_natalie-pinkney-final-campaign-financial-disclosure.pdf,5858e9f3,v6,medium,vision_cache/vision,0
Natalie Pinkney,Council,At-Large,2023,2023-10-31,Final report (pre-general; through ~Oct 22),2023-05-25,Utah Democratic Party,Utah Democratic Party,Votebuilder,179.44,False,True,raw/2023_adid322_natalie-pinkney-final-campaign-financial-disclosure.pdf,5858e9f3,v7,medium,vision_cache/vision,0
Natalie Pinkney,Council,At-Large,2023,2023-10-31,Final report (pre-general; through ~Oct 22),2023-05-25,Designedtorun,Designedtorun,Payment for Website Building,175.00,False,True,raw/2023_adid322_natalie-pinkney-final-campaign-financial-disclosure.pdf,5858e9f3,v8,medium,vision_cache/vision,0
Natalie Pinkney,Council,At-Large,2023,2023-10-31,Final report (pre-general; through ~Oct 22),2023-05-28,Nordstrom Rack,Nordstrom Rack,Campaign Marketing,282.18,False,True,raw/2023_adid322_natalie-pinkney-final-campaign-financial-disclosure.pdf,5858e9f3,v9,medium,vision_cache/vision,0
Natalie Pinkney,Council,At-Large,2023,2023-10-31,Final report (pre-general; through ~Oct 22),2023-06-05,Actblue,Actblue,Processing Fee,5.11,False,True,raw/2023_adid322_natalie-pinkney-final-campaign-financial-disclosure.pdf,5858e9f3,v10,medium,vision_cache/vision,0
Natalie Pinkney,Council,At-Large,2023,2023-10-31,Final report (pre-general; through ~Oct 22),2023-06-08,USPS,Usps,Postage,176.00,False,True,raw/2023_adid322_natalie-pinkney-final-campaign-financial-disclosure.pdf,5858e9f3,v11,medium,vision_cache/vision,0
Natalie Pinkney,Council,At-Large,2023,2023-10-31,Final report (pre-general; through ~Oct 22),2023-06-17,Smith's,Smith's,Supplies for Campaign meeting,65.63,False,True,raw/2023_adid322_natalie-pinkney-final-campaign-financial-disclosure.pdf,5858e9f3,v12,medium,vision_cache/vision,0
Natalie Pinkney,Council,At-Large,2023,2023-10-31,Final report (pre-general; through ~Oct 22),2023-06-17,Smith's,Smith's,Supplies for Campaign meeting,2.26,False,True,raw/2023_adid322_natalie-pinkney-final-campaign-financial-disclosure.pdf,5858e9f3,v13,medium,vision_cache/vision,0
Natalie Pinkney,Council,At-Large,2023,2023-10-31,Final report (pre-general; through ~Oct 22),2023-06-20,Coffee Noir,Coffee Noir,Paid for Coffee for a political meeting,14.96,False,True,raw/2023_adid322_natalie-pinkney-final-campaign-financial-disclosure.pdf,5858e9f3,v14,medium,vision_cache/vision,0
Natalie Pinkney,Council,At-Large,2023,2023-10-31,Final report (pre-general; through ~Oct 22),2023-06-22,Elevate Strategies,Elevate Strategies,Political Consultation Payment,1750.00,False,True,raw/2023_adid322_natalie-pinkney-final-campaign-financial-disclosure.pdf,5858e9f3,v15,medium,vision_cache/vision,0
Natalie Pinkney,Council,At-Large,2023,2023-10-31,Final report (pre-general; through ~Oct 22),2023-06-25,Designedtorun,Designedtorun,Payment for Website Building,175.00,False,True,raw/2023_adid322_natalie-pinkney-final-campaign-financial-disclosure.pdf,5858e9f3,v16,medium,vision_cache/vision,0
Natalie Pinkney,Council,At-Large,2023,2023-10-31,Final report (pre-general; through ~Oct 22),2023-07-05,Toolset Action Network,Toolset Action Network,Field Expense,10.00,False,True,raw/2023_adid322_natalie-pinkney-final-campaign-financial-disclosure.pdf,5858e9f3,v17,medium,vision_cache/vision,0
Natalie Pinkney,Council,At-Large,2023,2023-10-31,Final report (pre-general; through ~Oct 22),2023-07-05,Sunprint Solutions,Sunprint Solutions,Literature Printing,727.43,False,True,raw/2023_adid322_natalie-pinkney-final-campaign-financial-disclosure.pdf,5858e9f3,v18,medium,vision_cache/vision,0
Natalie Pinkney,Council,At-Large,2023,2023-10-31,Final report (pre-general; through ~Oct 22),2023-07-07,Actblue,Actblue,Processing Fee,42.41,False,True,raw/2023_adid322_natalie-pinkney-final-campaign-financial-disclosure.pdf,5858e9f3,v19,medium,vision_cache/vision,0
Natalie Pinkney,Council,At-Large,2023,2023-10-31,Final report (pre-general; through ~Oct 22),2023-07-07,Elevate Strategies,Elevate Strategies,Political Consultation Payment,1750.00,False,True,raw/2023_adid322_natalie-pinkney-final-campaign-financial-disclosure.pdf,5858e9f3,v20,medium,vision_cache/vision,0
Natalie Pinkney,Council,At-Large,2023,2023-10-31,Final report (pre-general; through ~Oct 22),2023-07-07,Mountain America Credit Union,Mountain America Credit Union,Overdraft Fee,25.00,False,True,raw/2023_adid322_natalie-pinkney-final-campaign-financial-disclosure.pdf,5858e9f3,v21,medium,vision_cache/vision,0
Natalie Pinkney,Council,At-Large,2023,2023-10-31,Final report (pre-general; through ~Oct 22),2023-07-10,Tissot Solutions,Tissot Solutions,Payment for a Fundraising Class,25.00,False,True,raw/2023_adid322_natalie-pinkney-final-campaign-financial-disclosure.pdf,5858e9f3,v22,medium,vision_cache/vision,0
Natalie Pinkney,Council,At-Large,2023,2023-10-31,Final report (pre-general; through ~Oct 22),2023-07-11,Vantiv,Vantiv,Processing Fee,47.78,False,True,raw/2023_adid322_natalie-pinkney-final-campaign-financial-disclosure.pdf,5858e9f3,v23,medium,vision_cache/vision,0
Natalie Pinkney,Council,At-Large,2023,2023-10-31,Final report (pre-general; through ~Oct 22),2023-07-11,Mountain America Credit Union,Mountain America Credit Union,Overdraft Fee,25.00,False,True,raw/2023_adid322_natalie-pinkney-final-campaign-financial-disclosure.pdf,5858e9f3,v24,medium,vision_cache/vision,0
Natalie Pinkney,Council,At-Large,2023,2023-10-31,Final report (pre-general; through ~Oct 22),2023-07-25,Designedtorun,Designedtorun,Payment for Website Building,175.00,False,True,raw/2023_adid322_natalie-pinkney-final-campaign-financial-disclosure.pdf,5858e9f3,v25,medium,vision_cache/vision,0
Natalie Pinkney,Council,At-Large,2023,2023-10-31,Final report (pre-general; through ~Oct 22),2023-07-25,Mountain America Credit Union,Mountain America Credit Union,Overdraft Fee,25.00,False,True,raw/2023_adid322_natalie-pinkney-final-campaign-financial-disclosure.pdf,5858e9f3,v26,medium,vision_cache/vision,0
Natalie Pinkney,Council,At-Large,2023,2023-10-31,Final report (pre-general; through ~Oct 22),2023-08-03,Actblue,Actblue,Processing Fee,32.51,False,True,raw/2023_adid322_natalie-pinkney-final-campaign-financial-disclosure.pdf,5858e9f3,v27,medium,vision_cache/vision,0
Natalie Pinkney,Council,At-Large,2023,2023-10-31,Final report (pre-general; through ~Oct 22),2023-08-05,Toolset Action Network,Toolset Action Network,Field Expense,15.00,False,True,raw/2023_adid322_natalie-pinkney-final-campaign-financial-disclosure.pdf,5858e9f3,v28,medium,vision_cache/vision,0
Natalie Pinkney,Council,At-Large,2023,2023-10-31,Final report (pre-general; through ~Oct 22),2023-08-10,Elevate Strategies,Elevate Strategies,Political Consultation Payment,1750.00,False,True,raw/2023_adid322_natalie-pinkney-final-campaign-financial-disclosure.pdf,5858e9f3,v29,medium,vision_cache/vision,0
Natalie Pinkney,Council,At-Large,2023,2023-10-31,Final report (pre-general; through ~Oct 22),2023-08-11,Tissot Solutions,Tissot Solutions,Fundraising Consultation Payment,750.00,False,True,raw/2023_adid322_natalie-pinkney-final-campaign-financial-disclosure.pdf,5858e9f3,v30,medium,vision_cache/vision,0
Natalie Pinkney,Council,At-Large,2023,2023-10-31,Final report (pre-general; through ~Oct 22),2023-08-11,Tissot Solutions,Tissot Solutions,Fundraising Consultation Payment,750.00,False,True,raw/2023_adid322_natalie-pinkney-final-campaign-financial-disclosure.pdf,5858e9f3,v31,medium,vision_cache/vision,0
Natalie Pinkney,Council,At-Large,2023,2023-10-31,Final report (pre-general; through ~Oct 22),2023-08-11,Tissot Solutions,Tissot Solutions,Fundraising Consultation Payment,750.00,False,True,raw/2023_adid322_natalie-pinkney-final-campaign-financial-disclosure.pdf,5858e9f3,v32,medium,vision_cache/vision,0
Natalie Pinkney,Council,At-Large,2023,2023-10-31,Final report (pre-general; through ~Oct 22),2023-08-15,South Salt Lake City,South Salt Lake City,Candidate Filing Fee,25.00,False,True,raw/2023_adid322_natalie-pinkney-final-campaign-financial-disclosure.pdf,5858e9f3,v33,medium,vision_cache/vision,0
Natalie Pinkney,Council,At-Large,2023,2023-10-31,Final report (pre-general; through ~Oct 22),2023-08-16,Ephraim Kum,Ephraim Kum,Payment for work on Campaign,645.00,False,True,raw/2023_adid322_natalie-pinkney-final-campaign-financial-disclosure.pdf,5858e9f3,v34,medium,vision_cache/vision,0
Natalie Pinkney,Council,At-Large,2023,2023-10-31,Final report (pre-general; through ~Oct 22),2023-08-16,Will Leavitt,Will Leavitt,Payment for Work on Campaign,585.00,False,True,raw/2023_adid322_natalie-pinkney-final-campaign-financial-disclosure.pdf,5858e9f3,v35,medium,vision_cache/vision,0
Natalie Pinkney,Council,At-Large,2023,2023-10-31,Final report (pre-general; through ~Oct 22),2023-08-17,Sandrine Mimche,Sandrine Mimche,Payment for Work on Campaign,145.00,False,True,raw/2023_adid322_natalie-pinkney-final-campaign-financial-disclosure.pdf,5858e9f3,v36,medium,vision_cache/vision,0
Natalie Pinkney,Council,At-Large,2023,2023-10-31,Final report (pre-general; through ~Oct 22),2023-08-25,Designedtorun,Designedtorun,Payment for Website Building,175.00,False,True,raw/2023_adid322_natalie-pinkney-final-campaign-financial-disclosure.pdf,5858e9f3,v37,medium,vision_cache/vision,0
Natalie Pinkney,Council,At-Large,2023,2023-10-31,Final report (pre-general; through ~Oct 22),2023-08-29,Elevate Strategies,Elevate Strategies,Political Consultation Payment,2102.58,False,True,raw/2023_adid322_natalie-pinkney-final-campaign-financial-disclosure.pdf,5858e9f3,v38,medium,vision_cache/vision,0
Natalie Pinkney,Council,At-Large,2023,2023-10-31,Final report (pre-general; through ~Oct 22),2023-09-05,Toolset Action Network,Toolset Action Network,Field Expense,12.00,False,True,raw/2023_adid322_natalie-pinkney-final-campaign-financial-disclosure.pdf,5858e9f3,v39,medium,vision_cache/vision,0
Natalie Pinkney,Council,At-Large,2023,2023-10-31,Final report (pre-general; through ~Oct 22),2023-09-05,Actblue,Actblue,Processing Fee,82.07,False,True,raw/2023_adid322_natalie-pinkney-final-campaign-financial-disclosure.pdf,5858e9f3,v40,medium,vision_cache/vision,0
Natalie Pinkney,Council,At-Large,2023,2023-10-31,Final report (pre-general; through ~Oct 22),2023-09-11,Vantiv,Vantiv,Processing Fee,103.14,False,True,raw/2023_adid322_natalie-pinkney-final-campaign-financial-disclosure.pdf,5858e9f3,v41,medium,vision_cache/vision,0
Natalie Pinkney,Council,At-Large,2023,2023-10-31,Final report (pre-general; through ~Oct 22),2023-09-18,Sunprint Solutions,Sunprint Solutions,Literature Printing,354.40,False,True,raw/2023_adid322_natalie-pinkney-final-campaign-financial-disclosure.pdf,5858e9f3,v42,medium,vision_cache/vision,0
Natalie Pinkney,Council,At-Large,2023,2023-10-31,Final report (pre-general; through ~Oct 22),2023-09-25,Designedtorun,Designedtorun,Payment for Website Building,175.00,False,True,raw/2023_adid322_natalie-pinkney-final-campaign-financial-disclosure.pdf,5858e9f3,v43,medium,vision_cache/vision,0
Natalie Pinkney,Council,At-Large,2023,2023-10-31,Final report (pre-general; through ~Oct 22),2023-09-29,Cakes De Fleur,Cakes De Fleur,"Payment for Cake, used for social media for the campaign",79.31,False,True,raw/2023_adid322_natalie-pinkney-final-campaign-financial-disclosure.pdf,5858e9f3,v44,medium,vision_cache/vision,0
Natalie Pinkney,Council,At-Large,2023,2023-10-31,Final report (pre-general; through ~Oct 22),2023-10-02,Tissot Solutions,Tissot Solutions,Fundraising Consultation Payment,750.00,False,True,raw/2023_adid322_natalie-pinkney-final-campaign-financial-disclosure.pdf,5858e9f3,v45,medium,vision_cache/vision,0
Natalie Pinkney,Council,At-Large,2023,2023-10-31,Final report (pre-general; through ~Oct 22),2023-10-05,Toolset Action Network,Toolset Action Network,Proccessing Fee,12.00,False,True,raw/2023_adid322_natalie-pinkney-final-campaign-financial-disclosure.pdf,5858e9f3,v46,medium,vision_cache/vision,0
Natalie Pinkney,Council,At-Large,2023,2023-10-31,Final report (pre-general; through ~Oct 22),2023-10-05,Actblue,Actblue,Processing Fee,14.59,False,True,raw/2023_adid322_natalie-pinkney-final-campaign-financial-disclosure.pdf,5858e9f3,v47,medium,vision_cache/vision,0
Natalie Pinkney,Council,At-Large,2023,2023-10-31,Final report (pre-general; through ~Oct 22),2023-10-11,Vantiv,Vantiv,Proccessing Fee,23.03,False,True,raw/2023_adid322_natalie-pinkney-final-campaign-financial-disclosure.pdf,5858e9f3,v48,medium,vision_cache/vision,0
Natalie Pinkney,Council,At-Large,2023,2023-10-31,Final report (pre-general; through ~Oct 22),2023-10-11,Tissot Solutions,Tissot Solutions,Fundraising Consultation Payment,750.00,False,True,raw/2023_adid322_natalie-pinkney-final-campaign-financial-disclosure.pdf,5858e9f3,v49,medium,vision_cache/vision,0
Natalie Pinkney,Council,At-Large,2023,2023-10-31,Final report (pre-general; through ~Oct 22),2023-10-14,Elevate Strategies,Elevate Strategies,Political Consultation Payment,1000.00,False,True,raw/2023_adid322_natalie-pinkney-final-campaign-financial-disclosure.pdf,5858e9f3,v50,medium,vision_cache/vision,0
Natalie Pinkney,Council,At-Large,2023,2023-10-31,Final report (pre-general; through ~Oct 22),2023-10-19,Sandrine Mimche,Sandrine Mimche,Payment for Work on Campaign,181.25,False,True,raw/2023_adid322_natalie-pinkney-final-campaign-financial-disclosure.pdf,5858e9f3,v51,medium,vision_cache/vision,0
Natalie Pinkney,Council,At-Large,2023,2023-10-31,Final report (pre-general; through ~Oct 22),2023-10-19,Ephraim Kum,Ephraim Kum,Payment for Work on Campaign,100.00,False,True,raw/2023_adid322_natalie-pinkney-final-campaign-financial-disclosure.pdf,5858e9f3,v52,medium,vision_cache/vision,0
Natalie Pinkney,Council,At-Large,2023,2023-10-31,Final report (pre-general; through ~Oct 22),2023-10-19,Will Leavitt,Will Leavitt,Payment for Work on Campaign,175.00,False,True,raw/2023_adid322_natalie-pinkney-final-campaign-financial-disclosure.pdf,5858e9f3,v53,medium,vision_cache/vision,0
Nicholas Mitchell,Council,4,2023,2023-10-31,Final report (pre-general; through ~Oct 22),2023-09-12,Sticker Mule,Sticker Mule,Stickers,232.73,False,True,raw/2023_adid327_nicholas-mitchell-final-campaign-financial-disclosure.pdf,618b37fd,v1,high,vision_cache/vision,0
Nicholas Mitchell,Council,4,2023,2023-10-31,Final report (pre-general; through ~Oct 22),2023-09-15,Amazon,Amazon,Campaign supplies,28.95,False,True,raw/2023_adid327_nicholas-mitchell-final-campaign-financial-disclosure.pdf,618b37fd,v2,high,vision_cache/vision,0
Nicholas Mitchell,Council,4,2023,2023-10-31,Final report (pre-general; through ~Oct 22),2023-09-17,Go Daddy,Go Daddy,Website,18.31,False,True,raw/2023_adid327_nicholas-mitchell-final-campaign-financial-disclosure.pdf,618b37fd,v3,high,vision_cache/vision,0
Nicholas Mitchell,Council,4,2023,2023-10-31,Final report (pre-general; through ~Oct 22),2023-09-23,signs on the go,signs on the go,signs,391.26,False,True,raw/2023_adid327_nicholas-mitchell-final-campaign-financial-disclosure.pdf,618b37fd,v4,high,vision_cache/vision,0
Nicholas Mitchell,Council,4,2023,2023-10-31,Final report (pre-general; through ~Oct 22),2023-09-24,Spoke,Spoke,texts,60.09,False,True,raw/2023_adid327_nicholas-mitchell-final-campaign-financial-disclosure.pdf,618b37fd,v5,high,vision_cache/vision,0
Nicholas Mitchell,Council,4,2023,2023-10-31,Final report (pre-general; through ~Oct 22),2023-09-30,Walmart,Walmart,Campaign supplies,45.28,False,True,raw/2023_adid327_nicholas-mitchell-final-campaign-financial-disclosure.pdf,618b37fd,v6,high,vision_cache/vision,0
Nicholas Mitchell,Council,4,2023,2023-10-31,Final report (pre-general; through ~Oct 22),2023-10-01,Mailchimp,Mailchimp,emails,28.47,False,True,raw/2023_adid327_nicholas-mitchell-final-campaign-financial-disclosure.pdf,618b37fd,v7,high,vision_cache/vision,0
Nicholas Mitchell,Council,4,2023,2023-10-31,Final report (pre-general; through ~Oct 22),2023-10-04,Manuel Giron,Manuel Giron,Political Consultant,150.00,False,True,raw/2023_adid327_nicholas-mitchell-final-campaign-financial-disclosure.pdf,618b37fd,v8,high,vision_cache/vision,0
Nicholas Mitchell,Council,4,2023,2023-10-31,Final report (pre-general; through ~Oct 22),2023-10-04,Manuel Giron,Manuel Giron,Political Consultant,150.00,False,True,raw/2023_adid327_nicholas-mitchell-final-campaign-financial-disclosure.pdf,618b37fd,v9,high,vision_cache/vision,0
Nicholas Mitchell,Council,4,2023,2023-10-31,Final report (pre-general; through ~Oct 22),2023-09-11,Smiths,Smiths,Campaign supplies,40.08,False,True,raw/2023_adid327_nicholas-mitchell-final-campaign-financial-disclosure.pdf,618b37fd,v10,high,vision_cache/vision,0
Nicholas Mitchell,Council,4,2023,2023-10-31,Final report (pre-general; through ~Oct 22),2023-09-10,Amazon,Amazon,canvassing supplies,19.50,False,True,raw/2023_adid327_nicholas-mitchell-final-campaign-financial-disclosure.pdf,618b37fd,v11,high,vision_cache/vision,0
Nicholas Mitchell,Council,4,2023,2023-10-31,Final report (pre-general; through ~Oct 22),2023-09-10,amazon,amazon,Campaign supplies,50.84,False,True,raw/2023_adid327_nicholas-mitchell-final-campaign-financial-disclosure.pdf,618b37fd,v12,high,vision_cache/vision,0
Nicholas Mitchell,Council,4,2023,2023-10-31,Final report (pre-general; through ~Oct 22),2023-08-17,Go Daddy,Go Daddy,website,18.31,False,True,raw/2023_adid327_nicholas-mitchell-final-campaign-financial-disclosure.pdf,618b37fd,v13,high,vision_cache/vision,0
Nicholas Mitchell,Council,4,2023,2023-10-31,Final report (pre-general; through ~Oct 22),2023-08-11,Spoke,Spoke,texting set up,95.00,False,True,raw/2023_adid327_nicholas-mitchell-final-campaign-financial-disclosure.pdf,618b37fd,v14,high,vision_cache/vision,0
Nicholas Mitchell,Council,4,2023,2023-10-31,Final report (pre-general; through ~Oct 22),2023-07-01,Go Daddy,Go Daddy,website,18.31,False,True,raw/2023_adid327_nicholas-mitchell-final-campaign-financial-disclosure.pdf,618b37fd,v15,high,vision_cache/vision,0
Nicholas Mitchell,Council,4,2023,2023-10-31,Final report (pre-general; through ~Oct 22),2023-08-27,UVU printing,Uvu printing,Lit pieces,226.00,False,True,raw/2023_adid327_nicholas-mitchell-final-campaign-financial-disclosure.pdf,618b37fd,v16,high,vision_cache/vision,0
Nicholas Mitchell,Council,4,2023,2023-10-31,Final report (pre-general; through ~Oct 22),2023-10-18,Google,Google,google Ads,10.00,False,True,raw/2023_adid327_nicholas-mitchell-final-campaign-financial-disclosure.pdf,618b37fd,v17,high,vision_cache/vision,0
Nicholas Mitchell,Council,4,2023,2023-10-31,Final report (pre-general; through ~Oct 22),2023-10-17,Go Daddy,Go Daddy,website,18.31,False,True,raw/2023_adid327_nicholas-mitchell-final-campaign-financial-disclosure.pdf,618b37fd,v18,high,vision_cache/vision,0
Nicholas Mitchell,Council,4,2023,2023-10-31,Final report (pre-general; through ~Oct 22),2023-10-22,Spoke,Spoke,texting,29.50,False,True,raw/2023_adid327_nicholas-mitchell-final-campaign-financial-disclosure.pdf,618b37fd,v19,high,vision_cache/vision,0
Paul Sanchez,Council,5,2023,2023-10-31,Final report (pre-general; through ~Oct 22),2023-09-14,Act Blue,Act Blue,Service Fee,3.76,False,False,raw/2023_adid328_paul-sanchez-final-campaign-financial-disclosure.pdf,c49f987b,v1,high,vision_cache/vision,0
Paul Sanchez,Council,5,2023,2023-10-31,Final report (pre-general; through ~Oct 22),2023-08-24,Act Blue,Act Blue,Service Fee,3.75,False,False,raw/2023_adid328_paul-sanchez-final-campaign-financial-disclosure.pdf,c49f987b,v2,high,vision_cache/vision,0
Paul Sanchez,Council,5,2023,2023-10-31,Final report (pre-general; through ~Oct 22),2023-08-31,Brighton Bank,Brighton Bank,Maintenance Fee,5.00,False,False,raw/2023_adid328_paul-sanchez-final-campaign-financial-disclosure.pdf,c49f987b,v3,high,vision_cache/vision,0
Paul Sanchez,Council,5,2023,2023-10-31,Final report (pre-general; through ~Oct 22),2023-09-29,Brighton Bank,Brighton Bank,Maintenance Fee,5.00,False,False,raw/2023_adid328_paul-sanchez-final-campaign-financial-disclosure.pdf,c49f987b,v4,high,vision_cache/vision,0
Paul Sanchez,Council,5,2023,2023-10-31,Final report (pre-general; through ~Oct 22),2023-10-02,Gary Hrechki Campaign,Gary Hrechki Campaign,Campaign Cont,102.00,False,False,raw/2023_adid328_paul-sanchez-final-campaign-financial-disclosure.pdf,c49f987b,v5,high,vision_cache/vision,0
Paul Sanchez,Council,5,2023,2023-10-31,Final report (pre-general; through ~Oct 22),2023-10-02,Facebook,Facebook,Internet Marketing,147.72,False,False,raw/2023_adid328_paul-sanchez-final-campaign-financial-disclosure.pdf,c49f987b,v6,high,vision_cache/vision,0
Paul Sanchez,Council,5,2023,2023-10-31,Final report (pre-general; through ~Oct 22),2023-10-05,Clideo.com,Clideo.com,Video Editor Software,9.67,False,False,raw/2023_adid328_paul-sanchez-final-campaign-financial-disclosure.pdf,c49f987b,v7,high,vision_cache/vision,0
Paul Sanchez,Council,5,2023,2023-10-31,Final report (pre-general; through ~Oct 22),2023-10-19,James Gonzales,James Gonzales,Political Consulting,250.00,False,False,raw/2023_adid328_paul-sanchez-final-campaign-financial-disclosure.pdf,c49f987b,v8,high,vision_cache/vision,0
Paul Sanchez,Council,5,2023,2023-10-31,Final report (pre-general; through ~Oct 22),2023-11-01,Act Blue,Act Blue,Service Fee,3.75,False,False,raw/2023_adid328_paul-sanchez-final-campaign-financial-disclosure.pdf,c49f987b,v9,high,vision_cache/vision,0
Paul Sanchez,Council,5,2023,2023-10-31,Final report (pre-general; through ~Oct 22),2023-10-19,Ana for Salt Lake,Ana for Salt Lake,service fee,10.62,False,False,raw/2023_adid328_paul-sanchez-final-campaign-financial-disclosure.pdf,c49f987b,v10,high,vision_cache/vision,0
Portia Mila,Council,4,2023,2023-10-31,Final report (pre-general; through ~Oct 22),,PurpleMoss Photography,PurpleMoss Photography,updated pictures,322.17,False,True,raw/2023_adid326_portia-mila-final-campaign-financial-disclosure.pdf,2628aa9c,v1,medium,vision_cache/vision,0
Portia Mila,Council,4,2023,2023-10-31,Final report (pre-general; through ~Oct 22),,Landslide Political,Landslide Political,"general consulting, social media",800.00,False,True,raw/2023_adid326_portia-mila-final-campaign-financial-disclosure.pdf,2628aa9c,v2,medium,vision_cache/vision,0
Conrad Campos,Council,At-Large,2023,2023-11-15,Election-period report (~Oct 23-Nov 8),,Landslide Political,Landslide Political,Direct Mailer,3495.50,False,True,raw/2023_adid330_conrad-campos-electionl-campaign-financial-disclosure.pdf,d51a0261,v1,medium,vision_cache/vision,0
Conrad Campos,Council,At-Large,2023,2023-11-15,Election-period report (~Oct 23-Nov 8),,AlphaGraphics,AlphaGraphics,Candidate Card,75.26,False,True,raw/2023_adid330_conrad-campos-electionl-campaign-financial-disclosure.pdf,d51a0261,v2,medium,vision_cache/vision,0
Conrad Campos,Council,At-Large,2023,2023-11-15,Election-period report (~Oct 23-Nov 8),,Campaign Partner,Campaign Partner,Website,29.00,False,True,raw/2023_adid330_conrad-campos-electionl-campaign-financial-disclosure.pdf,d51a0261,v3,medium,vision_cache/vision,0
Natalie Pinkney,Council,At-Large,2023,2023-11-15,Election-period report (~Oct 23-Nov 8),2023-10-25,DesignedToRun,DesignedToRun,Payment for Website,175.00,False,True,raw/2023_adid329_natalie-pinkney-electionl-campaign-financial-disclosure.pdf,fc4699a5,v1,medium,vision_cache/vision,0
Natalie Pinkney,Council,At-Large,2023,2023-11-15,Election-period report (~Oct 23-Nov 8),2023-10-31,Loyal Perch Media,Loyal Perch Media,,400.00,False,True,raw/2023_adid329_natalie-pinkney-electionl-campaign-financial-disclosure.pdf,fc4699a5,v2,medium,vision_cache/vision,0
Natalie Pinkney,Council,At-Large,2023,2023-11-15,Election-period report (~Oct 23-Nov 8),2023-11-01,Lyon Printing,Lyon Printing,Payment for Literature,1217.00,False,True,raw/2023_adid329_natalie-pinkney-electionl-campaign-financial-disclosure.pdf,fc4699a5,v3,medium,vision_cache/vision,0
Natalie Pinkney,Council,At-Large,2023,2023-11-15,Election-period report (~Oct 23-Nov 8),2023-11-02,Lyon Printing,Lyon Printing,Payment for Literature,423.64,False,True,raw/2023_adid329_natalie-pinkney-electionl-campaign-financial-disclosure.pdf,fc4699a5,v4,medium,vision_cache/vision,0
Natalie Pinkney,Council,At-Large,2023,2023-11-15,Election-period report (~Oct 23-Nov 8),2023-11-02,Lyon Printing,Lyon Printing,Payment for Literature,423.64,False,True,raw/2023_adid329_natalie-pinkney-electionl-campaign-financial-disclosure.pdf,fc4699a5,v5,medium,vision_cache/vision,0
Natalie Pinkney,Council,At-Large,2023,2023-11-15,Election-period report (~Oct 23-Nov 8),2023-11-03,ActBlue,ActBlue,Processing Fee,32.33,False,True,raw/2023_adid329_natalie-pinkney-electionl-campaign-financial-disclosure.pdf,fc4699a5,v6,medium,vision_cache/vision,0
Natalie Pinkney,Council,At-Large,2023,2023-11-15,Election-period report (~Oct 23-Nov 8),2023-11-03,Ephraim Kum,Ephraim Kum,Payment for Work done on Campaign,425.00,False,True,raw/2023_adid329_natalie-pinkney-electionl-campaign-financial-disclosure.pdf,fc4699a5,v7,medium,vision_cache/vision,0
Natalie Pinkney,Council,At-Large,2023,2023-11-15,Election-period report (~Oct 23-Nov 8),2023-11-03,Will Leavitt,Will Leavitt,Payment for Work done on Campaign,531.25,False,True,raw/2023_adid329_natalie-pinkney-electionl-campaign-financial-disclosure.pdf,fc4699a5,v8,medium,vision_cache/vision,0
Natalie Pinkney,Council,At-Large,2023,2023-11-15,Election-period report (~Oct 23-Nov 8),2023-11-05,Toolset Action Network,Toolset Action Network,Field Expense,10.00,False,True,raw/2023_adid329_natalie-pinkney-electionl-campaign-financial-disclosure.pdf,fc4699a5,v9,medium,vision_cache/vision,0
Nicholas Mitchell,Council,4,2023,2023-11-15,Election-period report (~Oct 23-Nov 8),2023-10-30,Billy Clouse,Billy Clouse,literature Pieces,250.96,False,True,raw/2023_adid334_nicholas-mitchell-electionl-campaign-financial-disclosure.pdf,b1f3d787,v1,high,vision_cache/vision,0
Nicholas Mitchell,Council,4,2023,2023-11-15,Election-period report (~Oct 23-Nov 8),2023-11-01,Mail chimp,Mail chimp,Email marketing,28.47,False,True,raw/2023_adid334_nicholas-mitchell-electionl-campaign-financial-disclosure.pdf,b1f3d787,v2,high,vision_cache/vision,0
Nicholas Mitchell,Council,4,2023,2023-11-15,Election-period report (~Oct 23-Nov 8),2023-11-01,Sun print solutions,Sun print solutions,signs for lawns,387.00,False,True,raw/2023_adid334_nicholas-mitchell-electionl-campaign-financial-disclosure.pdf,b1f3d787,v3,high,vision_cache/vision,0
Nicholas Mitchell,Council,4,2023,2023-11-15,Election-period report (~Oct 23-Nov 8),2023-11-01,Google Ads,Google Ads,Ads,55.74,False,True,raw/2023_adid334_nicholas-mitchell-electionl-campaign-financial-disclosure.pdf,b1f3d787,v4,high,vision_cache/vision,0
Nicholas Mitchell,Council,4,2023,2023-11-15,Election-period report (~Oct 23-Nov 8),2023-11-02,sunprint solutions,sunprint solutions,mailers,389.72,False,True,raw/2023_adid334_nicholas-mitchell-electionl-campaign-financial-disclosure.pdf,b1f3d787,v5,high,vision_cache/vision,0
Nicholas Mitchell,Council,4,2023,2023-11-15,Election-period report (~Oct 23-Nov 8),2023-11-06,Google ads,Google ads,Ads,200.00,False,True,raw/2023_adid334_nicholas-mitchell-electionl-campaign-financial-disclosure.pdf,b1f3d787,v6,high,vision_cache/vision,0
Nicholas Mitchell,Council,4,2023,2023-11-15,Election-period report (~Oct 23-Nov 8),2023-11-07,sunprint solutions,sunprint solutions,mailers,392.07,False,True,raw/2023_adid334_nicholas-mitchell-electionl-campaign-financial-disclosure.pdf,b1f3d787,v7,high,vision_cache/vision,0
Nicholas Mitchell,Council,4,2023,2023-11-15,Election-period report (~Oct 23-Nov 8),2023-11-08,Canva,Canva,graphic desgin program,14.99,False,True,raw/2023_adid334_nicholas-mitchell-electionl-campaign-financial-disclosure.pdf,b1f3d787,v8,high,vision_cache/vision,0
Paul Sanchez,Council,5,2023,2023-11-15,Election-period report (~Oct 23-Nov 8),2023-09-14,Act Blue,Act Blue,Service Fee,3.76,False,False,raw/2023_adid335_paul-sanchez-electionl-campaign-financial-disclosure.pdf,a21b529e,v1,medium,vision_cache/vision,0
Paul Sanchez,Council,5,2023,2023-11-15,Election-period report (~Oct 23-Nov 8),2023-08-24,Act Blue,Act Blue,Service Fee,3.75,False,False,raw/2023_adid335_paul-sanchez-electionl-campaign-financial-disclosure.pdf,a21b529e,v2,medium,vision_cache/vision,0
Paul Sanchez,Council,5,2023,2023-11-15,Election-period report (~Oct 23-Nov 8),2023-08-31,Brighton Bank,Brighton Bank,Maintenance Fee,5.00,False,False,raw/2023_adid335_paul-sanchez-electionl-campaign-financial-disclosure.pdf,a21b529e,v3,medium,vision_cache/vision,0
Paul Sanchez,Council,5,2023,2023-11-15,Election-period report (~Oct 23-Nov 8),2023-09-29,Brighton Bank,Brighton Bank,Maintenance Fee,5.00,False,False,raw/2023_adid335_paul-sanchez-electionl-campaign-financial-disclosure.pdf,a21b529e,v4,medium,vision_cache/vision,0
Paul Sanchez,Council,5,2023,2023-11-15,Election-period report (~Oct 23-Nov 8),2023-10-02,Gary Hrechki Campaign,Gary Hrechki Campaign,Campaign Cont,102.00,False,False,raw/2023_adid335_paul-sanchez-electionl-campaign-financial-disclosure.pdf,a21b529e,v5,medium,vision_cache/vision,0
Paul Sanchez,Council,5,2023,2023-11-15,Election-period report (~Oct 23-Nov 8),2023-10-02,Facebook,Facebook,Internet Marketing,147.72,False,False,raw/2023_adid335_paul-sanchez-electionl-campaign-financial-disclosure.pdf,a21b529e,v6,medium,vision_cache/vision,0
Paul Sanchez,Council,5,2023,2023-11-15,Election-period report (~Oct 23-Nov 8),2023-10-05,Clideo.com,Clideo.com,Video Editor Software,9.67,False,False,raw/2023_adid335_paul-sanchez-electionl-campaign-financial-disclosure.pdf,a21b529e,v7,medium,vision_cache/vision,0
Paul Sanchez,Council,5,2023,2023-11-15,Election-period report (~Oct 23-Nov 8),2023-10-19,James Gonzales,James Gonzales,Political Consulting,250.00,False,False,raw/2023_adid335_paul-sanchez-electionl-campaign-financial-disclosure.pdf,a21b529e,v8,medium,vision_cache/vision,0
Paul Sanchez,Council,5,2023,2023-11-15,Election-period report (~Oct 23-Nov 8),2023-11-01,Act Blue,Act Blue,Service Fee,3.75,False,False,raw/2023_adid335_paul-sanchez-electionl-campaign-financial-disclosure.pdf,a21b529e,v9,medium,vision_cache/vision,0
Paul Sanchez,Council,5,2023,2023-11-15,Election-period report (~Oct 23-Nov 8),2023-10-19,Ana for Salt Lake,Ana for Salt Lake,service fee,10.62,False,False,raw/2023_adid335_paul-sanchez-electionl-campaign-financial-disclosure.pdf,a21b529e,v10,medium,vision_cache/vision,0
Paul Sanchez,Council,5,2023,2023-11-15,Election-period report (~Oct 23-Nov 8),2023-10-25,Mitchell Vice,Mitchell Vice,Website and Graphics Design,638.28,False,False,raw/2023_adid335_paul-sanchez-electionl-campaign-financial-disclosure.pdf,a21b529e,v11,medium,vision_cache/vision,0
Paul Sanchez,Council,5,2023,2023-11-15,Election-period report (~Oct 23-Nov 8),2023-10-30,James Gonzales,James Gonzales,Paypal Fee,7.55,False,False,raw/2023_adid335_paul-sanchez-electionl-campaign-financial-disclosure.pdf,a21b529e,v12,medium,vision_cache/vision,0
Paul Sanchez,Council,5,2023,2023-11-15,Election-period report (~Oct 23-Nov 8),2023-10-31,Ana for Salt Lake,Ana for Salt Lake,service fee for donation,10.62,False,False,raw/2023_adid335_paul-sanchez-electionl-campaign-financial-disclosure.pdf,a21b529e,v13,medium,vision_cache/vision,0
Paul Sanchez,Council,5,2023,2023-11-15,Election-period report (~Oct 23-Nov 8),2023-10-31,Ana for Salt Lake,Ana for Salt Lake,Political Donation,100.00,False,False,raw/2023_adid335_paul-sanchez-electionl-campaign-financial-disclosure.pdf,a21b529e,v14,medium,vision_cache/vision,0
Paul Sanchez,Council,5,2023,2023-11-15,Election-period report (~Oct 23-Nov 8),2023-10-31,Brighton Bank,Brighton Bank,Service Fee,5.00,False,False,raw/2023_adid335_paul-sanchez-electionl-campaign-financial-disclosure.pdf,a21b529e,v15,medium,vision_cache/vision,0
Paul Sanchez,Council,5,2023,2023-11-15,Election-period report (~Oct 23-Nov 8),2023-11-03,Peter Hildyard,Peter Hildyard,Banner and Flyers,187.03,False,False,raw/2023_adid335_paul-sanchez-electionl-campaign-financial-disclosure.pdf,a21b529e,v16,medium,vision_cache/vision,0
Paul Sanchez,Council,5,2023,2023-11-15,Election-period report (~Oct 23-Nov 8),2023-11-06,Clideo,Clideo,Video Editor Software,9.67,False,False,raw/2023_adid335_paul-sanchez-electionl-campaign-financial-disclosure.pdf,a21b529e,v17,medium,vision_cache/vision,0
Portia Mila,Council,4,2023,2023-11-15,Election-period report (~Oct 23-Nov 8),,Reagan Outdoor Ad. (in kind),Reagan Outdoor Ad. (in kind),bill board,1500.00,True,True,raw/2023_adid333_portia-mila-electionl-campaign-financial-disclosure.pdf,60b8a400,v1,medium,vision_cache/vision,0
Natalie Pinkney,Council,At-Large,2023,2023-12-31,Final report (year-end; transactions Nov 15+),2023-11-21,Target,Target,Campaign Expense - Supplies for Event,105.80,False,True,raw/2023_adid336_natalie-pinkney-final-campaign-financial-disclosure.pdf,969e46b7,v1,low,vision_cache/vision,1
Natalie Pinkney,Council,At-Large,2023,2023-12-31,Final report (year-end; transactions Nov 15+),2023-11-21,Sunbelt Rentals,Sunbelt Rentals,Campaign Expense - Payment for Rental for Campaign Event,1137.03,False,True,raw/2023_adid336_natalie-pinkney-final-campaign-financial-disclosure.pdf,969e46b7,v2,low,vision_cache/vision,1
Natalie Pinkney,Council,At-Large,2023,2023-12-31,Final report (year-end; transactions Nov 15+),2023-11-25,Office Depot,Office Depot,Campaign Expense - Supplies for Event,26.00,False,True,raw/2023_adid336_natalie-pinkney-final-campaign-financial-disclosure.pdf,969e46b7,v3,low,vision_cache/vision,1
Natalie Pinkney,Council,At-Large,2023,2023-12-31,Final report (year-end; transactions Nov 15+),2023-11-25,DESIGNEDTORUN,Designedtorun,Advertising - Website building expense,175.00,False,True,raw/2023_adid336_natalie-pinkney-final-campaign-financial-disclosure.pdf,969e46b7,v4,low,vision_cache/vision,1
Natalie Pinkney,Council,At-Large,2023,2023-12-31,Final report (year-end; transactions Nov 15+),2023-11-28,Sunbelt Rentals - Deposit Refund,Sunbelt Rentals - Deposit Refund,Deposit Refund,500.00,False,True,raw/2023_adid336_natalie-pinkney-final-campaign-financial-disclosure.pdf,969e46b7,v5,low,vision_cache/vision,1
Natalie Pinkney,Council,At-Large,2023,2023-12-31,Final report (year-end; transactions Nov 15+),2023-12-01,Utah Democratic Party,Utah Democratic Party,Campaign Expense - Payment for Campaign materials,46.80,False,True,raw/2023_adid336_natalie-pinkney-final-campaign-financial-disclosure.pdf,969e46b7,v6,low,vision_cache/vision,1
Natalie Pinkney,Council,At-Large,2023,2023-12-31,Final report (year-end; transactions Nov 15+),2023-12-03,Smiths,Smiths,Campaign Expense - Supplies For Event,9.04,False,True,raw/2023_adid336_natalie-pinkney-final-campaign-financial-disclosure.pdf,969e46b7,v7,low,vision_cache/vision,1
Natalie Pinkney,Council,At-Large,2023,2023-12-31,Final report (year-end; transactions Nov 15+),2023-12-04,ActBlue,ActBlue,Campaign Expense - Processing Fee,25.00,False,True,raw/2023_adid336_natalie-pinkney-final-campaign-financial-disclosure.pdf,969e46b7,v8,low,vision_cache/vision,1
Natalie Pinkney,Council,At-Large,2023,2023-12-31,Final report (year-end; transactions Nov 15+),2023-12-05,Toolset Action Network,Toolset Action Network,Campaign Expense - Processing Fee,10.00,False,True,raw/2023_adid336_natalie-pinkney-final-campaign-financial-disclosure.pdf,969e46b7,v9,low,vision_cache/vision,1
Natalie Pinkney,Council,At-Large,2023,2023-12-31,Final report (year-end; transactions Nov 15+),2023-12-07,Wave Mobile Money,Wave Mobile Money,Campaign Expense - Payment for Photographer,643.50,False,True,raw/2023_adid336_natalie-pinkney-final-campaign-financial-disclosure.pdf,969e46b7,v10,low,vision_cache/vision,1
Natalie Pinkney,Council,At-Large,2023,2023-12-31,Final report (year-end; transactions Nov 15+),2023-12-08,PandaDoc,PandaDoc,Campaign Expense - Processing Fee,37.61,False,True,raw/2023_adid336_natalie-pinkney-final-campaign-financial-disclosure.pdf,969e46b7,v11,low,vision_cache/vision,1
Natalie Pinkney,Council,At-Large,2023,2023-12-31,Final report (year-end; transactions Nov 15+),2023-12-09,Utah Democratic Party,Utah Democratic Party,Campaign Expense - Payment for Campaign Materials,30.00,False,True,raw/2023_adid336_natalie-pinkney-final-campaign-financial-disclosure.pdf,969e46b7,v12,low,vision_cache/vision,1
Natalie Pinkney,Council,At-Large,2023,2023-12-31,Final report (year-end; transactions Nov 15+),2023-12-11,Tissot Solutions,Tissot Solutions,Campaign Expense - Paymetn for Fundraising Consultation,750.00,False,True,raw/2023_adid336_natalie-pinkney-final-campaign-financial-disclosure.pdf,969e46b7,v13,low,vision_cache/vision,1
Natalie Pinkney,Council,At-Large,2023,2023-12-31,Final report (year-end; transactions Nov 15+),2023-12-18,Google Domains,Google Domains,Advertising - Payment for Campaign Website Domain,35.77,False,True,raw/2023_adid336_natalie-pinkney-final-campaign-financial-disclosure.pdf,969e46b7,v14,low,vision_cache/vision,1
Natalie Pinkney,Council,At-Large,2023,2023-12-31,Final report (year-end; transactions Nov 15+),2023-12-18,RUN! - Deposit Refund,RUN! - Deposit Refund,Deposit Refund,125.00,False,True,raw/2023_adid336_natalie-pinkney-final-campaign-financial-disclosure.pdf,969e46b7,v15,low,vision_cache/vision,1
Natalie Pinkney,Council,At-Large,2023,2023-12-31,Final report (year-end; transactions Nov 15+),2023-12-18,RUN! - Deposit Refund,RUN! - Deposit Refund,Deposit Refund,125.00,False,True,raw/2023_adid336_natalie-pinkney-final-campaign-financial-disclosure.pdf,969e46b7,v16,low,vision_cache/vision,1
Natalie Pinkney,Council,At-Large,2023,2023-12-31,Final report (year-end; transactions Nov 15+),2023-12-20,Tissot Solutions,Tissot Solutions,Campaign Expense - Payment for Fundraising Consultation,1500.00,False,True,raw/2023_adid336_natalie-pinkney-final-campaign-financial-disclosure.pdf,969e46b7,v17,low,vision_cache/vision,1
Nicholas Mitchell,Council,4,2023,2023-12-31,Final report (year-end; transactions Nov 15+),2023-11-15,sun lithographic,sun lithographic,Mailers,396.04,False,True,raw/2023_adid340_nicholas-mitchell-final-campaign-financial-disclosure.pdf,f5af365c,v1,low,vision_cache/vision,1
Nicholas Mitchell,Council,4,2023,2023-12-31,Final report (year-end; transactions Nov 15+),2023-11-17,Go daddy,Go daddy,webstie,18.31,False,True,raw/2023_adid340_nicholas-mitchell-final-campaign-financial-disclosure.pdf,f5af365c,v2,low,vision_cache/vision,1
Nicholas Mitchell,Council,4,2023,2023-12-31,Final report (year-end; transactions Nov 15+),2023-11-19,tandoor grill,tandoor grill,meeting,97.42,False,True,raw/2023_adid340_nicholas-mitchell-final-campaign-financial-disclosure.pdf,f5af365c,v3,low,vision_cache/vision,1
Nicholas Mitchell,Council,4,2023,2023-12-31,Final report (year-end; transactions Nov 15+),2023-11-20,Google,Google,ads,350.00,False,True,raw/2023_adid340_nicholas-mitchell-final-campaign-financial-disclosure.pdf,f5af365c,v4,low,vision_cache/vision,1
Nicholas Mitchell,Council,4,2023,2023-12-31,Final report (year-end; transactions Nov 15+),2023-11-22,ranchero markets,ranchero markets,Election night party,13.59,False,True,raw/2023_adid340_nicholas-mitchell-final-campaign-financial-disclosure.pdf,f5af365c,v5,low,vision_cache/vision,1
Nicholas Mitchell,Council,4,2023,2023-12-31,Final report (year-end; transactions Nov 15+),2023-11-22,smiths,smiths,Election night party,89.45,False,True,raw/2023_adid340_nicholas-mitchell-final-campaign-financial-disclosure.pdf,f5af365c,v6,low,vision_cache/vision,1
Nicholas Mitchell,Council,4,2023,2023-12-31,Final report (year-end; transactions Nov 15+),2023-11-22,walgreens,walgreens,Election night party,12.35,False,True,raw/2023_adid340_nicholas-mitchell-final-campaign-financial-disclosure.pdf,f5af365c,v7,low,vision_cache/vision,1
Nicholas Mitchell,Council,4,2023,2023-12-31,Final report (year-end; transactions Nov 15+),2023-11-22,state liqour store,state liqour store,Election night party,69.85,False,True,raw/2023_adid340_nicholas-mitchell-final-campaign-financial-disclosure.pdf,f5af365c,v8,low,vision_cache/vision,1
Nicholas Mitchell,Council,4,2023,2023-12-31,Final report (year-end; transactions Nov 15+),2023-11-23,The pie,The pie,Election night party,77.04,False,True,raw/2023_adid340_nicholas-mitchell-final-campaign-financial-disclosure.pdf,f5af365c,v9,low,vision_cache/vision,1
Nicholas Mitchell,Council,4,2023,2023-12-31,Final report (year-end; transactions Nov 15+),2023-11-23,The pie,The pie,Election night party,48.98,False,True,raw/2023_adid340_nicholas-mitchell-final-campaign-financial-disclosure.pdf,f5af365c,v10,low,vision_cache/vision,1
Nicholas Mitchell,Council,4,2023,2023-12-31,Final report (year-end; transactions Nov 15+),2023-11-23,manuel,manuel,Campaign staff pay,150.00,False,True,raw/2023_adid340_nicholas-mitchell-final-campaign-financial-disclosure.pdf,f5af365c,v11,low,vision_cache/vision,1
Nicholas Mitchell,Council,4,2023,2023-12-31,Final report (year-end; transactions Nov 15+),2023-11-24,Amazon,Amazon,Thank you cards,23.63,False,True,raw/2023_adid340_nicholas-mitchell-final-campaign-financial-disclosure.pdf,f5af365c,v12,low,vision_cache/vision,1
Nicholas Mitchell,Council,4,2023,2023-12-31,Final report (year-end; transactions Nov 15+),2023-12-09,campaign,campaign,Campaign staff pay,300.00,False,True,raw/2023_adid340_nicholas-mitchell-final-campaign-financial-disclosure.pdf,f5af365c,v13,low,vision_cache/vision,1
Nicholas Mitchell,Council,4,2023,2023-12-31,Final report (year-end; transactions Nov 15+),2023-11-29,Google,Google,google ads,13.71,False,True,raw/2023_adid340_nicholas-mitchell-final-campaign-financial-disclosure.pdf,f5af365c,v14,low,vision_cache/vision,1
Nicholas Mitchell,Council,4,2023,2023-12-31,Final report (year-end; transactions Nov 15+),2023-12-01,mailchimp,mailchimp,mailchimp,28.47,False,True,raw/2023_adid340_nicholas-mitchell-final-campaign-financial-disclosure.pdf,f5af365c,v15,low,vision_cache/vision,1
Nicholas Mitchell,Council,4,2023,2023-12-31,Final report (year-end; transactions Nov 15+),2023-12-08,canva,canva,canva,14.99,False,True,raw/2023_adid340_nicholas-mitchell-final-campaign-financial-disclosure.pdf,f5af365c,v16,low,vision_cache/vision,1
Paul Sanchez,Council,5,2023,2023-12-31,Final report (year-end; transactions Nov 15+),2023-09-14,Act Blue,Act Blue,Service Fee,3.76,False,False,raw/2023_adid341_paul-sanchez-final-campaign-financial-disclosure.pdf,8dd3da5a,v1,medium,vision_cache/vision,0
Paul Sanchez,Council,5,2023,2023-12-31,Final report (year-end; transactions Nov 15+),2023-08-24,Act Blue,Act Blue,Service Fee,3.75,False,False,raw/2023_adid341_paul-sanchez-final-campaign-financial-disclosure.pdf,8dd3da5a,v2,medium,vision_cache/vision,0
Paul Sanchez,Council,5,2023,2023-12-31,Final report (year-end; transactions Nov 15+),2023-08-31,Brighton Bank,Brighton Bank,Maintenance Fee,5.00,False,False,raw/2023_adid341_paul-sanchez-final-campaign-financial-disclosure.pdf,8dd3da5a,v3,medium,vision_cache/vision,0
Paul Sanchez,Council,5,2023,2023-12-31,Final report (year-end; transactions Nov 15+),2023-09-29,Brighton Bank,Brighton Bank,Maintenance Fee,5.00,False,False,raw/2023_adid341_paul-sanchez-final-campaign-financial-disclosure.pdf,8dd3da5a,v4,medium,vision_cache/vision,0
Paul Sanchez,Council,5,2023,2023-12-31,Final report (year-end; transactions Nov 15+),2023-10-02,Gary Hrechki Campaign,Gary Hrechki Campaign,Campaign Cont,102.00,False,False,raw/2023_adid341_paul-sanchez-final-campaign-financial-disclosure.pdf,8dd3da5a,v5,medium,vision_cache/vision,0
Paul Sanchez,Council,5,2023,2023-12-31,Final report (year-end; transactions Nov 15+),2023-10-02,Facebook,Facebook,Internet Marketing,147.72,False,False,raw/2023_adid341_paul-sanchez-final-campaign-financial-disclosure.pdf,8dd3da5a,v6,medium,vision_cache/vision,0
Paul Sanchez,Council,5,2023,2023-12-31,Final report (year-end; transactions Nov 15+),2023-10-05,Clideo.com,Clideo.com,Video Editor Software,9.67,False,False,raw/2023_adid341_paul-sanchez-final-campaign-financial-disclosure.pdf,8dd3da5a,v7,medium,vision_cache/vision,0
Paul Sanchez,Council,5,2023,2023-12-31,Final report (year-end; transactions Nov 15+),2023-10-19,James Gonzales,James Gonzales,Political Consulting,250.00,False,False,raw/2023_adid341_paul-sanchez-final-campaign-financial-disclosure.pdf,8dd3da5a,v8,medium,vision_cache/vision,0
Paul Sanchez,Council,5,2023,2023-12-31,Final report (year-end; transactions Nov 15+),2023-11-01,Act Blue,Act Blue,Service Fee,3.75,False,False,raw/2023_adid341_paul-sanchez-final-campaign-financial-disclosure.pdf,8dd3da5a,v9,medium,vision_cache/vision,0
Paul Sanchez,Council,5,2023,2023-12-31,Final report (year-end; transactions Nov 15+),2023-10-19,Ana for Salt Lake,Ana for Salt Lake,service fee,10.62,False,False,raw/2023_adid341_paul-sanchez-final-campaign-financial-disclosure.pdf,8dd3da5a,v10,medium,vision_cache/vision,0
Paul Sanchez,Council,5,2023,2023-12-31,Final report (year-end; transactions Nov 15+),2023-10-25,Mitchell Vice,Mitchell Vice,Website and Graphics Design,638.28,False,False,raw/2023_adid341_paul-sanchez-final-campaign-financial-disclosure.pdf,8dd3da5a,v11,medium,vision_cache/vision,0
Paul Sanchez,Council,5,2023,2023-12-31,Final report (year-end; transactions Nov 15+),2023-10-30,James Gonzales,James Gonzales,Paypal Fee,7.55,False,False,raw/2023_adid341_paul-sanchez-final-campaign-financial-disclosure.pdf,8dd3da5a,v12,medium,vision_cache/vision,0
Paul Sanchez,Council,5,2023,2023-12-31,Final report (year-end; transactions Nov 15+),2023-10-31,Ana for Salt Lake,Ana for Salt Lake,service fee for donation,10.62,False,False,raw/2023_adid341_paul-sanchez-final-campaign-financial-disclosure.pdf,8dd3da5a,v13,medium,vision_cache/vision,0
Paul Sanchez,Council,5,2023,2023-12-31,Final report (year-end; transactions Nov 15+),2023-10-31,Ana for Salt Lake,Ana for Salt Lake,Political Donation,100.00,False,False,raw/2023_adid341_paul-sanchez-final-campaign-financial-disclosure.pdf,8dd3da5a,v14,medium,vision_cache/vision,0
Paul Sanchez,Council,5,2023,2023-12-31,Final report (year-end; transactions Nov 15+),2023-10-31,Brighton Bank,Brighton Bank,Service Fee,5.00,False,False,raw/2023_adid341_paul-sanchez-final-campaign-financial-disclosure.pdf,8dd3da5a,v15,medium,vision_cache/vision,0
Paul Sanchez,Council,5,2023,2023-12-31,Final report (year-end; transactions Nov 15+),2023-11-03,Peter Hildyard,Peter Hildyard,Banner and Flyers,187.03,False,False,raw/2023_adid341_paul-sanchez-final-campaign-financial-disclosure.pdf,8dd3da5a,v16,medium,vision_cache/vision,0
Paul Sanchez,Council,5,2023,2023-12-31,Final report (year-end; transactions Nov 15+),2023-11-06,Clideo,Clideo,Video Editor Software,9.67,False,False,raw/2023_adid341_paul-sanchez-final-campaign-financial-disclosure.pdf,8dd3da5a,v17,medium,vision_cache/vision,0
Paul Sanchez,Council,5,2023,2023-12-31,Final report (year-end; transactions Nov 15+),2023-11-30,Brighton Bank,Brighton Bank,Service Fee,5.00,False,False,raw/2023_adid341_paul-sanchez-final-campaign-financial-disclosure.pdf,8dd3da5a,v18,medium,vision_cache/vision,0
Aileen Hampton,Council,3,2025,2025-10-07,Pre-general report (Oct 7 / 28-day filing),2025-08-19,City of SSL,City of Ssl,Filing Fee,25.00,False,True,raw/2025_adid302_aileen-hampton-final-campaign-financial-disclosure.pdf,66b45c49,v1,medium,vision_cache/vision,0
Aileen Hampton,Council,3,2025,2025-10-07,Pre-general report (Oct 7 / 28-day filing),2025-09-11,NameCheap,NameCheap,Domain for Website,7.68,False,True,raw/2025_adid302_aileen-hampton-final-campaign-financial-disclosure.pdf,66b45c49,v2,medium,vision_cache/vision,0
Aileen Hampton,Council,3,2025,2025-10-07,Pre-general report (Oct 7 / 28-day filing),2025-09-26,Harbor Freight Tools,Harbor Freight Tools,Zip ties for signs,2.68,False,True,raw/2025_adid302_aileen-hampton-final-campaign-financial-disclosure.pdf,66b45c49,v3,medium,vision_cache/vision,0
Aileen Hampton,Council,3,2025,2025-10-07,Pre-general report (Oct 7 / 28-day filing),2025-10-02,Granite Library,Granite Library,Photocopies,1.00,False,True,raw/2025_adid302_aileen-hampton-final-campaign-financial-disclosure.pdf,66b45c49,v4,medium,vision_cache/vision,0
Brittany Karzen,Mayor,,2025,2025-10-07,Pre-general report (Oct 7 / 28-day filing),2025-08-18,City of South Salt Lake,City of South Salt Lake,Filing Fee,25.00,False,True,raw/2025_adid299_brittany-karzen-final-campaign-financial-disclosure.pdf,35c1bb37,v1,high,vision_cache/vision,0
Brittany Karzen,Mayor,,2025,2025-10-07,Pre-general report (Oct 7 / 28-day filing),2025-08-18,Poliengine,Poliengine,Website Software (In-Kind),70.00,True,True,raw/2025_adid299_brittany-karzen-final-campaign-financial-disclosure.pdf,35c1bb37,v2,high,vision_cache/vision,0
Brittany Karzen,Mayor,,2025,2025-10-07,Pre-general report (Oct 7 / 28-day filing),2025-08-18,GoDaddy,GoDaddy,Domain (Loan),101.97,False,True,raw/2025_adid299_brittany-karzen-final-campaign-financial-disclosure.pdf,35c1bb37,v3,high,vision_cache/vision,0
Brittany Karzen,Mayor,,2025,2025-10-07,Pre-general report (Oct 7 / 28-day filing),2025-08-18,Pointe Digital,Pointe Digital,Video (Loan),450.00,False,True,raw/2025_adid299_brittany-karzen-final-campaign-financial-disclosure.pdf,35c1bb37,v4,high,vision_cache/vision,0
Brittany Karzen,Mayor,,2025,2025-10-07,Pre-general report (Oct 7 / 28-day filing),2025-08-20,Vottiv,Vottiv,Text Message,149.98,False,True,raw/2025_adid299_brittany-karzen-final-campaign-financial-disclosure.pdf,35c1bb37,v5,high,vision_cache/vision,0
Brittany Karzen,Mayor,,2025,2025-10-07,Pre-general report (Oct 7 / 28-day filing),2025-08-20,Vottiv,Vottiv,Text Message,30.00,False,True,raw/2025_adid299_brittany-karzen-final-campaign-financial-disclosure.pdf,35c1bb37,v6,high,vision_cache/vision,0
Brittany Karzen,Mayor,,2025,2025-10-07,Pre-general report (Oct 7 / 28-day filing),2025-08-20,Vottiv,Vottiv,Text Message,50.00,False,True,raw/2025_adid299_brittany-karzen-final-campaign-financial-disclosure.pdf,35c1bb37,v7,high,vision_cache/vision,0
Brittany Karzen,Mayor,,2025,2025-10-07,Pre-general report (Oct 7 / 28-day filing),2025-08-28,Sun Print Solutions,Sun Print Solutions,Walk Card (Loan),256.72,False,True,raw/2025_adid299_brittany-karzen-final-campaign-financial-disclosure.pdf,35c1bb37,v8,high,vision_cache/vision,0
Brittany Karzen,Mayor,,2025,2025-10-07,Pre-general report (Oct 7 / 28-day filing),2025-09-04,Vottiv,Vottiv,Text Message (Loan),250.00,False,True,raw/2025_adid299_brittany-karzen-final-campaign-financial-disclosure.pdf,35c1bb37,v9,high,vision_cache/vision,0
Brittany Karzen,Mayor,,2025,2025-10-07,Pre-general report (Oct 7 / 28-day filing),2025-09-12,Office Depot,Office Depot,Supplies (Loan),34.08,False,True,raw/2025_adid299_brittany-karzen-final-campaign-financial-disclosure.pdf,35c1bb37,v10,high,vision_cache/vision,0
Brittany Karzen,Mayor,,2025,2025-10-07,Pre-general report (Oct 7 / 28-day filing),2025-09-12,Maceys,Maceys,Kickoff Refreshments (Loan),45.28,False,True,raw/2025_adid299_brittany-karzen-final-campaign-financial-disclosure.pdf,35c1bb37,v11,high,vision_cache/vision,0
Brittany Karzen,Mayor,,2025,2025-10-07,Pre-general report (Oct 7 / 28-day filing),2025-09-12,Delice,Delice,Kickoff Refreshments (Loan),34.13,False,True,raw/2025_adid299_brittany-karzen-final-campaign-financial-disclosure.pdf,35c1bb37,v12,high,vision_cache/vision,0
Brittany Karzen,Mayor,,2025,2025-10-07,Pre-general report (Oct 7 / 28-day filing),2025-09-13,Fresh Donuts & Deli,Fresh Donuts & Deli,Kickoff Refreshments (Loan),31.47,False,True,raw/2025_adid299_brittany-karzen-final-campaign-financial-disclosure.pdf,35c1bb37,v13,high,vision_cache/vision,0
Brittany Karzen,Mayor,,2025,2025-10-07,Pre-general report (Oct 7 / 28-day filing),2025-09-13,Bjorns Brews,Bjorns Brews,Kickoff Refreshments (Loan),36.51,False,True,raw/2025_adid299_brittany-karzen-final-campaign-financial-disclosure.pdf,35c1bb37,v14,high,vision_cache/vision,0
Brittany Karzen,Mayor,,2025,2025-10-07,Pre-general report (Oct 7 / 28-day filing),2025-09-13,Tous Les Jours,Tous Les Jours,Kickoff Refreshments (Loan),34.03,False,True,raw/2025_adid299_brittany-karzen-final-campaign-financial-disclosure.pdf,35c1bb37,v15,high,vision_cache/vision,0
Brittany Karzen,Mayor,,2025,2025-10-07,Pre-general report (Oct 7 / 28-day filing),2025-09-18,Vottiv,Vottiv,Text Message (Loan),250.00,False,True,raw/2025_adid299_brittany-karzen-final-campaign-financial-disclosure.pdf,35c1bb37,v16,high,vision_cache/vision,0
Brittany Karzen,Mayor,,2025,2025-10-07,Pre-general report (Oct 7 / 28-day filing),2025-09-24,Sun Print Solutions,Sun Print Solutions,Mailer #1 (Loan),1262.78,False,True,raw/2025_adid299_brittany-karzen-final-campaign-financial-disclosure.pdf,35c1bb37,v17,high,vision_cache/vision,0
Brittany Karzen,Mayor,,2025,2025-10-07,Pre-general report (Oct 7 / 28-day filing),2025-09-24,Divergus,Divergus,Digital Ads (Loan),2574.67,False,True,raw/2025_adid299_brittany-karzen-final-campaign-financial-disclosure.pdf,35c1bb37,v18,high,vision_cache/vision,0
Brittany Karzen,Mayor,,2025,2025-10-07,Pre-general report (Oct 7 / 28-day filing),2025-10-02,FundHero,FundHero,Processing Fees,116.07,False,True,raw/2025_adid299_brittany-karzen-final-campaign-financial-disclosure.pdf,35c1bb37,v19,high,vision_cache/vision,0
Cherie Wood,Mayor,,2025,2025-10-07,Pre-general report (Oct 7 / 28-day filing),2025-09-11,Landslide Political,Landslide Political,Campaign Support,150.00,False,True,raw/2025_adid298_cherie-wood-final-campaign-financial-disclosure.pdf,115993e6,v1,medium,vision_cache/vision,0
Cherie Wood,Mayor,,2025,2025-10-07,Pre-general report (Oct 7 / 28-day filing),2025-09-08,Costco,Costco,Supplies/Meet the Candidate Nights,165.71,False,True,raw/2025_adid298_cherie-wood-final-campaign-financial-disclosure.pdf,115993e6,v2,medium,vision_cache/vision,0
Cherie Wood,Mayor,,2025,2025-10-07,Pre-general report (Oct 7 / 28-day filing),2025-09-15,Fresh Donuts & Deli,Fresh Donuts & Deli,SLCo. Meet the Candidates Night,33.09,False,True,raw/2025_adid298_cherie-wood-final-campaign-financial-disclosure.pdf,115993e6,v3,medium,vision_cache/vision,0
Cherie Wood,Mayor,,2025,2025-10-07,Pre-general report (Oct 7 / 28-day filing),2025-09-01,Harbor Freight,Harbor Freight,Campaign Supplies,19.32,False,True,raw/2025_adid298_cherie-wood-final-campaign-financial-disclosure.pdf,115993e6,v4,medium,vision_cache/vision,0
Cherie Wood,Mayor,,2025,2025-10-07,Pre-general report (Oct 7 / 28-day filing),2025-09-08,Home Depot,Home Depot,Sign supplies,46.34,False,True,raw/2025_adid298_cherie-wood-final-campaign-financial-disclosure.pdf,115993e6,v5,medium,vision_cache/vision,0
Cherie Wood,Mayor,,2025,2025-10-07,Pre-general report (Oct 7 / 28-day filing),2025-09-08,Home Depot,Home Depot,Sign supplies,24.62,False,True,raw/2025_adid298_cherie-wood-final-campaign-financial-disclosure.pdf,115993e6,v6,medium,vision_cache/vision,0
Cherie Wood,Mayor,,2025,2025-10-07,Pre-general report (Oct 7 / 28-day filing),2025-08-25,Landslide Political,Landslide Political,Campaign Services,6500.00,False,True,raw/2025_adid298_cherie-wood-final-campaign-financial-disclosure.pdf,115993e6,v7,medium,vision_cache/vision,0
Cherie Wood,Mayor,,2025,2025-10-07,Pre-general report (Oct 7 / 28-day filing),2025-09-20,Landslide Political,Landslide Political,Campaign Support,665.00,False,True,raw/2025_adid298_cherie-wood-final-campaign-financial-disclosure.pdf,115993e6,v8,medium,vision_cache/vision,0
Cherie Wood,Mayor,,2025,2025-10-07,Pre-general report (Oct 7 / 28-day filing),2025-09-24,Landslide Political,Landslide Political,Campaign Support,924.00,False,True,raw/2025_adid298_cherie-wood-final-campaign-financial-disclosure.pdf,115993e6,v9,medium,vision_cache/vision,0
Cherie Wood,Mayor,,2025,2025-10-07,Pre-general report (Oct 7 / 28-day filing),2025-09-02,Landslide Political,Landslide Political,Campaign Support,1500.00,False,True,raw/2025_adid298_cherie-wood-final-campaign-financial-disclosure.pdf,115993e6,v10,medium,vision_cache/vision,0
Cherie Wood,Mayor,,2025,2025-10-07,Pre-general report (Oct 7 / 28-day filing),2025-09-19,QR Code Creator,QR Code Creator,Campaign Supplies,144.46,False,True,raw/2025_adid298_cherie-wood-final-campaign-financial-disclosure.pdf,115993e6,v11,medium,vision_cache/vision,0
Cherie Wood,Mayor,,2025,2025-10-07,Pre-general report (Oct 7 / 28-day filing),2025-08-21,UT State Democratic Committee,UT State Democratic Committee,VAN/Voter List,309.85,False,True,raw/2025_adid298_cherie-wood-final-campaign-financial-disclosure.pdf,115993e6,v12,medium,vision_cache/vision,0
Cherie Wood,Mayor,,2025,2025-10-07,Pre-general report (Oct 7 / 28-day filing),2025-09-16,Zurchers,Zurchers,Supplies/SLCo. Meet the Candidates Night,18.75,False,True,raw/2025_adid298_cherie-wood-final-campaign-financial-disclosure.pdf,115993e6,v13,medium,vision_cache/vision,0
Cherie Wood,Mayor,,2025,2025-10-07,Pre-general report (Oct 7 / 28-day filing),2025-10-01,Fund Hero,Fund Hero,Transaction fees through 10/1/2025,341.24,False,True,raw/2025_adid298_cherie-wood-final-campaign-financial-disclosure.pdf,115993e6,v14,medium,vision_cache/vision,0
Clarissa Williams,Council,At-Large,2025,2025-10-07,Pre-general report (Oct 7 / 28-day filing),2025-08-11,Alpha Graphics,Alpha Graphics,re-elect stickers,79.51,False,True,raw/2025_adid305_clarissa-williams-final-campaign-financial-disclosure.pdf,23d0e20c,v1,high,vision_cache/vision,0
Conrad Campos,Council,At-Large-2yr,2025,2025-10-07,Pre-general report (Oct 7 / 28-day filing),,SOUTH SALT LAKE,South Salt Lake,ELECTION FEE,25.00,False,True,raw/2025_adid304_conrad-campos-final-campaign-financial-disclosure.pdf,9e9aca9b,v1,medium,vision_cache/vision,0
Conrad Campos,Council,At-Large-2yr,2025,2025-10-07,Pre-general report (Oct 7 / 28-day filing),,REAGAN,Reagan,BILLBOARD * IN-KIND *,6750.00,True,True,raw/2025_adid304_conrad-campos-final-campaign-financial-disclosure.pdf,9e9aca9b,v2,medium,vision_cache/vision,0
Conrad Campos,Council,At-Large-2yr,2025,2025-10-07,Pre-general report (Oct 7 / 28-day filing),,UNION PRINT SHOP,Union Print Shop,FLIERS,400.78,False,True,raw/2025_adid304_conrad-campos-final-campaign-financial-disclosure.pdf,9e9aca9b,v3,medium,vision_cache/vision,0
Corey Thomas,Council,2,2025,2025-10-07,Pre-general report (Oct 7 / 28-day filing),2025-08-11,Matt Nanes,Matt Nanes,graphic design,350.00,False,True,raw/2025_adid300_corey-thomas-final-campaign-financial-disclosure.pdf,6e254a24,v1,medium,vision_cache/vision,0
Corey Thomas,Council,2,2025,2025-10-07,Pre-general report (Oct 7 / 28-day filing),2025-08-12,Alphagraphics,Alphagraphics,stickers,55.00,False,True,raw/2025_adid300_corey-thomas-final-campaign-financial-disclosure.pdf,6e254a24,v2,medium,vision_cache/vision,0
Corey Thomas,Council,2,2025,2025-10-07,Pre-general report (Oct 7 / 28-day filing),2025-08-12,South Salt Lake City,South Salt Lake City,Filing Fee,25.00,False,True,raw/2025_adid300_corey-thomas-final-campaign-financial-disclosure.pdf,6e254a24,v3,medium,vision_cache/vision,0
Corey Thomas,Council,2,2025,2025-10-07,Pre-general report (Oct 7 / 28-day filing),2025-08-12,Amazon,Amazon,Fundraiser decorations,20.00,False,True,raw/2025_adid300_corey-thomas-final-campaign-financial-disclosure.pdf,6e254a24,v4,medium,vision_cache/vision,0
Corey Thomas,Council,2,2025,2025-10-07,Pre-general report (Oct 7 / 28-day filing),2025-08-15,Zurchers,Zurchers,Fundraiser,25.00,False,True,raw/2025_adid300_corey-thomas-final-campaign-financial-disclosure.pdf,6e254a24,v5,medium,vision_cache/vision,0
Corey Thomas,Council,2,2025,2025-10-07,Pre-general report (Oct 7 / 28-day filing),2025-08-15,Union Print Shop,Union Print Shop,Lawn Signs,125.04,False,True,raw/2025_adid300_corey-thomas-final-campaign-financial-disclosure.pdf,6e254a24,v6,medium,vision_cache/vision,0
Corey Thomas,Council,2,2025,2025-10-07,Pre-general report (Oct 7 / 28-day filing),2025-08-15,Sam's Club,Sam's Club,Fundraiser,83.27,False,True,raw/2025_adid300_corey-thomas-final-campaign-financial-disclosure.pdf,6e254a24,v7,medium,vision_cache/vision,0
Corey Thomas,Council,2,2025,2025-10-07,Pre-general report (Oct 7 / 28-day filing),2025-08-15,Costco,Costco,Fundraiser,41.66,False,True,raw/2025_adid300_corey-thomas-final-campaign-financial-disclosure.pdf,6e254a24,v8,medium,vision_cache/vision,0
Corey Thomas,Council,2,2025,2025-10-07,Pre-general report (Oct 7 / 28-day filing),2025-08-16,Walmart,Walmart,Campaign Supplies,80.00,False,True,raw/2025_adid300_corey-thomas-final-campaign-financial-disclosure.pdf,6e254a24,v9,medium,vision_cache/vision,0
Corey Thomas,Council,2,2025,2025-10-07,Pre-general report (Oct 7 / 28-day filing),2025-08-20,Cherie Wood,Cherie Wood,Campaign Donation,100.00,False,True,raw/2025_adid300_corey-thomas-final-campaign-financial-disclosure.pdf,6e254a24,v10,medium,vision_cache/vision,0
Corey Thomas,Council,2,2025,2025-10-07,Pre-general report (Oct 7 / 28-day filing),2025-09-10,Sharla Bynum,Sharla Bynum,Campaign Donation,100.00,False,True,raw/2025_adid300_corey-thomas-final-campaign-financial-disclosure.pdf,6e254a24,v11,medium,vision_cache/vision,0
Corey Thomas,Council,2,2025,2025-10-07,Pre-general report (Oct 7 / 28-day filing),2025-09-25,Dustin Gettel,Dustin Gettel,Campaign Donation,100.00,False,True,raw/2025_adid300_corey-thomas-final-campaign-financial-disclosure.pdf,6e254a24,v12,medium,vision_cache/vision,0
Ray deWolfe,Council,At-Large-2yr,2025,2025-10-07,Pre-general report (Oct 7 / 28-day filing),,,,Wix website builder,25.78,False,False,raw/2025_adid303_ray-dewolfe-final-campaign-financial-disclosure.pdf,dcecebd7,v1,medium,vision_cache/vision,0
Ray deWolfe,Council,At-Large-2yr,2025,2025-10-07,Pre-general report (Oct 7 / 28-day filing),,,,Website domain,26.25,False,False,raw/2025_adid303_ray-dewolfe-final-campaign-financial-disclosure.pdf,dcecebd7,v2,medium,vision_cache/vision,0
Ray deWolfe,Council,At-Large-2yr,2025,2025-10-07,Pre-general report (Oct 7 / 28-day filing),,,,Campaign Flyers,165.21,False,False,raw/2025_adid303_ray-dewolfe-final-campaign-financial-disclosure.pdf,dcecebd7,v3,medium,vision_cache/vision,0
Ray deWolfe,Council,At-Large-2yr,2025,2025-10-07,Pre-general report (Oct 7 / 28-day filing),,,,Votebuilder,300.00,False,False,raw/2025_adid303_ray-dewolfe-final-campaign-financial-disclosure.pdf,dcecebd7,v4,medium,vision_cache/vision,0
Ray deWolfe,Council,At-Large-2yr,2025,2025-10-07,Pre-general report (Oct 7 / 28-day filing),,,,Campaign Flyers,165.21,False,False,raw/2025_adid303_ray-dewolfe-final-campaign-financial-disclosure.pdf,dcecebd7,v5,medium,vision_cache/vision,0
Ray deWolfe,Council,At-Large-2yr,2025,2025-10-07,Pre-general report (Oct 7 / 28-day filing),,,,Wix website builder,25.78,False,False,raw/2025_adid303_ray-dewolfe-final-campaign-financial-disclosure.pdf,dcecebd7,v6,medium,vision_cache/vision,0
Ray deWolfe,Council,At-Large-2yr,2025,2025-10-07,Pre-general report (Oct 7 / 28-day filing),,,,Stickers,11.25,False,False,raw/2025_adid303_ray-dewolfe-final-campaign-financial-disclosure.pdf,dcecebd7,v7,medium,vision_cache/vision,0
Sharla Bynum,Council,3,2025,2025-10-07,Pre-general report (Oct 7 / 28-day filing),2025-08-26,Reagan Outdoor Advertising,Reagan Outdoor Advertising,Bill Board,2600.00,False,True,raw/2025_adid301_sharla-bynum-final-campaign-financial-disclosure.pdf,84e3f2eb,v1,medium,vision_cache/vision,0
Sharla Bynum,Council,3,2025,2025-10-07,Pre-general report (Oct 7 / 28-day filing),2025-08-28,Wix.com,Wix.com,Website,219.19,False,True,raw/2025_adid301_sharla-bynum-final-campaign-financial-disclosure.pdf,84e3f2eb,v2,medium,vision_cache/vision,0
Sharla Bynum,Council,3,2025,2025-10-07,Pre-general report (Oct 7 / 28-day filing),2025-08-28,Wix.com,Wix.com,Upgrade,12.90,False,True,raw/2025_adid301_sharla-bynum-final-campaign-financial-disclosure.pdf,84e3f2eb,v3,medium,vision_cache/vision,0
Sharla Bynum,Council,3,2025,2025-10-07,Pre-general report (Oct 7 / 28-day filing),2025-09-02,Canva,Canva,Flyers,152.50,False,True,raw/2025_adid301_sharla-bynum-final-campaign-financial-disclosure.pdf,84e3f2eb,v4,medium,vision_cache/vision,0
Sharla Bynum,Council,3,2025,2025-10-07,Pre-general report (Oct 7 / 28-day filing),2025-09-17,Goodparty.org,Goodparty.org,Dashboard Access,10.00,False,True,raw/2025_adid301_sharla-bynum-final-campaign-financial-disclosure.pdf,84e3f2eb,v5,medium,vision_cache/vision,0
Sharla Bynum,Council,3,2025,2025-10-07,Pre-general report (Oct 7 / 28-day filing),2025-09-29,Canva,Canva,Flyers,148.00,False,True,raw/2025_adid301_sharla-bynum-final-campaign-financial-disclosure.pdf,84e3f2eb,v6,medium,vision_cache/vision,0
Sharla Bynum,Council,3,2025,2025-10-07,Pre-general report (Oct 7 / 28-day filing),2025-10-05,Amazon,Amazon,Meet the Candidates Table supplies/decor,74.54,False,True,raw/2025_adid301_sharla-bynum-final-campaign-financial-disclosure.pdf,84e3f2eb,v7,medium,vision_cache/vision,0
Aileen Hampton,Council,3,2025,2025-10-28,Pre-general report (Oct 28 filing),2025-10-06,WinCo,WinCo,Refreshments for Candidate Night,25.28,False,True,raw/2025_adid310_aileen-hampton-election-campaign-financial-disclosure.pdf,b5f9aa14,v1,medium,vision_cache/vision,0
Aileen Hampton,Council,3,2025,2025-10-28,Pre-general report (Oct 28 filing),2025-10-06,Granite Library,Granite Library,Photocopies,1.30,False,True,raw/2025_adid310_aileen-hampton-election-campaign-financial-disclosure.pdf,b5f9aa14,v2,medium,vision_cache/vision,0
Aileen Hampton,Council,3,2025,2025-10-28,Pre-general report (Oct 28 filing),2025-10-06,In kind,In kind,Tablecloth for Candidate Night,6.00,True,True,raw/2025_adid310_aileen-hampton-election-campaign-financial-disclosure.pdf,b5f9aa14,v3,medium,vision_cache/vision,0
Aileen Hampton,Council,3,2025,2025-10-28,Pre-general report (Oct 28 filing),2025-10-09,CostCo,CostCo,Refreshments for Meet and Greet,36.94,False,True,raw/2025_adid310_aileen-hampton-election-campaign-financial-disclosure.pdf,b5f9aa14,v4,medium,vision_cache/vision,0
Aileen Hampton,Council,3,2025,2025-10-28,Pre-general report (Oct 28 filing),2025-10-09,In kind,In kind,Refreshments for Meet and Greet,17.49,True,True,raw/2025_adid310_aileen-hampton-election-campaign-financial-disclosure.pdf,b5f9aa14,v5,medium,vision_cache/vision,0
Aileen Hampton,Council,3,2025,2025-10-28,Pre-general report (Oct 28 filing),2025-10-09,Peter Hildyard,Peter Hildyard,Flyers,374.06,False,True,raw/2025_adid310_aileen-hampton-election-campaign-financial-disclosure.pdf,b5f9aa14,v6,medium,vision_cache/vision,0
Aileen Hampton,Council,3,2025,2025-10-28,Pre-general report (Oct 28 filing),2025-10-09,In kind,In kind,Refreshments for Meet and Greet,52.01,True,True,raw/2025_adid310_aileen-hampton-election-campaign-financial-disclosure.pdf,b5f9aa14,v7,medium,vision_cache/vision,0
Aileen Hampton,Council,3,2025,2025-10-28,Pre-general report (Oct 28 filing),2025-10-09,Smith's,Smith's,Refreshments for Meet and Greet,2.50,False,True,raw/2025_adid310_aileen-hampton-election-campaign-financial-disclosure.pdf,b5f9aa14,v8,medium,vision_cache/vision,0
Aileen Hampton,Council,3,2025,2025-10-28,Pre-general report (Oct 28 filing),2025-10-16,Renaissance Signs,Renaissance Signs,Signs,311.22,False,True,raw/2025_adid310_aileen-hampton-election-campaign-financial-disclosure.pdf,b5f9aa14,v9,medium,vision_cache/vision,0
Aileen Hampton,Council,3,2025,2025-10-28,Pre-general report (Oct 28 filing),2025-10-21,Renaissance Signs,Renaissance Signs,Wire Stands,62.24,False,True,raw/2025_adid310_aileen-hampton-election-campaign-financial-disclosure.pdf,b5f9aa14,v10,medium,vision_cache/vision,0
Brittany Karzen,Mayor,,2025,2025-10-28,Pre-general report (Oct 28 filing),2025-10-04,Sun Print Solutions,Sun Print Solutions,Mailer #2 (loan),1227.30,False,True,raw/2025_adid307_brittany-karzen-election-campaign-financial-disclosure.pdf,76c55bac,v1,high,vision_cache/vision,0
Brittany Karzen,Mayor,,2025,2025-10-28,Pre-general report (Oct 28 filing),2025-10-09,Sun Print Solutions,Sun Print Solutions,Mailer #3 (loan),1212.68,False,True,raw/2025_adid307_brittany-karzen-election-campaign-financial-disclosure.pdf,76c55bac,v2,high,vision_cache/vision,0
Brittany Karzen,Mayor,,2025,2025-10-28,Pre-general report (Oct 28 filing),2025-10-10,Peczuh Printing Company,Peczuh Printing Company,Door Hanger (loan),421.09,False,True,raw/2025_adid307_brittany-karzen-election-campaign-financial-disclosure.pdf,76c55bac,v3,high,vision_cache/vision,0
Brittany Karzen,Mayor,,2025,2025-10-28,Pre-general report (Oct 28 filing),2025-10-13,Sun Print Solutions,Sun Print Solutions,Mailer #4 (loan),1212.82,False,True,raw/2025_adid307_brittany-karzen-election-campaign-financial-disclosure.pdf,76c55bac,v4,high,vision_cache/vision,0
Brittany Karzen,Mayor,,2025,2025-10-28,Pre-general report (Oct 28 filing),2025-10-13,Divergus,Divergus,Digitial Ads (loan),515.00,False,True,raw/2025_adid307_brittany-karzen-election-campaign-financial-disclosure.pdf,76c55bac,v5,high,vision_cache/vision,0
Brittany Karzen,Mayor,,2025,2025-10-28,Pre-general report (Oct 28 filing),2025-10-16,Vottiv,Vottiv,Text Message (loan),149.98,False,True,raw/2025_adid307_brittany-karzen-election-campaign-financial-disclosure.pdf,76c55bac,v6,high,vision_cache/vision,0
Brittany Karzen,Mayor,,2025,2025-10-28,Pre-general report (Oct 28 filing),2025-10-23,Sun Print Solutions,Sun Print Solutions,Mailer #5 (loan),1532.74,False,True,raw/2025_adid307_brittany-karzen-election-campaign-financial-disclosure.pdf,76c55bac,v7,high,vision_cache/vision,0
Brittany Karzen,Mayor,,2025,2025-10-28,Pre-general report (Oct 28 filing),2025-10-23,FundHero,FundHero,Processing Fees (loan),95.18,False,True,raw/2025_adid307_brittany-karzen-election-campaign-financial-disclosure.pdf,76c55bac,v8,high,vision_cache/vision,0
Cherie Wood,Mayor,,2025,2025-10-28,Pre-general report (Oct 28 filing),,Landslide Political,Landslide Political,Campaign Support,2765.00,False,True,raw/2025_adid306_cherie-wood-election-campaign-financial-disclosure.pdf,593108bb,v1,medium,vision_cache/vision,0
Cherie Wood,Mayor,,2025,2025-10-28,Pre-general report (Oct 28 filing),2025-10-10,Landslide Political,Landslide Political,Campaign Support,6462.23,False,True,raw/2025_adid306_cherie-wood-election-campaign-financial-disclosure.pdf,593108bb,v2,medium,vision_cache/vision,0
Cherie Wood,Mayor,,2025,2025-10-28,Pre-general report (Oct 28 filing),2025-10-17,Landslide Political,Landslide Political,Campaign Support,500.00,False,True,raw/2025_adid306_cherie-wood-election-campaign-financial-disclosure.pdf,593108bb,v3,medium,vision_cache/vision,0
Cherie Wood,Mayor,,2025,2025-10-28,Pre-general report (Oct 28 filing),2025-10-17,Landslide Political,Landslide Political,Campaign Support,1707.50,False,True,raw/2025_adid306_cherie-wood-election-campaign-financial-disclosure.pdf,593108bb,v4,medium,vision_cache/vision,0
Cherie Wood,Mayor,,2025,2025-10-28,Pre-general report (Oct 28 filing),2025-10-08,Costco,Costco,Supplies/Meet the Candidate Nights,165.71,False,True,raw/2025_adid306_cherie-wood-election-campaign-financial-disclosure.pdf,593108bb,v5,medium,vision_cache/vision,0
Cherie Wood,Mayor,,2025,2025-10-28,Pre-general report (Oct 28 filing),2025-10-08,Zurcher's,Zurcher's,Meet the Candidates Night,11.85,False,True,raw/2025_adid306_cherie-wood-election-campaign-financial-disclosure.pdf,593108bb,v6,medium,vision_cache/vision,0
Cherie Wood,Mayor,,2025,2025-10-28,Pre-general report (Oct 28 filing),2025-10-08,Office Depot,Office Depot,Postcard cutting,5.17,False,True,raw/2025_adid306_cherie-wood-election-campaign-financial-disclosure.pdf,593108bb,v7,medium,vision_cache/vision,0
Cherie Wood,Mayor,,2025,2025-10-28,Pre-general report (Oct 28 filing),2025-10-08,Harbor Freight,Harbor Freight,Zip ties/signs,28.44,False,True,raw/2025_adid306_cherie-wood-election-campaign-financial-disclosure.pdf,593108bb,v8,medium,vision_cache/vision,0
Cherie Wood,Mayor,,2025,2025-10-28,Pre-general report (Oct 28 filing),2025-10-27,Fund Hero,Fund Hero,Fees,38.00,False,True,raw/2025_adid306_cherie-wood-election-campaign-financial-disclosure.pdf,593108bb,v9,medium,vision_cache/vision,0
Conrad Campos,Council,At-Large-2yr,2025,2025-10-28,Pre-general report (Oct 28 filing),,WIX.com,WIX.com,WEBSITE,38.68,False,True,raw/2025_adid311_conrad-campos-election-campaign-financial-disclosure.pdf,7ed0d0e2,v1,low,vision_cache/vision,1
Conrad Campos,Council,At-Large-2yr,2025,2025-10-28,Pre-general report (Oct 28 filing),,,,WEBSITE DOMAIN,26.25,False,True,raw/2025_adid311_conrad-campos-election-campaign-financial-disclosure.pdf,7ed0d0e2,v2,low,vision_cache/vision,1
Ray deWolfe,Council,At-Large-2yr,2025,2025-10-28,Pre-general report (Oct 28 filing),,Wix Website builder,Wix Website builder,,25.78,False,False,raw/2025_adid312_ray-dewolfe-election-campaign-financial-disclosure.pdf,12076531,v1,low,vision_cache/vision,1
Ray deWolfe,Council,At-Large-2yr,2025,2025-10-28,Pre-general report (Oct 28 filing),,website domain (Wix),website domain (Wix),,26.25,False,False,raw/2025_adid312_ray-dewolfe-election-campaign-financial-disclosure.pdf,12076531,v2,low,vision_cache/vision,1
Ray deWolfe,Council,At-Large-2yr,2025,2025-10-28,Pre-general report (Oct 28 filing),,Alphagraphics flyers,Alphagraphics flyers,,165.21,False,False,raw/2025_adid312_ray-dewolfe-election-campaign-financial-disclosure.pdf,12076531,v3,low,vision_cache/vision,1
Ray deWolfe,Council,At-Large-2yr,2025,2025-10-28,Pre-general report (Oct 28 filing),,Votebuilder database,Votebuilder database,,300.00,False,False,raw/2025_adid312_ray-dewolfe-election-campaign-financial-disclosure.pdf,12076531,v4,low,vision_cache/vision,1
Ray deWolfe,Council,At-Large-2yr,2025,2025-10-28,Pre-general report (Oct 28 filing),,Alphagraphics flyers,Alphagraphics flyers,,165.21,False,False,raw/2025_adid312_ray-dewolfe-election-campaign-financial-disclosure.pdf,12076531,v5,low,vision_cache/vision,1
Ray deWolfe,Council,At-Large-2yr,2025,2025-10-28,Pre-general report (Oct 28 filing),,Wix website builder,Wix website builder,,25.78,False,False,raw/2025_adid312_ray-dewolfe-election-campaign-financial-disclosure.pdf,12076531,v6,low,vision_cache/vision,1
Ray deWolfe,Council,At-Large-2yr,2025,2025-10-28,Pre-general report (Oct 28 filing),,Landslide Political Mailers,Landslide Political Mailers,,1447.50,False,False,raw/2025_adid312_ray-dewolfe-election-campaign-financial-disclosure.pdf,12076531,v7,low,vision_cache/vision,1
Sharla Bynum,Council,3,2025,2025-10-28,Pre-general report (Oct 28 filing),2025-10-08,Landslide Political,Landslide Political,Mailers GOTV,1065.00,False,True,raw/2025_adid309_sharla-bynum-election-campaign-financial-disclosure.pdf,977703bf,v1,medium,vision_cache/vision,0
Sharla Bynum,Council,3,2025,2025-10-28,Pre-general report (Oct 28 filing),2025-10-15,Good Party - org,Good Party - org,Texts,30.59,False,True,raw/2025_adid309_sharla-bynum-election-campaign-financial-disclosure.pdf,977703bf,v2,medium,vision_cache/vision,0
Sharla Bynum,Council,3,2025,2025-10-28,Pre-general report (Oct 28 filing),2025-10-17,Good Party - org,Good Party - org,Dashboard,6.07,False,True,raw/2025_adid309_sharla-bynum-election-campaign-financial-disclosure.pdf,977703bf,v3,medium,vision_cache/vision,0
Sharla Bynum,Council,3,2025,2025-10-28,Pre-general report (Oct 28 filing),2025-10-17,Canva,Canva,Flyers,173.00,False,True,raw/2025_adid309_sharla-bynum-election-campaign-financial-disclosure.pdf,977703bf,v4,medium,vision_cache/vision,0
Aileen Hampton,Council,3,2025,2025-12-04,Post-general final (Dec 4 filing),2025-10-26,Granite Library,Granite Library,Photocopies,2.30,False,True,raw/2025_adid318_aileen-hampton-post-election-filing-campaign-financial-disclosure.pdf,405acf93,v1,medium,vision_cache/vision,0
Aileen Hampton,Council,3,2025,2025-12-04,Post-general final (Dec 4 filing),2025-10-26,Granite Library,Granite Library,Photocopies,4.60,False,True,raw/2025_adid318_aileen-hampton-post-election-filing-campaign-financial-disclosure.pdf,405acf93,v2,medium,vision_cache/vision,0
Aileen Hampton,Council,3,2025,2025-12-04,Post-general final (Dec 4 filing),2025-12-01,Big Brothers Big Sisters of Utah,Big Brothers Big Sisters of Utah,Remaining Amount to Local Charity,50.42,False,True,raw/2025_adid318_aileen-hampton-post-election-filing-campaign-financial-disclosure.pdf,405acf93,v3,medium,vision_cache/vision,0
Brittany Karzen,Mayor,,2025,2025-12-04,Post-general final (Dec 4 filing),2025-11-01,Brittany Karzen,Brittany Karzen,Loan Repayment,1044.55,False,True,raw/2025_adid315_brittany-karzen-post-election-filing-campaign-financial-disclosure.pdf,14e1899e,v1,high,vision_cache/vision,0
Brittany Karzen,Mayor,,2025,2025-12-04,Post-general final (Dec 4 filing),2025-10-30,Vottiv,Vottiv,Text Message,217.97,False,True,raw/2025_adid315_brittany-karzen-post-election-filing-campaign-financial-disclosure.pdf,14e1899e,v2,high,vision_cache/vision,0
Brittany Karzen,Mayor,,2025,2025-12-04,Post-general final (Dec 4 filing),2025-11-03,Vottiv,Vottiv,Text Message,42.97,False,True,raw/2025_adid315_brittany-karzen-post-election-filing-campaign-financial-disclosure.pdf,14e1899e,v3,high,vision_cache/vision,0
Brittany Karzen,Mayor,,2025,2025-12-04,Post-general final (Dec 4 filing),2025-11-04,Brittany Karzen,Brittany Karzen,Loan Repayment,1494.51,False,True,raw/2025_adid315_brittany-karzen-post-election-filing-campaign-financial-disclosure.pdf,14e1899e,v4,high,vision_cache/vision,0
Cherie Wood,Mayor,,2025,2025-12-04,Post-general final (Dec 4 filing),2025-11-03,Landslide Political,Landslide Political,Campaign Support,250.00,False,True,raw/2025_adid314_cherie-wood-post-election-filing-campaign-financial-disclosure.pdf,510a793c,v1,high,vision_cache/vision,0
Cherie Wood,Mayor,,2025,2025-12-04,Post-general final (Dec 4 filing),2025-11-01,Landslide Political,Landslide Political,Campaign Support,3875.00,False,True,raw/2025_adid314_cherie-wood-post-election-filing-campaign-financial-disclosure.pdf,510a793c,v2,high,vision_cache/vision,0
Cherie Wood,Mayor,,2025,2025-12-04,Post-general final (Dec 4 filing),2025-10-15,Sharla Bynum,Sharla Bynum,Campaign Donation,250.00,False,True,raw/2025_adid314_cherie-wood-post-election-filing-campaign-financial-disclosure.pdf,510a793c,v3,high,vision_cache/vision,0
Cherie Wood,Mayor,,2025,2025-12-04,Post-general final (Dec 4 filing),2025-11-06,Trevor Ortman,Trevor Ortman,Campaign event food,500.00,False,True,raw/2025_adid314_cherie-wood-post-election-filing-campaign-financial-disclosure.pdf,510a793c,v4,high,vision_cache/vision,0
Cherie Wood,Mayor,,2025,2025-12-04,Post-general final (Dec 4 filing),2025-11-05,Creole and Sliders,Creole and Sliders,Campaign event food,148.98,False,True,raw/2025_adid314_cherie-wood-post-election-filing-campaign-financial-disclosure.pdf,510a793c,v5,high,vision_cache/vision,0
Cherie Wood,Mayor,,2025,2025-12-04,Post-general final (Dec 4 filing),2025-12-02,Cherie Wood,Cherie Wood,Loan repayment,6500.00,False,True,raw/2025_adid314_cherie-wood-post-election-filing-campaign-financial-disclosure.pdf,510a793c,v6,high,vision_cache/vision,0
Ray deWolfe,Council,At-Large-2yr,2025,2025-12-04,Post-general final (Dec 4 filing),,Wix website builder,Wix website builder,,25.78,False,False,raw/2025_adid319_ray-dewolfe-post-election-filing-campaign-financial-disclosure.pdf,02806104,v1,medium,vision_cache/vision,0
Ray deWolfe,Council,At-Large-2yr,2025,2025-12-04,Post-general final (Dec 4 filing),,Website domain,Website domain,,26.25,False,False,raw/2025_adid319_ray-dewolfe-post-election-filing-campaign-financial-disclosure.pdf,02806104,v2,medium,vision_cache/vision,0
Ray deWolfe,Council,At-Large-2yr,2025,2025-12-04,Post-general final (Dec 4 filing),,Campaign Flyers,Campaign Flyers,,165.21,False,False,raw/2025_adid319_ray-dewolfe-post-election-filing-campaign-financial-disclosure.pdf,02806104,v3,medium,vision_cache/vision,0
Ray deWolfe,Council,At-Large-2yr,2025,2025-12-04,Post-general final (Dec 4 filing),,Votebuilder,Votebuilder,,300.00,False,False,raw/2025_adid319_ray-dewolfe-post-election-filing-campaign-financial-disclosure.pdf,02806104,v4,medium,vision_cache/vision,0
Ray deWolfe,Council,At-Large-2yr,2025,2025-12-04,Post-general final (Dec 4 filing),,Campaign Flyers,Campaign Flyers,,165.21,False,False,raw/2025_adid319_ray-dewolfe-post-election-filing-campaign-financial-disclosure.pdf,02806104,v5,medium,vision_cache/vision,0
Ray deWolfe,Council,At-Large-2yr,2025,2025-12-04,Post-general final (Dec 4 filing),,Wix website builder,Wix website builder,,25.78,False,False,raw/2025_adid319_ray-dewolfe-post-election-filing-campaign-financial-disclosure.pdf,02806104,v6,medium,vision_cache/vision,0
Ray deWolfe,Council,At-Large-2yr,2025,2025-12-04,Post-general final (Dec 4 filing),,Stickers,Stickers,,11.25,False,False,raw/2025_adid319_ray-dewolfe-post-election-filing-campaign-financial-disclosure.pdf,02806104,v7,medium,vision_cache/vision,0
Ray deWolfe,Council,At-Large-2yr,2025,2025-12-04,Post-general final (Dec 4 filing),,Campaign Mailer,Campaign Mailer,,1447.50,False,False,raw/2025_adid319_ray-dewolfe-post-election-filing-campaign-financial-disclosure.pdf,02806104,v8,medium,vision_cache/vision,0
Ray deWolfe,Council,At-Large-2yr,2025,2025-12-04,Post-general final (Dec 4 filing),,Campaign Flyers,Campaign Flyers,,91.02,False,False,raw/2025_adid319_ray-dewolfe-post-election-filing-campaign-financial-disclosure.pdf,02806104,v9,medium,vision_cache/vision,0
Ray deWolfe,Council,At-Large-2yr,2025,2025-12-04,Post-general final (Dec 4 filing),,Wix website builder,Wix website builder,,25.78,False,False,raw/2025_adid319_ray-dewolfe-post-election-filing-campaign-financial-disclosure.pdf,02806104,v10,medium,vision_cache/vision,0
Sharla Bynum,Council,3,2025,2025-12-04,Post-general final (Dec 4 filing),2025-10-29,Good Party,Good Party,Texts,38.40,False,True,raw/2025_adid317_sharla-bynum-post-election-filing-campaign-financial-disclosure.pdf,b5d4c178,v1,medium,vision_cache/vision,0
Sharla Bynum,Council,3,2025,2025-12-04,Post-general final (Dec 4 filing),2025-11-18,Good Party,Good Party,Dashboard,13.93,False,True,raw/2025_adid317_sharla-bynum-post-election-filing-campaign-financial-disclosure.pdf,b5d4c178,v2,medium,vision_cache/vision,0
