vote_id,motion_id,person_id,vote_value
1,1458,12,Aye
2,1458,1,Aye
3,1458,16,Aye
4,1458,2,Aye
5,1458,7,Aye
6,1458,8,Aye
7,1458,13,Aye
8,1459,12,Aye
9,1459,1,Aye
10,1459,16,Aye
11,1459,2,Aye
12,1459,7,Aye
13,1459,8,Aye
14,1459,13,Aye
15,1460,12,Aye
16,1460,1,Aye
17,1460,16,Aye
18,1460,2,Aye
19,1460,7,Aye
20,1460,8,Aye
21,1460,13,Aye
22,1461,12,Aye
23,1461,1,Aye
24,1461,16,Aye
25,1461,2,Aye
26,1461,7,Aye
27,1461,8,Aye
28,1462,12,Aye
29,1462,1,Aye
30,1462,16,Aye
31,1462,2,Aye
32,1462,7,Aye
33,1462,8,Aye
34,1462,13,Aye
35,1463,12,Aye
36,1463,1,Aye
37,1463,16,Aye
38,1463,2,Aye
39,1463,7,Aye
40,1463,8,Aye
41,1463,13,Aye
42,1464,12,Aye
43,1464,1,Aye
44,1464,16,Aye
45,1464,2,Aye
46,1464,7,Aye
47,1464,8,Aye
48,1464,13,Aye
49,1465,12,Aye
50,1465,1,Aye
51,1465,16,Aye
52,1465,2,Aye
53,1465,7,Aye
54,1465,8,Aye
55,1465,13,Aye
56,1466,12,Aye
57,1466,1,Aye
58,1466,16,Aye
59,1466,2,Aye
60,1466,7,Aye
61,1466,8,Aye
62,1466,13,Aye
63,1467,12,Aye
64,1467,1,Aye
65,1467,16,Aye
66,1467,2,Aye
67,1467,7,Aye
68,1467,8,Aye
69,1468,12,Aye
70,1468,1,Aye
71,1468,16,Aye
72,1468,2,Aye
73,1468,7,Aye
74,1468,8,Aye
75,1469,12,Aye
76,1469,1,Aye
77,1469,16,Aye
78,1469,2,Aye
79,1469,7,Aye
80,1469,8,Aye
81,1469,13,Aye
82,1470,12,Aye
83,1470,1,Aye
84,1470,16,Aye
85,1470,2,Aye
86,1470,7,Aye
87,1470,8,Aye
88,1471,12,Aye
89,1471,1,Aye
90,1471,16,Aye
91,1471,2,Aye
92,1471,7,Aye
93,1471,8,Aye
94,1472,12,Aye
95,1472,1,Aye
96,1472,16,Aye
97,1472,2,Aye
98,1472,7,Aye
99,1472,8,Aye
100,1473,12,Aye
101,1473,1,Aye
102,1473,16,Aye
103,1473,2,Aye
104,1473,7,Aye
105,1473,8,Aye
106,1473,13,Aye
107,1474,12,Aye
108,1474,1,Aye
109,1474,16,Aye
110,1474,2,Aye
111,1474,7,Aye
112,1474,8,Aye
113,1474,13,Aye
114,1475,12,Aye
115,1475,1,Aye
116,1475,16,Aye
117,1475,2,Aye
118,1475,7,Aye
119,1475,8,Aye
120,1475,13,Aye
121,1476,12,Aye
122,1476,1,Aye
123,1476,2,Nay
124,1477,12,Aye
125,1477,1,Aye
126,1478,12,Aye
127,1478,1,Aye
128,1479,12,Aye
129,1479,1,Aye
130,1480,12,Aye
131,1480,1,Aye
132,1481,12,Aye
133,1481,1,Aye
134,1482,12,Aye
135,1482,1,Aye
136,1483,12,Aye
137,1483,1,Aye
138,1484,12,Aye
139,1484,1,Aye
140,1485,1,Aye
141,1485,2,Aye
142,1485,7,Aye
143,1485,8,Aye
144,1485,13,Aye
145,1485,16,Nay
146,1485,12,Nay
147,1486,12,Aye
148,1486,1,Aye
149,1486,7,Nay
150,1487,16,Aye
151,1487,2,Aye
152,1487,7,Aye
153,1487,8,Aye
154,1487,13,Aye
155,1487,12,Nay
156,1488,12,Aye
157,1488,1,Aye
158,1489,12,Aye
159,1489,1,Aye
160,1489,16,Aye
161,1489,7,Aye
162,1489,8,Aye
163,1489,13,Aye
164,1489,2,Nay
165,1490,12,Aye
166,1490,1,Aye
167,1490,16,Aye
168,1490,2,Aye
169,1490,7,Aye
170,1490,8,Aye
171,1490,13,Aye
172,1491,12,Aye
173,1491,1,Aye
174,1491,16,Aye
175,1491,2,Aye
176,1491,7,Aye
177,1491,8,Aye
178,1491,13,Aye
179,1492,12,Aye
180,1492,1,Aye
181,1492,16,Aye
182,1492,2,Aye
183,1492,7,Aye
184,1492,8,Aye
185,1492,13,Aye
186,1493,12,Aye
187,1493,1,Aye
188,1493,16,Aye
189,1493,2,Aye
190,1493,7,Aye
191,1493,8,Aye
192,1493,13,Aye
193,1494,12,Aye
194,1494,1,Aye
195,1494,16,Aye
196,1494,2,Aye
197,1494,7,Aye
198,1494,8,Aye
199,1494,13,Aye
200,1495,12,Aye
201,1495,1,Aye
202,1495,16,Aye
203,1495,2,Aye
204,1495,7,Aye
205,1495,8,Aye
206,1495,13,Aye
207,1496,12,Aye
208,1496,1,Aye
209,1496,16,Aye
210,1496,2,Aye
211,1496,7,Aye
212,1496,8,Aye
213,1496,13,Aye
214,1497,12,Aye
215,1497,1,Aye
216,1497,16,Aye
217,1497,2,Aye
218,1497,7,Aye
219,1497,8,Aye
220,1497,13,Aye
221,1498,12,Aye
222,1498,1,Aye
223,1498,16,Aye
224,1498,2,Aye
225,1498,7,Aye
226,1498,8,Aye
227,1498,13,Aye
228,1499,12,Aye
229,1499,1,Aye
230,1499,16,Aye
231,1499,2,Aye
232,1499,7,Aye
233,1499,8,Aye
234,1499,13,Aye
235,1500,12,Aye
236,1500,1,Aye
237,1500,16,Aye
238,1500,2,Aye
239,1500,7,Aye
240,1500,8,Aye
241,1500,13,Aye
242,1501,12,Aye
243,1501,1,Aye
244,1501,16,Aye
245,1501,2,Aye
246,1501,7,Aye
247,1501,8,Aye
248,1501,13,Aye
249,1502,12,Aye
250,1502,1,Aye
251,1502,16,Aye
252,1502,2,Aye
253,1502,7,Aye
254,1502,8,Aye
255,1502,13,Aye
256,1503,12,Aye
257,1503,1,Aye
258,1503,16,Aye
259,1503,2,Aye
260,1503,7,Aye
261,1503,8,Aye
262,1503,13,Aye
263,1504,12,Aye
264,1504,1,Aye
265,1504,16,Aye
266,1504,2,Aye
267,1504,7,Aye
268,1504,8,Aye
269,1504,13,Aye
270,1505,8,Aye
271,1505,13,Aye
272,1505,12,Nay
273,1505,16,Abstain
274,1506,12,Aye
275,1506,8,Nay
276,1506,13,Nay
277,1506,16,Abstain
278,1507,12,Aye
279,1507,1,Aye
280,1507,16,Aye
281,1507,2,Aye
282,1507,7,Aye
283,1507,8,Aye
284,1507,13,Aye
285,1508,12,Aye
286,1508,1,Aye
287,1508,2,Aye
288,1508,7,Aye
289,1508,16,Nay
290,1508,8,Nay
291,1509,2,Aye
292,1509,7,Aye
293,1509,8,Aye
294,1509,13,Aye
295,1510,12,Aye
296,1510,16,Aye
297,1510,2,Aye
298,1510,7,Aye
299,1510,8,Aye
300,1510,13,Aye
301,1511,12,Aye
302,1511,16,Aye
303,1511,2,Aye
304,1511,7,Aye
305,1511,8,Aye
306,1511,13,Aye
307,1512,12,Aye
308,1512,16,Aye
309,1512,2,Aye
310,1512,7,Aye
311,1512,8,Aye
312,1512,13,Aye
313,1513,12,Aye
314,1513,16,Aye
315,1513,2,Aye
316,1513,7,Aye
317,1513,8,Aye
318,1513,13,Aye
319,1514,12,Aye
320,1515,12,Aye
321,1516,12,Aye
322,1517,16,Aye
323,1517,7,Aye
324,1517,8,Aye
325,1517,13,Aye
326,1517,2,Nay
327,1517,12,Abstain
328,1518,12,Aye
329,1518,16,Aye
330,1518,2,Aye
331,1518,7,Aye
332,1518,8,Aye
333,1518,13,Aye
334,1519,12,Aye
335,1519,16,Aye
336,1519,2,Aye
337,1519,7,Aye
338,1519,8,Aye
339,1519,13,Aye
340,1520,16,Aye
341,1520,7,Aye
342,1520,8,Aye
343,1520,13,Aye
344,1520,2,Nay
345,1521,12,Aye
346,1521,16,Aye
347,1521,2,Aye
348,1521,7,Aye
349,1521,8,Aye
350,1521,13,Aye
351,1522,12,Aye
352,1522,16,Aye
353,1522,2,Aye
354,1522,7,Aye
355,1522,8,Aye
356,1522,13,Aye
357,1523,12,Aye
358,1523,16,Aye
359,1523,2,Aye
360,1523,7,Aye
361,1523,8,Aye
362,1523,13,Aye
363,1524,12,Aye
364,1524,16,Aye
365,1524,2,Aye
366,1524,7,Aye
367,1524,8,Aye
368,1524,13,Aye
369,1525,12,Aye
370,1525,16,Aye
371,1525,2,Aye
372,1525,7,Aye
373,1525,8,Aye
374,1525,13,Aye
375,1526,12,Aye
376,1526,16,Aye
377,1526,2,Aye
378,1526,7,Aye
379,1526,8,Aye
380,1526,13,Aye
381,1527,12,Aye
382,1527,16,Aye
383,1527,2,Aye
384,1527,7,Aye
385,1527,8,Aye
386,1527,13,Aye
387,1528,12,Aye
388,1528,16,Aye
389,1528,2,Aye
390,1528,7,Aye
391,1528,8,Aye
392,1528,13,Aye
393,1529,12,Aye
394,1529,16,Aye
395,1529,2,Aye
396,1529,7,Aye
397,1529,8,Aye
398,1529,13,Aye
399,1530,12,Aye
400,1530,16,Aye
401,1530,2,Aye
402,1530,7,Aye
403,1530,8,Aye
404,1530,13,Aye
405,1531,12,Aye
406,1531,16,Aye
407,1531,2,Aye
408,1531,7,Aye
409,1531,8,Aye
410,1531,13,Aye
411,1532,12,Aye
412,1532,16,Aye
413,1532,2,Aye
414,1532,7,Aye
415,1532,8,Aye
416,1532,13,Aye
417,1533,12,Aye
418,1533,16,Aye
419,1533,2,Aye
420,1533,7,Aye
421,1533,8,Aye
422,1533,13,Aye
423,1534,1,Aye
424,1534,16,Aye
425,1534,2,Aye
426,1534,8,Aye
427,1534,13,Aye
428,1534,12,Absent
429,1534,7,Absent
430,1535,1,Aye
431,1535,16,Aye
432,1535,2,Aye
433,1535,8,Aye
434,1535,13,Aye
435,1535,12,Absent
436,1535,7,Absent
437,1536,1,Aye
438,1536,16,Aye
439,1536,2,Aye
440,1536,8,Aye
441,1536,13,Aye
442,1536,12,Absent
443,1536,7,Absent
444,1537,1,Aye
445,1537,16,Aye
446,1537,2,Aye
447,1537,8,Aye
448,1537,13,Aye
449,1537,12,Absent
450,1537,7,Absent
451,1538,1,Aye
452,1538,16,Aye
453,1538,2,Aye
454,1538,7,Absent
455,1538,8,Aye
456,1538,13,Aye
457,1538,12,Absent
458,1539,12,Aye
459,1539,1,Aye
460,1539,16,Aye
461,1539,2,Aye
462,1539,7,Aye
463,1539,8,Aye
464,1539,13,Aye
465,1540,12,Aye
466,1540,1,Aye
467,1540,16,Aye
468,1540,2,Aye
469,1540,8,Aye
470,1540,7,Absent
471,1540,13,Absent
472,1541,12,Aye
473,1541,1,Aye
474,1541,16,Aye
475,1541,2,Aye
476,1541,8,Aye
477,1541,13,Aye
478,1541,7,Aye
479,1542,1,Aye
480,1542,16,Aye
481,1542,2,Aye
482,1542,8,Aye
483,1542,13,Aye
484,1542,12,Abstain
485,1542,7,Abstain
486,1543,12,Aye
487,1543,1,Aye
488,1543,16,Aye
489,1543,2,Aye
490,1543,8,Aye
491,1543,13,Aye
492,1543,7,Aye
493,1544,12,Aye
494,1544,1,Aye
495,1544,16,Aye
496,1544,2,Aye
497,1544,8,Aye
498,1544,13,Aye
499,1544,7,Aye
500,1545,12,Aye
501,1545,1,Aye
502,1545,16,Aye
503,1545,8,Aye
504,1545,13,Aye
505,1545,7,Aye
506,1545,2,Nay
507,1546,12,Aye
508,1546,1,Aye
509,1546,16,Aye
510,1546,2,Aye
511,1546,8,Aye
512,1546,13,Aye
513,1546,7,Aye
514,1547,1,Aye
515,1547,16,Aye
516,1547,2,Aye
517,1547,8,Aye
518,1547,13,Aye
519,1547,7,Aye
520,1547,12,Nay
521,1548,12,Aye
522,1548,1,Aye
523,1548,16,Aye
524,1548,2,Aye
525,1548,8,Aye
526,1548,13,Aye
527,1548,7,Aye
528,1549,12,Aye
529,1549,1,Aye
530,1549,16,Aye
531,1549,2,Aye
532,1549,8,Aye
533,1549,13,Aye
534,1549,7,Aye
535,1550,12,Aye
536,1550,1,Aye
537,1550,16,Aye
538,1550,2,Aye
539,1550,8,Aye
540,1550,13,Aye
541,1550,7,Aye
542,1551,12,Aye
543,1551,1,Aye
544,1551,16,Aye
545,1551,2,Aye
546,1551,8,Aye
547,1551,13,Aye
548,1551,7,Aye
549,1552,12,Aye
550,1552,1,Aye
551,1552,16,Aye
552,1552,2,Aye
553,1552,8,Aye
554,1552,13,Aye
555,1552,7,Aye
556,1554,12,Aye
557,1554,1,Aye
558,1554,16,Aye
559,1554,2,Aye
560,1554,8,Aye
561,1554,13,Aye
562,1554,7,Aye
563,1555,12,Aye
564,1555,1,Aye
565,1555,16,Aye
566,1555,2,Aye
567,1555,8,Aye
568,1555,13,Aye
569,1555,7,Aye
570,1556,12,Aye
571,1556,1,Aye
572,1556,16,Aye
573,1556,2,Aye
574,1556,8,Aye
575,1556,13,Aye
576,1556,7,Aye
577,1557,12,Aye
578,1557,1,Aye
579,1557,16,Aye
580,1557,2,Aye
581,1557,8,Aye
582,1557,13,Aye
583,1557,7,Aye
584,1558,12,Aye
585,1558,1,Aye
586,1558,16,Aye
587,1558,2,Aye
588,1558,8,Aye
589,1558,13,Aye
590,1558,7,Aye
591,1559,12,Aye
592,1559,1,Aye
593,1559,16,Aye
594,1559,2,Aye
595,1559,8,Aye
596,1559,13,Aye
597,1559,7,Aye
598,1560,12,Aye
599,1560,1,Aye
600,1560,16,Aye
601,1560,2,Aye
602,1560,8,Aye
603,1560,13,Aye
604,1560,7,Aye
605,1561,12,Aye
606,1561,1,Aye
607,1561,16,Aye
608,1561,2,Aye
609,1561,8,Aye
610,1561,13,Aye
611,1561,7,Aye
612,1562,12,Aye
613,1562,1,Aye
614,1562,16,Aye
615,1562,2,Aye
616,1562,8,Aye
617,1562,13,Aye
618,1562,7,Aye
619,1563,12,Aye
620,1563,1,Aye
621,1563,16,Aye
622,1563,2,Aye
623,1563,8,Aye
624,1563,13,Aye
625,1563,7,Aye
626,1564,12,Aye
627,1564,1,Aye
628,1564,16,Aye
629,1564,2,Aye
630,1564,8,Aye
631,1564,13,Aye
632,1564,7,Aye
633,1565,12,Aye
634,1565,1,Aye
635,1565,16,Aye
636,1565,2,Aye
637,1565,8,Aye
638,1565,13,Aye
639,1565,7,Aye
640,1566,12,Aye
641,1566,1,Aye
642,1566,16,Aye
643,1566,2,Aye
644,1566,8,Aye
645,1566,13,Aye
646,1566,7,Aye
647,1567,12,Aye
648,1567,1,Aye
649,1567,16,Aye
650,1567,2,Aye
651,1567,8,Aye
652,1567,13,Aye
653,1567,7,Aye
654,1568,12,Aye
655,1568,1,Aye
656,1568,16,Aye
657,1568,2,Aye
658,1568,8,Aye
659,1568,13,Aye
660,1568,7,Aye
661,1569,12,Aye
662,1569,1,Aye
663,1569,16,Aye
664,1569,2,Aye
665,1569,8,Aye
666,1569,13,Aye
667,1569,7,Aye
668,1570,12,Aye
669,1570,1,Aye
670,1570,16,Aye
671,1570,2,Aye
672,1570,8,Aye
673,1570,13,Aye
674,1570,7,Aye
675,1571,12,Aye
676,1571,1,Aye
677,1571,2,Aye
678,1571,8,Aye
679,1571,13,Aye
680,1571,7,Aye
681,1571,16,Absent
682,1572,12,Aye
683,1572,1,Aye
684,1572,16,Aye
685,1572,2,Aye
686,1572,8,Aye
687,1572,13,Aye
688,1572,7,Aye
689,1573,12,Aye
690,1573,1,Aye
691,1573,2,Aye
692,1573,8,Aye
693,1573,13,Aye
694,1573,7,Aye
695,1573,16,Absent
696,1574,12,Aye
697,1574,1,Aye
698,1574,16,Aye
699,1574,8,Aye
700,1574,13,Aye
701,1574,7,Aye
702,1574,2,Absent
703,1575,12,Aye
704,1575,1,Aye
705,1575,16,Aye
706,1575,8,Aye
707,1575,13,Aye
708,1575,7,Aye
709,1575,2,Absent
710,1576,12,Aye
711,1576,1,Aye
712,1576,16,Aye
713,1576,8,Aye
714,1576,13,Aye
715,1576,7,Aye
716,1576,2,Absent
717,1577,12,Aye
718,1577,1,Aye
719,1577,16,Aye
720,1577,8,Aye
721,1577,13,Aye
722,1577,7,Aye
723,1577,2,Absent
724,1578,12,Aye
725,1578,1,Aye
726,1578,16,Aye
727,1578,8,Aye
728,1578,13,Aye
729,1578,7,Aye
730,1578,2,Absent
731,1579,12,Aye
732,1579,1,Aye
733,1579,16,Aye
734,1579,8,Aye
735,1579,13,Aye
736,1579,2,Absent
737,1579,7,Absent
738,1580,12,Aye
739,1580,1,Aye
740,1580,16,Aye
741,1580,8,Aye
742,1580,7,Aye
743,1580,2,Aye
744,1580,13,Absent
745,1581,13,Absent
746,1581,2,Abstain
747,1582,12,Aye
748,1582,1,Aye
749,1582,16,Aye
750,1582,8,Aye
751,1582,7,Aye
752,1582,2,Aye
753,1582,13,Absent
754,1583,12,Aye
755,1583,1,Aye
756,1583,16,Aye
757,1583,8,Aye
758,1583,7,Aye
759,1583,2,Aye
760,1583,13,Absent
761,1585,8,Aye
762,1585,7,Aye
763,1585,2,Aye
764,1585,12,Nay
765,1585,1,Nay
766,1585,16,Nay
767,1585,13,Absent
768,1586,12,Aye
769,1586,1,Aye
770,1586,16,Aye
771,1586,8,Aye
772,1586,7,Aye
773,1586,2,Aye
774,1586,13,Absent
775,1587,12,Aye
776,1587,1,Aye
777,1587,16,Aye
778,1587,8,Aye
779,1587,7,Aye
780,1587,2,Aye
781,1587,13,Absent
782,1588,12,Aye
783,1588,1,Aye
784,1588,16,Aye
785,1588,2,Aye
786,1588,8,Aye
787,1588,13,Aye
788,1588,7,Aye
789,1589,12,Aye
790,1589,1,Aye
791,1589,16,Aye
792,1589,2,Aye
793,1589,8,Aye
794,1589,13,Aye
795,1589,7,Aye
796,1590,12,Aye
797,1590,1,Aye
798,1590,16,Aye
799,1590,2,Aye
800,1590,8,Aye
801,1590,13,Aye
802,1590,7,Aye
803,1591,1,Aye
804,1591,16,Aye
805,1591,2,Aye
806,1591,8,Aye
807,1591,13,Aye
808,1591,12,Nay
809,1591,7,Nay
810,1592,12,Aye
811,1592,1,Aye
812,1592,16,Aye
813,1592,2,Aye
814,1592,8,Aye
815,1592,13,Aye
816,1592,7,Aye
817,1593,12,Aye
818,1593,1,Aye
819,1593,16,Aye
820,1593,2,Aye
821,1593,8,Aye
822,1593,13,Aye
823,1593,7,Aye
824,1594,12,Aye
825,1594,1,Aye
826,1594,16,Aye
827,1594,2,Aye
828,1594,8,Aye
829,1594,13,Aye
830,1594,7,Aye
831,1595,1,Aye
832,1595,16,Aye
833,1595,2,Aye
834,1595,8,Aye
835,1595,13,Aye
836,1595,7,Aye
837,1595,12,Abstain
838,1596,12,Aye
839,1596,1,Aye
840,1596,16,Aye
841,1596,2,Aye
842,1596,8,Aye
843,1596,13,Aye
844,1596,7,Aye
845,1597,12,Aye
846,1597,1,Aye
847,1597,16,Aye
848,1597,2,Aye
849,1597,8,Aye
850,1597,13,Aye
851,1597,7,Aye
852,1598,12,Aye
853,1598,1,Aye
854,1598,16,Aye
855,1598,2,Aye
856,1598,8,Aye
857,1598,13,Aye
858,1598,7,Aye
859,1599,12,Aye
860,1599,1,Aye
861,1599,16,Aye
862,1599,2,Aye
863,1599,8,Aye
864,1599,13,Aye
865,1599,7,Aye
866,1600,12,Aye
867,1600,1,Aye
868,1600,16,Aye
869,1600,2,Aye
870,1600,8,Aye
871,1600,13,Aye
872,1600,7,Aye
873,1601,12,Aye
874,1601,1,Aye
875,1601,16,Aye
876,1601,2,Aye
877,1601,8,Aye
878,1601,13,Aye
879,1601,7,Aye
880,1602,12,Aye
881,1602,1,Aye
882,1602,16,Aye
883,1602,2,Aye
884,1602,8,Aye
885,1602,13,Aye
886,1602,7,Aye
887,1603,12,Aye
888,1603,1,Aye
889,1603,16,Aye
890,1603,2,Aye
891,1603,8,Aye
892,1603,13,Aye
893,1603,7,Aye
894,1604,1,Aye
895,1604,16,Aye
896,1604,2,Aye
897,1604,8,Aye
898,1604,13,Aye
899,1604,7,Aye
900,1604,12,Abstain
901,1605,12,Aye
902,1605,1,Aye
903,1605,16,Aye
904,1605,2,Aye
905,1605,8,Aye
906,1605,13,Aye
907,1605,7,Aye
908,1606,12,Aye
909,1606,1,Aye
910,1606,16,Aye
911,1606,13,Aye
912,1606,2,Absent
913,1606,8,Absent
914,1606,7,Absent
915,1607,12,Aye
916,1607,16,Aye
917,1607,2,Aye
918,1607,13,Aye
919,1607,1,Absent
920,1607,8,Absent
921,1607,7,Absent
922,1608,12,Aye
923,1608,16,Aye
924,1608,2,Aye
925,1608,13,Aye
926,1608,1,Absent
927,1608,8,Absent
928,1608,7,Absent
929,1609,12,Aye
930,1609,16,Aye
931,1609,2,Aye
932,1609,13,Aye
933,1609,1,Absent
934,1609,8,Absent
935,1609,7,Absent
936,1610,12,Aye
937,1610,16,Aye
938,1610,2,Aye
939,1610,13,Aye
940,1610,1,Absent
941,1610,8,Absent
942,1610,7,Absent
943,1611,12,Aye
944,1611,16,Aye
945,1611,2,Aye
946,1611,13,Aye
947,1611,1,Absent
948,1611,8,Absent
949,1611,7,Absent
950,1612,12,Aye
951,1612,16,Aye
952,1612,2,Aye
953,1612,13,Aye
954,1612,1,Absent
955,1612,8,Absent
956,1612,7,Absent
957,1613,12,Aye
958,1613,16,Aye
959,1613,2,Aye
960,1613,13,Aye
961,1613,1,Absent
962,1613,8,Absent
963,1613,7,Absent
964,1614,12,Aye
965,1614,16,Aye
966,1614,2,Aye
967,1614,13,Aye
968,1614,1,Absent
969,1614,8,Absent
970,1614,7,Absent
971,1615,12,Aye
972,1615,16,Aye
973,1615,2,Aye
974,1615,13,Aye
975,1615,1,Aye
976,1615,8,Aye
977,1615,7,Aye
978,1616,12,Aye
979,1616,16,Aye
980,1616,2,Aye
981,1616,13,Aye
982,1616,1,Abstain
983,1616,8,Abstain
984,1616,7,Abstain
985,1617,12,Aye
986,1617,16,Aye
987,1617,2,Aye
988,1617,1,Aye
989,1617,8,Aye
990,1617,7,Aye
991,1617,13,Abstain
992,1618,12,Aye
993,1618,16,Aye
994,1618,2,Aye
995,1618,13,Aye
996,1618,1,Aye
997,1618,8,Aye
998,1618,7,Aye
999,1619,12,Aye
1000,1619,16,Aye
1001,1619,2,Aye
1002,1619,13,Aye
1003,1619,1,Aye
1004,1619,8,Aye
1005,1619,7,Aye
1006,1620,12,Aye
1007,1620,16,Aye
1008,1620,2,Aye
1009,1620,13,Aye
1010,1620,1,Aye
1011,1620,8,Aye
1012,1620,7,Aye
1013,1621,12,Aye
1014,1621,16,Aye
1015,1621,2,Aye
1016,1621,13,Aye
1017,1621,1,Aye
1018,1621,8,Aye
1019,1621,7,Aye
1020,1622,12,Aye
1021,1622,16,Aye
1022,1622,2,Aye
1023,1622,13,Aye
1024,1622,1,Aye
1025,1622,8,Aye
1026,1622,7,Aye
1027,1623,12,Aye
1028,1623,16,Aye
1029,1623,2,Aye
1030,1623,13,Aye
1031,1623,1,Aye
1032,1623,8,Aye
1033,1623,7,Aye
1034,1624,16,Aye
1035,1624,2,Aye
1036,1624,13,Aye
1037,1624,1,Aye
1038,1624,8,Aye
1039,1624,7,Aye
1040,1624,12,Abstain
1041,1625,12,Aye
1042,1625,16,Aye
1043,1625,2,Aye
1044,1625,13,Aye
1045,1625,1,Aye
1046,1625,8,Aye
1047,1625,7,Aye
1048,1626,12,Aye
1049,1626,16,Aye
1050,1626,2,Aye
1051,1626,13,Aye
1052,1626,1,Aye
1053,1626,8,Aye
1054,1626,7,Aye
1055,1627,12,Aye
1056,1627,16,Aye
1057,1627,2,Aye
1058,1627,13,Aye
1059,1627,1,Aye
1060,1627,8,Aye
1061,1627,7,Aye
1062,1628,12,Aye
1063,1628,16,Aye
1064,1628,2,Aye
1065,1628,13,Aye
1066,1628,1,Aye
1067,1628,8,Aye
1068,1628,7,Aye
1069,1629,12,Aye
1070,1629,16,Aye
1071,1629,2,Aye
1072,1629,13,Aye
1073,1629,1,Aye
1074,1629,8,Aye
1075,1629,7,Aye
1076,1630,12,Aye
1077,1630,16,Aye
1078,1630,2,Aye
1079,1630,13,Aye
1080,1630,1,Aye
1081,1630,8,Aye
1082,1630,7,Aye
1083,1631,12,Aye
1084,1631,16,Aye
1085,1631,2,Aye
1086,1631,13,Aye
1087,1631,1,Aye
1088,1631,8,Aye
1089,1631,7,Aye
1090,1632,12,Aye
1091,1632,16,Aye
1092,1632,2,Aye
1093,1632,13,Aye
1094,1632,1,Aye
1095,1632,8,Aye
1096,1632,7,Aye
1097,1633,12,Aye
1098,1633,16,Aye
1099,1633,2,Aye
1100,1633,13,Aye
1101,1633,1,Aye
1102,1633,8,Aye
1103,1633,7,Aye
1104,1634,12,Aye
1105,1634,16,Aye
1106,1634,2,Aye
1107,1634,13,Aye
1108,1634,1,Aye
1109,1634,8,Aye
1110,1634,7,Aye
1111,1635,12,Aye
1112,1635,16,Aye
1113,1635,2,Aye
1114,1635,13,Aye
1115,1635,1,Aye
1116,1635,8,Aye
1117,1635,7,Aye
1118,1636,12,Aye
1119,1636,16,Aye
1120,1636,2,Aye
1121,1636,13,Aye
1122,1636,1,Aye
1123,1636,8,Aye
1124,1637,12,Aye
1125,1637,16,Aye
1126,1637,2,Aye
1127,1637,13,Aye
1128,1637,1,Aye
1129,1637,8,Aye
1130,1637,7,Aye
1131,1638,12,Nay
1132,1638,16,Aye
1133,1638,2,Aye
1134,1638,13,Aye
1135,1638,1,Aye
1136,1638,8,Aye
1137,1638,7,Aye
1138,1639,12,Aye
1139,1639,2,Aye
1140,1639,13,Aye
1141,1639,1,Aye
1142,1639,8,Aye
1143,1639,7,Aye
1144,1639,16,Nay
1145,1640,12,Aye
1146,1640,16,Aye
1147,1640,13,Aye
1148,1640,1,Aye
1149,1640,8,Aye
1150,1640,7,Aye
1151,1640,2,Abstain
1152,1641,12,Aye
1153,1641,16,Aye
1154,1641,2,Aye
1155,1641,13,Aye
1156,1641,1,Aye
1157,1641,8,Aye
1158,1641,7,Aye
1159,1642,12,Aye
1160,1642,16,Aye
1161,1642,2,Aye
1162,1642,13,Aye
1163,1642,1,Aye
1164,1642,8,Aye
1165,1642,7,Aye
1166,1643,12,Aye
1167,1643,16,Aye
1168,1643,2,Aye
1169,1643,13,Aye
1170,1643,1,Aye
1171,1643,8,Aye
1172,1643,7,Aye
1173,1644,12,Aye
1174,1644,16,Aye
1175,1644,2,Aye
1176,1644,13,Aye
1177,1644,1,Aye
1178,1644,8,Aye
1179,1644,7,Aye
1180,1645,12,Aye
1181,1645,16,Aye
1182,1645,2,Aye
1183,1645,13,Aye
1184,1645,1,Aye
1185,1645,8,Aye
1186,1645,7,Aye
1187,1646,12,Aye
1188,1646,16,Aye
1189,1646,2,Aye
1190,1646,13,Aye
1191,1646,1,Aye
1192,1646,8,Aye
1193,1646,7,Aye
1194,1647,12,Aye
1195,1647,16,Aye
1196,1647,2,Aye
1197,1647,13,Aye
1198,1647,1,Aye
1199,1647,8,Aye
1200,1647,7,Aye
1201,1648,12,Aye
1202,1648,16,Aye
1203,1648,2,Aye
1204,1648,13,Aye
1205,1648,1,Aye
1206,1648,8,Aye
1207,1648,7,Aye
1208,1649,12,Aye
1209,1649,16,Aye
1210,1649,2,Aye
1211,1649,13,Aye
1212,1649,1,Aye
1213,1649,8,Aye
1214,1649,7,Aye
1215,1650,12,Aye
1216,1650,16,Aye
1217,1650,2,Aye
1218,1650,13,Aye
1219,1650,1,Aye
1220,1650,8,Aye
1221,1650,7,Aye
1222,1651,12,Aye
1223,1651,16,Aye
1224,1651,2,Aye
1225,1651,13,Aye
1226,1651,1,Aye
1227,1651,8,Aye
1228,1651,7,Aye
1229,1652,12,Aye
1230,1652,16,Aye
1231,1652,2,Aye
1232,1652,13,Aye
1233,1652,1,Aye
1234,1652,8,Aye
1235,1652,7,Aye
1236,1653,12,Aye
1237,1653,16,Aye
1238,1653,2,Aye
1239,1653,13,Aye
1240,1653,1,Aye
1241,1653,8,Aye
1242,1653,7,Aye
1243,1654,12,Aye
1244,1654,16,Aye
1245,1654,2,Aye
1246,1654,13,Aye
1247,1654,1,Aye
1248,1654,8,Aye
1249,1654,7,Aye
1250,1655,12,Aye
1251,1655,16,Aye
1252,1655,2,Aye
1253,1655,13,Aye
1254,1655,1,Aye
1255,1655,8,Aye
1256,1655,7,Aye
1257,1656,16,Aye
1258,1656,2,Aye
1259,1656,13,Aye
1260,1656,1,Aye
1261,1656,8,Aye
1262,1656,7,Aye
1263,1656,12,Nay
1264,1657,12,Aye
1265,1657,16,Aye
1266,1657,2,Aye
1267,1657,13,Aye
1268,1657,1,Aye
1269,1657,8,Aye
1270,1657,7,Aye
1271,1658,12,Aye
1272,1658,16,Aye
1273,1658,2,Aye
1274,1658,13,Aye
1275,1658,1,Aye
1276,1658,8,Aye
1277,1658,7,Aye
1278,1659,12,Aye
1279,1659,16,Aye
1280,1659,2,Aye
1281,1659,13,Aye
1282,1659,1,Aye
1283,1659,8,Aye
1284,1659,7,Aye
1285,1660,12,Aye
1286,1660,16,Aye
1287,1660,2,Aye
1288,1660,13,Aye
1289,1660,1,Aye
1290,1660,8,Aye
1291,1660,7,Aye
1292,1661,12,Aye
1293,1661,16,Aye
1294,1661,2,Aye
1295,1661,13,Aye
1296,1661,1,Aye
1297,1661,8,Aye
1298,1661,7,Aye
1299,1662,12,Aye
1300,1662,16,Aye
1301,1662,2,Aye
1302,1662,13,Aye
1303,1662,1,Aye
1304,1662,8,Aye
1305,1662,7,Aye
1306,1663,12,Aye
1307,1663,16,Aye
1308,1663,2,Aye
1309,1663,13,Aye
1310,1663,1,Aye
1311,1663,8,Aye
1312,1663,7,Aye
1313,1664,12,Aye
1314,1664,16,Aye
1315,1664,2,Aye
1316,1664,13,Aye
1317,1664,1,Aye
1318,1664,8,Aye
1319,1664,7,Aye
1320,1665,12,Aye
1321,1665,16,Aye
1322,1665,2,Aye
1323,1665,13,Aye
1324,1665,1,Aye
1325,1665,8,Aye
1326,1665,7,Aye
1327,1666,12,Aye
1328,1666,16,Aye
1329,1666,2,Aye
1330,1666,1,Aye
1331,1666,8,Aye
1332,1666,7,Aye
1333,1666,13,Absent
1334,1667,12,Aye
1335,1667,16,Aye
1336,1667,2,Aye
1337,1667,13,Aye
1338,1667,1,Aye
1339,1667,7,Aye
1340,1667,8,Absent
1341,1668,12,Aye
1342,1668,16,Aye
1343,1668,2,Aye
1344,1668,13,Aye
1345,1668,1,Aye
1346,1668,7,Aye
1347,1668,8,Absent
1348,1669,12,Aye
1349,1669,16,Aye
1350,1669,2,Aye
1351,1669,13,Aye
1352,1669,1,Aye
1353,1669,7,Aye
1354,1669,8,Absent
1355,1670,12,Aye
1356,1670,16,Aye
1357,1670,2,Aye
1358,1670,13,Aye
1359,1670,1,Aye
1360,1670,7,Aye
1361,1670,8,Absent
1362,1671,12,Aye
1363,1671,16,Aye
1364,1671,2,Aye
1365,1671,13,Aye
1366,1671,1,Aye
1367,1671,7,Aye
1368,1671,8,Absent
1369,1672,12,Aye
1370,1672,16,Aye
1371,1672,2,Aye
1372,1672,13,Aye
1373,1672,1,Aye
1374,1672,7,Aye
1375,1672,8,Absent
1376,1673,12,Aye
1377,1673,16,Aye
1378,1673,13,Aye
1379,1673,1,Aye
1380,1673,2,Nay
1381,1673,7,Nay
1382,1673,8,Absent
1383,1674,12,Aye
1384,1674,16,Aye
1385,1674,13,Aye
1386,1674,1,Aye
1387,1674,7,Aye
1388,1674,2,Nay
1389,1674,8,Absent
1390,1675,12,Aye
1391,1675,16,Aye
1392,1675,2,Aye
1393,1675,13,Aye
1394,1675,1,Aye
1395,1675,7,Aye
1396,1675,8,Absent
1397,1676,12,Aye
1398,1676,16,Aye
1399,1676,2,Aye
1400,1676,13,Aye
1401,1676,1,Aye
1402,1676,7,Aye
1403,1676,8,Absent
1404,1677,12,Aye
1405,1677,16,Aye
1406,1677,2,Aye
1407,1677,13,Aye
1408,1677,1,Aye
1409,1677,7,Aye
1410,1677,8,Absent
1411,1678,12,Aye
1412,1678,16,Aye
1413,1678,2,Aye
1414,1678,13,Aye
1415,1678,1,Aye
1416,1678,7,Aye
1417,1678,8,Absent
1418,1679,12,Aye
1419,1679,16,Aye
1420,1679,2,Aye
1421,1679,13,Aye
1422,1679,1,Aye
1423,1679,7,Aye
1424,1679,8,Aye
1425,1680,12,Aye
1426,1680,16,Aye
1427,1680,2,Aye
1428,1680,13,Aye
1429,1680,1,Aye
1430,1680,7,Aye
1431,1680,8,Aye
1432,1681,12,Aye
1433,1681,16,Aye
1434,1681,2,Aye
1435,1681,13,Aye
1436,1681,1,Aye
1437,1681,7,Aye
1438,1681,8,Aye
1439,1682,12,Aye
1440,1682,16,Aye
1441,1682,2,Aye
1442,1682,13,Aye
1443,1682,1,Aye
1444,1682,7,Aye
1445,1682,8,Aye
1446,1683,12,Aye
1447,1683,16,Aye
1448,1683,2,Aye
1449,1683,13,Aye
1450,1683,1,Aye
1451,1683,7,Aye
1452,1683,8,Aye
1453,1684,12,Aye
1454,1684,16,Aye
1455,1684,2,Aye
1456,1684,13,Aye
1457,1684,1,Aye
1458,1684,7,Aye
1459,1684,8,Aye
1460,1685,12,Aye
1461,1685,16,Aye
1462,1685,2,Aye
1463,1685,13,Aye
1464,1685,1,Aye
1465,1685,7,Aye
1466,1685,8,Aye
1467,1686,12,Aye
1468,1686,16,Aye
1469,1686,2,Aye
1470,1686,13,Aye
1471,1686,1,Aye
1472,1686,7,Aye
1473,1686,8,Aye
1474,1687,12,Aye
1475,1687,16,Aye
1476,1687,2,Aye
1477,1687,13,Aye
1478,1687,1,Aye
1479,1687,7,Aye
1480,1687,8,Aye
1481,1688,12,Aye
1482,1688,2,Aye
1483,1688,13,Aye
1484,1688,1,Aye
1485,1688,8,Aye
1486,1688,7,Aye
1487,1688,16,Absent
1488,1689,12,Aye
1489,1689,2,Aye
1490,1689,13,Aye
1491,1689,1,Aye
1492,1689,8,Aye
1493,1689,7,Aye
1494,1689,16,Absent
1495,1690,12,Aye
1496,1690,2,Aye
1497,1690,13,Aye
1498,1690,1,Aye
1499,1690,8,Aye
1500,1690,7,Aye
1501,1690,16,Absent
1502,1691,12,Aye
1503,1691,2,Aye
1504,1691,13,Aye
1505,1691,1,Aye
1506,1691,8,Aye
1507,1691,7,Aye
1508,1691,16,Absent
1509,1692,12,Aye
1510,1692,2,Aye
1511,1692,13,Aye
1512,1692,1,Aye
1513,1692,8,Aye
1514,1692,7,Aye
1515,1692,16,Absent
1516,1693,12,Aye
1517,1693,2,Aye
1518,1693,8,Aye
1519,1693,7,Aye
1520,1693,13,Nay
1521,1693,1,Nay
1522,1693,16,Absent
1523,1694,12,Aye
1524,1694,2,Aye
1525,1694,8,Aye
1526,1694,7,Aye
1527,1694,13,Nay
1528,1694,1,Nay
1529,1694,16,Absent
1530,1695,12,Aye
1531,1695,13,Aye
1532,1695,1,Aye
1533,1695,8,Aye
1534,1695,7,Nay
1535,1695,16,Absent
1536,1695,2,Abstain
1537,1696,12,Aye
1538,1696,2,Aye
1539,1696,13,Aye
1540,1696,1,Aye
1541,1696,8,Aye
1542,1696,7,Aye
1543,1696,16,Absent
1544,1697,12,Aye
1545,1697,2,Aye
1546,1697,13,Aye
1547,1697,1,Aye
1548,1697,8,Aye
1549,1697,7,Aye
1550,1697,16,Absent
1551,1698,12,Aye
1552,1698,2,Aye
1553,1698,13,Aye
1554,1698,1,Aye
1555,1698,8,Aye
1556,1698,7,Aye
1557,1698,16,Absent
1558,1699,12,Aye
1559,1699,2,Aye
1560,1699,13,Aye
1561,1699,1,Aye
1562,1699,8,Aye
1563,1699,7,Aye
1564,1699,16,Absent
1565,1700,12,Aye
1566,1700,2,Aye
1567,1700,13,Aye
1568,1700,1,Aye
1569,1700,8,Aye
1570,1700,7,Aye
1571,1700,16,Absent
1572,1701,12,Aye
1573,1701,2,Aye
1574,1701,13,Aye
1575,1701,1,Aye
1576,1701,8,Aye
1577,1701,7,Aye
1578,1701,16,Absent
1579,1702,12,Aye
1580,1702,2,Aye
1581,1702,13,Aye
1582,1702,1,Aye
1583,1702,8,Aye
1584,1702,7,Aye
1585,1702,16,Absent
1586,1703,12,Aye
1587,1703,2,Aye
1588,1703,13,Aye
1589,1703,1,Aye
1590,1703,8,Aye
1591,1703,7,Aye
1592,1703,16,Absent
1593,1704,12,Aye
1594,1704,16,Aye
1595,1704,2,Aye
1596,1704,13,Aye
1597,1704,1,Aye
1598,1704,8,Aye
1599,1704,7,Aye
1600,1705,12,Aye
1601,1705,16,Aye
1602,1705,2,Aye
1603,1705,13,Aye
1604,1705,1,Aye
1605,1705,8,Aye
1606,1705,7,Aye
1607,1706,12,Aye
1608,1706,16,Aye
1609,1706,2,Aye
1610,1706,13,Aye
1611,1706,1,Aye
1612,1706,8,Aye
1613,1706,7,Aye
1614,1707,12,Aye
1615,1707,16,Aye
1616,1707,2,Aye
1617,1707,13,Aye
1618,1707,1,Aye
1619,1707,8,Aye
1620,1707,7,Aye
1621,1708,12,Aye
1622,1708,16,Aye
1623,1708,2,Aye
1624,1708,13,Aye
1625,1708,1,Aye
1626,1708,8,Aye
1627,1708,7,Aye
1628,1709,12,Aye
1629,1709,16,Aye
1630,1709,2,Aye
1631,1709,13,Aye
1632,1709,1,Aye
1633,1709,8,Aye
1634,1709,7,Aye
1635,1710,12,Aye
1636,1710,16,Aye
1637,1710,2,Aye
1638,1710,13,Aye
1639,1710,1,Aye
1640,1710,8,Aye
1641,1710,7,Aye
1642,1711,12,Aye
1643,1711,16,Aye
1644,1711,2,Aye
1645,1711,13,Aye
1646,1711,1,Aye
1647,1711,8,Aye
1648,1711,7,Aye
1649,1712,12,Aye
1650,1712,16,Aye
1651,1712,2,Aye
1652,1712,13,Aye
1653,1712,1,Aye
1654,1712,8,Aye
1655,1712,7,Aye
1656,1713,12,Aye
1657,1713,16,Aye
1658,1713,2,Aye
1659,1713,13,Aye
1660,1713,1,Aye
1661,1713,8,Aye
1662,1713,7,Aye
1663,1714,12,Aye
1664,1714,16,Aye
1665,1714,2,Aye
1666,1714,13,Aye
1667,1714,1,Aye
1668,1714,8,Aye
1669,1714,7,Aye
1670,1715,12,Aye
1671,1715,16,Aye
1672,1715,2,Aye
1673,1715,13,Aye
1674,1715,1,Aye
1675,1715,8,Aye
1676,1715,7,Aye
1677,1716,12,Aye
1678,1716,16,Aye
1679,1716,2,Aye
1680,1716,13,Aye
1681,1716,1,Aye
1682,1716,8,Aye
1683,1716,7,Aye
1684,1717,12,Aye
1685,1717,16,Aye
1686,1717,2,Aye
1687,1717,13,Aye
1688,1717,1,Aye
1689,1717,8,Aye
1690,1717,7,Aye
1691,1718,12,Aye
1692,1718,16,Aye
1693,1718,2,Aye
1694,1718,13,Aye
1695,1718,1,Aye
1696,1718,8,Aye
1697,1718,7,Aye
1698,1719,12,Aye
1699,1719,16,Aye
1700,1719,2,Aye
1701,1719,13,Aye
1702,1719,1,Aye
1703,1719,8,Aye
1704,1719,7,Aye
1705,1720,12,Aye
1706,1720,16,Aye
1707,1720,2,Aye
1708,1720,13,Aye
1709,1720,1,Aye
1710,1720,8,Aye
1711,1720,7,Aye
1712,1721,12,Aye
1713,1721,16,Aye
1714,1721,2,Aye
1715,1721,13,Aye
1716,1721,1,Aye
1717,1721,8,Aye
1718,1721,7,Aye
1719,1722,12,Aye
1720,1722,16,Aye
1721,1722,2,Aye
1722,1722,13,Aye
1723,1722,1,Aye
1724,1722,8,Aye
1725,1722,7,Aye
1726,1723,12,Aye
1727,1723,16,Aye
1728,1723,2,Aye
1729,1723,13,Aye
1730,1723,1,Aye
1731,1723,8,Aye
1732,1723,7,Aye
1733,1724,12,Aye
1734,1724,16,Aye
1735,1724,2,Aye
1736,1724,13,Aye
1737,1724,1,Aye
1738,1724,8,Aye
1739,1724,7,Aye
1740,1725,12,Aye
1741,1725,16,Aye
1742,1725,2,Aye
1743,1725,13,Aye
1744,1725,1,Aye
1745,1725,8,Aye
1746,1725,7,Aye
1747,1727,16,Aye
1748,1727,13,Aye
1749,1727,1,Aye
1750,1727,12,Nay
1751,1727,2,Nay
1752,1727,8,Nay
1753,1727,7,Nay
1754,1728,12,Aye
1755,1728,2,Aye
1756,1728,13,Aye
1757,1728,1,Aye
1758,1728,7,Aye
1759,1728,16,Nay
1760,1728,8,Nay
1761,1729,12,Aye
1762,1729,16,Aye
1763,1729,2,Aye
1764,1729,13,Aye
1765,1729,1,Aye
1766,1729,7,Aye
1767,1729,8,Abstain
1768,1730,12,Aye
1769,1730,16,Aye
1770,1730,2,Aye
1771,1730,13,Aye
1772,1730,1,Aye
1773,1730,8,Aye
1774,1730,7,Abstain
1775,1731,12,Aye
1776,1731,16,Aye
1777,1731,2,Aye
1778,1731,13,Aye
1779,1731,1,Aye
1780,1731,8,Aye
1781,1731,7,Aye
1782,1732,12,Aye
1783,1732,16,Aye
1784,1732,2,Aye
1785,1732,13,Aye
1786,1732,1,Aye
1787,1732,8,Aye
1788,1732,7,Aye
1789,1733,1,Aye
1790,1733,2,Aye
1791,1733,7,Aye
1792,1733,8,Aye
1793,1733,16,Aye
1794,1733,12,Aye
1795,1733,13,Aye
1796,1734,1,Aye
1797,1734,2,Aye
1798,1734,7,Aye
1799,1734,8,Aye
1800,1734,16,Aye
1801,1734,12,Aye
1802,1734,13,Aye
1803,1735,1,Aye
1804,1735,2,Aye
1805,1735,7,Aye
1806,1735,8,Aye
1807,1735,16,Aye
1808,1735,12,Aye
1809,1735,13,Aye
1810,1736,1,Aye
1811,1736,2,Aye
1812,1736,7,Aye
1813,1736,8,Aye
1814,1736,16,Aye
1815,1736,12,Aye
1816,1736,13,Aye
1817,1737,1,Aye
1818,1737,2,Aye
1819,1737,7,Aye
1820,1737,8,Aye
1821,1737,16,Aye
1822,1737,12,Aye
1823,1737,13,Aye
1824,1738,1,Aye
1825,1738,2,Aye
1826,1738,7,Aye
1827,1738,8,Aye
1828,1738,16,Aye
1829,1738,13,Aye
1830,1738,12,Abstain
1831,1739,1,Aye
1832,1739,2,Aye
1833,1739,8,Aye
1834,1739,12,Aye
1835,1739,13,Aye
1836,1739,16,Aye
1837,1739,7,Absent
1838,1740,1,Aye
1839,1740,2,Aye
1840,1740,8,Aye
1841,1740,12,Aye
1842,1740,13,Aye
1843,1740,16,Aye
1844,1740,7,Absent
1845,1741,1,Aye
1846,1741,7,Aye
1847,1741,8,Aye
1848,1741,12,Aye
1849,1741,13,Aye
1850,1741,16,Absent
1851,1742,1,Aye
1852,1742,2,Aye
1853,1742,7,Aye
1854,1742,8,Aye
1855,1742,12,Aye
1856,1742,13,Aye
1857,1742,16,Absent
1858,1743,1,Aye
1859,1743,2,Aye
1860,1743,7,Aye
1861,1743,8,Aye
1862,1743,12,Aye
1863,1743,13,Aye
1864,1743,16,Absent
1865,1744,1,Aye
1866,1744,2,Aye
1867,1744,7,Aye
1868,1744,8,Aye
1869,1744,12,Aye
1870,1744,13,Aye
1871,1744,16,Absent
1872,1745,1,Aye
1873,1745,2,Aye
1874,1745,7,Aye
1875,1745,8,Aye
1876,1745,12,Aye
1877,1745,13,Aye
1878,1745,16,Absent
1879,1746,1,Aye
1880,1746,2,Aye
1881,1746,7,Aye
1882,1746,8,Aye
1883,1746,12,Aye
1884,1746,13,Aye
1885,1746,16,Absent
1886,1747,1,Aye
1887,1747,2,Aye
1888,1747,7,Aye
1889,1747,8,Aye
1890,1747,12,Aye
1891,1747,13,Aye
1892,1747,16,Absent
1893,1748,1,Aye
1894,1748,2,Aye
1895,1748,7,Aye
1896,1748,8,Aye
1897,1748,12,Aye
1898,1748,13,Aye
1899,1748,16,Absent
1900,1749,1,Aye
1901,1749,2,Aye
1902,1749,7,Aye
1903,1749,8,Aye
1904,1749,12,Aye
1905,1749,13,Aye
1906,1749,16,Absent
1907,1750,1,Aye
1908,1750,2,Aye
1909,1750,7,Aye
1910,1750,8,Aye
1911,1750,12,Aye
1912,1750,13,Aye
1913,1750,16,Absent
1914,1751,1,Aye
1915,1751,2,Aye
1916,1751,7,Aye
1917,1751,8,Aye
1918,1751,12,Aye
1919,1751,13,Aye
1920,1751,16,Absent
1921,1752,1,Aye
1922,1752,2,Aye
1923,1752,7,Aye
1924,1752,8,Aye
1925,1752,12,Aye
1926,1752,13,Aye
1927,1752,16,Absent
1928,1753,1,Aye
1929,1753,2,Aye
1930,1753,7,Aye
1931,1753,8,Aye
1932,1753,16,Aye
1933,1753,13,Aye
1934,1753,12,Abstain
1935,1754,1,Aye
1936,1754,2,Aye
1937,1754,7,Aye
1938,1754,8,Aye
1939,1754,16,Aye
1940,1754,13,Aye
1941,1754,12,Abstain
1942,1755,2,Aye
1943,1755,7,Aye
1944,1755,8,Aye
1945,1755,12,Aye
1946,1755,13,Aye
1947,1755,16,Aye
1948,1755,1,Absent
1949,1756,2,Aye
1950,1756,7,Aye
1951,1756,8,Aye
1952,1756,12,Aye
1953,1756,13,Aye
1954,1756,16,Aye
1955,1756,1,Absent
1956,1757,2,Aye
1957,1757,7,Aye
1958,1757,8,Aye
1959,1757,12,Aye
1960,1757,13,Aye
1961,1757,1,Absent
1962,1757,16,Abstain
1963,1758,2,Aye
1964,1758,7,Aye
1965,1758,8,Aye
1966,1758,12,Aye
1967,1758,13,Aye
1968,1758,16,Aye
1969,1758,1,Absent
1970,1759,2,Aye
1971,1759,7,Aye
1972,1759,8,Aye
1973,1759,12,Aye
1974,1759,13,Aye
1975,1759,16,Aye
1976,1759,1,Absent
1977,1760,2,Aye
1978,1760,7,Aye
1979,1760,8,Aye
1980,1760,12,Aye
1981,1760,13,Aye
1982,1760,16,Aye
1983,1760,1,Absent
1984,1761,2,Aye
1985,1761,7,Aye
1986,1761,8,Aye
1987,1761,12,Aye
1988,1761,13,Aye
1989,1761,16,Aye
1990,1761,1,Absent
1991,1762,2,Aye
1992,1762,7,Aye
1993,1762,8,Aye
1994,1762,12,Aye
1995,1762,13,Aye
1996,1762,16,Aye
1997,1762,1,Absent
1998,1763,2,Aye
1999,1763,7,Aye
2000,1763,8,Aye
2001,1763,12,Aye
2002,1763,13,Aye
2003,1763,16,Aye
2004,1763,1,Absent
2005,1764,1,Aye
2006,1764,2,Aye
2007,1764,7,Aye
2008,1764,8,Aye
2009,1764,12,Aye
2010,1764,13,Aye
2011,1764,16,Aye
2012,1765,2,Aye
2013,1765,7,Aye
2014,1765,8,Aye
2015,1765,13,Aye
2016,1765,16,Aye
2017,1765,1,Abstain
2018,1765,12,Abstain
2019,1766,1,Aye
2020,1766,2,Aye
2021,1766,7,Aye
2022,1766,8,Aye
2023,1766,12,Aye
2024,1766,13,Aye
2025,1766,16,Aye
2026,1767,1,Aye
2027,1767,2,Aye
2028,1767,7,Aye
2029,1767,8,Aye
2030,1767,12,Aye
2031,1767,13,Aye
2032,1767,16,Aye
2033,1768,1,Aye
2034,1768,2,Aye
2035,1768,7,Aye
2036,1768,8,Aye
2037,1768,12,Aye
2038,1768,13,Aye
2039,1768,16,Aye
2040,1769,1,Aye
2041,1769,2,Aye
2042,1769,7,Aye
2043,1769,8,Aye
2044,1769,12,Aye
2045,1769,13,Aye
2046,1769,16,Aye
2047,1770,1,Aye
2048,1770,2,Aye
2049,1770,7,Aye
2050,1770,8,Aye
2051,1770,12,Aye
2052,1770,13,Aye
2053,1770,16,Aye
2054,1772,1,Aye
2055,1772,2,Aye
2056,1772,7,Aye
2057,1772,8,Aye
2058,1772,12,Aye
2059,1772,13,Aye
2060,1772,16,Aye
2061,1773,1,Aye
2062,1773,2,Aye
2063,1773,7,Aye
2064,1773,8,Aye
2065,1773,12,Aye
2066,1773,13,Aye
2067,1773,16,Aye
2068,1774,1,Aye
2069,1774,2,Aye
2070,1774,7,Aye
2071,1774,8,Aye
2072,1774,12,Aye
2073,1774,13,Aye
2074,1774,16,Aye
2075,1775,1,Aye
2076,1775,2,Aye
2077,1775,7,Aye
2078,1775,8,Aye
2079,1775,12,Aye
2080,1775,13,Aye
2081,1775,16,Aye
2082,1776,1,Aye
2083,1776,2,Aye
2084,1776,7,Aye
2085,1776,8,Aye
2086,1776,12,Aye
2087,1776,13,Aye
2088,1776,16,Aye
2089,1777,1,Aye
2090,1777,2,Aye
2091,1777,7,Aye
2092,1777,8,Aye
2093,1777,12,Aye
2094,1777,13,Aye
2095,1777,16,Aye
2096,1778,1,Aye
2097,1778,2,Aye
2098,1778,7,Aye
2099,1778,8,Aye
2100,1778,12,Aye
2101,1778,13,Aye
2102,1778,16,Aye
2103,1779,1,Aye
2104,1779,2,Aye
2105,1779,7,Aye
2106,1779,8,Aye
2107,1779,12,Aye
2108,1779,13,Aye
2109,1779,16,Aye
2110,1780,1,Aye
2111,1780,2,Aye
2112,1780,7,Aye
2113,1780,8,Aye
2114,1780,12,Aye
2115,1780,13,Aye
2116,1780,16,Aye
2117,1781,1,Aye
2118,1781,2,Aye
2119,1781,7,Aye
2120,1781,8,Aye
2121,1781,12,Aye
2122,1781,13,Aye
2123,1781,16,Aye
2124,1782,1,Aye
2125,1782,2,Aye
2126,1782,7,Aye
2127,1782,8,Aye
2128,1782,12,Aye
2129,1782,13,Aye
2130,1782,16,Aye
2131,1783,1,Aye
2132,1783,2,Aye
2133,1783,7,Aye
2134,1783,8,Aye
2135,1783,12,Aye
2136,1783,13,Aye
2137,1783,16,Aye
2138,1784,1,Aye
2139,1784,2,Aye
2140,1784,7,Aye
2141,1784,8,Aye
2142,1784,12,Aye
2143,1784,13,Aye
2144,1784,16,Aye
2145,1785,1,Aye
2146,1785,2,Aye
2147,1785,7,Aye
2148,1785,8,Aye
2149,1785,12,Aye
2150,1785,13,Aye
2151,1785,16,Aye
2152,1786,1,Aye
2153,1786,2,Aye
2154,1786,7,Aye
2155,1786,12,Aye
2156,1786,13,Aye
2157,1786,16,Aye
2158,1786,8,Absent
2159,1787,1,Aye
2160,1787,2,Aye
2161,1787,7,Aye
2162,1787,12,Aye
2163,1787,13,Aye
2164,1787,16,Aye
2165,1787,8,Absent
2166,1788,1,Aye
2167,1788,2,Aye
2168,1788,7,Aye
2169,1788,12,Aye
2170,1788,13,Aye
2171,1788,16,Aye
2172,1788,8,Absent
2173,1789,1,Aye
2174,1789,2,Aye
2175,1789,7,Aye
2176,1789,12,Aye
2177,1789,13,Aye
2178,1789,16,Aye
2179,1789,8,Absent
2180,1790,1,Aye
2181,1790,2,Aye
2182,1790,7,Aye
2183,1790,12,Aye
2184,1790,13,Aye
2185,1790,16,Aye
2186,1790,8,Absent
2187,1791,1,Aye
2188,1791,2,Aye
2189,1791,7,Aye
2190,1791,12,Aye
2191,1791,13,Aye
2192,1791,16,Aye
2193,1791,8,Absent
2194,1792,1,Aye
2195,1792,2,Aye
2196,1792,7,Aye
2197,1792,12,Aye
2198,1792,13,Aye
2199,1792,16,Aye
2200,1792,8,Absent
2201,1793,1,Aye
2202,1793,2,Aye
2203,1793,7,Aye
2204,1793,12,Aye
2205,1793,13,Aye
2206,1793,16,Aye
2207,1793,8,Absent
2208,1794,2,Aye
2209,1794,12,Aye
2210,1794,7,Aye
2211,1794,13,Nay
2212,1794,8,Absent
2213,1794,1,Abstain
2214,1794,16,Abstain
2215,1795,1,Aye
2216,1795,2,Aye
2217,1795,7,Aye
2218,1795,12,Aye
2219,1795,13,Aye
2220,1795,16,Aye
2221,1795,8,Absent
2222,1796,1,Aye
2223,1796,2,Aye
2224,1796,7,Aye
2225,1796,12,Aye
2226,1796,13,Aye
2227,1796,16,Aye
2228,1796,8,Absent
2229,1797,1,Aye
2230,1797,2,Aye
2231,1797,7,Aye
2232,1797,12,Aye
2233,1797,13,Aye
2234,1797,16,Aye
2235,1797,8,Absent
2236,1798,1,Aye
2237,1798,2,Aye
2238,1798,7,Aye
2239,1798,12,Aye
2240,1798,13,Aye
2241,1798,16,Aye
2242,1798,8,Absent
2243,1799,1,Aye
2244,1799,2,Aye
2245,1799,7,Aye
2246,1799,12,Aye
2247,1799,16,Aye
2248,1799,8,Absent
2249,1799,13,Abstain
2250,1800,1,Aye
2251,1800,2,Aye
2252,1800,7,Aye
2253,1800,8,Aye
2254,1800,16,Aye
2255,1800,12,Aye
2256,1800,13,Aye
2257,1801,1,Aye
2258,1801,2,Aye
2259,1801,7,Aye
2260,1801,8,Aye
2261,1801,16,Aye
2262,1801,12,Aye
2263,1801,13,Aye
2264,1802,1,Aye
2265,1802,2,Aye
2266,1802,7,Aye
2267,1802,8,Aye
2268,1802,16,Aye
2269,1802,12,Aye
2270,1802,13,Aye
2271,1803,1,Aye
2272,1803,2,Aye
2273,1803,7,Aye
2274,1803,8,Aye
2275,1803,16,Aye
2276,1803,12,Aye
2277,1803,13,Aye
2278,1804,1,Aye
2279,1804,2,Aye
2280,1804,7,Aye
2281,1804,8,Aye
2282,1804,16,Aye
2283,1804,12,Aye
2284,1804,13,Aye
2285,1805,1,Aye
2286,1805,2,Aye
2287,1805,7,Aye
2288,1805,8,Aye
2289,1805,16,Aye
2290,1805,12,Aye
2291,1805,13,Aye
2292,1806,1,Aye
2293,1806,2,Aye
2294,1806,7,Aye
2295,1806,8,Aye
2296,1806,16,Aye
2297,1806,12,Aye
2298,1806,13,Aye
2299,1807,1,Aye
2300,1807,2,Aye
2301,1807,7,Aye
2302,1807,8,Aye
2303,1807,16,Aye
2304,1807,12,Aye
2305,1807,13,Nay
2306,1808,1,Aye
2307,1808,2,Aye
2308,1808,7,Aye
2309,1808,8,Aye
2310,1808,12,Aye
2311,1808,13,Aye
2312,1808,16,Aye
2313,1809,1,Aye
2314,1809,2,Aye
2315,1809,7,Aye
2316,1809,8,Aye
2317,1809,12,Aye
2318,1809,13,Aye
2319,1809,16,Aye
2320,1810,1,Aye
2321,1810,2,Aye
2322,1810,7,Aye
2323,1810,8,Aye
2324,1810,12,Aye
2325,1810,13,Aye
2326,1810,16,Aye
2327,1812,1,Aye
2328,1812,2,Aye
2329,1812,7,Aye
2330,1812,8,Aye
2331,1812,12,Aye
2332,1812,13,Aye
2333,1812,16,Aye
2334,1813,1,Aye
2335,1813,2,Aye
2336,1813,7,Aye
2337,1813,8,Aye
2338,1813,12,Aye
2339,1813,13,Aye
2340,1813,16,Aye
2341,1814,1,Aye
2342,1814,2,Aye
2343,1814,7,Aye
2344,1814,8,Aye
2345,1814,12,Aye
2346,1814,13,Aye
2347,1814,16,Aye
2348,1815,1,Aye
2349,1815,2,Aye
2350,1815,7,Aye
2351,1815,8,Aye
2352,1815,12,Aye
2353,1815,13,Aye
2354,1815,16,Aye
2355,1816,1,Aye
2356,1816,2,Aye
2357,1816,7,Aye
2358,1816,8,Aye
2359,1816,12,Aye
2360,1816,13,Aye
2361,1816,16,Aye
2362,1817,1,Aye
2363,1817,2,Aye
2364,1817,7,Aye
2365,1817,8,Aye
2366,1817,12,Aye
2367,1817,13,Aye
2368,1817,16,Aye
2369,1818,1,Aye
2370,1818,2,Aye
2371,1818,7,Aye
2372,1818,8,Aye
2373,1818,12,Aye
2374,1818,13,Aye
2375,1818,16,Aye
2376,1819,1,Aye
2377,1819,2,Aye
2378,1819,7,Aye
2379,1819,8,Aye
2380,1819,12,Aye
2381,1819,13,Aye
2382,1819,16,Aye
2383,1820,1,Aye
2384,1820,2,Aye
2385,1820,7,Aye
2386,1820,8,Aye
2387,1820,13,Aye
2388,1820,16,Aye
2389,1820,12,Nay
2390,1822,1,Aye
2391,1822,2,Aye
2392,1822,12,Aye
2393,1822,8,Aye
2394,1822,13,Aye
2395,1822,16,Aye
2396,1822,7,Nay
2397,1823,1,Aye
2398,1823,2,Aye
2399,1823,7,Aye
2400,1823,8,Aye
2401,1823,12,Aye
2402,1823,13,Aye
2403,1823,16,Aye
2404,1824,1,Aye
2405,1824,12,Aye
2406,1824,8,Aye
2407,1824,13,Aye
2408,1824,16,Nay
2409,1824,2,Abstain
2410,1824,7,Abstain
2411,1825,1,Aye
2412,1825,2,Aye
2413,1825,7,Aye
2414,1825,8,Aye
2415,1825,12,Aye
2416,1825,13,Aye
2417,1825,16,Aye
2418,1826,1,Aye
2419,1826,2,Aye
2420,1826,7,Aye
2421,1826,8,Aye
2422,1826,12,Aye
2423,1826,13,Aye
2424,1826,16,Aye
2425,1827,1,Aye
2426,1827,2,Aye
2427,1827,7,Aye
2428,1827,8,Aye
2429,1827,12,Aye
2430,1827,13,Aye
2431,1827,16,Aye
2432,1828,1,Aye
2433,1828,2,Aye
2434,1828,7,Aye
2435,1828,8,Aye
2436,1828,12,Aye
2437,1828,13,Aye
2438,1828,16,Aye
2439,1829,2,Aye
2440,1829,7,Aye
2441,1829,8,Aye
2442,1829,12,Aye
2443,1829,13,Aye
2444,1829,16,Aye
2445,1829,1,Abstain
2446,1830,2,Aye
2447,1830,7,Aye
2448,1830,8,Aye
2449,1830,12,Aye
2450,1830,13,Aye
2451,1830,16,Aye
2452,1830,1,Abstain
2453,1831,1,Aye
2454,1831,2,Aye
2455,1831,7,Aye
2456,1831,8,Aye
2457,1831,12,Aye
2458,1831,13,Aye
2459,1831,16,Aye
2460,1832,1,Aye
2461,1832,2,Aye
2462,1832,7,Aye
2463,1832,8,Aye
2464,1832,12,Aye
2465,1832,13,Aye
2466,1832,16,Aye
2467,1833,1,Aye
2468,1833,2,Aye
2469,1833,7,Aye
2470,1833,8,Aye
2471,1833,12,Aye
2472,1833,13,Aye
2473,1833,16,Aye
2474,1834,1,Aye
2475,1834,7,Aye
2476,1834,12,Aye
2477,1834,13,Aye
2478,1834,16,Absent
2479,1834,2,Absent
2480,1836,1,Aye
2481,1836,2,Aye
2482,1836,7,Aye
2483,1836,8,Aye
2484,1836,12,Aye
2485,1836,13,Aye
2486,1836,16,Aye
2487,1837,1,Aye
2488,1837,2,Aye
2489,1837,7,Aye
2490,1837,8,Aye
2491,1837,12,Aye
2492,1837,13,Aye
2493,1837,16,Aye
2494,1838,1,Aye
2495,1838,2,Aye
2496,1838,8,Aye
2497,1838,13,Aye
2498,1838,16,Aye
2499,1838,7,Nay
2500,1838,12,Nay
2501,1839,1,Aye
2502,1839,2,Aye
2503,1839,7,Aye
2504,1839,8,Aye
2505,1839,12,Aye
2506,1839,13,Aye
2507,1839,16,Aye
2508,1840,1,Aye
2509,1840,2,Aye
2510,1840,7,Aye
2511,1840,8,Aye
2512,1840,12,Aye
2513,1840,13,Aye
2514,1840,16,Aye
2515,1841,1,Aye
2516,1841,2,Aye
2517,1841,7,Aye
2518,1841,8,Aye
2519,1841,12,Aye
2520,1841,13,Aye
2521,1841,16,Aye
2522,1842,1,Aye
2523,1842,2,Aye
2524,1842,7,Aye
2525,1842,8,Aye
2526,1842,12,Aye
2527,1842,13,Aye
2528,1842,16,Aye
2529,1843,1,Aye
2530,1843,2,Aye
2531,1843,7,Aye
2532,1843,8,Aye
2533,1843,12,Aye
2534,1843,13,Aye
2535,1843,16,Aye
2536,1844,1,Aye
2537,1844,2,Aye
2538,1844,7,Aye
2539,1844,13,Aye
2540,1844,8,Aye
2541,1844,12,Aye
2542,1844,16,Absent
2543,1845,1,Aye
2544,1845,2,Aye
2545,1845,7,Aye
2546,1845,13,Aye
2547,1845,8,Aye
2548,1845,12,Aye
2549,1845,16,Absent
2550,1846,1,Aye
2551,1846,2,Aye
2552,1846,7,Aye
2553,1846,13,Aye
2554,1846,8,Aye
2555,1846,12,Aye
2556,1846,16,Absent
2557,1847,1,Aye
2558,1847,2,Aye
2559,1847,7,Aye
2560,1847,13,Aye
2561,1847,8,Aye
2562,1847,12,Aye
2563,1847,16,Absent
2564,1848,1,Aye
2565,1848,2,Aye
2566,1848,7,Aye
2567,1848,13,Aye
2568,1848,8,Aye
2569,1848,12,Aye
2570,1848,16,Absent
2571,1850,1,Aye
2572,1850,2,Aye
2573,1850,7,Aye
2574,1850,13,Aye
2575,1850,8,Aye
2576,1850,16,Absent
2577,1850,12,Absent
2578,1851,1,Aye
2579,1851,2,Aye
2580,1851,7,Aye
2581,1851,13,Aye
2582,1851,8,Aye
2583,1851,16,Absent
2584,1851,12,Absent
2585,1852,1,Aye
2586,1852,2,Aye
2587,1852,7,Aye
2588,1852,13,Aye
2589,1852,8,Aye
2590,1852,16,Absent
2591,1852,12,Absent
2592,1853,1,Aye
2593,1853,2,Aye
2594,1853,7,Aye
2595,1853,13,Aye
2596,1853,8,Aye
2597,1853,12,Aye
2598,1853,16,Absent
2599,1854,1,Aye
2600,1854,2,Aye
2601,1854,7,Aye
2602,1854,13,Aye
2603,1854,8,Aye
2604,1854,12,Aye
2605,1854,16,Absent
2606,1855,1,Aye
2607,1855,2,Aye
2608,1855,7,Aye
2609,1855,13,Aye
2610,1855,8,Aye
2611,1855,16,Absent
2612,1855,12,Abstain
2613,1856,1,Aye
2614,1856,2,Aye
2615,1856,7,Aye
2616,1856,13,Aye
2617,1856,8,Aye
2618,1856,12,Aye
2619,1856,16,Absent
2620,1857,1,Aye
2621,1857,2,Aye
2622,1857,7,Aye
2623,1857,13,Aye
2624,1857,8,Aye
2625,1857,12,Aye
2626,1857,16,Absent
2627,1858,1,Aye
2628,1858,2,Aye
2629,1858,7,Aye
2630,1858,13,Aye
2631,1858,8,Aye
2632,1858,12,Aye
2633,1858,16,Absent
2634,1859,1,Aye
2635,1859,2,Aye
2636,1859,7,Aye
2637,1859,13,Aye
2638,1859,8,Aye
2639,1859,12,Aye
2640,1859,16,Absent
2641,1860,1,Aye
2642,1860,2,Aye
2643,1860,7,Aye
2644,1860,13,Aye
2645,1860,8,Aye
2646,1860,12,Aye
2647,1860,16,Absent
2648,1861,1,Aye
2649,1861,2,Aye
2650,1861,7,Aye
2651,1861,13,Aye
2652,1861,8,Aye
2653,1861,12,Aye
2654,1861,16,Absent
2655,1862,1,Aye
2656,1862,2,Aye
2657,1862,7,Aye
2658,1862,13,Aye
2659,1862,8,Aye
2660,1862,12,Aye
2661,1862,16,Absent
2662,1863,1,Aye
2663,1863,2,Aye
2664,1863,7,Aye
2665,1863,13,Aye
2666,1863,8,Aye
2667,1863,12,Aye
2668,1863,16,Absent
2669,1864,1,Aye
2670,1864,2,Abstain
2671,1864,7,Aye
2672,1864,8,Aye
2673,1864,12,Aye
2674,1864,16,Absent
2675,1865,2,Aye
2676,1865,7,Aye
2677,1865,8,Nay
2678,1865,1,Nay
2679,1865,12,Nay
2680,1865,13,Nay
2681,1865,16,Absent
2682,1866,1,Aye
2683,1866,13,Aye
2684,1866,8,Aye
2685,1866,7,Nay
2686,1866,12,Nay
2687,1866,16,Absent
2688,1866,2,Abstain
2689,1867,2,Aye
2690,1867,7,Aye
2691,1867,13,Aye
2692,1867,8,Aye
2693,1867,12,Aye
2694,1867,16,Aye
2695,1867,1,Absent
2696,1868,2,Aye
2697,1868,7,Aye
2698,1868,13,Aye
2699,1868,8,Aye
2700,1868,12,Aye
2701,1868,16,Aye
2702,1868,1,Absent
2703,1869,1,Aye
2704,1869,2,Aye
2705,1869,7,Aye
2706,1869,13,Aye
2707,1869,8,Aye
2708,1869,12,Aye
2709,1869,16,Aye
2710,1870,1,Aye
2711,1870,2,Aye
2712,1870,7,Aye
2713,1870,13,Aye
2714,1870,8,Aye
2715,1870,12,Aye
2716,1870,16,Abstain
2717,1871,1,Aye
2718,1871,2,Aye
2719,1871,7,Aye
2720,1871,13,Aye
2721,1871,8,Aye
2722,1871,12,Aye
2723,1871,16,Abstain
2724,1872,1,Aye
2725,1872,2,Aye
2726,1872,7,Aye
2727,1872,13,Aye
2728,1872,8,Aye
2729,1872,12,Aye
2730,1872,16,Aye
2731,1873,1,Aye
2732,1873,2,Aye
2733,1873,7,Aye
2734,1873,13,Aye
2735,1873,8,Aye
2736,1873,12,Aye
2737,1873,16,Aye
2738,1874,1,Aye
2739,1874,2,Aye
2740,1874,7,Aye
2741,1874,13,Aye
2742,1874,8,Aye
2743,1874,12,Aye
2744,1874,16,Aye
2745,1875,1,Aye
2746,1875,2,Aye
2747,1875,7,Aye
2748,1875,13,Aye
2749,1875,8,Aye
2750,1875,12,Aye
2751,1875,16,Aye
2752,1876,1,Aye
2753,1876,2,Aye
2754,1876,7,Aye
2755,1876,13,Aye
2756,1876,8,Aye
2757,1876,12,Aye
2758,1876,16,Abstain
2759,1877,1,Aye
2760,1877,2,Aye
2761,1877,7,Aye
2762,1877,13,Aye
2763,1877,8,Aye
2764,1877,12,Aye
2765,1877,16,Abstain
2766,1878,1,Aye
2767,1878,2,Aye
2768,1878,7,Aye
2769,1878,13,Aye
2770,1878,8,Aye
2771,1878,12,Aye
2772,1878,16,Abstain
2773,1880,1,Aye
2774,1880,7,Aye
2775,1880,13,Aye
2776,1880,8,Aye
2777,1880,12,Aye
2778,1880,16,Aye
2779,1880,2,Nay
2780,1881,1,Aye
2781,1881,2,Aye
2782,1881,7,Aye
2783,1881,13,Aye
2784,1881,8,Aye
2785,1881,12,Aye
2786,1881,16,Aye
2787,1882,1,Aye
2788,1882,2,Aye
2789,1882,7,Aye
2790,1882,13,Aye
2791,1882,8,Aye
2792,1882,16,Aye
2793,1882,12,Nay
2794,1883,1,Aye
2795,1883,2,Aye
2796,1883,7,Aye
2797,1883,13,Aye
2798,1883,8,Aye
2799,1883,12,Aye
2800,1883,16,Aye
2801,1884,1,Aye
2802,1884,2,Aye
2803,1884,7,Aye
2804,1884,13,Aye
2805,1884,8,Aye
2806,1884,12,Aye
2807,1884,16,Nay
2808,1885,1,Aye
2809,1885,2,Aye
2810,1885,7,Aye
2811,1885,13,Aye
2812,1885,8,Aye
2813,1885,12,Aye
2814,1885,16,Aye
2815,1886,1,Aye
2816,1886,7,Aye
2817,1886,13,Aye
2818,1886,8,Aye
2819,1886,2,Aye
2820,1886,12,Aye
2821,1886,16,Aye
2822,1887,1,Aye
2823,1887,7,Aye
2824,1887,13,Aye
2825,1887,8,Aye
2826,1887,2,Aye
2827,1887,12,Aye
2828,1887,16,Aye
2829,1888,1,Aye
2830,1888,7,Aye
2831,1888,13,Aye
2832,1888,8,Aye
2833,1888,2,Aye
2834,1888,12,Aye
2835,1888,16,Aye
2836,1889,1,Aye
2837,1889,7,Aye
2838,1889,13,Aye
2839,1889,8,Aye
2840,1889,2,Aye
2841,1889,12,Aye
2842,1889,16,Aye
2843,1890,1,Aye
2844,1890,7,Aye
2845,1890,13,Aye
2846,1890,8,Aye
2847,1890,2,Aye
2848,1890,12,Aye
2849,1890,16,Aye
2850,1891,1,Aye
2851,1891,7,Aye
2852,1891,13,Aye
2853,1891,8,Aye
2854,1891,2,Aye
2855,1891,12,Aye
2856,1891,16,Aye
2857,1892,1,Aye
2858,1892,7,Aye
2859,1892,13,Aye
2860,1892,8,Aye
2861,1892,2,Aye
2862,1892,12,Aye
2863,1892,16,Aye
2864,1893,1,Aye
2865,1893,7,Aye
2866,1893,13,Aye
2867,1893,8,Aye
2868,1893,2,Aye
2869,1893,12,Aye
2870,1893,16,Aye
2871,1894,1,Aye
2872,1894,7,Aye
2873,1894,13,Aye
2874,1894,8,Aye
2875,1894,2,Aye
2876,1894,12,Aye
2877,1894,16,Aye
2878,1895,1,Aye
2879,1895,7,Aye
2880,1895,13,Aye
2881,1895,8,Aye
2882,1895,2,Aye
2883,1895,12,Aye
2884,1895,16,Aye
2885,1896,1,Aye
2886,1896,7,Aye
2887,1896,13,Aye
2888,1896,8,Aye
2889,1896,2,Aye
2890,1896,12,Aye
2891,1896,16,Aye
2892,1897,1,Aye
2893,1897,7,Aye
2894,1897,13,Aye
2895,1897,8,Aye
2896,1897,2,Aye
2897,1897,12,Aye
2898,1897,16,Aye
2899,1898,1,Aye
2900,1898,7,Aye
2901,1898,13,Aye
2902,1898,8,Aye
2903,1898,2,Aye
2904,1898,12,Aye
2905,1898,16,Aye
2906,1899,1,Aye
2907,1899,7,Aye
2908,1899,13,Aye
2909,1899,8,Aye
2910,1899,2,Aye
2911,1899,12,Aye
2912,1899,16,Aye
2913,1900,1,Aye
2914,1900,7,Aye
2915,1900,13,Aye
2916,1900,8,Aye
2917,1900,2,Aye
2918,1900,12,Aye
2919,1900,16,Aye
2920,1901,1,Aye
2921,1901,2,Aye
2922,1901,7,Aye
2923,1901,13,Aye
2924,1901,8,Aye
2925,1901,12,Aye
2926,1901,16,Absent
2927,1902,1,Aye
2928,1902,2,Aye
2929,1902,7,Aye
2930,1902,13,Aye
2931,1902,8,Aye
2932,1902,12,Aye
2933,1902,16,Absent
2934,1903,1,Aye
2935,1903,2,Aye
2936,1903,7,Aye
2937,1903,13,Aye
2938,1903,8,Aye
2939,1903,12,Aye
2940,1903,16,Absent
2941,1904,1,Aye
2942,1904,2,Aye
2943,1904,7,Aye
2944,1904,13,Aye
2945,1904,8,Aye
2946,1904,12,Aye
2947,1904,16,Absent
2948,1905,1,Aye
2949,1905,2,Aye
2950,1905,7,Aye
2951,1905,13,Aye
2952,1905,8,Aye
2953,1905,12,Aye
2954,1905,16,Absent
2955,1906,1,Aye
2956,1906,2,Aye
2957,1906,7,Aye
2958,1906,13,Aye
2959,1906,8,Aye
2960,1906,12,Aye
2961,1906,16,Absent
2962,1907,1,Aye
2963,1907,2,Aye
2964,1907,7,Aye
2965,1907,13,Aye
2966,1907,8,Aye
2967,1907,12,Aye
2968,1907,16,Absent
2969,1908,1,Aye
2970,1908,2,Aye
2971,1908,7,Aye
2972,1908,13,Aye
2973,1908,8,Aye
2974,1908,12,Aye
2975,1908,16,Absent
2976,1909,1,Aye
2977,1909,2,Aye
2978,1909,7,Aye
2979,1909,13,Aye
2980,1909,8,Aye
2981,1909,12,Aye
2982,1909,16,Absent
2983,1910,1,Aye
2984,1910,2,Aye
2985,1910,7,Aye
2986,1910,13,Aye
2987,1910,8,Aye
2988,1910,12,Aye
2989,1910,16,Absent
2990,1911,1,Aye
2991,1911,2,Aye
2992,1911,7,Aye
2993,1911,13,Aye
2994,1911,8,Aye
2995,1911,12,Aye
2996,1911,16,Absent
2997,1912,1,Aye
2998,1912,2,Aye
2999,1912,7,Aye
3000,1912,13,Aye
3001,1912,8,Aye
3002,1912,12,Aye
3003,1912,16,Absent
3004,1913,1,Aye
3005,1913,2,Aye
3006,1913,7,Aye
3007,1913,13,Aye
3008,1913,8,Aye
3009,1913,12,Aye
3010,1913,16,Absent
3011,1914,1,Aye
3012,1914,2,Aye
3013,1914,7,Aye
3014,1914,13,Aye
3015,1914,8,Aye
3016,1914,12,Aye
3017,1914,16,Absent
3018,1915,1,Aye
3019,1915,7,Aye
3020,1915,13,Aye
3021,1915,8,Aye
3022,1915,12,Aye
3023,1915,16,Aye
3024,1915,2,Absent
3025,1916,1,Aye
3026,1916,7,Aye
3027,1916,13,Aye
3028,1916,8,Aye
3029,1916,12,Aye
3030,1916,16,Aye
3031,1916,2,Absent
3032,1917,1,Aye
3033,1917,7,Aye
3034,1917,13,Aye
3035,1917,8,Aye
3036,1917,16,Aye
3037,1917,2,Absent
3038,1917,12,Abstain
3039,1918,1,Aye
3040,1918,7,Aye
3041,1918,13,Aye
3042,1918,8,Aye
3043,1918,12,Aye
3044,1918,16,Aye
3045,1918,2,Absent
3046,1919,1,Aye
3047,1919,7,Aye
3048,1919,13,Aye
3049,1919,8,Aye
3050,1919,12,Aye
3051,1919,16,Aye
3052,1919,2,Absent
3053,1920,1,Aye
3054,1920,7,Aye
3055,1920,13,Aye
3056,1920,8,Aye
3057,1920,12,Aye
3058,1920,16,Aye
3059,1920,2,Absent
3060,1921,1,Aye
3061,1921,7,Aye
3062,1921,13,Aye
3063,1921,8,Aye
3064,1921,12,Aye
3065,1921,16,Aye
3066,1921,2,Absent
3067,1922,1,Aye
3068,1922,7,Aye
3069,1922,13,Aye
3070,1922,8,Aye
3071,1922,12,Aye
3072,1922,16,Aye
3073,1922,2,Absent
3074,1923,1,Aye
3075,1923,7,Aye
3076,1923,13,Aye
3077,1923,8,Aye
3078,1923,12,Aye
3079,1923,16,Aye
3080,1923,2,Absent
3081,1924,1,Aye
3082,1924,7,Aye
3083,1924,13,Aye
3084,1924,8,Aye
3085,1924,16,Aye
3086,1924,12,Nay
3087,1924,2,Absent
3088,1925,7,Aye
3089,1925,13,Aye
3090,1925,8,Aye
3091,1925,12,Aye
3092,1925,1,Nay
3093,1925,2,Absent
3094,1925,16,Absent
3095,1928,7,Aye
3096,1928,13,Aye
3097,1928,8,Aye
3098,1928,12,Aye
3099,1928,1,Nay
3100,1928,2,Absent
3101,1928,16,Absent
3102,1929,1,Aye
3103,1929,7,Aye
3104,1929,13,Aye
3105,1929,8,Aye
3106,1929,12,Nay
3107,1929,2,Absent
3108,1929,16,Absent
3109,1930,1,Aye
3110,1930,7,Aye
3111,1930,13,Aye
3112,1930,8,Aye
3113,1930,12,Aye
3114,1930,2,Absent
3115,1930,16,Absent
3116,1931,1,Aye
3117,1931,7,Aye
3118,1931,13,Aye
3119,1931,8,Aye
3120,1931,12,Aye
3121,1931,2,Absent
3122,1931,16,Absent
3123,1932,1,Aye
3124,1932,7,Aye
3125,1932,8,Aye
3126,1932,12,Aye
3127,1932,13,Nay
3128,1932,2,Absent
3129,1932,16,Absent
3130,1933,1,Aye
3131,1933,2,Aye
3132,1933,7,Aye
3133,1933,12,Aye
3134,1933,16,Aye
3135,1933,13,Absent
3136,1933,8,Absent
3137,1934,1,Aye
3138,1934,2,Aye
3139,1934,7,Aye
3140,1934,12,Aye
3141,1934,16,Aye
3142,1934,13,Absent
3143,1934,8,Absent
3144,1935,1,Aye
3145,1935,7,Aye
3146,1935,12,Aye
3147,1935,16,Aye
3148,1935,13,Absent
3149,1935,8,Absent
3150,1935,2,Abstain
3151,1937,1,Aye
3152,1937,2,Aye
3153,1937,7,Aye
3154,1937,12,Aye
3155,1937,16,Aye
3156,1937,13,Absent
3157,1937,8,Absent
3158,1938,1,Aye
3159,1938,2,Aye
3160,1938,7,Aye
3161,1938,12,Aye
3162,1938,16,Aye
3163,1938,13,Absent
3164,1938,8,Absent
3165,1939,1,Aye
3166,1939,2,Aye
3167,1939,7,Aye
3168,1939,12,Aye
3169,1939,16,Aye
3170,1939,13,Absent
3171,1939,8,Absent
3172,1940,1,Aye
3173,1940,2,Aye
3174,1940,7,Aye
3175,1940,12,Aye
3176,1940,16,Aye
3177,1940,13,Absent
3178,1940,8,Absent
3179,1941,1,Aye
3180,1941,2,Aye
3181,1941,7,Aye
3182,1941,12,Aye
3183,1941,16,Aye
3184,1941,13,Absent
3185,1941,8,Absent
3186,1942,1,Aye
3187,1942,2,Aye
3188,1942,7,Aye
3189,1942,12,Aye
3190,1942,16,Aye
3191,1942,13,Absent
3192,1942,8,Absent
3193,1943,1,Aye
3194,1943,2,Aye
3195,1943,7,Aye
3196,1943,12,Aye
3197,1943,16,Aye
3198,1943,13,Absent
3199,1943,8,Absent
3200,1944,1,Aye
3201,1944,2,Aye
3202,1944,7,Aye
3203,1944,12,Aye
3204,1944,16,Aye
3205,1944,13,Absent
3206,1944,8,Absent
3207,1945,1,Aye
3208,1945,2,Aye
3209,1945,7,Aye
3210,1945,12,Aye
3211,1945,16,Aye
3212,1945,13,Absent
3213,1945,8,Absent
3214,1946,1,Aye
3215,1946,2,Aye
3216,1946,7,Aye
3217,1946,12,Aye
3218,1946,16,Aye
3219,1946,13,Absent
3220,1946,8,Absent
3221,1947,1,Aye
3222,1947,2,Aye
3223,1947,7,Aye
3224,1947,12,Aye
3225,1947,16,Aye
3226,1947,13,Absent
3227,1947,8,Absent
3228,1949,1,Aye
3229,1949,2,Aye
3230,1949,7,Aye
3231,1949,12,Aye
3232,1949,16,Aye
3233,1949,13,Absent
3234,1949,8,Absent
3235,1950,1,Aye
3236,1950,2,Aye
3237,1950,7,Aye
3238,1950,12,Aye
3239,1950,16,Aye
3240,1950,13,Absent
3241,1950,8,Absent
3242,1951,2,Aye
3243,1951,7,Aye
3244,1951,13,Aye
3245,1951,12,Aye
3246,1951,16,Aye
3247,1951,1,Absent
3248,1951,8,Absent
3249,1952,2,Aye
3250,1952,13,Aye
3251,1952,12,Aye
3252,1952,16,Aye
3253,1952,1,Absent
3254,1952,7,Absent
3255,1952,8,Absent
3256,1953,2,Aye
3257,1953,13,Aye
3258,1953,12,Aye
3259,1953,16,Aye
3260,1953,1,Absent
3261,1953,7,Absent
3262,1953,8,Absent
3263,1954,2,Aye
3264,1954,13,Aye
3265,1954,12,Aye
3266,1954,16,Aye
3267,1954,1,Absent
3268,1954,7,Absent
3269,1954,8,Absent
3270,1955,2,Aye
3271,1955,13,Aye
3272,1955,12,Aye
3273,1955,16,Aye
3274,1955,1,Absent
3275,1955,7,Absent
3276,1955,8,Absent
3277,1956,2,Aye
3278,1956,13,Aye
3279,1956,12,Aye
3280,1956,16,Aye
3281,1957,2,Aye
3282,1957,13,Aye
3283,1957,12,Aye
3284,1957,16,Aye
3285,1957,1,Absent
3286,1957,7,Absent
3287,1957,8,Absent
3288,1958,1,Aye
3289,1958,7,Aye
3290,1958,13,Aye
3291,1958,8,Aye
3292,1958,2,Aye
3293,1958,12,Aye
3294,1958,16,Aye
3295,1959,13,Aye
3296,1959,2,Aye
3297,1959,12,Aye
3298,1959,16,Aye
3299,1959,1,Abstain
3300,1959,7,Abstain
3301,1959,8,Abstain
3302,1960,1,Aye
3303,1960,7,Aye
3304,1960,13,Aye
3305,1960,8,Aye
3306,1960,2,Aye
3307,1960,12,Aye
3308,1960,16,Aye
3309,1961,1,Aye
3310,1961,7,Aye
3311,1961,13,Aye
3312,1961,8,Aye
3313,1961,2,Aye
3314,1961,12,Aye
3315,1961,16,Aye
3316,1962,1,Aye
3317,1962,7,Aye
3318,1962,13,Aye
3319,1962,8,Aye
3320,1962,2,Aye
3321,1962,12,Aye
3322,1962,16,Aye
3323,1963,1,Aye
3324,1963,7,Aye
3325,1963,13,Aye
3326,1963,8,Aye
3327,1963,2,Aye
3328,1963,12,Aye
3329,1963,16,Aye
3330,1964,1,Aye
3331,1964,7,Aye
3332,1964,13,Aye
3333,1964,8,Aye
3334,1964,2,Aye
3335,1964,12,Aye
3336,1964,16,Aye
3337,1965,1,Aye
3338,1965,13,Aye
3339,1965,8,Aye
3340,1965,16,Aye
3341,1965,7,Nay
3342,1965,12,Nay
3343,1965,2,Abstain
3344,1966,1,Aye
3345,1966,7,Aye
3346,1966,13,Aye
3347,1966,8,Aye
3348,1966,2,Aye
3349,1966,12,Aye
3350,1966,16,Nay
3351,1967,1,Aye
3352,1967,7,Aye
3353,1967,13,Aye
3354,1967,8,Aye
3355,1967,2,Aye
3356,1967,12,Aye
3357,1967,16,Aye
3358,1968,1,Aye
3359,1968,7,Aye
3360,1968,8,Aye
3361,1968,2,Aye
3362,1968,12,Aye
3363,1968,13,Abstain
3364,1968,16,Abstain
3365,1969,1,Aye
3366,1969,7,Aye
3367,1969,13,Aye
3368,1969,8,Aye
3369,1969,2,Aye
3370,1969,12,Aye
3371,1969,16,Aye
3372,1970,1,Aye
3373,1970,7,Aye
3374,1970,13,Aye
3375,1970,8,Aye
3376,1970,2,Aye
3377,1970,12,Aye
3378,1970,16,Aye
3379,1971,1,Aye
3380,1971,7,Aye
3381,1971,13,Aye
3382,1971,8,Aye
3383,1971,2,Aye
3384,1971,12,Aye
3385,1971,16,Aye
3386,1972,1,Aye
3387,1972,7,Aye
3388,1972,13,Aye
3389,1972,8,Aye
3390,1972,2,Aye
3391,1972,12,Aye
3392,1972,16,Aye
3393,1973,1,Aye
3394,1973,7,Aye
3395,1973,13,Aye
3396,1973,8,Aye
3397,1973,2,Aye
3398,1973,12,Aye
3399,1973,16,Aye
3400,1974,1,Aye
3401,1974,2,Aye
3402,1974,7,Aye
3403,1974,8,Aye
3404,1974,12,Aye
3405,1974,16,Aye
3406,1974,13,Absent
3407,1975,1,Aye
3408,1975,2,Aye
3409,1975,7,Aye
3410,1975,8,Aye
3411,1975,12,Aye
3412,1975,16,Aye
3413,1975,13,Absent
3414,1976,1,Aye
3415,1976,2,Aye
3416,1976,7,Aye
3417,1976,13,Aye
3418,1976,8,Aye
3419,1976,12,Aye
3420,1976,16,Aye
3421,1977,1,Aye
3422,1977,2,Aye
3423,1977,7,Aye
3424,1977,13,Aye
3425,1977,8,Aye
3426,1977,12,Aye
3427,1977,16,Aye
3428,1978,1,Aye
3429,1978,2,Aye
3430,1978,7,Aye
3431,1978,13,Aye
3432,1978,8,Aye
3433,1978,12,Aye
3434,1978,16,Aye
3435,1979,1,Aye
3436,1979,8,Aye
3437,1979,2,Aye
3438,1979,12,Aye
3439,1979,16,Aye
3440,1979,7,Absent
3441,1979,13,Absent
3442,1980,1,Aye
3443,1980,8,Aye
3444,1980,2,Aye
3445,1980,12,Aye
3446,1980,16,Aye
3447,1980,7,Absent
3448,1980,13,Absent
3449,1981,1,Aye
3450,1981,2,Aye
3451,1981,12,Aye
3452,1981,16,Aye
3453,1981,7,Absent
3454,1981,13,Absent
3455,1981,8,Abstain
3456,1982,1,Aye
3457,1982,8,Aye
3458,1982,2,Aye
3459,1982,12,Aye
3460,1982,16,Aye
3461,1982,7,Absent
3462,1982,13,Absent
3463,1983,1,Aye
3464,1983,8,Aye
3465,1983,2,Aye
3466,1983,12,Aye
3467,1983,16,Aye
3468,1983,7,Absent
3469,1983,13,Absent
3470,1984,1,Aye
3471,1984,8,Aye
3472,1984,2,Aye
3473,1984,12,Aye
3474,1984,16,Aye
3475,1984,7,Absent
3476,1984,13,Absent
3477,1985,1,Aye
3478,1985,8,Aye
3479,1985,2,Aye
3480,1985,12,Aye
3481,1985,16,Aye
3482,1985,7,Absent
3483,1985,13,Absent
3484,1986,1,Aye
3485,1986,8,Aye
3486,1986,2,Aye
3487,1986,12,Aye
3488,1986,16,Aye
3489,1986,7,Absent
3490,1986,13,Absent
3491,1987,1,Aye
3492,1987,8,Aye
3493,1987,2,Aye
3494,1987,12,Aye
3495,1987,16,Aye
3496,1987,7,Absent
3497,1987,13,Absent
3498,1988,1,Aye
3499,1988,8,Aye
3500,1988,2,Aye
3501,1988,12,Aye
3502,1988,16,Aye
3503,1988,7,Absent
3504,1988,13,Absent
3505,1989,1,Aye
3506,1989,8,Aye
3507,1989,2,Aye
3508,1989,12,Aye
3509,1989,16,Aye
3510,1989,7,Absent
3511,1989,13,Absent
3512,1990,1,Aye
3513,1990,8,Aye
3514,1990,2,Aye
3515,1990,12,Aye
3516,1990,16,Aye
3517,1990,7,Absent
3518,1990,13,Absent
3519,1991,1,Aye
3520,1991,8,Aye
3521,1991,2,Aye
3522,1991,12,Aye
3523,1991,16,Aye
3524,1991,7,Absent
3525,1991,13,Absent
3526,1992,1,Aye
3527,1992,8,Aye
3528,1992,2,Aye
3529,1992,12,Aye
3530,1992,16,Aye
3531,1992,7,Absent
3532,1992,13,Absent
3533,1993,1,Aye
3534,1993,8,Aye
3535,1993,2,Aye
3536,1993,12,Aye
3537,1993,16,Aye
3538,1993,7,Absent
3539,1993,13,Absent
3540,1994,1,Aye
3541,1994,2,Aye
3542,1994,7,Aye
3543,1994,13,Aye
3544,1994,8,Aye
3545,1994,12,Aye
3546,1994,16,Aye
3547,1995,1,Aye
3548,1995,2,Aye
3549,1995,7,Aye
3550,1995,13,Aye
3551,1995,16,Aye
3552,1995,8,Absent
3553,1996,1,Aye
3554,1996,2,Aye
3555,1996,7,Aye
3556,1996,13,Aye
3557,1996,8,Aye
3558,1996,12,Aye
3559,1996,16,Aye
3560,1997,1,Aye
3561,1997,2,Aye
3562,1997,7,Aye
3563,1997,13,Aye
3564,1997,8,Aye
3565,1997,12,Aye
3566,1997,16,Aye
3567,1998,1,Aye
3568,1998,2,Aye
3569,1998,7,Aye
3570,1998,13,Aye
3571,1998,8,Aye
3572,1998,12,Aye
3573,1998,16,Aye
3574,1999,1,Aye
3575,1999,2,Aye
3576,1999,7,Aye
3577,1999,13,Aye
3578,1999,8,Aye
3579,1999,12,Aye
3580,1999,16,Aye
3581,2000,1,Aye
3582,2000,2,Aye
3583,2000,7,Aye
3584,2000,13,Aye
3585,2000,8,Aye
3586,2000,12,Aye
3587,2000,16,Aye
3588,2001,1,Aye
3589,2001,2,Aye
3590,2001,7,Aye
3591,2001,13,Aye
3592,2001,8,Aye
3593,2001,12,Aye
3594,2001,16,Aye
3595,2002,1,Aye
3596,2002,2,Aye
3597,2002,7,Aye
3598,2002,13,Aye
3599,2002,8,Aye
3600,2002,12,Aye
3601,2002,16,Aye
3602,2003,1,Aye
3603,2003,2,Aye
3604,2003,7,Aye
3605,2003,13,Aye
3606,2003,8,Aye
3607,2003,12,Aye
3608,2003,16,Aye
3609,2004,1,Aye
3610,2004,2,Aye
3611,2004,7,Aye
3612,2004,13,Aye
3613,2004,8,Aye
3614,2004,12,Aye
3615,2004,16,Aye
3616,2005,7,Aye
3617,2005,13,Aye
3618,2005,8,Aye
3619,2005,12,Aye
3620,2005,16,Aye
3621,2005,1,Nay
3622,2005,2,Nay
3623,2006,1,Aye
3624,2006,2,Aye
3625,2006,7,Aye
3626,2006,13,Aye
3627,2006,8,Aye
3628,2006,12,Aye
3629,2006,16,Aye
3630,2007,1,Aye
3631,2007,2,Aye
3632,2007,7,Aye
3633,2007,13,Aye
3634,2007,8,Aye
3635,2007,12,Aye
3636,2007,16,Aye
3637,2008,12,Aye
3638,2008,1,Aye
3639,2008,16,Aye
3640,2008,7,Aye
3641,2008,8,Aye
3642,2008,13,Aye
3643,2008,2,Nay
3644,2009,12,Aye
3645,2009,1,Aye
3646,2009,16,Aye
3647,2009,2,Aye
3648,2009,7,Aye
3649,2009,8,Aye
3650,2009,13,Aye
3651,2010,12,Aye
3652,2010,1,Aye
3653,2010,16,Aye
3654,2010,2,Aye
3655,2010,7,Aye
3656,2010,8,Aye
3657,2011,12,Aye
3658,2011,1,Aye
3659,2011,16,Aye
3660,2011,2,Aye
3661,2011,7,Aye
3662,2011,8,Aye
3663,2011,13,Aye
3664,2012,12,Aye
3665,2012,1,Aye
3666,2012,16,Aye
3667,2012,2,Aye
3668,2012,7,Aye
3669,2012,8,Aye
3670,2012,13,Aye
3671,2013,12,Aye
3672,2013,1,Aye
3673,2013,16,Aye
3674,2013,2,Aye
3675,2013,7,Aye
3676,2013,8,Aye
3677,2013,13,Aye
3678,2014,12,Aye
3679,2014,1,Aye
3680,2014,16,Aye
3681,2014,2,Aye
3682,2014,7,Aye
3683,2014,8,Aye
3684,2014,13,Aye
3685,2015,12,Aye
3686,2015,1,Aye
3687,2015,16,Aye
3688,2015,2,Aye
3689,2015,7,Aye
3690,2015,8,Aye
3691,2015,13,Aye
3692,2016,12,Aye
3693,2016,1,Aye
3694,2016,16,Aye
3695,2016,2,Aye
3696,2016,7,Aye
3697,2016,8,Aye
3698,2016,13,Aye
3699,2017,1,Aye
3700,2017,2,Aye
3701,2017,7,Aye
3702,2017,8,Aye
3703,2017,13,Aye
3704,2017,16,Nay
3705,2017,12,Nay
3706,2018,12,Aye
3707,2018,1,Aye
3708,2018,16,Aye
3709,2018,2,Aye
3710,2018,8,Aye
3711,2018,13,Aye
3712,2018,7,Nay
3713,2019,12,Aye
3714,2019,1,Aye
3715,2019,16,Aye
3716,2019,2,Aye
3717,2019,7,Aye
3718,2019,8,Aye
3719,2019,13,Aye
3720,2020,16,Aye
3721,2020,2,Aye
3722,2020,7,Aye
3723,2020,8,Aye
3724,2020,13,Aye
3725,2020,12,Nay
3726,2021,12,Aye
3727,2021,1,Aye
3728,2021,16,Aye
3729,2021,2,Aye
3730,2021,7,Aye
3731,2021,8,Aye
3732,2021,13,Aye
3733,2034,7,Nay
3734,2035,1,Aye
3735,2035,8,Aye
3736,2035,2,Aye
3737,2035,12,Aye
3738,2035,16,Aye
3739,2035,7,Aye
3740,2035,13,Aye
3741,2036,1,Aye
3742,2036,16,Aye
3743,2036,13,Aye
3744,2036,8,Nay
3745,2036,2,Nay
3746,2036,12,Nay
3747,2036,7,Nay
3748,2037,8,Aye
3749,2037,2,Aye
3750,2037,12,Aye
3751,2037,7,Aye
3752,2037,13,Aye
3753,2037,1,Nay
3754,2037,16,Nay
3755,2038,1,Aye
3756,2038,8,Aye
3757,2038,2,Aye
3758,2038,12,Aye
3759,2038,16,Aye
3760,2038,7,Aye
3761,2038,13,Aye
3762,2039,1,Aye
3763,2039,8,Aye
3764,2039,2,Aye
3765,2039,12,Aye
3766,2039,16,Aye
3767,2039,7,Aye
3768,2039,13,Aye
3769,2040,1,Aye
3770,2040,8,Aye
3771,2040,2,Aye
3772,2040,12,Aye
3773,2040,16,Aye
3774,2040,7,Aye
3775,2040,13,Aye
3776,2041,1,Aye
3777,2041,8,Aye
3778,2041,2,Aye
3779,2041,12,Aye
3780,2041,16,Aye
3781,2041,7,Aye
3782,2041,13,Aye
3783,2042,1,Aye
3784,2042,8,Aye
3785,2042,2,Aye
3786,2042,12,Aye
3787,2042,16,Aye
3788,2042,7,Aye
3789,2042,13,Aye
3790,2043,1,Aye
3791,2043,8,Aye
3792,2043,2,Aye
3793,2043,12,Aye
3794,2043,16,Aye
3795,2043,7,Aye
3796,2043,13,Aye
3797,2044,1,Aye
3798,2044,8,Aye
3799,2044,2,Aye
3800,2044,12,Aye
3801,2044,16,Aye
3802,2044,7,Aye
3803,2044,13,Aye
3804,2045,1,Aye
3805,2045,8,Aye
3806,2045,2,Aye
3807,2045,12,Aye
3808,2045,16,Aye
3809,2045,7,Aye
3810,2045,13,Aye
3811,2046,1,Aye
3812,2046,8,Aye
3813,2046,2,Aye
3814,2046,12,Aye
3815,2046,16,Aye
3816,2046,7,Aye
3817,2046,13,Aye
3818,2047,1,Aye
3819,2047,8,Aye
3820,2047,2,Aye
3821,2047,12,Aye
3822,2047,16,Aye
3823,2047,7,Aye
3824,2047,13,Aye
3825,2048,1,Aye
3826,2048,8,Aye
3827,2048,2,Aye
3828,2048,12,Aye
3829,2048,16,Aye
3830,2048,7,Aye
3831,2048,13,Aye
3832,2049,1,Aye
3833,2049,8,Aye
3834,2049,2,Aye
3835,2049,12,Aye
3836,2049,16,Aye
3837,2049,7,Aye
3838,2049,13,Aye
3839,2050,1,Aye
3840,2050,8,Aye
3841,2050,2,Aye
3842,2050,12,Aye
3843,2050,16,Aye
3844,2050,7,Aye
3845,2050,13,Aye
3846,2052,1,Aye
3847,2052,8,Aye
3848,2052,2,Aye
3849,2052,12,Aye
3850,2052,16,Aye
3851,2052,7,Aye
3852,2052,13,Aye
3853,2053,1,Aye
3854,2053,8,Aye
3855,2053,2,Aye
3856,2053,12,Aye
3857,2053,16,Aye
3858,2053,7,Aye
3859,2053,13,Aye
3860,2054,1,Aye
3861,2054,8,Aye
3862,2054,2,Aye
3863,2054,12,Aye
3864,2054,16,Aye
3865,2054,7,Aye
3866,2054,13,Aye
3867,2055,1,Aye
3868,2055,2,Aye
3869,2055,7,Aye
3870,2055,13,Aye
3871,2055,8,Aye
3872,2055,12,Aye
3873,2055,16,Aye
3874,2056,1,Aye
3875,2056,2,Aye
3876,2056,7,Aye
3877,2056,13,Aye
3878,2056,8,Aye
3879,2056,12,Aye
3880,2056,16,Aye
3881,2057,1,Aye
3882,2057,2,Aye
3883,2057,7,Aye
3884,2057,13,Aye
3885,2057,8,Aye
3886,2057,12,Aye
3887,2057,16,Aye
3888,2058,1,Aye
3889,2058,2,Aye
3890,2058,7,Aye
3891,2058,13,Aye
3892,2058,8,Aye
3893,2058,12,Aye
3894,2058,16,Aye
3895,2059,1,Aye
3896,2059,2,Aye
3897,2059,7,Aye
3898,2059,13,Aye
3899,2059,8,Aye
3900,2059,12,Aye
3901,2059,16,Aye
3902,2060,1,Aye
3903,2060,2,Aye
3904,2060,7,Aye
3905,2060,13,Aye
3906,2060,8,Aye
3907,2060,12,Aye
3908,2060,16,Aye
3909,2061,1,Aye
3910,2061,2,Aye
3911,2061,7,Aye
3912,2061,13,Aye
3913,2061,12,Aye
3914,2061,16,Nay
3915,2061,8,Nay
3916,2062,1,Aye
3917,2062,2,Aye
3918,2062,7,Aye
3919,2062,13,Aye
3920,2062,8,Aye
3921,2062,12,Aye
3922,2062,16,Aye
3923,2063,1,Aye
3924,2063,2,Aye
3925,2063,7,Aye
3926,2063,13,Aye
3927,2063,12,Aye
3928,2063,16,Nay
3929,2063,8,Nay
3930,2064,1,Aye
3931,2064,2,Aye
3932,2064,7,Aye
3933,2064,13,Aye
3934,2064,8,Aye
3935,2064,12,Aye
3936,2064,16,Aye
3937,2065,1,Aye
3938,2065,2,Aye
3939,2065,7,Aye
3940,2065,13,Aye
3941,2065,8,Aye
3942,2065,12,Aye
3943,2065,16,Aye
3944,2066,1,Aye
3945,2066,2,Aye
3946,2066,7,Aye
3947,2066,13,Aye
3948,2066,8,Aye
3949,2066,12,Aye
3950,2066,16,Abstain
3951,2067,1,Aye
3952,2067,2,Aye
3953,2067,7,Aye
3954,2067,13,Aye
3955,2067,8,Aye
3956,2067,12,Aye
3957,2067,16,Aye
3958,2068,1,Aye
3959,2068,2,Aye
3960,2068,7,Aye
3961,2068,13,Aye
3962,2068,8,Aye
3963,2068,12,Aye
3964,2068,16,Aye
3965,2069,1,Aye
3966,2069,2,Aye
3967,2069,7,Aye
3968,2069,13,Aye
3969,2069,8,Aye
3970,2069,12,Aye
3971,2069,16,Aye
3972,2070,1,Aye
3973,2070,2,Aye
3974,2070,7,Aye
3975,2070,13,Aye
3976,2070,8,Aye
3977,2070,12,Aye
3978,2070,16,Aye
3979,2071,1,Aye
3980,2071,2,Aye
3981,2071,7,Aye
3982,2071,13,Aye
3983,2071,8,Aye
3984,2071,12,Aye
3985,2071,16,Aye
3986,2072,1,Aye
3987,2072,2,Aye
3988,2072,7,Aye
3989,2072,13,Aye
3990,2072,8,Aye
3991,2072,12,Aye
3992,2072,16,Aye
3993,2073,1,Aye
3994,2073,2,Aye
3995,2073,7,Aye
3996,2073,13,Aye
3997,2073,8,Aye
3998,2073,12,Aye
3999,2073,16,Aye
4000,2074,1,Aye
4001,2074,2,Aye
4002,2074,7,Aye
4003,2074,13,Aye
4004,2074,8,Aye
4005,2074,12,Aye
4006,2074,16,Aye
4007,2075,1,Aye
4008,2075,2,Aye
4009,2075,7,Aye
4010,2075,13,Aye
4011,2075,8,Aye
4012,2075,12,Aye
4013,2075,16,Aye
4014,2076,1,Aye
4015,2076,2,Aye
4016,2076,7,Aye
4017,2076,13,Aye
4018,2076,8,Aye
4019,2076,12,Aye
4020,2076,16,Aye
4021,2077,1,Aye
4022,2077,2,Aye
4023,2077,7,Aye
4024,2077,13,Aye
4025,2077,8,Aye
4026,2077,12,Aye
4027,2077,16,Aye
4028,2078,1,Aye
4029,2078,2,Aye
4030,2078,7,Aye
4031,2078,13,Aye
4032,2078,8,Aye
4033,2078,12,Aye
4034,2078,16,Aye
4035,2079,1,Aye
4036,2079,2,Aye
4037,2079,7,Aye
4038,2079,13,Aye
4039,2079,8,Aye
4040,2079,12,Aye
4041,2079,16,Aye
4042,2080,1,Aye
4043,2080,2,Aye
4044,2080,7,Aye
4045,2080,13,Aye
4046,2080,8,Aye
4047,2080,12,Aye
4048,2080,16,Aye
4049,2081,1,Aye
4050,2081,2,Aye
4051,2081,7,Aye
4052,2081,13,Aye
4053,2081,8,Aye
4054,2081,12,Aye
4055,2081,16,Aye
4056,2082,1,Aye
4057,2082,7,Aye
4058,2082,17,Aye
4059,2082,8,Aye
4060,2082,9,Aye
4061,2082,21,Aye
4062,2082,16,Aye
4063,2083,1,Aye
4064,2083,7,Aye
4065,2083,8,Aye
4066,2083,16,Aye
4067,2083,17,Abstain
4068,2083,9,Abstain
4069,2083,21,Abstain
4070,2084,1,Aye
4071,2084,7,Aye
4072,2084,17,Aye
4073,2084,8,Aye
4074,2084,9,Aye
4075,2084,21,Aye
4076,2084,16,Aye
4077,2085,1,Aye
4078,2085,7,Aye
4079,2085,17,Aye
4080,2085,8,Aye
4081,2085,9,Aye
4082,2085,16,Aye
4083,2085,21,Nay
4084,2086,1,Aye
4085,2086,7,Aye
4086,2086,17,Aye
4087,2086,8,Aye
4088,2086,9,Aye
4089,2086,21,Aye
4090,2086,16,Aye
4091,2087,1,Aye
4092,2087,7,Aye
4093,2087,17,Aye
4094,2087,8,Aye
4095,2087,9,Aye
4096,2087,21,Aye
4097,2087,16,Aye
4098,2088,1,Aye
4099,2088,7,Aye
4100,2088,17,Aye
4101,2088,8,Aye
4102,2088,9,Aye
4103,2088,21,Aye
4104,2088,16,Aye
4105,2089,1,Aye
4106,2089,7,Aye
4107,2089,17,Aye
4108,2089,8,Aye
4109,2089,9,Aye
4110,2089,21,Aye
4111,2089,16,Aye
4112,2090,1,Aye
4113,2090,7,Aye
4114,2090,17,Aye
4115,2090,8,Aye
4116,2090,9,Aye
4117,2090,21,Aye
4118,2090,16,Aye
4119,2091,1,Aye
4120,2091,7,Aye
4121,2091,17,Aye
4122,2091,8,Aye
4123,2091,9,Aye
4124,2091,21,Aye
4125,2091,16,Aye
4126,2092,1,Aye
4127,2092,7,Aye
4128,2092,17,Aye
4129,2092,8,Aye
4130,2092,9,Aye
4131,2092,21,Aye
4132,2092,16,Aye
4133,2093,7,Aye
4134,2093,17,Aye
4135,2093,8,Aye
4136,2093,9,Aye
4137,2093,18,Aye
4138,2093,21,Aye
4139,2094,7,Aye
4140,2094,17,Aye
4141,2094,8,Aye
4142,2094,9,Aye
4143,2094,18,Aye
4144,2094,21,Aye
4145,2095,7,Aye
4146,2095,17,Aye
4147,2095,8,Aye
4148,2095,9,Aye
4149,2095,18,Aye
4150,2095,21,Aye
4151,2096,7,Aye
4152,2096,17,Aye
4153,2096,8,Aye
4154,2096,9,Aye
4155,2096,18,Aye
4156,2096,21,Aye
4157,2097,7,Aye
4158,2097,17,Aye
4159,2097,8,Aye
4160,2097,9,Aye
4161,2097,18,Aye
4162,2097,21,Aye
4163,2098,7,Aye
4164,2098,17,Aye
4165,2098,8,Aye
4166,2098,9,Aye
4167,2098,18,Aye
4168,2098,21,Aye
4169,2099,7,Aye
4170,2099,17,Aye
4171,2099,8,Aye
4172,2099,9,Aye
4173,2099,18,Aye
4174,2099,21,Aye
4175,2100,7,Aye
4176,2100,17,Aye
4177,2100,8,Aye
4178,2100,9,Aye
4179,2100,18,Aye
4180,2100,21,Aye
4181,2101,7,Aye
4182,2101,17,Aye
4183,2101,8,Aye
4184,2101,9,Aye
4185,2101,18,Aye
4186,2101,21,Aye
4187,2102,7,Aye
4188,2102,1,Aye
4189,2102,17,Aye
4190,2102,8,Aye
4191,2102,9,Aye
4192,2102,18,Aye
4193,2102,21,Aye
4194,2103,7,Aye
4195,2103,1,Aye
4196,2103,17,Aye
4197,2103,8,Aye
4198,2103,9,Aye
4199,2103,18,Aye
4200,2103,21,Aye
4201,2104,7,Aye
4202,2104,17,Aye
4203,2104,8,Aye
4204,2104,9,Aye
4205,2104,18,Aye
4206,2104,21,Aye
4207,2104,1,Nay
4208,2105,7,Aye
4209,2105,1,Aye
4210,2105,17,Aye
4211,2105,8,Aye
4212,2105,9,Aye
4213,2105,18,Aye
4214,2105,21,Aye
4215,2106,7,Aye
4216,2106,1,Aye
4217,2106,17,Aye
4218,2106,8,Aye
4219,2106,9,Aye
4220,2106,18,Aye
4221,2106,21,Aye
4222,2107,7,Aye
4223,2107,1,Aye
4224,2107,17,Aye
4225,2107,8,Aye
4226,2107,9,Aye
4227,2107,18,Aye
4228,2107,21,Aye
4229,2108,7,Aye
4230,2108,17,Aye
4231,2108,8,Aye
4232,2108,9,Aye
4233,2108,18,Aye
4234,2108,21,Aye
4235,2108,1,Nay
4236,2109,7,Aye
4237,2109,1,Aye
4238,2109,17,Aye
4239,2109,8,Aye
4240,2109,9,Aye
4241,2109,18,Aye
4242,2109,21,Aye
4243,2110,7,Aye
4244,2110,1,Aye
4245,2110,17,Aye
4246,2110,9,Aye
4247,2110,21,Aye
4248,2110,16,Aye
4249,2110,8,Absent
4250,2111,7,Aye
4251,2111,1,Aye
4252,2111,17,Aye
4253,2111,9,Aye
4254,2111,21,Aye
4255,2111,16,Aye
4256,2111,8,Absent
4257,2112,7,Aye
4258,2112,1,Aye
4259,2112,17,Aye
4260,2112,9,Aye
4261,2112,21,Aye
4262,2112,16,Aye
4263,2112,8,Absent
4264,2113,7,Aye
4265,2113,1,Aye
4266,2113,17,Aye
4267,2113,9,Aye
4268,2113,21,Aye
4269,2113,16,Aye
4270,2113,8,Absent
4271,2114,7,Aye
4272,2114,1,Aye
4273,2114,17,Aye
4274,2114,9,Aye
4275,2114,21,Aye
4276,2114,16,Aye
4277,2114,8,Absent
4278,2115,7,Aye
4279,2115,1,Aye
4280,2115,17,Aye
4281,2115,9,Aye
4282,2115,21,Aye
4283,2115,16,Aye
4284,2115,8,Absent
4285,2116,7,Aye
4286,2116,1,Aye
4287,2116,17,Aye
4288,2116,9,Aye
4289,2116,21,Aye
4290,2116,16,Aye
4291,2116,8,Absent
4292,2117,7,Aye
4293,2117,1,Aye
4294,2117,17,Aye
4295,2117,9,Aye
4296,2117,21,Aye
4297,2117,16,Aye
4298,2117,8,Absent
4299,2118,7,Aye
4300,2118,1,Aye
4301,2118,17,Aye
4302,2118,9,Aye
4303,2118,21,Aye
4304,2118,16,Aye
4305,2118,8,Absent
4306,2119,7,Aye
4307,2119,1,Aye
4308,2119,17,Aye
4309,2119,9,Aye
4310,2119,21,Aye
4311,2119,16,Aye
4312,2119,8,Absent
4313,2120,7,Aye
4314,2120,1,Aye
4315,2120,17,Aye
4316,2120,9,Aye
4317,2120,21,Aye
4318,2120,16,Aye
4319,2120,8,Absent
4320,2121,7,Aye
4321,2121,1,Aye
4322,2121,17,Aye
4323,2121,8,Aye
4324,2121,9,Aye
4325,2121,21,Aye
4326,2121,16,Aye
4327,2122,7,Aye
4328,2122,1,Aye
4329,2122,17,Aye
4330,2122,9,Aye
4331,2122,21,Aye
4332,2122,16,Aye
4333,2122,8,Abstain
4334,2123,7,Aye
4335,2123,1,Aye
4336,2123,17,Aye
4337,2123,8,Aye
4338,2123,9,Aye
4339,2123,21,Aye
4340,2123,16,Aye
4341,2124,7,Aye
4342,2124,1,Aye
4343,2124,17,Aye
4344,2124,8,Aye
4345,2124,9,Aye
4346,2124,21,Aye
4347,2124,16,Aye
4348,2125,7,Aye
4349,2125,1,Aye
4350,2125,17,Aye
4351,2125,8,Aye
4352,2125,9,Aye
4353,2125,21,Aye
4354,2125,16,Aye
4355,2126,7,Aye
4356,2126,1,Aye
4357,2126,17,Aye
4358,2126,8,Aye
4359,2126,9,Aye
4360,2126,21,Aye
4361,2126,16,Aye
4362,2127,7,Aye
4363,2127,1,Aye
4364,2127,17,Aye
4365,2127,8,Aye
4366,2127,9,Aye
4367,2127,16,Aye
4368,2127,21,Nay
4369,2128,17,Aye
4370,2128,9,Aye
4371,2128,21,Aye
4372,2128,16,Aye
4373,2128,7,Nay
4374,2128,1,Nay
4375,2128,8,Nay
4376,2129,7,Aye
4377,2129,1,Aye
4378,2129,17,Aye
4379,2129,8,Aye
4380,2129,9,Aye
4381,2129,21,Aye
4382,2129,16,Aye
4383,2130,7,Aye
4384,2130,1,Aye
4385,2130,17,Aye
4386,2130,9,Aye
4387,2130,21,Aye
4388,2130,16,Aye
4389,2130,8,Nay
4390,2131,7,Aye
4391,2131,1,Aye
4392,2131,17,Aye
4393,2131,8,Aye
4394,2131,9,Aye
4395,2131,21,Aye
4396,2131,16,Aye
4397,2132,7,Aye
4398,2132,1,Aye
4399,2132,17,Aye
4400,2132,8,Aye
4401,2132,9,Aye
4402,2132,21,Aye
4403,2132,16,Aye
4404,2133,7,Aye
4405,2133,1,Aye
4406,2133,17,Aye
4407,2133,8,Aye
4408,2133,9,Aye
4409,2133,21,Aye
4410,2133,16,Aye
4411,2134,7,Aye
4412,2134,1,Aye
4413,2134,17,Aye
4414,2134,8,Aye
4415,2134,9,Aye
4416,2134,21,Aye
4417,2134,16,Aye
4418,2135,7,Aye
4419,2135,1,Aye
4420,2135,17,Aye
4421,2135,8,Aye
4422,2135,9,Aye
4423,2135,21,Aye
4424,2135,16,Aye
4425,2136,7,Aye
4426,2136,1,Aye
4427,2136,17,Aye
4428,2136,8,Aye
4429,2136,9,Aye
4430,2136,21,Aye
4431,2136,16,Aye
4432,2137,7,Aye
4433,2137,1,Aye
4434,2137,17,Aye
4435,2137,8,Aye
4436,2137,9,Aye
4437,2137,21,Aye
4438,2137,16,Aye
4439,2138,7,Aye
4440,2138,1,Aye
4441,2138,17,Aye
4442,2138,8,Aye
4443,2138,9,Aye
4444,2138,21,Aye
4445,2138,16,Aye
4446,2139,7,Aye
4447,2139,1,Aye
4448,2139,17,Aye
4449,2139,8,Aye
4450,2139,9,Aye
4451,2139,21,Aye
4452,2139,16,Aye
4453,2140,7,Aye
4454,2140,1,Aye
4455,2140,17,Aye
4456,2140,8,Aye
4457,2140,9,Aye
4458,2140,21,Aye
4459,2140,16,Aye
4460,2141,7,Aye
4461,2141,1,Aye
4462,2141,17,Aye
4463,2141,8,Aye
4464,2141,9,Aye
4465,2141,21,Aye
4466,2141,16,Aye
4467,2142,7,Aye
4468,2142,1,Aye
4469,2142,17,Aye
4470,2142,8,Aye
4471,2142,9,Aye
4472,2142,21,Aye
4473,2142,16,Aye
4474,2143,7,Aye
4475,2143,1,Aye
4476,2143,17,Aye
4477,2143,8,Aye
4478,2143,9,Aye
4479,2143,21,Aye
4480,2143,16,Aye
4481,2144,7,Aye
4482,2144,1,Aye
4483,2144,17,Aye
4484,2144,8,Aye
4485,2144,9,Aye
4486,2144,21,Aye
4487,2144,16,Aye
4488,2146,7,Aye
4489,2146,1,Aye
4490,2146,17,Aye
4491,2146,8,Aye
4492,2146,9,Aye
4493,2146,21,Aye
4494,2146,16,Aye
4495,2147,7,Aye
4496,2147,1,Aye
4497,2147,17,Aye
4498,2147,8,Aye
4499,2147,9,Aye
4500,2147,21,Aye
4501,2147,16,Aye
4502,2148,7,Aye
4503,2148,1,Aye
4504,2148,17,Aye
4505,2148,8,Aye
4506,2148,9,Aye
4507,2148,21,Aye
4508,2148,16,Aye
4509,2149,1,Aye
4510,2149,17,Aye
4511,2149,8,Aye
4512,2149,9,Aye
4513,2149,21,Aye
4514,2149,16,Aye
4515,2149,7,Nay
4516,2150,7,Aye
4517,2150,1,Aye
4518,2150,17,Aye
4519,2150,8,Aye
4520,2150,9,Aye
4521,2150,21,Aye
4522,2150,16,Aye
4523,2151,7,Aye
4524,2151,1,Aye
4525,2151,17,Aye
4526,2151,8,Aye
4527,2151,9,Aye
4528,2151,21,Aye
4529,2151,16,Aye
4530,2152,7,Aye
4531,2152,1,Aye
4532,2152,17,Aye
4533,2152,8,Aye
4534,2152,9,Aye
4535,2152,21,Aye
4536,2152,16,Aye
4537,2153,7,Aye
4538,2153,1,Aye
4539,2153,17,Aye
4540,2153,8,Aye
4541,2153,9,Aye
4542,2153,21,Aye
4543,2153,16,Aye
4544,2154,7,Aye
4545,2154,1,Aye
4546,2154,17,Aye
4547,2154,8,Aye
4548,2154,9,Aye
4549,2154,21,Aye
4550,2154,16,Aye
4551,2155,7,Aye
4552,2155,1,Aye
4553,2155,17,Aye
4554,2155,8,Aye
4555,2155,9,Aye
4556,2155,21,Aye
4557,2155,16,Aye
4558,2156,7,Aye
4559,2156,1,Aye
4560,2156,17,Aye
4561,2156,8,Aye
4562,2156,9,Aye
4563,2156,21,Aye
4564,2156,16,Aye
4565,2157,7,Aye
4566,2157,1,Aye
4567,2157,17,Aye
4568,2157,8,Aye
4569,2157,9,Aye
4570,2157,21,Aye
4571,2157,16,Aye
4572,2158,7,Aye
4573,2158,1,Aye
4574,2158,17,Aye
4575,2158,8,Aye
4576,2158,9,Aye
4577,2158,21,Aye
4578,2158,16,Aye
4579,2159,7,Aye
4580,2159,1,Aye
4581,2159,17,Aye
4582,2159,8,Aye
4583,2159,9,Aye
4584,2159,21,Aye
4585,2159,16,Aye
4586,2160,7,Aye
4587,2160,1,Aye
4588,2160,17,Aye
4589,2160,8,Aye
4590,2160,9,Aye
4591,2160,21,Aye
4592,2160,16,Aye
4593,2161,7,Aye
4594,2161,1,Aye
4595,2161,17,Aye
4596,2161,8,Aye
4597,2161,9,Aye
4598,2161,21,Aye
4599,2161,16,Aye
4600,2162,17,Aye
4601,2162,8,Aye
4602,2163,7,Aye
4603,2163,1,Aye
4604,2163,17,Aye
4605,2163,8,Aye
4606,2163,9,Aye
4607,2163,21,Aye
4608,2163,16,Aye
4609,2164,7,Aye
4610,2164,1,Aye
4611,2164,17,Aye
4612,2164,8,Aye
4613,2164,9,Aye
4614,2164,21,Aye
4615,2164,16,Aye
4616,2166,7,Aye
4617,2166,1,Aye
4618,2166,17,Aye
4619,2166,8,Aye
4620,2166,9,Aye
4621,2166,21,Aye
4622,2166,16,Aye
4623,2167,7,Aye
4624,2167,1,Aye
4625,2167,17,Aye
4626,2167,8,Aye
4627,2167,9,Aye
4628,2167,21,Aye
4629,2167,16,Aye
4630,2168,7,Aye
4631,2168,1,Aye
4632,2168,17,Aye
4633,2168,8,Aye
4634,2168,9,Aye
4635,2168,21,Aye
4636,2168,16,Aye
4637,2169,7,Aye
4638,2169,1,Aye
4639,2169,17,Aye
4640,2169,8,Aye
4641,2169,9,Aye
4642,2169,21,Aye
4643,2169,16,Aye
4644,2170,7,Aye
4645,2170,1,Aye
4646,2170,17,Aye
4647,2170,8,Aye
4648,2170,9,Aye
4649,2170,21,Aye
4650,2170,16,Aye
4651,2171,7,Aye
4652,2171,1,Aye
4653,2171,17,Aye
4654,2171,8,Aye
4655,2171,9,Aye
4656,2171,21,Aye
4657,2171,16,Aye
4658,2172,7,Aye
4659,2172,1,Aye
4660,2172,17,Aye
4661,2172,8,Aye
4662,2172,9,Aye
4663,2172,21,Aye
4664,2172,16,Aye
4665,2173,7,Aye
4666,2173,1,Aye
4667,2173,17,Aye
4668,2173,8,Aye
4669,2173,9,Aye
4670,2173,21,Aye
4671,2173,16,Aye
4672,2174,1,Aye
4673,2174,17,Aye
4674,2174,8,Aye
4675,2174,9,Aye
4676,2174,21,Aye
4677,2174,16,Aye
4678,2174,7,Nay
4679,2175,17,Aye
4680,2175,9,Aye
4681,2175,21,Aye
4682,2175,16,Aye
4683,2175,7,Nay
4684,2175,1,Nay
4685,2175,8,Nay
4686,2176,7,Aye
4687,2176,1,Aye
4688,2176,17,Aye
4689,2176,8,Aye
4690,2176,9,Aye
4691,2176,21,Aye
4692,2176,16,Aye
4693,2177,7,Aye
4694,2177,1,Aye
4695,2177,8,Aye
4696,2177,9,Aye
4697,2177,21,Aye
4698,2177,16,Absent
4699,2177,17,Absent
4700,2178,7,Aye
4701,2178,1,Aye
4702,2178,8,Aye
4703,2178,9,Aye
4704,2178,21,Aye
4705,2178,16,Absent
4706,2178,17,Absent
4707,2179,7,Aye
4708,2179,1,Aye
4709,2179,8,Aye
4710,2179,9,Aye
4711,2179,21,Aye
4712,2179,17,Aye
4713,2179,16,Absent
4714,2180,7,Aye
4715,2180,1,Aye
4716,2180,8,Aye
4717,2180,9,Aye
4718,2180,21,Aye
4719,2180,17,Aye
4720,2180,16,Absent
4721,2181,7,Aye
4722,2181,1,Aye
4723,2181,8,Aye
4724,2181,9,Aye
4725,2181,21,Aye
4726,2181,17,Aye
4727,2181,16,Absent
4728,2182,7,Aye
4729,2182,1,Aye
4730,2182,8,Aye
4731,2182,9,Aye
4732,2182,21,Aye
4733,2182,17,Aye
4734,2182,16,Absent
4735,2183,7,Aye
4736,2183,1,Aye
4737,2183,8,Aye
4738,2183,9,Aye
4739,2183,21,Aye
4740,2183,17,Aye
4741,2183,16,Absent
4742,2184,7,Aye
4743,2184,1,Aye
4744,2184,8,Aye
4745,2184,9,Aye
4746,2184,21,Aye
4747,2184,17,Aye
4748,2184,16,Absent
4749,2185,7,Aye
4750,2185,1,Aye
4751,2185,8,Aye
4752,2185,9,Aye
4753,2185,21,Aye
4754,2185,17,Aye
4755,2185,16,Absent
4756,2186,7,Aye
4757,2186,1,Aye
4758,2186,8,Aye
4759,2186,9,Aye
4760,2186,21,Aye
4761,2186,17,Aye
4762,2186,16,Absent
4763,2187,7,Aye
4764,2187,1,Aye
4765,2187,8,Aye
4766,2187,9,Aye
4767,2187,21,Aye
4768,2187,17,Aye
4769,2187,16,Absent
4770,2188,7,Aye
4771,2188,1,Aye
4772,2188,8,Aye
4773,2188,16,Aye
4774,2188,21,Aye
4775,2188,17,Aye
4776,2188,9,Absent
4777,2189,7,Aye
4778,2189,1,Aye
4779,2189,8,Aye
4780,2189,16,Aye
4781,2189,21,Aye
4782,2189,17,Aye
4783,2189,9,Absent
4784,2190,7,Aye
4785,2190,1,Aye
4786,2190,8,Aye
4787,2190,16,Aye
4788,2190,21,Aye
4789,2190,17,Aye
4790,2190,9,Absent
4791,2191,7,Aye
4792,2191,1,Aye
4793,2191,8,Aye
4794,2191,16,Aye
4795,2191,21,Aye
4796,2191,17,Aye
4797,2191,9,Absent
4798,2192,7,Aye
4799,2192,1,Aye
4800,2192,8,Aye
4801,2192,16,Aye
4802,2192,21,Aye
4803,2192,17,Aye
4804,2192,9,Absent
4805,2193,7,Aye
4806,2193,1,Aye
4807,2193,8,Aye
4808,2193,16,Aye
4809,2193,21,Aye
4810,2193,17,Aye
4811,2193,9,Absent
4812,2194,7,Aye
4813,2194,1,Aye
4814,2194,8,Aye
4815,2194,16,Aye
4816,2194,21,Aye
4817,2194,17,Aye
4818,2194,9,Absent
4819,2195,7,Aye
4820,2195,1,Aye
4821,2195,8,Aye
4822,2195,16,Aye
4823,2195,21,Aye
4824,2195,17,Aye
4825,2195,9,Absent
4826,2196,7,Aye
4827,2196,1,Aye
4828,2196,8,Aye
4829,2196,16,Aye
4830,2196,21,Aye
4831,2196,17,Aye
4832,2196,9,Absent
4833,2197,7,Aye
4834,2197,1,Aye
4835,2197,8,Aye
4836,2197,16,Aye
4837,2197,21,Aye
4838,2197,17,Aye
4839,2197,9,Absent
4840,2198,7,Aye
4841,2198,1,Aye
4842,2198,16,Aye
4843,2198,8,Aye
4844,2198,21,Aye
4845,2198,9,Absent
4846,2198,17,Absent
4847,2199,7,Aye
4848,2199,1,Aye
4849,2199,16,Aye
4850,2199,8,Aye
4851,2199,21,Aye
4852,2199,9,Absent
4853,2199,17,Absent
4854,2200,7,Aye
4855,2200,1,Aye
4856,2200,17,Aye
4857,2200,8,Aye
4858,2200,9,Aye
4859,2200,21,Aye
4860,2200,16,Aye
4861,2201,7,Aye
4862,2201,1,Aye
4863,2201,17,Aye
4864,2201,8,Aye
4865,2201,9,Aye
4866,2201,21,Aye
4867,2201,16,Aye
4868,2202,7,Aye
4869,2202,1,Aye
4870,2202,17,Aye
4871,2202,8,Aye
4872,2202,9,Aye
4873,2202,21,Aye
4874,2202,16,Aye
4875,2203,7,Aye
4876,2203,1,Aye
4877,2203,17,Aye
4878,2203,8,Aye
4879,2203,9,Aye
4880,2203,21,Aye
4881,2203,16,Aye
4882,2204,7,Aye
4883,2204,1,Aye
4884,2204,17,Aye
4885,2204,8,Aye
4886,2204,9,Aye
4887,2204,21,Aye
4888,2204,16,Aye
4889,2205,7,Aye
4890,2205,1,Aye
4891,2205,17,Aye
4892,2205,8,Aye
4893,2205,9,Aye
4894,2205,21,Aye
4895,2205,16,Aye
4896,2206,7,Aye
4897,2206,1,Aye
4898,2206,17,Aye
4899,2206,8,Aye
4900,2206,9,Aye
4901,2206,21,Aye
4902,2206,16,Aye
4903,2207,7,Aye
4904,2207,1,Aye
4905,2207,8,Aye
4906,2207,9,Aye
4907,2207,21,Aye
4908,2207,16,Aye
4909,2207,17,Absent
4910,2208,7,Aye
4911,2208,1,Aye
4912,2208,8,Aye
4913,2208,9,Aye
4914,2208,21,Aye
4915,2208,16,Aye
4916,2208,17,Absent
4917,2209,7,Aye
4918,2209,1,Aye
4919,2209,8,Aye
4920,2209,9,Aye
4921,2209,21,Aye
4922,2209,16,Aye
4923,2209,17,Absent
4924,2210,7,Aye
4925,2210,1,Aye
4926,2210,8,Aye
4927,2210,9,Aye
4928,2210,21,Aye
4929,2210,16,Aye
4930,2210,17,Absent
4931,2211,7,Aye
4932,2211,1,Aye
4933,2211,8,Aye
4934,2211,9,Aye
4935,2211,21,Aye
4936,2211,16,Aye
4937,2211,17,Absent
4938,2212,7,Aye
4939,2212,1,Aye
4940,2212,8,Aye
4941,2212,9,Aye
4942,2212,21,Aye
4943,2212,16,Aye
4944,2212,17,Absent
4945,2213,7,Aye
4946,2213,1,Aye
4947,2213,8,Aye
4948,2213,9,Aye
4949,2213,21,Aye
4950,2213,16,Aye
4951,2213,17,Absent
4952,2214,7,Aye
4953,2214,1,Aye
4954,2214,8,Aye
4955,2214,9,Aye
4956,2214,21,Aye
4957,2214,16,Aye
4958,2214,17,Absent
4959,2216,7,Aye
4960,2216,1,Aye
4961,2216,8,Aye
4962,2216,9,Aye
4963,2216,21,Aye
4964,2216,16,Nay
4965,2216,17,Absent
4966,2217,7,Aye
4967,2217,1,Aye
4968,2217,8,Aye
4969,2217,9,Aye
4970,2217,21,Aye
4971,2217,16,Aye
4972,2217,17,Absent
4973,2218,7,Aye
4974,2218,1,Aye
4975,2218,17,Aye
4976,2218,8,Aye
4977,2218,9,Aye
4978,2218,16,Nay
4979,2218,21,Absent
4980,2219,7,Aye
4981,2219,1,Aye
4982,2219,17,Aye
4983,2219,8,Aye
4984,2219,9,Aye
4985,2219,16,Aye
4986,2219,21,Absent
4987,2220,7,Aye
4988,2220,1,Aye
4989,2220,17,Aye
4990,2220,8,Aye
4991,2220,9,Aye
4992,2220,16,Aye
4993,2220,21,Absent
4994,2221,7,Aye
4995,2221,1,Aye
4996,2221,17,Aye
4997,2221,8,Aye
4998,2221,9,Aye
4999,2221,16,Aye
5000,2221,21,Absent
5001,2222,7,Aye
5002,2222,1,Aye
5003,2222,17,Aye
5004,2222,8,Aye
5005,2222,9,Aye
5006,2222,16,Aye
5007,2222,21,Absent
5008,2223,7,Aye
5009,2223,1,Aye
5010,2223,17,Aye
5011,2223,8,Aye
5012,2223,9,Aye
5013,2223,16,Aye
5014,2223,21,Absent
5015,2224,7,Aye
5016,2224,1,Aye
5017,2224,17,Aye
5018,2224,8,Aye
5019,2224,9,Aye
5020,2224,16,Aye
5021,2224,21,Absent
5022,2225,7,Aye
5023,2225,1,Aye
5024,2225,17,Aye
5025,2225,8,Aye
5026,2225,9,Aye
5027,2225,16,Aye
5028,2225,21,Absent
5029,2226,7,Aye
5030,2226,1,Aye
5031,2226,17,Aye
5032,2226,8,Aye
5033,2226,9,Aye
5034,2226,16,Aye
5035,2226,21,Absent
5036,2227,7,Aye
5037,2227,1,Aye
5038,2227,17,Nay
5039,2227,8,Aye
5040,2227,9,Aye
5041,2227,16,Aye
5042,2227,21,Absent
5043,2228,7,Aye
5044,2228,1,Aye
5045,2228,17,Aye
5046,2228,8,Aye
5047,2228,9,Aye
5048,2228,16,Aye
5049,2228,21,Absent
5050,2229,7,Aye
5051,2229,1,Aye
5052,2229,17,Aye
5053,2229,8,Aye
5054,2229,9,Aye
5055,2229,16,Aye
5056,2229,21,Absent
5057,2230,7,Aye
5058,2230,1,Aye
5059,2230,17,Aye
5060,2230,8,Aye
5061,2230,9,Aye
5062,2230,16,Aye
5063,2230,21,Absent
5064,2231,7,Aye
5065,2231,1,Aye
5066,2231,17,Aye
5067,2231,8,Aye
5068,2231,9,Aye
5069,2231,16,Aye
5070,2231,21,Absent
5071,2232,7,Aye
5072,2232,1,Aye
5073,2232,17,Aye
5074,2232,8,Aye
5075,2232,9,Aye
5076,2232,21,Aye
5077,2232,16,Aye
5078,2233,7,Aye
5079,2233,1,Aye
5080,2233,17,Aye
5081,2233,8,Aye
5082,2234,7,Aye
5083,2234,1,Aye
5084,2234,17,Aye
5085,2234,8,Aye
5086,2234,16,Aye
5087,2234,21,Absent
5088,2234,9,Absent
5089,2235,7,Aye
5090,2235,1,Aye
5091,2235,17,Aye
5092,2235,8,Aye
5093,2235,16,Aye
5094,2235,21,Absent
5095,2235,9,Absent
5096,2236,7,Aye
5097,2236,1,Aye
5098,2236,17,Aye
5099,2236,8,Aye
5100,2236,9,Aye
5101,2236,16,Aye
5102,2236,21,Aye
5103,2237,7,Aye
5104,2237,1,Aye
5105,2237,17,Aye
5106,2237,8,Aye
5107,2237,9,Aye
5108,2237,16,Aye
5109,2237,21,Aye
5110,2238,7,Aye
5111,2238,1,Aye
5112,2238,17,Aye
5113,2238,8,Aye
5114,2238,9,Aye
5115,2238,16,Aye
5116,2238,21,Aye
5117,2239,7,Aye
5118,2239,1,Aye
5119,2239,17,Aye
5120,2239,8,Aye
5121,2239,9,Aye
5122,2239,16,Aye
5123,2239,21,Aye
5124,2240,7,Aye
5125,2240,1,Aye
5126,2240,17,Aye
5127,2240,8,Aye
5128,2240,9,Aye
5129,2240,21,Aye
5130,2240,16,Aye
5131,2241,7,Aye
5132,2241,1,Aye
5133,2241,17,Aye
5134,2241,8,Aye
5135,2241,9,Aye
5136,2241,21,Aye
5137,2241,16,Aye
5138,2242,7,Aye
5139,2242,1,Aye
5140,2242,17,Aye
5141,2242,8,Aye
5142,2242,9,Aye
5143,2242,21,Aye
5144,2242,16,Aye
5145,2243,7,Aye
5146,2243,1,Aye
5147,2243,17,Aye
5148,2243,8,Aye
5149,2243,9,Aye
5150,2243,16,Aye
5151,2243,21,Aye
5152,2245,7,Aye
5153,2245,1,Aye
5154,2245,17,Aye
5155,2245,8,Aye
5156,2245,9,Aye
5157,2245,21,Aye
5158,2245,16,Aye
5159,2246,7,Aye
5160,2246,1,Aye
5161,2246,17,Aye
5162,2246,8,Aye
5163,2246,9,Aye
5164,2246,21,Aye
5165,2246,16,Aye
5166,2247,7,Aye
5167,2247,1,Aye
5168,2247,17,Aye
5169,2247,8,Aye
5170,2247,9,Aye
5171,2247,21,Aye
5172,2247,16,Aye
5173,2248,7,Aye
5174,2248,1,Aye
5175,2248,17,Aye
5176,2248,8,Aye
5177,2248,9,Aye
5178,2248,21,Aye
5179,2248,16,Aye
5180,2249,7,Aye
5181,2249,1,Aye
5182,2249,17,Aye
5183,2249,8,Aye
5184,2249,9,Aye
5185,2249,21,Aye
5186,2249,16,Aye
5187,2250,7,Aye
5188,2250,1,Aye
5189,2250,17,Aye
5190,2250,8,Aye
5191,2250,9,Aye
5192,2250,21,Aye
5193,2250,16,Aye
5194,2251,7,Aye
5195,2251,1,Aye
5196,2251,17,Aye
5197,2251,8,Aye
5198,2251,9,Aye
5199,2251,16,Aye
5200,2251,21,Aye
5201,2252,7,Aye
5202,2252,1,Aye
5203,2252,17,Aye
5204,2252,8,Aye
5205,2252,9,Aye
5206,2252,16,Aye
5207,2252,21,Aye
5208,2253,7,Aye
5209,2253,1,Aye
5210,2253,17,Aye
5211,2253,8,Aye
5212,2253,9,Aye
5213,2253,16,Aye
5214,2253,21,Aye
5215,2254,7,Aye
5216,2254,1,Aye
5217,2254,17,Aye
5218,2254,8,Aye
5219,2254,9,Aye
5220,2254,21,Aye
5221,2254,16,Aye
5222,2255,7,Aye
5223,2255,1,Aye
5224,2255,17,Aye
5225,2255,8,Aye
5226,2255,9,Aye
5227,2255,16,Aye
5228,2255,21,Aye
5229,2256,7,Aye
5230,2256,1,Aye
5231,2256,17,Aye
5232,2256,8,Aye
5233,2256,9,Aye
5234,2256,16,Aye
5235,2256,21,Aye
5236,2257,7,Aye
5237,2257,1,Aye
5238,2257,17,Aye
5239,2257,8,Aye
5240,2257,9,Aye
5241,2257,16,Aye
5242,2257,21,Aye
5243,2258,7,Aye
5244,2258,1,Aye
5245,2258,17,Aye
5246,2258,8,Aye
5247,2258,9,Aye
5248,2258,16,Aye
5249,2258,21,Aye
5250,2259,7,Aye
5251,2259,1,Aye
5252,2259,17,Aye
5253,2259,8,Aye
5254,2259,9,Aye
5255,2259,16,Aye
5256,2259,21,Aye
5257,2260,7,Aye
5258,2260,1,Aye
5259,2260,17,Aye
5260,2260,8,Aye
5261,2260,9,Aye
5262,2260,16,Aye
5263,2260,21,Aye
5264,2261,7,Aye
5265,2261,1,Aye
5266,2261,17,Aye
5267,2261,8,Aye
5268,2261,9,Aye
5269,2261,16,Aye
5270,2261,21,Aye
5271,2262,7,Aye
5272,2262,1,Aye
5273,2262,17,Aye
5274,2262,8,Aye
5275,2262,9,Aye
5276,2262,16,Aye
5277,2262,21,Aye
5278,2263,7,Aye
5279,2263,1,Aye
5280,2263,17,Aye
5281,2263,8,Aye
5282,2263,9,Aye
5283,2263,16,Aye
5284,2263,21,Aye
5285,2264,7,Aye
5286,2264,1,Aye
5287,2264,17,Aye
5288,2264,8,Aye
5289,2264,9,Aye
5290,2264,16,Aye
5291,2264,21,Aye
5292,2265,7,Aye
5293,2265,1,Aye
5294,2265,17,Aye
5295,2265,8,Aye
5296,2265,9,Aye
5297,2265,16,Aye
5298,2265,21,Aye
5299,2266,7,Aye
5300,2266,1,Aye
5301,2266,17,Aye
5302,2266,8,Aye
5303,2266,9,Aye
5304,2266,16,Aye
5305,2266,21,Aye
5306,2267,7,Aye
5307,2267,1,Aye
5308,2267,17,Aye
5309,2267,8,Aye
5310,2267,9,Aye
5311,2267,16,Aye
5312,2267,21,Aye
5313,2268,7,Aye
5314,2268,1,Aye
5315,2268,17,Aye
5316,2268,8,Aye
5317,2268,9,Aye
5318,2268,16,Aye
5319,2268,21,Aye
5320,2269,7,Aye
5321,2269,17,Aye
5322,2269,8,Aye
5323,2269,9,Aye
5324,2269,16,Aye
5325,2269,21,Aye
5326,2269,1,Absent
5327,2270,7,Aye
5328,2270,17,Aye
5329,2270,8,Aye
5330,2270,9,Aye
5331,2270,16,Aye
5332,2270,21,Aye
5333,2270,1,Absent
5334,2271,7,Aye
5335,2271,17,Aye
5336,2271,8,Aye
5337,2271,9,Aye
5338,2271,16,Aye
5339,2271,21,Aye
5340,2271,1,Absent
5341,2272,17,Aye
5342,2272,8,Aye
5343,2272,9,Aye
5344,2272,16,Aye
5345,2272,21,Aye
5346,2272,7,Nay
5347,2272,1,Absent
5348,2273,7,Aye
5349,2273,8,Aye
5350,2273,9,Aye
5351,2273,16,Aye
5352,2273,21,Aye
5353,2273,1,Absent
5354,2273,17,Abstain
5355,2274,7,Aye
5356,2274,17,Aye
5357,2274,8,Aye
5358,2274,9,Aye
5359,2274,16,Aye
5360,2274,21,Aye
5361,2274,1,Absent
5362,2275,7,Aye
5363,2275,17,Aye
5364,2275,8,Aye
5365,2275,9,Aye
5366,2275,16,Aye
5367,2275,21,Aye
5368,2275,1,Absent
5369,2276,7,Aye
5370,2276,17,Aye
5371,2276,8,Aye
5372,2276,9,Aye
5373,2276,16,Aye
5374,2276,21,Aye
5375,2276,1,Absent
5376,2277,7,Aye
5377,2277,17,Aye
5378,2277,8,Aye
5379,2277,9,Aye
5380,2277,16,Aye
5381,2277,21,Aye
5382,2277,1,Absent
5383,2278,7,Aye
5384,2278,17,Aye
5385,2278,8,Aye
5386,2278,9,Aye
5387,2278,16,Aye
5388,2278,21,Aye
5389,2278,1,Absent
5390,2279,17,Aye
5391,2279,8,Aye
5392,2279,9,Aye
5393,2279,16,Aye
5394,2279,21,Aye
5395,2279,7,Nay
5396,2279,1,Absent
5397,2280,7,Aye
5398,2280,17,Aye
5399,2280,8,Aye
5400,2280,9,Aye
5401,2280,16,Aye
5402,2280,21,Aye
5403,2280,1,Absent
5404,2281,7,Aye
5405,2281,17,Aye
5406,2281,8,Aye
5407,2281,9,Aye
5408,2281,16,Aye
5409,2281,21,Aye
5410,2281,1,Absent
5411,2282,7,Aye
5412,2282,17,Aye
5413,2282,8,Aye
5414,2282,9,Aye
5415,2282,16,Aye
5416,2282,21,Aye
5417,2282,1,Absent
5418,2283,7,Aye
5419,2283,17,Aye
5420,2283,8,Aye
5421,2283,9,Aye
5422,2283,16,Aye
5423,2283,21,Aye
5424,2283,1,Absent
5425,2284,7,Aye
5426,2284,1,Aye
5427,2284,17,Aye
5428,2284,8,Aye
5429,2284,9,Aye
5430,2284,16,Aye
5431,2284,21,Aye
5432,2285,7,Aye
5433,2285,17,Aye
5434,2285,8,Aye
5435,2285,9,Aye
5436,2285,16,Aye
5437,2285,21,Aye
5438,2285,1,Abstain
5439,2286,7,Aye
5440,2286,1,Aye
5441,2286,17,Aye
5442,2286,8,Aye
5443,2286,9,Aye
5444,2286,16,Aye
5445,2286,21,Aye
5446,2287,7,Aye
5447,2287,1,Aye
5448,2287,17,Aye
5449,2287,8,Aye
5450,2287,9,Aye
5451,2287,16,Aye
5452,2287,21,Aye
5453,2288,7,Aye
5454,2288,1,Aye
5455,2288,17,Aye
5456,2288,8,Aye
5457,2288,9,Aye
5458,2288,16,Aye
5459,2288,21,Aye
5460,2289,7,Aye
5461,2289,1,Aye
5462,2289,17,Aye
5463,2289,8,Aye
5464,2289,9,Aye
5465,2289,16,Aye
5466,2289,21,Aye
5467,2290,7,Aye
5468,2290,1,Aye
5469,2290,17,Aye
5470,2290,8,Aye
5471,2290,9,Aye
5472,2290,16,Aye
5473,2290,21,Aye
5474,2291,7,Aye
5475,2291,1,Aye
5476,2291,17,Aye
5477,2291,8,Aye
5478,2291,9,Aye
5479,2291,16,Aye
5480,2291,21,Aye
5481,2292,7,Aye
5482,2292,1,Aye
5483,2292,17,Aye
5484,2292,8,Aye
5485,2292,9,Aye
5486,2292,16,Aye
5487,2292,21,Aye
5488,2293,7,Aye
5489,2293,1,Aye
5490,2293,17,Aye
5491,2293,8,Aye
5492,2293,9,Aye
5493,2293,16,Aye
5494,2293,21,Aye
5495,2294,7,Aye
5496,2294,1,Aye
5497,2294,17,Aye
5498,2294,9,Aye
5499,2294,16,Aye
5500,2294,21,Aye
5501,2294,8,Abstain
5502,2295,7,Aye
5503,2295,1,Aye
5504,2295,17,Aye
5505,2295,8,Aye
5506,2295,9,Aye
5507,2295,16,Aye
5508,2295,21,Aye
5509,2297,7,Aye
5510,2297,1,Aye
5511,2297,17,Aye
5512,2297,8,Aye
5513,2297,9,Aye
5514,2297,16,Aye
5515,2297,21,Aye
5516,2298,7,Aye
5517,2298,1,Aye
5518,2298,17,Aye
5519,2298,8,Aye
5520,2298,9,Aye
5521,2298,16,Aye
5522,2298,21,Aye
5523,2299,7,Aye
5524,2299,1,Aye
5525,2299,17,Aye
5526,2299,8,Aye
5527,2299,9,Aye
5528,2299,16,Aye
5529,2299,21,Aye
5530,2300,7,Aye
5531,2300,1,Aye
5532,2300,17,Aye
5533,2300,8,Aye
5534,2300,9,Aye
5535,2300,16,Aye
5536,2300,21,Aye
5537,2301,7,Aye
5538,2301,1,Aye
5539,2301,17,Aye
5540,2301,8,Aye
5541,2301,9,Aye
5542,2301,16,Aye
5543,2301,21,Aye
5544,2302,7,Aye
5545,2302,1,Aye
5546,2302,8,Aye
5547,2302,9,Aye
5548,2302,17,Nay
5549,2302,16,Nay
5550,2302,21,Nay
5551,2303,7,Aye
5552,2303,1,Aye
5553,2303,17,Aye
5554,2303,8,Aye
5555,2303,9,Aye
5556,2303,16,Aye
5557,2303,21,Aye
5558,2304,7,Aye
5559,2304,1,Aye
5560,2304,17,Aye
5561,2304,9,Aye
5562,2304,16,Aye
5563,2304,21,Aye
5564,2304,8,Abstain
5565,2305,7,Aye
5566,2305,1,Aye
5567,2305,17,Aye
5568,2305,9,Aye
5569,2305,8,Aye
5570,2305,16,Aye
5571,2305,21,Aye
5572,2306,7,Aye
5573,2306,1,Aye
5574,2306,17,Aye
5575,2306,8,Aye
5576,2306,9,Aye
5577,2306,16,Aye
5578,2306,21,Aye
5579,2307,7,Aye
5580,2307,1,Aye
5581,2307,17,Aye
5582,2307,8,Aye
5583,2307,9,Aye
5584,2307,16,Aye
5585,2307,21,Aye
5586,2308,7,Aye
5587,2308,1,Aye
5588,2308,17,Aye
5589,2308,8,Aye
5590,2308,9,Aye
5591,2308,16,Aye
5592,2308,21,Aye
5593,2309,7,Aye
5594,2309,1,Aye
5595,2309,17,Aye
5596,2309,8,Aye
5597,2309,9,Aye
5598,2309,16,Aye
5599,2309,21,Aye
5600,2310,7,Aye
5601,2310,1,Aye
5602,2310,17,Aye
5603,2310,8,Aye
5604,2310,9,Aye
5605,2310,16,Aye
5606,2310,21,Aye
5607,2311,7,Aye
5608,2311,1,Aye
5609,2311,17,Aye
5610,2311,8,Aye
5611,2311,9,Aye
5612,2311,16,Aye
5613,2311,21,Aye
5614,2312,7,Aye
5615,2312,1,Aye
5616,2312,17,Aye
5617,2312,8,Aye
5618,2312,9,Aye
5619,2312,16,Aye
5620,2312,21,Aye
5621,2313,7,Aye
5622,2313,1,Aye
5623,2313,17,Aye
5624,2313,8,Aye
5625,2313,9,Aye
5626,2313,16,Aye
5627,2313,21,Aye
5628,2314,7,Aye
5629,2314,1,Aye
5630,2314,17,Aye
5631,2314,8,Aye
5632,2314,9,Aye
5633,2314,16,Aye
5634,2314,21,Aye
5635,2315,7,Aye
5636,2315,1,Aye
5637,2315,17,Aye
5638,2315,8,Aye
5639,2315,9,Aye
5640,2315,16,Aye
5641,2315,21,Aye
5642,2316,7,Aye
5643,2316,1,Aye
5644,2316,17,Aye
5645,2316,8,Aye
5646,2316,9,Aye
5647,2316,16,Aye
5648,2316,21,Aye
5649,2317,7,Aye
5650,2317,1,Aye
5651,2317,17,Aye
5652,2317,8,Aye
5653,2317,9,Aye
5654,2317,16,Aye
5655,2317,21,Aye
5656,2318,7,Aye
5657,2318,1,Aye
5658,2318,17,Aye
5659,2318,8,Aye
5660,2318,9,Aye
5661,2318,16,Aye
5662,2318,21,Aye
5663,2319,7,Aye
5664,2319,1,Aye
5665,2319,17,Aye
5666,2319,9,Aye
5667,2319,16,Aye
5668,2319,21,Aye
5669,2319,8,Abstain
5670,2320,7,Aye
5671,2320,1,Aye
5672,2320,17,Aye
5673,2320,8,Aye
5674,2320,9,Aye
5675,2320,16,Aye
5676,2320,21,Aye
5677,2321,7,Aye
5678,2321,1,Aye
5679,2321,17,Aye
5680,2321,8,Aye
5681,2321,9,Aye
5682,2321,16,Aye
5683,2321,21,Aye
5684,2322,7,Aye
5685,2322,1,Aye
5686,2322,17,Aye
5687,2322,8,Aye
5688,2322,9,Aye
5689,2322,16,Aye
5690,2322,21,Aye
5691,2323,7,Aye
5692,2323,1,Aye
5693,2323,17,Aye
5694,2323,8,Aye
5695,2323,9,Aye
5696,2323,16,Aye
5697,2323,21,Aye
5698,2324,7,Aye
5699,2324,1,Aye
5700,2324,17,Aye
5701,2324,8,Aye
5702,2324,9,Aye
5703,2324,16,Aye
5704,2324,21,Aye
5705,2325,7,Aye
5706,2325,1,Aye
5707,2325,17,Aye
5708,2325,8,Aye
5709,2325,9,Aye
5710,2325,16,Aye
5711,2325,21,Aye
5712,2326,7,Aye
5713,2326,1,Aye
5714,2326,17,Aye
5715,2326,8,Aye
5716,2326,9,Aye
5717,2326,16,Aye
5718,2326,21,Aye
5719,2327,7,Aye
5720,2327,1,Aye
5721,2327,17,Aye
5722,2327,8,Aye
5723,2327,9,Aye
5724,2327,16,Aye
5725,2327,21,Aye
5726,2328,7,Aye
5727,2328,1,Aye
5728,2328,17,Aye
5729,2328,8,Aye
5730,2328,9,Aye
5731,2328,16,Aye
5732,2328,21,Aye
5733,2329,7,Aye
5734,2329,1,Aye
5735,2329,17,Aye
5736,2329,8,Aye
5737,2329,9,Aye
5738,2329,16,Aye
5739,2329,21,Aye
5740,2330,7,Aye
5741,2330,1,Aye
5742,2330,17,Aye
5743,2330,8,Aye
5744,2330,9,Aye
5745,2330,16,Aye
5746,2330,21,Aye
5747,2331,7,Aye
5748,2331,1,Aye
5749,2331,17,Aye
5750,2331,8,Aye
5751,2331,9,Aye
5752,2331,16,Aye
5753,2331,21,Aye
5754,2332,7,Aye
5755,2332,1,Aye
5756,2332,17,Aye
5757,2332,8,Aye
5758,2332,9,Aye
5759,2332,16,Aye
5760,2332,21,Aye
5761,2333,7,Aye
5762,2333,1,Aye
5763,2333,17,Aye
5764,2333,8,Aye
5765,2333,9,Aye
5766,2333,16,Aye
5767,2333,21,Aye
5768,2334,7,Aye
5769,2334,1,Aye
5770,2334,17,Aye
5771,2334,8,Aye
5772,2334,9,Aye
5773,2334,16,Aye
5774,2334,21,Aye
5775,2335,7,Aye
5776,2335,1,Aye
5777,2335,17,Aye
5778,2335,8,Aye
5779,2335,9,Aye
5780,2335,16,Aye
5781,2335,21,Aye
5782,2336,7,Aye
5783,2336,1,Aye
5784,2336,17,Aye
5785,2336,8,Aye
5786,2336,9,Aye
5787,2336,16,Aye
5788,2336,21,Aye
5789,2337,7,Aye
5790,2337,1,Aye
5791,2337,17,Aye
5792,2337,8,Aye
5793,2337,9,Aye
5794,2337,16,Aye
5795,2337,21,Aye
5796,2338,7,Aye
5797,2338,1,Aye
5798,2338,17,Aye
5799,2338,8,Aye
5800,2338,9,Aye
5801,2338,16,Aye
5802,2338,21,Aye
5803,2339,7,Aye
5804,2339,1,Aye
5805,2339,17,Aye
5806,2339,8,Aye
5807,2339,9,Aye
5808,2339,16,Aye
5809,2339,21,Aye
5810,2340,7,Aye
5811,2340,1,Aye
5812,2340,17,Aye
5813,2340,8,Aye
5814,2340,9,Aye
5815,2340,16,Aye
5816,2340,21,Aye
5817,2341,7,Aye
5818,2341,1,Aye
5819,2341,17,Aye
5820,2341,8,Aye
5821,2341,9,Aye
5822,2341,21,Aye
5823,2341,16,Absent
5824,2342,7,Aye
5825,2342,1,Aye
5826,2342,17,Aye
5827,2342,8,Aye
5828,2342,9,Aye
5829,2342,16,Aye
5830,2342,21,Aye
5831,2343,7,Aye
5832,2343,1,Aye
5833,2343,17,Aye
5834,2343,8,Aye
5835,2343,9,Aye
5836,2343,16,Aye
5837,2343,21,Aye
5838,2344,7,Aye
5839,2344,1,Aye
5840,2344,17,Aye
5841,2344,8,Aye
5842,2344,9,Aye
5843,2344,16,Aye
5844,2344,21,Aye
5845,2345,7,Aye
5846,2345,1,Aye
5847,2345,17,Aye
5848,2345,8,Aye
5849,2345,9,Aye
5850,2345,16,Aye
5851,2345,21,Aye
5852,2346,7,Aye
5853,2346,1,Aye
5854,2346,17,Aye
5855,2346,8,Aye
5856,2346,9,Aye
5857,2346,16,Aye
5858,2346,21,Aye
5859,2347,7,Aye
5860,2347,1,Aye
5861,2347,17,Aye
5862,2347,8,Aye
5863,2347,9,Aye
5864,2347,16,Aye
5865,2347,21,Aye
5866,2348,7,Aye
5867,2348,1,Aye
5868,2348,17,Aye
5869,2348,8,Aye
5870,2348,9,Aye
5871,2348,16,Aye
5872,2348,21,Aye
5873,2349,7,Aye
5874,2349,1,Aye
5875,2349,17,Aye
5876,2349,8,Aye
5877,2349,9,Aye
5878,2349,16,Aye
5879,2349,21,Aye
5880,2350,7,Aye
5881,2350,1,Aye
5882,2350,17,Aye
5883,2350,8,Aye
5884,2350,9,Aye
5885,2350,16,Aye
5886,2350,21,Aye
5887,2351,7,Aye
5888,2351,1,Aye
5889,2351,17,Aye
5890,2351,8,Aye
5891,2351,9,Aye
5892,2351,16,Aye
5893,2351,21,Aye
5894,2352,7,Aye
5895,2352,1,Aye
5896,2352,17,Aye
5897,2352,8,Aye
5898,2352,9,Aye
5899,2352,16,Aye
5900,2352,21,Aye
5901,2353,7,Aye
5902,2353,1,Aye
5903,2353,9,Aye
5904,2353,21,Nay
5905,2353,17,Nay
5906,2353,8,Abstain
5907,2353,16,Abstain
5908,2354,7,Aye
5909,2354,1,Aye
5910,2354,17,Aye
5911,2354,8,Aye
5912,2354,9,Aye
5913,2354,16,Aye
5914,2354,21,Aye
5915,2355,7,Aye
5916,2355,1,Aye
5917,2355,17,Aye
5918,2355,8,Aye
5919,2355,9,Aye
5920,2355,16,Aye
5921,2355,21,Aye
5922,2356,7,Aye
5923,2356,1,Aye
5924,2356,17,Aye
5925,2356,8,Aye
5926,2356,9,Aye
5927,2356,16,Aye
5928,2356,21,Aye
5929,2357,7,Aye
5930,2357,1,Aye
5931,2357,17,Aye
5932,2357,8,Aye
5933,2358,7,Aye
5934,2358,1,Aye
5935,2358,17,Aye
5936,2358,8,Aye
5937,2358,9,Aye
5938,2358,16,Aye
5939,2358,21,Aye
5940,2359,7,Aye
5941,2359,1,Aye
5942,2359,17,Aye
5943,2359,8,Aye
5944,2359,9,Aye
5945,2360,7,Aye
5946,2360,1,Aye
5947,2360,17,Aye
5948,2360,8,Aye
5949,2360,9,Aye
5950,2361,7,Aye
5951,2361,1,Aye
5952,2361,8,Aye
5953,2361,9,Aye
5954,2362,7,Aye
5955,2362,1,Aye
5956,2362,8,Aye
5957,2362,9,Aye
5958,2362,16,Aye
5959,2362,21,Aye
5960,2363,1,Aye
5961,2363,17,Aye
5962,2363,8,Aye
5963,2364,7,Aye
5964,2364,1,Aye
5965,2364,17,Aye
5966,2364,8,Aye
5967,2364,9,Aye
5968,2364,16,Aye
5969,2364,21,Aye
5970,2365,7,Aye
5971,2365,1,Aye
5972,2365,17,Aye
5973,2365,8,Aye
5974,2365,9,Aye
5975,2365,16,Aye
5976,2365,21,Aye
5977,2366,7,Aye
5978,2366,1,Aye
5979,2366,17,Aye
5980,2366,8,Aye
5981,2366,9,Aye
5982,2366,16,Aye
5983,2366,21,Aye
5984,2368,7,Aye
5985,2368,1,Aye
5986,2368,17,Aye
5987,2368,8,Aye
5988,2368,9,Aye
5989,2369,7,Aye
5990,2369,1,Aye
5991,2369,17,Aye
5992,2369,8,Aye
5993,2369,9,Aye
5994,2369,16,Aye
5995,2370,7,Aye
5996,2370,1,Aye
5997,2370,17,Aye
5998,2370,8,Aye
5999,2370,9,Aye
6000,2370,16,Aye
6001,2370,21,Aye
6002,2371,7,Aye
6003,2371,1,Aye
6004,2371,17,Aye
6005,2371,8,Aye
6006,2371,9,Aye
6007,2371,16,Aye
6008,2371,21,Aye
6009,2372,7,Aye
6010,2372,1,Aye
6011,2372,17,Aye
6012,2372,8,Aye
6013,2372,9,Aye
6014,2372,16,Aye
6015,2372,21,Aye
6016,2373,7,Aye
6017,2373,1,Aye
6018,2373,17,Aye
6019,2373,8,Aye
6020,2373,9,Aye
6021,2373,16,Aye
6022,2373,21,Aye
6023,2374,7,Aye
6024,2374,1,Aye
6025,2374,17,Aye
6026,2374,8,Aye
6027,2374,9,Aye
6028,2374,16,Aye
6029,2374,21,Aye
6030,2375,7,Aye
6031,2375,1,Aye
6032,2375,17,Aye
6033,2375,8,Aye
6034,2375,9,Aye
6035,2375,16,Aye
6036,2375,21,Aye
6037,2376,7,Aye
6038,2376,1,Aye
6039,2376,17,Aye
6040,2376,8,Aye
6041,2376,9,Aye
6042,2376,16,Aye
6043,2376,21,Aye
6044,2377,7,Aye
6045,2377,1,Aye
6046,2377,8,Aye
6047,2377,9,Aye
6048,2377,16,Aye
6049,2377,17,Nay
6050,2377,21,Nay
6051,2378,7,Aye
6052,2378,1,Aye
6053,2378,8,Aye
6054,2378,9,Aye
6055,2378,16,Aye
6056,2378,17,Aye
6057,2378,21,Aye
6058,2379,7,Aye
6059,2379,1,Aye
6060,2379,17,Aye
6061,2379,8,Aye
6062,2379,9,Aye
6063,2379,16,Aye
6064,2379,21,Aye
6065,2380,7,Aye
6066,2380,1,Aye
6067,2380,17,Aye
6068,2380,8,Aye
6069,2380,9,Aye
6070,2380,16,Aye
6071,2380,21,Recuse
6072,2381,7,Aye
6073,2381,1,Aye
6074,2381,17,Aye
6075,2381,8,Aye
6076,2381,9,Aye
6077,2381,16,Aye
6078,2381,21,Aye
6079,2382,7,Aye
6080,2382,1,Aye
6081,2382,17,Aye
6082,2382,8,Aye
6083,2382,9,Aye
6084,2382,16,Aye
6085,2382,21,Aye
6086,2383,7,Aye
6087,2383,1,Aye
6088,2383,17,Aye
6089,2383,8,Aye
6090,2383,9,Aye
6091,2383,16,Aye
6092,2383,21,Aye
6093,2384,7,Aye
6094,2384,1,Aye
6095,2384,17,Aye
6096,2384,8,Aye
6097,2384,9,Aye
6098,2384,16,Aye
6099,2384,21,Aye
6100,2385,7,Aye
6101,2385,1,Aye
6102,2385,17,Aye
6103,2385,8,Aye
6104,2385,9,Aye
6105,2385,16,Aye
6106,2385,21,Aye
6107,2386,7,Aye
6108,2386,1,Aye
6109,2386,17,Aye
6110,2386,8,Aye
6111,2386,9,Aye
6112,2386,16,Aye
6113,2386,21,Aye
6114,2387,7,Aye
6115,2387,1,Aye
6116,2387,17,Aye
6117,2387,8,Aye
6118,2387,9,Aye
6119,2387,16,Aye
6120,2387,21,Aye
6121,2388,7,Aye
6122,2388,1,Aye
6123,2388,17,Aye
6124,2388,8,Aye
6125,2388,9,Aye
6126,2388,16,Aye
6127,2388,21,Aye
6128,2389,7,Aye
6129,2389,1,Aye
6130,2389,17,Aye
6131,2389,8,Aye
6132,2389,9,Aye
6133,2389,16,Aye
6134,2389,21,Aye
6135,2390,7,Aye
6136,2390,1,Aye
6137,2390,17,Aye
6138,2390,8,Aye
6139,2390,9,Aye
6140,2390,16,Aye
6141,2390,21,Aye
6142,2391,7,Aye
6143,2391,1,Aye
6144,2391,17,Aye
6145,2391,8,Aye
6146,2391,9,Aye
6147,2391,16,Aye
6148,2391,21,Aye
6149,2392,7,Aye
6150,2392,1,Aye
6151,2392,17,Aye
6152,2392,8,Aye
6153,2392,9,Aye
6154,2392,16,Aye
6155,2392,21,Aye
6156,2393,7,Aye
6157,2393,1,Aye
6158,2393,17,Aye
6159,2393,8,Aye
6160,2393,9,Aye
6161,2393,16,Aye
6162,2393,21,Aye
6163,2394,7,Aye
6164,2394,1,Aye
6165,2394,17,Aye
6166,2394,8,Aye
6167,2394,9,Aye
6168,2394,16,Aye
6169,2394,21,Aye
6170,2395,7,Aye
6171,2395,1,Aye
6172,2395,17,Aye
6173,2395,8,Aye
6174,2395,9,Aye
6175,2395,16,Aye
6176,2395,21,Aye
6177,2396,7,Aye
6178,2396,1,Aye
6179,2396,17,Aye
6180,2396,8,Aye
6181,2396,9,Aye
6182,2396,16,Aye
6183,2396,21,Aye
6184,2397,7,Aye
6185,2397,1,Aye
6186,2397,17,Aye
6187,2397,8,Aye
6188,2397,9,Aye
6189,2397,16,Aye
6190,2397,21,Aye
6191,2398,7,Aye
6192,2398,1,Aye
6193,2398,17,Aye
6194,2398,8,Aye
6195,2398,9,Aye
6196,2398,16,Aye
6197,2398,21,Aye
6198,2399,7,Aye
6199,2399,1,Aye
6200,2399,17,Aye
6201,2399,8,Aye
6202,2399,9,Aye
6203,2399,16,Aye
6204,2399,21,Aye
6205,2400,7,Aye
6206,2400,1,Aye
6207,2400,17,Aye
6208,2400,8,Aye
6209,2400,9,Aye
6210,2400,16,Aye
6211,2400,21,Aye
6212,2401,7,Aye
6213,2401,1,Aye
6214,2401,17,Aye
6215,2401,8,Aye
6216,2401,9,Aye
6217,2401,16,Aye
6218,2401,21,Aye
6219,2402,7,Aye
6220,2402,1,Aye
6221,2402,17,Aye
6222,2402,8,Aye
6223,2402,9,Aye
6224,2403,7,Aye
6225,2403,1,Aye
6226,2403,17,Aye
6227,2403,8,Aye
6228,2403,9,Aye
6229,2403,16,Aye
6230,2403,21,Aye
6231,2404,7,Aye
6232,2404,1,Aye
6233,2404,17,Aye
6234,2404,8,Aye
6235,2404,9,Aye
6236,2404,16,Aye
6237,2404,21,Aye
6238,2406,7,Aye
6239,2406,1,Aye
6240,2406,17,Aye
6241,2406,8,Aye
6242,2406,9,Aye
6243,2406,16,Aye
6244,2406,21,Aye
6245,2407,7,Aye
6246,2407,1,Aye
6247,2407,17,Aye
6248,2407,8,Aye
6249,2407,9,Aye
6250,2407,16,Aye
6251,2407,21,Aye
6252,2408,17,Aye
6253,2408,8,Aye
6254,2408,9,Aye
6255,2408,16,Aye
6256,2409,7,Aye
6257,2409,1,Aye
6258,2409,17,Aye
6259,2409,8,Aye
6260,2409,9,Aye
6261,2409,16,Aye
6262,2409,21,Aye
6263,2410,7,Aye
6264,2410,1,Aye
6265,2410,17,Aye
6266,2410,8,Aye
6267,2410,9,Aye
6268,2410,16,Aye
6269,2410,21,Aye
6270,2411,7,Aye
6271,2411,1,Aye
6272,2411,17,Aye
6273,2411,8,Aye
6274,2411,9,Aye
6275,2411,16,Aye
6276,2411,21,Aye
6277,2412,7,Aye
6278,2412,1,Aye
6279,2412,17,Aye
6280,2412,8,Aye
6281,2412,9,Aye
6282,2412,16,Aye
6283,2412,21,Aye
6284,2413,7,Aye
6285,2413,1,Aye
6286,2413,17,Aye
6287,2413,8,Aye
6288,2413,9,Aye
6289,2413,16,Aye
6290,2413,21,Aye
6291,2414,7,Aye
6292,2414,1,Aye
6293,2414,17,Aye
6294,2414,8,Aye
6295,2414,9,Aye
6296,2414,16,Aye
6297,2414,21,Aye
6298,2415,7,Aye
6299,2415,1,Aye
6300,2415,17,Aye
6301,2415,8,Aye
6302,2415,9,Aye
6303,2415,16,Aye
6304,2415,21,Aye
6305,2416,7,Aye
6306,2416,1,Aye
6307,2416,17,Aye
6308,2416,8,Aye
6309,2416,9,Aye
6310,2416,16,Aye
6311,2416,21,Aye
6312,2417,7,Aye
6313,2417,1,Aye
6314,2417,17,Aye
6315,2417,8,Aye
6316,2417,9,Aye
6317,2417,16,Aye
6318,2417,21,Aye
6319,2418,7,Aye
6320,2418,1,Aye
6321,2418,17,Aye
6322,2418,8,Aye
6323,2418,9,Aye
6324,2418,16,Aye
6325,2418,21,Aye
6326,2419,7,Aye
6327,2419,1,Aye
6328,2419,17,Aye
6329,2419,8,Aye
6330,2419,9,Aye
6331,2419,16,Aye
6332,2419,21,Aye
6333,2420,7,Aye
6334,2420,17,Aye
6335,2420,8,Aye
6336,2420,9,Aye
6337,2420,16,Aye
6338,2421,7,Aye
6339,2421,17,Aye
6340,2421,8,Aye
6341,2421,9,Aye
6342,2421,16,Aye
6343,2422,17,Aye
6344,2422,8,Aye
6345,2422,9,Aye
6346,2422,16,Aye
6347,2422,7,Abstain
6348,2423,7,Aye
6349,2423,17,Aye
6350,2423,8,Aye
6351,2423,9,Aye
6352,2423,16,Aye
6353,2424,7,Aye
6354,2424,17,Aye
6355,2424,8,Aye
6356,2424,9,Aye
6357,2424,16,Aye
6358,2425,7,Aye
6359,2425,1,Aye
6360,2425,17,Aye
6361,2425,8,Aye
6362,2425,9,Aye
6363,2425,16,Aye
6364,2426,7,Aye
6365,2426,1,Aye
6366,2426,17,Aye
6367,2426,8,Aye
6368,2426,9,Aye
6369,2426,16,Aye
6370,2426,21,Aye
6371,2427,7,Aye
6372,2427,17,Aye
6373,2427,8,Aye
6374,2427,9,Aye
6375,2427,16,Aye
6376,2427,21,Aye
6377,2427,1,Abstain
6378,2428,7,Aye
6379,2428,1,Aye
6380,2428,17,Aye
6381,2428,8,Aye
6382,2428,9,Aye
6383,2428,16,Aye
6384,2428,21,Aye
6385,2429,7,Aye
6386,2429,1,Aye
6387,2429,17,Aye
6388,2429,8,Aye
6389,2429,9,Aye
6390,2429,16,Aye
6391,2429,21,Aye
6392,2430,7,Aye
6393,2430,1,Aye
6394,2430,17,Aye
6395,2430,8,Aye
6396,2430,9,Aye
6397,2430,16,Aye
6398,2430,21,Aye
6399,2431,7,Aye
6400,2431,1,Aye
6401,2431,17,Aye
6402,2431,8,Aye
6403,2431,9,Aye
6404,2431,16,Aye
6405,2431,21,Aye
6406,2432,7,Aye
6407,2432,1,Aye
6408,2432,17,Aye
6409,2432,8,Aye
6410,2432,9,Aye
6411,2432,16,Aye
6412,2432,21,Aye
6413,2433,7,Aye
6414,2433,1,Aye
6415,2433,17,Aye
6416,2433,8,Aye
6417,2433,9,Aye
6418,2433,16,Aye
6419,2433,21,Aye
6420,2434,7,Aye
6421,2434,1,Aye
6422,2434,17,Aye
6423,2434,8,Aye
6424,2434,9,Aye
6425,2434,16,Aye
6426,2434,21,Aye
6427,2435,7,Aye
6428,2435,1,Aye
6429,2435,17,Aye
6430,2435,8,Aye
6431,2435,9,Aye
6432,2435,16,Aye
6433,2435,21,Aye
6434,2436,7,Aye
6435,2436,1,Aye
6436,2436,17,Aye
6437,2436,8,Aye
6438,2436,9,Aye
6439,2436,16,Aye
6440,2436,21,Aye
6441,2437,7,Aye
6442,2437,1,Aye
6443,2437,17,Aye
6444,2437,8,Aye
6445,2437,9,Aye
6446,2437,16,Aye
6447,2437,21,Aye
6448,2438,7,Aye
6449,2438,1,Aye
6450,2438,17,Aye
6451,2438,8,Aye
6452,2438,9,Aye
6453,2438,16,Aye
6454,2438,21,Aye
6455,2439,7,Aye
6456,2439,1,Aye
6457,2439,17,Aye
6458,2439,8,Aye
6459,2439,9,Aye
6460,2439,16,Aye
6461,2439,21,Aye
6462,2440,7,Aye
6463,2440,1,Aye
6464,2440,8,Aye
6465,2440,9,Aye
6466,2440,16,Aye
6467,2440,21,Aye
6468,2441,7,Aye
6469,2441,1,Aye
6470,2441,8,Aye
6471,2441,9,Aye
6472,2441,16,Aye
6473,2441,21,Aye
6474,2442,7,Aye
6475,2442,1,Aye
6476,2442,8,Aye
6477,2442,9,Aye
6478,2442,16,Aye
6479,2442,21,Aye
6480,2443,7,Aye
6481,2443,1,Aye
6482,2443,8,Aye
6483,2443,9,Aye
6484,2443,16,Aye
6485,2443,21,Aye
6486,2444,7,Aye
6487,2444,1,Aye
6488,2444,8,Aye
6489,2444,9,Aye
6490,2444,16,Aye
6491,2444,21,Aye
6492,2445,7,Aye
6493,2445,1,Aye
6494,2445,8,Aye
6495,2445,9,Aye
6496,2445,16,Aye
6497,2445,21,Aye
6498,2446,7,Aye
6499,2446,1,Aye
6500,2446,8,Aye
6501,2446,9,Aye
6502,2446,16,Aye
6503,2446,21,Aye
6504,2447,7,Aye
6505,2447,1,Aye
6506,2447,8,Aye
6507,2447,9,Aye
6508,2447,16,Aye
6509,2447,21,Aye
6510,2448,7,Aye
6511,2448,1,Aye
6512,2448,8,Aye
6513,2448,9,Aye
6514,2448,16,Aye
6515,2448,21,Aye
6516,2449,7,Aye
6517,2449,1,Aye
6518,2449,8,Aye
6519,2449,9,Aye
6520,2449,16,Aye
6521,2449,21,Aye
6522,2450,7,Aye
6523,2450,1,Aye
6524,2450,8,Aye
6525,2450,9,Aye
6526,2450,16,Aye
6527,2450,21,Aye
6528,2451,7,Aye
6529,2451,1,Aye
6530,2451,8,Aye
6531,2451,9,Aye
6532,2451,16,Aye
6533,2451,21,Aye
6534,2452,7,Aye
6535,2452,1,Aye
6536,2452,8,Aye
6537,2452,9,Aye
6538,2452,16,Aye
6539,2452,21,Aye
6540,2453,7,Aye
6541,2453,1,Aye
6542,2453,8,Aye
6543,2453,9,Aye
6544,2453,16,Aye
6545,2453,21,Aye
6546,2454,7,Aye
6547,2454,1,Aye
6548,2454,8,Aye
6549,2454,9,Aye
6550,2454,16,Aye
6551,2454,21,Aye
6552,2455,7,Aye
6553,2455,1,Aye
6554,2455,8,Aye
6555,2455,9,Aye
6556,2455,16,Aye
6557,2455,21,Aye
6558,2456,7,Aye
6559,2456,1,Aye
6560,2456,8,Aye
6561,2456,9,Aye
6562,2456,16,Aye
6563,2456,21,Aye
6564,2457,7,Aye
6565,2457,1,Aye
6566,2457,8,Aye
6567,2457,9,Aye
6568,2457,16,Aye
6569,2457,21,Aye
6570,2458,7,Aye
6571,2458,1,Aye
6572,2458,17,Aye
6573,2458,8,Aye
6574,2458,9,Aye
6575,2458,21,Aye
6576,2459,7,Aye
6577,2459,1,Aye
6578,2459,17,Aye
6579,2459,8,Aye
6580,2459,9,Aye
6581,2459,21,Aye
6582,2460,7,Aye
6583,2460,1,Aye
6584,2460,17,Aye
6585,2460,8,Aye
6586,2460,9,Aye
6587,2460,21,Aye
6588,2461,7,Aye
6589,2461,1,Aye
6590,2461,17,Aye
6591,2461,8,Aye
6592,2461,9,Aye
6593,2461,21,Aye
6594,2462,7,Aye
6595,2462,1,Aye
6596,2462,17,Aye
6597,2462,8,Aye
6598,2462,9,Aye
6599,2462,21,Aye
6600,2463,7,Aye
6601,2463,1,Aye
6602,2463,17,Aye
6603,2463,8,Aye
6604,2463,9,Aye
6605,2463,16,Aye
6606,2463,21,Aye
6607,2464,7,Aye
6608,2464,1,Aye
6609,2464,17,Aye
6610,2464,8,Aye
6611,2464,9,Aye
6612,2464,16,Aye
6613,2464,21,Aye
6614,2465,7,Aye
6615,2465,1,Aye
6616,2465,17,Aye
6617,2465,8,Aye
6618,2465,9,Aye
6619,2465,16,Aye
6620,2465,21,Aye
6621,2466,7,Aye
6622,2466,1,Aye
6623,2466,17,Aye
6624,2466,8,Aye
6625,2466,9,Aye
6626,2466,16,Aye
6627,2466,21,Aye
6628,2467,7,Aye
6629,2467,1,Aye
6630,2467,17,Aye
6631,2467,8,Aye
6632,2467,9,Aye
6633,2467,16,Aye
6634,2467,21,Aye
6635,2468,7,Aye
6636,2468,1,Aye
6637,2468,17,Aye
6638,2468,8,Aye
6639,2468,9,Aye
6640,2468,16,Aye
6641,2468,21,Aye
6642,2469,7,Aye
6643,2469,1,Aye
6644,2469,17,Aye
6645,2469,8,Aye
6646,2469,9,Aye
6647,2469,21,Aye
6648,2470,7,Aye
6649,2470,1,Aye
6650,2470,17,Aye
6651,2470,8,Aye
6652,2470,9,Aye
6653,2470,16,Aye
6654,2470,21,Aye
6655,2471,7,Aye
6656,2471,1,Aye
6657,2471,17,Aye
6658,2471,8,Aye
6659,2471,9,Aye
6660,2471,21,Aye
6661,2472,7,Aye
6662,2472,1,Aye
6663,2472,17,Aye
6664,2472,8,Aye
6665,2472,9,Aye
6666,2472,21,Aye
6667,2473,7,Aye
6668,2473,1,Aye
6669,2473,17,Aye
6670,2473,8,Aye
6671,2473,9,Aye
6672,2473,16,Aye
6673,2473,21,Aye
6674,2474,7,Aye
6675,2474,1,Aye
6676,2474,17,Aye
6677,2474,8,Aye
6678,2474,9,Aye
6679,2474,16,Aye
6680,2474,21,Aye
6681,2475,7,Aye
6682,2475,1,Aye
6683,2475,17,Aye
6684,2475,8,Aye
6685,2475,9,Aye
6686,2475,21,Aye
6687,2475,16,Abstain
6688,2476,7,Aye
6689,2476,1,Aye
6690,2476,17,Aye
6691,2476,8,Aye
6692,2476,9,Aye
6693,2476,16,Aye
6694,2476,21,Aye
6695,2477,7,Aye
6696,2477,1,Aye
6697,2477,17,Aye
6698,2477,8,Aye
6699,2477,9,Aye
6700,2477,16,Aye
6701,2477,21,Aye
6702,2478,7,Aye
6703,2478,1,Aye
6704,2478,17,Aye
6705,2478,8,Aye
6706,2478,9,Aye
6707,2478,16,Aye
6708,2478,21,Aye
6709,2479,7,Aye
6710,2479,1,Aye
6711,2479,17,Aye
6712,2479,8,Aye
6713,2479,9,Aye
6714,2479,16,Aye
6715,2479,21,Aye
6716,2480,7,Aye
6717,2480,1,Aye
6718,2480,17,Aye
6719,2480,8,Aye
6720,2480,9,Aye
6721,2480,16,Aye
6722,2480,21,Aye
6723,2481,7,Aye
6724,2481,1,Aye
6725,2481,17,Aye
6726,2481,8,Aye
6727,2481,9,Aye
6728,2481,16,Aye
6729,2481,21,Aye
6730,2482,7,Aye
6731,2482,1,Aye
6732,2482,17,Aye
6733,2482,8,Aye
6734,2482,9,Aye
6735,2482,16,Aye
6736,2482,21,Aye
6737,2483,7,Aye
6738,2483,1,Aye
6739,2483,17,Aye
6740,2483,8,Aye
6741,2483,9,Aye
6742,2483,16,Aye
6743,2483,21,Aye
6744,2484,7,Aye
6745,2484,1,Aye
6746,2484,17,Aye
6747,2484,8,Aye
6748,2484,9,Aye
6749,2484,16,Aye
6750,2484,21,Aye
6751,2485,7,Aye
6752,2485,1,Aye
6753,2485,17,Aye
6754,2485,8,Aye
6755,2485,9,Aye
6756,2485,16,Aye
6757,2485,21,Aye
6758,2486,7,Aye
6759,2486,1,Aye
6760,2486,17,Aye
6761,2486,8,Aye
6762,2486,9,Aye
6763,2486,16,Aye
6764,2486,21,Aye
6765,2487,7,Aye
6766,2487,1,Aye
6767,2487,17,Aye
6768,2487,8,Aye
6769,2487,9,Aye
6770,2487,16,Aye
6771,2487,21,Aye
6772,2488,7,Aye
6773,2488,1,Aye
6774,2488,17,Aye
6775,2488,8,Aye
6776,2488,9,Aye
6777,2488,16,Aye
6778,2488,21,Aye
6779,2489,7,Aye
6780,2489,1,Aye
6781,2489,17,Aye
6782,2489,8,Aye
6783,2489,9,Aye
6784,2489,16,Aye
6785,2489,21,Aye
6786,2490,17,Aye
6787,2490,9,Aye
6788,2490,16,Aye
6789,2490,21,Aye
6790,2490,8,Nay
6791,2490,1,Nay
6792,2490,7,Nay
6793,2491,7,Aye
6794,2491,1,Aye
6795,2491,17,Aye
6796,2491,8,Aye
6797,2491,9,Aye
6798,2491,16,Aye
6799,2491,21,Aye
6800,2492,7,Aye
6801,2492,1,Aye
6802,2492,17,Aye
6803,2492,8,Aye
6804,2492,9,Aye
6805,2492,16,Aye
6806,2492,21,Aye
6807,2493,7,Aye
6808,2493,1,Aye
6809,2493,17,Aye
6810,2493,8,Aye
6811,2493,9,Aye
6812,2493,16,Aye
6813,2493,21,Aye
6814,2494,7,Aye
6815,2494,1,Aye
6816,2494,17,Aye
6817,2494,8,Aye
6818,2494,9,Aye
6819,2494,16,Aye
6820,2494,21,Aye
6821,2495,7,Aye
6822,2495,1,Aye
6823,2495,17,Aye
6824,2495,8,Aye
6825,2495,9,Aye
6826,2495,16,Aye
6827,2495,21,Aye
6828,2496,7,Aye
6829,2496,1,Aye
6830,2496,17,Aye
6831,2496,8,Aye
6832,2496,9,Aye
6833,2496,16,Aye
6834,2496,21,Aye
6835,2497,7,Aye
6836,2497,1,Aye
6837,2497,17,Aye
6838,2497,8,Aye
6839,2497,9,Aye
6840,2497,16,Aye
6841,2497,21,Aye
6842,2498,7,Aye
6843,2498,1,Aye
6844,2498,17,Aye
6845,2498,8,Aye
6846,2498,9,Aye
6847,2498,16,Aye
6848,2498,21,Aye
6849,2499,7,Aye
6850,2499,1,Aye
6851,2499,17,Aye
6852,2499,8,Aye
6853,2499,9,Aye
6854,2499,16,Aye
6855,2499,21,Aye
6856,2500,7,Aye
6857,2500,1,Aye
6858,2500,17,Aye
6859,2500,8,Aye
6860,2500,9,Aye
6861,2500,16,Aye
6862,2500,21,Aye
6863,2501,7,Aye
6864,2501,1,Aye
6865,2501,17,Aye
6866,2501,8,Aye
6867,2501,9,Aye
6868,2501,16,Aye
6869,2501,21,Aye
6870,2502,7,Aye
6871,2502,1,Aye
6872,2502,17,Aye
6873,2502,8,Aye
6874,2502,9,Aye
6875,2502,16,Aye
6876,2502,21,Aye
6877,2503,7,Aye
6878,2503,1,Aye
6879,2503,17,Aye
6880,2503,8,Aye
6881,2503,9,Aye
6882,2503,16,Aye
6883,2503,21,Aye
6884,2504,7,Aye
6885,2504,1,Aye
6886,2504,17,Aye
6887,2504,8,Aye
6888,2504,9,Aye
6889,2504,16,Aye
6890,2505,7,Aye
6891,2505,1,Aye
6892,2505,17,Aye
6893,2505,8,Aye
6894,2505,9,Aye
6895,2505,16,Aye
6896,2506,7,Aye
6897,2506,1,Aye
6898,2506,17,Aye
6899,2506,8,Aye
6900,2506,9,Aye
6901,2506,16,Aye
6902,2507,7,Aye
6903,2507,1,Aye
6904,2507,17,Aye
6905,2507,8,Aye
6906,2507,9,Aye
6907,2507,16,Aye
6908,2508,7,Aye
6909,2508,1,Aye
6910,2508,17,Aye
6911,2508,8,Aye
6912,2508,9,Aye
6913,2508,16,Aye
6914,2509,7,Aye
6915,2509,1,Aye
6916,2509,17,Aye
6917,2509,8,Aye
6918,2509,9,Aye
6919,2509,16,Aye
6920,2510,7,Aye
6921,2510,1,Aye
6922,2510,17,Aye
6923,2510,8,Aye
6924,2510,9,Aye
6925,2510,16,Aye
6926,2510,21,Aye
6927,2511,7,Aye
6928,2511,1,Aye
6929,2511,17,Aye
6930,2511,8,Aye
6931,2511,9,Aye
6932,2511,16,Aye
6933,2511,21,Aye
6934,2512,7,Aye
6935,2512,1,Aye
6936,2512,17,Aye
6937,2512,8,Aye
6938,2512,9,Aye
6939,2512,16,Aye
6940,2512,21,Aye
6941,2513,7,Aye
6942,2513,1,Aye
6943,2513,17,Aye
6944,2513,8,Aye
6945,2513,9,Aye
6946,2513,16,Aye
6947,2513,21,Aye
6948,2514,7,Aye
6949,2514,1,Aye
6950,2514,17,Aye
6951,2514,8,Aye
6952,2514,9,Aye
6953,2514,16,Aye
6954,2515,7,Aye
6955,2515,17,Aye
6956,2515,8,Aye
6957,2515,9,Aye
6958,2515,16,Aye
6959,2515,21,Aye
6960,2516,7,Aye
6961,2516,17,Aye
6962,2516,8,Aye
6963,2516,9,Aye
6964,2516,16,Aye
6965,2516,21,Aye
6966,2517,7,Aye
6967,2517,17,Aye
6968,2517,8,Aye
6969,2517,9,Aye
6970,2517,16,Aye
6971,2517,21,Aye
6972,2518,7,Aye
6973,2518,17,Aye
6974,2518,8,Aye
6975,2518,9,Aye
6976,2518,16,Aye
6977,2518,21,Aye
6978,2519,7,Aye
6979,2519,17,Aye
6980,2519,8,Aye
6981,2519,9,Aye
6982,2519,16,Aye
6983,2519,21,Aye
6984,2520,7,Aye
6985,2520,17,Aye
6986,2520,8,Aye
6987,2520,9,Aye
6988,2520,16,Aye
6989,2520,21,Aye
6990,2521,7,Aye
6991,2521,17,Aye
6992,2521,8,Aye
6993,2521,9,Aye
6994,2521,16,Aye
6995,2521,21,Aye
6996,2522,7,Aye
6997,2522,17,Aye
6998,2522,8,Aye
6999,2522,9,Aye
7000,2522,16,Aye
7001,2522,21,Aye
7002,2523,7,Aye
7003,2523,17,Aye
7004,2523,8,Aye
7005,2523,9,Aye
7006,2523,16,Aye
7007,2523,21,Aye
7008,2524,7,Aye
7009,2524,17,Aye
7010,2524,8,Aye
7011,2524,9,Aye
7012,2524,16,Aye
7013,2524,21,Aye
7014,2525,7,Aye
7015,2525,17,Aye
7016,2525,8,Aye
7017,2525,9,Aye
7018,2525,16,Aye
7019,2525,21,Aye
7020,2526,7,Aye
7021,2526,17,Aye
7022,2526,8,Aye
7023,2526,9,Aye
7024,2526,21,Aye
7025,2526,16,Nay
7026,2527,7,Aye
7027,2527,17,Aye
7028,2527,9,Aye
7029,2527,16,Aye
7030,2527,8,Nay
7031,2527,21,Nay
7032,2528,7,Aye
7033,2528,17,Aye
7034,2528,8,Aye
7035,2528,9,Aye
7036,2528,16,Aye
7037,2528,21,Aye
7038,2529,7,Aye
7039,2529,17,Aye
7040,2529,8,Aye
7041,2529,9,Aye
7042,2529,16,Aye
7043,2529,21,Aye
7044,2530,7,Aye
7045,2530,17,Aye
7046,2530,8,Aye
7047,2530,9,Aye
7048,2530,16,Aye
7049,2530,21,Aye
7050,2531,7,Aye
7051,2531,17,Aye
7052,2531,8,Aye
7053,2531,9,Aye
7054,2531,16,Aye
7055,2531,21,Aye
7056,2532,1,Aye
7057,2532,17,Aye
7058,2532,8,Aye
7059,2532,9,Aye
7060,2532,16,Aye
7061,2532,21,Aye
7062,2533,1,Aye
7063,2533,17,Aye
7064,2533,8,Aye
7065,2533,9,Aye
7066,2533,16,Aye
7067,2533,21,Aye
7068,2534,1,Aye
7069,2534,17,Aye
7070,2534,8,Aye
7071,2534,9,Aye
7072,2534,16,Aye
7073,2534,21,Aye
7074,2535,1,Aye
7075,2535,17,Aye
7076,2535,8,Aye
7077,2535,9,Aye
7078,2535,16,Aye
7079,2535,21,Aye
7080,2536,1,Aye
7081,2536,17,Aye
7082,2536,8,Aye
7083,2536,9,Aye
7084,2536,16,Aye
7085,2536,21,Aye
7086,2537,1,Aye
7087,2537,17,Aye
7088,2537,8,Aye
7089,2537,9,Aye
7090,2537,16,Aye
7091,2537,21,Aye
7092,2538,7,Aye
7093,2538,1,Aye
7094,2538,17,Aye
7095,2538,8,Aye
7096,2538,9,Aye
7097,2538,16,Aye
7098,2538,21,Aye
7099,2539,7,Aye
7100,2539,1,Aye
7101,2539,17,Aye
7102,2539,8,Aye
7103,2539,9,Aye
7104,2539,16,Aye
7105,2539,21,Aye
7106,2540,7,Aye
7107,2540,1,Aye
7108,2540,17,Aye
7109,2540,8,Aye
7110,2540,9,Aye
7111,2540,16,Aye
7112,2540,21,Aye
7113,2541,7,Aye
7114,2541,1,Aye
7115,2541,17,Aye
7116,2541,8,Aye
7117,2541,9,Aye
7118,2541,16,Aye
7119,2541,21,Aye
7120,2542,7,Aye
7121,2542,1,Aye
7122,2542,17,Aye
7123,2542,8,Aye
7124,2542,9,Aye
7125,2542,16,Aye
7126,2542,21,Aye
7127,2543,7,Aye
7128,2543,1,Aye
7129,2543,17,Aye
7130,2543,8,Aye
7131,2543,9,Aye
7132,2543,16,Aye
7133,2543,21,Aye
7134,2544,7,Aye
7135,2544,1,Aye
7136,2544,17,Aye
7137,2544,8,Aye
7138,2544,9,Aye
7139,2544,16,Aye
7140,2544,21,Aye
7141,2545,7,Aye
7142,2545,1,Aye
7143,2545,17,Aye
7144,2545,8,Aye
7145,2545,9,Aye
7146,2545,16,Aye
7147,2545,21,Aye
7148,2546,7,Aye
7149,2546,1,Aye
7150,2546,17,Aye
7151,2546,8,Aye
7152,2546,9,Aye
7153,2546,16,Aye
7154,2546,21,Aye
7155,2547,7,Aye
7156,2547,1,Aye
7157,2547,17,Aye
7158,2547,8,Aye
7159,2547,9,Aye
7160,2547,16,Aye
7161,2547,21,Aye
7162,2548,7,Aye
7163,2548,1,Aye
7164,2548,17,Aye
7165,2548,8,Aye
7166,2548,9,Aye
7167,2548,16,Aye
7168,2548,21,Aye
7169,2549,7,Aye
7170,2549,1,Aye
7171,2549,17,Aye
7172,2549,8,Aye
7173,2549,9,Aye
7174,2549,16,Aye
7175,2549,21,Aye
7176,2550,7,Aye
7177,2550,1,Aye
7178,2550,17,Aye
7179,2550,8,Aye
7180,2550,9,Aye
7181,2550,16,Aye
7182,2550,21,Aye
7183,2551,7,Aye
7184,2551,1,Aye
7185,2551,8,Aye
7186,2551,9,Aye
7187,2551,16,Aye
7188,2551,17,Nay
7189,2551,21,Nay
7190,2552,7,Aye
7191,2552,1,Aye
7192,2552,8,Aye
7193,2552,9,Aye
7194,2552,16,Aye
7195,2552,17,Aye
7196,2552,21,Aye
7197,2553,7,Aye
7198,2553,1,Aye
7199,2553,8,Aye
7200,2553,9,Aye
7201,2553,16,Aye
7202,2553,17,Aye
7203,2553,21,Aye
7204,2554,7,Aye
7205,2554,1,Aye
7206,2554,8,Aye
7207,2554,9,Aye
7208,2554,16,Aye
7209,2554,17,Aye
7210,2554,21,Aye
7211,2555,7,Aye
7212,2555,1,Aye
7213,2555,17,Aye
7214,2555,8,Aye
7215,2555,9,Aye
7216,2555,16,Aye
7217,2555,21,Aye
7218,2556,7,Aye
7219,2556,1,Aye
7220,2556,17,Aye
7221,2556,8,Aye
7222,2556,9,Aye
7223,2556,16,Aye
7224,2556,21,Aye
7225,2557,7,Aye
7226,2557,1,Aye
7227,2557,17,Aye
7228,2557,8,Aye
7229,2557,9,Aye
7230,2557,16,Aye
7231,2557,21,Aye
7232,2558,7,Aye
7233,2558,1,Aye
7234,2558,17,Aye
7235,2558,8,Aye
7236,2558,9,Aye
7237,2558,16,Aye
7238,2558,21,Aye
7239,2559,7,Aye
7240,2559,1,Aye
7241,2559,17,Aye
7242,2559,8,Aye
7243,2559,9,Aye
7244,2559,16,Aye
7245,2559,21,Aye
7246,2560,7,Aye
7247,2560,1,Aye
7248,2560,17,Aye
7249,2560,8,Aye
7250,2560,9,Aye
7251,2560,16,Aye
7252,2560,21,Aye
7253,2561,7,Aye
7254,2561,1,Aye
7255,2561,17,Aye
7256,2561,8,Aye
7257,2561,9,Aye
7258,2561,16,Aye
7259,2561,21,Aye
7260,2562,7,Aye
7261,2562,1,Aye
7262,2562,17,Aye
7263,2562,8,Aye
7264,2562,9,Aye
7265,2562,16,Aye
7266,2562,21,Aye
7267,2563,7,Aye
7268,2563,1,Aye
7269,2563,17,Aye
7270,2563,8,Aye
7271,2563,9,Aye
7272,2563,16,Aye
7273,2563,21,Aye
7274,2564,7,Aye
7275,2564,1,Aye
7276,2564,17,Aye
7277,2564,8,Aye
7278,2564,9,Aye
7279,2564,16,Aye
7280,2564,21,Aye
7281,2565,7,Aye
7282,2565,1,Aye
7283,2565,8,Aye
7284,2565,16,Aye
7285,2566,7,Aye
7286,2566,1,Aye
7287,2566,8,Aye
7288,2566,16,Aye
7289,2567,1,Aye
7290,2567,8,Aye
7291,2567,16,Aye
7292,2567,21,Aye
7293,2568,1,Aye
7294,2568,8,Aye
7295,2568,16,Aye
7296,2568,21,Aye
7297,2569,7,Aye
7298,2569,1,Aye
7299,2569,8,Aye
7300,2569,16,Aye
7301,2569,21,Aye
7302,2570,7,Aye
7303,2570,1,Aye
7304,2570,8,Aye
7305,2570,16,Aye
7306,2570,21,Aye
7307,2571,7,Aye
7308,2571,1,Aye
7309,2571,8,Aye
7310,2571,16,Aye
7311,2571,21,Aye
7312,2572,7,Aye
7313,2572,1,Aye
7314,2572,8,Aye
7315,2572,16,Aye
7316,2572,21,Aye
7317,2573,7,Aye
7318,2573,1,Aye
7319,2573,8,Aye
7320,2573,16,Aye
7321,2573,21,Aye
7322,2574,7,Aye
7323,2574,1,Aye
7324,2574,8,Aye
7325,2574,16,Aye
7326,2574,21,Aye
7327,2575,7,Aye
7328,2575,1,Aye
7329,2575,8,Aye
7330,2575,16,Aye
7331,2575,21,Aye
7332,2576,7,Aye
7333,2576,1,Aye
7334,2576,8,Aye
7335,2576,16,Aye
7336,2576,21,Aye
7337,2577,7,Aye
7338,2577,8,Aye
7339,2577,16,Aye
7340,2577,21,Aye
7341,2577,1,Nay
7342,2578,7,Aye
7343,2578,8,Aye
7344,2578,16,Aye
7345,2578,21,Aye
7346,2578,1,Nay
7347,2579,7,Aye
7348,2579,1,Aye
7349,2579,8,Aye
7350,2579,16,Aye
7351,2579,21,Aye
7352,2580,7,Aye
7353,2580,1,Aye
7354,2580,8,Aye
7355,2580,16,Aye
7356,2580,21,Aye
7357,2581,7,Aye
7358,2581,1,Aye
7359,2581,8,Aye
7360,2581,16,Aye
7361,2581,21,Aye
7362,2582,7,Aye
7363,2582,1,Aye
7364,2582,8,Aye
7365,2582,16,Aye
7366,2582,21,Aye
7367,2583,7,Aye
7368,2583,1,Aye
7369,2583,8,Aye
7370,2583,16,Aye
7371,2583,21,Aye
7372,2584,7,Aye
7373,2584,1,Aye
7374,2584,8,Aye
7375,2584,16,Aye
7376,2584,21,Aye
7377,2585,7,Aye
7378,2585,1,Aye
7379,2585,8,Aye
7380,2585,16,Aye
7381,2585,21,Aye
7382,2586,7,Aye
7383,2586,1,Aye
7384,2586,8,Aye
7385,2586,16,Aye
7386,2586,21,Aye
7387,2587,7,Aye
7388,2587,1,Aye
7389,2587,8,Aye
7390,2587,16,Aye
7391,2587,21,Aye
7392,2588,7,Aye
7393,2588,1,Aye
7394,2588,8,Aye
7395,2588,16,Aye
7396,2588,21,Aye
7397,2589,7,Aye
7398,2589,1,Aye
7399,2589,8,Aye
7400,2589,16,Aye
7401,2589,21,Aye
7402,2590,7,Aye
7403,2590,1,Aye
7404,2590,8,Aye
7405,2590,16,Aye
7406,2590,21,Aye
7407,2591,7,Aye
7408,2591,1,Aye
7409,2591,8,Aye
7410,2591,16,Aye
7411,2591,21,Aye
7412,2592,7,Aye
7413,2592,1,Aye
7414,2592,8,Aye
7415,2592,16,Aye
7416,2592,21,Aye
7417,2593,7,Aye
7418,2593,1,Aye
7419,2593,8,Aye
7420,2593,16,Aye
7421,2593,21,Aye
7422,2594,7,Aye
7423,2594,1,Aye
7424,2594,17,Aye
7425,2594,8,Aye
7426,2594,9,Aye
7427,2594,16,Aye
7428,2594,21,Aye
7429,2595,7,Aye
7430,2595,1,Aye
7431,2595,17,Aye
7432,2595,8,Aye
7433,2595,9,Aye
7434,2595,16,Aye
7435,2595,21,Aye
7436,2596,7,Aye
7437,2596,1,Aye
7438,2596,17,Aye
7439,2596,8,Aye
7440,2596,9,Aye
7441,2596,16,Aye
7442,2596,21,Aye
7443,2597,7,Aye
7444,2597,1,Aye
7445,2597,17,Aye
7446,2597,8,Aye
7447,2597,9,Aye
7448,2597,16,Aye
7449,2597,21,Aye
7450,2598,7,Aye
7451,2598,1,Aye
7452,2598,17,Aye
7453,2598,8,Aye
7454,2598,9,Aye
7455,2598,16,Aye
7456,2598,21,Aye
7457,2599,7,Aye
7458,2599,1,Aye
7459,2599,17,Aye
7460,2599,8,Aye
7461,2599,9,Aye
7462,2599,16,Aye
7463,2599,21,Aye
7464,2600,7,Aye
7465,2600,1,Aye
7466,2600,17,Aye
7467,2600,8,Aye
7468,2600,9,Aye
7469,2600,16,Aye
7470,2600,21,Aye
7471,2601,7,Aye
7472,2601,1,Aye
7473,2601,17,Aye
7474,2601,8,Aye
7475,2601,9,Aye
7476,2601,18,Aye
7477,2601,21,Aye
7478,2602,7,Aye
7479,2602,1,Aye
7480,2602,17,Aye
7481,2602,8,Aye
7482,2602,9,Aye
7483,2602,18,Aye
7484,2602,21,Aye
7485,2605,7,Aye
7486,2605,1,Aye
7487,2605,17,Aye
7488,2605,8,Aye
7489,2605,9,Aye
7490,2605,18,Aye
7491,2605,21,Aye
7492,2606,17,Aye
7493,2606,9,Aye
7494,2606,18,Aye
7495,2606,21,Aye
7496,2606,1,Nay
7497,2606,8,Nay
7498,2607,7,Aye
7499,2607,1,Aye
7500,2607,17,Aye
7501,2607,8,Aye
7502,2607,9,Aye
7503,2607,18,Aye
7504,2607,21,Aye
7505,2608,7,Aye
7506,2608,1,Aye
7507,2608,17,Aye
7508,2608,8,Aye
7509,2608,9,Aye
7510,2608,21,Aye
7511,2608,18,Abstain
7512,2609,7,Aye
7513,2609,1,Aye
7514,2609,17,Aye
7515,2609,8,Aye
7516,2609,9,Aye
7517,2609,18,Aye
7518,2609,21,Aye
7519,2610,7,Aye
7520,2610,1,Aye
7521,2610,17,Aye
7522,2610,8,Aye
7523,2610,9,Aye
7524,2610,18,Aye
7525,2610,21,Aye
7526,2611,7,Aye
7527,2611,1,Aye
7528,2611,17,Aye
7529,2611,8,Aye
7530,2611,9,Aye
7531,2611,21,Aye
7532,2611,18,Abstain
7533,2612,7,Aye
7534,2612,1,Aye
7535,2612,17,Aye
7536,2612,8,Aye
7537,2612,9,Aye
7538,2612,21,Aye
7539,2612,18,Abstain
7540,2613,7,Aye
7541,2613,1,Aye
7542,2613,17,Aye
7543,2613,8,Aye
7544,2613,9,Aye
7545,2613,18,Aye
7546,2613,21,Aye
7547,2614,7,Aye
7548,2614,1,Aye
7549,2614,17,Aye
7550,2614,8,Aye
7551,2614,9,Aye
7552,2614,18,Aye
7553,2614,21,Aye
7554,2615,7,Aye
7555,2615,1,Aye
7556,2615,17,Aye
7557,2615,8,Aye
7558,2615,9,Aye
7559,2615,21,Aye
7560,2615,18,Abstain
7561,2616,7,Aye
7562,2616,1,Aye
7563,2616,17,Aye
7564,2616,8,Aye
7565,2616,9,Aye
7566,2616,21,Aye
7567,2616,18,Abstain
7568,2617,7,Aye
7569,2617,1,Aye
7570,2617,17,Aye
7571,2617,8,Aye
7572,2617,9,Aye
7573,2617,18,Aye
7574,2617,21,Aye
7575,2618,7,Aye
7576,2618,1,Aye
7577,2618,17,Aye
7578,2618,8,Aye
7579,2618,9,Aye
7580,2618,18,Aye
7581,2618,21,Aye
7582,2619,7,Aye
7583,2619,1,Aye
7584,2619,17,Aye
7585,2619,8,Aye
7586,2619,9,Aye
7587,2619,18,Aye
7588,2619,21,Aye
7589,2620,7,Aye
7590,2620,1,Aye
7591,2620,17,Aye
7592,2620,8,Aye
7593,2620,9,Aye
7594,2620,18,Aye
7595,2620,21,Aye
7596,2621,7,Aye
7597,2621,1,Aye
7598,2621,17,Aye
7599,2621,8,Aye
7600,2621,9,Aye
7601,2621,18,Aye
7602,2621,21,Aye
7603,2622,7,Aye
7604,2622,1,Aye
7605,2622,17,Aye
7606,2622,8,Aye
7607,2622,9,Aye
7608,2622,18,Aye
7609,2622,21,Aye
7610,2623,7,Aye
7611,2623,1,Aye
7612,2623,17,Aye
7613,2623,8,Aye
7614,2623,9,Aye
7615,2623,18,Aye
7616,2623,21,Aye
7617,2624,7,Aye
7618,2624,1,Aye
7619,2624,17,Aye
7620,2624,8,Aye
7621,2624,9,Aye
7622,2624,18,Aye
7623,2624,21,Aye
7624,2625,7,Aye
7625,2625,1,Aye
7626,2625,17,Aye
7627,2625,8,Aye
7628,2625,9,Aye
7629,2625,18,Aye
7630,2625,21,Aye
7631,2626,7,Aye
7632,2626,1,Aye
7633,2626,17,Aye
7634,2626,8,Aye
7635,2626,9,Aye
7636,2626,18,Aye
7637,2626,21,Aye
7638,2628,7,Aye
7639,2628,1,Aye
7640,2628,17,Aye
7641,2628,8,Aye
7642,2628,9,Aye
7643,2628,18,Aye
7644,2628,21,Aye
7645,2629,7,Aye
7646,2629,1,Aye
7647,2629,17,Aye
7648,2629,8,Aye
7649,2629,9,Aye
7650,2629,18,Aye
7651,2629,21,Aye
7652,2630,7,Aye
7653,2630,1,Aye
7654,2630,17,Aye
7655,2630,8,Aye
7656,2630,9,Aye
7657,2630,18,Aye
7658,2630,21,Aye
7659,2631,7,Aye
7660,2631,1,Aye
7661,2631,17,Aye
7662,2631,8,Aye
7663,2631,9,Aye
7664,2631,18,Aye
7665,2631,21,Aye
7666,2632,7,Aye
7667,2632,1,Aye
7668,2632,17,Aye
7669,2632,8,Aye
7670,2632,9,Aye
7671,2632,18,Aye
7672,2632,21,Aye
7673,2633,7,Aye
7674,2633,1,Aye
7675,2633,17,Aye
7676,2633,8,Aye
7677,2633,9,Aye
7678,2633,18,Aye
7679,2633,21,Aye
7680,2634,7,Aye
7681,2634,1,Aye
7682,2634,17,Aye
7683,2634,8,Aye
7684,2634,9,Aye
7685,2634,18,Aye
7686,2634,21,Aye
7687,2635,7,Aye
7688,2635,1,Aye
7689,2635,17,Aye
7690,2635,8,Aye
7691,2635,9,Aye
7692,2635,18,Aye
7693,2635,21,Aye
7694,2636,7,Aye
7695,2636,1,Aye
7696,2636,17,Aye
7697,2636,8,Aye
7698,2636,9,Aye
7699,2636,18,Aye
7700,2636,21,Aye
7701,2637,7,Aye
7702,2637,1,Aye
7703,2637,17,Aye
7704,2637,8,Aye
7705,2637,9,Aye
7706,2637,18,Aye
7707,2637,21,Aye
7708,2638,7,Aye
7709,2638,1,Aye
7710,2638,17,Aye
7711,2638,8,Aye
7712,2638,9,Aye
7713,2638,18,Aye
7714,2638,21,Aye
7715,2639,7,Aye
7716,2639,1,Aye
7717,2639,17,Aye
7718,2639,8,Aye
7719,2639,9,Aye
7720,2639,18,Aye
7721,2639,21,Aye
7722,2640,7,Aye
7723,2640,1,Aye
7724,2640,17,Aye
7725,2640,8,Aye
7726,2640,9,Aye
7727,2640,18,Aye
7728,2640,21,Aye
7729,2641,7,Aye
7730,2641,1,Aye
7731,2641,17,Aye
7732,2641,8,Aye
7733,2641,9,Aye
7734,2641,18,Aye
7735,2641,21,Aye
7736,2642,7,Aye
7737,2642,1,Aye
7738,2642,17,Aye
7739,2642,8,Aye
7740,2642,9,Aye
7741,2642,18,Aye
7742,2642,21,Aye
7743,2643,7,Aye
7744,2643,1,Aye
7745,2643,17,Aye
7746,2643,8,Aye
7747,2643,9,Aye
7748,2643,18,Aye
7749,2643,21,Aye
7750,2644,7,Aye
7751,2644,1,Aye
7752,2644,17,Aye
7753,2644,8,Aye
7754,2644,9,Aye
7755,2644,18,Aye
7756,2644,21,Aye
7757,2645,7,Aye
7758,2645,1,Aye
7759,2645,17,Aye
7760,2645,8,Aye
7761,2645,9,Aye
7762,2645,18,Aye
7763,2645,21,Aye
7764,2646,7,Aye
7765,2646,1,Aye
7766,2646,17,Aye
7767,2646,9,Aye
7768,2646,18,Aye
7769,2646,21,Aye
7770,2646,8,Absent
7771,2647,7,Aye
7772,2647,1,Aye
7773,2647,17,Aye
7774,2647,9,Aye
7775,2647,18,Aye
7776,2647,21,Aye
7777,2647,8,Absent
7778,2648,7,Aye
7779,2648,1,Aye
7780,2648,17,Aye
7781,2648,9,Aye
7782,2648,18,Aye
7783,2648,21,Aye
7784,2648,8,Absent
7785,2649,7,Aye
7786,2649,1,Aye
7787,2649,17,Aye
7788,2649,9,Aye
7789,2649,18,Aye
7790,2649,21,Aye
7791,2649,8,Absent
7792,2650,7,Aye
7793,2650,1,Aye
7794,2650,17,Aye
7795,2650,9,Aye
7796,2650,18,Aye
7797,2650,21,Aye
7798,2650,8,Absent
7799,2651,7,Aye
7800,2651,1,Aye
7801,2651,17,Aye
7802,2651,9,Aye
7803,2651,18,Aye
7804,2651,21,Aye
7805,2651,8,Absent
7806,2652,7,Aye
7807,2652,1,Aye
7808,2652,17,Aye
7809,2652,9,Aye
7810,2652,18,Aye
7811,2652,21,Aye
7812,2652,8,Absent
7813,2653,7,Aye
7814,2653,1,Aye
7815,2653,17,Aye
7816,2653,9,Aye
7817,2653,18,Aye
7818,2653,21,Aye
7819,2653,8,Absent
7820,2654,7,Aye
7821,2654,1,Aye
7822,2654,17,Aye
7823,2654,9,Aye
7824,2654,18,Aye
7825,2654,21,Aye
7826,2654,8,Absent
7827,2655,7,Aye
7828,2655,1,Aye
7829,2655,17,Aye
7830,2655,9,Aye
7831,2655,18,Aye
7832,2655,21,Aye
7833,2655,8,Absent
7834,2656,7,Aye
7835,2656,1,Aye
7836,2656,17,Aye
7837,2656,9,Aye
7838,2656,18,Aye
7839,2656,21,Aye
7840,2656,8,Absent
7841,2657,7,Aye
7842,2657,1,Aye
7843,2657,17,Aye
7844,2657,9,Aye
7845,2657,18,Aye
7846,2657,21,Aye
7847,2657,8,Absent
7848,2658,7,Aye
7849,2658,1,Aye
7850,2658,17,Aye
7851,2658,9,Aye
7852,2658,18,Aye
7853,2658,21,Aye
7854,2658,8,Absent
7855,2659,8,Absent
7856,2660,7,Aye
7857,2660,1,Aye
7858,2660,17,Aye
7859,2660,9,Aye
7860,2660,18,Aye
7861,2660,21,Aye
7862,2660,8,Absent
7863,2661,7,Aye
7864,2661,1,Aye
7865,2661,17,Aye
7866,2661,9,Aye
7867,2661,18,Aye
7868,2661,21,Aye
7869,2661,8,Absent
7870,2662,7,Aye
7871,2662,1,Aye
7872,2662,17,Aye
7873,2662,9,Aye
7874,2662,18,Aye
7875,2662,21,Aye
7876,2662,8,Absent
7877,2663,7,Aye
7878,2663,1,Aye
7879,2663,17,Aye
7880,2663,8,Aye
7881,2663,9,Aye
7882,2663,18,Aye
7883,2663,21,Aye
7884,2664,7,Aye
7885,2664,1,Aye
7886,2664,17,Aye
7887,2664,9,Aye
7888,2664,18,Aye
7889,2664,21,Aye
7890,2664,8,Abstain
7891,2665,7,Aye
7892,2665,1,Aye
7893,2665,17,Aye
7894,2665,8,Aye
7895,2665,9,Aye
7896,2665,18,Aye
7897,2665,21,Aye
7898,2666,7,Aye
7899,2666,1,Aye
7900,2666,17,Aye
7901,2666,8,Aye
7902,2666,9,Aye
7903,2666,18,Aye
7904,2666,21,Aye
7905,2667,7,Aye
7906,2667,1,Aye
7907,2667,17,Aye
7908,2667,8,Aye
7909,2667,9,Aye
7910,2667,18,Aye
7911,2667,21,Aye
7912,2668,7,Aye
7913,2668,1,Aye
7914,2668,17,Aye
7915,2668,8,Aye
7916,2668,9,Aye
7917,2668,18,Aye
7918,2668,21,Aye
7919,2669,7,Aye
7920,2669,1,Aye
7921,2669,17,Aye
7922,2669,8,Aye
7923,2669,9,Aye
7924,2669,18,Aye
7925,2669,21,Aye
7926,2670,7,Aye
7927,2670,1,Aye
7928,2670,17,Aye
7929,2670,8,Aye
7930,2670,9,Aye
7931,2670,18,Aye
7932,2670,21,Aye
7933,2671,7,Aye
7934,2671,1,Aye
7935,2671,17,Aye
7936,2671,8,Aye
7937,2671,9,Aye
7938,2671,18,Aye
7939,2671,21,Aye
7940,2672,7,Aye
7941,2672,1,Aye
7942,2672,17,Aye
7943,2672,8,Aye
7944,2672,9,Aye
7945,2672,18,Aye
7946,2672,21,Aye
7947,2673,7,Aye
7948,2673,1,Aye
7949,2673,17,Aye
7950,2673,8,Aye
7951,2673,9,Aye
7952,2673,18,Aye
7953,2673,21,Aye
7954,2674,7,Aye
7955,2674,1,Aye
7956,2674,17,Aye
7957,2674,8,Aye
7958,2674,9,Aye
7959,2674,18,Aye
7960,2674,21,Aye
7961,2676,7,Aye
7962,2676,1,Aye
7963,2676,17,Aye
7964,2676,8,Aye
7965,2676,9,Aye
7966,2676,16,Aye
7967,2676,21,Aye
7968,2677,7,Aye
7969,2677,1,Aye
7970,2677,17,Aye
7971,2677,8,Aye
7972,2677,9,Aye
7973,2677,16,Aye
7974,2677,21,Aye
7975,2678,7,Aye
7976,2678,1,Aye
7977,2678,17,Aye
7978,2678,8,Aye
7979,2678,9,Aye
7980,2678,16,Aye
7981,2678,21,Aye
7982,2679,7,Aye
7983,2679,17,Aye
7984,2679,8,Aye
7985,2679,9,Aye
7986,2679,18,Aye
7987,2679,21,Aye
7988,2679,1,Absent
7989,2680,7,Aye
7990,2680,17,Aye
7991,2680,8,Aye
7992,2680,9,Aye
7993,2680,18,Aye
7994,2680,21,Aye
7995,2680,1,Absent
7996,2681,7,Aye
7997,2681,17,Aye
7998,2681,8,Aye
7999,2681,9,Aye
8000,2681,18,Aye
8001,2681,21,Aye
8002,2681,1,Absent
8003,2682,7,Aye
8004,2682,17,Aye
8005,2682,8,Aye
8006,2682,9,Aye
8007,2682,18,Aye
8008,2682,21,Aye
8009,2682,1,Absent
8010,2683,7,Aye
8011,2683,17,Aye
8012,2683,8,Aye
8013,2683,9,Aye
8014,2683,18,Aye
8015,2683,21,Aye
8016,2683,1,Absent
8017,2684,17,Aye
8018,2684,9,Aye
8019,2684,18,Aye
8020,2684,7,Nay
8021,2684,8,Nay
8022,2684,21,Nay
8023,2684,1,Absent
8024,2685,17,Aye
8025,2685,9,Aye
8026,2685,18,Aye
8027,2685,7,Aye
8028,2685,8,Aye
8029,2685,21,Aye
8030,2685,1,Absent
8031,2686,17,Aye
8032,2686,9,Aye
8033,2686,18,Aye
8034,2686,7,Aye
8035,2686,8,Aye
8036,2686,21,Aye
8037,2686,1,Absent
8038,2687,17,Aye
8039,2687,9,Aye
8040,2687,18,Aye
8041,2687,7,Aye
8042,2687,8,Aye
8043,2687,21,Aye
8044,2687,1,Absent
8045,2688,17,Aye
8046,2688,9,Aye
8047,2688,18,Aye
8048,2688,7,Aye
8049,2688,8,Aye
8050,2688,21,Aye
8051,2688,1,Absent
8052,2689,17,Aye
8053,2689,9,Aye
8054,2689,18,Aye
8055,2689,7,Aye
8056,2689,8,Aye
8057,2689,21,Aye
8058,2689,1,Absent
8059,2690,7,Aye
8060,2690,17,Aye
8061,2690,8,Aye
8062,2690,9,Aye
8063,2690,18,Aye
8064,2690,21,Aye
8065,2690,1,Absent
8066,2691,7,Aye
8067,2691,17,Aye
8068,2691,8,Aye
8069,2691,9,Aye
8070,2691,18,Aye
8071,2691,21,Aye
8072,2691,1,Absent
8073,2692,7,Aye
8074,2692,17,Aye
8075,2692,8,Aye
8076,2692,9,Aye
8077,2692,18,Aye
8078,2692,21,Aye
8079,2692,1,Absent
8080,2693,7,Aye
8081,2693,17,Aye
8082,2693,8,Aye
8083,2693,9,Aye
8084,2693,18,Aye
8085,2693,21,Aye
8086,2693,1,Absent
8087,2694,7,Aye
8088,2694,17,Aye
8089,2694,8,Aye
8090,2694,9,Aye
8091,2694,18,Aye
8092,2694,21,Aye
8093,2694,1,Absent
8094,2695,7,Aye
8095,2695,17,Aye
8096,2695,8,Aye
8097,2695,9,Aye
8098,2695,18,Aye
8099,2695,21,Aye
8100,2695,1,Absent
8101,2696,7,Aye
8102,2696,17,Aye
8103,2696,8,Aye
8104,2696,9,Aye
8105,2696,18,Aye
8106,2696,21,Aye
8107,2696,1,Absent
8108,2697,7,Aye
8109,2697,17,Aye
8110,2697,8,Aye
8111,2697,9,Aye
8112,2697,18,Aye
8113,2697,21,Aye
8114,2698,7,Aye
8115,2698,17,Aye
8116,2698,8,Aye
8117,2698,9,Aye
8118,2698,18,Aye
8119,2698,21,Aye
8120,2699,7,Aye
8121,2699,17,Aye
8122,2699,8,Aye
8123,2699,9,Aye
8124,2699,18,Aye
8125,2699,21,Aye
8126,2700,7,Aye
8127,2700,17,Aye
8128,2700,8,Aye
8129,2700,9,Aye
8130,2700,18,Aye
8131,2700,21,Aye
8132,2701,17,Aye
8133,2701,8,Aye
8134,2701,9,Aye
8135,2701,18,Aye
8136,2701,21,Aye
8137,2701,7,Nay
8138,2702,7,Aye
8139,2702,17,Aye
8140,2702,8,Aye
8141,2702,9,Aye
8142,2702,18,Aye
8143,2702,21,Aye
8144,2703,7,Aye
8145,2703,17,Aye
8146,2703,8,Aye
8147,2703,9,Aye
8148,2703,18,Aye
8149,2703,21,Aye
8150,2704,7,Aye
8151,2704,17,Aye
8152,2704,8,Aye
8153,2704,9,Aye
8154,2704,18,Aye
8155,2704,21,Aye
8156,2705,7,Aye
8157,2705,17,Aye
8158,2705,8,Aye
8159,2705,9,Aye
8160,2705,18,Aye
8161,2705,21,Aye
8162,2706,7,Aye
8163,2706,17,Aye
8164,2706,8,Aye
8165,2706,9,Aye
8166,2706,18,Aye
8167,2706,21,Aye
8168,2708,17,Aye
8169,2708,9,Aye
8170,2708,18,Aye
8171,2708,21,Aye
8172,2708,7,Nay
8173,2708,8,Nay
8174,2709,7,Aye
8175,2709,17,Aye
8176,2709,8,Aye
8177,2709,9,Aye
8178,2709,18,Aye
8179,2709,21,Aye
8180,2710,7,Aye
8181,2710,17,Aye
8182,2710,8,Aye
8183,2710,9,Aye
8184,2710,18,Aye
8185,2710,21,Aye
8186,2711,7,Aye
8187,2711,17,Aye
8188,2711,8,Aye
8189,2711,9,Aye
8190,2711,18,Aye
8191,2711,21,Aye
8192,2712,7,Aye
8193,2712,17,Aye
8194,2712,9,Aye
8195,2712,21,Aye
8196,2712,8,Nay
8197,2712,18,Nay
8198,2713,7,Aye
8199,2713,17,Aye
8200,2713,9,Aye
8201,2713,18,Aye
8202,2713,21,Aye
8203,2714,7,Aye
8204,2714,17,Aye
8205,2714,8,Aye
8206,2714,9,Aye
8207,2714,18,Aye
8208,2714,21,Aye
8209,2715,7,Aye
8210,2715,17,Aye
8211,2715,8,Aye
8212,2715,9,Aye
8213,2715,18,Aye
8214,2715,21,Aye
8215,2716,7,Aye
8216,2716,17,Aye
8217,2716,8,Aye
8218,2716,9,Aye
8219,2716,18,Aye
8220,2716,21,Aye
8221,2718,7,Aye
8222,2718,17,Aye
8223,2718,8,Aye
8224,2718,9,Aye
8225,2718,18,Aye
8226,2718,21,Aye
8227,2719,7,Aye
8228,2719,1,Aye
8229,2719,17,Aye
8230,2719,8,Aye
8231,2719,9,Aye
8232,2719,21,Aye
8233,2719,18,Absent
8234,2720,7,Aye
8235,2720,1,Aye
8236,2720,17,Aye
8237,2720,8,Aye
8238,2720,9,Aye
8239,2720,21,Aye
8240,2720,18,Absent
8241,2721,7,Aye
8242,2721,1,Aye
8243,2721,17,Aye
8244,2721,8,Aye
8245,2721,9,Aye
8246,2721,21,Aye
8247,2721,18,Absent
8248,2722,1,Aye
8249,2722,17,Aye
8250,2722,8,Aye
8251,2722,9,Aye
8252,2722,21,Aye
8253,2722,7,Nay
8254,2722,18,Absent
8255,2723,17,Aye
8256,2723,8,Aye
8257,2723,9,Aye
8258,2723,21,Aye
8259,2723,7,Nay
8260,2723,1,Nay
8261,2723,18,Absent
8262,2724,17,Aye
8263,2724,8,Aye
8264,2724,9,Aye
8265,2724,21,Aye
8266,2724,7,Aye
8267,2724,1,Aye
8268,2724,18,Absent
8269,2725,17,Aye
8270,2725,8,Aye
8271,2725,9,Aye
8272,2725,21,Aye
8273,2725,7,Aye
8274,2725,1,Aye
8275,2725,18,Absent
8276,2726,17,Aye
8277,2726,8,Aye
8278,2726,9,Aye
8279,2726,21,Aye
8280,2726,7,Aye
8281,2726,1,Aye
8282,2726,18,Absent
8283,2727,7,Aye
8284,2727,1,Aye
8285,2727,17,Aye
8286,2727,8,Aye
8287,2727,9,Aye
8288,2727,21,Aye
8289,2727,18,Absent
8290,2728,7,Aye
8291,2728,1,Aye
8292,2728,17,Aye
8293,2728,8,Aye
8294,2728,9,Aye
8295,2728,21,Aye
8296,2728,18,Absent
8297,2729,7,Aye
8298,2729,1,Aye
8299,2729,17,Aye
8300,2729,8,Aye
8301,2729,9,Aye
8302,2729,21,Aye
8303,2729,18,Absent
8304,2730,7,Aye
8305,2730,1,Aye
8306,2730,17,Aye
8307,2730,8,Aye
8308,2730,9,Aye
8309,2730,21,Aye
8310,2730,18,Absent
8311,2731,7,Aye
8312,2731,1,Aye
8313,2731,17,Aye
8314,2731,8,Aye
8315,2731,9,Aye
8316,2731,21,Aye
8317,2731,18,Absent
8318,2732,7,Aye
8319,2732,1,Aye
8320,2732,17,Aye
8321,2732,8,Aye
8322,2732,9,Aye
8323,2732,21,Aye
8324,2732,18,Absent
8325,2733,7,Aye
8326,2733,1,Aye
8327,2733,17,Aye
8328,2733,8,Aye
8329,2733,9,Aye
8330,2733,21,Aye
8331,2734,7,Aye
8332,2734,1,Aye
8333,2734,17,Aye
8334,2734,8,Aye
8335,2734,9,Aye
8336,2734,21,Aye
8337,2734,18,Absent
8338,2735,7,Aye
8339,2735,1,Aye
8340,2735,17,Aye
8341,2735,8,Aye
8342,2735,9,Aye
8343,2735,21,Aye
8344,2735,18,Absent
8345,2736,7,Aye
8346,2736,1,Aye
8347,2736,17,Aye
8348,2736,8,Aye
8349,2736,9,Aye
8350,2736,21,Aye
8351,2736,18,Absent
8352,2737,7,Aye
8353,2737,1,Aye
8354,2737,17,Aye
8355,2737,8,Aye
8356,2737,9,Aye
8357,2737,21,Aye
8358,2737,18,Absent
8359,2738,7,Aye
8360,2738,1,Aye
8361,2738,17,Aye
8362,2738,8,Aye
8363,2738,9,Aye
8364,2738,18,Aye
8365,2738,21,Aye
8366,2739,7,Aye
8367,2739,1,Aye
8368,2739,17,Aye
8369,2739,8,Aye
8370,2739,9,Aye
8371,2739,18,Abstain
8372,2739,21,Aye
8373,2740,7,Aye
8374,2740,1,Aye
8375,2740,17,Aye
8376,2740,8,Aye
8377,2740,9,Aye
8378,2740,18,Aye
8379,2740,21,Aye
8380,2741,7,Aye
8381,2741,1,Aye
8382,2741,17,Aye
8383,2741,8,Aye
8384,2741,9,Aye
8385,2741,18,Aye
8386,2741,21,Aye
8387,2742,7,Aye
8388,2742,1,Aye
8389,2742,17,Aye
8390,2742,8,Aye
8391,2742,9,Aye
8392,2742,18,Aye
8393,2742,21,Aye
8394,2743,7,Aye
8395,2743,1,Aye
8396,2743,17,Aye
8397,2743,8,Aye
8398,2743,9,Aye
8399,2743,18,Aye
8400,2743,21,Aye
8401,2744,7,Aye
8402,2744,1,Aye
8403,2744,17,Aye
8404,2744,8,Aye
8405,2744,9,Aye
8406,2744,18,Aye
8407,2744,21,Aye
8408,2745,7,Aye
8409,2745,1,Aye
8410,2745,17,Aye
8411,2745,8,Aye
8412,2745,9,Aye
8413,2745,18,Aye
8414,2745,21,Aye
8415,2746,7,Aye
8416,2746,1,Aye
8417,2746,17,Aye
8418,2746,8,Aye
8419,2746,9,Nay
8420,2746,18,Nay
8421,2746,21,Aye
8422,2747,7,Aye
8423,2747,1,Aye
8424,2747,17,Aye
8425,2747,8,Aye
8426,2747,9,Aye
8427,2747,18,Aye
8428,2747,21,Aye
8429,2748,7,Aye
8430,2748,1,Aye
8431,2748,17,Aye
8432,2748,8,Aye
8433,2748,9,Aye
8434,2748,18,Abstain
8435,2748,21,Aye
8436,2749,7,Aye
8437,2749,1,Aye
8438,2749,17,Aye
8439,2749,8,Aye
8440,2749,9,Aye
8441,2749,18,Aye
8442,2749,21,Aye
8443,2750,7,Aye
8444,2750,1,Aye
8445,2750,17,Aye
8446,2750,8,Aye
8447,2750,9,Aye
8448,2750,18,Aye
8449,2750,21,Aye
8450,2751,7,Aye
8451,2751,1,Aye
8452,2751,17,Aye
8453,2751,8,Aye
8454,2751,9,Aye
8455,2751,18,Aye
8456,2751,21,Aye
8457,2752,7,Aye
8458,2752,1,Aye
8459,2752,17,Aye
8460,2752,8,Aye
8461,2752,9,Aye
8462,2752,18,Aye
8463,2752,21,Aye
8464,2753,7,Aye
8465,2753,1,Aye
8466,2753,17,Aye
8467,2753,8,Aye
8468,2753,9,Aye
8469,2753,18,Aye
8470,2753,21,Aye
8471,2754,7,Aye
8472,2754,1,Aye
8473,2754,17,Aye
8474,2754,8,Aye
8475,2754,9,Aye
8476,2754,18,Aye
8477,2754,21,Aye
8478,2755,7,Aye
8479,2755,1,Aye
8480,2755,17,Aye
8481,2755,8,Aye
8482,2755,9,Aye
8483,2755,18,Aye
8484,2755,21,Aye
8485,2756,7,Aye
8486,2756,1,Aye
8487,2756,17,Aye
8488,2756,8,Aye
8489,2756,9,Aye
8490,2756,18,Aye
8491,2756,21,Aye
8492,2757,7,Aye
8493,2757,1,Aye
8494,2757,17,Aye
8495,2757,8,Aye
8496,2757,9,Aye
8497,2757,18,Aye
8498,2757,21,Aye
8499,2758,7,Aye
8500,2758,1,Aye
8501,2758,17,Aye
8502,2758,8,Aye
8503,2758,9,Aye
8504,2758,18,Nay
8505,2758,21,Aye
8506,2759,7,Aye
8507,2759,1,Aye
8508,2759,17,Aye
8509,2759,8,Aye
8510,2759,9,Aye
8511,2759,18,Aye
8512,2759,21,Aye
8513,2760,7,Aye
8514,2760,1,Aye
8515,2760,17,Aye
8516,2760,8,Aye
8517,2760,9,Aye
8518,2760,18,Aye
8519,2760,21,Aye
8520,2761,7,Aye
8521,2761,1,Aye
8522,2761,17,Aye
8523,2761,8,Aye
8524,2761,9,Aye
8525,2761,18,Aye
8526,2761,21,Aye
8527,2762,17,Aye
8528,2762,8,Aye
8529,2762,9,Aye
8530,2762,18,Aye
8531,2762,21,Aye
8532,2762,7,Nay
8533,2762,1,Nay
8534,2763,17,Aye
8535,2763,8,Aye
8536,2763,9,Aye
8537,2763,18,Aye
8538,2763,21,Aye
8539,2763,7,Aye
8540,2763,1,Aye
8541,2764,17,Aye
8542,2764,8,Aye
8543,2764,9,Aye
8544,2764,18,Aye
8545,2764,21,Aye
8546,2764,7,Aye
8547,2764,1,Aye
8548,2765,17,Aye
8549,2765,8,Aye
8550,2765,9,Aye
8551,2765,18,Aye
8552,2765,21,Aye
8553,2765,7,Aye
8554,2765,1,Aye
8555,2766,17,Aye
8556,2766,8,Aye
8557,2766,9,Aye
8558,2766,18,Aye
8559,2766,21,Aye
8560,2766,7,Aye
8561,2766,1,Aye
8562,2767,17,Aye
8563,2767,8,Aye
8564,2767,9,Aye
8565,2767,18,Aye
8566,2767,21,Aye
8567,2767,7,Aye
8568,2767,1,Aye
8569,2768,17,Aye
8570,2768,8,Aye
8571,2768,9,Aye
8572,2768,18,Aye
8573,2768,21,Aye
8574,2768,7,Aye
8575,2768,1,Aye
8576,2769,17,Aye
8577,2769,8,Aye
8578,2769,9,Aye
8579,2769,18,Aye
8580,2769,21,Aye
8581,2769,7,Aye
8582,2769,1,Aye
8583,2770,17,Aye
8584,2770,8,Aye
8585,2770,9,Aye
8586,2770,18,Aye
8587,2770,21,Aye
8588,2770,7,Aye
8589,2770,1,Aye
8590,2771,17,Aye
8591,2771,8,Aye
8592,2771,9,Aye
8593,2771,18,Aye
8594,2771,21,Aye
8595,2771,7,Aye
8596,2771,1,Aye
8597,2772,7,Aye
8598,2772,1,Aye
8599,2772,17,Aye
8600,2772,8,Aye
8601,2772,9,Aye
8602,2772,18,Aye
8603,2772,21,Aye
8604,2773,7,Aye
8605,2773,1,Aye
8606,2773,17,Aye
8607,2773,8,Aye
8608,2773,9,Aye
8609,2773,18,Aye
8610,2773,21,Aye
8611,2774,7,Aye
8612,2774,1,Aye
8613,2774,8,Aye
8614,2774,9,Aye
8615,2774,21,Aye
8616,2774,17,Nay
8617,2774,18,Nay
8618,2775,1,Aye
8619,2775,17,Aye
8620,2775,8,Aye
8621,2775,9,Aye
8622,2775,18,Aye
8623,2775,21,Aye
8624,2775,7,Nay
8625,2776,1,Aye
8626,2776,17,Aye
8627,2776,7,Aye
8628,2776,8,Aye
8629,2776,9,Aye
8630,2776,18,Aye
8631,2776,21,Aye
8632,2777,7,Aye
8633,2777,1,Aye
8634,2777,17,Aye
8635,2777,8,Aye
8636,2777,9,Aye
8637,2777,18,Aye
8638,2777,21,Aye
8639,2778,7,Aye
8640,2778,1,Aye
8641,2778,17,Aye
8642,2778,8,Aye
8643,2778,9,Aye
8644,2778,18,Aye
8645,2778,21,Aye
8646,2779,7,Aye
8647,2779,1,Aye
8648,2779,17,Aye
8649,2779,8,Aye
8650,2779,9,Aye
8651,2779,18,Aye
8652,2779,21,Aye
8653,2780,7,Aye
8654,2780,1,Aye
8655,2780,17,Aye
8656,2780,8,Aye
8657,2780,9,Aye
8658,2780,18,Aye
8659,2780,21,Aye
8660,2781,7,Aye
8661,2781,1,Aye
8662,2781,17,Aye
8663,2781,8,Aye
8664,2781,9,Aye
8665,2781,18,Aye
8666,2781,21,Aye
8667,2782,7,Aye
8668,2782,1,Aye
8669,2782,17,Aye
8670,2782,8,Aye
8671,2782,9,Aye
8672,2782,18,Aye
8673,2782,21,Aye
8674,2783,7,Aye
8675,2783,1,Aye
8676,2783,17,Aye
8677,2783,8,Aye
8678,2783,9,Aye
8679,2783,18,Aye
8680,2783,21,Aye
8681,2784,7,Aye
8682,2784,1,Aye
8683,2784,17,Aye
8684,2784,8,Aye
8685,2784,9,Aye
8686,2784,18,Aye
8687,2784,21,Aye
8688,2785,7,Aye
8689,2785,1,Aye
8690,2785,17,Aye
8691,2785,8,Aye
8692,2785,9,Aye
8693,2785,18,Aye
8694,2785,21,Aye
8695,2786,7,Aye
8696,2786,1,Aye
8697,2786,17,Aye
8698,2786,8,Aye
8699,2786,9,Aye
8700,2786,18,Aye
8701,2786,21,Aye
8702,2787,7,Aye
8703,2787,1,Aye
8704,2787,17,Aye
8705,2787,8,Aye
8706,2787,9,Aye
8707,2787,21,Aye
8708,2787,18,Nay
8709,2788,7,Aye
8710,2788,1,Aye
8711,2788,17,Aye
8712,2788,8,Aye
8713,2788,9,Aye
8714,2788,18,Aye
8715,2788,21,Aye
8716,2789,7,Aye
8717,2789,1,Aye
8718,2789,17,Aye
8719,2789,8,Aye
8720,2789,9,Aye
8721,2789,18,Aye
8722,2789,21,Aye
8723,2791,7,Aye
8724,2791,17,Aye
8725,2791,8,Aye
8726,2791,21,Aye
8727,2791,1,Absent
8728,2791,9,Absent
8729,2791,18,Absent
8730,2792,7,Aye
8731,2792,17,Aye
8732,2792,8,Aye
8733,2792,21,Aye
8734,2792,1,Absent
8735,2792,9,Absent
8736,2792,18,Absent
8737,2793,7,Aye
8738,2793,17,Aye
8739,2793,8,Aye
8740,2793,21,Aye
8741,2793,1,Absent
8742,2793,9,Absent
8743,2793,18,Absent
8744,2794,1,Aye
8745,2794,17,Aye
8746,2794,8,Aye
8747,2794,9,Aye
8748,2794,18,Aye
8749,2794,21,Absent
8750,2795,1,Aye
8751,2795,17,Aye
8752,2795,8,Aye
8753,2795,9,Aye
8754,2795,18,Aye
8755,2795,21,Absent
8756,2796,1,Aye
8757,2796,17,Aye
8758,2796,8,Aye
8759,2796,9,Aye
8760,2796,18,Aye
8761,2796,21,Absent
8762,2797,1,Aye
8763,2797,17,Aye
8764,2797,8,Aye
8765,2797,9,Aye
8766,2797,18,Aye
8767,2797,21,Absent
8768,2798,1,Aye
8769,2798,17,Aye
8770,2798,8,Aye
8771,2798,9,Aye
8772,2798,18,Aye
8773,2798,21,Absent
8774,2799,1,Aye
8775,2799,17,Aye
8776,2799,8,Aye
8777,2799,9,Aye
8778,2799,18,Aye
8779,2800,1,Aye
8780,2800,17,Aye
8781,2800,8,Aye
8782,2800,9,Aye
8783,2800,18,Aye
8784,2800,21,Absent
8785,2801,1,Aye
8786,2801,17,Aye
8787,2801,8,Aye
8788,2801,9,Aye
8789,2801,18,Aye
8790,2801,21,Absent
8791,2802,1,Aye
8792,2802,17,Aye
8793,2802,8,Aye
8794,2802,9,Aye
8795,2802,18,Aye
8796,2802,21,Absent
8797,2803,1,Aye
8798,2803,17,Aye
8799,2803,8,Aye
8800,2803,9,Aye
8801,2803,18,Aye
8802,2803,21,Absent
8803,2804,1,Aye
8804,2804,17,Aye
8805,2804,8,Aye
8806,2804,9,Aye
8807,2804,18,Aye
8808,2804,21,Absent
8809,2805,7,Aye
8810,2805,1,Aye
8811,2805,17,Aye
8812,2805,8,Aye
8813,2805,9,Aye
8814,2805,18,Aye
8815,2805,21,Aye
8816,2806,7,Aye
8817,2806,1,Aye
8818,2806,17,Aye
8819,2806,8,Aye
8820,2806,9,Aye
8821,2806,18,Aye
8822,2806,21,Aye
8823,2807,7,Aye
8824,2807,1,Aye
8825,2807,17,Aye
8826,2807,8,Aye
8827,2807,9,Aye
8828,2807,18,Aye
8829,2807,21,Aye
8830,2808,7,Aye
8831,2808,1,Aye
8832,2808,17,Aye
8833,2808,8,Aye
8834,2808,9,Aye
8835,2808,18,Aye
8836,2808,21,Aye
8837,2809,7,Aye
8838,2809,1,Aye
8839,2809,17,Aye
8840,2809,8,Aye
8841,2809,9,Aye
8842,2809,18,Aye
8843,2809,21,Aye
8844,2810,7,Aye
8845,2810,1,Aye
8846,2810,17,Aye
8847,2810,8,Aye
8848,2810,9,Aye
8849,2810,18,Aye
8850,2810,21,Aye
8851,2811,7,Aye
8852,2811,1,Aye
8853,2811,17,Aye
8854,2811,8,Aye
8855,2811,9,Aye
8856,2811,18,Aye
8857,2811,21,Aye
8858,2812,7,Aye
8859,2812,1,Aye
8860,2812,17,Aye
8861,2812,8,Aye
8862,2812,9,Aye
8863,2812,18,Aye
8864,2812,21,Aye
8865,2813,7,Aye
8866,2813,1,Aye
8867,2813,17,Aye
8868,2813,8,Aye
8869,2813,9,Aye
8870,2813,18,Aye
8871,2813,21,Aye
8872,2814,7,Aye
8873,2814,1,Aye
8874,2814,17,Aye
8875,2814,8,Aye
8876,2814,9,Aye
8877,2814,18,Aye
8878,2814,21,Aye
8879,2815,7,Aye
8880,2815,1,Aye
8881,2815,17,Aye
8882,2815,8,Aye
8883,2815,9,Aye
8884,2815,18,Aye
8885,2815,21,Aye
8886,2816,7,Aye
8887,2816,1,Aye
8888,2816,17,Aye
8889,2816,8,Aye
8890,2816,9,Aye
8891,2816,18,Aye
8892,2816,21,Aye
8893,2817,7,Aye
8894,2817,1,Aye
8895,2817,17,Aye
8896,2817,8,Aye
8897,2817,9,Aye
8898,2817,18,Aye
8899,2817,21,Aye
8900,2818,7,Aye
8901,2818,1,Aye
8902,2818,17,Aye
8903,2818,8,Aye
8904,2818,9,Aye
8905,2818,18,Aye
8906,2818,21,Aye
8907,2819,7,Aye
8908,2819,1,Aye
8909,2819,17,Aye
8910,2819,8,Aye
8911,2819,9,Aye
8912,2819,18,Aye
8913,2819,21,Aye
8914,2820,7,Aye
8915,2820,1,Aye
8916,2820,17,Aye
8917,2820,8,Aye
8918,2820,9,Aye
8919,2820,18,Aye
8920,2820,21,Aye
8921,2821,7,Aye
8922,2821,1,Aye
8923,2821,17,Aye
8924,2821,8,Aye
8925,2821,9,Aye
8926,2821,18,Aye
8927,2821,21,Aye
8928,2822,7,Aye
8929,2822,1,Aye
8930,2822,17,Aye
8931,2822,8,Aye
8932,2822,9,Aye
8933,2822,18,Aye
8934,2822,21,Aye
8935,2823,7,Aye
8936,2823,1,Aye
8937,2823,17,Aye
8938,2823,8,Aye
8939,2823,9,Aye
8940,2823,18,Aye
8941,2823,21,Aye
8942,2824,7,Aye
8943,2824,1,Aye
8944,2824,17,Aye
8945,2824,8,Aye
8946,2824,9,Aye
8947,2824,18,Aye
8948,2824,21,Aye
8949,2825,7,Aye
8950,2825,1,Aye
8951,2825,17,Aye
8952,2825,8,Aye
8953,2825,9,Aye
8954,2825,18,Aye
8955,2825,21,Aye
8956,2826,7,Aye
8957,2826,1,Aye
8958,2826,17,Aye
8959,2826,8,Aye
8960,2826,9,Aye
8961,2826,18,Aye
8962,2826,21,Aye
8963,2827,7,Aye
8964,2827,1,Aye
8965,2827,17,Aye
8966,2827,8,Aye
8967,2827,9,Aye
8968,2827,18,Aye
8969,2827,21,Aye
8970,2828,7,Aye
8971,2828,1,Aye
8972,2828,17,Aye
8973,2828,8,Aye
8974,2828,9,Aye
8975,2828,18,Aye
8976,2828,21,Aye
8977,2829,7,Aye
8978,2829,1,Aye
8979,2829,17,Aye
8980,2829,8,Aye
8981,2829,9,Aye
8982,2829,18,Aye
8983,2829,21,Aye
8984,2830,7,Aye
8985,2830,1,Aye
8986,2830,17,Aye
8987,2830,8,Aye
8988,2830,9,Aye
8989,2830,18,Aye
8990,2830,21,Aye
8991,2831,7,Aye
8992,2831,1,Aye
8993,2831,17,Aye
8994,2831,8,Aye
8995,2831,9,Aye
8996,2831,18,Aye
8997,2831,21,Aye
8998,2832,7,Aye
8999,2832,1,Aye
9000,2832,17,Aye
9001,2832,8,Aye
9002,2832,9,Aye
9003,2832,18,Aye
9004,2832,21,Aye
9005,2833,7,Aye
9006,2833,1,Aye
9007,2833,17,Aye
9008,2833,8,Aye
9009,2833,9,Aye
9010,2833,18,Aye
9011,2833,21,Aye
9012,2834,7,Aye
9013,2834,1,Aye
9014,2834,17,Aye
9015,2834,8,Aye
9016,2834,9,Aye
9017,2834,18,Aye
9018,2834,21,Aye
9019,2835,7,Aye
9020,2835,1,Aye
9021,2835,17,Aye
9022,2835,8,Aye
9023,2835,9,Aye
9024,2835,18,Aye
9025,2835,21,Aye
9026,2836,7,Aye
9027,2836,1,Aye
9028,2836,17,Aye
9029,2836,8,Aye
9030,2836,9,Aye
9031,2836,18,Aye
9032,2836,21,Aye
9033,2837,7,Aye
9034,2837,1,Aye
9035,2837,17,Aye
9036,2837,8,Aye
9037,2837,9,Aye
9038,2837,18,Aye
9039,2837,21,Aye
9040,2838,7,Aye
9041,2838,1,Aye
9042,2838,17,Aye
9043,2838,8,Aye
9044,2838,9,Aye
9045,2838,18,Aye
9046,2838,21,Aye
9047,2839,17,Aye
9048,2839,9,Aye
9049,2839,21,Aye
9050,2839,1,Nay
9051,2839,18,Nay
9052,2839,8,Nay
9053,2839,7,Nay
9054,2840,1,Aye
9055,2840,17,Aye
9056,2840,9,Aye
9057,2840,7,Nay
9058,2840,8,Nay
9059,2840,18,Nay
9060,2840,21,Nay
9061,2841,7,Aye
9062,2841,8,Aye
9063,2841,18,Aye
9064,2841,21,Aye
9065,2841,1,Nay
9066,2841,17,Nay
9067,2841,9,Nay
9068,2842,7,Aye
9069,2842,1,Aye
9070,2842,17,Aye
9071,2842,8,Aye
9072,2842,9,Aye
9073,2842,18,Aye
9074,2842,21,Aye
9075,2843,7,Aye
9076,2843,1,Aye
9077,2843,17,Aye
9078,2843,8,Aye
9079,2843,9,Aye
9080,2843,18,Aye
9081,2843,21,Aye
9082,2844,7,Aye
9083,2844,1,Aye
9084,2844,17,Aye
9085,2844,8,Aye
9086,2844,9,Aye
9087,2844,18,Aye
9088,2844,21,Aye
9089,2845,7,Aye
9090,2845,1,Aye
9091,2845,17,Aye
9092,2845,8,Aye
9093,2845,9,Aye
9094,2845,18,Aye
9095,2845,21,Aye
9096,2846,7,Aye
9097,2846,1,Aye
9098,2846,17,Aye
9099,2846,8,Aye
9100,2846,9,Aye
9101,2846,18,Aye
9102,2846,21,Aye
9103,2847,7,Aye
9104,2847,1,Aye
9105,2847,17,Aye
9106,2847,8,Aye
9107,2847,9,Aye
9108,2847,18,Aye
9109,2847,21,Aye
9110,2848,7,Aye
9111,2848,1,Aye
9112,2848,17,Aye
9113,2848,8,Aye
9114,2848,9,Aye
9115,2848,18,Aye
9116,2848,21,Aye
9117,2849,7,Aye
9118,2849,1,Aye
9119,2849,17,Aye
9120,2849,8,Aye
9121,2849,9,Aye
9122,2849,18,Aye
9123,2849,21,Aye
9124,2850,7,Aye
9125,2850,1,Aye
9126,2850,17,Aye
9127,2850,8,Aye
9128,2850,9,Aye
9129,2850,18,Aye
9130,2850,21,Aye
9131,2851,7,Aye
9132,2851,1,Aye
9133,2851,17,Aye
9134,2851,8,Aye
9135,2851,9,Aye
9136,2851,18,Aye
9137,2851,21,Aye
9138,2852,7,Aye
9139,2852,1,Aye
9140,2852,17,Aye
9141,2852,8,Aye
9142,2852,9,Aye
9143,2852,18,Aye
9144,2852,21,Aye
9145,2853,7,Aye
9146,2853,1,Aye
9147,2853,17,Aye
9148,2853,8,Aye
9149,2853,9,Aye
9150,2853,18,Aye
9151,2853,21,Aye
9152,2854,7,Aye
9153,2854,1,Aye
9154,2854,17,Aye
9155,2854,8,Aye
9156,2854,9,Aye
9157,2854,18,Aye
9158,2854,21,Aye
9159,2855,7,Aye
9160,2855,1,Aye
9161,2855,17,Aye
9162,2855,8,Aye
9163,2855,9,Aye
9164,2855,21,Aye
9165,2855,18,Abstain
9166,2856,7,Aye
9167,2856,1,Aye
9168,2856,17,Aye
9169,2856,8,Aye
9170,2856,9,Aye
9171,2856,18,Aye
9172,2856,21,Aye
9173,2857,7,Aye
9174,2857,1,Aye
9175,2857,17,Aye
9176,2857,8,Aye
9177,2857,9,Aye
9178,2857,21,Aye
9179,2857,18,Nay
9180,2858,7,Aye
9181,2858,1,Aye
9182,2858,17,Aye
9183,2858,8,Aye
9184,2858,9,Aye
9185,2858,18,Aye
9186,2858,21,Aye
9187,2859,7,Aye
9188,2859,1,Aye
9189,2859,17,Aye
9190,2859,8,Aye
9191,2859,9,Aye
9192,2859,18,Aye
9193,2859,21,Aye
9194,2860,7,Aye
9195,2860,1,Aye
9196,2860,17,Aye
9197,2860,8,Aye
9198,2860,9,Aye
9199,2860,18,Aye
9200,2860,21,Aye
9201,2861,7,Aye
9202,2861,1,Aye
9203,2861,17,Aye
9204,2861,8,Aye
9205,2861,9,Aye
9206,2861,18,Aye
9207,2861,21,Aye
9208,2862,7,Aye
9209,2862,1,Aye
9210,2862,17,Aye
9211,2862,8,Aye
9212,2862,9,Aye
9213,2862,18,Aye
9214,2862,21,Aye
9215,2863,7,Aye
9216,2863,1,Aye
9217,2863,17,Aye
9218,2863,8,Aye
9219,2863,9,Aye
9220,2863,18,Aye
9221,2863,21,Aye
9222,2864,7,Aye
9223,2864,1,Aye
9224,2864,17,Aye
9225,2864,8,Aye
9226,2864,9,Aye
9227,2864,18,Aye
9228,2864,21,Aye
9229,2865,7,Aye
9230,2865,1,Aye
9231,2865,8,Aye
9232,2865,9,Aye
9233,2865,18,Aye
9234,2865,21,Aye
9235,2865,17,Absent
9236,2866,7,Aye
9237,2866,1,Aye
9238,2866,17,Aye
9239,2866,8,Aye
9240,2866,9,Aye
9241,2866,18,Aye
9242,2866,21,Aye
9243,2867,7,Aye
9244,2867,1,Aye
9245,2867,17,Aye
9246,2867,8,Aye
9247,2867,9,Aye
9248,2867,18,Aye
9249,2867,21,Aye
9250,2868,7,Aye
9251,2868,17,Aye
9252,2868,8,Aye
9253,2868,9,Aye
9254,2868,18,Aye
9255,2868,21,Aye
9256,2868,1,Nay
9257,2869,7,Aye
9258,2869,1,Aye
9259,2869,17,Aye
9260,2869,8,Aye
9261,2869,9,Aye
9262,2869,18,Aye
9263,2869,21,Aye
9264,2871,7,Aye
9265,2871,1,Aye
9266,2871,17,Aye
9267,2871,8,Aye
9268,2871,9,Aye
9269,2871,18,Aye
9270,2871,21,Aye
9271,2872,7,Aye
9272,2872,1,Aye
9273,2872,17,Aye
9274,2872,8,Aye
9275,2872,9,Aye
9276,2872,18,Aye
9277,2872,21,Aye
9278,2873,7,Aye
9279,2873,1,Aye
9280,2873,17,Aye
9281,2873,8,Aye
9282,2873,9,Aye
9283,2873,18,Aye
9284,2873,21,Aye
9285,2874,7,Aye
9286,2874,1,Aye
9287,2874,17,Aye
9288,2874,8,Aye
9289,2874,9,Aye
9290,2874,18,Aye
9291,2874,21,Aye
9292,2875,7,Aye
9293,2875,1,Aye
9294,2875,17,Aye
9295,2875,8,Aye
9296,2875,9,Aye
9297,2875,18,Aye
9298,2875,21,Aye
9299,2876,7,Aye
9300,2876,1,Aye
9301,2876,17,Aye
9302,2876,8,Aye
9303,2876,9,Aye
9304,2876,18,Aye
9305,2876,21,Aye
9306,2877,7,Aye
9307,2877,1,Aye
9308,2877,17,Aye
9309,2877,8,Aye
9310,2877,9,Aye
9311,2877,18,Aye
9312,2877,21,Aye
9313,2878,7,Aye
9314,2878,1,Aye
9315,2878,17,Aye
9316,2878,8,Aye
9317,2878,9,Aye
9318,2878,18,Aye
9319,2878,21,Aye
9320,2879,7,Aye
9321,2879,1,Aye
9322,2879,17,Aye
9323,2879,8,Aye
9324,2879,9,Aye
9325,2879,18,Aye
9326,2879,21,Aye
9327,2880,7,Aye
9328,2880,1,Aye
9329,2880,17,Aye
9330,2880,8,Aye
9331,2880,9,Aye
9332,2880,18,Aye
9333,2880,21,Aye
9334,2881,7,Aye
9335,2881,1,Aye
9336,2881,17,Aye
9337,2881,8,Aye
9338,2881,9,Aye
9339,2881,18,Aye
9340,2881,21,Aye
9341,2882,7,Aye
9342,2882,1,Aye
9343,2882,17,Aye
9344,2882,8,Aye
9345,2882,9,Aye
9346,2882,18,Aye
9347,2882,21,Aye
9348,2883,7,Aye
9349,2883,1,Aye
9350,2883,17,Aye
9351,2883,8,Aye
9352,2883,9,Aye
9353,2883,18,Aye
9354,2883,21,Aye
9355,2884,7,Aye
9356,2884,1,Aye
9357,2884,17,Aye
9358,2884,8,Aye
9359,2884,9,Aye
9360,2884,18,Aye
9361,2884,21,Aye
9362,2885,7,Aye
9363,2885,1,Aye
9364,2885,17,Aye
9365,2885,8,Aye
9366,2885,9,Aye
9367,2885,18,Aye
9368,2885,21,Aye
9369,2886,7,Aye
9370,2886,1,Aye
9371,2886,17,Aye
9372,2886,8,Aye
9373,2886,9,Aye
9374,2886,18,Aye
9375,2886,21,Aye
9376,2887,7,Aye
9377,2887,1,Aye
9378,2887,17,Aye
9379,2887,8,Aye
9380,2887,9,Aye
9381,2887,18,Aye
9382,2887,21,Aye
9383,2888,7,Aye
9384,2888,1,Aye
9385,2888,17,Aye
9386,2888,8,Aye
9387,2888,9,Aye
9388,2888,18,Aye
9389,2888,21,Aye
9390,2889,7,Aye
9391,2889,1,Aye
9392,2889,17,Aye
9393,2889,8,Aye
9394,2889,9,Aye
9395,2889,18,Aye
9396,2889,21,Aye
9397,2890,17,Aye
9398,2890,9,Aye
9399,2890,21,Aye
9400,2890,1,Nay
9401,2890,18,Nay
9402,2890,8,Nay
9403,2890,7,Nay
9404,2891,1,Aye
9405,2891,17,Aye
9406,2891,9,Aye
9407,2891,7,Nay
9408,2891,8,Nay
9409,2891,18,Nay
9410,2891,21,Nay
9411,2892,7,Aye
9412,2892,8,Aye
9413,2892,18,Aye
9414,2892,21,Aye
9415,2892,1,Nay
9416,2892,17,Nay
9417,2892,9,Nay
9418,2893,7,Aye
9419,2893,1,Aye
9420,2893,17,Aye
9421,2893,8,Aye
9422,2893,9,Aye
9423,2893,18,Aye
9424,2893,21,Aye
9425,2894,7,Aye
9426,2894,1,Aye
9427,2894,17,Aye
9428,2894,8,Aye
9429,2894,9,Aye
9430,2894,18,Aye
9431,2894,21,Aye
9432,2895,7,Aye
9433,2895,1,Aye
9434,2895,17,Aye
9435,2895,8,Aye
9436,2895,9,Aye
9437,2895,18,Aye
9438,2895,21,Aye
9439,2896,7,Aye
9440,2896,1,Aye
9441,2896,17,Aye
9442,2896,8,Aye
9443,2896,9,Aye
9444,2896,18,Aye
9445,2896,21,Aye
9446,2897,7,Aye
9447,2897,1,Aye
9448,2897,17,Aye
9449,2897,8,Aye
9450,2897,9,Aye
9451,2897,18,Aye
9452,2897,21,Aye
9453,2898,7,Aye
9454,2898,1,Aye
9455,2898,17,Aye
9456,2898,8,Aye
9457,2898,9,Aye
9458,2898,18,Aye
9459,2898,21,Aye
9460,2899,7,Aye
9461,2899,1,Aye
9462,2899,17,Aye
9463,2899,8,Aye
9464,2899,9,Aye
9465,2899,18,Aye
9466,2899,21,Aye
9467,2900,7,Aye
9468,2900,1,Aye
9469,2900,17,Aye
9470,2900,8,Aye
9471,2900,9,Aye
9472,2900,18,Aye
9473,2900,21,Aye
9474,2901,7,Aye
9475,2901,1,Aye
9476,2901,17,Aye
9477,2901,8,Aye
9478,2901,9,Aye
9479,2901,18,Aye
9480,2901,21,Aye
9481,2902,7,Aye
9482,2902,1,Aye
9483,2902,17,Aye
9484,2902,8,Aye
9485,2902,9,Aye
9486,2902,18,Aye
9487,2902,21,Aye
9488,2903,7,Aye
9489,2903,1,Aye
9490,2903,17,Aye
9491,2903,8,Aye
9492,2903,9,Aye
9493,2903,18,Aye
9494,2903,21,Aye
9495,2904,7,Aye
9496,2904,1,Aye
9497,2904,17,Aye
9498,2904,8,Aye
9499,2904,9,Aye
9500,2904,18,Aye
9501,2904,21,Aye
9502,2905,7,Aye
9503,2905,1,Aye
9504,2905,17,Aye
9505,2905,8,Aye
9506,2905,9,Aye
9507,2905,18,Aye
9508,2905,21,Aye
9509,2906,7,Aye
9510,2906,1,Aye
9511,2906,17,Aye
9512,2906,8,Aye
9513,2906,9,Aye
9514,2906,21,Aye
9515,2906,18,Abstain
9516,2907,7,Aye
9517,2907,1,Aye
9518,2907,17,Aye
9519,2907,8,Aye
9520,2907,9,Aye
9521,2907,18,Aye
9522,2907,21,Aye
9523,2908,7,Aye
9524,2908,1,Aye
9525,2908,17,Aye
9526,2908,8,Aye
9527,2908,9,Aye
9528,2908,21,Aye
9529,2908,18,Nay
9530,2909,7,Aye
9531,2909,1,Aye
9532,2909,17,Aye
9533,2909,8,Aye
9534,2909,9,Aye
9535,2909,18,Aye
9536,2909,21,Aye
9537,2910,7,Aye
9538,2910,1,Aye
9539,2910,17,Aye
9540,2910,8,Aye
9541,2910,9,Aye
9542,2910,18,Aye
9543,2910,21,Aye
9544,2911,7,Aye
9545,2911,1,Aye
9546,2911,17,Aye
9547,2911,8,Aye
9548,2911,9,Aye
9549,2911,18,Aye
9550,2911,21,Aye
9551,2912,7,Aye
9552,2912,1,Aye
9553,2912,17,Aye
9554,2912,8,Aye
9555,2912,9,Aye
9556,2912,18,Aye
9557,2912,21,Aye
9558,2913,7,Aye
9559,2913,1,Aye
9560,2913,17,Aye
9561,2913,8,Aye
9562,2913,9,Aye
9563,2913,18,Aye
9564,2913,21,Aye
9565,2914,7,Aye
9566,2914,1,Aye
9567,2914,17,Aye
9568,2914,8,Aye
9569,2914,9,Aye
9570,2914,18,Aye
9571,2914,21,Aye
9572,2915,7,Aye
9573,2915,1,Aye
9574,2915,17,Aye
9575,2915,8,Aye
9576,2915,9,Aye
9577,2915,18,Aye
9578,2915,21,Aye
9579,2916,7,Aye
9580,2916,1,Aye
9581,2916,8,Aye
9582,2916,9,Aye
9583,2916,18,Aye
9584,2916,21,Aye
9585,2916,17,Absent
9586,2917,17,Aye
9587,2917,8,Aye
9588,2917,18,Aye
9589,2917,21,Aye
9590,2918,7,Aye
9591,2918,17,Aye
9592,2918,8,Aye
9593,2918,18,Aye
9594,2918,21,Aye
9595,2918,15,Aye
9596,2918,9,Absent
9597,2919,7,Aye
9598,2919,17,Aye
9599,2919,8,Aye
9600,2919,18,Aye
9601,2919,21,Aye
9602,2919,15,Aye
9603,2919,9,Absent
9604,2920,7,Aye
9605,2920,17,Aye
9606,2920,8,Aye
9607,2920,18,Aye
9608,2920,21,Aye
9609,2920,15,Aye
9610,2920,9,Absent
9611,2921,7,Aye
9612,2921,17,Aye
9613,2921,8,Aye
9614,2921,18,Aye
9615,2921,21,Aye
9616,2921,15,Aye
9617,2921,9,Absent
9618,2922,7,Aye
9619,2922,17,Aye
9620,2922,8,Aye
9621,2922,18,Aye
9622,2922,21,Aye
9623,2922,15,Aye
9624,2922,9,Absent
9625,2923,7,Aye
9626,2923,17,Aye
9627,2923,8,Aye
9628,2923,18,Aye
9629,2923,21,Aye
9630,2923,15,Aye
9631,2923,9,Absent
9632,2924,7,Aye
9633,2924,17,Aye
9634,2924,8,Aye
9635,2924,18,Aye
9636,2924,21,Aye
9637,2924,15,Aye
9638,2924,9,Absent
9639,2925,9,Absent
9640,2926,7,Aye
9641,2926,17,Aye
9642,2926,8,Aye
9643,2926,18,Aye
9644,2926,21,Aye
9645,2926,15,Aye
9646,2927,7,Aye
9647,2927,17,Aye
9648,2927,8,Aye
9649,2927,15,Aye
9650,2927,18,Nay
9651,2927,21,Nay
9652,2927,9,Absent
9653,2928,7,Aye
9654,2928,17,Aye
9655,2928,8,Aye
9656,2928,18,Aye
9657,2928,21,Aye
9658,2928,15,Aye
9659,2928,9,Absent
9660,2929,7,Aye
9661,2929,17,Aye
9662,2929,8,Aye
9663,2929,18,Aye
9664,2929,21,Aye
9665,2929,15,Aye
9666,2929,9,Absent
9667,2930,7,Aye
9668,2930,17,Aye
9669,2930,8,Aye
9670,2930,18,Aye
9671,2930,21,Aye
9672,2930,15,Aye
9673,2930,9,Absent
9674,2931,7,Aye
9675,2931,17,Aye
9676,2931,8,Aye
9677,2931,9,Aye
9678,2931,18,Aye
9679,2931,21,Aye
9680,2931,15,Aye
9681,2932,7,Aye
9682,2932,17,Aye
9683,2932,8,Aye
9684,2932,9,Aye
9685,2932,18,Aye
9686,2932,21,Aye
9687,2932,15,Aye
9688,2933,7,Aye
9689,2933,17,Aye
9690,2933,8,Aye
9691,2933,9,Aye
9692,2933,18,Aye
9693,2933,21,Aye
9694,2933,15,Aye
9695,2934,7,Aye
9696,2934,17,Aye
9697,2934,8,Aye
9698,2934,9,Aye
9699,2934,18,Aye
9700,2934,21,Aye
9701,2934,15,Aye
9702,2935,7,Aye
9703,2935,17,Aye
9704,2935,8,Aye
9705,2935,9,Aye
9706,2935,18,Aye
9707,2935,21,Aye
9708,2935,15,Aye
9709,2936,7,Aye
9710,2936,17,Aye
9711,2936,8,Aye
9712,2936,9,Aye
9713,2936,18,Aye
9714,2936,21,Aye
9715,2936,15,Aye
9716,2937,7,Aye
9717,2937,17,Aye
9718,2937,8,Aye
9719,2937,9,Aye
9720,2937,18,Aye
9721,2937,21,Aye
9722,2937,15,Aye
9723,2938,7,Aye
9724,2938,17,Aye
9725,2938,8,Aye
9726,2938,9,Aye
9727,2938,18,Aye
9728,2938,21,Aye
9729,2938,15,Aye
9730,2939,7,Aye
9731,2939,17,Aye
9732,2939,8,Aye
9733,2939,9,Aye
9734,2939,18,Aye
9735,2939,21,Aye
9736,2939,15,Aye
9737,2940,7,Aye
9738,2940,17,Aye
9739,2940,8,Aye
9740,2940,9,Aye
9741,2940,18,Aye
9742,2940,21,Aye
9743,2940,15,Aye
9744,2941,7,Aye
9745,2941,17,Aye
9746,2941,8,Aye
9747,2941,9,Aye
9748,2941,18,Aye
9749,2941,21,Aye
9750,2941,15,Aye
9751,2942,7,Aye
9752,2942,17,Aye
9753,2942,8,Aye
9754,2942,9,Aye
9755,2942,18,Aye
9756,2942,21,Aye
9757,2942,15,Aye
9758,2943,7,Aye
9759,2943,17,Aye
9760,2943,8,Aye
9761,2943,9,Aye
9762,2943,18,Aye
9763,2943,21,Aye
9764,2943,15,Aye
9765,2944,7,Aye
9766,2944,17,Aye
9767,2944,8,Aye
9768,2944,9,Aye
9769,2944,18,Aye
9770,2944,21,Aye
9771,2944,15,Aye
9772,2945,17,Aye
9773,2945,8,Aye
9774,2945,18,Aye
9775,2945,21,Aye
9776,2946,7,Aye
9777,2946,17,Aye
9778,2946,8,Aye
9779,2946,18,Aye
9780,2946,21,Aye
9781,2946,15,Aye
9782,2946,9,Absent
9783,2947,7,Aye
9784,2947,17,Aye
9785,2947,8,Aye
9786,2947,18,Aye
9787,2947,21,Aye
9788,2947,15,Aye
9789,2947,9,Absent
9790,2948,7,Aye
9791,2948,17,Aye
9792,2948,8,Aye
9793,2948,18,Aye
9794,2948,21,Aye
9795,2948,15,Aye
9796,2948,9,Absent
9797,2949,7,Aye
9798,2949,17,Aye
9799,2949,8,Aye
9800,2949,18,Aye
9801,2949,21,Aye
9802,2949,15,Aye
9803,2949,9,Absent
9804,2950,7,Aye
9805,2950,17,Aye
9806,2950,8,Aye
9807,2950,18,Aye
9808,2950,21,Aye
9809,2950,15,Aye
9810,2950,9,Absent
9811,2951,7,Aye
9812,2951,17,Aye
9813,2951,8,Aye
9814,2951,18,Aye
9815,2951,21,Aye
9816,2951,15,Aye
9817,2951,9,Absent
9818,2952,7,Aye
9819,2952,17,Aye
9820,2952,8,Aye
9821,2952,18,Aye
9822,2952,21,Aye
9823,2952,15,Aye
9824,2952,9,Absent
9825,2953,9,Absent
9826,2954,7,Aye
9827,2954,17,Aye
9828,2954,8,Aye
9829,2954,18,Aye
9830,2954,21,Aye
9831,2954,15,Aye
9832,2955,7,Aye
9833,2955,17,Aye
9834,2955,8,Aye
9835,2955,15,Aye
9836,2955,18,Nay
9837,2955,21,Nay
9838,2955,9,Absent
9839,2956,7,Aye
9840,2956,17,Aye
9841,2956,8,Aye
9842,2956,18,Aye
9843,2956,21,Aye
9844,2956,15,Aye
9845,2956,9,Absent
9846,2957,7,Aye
9847,2957,17,Aye
9848,2957,8,Aye
9849,2957,18,Aye
9850,2957,21,Aye
9851,2957,15,Aye
9852,2957,9,Absent
9853,2958,7,Aye
9854,2958,17,Aye
9855,2958,8,Aye
9856,2958,18,Aye
9857,2958,21,Aye
9858,2958,15,Aye
9859,2958,9,Absent
9860,2959,7,Aye
9861,2959,17,Aye
9862,2959,8,Aye
9863,2959,9,Aye
9864,2959,18,Aye
9865,2959,21,Aye
9866,2959,15,Aye
9867,2960,7,Aye
9868,2960,17,Aye
9869,2960,8,Aye
9870,2960,9,Aye
9871,2960,18,Aye
9872,2960,21,Aye
9873,2960,15,Aye
9874,2961,7,Aye
9875,2961,17,Aye
9876,2961,8,Aye
9877,2961,9,Aye
9878,2961,18,Aye
9879,2961,21,Aye
9880,2961,15,Aye
9881,2962,7,Aye
9882,2962,17,Aye
9883,2962,8,Aye
9884,2962,9,Aye
9885,2962,18,Aye
9886,2962,21,Aye
9887,2962,15,Aye
9888,2963,7,Aye
9889,2963,17,Aye
9890,2963,8,Aye
9891,2963,9,Aye
9892,2963,18,Aye
9893,2963,21,Aye
9894,2963,15,Aye
9895,2964,7,Aye
9896,2964,17,Aye
9897,2964,8,Aye
9898,2964,9,Aye
9899,2964,18,Aye
9900,2964,21,Aye
9901,2964,15,Aye
9902,2965,7,Aye
9903,2965,17,Aye
9904,2965,8,Aye
9905,2965,9,Aye
9906,2965,18,Aye
9907,2965,21,Aye
9908,2965,15,Aye
9909,2966,7,Aye
9910,2966,17,Aye
9911,2966,8,Aye
9912,2966,9,Aye
9913,2966,18,Aye
9914,2966,21,Aye
9915,2966,15,Aye
9916,2967,7,Aye
9917,2967,17,Aye
9918,2967,8,Aye
9919,2967,9,Aye
9920,2967,18,Aye
9921,2967,21,Aye
9922,2967,15,Aye
9923,2968,7,Aye
9924,2968,17,Aye
9925,2968,8,Aye
9926,2968,9,Aye
9927,2968,18,Aye
9928,2968,21,Aye
9929,2968,15,Aye
9930,2969,7,Aye
9931,2969,17,Aye
9932,2969,8,Aye
9933,2969,9,Aye
9934,2969,18,Aye
9935,2969,21,Aye
9936,2969,15,Aye
9937,2970,7,Aye
9938,2970,17,Aye
9939,2970,8,Aye
9940,2970,9,Aye
9941,2970,18,Aye
9942,2970,21,Aye
9943,2971,7,Aye
9944,2971,8,Aye
9945,2971,9,Aye
9946,2971,18,Aye
9947,2971,21,Aye
9948,2971,15,Aye
9949,2972,7,Aye
9950,2972,8,Aye
9951,2972,9,Aye
9952,2972,18,Aye
9953,2972,21,Aye
9954,2972,15,Aye
9955,2972,17,Absent
9956,2973,7,Aye
9957,2973,8,Aye
9958,2973,9,Aye
9959,2973,18,Aye
9960,2973,21,Aye
9961,2973,15,Aye
9962,2973,17,Absent
9963,2974,7,Aye
9964,2974,8,Aye
9965,2974,9,Aye
9966,2974,18,Aye
9967,2974,21,Aye
9968,2974,15,Aye
9969,2974,17,Absent
9970,2975,7,Aye
9971,2975,8,Aye
9972,2975,9,Aye
9973,2975,18,Aye
9974,2975,21,Aye
9975,2975,15,Aye
9976,2975,17,Absent
9977,2976,7,Aye
9978,2976,8,Aye
9979,2976,9,Aye
9980,2976,21,Aye
9981,2976,18,Nay
9982,2976,15,Nay
9983,2976,17,Absent
9984,2977,7,Aye
9985,2977,8,Aye
9986,2977,9,Aye
9987,2977,18,Aye
9988,2977,21,Aye
9989,2977,15,Aye
9990,2978,7,Aye
9991,2978,8,Aye
9992,2978,9,Aye
9993,2978,18,Aye
9994,2978,21,Aye
9995,2978,15,Aye
9996,2978,17,Absent
9997,2979,7,Aye
9998,2979,8,Aye
9999,2979,9,Aye
10000,2979,18,Aye
10001,2979,21,Aye
10002,2979,15,Aye
10003,2979,17,Absent
10004,2980,7,Aye
10005,2980,8,Aye
10006,2980,9,Aye
10007,2980,18,Aye
10008,2980,21,Aye
10009,2980,15,Aye
10010,2980,17,Absent
10011,2981,7,Aye
10012,2981,8,Aye
10013,2981,9,Aye
10014,2981,18,Aye
10015,2981,21,Aye
10016,2981,15,Aye
10017,2981,17,Absent
10018,2982,7,Aye
10019,2982,8,Aye
10020,2982,9,Aye
10021,2982,18,Aye
10022,2982,21,Aye
10023,2982,15,Aye
10024,2982,17,Absent
10025,2983,7,Aye
10026,2983,8,Aye
10027,2983,9,Aye
10028,2983,18,Aye
10029,2983,21,Aye
10030,2983,15,Aye
10031,2983,17,Absent
10032,2984,7,Aye
10033,2984,8,Aye
10034,2984,9,Aye
10035,2984,18,Aye
10036,2984,21,Aye
10037,2984,15,Aye
10038,2984,17,Absent
10039,2985,7,Aye
10040,2985,8,Aye
10041,2985,9,Aye
10042,2985,18,Aye
10043,2985,21,Aye
10044,2985,15,Aye
10045,2985,17,Absent
10046,2986,7,Aye
10047,2986,8,Aye
10048,2986,9,Aye
10049,2986,18,Aye
10050,2986,21,Aye
10051,2986,15,Aye
10052,2986,17,Absent
10053,2987,7,Aye
10054,2987,8,Aye
10055,2987,9,Aye
10056,2987,18,Aye
10057,2987,21,Aye
10058,2987,15,Aye
10059,2987,17,Absent
10060,2988,7,Aye
10061,2988,8,Aye
10062,2988,9,Aye
10063,2988,18,Aye
10064,2988,21,Aye
10065,2988,15,Aye
10066,2988,17,Absent
10067,2989,7,Aye
10068,2989,8,Aye
10069,2989,9,Aye
10070,2989,18,Aye
10071,2989,21,Aye
10072,2989,15,Aye
10073,2989,17,Absent
10074,2990,7,Aye
10075,2990,8,Aye
10076,2990,9,Aye
10077,2990,18,Aye
10078,2990,21,Aye
10079,2990,15,Aye
10080,2990,17,Absent
10081,2991,7,Aye
10082,2991,8,Aye
10083,2991,9,Aye
10084,2991,18,Aye
10085,2991,21,Aye
10086,2991,15,Aye
10087,2991,17,Absent
10088,2992,7,Aye
10089,2992,8,Aye
10090,2992,9,Aye
10091,2992,18,Aye
10092,2992,21,Aye
10093,2992,15,Aye
10094,2992,17,Absent
10095,2993,7,Aye
10096,2993,8,Aye
10097,2993,9,Aye
10098,2993,18,Aye
10099,2993,21,Aye
10100,2993,15,Aye
10101,2993,17,Absent
10102,2994,7,Aye
10103,2994,8,Aye
10104,2994,9,Aye
10105,2994,18,Aye
10106,2994,21,Aye
10107,2994,15,Aye
10108,2994,17,Absent
10109,2995,7,Aye
10110,2995,8,Aye
10111,2995,9,Aye
10112,2995,18,Aye
10113,2995,21,Aye
10114,2995,17,Absent
10115,2996,7,Aye
10116,2996,17,Aye
10117,2996,8,Aye
10118,2996,9,Aye
10119,2996,18,Aye
10120,2996,21,Aye
10121,2996,15,Aye
10122,2997,7,Aye
10123,2997,17,Aye
10124,2997,8,Aye
10125,2997,9,Aye
10126,2997,18,Aye
10127,2997,21,Aye
10128,2997,15,Aye
10129,2998,7,Aye
10130,2998,17,Aye
10131,2998,8,Aye
10132,2998,9,Aye
10133,2998,18,Aye
10134,2998,21,Aye
10135,2998,15,Aye
10136,2999,7,Aye
10137,2999,17,Aye
10138,2999,8,Aye
10139,2999,9,Aye
10140,2999,18,Aye
10141,2999,21,Aye
10142,2999,15,Aye
10143,3000,7,Aye
10144,3000,17,Aye
10145,3000,8,Aye
10146,3000,9,Aye
10147,3000,18,Aye
10148,3000,21,Aye
10149,3000,15,Aye
10150,3001,7,Aye
10151,3001,17,Aye
10152,3001,8,Aye
10153,3001,9,Aye
10154,3001,18,Aye
10155,3001,21,Aye
10156,3001,15,Aye
10157,3002,7,Aye
10158,3002,17,Aye
10159,3002,8,Aye
10160,3002,9,Aye
10161,3002,18,Aye
10162,3002,21,Aye
10163,3002,15,Aye
10164,3003,7,Aye
10165,3003,17,Aye
10166,3003,8,Aye
10167,3003,9,Aye
10168,3003,18,Aye
10169,3003,21,Aye
10170,3003,15,Aye
10171,3004,7,Aye
10172,3004,17,Aye
10173,3004,8,Aye
10174,3004,9,Aye
10175,3004,18,Aye
10176,3004,21,Aye
10177,3004,15,Aye
10178,3005,7,Aye
10179,3005,17,Aye
10180,3005,8,Aye
10181,3005,9,Aye
10182,3005,18,Aye
10183,3005,21,Aye
10184,3005,15,Aye
10185,3006,7,Aye
10186,3006,17,Aye
10187,3006,8,Aye
10188,3006,9,Aye
10189,3006,18,Aye
10190,3006,21,Aye
10191,3006,15,Aye
10192,3007,7,Aye
10193,3007,17,Aye
10194,3007,8,Aye
10195,3007,9,Aye
10196,3007,18,Aye
10197,3007,21,Aye
10198,3007,15,Aye
10199,3008,7,Aye
10200,3008,17,Aye
10201,3008,8,Aye
10202,3008,9,Aye
10203,3008,18,Aye
10204,3008,21,Aye
10205,3008,15,Aye
10206,3009,7,Aye
10207,3009,17,Aye
10208,3009,8,Aye
10209,3009,9,Aye
10210,3009,18,Aye
10211,3009,21,Aye
10212,3009,15,Aye
10213,3010,7,Aye
10214,3010,17,Aye
10215,3010,8,Aye
10216,3010,9,Aye
10217,3010,18,Aye
10218,3010,21,Aye
10219,3010,15,Aye
10220,3011,7,Aye
10221,3011,17,Aye
10222,3011,8,Aye
10223,3011,9,Aye
10224,3011,18,Aye
10225,3011,21,Aye
10226,3011,15,Aye
10227,3012,7,Aye
10228,3012,17,Aye
10229,3012,8,Aye
10230,3012,9,Aye
10231,3012,18,Aye
10232,3012,21,Aye
10233,3012,15,Aye
10234,3013,7,Aye
10235,3013,17,Aye
10236,3013,8,Aye
10237,3013,9,Aye
10238,3013,18,Aye
10239,3013,21,Aye
10240,3013,15,Aye
10241,3014,7,Aye
10242,3014,17,Aye
10243,3014,8,Aye
10244,3014,9,Aye
10245,3014,18,Aye
10246,3014,21,Aye
10247,3014,15,Aye
10248,3015,7,Aye
10249,3015,17,Aye
10250,3015,8,Aye
10251,3015,9,Aye
10252,3015,18,Aye
10253,3015,21,Aye
10254,3015,15,Aye
10255,3016,7,Aye
10256,3016,17,Aye
10257,3016,8,Aye
10258,3016,9,Aye
10259,3016,18,Aye
10260,3016,21,Aye
10261,3016,15,Aye
10262,3017,7,Aye
10263,3017,17,Aye
10264,3017,8,Aye
10265,3017,9,Aye
10266,3017,18,Aye
10267,3017,21,Aye
10268,3017,15,Aye
10269,3018,7,Aye
10270,3018,17,Aye
10271,3018,8,Aye
10272,3018,9,Aye
10273,3018,18,Aye
10274,3018,21,Aye
10275,3018,15,Aye
10276,3019,7,Aye
10277,3019,17,Aye
10278,3019,8,Aye
10279,3019,9,Aye
10280,3019,18,Aye
10281,3019,21,Aye
10282,3019,15,Aye
10283,3020,7,Aye
10284,3020,17,Aye
10285,3020,8,Aye
10286,3020,9,Aye
10287,3020,18,Aye
10288,3020,21,Aye
10289,3020,15,Aye
10290,3021,7,Aye
10291,3021,17,Aye
10292,3021,8,Aye
10293,3021,9,Aye
10294,3021,18,Aye
10295,3021,21,Aye
10296,3022,7,Aye
10297,3022,17,Aye
10298,3022,9,Aye
10299,3022,18,Aye
10300,3022,21,Aye
10301,3022,15,Aye
10302,3022,8,Absent
10303,3023,7,Aye
10304,3023,9,Aye
10305,3023,18,Aye
10306,3023,21,Aye
10307,3023,15,Aye
10308,3023,8,Absent
10309,3023,17,Abstain
10310,3025,7,Aye
10311,3025,17,Aye
10312,3025,9,Aye
10313,3025,18,Aye
10314,3025,21,Aye
10315,3025,15,Aye
10316,3025,8,Absent
10317,3026,7,Aye
10318,3026,17,Aye
10319,3026,9,Aye
10320,3026,18,Aye
10321,3026,21,Aye
10322,3026,15,Aye
10323,3026,8,Absent
10324,3027,7,Aye
10325,3027,17,Aye
10326,3027,9,Aye
10327,3027,18,Aye
10328,3027,21,Aye
10329,3027,15,Aye
10330,3027,8,Absent
10331,3028,7,Aye
10332,3028,17,Aye
10333,3028,9,Aye
10334,3028,18,Aye
10335,3028,21,Aye
10336,3028,15,Aye
10337,3028,8,Absent
10338,3029,7,Aye
10339,3029,17,Aye
10340,3029,9,Aye
10341,3029,18,Aye
10342,3029,21,Aye
10343,3029,15,Aye
10344,3029,8,Absent
10345,3030,7,Aye
10346,3030,17,Aye
10347,3030,9,Aye
10348,3030,18,Aye
10349,3030,21,Aye
10350,3030,15,Aye
10351,3030,8,Absent
10352,3031,7,Aye
10353,3031,17,Aye
10354,3031,9,Aye
10355,3031,18,Aye
10356,3031,21,Aye
10357,3031,15,Aye
10358,3031,8,Absent
10359,3032,7,Aye
10360,3032,17,Aye
10361,3032,9,Aye
10362,3032,18,Aye
10363,3032,21,Aye
10364,3032,15,Aye
10365,3032,8,Absent
10366,3033,7,Aye
10367,3033,17,Aye
10368,3033,9,Aye
10369,3033,18,Aye
10370,3033,21,Aye
10371,3033,15,Aye
10372,3033,8,Absent
10373,3034,7,Aye
10374,3034,17,Aye
10375,3034,9,Aye
10376,3034,18,Aye
10377,3034,21,Aye
10378,3034,15,Aye
10379,3034,8,Absent
10380,3035,7,Aye
10381,3035,17,Aye
10382,3035,9,Aye
10383,3035,18,Aye
10384,3035,21,Aye
10385,3035,15,Aye
10386,3035,8,Absent
10387,3036,7,Aye
10388,3036,17,Aye
10389,3036,9,Aye
10390,3036,18,Aye
10391,3036,21,Aye
10392,3036,15,Nay
10393,3036,8,Absent
10394,3037,7,Aye
10395,3037,17,Aye
10396,3037,9,Aye
10397,3037,18,Aye
10398,3037,21,Aye
10399,3037,15,Aye
10400,3037,8,Absent
10401,3038,7,Aye
10402,3038,17,Aye
10403,3038,9,Aye
10404,3038,18,Aye
10405,3038,21,Aye
10406,3038,15,Aye
10407,3038,8,Absent
10408,3039,7,Aye
10409,3039,17,Aye
10410,3039,9,Aye
10411,3039,18,Aye
10412,3039,21,Aye
10413,3039,15,Aye
10414,3039,8,Absent
10415,3040,7,Aye
10416,3040,8,Aye
10417,3040,9,Aye
10418,3040,18,Aye
10419,3040,21,Aye
10420,3040,15,Aye
10421,3041,7,Aye
10422,3041,8,Aye
10423,3041,9,Aye
10424,3041,18,Aye
10425,3041,21,Aye
10426,3041,15,Aye
10427,3041,17,Absent
10428,3042,7,Aye
10429,3042,8,Aye
10430,3042,9,Aye
10431,3042,18,Aye
10432,3042,21,Aye
10433,3042,15,Aye
10434,3042,17,Absent
10435,3043,7,Aye
10436,3043,8,Aye
10437,3043,9,Aye
10438,3043,18,Aye
10439,3043,21,Aye
10440,3043,15,Aye
10441,3043,17,Absent
10442,3044,7,Aye
10443,3044,8,Aye
10444,3044,9,Aye
10445,3044,18,Aye
10446,3044,21,Aye
10447,3044,15,Aye
10448,3044,17,Absent
10449,3045,7,Aye
10450,3045,8,Aye
10451,3045,9,Aye
10452,3045,21,Aye
10453,3045,18,Nay
10454,3045,15,Nay
10455,3045,17,Absent
10456,3046,7,Aye
10457,3046,8,Aye
10458,3046,9,Aye
10459,3046,18,Aye
10460,3046,21,Aye
10461,3046,15,Aye
10462,3047,7,Aye
10463,3047,8,Aye
10464,3047,9,Aye
10465,3047,18,Aye
10466,3047,21,Aye
10467,3047,15,Aye
10468,3047,17,Absent
10469,3048,7,Aye
10470,3048,8,Aye
10471,3048,9,Aye
10472,3048,18,Aye
10473,3048,21,Aye
10474,3048,15,Aye
10475,3048,17,Absent
10476,3049,7,Aye
10477,3049,8,Aye
10478,3049,9,Aye
10479,3049,18,Aye
10480,3049,21,Aye
10481,3049,15,Aye
10482,3049,17,Absent
10483,3050,7,Aye
10484,3050,8,Aye
10485,3050,9,Aye
10486,3050,18,Aye
10487,3050,21,Aye
10488,3050,15,Aye
10489,3050,17,Absent
10490,3051,7,Aye
10491,3051,8,Aye
10492,3051,9,Aye
10493,3051,18,Aye
10494,3051,21,Aye
10495,3051,15,Aye
10496,3051,17,Absent
10497,3052,7,Aye
10498,3052,8,Aye
10499,3052,9,Aye
10500,3052,18,Aye
10501,3052,21,Aye
10502,3052,15,Aye
10503,3052,17,Absent
10504,3053,7,Aye
10505,3053,8,Aye
10506,3053,9,Aye
10507,3053,18,Aye
10508,3053,21,Aye
10509,3053,15,Aye
10510,3053,17,Absent
10511,3054,7,Aye
10512,3054,8,Aye
10513,3054,9,Aye
10514,3054,18,Aye
10515,3054,21,Aye
10516,3054,15,Aye
10517,3054,17,Absent
10518,3055,7,Aye
10519,3055,8,Aye
10520,3055,9,Aye
10521,3055,18,Aye
10522,3055,21,Aye
10523,3055,15,Aye
10524,3055,17,Absent
10525,3056,7,Aye
10526,3056,8,Aye
10527,3056,9,Aye
10528,3056,18,Aye
10529,3056,21,Aye
10530,3056,15,Aye
10531,3056,17,Absent
10532,3057,7,Aye
10533,3057,8,Aye
10534,3057,9,Aye
10535,3057,18,Aye
10536,3057,21,Aye
10537,3057,15,Aye
10538,3057,17,Absent
10539,3058,7,Aye
10540,3058,8,Aye
10541,3058,9,Aye
10542,3058,18,Aye
10543,3058,21,Aye
10544,3058,15,Aye
10545,3058,17,Absent
10546,3059,7,Aye
10547,3059,8,Aye
10548,3059,9,Aye
10549,3059,18,Aye
10550,3059,21,Aye
10551,3059,15,Aye
10552,3059,17,Absent
10553,3060,7,Aye
10554,3060,8,Aye
10555,3060,9,Aye
10556,3060,18,Aye
10557,3060,21,Aye
10558,3060,15,Aye
10559,3060,17,Absent
10560,3061,7,Aye
10561,3061,8,Aye
10562,3061,9,Aye
10563,3061,18,Aye
10564,3061,21,Aye
10565,3061,15,Aye
10566,3061,17,Absent
10567,3062,7,Aye
10568,3062,8,Aye
10569,3062,9,Aye
10570,3062,18,Aye
10571,3062,21,Aye
10572,3062,15,Aye
10573,3062,17,Absent
10574,3063,7,Aye
10575,3063,8,Aye
10576,3063,9,Aye
10577,3063,18,Aye
10578,3063,21,Aye
10579,3063,15,Aye
10580,3063,17,Absent
10581,3064,7,Aye
10582,3064,8,Aye
10583,3064,9,Aye
10584,3064,18,Aye
10585,3064,21,Aye
10586,3064,17,Absent
10587,3065,7,Aye
10588,3065,17,Aye
10589,3065,8,Aye
10590,3065,9,Aye
10591,3065,18,Aye
10592,3065,21,Aye
10593,3065,15,Aye
10594,3066,7,Aye
10595,3066,17,Aye
10596,3066,8,Aye
10597,3066,9,Aye
10598,3066,21,Aye
10599,3066,15,Aye
10600,3066,18,Abstain
10601,3067,7,Aye
10602,3067,17,Aye
10603,3067,8,Aye
10604,3067,9,Aye
10605,3067,18,Aye
10606,3067,21,Aye
10607,3067,15,Aye
10608,3068,7,Aye
10609,3068,17,Aye
10610,3068,8,Aye
10611,3068,9,Aye
10612,3068,18,Aye
10613,3068,21,Aye
10614,3068,15,Aye
10615,3069,7,Aye
10616,3069,17,Aye
10617,3069,8,Aye
10618,3069,9,Aye
10619,3069,18,Aye
10620,3069,21,Aye
10621,3069,15,Aye
10622,3070,7,Aye
10623,3070,17,Aye
10624,3070,8,Aye
10625,3070,9,Aye
10626,3070,18,Aye
10627,3070,21,Aye
10628,3070,15,Aye
10629,3071,18,Aye
10630,3071,15,Aye
10631,3071,7,Nay
10632,3071,17,Nay
10633,3071,8,Nay
10634,3071,9,Nay
10635,3071,21,Nay
10636,3072,17,Aye
10637,3072,8,Aye
10638,3072,9,Aye
10639,3072,18,Aye
10640,3072,15,Aye
10641,3072,7,Nay
10642,3072,21,Nay
10643,3073,7,Aye
10644,3073,17,Aye
10645,3073,8,Aye
10646,3073,9,Aye
10647,3073,21,Aye
10648,3073,15,Aye
10649,3073,18,Absent
10650,3074,7,Aye
10651,3074,17,Aye
10652,3074,8,Aye
10653,3074,9,Aye
10654,3074,21,Aye
10655,3074,15,Aye
10656,3074,18,Absent
10657,3075,7,Aye
10658,3075,17,Aye
10659,3075,8,Aye
10660,3075,9,Aye
10661,3075,21,Aye
10662,3075,15,Aye
10663,3076,7,Aye
10664,3076,17,Aye
10665,3076,8,Aye
10666,3076,9,Aye
10667,3076,21,Aye
10668,3076,15,Aye
10669,3076,18,Absent
10670,3077,7,Aye
10671,3077,17,Aye
10672,3077,8,Aye
10673,3077,9,Aye
10674,3077,21,Aye
10675,3077,15,Aye
10676,3077,18,Absent
10677,3078,7,Aye
10678,3078,17,Aye
10679,3078,8,Aye
10680,3078,9,Aye
10681,3078,21,Aye
10682,3078,15,Aye
10683,3078,18,Absent
10684,3079,7,Aye
10685,3079,17,Aye
10686,3079,8,Aye
10687,3079,9,Aye
10688,3079,21,Aye
10689,3079,15,Aye
10690,3080,7,Aye
10691,3080,17,Aye
10692,3080,8,Aye
10693,3080,9,Aye
10694,3080,21,Aye
10695,3080,15,Aye
10696,3080,18,Absent
10697,3081,7,Aye
10698,3081,8,Aye
10699,3081,15,Aye
10700,3081,9,Nay
10701,3081,17,Nay
10702,3081,21,Nay
10703,3081,18,Absent
10704,3082,7,Aye
10705,3082,17,Aye
10706,3082,8,Aye
10707,3082,9,Aye
10708,3082,21,Aye
10709,3082,15,Aye
10710,3082,18,Absent
10711,3083,7,Aye
10712,3083,17,Aye
10713,3083,8,Aye
10714,3083,9,Aye
10715,3083,21,Aye
10716,3083,15,Aye
10717,3083,18,Absent
10718,3084,7,Aye
10719,3084,17,Aye
10720,3084,8,Aye
10721,3084,9,Aye
10722,3084,21,Aye
10723,3084,15,Aye
10724,3084,18,Absent
10725,3085,7,Aye
10726,3085,17,Aye
10727,3085,8,Aye
10728,3085,9,Aye
10729,3085,21,Aye
10730,3085,15,Aye
10731,3085,18,Absent
10732,3086,7,Aye
10733,3086,17,Aye
10734,3086,8,Aye
10735,3086,9,Aye
10736,3086,21,Aye
10737,3086,15,Aye
10738,3086,18,Absent
10739,3087,7,Aye
10740,3087,17,Aye
10741,3087,8,Aye
10742,3087,9,Aye
10743,3087,21,Aye
10744,3087,15,Aye
10745,3087,18,Absent
10746,3088,7,Aye
10747,3088,17,Aye
10748,3088,8,Aye
10749,3088,9,Aye
10750,3088,21,Aye
10751,3088,15,Aye
10752,3088,18,Absent
10753,3089,7,Aye
10754,3089,17,Aye
10755,3089,8,Aye
10756,3089,9,Aye
10757,3089,21,Aye
10758,3089,15,Aye
10759,3089,18,Absent
10760,3090,7,Aye
10761,3090,17,Aye
10762,3090,8,Aye
10763,3090,9,Aye
10764,3090,21,Aye
10765,3090,15,Aye
10766,3090,18,Absent
10767,3091,7,Aye
10768,3091,17,Aye
10769,3091,8,Aye
10770,3091,9,Aye
10771,3091,21,Aye
10772,3091,15,Aye
10773,3091,18,Absent
10774,3092,7,Aye
10775,3092,17,Aye
10776,3092,8,Aye
10777,3092,9,Aye
10778,3092,21,Aye
10779,3092,15,Aye
10780,3092,18,Absent
10781,3093,7,Aye
10782,3093,17,Aye
10783,3093,8,Aye
10784,3093,9,Aye
10785,3093,21,Aye
10786,3093,15,Aye
10787,3093,18,Absent
10788,3094,7,Aye
10789,3094,17,Aye
10790,3094,8,Aye
10791,3094,9,Aye
10792,3094,21,Aye
10793,3094,15,Aye
10794,3094,18,Absent
10795,3095,7,Aye
10796,3095,17,Aye
10797,3095,8,Aye
10798,3095,9,Aye
10799,3095,18,Aye
10800,3095,21,Aye
10801,3095,15,Aye
10802,3096,7,Aye
10803,3096,17,Aye
10804,3096,8,Aye
10805,3096,9,Aye
10806,3096,18,Aye
10807,3096,21,Aye
10808,3096,15,Aye
10809,3097,7,Aye
10810,3097,17,Aye
10811,3097,8,Aye
10812,3097,9,Aye
10813,3097,18,Aye
10814,3097,21,Aye
10815,3097,15,Aye
10816,3098,7,Aye
10817,3098,17,Aye
10818,3098,8,Aye
10819,3098,9,Aye
10820,3098,18,Aye
10821,3098,21,Aye
10822,3098,15,Aye
10823,3099,7,Aye
10824,3099,17,Aye
10825,3099,8,Aye
10826,3099,9,Aye
10827,3099,18,Aye
10828,3099,21,Aye
10829,3099,15,Aye
10830,3100,7,Aye
10831,3100,17,Aye
10832,3100,8,Aye
10833,3100,9,Aye
10834,3100,18,Aye
10835,3100,21,Aye
10836,3100,15,Aye
10837,3101,7,Aye
10838,3101,17,Aye
10839,3101,8,Aye
10840,3101,9,Aye
10841,3101,18,Aye
10842,3101,21,Aye
10843,3101,15,Aye
10844,3102,7,Aye
10845,3102,17,Aye
10846,3102,8,Aye
10847,3102,9,Aye
10848,3102,18,Aye
10849,3102,21,Aye
10850,3102,15,Aye
10851,3103,7,Aye
10852,3103,17,Aye
10853,3103,8,Aye
10854,3103,9,Aye
10855,3103,18,Aye
10856,3103,21,Aye
10857,3103,15,Aye
10858,3104,7,Aye
10859,3104,17,Aye
10860,3104,8,Aye
10861,3104,9,Aye
10862,3104,18,Aye
10863,3104,21,Aye
10864,3104,15,Aye
10865,3105,7,Aye
10866,3105,17,Aye
10867,3105,8,Aye
10868,3105,9,Aye
10869,3105,18,Aye
10870,3105,21,Aye
10871,3105,15,Aye
10872,3106,7,Aye
10873,3106,17,Aye
10874,3106,8,Aye
10875,3106,9,Aye
10876,3106,18,Aye
10877,3106,21,Aye
10878,3106,15,Aye
10879,3107,7,Aye
10880,3107,17,Aye
10881,3107,9,Aye
10882,3107,18,Aye
10883,3107,21,Aye
10884,3107,15,Aye
10885,3107,8,Nay
10886,3108,7,Aye
10887,3108,17,Aye
10888,3108,8,Aye
10889,3108,9,Aye
10890,3108,18,Aye
10891,3108,21,Aye
10892,3108,15,Aye
10893,3109,7,Aye
10894,3109,17,Aye
10895,3109,8,Aye
10896,3109,9,Aye
10897,3109,18,Aye
10898,3109,21,Aye
10899,3109,15,Aye
10900,3110,7,Aye
10901,3110,17,Aye
10902,3110,8,Aye
10903,3110,9,Aye
10904,3110,21,Aye
10905,3110,15,Aye
10906,3110,18,Abstain
10907,3111,7,Aye
10908,3111,17,Aye
10909,3111,8,Aye
10910,3111,9,Aye
10911,3111,18,Aye
10912,3111,21,Aye
10913,3111,15,Aye
10914,3112,7,Aye
10915,3112,17,Aye
10916,3112,8,Aye
10917,3112,9,Aye
10918,3112,18,Aye
10919,3112,21,Aye
10920,3112,15,Aye
10921,3113,7,Aye
10922,3113,17,Aye
10923,3113,8,Aye
10924,3113,9,Aye
10925,3113,18,Aye
10926,3113,21,Aye
10927,3113,15,Aye
10928,3114,7,Aye
10929,3114,17,Aye
10930,3114,8,Aye
10931,3114,9,Aye
10932,3114,18,Aye
10933,3114,21,Aye
10934,3114,15,Aye
10935,3115,18,Aye
10936,3115,15,Aye
10937,3115,7,Nay
10938,3115,17,Nay
10939,3115,8,Nay
10940,3115,9,Nay
10941,3115,21,Nay
10942,3116,17,Aye
10943,3116,8,Aye
10944,3116,9,Aye
10945,3116,18,Aye
10946,3116,15,Aye
10947,3116,7,Nay
10948,3116,21,Nay
10949,3117,7,Aye
10950,3117,8,Aye
10951,3117,9,Aye
10952,3117,21,Aye
10953,3117,15,Aye
10954,3117,18,Absent
10955,3117,17,Absent
10956,3118,7,Aye
10957,3118,8,Aye
10958,3118,9,Aye
10959,3118,21,Aye
10960,3118,15,Aye
10961,3118,18,Absent
10962,3118,17,Absent
10963,3119,7,Aye
10964,3119,8,Aye
10965,3119,9,Aye
10966,3119,21,Aye
10967,3119,15,Aye
10968,3119,18,Absent
10969,3119,17,Absent
10970,3120,7,Aye
10971,3120,8,Aye
10972,3120,9,Aye
10973,3120,21,Aye
10974,3120,15,Aye
10975,3120,18,Absent
10976,3120,17,Absent
10977,3121,7,Aye
10978,3121,8,Aye
10979,3121,9,Aye
10980,3121,21,Aye
10981,3121,15,Aye
10982,3121,18,Absent
10983,3121,17,Absent
10984,3122,7,Aye
10985,3122,8,Aye
10986,3122,9,Aye
10987,3122,21,Aye
10988,3122,15,Aye
10989,3122,18,Absent
10990,3122,17,Absent
10991,3123,7,Aye
10992,3123,8,Aye
10993,3123,9,Aye
10994,3123,21,Aye
10995,3123,15,Aye
10996,3123,18,Absent
10997,3123,17,Absent
10998,3124,7,Aye
10999,3124,8,Aye
11000,3124,9,Aye
11001,3124,21,Aye
11002,3124,15,Aye
11003,3124,18,Absent
11004,3124,17,Absent
11005,3125,7,Aye
11006,3125,8,Aye
11007,3125,9,Aye
11008,3125,21,Aye
11009,3125,15,Aye
11010,3125,18,Absent
11011,3125,17,Absent
11012,3126,7,Aye
11013,3126,8,Aye
11014,3126,9,Aye
11015,3126,21,Aye
11016,3126,15,Aye
11017,3126,18,Absent
11018,3126,17,Absent
11019,3128,7,Aye
11020,3128,17,Aye
11021,3128,8,Aye
11022,3128,9,Aye
11023,3128,18,Aye
11024,3128,21,Aye
11025,3128,15,Aye
11026,3129,7,Aye
11027,3129,17,Aye
11028,3129,8,Aye
11029,3129,9,Aye
11030,3129,18,Aye
11031,3129,21,Aye
11032,3129,15,Aye
11033,3130,7,Aye
11034,3130,17,Aye
11035,3130,8,Aye
11036,3130,9,Aye
11037,3130,18,Aye
11038,3130,21,Aye
11039,3130,15,Aye
11040,3131,7,Aye
11041,3131,17,Aye
11042,3131,8,Aye
11043,3131,9,Aye
11044,3131,18,Aye
11045,3131,21,Aye
11046,3131,15,Aye
11047,3132,7,Aye
11048,3132,17,Aye
11049,3132,8,Aye
11050,3132,9,Aye
11051,3132,18,Aye
11052,3132,21,Aye
11053,3132,15,Aye
11054,3133,7,Aye
11055,3133,17,Aye
11056,3133,8,Aye
11057,3133,9,Aye
11058,3133,18,Aye
11059,3133,21,Aye
11060,3133,15,Aye
11061,3134,7,Aye
11062,3134,17,Aye
11063,3134,8,Aye
11064,3134,9,Aye
11065,3134,18,Aye
11066,3134,21,Aye
11067,3134,15,Aye
11068,3135,7,Aye
11069,3135,17,Aye
11070,3135,8,Aye
11071,3135,9,Aye
11072,3135,18,Aye
11073,3135,21,Aye
11074,3135,15,Aye
11075,3136,7,Aye
11076,3136,17,Aye
11077,3136,8,Aye
11078,3136,9,Aye
11079,3136,18,Aye
11080,3136,21,Aye
11081,3136,15,Aye
11082,3137,7,Aye
11083,3137,17,Aye
11084,3137,8,Aye
11085,3137,9,Aye
11086,3137,18,Aye
11087,3137,21,Aye
11088,3137,15,Aye
11089,3138,7,Aye
11090,3138,17,Aye
11091,3138,8,Aye
11092,3138,9,Aye
11093,3138,18,Aye
11094,3138,21,Aye
11095,3138,15,Aye
11096,3139,7,Aye
11097,3139,17,Aye
11098,3139,8,Aye
11099,3139,9,Aye
11100,3139,18,Aye
11101,3139,21,Aye
11102,3139,15,Aye
11103,3140,7,Aye
11104,3140,17,Aye
11105,3140,9,Aye
11106,3140,18,Aye
11107,3140,21,Aye
11108,3140,15,Aye
11109,3140,8,Nay
11110,3141,7,Aye
11111,3141,17,Aye
11112,3141,8,Aye
11113,3141,9,Aye
11114,3141,18,Aye
11115,3141,21,Aye
11116,3141,15,Aye
11117,3142,7,Aye
11118,3142,17,Aye
11119,3142,8,Aye
11120,3142,9,Aye
11121,3142,18,Aye
11122,3142,21,Aye
11123,3142,15,Aye
11124,3143,7,Aye
11125,3143,17,Aye
11126,3143,8,Aye
11127,3143,9,Aye
11128,3143,18,Aye
11129,3143,21,Aye
11130,3143,15,Aye
11131,3144,7,Aye
11132,3144,17,Aye
11133,3144,8,Aye
11134,3144,9,Aye
11135,3144,18,Aye
11136,3144,21,Aye
11137,3144,15,Aye
11138,3145,7,Aye
11139,3145,17,Aye
11140,3145,8,Aye
11141,3145,9,Aye
11142,3145,18,Aye
11143,3145,21,Aye
11144,3145,15,Aye
11145,3146,7,Aye
11146,3146,17,Aye
11147,3146,8,Aye
11148,3146,9,Aye
11149,3146,18,Aye
11150,3146,21,Aye
11151,3146,15,Aye
11152,3147,7,Aye
11153,3147,17,Aye
11154,3147,8,Aye
11155,3147,9,Aye
11156,3147,18,Aye
11157,3147,21,Aye
11158,3147,15,Aye
11159,3148,7,Aye
11160,3148,17,Aye
11161,3148,8,Aye
11162,3148,9,Aye
11163,3148,18,Aye
11164,3148,21,Aye
11165,3148,15,Aye
11166,3149,7,Aye
11167,3149,17,Aye
11168,3149,8,Aye
11169,3149,9,Aye
11170,3149,18,Aye
11171,3149,21,Aye
11172,3149,15,Aye
11173,3150,7,Aye
11174,3150,17,Aye
11175,3150,8,Aye
11176,3150,9,Aye
11177,3150,18,Aye
11178,3150,21,Aye
11179,3150,15,Aye
11180,3151,7,Aye
11181,3151,17,Aye
11182,3151,8,Aye
11183,3151,9,Aye
11184,3151,18,Aye
11185,3151,21,Aye
11186,3151,15,Aye
11187,3152,7,Aye
11188,3152,17,Aye
11189,3152,8,Aye
11190,3152,9,Aye
11191,3152,18,Aye
11192,3152,21,Aye
11193,3152,15,Aye
11194,3153,7,Aye
11195,3153,17,Aye
11196,3153,8,Aye
11197,3153,9,Aye
11198,3153,18,Aye
11199,3153,21,Aye
11200,3153,15,Aye
11201,3154,7,Aye
11202,3154,17,Aye
11203,3154,9,Aye
11204,3154,18,Aye
11205,3154,21,Aye
11206,3154,15,Aye
11207,3154,8,Nay
11208,3155,7,Aye
11209,3155,17,Aye
11210,3155,8,Aye
11211,3155,9,Aye
11212,3155,18,Aye
11213,3155,21,Aye
11214,3155,15,Aye
11215,3156,7,Aye
11216,3156,17,Aye
11217,3156,8,Aye
11218,3156,21,Aye
11219,3156,15,Aye
11220,3156,9,Absent
11221,3156,18,Absent
11222,3157,7,Aye
11223,3157,8,Aye
11224,3157,21,Aye
11225,3157,15,Aye
11226,3157,9,Absent
11227,3157,18,Absent
11228,3157,17,Abstain
11229,3158,7,Aye
11230,3158,17,Aye
11231,3158,8,Aye
11232,3158,21,Aye
11233,3158,15,Aye
11234,3158,9,Absent
11235,3158,18,Absent
11236,3159,7,Aye
11237,3159,17,Aye
11238,3159,8,Aye
11239,3159,21,Aye
11240,3159,15,Aye
11241,3159,9,Absent
11242,3159,18,Absent
11243,3160,7,Aye
11244,3160,17,Aye
11245,3160,8,Aye
11246,3160,9,Absent
11247,3160,18,Absent
11248,3161,7,Aye
11249,3161,17,Aye
11250,3161,8,Aye
11251,3161,21,Aye
11252,3161,15,Aye
11253,3161,9,Absent
11254,3161,18,Absent
11255,3162,17,Aye
11256,3162,8,Aye
11257,3162,21,Aye
11258,3162,15,Aye
11259,3162,7,Nay
11260,3162,9,Absent
11261,3162,18,Absent
11262,3163,7,Aye
11263,3163,17,Aye
11264,3163,8,Aye
11265,3163,21,Aye
11266,3163,15,Aye
11267,3163,9,Absent
11268,3163,18,Absent
11269,3164,7,Aye
11270,3164,17,Aye
11271,3164,8,Aye
11272,3164,21,Aye
11273,3164,15,Aye
11274,3164,9,Absent
11275,3164,18,Absent
11276,3165,7,Aye
11277,3165,17,Aye
11278,3165,8,Aye
11279,3165,21,Aye
11280,3165,15,Aye
11281,3165,9,Absent
11282,3165,18,Absent
11283,3166,7,Aye
11284,3166,17,Aye
11285,3166,8,Aye
11286,3166,21,Aye
11287,3166,15,Aye
11288,3166,9,Absent
11289,3166,18,Absent
11290,3167,7,Aye
11291,3167,17,Aye
11292,3167,8,Aye
11293,3167,21,Aye
11294,3167,15,Nay
11295,3167,9,Absent
11296,3167,18,Absent
11297,3168,7,Aye
11298,3168,17,Aye
11299,3168,8,Aye
11300,3168,21,Aye
11301,3168,9,Absent
11302,3168,18,Absent
11303,3169,7,Aye
11304,3169,8,Aye
11305,3169,9,Aye
11306,3169,21,Aye
11307,3169,15,Aye
11308,3169,18,Absent
11309,3169,17,Absent
11310,3170,7,Aye
11311,3170,8,Aye
11312,3170,9,Aye
11313,3170,21,Aye
11314,3170,15,Aye
11315,3170,18,Absent
11316,3170,17,Absent
11317,3171,7,Aye
11318,3171,8,Aye
11319,3171,9,Aye
11320,3171,21,Aye
11321,3171,15,Aye
11322,3171,18,Absent
11323,3171,17,Absent
11324,3172,7,Aye
11325,3172,8,Aye
11326,3172,9,Aye
11327,3172,21,Aye
11328,3172,15,Aye
11329,3172,18,Absent
11330,3172,17,Absent
11331,3173,7,Aye
11332,3173,8,Aye
11333,3173,9,Aye
11334,3173,21,Aye
11335,3173,15,Aye
11336,3173,18,Absent
11337,3173,17,Absent
11338,3174,7,Aye
11339,3174,8,Aye
11340,3174,9,Aye
11341,3174,21,Aye
11342,3174,15,Aye
11343,3174,18,Absent
11344,3174,17,Absent
11345,3175,7,Aye
11346,3175,8,Aye
11347,3175,9,Aye
11348,3175,21,Aye
11349,3175,15,Aye
11350,3175,18,Absent
11351,3175,17,Absent
11352,3176,7,Aye
11353,3176,8,Aye
11354,3176,9,Aye
11355,3176,21,Aye
11356,3176,15,Aye
11357,3176,18,Absent
11358,3176,17,Absent
11359,3177,7,Aye
11360,3177,8,Aye
11361,3177,9,Aye
11362,3177,21,Aye
11363,3177,15,Aye
11364,3177,18,Absent
11365,3177,17,Absent
11366,3178,7,Aye
11367,3178,8,Aye
11368,3178,9,Aye
11369,3178,21,Aye
11370,3178,15,Aye
11371,3178,18,Absent
11372,3178,17,Absent
11373,3180,7,Aye
11374,3180,17,Aye
11375,3180,8,Aye
11376,3180,9,Aye
11377,3180,18,Aye
11378,3180,15,Aye
11379,3180,21,Absent
11380,3181,7,Aye
11381,3181,17,Aye
11382,3181,8,Aye
11383,3181,9,Aye
11384,3181,15,Aye
11385,3181,21,Absent
11386,3181,18,Abstain
11387,3182,7,Aye
11388,3182,17,Aye
11389,3182,8,Aye
11390,3182,9,Aye
11391,3182,18,Aye
11392,3182,15,Aye
11393,3182,21,Absent
11394,3183,7,Aye
11395,3183,17,Aye
11396,3183,8,Aye
11397,3183,9,Aye
11398,3183,18,Aye
11399,3183,15,Aye
11400,3183,21,Absent
11401,3184,7,Aye
11402,3184,17,Aye
11403,3184,8,Aye
11404,3184,9,Aye
11405,3184,18,Aye
11406,3184,15,Nay
11407,3184,21,Absent
11408,3185,7,Aye
11409,3185,17,Aye
11410,3185,8,Aye
11411,3185,9,Aye
11412,3185,18,Aye
11413,3185,15,Aye
11414,3185,21,Absent
11415,3186,7,Aye
11416,3186,17,Aye
11417,3186,8,Aye
11418,3186,9,Aye
11419,3186,18,Aye
11420,3186,15,Aye
11421,3186,21,Absent
11422,3187,7,Aye
11423,3187,17,Aye
11424,3187,8,Aye
11425,3187,21,Aye
11426,3187,15,Aye
11427,3187,9,Absent
11428,3187,18,Absent
11429,3188,7,Aye
11430,3188,8,Aye
11431,3188,21,Aye
11432,3188,15,Aye
11433,3188,9,Absent
11434,3188,18,Absent
11435,3188,17,Abstain
11436,3189,7,Aye
11437,3189,17,Aye
11438,3189,8,Aye
11439,3189,21,Aye
11440,3189,15,Aye
11441,3189,9,Absent
11442,3189,18,Absent
11443,3190,7,Aye
11444,3190,17,Aye
11445,3190,8,Aye
11446,3190,21,Aye
11447,3190,15,Aye
11448,3190,9,Absent
11449,3190,18,Absent
11450,3191,7,Aye
11451,3191,17,Aye
11452,3191,8,Aye
11453,3191,21,Aye
11454,3191,15,Aye
11455,3191,9,Absent
11456,3191,18,Absent
11457,3192,7,Aye
11458,3192,17,Aye
11459,3192,8,Aye
11460,3192,21,Aye
11461,3192,15,Aye
11462,3192,9,Absent
11463,3192,18,Absent
11464,3193,17,Aye
11465,3193,8,Aye
11466,3193,21,Aye
11467,3193,15,Aye
11468,3193,7,Nay
11469,3193,9,Absent
11470,3193,18,Absent
11471,3194,7,Aye
11472,3194,17,Aye
11473,3194,8,Aye
11474,3194,21,Aye
11475,3194,15,Aye
11476,3194,9,Absent
11477,3194,18,Absent
11478,3195,7,Aye
11479,3195,17,Aye
11480,3195,8,Aye
11481,3195,21,Aye
11482,3195,15,Aye
11483,3195,9,Absent
11484,3195,18,Absent
11485,3196,7,Aye
11486,3196,17,Aye
11487,3196,8,Aye
11488,3196,21,Aye
11489,3196,15,Aye
11490,3196,9,Absent
11491,3196,18,Absent
11492,3197,7,Aye
11493,3197,17,Aye
11494,3197,8,Aye
11495,3197,21,Aye
11496,3197,15,Aye
11497,3197,9,Absent
11498,3197,18,Absent
11499,3198,7,Aye
11500,3198,17,Aye
11501,3198,8,Aye
11502,3198,18,Aye
11503,3198,21,Aye
11504,3198,15,Nay
11505,3198,9,Absent
11506,3199,7,Aye
11507,3199,17,Aye
11508,3199,8,Aye
11509,3199,21,Aye
11510,3199,15,Aye
11511,3199,9,Absent
11512,3199,18,Absent
11513,3200,7,Aye
11514,3200,17,Aye
11515,3200,8,Aye
11516,3200,21,Aye
11517,3200,15,Aye
11518,3200,9,Absent
11519,3200,18,Absent
11520,3201,7,Aye
11521,3201,8,Aye
11522,3201,21,Aye
11523,3201,15,Aye
11524,3201,9,Absent
11525,3201,18,Absent
11526,3201,17,Abstain
11527,3202,7,Aye
11528,3202,17,Aye
11529,3202,8,Aye
11530,3202,21,Aye
11531,3202,15,Aye
11532,3202,9,Absent
11533,3202,18,Absent
11534,3203,7,Aye
11535,3203,17,Aye
11536,3203,8,Aye
11537,3203,21,Aye
11538,3203,15,Aye
11539,3203,9,Absent
11540,3203,18,Absent
11541,3204,7,Aye
11542,3204,17,Aye
11543,3204,8,Aye
11544,3204,21,Aye
11545,3204,15,Aye
11546,3204,9,Absent
11547,3204,18,Absent
11548,3205,7,Aye
11549,3205,17,Aye
11550,3205,8,Aye
11551,3205,21,Aye
11552,3205,15,Aye
11553,3205,9,Absent
11554,3205,18,Absent
11555,3206,17,Aye
11556,3206,8,Aye
11557,3206,21,Aye
11558,3206,15,Aye
11559,3206,7,Nay
11560,3206,9,Absent
11561,3206,18,Absent
11562,3207,7,Aye
11563,3207,17,Aye
11564,3207,8,Aye
11565,3207,21,Aye
11566,3207,15,Aye
11567,3207,9,Absent
11568,3207,18,Absent
11569,3208,7,Aye
11570,3208,17,Aye
11571,3208,8,Aye
11572,3208,21,Aye
11573,3208,15,Aye
11574,3208,9,Absent
11575,3208,18,Absent
11576,3209,7,Aye
11577,3209,17,Aye
11578,3209,8,Aye
11579,3209,21,Aye
11580,3209,15,Aye
11581,3209,9,Absent
11582,3209,18,Absent
11583,3210,7,Aye
11584,3210,17,Aye
11585,3210,8,Aye
11586,3210,21,Aye
11587,3210,15,Aye
11588,3210,9,Absent
11589,3210,18,Absent
11590,3211,7,Aye
11591,3211,17,Aye
11592,3211,8,Aye
11593,3211,18,Aye
11594,3211,21,Aye
11595,3211,15,Nay
11596,3211,9,Absent
11597,3212,7,Aye
11598,3212,17,Aye
11599,3212,8,Aye
11600,3212,21,Aye
11601,3212,15,Aye
11602,3212,9,Absent
11603,3212,18,Absent
11604,3213,17,Aye
11605,3213,15,Aye
11606,3213,18,Aye
11607,3213,8,Aye
11608,3213,9,Absent
11609,3213,7,Absent
11610,3214,17,Aye
11611,3214,15,Aye
11612,3214,18,Aye
11613,3214,8,Aye
11614,3214,9,Absent
11615,3214,7,Absent
11616,3215,17,Aye
11617,3215,15,Aye
11618,3215,18,Aye
11619,3215,8,Aye
11620,3215,9,Absent
11621,3215,7,Absent
11622,3216,3,Aye
11623,3216,14,Aye
11624,3216,19,Aye
11625,3216,10,Aye
11626,3216,5,Aye
11627,3217,3,Aye
11628,3217,14,Aye
11629,3217,19,Aye
11630,3217,10,Aye
11631,3217,5,Aye
11632,3218,3,Aye
11633,3218,14,Aye
11634,3218,19,Aye
11635,3218,10,Aye
11636,3218,5,Aye
11637,3219,3,Aye
11638,3219,14,Aye
11639,3219,19,Aye
11640,3219,10,Aye
11641,3219,5,Aye
11642,3220,3,Aye
11643,3220,14,Aye
11644,3220,19,Aye
11645,3220,10,Aye
11646,3220,5,Aye
11647,3221,3,Aye
11648,3221,14,Aye
11649,3221,19,Aye
11650,3221,10,Aye
11651,3221,5,Aye
11652,3222,3,Aye
11653,3222,14,Aye
11654,3223,3,Aye
11655,3223,14,Aye
11656,3223,19,Aye
11657,3223,10,Aye
11658,3223,5,Aye
11659,3224,3,Aye
11660,3224,14,Aye
11661,3224,19,Aye
11662,3224,10,Aye
11663,3224,5,Aye
11664,3225,19,Aye
11665,3225,10,Aye
11666,3225,3,Aye
11667,3225,14,Aye
11668,3225,5,Aye
11669,3225,26,Aye
11670,3226,19,Aye
11671,3226,10,Aye
11672,3226,3,Aye
11673,3226,14,Aye
11674,3226,5,Aye
11675,3226,26,Aye
11676,3227,19,Aye
11677,3227,10,Aye
11678,3227,3,Aye
11679,3227,14,Aye
11680,3227,5,Aye
11681,3227,26,Aye
11682,3228,5,Aye
11683,3228,3,Aye
11684,3228,20,Aye
11685,3228,14,Aye
11686,3228,10,Aye
11687,3228,19,Aye
11688,3229,5,Aye
11689,3229,3,Aye
11690,3229,20,Aye
11691,3229,14,Aye
11692,3229,10,Aye
11693,3229,19,Aye
11694,3230,5,Aye
11695,3230,3,Aye
11696,3230,20,Aye
11697,3230,14,Aye
11698,3230,10,Aye
11699,3230,19,Aye
11700,3231,5,Aye
11701,3231,3,Aye
11702,3231,20,Aye
11703,3231,14,Aye
11704,3231,10,Aye
11705,3231,19,Aye
11706,3232,5,Aye
11707,3232,3,Aye
11708,3232,20,Aye
11709,3232,14,Aye
11710,3232,10,Aye
11711,3232,19,Aye
11712,3233,5,Aye
11713,3233,14,Aye
11714,3233,10,Aye
11715,3233,19,Aye
11716,3233,20,Nay
11717,3233,3,Nay
11718,3234,5,Aye
11719,3234,3,Aye
11720,3234,20,Aye
11721,3234,14,Aye
11722,3234,10,Aye
11723,3234,19,Aye
11724,3235,5,Aye
11725,3235,3,Aye
11726,3235,20,Aye
11727,3235,14,Aye
11728,3235,10,Aye
11729,3235,19,Aye
11730,3236,5,Aye
11731,3236,3,Aye
11732,3236,20,Aye
11733,3236,14,Aye
11734,3236,10,Aye
11735,3236,19,Aye
11736,3237,5,Aye
11737,3237,3,Aye
11738,3237,20,Aye
11739,3237,14,Aye
11740,3237,10,Aye
11741,3237,19,Aye
11742,3238,5,Aye
11743,3238,3,Aye
11744,3238,20,Aye
11745,3238,14,Aye
11746,3238,10,Aye
11747,3238,19,Aye
11748,3239,5,Aye
11749,3239,3,Aye
11750,3239,20,Aye
11751,3239,14,Aye
11752,3239,10,Aye
11753,3239,19,Aye
11754,3240,5,Aye
11755,3240,3,Aye
11756,3240,20,Aye
11757,3240,14,Aye
11758,3240,10,Aye
11759,3240,19,Aye
11760,3241,5,Aye
11761,3241,3,Aye
11762,3241,20,Aye
11763,3241,14,Aye
11764,3241,10,Aye
11765,3241,19,Aye
11766,3242,3,Aye
11767,3242,5,Aye
11768,3242,14,Aye
11769,3242,26,Aye
11770,3242,19,Aye
11771,3243,3,Aye
11772,3243,5,Aye
11773,3243,14,Aye
11774,3243,26,Aye
11775,3243,19,Aye
11776,3244,3,Aye
11777,3244,5,Aye
11778,3244,10,Aye
11779,3244,14,Aye
11780,3244,26,Aye
11781,3244,19,Aye
11782,3245,3,Aye
11783,3245,5,Aye
11784,3245,10,Aye
11785,3245,14,Aye
11786,3245,26,Aye
11787,3245,19,Aye
11788,3246,3,Aye
11789,3246,5,Aye
11790,3246,10,Aye
11791,3246,14,Aye
11792,3246,26,Aye
11793,3246,19,Aye
11794,3247,3,Aye
11795,3247,5,Aye
11796,3247,14,Aye
11797,3247,26,Aye
11798,3247,19,Aye
11799,3247,10,Nay
11800,3248,3,Aye
11801,3248,5,Aye
11802,3248,10,Aye
11803,3248,14,Aye
11804,3248,26,Aye
11805,3248,19,Aye
11806,3249,3,Aye
11807,3249,5,Aye
11808,3249,10,Aye
11809,3249,14,Aye
11810,3249,26,Aye
11811,3249,19,Aye
11812,3250,3,Aye
11813,3250,5,Aye
11814,3250,10,Aye
11815,3250,26,Aye
11816,3250,19,Aye
11817,3251,3,Aye
11818,3251,5,Aye
11819,3251,10,Aye
11820,3251,14,Aye
11821,3251,26,Aye
11822,3251,19,Aye
11823,3252,14,Aye
11824,3252,26,Aye
11825,3252,19,Aye
11826,3252,3,Nay
11827,3252,5,Nay
11828,3252,10,Nay
11829,3253,10,Aye
11830,3253,14,Aye
11831,3253,26,Aye
11832,3253,19,Aye
11833,3253,3,Nay
11834,3253,5,Nay
11835,3254,10,Aye
11836,3254,3,Aye
11837,3254,20,Aye
11838,3254,19,Aye
11839,3255,10,Aye
11840,3255,3,Aye
11841,3255,20,Aye
11842,3255,19,Aye
11843,3256,10,Aye
11844,3256,3,Aye
11845,3256,20,Aye
11846,3256,19,Aye
11847,3257,10,Aye
11848,3257,3,Aye
11849,3257,20,Aye
11850,3257,19,Aye
11851,3258,10,Aye
11852,3258,3,Aye
11853,3258,20,Aye
11854,3258,19,Aye
11855,3259,10,Aye
11856,3259,3,Aye
11857,3259,20,Aye
11858,3259,19,Aye
11859,3260,10,Aye
11860,3260,3,Aye
11861,3260,20,Aye
11862,3260,19,Aye
11863,3261,10,Aye
11864,3261,3,Aye
11865,3261,20,Aye
11866,3261,19,Aye
11867,3262,10,Aye
11868,3262,3,Aye
11869,3262,19,Aye
11870,3262,20,Nay
11871,3263,10,Aye
11872,3263,3,Aye
11873,3263,20,Aye
11874,3263,19,Aye
11875,3264,10,Aye
11876,3264,3,Aye
11877,3264,20,Aye
11878,3264,19,Aye
11879,3265,10,Aye
11880,3265,3,Aye
11881,3265,19,Aye
11882,3265,20,Nay
11883,3266,10,Aye
11884,3266,3,Aye
11885,3266,20,Aye
11886,3266,19,Aye
11887,3267,10,Aye
11888,3267,3,Aye
11889,3267,19,Aye
11890,3267,20,Nay
11891,3268,10,Aye
11892,3268,3,Aye
11893,3268,20,Aye
11894,3268,19,Aye
11895,3269,10,Aye
11896,3269,3,Aye
11897,3269,20,Aye
11898,3269,19,Aye
11899,3270,10,Aye
11900,3270,3,Aye
11901,3270,20,Aye
11902,3270,19,Aye
11903,3271,10,Aye
11904,3271,20,Aye
11905,3271,26,Aye
11906,3271,5,Aye
11907,3272,10,Aye
11908,3272,20,Aye
11909,3272,26,Aye
11910,3272,5,Aye
11911,3273,10,Aye
11912,3273,20,Aye
11913,3273,26,Aye
11914,3273,5,Aye
11915,3274,10,Aye
11916,3274,20,Aye
11917,3274,26,Aye
11918,3274,5,Aye
11919,3275,10,Aye
11920,3275,20,Aye
11921,3275,26,Aye
11922,3275,5,Aye
11923,3276,10,Aye
11924,3276,20,Aye
11925,3276,26,Aye
11926,3276,5,Aye
11927,3277,10,Aye
11928,3277,20,Aye
11929,3277,26,Aye
11930,3277,5,Aye
11931,3278,10,Aye
11932,3278,20,Aye
11933,3278,26,Aye
11934,3278,5,Aye
11935,3279,10,Aye
11936,3279,20,Aye
11937,3279,26,Aye
11938,3279,5,Aye
11939,3280,10,Aye
11940,3280,20,Aye
11941,3280,26,Aye
11942,3280,5,Aye
11943,3281,10,Aye
11944,3281,20,Aye
11945,3281,26,Aye
11946,3281,5,Nay
11947,3282,10,Aye
11948,3282,20,Aye
11949,3282,26,Aye
11950,3282,5,Aye
11951,3283,10,Aye
11952,3283,20,Aye
11953,3283,26,Aye
11954,3283,5,Aye
11955,3284,10,Aye
11956,3284,20,Aye
11957,3284,26,Aye
11958,3284,5,Aye
11959,3285,10,Aye
11960,3285,20,Aye
11961,3285,26,Aye
11962,3285,5,Aye
11963,3286,10,Aye
11964,3286,20,Aye
11965,3286,26,Aye
11966,3286,5,Aye
11967,3287,10,Aye
11968,3287,20,Aye
11969,3287,26,Aye
11970,3287,5,Aye
11971,3288,3,Aye
11972,3288,5,Aye
11973,3288,14,Aye
11974,3288,10,Aye
11975,3289,3,Aye
11976,3289,5,Aye
11977,3289,14,Aye
11978,3289,10,Aye
11979,3290,3,Aye
11980,3290,5,Aye
11981,3290,14,Aye
11982,3290,10,Aye
11983,3291,26,Aye
11984,3291,3,Aye
11985,3291,10,Aye
11986,3291,20,Aye
11987,3291,14,Aye
11988,3291,5,Aye
11989,3292,26,Aye
11990,3292,3,Aye
11991,3292,10,Aye
11992,3292,20,Aye
11993,3292,14,Aye
11994,3292,5,Aye
11995,3293,26,Aye
11996,3293,3,Aye
11997,3293,10,Aye
11998,3293,20,Aye
11999,3293,14,Aye
12000,3293,5,Aye
12001,3294,26,Aye
12002,3294,3,Aye
12003,3294,10,Aye
12004,3294,20,Aye
12005,3294,14,Aye
12006,3294,5,Aye
12007,3295,26,Aye
12008,3295,3,Aye
12009,3295,10,Aye
12010,3295,20,Aye
12011,3295,14,Aye
12012,3295,5,Aye
12013,3296,26,Aye
12014,3296,3,Aye
12015,3296,10,Aye
12016,3296,20,Aye
12017,3296,14,Aye
12018,3296,5,Aye
12019,3297,26,Aye
12020,3297,3,Aye
12021,3297,10,Aye
12022,3297,20,Aye
12023,3297,14,Aye
12024,3297,5,Aye
12025,3298,26,Aye
12026,3298,3,Aye
12027,3298,10,Aye
12028,3298,20,Aye
12029,3298,14,Aye
12030,3298,5,Aye
12031,3299,26,Aye
12032,3299,3,Aye
12033,3299,10,Aye
12034,3299,20,Aye
12035,3299,14,Aye
12036,3299,5,Aye
12037,3300,23,Aye
12038,3300,5,Aye
12039,3300,3,Aye
12040,3300,14,Aye
12041,3300,10,Aye
12042,3300,26,Aye
12043,3301,23,Aye
12044,3301,5,Aye
12045,3301,3,Aye
12046,3301,14,Aye
12047,3301,10,Aye
12048,3301,26,Aye
12049,3302,23,Aye
12050,3302,5,Aye
12051,3302,3,Aye
12052,3302,14,Aye
12053,3302,10,Aye
12054,3302,26,Aye
12055,3303,23,Aye
12056,3303,5,Aye
12057,3303,3,Aye
12058,3303,14,Aye
12059,3303,10,Aye
12060,3303,26,Aye
12061,3304,23,Aye
12062,3304,5,Aye
12063,3304,3,Aye
12064,3304,14,Aye
12065,3304,10,Aye
12066,3304,26,Aye
12067,3305,23,Aye
12068,3305,5,Aye
12069,3305,3,Aye
12070,3305,14,Aye
12071,3305,10,Aye
12072,3305,26,Aye
12073,3306,23,Aye
12074,3306,5,Aye
12075,3306,3,Aye
12076,3306,14,Aye
12077,3306,10,Aye
12078,3306,26,Aye
12079,3307,23,Aye
12080,3307,5,Aye
12081,3307,3,Aye
12082,3307,14,Aye
12083,3307,26,Aye
12084,3307,10,Nay
12085,3308,23,Aye
12086,3308,5,Aye
12087,3308,3,Aye
12088,3308,14,Aye
12089,3308,10,Aye
12090,3308,26,Aye
12091,3309,23,Aye
12092,3309,5,Aye
12093,3309,3,Aye
12094,3309,14,Aye
12095,3309,10,Aye
12096,3309,26,Aye
12097,3310,23,Aye
12098,3310,5,Aye
12099,3310,14,Aye
12100,3310,10,Aye
12101,3310,26,Aye
12102,3310,3,Abstain
12103,3311,23,Aye
12104,3311,5,Aye
12105,3311,3,Aye
12106,3311,10,Aye
12107,3311,26,Aye
12108,3311,14,Nay
12109,3312,23,Aye
12110,3312,5,Aye
12111,3312,3,Aye
12112,3312,14,Aye
12113,3312,10,Aye
12114,3312,26,Aye
12115,3313,23,Aye
12116,3313,5,Aye
12117,3313,3,Aye
12118,3313,14,Aye
12119,3313,10,Aye
12120,3313,26,Aye
12121,3314,23,Aye
12122,3314,5,Aye
12123,3314,3,Aye
12124,3314,14,Aye
12125,3314,10,Aye
12126,3314,26,Aye
12127,3315,23,Aye
12128,3315,5,Aye
12129,3315,3,Aye
12130,3315,14,Aye
12131,3315,10,Aye
12132,3315,26,Aye
12133,3316,23,Aye
12134,3316,5,Aye
12135,3316,3,Aye
12136,3316,14,Aye
12137,3316,10,Aye
12138,3316,26,Aye
12139,3317,3,Aye
12140,3317,14,Aye
12141,3317,10,Aye
12142,3317,23,Abstain
12143,3318,23,Aye
12144,3318,5,Aye
12145,3318,3,Aye
12146,3318,14,Aye
12147,3318,10,Aye
12148,3318,26,Aye
12149,3319,23,Aye
12150,3319,5,Aye
12151,3319,3,Aye
12152,3319,14,Aye
12153,3319,10,Aye
12154,3319,26,Aye
12155,3320,26,Aye
12156,3320,3,Aye
12157,3320,10,Aye
12158,3320,20,Aye
12159,3320,14,Aye
12160,3320,23,Aye
12161,3321,26,Aye
12162,3321,3,Aye
12163,3321,10,Aye
12164,3321,20,Aye
12165,3321,14,Aye
12166,3321,23,Aye
12167,3322,26,Aye
12168,3322,3,Aye
12169,3322,10,Aye
12170,3322,20,Aye
12171,3322,14,Aye
12172,3322,23,Aye
12173,3323,26,Aye
12174,3323,3,Aye
12175,3323,10,Aye
12176,3323,20,Aye
12177,3323,14,Aye
12178,3323,23,Aye
12179,3324,26,Aye
12180,3324,3,Aye
12181,3324,10,Aye
12182,3324,20,Aye
12183,3324,14,Aye
12184,3324,23,Aye
12185,3325,26,Aye
12186,3325,3,Aye
12187,3325,10,Aye
12188,3325,20,Aye
12189,3325,14,Aye
12190,3325,23,Aye
12191,3326,26,Aye
12192,3326,3,Aye
12193,3326,10,Aye
12194,3326,20,Aye
12195,3326,14,Aye
12196,3326,23,Aye
12197,3327,26,Aye
12198,3327,3,Aye
12199,3327,10,Aye
12200,3327,20,Aye
12201,3327,14,Aye
12202,3327,23,Aye
12203,3328,26,Aye
12204,3328,3,Aye
12205,3328,10,Aye
12206,3328,20,Aye
12207,3328,14,Aye
12208,3328,23,Aye
12209,3329,5,Aye
12210,3329,3,Aye
12211,3329,26,Aye
12212,3329,14,Aye
12213,3329,10,Aye
12214,3329,23,Aye
12215,3330,3,Aye
12216,3330,26,Aye
12217,3330,14,Aye
12218,3330,23,Aye
12219,3330,5,Nay
12220,3330,10,Nay
12221,3331,26,Aye
12222,3331,5,Aye
12223,3331,14,Aye
12224,3331,10,Aye
12225,3331,23,Aye
12226,3332,26,Aye
12227,3332,5,Aye
12228,3332,14,Aye
12229,3332,10,Aye
12230,3332,23,Aye
12231,3333,26,Aye
12232,3333,5,Aye
12233,3333,14,Aye
12234,3333,10,Aye
12235,3333,23,Aye
12236,3334,26,Aye
12237,3334,3,Aye
12238,3334,5,Aye
12239,3334,14,Aye
12240,3334,10,Aye
12241,3334,23,Aye
12242,3335,26,Aye
12243,3335,3,Aye
12244,3335,5,Aye
12245,3335,14,Aye
12246,3335,10,Aye
12247,3335,23,Aye
12248,3336,26,Aye
12249,3336,3,Aye
12250,3336,5,Aye
12251,3336,14,Aye
12252,3336,10,Aye
12253,3336,23,Aye
12254,3337,26,Aye
12255,3337,3,Aye
12256,3337,5,Aye
12257,3337,14,Aye
12258,3337,10,Aye
12259,3337,23,Aye
12260,3338,26,Aye
12261,3338,3,Aye
12262,3338,5,Aye
12263,3338,14,Aye
12264,3338,10,Aye
12265,3338,23,Aye
12266,3339,26,Aye
12267,3339,3,Aye
12268,3339,5,Aye
12269,3339,14,Aye
12270,3339,10,Aye
12271,3339,23,Aye
12272,3340,26,Aye
12273,3340,3,Aye
12274,3340,5,Aye
12275,3340,14,Aye
12276,3340,10,Aye
12277,3340,23,Aye
12278,3341,26,Aye
12279,3341,3,Aye
12280,3341,5,Aye
12281,3341,14,Aye
12282,3341,10,Aye
12283,3341,23,Aye
12284,3342,26,Aye
12285,3342,3,Aye
12286,3342,5,Aye
12287,3342,14,Aye
12288,3342,10,Aye
12289,3342,23,Aye
12290,3343,26,Aye
12291,3343,3,Aye
12292,3343,5,Aye
12293,3343,14,Aye
12294,3343,10,Aye
12295,3343,23,Aye
12296,3344,26,Aye
12297,3344,3,Aye
12298,3344,5,Aye
12299,3344,14,Aye
12300,3344,10,Aye
12301,3344,23,Aye
12302,3345,26,Aye
12303,3345,3,Aye
12304,3345,5,Aye
12305,3345,14,Aye
12306,3345,10,Aye
12307,3345,23,Aye
12308,3346,26,Aye
12309,3346,3,Aye
12310,3346,5,Aye
12311,3346,14,Aye
12312,3346,10,Aye
12313,3346,23,Aye
12314,3347,26,Aye
12315,3347,3,Aye
12316,3347,5,Aye
12317,3347,14,Aye
12318,3347,10,Aye
12319,3347,23,Aye
12320,3348,26,Aye
12321,3348,3,Aye
12322,3348,5,Aye
12323,3348,14,Aye
12324,3348,10,Aye
12325,3348,23,Aye
12326,3349,26,Aye
12327,3349,3,Aye
12328,3349,5,Aye
12329,3349,14,Aye
12330,3349,10,Aye
12331,3349,23,Aye
12332,3350,14,Aye
12333,3350,20,Aye
12334,3350,10,Aye
12335,3350,5,Aye
12336,3350,23,Aye
12337,3351,14,Aye
12338,3351,20,Aye
12339,3351,10,Aye
12340,3351,5,Aye
12341,3351,23,Aye
12342,3352,14,Aye
12343,3352,20,Aye
12344,3352,10,Aye
12345,3352,5,Aye
12346,3352,23,Aye
12347,3353,14,Aye
12348,3353,20,Aye
12349,3353,10,Aye
12350,3353,5,Aye
12351,3353,23,Aye
12352,3354,14,Aye
12353,3354,3,Aye
12354,3354,20,Aye
12355,3354,10,Aye
12356,3354,5,Aye
12357,3354,23,Aye
12358,3355,14,Aye
12359,3355,3,Aye
12360,3355,20,Aye
12361,3355,10,Aye
12362,3355,5,Aye
12363,3355,23,Aye
12364,3356,14,Aye
12365,3356,3,Aye
12366,3356,20,Aye
12367,3356,10,Aye
12368,3356,5,Aye
12369,3356,23,Aye
12370,3357,14,Aye
12371,3357,3,Aye
12372,3357,20,Aye
12373,3357,10,Aye
12374,3357,5,Aye
12375,3357,23,Aye
12376,3358,14,Aye
12377,3358,3,Aye
12378,3358,20,Aye
12379,3358,10,Aye
12380,3358,5,Aye
12381,3358,23,Aye
12382,3359,14,Aye
12383,3359,3,Aye
12384,3359,20,Aye
12385,3359,10,Aye
12386,3359,5,Aye
12387,3359,23,Aye
12388,3360,14,Aye
12389,3360,3,Aye
12390,3360,20,Aye
12391,3360,10,Aye
12392,3360,5,Aye
12393,3360,23,Aye
12394,3361,14,Aye
12395,3361,3,Aye
12396,3361,20,Aye
12397,3361,10,Aye
12398,3361,5,Aye
12399,3361,23,Aye
12400,3362,10,Aye
12401,3362,26,Aye
12402,3362,5,Aye
12403,3362,20,Aye
12404,3362,3,Aye
12405,3362,23,Aye
12406,3363,10,Aye
12407,3363,26,Aye
12408,3363,5,Aye
12409,3363,20,Aye
12410,3363,3,Aye
12411,3363,23,Aye
12412,3364,10,Aye
12413,3364,26,Aye
12414,3364,5,Aye
12415,3364,20,Aye
12416,3364,3,Aye
12417,3364,23,Aye
12418,3365,10,Aye
12419,3365,26,Aye
12420,3365,5,Aye
12421,3365,20,Aye
12422,3365,3,Aye
12423,3365,23,Aye
12424,3366,10,Aye
12425,3366,26,Aye
12426,3366,5,Aye
12427,3366,20,Aye
12428,3366,3,Aye
12429,3366,23,Aye
12430,3367,10,Aye
12431,3367,26,Aye
12432,3367,5,Aye
12433,3367,20,Aye
12434,3367,3,Aye
12435,3367,23,Aye
12436,3368,10,Aye
12437,3368,26,Aye
12438,3368,5,Aye
12439,3368,20,Aye
12440,3368,3,Aye
12441,3368,23,Aye
12442,3369,10,Aye
12443,3369,26,Aye
12444,3369,5,Aye
12445,3369,23,Aye
12446,3369,3,Nay
12447,3369,20,Nay
12448,3370,10,Aye
12449,3370,26,Aye
12450,3370,5,Aye
12451,3370,20,Aye
12452,3370,3,Aye
12453,3370,23,Aye
12454,3371,10,Aye
12455,3371,26,Aye
12456,3371,5,Aye
12457,3371,20,Aye
12458,3371,3,Aye
12459,3371,23,Aye
12460,3372,10,Aye
12461,3372,26,Aye
12462,3372,5,Aye
12463,3372,20,Aye
12464,3372,3,Aye
12465,3372,23,Aye
12466,3373,10,Aye
12467,3373,26,Aye
12468,3373,20,Aye
12469,3373,3,Aye
12470,3373,23,Aye
12471,3373,5,Nay
12472,3374,26,Aye
12473,3374,5,Aye
12474,3374,3,Aye
12475,3374,20,Aye
12476,3374,23,Aye
12477,3374,10,Aye
12478,3375,26,Aye
12479,3375,5,Aye
12480,3375,3,Aye
12481,3375,20,Aye
12482,3375,23,Aye
12483,3375,10,Aye
12484,3376,26,Aye
12485,3376,5,Aye
12486,3376,3,Aye
12487,3376,20,Aye
12488,3376,23,Aye
12489,3376,10,Aye
12490,3377,26,Aye
12491,3377,5,Aye
12492,3377,3,Aye
12493,3377,20,Aye
12494,3377,23,Aye
12495,3377,10,Aye
12496,3378,5,Aye
12497,3378,23,Aye
12498,3378,10,Aye
12499,3378,3,Nay
12500,3378,20,Nay
12501,3379,26,Aye
12502,3379,5,Aye
12503,3379,3,Aye
12504,3379,20,Aye
12505,3379,23,Aye
12506,3379,10,Aye
12507,3380,26,Aye
12508,3380,5,Aye
12509,3380,3,Aye
12510,3380,20,Aye
12511,3380,23,Aye
12512,3380,10,Aye
12513,3381,26,Aye
12514,3381,23,Aye
12515,3381,5,Nay
12516,3381,3,Nay
12517,3381,20,Nay
12518,3381,10,Nay
12519,3382,26,Aye
12520,3382,5,Aye
12521,3382,3,Aye
12522,3382,20,Aye
12523,3382,23,Aye
12524,3382,10,Aye
12525,3383,26,Aye
12526,3383,5,Aye
12527,3383,3,Aye
12528,3383,20,Aye
12529,3383,23,Aye
12530,3383,10,Aye
12531,3384,26,Aye
12532,3384,5,Aye
12533,3384,3,Aye
12534,3384,20,Aye
12535,3384,23,Aye
12536,3384,10,Aye
12537,3385,26,Aye
12538,3385,5,Aye
12539,3385,3,Aye
12540,3385,20,Aye
12541,3385,23,Aye
12542,3385,10,Aye
12543,3386,26,Aye
12544,3386,5,Aye
12545,3386,3,Aye
12546,3386,20,Aye
12547,3386,23,Aye
12548,3386,10,Aye
12549,3387,26,Aye
12550,3387,5,Aye
12551,3387,3,Aye
12552,3387,20,Aye
12553,3387,23,Aye
12554,3387,10,Aye
12555,3388,26,Aye
12556,3388,5,Aye
12557,3388,3,Aye
12558,3388,20,Aye
12559,3388,23,Aye
12560,3388,10,Aye
