date,year,title,slug,path,source,source_url,format
2020-01-07,2020,Formal Meeting,formal-meeting,minutes/2020/2020-01-06/2020-01-07_formal-meeting.txt,laserfiche,,ocr
2020-01-07,2020,Work Session,work-session,minutes/2020/2020-01-06/2020-01-07_work-session.txt,laserfiche,https://www.utah.gov/pmn/files/572073.pdf,ocr
2020-01-14,2020,Work Session,work-session,minutes/2020/2020-01-13/2020-01-14_work-session.txt,laserfiche,https://www.utah.gov/pmn/files/581689.pdf,ocr
2020-01-17,2020,Formal Meeting,formal-meeting,minutes/2020/2020-01-13/2020-01-17_formal-meeting.txt,laserfiche,,ocr
2020-01-17,2020,Work Session,work-session,minutes/2020/2020-01-13/2020-01-17_work-session.txt,laserfiche,https://www.utah.gov/pmn/files/572087.pdf,ocr
2020-01-21,2020,Formal Meeting,formal-meeting,minutes/2020/2020-01-20/2020-01-21_formal-meeting.txt,laserfiche,,ocr
2020-01-21,2020,Work Session,work-session,minutes/2020/2020-01-20/2020-01-21_work-session.txt,laserfiche,https://www.utah.gov/pmn/files/576939.pdf,ocr
2020-02-04,2020,Formal Meeting,formal-meeting,minutes/2020/2020-02-03/2020-02-04_formal-meeting.txt,laserfiche,https://www.utah.gov/pmn/files/581697.pdf,ocr
2020-02-04,2020,Work Session,work-session,minutes/2020/2020-02-03/2020-02-04_work-session.txt,laserfiche,https://www.utah.gov/pmn/files/581693.pdf,ocr
2020-02-11,2020,Work Session,work-session,minutes/2020/2020-02-10/2020-02-11_work-session.txt,laserfiche,https://www.utah.gov/pmn/files/581705.pdf,ocr
2020-02-18,2020,Formal Meeting,formal-meeting,minutes/2020/2020-02-17/2020-02-18_formal-meeting.txt,laserfiche,https://www.utah.gov/pmn/files/581699.pdf,ocr
2020-02-18,2020,Work Session,work-session,minutes/2020/2020-02-17/2020-02-18_work-session.txt,laserfiche,https://www.utah.gov/pmn/files/590461.pdf,ocr
2020-03-03,2020,Formal Meeting,formal-meeting,minutes/2020/2020-03-02/2020-03-03_formal-meeting.txt,laserfiche,https://www.utah.gov/pmn/files/590463.pdf,ocr
2020-03-03,2020,Work Session,work-session,minutes/2020/2020-03-02/2020-03-03_work-session.txt,laserfiche,https://www.utah.gov/pmn/files/602563.pdf,ocr
2020-03-17,2020,Formal Meeting,formal-meeting,minutes/2020/2020-03-16/2020-03-17_formal-meeting.txt,laserfiche,https://www.utah.gov/pmn/files/590465.pdf,ocr
2020-03-17,2020,Work Session,work-session,minutes/2020/2020-03-16/2020-03-17_work-session.txt,laserfiche,https://www.utah.gov/pmn/files/594489.pdf,ocr
2020-03-24,2020,Formal Meeting,formal-meeting,minutes/2020/2020-03-23/2020-03-24_formal-meeting.txt,laserfiche,https://www.utah.gov/pmn/files/594493.pdf,ocr
2020-03-24,2020,Work Session,work-session,minutes/2020/2020-03-23/2020-03-24_work-session.txt,laserfiche,https://www.utah.gov/pmn/files/594491.pdf,ocr
2020-04-07,2020,Formal Meeting,formal-meeting,minutes/2020/2020-04-06/2020-04-07_formal-meeting.txt,laserfiche,https://www.utah.gov/pmn/files/602565.pdf,ocr
2020-04-07,2020,Work Session,work-session,minutes/2020/2020-04-06/2020-04-07_work-session.txt,laserfiche,https://www.utah.gov/pmn/files/640220.pdf,ocr
2020-04-14,2020,Formal Meeting,formal-meeting,minutes/2020/2020-04-13/2020-04-14_formal-meeting.txt,laserfiche,https://www.utah.gov/pmn/files/600163.pdf,ocr
2020-04-14,2020,Work Session,work-session,minutes/2020/2020-04-13/2020-04-14_work-session.txt,laserfiche,https://www.utah.gov/pmn/files/645581.pdf,ocr
2020-04-21,2020,Formal Meeting,formal-meeting,minutes/2020/2020-04-20/2020-04-21_formal-meeting.txt,laserfiche,https://www.utah.gov/pmn/files/640350.pdf,ocr
2020-04-21,2020,Work Session,work-session,minutes/2020/2020-04-20/2020-04-21_work-session.txt,laserfiche,https://www.utah.gov/pmn/files/640366.pdf,ocr
2020-05-05,2020,Formal Meeting,formal-meeting,minutes/2020/2020-05-04/2020-05-05_formal-meeting.txt,laserfiche,https://www.utah.gov/pmn/files/640370.pdf,ocr
2020-05-05,2020,Work Session,work-session,minutes/2020/2020-05-04/2020-05-05_work-session.txt,laserfiche,https://www.utah.gov/pmn/files/678489.pdf,ocr
2020-05-12,2020,Work Session,work-session,minutes/2020/2020-05-11/2020-05-12_work-session.txt,laserfiche,https://www.utah.gov/pmn/files/698771.pdf,ocr
2020-05-19,2020,Formal Meeting,formal-meeting,minutes/2020/2020-05-18/2020-05-19_formal-meeting.txt,laserfiche,https://www.utah.gov/pmn/files/640380.pdf,ocr
2020-05-19,2020,Work Session,work-session,minutes/2020/2020-05-18/2020-05-19_work-session.txt,laserfiche,https://www.utah.gov/pmn/files/645583.pdf,ocr
2020-05-26,2020,Work Session,work-session,minutes/2020/2020-05-25/2020-05-26_work-session.txt,laserfiche,https://www.utah.gov/pmn/files/698773.pdf,ocr
2020-05-28,2020,Work Session,work-session,minutes/2020/2020-05-25/2020-05-28_work-session.txt,laserfiche,https://www.utah.gov/pmn/files/698775.pdf,ocr
2020-06-02,2020,Formal Meeting,formal-meeting,minutes/2020/2020-06-01/2020-06-02_formal-meeting.txt,laserfiche,https://www.utah.gov/pmn/files/640388.pdf,ocr
2020-06-02,2020,Work Session,work-session,minutes/2020/2020-06-01/2020-06-02_work-session.txt,laserfiche,https://www.utah.gov/pmn/files/709721.pdf,ocr
2020-06-04,2020,Formal Meeting,formal-meeting,minutes/2020/2020-06-01/2020-06-04_formal-meeting.txt,laserfiche,https://www.utah.gov/pmn/files/640382.pdf,ocr
2020-06-09,2020,Work Session,work-session,minutes/2020/2020-06-08/2020-06-09_work-session.txt,laserfiche,https://www.utah.gov/pmn/files/689007.pdf,ocr
2020-06-11,2020,Work Session,work-session,minutes/2020/2020-06-08/2020-06-11_work-session.txt,laserfiche,https://www.utah.gov/pmn/files/678511.pdf,ocr
2020-06-16,2020,Work Session,work-session,minutes/2020/2020-06-15/2020-06-16_work-session.txt,laserfiche,https://www.utah.gov/pmn/files/709729.pdf,ocr
2020-07-02,2020,Formal Meeting,formal-meeting,minutes/2020/2020-06-29/2020-07-02_formal-meeting.txt,laserfiche,https://www.utah.gov/pmn/files/640378.pdf,ocr
2020-07-02,2020,Work Session,work-session,minutes/2020/2020-06-29/2020-07-02_work-session.txt,laserfiche,https://www.utah.gov/pmn/files/640372.pdf,ocr
2020-07-07,2020,Formal Meeting,formal-meeting,minutes/2020/2020-07-06/2020-07-07_formal-meeting.txt,laserfiche,https://www.utah.gov/pmn/files/645597.pdf,ocr
2020-07-07,2020,Work Session,work-session,minutes/2020/2020-07-06/2020-07-07_work-session.txt,laserfiche,https://www.utah.gov/pmn/files/678533.pdf,ocr
2020-07-14,2020,Formal Meeting,formal-meeting,minutes/2020/2020-07-13/2020-07-14_formal-meeting.txt,laserfiche,https://www.utah.gov/pmn/files/650207.pdf,ocr
2020-07-14,2020,Work Session,work-session,minutes/2020/2020-07-13/2020-07-14_work-session.txt,laserfiche,https://www.utah.gov/pmn/files/659697.pdf,ocr
2020-08-11,2020,Formal Meeting,formal-meeting,minutes/2020/2020-08-10/2020-08-11_formal-meeting.txt,laserfiche,https://www.utah.gov/pmn/files/645619.pdf,ocr
2020-08-11,2020,Formal Meeting 2,formal-meeting-2,minutes/2020/2020-08-10/2020-08-11_formal-meeting-2.txt,laserfiche,https://www.utah.gov/pmn/files/645613.pdf,ocr
2020-08-11,2020,Work Session,work-session,minutes/2020/2020-08-10/2020-08-11_work-session.txt,laserfiche,https://www.utah.gov/pmn/files/678543.pdf,ocr
2020-08-18,2020,Formal Meeting,formal-meeting,minutes/2020/2020-08-17/2020-08-18_formal-meeting.txt,laserfiche,https://www.utah.gov/pmn/files/640392.pdf,ocr
2020-08-18,2020,Work Session,work-session,minutes/2020/2020-08-17/2020-08-18_work-session.txt,laserfiche,https://www.utah.gov/pmn/files/659699.pdf,ocr
2020-09-01,2020,Formal Meeting,formal-meeting,minutes/2020/2020-08-31/2020-09-01_formal-meeting.txt,laserfiche,https://www.utah.gov/pmn/files/645617.pdf,ocr
2020-09-01,2020,Work Session,work-session,minutes/2020/2020-08-31/2020-09-01_work-session.txt,laserfiche,https://www.utah.gov/pmn/files/715343.pdf,ocr
2020-09-15,2020,Formal Meeting,formal-meeting,minutes/2020/2020-09-14/2020-09-15_formal-meeting.txt,laserfiche,https://www.utah.gov/pmn/files/650211.pdf,ocr
2020-09-15,2020,Work Session,work-session,minutes/2020/2020-09-14/2020-09-15_work-session.txt,laserfiche,https://www.utah.gov/pmn/files/657545.pdf,ocr
2020-09-29,2020,Work Session,work-session,minutes/2020/2020-09-28/2020-09-29_work-session.txt,laserfiche,https://www.utah.gov/pmn/files/730389.pdf,ocr
2020-10-06,2020,Formal Meeting,formal-meeting,minutes/2020/2020-10-05/2020-10-06_formal-meeting.txt,laserfiche,https://www.utah.gov/pmn/files/659703.pdf,ocr
2020-10-06,2020,Work Session,work-session,minutes/2020/2020-10-05/2020-10-06_work-session.txt,laserfiche,https://www.utah.gov/pmn/files/715347.pdf,ocr
2020-10-13,2020,Work Session,work-session,minutes/2020/2020-10-12/2020-10-13_work-session.txt,laserfiche,https://www.utah.gov/pmn/files/729086.pdf,ocr
2020-10-20,2020,Formal Meeting,formal-meeting,minutes/2020/2020-10-19/2020-10-20_formal-meeting.txt,laserfiche,https://www.utah.gov/pmn/files/664855.pdf,ocr
2020-10-20,2020,Work Session,work-session,minutes/2020/2020-10-19/2020-10-20_work-session.txt,laserfiche,https://www.utah.gov/pmn/files/729088.pdf,ocr
2020-10-28,2020,Formal Meeting,formal-meeting,minutes/2020/2020-10-26/2020-10-28_formal-meeting.txt,laserfiche,https://www.utah.gov/pmn/files/657547.pdf,ocr
2020-11-10,2020,Formal Meeting,formal-meeting,minutes/2020/2020-11-09/2020-11-10_formal-meeting.txt,laserfiche,https://www.utah.gov/pmn/files/677133.pdf,ocr
2020-11-10,2020,Work Session,work-session,minutes/2020/2020-11-09/2020-11-10_work-session.txt,laserfiche,https://www.utah.gov/pmn/files/751023.pdf,ocr
2020-11-17,2020,Formal Meeting,formal-meeting,minutes/2020/2020-11-16/2020-11-17_formal-meeting.txt,laserfiche,https://www.utah.gov/pmn/files/677135.pdf,ocr
2020-11-17,2020,Work Session,work-session,minutes/2020/2020-11-16/2020-11-17_work-session.txt,laserfiche,https://www.utah.gov/pmn/files/741513.pdf,ocr
2020-12-01,2020,Formal Meeting,formal-meeting,minutes/2020/2020-11-30/2020-12-01_formal-meeting.txt,laserfiche,https://www.utah.gov/pmn/files/677137.pdf,ocr
2020-12-01,2020,Work Session,work-session,minutes/2020/2020-11-30/2020-12-01_work-session.txt,laserfiche,https://www.utah.gov/pmn/files/692497.pdf,ocr
2020-12-08,2020,Formal Meeting,formal-meeting,minutes/2020/2020-12-07/2020-12-08_formal-meeting.txt,laserfiche,https://www.utah.gov/pmn/files/678561.pdf,ocr
2020-12-08,2020,Work Session,work-session,minutes/2020/2020-12-07/2020-12-08_work-session.txt,laserfiche,https://www.utah.gov/pmn/files/741537.pdf,ocr
2020-12-11,2020,Formal Meeting,formal-meeting,minutes/2020/2020-12-07/2020-12-11_formal-meeting.txt,laserfiche,https://www.utah.gov/pmn/files/678571.pdf,ocr
2021-01-05,2021,Council Formal Meeting ,council-formal-meeting,minutes/2021/2021-01-04/2021-01-05_council-formal-meeting.md,primegov,https://slc.primegov.com/Portal/Meeting?meetingTemplateId=2270,text
2021-01-05,2021,Council Work Session ,council-work-session,minutes/2021/2021-01-04/2021-01-05_council-work-session.md,primegov,https://slc.primegov.com/Portal/Meeting?meetingTemplateId=2266,text
2021-01-12,2021,Council Work Session ,council-work-session,minutes/2021/2021-01-11/2021-01-12_council-work-session.md,primegov,https://slc.primegov.com/Portal/Meeting?meetingTemplateId=2357,text
2021-01-19,2021,Council Formal Meeting ,council-formal-meeting,minutes/2021/2021-01-18/2021-01-19_council-formal-meeting.md,primegov,https://slc.primegov.com/Portal/Meeting?meetingTemplateId=2282,text
2021-01-19,2021,Council Work Session ,council-work-session,minutes/2021/2021-01-18/2021-01-19_council-work-session.md,primegov,https://slc.primegov.com/Portal/Meeting?meetingTemplateId=2278,text
2021-02-02,2021,Council Formal Meeting ,council-formal-meeting,minutes/2021/2021-02-01/2021-02-02_council-formal-meeting.md,primegov,https://slc.primegov.com/Portal/Meeting?meetingTemplateId=2292,text
2021-02-02,2021,Council Work Session ,council-work-session,minutes/2021/2021-02-01/2021-02-02_council-work-session.md,primegov,https://slc.primegov.com/Portal/Meeting?meetingTemplateId=2288,text
2021-02-09,2021,Council Work Session ,council-work-session,minutes/2021/2021-02-08/2021-02-09_council-work-session.md,primegov,https://slc.primegov.com/Portal/Meeting?meetingTemplateId=2358,text
2021-02-09,2021,Redevelopment Agency (RDA) Meeting,redevelopment-agency-rda-meeting,minutes/2021/2021-02-08/2021-02-09_redevelopment-agency-rda-meeting.md,primegov,https://slc.primegov.com/Portal/Meeting?meetingTemplateId=2295,text
2021-02-16,2021,Council Formal Meeting,council-formal-meeting,minutes/2021/2021-02-15/2021-02-16_council-formal-meeting.md,primegov,https://slc.primegov.com/Portal/Meeting?meetingTemplateId=2314,text
2021-02-16,2021,Council Work Session ,council-work-session,minutes/2021/2021-02-15/2021-02-16_council-work-session.md,primegov,https://slc.primegov.com/Portal/Meeting?meetingTemplateId=2300,text
2021-03-02,2021,Council Formal Meeting ,council-formal-meeting,minutes/2021/2021-03-01/2021-03-02_council-formal-meeting.md,primegov,https://slc.primegov.com/Portal/Meeting?meetingTemplateId=2311,text
2021-03-02,2021,Council Work Session ,council-work-session,minutes/2021/2021-03-01/2021-03-02_council-work-session.md,primegov,https://slc.primegov.com/Portal/Meeting?meetingTemplateId=2307,text
2021-03-16,2021,Council Formal Meeting,council-formal-meeting,minutes/2021/2021-03-15/2021-03-16_council-formal-meeting.md,primegov,https://slc.primegov.com/Portal/Meeting?meetingTemplateId=2330,text
2021-03-16,2021,Council Work Session,council-work-session,minutes/2021/2021-03-15/2021-03-16_council-work-session.md,primegov,https://slc.primegov.com/Portal/Meeting?meetingTemplateId=2326,text
2021-03-23,2021,Council Work Session,council-work-session,minutes/2021/2021-03-22/2021-03-23_council-work-session.md,primegov,https://slc.primegov.com/Portal/Meeting?meetingTemplateId=2359,text
2021-03-23,2021,Redevelopment Agency (RDA) Meeting,redevelopment-agency-rda-meeting,minutes/2021/2021-03-22/2021-03-23_redevelopment-agency-rda-meeting.md,primegov,https://slc.primegov.com/Portal/Meeting?meetingTemplateId=2323,text
2021-04-06,2021,Council Formal Meeting,council-formal-meeting,minutes/2021/2021-04-05/2021-04-06_council-formal-meeting.md,primegov,https://slc.primegov.com/Portal/Meeting?meetingTemplateId=2339,text
2021-04-06,2021,Council Work Session ,council-work-session,minutes/2021/2021-04-05/2021-04-06_council-work-session.md,primegov,https://slc.primegov.com/Portal/Meeting?meetingTemplateId=2335,text
2021-04-13,2021,Revised - Council Work Session ,revised-council-work-session,minutes/2021/2021-04-12/2021-04-13_revised-council-work-session.md,primegov,https://slc.primegov.com/Portal/Meeting?meetingTemplateId=2346,text
2021-04-13,2021,Revised - Redevelopment Agency (RDA) Meeting,revised-redevelopment-agency-rda-meeting,minutes/2021/2021-04-12/2021-04-13_revised-redevelopment-agency-rda-meeting.md,primegov,https://slc.primegov.com/Portal/Meeting?meetingTemplateId=2342,text
2021-04-20,2021,Council Formal Meeting,council-formal-meeting,minutes/2021/2021-04-19/2021-04-20_council-formal-meeting.md,primegov,https://slc.primegov.com/Portal/Meeting?meetingTemplateId=2352,text
2021-04-20,2021,Revised - Council Work Session ,revised-council-work-session,minutes/2021/2021-04-19/2021-04-20_revised-council-work-session.md,primegov,https://slc.primegov.com/Portal/Meeting?meetingTemplateId=2348,text
2021-05-04,2021,Council Work Session ,council-work-session,minutes/2021/2021-05-03/2021-05-04_council-work-session.md,primegov,https://slc.primegov.com/Portal/Meeting?meetingTemplateId=2361,text
2021-05-04,2021,Redevelopment Agency (RDA) Meeting,redevelopment-agency-rda-meeting,minutes/2021/2021-05-03/2021-05-04_redevelopment-agency-rda-meeting.md,primegov,https://slc.primegov.com/Portal/Meeting?meetingTemplateId=2368,text
2021-05-11,2021,Council Work Session ,council-work-session,minutes/2021/2021-05-10/2021-05-11_council-work-session.md,primegov,https://slc.primegov.com/Portal/Meeting?meetingTemplateId=2371,text
2021-05-13,2021,Council Work Session,council-work-session,minutes/2021/2021-05-10/2021-05-13_council-work-session.md,pmn,https://www.utah.gov/pmn/files/888883.pdf,text
2021-05-13,2021,Special Limited Formal Meeting,special-limited-formal-meeting,minutes/2021/2021-05-10/2021-05-13_special-limited-formal-meeting.md,pmn,https://www.utah.gov/pmn/files/741853.pdf,text
2021-05-18,2021,Council Work Session ,council-work-session,minutes/2021/2021-05-17/2021-05-18_council-work-session.md,primegov,https://slc.primegov.com/Portal/Meeting?meetingTemplateId=2375,text
2021-05-18,2021,"LBA, RDA and Council Formal Meeting",lba-rda-and-council-formal-meeting,minutes/2021/2021-05-17/2021-05-18_lba-rda-and-council-formal-meeting.md,primegov,https://slc.primegov.com/Portal/Meeting?meetingTemplateId=2382,text
2021-05-18,2021,Redevelopment Agency (RDA) Meeting,redevelopment-agency-rda-meeting,minutes/2021/2021-05-17/2021-05-18_redevelopment-agency-rda-meeting.md,primegov,https://slc.primegov.com/Portal/Meeting?meetingTemplateId=2395,text
2021-05-25,2021,Council Work Session ,council-work-session,minutes/2021/2021-05-24/2021-05-25_council-work-session.md,primegov,https://slc.primegov.com/Portal/Meeting?meetingTemplateId=2385,text
2021-06-01,2021,Council Work Session ,council-work-session,minutes/2021/2021-05-31/2021-06-01_council-work-session.md,primegov,https://slc.primegov.com/Portal/Meeting?meetingTemplateId=2398,text
2021-06-01,2021,"LBA, RDA and Council Formal Meeting",lba-rda-and-council-formal-meeting,minutes/2021/2021-05-31/2021-06-01_lba-rda-and-council-formal-meeting.md,primegov,https://slc.primegov.com/Portal/Meeting?meetingTemplateId=2439,text
2021-06-01,2021,Special Limited Redevelopment Agency (RDA) Meeting,special-limited-redevelopment-agency-rda-meeting,minutes/2021/2021-05-31/2021-06-01_special-limited-redevelopment-agency-rda-meeting.md,primegov,https://slc.primegov.com/Portal/Meeting?meetingTemplateId=2405,text
2021-06-03,2021,Council Work Session ,council-work-session,minutes/2021/2021-05-31/2021-06-03_council-work-session.md,primegov,https://slc.primegov.com/Portal/Meeting?meetingTemplateId=2435,text
2021-06-08,2021,Council Work Session ,council-work-session,minutes/2021/2021-06-07/2021-06-08_council-work-session.md,primegov,https://slc.primegov.com/Portal/Meeting?meetingTemplateId=2408,text
2021-06-08,2021,Limited Council Formal Meeting,limited-council-formal-meeting,minutes/2021/2021-06-07/2021-06-08_limited-council-formal-meeting.md,primegov,https://slc.primegov.com/Portal/Meeting?meetingTemplateId=2442,text
2021-06-08,2021,Redevelopment Agency (RDA) Meeting,redevelopment-agency-rda-meeting,minutes/2021/2021-06-07/2021-06-08_redevelopment-agency-rda-meeting.md,primegov,https://slc.primegov.com/Portal/Meeting?meetingTemplateId=2448,text
2021-06-10,2021,Council Work Session,council-work-session,minutes/2021/2021-06-07/2021-06-10_council-work-session.md,pmn,https://www.utah.gov/pmn/files/913083.pdf,text
2021-06-15,2021,Council Work Session ,council-work-session,minutes/2021/2021-06-14/2021-06-15_council-work-session.md,primegov,https://slc.primegov.com/Portal/Meeting?meetingTemplateId=2458,text
2021-06-15,2021,"LBA, RDA and Council Formal Meeting",lba-rda-and-council-formal-meeting,minutes/2021/2021-06-14/2021-06-15_lba-rda-and-council-formal-meeting.md,primegov,https://slc.primegov.com/Portal/Meeting?meetingTemplateId=2462,text
2021-06-21,2021,Special Council Work Session,special-council-work-session,minutes/2021/2021-06-21/2021-06-21_special-council-work-session.md,primegov,https://slc.primegov.com/Portal/Meeting?meetingTemplateId=2499,text
2021-07-13,2021,Council Formal Meeting,council-formal-meeting,minutes/2021/2021-07-12/2021-07-13_council-formal-meeting.md,primegov,https://slc.primegov.com/Portal/Meeting?meetingTemplateId=2469,text
2021-07-13,2021,Council Work Session ,council-work-session,minutes/2021/2021-07-12/2021-07-13_council-work-session.md,primegov,https://slc.primegov.com/Portal/Meeting?meetingTemplateId=2465,text
2021-07-20,2021,Council Formal Meeting,council-formal-meeting,minutes/2021/2021-07-19/2021-07-20_council-formal-meeting.md,primegov,https://slc.primegov.com/Portal/Meeting?meetingTemplateId=2476,text
2021-07-20,2021,Council Work Session ,council-work-session,minutes/2021/2021-07-19/2021-07-20_council-work-session.md,primegov,https://slc.primegov.com/Portal/Meeting?meetingTemplateId=2472,text
2021-07-20,2021,Redevelopment Agency (RDA) Meeting,redevelopment-agency-rda-meeting,minutes/2021/2021-07-19/2021-07-20_redevelopment-agency-rda-meeting.md,primegov,https://slc.primegov.com/Portal/Meeting?meetingTemplateId=2479,text
2021-08-17,2021,Council Work Session ,council-work-session,minutes/2021/2021-08-16/2021-08-17_council-work-session.md,primegov,https://slc.primegov.com/Portal/Meeting?meetingTemplateId=2482,text
2021-08-17,2021,Local Building Authority and Council Formal Meeting,local-building-authority-and-council-formal-meeting,minutes/2021/2021-08-16/2021-08-17_local-building-authority-and-council-formal-meeting.md,primegov,https://slc.primegov.com/Portal/Meeting?meetingTemplateId=2486,text
2021-08-24,2021,Council Formal Meeting,council-formal-meeting,minutes/2021/2021-08-23/2021-08-24_council-formal-meeting.md,primegov,https://slc.primegov.com/Portal/Meeting?meetingTemplateId=2496,text
2021-08-24,2021,Council Work Session ,council-work-session,minutes/2021/2021-08-23/2021-08-24_council-work-session.md,primegov,https://slc.primegov.com/Portal/Meeting?meetingTemplateId=2492,text
2021-08-24,2021,Redevelopment Agency (RDA) Meeting,redevelopment-agency-rda-meeting,minutes/2021/2021-08-23/2021-08-24_redevelopment-agency-rda-meeting.md,primegov,https://slc.primegov.com/Portal/Meeting?meetingTemplateId=2489,text
2021-09-07,2021,Council Formal Meeting,council-formal-meeting,minutes/2021/2021-09-06/2021-09-07_council-formal-meeting.md,primegov,https://slc.primegov.com/Portal/Meeting?meetingTemplateId=2513,text
2021-09-07,2021,Council Work Session ,council-work-session,minutes/2021/2021-09-06/2021-09-07_council-work-session.md,primegov,https://slc.primegov.com/Portal/Meeting?meetingTemplateId=2509,text
2021-09-14,2021,Limited Formal Meeting,limited-formal-meeting,minutes/2021/2021-09-13/2021-09-14_limited-formal-meeting.md,primegov,https://slc.primegov.com/Portal/Meeting?meetingTemplateId=2544,text
2021-09-21,2021,Council Work Session ,council-work-session,minutes/2021/2021-09-20/2021-09-21_council-work-session.md,primegov,https://slc.primegov.com/Portal/Meeting?meetingTemplateId=2523,text
2021-09-21,2021,Revised Council Formal Meeting,revised-council-formal-meeting,minutes/2021/2021-09-20/2021-09-21_revised-council-formal-meeting.md,primegov,https://slc.primegov.com/Portal/Meeting?meetingTemplateId=2527,text
2021-10-05,2021,Council Work Session ,council-work-session,minutes/2021/2021-10-04/2021-10-05_council-work-session.md,primegov,https://slc.primegov.com/Portal/Meeting?meetingTemplateId=2534,text
2021-10-12,2021,Council Work Session ,council-work-session,minutes/2021/2021-10-11/2021-10-12_council-work-session.md,primegov,https://slc.primegov.com/Portal/Meeting?meetingTemplateId=2550,text
2021-10-12,2021,Redevelopment Agency (RDA) Meeting,redevelopment-agency-rda-meeting,minutes/2021/2021-10-11/2021-10-12_redevelopment-agency-rda-meeting.md,primegov,https://slc.primegov.com/Portal/Meeting?meetingTemplateId=2547,text
2021-10-19,2021,Revised Council Formal Meeting,revised-council-formal-meeting,minutes/2021/2021-10-18/2021-10-19_revised-council-formal-meeting.md,primegov,https://slc.primegov.com/Portal/Meeting?meetingTemplateId=2558,text
2021-10-19,2021,Revised Council Work Session ,revised-council-work-session,minutes/2021/2021-10-18/2021-10-19_revised-council-work-session.md,primegov,https://slc.primegov.com/Portal/Meeting?meetingTemplateId=2554,text
2021-11-09,2021,Council Work Session Meeting,council-work-session-meeting,minutes/2021/2021-11-08/2021-11-09_council-work-session-meeting.md,primegov,https://slc.primegov.com/Portal/Meeting?meetingTemplateId=2564,text
2021-11-09,2021,LBA and Council Formal Meeting,lba-and-council-formal-meeting,minutes/2021/2021-11-08/2021-11-09_lba-and-council-formal-meeting.md,primegov,https://slc.primegov.com/Portal/Meeting?meetingTemplateId=2568,text
2021-11-16,2021,Revised Council Work Session Meeting,revised-council-work-session-meeting,minutes/2021/2021-11-15/2021-11-16_revised-council-work-session-meeting.md,primegov,https://slc.primegov.com/Portal/Meeting?meetingTemplateId=2571,text
2021-11-16,2021,Revised LBA and Council Formal Meeting,revised-lba-and-council-formal-meeting,minutes/2021/2021-11-15/2021-11-16_revised-lba-and-council-formal-meeting.md,primegov,https://slc.primegov.com/Portal/Meeting?meetingTemplateId=2575,text
2021-12-07,2021,Council Work Session Meeting,council-work-session-meeting,minutes/2021/2021-12-06/2021-12-07_council-work-session-meeting.md,primegov,https://slc.primegov.com/Portal/Meeting?meetingTemplateId=2601,text
2021-12-07,2021,LBA and Council Formal Meeting ,lba-and-council-formal-meeting,minutes/2021/2021-12-06/2021-12-07_lba-and-council-formal-meeting.md,primegov,https://slc.primegov.com/Portal/Meeting?meetingTemplateId=2605,text
2021-12-14,2021,Council Work Session Meeting,council-work-session-meeting,minutes/2021/2021-12-13/2021-12-14_council-work-session-meeting.md,primegov,https://slc.primegov.com/Portal/Meeting?meetingTemplateId=2614,text
2021-12-14,2021,Redevelopment Agency (RDA) Meeting,redevelopment-agency-rda-meeting,minutes/2021/2021-12-13/2021-12-14_redevelopment-agency-rda-meeting.md,primegov,https://slc.primegov.com/Portal/Meeting?meetingTemplateId=2561,text
2021-12-14,2021,Revised Council Formal Meeting ,revised-council-formal-meeting,minutes/2021/2021-12-13/2021-12-14_revised-council-formal-meeting.md,primegov,https://slc.primegov.com/Portal/Meeting?meetingTemplateId=2618,text
2022-01-04,2022,Council Formal Meeting ,council-formal-meeting,minutes/2022/2022-01-03/2022-01-04_council-formal-meeting.md,primegov,https://slc.primegov.com/Portal/Meeting?meetingTemplateId=2628,text
2022-01-04,2022,Council Work Session Meeting,council-work-session-meeting,minutes/2022/2022-01-03/2022-01-04_council-work-session-meeting.md,primegov,https://slc.primegov.com/Portal/Meeting?meetingTemplateId=2621,text
2022-01-11,2022,Council Work Session Meeting,council-work-session-meeting,minutes/2022/2022-01-10/2022-01-11_council-work-session-meeting.md,primegov,https://slc.primegov.com/Portal/Meeting?meetingTemplateId=2635,text
2022-01-18,2022,Council Formal Meeting ,council-formal-meeting,minutes/2022/2022-01-17/2022-01-18_council-formal-meeting.md,primegov,https://slc.primegov.com/Portal/Meeting?meetingTemplateId=2639,text
2022-01-18,2022,Council Work Session Meeting,council-work-session-meeting,minutes/2022/2022-01-17/2022-01-18_council-work-session-meeting.md,primegov,https://slc.primegov.com/Portal/Meeting?meetingTemplateId=2642,text
2022-01-18,2022,Redevelopment Agency (RDA) Meeting,redevelopment-agency-rda-meeting,minutes/2022/2022-01-17/2022-01-18_redevelopment-agency-rda-meeting.md,primegov,https://slc.primegov.com/Portal/Meeting?meetingTemplateId=2646,text
2022-01-25,2022,City Council Retreat ,city-council-retreat,minutes/2022/2022-01-24/2022-01-25_city-council-retreat.md,primegov,https://slc.primegov.com/Portal/Meeting?meetingTemplateId=2673,text
2022-02-01,2022,Council Formal Meeting,council-formal-meeting,minutes/2022/2022-01-31/2022-02-01_council-formal-meeting.md,primegov,https://slc.primegov.com/Portal/Meeting?meetingTemplateId=2653,text
2022-02-01,2022,Council Work Session Meeting,council-work-session-meeting,minutes/2022/2022-01-31/2022-02-01_council-work-session-meeting.md,primegov,https://slc.primegov.com/Portal/Meeting?meetingTemplateId=2649,text
2022-02-08,2022,Council Work Session Meeting,council-work-session-meeting,minutes/2022/2022-02-07/2022-02-08_council-work-session-meeting.md,primegov,https://slc.primegov.com/Portal/Meeting?meetingTemplateId=2659,text
2022-02-08,2022,Redevelopment Agency (RDA) Meeting,redevelopment-agency-rda-meeting,minutes/2022/2022-02-07/2022-02-08_redevelopment-agency-rda-meeting.md,primegov,https://slc.primegov.com/Portal/Meeting?meetingTemplateId=2656,text
2022-02-15,2022,Council Formal Meeting,council-formal-meeting,minutes/2022/2022-02-14/2022-02-15_council-formal-meeting.md,primegov,https://slc.primegov.com/Portal/Meeting?meetingTemplateId=2670,text
2022-02-16,2022,Special Council Work Session Meeting,special-council-work-session-meeting,minutes/2022/2022-02-14/2022-02-16_special-council-work-session-meeting.md,primegov,https://slc.primegov.com/Portal/Meeting?meetingTemplateId=2697,text
2022-03-01,2022,Council Work Session Meeting,council-work-session-meeting,minutes/2022/2022-02-28/2022-03-01_council-work-session-meeting.md,primegov,https://slc.primegov.com/Portal/Meeting?meetingTemplateId=2676,text
2022-03-01,2022,Revised Council Formal Meeting,revised-council-formal-meeting,minutes/2022/2022-02-28/2022-03-01_revised-council-formal-meeting.md,primegov,https://slc.primegov.com/Portal/Meeting?meetingTemplateId=2680,text
2022-03-08,2022,Council Work Session Meeting,council-work-session-meeting,minutes/2022/2022-03-07/2022-03-08_council-work-session-meeting.md,primegov,https://slc.primegov.com/Portal/Meeting?meetingTemplateId=2686,text
2022-03-08,2022,Redevelopment Agency (RDA) Meeting,redevelopment-agency-rda-meeting,minutes/2022/2022-03-07/2022-03-08_redevelopment-agency-rda-meeting.md,primegov,https://slc.primegov.com/Portal/Meeting?meetingTemplateId=2683,text
2022-03-22,2022,Revised - Council Formal Meeting,revised-council-formal-meeting,minutes/2022/2022-03-21/2022-03-22_revised-council-formal-meeting.md,primegov,https://slc.primegov.com/Portal/Meeting?meetingTemplateId=2694,text
2022-03-22,2022,Revised - Council Work Session Meeting,revised-council-work-session-meeting,minutes/2022/2022-03-21/2022-03-22_revised-council-work-session-meeting.md,primegov,https://slc.primegov.com/Portal/Meeting?meetingTemplateId=2690,text
2022-04-05,2022,Council Work Session Meeting ,council-work-session-meeting,minutes/2022/2022-04-04/2022-04-05_council-work-session-meeting.md,primegov,https://slc.primegov.com/Portal/Meeting?meetingTemplateId=2721,text
2022-04-12,2022,Council Work Session Meeting,council-work-session-meeting,minutes/2022/2022-04-11/2022-04-12_council-work-session-meeting.md,primegov,https://slc.primegov.com/Portal/Meeting?meetingTemplateId=2728,text
2022-04-12,2022,Redevelopment Agency (RDA) Meeting,redevelopment-agency-rda-meeting,minutes/2022/2022-04-11/2022-04-12_redevelopment-agency-rda-meeting.md,primegov,https://slc.primegov.com/Portal/Meeting?meetingTemplateId=2732,text
2022-04-19,2022,Council Work Session Meeting,council-work-session-meeting,minutes/2022/2022-04-18/2022-04-19_council-work-session-meeting.md,primegov,https://slc.primegov.com/Portal/Meeting?meetingTemplateId=2735,text
2022-04-19,2022,LBA and Council Formal Meeting,lba-and-council-formal-meeting,minutes/2022/2022-04-18/2022-04-19_lba-and-council-formal-meeting.md,primegov,https://slc.primegov.com/Portal/Meeting?meetingTemplateId=2739,text
2022-05-03,2022,Council Work Session Meeting,council-work-session-meeting,minutes/2022/2022-05-02/2022-05-03_council-work-session-meeting.md,primegov,https://slc.primegov.com/Portal/Meeting?meetingTemplateId=2762,text
2022-05-03,2022,"LBA, RDA and Council Formal Meeting",lba-rda-and-council-formal-meeting,minutes/2022/2022-05-02/2022-05-03_lba-rda-and-council-formal-meeting.md,primegov,https://slc.primegov.com/Portal/Meeting?meetingTemplateId=2801,text
2022-05-10,2022,Council Work Session Meeting,council-work-session-meeting,minutes/2022/2022-05-09/2022-05-10_council-work-session-meeting.md,primegov,https://slc.primegov.com/Portal/Meeting?meetingTemplateId=2770,text
2022-05-10,2022,Limited Council Formal Meeting,limited-council-formal-meeting,minutes/2022/2022-05-09/2022-05-10_limited-council-formal-meeting.md,primegov,https://slc.primegov.com/Portal/Meeting?meetingTemplateId=2821,text
2022-05-10,2022,Redevelopment Agency (RDA) Meeting,redevelopment-agency-rda-meeting,minutes/2022/2022-05-09/2022-05-10_redevelopment-agency-rda-meeting.md,primegov,https://slc.primegov.com/Portal/Meeting?meetingTemplateId=2774,text
2022-05-17,2022,Council Work Session Meeting,council-work-session-meeting,minutes/2022/2022-05-16/2022-05-17_council-work-session-meeting.md,primegov,https://slc.primegov.com/Portal/Meeting?meetingTemplateId=2781,text
2022-05-17,2022,Redevelopment Agency (RDA) Meeting,redevelopment-agency-rda-meeting,minutes/2022/2022-05-16/2022-05-17_redevelopment-agency-rda-meeting.md,primegov,https://slc.primegov.com/Portal/Meeting?meetingTemplateId=2804,text
2022-05-17,2022,"Revised - LBA, RDA and Council Formal Meeting ",revised-lba-rda-and-council-formal-meeting,minutes/2022/2022-05-16/2022-05-17_revised-lba-rda-and-council-formal-meeting.md,primegov,https://slc.primegov.com/Portal/Meeting?meetingTemplateId=2818,text
2022-05-24,2022,Council Work Session Meeting,council-work-session-meeting,minutes/2022/2022-05-23/2022-05-24_council-work-session-meeting.md,primegov,https://slc.primegov.com/Portal/Meeting?meetingTemplateId=2789,text
2022-06-02,2022,Council Work Session Meeting,council-work-session-meeting,minutes/2022/2022-05-30/2022-06-02_council-work-session-meeting.md,primegov,https://slc.primegov.com/Portal/Meeting?meetingTemplateId=2797,text
2022-06-02,2022,Limited Council Formal Meeting,limited-council-formal-meeting,minutes/2022/2022-05-30/2022-06-02_limited-council-formal-meeting.md,primegov,https://slc.primegov.com/Portal/Meeting?meetingTemplateId=2859,text
2022-06-07,2022,Council Work Session Meeting,council-work-session-meeting,minutes/2022/2022-06-06/2022-06-07_council-work-session-meeting.md,primegov,https://slc.primegov.com/Portal/Meeting?meetingTemplateId=2831,text
2022-06-07,2022,"LBA, RDA and Council Formal Meeting",lba-rda-and-council-formal-meeting,minutes/2022/2022-06-06/2022-06-07_lba-rda-and-council-formal-meeting.md,primegov,https://slc.primegov.com/Portal/Meeting?meetingTemplateId=2835,text
2022-06-09,2022,Council Work Session Meeting,council-work-session-meeting,minutes/2022/2022-06-06/2022-06-09_council-work-session-meeting.md,primegov,https://slc.primegov.com/Portal/Meeting?meetingTemplateId=2838,text
2022-06-14,2022,Council Work Session Meeting,council-work-session-meeting,minutes/2022/2022-06-13/2022-06-14_council-work-session-meeting.md,primegov,https://slc.primegov.com/Portal/Meeting?meetingTemplateId=2842,text
2022-06-14,2022,"LBA, RDA and Council Formal Meeting",lba-rda-and-council-formal-meeting,minutes/2022/2022-06-13/2022-06-14_lba-rda-and-council-formal-meeting.md,primegov,https://slc.primegov.com/Portal/Meeting?meetingTemplateId=2846,text
2022-06-14,2022,Redevelopment Agency (RDA) Meeting,redevelopment-agency-rda-meeting,minutes/2022/2022-06-13/2022-06-14_redevelopment-agency-rda-meeting.md,primegov,https://slc.primegov.com/Portal/Meeting?meetingTemplateId=2856,text
2022-07-12,2022,Council Work Session Meeting ,council-work-session-meeting,minutes/2022/2022-07-11/2022-07-12_council-work-session-meeting.md,primegov,https://slc.primegov.com/Portal/Meeting?meetingTemplateId=2849,text
2022-07-12,2022,Revised Council Formal Meeting,revised-council-formal-meeting,minutes/2022/2022-07-11/2022-07-12_revised-council-formal-meeting.md,primegov,https://slc.primegov.com/Portal/Meeting?meetingTemplateId=2853,text
2022-07-19,2022,Council Formal Meeting,council-formal-meeting,minutes/2022/2022-07-18/2022-07-19_council-formal-meeting.md,primegov,https://slc.primegov.com/Portal/Meeting?meetingTemplateId=2869,text
2022-07-19,2022,Council Work Session Meeting,council-work-session-meeting,minutes/2022/2022-07-18/2022-07-19_council-work-session-meeting.md,primegov,https://slc.primegov.com/Portal/Meeting?meetingTemplateId=2865,text
2022-08-02,2022,Special Work Session Meeting,special-work-session-meeting,minutes/2022/2022-08-01/2022-08-02_special-work-session-meeting.md,primegov,https://slc.primegov.com/Portal/Meeting?meetingTemplateId=2916,text
2022-08-09,2022,Council Work Session Meeting,council-work-session-meeting,minutes/2022/2022-08-08/2022-08-09_council-work-session-meeting.md,primegov,https://slc.primegov.com/Portal/Meeting?meetingTemplateId=2875,text
2022-08-09,2022,Redevelopment Agency (RDA) Meeting,redevelopment-agency-rda-meeting,minutes/2022/2022-08-08/2022-08-09_redevelopment-agency-rda-meeting.md,primegov,https://slc.primegov.com/Portal/Meeting?meetingTemplateId=2872,text
2022-08-16,2022,Council Formal Meeting,council-formal-meeting,minutes/2022/2022-08-15/2022-08-16_council-formal-meeting.md,primegov,https://slc.primegov.com/Portal/Meeting?meetingTemplateId=2886,text
2022-08-16,2022,Council Work Session Meeting ,council-work-session-meeting,minutes/2022/2022-08-15/2022-08-16_council-work-session-meeting.md,primegov,https://slc.primegov.com/Portal/Meeting?meetingTemplateId=2882,text
2022-08-29,2022,Special Limited Formal Meeting,special-limited-formal-meeting-budget-amendment,minutes/2022/2022-08-29/2022-08-29_special-limited-formal-meeting-budget-amendment.md,primegov,https://slc.primegov.com/Portal/Meeting?meetingTemplateId=2920,text
2022-08-29,2022,Special Limited Formal Meeting,special-limited-formal-meeting-truth-in-taxation,minutes/2022/2022-08-29/2022-08-29_special-limited-formal-meeting-truth-in-taxation.md,primegov,https://slc.primegov.com/Portal/Meeting?meetingTemplateId=2955,text
2022-09-06,2022,Council Work Session Meeting,council-work-session-meeting,minutes/2022/2022-09-05/2022-09-06_council-work-session-meeting.md,primegov,https://slc.primegov.com/Portal/Meeting?meetingTemplateId=2892,text
2022-09-13,2022,Council Work Session Meeting,council-work-session-meeting,minutes/2022/2022-09-12/2022-09-13_council-work-session-meeting.md,primegov,https://slc.primegov.com/Portal/Meeting?meetingTemplateId=2902,text
2022-09-13,2022,Redevelopment Agency (RDA) Meeting,redevelopment-agency-rda-meeting,minutes/2022/2022-09-12/2022-09-13_redevelopment-agency-rda-meeting.md,primegov,https://slc.primegov.com/Portal/Meeting?meetingTemplateId=2899,text
2022-09-20,2022,Council Formal Meeting,council-formal-meeting,minutes/2022/2022-09-19/2022-09-20_council-formal-meeting.md,primegov,https://slc.primegov.com/Portal/Meeting?meetingTemplateId=2910,text
2022-09-20,2022,Council Work Session Meeting,council-work-session-meeting,minutes/2022/2022-09-19/2022-09-20_council-work-session-meeting.md,primegov,https://slc.primegov.com/Portal/Meeting?meetingTemplateId=2906,text
2022-10-04,2022,Revised - Council Formal Meeting,revised-council-formal-meeting,minutes/2022/2022-10-03/2022-10-04_revised-council-formal-meeting.md,primegov,https://slc.primegov.com/Portal/Meeting?meetingTemplateId=2938,text
2022-10-04,2022,Revised - Council Work Session Meeting,revised-council-work-session-meeting,minutes/2022/2022-10-03/2022-10-04_revised-council-work-session-meeting.md,primegov,https://slc.primegov.com/Portal/Meeting?meetingTemplateId=2934,text
2022-10-11,2022,Council Work Session Meeting,council-work-session-meeting,minutes/2022/2022-10-10/2022-10-11_council-work-session-meeting.md,primegov,https://slc.primegov.com/Portal/Meeting?meetingTemplateId=2944,text
2022-10-11,2022,Redevelopment Agency (RDA) Meeting,redevelopment-agency-rda-meeting,minutes/2022/2022-10-10/2022-10-11_redevelopment-agency-rda-meeting.md,primegov,https://slc.primegov.com/Portal/Meeting?meetingTemplateId=2941,text
2022-10-18,2022,Revised - Council Formal Meeting,revised-council-formal-meeting,minutes/2022/2022-10-17/2022-10-18_revised-council-formal-meeting.md,primegov,https://slc.primegov.com/Portal/Meeting?meetingTemplateId=2952,text
2022-10-18,2022,Revised - Council Work Session Meeting,revised-council-work-session-meeting,minutes/2022/2022-10-17/2022-10-18_revised-council-work-session-meeting.md,primegov,https://slc.primegov.com/Portal/Meeting?meetingTemplateId=2948,text
2022-11-10,2022,Redevelopment Agency (RDA) Meeting,redevelopment-agency-rda-meeting,minutes/2022/2022-11-07/2022-11-10_redevelopment-agency-rda-meeting.md,primegov,https://slc.primegov.com/Portal/Meeting?meetingTemplateId=2965,text
2022-11-10,2022,Revised - Council Formal Meeting,revised-council-formal-meeting,minutes/2022/2022-11-07/2022-11-10_revised-council-formal-meeting.md,primegov,https://slc.primegov.com/Portal/Meeting?meetingTemplateId=2962,text
2022-11-10,2022,Revised - Council Work Session Meeting,revised-council-work-session-meeting,minutes/2022/2022-11-07/2022-11-10_revised-council-work-session-meeting.md,primegov,https://slc.primegov.com/Portal/Meeting?meetingTemplateId=2958,text
2022-11-22,2022,Revised - Council Formal Meeting,revised-council-formal-meeting,minutes/2022/2022-11-21/2022-11-22_revised-council-formal-meeting.md,primegov,https://slc.primegov.com/Portal/Meeting?meetingTemplateId=2972,text
2022-11-22,2022,Revised - Council Work Session Meeting,revised-council-work-session-meeting,minutes/2022/2022-11-21/2022-11-22_revised-council-work-session-meeting.md,primegov,https://slc.primegov.com/Portal/Meeting?meetingTemplateId=2968,text
2022-12-06,2022,Council Formal Meeting ,council-formal-meeting,minutes/2022/2022-12-05/2022-12-06_council-formal-meeting.md,primegov,https://slc.primegov.com/Portal/Meeting?meetingTemplateId=2982,text
2022-12-06,2022,Council Work Session Meeting ,council-work-session-meeting,minutes/2022/2022-12-05/2022-12-06_council-work-session-meeting.md,primegov,https://slc.primegov.com/Portal/Meeting?meetingTemplateId=2978,text
2022-12-13,2022,Council Formal Meeting ,council-formal-meeting,minutes/2022/2022-12-12/2022-12-13_council-formal-meeting.md,primegov,https://slc.primegov.com/Portal/Meeting?meetingTemplateId=2992,text
2022-12-13,2022,Council Work Session Meeting,council-work-session-meeting,minutes/2022/2022-12-12/2022-12-13_council-work-session-meeting.md,primegov,https://slc.primegov.com/Portal/Meeting?meetingTemplateId=2988,text
2022-12-13,2022,Redevelopment Agency (RDA) Meeting,redevelopment-agency-rda-meeting,minutes/2022/2022-12-12/2022-12-13_redevelopment-agency-rda-meeting.md,primegov,https://slc.primegov.com/Portal/Meeting?meetingTemplateId=2985,text
2023-01-03,2023,Council Formal Meeting ,council-formal-meeting,minutes/2023/2023-01-02/2023-01-03_council-formal-meeting.md,primegov,https://slc.primegov.com/Portal/Meeting?meetingTemplateId=3059,text
2023-01-03,2023,Council Work Session Meeting,council-work-session-meeting,minutes/2023/2023-01-02/2023-01-03_council-work-session-meeting.md,primegov,https://slc.primegov.com/Portal/Meeting?meetingTemplateId=3055,text
2023-01-10,2023,Council Work Session Meeting ,council-work-session-meeting,minutes/2023/2023-01-09/2023-01-10_council-work-session-meeting.md,primegov,https://slc.primegov.com/Portal/Meeting?meetingTemplateId=3062,text
2023-01-10,2023,Redevelopment Agency (RDA) Meeting,redevelopment-agency-rda-meeting,minutes/2023/2023-01-09/2023-01-10_redevelopment-agency-rda-meeting.md,primegov,https://slc.primegov.com/Portal/Meeting?meetingTemplateId=3066,text
2023-01-17,2023,Council Formal Meeting,council-formal-meeting,minutes/2023/2023-01-16/2023-01-17_council-formal-meeting.md,primegov,https://slc.primegov.com/Portal/Meeting?meetingTemplateId=3076,text
2023-01-17,2023,Council Work Session Meeting,council-work-session-meeting,minutes/2023/2023-01-16/2023-01-17_council-work-session-meeting.md,primegov,https://slc.primegov.com/Portal/Meeting?meetingTemplateId=3072,text
2023-01-31,2023,City Council Retreat,city-council-retreat,minutes/2023/2023-01-30/2023-01-31_city-council-retreat.md,primegov,https://slc.primegov.com/Portal/Meeting?meetingTemplateId=3086,text
2023-02-07,2023,Council Formal Meeting ,council-formal-meeting,minutes/2023/2023-02-06/2023-02-07_council-formal-meeting.md,primegov,https://slc.primegov.com/Portal/Meeting?meetingTemplateId=3096,text
2023-02-07,2023,Council Work Session Meeting,council-work-session-meeting,minutes/2023/2023-02-06/2023-02-07_council-work-session-meeting.md,primegov,https://slc.primegov.com/Portal/Meeting?meetingTemplateId=3092,text
2023-02-14,2023,Council Work Session Meeting ,council-work-session-meeting,minutes/2023/2023-02-13/2023-02-14_council-work-session-meeting.md,primegov,https://slc.primegov.com/Portal/Meeting?meetingTemplateId=3102,text
2023-02-14,2023,Redevelopment Agency (RDA) Meeting ,redevelopment-agency-rda-meeting,minutes/2023/2023-02-13/2023-02-14_redevelopment-agency-rda-meeting.md,primegov,https://slc.primegov.com/Portal/Meeting?meetingTemplateId=3099,text
2023-02-21,2023,Council Formal Meeting ,council-formal-meeting,minutes/2023/2023-02-20/2023-02-21_council-formal-meeting.md,primegov,https://slc.primegov.com/Portal/Meeting?meetingTemplateId=3110,text
2023-02-21,2023,Council Work Session Meeting,council-work-session-meeting,minutes/2023/2023-02-20/2023-02-21_council-work-session-meeting.md,primegov,https://slc.primegov.com/Portal/Meeting?meetingTemplateId=3106,text
2023-03-07,2023,Council Formal Meeting,council-formal-meeting,minutes/2023/2023-03-06/2023-03-07_council-formal-meeting.md,primegov,https://slc.primegov.com/Portal/Meeting?meetingTemplateId=3117,text
2023-03-07,2023,Council Work Session Meeting,council-work-session-meeting,minutes/2023/2023-03-06/2023-03-07_council-work-session-meeting.md,primegov,https://slc.primegov.com/Portal/Meeting?meetingTemplateId=3113,text
2023-03-14,2023,Council Work Session Meeting,council-work-session-meeting,minutes/2023/2023-03-13/2023-03-14_council-work-session-meeting.md,primegov,https://slc.primegov.com/Portal/Meeting?meetingTemplateId=3123,text
2023-03-14,2023,Redevelopment Agency (RDA) Meeting,redevelopment-agency-rda-meeting,minutes/2023/2023-03-13/2023-03-14_redevelopment-agency-rda-meeting.md,primegov,https://slc.primegov.com/Portal/Meeting?meetingTemplateId=3120,text
2023-03-21,2023,Council Formal Meeting ,council-formal-meeting,minutes/2023/2023-03-20/2023-03-21_council-formal-meeting.md,primegov,https://slc.primegov.com/Portal/Meeting?meetingTemplateId=3131,text
2023-03-21,2023,Council Work Session Meeting ,council-work-session-meeting,minutes/2023/2023-03-20/2023-03-21_council-work-session-meeting.md,primegov,https://slc.primegov.com/Portal/Meeting?meetingTemplateId=3127,text
2023-04-04,2023, Council Formal Meeting,council-formal-meeting,minutes/2023/2023-04-03/2023-04-04_council-formal-meeting.md,primegov,https://slc.primegov.com/Portal/Meeting?meetingTemplateId=3161,text
2023-04-04,2023,Council Work Session Meeting ,council-work-session-meeting,minutes/2023/2023-04-03/2023-04-04_council-work-session-meeting.md,primegov,https://slc.primegov.com/Portal/Meeting?meetingTemplateId=3140,text
2023-04-11,2023,Council Work Session Meeting,council-work-session-meeting,minutes/2023/2023-04-10/2023-04-11_council-work-session-meeting.md,primegov,https://slc.primegov.com/Portal/Meeting?meetingTemplateId=3150,text
2023-04-11,2023,Redevelopment Agency (RDA) Meeting,redevelopment-agency-rda-meeting,minutes/2023/2023-04-10/2023-04-11_redevelopment-agency-rda-meeting.md,primegov,https://slc.primegov.com/Portal/Meeting?meetingTemplateId=3147,text
2023-04-18,2023,Council Work Session Meeting,council-work-session-meeting,minutes/2023/2023-04-17/2023-04-18_council-work-session-meeting.md,primegov,https://slc.primegov.com/Portal/Meeting?meetingTemplateId=3154,text
2023-04-18,2023,LBA and Council Formal Meeting ,lba-and-council-formal-meeting,minutes/2023/2023-04-17/2023-04-18_lba-and-council-formal-meeting.md,primegov,https://slc.primegov.com/Portal/Meeting?meetingTemplateId=3164,text
2023-05-02,2023,Council Work Session Meeting ,council-work-session-meeting,minutes/2023/2023-05-01/2023-05-02_council-work-session-meeting.md,primegov,https://slc.primegov.com/Portal/Meeting?meetingTemplateId=3170,text
2023-05-02,2023,"LBA, RDA and Council Formal Meeting ",lba-rda-and-council-formal-meeting,minutes/2023/2023-05-01/2023-05-02_lba-rda-and-council-formal-meeting.md,primegov,https://slc.primegov.com/Portal/Meeting?meetingTemplateId=3167,text
2023-05-09,2023,Council Work Session Meeting,council-work-session-meeting,minutes/2023/2023-05-08/2023-05-09_council-work-session-meeting.md,primegov,https://slc.primegov.com/Portal/Meeting?meetingTemplateId=3177,text
2023-05-09,2023,Redevelopment Agency (RDA) Meeting ,redevelopment-agency-rda-meeting,minutes/2023/2023-05-08/2023-05-09_redevelopment-agency-rda-meeting.md,primegov,https://slc.primegov.com/Portal/Meeting?meetingTemplateId=3174,text
2023-05-16,2023,Council Work Session Meeting ,council-work-session-meeting,minutes/2023/2023-05-15/2023-05-16_council-work-session-meeting.md,primegov,https://slc.primegov.com/Portal/Meeting?meetingTemplateId=3184,text
2023-05-16,2023,"LBA, RDA and Council Formal Meeting",lba-rda-and-council-formal-meeting,minutes/2023/2023-05-15/2023-05-16_lba-rda-and-council-formal-meeting.md,primegov,https://slc.primegov.com/Portal/Meeting?meetingTemplateId=3188,text
2023-05-16,2023,Redevelopment Agency (RDA) Meeting,redevelopment-agency-rda-meeting,minutes/2023/2023-05-15/2023-05-16_redevelopment-agency-rda-meeting.md,primegov,https://slc.primegov.com/Portal/Meeting?meetingTemplateId=3195,text
2023-05-23,2023,Council Work Session Meeting ,council-work-session-meeting,minutes/2023/2023-05-22/2023-05-23_council-work-session-meeting.md,primegov,https://slc.primegov.com/Portal/Meeting?meetingTemplateId=3191,text
2023-05-25,2023,Council Work Session Meeting,council-work-session-meeting,minutes/2023/2023-05-22/2023-05-25_council-work-session-meeting.md,pmn,https://www.utah.gov/pmn/files/1011945.pdf,text
2023-06-01,2023,Council Work Session Meeting ,council-work-session-meeting,minutes/2023/2023-05-29/2023-06-01_council-work-session-meeting.md,primegov,https://slc.primegov.com/Portal/Meeting?meetingTemplateId=3198,text
2023-06-06,2023,Council Work Session Meeting ,council-work-session-meeting,minutes/2023/2023-06-05/2023-06-06_council-work-session-meeting.md,primegov,https://slc.primegov.com/Portal/Meeting?meetingTemplateId=3202,text
2023-06-06,2023,"LBA, RDA an Council Formal Meeting ",lba-rda-an-council-formal-meeting,minutes/2023/2023-06-05/2023-06-06_lba-rda-an-council-formal-meeting.md,primegov,https://slc.primegov.com/Portal/Meeting?meetingTemplateId=3206,text
2023-06-12,2023,Council Work Session Meeting ,council-work-session-meeting,minutes/2023/2023-06-12/2023-06-12_council-work-session-meeting.md,primegov,https://slc.primegov.com/Portal/Meeting?meetingTemplateId=3219,text
2023-06-13,2023,Council Work Session Meeting,council-work-session-meeting,minutes/2023/2023-06-12/2023-06-13_council-work-session-meeting.md,primegov,https://slc.primegov.com/Portal/Meeting?meetingTemplateId=3212,text
2023-06-13,2023,"LBA, RDA and Council Formal Meeting",lba-rda-and-council-formal-meeting,minutes/2023/2023-06-12/2023-06-13_lba-rda-and-council-formal-meeting.md,primegov,https://slc.primegov.com/Portal/Meeting?meetingTemplateId=3216,text
2023-06-13,2023,Redevelopment Agency (RDA) Meeting,redevelopment-agency-rda-meeting,minutes/2023/2023-06-12/2023-06-13_redevelopment-agency-rda-meeting.md,primegov,https://slc.primegov.com/Portal/Meeting?meetingTemplateId=3209,text
2023-07-11,2023,Redevelopment Agency (RDA) Meeting,redevelopment-agency-rda-meeting,minutes/2023/2023-07-10/2023-07-11_redevelopment-agency-rda-meeting.md,primegov,https://slc.primegov.com/Portal/Meeting?meetingTemplateId=3233,text
2023-07-11,2023,Revised Council Formal Meeting,revised-council-formal-meeting,minutes/2023/2023-07-10/2023-07-11_revised-council-formal-meeting.md,primegov,https://slc.primegov.com/Portal/Meeting?meetingTemplateId=3230,text
2023-07-11,2023,Revised Council Work Session Meeting,revised-council-work-session-meeting,minutes/2023/2023-07-10/2023-07-11_revised-council-work-session-meeting.md,primegov,https://slc.primegov.com/Portal/Meeting?meetingTemplateId=3236,text
2023-07-13,2023,Council Work Session Meeting ,council-work-session-meeting,minutes/2023/2023-07-10/2023-07-13_council-work-session-meeting.md,primegov,https://slc.primegov.com/Portal/Meeting?meetingTemplateId=3247,text
2023-07-18,2023,Council Work Session Meeting ,council-work-session-meeting,minutes/2023/2023-07-17/2023-07-18_council-work-session-meeting.md,primegov,https://slc.primegov.com/Portal/Meeting?meetingTemplateId=3240,text
2023-07-18,2023,Revised Council Formal Meeting,revised-council-formal-meeting,minutes/2023/2023-07-17/2023-07-18_revised-council-formal-meeting.md,primegov,https://slc.primegov.com/Portal/Meeting?meetingTemplateId=3244,text
2023-08-08,2023,Council Formal Meeting ,council-formal-meeting,minutes/2023/2023-08-07/2023-08-08_council-formal-meeting.md,primegov,https://slc.primegov.com/Portal/Meeting?meetingTemplateId=3267,text
2023-08-08,2023,Council Work Session Meeting ,council-work-session-meeting,minutes/2023/2023-08-07/2023-08-08_council-work-session-meeting.md,primegov,https://slc.primegov.com/Portal/Meeting?meetingTemplateId=3263,text
2023-08-08,2023,Revised Redevelopment Agency (RDA) Meeting ,revised-redevelopment-agency-rda-meeting,minutes/2023/2023-08-07/2023-08-08_revised-redevelopment-agency-rda-meeting.md,primegov,https://slc.primegov.com/Portal/Meeting?meetingTemplateId=3260,text
2023-08-15,2023,Council Formal Meeting ,council-formal-meeting,minutes/2023/2023-08-14/2023-08-15_council-formal-meeting.md,primegov,https://slc.primegov.com/Portal/Meeting?meetingTemplateId=3254,text
2023-08-15,2023,Council Work Session Meeting ,council-work-session-meeting,minutes/2023/2023-08-14/2023-08-15_council-work-session-meeting.md,primegov,https://slc.primegov.com/Portal/Meeting?meetingTemplateId=3270,text
2023-08-15,2023,Limited Redevelopment Agency (RDA) Meeting,limited-redevelopment-agency-rda-meeting,minutes/2023/2023-08-14/2023-08-15_limited-redevelopment-agency-rda-meeting.md,primegov,https://slc.primegov.com/Portal/Meeting?meetingTemplateId=3307,text
2023-09-05,2023,Council Formal Meeting,council-formal-meeting,minutes/2023/2023-09-04/2023-09-05_council-formal-meeting.md,primegov,https://slc.primegov.com/Portal/Meeting?meetingTemplateId=3287,text
2023-09-05,2023,Council Work Session Meeting,council-work-session-meeting,minutes/2023/2023-09-04/2023-09-05_council-work-session-meeting.md,primegov,https://slc.primegov.com/Portal/Meeting?meetingTemplateId=3280,text
2023-09-12,2023,Council Work Session Meeting ,council-work-session-meeting,minutes/2023/2023-09-11/2023-09-12_council-work-session-meeting.md,primegov,https://slc.primegov.com/Portal/Meeting?meetingTemplateId=3296,text
2023-09-12,2023,Redevelopment Agency (RDA) Meeting,redevelopment-agency-rda-meeting,minutes/2023/2023-09-11/2023-09-12_redevelopment-agency-rda-meeting.md,primegov,https://slc.primegov.com/Portal/Meeting?meetingTemplateId=3293,text
2023-09-19,2023,Council Formal Meeting,council-formal-meeting,minutes/2023/2023-09-18/2023-09-19_council-formal-meeting.md,primegov,https://slc.primegov.com/Portal/Meeting?meetingTemplateId=3304,text
2023-09-19,2023,Council Work Session Meeting ,council-work-session-meeting,minutes/2023/2023-09-18/2023-09-19_council-work-session-meeting.md,primegov,https://slc.primegov.com/Portal/Meeting?meetingTemplateId=3300,text
2023-10-03,2023,Council Formal Meeting ,council-formal-meeting,minutes/2023/2023-10-02/2023-10-03_council-formal-meeting.md,primegov,https://slc.primegov.com/Portal/Meeting?meetingTemplateId=3317,text
2023-10-03,2023,Council Work Session Meeting ,council-work-session-meeting,minutes/2023/2023-10-02/2023-10-03_council-work-session-meeting.md,primegov,https://slc.primegov.com/Portal/Meeting?meetingTemplateId=3313,text
2023-10-10,2023,Council Work Session Meeting ,council-work-session-meeting,minutes/2023/2023-10-09/2023-10-10_council-work-session-meeting.md,primegov,https://slc.primegov.com/Portal/Meeting?meetingTemplateId=3320,text
2023-10-10,2023,Redevelopment Agency (RDA) Meeting,redevelopment-agency-rda-meeting,minutes/2023/2023-10-09/2023-10-10_redevelopment-agency-rda-meeting.md,primegov,https://slc.primegov.com/Portal/Meeting?meetingTemplateId=3324,text
2023-10-17,2023,Council Formal Meeting ,council-formal-meeting,minutes/2023/2023-10-16/2023-10-17_council-formal-meeting.md,primegov,https://slc.primegov.com/Portal/Meeting?meetingTemplateId=3331,text
2023-10-17,2023,REVISED - Council Work Session Meeting,revised-council-work-session-meeting,minutes/2023/2023-10-16/2023-10-17_revised-council-work-session-meeting.md,primegov,https://slc.primegov.com/Portal/Meeting?meetingTemplateId=3327,text
2023-11-07,2023,Revised Council Formal Meeting ,revised-council-formal-meeting,minutes/2023/2023-11-06/2023-11-07_revised-council-formal-meeting.md,primegov,https://slc.primegov.com/Portal/Meeting?meetingTemplateId=3338,text
2023-11-07,2023,Revised Council Work Session Meeting,revised-council-work-session-meeting,minutes/2023/2023-11-06/2023-11-07_revised-council-work-session-meeting.md,primegov,https://slc.primegov.com/Portal/Meeting?meetingTemplateId=3334,text
2023-11-14,2023,Council Formal Meeting,council-formal-meeting,minutes/2023/2023-11-13/2023-11-14_council-formal-meeting.md,primegov,https://slc.primegov.com/Portal/Meeting?meetingTemplateId=3348,text
2023-11-14,2023,Council Work Session Meeting,council-work-session-meeting,minutes/2023/2023-11-13/2023-11-14_council-work-session-meeting.md,primegov,https://slc.primegov.com/Portal/Meeting?meetingTemplateId=3344,text
2023-11-14,2023,Redevelopment Agency (RDA) Meeting,redevelopment-agency-rda-meeting,minutes/2023/2023-11-13/2023-11-14_redevelopment-agency-rda-meeting.md,primegov,https://slc.primegov.com/Portal/Meeting?meetingTemplateId=3341,text
2023-12-05,2023,Council Formal Meeting ,council-formal-meeting,minutes/2023/2023-12-04/2023-12-05_council-formal-meeting.md,primegov,https://slc.primegov.com/Portal/Meeting?meetingTemplateId=3355,text
2023-12-05,2023,Council Work Session Meeting,council-work-session-meeting,minutes/2023/2023-12-04/2023-12-05_council-work-session-meeting.md,primegov,https://slc.primegov.com/Portal/Meeting?meetingTemplateId=3351,text
2023-12-08,2023,Special Council Work Session Meeting,special-council-work-session-meeting,minutes/2023/2023-12-04/2023-12-08_special-council-work-session-meeting.md,primegov,https://slc.primegov.com/Portal/Meeting?meetingTemplateId=3408,text
2023-12-12,2023,Council Formal Meeting,council-formal-meeting,minutes/2023/2023-12-11/2023-12-12_council-formal-meeting.md,primegov,https://slc.primegov.com/Portal/Meeting?meetingTemplateId=3365,text
2023-12-12,2023,Council Work Session Meeting,council-work-session-meeting,minutes/2023/2023-12-11/2023-12-12_council-work-session-meeting.md,primegov,https://slc.primegov.com/Portal/Meeting?meetingTemplateId=3361,text
2023-12-12,2023,Redevelopment Agency (RDA) Meeting,redevelopment-agency-rda-meeting,minutes/2023/2023-12-11/2023-12-12_redevelopment-agency-rda-meeting.md,primegov,https://slc.primegov.com/Portal/Meeting?meetingTemplateId=3358,text
2024-01-09,2024,Council Formal Meeting,council-formal-meeting,minutes/2024/2024-01-08/2024-01-09_council-formal-meeting.md,primegov,https://slc.primegov.com/Portal/Meeting?meetingTemplateId=3378,text
2024-01-09,2024,Council Work Session Meeting,council-work-session-meeting,minutes/2024/2024-01-08/2024-01-09_council-work-session-meeting.md,primegov,https://slc.primegov.com/Portal/Meeting?meetingTemplateId=3374,text
2024-01-09,2024,Revised Redevelopment Agency (RDA) Meeting,revised-redevelopment-agency-rda-meeting,minutes/2024/2024-01-08/2024-01-09_revised-redevelopment-agency-rda-meeting.md,primegov,https://slc.primegov.com/Portal/Meeting?meetingTemplateId=3371,text
2024-01-16,2024,Council Formal Meeting,council-formal-meeting,minutes/2024/2024-01-15/2024-01-16_council-formal-meeting.md,primegov,https://slc.primegov.com/Portal/Meeting?meetingTemplateId=3385,text
2024-01-16,2024,Council Work Session Meeting,council-work-session-meeting,minutes/2024/2024-01-15/2024-01-16_council-work-session-meeting.md,primegov,https://slc.primegov.com/Portal/Meeting?meetingTemplateId=3381,text
2024-01-23,2024,City Council Retreat ,city-council-retreat,minutes/2024/2024-01-22/2024-01-23_city-council-retreat.md,primegov,https://slc.primegov.com/Portal/Meeting?meetingTemplateId=3425,text
2024-02-06,2024,Council Formal Meeting,council-formal-meeting,minutes/2024/2024-02-05/2024-02-06_council-formal-meeting.md,primegov,https://slc.primegov.com/Portal/Meeting?meetingTemplateId=3397,text
2024-02-06,2024,Council Work Session Meeting,council-work-session-meeting,minutes/2024/2024-02-05/2024-02-06_council-work-session-meeting.md,primegov,https://slc.primegov.com/Portal/Meeting?meetingTemplateId=3400,text
2024-02-13,2024,Council Work Session Meeting ,council-work-session-meeting,minutes/2024/2024-02-12/2024-02-13_council-work-session-meeting.md,primegov,https://slc.primegov.com/Portal/Meeting?meetingTemplateId=3404,text
2024-02-13,2024,Redevelopment Agency (RDA) Meeting,redevelopment-agency-rda-meeting,minutes/2024/2024-02-12/2024-02-13_redevelopment-agency-rda-meeting.md,primegov,https://slc.primegov.com/Portal/Meeting?meetingTemplateId=3412,text
2024-02-20,2024,Council Work Session Meeting,council-work-session-meeting,minutes/2024/2024-02-19/2024-02-20_council-work-session-meeting.md,primegov,https://slc.primegov.com/Portal/Meeting?meetingTemplateId=3415,text
2024-02-20,2024,Revised Council Formal Meeting,revised-council-formal-meeting,minutes/2024/2024-02-19/2024-02-20_revised-council-formal-meeting.md,primegov,https://slc.primegov.com/Portal/Meeting?meetingTemplateId=3419,text
2024-03-05,2024,Revised Council Formal Meeting,revised-council-formal-meeting,minutes/2024/2024-03-04/2024-03-05_revised-council-formal-meeting.md,primegov,https://slc.primegov.com/Portal/Meeting?meetingTemplateId=3438,text
2024-03-05,2024,Revised Council Work Session Meeting,revised-council-work-session-meeting,minutes/2024/2024-03-04/2024-03-05_revised-council-work-session-meeting.md,primegov,https://slc.primegov.com/Portal/Meeting?meetingTemplateId=3434,text
2024-03-19,2024,Revised Council Work Session Meeting,revised-council-work-session-meeting,minutes/2024/2024-03-18/2024-03-19_revised-council-work-session-meeting.md,primegov,https://slc.primegov.com/Portal/Meeting?meetingTemplateId=3444,text
2024-03-19,2024,Revised Redevelopment Agency (RDA) Meeting,revised-redevelopment-agency-rda-meeting,minutes/2024/2024-03-18/2024-03-19_revised-redevelopment-agency-rda-meeting.md,primegov,https://slc.primegov.com/Portal/Meeting?meetingTemplateId=3441,text
2024-03-26,2024,Council Formal Meeting,council-formal-meeting,minutes/2024/2024-03-25/2024-03-26_council-formal-meeting.md,primegov,https://slc.primegov.com/Portal/Meeting?meetingTemplateId=3452,text
2024-03-26,2024,Council Work Session Meeting,council-work-session-meeting,minutes/2024/2024-03-25/2024-03-26_council-work-session-meeting.md,primegov,https://slc.primegov.com/Portal/Meeting?meetingTemplateId=3448,text
2024-04-02,2024,Revised Council Formal Meeting,revised-council-formal-meeting,minutes/2024/2024-04-01/2024-04-02_revised-council-formal-meeting.md,primegov,https://slc.primegov.com/Portal/Meeting?meetingTemplateId=3467,text
2024-04-02,2024,Revised Council Work Session Meeting,revised-council-work-session-meeting,minutes/2024/2024-04-01/2024-04-02_revised-council-work-session-meeting.md,primegov,https://slc.primegov.com/Portal/Meeting?meetingTemplateId=3455,text
2024-04-16,2024,Redevelopment Agency (RDA) Meeting,redevelopment-agency-rda-meeting,minutes/2024/2024-04-15/2024-04-16_redevelopment-agency-rda-meeting.md,primegov,https://slc.primegov.com/Portal/Meeting?meetingTemplateId=3473,text
2024-04-16,2024,Revised - Council Formal Meeting,revised-council-formal-meeting,minutes/2024/2024-04-15/2024-04-16_revised-council-formal-meeting.md,primegov,https://slc.primegov.com/Portal/Meeting?meetingTemplateId=3470,text
2024-04-16,2024,Revised - Council Work Session Meeting,revised-council-work-session-meeting,minutes/2024/2024-04-15/2024-04-16_revised-council-work-session-meeting.md,primegov,https://slc.primegov.com/Portal/Meeting?meetingTemplateId=3463,text
2024-05-07,2024,"LBA, RDA and Council Formal Meeting",lba-rda-and-council-formal-meeting,minutes/2024/2024-05-06/2024-05-07_lba-rda-and-council-formal-meeting.md,primegov,https://slc.primegov.com/Portal/Meeting?meetingTemplateId=3482,text
2024-05-14,2024,Council Work Session Meeting,council-work-session-meeting,minutes/2024/2024-05-13/2024-05-14_council-work-session-meeting.md,primegov,https://slc.primegov.com/Portal/Meeting?meetingTemplateId=3492,text
2024-05-14,2024,Redevelopment Agency (RDA) Meeting,redevelopment-agency-rda-meeting,minutes/2024/2024-05-13/2024-05-14_redevelopment-agency-rda-meeting.md,primegov,https://slc.primegov.com/Portal/Meeting?meetingTemplateId=3485,text
2024-05-21,2024,Council Work Session Meeting,council-work-session-meeting,minutes/2024/2024-05-20/2024-05-21_council-work-session-meeting.md,primegov,https://slc.primegov.com/Portal/Meeting?meetingTemplateId=3499,text
2024-05-21,2024,"LBA, RDA and Council Formal Meeting ",lba-rda-and-council-formal-meeting,minutes/2024/2024-05-20/2024-05-21_lba-rda-and-council-formal-meeting.md,primegov,https://slc.primegov.com/Portal/Meeting?meetingTemplateId=3537,text
2024-05-21,2024,Redevelopment Agency (RDA) Meeting,redevelopment-agency-rda-meeting,minutes/2024/2024-05-20/2024-05-21_redevelopment-agency-rda-meeting.md,primegov,https://slc.primegov.com/Portal/Meeting?meetingTemplateId=3496,text
2024-05-30,2024,Council Work Session Meeting,council-work-session-meeting,minutes/2024/2024-05-27/2024-05-30_council-work-session-meeting.md,primegov,https://slc.primegov.com/Portal/Meeting?meetingTemplateId=3503,text
2024-06-04,2024,Council Work Session Meeting,council-work-session-meeting,minutes/2024/2024-06-03/2024-06-04_council-work-session-meeting.md,primegov,https://slc.primegov.com/Portal/Meeting?meetingTemplateId=3507,text
2024-06-04,2024,"LBA, RDA and Council Formal Meeting",lba-rda-and-council-formal-meeting,minutes/2024/2024-06-03/2024-06-04_lba-rda-and-council-formal-meeting.md,primegov,https://slc.primegov.com/Portal/Meeting?meetingTemplateId=3531,text
2024-06-06,2024,Council Work Session Meeting,council-work-session-meeting,minutes/2024/2024-06-03/2024-06-06_council-work-session-meeting.md,primegov,https://slc.primegov.com/Portal/Meeting?meetingTemplateId=3511,text
2024-06-11,2024,Council Work Session Meeting,council-work-session-meeting,minutes/2024/2024-06-10/2024-06-11_council-work-session-meeting.md,primegov,https://slc.primegov.com/Portal/Meeting?meetingTemplateId=3521,text
2024-06-11,2024,"LBA, RDA and Council Formal Meeting",lba-rda-and-council-formal-meeting,minutes/2024/2024-06-10/2024-06-11_lba-rda-and-council-formal-meeting.md,primegov,https://slc.primegov.com/Portal/Meeting?meetingTemplateId=3543,text
2024-06-11,2024,Redevelopment Agency (RDA) Meeting,redevelopment-agency-rda-meeting,minutes/2024/2024-06-10/2024-06-11_redevelopment-agency-rda-meeting.md,primegov,https://slc.primegov.com/Portal/Meeting?meetingTemplateId=3518,text
2024-07-02,2024,Council Work Session Meeting,council-work-session-meeting,minutes/2024/2024-07-01/2024-07-02_council-work-session-meeting.md,primegov,https://slc.primegov.com/Portal/Meeting?meetingTemplateId=3546,text
2024-07-02,2024,Revised Council Formal Meeting,revised-council-formal-meeting,minutes/2024/2024-07-01/2024-07-02_revised-council-formal-meeting.md,primegov,https://slc.primegov.com/Portal/Meeting?meetingTemplateId=3550,text
2024-07-09,2024,Council Work Session Meeting,council-work-session-meeting,minutes/2024/2024-07-08/2024-07-09_council-work-session-meeting.md,primegov,https://slc.primegov.com/Portal/Meeting?meetingTemplateId=3556,text
2024-07-09,2024,RDA and Council Formal Meeting,rda-and-council-formal-meeting,minutes/2024/2024-07-08/2024-07-09_rda-and-council-formal-meeting.md,primegov,https://slc.primegov.com/Portal/Meeting?meetingTemplateId=3583,text
2024-07-09,2024,Redevelopment Agency (RDA) Meeting,redevelopment-agency-rda-meeting,minutes/2024/2024-07-08/2024-07-09_redevelopment-agency-rda-meeting.md,primegov,https://slc.primegov.com/Portal/Meeting?meetingTemplateId=3560,text
2024-08-13,2024,Council Formal Meeting ,council-formal-meeting,minutes/2024/2024-08-12/2024-08-13_council-formal-meeting.md,primegov,https://slc.primegov.com/Portal/Meeting?meetingTemplateId=3571,text
2024-08-13,2024,Council Work Session Meeting,council-work-session-meeting,minutes/2024/2024-08-12/2024-08-13_council-work-session-meeting.md,primegov,https://slc.primegov.com/Portal/Meeting?meetingTemplateId=3563,text
2024-08-13,2024,Redevelopment Agency (RDA) Meeting,redevelopment-agency-rda-meeting,minutes/2024/2024-08-12/2024-08-13_redevelopment-agency-rda-meeting.md,primegov,https://slc.primegov.com/Portal/Meeting?meetingTemplateId=3577,text
2024-08-27,2024,Council Formal Meeting,council-formal-meeting,minutes/2024/2024-08-26/2024-08-27_council-formal-meeting.md,primegov,https://slc.primegov.com/Portal/Meeting?meetingTemplateId=3580,text
2024-08-27,2024,Council Work Session Meeting,council-work-session-meeting,minutes/2024/2024-08-26/2024-08-27_council-work-session-meeting.md,primegov,https://slc.primegov.com/Portal/Meeting?meetingTemplateId=3567,text
2024-09-03,2024,Council Formal Meeting,council-formal-meeting,minutes/2024/2024-09-02/2024-09-03_council-formal-meeting.md,primegov,https://slc.primegov.com/Portal/Meeting?meetingTemplateId=3598,text
2024-09-03,2024,Council Work Session Meeting,council-work-session-meeting,minutes/2024/2024-09-02/2024-09-03_council-work-session-meeting.md,primegov,https://slc.primegov.com/Portal/Meeting?meetingTemplateId=3586,text
2024-09-10,2024,Council Work Session Meeting,council-work-session-meeting,minutes/2024/2024-09-09/2024-09-10_council-work-session-meeting.md,primegov,https://slc.primegov.com/Portal/Meeting?meetingTemplateId=3590,text
2024-09-10,2024,Redevelopment Agency (RDA) Meeting,redevelopment-agency-rda-meeting,minutes/2024/2024-09-09/2024-09-10_redevelopment-agency-rda-meeting.md,primegov,https://slc.primegov.com/Portal/Meeting?meetingTemplateId=3604,text
2024-09-17,2024,Council Work Session Meeting,council-work-session-meeting,minutes/2024/2024-09-16/2024-09-17_council-work-session-meeting.md,primegov,https://slc.primegov.com/Portal/Meeting?meetingTemplateId=3594,text
2024-09-17,2024,Revised Council Formal Meeting,revised-council-formal-meeting,minutes/2024/2024-09-16/2024-09-17_revised-council-formal-meeting.md,primegov,https://slc.primegov.com/Portal/Meeting?meetingTemplateId=3601,text
2024-10-01,2024,Council Formal Meeting,council-formal-meeting,minutes/2024/2024-09-30/2024-10-01_council-formal-meeting.md,primegov,https://slc.primegov.com/Portal/Meeting?meetingTemplateId=3611,text
2024-10-01,2024,Council Work Session Meeting,council-work-session-meeting,minutes/2024/2024-09-30/2024-10-01_council-work-session-meeting.md,primegov,https://slc.primegov.com/Portal/Meeting?meetingTemplateId=3607,text
2024-10-08,2024,Council Work Session Meeting,council-work-session-meeting,minutes/2024/2024-10-07/2024-10-08_council-work-session-meeting.md,primegov,https://slc.primegov.com/Portal/Meeting?meetingTemplateId=3617,text
2024-10-08,2024,Redevelopment Agency (RDA) Meeting,redevelopment-agency-rda-meeting,minutes/2024/2024-10-07/2024-10-08_redevelopment-agency-rda-meeting.md,primegov,https://slc.primegov.com/Portal/Meeting?meetingTemplateId=3614,text
2024-10-15,2024,Council Formal Meeting,council-formal-meeting,minutes/2024/2024-10-14/2024-10-15_council-formal-meeting.md,primegov,https://slc.primegov.com/Portal/Meeting?meetingTemplateId=3625,text
2024-10-15,2024,Council Work Session Meeting,council-work-session-meeting,minutes/2024/2024-10-14/2024-10-15_council-work-session-meeting.md,primegov,https://slc.primegov.com/Portal/Meeting?meetingTemplateId=3621,text
2024-11-12,2024,Council Formal Meeting,council-formal-meeting,minutes/2024/2024-11-11/2024-11-12_council-formal-meeting.md,primegov,https://slc.primegov.com/Portal/Meeting?meetingTemplateId=3635,text
2024-11-12,2024,Council Work Session Meeting,council-work-session-meeting,minutes/2024/2024-11-11/2024-11-12_council-work-session-meeting.md,primegov,https://slc.primegov.com/Portal/Meeting?meetingTemplateId=3631,text
2024-11-12,2024,Redevelopment Agency (RDA) Meeting,redevelopment-agency-rda-meeting,minutes/2024/2024-11-11/2024-11-12_redevelopment-agency-rda-meeting.md,primegov,https://slc.primegov.com/Portal/Meeting?meetingTemplateId=3628,text
2024-11-19,2024,Council Formal Meeting,council-formal-meeting,minutes/2024/2024-11-18/2024-11-19_council-formal-meeting.md,primegov,https://slc.primegov.com/Portal/Meeting?meetingTemplateId=3642,text
2024-11-19,2024,Council Work Session Meeting,council-work-session-meeting,minutes/2024/2024-11-18/2024-11-19_council-work-session-meeting.md,primegov,https://slc.primegov.com/Portal/Meeting?meetingTemplateId=3638,text
2024-12-03,2024,Council Formal Meeting,council-formal-meeting,minutes/2024/2024-12-02/2024-12-03_council-formal-meeting.md,primegov,https://slc.primegov.com/Portal/Meeting?meetingTemplateId=3649,text
2024-12-03,2024,Council Work Session Meeting,council-work-session-meeting,minutes/2024/2024-12-02/2024-12-03_council-work-session-meeting.md,primegov,https://slc.primegov.com/Portal/Meeting?meetingTemplateId=3645,text
2024-12-10,2024,Council Work Session Meeting,council-work-session-meeting,minutes/2024/2024-12-09/2024-12-10_council-work-session-meeting.md,primegov,https://slc.primegov.com/Portal/Meeting?meetingTemplateId=3655,text
2024-12-10,2024,Redevelopment Agency (RDA) Meeting,redevelopment-agency-rda-meeting,minutes/2024/2024-12-09/2024-12-10_redevelopment-agency-rda-meeting.md,primegov,https://slc.primegov.com/Portal/Meeting?meetingTemplateId=3652,text
2024-12-10,2024,Revised Council Formal Meeting ,revised-council-formal-meeting,minutes/2024/2024-12-09/2024-12-10_revised-council-formal-meeting.md,primegov,https://slc.primegov.com/Portal/Meeting?meetingTemplateId=3659,text
2025-01-07,2025,Council Formal Meeting,council-formal-meeting,minutes/2025/2025-01-06/2025-01-07_council-formal-meeting.md,primegov,https://slc.primegov.com/Portal/Meeting?meetingTemplateId=3670,text
2025-01-07,2025,Council Work Session Meeting,council-work-session-meeting,minutes/2025/2025-01-06/2025-01-07_council-work-session-meeting.md,primegov,https://slc.primegov.com/Portal/Meeting?meetingTemplateId=3666,text
2025-01-14,2025,City Council Retreat ,city-council-retreat,minutes/2025/2025-01-13/2025-01-14_city-council-retreat.md,primegov,https://slc.primegov.com/Portal/Meeting?meetingTemplateId=3690,text
2025-01-21,2025,Community Reinvestment Agency (CRA) Meeting,community-reinvestment-agency-cra-meeting,minutes/2025/2025-01-20/2025-01-21_community-reinvestment-agency-cra-meeting.md,primegov,https://slc.primegov.com/Portal/Meeting?meetingTemplateId=3673,text
2025-01-21,2025,Council Formal Meeting,council-formal-meeting,minutes/2025/2025-01-20/2025-01-21_council-formal-meeting.md,primegov,https://slc.primegov.com/Portal/Meeting?meetingTemplateId=3687,text
2025-01-21,2025,Council Work Session Meeting,council-work-session-meeting,minutes/2025/2025-01-20/2025-01-21_council-work-session-meeting.md,primegov,https://slc.primegov.com/Portal/Meeting?meetingTemplateId=3676,text
2025-02-04,2025,Council Work Session Meeting,council-work-session-meeting,minutes/2025/2025-02-03/2025-02-04_council-work-session-meeting.md,primegov,https://slc.primegov.com/Portal/Meeting?meetingTemplateId=3683,text
2025-02-04,2025,Revised Council Formal Meeting ,revised-council-formal-meeting,minutes/2025/2025-02-03/2025-02-04_revised-council-formal-meeting.md,primegov,https://slc.primegov.com/Portal/Meeting?meetingTemplateId=3696,text
2025-02-11,2025,Community Reinvestment Agency (CRA) Meeting,community-reinvestment-agency-cra-meeting,minutes/2025/2025-02-10/2025-02-11_community-reinvestment-agency-cra-meeting.md,primegov,https://slc.primegov.com/Portal/Meeting?meetingTemplateId=3699,text
2025-02-11,2025,Council Work Session Meeting ,council-work-session-meeting,minutes/2025/2025-02-10/2025-02-11_council-work-session-meeting.md,primegov,https://slc.primegov.com/Portal/Meeting?meetingTemplateId=3702,text
2025-02-18,2025,Council Formal Meeting,council-formal-meeting,minutes/2025/2025-02-17/2025-02-18_council-formal-meeting.md,primegov,https://slc.primegov.com/Portal/Meeting?meetingTemplateId=3713,text
2025-02-18,2025,Council Work Session Meeting ,council-work-session-meeting,minutes/2025/2025-02-17/2025-02-18_council-work-session-meeting.md,primegov,https://slc.primegov.com/Portal/Meeting?meetingTemplateId=3706,text
2025-03-04,2025,Council Formal Meeting,council-formal-meeting,minutes/2025/2025-03-03/2025-03-04_council-formal-meeting.md,primegov,https://slc.primegov.com/Portal/Meeting?meetingTemplateId=3723,text
2025-03-04,2025,Council Work Session Meeting,council-work-session-meeting,minutes/2025/2025-03-03/2025-03-04_council-work-session-meeting.md,primegov,https://slc.primegov.com/Portal/Meeting?meetingTemplateId=3719,text
2025-03-18,2025,Community Reinvestment Agency (CRA) Meeting,community-reinvestment-agency-cra-meeting,minutes/2025/2025-03-17/2025-03-18_community-reinvestment-agency-cra-meeting.md,primegov,https://slc.primegov.com/Portal/Meeting?meetingTemplateId=3726,text
2025-03-18,2025,Council Work Session Meeting,council-work-session-meeting,minutes/2025/2025-03-17/2025-03-18_council-work-session-meeting.md,primegov,https://slc.primegov.com/Portal/Meeting?meetingTemplateId=3729,text
2025-03-25,2025,Council Formal Meeting,council-formal-meeting,minutes/2025/2025-03-24/2025-03-25_council-formal-meeting.md,primegov,https://slc.primegov.com/Portal/Meeting?meetingTemplateId=3737,text
2025-03-25,2025,Council Work Session Meeting,council-work-session-meeting,minutes/2025/2025-03-24/2025-03-25_council-work-session-meeting.md,primegov,https://slc.primegov.com/Portal/Meeting?meetingTemplateId=3733,text
2025-03-25,2025,Limited Community Reinvestment Agency (CRA) Meeting,limited-community-reinvestment-agency-cra-meeting,minutes/2025/2025-03-24/2025-03-25_limited-community-reinvestment-agency-cra-meeting.md,primegov,https://slc.primegov.com/Portal/Meeting?meetingTemplateId=3761,text
2025-04-01,2025,Council Formal Meeting,council-formal-meeting,minutes/2025/2025-03-31/2025-04-01_council-formal-meeting.md,primegov,https://slc.primegov.com/Portal/Meeting?meetingTemplateId=3744,text
2025-04-01,2025,Council Work Session Meeting,council-work-session-meeting,minutes/2025/2025-03-31/2025-04-01_council-work-session-meeting.md,primegov,https://slc.primegov.com/Portal/Meeting?meetingTemplateId=3740,text
2025-04-08,2025,Community Reinvestment Agency (CRA) Meeting,community-reinvestment-agency-cra-meeting,minutes/2025/2025-04-07/2025-04-08_community-reinvestment-agency-cra-meeting.md,primegov,https://slc.primegov.com/Portal/Meeting?meetingTemplateId=3747,text
2025-04-08,2025,Council Work Session Meeting,council-work-session-meeting,minutes/2025/2025-04-07/2025-04-08_council-work-session-meeting.md,primegov,https://slc.primegov.com/Portal/Meeting?meetingTemplateId=3750,text
2025-04-08,2025,Limited Council Formal Meeting ,limited-council-formal-meeting,minutes/2025/2025-04-07/2025-04-08_limited-council-formal-meeting.md,primegov,https://slc.primegov.com/Portal/Meeting?meetingTemplateId=3767,text
2025-04-15,2025,Council Work Session Meeting,council-work-session-meeting,minutes/2025/2025-04-14/2025-04-15_council-work-session-meeting.md,primegov,https://slc.primegov.com/Portal/Meeting?meetingTemplateId=3754,text
2025-04-15,2025,LBA and Council Formal Meeting,lba-and-council-formal-meeting,minutes/2025/2025-04-14/2025-04-15_lba-and-council-formal-meeting.md,primegov,https://slc.primegov.com/Portal/Meeting?meetingTemplateId=3758,text
2025-05-06,2025,Revised Council Work Session Meeting ,revised-council-work-session-meeting,minutes/2025/2025-05-05/2025-05-06_revised-council-work-session-meeting.md,primegov,https://slc.primegov.com/Portal/Meeting?meetingTemplateId=3770,text
2025-05-06,2025,"Revised LBA, CRA and Council Formal Meeting",revised-lba-cra-and-council-formal-meeting,minutes/2025/2025-05-05/2025-05-06_revised-lba-cra-and-council-formal-meeting.md,primegov,https://slc.primegov.com/Portal/Meeting?meetingTemplateId=3774,text
2025-05-13,2025,Community Reinvestment Agency (CRA) Meeting,community-reinvestment-agency-cra-meeting,minutes/2025/2025-05-12/2025-05-13_community-reinvestment-agency-cra-meeting.md,primegov,https://slc.primegov.com/Portal/Meeting?meetingTemplateId=3764,text
2025-05-13,2025,Council Work Session Meeting,council-work-session-meeting,minutes/2025/2025-05-12/2025-05-13_council-work-session-meeting.md,primegov,https://slc.primegov.com/Portal/Meeting?meetingTemplateId=3777,text
2025-05-20,2025,Community Reinvestment Agency (CRA) Meeting,community-reinvestment-agency-cra-meeting,minutes/2025/2025-05-19/2025-05-20_community-reinvestment-agency-cra-meeting.md,primegov,https://slc.primegov.com/Portal/Meeting?meetingTemplateId=3785,text
2025-05-20,2025,Council Work Session Meeting,council-work-session-meeting,minutes/2025/2025-05-19/2025-05-20_council-work-session-meeting.md,primegov,https://slc.primegov.com/Portal/Meeting?meetingTemplateId=3781,text
2025-05-20,2025,"LBA, CRA and Council Formal Meeting",lba-cra-and-council-formal-meeting,minutes/2025/2025-05-19/2025-05-20_lba-cra-and-council-formal-meeting.md,primegov,https://slc.primegov.com/Portal/Meeting?meetingTemplateId=3792,text
2025-05-22,2025,Council Work Session Meeting,council-work-session-meeting,minutes/2025/2025-05-19/2025-05-22_council-work-session-meeting.md,primegov,https://slc.primegov.com/Portal/Meeting?meetingTemplateId=3795,text
2025-05-29,2025,Council Work Session Meeting,council-work-session-meeting,minutes/2025/2025-05-26/2025-05-29_council-work-session-meeting.md,primegov,https://slc.primegov.com/Portal/Meeting?meetingTemplateId=3788,text
2025-06-03,2025,Council Work Session Meeting,council-work-session-meeting,minutes/2025/2025-06-02/2025-06-03_council-work-session-meeting.md,primegov,https://slc.primegov.com/Portal/Meeting?meetingTemplateId=3799,text
2025-06-03,2025,"LBA, CRA and Council Formal Meeting",lba-cra-and-council-formal-meeting,minutes/2025/2025-06-02/2025-06-03_lba-cra-and-council-formal-meeting.md,primegov,https://slc.primegov.com/Portal/Meeting?meetingTemplateId=3814,text
2025-06-03,2025,Limited Community Reinvestment Agency (CRA) Meeting,limited-community-reinvestment-agency-cra-meeting,minutes/2025/2025-06-02/2025-06-03_limited-community-reinvestment-agency-cra-meeting.md,primegov,https://slc.primegov.com/Portal/Meeting?meetingTemplateId=3848,text
2025-06-05,2025,Council Work Session Meeting,council-work-session-meeting,minutes/2025/2025-06-02/2025-06-05_council-work-session-meeting.md,primegov,https://slc.primegov.com/Portal/Meeting?meetingTemplateId=3803,text
2025-06-10,2025,Community Reinvestment Agency (CRA) Meeting,community-reinvestment-agency-cra-meeting,minutes/2025/2025-06-09/2025-06-10_community-reinvestment-agency-cra-meeting.md,primegov,https://slc.primegov.com/Portal/Meeting?meetingTemplateId=3811,text
2025-06-10,2025,Council Work Session Meeting,council-work-session-meeting,minutes/2025/2025-06-09/2025-06-10_council-work-session-meeting.md,primegov,https://slc.primegov.com/Portal/Meeting?meetingTemplateId=3807,text
2025-06-10,2025,"LBA, CRA and Council Formal Meeting",lba-cra-and-council-formal-meeting,minutes/2025/2025-06-09/2025-06-10_lba-cra-and-council-formal-meeting.md,primegov,https://slc.primegov.com/Portal/Meeting?meetingTemplateId=3817,text
2025-07-01,2025,Council Formal Meeting,council-formal-meeting,minutes/2025/2025-06-30/2025-07-01_council-formal-meeting.md,primegov,https://slc.primegov.com/Portal/Meeting?meetingTemplateId=3827,text
2025-07-01,2025,Council Work Session Meeting,council-work-session-meeting,minutes/2025/2025-06-30/2025-07-01_council-work-session-meeting.md,primegov,https://slc.primegov.com/Portal/Meeting?meetingTemplateId=3820,text
2025-07-08,2025,Community Reinvestment Agency (CRA) Meeting,community-reinvestment-agency-cra-meeting,minutes/2025/2025-07-07/2025-07-08_community-reinvestment-agency-cra-meeting.md,primegov,https://slc.primegov.com/Portal/Meeting?meetingTemplateId=3830,text
2025-07-08,2025,Council Formal Meeting,council-formal-meeting,minutes/2025/2025-07-07/2025-07-08_council-formal-meeting.md,primegov,https://slc.primegov.com/Portal/Meeting?meetingTemplateId=3841,text
2025-07-08,2025,Council Work Session Meeting,council-work-session-meeting,minutes/2025/2025-07-07/2025-07-08_council-work-session-meeting.md,primegov,https://slc.primegov.com/Portal/Meeting?meetingTemplateId=3837,text
2025-08-12,2025,Community Reinvestment Agency (CRA) Meeting,community-reinvestment-agency-cra-meeting,minutes/2025/2025-08-11/2025-08-12_community-reinvestment-agency-cra-meeting.md,primegov,https://slc.primegov.com/Portal/Meeting?meetingTemplateId=3851,text
2025-08-12,2025,Council Formal Meeting,council-formal-meeting,minutes/2025/2025-08-11/2025-08-12_council-formal-meeting.md,primegov,https://slc.primegov.com/Portal/Meeting?meetingTemplateId=3858,text
2025-08-12,2025,Council Work Session Meeting,council-work-session-meeting,minutes/2025/2025-08-11/2025-08-12_council-work-session-meeting.md,primegov,https://slc.primegov.com/Portal/Meeting?meetingTemplateId=3854,text
2025-08-19,2025,Council Formal Meeting,council-formal-meeting,minutes/2025/2025-08-18/2025-08-19_council-formal-meeting.md,primegov,https://slc.primegov.com/Portal/Meeting?meetingTemplateId=3865,text
2025-08-19,2025,Council Work Session Meeting,council-work-session-meeting,minutes/2025/2025-08-18/2025-08-19_council-work-session-meeting.md,primegov,https://slc.primegov.com/Portal/Meeting?meetingTemplateId=3861,text
2025-09-02,2025,Revised Council Formal Meeting,revised-council-formal-meeting,minutes/2025/2025-09-01/2025-09-02_revised-council-formal-meeting.md,primegov,https://slc.primegov.com/Portal/Meeting?meetingTemplateId=3874,text
2025-09-02,2025,Revised Council Work Session Meeting,revised-council-work-session-meeting,minutes/2025/2025-09-01/2025-09-02_revised-council-work-session-meeting.md,primegov,https://slc.primegov.com/Portal/Meeting?meetingTemplateId=3877,text
2025-09-09,2025,Community Reinvestment Agency (CRA) Meeting,community-reinvestment-agency-cra-meeting,minutes/2025/2025-09-08/2025-09-09_community-reinvestment-agency-cra-meeting.md,primegov,https://slc.primegov.com/Portal/Meeting?meetingTemplateId=3881,text
2025-09-09,2025,Council Work Session Meeting,council-work-session-meeting,minutes/2025/2025-09-08/2025-09-09_council-work-session-meeting.md,primegov,https://slc.primegov.com/Portal/Meeting?meetingTemplateId=3884,text
2025-09-09,2025,Revised Council Formal Meeting,revised-council-formal-meeting,minutes/2025/2025-09-08/2025-09-09_revised-council-formal-meeting.md,primegov,https://slc.primegov.com/Portal/Meeting?meetingTemplateId=3871,text
2025-09-16,2025,Council Work Session Meeting ,council-work-session-meeting,minutes/2025/2025-09-15/2025-09-16_council-work-session-meeting.md,primegov,https://slc.primegov.com/Portal/Meeting?meetingTemplateId=3888,text
2025-10-07,2025,Council Formal Meeting,council-formal-meeting,minutes/2025/2025-10-06/2025-10-07_council-formal-meeting.md,primegov,https://slc.primegov.com/Portal/Meeting?meetingTemplateId=3899,text
2025-10-07,2025,Council Work Session Meeting,council-work-session-meeting,minutes/2025/2025-10-06/2025-10-07_council-work-session-meeting.md,primegov,https://slc.primegov.com/Portal/Meeting?meetingTemplateId=3895,text
2025-10-14,2025,Community Reinvestment Agency (CRA) Meeting,community-reinvestment-agency-cra-meeting,minutes/2025/2025-10-13/2025-10-14_community-reinvestment-agency-cra-meeting.md,primegov,https://slc.primegov.com/Portal/Meeting?meetingTemplateId=3902,text
2025-10-14,2025,Council Work Session Meeting,council-work-session-meeting,minutes/2025/2025-10-13/2025-10-14_council-work-session-meeting.md,primegov,https://slc.primegov.com/Portal/Meeting?meetingTemplateId=3905,text
2025-10-21,2025,Council Formal Meeting,council-formal-meeting,minutes/2025/2025-10-20/2025-10-21_council-formal-meeting.md,primegov,https://slc.primegov.com/Portal/Meeting?meetingTemplateId=3913,text
2025-10-21,2025,Council Work Session Meeting,council-work-session-meeting,minutes/2025/2025-10-20/2025-10-21_council-work-session-meeting.md,primegov,https://slc.primegov.com/Portal/Meeting?meetingTemplateId=3909,text
2025-11-18,2025,Community Reinvestment Agency (CRA) Meeting,community-reinvestment-agency-cra-meeting,minutes/2025/2025-11-17/2025-11-18_community-reinvestment-agency-cra-meeting.md,primegov,https://slc.primegov.com/Portal/Meeting?meetingTemplateId=3916,text
2025-11-18,2025,Council Formal Meeting,council-formal-meeting,minutes/2025/2025-11-17/2025-11-18_council-formal-meeting.md,primegov,https://slc.primegov.com/Portal/Meeting?meetingTemplateId=3923,text
2025-11-18,2025,Council Work Session Meeting,council-work-session-meeting,minutes/2025/2025-11-17/2025-11-18_council-work-session-meeting.md,primegov,https://slc.primegov.com/Portal/Meeting?meetingTemplateId=3919,text
2025-11-25,2025,Council Formal Meeting,council-formal-meeting,minutes/2025/2025-11-24/2025-11-25_council-formal-meeting.md,primegov,https://slc.primegov.com/Portal/Meeting?meetingTemplateId=3933,text
2025-11-25,2025,Council Work Session Meeting,council-work-session-meeting,minutes/2025/2025-11-24/2025-11-25_council-work-session-meeting.md,primegov,https://slc.primegov.com/Portal/Meeting?meetingTemplateId=3929,text
2025-12-02,2025,Council Formal Meeting,council-formal-meeting,minutes/2025/2025-12-01/2025-12-02_council-formal-meeting.md,primegov,https://slc.primegov.com/Portal/Meeting?meetingTemplateId=3940,text
2025-12-02,2025,Council Work Session Meeting,council-work-session-meeting,minutes/2025/2025-12-01/2025-12-02_council-work-session-meeting.md,primegov,https://slc.primegov.com/Portal/Meeting?meetingTemplateId=3936,text
2025-12-09,2025,Community Reinvestment Agency (CRA) Meeting,community-reinvestment-agency-cra-meeting,minutes/2025/2025-12-08/2025-12-09_community-reinvestment-agency-cra-meeting.md,primegov,https://slc.primegov.com/Portal/Meeting?meetingTemplateId=3943,text
2025-12-09,2025,Council Formal Meeting ,council-formal-meeting,minutes/2025/2025-12-08/2025-12-09_council-formal-meeting.md,primegov,https://slc.primegov.com/Portal/Meeting?meetingTemplateId=3946,text
2025-12-09,2025,Council Work Session Meeting ,council-work-session-meeting,minutes/2025/2025-12-08/2025-12-09_council-work-session-meeting.md,primegov,https://slc.primegov.com/Portal/Meeting?meetingTemplateId=3949,text
2026-01-13,2026,Community Reinvestment Agency (CRA) Meeting ,community-reinvestment-agency-cra-meeting,minutes/2026/2026-01-12/2026-01-13_community-reinvestment-agency-cra-meeting.md,primegov,https://slc.primegov.com/Portal/Meeting?meetingTemplateId=3963,text
2026-01-13,2026,Council Formal Meeting,council-formal-meeting,minutes/2026/2026-01-12/2026-01-13_council-formal-meeting.md,primegov,https://slc.primegov.com/Portal/Meeting?meetingTemplateId=3956,text
2026-01-13,2026,Council Work Session Meeting,council-work-session-meeting,minutes/2026/2026-01-12/2026-01-13_council-work-session-meeting.md,primegov,https://slc.primegov.com/Portal/Meeting?meetingTemplateId=3959,text
2026-01-20,2026,Council Formal Meeting,council-formal-meeting,minutes/2026/2026-01-19/2026-01-20_council-formal-meeting.md,primegov,https://slc.primegov.com/Portal/Meeting?meetingTemplateId=3970,text
2026-01-20,2026,Council Work Session Meeting,council-work-session-meeting,minutes/2026/2026-01-19/2026-01-20_council-work-session-meeting.md,primegov,https://slc.primegov.com/Portal/Meeting?meetingTemplateId=3966,text
2026-01-27,2026,City Council Retreat,city-council-retreat,minutes/2026/2026-01-26/2026-01-27_city-council-retreat.md,primegov,https://slc.primegov.com/Portal/Meeting?meetingTemplateId=4024,text
2026-01-27,2026,Council Work Session Meeting,council-work-session-meeting,minutes/2026/2026-01-26/2026-01-27_council-work-session-meeting.md,primegov,https://slc.primegov.com/Portal/Meeting?meetingTemplateId=4027,text
2026-02-03,2026,City Council Retreat Follow-Up,city-council-retreat-follow-up,minutes/2026/2026-02-02/2026-02-03_city-council-retreat-follow-up.md,primegov,https://slc.primegov.com/Portal/Meeting?meetingTemplateId=4031,text
2026-02-03,2026,Council Formal Meeting,council-formal-meeting,minutes/2026/2026-02-02/2026-02-03_council-formal-meeting.md,primegov,https://slc.primegov.com/Portal/Meeting?meetingTemplateId=4007,text
2026-02-03,2026,Council Work Session Meeting,council-work-session-meeting,minutes/2026/2026-02-02/2026-02-03_council-work-session-meeting.md,primegov,https://slc.primegov.com/Portal/Meeting?meetingTemplateId=3976,text
2026-02-10,2026,Community Reinvestment Agency (CRA) Meeting,community-reinvestment-agency-cra-meeting,minutes/2026/2026-02-09/2026-02-10_community-reinvestment-agency-cra-meeting.md,primegov,https://slc.primegov.com/Portal/Meeting?meetingTemplateId=4018,text
2026-02-10,2026,Council Work Session Meeting,council-work-session-meeting,minutes/2026/2026-02-09/2026-02-10_council-work-session-meeting.md,primegov,https://slc.primegov.com/Portal/Meeting?meetingTemplateId=3983,text
2026-02-17,2026,Council Formal Meeting,council-formal-meeting,minutes/2026/2026-02-16/2026-02-17_council-formal-meeting.md,primegov,https://slc.primegov.com/Portal/Meeting?meetingTemplateId=4021,text
2026-02-17,2026,Council Work Session Meeting,council-work-session-meeting,minutes/2026/2026-02-16/2026-02-17_council-work-session-meeting.md,primegov,https://slc.primegov.com/Portal/Meeting?meetingTemplateId=3987,text
2026-03-03,2026,Council Work Session Meeting ,council-work-session-meeting,minutes/2026/2026-03-02/2026-03-03_council-work-session-meeting.md,primegov,https://slc.primegov.com/Portal/Meeting?meetingTemplateId=4034,text
2026-03-10,2026,Community Reinvestment Agency (CRA) Meeting,community-reinvestment-agency-cra-meeting,minutes/2026/2026-03-09/2026-03-10_community-reinvestment-agency-cra-meeting.md,primegov,https://slc.primegov.com/Portal/Meeting?meetingTemplateId=4042,text
2026-03-10,2026,Council Formal Meeting,council-formal-meeting,minutes/2026/2026-03-09/2026-03-10_council-formal-meeting.md,primegov,https://slc.primegov.com/Portal/Meeting?meetingTemplateId=4045,text
2026-03-10,2026,Council Work Session Meeting,council-work-session-meeting,minutes/2026/2026-03-09/2026-03-10_council-work-session-meeting.md,primegov,https://slc.primegov.com/Portal/Meeting?meetingTemplateId=4038,text
2026-03-24,2026,Limited Community Reinvestment Agency (CRA) Meeting,limited-community-reinvestment-agency-cra-meeting,minutes/2026/2026-03-23/2026-03-24_limited-community-reinvestment-agency-cra-meeting.md,primegov,https://slc.primegov.com/Portal/Meeting?meetingTemplateId=4076,text
2026-03-24,2026,Revised Council Work Session Meeting,revised-council-work-session-meeting,minutes/2026/2026-03-23/2026-03-24_revised-council-work-session-meeting.md,primegov,https://slc.primegov.com/Portal/Meeting?meetingTemplateId=4048,text
2026-03-24,2026,Revised CRA and Council Formal Meeting,revised-cra-and-council-formal-meeting,minutes/2026/2026-03-23/2026-03-24_revised-cra-and-council-formal-meeting.md,primegov,https://slc.primegov.com/Portal/Meeting?meetingTemplateId=4082,text
2026-04-07,2026,Council Formal Meeting,council-formal-meeting,minutes/2026/2026-04-06/2026-04-07_council-formal-meeting.md,primegov,https://slc.primegov.com/Portal/Meeting?meetingTemplateId=4062,text
2026-04-07,2026,Council Work Session Meeting,council-work-session-meeting,minutes/2026/2026-04-06/2026-04-07_council-work-session-meeting.md,primegov,https://slc.primegov.com/Portal/Meeting?meetingTemplateId=4058,text
2026-04-14,2026,Community Reinvestment Agency (CRA) Meeting,community-reinvestment-agency-cra-meeting,minutes/2026/2026-04-13/2026-04-14_community-reinvestment-agency-cra-meeting.md,primegov,https://slc.primegov.com/Portal/Meeting?meetingTemplateId=4055,text
2026-04-14,2026,Council Work Session Meeting,council-work-session-meeting,minutes/2026/2026-04-13/2026-04-14_council-work-session-meeting.md,primegov,https://slc.primegov.com/Portal/Meeting?meetingTemplateId=4065,text
2026-04-21,2026,Council Work Session Meeting,council-work-session-meeting,minutes/2026/2026-04-20/2026-04-21_council-work-session-meeting.md,primegov,https://slc.primegov.com/Portal/Meeting?meetingTemplateId=4069,text
2026-04-21,2026,"LBA, CRA and Council Formal Meeting",lba-cra-and-council-formal-meeting,minutes/2026/2026-04-20/2026-04-21_lba-cra-and-council-formal-meeting.md,primegov,https://slc.primegov.com/Portal/Meeting?meetingTemplateId=4088,text
2026-05-05,2026,Council Work Session Meeting,council-work-session-meeting,minutes/2026/2026-05-04/2026-05-05_council-work-session-meeting.md,primegov,https://slc.primegov.com/Portal/Meeting?meetingTemplateId=4094,text
2026-05-05,2026,Limited Community Reinvestment Agency (CRA) Meeting,limited-community-reinvestment-agency-cra-meeting,minutes/2026/2026-05-04/2026-05-05_limited-community-reinvestment-agency-cra-meeting.md,primegov,https://slc.primegov.com/Portal/Meeting?meetingTemplateId=4123,text
2026-05-05,2026,"Revised LBA, CRA and Council Formal Meeting",revised-lba-cra-and-council-formal-meeting,minutes/2026/2026-05-04/2026-05-05_revised-lba-cra-and-council-formal-meeting.md,primegov,https://slc.primegov.com/Portal/Meeting?meetingTemplateId=4098,text
2026-05-12,2026,Community Reinvestment Agency (CRA) Meeting,community-reinvestment-agency-cra-meeting,minutes/2026/2026-05-11/2026-05-12_community-reinvestment-agency-cra-meeting.md,primegov,https://slc.primegov.com/Portal/Meeting?meetingTemplateId=4091,text
2026-05-12,2026,Council Work Session Meeting,council-work-session-meeting,minutes/2026/2026-05-11/2026-05-12_council-work-session-meeting.md,primegov,https://slc.primegov.com/Portal/Meeting?meetingTemplateId=4101,text
2026-05-14,2026,Council Work Session Meeting,council-work-session-meeting,minutes/2026/2026-05-11/2026-05-14_council-work-session-meeting.md,primegov,https://slc.primegov.com/Portal/Meeting?meetingTemplateId=4130,text
2026-05-19,2026,Council Work Session Meeting,council-work-session-meeting,minutes/2026/2026-05-18/2026-05-19_council-work-session-meeting.md,primegov,https://slc.primegov.com/Portal/Meeting?meetingTemplateId=4108,text
2026-05-19,2026,"LBA, CRA and Council Formal Meeting",lba-cra-and-council-formal-meeting,minutes/2026/2026-05-18/2026-05-19_lba-cra-and-council-formal-meeting.md,primegov,https://slc.primegov.com/Portal/Meeting?meetingTemplateId=4105,text
2026-05-19,2026,Limited Community Reinvestment Agency (CRA) Meeting,limited-community-reinvestment-agency-cra-meeting,minutes/2026/2026-05-18/2026-05-19_limited-community-reinvestment-agency-cra-meeting.md,primegov,https://slc.primegov.com/Portal/Meeting?meetingTemplateId=4112,text
2026-05-21,2026,Council Work Session Meeting,council-work-session-meeting,minutes/2026/2026-05-18/2026-05-21_council-work-session-meeting.md,primegov,https://slc.primegov.com/Portal/Meeting?meetingTemplateId=4119,text
2026-05-28,2026,Council Work Session Meeting,council-work-session-meeting,minutes/2026/2026-05-25/2026-05-28_council-work-session-meeting.md,primegov,https://slc.primegov.com/Portal/Meeting?meetingTemplateId=4115,text
2026-06-02,2026,Council Work Session Meeting,council-work-session-meeting,minutes/2026/2026-06-01/2026-06-02_council-work-session-meeting.md,primegov,https://slc.primegov.com/Portal/Meeting?meetingTemplateId=4126,text
2026-06-02,2026,"LBA, CRA and Council Formal Meeting",lba-cra-and-council-formal-meeting,minutes/2026/2026-06-01/2026-06-02_lba-cra-and-council-formal-meeting.md,primegov,https://slc.primegov.com/Portal/Meeting?meetingTemplateId=4146,text
2026-06-09,2026,Community Reinvestment Agency (CRA) Meeting,community-reinvestment-agency-cra-meeting,minutes/2026/2026-06-08/2026-06-09_community-reinvestment-agency-cra-meeting.md,primegov,https://slc.primegov.com/Portal/Meeting?meetingTemplateId=4152,text
2026-06-09,2026,Council Formal Meeting,council-formal-meeting,minutes/2026/2026-06-08/2026-06-09_council-formal-meeting.md,primegov,https://slc.primegov.com/Portal/Meeting?meetingTemplateId=4161,text
2026-06-09,2026,Council Work Session Meeting,council-work-session-meeting,minutes/2026/2026-06-08/2026-06-09_council-work-session-meeting.md,primegov,https://slc.primegov.com/Portal/Meeting?meetingTemplateId=4138,text
2026-06-09,2026,Limited Council Formal Meeting ,limited-council-formal-meeting,minutes/2026/2026-06-08/2026-06-09_limited-council-formal-meeting.md,primegov,https://slc.primegov.com/Portal/Meeting?meetingTemplateId=4178,text
2026-06-11,2026,Council Work Session Meeting ,council-work-session-meeting,minutes/2026/2026-06-08/2026-06-11_council-work-session-meeting.md,primegov,https://slc.primegov.com/Portal/Meeting?meetingTemplateId=4142,text
2026-06-16,2026,"LBA, CRA and Council Formal Meeting",lba-cra-and-council-formal-meeting,minutes/2026/2026-06-15/2026-06-16_lba-cra-and-council-formal-meeting.md,primegov,https://slc.primegov.com/Portal/Meeting?meetingTemplateId=4158,text
