{"type":"FeatureCollection","features":[{"type":"Feature","id":7332,"geometry":{"type":"Polygon","coordinates":[[[-111.91060680143266,40.593569721022106],[-111.91185750965813,40.593564939061316],[-111.91182823453403,40.593407395329258],[-111.91181496123714,40.593335973193959],[-111.91181833785934,40.593294200219468],[-111.91182052568732,40.593267135106565],[-111.91182277886425,40.593239245942748],[-111.91183038807627,40.593225228570716],[-111.91184414585942,40.593199884859168],[-111.91186781324556,40.593156369784303],[-111.91193155798524,40.592979358605277],[-111.91192985324197,40.592900124056989],[-111.91192968000632,40.59289201511789],[-111.91192612455768,40.592856058237118],[-111.91190884255801,40.592807911955134],[-111.91190576319595,40.592757628558907],[-111.91191140790401,40.592679980104656],[-111.91191047923466,40.592634133502614],[-111.91203035393875,40.59246373733005],[-111.91210536045128,40.592357118730412],[-111.91212989279316,40.592326467175631],[-111.91213142009866,40.592298743164172],[-111.912133644574,40.592258375241904],[-111.91218727356735,40.592151736954357],[-111.91220856774935,40.592075606075809],[-111.91222657877917,40.592052011164192],[-111.91223984402643,40.591981712764095],[-111.91226342793703,40.591930706641364],[-111.91226079392462,40.591867269116207],[-111.91230252084675,40.591740085967665],[-111.91235659717215,40.591633102895877],[-111.91235653423144,40.591622695442169],[-111.91238972583092,40.591516872261828],[-111.91244867382248,40.591440237265985],[-111.91248249636249,40.591364348198056],[-111.91250041638507,40.591344356213689],[-111.91254089537178,40.59125900819236],[-111.91259891761835,40.591159616721434],[-111.91267314005556,40.591047387382439],[-111.91275614317749,40.590954455646127],[-111.91283464614297,40.590855478066153],[-111.91289774864184,40.590746604427487],[-111.91295493368959,40.590688732049713],[-111.91297766797808,40.590652425301869],[-111.9130300331571,40.590585248686054],[-111.9130392996294,40.590574792302327],[-111.91306788132829,40.590542541172162],[-111.9130937316115,40.59051911865901],[-111.91311385828945,40.590467209542453],[-111.91312683829592,40.59035622482812],[-111.91313246997881,40.590338592000158],[-111.91315300861503,40.590274215079049],[-111.91315292016101,40.590232148629987],[-111.91315264511934,40.590102804133906],[-111.9131528994601,40.589906077673163],[-111.91316825317851,40.58984990539566],[-111.91314568112998,40.589770554816326],[-111.91312790915435,40.589592028408333],[-111.91310931108706,40.589487616756841],[-111.91303999670824,40.589313760814271],[-111.91302249557984,40.589272763534581],[-111.91301727107947,40.589227577117271],[-111.91300600702981,40.589138865516176],[-111.91298026149481,40.589061842050867],[-111.91293214353674,40.588851627464543],[-111.91289914109181,40.588809101403314],[-111.91287941145804,40.588783677005196],[-111.91284422731928,40.588609615012523],[-111.91283538918582,40.588543654507475],[-111.91283091790483,40.588498951492227],[-111.91281386272684,40.588444828619124],[-111.91280782082539,40.58838849395908],[-111.91277555504699,40.588318527136359],[-111.91274521218328,40.588237831330872],[-111.91268851720108,40.588147077854373],[-111.9126807371568,40.588100985429946],[-111.91267007882654,40.588037890557658],[-111.91267036223441,40.587935985691203],[-111.91270044304673,40.587784805744441],[-111.9127024654009,40.587774639337169],[-111.91271742447233,40.587742357541195],[-111.91274293933111,40.58768729858852],[-111.91277216557474,40.587624233163879],[-111.91283286464342,40.587493255091211],[-111.91283714987306,40.587484008189037],[-111.91287848637337,40.587417234909019],[-111.91308202462405,40.587088454510514],[-111.91320160331678,40.586892574629765],[-111.91341697798981,40.586586961903315],[-111.91362234410802,40.586103977798174],[-111.9136263422251,40.5860945746144],[-111.91397686892522,40.585713428644873],[-111.91417564534885,40.58558838507188],[-111.91427822298535,40.585523853986459],[-111.91455212192992,40.585351532890314],[-111.91496320133463,40.585092916064291],[-111.91516417814017,40.584916773383824],[-111.91537873769413,40.584728777084088],[-111.91648784591639,40.584135637182818],[-111.91679459513524,40.583867705497809],[-111.91680843721889,40.583855613470405],[-111.91686629558326,40.583805077753745],[-111.91697342596973,40.58373501684364],[-111.91712507710974,40.583598319721752],[-111.91755463105103,40.583193292642527],[-111.9179367301298,40.582682754634455],[-111.91833894608015,40.581912836935352],[-111.91877100728561,40.581116316393363],[-111.91905637493451,40.580590216628764],[-111.91909712251982,40.580515095772597],[-111.9192874298727,40.580226544908257],[-111.9193276240361,40.580204057868428],[-111.91968884713741,40.580001972401391],[-111.91993691009559,40.579946186768197],[-111.91998871466693,40.579881383687962],[-111.91999928351404,40.579868164633098],[-111.92011681046284,40.579721161734874],[-111.92013213567773,40.579701992655764],[-111.92032183751864,40.57951706198341],[-111.92140793142336,40.579067691692813],[-111.92152330502383,40.579010606504859],[-111.92159293459991,40.578918202100908],[-111.92156522926032,40.578847745670103],[-111.92148938101481,40.578654863972915],[-111.92147845613643,40.578627084338279],[-111.92143716878792,40.578522090250431],[-111.92142834650774,40.578499653460959],[-111.9207675087352,40.577957077762115],[-111.92056850179328,40.577793669403022],[-111.92018609276622,40.577479376538086],[-111.920142447259,40.577443506079341],[-111.91992965855009,40.577249424915223],[-111.91979799229708,40.577129333310872],[-111.91971528915933,40.577059169708455],[-111.91970559888475,40.577050948239709],[-111.91959308544511,40.57699359350746],[-111.91941432486814,40.576847037600679],[-111.91931000764153,40.576761426938454],[-111.91905011900351,40.576548128431632],[-111.91901470527408,40.576519049282687],[-111.91854375657677,40.576018328257689],[-111.91842642459937,40.575751206703906],[-111.91836662280974,40.575615057816897],[-111.91834311099841,40.575561532132326],[-111.91750469675812,40.574394076528485],[-111.91733338928678,40.574158413762298],[-111.91670725965139,40.573297044719837],[-111.91668988123972,40.573273136812325],[-111.91653886147209,40.57327590342733],[-111.91650358049041,40.573276550525307],[-111.91537092406161,40.573282743502205],[-111.91496071805044,40.57328507103103],[-111.91469148521394,40.573286602172331],[-111.91497350817207,40.573338424489656],[-111.91497827800713,40.573339301137864],[-111.91495348913088,40.5734181332029],[-111.9149359542921,40.573496308772761],[-111.91282442706014,40.573505589044743],[-111.91075229130035,40.573509166042349],[-111.91025408737615,40.573510019618958],[-111.91025415554962,40.573478885483979],[-111.91025451061131,40.573314665529935],[-111.90964595630686,40.573310114189738],[-111.90943990071638,40.573309554097264],[-111.90852058377968,40.573310968812741],[-111.90759248240572,40.573307951744987],[-111.90674472526871,40.573305190235367],[-111.90673824397672,40.573304580095808],[-111.90671188031405,40.57330209816535],[-111.90660007568952,40.573301790612931],[-111.9063445158957,40.573301085726108],[-111.90632719187727,40.573301038515623],[-111.90623858438623,40.573300795011384],[-111.90620787127625,40.573300710161533],[-111.90550955060228,40.573298785644887],[-111.90424789702912,40.573295297132653],[-111.9042169003463,40.573295210951727],[-111.9038778117496,40.573294270261748],[-111.90387424711216,40.57329426109073],[-111.90386049885092,40.573261271335241],[-111.90375887583473,40.573035483197863],[-111.90373289546675,40.572977756366946],[-111.90370736871446,40.572924994165163],[-111.903649332784,40.572805033003746],[-111.90360899606095,40.57272593959776],[-111.90356182604177,40.57263345076548],[-111.90349785124182,40.572516521120257],[-111.90342598024199,40.572385157824606],[-111.90339522620287,40.572328948441836],[-111.90328813870137,40.572132895391242],[-111.90325744117561,40.572076692921364],[-111.90310679260233,40.571800883490027],[-111.90293292289407,40.571482554015482],[-111.90259994310736,40.570872911916467],[-111.90203033998888,40.569830020693082],[-111.90194215792283,40.569668561218599],[-111.90055320744284,40.569665453264733],[-111.90040859101808,40.569665128572048],[-111.90020678471429,40.567551168284332],[-111.90019854423858,40.567476683637345],[-111.90018777971959,40.567379390566373],[-111.89988591588896,40.564806885159733],[-111.89985054618573,40.564505449953444],[-111.8992358756186,40.561402020278919],[-111.89921095784784,40.561276210823095],[-111.89905048411794,40.560465940698371],[-111.89882703982472,40.559337688620367],[-111.89875484799767,40.558973151700947],[-111.89875371083296,40.558967408401273],[-111.89874541998546,40.558925546254166],[-111.89870708394324,40.558774665149329],[-111.89869905462919,40.558743065159824],[-111.89857047386356,40.558237015244387],[-111.89814686021961,40.556569744920978],[-111.89699017346702,40.552016795286583],[-111.8969616903975,40.551904669772263],[-111.89689053709864,40.551624571092454],[-111.89687034096681,40.551545072424325],[-111.89621638012996,40.548564294436119],[-111.89607983565567,40.547645235731977],[-111.89604412220835,40.547404858926726],[-111.89531816622363,40.544331260308311],[-111.89529856693028,40.544283331206593],[-111.89392782899122,40.544288196583956],[-111.8939018549752,40.544288287422411],[-111.89381191925675,40.544282313364008],[-111.89356246058027,40.544265736041368],[-111.89324288987888,40.54424450038006],[-111.89323911922716,40.544244250328155],[-111.89256741588659,40.544234227685209],[-111.8915326100434,40.544218780706466],[-111.89152873976764,40.54421872214813],[-111.89129266930409,40.544265385943362],[-111.8912887569404,40.544266158502168],[-111.89119382129857,40.544284912427862],[-111.89112945447349,40.544297627679391],[-111.89058594918454,40.544299553881636],[-111.89058205120374,40.544299566866833],[-111.8903763496937,40.544299662198632],[-111.89037245633656,40.544299664439123],[-111.88907054279866,40.544300371292607],[-111.88906664943127,40.544300371702725],[-111.88906401167372,40.544300369733264],[-111.88649056287331,40.544301698765302],[-111.8864866694957,40.5443016973027],[-111.88322882165767,40.54429546567588],[-111.88179125601856,40.544292685671998],[-111.88178736495412,40.54429267868462],[-111.88174047544764,40.544292602614682],[-111.88169725919968,40.54429254316085],[-111.88151443945422,40.544292521646085],[-111.88151056482751,40.544292521744261],[-111.87907795771508,40.544288796010051],[-111.878786252522,40.544288344859524],[-111.87845663781377,40.544287550718629],[-111.87842199771072,40.544287482032573],[-111.87841810664688,40.544287474933405],[-111.8782756009664,40.544287134180301],[-111.87816233094767,40.544286841928276],[-111.87803597988369,40.544286534557983],[-111.87803222233467,40.544286525228429],[-111.87775673098609,40.544285799429844],[-111.87775284224523,40.544285788726974],[-111.87765710660894,40.54428552705879],[-111.87762719610087,40.544285444690857],[-111.87707000519883,40.544283919368695],[-111.87613437197177,40.544281350789305],[-111.87613047854632,40.544281340047583],[-111.87461744957018,40.544278455025704],[-111.87461355850731,40.544278447800259],[-111.87440750067118,40.544278033747823],[-111.87423456726049,40.544277685168652],[-111.87392546293536,40.544277061224129],[-111.87392157187263,40.544277053975712],[-111.87345758605878,40.544276079142683],[-111.8730240494519,40.544275168226193],[-111.8729735780222,40.544275062517784],[-111.87296968694987,40.544275053450718],[-111.87201479406984,40.544273019000762],[-111.87201090535004,40.544273011681462],[-111.87200888368156,40.544273007373548],[-111.8720093493759,40.544274208588817],[-111.87206189316291,40.544632029709277],[-111.87227025837998,40.545985187126995],[-111.8722672331954,40.547333265846625],[-111.87224857025676,40.549624310053225],[-111.87228148712244,40.550896687359952],[-111.87228234812402,40.551520759008476],[-111.87228360889368,40.552433195835881],[-111.87221403977041,40.554921282243058],[-111.87214357986339,40.557569996450674],[-111.87213530387443,40.55877473910256],[-111.87212683561381,40.56000742948364],[-111.87216209026253,40.56239026879102],[-111.87216225390615,40.562401365848942],[-111.87215399195621,40.56239839161006],[-111.87215107799985,40.562922138538013],[-111.87215102252506,40.56293215691128],[-111.87214049261384,40.564820407130291],[-111.87213985750893,40.564934215492009],[-111.87213822600607,40.565224894678124],[-111.87213638000333,40.565554432066548],[-111.87213597857388,40.565567614600603],[-111.87213272052263,40.565675269512283],[-111.8721220190704,40.56685185750429],[-111.87212833818313,40.567575019253027],[-111.87213400233921,40.56798439378381],[-111.87213915629212,40.56835865621494],[-111.87213518663198,40.568358668809807],[-111.87213531743767,40.568373624176424],[-111.87214068555224,40.569141053602713],[-111.87214069246836,40.56914189170471],[-111.87214120373397,40.569936567284856],[-111.87214375337393,40.56993655919549],[-111.87214376474854,40.569940361989289],[-111.87214487596135,40.570150468380206],[-111.87214835994902,40.570808764923918],[-111.87215319504705,40.571721971536135],[-111.87198109370635,40.571722796224662],[-111.87194870006792,40.571722952561167],[-111.87189585274589,40.571723213055215],[-111.87189335938983,40.571723240617985],[-111.87189117762894,40.571723251109447],[-111.87166927265244,40.571724236807633],[-111.87166414281245,40.571724260210296],[-111.87166134940308,40.571724272635521],[-111.87165956835783,40.571724278278836],[-111.87165754360035,40.571724286481441],[-111.87165827373889,40.571823872487698],[-111.87165912068178,40.571958655712038],[-111.87165960814508,40.571993923240882],[-111.87159881038927,40.572235745459302],[-111.87153545689648,40.572487738626073],[-111.87149517916691,40.572647945862876],[-111.87150017783976,40.572647922883306],[-111.87162886341474,40.572647263273531],[-111.87195579332723,40.572645903569267],[-111.87196659740582,40.572645958660779],[-111.87196851920274,40.57264597401101],[-111.87197049492971,40.572645994551316],[-111.87215948037405,40.572647530611889],[-111.87217335721692,40.572647652778002],[-111.87217668730767,40.573264788223007],[-111.87217673129649,40.57327284942874],[-111.87216368248123,40.573272887256351],[-111.87216476761932,40.573756930830037],[-111.87217006418935,40.57612295036548],[-111.8721752288176,40.578428217724024],[-111.8721781046514,40.580667916701223],[-111.87217838756455,40.580887249501338],[-111.87215521372693,40.583353358628933],[-111.87213260866842,40.585758631114629],[-111.8721183438886,40.588121243394852],[-111.87211735187323,40.588285671267194],[-111.87212831350223,40.59029425850882],[-111.87214003652829,40.592442229892406],[-111.87215332091642,40.594876118668921],[-111.87216660609185,40.596320021887458],[-111.87217132083767,40.596832427413659],[-111.87217433830928,40.597385203524063],[-111.87217461480851,40.597935330899134],[-111.87217499311977,40.598684485786841],[-111.87236970706515,40.598684581081919],[-111.87255496367239,40.598684706080327],[-111.87344023746893,40.598685296369766],[-111.8742797649023,40.598680480767385],[-111.87515667174051,40.598675595057529],[-111.87532557522375,40.598676036016222],[-111.87553496555587,40.59867658126921],[-111.87589820546474,40.598677526921698],[-111.87615886259077,40.598678205255815],[-111.87660077943873,40.598676952217822],[-111.87663815290009,40.59867579043155],[-111.87695734890221,40.598675258695025],[-111.87736317619324,40.598673743439662],[-111.87748410266657,40.598673291947577],[-111.87785146390831,40.598672077441051],[-111.87811363168484,40.598671209728074],[-111.87880029082714,40.598672617417726],[-111.8793166913962,40.598673585139657],[-111.88049976900207,40.598669145479029],[-111.88059727724722,40.59866877922142],[-111.88069013123682,40.59866789902317],[-111.88115332980546,40.598663509344782],[-111.88171599795928,40.598658174211252],[-111.88171558868324,40.59892676349007],[-111.88171565667123,40.598926763268921],[-111.88179514926821,40.598927437483034],[-111.88188751608008,40.598927835645775],[-111.88193046757584,40.598928021094302],[-111.88202875194189,40.598928444561004],[-111.88206539433854,40.598928600463296],[-111.88207396822298,40.598928636879869],[-111.88224794521953,40.598929385530724],[-111.88225215363396,40.598929405775266],[-111.88246422429572,40.598930317719237],[-111.88255403324879,40.598930704036974],[-111.88289211688014,40.598932160383598],[-111.88312016777148,40.598933140515555],[-111.88334822101376,40.598934120196716],[-111.88357627191822,40.598935099442265],[-111.88380432282918,40.598936078244634],[-111.88403237610122,40.598937058383115],[-111.88426042702527,40.598938036299124],[-111.88452204202653,40.598939157549154],[-111.88490017707146,40.598940777080621],[-111.88589790179101,40.598945046817008],[-111.88600637534013,40.598944659662195],[-111.88595106719018,40.598465491892433],[-111.88607716663194,40.598464478421647],[-111.88613727657976,40.598462550795944],[-111.88614991818127,40.598462616417592],[-111.88619720696718,40.598462862872445],[-111.88645476321904,40.598464204034705],[-111.88648352802662,40.598464354120708],[-111.88658822216755,40.598464899191093],[-111.88693580062834,40.598466707531678],[-111.88704560111901,40.598467278244499],[-111.88712962495977,40.598453484014271],[-111.88714802663381,40.598453510867841],[-111.88793707602149,40.598454648745317],[-111.88802339204534,40.598454774369053],[-111.88803070722676,40.598454866336127],[-111.8904049292475,40.598482899741491],[-111.89064372221097,40.59848571660644],[-111.89098290249287,40.598491088162746],[-111.8909873276648,40.59829915941333],[-111.89098980936286,40.598163251437498],[-111.8909943719711,40.597913125928514],[-111.89099628426912,40.597808342668124],[-111.89099844267123,40.597596036814053],[-111.89099991043945,40.597322173770259],[-111.89099989547452,40.5973191555331],[-111.89099959602518,40.597254267827061],[-111.89099717753017,40.596936385366462],[-111.89099716055927,40.596933426107441],[-111.89099602252686,40.596670393905512],[-111.89103912243704,40.596670536206375],[-111.89104189227659,40.596506006160062],[-111.89104177133213,40.596482875290086],[-111.89104105217787,40.596345634035096],[-111.89104095250377,40.596326620402444],[-111.89104091060983,40.596318498505333],[-111.89103993244271,40.596129965071277],[-111.89103992258508,40.596127020083735],[-111.89103983953333,40.595928192163122],[-111.89103973365053,40.595678376841697],[-111.89103973543253,40.595675417518606],[-111.89103980474317,40.59540955050727],[-111.89103440349325,40.595409568507286],[-111.89103507360163,40.595136862297402],[-111.8910352881533,40.595049191791915],[-111.89103557242841,40.594933620186211],[-111.89103495697597,40.594479273954704],[-111.89157500090499,40.594484236866094],[-111.89157476893064,40.594314039285443],[-111.89157453697794,40.594143845267034],[-111.89181707166175,40.594146071788501],[-111.89205705095526,40.594148275967619],[-111.89240824852075,40.594091461058582],[-111.89241901584273,40.594091459002229],[-111.89288715662889,40.594091407813934],[-111.89297669212142,40.594091397477776],[-111.89326163829882,40.594091363120363],[-111.89342727650144,40.5940913439605],[-111.89354246790619,40.594091329368787],[-111.89379815967943,40.594091297111106],[-111.89401876681411,40.594091271321467],[-111.89426457271215,40.594091239077699],[-111.89449502585869,40.594091209687733],[-111.89473365120433,40.594091179158475],[-111.89473366636463,40.59415980100944],[-111.89496332736574,40.594159769791332],[-111.89496696336853,40.594159770061374],[-111.89519377839939,40.594159739036883],[-111.89520829660303,40.594159736600616],[-111.89542422943273,40.59415970782981],[-111.89544564924023,40.594159705336835],[-111.89565468281018,40.594159676162235],[-111.89592494695998,40.594159636594902],[-111.89594496249491,40.594161645582481],[-111.8960037494768,40.594167544535836],[-111.89600224956538,40.5944324015449],[-111.89610360101689,40.594426776990375],[-111.89753976740715,40.594426564484628],[-111.89753997369574,40.594569297340051],[-111.8977180730443,40.59456926922222],[-111.89807095455696,40.594569214494143],[-111.89848505060672,40.594569147404151],[-111.89884509866508,40.594569089240878],[-111.89884545456196,40.593751477571445],[-111.89952024352937,40.593751363852633],[-111.89985763918956,40.593751306427478],[-111.90065395322898,40.59375116513619],[-111.90065384075248,40.594021258930184],[-111.90065373000309,40.594295636197451],[-111.9006615000941,40.595021884990366],[-111.90066269718723,40.595133840027373],[-111.90064109886539,40.595343289172526],[-111.90063953596793,40.595416430429609],[-111.90063944020886,40.595418087331794],[-111.90053887317458,40.596322423770602],[-111.90064378983563,40.596322666032137],[-111.90067682306589,40.596322846311594],[-111.90068056246025,40.596322867496262],[-111.90259210623016,40.596333322774299],[-111.90266840039878,40.596751136103499],[-111.9027106985679,40.596751267933691],[-111.90316089706171,40.598578041706617],[-111.90317470301156,40.59865129987373],[-111.90357051317606,40.598649939265236],[-111.90436676834085,40.598647198071191],[-111.90424892688254,40.598031564239442],[-111.90435582564174,40.598019676747185],[-111.90461602559967,40.598220953301848],[-111.90494904476789,40.598478553464773],[-111.90521945554403,40.598644256612438],[-111.90524113625187,40.599404189636971],[-111.90526080216225,40.599403869750191],[-111.90544308631793,40.599400904432905],[-111.90572131588752,40.599396377666089],[-111.90576538542621,40.599395660586957],[-111.90581904997306,40.599394787004108],[-111.90612875569524,40.599389742969755],[-111.90629847697893,40.599386985995984],[-111.90631814991271,40.599386665907673],[-111.90692881249781,40.599376728030656],[-111.90694843619266,40.599376408007359],[-111.9075470866599,40.59936666046638],[-111.90755463935302,40.599253508336027],[-111.90757427883874,40.599253483012376],[-111.90758706314686,40.599253467200342],[-111.90761752665068,40.599253373893227],[-111.90768688421279,40.599253159752685],[-111.90770653987424,40.599253095036183],[-111.90777357168298,40.599252874628796],[-111.9081857993848,40.599251580800626],[-111.90853308338758,40.599250372254062],[-111.9085075041683,40.59928658782637],[-111.90856438948654,40.599264127007849],[-111.90860199776225,40.599250144819351],[-111.90861241870256,40.599255190835123],[-111.9087748275825,40.599333835127098],[-111.90918846989936,40.599534170158122],[-111.90927450057812,40.599574385588575],[-111.90928832720422,40.599552717922364],[-111.90929507909932,40.599542138409269],[-111.90994282927905,40.599309431333225],[-111.91003499951607,40.599275061089109],[-111.91011560452934,40.599245002185384],[-111.91022576062058,40.599247133275547],[-111.91018305795619,40.597196583161939],[-111.91024296634728,40.597196511329372],[-111.91026122674991,40.597196488588438],[-111.91027026904338,40.597196478417743],[-111.91026391237607,40.596863205627166],[-111.91024636307232,40.595943065281666],[-111.91023300695802,40.595086999954439],[-111.9102325982097,40.595019065673128],[-111.91023142333459,40.594447416866103],[-111.91023036830406,40.593935036152843],[-111.91022850265907,40.593620670084917],[-111.91022820948352,40.593571163217696],[-111.91024250691346,40.593571111442799],[-111.91050028699686,40.593570127668919],[-111.91060680143266,40.593569721022106]]]},"properties":{"OBJECTID":7332,"City_Counc":"1","Name":"District 1","Shape.area":183338770.71802446,"Shape.len":68503.925706586087,"Council_Member":"Brooke Christensen","Link_to_Photo":"https://content.civicplus.com/api/assets/474c8f96-ca69-4bcd-b03f-09db00ca8ae4","Link_To_Bio":"https://sandy.utah.gov/572/Brooke-Christensen-District-1"}},{"type":"Feature","id":7333,"geometry":{"type":"MultiPolygon","coordinates":[[[[-111.84904083793013,40.598651895881098],[-111.84903967031403,40.598651879696916],[-111.8490396503237,40.598651638508464],[-111.84903946907262,40.598649664388716],[-111.8490388305141,40.59864262542294],[-111.84903077818727,40.598553946980282],[-111.84902017436302,40.59843718235394],[-111.84900049228611,40.598220450124927],[-111.8483936142941,40.598216974658449],[-111.84839408715095,40.598292533899645],[-111.84824881827632,40.59829236824929],[-111.8477220612328,40.598291764491762],[-111.84769880745756,40.598291890581685],[-111.84767556231014,40.598292329370238],[-111.84765232810734,40.598293075489529],[-111.84762911657991,40.598294130691791],[-111.84760593007195,40.598295494970081],[-111.84758278029602,40.598297166502782],[-111.84755967194965,40.598299147062953],[-111.84753429934868,40.598301679366216],[-111.8469516370053,40.598364205206664],[-111.84692216602241,40.59836714621386],[-111.84689531051207,40.598369446876006],[-111.84686840629362,40.59837139027173],[-111.84684146038241,40.598372972806061],[-111.84681448218383,40.598374199812362],[-111.84678748104855,40.598375065901884],[-111.84676046401937,40.598375572840773],[-111.84673344047424,40.598375720601368],[-111.84672738945248,40.598375713462794],[-111.8467268441867,40.59865019800818],[-111.84661881157919,40.598650073990385],[-111.84651078130739,40.598649948079235],[-111.84624790429559,40.598649642898224],[-111.8460938546731,40.598649464746501],[-111.84601286537624,40.598649369414716],[-111.84548845943515,40.598648759411923],[-111.84529170551417,40.598648529015655],[-111.84486049411586,40.598648024361943],[-111.8447809841806,40.59864793098037],[-111.84433119296153,40.598647402129522],[-111.84415127928914,40.59864719009817],[-111.84364931921188,40.598646597182281],[-111.8436493396794,40.598636704172911],[-111.84363660287674,40.598646582598519],[-111.84363141967144,40.599057376732588],[-111.84356251905059,40.599056574174433],[-111.8435607683902,40.59940516808097],[-111.84363278854795,40.599405246697678],[-111.84362641368347,40.6006429644913],[-111.84361772361953,40.6027782685277],[-111.84371204711182,40.602871901892122],[-111.84361314251079,40.60310532411934],[-111.84360748783928,40.604154395045683],[-111.84359791193178,40.605931332257036],[-111.84193551858631,40.605934009265525],[-111.84193545153789,40.606128190159772],[-111.84193537624151,40.606352980850623],[-111.84193579400582,40.606453563583237],[-111.84193579670384,40.606454101466973],[-111.84339612424492,40.606737784701366],[-111.84380151443305,40.606816724002762],[-111.84384787893744,40.60682647036338],[-111.84396326697295,40.606854240195283],[-111.84407637935853,40.60688777970968],[-111.84437394355628,40.606989343996467],[-111.8446315733334,40.607073787255729],[-111.84491260832803,40.607178969167641],[-111.84513060460701,40.607270940341159],[-111.84522070732243,40.60731195716648],[-111.84529861879736,40.607363880204318],[-111.84537426782164,40.607424155207603],[-111.84543296100584,40.607478659762016],[-111.84554688335679,40.607586526354652],[-111.84557210987221,40.607614610069234],[-111.84561240208518,40.60765946879539],[-111.84583099302331,40.607902829215277],[-111.8461507762547,40.608279139520022],[-111.84620322906994,40.608338274363547],[-111.84627887680116,40.608383614690531],[-111.84645242765335,40.608488286154639],[-111.84669251515969,40.608617024903836],[-111.84681010819384,40.608681015339641],[-111.84691510196735,40.608731924429541],[-111.84700911189387,40.608775728567601],[-111.84711713686079,40.608813563653428],[-111.84724864823173,40.60885247998791],[-111.8474411182857,40.608894786181629],[-111.84758041570859,40.608920558837063],[-111.84775562011036,40.608953417668296],[-111.84794813934377,40.608990999806821],[-111.84812027929341,40.609029796491399],[-111.84829247795791,40.609080504984213],[-111.84844600626882,40.609141972870653],[-111.84858736968916,40.609205672927956],[-111.84891183082355,40.609351503027881],[-111.84904833435294,40.609422079107894],[-111.84913083484537,40.609468880426178],[-111.8493567112411,40.609605726126397],[-111.84976592501447,40.609857582380805],[-111.84979125312201,40.609870232218761],[-111.84988819069885,40.60991864653154],[-111.85001379039225,40.609983710669191],[-111.85017490924172,40.610063708204422],[-111.85041625295354,40.61018211554029],[-111.85080342434,40.610376336655129],[-111.85094757535323,40.610448588886442],[-111.85108857375238,40.610510090764343],[-111.851150432282,40.610532196904643],[-111.85123269112904,40.610561593734971],[-111.85139393838884,40.610610463008314],[-111.8516240246861,40.610668128811511],[-111.85179265863962,40.610710608278538],[-111.85195122762563,40.61075652015883],[-111.85203645351389,40.610786404317054],[-111.85215505796678,40.610833413283778],[-111.8522417492041,40.610873661144879],[-111.85231225923971,40.610909491770649],[-111.85233577901778,40.610922343056302],[-111.85239966951501,40.610957251745198],[-111.85247114067194,40.611001612375397],[-111.85254813736987,40.611055674139699],[-111.8526178581711,40.611109759499755],[-111.85267653674411,40.611159703537268],[-111.85269226384391,40.611174663610669],[-111.85273343381328,40.611213825573593],[-111.8527867245373,40.611266585995864],[-111.85283446239755,40.611317935263422],[-111.85287859631137,40.611369297133479],[-111.85292639229668,40.611431845395039],[-111.8529961460298,40.611547852196267],[-111.85306419089969,40.611667543550446],[-111.85311074299595,40.611754250518537],[-111.8531623557174,40.611844619909313],[-111.853219501738,40.611932118763427],[-111.8533555819439,40.61211413092731],[-111.85364226725379,40.612478727502591],[-111.85410037953126,40.613061330975022],[-111.85420337301048,40.613196066443443],[-111.85425398177708,40.613259265043602],[-111.85435033684188,40.613350158218445],[-111.85449165236695,40.613470889066036],[-111.85462925020336,40.613583232019508],[-111.85475217701953,40.613685845988307],[-111.85481819175079,40.613733023677966],[-111.8549207865679,40.613791179123439],[-111.85502153953219,40.613840994708305],[-111.85511677141403,40.613882483356655],[-111.85519830073824,40.613916577643444],[-111.85528336813448,40.6139555111113],[-111.85535907039495,40.613996356381364],[-111.85543003524131,40.614040223487685],[-111.8554924488847,40.614085149342948],[-111.85554114213734,40.614123329659868],[-111.85559708943855,40.614176080709072],[-111.85566117923048,40.614245131400679],[-111.85573303535159,40.614340168458135],[-111.85580476713524,40.614441446086424],[-111.8559513381613,40.614637208285174],[-111.85598036511125,40.61467683655998],[-111.85599977569177,40.614703975986657],[-111.85602881398744,40.614744867630492],[-111.85606018868091,40.614789043852014],[-111.85608827695513,40.61483974011356],[-111.85611539130102,40.614894772822446],[-111.8561338390478,40.614936436391602],[-111.85615070780598,40.614983328179299],[-111.85617604739186,40.615072973495607],[-111.8561859018961,40.615117547364527],[-111.85619068838153,40.615153058600463],[-111.85619817623861,40.615272016794286],[-111.85619937734059,40.615362298255036],[-111.85620524155982,40.61556095306949],[-111.85620108929328,40.615910660234583],[-111.85619845799366,40.616167302435407],[-111.85619645992257,40.616362035327654],[-111.85619637385615,40.616379221256466],[-111.85619628532125,40.616397281040129],[-111.85620050356158,40.616460453309422],[-111.85619934676438,40.616528529358526],[-111.85621809616586,40.616628714731782],[-111.85624601783287,40.61671915450512],[-111.85627384244206,40.61680536828726],[-111.8563016186676,40.616881864452679],[-111.8563367419673,40.616958340092026],[-111.85634036556293,40.616965604004044],[-111.85637001325644,40.617025048190754],[-111.85641056127621,40.617091734183113],[-111.85645473347493,40.617162637216367],[-111.85655220122931,40.617272299396276],[-111.85655471303646,40.617275031250358],[-111.85661096094609,40.617336185146087],[-111.85667338082631,40.617397261287721],[-111.85674901138434,40.617463840544353],[-111.85681325169816,40.617515137927214],[-111.85688659196795,40.617570635667867],[-111.8569331652825,40.617600583699513],[-111.85697275720213,40.617626038961575],[-111.85707907096072,40.617691154046845],[-111.85717794054179,40.617738173210377],[-111.85727507710621,40.617783826929823],[-111.85737022363872,40.617821141298833],[-111.85749837978341,40.617861099902321],[-111.85763425148552,40.617902846884064],[-111.85778561086101,40.617943778087195],[-111.85799967651491,40.618004391177529],[-111.85814349124448,40.617845217879996],[-111.85818814289584,40.617794507508464],[-111.85828947855751,40.617648893004912],[-111.85841598559162,40.617442546899611],[-111.85848537633264,40.617319388796531],[-111.85854236832382,40.617216283017974],[-111.85859437587543,40.617117004124701],[-111.85862034449094,40.617060692977418],[-111.85867945594768,40.616940641586247],[-111.85870025364217,40.616899500054572],[-111.85890854637151,40.616858719959033],[-111.85892695536454,40.616807542698183],[-111.85894418819935,40.616756127783802],[-111.8589468977415,40.616747409615208],[-111.85896024262745,40.616704493093437],[-111.85897511168221,40.616652651157843],[-111.85899418840035,40.616578669601246],[-111.85900479920009,40.616532696712476],[-111.85901457444405,40.616486145599424],[-111.85902337947792,40.616439274003589],[-111.85903110988858,40.616392293111637],[-111.85903776340847,40.616345217226851],[-111.85904367722131,40.616294834061819],[-111.85904702530088,40.61623594721754],[-111.85904994414446,40.616184611800229],[-111.85905260316667,40.616137819754968],[-111.85905533963006,40.616089703297725],[-111.85905799672346,40.616042991671833],[-111.85906072658669,40.615994959222206],[-111.8590633770613,40.615948328030015],[-111.85906470120953,40.615925028520003],[-111.85906627440714,40.615897367943944],[-111.85906644389402,40.61589437418408],[-111.85906576998629,40.615849692065311],[-111.85906105047312,40.615752402028782],[-111.8590573323057,40.615708086622057],[-111.85905705184541,40.615705149635694],[-111.85905203814281,40.61565795753102],[-111.85904591328855,40.615610838517654],[-111.85903870785459,40.615563808584916],[-111.8590304266084,40.615516882014255],[-111.85902107198186,40.615470074881031],[-111.8590106487141,40.615423396105548],[-111.85899915690152,40.615376863557309],[-111.85898723507951,40.615332834136652],[-111.85898660131136,40.615330491517604],[-111.85897361949944,40.615286451040639],[-111.85897298436601,40.615284294274758],[-111.85895831316834,40.615238284315758],[-111.85894258780507,40.615192477722985],[-111.85892582005951,40.61514688518217],[-111.85890800768271,40.615101524569781],[-111.85888916011298,40.61505640657861],[-111.85886928211725,40.615011545489672],[-111.85884838081697,40.614966957363798],[-111.85882645861537,40.614922652915183],[-111.85880352731417,40.614878646403277],[-111.85877959168026,40.614834952108986],[-111.85875465881588,40.614791582519082],[-111.85872873584223,40.614748553694355],[-111.85870183217814,40.614705872753333],[-111.85867395495403,40.614663557543807],[-111.85864511360751,40.614621618758221],[-111.85861531524982,40.614580070670307],[-111.85858456931858,40.614538923972503],[-111.85855288762428,40.614498194711231],[-111.85852027724982,40.614457891799098],[-111.85848674764195,40.614418027715601],[-111.85845231294634,40.614378616712848],[-111.85841697791025,40.614339669497674],[-111.85838075901484,40.614301198528018],[-111.85834366335212,40.614263214503481],[-111.85830570271317,40.614225729896354],[-111.85826688888908,40.614188757178901],[-111.85822723598751,40.614152303455327],[-111.85818673712441,40.614116397337895],[-111.85818483367073,40.614114739439479],[-111.8581454554632,40.614081010040984],[-111.85810335372925,40.614046188139667],[-111.85806046007143,40.614011933334304],[-111.8580167909419,40.613978252721907],[-111.85797235344123,40.613945158789058],[-111.85792625626991,40.613912611364633],[-111.85788681538804,40.61388476312225],[-111.85787879635136,40.613879101303972],[-111.85787882667378,40.613865225069652],[-111.85787903814722,40.613771068590218],[-111.85787911417425,40.613736866749626],[-111.85787968602338,40.613710008013186],[-111.85788041539257,40.613675634413497],[-111.8578804443729,40.613661502639467],[-111.85788050589338,40.61363034412193],[-111.85788133464284,40.613216512615573],[-111.85760939324797,40.613217341497759],[-111.85689110948111,40.613220287289238],[-111.85667454419608,40.613217573517147],[-111.85666948104181,40.613113525856285],[-111.85666805179275,40.613084171384976],[-111.85666768014831,40.612811034913172],[-111.85666250179999,40.612450134982986],[-111.85666432002525,40.61215139640754],[-111.85666448010228,40.611739670026559],[-111.8566644968124,40.611698497203797],[-111.85666040743209,40.610903948262781],[-111.85666143000994,40.610424469790345],[-111.85666226220438,40.610034537283674],[-111.85666295823285,40.60970776357027],[-111.85666474272865,40.609661172474972],[-111.85666590442982,40.609603555606633],[-111.85996029422489,40.609598129705056],[-111.86004470719925,40.609598013736495],[-111.86062880494637,40.609596735062048],[-111.86071876006902,40.609595985058824],[-111.86258617535299,40.609580382426152],[-111.86263508258925,40.609580184857997],[-111.8632584610865,40.609577667342279],[-111.86494456464905,40.609570842451681],[-111.86495521419688,40.609353931835152],[-111.86495525307394,40.609267468775279],[-111.86495528518986,40.609199451304271],[-111.86509135228576,40.609199487369075],[-111.86531674265329,40.609199547277747],[-111.86531675740449,40.609167734786716],[-111.86531682429394,40.609018329377633],[-111.86531683572058,40.608996397302569],[-111.86531686710443,40.608909934251805],[-111.86531689232528,40.608837197283137],[-111.86531692380548,40.608721000074603],[-111.86538321154926,40.608721524608683],[-111.86558089294495,40.6087230855847],[-111.86567132135525,40.608723801021043],[-111.86584379752513,40.608725163097567],[-111.86584252556743,40.609465075402092],[-111.86638675006982,40.609462762959254],[-111.86638986892817,40.608729472904947],[-111.86651047610813,40.608730424074224],[-111.86653565555875,40.608730622425767],[-111.86683448628874,40.608732980442674],[-111.86685978064378,40.608733180152569],[-111.86713520544058,40.608734188101238],[-111.86742174478123,40.608735235662827],[-111.86743930058563,40.608735298643062],[-111.86745952013594,40.608735372937645],[-111.86771464566833,40.608736303694499],[-111.86771941975981,40.608736320902651],[-111.8677560117693,40.608736166932147],[-111.86775789683962,40.60899300521249],[-111.86775948874681,40.609209843831827],[-111.86776130470386,40.609456909092678],[-111.86773851566289,40.609552142633738],[-111.86747952758395,40.609556881703668],[-111.8674872528474,40.610678439778233],[-111.86748674523241,40.610998352648764],[-111.86749419493468,40.610998361488861],[-111.86749741212023,40.610998365711318],[-111.86778046323256,40.610998690672453],[-111.86778277763884,40.610998694142033],[-111.86808660913043,40.610999042595374],[-111.86808894464022,40.610999045992727],[-111.8684185464284,40.610999423556699],[-111.86841822096625,40.611178690683523],[-111.86841759709571,40.611521840411136],[-111.86841714912667,40.611767815315197],[-111.86841741620719,40.611985129615661],[-111.86841740054952,40.611995681979096],[-111.86841698866685,40.612257444983932],[-111.86841696044415,40.612275651163245],[-111.86841694642726,40.612284337878464],[-111.8686828246344,40.612285638470055],[-111.86900963715743,40.612287249046247],[-111.86931918596781,40.612288773649958],[-111.8696555214768,40.612290429303258],[-111.86972432782667,40.612290768335924],[-111.86972461441802,40.612080757619566],[-111.86972464037147,40.612061765158579],[-111.86972496310663,40.611826859421477],[-111.8697249787437,40.611815043637932],[-111.86972530364152,40.611577078502535],[-111.86972531860079,40.611565570086285],[-111.86972560359142,40.611357859199373],[-111.86981639513952,40.611356995948988],[-111.87040010055452,40.611352362165469],[-111.87080658344068,40.611350583627996],[-111.87080649864309,40.611488019571851],[-111.87080643548434,40.611587190110846],[-111.87080629804805,40.611811074786537],[-111.87092504605812,40.611810638799476],[-111.87118173233935,40.611809695053871],[-111.87143315677007,40.611808770973241],[-111.87180086499004,40.611807461959891],[-111.87181251656321,40.611807419687935],[-111.87181477005025,40.611807426845125],[-111.87182503268195,40.61180767489423],[-111.872018162922,40.611812338154529],[-111.87206529222632,40.61181347540964],[-111.87207189279118,40.612297131181755],[-111.87207153535526,40.612552980811572],[-111.87219034094642,40.612552546940044],[-111.87219194580918,40.612858485660851],[-111.87228361040059,40.612858252129747],[-111.87368318587784,40.612856256247646],[-111.8736831683338,40.612891124505317],[-111.87436830361528,40.61289131966781],[-111.8743682785377,40.612944392253951],[-111.87436816437442,40.613178496699518],[-111.87460652158622,40.613178574290558],[-111.874862250202,40.613178658462473],[-111.87511797881845,40.61317874207721],[-111.8753737074355,40.613178825134753],[-111.87550578913535,40.613178867257901],[-111.87562943838823,40.613178905840655],[-111.87585280433726,40.613178977054382],[-111.87588516700652,40.613178987783819],[-111.8760689126667,40.613179046079473],[-111.87614089562543,40.613179069169782],[-111.87639668019494,40.613176542566819],[-111.87658733974946,40.613178902782522],[-111.87661273022071,40.613179216242877],[-111.87698347164175,40.61317933055161],[-111.87712550531901,40.613179374626718],[-111.87712507727451,40.613188046590508],[-111.87711483961914,40.613394951280448],[-111.87711270176615,40.613579034789709],[-111.87711189465207,40.613648464623395],[-111.87710616157489,40.613846044463173],[-111.87710085293723,40.614043630070931],[-111.87709399881382,40.614241195609438],[-111.87708714230568,40.614438761139048],[-111.87708095357611,40.614617160587727],[-111.87708028809284,40.614636324857642],[-111.87707333293434,40.614844896878225],[-111.8770630826574,40.614933020565275],[-111.88149956174732,40.615007893854539],[-111.88149883003835,40.614904396052026],[-111.88149893758873,40.614629912372493],[-111.88149903085821,40.614382205307749],[-111.88149911315053,40.614173596309328],[-111.88149919310744,40.613964989087613],[-111.88149927306385,40.613756381848006],[-111.88149938227627,40.613478005918104],[-111.8814994865435,40.613204612166413],[-111.88164407910482,40.613205157116141],[-111.8816415785796,40.612577626733689],[-111.88164043509938,40.612290887939167],[-111.8815799788136,40.612290952267529],[-111.88127078694876,40.612291279807792],[-111.88097724027166,40.612291589703474],[-111.88090712767263,40.612291663585104],[-111.8808025238984,40.612291774282468],[-111.8806836959368,40.612291898857379],[-111.8805504022755,40.612292039836788],[-111.88039014926434,40.612292209071718],[-111.88029827596085,40.612292304864702],[-111.88009660257933,40.612292516764846],[-111.88004617543793,40.612292569267495],[-111.87979406304902,40.612294491516288],[-111.87954195298079,40.612296411428993],[-111.87950950071254,40.612296659328976],[-111.87938459932067,40.61229760995726],[-111.87928980699935,40.612298200464153],[-111.87921594936971,40.612298660710906],[-111.87903768976854,40.612298836240626],[-111.87892240603053,40.612298307835211],[-111.87862886421003,40.612296960640641],[-111.87853571939303,40.612296531986615],[-111.87833532474606,40.612295612704337],[-111.87828360160384,40.612295375556982],[-111.87803146290767,40.612294252606418],[-111.8777793406957,40.612293563305528],[-111.87774823959293,40.612293477558865],[-111.8775272136993,40.612292432086051],[-111.87745469857813,40.612291841502945],[-111.87727510504654,40.612290376379747],[-111.87716120028249,40.612289446881768],[-111.87705796067343,40.612288602740655],[-111.87703707825061,40.612288432153051],[-111.87704206686203,40.612208486567233],[-111.87704418630896,40.612174508622488],[-111.87705462856989,40.612007130143596],[-111.87706223845576,40.611869905894906],[-111.87707196138726,40.611694589999409],[-111.87708154582182,40.611521799586754],[-111.87709219621853,40.611329770310604],[-111.87731593295601,40.61133013953458],[-111.87744991846007,40.611330359187455],[-111.87754457054338,40.611330515798251],[-111.87769320233532,40.611330761325881],[-111.87777320814322,40.611330893403569],[-111.87779211745062,40.611330923675446],[-111.87800184573571,40.611331268776453],[-111.87827395318298,40.611331716262633],[-111.8786149602751,40.61133003948953],[-111.87861614675498,40.611330033875014],[-111.87861593262376,40.61124799986478],[-111.87861572200681,40.611166598443695],[-111.87861524164198,40.610981751167046],[-111.87861511549319,40.610933287726262],[-111.87861472487583,40.610782750833735],[-111.87861450897377,40.610699975199481],[-111.87861425559649,40.61060285352454],[-111.87861390246844,40.610466664437318],[-111.87861378867443,40.610422957981484],[-111.87861329596727,40.610233353652845],[-111.87861285460698,40.610063547490654],[-111.87861268585981,40.609998970648192],[-111.8786123970971,40.609887878169872],[-111.87861178720661,40.60965311092292],[-111.87861173910875,40.609633897082055],[-111.87877631450183,40.609634166633164],[-111.87877726814726,40.609453010160813],[-111.87877788364564,40.609234631216857],[-111.87877833547608,40.609073726804638],[-111.878778497401,40.609016361266995],[-111.8787791134972,40.608798091289962],[-111.87877972958948,40.608579821293475],[-111.87878095707272,40.608143281256979],[-111.8787815731631,40.607925012988908],[-111.87878218923959,40.607706742914246],[-111.87878280531216,40.607488472820179],[-111.87878342138076,40.607270202706545],[-111.87878349932929,40.607242877166385],[-111.87878403744543,40.607051932573384],[-111.87878410928874,40.607026040238864],[-111.87878465116144,40.606833662428329],[-111.87878473973228,40.606802341076516],[-111.87878526721823,40.606615392256188],[-111.87878535596724,40.606584103067355],[-111.87878588328098,40.606397123851494],[-111.87878595428623,40.606371924875894],[-111.87878597836638,40.606363177343056],[-111.87878603749465,40.60634259248706],[-111.87878649932988,40.606178853640394],[-111.87878658228099,40.606149053051141],[-111.87878712532267,40.605956466086546],[-111.87914367140228,40.605955950916965],[-111.87964211045403,40.605955227704634],[-111.87982218419414,40.605954964915568],[-111.88006928999147,40.605954606298098],[-111.88008282341316,40.605852384303944],[-111.88008315191325,40.605849904644835],[-111.88009321364603,40.605773905882849],[-111.88034322285831,40.605773787465502],[-111.8807136291925,40.605773160056522],[-111.88071353342764,40.605495713141273],[-111.88071348191284,40.60535298050582],[-111.8807133706056,40.605029087168596],[-111.88071334638541,40.604957996034365],[-111.88071325900631,40.604709339675416],[-111.88071320918488,40.604563971134212],[-111.88071305628009,40.604128088847652],[-111.88073309570018,40.604128056001372],[-111.88098158735937,40.604127655204593],[-111.88119406574127,40.604127313682667],[-111.88140654411106,40.604126969989075],[-111.88162262381407,40.604126621347703],[-111.88173066366474,40.604126446877814],[-111.88172985041017,40.603876949310617],[-111.88183837593702,40.603876487237166],[-111.88250655531998,40.60387363574965],[-111.8826205155531,40.603873149877522],[-111.8827946562274,40.603872405061622],[-111.88308275946899,40.60387117365876],[-111.8833708603556,40.603869941556162],[-111.88336948194947,40.603442213700205],[-111.88336909188264,40.603321567826995],[-111.88336903841392,40.603304971937369],[-111.88336766814398,40.602879520621393],[-111.88317192585937,40.602880075925931],[-111.88309037283113,40.602880308228436],[-111.88297493627077,40.602880634974476],[-111.88281307750188,40.602881093393229],[-111.88278252090679,40.602881180559038],[-111.88257959021105,40.602881756535737],[-111.88253578217623,40.602881879689768],[-111.88221422396549,40.60288278984661],[-111.88218298275008,40.602882877299109],[-111.88192709086195,40.602883601385017],[-111.88172660551807,40.602884167928103],[-111.88172579726674,40.602636814643844],[-111.88172396784847,40.602499357544922],[-111.88172496806088,40.602382786877207],[-111.8817254845119,40.60229329472952],[-111.88172574352733,40.602248689826588],[-111.88174077194653,40.602248639153039],[-111.88193812794201,40.602247686045786],[-111.88202626733151,40.60224725261105],[-111.88213556120128,40.602246714484806],[-111.88233299445497,40.602245742591691],[-111.88253043003746,40.602244768571722],[-111.88271048815001,40.60224388305982],[-111.8829108918746,40.602242895145729],[-111.8831053546088,40.60224193521983],[-111.8832221579255,40.602241360843607],[-111.88330279017933,40.602240961687421],[-111.88350022339962,40.602239987830522],[-111.88369765661433,40.602239013641409],[-111.88389508982338,40.602238039120145],[-111.8840925253713,40.602237064259064],[-111.88428995856906,40.602236089073457],[-111.88448739176113,40.602235113555672],[-111.88453713749152,40.602234868354799],[-111.88468482494758,40.602234137705778],[-111.88488226047289,40.602233161515947],[-111.88507969364804,40.602232185001682],[-111.88527712916203,40.602231208147572],[-111.88547456232587,40.602230230968949],[-111.88567199548406,40.602229253458141],[-111.88586942863652,40.602228275615218],[-111.88624570299395,40.602226410507022],[-111.88636467491494,40.602225820503946],[-111.88629648496772,40.601934862237897],[-111.88618753026557,40.601469960619553],[-111.88616217932892,40.601275531986843],[-111.88607748651273,40.600901499056882],[-111.8860608653533,40.600619818822409],[-111.88621079522977,40.600618238962561],[-111.88631140412056,40.60061717869246],[-111.88631506847982,40.600617157694089],[-111.88745992651509,40.600615584776222],[-111.88751054184753,40.600615510567806],[-111.88760856982124,40.600615347645906],[-111.88986728792054,40.600611589321801],[-111.89011846403312,40.600611776739143],[-111.89024641420627,40.600611873112939],[-111.89058413043387,40.600611124804161],[-111.89060991040527,40.600611067586506],[-111.89060961532306,40.600731839196428],[-111.89060905762534,40.600960226224331],[-111.89098840742137,40.600958669820642],[-111.89123830498768,40.600969935076321],[-111.89131283789368,40.600606459725483],[-111.89155679755295,40.599601622555866],[-111.89157954887948,40.599537211969498],[-111.89138544315256,40.599537750527681],[-111.89100098640003,40.599539035760962],[-111.89100073693419,40.599439533282307],[-111.8910006749324,40.599430766346678],[-111.89099821712362,40.599080698195131],[-111.89099284115494,40.599018949383002],[-111.89098792207062,40.598962463622001],[-111.89098576879006,40.598937749094624],[-111.89098564977911,40.598915361643456],[-111.890985637661,40.598912430962997],[-111.8909849494393,40.598764624848648],[-111.89098332361868,40.598572289183323],[-111.89098301293019,40.598535691943361],[-111.89098290249287,40.598491088162746],[-111.89064372221097,40.59848571660644],[-111.88803070722676,40.598454866336127],[-111.88802339204534,40.598454774369053],[-111.88793707602149,40.598454648745317],[-111.88714802663381,40.598453510867841],[-111.88712962495977,40.598453484014271],[-111.88704560111901,40.598467278244499],[-111.88693580062834,40.598466707531678],[-111.88658822216755,40.598464899191093],[-111.88648352802662,40.598464354120708],[-111.88645476321904,40.598464204034705],[-111.88619720696718,40.598462862872445],[-111.88614991818127,40.598462616417592],[-111.88613727657976,40.598462550795944],[-111.88607716663194,40.598464478421647],[-111.88595106719018,40.598465491892433],[-111.88595141485666,40.598468512607838],[-111.88595201391257,40.598473698370434],[-111.88595928923721,40.598536738544695],[-111.88600637534013,40.598944659662195],[-111.88589790179101,40.598945046817008],[-111.88490017707146,40.598940777080621],[-111.88452204202653,40.598939157549154],[-111.88426042702527,40.598938036299124],[-111.88403237610122,40.598937058383115],[-111.88380432282918,40.598936078244634],[-111.88357627191822,40.598935099442265],[-111.88334822101376,40.598934120196716],[-111.88312016777148,40.598933140515555],[-111.88289211688014,40.598932160383598],[-111.88255403324879,40.598930704036974],[-111.88246422429572,40.598930317719237],[-111.88225215363396,40.598929405775266],[-111.88224794522957,40.598929387317753],[-111.88207396822298,40.598928636879869],[-111.88206539433854,40.598928600463296],[-111.88202875194189,40.598928444561004],[-111.88193046757584,40.598928021094302],[-111.88188751608008,40.598927835645775],[-111.88179514926821,40.598927437483034],[-111.88171565667123,40.598926763268921],[-111.88171599795928,40.598658174211252],[-111.88115332980546,40.598663509344782],[-111.88069013123682,40.59866789902317],[-111.88059727724722,40.59866877922142],[-111.88049976900207,40.598669145479029],[-111.8793166913962,40.598673585139657],[-111.87880029082714,40.598672617417726],[-111.87811363168484,40.598671209728074],[-111.87785146390831,40.598672077441051],[-111.87748410266657,40.598673291947577],[-111.87736317619324,40.598673743439662],[-111.87695734890221,40.598675258695025],[-111.87663815290009,40.59867579043155],[-111.87660077943873,40.598676952217822],[-111.87615886259077,40.598678205255815],[-111.87589820546474,40.598677526921698],[-111.87553496555587,40.59867658126921],[-111.87532557522375,40.598676036016222],[-111.87515667174051,40.598675595057529],[-111.8742797649023,40.598680480767385],[-111.87388504263073,40.598682745201458],[-111.87344023746893,40.598685296369766],[-111.87255496367239,40.598684706080327],[-111.87236970706515,40.598684581081919],[-111.87217499311977,40.598684485786841],[-111.87217433830928,40.597385203524063],[-111.87217385749349,40.597297122614791],[-111.87217132083767,40.596832427413659],[-111.87215450831768,40.595005182868164],[-111.87215332091642,40.594876118668921],[-111.87214003652829,40.592442229892406],[-111.87213562720868,40.591634340904605],[-111.87212831350223,40.59029425850882],[-111.87211735187323,40.588285671267194],[-111.87211849650969,40.588095947485485],[-111.87213260866842,40.585758631114629],[-111.87215521372693,40.583353358628933],[-111.87217838756455,40.580887249501338],[-111.8721780739567,40.580642966195384],[-111.8721752288176,40.578428217724024],[-111.87217006418935,40.57612295036548],[-111.87216476761932,40.573756930830037],[-111.87216368248123,40.573272887256351],[-111.8720111369685,40.57327333183477],[-111.87197060080658,40.573273449664882],[-111.87186314958804,40.573273754616451],[-111.87132987067211,40.573275304622349],[-111.87130066451168,40.57327520586221],[-111.87052182891428,40.573272570186134],[-111.87051968683694,40.573272560869079],[-111.87051800879874,40.573272553660289],[-111.87051361686086,40.573272538940536],[-111.87044979479508,40.573272197257758],[-111.87023373133547,40.573271335418468],[-111.86996378302398,40.573270214257469],[-111.86971183507627,40.573269407446467],[-111.86945984824402,40.573268342882784],[-111.86920786528908,40.573267992582174],[-111.86895587986199,40.573267184265482],[-111.86868589548243,40.573266317611164],[-111.8685958210106,40.573266028838667],[-111.86850594339639,40.573265739378563],[-111.86819636098195,40.573264681472402],[-111.86792277649121,40.573263738584188],[-111.86764919216219,40.573262823650083],[-111.86743016715715,40.573262080299763],[-111.86742810477037,40.573262072463699],[-111.86742604238354,40.573262064627578],[-111.86742741420028,40.573467984672668],[-111.86742885980749,40.573687600352429],[-111.86743034276694,40.57390718730332],[-111.86743182573588,40.574126774234941],[-111.86743314466443,40.574346361661156],[-111.86743460437019,40.57456597721977],[-111.86743574989083,40.574785565150691],[-111.86743757037377,40.575005150948115],[-111.86743831973675,40.575116402568199],[-111.86743869700842,40.575224710307083],[-111.86743885215172,40.575273517456182],[-111.86743944792585,40.575458052474595],[-111.86743998916603,40.575565473313382],[-111.86744007943516,40.575582228314993],[-111.86744003538327,40.575622772809616],[-111.86744010117714,40.575829869049599],[-111.86744007107765,40.575879963435597],[-111.86744063490129,40.575998535311463],[-111.86744079796874,40.576035762405432],[-111.86744098493666,40.576091345892273],[-111.86744078837215,40.576235825060955],[-111.86744106413576,40.576300929610078],[-111.86744106883415,40.576301801670461],[-111.8674410735325,40.5763026737309],[-111.86744179122928,40.576435884529126],[-111.86744209989529,40.57651405579945],[-111.86744241926237,40.576635973747948],[-111.86744263863055,40.57672541078496],[-111.86744293464957,40.576836034711008],[-111.86744321486775,40.57693676563516],[-111.86744348769248,40.577036124132739],[-111.86744376532816,40.57714812054823],[-111.86744400308585,40.577236185063782],[-111.86744432516666,40.577359475414042],[-111.86744451848223,40.577436245978774],[-111.86744486860292,40.577570830313398],[-111.86744540735509,40.577782185209557],[-111.86744598360978,40.577993539970329],[-111.86744599045446,40.577996985358155],[-111.86744599964277,40.578000430738598],[-111.86744699730095,40.578244322545601],[-111.86744638677426,40.578381568957852],[-111.86744703876889,40.578398179218091],[-111.86744768504832,40.578664288537318],[-111.86744820543566,40.578844391688961],[-111.86744830799583,40.578884306634293],[-111.86744836647175,40.578902119639373],[-111.86744664141115,40.578902110746498],[-111.86744491635052,40.578902101853551],[-111.86737741576103,40.578902084524096],[-111.8669370491378,40.578901918795353],[-111.8667460222614,40.578901829940108],[-111.86632624325333,40.578901654738324],[-111.86623759240433,40.578901617020158],[-111.86620828383647,40.578902098091575],[-111.86620271522598,40.578946215979705],[-111.86508297691083,40.578946989813154],[-111.86508310976954,40.57897881295635],[-111.86508353299203,40.579106906454491],[-111.86508369937012,40.579123975714054],[-111.86508435080727,40.579245663754257],[-111.86508452407749,40.579299045580683],[-111.86508523598962,40.579365919644594],[-111.86508588032386,40.579485842102855],[-111.86508592843356,40.579491326368839],[-111.86502883494775,40.579491545139845],[-111.86502943548793,40.579607244960805],[-111.86502984472082,40.579683700261583],[-111.86503007474256,40.57972667420114],[-111.8650307300689,40.579849105607067],[-111.86503087316359,40.579875839227107],[-111.86503145733718,40.579970964931462],[-111.86503197707185,40.580068063720759],[-111.86503211894313,40.580094568601666],[-111.86503277963321,40.580218000713074],[-111.86503300644468,40.580260374209274],[-111.86504350544536,40.580260134243339],[-111.86504725514034,40.58026005824189],[-111.8650510049693,40.580260007258396],[-111.86506724185529,40.580259810194242],[-111.86506725770469,40.580274592508054],[-111.86506764776519,40.580349646811754],[-111.86506717508639,40.580421158318529],[-111.86506716330193,40.580476313435369],[-111.86506894069498,40.580532501251078],[-111.86589822257588,40.58053813978978],[-111.86589833680658,40.580563361660019],[-111.86589844085164,40.580579258807887],[-111.86589843672543,40.580579800292661],[-111.86589846447546,40.580582788130314],[-111.86589868703969,40.580605048543568],[-111.86589924908192,40.580660001720723],[-111.86589920612045,40.58071489959854],[-111.86589914165177,40.581025272177484],[-111.86589913532671,40.581044187969894],[-111.86561047279025,40.581041163623446],[-111.86539853747064,40.58103886996728],[-111.86538477359683,40.581038712689299],[-111.86506738060888,40.581035304710085],[-111.86506336775331,40.581035267160651],[-111.86505935493601,40.581035236759149],[-111.8647937914382,40.581032288631476],[-111.86475977544278,40.581031879735761],[-111.86473127329145,40.581031682428041],[-111.86469658243487,40.581031304204764],[-111.86463001361869,40.581030601530685],[-111.86462738837987,40.58103057573669],[-111.86462738491439,40.581029489229856],[-111.8646273800199,40.581020244909958],[-111.86462737203992,40.580978422940511],[-111.8646236772949,40.580978262868904],[-111.8646199825499,40.580978102797197],[-111.86452119935737,40.580977266080943],[-111.86448062044735,40.58097682031174],[-111.86444409299827,40.580976619275383],[-111.86430934197156,40.580975036335893],[-111.86424761078729,40.580974313060729],[-111.86399168648489,40.580971561929239],[-111.86397402224092,40.580971359402454],[-111.86367399373941,40.580968126092884],[-111.86366805412369,40.580968064089156],[-111.86366769556264,40.580987411647449],[-111.86335630821256,40.58098583357809],[-111.86317632014196,40.58098626761678],[-111.86317631455843,40.581005024358575],[-111.86288833394565,40.581001914361153],[-111.8627263442807,40.581000165460587],[-111.862726284047,40.581219747617929],[-111.86272647619613,40.581418036451943],[-111.86272681465398,40.581439365456902],[-111.86273089357076,40.581536424591647],[-111.86273118503721,40.581548918639619],[-111.86273029025124,40.581548144045989],[-111.86272560622936,40.581543991162974],[-111.86188888628223,40.580804996726222],[-111.86176600923382,40.580696436242256],[-111.86167709904295,40.580617882460764],[-111.86159337734495,40.580552413376132],[-111.86159089665817,40.580550471366415],[-111.86157747418939,40.580539976375377],[-111.8615734755282,40.580536863174508],[-111.86157252450835,40.580536086958119],[-111.86157743541298,40.580535757303629],[-111.8615818229775,40.58053574378026],[-111.86433239294043,40.580539700025454],[-111.8643206809989,40.578742236746542],[-111.86430821366012,40.578742073529952],[-111.86428668937074,40.578742226150467],[-111.86405072580327,40.578739899258387],[-111.86379871549126,40.578738193508933],[-111.86354673949067,40.578735886667353],[-111.8632947624409,40.578733379139649],[-111.86320404089253,40.578732200051604],[-111.86319928051657,40.578732162966205],[-111.86319792802701,40.578732136774029],[-111.86319417986309,40.57873204473043],[-111.86319490738907,40.578051840662212],[-111.86319503428899,40.577934839340891],[-111.86319536075891,40.577609740413706],[-111.86319536464579,40.577606509437132],[-111.86319536853266,40.577603278460508],[-111.86319796626157,40.577548433371398],[-111.8627089761447,40.577380342133104],[-111.86269858553726,40.577375761914958],[-111.86268884025921,40.57737133338599],[-111.86266897390767,40.577361884190736],[-111.86265231716173,40.577353515162926],[-111.86263568868324,40.57734473145247],[-111.86261944569902,40.577335717807131],[-111.86261160542098,40.57733120475325],[-111.86259882937324,40.577323622527821],[-111.86258770721746,40.577316776809816],[-111.86257868865597,40.577311053996816],[-111.86256835682565,40.577304300547119],[-111.86255670183016,40.577296418203858],[-111.86254655800828,40.577289319272786],[-111.86253699647378,40.577282416902477],[-111.86252625248071,40.577274401286886],[-111.86251919018633,40.577268979794134],[-111.86251261442004,40.577263817704946],[-111.86250405840363,40.577256926520889],[-111.86248773183836,40.577243204269948],[-111.86248000614199,40.577236433823906],[-111.86247005613082,40.577227432878658],[-111.86246258951218,40.577220459695617],[-111.86245469539517,40.577212867730708],[-111.86244459210786,40.577202807543223],[-111.86243764245782,40.577195646909246],[-111.86242931508457,40.577186792845261],[-111.86242024801044,40.577176786639285],[-111.86240859385579,40.577163321571206],[-111.86239578418314,40.57714763699618],[-111.86238424836384,40.57713262219783],[-111.8623772412936,40.577123033152631],[-111.86236840389581,40.577110376055295],[-111.86236098766969,40.577099208531124],[-111.86235119715518,40.577083607550605],[-111.86234371427298,40.577070921248669],[-111.86233782252114,40.577060394134776],[-111.86233144481199,40.577048390640989],[-111.86232488071873,40.577035272610608],[-111.86232100066879,40.577027101746737],[-111.86231745074528,40.577019308715194],[-111.86231351221691,40.577010276679211],[-111.86230949045458,40.577000576547803],[-111.86193310176141,40.576339969511096],[-111.86191929938583,40.57613010294537],[-111.86191686627296,40.575748447170653],[-111.86191409680762,40.575314001443566],[-111.86164592990401,40.575313079000288],[-111.8618922599571,40.574345630847297],[-111.86190321412359,40.574307231086337],[-111.86190588098425,40.574297924888363],[-111.86190757505247,40.574292115355156],[-111.86190748617581,40.574289499402546],[-111.86190739729918,40.574286883449915],[-111.86190732484748,40.574268813123062],[-111.8619009606077,40.573328248992624],[-111.86190095628379,40.573327434115328],[-111.8619009589905,40.573326619216346],[-111.86197529004239,40.573247113152242],[-111.86199841642413,40.573247115052567],[-111.86199733724827,40.573164773322482],[-111.86125664705867,40.573158507629728],[-111.86125518757343,40.572959507238018],[-111.86125375426553,40.572761907790209],[-111.86125230440992,40.572564279785155],[-111.86125090707444,40.572372141394276],[-111.86124947693787,40.572180003089677],[-111.86124839630435,40.572025532747212],[-111.86124824643542,40.572011395921479],[-111.8612482312158,40.572008522405227],[-111.86124821599618,40.572005648888947],[-111.86169679323316,40.572006954225053],[-111.86191067630139,40.572007552577823],[-111.86192859993014,40.572007611645127],[-111.86192626162844,40.571692384664843],[-111.86192574621397,40.571623077615925],[-111.8619243564238,40.571433598250728],[-111.8619243483149,40.571432511754097],[-111.86192434254947,40.571431425250246],[-111.86157813461138,40.571430311008228],[-111.86147212641987,40.571429958666634],[-111.86137021475969,40.571429620414236],[-111.86136651900092,40.571429612142772],[-111.86098148797961,40.571428840907181],[-111.86094522797178,40.571428609380689],[-111.86077979263524,40.571428174786433],[-111.86045578031001,40.571426651209308],[-111.8603639858042,40.571426352473416],[-111.8602615468927,40.571426018451731],[-111.86025895727167,40.571426010322043],[-111.85980615296481,40.57142453197411],[-111.85975426911388,40.571424362300981],[-111.8593267142479,40.571422967278764],[-111.85923237229488,40.571422655803723],[-111.85913484310854,40.571422332566982],[-111.85883561871196,40.571421357655446],[-111.85857284353918,40.571420499302619],[-111.85856894621448,40.571420486198065],[-111.85856504656513,40.571420476674547],[-111.8583100635734,40.571419618931252],[-111.85793669932511,40.571418523283022],[-111.85792704031169,40.569577931083842],[-111.85672921958026,40.56958127819302],[-111.85661171657878,40.569450791777122],[-111.85656251942517,40.56939406154541],[-111.85630440425687,40.569519340280443],[-111.85616990341614,40.56940331934593],[-111.85610361360381,40.569346135090967],[-111.85598440284258,40.569243295210057],[-111.85604347680086,40.56920346856112],[-111.85601556739502,40.569179392451709],[-111.85583138830721,40.569020489888786],[-111.8558063820755,40.568941964428134],[-111.85576730985125,40.568819248723102],[-111.85565477656257,40.568643085491146],[-111.85565389994855,40.568641703190366],[-111.85565303035538,40.568640319081261],[-111.85557714219773,40.56851103674564],[-111.8556426073889,40.568475027693154],[-111.8556425664661,40.568474370185136],[-111.85564252554327,40.56847371267709],[-111.85540824434378,40.568226095198689],[-111.85539412633443,40.56822942971263],[-111.85538191585499,40.5682323152583],[-111.85538139391835,40.568232438358748],[-111.85537802587004,40.56823322592777],[-111.85535888740618,40.568237739014471],[-111.85535858261454,40.568236810675018],[-111.85535827314546,40.568235884136833],[-111.85528325948789,40.568014258801803],[-111.85528331248206,40.567873268004526],[-111.85528333228916,40.567798338966369],[-111.85528334983378,40.567786860727871],[-111.85528835544645,40.567786888454265],[-111.85529336105911,40.567786916180424],[-111.85568394342877,40.567788041239517],[-111.85589991297466,40.567788667417503],[-111.85632105360848,40.567789888839698],[-111.85654849652941,40.567790543300831],[-111.85683199404492,40.567791357401632],[-111.85711162962838,40.567792162918252],[-111.85739310247745,40.567792976466201],[-111.85768218673984,40.567793807229485],[-111.85790003104674,40.567794432942655],[-111.85790466164109,40.567794445618333],[-111.85790929224488,40.56779446008084],[-111.85790821225046,40.567624365328548],[-111.8579077788873,40.567549367961888],[-111.85790732308411,40.567483491737633],[-111.8579051869612,40.56714070016934],[-111.85790294674221,40.566778065522165],[-111.85790260874097,40.566726599651155],[-111.85790202610575,40.566638335688985],[-111.85790103602932,40.566249563400369],[-111.85789860146416,40.565986540938063],[-111.85725625346147,40.565984083510344],[-111.85725440058511,40.565983320724555],[-111.85725254073509,40.565982568682251],[-111.85687366706637,40.565981549066628],[-111.85675200238667,40.565981216890478],[-111.85665571624918,40.56598095395502],[-111.85632326032636,40.565980163106147],[-111.8560075622788,40.565979070263396],[-111.85600306305996,40.56597906247557],[-111.85599856387843,40.565979061835641],[-111.85574713162634,40.565978452286011],[-111.85549517403584,40.565977758011513],[-111.85524321615266,40.565977006011153],[-111.85499125842382,40.565976282061854],[-111.85473930070034,40.565975557571278],[-111.85448734298224,40.565974832539425],[-111.85423542276199,40.565974106853098],[-111.85394420930788,40.565973299061419],[-111.85385268249676,40.565973037332711],[-111.85376427703444,40.565972783988293],[-111.85334341032643,40.565971593695515],[-111.85330696652335,40.565971503333451],[-111.85322579572727,40.565971862190693],[-111.85322578047679,40.565968917185842],[-111.85322577114883,40.565967115872148],[-111.85322372950462,40.565543892447295],[-111.85322524531017,40.565460568661706],[-111.8532293324986,40.565235760281197],[-111.85322344305236,40.563750899676847],[-111.85322308475551,40.563355891861114],[-111.85322235815389,40.562715988086623],[-111.85323735475751,40.562716000104885],[-111.85325576302111,40.562716001845118],[-111.85339894263603,40.562716027976876],[-111.8535356422756,40.562717217178033],[-111.85383659891619,40.56271982648525],[-111.85407632973744,40.562721962246691],[-111.85408319129054,40.562722084494908],[-111.85423601762945,40.562767628753377],[-111.85447062992719,40.562838087282273],[-111.85473561505285,40.562916573822356],[-111.8549188952867,40.562971231942903],[-111.85492002284045,40.56297177179318],[-111.85492547583277,40.562974986273161],[-111.85505093958136,40.563050320152001],[-111.85535407422115,40.563233224928162],[-111.85562599415245,40.563397295160776],[-111.85574865581009,40.563423886129037],[-111.85604558858837,40.563488176562323],[-111.85632900955267,40.563549533649741],[-111.85660766425636,40.563609875205429],[-111.85647376948522,40.563909019360096],[-111.85652772565214,40.563924352623765],[-111.85655994336459,40.563933833253252],[-111.85659212419246,40.563943428357042],[-111.85662385946702,40.563953853996637],[-111.85679177698348,40.564009413676267],[-111.85716749995906,40.564133992404635],[-111.85742604538173,40.564219783613026],[-111.85742841154676,40.56422057699902],[-111.85742934014688,40.564218915789475],[-111.8575954045037,40.563927878609647],[-111.85759640732914,40.563926074208439],[-111.8576241353791,40.563930164204244],[-111.85774720503456,40.563948431346155],[-111.857849750734,40.563963672965279],[-111.85802482508856,40.563989672729683],[-111.85824552539906,40.564022423729256],[-111.8583986499556,40.564045144628125],[-111.85840172681172,40.564045621302498],[-111.85840315253996,40.564045817094957],[-111.85851576802901,40.564243506314448],[-111.85863137352528,40.564446418742897],[-111.85873305370258,40.564624841058595],[-111.85887428927455,40.564682166332496],[-111.8589244862445,40.564702513725869],[-111.85900147272686,40.564733758714404],[-111.85925843287379,40.564838021644036],[-111.85927080099843,40.564844302755134],[-111.8594982400182,40.564959892533182],[-111.85972537911836,40.565075339823402],[-111.85993503808008,40.565181919380692],[-111.86014251711259,40.56528736154479],[-111.860144697546,40.565288469966383],[-111.860354357818,40.565395048765097],[-111.86056401844287,40.565501569999959],[-111.86077183775843,40.565607181553744],[-111.86077375425359,40.565608004848009],[-111.86100652241173,40.565688177477746],[-111.86118486465837,40.565749646055423],[-111.8612270464771,40.565764212815793],[-111.86127944533843,40.565782350774647],[-111.86128079718644,40.565782746908845],[-111.86157017092356,40.56588221569487],[-111.86177247778919,40.565951787019799],[-111.86194357124025,40.566010617675943],[-111.86198977190224,40.566033520838545],[-111.86212867522968,40.566102458027956],[-111.86215476417634,40.566115387169042],[-111.86224464758217,40.566160028783059],[-111.86236584619451,40.566220328178588],[-111.86266658284769,40.566368967241552],[-111.86266756191606,40.566369764810709],[-111.86267088134609,40.566373528787409],[-111.86272377720222,40.566435611593988],[-111.86286696511183,40.566604866549575],[-111.86295178390476,40.56670510755427],[-111.86298310069785,40.566742152595673],[-111.86302271802441,40.566788950650789],[-111.86303264305131,40.566801014655624],[-111.86303358874591,40.566802584328599],[-111.86312999809851,40.567016359637414],[-111.86321548043682,40.567205836280607],[-111.86327751553173,40.567343403902683],[-111.8633053650161,40.567405163702198],[-111.86334778395931,40.567499159543615],[-111.86348812235788,40.567555138147824],[-111.86371153538492,40.567643940778545],[-111.86393494929881,40.567732800165054],[-111.86415832645389,40.567821687831454],[-111.86438192731991,40.567910231263546],[-111.86460541735529,40.567998974761572],[-111.86482887047859,40.568087717947314],[-111.86505239917076,40.568176460470731],[-111.86527581611632,40.568265231507596],[-111.86549930847791,40.568353973289845],[-111.86572280111439,40.568442657458625],[-111.86594625745175,40.568531455684351],[-111.86594948515237,40.568532046060923],[-111.86596491065764,40.56853488579609],[-111.86619806220851,40.568578705544581],[-111.86644986762131,40.568626012047815],[-111.86670167322973,40.568673289417355],[-111.86695329263988,40.568720738385316],[-111.86734205586521,40.568793776744343],[-111.86739182307501,40.568802913500505],[-111.8680699666115,40.568930569711782],[-111.86812251074716,40.568940097741731],[-111.86812360733683,40.568941809862771],[-111.86816023580514,40.568996650089119],[-111.8682162563107,40.569080593991714],[-111.86821795744345,40.569083161995252],[-111.86833041795875,40.569168958725854],[-111.86834973251383,40.569183709094546],[-111.86850040814697,40.569298635981802],[-111.86852352753688,40.569302795065475],[-111.86861810743642,40.569319910823452],[-111.86882527473522,40.569355944013566],[-111.86898624425069,40.569384287777233],[-111.86907106407286,40.569399260827851],[-111.86931692855673,40.569442548297992],[-111.86948968320127,40.569472970123172],[-111.86973724823707,40.569470188503388],[-111.86998931243171,40.569467363576109],[-111.87019481051671,40.569465056792119],[-111.87027002112298,40.569464218943672],[-111.87033327301648,40.569463790510625],[-111.87046434646483,40.56946206132794],[-111.87046701307428,40.569462882094051],[-111.87046983012745,40.569463788163077],[-111.87058419754732,40.569499653838506],[-111.87085012086709,40.569583876663891],[-111.87109951768022,40.569662718560153],[-111.87138880377024,40.569754185976713],[-111.87173792371901,40.56986456299007],[-111.87193139567242,40.569925738496416],[-111.87193046138263,40.569802535486701],[-111.87170011185923,40.569586304218561],[-111.87169569739785,40.569132301683339],[-111.8713178425395,40.56912371263369],[-111.87126339728138,40.569116336505232],[-111.87120397198376,40.569103314755019],[-111.8711321943005,40.569094134891436],[-111.87103822702626,40.569100093540541],[-111.87095174146204,40.569109774098102],[-111.87086270287122,40.569111942780445],[-111.87078605435646,40.569110297989837],[-111.87060296303125,40.569095808280366],[-111.87038276257979,40.56908329400035],[-111.87013749193511,40.568997317964595],[-111.870038473096,40.568984420563076],[-111.86982082614462,40.568979445649497],[-111.86967968163373,40.568979890593866],[-111.86960812164017,40.568980116114901],[-111.86936381165283,40.568995124899061],[-111.86920746563116,40.568975716617111],[-111.86906835289267,40.568939784499307],[-111.8688482900546,40.568869366662554],[-111.86867721599901,40.568788815580682],[-111.86861770989326,40.568760695821588],[-111.86856332929213,40.568737420687931],[-111.86850592840757,40.56871941429069],[-111.86841027910673,40.568689408272384],[-111.86838729353876,40.568682217917917],[-111.86833259045483,40.568674707211272],[-111.86829322469816,40.568669303496876],[-111.86821400042005,40.568648822515385],[-111.86813711144836,40.568609462958321],[-111.86807012081688,40.568570043696276],[-111.86796100824301,40.568513829658627],[-111.86781484796674,40.568470912946005],[-111.86766386756909,40.568444966641827],[-111.86750543632594,40.568420959201283],[-111.86738866241073,40.568385793217587],[-111.86725820906487,40.568346506136614],[-111.86710898180225,40.568276978326871],[-111.86707672774567,40.568254433842078],[-111.86703707353013,40.568243263815155],[-111.86696527685378,40.568230278630971],[-111.8668960430408,40.568226720983134],[-111.86680929754768,40.568194939862458],[-111.86670638537535,40.568140992680824],[-111.86663760919751,40.568117050415076],[-111.86657629903989,40.56809570815701],[-111.86657379134115,40.568094786731109],[-111.86647963525107,40.568060183550926],[-111.86639061510857,40.568058574546541],[-111.8663115570001,40.56807577696447],[-111.86628459686165,40.568117349196775],[-111.86623026440594,40.56813072869484],[-111.86617545880013,40.568103120195481],[-111.86616330589135,40.56809699819194],[-111.8661185275302,40.568046214342374],[-111.8660787014159,40.56800296349634],[-111.86598209576204,40.567971212537749],[-111.86589055355103,40.567967723904282],[-111.86576429341413,40.567943585156442],[-111.86561566831254,40.567895012029588],[-111.86549415562976,40.567833172985921],[-111.86542702590168,40.567767361560634],[-111.86534008978668,40.567699753264492],[-111.86522852634268,40.567647289957648],[-111.86510213587371,40.567598646938613],[-111.86491155255678,40.567563413356631],[-111.8647852935147,40.567539273551041],[-111.86466652887498,40.567528320147034],[-111.86452042320772,40.567494834754406],[-111.86439904313731,40.567457498124092],[-111.86425830560732,40.567383050945438],[-111.86408374324739,40.567230278753058],[-111.86397457553137,40.567162709852568],[-111.86385726289221,40.567100484364516],[-111.86373897945765,40.567038976587064],[-111.86363482183886,40.566982714550036],[-111.86354289918559,40.566907571888834],[-111.86348074144165,40.566845518163277],[-111.8634087534694,40.566789184815654],[-111.86335424056284,40.566768595385675],[-111.86328240609025,40.566748088175466],[-111.86321296565517,40.566712447952895],[-111.86318841814051,40.566673541353673],[-111.86316309077867,40.566633400527856],[-111.86311568050081,40.566552458328957],[-111.86309309849175,40.566494056100836],[-111.86308537371384,40.5664374949951],[-111.86310243435651,40.566388405640268],[-111.86312919497934,40.566309120914859],[-111.8631313783104,40.566254416251795],[-111.86312559991511,40.566214849285956],[-111.86312367377215,40.566201657914419],[-111.86308384794685,40.566150857545644],[-111.86286383547694,40.565998063337979],[-111.86278102118447,40.565940551467456],[-111.86273874133265,40.565893532809689],[-111.86271119094174,40.565831400211465],[-111.86267137408404,40.565797172736303],[-111.86265653870065,40.565784419783796],[-111.86257228018908,40.565746966461781],[-111.86246771957813,40.565713092730803],[-111.86204229907112,40.565581278902229],[-111.86183792148066,40.565492258849083],[-111.86177011829623,40.565462726195548],[-111.86176992383128,40.565463173556999],[-111.8617688866342,40.565465549953927],[-111.86173373361038,40.565546204134783],[-111.86162219222349,40.565517926764336],[-111.86161505898646,40.565516118822266],[-111.86147757538072,40.565481287780301],[-111.8615147287055,40.565395995484906],[-111.86151687688729,40.56539101372605],[-111.86152257228123,40.565377970388781],[-111.86139674535399,40.565340631834431],[-111.86044812617614,40.564962009437281],[-111.86015276745128,40.564920914040044],[-111.85982847922,40.564854116000532],[-111.85973829878347,40.564816507248928],[-111.85973407519297,40.564812763831327],[-111.85964789412705,40.564736353105616],[-111.85955343908425,40.564570576021879],[-111.85934042336534,40.564445506538682],[-111.85905082113699,40.564129900298809],[-111.85896414738257,40.564074438330699],[-111.85896332098015,40.564074138849101],[-111.8587730224593,40.564005028079542],[-111.8586754636048,40.563932872431572],[-111.85822970162698,40.563350942530995],[-111.85817856992918,40.563311218942722],[-111.85789360567074,40.563089830177411],[-111.85785529531904,40.563072666325994],[-111.85748883122893,40.562908473068575],[-111.85746573706541,40.562979680475763],[-111.85746381855363,40.562985605025723],[-111.85743537271263,40.563073414326603],[-111.85719980570357,40.563029012639952],[-111.85719837955088,40.563028731055887],[-111.85717331045545,40.563024003820637],[-111.85723647566593,40.562829180478758],[-111.85723665553252,40.562828625946004],[-111.85719754707542,40.562819634693255],[-111.85702802086004,40.562806765901179],[-111.8566934623377,40.562781367750326],[-111.85654549399783,40.562704417061816],[-111.8564519772797,40.562716224210746],[-111.85626814295215,40.562663257135313],[-111.85596506716746,40.562520355786312],[-111.85565175483303,40.5624847933572],[-111.85551448397523,40.562388308654796],[-111.85550713706958,40.562359795340853],[-111.85549621670607,40.5623362108146],[-111.85548170873101,40.56231483880471],[-111.85546001837582,40.56229651939573],[-111.85543114981478,40.562282053168602],[-111.85535545750007,40.562260895146451],[-111.85528700897818,40.562248464519314],[-111.85521499146854,40.562241820401773],[-111.85514660313078,40.562240940990051],[-111.8551142012133,40.562239094796624],[-111.85495574997435,40.562222018506567],[-111.85479723308342,40.562192304196309],[-111.85464585028259,40.562150216021756],[-111.85462422724117,40.562144791594278],[-111.8545989737591,40.562133345064844],[-111.85457730079008,40.562118313608359],[-111.85455921115886,40.562100240480937],[-111.85454830691718,40.562079686650172],[-111.85454459370679,40.5620577386264],[-111.85454447675296,40.562035236467914],[-111.85457661594563,40.561986560182881],[-111.85458756012905,40.561970172027856],[-111.85460875791649,40.561938427142266],[-111.85461585186719,40.561918362158018],[-111.85461577338698,40.561903265410535],[-111.85461209866101,40.561888722799566],[-111.85460482784002,40.561874762917057],[-111.85459396493907,40.561862157755193],[-111.85456868436981,40.561845478822363],[-111.85450373993203,40.561814651989451],[-111.85443522367513,40.56178906839294],[-111.8544021949496,40.561780184713605],[-111.85435953637516,40.561768710309032],[-111.85432707069316,40.561754540604944],[-111.85430904404349,40.561748561990612],[-111.85428742828414,40.561744509931906],[-111.85426581965484,40.561741830300882],[-111.85424421949065,40.561740780428558],[-111.8542262284854,40.561741663960035],[-111.85420464554369,40.561743930790378],[-111.85418307254706,40.561748113302642],[-111.85415070235932,40.561752328416048],[-111.85411112409703,40.561754649568762],[-111.85406792955381,40.561753664863893],[-111.85402831715821,40.561749409753396],[-111.8539886903753,40.561742381173779],[-111.85396703621053,40.561730923643154],[-111.85394537344845,40.561717807753503],[-111.85391285655048,40.561693744988951],[-111.85388034827849,40.561671340570257],[-111.8538406574857,40.561651960054441],[-111.85383400717981,40.561649176239712],[-111.85380098110006,40.561635352980936],[-111.85372021936773,40.561619613229489],[-111.85349555003781,40.561587255253038],[-111.85321175380255,40.561546380944726],[-111.85300124825353,40.561516063062001],[-111.85265341773575,40.561465965953523],[-111.85256940891388,40.561453866456475],[-111.85242850238033,40.561399849326406],[-111.85226271673797,40.561355885636722],[-111.85184154089963,40.561340108650313],[-111.85173193248352,40.561348293296355],[-111.85132665797911,40.561378556538607],[-111.8512878302861,40.561381455281584],[-111.85120838943151,40.561396361300744],[-111.85111315860986,40.561439163902854],[-111.85105403589525,40.561475596530713],[-111.8509977722686,40.561484800250049],[-111.85094970452305,40.56148388616753],[-111.85089447155407,40.561452942497638],[-111.8508661885481,40.561420860244688],[-111.85083147312484,40.561355429457926],[-111.85078739747445,40.561292399857379],[-111.85070279995462,40.561244988705745],[-111.85059634516588,40.561204791030072],[-111.85046592579724,40.561192171125953],[-111.85033629993269,40.561180749603167],[-111.85024480196894,40.561205841423423],[-111.8501886159308,40.561215530601388],[-111.85013550500041,40.561218090970307],[-111.85008823289301,40.561202325573568],[-111.8500336004458,40.561171392213375],[-111.8500258777452,40.561165979061016],[-111.84990854975875,40.561140109601375],[-111.8498304207899,40.561140342679884],[-111.84977119037544,40.561163164823682],[-111.84971366159181,40.561181521390033],[-111.84964783381551,40.561182604040944],[-111.84955559112971,40.561172156722392],[-111.84938991875082,40.56115715311978],[-111.84929130552095,40.561125279989994],[-111.84914891815359,40.561081613917935],[-111.8490503598626,40.561060434120265],[-111.84888141763858,40.561021764712393],[-111.84859043730731,40.560945029172331],[-111.84852312775911,40.560920210540502],[-111.84835886645112,40.5608877025089],[-111.8481620555076,40.560890317034989],[-111.84801201632892,40.560882413270143],[-111.8479734647358,40.560863617114499],[-111.84794154669369,40.560848053694251],[-111.84781760035808,40.560808795339966],[-111.84778503431117,40.56079848057356],[-111.84767099654523,40.560799991000401],[-111.84761161296656,40.560800195622093],[-111.84751320243775,40.560800487271187],[-111.84746161045878,40.560799439239318],[-111.84736158284861,40.560791386461041],[-111.8473256010211,40.560778397537312],[-111.84726151290646,40.560775013224536],[-111.8472131064692,40.560781103845287],[-111.84706979091307,40.560768289604432],[-111.84702389427244,40.560751870203546],[-111.84700032387659,40.560724548064869],[-111.84694852703669,40.560675836252187],[-111.84694249092587,40.560672574874751],[-111.84693706640476,40.562350025037034],[-111.84694852314641,40.563792658078768],[-111.84695780638769,40.56496037406739],[-111.84696843746983,40.566299943834402],[-111.84698280120625,40.568111536895977],[-111.84701174535675,40.568201071491025],[-111.84657597684465,40.568126875223427],[-111.84632592725484,40.568068723591423],[-111.84609579310769,40.568004279454605],[-111.84588332644648,40.56793803503799],[-111.84569128079838,40.567869544496197],[-111.84557509296572,40.567824596052361],[-111.84532568797019,40.567717948961288],[-111.84558615977659,40.567441433800255],[-111.84551571910994,40.567359299712336],[-111.84527012754144,40.56721587818793],[-111.84503023128907,40.567460656795589],[-111.84490078007499,40.567593462827823],[-111.84467183535116,40.567827348590683],[-111.84449964087729,40.568063463634452],[-111.84436020709396,40.568281238297608],[-111.84422596898634,40.568490898646886],[-111.84409173004445,40.568700557038049],[-111.84395749262072,40.568910215251208],[-111.8438232520373,40.569119875087139],[-111.84385559582128,40.569131917864098],[-111.84369766598677,40.569378574422139],[-111.84362052991351,40.569501945503461],[-111.8434625960288,40.56974860171556],[-111.84320383255749,40.569652254865403],[-111.84256723412315,40.569568981170377],[-111.8425723473903,40.570351424251562],[-111.84294104480291,40.570401125628329],[-111.84285969861543,40.570669274890847],[-111.84257516418296,40.570782069749917],[-111.84257639280591,40.570969762661797],[-111.84257830027427,40.571261814975976],[-111.84243048378995,40.571281401891454],[-111.84232832420308,40.571461778395758],[-111.84222913278123,40.571636911894835],[-111.84219345245548,40.571699909095258],[-111.84219338320301,40.571818763569681],[-111.84219326625576,40.572016394487264],[-111.84219289190014,40.572654581526322],[-111.84219263534916,40.573086901118494],[-111.84219126543239,40.573199686961658],[-111.84218917223009,40.573209884553755],[-111.84319734978914,40.573212200175497],[-111.84369594381108,40.573210740315012],[-111.84367198993166,40.575023627403922],[-111.84390957021765,40.575020706239066],[-111.84392400706196,40.575020721097147],[-111.84415349580426,40.575020791432436],[-111.84428035217205,40.575020848069059],[-111.84430510098633,40.575020861206959],[-111.84445745597532,40.575020899991188],[-111.8446205355518,40.575020964255614],[-111.84473516757554,40.575021027720837],[-111.84480873891853,40.575021040222836],[-111.84504433990752,40.575021119440869],[-111.84514251021973,40.575021173743671],[-111.84521113188684,40.575021200556769],[-111.84549848035897,40.575021298118401],[-111.8455188043184,40.575021295440379],[-111.84551963869889,40.575030556989553],[-111.8455213081848,40.575049223048687],[-111.84554434894221,40.575304201278534],[-111.84553283700308,40.575304206596584],[-111.8455225999858,40.57530420815818],[-111.84514296949054,40.575304582360253],[-111.84505837380649,40.575304659681933],[-111.84462099626546,40.575305087678885],[-111.84391201794297,40.575305338497849],[-111.84391003056464,40.575305344324484],[-111.84379918907936,40.57530601234982],[-111.84367244870887,40.575306755444501],[-111.84367251913574,40.575469561544637],[-111.84367252792453,40.575471305667897],[-111.84367249763068,40.57547273538696],[-111.84367250483461,40.575474164996173],[-111.84367247454072,40.575475594715257],[-111.84367244410275,40.575476995842109],[-111.84367241380892,40.575478425561208],[-111.84367242072469,40.575479797986056],[-111.8436707117058,40.575676434339172],[-111.84367124330409,40.5756777480415],[-111.84367181254444,40.575679090226146],[-111.84367286997806,40.575680573943522],[-111.8436728396841,40.575682003662472],[-111.84367288438597,40.575683433161743],[-111.84367296644166,40.575684833958896],[-111.84367301114355,40.575686263458152],[-111.84367305598947,40.575687721549563],[-111.84367310069136,40.575689151048785],[-111.84367343367067,40.575896617998907],[-111.84379202624332,40.575927493611005],[-111.84378526711299,40.576827152654921],[-111.84378521814439,40.576833711223991],[-111.84380619378349,40.578951768337603],[-111.84379154158847,40.580416043341465],[-111.8437670470957,40.580446877131372],[-111.84711059161356,40.58042642740822],[-111.84714874073767,40.580426193005373],[-111.84711973200119,40.581794396435733],[-111.84712350378757,40.582155503646568],[-111.8471085549064,40.582329179609353],[-111.84707273002456,40.582527939358108],[-111.84703165582818,40.582691013262718],[-111.84693813378706,40.582870570376187],[-111.84682384637074,40.583015522143448],[-111.84666088118831,40.583174517177895],[-111.84654531126191,40.583273484947654],[-111.8463782255785,40.58335337981476],[-111.84605980712176,40.583480026518636],[-111.84599300253009,40.583500724393183],[-111.84579581338136,40.583561820053369],[-111.84532608737322,40.583700930211201],[-111.84482578001469,40.583875175636052],[-111.84460733760193,40.583967149114706],[-111.84450468022636,40.584031664028572],[-111.84436730331005,40.584123858242712],[-111.84423317642316,40.58422103036083],[-111.84411669228315,40.584344255530169],[-111.84390435087984,40.584619312594263],[-111.84371582342898,40.584899667713998],[-111.84370671056918,40.585380623761957],[-111.84369259024707,40.586343744090108],[-111.84367468723224,40.587229859514473],[-111.84365871042853,40.589041976762289],[-111.84365674134035,40.590087077478863],[-111.84368123264981,40.590087005741267],[-111.84375151843777,40.590086771245957],[-111.84377852278196,40.59008672071775],[-111.84380372699027,40.590086704050613],[-111.84407377244968,40.590086598656711],[-111.84436902226074,40.59008650444472],[-111.84466427207099,40.590086409489771],[-111.84495952188041,40.590086313791851],[-111.84525477154423,40.590086188758896],[-111.84555039641018,40.590086090470407],[-111.84591045716066,40.590085973038917],[-111.84615214791674,40.590085889268693],[-111.84627520613847,40.590085840666099],[-111.84663714217773,40.590085715469904],[-111.84663713375708,40.590069303432969],[-111.84663684955882,40.590065043998621],[-111.84663705162804,40.590060525795764],[-111.84663716269685,40.590052862693007],[-111.84667328151878,40.590052898940066],[-111.84697922310033,40.590053309824057],[-111.84698443655336,40.590053322998536],[-111.84725515945541,40.590053694349997],[-111.84730616852138,40.590053772108384],[-111.84769706251787,40.590054272730875],[-111.84793151658079,40.590054607034396],[-111.84834772788382,40.590055201964297],[-111.84835500401074,40.590055180361375],[-111.84838223381206,40.59005521388147],[-111.84859943477117,40.590055512300999],[-111.84880632134245,40.590055783797538],[-111.84900214340924,40.590056030657024],[-111.84923704755433,40.590056361012998],[-111.84938088540287,40.590056533223603],[-111.84952506095101,40.590056732844303],[-111.84974766290289,40.590057041640904],[-111.84981307449749,40.590057132560688],[-111.85006039321917,40.590057452846274],[-111.85010112540638,40.590057502866081],[-111.85036393446973,40.590057862066139],[-111.85037837493989,40.590057961905806],[-111.85038917675918,40.590057958240344],[-111.85066747557683,40.590058241908658],[-111.85067722738059,40.590058269947392],[-111.85096527947628,40.590058866867288],[-111.85097098094757,40.590058964182191],[-111.85109287643705,40.590058914004622],[-111.85125332833668,40.590058834055888],[-111.85127452058995,40.590059056534145],[-111.85154554358424,40.590059417087751],[-111.85157806185485,40.590059462612928],[-111.85193092429033,40.590059920123863],[-111.85211095569802,40.590060066195925],[-111.85242777476623,40.590060573190442],[-111.85248898556986,40.590060646644041],[-111.85260780662028,40.590060804276177],[-111.85301107790671,40.59006130718155],[-111.85320436755293,40.59006230341172],[-111.85337113244789,40.590063162983313],[-111.85337473663101,40.589469049177602],[-111.85321715914168,40.589469866782132],[-111.85320331496182,40.589469461702258],[-111.85307591802317,40.589465731408509],[-111.85307728176141,40.589236558747949],[-111.85307733648914,40.589232641416253],[-111.85313183664664,40.589233420945654],[-111.85318112519093,40.58923453065502],[-111.85318746448355,40.589234683126968],[-111.85319189304199,40.589234782378504],[-111.85320499586031,40.58923507710864],[-111.85330952303781,40.589237432212251],[-111.85337662900055,40.589238945663716],[-111.85368159464821,40.589239885256255],[-111.85370008582456,40.589240029660708],[-111.85371801427246,40.589240147166294],[-111.85389108404368,40.589337440076264],[-111.85389367963307,40.589338919055187],[-111.8539516455499,40.589371511157971],[-111.85421815407483,40.589521360524884],[-111.85447992409496,40.589668535906327],[-111.85473977695244,40.589814658574021],[-111.85474432837684,40.589817189541328],[-111.8547572685569,40.589824498676847],[-111.85483581131982,40.589868636657208],[-111.85501990591857,40.589972127699262],[-111.85502216296275,40.589973407530188],[-111.85504365453735,40.58999510135483],[-111.85506506932747,40.590016452298265],[-111.85506940556942,40.590020871005976],[-111.85512025507269,40.590076729726235],[-111.8551719345536,40.590133500869477],[-111.85517525606706,40.590137522350496],[-111.85520726031173,40.59017568216467],[-111.85523084938995,40.590204003052285],[-111.85525309125494,40.590232899863061],[-111.85527522121694,40.590261911377979],[-111.85528436498582,40.590274807477904],[-111.85529611603486,40.590291412700381],[-111.85531648697969,40.59032114434482],[-111.85533603430106,40.590351164404304],[-111.85535546941982,40.590381241984964],[-111.85537460510382,40.590411434838821],[-111.85538841609588,40.590434667260155],[-111.8554051009524,40.590462379988892],[-111.85542228979503,40.590493236357659],[-111.85543940379021,40.590524121542721],[-111.85545475784745,40.590555555313273],[-111.85546373681561,40.590572797949257],[-111.85547025299974,40.590585273107145],[-111.85547131479676,40.590587500101158],[-111.85548524111685,40.590618452120985],[-111.85549947152344,40.590650175213504],[-111.85552247692631,40.590703173087576],[-111.8555352099537,40.590735443968462],[-111.85554756748402,40.590767630208155],[-111.85554992074776,40.59077296986424],[-111.85555846377484,40.590800106798717],[-111.85556951010102,40.590832582933224],[-111.85557879513534,40.590865350328443],[-111.85558856746171,40.590898059060898],[-111.85560347747442,40.590952196553609],[-111.85561111345673,40.590985197682272],[-111.85561859971938,40.591018256448692],[-111.85562507376537,40.591051404059556],[-111.85563064826142,40.591084668765937],[-111.85563562295907,40.591117992474516],[-111.85564052339443,40.59115145936979],[-111.85564738602615,40.591208766412166],[-111.85565003608687,40.591242240127023],[-111.85565246111135,40.591275714523519],[-111.85565372358626,40.591309221035871],[-111.85565441265118,40.59133346533558],[-111.85565453613356,40.591342757503988],[-111.85565448603158,40.591376296586532],[-111.85565484477307,40.591409119618383],[-111.85565489629849,40.591411807151395],[-111.85575519132942,40.591411989165394],[-111.85604504711323,40.591412110683294],[-111.85624109575002,40.591411887306123],[-111.85626205294342,40.591410108127683],[-111.85646085849962,40.591391977145236],[-111.85662674773111,40.591376719345483],[-111.85665070333152,40.591374530689734],[-111.85667164245889,40.591412323429502],[-111.8567344406831,40.591522013257055],[-111.8568488047174,40.591723556688457],[-111.85696320678488,40.5919250712859],[-111.85707704797278,40.592126787611342],[-111.8571920130984,40.592328128688791],[-111.85731357212403,40.592542230374093],[-111.85741185061288,40.59271551566686],[-111.85744357607754,40.592771574545822],[-111.85744344507245,40.593004603195368],[-111.85744332317147,40.59322416476558],[-111.85743896049178,40.593224161972564],[-111.85696280512667,40.593223912068574],[-111.85678430615634,40.593224340604628],[-111.85651428176288,40.593223703156092],[-111.85646589703872,40.593223850160413],[-111.85625142504909,40.5932237581343],[-111.85617363306977,40.593223736969058],[-111.85615532909216,40.59322373534529],[-111.85598856758847,40.593223669563784],[-111.85584566132763,40.593223616978086],[-111.85572571057605,40.593223666180364],[-111.85553599580049,40.593223926673097],[-111.85546285445801,40.593223833759808],[-111.85522640275335,40.593223749260339],[-111.85519999670022,40.593223686238787],[-111.85493713775287,40.593223309393188],[-111.85491583302341,40.593223288060869],[-111.85467428029571,40.593223217878354],[-111.85460526523077,40.593223197734886],[-111.85441142283926,40.593223125774649],[-111.85419942650103,40.59322305111241],[-111.85414856538353,40.593223033082118],[-111.85388570792851,40.593222939800675],[-111.85385600136166,40.593222915023482],[-111.85385450106001,40.593222919548062],[-111.85385442299692,40.593236787104729],[-111.85385340041113,40.593437251600356],[-111.85385338560653,40.593441626284104],[-111.85385305736025,40.593501242453137],[-111.8538531373741,40.59352388740178],[-111.85385277311626,40.59355488267407],[-111.8537844294427,40.593554202396604],[-111.85334996279342,40.593552680931481],[-111.85318718178667,40.593553657098113],[-111.85316219915684,40.593552347350133],[-111.85316209191679,40.593109826474127],[-111.85316199942334,40.592724463509306],[-111.85305607333703,40.592724614307592],[-111.85305605142565,40.592720382695383],[-111.85305600163029,40.592718009674364],[-111.85299493965364,40.59271816480112],[-111.85276111906043,40.59271881082617],[-111.85248780316243,40.59271954644931],[-111.8522399923487,40.592720233463673],[-111.85223586654915,40.592720245849378],[-111.8521752937877,40.592720713597579],[-111.85217214317713,40.592720723054065],[-111.85217231757655,40.592732702753963],[-111.85217496959498,40.59289032479208],[-111.85217411969528,40.593038035763058],[-111.85217411644973,40.59304466921305],[-111.8521741108413,40.593050845191485],[-111.85199178299173,40.593050591712284],[-111.85177528497097,40.593050268844571],[-111.85167926368517,40.593050127796914],[-111.85142600762875,40.593049771489724],[-111.85136670702278,40.593049691753393],[-111.85110913761272,40.593049347678885],[-111.85105415036435,40.593049254877322],[-111.85079946903132,40.593048901482142],[-111.8507408810684,40.593048819298907],[-111.85048980060095,40.593048483060052],[-111.85043125014623,40.593048400610186],[-111.85018013202752,40.593048035228726],[-111.85012878315115,40.59304795972723],[-111.84987046345816,40.593047586580106],[-111.84982631630669,40.593047546656564],[-111.8495608325469,40.593047165594413],[-111.84952745018134,40.593047122080016],[-111.84925116398558,40.593046715311338],[-111.84923218477516,40.593046686025147],[-111.84894149557468,40.593046292802974],[-111.84893691951912,40.593046277819255],[-111.84865504471978,40.593045886266637],[-111.84864169177405,40.593045868758878],[-111.84843865939841,40.593045585499986],[-111.84842564401987,40.593045566965195],[-111.84813758020458,40.593045135362807],[-111.8481273030163,40.593045137263012],[-111.84784951872685,40.593045160524873],[-111.84782843851659,40.593045022870577],[-111.84756145477121,40.593044698916081],[-111.84752957226908,40.593044564613216],[-111.84727338921758,40.593043922088313],[-111.84723070471516,40.593043848266788],[-111.84698532556209,40.593043516249061],[-111.84693187612977,40.593043416967951],[-111.84669868719328,40.593043105491176],[-111.84663300960463,40.593042899242938],[-111.8464120098679,40.593042408224001],[-111.846326303445,40.59304228952697],[-111.84612533545118,40.593042282095951],[-111.84583727166445,40.59304184484612],[-111.84582916990902,40.593041840132983],[-111.84554830784739,40.593041438132097],[-111.84554829895237,40.593069287162216],[-111.84554825612794,40.593083040235733],[-111.84554825280577,40.593134192059594],[-111.84554776004285,40.593392211365163],[-111.84554864311602,40.593529452293112],[-111.84554819135843,40.593891776502325],[-111.84547996328618,40.59389174867178],[-111.84542178762727,40.593891748393744],[-111.84522374245833,40.593891673621869],[-111.84515172608602,40.593891656746237],[-111.84489966863849,40.593891568741697],[-111.84488166454545,40.593891564477204],[-111.84461160300563,40.593891471586545],[-111.84446400686443,40.593891418908569],[-111.84434154146656,40.593891378074325],[-111.84411832804886,40.593891289517266],[-111.84407147992822,40.593891283940572],[-111.84398273458893,40.593891229624589],[-111.84392032010216,40.593891155251434],[-111.84377621133434,40.593890919932079],[-111.84373825244829,40.593890859585457],[-111.84366956594812,40.593891503966432],[-111.84366093393163,40.594338860793862],[-111.84365550632604,40.595608042487264],[-111.84414162667726,40.595608615649262],[-111.84423411676188,40.595608392599267],[-111.84423491061185,40.595032913253043],[-111.84412209573581,40.595031678732063],[-111.84412126894347,40.594933357314872],[-111.84412145564974,40.594644747023821],[-111.84432850515086,40.594644825831885],[-111.84446533788498,40.594644881691266],[-111.84458052787396,40.594644915173539],[-111.84480918246865,40.594644986869149],[-111.84483258810607,40.594645003863654],[-111.84508464833884,40.594645092012321],[-111.84511413032726,40.59464509108016],[-111.84515306470645,40.594645119521054],[-111.84515306265938,40.594652124662055],[-111.84515291704916,40.594934560677835],[-111.8451535600132,40.595032859401506],[-111.84479496632895,40.59503294689096],[-111.84479564540983,40.595115310613394],[-111.84479520158671,40.595334897825005],[-111.84479514581787,40.595362346672687],[-111.84479475776976,40.595554486804119],[-111.84479464623125,40.595609384494303],[-111.84479419290581,40.595833583997027],[-111.8447941489854,40.595856422284207],[-111.84490867152918,40.596057313464222],[-111.84494154984739,40.596114987701696],[-111.8450091350642,40.596233542049333],[-111.84461454662389,40.596435822075115],[-111.84462920440802,40.596449430093799],[-111.84465735692929,40.596474276375247],[-111.84482626950066,40.596618591510023],[-111.84503133233903,40.596793792437964],[-111.84504571868894,40.596806080591485],[-111.84518322765118,40.596923564255093],[-111.84520952192918,40.596946648501529],[-111.84522628250463,40.596962039066746],[-111.84524269019461,40.596977648684536],[-111.8452587379568,40.596993475588668],[-111.84564445819193,40.596808621596267],[-111.84593209693715,40.597054367001519],[-111.84601591357523,40.597125976048432],[-111.84601605294444,40.597057353972851],[-111.84601640874781,40.596878938373791],[-111.84601690227083,40.596632038279949],[-111.84601731610907,40.59642625600884],[-111.84601747111854,40.59634778200958],[-111.84601749048448,40.596338201721863],[-111.84601784862477,40.596159786063758],[-111.84601820676309,40.595981370392693],[-111.84601837742734,40.595896280772529],[-111.84601857454834,40.595797464944276],[-111.84601861783196,40.595775505872325],[-111.84601904089132,40.595564151562805],[-111.84601918991193,40.595490041465489],[-111.84601941349641,40.595377501200467],[-111.8460194975916,40.595336329711756],[-111.84601993511831,40.59511674071554],[-111.84601935656421,40.595033227643036],[-111.84549843556864,40.5950329345144],[-111.84549680219699,40.594934978241916],[-111.84549693553305,40.594657803257043],[-111.84549694680072,40.594645222573156],[-111.84558876880634,40.594645266685205],[-111.84584082904104,40.594645353209451],[-111.84586243413359,40.594645346713072],[-111.8461144948044,40.594645518425352],[-111.84620631695596,40.594645590646053],[-111.84636655460493,40.594645518044324],[-111.84655019847285,40.594645576243551],[-111.84661861484153,40.594645602897735],[-111.84687067507878,40.59464568720972],[-111.84689408057149,40.594645675201036],[-111.84712273531666,40.594645770980158],[-111.84723796281671,40.594645801742693],[-111.84735319031687,40.594645832392025],[-111.84756256534163,40.594645898609102],[-111.84757366795465,40.59464589431407],[-111.84758184491744,40.594645898684547],[-111.84758186167966,40.594649186759774],[-111.84758168055693,40.594937398576086],[-111.84758188876893,40.595035723602855],[-111.84840840902676,40.595035691975653],[-111.85026699114333,40.595040369664602],[-111.85089332380799,40.595040036943836],[-111.8524221567726,40.595040660677995],[-111.85242266785149,40.595131825983309],[-111.85242267139844,40.595132512190027],[-111.85242067965207,40.595466954411719],[-111.8524890995425,40.595467045541831],[-111.85280957705913,40.595467474469707],[-111.85297881813399,40.595467701732971],[-111.85316647548949,40.595470033836335],[-111.85334102952548,40.595472203164661],[-111.85333310998114,40.596680419523615],[-111.85399146968723,40.596680881675404],[-111.85490222126087,40.596681515221],[-111.85532234217759,40.596681803864783],[-111.85534005052483,40.596682046886237],[-111.85535387504557,40.596682444628719],[-111.85536768880422,40.596683026465548],[-111.85538148711203,40.596683792411042],[-111.85539526528059,40.596684742479283],[-111.8554090209563,40.596685874890461],[-111.85542274710622,40.596687189665865],[-111.85543644138615,40.59668868681257],[-111.85545009910756,40.59669036634488],[-111.85546371792609,40.596692228269809],[-111.85547728844595,40.596694269041819],[-111.85549081303016,40.596696492227849],[-111.85550428462726,40.596698894275193],[-111.855692797885,40.596457934355463],[-111.85569364413327,40.596279520695248],[-111.85569473639713,40.596048953767578],[-111.85569583099797,40.59581838681121],[-111.85569692324705,40.595587819840375],[-111.85569796492999,40.595368232479885],[-111.85569901927128,40.595145680387482],[-111.85569779939649,40.59504081968759],[-111.85624032745115,40.595038251707543],[-111.85700020349287,40.595041762583257],[-111.85737482975125,40.595039798365391],[-111.85746683287991,40.595039846928422],[-111.85745929816362,40.596025803490782],[-111.85790896105418,40.596026101870308],[-111.85790810466018,40.596245690435232],[-111.85790766440741,40.596358324328257],[-111.857907245907,40.59646527720075],[-111.85790612582825,40.59675298430097],[-111.85790598981976,40.596787812020388],[-111.85790500297361,40.59704061095993],[-111.85790486112475,40.597077005912645],[-111.85790367474014,40.597381561198667],[-111.85790339222915,40.597453684530251],[-111.85790271294034,40.597627969606329],[-111.85786948973096,40.597640812409253],[-111.85776740083983,40.597680280963232],[-111.85731402873493,40.597855561156045],[-111.85712049159169,40.59792881603466],[-111.85711307531783,40.597917907386702],[-111.85710453484189,40.597905869187024],[-111.85709572301973,40.597893946181927],[-111.85708663753513,40.597882143739419],[-111.85707728543068,40.597870463625043],[-111.8570676643715,40.597858907632848],[-111.85705376990428,40.597842963205942],[-111.85675680389814,40.597997339535709],[-111.85675569588386,40.598231832437975],[-111.85675467133385,40.59844867464416],[-111.85675367885797,40.598658654568368],[-111.85675262221426,40.598882358999127],[-111.8567515976447,40.599099201147936],[-111.85627445372043,40.599098878064012],[-111.85618415358341,40.599098705436887],[-111.85618459715432,40.599057061119865],[-111.85609459878293,40.599057198449792],[-111.85561745514637,40.599056870907425],[-111.85561744050999,40.599060357431391],[-111.85514029919806,40.59906002794169],[-111.85505078782836,40.599060491809183],[-111.85505073089229,40.59912699063549],[-111.85495992640939,40.599126768555557],[-111.85448278464516,40.59912643817934],[-111.85448276356483,40.59913050014331],[-111.85400562177689,40.599130167826864],[-111.85382556885135,40.59913004252541],[-111.85382676602346,40.598879162508069],[-111.85332261780783,40.598878808775332],[-111.85315145125149,40.598879179281809],[-111.85315087218072,40.598879181024543],[-111.85315156386595,40.598656060329155],[-111.85296356877247,40.598657206739105],[-111.85268844861241,40.59865683844275],[-111.85247742836528,40.59865655575144],[-111.85241332845534,40.598656469501364],[-111.85213820830131,40.598656099914962],[-111.85199128562293,40.598655902756789],[-111.85186309049463,40.59865572967648],[-111.85158797035574,40.598655360587003],[-111.85150514523437,40.598655247741071],[-111.85131284786624,40.598654989072514],[-111.85103773006854,40.598654616898941],[-111.85101900485516,40.598654590711341],[-111.85076260992945,40.598654244087356],[-111.85058710124351,40.598654005524736],[-111.85048748979334,40.598653870630699],[-111.8502123696603,40.598653496529032],[-111.8501549772557,40.598653417619005],[-111.84993724953023,40.598653121782327],[-111.84977686731294,40.59865290301741],[-111.84966213174762,40.598652746383607],[-111.84943476829676,40.598652437225233],[-111.84942756610893,40.598652426505758],[-111.84938701162361,40.598652370346827],[-111.8493334360096,40.598652297540852],[-111.84912866377655,40.598652017032315],[-111.84906937940016,40.598651936072343],[-111.8490510691577,40.59865191012333],[-111.84904083793013,40.598651895881098]],[[-111.85657314524111,40.616363688274483],[-111.85631934550875,40.61636294363089],[-111.85631935178186,40.616353826290748],[-111.85631943631873,40.61624215225028],[-111.85631954259789,40.616105031124611],[-111.85631963464073,40.615983578533893],[-111.85631974024648,40.615846328730981],[-111.85632003183338,40.615462051055545],[-111.85632018422433,40.615263324362431],[-111.85631995175407,40.615241732625762],[-111.8563193651332,40.615226859334882],[-111.85632101486726,40.615226638098427],[-111.85631795324868,40.615172994201927],[-111.85631184156142,40.615119500737229],[-111.85646514905928,40.615207392167591],[-111.85680396810599,40.615375310183701],[-111.8568316789176,40.615389588141731],[-111.85684963625559,40.615399283474176],[-111.85686736737019,40.615409215376943],[-111.85688486756221,40.615419382077455],[-111.856902132123,40.615429780016072],[-111.85691915634403,40.615440405633322],[-111.8569524626059,40.615462329246007],[-111.85699714994595,40.615490646108434],[-111.85701371647582,40.615507007618668],[-111.85704391452978,40.615531404945791],[-111.85707297705976,40.615556592003792],[-111.8571008710577,40.615582534940742],[-111.85714043863622,40.615622800975721],[-111.85715300508464,40.615636567389437],[-111.85717718848602,40.61566459095571],[-111.85720006900476,40.615693240361153],[-111.85722162534752,40.615722479931122],[-111.85724182919523,40.615752275799331],[-111.85726322643977,40.615786946567887],[-111.85736330600345,40.615957903550125],[-111.85739062195495,40.616001460941234],[-111.85741047865264,40.616029869328024],[-111.85744267134908,40.616071446145469],[-111.8574657004781,40.616098425975615],[-111.85748995279396,40.616124778409265],[-111.85750252673466,40.6161377066529],[-111.85751539762465,40.616150467798811],[-111.85752855604646,40.616163054727529],[-111.85754200199078,40.616175465651914],[-111.85754669997047,40.616179650813343],[-111.85778129788561,40.616355983907354],[-111.85775672320064,40.616353138839592],[-111.85769501995058,40.616356230783218],[-111.85748422044671,40.616359760800762],[-111.85745265412936,40.616359848001409],[-111.85704671831169,40.616360761866353],[-111.85657314524111,40.616363688274483]],[[-111.87006459301293,40.608726429856219],[-111.87009473932511,40.608726302628888],[-111.87022426974652,40.608725754702348],[-111.87032098085581,40.60872534593512],[-111.87038286086614,40.608725084544339],[-111.87054837129926,40.608724383390644],[-111.8708157864303,40.60872325106228],[-111.87083517272828,40.608723168363632],[-111.87083215102314,40.609444406748743],[-111.87083214446717,40.609446218803136],[-111.87083207965783,40.609540337538007],[-111.87059643460429,40.609540783436273],[-111.87005322959348,40.609541814810662],[-111.86980483675222,40.609542878306328],[-111.86974404164059,40.609543137759047],[-111.86974576737278,40.609433325588768],[-111.87006979716945,40.609431937965617],[-111.87006949589636,40.609391128843711],[-111.87006886001645,40.609304666103782],[-111.87006832210189,40.609231929118664],[-111.87006768388994,40.609145468167483],[-111.8700670456796,40.609059007213233],[-111.87006640671419,40.608972406871075],[-111.87006560386244,40.608863392502819],[-111.87006459301293,40.608726429856219]],[[-111.86318687865597,40.606903685933581],[-111.8633021259936,40.606903974336923],[-111.86330111111926,40.607138546645039],[-111.86330095278807,40.607175711718362],[-111.86329975929375,40.607453323054962],[-111.86329903256417,40.607621855235124],[-111.86329880109139,40.607675654074043],[-111.86329823121712,40.607808504403664],[-111.86329790397893,40.60788481100176],[-111.86329713876057,40.608062401654792],[-111.86329700451623,40.608093967918776],[-111.8632961050385,40.608303123030872],[-111.86329604526347,40.608316985096728],[-111.86330553340689,40.608571498228628],[-111.86276552231357,40.60857024330484],[-111.86264440714447,40.608570703386953],[-111.8626503073169,40.606907005359481],[-111.86277270950961,40.606902650948136],[-111.86318687865597,40.606903685933581]],[[-111.85312934853522,40.602292640861954],[-111.85312932243673,40.602299370855079],[-111.85312654470545,40.603023702697463],[-111.85312253012876,40.604070089089632],[-111.85312232918952,40.604119109384314],[-111.85293731529751,40.604128374091275],[-111.85292133467593,40.604128450743637],[-111.8526744218598,40.604129450362286],[-111.85259818457659,40.604127792356735],[-111.8524043101461,40.604127516938128],[-111.85218462506938,40.604127061330558],[-111.85214141522638,40.604128306096662],[-111.85189651440513,40.604126638958626],[-111.85187490586564,40.604126560790505],[-111.8516228138122,40.604127116249323],[-111.85160840300711,40.604126072920174],[-111.85134906656569,40.604125820319659],[-111.85132025542646,40.604125763613233],[-111.85125167934038,40.604125711557806],[-111.85108620400015,40.604125606287482],[-111.85103218287549,40.604125453374415],[-111.85082686417825,40.604124694920557],[-111.85074403294642,40.604124685183088],[-111.85056760453638,40.604124783470979],[-111.85046308782931,40.604124323652513],[-111.8503046629834,40.604123795932544],[-111.85016781077836,40.60412366110738],[-111.85003459797498,40.604123629636454],[-111.84987969970082,40.604123148008512],[-111.84978246165566,40.604122866028966],[-111.84959158818776,40.604122548426737],[-111.84951956042023,40.604122419864659],[-111.84929987567236,40.604122016040535],[-111.84925305759484,40.604121926645476],[-111.8489901563665,40.604121479295181],[-111.84881747726878,40.604121163510129],[-111.84847467014551,40.604120552194814],[-111.8483655898626,40.604120364964047],[-111.84836486536395,40.604120363540709],[-111.84836493725081,40.604105066456739],[-111.84836525095123,40.604048996060939],[-111.8483662566648,40.603900770680362],[-111.84837066469296,40.603867762099142],[-111.84837474693128,40.603837070459456],[-111.84837489777692,40.603675723744225],[-111.84837485784971,40.603631205672251],[-111.84837457731048,40.60345885219283],[-111.84837451860946,40.603425342204076],[-111.84837417937131,40.603219478718607],[-111.84837380262225,40.603013615327242],[-111.84837343076931,40.602794027601568],[-111.84837321711888,40.602656785207387],[-111.84837284526978,40.60243719744976],[-111.84837260465763,40.602280455165229],[-111.84844249665284,40.602280991059445],[-111.84863145913084,40.602282745808019],[-111.84866026934272,40.602282774582726],[-111.84873732140592,40.602282802958754],[-111.84874287326106,40.602282786459874],[-111.84889791403036,40.602282611529603],[-111.84895197017799,40.602282565170654],[-111.84916440702709,40.602282590902028],[-111.84923643211775,40.602282576722864],[-111.84942373674166,40.602282905514308],[-111.84952817544701,40.602283337890363],[-111.84968663014939,40.602283208934267],[-111.84980903589344,40.602283301596941],[-111.84994592441095,40.602283922790505],[-111.85006476881497,40.602284483283341],[-111.85020881650301,40.602283967713809],[-111.8504753080347,40.602283658190622],[-111.85050411824774,40.602283686512699],[-111.85073099860249,40.602283895005641],[-111.85078149591423,40.602284801986414],[-111.85099029081672,40.602284206268081],[-111.85125318983432,40.602285592669482],[-111.8513504618934,40.60228570176708],[-111.85151968122017,40.602285252182746],[-111.85177536987959,40.602285115027961],[-111.85188344569538,40.602285219889723],[-111.85204186465681,40.602285430968287],[-111.85229755715741,40.602286036064193],[-111.85247765806915,40.602286124276553],[-111.85294342192968,40.602286325538827],[-111.85294634805506,40.602286345330505],[-111.85294852378181,40.602286338786698],[-111.85312934853522,40.602292640861954]],[[-111.86261659310462,40.600494945764623],[-111.86256223397768,40.600511822377555],[-111.86222471701221,40.600512006931353],[-111.86203277961103,40.60051211317198],[-111.86149269292076,40.600512407525983],[-111.86149345918264,40.600327952398999],[-111.86149496332918,40.599965630939593],[-111.86149571656392,40.599784469292779],[-111.86149646763029,40.599603341592626],[-111.86254078840844,40.599603538373252],[-111.86256599391848,40.599603542700912],[-111.86260395155404,40.599592181473618],[-111.86260407606194,40.599601044718085],[-111.86261659310462,40.600494945764623]],[[-111.87138525916275,40.59813881483425],[-111.871619324912,40.59813887080648],[-111.87161601710835,40.598276112197475],[-111.87161593907103,40.59846825143903],[-111.87161586104303,40.598660392452594],[-111.87158738535629,40.598660386129318],[-111.87138179115885,40.598660336480904],[-111.87114772362922,40.598660281821843],[-111.87112370473716,40.598660275585708],[-111.8708092249114,40.598660199342149],[-111.87073543135294,40.598661538675408],[-111.87062635002559,40.598661740293196],[-111.8703951036277,40.598660099067864],[-111.8703410898447,40.598660085485953],[-111.87016103609,40.598660040653634],[-111.87009153722011,40.598660023979811],[-111.86992696856232,40.598659983559571],[-111.86990896318011,40.598659977774311],[-111.86984198224189,40.598659960163332],[-111.86969290102539,40.59865992421156],[-111.86959242961821,40.598659897595724],[-111.86944082577202,40.598659860333967],[-111.86934287700468,40.598659836284426],[-111.86922476360839,40.598659804122249],[-111.86909332671665,40.59865977086104],[-111.86897269070026,40.598659739231664],[-111.86884377175001,40.598659706708659],[-111.86875662620264,40.598659683952341],[-111.86859421912818,40.598659642018241],[-111.86852255866779,40.598659622269828],[-111.86850455329548,40.598659618056111],[-111.86834466650689,40.598659576797033],[-111.86828849114303,40.598659561907446],[-111.868054423609,40.598659499291131],[-111.86787436985739,40.598659450950187],[-111.8674671014093,40.598659342090038],[-111.86746718700741,40.598478180562928],[-111.86746719343361,40.598466323643748],[-111.86746727115639,40.598297185220204],[-111.86746729464032,40.598246735689962],[-111.86743856357835,40.598246727373166],[-111.86743894983636,40.598040862848265],[-111.86743897638983,40.598026214533199],[-111.86743948577356,40.597755325172287],[-111.8674675249606,40.59775532135874],[-111.86746381297631,40.597366742852529],[-111.86746376929106,40.597226404414663],[-111.86746365720418,40.596848926269352],[-111.86771988888246,40.596848900931974],[-111.86780934820204,40.596848893967127],[-111.86798923973456,40.596848874994691],[-111.86806501722772,40.596848867852735],[-111.86825859293073,40.59684884843179],[-111.86830988099562,40.596848842930903],[-111.86852794378238,40.596848821257957],[-111.86855474710764,40.596848817490816],[-111.86879961088478,40.596848793334033],[-111.86904447699642,40.596848766871915],[-111.86906664547533,40.596848763268461],[-111.86928934076352,40.5968487399062],[-111.86933599868028,40.596848736019361],[-111.86941177381918,40.596848726228053],[-111.86960534952135,40.596848704585348],[-111.86977907065123,40.596848686221499],[-111.86987470037187,40.596848674320142],[-111.8700239367621,40.596848657715434],[-111.87014405122207,40.596848643436559],[-111.87026880052839,40.596848628705786],[-111.87042492705305,40.59684860950636],[-111.87051366663881,40.596848599177783],[-111.87075853041443,40.596848570933204],[-111.87083190021686,40.59684856067674],[-111.87100179734138,40.596848482893577],[-111.87100181586952,40.59684499456278],[-111.87100180497859,40.596842993129563],[-111.87100345539685,40.596842987911359],[-111.87106298562554,40.596843285746672],[-111.8710644484962,40.596843281120655],[-111.87128265093502,40.596844363629067],[-111.87132229972707,40.596844466907214],[-111.87141345311876,40.596845150560419],[-111.87150231780932,40.596845727019293],[-111.87173619908015,40.596846730451588],[-111.87179359096169,40.596846977505749],[-111.87206527431958,40.596853359175583],[-111.87207207015399,40.59729702724713],[-111.87207306129733,40.597361796591947],[-111.87159773725365,40.597363302810905],[-111.87159780726422,40.597558956731412],[-111.87159787812259,40.597754766104806],[-111.87138541562291,40.597754798980397],[-111.87138525916275,40.59813881483425]],[[-111.86366916066788,40.595806228169586],[-111.86366841559645,40.595987390116044],[-111.86379699414908,40.59598740970732],[-111.86388807238453,40.595987423940592],[-111.86388732553897,40.596168584095359],[-111.86388658337808,40.596349744222252],[-111.86388527932655,40.596666777109149],[-111.86388452986989,40.596849207796133],[-111.863866208518,40.596849209213083],[-111.86362500198298,40.596849224250846],[-111.86354366675101,40.596850696808062],[-111.86338709789266,40.596850409788502],[-111.86336406689396,40.596850452517408],[-111.86329531133113,40.596850551039964],[-111.86285441755508,40.596850628591646],[-111.86282759778996,40.596850625746484],[-111.86269548451986,40.596850585634179],[-111.86269656243843,40.59663058534062],[-111.86257824692393,40.596631994613524],[-111.86196450485396,40.596630519123984],[-111.86196586272624,40.596302511998914],[-111.86133188682254,40.596300984828851],[-111.86133246036589,40.596162370731975],[-111.86133339264867,40.595983954912654],[-111.86212539818035,40.595985862964717],[-111.86255573094451,40.595986896555779],[-111.86258090962468,40.595986956356718],[-111.86271145432886,40.595991681659008],[-111.86271057810501,40.595885143743487],[-111.86271046052033,40.595806193353944],[-111.86281934322844,40.595806094406797],[-111.86366916066788,40.595806228169586]],[[-111.85203211033432,40.577245952443036],[-111.85224253613683,40.577245615634759],[-111.85224001332777,40.577154216250534],[-111.85223965868892,40.576860476605212],[-111.85223964916408,40.576852279492464],[-111.85200645297684,40.57685256668556],[-111.8519516577343,40.576852634600385],[-111.85191387292464,40.576852681839569],[-111.85182566147998,40.576852789179291],[-111.85166366631078,40.576852990788232],[-111.85162587914787,40.576853036154731],[-111.85148367166494,40.576853212153154],[-111.85137567487504,40.576853344482089],[-111.85133788772093,40.576853391542812],[-111.85115968130317,40.57685361062876],[-111.85108768343632,40.576853697468906],[-111.85104989628181,40.576853744436853],[-111.85076369306991,40.576854094850809],[-111.85076190484889,40.576854098410863],[-111.85046670190047,40.576854458927173],[-111.85046095753694,40.576854465366885],[-111.85027302952382,40.576854694279206],[-111.85016971071869,40.576854820464575],[-111.85012529797432,40.576854874403288],[-111.84986940792501,40.576855187553051],[-111.8497645329104,40.57685531444892],[-111.84956910511893,40.576855552085732],[-111.84954557456966,40.576855581102251],[-111.84926876481113,40.576855915961325],[-111.84917665582532,40.576856027552509],[-111.84917390658609,40.576844109048707],[-111.84855995244402,40.5768422911801],[-111.84854085568138,40.576842224616819],[-111.84854088174454,40.576831273574811],[-111.84854197040129,40.576464169961334],[-111.84854224925299,40.576373359030036],[-111.84854238256136,40.576325151506239],[-111.84854292274987,40.57613826864295],[-111.84854350706179,40.575936631849267],[-111.84854388615645,40.575805819541777],[-111.84854454952426,40.575583424250794],[-111.84854468550363,40.575543994635623],[-111.84854521288774,40.575361028940058],[-111.848545876393,40.575138662201695],[-111.84854595920302,40.575110841339864],[-111.84854621941287,40.575022346416795],[-111.84854702140706,40.574746368073505],[-111.84854723860107,40.574670093037078],[-111.84854749230658,40.574581701765979],[-111.84854825968094,40.574320963346466],[-111.84854830188863,40.574307210168094],[-111.84854899910603,40.574069431809221],[-111.84854922154013,40.574002896100929],[-111.84854950743721,40.573897417039902],[-111.84854973867178,40.573817928838892],[-111.84855034114703,40.573612975058758],[-111.84855047823208,40.573566425843353],[-111.84855125230514,40.573307002559481],[-111.84855128323358,40.573233719537434],[-111.84855129033828,40.573219517910395],[-111.84855129287233,40.573212217844862],[-111.84856681647894,40.573212178864068],[-111.84898347897828,40.573211113310315],[-111.84937224398125,40.573210118649463],[-111.84982888729287,40.573210787738681],[-111.85009039141126,40.573210636584456],[-111.85070838367712,40.573211077911381],[-111.8508345243968,40.573211158182325],[-111.85096726466443,40.573211248951154],[-111.85143523036162,40.573211568751049],[-111.85149230122971,40.573211617555373],[-111.8514958634287,40.573211612242169],[-111.85186026174071,40.573211863582856],[-111.8518671612424,40.573211869691924],[-111.85218427552496,40.573212088513486],[-111.85216593986965,40.573226697219006],[-111.85213580371463,40.573250719734318],[-111.85213311503378,40.573252872253953],[-111.85212945528018,40.573255771097372],[-111.85206813727321,40.573304648425669],[-111.85191517779216,40.573426540371557],[-111.85192301147231,40.573433178954247],[-111.85213149834513,40.573622436981509],[-111.85213935189617,40.574179424738503],[-111.85255832695009,40.574173021332435],[-111.8531292451471,40.5741757483638],[-111.85321928626641,40.574176177783734],[-111.85324859625716,40.579813862415975],[-111.8529639349956,40.579809318826889],[-111.8525836277699,40.579806974183057],[-111.85260412990456,40.580458565691693],[-111.85216927857468,40.580458976612512],[-111.85216865399512,40.580369800078564],[-111.85213786488951,40.580317003413022],[-111.8521342992475,40.5803091511616],[-111.85202107300798,40.580060078052142],[-111.85192332339275,40.579845012130427],[-111.851921882008,40.579841842679585],[-111.85191831671077,40.579834047604372],[-111.85191122317639,40.579818371564706],[-111.85186305050389,40.579712409046216],[-111.85186241099565,40.579600726603893],[-111.85193439084308,40.579600673304782],[-111.85188582210188,40.579362056740109],[-111.85188564632099,40.57936205726736],[-111.85188564228169,40.579359003235332],[-111.85188536066207,40.579123637163107],[-111.85188176065448,40.579123642600663],[-111.8518827777294,40.578860158958619],[-111.85167264420063,40.578860417387645],[-111.85168674400285,40.57879264287476],[-111.85170592344539,40.578700470806986],[-111.85171859838783,40.578639553841711],[-111.8517538671193,40.57847003704893],[-111.85176454994293,40.578418692052232],[-111.85181051041847,40.578197799817964],[-111.85181038728605,40.578096239321944],[-111.85181024716375,40.577978209542167],[-111.85181007335387,40.577835475860667],[-111.85180998156707,40.577758619254098],[-111.85180977866044,40.577588436758838],[-111.85180971831578,40.577539028939739],[-111.8518094550662,40.577319438606061],[-111.8518089254849,40.577246309269327],[-111.85203211033432,40.577245952443036]],[[-111.84410910404605,40.572710608947517],[-111.84430840094541,40.572710853302546],[-111.84430845908223,40.572714941879255],[-111.84431019571564,40.572843546467126],[-111.84431168734972,40.573109310637541],[-111.8443117579004,40.573115858143716],[-111.84430937809415,40.573188063316344],[-111.84428343760939,40.573188157327209],[-111.84390363881944,40.573189534150494],[-111.84379072541206,40.573189943771204],[-111.84379082883852,40.57321046225595],[-111.84378855298164,40.573190420129734],[-111.84378004771779,40.573115473386345],[-111.84377721685043,40.572710066700438],[-111.84410910404605,40.572710608947517]],[[-111.85442964641992,40.56200724811471],[-111.85439255611753,40.562041071078333],[-111.85438986958367,40.562043538174883],[-111.85425650863394,40.562165203027696],[-111.8540876524808,40.562057546501734],[-111.854083665289,40.562055013783016],[-111.85404939770827,40.562033186580678],[-111.85422253563881,40.56187523196526],[-111.85442964641992,40.56200724811471]],[[-111.84744047292712,40.560955389682036],[-111.84744519751702,40.560955547241768],[-111.84766725443356,40.560963181073028],[-111.84765893996739,40.561104596995222],[-111.84765855978249,40.561110917125404],[-111.84765514336067,40.561168827620769],[-111.84738546454525,40.561159562082324],[-111.84739761391933,40.560953915450646],[-111.84744047292712,40.560955389682036]]],[[[-111.87214376474854,40.569940361989289],[-111.87214375337393,40.56993655919549],[-111.87214120373397,40.569936567284856],[-111.87214069246836,40.56914189170471],[-111.87214068555224,40.569141053602713],[-111.87173170721186,40.569132848769861],[-111.87173601611559,40.569576468911308],[-111.87193802433021,40.569766120136322],[-111.87196636587549,40.569792728701984],[-111.87196749091791,40.569937146894937],[-111.87198091401298,40.569937102538972],[-111.87214376474854,40.569940361989289]]]]},"properties":{"OBJECTID":7333,"City_Counc":"2","Name":"District 2","Shape.area":120203739.8077497,"Shape.len":151197.90514298415,"Council_Member":"Alison Stroud","Link_to_Photo":"https://content.civicplus.com/api/assets/9ba09490-23aa-4ba2-9f71-a0f41bca5183","Link_To_Bio":"https://sandy.utah.gov/570/Alison-Stroud-District-2"}},{"type":"Feature","id":7330,"geometry":{"type":"MultiPolygon","coordinates":[[[[-111.87211534770486,40.568358731752397],[-111.87198815588872,40.568370983321692],[-111.8719804711956,40.568371720724585],[-111.87195488047836,40.568374166142242],[-111.87195551783422,40.56845752441788],[-111.87195566721938,40.568477183227856],[-111.87193135502977,40.568521573682901],[-111.87186361796358,40.568645225022458],[-111.8718560513616,40.568659032489805],[-111.87184569101939,40.568677927595466],[-111.87172935168691,40.568890264910955],[-111.87173170721186,40.569132848769861],[-111.87196390814572,40.569137507715929],[-111.87199200662555,40.569138070876029],[-111.87214068555224,40.569141053602713],[-111.87213531743767,40.568373624176424],[-111.87213518663198,40.568358668809807],[-111.87211534770486,40.568358731752397]]],[[[-111.7961061270026,40.578398832083671],[-111.7961492946518,40.578419477707925],[-111.79617201286918,40.57843034269488],[-111.79619847480491,40.578442999553481],[-111.79620125791723,40.578444329226429],[-111.79621119494645,40.578449082659859],[-111.79623425843216,40.578460112956925],[-111.7962889485173,40.578486269232158],[-111.79633927723799,40.578510338523301],[-111.79635176204985,40.578514577991456],[-111.79641311345151,40.578535409894137],[-111.79645172977861,40.578548520268953],[-111.79655632631459,40.578584034070154],[-111.79670339247545,40.578553997458975],[-111.79691687748907,40.578510393401977],[-111.7969404861492,40.578505571203159],[-111.79694565888462,40.578504514482468],[-111.79702132917915,40.578486776041522],[-111.79713249786263,40.578493258431735],[-111.7971329912754,40.578489774255765],[-111.7971336034409,40.578481270004971],[-111.79713590749552,40.578460325509994],[-111.79714070042752,40.578416747305553],[-111.79714835429463,40.578347173039532],[-111.79715769042556,40.578237673988845],[-111.79716917825608,40.578102936580244],[-111.79718807467907,40.577779980815961],[-111.79719687541674,40.577453535490129],[-111.79720277970064,40.577205712630857],[-111.79721879290422,40.576931678731874],[-111.79724436369764,40.576702855766833],[-111.79727944326699,40.576508593143913],[-111.79732692707631,40.576285697576083],[-111.79736202175559,40.576095003563758],[-111.79738917090039,40.575881657565667],[-111.79739943273836,40.575725557330209],[-111.79740324014985,40.575525390880358],[-111.79739004614838,40.574992916570629],[-111.79739421189603,40.57487493132156],[-111.79740617999879,40.57476296467668],[-111.7974184905967,40.574680640496389],[-111.79744440557117,40.574563863517447],[-111.79746739353571,40.574469710668794],[-111.79749516299607,40.574382681317658],[-111.79754767799355,40.574240746858443],[-111.797589469687,40.574150114983773],[-111.7976359331748,40.574057055164516],[-111.79770103671062,40.573946106253118],[-111.79778648379325,40.57382797002257],[-111.79788162604034,40.573704481949278],[-111.79807564144139,40.573504380747515],[-111.79830307978688,40.573311806987498],[-111.79835495236908,40.573267885524302],[-111.79852586212002,40.57313520106549],[-111.79863982622705,40.573052015716321],[-111.79906341821307,40.572735220754765],[-111.79924287942362,40.572599384311722],[-111.79924332556153,40.572599047210637],[-111.79929666319876,40.57255866884605],[-111.799393920442,40.572485044913464],[-111.79941276082631,40.572470782732218],[-111.79974316206237,40.572213139890863],[-111.79995895334498,40.572021604023554],[-111.80024295428574,40.571730083552879],[-111.80061762349266,40.571240353039435],[-111.80078543569451,40.570959550878534],[-111.80095214314446,40.570605547041467],[-111.80117606483795,40.570058431586844],[-111.80138042390109,40.56953237070109],[-111.80148528184107,40.569247840474425],[-111.80171040536224,40.568843542588461],[-111.80182159231811,40.568688663301636],[-111.80198074908766,40.568490567725121],[-111.80219614125161,40.568246870101873],[-111.80250024971495,40.567970315502009],[-111.80275308690338,40.567720060065398],[-111.80292934713792,40.567527651789412],[-111.80308112685509,40.567342458229881],[-111.80331384830878,40.567001425344145],[-111.80348641249016,40.566695891720869],[-111.80369771728354,40.566199801756746],[-111.8037697503962,40.565935501173165],[-111.80554422327675,40.565936447815567],[-111.80555067497201,40.5655274878754],[-111.80555333919749,40.565358496430264],[-111.80555659173292,40.565152399078329],[-111.80555673568097,40.565143207943827],[-111.80556112511043,40.564865016524386],[-111.80583891971284,40.564865293202573],[-111.80634603563075,40.564865794289304],[-111.80636477023089,40.564865813260923],[-111.80637963840195,40.56486582803344],[-111.80637962062038,40.564875955251047],[-111.80633279590946,40.564875142937275],[-111.80634002670685,40.564881118159377],[-111.8063464724886,40.564887932820625],[-111.80637929469444,40.565068418810114],[-111.8063792499003,40.565094965444722],[-111.80637923502128,40.565102608664724],[-111.80637916562064,40.565144023557217],[-111.80714479400943,40.565144776658542],[-111.80716508229256,40.565144796794826],[-111.80729169197355,40.56514467601189],[-111.80727103411618,40.564585594822326],[-111.80714006666788,40.564587204882322],[-111.80710107697703,40.5645871979712],[-111.80556551006579,40.564586880484022],[-111.80556731862939,40.564472224459472],[-111.8055673534726,40.564470063833753],[-111.80557026037231,40.564285692392147],[-111.80557029345653,40.564283662225002],[-111.80558112484707,40.563597059102044],[-111.80558153187981,40.563571274576567],[-111.80558612161114,40.563280303310336],[-111.80559538999373,40.562692606162436],[-111.80559686249318,40.562599197096432],[-111.80612363327663,40.562924071465048],[-111.80610651134194,40.562943373341987],[-111.8060939181119,40.562964604126677],[-111.80608621404929,40.562987153497758],[-111.80608362354504,40.563010373960616],[-111.80608621856334,40.563033591612154],[-111.80609392817396,40.563056141856833],[-111.80610652684368,40.563077371224203],[-111.80612292377666,40.56309596729551],[-111.80614306666064,40.563112282253456],[-111.80616642396994,40.563125879657917],[-111.80619236844304,40.563136398374773],[-111.806220214598,40.563143557839119],[-111.80624921408642,40.563147167002995],[-111.80627745234727,40.563147193337521],[-111.8063053497785,40.563143851977493],[-111.80633221783066,40.56313722335161],[-111.80635739410724,40.563127471811782],[-111.80638026342174,40.563114838430032],[-111.8064002577578,40.563099632063171],[-111.80641688906607,40.563082227479967],[-111.8064193097774,40.563079134930419],[-111.80643733724369,40.563059557224989],[-111.80645954768234,40.56304266344889],[-111.80648526621579,40.563028968245021],[-111.80651371206756,40.563018884671799],[-111.80654402197791,40.563012720568267],[-111.80657527357097,40.563010664196611],[-111.80661220045994,40.563010699904581],[-111.80661169413449,40.563309369885488],[-111.80662654301015,40.56331246553988],[-111.80664053767157,40.563317361191856],[-111.80665329795119,40.563323930955676],[-111.80666448796073,40.563331995218562],[-111.80683934665522,40.563480486188112],[-111.80686127748389,40.563496229850386],[-111.8068863417483,40.563508964862997],[-111.80691383955565,40.563518333859733],[-111.80694300115758,40.563524077945097],[-111.80697301035839,40.563526031272019],[-111.8070278610018,40.563526086055759],[-111.80702459745659,40.563487689242066],[-111.8070240605324,40.563481369873855],[-111.80701515552386,40.563376561621965],[-111.80723155985257,40.563376087855964],[-111.80760160720595,40.563375076795566],[-111.80760117801651,40.5636566356035],[-111.80760112655879,40.563690952337957],[-111.8073041995426,40.563690688876498],[-111.80725925379159,40.563656334563007],[-111.80724125999379,40.563656317368604],[-111.80724115432473,40.563724940120736],[-111.80724105099868,40.563793562864916],[-111.80725904482463,40.56379357827231],[-111.80730409389655,40.563759302692638],[-111.80764797526119,40.563759607405153],[-111.80764750024926,40.564072528902713],[-111.80782874915658,40.564072689513345],[-111.80782841600714,40.5642922429561],[-111.80818322903015,40.564292547793627],[-111.80821655455989,40.564164386399945],[-111.8082202848241,40.564164342643103],[-111.81020038265444,40.564140733561999],[-111.81019503814211,40.564086727158475],[-111.81017134896626,40.563847342046394],[-111.81015769313046,40.563709357622031],[-111.81017739574683,40.563662608273759],[-111.81025044212862,40.563664291461109],[-111.81030475470774,40.563665543455286],[-111.81029594879585,40.563394068313961],[-111.8103889695262,40.563192032721147],[-111.81033606792235,40.563110942619446],[-111.8100750564282,40.562710848969516],[-111.80995209590478,40.562297594677986],[-111.80992504783784,40.562206689493131],[-111.80977716294913,40.562210977746645],[-111.80925960197455,40.562225977027957],[-111.8091275548731,40.562229804529323],[-111.80902226604628,40.56267981144061],[-111.80896569944488,40.562921561725446],[-111.80893106281239,40.563070217102634],[-111.80890452149154,40.5631841217239],[-111.80878972145797,40.563177186507318],[-111.8087897160682,40.563181689872629],[-111.8083890869203,40.563157498428971],[-111.80841297486651,40.563071721829772],[-111.80851316058508,40.562711963993557],[-111.80791866725416,40.562728848449623],[-111.80719694677315,40.562749342435914],[-111.80717331176159,40.562286424012548],[-111.80717030449165,40.562231573192754],[-111.80690933888782,40.562241465043307],[-111.80690176221452,40.562174545751809],[-111.80688706927654,40.562041472599482],[-111.8068769515764,40.561949836185136],[-111.80715481410358,40.561949096283577],[-111.80733838757361,40.561943777830876],[-111.80755187013253,40.561937594361687],[-111.80756592363893,40.562220114307252],[-111.80861872303507,40.562189613688034],[-111.80881857067959,40.562183821203462],[-111.80892821744561,40.562180644568656],[-111.80891778384333,40.561971223242665],[-111.80889678552475,40.561549773582634],[-111.80753450664184,40.561589242959883],[-111.80733779537177,40.561594941051816],[-111.80714119183713,40.561600634957472],[-111.80685671939509,40.561601615506042],[-111.8068913844079,40.56136103319767],[-111.8069028476843,40.561281468963024],[-111.8069204549615,40.561159262252346],[-111.80692562881228,40.561123366627328],[-111.80693652169576,40.561047762180209],[-111.80721773604992,40.560999181287194],[-111.80733677151194,40.560979705128375],[-111.80739498855783,40.56097017949714],[-111.80764881537498,40.560875306237278],[-111.80807095558386,40.560717522436669],[-111.80807434072226,40.560690908006514],[-111.80808116310705,40.560637285858107],[-111.80813756771043,40.560193921670631],[-111.80820447526122,40.559667996818874],[-111.80736831189236,40.55981572122019],[-111.80705070210239,40.559875699086888],[-111.80706717349645,40.559720433113014],[-111.80705573477807,40.559660116291546],[-111.80704349394921,40.559595459044701],[-111.80715130192735,40.559583943364167],[-111.80705586867755,40.558802830292443],[-111.80705708551343,40.558721797029861],[-111.80706299165861,40.558658648764087],[-111.80714929518474,40.558386786213482],[-111.80725144436923,40.558181583603783],[-111.80738327053514,40.557965598688682],[-111.80739023446905,40.557953730522108],[-111.80746073037071,40.557953390246531],[-111.80751744348788,40.557952825162246],[-111.80800001567079,40.557948007881691],[-111.80846851846643,40.557943331059285],[-111.80924426668375,40.55793558374107],[-111.80951831275064,40.557932844978659],[-111.809933145738,40.557928698881135],[-111.80998004660142,40.557928230019655],[-111.81057055976474,40.557922325133639],[-111.8105750980255,40.557922279161012],[-111.81058230728154,40.55847700972307],[-111.8105845901313,40.558652659722135],[-111.81058530398901,40.558707555927654],[-111.81064002046983,40.558707296633948],[-111.81082141918706,40.55870643356841],[-111.81090731184742,40.558706025395999],[-111.81106749454003,40.558705262870447],[-111.81115198841108,40.558704860016093],[-111.81111958414593,40.558837489503439],[-111.81108323271003,40.558986275416522],[-111.81081906325723,40.560067420789721],[-111.81078645756928,40.560200867324234],[-111.81075778970425,40.560318184250882],[-111.81075448657911,40.560331706647133],[-111.81093099440572,40.560364165138651],[-111.81120933807716,40.560415351262364],[-111.81139354045126,40.560396834590094],[-111.81135890122358,40.560347890009794],[-111.81132345872319,40.560282083194849],[-111.81131943681861,40.56020277224512],[-111.81138201451239,40.560146821670656],[-111.81142506350329,40.560058813269997],[-111.81140581357886,40.55998103493669],[-111.8114574853744,40.559934148582016],[-111.81152521715697,40.559930961083253],[-111.81168419990982,40.559912587779522],[-111.81179116612043,40.559840507060819],[-111.81183639611817,40.559712582583252],[-111.81189074259404,40.559640956191572],[-111.81203706904985,40.5596455367263],[-111.81206173751232,40.559637407932549],[-111.81215638330603,40.559453790740456],[-111.81226055278331,40.559450768517443],[-111.81250138610051,40.559393656333796],[-111.81260277665089,40.559348724235726],[-111.8126524712485,40.559296066873408],[-111.81275341377687,40.559206105822753],[-111.81291347810291,40.559133821678103],[-111.81299935493232,40.559082354289735],[-111.81310735943242,40.55897570092462],[-111.81319812469204,40.558870380170077],[-111.81317880093953,40.558785053795347],[-111.8131932089976,40.558738723638889],[-111.81330358361343,40.558585085838367],[-111.81333069737066,40.558489141864627],[-111.81337522945373,40.558439128502428],[-111.81344723751414,40.558437854897996],[-111.81355885703397,40.558424284105087],[-111.81355214198075,40.558333577215663],[-111.81359669785282,40.558288796178232],[-111.81369856002516,40.558281718668631],[-111.81382905462596,40.558264528390907],[-111.81395630236821,40.558226102234087],[-111.81408327181107,40.558127260164454],[-111.81422600914553,40.558082244481938],[-111.8142622566472,40.55810576498029],[-111.81434018683733,40.558201456266019],[-111.81440753069431,40.558219226634129],[-111.81447564728599,40.558220621957787],[-111.81454758446152,40.558211651051245],[-111.81464562851863,40.55814541201152],[-111.81472510824588,40.558055771277729],[-111.81480440703108,40.557941689513839],[-111.81479874916084,40.557843817346843],[-111.81476401125103,40.557789984620676],[-111.81491225949848,40.557714784351568],[-111.81505473603048,40.557652158774403],[-111.81536897696265,40.557614257897761],[-111.81540308324219,40.557596763895525],[-111.81540340997162,40.557618275506492],[-111.8155232533541,40.557657218154759],[-111.81558334731949,40.55768150327782],[-111.81586789341446,40.557707557231296],[-111.81592998108148,40.557708991179332],[-111.81598787817349,40.55770408878989],[-111.81612225925922,40.557692689813337],[-111.81629407165768,40.557717473965106],[-111.81637483378611,40.557736184531343],[-111.81646801181508,40.557756434139968],[-111.8166224224548,40.557828099735012],[-111.81670225545231,40.557864654475402],[-111.81680807683118,40.557935364507472],[-111.81683918952562,40.557958955269847],[-111.81687033229261,40.557980944747229],[-111.8169076826873,40.558007663841714],[-111.81697615402608,40.558051654624414],[-111.81703843176386,40.558101981113417],[-111.81710918510244,40.558193286684769],[-111.81713621909881,40.558218460997793],[-111.8171694093174,40.558237299652447],[-111.81719839433956,40.558246685464788],[-111.81722734359813,40.558240316750037],[-111.81724584980397,40.558221338274301],[-111.81729946206957,40.558181735206091],[-111.81733656322692,40.55815481479749],[-111.81738201538236,40.558142082384052],[-111.81741720868676,40.558148277542955],[-111.81743793163974,40.558154540453778],[-111.81745656256844,40.558162381626538],[-111.81748774235385,40.558192262443768],[-111.81752097683973,40.558220593679629],[-111.81755214115212,40.558255192328261],[-111.81759579583584,40.558299249942621],[-111.81762895693278,40.558311798136501],[-111.81767856215437,40.558305344770112],[-111.81772808653356,40.558281535789867],[-111.81778803937799,40.558267191329648],[-111.81787481175517,40.558248027745812],[-111.81797000867715,40.55825880648036],[-111.8180425556225,40.55829226344833],[-111.81806552743855,40.558338607214033],[-111.81808841529458,40.558366937756936],[-111.81811027631531,40.558392125875734],[-111.8181290213889,40.558424413449885],[-111.81816329112968,40.55844956789641],[-111.81819335179554,40.558464468948898],[-111.8182295281858,40.55846437078722],[-111.81825331496755,40.558460360435475],[-111.81828120346859,40.558451621139895],[-111.81833178849463,40.558430182227099],[-111.81834929333102,40.558413579496047],[-111.81836265895758,40.558401705806169],[-111.81837293211237,40.558385894707826],[-111.81838524137163,40.558364559675923],[-111.81838621378358,40.558348001821656],[-111.81839382939897,40.558298949904298],[-111.8183962587282,40.558283297701486],[-111.8184136492733,40.558242219857199],[-111.81842282493983,40.558216175520784],[-111.81844156039205,40.558190162410696],[-111.81846387627064,40.558152159202535],[-111.81853830467065,40.558098774503591],[-111.81858665995352,40.558081601856692],[-111.81863834533553,40.558079116827635],[-111.81870983722109,40.558103369379019],[-111.81875854001102,40.558128484429517],[-111.81879693715764,40.558154399480145],[-111.81884153848316,40.558184272045686],[-111.81887267825628,40.558205460401894],[-111.81891315592867,40.55823534415223],[-111.81895250642684,40.558248647145845],[-111.8190105255654,40.55826979094978],[-111.8190520308134,40.558294925456217],[-111.81909690217998,40.558323878646085],[-111.81914332938332,40.55835383547975],[-111.81922428809459,40.558422237784633],[-111.81929894374875,40.558457518172631],[-111.81938999911493,40.55846438982153],[-111.8194519686505,40.558448437823628],[-111.81952832794015,40.558407199169558],[-111.81956313007674,40.558329818078072],[-111.81959169419676,40.558249280175829],[-111.81960506009173,40.558229514736674],[-111.81961741327818,40.55821764366145],[-111.81963287437574,40.558204992109218],[-111.81965245905054,40.558192300722439],[-111.81969166924542,40.558175638623744],[-111.81971848914648,40.55816292750194],[-111.81974120019846,40.558153401374668],[-111.81975774054924,40.558147065866208],[-111.8197825059416,40.558135932934022],[-111.81985269726111,40.55810657688275],[-111.81988472749158,40.558101743117533],[-111.81992405645751,40.558102436430971],[-111.81996019188587,40.558093645642877],[-111.81998292138861,40.558088065221071],[-111.8200036075413,40.558086436173625],[-111.8200243195801,40.558090325457563],[-111.82004265128474,40.558098252815292],[-111.82005711372338,40.558112481140718],[-111.8200679798402,40.558127262542364],[-111.82013332613523,40.558183898020943],[-111.82016455151954,40.558223242213266],[-111.82018633135277,40.558238965961898],[-111.82021024382837,40.558261774891264],[-111.82022788882256,40.558275136721754],[-111.82025381513314,40.558287703929999],[-111.82027450452483,40.558294738436558],[-111.82029935556918,40.558293869967656],[-111.8203200006634,40.558291468971923],[-111.82034480726426,40.558281136406606],[-111.82036746224991,40.558267664508726],[-111.82039225030364,40.55825338618105],[-111.8204066763635,40.558243882559566],[-111.82045828390095,40.558224813132121],[-111.82054303849276,40.558207225687909],[-111.82060453240474,40.558193876320502],[-111.82062611923537,40.558192444850462],[-111.82064411632361,40.558192967500219],[-111.82066571981861,40.55819508148145],[-111.82068780368571,40.558203684705049],[-111.82070646509689,40.558209952676428],[-111.82072198474914,40.558217773246866],[-111.82073961141521,40.558227217840788],[-111.82075516856354,40.558235038304311],[-111.82077177928841,40.558243685074366],[-111.82079461257275,40.558260177833731],[-111.82082052744528,40.558278263353792],[-111.82085480173605,40.558304189010158],[-111.82088489264829,40.558325408295346],[-111.82090772598731,40.558341901032158],[-111.82093467943233,40.558357610484371],[-111.8209595598605,40.558370952403727],[-111.82100486969996,40.558375889309403],[-111.82103197975842,40.558377073181539],[-111.82105371928301,40.558376213070481],[-111.82108058745558,40.558373794904135],[-111.82110331682544,40.558368185673316],[-111.82112290881058,40.558357095216564],[-111.82114251936409,40.558349950508415],[-111.8211651968965,40.558333333189466],[-111.82120223347194,40.558293001721161],[-111.82122699901079,40.558273976877793],[-111.82124139533772,40.558258182824275],[-111.8212671619973,40.558236810622191],[-111.82128469569456,40.558226497781156],[-111.82130326015583,40.558220127916464],[-111.82132441831253,40.55821523776649],[-111.82135804589737,40.558215259994121],[-111.82139015073858,40.558218317219435],[-111.82140780713358,40.558234052042351],[-111.82143064811274,40.558252145852727],[-111.82144518544609,40.558266288023347],[-111.82145453834096,40.558278099795629],[-111.82146809327487,40.55829856365942],[-111.82148162568485,40.558322201381223],[-111.82149724990968,40.558344232171365],[-111.82152216022463,40.558363892892878],[-111.82154832656265,40.558379604362329],[-111.82158076697995,40.558390209107735],[-111.82161679349245,40.558398087696006],[-111.82165280693638,40.558403192809983],[-111.82168477581257,40.558409195383369],[-111.82171167741559,40.558413867988591],[-111.82173238587548,40.55841695638312],[-111.82175100995252,40.55842322429055],[-111.82177484492925,40.558429477897441],[-111.82179557565082,40.558437284027363],[-111.82181495908519,40.558445579927877],[-111.82183301303758,40.55845813979699],[-111.82184747336291,40.558471824643902],[-111.82186194016933,40.558486881924324],[-111.82187034787481,40.558504929481394],[-111.82188284223751,40.55852305159933],[-111.82190057316456,40.558554540759864],[-111.82192339940481,40.55856946071534],[-111.82195137680976,40.558579648717469],[-111.82197729235276,40.558589842373813],[-111.82201000288327,40.558594098663086],[-111.82203624662495,40.558594398305999],[-111.82207658430792,40.558594287530703],[-111.8221117634212,40.558597336115483],[-111.82213247951574,40.558602025613538],[-111.8221490380286,40.558607498533718],[-111.82216663879724,40.558611395985849],[-111.82218286937054,40.558618871296176],[-111.82219731170449,40.558628724717366],[-111.82221175917445,40.558639664647963],[-111.82222261287703,40.558651700976405],[-111.82223347185067,40.55866485240746],[-111.82224073313859,40.558678271058035],[-111.82224799834617,40.558692518887675],[-111.82225342427364,40.558704788147388],[-111.8222552739569,40.558708968331594],[-111.82226617832985,40.558731726805647],[-111.82228426891227,40.558752006551764],[-111.82230954030508,40.558768663870694],[-111.82233479239093,40.558781232470992],[-111.82235280896796,40.558785843571435],[-111.82238162620006,40.558791254169378],[-111.82241264148436,40.5587937422547],[-111.82243641294487,40.55879444890391],[-111.82246642649631,40.55879122117512],[-111.82249122155211,40.55878640659391],[-111.82251114551231,40.558782120073317],[-111.82253151095257,40.558776059583302],[-111.82255214110798,40.558770484438739],[-111.82257073930205,40.55876331368448],[-111.82258723082715,40.558754604712469],[-111.82260271745638,40.558747442512058],[-111.8226336685281,40.55872842895154],[-111.82266151546551,40.558710996525718],[-111.82266755338298,40.558706006557898],[-111.82267630334401,40.558698775317325],[-111.82273058544246,40.55866663063663],[-111.82279113066512,40.558627091756037],[-111.82282239277779,40.558602530290422],[-111.82284297021344,40.558593752848672],[-111.82286292414118,40.558587893582718],[-111.8229101649893,40.558580958435435],[-111.8229443056881,40.558586382830029],[-111.82298468072752,40.558594163244919],[-111.82300542666484,40.558605142916875],[-111.82303447993648,40.558628737708297],[-111.82310619063765,40.558698735413593],[-111.82311259036373,40.558707315270432],[-111.8231519932804,40.558760140857053],[-111.82317586944164,40.558782949280349],[-111.82323813761447,40.558822235693491],[-111.82334636996517,40.5588382923914],[-111.82340062441847,40.558847807145654],[-111.82345650127549,40.558851598845884],[-111.82350715236056,40.558844368125548],[-111.82356711554641,40.55884025689577],[-111.82364879959427,40.558839230897604],[-111.82374192891245,40.558848438052699],[-111.82380614208152,40.558871898057362],[-111.82383622778831,40.558882889321268],[-111.8239128321169,40.558901606178281],[-111.82395215031532,40.558899924971762],[-111.82396377211805,40.558897982513145],[-111.824004855794,40.55889111575916],[-111.82407612183664,40.558875135633748],[-111.82410668007732,40.558852913231377],[-111.82411531259184,40.558846634704821],[-111.8241559832872,40.55880612070731],[-111.82418531513366,40.558777789968396],[-111.82423487889723,40.558762670333586],[-111.82428558229795,40.55876647594215],[-111.82433214703019,40.558775039375064],[-111.82440773537283,40.558792958121742],[-111.82446778848723,40.558807774597923],[-111.82457030887149,40.55882879252016],[-111.82464917531934,40.558834407146428],[-111.82472822470116,40.558807568416015],[-111.82477388342016,40.558791172691421],[-111.82478800135128,40.558785952939793],[-111.82490291880077,40.558743465641378],[-111.82496491729812,40.558725938046422],[-111.82502174625941,40.558717116949261],[-111.82504765965523,40.558712983166892],[-111.82506205390038,40.558710686227343],[-111.82506935252681,40.558709695629311],[-111.82512716781861,40.558701842114203],[-111.82519543825252,40.558702424827679],[-111.82525958521434,40.558710939136589],[-111.8252725763484,40.558713639075989],[-111.82535692844868,40.558731170133342],[-111.82541381001026,40.558733385511154],[-111.82549027163314,40.55872213650774],[-111.82551016688994,40.558714332645238],[-111.82565237095449,40.558658553644996],[-111.8257526000173,40.5586393468624],[-111.82577545634716,40.558640268035482],[-111.82585751462057,40.558643573051157],[-111.82597139474693,40.558652408042818],[-111.8259781241912,40.558652930813295],[-111.82611062433591,40.558671490853847],[-111.82622149054818,40.558712985146869],[-111.8262273646541,40.558716421384325],[-111.82628991223936,40.558753024832853],[-111.82629855161015,40.558756062009302],[-111.82635003344504,40.558774159160343],[-111.82644217752593,40.558796776925341],[-111.82651574247834,40.558822620145698],[-111.82657493145163,40.558876095381194],[-111.82659172800106,40.558923369647502],[-111.82659419779981,40.559008569234095],[-111.82662540456256,40.559043165356286],[-111.82666272170792,40.559062018424989],[-111.82671966014327,40.55907604182655],[-111.82677347548699,40.559079837690263],[-111.82684372518173,40.559063086710047],[-111.82695012124343,40.559039915917467],[-111.82702243609623,40.559016039471658],[-111.82712979464434,40.558974709419999],[-111.82722474813242,40.558934214480637],[-111.82733511962252,40.558872374812267],[-111.8275028089728,40.558763082531911],[-111.82756934133717,40.558720320280401],[-111.82758050908751,40.558713142678762],[-111.82762485701753,40.558689372566313],[-111.82768893930034,40.558676555515667],[-111.82775412482783,40.558682692358403],[-111.82779864688779,40.558695177335586],[-111.82783390215603,40.558714007205062],[-111.82784211595111,40.558721110993233],[-111.8278630021906,40.55873917327601],[-111.82789317889429,40.558777746341747],[-111.82793258835899,40.558802883569712],[-111.82797067058604,40.558818047404124],[-111.82797195235253,40.55881855670242],[-111.82802483497248,40.558838909818022],[-111.8280952888709,40.558864732157993],[-111.82825078986043,40.558888693798842],[-111.82831161200644,40.558898066380458],[-111.82853389668273,40.558884805870903],[-111.82861982184099,40.558900348339449],[-111.8287045985732,40.558895392943214],[-111.82881834634456,40.5588887550633],[-111.8289061546546,40.558867207210433],[-111.82911923710206,40.558873700415219],[-111.82917826393917,40.558885372156496],[-111.82927863697745,40.558896127186841],[-111.82939028919232,40.55889029523366],[-111.82946990311439,40.558879806785896],[-111.82950607597952,40.558878933151121],[-111.82959496040451,40.558862900164335],[-111.82965698898614,40.558859580612832],[-111.82973111593262,40.55887732848327],[-111.82980826421429,40.558915168532756],[-111.82988993151851,40.558972696242925],[-111.82991099684477,40.558987448043219],[-111.82995356383699,40.559014148312436],[-111.83000221028139,40.559026620849018],[-111.8300767425408,40.559035103300438],[-111.83010855626952,40.559025290422944],[-111.83013352903426,40.55901758764147],[-111.83018005563173,40.559010337055732],[-111.83025140063495,40.559010936763258],[-111.83034996591587,40.559004910220565],[-111.83044062796988,40.558999366922578],[-111.83054504492381,40.558993554256823],[-111.83062048603561,40.558980703588887],[-111.83070220777267,40.55897970116461],[-111.83077882546208,40.559000758111623],[-111.83084714990787,40.559012402788582],[-111.83089579198052,40.55901621135564],[-111.83094950121985,40.559005823585181],[-111.83099190395876,40.558998584314587],[-111.83104252449661,40.558992923027191],[-111.83110045614625,40.558995132683528],[-111.83114290187321,40.559004477048333],[-111.83116677622326,40.559018620243521],[-111.83120308602233,40.559038218127945],[-111.83124670878549,40.55908149875814],[-111.83130796274091,40.559127074171272],[-111.83136080535657,40.559146653891588],[-111.83142187539164,40.559154344334999],[-111.83147980719063,40.559156553803767],[-111.83154283199659,40.559142193627814],[-111.83157589628502,40.559134208541607],[-111.83165022247762,40.559107950351468],[-111.83173289898771,40.559095107099253],[-111.83180633567882,40.559094098748716],[-111.8318736666955,40.559109548478148],[-111.83192954959837,40.559122142701263],[-111.83201035232676,40.559147961992657],[-111.83214926347728,40.559212245507943],[-111.8322093455152,40.559232576347149],[-111.83226901402448,40.559245929902517],[-111.83227558651788,40.559247399892264],[-111.83239712910749,40.559257890336553],[-111.83240805483885,40.559258833310139],[-111.8326397978762,40.559270814226537],[-111.83272566772222,40.559282408042108],[-111.83305165711018,40.559316966345051],[-111.83319445065601,40.559331543350019],[-111.83330521062979,40.559350185623828],[-111.8335445171938,40.559429164725522],[-111.83361182375066,40.559447129690881],[-111.83371740648597,40.559464957112461],[-111.83383644405781,40.559481974134108],[-111.83392446008509,40.559503025171779],[-111.83401663076111,40.559530354721041],[-111.83407500426132,40.55955377749018],[-111.83413141879306,40.559590558637623],[-111.83419384703924,40.559607507827579],[-111.83424044939706,40.559615724108063],[-111.83428623297003,40.559617509329485],[-111.83434087701144,40.559606631266384],[-111.83439231364768,40.559583867728577],[-111.83440503949603,40.55957775011607],[-111.83445111574517,40.55955560049815],[-111.83445466187116,40.559553896263083],[-111.83450924148097,40.559529894220447],[-111.83455443472201,40.559510693923031],[-111.83458254818059,40.559502293221428],[-111.8346168938847,40.559503367532855],[-111.83462746068565,40.559508028384947],[-111.83465450232163,40.559519958401545],[-111.83468427300519,40.559543691227425],[-111.83470786979733,40.559569843459471],[-111.83475034328963,40.559630510472196],[-111.83478023348961,40.5596709411125],[-111.83482260171692,40.559710135223824],[-111.83486177656654,40.559732668850138],[-111.83491648840069,40.559743234906662],[-111.83496484241014,40.559726398626424],[-111.83502095566055,40.559694071469188],[-111.83507704892394,40.559665318438626],[-111.83513696000441,40.559642959252422],[-111.83520660662009,40.559641101821974],[-111.8352815731719,40.559638514321513],[-111.83534249532035,40.559631191939637],[-111.83541736808591,40.559609533238628],[-111.83547818816469,40.559589086993384],[-111.83556851188581,40.559576133384944],[-111.8356265804883,40.559575566915491],[-111.83569811055878,40.559583168011869],[-111.83571871925788,40.559598157754031],[-111.8357298278291,40.559606237366893],[-111.8357658972341,40.559629980479492],[-111.83582538914858,40.559659603808832],[-111.83589110889724,40.559674912882535],[-111.8359660460299,40.559666349138553],[-111.83600803341976,40.559628086082832],[-111.8360390058066,40.559568409990867],[-111.83608414595932,40.559538515556135],[-111.83613563100417,40.559518095720414],[-111.83620273498632,40.559502406080689],[-111.83627305637484,40.559508180353788],[-111.83634189936922,40.559525853420645],[-111.8363442509891,40.559527106545545],[-111.83653769703807,40.559630141432301],[-111.83671008108361,40.559715053251558],[-111.83680742221543,40.559748582906025],[-111.83687588003278,40.559772162960464],[-111.83704528864264,40.559816195161808],[-111.83713553636774,40.559833377352241],[-111.83722173014026,40.559834359026176],[-111.83730112255881,40.559824580722029],[-111.83738710049882,40.559797084489659],[-111.83750065372088,40.559735826547858],[-111.83772669916793,40.559633871591764],[-111.83791684520027,40.55954277052556],[-111.83799328564109,40.559519904762695],[-111.83807138332079,40.5595137323564],[-111.83813705609694,40.559519490320014],[-111.83819645439765,40.559530041335712],[-111.83827306614454,40.559541743568218],[-111.83834690164133,40.559568150449664],[-111.83847647150004,40.559599543139178],[-111.83857495330068,40.559606407057373],[-111.83858401959802,40.559606103889983],[-111.83869208894156,40.559602494729248],[-111.8387922262482,40.559633200062876],[-111.8388657798789,40.559655633035383],[-111.83895327946169,40.559655380173524],[-111.83902387524319,40.559640851130766],[-111.83908282396675,40.559628786107879],[-111.83919282134805,40.559599189008445],[-111.83927313995255,40.55957222242624],[-111.83932156401833,40.559569709126102],[-111.83936694163457,40.559580300115755],[-111.8394217684978,40.559606332434683],[-111.8394782690514,40.55965980895273],[-111.8395565742594,40.559695323231487],[-111.83964744059411,40.559746298366214],[-111.83969452158929,40.559790252069696],[-111.83969310721825,40.559822423043421],[-111.83969795368769,40.559854604474637],[-111.8397199837996,40.559881932542737],[-111.83975603505039,40.559909248579849],[-111.83979990364078,40.559932939265579],[-111.83982185676324,40.559944798844043],[-111.83984381983691,40.559966179784631],[-111.83987515712285,40.559980385359644],[-111.83989705497649,40.559988670986876],[-111.8399267821143,40.559995733020273],[-111.83995327708725,40.559986134826005],[-111.83999534738068,40.559957391496503],[-111.84002496178415,40.559941836944311],[-111.84006386325052,40.559916676874408],[-111.84011059010064,40.559882001294525],[-111.84013070540669,40.559848575182997],[-111.84015557997455,40.559822283458423],[-111.84018047234589,40.559799565774149],[-111.84020226323538,40.559786407070071],[-111.84023038780551,40.559780349589566],[-111.84030403537356,40.559829000967362],[-111.84033229090072,40.559849191254507],[-111.84038075481705,40.559862146095966],[-111.84043387704344,40.559861991901997],[-111.84043728549055,40.559862305463561],[-111.84049640125936,40.559867757684948],[-111.84055737072777,40.559869982444745],[-111.84062301841712,40.559878112290619],[-111.84067469119098,40.559903009472507],[-111.84068085403949,40.559907325162996],[-111.84071705288352,40.559932680084401],[-111.84074216940324,40.559962372194668],[-111.84078598494965,40.559975368966974],[-111.84083908340595,40.55997043966471],[-111.84088434250768,40.559957212626493],[-111.84096224378263,40.559911695202942],[-111.84130292199752,40.559815976352432],[-111.84141465123035,40.559780482016095],[-111.8414974350452,40.559774293686345],[-111.84157701175165,40.559749043253412],[-111.84160810290989,40.55972153221451],[-111.84164222986311,40.559671395431664],[-111.84165818409446,40.559608244679545],[-111.84165718849296,40.559536708433164],[-111.84164303222161,40.559457318916103],[-111.84161430313891,40.559395013146251],[-111.84159559995173,40.559328446432744],[-111.84162046261331,40.559262496227987],[-111.84168500697281,40.55921510149917],[-111.84177489773371,40.559198370117187],[-111.84196798711748,40.559202153338525],[-111.84205398325801,40.559216198940007],[-111.84210098772289,40.559244654621757],[-111.84217924003781,40.559269445016312],[-111.84227457266709,40.559276315016824],[-111.8423948386574,40.559268815752759],[-111.84248223007181,40.559247115980419],[-111.84259154923616,40.559239648482318],[-111.84259606854897,40.559239547714618],[-111.84271498818049,40.559236914616271],[-111.84280367044397,40.559235720796963],[-111.84282902329933,40.559235380415238],[-111.84291664808977,40.559260142919605],[-111.84297451589684,40.559271896890237],[-111.84312148970105,40.559312183099145],[-111.84320457447535,40.55935105491627],[-111.8432981745385,40.559378630334621],[-111.84339381713178,40.559387442828061],[-111.84349255469002,40.559385495289973],[-111.8436247774784,40.559340303039981],[-111.84370273024173,40.559305505922943],[-111.84381238995852,40.559291231204739],[-111.84381421509001,40.559291669042238],[-111.84390900473362,40.559314422601517],[-111.84408279043413,40.559385680747461],[-111.84417809802842,40.559387516943779],[-111.84427337241154,40.55937534269318],[-111.84438500709479,40.559366122565947],[-111.84441865406367,40.559377289313915],[-111.84445353389572,40.559395028772791],[-111.84450338461882,40.559444948317974],[-111.84456922118727,40.559497880302224],[-111.8446240540919,40.559517305243531],[-111.84468090926813,40.559521455666342],[-111.84475992296971,40.559503781810676],[-111.84478924855166,40.559496238240094],[-111.84479736386298,40.559494150338764],[-111.84483555990775,40.559500414225226],[-111.8448506183346,40.559520213342083],[-111.84488266667049,40.559563665915995],[-111.84489272939867,40.559571368885351],[-111.84491518356009,40.559588560382913],[-111.84498071465345,40.559603235882541],[-111.84506287371559,40.559614459879846],[-111.84510742847993,40.559632656753529],[-111.84519511955432,40.559677661054266],[-111.84526711295103,40.559702496404398],[-111.84532348660244,40.559722574116179],[-111.84538395588197,40.559766686272894],[-111.84540841639549,40.559836723745072],[-111.84544477278638,40.559916447717733],[-111.8454950658314,40.55997946102687],[-111.84555803103441,40.560027768876623],[-111.8456192818082,40.560041055584158],[-111.84569537308334,40.560038458112722],[-111.84577396391583,40.56002604589726],[-111.84582188732701,40.560035683323292],[-111.84586622341587,40.560051786130465],[-111.84588209446075,40.560057550806434],[-111.84593787307512,40.560108052698546],[-111.84597271209243,40.560184121100924],[-111.84595435207731,40.560274814382922],[-111.84595013729583,40.560367781948159],[-111.84595173794122,40.560408959765752],[-111.84595233621911,40.56042436057421],[-111.8459818809185,40.560461815737192],[-111.84603188856971,40.560497952434609],[-111.84609940448863,40.56053415181357],[-111.84616535792533,40.560557946499273],[-111.84622300889021,40.56056358065117],[-111.84626973461572,40.560558753483086],[-111.84633059188545,40.560523947925311],[-111.84639897807489,40.560495238952342],[-111.84644603417708,40.560489038284437],[-111.84649251294837,40.56048727118425],[-111.84654296775861,40.560500675083091],[-111.84655780469333,40.560508097529912],[-111.8465934828762,40.560525944785589],[-111.84669842581609,40.56063817577526],[-111.8467937356908,40.560654849495826],[-111.84685151434131,40.560648702736536],[-111.84690364035764,40.560651579394666],[-111.84694852703669,40.560675836252187],[-111.84700032387659,40.560724548064869],[-111.84702389427244,40.560751870203546],[-111.84706979091307,40.560768289604432],[-111.8472131064692,40.560781103845287],[-111.84726151290646,40.560775013224536],[-111.8473256010211,40.560778397537312],[-111.84736158284861,40.560791386461041],[-111.84746161045878,40.560799439239318],[-111.84751320243775,40.560800487271187],[-111.84761161296656,40.560800195622093],[-111.84767099654523,40.560799991000401],[-111.84778503431117,40.56079848057356],[-111.84781760035808,40.560808795339966],[-111.84794154669369,40.560848053694251],[-111.8479734647358,40.560863617114499],[-111.84801201632892,40.560882413270143],[-111.8481620555076,40.560890317034989],[-111.84835886645112,40.5608877025089],[-111.84852312775911,40.560920210540502],[-111.84859043730731,40.560945029172331],[-111.84888141763858,40.561021764712393],[-111.8490503598626,40.561060434120265],[-111.84914891815359,40.561081613917935],[-111.84929130552095,40.561125279989994],[-111.84938991875082,40.56115715311978],[-111.84955559112971,40.561172156722392],[-111.84964783381551,40.561182604040944],[-111.84971366159181,40.561181521390033],[-111.84977119037544,40.561163164823682],[-111.8498304207899,40.561140342679884],[-111.84990854975875,40.561140109601375],[-111.8500258777452,40.561165979061016],[-111.8500336004458,40.561171392213375],[-111.85008823289301,40.561202325573568],[-111.85013550500041,40.561218090970307],[-111.8501886159308,40.561215530601388],[-111.85024480196894,40.561205841423423],[-111.85033629993269,40.561180749603167],[-111.85046592579724,40.561192171125953],[-111.85059634516588,40.561204791030072],[-111.85070279995462,40.561244988705745],[-111.85078739747445,40.561292399857379],[-111.85083147312484,40.561355429457926],[-111.8508661885481,40.561420860244688],[-111.85089447155407,40.561452942497638],[-111.85094970452305,40.56148388616753],[-111.8509977722686,40.561484800250049],[-111.85105403589525,40.561475596530713],[-111.85111315860986,40.561439163902854],[-111.85120838943151,40.561396361300744],[-111.8512878302861,40.561381455281584],[-111.85132665797911,40.561378556538607],[-111.85173193248352,40.561348293296355],[-111.85184154089963,40.561340108650313],[-111.85226271673797,40.561355885636722],[-111.85242850238033,40.561399849326406],[-111.85256940891388,40.561453866456475],[-111.85265341773575,40.561465965953523],[-111.85300124825353,40.561516063062001],[-111.85320812621863,40.561545859329492],[-111.85349555003781,40.561587255253038],[-111.85372021936773,40.561619613229489],[-111.85380098110006,40.561635352980936],[-111.85383400717981,40.561649176239712],[-111.8538406574857,40.561651960054441],[-111.85388034827849,40.561671340570257],[-111.85391285655048,40.561693744988951],[-111.85394537344845,40.561717807753503],[-111.85396703621053,40.561730923643154],[-111.8539886903753,40.561742381173779],[-111.85402831715821,40.561749409753396],[-111.85406792955381,40.561753664863893],[-111.85411112409703,40.561754649568762],[-111.85415070235932,40.561752328416048],[-111.85418307254706,40.561748113302642],[-111.85420464554369,40.561743930790378],[-111.8542262284854,40.561741663960035],[-111.85424421949065,40.561740780428558],[-111.85426581965484,40.561741830300882],[-111.85428742828414,40.561744509931906],[-111.85430904404349,40.561748561990612],[-111.85432707069316,40.561754540604944],[-111.85435953637516,40.561768710309032],[-111.8544021949496,40.561780184713605],[-111.85443522367513,40.56178906839294],[-111.85450373993203,40.561814651989451],[-111.85456868436981,40.561845478822363],[-111.85459396493907,40.561862157755193],[-111.85460482784002,40.561874762917057],[-111.85461209866101,40.561888722799566],[-111.85461577338698,40.561903265410535],[-111.85461585186719,40.561918362158018],[-111.85460875791649,40.561938427142266],[-111.85458756012905,40.561970172027856],[-111.85457661594563,40.561986560182881],[-111.85454447675296,40.562035236467914],[-111.85454459370679,40.5620577386264],[-111.85454830691718,40.562079686650172],[-111.85455921115886,40.562100240480937],[-111.85457730079008,40.562118313608359],[-111.8545989737591,40.562133345064844],[-111.85462422724117,40.562144791594278],[-111.85464585028259,40.562150216021756],[-111.85479723308342,40.562192304196309],[-111.85495574997435,40.562222018506567],[-111.8551142012133,40.562239094796624],[-111.85514660313078,40.562240940990051],[-111.85521499146854,40.562241820401773],[-111.85528700897818,40.562248464519314],[-111.85535545750007,40.562260895146451],[-111.85543114981478,40.562282053168602],[-111.85546001837582,40.56229651939573],[-111.85548170873101,40.56231483880471],[-111.85549621670607,40.5623362108146],[-111.85550713706958,40.562359795340853],[-111.85551448397523,40.562388308654796],[-111.85565175483303,40.5624847933572],[-111.85596506716746,40.562520355786312],[-111.85626814295215,40.562663257135313],[-111.8564519772797,40.562716224210746],[-111.85654549399783,40.562704417061816],[-111.8566934623377,40.562781367750326],[-111.85702802086004,40.562806765901179],[-111.85719754707542,40.562819634693255],[-111.85723665553252,40.562828625946004],[-111.85723809905805,40.562824171799633],[-111.8575001605945,40.562873582164741],[-111.85749075207022,40.562902546723848],[-111.85748883122893,40.562908473068575],[-111.85785529531904,40.563072666325994],[-111.85789360567074,40.563089830177411],[-111.85817856992918,40.563311218942722],[-111.85822970162698,40.563350942530995],[-111.8586754636048,40.563932872431572],[-111.8587730224593,40.564005028079542],[-111.85896332098015,40.564074138849101],[-111.85896414738257,40.564074438330699],[-111.85905082113699,40.564129900298809],[-111.85934042336534,40.564445506538682],[-111.85955343908425,40.564570576021879],[-111.85964789412705,40.564736353105616],[-111.85973407519297,40.564812763831327],[-111.85973829878347,40.564816507248928],[-111.85982847922,40.564854116000532],[-111.86015276745128,40.564920914040044],[-111.86044812617614,40.564962009437281],[-111.86139674535399,40.565340631834431],[-111.86152257228123,40.565377970388781],[-111.86152387805548,40.565374980209128],[-111.86156269840673,40.565285908513765],[-111.86181885613534,40.565350853279632],[-111.86177011829623,40.565462726195548],[-111.86183792148066,40.565492258849083],[-111.86204229907112,40.565581278902229],[-111.86246771957813,40.565713092730803],[-111.86257228018908,40.565746966461781],[-111.86265653870065,40.565784419783796],[-111.86267137408404,40.565797172736303],[-111.86271119094174,40.565831400211465],[-111.86273874133265,40.565893532809689],[-111.86278102118447,40.565940551467456],[-111.86286383547694,40.565998063337979],[-111.86308384794685,40.566150857545644],[-111.86312367377215,40.566201657914419],[-111.86312559991511,40.566214849285956],[-111.8631313783104,40.566254416251795],[-111.86312919497934,40.566309120914859],[-111.86310243435651,40.566388405640268],[-111.86308537371384,40.5664374949951],[-111.86309309849175,40.566494056100836],[-111.86311568050081,40.566552458328957],[-111.86316309077867,40.566633400527856],[-111.86318841814051,40.566673541353673],[-111.86321296565517,40.566712447952895],[-111.86328240609025,40.566748088175466],[-111.86335424056284,40.566768595385675],[-111.8634087534694,40.566789184815654],[-111.86348074144165,40.566845518163277],[-111.86354289918559,40.566907571888834],[-111.86363482183886,40.566982714550036],[-111.86373897945765,40.567038976587064],[-111.86385726289221,40.567100484364516],[-111.86397457553137,40.567162709852568],[-111.86408374324739,40.567230278753058],[-111.86425830560732,40.567383050945438],[-111.86439904313731,40.567457498124092],[-111.86452042320772,40.567494834754406],[-111.86466652887498,40.567528320147034],[-111.8647852935147,40.567539273551041],[-111.86491155255678,40.567563413356631],[-111.86510213587371,40.567598646938613],[-111.86522852634268,40.567647289957648],[-111.86534008978668,40.567699753264492],[-111.86542702590168,40.567767361560634],[-111.86549415562976,40.567833172985921],[-111.86561566831254,40.567895012029588],[-111.86576429341413,40.567943585156442],[-111.86589055355103,40.567967723904282],[-111.86598209576204,40.567971212537749],[-111.8660787014159,40.56800296349634],[-111.8661185275302,40.568046214342374],[-111.86616330589135,40.56809699819194],[-111.86617545880013,40.568103120195481],[-111.86623026440594,40.56813072869484],[-111.86628459686165,40.568117349196775],[-111.8663115570001,40.56807577696447],[-111.86639061510857,40.568058574546541],[-111.86647963525107,40.568060183550926],[-111.86657379134115,40.568094786731109],[-111.86657629903989,40.56809570815701],[-111.86663760919751,40.568117050415076],[-111.86670638537535,40.568140992680824],[-111.86680929754768,40.568194939862458],[-111.8668960430408,40.568226720983134],[-111.86696527685378,40.568230278630971],[-111.86703707353013,40.568243263815155],[-111.86707672774567,40.568254433842078],[-111.86710898180225,40.568276978326871],[-111.86725820906487,40.568346506136614],[-111.86738866241073,40.568385793217587],[-111.86750543632594,40.568420959201283],[-111.86766386756909,40.568444966641827],[-111.86781484796674,40.568470912946005],[-111.86796100824301,40.568513829658627],[-111.86807012081688,40.568570043696276],[-111.86813711144836,40.568609462958321],[-111.86821400042005,40.568648822515385],[-111.86829322469816,40.568669303496876],[-111.86833259045483,40.568674707211272],[-111.86838729353876,40.568682217917917],[-111.86841027910673,40.568689408272384],[-111.86850592840757,40.56871941429069],[-111.86856332929213,40.568737420687931],[-111.86861770989326,40.568760695821588],[-111.86867721599901,40.568788815580682],[-111.8688482900546,40.568869366662554],[-111.86906835289267,40.568939784499307],[-111.86920746563116,40.568975716617111],[-111.86936381165283,40.568995124899061],[-111.86960812164017,40.568980116114901],[-111.86967968163373,40.568979890593866],[-111.86982082614462,40.568979445649497],[-111.870038473096,40.568984420563076],[-111.87013749193511,40.568997317964595],[-111.87038276257979,40.56908329400035],[-111.87060296303125,40.569095808280366],[-111.87078605435646,40.569110297989837],[-111.87086270287122,40.569111942780445],[-111.87095174146204,40.569109774098102],[-111.87103822702626,40.569100093540541],[-111.8711321943005,40.569094134891436],[-111.87120397198376,40.569103314755019],[-111.87126339728138,40.569116336505232],[-111.8713178425395,40.56912371263369],[-111.87169569739785,40.569132301683339],[-111.87169328975546,40.568884860801369],[-111.87180047112078,40.568689290015023],[-111.87158936737667,40.568742741161593],[-111.87159104506119,40.56873410084544],[-111.87164259956074,40.568465594821966],[-111.87166046523377,40.568372611863758],[-111.8714264927295,40.568371351532761],[-111.87118603348735,40.56837005407818],[-111.87093110116338,40.568368716124517],[-111.87086915837624,40.568368368740458],[-111.87083295505225,40.568364480227693],[-111.87067759950388,40.568347758488059],[-111.87042867837398,40.568321010108036],[-111.87019701483219,40.568296093851792],[-111.86996535145963,40.56827117713776],[-111.86973368825628,40.568246259965896],[-111.8695019877285,40.568221342454315],[-111.86927032486371,40.568196424366789],[-111.86896029088076,40.568163088785894],[-111.86894967365777,40.568161921289757],[-111.86894746029013,40.568161699510384],[-111.86896276457954,40.568142122539101],[-111.86904159472337,40.568041313928184],[-111.86906914990142,40.568006086767845],[-111.86906945439129,40.56799999555956],[-111.86908290862263,40.567728608258435],[-111.86908297695692,40.567727378556121],[-111.86906531943113,40.567720857791841],[-111.86897830956963,40.567688793172394],[-111.86890613939654,40.567662171618089],[-111.868693236311,40.567583724984694],[-111.86808139123454,40.56735822013421],[-111.86807853603527,40.567357171163508],[-111.86795653755949,40.567483533522974],[-111.86789460482674,40.567547460991172],[-111.86788916086189,40.567553053648695],[-111.86752244904442,40.567472771217147],[-111.86738145551053,40.567441932488521],[-111.86723182817144,40.567409176317796],[-111.86722723920808,40.567406445783853],[-111.86722340242049,40.56740414178568],[-111.86700493706954,40.567273956663435],[-111.8667780842066,40.567138707853459],[-111.86677437376582,40.567138976791099],[-111.86635954056058,40.567166578601224],[-111.86602319110153,40.567188958909135],[-111.86567109963485,40.567212388077159],[-111.86534815704235,40.567168875595243],[-111.86534500531671,40.56716845652177],[-111.8650700345171,40.567023003720067],[-111.86486232851092,40.56691259587641],[-111.86466989149758,40.5668107751939],[-111.86447738068399,40.566709068793621],[-111.864409477027,40.56667345309414],[-111.86426618502138,40.566597784355942],[-111.86409597138503,40.566507759686665],[-111.86405384350871,40.566447302452517],[-111.86400789933627,40.566381310055419],[-111.86399320174344,40.566360197044972],[-111.86391785938338,40.566251378144798],[-111.86384622402757,40.566148637945631],[-111.86380443479028,40.56608832252779],[-111.86374525145064,40.56600038326836],[-111.86368746539554,40.565914298171862],[-111.86365807092341,40.565872129245371],[-111.8636573529261,40.565871073540194],[-111.86354115694185,40.565757606056181],[-111.86338583681217,40.5656053163613],[-111.86331656648262,40.565538052085245],[-111.8632598835726,40.565482929290845],[-111.86322980776374,40.565453543318604],[-111.8630955995945,40.565379131666354],[-111.8629326248588,40.565288768348601],[-111.86288295046478,40.565261244274112],[-111.86267361110311,40.565145176194413],[-111.86267030207011,40.565143356490807],[-111.86246344535033,40.565028681400534],[-111.86245765441045,40.565025468316442],[-111.86226907355726,40.564920915417751],[-111.8622448241257,40.564908352321588],[-111.86202714369145,40.564795597006785],[-111.86180980246502,40.564683040388005],[-111.86157193461281,40.56455982436421],[-111.86148516405538,40.564514886692436],[-111.86142516164652,40.564483819733368],[-111.86140516075469,40.564473445011878],[-111.86132530797241,40.564432088590927],[-111.86106578706081,40.564297672694629],[-111.860727688227,40.564185399979912],[-111.86044697829621,40.564092021298016],[-111.86002546539656,40.563952039166942],[-111.85988466305837,40.563905664961517],[-111.85988105754724,40.563904475129213],[-111.85988109023234,40.563782755653534],[-111.8598811725914,40.563613600628372],[-111.8598813387808,40.563225825054779],[-111.85988053422464,40.563094643909444],[-111.85971846180358,40.563010020451152],[-111.85963804637869,40.562968092736213],[-111.85939819313027,40.56284330573623],[-111.85931418783552,40.562781716972545],[-111.85918923375786,40.562690059600328],[-111.85907677539008,40.562607570707875],[-111.85894188605384,40.562508652329001],[-111.85887401826083,40.562435748300821],[-111.85887273605917,40.562434322585631],[-111.85885882245584,40.562419239582582],[-111.85883985639184,40.562398710817007],[-111.85883812054441,40.562396571670099],[-111.85883384455165,40.562389064853541],[-111.85880234152788,40.562330059972183],[-111.85871218177368,40.56216018016147],[-111.85863728035433,40.562018646241583],[-111.85859971623799,40.561947679458406],[-111.85853931877546,40.561833635963779],[-111.85853496960301,40.561833592074152],[-111.85847112201176,40.561833472725418],[-111.85786605489727,40.561833118948655],[-111.85738575902414,40.561833068126326],[-111.85699907772067,40.561832987745305],[-111.85650258545141,40.561832868235946],[-111.85599552077599,40.56183275012453],[-111.85584754410924,40.561832713130919],[-111.85584623180029,40.561832688519935],[-111.85584394489329,40.561832695458797],[-111.85584400424509,40.561765016175443],[-111.85584407946021,40.561592572900686],[-111.85584414575787,40.561454355200226],[-111.8558442877807,40.561115044215143],[-111.85584460556564,40.561082533254428],[-111.85584437858041,40.560895279786315],[-111.85583822399498,40.560894097563384],[-111.85579101295914,40.560884862365477],[-111.85552467305995,40.560832887788386],[-111.85527086763534,40.560783276430449],[-111.85501695070613,40.560733779232045],[-111.85475023664399,40.560681718250947],[-111.85442925728985,40.560619098378531],[-111.85442531452624,40.560618338288833],[-111.8544225398154,40.560617803411375],[-111.85442021293397,40.560617324365978],[-111.85442200518526,40.56057262842068],[-111.85442446106441,40.560511346650976],[-111.85442843942235,40.560411174083143],[-111.8544350445862,40.560246545418323],[-111.85444307041314,40.560045084928873],[-111.85445103458498,40.559846197960781],[-111.85445896107279,40.559647282497522],[-111.85445929510786,40.559639418468009],[-111.85446198318409,40.559572331634421],[-111.85446692500329,40.559448366904746],[-111.8544747764208,40.559249451635829],[-111.85448259030372,40.559050536464056],[-111.85448997944123,40.558870894112836],[-111.85449077902754,40.558851620142917],[-111.85449177219651,40.558777615376982],[-111.854492886554,40.55869446769136],[-111.85448853501838,40.558694380770234],[-111.85448415068029,40.558694293948065],[-111.85399808101991,40.558697106052108],[-111.85400013469922,40.558673396413518],[-111.85400029185558,40.558671623184928],[-111.85400045135498,40.558669849949247],[-111.85400047504478,40.558645517396265],[-111.85400091648781,40.557827532814294],[-111.85400179110921,40.557386971972456],[-111.85400179673474,40.557383540816517],[-111.85400180001727,40.557380109667683],[-111.85400183339955,40.557354032910773],[-111.85446069308165,40.557354333847641],[-111.85446094209722,40.557105089423253],[-111.8544611193341,40.556942590478222],[-111.85446202140722,40.556942593112787],[-111.85446350217643,40.556942590424008],[-111.85455546101788,40.556942653758497],[-111.85461765412484,40.556942694449937],[-111.85461766286717,40.556942122566916],[-111.85461766926655,40.556941550690894],[-111.85461766814211,40.556911585408002],[-111.85461771196248,40.556495416591467],[-111.85461768516213,40.556492514499737],[-111.8546176607048,40.556489612400888],[-111.85489574688192,40.556489743308241],[-111.85489732135039,40.55648973854337],[-111.85489889581883,40.556489733778484],[-111.85490685102326,40.555967890396843],[-111.85490703712449,40.5559568244039],[-111.8549072076798,40.555947273878544],[-111.85507796415057,40.55594732882583],[-111.85518971496934,40.555947362108945],[-111.85558341095937,40.555947520011699],[-111.85558629752708,40.555947523768346],[-111.85558918409477,40.55594752752495],[-111.85567915462414,40.555947565623413],[-111.85567913887181,40.55594903820257],[-111.85567912311951,40.555950510781749],[-111.85567798400352,40.556039409383452],[-111.85567570852744,40.556307617126862],[-111.8556756940323,40.55630843206675],[-111.85567567953716,40.556309247006617],[-111.85576568804947,40.556309288499065],[-111.85684597839024,40.556309923410907],[-111.85800671799181,40.556310611958416],[-111.85801766444425,40.55631061249391],[-111.85801794876392,40.556283534204624],[-111.85801811455467,40.556268694013411],[-111.85801815354689,40.556264962528459],[-111.85801819253906,40.556261231043486],[-111.85865016412434,40.556261612402224],[-111.85865282573521,40.556261607836142],[-111.85865279354513,40.556263952547759],[-111.85865224257465,40.556307558318103],[-111.85865163274869,40.556355567565433],[-111.85864875351521,40.556585148289408],[-111.85864583978109,40.556815300954803],[-111.85864490468688,40.556897261606004],[-111.85864427439964,40.556952522762543],[-111.85864142764353,40.557181159769421],[-111.858638641414,40.557407051658828],[-111.85863588739305,40.557631942680509],[-111.858633090154,40.557855747286958],[-111.8586303630631,40.558078636688705],[-111.85862696840226,40.558352823630955],[-111.85862274818089,40.5586482575304],[-111.85862286525382,40.558666070496784],[-111.85862341958541,40.55876171176925],[-111.86033473692059,40.558759756023342],[-111.86218342040854,40.558766820732863],[-111.86269707032801,40.558768778779921],[-111.87050891807098,40.558772935294058],[-111.87054792951714,40.558862085999316],[-111.87074572759319,40.559373415414491],[-111.87075273790157,40.559394065863764],[-111.87075982055026,40.559414230005814],[-111.87076660344708,40.559434423687748],[-111.8707724125677,40.559454792004779],[-111.87077762249011,40.559475276587058],[-111.87078324432808,40.559495674088154],[-111.87078748032036,40.559516304713028],[-111.87079212822795,40.559536848256755],[-111.87079520253262,40.559557568332472],[-111.87079853926234,40.559578287578191],[-111.87080168839348,40.559598978823978],[-111.87080375096612,40.559619787876322],[-111.8708057010729,40.559640597284044],[-111.87080675159883,40.559661438128742],[-111.87080768965816,40.559682279328904],[-111.87080772798012,40.559703123373716],[-111.87080761650112,40.559723996484827],[-111.87080739239931,40.559744841359027],[-111.87080585602286,40.559765661789442],[-111.87080421185446,40.559786480773461],[-111.87080255833223,40.559807303360934],[-111.87079969530785,40.55982804220691],[-111.8707968229095,40.559848781082295],[-111.87079352391457,40.559869492713354],[-111.87078917444344,40.559890064701392],[-111.87078463752363,40.559910637281696],[-111.87077982859066,40.559931171406582],[-111.87077503836061,40.559951698323701],[-111.87068531552218,40.560294895587603],[-111.87070578520537,40.560294916663914],[-111.87063955089846,40.560531474192686],[-111.87063302589026,40.560531589527713],[-111.87062148233892,40.560531788630215],[-111.8706148714095,40.56055662986855],[-111.8705642783444,40.560746844355776],[-111.87053116902123,40.560871384865102],[-111.87050971530013,40.560952084358256],[-111.87048825684198,40.561032783859709],[-111.87046107839853,40.561135003211469],[-111.87043246243502,40.5612426329198],[-111.87039670736802,40.561377130229666],[-111.87032947235664,40.561630017123427],[-111.87031505976432,40.561698265390028],[-111.87030633606425,40.561698255407293],[-111.87028437923981,40.561842632575619],[-111.8702569968282,40.562022653480923],[-111.87025387845006,40.562093959454636],[-111.8702510789941,40.562157973257499],[-111.8702483628322,40.562220065717639],[-111.87024573948611,40.562278537321028],[-111.8702406407955,40.562391235814239],[-111.8702405776781,40.562392558429991],[-111.87024042585684,40.562395670162125],[-111.87071064461874,40.562396415025759],[-111.87089065657487,40.562396894884948],[-111.87118997419093,40.562397238178818],[-111.87134110238523,40.56239744598895],[-111.87137443234207,40.562397495925524],[-111.87146651689639,40.562397763644192],[-111.87150200493319,40.562397812070266],[-111.87171264358565,40.562398054259241],[-111.87189785200036,40.562398391009118],[-111.87195960060339,40.562398497197712],[-111.87197039817771,40.562398516563619],[-111.87214626878342,40.562398394672492],[-111.87215016787015,40.562398394809399],[-111.87215399195621,40.56239839161006],[-111.87216225390615,40.562401365848942],[-111.87212683561381,40.56000742948364],[-111.8721353041084,40.558774781991062],[-111.87214357986339,40.557569996450674],[-111.87220734214389,40.555173090567159],[-111.87221403977041,40.554921282243058],[-111.87228360889368,40.552433195835881],[-111.87228235192192,40.551522313736129],[-111.87228148712244,40.550896687359952],[-111.87224857025676,40.549624310053225],[-111.8722672331954,40.547333265846625],[-111.87227025837998,40.545985187126995],[-111.87206189316291,40.544632029709277],[-111.8720093493759,40.544274208588817],[-111.87200888368156,40.544273007373548],[-111.87116845102396,40.544271296191226],[-111.87116456933204,40.544271288821662],[-111.87101590295464,40.544270978405265],[-111.87101589376245,40.54426928787359],[-111.87101509802595,40.544123374980025],[-111.87101525144507,40.544042592133586],[-111.87101568676013,40.543815905472961],[-111.87101595661139,40.543675972266989],[-111.87101598778521,40.543658441085029],[-111.87101639886868,40.543445393329442],[-111.87101644156064,40.543422225713776],[-111.87101682651999,40.543222468407514],[-111.87101705313313,40.543104310667658],[-111.87101724885561,40.543002874568437],[-111.87101766884599,40.542783280717998],[-111.87101771850102,40.54275751647149],[-111.87101809117617,40.542563686841291],[-111.8710182438296,40.542483195239484],[-111.87101851117092,40.542344094740329],[-111.87101893349568,40.542124500826077],[-111.87101838137366,40.542102228612585],[-111.87101871865978,40.54190490712233],[-111.8710190964747,40.541685313311412],[-111.8710192154967,40.541615008052986],[-111.8710201981209,40.541465720765245],[-111.87102062043479,40.541246126775945],[-111.87102104041324,40.541026534562299],[-111.87102146272169,40.540806940535511],[-111.87102177699919,40.540642440247616],[-111.87056265434174,40.540640818533973],[-111.87044527877556,40.540640403153098],[-111.8700567824704,40.540639029852947],[-111.8692617010674,40.540636202334511],[-111.86922152040711,40.540636098348521],[-111.86866394553419,40.540634654113362],[-111.8684840749446,40.540634099085892],[-111.86836961574569,40.540633679609257],[-111.86807134296126,40.54063258271524],[-111.86747767636248,40.540630399071908],[-111.86744810933625,40.540630289803751],[-111.86741979320692,40.540630185543314],[-111.86739102731505,40.540630079111232],[-111.86733432946916,40.540629870761443],[-111.86710133982356,40.540629011819327],[-111.86700153062206,40.540628643423339],[-111.86691334022318,40.540628318999254],[-111.86660046669654,40.540627165767646],[-111.86649367217494,40.540626772317751],[-111.86631148198251,40.540626099687827],[-111.866255990534,40.540625895982551],[-111.86602249493514,40.540625032902987],[-111.86596815599388,40.540624832611698],[-111.86572087714546,40.540623919027539],[-111.86568032146273,40.54062376853414],[-111.86539248459822,40.540622703757293],[-111.86522499127251,40.540622085496864],[-111.86510465009461,40.540621640053502],[-111.86510440728334,40.540444481985972],[-111.86510412432592,40.540239243888244],[-111.86510409513814,40.540218465781074],[-111.86510389800549,40.540075674581772],[-111.86510356186297,40.539866186980468],[-111.86510335360008,40.539713872528033],[-111.86510327787774,40.53966031800595],[-111.86510299623654,40.539454449007643],[-111.86510296527052,40.539432025012822],[-111.86510271225474,40.539248580000198],[-111.86510243061694,40.53904271096895],[-111.86510226964018,40.538926814925141],[-111.86510210068761,40.538803298854042],[-111.86510200582114,40.538733907398544],[-111.86510191253267,40.538665248633095],[-111.86510158102922,40.538425103791134],[-111.86510154042459,40.538395624481979],[-111.86510129705592,40.53821923470138],[-111.86510101542667,40.538013365587872],[-111.86510087207886,40.537909519629153],[-111.86510081132552,40.537864453586714],[-111.86510073144724,40.537807494678169],[-111.86510044982144,40.537601625531764],[-111.86510016585497,40.537395756376227],[-111.86509988423258,40.537189887196938],[-111.86509959882569,40.53698331033462],[-111.86489657388452,40.53698217502054],[-111.86455994566251,40.536980295083936],[-111.86444500657919,40.536979651690331],[-111.86434408675098,40.536979087923392],[-111.86403617399452,40.536977365639558],[-111.86397335559479,40.536977013842815],[-111.86370773951515,40.536975527508332],[-111.86352838687837,40.536974521894805],[-111.86322589213226,40.536972828933138],[-111.86286676996518,40.536970817247834],[-111.86284878035696,40.536970715666143],[-111.86273644124256,40.536971824598062],[-111.86271766613577,40.536972009570206],[-111.86271392790098,40.536972031858411],[-111.8627139455693,40.536965660911683],[-111.86271803346355,40.535459960311222],[-111.86272043171124,40.534642019098001],[-111.86272315613159,40.533700813552045],[-111.86272366325485,40.533525652433049],[-111.86272941542326,40.531537752066093],[-111.86272998755452,40.531335168004503],[-111.86273913785986,40.530004754797957],[-111.86274114857002,40.529712387267907],[-111.86260903913175,40.529712851401577],[-111.86260523567003,40.529712864954014],[-111.86106186694164,40.529704333104014],[-111.85986496262761,40.529699012155611],[-111.85877896038653,40.529694102683798],[-111.85797165814175,40.529690485813468],[-111.85795599631051,40.529690415693587],[-111.85768826262665,40.529689218923856],[-111.85737169551854,40.529687802293076],[-111.85705512843292,40.529686386594356],[-111.85671399240395,40.529684858952599],[-111.85662083649916,40.529684441862372],[-111.85653772364915,40.529684069209019],[-111.85648010493566,40.529683819122255],[-111.85621928539328,40.529682673028077],[-111.85592430356148,40.529681376322046],[-111.85587187496843,40.529681140557564],[-111.85562931925915,40.529680052075214],[-111.85533433730103,40.529678725291902],[-111.85503935523352,40.529677374534756],[-111.85477057693575,40.529676142097983],[-111.85474437314981,40.529676017674134],[-111.85444939123565,40.529674690450975],[-111.85424428623305,40.529673768212952],[-111.85415440933293,40.529673362485497],[-111.85385942744171,40.529672033777686],[-111.85353555773952,40.529670575219626],[-111.85335569154863,40.529669764734898],[-111.85320776970059,40.529669104341359],[-111.85320597098733,40.529669104399908],[-111.8532041722833,40.529669106245507],[-111.85316216764807,40.529669198848381],[-111.85299595250343,40.529669569040081],[-111.85280007531912,40.529670005040721],[-111.85277552362774,40.529670059272782],[-111.85261462726692,40.529670416491101],[-111.85255076195914,40.52967055854797],[-111.85246587677183,40.529670747691206],[-111.85239873493298,40.529670895942992],[-111.85188940503313,40.529672023915055],[-111.85188520722375,40.529620536713303],[-111.85188063173965,40.52957756246208],[-111.85187502142317,40.529534657437921],[-111.85187451658996,40.529531227777454],[-111.8518617903167,40.529453196003615],[-111.85185339200082,40.529410558470303],[-111.85184654528517,40.529379500071968],[-111.85184402000132,40.529368038230864],[-111.85183367907771,40.529325649567241],[-111.85182298071079,40.529285703113771],[-111.85182236696338,40.529283406782625],[-111.85181009073222,40.529241318790852],[-111.85180606801748,40.529228780264532],[-111.85179091747078,40.529181572002543],[-111.85178680285765,40.529169832571817],[-111.85177631785245,40.529139918088312],[-111.85177269646806,40.529130266262825],[-111.85176554627522,40.529111201801094],[-111.85176076842389,40.529098467173839],[-111.85174427157465,40.529057228186907],[-111.85172683674804,40.529016215395416],[-111.85171717537322,40.528994776299037],[-111.85170846401009,40.528975441308233],[-111.85170322979673,40.528964586259008],[-111.85168022147873,40.528916860071483],[-111.85167650250401,40.528909626442392],[-111.85165958263673,40.528876723610011],[-111.85163989756124,40.528840326410382],[-111.85163802717814,40.528836866890074],[-111.85161556453691,40.528797302392313],[-111.85159219712993,40.528758044405656],[-111.85156793906572,40.528719103609589],[-111.85155302295161,40.528696438242875],[-111.85153038797328,40.528662046028245],[-111.85150394448566,40.528623942759687],[-111.85147660124365,40.528586208532218],[-111.85147459183301,40.528583491060495],[-111.85144845883462,40.528548819811661],[-111.85143823666402,40.528535788754262],[-111.8514218448969,40.528514893420201],[-111.85141943788,40.528511825086376],[-111.85140635115447,40.528496014782341],[-111.85138716294853,40.528472831439565],[-111.85136690482813,40.528448357460803],[-111.85135651513036,40.528436443817704],[-111.8513457461341,40.528424550968275],[-111.85133475803354,40.52841286071358],[-111.85132350604562,40.528401317788614],[-111.85131199019793,40.528389927554386],[-111.85130021752586,40.528378691776872],[-111.85128818805691,40.528367615817004],[-111.85127590881713,40.528356699653756],[-111.85126337984343,40.528345950435217],[-111.85125060816171,40.528335368140247],[-111.85123757281362,40.528324976063459],[-111.85123448057681,40.528322553124632],[-111.85122434614352,40.528314723950039],[-111.85121086753541,40.528304665593645],[-111.85119716035412,40.528294790201834],[-111.85118322695072,40.528285099554488],[-111.85116907435125,40.528275593630504],[-111.8511547072672,40.528266277776922],[-111.85114013040095,40.528257155553696],[-111.85112534611285,40.528248230527851],[-111.85111306755539,40.528241079704983],[-111.85111035907759,40.528239500898181],[-111.85109517635782,40.5282309737918],[-111.85107980029559,40.528222649201616],[-111.85106423560227,40.528214532474593],[-111.85106072520131,40.528212768425838],[-111.85104848929461,40.528206621802696],[-111.85103256374209,40.528198922539858],[-111.85101646364703,40.528191438246132],[-111.8510001960352,40.528184168900339],[-111.85097524348187,40.528173571223313],[-111.8509585735453,40.528166853494461],[-111.85094175018945,40.528160359606439],[-111.85092478278229,40.528154089531263],[-111.85090767367468,40.528148045048816],[-111.85089459188052,40.528143634401232],[-111.85089042992014,40.528142231499153],[-111.8508730538513,40.528136647088239],[-111.85085555485433,40.528131295361952],[-111.85083793527106,40.528126176313279],[-111.85082020215485,40.528121295282297],[-111.85080235782918,40.528116648687785],[-111.85078441403128,40.528112241855858],[-111.85076636841914,40.528108074793487],[-111.8507482327024,40.528104147465505],[-111.85073000689927,40.528100463446066],[-111.85071170271037,40.528097020912938],[-111.85069332016297,40.528093825227273],[-111.85067486860655,40.528090872786926],[-111.85065635274319,40.528088167151964],[-111.85063777725669,40.528085708308318],[-111.85061914683999,40.528083498028963],[-111.85060047086088,40.528081536285896],[-111.85058175166108,40.528079823072112],[-111.85056299860834,40.528078358359529],[-111.85054421171165,40.528077143935164],[-111.85052540034793,40.528076181558085],[-111.85049687417801,40.52807519818851],[-111.85047802858317,40.528074866742529],[-111.85045917489606,40.528074783720605],[-111.85044032250286,40.528074952668874],[-111.85042147842915,40.528075373566374],[-111.85040264734971,40.528076044611986],[-111.85038383160612,40.528076965798824],[-111.85036504291742,40.52807813887884],[-111.8503462812742,40.528079562065024],[-111.85032755603494,40.528081233542409],[-111.85030887189269,40.528083155084012],[-111.85029023585477,40.528085323094714],[-111.85027165028134,40.528087741141711],[-111.85025312452177,40.528090405622933],[-111.85023466091793,40.528093316531361],[-111.85021626649554,40.52809647384607],[-111.85019794826196,40.528099873972003],[-111.8501797109011,40.528103516895222],[-111.8501615591058,40.528107404388791],[-111.85014349753244,40.528111531077634],[-111.85012553555786,40.528115898720877],[-111.85009746203394,40.528123259526438],[-111.85006863772098,40.52813127306149],[-111.85003962987822,40.5281395784301],[-111.84998699844641,40.528155268811624],[-111.84993473357179,40.528171655032999],[-111.84988285165625,40.528188738832775],[-111.84983136668622,40.528206507660215],[-111.84978029973831,40.528224961452942],[-111.84972965779166,40.528244091255303],[-111.8496973961234,40.528256838183687],[-111.84967601688794,40.528265285113882],[-111.84962631409857,40.52828579883694],[-111.84957709008127,40.528306970540228],[-111.84952835651758,40.528328794828326],[-111.84948012976395,40.528351264504678],[-111.84943242383478,40.528374372379922],[-111.8493852550959,40.528398113044574],[-111.84933544003145,40.528424181195057],[-111.84930455029831,40.528440980577322],[-111.84928942305503,40.528449206866505],[-111.84924398763658,40.528474840178134],[-111.84919914310707,40.528501073954551],[-111.84915490816532,40.528527900992486],[-111.84911129214244,40.528555314116453],[-111.84906830903513,40.528583302563042],[-111.84902307657748,40.528613851415628],[-111.84898144603443,40.528643006333887],[-111.8489404880924,40.528672711439718],[-111.84890021675763,40.528702957756757],[-111.84888921076833,40.528711518418199],[-111.84886064368521,40.528733734528551],[-111.84882178053964,40.52876503278582],[-111.84878363899452,40.52879684534615],[-111.84877060224591,40.528808121238107],[-111.8487436753131,40.528831410042741],[-111.84870706363041,40.52886425273973],[-111.84867120851457,40.528897577470573],[-111.84865267340703,40.528915430040897],[-111.84863612163039,40.528931375265906],[-111.8486018122825,40.528965633589316],[-111.84856829214489,40.529000345258368],[-111.8485355705223,40.529035497736615],[-111.8485329366767,40.529038438151098],[-111.84850148421827,40.529073552891276],[-111.84848993143173,40.529086965249491],[-111.84847044860376,40.529109583150571],[-111.84845175002955,40.529132137956495],[-111.84844023944629,40.529146021970689],[-111.84841087073497,40.529182856801157],[-111.84838234709989,40.529220076906448],[-111.84837717890004,40.52922710115751],[-111.84835468019737,40.529257671530132],[-111.84832787699057,40.529295628142499],[-111.84831883000041,40.529309013378636],[-111.84830018742237,40.529336595021633],[-111.84828830860023,40.529354976383388],[-111.84827519821765,40.529375266420082],[-111.84826467699915,40.529392576864495],[-111.84823404231889,40.529442975699091],[-111.84820852423717,40.529487713970013],[-111.84819166229059,40.529517279313644],[-111.84816174221291,40.529572343831902],[-111.8481505816379,40.529592885399786],[-111.84813842451956,40.529616414333653],[-111.84812083587431,40.529650454860814],[-111.84811143392405,40.529668651926443],[-111.84810569926761,40.529680343887094],[-111.84692705616355,40.529682910592882],[-111.84690983507402,40.529682947261954],[-111.84675565330718,40.52968328192793],[-111.84604648789714,40.529684820000206],[-111.84600419517176,40.529684910888548],[-111.84562995446146,40.529685720067462],[-111.84528885842583,40.529686457231747],[-111.84484405409798,40.529687416332571],[-111.84440248647491,40.52968836781011],[-111.84398827865982,40.529689258785183],[-111.84350947944768,40.52969028576851],[-111.84341021402163,40.529690497983658],[-111.84276333058162,40.529691881968652],[-111.84237556680016,40.529692709576324],[-111.84194287313561,40.529693633017956],[-111.84147526886055,40.52969462797099],[-111.84145722570892,40.529694666233738],[-111.84100754981183,40.529695621392598],[-111.84085385748322,40.529695948659025],[-111.84084087081442,40.529695975697898],[-111.84064781096234,40.529696384987005],[-111.84043022750184,40.529696845522906],[-111.84030605903985,40.529697107770851],[-111.8400013583464,40.529697752477908],[-111.83978427139874,40.529698212161748],[-111.83967759336377,40.529698437340947],[-111.83915910096279,40.529699531187376],[-111.83901209750314,40.529699840260044],[-111.83901256179517,40.529702782221015],[-111.83901417001938,40.529712997821306],[-111.83903162565144,40.529823822497178],[-111.83904903052365,40.529934318491897],[-111.83905553836118,40.529975641734232],[-111.83894619019736,40.530003746891815],[-111.83844715882806,40.530132009925808],[-111.83812272092877,40.530221835019859],[-111.83807459603665,40.530235158819664],[-111.83808412014503,40.530275579875891],[-111.83822321012281,40.5308658567725],[-111.83825957513871,40.531020177815613],[-111.83826409207325,40.531039347176879],[-111.8362478040527,40.531404686544128],[-111.83621181183116,40.531411207140316],[-111.83429018962082,40.533279734891771],[-111.83423863481032,40.533325977495736],[-111.83423839549151,40.533372281078336],[-111.83423534471034,40.533961212200261],[-111.83057686476349,40.535037066577637],[-111.82996184740183,40.535217911410804],[-111.8297637064627,40.535276173264187],[-111.82976685668308,40.534675587146637],[-111.8297673048006,40.534589947917318],[-111.82971122221112,40.534606439441838],[-111.82775309287496,40.535182195328453],[-111.8277480942682,40.536129748538016],[-111.82488674380794,40.53612741418285],[-111.82473991185546,40.536127292031026],[-111.82474038568758,40.53588772760861],[-111.82474092109221,40.535616803585491],[-111.82474141085774,40.535369760205803],[-111.82474206761195,40.535037709237514],[-111.82474255502692,40.534790665808941],[-111.82474304243839,40.534543622356722],[-111.82474352985487,40.534296580667949],[-111.82474401606144,40.534050269868722],[-111.82474414565205,40.533984475114835],[-111.82474450346233,40.533803226345732],[-111.82474463304349,40.533737429798521],[-111.82474545330122,40.533322599479988],[-111.82456261164909,40.533322526832691],[-111.82456040529409,40.533322525792983],[-111.8244472628916,40.533322481571666],[-111.82432426684113,40.533322432335396],[-111.82414779831879,40.533322361066837],[-111.82405280329604,40.533322323470507],[-111.82393646378577,40.533322276871445],[-111.82372896578163,40.533322194209923],[-111.82340895307756,40.533322064225416],[-111.82336835334928,40.533322047555423],[-111.82285399644786,40.533321837230069],[-111.82282983429164,40.533321826927448],[-111.82253021279946,40.533321702722596],[-111.82234415764859,40.533321624734015],[-111.82220642915237,40.533321567320833],[-111.82209108742462,40.533321519722094],[-111.82186717526672,40.533321425250591],[-111.82186282813758,40.5333214228896],[-111.82185848335058,40.533321420521986],[-111.82137280672175,40.533321216091316],[-111.82088805291802,40.533321008909503],[-111.82066856049974,40.533320914347016],[-111.82043229557257,40.533320811608526],[-111.82002940172723,40.533320636216935],[-111.81895397743021,40.533320160993988],[-111.81893967740162,40.533328484736799],[-111.81866914642795,40.533485947887016],[-111.81847677687364,40.533597919208106],[-111.81798258124981,40.533885568268545],[-111.81772775006743,40.534033890452832],[-111.81739783485258,40.534225914331635],[-111.81717197814831,40.534357370930522],[-111.81674946826465,40.5346032821788],[-111.81630229708452,40.534863545993979],[-111.81624583251633,40.534896408754257],[-111.81624377396726,40.534898998402525],[-111.81605624084953,40.535135005262291],[-111.81562478536368,40.535677967944473],[-111.81543450005248,40.535917431956442],[-111.81537908529479,40.535987165728002],[-111.8152852381147,40.536108609656722],[-111.81527462513786,40.535135676656132],[-111.8128709799342,40.535128407613904],[-111.81288191584466,40.536951687021961],[-111.81043833196792,40.536944522771712],[-111.81046741920616,40.537894476631195],[-111.81046752170046,40.537898985116989],[-111.81047922962873,40.538452092605723],[-111.81047931573642,40.538456602921002],[-111.81051314022575,40.540056640592745],[-111.81051315051255,40.540058901196979],[-111.81051557442412,40.540598263510532],[-111.81051558302774,40.5406001541973],[-111.8097333311763,40.540600879516553],[-111.80973595768596,40.542282854679655],[-111.80973616443174,40.54241613118996],[-111.8094204324681,40.54241627863027],[-111.80941934787899,40.54242764182478],[-111.80938092870585,40.542830181648789],[-111.80939777793512,40.542864677451746],[-111.80940826202637,40.542886144523351],[-111.809521067904,40.542864811313379],[-111.80967327290219,40.542871416459676],[-111.80978086495074,40.542956537542281],[-111.809814836496,40.542983414490131],[-111.80981644926031,40.54298468976225],[-111.80981617743616,40.542988797140609],[-111.80981078618763,40.543070074289055],[-111.80976708439974,40.543142933751511],[-111.80969413880645,40.543226742905304],[-111.80961734964947,40.543271475625403],[-111.80946128551034,40.543271564188501],[-111.80928899465292,40.543271661395835],[-111.80914901085356,40.543143780566346],[-111.80893533133839,40.542948575135014],[-111.80880628584258,40.542962462779194],[-111.8086926326279,40.542985579227597],[-111.80857543784315,40.543029506244153],[-111.80846443029105,40.543076192165948],[-111.80834006707624,40.543119605260877],[-111.80819760819028,40.543156400064277],[-111.80813756284341,40.543162805441163],[-111.80813766844413,40.543272299998186],[-111.80813767418041,40.543277720130099],[-111.80813769386519,40.543298678694711],[-111.80813771965664,40.543327214369029],[-111.80800841649086,40.54332728606267],[-111.80718846414335,40.543327734154346],[-111.80578647884349,40.543328486095838],[-111.8057861636568,40.54333656263212],[-111.80576876084143,40.543781406670462],[-111.80576531834656,40.543874694687055],[-111.8057611571441,40.543987429545638],[-111.805752042886,40.544234328128084],[-111.80435879658862,40.544235313579527],[-111.80096288843133,40.544237644472233],[-111.800962946985,40.544249326312624],[-111.80097658327009,40.546999286193078],[-111.80098085508867,40.547860939361975],[-111.80097018882718,40.547860945296037],[-111.80004228021419,40.547861439831735],[-111.79616116144588,40.547863427846025],[-111.79619935069663,40.551023800573894],[-111.79620026412269,40.551099288694822],[-111.79620068766022,40.55113424771811],[-111.79620493735742,40.551486052045369],[-111.79617556408859,40.551485740236295],[-111.79494067116191,40.551472647817199],[-111.79155534965003,40.551436687777027],[-111.78663155340487,40.551384212419535],[-111.78659446605192,40.555050006514399],[-111.78671284090622,40.555050599955706],[-111.79136914520421,40.555073881185251],[-111.79133473424892,40.557623971228296],[-111.79132004335092,40.558712524530165],[-111.78661954779523,40.558715754173441],[-111.78655737705623,40.558715795306519],[-111.78652098512218,40.562311948509269],[-111.78652027770536,40.562381736061717],[-111.78177138301723,40.562411875130834],[-111.78043186156481,40.562420341431022],[-111.777022484146,40.562441821907072],[-111.77702068126901,40.562950498838148],[-111.77701040617613,40.565851153594423],[-111.77701057610041,40.566161887285162],[-111.78174688154236,40.566104875013664],[-111.78252718900961,40.566095463801297],[-111.78449883347749,40.566071660484297],[-111.78648317905345,40.566047671477733],[-111.78743810736046,40.566036115753946],[-111.79037758906556,40.566000495053771],[-111.79121946861484,40.565990278464845],[-111.79125827326892,40.569467823906272],[-111.79528830197211,40.569469125497584],[-111.79599256871855,40.569469337557713],[-111.79599291040509,40.569502173532705],[-111.7960049958875,40.570662702915527],[-111.79601049729227,40.571126298451105],[-111.79601315338294,40.57135005922472],[-111.79601975173978,40.571906005940939],[-111.79601997843345,40.571925300007713],[-111.79602037312944,40.571958464631614],[-111.79601840195988,40.571959482856151],[-111.79600408669728,40.571969504944875],[-111.79594233501018,40.572012740861709],[-111.79592096372099,40.572027704029026],[-111.79590501527052,40.57203887035508],[-111.79543891212518,40.57236520732922],[-111.79497716975331,40.572526087594795],[-111.79519328326667,40.572377534402591],[-111.7954307093443,40.572214704098634],[-111.79560877116099,40.572092588660929],[-111.79568105664224,40.572028664647952],[-111.79558417735059,40.571996138136143],[-111.79533134441139,40.571911252763812],[-111.79506179730213,40.571820756492926],[-111.79461901836157,40.571614155003694],[-111.79427744601556,40.571466699083928],[-111.79393175785782,40.571456879366885],[-111.79368413165267,40.571449843961922],[-111.79369702386713,40.571634478739618],[-111.79361664314064,40.571643034374183],[-111.79304583984677,40.571703787872316],[-111.79304464492498,40.571702759737263],[-111.79304344767502,40.571701735182089],[-111.79304224808934,40.571700712419798],[-111.7930410461679,40.571699691450341],[-111.79303983956717,40.571698672279638],[-111.79303863063832,40.571697656688777],[-111.79303741936607,40.571696641103742],[-111.79303620342219,40.571695629104447],[-111.79303498514258,40.571694618898022],[-111.79303376452718,40.571693610484488],[-111.79303253923248,40.571692603869614],[-111.79303131395325,40.571691600828814],[-111.79303008164355,40.571690597805514],[-111.79302884934921,40.571689598356251],[-111.79302761471912,40.571688600699879],[-111.7930263754098,40.57168760484219],[-111.79302513376469,40.571686610777363],[-111.79302388744802,40.571685620298304],[-111.79302264113899,40.571684631606217],[-111.79302139015078,40.57168364471282],[-111.79302013682674,40.571682659612335],[-111.79301888116694,40.571681676304664],[-111.79301762083558,40.571680696582703],[-111.79301635816844,40.571679718653648],[-111.79301509316551,40.571678742517463],[-111.79301382582682,40.571677768174091],[-111.79301255380886,40.571676795629436],[-111.79301127946282,40.571675826664681],[-111.793010002781,40.571674859492781],[-111.79300872376339,40.571673894113729],[-111.79300744241004,40.571672930527534],[-111.79300615638508,40.571671970527042],[-111.79300486802437,40.571671012319456],[-111.79300357732787,40.571670055904704],[-111.79300228195213,40.571669101288684],[-111.79300098659172,40.571668150246659],[-111.79299968655214,40.571667201003358],[-111.7929983841767,40.571666253552898],[-111.79299707946552,40.571665307895302],[-111.79299577008278,40.57166436582343],[-111.79299446070776,40.571663425538574],[-111.79299314665343,40.57166248705245],[-111.79299183026338,40.571661550359131],[-111.79299051154521,40.571660617245747],[-111.79298919049124,40.571659685925134],[-111.79298786475803,40.571658756403295],[-111.79298653903253,40.571657828668464],[-111.79298520863547,40.571656904519337],[-111.79298387590262,40.571655982163087],[-111.79298253849046,40.571655061605512],[-111.79298120109378,40.571654144622002],[-111.79297986136127,40.571653229431291],[-111.79297851694956,40.571652316039305],[-111.79297717020202,40.571651404440217],[-111.79297582112638,40.571650496420965],[-111.79297446737915,40.571649591987445],[-111.79297311363199,40.571648687553882],[-111.79297175754903,40.571647784913203],[-111.79297039680218,40.571646887645286],[-111.7929690337119,40.571645990383175],[-111.79296767062928,40.571645094908078],[-111.79296630287512,40.571644203018728],[-111.7929649304417,40.571643312928096],[-111.7929635580236,40.571642426411465],[-111.79296218326979,40.571641541687626],[-111.79296080383672,40.571640658762576],[-111.79295942207554,40.571639779417339],[-111.79295804032208,40.57163890185916],[-111.79295665388939,40.571638026099663],[-111.79295526512087,40.571637152133015],[-111.79295387402426,40.571636281746216],[-111.7929524782484,40.57163541315817],[-111.7929510824879,40.571634548144111],[-111.79294968439166,40.571633684922951],[-111.79294828395965,40.571632823494596],[-111.79294687885603,40.571631965651981],[-111.79294547141667,40.571631109602222],[-111.79294406398502,40.571630255339457],[-111.79294264953825,40.571629404668244],[-111.79294123744272,40.571628555778211],[-111.79293982066794,40.571627708686904],[-111.79293839922153,40.57162686518128],[-111.79293698012636,40.571626023456851],[-111.79293555400839,40.571625183536923],[-111.79293412791351,40.571624348978062],[-111.79293269712402,40.571623512643868],[-111.79293126635758,40.571622681670725],[-111.79292983325543,40.571621852490381],[-111.79292839548167,40.571621026895826],[-111.79292695537207,40.571620203094106],[-111.79292551527021,40.57161938107933],[-111.79292407048909,40.571618560863371],[-111.79292262337992,40.571617744227183],[-111.79292117394256,40.571616931170865],[-111.79291972451301,40.571616119901599],[-111.7929182704041,40.571615310431014],[-111.79291681395949,40.571614502753285],[-111.79291535518675,40.57161369865544],[-111.79291389407821,40.57161289635043],[-111.79291243064164,40.571612097625312],[-111.79291096722041,40.571611302474174],[-111.79290949911223,40.571610507334739],[-111.79290802867597,40.571609715775139],[-111.79290655590393,40.57160892600843],[-111.79290508080378,40.571608139821549],[-111.79290360336788,40.571607355427567],[-111.79290212360384,40.571606574613455],[-111.79290064150402,40.571605795592184],[-111.79289915707615,40.571605020150763],[-111.79289767031247,40.571604246502211],[-111.792896181213,40.571603474646501],[-111.79289469212891,40.571602706364807],[-111.79289319836556,40.571601939881788],[-111.79289170227416,40.571601176978696],[-111.79289020384692,40.57160041586841],[-111.79288870309162,40.57159965833803],[-111.79288720000056,40.571598902600506],[-111.79288569691717,40.571598148649933],[-111.79288418916218,40.5715973982851],[-111.79288267907909,40.571596651500144],[-111.7928811689961,40.571595904715153],[-111.7928796565849,40.571595161510018],[-111.79287813950988,40.571594423677617],[-111.79287662243483,40.571593685845258],[-111.79287510302404,40.571592949805698],[-111.79287357894164,40.571592217351835],[-111.79287205487461,40.571591488472059],[-111.79287052847185,40.571590761385075],[-111.79286899974096,40.571590037878003],[-111.79286746867426,40.571589316163738],[-111.79286593527182,40.5715885962423],[-111.79286440189244,40.571587881681943],[-111.79286286382607,40.571587167133259],[-111.79286132343168,40.571586456164425],[-111.7928597830449,40.571585746982585],[-111.79285823798661,40.57158504138652],[-111.79285669294364,40.571584339364378],[-111.79285514555728,40.571583637348141],[-111.79285359585046,40.571582940698782],[-111.79285204380783,40.571582245842229],[-111.79285048942945,40.571581552778568],[-111.79284893272296,40.571580863294741],[-111.79284737602417,40.571580175597902],[-111.79284581465376,40.571579491486823],[-111.79284425329878,40.571578810949745],[-111.79284268960801,40.571578132205524],[-111.79284112123796,40.571577455259963],[-111.79283955522676,40.571576781882591],[-111.79283798454401,40.571576112090952],[-111.79283641152543,40.571575444092126],[-111.79283483851461,40.571574777880279],[-111.79283326083215,40.571574115254187],[-111.79283168315743,40.571573454415073],[-111.79283010315456,40.571572797155866],[-111.79282852082363,40.571572143476466],[-111.79282693850035,40.571571491584095],[-111.79282535150551,40.571570843277428],[-111.79282376451837,40.571570196757797],[-111.79282217519547,40.571569552030958],[-111.79282058355211,40.57156891267104],[-111.79281898956528,40.571568273316927],[-111.79281739325805,40.571567639329679],[-111.7928157969508,40.571567005342452],[-111.79281419597203,40.571566374940907],[-111.79281259735974,40.571565749894525],[-111.79281099406047,40.571565124859887],[-111.79280938843314,40.571564503405043],[-111.79280778282119,40.571563885524242],[-111.79280617486582,40.57156326764931],[-111.79280456224649,40.571562655147041],[-111.79280295198598,40.571562046212989],[-111.79280133703863,40.571561437290583],[-111.79279972210655,40.571560831942215],[-111.7927981048464,40.571560230173667],[-111.79279648525815,40.571559631985011],[-111.79279486567756,40.571559035583363],[-111.7927932414177,40.571558440980404],[-111.79279161951678,40.57155784994562],[-111.79278999294419,40.571557262496519],[-111.79278836169233,40.571556676846122],[-111.79278673279939,40.571556094763856],[-111.79278510157057,40.571555514474468],[-111.7927834680137,40.571554937764972],[-111.79278183447219,40.571554364629442],[-111.79278019625144,40.571553793292644],[-111.79277855804605,40.57155322552984],[-111.79277691984831,40.571552659554044],[-111.79277527932247,40.571552097158062],[-111.79277363411741,40.571551536560825],[-111.79277199127114,40.571550979531722],[-111.79277034140986,40.571550426094191],[-111.79276869624317,40.571549874431966],[-111.79276704639729,40.571549324568416],[-111.7927653942309,40.571548780071765],[-111.79276374207224,40.57154823736213],[-111.79276208524195,40.571547698238135],[-111.79276042841943,40.57154716090119],[-111.7927587716122,40.571546627138233],[-111.79275711246922,40.571546095168124],[-111.79275545099813,40.571545566777921],[-111.79275378953473,40.571545040174655],[-111.79275212574318,40.57154451715126],[-111.79275045962356,40.571543997707735],[-111.79274879351156,40.571543480051197],[-111.79274712273573,40.57154296776735],[-111.79274545195987,40.571542455483566],[-111.79274378119938,40.571541946773721],[-111.7927421057673,40.571541441649622],[-111.79274043268641,40.571540938306669],[-111.79273875728506,40.57154044033058],[-111.79273707954023,40.571539942360296],[-111.79273539947499,40.571539449756926],[-111.79273371941746,40.571538958940543],[-111.79273203702409,40.571538469916995],[-111.79273035464611,40.57153798446749],[-111.79272866759646,40.571537502603626],[-111.79272698289809,40.571537022520992],[-111.79272529352811,40.571536546023985],[-111.79272360417345,40.571536073101022],[-111.79272191482647,40.571535601965088],[-111.79272022080789,40.571535134414795],[-111.79271852914822,40.571534670432705],[-111.79271683514499,40.571534206456462],[-111.7927151364856,40.571533749639926],[-111.79271344016965,40.571533292817534],[-111.79271174152557,40.571532839574957],[-111.79271004288918,40.571532388119422],[-111.79270833958891,40.5715319420366],[-111.7927066362963,40.571531497740793],[-111.79270493301139,40.571531055231915],[-111.79270322740607,40.571530618089952],[-111.79270155231198,40.5715301915941],[-111.79269981153142,40.571529749178744],[-111.79269810362099,40.571529320977646],[-111.7926963910236,40.571528892788187],[-111.79269468079272,40.571528469953975],[-111.79269296822605,40.571528048912533],[-111.79269125333128,40.571527631450984],[-111.79268953610837,40.571527217569319],[-111.79268781889316,40.571526805474662],[-111.79268610168562,40.571526395166906],[-111.79268438214994,40.571525988439106],[-111.79268266263736,40.571525587072244],[-111.7926809407889,40.571525187498295],[-111.7926792166047,40.571524789717166],[-111.7926774947793,40.571524395504191],[-111.79267576828232,40.571524004876942],[-111.79267404179306,40.57152361603665],[-111.79267231531914,40.571523230770396],[-111.79267058651708,40.571522849084005],[-111.79266885538688,40.571522470977435],[-111.79266712660782,40.571522094652032],[-111.79266539314958,40.57152172012534],[-111.79266365971426,40.571521350959607],[-111.79266192628667,40.571520983580953],[-111.79266019053097,40.571520619782063],[-111.79265845478297,40.571520257770267],[-111.79265671670679,40.571519899338242],[-111.792654978646,40.571519544480246],[-111.79265323824939,40.571519191415113],[-111.7926514978758,40.57151884371104],[-111.79264975750228,40.571518496006846],[-111.79264801480821,40.571518153669643],[-111.7926462697784,40.571517813125197],[-111.7926445247716,40.571517477941832],[-111.79264277976483,40.571517142758388],[-111.7926410347734,40.571516811148996],[-111.79263928511037,40.571516483125258],[-111.79263753780614,40.571516158669731],[-111.79263578816617,40.571515836007016],[-111.79263403619804,40.571515516924144],[-111.7926322865811,40.571515199622453],[-111.79263053464365,40.571514887687613],[-111.79262878037041,40.571514577545628],[-111.79262702611251,40.571514270977637],[-111.79262527186235,40.571513966196669],[-111.79262351529165,40.571513666782536],[-111.79262175872103,40.571513367368404],[-111.79261999982991,40.571513073321135],[-111.7926182409465,40.571512781060832],[-111.7926164820784,40.571512492374595],[-111.79261472322567,40.57151220726233],[-111.79261295969367,40.571511923948734],[-111.79261119852048,40.571511644203341],[-111.79260943501917,40.571511368037783],[-111.7926076715255,40.57151109365924],[-111.79260590804722,40.57151082285467],[-111.7926041422408,40.571510555629985],[-111.79260237644971,40.571510291979266],[-111.79260061066633,40.571510030115547],[-111.79259884255478,40.571509771831728],[-111.79259707445095,40.571509515334867],[-111.79259530401895,40.571509262417862],[-111.79259353360997,40.57150901486191],[-111.79259176320869,40.571508769092929],[-111.79258999281502,40.571508525110929],[-111.79258822009328,40.571508284708806],[-111.79258644738685,40.571508047880684],[-111.79258467468813,40.571507812839542],[-111.79258289966896,40.571507583165264],[-111.7925811246574,40.571507355277994],[-111.79257934966121,40.571507130964747],[-111.79257757232922,40.571506908444292],[-111.79257579736371,40.57150669127909],[-111.79257402006245,40.571506475906695],[-111.79257224042534,40.571506262327098],[-111.79257046080357,40.571506052321517],[-111.79256868354065,40.571505845884154],[-111.79256690394956,40.571505643026583],[-111.79256512203033,40.571505443748904],[-111.79256334246226,40.571505246252372],[-111.79256155822259,40.571505052341514],[-111.79255977634172,40.571504861998832],[-111.79255799446084,40.571504671656157],[-111.79255621026721,40.571504488467333],[-111.79255442607356,40.571504305278481],[-111.79255264190287,40.571504127450694],[-111.79255085773993,40.571503951409838],[-111.7925490735923,40.571503778943004],[-111.79254728711653,40.571503610056055],[-111.79254549831258,40.571503444748942],[-111.79254371185215,40.57150327943598],[-111.79254192307121,40.571503119489854],[-111.79254013664914,40.571502963111925],[-111.79253834789127,40.571502808526759],[-111.79253655914869,40.571502657515666],[-111.79253477042144,40.571502510078631],[-111.7925329793661,40.571502366221338],[-111.79253119066189,40.57150222414527],[-111.79252939962954,40.571502085649009],[-111.79252760860486,40.571501948939783],[-111.79252581760313,40.571501817591546],[-111.79252402426565,40.571501688036179],[-111.79252223328699,40.571501562048923],[-111.79252043997248,40.571501437854501],[-111.79251864901684,40.571501317228332],[-111.792516855733,40.571501200181928],[-111.79251506012102,40.571501086715394],[-111.79251326686787,40.571500976817077],[-111.79251147362238,40.571500868705726],[-111.79250967804875,40.571500764174175],[-111.79250788249047,40.571500663216689],[-111.792506089291,40.571500565827343],[-111.79250429375566,40.571500470230809],[-111.79250249822802,40.571500376421334],[-111.79250070037993,40.571500287978665],[-111.79249890489061,40.571500203104222],[-111.79249710706553,40.571500120022549],[-111.79249531159921,40.571500040509065],[-111.7924935137971,40.571499962788415],[-111.79249171601035,40.571499888641789],[-111.79248992058236,40.571499818063316],[-111.79248812282626,40.571499751064678],[-111.79248632508542,40.571499687640063],[-111.79248452500882,40.571499626008304],[-111.79248272729103,40.571499567944684],[-111.79248092958859,40.57149951345508],[-111.79247913189376,40.571499460752456],[-111.79247733187081,40.571499411629681],[-111.79247553420669,40.571499366075102],[-111.7924737342144,40.571499324100337],[-111.79247193657325,40.571499283906761],[-111.79247013660394,40.571499247292977],[-111.79246833664997,40.571499214253244],[-111.79246653671133,40.571499184787562],[-111.7924647391238,40.571499157102934],[-111.79246293920815,40.57149913299822],[-111.79246113930782,40.571499112467507],[-111.79245933942279,40.571499095510781],[-111.79245753954548,40.571499080341034],[-111.79245573968345,40.571499068745325],[-111.79245393983676,40.571499060723625],[-111.79245213999774,40.57149905448891],[-111.79245034018169,40.571499053615206],[-111.79244854037333,40.571499054528495],[-111.79244674292376,40.571499059009966],[-111.79244494079488,40.571499065290112],[-111.79244314336832,40.571499075132586],[-111.79244134127006,40.571499088560714],[-111.792439541523,40.57149910377003],[-111.79243774179889,40.571499124340342],[-111.79243594208248,40.571499146697704],[-111.79243414472485,40.57149917262317],[-111.79243234269558,40.571499202134333],[-111.79243054536094,40.571499233420838],[-111.79242874569812,40.571499268287177],[-111.79242694605064,40.57149930672751],[-111.79242338897662,40.571499392438085],[-111.79229462740956,40.57150267449402],[-111.7917440597024,40.571516711696638],[-111.79174226012287,40.571516766209641],[-111.79174046294034,40.571516833225907],[-111.7917386658266,40.571516916325315],[-111.79173687112505,40.571517015502039],[-111.79173507882057,40.571517127182027],[-111.79173328658483,40.571517254945142],[-111.79173149676139,40.571517398785581],[-111.79172970699139,40.57151755513506],[-111.79172792197717,40.571517727556078],[-111.79172613936758,40.571517914267375],[-111.79172435917023,40.571518117055973],[-111.79172258136985,40.571518332347843],[-111.79172080832528,40.571518563711152],[-111.79171903768527,40.57151880936479],[-111.79171726945749,40.57151907109575],[-111.79171550597019,40.57151934532412],[-111.79171374723863,40.571519635624014],[-111.79171199325513,40.571519940208326],[-111.7917102416763,40.571520259082938],[-111.79170849484548,40.571520592242024],[-111.7917067551063,40.571520939679743],[-111.79170502011516,40.571521301401894],[-111.79170328753632,40.571521679201346],[-111.79170156204134,40.571522069492453],[-111.7916998436456,40.571522475849214],[-111.79169812999031,40.571522894703413],[-111.79169642108307,40.571523327842087],[-111.79169472161091,40.57152377525351],[-111.79169302689449,40.571524238736508],[-111.79169133691082,40.571524712929872],[-111.79168965871331,40.571525203177259],[-111.79168798292045,40.571525707714933],[-111.79168631655493,40.571526224738371],[-111.79168465728104,40.571526756040491],[-111.79168300509862,40.571527301621209],[-111.79168136000014,40.571527859693596],[-111.7916797243367,40.571528432038747],[-111.79167809810833,40.571529018656726],[-111.79167647896386,40.571529617766338],[-111.79167486691092,40.571530231154561],[-111.79167326662885,40.571530857022772],[-111.7916716734307,40.571531495382594],[-111.79167008966759,40.57153214801523],[-111.79166851533185,40.571532813133693],[-111.79166695043116,40.571533492524949],[-111.79166539729373,40.571534182609149],[-111.7916638512478,40.571534886971982],[-111.79166231698042,40.571535605601824],[-111.79166079213272,40.5715363349304],[-111.79165927905595,40.57153707673902],[-111.79165777540652,40.571537831033396],[-111.791656283528,40.571538597807731],[-111.79165480108445,40.571539378854879],[-111.79165333274764,40.571540170589209],[-111.79165187383059,40.571540973022259],[-111.79165042669204,40.57154178972236],[-111.79164899132432,40.571542618902413],[-111.79164756771222,40.571543456988351],[-111.79164615587865,40.571544309341348],[-111.79164475580822,40.571545172387246],[-111.79164336984456,40.571546046120318],[-111.79164199565176,40.571546932333334],[-111.79164063322979,40.571547831026365],[-111.79163928490694,40.571548738619512],[-111.79163794835489,40.571549658692625],[-111.79163662590959,40.571550589452833],[-111.79163531757099,40.571551530900209],[-111.79163402334669,40.571552484821687],[-111.791632740878,40.571553447649173],[-111.79163147017255,40.571554421169559],[-111.79163021826074,40.571555405365501],[-111.79162856007291,40.571556739043729],[-111.79129996806466,40.57156509862822],[-111.79132276624874,40.571457685759306],[-111.79119876883406,40.571446644187205],[-111.7911386515119,40.5714412893443],[-111.79086301410274,40.571416743784759],[-111.79085009918994,40.569565847928615],[-111.79084980207449,40.569538487320756],[-111.79025026938476,40.569537020253698],[-111.78915764411958,40.569534334600284],[-111.7882131210627,40.569532005843371],[-111.78821151148152,40.571870812851138],[-111.78821066895885,40.573097847531869],[-111.78822227409316,40.573260850276895],[-111.78760014483858,40.573426089395667],[-111.78717382458159,40.573511523058663],[-111.78676399434659,40.573556107904814],[-111.78642811106775,40.573562886534226],[-111.7860392446624,40.573526758032024],[-111.78546473751693,40.573405037995123],[-111.78504904030221,40.573312104467121],[-111.78471189409093,40.573245146389773],[-111.78427652566046,40.573148510454523],[-111.78392186135787,40.573072169522135],[-111.78368733141993,40.573030325253356],[-111.7835347416829,40.573005913370807],[-111.78323585664373,40.572967082997273],[-111.78290448174531,40.572930712344849],[-111.78268814097358,40.572904070981856],[-111.78247329630935,40.57287704497859],[-111.78231022017965,40.572855516012559],[-111.78212638192244,40.572830414437696],[-111.78203858410849,40.572818745363591],[-111.78199257133404,40.57281262817105],[-111.78190021509423,40.572799760128952],[-111.78181745422286,40.572788230682114],[-111.78173244417087,40.572776845967908],[-111.78155984975263,40.572750383370462],[-111.78145328919142,40.572732911714127],[-111.78145141202455,40.572736890585269],[-111.78140920555032,40.572730839086361],[-111.78140894341598,40.572731490196169],[-111.78134936890109,40.572723160769684],[-111.78110548888165,40.572679661100814],[-111.7808362833336,40.572621566083505],[-111.78069107159787,40.572586558948295],[-111.78029847060921,40.572476714074575],[-111.77991526016173,40.572373982896693],[-111.7796494351408,40.572315053263004],[-111.77921558480136,40.572258004566606],[-111.77907800217133,40.572251464409021],[-111.7786701299194,40.572232072634868],[-111.77821902404139,40.572250490236399],[-111.77762856598763,40.572311288534586],[-111.77717440151038,40.572374233345329],[-111.77717001426434,40.572375349887267],[-111.77715769765456,40.572378481283792],[-111.77715903073519,40.572497187325126],[-111.77715750634185,40.57257823476872],[-111.77715591646914,40.572662777805384],[-111.77715209470246,40.572865920916129],[-111.77715264544207,40.57289418157562],[-111.77756764512077,40.57312076490598],[-111.77783855661428,40.573276826838821],[-111.77792659547846,40.573327555917473],[-111.77801086184422,40.57337611190102],[-111.77832234949301,40.573553953408897],[-111.77846669909619,40.573629011172251],[-111.77864554603704,40.573712555644811],[-111.77882357534156,40.573786314197946],[-111.77882550671433,40.573786951152492],[-111.7788258193868,40.573787189871858],[-111.77889669636568,40.573814125328163],[-111.77896009523586,40.573837102373915],[-111.77903059379393,40.573861451022907],[-111.77911000222629,40.573887397482565],[-111.7792001887063,40.573915019491665],[-111.7793013946427,40.573943744599582],[-111.77939824162162,40.573969045322386],[-111.77950128474234,40.573993680720797],[-111.77966817082127,40.574031162720871],[-111.78009005462759,40.574125853592996],[-111.78048972015591,40.574205776200913],[-111.78092050950085,40.574291923996952],[-111.78105105250934,40.574318029021249],[-111.78112772446472,40.574360353478433],[-111.78117463531191,40.574386247751953],[-111.78122160454524,40.574406400125334],[-111.78136668511218,40.574457461618934],[-111.78178895503879,40.574605252533296],[-111.7825435341996,40.574863111350403],[-111.78301739539351,40.575020094722383],[-111.78313159108751,40.575020139024886],[-111.78380879328442,40.575218898720188],[-111.78413939524398,40.575396603403718],[-111.78425255120648,40.575457427940464],[-111.78446845441474,40.575564743110114],[-111.78471652896725,40.57566517834853],[-111.78503018366182,40.575784524951295],[-111.78526191145556,40.57586613661158],[-111.78558443608375,40.575970845797428],[-111.78584714234485,40.576048780003411],[-111.78568418366481,40.575462611792723],[-111.78583344664365,40.575536703155578],[-111.78599516582695,40.575592766741657],[-111.78613589157266,40.575582519816329],[-111.78623955745454,40.575544408590069],[-111.78632345195975,40.575490038848642],[-111.7863600958708,40.575466290858316],[-111.78635161518149,40.575454236573052],[-111.78642196549444,40.575413794009641],[-111.78645963993554,40.575392136087821],[-111.78647687328582,40.575382229574664],[-111.78649399029256,40.575374755496291],[-111.78654427453203,40.575352795119599],[-111.78663782257732,40.575311947284021],[-111.78663813220749,40.575319260857597],[-111.78668177374573,40.57529154632013],[-111.78671118051605,40.575272871423877],[-111.786726766852,40.575265901421851],[-111.78679048294168,40.575237405088835],[-111.78679987730793,40.575233204034816],[-111.78684142911203,40.575214620929053],[-111.78694158772238,40.575177564852758],[-111.78695952139991,40.575170930400944],[-111.78698256998719,40.575165673745396],[-111.78701803023863,40.575157584647435],[-111.78706127558682,40.575147721619928],[-111.78706391198291,40.575147120085781],[-111.78715173253339,40.575175515554982],[-111.78718988020597,40.575187850987575],[-111.78735484585761,40.575241190254594],[-111.78740190664212,40.575257465638131],[-111.78743579577309,40.575269185962348],[-111.78744068469129,40.575270877026057],[-111.78771424738163,40.575546885693086],[-111.78791114113068,40.575701106121812],[-111.78796568011215,40.575743825318874],[-111.78799521995099,40.575753924595013],[-111.78810239992606,40.575790567227884],[-111.78834128633362,40.575872110556062],[-111.78834961550825,40.57587484032701],[-111.78867109303549,40.57598019409162],[-111.78910474060085,40.575983027233576],[-111.78918362093181,40.575983529744242],[-111.78927141415919,40.576003362010816],[-111.7894443639709,40.576042432409402],[-111.78961069615752,40.576080007060675],[-111.78962688295476,40.576083662681874],[-111.78977712002042,40.576117602693863],[-111.7897797762903,40.576117814150201],[-111.78990166229259,40.57612751859098],[-111.79001581395559,40.576136605843345],[-111.79010237137057,40.576143497058645],[-111.79014302663111,40.576146732900234],[-111.79016522631741,40.576148500763438],[-111.79023608760488,40.576154142253841],[-111.79032739259561,40.576161411129966],[-111.79043353325667,40.57613186426498],[-111.7905680570846,40.576094416218986],[-111.79071153463521,40.576054472573809],[-111.79093515482768,40.576101097648433],[-111.79092612324339,40.576126031297804],[-111.79093366515963,40.576126032250308],[-111.79097303406837,40.576126040037693],[-111.79097936430765,40.576126040418742],[-111.79098161188099,40.576126040204613],[-111.79104203394103,40.576126051141337],[-111.7911091541995,40.576126063294915],[-111.79139317841184,40.576126110443433],[-111.79169413326809,40.576126159480935],[-111.79170734216605,40.576126160588103],[-111.79172403141467,40.576126163760762],[-111.79172620633516,40.576126163713027],[-111.79214895683795,40.576126232078607],[-111.79219609440037,40.576348194711379],[-111.79223820914999,40.576546495200034],[-111.79224667185335,40.576586346407659],[-111.79226725932345,40.576683282780465],[-111.79229781178636,40.576827148616175],[-111.79267105909942,40.576936024026942],[-111.7928482602978,40.576987713120822],[-111.79285222610937,40.576988870153016],[-111.79293529696903,40.577013102205143],[-111.79311568758862,40.577011175508282],[-111.79335129077779,40.577008660142788],[-111.79344172614842,40.576945290920413],[-111.79357027200335,40.576855219117661],[-111.79362960630937,40.576813641817864],[-111.79365909850245,40.576785700993163],[-111.793851874338,40.576603055201723],[-111.79398601552381,40.576475968380173],[-111.79413371743757,40.576436001030139],[-111.79430012578439,40.576545252124482],[-111.79473056318369,40.576768061724685],[-111.79497267869884,40.57726572630088],[-111.79521140519513,40.577418217322084],[-111.79525249623427,40.577444463708559],[-111.79545830311834,40.57773250309932],[-111.79551458487499,40.577947157309019],[-111.79559324493324,40.578326730352607],[-111.79592158255069,40.578357672412743],[-111.79610669503496,40.578487555020459],[-111.7961066924119,40.578487490693902],[-111.79610542242099,40.578398496113003],[-111.79610539498903,40.578396496492999],[-111.7961061270026,40.578398832083671]],[[-111.80627493069065,40.562873124551771],[-111.80627543084988,40.562571187823679],[-111.80631822255813,40.562571229752201],[-111.80660295075523,40.562571511505546],[-111.80660245438891,40.562873448228856],[-111.80627493069065,40.562873124551771]],[[-111.80698621066017,40.560613555166881],[-111.80696570112167,40.560613533795205],[-111.80623448348986,40.560612823836358],[-111.80623560475055,40.560526978378142],[-111.8062368895211,40.560433190858191],[-111.80623817663117,40.560339403328662],[-111.80700219551022,40.560332923887877],[-111.80701582024959,40.560332807803739],[-111.80698621066017,40.560613555166881]],[[-111.80529216323279,40.558015117135099],[-111.80499979903381,40.55812743967126],[-111.80484400781697,40.558187290876063],[-111.80475873361706,40.558220051068211],[-111.80470007005945,40.55816326102692],[-111.80453723917014,40.558005637511258],[-111.80440211329535,40.55787483513005],[-111.8042619873859,40.557739188364899],[-111.80425920616383,40.55773602714531],[-111.80432899058083,40.557653454238348],[-111.80431418206791,40.557604481096106],[-111.80433017280397,40.55752770019528],[-111.8043380317078,40.557489973092039],[-111.80436976125793,40.557457480845358],[-111.80435069706027,40.557446674007913],[-111.80432045246208,40.557421798160647],[-111.80424029155573,40.557333220251515],[-111.80397700571179,40.557042280004232],[-111.80386853957258,40.556976788802579],[-111.80345047333176,40.557610230741794],[-111.80349541829322,40.557653109013899],[-111.80339518207961,40.557989456616745],[-111.80333830978971,40.558180294195395],[-111.80267675217048,40.558067791539145],[-111.80269886928676,40.557553718841433],[-111.80270125239679,40.557498330295807],[-111.80216931083115,40.557381471059472],[-111.80205905157511,40.557196484715739],[-111.80154802687082,40.556891378330015],[-111.80150078203799,40.556863169732495],[-111.80138746397137,40.556795049242417],[-111.80149851924587,40.556686222045364],[-111.80160525864579,40.556581696540476],[-111.80283284324356,40.555379550064167],[-111.80283385873568,40.555378718250957],[-111.80294671674459,40.555423110128793],[-111.8035089849827,40.555629338148833],[-111.80500629932703,40.555680238870558],[-111.80515016274673,40.555685129251316],[-111.80511095850507,40.555713545266364],[-111.80461007453613,40.556076587213056],[-111.80518398561955,40.556526768043241],[-111.80525092790758,40.556579277790824],[-111.80497330015749,40.556905948808769],[-111.80495181239432,40.556895452167723],[-111.80490971769301,40.556939950115151],[-111.80497016411204,40.557087047493404],[-111.80543672293739,40.557327686977203],[-111.80532815958672,40.55750107386794],[-111.80552700710318,40.557561671230374],[-111.80554371976027,40.557560065808048],[-111.80535722509043,40.55787697516282],[-111.80534129875006,40.557904038577895],[-111.80532259125987,40.557935825249849],[-111.80529216323279,40.558015117135099]],[[-111.81636451504629,40.555755121831183],[-111.81631083980228,40.555739410129391],[-111.8163072572324,40.555738361859134],[-111.81630367231141,40.555737311808116],[-111.8163040016448,40.555727489293687],[-111.81630475918408,40.555704913236283],[-111.81630689557203,40.55564014478491],[-111.81630537255717,40.555214630822263],[-111.81630501265604,40.555104663867219],[-111.81630492569307,40.555085907221589],[-111.81630491840198,40.555084334636966],[-111.81630481904311,40.555083117923687],[-111.8163049130745,40.555083185577992],[-111.81630491111088,40.555082762052379],[-111.81675277079772,40.555083040012143],[-111.81736671418506,40.55508369787659],[-111.81809242698195,40.555086704957887],[-111.81809260572446,40.555092880519396],[-111.8180926561426,40.555095653884962],[-111.81809268781747,40.555098427301353],[-111.81809507268115,40.555509413808892],[-111.81809461084882,40.555547043189463],[-111.81809675023702,40.555861157890689],[-111.81811391944241,40.555861139909958],[-111.81877328386707,40.555868356135107],[-111.81878675513887,40.555879213371661],[-111.81914686948295,40.55616962307699],[-111.81935597568331,40.556337751304412],[-111.81935725507057,40.556338777160917],[-111.81935853445789,40.556339803017373],[-111.8193603003304,40.556709016938392],[-111.81936141864426,40.556947906645938],[-111.81936227860446,40.557043518584543],[-111.81903715736892,40.556947263113827],[-111.81900354498347,40.556937329206107],[-111.81896257751491,40.556922801132906],[-111.81884050114407,40.556879471916339],[-111.81883875043597,40.556878867292419],[-111.81883787505274,40.556878558725856],[-111.81858455667434,40.556788327475203],[-111.81852051043235,40.556747622697287],[-111.81836854719018,40.556651039672779],[-111.8183542218929,40.556641957462666],[-111.81833973384106,40.55663013078469],[-111.81832425104193,40.556617518716372],[-111.81808256441822,40.556420643004287],[-111.81804455160359,40.556392969993439],[-111.8180436206259,40.556392293439465],[-111.81804269198282,40.556391615092146],[-111.8178233126266,40.556230546205015],[-111.81772245060323,40.556177951441178],[-111.81763834889763,40.556134089181789],[-111.81725643878768,40.556016262761879],[-111.81704063119517,40.555953077320304],[-111.8168861878649,40.555907855297527],[-111.81670619736035,40.55585514284811],[-111.81636451504629,40.555755121831183]],[[-111.82027977493945,40.555575510497725],[-111.82027909761534,40.555378833161761],[-111.8202788227334,40.555316787521718],[-111.82027802032312,40.555114924486574],[-111.82027802948711,40.555108891378723],[-111.82038344756725,40.555109806100873],[-111.82038445976528,40.555109815844823],[-111.82038547197173,40.555109827375794],[-111.82080088200135,40.555113066400615],[-111.8208692608634,40.555113565548389],[-111.82139104806404,40.555114395495238],[-111.82169544404016,40.555114504414242],[-111.82169799313181,40.555114497421386],[-111.82170054222341,40.555114490428473],[-111.82186735939482,40.555114375792613],[-111.82186855896731,40.555114372500114],[-111.82186975854823,40.555114370994566],[-111.82191286844669,40.555114308059267],[-111.82223529063549,40.555113336750281],[-111.82253787859815,40.555111618510722],[-111.82259905652154,40.555111393042374],[-111.82265633569895,40.555111149676605],[-111.82305219242377,40.555109602339797],[-111.82321964427992,40.555108940768328],[-111.8234480491306,40.555108053666707],[-111.8238439059552,40.555106532249773],[-111.82389320074267,40.555106367514746],[-111.82423976249034,40.555104952311609],[-111.82456596925509,40.555103649609045],[-111.82463561900713,40.555103371037191],[-111.82512267997177,40.555101430162324],[-111.82512371087959,40.555101432665296],[-111.82512474652438,40.555101445877412],[-111.82534501557771,40.55510131926335],[-111.82547025963063,40.555101229056227],[-111.82592382460265,40.555101974400721],[-111.82592369275309,40.555271526586935],[-111.82592366359931,40.555350267702977],[-111.82592352318113,40.555714687046951],[-111.82592317444778,40.555877095167304],[-111.82592302750955,40.556058202411293],[-111.8259226651125,40.556453155808086],[-111.82592239943385,40.556758499048961],[-111.82592270590365,40.557065899344153],[-111.82592271628528,40.557068072367656],[-111.82592247170179,40.55713457988535],[-111.82592191608089,40.557316460180736],[-111.82592164266305,40.557667265871416],[-111.82592269509169,40.55775415642541],[-111.82592272968151,40.557757473092465],[-111.82592276427141,40.55776078975952],[-111.82564928035131,40.557783369377667],[-111.82534807731983,40.557808239415557],[-111.82413409833727,40.557908482358897],[-111.82386878762114,40.557913187972595],[-111.82371583501006,40.557915899488947],[-111.82339418038543,40.557883876644411],[-111.82337940300229,40.557882430569464],[-111.82306340313714,40.557833235555734],[-111.8229800165154,40.557814879932714],[-111.82272681700226,40.557759106253236],[-111.82245194851224,40.557734843671078],[-111.82208690543217,40.557723323189634],[-111.82168946119512,40.557701482683861],[-111.82139354727565,40.557650169392716],[-111.82099937704169,40.557551174249618],[-111.82080854004279,40.557490965387821],[-111.82042010916463,40.557368420734271],[-111.82039634133289,40.557360393914706],[-111.820396328643,40.557357691931287],[-111.82039631595309,40.557354989947804],[-111.82039569996708,40.557279706828375],[-111.82039528939177,40.557264124882117],[-111.82039362860249,40.55680673059048],[-111.82039170771533,40.556533417339097],[-111.82039208219011,40.556485437607861],[-111.82038983565842,40.556015063645447],[-111.82038995988091,40.55601357648046],[-111.82039008410335,40.556012089315487],[-111.82039018011788,40.555984639965516],[-111.82038777210394,40.555583146418115],[-111.82038775834745,40.555580716067333],[-111.82038774824306,40.55557856448641],[-111.82038773243187,40.555575197726917],[-111.82034094878505,40.555575325534889],[-111.82031238376983,40.555575403562344],[-111.82028269428189,40.555575513246751],[-111.82027977493945,40.555575510497725]],[[-111.83419751564229,40.555940848381937],[-111.83405424944968,40.555940786586127],[-111.83375631613325,40.555940659177011],[-111.83375639829538,40.555831977647571],[-111.83375646707535,40.555740675223959],[-111.83375647932144,40.555727853097153],[-111.83375647463531,40.555725937391685],[-111.83375648488814,40.555713186752534],[-111.83389389607102,40.555647775516761],[-111.83395754438929,40.555617486036731],[-111.8339822997041,40.555607345501905],[-111.83398621419406,40.55560578676694],[-111.83398933389834,40.555604600215041],[-111.83399248192771,40.555603456471566],[-111.83399565359619,40.555602355549972],[-111.83399885358975,40.555601297436851],[-111.83400207252782,40.55560028037182],[-111.83400531745683,40.555599307908949],[-111.83400858368201,40.55559837827461],[-111.83401186886934,40.555597493262397],[-111.83401517535295,40.55559665107873],[-111.83401850313282,40.555595851723467],[-111.83402184519768,40.555595098790825],[-111.83402520621594,40.555594388693258],[-111.83402857917621,40.555593725024956],[-111.83403196874698,40.555593104198451],[-111.83403537495442,40.55559253157486],[-111.83403879074346,40.55559200181311],[-111.83404221848342,40.555591520267598],[-111.83404565580507,40.55559108158392],[-111.83404910507754,40.55559069111645],[-111.83405256159755,40.55559034530458],[-111.8340560253738,40.55559004593524],[-111.8340594940634,40.55558979301513],[-111.8340629700093,40.555589586537586],[-111.83406644851685,40.555589424728886],[-111.8340699319465,40.555589311156496],[-111.83407341793786,40.555589242252971],[-111.83407690415673,40.555589219812006],[-111.83408038826893,40.555589245627317],[-111.83408387259998,40.555589316118201],[-111.83408735481555,40.555589433078389],[-111.83409083491577,40.555589596507744],[-111.8340943105577,40.555589806413074],[-111.83409777940716,40.555590064588046],[-111.83410124378955,40.555590367451948],[-111.83410469901905,40.555590715018056],[-111.83410814745606,40.555591110853833],[-111.83411158438857,40.555591549611499],[-111.83411501217687,40.555592034858435],[-111.83411842613523,40.555592566608048],[-111.83412183094948,40.55559314484691],[-111.83412521957331,40.555593766021033],[-111.83412859436724,40.555594433697834],[-111.83413195297945,40.555595146096863],[-111.83413529306719,40.555595903224926],[-111.83413861930738,40.555596703281559],[-111.83414192468013,40.555597548073834],[-111.83414520918545,40.555598437601731],[-111.8341484728145,40.555599370078319],[-111.83415172260486,40.555600347270484],[-111.83425560505661,40.55563241650021],[-111.83426111913266,40.555634071675904],[-111.83426667739194,40.555635658817515],[-111.8342722704365,40.555637172590572],[-111.83427789826622,40.555638612995118],[-111.834283558512,40.555639974676708],[-111.83428924886582,40.555641264790154],[-111.83429496929267,40.555642476187352],[-111.8343007127813,40.555643612462383],[-111.83430648400871,40.555644671814875],[-111.83431227828913,40.555645654258086],[-111.83431809327951,40.555646559798831],[-111.83432392897107,40.555647386650001],[-111.8343297830297,40.555648136605292],[-111.83433565310361,40.555648807884403],[-111.83434153685872,40.555649402280999],[-111.83434743427733,40.555649916221029],[-111.83435334069118,40.555650353291917],[-111.83435925842564,40.555650709912911],[-111.83436518281239,40.555650989671463],[-111.83438297112508,40.555651096211101],[-111.83443168038549,40.555651373692506],[-111.83445686260728,40.555651380504081],[-111.83445700334751,40.555673875503729],[-111.83445848330932,40.555940865658428],[-111.83443328971275,40.555940950018908],[-111.83419751564229,40.555940848381937]],[[-111.82910552021602,40.556193591721566],[-111.82917082694706,40.556186465734818],[-111.8294751422002,40.556153322708305],[-111.82972160187924,40.556126469372067],[-111.82972157860917,40.556127471972857],[-111.82972122728719,40.556195366584781],[-111.82971910190354,40.556591854705331],[-111.82971713208777,40.556960907535384],[-111.82971630275269,40.55711702654834],[-111.82971527626658,40.557307981066593],[-111.82971409874143,40.557528769000996],[-111.8297129200883,40.557748840312463],[-111.82971189233464,40.557940506032317],[-111.82970740896435,40.557965481928598],[-111.82970742886631,40.558034077757902],[-111.82970951729553,40.55803423808193],[-111.82970974120823,40.558049055664483],[-111.82970976904693,40.558050937349037],[-111.82970978607365,40.55805203633642],[-111.82964191996767,40.558048694124999],[-111.82899313729668,40.55801662460977],[-111.82888838287379,40.558011446493836],[-111.82780433586561,40.557944257791036],[-111.82780417004354,40.557916575076135],[-111.82780414752253,40.557912863437934],[-111.82780401839486,40.55789379241012],[-111.82780399007031,40.557889360607305],[-111.82780371823576,40.557846929671037],[-111.82780368746033,40.557840524972661],[-111.82780357621698,40.557824200588954],[-111.82781916559888,40.557253471711405],[-111.82782167260461,40.557253466490351],[-111.82817904950612,40.557253639232741],[-111.82852743154119,40.557253807492188],[-111.82852745304143,40.557251947113237],[-111.82852828072576,40.557087621996573],[-111.82852918591939,40.556910687227926],[-111.82853032451469,40.556686859599274],[-111.8285328128671,40.556198887833865],[-111.82853283077385,40.556197254419629],[-111.82854464644237,40.556197255271059],[-111.82906951804947,40.556197500957474],[-111.82910552021602,40.556193591721566]],[[-111.83086838744825,40.557470333893235],[-111.83086923277897,40.557064914231923],[-111.83086961714984,40.556541264557531],[-111.83086977554937,40.556380686908632],[-111.83086990880139,40.556199465312105],[-111.83090925385531,40.556199327489438],[-111.83149987716548,40.556197260874086],[-111.83209686317916,40.556196951380976],[-111.83209664519561,40.556481868622079],[-111.83209644452046,40.556732799659621],[-111.8320962754152,40.55695219272188],[-111.8320959842456,40.557339997697724],[-111.83209577431569,40.557608280929216],[-111.83209567882335,40.557729207275635],[-111.83208835359115,40.557813253303635],[-111.83208140181176,40.557813256905845],[-111.83175308183385,40.557813403428121],[-111.83091730301521,40.557934558910041],[-111.83091422875204,40.557899741566381],[-111.83090868023419,40.557836906694511],[-111.83086798147119,40.557842670391125],[-111.83086838744825,40.557470333893235]],[[-111.8329701490423,40.557221777058146],[-111.83297121854675,40.55686244648448],[-111.8330358160206,40.556862127236286],[-111.83344898839896,40.556860123949981],[-111.83398218072084,40.55685753084348],[-111.83434480152557,40.556855766646962],[-111.83442972176488,40.556855352946691],[-111.83446355633181,40.55685519211913],[-111.83447445807423,40.556855137794443],[-111.83448566671989,40.556855077232157],[-111.83454849533975,40.556854783640496],[-111.83454022762926,40.557359488082298],[-111.8345361124408,40.557610639314404],[-111.83453294404063,40.557804023225508],[-111.83452822054886,40.5578040384868],[-111.83448147301141,40.557804196847407],[-111.83447681043775,40.557804211932883],[-111.83447502506702,40.557804217025009],[-111.83447258834056,40.557804223974834],[-111.8344688371876,40.557804234673476],[-111.83446888077457,40.557812169049974],[-111.83446362301542,40.557812173323093],[-111.83430579624853,40.557812246276384],[-111.83296173827385,40.557812865881409],[-111.83296198214521,40.557727935654519],[-111.83296201051967,40.55771838736753],[-111.83296196801693,40.557713519564857],[-111.83296868783751,40.557713518356053],[-111.8329701490423,40.557221777058146]],[[-111.8090614437197,40.557073407532762],[-111.80853378855547,40.557078674848775],[-111.80827356199602,40.557081273131686],[-111.80810180121067,40.557082987961806],[-111.80802013218725,40.557083802947801],[-111.80800159979718,40.55708398743856],[-111.80795812717328,40.557084421489144],[-111.80820311046648,40.556601655436232],[-111.80821728098458,40.556575225270805],[-111.80833700393939,40.556434879190491],[-111.80870024862969,40.55621880932263],[-111.80904649572075,40.556090287749711],[-111.80925151134799,40.556030417248579],[-111.80967799297251,40.555939898229937],[-111.8098195852466,40.555909844919938],[-111.81031393186481,40.555804917563428],[-111.81054716642602,40.555772812339917],[-111.8105510040201,40.556068210368167],[-111.81056005173535,40.55676439210167],[-111.81056387135618,40.55705839080305],[-111.81055433807617,40.557058485744164],[-111.80963260419919,40.557067701313692],[-111.8090614437197,40.557073407532762]],[[-111.83987879132769,40.54605136856059],[-111.83892642220111,40.546047402432478],[-111.83886056228556,40.546046649221843],[-111.83876793991791,40.546045858928899],[-111.83826528966897,40.54604296400683],[-111.83796479163422,40.546042257935625],[-111.83774937436215,40.546040791372022],[-111.83774757510231,40.546040767961934],[-111.83774911083674,40.545646810095235],[-111.83774910333547,40.545645294691234],[-111.83774998413932,40.545406769869992],[-111.83775003345936,40.545394017277211],[-111.83775367507808,40.544380558460198],[-111.83775374682409,40.544349620681203],[-111.83775385638465,40.544333894242754],[-111.83775485220309,40.544323054645766],[-111.83775506590609,40.544320795186991],[-111.83775730006853,40.544296054061405],[-111.83775840608658,40.544283814879201],[-111.83776195883367,40.544244346371613],[-111.83776821785803,40.544176134149964],[-111.83776832322293,40.544174704198809],[-111.83776834739891,40.544172016391606],[-111.83776837695336,40.544170415101135],[-111.83776927211176,40.544093812001279],[-111.8377702443249,40.544010060438531],[-111.83777295271072,40.543784883110604],[-111.83777619415525,40.543523534133236],[-111.83777624533697,40.543518730368511],[-111.83797189618448,40.543518967157787],[-111.83802867988982,40.543519032204792],[-111.83816507319543,40.54351918216269],[-111.8381760550491,40.543519179081073],[-111.8381761895933,40.543508513518823],[-111.83817655475343,40.54347631679191],[-111.83836294758238,40.54347652244499],[-111.83855507318391,40.543476368132808],[-111.83855521277596,40.543466731901738],[-111.83855530146531,40.543439282402574],[-111.83855606345942,40.542958317948887],[-111.83855646645259,40.542699607606487],[-111.83855654552089,40.542662665260757],[-111.83855691040887,40.542418937716477],[-111.8385571289673,40.542281690811102],[-111.83855758222083,40.541980233753691],[-111.83857605942293,40.541980151803955],[-111.83860139578076,40.541980135821149],[-111.83891528972379,40.541980029477358],[-111.83891803750323,40.541980035830868],[-111.83892102421383,40.541980041493602],[-111.83892406004516,40.541980032717788],[-111.8390580521633,40.541980302941205],[-111.83906093821908,40.54198032318795],[-111.83906098891151,40.541982982188337],[-111.83906171474604,40.542046084792112],[-111.83906203484219,40.542072789707504],[-111.83908695910246,40.542072803404601],[-111.83942184466474,40.542073178259862],[-111.83947315502647,40.542073229856072],[-111.8398553406543,40.542073666660123],[-111.84009165327983,40.542073924991989],[-111.84010540852252,40.542073942277199],[-111.84017380979896,40.542074001173667],[-111.84018010648886,40.542074011497178],[-111.84017990032079,40.541995066879572],[-111.8401798916256,40.541993322733013],[-111.84044557555845,40.541991036130895],[-111.84054507980434,40.541990032330347],[-111.84090487691398,40.541987957370765],[-111.84126467457372,40.541985995677308],[-111.84149232000192,40.541984446461797],[-111.84154865039092,40.541984053633072],[-111.84159980976764,40.54198390458739],[-111.84162443229981,40.541983546915283],[-111.84219556976905,40.541979679690762],[-111.84219819318318,40.541979643440889],[-111.84219904390984,40.542052124167121],[-111.84220030821795,40.542162232046621],[-111.84220035888943,40.542164862452928],[-111.84220037222481,40.542167521561176],[-111.84220038527343,40.542170123484269],[-111.84220043594493,40.54217275389059],[-111.84220044913695,40.542175384406221],[-111.84220049980847,40.542178014812507],[-111.84220051300048,40.542180645328209],[-111.84220554337202,40.542608238628262],[-111.84220583051955,40.542635601267449],[-111.84228378955454,40.542635602444818],[-111.84228389606808,40.542641892588414],[-111.84228391442679,40.542645552435587],[-111.84228392059414,40.542646781915543],[-111.84228460222853,40.542700477532144],[-111.84228693212295,40.542895960889069],[-111.84228734977128,40.542934388624239],[-111.84229032457226,40.543206127529565],[-111.84229056016548,40.543215734079268],[-111.8422927271551,40.543378736262333],[-111.84229609255426,40.543608785438572],[-111.84229618513696,40.543664598634095],[-111.84229621884262,40.543668515771714],[-111.84229627396688,40.543674834655704],[-111.84229361272037,40.543674813832112],[-111.84187040904646,40.543673389432804],[-111.84182989152657,40.543673250230633],[-111.8413635823521,40.543671320621499],[-111.84133569713403,40.543671430398675],[-111.84131553271965,40.543671489100632],[-111.8413102105136,40.543671504593874],[-111.84130891062755,40.543748823747094],[-111.84130712794082,40.543748823575363],[-111.84125334456182,40.543749169555063],[-111.84121350362868,40.54374942489784],[-111.84013397550189,40.543756360866894],[-111.84012657999715,40.54400166344292],[-111.84012835707766,40.544163608792822],[-111.84012875541428,40.544242109595416],[-111.83989919726794,40.544241175885048],[-111.83989239730073,40.544336276104545],[-111.83989004591088,40.544632661374145],[-111.83987879132769,40.54605136856059]],[[-111.84453663347315,40.543611029525891],[-111.84453495924284,40.543457604579864],[-111.8445349415969,40.543454573777041],[-111.84454944906548,40.543454588331173],[-111.84477699569085,40.543454777214563],[-111.84507466921613,40.543455045212909],[-111.84545127734529,40.543455337248695],[-111.84561439435551,40.543455485578527],[-111.84583500700515,40.54345566425507],[-111.8461434751256,40.543455954885182],[-111.84615029183664,40.54345593476021],[-111.84615411950182,40.543455923459639],[-111.84615416437964,40.543457381568665],[-111.84615973089707,40.543934038505675],[-111.84616217599662,40.544142645554338],[-111.84616282930962,40.544197542114134],[-111.84615852992609,40.544236641387052],[-111.8461569105377,40.544251285764602],[-111.84615667455452,40.544254177924593],[-111.84615644090475,40.544257068290577],[-111.84610939037096,40.544257546731842],[-111.84539361591713,40.544264816713508],[-111.84539448566314,40.544342229591663],[-111.845394695222,40.544361414850364],[-111.8454038970731,40.545157415619016],[-111.8453020213251,40.545157315387641],[-111.84485310081541,40.54515686384309],[-111.84484980247561,40.545156873544073],[-111.84484974461886,40.545152842108244],[-111.84484004473362,40.544360845792724],[-111.84484002981473,40.544343061015994],[-111.84483989431099,40.544271750573138],[-111.84464964167235,40.54427213841555],[-111.84455357833599,40.544272334974572],[-111.84455348567381,40.544271613274596],[-111.84455347838451,40.544271561471298],[-111.84455112089748,40.544253299284883],[-111.84455073136431,40.544250383947684],[-111.84454956146548,40.544241380603218],[-111.84454628661665,40.544216342793646],[-111.84454359679093,40.544195820952339],[-111.8445429822612,40.544140924273364],[-111.84453812204572,40.543727684454602],[-111.84453663347315,40.543611029525891]],[[-111.84682063416086,40.544723138285732],[-111.84682021981762,40.544641620988308],[-111.84681883840643,40.544362929493921],[-111.84681874308644,40.5443437153057],[-111.84681788572369,40.544279196035767],[-111.84681777134871,40.544270520197053],[-111.84681960794573,40.544270523699694],[-111.84682508024696,40.544270532531378],[-111.84682687937239,40.544270537931823],[-111.84703763804175,40.544270898975704],[-111.8482341387049,40.544268550516058],[-111.84823807418132,40.544268540614446],[-111.84823808033802,40.544278926990437],[-111.84823814589564,40.544400096626859],[-111.84823919182588,40.545155834009947],[-111.8482392163418,40.545160637553451],[-111.84822137473977,40.545160576171007],[-111.84777271568306,40.545159963470638],[-111.84729774502537,40.545159455585292],[-111.8468227743748,40.54515894577591],[-111.84682063416086,40.544723138285732]]]]},"properties":{"OBJECTID":7330,"City_Counc":"4","Name":"District 4","Shape.area":215149096.73661572,"Shape.len":166251.64386067167,"Council_Member":"Marci Houseman","Link_to_Photo":"https://content.civicplus.com/api/assets/4f8ee980-2e2c-41e3-ab28-d666f3c1e199?cache=1800","Link_To_Bio":"https://www.sandy.utah.gov/577/Marci-Houseman-District-4"}},{"type":"Feature","id":7331,"geometry":{"type":"Polygon","coordinates":[[[-111.8393336264247,40.605945889535597],[-111.83989693583847,40.606055256292862],[-111.84142754994208,40.606356260673572],[-111.84192278729388,40.606451575003589],[-111.84193579670384,40.606454101466973],[-111.84193537624151,40.606352980850623],[-111.84193545153789,40.606128190159772],[-111.84193551858631,40.605934009265525],[-111.84359791193178,40.605931332257036],[-111.84360748783928,40.604154395045683],[-111.84361314251079,40.60310532411934],[-111.84371204711182,40.602871901892122],[-111.84361772361953,40.6027782685277],[-111.84362641368347,40.6006429644913],[-111.84363278854795,40.599405246697678],[-111.8435607683902,40.59940516808097],[-111.84356251905059,40.599056574174433],[-111.84363141967144,40.599057376732588],[-111.84363659594901,40.598647068688578],[-111.84363660287674,40.598646582598519],[-111.8436493396794,40.598636704172911],[-111.84364993310022,40.598344663837359],[-111.84365054697416,40.598042728668396],[-111.843651163196,40.597740795242494],[-111.84365201764477,40.597320544133993],[-111.84365300713108,40.596834992969228],[-111.84365331523178,40.596684026186793],[-111.84365387053495,40.596411871721102],[-111.84365412471446,40.596286021677933],[-111.84365494637105,40.595882527333707],[-111.84365550632604,40.595608042487264],[-111.84365797688912,40.595030303024473],[-111.84366093393163,40.594338860793862],[-111.8436694955487,40.593891489876448],[-111.84365674134035,40.590087077478863],[-111.84365871042853,40.589041976762289],[-111.84367468723224,40.587229859514473],[-111.84369259024707,40.586343744090108],[-111.84370671056918,40.585380623761957],[-111.8437145109244,40.584968981561431],[-111.84371582342898,40.584899667713998],[-111.84390435087984,40.584619312594263],[-111.84411669228315,40.584344255530169],[-111.84423317642316,40.58422103036083],[-111.84436730331005,40.584123858242712],[-111.84450468022636,40.584031664028572],[-111.84460733760193,40.583967149114706],[-111.84482578001469,40.583875175636052],[-111.84532608737322,40.583700930211201],[-111.84579581338136,40.583561820053369],[-111.84605980712176,40.583480026518636],[-111.8463782255785,40.58335337981476],[-111.84654531126191,40.583273484947654],[-111.84666088118831,40.583174517177895],[-111.84682384637074,40.583015522143448],[-111.84693813378706,40.582870570376187],[-111.84703165582818,40.582691013262718],[-111.84707273002456,40.582527939358108],[-111.8471085549064,40.582329179609353],[-111.84712350378757,40.582155503646568],[-111.84711973200119,40.581794396435733],[-111.84714874073767,40.580426193005373],[-111.8437670470957,40.580446877131372],[-111.84379154158847,40.580416043341465],[-111.84380619378349,40.578951768337603],[-111.84378521814439,40.576833711223991],[-111.84378526711299,40.576827152654921],[-111.84379202624332,40.575927493611005],[-111.84367343367067,40.575896617998907],[-111.84367345020262,40.575907340176023],[-111.84367349065174,40.575922808654887],[-111.84367180309566,40.575922785006391],[-111.84336483071361,40.575921024846451],[-111.84333149336931,40.575920807906101],[-111.84307687057448,40.57591935124303],[-111.84279933533658,40.575917732246111],[-111.84278887295149,40.575917677042241],[-111.8425009126971,40.575915973432757],[-111.84226717720848,40.575914625579749],[-111.84221291510249,40.575914297817924],[-111.84192495502012,40.575912621386685],[-111.84173505662685,40.575911516389993],[-111.84150462113936,40.575910185996484],[-111.84139759700713,40.575909553969069],[-111.8412028606685,40.575908319227942],[-111.84082913933234,40.575906231900113],[-111.84067074075595,40.575905319578865],[-111.8406242786857,40.575905054207119],[-111.84062435776426,40.575898363309605],[-111.84062370464228,40.575737560430717],[-111.84062378899031,40.575529205903294],[-111.84062361706066,40.575367143528915],[-111.84062350903199,40.575135286406827],[-111.84062316763169,40.575089453449429],[-111.84061994526644,40.575089948880787],[-111.84034961342761,40.575088388957987],[-111.83997165895521,40.575086225415127],[-111.83973773958452,40.575085016025952],[-111.83970166619081,40.575084977535013],[-111.8393263723797,40.575082461096663],[-111.8390390908372,40.575080775628138],[-111.83903796466721,40.574265860908298],[-111.83903642757306,40.573270213129227],[-111.8390364225985,40.573269212401726],[-111.83903656013325,40.573202589397859],[-111.84218917223009,40.573209884553755],[-111.84219126543239,40.573199686961658],[-111.84219263534916,40.573086901118494],[-111.84219289190014,40.572654581526322],[-111.84219326625576,40.572016394487264],[-111.84219338320301,40.571818763569681],[-111.84219345245548,40.571699909095258],[-111.84222913278123,40.571636911894835],[-111.84232832420308,40.571461778395758],[-111.84243048378995,40.571281401891454],[-111.84257830027427,40.571261814975976],[-111.84257639280591,40.570969762661797],[-111.84257516418296,40.570782069749917],[-111.84285969861543,40.570669274890847],[-111.84294104480291,40.570401125628329],[-111.8425723473903,40.570351424251562],[-111.84256723412315,40.569568981170377],[-111.84320383255749,40.569652254865403],[-111.8434625960288,40.56974860171556],[-111.84362052991351,40.569501945503461],[-111.84365931068687,40.569439918021637],[-111.84369766598677,40.569378574422139],[-111.84385559582128,40.569131917864098],[-111.8438232520373,40.569119875087139],[-111.84395749262072,40.568910215251208],[-111.84409173004445,40.568700557038049],[-111.84422596898634,40.568490898646886],[-111.84436020709396,40.568281238297608],[-111.84449964087729,40.568063463634452],[-111.84467183535116,40.567827348590683],[-111.84490078007499,40.567593462827823],[-111.84503023128907,40.567460656795589],[-111.84527012754144,40.56721587818793],[-111.84551571910994,40.567359299712336],[-111.84558615977659,40.567441433800255],[-111.84532568797019,40.567717948961288],[-111.84557509296572,40.567824596052361],[-111.84569128079838,40.567869544496197],[-111.84588332644648,40.56793803503799],[-111.84609579310769,40.568004279454605],[-111.84632592725484,40.568068723591423],[-111.84657597684465,40.568126875223427],[-111.84701174535675,40.568201071491025],[-111.84698280120625,40.568111536895977],[-111.84696843746983,40.566299943834402],[-111.84695780638769,40.56496037406739],[-111.84694852314641,40.563792658078768],[-111.84693706640476,40.562350025037034],[-111.84694249092587,40.560672574874751],[-111.84690364035764,40.560651579394666],[-111.84685151434131,40.560648702736536],[-111.8467937356908,40.560654849495826],[-111.84669842581609,40.56063817577526],[-111.8465934828762,40.560525944785589],[-111.84655780469333,40.560508097529912],[-111.84654296775861,40.560500675083091],[-111.84649251294837,40.56048727118425],[-111.84644603417708,40.560489038284437],[-111.84639897807489,40.560495238952342],[-111.84633059188545,40.560523947925311],[-111.84626973461572,40.560558753483086],[-111.84622300889021,40.56056358065117],[-111.84616535792533,40.560557946499273],[-111.84609940448863,40.56053415181357],[-111.84603188856971,40.560497952434609],[-111.8459818809185,40.560461815737192],[-111.84595233621911,40.56042436057421],[-111.84595173794122,40.560408959765752],[-111.84595013729583,40.560367781948159],[-111.84595435207731,40.560274814382922],[-111.84597271209243,40.560184121100924],[-111.84593787307512,40.560108052698546],[-111.84588209446075,40.560057550806434],[-111.84586622341587,40.560051786130465],[-111.84582188732701,40.560035683323292],[-111.84577396391583,40.56002604589726],[-111.84569537308334,40.560038458112722],[-111.8456192818082,40.560041055584158],[-111.84555803103441,40.560027768876623],[-111.8454950658314,40.55997946102687],[-111.84544477278638,40.559916447717733],[-111.84540841639549,40.559836723745072],[-111.84538395588197,40.559766686272894],[-111.84532348660244,40.559722574116179],[-111.84526711295103,40.559702496404398],[-111.84519511955432,40.559677661054266],[-111.84510742847993,40.559632656753529],[-111.84506287371559,40.559614459879846],[-111.84498071465345,40.559603235882541],[-111.84491518356009,40.559588560382913],[-111.84489272939867,40.559571368885351],[-111.84488266667049,40.559563665915995],[-111.8448506183346,40.559520213342083],[-111.84483555990775,40.559500414225226],[-111.84479736386298,40.559494150338764],[-111.84478924855166,40.559496238240094],[-111.84475992296971,40.559503781810676],[-111.84468090926813,40.559521455666342],[-111.8446240540919,40.559517305243531],[-111.84456922118727,40.559497880302224],[-111.84450338461882,40.559444948317974],[-111.84445353389572,40.559395028772791],[-111.84441865406367,40.559377289313915],[-111.84438500709479,40.559366122565947],[-111.84427337241154,40.55937534269318],[-111.84417809802842,40.559387516943779],[-111.84408279043413,40.559385680747461],[-111.84390900473362,40.559314422601517],[-111.84381421509001,40.559291669042238],[-111.84381238995852,40.559291231204739],[-111.84370273024173,40.559305505922943],[-111.8436247774784,40.559340303039981],[-111.84349255469002,40.559385495289973],[-111.84339381713178,40.559387442828061],[-111.8432981745385,40.559378630334621],[-111.84320457447535,40.55935105491627],[-111.84312148970105,40.559312183099145],[-111.84297451589684,40.559271896890237],[-111.84291664808977,40.559260142919605],[-111.84282902329933,40.559235380415238],[-111.84280367044397,40.559235720796963],[-111.84271498818049,40.559236914616271],[-111.84259606854897,40.559239547714618],[-111.84259154923616,40.559239648482318],[-111.84248223007181,40.559247115980419],[-111.8423948386574,40.559268815752759],[-111.84227457266709,40.559276315016824],[-111.84217924003781,40.559269445016312],[-111.84210098772289,40.559244654621757],[-111.84205398325801,40.559216198940007],[-111.84196798711748,40.559202153338525],[-111.84177489773371,40.559198370117187],[-111.84168500697281,40.55921510149917],[-111.84162046261331,40.559262496227987],[-111.84159559995173,40.559328446432744],[-111.84161430313891,40.559395013146251],[-111.84164303222161,40.559457318916103],[-111.84165718849296,40.559536708433164],[-111.84165818409446,40.559608244679545],[-111.84164222986311,40.559671395431664],[-111.84160810290989,40.55972153221451],[-111.84157701175165,40.559749043253412],[-111.8414974350452,40.559774293686345],[-111.84141465123035,40.559780482016095],[-111.84130292199752,40.559815976352432],[-111.84096224378263,40.559911695202942],[-111.84088434250768,40.559957212626493],[-111.84083908340595,40.55997043966471],[-111.84078598494965,40.559975368966974],[-111.84074216940324,40.559962372194668],[-111.84071705288352,40.559932680084401],[-111.84068085403949,40.559907325162996],[-111.84067469119098,40.559903009472507],[-111.84062301841712,40.559878112290619],[-111.84055737072777,40.559869982444745],[-111.84049640125936,40.559867757684948],[-111.84043728549055,40.559862305463561],[-111.84043387704344,40.559861991901997],[-111.84038075481705,40.559862146095966],[-111.84033229090072,40.559849191254507],[-111.84030403537356,40.559829000967362],[-111.84023038780551,40.559780349589566],[-111.84020226323538,40.559786407070071],[-111.84018047234589,40.559799565774149],[-111.84015557997455,40.559822283458423],[-111.84013070540669,40.559848575182997],[-111.84011059010064,40.559882001294525],[-111.84006386325052,40.559916676874408],[-111.84002496178415,40.559941836944311],[-111.83999534738068,40.559957391496503],[-111.83995327708725,40.559986134826005],[-111.8399267821143,40.559995733020273],[-111.83989705497649,40.559988670986876],[-111.83987515712285,40.559980385359644],[-111.83984381983691,40.559966179784631],[-111.83982185676324,40.559944798844043],[-111.83979990364078,40.559932939265579],[-111.83975603505039,40.559909248579849],[-111.8397199837996,40.559881932542737],[-111.83969795368769,40.559854604474637],[-111.83969310721825,40.559822423043421],[-111.83969452158929,40.559790252069696],[-111.83964744059411,40.559746298366214],[-111.8395565742594,40.559695323231487],[-111.8394782690514,40.55965980895273],[-111.8394217684978,40.559606332434683],[-111.83936694163457,40.559580300115755],[-111.83932156401833,40.559569709126102],[-111.83927313995255,40.55957222242624],[-111.83919282134805,40.559599189008445],[-111.83908282396675,40.559628786107879],[-111.83902387524319,40.559640851130766],[-111.83895327946169,40.559655380173524],[-111.8388657798789,40.559655633035383],[-111.8387922262482,40.559633200062876],[-111.83869208894156,40.559602494729248],[-111.83858401959802,40.559606103889983],[-111.83857495330068,40.559606407057373],[-111.83847647150004,40.559599543139178],[-111.83834690164133,40.559568150449664],[-111.83827306614454,40.559541743568218],[-111.83819645439765,40.559530041335712],[-111.83813705609694,40.559519490320014],[-111.83807138332079,40.5595137323564],[-111.83799328564109,40.559519904762695],[-111.83791684520027,40.55954277052556],[-111.83772669916793,40.559633871591764],[-111.83750065372088,40.559735826547858],[-111.83738710049882,40.559797084489659],[-111.83730112255881,40.559824580722029],[-111.83722173014026,40.559834359026176],[-111.83713553636774,40.559833377352241],[-111.83704528864264,40.559816195161808],[-111.83687588003278,40.559772162960464],[-111.83680742221543,40.559748582906025],[-111.83671008108361,40.559715053251558],[-111.83653769703807,40.559630141432301],[-111.8363442509891,40.559527106545545],[-111.83634189936922,40.559525853420645],[-111.83627305637484,40.559508180353788],[-111.83620273498632,40.559502406080689],[-111.83613563100417,40.559518095720414],[-111.83608414595932,40.559538515556135],[-111.8360390058066,40.559568409990867],[-111.83600803341976,40.559628086082832],[-111.8359660460299,40.559666349138553],[-111.83589110889724,40.559674912882535],[-111.83582538914858,40.559659603808832],[-111.8357658972341,40.559629980479492],[-111.8357298278291,40.559606237366893],[-111.83571871925788,40.559598157754031],[-111.83569811055878,40.559583168011869],[-111.8356265804883,40.559575566915491],[-111.83556851188581,40.559576133384944],[-111.83547818816469,40.559589086993384],[-111.83541736808591,40.559609533238628],[-111.83534249532035,40.559631191939637],[-111.8352815731719,40.559638514321513],[-111.83520660662009,40.559641101821974],[-111.83513696000441,40.559642959252422],[-111.83507704892394,40.559665318438626],[-111.83502095566055,40.559694071469188],[-111.83496484241014,40.559726398626424],[-111.83491648840069,40.559743234906662],[-111.83486177656654,40.559732668850138],[-111.83482260171692,40.559710135223824],[-111.83478023348961,40.5596709411125],[-111.83475034328963,40.559630510472196],[-111.83470786979733,40.559569843459471],[-111.83468427300519,40.559543691227425],[-111.83465450232163,40.559519958401545],[-111.83462746068565,40.559508028384947],[-111.8346168938847,40.559503367532855],[-111.83458254818059,40.559502293221428],[-111.83455443472201,40.559510693923031],[-111.83450924148097,40.559529894220447],[-111.83445466187116,40.559553896263083],[-111.83445111574517,40.55955560049815],[-111.83440503949603,40.55957775011607],[-111.83439231364768,40.559583867728577],[-111.83434087701144,40.559606631266384],[-111.83428623297003,40.559617509329485],[-111.83424044939706,40.559615724108063],[-111.83419384703924,40.559607507827579],[-111.83413141879306,40.559590558637623],[-111.83407500426132,40.55955377749018],[-111.83401663076111,40.559530354721041],[-111.83392446008509,40.559503025171779],[-111.83383644405781,40.559481974134108],[-111.83371740648597,40.559464957112461],[-111.83361182375066,40.559447129690881],[-111.8335445171938,40.559429164725522],[-111.83330521062979,40.559350185623828],[-111.83319445065601,40.559331543350019],[-111.83305165711018,40.559316966345051],[-111.83272566772222,40.559282408042108],[-111.8326397978762,40.559270814226537],[-111.83240805483885,40.559258833310139],[-111.83239712910749,40.559257890336553],[-111.83227558651788,40.559247399892264],[-111.83226901402448,40.559245929902517],[-111.8322093455152,40.559232576347149],[-111.83214926347728,40.559212245507943],[-111.83201035232676,40.559147961992657],[-111.83192954959837,40.559122142701263],[-111.8318736666955,40.559109548478148],[-111.83180633567882,40.559094098748716],[-111.83173289898771,40.559095107099253],[-111.83165022247762,40.559107950351468],[-111.83157589628502,40.559134208541607],[-111.83154283199659,40.559142193627814],[-111.83147980719063,40.559156553803767],[-111.83142187539164,40.559154344334999],[-111.83136080535657,40.559146653891588],[-111.83130796274091,40.559127074171272],[-111.83124670878549,40.55908149875814],[-111.83120308602233,40.559038218127945],[-111.83116677622326,40.559018620243521],[-111.83114290187321,40.559004477048333],[-111.83110045614625,40.558995132683528],[-111.83104252449661,40.558992923027191],[-111.83099190395876,40.558998584314587],[-111.83094950121985,40.559005823585181],[-111.83089579198052,40.55901621135564],[-111.83084714990787,40.559012402788582],[-111.83077882546208,40.559000758111623],[-111.83070220777267,40.55897970116461],[-111.83062048603561,40.558980703588887],[-111.83054504492381,40.558993554256823],[-111.83044062796988,40.558999366922578],[-111.83034996591587,40.559004910220565],[-111.83025140063495,40.559010936763258],[-111.83018005563173,40.559010337055732],[-111.83013352903426,40.55901758764147],[-111.83010855626952,40.559025290422944],[-111.8300767425408,40.559035103300438],[-111.83000221028139,40.559026620849018],[-111.82995356383699,40.559014148312436],[-111.82991099684477,40.558987448043219],[-111.82988993151851,40.558972696242925],[-111.82980826421429,40.558915168532756],[-111.82973111593262,40.55887732848327],[-111.82965698898614,40.558859580612832],[-111.82959496040451,40.558862900164335],[-111.82955169105192,40.558870704285617],[-111.82950607597952,40.558878933151121],[-111.82946990311439,40.558879806785896],[-111.82939028919232,40.55889029523366],[-111.82927863697745,40.558896127186841],[-111.82917826393917,40.558885372156496],[-111.82911923710206,40.558873700415219],[-111.8289061546546,40.558867207210433],[-111.82881834634456,40.5588887550633],[-111.8287045985732,40.558895392943214],[-111.82861982184099,40.558900348339449],[-111.82853389668273,40.558884805870903],[-111.82831161200644,40.558898066380458],[-111.82825078986043,40.558888693798842],[-111.8280952888709,40.558864732157993],[-111.82802483497248,40.558838909818022],[-111.82797195235253,40.55881855670242],[-111.82797067058604,40.558818047404124],[-111.82793258835899,40.558802883569712],[-111.82789317889429,40.558777746341747],[-111.8278630021906,40.55873917327601],[-111.82784211595111,40.558721110993233],[-111.82783390215603,40.558714007205062],[-111.82779864688779,40.558695177335586],[-111.82775412482783,40.558682692358403],[-111.82768893930034,40.558676555515667],[-111.82762485701753,40.558689372566313],[-111.82758050908751,40.558713142678762],[-111.82756934133717,40.558720320280401],[-111.8275028089728,40.558763082531911],[-111.82733511962252,40.558872374812267],[-111.82722474813242,40.558934214480637],[-111.82712979464434,40.558974709419999],[-111.82702243609623,40.559016039471658],[-111.82695012124343,40.559039915917467],[-111.82684372518173,40.559063086710047],[-111.82677347548699,40.559079837690263],[-111.82671966014327,40.55907604182655],[-111.82666272170792,40.559062018424989],[-111.82662540456256,40.559043165356286],[-111.82659419779981,40.559008569234095],[-111.82659172800106,40.558923369647502],[-111.82657493145163,40.558876095381194],[-111.82651574247834,40.558822620145698],[-111.82644217752593,40.558796776925341],[-111.82635003344504,40.558774159160343],[-111.82629855161015,40.558756062009302],[-111.82628991223936,40.558753024832853],[-111.8262273646541,40.558716421384325],[-111.82622149054818,40.558712985146869],[-111.82611062433591,40.558671490853847],[-111.8259781241912,40.558652930813295],[-111.82597139474693,40.558652408042818],[-111.82585751462057,40.558643573051157],[-111.82577545634716,40.558640268035482],[-111.8257526000173,40.5586393468624],[-111.82565237095449,40.558658553644996],[-111.82551016688994,40.558714332645238],[-111.82549027163314,40.55872213650774],[-111.82541381001026,40.558733385511154],[-111.82535692844868,40.558731170133342],[-111.8252725763484,40.558713639075989],[-111.82525958521434,40.558710939136589],[-111.82519543825252,40.558702424827679],[-111.82512716781861,40.558701842114203],[-111.82506935252681,40.558709695629311],[-111.82506205390038,40.558710686227343],[-111.82504765965523,40.558712983166892],[-111.82502174625941,40.558717116949261],[-111.82496491729812,40.558725938046422],[-111.82490291880077,40.558743465641378],[-111.82478800135128,40.558785952939793],[-111.82477388342016,40.558791172691421],[-111.82472822470116,40.558807568416015],[-111.82464917531934,40.558834407146428],[-111.82457030887149,40.55882879252016],[-111.82446778848723,40.558807774597923],[-111.82440773537283,40.558792958121742],[-111.82433214703019,40.558775039375064],[-111.82428558229795,40.55876647594215],[-111.82423487889723,40.558762670333586],[-111.82418531513366,40.558777789968396],[-111.8241559832872,40.55880612070731],[-111.82411531259184,40.558846634704821],[-111.82410668007732,40.558852913231377],[-111.82407612183664,40.558875135633748],[-111.824004855794,40.55889111575916],[-111.82396377211805,40.558897982513145],[-111.82395215031532,40.558899924971762],[-111.8239128321169,40.558901606178281],[-111.82383622778831,40.558882889321268],[-111.82380614208152,40.558871898057362],[-111.82374192891245,40.558848438052699],[-111.82364879959427,40.558839230897604],[-111.82356711554641,40.55884025689577],[-111.82350715236056,40.558844368125548],[-111.82345650127549,40.558851598845884],[-111.82340062441847,40.558847807145654],[-111.82334636996517,40.5588382923914],[-111.82323813761447,40.558822235693491],[-111.82317586944164,40.558782949280349],[-111.8231519932804,40.558760140857053],[-111.82311259036373,40.558707315270432],[-111.82310619063765,40.558698735413593],[-111.82303447993648,40.558628737708297],[-111.82300542666484,40.558605142916875],[-111.82298468072752,40.558594163244919],[-111.8229443056881,40.558586382830029],[-111.8229101649893,40.558580958435435],[-111.82286292414118,40.558587893582718],[-111.82284297021344,40.558593752848672],[-111.82282239277779,40.558602530290422],[-111.82279113066512,40.558627091756037],[-111.82273058544246,40.55866663063663],[-111.82267630334401,40.558698775317325],[-111.82266755338298,40.558706006557898],[-111.82266151546551,40.558710996525718],[-111.8226336685281,40.55872842895154],[-111.82260271745638,40.558747442512058],[-111.82258723082715,40.558754604712469],[-111.82257073930205,40.55876331368448],[-111.82255214110798,40.558770484438739],[-111.82253151095257,40.558776059583302],[-111.82251114551231,40.558782120073317],[-111.82249122155211,40.55878640659391],[-111.82246642649631,40.55879122117512],[-111.82243641294487,40.55879444890391],[-111.82241264148436,40.5587937422547],[-111.82238162620006,40.558791254169378],[-111.82235280896796,40.558785843571435],[-111.82233479239093,40.558781232470992],[-111.82230954030508,40.558768663870694],[-111.82228426891227,40.558752006551764],[-111.82226617832985,40.558731726805647],[-111.8222552739569,40.558708968331594],[-111.82225342427364,40.558704788147388],[-111.82224799834617,40.558692518887675],[-111.82224073313859,40.558678271058035],[-111.82223347185067,40.55866485240746],[-111.82222261287703,40.558651700976405],[-111.82221175917445,40.558639664647963],[-111.82219731170449,40.558628724717366],[-111.82218286937054,40.558618871296176],[-111.82216663879724,40.558611395985849],[-111.8221490380286,40.558607498533718],[-111.82213247951574,40.558602025613538],[-111.8221117634212,40.558597336115483],[-111.82207658430792,40.558594287530703],[-111.82203624662495,40.558594398305999],[-111.82201000288327,40.558594098663086],[-111.82197729235276,40.558589842373813],[-111.82195137680976,40.558579648717469],[-111.82192339940481,40.55856946071534],[-111.82190057316456,40.558554540759864],[-111.82188284223751,40.55852305159933],[-111.82187034787481,40.558504929481394],[-111.82186194016933,40.558486881924324],[-111.82184747336291,40.558471824643902],[-111.82183301303758,40.55845813979699],[-111.82181495908519,40.558445579927877],[-111.82179557565082,40.558437284027363],[-111.82177484492925,40.558429477897441],[-111.82175100995252,40.55842322429055],[-111.82173238587548,40.55841695638312],[-111.82171167741559,40.558413867988591],[-111.82168477581257,40.558409195383369],[-111.82165280693638,40.558403192809983],[-111.82161679349245,40.558398087696006],[-111.82158076697995,40.558390209107735],[-111.82154832656265,40.558379604362329],[-111.82152216022463,40.558363892892878],[-111.82149724990968,40.558344232171365],[-111.82148162568485,40.558322201381223],[-111.82146809327487,40.55829856365942],[-111.82145453834096,40.558278099795629],[-111.82144518544609,40.558266288023347],[-111.82143064811274,40.558252145852727],[-111.82140780713358,40.558234052042351],[-111.82139015073858,40.558218317219435],[-111.82135804589737,40.558215259994121],[-111.82132441831253,40.55821523776649],[-111.82130326015583,40.558220127916464],[-111.82128469569456,40.558226497781156],[-111.8212671619973,40.558236810622191],[-111.82124139533772,40.558258182824275],[-111.82122699901079,40.558273976877793],[-111.82120223347194,40.558293001721161],[-111.8211651968965,40.558333333189466],[-111.82114251936409,40.558349950508415],[-111.82112290881058,40.558357095216564],[-111.82110331682544,40.558368185673316],[-111.82108058745558,40.558373794904135],[-111.82105371928301,40.558376213070481],[-111.82103197975842,40.558377073181539],[-111.82100486969996,40.558375889309403],[-111.8209595598605,40.558370952403727],[-111.82093467943233,40.558357610484371],[-111.82090772598731,40.558341901032158],[-111.82088489264829,40.558325408295346],[-111.82085480173605,40.558304189010158],[-111.82082052744528,40.558278263353792],[-111.82079461257275,40.558260177833731],[-111.82077177928841,40.558243685074366],[-111.82075516856354,40.558235038304311],[-111.82073961141521,40.558227217840788],[-111.82072198474914,40.558217773246866],[-111.82070646509689,40.558209952676428],[-111.82068780368571,40.558203684705049],[-111.82066571981861,40.55819508148145],[-111.82064411632361,40.558192967500219],[-111.82062611923537,40.558192444850462],[-111.82060453240474,40.558193876320502],[-111.82054303849276,40.558207225687909],[-111.82045828390095,40.558224813132121],[-111.8204066763635,40.558243882559566],[-111.82039225030364,40.55825338618105],[-111.82036746224991,40.558267664508726],[-111.82034480726426,40.558281136406606],[-111.8203200006634,40.558291468971923],[-111.82029935556918,40.558293869967656],[-111.82027450452483,40.558294738436558],[-111.82025381513314,40.558287703929999],[-111.82022788882256,40.558275136721754],[-111.82021024382837,40.558261774891264],[-111.82018633135277,40.558238965961898],[-111.82016455151954,40.558223242213266],[-111.82013332613523,40.558183898020943],[-111.8200679798402,40.558127262542364],[-111.82005711372338,40.558112481140718],[-111.82004265128474,40.558098252815292],[-111.8200243195801,40.558090325457563],[-111.8200036075413,40.558086436173625],[-111.81998292138861,40.558088065221071],[-111.81996019188587,40.558093645642877],[-111.81992405645751,40.558102436430971],[-111.81988472749158,40.558101743117533],[-111.81985269726111,40.55810657688275],[-111.8197825059416,40.558135932934022],[-111.81975774054924,40.558147065866208],[-111.81974120019846,40.558153401374668],[-111.81971848914648,40.55816292750194],[-111.81969166924542,40.558175638623744],[-111.81965245905054,40.558192300722439],[-111.81963287437574,40.558204992109218],[-111.81961741327818,40.55821764366145],[-111.81960506009173,40.558229514736674],[-111.81959169419676,40.558249280175829],[-111.81956313007674,40.558329818078072],[-111.81952832794015,40.558407199169558],[-111.8194519686505,40.558448437823628],[-111.81938999911493,40.55846438982153],[-111.81929894374875,40.558457518172631],[-111.81922428809459,40.558422237784633],[-111.81914332938332,40.55835383547975],[-111.81909690217998,40.558323878646085],[-111.8190520308134,40.558294925456217],[-111.8190105255654,40.55826979094978],[-111.81895250642684,40.558248647145845],[-111.81891315592867,40.55823534415223],[-111.81887267825628,40.558205460401894],[-111.81884153848316,40.558184272045686],[-111.81879693715764,40.558154399480145],[-111.81875854001102,40.558128484429517],[-111.81870983722109,40.558103369379019],[-111.81863834533553,40.558079116827635],[-111.81858665995352,40.558081601856692],[-111.81853830467065,40.558098774503591],[-111.81846387627064,40.558152159202535],[-111.81844156039205,40.558190162410696],[-111.81842282493983,40.558216175520784],[-111.8184136492733,40.558242219857199],[-111.8183962587282,40.558283297701486],[-111.81839382939897,40.558298949904298],[-111.81838621378358,40.558348001821656],[-111.81838524137163,40.558364559675923],[-111.81837293211237,40.558385894707826],[-111.81836265895758,40.558401705806169],[-111.81834929333102,40.558413579496047],[-111.81833178849463,40.558430182227099],[-111.81828120346859,40.558451621139895],[-111.81825331496755,40.558460360435475],[-111.8182295281858,40.55846437078722],[-111.81819335179554,40.558464468948898],[-111.81816329112968,40.55844956789641],[-111.8181290213889,40.558424413449885],[-111.81811027631531,40.558392125875734],[-111.81808841529458,40.558366937756936],[-111.81806552743855,40.558338607214033],[-111.8180425556225,40.55829226344833],[-111.81797000867715,40.55825880648036],[-111.81787481175517,40.558248027745812],[-111.81778803937799,40.558267191329648],[-111.81772808653356,40.558281535789867],[-111.81767856215437,40.558305344770112],[-111.81762895693278,40.558311798136501],[-111.81759579583584,40.558299249942621],[-111.81755214115212,40.558255192328261],[-111.81752097683973,40.558220593679629],[-111.81748774235385,40.558192262443768],[-111.81745656256844,40.558162381626538],[-111.81743793163974,40.558154540453778],[-111.81741720868676,40.558148277542955],[-111.81738201538236,40.558142082384052],[-111.81733656322692,40.55815481479749],[-111.81729946206957,40.558181735206091],[-111.81724584980397,40.558221338274301],[-111.81722734359813,40.558240316750037],[-111.81719839433956,40.558246685464788],[-111.8171694093174,40.558237299652447],[-111.81713621909881,40.558218460997793],[-111.81710918510244,40.558193286684769],[-111.81703843176386,40.558101981113417],[-111.81697615402608,40.558051654624414],[-111.8169076826873,40.558007663841714],[-111.81687033229261,40.557980944747229],[-111.81683918952562,40.557958955269847],[-111.81680807683118,40.557935364507472],[-111.81670225545231,40.557864654475402],[-111.8166224224548,40.557828099735012],[-111.81646801181508,40.557756434139968],[-111.81637483378611,40.557736184531343],[-111.81629407165768,40.557717473965106],[-111.81612225925922,40.557692689813337],[-111.81598787817349,40.55770408878989],[-111.81592998108148,40.557708991179332],[-111.81586789341446,40.557707557231296],[-111.81558334731949,40.55768150327782],[-111.8155232533541,40.557657218154759],[-111.81540340997162,40.557618275506492],[-111.81540308324219,40.557596763895525],[-111.81536897696265,40.557614257897761],[-111.81505473603048,40.557652158774403],[-111.81491225949848,40.557714784351568],[-111.81476401125103,40.557789984620676],[-111.81479874916084,40.557843817346843],[-111.81480440703108,40.557941689513839],[-111.81472510824588,40.558055771277729],[-111.81464562851863,40.55814541201152],[-111.81454758446152,40.558211651051245],[-111.81447564728599,40.558220621957787],[-111.81440753069431,40.558219226634129],[-111.81434018683733,40.558201456266019],[-111.8142622566472,40.55810576498029],[-111.81422600914553,40.558082244481938],[-111.81408327181107,40.558127260164454],[-111.81395630236821,40.558226102234087],[-111.81382905462596,40.558264528390907],[-111.81369856002516,40.558281718668631],[-111.81359669785282,40.558288796178232],[-111.81355214198075,40.558333577215663],[-111.81355885703397,40.558424284105087],[-111.81344723751414,40.558437854897996],[-111.81337522945373,40.558439128502428],[-111.81333069737066,40.558489141864627],[-111.81330358361343,40.558585085838367],[-111.8131932089976,40.558738723638889],[-111.81317880093953,40.558785053795347],[-111.81319812469204,40.558870380170077],[-111.81310735943242,40.55897570092462],[-111.81299935493232,40.559082354289735],[-111.81291347810291,40.559133821678103],[-111.81275341377687,40.559206105822753],[-111.8126524712485,40.559296066873408],[-111.81260277665089,40.559348724235726],[-111.81250138610051,40.559393656333796],[-111.81226055278331,40.559450768517443],[-111.81215638330603,40.559453790740456],[-111.81206173751232,40.559637407932549],[-111.81203706904985,40.5596455367263],[-111.81189074259404,40.559640956191572],[-111.81183639611817,40.559712582583252],[-111.81179116612043,40.559840507060819],[-111.81168419990982,40.559912587779522],[-111.81152521715697,40.559930961083253],[-111.8114574853744,40.559934148582016],[-111.81140581357886,40.55998103493669],[-111.81142506350329,40.560058813269997],[-111.81138201451239,40.560146821670656],[-111.81131943681861,40.56020277224512],[-111.81132345872319,40.560282083194849],[-111.81135890122358,40.560347890009794],[-111.81139354045126,40.560396834590094],[-111.81120933807716,40.560415351262364],[-111.81121666751444,40.560487285440438],[-111.81123178507679,40.560635641631571],[-111.81125154369076,40.560829533722114],[-111.8112770055466,40.561079377356954],[-111.81128764910081,40.561183826947364],[-111.81128514793764,40.561184630608494],[-111.81073106664995,40.561362479579607],[-111.81050655450285,40.561434541735679],[-111.81027171190117,40.561509920739816],[-111.81027389854785,40.561553813724181],[-111.81030315417624,40.562140791373402],[-111.81030588984414,40.562195649988276],[-111.80992504783784,40.562206689493131],[-111.80995209590478,40.562297594677986],[-111.8100750564282,40.562710848969516],[-111.8103889695262,40.563192032721147],[-111.81029556465614,40.563382253394991],[-111.81029560021453,40.563383373777555],[-111.81029591625531,40.563393096248092],[-111.81030475470774,40.563665543455286],[-111.81017739574683,40.563662608273759],[-111.81015769313046,40.563709357622031],[-111.81017134896626,40.563847342046394],[-111.81019503814211,40.564086727158475],[-111.81020038265444,40.564140733561999],[-111.80821655455989,40.564164386399945],[-111.80818322903015,40.564292547793627],[-111.8081560692022,40.564397003926736],[-111.80810087174459,40.564609288829551],[-111.80809403796137,40.564635569165787],[-111.80800095109664,40.564993559986853],[-111.80741463680909,40.565000541568942],[-111.8073714266377,40.565001056903469],[-111.80731460664077,40.564634879888423],[-111.80730734975447,40.564588117691919],[-111.80730706735119,40.564586288499832],[-111.8073069515184,40.564585543606405],[-111.80727103411618,40.564585594822326],[-111.80727260046946,40.564627963294811],[-111.80727872517512,40.564793766960058],[-111.80729169197355,40.56514467601189],[-111.8072955903714,40.565309899325612],[-111.80729943117505,40.565472737077741],[-111.80718010121203,40.565479554506716],[-111.80713170829642,40.565481839988529],[-111.80690901554939,40.565492353528342],[-111.80664344769018,40.565432049252692],[-111.80648265077571,40.565423232324186],[-111.8064764928847,40.565439987641057],[-111.80612668031301,40.565417476655711],[-111.80612486373916,40.565532754559946],[-111.80555067497201,40.5655274878754],[-111.80554422327675,40.565936447815567],[-111.80513089189324,40.565936230041928],[-111.8037697503962,40.565935501173165],[-111.80370528905874,40.566172018671899],[-111.80369771728354,40.566199801756746],[-111.80348641249016,40.566695891720869],[-111.80331384830878,40.567001425344145],[-111.80308112685509,40.567342458229881],[-111.80292934713792,40.567527651789412],[-111.80275308690338,40.567720060065398],[-111.80250024971495,40.567970315502009],[-111.80219614125161,40.568246870101873],[-111.80198074908766,40.568490567725121],[-111.80182159231811,40.568688663301636],[-111.80171040536224,40.568843542588461],[-111.80148528184107,40.569247840474425],[-111.80138042390109,40.56953237070109],[-111.80117606483795,40.570058431586844],[-111.80095214314446,40.570605547041467],[-111.80078543569451,40.570959550878534],[-111.80061762349266,40.571240353039435],[-111.80024295428574,40.571730083552879],[-111.79995895334498,40.572021604023554],[-111.79974316206237,40.572213139890863],[-111.79941276082631,40.572470782732218],[-111.799393920442,40.572485044913464],[-111.79929666319876,40.57255866884605],[-111.79924332556153,40.572599047210637],[-111.79924287942362,40.572599384311722],[-111.79906341821307,40.572735220754765],[-111.7988578922722,40.572888931144632],[-111.79863982622705,40.573052015716321],[-111.79852586212002,40.57313520106549],[-111.79863971913366,40.573137279068163],[-111.79872697813332,40.573137539377349],[-111.79872469220172,40.573139460901899],[-111.7987860699818,40.573141038001047],[-111.79880927855255,40.573141634724003],[-111.79894885575288,40.573145217708976],[-111.79899987980862,40.57319386660199],[-111.79915824052081,40.573344853394048],[-111.79927107762549,40.573457835064772],[-111.79938131321877,40.573572301141404],[-111.79948891199226,40.573688217767568],[-111.79959384330832,40.57380554750079],[-111.7997684534156,40.57401112340775],[-111.79977022999978,40.574013288329027],[-111.79977118427307,40.574014452824684],[-111.79977213853856,40.574015615533327],[-111.79977309514757,40.574016778235958],[-111.79977404942096,40.574017942731565],[-111.79977500134299,40.574019105446169],[-111.79977595561645,40.574020269941776],[-111.79977690988994,40.574021434437419],[-111.79977786181986,40.574022598938996],[-111.79977881609342,40.574023763434553],[-111.79977976802344,40.574024927936179],[-111.79978071995352,40.574026092437734],[-111.79978167188358,40.574027256939239],[-111.79978262381368,40.574028421440829],[-111.79978357574386,40.574029585942348],[-111.79978452767402,40.574030750443875],[-111.79978547961208,40.574031916732388],[-111.79978642920663,40.574033083026933],[-111.79978737879337,40.574034247534456],[-111.79978833072364,40.574035412035947],[-111.79978928031829,40.574036578330414],[-111.79979022991293,40.574037744624917],[-111.79979117950762,40.57403891091937],[-111.79979212909453,40.574040075426815],[-111.79979307868926,40.574041241721275],[-111.79979402594834,40.574042409808769],[-111.79979497554319,40.5740435761032],[-111.79979592279446,40.574044742403601],[-111.79979687238938,40.574045908698054],[-111.79979781964074,40.574047074998468],[-111.79979876689997,40.574048243085912],[-111.7997997141514,40.574049409386284],[-111.79980066140286,40.57405057568667],[-111.79980160866219,40.574051743774042],[-111.79980255357798,40.574052911867433],[-111.79980350082953,40.574054078167777],[-111.79980444574539,40.574055246261146],[-111.79980539300485,40.574056414348476],[-111.79980633791297,40.574057580654802],[-111.79980728283677,40.57405875053518],[-111.7998082277449,40.574059916841513],[-111.79980917266097,40.574061084934804],[-111.79981011757701,40.574062253028096],[-111.80000690222492,40.574305751752263],[-111.80014087022958,40.574471521144837],[-111.80019875859817,40.574543151077492],[-111.80027904043698,40.574642488826186],[-111.80028117510616,40.574641873982564],[-111.80028285565426,40.574641381819866],[-111.80028453384304,40.574640886089114],[-111.80028596623833,40.574640455320854],[-111.80018112076908,40.574714119000568],[-111.79985815630207,40.574817526220762],[-111.79975687636527,40.574857430453385],[-111.79963371663112,40.574905957535243],[-111.79901090121321,40.575151348394812],[-111.79902697505827,40.575181025811311],[-111.79903066978405,40.575188773911236],[-111.79903418424097,40.575196565359413],[-111.79903752078039,40.575204401936851],[-111.79904067705088,40.575212281862612],[-111.7990436507009,40.575220203355592],[-111.79904644405835,40.575228162835884],[-111.79904905477167,40.575236158522344],[-111.79905148282521,40.575244186841111],[-111.79905372587524,40.575252247798019],[-111.79906324287577,40.575287942787334],[-111.79963982684136,40.575300790885045],[-111.7997404467247,40.575303042814838],[-111.7998345600287,40.575305146882556],[-111.79995599112392,40.575307863670915],[-111.80017088101459,40.575207631383691],[-111.80042532252438,40.575092761664642],[-111.80046750365439,40.57507371998998],[-111.8005759337011,40.575216169113631],[-111.8005767444261,40.575217725330717],[-111.80057818453631,40.575220638081667],[-111.80057955676858,40.575223570663951],[-111.80058086345878,40.575226521284478],[-111.80058210226322,40.575229489949244],[-111.8005832731661,40.57523247308432],[-111.80058437616748,40.57523547068967],[-111.80058540892371,40.575238482771226],[-111.80058637377842,40.575241509323099],[-111.80058726838007,40.575244548564221],[-111.8005880950565,40.575247596914558],[-111.8005888491363,40.575250657960169],[-111.80058953294726,40.575253728120998],[-111.80059014882517,40.575256805604006],[-111.80059076235945,40.575259883093054],[-111.80059144851425,40.575262953247851],[-111.80059220259433,40.575266014293419],[-111.80059302927917,40.575269064430671],[-111.80059392387356,40.5752721018847],[-111.80059488872911,40.575275128436438],[-111.8005959214864,40.575278140517931],[-111.80059702449695,40.575281139910089],[-111.80059819539349,40.575284121257894],[-111.80059943184824,40.575287088141465],[-111.80060074088414,40.575290038755661],[-111.80060211311884,40.575292971337596],[-111.8006035532396,40.575295885875114],[-111.8006050612385,40.575298780581377],[-111.80060663242052,40.575301653681215],[-111.80060827381651,40.57530450515668],[-111.80060997605193,40.575307335031845],[-111.80061174380627,40.575310141507529],[-111.8006135770873,40.575312926370898],[-111.80061547352783,40.575315684266876],[-111.8006174307921,40.575318416988402],[-111.80062073346585,40.575322781398881],[-111.80065633269398,40.575368359624797],[-111.80084411093429,40.575608775839079],[-111.8008710508778,40.57564324297698],[-111.80093217873085,40.575721504830547],[-111.80104345135983,40.575863969429385],[-111.80064229981204,40.575865119757061],[-111.80026008289317,40.575856741816985],[-111.8002089347018,40.575855621804287],[-111.80016670731779,40.575854695173547],[-111.8001484508212,40.575854295129588],[-111.79959924888962,40.575842255237873],[-111.79961295902311,40.576159090005319],[-111.79962885606022,40.576202288481163],[-111.79966994596552,40.576313930340227],[-111.79974906397044,40.576528904968953],[-111.79976693705488,40.576577470194835],[-111.79950429080479,40.576578157160881],[-111.79950557867842,40.576871418634191],[-111.79941690672602,40.576948119317983],[-111.79941817146307,40.577236194835834],[-111.79941874994034,40.577367956694175],[-111.79949074315157,40.577367772913625],[-111.79949017042863,40.577237353102717],[-111.79949016453519,40.577236011055604],[-111.79948971432825,40.577133490092876],[-111.79998624247533,40.576957948070657],[-111.80020785886981,40.577313395741214],[-111.80021575064596,40.577314578218058],[-111.80030608626927,40.577327842669611],[-111.80055098864749,40.577363803185108],[-111.80061478658362,40.5771112105014],[-111.80062874810551,40.57705593929893],[-111.80075812662734,40.577074936216562],[-111.80077128407368,40.577022839042371],[-111.80083477220032,40.576771465753104],[-111.80060970000753,40.576736178759816],[-111.8006209185578,40.576680728727453],[-111.80068524999969,40.576362761283619],[-111.8008269894916,40.576332736686844],[-111.80084757113337,40.576328375364248],[-111.80098208466671,40.57629988094218],[-111.80108215021697,40.576278681895921],[-111.80132542514825,40.576225010912644],[-111.80134269727458,40.576247127556243],[-111.80144462134486,40.576377619403289],[-111.80172770233277,40.576740040175459],[-111.80193250368831,40.577002235791802],[-111.80205342313265,40.577156488620076],[-111.80211361627289,40.577228335497146],[-111.80217754675199,40.577296878051214],[-111.80224503347081,40.577361922118286],[-111.80198537410949,40.577476787654469],[-111.80196269053657,40.577480237836525],[-111.80192913554124,40.577489750807871],[-111.80173908555297,40.577543623861025],[-111.80164096530137,40.57752916713445],[-111.8013648493517,40.5774876366999],[-111.80126309041536,40.577472331229181],[-111.80102645750004,40.577436738765847],[-111.80095750867851,40.577833122401032],[-111.80051268443837,40.577765687163158],[-111.80049975431911,40.577741262950269],[-111.80031560791038,40.577741734523038],[-111.80029567244607,40.577741785557556],[-111.80029547160005,40.577696172049883],[-111.80000041239146,40.577696927001668],[-111.80000257026209,40.578186940227305],[-111.80000397864109,40.578507101405421],[-111.80011093433461,40.578506827829607],[-111.80031897469105,40.578506293628799],[-111.80090396500638,40.578504794552842],[-111.80088976780821,40.578477979015787],[-111.80116466625414,40.578478083121801],[-111.80116491189609,40.578401023853282],[-111.80116498475454,40.578378247933749],[-111.80116563755035,40.578173663164669],[-111.80116577403363,40.578130797255511],[-111.80116662213415,40.577864823803338],[-111.80119407382188,40.577868986804276],[-111.80187926934889,40.577972858840766],[-111.80194804072734,40.577580453065629],[-111.80201017296605,40.577571004121481],[-111.80208354977738,40.577559842802991],[-111.80235375779232,40.577454371106157],[-111.80241861018052,40.57750345568931],[-111.80248535214122,40.57754993836609],[-111.8024853768741,40.577575594741369],[-111.80253467807928,40.577609538194913],[-111.80258518880282,40.577641654136102],[-111.80267932538619,40.577695097585071],[-111.80277649248718,40.577742809774819],[-111.80287634157348,40.577784619564717],[-111.80287696033902,40.577366655860914],[-111.80323693559481,40.577369389299434],[-111.80323625349909,40.577832704505383],[-111.80323614116053,40.577909171949209],[-111.8032162792874,40.577970593584425],[-111.80319460017316,40.578037631195635],[-111.80320830202496,40.578041411096713],[-111.80321325784774,40.578042729626887],[-111.80321274152585,40.57804362626505],[-111.80320405428147,40.578088653361363],[-111.80319476080743,40.57813807991144],[-111.8031942350889,40.578357226913241],[-111.80319349008811,40.578667809779034],[-111.80319200124219,40.579287658348811],[-111.8031918964909,40.57933157672371],[-111.80324949630111,40.579331392100464],[-111.80324872591765,40.579651498005099],[-111.80319112584503,40.579651684414969],[-111.80258909046127,40.57965146610178],[-111.80237751415373,40.579651387972397],[-111.80218217562857,40.579651315885329],[-111.801976397863,40.579651239966147],[-111.80158579347133,40.5796510939442],[-111.80155094455854,40.579594039610512],[-111.80128397425646,40.579589980992708],[-111.80095125710494,40.579589855730347],[-111.80129301187837,40.580030303848162],[-111.80135250017925,40.580026664549656],[-111.8013809647729,40.580204141943739],[-111.8014996236417,40.580399016612461],[-111.80149953013722,40.580464281023417],[-111.8014992526512,40.580656518046311],[-111.80149883724926,40.581032270978149],[-111.80149776782024,40.581553795404211],[-111.80149684270879,40.582007237075054],[-111.80149814577895,40.582243127060487],[-111.80149758192341,40.582523277615316],[-111.80084961071402,40.582525525446975],[-111.80084891125024,40.58284301629034],[-111.80084815795887,40.583184435553591],[-111.80085210338736,40.583974074241816],[-111.800852645077,40.584082511540622],[-111.80085247396492,40.584189299448227],[-111.80085241691793,40.58422524746107],[-111.80091652664956,40.584225367178192],[-111.80095995091038,40.584225448788402],[-111.8009586608168,40.584625689277104],[-111.80095860683281,40.584642667971096],[-111.80100901172145,40.584642762035763],[-111.80111734557828,40.584585084683162],[-111.80112118065053,40.584583042988669],[-111.80184753912012,40.584781993717321],[-111.80186484875074,40.58478663834282],[-111.80281153930881,40.585046648789344],[-111.80281150699385,40.585073154073221],[-111.80281096465858,40.585407086663935],[-111.80283684518652,40.58544680624955],[-111.80284839069772,40.585464534142204],[-111.80294064395177,40.585600882071589],[-111.80274644640934,40.586273986533428],[-111.80323511950102,40.586960293868593],[-111.80326261569039,40.586998910140331],[-111.80558137796075,40.590255230542773],[-111.80557922418566,40.591297818205824],[-111.80570599742366,40.591297727428831],[-111.80570399941998,40.594901074031448],[-111.8044732757922,40.594897360038146],[-111.80406951091136,40.594898516059025],[-111.80370235403949,40.594897926524169],[-111.80386760122803,40.595162301254391],[-111.80403093005886,40.59542360344787],[-111.80419425778923,40.595684903605303],[-111.80433187557533,40.59590507044129],[-111.8044702380276,40.596126425321721],[-111.80455158700475,40.596256566609839],[-111.80452937859654,40.596346250453593],[-111.80447505241473,40.596565615892459],[-111.80442072588339,40.596784981286604],[-111.80436639899447,40.597004344849061],[-111.80431806252989,40.597191860653695],[-111.8041340060107,40.598126108918279],[-111.80416346893746,40.598117304752279],[-111.80416248579373,40.598122373498754],[-111.80394694517994,40.598391808605086],[-111.80483570043994,40.599490354613188],[-111.80556884185978,40.60015315043831],[-111.80608258936631,40.60047931460759],[-111.80617064794258,40.600624233564531],[-111.8061281860835,40.600627782564288],[-111.80613900812212,40.600660106488355],[-111.80654775792846,40.600524248298512],[-111.80682339928983,40.60043262949921],[-111.80720504422781,40.600436782979124],[-111.80815912613977,40.600602991914172],[-111.80825346114774,40.60081175188575],[-111.80840188808698,40.600773489647018],[-111.80840294924866,40.600775881461068],[-111.80886678763423,40.60065630738255],[-111.80886934008284,40.600655630532856],[-111.80887187596628,40.600654919773376],[-111.80887439528449,40.600654175104161],[-111.80887689804548,40.600653398312105],[-111.80887938423317,40.600652585823326],[-111.80888184917471,40.600651741224077],[-111.80888429522273,40.600650866295226],[-111.80888672001653,40.600649957468939],[-111.80888912355604,40.60064901474523],[-111.80889150585757,40.600648041698072],[-111.80889386456846,40.600647036546683],[-111.80889620204131,40.600646001071851],[-111.80889851124269,40.600644935292046],[-111.80890080154239,40.60064383739568],[-111.80890306123423,40.600642710987557],[-111.80890529733541,40.600641552475174],[-111.80890750751769,40.6006403654387],[-111.80890968709208,40.600639149890497],[-111.80891184073947,40.600637904031196],[-111.80891396613156,40.60063663144102],[-111.80891606090769,40.600635328552087],[-111.80891812274764,40.600634000731546],[-111.80892015866051,40.600632642599969],[-111.80892215929279,40.600631259542951],[-111.80892413166976,40.600629849755038],[-111.80892606876603,40.60062841504174],[-111.80892797291811,40.600626953609869],[-111.80892984647841,40.600625467240263],[-111.80893168241363,40.600623955951441],[-111.80893348306819,40.600622419737206],[-111.8089352507947,40.600620860378449],[-111.8089370135892,40.600619247422102],[-111.80907845834251,40.600487504171298],[-111.80906472153266,40.600478632069972],[-111.80909452069767,40.600450824434148],[-111.80909110034381,40.600448299452665],[-111.80907075929633,40.600432752367098],[-111.80905077575551,40.600416938070836],[-111.80903115911538,40.600400860113297],[-111.80901191408115,40.600384522056302],[-111.80899304537404,40.600367931035677],[-111.80897455770727,40.600351092400253],[-111.80895646047477,40.600334009699502],[-111.80893875605335,40.60031669007541],[-111.80892145148441,40.600299135296638],[-111.80890455149716,40.600281354285997],[-111.80888806079669,40.600263350605324],[-111.80887198410409,40.600245131390366],[-111.80885632846879,40.600226700196842],[-111.80884109626746,40.600208064166651],[-111.80882629455751,40.600189228642499],[-111.80881192569946,40.600170197192355],[-111.80879799443045,40.600150980525996],[-111.80878450309478,40.600131578637431],[-111.80877146111852,40.600112002224073],[-111.80875887086214,40.600092254853919],[-111.80874673000501,40.600072341894226],[-111.80873505030165,40.600052270462328],[-111.80872383178402,40.600032047706314],[-111.80871307682051,40.600011678981147],[-111.80870279012396,40.599991169635608],[-111.80869297407087,40.599970526811617],[-111.80868363337407,40.599949755857942],[-111.80801739860667,40.600118896454283],[-111.80790360251564,40.599858476372354],[-111.80778980728591,40.599598054365444],[-111.80767601293363,40.59933763400764],[-111.80766890140563,40.599321358622625],[-111.80765950859455,40.599299860403278],[-111.80754548781897,40.599038918674147],[-111.80743146791616,40.598777976806574],[-111.8073174488862,40.59851703480048],[-111.80720343072093,40.598256090868929],[-111.80708941344454,40.597995150372874],[-111.80697562677922,40.597734727372909],[-111.80685046128482,40.597448263167657],[-111.80665713777562,40.597005807505603],[-111.80663437867624,40.596953719958798],[-111.80730059531449,40.596784585185425],[-111.80742581316964,40.596773676244759],[-111.80806839738979,40.596717690567402],[-111.80814128060054,40.596884490850428],[-111.80830667684698,40.597263011811954],[-111.8084204678012,40.597523431784069],[-111.80853426197713,40.597783853399136],[-111.80864805701432,40.598044273089279],[-111.80876185292084,40.598304692641506],[-111.8088756496967,40.598565112055766],[-111.80898944500555,40.598825533125286],[-111.8091032435201,40.599085952263671],[-111.80921704290401,40.599346371264126],[-111.80933084316541,40.599606791913573],[-111.80943051031063,40.599834867145631],[-111.8089428096032,40.600003143596247],[-111.80895333042328,40.600020460690899],[-111.80896424681453,40.600037633781525],[-111.80897555407209,40.60005465930648],[-111.80899123029188,40.600077116581929],[-111.80945232488725,40.599884788935427],[-111.80950009767894,40.599994112422507],[-111.80960108818672,40.60004405942923],[-111.80974089703612,40.600113203683343],[-111.80988274832769,40.599885268548668],[-111.80997433229209,40.599738106986131],[-111.80993410016117,40.599486756584305],[-111.80991274756262,40.599353358461293],[-111.80991292693092,40.599178264148357],[-111.80991320309242,40.598903777384372],[-111.80991345844566,40.59865204832839],[-111.80991356094654,40.598550817018179],[-111.80988155377005,40.598430431457899],[-111.80981673587345,40.59818662090948],[-111.80974736040829,40.597925674096203],[-111.80957592990495,40.597280839119783],[-111.81036551664961,40.597281301635711],[-111.81086209097246,40.597281591906103],[-111.81091463927987,40.597479238240233],[-111.8110225848848,40.597885238209457],[-111.81109234927453,40.59814763788841],[-111.81109664769284,40.598163804377322],[-111.81117401722619,40.59845480113885],[-111.81117399256645,40.598480217974881],[-111.81117367015636,40.598805098853447],[-111.81117339671745,40.599079583850632],[-111.8111731232845,40.59935407060415],[-111.81117305297957,40.599424448931835],[-111.81126463692418,40.599545567805933],[-111.81139144403761,40.599713275413436],[-111.81143548146972,40.599771515408335],[-111.81158405269827,40.599837011936614],[-111.8118076888328,40.599935597411267],[-111.81189042140056,40.599972068601254],[-111.81213004022368,40.599972205263377],[-111.81249015187352,40.599972408412675],[-111.81285026353372,40.599972612243882],[-111.81321037519612,40.599972814969995],[-111.81320997850635,40.600384543155968],[-111.81331801335878,40.600384603220689],[-111.81331840939612,40.599972875034325],[-111.81367852106125,40.599973076323799],[-111.81379133333208,40.599973137476574],[-111.813827679998,40.599973158221211],[-111.81438613253484,40.600048531969009],[-111.81477814817609,40.60034776261908],[-111.81509491500465,40.600589555541745],[-111.81512721200389,40.600614206501199],[-111.81536579225128,40.600796316716767],[-111.81575151780896,40.600798117253177],[-111.81614367708637,40.600799992113984],[-111.81651160059933,40.600801750546765],[-111.81651880311642,40.600801786517479],[-111.81687170969468,40.600803471742822],[-111.81723181879988,40.600805190046785],[-111.8172498250737,40.600805275394627],[-111.81759192792329,40.600806907245641],[-111.81773597344993,40.60080759309588],[-111.81773385476913,40.601065824666094],[-111.81773259367399,40.601219313224455],[-111.8179486609381,40.601220343467674],[-111.8179473095382,40.601385031502183],[-111.81794597330122,40.601547944976403],[-111.8179444625072,40.601732249507002],[-111.81800089232175,40.601732518339986],[-111.81804037684273,40.601958676278329],[-111.81806439215225,40.602058687708556],[-111.81808059844569,40.602126175147262],[-111.81811473568948,40.602237311895891],[-111.8181754878436,40.602228728557158],[-111.81817851075861,40.602228391549936],[-111.81830053329477,40.602215269175083],[-111.8183457417413,40.602210369847718],[-111.81845122313221,40.602202728292134],[-111.81864731642494,40.602196431078951],[-111.81884553105087,40.602196552099635],[-111.81885482034289,40.602196580470441],[-111.81896610987741,40.602197114355221],[-111.81896796032936,40.602082486491682],[-111.81896943615681,40.601902322580216],[-111.81897078745416,40.601737135984514],[-111.81924533772225,40.601738440898309],[-111.81895382452512,40.601389823463762],[-111.81906098627964,40.601390339882116],[-111.81935250002704,40.601738957050344],[-111.81958837613432,40.601740076905266],[-111.81969967897969,40.601740606482181],[-111.81980255532864,40.601741094585194],[-111.81990887824573,40.601741600007529],[-111.82023298166816,40.601743137425288],[-111.82055708511358,40.601744675734878],[-111.8208811862291,40.601746213155749],[-111.82120528969533,40.601747747888091],[-111.82152939318458,40.601749283512291],[-111.82195496630685,40.601751297593609],[-111.82198051032027,40.601821823628249],[-111.82244865920961,40.601823963916104],[-111.82245066280899,40.601571443916058],[-111.82245368866214,40.601189558867524],[-111.82245549488802,40.600961739506452],[-111.82245723454758,40.600742154886539],[-111.82245897419597,40.600522570246987],[-111.82246071617763,40.600302985581273],[-111.8224624558036,40.600083400902363],[-111.82246384945195,40.599907650936828],[-111.82246521634373,40.599735167702676],[-111.82259694141543,40.599735774214842],[-111.82286702189464,40.599737016802557],[-111.82288517090466,40.59973710089227],[-111.82330037313137,40.599739011718896],[-111.8234106574822,40.599739517342364],[-111.82341153767865,40.599549454726876],[-111.82391749093301,40.599645605423014],[-111.82459886124482,40.599775100679722],[-111.82459885711657,40.59977620328182],[-111.82459810034661,40.599939790872426],[-111.82459791089705,40.59998075701602],[-111.82459747705894,40.600075279000279],[-111.82496950937461,40.600075098151486],[-111.8249708012025,40.600078052090048],[-111.82497216093458,40.600080987970401],[-111.82497358857097,40.600083905792474],[-111.82497508410317,40.600086803769287],[-111.82497664284219,40.600089681913829],[-111.82497826712401,40.600092538432619],[-111.8249799592931,40.600095373319149],[-111.82498171466059,40.600098186586415],[-111.82498353320086,40.600100972873406],[-111.82498541493949,40.600103737541119],[-111.82498736219543,40.600106475222063],[-111.82498937027975,40.600109185929227],[-111.82499144153687,40.600111869656146],[-111.82499357127791,40.600114526415737],[-111.8249957641918,40.600117156195033],[-111.82499801556406,40.600119753646105],[-111.82500032540318,40.600122320555847],[-111.82500269606223,40.600124858704781],[-111.82500512282662,40.600127362744949],[-111.82500760804945,40.600129834456773],[-111.82501014704168,40.600132273853362],[-111.82501274213084,40.60013467735407],[-111.82501539333391,40.600137048533036],[-111.82501809593643,40.600139382042144],[-111.82502085463581,40.60014167965543],[-111.82502366239025,40.600143939605395],[-111.82502652389702,40.600146163666039],[-111.82502943679481,40.600148348269862],[-111.82503239639455,40.60015049342983],[-111.8250354073938,40.600152600919948],[-111.8250384627335,40.600154665398755],[-111.82504156711116,40.60015668864019],[-111.8250447181908,40.600158672437779],[-111.82504791126647,40.600160613230479],[-111.82505114868265,40.600162511011874],[-111.82505443278384,40.60016436577537],[-111.82505775652798,40.6001661757535],[-111.82506111992372,40.600167942733229],[-111.82506452529846,40.600169663134153],[-111.82506797031624,40.600171338749597],[-111.82507145027957,40.60017296780574],[-111.82507496754147,40.600174552082912],[-111.82507852207637,40.600176086220245],[-111.82508211156532,40.600177575585192],[-111.82508573364687,40.600179016610184],[-111.82508938596804,40.600180407514799],[-111.82509307323475,40.600181751859971],[-111.82509678838804,40.600183044304252],[-111.82510053379796,40.600184290202094],[-111.82510430709442,40.600185484199002],[-111.82510810594157,40.600186628088522],[-111.82511193033075,40.600187720083568],[-111.82511578027055,40.600188761971175],[-111.82511965341652,40.60018975375786],[-111.82512354976012,40.600190693656572],[-111.8251274669483,40.600191579886875],[-111.82513140030075,40.60019241424871],[-111.82513535450626,40.60019319672908],[-111.82513932722046,40.60019392733453],[-111.8251433137458,40.600194604290969],[-111.82514731642685,40.600195227591989],[-111.82515133291905,40.600195797243991],[-111.8251553608865,40.600196315040549],[-111.82515940265654,40.600196777401159],[-111.82516345120436,40.600197186132306],[-111.82516750887437,40.600197541227409],[-111.82517157566662,40.600197842686562],[-111.82517564923658,40.600198090516251],[-111.82517972488682,40.600198282942451],[-111.82518380731477,40.600198421739137],[-111.82518979800861,40.600198528442277],[-111.82529214014387,40.60024722339719],[-111.8252853454523,40.600274177964458],[-111.82576601813759,40.600472699359443],[-111.82576626933007,40.600411927521911],[-111.82576802786886,40.599987548578355],[-111.82576927894713,40.599685615735737],[-111.82577041734936,40.599411131785551],[-111.82577064223413,40.599357122075986],[-111.82577155339803,40.599136647811193],[-111.82577221721813,40.598976768475524],[-111.82577269177345,40.598862162012637],[-111.82577378801943,40.598597996340331],[-111.82587147356351,40.598598436336587],[-111.82618882851331,40.598599866998299],[-111.82650618347645,40.598601296801789],[-111.8265057446189,40.598766179200425],[-111.82650517531559,40.598980192483424],[-111.82650508963962,40.599013215058207],[-111.82650443231968,40.599260252684722],[-111.8265041648861,40.599360574913071],[-111.82650413655787,40.599371304256323],[-111.82650376282349,40.599511602397818],[-111.82650372341851,40.599526382943957],[-111.82650369035184,40.599539060150711],[-111.82650358151604,40.599754742948065],[-111.82650356152602,40.599797075699087],[-111.82650343270781,40.600055093007384],[-111.82650325616399,40.600406439258691],[-111.82650324985113,40.600417359747134],[-111.82694849481341,40.600419408182688],[-111.82694985001223,40.600419424064128],[-111.82697503286346,40.600419537960597],[-111.8269785918912,40.600419553062004],[-111.82697851652955,40.600574443109942],[-111.82697851503275,40.60057559752812],[-111.8273026132248,40.60057714758706],[-111.82769926389824,40.600579040994532],[-111.82771097264551,40.600579097647667],[-111.82773395169716,40.600579206813705],[-111.82773405495307,40.600365611330282],[-111.82773406165722,40.600351887007463],[-111.82773406675204,40.600341729578538],[-111.82798628181473,40.600342861962169],[-111.82801958850753,40.600343011899589],[-111.82802031001975,40.600176238134814],[-111.82802040815369,40.600153753588359],[-111.82802041985354,40.60015131248776],[-111.82826495474998,40.60015754087258],[-111.82843550713552,40.600161885024441],[-111.82852580709667,40.60016419841358],[-111.82844344492443,40.601026043580518],[-111.828662516826,40.601059515809233],[-111.82866235748766,40.601225859063454],[-111.82866215616764,40.601436990457643],[-111.82807458763381,40.601434236750279],[-111.82807458778859,40.601434268916151],[-111.82806900995755,40.602124607681837],[-111.82806886788808,40.60214380600798],[-111.82806980633264,40.602241376324443],[-111.82867512092217,40.602243667571607],[-111.82867647780215,40.602237216212238],[-111.82894054282336,40.602238456335037],[-111.82934999296855,40.602240376217132],[-111.82991577998681,40.602243027537682],[-111.83043505707944,40.602252763961523],[-111.83054252099207,40.602253395926333],[-111.83059989518979,40.602253461257085],[-111.83072215328481,40.602253602836939],[-111.83092072607339,40.602268523976754],[-111.83103329787576,40.602282479387647],[-111.83116312176774,40.602304786776294],[-111.83127272124135,40.602329454580868],[-111.83139943573681,40.602363682744908],[-111.83155288489029,40.602415621426964],[-111.83170479257753,40.602475963247379],[-111.83180080334951,40.602520377983431],[-111.83188659087841,40.602566029577595],[-111.83200248668562,40.602626417454573],[-111.83266714810749,40.603004824954709],[-111.83271036884418,40.603029432956319],[-111.83286457702729,40.603117226050337],[-111.83296393853183,40.603169042870519],[-111.83309119083616,40.603238949046919],[-111.83315243208909,40.603272592715371],[-111.83333016584851,40.603370188097578],[-111.833965190462,40.603721023625717],[-111.83413196920608,40.603813164603444],[-111.83414195384796,40.603818681287351],[-111.83416429054864,40.603831016007533],[-111.83418862795102,40.603844456550448],[-111.83419941896859,40.603850414113204],[-111.83419970109891,40.603850572354226],[-111.83423884378698,40.603754294358261],[-111.83424045919271,40.603749983046946],[-111.83425327605207,40.603715793076923],[-111.83427125851257,40.603667823000713],[-111.83431535365276,40.603550201030643],[-111.83436778944535,40.603410322994876],[-111.83456269363519,40.602890406681432],[-111.83479768697173,40.60226354048352],[-111.83509358516579,40.602263970065692],[-111.83514061751355,40.602264037688826],[-111.83539969167622,40.602264412614211],[-111.83572378349027,40.60226487975396],[-111.83604789407389,40.602265347731965],[-111.83635364187411,40.602265787032358],[-111.83665938498922,40.602266225549592],[-111.83696513045282,40.602266663263549],[-111.83727087592919,40.602267101967868],[-111.83727203415552,40.602267104000134],[-111.83757662140059,40.602267538088633],[-111.83760657346001,40.602267580588503],[-111.83792978838643,40.602268031649515],[-111.83854657801449,40.602268887948895],[-111.83855963031027,40.602268905690941],[-111.83885024850068,40.602269308867328],[-111.83884966227097,40.602401841187351],[-111.83884869047296,40.602621427407186],[-111.83884853982283,40.602655270387778],[-111.83884771866875,40.602841013607367],[-111.8388469609457,40.603011688496828],[-111.83884675912962,40.603057408138916],[-111.83884674452256,40.603060601581603],[-111.83884577284788,40.603280216334284],[-111.83884479868028,40.603499802482176],[-111.83884429365263,40.603613769179262],[-111.83884382685987,40.603719390390594],[-111.83884285502435,40.603938976492316],[-111.83884188084679,40.604158564368078],[-111.83884090899875,40.604378150430399],[-111.83884041844163,40.604489370400316],[-111.8388403212588,40.604511329540571],[-111.83883913308232,40.604780323624858],[-111.83883786220481,40.605068531916153],[-111.83883640671387,40.605397906405479],[-111.83883588973221,40.60551513435248],[-111.83883493092662,40.605732634807943],[-111.83883483560503,40.605754025660666],[-111.83883511700655,40.605846020412507],[-111.83883512529422,40.605849102990483],[-111.83908034478908,40.605896715633335],[-111.8393336264247,40.605945889535597]],[[-111.81873973104774,40.594397349521628],[-111.81842907882169,40.594719538907285],[-111.81843855341339,40.594725328165026],[-111.81861945501674,40.594835879064718],[-111.81850812497048,40.595045409432345],[-111.81841883410455,40.595213462064798],[-111.81832961480434,40.595381371460761],[-111.81830737412172,40.595374333745561],[-111.81828530789804,40.595367002481368],[-111.81826341379745,40.595359379461613],[-111.81824169885314,40.595351464667303],[-111.8182201654347,40.595343263453202],[-111.81819882527198,40.595334777574578],[-111.81817768306233,40.595326008805912],[-111.81815716264207,40.595315848044521],[-111.8181567435027,40.595316958921472],[-111.81813599250252,40.595307622598611],[-111.81811547939233,40.595298021147904],[-111.81809519008138,40.595288149246535],[-111.81807513161104,40.595278008662689],[-111.81805530634249,40.595267602964014],[-111.81803572366135,40.595256933912282],[-111.81801638828126,40.595246006855831],[-111.81799730489929,40.595234823569157],[-111.81797848057342,40.595223389394221],[-111.81795992234488,40.595211706099171],[-111.81794163257476,40.595199777251722],[-111.81788194424743,40.595160154502352],[-111.81764353814343,40.595002573638119],[-111.81764292607319,40.595002026679289],[-111.81764230232314,40.595001488687217],[-111.81764166688498,40.595000957874845],[-111.81764101742273,40.595000436035583],[-111.81764035862497,40.594999923156657],[-111.81763968814742,40.594999419244459],[-111.81763900364579,40.594998924305372],[-111.81763830980867,40.59499843832662],[-111.81763755960878,40.594997931056199],[-111.81736057858961,40.594814068646905],[-111.81715302398857,40.594995749869405],[-111.81681941737791,40.594957663645559],[-111.81640772866024,40.595153370460949],[-111.81632624692111,40.59519122840323],[-111.81628417543557,40.595147706317974],[-111.81621516642619,40.59509782711001],[-111.81615109594009,40.595055304232432],[-111.81608226719214,40.59509382485281],[-111.81576853957243,40.595273700523492],[-111.81547131095911,40.595210647948406],[-111.81525383753937,40.595164512544642],[-111.81519260686578,40.595095177978344],[-111.81509610201095,40.594985903460007],[-111.81509618381592,40.594920412465981],[-111.81505333177347,40.594920336320733],[-111.81501259865577,40.594893295460267],[-111.81477376688926,40.594738349342663],[-111.81452943308277,40.594576060311169],[-111.81428510043116,40.594413768973261],[-111.81404077129524,40.594251478896567],[-111.81379644096995,40.59408918651971],[-111.81355211181601,40.593926895410412],[-111.81330778381701,40.593764601994671],[-111.81306345933361,40.593602309840243],[-111.81280756933965,40.593432333425831],[-111.81253300334441,40.593249952429836],[-111.81224378016969,40.593057831197946],[-111.81192784686441,40.592847965420248],[-111.81190786478723,40.592834692708898],[-111.8117276156016,40.592618709609518],[-111.8116722000396,40.592618658462804],[-111.81156597262111,40.592491247050411],[-111.81135352131928,40.592236423911295],[-111.81132800774925,40.592205820926743],[-111.81126412729463,40.592129200219709],[-111.8111731118549,40.592020031113513],[-111.81116038343723,40.592004764372959],[-111.81099621797136,40.591807853228424],[-111.81083205346179,40.59161094362549],[-111.81075275881027,40.591515832020001],[-111.81066788754812,40.591414031996415],[-111.81060186128397,40.591334834340067],[-111.81058658277274,40.591316507750996],[-111.81057004561083,40.591296674455982],[-111.81072989560417,40.591296639016633],[-111.81088398828498,40.591296606105132],[-111.81099679751122,40.59129658056353],[-111.8112568379901,40.591296523622304],[-111.81156465769432,40.591296464331982],[-111.81166468642496,40.591296441705744],[-111.81173014545503,40.591296426855251],[-111.81187244692399,40.591296404315067],[-111.81207220663562,40.591296350309356],[-111.8121876343441,40.591296329167449],[-111.81237826341604,40.591296268555148],[-111.8126115497009,40.591296213717776],[-111.81268432025307,40.591296198511557],[-111.81299037708129,40.591296125882586],[-111.81329643156464,40.591296052461558],[-111.81342811871284,40.591296063524496],[-111.81354238620133,40.591296074528486],[-111.81400623014156,40.591295961702158],[-111.81433183278739,40.591295881512892],[-111.81442381861604,40.591295858423855],[-111.81465034661323,40.591295801560214],[-111.81490796554493,40.591295737659792],[-111.81509379614424,40.591295690875207],[-111.81509402367469,40.591640668158419],[-111.81536289029147,40.591693079401033],[-111.8153734275996,40.591695132961732],[-111.8154955278514,40.591718472056371],[-111.81558089451399,40.591748900668236],[-111.81561350931796,40.591760526884904],[-111.81570361685378,40.591792643901549],[-111.81584035036762,40.591841381550871],[-111.81588044625406,40.591855673452194],[-111.81590716042027,40.59186519606191],[-111.81595681402975,40.591858823862275],[-111.81619679071007,40.591828023153823],[-111.81625980552806,40.591833121466379],[-111.81655081917512,40.591856670608955],[-111.81655402491926,40.59185693180077],[-111.81655702429283,40.591857175679046],[-111.81651264816175,40.592239904379049],[-111.81650242409593,40.59232808405644],[-111.81649679817686,40.59237661335321],[-111.81651902369971,40.592378111684297],[-111.81658765126764,40.592382735414873],[-111.8166402674609,40.592386280064446],[-111.81661285262066,40.592622734386254],[-111.81678803144949,40.592720892744417],[-111.81693530728631,40.592803416488415],[-111.81704914715972,40.592867204106213],[-111.8172407916059,40.592974586579409],[-111.81731026398228,40.593013513091222],[-111.81732156694093,40.593019846113911],[-111.81757138192546,40.593159821486452],[-111.81767291869208,40.593216713502308],[-111.8178325009976,40.593306131078947],[-111.81799933939804,40.593399610332135],[-111.81809362118203,40.593452438294626],[-111.81826203037713,40.593546797488685],[-111.8183547448397,40.593598746701169],[-111.81852472014602,40.593693984054745],[-111.81861586726541,40.593745052737326],[-111.81877544263368,40.593834461889799],[-111.81880739335067,40.593843110050123],[-111.81889946413729,40.593868031856822],[-111.81915382163011,40.593936882272914],[-111.81921842745102,40.59395437124774],[-111.81917778740375,40.593996519727881],[-111.81889927109874,40.5942853754471],[-111.81884135962011,40.594345435607153],[-111.81879264232275,40.594395960224091],[-111.81877180556295,40.594384285031325],[-111.81875916013439,40.59437719988734],[-111.81873973104774,40.594397349521628]],[[-111.81447545406515,40.578195131179243],[-111.81447519861629,40.578284083257344],[-111.81433511651022,40.578284285357626],[-111.81429521458705,40.57828434223368],[-111.81399281816643,40.578283840348725],[-111.8137912197766,40.57828350592348],[-111.813790591859,40.578503094720226],[-111.81429458830046,40.578503932820027],[-111.81433062754037,40.578503807665285],[-111.81447457354724,40.578503303927036],[-111.81447447074747,40.578538953735453],[-111.81475173374129,40.578539412811004],[-111.81480793728839,40.57853950682113],[-111.81483418513369,40.578539548963029],[-111.81509633786929,40.578539983442944],[-111.81509592959543,40.578664165501799],[-111.81509535909862,40.578836429911171],[-111.81509404620377,40.579234050123134],[-111.81509389530538,40.579279510863294],[-111.81509361593297,40.579364125841394],[-111.81509196380604,40.579863847206319],[-111.81509153668627,40.579993084764958],[-111.81509021763632,40.580392933238215],[-111.81509012354118,40.580421266887555],[-111.81497050169146,40.580421643518463],[-111.81484155628775,40.5804220504114],[-111.81447489766511,40.580423205429874],[-111.81409636310272,40.580424398248212],[-111.81390847629797,40.58042498871832],[-111.81352046347216,40.580426210401313],[-111.81311725590376,40.580427478506238],[-111.81301327642416,40.580427804241189],[-111.81293114801529,40.580428062662932],[-111.81282265441108,40.580428402057343],[-111.812714050656,40.580428743432051],[-111.81271405010699,40.580428623702375],[-111.812714059762,40.580425617888679],[-111.81271408301471,40.580417399266096],[-111.81271422352224,40.580368814849521],[-111.81271434490804,40.580326283160929],[-111.81271451192968,40.580268658075994],[-111.81271498393838,40.580104269507181],[-111.81271549267134,40.579927444870897],[-111.8127157771001,40.579828465744676],[-111.81271610241788,40.57971591399297],[-111.81271633556229,40.579634885738123],[-111.81271725545525,40.579315163466056],[-111.81269327002889,40.579314821745832],[-111.81268071482899,40.579314399517976],[-111.81266817292975,40.579313811059301],[-111.81265564666683,40.57931305457646],[-111.81264313839229,40.579312131850372],[-111.8126306527937,40.57931104286839],[-111.81261819456687,40.579309789405123],[-111.81260576838301,40.579308367874063],[-111.81259337660222,40.579306781842995],[-111.81258101923285,40.579305033098962],[-111.81256870797739,40.579303118036655],[-111.8125564405085,40.579301040236423],[-111.8125442215138,40.579298799685759],[-111.81253205802456,40.579296396365955],[-111.81251995004907,40.579293832064018],[-111.81250790227492,40.579291106767556],[-111.81249591939785,40.579288222251023],[-111.81248400375353,40.5792851767212],[-111.81247216004583,40.579281973739647],[-111.81246039297062,40.579278615080952],[-111.81244870252783,40.579275100745107],[-111.81243709339695,40.579271428932621],[-111.81242557263376,40.579267604985837],[-111.81241693204379,40.579264733004266],[-111.81240822870554,40.579261977346299],[-111.81239946261894,40.579259338011852],[-111.81239063847964,40.57925681677559],[-111.81238257526968,40.579254633048592],[-111.81238175627125,40.579254410063342],[-111.8123728207139,40.579252125010761],[-111.81236383413501,40.579249958037522],[-111.81235480123014,40.579247910918113],[-111.81234572200749,40.57924598543962],[-111.81233659880252,40.579244179808704],[-111.81232743631089,40.57924249579991],[-111.81231057191252,40.579239729695871],[-111.81231022100081,40.579698955156893],[-111.81231012420261,40.579828286533221],[-111.81218442395807,40.579828231536936],[-111.81206416119956,40.579828151219417],[-111.8120629800483,40.579828177592802],[-111.81179679253421,40.57982805977587],[-111.81179639082923,40.580350240606805],[-111.81179637925507,40.580364626245732],[-111.81179636994082,40.580377968251902],[-111.81179636009335,40.5803901683459],[-111.8117963529061,40.580401412370655],[-111.81179634557236,40.580409035868819],[-111.81179634028226,40.580417618997743],[-111.81179633291583,40.580425235347796],[-111.81179632900114,40.580431556090467],[-111.81169216230833,40.580431947272203],[-111.81169137479633,40.580431949364588],[-111.81158199758062,40.580432291746263],[-111.8115275796756,40.580432461286478],[-111.81134352022876,40.580433037484681],[-111.81081549451893,40.580434686060975],[-111.81081412042086,40.580585742146638],[-111.81037414487899,40.580587114313253],[-111.81033898339575,40.580587223418242],[-111.81033942338381,40.580436171599189],[-111.81034014318696,40.580194670190146],[-111.81034040026267,40.580107464129682],[-111.81034094545244,40.579922876555564],[-111.81093468303109,40.579923899121248],[-111.81093473659698,40.579905832082424],[-111.8109348326077,40.579873427570391],[-111.81093564808494,40.579595799194095],[-111.81093583717683,40.579531376168319],[-111.81034222726711,40.579530360427704],[-111.81033915870761,40.579308769349439],[-111.81034097301668,40.579244438519019],[-111.81034361846449,40.579150553326265],[-111.81034484057247,40.578817543649826],[-111.80994461195478,40.578818791208015],[-111.80973304150166,40.578819448297445],[-111.80957957435619,40.578819926666455],[-111.80921453908917,40.578821060982769],[-111.8088495014663,40.578822194169348],[-111.80862741235269,40.578822882318605],[-111.80855196547662,40.578823116527147],[-111.80848446383132,40.578823326220054],[-111.80831964366044,40.578823838155884],[-111.80831944470482,40.578786570106757],[-111.80831746160119,40.578414277353879],[-111.80831718610455,40.57836267034493],[-111.80831577908262,40.578098618420256],[-111.80831427361089,40.57781589758595],[-111.80831412608484,40.577788449136627],[-111.80831392226376,40.577750103503462],[-111.80831229545848,40.577445205857806],[-111.80830978424747,40.5773537181067],[-111.80809435037247,40.577395173243907],[-111.80775821092041,40.577463743081012],[-111.80673078563898,40.577671531922689],[-111.80560376186223,40.577877678774776],[-111.80560377693777,40.577895164857473],[-111.8056040704886,40.577928769255784],[-111.80550687456703,40.577948308089411],[-111.80550697723142,40.577942973527456],[-111.80550621104943,40.577871344076271],[-111.8055046584544,40.577726183816715],[-111.80550423448922,40.577631540049559],[-111.80550023106942,40.576737824437295],[-111.80447966935111,40.576734975578347],[-111.80448194751823,40.57626148777063],[-111.8044833503797,40.575969389748892],[-111.80448158795166,40.57596939074952],[-111.80336088004162,40.575960417735772],[-111.80252935278399,40.575953751548489],[-111.80248387245086,40.575953386334739],[-111.802483869638,40.57595116684503],[-111.8024838514221,40.575930678540381],[-111.8024835230446,40.57557551695696],[-111.8024833380593,40.575373695070283],[-111.80252615264425,40.5753739152604],[-111.80363875991843,40.5753795933094],[-111.80392640841595,40.575381060729789],[-111.80396072007984,40.575381234519277],[-111.80507764936688,40.57538692167536],[-111.80550669999835,40.575389103899866],[-111.80560793174415,40.575392886054104],[-111.80562541172985,40.57539261177206],[-111.80562543544148,40.575397903121463],[-111.80562651817915,40.575561070904854],[-111.80562737103699,40.575751387911545],[-111.80570205931686,40.575751032459372],[-111.80573175569162,40.575751021185098],[-111.80613494056939,40.575750852457773],[-111.80674634453922,40.57575059194933],[-111.80727911206326,40.575750360927351],[-111.80798591890495,40.575750049519179],[-111.80798584759626,40.575765916791049],[-111.80798462394938,40.576040403218173],[-111.80798400830547,40.576178617683894],[-111.80798338973911,40.57631722351023],[-111.80798137029258,40.576769961503501],[-111.80798118429867,40.576811294309572],[-111.80808197179132,40.576813770963781],[-111.80807989350843,40.577279802771145],[-111.80807976101369,40.577309099754636],[-111.80863584970226,40.577189931419717],[-111.80863766385464,40.577169761753495],[-111.80867057780003,40.576813270823976],[-111.809091167614,40.576812896041972],[-111.80913011266388,40.577125710274942],[-111.81035076615269,40.57688321581719],[-111.81035062620047,40.576898298758245],[-111.81035059550453,40.576908549269035],[-111.81034878354194,40.577530645693074],[-111.81034844490705,40.577647307739603],[-111.81076479820469,40.577646003559984],[-111.81076676214201,40.578017849713575],[-111.81076733393689,40.578126358668321],[-111.81034679632548,40.5782012782565],[-111.81034667514412,40.578241088322486],[-111.81034559843467,40.578610165383012],[-111.81034554661382,40.578624529693109],[-111.81064563634725,40.578623590660079],[-111.8108510960881,40.578622946328679],[-111.8110747032448,40.578622246368134],[-111.81131307581485,40.578621497862883],[-111.81136397434626,40.578621337759408],[-111.8115328603489,40.578620807173372],[-111.81153288429117,40.57861219539631],[-111.81189169481293,40.578611363486175],[-111.81235929643049,40.578610276590844],[-111.81271929286416,40.578609440778621],[-111.81272051444758,40.578361651034044],[-111.81272306151945,40.577844780471814],[-111.81272343809498,40.577714277737194],[-111.81272402478416,40.577511017127193],[-111.81272498731826,40.577177607572708],[-111.81272598176378,40.576832247987845],[-111.8127260599057,40.576805333250377],[-111.81328664850058,40.576812790478115],[-111.81328636096403,40.57674458370407],[-111.81429753960165,40.576741878805869],[-111.81429743052205,40.577508515138312],[-111.81447741363964,40.577507485943727],[-111.81478790656192,40.5775080005847],[-111.81509974713251,40.577508516145109],[-111.8150986099444,40.577852339222858],[-111.81509837952872,40.577922184281498],[-111.81509747273661,40.578196160466241],[-111.81460022858087,40.578195338093145],[-111.81447545406515,40.578195131179243]],[[-111.81147846197609,40.577643765886769],[-111.81150478623684,40.577643681690368],[-111.81153218391569,40.577643596424451],[-111.81153520726761,40.577643586608268],[-111.81153876732456,40.577643575366672],[-111.81155243803555,40.577643531911754],[-111.81156955570825,40.577672075417986],[-111.81160841536116,40.577736879060282],[-111.81165637479249,40.577816855448958],[-111.81167522134402,40.577848283978604],[-111.81153757107249,40.57830830149166],[-111.81153700872574,40.578343736285518],[-111.81135465928364,40.57831309922237],[-111.81108711347503,40.578148013413944],[-111.81108711484518,40.578146258543292],[-111.81108716253966,40.578082725797195],[-111.81147846197609,40.577643765886769]],[[-111.81876063555437,40.5767843690668],[-111.8191176991056,40.576783889690965],[-111.81911912314548,40.576852813548754],[-111.81911913371468,40.576855072332329],[-111.81911602251138,40.5778090142446],[-111.81911603013729,40.577810643999243],[-111.8189419575984,40.577794733874967],[-111.81877621341646,40.577779544267266],[-111.81873974878634,40.577776326616252],[-111.81873524688963,40.577775909960181],[-111.81873793403206,40.57685044740316],[-111.81873478677163,40.576826945721159],[-111.81876074364698,40.576827052106637],[-111.81876063555437,40.5767843690668]],[[-111.81839780577018,40.576847939983928],[-111.81839831888107,40.576853428362881],[-111.81841296426254,40.577010476134468],[-111.81843278317695,40.577223436892133],[-111.81845096048683,40.577349823829714],[-111.81850940561552,40.577755822368303],[-111.81845268229013,40.577750686746157],[-111.81843610048389,40.577749187761682],[-111.8182024171433,40.57772806294205],[-111.8178750580016,40.577698442213425],[-111.81782553752225,40.57769391580608],[-111.81782358650524,40.577693692351637],[-111.81782171088612,40.577693554470528],[-111.81708220108145,40.577625939989581],[-111.81717773947204,40.577511845828191],[-111.81720897425051,40.577473066712464],[-111.81722392224295,40.577453370697945],[-111.81723841698168,40.577433479333287],[-111.81725245379626,40.577413396205401],[-111.81726602804952,40.577393132049131],[-111.81727913975004,40.577372688651728],[-111.81729177722133,40.577352074980006],[-111.81730394517602,40.577331296382503],[-111.81731563192098,40.577310358252106],[-111.81732683748982,40.577289267737029],[-111.81733756191623,40.577268031985419],[-111.81734779585079,40.577246656383814],[-111.81735754167086,40.577225148074035],[-111.81736679002707,40.577203512442615],[-111.81737554564876,40.577181758412031],[-111.81738379917837,40.5771598895818],[-111.81739155066617,40.577137916674104],[-111.81739880012093,40.577115841476044],[-111.81740115467913,40.577108102605656],[-111.8174055428974,40.57709367293544],[-111.81741197248753,40.577070684992655],[-111.81747636258056,40.576829875772525],[-111.81783487226825,40.576823329404377],[-111.8178597037503,40.57682334611254],[-111.81839630442917,40.57682555608374],[-111.81839780577018,40.576847939983928]],[[-111.80489960082085,40.573086073626548],[-111.80561401882734,40.573088113755439],[-111.80561446411886,40.573112698648046],[-111.8056234302901,40.573606864189259],[-111.80562335878902,40.573623333703672],[-111.8056160832417,40.574082295747743],[-111.80551300979899,40.574079208196316],[-111.80516741420901,40.574077193142926],[-111.80509005010315,40.574076740330852],[-111.80482868319768,40.574075214630838],[-111.80467061529978,40.57407429216471],[-111.80467089466323,40.574016164516024],[-111.80467094520412,40.574005443955059],[-111.80467279569673,40.57362067951923],[-111.80467500554647,40.573165272530083],[-111.80467522306424,40.573085432524145],[-111.80489960082085,40.573086073626548]],[[-111.81520932794675,40.564091968265885],[-111.81521538147516,40.563935982374055],[-111.81521672154273,40.563901442359658],[-111.8152327605704,40.563488084524693],[-111.81523328659556,40.563474640963364],[-111.81585936320631,40.563488342963332],[-111.81599026007473,40.56349120883138],[-111.81637081859698,40.563499539849779],[-111.81639404941311,40.562882192655266],[-111.81525727285458,40.562857297346326],[-111.81526370707353,40.562691454799307],[-111.81526812711557,40.562577543821767],[-111.81527935338679,40.562289070271568],[-111.81528066122964,40.562254669709922],[-111.81528069125871,40.562254069181975],[-111.81528072597415,40.56225346864148],[-111.81650753041964,40.562258341758145],[-111.81653860386443,40.562258427664361],[-111.81690336599804,40.562259445882297],[-111.81719178856564,40.562260295963718],[-111.81766073345037,40.562261771634333],[-111.81766481998959,40.562261774861987],[-111.81766890652888,40.562261778089493],[-111.81767726732659,40.56226184122098],[-111.8176772304555,40.562262477509002],[-111.8176771979379,40.562263042303428],[-111.81767106063587,40.562426466350402],[-111.81766228814922,40.562660035470486],[-111.81765962966858,40.562730707793904],[-111.81765004473921,40.562985568150765],[-111.817646846234,40.563071612299659],[-111.81763638488682,40.563345101360312],[-111.81763172791987,40.563472208581345],[-111.81762532422434,40.563642379361212],[-111.81762412091329,40.563674322464131],[-111.81762328654267,40.563696426888349],[-111.81762277411741,40.5637101742212],[-111.81761706339624,40.563863612799722],[-111.81761672187763,40.563872799131929],[-111.81761667029357,40.563872792123476],[-111.81761636330728,40.563872787593688],[-111.81761405497296,40.563872736659462],[-111.81754719301559,40.563871273628813],[-111.81653769526947,40.563849191211702],[-111.8165244052643,40.56420236663913],[-111.81652417034881,40.564211329298317],[-111.81652413930237,40.564220293194303],[-111.8165243168033,40.564229256527454],[-111.81652469580537,40.564238215742705],[-111.8165254972695,40.564249845448359],[-111.81652634952131,40.564258785515833],[-111.81652740558464,40.564267714310958],[-111.81652866543453,40.56427662647269],[-111.81653012907125,40.564285522000979],[-111.81653179646993,40.564294395534759],[-111.81653366762231,40.564303245287007],[-111.81653574016873,40.564312067690054],[-111.81653801410926,40.564320862743784],[-111.81654048942728,40.564329626874191],[-111.81654316376321,40.564338356513545],[-111.81654603710042,40.564347048087832],[-111.81654911177395,40.564355699803578],[-111.8165523830891,40.564364309886557],[-111.81655584869446,40.5643728765559],[-111.81655951090843,40.564381394444268],[-111.81656336972272,40.56438986176466],[-111.81656741810778,40.564398278535947],[-111.81657166071693,40.564406637597443],[-111.816576095207,40.564414938955409],[-111.81658071689156,40.564423182622519],[-111.81658552573749,40.564431361450644],[-111.8165905217449,40.564439475439769],[-111.81659570256222,40.564447522809104],[-111.8166010681647,40.564455498197674],[-111.8166066162091,40.564463401611718],[-111.81661402785801,40.564473476613855],[-111.81678753559589,40.5647031793156],[-111.81724967864868,40.564713288595627],[-111.81728381425644,40.564714034378568],[-111.81758462762845,40.564720613215961],[-111.81758477761278,40.564720616383902],[-111.8175848807988,40.564720633974964],[-111.81758487878002,40.564720703675114],[-111.81758487450955,40.564720793038845],[-111.81758479887212,40.564722666065379],[-111.817574857208,40.564984573491728],[-111.81757369201517,40.565015151172652],[-111.81757287559788,40.565036588968887],[-111.81756079696557,40.565357431683637],[-111.81755565631349,40.565494458198295],[-111.81755350084461,40.565551919255391],[-111.81754895630819,40.565673041249966],[-111.81754783133809,40.565704210324547],[-111.81754679829035,40.565732977364192],[-111.81754679614676,40.565733020259032],[-111.81692158245265,40.565730011407076],[-111.81691913473745,40.566315290572881],[-111.81694137550799,40.566326939176541],[-111.81696107792669,40.56634099463367],[-111.81697780932353,40.566357134660201],[-111.81699118842202,40.566375002879326],[-111.81700091340076,40.566394196236331],[-111.81700676899023,40.566414279275577],[-111.81700862189416,40.566434807384361],[-111.81726825034403,40.566436056813984],[-111.81728069841738,40.566436117853918],[-111.8175403971763,40.566437366490938],[-111.81754047923359,40.566437375203989],[-111.81754047966618,40.566437468129038],[-111.81753978210483,40.566633944599708],[-111.81753976921169,40.566637718867874],[-111.81753968655342,40.566660736195836],[-111.81753934544747,40.566757099796376],[-111.81753916844336,40.566807167835663],[-111.8175387276145,40.566922883579082],[-111.8175387242007,40.56692315700576],[-111.81753806133787,40.566996715237401],[-111.81753782996587,40.567052219600811],[-111.81753601083365,40.567487996458276],[-111.81753600058111,40.567488311005384],[-111.81753513697257,40.567593752372957],[-111.81753485183228,40.567628646918557],[-111.81753455244917,40.567722397714427],[-111.81753302348717,40.568202392216783],[-111.81753180433277,40.568494228255162],[-111.81753163897227,40.568533711585033],[-111.8175313031642,40.568614102528336],[-111.81753043522912,40.568822316573609],[-111.81752960532636,40.569023096409886],[-111.81752872361051,40.569234393103308],[-111.81752795602746,40.569418358475971],[-111.81752841030487,40.569516444311382],[-111.81731755062755,40.56951608747525],[-111.81714974730023,40.56951580148651],[-111.81713387505897,40.569515774708044],[-111.81709277080513,40.569515705346625],[-111.81708740999908,40.569513900632145],[-111.81706775338354,40.569513934112429],[-111.81620292558503,40.569515410960719],[-111.81620365270594,40.569566101967119],[-111.81620362513759,40.569572792719519],[-111.81620359121442,40.569581651168654],[-111.81620344567068,40.569618498540052],[-111.81619919760858,40.570699903090684],[-111.8161988723064,40.570782901218493],[-111.81640032224865,40.570783287246016],[-111.81640033310759,40.570780576278217],[-111.81697191588599,40.570783146820318],[-111.81733473202807,40.570783740185796],[-111.8175563217703,40.570784101905851],[-111.81771665248573,40.57078438254397],[-111.81810878817357,40.570785019186488],[-111.81797404621413,40.571594618365445],[-111.81796402711137,40.57165481511997],[-111.81792262151011,40.571903595566475],[-111.8178480395122,40.572351788554521],[-111.81759201612832,40.572352510627674],[-111.81740296081377,40.572353050948323],[-111.81736411483089,40.572353156057467],[-111.81693789666487,40.572354365655521],[-111.81689901318445,40.572354470711964],[-111.81664126509143,40.572355223962056],[-111.81539903564115,40.572358747654313],[-111.81523594868008,40.572359209292564],[-111.81517441700376,40.57235926027132],[-111.81511847249831,40.572359349819216],[-111.81511719529465,40.572359355037428],[-111.81511773058565,40.572222101927458],[-111.8152364907461,40.572221952589125],[-111.81523683070778,40.572132744517575],[-111.81588237906536,40.572133195165073],[-111.8159395777778,40.572133235901994],[-111.81606834810502,40.572133325026989],[-111.81607016088925,40.571657212005547],[-111.81523864273512,40.571658254157512],[-111.81523855970886,40.571679840019002],[-111.81511977470578,40.571679987641701],[-111.81511972096476,40.571693717602884],[-111.81511968802953,40.571702313346535],[-111.81507649267354,40.57170237934659],[-111.81507125561939,40.571724852913583],[-111.81506812580231,40.571738285553515],[-111.81504275415904,40.571847207572191],[-111.81503416213806,40.571884099037334],[-111.81501669762594,40.571959065736728],[-111.81497657512884,40.572131306367936],[-111.81493908115901,40.572291718658867],[-111.81482950216376,40.57230593563574],[-111.81479064618324,40.57231097750558],[-111.81474517366668,40.572316877024797],[-111.81470713507937,40.572321813025432],[-111.81466625312616,40.572327115836067],[-111.81459848112875,40.572335909359623],[-111.8145586788893,40.572341073421988],[-111.81454018304771,40.572343472975938],[-111.81449165166293,40.572349770173425],[-111.81444297271058,40.572356085616725],[-111.8144210386093,40.572358932193119],[-111.81440551492354,40.572360944906819],[-111.81440465067978,40.572361058019673],[-111.81432251060176,40.572361253140308],[-111.81409172159775,40.572361803449951],[-111.81354842697942,40.572361416337699],[-111.81354816728926,40.572362532143536],[-111.81345989107328,40.572727666897741],[-111.8134530471081,40.572756049048131],[-111.81342896620707,40.572770638437973],[-111.81338806080329,40.572795909221931],[-111.8133872778463,40.572796883462232],[-111.81335927986444,40.572913787627733],[-111.81330052377548,40.573159011740046],[-111.8132997509263,40.573162187582568],[-111.81329714041745,40.573173460038305],[-111.81298801480725,40.573173456095674],[-111.81239714924364,40.573173174473752],[-111.81198316716238,40.573173016418941],[-111.81198318199264,40.573159863785477],[-111.81198337566146,40.572980873614931],[-111.81198351348893,40.57287164952259],[-111.81198369562443,40.572739322486534],[-111.8119836567962,40.572599676325119],[-111.81198349063826,40.572497772731147],[-111.81198423647568,40.572275549025051],[-111.81198600179992,40.572276201959646],[-111.81213169813141,40.572330226077618],[-111.81232126508488,40.572400488180939],[-111.81237343642304,40.572419820820073],[-111.81239155547496,40.572315180816467],[-111.81239371970193,40.572302638981952],[-111.81240861575336,40.57221629073949],[-111.81240875972703,40.572215489762996],[-111.81240890604424,40.572214688780342],[-111.81256708697086,40.571335530627785],[-111.81256725131141,40.571334572337207],[-111.81256741565197,40.571333614046573],[-111.81359973527915,40.571345355063201],[-111.81369839270927,40.571346520884717],[-111.81432097177466,40.571353546353635],[-111.81508499367489,40.571362218730847],[-111.81508584548905,40.57112504958652],[-111.81508717414287,40.570754705410032],[-111.81508782754753,40.570571482096931],[-111.8150902121096,40.569918877449687],[-111.81509141691438,40.569546083396034],[-111.81509142572339,40.569544439295505],[-111.81509144624945,40.569542795163564],[-111.81509174147538,40.569522493595734],[-111.8150920953117,40.569498646382847],[-111.81503810394241,40.569498962967181],[-111.81503802710418,40.569522409138862],[-111.81503796501482,40.569542452746617],[-111.81503796100623,40.569543614333377],[-111.81503794663561,40.569546084061258],[-111.81503777941278,40.569582940423487],[-111.81503597029545,40.569580915205144],[-111.8150349460653,40.569579361444283],[-111.81503389343358,40.569577747000302],[-111.81503287355194,40.569576119959109],[-111.81503181604369,40.569574464426339],[-111.81503075879961,40.569572866078069],[-111.81502970129144,40.569571210545263],[-111.81502886389075,40.569569516893402],[-111.81502803581425,40.56956781249427],[-111.81502645457046,40.569566415701878],[-111.81502502290891,40.569564932729733],[-111.81502372239598,40.569563431534966],[-111.81502242191611,40.569561937488238],[-111.8150207660795,40.569560626673983],[-111.81501922259473,40.569559286965337],[-111.8150176788459,40.569557890072055],[-111.81501594828443,40.569556636643718],[-111.81501415714924,40.569555460220748],[-111.81501233784363,40.569554273151184],[-111.81501053970308,40.569553102108074],[-111.81500868990848,40.569551909759184],[-111.81500643680003,40.56955117240161],[-111.81500448232786,40.569550148315564],[-111.81500260271282,40.569549095435789],[-111.81500046195625,40.569548329183675],[-111.81499828401877,40.569547630938999],[-111.81499608505659,40.569546947046952],[-111.81499389076482,40.569546259568334],[-111.81499161482506,40.569545652725665],[-111.81498937412725,40.56954506544583],[-111.81498713342133,40.569544476378873],[-111.81498488136968,40.569543967759159],[-111.81498255525314,40.569543659486769],[-111.81498015388347,40.56954329423116],[-111.81497779080057,40.569543100428497],[-111.81497650383038,40.56954300917139],[-111.81497546534428,40.569542935117397],[-111.81497309971175,40.569542696645513],[-111.81496995100017,40.569542378072569],[-111.81424854246596,40.569541539587142],[-111.8142462188557,40.569541774553599],[-111.81424385775091,40.569542009620491],[-111.81424149664609,40.569542244687298],[-111.81423913554124,40.569542479754055],[-111.81423674180154,40.569542752436064],[-111.8142344160125,40.569543023148896],[-111.81423205275357,40.569543299323257],[-111.81422980584479,40.569543905788187],[-111.81422755172466,40.569544472957524],[-111.814225311632,40.569545032941143],[-111.81422311418999,40.569545694671689],[-111.81422093082486,40.569546359938577],[-111.81421878789045,40.569547153763978],[-111.81421667065115,40.569547929650085],[-111.81421453005179,40.569548721682096],[-111.81421246985282,40.5695496707582],[-111.814210456415,40.569550596477555],[-111.81420884286086,40.569551338847496],[-111.81420525321515,40.56955297466989],[-111.81420225764336,40.569554358715159],[-111.81419998225351,40.56955539593249],[-111.8141992269038,40.56955573928051],[-111.81419619616412,40.569557119845776],[-111.81419320291889,40.569558500310507],[-111.8141901651158,40.56955987374635],[-111.81418710381267,40.569561232948779],[-111.81418395232375,40.569562345781165],[-111.81418079387859,40.569563474715466],[-111.81417759533188,40.569564546571826],[-111.8141771928659,40.569564678103795],[-111.81417433817511,40.569565613223958],[-111.81417111838113,40.569566651183273],[-111.81416786109244,40.569567689242959],[-111.81416464129828,40.569568727202096],[-111.81416300790939,40.569569233735294],[-111.81416138387772,40.569569736669273],[-111.81415812645703,40.569570746136364],[-111.81415486903627,40.569571755603441],[-111.81415196826445,40.569572353095943],[-111.81415157494156,40.569572434566183],[-111.81414861362774,40.56957311621165],[-111.81414471774504,40.569573898647263],[-111.8141413462599,40.569574565307718],[-111.81413963468216,40.56957488619782],[-111.81413793714839,40.569575203476226],[-111.81413452803685,40.569575841644642],[-111.81413108143057,40.569576479913337],[-111.81412767155352,40.569576951888898],[-111.81412419141513,40.569577432987728],[-111.81412077686757,40.569577908549626],[-111.81411729092304,40.56957814662637],[-111.81411641009615,40.569578213318692],[-111.81411380261856,40.569578381135209],[-111.81411030963551,40.569578617443582],[-111.81410679546296,40.569578832364066],[-111.81410323373913,40.569578899087453],[-111.81410150931659,40.569578975186957],[-111.81409974739947,40.569579051386782],[-111.81409626079645,40.569579146501432],[-111.81409273683047,40.569579270308708],[-111.81408921260122,40.569579336931284],[-111.81408572586652,40.569579403453368],[-111.81408223847349,40.569579327013919],[-111.81407875043863,40.569579111186926],[-111.81407700405309,40.56957899791864],[-111.81407526223923,40.569578859619476],[-111.81407177405629,40.569578611625985],[-111.81406824811546,40.56957830654823],[-111.81406475966928,40.569578001369969],[-111.81406138239041,40.569577409967536],[-111.81405786316725,40.569577036963928],[-111.81405440483998,40.569576656649048],[-111.81405137953391,40.569576164378134],[-111.81405095270372,40.569576094039363],[-111.81404753819375,40.569575559921546],[-111.81404408605758,40.569574997311641],[-111.81404067102113,40.569574348824439],[-111.81403729356985,40.569573719893931],[-111.81403387857466,40.56957308034162],[-111.8140305748375,40.569572174222401],[-111.81402727110036,40.569571268103047],[-111.81402396736334,40.569570361983622],[-111.81402064029099,40.569569477371061],[-111.81401732265817,40.56956860702946],[-111.81401401865816,40.569567643725158],[-111.81401090094649,40.569566422588309],[-111.81400774613522,40.569565287328629],[-111.81400451646655,40.56956418086191],[-111.81400132442415,40.56956310288696],[-111.81399982591317,40.569562365277044],[-111.8139983180121,40.569561624118109],[-111.81399534988446,40.569560316802473],[-111.81399212008461,40.569559181743095],[-111.81398903960505,40.569557903320707],[-111.81398595912566,40.569556624898254],[-111.81398295297741,40.569555203313556],[-111.81397994709256,40.56955383891335],[-111.81397694107623,40.569552445920756],[-111.81397423370052,40.569550766202291],[-111.81397152619334,40.569549057891479],[-111.81397004503185,40.569548016437921],[-111.81396889301736,40.56954720641847],[-111.813967476255,40.569546409616912],[-111.81396611584148,40.56954563589607],[-111.81396329158369,40.569544019036627],[-111.81396075454556,40.569542179815336],[-111.81395863368978,40.569540643276795],[-111.81395821283725,40.569540344180581],[-111.81395565465114,40.569538492506524],[-111.81395310114377,40.56953663903284],[-111.81395050104801,40.56953484644314],[-111.81395004039045,40.569534554601589],[-111.81394775591586,40.569533109639849],[-111.81394516063055,40.569531343842748],[-111.81394293923832,40.569529348303774],[-111.81394079138772,40.569527038048847],[-111.81393857025898,40.569525099694289],[-111.81393739619224,40.569524080649877],[-111.81393627387799,40.569523104355902],[-111.813933865145,40.569521137910776],[-111.81393190272051,40.569518891492834],[-111.81392979559688,40.569516774129013],[-111.81392877817706,40.569515676035479],[-111.81392776075722,40.569514577941909],[-111.81392568868634,40.569512439039713],[-111.81392379647417,40.56951017277629],[-111.81392191830621,40.569507902901137],[-111.8139215955154,40.569507524912595],[-111.81391999568758,40.569505649228333],[-111.81391814792657,40.569503366762419],[-111.81391624168739,40.569501107684594],[-111.81391437781066,40.56949888780818],[-111.8139128668431,40.569496461477641],[-111.8139114682277,40.569494006253784],[-111.81391006961246,40.569491551029856],[-111.81390867112887,40.569489124398281],[-111.81390727238218,40.569486640582035],[-111.81390591113019,40.569484156665467],[-111.81390455000988,40.569481701341125],[-111.81390320280208,40.569479213812862],[-111.81390186500093,40.569476733407519],[-111.81390061623294,40.569474249189852],[-111.81389975133182,40.569471665657659],[-111.81389950466485,40.569471024770408],[-111.81389890516157,40.56946907850125],[-111.81389806843903,40.569466507402879],[-111.81389711910138,40.569463908013248],[-111.8138961324008,40.569461337316241],[-111.81389522068942,40.569458766418542],[-111.81389457104507,40.569456109041568],[-111.81389388403785,40.569453480357247],[-111.81389327188812,40.569450822879951],[-111.81389284721114,40.569448164900912],[-111.81389267231783,40.569446825088939],[-111.81389249739163,40.569445478128877],[-111.81389192286818,40.569442849143527],[-111.81389127335571,40.569440220358757],[-111.81389069883232,40.569437591373394],[-111.81389084827396,40.569434928283862],[-111.81389079590444,40.569434242200629],[-111.81389078671019,40.569432244314463],[-111.81389077434153,40.569429556639385],[-111.81389079946739,40.569426868863971],[-111.81389067461518,40.569424181489872],[-111.81389077018309,40.569421523905618],[-111.8138907812403,40.569418834380798],[-111.81389078761893,40.569416146655527],[-111.81389117214994,40.56941415486385],[-111.81389130030499,40.569413486167932],[-111.81389162551851,40.569410826182065],[-111.813891875743,40.569408166396848],[-111.81389216333034,40.569405477919013],[-111.81389297610396,40.569402845220978],[-111.81389363903105,40.569400241516561],[-111.81389362653071,40.569397525249165],[-111.81389450036431,40.569394920980336],[-111.81389536495575,40.569392345328865],[-111.81389558924799,40.569391688884956],[-111.81389625284967,40.56938974102242],[-111.81389717836959,40.5693871652079],[-111.81389814125232,40.569384560700684],[-111.81389906677209,40.569381984886128],[-111.81390006728078,40.569379408870901],[-111.81390093011328,40.569377978716759],[-111.81390155574415,40.569376945920347],[-111.81390259387869,40.569374398396995],[-111.81390337016911,40.569372494908833],[-111.81390366721367,40.569371861501679],[-111.81390463265316,40.569369303450664],[-111.81390613775845,40.569366892279632],[-111.81390764746823,40.569364463225845],[-111.81390835427092,40.56936324614702],[-111.81390906107356,40.569362029068117],[-111.81391055195365,40.569359582194338],[-111.81391211338247,40.569357188742906],[-111.81391293513519,40.56935599816196],[-111.81391375221757,40.569354811167592],[-111.81391534175884,40.569352415853828],[-111.81391695463532,40.569349999033108],[-111.81391866411767,40.569347696324378],[-111.81392020133117,40.569345642475206],[-111.8139204203035,40.569345357749775],[-111.81392224713674,40.569343094041834],[-111.81392422394781,40.569340829932372],[-111.81392597566028,40.569338537832742],[-111.81392776499872,40.569336274225002],[-111.81392899507836,40.569334698337457],[-111.81393030041005,40.569333179433791],[-111.81393156811565,40.56933163203815],[-111.81393268558011,40.569330027859372],[-111.81393372792401,40.569328395288977],[-111.81393479133378,40.569326757301042],[-111.81393581261162,40.569325130148137],[-111.81393685508698,40.569323526169988],[-111.81393737419361,40.569321752036821],[-111.81393788874497,40.569320006508448],[-111.8139383584838,40.569318198553624],[-111.81393873453587,40.56931640157179],[-111.81393887582796,40.569314514079281],[-111.81393950533767,40.569312796835874],[-111.8139400597268,40.569311051200891],[-111.81394026702898,40.569309249309605],[-111.81394045571555,40.569307476060757],[-111.81394048662992,40.569306046345943],[-111.81394356811364,40.568338148394943],[-111.81394431275201,40.568011160803351],[-111.81394451585818,40.567898474810868],[-111.81394462151395,40.567839459281736],[-111.81394472716956,40.567780443751161],[-111.81394496655348,40.567648146660254],[-111.81394708210057,40.567309460909712],[-111.8139491442117,40.566315631362201],[-111.81395055203502,40.565837958307391],[-111.81395055967189,40.565837071913812],[-111.81395057433858,40.565836185501432],[-111.81454825490006,40.565829037134527],[-111.81467818909803,40.56582748055331],[-111.81514214870577,40.565821920914978],[-111.81514060911644,40.56622514081792],[-111.81513984190715,40.566425790202992],[-111.81552620438609,40.566484200982352],[-111.81651440727066,40.566633595997892],[-111.81662500394833,40.566523624918815],[-111.81663545024361,40.566511444830404],[-111.81664338894784,40.566498208220651],[-111.81664864571611,40.56648421757091],[-111.81665110014148,40.566469784151927],[-111.8166506998395,40.56645523334705],[-111.81665019681944,40.566451871491452],[-111.81664878428496,40.566428758125305],[-111.81665248324281,40.56640579179286],[-111.81666118892387,40.566383625046917],[-111.81667465351896,40.566362889381431],[-111.81669249545284,40.566344173762076],[-111.81671420633995,40.566328008524273],[-111.81673916968965,40.566314856387613],[-111.81674322864608,40.566122656153475],[-111.81674496701996,40.566040320619322],[-111.81674159528154,40.565664932800694],[-111.81592478918307,40.565660997323683],[-111.81514883260954,40.565657251986792],[-111.81514858651582,40.565657241925756],[-111.8151485907978,40.565657154349132],[-111.81514859282736,40.565657086436097],[-111.81515986662303,40.56536650798752],[-111.81517464962329,40.564985452797529],[-111.81517786790675,40.564902487812446],[-111.81518607871845,40.564690497381697],[-111.81518694789192,40.564668144493098],[-111.81610633994424,40.564688269089807],[-111.8161473209309,40.564689166522683],[-111.81657636169616,40.564698556362231],[-111.81645808962641,40.564541978477074],[-111.81644656967465,40.564526224603114],[-111.81643961043902,40.564516180536799],[-111.81643288042822,40.56450604649941],[-111.81642638433708,40.56449582426535],[-111.81642012452518,40.56448551740241],[-111.81641409865765,40.564475127703908],[-111.81640831378887,40.564464660512023],[-111.81640276758382,40.564454117620102],[-111.81639746474548,40.564443502589654],[-111.81639240528206,40.564432817207638],[-111.81638759156147,40.56442206682884],[-111.81638302360031,40.564411255027395],[-111.81637870374992,40.564400383584008],[-111.81637463437004,40.564389456066387],[-111.81637081547711,40.564378476048645],[-111.81636724943085,40.564367447098505],[-111.81636393390443,40.564356372796333],[-111.81636087359259,40.56434525491656],[-111.81635806852,40.564334098820318],[-111.81635551870311,40.564322908081543],[-111.81635322648508,40.564311682694047],[-111.81635118955566,40.564300429812185],[-111.81634941260954,40.564289151210396],[-111.81634789331981,40.56427785046904],[-111.81634663171134,40.564266532949134],[-111.81634563012717,40.56425519864446],[-111.81634488859206,40.564243852916029],[-111.81634440477923,40.564232499344229],[-111.81634418339151,40.564221141490407],[-111.81634421975066,40.564209781154325],[-111.81634451856787,40.564198423684402],[-111.81634758736033,40.564116886888705],[-111.81520932794675,40.564091968265885]],[[-111.80849207687903,40.572419835362332],[-111.80849176385229,40.572386897509865],[-111.80887692455505,40.572386448614665],[-111.80887723775966,40.572419384679115],[-111.80868963380142,40.572419605124118],[-111.80867402357129,40.572419622972554],[-111.80850031906297,40.572419826194455],[-111.80849207687903,40.572419835362332]],[[-111.8076661104097,40.572420796696989],[-111.80734626827609,40.572421166985144],[-111.80700429856377,40.572421562151121],[-111.80666233353458,40.572421956307863],[-111.80612057584553,40.572422579763163],[-111.8060957180632,40.572422608892779],[-111.80572822264517,40.572423029418665],[-111.80568894982146,40.572423072801428],[-111.80560424932671,40.57242090781299],[-111.80560361181166,40.572420891603521],[-111.80561105840604,40.571427418645413],[-111.80503362187285,40.571431214483248],[-111.80503787597921,40.571367954784009],[-111.80503842182362,40.571109579818859],[-111.80503876795207,40.570944885471611],[-111.80504361100097,40.570719882953725],[-111.80505072189239,40.570389424938448],[-111.80505216238636,40.57032271460961],[-111.80517398707121,40.570322099276417],[-111.80552853012075,40.57032001472237],[-111.80555904594155,40.570319836943575],[-111.8055913732083,40.570319647289267],[-111.8055933252609,40.570319635055327],[-111.80559742670168,40.5703777763989],[-111.8056033150166,40.570461278313033],[-111.80560411953908,40.570641359675612],[-111.80560443981413,40.57071284038355],[-111.80560576687556,40.57100954249033],[-111.80568302608908,40.570996778291622],[-111.80621409983283,40.57101799730988],[-111.80650009213818,40.571029421862256],[-111.80661559371133,40.571031571809755],[-111.80700971897433,40.571023612539399],[-111.80740384414538,40.571015651944762],[-111.80759674972846,40.571011756214212],[-111.8079601423298,40.570732362418902],[-111.80796071037832,40.570837930235363],[-111.80797589241979,40.571059754781039],[-111.80797952529286,40.571330772840199],[-111.80811820552773,40.571342453269082],[-111.80876344848595,40.571338229671426],[-111.80916781235474,40.571335581234337],[-111.80924626365486,40.571344422202031],[-111.80966558097872,40.571354577855651],[-111.80965165084207,40.571390115934555],[-111.80965329315036,40.571892262171374],[-111.80965353428864,40.571966539767011],[-111.80965408280538,40.572134330451831],[-111.80944997424353,40.572134570665909],[-111.80925516943562,40.572134798505054],[-111.80925381269134,40.572014405770453],[-111.80925319348962,40.571959506025273],[-111.80878664238531,40.571962561508826],[-111.80877047959137,40.571962668389872],[-111.80876396244497,40.57196271056381],[-111.80827473135435,40.57196591306181],[-111.80803085281305,40.57196750982304],[-111.80766103938046,40.571969927897243],[-111.80766244409143,40.572094823854215],[-111.8076661104097,40.572420796696989]],[[-111.80633756656378,40.567745391094924],[-111.80645310638637,40.567886124306149],[-111.80650066203586,40.567939625557877],[-111.80650636980525,40.567948853216059],[-111.80658653282293,40.568037075404881],[-111.80661487708316,40.568081084026851],[-111.80664011991043,40.568139429239814],[-111.80665941768058,40.568252523462398],[-111.8066659868181,40.568320415606657],[-111.80666313474913,40.568390746672748],[-111.80664632606918,40.568478956035214],[-111.80662168303539,40.568554065424202],[-111.80658400693049,40.568643478388054],[-111.80649542942164,40.568773556212314],[-111.80648371973354,40.568787193332703],[-111.8064207996176,40.568867124040864],[-111.8064194644583,40.568868819855687],[-111.80631683961492,40.568834467589589],[-111.80576112388627,40.56875278626076],[-111.80576225417725,40.568564763474193],[-111.8057638547071,40.568298676169213],[-111.8057639322918,40.568286186342569],[-111.80576558124912,40.568012085792368],[-111.80576719386301,40.567743995124744],[-111.80633756656378,40.567745391094924]],[[-111.84463908841374,40.559777226685092],[-111.84464085329368,40.559777793354314],[-111.84471862252894,40.559803126736277],[-111.84468328814887,40.559866134720146],[-111.84468258221041,40.559867394877486],[-111.84461250816949,40.559992436905262],[-111.8443642917632,40.559911505031309],[-111.84447040682996,40.559722223673283],[-111.84463908841374,40.559777226685092]]]},"properties":{"OBJECTID":7331,"City_Counc":"3","Name":"District 3","Shape.area":165671352.61898375,"Shape.len":132120.0675617439,"Council_Member":"Kris Nicholl","Link_to_Photo":"https://content.civicplus.com/api/assets/6bacfdb0-6ff7-4505-8d9f-2dc4c44797ce","Link_To_Bio":""}}]}