application_id,app_key,body_id,name,rep_title
1,Council|s|minutes/2020/2020-01-06/2020-01-09_city-council-meeting.md|11,1,,"Council Member Gerber moved to approve the Bonanza Flat Conservation Easement and Bonanza Flat Adaptive Management Plan, and grant the easement to Utah Open Lands"
2,Council|s|minutes/2020/2020-01-06/2020-01-09_city-council-meeting.md|12,1,,Council Member Joyce moved to ratify the findings of fact and conclusions of law for the Denial of the Proposed Conditional Use Permit located at 901 Woodside Avenue as amended
3,Council|lilac hill subdivision,1,Lilac Hill Subdivision,"Council Member Joyce moved to approve Ordinance 2020-02, an ordinance approving the Lilac Hill Subdivision located at 729, 741, 747, 751, 755 Rossie Hill Drive"
4,Council|silver rail subdivision,1,Silver Rail Subdivision,"Council Member Worel moved to approve Ordinance 2020-03, an ordinance approving the two-lot Silver Rail Subdivision located at 2080 Gold Dust Lane and 2211 Sidewinder Drive, Park City, Utah"
5,Council|s|minutes/2020/2020-01-06/2020-01-09_city-council-meeting.md|16,1,,"Council Member Doilney moved to continue an ordinance amending the zoning map from Residential Development to General Commercial for 2080 Gold Dust Lane and 2211 Sidewinder Drive, Park City, Utah to a date uncertain"
6,Council|s|minutes/2020/2020-01-06/2020-01-09_city-council-meeting.md|17,1,,"Council Member Joyce moved to approve Ordinance No. 2020-04, an ordinance approving a zoning map amendment for seven tracts of land zoned Residential Development, Estate, Historic Residential-Low Density, and Residential Development- Medium Density to Recreation and Open Space (ROS), including Bureau of Land Management Parcel 17 Tracts 1, 2, 4 and Parcel 18 Tracts 1, 2, 6 and 7, Park City, Utah"
7,Council|fairway meadows subdivision,1,Fairway Meadows Subdivision,"Council Member Joyce moved to approve Ordinance 2020-05, an ordinance approving the Fairway Meadows Subdivision Lot 11 Amended Plat, located at 2784 American Saddler Drive, Park City, Utah"
8,Council|s|minutes/2020/2020-01-13/2020-01-16_city-council-meeting.md|6,1,,"Council Member Joyce moved to approve Ordinance 2020-07, an ordinance approving Evergreen Lot 1 Amended Plat, located at 7058 Silver Lake Drive, Park City, Utah, as amended"
9,Council|s|minutes/2020/2020-01-13/2020-01-16_city-council-meeting.md|8,1,,"Council Member Joyce moved to continue Ordinance 2020-09, an ordinance amending the Land Management Code of Park City, Utah, amending Master Planned Development requirements, Section 15-6-5; Master Planned Affordable Housing Development, Section 15-6-7; and Defined Terms, Section 15-15 to January 30, 2020"
10,RDA|s|minutes/2020/2020-01-20/2020-01-21_city-council-meeting.md|3,4,,"Board Member Gerber moved to authorize Matt Dias, Executive Director of the Lower Park Redevelopment Agency, to grant façade easements on properties located at 1333 and 1353 Park Avenue"
11,Council|s|minutes/2020/2020-01-27/2020-01-30_city-council-meeting.md|5,1,,"Council Member Joyce moved to approve Ordinance 2020-09, an ordinance amending the Land Management Code of Park City, Utah, amending Master Planned Development Requirements, Section 15-6-5; Master Planned Affordable Housing Development, Section 15-6-7; and Defined Terms, Section 15-15, with the amendment of making verbiage consistent regarding the split for two acres"
12,Council|park avenue plat amendment,1,Park Avenue Plat Amendment,"Council Member Doilney moved to approve Ordinance No. 2023-26, an ordinance approving an extension of City Council's April 28, 2021 approval of Ordinance No. 2022- 10, an ordinance approving 1304 Park Avenue Plat Amendment, located at 1304 Park Avenue, Park City, Utah, with the amendment that Condition of Approval Seven (7) is changed to June 9th from May 26th"
13,Council|ordinance approving 802 empire avenue subdivision,1,Ordinance Approving 802 Empire Avenue Subdivision,"Council Member Gerber moved to continue an Ordinance Approving 802 Empire Avenue Subdivision, Located at 802 Empire Avenue, Park City, Utah to March 19, 2020"
14,Council|alice claim subdivision,1,Alice Claim Subdivision,"Council Member Joyce moved to approve Ordinance 2020-10, an ordinance approving a one year extension of the March 8, 2018 approval of the Alice Claim Subdivision and Plat Amendment located at the intersection of King Road, Ridge Avenue, and Sampson Avenue, Park City, Utah"
15,Council|ridge avenue subdivision,1,Ridge Avenue Subdivision,"Council Member Joyce moved to approve Ordinance No. 2020-11, an ordinance approving a one year extension of the March 8, 2018 approval of the Ridge Avenue Subdivision, amending Lot 1, located at the intersection of King Road, Ridge Avenue, and Sampson Avenue, Park City, Utah"
16,Council|s|minutes/2020/2020-01-27/2020-01-30_city-council-meeting.md|10,1,,"Council Member Gerber moved to approve Ordinance 2020-08, an Ordinance amending the Parking Code of Park City, Utah, amending Section 9-10-03 Anti-Idling AND approve Resolution No. 01-2020, an Anti-Idling Resolution for Motorized Vehicles in Park City, Utah, and Declaring Park City, Utah, to be an idle-Free City, amending the language from “encourages” to “prohibits” idling longer than one minute"
17,Council|daly avenue plat amendment,1,Daly Avenue Plat Amendment,"Council Member Joyce moved to approve Ordinance No. 2020-13, an ordinance approving the 182 & 184 Daly Avenue Plat Amendment, located at 182 and 184 Daly Avenue, Park City, Utah"
18,Council|s|minutes/2020/2020-02-03/2020-02-06_city-council-meeting.md|7,1,,"Council Member Gerber moved to approve Ordinance 2020-12, an ordinance repealing Land Management Code § 15-3-5, Driveway Standards for Private Driveways within Platted, Unbuilt City Streets"
19,Council|ontario avenue plat amendment,1,Ontario Avenue Plat Amendment,"Council Member Joyce moved to approve Ordinance No. 2021-02, an ordinance approving an extension of City Council’s January 15, 2019 approval of Ordinance No. 2019-03, an ordinance approving the 510 Ontario Avenue Plat Amendment, located at 510 Ontario Avenue, Park City, Utah, and Ordinance No. 2019-04, an ordinance amending Ordinance No. 15-12 and approving the Roundabout Condominiums First Amendment, located at 300 Deer Valley Drive, Park City, Utah"
20,RDA|s|minutes/2020/2020-02-03/2020-02-06_city-council-meeting.md|9,4,,"Board Member Joyce moved to approve the disposition of City Property located at 1333 Park Avenue, 1343 Park Avenue, 1353 Park Avenue, 1350 Woodside Avenue, and 1835 Three Kings Drive, and authorize the City Manager to enter into sales contracts with qualified buyers"
21,Council|s|minutes/2020/2020-02-24/2020-02-27_city-council-meeting.md|7,1,,"Council Member Joyce moved to approve Ordinance 2020-14, an ordinance amending the Land Management Code of Park City, amending Chapter 15-11 Historic Preservation"
22,HA|s|minutes/2020/2020-02-24/2020-02-27_city-council-meeting.md|9,2,,Board Member Joyce moved to approve the Intermountain Healthcare Fourth Amendment to the Housing Mitigation Plan for partial fulfillment of housing obligations as amended
23,RDA|s|minutes/2020/2020-02-24/2020-02-27_city-council-meeting.md|10,4,,"Board Member Gerber moved to approve the disposition of city property located at 1343 Park Avenue and 1350 Woodside Avenue, and authorize the City Manager to enter into sales contracts with qualified buyers"
24,Council|s|minutes/2020/2020-03-02/2020-03-05_city-council-meeting.md|6,1,,"Council Member Joyce moved to approve Ordinance 2020-15, amending Land Management Code § 15-7.1-7, Signatures and Recording of the Plat"
25,Council|s|minutes/2020/2020-04-13/2020-04-16_city-council-meeting.md|3,1,,"Council Member Joyce moved to approve Ordinance 2020-19, an ordinance amending the Land Management Code of Park City, Utah, Chapter 15-5-5, Architectural Design Guidelines"
26,Council|woodside avenue plat amendment,1,Woodside Avenue Plat Amendment,"Council Member Doilney moved to approve Ordinance No. 2021-33, an ordinance approving an extension of City Council's June 18, 2020 approval of Ordinance No. 2020-28, an ordinance approving the 1162 Woodside Avenue Plat Amendment, located at 1162 Woodside Avenue, Park City, Utah"
27,RDA|s|minutes/2020/2020-04-27/2020-04-30_city-council-meeting.md|6,4,,"Board Member Joyce moved to authorize the Mayor to execute a memorandum of agreement, in a form approved by the City Attorney, to continue leasing surplus water to Weber Basin through provisions in the Western Summit County Project Master Agreement"
28,Council|s|minutes/2020/2020-05-11/2020-05-14_city-council-meeting.md|6,1,,"Council Member Gerber moved to continue an ordinance approving the 1064 Park Avenue Condominium Plat, located at 1064 Park Avenue, Park City, Utah, to May 21, 2020"
29,Council|s|minutes/2020/2020-05-11/2020-05-14_city-council-meeting.md|8,1,,"Council Member Joyce moved to continue an ordinance approving the Snow Park Residences Condominium Plat at 2290 Deer Valley Drive East, Park City, Utah, to June 11, 2020"
30,Council|s|minutes/2020/2020-06-08/2020-06-11_city-council-meeting.md|8,1,,"Council Member Joyce moved to approve Ordinance 2020-23, an ordinance approving the Snow Park Residences Condominium Plat at 2290 Deer Valley Drive East, Park City, Utah"
31,Council|norfolk avenue plat amendment,1,Norfolk Avenue Plat Amendment,"Council Member Joyce moved to approve Ordinance 2020-24, an ordinance approving the 1121 Norfolk Avenue Plat Amendment, located at 1121 Norfolk Avenue, Park City, Utah"
32,Council|woodside plat amendment,1,Woodside Plat Amendment,"Council Member Rubell moved to approve an encroachment agreement, as required by the extension of City Council’s December 5, 2019 approval of Ordinance No. 2019-60, an ordinance approving the 245 Woodside Plat Amendment, and Ordinance No. 2021-32, approving a one-year extension of the 245 Woodside Plat Amendment, located at 245 Woodside Avenue, Park City, Utah. Council Member Becca Gerber seconded the motion"
33,Council|s|minutes/2020/2020-06-15/2020-06-18_city-council-meeting.md|6,1,,"Council Member Doilney moved to approve Ordinance 2020-29, an ordinance approving the 1064 Park Avenue Condominium Plat, located at 1064 Park Avenue, a condition to include a plat note that prohibits nightly rentals in the accessory structure, and in a form approved by the City Attorney"
34,Council|s|minutes/2020/2020-06-22/2020-06-25_city-council-meeting.md|6,1,,"Council Member Worel moved to approve Ordinance 2020-30, an ordinance amending Land Management Code 15-10-5 to allow the alternate Board of Adjustment member to count toward a quorum"
35,Council|huntsman estates subdivision,1,Huntsman Estates Subdivision,"Council Member Worel moved to approve Ordinance 2020-31, an ordinance approving the Huntsman Estates Subdivision Plat located at 5000 Royal Street, Park City, Utah, with the amendment to waive the preliminary plat requirement"
36,Council|empire avenue subdivision,1,Empire Avenue Subdivision,"Council Member Joyce moved to approve Ordinance 2020-32, an ordinance approving the 802 Empire Avenue Subdivision, located at 802 Empire Avenue, Park City, Utah"
37,Council|s|minutes/2020/2020-07-06/2020-07-09_city-council-meeting.md|9,1,,"Council Member Gerber moved to approve Ordinance 2020-33, an ordinance approving the Alpine Retreat @ Park City Unit 1, Amended Condominium Plat, located at 1274 Park Avenue, Park City, Utah"
38,Council|s|minutes/2020/2020-07-06/2020-07-09_city-council-meeting.md|11,1,,"Council Member Worel moved to approve Ordinance 2020-35, an ordinance amending the Municipal Code of Park City, Utah, Title 11, Sections 11-21-1 The 2006 Utah Wildland-Urban Interface Code, 11-21-2 Land Subject to Utah Wildland-Urban Interface Code, 11-21-3, Violations; Title 14 Section 14-1-5 Regulations for Planting Trees and Landscaping in the City’s Right-of-Way; and Land Management Code Title 15 Sections 15-2.21-3 Sensitive Lands Overlay Zone, 15-5-1 Architectural Review Policy and Purpose, 15-5-5 Architectural Design Guidelines, 15-6-6 Master Planned Development Required Findings and Con"
39,RDA|s|minutes/2020/2020-07-06/2020-07-09_city-council-meeting.md|13,4,,"Board Member Doilney moved to authorize the City Manager and Mayor to enter into sales contracts, in a form approved by the City Attorney's Office, with qualified buyers for affordable housing units located at 1353 Park Avenue, 1350 Woodside Avenue and 1835 Three Kings Drive, #25-10"
40,Council|s|minutes/2020/2020-07-27/2020-07-30_city-council-meeting.md|7,1,,"Council Member Doilney moved to approve Ordinance 2020-36, an ordinance amending the Park City Land Management Code §15-1-11; §15-2.3-2; §15-2.5-2; §15- 2.6-2; §15-2.16-2; §15-2.23-2; §15-4-16; and §15-4-20, to remove special event references from the Land Management Code and to remove Special Events from the Zoning District use sections; and to update the Land Management Code §15-15-1; §15- 15-2 Definitions and the Municipal Code of Park City - Title 12, Sign Code, §12-7-1; §12-12-1; §12-12-2; §12-12-3; §12-12-4; §12-12-5; §12-12-6 to replace the term Master Festival with Special Event"
41,Council|s|minutes/2020/2020-07-27/2020-07-30_city-council-meeting.md|8,1,,"Council Member Joyce moved to approve Ordinance 2020-37, an ordinance amending Footnote 2 of the Park City Land Management Code Section 15-2.1-2(B)(1) to establish additional nightly rental Conditional Use Permit criteria and a cap of 12 nightly rentals in the Western Historic Residential - Low Density Zoning District with the amendment to have the Planning Commission consider what happens when the cap is reached and additional people want to apply for a CUP, and whether CUPs should ever expire for this particular need"
42,Council|meadows estates subdivision,1,Meadows Estates Subdivision,"Council Member Joyce moved to approve Ordinance 2020-38, an ordinance amending the Land Management Code of Park City §15-2.13-2 to prohibit Nightly Rentals in the Meadows Estates Subdivision Phases #1A and #1B"
43,Council|s|minutes/2020/2020-08-03/2020-08-04_city-council-meeting.md|6,1,,"Council Member Joyce moved to continue Ordinance 2020-39, an ordinance approving a new zoning district to be known as Park City Land Management Code Chapter 15- 2.26, Urban Park District, and a zoning map amendment to rezone Rotary Park, Creekside Park, Prospector Park, City Park, and the North Municipal Golf Course from Recreation and Open Space to Urban Park District Zoning to the September 17th meeting and to include the changes requested regarding anemometers and wind towers, the addition of youth camps and adult clinics and the deletion of childcare, and the addition of the entire golf co"
44,Council|s|minutes/2020/2020-09-14/2020-09-17_city-council-meeting.md|5,1,,"Council Member Joyce moved to continue Ordinance 2020-39, an ordinance approving a new zoning district to be known as Park City Land Management Code Chapter 15- 2.26, Urban Park District, and a zoning map amendment to rezone Rotary Park, Creekside Park, Prospector Park, City Park, and the North Municipal Golf Course from Recreation and Open Space to Urban Park District Zoning to a date uncertain"
45,Council|ranch phase i lot 18 amended plat amendment,1,Ranch Phase I Lot 18 Amended Plat Amendment,"Council Member Gerber moved to approve Ordinance 2020-41, an ordinance approving the Aspen Springs Ranch Phase I Lot 18 Amended Plat Amendment, located at 2524 Aspen Springs Drive, Park City, Utah"
46,Council|s|minutes/2020/2020-09-14/2020-09-17_city-council-meeting.md|11,1,,"Council Member Worel moved to approve Ordinance 2020-42, an ordinance amending the Land Management Code of Park City, Utah, amending Chapters 15-2.1 Historic Residential-Low Density (HRL) District, 15-2.2 Historic Residential (HR-1) District, 15- 2.3 Historic Residential (HR-2) District, 15-2.4 Historic Residential-Medium Density (HRM) District, 15-2.5 Historic Recreation Commercial (HRC) District, 15-2.6 Historic Commercial Business (HCB) District, and 15-4 Supplemental Regulations, Section 15- 5-5 Architectural Design Guidelines, and Chapter 15-15 Defined Terms, with the amendment of HR-L Di"
47,HA|s|minutes/2020/2020-09-14/2020-09-17_city-council-meeting.md|14,2,,"Board Member Gerber moved to approve the Fifth Amendment to the Intermountain Healthcare (IHC) Housing Mitigation Plan to make an in-lieu payment of $794,793 to satisfy 2.04 Affordable Unit Equivalents (AUEs)"
48,HA|s|minutes/2020/2020-09-14/2020-09-17_city-council-meeting.md|15,2,,Board Member Worel moved to approve the Third Amendment to the King’s Crown Housing Mitigation Plan
49,Council|twisted branch subdivision,1,Twisted Branch Subdivision,"Council Member Gerber moved to continue an ordinance approving the Twisted Branch Subdivision, located within the Flagstaff Annexation and Development Area in Park City, Utah to a date uncertain"
50,Council|s|minutes/2020/2020-09-28/2020-10-01_city-council-meeting.md|5,1,,"Council Member Joyce moved to approve Ordinance 2020-45, amending Master Planned Developments in the Land Management Code, with the amendment described to change how the minor and substantive decisions would be made by the Planning Commission and not the Planning Director"
51,Council|s|minutes/2020/2020-10-26/2020-10-29_city-council-meeting.md|6,1,,Council Member Worel moved to continue an ordinance amending the Land Management Code to allow nightly rentals as a conditional use in the Lower Rossi Hill Historic Residential Low-Density area to a date uncertain
52,Council|s|minutes/2020/2020-11-16/2020-11-19_city-council-meeting.md|5,1,,"Council Member Joyce moved to approve Ordinance 2020-39, an ordinance approving a new zoning district to be known as Land Management Code Chapter 15-2.26, Urban Park District, and a Zoning Map Amendment to Re-Zone Rotary Park; Creekside Park; Prospector Park; City Park; and the North and South Parcels of the Municipal Golf Course from Recreation and Open Space to Urban Park District Zoning with no amendments"
53,Council|s|minutes/2020/2020-11-16/2020-11-19_city-council-meeting.md|7,1,,"Council Member Worel moved to continue an ordinance enacting Land Management Code Section 15-3-5 to outline limited circumstances and a process for applicants to apply to the planning commission and council to build a private driveway over platted, un-built rights-of-way to a date uncertain"
54,Council|s|minutes/2020/2020-11-16/2020-11-19_city-council-meeting.md|8,1,,"Council Member Gerber moved to approve Ordinance 2020-48, amending Land Management Code Chapter 15-3, Parking, Sections 15-15-1, Definitions, and 15-15-2, List of Defined Terms, and enacting Land Management Code Section 15-3-11, Electric Vehicle Charging Stations, to establish electric vehicle charging station infrastructure and installation requirements for multi-unit dwellings and non-residential development, with the amendment that “require” replace “encourage” under Analysis Item Two"
55,Council|mchenry avenue subdivision,1,McHenry Avenue Subdivision,"Council Member Doilney moved to approve Ordinance 2020-50, an ordinance approving the 331 McHenry Avenue Subdivision - First Amended Located at 327 McHenry Avenue, Park City, Utah"
56,Council|s|minutes/2020/2020-11-16/2020-11-19_city-council-meeting.md|12,1,,Council Member Henney moved to grant an access easement across City-owned property to the Snyderville Basin Water Reclamation District (SBWRD) to access a sewer trunk line located near Richardson Flat Road
57,Council|s|minutes/2020/2020-11-16/2020-11-19_city-council-meeting.md|14,1,,"Council Member Doilney moved to approve Ordinance 2020-51, an ordinance approving the First Amended and Restated Deer Crest Roosevelt Gap Resort, Deer Crest Roosevelt Gap Residences Condominium Project, Deer Crest Roosevelt Gap Condo Suites Condominium Project Condominium Plat at 2300 Deer Valley Drive East"
58,Council|s|minutes/2020/2020-12-07/2020-12-10_city-council-meeting.md|6,1,,"Council Member Doilney moved to continue an ordinance approving amendments to the City’s Outdoor Lighting Regulations, Land Management Code § 15-5-5(J), to align with Standards to January 21, 2021"
59,Council|s|minutes/2020/2020-12-07/2020-12-10_city-council-meeting.md|7,1,,"Council Member Doilney moved to approve Ordinance 2020-52, an ordinance amending the Impact Fee Facilities Plan and Impact Fee Analysis for Parks, Recreation, Trails, Open Space, Public Safety, and Roadways and amending Title 11, Chapter 13 of the Municipal Code of Park City, Utah, setting forth the assessment and calculation of impact fees"
60,Council|s|minutes/2021/2021-01-04/2021-01-07_city-council-meeting.md|5,1,,"Council Member Henney moved to approve Ordinance No. 2021-03, an ordinance approving the King’s Crown Re-Subdivision Second Amended Lot Line Adjustment Plat, amending Lots 27, 28, and 29, located in Park City, Summit County, Utah"
61,Council|phase 1 subdivision,1,Phase 1 Subdivision,"Council Member Joyce moved to approve Ordinance 2021-04, an ordinance accepting the public improvements for the Park City Heights, Phase 1 Subdivision and Park City Heights, Phase 2 Subdivision"
62,Council|s|minutes/2021/2021-01-04/2021-01-07_city-council-meeting.md|7,1,,"Council Member Doilney moved to approve Resolution 01-2021, a resolution adopting the American Public Works Association (APWA) Standard Specifications/Plans and the used for the design and construction of projects, including private development, within existing and future public right of way, in a form approved by the City Attorney"
63,Council|s|minutes/2021/2021-01-18/2021-01-21_city-council-meeting.md|5,1,,"Council Member Henney moved to approve Ordinance 2021-05, an ordinance amending Land Management Code § 15-3-3(C), Parking Area Lighting; § 15-3-4(C), Parking Garages and Structures; § 15-5-1, Architectural Review – Policy and Purpose; §15-5-5(J), Lighting; § 15-15-1, Definitions; and § 15-15-2, List of Defined Terms to update the City’s Outdoor Lighting Code"
64,Council|s|minutes/2021/2021-02-01/2021-02-04_city-council-meeting.md|3,1,,"Council Member Joyce moved to approve Ordinance No. 2021-06, an ordinance amending Footnote 2 of Land Management Code Section 15-2.1-2(B)(1) to establish nightly rentals as a conditional use in the Lower Rossi Hill Sub-Neighborhood of the Historic Residential Low-Density Zoning District"
65,Council|s|minutes/2021/2021-02-01/2021-02-04_city-council-meeting.md|4,1,,"Council Member Joyce moved to continue Ordinance 2021-07, an ordinance amending Title 11, Building and Building Regulations Code Section 11-6 Flood Damage Prevention for establishing the areas of special flood hazard of the Municipal Code of"
66,Council|lilac hill east subdivision,1,Lilac Hill East Subdivision,"Council Member Joyce moved to grant the following easements, in a form approved by the City Attorney, across City-owned property to the Snyderville Basin Water Reclamation District (SBWRD): 1) two access easements for the existing ‘Silver Creek’ sewer trunk line located near Highway 40 and Park City Heights; and 2) a utility, access, and maintenance easement for a new sewer line for the Lilac Hill East Subdivision, located near Deer Valley Drive and Rossi Hill Road"
67,Council|s|minutes/2021/2021-02-22/2021-02-25_city-council-meeting.md|3,1,,"Council Member Henney moved to continue an ordinance amending Title 11, Building and Building Regulations, Chapter 16 Flood Damage, of the Municipal Code of Park City, implementing new mapping and regulations for flood damage prevention in the areas of special flood hazard to March 11, 2021"
68,Council|s|minutes/2021/2021-02-22/2021-02-25_city-council-meeting.md|4,1,,"Council Member Gerber moved to continue an ordinance amending Land Management Code Chapters 15-2.4 and 15-15 to address shared driveways and common parking structures within the Historic Residential Medium Density Zoning District to March 18, 2021"
69,Council|s|minutes/2021/2021-02-22/2021-02-25_city-council-meeting.md|5,1,,"Council Member Gerber moved to adopt Resolution 03-2021, a resolution authorizing the resubmission of an application for Designation as a Utah Enterprise Zone to the State of Utah Governor's Office of Economic Development"
70,Council|s|minutes/2021/2021-02-22/2021-02-25_city-council-meeting.md|6,1,,"Council Member Henney moved to approve Ordinance 2021-08, the amended ordinance approving the Argent at Empire Pass Condominiums, First Amended, located at 7677 Village Way, Park City, Utah, with the amendment that only the plat amendment combining Units 201 and 202 to a single unit will be adopted"
71,Council|s|minutes/2021/2021-02-22/2021-02-25_city-council-meeting.md|8,1,,"Council Member Gerber moved to approve Ordinance No. 2021-10, an ordinance repealing Land Management Code Section 15-6-7, Master Planned Affordable Housing Development; enacting Chapter 15-6.1, Affordable Master Planned Developments; and amending Chapter 15-15, Defined Terms with direction to have staff to explore additional density in the Historic zones"
72,Council|s|minutes/2021/2021-02-22/2021-02-25_city-council-meeting.md|9,1,,"Council Member Doilney moved to approve Ordinance No. 2021-11, an ordinance approving the King's Crown Condominiums First Amended Condominium Plat located in"
73,Council|s|minutes/2021/2021-03-08/2021-03-11_city-council-meeting.md|6,1,,"Council Member Doilney moved to approve Ordinance 2021-07, an ordinance amending Title 11, Building and Building Regulations, Chapter 16 Flood Damage, of the Municipal Code of Park City, implementing new mapping and regulations for flood damage prevention in the areas of special flood hazard"
74,Council|s|minutes/2021/2021-03-08/2021-03-11_city-council-meeting.md|8,1,,"Council Member Henney moved to approve Ordinance 2021-13, an ordinance amending Title 6, Chapter 3 - Noise, of the Municipal Code of Park City, Utah"
75,Council|quinn s junction partnership annexation master plan,1,Quinn's Junction Partnership Annexation Master Plan,"Council Member Joyce moved to amend the phasing plan for Quinn’s Junction Partnership Annexation Master Plan Development, located at 4001 Kearns Boulevard with an additional condition of approval, including documentation of the fact that this was being approved with the understanding that this was part of the original film studio campus MPD and any changes in use, phasing, or to any of the other buildings would require application for a substantive amendment and opening the MPD for review by the City Council, in a form approved by the City Attorney"
76,Council|s|minutes/2021/2021-04-26/2021-04-29_city-council-meeting.md|11,1,,"Council Member Worel moved to approve Ordinance 2021-18, an ordinance amending the Land Management Code § 15-6.1-3, Zoning Districts and Uses; § 15-6.1-6, Density; § 15-6.1-7, Setbacks; § 15-6.1-8, Building Height and Facades; § 15-6.1-9, Parking - to allow Affordable Master Planned Developments (AMPD) in the Historic Commercial Business and Historic Recreation Commercial Zoning Districts"
77,Council|northstar subdivision,1,Northstar Subdivision,"Council Member Joyce moved to approve Ordinance 2021-19, an ordinance approving the Northstar Subdivision Lot 2 & 3 Lot Line Adjustment, located at 1049 and 1025 Lowell Avenue, Park City, Utah"
78,Council|s|minutes/2021/2021-04-26/2021-04-29_city-council-meeting.md|13,1,,"Council Member Joyce moved to approve Ordinance 2021-20, an ordinance approving the Lot 2 Willow Ranch Replat, First Amended, located at 2750 Meadow Creek Drive"
79,HA|s|minutes/2021/2021-04-26/2021-04-29_city-council-meeting.md|14,2,,Board Member Joyce moved to approve the PEG Development Affordable Housing Mitigation Plan in fulfillment of the affordable housing obligation generated by the Park City Mountain Base Area Development Project
80,RDA|s|minutes/2021/2021-04-26/2021-04-29_city-council-meeting.md|15,4,,"Board Member Doilney moved to approve an economic development grant contract for $20,000 for Offset Bier LLC in a form approved by the City Attorney"
81,Council|gasparac plat amendment,1,Gasparac Plat Amendment,"Council Member Henney moved to approve Ordinance No. 2021-22, an ordinance 2 approving the Gasparac Plat Amendment, located at 1060 Park Avenue, Park City, 3 Utah"
82,Council|jupiter moons plat amendment,1,Jupiter Moons Plat Amendment,"Council Member Worel moved to approve Ordinance No. 2021-23, an ordinance 24 approving the Jupiter Moons Plat Amendment, located at 1125 and 1129 Park Avenue 25 and 1126 and 1128 Woodside Avenue, Park City, Utah. Council Member Joyce 26 seconded the motion. 27 RESULT: APPROVED"
83,Council|pinion pines subdivision,1,Pinion Pines Subdivision,"Council Member Henney moved to approve Ordinance No. 2021-24, an ordinance approving the Pinion Pines Subdivision at 1115 & 1117 Lowell Avenue, Park City, Utah"
84,Council|s|minutes/2021/2021-05-24/2021-05-27_city-council-meeting.md|12,1,,"Council Member Joyce moved to approve Ordinance 2021-25, an ordinance approving the Chatham Lots 52 and 53 Amended Plat, located at 3 and 5 Victoria Circle, Park City, Utah"
85,Council|s|minutes/2021/2021-05-24/2021-05-27_city-council-meeting.md|13,1,,"Council Member Worel moved to approve Ordinance No. 2021-26, an ordinance approving Lot 1, Thomas Replat, located at 200 Grant Avenue, Park City, Utah"
86,Council|s|minutes/2021/2021-06-14/2021-06-17_city-council-meeting.md|8,1,,"Council Member Gerber moved to authorize the Mayor to execute a lease for Annex at the No Name for the 2021 Main Street Dining Deck Program, in a form approved by the City Attorney"
87,Council|empire avenue plat amendment,1,Empire Avenue Plat Amendment,"Council Member Gerber moved to approve Ordinance No. 2023-37, an ordinance approving an extension of City Council's July 21, 2022 approval of Ordinance No. 2022- 26, an ordinance approving 949 Empire Avenue Plat Amendment, located at 949 Empire Avenue, Park City, Utah"
88,Council|s|minutes/2021/2021-07-12/2021-07-15_city-council-meeting.md|9,1,,"Council Member Worel moved to approve 901 Woodside Avenue Conditional Use Permit to construct a garage under a Landmark Historic Structure on the north side under the bay window, eliminating the driveway encroachment in the 9th Street right-of- way"
89,Council|s|minutes/2021/2021-08-30/2021-09-02_city-council-meeting.md|4,1,,"Council Member Joyce moved to approve Ordinance 2021-34, an ordinance approving the 1003 Norfolk Avenue Amended Plat, Lot 1 and Lot 2 in Block 16 of Snyder's Addition, Park City, Utah with the amended Condition of Approval Three"
90,HA|kings crown subdivision,2,Kings Crown Subdivision,"Board Member Gerber moved to approve the sale of an affordable rental unit in Kings Crown Subdivision, located at 1271 Lowell Avenue, #B101, Park City, Utah"
91,Council|s|minutes/2021/2021-09-20/2021-09-23_city-council-meeting.md|5,1,,"Council Member Joyce moved to approve Ordinance 2021-37, The Gigaplat Replat, First Amended and Restated, located at 1915 Prospector Avenue, Park City, Utah"
92,Council|s|minutes/2021/2021-09-20/2021-09-23_city-council-meeting.md|6,1,,"Council Member Henney moved to approve Ordinance No. 2021-38, an ordinance amending primarily residential zoning districts in the Land Management Code Sections § 15-2.1-2; § 15-2.2-2; § 15-2.3-2; § 15-2.4-2; § 15-2.9-2; § 15-2.10-2; § 15-2.11-2; § 15-2.12-2; § 15-2.13-2; § 15-2.14-2; § 15-2.15-2; § 15-15-1; and § 15-15-2, and enacting Section 15-4-7.1, Internal Accessory Dwelling Units"
93,Council|king road plat amendment,1,King Road Plat Amendment,"Council Member Joyce moved to approve Ordinance No. 2021-39, an ordinance approving the 91 and 95 King Road Plat Amendment, located at 91 King Road and 95 King Road, Park City, Utah"
94,Council|southeast quinn s junction annexation,1,Southeast Quinn's Junction Annexation,"Council Member Doilney moved to accept the Southeast Quinn's Junction Annexation Petition, proposing annexation of approximately 1,200 acres in the Richardson Flat and Clark Ranch area"
95,Council|ontario subdivision,1,Ontario Subdivision,"Council Member Worel moved to approve Ordinance No. 2021-40, an ordinance approving the 316 Ontario Subdivision, located at 316 Ontario Avenue, Summit County"
96,Council|s|minutes/2021/2021-10-25/2021-10-28_city-council-meeting.md|5,1,,"Council Member Joyce moved to approve Ordinance No. 2021-41, an ordinance amending Land Management Code § 15-11-10 Park City Historic Sites Inventory to update the Rossie Hill Drive Landmark Historic Site addresses and the status of 1302 Norfolk Avenue"
97,Council|the northstar subdivision,1,The Northstar Subdivision,"Council Member Doilney moved to approve Ordinance 2021-42, an ordinance approving The Northstar Subdivision - Lot 1 Amended plat, located at 1061 and 1063 Lowell Avenue, Park City, Utah"
98,Council|s|minutes/2021/2021-10-25/2021-10-28_city-council-meeting.md|7,1,,"Council Member Doilney moved to approve Ordinance No. 2021-43, an ordinance approving a zoning map amendment for one (1) tract of land zoned Estate (E) to Public Use Transition (PUT) including all of PCA-1200-4-X located at 7805 Royal Street, Park City, Utah"
99,RDA|s|minutes/2021/2021-10-25/2021-10-28_city-council-meeting.md|9,4,,"Board Member Gerber moved to authorize the City Manager to amend the terms of 1) the October 8, 1991, Water Supply Agreement between Salt Lake City Corporation and amendment to the 1991 Agreement"
100,Council|urban park district master plan,1,Urban Park District Master Plan,"Council Member Worel moved to adopt Resolution 25-2021, a resolution adopting the Urban Park District Master Plan with the intent to limit zoning changes, the sale of and/or material changes to four city parks and the Park City Municipal Golf Course"
101,Council|s|minutes/2021/2021-11-15/2021-11-18_city-council-meeting.md|3,1,,"Council Member Doilney moved to authorize the City Manager to select Summit Land Conservancy as the holder of a conservation easement for the Treasure Hill Conservation Easement and Stewardship Project, subject to final contract and price negotiation"
102,Council|s|minutes/2021/2021-11-15/2021-11-18_city-council-meeting.md|5,1,,"Council Member Gerber moved to approve the following applications for the Historic District Grant Program's “Competitive Grant” category, for projects defined as Preservation, Rehabilitation, and/or Restoration in the Land Management Code: 180 Daly Avenue, 187 Daly Avenue, 43 King Road, Thaynes and Silver King Headframes, Street, 508 Marsac Avenue, 933 Norfolk Avenue, 962 Norfolk Avenue, 121 Park Avenue, 416 Park Avenue, 526 Park Avenue, 1060 Park Avenue, 1125 Park Avenue, 1129 Park Avenue, 22 Prospect Avenue, 1825 Three Kings Drive, 232 Woodside Avenue, and 1057 Woodside Avenue"
103,Council|s|minutes/2021/2021-11-15/2021-11-18_city-council-meeting.md|9,1,,"Council Member Joyce moved to approve Ordinance 2021-47, an ordinance approving the Club Lespri- 1st Amended Plat located at 1765 Sidewinder Drive, Summit County"
104,Council|park city heights phase 4 subdivision,1,Park City Heights Phase 4 Subdivision,"Council Member Joyce moved to approve Ordinance 2021-46, an ordinance approving the Park City Heights Phase 4 Subdivision, located south of Calamity Lane, south of Richardson Flat Road and west of US Highway 40, Park City, Utah, and approving the acceptance of the Phase 1 Park City Heights Public Park"
105,Council|s|minutes/2021/2021-12-06/2021-12-09_city-council-meeting.md|9,1,,"Council Member Gerber moved to authorize the following annual insurance premiums to fund the City’s Insurance Placements for the 2022 Calendar Year: Property Insurance: $239,179 and Auto Physical Damage: $93,597 to Liberty Mutual; Public Entity Liability Insurance: $219,528 to States Self-Insurance Risk Retention Group, Inc.; Workers’ Compensation Insurance: $210,479 for the Workers Compensation Fund; Cyber Liability Insurances: to Beazley Insurance Co.; Crime Insurance: $6,327 to Travelers Insurance Co.; and Drone Insurance: $2,252 to Global Aerospace"
106,Council|s|minutes/2021/2021-12-13/2021-12-16_city-council-meeting.md|5,1,,"Council Member Gerber moved to approve Ordinance 2021-50, an ordinance amending Title 14, Trees/Landscaping; Streets, Sidewalks and Stairs; Streetcuts; Snow Removal; Street Address System; News Racks by Adding Chapter 14-7, Small Wireless Facilities in the Public Right of Way of the Municipal Code of Park City; and approving the Master License Agreement, Design Standards, and permit application for the Installation of small wireless facilities in City rights-of-way"
107,Council|s|minutes/2021/2021-12-13/2021-12-16_city-council-meeting.md|6,1,,"Council Member Henney moved to approve Ordinance No. 2021-51, an Ordinance amending Land Management Code Sections 15-2.1-2, 15-2.2-2, 15-2.3-2, 15-2.4-2, 15- 2.5-2, 15-.6-2, 15-2.9-2, 15-2.10-2, 15-2.11-2, 15-2.12-2, 15-2.13-2, 15-2.14-2, 15-2.15- 2, 15-2.16-2, 15-2.17-2, 15-2.18-2, 15-2.19-2, and 15-2.23-2 Uses, 15-4-7 Accessory Apartments, and 15-15-1 Definitions, amending accessory apartment regulations. Council Member Joyce requested the motion to approve be amended to include “with changes to Section C, beginning at Line 1526 about existing nonconforming accessory apartments so it is clea"
108,Council|deer valley subdivision,1,Deer Valley Subdivision,"ven. Mayor Worel closed the public hearing. Council Member Dickey to continue an ordinance to amend Land Management Code Section 15-2.13-2 to prohibit nightly rentals, accessory apartments, and internal accessory dwelling units in the Bald Eagle Club at Deer Valley Subdivision in the Residential Development Zoning District PL-23-05770 to February 1, 2024. Council Member Gerber seconded the motion."
109,RDA|s|minutes/2021/2021-12-13/2021-12-16_city-council-meeting.md|9,4,,"Board Member Gerber moved to authorize the Mayor to execute a Memorandum of Agreement in a form approved by the City Attorney, to continue leasing surplus water to Weber Basin through provisions in the Western Summit County Project Master Agreement"
110,Council|s|minutes/2022/2022-01-03/2022-01-06_city-council-meeting.md|4,1,,"Council Member Toly moved to approve Ordinance 2022-02, an ordinance amending Section 9-5-3, Parking Code - Types of Permits; and Section 4-7-3, Licensing - Conventional Sales and Commercial Hospitality Applications, of the Municipal Code of"
111,HA|s|minutes/2022/2022-01-10/2022-01-13_city-council-meeting.md|3,2,,"Board Member Doilney moved to approve the plan to fulfill the affordable housing obligation generated by the proposed Founder's Place Development Project with the amendment of receiving the community benefit an additional five years, ending in 2040"
112,Council|s|minutes/2022/2022-01-10/2022-01-13_city-council-meeting.md|6,1,,Council Member Gerber moved to appoint Ryan Dickey as the Council member to fill the seat vacated by Mayor Worel
113,Council|founders place subdivision,1,Founders Place Subdivision,"Council Member Gerber moved to approve Ordinance No. 2022-03, an ordinance approving the Founders Place Subdivision located at 3267 West Deer Hollow Road, Parcel 00-0021-01977 in Park City, Wasatch County, Utah with the amended condition of approval regarding Deer Hollow Road, including language that referred to the developer and to take out owners as individuals in a form approved by the City Attorney, and a condition of approval prohibiting satellite parking"
114,Council|s|minutes/2022/2022-01-24/2022-01-27_city-council-meeting.md|5,1,,"Council Member Gerber moved to approve Ordinance No. 2022-04, an ordinance approving the Founders Place Phase I Condominium Plat located at 3267 West Deer Hollow Road, Parcel 00-0021-01977 in Park City, Wasatch County, Utah"
115,Council|park city film studios first amended subdivision,1,Park City Film Studios First Amended Subdivision,"Council Member Doilney moved to approve Ordinance 2022-47, an ordinance amending the Annexation and Zoning Ordinance No. 2012-12, for approximately 20.46 acres of property located at 3981 Kearns Boulevard, in the Quinn's Junction area, known as The Park City Film Studios First Amended Subdivision Lot 1B, Park City. Utah"
116,Council|s|minutes/2022/2022-02-14/2022-02-17_city-council-meeting.md|7,1,,"Council Member Rubell moved to approve the Utah Department of Alcohol Beverage Control (DABC) request to extend the lease of city-owned space located at 460 Swede Alley, Unit 100 for two additional years for an annual rent of $12,637.40"
117,Council|mountain ridge subdivision,1,Mountain Ridge Subdivision,"Council Member Gerber moved to approve Ordinance No. 2022-05, an ordinance denying the Mountain Ridge Subdivision, Lot 13, Plat Amendment, located at 3099 Mountain Ridge Court, Park City, Utah"
118,Council|s|minutes/2022/2022-02-28/2022-03-03_city-council-meeting.md|7,1,,"Council Member Gerber moved to approve Ordinance No. 2022-07, an ordinance approving the Payday Condominium Amended Plat, located at 1660 and 1700 Three Kings Drive, Park City, Utah"
119,Council|s|minutes/2022/2022-03-14/2022-03-17_city-council-meeting.md|4,1,,"Council Member Rubell moved to authorize the City Manager to enter into a 39 professional services agreement with VCBO in an amount not to exceed $66,000 for PC 40 MARC Conceptual Design and cost estimate and for master planning of the Park City 41 Sports Complex with the addition that the Park City Sports Complex would be in the 42 scope for covered or winter use pickleball courts as well. 43 1 Council Member Gerber asked for clarification. Council Member Rubell stated the other 2 indoor courts were an addition on the back of the MARC, so this would be another 3 option. Council Member Doilney"
120,RDA|s|minutes/2022/2022-03-14/2022-03-17_city-council-meeting.md|5,4,,Board Member Dickey moved to approve the plan to fulfill the affordable housing 26 obligation generated by the proposed Sommet Blanc Development Project. Board 27 Member Gerber seconded the motion. 28 RESULT: APPROVED
121,Council|s|minutes/2022/2022-04-04/2022-04-07_city-council-meeting.md|5,1,,"Council Member Gerber moved to continue Ordinance No. 2022-08, an ordinance approving amendments to Land Management Code § 15-2.1-2, § 15-2.2-2, § 15-2.3-2, § 15-2.4-2, § 15-2.5-2, § 15-2.6-2, § 15-2.7-2, § 15-2.9-2, § 15-2.10-2, § 15-2.11-2, § 15-2.12-2, § 15-2.13-2, § 15-2.14-2, § 15-2.15-2, § 15-2.16-2, § 15-2.17-2, § 15-2.18-2, § 15-2.19-2, § 15-2.23-2, For Zoning District Use Tables, § 15-15-1 Definitions, and enacting a new §15-4-22, Outdoor Pickleball Courts in Residential Areas, until April 28, 2022, and for staff to come back with information on noticing requirements, common procedure"
122,Council|s|minutes/2022/2022-04-04/2022-04-07_city-council-meeting.md|6,1,,"Council Member Gerber moved to approve the extension of the Main Street Dining Deck Program for 2022 and authorize the Mayor to execute leases of City property/right-of-way with nine Main Street Restaurants, in a form approved by the City Attorney"
123,Council|s|minutes/2022/2022-04-25/2022-04-28_city-council-meeting.md|8,1,,"Council Member Doilney moved to approve Ordinance No. 2022-08, an ordinance approving amendments to Land Management Code § 15-2.1-2, § 15-2.2-2, § 15-2.3-2, § 15-2.4-2, § 15-2.5-2, § 15-2.6-2, § 15-2.7-2, § 15-2.9-2, § 15-2.10-2, § 15-2.11-2, § 15-2.12-2, § 15-2.13-2, § 15-2.14-2, § 15-2.15-2, § 15-2.16-2, § 15-2.17-2, § 15-2.18-2, § 15-2.19-2, § 15-2.23-2, for zoning district use tables, § 15-15-1 Definitions, and enacting a new §15-4-22, Outdoor Pickleball Courts in Residential Areas"
124,Council|s|minutes/2022/2022-04-25/2022-04-28_city-council-meeting.md|10,1,,"Council Member Gerber moved to approve Ordinance No. 2022-09, an ordinance approving the Kings Crown Re-Subdivision Third Amended Lot Combination Plat, located at 1281 Rothwell Road, Park City, Utah"
125,Council|daly avenue subdivision,1,Daly Avenue Subdivision,"Council Member Doilney moved to approve Ordinance 2022-13, an ordinance approving the 45 Daly Avenue Subdivision, located at 45 Daly Avenue, Summit County, Park City, Utah"
126,Council|mountain center subdivision,1,Mountain Center Subdivision,"Council Member Gerber moved to approve Ordinance 2022-14, an ordinance approving the Mountain Center Subdivision, located at 1431 Lowell Avenue, Park City, Utah"
127,Council|s|minutes/2022/2022-05-23/2022-05-26_city-council-meeting.md|9,1,,"Council Member Rubell moved to approve Ordinance No. 2022-15, an ordinance amending the Municipal Code of Park City Title 4 General Licensing Section 4-2-15 Vibrant Commercial Storefront in HCB and HRC Districts; Title 12 Sign Code Section 12-3-1 Permits Required; and Title 15 Land Management Code Section 15-15-1 Definitions"
128,Council|s|minutes/2022/2022-05-23/2022-05-26_city-council-meeting.md|10,1,,"Council Member Gerber moved to approve Ordinance No. 2022-16, an ordinance amending the Land Management Code to exempt single-family dwellings and duplexes from certain architectural review requirements in Chapter 15-5 to comply with changes to state law; to update appeals in Sections 15-1-18, 15-10-3, and 15-10-7 to comply with changes to state law; to update the definition of Food Truck in Section 15-15-1 to comply with changes to state law; and to make non-substantive corrections for consistent citation to the Utah Code and internal citations, to update references to The International Build"
129,Council|s|minutes/2022/2022-06-06/2022-06-09_city-council-meeting.md|6,1,,"Council Member Gerber moved to approve Ordinance No. 2022-17, an ordinance approving the Snow Flower Condominiums Fourth Amended Plat amending Unit 75, located at 401 Silver King Drive, Unit 75, Summit County, Park City, Utah"
130,Council|s|minutes/2022/2022-06-13/2022-06-16_city-council-meeting.md|3,1,,"Council Member Doilney moved to approve Ordinance No. 2022-18, an ordinance annexing approximately 1,200 acres of property located in the Southeast Quinn’s Junction area into the corporate limits of Park City, Utah, and amending the Official Zoning Map of Park City to zone the property Recreation and Open Space within the Entry Corridor Protection and Sensitive Land Overlays. The area was already subject to the Flagstaff Development Agreement and the open space acquisition restrictions. The Council determines that under the circumstances of the annexation, the conditions of Land Management Cod"
131,RDA|s|minutes/2022/2022-06-13/2022-06-16_city-council-meeting.md|6,4,,"Board Member Rubell moved to approve an economic development grant contract for $20,000 for Alpine Distilling"
132,Council|s|minutes/2022/2022-06-20/2022-06-23_city-council-meeting.md|18,1,,"Council Member Doilney moved to continue Ordinance No. 2022-21, an ordinance amending the Land Management Code Sections 15-2.5-2 Historic Recreation Commercial, 15-2.6-2 Historic Commercial Business, 15-2.13-2 Residential Development, 15-2.14-2 Residential Development - Medium Density, 15-2.16- 2 Recreation Commercial, 15-2.17-2 Regional Commercial Overlay, and 15-2.18- 2 General Commercial to Allow ""Single-Family Dwelling, Fractional Ownership/Use,"" Enacting Section 15-4-23, Single-Family Dwelling Fractional Ownership Use, and Amending Section 15-15-1 Definitions to define ""Single-Family Dwel"
133,Council|s|minutes/2022/2022-06-20/2022-06-23_city-council-meeting.md|19,1,,"Council Member Doilney moved to approve Ordinance 2022-22, an ordinance clarifying roles and responsibilities in prohibiting the ignition or use of ignition sources, amending Section 11-9-3 and repealing Section 11-9-3.1 of the Municipal Code of Park City"
134,Council|s|minutes/2022/2022-07-11/2022-07-14_city-council-meeting.md|10,1,,"Council Member Gerber moved to approve Ordinance 2022-24, an ordinance amending Title 2, Chapter 3, Sections 1-6 of the Municipal Code of Park City"
135,Council|fox tail trail subdivision,1,Fox Tail Trail Subdivision,"Council Member Doilney moved to approve Ordinance 2022-25, an ordinance approving the Fox Tail Trail Subdivision, located at 3805 Fox Tail Trail, Park City, Utah with the amendment that the lot is constrained to the Estate zoned portion only and the Conditions of Approval be revised to reflect that, and be reviewed by the City Attorney’s office prior to signature, including the .76 acres to be part of the dedication"
136,Council|woodside avenue subdivision,1,Woodside Avenue Subdivision,"Council Member Rubell moved to approve Ordinance No. 2022-27, an ordinance approving the 405 Woodside Avenue Subdivision Plat, located at 405 Woodside Avenue, Park City, Utah"
137,Council|sampson avenue subdivision first amended plat amendment,1,Sampson Avenue Subdivision First Amended Plat Amendment,"Council Member Doilney moved to approve Ordinance No. 2022-28, an ordinance approving the vacation of a portion of the platted Sampson Avenue right-of-way adjacent to 115 Sampson Avenue and the 115 Sampson Avenue Subdivision First Amended Plat Amendment, located at 115 Sampson Avenue, Park City, Utah"
138,Council|rail trail master plan,1,Rail Trail Master Plan,Council Member Doilney moved to adopt the Rail Trail Master Plan
139,Council|s|minutes/2022/2022-08-29/2022-09-01_city-council-meeting.md|9,1,,"Council Member Doilney moved to approve Ordinance 2022-35, an ordinance amending Title 14, Trees/Landscaping; Streets, Sidewalks and Stairs; Streetcuts; Snow Removal; Street Address System; News Racks by amending Chapter 14-7 Small Wireless Facilities in the Public Right of Way of the Municipal Code of Park City"
140,Council|s|minutes/2022/2022-08-29/2022-09-01_city-council-meeting.md|11,1,,"Council Member Rubell moved to approve Ordinance 2022-31, an ordinance approving The Stag Lodge Phase 1 Fourth Amended Condominium Plat amending Unit 7, located at 8200 Royal Street, Park City Utah"
141,Council|s|minutes/2022/2022-08-29/2022-09-01_city-council-meeting.md|12,1,,"Council Member Doilney moved to approve Ordinance 2022-32, an ordinance approving Stag Lodge Phase IV Third Amended Condominium Plat amending Unit 50, located at 8200 Royal Street. Park City"
142,Council|s|minutes/2022/2022-08-29/2022-09-01_city-council-meeting.md|14,1,,"Council Member Dickey moved to approve Resolution 17-2022, a resolution adopting the 2022 Five-Year Moderate-Income Housing Plan as an Addendum to the 2014 General Plan for Park City, Utah"
143,Council|s|minutes/2022/2022-08-29/2022-09-01_city-council-meeting.md|15,1,,"Council Member Doilney moved to approve Ordinance 2022-33, an ordinance approving the Sommet Blanc Condominiums Plat, located at 9300 Marsac Avenue"
144,Council|iron canyon subdivision,1,Iron Canyon Subdivision,"Council Member Dickey moved to approve Ordinance No. 2023-48, an ordinance approving Iron Canyon Subdivision Lot 41 - Building Pad Adjustment Plat Amendment, located at 2459 Iron Mountain Drive, Park City, Utah"
145,Council|s|minutes/2022/2022-08-29/2022-09-01_city-council-meeting.md|17,1,,"Council Member Doilney moved to approve Ordinance No. 2022-30, an ordinance amending Land Management Code Section 15-2-2 Terms and Eligibility of Members to Outline Planning Commissioner Qualifications with the amendment to add real estate developer"
146,Council|bardsley plat amendment,1,Bardsley Plat Amendment,"Council Member Gerber moved to approve Ordinance No. 2022-37, an ordinance approving the Bardsley Plat Amendment, located at 517 Park Avenue, Park City, Utah"
147,Council|s|minutes/2022/2022-09-12/2022-09-15_city-council-meeting.md|6,1,,"Council Member Rubell moved to approve Ordinance 2022-36, an ordinance amending Title 4a - Special Events, Chapter 1 Definitions; and Chapter 2 Special Event Permitting; of the Municipal Code of Park City, Utah with amendments shown in the presentation slides"
148,Council|s|minutes/2022/2022-10-03/2022-10-06_city-council-meeting.md|6,1,,"Council Member Rubell moved to continue Ordinance No. 2022-21, an Ordinance Amending the Land Management Code Sections 15-2.5-2 Historic Recreation Commercial, 15-2.6-2 Historic Commercial Business, 15-2.13-2 Residential Development, 15-2.14-2 Residential Development - Medium Density, 15-2.16-2 Recreation Commercial, 15-2.17-2 Regional Commercial Overlay, and 15-2.18-2 General Commercial to Allow ""Single-Family Dwelling, Fractional Ownership/Use,"" Enacting Section 15-4-23, Single-Family Dwelling Fractional Ownership Use, and Amending Section 15-15-1 Definitions to Define ""Single-Family Dwellin"
149,Council|park city fire station subdivision,1,Park City Fire Station Subdivision,"Council Member Dickey moved to approve Ordinance No. 2022-41, an ordinance approving the Park City Fire Station Subdivision, located at 7805 Royal Street, Park City, Utah"
150,HA|s|minutes/2022/2022-10-03/2022-10-06_city-council-meeting.md|12,2,,"Board Member Gerber moved to continue the modifications to the Restrictive Covenant Protecting the Affordability and Sustainability of Units EMP-A and EMP-B at Argent at Empire Pass Condominiums, 7677 Village Way to October 27, 2022"
151,HA|s|minutes/2022/2022-10-24/2022-10-27_city-council-meeting.md|3,2,,"Board Member Doilney moved to approve modifications to the restrictive covenant protecting the affordability and sustainability of Units EMP-A and EMP-B at Argent at Empire Pass Condominiums, 7677 Village Way"
152,Council|s|minutes/2022/2022-10-24/2022-10-27_city-council-meeting.md|6,1,,"Council Member Rubell moved to approve Ordinance No. 2022-21, an ordinance amending the Land Management Code Sections 15-2.5-2 Historic Recreation Commercial, 15-2.6-2 Historic Commercial Business, 15-2.13-2 Residential Development, 15-2.14-2 Residential Development - Medium Density, 15-2.18 General Commercial, 15-2.16-2 Recreation Commercial, and 15-2.17-2, Regional Commercial Overlay to Allow ""Dwelling Unit, Fractional Co-Ownership/Use,"" Enacting Section 15-4- 23, ""Dwelling Unit, Fractional Ownership/Use"" and amending Section 15-15-1 to define ""Dwelling Unit, Fractional Co-Ownership/Use"" wit"
153,Council|heimpel plat amendment,1,Heimpel Plat Amendment,"Council Member Dickey moved to approve Ordinance No. 2022-42, an ordinance approving the Heimpel Plat Amendment located at 455 Woodside Avenue, Park City, Utah"
154,Council|s|minutes/2022/2022-10-24/2022-10-27_city-council-meeting.md|9,1,,"Council Member Gerber moved to approve Ordinance No. 2022-43, an ordinance approving the Stonebridge Amended Plat, located at 1201 Stonebridge Circle, Park City, Utah"
155,Council|park avenue subdivision,1,Park Avenue Subdivision,"Council Member Dickey moved to approve Ordinance 2023-07, an ordinance approving the vacation of a portion of the platted 13th Street right-of-way and the 1301 Park Avenue Subdivision, located at 1301 Park Avenue, Park City, Utah"
156,Council|s|minutes/2022/2022-11-14/2022-11-17_city-council-meeting.md|6,1,,"Council Member Gerber moved to continue an ordinance approving water wise landscaping Land Management Code amendments to February 16, 2023"
157,Council|s|minutes/2022/2022-11-14/2022-11-17_city-council-meeting.md|8,1,,"Council Member Doilney moved to approve Ordinance No. 2022-45, an ordinance approving the Royal Plaza Condominiums Fourth Amended Plat combining Units 301 and 309, located at 7620 Royal Street E, Park City, Utah"
158,Council|s|minutes/2022/2022-12-12/2022-12-15_city-council-meeting.md|10,1,,"Council Member Toly moved to authorize the following annual insurance premiums to fund the city’s insurance placements for the 2023 calendar year: property insurance: $316,267 and auto physical damage: $98,568 to Liberty Mutual; public entity liability insurance: $264,233 to States Self-Insurers Risk Retention Group, Inc.; workers’ compensation insurance: $243,820 for the Workers Compensation Fund; crime insurance: $4,427 to Travelers Insurance Co., and $4,500 for a special Treasurer's Bond; and drone insurance: $1,688 to Global Aerospace"
159,HA|s|minutes/2022/2022-12-12/2022-12-15_city-council-meeting.md|11,2,,Board Member Doilney moved to approve the Studio Crossing Housing Mitigation Plan to fulfill the affordable housing obligation generated by the proposed Studio Crossing Project
160,Council|s|minutes/2023/2023-01-23/2023-01-24_city-council-meeting_2.md|4,1,,"Council Member Gerber moved to continue Ordinance No. 2023-03, an ordinance approving a zoning map amendment to rezone a six acre pod from Recreation and Open Space (ROS) to Estate (E) from a Portion of PCA-S-79-C (Bransford Property, also known as the Logan Parcel), Park City, Utah, subject to subdivision plat approval by the City Council of Park City prior to January 24, 2025 to a date uncertain and requested Koons to return with additional information on how this process has worked in the past. Mayor Worel added the public hearing portion would remain open when the item returns to Council"
161,Council|s|minutes/2023/2023-01-23/2023-01-24_city-council-meeting_2.md|5,1,,"Council Member Doilney moved to approve Ordinance 2023-04, an ordinance approving Lots 30 and 31 Holiday Ranchettes First Amended Plat, located at 2545 and 2529 Lucky John Drive, Park City, Utah"
162,Council|s|minutes/2023/2023-01-23/2023-01-24_city-council-meeting_2.md|6,1,,"Council Member Gerber moved to approve Resolution 02-2023, a resolution adopting an amendment to the 2022 Five-Year Moderate-Income Housing Plan as an addendum to the Housing Element of the 2014 General Plan for Park City, Utah"
163,Council|s|minutes/2023/2023-01-30/2023-02-02_city-council-meeting.md|5,1,,"Council Member Rubell moved to continue the approval of three easements to Rocky Mountain Power for transmission lines and underground distribution lines across City Property to March 9, 2023"
164,RDA|s|minutes/2023/2023-01-30/2023-02-02_city-council-meeting.md|6,4,,"Board Member Gerber moved to authorize the Mayor to execute a memorandum of agreement, in a form approved by the City Attorney, to continue leasing surplus water to Weber Basin concurrent with the Western Summit County Project Master Agreement"
165,Council|s|minutes/2023/2023-02-13/2023-02-16_city-council-meeting.md|5,1,,"Council Member Gerber moved to continue an ordinance approving water wise landscaping Land Management Code amendments to March 9, 2023"
166,Council|chatham crossing subdivision,1,Chatham Crossing Subdivision,"Council Member Doilney moved to continue Ordinance 2023-06, an ordinance amending the Land Management Code Section 15-2.13-2 to prohibit nightly rentals and fractional use in the Chatham Crossing Subdivision, the West Ridge Subdivision, and the West Ridge Subdivision Phase 2, and prohibit fractional use in the Solamere Subdivisions No. 1 and No. 2A to April 27, 2023"
167,Council|amending unit 9 plat amendment,1,Amending Unit 9 Plat Amendment,"Council Member Gerber moved to approve Ordinance No. 2023-08, an ordinance approving The Bald Eagle Club at Deer Valley, Amending Unit 9 Plat Amendment, located at 7979 Roamer Court, Park City, Utah"
168,Council|s|minutes/2023/2023-02-13/2023-02-16_city-council-meeting.md|11,1,,"Council Member Doilney moved to approve Ordinance 2023-09, an ordinance amending Section 13-1-28, Drinking Water Source Protection, of the Municipal Code of"
169,Council|s|minutes/2023/2023-03-06/2023-03-09_city-council-meeting.md|6,1,,"Council Member Rubell moved to approve Ordinance No. 2023-10, an Ordinance Amending Land Management Code Section 15-5-5(N) Landscaping and Section 15-15- 1 Definitions with an amendment to add or clarify language that major landscape remodels would be required to comply with this ordinance as well"
170,Council|s|minutes/2023/2023-03-06/2023-03-09_city-council-meeting.md|7,1,,Council Member Gerber moved to approve Easement PCA-110-G-1-X to Rocky Mountain Power for transmission lines and underground distribution lines across City property
171,Council|s|minutes/2023/2023-03-06/2023-03-09_city-council-meeting.md|8,1,,"Council Member Rubell moved to continue Easements SA-224-X, PCA-110-X, SCCS- C-X, CRKSD-2-X, and PACA-900-A-X to Rocky Mountain Power for transmission lines and underground distribution lines across City property to a date uncertain"
172,Council|bellevue subdivision,1,Bellevue Subdivision,Council Member Doilney moved to continue an ordinance amending Land Management Code Section 15-2.13-2 to prohibit fractional use and private residence clubs in Bellevue Subdivision Phase 1 First Amendment and Bellevue Subdivision Phase 2to
173,Council|s|minutes/2023/2023-03-13/2023-03-16_city-council-meeting.md|1,1,,"Council Member Gerber moved to continue Deer Valley Development Company petition for the City to vacate portions of right-of-way on Deer Valley Drive West and South, and to dedicate Doe Pass Road to the City, as part of the Snow Park Village Base Area MPD and Subdivision application to a date uncertain"
174,Council|s|minutes/2023/2023-03-20/2023-03-23_city-council-meeting.md|5,1,,"Council Member Doilney moved to approve Ordinance 2023-13, an ordinance amending Title 5, Government Records Access and Management Act, Chapters 1 and 2, of the Municipal Code of Park City"
175,Council|s|minutes/2023/2023-04-03/2023-04-04_city-council-meeting.md|8,1,,"Council Member Dickey moved to approve the extension of the Main Street Dining Deck Program for 2023, and authorize the Mayor to lease City property/right-of-way with nine Main Street restaurants in a form approved by the City Attorney"
176,Council|s|minutes/2023/2023-04-03/2023-04-04_city-council-meeting.md|9,1,,"Council Member Gerber moved to approve the following applications for the Historic District Grant Program 2023 Competitive Cycle: Silver King Coalition Hoist House, Thaynes Mine Hoist House, 1128 Park Avenue, 517 Park Avenue, and 22 Prospect Street"
177,Council|north norfolk plat amendment,1,North Norfolk Plat Amendment,"Council Member Dickey moved to re-open a public hearing on December 14, 2023 for the North Norfolk Plat Amendment - Ordinance No. 2023-54, an ordinance approving the North Norfolk Plat Amendment amending the Knudson Subdivision and Parcel SA- 200, and re-subdividing the vacant lots into four lots to allow four single-family dwellings - for public comment limited to those unable to provide online comment at the prior hearing on November 16, 2023"
178,Council|s|minutes/2023/2023-04-03/2023-04-04_city-council-meeting.md|12,1,,"Council Member Gerber moved to approve Ordinance 2023-15, an ordinance approving the First Restated Black Diamond Plat, located at 2280 Deer Valley Drive, Park City, Utah"
179,Council|s|minutes/2023/2023-04-24/2023-04-27_city-council-meeting.md|6,1,,"Council Member Doilney moved to approve Ordinance No. 2023-16, amending Land Management Code Sections 15-2.5-2 Historic Recreation Commercial Uses, 15-2.6-2 Historic Commercial Business Uses, 15-2.13-2 Residential Development Uses, 15-2.14- 2 Residential Development Medium Uses, 15- 2.16-2 Recreation Commercial Uses, 15- 2.17-2 Recreation Commercial Overlay Uses, 15-2.18-2 General Commercial Uses, and 15-15-1 Definitions, and repealing Section 15-4-23 Dwelling Unit, Fractional Use"
180,Council|s|minutes/2023/2023-04-24/2023-04-27_city-council-meeting.md|7,1,,"Council Member Doilney moved to approve Ordinance No. 2023-03, an ordinance approving a zoning map amendment to rezone a six-acre pod from Recreation and Open Space (ROS) to Estate (E) from a portion of PCA-S-79-C (Bransford Property, also known as the Logan Parcel), Park City, Utah, subject to subdivision plat approval by the City Council of Park City prior to April 27, 2025"
181,Council|s|minutes/2023/2023-04-24/2023-04-27_city-council-meeting.md|10,1,,"Council Member Dickey moved to continue Ordinance No. 2023-17, an ordinance amending Land Management Code Section 15-6-8 Unit Equivalents Regarding Support Commercial and Residential and Resort Accessory Uses for Master Planned Developments and Sections 15-2.17-2 Uses for the Recreation and Open Space Zoning District, 15-2.18-2 Uses for the General Commercial Zoning District, and 15-2.19-2 Uses for the Light Industrial Zoning District to clarify resort support commercial is allowed when approved as part of a master planned development to June 12, 2023"
182,Council|s|minutes/2023/2023-04-24/2023-04-27_city-council-meeting.md|11,1,,"Council Member Gerber moved to approve Ordinance No. 2023-18, an ordinance amending Land Management Code Section 15-3-9 Bicycle Parking Requirements"
183,Council|s|minutes/2023/2023-04-24/2023-04-27_city-council-meeting.md|12,1,,"Council Member Rubell moved to approve Ordinance No. 2023-19, an ordinance amending Land Management Code Chapter 15-2.21 Sensitive Land Overlay Zone Regulations and Section 15-15-1 Definitions"
184,Council|iron mountain drive plat amendment,1,Iron Mountain Drive Plat Amendment,"Council Member Doilney moved to approve Ordinance No. 2023-20, an ordinance approving the 2460 Iron Mountain Drive Plat Amendment, located at 2460 Iron Mountain Drive, Summit County, Park City, Utah"
185,Council|iron canyon drive plat amendment,1,Iron Canyon Drive Plat Amendment,"Council Member Dickey moved to approve Ordinance No. 2023-21, an ordinance approving the 2426 Iron Canyon Drive Plat Amendment, located at 2426 Iron Canyon Drive, Summit County, Park City, Utah"
186,Council|s|minutes/2023/2023-05-08/2023-05-11_city-council-meeting.md|5,1,,"Council Member Gerber moved to continue the review of the appeal of the Conditional Use Permit denial for the Washington School House, located at 543 Park Avenue, to become a minor hotel to June 15th"
187,Council|s|minutes/2023/2023-05-08/2023-05-11_city-council-meeting.md|10,1,,"Council Member Rubell moved to approve a professional services agreement for Land Management Code consultant services with Lisa Wise Consulting, not to exceed $258,915, in a form approved by the City Attorney"
188,Council|s|minutes/2023/2023-05-08/2023-05-11_city-council-meeting.md|11,1,,"Council Member Rubell moved to approve Ordinance 2023-25, an ordinance amending Title 3, Ethics, Chapter 3, Campaign Disclosure, of the Park City Municipal Code"
189,Council|s|minutes/2023/2023-05-29/2023-06-01_city-council-meeting.md|4,1,,"Council Member Gerber moved to approve Ordinance 2023-27, an ordinance amending Title 11-15, Park City Landscaping and Maintenance of Soil Cover, of the Municipal Code of Park City"
190,Council|s|minutes/2023/2023-06-12/2023-06-12_city-council-meeting.md|2,1,,"Council Member Doilney moved to continue Ordinance No. 2023-17, an ordinance amending Land Management Code Section 15-6-8 Unit Equivalents and Section 15-15- 1 Definitions regarding support commercial and residential and resort accessory uses for Master Planned Developments, uses for the Recreation Open Space, General Commercial, and Light Industrial Zoning Districts to August 22, 2023"
191,Council|s|minutes/2023/2023-06-12/2023-06-15_city-council-meeting.md|6,1,,"Council Member Dickey moved to continue the appeal of the Planning Commission's denial of the Washington School House Conditional Use Permit for a minor hotel, located at 543 Park Avenue to July 13, 2023"
192,Council|eagle way second amended plat amendment,1,Eagle Way Second Amended Plat Amendment,"Council Member Rubell moved to approve Ordinance No. 2023-29, an ordinance approving the Eagle Way Second Amended Plat Amendment, located at 1460 Eagle Way, Park City, Utah"
193,Council|s|minutes/2023/2023-06-12/2023-06-15_city-council-meeting.md|10,1,,"Council Member Rubell moved to approve Ordinance No. 2023-30, an ordinance amending Land Management Code Section 15-15-1 Definitions to comply with changes to state code"
194,Council|s|minutes/2023/2023-06-19/2023-06-22_city-council-meeting.md|12,1,,"Council Member Dickey moved to approve Ordinance 2023-33, an ordinance amending Section 13-1-1, Metered Service"
195,Council|s|minutes/2023/2023-07-03/2023-07-06_city-council-meeting.md|5,1,,"Council Member Gerber moved to continue the Deer Valley Development Company Petition for the City to vacate portions of right-of-way on Deer Valley Drive West and South, and to dedicate Doe Pass Road to the City, as part of the Snow Park Village Base Area MPD and Subdivision application to August 29"
196,Council|s|minutes/2023/2023-07-03/2023-07-06_city-council-meeting.md|7,1,,"Council Member Dickey moved to approve Ordinance 2023-34, an ordinance approving the Founders Place Condominiums - Phase II Plat, located at 3267 West Deer Hollow Road, Park City, Utah"
197,Council|s|minutes/2023/2023-07-10/2023-07-13_city-council-meeting.md|9,1,,"Council Member Toly moved to approve Ordinance 2023-35, an ordinance approving the Huntsman Estates First Amended Plat, located at 5000 Royal Street, Park City Utah"
198,Council|s|minutes/2023/2023-07-10/2023-07-13_city-council-meeting.md|10,1,,"Council Member Gerber moved to approve Ordinance No. 2023-36, amending Land Management Code Sections 15-1-8 Review Procedure under the Code and 15-1-18 Appeals"
199,Council|s|minutes/2023/2023-07-24/2023-07-27_city-council-meeting.md|5,1,,"Council Member Doilney moved to approve the Final Action Letter for the appeal of the Planning Commission's denial of the Washington School House Conditional Use Permit (CUP) for a minor hotel, located at 543 Park Avenue"
200,Council|s|minutes/2023/2023-07-24/2023-07-27_city-council-meeting.md|6,1,,"Council Member Doilney moved to authorize the City Manager to execute a design professional services addendum with Horrocks Engineers, Inc., in a form approved by the City Attorney, not to exceed $201,000 to provide right-of-way engineering services for Homestake Roadway reconstruction"
201,Council|s|minutes/2023/2023-08-21/2023-08-22_city-council-meeting.md|5,1,,"Council Member Dickey moved to continue Ordinance No. 2023-17, an ordinance 28 amending Land Management Code Section 15-6-8 Unit Equivalents and Section 15-15- 29 1 Definitions regarding Support Commercial and Residential and Resort Accessory 30 Uses for Master Planned Developments and Sections 15-2.7-2 Uses for the Recreation 31 and Open Space Zoning District, 15-2.18-2 Uses for the General Commercial Zoning 32 District, and 15-2.19-2 Uses for the Light Industrial Zoning District to Clarify Resort 33 Support Commercial is allowed when approved as part of a Master Planned 34 Development to Sep"
202,Council|deer valley drive plat amendment,1,Deer Valley Drive Plat Amendment,"Council Member Doilney moved to approve Ordinance No. 2023-38, an ordinance 5 approving the 395 Deer Valley Drive Plat Amendment, located at 395 Deer Valley Drive, 6 Park City, Utah"
203,Council|payday drive plat amendment,1,Payday Drive Plat Amendment,"Council Member Doilney moved to approve Ordinance No. 2023-40, an ordinance 10 approving the 2411 Country Lane and 28 Payday Drive Plat Amendment, located at 11 2411 Country Lane and 28 Payday Drive, Summit County, Park City, Utah. Council 12 Member Gerber seconded the motion. 13 RESULT: APPROVED"
204,Council|s|minutes/2023/2023-08-28/2023-08-29_city-council-meeting.md|4,1,,"Council Member Doilney moved to continue Ordinance 2023-41, an ordinance approving an extension of City Council's September 1, 2022, approval of Ordinance No. 2022-33, an Ordinance approving the Sommet Blanc Condominium Plat, located at 9300 Marsac Avenue, Park City, Utah"
205,Council|s|minutes/2023/2023-08-28/2023-08-29_city-council-meeting.md|5,1,,Council Member Gerber moved to approve the Iron Mountain open space donation initiated by Summit Land Conservancy and Iron Mountain Associates
206,Council|s|minutes/2023/2023-08-28/2023-08-29_city-council-meeting.md|7,1,,"Council Member Dickey moved to continue Deer Valley Development Company's petition for the City to vacate portions of right-of-way on Deer Valley Drive West and South, and to dedicate Doe Pass Road to the City, as part of the Snow Park Village Base Area Master Planned Development and Subdivision Application to September 28, 2023"
207,Council|s|minutes/2023/2023-09-11/2023-09-14_city-council-meeting.md|7,1,,"Council Member Doilney moved to approve Ordinance 2023-41, an Ordinance approving an extension of City Council's September 1, 2022, approval of Ordinance No. 2022-33, an ordinance approving the Sommet Blanc Condominium Plat, located at 9300 Marsac Avenue, Park City, Utah"
208,Council|studio crossing plat amendment,1,Studio Crossing Plat Amendment,"Council Member Rubell moved to approve Ordinance 2023-43, an ordinance approving the Studio Crossing Plat Amendment, Commercial Lots and Building Pods, amending Lot 1B, Park City Film Studios Fist Amended Subdivision, Park City, Utah"
209,Council|unit 70 plat amendment,1,Unit 70 Plat Amendment,"Council Member Dickey moved to approve Ordinance No. 2023-44, an ordinance approving the Snow Flower Condominiums Fifth Amended Plat amending Unit 70 Plat Amendment, located at 401 Silver King Drive, Unit 70, Park City, Utah"
210,Council|deer valley condo plat amendment,1,Deer Valley Condo Plat Amendment,"Council Member Dickey moved to approve Ordinance 2023-45, an ordinance approving the Fifth Amendment to Trail's End at Deer Valley Condo Plat Amendment, located at 2100 Deer Valley Drive, Park City, Utah"
211,Council|s|minutes/2023/2023-09-25/2023-09-28_city-council-meeting.md|6,1,,"Council Member Gerber moved to continue Deer Valley Development Company's petition for the City to vacate portions of right-of-way on Deer Valley Drive West and South, and to dedicate Doe Pass Road to the City, as part of the Snow Park Village Base Area Master Planned Development and Subdivision Application to November 2, 2023"
212,Council|s|minutes/2023/2023-09-25/2023-09-28_city-council-meeting.md|7,1,,"Council Member Doilney moved to deny Ordinance No. 2023-17, an ordinance amending Land Management Code Section 15-6-8 Unit Equivalents and Section 15-15- 1 Definitions Regarding Support Commercial and Residential and Resort Accessory Uses for Master Planned Developments and Sections 15-2.7-2 Uses for the Recreation and Open Space Zoning District, 15-2.18-2 Uses for the General Commercial Zoning District, and 15-2.19-2 Uses for the Light Industrial Zoning District to clarify resort support commercial is allowed when approved as part of a Master Planned Development"
213,Council|s|minutes/2023/2023-09-25/2023-09-28_city-council-meeting.md|9,1,,"Council Member Rubell moved to approve Ordinance 2023-46, an ordinance approving the Supplemental Snow Park Residences Condominium Plat, located at 2310 Deer Valley Drive East, Park City, Utah"
214,Council|unit 40 plat amendment,1,Unit 40 Plat Amendment,"Council Member Toly moved to approve Ordinance No. 2023-47, an ordinance approving The Resort Center Condominiums Phase 1B First Amended amending Unit 40 Plat Amendment, located at 2525 Fairway Village Drive, Summit County, Park City, Utah"
215,Council|s|minutes/2023/2023-10-23/2023-10-26_city-council-meeting.md|9,1,,"Council Member Dickey moved to approve Ordinance No. 2023-49, an ordinance amending the Land Management Code to shift final action for plats from the City Council to the Planning Commission, to require Planning Commission review for all Steep Slope Conditional Use Permits, and to update public notice requirements to align with Senate Bill 43"
216,Council|s|minutes/2023/2023-10-23/2023-10-26_city-council-meeting.md|10,1,,"Council Member Dickey moved to approve Ordinance No. 2023-50, an ordinance amending the Land Management Code to establish a maximum lot size for the Historic Residential Low - Density, Historic Residential - 1, Historic Residential - 2, and Historic Residential Medium Zoning Districts"
217,Council|s|minutes/2023/2023-10-30/2023-11-02_city-council-meeting.md|6,1,,"Council Member Doilney moved to continue the Deer Valley Development Company's petition for the City to vacate portions of right-of-way on Deer Valley Drive West and South, and to dedicate Doe Pass Road to the City, as part of the Snow Park Village Base Area Master Planned Development and Subdivision application to November 16, 2023"
218,Council|s|minutes/2023/2023-11-13/2023-11-16_city-council-meeting.md|5,1,,"Council Member Doilney moved to continue the Deer Valley Development Company's petition for the City to vacate portions of right-of-way on Deer Valley Drive West and South, and to dedicate Doe Pass Road to the City, as part of the Snow Park Village Base Area Master Planned Development and Subdivision Application to November 30, 2023"
219,Council|s|minutes/2023/2023-11-13/2023-11-16_city-council-meeting.md|8,1,,"Council Member Dickey moved to approve Ordinance No. 2023-53, an ordinance amending Land Management Code Section 15-5-5(N) Landscaping and Section 15-15- 1 Definitions"
220,RDA|s|minutes/2023/2023-11-27/2023-11-30_city-council-meeting.md|3,4,,Board Member Doilney moved to approve an amendment to a water supply agreement between Salt Lake City and Park City
221,Council|s|minutes/2023/2023-11-27/2023-11-30_city-council-meeting.md|13,1,,"Council Member Doilney moved to continue the Deer Valley Development Company, Inc. Petition to Vacate Public Right-Of-Way – Deer Valley Drive West and South Sections – The City Council Will Conduct a Public Hearing on the Vacation of City Right- of-Way (ROW) as it Pertains to Deer Valley’s Snow Park Base Redevelopment (2250 Deer Valley Drive South) to December 5, 2023"
222,Council|s|minutes/2023/2023-12-04/2023-12-05_city-council-meeting.md|6,1,,"Council Member Gerber moved to continue the Deer Valley Development Company, Inc. petition to vacate public right-of-way – Deer Valley Drive West and South Sections – the City Council will conduct a public hearing on the vacation of city right-of-way (row) as it pertains to Deer Valley’s Snow Park Base redevelopment (2250 Deer Valley Drive South) to December 14, 2023"
223,Council|s|minutes/2023/2023-12-11/2023-12-14_city-council-meeting.md|6,1,,"Council Member Gerber moved to approve an ordinance vacating a portion of Deer Valley Drive, Park City, Utah, as amended"
224,Council|s|minutes/2024/2024-01-29/2024-02-01_city-council-meeting.md|6,1,,"Council Member Dickey moved to deny Ordinance No. 2024-04, an ordinance approving Land Management Code amendments to prohibit nightly rentals in the Bald Eagle Club at Deer Valley"
225,Council|s|minutes/2024/2024-01-29/2024-02-01_city-council-meeting.md|8,1,,"Council Member Rubell moved to approve Ordinance No. 2024-02, an ordinance approving a zoning map amendment for one lot zoned Single-Family and Estate to Single-Family, including all of Lot EW-B-2AM located at 1460 Eagle Way, Park City, Utah"
226,Council|s|minutes/2024/2024-01-29/2024-02-01_city-council-meeting.md|10,1,,"Council Member Rubell moved to approve Ordinance No. 2024-03, an ordinance amending Land Management Code regulations for electric vehicle charging stations and subdivision review and to exclude the AMPD changes until those were included with other AMPD changes planned for the near future"
227,Council|s|minutes/2024/2024-02-12/2024-02-15_city-council-meeting.md|2,1,,"Council Member Rubell moved to approve Ordinance No. 2024-05, an ordinance amending Land Management Code Chapter 15-11 Historic Preservation and Chapter 15-13 Design Guidelines for Historic Districts and Historic Sites"
228,Council|s|minutes/2024/2024-03-04/2024-03-07_city-council-meeting.md|6,1,,Council Member Dickey moved to accept an annexation petition to bring 0.94 acres within the Thaynes Canyon neighborhood from unincorporated Summit County into District (2409 Iron Canyon Drive)
229,RDA|s|minutes/2024/2024-04-01/2024-04-04_city-council-meeting.md|8,4,,Board Member Rubell moved to waive the Park Meadows Country Club affordable housing requirement generated by a proposed maintenance building expansion project
230,RDA|s|minutes/2024/2024-04-01/2024-04-04_city-council-meeting.md|9,4,,"Board Member Rubell moved to continue the affordable housing mitigation plan proposed by Yarrow Hotel Owners, LLC to a date uncertain"
231,RDA|s|minutes/2024/2024-04-08/2024-04-11_city-council-meeting.md|5,4,,"Board Member Dickey moved to continue the consideration to purchase a property located at 1800 Homestake Road, #364-U to be used as affordable housing to a date uncertain"
232,Council|s|minutes/2024/2024-04-29/2024-05-02_city-council-meeting.md|7,1,,"Council Member Toly moved to approve a professional services agreement with Design Workshop, Inc. in an amount of $408,760 for consultant services to lead a comprehensive update to the Park City General Plan, and to survey residents using residential utility database phone and online interviews in the amount of $19,200 plus the additional incorporation fee"
233,HA|s|minutes/2024/2024-04-29/2024-05-02_city-council-meeting.md|9,2,,"Board Member Parigian moved to approve the City buying an affordable rental unit located at 1800 Homestake Road, #364-U and selling it at the affordable price for the tenant at $374,841"
234,Council|trails master plan,1,Trails Master Plan,"Council Member Dickey moved to approve Resolution 07-2024, a resolution replacing the existing Trails Master Plan with an updated 2024 version"
235,Council|s|minutes/2024/2024-05-13/2024-05-16_city-council-meeting.md|9,1,,"Council Member Parigian moved to continue Ordinance No. 2024-09, an ordinance amending Land Management Code Chapters 15-2.4, 15-2.5, 15-2.6, 15-2.18, 15-2.19, 15-2.20, Sections 15-2.20-5, 15-15-1, and enacting Section 15-4-24 to allow public transit amenities to be constructed and maintained in setbacks to a date uncertain"
236,Council|s|minutes/2024/2024-05-13/2024-05-16_city-council-meeting.md|11,1,,"Council Member Dickey moved to approve Ordinance No. 2024-09, an ordinance amending Land Management Code Chapters 15-2.4, 15-2.5, 15-2.6, 15-2.18, 15-2.19, 15-2.20, Sections 15-2.20-5, 15-15-1, and enacting Section 15-4-24 to allow public transit amenities to be constructed and maintained in setbacks"
237,Council|s|minutes/2024/2024-05-13/2024-05-16_city-council-meeting.md|12,1,,"Council Member Dickey moved to approve Ordinance No. 2024-09, an ordinance amending Land Management Code Chapters 15-2.4, 15-2.5, 15-2.6, 15-2.18, 15-2.19, 15-2.20, Sections 15-2.20-5, 15-15-1, and enacting Section 15-4-24 to allow public transit amenities to be constructed and maintained in setbacks with amendment 15.2.18 and 15.2.0 with amendments as discussed to Sections 15-2.18, 15-2.20, 15-2.20-5, 15- 15-1, and enacting 15-4-24"
238,Council|s|minutes/2024/2024-05-20/2024-05-23_city-council-meeting.md|6,1,,"Council Member Ciraco moved to approve Ordinance No. 2024-10, an ordinance amending the Land Management Code residential maximum lot size for the Recreation Commercial Zoning District"
239,Council|s|minutes/2024/2024-05-20/2024-05-23_city-council-meeting.md|7,1,,"Council Member Ciraco moved to approve Ordinance No. 2024-11, an ordinance enacting Land Management Code Section 15-13-10 Standards for Temporary Structures in Historic Districts and amending Section 15-15-1 Definitions regarding temporary structures in historic districts"
240,Council|s|minutes/2024/2024-06-17/2024-06-20_city-council-meeting.md|6,1,,"Council Member Dickey moved to authorize the City Manager to execute the first amendment to the design professional service agreement, in a form approved by the City Attorney, with Sparano + Mooney Architects in an amount not to exceed $954,562 for a total contract not to exceed $1,051,087 for design services to replace the recreation building in City Park"
241,Council|bonanza park small area plan,1,Bonanza Park Small Area Plan,"Council Member Rubell moved to approve Ordinance No. 2024-17, an ordinance adopting the Bonanza Park Small Area Plan as a modification to the Park City General Plan, with the modification of removing the reference to the consultant names in the ordinance"
242,Council|s|minutes/2024/2024-07-08/2024-07-11_city-council-meeting.md|6,1,,"Council Member Toly moved to approve Ordinance 2024-15, an ordinance amending Title 2 of the Municipal Code of Park City, Utah to include Chapter 7, Donations to City"
243,Council|s|minutes/2024/2024-10-21/2024-10-24_city-council-meeting.md|6,1,,"Council Member Ciraco moved to approve Ordinance 2024-19, an ordinance amending Title 11-15, Park City Landscaping and Maintenance of Soil Cover, of the Municipal Code of Park City"
244,Council|s|minutes/2024/2024-12-09/2024-12-12_city-council-meeting.md|6,1,,"Council Member Dickey moved to approve Ordinance 2024-21, an ordinance amending Resort Support Commercial in Land Management Code Sections 15-2.18-2 Uses for the General Commercial and 15-2.19-2 Uses for the Light Industrial Zoning Districts, and amending Accessory Uses in Master Planned Developments in Section 15-6-4(I) Development Agreements, Section 15-6-6 Required Findings and Conclusions of Law, Section 15-6-8 Unit Equivalents, and Section 15-15-1 Definitions, as in the packet which didn’t include chains, and adopt the revised definitions but remove the words “generally” and “often”"
245,Council|s|minutes/2024/2024-12-09/2024-12-12_city-council-meeting.md|9,1,,"Council Member Dickey moved to approve Ordinance No. 2024-20, an ordinance amending Title 13, Water and Stormwater Code-4, Regulation and Enforcement of Stormwater Discharges Associated with Construction Activities"
246,HA|s|minutes/2024/2024-12-09/2024-12-12_city-council-meeting.md|10,2,,"Board Member Dickey moved to approve an amendment to the Founder’s Place Affordable Housing Mitigation Plan, a ski-in-ski-out condo development in Deer Crest of four buildings totaling 78 units"
247,Council|s|minutes/2024/2024-12-16/2024-12-19_city-council-meeting.md|7,1,,"Council Member Dickey moved to approve Ordinance No. 2024-22, an ordinance approving the annexation of a 0.94-acre parcel (Parcel SS-104-B) within the Thaynes neighborhood to create one lot for one single-family dwelling and affordable accessory apartment and a zoning map amendment to zone the parcel Single Family and Sensitive Land Overlay with Fact #10 as proposed"
248,Council|s|minutes/2025/2025-01-06/2025-01-09_city-council-meeting.md|7,1,,Council Member Rubell moved to approve the 2025 Legislative Policy Platform with the amendment to add Council Member Ciraco to the policy team
249,HA|s|minutes/2025/2025-01-06/2025-01-09_city-council-meeting.md|11,2,,Board Member Dickey moved to approve the Housing Mitigation Plan for the City Park Community Center
250,Council|s|minutes/2025/2025-02-03/2025-02-06_city-council-meeting.md|6,1,,"Council Member Parigian moved to continue the Treasure Hill Conservation Easement discussion to March 27, 2025"
251,HA|s|minutes/2025/2025-02-03/2025-02-06_city-council-meeting.md|7,2,,Board Member Dickey moved to approve completing the Phase Four attainable units by Member Toly seconded the motion
252,Council|s|minutes/2025/2025-02-24/2025-02-27_city-council-meeting.md|5,1,,"Council Member Rubell moved to approve Ordinance No. 2025-02, an ordinance amending Section 2-8-19, Nonprofit Services Advisory Committee, of the Municipal Code of Park City"
253,Council|s|minutes/2025/2025-02-24/2025-02-27_city-council-meeting.md|6,1,,"Council Member Parigian moved to approve Ordinance 2025-03, an ordinance approving an extension to the sunset clause and to amend Conditions of Approval 3,4,7, and 8 for Ordinance 2023-03 to rezone a six-acre pod from Recreation and Open Space to Estate within Parcel PCA-S-79-C (Bransford Parcel) with the amendment to Condition of Approval 2 to read “except for any approved tipping sites.”"
254,Council|s|minutes/2025/2025-03-17/2025-03-20_city-council-meeting.md|7,1,,"Council Member Toly moved to repeal Resolution 23-2024 in its entirety and to approve Ordinance No. 2025-04, an ordinance amending Section 2-8-21, Public Art Advisory Board, of the Park City Code"
255,Council|s|minutes/2025/2025-03-24/2025-03-27_city-council-meeting.md|7,1,,Council Member Parigian moved to adopt the Treasure Hill Conservation Easement with the noted amendments in a form approved by the City attorney
256,Council|s|minutes/2025/2025-04-21/2025-04-24_city-council-meeting.md|9,1,,"Council Member Toly moved to continue the proposed Bonanza Park Land Management Code amendments discussion to May 22, 2025"
257,Council|flagstaff mountain to allow for seven residential units as amended,1,Flagstaff Mountain to allow for seven residential units as amended,"Council Member Rubell moved to approve Ordinance 2025-05, an ordinance approving modifications to the master planned development and development agreement for Flagstaff Mountain to allow for seven residential units as amended"
258,Council|city park subdivision,1,City Park Subdivision,"Council Member Parigian moved to approve Ordinance 2025-07, an ordinance approving a vacation of right-of-way for a 21,775-square foot portion of Eastern Avenue within Lot 1 of the City Park Subdivision and a 4,631-square foot portion of Calhoun/13th Street within Lot 2 of the City Park Subdivision"
259,Council|s|minutes/2025/2025-05-12/2025-05-15_city-council-meeting.md|8,1,,"Council Member Dickey moved to approve Ordinance No. 2025-08, an ordinance amending the Municipal Code of Park City Title 15, Chapter 1, Sections 8, 18, and 21, regarding Land Use Appeal Authorities"
260,Council|s|minutes/2025/2025-05-19/2025-05-22_city-council-meeting.md|6,1,,"Council Member Dickey moved to continue the proposed Bonanza Park Land Management Code Amendments discussion to July 10, 2025"
261,Council|s|minutes/2025/2025-06-02/2025-06-05_city-council-meeting.md|6,1,,"Council Member Dickey moved to approve Ordinance No. 2025-11 amending the Land Management Code to address radon mitigation retrofits, childcare facility updates, steep slope conditional use permit updates, materials and opacity for new residential structures in historic districts, residential driveway widths in non-historic districts, and changes to comply with state code"
262,Council|s|minutes/2025/2025-06-09/2025-06-12_city-council-meeting.md|9,1,,"Council Member Parigian moved to approve Resolution No. 13-2025, a resolution adopting a 2025 amendment to the 2022 Five-Year Moderate-Income Housing Plan as an amendment to the housing element of the General Plan for Park City, Utah, as amended"
263,Council|s|minutes/2025/2025-07-07/2025-07-10_city-council-meeting.md|8,1,,"Council Member Dickey moved to authorize the exclusive negotiation agreement with Brinshore Development, LLC, in a form approved by the City Attorney, to proceed in good faith to negotiate pre-development and development agreements to support the Bonanza 5-Acre Site Redevelopment Partnership as amended"
264,Council|s|minutes/2025/2025-07-07/2025-07-10_city-council-meeting.md|9,1,,"Council Member Ciraco moved to approve Ordinance No. 2025-16, an ordinance amending Title 13, Chapter 4, Regulation and Enforcement of Stormwater Discharges associated with construction activities"
265,Council|s|minutes/2025/2025-07-07/2025-07-10_city-council-meeting.md|10,1,,"Council Member Ciraco moved to approve Ordinance 2025-17, an ordinance amending Title 2, Chapter 4, Section 11 of the Park City Code, related to the responsibilities and authority of the City Engineer, with the amendment to define minor encroachments as radiant, mailboxes, and natural vegetation for the City Engineer. Robertson preferred the term landscaping over natural vegetation. Matt Dias stated the Council could approve the code cleanup and then the City Engineer could come back with a revision to define these things. Staff could include some of the Council in their efforts to define thes"
266,Council|s|minutes/2025/2025-07-07/2025-07-10_city-council-meeting.md|15,1,,"Council Member Ciraco moved to continue Ordinance No. 2025-18, an ordinance rezoning approximately 70 acres between Park Avenue, Kearns Boulevard, Bonanza Drive, and Deer Valley Drive from General Commercial and Light Industrial to Bonanza Park Mixed-Use District, enacting Land Management Code Chapter 15-2.27 to implement the Bonanza Park Small Area Plan, updating the Frontage Protection Zone to enhance the City’s entry corridors, updating Chapter 15-6.1 to allow Affordable Master Planned Developments in the Bonanza Park Mixed-Use District, and amending Section 15-15-1 to define key terms to t"
267,Council|s|minutes/2025/2025-08-11/2025-08-14_city-council-meeting.md|6,1,,"Council Member Dickey moved to approve Ordinance 2025-18, an ordinance amending Ordinance 2024-22, approving the annexation of approximately 0.94 acres known as the Robbins Parcel located in the Thaynes Neighborhood to modify the effective date and update the legal description of the annexation parcel"
268,Council|s|minutes/2025/2025-08-25/2025-08-26_city-council-meeting.md|4,1,,"Council Member Ciraco moved to continue Ordinance No. 2025-19, an ordinance rezoning approximately 70 acres between Park Avenue, Kearns Boulevard, Bonanza Drive, and Deer Valley Drive from General Commercial and Light Industrial to Bonanza Park Mixed-Use District, enacting Land Management Code Chapter 15-2.27 to implement the Bonanza Park Small Area Plan, updating the Frontage Protection Zone to Enhance the City's Entry Corridors, updating Chapter 15-6.1 to allow Affordable Master Planned Developments in the Bonanza Park Mixed-Use District, and amending Section 15-15-1 to define key terms, to "
269,Council|s|minutes/2025/2025-08-25/2025-08-26_city-council-meeting.md|5,1,,"Council Member Toly moved to authorize the City Manager to execute an agreement with Sparano + Mooney Architecture, Inc., not to exceed $122,550.00, in a form approved by the City Attorney’s Office, for senior center design services"
270,Council|s|minutes/2025/2025-09-01/2025-09-04_city-council-meeting.md|1,1,,"Board Member Dickey moved to approve a utility easement for Summit County Service Area #3 on Parcel #SA-21-A-X in Park City, Utah, and to include a reverter clause and other language to support that direction"
271,Council|s|minutes/2025/2025-09-22/2025-09-25_city-council-meeting.md|5,1,,"Council Member Ciraco moved to approve Ordinance No. 2025-20, an ordinance amending Title 2, Chapter 4, Section 11 of the Park City Code, related to the Responsibilities and Authority of the City Engineer"
272,Council|s|minutes/2025/2025-09-22/2025-09-25_city-council-meeting.md|6,1,,"Council Member Rubell moved to approve Ordinance No. 2025-21, an ordinance adopting the 2025 Park City General Plan, a comprehensive update to the 2014 General Plan, with amendments to Section C - in broadening references specific to Old Town to the entire community, Section W - adding “habitat” alongside wildlife corridors, and changing the reference of Library Park to Library Field"
273,Council|s|minutes/2025/2025-11-03/2025-11-06_city-council-meeting.md|11,1,,"Council Member Dickey moved to continue the Clark Ranch Conservation Easement to a date uncertain, but to come back before the end of the year"
274,Council|s|minutes/2025/2025-11-17/2025-11-18_city-council-meeting.md|5,1,,"rict, enacting Land Management Code Chapter 15-2.27 to implement the Bonanza Park Small Area Plan, updating the Frontage Protection Zone to enhance the City's entry corridors, updating Chapter 15-6.1 to allow Affordable Master Planned Developments in the Bonanza Park Mixed-Use District, and amending Section 15-15-1 to define key terms to a date uncertain. Council Member Dickey seconded the motion."
275,Council|s|minutes/2025/2025-11-17/2025-11-18_city-council-meeting.md|6,1,,"Council Member Ciraco moved to approve Resolution 26-2025, a resolution authorizing the Mayor to execute the Project Partnership Agreement, contemplated in the Valley Resort"
276,Council|s|minutes/2025/2025-11-17/2025-11-18_city-council-meeting.md|7,1,,Council Member Ciraco moved to continue an encroachment agreement for a fence within the right-of-way at 1304 Park Avenue to a date uncertain
277,Council|chapters 15 8 annexation,1,Chapters 15-8 Annexation,"Council Member Dickey moved to approve Ordinance No. 2025-23 amending the Land Management Code Sections 15-1-8 Review Procedure Under the Code, 15-1-12 Notice, 15-1-21 Notice Matrix, 15-15-1 Definitions and Chapters 15-8 Annexation and 15-10 Board of Adjustment to Comply with Changes to State Code, and Section 15-1-12.5 Continuations"
278,Council|s|minutes/2025/2025-12-15/2025-12-18_city-council-meeting.md|5,1,,"Council Member Toly moved to adopt the Clark Ranch conservation easement as updated on November 6, 2025, with the amendment that we add the same level of open space protections and intent onto an additional five acres to happen in 2026"
279,Council|culture master plan,1,Culture Master Plan,"Council Member Zegarra moved to approve Resolution 01-2026, a resolution approving the Park City and Summit County Arts and Culture Master Plan"
280,Council|s|minutes/2026/2026-01-12/2026-01-15_city-council-meeting.md|5,1,,"Council Member Ciraco moved to approve Resolution 03-2026, a resolution approving the proposed Consent Agreement from Pesky Porcupine, LLC, regarding Pending Third District Court Case Nos. 240500344, 240500559, and 240500569 (consolidated into 240500559), regarding land use approvals for a single-family house at 220 King Road in"
281,Council|fj gillmor subdivision,1,FJ Gillmor Subdivision,"Council Member Zegarra moved to approve the conveyance agreement, in a form approved by the City Attorney’s Office, to acquire Lot 4 of the FJ Gillmor Subdivision from Summit County in exchange for Park City’s waiver and release of the “up-to-10- acre obligation” from the 2017 Open Space Cooperation Agreement"
282,Council|s|minutes/2026/2026-02-02/2026-02-03_city-council-meeting.md|9,1,,"Council Member Toly moved to approve Ordinance No. 2026-03, an ordinance amending Land Management Code Chapters 15-2.4 Historic Residential – Medium Density District, 15-2.5 Historic Recreation Commercial District, 15-2.10 Estate District, 15-2.13 Residential Development District, 15-2.16 Recreation Commercial District, and Section 15-4-24 Public Transit Amenity Areas, to allow public transit amenity areas to be constructed and maintained in setbacks"
283,Council|s|minutes/2026/2026-02-23/2026-02-26_city-council-meeting.md|5,1,,Council Member Toly moved to approve an encroachment agreement for both the wall and the fence as built in the right-of-way on 2166 Comstock Drive
284,Council|s|minutes/2026/2026-04-06/2026-04-09_city-council-meeting.md|6,1,,"Council Member Toly moved to approve Ordinance 2026-05, an ordinance amending Title 2, Chapter 4, Section 11 of the Park City Code, related to the responsibilities and authority of the City Engineer"
285,RDA|s|minutes/2026/2026-05-04/2026-05-07_city-council-meeting.md|9,4,,"Board Member Miller moved to authorize the Chair of the Park City Redevelopment Agency to grant easements, in a form approved by the City Attorney’s Office, for transit improvements and operations"
286,Council|s|minutes/2026/2026-05-18/2026-05-21_city-council-meeting.md|5,1,,"Council Member Toly moved to authorize the City Manager to execute a task order with B. Hansen Construction, Inc., in a form approved by the City Attorney’s Office, not to exceed $165,858.00 for the construction of Purple Route Eastbound Empire Shelter and Parking Signage Improvements Project with the caveat that the team will work with Wendy Fisher, Luke Cartin and Diego Zegarra on ensuring the signs that are in the Wasatch County portion match the conservation easement and the plan that was put in place with Utah Open Lands"
287,Council|s|minutes/2026/2026-06-01/2026-06-04_city-council-meeting.md|7,1,,"Council Member Zegarra moved to approve Ordinance No. 2026-14, an ordinance amending Title 12 of the Municipal Code of Park City to allow temporary leasing signs for new developments"
288,Council|pinnacle subdivision,1,Pinnacle Subdivision,"Council Member Ciraco moved to authorize the City Manager to execute a construction agreement, in a form approved by the City Attorney, with Silver Spur Construction not to exceed $1,334,150.00 to construct the Pinnacle Subdivision Waterline Replacement Project"
289,Council|s|minutes/2026/2026-06-22/2026-06-25_city-council-meeting.md|8,1,,"Council Member Toly moved to approve Ordinance 2026-16, an ordinance amending Title 2, Chapter 8, Section 18 of the Park City Code, related to the Neighborhoods First Streets Committee"
290,Council|s|minutes/2026/2026-06-22/2026-06-25_city-council-meeting.md|12,1,,"Council Member Parigian moved to approve Ordinance 2026-17, an ordinance adopting the 2024 Water Impact Fee Facilities Plan, the 2024 Water Impact Fee Analysis, and amending Title 11, Chapter 13, Sections 1 and 2 of the Park City Code related to Water Impact Fees"
291,PlanningCommission|s|minutes/2020/2020-01-06/2020-01-08_planning-commission-meeting.md|2,3,,"forward a POSITIVE recommendation to the City Council on January 16, 2020 for the proposed LMC Amendments with the following modifications: to consider 20% open space with 10% of that amount as defined usable open space; with direction to the Staff to provide additional definitions identifying specific types of usable open space; and to include the addition of Subsection g) and the change to replace off-site with on-site in the language"
292,PlanningCommission|s|minutes/2020/2020-01-06/2020-01-08_planning-commission-meeting.md|3,3,,"APPROVE the Conditional Use Permit for a nightly rental at 158 Ridge Avenue, based on the Findings of Fact, Conclusions of Law, and Conditions of Approval found in the Staff report and as amended with the change to Condition of Approval #13, that contact information shall be posted in the entry of the home and included in the lease"
293,PlanningCommission|continue 1274 park avenue plat amendment,3,CONTINUE 1274 Park Avenue Plat Amendment,CONTINUE 1274 Park Avenue Plat Amendment to a date uncertain
294,PlanningCommission|s|minutes/2020/2020-01-06/2020-01-08_planning-commission-meeting.md|5,3,,"Commissioner moved to forward a POSITIVE recommendation to the City Council for the plat amendment for 2784 American Saddler Drive, based on the Findings of Fact, Conclusions of Law, and Conditions of Approval found in the Staff report and as amended with the change to Condition #5 to add “or new structure” after the words existing structure. Commissioner Van Dine seconded the motion."
295,PlanningCommission|s|minutes/2020/2020-01-06/2020-01-08_planning-commission-meeting.md|6,3,,"forward a POSITIVE recommendation to the City Council for the plat amendment for 7058 Silver Lake Drive, based on the Findings of Fact, Conclusions of Law, and Conditions of Approval as outlined in the draft ordinance"
296,PlanningCommission|empire avenue subdivision,3,Empire Avenue Subdivision,"CONTINUE the 802 Empire Avenue Subdivision to February 12, 2020"
297,PlanningCommission|s|minutes/2020/2020-01-06/2020-01-08_planning-commission-meeting.md|8,3,,"CONTINUE 802 Empire Avenue Conditional Use Permit to February 12, 2020"
298,PlanningCommission|park avenue plat amendment,3,Park Avenue Plat Amendment,"forward a positive recommendation on the 402 Park Avenue Plat Amendment for City Council’s consideration on November 11, 2021, subject to the following: Findings of Fact 1. On September 22, 2021, the Planning Department received a complete Plat Amendment Application. 2. The property is located at 402 Park Avenue. 3. 402 Park Avenue is described by metes and bounds and includes Lots 31 and 32, Block 10, the Park City Survey. PC-162-A. 4. 402 Park Avenue was constructed across Lot lines. 5. The current configuration of these lots has been in place since 1899. 6. Prior to 1979, 402 Park Avenue wa"
299,PlanningCommission|alice claim subdivision,3,Alice Claim Subdivision,"APPROVE 103 Alice Court – Steep Slope Conditional Use Permit, based on the Findings of Fact, Conclusions of Law, and Conditions of Approval outlined in the Draft Final Action Letter as follows: Findings of Fact 1. The Site is located at 103 Alice Court, Lot 6 of the Alice Claim Subdivision, and is a vacant lot. 2. The Site is located within the Historic Residential – 1 (HR-1) Zoning District. 3. The Applicant proposes construction of a new Single-Family Dwelling (SFD) on the vacant lot. 4. The new SFD proposes an excess of 200 square feet located on an existing Slope of thirty percent (30%) or"
300,PlanningCommission|daly avenue plat amendment,3,Daly Avenue Plat Amendment,"forward a POSITIVE recommendation to the City Council for 182 and 184 Daly Avenue Plat Amendment based on the Findings of Fact, Conclusions of Law, and Conditions of Approval found in the draft ordinance and as amended per the discussion this evening"
301,PlanningCommission|s|minutes/2020/2020-01-20/2020-01-22_planning-commission-meeting.md|4,3,,"forward a POSITIVE recommendation to the City Council to Repeal LMC Codes Section 15-3-5, Driveway Standards for Private Driveways Within Platted, Unbuilt City Street; with an additional recommendation for a mechanism that allows the Planning Commission the opportunity to review encroachment agreements; and a recommendation to carefully consider the public notice process"
302,PlanningCommission|s|minutes/2020/2020-02-10/2020-02-12_planning-commission-meeting.md|2,3,,"forward a POSITIVE recommendation to the City Council for the proposed amendment to the LMC 15-7.1-7, Signatures and Recording of the Plat, for the City Council to consider on March 5, 2020 as outlined in the draft ordinance"
303,PlanningCommission|s|minutes/2020/2020-02-10/2020-02-12_planning-commission-meeting.md|3,3,,"forward a POSITIVE recommendation to the City Council for the Land Management Code Amendment to 15-11-12.5, Historic Preservation Board Review of Material Deconstruction, for the City Council to consider on February 27, 2020 as outlined in the draft ordinance"
304,PlanningCommission|s|minutes/2020/2020-02-10/2020-02-12_planning-commission-meeting.md|4,3,,"CONTINUE the Conditional Use Permit for 445 King Road to March 25, 2020"
305,PlanningCommission|s|minutes/2020/2020-02-10/2020-02-12_planning-commission-meeting.md|6,3,,"CONTINUE the Conditional Use Permit for 802 Empire Avenue to April 8, 2020, with the same comments stipulated to in the Subdivision Continuance, with the addition of resolving the power pole question"
306,PlanningCommission|s|minutes/2020/2020-03-09/2020-03-11_planning-commission-meeting.md|2,3,,CONTINUE the 2080 Gold Dust Lane and 2211 Sidewinder Drive zone change application to a date uncertain
307,PlanningCommission|s|minutes/2020/2020-03-09/2020-03-11_planning-commission-meeting.md|3,3,,"forward a POSITIVE recommendation to the City Council for the plat amendment for 962 Woodside Avenue and 968 Woodside Avenue based on the Findings of Fact, Conclusions of Law, and Conditions of Approval found in the draft ordinance as amended, with the addition of a condition of approval that the structure be limited to a single-family home, and with the additional findings as suggested by the City Attorney"
308,PlanningCommission|s|minutes/2020/2020-03-09/2020-03-11_planning-commission-meeting.md|4,3,,"APPROVE the modification to the existing Conditional Use Permit for the Deer Crest Club, 2300 Deer Valley Drive East, 1) to 2. expand the maximum membership of the club from 195 to 290 members; 2) to allow space in the Phase 2 Building under construction to be used as club facilities. .2"
309,PlanningCommission|s|minutes/2020/2020-03-09/2020-03-11_planning-commission-meeting.md|5,3,,forward a POSITIVE recommendation to the City Council to remove the requirement that solar energy systems are at least 1-foot from the eave of the roof by amending LMC 15-5-5(G)(3)(b)
310,PlanningCommission|s|minutes/2020/2020-04-20/2020-04-22_planning-commission-meeting.md|2,3,,CONTINUE the Work Session for the Land Management Code Amendments to a date uncertain
311,PlanningCommission|s|minutes/2020/2020-04-20/2020-04-22_planning-commission-meeting.md|3,3,,CONTINUE the Amendments to streamline the Appeals and Variance Process to a date uncertain
312,PlanningCommission|s|minutes/2020/2020-04-20/2020-04-22_planning-commission-meeting.md|4,3,,"APPROVE the proposed Conditional Use Permit for 445 King Road in the Estate District, in accordance with the Findings of Fact, Conclusions of Law, and Conditions of Approval as outlined in the Staff report"
313,PlanningCommission|s|minutes/2020/2020-04-20/2020-04-22_planning-commission-meeting.md|5,3,,"forward a POSITIVE recommendation to the City Council for the plat amendment for 1209 Park Avenue, based on the Findings of Fact, Conclusions of Law, and Conditions of Approval as found in the draft ordinance"
314,PlanningCommission|s|minutes/2020/2020-04-20/2020-04-22_planning-commission-meeting.md|7,3,,"forward a POSITIVE recommendation to the City Council for 2290 Deer Valley Drive East Condominium Plat, based on the Findings of Fact, Conclusions of Law, and Conditions of Approval contained in the draft ordinance, with the amendment to forward additional information to the City Council as requested by"
315,PlanningCommission|s|minutes/2020/2020-05-11/2020-05-13_planning-commission-meeting.md|2,3,,"CONTINUE 84 Daly Avenue Steep Slope Conditional Use Permit to May 27, 2020"
316,PlanningCommission|norfolk avenue plat amendment,3,Norfolk Avenue Plat Amendment,"forward a POSITIVE recommendation to the City Council for the 1121 Norfolk Avenue Plat Amendment based on the Findings of Fact, Conclusions of Law, and Conditions of Approval as found in the draft ordinance"
317,PlanningCommission|s|minutes/2020/2020-05-11/2020-05-13_planning-commission-meeting.md|5,3,,"CONTINUE the 802 Empire Avenue subdivision to June 10, 2020"
318,PlanningCommission|s|minutes/2020/2020-05-11/2020-05-13_planning-commission-meeting.md|6,3,,"CONTINUE the conditional use permit for the construction of a shared driveway over a platted unbuilt City street at 802 Empire Avenue to June 10, 2020"
319,PlanningCommission|s|minutes/2020/2020-05-25/2020-05-27_planning-commission-meeting.md|2,3,,"APPROVE the application for a Steep Slope Conditional Use Permit for the property located at 84 Daly Avenue, based on the Findings of Fact, Conclusions of Law, and Conditions of Approval found in the Staff report"
320,PlanningCommission|s|minutes/2020/2020-05-25/2020-05-27_planning-commission-meeting.md|3,3,,ADOPT the 2019 Flagstaff Mountain Resort Historic Preservation Plan Update as an addendum to Technical Report #6 of the Amended and Restated Development Agreement for Flagstaff Mountain dated 2007
321,PlanningCommission|royal street subdivision,3,Royal Street Subdivision,"forward a POSITIVE recommendation to .1 the City Council for the 5000 Royal Street Subdivision for consideration at their June 25th meeting, in accordance with the Findings of Fact, Conclusions of Law, and Conditions of Approval found in the draft ordinance and as amended this evening and renumbered"
322,PlanningCommission|s|minutes/2020/2020-06-08/2020-06-10_planning-commission-meeting.md|2,3,,"forward a POSITIVE recommendation to the City Council for the 1162 Woodside plat amendment, based on the Findings of Fact, Conclusions of Law, and Conditions of Approval found in the draft ordinance"
323,PlanningCommission|s|minutes/2020/2020-06-08/2020-06-10_planning-commission-meeting.md|3,3,,"forward a POSITIVE recommendation to the City Council for their consideration on July 9, 2020 of the Municipal and Land Management Code Amendments regarding Wildland Urban Interface in Municipal Code 6. Title 11 Sections 11-21-1 The 2006 Utah Wildland-Urban Interface Code, 11-21-2 Land Subject to Utah Wildland-Urban Interface Code, 11-21-3, Violations; Title 14 Section 14-1-5 Regulations for Planting Trees and Landscaping in the City’s Right-of-Way; and Land Management Code Title 15 Sections 15-2.21-3 Sensitive Lands Overlay Zone, 15- 5-1 Architectural Review Policy and Purpose, 15-5-5 Archite"
324,PlanningCommission|s|minutes/2020/2020-06-08/2020-06-10_planning-commission-meeting.md|4,3,,RATIFY the amended Development Agreement for the Intermountain Healthcare Master Planned Development; and Amend the Master Planned Development Condition of Approval #11 regarding the housing mitigation plan
325,PlanningCommission|s|minutes/2020/2020-06-08/2020-06-10_planning-commission-meeting.md|5,3,,"forward a POSITIVE recommendation to the City Council for their consideration on July 9, 2020 for the condominium plat .2 amendment located at the Alpine Retreat, in accordance with the Findings of Fact, Conclusions of Law, and Conditions of Approval outlined in the draft ordinance"
326,PlanningCommission|s|minutes/2020/2020-06-08/2020-06-10_planning-commission-meeting.md|6,3,,"forward a POSITIVE recommendation to the City Council for their consideration on July 9, 2020 for the 2-lot subdivision at 802 Empire Avenue, based on the Findings of Fact, Conclusions of Law, and Conditions of Approval found in the draft ordinance and as amended to add Conditions #14 and #15 per the discussion this evening. The Planning Commission also recommends further Page 51 consideration of the potential stairway location by the City Council"
327,PlanningCommission|s|minutes/2020/2020-06-08/2020-06-10_planning-commission-meeting.md|7,3,,"APPROVE the conditional use permit for construction of a shared private driveway over a platted unbuilt City street at 802 Empire Avenue, based on the Findings of Fact, Conclusions of Law, and Conditions of Approval found in the Staff report"
328,PlanningCommission|s|minutes/2020/2020-06-22/2020-06-24_planning-commission-meeting.md|2,3,,"APPROVE the 1162 Woodside Avenue conditional use permit for the construction of a basement addition using the footprint of Page 21 the existing historic structure located within the building setback with a slight encroachment, based upon the amended Findings of Fact, Conclusions of Law, and Conditions of Approval found in the Staff report"
329,PlanningCommission|s|minutes/2020/2020-06-22/2020-06-24_planning-commission-meeting.md|3,3,,"forward a POSITIVE recommendation to the City Council regarding the proposed Land Management Code Amendment concerning mailed notice in postcard form for City Council to consider on July 9, 2020"
330,PlanningCommission|s|minutes/2020/2020-07-06/2020-07-08_planning-commission-meeting.md|2,3,,make a formal determination that the applicant’s submittal meets the definition of substantive modification as defined by LMC-15-6-4(I)
331,PlanningCommission|s|minutes/2020/2020-07-06/2020-07-08_planning-commission-meeting.md|3,3,,"forward a POSITIVE recommendation to the 2. City Council for their consideration on July 30, 2020 to amend the Sign Code and Land Management Code as outlined in the draft ordinance"
332,PlanningCommission|s|minutes/2020/2020-07-06/2020-07-08_planning-commission-meeting.md|4,3,,"forward a POSITIVE recommendation to the City Council regarding the proposed nightly rental zone text amendments for the Western HRL zone, implementing Option 2 outlined in the Staff report, and changing the recommendation for all-wheel or four-wheel drive to a requirement for all-wheel or four-wheel drive for City Council consideration on July 30, 2020"
333,PlanningCommission|s|minutes/2020/2020-07-06/2020-07-08_planning-commission-meeting.md|5,3,,"forward a POSITIVE recommendation to the City Council to 1) approve the new UPZ zoning ordinance, adding setback and height provisions equivalent to LMC 15-2.7-3 and 15-2.7-4; and 2) for a zoning map amendment to implement the UPZ zone for five City parks as outlined by the Staff report and found in the draft ordinance"
334,PlanningCommission|s|minutes/2020/2020-07-06/2020-07-08_planning-commission-meeting.md|6,3,,forward a POSITIVE recommendation to the City Council for the LMC Code Amendment to LMC 15-2.13-2 to prohibit nightly rentals in the Meadows Estates Subdivision #1A and #1B. Commissioner Suesser. Page 45
335,PlanningCommission|restated plat amendment,3,Restated Plat Amendment,"forward a POSITIVE recommendation to 6. the City Council for the Prospector Square Supplemental Amendment to Lot G Amended and Restated Plat Amendment, based on the Findings of Fact, Conclusions .2 of Law, and Conditions of Approval outlined in the Staff report"
336,PlanningCommission|s|minutes/2020/2020-07-20/2020-07-22_planning-commission-meeting.md|4,3,,"forward a POSITIVE recommendation to the City Council for the LMC Amendments to Sections 15-2.1, 15-2.2, 15-2.3, 15-2.4, 15-2.5, 15-2.6, 15-4, 15-5-5 and 15-15 as outlined in the Staff report"
337,PlanningCommission|s|minutes/2020/2020-08-24/2020-08-26_planning-commission-meeting.md|2,3,,"forward a POSITIVE recommendation to the City Council for the proposed Aspen Springs Ranch, Phase 1, Lot 18 amended plat amendment for their consideration on September 17, 2020, based upon the Findings of Fact, Conclusions of Law, and Conditions of Approval as amended this evening to include Finding of Fact #10 indicating that the plat change is a result of the unique Page 14 grade conditions and improving the access to the lot"
338,PlanningCommission|s|minutes/2020/2020-08-24/2020-08-26_planning-commission-meeting.md|3,3,,"CONTINUE the public hearing process for the Park City Mountain Resort Base MPD modification to September 23, 2020"
339,PlanningCommission|s|minutes/2020/2020-09-07/2020-09-09_planning-commission-meeting.md|3,3,,"CONTINUE the 1128 Park Avenue CUP to September 23, 2020"
340,PlanningCommission|twisted branch subdivision,3,Twisted Branch Subdivision,"CONTINUE the Twisted Branch Subdivision to October 14, 2020"
341,PlanningCommission|s|minutes/2020/2020-09-07/2020-09-09_planning-commission-meeting.md|5,3,,"forward a POSITIVE recommendation to the City Council for their consideration on October 1, 2020, regarding the Master Planned Development Land Management Code amendments, including the modification to change “complete landscape” to “preliminary landscape” and to add that changes to findings of fact, conclusions of law, or conditions of approval can be a trigger for a substantive change"
342,PlanningCommission|s|minutes/2020/2020-09-21/2020-09-23_planning-commission-meeting.md|2,3,,APPROVE the conditional Use Permit for 1128 Park Avenue for the construction of a basement using the footprint of the historic structure located within the building setback
343,PlanningCommission|s|minutes/2020/2020-09-21/2020-09-23_planning-commission-meeting.md|3,3,,"CONTINUE the LMC Amendment to .1 Section 15-2 regarding nightly rentals, to a date uncertain"
344,PlanningCommission|s|minutes/2020/2020-09-21/2020-09-23_planning-commission-meeting.md|4,3,,"APPROVE the modifications to the King’s Crown Master Planned Development Conditional Use Permit and Development Agreement, based upon the amended Findings of Fact, Conclusions of Law, and Page 27 Conditions of Approval found in the Staff report"
345,PlanningCommission|s|minutes/2020/2020-10-12/2020-10-14_planning-commission-meeting.md|2,3,,CONTINUE Twisted Branch Road – Subdivision to a date uncertain
346,PlanningCommission|s|minutes/2020/2020-10-12/2020-10-14_planning-commission-meeting.md|3,3,,"forward a POSITIVE recommendation to the City Council regarding the private driveways in the platted unbuilt right-of-way, Land Management Code Section 15-3-5 amendments, including the sentiments expressed in the discussion this evening, for the City Council’s consideration on November 19, 2020"
347,PlanningCommission|s|minutes/2020/2020-10-26/2020-10-28_planning-commission-meeting.md|2,3,,"forward a POSITIVE recommendation to the City Council for their consideration on November 19, 2020 for the 1117 Park Avenue plat amendment, based on the Findings of Fact, Conclusions of Law, and Conditions of Approval found in the draft ordinance"
348,PlanningCommission|mchenry avenue subdivision,3,McHenry Avenue Subdivision,"APPROVE the Private Recreational Facility Conditional Use Permit and Steep Slope Conditional Use Permit for 327 McHenry Avenue, based on the Findings of Fact, Conclusions of Law, and Conditions of Approval set forth in the Final Action Letter as follows: Findings of Fact 1. The Site is located at 327 McHenry Avenue. 2. The Site is located within the Historic Residential Low-Density (HRL) Zoning District. 3. Summit County identifies the property as parcel 331-MC-B-AM and is in the 331 McHenry Avenue Subdivision – First Amended. 4. On November 19, 2020, a Plat Amendment creating 331 McHenry Aven"
349,PlanningCommission|s|minutes/2020/2020-10-26/2020-10-28_planning-commission-meeting.md|4,3,,"forward a POSITIVE recommendation to the City Council for their consideration on November 19, 2020 for the St. Regis Deer Valley Condominium plat amendment, based on the Findings of Fact, Conclusions of Law, and Conditions of Approval as found in the draft ordinance"
350,PlanningCommission|s|minutes/2020/2020-10-26/2020-10-28_planning-commission-meeting.md|5,3,,"APPROVE the extension/modification to the CUP for the St. Regis Deer Valley, located at 2300 Deer Valley Drive East, based on the Findings of Fact, Conclusions of Law, and Conditions of Approval as found in the Staff report"
351,PlanningCommission|s|minutes/2020/2020-10-26/2020-10-28_planning-commission-meeting.md|6,3,,"approve the Conditional Use Permit to construct a 15,375-square-foot Ambulatory Surgery Center on Lot 6 of the Park City Medical Campus and the Amendment to the IHC MPD to allow the applicant to exceed the zone height by 2’2”, based on the Findings of Fact, Conclusions of Law and Conditions of Approval as amended to add a condition of approval to memorialize the applicant’s plan to install the conduit infrastructure for 20% of the total parking spaces"
352,PlanningCommission|s|minutes/2020/2020-10-26/2020-10-28_planning-commission-meeting.md|7,3,,"CONTINUE the PCMR Resort Base Parking Lot MPD modifications to November 18, 2020"
353,PlanningCommission|s|minutes/2020/2020-12-07/2020-12-09_planning-commission-meeting.md|2,3,,"CONTINUE the discussion regarding the LMC Amendments for outdoor lighting to January 13, 2021"
354,PlanningCommission|king s crown subdivision,3,King's Crown Subdivision,"forward a POSITIVE recommendation to the City Council to combine single family lots 27, 28, and 29 of the King’s Crown Subdivision into two lots in accordance with the Findings of Fact, Conclusions of Law, and Conditions of Approval found the draft ordinance, and including the maximum area of 3900 sf., based on the gross area calculation, and also limited by the limitation of the LMC for the underlying zone, for City Council consideration on January 7, 2021"
355,PlanningCommission|s|minutes/2020/2020-12-14/2020-12-16_planning-commission-meeting.md|1,3,,"CONTINUE the Park City Mountain Resort Base Parking Lots - MPD Modification to January 20, 2021"
356,PlanningCommission|s|minutes/2021/2021-01-11/2021-01-13_planning-commission-meeting.md|3,3,,"APPROVE the Conditional Use Permit for 1105 Ironhorse Drive allowing restaurant use in the Light Industrial Zoning District, based on the Findings of Fact, Conclusions of Law, and Conditions of Approval as 7. outlined in the Staff report"
357,PlanningCommission|s|minutes/2021/2021-01-11/2021-01-13_planning-commission-meeting.md|4,3,,"APPROVE the conditional use permit for the Essential Municipal Public Utility Use - Empire Canyon Raw Water Storage Tank Facility Service and structure greater than 600 square feet in the Recreation Open Space District, based on the Findings of Fact, Conclusions of Law, and Conditions of Approval as outlined in the Staff report"
358,PlanningCommission|s|minutes/2021/2021-01-11/2021-01-13_planning-commission-meeting.md|5,3,,"forward a POSITIVE recommendation to the City Council for the amendment to correct a 2017 Staff oversight and allow nightly rentals as a conditional use in the Lower Rossi Hill Historic Residential Low-Density area for their consideration on February 4, 2021"
359,PlanningCommission|s|minutes/2021/2021-01-11/2021-01-13_planning-commission-meeting.md|6,3,,"APPROVE the conditional use permit application for a nightly rental CUP for 89 King Road, based on the Findings of Fact, Conclusions of Law, and Conditions of Approval as found in the Staff report"
360,PlanningCommission|s|minutes/2021/2021-01-11/2021-01-13_planning-commission-meeting.md|7,3,,"APPROVE the Conditional Use Permit for 7. a nightly rental at 162 Ridge Avenue in accordance with the Findings of Fact, Conclusions of Law, and Conditions of Approval as outlined in the Staff Report. .2"
361,PlanningCommission|lowell avenue master plan,3,Lowell Avenue Master Plan,"CONTINUE the 1271 Lowell Avenue Master Plan Development Modification to February 10, 2021, with the stipulation that it is a substantive modification to the MPD"
362,PlanningCommission|s|minutes/2021/2021-01-25/2021-01-27_planning-commission-meeting.md|3,3,,"CONTINUE the discussion and public hearing for the Affordable MPDs to February 10, 2021"
363,PlanningCommission|s|minutes/2021/2021-02-08/2021-02-10_planning-commission-meeting.md|3,3,,"forward a POSITIVE recommendation to the 4. City Council concerning the proposed Affordable Master Planned Development Land Management Code Amendments for their consideration on February 4, 2021. .2"
364,PlanningCommission|s|minutes/2021/2021-02-08/2021-02-10_planning-commission-meeting.md|4,3,,"forward a POSITIVE recommendation to the City Council concerning 7677 Village Way Argent at Empire Pass Condominiums plat amendment, in accordance with the Findings of Fact, Conclusions of Law, and Conditions of Approval for their consideration on February 25, 2021, with the given stipulation that the plat map restricts Parcel A to open space"
365,PlanningCommission|s|minutes/2021/2021-02-08/2021-02-10_planning-commission-meeting.md|5,3,,APPROVE the King’s Crown Master Planned Development amended MPD to amend Findings of Fact #112 and #113 as reflected in the Staff report
366,PlanningCommission|king s crown condominiums plat amendment,3,King's Crown Condominiums Plat Amendment,"forward a POSITIVE recommendation to the City Council for the King’s Crown Condominiums Plat Amendment for the City Council’s consideration on February 25, 2021 based on the Findings of Fact, Page 36 Conclusions of Law, and the Conditions of Approval as amended"
367,PlanningCommission|s|minutes/2021/2021-02-15/2021-02-17_planning-commission-meeting.md|1,3,,"CONTINUE the LMC Amendment regarding 0. shared parking structures to March 10, 2021"
368,PlanningCommission|s|minutes/2021/2021-02-15/2021-02-17_planning-commission-meeting.md|2,3,,"CONTINUE the Park City Mountain Base Parking Lots MPD Modification to March 17, 2021"
369,PlanningCommission|s|minutes/2021/2021-02-22/2021-02-24_planning-commission-meeting.md|2,3,,"APPROVE the plat amendment for 1203 Park Avenue based on the Findings of Fact, Conclusions of Law, and Conditions of Page 5 Approval as outlined in the draft ordinance"
370,PlanningCommission|continue 1049 lowell avenue plat amendment,3,CONTINUE 1049 Lowell Avenue Plat Amendment,"CONTINUE 1049 Lowell Avenue Plat Amendment to April 14, 2021"
371,PlanningCommission|s|minutes/2021/2021-03-22/2021-03-24_planning-commission-meeting.md|2,3,,"APPROVE the 97 King Road conditional use permit for a nightly rental in the HRL District, based upon the Findings of Fact, Conclusions of Law, and Conditions of Approval as outlined in the Staff report"
372,PlanningCommission|little bell court plat amendment,3,Little Bell Court Plat Amendment,"forward a POSITIVE recommendation to the City Council for their consideration on April 14, 2021 for the 7165 Little Bell Court Plat Amendment, based on the Findings of Fact, Conclusions of Law, and Conditions of Approval as found in the draft ordinance"
373,PlanningCommission|fairway meadows subdivision,3,Fairway Meadows Subdivision,"forward a POSITIVE recommendation to the City Council for their consideration on April 15, 2021 to prohibit nightly rentals in the Fairway Meadows Subdivision"
374,PlanningCommission|s|minutes/2021/2021-04-12/2021-04-14_planning-commission-meeting.md|2,3,,"CONTINUE the Payday Condominiums amended plat to April 28, 2021"
375,PlanningCommission|s|minutes/2021/2021-04-12/2021-04-14_planning-commission-meeting.md|3,3,,"forward a POSITIVE recommendation to the City Council for the 1049 Lowell Avenue plat amendment adjusting the lot line between Lots 2 and 3, based on the amended Findings of Fact, Conclusions of Law, and Conditions of Approval"
376,PlanningCommission|willow branch subdivision plat amendment,3,Willow Branch Subdivision Plat Amendment,"forward a POSITIVE recommendation to the City Council for 2750 Meadow Creek Drive, Willow Branch Subdivision Plat Amendment and adding a new Condition of Approval #18 to the conditions outlined in the April 21, 2021 Staff report for City Council consideration on April 29, 2021"
377,PlanningCommission|s|minutes/2021/2021-04-12/2021-04-14_planning-commission-meeting.md|5,3,,"forward a POSITIVE recommendation to the City Council on the proposed amendments to establish AMPDs in the HCB and HRC Districts for their consideration on April 29, 2021"
378,PlanningCommission|s|minutes/2021/2021-04-26/2021-04-28_planning-commission-meeting.md|2,3,,"CONTINUE Payday Condominiums Amendment Plat to May 12, 2021"
379,PlanningCommission|s|minutes/2021/2021-04-26/2021-04-28_planning-commission-meeting.md|3,3,,"forward a POSITIVE recommendation to the City Council for their consideration on May 13, 2020 for the Gasparac plat amendment at 1060 Park Avenue, based on the Findings of Fact, Conclusions of Law, and Conditions of Approval found in the draft report and as amended to add Condition #12 2. that each parcel will have two parking stalls"
380,PlanningCommission|chatham crossing subdivision,3,Chatham Crossing Subdivision,"forward a positive recommendation for the City Council’s consideration on May 27, 2021, for the plat amendment for 3 and 5 Victoria Circle subject to the following: Page 4 Findings of Fact: 1. The properties are part of the Chatham Crossing Subdivision, recorded in 1981. 2. These two lots are under common ownership and the owner is proposing to move an interior lot line to preserve trees on existing Lot 52 as part of Lot 53. 3. Lot 53 is improved with a single-family residence. 4. Lot 52 is a vacant buildable lot. 5. The applicant submitted a Letter from the Chatham Crossing HOA stating that t"
381,PlanningCommission|pc 587 3 the plat amendment,3,PC-587. 3. The Plat Amendment,"forward a positive recommendation for the City Council’s consideration on May 27, 2021, for the 147 Grant Avenue plat amendment subject to the following: Findings of Fact: 1. The property is in the HR2B District and consists of a 3,634 square foot vacant lot. 2. The applicant is removing remnant interior lot lines and creating a new lot to be known as Lot 1, 200 Grant Avenue, PC-587. 3. The Plat Amendment does not affect the lot boundaries or lot size of the Parcel, and the Parcel will continue to be compliant with the HR2B Lot and Site Requirements. 4. The Minimum Lot Area is 1,875 for a Sing"
382,PlanningCommission|lowell avenue plat amendment,3,Lowell Avenue Plat Amendment,"forward a positive recommendation for the City Council’s consideration on May 27, 2021, for the 1115 and 1117 Lowell Avenue Plat Amendment subject to the following conditions: Page 9 Findings of Fact 1. The Pinion Pines Condominium Plat—a two-unit condominium constructed in the 1980s—was recorded with Summit County in 1985 (Recorder Entry No. 234744) for 1115 and 1117 Lowell Avenue. 2. The Applicant proposes terminating the two-unit Pinion Pines Condominium to create two Lots for a Duplex. 3. 1115 and 1117 Lowell Avenue are in the Historic Residential – 1 Zoning District. 4. The Historic Resid"
383,PlanningCommission|s|minutes/2021/2021-05-10/2021-05-12_planning-commission-meeting.md|5,3,,approve the Conditional Use Permit for 1115 and 1117 Lowell Avenue for a duplex use in the Historic District subject to the following conditions: Page 12 Findings of Fact 1. The Pinion Pines Condominium Plat—a two-unit condominium constructed in the 1980s—was recorded with Summit County in 1985 (Recorder Entry No. 234744) for 1115 and 1117 Lowell Avenue. 2. The Applicant proposes terminating the two-unit Pinion Pines Condominium to create two Lots for a Duplex. 3. 1115 and 1117 Lowell Avenue are in the Historic Residential – 1 Zoning District. 4. The Historic Residential – 1 Zoning District re
384,PlanningCommission|s|minutes/2021/2021-05-10/2021-05-12_planning-commission-meeting.md|6,3,,continue the plat amendment for 1660 and 1700 Three Kings Drive to a date uncertain
385,PlanningCommission|woodside plat amendment,3,Woodside Plat Amendment,"forward a positive recommendation to the City Council for their consideration on July 1, 2021, concerning the 909 Woodside Plat Amendment subject to the following Findings of Fact, Conclusions of Law, and Conditions of Approval: Findings of Fact Background: 1. On May 7, 2021, the Planning Department received a complete Plat Amendment application. 2. The property is located at 909 Woodside Avenue. 3. The Legal Description is Lots 3 & 4 Block 10 Snyder’s Addition to Park City. SA- 100- 101. 4. The property is designated as Significant on the Park City Historic Sites Inventory and was built in Ci"
386,PlanningCommission|s|minutes/2021/2021-06-07/2021-06-09_planning-commission-meeting.md|3,3,,"Commissioner Thimm stated that because the request is similar to other similar applications in the past and since the footprint of the building is being maintained and potentially getting a car off the street, he found favor with the request and moved that the Planning Commission approve the CUP for 909 Woodside Avenue Conditional Use Permit based on the following Findings of Fact, Conclusions of Law, and Conditions of Approval: Findings of Fact Background 3. 1. On April 1, 2021, the Planning Department received a complete Conditional Use Permit application. .2 2. The property is located at 90"
387,PlanningCommission|empire avenue plat amendment,3,Empire Avenue Plat Amendment,"forward a positive recommendation for the City Council’s consideration on July 1, 2021, for the 917 Empire Avenue Plat Amendment, as amended based on the following Findings of Fact, Conclusions of Law, and Conditions of .2 Approval: 06 Findings of Fact Background: 1. The property is located at 917 Empire Avenue. 2. The property is listed with Summit County as Parcel number SA-306 and consists of a portion of Lots 4 and 5 in Block 29, Snyder’s Addition to Park City Survey in the Historical Residential (HR-1) Zoning District. 3. On April 15, 2021, the Applicant submitted a complete Plat Amendmen"
388,PlanningCommission|deer valley third amendment plat amendment,3,Deer Valley Third Amendment Plat Amendment,"forward a positive recommendation for City Council consideration on June 24, 2021, for the Silver Bird Condominiums at Deer Valley Third Amendment Plat Amendment. Approval was subject to the following Findings of Fact, Conclusions of Law, and Conditions of Approval: Findings of Fact: 1. The property is located at 7374 Silver Bird Drive in the Residential Development 3. (RD) District. 2. The Silver Bird Condominiums were approved in 1982 for six (6) units and are .2 subject to the Deer Valley MPD. 3. The proposed amendment is for an unenclosed deck and patio and does not change the number of re"
389,PlanningCommission|jupiter moons plat amendment,3,Jupiter Moons Plat Amendment,"approve the CUP for a duplex dwelling at 1129 Park Avenue and 1128 Woodside Avenue subject to the following Findings of Fact, Conclusions of Law, and Conditions of Approval: Findings of Fact 1. The property is located at 1129 Park Avenue and 1128 Woodside Avenue. 2. The Historic District Design Review (HDDR) application for the new Duplex Dwelling is under review, pending Planning Commission approval of the Duplex Dwelling Conditional Use Permit and recordation of the Jupiter Moons Plat Amendment. The Historic Preservation Board approved Material Deconstruction to accommodate the proposed Dupl"
390,PlanningCommission|s|minutes/2021/2021-06-21/2021-06-23_planning-commission-meeting.md|2,3,,"continue the application for 1335 Lowell Avenue – Conditional Use Permit, to the July 28, 2021, Planning Commission Meeting"
391,PlanningCommission|s|minutes/2021/2021-06-21/2021-06-23_planning-commission-meeting.md|3,3,,"continue the application for 199 Daly Avenue – Steep Slope Conditional Use Permit to the July 28, 2021, Planning Commission Meeting"
392,PlanningCommission|s|minutes/2021/2021-06-21/2021-06-23_planning-commission-meeting.md|4,3,,"approve the application for 140 15th Street – Frontage Protection Zone Conditional Use Permit according to the Findings of Fact, Conclusions of Law, and Conditions of Approval, as found in the Staff Report"
393,PlanningCommission|s|minutes/2021/2021-06-21/2021-06-23_planning-commission-meeting.md|5,3,,"approve the application for 1755 Bonanza Drive Unit C – Conditional Use Permit, according to the Findings of Fact, Conclusions of 1. Law, and Conditions of Approval, as found in the Draft Final Action Letter attached to the Staff Report"
394,PlanningCommission|s|minutes/2021/2021-07-26/2021-07-28_planning-commission-meeting.md|1,3,,"continue the application for 1335 Lowell Avenue – Conditional Use Permit, to a date uncertain"
395,PlanningCommission|s|minutes/2021/2021-07-26/2021-07-28_planning-commission-meeting.md|2,3,,"continue the application for 7 Perseverance Court – Plat Amendment, to the August 25, 2021, Planning Commission Meeting"
396,PlanningCommission|s|minutes/2021/2021-07-26/2021-07-28_planning-commission-meeting.md|3,3,,"forward a positive recommendation to the City Council for consideration on September 2, 2021, for the 1003 Norfolk Avenue – Plat Amendment, subject to the following: Findings of Fact: 1. The property is located at 1003 Norfolk Avenue in the Historic Residential (HR-1) District. 2. The property consists of two lots, Lot 1 and Lot 2, SA-164. 3. The lot is improved with a house built circa 1904 which is considered a Landmark Historic Structure constructed across the internal lot line. Page 9 4. The combined lot will meet all Lot and Site Requirements and the density of the site is not changing. 5"
397,PlanningCommission|s|minutes/2021/2021-07-26/2021-07-28_planning-commission-meeting.md|4,3,,"forward a positive recommendation for City Council consideration on September 2, 2021, for 2587 Fairway Village Drive – Plat Amendment, subject to the following: Findings of Fact: 1. The property is located at 2587 Fairway Village Drive, a PUD in the Residential Development (RD) Zoning District. /2 2. The Fairway Village No. 1 Plat was approved by City Council on December 12, 1979, for 28 units, and recorded on December 17, 1979. 3. The proposed amendment is for an addition to the living space between the existing dwelling and the garage (below the existing bridged walkway), which would be des"
398,PlanningCommission|s|minutes/2021/2021-07-26/2021-07-28_planning-commission-meeting.md|5,3,,"continue the 3805 Fox Tail Trail – Plat /2 Amendment to the August 25, 2021, Planning Commission Meeting"
399,PlanningCommission|s|minutes/2021/2021-07-26/2021-07-28_planning-commission-meeting.md|6,3,,"continue the 3805 Fox Tail Trail – Rezone to the August 25, 2021, Planning Commission Meeting"
400,PlanningCommission|s|minutes/2021/2021-07-26/2021-07-28_planning-commission-meeting.md|7,3,,"continue the 199 Daly Avenue – Steep Slope Conditional Use Permit, to the August 25, 2021, Planning Commission Meeting"
401,PlanningCommission|s|minutes/2021/2021-08-23/2021-08-25_planning-commission-meeting.md|1,3,,"continue the 3805 Fox Tail Trail – Plat Amendment to the September 22, 2021, Planning Commission meeting"
402,PlanningCommission|s|minutes/2021/2021-08-23/2021-08-25_planning-commission-meeting.md|2,3,,"continue the 3805 Fox Tail Trail – Rezone to the September 22, 2021, Planning Commission meeting"
403,PlanningCommission|s|minutes/2021/2021-08-23/2021-08-25_planning-commission-meeting.md|3,3,,continue the Land Management Code and Municipal Code Amendment Concerning Complete Streets to a date uncertain
404,PlanningCommission|prospector avenue plat amendment,3,Prospector Avenue Plat Amendment,"forward a positive recommendation for the 1913-1915 Prospector Avenue Plat Amendment to the City Council for consideration on September 23, 2021, subject to the following: Findings of Fact: 1. The property is located at 1913-1915 Prospector Avenue in the General Commercial (GC) Zoning District. 2. Ordinance 14-28, approved by the City Council on June 5, 2014, approved the Gigaplat Replat, relocating the two development pads and common parking layout for 1913-15 Prospector Avenue and Parking Lot F. 3. The proposed easement amends this plat. 4. The plat amendment formalizes an access easement on"
405,PlanningCommission|park avenue condominium plat amendment,3,Park Avenue Condominium Plat Amendment,"forward a positive recommendation for the 633 Park Avenue Condominium Plat Amendment to the City Council for consideration on September 23, 2021, subject to the following: Findings of Fact: 1. The property is located at 633 Park Avenue in the Historic Recreation Commercial (HRC) Zoning District. 2. The Crescent Condominiums is a 3-unit condominium building originally recorded in 2006. 3. The proposed amendment is to expand the second level of Unit B 51 square feet, by enclosing a portion of the limited common ownership deck at the rear of the building and converting the enclosed portion to pri"
406,PlanningCommission|s|minutes/2021/2021-08-23/2021-08-25_planning-commission-meeting.md|6,3,,"approve the Steep Slope Conditional Use Permit for 1013 Northstar Drive, subject to the following: Findings of Fact 1. The property is located at 1013 Northstar Drive. 2. On December 21, 2020, the Planning Department received the current Historic District Design Review (HDDR) application for the construction of a new single-family dwelling at 1013 Northstar Drive. 3. The HDDR application was approved on April 25, 2021. 4. On April 6, 2021, the Planning Department received a complete application for an Administrative Steep Slope Conditional Use Permit (SS-CUP) for “Construction on a Steep Slope"
407,PlanningCommission|s|minutes/2021/2021-08-23/2021-08-25_planning-commission-meeting.md|7,3,,"approve the Conditional Use Permit for an Accessory Apartment for 1013 Northstar Drive, subject to the following: Findings of Fact 1. The property is located at 1013 Northstar Drive. 2. On December 21, 2020, the Planning Department received the current Historic District Design Review (HDDR) application for the construction of a new single-family dwelling at 1013 Northstar Drive. 3. The HDDR application was approved on April 25, 2021. 4. On April 6, 2021, the Planning Department received a complete application for a Conditional Use Permit (SS-CUP) for an Accessory Apartment at 1013 Northstar Dr"
408,PlanningCommission|s|minutes/2021/2021-08-23/2021-08-25_planning-commission-meeting.md|8,3,,"approve the Steep Slope Conditional Use Permit for 199 Daly Avenue, subject to the following: Findings of Fact 1. 199 Daly Avenue is a Significant Historic Site on the Park City Historic Sites Inventory. 2. 199 Daly Avenue is in the Historic Residential – 1 Zoning District. 3. The Applicant proposes a detached garage to be constructed within a slope greater than 30% and requires a Steep Slope Conditional Use Permit. 4. Planning Commission approval is required for Steep Slope Conditional Use Permits on Lots greater than 3,750 square feet. 199 Daly Avenue is a 5,750- square-foot lot. 5. The purp"
409,PlanningCommission|s|minutes/2021/2021-08-23/2021-08-25_planning-commission-meeting.md|9,3,,"continue the hearing on 7 Perseverance Court --Plat Amendment to the September 22, 2021, Planning Commission meeting"
410,PlanningCommission|s|minutes/2021/2021-09-06/2021-09-08_planning-commission-meeting.md|3,3,,"Continue 1660 and 1700 Three Kings Drive— Plat Amendment, to October 7, 2021"
411,PlanningCommission|s|minutes/2021/2021-09-06/2021-09-08_planning-commission-meeting.md|4,3,,"Continue 543 Park Avenue CUP to October 13, 2021"
412,PlanningCommission|king road plat amendment,3,King Road Plat Amendment,"forward a positive recommendation to the City Council for the 91 and 95 King Road Plat Amendment, according to the Findings of Fact and Conclusions of Law and Amended Conditions of Approval as follows: Findings of Fact 1. Zoning History 2. The current configuration of these lots has been in place since 1992. 3. On September 19, 1995, the Board of Adjustments granted 95 King Road Variances for minimum Lot size, Front Setback, and Side Setbacks. 4. On August 24, 2021, the Board of Adjustments granted Variances to 91 King Road for minimum Lot size, Lot width, and Front and Side Setbacks. 5. The A"
413,PlanningCommission|s|minutes/2021/2021-09-20/2021-09-22_planning-commission-meeting.md|1,3,,"continue the application for 3805 Fox Tail Trail .1 – Plat Amendment to the October 13, 2021, Planning Commission Meeting"
414,PlanningCommission|s|minutes/2021/2021-09-20/2021-09-22_planning-commission-meeting.md|2,3,,"continue the application for 3805 Fox Tail Trail – Rezone to the October 13, 2021, Planning Commission Meeting"
415,PlanningCommission|s|minutes/2021/2021-09-20/2021-09-22_planning-commission-meeting.md|3,3,,continue the application for 7 Perseverance Court – Plat Amendment to a date uncertain
416,PlanningCommission|northstar subdivision,3,Northstar Subdivision,"forward a positive recommendation to the City Council for consideration on October 28, 2021, for the Northstar Subdivision – Lot 1 Plat Amendment, subject to the following: Findings of Fact 1. On August 18, 2021, the City received a completed application for the Northstar Subdivision – Lot 1 Amended Plat amendment. 3. 2. The property is located at 1061 and 1063 Lowell Avenue within the HR-1 District. The subject property consists of lot 1 of the 1977 Northstar Subdivision. 3. .1 A deed line bifurcates the existing platted lot with a duplex structure on it (Parcels NR- 1 & NR-1-A) however this "
417,PlanningCommission|s|minutes/2021/2021-09-20/2021-09-22_planning-commission-meeting.md|5,3,,"forward a positive recommendation to the City Council for consideration on October 28, 2021, for the Proposed Land Management Code Amendments, as outlined in the Draft Ordinance"
418,PlanningCommission|s|minutes/2021/2021-10-11/2021-10-13_planning-commission-meeting.md|5,3,,"APPROVE the Conditional Use Permit for Establishment of a New Roof-mounted Telecommunications Facility at 1335 Lowell Avenue, based on the following: Findings of Fact 1. The Applicant proposes installing three sets of enclosed of “stealth” roof-mounted antennas to establish a new Telecommunication Facility at the Lowell Condominiums. 2. 1335 Lowell Avenue is in the Recreation Commercial (RC) District. 3. Telecommunications Antenna are a Conditional Use in the RC Zoning District and require Planning Commission review and approval. 4. The minimum Front Setback for the RC Zoning District is 20 fe"
419,PlanningCommission|s|minutes/2021/2021-10-11/2021-10-13_planning-commission-meeting.md|6,3,,"forward a positive recommendation for City Council’s consideration on October 28, 2021, for the Plat Amendment on 316 Ontario Avenue, subject to the following: Findings of Fact 1. 316 Ontario Avenue is a cross-wing type house constructed circa 1895. 2. 316 Ontario Avenue is designated a Landmark Historic Site on the Park City Historic Sites Inventory. 3. To enable construction of the detached garage, the Applicant proposes creating one Lot for 316 Ontario Avenue to remove remnant Lot lines for the Landmark Historic Site. 4. The Applicant also submitted a Historic District Design Review and Ste"
420,PlanningCommission|s|minutes/2021/2021-10-11/2021-10-13_planning-commission-meeting.md|7,3,,"CONTINUE the 543 Park Avenue Conditional Use Permit to the November 10, 2021, Planning Commission meeting"
421,PlanningCommission|fox tail trail subdivision,3,Fox Tail Trail Subdivision,"forward a positive recommendation for City Council’s consideration on July 21, 2022 for the Fox Tail Trail Subdivision, based on the Findings of Fact, Conclusions of Law and Conditions of Approval in the Draft Ordinance, attached as Exhibit A to the Staff Report, as amended"
422,PlanningCommission|s|minutes/2021/2021-10-11/2021-10-13_planning-commission-meeting.md|10,3,,"continue the 3805 Fox Tail Trail Zone Map Amendment to December 8, 2021"
423,PlanningCommission|s|minutes/2021/2021-10-11/2021-10-13_planning-commission-meeting.md|11,3,,"forward a positive recommendation for City Council’s consideration on October 28, 2021, for the Park City Fire District Station No. 34, Parcel No. PCA-1200-4-X from Estate to Public Use Transition, subject to the Findings of Fact, Conclusions of Law and Conditions of Approval as follows: Findings of Fact 1. The property contains 0.17 acres and is currently zoned Estate (E). 2. The Parcel is identified by Summit County as PCA-1200-4-X. 3. The Applicant proposes to rezone the Parcel from the Estate Zone to Public Use Transition Zone to accommodate planned expansion of the current Use and ensure "
424,PlanningCommission|mountain ridge court plat amendment,3,Mountain Ridge Court Plat Amendment,"continue the 3099 Mountain Ridge Court Plat Amendment to the October 27, 2021, Planning Commission Meeting"
425,PlanningCommission|s|minutes/2021/2021-10-25/2021-10-27_planning-commission-meeting.md|1,3,,CONTINUE 3099 Mountain Ridge Court – Plat Amendment to a date uncertain
426,PlanningCommission|s|minutes/2021/2021-10-25/2021-10-27_planning-commission-meeting.md|2,3,,"APPROVE the Plat Amendment for Club Lespri Condominiums at 1765 Sidewinder Drive, based on the following: Findings of Fact 1. The proposed condominium is located in the General Commercial (GC) Zone. 2. The structure was originally approved as a hotel, which is an approved use in the General Commercial (GC) Zone and received a Building Permit on September 28, 2000. 3. The Planning Commission granted a Conditional Use Permit for a timeshare for the building on July 11, 2001. 4. The Planning Commission forwarded a positive recommendation to the City Council for the Condominium Conversion on June "
427,PlanningCommission|s|minutes/2021/2021-10-25/2021-10-27_planning-commission-meeting.md|3,3,,"CONTINUE the Sommet Blanc/B2East Parcel Conditional Use Permit and Amendments to the December 8, 2021, Planning Commission Meeting"
428,PlanningCommission|deer valley subdivision,3,Deer Valley Subdivision,"forward a positive recommendation to the City Council for consideration on December 16, 2021, for an amendment to the Land Management Code Section 15-2.13-2 to Prohibit Nightly Rentals in Phase 2 and Phase 3 of the Hidden Oaks at Deer Valley Subdivision"
429,PlanningCommission|s|minutes/2021/2021-11-08/2021-11-10_planning-commission-meeting.md|4,3,,"continue the Founders Place (formally called Deer Hollow Village) Parcel 00-0021-01977 modification to a Master Planned Development and Conditional Use Permit to the December 8, 2021, Planning Commission Meeting"
430,PlanningCommission|s|minutes/2021/2021-11-08/2021-11-10_planning-commission-meeting.md|5,3,,"forward a positive recommendation to the City Council for consideration on December 9, 2021, concerning Land Management Code amendments to Sections 15-2.23-2, 15-4-7, and 15-15-1, accessory apartment regulations to incentivize construction of long-term rentals, with the modification of administrative review within the Historic Districts for Significant and Landmark Historic Sites"
431,PlanningCommission|s|minutes/2021/2021-12-06/2021-12-08_planning-commission-meeting.md|4,3,,continue the 3805 Fox Tail Trail Re-Zone to a date uncertain
432,PlanningCommission|founders place substantive master plan,3,Founders Place Substantive Master Plan,"CONTINUE the Founders Place Substantive Master Plan Development Modification to January 12, 2022"
433,PlanningCommission|founders place subdivision,3,Founders Place Subdivision,"forward a positive recommendation to the City Council for its consideration on January 27, 2022, based on the following Findings of Fact, Conclusions of Law, and Conditions of Approval outlined in the Founders Place Subdivision Ordinance: Findings of Fact 1. Founders Place (formerly known as Deer Hollow and Slalom Village) is in the Deer Crest area east of Deer Valley Resort and west of HYW 40 along Deer Hollow Road, a private road accessed from Park City through the Queen Esther Gatehouse to the west or from HWY 40 through the Jordanelle Gatehouse to the east. 2. The Applicant proposes constr"
434,PlanningCommission|park city film studio first amended subdivision,3,Park City Film Studio First Amended Subdivision,"that the Commission forward a positive recommendation to the City Council for their consideration on February 3, 2022, for the Park City Film Studio First Amended Subdivision"
435,PlanningCommission|s|minutes/2022/2022-01-10/2022-01-12_planning-commission-meeting.md|5,3,,"approve modifications to the Master Planned Development and Multi-Unit Dwelling Conditional Use Permit, according to the Findings of Fact, 9. Conclusions of Law and Conditions of Approval outlined in the Draft Final Action Letter on Founders Place, attached to the Staff Report as Exhibit A"
436,PlanningCommission|s|minutes/2022/2022-01-24/2022-01-26_planning-commission-meeting.md|1,3,,"forward a positive recommendation for the City Council’s consideration on 1660 and 1700 Three Kings Drive Payday Condominiums amended Plat subject to the following: Findings of Fact: 1. The property is located at 1660 and 1700 Three Kings Drive. 2. On June 8, 1972, the Planning Commission approved a Conditional Use Permit for the Payday Condominiums. 3. The Payday Condominium plat was recorded with Summit County on May 30, 1972. 4. In 1972 the Payday Condominiums were located in the Forest Estate (F-E) zone. 5. Planned Unit Developments were considered a Conditional Use in the F-E zone and the"
437,PlanningCommission|s|minutes/2022/2022-01-24/2022-01-26_planning-commission-meeting.md|2,3,,continue the 1961 Venus Court Conditional Use Permit Application to a date uncertain
438,PlanningCommission|park meadows subdivision,3,Park Meadows Subdivision,"approve the Conditional Use Permit for 2089 Equestrian Court, based upon the Findings of Fact: 1. The property is located at 2089 Equestrian Court, Lot 12 of the Park Meadows Subdivision, No. 5. 2. The property is in the Single Family (SF) District and is adjacent to an area zoned as Recreation Open Space. 3. The Lot contains 0.597 acres. 4. Private Recreation Facilities are a Conditional Use in the SF Zoning District and require Planning Commission review and approval. 5. On October 11, 2021, the Planning Department received a Conditional Use Permit Application to use an existing sports court"
439,PlanningCommission|s|minutes/2022/2022-02-07/2022-02-09_planning-commission-meeting.md|2,3,,"continue PL-21-05095, Modification to a Conditional Use Permit on 2300 Deer Valley Drive East, St. Regis Deer Valley, to February 23, 2022"
440,PlanningCommission|s|minutes/2022/2022-02-07/2022-02-09_planning-commission-meeting.md|3,3,,"CONTINUE PL-21-04771 and PL-20-04702, Sommet Blanc/B2East Parcel, Amendments to the Approved Master Planned Development and Conditional Use Permit, to March 9, 2022"
441,PlanningCommission|mountain ridge subdivision,3,Mountain Ridge Subdivision,"forward a NEGATIVE recommendation to the City Council for consideration on March 3, 2022, for PL-21-04950, .1 Mountain Ridge Subdivision, Lot 13 Plat Amendment at 3099 Mountain Ridge Court, based on the following 04 Findings: 1. The Plat Amendment would be inconsistent with the original statements, shared by Planner Cawley, regarding the original intent of the subdivision. 2. The Plat Amendment would set a precedent in the neighborhood that would go against the original intent of the subdivision"
442,PlanningCommission|trail rezone,3,Trail Rezone,"continue PL-21-04865 and PL-21-04826, 3805 Fox Tail .1 Trail Rezone and Subdivision, to March 9, 2022"
443,PlanningCommission|s|minutes/2022/2022-02-21/2022-02-23_planning-commission-meeting.md|1,3,,"Continue 543 Park Avenue – Hotel, Minor Conditional Use Permit to a date uncertain"
444,PlanningCommission|s|minutes/2022/2022-02-21/2022-02-23_planning-commission-meeting.md|2,3,,"APPROVE the Modification to the Conditional Use Permit for the St. Regis Deer Valley pursuant to the Findings of Fact, Conclusions of Law and Conditions of Approval as modified during this meeting as follows: 3. Findings of Fact 1. The Site is located at 2300 Deer Valley Drive East. .1 2. The Applicant proposes to construct an annual temporary tent from December 17 through April 17. 3. The Site has an existing Conditional Use Permit for temporary tents that was approved on March 9, 2011, by the Planning Commission. 4. The Applicant proposes modifying the existing Conditional Use Permit to incl"
445,PlanningCommission|s|minutes/2022/2022-02-21/2022-02-23_planning-commission-meeting.md|3,3,,"Continue the Legislative Land Management Code Amendments with respect to Pickleball Courts proposed in the Staff Report, as well as the public hearing on this item, to March 23, 2022"
446,PlanningCommission|fox tail trail rezone,3,Fox Tail Trail Rezone,"continue PL-21-04865, 3805 Fox Tail Trail Rezone, to May 11, 2022"
447,PlanningCommission|fox tail trail plat amendment,3,Fox Tail Trail Plat Amendment,"continue PL-21-04826, 3805 Fox Tail Trail Plat Amendment, to May 11, 2022"
448,PlanningCommission|b2 east subdivision,3,B2 East Subdivision,"APPROVE an Amendment to the 2007 Pod B2 Empire Pass MPD, and Amendment to the 2007 Flagstaff Development Agreement, and a Conditional Use Permit for the Pod B2 East, Sommet Blanc Residences, Located at 9300 Marsac Avenue, subject to the following Findings of Fact, Conclusions of Law, and Conditions of Approval, as outlined in the Final Action Letter, and as Amended by the Record of the Planning Commission Meeting: Findings of Fact 1. Site Location: a. Sommet Blanc Residences LLC is Lot 1 of the B2 East Subdivision, located at 9300 Marsac Avenue. The site is located within Pod B2 of the Village"
449,PlanningCommission|s|minutes/2022/2022-03-07/2022-03-09_planning-commission-meeting.md|4,3,,"direct and strongly recommend that the City Council consider taking action, pursuant to the terms of the Amended and Restated Flagstaff Development Agreement, particularly Sections 2.8, 2.10, and Exhibit M, and direct the developer, who was currently REDUS, to immediately petition UDOT to transfer and vacate the existing portion of SR-224, from the Mid Mountain Trailhead to the Wasatch County line over to Twisted Branch Road, and dedicate Twisted Branch Road to the State to serve as the new alignment of SR-224 with the understanding that the developer (REDUS) and UDOT will continue to support "
450,PlanningCommission|s|minutes/2022/2022-03-21/2022-03-23_planning-commission-meeting.md|2,3,,"approve the Conditional Use Permit to Use Two (2) Trailers for Temporary Sleeping Quarters for the Park City Fire District During Reconstruction of the Silver Lake Fire Station No. 34 at 7700 Marsac Avenue, as amended by"
451,PlanningCommission|s|minutes/2022/2022-03-21/2022-03-23_planning-commission-meeting.md|3,3,,"that the Commission forward a positive recommendation for City Council’s consideration for 1281 Rothwell Road Lot Combination for Lots 23 and 24 of the King’s Crown Re-Subdivision, Third Amended, based on the Findings of Fact, Conclusions of Law and Conditions of Approval in the Draft Ordinance as follows: Findings of Fact Background: 1. The properties are located at 1275 & 1281 Rothwell Road. 2. The properties are listed with Summit County as: a. 1275 Rothwell Road – Lot 24, Kings Crown Re-Subdivision; Parcel number KCRS-24; and b. 1281 Rothwell Road – Lot 23, Kings Crown Re-Subdivision; Parc"
452,PlanningCommission|s|minutes/2022/2022-03-21/2022-03-23_planning-commission-meeting.md|5,3,,"approve the Steep Slope Conditional Use Permit for 45 Hillside Avenue, based on the Findings of Fact, Conclusions of Law and Conditions of Approval as follows: Findings of Fact 1. On June 20, 1996, City Council adopted Ordinance No. 2021-45, approving The Bluejay Parcel Lot Line Adjustment combining portions of Lots 10 and 11 of Block 19 of the Park City Survey. The property is described as parcel BJAY-ALL. 2. The lot contains a 200 square foot parcel04.27.2022 of land (Parcel B) that is described in Note #3 of the Plat as being subject to the restrictions of Quit Claim entry No. 450706, Book "
453,PlanningCommission|s|minutes/2022/2022-03-21/2022-03-23_planning-commission-meeting.md|6,3,,"that the Planning04.27.2022 Commission forward a positive recommendation to the City Council for their consideration on April 7, 2022 concerning the Outdoor Pickleball Courts in Residential Areas Ordinance, to amend the Zoning District Use Tables to require a Conditional Use Permit for these outdoor courts, and to clarify definitions, as outlined in the draft Ordinance and as amended by the comments in tonight’s record"
454,PlanningCommission|district 2 the 45 daly avenue subdivision,3,District. 2. The 45 Daly Avenue Subdivision,"forward a positive recommendation to the City Council for their consideration on May 12, 2022, for 45 Daly Avenue, based on the Draft Ordinance, Findings of Fact, Conclusions of Law, and modified Conditions of Approval to include the provision concerning future development as a legal Lot based on a note to be added to the Plat: Findings of Fact 1. The plat is located at 45 Daly Avenue within the Historic Residential (HR-1) District. 2. The 45 Daly Avenue Subdivision Play consists of Lot 4 of Block 72 and five feet of Lot 5. 3. On January 11, 2022, the current owner and applicant submitted an a"
455,PlanningCommission|aspen springs ranch subdivision,3,Aspen Springs Ranch Subdivision,"approve a Conditional Use Permit for 2656 Aspen Springs Drive, based on the Findings of Fact, Conclusions of Law, and Conditions of Approval as follows: Findings of Fact 1. The property is located at 2656 Aspen Springs Drive, Lot 47 of the Aspen Springs Ranch Subdivision Phase II. 2. The property is in the Single-Family (SF) Zoning District and a portion of the Lot’s rear is zoned as Recreation Open Space. 3. Lot 47 contains 1.6 acres. 4. A Detached Guesthouse, an Accessory Structure, is a Conditional Use in the SF Zoning District and requires Planning Commission review and approval. 5. On Feb"
456,PlanningCommission|s|minutes/2022/2022-04-11/2022-04-13_planning-commission-meeting.md|8,3,,"forward a positive recommendation for City Council’s consideration on May 26, 2022, for the Land Management Code Amendments as outlined in the Draft Ordinance, attached to the Staff Report"
457,PlanningCommission|national ability center s mountain center subdivision,3,National Ability Center's Mountain Center Subdivision,"forward a positive recommendation for the City Council's consideration on May 26, 2022, for the National Ability Center's Mountain Center Subdivision, based on the Findings of Fact, Conclusions of Law, and Conditions of Approval in the Draft Ordinance as follows: Findings of Fact 1. The applicant proposes to create one Lot of Record for the National Ability Center's Mountain Center operations building at the base of Park City Mountain Resort. 2. The Lot is located in the Recreation and Open Space (ROS) Zone and the Sensitive Land Overlay. 3. The Lot will continue to be owned by VR CPC Holdings"
458,PlanningCommission|s|minutes/2022/2022-04-25/2022-04-27_planning-commission-meeting.md|4,3,,"approve the Conditional Use Permit for a Ski Base .2 Facility greater than 600 square feet, as amended by"
459,PlanningCommission|s|minutes/2022/2022-04-25/2022-04-27_planning-commission-meeting.md|5,3,,"CONTINUE 316 Woodside Avenue Steep Slope Conditional Use Permit to May 25, 2022"
460,PlanningCommission|condominium plat amendment,3,Condominium Plat Amendment,"forward a positive recommendation for the City Council's consideration on June 9, 2022, for 401 Silver King Drive, Unit 75 - Condominium Plat Amendment – PL-22-05167, based on the Findings of Fact, Conclusions of Law, and Conditions of Approval: Findings of Fact 1. Snow Flower Condominiums Plat was approved in 1978. 2. The property is located at 401 Silver King Drive, Unit 75. 3. The property is listed with Summit County as Parcel number SFL-75. 4. The property is in the Recreation Commercial (RC) Zoning District. 5. In 1992, the Snow Flower Condominium HOA amended Exhibit C of the Condominium"
461,PlanningCommission|s|minutes/2022/2022-05-09/2022-05-11_planning-commission-meeting.md|2,3,,"continue PL-22-05132 – 2346 Park Avenue – Conditional Use Permit to May 25, 2022"
462,PlanningCommission|s|minutes/2022/2022-05-23/2022-05-25_planning-commission-meeting.md|2,3,,continue 316 Woodside Avenue-Steep Slope Conditional Use Permit to a date uncertain
463,PlanningCommission|s|minutes/2022/2022-05-23/2022-05-25_planning-commission-meeting.md|3,3,,"continue 2346 Park Avenue—Conditional Use Permit to June 8, 2022"
464,PlanningCommission|s|minutes/2022/2022-05-23/2022-05-25_planning-commission-meeting.md|4,3,,"continue the General Plan Supplement Update-Long Range Transportation Plan to June 22, 2022"
465,PlanningCommission|southeast quinn s junction annexation,3,Southeast Quinn's Junction Annexation,"forward a positive recommendation for City Council’s consideration on June 16, 2022, on the Southeast Quinn’s Junction Annexation Petition as outlined in the Draft Ordinance attached as Exhibit A to the Staff Report"
466,PlanningCommission|s|minutes/2022/2022-05-23/2022-05-25_planning-commission-meeting.md|6,3,,"forward a positive recommendation concerning the Land Management Code Amendments for Fractional Ownership to the City Council for their consideration on June 23, 2022"
467,PlanningCommission|s|minutes/2022/2022-06-06/2022-06-08_planning-commission-meeting.md|2,3,,CONTINUE the Appeal of an Administrative Conditional Use Permit related to an Upgrade for the Existing Silverlode Lift and Installation of a New
468,PlanningCommission|s|minutes/2022/2022-06-06/2022-06-08_planning-commission-meeting.md|3,3,,"DENY the Conditional Use Permit Application for the Washington School Inn, located at 543 Park Avenue because there was not sufficient parking mitigation for the additional use, there would be a detrimental effect on the surrounding neighborhood, and there were concerns about the number of non-resident guests"
469,PlanningCommission|s|minutes/2022/2022-06-06/2022-06-08_planning-commission-meeting.md|4,3,,"CONTINUE the Conditional Use Permit for a Temporary Structure at the Peaks Hotel, located at 2346 Park Avenue - PL-22-05249 to Wednesday, June 15, 2022, at 5:30 p.m"
470,PlanningCommission|s|minutes/2022/2022-06-06/2022-06-08_planning-commission-meeting.md|5,3,,"CONTINUE the Application for a Zoning Map Amendment for Two Parcels From Recreation Open Space (ROS) to Estate (E) Zoning for the Construction of Two Single-Family Homes on Parcels PCA-S-79-B and PCA-S-79-C - PL-22- 05249 to Wednesday, June 15, 2022, at 5:30 p.m"
471,PlanningCommission|parkview subdivision,3,Parkview Subdivision,"APPROVE the Conditional Use Permit for 2346 Park Avenue the Peaks Hotel – PL-22-05132, based on the Findings of Fact, Conclusions of Law, and Conditions of Approval, as amended: Findings of Fact 1. On March 1, 2022, the Peaks Hotel submitted a complete application for a Conditional Use Permit (""CUP"") for a 20' x 40' Temporary Structure (tent) in the rear section of the courtyard and a parking reduction for Outdoor Dining and Outdoor Events. 2. The Peaks Hotel was constructed in 1985. 3. The Peaks Hotel is located on Lot 1 of the Parkview Subdivision. 4. The hotel contains 127 hotel rooms, 129 "
472,PlanningCommission|s|minutes/2022/2022-06-13/2022-06-15_planning-commission-meeting.md|2,3,,"CONTINUE the Application for a Zoning Map Amendment for Two Parcels From Recreation Open Space (ROS) to Estate (E) Zoning for the Construction of Two Single-Family Homes on Parcels PCA-S-79-B and PCA-S-79-C - PL-22- 05249 to Wednesday, August 10, 2022"
473,PlanningCommission|s|minutes/2022/2022-06-13/2022-06-15_planning-commission-meeting.md|3,3,,DENY the Appeal of an Administrative Conditional Use Permit – PL-22-05249. The motion failed for lack of a second. The Planning Commission took a brief break to prepare for a final vote
474,PlanningCommission|s|minutes/2022/2022-06-13/2022-06-15_planning-commission-meeting.md|4,3,,"CONTINUE the Appeal of an Administrative Conditional Use Permit – PL-22-05249 to address the outstanding issues related to the data, maps, and stewardship. The motion failed for lack of a second. Commissioner Kenworthy wondered if it would be possible to further discuss the Conditions of Approval if the item was continued. Attorney Harrington explained that if the majority of the Commission wanted to make a Determination of Error for the existing Conditions of Approval, the Code gave the Planning Commission the ability to grant in part and deny in part. The majority of the Commission would nee"
475,PlanningCommission|s|minutes/2022/2022-06-13/2022-06-15_planning-commission-meeting.md|5,3,,DENY the Appeal of an Administrative Conditional Use Permit – PL-22-05249. The motion failed for lack of a second
476,PlanningCommission|s|minutes/2022/2022-06-13/2022-06-15_planning-commission-meeting.md|6,3,,GRANT the Appeal of an Administrative Conditional Use Permit – PL-22-05249 based on the fact that it did not meet Criteria 1 and Criteria 6 from the Development Agreement
477,PlanningCommission|s|minutes/2022/2022-06-20/2022-06-22_planning-commission-meeting.md|3,3,,"CONTINUE Founder’s Place Development Agreement Ratification to July 13, 2022"
478,PlanningCommission|s|minutes/2022/2022-06-20/2022-06-22_planning-commission-meeting.md|4,3,,"CONTINUE 2000 Meadows Drive-Conditional Use Permit to August 24, 2022"
479,PlanningCommission|s|minutes/2022/2022-06-20/2022-06-22_planning-commission-meeting.md|5,3,,"CONTINUE General Plan Supplemental Update- Long Range Transportation Plan to August 10, 2022"
480,PlanningCommission|s|minutes/2022/2022-06-20/2022-06-22_planning-commission-meeting.md|7,3,,"APPROVE Parcel PC-900-4 Conditional Use Permit based on the Findings of Fact, Conclusions of Law and Conditions of Approval as follows: Findings of Fact 1. The Site is located at Parcel Number PC-900-4. 2. The Site is located in the Recreation and Open Space (ROS) Zoning District. 3. The Applicant proposes to remove, move, and rebuild the Burns ski lift and regrade of the Lower Little Stick ski run 4. The Lower Little Stick ski run will be 2/3rds regraded. 5. The existing lift towers are between 20’ and 45’ in height. 6. The proposed four new lift towers are between 29.9’ and 41.5’ in height. "
481,PlanningCommission|s|minutes/2022/2022-06-20/2022-06-22_planning-commission-meeting.md|8,3,,"forward a positive recommendation for City Council’s consideration on July 21, 2022 for the 405 Woodside Avenue-Subdivision, based on the Findings of Fact, Conclusions of Law and Conditions of Approval as contained in the Draft Ordinance attached as Exhibit A to the Staff Report, and as amended for Condition of Approval 6"
482,PlanningCommission|sampson avenue subdivision,3,Sampson Avenue Subdivision,"forward a positive recommendation for City Council’s consideration on July 21, 2022 for 115 Sampson Avenue Subdivision-First Amended Plat, based on the Findings of Fact, Conclusions of Law and Conditions of Approval as outlined in the Draft Ordinance attached as Exhibit A to the Staff Report"
483,PlanningCommission|s|minutes/2022/2022-06-20/2022-06-22_planning-commission-meeting.md|10,3,,"forward a positive recommendation for City Council’s consideration on July 21, 2022 for 949 Empire Avenue—Plat Amendment, based on the Findings of Fact, Conclusions of Law and Conditions of Approval as outlined in the Draft Ordinance attached as Exhibit A to the Staff Report"
484,PlanningCommission|s|minutes/2022/2022-07-11/2022-07-13_planning-commission-meeting.md|4,3,,"forward a positive recommendation for City Council consideration on September 1, 2022, for 9300 Marsac Avenue, Sommet Blanc Condominiums Plat, based on the Findings of Fact, Conclusions of Law, and Conditions of Approval as follows: 0. Findings of Fact .1 1. The Sommet Blanc Condominium Plat proposes 3 lodges, with 49 residential units (162,000 square feet), 6 Deed Restricted Units, 2 ADA Units, and 1 Restaurant (3,559 square feet). 2. The Condominium plat is located in the Residential (RD) Zone. 3. The Condominium plat is subject to the requirements of the 2007 Flagstaff Development Agreement"
485,PlanningCommission|continue 14 iron canyon subdivision,3,CONTINUE 14 Iron Canyon Subdivision,"CONTINUE 14 Iron Canyon Subdivision, Lot 33 Building Pad Amendment, to July 27, 2022"
486,PlanningCommission|street stag lodge unit 50 condominium plat amendment,3,Street Stag Lodge Unit 50 Condominium Plat Amendment,"forward a positive recommendation for City Council consideration on September 1, 2022, for 8200 Royal Street Stag Lodge Unit 50 Condominium Plat Amendment, based on the Findings of Fact, Conclusions of Law, and Conditions of Approval in the Draft Ordinance, attached as Exhibit A to the Staff Report as follows: Findings of Fact: 1. The property is located at 8200 Royal Street #50. 2. The property is in the Residential Development (RD-MPD) District and is also governed by the 12th Amended Deer Valley Master Planned Development. 3. The proposed changes to Unit 50 include the addition of 370 squar"
487,PlanningCommission|street stag lodge unit 7 condominium plat amendment,3,Street Stag Lodge Unit 7 Condominium Plat Amendment,"forward a positive recommendation for City Council's consideration on September 1, 2022, for 8200 Royal Street Stag Lodge Unit 7 Condominium Plat Amendment, based on the Findings of Fact, Conclusions of Law, and Conditions of Approval in the Draft Ordinance, attached as Exhibit A to the Staff Report as follows: 0. Findings of Fact: 1. The property is located at 8200 Royal Street #7. .1 2. The property is in the Residential Development (RD-MPD) District and is also governed by the 12th Amended Deer Valley Master Planned Development. 3. The proposed changes to Unit 7 include Enclosing the deck o"
488,PlanningCommission|s|minutes/2022/2022-07-11/2022-07-13_planning-commission-meeting.md|8,3,,"DENY the Private Recreation Facility Conditional Use Permit on 1115 Aerie Drive subject to the Findings of Fact and Conclusions of Law as follows: Findings of Fact 1. The property is located at 1115 Aerie Drive. 2. On December 20, 2021, the applicant representing the property owner of 1115 Aerie Drive submitted two land use applications to the Park City Planning Department: Planning Department a. An Administrative Conditional Use Permit for retaining walls greater than six feet (6') in height from Final Grade. b. A Conditional Use Permit for Private Recreation Facilities. 3. The Applicant prop"
489,PlanningCommission|s|minutes/2022/2022-07-11/2022-07-13_planning-commission-meeting.md|9,3,,"CONTINUE Founders Place Administrative Development Agreement Ratification, to July 27, 2022"
490,PlanningCommission|bardsley plat amendment,3,Bardsley Plat Amendment,"forward a positive recommendation for the Bardsley Plat Amendment to the City Council for consideration on September 15, 2022, based on the following Findings of Fact, Conclusions of Law, and Conditions of Approval, as amended, set forth in the Draft Ordinance as follows: 4. Findings of Fact Background: 1. .2 The property is located at 517 Park Avenue, and the proposed address for Lot 3 is 509 Park Avenue. 2. The property is listed with Summit County as Parcel number PC-73 and consists of Lot 3, listed as PC-73-B, Lot 4, and a portion of Lot 5 in Block 5, Park City Survey. 3. The Applicant own"
491,PlanningCommission|iron canyon subdivision,3,Iron Canyon Subdivision,"forward a positive recommendation for the City Council’s 4. consideration on September 1, 2022, for Iron Canyon Subdivision Lot 33 Plat Amendment based on the Findings of Fact, Conclusions of Law, and Conditions of Approval as outlined in the Draft Ordinance as follows: Findings of Fact .2 1. The property is located at 14 Iron Canyon Court. 2. The property is within the Single-Family Zoning District. 3. The property consists of Lot 33 of the Iron Canyon Subdivision, approved in 1983. 4. The plat amendment proposes to adjust the Building Pad area shown on the Iron Canyon Subdivision plat. 5. Th"
492,PlanningCommission|s|minutes/2022/2022-07-25/2022-07-27_planning-commission-meeting.md|3,3,,"ratify the Development Agreement for Founders’ Place, as amended"
493,PlanningCommission|s|minutes/2022/2022-08-08/2022-08-10_planning-commission-meeting.md|3,3,,CONTINUE 1251 Kearns Boulevard-Conditional Use Permit to a date uncertain
494,PlanningCommission|s|minutes/2022/2022-08-08/2022-08-10_planning-commission-meeting.md|4,3,,CONTINUE 1351 Kearns Boulevard-Conditional Use Permit to a date uncertain
495,PlanningCommission|district 2 the 51 daly avenue plat amendment,3,District. 2. The 51 Daly Avenue Plat Amendment,"forward a positive recommendation for City Council’s consideration on September 15, 2022, for 51 Daly Avenue—Subdivision Plat, based on the Draft Ordinance, and Findings of Fact, Conclusions of Law, and Conditions of Approval contained therein as follows: Findings of Fact 1. The plat is located at 51 Daly Avenue within the Historic Residential (HR-1) District. 2. The 51 Daly Avenue Plat Amendment consists of 22.7 feet of Lot 5 and all of Lot 6 of Block 73. 3. On February 28, 2022, the current owner and applicant submitted an application for a Plat Amendment to combine two existing lots into on"
496,PlanningCommission|s|minutes/2022/2022-08-08/2022-08-10_planning-commission-meeting.md|6,3,,"forward a positive recommendation on the proposed Park City Forward supplement to the General Plan with the addition of a Guiding Principle on page 4 regarding inward transportation systems, for City Council consideration"
497,PlanningCommission|stag lodge condominium plat amendment,3,Stag Lodge Condominium Plat Amendment,"forward a positive recommendation for Stag Lodge Condominium Plat Amendment for City Council’s consideration on September 1, 2022, based on the Findings of Fact, Conclusions of Law, and Conditions of Approval in the Draft Ordinance as follows: Findings of Fact: 1. The property is located at 8200 Royal Street #50. 2. The property is in the Residential Development (RD-MPD) District and is also governed by the 12th Amended Deer Valley Master Planned Development. 3. The proposed changes to Unit 50 include the addition of 370 square feet to the lower level and 1,074 to the lowest level and an incre"
498,PlanningCommission|s|minutes/2022/2022-08-22/2022-08-24_planning-commission-meeting.md|2,3,,"CONTINUE 1800 Park Avenue Master Planned Development and Affordable Master Planned Development to September 14, 2022"
499,PlanningCommission|s|minutes/2022/2022-08-22/2022-08-24_planning-commission-meeting.md|3,3,,"CONTINUE 1875 Homestake Road Affordable Master Planned Development and Conditional Use Permit to September 28, 2022"
500,PlanningCommission|park city fire station subdivision,3,Park City Fire Station Subdivision,"forward a positive recommendation for City Council’s consideration on October 6, 2022, for the Park City Fire Station Subdivision Plat, based on the Findings of Fact, Conclusions of Law, and Conditions of Approval as outlined in the Draft Ordinance as follows: Findings of Fact Background: 1. The property is located at 7805 Royal Street. 2. The Parcel is listed with Summit County as PCA-1200-4-X. 3. The property is in the Public Use Transition (PUT) Zoning District and the Sensitive Land Overlay. 4. Park City Fire District will maintain ownership of the proposed Lot. 5. No easement is vacated o"
501,PlanningCommission|s|minutes/2022/2022-08-22/2022-08-24_planning-commission-meeting.md|6,3,,"forward a positive recommendation for City Council’s consideration on September 1, 2022, for Land Management Code Amendment 15-12- 4. 2 Terms and Eligibility of Members to Establish Planning"
502,PlanningCommission|woodside avenue heimpel plat amendment,3,Woodside Avenue Heimpel Plat Amendment,"forward a positive recommendation for City Council consideration on October 27, 2022, for the 455 Woodside Avenue Heimpel Plat Amendment application, based on the Findings of Fact, Conclusions of Law, and Conditions of Approval as outlined in the Draft Ordinance as follows: Findings of Fact 8. Background: 1. The property is located at 455 Woodside Avenue. .2 2. The property is listed with Summit County as Parcel number PC-356 and consists of Lot 10 and half of Lot 11 of Block 29, Park City Survey. 3. The Applicant owns Lot 10 and half of Lot 11. 4. The property is in the Historic Residential ("
503,PlanningCommission|stonebridge circle plat amendment,3,Stonebridge Circle Plat Amendment,"forward a positive recommendation for City Council’s consideration on October 27, 2022, for 1201 Stonebridge Circle Plat Amendment, based on the Findings of Fact, Conclusions of Law, and Conditions of Approval as follows: Findings of Fact Background: 1. The property is located at 1201 Stonebridge Circle. 2. The Parcel is listed with Summit County as SBG-14-F. 9. 3. The property is in the Residential Development (RD) Zoning District. 4. No easement is vacated or amended as a result of the Plat Amendment. 5. .0 The LMC regulates the RD Zoning District Lot and Site Requirements per LMC Chapter 15"
504,PlanningCommission|s|minutes/2022/2022-10-10/2022-10-12_planning-commission-meeting.md|1,3,,CONTINUE 1251 Kearns Boulevard—Conditional Use Permit Application to a date uncertain
505,PlanningCommission|s|minutes/2022/2022-10-10/2022-10-12_planning-commission-meeting.md|2,3,,CONTINUE 1351 Kearns Boulevard—Conditional Use Permit Application to a date uncertain
506,PlanningCommission|s|minutes/2022/2022-10-10/2022-10-12_planning-commission-meeting.md|3,3,,"forward a negative recommendation for the City Council’s consideration on November 11, 2022, for 3099 Mountain Ridge Court—Plat Amendment, based on the lack of Good Cause in the adjustment of the Plat Findings, as voiced by the Commission during this meeting, and based on the following Findings of Fact and Conclusions of Law: Findings of Fact Background: 9. 1. The property is located at 3099 Mountain Ridge Court. 2. 3. .0 The property is listed with Summit County as Parcel Number MR-13. The property is in the Single Family (SF) Zoning District. 4. On September 1, 2022, the Applicant submitted "
507,PlanningCommission|s|minutes/2022/2022-10-24/2022-10-26_planning-commission-meeting.md|2,3,,CONTINUE 220 King Road – Plat Amendment and Conditional Use Permit to a date uncertain
508,PlanningCommission|s|minutes/2022/2022-10-24/2022-10-26_planning-commission-meeting.md|3,3,,"APPROVE the Conditional Use Permit for 1750 Kearns Boulevard (Park City High School), based on the Findings of Fact, Conclusions of Law, and Conditions of Approval as outlined in the Draft Final Action Letter as follows: Findings of Fact 1. In 1985, the Park City School District (“PCSD”) applied to annex the PCSD campus into Park City (PL-85-00026). 2. On October 3, 1985, the City Council enacted Ordinance No. 85-11, annexing the PCSD Campus and zoning it Recreation Open Space (“ROS”). 3. In the ROS Zoning District, schools require a Conditional Use Permit (“CUP”) and Planning Commission revie"
509,PlanningCommission|s|minutes/2022/2022-10-24/2022-10-26_planning-commission-meeting.md|4,3,,"APPROVE a Conditional Use Permit for 2270 Kearns Boulevard (McPolin Elementary), based on the Findings of Fact, Conclusions of Law, and Conditions of Approval as outlined in the Final Action Letter as follows: Findings of Fact 1. In 1985, the Park City School District (“PCSD”) applied to annex the PCSD campus into Park City (PL-85-00026). 2. On October 3, 1985, the City Council enacted Ordinance No. 85-11, annexing the PCSD Campus and zoning it Recreation Open Space (“ROS”). 3. The PCSD Campus includes the Park City High School (1750 Kearns Boulevard), McPolin Elementary (2270 Kearns Boulevard"
510,PlanningCommission|s|minutes/2022/2022-10-24/2022-10-26_planning-commission-meeting.md|5,3,,"APPROVE the Modification to a Conditional Use Permit and Master Planned Development for 1000 Ability Way, based on the Findings of Fact, Conclusions of Law, and Conditions of Approval as outlined in the NAC Final Action Letter: Findings of Fact 12.14.2022 1. A 2017 Conditional Use Permit (“CUP”) and 2019 Master Planned Development (“NAC MPD”) outline the approved density for the NAC’s Round Valley property at 1000 Ability Way in the Recreation Open Space Zoning District. 2. The Applicant proposes adding a 2,048-square-foot addition to the stables for safer grooming and tacking for participants"
511,PlanningCommission|s|minutes/2022/2022-10-24/2022-10-26_planning-commission-meeting.md|6,3,,"CONTINUE Item 6D, Land Management Code Amendments, to the January 11, 2023 meeting"
512,PlanningCommission|the yard subdivision,3,The Yard Subdivision,"APPROVE the Affordable Master Planned Development and Conditional Use Permit for 1875 Homestake Road, based on the Findings of Fact, Conclusions of Law, and Conditions of Approval as outlined in the Draft Final Action Letter, as amended: Findings of Fact 1. 1875 Homestake Road is the triangular-shaped Lot B of The Yard Subdivision – First Amended, a 1.86-acre Lot in the General Commercial Zoning District. 2. 1875 Homestake Road is in the Bonanza Park neighborhood, which the General Plan identifies as a mixed-use 12.14.2022 neighborhood where locals live and work. According to the General Plan,"
513,PlanningCommission|s|minutes/2022/2022-11-07/2022-11-09_planning-commission-meeting.md|3,3,,"APPROVE the Amendment to the MPD for Studio Crossing, based on the Findings of Fact, Conclusions of Law and Conditions of Approval as follows: Findings of Fact 1. The property is located at 3981 Kearns Boulevard, a 20.464-acre Lot. 2. The site is in the Community Transition (CT) zone, with a Regional Commercial Overlay (RCO), Entry Corridor Protection Overlay (ECPO), and Sensitive Land Overlay (SLO) in addition to the Film Studio MPD. 3. The Park City Film Studios consists of two separate lots. Lot 1A contains the developed portion of the Park City Film Studios, and Lot 1B is currently undevel"
514,PlanningCommission|s|minutes/2022/2022-11-07/2022-11-09_planning-commission-meeting.md|4,3,,"forward a POSITIVE recommendation of the draft Ordinance for 4001 Kearns Boulevard for Council’s consideration on December 15, 2022, based on the Findings of Fact, Conclusions of Law and Conditions of Approval as follows: 4. Findings of Fact: 1. The property is located at 3981 Kearns Boulevard. 2. .1 The site is in the Community Transition (CT) zone, with a Regional Commercial Overlay (RCO), Entry Corridor Protection Overlay (ECPO), and Sensitive Land Overlay (SLO) in addition to the Film Studio MPD. 3. The Park City Film Studios consists of two separate lots. Lot 1A contains the developed por"
515,PlanningCommission|s|minutes/2022/2022-11-07/2022-11-09_planning-commission-meeting.md|6,3,,"forward a POSITIVE recommendation for 161 Park Avenue for City Council’s consideration on December 8, 2022, based on the Findings of Fact, Conclusions of Law and Conditions of Approval outlined in the Draft Ordinance as follows: Findings of Fact Background: 1. The property is located at 161 Park Avenue. 2. The property is listed with Summit County as Parcel number PC-7 and consists of the northern 15 feet of Lot 15 and all of lot 16, Block 1, Park City Survey. 3. The Applicant owns the northern 15 feet of Lot 15 and all of Lot 16. 4. The property is in the Historic Residential (HR-1) Zoning Di"
516,PlanningCommission|s|minutes/2022/2022-11-07/2022-11-09_planning-commission-meeting.md|7,3,,CONTINUE 327 McHenry Avenue – Conditional Use Permit – to a date uncertain
517,PlanningCommission|s|minutes/2022/2022-11-07/2022-11-09_planning-commission-meeting.md|8,3,,"CONTINUE Bransford Parcels Zoning Amendment to December 14, 2022. It was noted that the public hearing would be continued as well to that date"
518,PlanningCommission|s|minutes/2022/2022-12-12/2022-12-14_planning-commission-meeting.md|3,3,,"CONTINUE 8680 Empire Club Drive—Conditional Use Permit, to a date uncertain"
519,PlanningCommission|s|minutes/2022/2022-12-12/2022-12-14_planning-commission-meeting.md|6,3,,"forward a POSITIVE RECOMMENDATION for City Council consideration, based on the Draft Ordinance, and the Findings of Fact, Conclusions of Law and Conditions of Approval as modified: Findings of Fact: 1. Parcel PCA-S-79-C (the Bransford Parcel, also known as the Logan Parcel) contains 19.8 acres and is currently zoned Recreation Open Space. 2. The Applicant proposes to rezone six acres within Parcel PCA-S-79-C from Recreation Open Space to Estate to create two three-acre pods to accommodate the development of two Single-Family Dwellings, one for each three-acre pod. 3. Parcel PCA-S-79-C is in th"
520,PlanningCommission|s|minutes/2022/2022-12-12/2022-12-14_planning-commission-meeting.md|7,3,,"forward a POSITIVE RECOMMENDATION for City Council’s consideration on January 24, 2023 for 2545 Lucky John Drive, based on the Findings of Fact, Conclusions of Law and Conditions of Approval as follows: Findings of Fact: 1. The property is located at 2519 and 2545 Lucky John Drive. 2. The property is in the Single Family (SF) zoning district. 3. The property consists of two 1-acre lots, known as Lot 30 and 31 Holiday Ranchettes and includes a recorded driveway easement shared by both Lots. 4. The owner wishes to remove the shared driveway easement between Lots 30 and 31 of the Holiday Ranchett"
521,PlanningCommission|s|minutes/2023/2023-01-09/2023-01-11_planning-commission-meeting.md|3,3,,"forward a POSITIVE recommendation for 1301 Park Avenue – Subdivision for City Council’s consideration on February 16, 2023, based on the Findings of Fact, Conclusions of Law, and Conditions of Approval as outlined in the Draft Ordinance"
522,PlanningCommission|s|minutes/2023/2023-01-09/2023-01-11_planning-commission-meeting.md|4,3,,"forward a POSITIVE recommendation for City Council’s consideration on January 24, 2023 on the Moderate Income Housing element of the General Plan"
523,PlanningCommission|s|minutes/2023/2023-01-09/2023-01-11_planning-commission-meeting.md|5,3,,"CONTINUE the Land Management Code Amendments to February 8, 2023"
524,PlanningCommission|s|minutes/2023/2023-01-09/2023-01-11_planning-commission-meeting.md|6,3,,"forward a POSITIVE recommendation for City Council’s consideration on February 16, 2023, for the Land Management Code Amendments on the Solamere, Chatham Crossing, and West Ridge Subdivisions, as set forth in the Draft Ordinance attached as Exhibit A to the Staff Report"
525,PlanningCommission|s|minutes/2023/2023-01-09/2023-01-11_planning-commission-meeting.md|7,3,,"forward a POSITIVE recommendation for City Council’s consideration on February 16, 2023, for 3045 Ridgeview Drive – Plat Amendment, based on the Findings of Fact, Conclusions of Law, and Conditions of Approval outlined in the Draft Ordinance as follows: Findings of Fact: 8. 1. On August 26, 1982, the City Council approved the Ridgeview Townhouse Condominiums, creating four townhouses along Ridgeview Drive. The Ridgeview 2. .0 Townhouse Condominiums are in the Residential Development Zoning District. The 1982 Ridgeview Townhouse Condominium Plat has a note, which dedicated all common space to t"
526,PlanningCommission|s|minutes/2023/2023-01-23/2023-01-25_planning-commission-meeting.md|2,3,,"CONTINUE 1305 Lowell Avenue – Conditional Use Permit, to a date uncertain"
527,PlanningCommission|city council s consideration on march 9,3,City Council's consideration on March 9,"forward a POSITIVE recommendation of approval for the City Council’s consideration on March 9, 2023, for 402 Ontario Avenue and 410 Ontario .2 Avenue – Plat Amendment, based on the amended Findings of Fact, Conclusions of Law and Conditions of Approval contained in the Draft Ordinance as follows: Findings of Fact 1. The properties are located at 402 and 410 Ontario Avenue. 2. The property is listed with Summit County as Lots 1, 2, and 3 of Block 58 of the Park City Survey. 3. 402 Ontario consists of Lot 1 and the southerly half of Lot 2 of Block 58 of the Park City Survey and is currently vaca"
528,PlanningCommission|s|minutes/2023/2023-01-23/2023-01-25_planning-commission-meeting.md|4,3,,"forward a positive recommendation for City Council’s consideration on February 16, 2023, based on the Findings of Fact, Conclusions of Law, and Amended Conditions of Approval, outlined in the Draft Ordinance as follows: Findings of Fact Background: 1. The property is located at 7979 Roamer Court. 2. The property is listed with Summit County as Parcel number BEC-9. 3. The property is in the Residential Development Zoning District. 4. The Bald Eagle Club at Deer Valley is part of the Deer Valley Master Planned Development. 5. The Bald Eagle Community Condominiums conceptual Master Planned Develo"
529,PlanningCommission|s|minutes/2023/2023-02-06/2023-02-08_planning-commission-meeting.md|3,3,,"CONTINUE 1875 Homestake Road, Affordable Master Planned Development – Development Agreement, to a date uncertain"
530,PlanningCommission|s|minutes/2023/2023-02-06/2023-02-08_planning-commission-meeting.md|4,3,,"forward a POSITIVE recommendation for City Council’s consideration on March 9, 2023, for 1150 Park Avenue – Plat Amendment, based on the Findings of Fact, Conclusions of Law, and Conditions of Approval outlined in the Draft Ordinance as follows: FindingsApproved of Fact Background: 1. The property is located at 1150 Park Avenue. 2. The property is listed with Summit County as Parcel Number SA-363 and consists of all of Lots 12 and 13, Block 65, Snyder’s Additions to Park City Amended. 3. The Applicant owns all of Lot 12 and 13, plus an additional 1,000 square feet of land to the east. 4. The p"
531,PlanningCommission|bellevue subdivision,3,Bellevue Subdivision,"forward a positive recommendation for Fractional Use and Private Residence Clubs in Bellevue Subdivision Phase 1 First Amendment and Phase 2, for City Council’s consideration on March 9, 2023, as set forth in the Draft Ordinance"
532,PlanningCommission|s|minutes/2023/2023-02-06/2023-02-08_planning-commission-meeting.md|6,3,,"forward a POSITIVE recommendation for City CouncilApproved’s consideration on March 9, 2023, for the Water Wise Landscaping Land Management Code Amendments, as outlined in the amended Draft Ordinance"
533,PlanningCommission|s|minutes/2023/2023-02-20/2023-02-22_planning-commission-meeting.md|2,3,,"CONTINUE 316 Woodside Avenue – SSCUP and CUP to March 8, 2023"
534,PlanningCommission|s|minutes/2023/2023-02-20/2023-02-22_planning-commission-meeting.md|4,3,,"forward a POSITIVE recommendation for 1313 Park Avenue – Subdivision, as amended with Condition of Approval 4, for City Council’s consideration on April 4, 2023, based on the Findings of Fact, Conclusions of Law, and Conditions of Approval, as amended, as follows: Findings of Fact 1. The property is located at 1313 Park Avenue. 2. The property is listed with Summit County as Lot 1 of Block 24 of the Snyders Addition to Park City Survey. 3. The property is in the Historic Residential Medium Density (HRM) Zoning District. 4. The Applicant seeks to create one Lot of Record. 5. The existing non-hi"
535,PlanningCommission|s|minutes/2023/2023-02-20/2023-02-22_planning-commission-meeting.md|5,3,,"forward a POSITIVE recommendation for City Council’s consideration on March 23, 2023, the Land Management Code Amendments for Timeshares, Private Residence Clubs, and Fractional Use of Dwelling Units, Option 2, as outlined in the Draft Ordinance attached as Exhibit A to the Staff Report"
536,PlanningCommission|s|minutes/2023/2023-03-06/2023-03-08_planning-commission-meeting.md|2,3,,"forward a POSITIVE recommendation for City Council’s consideration on April 27, 2023, for 1271 Lowell Avenue, Units B302 and B401 – Plat Amendment, based on the Findings of Fact, Conclusions of Law and Conditions of Approval set out in the Draft Ordinance as follows: Findings of Fact: 1. The Applicant proposes combining Units B302 & B401 within the King’s Crown 2. Condominiums in the Recreation Commercial Zoning District. 2. On January 10, 2018, the Planning Commission approved the King’s Crown .1 Master Planned Development (MPD) and Conditional Use Permit (CUP). The MPD and CUP approval inclu"
537,PlanningCommission|park city mountain resort master plan,3,Park City Mountain Resort Master Plan,"APPROVE a Conditional Use Permit to Install Roof Mounted Stealth Telecommunication Facilities at the Marriott Mountainside, based on the Findings of Fact, Conclusions of Law, and Conditions of Approval outlined in the Final Action Letter, as amended, as follows: Findings of Fact .1 1. The site is located at 1305 Lowell Avenue, in the Recreation Commercial Zoning District, and is part of the Park City Mountain Resort Master Plan Development. 2. The Applicant proposes installing four sectors of roof-mounted antennas, each sector will house three wireless antennas inside the Marriott Mountainside"
538,PlanningCommission|s|minutes/2023/2023-03-06/2023-03-08_planning-commission-meeting.md|4,3,,"APPROVE the Steep Slope Conditional Use Permit and Conditional Use Permit for 316 Woodside Avenue, based on the Findings of Fact, Conclusions of Law, and Conditions of Approval contained in the Draft Final Action Letter as follows: Findings of Fact 1. The Site is located at 316 Woodside Avenue. 2. The Site is located within the Historic Residential – 1 (HR-1) Zoning District. 3. The Applicant proposes to construct an addition to a Significant Structure over a Steep Slope and within the required Front Setback. 4. Staff reviewed 316 Woodside Avenue’s SSCUP application for compliance with the 16 "
539,PlanningCommission|s|minutes/2023/2023-03-20/2023-03-22_planning-commission-meeting.md|3,3,,"CONTINUE 327 McHenry Avenue – Conditional Use Permit Private Recreational Facility – to April 12, 2023"
540,PlanningCommission|s|minutes/2023/2023-03-20/2023-03-22_planning-commission-meeting.md|4,3,,RATIFY the 1875 Homestake Road – Development Agreement
541,PlanningCommission|s|minutes/2023/2023-03-20/2023-03-22_planning-commission-meeting.md|5,3,,"CONTINUE 1875 Homestake Road – Development Agreement to April 26, 2023"
542,PlanningCommission|s|minutes/2023/2023-03-20/2023-03-22_planning-commission-meeting.md|9,3,,"forward a POSITIVE recommendation for City Council’s consideration on April 4, 2023 for the First Restated Black Diamond Plat, based on the Findings of Fact, Conclusions of Law and Conditions of Approval in the Draft Ordinance as follows: Findings of Fact Background: 1. The Black Diamond Lodge Plat was approved in 2000. 2. 2. The property is located at 2280 Deer Valley Drive. 3. The property is listed with Summit County as Parcel numbers BDL-141, BDL- 4. 243, and BDL-352. .1 The Black Diamond Lodge is in the Residential Development (RD) Zoning District. 5. The Black Diamond Lodge is subject to"
543,PlanningCommission|s|minutes/2023/2023-03-20/2023-03-22_planning-commission-meeting.md|10,3,,"forward a POSITIVE recommendation for City Council’s consideration on April 27, 2023 for Land Management Code Amendments – Bicycle Parking Requirements"
544,PlanningCommission|s|minutes/2023/2023-03-20/2023-03-22_planning-commission-meeting.md|11,3,,"forward a POSITIVE recommendation for City Council’s consideration on April 27, 2023 for the Sensitive Land Overlay Land Management Code Amendments"
545,PlanningCommission|s|minutes/2023/2023-03-20/2023-03-22_planning-commission-meeting.md|12,3,,"CONTINUE Land Management Code Amendments – Accessory Units in Master Planned Developments, to April 12, 2023"
546,PlanningCommission|s|minutes/2023/2023-04-10/2023-04-12_planning-commission-meeting.md|3,3,,"CONTINUE 327 McHenry Avenue – Conditional Use Permit, and the public hearing – to May 10, 2023"
547,PlanningCommission|s|minutes/2023/2023-04-10/2023-04-12_planning-commission-meeting.md|4,3,,"CONTINUE 1325 Empire Avenue and Parcel SA- .1 200 – Plat Amendment – to May 10, 2023"
548,PlanningCommission|s|minutes/2023/2023-04-10/2023-04-12_planning-commission-meeting.md|5,3,,RATIFY 1875 Homestake Road – Development Agreement
549,PlanningCommission|s|minutes/2023/2023-04-10/2023-04-12_planning-commission-meeting.md|7,3,,"forward a POSITIVE recommendation for City Council consideration on May 11, 2023, for 593 Park Avenue – Plat Amendment, based on the Findings of Fact, Conclusions of Law, and Conditions of Approval contained in the Draft Ordinance as follows: Findings of Fact 1. The property is located at 593 Park Avenue. 2. The property is listed with Summit County as Lots 22 and 23 of Block 5 of the Amended Park City Survey. 3. The property is in the Historic Residential (HR-1) Zoning District. 4. The Applicant seeks to remove an existing Lot Line to create one Lot. 5. The property is currently vacant. 5. Or"
550,PlanningCommission|s|minutes/2023/2023-04-10/2023-04-12_planning-commission-meeting.md|8,3,,"forward a POSITIVE recommendation for the City Council’s consideration on April 27, 2023, for the Fractional Use of Dwelling Units in Chatham Crossing and West Ridge Subdivisions – Land Management Code Amendments, as outlined in the Draft Ordinance"
551,PlanningCommission|s|minutes/2023/2023-04-10/2023-04-12_planning-commission-meeting.md|9,3,,"forward a POSITIVE recommendation for the City Council’s consideration on April 27, 2023, for Land Management Code Amendments – Accessory Uses and Master Planned Developments, as amended"
552,PlanningCommission|s|minutes/2023/2023-04-24/2023-04-26_planning-commission-meeting.md|3,3,,CONTINUE 958 Woodside Avenue – Plat Amendment to a date uncertain
553,PlanningCommission|s|minutes/2023/2023-04-24/2023-04-26_planning-commission-meeting.md|4,3,,"CONTINUE Huntsman Estates - Plat Amendment to May 10, 2023, along with the public hearing"
554,PlanningCommission|s|minutes/2023/2023-05-08/2023-05-10_planning-commission-meeting.md|2,3,,CONTINUE the public hearing and 327 McHenry Avenue – Conditional Use Permit to a date uncertain
555,PlanningCommission|s|minutes/2023/2023-05-08/2023-05-10_planning-commission-meeting.md|3,3,,"CONTINUE the public hearing and Huntsman Estates – Plat Amendment to June 14, 2023"
556,PlanningCommission|s|minutes/2023/2023-05-08/2023-05-10_planning-commission-meeting.md|4,3,,"forward a POSITIVE recommendation for City Council’s consideration on June 15, 2023, for 1120 Empire Avenue – Plat Amended – as outlined in the Draft Ordinance, as amended with regards to Condition of Approval 4, and Finding of Fact 12, as follows: Findings of Fact Background: 1. The property is located at 1120 Empire Avenue. 2. The property is listed with Summit County as Parcel number SA-181-A and consists of all of Lots 26 and 27, and the north 0.5 feet of Lot 28, Block 17, Snyder’s Addition to Park City. 3. The property is in the Historic Residential – 1 (HR-1) Zoning District. 4. No easem"
557,PlanningCommission|eagle way plat amendment,3,Eagle Way Plat Amendment,"forward a POSITIVE recommendation for City Council’s consideration on June 15, 2023, for the Eagle Way Plat Amendment, Second Amended, as amended, based on the Findings of Fact, Conclusions of Law and Conditions of Approval, as amended as follows: Findings of Fact Background: 1. The property is located at 1460 Eagle Way. 2. The property is listed with Summit County as Parcel number EW-B-1 AM. 3. The property is in the Single-Family Zoning District. 4. The Applicant owns contiguous property in the Estate Zoning District, Estate Lot 1, and metes-and-bounds Parcel SA-254-2-C. 5. The Applicant pro"
558,PlanningCommission|s|minutes/2023/2023-05-08/2023-05-10_planning-commission-meeting.md|8,3,,"CONTINUE Land Management Code Amendments – Final Action - to June 14, 2023"
559,PlanningCommission|s|minutes/2023/2023-05-22/2023-05-24_planning-commission-meeting.md|2,3,,CONTINUE Parcel ASR-1 Conditional Use Permit to a date uncertain
560,PlanningCommission|s|minutes/2023/2023-05-22/2023-05-24_planning-commission-meeting.md|4,3,,"CONTINUE Land Management Code Amendments – Lot Combinations – to July 12, 2023"
561,PlanningCommission|s|minutes/2023/2023-06-12/2023-06-14_planning-commission-meeting.md|3,3,,"CONTINUE 729 Rossie Hill Drive – Conditional Use Permit, and the public hearing thereon to June 28, 2023"
562,PlanningCommission|s|minutes/2023/2023-06-12/2023-06-14_planning-commission-meeting.md|4,3,,"CONTINUE 755 Rossie Hill Drive – Conditional Use Permit, and the public hearing thereon to June 28, 2023"
563,PlanningCommission|s|minutes/2023/2023-06-12/2023-06-14_planning-commission-meeting.md|5,3,,"forward a POSITIVE recommendation for the City Council’s consideration on July 6, 2023, for 3267 West Deer Hollow – Founders Place Phase II Condominium Plat, based on the Findings of Fact, Conclusions of Law and Conditions of Approval as follows: 6. Findings of Fact Background: 1. .2 The Founders Place Phase I Condominium Plat was approved by the Park City Council on January 27, 2022, and recorded with the Wasatch County Recorder on July 5, 2022. 2. The Founders Place Phase II Condominium Plat includes 19 market-rate condominium units and one affordable unit. 3. The Founders Place Phase II Con"
564,PlanningCommission|the huntsman estates subdivision,3,The Huntsman Estates Subdivision,"forward a POSITIVE recommendation for City Council’s consideration on July 13, 2023, on Huntsman Estates – Plat Amendment, amended as follows: Findings of Fact: 1. The Huntsman Estates Subdivision contains 40.69 acres, is zoned Residential Development, and is located within the Deer Valley MPD Overlay (RD-MPD). 2. The Parcel was originally known as the Westview Parcel located in the North Silver Lake Community of Deer Valley and is assigned 15 Units of Density in Exhibit 1 of the Twelfth Amendment and Restated Deer Valley MPD, with one Unit already developed. 3. The Subdivision is classified a"
565,PlanningCommission|s|minutes/2023/2023-06-12/2023-06-14_planning-commission-meeting.md|7,3,,"forward a POSITIVE recommendation for the City Council’s consideration on July 13, 2023, for Land Management Code Amendments – Appeals, per Planning Staff’s recommendation to create a Permanent Appeal Panel with members serving terms of three years to hear appeals for MPDs and CUPs"
566,PlanningCommission|s|minutes/2023/2023-06-26/2023-06-28_planning-commission-meeting.md|1,3,,"CONTINUE 2346 Park Avenue – The Peaks Hotel Conditional Use Permit – and the public hearing to July 26, 2023"
567,PlanningCommission|s|minutes/2023/2023-06-26/2023-06-28_planning-commission-meeting.md|2,3,,"CONTINUE 729 Rossie Hill Drive – Conditional Use Permit – and the public hearing to July 12, 2023"
568,PlanningCommission|s|minutes/2023/2023-06-26/2023-06-28_planning-commission-meeting.md|3,3,,"CONTINUE 755 Rossie Hill Drive – Conditional Use Permit – and the public hearing to July 12, 2023"
569,PlanningCommission|s|minutes/2023/2023-06-26/2023-06-28_planning-commission-meeting.md|4,3,,"APPROVE the HOPA Affordable Master Planned Development and Conditional Use Permit, based on the Findings of Fact, Conclusions of Law 9. and Conditions of Approval set forth in the Draft Final Action Letter, as amended, as follows: Findings of Fact 1. .0 On April 16, 1975, the Planning Commission approved a Planned Unit Development for the construction of 80 affordable units at 2200 Monitor Drive (Parcel PCA-2-2302 and PCA-2-2306), known as the Holiday Village Apartments. 2. In 1982, the Planning Commission approved a Conditional Use Permit for the construction of 42 affordable units at 1776 Ke"
570,PlanningCommission|prospector square condo subdivision,3,Prospector Square Condo Subdivision,"APPROVE 2175 Sidewinder Drive – Conditional Use Permit, based on the Findings of Fact, Conclusions of Law and Conditions of Approval included in the Draft Final Action Letter, as amended: Findings of Fact 1. The Property is located at 2175 Sidewinder Drive and is a part of the Prospector Square Condo Subdivision. 2. The Property is located within the Residential Development (RD) Zoning District. 3. In the RD Zoning District, the Front Setback is 20 feet, the Rear Setback is 15 feet, and the Side Setbacks are 12 feet. The maximum building height is 28 feet. 4. The Applicant proposes to install "
571,PlanningCommission|s|minutes/2023/2023-06-26/2023-06-28_planning-commission-meeting.md|7,3,,"APPROVE the 7700 Marsac Avenue – Conditional Use Permit based on the Findings of Fact, Conclusions of Law and Conditions of Approval outlined in the Draft Final Action Letter: Findings of Fact 1. The Property is located at 7700 Marsac Avenue, Parcel Number PCA-S-46-98-X. 2. The Property is located within the Recreation and Open Space (ROS) Zoning District and the Sensitive Land Overlay (SLO) Zone. 3. In 1999, the City Council adopted Ordinance 99-30 and Resolution 20-99 approving the annexation and development agreement for the 1,655-acre Flagstaff Mountain Area. The Mine Bench property at 770"
572,PlanningCommission|s|minutes/2023/2023-07-10/2023-07-12_planning-commission-meeting.md|3,3,,"CONTINUE Land Management Code Amendments – Lot Combinations in Historic Districts, and the public hearing thereon – to July 26, 2023"
573,PlanningCommission|thaynes creek ranch estates 9 subdivision,3,Thaynes Creek Ranch Estates 9. Subdivision,"forward a positive recommendation for City Council’s consideration on August 22, 2023, for 2411 Country Lane and 28 Payday Drive – Plat Amendment, based on the Findings of Fact, Conclusions of Law and Conditions of Approval in the Draft Ordinance as amended, as follows: Findings of Fact 1. The properties are located at 2411 Country Lane and 28 Payday Drive. 2. The Lots are within the Single-Family Zoning District. 3. The subject properties are Lots 3A and 4A of the Thaynes Creek Ranch Estates 9. Subdivision – Phase 1, approved by the City Council in 2013. 4. The property recorded as Thaynes Cr"
574,PlanningCommission|s|minutes/2023/2023-07-10/2023-07-12_planning-commission-meeting.md|5,3,,"CONTINUE 1325 Empire Avenue and Parcel SA- 200 – Plat Amendment, to September 27, 2023"
575,PlanningCommission|s|minutes/2023/2023-07-10/2023-07-12_planning-commission-meeting.md|6,3,,"CONTINUE 958 Woodside Avenue – Plat Amendment to July 26, 2023"
576,PlanningCommission|lilac hills east subdivision,3,Lilac Hills East Subdivision,"APPROVE 729 Rossie Hill – Conditional Use Permit - based on the Findings of Fact, Conclusions of Law, and Conditions of Approval in the Draft Final Action Letter as follows: Findings of Fact 1. 729 Rossie Hill Drive is in the Lower Rossie Hill subzone of the Historic Residential-Low Density (HRL) Zoning District. 2. The Lower Rossie Hill subzone of the HRL Zoning District includes five Single- Family Dwellings that are part of the Lilac Hills East Subdivision. 9. 3. 729 Rossie Hill Drive is Lot 2 of the Lilac Hills East Subdivision. 4. .0 729 Rossie Hill Drive is located on a 0.15-acre parcel."
577,PlanningCommission|s|minutes/2023/2023-07-24/2023-07-26_planning-commission-meeting.md|5,3,,"forward a POSITIVE recommendation for City Council’s consideration on August 22, 2023, for 958 Woodside Avenue – Plat Amendment, based on the Findings of Fact, Conclusions of Law, and Conditions of Approval outlined in the Draft Ordinance as follows: Findings of Fact 1. The property is located at 958 Woodside Avenue. 2. The property is listed with Summit County as parcel numbers SA-17-A and SA-18 and consists of Lots 19, 20, and the North half of Lot 21 in the Snyder’s Addition. 3. The property is in the Historic Residential-1 (HR-1) Zoning District. 4. The Applicant seeks to create two Lots o"
578,PlanningCommission|s|minutes/2023/2023-07-24/2023-07-26_planning-commission-meeting.md|7,3,,"forward a POSITIVE recommendation for City Council’s consideration on August 22, 2023, for 395 Deer Valley Drive – Plat Amendment, based on the Findings of Fact, Conclusions of Law, and Conditions of Approval as outlined in the Draft Ordinance, as amended: Findings of Fact 1. The property is located at 395 Deer Valley Drive in the Residential – 1 Zoning District. 2. The property is in Block 65, Amended Plat of Park City Survey, and consists of all of Lots 9 & 26, the westerly 18.75 feet of Lots 8 & 27, and the easterly one-half of Lots 10 & 25. 3. The Summit County parcel tax ID is PC-518-A-3."
579,PlanningCommission|s|minutes/2023/2023-07-24/2023-07-26_planning-commission-meeting.md|8,3,,"CONTINUE Land Management Code Amendments – Lot Combinations, and the public hearing thereon, to August 23, 2023"
580,PlanningCommission|s|minutes/2023/2023-08-07/2023-08-09_planning-commission-meeting.md|4,3,,"CONTINUE 401 Silver King Drive, Unit 70 (Snowflower Condominiums) – Plat Amendment, and the public hearing thereon to August 23, 2023"
581,PlanningCommission|s|minutes/2023/2023-08-07/2023-08-09_planning-commission-meeting.md|6,3,,"APPROVE 1662 Bonanza Drive – Conditional Use Permit subject to the following: Findings of Fact 1. 1662 Bonanza Drive is located in the General Commercial District and Transfer of Development Rights Overlay Zone. 2. On April 1, 1982, the City Council approved the Prospector Retail Building Condominium Plat, located at 1662 Bonanza Drive. 3. On April 5, 1982, the Prospector Retail Building Condominium Plat was recorded with the Summit County Recorder. 3. 4. Unit 1 is located on the Main Floor of 1662 Bonanza Drive. 5. .1 Unit 1 has been used for Commercial uses, specifically a Yoga Studio. 6. Un"
582,PlanningCommission|s|minutes/2023/2023-08-07/2023-08-09_planning-commission-meeting.md|7,3,,"forward a POSITIVE recommendation for the City Council’s consideration on 3981 Kearns Boulevard (SR-248) – Plat Amendment subject to the following: Findings of Fact 3. 1. The property is located at 3981 Kearns Boulevard. 2. The property’s annexation into Park City was the result of extensive litigation .1 between the original owners and Summit County for the development of the parcel that resulted in a settlement, which provided Park City with an option to consider the annexation prior to development in the County. 3. As a result, Park City approved its own Settlement Agreement and Development"
583,PlanningCommission|s|minutes/2023/2023-08-21/2023-08-23_planning-commission-meeting.md|2,3,,"forward a POSITIVE recommendation for the City Council’s consideration on September 14, 2023, for 401 Silver King Drive, Unit 70 – Plat Amendment, based on the Findings of Fact, Conclusions of Law and Conditions of Approval in the Draft Ordinance as follows: 3. Findings of Fact 1. The Snow Flower Condominiums Plat was approved in 1978. 2. .1 The property is located at 401 Silver King, Unit 70. 3. The property is listed with Summit County as Parcel number SFL-70. 4. The property is in the Recreation Commercial (RC) Zoning District. 5. The intent of this Plat Amendment is to convert Common Area "
584,PlanningCommission|s|minutes/2023/2023-08-21/2023-08-23_planning-commission-meeting.md|3,3,,"APPROVE 2002 Eagle Way – Conditional Use Permit, based on the Findings of Fact, Conclusions of Law, and Conditions of Approval contained in the Draft Final Action Letter, as follows: Findings of Fact 1. The site is located at 2002 Eagle Way, Parcel Number SA-S-35-X. 2. The project is considered essential for the City’s Water Division to capture water meter readings. 3. The project site is approximately 110 acres, owned by PCMC, and is located at the top of Aerie Drive and Mellow Mountain Road, in the Estate Zoning District. 4. The site has vehicular access and power. 3. 5. The current wooden c"
585,PlanningCommission|s|minutes/2023/2023-08-21/2023-08-23_planning-commission-meeting.md|4,3,,"forward a POSITIVE recommendation for 2525 North Fairway Village – Plat Amendment, for City Council’s consideration on September 28, 2023, based on the Findings of Fact, Conclusions of Law, and Conditions of Approval set forth in the Draft Ordinance as follows: Findings of Fact 1. The property is located at 2525 Fairway Village Drive, within the Residential Development Zoning District. 2. The subject property consists of Unit 40 of the Fairway Village No. 1 Planned Unit Development, which was approved in 1971. 3. 2525 Fairway Village Drive is in the Residential Development (RD) Zoning District"
586,PlanningCommission|deer crest annexation,3,Deer Crest Annexation,"forward a POSITIVE recommendation on 2310 Deer Valley Drive East – Condominium Plat, for City Council’s consideration on September 28, 2023, based on the Findings of Fact, Conclusions of Law and Conditions of Approval set forth in the Draft Ordinance as follows: Findings of Fact: 1. The St. Regis Deer Valley Supplemental Snow Park Residences Condominium Plat is located at 2310 Deer Valley Drive East. 2. This site is part of a larger Master Planned Development known as the Deer Crest Annexation MPD and is subject to the 1995 Deer Crest Settlement Agreement, as 3. amended by the City Council. 3."
587,PlanningCommission|aspen springs ranch phase 1 subdivision,3,Aspen Springs Ranch Phase 1 Subdivision,"APPROVE Parcel ASR-1 – Meadows Drive Trailhead & Parking Area Conditional Use Permit – based on the Findings of Fact, Conclusions of Law, and Conditions of Approval contained in the Draft Final Action Letter as follows: Findings of Fact 1. The proposed Trailhead and Parking Area is partially located on Parcel No. ASR1 in the Aspen Springs Ranch Phase 1 Subdivision Lot 1 and partially within the Meadows Drive Right-of-Way (ROW). 2. The Aspen Springs Ranch Phase 1 Subdivision Plat was approved on May 23, 1991, by the Park City Council and recorded with Summit County on October 31, 1991, as Entry"
588,PlanningCommission|s|minutes/2023/2023-08-21/2023-08-23_planning-commission-meeting.md|7,3,,"APPROVE Parcel SSC-A-X – McLeod Creek Trailhead & Parking Area Conditional Use Permit based on the Findings of Fact, Conclusions of Law, and Conditions of Approval set forth in the Draft Final Action Letter as follows: Findings of Fact 1. The proposed Trailhead and Parking Area is located on parcel number SSC-A-X. 2. Parcel number SSC-A-X is owned by Park City Municipal Corporation. 3. The existing parking configuration at the McLeod Creek Trailhead is not compliant with LMC 15-3-3(B). 4. Staff determined the Application was complete on April 4, 2023. Planning Department. 3. 5. The application"
589,PlanningCommission|s|minutes/2023/2023-08-21/2023-08-23_planning-commission-meeting.md|8,3,,"CONTINUE Land Management Code Amendments – Lot Combinations in Historic Districts – and the public hearing thereon to September 27, 2023"
590,PlanningCommission|s|minutes/2023/2023-09-11/2023-09-13_planning-commission-meeting.md|4,3,,"APPROVE 317 Ontario Avenue – Steep Slope Conditional Use Permit – pursuant to the Findings of Fact, Conclusions of Law, and Conditions of Approval set forth in the Draft Final Action Letter, as amended, as follows: Findings of Fact 1. The Site is located at 317 Ontario Avenue. 2. The Site is located within the Historic Residential – 1 (HR-1) Zoning District. 3. The existing Structure is designated to the Park City Historic Sites Inventory as a ApprovedSignificant Historic Structure. 4. The existing Structure was constructed c. 1885. 5. The Site is located on a Steep Slope. 6. On November 11, 2"
591,PlanningCommission|s|minutes/2023/2023-09-11/2023-09-13_planning-commission-meeting.md|5,3,,"APPROVE 45 Hillside Avenue – Steep Slope Conditional Use Permit – pursuant to the Findings of Fact, Conclusions of Law, and Conditions of Approval, as amended, set forth in the Draft Final Action Letter, as follows: 10.11.2023 Findings of Fact 1. On June 20, 1996, City Council adopted Ordinance No. 2021-45, approving The Bluejay Parcel Lot Line Adjustment combining portions of Lots 10 and 11, of Block 19 of the Park City Survey. The property is described as parcel BJAY-ALL. 2. The lot contains a 200-square-foot parcel of land (Parcel B) that is described in Note #3 of the Plat as being subject"
592,PlanningCommission|holiday ranchettes subdivision,3,Holiday Ranchettes Subdivision,"APPROVE 1334 Lucky John Drive – Conditional Use Permit – pursuant to the Findings of Fact, Conclusions of Law, and Conditions of Approval set forth in the Draft Final Action Letter as follows: Findings of Fact 1. The Applicant seeks a Conditional Use Permit (CUP) to locate a Private Recreation Facility Use, a swimming pool, at their residence in the Single Family (“SF”) Zoning District in Park Meadows. 2. 1334 Lucky John Drive is Lot 50 in the Holiday Ranchettes Subdivision, Summit County Recorded Entry No. 123347,10.11.2023 recorded on May 31, 1974. The Lot is approximately 2.47 acres. There "
593,PlanningCommission|s|minutes/2023/2023-09-25/2023-09-27_planning-commission-meeting.md|1,3,,"CONTINUE Bald Eagle Club at Deer Valley Unit 55 Third Amended – Plat Amendment – to October 11, 2023"
594,PlanningCommission|s|minutes/2023/2023-09-25/2023-09-27_planning-commission-meeting.md|2,3,,"APPROVE 7700 Marsac Avenue – Modification of Conditional Use Permit Approval for City Employee Temporary Housing on the Mine Bench Site .0 – based on the Findings of Fact, Conclusions of Law and Conditions of Approval outlined in the Draft Final Action Letter as follows: Findings of Fact 1. The property is located at 7700 Marsac Avenue in the Recreation and Open Space (ROS) Zoning District. 2. On March 23, 2022, the Planning Commission reviewed a Conditional Use Permit (“CUP”) for the Park City Fire District’s (“PCFD”) proposal to temporarily install two Temporary Housing Trailers for personne"
595,PlanningCommission|s|minutes/2023/2023-09-25/2023-09-27_planning-commission-meeting.md|3,3,,"APPROVE 2200 Park Avenue Building B – Conditional Use Permit – based on the Findings of Fact, Conclusions of Law and Conditions of Approval outlined in the Draft Final Action Letter as amended as follows: Findings of Fact 1. The Site is located at 2200 Park Avenue, Building B. 2. The Site is recorded as Building B of the Saddleview Office Park Condominium Plat. 3. The Site is located within the Historic Residential – Medium Density (HRM) and Frontage Protection Zone (FPZ) Zoning Districts. 4. The Applicant proposes the excavation of the current landscaping to the basement level of Building B. "
596,PlanningCommission|s|minutes/2023/2023-09-25/2023-09-27_planning-commission-meeting.md|4,3,,"forward a positive recommendation for 1325 Empire Avenue and Parcel SA-200 – Plat Amendment, to City Council for its consideration based on the Findings of Fact, Conclusions of Law and Conditions of Approval, as amended and outlined in the Draft Ordinance as follows: Findings of Fact 1. On October 16, 1980, the City Council passed a resolution closing a portion of the Norfolk Avenue right-of-way. 2. On April 22, 1982, that closed portion of Norfolk Avenue was sold by the City. 3. In 2014, a Plat Amendment was submitted for 3 lots, located at 1314 & 1350 Empire Avenue known as the Knudson Plat."
597,PlanningCommission|s|minutes/2023/2023-09-25/2023-09-27_planning-commission-meeting.md|5,3,,"forward a POSITIVE recommendation for City Council’s consideration on October 26, 2023, for Land Management Code Amendments establishing a Maximum Lot Size for Residential Development in the Historic Districts set forth in the Draft Ordinance attached as Exhibit A to the Staff Report"
598,PlanningCommission|s|minutes/2023/2023-09-25/2023-09-27_planning-commission-meeting.md|6,3,,"forward a POSITIVE recommendation for City Council’s consideration on October 26, 2023 for Land Management Code Amendments to align with changes in State Code regarding Public Notice and to Establish the Planning Commission as the Final Action Authority on Condominium Plats, Plat Amendments and Subdivisions, as set forth in the Draft Ordinance attached as Exhibit A to the Staff Report"
599,PlanningCommission|s|minutes/2023/2023-10-09/2023-10-11_planning-commission-meeting.md|2,3,,"CONTINUE Bald Eagle Club at Deer Valley Unit 55 Third Amended (7875 Bald Eagle Drive) – Plat Amendment, and the public hearing thereon, to October 25, 2023"
600,PlanningCommission|s|minutes/2023/2023-10-23/2023-10-25_planning-commission-meeting.md|1,3,,"RATIFY the Development Agreement for 3981 Kearns Boulevard – Studio Crossing, attached as Exhibit 1 the to Staff Report"
601,PlanningCommission|s|minutes/2023/2023-10-23/2023-10-25_planning-commission-meeting.md|2,3,,"forward a POSITIVE recommendation for the City Council's consideration on November 16, 2023, for 902 Woodside Avenue – Plat Amendment, subject to the following: Findings of Fact 1. The property is located at 902 Woodside Avenue. 2. The Lot is within the Historic Residential - 1 Zoning District. 3. The subject property consists of 56.25 feet of Lot 31 and 32 on Block 3, or Parcel 8. Number SA-10-B). 4. The Plat Amendment proposes to combine two Lots into one Lot. 5. .0 The Lot contains 0.06 acres (2,318 square feet). 6. The proposed Plat Amendment is consistent with the pattern of development i"
602,PlanningCommission|s|minutes/2023/2023-10-23/2023-10-25_planning-commission-meeting.md|3,3,,"forward a POSITIVE recommendation for the City Council's consideration on November 16, 2023, for Land Management Code Amendments – Waterwise Landscaping Regulations to Qualify for the State's Landscape Conversion Incentive Program – as set forth in the Draft Ordinance attached as Exhibit A to the Staff Report, along with a recommendation to include the definition of Landscaped Area, as discussed"
603,PlanningCommission|s|minutes/2023/2023-10-23/2023-10-25_planning-commission-meeting.md|4,3,,"forward a POSITIVE recommendation for City Council’s consideration on November 30, 2023, for Bald Eagle Club at Deer Valley Unit 55 Third Amended (7875 Bald Eagle Drive) – Plat Amendment subject to the following and that the Plat Exhibit be updated to depict all easements so that it is consistent with Condition of Approval 3: 8. Findings of Fact 1. .0 The property is located at 7875 Bald Eagle Drive, Unit 55 of the Bald Eagle Court at Deer Valley. 2. The property is listed with Summit County as Parcel number BEC-55-2AM. 3. The property is in the Residential Development (“RD”) Zoning District. "
604,PlanningCommission|s|minutes/2023/2023-11-06/2023-11-08_planning-commission-meeting.md|4,3,,"CONTINUE Land Management Code Amendments – Accessory Uses in Master Planned Developments – and the public hearing thereon to February 14, 2024"
605,PlanningCommission|s|minutes/2023/2023-11-06/2023-11-08_planning-commission-meeting.md|5,3,,"APPROVE 123 Ridge Avenue – Conditional Use Permit for a Nightly Rental, based on the Findings of Fact, Conclusions of Law, and Conditions of Approval outlined in the Draft Final Action Letter as follows: Findings of Fact 1. The Applicant seeks a CUP for a Nightly Rental at 123 Ridge Avenue, located in the HRL Zoning District. 3. 2. 123 Ridge Avenue is a three-bedroom Single-Family Dwelling constructed in 1994 and includes a two-car garage and a large driveway area. 3. .1 123 Ridge Avenue is in the western sub-neighborhood of the HRL. 4. No more than twelve (12) Nightly Rentals are allowed in t"
606,PlanningCommission|s|minutes/2023/2023-11-06/2023-11-08_planning-commission-meeting.md|6,3,,"CONTINUE Land Management Code Amendments – Maximum Lot Size in Residential – 1, Recreation – Medium Density, and Recreation Commercial Zoning Districts, and the public hearing thereon to January 10, 2024"
607,PlanningCommission|s|minutes/2023/2023-11-27/2023-11-29_planning-commission-meeting.md|4,3,,"APPROVE 2300 Deer Valley Drive (St. Regis) – Modification to Conditional Use Permit, based on the amended Findings of Fact, Conclusions of Law, and Conditions of Approval outlined in the Draft Final Action Letter: 3. Findings of Fact 1. The Site is located at 2300 Deer Valley Drive East. 2. .1 The Applicant proposes to construct an annual temporary winter tent from November 17th through April 17th. 3. The Site has an existing Conditional Use Permit for temporary tents that was approved on March 9, 2011, by the Planning Commission. 4. The Applicant proposes to increase the allowed size of the t"
608,PlanningCommission|s|minutes/2023/2023-11-27/2023-11-29_planning-commission-meeting.md|5,3,,"APPROVE 632 Main Street Unit 4A – Silver Queen Condominiums Second Amended – Plat Amendment, based on the Findings of Fact, Conclusions of Law, and Conditions of Approval outlined in the Draft Final Action Letter: Findings of Fact 1. 632 Main Street, also known as the Silver Queen Condominiums, is a non-historic Structure constructed in 1982. 2. The site is in the Historic Commercial Business Zoning District and is located at the intersection of Heber Avenue and Main Street. 3. The Silver Queen Condominium Plat was recorded in 1995. 4. In 2014, the City Council adopted Ordinance No. 14-38 appr"
609,PlanningCommission|s|minutes/2023/2023-11-27/2023-11-29_planning-commission-meeting.md|6,3,,"APPROVE 401 Silver King Drive – Snow Flower Condominiums Sixth Amended, Unit 36 – Plat Amendment, based on the Findings of Fact, Conclusions of Law, and Conditions of Approval outlined in the Draft Final Action Letter: Findings of Fact 1. The City approved the Snow Flower Condominiums Plat in 1978. 2. The property is located at 401 Silver King, Unit 36. 3. The property is listed with Summit County as Parcel number SFL-70. 4. The property is in the Recreation Commercial (RC) Zoning District. 5. The intent of this Plat Amendment is to convert 524 square feet of Common Area attic space into Priva"
610,PlanningCommission|s|minutes/2023/2023-11-27/2023-11-29_planning-commission-meeting.md|7,3,,"APPROVE 2700 Deer Valley Drive – Courchevel Condominiums, Sixth Amendment – Plat Amendment, based on the Findings of Fact, Conclusions of Law, and Conditions of Approval outlined in the Draft Final Action Letter: Findings of Fact 1. The property is located at 2700 Deer Valley Drive East in the Residential Development (RD) Zoning District. 2. The Courchevel Condominiums at Deer Valley Plat was approved by the City Council on December 27, 1984, and recorded at the County on December 31, 1984. 3. The Courchevel Condominiums at Deer Valley Plat established 40 residential condominium units of 759 s"
611,PlanningCommission|s|minutes/2023/2023-11-27/2023-11-29_planning-commission-meeting.md|8,3,,"APPROVE 316 Ontario Avenue – Plat Amendment, based on the Findings of Fact, Conclusions of Law, and Conditions of Approval outlined in the Draft Final Action Letter: Findings of Fact 1. The property is located at 316 Ontario Avenue, in the Historic Residential – Low Density (HRL) Zoning District. 2. The site is 2,444 square feet and contains a portion of Lots 4 and 5 in Block 59 of 3. the Amended Plat of Park City Survey. 3. 316 Ontario Avenue is a Landmark Historic Site on the Park City Historic Sites .1 Inventory and contains a cross-wing type Single-Family Dwelling constructed circa 1895. 4"
612,PlanningCommission|s|minutes/2023/2023-11-27/2023-11-29_planning-commission-meeting.md|10,3,,"APPROVE 36 Prospect Avenue – Plat Amendment, based on the amended Findings of Fact, Conclusions of Law, and Conditions of Approval outlined in the Draft Final Action Letter: Findings of Fact 1. 36 Prospect Avenue is a Landmark Site with a Single-Family Dwelling that straddles three Lots. 2. The Applicant proposes to combine the Lots to facilitate the construction of an addition and restoration of the structure. 3. The Plat Amendment combines Lot 1, 2, and 5 feet of Lot 3, of Block 18 of the Park City Survey to create a 0.1-acre lot (4,356 square feet). 4. The proposal does not create any remna"
613,PlanningCommission|s|minutes/2023/2023-12-11/2023-12-13_planning-commission-meeting.md|3,3,,"CONTINUE Land Management Code Amendments related to Electric Vehicle Stations and the public hearing thereon to January 10, 2024"
614,PlanningCommission|s|minutes/2023/2023-12-11/2023-12-13_planning-commission-meeting.md|4,3,,"forward a positive recommendation for the City Council’s review on February 1, 2024, for Bald Eagle Club at Deer Valley Land Management Code Amendments prohibiting Nightly Rentals, and to forward a negative recommendation for the prohibition of Internal Accessory Dwelling Units"
615,PlanningCommission|s|minutes/2023/2023-12-11/2023-12-13_planning-commission-meeting.md|5,3,,"forward a POSITIVE recommendation on Land Management Code Amendments regarding Driveways in the Historic District, consistent with the summary provided by the Interim Planning Director and the redlines"
616,PlanningCommission|s|minutes/2024/2024-01-08/2024-01-10_planning-commission-meeting.md|2,3,,"CONTINUE Land Management Code Amendments – Maximum Lot Size in the Residential - 1, Residential - Medium Density, and Recreation Commercial Zoning Districts, and the public hearing thereon to March 27, 2024"
617,PlanningCommission|eagle way second amended plat amendment,3,Eagle Way Second Amended Plat Amendment,"forward a POSITIVE recommendation for the City Council’s consideration on February 1, 2024, for 1460 Eagle Way – Zone Change for Lot B of the Eagle Way Second Amended Plat Amendment – subject to the Findings of Fact and Conclusions of Law set forth in the Draft Ordinance as follows: Findings of Fact: 1. The property is located at 1460 Eagle Way. 2. The property is listed with Summit County as Parcel Number EW-B-2AM. 3. The property is in the Single-Family and Estate Zoning Districts. 4. The Applicant proposes amending the Zoning Map to rezone 1.04 acres from Single-Family and Estate to be enti"
618,PlanningCommission|s|minutes/2024/2024-01-08/2024-01-10_planning-commission-meeting.md|4,3,,"APPROVE 1760 Prospector Avenue – Conditional Use Permit for a 20-seat Indoor Entertainment Facility – based on the Findings of Facts, Conclusions of Law, and Conditions of Approval set forth in the Draft Final Action Letter as follows: Findings of Fact 1. The proposed Indoor Entertainment Facility is located at 1760 Prospector Avenue. 2. 1760 Prospector Avenue is part of the Lot 32 Prospector Square Amended Plat, Summit County Recorder Entry No. 320224, and is located on Lot 32A. 3. On August 26, 2020, the City issued a Building Permit for the existing structure at 1760 Prospector Avenue to be"
619,PlanningCommission|ontario avenue subdivision,3,Ontario Avenue Subdivision,"APPROVE 516 Marsac Avenue – Conditional Use Permit to Convert an Existing Structure to a Triplex – based on the Findings of Fact, Conclusions of Law, and Conditions of Approval, as amended and set forth in the Draft Final Action Letter as follows: Findings of Fact 1. The Property is located at 516 Marsac Avenue, has an unusual Lot configuration, and fronts both Marsac Avenue and Ontario Avenue. 2. The Property is located within the Residential - 1 (R-1) Zoning District. 3. The Property is Lot 2 of the Ontario Avenue Subdivision, recorded in 1994. 4. The 1994 Subdivision Plat limits the maximum"
620,PlanningCommission|s|minutes/2024/2024-01-08/2024-01-10_planning-commission-meeting.md|6,3,,"forward a POSITIVE recommendation for City Council’s consideration on February 1, 2024 for Land Management Code Amendments to Comply with Changes to State Code Regarding Process, to Increase Electric Vehicle Charging Station Conduit Required for New Development and to Allow Fast Charging Stations as an Accessory Use, and to Establish Rooftop Setback Regulations for Mechanical Equipment and Remove Perimeter Setback Requirements for Affordable Master Planned Developments – as set forth in the Draft Ordinance attached as Exhibit A to the Staff Report"
621,PlanningCommission|s|minutes/2024/2024-01-22/2024-01-24_planning-commission-meeting.md|1,3,,"APPROVE 9100 Marsac Avenue – Modification of a Conditional Use Permit – To Allow Applicant to Construct a 660-square permanent Structure (Yurt) in the Residential Development Zoning District – based on the Findings of Fact, Conclusions of Law and Conditions of Approval set forth in the Draft Final Action Letter as follows: Findings of Fact 1. The Site is located at 9100 Marsac Avenue. 2. The Site is located in the Residential Development (RD) Zoning District and Sensitive Land Overlay (SLO). 3. There is an existing Conditional Use Permit (CUP) that allows temporary Structures to be installed ("
622,PlanningCommission|s|minutes/2024/2024-02-12/2024-02-14_planning-commission-meeting.md|3,3,,"CONTINUE 10206 Twisted Branch Road – Subdivision, and public hearing thereon to March 13, 2024"
623,PlanningCommission|s|minutes/2024/2024-02-12/2024-02-14_planning-commission-meeting.md|5,3,,"direct Staff to PREPARE a Final Action for Approval of 220 King Road – Plat Amendment, for final review on February 21, 2024"
624,PlanningCommission|s|minutes/2024/2024-02-12/2024-02-14_planning-commission-meeting.md|6,3,,"direct Staff to PREPARE a Final Action for Approval of 220 King Road – Conditional Use Permit, for final review on February 21, 2024"
625,PlanningCommission|s|minutes/2024/2024-02-12/2024-02-14_planning-commission-meeting.md|7,3,,"direct Staff to PREPARE a Final Action for Approval of 220 King Road – Steep Slope Conditional Use Permit, for final review on February 21, 2024"
626,PlanningCommission|s|minutes/2024/2024-02-12/2024-02-14_planning-commission-meeting.md|8,3,,"APPROVE the Conditional Use Permit for 7932 Red Tail Court, based on the Findings of Fact, Conclusions of Law, and Conditions of Approval, as amended as follows: Findings of Fact 1. The Site is located at 7932 Red Tail Court. 2. The Site is within the Residential Development (RD) Zoning District. 3. On October 3, 2023, the city issued a Building Permit for a new Single-Family Dwelling at 7932 Red Tail Court. 4. The Property is Lot 21 of the Bald Eagle Condominium Project. 5. The Lot contains 0.57 acres (24,755 square feet). 6. Private Recreation Facilities (swimming pool) are a Conditional Use"
627,PlanningCommission|s|minutes/2024/2024-02-12/2024-02-14_planning-commission-meeting.md|9,3,,"APPROVE the Steep Slope CUP for 243 Woodside Avenue based on the Findings of Fact, Conclusions of Law, and Conditions of Approval in the Draft Final Action Letter as follows: Findings of Fact .1 1. The Site is located at 243 Woodside Avenue, part of the 239 Woodside Replat Lot Line Adjustment, and is a vacant lot. 2. The Site is located within the Historic Residential – 1 (HR-1) Zoning District. 3. The Applicant proposes construction of a new Single-Family Dwelling (SFD) on the vacant lot. 4. The new SFD proposes an excess of 200 square feet located on an existing Slope of thirty percent (30%)"
628,PlanningCommission|treasure hill subdivision,3,Treasure Hill Subdivision,"RATIFY the Plat Amendment Final Action Letter, as approved by the majority of the Planning Commission by a 4 to 2 vote on February 14, 2024. Special Planning Commission Meeting Findings of Fact: 1. The Applicant has proposed a new plat entitled the Second Amendment for Lot 2, Phase 1, Treasure Hill Subdivision (“Amended Plat”), a copy of which is attached hereto as Exhibit A, which will amend the existing Lot 2, Phase I Treasure Hill Subdivision Plat, including the Amended Plat’s notes which are attached hereto as Exhibit B. 2. On July 18, 2022, the applicant Pesky Porcupine LLC (“Applicant”) "
629,PlanningCommission|sweeney properties master plan,3,Sweeney Properties Master Plan,"RATIFY the Conditional Use Permit Final Action Letter, as approved by a majority of the Planning Commission by a 4 to 3 vote on February 14, 2024, and as amended on February 21, 2024. Findings of Fact: 1. On July 18, 2022, the applicant Pesky Porcupine LLC (“Applicant”) submitted an application and paid the required fee for a conditional use permit in connection with a proposed single-family residence (the “Residence”) to be constructed on the Summit County, Utah Tax Parcel No. THILL-2-AM (the “Property”). 2. The Property is located within the Sweeney Properties Master Plan Development that wa"
630,PlanningCommission|s|minutes/2024/2024-03-11/2024-03-13_planning-commission-meeting.md|3,3,,CONTINUE 10206 Twisted Branch Road – Subdivision and the public hearing thereon to a date uncertain
631,PlanningCommission|s|minutes/2024/2024-03-11/2024-03-13_planning-commission-meeting.md|4,3,,CONTINUE 10206 Twisted Branch Road – Conditional Use Permit and the public hearing thereon to a date uncertain
632,PlanningCommission|s|minutes/2024/2024-03-11/2024-03-13_planning-commission-meeting.md|5,3,,"APPROVE 8200 Royal Street, Unit 35 – Plat Amendment, based on the following: Findings of Fact 1. The Stag Lodge Condominium project consists of a total of 52 units ranging in size from 2,213 square feet to 6,806.8 square feet. Unit 35 of Stag Lodge Phase II is a detached, single-family unit. 2. On May 17, 1985, the Planning Commission approved a Master Planned Development application for the Stag Lodge Phase II condominiums. Page 114 of 274. 3. The Stag Lodge Phase II Condominium Plat was recorded on January 17, 1989, Summit County Recorder Entry No. 303348. 4. The First Amended Stag Lodge Pha"
633,PlanningCommission|s|minutes/2024/2024-03-11/2024-03-13_planning-commission-meeting.md|6,3,,DENY 844 Empire – Plat Amendment to remove Plat Note 3 and direct Staff to draft Findings of Fact and Conclusions of Law consistent with the statements of the majority
634,PlanningCommission|mcleod creek subdivision,3,McLeod Creek Subdivision,"APPROVE AS AMENDED 2685 Meadow Creek Drive – Plat Amendment based on the following: Findings of Fact 1. In 1980, the Park City Municipal Corporation (the City) approved the McLeod Creek Subdivision. 2. On January 22, 1985, the City Council passed Ordinance 86-5, rezoning McLeod Creek Subdivision to being Single Family (SF) Zoning District. 0. 3. On December 17, 1992, the City Council formally annexed what would become the Willow Ranch Subdivision, zoning it Estate and Recreation 4. Open Space. .1 On January 28, 1993, the City Council approved the final plat for the Willow Ranch Subdivision, wh"
635,PlanningCommission|s|minutes/2024/2024-03-25/2024-03-27_planning-commission-meeting.md|2,3,,"forward a POSITIVE recommendation for Land Management Code Amendments – Standards for Temporary Structures in Historic Districts - for City Council’s consideration on April 25, 2024, as outlined in the Draft Ordinance attached as Exhibit A to the Staff Report, and as amended to eliminate yurts from subsection A.5, with additional direction to Staff to prepare a separate ordinance to eliminate yurts as a permitted use in the Historic Districts"
636,PlanningCommission|s|minutes/2024/2024-03-25/2024-03-27_planning-commission-meeting.md|3,3,,"RATIFY the 2200 Monitor Drive, Holiday Village and Parkside Apartments (“HOPA”) Affordable Master Planned Development – Development Agreement, attached to the Staff Report, as amended per the discussions with Staff and Senior City Attorney Harrington regarding the Phasing Plan timeline and Kearns access"
637,PlanningCommission|huntsman estates first amended subdivision,3,Huntsman Estates First Amended Subdivision,"APPROVE 4807 Legacy Court – Conditional Use Permit, pursuant to the Findings of Fact, Conclusions of Law, and Conditions of Approval outlined in the Draft Final Action Letter as follows: Findings of Fact 1. 4807 Legacy Way is a 3.04-acre Lot (132,339 square feet) located in the Residential Development (RD) Zoning District. 2. The site is Lot 2 of the Huntsman Estates First Amended Subdivision. 3. On October 4, 2023, the City issued Building Permit No. 23-1253 for a Single- 4. Family Dwelling (SFD) at 4807 Legacy Way. 4. The Applicant proposes to construct a 773-square-foot Guest House. 5. .2 A"
638,PlanningCommission|pc 491 492 upl 2 the plat amendment,3,PC-491-492-UPL. 2. The Plat Amendment,"APPROVE Parcels PC-491, PC-492-1, PC-491-UPL (340 Rossie Hill Drive) – Plat Amendment, pursuant to the Findings of Fact, Conclusions of Law and Conditions of Approval set forth in the Draft Final Action Letter as follows: Findings of Fact 1. The property consists of Parcels PC-491, PC-492-1, and PC-491-492-UPL. 2. The Plat Amendment creates one Lot from one Parcel and two substandard Lots. 3. The Lot is within the Historic Residential - 1 and the Historic Residential - Low Zoning District. 4. The proposed Lot contains 5,007 square feet (sf). However, 1,499 sf is proposed to be dedicated as Ros"
639,PlanningCommission|s|minutes/2024/2024-03-25/2024-03-27_planning-commission-meeting.md|6,3,,"CONTINUE Land Management Code Amendments – Maximum Lot Size in the Residential – 1, Residential – Medium Density, and Recreation Commercial Zoning Districts, to April 24, 2024"
640,PlanningCommission|s|minutes/2024/2024-04-08/2024-04-10_planning-commission-meeting.md|2,3,,"CONTINUE 1115 Aerie Drive – Conditional Use Permit, and the public hearing thereon to April 24, 2024"
641,PlanningCommission|s|minutes/2024/2024-04-08/2024-04-10_planning-commission-meeting.md|3,3,,APPROVE the Conditional Use Permit provided that the Applicant submit a Parking Management Plan within the next six months to address overflow parking consistent with this discussion
642,PlanningCommission|s|minutes/2024/2024-04-08/2024-04-10_planning-commission-meeting.md|4,3,,"RATIFY the Draft Final Action Letter denying the Plat Amendment for 844 Empire Avenue, as amended as follows: Findings of Fact 1. The property is located at 844 Empire Avenue in the Historic Residential – 1 (HR – 1) Zoning District. 4. 2. 844 Empire Avenue is a Significant Historic Site on the Park City Historic Sites Inventory. 3. 4. .2 There is no vehicular access to the Site. Planning Department Pedestrian access to the site is from Empire Avenue, the 9th Street Right-of-Way through use of the public stairs, or Crescent Tram Road. 5. On August 11, 2023, the Applicant submitted a Historic Di"
643,PlanningCommission|s|minutes/2024/2024-04-08/2024-04-10_planning-commission-meeting.md|5,3,,"APPROVE 85 King Road – Conditional Use Permit for a Nightly Rental, pursuant to the Findings of Fact, Conclusions of Law, and Conditions of Approval outlined in the Draft Final Action Letter as follows: Findings of Fact 1. Nightly Rentals in the western sub-neighborhood of the Historic Residential Low Density (HRL) Zoning District require a Conditional Use Permit (CUP). 2. Up to 12 CUPs are allowed within the western sub-neighborhood of the HRL Zoning District. 3. The Planning Commission approved 11 of the 12 total CUPs for the western sub- neighborhood of the HRL Zoning District. 4. The Appli"
644,PlanningCommission|s|minutes/2024/2024-04-08/2024-04-10_planning-commission-meeting.md|6,3,,"CONTINUE 2250 Deer Valley Drive South – Conditional Use Permit, and the public hearing thereon, to April 24, 2024"
645,PlanningCommission|evergreen subdivision,3,Evergreen Subdivision,"APPROVE 7008 Silver Lake Drive – Plat Amendment, pursuant to the Findings of Fact, Conclusions of Law, and Conditions of Approval set forth in the Draft Final Action Letter, as amended: Findings of Fact 1. 7008 Silver Lake Drive is within the Residential Development Zoning District and Sensitive Land Overlay. 2. On March 19, 1987, the City Council approved the Evergreen Subdivision Plat. 3. On May 17, 1988, the City Council approved an Amended Evergreen Subdivision Plat. The Amended Subdivision Plat establishes an area of disturbance for each Lot. 4. The Amended Evergreen Subdivision is part o"
646,PlanningCommission|s|minutes/2024/2024-04-08/2024-04-10_planning-commission-meeting.md|8,3,,"APPROVE 1850 Sidewinder Drive – Plat Amendment, pursuant to the Findings of Fact, Conclusions of Law, and Conditions of Approval 4. set forth in the Draft Final Action Letter, as follows: Findings of Fact 1. .2 Park City Surgical and Medical Plaza Condominium includes two buildings constructed in 1998 within the Prospector Square neighborhood, 1820 and 1850 Sidewinder Drive. 2. 1820 Sidewinder Drive is a three-story ambulatory surgical center (Units 100, 110, and 120). 3. 1850 Sidewinder Drive is a two-story office building (Units 310, 320, 410, and 420) with underground parking. 4. A large su"
647,PlanningCommission|s|minutes/2024/2024-04-08/2024-04-10_planning-commission-meeting.md|9,3,,"forward a positive recommendation for Land Management Code Amendments to Define Public Transit Amenity Area as an Allowed Use Within Setbacks that Require an Administrative Permit in the Listed Zoning Areas and Overlays, as amended pursuant to the discussions herein, for City Council’s consideration on May 16, 2024"
648,PlanningCommission|s|minutes/2024/2024-04-22/2024-04-24_planning-commission-meeting.md|3,3,,"forward a positive recommendation for Land Management Code Amendments to Create a Maximum Lot Size in the Recreation Commercial Zoning District, to the City Council for its consideration on May 23, 2024"
649,PlanningCommission|s|minutes/2024/2024-04-22/2024-04-24_planning-commission-meeting.md|4,3,,"CONTINUE 2250 Deer Valley Drive South – Conditional Use Permit – to May 8, 2024"
650,PlanningCommission|hidden hollow subdivision,3,Hidden Hollow Subdivision,"APPROVE 11343 Snow Top Road – Conditional Use Permit for a Private Recreation Facility, based on the Findings of Fact, Conclusions of Law, and Conditions of Approval outlined in the Draft Final Action Letter as follows: Findings of Fact 1. The Site is located at 11343 Snow Top Road. 2. 11343 Snow Top Road is located in the Estate (E) Zoning District and the Sensitive Land Overlay (SLO). 3. The site contains an existing Single-Family Dwelling constructed in 2021. 4. 11343 Snow Top Road is Lot 2 of the Hidden Hollow Subdivision at Deer Crest. 5. In 1995, the Telemark Park Settlement Agreement wa"
651,PlanningCommission|s|minutes/2024/2024-04-22/2024-04-24_planning-commission-meeting.md|6,3,,"APPROVE 2000 Meadows Drive (Park Meadows Golf Course) – Conditional Use Permit and Modification to Master Planned Development, based on the Findings of Fact, Conclusions of Law, and Conditions of Approval outlined in the Draft Final Action Letter as follows: Findings of Fact 1. The Site is located at 2000 Meadows Drive. 2. The Site is located within the Recreation Open Space (ROS) Zoning District. 3. The Site is part of the Park Meadows Master Planned Development (MPD). 4. The Site is currently used as a maintenance yard for the Park Meadows Golf Course. 5. The Applicant proposes to construct "
652,PlanningCommission|s|minutes/2024/2024-04-22/2024-04-24_planning-commission-meeting.md|7,3,,"APPROVE the Conditional Use Permit for 1115 Aerie Drive for a Private Recreation Facility, direct Staff to draft Findings of Fact, Conclusions of Law, and Conditions of Approval consistent with these discussions, and continue this item to May 8, 2024 for ratification"
653,PlanningCommission|s|minutes/2024/2024-05-06/2024-05-08_planning-commission-meeting.md|1,3,,"CONTINUE 2250 Deer Valley Drive South – Conditional Use Permit and the public hearing thereon to May 22, 2024"
654,PlanningCommission|s|minutes/2024/2024-05-06/2024-05-08_planning-commission-meeting.md|2,3,,"RATIFY the amended Final Draft Action Letter Approving 1115 Aerie Drive – Conditional Use Permit for a Private Recreation Facility, as follows: Procedural History A. On December 20, 2021, the applicant 1115 Aerie LLC (“Applicant”) submitted an application (“Application”) and paid the required fee for a conditional use permit in connection with a proposed sports court (the “Sports Court”) on Summit County, Utah Tax Parcel No. OOT-HSTONE-8 (the “Property”). The Application was submitted after a contractor commenced work without all necessary permits. B. On July 13, 2022, the Park City Planning C"
655,PlanningCommission|s|minutes/2024/2024-05-06/2024-05-08_planning-commission-meeting.md|3,3,,"APPROVE 1200 Little Kate Road – Conditional Use Permit pursuant to the Findings of Fact, Conclusions of Law and Conditions of Approval, as amended to omit Condition of Approval 5, outlined in the Draft Final Action Letter as follows: 2. Findings of Fact 1. .1 The Park City Municipal Athletic and Recreation Center (MARC) is located at 1200 Little Kate Road in the Residential Development Zoning District. 2. The Applicant proposes to relocate the existing lap pool, leisure pool, and construct a 1,240-square-foot addition. 3. The Planning Commission approved a CUP for the Park City Racquet Club on"
656,PlanningCommission|main street plat amendment,3,Main Street Plat Amendment,"CONTINUE the 176 Main Street Plat Amendment until the July 10, 2024, Planning Commission Meeting"
657,PlanningCommission|s|minutes/2024/2024-05-20/2024-05-22_planning-commission-meeting.md|4,3,,"APPROVE the Conditional Use Permit for 2250 Deer Valley Drive South, based on the Findings of Fact, Conclusions of Law, and Conditions of Approval, as amended, in the Draft Final Action Letter: Findings of Fact: 1. The Site includes Parcels PCA-S-98-R, PCA-S-85, PCA-S-85-D, and PCA-S-81- A and is within the Recreation and Open Space (ROS) Zoning District and Sensitive Land Overlay (SLO). 2. The new ski runs, ski lift, with a bottom terminal and lift storage Building Pad, not to exceed 13,543 square feet, and 375 square foot top terminal operator house are proposed to be constructed on Parcels "
658,PlanningCommission|bonanza park small area plan,3,Bonanza Park Small Area Plan,"forward a POSITIVE RECOMMENDATION to the City Council for consideration on July 10, 2025, for the Bonanza Park Small Area Plan outlined in the Draft Ordinance, as amended. The motion was"
659,PlanningCommission|s|minutes/2024/2024-06-10/2024-06-12_planning-commission-meeting.md|3,3,,"APPROVE the Plat Amendment for Arrowood Condominiums at Deer Valley, Unit 3 subject to the following: Findings of Fact: 1. 2413 Gilt Edge Drive is Unit 3 of the three-unit Arrowood Condominiums at Deer Valley Condominium. 2. 2413 Gilt Edge Drive is in the Recreation Development (RD) Zoning District. 3. On September 25, 1997, the City Council adopted Ordinance 97-44, approving the Arrowood Condominiums, a three-unit detached Condominium development. 4. On January 28, 1999, the City Council adopted Ordinance 99-2, approving the Arrowood Condominiums, with minor adjustments from a 1997 Settlement"
660,PlanningCommission|s|minutes/2024/2024-06-24/2024-06-26_planning-commission-meeting.md|2,3,,"CONTINUE the application for 218 Sandridge Avenue – Steep Slope Conditional Use Permit as well as the Public Hearing to the July 10, 2024, Planning Commission Meeting"
661,PlanningCommission|s|minutes/2024/2024-06-24/2024-06-26_planning-commission-meeting.md|3,3,,"APPROVE the Conditional Use Permit for Parcel 4. PCA-S-98-SD-1A for the Mid-Mountain Parking Lot, based on the Findings of Fact, Conclusions of Law, and Conditions of Approval, as amended, in the Final Action Letter: Findings of Fact: 1. .1 The Applicant proposes improvements to the existing Mid-Mountain Trailhead parking to increase the Parking Spaces from 15 to 29 with two that are ADA compliant. The current paved parking area requires vehicles to back onto Marsac Avenue. The improved Parking Area will be horizontally separated from Marsac Avenue with a low landscaped berm and includes angle"
662,PlanningCommission|s|minutes/2024/2024-06-24/2024-06-26_planning-commission-meeting.md|5,3,,"APPROVE the Plat Amendment for 218 Sandridge Road, based on the Findings of Fact, Conclusions of Law, and Conditions of Approval in the Final Action Letter: Findings of Fact: 4. 1. 218 Sandridge Road is a Significant Historic Site on the Park City Historic Sites Inventory, constructed during the Mature Mining Era (1894-1930). 2. .1 The property is 5,835 square feet and the Applicant proposes dedicating 233 square feet as Sandridge Road right-of-way, creating a 5,612-square-foot Lot. 3. 218 Sandridge Road is in the Historic Residential – 1 Zoning District, which establishes a maximum Lot size o"
663,PlanningCommission|s|minutes/2024/2024-06-24/2024-06-26_planning-commission-meeting.md|6,3,,"RECOMMEND that Staff make findings to present to the Appeal Panel, as the Planning Commission finds that Lot 2 lies outside of the Sensitive Land Overlay and therefore does not apply. The answers to the other questions from the Appeal Panel were summarized by"
664,PlanningCommission|s|minutes/2024/2024-06-24/2024-06-26_planning-commission-meeting.md|7,3,,"CONTINUE the 1800 Park Avenue Master Planned Development and Conditional Use Permit to the August 28, 2024, Planning Commission Meeting"
665,PlanningCommission|s|minutes/2024/2024-07-08/2024-07-10_planning-commission-meeting.md|2,3,,"CONTINUE 176 Main Street – Plat Amendment, and the public hearing thereon to August 28, 2024"
666,PlanningCommission|s|minutes/2024/2024-07-08/2024-07-10_planning-commission-meeting.md|3,3,,"CONTINUE 218 Sandridge Avenue – Steep Slope Conditional Use Permit, and the public hearing thereon to August 14, 2024"
667,PlanningCommission|s|minutes/2024/2024-07-08/2024-07-10_planning-commission-meeting.md|4,3,,"CONTINUE 741 Rossie Hill Drive – Conditional Use Permit, and the public hearing thereon to August 14, 2024"
668,PlanningCommission|s|minutes/2024/2024-07-08/2024-07-10_planning-commission-meeting.md|6,3,,"APPROVE 445 Main Street – Plat Amendment, based on the Findings of Fact, Conclusions of Law, and Conditions of Approval outlined in the Draft Final Action Letter as follows: Findings of Fact 1. 445 Park Avenue is a Landmark Historic Site with a Single-Family Dwelling constructed circa 1880. 4. 2. 445 Park Avenue is within the Historic Residential - 1 Zoning District. 3. The Applicant proposes to create one 3,750-square-foot Lot from two 1,875- 4. square-foot Old Town Lots. .1 The 3,750-square-foot Lot has a maximum building footprint of 1,519 square feet pursuant to LMC § 15-2.2-3(E), wherein "
669,PlanningCommission|s|minutes/2024/2024-07-08/2024-07-10_planning-commission-meeting.md|7,3,,"APPROVE 1328 Park Avenue – Subdivision, based on the Findings of Fact, Conclusions of Law, and Conditions of Approval outlined in the Draft Final Action Letter, as amended, as follows: Findings of Fact 1. 1328 Park Avenue was built sometime between 1929 and 1940 based on the Sanborn Maps. 4. 2. Parcel SA-284 is currently a Metes-and-Bounds Parcel. 3. .1 In 1984, 1328 Park Avenue was nominated to the National Registry of Historic Places. 4. In 1997 a two-story addition was created. 5. In 2010 the Planning Department approved an HDDR-Pre that allowed the construction of a fence in front of the P"
670,PlanningCommission|retreat condominium plat amendment,3,Retreat Condominium Plat Amendment,"CONTINUE 1273 and 1275 Sullivan Road, Units 5 and 6 of the Alpine at the Retreat Condominium Plat Amendment and the public hearing to a date uncertain"
671,PlanningCommission|s|minutes/2024/2024-08-12/2024-08-14_planning-commission-meeting.md|4,3,,CONTINUE the Conditional Use Permits from 1351 and 1251 Kearns Boulevard a date uncertain
672,PlanningCommission|silver strike subdivision,3,Silver Strike Subdivision,"APPROVE the Final Action Letter approving the first amendment to the Amended Consolidated and Restated Condominium Plat at The Belles at Empire Pass subject to the following: Findings of Fact 1. The Belles at Empire Pass is a Planned Unit Development (PUD) within the Flagstaff Development Agreement with ten constructed Single-Family Dwellings, and three Duplexes reflected in the Amended, Consolidated, and Restated Condominium Plat of the Belles at Empire Pass, formerly the Silver Strike Subdivision. One unit remains vacant – Unit 3. 2. The Applicant proposes the First Amendment to the Amended,"
673,PlanningCommission|s|minutes/2024/2024-08-12/2024-08-14_planning-commission-meeting.md|7,3,,"APPROVE the Steep Slope Conditional Use Permit for 218 Sandridge Road based on the Findings of Fact, Conclusions of Law, and Conditions of Approval, as outlined in the Draft Final Action Letter, as amended: Findings of Fact 1. 1. 218 Sandridge Road, also known as the Ingrid Parsons House, is a Significant Historic Site on Park City’s Historic Sites Inventory in the Historic 2. .1 Residential – 1 Zoning District. On June 26, 2024, the Planning Commission approved a Plat Amendment to create a 5,612-square-foot Lot for the Significant Historic Site. 3. According to the Historic Site Form, the Sig"
674,PlanningCommission|s|minutes/2024/2024-08-12/2024-08-14_planning-commission-meeting.md|9,3,,"CONTINUE the Land Management Code Amendments for Accessory Uses in Master Planned Developments and the Public Hearing to September 11, 2024. The motion was"
675,PlanningCommission|s|minutes/2024/2024-08-26/2024-08-28_planning-commission-meeting.md|1,3,,"CONTINUE 209 Norfolk Avenue – Plat Amendment and the public hearing thereon, to a date uncertain"
676,PlanningCommission|s|minutes/2024/2024-08-26/2024-08-28_planning-commission-meeting.md|2,3,,CONTINUE Land Management Code Amendments and the public hearing thereon to a date uncertain
677,PlanningCommission|prospect place plat amendment,3,Prospect Place Plat Amendment,"APPROVE 86 Prospect Avenue – Steep Slope Conditional Use Permit, pursuant to the Findings of Fact, Conclusions of Law, and Conditions of Approval outlined in the Draft Final Action Letter as follows: Findings of Fact 1. The Site is located at 86 Prospect Avenue and is Lot 2 of the Prospect Place Plat Amendment approved under Ordinance No. 2019-20 by the City Council on April 18, 2019. 2. The Site is located within the Historic Residential – 1 (HR-1) Zoning District. 5. 3. The Applicant proposes the construction of a new Single-Family Dwelling (SFD) on the vacant lot. 4. .2 The new SFD proposes"
678,PlanningCommission|s|minutes/2024/2024-08-26/2024-08-28_planning-commission-meeting.md|4,3,,"CONTINUE 1800 Park Avenue – Park and Kearns Master Planned Development and the public hearing thereon to September 11, 2024"
679,PlanningCommission|s|minutes/2024/2024-09-09/2024-09-11_planning-commission-meeting.md|2,3,,"CONTINUE 1800 Park Avenue – Park and Kearns Master Planned Development, and the public hearing thereon, to September 25, 2024"
680,PlanningCommission|sampson subdivision,3,Sampson Subdivision,"APPROVE 121 Sampson Avenue – Steep Slope Conditional Use Permit, pursuant to the Findings of Fact, Conclusions of Law, and Conditions of Approval set forth in the Draft Final Action Letter as amended: Findings of Fact 1. 121 Sampson Avenue is a vacant lot in the Historic Residential – Low Density (HRL) Zoning District. 2. 121 Sampson is Lot 1 of the 121 Sampson Subdivision approved by the City Council on August 4, 2005 10.09.2024(Ordinance No. 05-45). 3. The Applicant proposes construction of a new Single-Family Dwelling (SFD) on the vacant lot. 4. The Applicant proposes to construct a new SFD"
681,PlanningCommission|silver lake east subdivision,3,Silver Lake East Subdivision,"APPROVE 7660 Royal Street #112 – Condominium Plat Amendment, pursuant to the Findings of Fact, Conclusions of Law, and Conditions of Approval set forth in the Draft Final Action Letter as follows: Findings of Fact 1. On August 30, 1995, the Planning Commission approved a Master Planned Development (MPD) for Sterling Lodge at Silver Lake on Lot 2 of the Silver Lake East Subdivision. 2. On August 1, 1996, the City Council approved the Final Condominium Plat for Sterling Lodge (7660 Royal Street). 3. On September 16, 1996, the Plat was recorded. Approved 4. On October 28, 1997, the Plat was amend"
682,PlanningCommission|s|minutes/2024/2024-09-09/2024-09-11_planning-commission-meeting.md|7,3,,"CONTINUE Land Management Code Amendments – Accessory Uses and Support Commercial, and the public hearing thereon to November 13, 2024"
683,PlanningCommission|robbins annexation,3,Robbins Annexation,"CONTINUE the Robbins Annexation Petition – Parcel SS-104-B and the Public Hearing to the Planning Commission Meeting scheduled for 9. October 23, 2024"
684,PlanningCommission|s|minutes/2024/2024-09-23/2024-09-25_planning-commission-meeting.md|3,3,,"CONTINUE the 1800 Park Avenue – Park and Kearns Master Planned Development and the Public Hearing to the Planning Commission Meeting scheduled for October 23, 2024"
685,PlanningCommission|s|minutes/2024/2024-10-07/2024-10-09_planning-commission-meeting.md|3,3,,"APPROVE the Plat Amendment for 2411 Country Lane and 28 Payday Drive subject to the following: Findings of Fact 1. 2411 Country Lane Drive and 28 Payday Drive are Lots 3A & 4A of the Thaynes Creek Ranch Estates – Phase 1 – Lots 3 & 4 Amended recorded plat, recorded with the Summit County Recorder’s office October 23, 2023 (Entry No. 1211356). 2. On July 12, 2023, the Planning Commission reviewed the Thaynes Creek Ranch Estates Phase 1 – Lots 3 & 4 Amended and forwarded a positive recommendation to City Council. 3. At the July 12, 2023, Planning Commission meeting the Applicant modified the pro"
686,PlanningCommission|s|minutes/2024/2024-10-21/2024-10-23_planning-commission-meeting.md|2,3,,"CONTINUE Agenda Item 5A, 1800 Park Avenue – Park and Kearns Master Planned Development, to a date uncertain. The motion was"
687,PlanningCommission|s|minutes/2024/2024-10-21/2024-10-23_planning-commission-meeting.md|3,3,,"CONTINUE Agenda Item 5B, 1251 Kearns Boulevard Conditional Use Permit, and the public hearing to the November 13, 2024, Planning Commission Meeting. The motion was"
688,PlanningCommission|s|minutes/2024/2024-10-21/2024-10-23_planning-commission-meeting.md|4,3,,"forward a recommendation of APPROVAL to the City Council on the Robbins (Iron Canyon) Annexation Petition based on the Draft Ordinance Findings of Fact, Conclusions of Law, and Conditions of Approval and the associated Annexation Agreement, as clarified and discussed during the meeting: Findings of Fact 1. On August 22, 2024, the applicants filed an annexation petition with the City Recorder for the annexation of Parcel SS-104-B, currently within the jurisdiction of Summit County and completely surrounded by properties within the Park City municipal boundary. 2. The applicant is requesting ann"
689,PlanningCommission|s|minutes/2024/2024-11-11/2024-11-13_planning-commission-meeting.md|5,3,,"APPROVE 1251 Kearns Boulevard Conditional Use Permit based on the following: Findings of Fact 1. On April 15, 2022, the Applicant submitted a Conditional Use Permit (CUP) application to enclose an outdoor dining area, creating a 3,795-square-foot addition to the Blind Dog Restaurant and Yard Commercial Complex at 1251 Kearns Boulevard. 2. 1251 Kearns Boulevard is in the General Commercial Zoning District within the Frontage Protection Zone (FPZ), which requires CUP review by the Planning Commission for any new construction within the 100-foot FPZ. 3. The Blind Dog Restaurant is one of three te"
690,PlanningCommission|mercantile condominium plat 4 the condominium plat amendment,3,Mercantile Condominium Plat. 4. The Condominium Plat Amendment,"APPROVE the Plat Amendment for 255 Heber Avenue subject to the following: Findings of Fact 1. 255 Heber Avenue is in the Historic Recreation Commercial (HRC) Zoning District and the Frontage Protection Zone (FPZ). 2. On March 27, 1997, the City Council approved Ordinance No. 97-15, which combined seven Lots and one metes and bounds parcel into one Lot known as 255 Heber Avenue. 3. On May 19, 1999, the City Council approved Ordinance No. 99-18, which approved the Poison Creek Mercantile Condominium Plat. 4. The Condominium Plat Amendment amends Units A, B, and C only. 5. The legend on the Poiso"
691,PlanningCommission|s|minutes/2024/2024-11-11/2024-11-13_planning-commission-meeting.md|10,3,,direct staff to draft an ordinance to amend the accessory uses for MPDs in the Land Management Code for review by
692,PlanningCommission|s|minutes/2024/2024-12-09/2024-12-11_planning-commission-meeting.md|2,3,,"CONTINUE Agenda Item 5A, Bonanza Park – Land Management Code Amendments, and the public hearing to the February 12, 2025, Planning Commission Meeting. The motion was"
693,PlanningCommission|s|minutes/2024/2024-12-09/2024-12-11_planning-commission-meeting.md|3,3,,"APPROVE the Master Planned Development and Conditional Use Permit for 1400 Sullivan Road, based on the amended Findings of Fact, Conclusions of Law, and Conditions of Approval, and forward a positive recommendation for the Housing Authority’s review of the Housing Mitigation Plan: Findings of Fact 1. The Applicant proposes demolishing the existing 5,000-square-foot Recreation Building at City Park (1400 Sullivan Road) to construct a 15,000- square-foot single-story Community Center and outdoor patio area and to relocate the existing outdoor recreation amenities, including two volleyball courts"
694,PlanningCommission|s|minutes/2025/2025-01-06/2025-01-08_planning-commission-meeting.md|3,3,,"CONTINUE 2250 Deer Valley Drive South – Amendment to the Flagstaff Development Agreement Technical Reports to January 22, 2025"
695,PlanningCommission|park city film studios first amended subdivision,3,Park City Film Studios First Amended Subdivision,"APPROVE the Conditional Use Permit for an Indoor Public Pickleball Recreation Facility at 4001 Kearns Boulevard, according to the following Findings of Fact, Conclusions of Law, and Conditions of Approval, as amended: Findings of Fact .1 1. 4001 Kearns Boulevard is the 8.62-acre Lot 1A of Park City Film Studios First Amended Subdivision and part of the Quinn’s Junction Master Planned Development (MPD), in the Community Transition (CT) Zoning District and Regional Commercial Overlay (RCO), both of which require a Conditional Use Permit (CUP) for Public Recreation Facilities. 2. The property is "
696,PlanningCommission|s|minutes/2025/2025-01-06/2025-01-08_planning-commission-meeting.md|5,3,,"APPROVE the Eighth Amended Little Belle Condominium Plat for 7185 Little Belle Court, according to the following Findings of Fact, Conclusions of Law, and Conditions of Approval: 2. Findings of Fact 1. The Little Belle Condominiums is a 20-Unit Condominium. The .1 Condominium Plat was recorded with Summit County on December 21, 1981 (Entry No.186813). 2. The Condominium Plat includes six buildings between Royal Street, Service Road, and Guardsman’s Connection Road in the Silver Lake Village of Deer Valley. 3. The Applicant requests a Plat Amendment (Attachment 1) to reflect the existing condit"
697,PlanningCommission|s|minutes/2025/2025-01-06/2025-01-08_planning-commission-meeting.md|7,3,,"APPROVE the Third Amended Union Square Condominium Plat at 201 Heber Avenue, according to the following Findings of Fact, Conclusions of Law, and Conditions of Approval: Findings of Fact 1. The Applicant proposes to convert limited common area and common area and to reassign 1,555 square feet of commercial limited common area on the first level of the Union Square Condominiums from Unit COM-3 to Unit LB-1 in the Historic Recreation Commercial (HRC) Zoning District. 2. On October 19, 2023, 80 percent of the Property Owners Association for Union Square voted to approve this Plat Amendment. 3. Th"
698,PlanningCommission|s|minutes/2025/2025-01-06/2025-01-08_planning-commission-meeting.md|8,3,,"CONTINUE the 1120 Park Avenue Conditional Use Permit application and public hearing to the February 12, 2025, Planning Commission Meeting. The motion was"
699,PlanningCommission|s|minutes/2025/2025-01-20/2025-01-22_planning-commission-meeting.md|2,3,,"APPROVE the 2250 Deer Valley Drive South – Amendment to the Flagstaff Development Agreement Technical Reports, amending the Flagstaff Development Agreement Technical Report #5 Open Space Management Plan and Technical Report #13 Wildlife Management Plan, as shown in Exhibit A. The motion was"
700,PlanningCommission|s|minutes/2025/2025-01-20/2025-01-22_planning-commission-meeting.md|3,3,,"CONTINUE the Snow Park Village Base Area – Deer Valley Resort 13th Amended and Restated Large Scale Master Planned Development Permit, Phase I Conditional Use Permit and Subdivision, and the public hearing to the February 26, 2025, meeting. The motion was"
701,PlanningCommission|s|minutes/2025/2025-02-10/2025-02-12_planning-commission-meeting.md|3,3,,"CONTINUE the Bonanza Park – Land Management Code Amendments and the public hearing to the March 12, 2025, meeting. .2"
702,PlanningCommission|eagle point phase iv subdivision,3,Eagle Point Phase IV Subdivision,"APPROVE the Conditional Use Permit for a Private Recreation Facility at 3443 Meadows Drive, based on the following Findings of Fact, Conclusions of Law, and Conditions of Approval: Findings of Fact 1. The Applicant proposes constructing a 12-foot x 50-foot (600-square-foot) outdoor pool to the rear of 3443 Meadows Drive, a Single-Family Dwelling, for property owner use. 2. 3443 Meadows Drive is Lot 58 of the Eagle Point Phase IV Subdivision within the Quarry Mountain Master Planned Development (MPD). 3. On April 28, 1994, the City Council approved the Quarry Mountain MPD for 200 parcels for fu"
703,PlanningCommission|s|minutes/2025/2025-02-10/2025-02-12_planning-commission-meeting.md|5,3,,"forward a POSITIVE RECOMMENDATION for City Council review on February 27, 2025, to amend Conditions of Approval to extend the sunset clause for two years and to allow an additional tipping site on Parcel PCA-S- 79-B and PCA-S-79-C. In addition, to forward a POSITIVE RECOMMENDATION for City Council review on February 27, 2025, to shift subdivision final review for the Bransford’s parcels from the City Council to the Planning Commission"
704,PlanningCommission|s|minutes/2025/2025-02-10/2025-02-12_planning-commission-meeting.md|7,3,,"CONTINUE the Conditional Use Permit for 1120 Park Avenue and the public hearing to March 26, 2025"
705,PlanningCommission|s|minutes/2025/2025-02-24/2025-02-26_planning-commission-meeting.md|3,3,,"APPROVE the Steep Slope Conditional Use Permit for a new single-family dwelling at 91 King Road, based on the following Findings of Fact, Conclusions of Law, and Conditions of Approval, as amended: Findings of Fact 1. 91 King Road is an unusual Lot because it is not a rectangle. 6. 2. The property is in the Historic Residential - Low Density (HRL) Zoning District. 3. .2 An existing non-historic Single-Family Dwelling (SFD) was constructed in 1970 on-site. 4. The Applicant proposes to demolish the existing SFD and construct a new one. 5. On August 24, 2021, the Board of Adjustment approved a Va"
706,PlanningCommission|s|minutes/2025/2025-02-24/2025-02-26_planning-commission-meeting.md|4,3,,"APPROVE the Conditional Use Permit for 2250 Deer Valley Drive South, for a realigned ski run, bottom lift terminal, 1,464-square- foot pumphouse, and 1,185-square-foot lift storage building, based on the following Findings of Fact, Conclusions of Law, and Conditions of Approval, as amended: Findings of Fact 1. On November 6, 2023, Deer Valley Resort submitted a Conditional Use Permit (CUP) application to construct: 6. a. 4.62 miles of new ski runs; b. .2 A new six-passenger 0.56-mile-long ski lift on Park Peak between Bald Mountain Peak and Flagstaff Peak for beginner skier access to the highe"
707,PlanningCommission|s|minutes/2025/2025-02-24/2025-02-26_planning-commission-meeting.md|5,3,,"APPROVE the Thirteenth Amended and Restated Large Scale Master Planned Development Permit and Snow Park Village Phase I Conditional Use Permit, based on the following Findings of Fact, Conclusions of Law, and Conditions of Approval, as amended: Findings of Fact 1. 2250 Deer Valley Drive South contains Snow Park Lodge and surface-level parking lots (“the property”). 2. The property is in the Residential Development Zoning District and is subject to the Deer Valley Resort Twelfth Amended and Restated Large Scale Master Planned Development Permit dated November 30, 2016 (“the Deer Valley MPD”) (A"
708,PlanningCommission|snow park village subdivision,3,Snow Park Village Subdivision,"APPROVE the 2250 Deer Valley Drive South 3. Subdivision based on the following Findings of Fact, Conclusions of Law, and Conditions of Approval: Findings of Fact 1. .2 The Applicant proposes the Snow Park Village Subdivision combining metes-and-bounds parcels associated with the existing Snow Park Lodge, open space, and proposed Snow Park Village. 2. The Applicant’s initial proposal was to create a 24.01-acre Lot. The Applicant has since modified their request to incorporate an additional 0.22 acres identified as Parcel 2, which is currently common area of the Powder Run Condominiums, to creat"
709,PlanningCommission|s|minutes/2025/2025-03-10/2025-03-12_planning-commission-meeting.md|2,3,,"APPROVE the 176 Main Street Plat 2. Amendment, based on the following Findings of Fact, Conclusions of Law, and Conditions of Approval, as amended: Findings of Fact 1. .0 176 Main Street is a Landmark Historic Structure located within the Historic Residential - 2 Zoning District, Sub-Zone B. 2. The Applicant proposes to remove a Lot Line and create one Lot of Record from a Metes and Bounds parcel. 3. The site is 8,324 square feet and has a maximum building footprint of 2,607 square feet. 4. The existing Structure has a footprint of 1,416 square feet. 5. The proposal creates a five-sided unusua"
710,PlanningCommission|s|minutes/2025/2025-03-10/2025-03-12_planning-commission-meeting.md|4,3,,RATIFY the Development Agreement for 1354 Park Avenue and 1400 Sullivan Road. The motion was
711,PlanningCommission|crescent road preliminary subdivision,3,Crescent Road Preliminary Subdivision,"APPROVE the 732 Crescent Road Preliminary Subdivision Plat, based on the following Findings of Fact, Conclusions of Law, and Conditions of Approval: Findings of Fact 1. On April 5, 2022, the Applicant submitted a subdivision application for a three-lot subdivision that encompassed four metes and bounds parcels: PC-338-B, PC-320, PC-320-B and SA-137-1 (PL-22-05223). 2. A Boundary Line Agreement and Record of Survey was recorded at Summit County on May 23, 2023, which consolidated the four parcels into two metes and bounds parcels: PC-338-B and PC-320 (Summit County Recorder Entry # 1204860). 3."
712,PlanningCommission|s|minutes/2025/2025-03-10/2025-03-12_planning-commission-meeting.md|6,3,,"CONTINUE the 732 Crescent Road Steep Slope Conditional Use Permit and public hearing to April 2, 2025. The motion was"
713,PlanningCommission|s|minutes/2025/2025-03-10/2025-03-12_planning-commission-meeting.md|7,3,,"CONTINUE the Land Management Code Amendments for the Bonanza Park Mixed Use Zoning District and the public hearing to the meeting on April 9, 2025. The motion was"
714,PlanningCommission|s|minutes/2025/2025-03-24/2025-03-26_planning-commission-meeting.md|2,3,,"forward a POSITIVE RECOMMENDATION .0 to the City Council for the Child Care Land Use Regulations, for consideration on June 5, 2025. The motion was"
715,PlanningCommission|amended condominium plat amendment,3,Amended Condominium Plat Amendment,"APPROVE the Queen Esther Village No. 1 Units 11, 12, 14, 15, 18, 19, 20, 21, 22, 23, and 24 Amended Condominium Plat Amendment, located at 2364, 2370, 2374, 2378, 2382, 2420, 2424, 2426, 2426, 2430, and 2434 Gilt Edge Circle, according to the following Findings of Fact, Conclusions of Law, and Conditions of Approval: 9. Findings of Fact: 1. .0 Queen Esther Village No. 1 is in the Residential Development (RD) Zoning District. 2. Queen Esther Village No. 1 is governed by the Queen Esther Village Master Planned Development (MPD), which was first approved as a Planned Unit Development (PUD) by the"
716,PlanningCommission|s|minutes/2025/2025-03-24/2025-03-26_planning-commission-meeting.md|5,3,,"APPROVE the modification to a Master Planned Development and Conditional Use Permit for 7815 Royal Street (The Chateaux Deer Valley), according to the following Findings of Fact, Conclusions of Law, and Conditions of Approval, as amended: Findings of Fact: .0 1. The property is in the Residential Development (RD) Zoning District, Sensitive Land Overlay (SLO), and Deer Valley Master Planned Development (MPD). 2. The property is subject to The Chateaux MPD. 3. The property is part of The Chateaux at Silver Lakes Condominium Amended Plat (Summit County Recorder Entry No. 552115). 4. The Applicant"
717,PlanningCommission|s|minutes/2025/2025-03-24/2025-03-26_planning-commission-meeting.md|6,3,,"DENY the Park and Kearns Master Planned Development (PL-22-05476), Conditional Use Permit (PL-22-05475), and Subdivision (PL-24-06238) because the proposed project does not comply with the Land Management Code requirements for building height exceptions, according to the following Findings of Fact and Conclusions of Law: Findings of Fact: 1800 Park Avenue contains the DoubleTree by Hilton Hotel (formerly “The 9. 1. Yarrow”) on a 4.47-acre metes-and-bounds parcel. 2. .0 The existing 182-room hotel with restaurant and meeting room facilities was constructed in 1977. 3. The Applicant proposes red"
718,PlanningCommission|s|minutes/2025/2025-03-24/2025-03-26_planning-commission-meeting.md|7,3,,CONTINUE the Conditional Use Permit for 1120 Park Avenue and the public hearing to a date uncertain. The motion was
719,PlanningCommission|s|minutes/2025/2025-03-24/2025-03-26_planning-commission-meeting.md|8,3,,"forward a POSITIVE RECOMMENDATION to the City Council for consideration on April 24, 2025, to approve an amendment to the 9. Development Agreement for the potential development of a four-unit multi-unit dwelling on the R-5 Parcel and three single-family dwellings on the Water Tank Parcel, subject to the following Conditions of Approval: 1. .0 Upon execution of the amended Development Agreement, Redus or its successors-in-title must pay an in-lieu affordable housing fee in an amount required by Resolution No. 05-2021 Affordable Housing Guidelines; 2. The Applicant agrees to an open space mainte"
720,PlanningCommission|s|minutes/2025/2025-03-31/2025-04-02_planning-commission-meeting.md|2,3,,CONTINUE the 2060 Park Avenue Conditional Use Permit and public hearing to a date uncertain. The motion was
721,PlanningCommission|woodside avenue plat amendment,3,Woodside Avenue Plat Amendment,"APPROVE the 364 and 368 Woodside Avenue Plat Amendment based on the following Findings of Fact, Conclusions of Law, and Conditions of Approval: Findings of Fact 1. On March 16, 2000, the City Council adopted Ordinance No. 2000-16 3. approving the Wardell Replat to combine Lot 17 and Lot 18 and the north half of Lot 19 Block 3 of the Park City Survey into one 4,791.6-square-foot Lot, 368 Woodside Avenue. 2. .2 368 Woodside Avenue is in the Historic Residential – 1 (HR-1) Zoning District. 3. The platted but unbuilt 4th Street Right-of-Way is to the north of the property and contains public stair"
722,PlanningCommission|park avenue three lot city park subdivision,3,Park Avenue Three-Lot City Park Subdivision,"APPROVE the 1354 Park Avenue Three-Lot City Park Subdivision based on the following Findings of Fact, Conclusions of Law, and Conditions of Approval: Findings of Fact 1. City Park is comprised of several metes-and-bounds parcels and platted Lots owned by Park City Municipal Corporation (PCMC) and surrounded by residential neighborhoods to the south, west, and north and Poison Creek and Deer Valley Drive to the east. 2. The Applicant proposes combining the metes-and-bounds parcels to create a three-lot Subdivision for City Park. 3. Miner’s Hospital, a Landmark Historic Site on Park City’s Histo"
723,PlanningCommission|good trump court condominium plat amendment,3,Good Trump Court Condominium Plat Amendment,"APPROVE the 2380 Good Trump Court Condominium Plat Amendment based on the following Findings of Fact, Conclusions of Law, and Conditions of Approval: Findings of Fact 1. 2380 Good Trump Court is an attached single-family condominium unit. 2. 2380 Good Trump Court is Unit 2 of the Queen Esther Village No. 1 Condominium Plat, recorded with Summit County Recorder’s Office on August 26, 1981. 3. The Applicant proposes converting a 218-square-foot area at the northeast corner of the ground level of 2380 Good Trump that has been used in the past as a bedroom but is shown as common area on the curren"
724,PlanningCommission|moonshadow condominiums plat amendment,3,Moonshadow Condominiums Plat Amendment,"APPROVE the Moonshadow Condominiums Plat Amendment for Units A, B, and G based on the following Findings of Fact, Conclusions of Law, and Conditions of Approval: Findings of Fact 1. The Moonshadow Condominiums are part of the Flagstaff Annexation Area, 3. governed by the Flagstaff Development Agreement. The Moonshadow Condominiums are part of the Village at Empire Pass Master Planned Development within the Residential Development (RD) – Master Planned 2. .2 Development and Recreation and Open Space (ROS) Zoning Districts. The Moonshadow Condominiums contain eight PUD-style units. The 2007 Amen"
725,PlanningCommission|deer valley drive east condominium plat amendment,3,Deer Valley Drive East Condominium Plat Amendment,"APPROVE the 2400, 2470, and 2510 Deer Valley Drive East Condominium Plat Amendment based on the following Findings of Fact, Conclusions of Law, and Conditions of Approval: Findings of Fact 1. Powder Run Condominiums, 2400, 2470, and 2510 Deer Valley Drive, is in the Residential Development (RD) Zoning District. 2. Powder Run is a three-building, 33-unit condominium development governed by the Deer Valley Master Planned Development and platted as Powder Run Condominiums (Summit County Recorder Entry No. 241128). 3. The Condominium Plat was approved by the Planning Commission on 3. September 11,"
726,PlanningCommission|s|minutes/2025/2025-03-31/2025-04-02_planning-commission-meeting.md|12,3,,"APPROVE the 2250 Deer Valley Drive South Condominium Plat based on the following Findings of Fact, Conclusions of Law, and Conditions of Approval: Findings of Fact 1. Snow Park Village, 2250 Deer Valley Drive South, is in the Residential Development (RD) Zoning District and part of the Deer Valley Master Planned Development (MPD). 2. The Applicant bifurcated the review and development of the Snow Park 3. Village into two phases. The first phase, which was approved by the Planning Commission on February 26, 2025 (Agenda Packet, Item 5.B.; Minutes, p. 36), is limited to the construction of up to"
727,PlanningCommission|s|minutes/2025/2025-03-31/2025-04-02_planning-commission-meeting.md|13,3,,"APPROVE the 732 Crescent Road Steep Slope Conditional Use Permit based on the following Findings of Fact, Conclusions of Law, and Conditions of Approval: Findings of Fact 1. On April 5, 2022, the Applicant submitted a subdivision application for a three-lot subdivision that encompassed four metes-and-bounds parcels: PC-338-B, PC-320, PC-320-B and SA-137-1 (PL-22-05223). 2. The Applicant submitted a revised Plat in July of 2023 for a two-lot subdivision of parcel PC-320 (the plat did not include 732 Crescent at that time). 3. On October 26, 2023, the Applicant submitted a Steep Slope Conditiona"
728,PlanningCommission|s|minutes/2025/2025-04-07/2025-04-09_planning-commission-meeting.md|2,3,,"CONTINUE the Modification to the Plat Amendment for 2685 Meadow Creek Drive Public Hearing and Consideration to June 11, 2025"
729,PlanningCommission|s|minutes/2025/2025-04-07/2025-04-09_planning-commission-meeting.md|3,3,,CONTINUE the 7900 Royal Street Conditional Use Permit and Public Hearing to a date uncertain
730,PlanningCommission|s|minutes/2025/2025-04-07/2025-04-09_planning-commission-meeting.md|4,3,,"APPROVE the Conditional Use Permit at 1750 Kearns Boulevard for the Park City School District Campus Recreation Facility improvements subject to the following: Findings of Fact: 1. The Applicant proposes: a. A Public Recreation Facility, Accessory Buildings greater than 600 square feet, and Recreation Sports Facilities at Dozier Field at Park City High School (PCHS); and b. Demolishing Treasure Mountain Junior High (TMJH) and replacing it with an athletic support building, recreation fields, and courts, at least 98 surface Parking Spaces, a multi-use pathway, and associated amenities. 2. Both "
731,PlanningCommission|s|minutes/2025/2025-04-21/2025-04-23_planning-commission-meeting.md|2,3,,CONTINUE the Plat Amendment for 7 and 11 Red Cloud Trail and the public hearing to a date uncertain
732,PlanningCommission|lilac hill east subdivision,3,Lilac Hill East Subdivision,"APPROVE the Nightly Rental Conditional Use Permit for 747 Rossie Hill Drive, according to the following Findings of Fact, Conclusions of Law, and Conditions of Approval: Findings of Fact: 1. 747 Rossie Hill Drive is Lot 5 of the Lilac Hill East Subdivision (Summit County Recorder Entry No. 1164826). The Lot is approximately 0.14 acres and 6,176 square feet. 4. 2. The Applicant obtained Historic District Design Review (HDDR) approval to construct an SFD at the Site on December 15, 2022. 3. .1 The Lilac Hill East Subdivision Plat established a five-lot subdivision of SFDs, including three Landma"
733,PlanningCommission|s|minutes/2025/2025-04-21/2025-04-23_planning-commission-meeting.md|4,3,,CONTINUE the Plat Amendment for 1127 Woodside Avenue and the public hearing to a date uncertain
734,PlanningCommission|s|minutes/2025/2025-04-21/2025-04-23_planning-commission-meeting.md|5,3,,"forward a POSITIVE RECOMMENDATION to the City Council for the LMC Amendments, including Radon Mitigation, Steep Slope Conditional Use Permit, Materials and Opacity for Non-Historic Residential Structures in Historic Districts, Maximum Driveway Width in Non-Historic Zoning Districts, and Additional Changes Required Due to State Code Update, as amended, for consideration at the June 5, 2025, City Council Meeting"
735,PlanningCommission|s|minutes/2025/2025-04-21/2025-04-23_planning-commission-meeting.md|6,3,,"forward a POSITIVE RECOMMENDATION to the City Council for the Land Use Appeal Authority Draft Ordinance, which amends the Appeal Authority in the Land Management Code, incorporating the City Council’s input on February 27, 2025, in a draft form approved by the City Attorney and reflective of the Planning Commission discussion. The motion was"
736,PlanningCommission|s|minutes/2025/2025-05-12/2025-05-14_planning-commission-meeting.md|4,3,,"CONTINUE the public hearing and discussion on the Bonanza Park Land Management Code (“LMC”) until June 11, 2025"
737,PlanningCommission|quinns drive plat amendment,3,Quinns Drive Plat Amendment,"CONTINUE the 3995 Quinns Drive Plat Amendment, Condominium Plat, and public hearing to May 28, 2025"
738,PlanningCommission|daly avenue subdivision,3,Daly Avenue Subdivision,"APPROVE the plat amendment at 15 King Road based on the following: Findings of Fact 1. 15 King Road (Parcel No. 10-DALY-1 AM-2) is a 4,304-square-foot Lot in the HR-1 Zoning District with a non-historic Single-Family Dwelling (SFD) constructed in 2007. 8. 2. On October 21, 2004, the City Council adopted Ordinance No. 04-48 approving the 10 Daly Avenue Subdivision First Amended to subdivide the 10 Daly Avenue Subdivision into two Lots. 3. .2 15 King Road is Lot 2 of the 10 Daly Avenue Subdivision First Amended. 4. When the property was subdivided in 2004 there was a 91-square-foot triangle parc"
739,PlanningCommission|marsac avenue sommet blanc condominium plat amendment,3,Marsac Avenue Sommet Blanc Condominium Plat Amendment,"APPROVE the 9300 Marsac Avenue Sommet Blanc Condominium Plat Amendment subject to the following: Findings of Fact 1. On July 13, 2022, the Planning Commission approved the Sommet Blanc Condominiums Plat for three Multi-Unit Dwellings with 49 residential Units and a 3,600-square-foot restaurant. 2. The Applicant proposes the First Amended Sommet Blanc Condominiums Plat to: a. Amend power and ski easements. b. Update storm drain, water, conservation, access, and parking easements. c. Clarify Pool and event lawn areas. d. Adjust common areas for mechanical equipment. e. Reduce limited common area"
740,PlanningCommission|s|minutes/2025/2025-05-26/2025-05-28_planning-commission-meeting.md|3,3,,"APPROVE the Plat Amendment for the Bald Eagle Club at Deer Valley Unit 44, according to the following Findings of Fact, Conclusions of Law, and Conditions of Approval, as amended: Findings of Fact: 1. On May 3, 1989, the Planning Commission approved the Bald Eagle Club at Deer Valley Master Planned Development (MPD). The MPD approved the construction of 53 Single-Family Dwellings. 2. When the Bald Eagle Club at Deer Valley MPD was approved in 1989, Land Management Code (LMC) Section 7.5.3(c) at that time established Planning Commission requirements to reduce the Front Setback in the RD Zoning "
741,PlanningCommission|s|minutes/2025/2025-05-26/2025-05-28_planning-commission-meeting.md|4,3,,"APPROVE the Plat Amendment for 233 Norfolk Avenue according to the following Findings of Fact, Conclusions of Law, and 1. Conditions of Approval: Findings of Fact: 1. .1 233 Norfolk Avenue (PC-718-B) consists of Lots 26, 27, and 34 of Block 78 of the Millsite Reservation to Park City. 2. There was previously a Single-Family Dwelling (SFD) constructed circa 1980 at 233 Norfolk Avenue that straddled the Lots and was demolished in 2024 (permit 24-990). Portions of the 1980 SFD foundation remain on the site. 3. The Applicant proposes to combine the Lots to create one Lot that is 4,335.17 square fe"
742,PlanningCommission|quinn s partnership annexation,3,Quinn's Partnership Annexation,"APPROVE the Plat Amendment for 3995 Quinns Drive, 3957 Front Street, according to the following Findings of Fact, Conclusions of Law, and Conditions of Approval: Findings of Fact: 1. 1. On May 24, 2012, the City Council adopted Ordinance No.12-12 approving the Quinn’s Partnership Annexation, annexing 29.55 acres of land at the .1 southwest corner of SR248 and the US40 Interchange in the Quinn’s Junction Area, and zoning the property Community Transition (CT) and Regional Commercial Overlay (RCO), within the Sensitive Land Overlay (SLO) and Entry Corridor Preservation Overlay (ECPO). 2. In June"
743,PlanningCommission|prospect avenue plat amendment,3,Prospect Avenue Plat Amendment,"APPROVE the Conditional Use Permit for an exception to the front and side setback for a basement addition at 36 Prospect Avenue, according to the Findings of Fact, Conclusions of Law, and Conditions of Approval: Findings of Fact: 1. 36 Prospect Avenue, constructed circa 1889 on a 4,169-square-foot Lot, is a Landmark Historic Site in the Historic Residential – 1 (HR-1) Zoning District. The Historic Structure was constructed over 3 lot lines. 2. On November 29, 2023, the Planning Commission approved the 36 Prospect Avenue Plat Amendment. 3. On September 4, 2024, the Historic Preservation Board a"
744,PlanningCommission|s|minutes/2025/2025-05-26/2025-05-28_planning-commission-meeting.md|9,3,,"APPROVE the Conditional Use Permit at 3672 West Deer Crest Estates Drive, according to the following Findings of Fact, Conclusions of Law, and Conditions of Approval, as amended: Findings of Fact: 1. The Applicant proposes to construct a Private Recreation Facility with: a. Two pickleball courts. b. One tennis court. c. A 450-square-foot stage for covered picnics and private events. d. A 500-square-foot playground. e. Four Parking Spaces. f. A 375-square-foot Building for storage and restrooms. g. A 10-foot-tall sound-mitigating AcoustiFence surrounds the tennis court and pickleball courts. h."
745,PlanningCommission|modified plat amendment,3,Modified Plat Amendment,"APPROVE the Modified Plat Amendment for 2647 and 2685 Meadow Creek Drive, according to the following Findings of Fact, Conclusions of Law, and Conditions of Approval, as amended: Findings of Fact: 1. In 1980, the Park City Municipal Corporation (the City) approved the McLeod Creek Subdivision. 2. On January 22, 1985, the City Council passed Ordinance 86-5, rezoning McLeod Creek Subdivision to being Single Family (SF) Zoning District. 9. 3. On December 17, 1992, the City Council formally annexed what would .0 become the Willow Ranch Subdivision, zoning it Estate and Recreation Open Space. 4. On"
746,PlanningCommission|second amended red cloud subdivision,3,Second Amended Red Cloud Subdivision,"APPROVE the Second Amended Red Cloud Subdivision, 7 and 11 Red Cloud Trail Plat Amendment, according to the following Findings of Fact, Conclusions of Law, and Conditions of Approval, as amended: Findings of Fact: 1. Lots 1 and 2 of the Red Cloud Subdivision are 1.45 acres and 1.22 acres, respectively. Lot 1 has a Building Envelope of 9,660 square feet, and Lot 2 has a Building Envelope of 9,749 square feet. Lots 1 and 2 each have a maximum Gross Residential Floor Area of 10,000 square feet. Parcel 2 is 0.92 acres and is owned by the Applicant. 2. The Applicant proposes combining Lots 1 and 2 "
747,PlanningCommission|s|minutes/2025/2025-06-09/2025-06-11_planning-commission-meeting.md|5,3,,CONTINUE the Plat Amendment for 6453 Silver Lake Drive and public hearing to a date uncertain. The motion was
748,PlanningCommission|s|minutes/2025/2025-06-09/2025-06-11_planning-commission-meeting.md|6,3,,"CONTINUE the Bonanza Park – Land Management Code Amendments and the public hearing to June 25, 2025. The motion was"
749,PlanningCommission|s|minutes/2025/2025-06-23/2025-06-25_planning-commission-meeting.md|2,3,,"APPROVE the Modification to a Conditional .2 Use Permit for 1750 Kearns Boulevard, according to the following Findings of Fact, Conclusions of Law, and Conditions of Approval, as amended: Findings of Fact: 1. The Applicant proposes: a. A Public Recreation Facility, Accessory Buildings greater than 600 square feet, and Recreation Sports Facilities at Dozier Field at Park City High School (PCHS); and b. Demolishing Treasure Mountain Junior High (TMJH) and replacing it with an athletic support building, recreation fields and courts, at least 98 surface Parking Spaces, a multi-use pathway, and ass"
750,PlanningCommission|snow creek crossing lot 9b subdivision,3,Snow Creek Crossing Lot 9B Subdivision,"APPROVE the Modification to a Conditional Use Permit for 2060 Park Avenue, according to the following Findings of Fact, Conclusions of Law, and Conditions of Approval, as amended: Findings of Fact: 1. 2060 Park Avenue is a 5.46-acre Lot in the Residential Development - Medium Density (RDM) Zoning District and Sensitive Land Overlay. 2. 2060 Park Avenue is Lot 1 of the Snow Creek Crossing Lot 9B Subdivision. The site currently has 10 parking spaces accessed off Snow Creek Drive and 21 secured parking spaces accessed off Snow Creek Lane. 3. On April 12, 2006, the Planning Commission approved a C"
751,PlanningCommission|s|minutes/2025/2025-07-07/2025-07-09_planning-commission-meeting.md|2,3,,"CONTINUE the Draft Recommendations for the Updated General Plan and the Public Hearing to the Planning Commission Meeting on July 23, 2025. The motion was"
752,PlanningCommission|s|minutes/2025/2025-07-21/2025-07-23_planning-commission-meeting.md|2,3,,"CONTINUE the Plat Amendment for 301 Marsac Avenue and the Public Hearing to the August 13, 2025, Planning Commission Meeting. The motion was"
753,PlanningCommission|s|minutes/2025/2025-07-21/2025-07-23_planning-commission-meeting.md|3,3,,CONTINUE the General Plan Agenda Item to a Date Uncertain. The motion was
754,PlanningCommission|hot creek subdivision,3,Hot Creek Subdivision,"APPROVE the Hot Creek Subdivision to Create a One-Lot, 2.83-Acre Subdivision in the Recreation and Open Space Zoning District and Sensitive Land Overlay, subject to the following: Findings of Fact: 1. The Applicant proposes a 2.83-acre one-lot Subdivision to construct a private Restaurant. 2. On May 10, 1997, the City Council approved Ordinance No. 99-30 annexing approximately 1,750 acres in the Flagstaff Mountain/Empire Pass area into Park City. 3. Pursuant to the Flagstaff/Empire Pass Master Planned Development (MPD) 3. outlining Development within the annexed area, the Applicant was require"
755,PlanningCommission|s|minutes/2025/2025-07-21/2025-07-23_planning-commission-meeting.md|5,3,,"APPROVE the 10206 Twisted Branch Road Conditional Use Permit, according to the following Findings of Fact, Conclusions of Law, and Conditions of Approval, as amended: Findings of Fact: 1. The Applicant proposes to construct a 2,862-square-foot private Restaurant with a 400-square-foot area for Outdoor Dining at 10206 Twisted Branch Road, within the Empire Pass area. The Outdoor Dining area will accommodate up to 30 guests. 2. The Applicant proposes an 800-square-foot tent to be installed up to five times per year on an ongoing basis, not to exceed 14 days at one time. 3. The Applicant has a pe"
756,PlanningCommission|s|minutes/2025/2025-07-21/2025-07-23_planning-commission-meeting.md|6,3,,"CONTINUE the Plat Amendment for 8946 Marsac Avenue and the Public Hearing to August 13, 2025. The motion was"
757,PlanningCommission|s|minutes/2025/2025-07-21/2025-07-23_planning-commission-meeting.md|7,3,,"CONTINUE the Village at Empire Pass Master Planned Development Modification and the Public Hearing to August 13, 2025. The motion was"
758,PlanningCommission|s|minutes/2025/2025-07-21/2025-07-23_planning-commission-meeting.md|8,3,,"CONTINUE the Plat Amendment for 9401 Marsac Avenue and the Public Hearing to August 13, 2025"
759,PlanningCommission|s|minutes/2025/2025-07-21/2025-07-23_planning-commission-meeting.md|9,3,,"CONTINUE the Steep Slope Conditional Use Permit for 301 Marsac Avenue and the Public Hearing to August 13, 2025. The motion was"
760,PlanningCommission|silver king unit 512 condominium plat amendment,3,Silver King Unit 512 Condominium Plat Amendment,"APPROVE the Silver King Unit 512 Condominium Plat Amendment, according to the following Findings of Fact, Conclusions of Law, and Conditions of Approval: Findings of Fact: 1. The Silver King Condominiums is a 66-unit condominium project in the Recreation Commercial (RC) Zoning District. 2. The Units range in size from 608 to 2,443 square feet. Unit 512 is a one- level Unit with a 259-square-foot loft. 7. 3. The loft is part of the original construction of Unit 512 but was never included on the recorded plat. The Applicant proposes the Plat Amendment to reflect .2 the existing conditions of Uni"
761,PlanningCommission|s|minutes/2025/2025-08-11/2025-08-13_planning-commission-meeting.md|5,3,,"APPROVE the Modification to the Village at Empire Pass Master Planned Development, according to the following Findings of Fact, Conclusions of Law, and Conditions of Approval, as amended: Findings of Fact: 1. The Applicant proposes to modify the Village at Empire Pass Master Planned Development (MPD) to establish Volumetrics Guidelines for the Argus (R-5) Site at 8946 Marsac Avenue within the Flagstaff/Empire Pass Development Pod A. 2. On June 24, 1999, the City Council adopted Resolution No. 20-99 7. authorizing the Flagstaff Mountain Development Agreement and Ordinance No. 99-30 annexing the"
762,PlanningCommission|s|minutes/2025/2025-08-11/2025-08-13_planning-commission-meeting.md|6,3,,"APPROVE the Argus (R-5) Subdivision at 8946 Marsac Avenue, according to the following Findings of Fact, Conclusions of Law, and Conditions of Approval, as amended: Findings of Fact: 1. The Argus (R-5) Subdivision combines portions of two metes-and-bounds parcels to create a 1.58-acre Lot for a four-unit Multi-Unit Dwelling at 8946 Marsac Avenue. 2. The Argus (R-5) Subdivision is bounded to the north by the Marsac Claim, to the east and south by Marsac Avenue/State Route 224, and to the west by Deer Valley Resort’s West Conservation Parcel. One Empire Pass is east of the proposed subdivision, a"
763,PlanningCommission|guardsman subdivision,3,Guardsman Subdivision,"APPROVE the Guardsman Subdivision at 9401 Marsac Avenue, according to the following Findings of Fact, Conclusions of Law, and Conditions of Approval, as amended: Findings of Fact: 1. The Guardsman Subdivision creates three Lots for Single-Family Dwellings, one Lot for the existing Park City Municipal Water Tank, one Open Space parcel including the parking area for the Mid Mountain Trailhead, and one common area parcel including the driveway accessing the residential Lots. Under the terms of an approved exchange agreement between the City and Redus, the City will own the water tank Lot and the "
764,PlanningCommission|marsac avenue plat amendment,3,Marsac Avenue Plat Amendment,"APPROVE the 301 Marsac Avenue Plat Amendment, according to the following Findings of Fact, Conclusions of Law, and Conditions of Approval: Findings of Fact: 1. 301 Marsac Avenue is Lots 1 and 2 of Block 54 of the Amended Plat of the Park City Survey. 2. The vacant property contains Very Steep Slopes over 40% with majority of slopes ranging between 90% - 100%. 3. The foundation and decks of the Duplex at 301 and 303 Ontario Avenue encroach onto 301 Marsac Avenue over the shared common rear Lot line to the east of 301 Marsac Avenue. 4. An encroachment agreement was recorded on June 3, 2022 for t"
765,PlanningCommission|s|minutes/2025/2025-08-11/2025-08-13_planning-commission-meeting.md|9,3,,"APPROVE the 301 Marsac Avenue Steep Slope Conditional Use Permit (“SSCUP”), according to the following Findings of Fact, Conclusions of Law, and Conditions of Approval, as amended: Findings of Fact: 1. 301 Marsac Avenue is Lot 1 and 2 of Block 54 of the Amended Plat of the Park City Survey and is within the Historic Residential-1 Zoning District. 2. The vacant property has never been developed and contains Very Steep Slopes over 40% with most slopes ranging between 90% - 100%. 3. Land Management Code (LMC) § 15-2.2-6 requires Planning Commission review of a SSCUP for construction of “any addit"
766,PlanningCommission|park city golf course back nine subdivision,3,Park City Golf Course Back Nine Subdivision,"APPROVE the Conditional Use Permit for the Thaynes Net and Three Kings Net, according to the following Findings of Fact, Conclusions of Law, and Conditions of Approval, as amended: Findings of Fact: 1. The Applicant proposes two safety nets, both up to 50 feet in Height, at the Park City Golf Course and Three Kings Water Treatment Plant at 1884 Three Kings Drive. The nets are requested to provide protection from errant golf balls. 2. 1884 Three Kings Drive is a 67.75-acre Lot in the Park City Golf Course Back Nine Subdivision and Urban Park Zoning District (UPZ). The property is part of the Ho"
767,PlanningCommission|s|minutes/2025/2025-08-25/2025-08-27_planning-commission-meeting.md|3,3,,"APPROVE the Telecommunication Facility CUP for Parcel PC-SS-88 according to the following Findings of Fact, Conclusions of Law, and Conditions of Approval, as amended: Findings of Fact: 1. Parcel PC-SS-88 is a 145.59-acre metes-and-bounds Parcel in the Recreation and Open Space (ROS) Zoning District and Sensitive Land Overlay (SLO). 2. The Applicant proposes to upgrade an existing Telecommunications Facility east of HWY-40 and south of the Rail Trail. 3. The Applicant requests a Conditional Use Permit (CUP) for the replacement of older equipment and a reduction of the antenna from nine to six."
768,PlanningCommission|s|minutes/2025/2025-08-25/2025-08-27_planning-commission-meeting.md|4,3,,"APPROVE the CUP Modification for 340 .1 Main Street, according to the following Findings of Fact, Conclusions of Law, and Conditions of Approval: Findings of Fact: 1. 340 Main Street is located in the Historic Commercial Business Zoning (HCB) District and is a non-Historic Site. 2. In the HCB Zoning District, a Telecommunications Facility requires compliance with Land Management Code (LMC) § 15-4-14, Telecommunications Facilities and a Conditional Use Permit, pursuant to the review criteria outlined in LMC §15-1-10(E). 3. On May 10, 2017, the Planning Commission approved a Conditional Use Perm"
769,PlanningCommission|s|minutes/2025/2025-09-08/2025-09-10_planning-commission-meeting.md|2,3,,"forward a POSITIVE RECOMMENDATION for City Council consideration for the Draft Ordinance to Adopt the General Plan, updating the Mission Statement to add the words “Connectivity To…” and removing Attachment 3, the Executive Summary. The motion was"
770,PlanningCommission|s|minutes/2025/2025-09-08/2025-09-10_planning-commission-meeting.md|3,3,,"APPROVE the Modification to the Mid- Mountain Trailhead CUP, according to the following Findings of Fact, Conclusions of Law, and Conditions of Approval, as amended: 4. Findings of Fact: 1. .2 The Sommet Blanc CUP was approved by the Planning Commission on March 9, 2022, for the development of 49 residential units and a 3,600 square foot restaurant at 9300 Marsac Avenue near the Mid-Mountain Trailhead. Improvements to the Mid-Mountain Trailhead and Parking Area were required by the Planning Commission as a condition of the 2022 Sommet Blanc CUP approval. 2. On June 26, 2024, the Planning Commi"
771,PlanningCommission|s|minutes/2025/2025-09-22/2025-09-24_planning-commission-meeting.md|3,3,,"CONTINUE the 384 Woodside Avenue Steep Slope Conditional Use Permit to the October 22, 2025, Planning Commission Meeting. The motion was"
772,PlanningCommission|s|minutes/2025/2025-09-22/2025-09-24_planning-commission-meeting.md|4,3,,"CONTINUE the 368 Woodside Avenue Steep Slope Conditional Use Permit to the October 22, 2025, Planning Commission Meeting. The motion was"
773,PlanningCommission|red cloud subdivision,3,Red Cloud Subdivision,"APPROVE the CUP at 41 Red Cloud Trail for a private outdoor pool, according to the following Findings of Fact, Conclusions of Law, and Conditions of Approval: Findings of Fact: 1. On August 11, 2004, the Planning Commission approved the Master Planned Development (MPD) for 30 Single-Family Dwellings (SFDs) for Red Cloud. 2. On November 11, 2004, the City Council adopted Ordinance 04-56 approving the Red Cloud Subdivision for the 30 SFDs. 3. 41 Red Cloud Trail is Lot 29 of the Red Cloud Subdivision. 4. On November 15, 2023, the Building Department issued permit number 23- 1499 for the construct"
774,PlanningCommission|s|minutes/2025/2025-09-22/2025-09-24_planning-commission-meeting.md|7,3,,forward a POSITIVE RECOMMENDATION to the City Council for Land Management Code Amendments to Section 15-1-12.5 - Continuations. The motion was
775,PlanningCommission|s|minutes/2025/2025-10-06/2025-10-08_planning-commission-meeting.md|1,3,,"CONTINUE Parcel PC-SS-121-X (Clark Ranch) – Zone Change and the Public Hearing to the October 22, 2025, Planning Commission Meeting. The motion was"
776,PlanningCommission|s|minutes/2025/2025-10-06/2025-10-08_planning-commission-meeting.md|2,3,,"CONTINUE Parcel PC-SS-121-X (Clark Ranch) – Subdivision and the Public Hearing to the October 22, 2025, Planning Commission Meeting. The motion was"
777,PlanningCommission|iron canyon phase 2 subdivision,3,Iron Canyon Phase 2 Subdivision,"APPROVE the Subdivision Final Plat for Iron Canyon Phase 2 Subdivision according to the following Findings of Fact, Conclusions of Law, and Conditions of Approval, as amended: Findings of Fact: 1. The Applicant submitted an Annexation petition application on September 28, 2023, for Parcel SS-104-B, a 0.94-acre vacant parcel that was an island of unincorporated Summit County, surrounded by land previously annexed into the Park City Municipal Boundary. 2. The Applicant submitted a Subdivision application on January 9, 2024, to create three Lots from Parcels SS-104-B, PCA-105, and portions of adj"
778,PlanningCommission|s|minutes/2025/2025-10-06/2025-10-08_planning-commission-meeting.md|4,3,,CONTINUE the SSCUP for 405 Woodside Avenue to a date uncertain. The motion was
779,PlanningCommission|s|minutes/2025/2025-10-06/2025-10-08_planning-commission-meeting.md|5,3,,"forward a POSITIVE RECOMMENDATION to the City Council for Land Management Code Amendments for Review on December .2 11, 2025. The motion was"
780,PlanningCommission|s|minutes/2025/2025-10-20/2025-10-22_planning-commission-meeting.md|3,3,,CONTINUE the application for 384 Woodside Avenue – Steep Slope Conditional Use Permit and the public hearing to a date uncertain. The motion was
781,PlanningCommission|s|minutes/2025/2025-10-20/2025-10-22_planning-commission-meeting.md|4,3,,CONTINUE the application for 368 Woodside Avenue – Steep Slope Conditional Use Permit and the public hearing to a date uncertain. The motion was
782,PlanningCommission|s|minutes/2025/2025-10-20/2025-10-22_planning-commission-meeting.md|5,3,,"APPROVE the Mid-Mountain Trailhead – Extension to a Conditional Use Permit request, according to the following Findings of Fact, Conclusions of Law, and Conditions of Approval: 2. Findings of Fact: 1. .1 The June 26, 2024, and September 10, 2025 Final Action Letters for the Mid- Mountain Trailhead CUP are incorporated herein. 2. Land Management Code (LMC) Section 15-1-10(G) establishes the following for extensions: the extension does not result in a finding of non-compliance with the review criteria in Section 15-1-10(E) or LMC, and there are no physical changes to the Property or surroundings"
783,PlanningCommission|s|minutes/2025/2025-10-20/2025-10-22_planning-commission-meeting.md|6,3,,"CONTINUE Parcel PC-SS-121-X (Clark Ranch) – Zone Change and the public hearing to the Planning Commission Meeting on November 12, 2025. The motion was"
784,PlanningCommission|s|minutes/2025/2025-10-20/2025-10-22_planning-commission-meeting.md|7,3,,"CONTINUE Parcel PC-SS-121-X (Clark Ranch) – Subdivision and the public hearing to the Planning Commission Meeting on November 12, 2025. The motion was"
785,PlanningCommission|s|minutes/2025/2025-10-20/2025-10-22_planning-commission-meeting.md|8,3,,"APPROVE the 7600 Royal Street Conditional Use Permit for an Annual Temporary Tent, according to the following Findings of Fact, Conclusions of Law, and Conditions of Approval: Findings of Fact: 1. The Applicant proposes to install a 1,500-square-foot tent for the Deer Valley ski season (not to exceed 180 days) on an annual basis at the Silver Lake Lodge. 2. Silver Lake Lodge (the “Lodge”) is part of the Deer Valley Resort 12th Amended and Restated Large Scale Master Planned Development (MPD). On February 26, 2025, the Planning Commission approved a modification to the 12th Amended and Restated"
786,PlanningCommission|s|minutes/2025/2025-10-20/2025-10-22_planning-commission-meeting.md|9,3,,"APPROVE the 1060 Woodside Avenue – Plat Amendment, according to the following Findings of Fact, Conclusions of Law, and 2. Conditions of Approval: Findings of Fact: 1. .1 1060 Woodside Avenue (Parcel No. SA-38) is a Landmark Historic Site in the Historic Residential – 1 (HR-1) Zoning District as designated by Land Management Code (LMC) § 15-11-10. 2. The Landmark Historic Structure on the site was constructed circa 1928 during the Mature Mining Era. 3. The existing Landmark Historic Structure straddles Lots 17, 18, and 19 of Block 4 of Snyders Addition to Park City. The property has one Summit"
787,PlanningCommission|s|minutes/2025/2025-11-10/2025-11-12_planning-commission-meeting.md|2,3,,CONTINUE the application for Parcel PC- SS-121-X (Clark Ranch) – Zone Change – Ordinance and the public hearing to a date uncertain. The motion was
788,PlanningCommission|s|minutes/2025/2025-11-10/2025-11-12_planning-commission-meeting.md|3,3,,CONTINUE the application for Parcel PC-SS- 121-X (Clark Ranch) – Subdivision and the public hearing to a date uncertain. The motion was
789,PlanningCommission|s|minutes/2025/2025-11-10/2025-11-12_planning-commission-meeting.md|5,3,,"APPROVE the Extension of the HOPA AMPD and CUP, according to the following Findings of Fact, Conclusions of Law, and Conditions of Approval: Findings of Fact: 1. The June 28, 2023, Final Action Letter for the HOPA AMPD and CUP is incorporated herein. 2. On June 28, 2023, the Planning Commission approved an Affordable Master Planned Development (AMPD) and Conditional Use Permit (CUP) for the redevelopment of the Holiday Village and Parkside Apartments to construct 317 affordable units. 3. On March 27, 2024, the Planning Commission ratified the Development Agreement for the HOPA project. 4. On M"
790,PlanningCommission|wardell replat first amended subdivision,3,Wardell Replat First Amended Subdivision,"APPROVE the Steep Slope Conditional Use Permit for 384 Woodside Avenue, according to the following Findings of Fact, Conclusions of Law, and Conditions of Approval: Findings of Fact: 1. 384 Woodside Avenue is Lot B of the Wardell Replat First Amended Subdivision within the Historic Residential-1 (HR-1) Zoning District. 2. The Planning Commission approved the Wardell Replat First Amended Subdivision on April 2, 2025, which created the 2,812.5-square-foot Lot A (368 Woodside Avenue) and the 1,875-square-foot Lot B (384 Woodside Avenue); the plat has not been recorded and this SSCUP approval is c"
791,PlanningCommission|s|minutes/2025/2025-11-10/2025-11-12_planning-commission-meeting.md|7,3,,"CONTINUE the application for a Steep Slope Conditional Use Permit at 368 Woodside Avenue to December 10, 2025. The motion was"
792,PlanningCommission|s|minutes/2025/2025-12-08/2025-12-10_planning-commission-meeting.md|2,3,,"APPROVE the Plat Amendment for 37 Hillside Avenue, according to the following Findings of Fact, Conclusions of Law, and 4. Conditions of Approval, as amended: Findings of Fact: 1. .1 37 Hillside Avenue (Parcel No. PC-243) is a Significant Historic Site in the Historic Residential – 1 (HR-1) Zoning District pursuant to Land Management Code (LMC) § 15-11-10. The property contains all of Lot 12 and a portion of Lot 11 of Block 19 of the Park City Survey. 2. The Significant Historic Structure on the site was constructed circa 1885 during the Mature Mining Era and straddles Lot 12 and Lot 11 of Blo"
793,PlanningCommission|s|minutes/2025/2025-12-08/2025-12-10_planning-commission-meeting.md|4,3,,"APPROVE the Modification of the CUP for 7700 Marsac Avenue (Mine Bench Site), according to the following Findings of Fact, Conclusions of Law, and Conditions of Approval: Findings of Fact: 1. The property is located at 7700 Marsac Avenue in the Recreation and OpenSpace (ROS) Zoning District. 4. 2. On March 23, 2022, the Planning Commission reviewed a Conditional Use .1 Permit (CUP) for Park City Fire District’s (PCFD) proposal to temporarily install two Temporary Housing Trailers for personnel living quarters and storage of two fire trucks on the Mine Bench property during the construction of "
794,PlanningCommission|s|minutes/2025/2025-12-08/2025-12-10_planning-commission-meeting.md|6,3,,"forward a POSITIVE RECOMMENDATION to the City Council for the Land Management Code Amendments to allow Public Transit Amenity Area improvements, for City Council consideration on February 3, 2026, as outlined in the Draft Ordinance. The motion was"
795,PlanningCommission|houston park avenue plat amendment,3,Houston Park Avenue Plat Amendment,"APPROVE the 221 Park Avenue Steep Slope Conditional Use Permit, according to the following: Findings of Fact: 1. The Applicant proposes to construct a 1,647 square foot Single-Family Dwelling (SFD) in the Historic Residential – 1 (HR-1) Zoning District at 221 Park Avenue. 2. 221 Park Avenue is Lot 6R in the Houston Park Avenue Plat Amendment. 3. On December 3, 2015, the City Council approved the 217 and 221 Park Avenue Plat Amendment for a property line adjustment between the two lots through the adoption of Ordinance 15-51 to create two Lots. The plat was recorded on October 28, 2016, as Hous"
796,PlanningCommission|prospector square subdivision,3,Prospector Square Subdivision,"APPROVE the 1765 Sidewinder Drive, Suite R200, Conditional Use Permit, according to the following: Procedural History: 1. 1765 Sidewinder Drive is within the Prospector Square Subdivision. 2. The Prospector Square Amended Plat was recorded on December 26, 1974 (Entry Number #125443). 3. On July 11, 2002, the City Council approved Ordinance No. 02-26 to convert the existing Structure at 1765 Sidewinder Drive to a 11-unit Condominium with a single Commercial unit on the Main Level and 10 Residential units on the second and third levels. The proposed Bar is located within the 8. Commercial unit. "
797,PlanningCommission|thaynes creek ranch estates phase one subdivision,3,Thaynes Creek Ranch Estates Phase One Subdivision,"APPROVE the Conditional Use Permit for 28 Payday Drive for an Outdoor Pool, according to the following Findings of Fact, Conclusions of Law, and Conditions of Approval, as amended: Findings of Fact: 1. 28 Payday Drive is a 0.42-acre vacant Single-Family Lot. 2. On January 31, 2013, the City Council approved Ordinance 13-06 annexing 28 Payday Drive into Park City, and on October 3, 2013, the City Council approved Ordinance 13-38 approving the Thaynes Creek Ranch Estates Phase One Subdivision). 3. The Land Management Code definition for Private Recreation Facilities includes private swimming poo"
798,PlanningCommission|s|minutes/2026/2026-01-26/2026-01-28_planning-commission-meeting.md|4,3,,"APPROVE the Plat Amendment for 52 Prospect Avenue and 60 Prospect Avenue, according to the following Findings of Fact, Conclusions of Law, and Conditions of Approval: Findings of Fact: 1. 52 and 60 Prospect Avenue consists of two Single-Family Dwellings (SFD) that front Prospect Avenue. 2. Both 52 and 60 Prospect Avenue are listed as Significant Sites on Park City’s Historic Sites Inventory. 3. 52 Prospect, built in 1885, and 60 Prospect, built in 1895, straddle across Lots 5, 6, and 7 of Block 18 in Park City Survey. 5. 4. The Applicant proposes combining the three Old Town Lots to create two"
799,PlanningCommission|s|minutes/2026/2026-01-26/2026-01-28_planning-commission-meeting.md|5,3,,"APPROVE the Modification for 7700 Marsac Avenue (Mine Bench Site), according to the following Findings of Fact, Conclusions of Law, and Conditions of Approval, as amended: Findings of Fact: 1. The property is located at 7700 Marsac Avenue in the Recreation and Open Space (ROS) Zoning District. 2. On March 23, 2022, the Planning Commission reviewed a Conditional Use Permit (CUP) for Park City Fire District’s (PCFD) proposal to temporarily install two Temporary Housing Trailers for personnel living quarters and storage of two fire trucks on the Mine Bench property during the construction of Fire"
800,PlanningCommission|red banjo plat amendment,3,Red Banjo Plat Amendment,"APPROVE the Plat Amendment for 322 Main Street and 324 Main Street, Red Banjo Plat Amendment, according to the following Findings of Fact, Conclusions of Law, and Conditions of Approval: Findings of Fact: 1. 322 Main Street, known as Red Banjo Pizza, is a Landmark Historic Site constructed circa 1900. 2. 324/325 Main Street, known as Park Place, is a non-Historic site. 3. The properties are in the Historic Commercial Business (HCB) Zoning District. 4. 322 Main Street contains Historic Lot 6, Block 69 of the Millsite Reservation to the Park City Survey and a portion of Lot 5, Block 22 of the Pa"
801,PlanningCommission|s|minutes/2026/2026-02-23/2026-02-25_planning-commission-meeting.md|6,3,,"CONTINUE the Appeal of Planning Staff Final Action for 200 King Road to April 8, 2026. The motion was"
802,PlanningCommission|woodside avenue subdivision,3,Woodside Avenue Subdivision,"APPROVE the Steep Slope Conditional Use Permit at 405 Woodside Avenue, according to the following: Procedural History: 1. 405 Woodside Avenue is a Significant Historic Structure and part of the 405 Woodside Avenue Subdivision Plat. 2. 405 Woodside Avenue is a 7,500-square-foot Lot in the Historic Residential - 1 (HR-1) Zoning District. 3. The Applicant proposes to Lift the Significant Historic Structure to construct a new foundation and rear addition on a Steep Slope. 4. In conjunction with the SSCUP, the Applicant submitted a Historic District Design Review (HDDR) Application (PL-25-06510). F"
803,PlanningCommission|s|minutes/2026/2026-03-09/2026-03-11_planning-commission-meeting.md|6,3,,CONTINUE the Plat Amendment at 6453 Silver Lake Drive to a date uncertain
804,PlanningCommission|s|minutes/2026/2026-03-23/2026-03-25_planning-commission-meeting.md|1,3,,"APPROVE the Conditional Use Permit at 1009 Norfolk Avenue, according to the following: Findings of Fact: 1. 1009 Norfolk Avenue is a Significant Historic Site in the Historic Residential - 1 (HR-1) Zoning District. 2. The Historic hall-parlor type home, was constructed c.1911 during the Mature Mining Era and a concrete block garage with a roof patio was constructed between c. 1940 and 1995. 3. According to the Historic Site Form for the property, while there have been alterations to the Structure over time, the building retains its essential historical form. 4. The Historic Structure encroache"
805,PlanningCommission|s|minutes/2026/2026-04-06/2026-04-08_planning-commission-meeting.md|4,3,,"APPROVE the Plat Amendment for 830 Empire Avenue, according to the following, as amended: Background: 1. 830 Empire Avenue was constructed in 1911 during the Mature Mining Era. 2. On June 18, 2025, the Applicant applied for a Plat Amendment to create a Lot for the Landmark Historic Site. On October 23, 2025, staff deemed the application complete. 3. On February 18, 2026, the Applicant applied for a Variance to the Historic Residential – 1 (HR-1) Zoning District’s minimum Lot Area requirement. On March 4, 2026, staff deemed the Applicant’s Variance application complete. 4. On March 31, 2026, th"
806,PlanningCommission|s|minutes/2026/2026-04-06/2026-04-08_planning-commission-meeting.md|5,3,,"APPROVE a Plat Amendment for 8200 Royal Street, Unit 10, according to the following: Procedural History: 1. Stag Lodge Phase I Condominiums is a 24-Unit project in the Residential Development (RD) Zoning District. 2. The Stag Lodge Condominiums Phase One Plat was recorded with Summit County on March 4, 1985 (Recorder Entry No. 231328). 3. The Stag Lodge Phase I First Amended plat recorded January 17, 2003, enclosed a portion of the main level deck for private ownership. 4. The Stag Lodge Phase I Second Amended plat did not create changes to Unit 10. 5. The Stag Lodge Phase I Unit 10 Third Amen"
807,PlanningCommission|s|minutes/2026/2026-04-20/2026-04-22_planning-commission-meeting.md|1,3,,"APPROVE the Modification of a Steep Slope Conditional Use Permit at 384 Woodside Avenue, directing Staff to draft a Final Action Letter approving the Modification and removing Condition of Approval #8 (A). The motion was"
808,PlanningCommission|risner ridge subdivision,3,Risner Ridge Subdivision,"DENY the Plat Amendment for 3181 .1 American Saddler Drive, based on the following: Findings of Fact: 1. The Risner Ridge Subdivision includes 50 Single-Family Lots in the Park Meadows neighborhood. 2. On June 1, 1988, the Risner Ridge Subdivision was recorded with Summit County. 3. The Risner Ridge Subdivision has been amended several times over the years. However, one requirement has remained consistent – a maximum floor area for the Single-Family Dwellings of 5,500 square feet: a. October 11, 1990: The City Council adopted Ordinance No. 90-28 An Ordinance Adding Previously Approved Language"
809,PlanningCommission|s|minutes/2026/2026-05-11/2026-05-13_planning-commission-meeting.md|3,3,,"CONTINUE the Park City Mountain Resort CUP application for the Eagle and Eaglet Lifts, and the public hearing, to the Planning Commission Meeting on May 27, 2026. The motion was"
810,PlanningCommission|s|minutes/2026/2026-05-11/2026-05-13_planning-commission-meeting.md|4,3,,"CONTINUE the Park City Mountain Resort CUP application for the Silverlode Lift, and the public hearing, to the Planning Commission Meeting on May 27, 2026. The motion was"
811,PlanningCommission|s|minutes/2026/2026-05-11/2026-05-13_planning-commission-meeting.md|5,3,,"forward a POSITIVE RECOMMENDATION to the City Council for a Draft Ordinance regarding amendments to the Municipal Code of Park City, Title 12 – Sign Code, to include a new definition for a Leasing Sign and to allow Temporary Portable Signs in the Community Transition Zoning District. The motion was"
812,PlanningCommission|park city heights phase 3 subdivision,3,Park City Heights Phase 3 Subdivision,"APPROVE the CUP for 30 Sun Ridge Cove, based on the following, as amended: Background: 1. On May 27, 2010, the City Council adopted Ordinance No. 10-24 and annexed Park City Heights into the City. 2. On May 12, 2011, the Planning Commission approved the Park City Heights Master Planned Development (MPD). 3. On April 4, 2019, the City Council adopted Ordinance No. 2019-12, approving the Park City Heights Phase 3 Subdivision. 4. 30 Sun Ridge Cove is a 57,879-square-foot Lot 301 of the Park City Heights Phase 3 Subdivision. 5. On April 8, 2025, the Building Department issued permit number 25-0097"
813,PlanningCommission|s|minutes/2026/2026-05-11/2026-05-13_planning-commission-meeting.md|7,3,,"APPROVE the Seventh Amended Courchevel Condominiums Plat, a Plat Amendment for 2700 Deer Valley Drive, based on the following: Findings of Fact: 1. The Applicant proposes the Seventh Amended Courchevel Condominiums Plat to convert 314 square feet of common area attic space to private area for additional loft area. 2. The proposed Plat Amendment complies with the Residential Development Zoning District requirements. a. The existing Structure maintains a Setback greater than 26 feet to all property lines. No exterior alterations or additions are proposed. b. The proposed Plat Amendment will not "
814,PlanningCommission|s|minutes/2026/2026-05-11/2026-05-13_planning-commission-meeting.md|8,3,,"APPROVE the Plat Amendment for 1010 Woodside Avenue and 1011 Park Avenue, based on the following, as amended: Background: 1. 1010 Woodside Avenue is an 1,875-square-foot Landmark Historic Site with a Landmark Historic Structure constructed circa 1885 in the Historic Residential – 1 (HR-1) Zoning District, access from Woodside Avenue. 2. 1011 Park Avenue is a vacant 1,875-square-foot Old Town Lot in the HR-1 Zoning District, access from Park Avenue. Findings of Fact: 1. The Applicant proposes combining the two 25-foot by 75-foot Old Town Lots to create one 25-foot by 150-foot Lot with frontage "
815,PlanningCommission|s|minutes/2026/2026-05-11/2026-05-13_planning-commission-meeting.md|9,3,,"APPROVE the Plat Amendment at 1287 Empire Avenue, based on the following: Background: .2 1. 1287 Empire Avenue (Parcel No. SA-289) is a 4,875-square-foot property that contains a Non-Complying Duplex built in 1963 that spans two Old Town Lots and a portion of Parcel No. SA-289-B, a 1,125-square-foot metes-and-bounds remnant parcel from vacated Calhoun Street (13th Street). 2. The property is in the Recreation Commercial (RC) Zoning District. 3. The Applicant proposes demolishing the Duplex, combining the square footage to create two 2,437.5-square-foot Lots—Lot 1 will remain 1287 Empire Avenue"
816,PlanningCommission|s|minutes/2026/2026-05-11/2026-05-13_planning-commission-meeting.md|10,3,,"APPROVE the Plat Amendment for 209 and 213 Norfolk Avenue, based on the following: Findings of Fact: 1. 209 Norfolk Avenue (Parcel No. PC-718) is a vacant 7,508-square-foot parcel comprised of Lots 20, 21, 22, and 23 of Block 78 Millsite Reservation to Park City. While the parcel includes four separate Lots, it is under one ownership. 2. The Lots are in the Historic Residential – 1 (HR-1) Zoning District and are located along Upper Norfolk Avenue. 3. The minimum Lot Area in the HR-1 Zoning District is 1,875 square feet for a Single-Family Dwelling (SFD) and the maximum Lot Area is 3,750 square"
817,PlanningCommission|s|minutes/2026/2026-05-25/2026-05-27_planning-commission-meeting.md|2,3,,CONTINUE the Plat Amendment application for 6935 Silver Lake Drive and the public hearing to a date uncertain. The motion was
818,PlanningCommission|park city mountain resort large scale master plan,3,Park City Mountain Resort Large Scale Master Plan,"APPROVE the Park City Mountain Resort CUP for the Eagle and Eaglet Lifts, based on the following, as amended: Findings of Fact: 0. 1. The Applicant proposes replacing the Eagle and Eaglet fixed-grip lifts with .1 a six-passenger detachable lift in a new alignment with a bottom terminal and operator house, a mid-station unload and operator house, and a top terminal and operator house. 2. In 1997, the Planning Commission approved the Park City Mountain Resort Large Scale Master Plan Development (PCMR MPD), outlining base area development. 3. In 1998, the PCMR MPD Development Agreement was record"
819,PlanningCommission|thaynes canyon 1 subdivision,3,Thaynes Canyon 1 Subdivision,APPROVE the Plat Amendment at 10 Claim Jumper Court based on the following: Findings of Fact: 1. The proposed plat amendment complies with the Single Family Zoning District requirements. a. Front Setback: Front Setbacks for the Thaynes Canyon 1 Subdivision are 20 feet for the main Building and 10 feet for garages. i. The existing Single-Family Dwelling (SFD) and garage at 10 Claim Jumper Court are approximately 26 feet from the Front Lot Line. b. Rear Setback: Rear Setbacks for the Thaynes Canyon 1 Subdivision are 10 feet. i. The existing SFD is built over the Rear Lot Line and does not comply
820,PlanningCommission|s|minutes/2026/2026-06-08/2026-06-10_planning-commission-meeting.md|2,3,,"APPROVE the CUP application for 844 Empire Avenue, based on the following, as amended: Procedural History: 1. The Planning Director approved the previous owner’s Historic District Design Review (HDDR) to rehabilitate and remodel the Significant Historic Structure and construct an addition on May 1, 2025. 2. The previous owner entered into an Encumbrance and Agreement for Historic Preservation on July 2, 2025 (Summit County Recorder Entry No. 1238470). 3. The property changed ownership in September 2025, and the Applicant recorded an assignment of encumbrance on September 22, 2025 (Summit Count"
821,PlanningCommission|empire ridge plat amendment,3,Empire Ridge Plat Amendment,"APPROVE the Empire Ridge Plat Amendment application and Vacate the Top Sider Condominium Plat, based on the following: Background: 1. 1247 Empire Avenue is a 9,375-square-foot Lot in the Recreation Commercial (RC) Zoning District developed with four octagonal Structures that operated as timeshare units, each about 785 square feet. 2. The Structures are now vacant. 8. 3. 1247 Empire Avenue is within Block 18 of Snyder’s Addition to Park City. 4. .0 On January 19, 1978, the City Council approved the Top Sider Condominiums for four existing octagonal Structures at 1247 Empire Avenue. 5. The Top S"
822,PlanningCommission|s|minutes/2026/2026-06-08/2026-06-10_planning-commission-meeting.md|4,3,,CONTINUE the Plat Amendment for 2863 American Saddler Drive and the public hearing to a date uncertain. The motion was
823,PlanningCommission|s|minutes/2026/2026-06-08/2026-06-10_planning-commission-meeting.md|5,3,,"APPROVE the Plat Amendment at 2100 Deer Valley Drive, Unit 10, based on the following: Findings of Fact: 1. The proposed plat amendment complies with the Residential Development Zoning District requirements. a. Setbacks: 20 feet Front, 15 feet Rear, and 12 Feet Side. i. The existing Structure maintains Setbacks greater than 80 feet from all Lot Lines. No exterior alterations or additions are proposed. b. Building Height: 28 feet. i. The proposed plat amendment will not increase the Building Height of the Structure. The existing Structure is approximately 27 feet from Existing Grade. 2. The pro"
824,PlanningCommission|roadhouse subdivision,3,Roadhouse Subdivision,"APPROVE the Conditional Use Permit for 1900 Park Avenue, based on the following: Background: 1. On August 2, 2018, the City Council adopted Ordinance No. 2018-45, approving the Roadhouse Subdivision. 2. 1900 Park Avenue is a 1.03-acre Lot in the Roadhouse Subdivision within the Bonanza Park Neighborhood. 3. The site is in the General Commercial (GC) Zoning District and Frontage Protection Zone (FPZ). 4. The Applicant proposes installing Temporary Improvements including a 200- square-foot Temporary Tent, eight 100-gallon water jugs, tables, a crate, small trash cans, and a shelving unit on the "
825,PlanningCommission|s|minutes/2026/2026-06-22/2026-06-24_planning-commission-meeting.md|3,3,,forward a POSITIVE RECOMMENDATION to the City Council for LMC Amendments to Sections 15-13-2 and 15-13-8 for Regulations Regarding Materials and Types of Fences Allowed in Historic Residential Zoning Districts. The motion was
826,PlanningCommission|s|minutes/2026/2026-06-22/2026-06-24_planning-commission-meeting.md|4,3,,"forward a POSITIVE RECOMMENDATION to the City Council for LMC Amendments to Sections 15-3-7 Parking in Master Planned Developments and Conditional Use Permits, 15-6-5(E) Master Planned Development .0 Requirements, Off-Street Parking, 15-6.1-9 Affordable Master Planned Developments, Parking, and 15-3-2 Off-Street Parking Requirement, to Align the Code with the Updated Transportation Impact Study Guidelines and Transportation Demand Management Program and to Prohibit Separate Leasing of Required Off-Street Parking Spaces. The motion was"
827,PlanningCommission|s|minutes/2026/2026-06-22/2026-06-24_planning-commission-meeting.md|5,3,,forward a POSITIVE RECOMMENDATION to the City Council for LMC Amendments to Section 15-12-3 Grounds for Removal and Enacting Sections 15-12-2.1 Recusal and 15-12-2.2 Annual Training Regarding Planning
