{
"type": "FeatureCollection",
"crs": { "type": "name", "properties": { "name": "urn:ogc:def:crs:OGC:1.3:CRS84" } },
"features": [
{ "type": "Feature", "properties": { "PRECINCT": "OGD01", "PrecinctID": "OGD01", "CONSOL_PRE": null, "MUNIWARD": 2, "POLLING_PL": null, "ADDRESS": null }, "geometry": { "type": "Polygon", "coordinates": [ [ [ -111.959101945671378, 41.285247297071216 ], [ -111.959105218121053, 41.285247432340441 ], [ -111.959236561905342, 41.285245127319442 ], [ -111.959770798180543, 41.285243536063639 ], [ -111.95999703249214, 41.2852456777768 ], [ -111.960236582460311, 41.285246784856056 ], [ -111.960575313546528, 41.285248343721953 ], [ -111.9609334326815, 41.285249993773526 ], [ -111.961268810402998, 41.285233854305368 ], [ -111.961612590167675, 41.285222701310857 ], [ -111.961984849625949, 41.285249927720798 ], [ -111.963979403641446, 41.285247025914607 ], [ -111.964638569483711, 41.285239589334395 ], [ -111.965249051036722, 41.28524047767327 ], [ -111.965953949897013, 41.285247154582549 ], [ -111.966829002963607, 41.285237906473881 ], [ -111.967085958123064, 41.285246385408954 ], [ -111.968599547949708, 41.285245954847511 ], [ -111.968618448220283, 41.28524541516601 ], [ -111.968910398165306, 41.28525231281521 ], [ -111.969145095275721, 41.285256178272135 ], [ -111.969159162631996, 41.284540064627357 ], [ -111.969164941674165, 41.284246021442428 ], [ -111.969166410535152, 41.284171245437506 ], [ -111.969167650288199, 41.284108147596918 ], [ -111.969172678846178, 41.283852237585485 ], [ -111.969185141964047, 41.28321787807095 ], [ -111.96919196776318, 41.28286227445605 ], [ -111.969232367746827, 41.280641106495906 ], [ -111.969237345929201, 41.280367311671043 ], [ -111.96924020349303, 41.280210249633122 ], [ -111.969241517465235, 41.280138016927864 ], [ -111.969246131044585, 41.279881465138793 ], [ -111.969247904085861, 41.279771777615807 ], [ -111.969250360028894, 41.279619834812401 ], [ -111.969252939478011, 41.279460329437356 ], [ -111.969256240831498, 41.279256077710833 ], [ -111.969261474208992, 41.27893225993077 ], [ -111.969270218082343, 41.278391402624472 ], [ -111.969299091009987, 41.277223263785437 ], [ -111.969299370214543, 41.27721197315325 ], [ -111.969305245426256, 41.276782985927092 ], [ -111.969060208615872, 41.276783733853264 ], [ -111.96877685438804, 41.276782157018211 ], [ -111.968541743756859, 41.276781140894123 ], [ -111.968306138856349, 41.276780231725496 ], [ -111.968081105844561, 41.276779416704571 ], [ -111.967844978269142, 41.276778615929373 ], [ -111.96760869462922, 41.276777851041288 ], [ -111.967383245646189, 41.276777159640254 ], [ -111.967147071556511, 41.276776475557163 ], [ -111.966911087122369, 41.276775813450499 ], [ -111.966879375238207, 41.276775723991122 ], [ -111.966686116985159, 41.276775172350405 ], [ -111.966394624560209, 41.276774301641112 ], [ -111.966177231844739, 41.276775680201474 ], [ -111.965879888460407, 41.276776745615059 ], [ -111.965644079399709, 41.276777759868345 ], [ -111.96540794630414, 41.276778506916536 ], [ -111.965182493969266, 41.276779004855996 ], [ -111.964945957433684, 41.276779309440705 ], [ -111.964709609127013, 41.27677943587944 ], [ -111.964484863883911, 41.276779439996304 ], [ -111.964484870614029, 41.276683111188035 ], [ -111.964483704357832, 41.276469707313744 ], [ -111.96448556154256, 41.276304594116844 ], [ -111.964486353556595, 41.276077737863027 ], [ -111.964487116887312, 41.275901657635472 ], [ -111.964487838690118, 41.275748131542073 ], [ -111.964487924586379, 41.275728496981763 ], [ -111.96448879966313, 41.275547128920628 ], [ -111.96448972491693, 41.275365823191841 ], [ -111.964490643503638, 41.275192937253244 ], [ -111.96449182099748, 41.275012132608296 ], [ -111.964494098725297, 41.274820804168826 ], [ -111.964498188764892, 41.274637552251214 ], [ -111.964511164454237, 41.274389293598801 ], [ -111.964510942065573, 41.274376961461634 ], [ -111.964497853630576, 41.274015623456037 ], [ -111.9645072218525, 41.273924462023466 ], [ -111.9637176018567, 41.273908404382887 ], [ -111.963288101474205, 41.27394211606547 ], [ -111.963133562394134, 41.274017264671677 ], [ -111.962965216806523, 41.274135012346463 ], [ -111.962596621126607, 41.274421754090469 ], [ -111.962571908568052, 41.274441008671076 ], [ -111.962305355244453, 41.274648659800121 ], [ -111.962150813397415, 41.274723810651807 ], [ -111.962065068124048, 41.274752885865674 ], [ -111.960200079616016, 41.274750188506758 ], [ -111.959073183684026, 41.274748492033012 ], [ -111.959067145534092, 41.2757049243762 ], [ -111.959029839084664, 41.276352539061769 ], [ -111.959029472581733, 41.276365145153093 ], [ -111.958836794711104, 41.277100440753863 ], [ -111.958803041542225, 41.277216182554369 ], [ -111.95876255752259, 41.277625170463182 ], [ -111.958726594987411, 41.277988489198492 ], [ -111.958738349251732, 41.278101669603188 ], [ -111.958744960383896, 41.278165323977433 ], [ -111.958788521174426, 41.278584759093874 ], [ -111.959023335643636, 41.279186999774787 ], [ -111.959060877066932, 41.279371961601846 ], [ -111.95912538273079, 41.279863772645285 ], [ -111.95915291113495, 41.28267923723989 ], [ -111.959168249485572, 41.284849905382508 ], [ -111.959101945671378, 41.285247297071216 ] ] ] } },
{ "type": "Feature", "properties": { "PRECINCT": "OGD02", "PrecinctID": "OGD02", "CONSOL_PRE": null, "MUNIWARD": 2, "POLLING_PL": null, "ADDRESS": null }, "geometry": { "type": "Polygon", "coordinates": [ [ [ -111.948956349112294, 41.284803427477087 ], [ -111.949112241503215, 41.28481773308129 ], [ -111.949179876448568, 41.284823941442056 ], [ -111.949750883999357, 41.284827134997563 ], [ -111.95002493003733, 41.284825383987716 ], [ -111.950877491295103, 41.284817942354167 ], [ -111.951174927305033, 41.284816089914493 ], [ -111.951261201100706, 41.284814381467861 ], [ -111.951470994135448, 41.284813559486949 ], [ -111.951496421440339, 41.284813459835384 ], [ -111.9517357159867, 41.284810427530921 ], [ -111.95197956165066, 41.284806084963996 ], [ -111.952055834119918, 41.284803730788163 ], [ -111.952190238286647, 41.284802518929261 ], [ -111.952259250188746, 41.284800191330866 ], [ -111.952321006287576, 41.284799266285845 ], [ -111.9524637141851, 41.284795407308195 ], [ -111.953135965948604, 41.284780968080526 ], [ -111.953380024495615, 41.284774550724507 ], [ -111.953627089035592, 41.284767431281388 ], [ -111.95381797351699, 41.2847611794827 ], [ -111.954112641016152, 41.284752297227776 ], [ -111.954236279829971, 41.284748568400339 ], [ -111.954242568349514, 41.285021892403648 ], [ -111.954244178276042, 41.285123278629442 ], [ -111.954244073336369, 41.285239055947862 ], [ -111.954589115256866, 41.285230068549481 ], [ -111.954893418744732, 41.285222139783848 ], [ -111.955118545349478, 41.285216274174147 ], [ -111.955337410178586, 41.285211680112141 ], [ -111.955556837364924, 41.28520824487839 ], [ -111.955777352709717, 41.285205952094437 ], [ -111.955998873363654, 41.285204809229555 ], [ -111.956231113694074, 41.285204382907878 ], [ -111.956442936433746, 41.285203994131372 ], [ -111.956558122064862, 41.285203782498279 ], [ -111.956668105582494, 41.28520358065029 ], [ -111.957205861130518, 41.28520427989659 ], [ -111.95722657825435, 41.285204731949449 ], [ -111.957225423407252, 41.285223580905779 ], [ -111.957657899853515, 41.285224418870655 ], [ -111.957842620718125, 41.285237745803329 ], [ -111.9579992945622, 41.285239027843375 ], [ -111.958219137620958, 41.285238153623204 ], [ -111.95844524640637, 41.285233199631968 ], [ -111.958671425250714, 41.285229459992344 ], [ -111.958928747445512, 41.285240121347492 ], [ -111.959101945671378, 41.285247297071216 ], [ -111.959168249485572, 41.284849905382508 ], [ -111.95915291113495, 41.28267923723989 ], [ -111.95912538273079, 41.279863772645285 ], [ -111.959060877066932, 41.279371961601846 ], [ -111.959023335643636, 41.279186999774787 ], [ -111.958788521174426, 41.278584759093874 ], [ -111.958744960383896, 41.278165323977433 ], [ -111.958738349251732, 41.278101669603188 ], [ -111.958726594987411, 41.277988489198492 ], [ -111.95876255752259, 41.277625170463182 ], [ -111.958803041542225, 41.277216182554369 ], [ -111.958836794711104, 41.277100440753863 ], [ -111.959029472581733, 41.276365145153093 ], [ -111.959029839084664, 41.276352539061769 ], [ -111.959067145534092, 41.2757049243762 ], [ -111.959073183684026, 41.274748492033012 ], [ -111.959076928912353, 41.274141447951955 ], [ -111.959080422971141, 41.273575662030382 ], [ -111.959124474008348, 41.272073940516137 ], [ -111.95796878916704, 41.27204695842007 ], [ -111.957962689515924, 41.272046834362143 ], [ -111.95774911896109, 41.272042508542945 ], [ -111.957330013252005, 41.272062590764953 ], [ -111.956994793896456, 41.27218262898235 ], [ -111.956719365671532, 41.27233467514543 ], [ -111.956058827960305, 41.272757223094274 ], [ -111.955854874853117, 41.272921335026439 ], [ -111.955251191764219, 41.273280529984959 ], [ -111.954536787009232, 41.273741705177855 ], [ -111.954136939019634, 41.273921684220632 ], [ -111.953919570506102, 41.273955650099403 ], [ -111.953419266974208, 41.273975614503954 ], [ -111.95311417140438, 41.273982379455653 ], [ -111.952458837864597, 41.273977316700567 ], [ -111.95219642676436, 41.273975341677399 ], [ -111.951110839936618, 41.273961559966125 ], [ -111.951115489008941, 41.273898865260342 ], [ -111.951048197497045, 41.273898619530669 ], [ -111.951001202394437, 41.27389844796334 ], [ -111.950684264347629, 41.273897288737807 ], [ -111.950408961311553, 41.273896282115082 ], [ -111.95013365828386, 41.273895274834366 ], [ -111.949790585296114, 41.27389401693938 ], [ -111.949518427764446, 41.273893019134341 ], [ -111.949289366649921, 41.273892179587143 ], [ -111.949017149922, 41.273891180828656 ], [ -111.948917809100976, 41.273890815773292 ], [ -111.948648877612484, 41.27388982835663 ], [ -111.948362738362746, 41.273888776854982 ], [ -111.947876460824801, 41.273886987766659 ], [ -111.947742920022407, 41.273886495579745 ], [ -111.94775641801013, 41.274499915354859 ], [ -111.94776809699151, 41.275018984343717 ], [ -111.947755539812576, 41.275018430980666 ], [ -111.94775555706164, 41.275019222499807 ], [ -111.947659861681998, 41.275014975381715 ], [ -111.947647316322886, 41.27501441838718 ], [ -111.947690796294637, 41.27672640718442 ], [ -111.947678248736139, 41.277533021217543 ], [ -111.9477944054604, 41.277531311757812 ], [ -111.950228956263601, 41.277527212744367 ], [ -111.950154974042704, 41.277805977529937 ], [ -111.950036357692426, 41.278210600104806 ], [ -111.9498911255249, 41.278196620469238 ], [ -111.94953484748568, 41.27819178594202 ], [ -111.949556352029262, 41.277795172898827 ], [ -111.949452380877148, 41.277796077165604 ], [ -111.949439853751727, 41.277796186797886 ], [ -111.94769204699729, 41.277770722086544 ], [ -111.947678679289609, 41.277770527451707 ], [ -111.947689778284015, 41.278016694295374 ], [ -111.947676887214982, 41.278016585364583 ], [ -111.944480791853081, 41.277982914684983 ], [ -111.94441974678611, 41.277982269293695 ], [ -111.944215607871172, 41.277979879650616 ], [ -111.943962871116582, 41.2779778681574 ], [ -111.942619880182249, 41.277967170820119 ], [ -111.942651586499821, 41.284665189698437 ], [ -111.942655528800984, 41.284665253172825 ], [ -111.943769295713594, 41.28468320761074 ], [ -111.945083535332415, 41.284711655667266 ], [ -111.947640572365046, 41.284747833353521 ], [ -111.947644436442772, 41.284747888026743 ], [ -111.947648238395701, 41.284564373891598 ], [ -111.947648300682019, 41.284561353833972 ], [ -111.948930208484697, 41.284569675885066 ], [ -111.948928774142018, 41.284800897512412 ], [ -111.948956349112294, 41.284803427477087 ] ] ] } },
{ "type": "Feature", "properties": { "PRECINCT": "OGD03", "PrecinctID": "OGD03", "CONSOL_PRE": null, "MUNIWARD": 2, "POLLING_PL": null, "ADDRESS": null }, "geometry": { "type": "Polygon", "coordinates": [ [ [ -111.947742920022407, 41.273886495579745 ], [ -111.947876460824801, 41.273886987766659 ], [ -111.948362738362746, 41.273888776854982 ], [ -111.948648877612484, 41.27388982835663 ], [ -111.948917809100976, 41.273890815773292 ], [ -111.949017149922, 41.273891180828656 ], [ -111.949289366649921, 41.273892179587143 ], [ -111.949518427764446, 41.273893019134341 ], [ -111.949790585296114, 41.27389401693938 ], [ -111.95013365828386, 41.273895274834366 ], [ -111.950408961311553, 41.273896282115082 ], [ -111.950684264347629, 41.273897288737807 ], [ -111.951001202394437, 41.27389844796334 ], [ -111.951048197497045, 41.273898619530669 ], [ -111.951115489008941, 41.273898865260342 ], [ -111.951110839936618, 41.273961559966125 ], [ -111.95219642676436, 41.273975341677399 ], [ -111.952458837864597, 41.273977316700567 ], [ -111.95311417140438, 41.273982379455653 ], [ -111.953419266974208, 41.273975614503954 ], [ -111.953919570506102, 41.273955650099403 ], [ -111.954136939019634, 41.273921684220632 ], [ -111.954536787009232, 41.273741705177855 ], [ -111.955251191764219, 41.273280529984959 ], [ -111.955854874853117, 41.272921335026439 ], [ -111.956058827960305, 41.272757223094274 ], [ -111.956719365671532, 41.27233467514543 ], [ -111.956994793896456, 41.27218262898235 ], [ -111.957330013252005, 41.272062590764953 ], [ -111.95774911896109, 41.272042508542945 ], [ -111.957962689515924, 41.272046834362143 ], [ -111.95796878916704, 41.27204695842007 ], [ -111.959124474008348, 41.272073940516137 ], [ -111.959137331150629, 41.271637844443497 ], [ -111.959138797620284, 41.271299718270406 ], [ -111.959165055245506, 41.270466649297795 ], [ -111.959191707430918, 41.269338000191624 ], [ -111.959202667268798, 41.268890848886194 ], [ -111.959236730844822, 41.266508464465538 ], [ -111.956660239569288, 41.266462939104528 ], [ -111.955514333310546, 41.266456326946951 ], [ -111.955069047205598, 41.26645371299373 ], [ -111.952694148493308, 41.266425133463258 ], [ -111.952697139830761, 41.266144938979394 ], [ -111.952673026232674, 41.266011146439624 ], [ -111.952584627122491, 41.265852332910789 ], [ -111.952441778201703, 41.265720302348711 ], [ -111.952367812158812, 41.265654187090909 ], [ -111.952187126314783, 41.265702332964672 ], [ -111.951870958454748, 41.265938103659636 ], [ -111.951670370532966, 41.266069354162049 ], [ -111.951479607063774, 41.266147552653777 ], [ -111.951316520064324, 41.266179876814846 ], [ -111.951153268064076, 41.266187556748591 ], [ -111.950143236461344, 41.266163383469674 ], [ -111.94910708810491, 41.266153305168807 ], [ -111.947805724933076, 41.266141818923757 ], [ -111.947801990034236, 41.266527027397991 ], [ -111.947801852201792, 41.266541174655188 ], [ -111.947619024256511, 41.266540035964219 ], [ -111.947164376422705, 41.266540206429674 ], [ -111.94706235063326, 41.266539687635671 ], [ -111.946064026433419, 41.266536057277797 ], [ -111.945831977876992, 41.266533705464134 ], [ -111.944587801547826, 41.266541097124765 ], [ -111.944379371028134, 41.266545285889698 ], [ -111.944247985360903, 41.266546076879393 ], [ -111.942962257630342, 41.26654575791752 ], [ -111.942978398930975, 41.273838585549846 ], [ -111.943045531047943, 41.273838745476077 ], [ -111.943984063662228, 41.273840956821886 ], [ -111.944129976469512, 41.273841300236121 ], [ -111.944239935890536, 41.273841410467668 ], [ -111.944421864976917, 41.273842179249996 ], [ -111.947408123206586, 41.273881826580791 ], [ -111.947730515740545, 41.273886102439199 ], [ -111.947742916091897, 41.27388626687484 ], [ -111.947742920022407, 41.273886495579745 ] ] ] } },
{ "type": "Feature", "properties": { "PRECINCT": "OGD04", "PrecinctID": "OGD04", "CONSOL_PRE": null, "MUNIWARD": 2, "POLLING_PL": null, "ADDRESS": null }, "geometry": { "type": "Polygon", "coordinates": [ [ [ -111.959073183684026, 41.274748492033012 ], [ -111.960200079616016, 41.274750188506758 ], [ -111.962065068124048, 41.274752885865674 ], [ -111.962150813397415, 41.274723810651807 ], [ -111.962305355244453, 41.274648659800121 ], [ -111.962571908568052, 41.274441008671076 ], [ -111.962596621126607, 41.274421754090469 ], [ -111.962965216806523, 41.274135012346463 ], [ -111.963133562394134, 41.274017264671677 ], [ -111.963288101474205, 41.27394211606547 ], [ -111.9637176018567, 41.273908404382887 ], [ -111.9645072218525, 41.273924462023466 ], [ -111.964497853630576, 41.274015623456037 ], [ -111.964510942065573, 41.274376961461634 ], [ -111.964511164454237, 41.274389293598801 ], [ -111.964498188764892, 41.274637552251214 ], [ -111.964494098725297, 41.274820804168826 ], [ -111.96449182099748, 41.275012132608296 ], [ -111.964490643503638, 41.275192937253244 ], [ -111.96448972491693, 41.275365823191841 ], [ -111.96448879966313, 41.275547128920628 ], [ -111.964487924586379, 41.275728496981763 ], [ -111.964487838690118, 41.275748131542073 ], [ -111.964487116887312, 41.275901657635472 ], [ -111.964486353556595, 41.276077737863027 ], [ -111.96448556154256, 41.276304594116844 ], [ -111.964483704357832, 41.276469707313744 ], [ -111.964484870614029, 41.276683111188035 ], [ -111.964484863883911, 41.276779439996304 ], [ -111.964709609127013, 41.27677943587944 ], [ -111.964945957433684, 41.276779309440705 ], [ -111.965182493969266, 41.276779004855996 ], [ -111.96540794630414, 41.276778506916536 ], [ -111.965644079399709, 41.276777759868345 ], [ -111.965879888460407, 41.276776745615059 ], [ -111.966177231844739, 41.276775680201474 ], [ -111.966394624560209, 41.276774301641112 ], [ -111.966686116985159, 41.276775172350405 ], [ -111.966879375238207, 41.276775723991122 ], [ -111.966911087122369, 41.276775813450499 ], [ -111.967147071556511, 41.276776475557163 ], [ -111.967383245646189, 41.276777159640254 ], [ -111.96760869462922, 41.276777851041288 ], [ -111.967844978269142, 41.276778615929373 ], [ -111.968081105844561, 41.276779416704571 ], [ -111.968306138856349, 41.276780231725496 ], [ -111.968541743756859, 41.276781140894123 ], [ -111.96877685438804, 41.276782157018211 ], [ -111.969060208615872, 41.276783733853264 ], [ -111.969305245426256, 41.276782985927092 ], [ -111.969312303797437, 41.276267496432723 ], [ -111.969337898928558, 41.275229984157178 ], [ -111.969367243404662, 41.273680808617719 ], [ -111.969375628605476, 41.27335935241836 ], [ -111.969371948424779, 41.273045480637506 ], [ -111.969376581893869, 41.27213254863301 ], [ -111.969378676544622, 41.272060893373229 ], [ -111.969406980664573, 41.271091829970686 ], [ -111.969428015750452, 41.270371561900745 ], [ -111.969449798353168, 41.269624442806958 ], [ -111.96949229880282, 41.268782411185079 ], [ -111.969504454962561, 41.268541572308976 ], [ -111.969499500420241, 41.268334543057385 ], [ -111.969486141574563, 41.267741006400627 ], [ -111.9695066912426, 41.266735281995999 ], [ -111.969508508347502, 41.266646409405745 ], [ -111.966488387233227, 41.266579324720936 ], [ -111.966435009969558, 41.266578138209823 ], [ -111.966279350181523, 41.266574678356747 ], [ -111.965267962843356, 41.266556446955427 ], [ -111.965265248625826, 41.266556420395965 ], [ -111.964394866780452, 41.266547346528967 ], [ -111.961292122905675, 41.26651355713657 ], [ -111.959236744636698, 41.266507390495519 ], [ -111.959236730844822, 41.266508464465538 ], [ -111.959202667268798, 41.268890848886194 ], [ -111.959191707430918, 41.269338000191624 ], [ -111.959165055245506, 41.270466649297795 ], [ -111.959138797620284, 41.271299718270406 ], [ -111.959137331150629, 41.271637844443497 ], [ -111.959124474008348, 41.272073940516137 ], [ -111.959080422971141, 41.273575662030382 ], [ -111.959076928912353, 41.274141447951955 ], [ -111.959073183684026, 41.274748492033012 ] ] ] } },
{ "type": "Feature", "properties": { "PRECINCT": "OGD07", "PrecinctID": "OGD07", "CONSOL_PRE": null, "MUNIWARD": 2, "POLLING_PL": null, "ADDRESS": null }, "geometry": { "type": "Polygon", "coordinates": [ [ [ -111.959236730844822, 41.266508464465538 ], [ -111.959236744636698, 41.266507390495519 ], [ -111.961292122905675, 41.26651355713657 ], [ -111.964394866780452, 41.266547346528967 ], [ -111.965265248625826, 41.266556420395965 ], [ -111.965267962843356, 41.266556446955427 ], [ -111.966279350181523, 41.266574678356747 ], [ -111.966435009969558, 41.266578138209823 ], [ -111.966488387233227, 41.266579324720936 ], [ -111.969508508347502, 41.266646409405745 ], [ -111.969509944354982, 41.266576084409493 ], [ -111.969510820640409, 41.266537394855298 ], [ -111.969511609338412, 41.266537404148174 ], [ -111.969512774364929, 41.266485129544229 ], [ -111.969521780056581, 41.266093131446709 ], [ -111.969524855485204, 41.265962043999615 ], [ -111.969530816470254, 41.265671045681927 ], [ -111.969549776824365, 41.264919107492481 ], [ -111.969551809039459, 41.264798118366187 ], [ -111.969556815472259, 41.26450712745136 ], [ -111.969556778378575, 41.264440110591465 ], [ -111.96956087930711, 41.264225062266789 ], [ -111.969573809017746, 41.263380126941975 ], [ -111.969578843590511, 41.263099045887337 ], [ -111.969586820172793, 41.262694084333418 ], [ -111.969612837178744, 41.261483056007194 ], [ -111.969621781825253, 41.261079076744636 ], [ -111.969628828412652, 41.260700066164731 ], [ -111.969645778247823, 41.2599170669397 ], [ -111.969649762287645, 41.259565104318632 ], [ -111.969655863874252, 41.259187437650965 ], [ -111.969655870863079, 41.259187090967032 ], [ -111.969652590924454, 41.259187054311262 ], [ -111.969121834813592, 41.259181049882578 ], [ -111.967520810621636, 41.25916307891211 ], [ -111.966987855337521, 41.259157107528637 ], [ -111.966569863447347, 41.259152059928347 ], [ -111.965316850796626, 41.259137081035803 ], [ -111.964899830548106, 41.25913310093906 ], [ -111.964722775430602, 41.259131072733105 ], [ -111.964194831042647, 41.259125046760573 ], [ -111.964018863342559, 41.259124087005908 ], [ -111.963953793354605, 41.259123100154937 ], [ -111.963761801326072, 41.259120113913838 ], [ -111.963697803991352, 41.259119119024653 ], [ -111.963488861611452, 41.259116093368398 ], [ -111.962863853527864, 41.259109072450507 ], [ -111.962655764170336, 41.259107119344684 ], [ -111.962610864239679, 41.259106054270731 ], [ -111.962475841709562, 41.259105109925798 ], [ -111.962431794731387, 41.259105118846989 ], [ -111.962102871193125, 41.259101112539632 ], [ -111.961119797026029, 41.259089055310952 ], [ -111.960791844965925, 41.259086118859749 ], [ -111.960103794453417, 41.259078077243451 ], [ -111.958400806086459, 41.259058128229213 ], [ -111.95803977067726, 41.259054105912334 ], [ -111.957359211743693, 41.259047202804517 ], [ -111.957351856246589, 41.259047128378619 ], [ -111.957214790035522, 41.259045115639864 ], [ -111.957019814409833, 41.259042051383673 ], [ -111.956804798849376, 41.259040056227349 ], [ -111.956668822302817, 41.259039114219519 ], [ -111.956581787057274, 41.259038126324988 ], [ -111.956320799098322, 41.259035070649006 ], [ -111.956233763850946, 41.259034080704609 ], [ -111.95552252496276, 41.259031499971591 ], [ -111.95498148499793, 41.259019988904974 ], [ -111.954214323145848, 41.259011140010266 ], [ -111.954213816360607, 41.259011134861709 ], [ -111.953096353642195, 41.258998190049581 ], [ -111.951364136358535, 41.258978089385202 ], [ -111.949354903836763, 41.258949694993262 ], [ -111.947870795434397, 41.258937636426062 ], [ -111.947848686537327, 41.26176207724248 ], [ -111.947848618856383, 41.261770543745754 ], [ -111.947842548798945, 41.262523858960712 ], [ -111.947839764666327, 41.262915067906633 ], [ -111.947835515930038, 41.26328601215306 ], [ -111.947838997274403, 41.264061990542352 ], [ -111.947819209844667, 41.264837430325009 ], [ -111.947809936194616, 41.265266031564728 ], [ -111.947809613805376, 41.265340881623494 ], [ -111.947805724933076, 41.266141818923757 ], [ -111.94910708810491, 41.266153305168807 ], [ -111.950143236461344, 41.266163383469674 ], [ -111.951153268064076, 41.266187556748591 ], [ -111.951316520064324, 41.266179876814846 ], [ -111.951479607063774, 41.266147552653777 ], [ -111.951670370532966, 41.266069354162049 ], [ -111.951870958454748, 41.265938103659636 ], [ -111.952187126314783, 41.265702332964672 ], [ -111.952367812158812, 41.265654187090909 ], [ -111.952441778201703, 41.265720302348711 ], [ -111.952584627122491, 41.265852332910789 ], [ -111.952673026232674, 41.266011146439624 ], [ -111.952697139830761, 41.266144938979394 ], [ -111.952694148493308, 41.266425133463258 ], [ -111.955069047205598, 41.26645371299373 ], [ -111.955514333310546, 41.266456326946951 ], [ -111.956660239569288, 41.266462939104528 ], [ -111.959236730844822, 41.266508464465538 ] ] ] } },
{ "type": "Feature", "properties": { "PRECINCT": "OGD08", "PrecinctID": "OGD08", "CONSOL_PRE": null, "MUNIWARD": 2, "POLLING_PL": null, "ADDRESS": null }, "geometry": { "type": "Polygon", "coordinates": [ [ [ -111.942962257630342, 41.26654575791752 ], [ -111.944247985360903, 41.266546076879393 ], [ -111.944379371028134, 41.266545285889698 ], [ -111.944587801547826, 41.266541097124765 ], [ -111.945831977876992, 41.266533705464134 ], [ -111.946064026433419, 41.266536057277797 ], [ -111.94706235063326, 41.266539687635671 ], [ -111.947164376422705, 41.266540206429674 ], [ -111.947619024256511, 41.266540035964219 ], [ -111.947801852201792, 41.266541174655188 ], [ -111.947801990034236, 41.266527027397991 ], [ -111.947805724933076, 41.266141818923757 ], [ -111.947809613805376, 41.265340881623494 ], [ -111.947809936194616, 41.265266031564728 ], [ -111.947819209844667, 41.264837430325009 ], [ -111.947838997274403, 41.264061990542352 ], [ -111.947835515930038, 41.26328601215306 ], [ -111.947839764666327, 41.262915067906633 ], [ -111.947842548798945, 41.262523858960712 ], [ -111.947848618856383, 41.261770543745754 ], [ -111.947848686537327, 41.26176207724248 ], [ -111.947870795434397, 41.258937636426062 ], [ -111.947880149355228, 41.257971826276801 ], [ -111.947879827046535, 41.257802604464949 ], [ -111.947886944216947, 41.256886547831272 ], [ -111.9478870635931, 41.256871784147023 ], [ -111.942434864565072, 41.256794799300948 ], [ -111.942432212252569, 41.256794761245814 ], [ -111.940022496713325, 41.256768140783521 ], [ -111.938252598650791, 41.256757157378168 ], [ -111.938201551594588, 41.256756838810453 ], [ -111.928812099688457, 41.256673050196838 ], [ -111.92874029649289, 41.262840827632409 ], [ -111.928752309105505, 41.266530656650929 ], [ -111.942962257630342, 41.26654575791752 ] ] ] } },
{ "type": "Feature", "properties": { "PRECINCT": "OGD10", "PrecinctID": "OGD10", "CONSOL_PRE": null, "MUNIWARD": 3, "POLLING_PL": null, "ADDRESS": null }, "geometry": { "type": "Polygon", "coordinates": [ [ [ -111.969655863874252, 41.259187437650965 ], [ -111.969656053321273, 41.259187438665222 ], [ -111.973602270561329, 41.259234203557781 ], [ -111.974945015799122, 41.259249172551954 ], [ -111.97638851365592, 41.259265195820575 ], [ -111.977882497666869, 41.259272055287688 ], [ -111.978109962021392, 41.251812683607355 ], [ -111.97806125442753, 41.251813848978905 ], [ -111.976053211139003, 41.251803340240329 ], [ -111.97541432827984, 41.251779464293016 ], [ -111.975390679736847, 41.25177853268665 ], [ -111.972623828800863, 41.251756929895087 ], [ -111.972596095040899, 41.251756525532912 ], [ -111.970919805277191, 41.251730938346277 ], [ -111.969812735568894, 41.251719621850732 ], [ -111.969785038240119, 41.251719339958044 ], [ -111.969761851659158, 41.251719089688649 ], [ -111.968416661646586, 41.251715278165257 ], [ -111.967158304607963, 41.251711615069695 ], [ -111.963791890913569, 41.251632091649455 ], [ -111.96060027983188, 41.251585825170075 ], [ -111.960526172055239, 41.251584747482369 ], [ -111.957446349718438, 41.251531172350738 ], [ -111.957411796134778, 41.251530623458898 ], [ -111.956480313449617, 41.251529152406732 ], [ -111.956142999626792, 41.25152859509101 ], [ -111.956123543860258, 41.251528563164534 ], [ -111.956117661863033, 41.252105158721697 ], [ -111.955996394299888, 41.252355574133581 ], [ -111.955710488633429, 41.252743659399492 ], [ -111.955471726167985, 41.253107455951749 ], [ -111.956156081304158, 41.253547488495876 ], [ -111.956793135768905, 41.253987704629083 ], [ -111.956992888807363, 41.254136872687518 ], [ -111.95736415996771, 41.2544567428668 ], [ -111.959218435095266, 41.25439937648995 ], [ -111.960637588421378, 41.254365142899843 ], [ -111.960996656103049, 41.254292296661383 ], [ -111.963794252673921, 41.25432229117105 ], [ -111.963737153727365, 41.256048494171019 ], [ -111.963767405308062, 41.257059548502305 ], [ -111.963697803991352, 41.259119119024653 ], [ -111.963761801326072, 41.259120113913838 ], [ -111.963953793354605, 41.259123100154937 ], [ -111.964018863342559, 41.259124087005908 ], [ -111.964194831042647, 41.259125046760573 ], [ -111.964722775430602, 41.259131072733105 ], [ -111.964899830548106, 41.25913310093906 ], [ -111.965316850796626, 41.259137081035803 ], [ -111.966569863447347, 41.259152059928347 ], [ -111.966987855337521, 41.259157107528637 ], [ -111.967520810621636, 41.25916307891211 ], [ -111.969121834813592, 41.259181049882578 ], [ -111.969652590924454, 41.259187054311262 ], [ -111.969655870863079, 41.259187090967032 ], [ -111.969655863874252, 41.259187437650965 ] ] ] } },
{ "type": "Feature", "properties": { "PRECINCT": "OGD12", "PrecinctID": "OGD12", "CONSOL_PRE": null, "MUNIWARD": 3, "POLLING_PL": null, "ADDRESS": null }, "geometry": { "type": "Polygon", "coordinates": [ [ [ -111.956123543860258, 41.251528563164534 ], [ -111.956142999626792, 41.25152859509101 ], [ -111.956480313449617, 41.251529152406732 ], [ -111.957411796134778, 41.251530623458898 ], [ -111.957446349718438, 41.251531172350738 ], [ -111.960526172055239, 41.251584747482369 ], [ -111.96060027983188, 41.251585825170075 ], [ -111.963791890913569, 41.251632091649455 ], [ -111.967158304607963, 41.251711615069695 ], [ -111.968416661646586, 41.251715278165257 ], [ -111.969761851659158, 41.251719089688649 ], [ -111.969785038240119, 41.251719339958044 ], [ -111.969812735568894, 41.251719621850732 ], [ -111.970919805277191, 41.251730938346277 ], [ -111.972596095040899, 41.251756525532912 ], [ -111.972623828800863, 41.251756929895087 ], [ -111.975390679736847, 41.25177853268665 ], [ -111.97541432827984, 41.251779464293016 ], [ -111.976053211139003, 41.251803340240329 ], [ -111.97806125442753, 41.251813848978905 ], [ -111.978109962021392, 41.251812683607355 ], [ -111.978340540043874, 41.244249441749567 ], [ -111.97824084374453, 41.24424811192177 ], [ -111.977978766687386, 41.24426412080323 ], [ -111.977844878834645, 41.24427309461889 ], [ -111.977193860524196, 41.244329063787468 ], [ -111.977089824000643, 41.244339045878654 ], [ -111.976932795694523, 41.2443410991958 ], [ -111.97668281600248, 41.244344119718662 ], [ -111.975931818061753, 41.244354091933744 ], [ -111.975682808969069, 41.244358094422125 ], [ -111.975310769072323, 41.244355120877664 ], [ -111.974196803200385, 41.24434608588161 ], [ -111.973825852462795, 41.24434408941579 ], [ -111.973615777823227, 41.244342084061898 ], [ -111.972985795416847, 41.24433605934788 ], [ -111.972776795572813, 41.244334040900235 ], [ -111.969949592398905, 41.244288778689331 ], [ -111.967275100343898, 41.24427422655878 ], [ -111.96556717999492, 41.244261159475428 ], [ -111.964344033240835, 41.244247145693343 ], [ -111.962581671444951, 41.244227220698662 ], [ -111.9606525973076, 41.244205303811519 ], [ -111.960650999144704, 41.244205285189587 ], [ -111.960117691051849, 41.244199069468316 ], [ -111.959416074569148, 41.244197041404931 ], [ -111.957631755786593, 41.244172725376124 ], [ -111.957491136739506, 41.244171111387544 ], [ -111.95582916664857, 41.244152174336023 ], [ -111.955359458705246, 41.244145940273313 ], [ -111.955264032039182, 41.244144661221391 ], [ -111.954649915114999, 41.244136481071031 ], [ -111.954491910950168, 41.244134708712131 ], [ -111.954491719167052, 41.244134705895469 ], [ -111.953779643400182, 41.244126718360874 ], [ -111.953420601047213, 41.244122688315926 ], [ -111.953420159100133, 41.244151907440191 ], [ -111.953401630108559, 41.245383904610627 ], [ -111.953508975435895, 41.245722618533073 ], [ -111.953811730696685, 41.246184958131622 ], [ -111.954173554396291, 41.246522668064308 ], [ -111.954461550018948, 41.246805403487215 ], [ -111.954641611065099, 41.247086077101876 ], [ -111.954717788899359, 41.247255344587174 ], [ -111.954749357494151, 41.247481310991411 ], [ -111.954769473100782, 41.248442892281702 ], [ -111.954769469902075, 41.248443113868149 ], [ -111.954769799015253, 41.248443116141964 ], [ -111.954768769788586, 41.248479065195248 ], [ -111.954767761295301, 41.248590047272785 ], [ -111.954767821506493, 41.248627069514001 ], [ -111.954764816329444, 41.248773107444855 ], [ -111.954759779193822, 41.249214075238683 ], [ -111.954758830880806, 41.249362079538479 ], [ -111.954726755653354, 41.249479086379026 ], [ -111.954634861348865, 41.249832048153436 ], [ -111.954604831590444, 41.249950117216109 ], [ -111.954504833479263, 41.250263063184597 ], [ -111.954280843477321, 41.250971122865444 ], [ -111.954228783525537, 41.25119107038477 ], [ -111.95422579542074, 41.251207128395997 ], [ -111.954198760260724, 41.251408045126816 ], [ -111.954198804338958, 41.251534061406318 ], [ -111.95419838358626, 41.251543051094806 ], [ -111.954201511022333, 41.25154300480726 ], [ -111.955234701670179, 41.251527109669702 ], [ -111.956123543860258, 41.251528563164534 ] ] ] } },
{ "type": "Feature", "properties": { "PRECINCT": "OGD14", "PrecinctID": "OGD14", "CONSOL_PRE": null, "MUNIWARD": 3, "POLLING_PL": null, "ADDRESS": null }, "geometry": { "type": "Polygon", "coordinates": [ [ [ -111.948022572358894, 41.251444116392626 ], [ -111.954198804338958, 41.251534061406318 ], [ -111.954198760260724, 41.251408045126816 ], [ -111.95422579542074, 41.251207128395997 ], [ -111.954228783525537, 41.25119107038477 ], [ -111.954280843477321, 41.250971122865444 ], [ -111.954504833479263, 41.250263063184597 ], [ -111.954604831590444, 41.249950117216109 ], [ -111.954634861348865, 41.249832048153436 ], [ -111.954726755653354, 41.249479086379026 ], [ -111.954758830880806, 41.249362079538479 ], [ -111.954759779193822, 41.249214075238683 ], [ -111.954764816329444, 41.248773107444855 ], [ -111.954767821506493, 41.248627069514001 ], [ -111.954767761295301, 41.248590047272785 ], [ -111.954768769788586, 41.248479065195248 ], [ -111.954769799015253, 41.248443116141964 ], [ -111.954769469902075, 41.248443113868149 ], [ -111.954769473100782, 41.248442892281702 ], [ -111.954749357494151, 41.247481310991411 ], [ -111.954717788899359, 41.247255344587174 ], [ -111.954641611065099, 41.247086077101876 ], [ -111.954461550018948, 41.246805403487215 ], [ -111.954173554396291, 41.246522668064308 ], [ -111.953811730696685, 41.246184958131622 ], [ -111.953508975435895, 41.245722618533073 ], [ -111.953401630108559, 41.245383904610627 ], [ -111.953420159100133, 41.244151907440191 ], [ -111.953420601047213, 41.244122688315926 ], [ -111.953404090864794, 41.244122406681797 ], [ -111.950858566697136, 41.244078886123894 ], [ -111.950169229073424, 41.244021914087384 ], [ -111.949472683480437, 41.243896839241224 ], [ -111.948727637829549, 41.243680258737811 ], [ -111.948048268232995, 41.243374075320432 ], [ -111.947488621530525, 41.243076053275026 ], [ -111.945380195454646, 41.241956346575705 ], [ -111.945374009990303, 41.241953279191343 ], [ -111.944848114825632, 41.241692515076188 ], [ -111.94425893540415, 41.241386016200792 ], [ -111.943784121158842, 41.241187716215222 ], [ -111.942999681885851, 41.240879819173699 ], [ -111.941887637504522, 41.240569972642923 ], [ -111.941629031862163, 41.240505003854643 ], [ -111.941228414823144, 41.240422240042044 ], [ -111.940426471313216, 41.240307842712895 ], [ -111.939261459564491, 41.24020942099164 ], [ -111.938439954079882, 41.240133984997549 ], [ -111.937885698402823, 41.240051928614669 ], [ -111.937274395421738, 41.239943718974445 ], [ -111.93660152339082, 41.239809170401116 ], [ -111.935807489247651, 41.239661439126138 ], [ -111.935359582914714, 41.23957813526409 ], [ -111.935307798560743, 41.23956850321396 ], [ -111.934430020011362, 41.239404580767456 ], [ -111.933351995334405, 41.2391964868645 ], [ -111.932603588828769, 41.239038749973027 ], [ -111.931061634638269, 41.238638764427918 ], [ -111.930923945621103, 41.238603047230285 ], [ -111.929843469198161, 41.238026475604769 ], [ -111.92857495486227, 41.236916388349805 ], [ -111.928523276550138, 41.236867434214638 ], [ -111.92811035246676, 41.236476913442338 ], [ -111.927920810323002, 41.236334981767847 ], [ -111.927764503461574, 41.236265573937985 ], [ -111.927760533972233, 41.236263796441328 ], [ -111.92778340847029, 41.237604712342147 ], [ -111.929026551739739, 41.237606429493937 ], [ -111.929033303362743, 41.23795717721179 ], [ -111.929027447357271, 41.238190332261468 ], [ -111.929027670805326, 41.238335242515305 ], [ -111.929024750981284, 41.238521477280408 ], [ -111.929025865658474, 41.238587301999878 ], [ -111.928988390501985, 41.240245526711313 ], [ -111.928970841097978, 41.241021865060162 ], [ -111.928970847807548, 41.241022167018755 ], [ -111.928972895333956, 41.24112999968861 ], [ -111.9289497664534, 41.243185362449545 ], [ -111.932522370565721, 41.243142830457003 ], [ -111.935206174444019, 41.243147186598414 ], [ -111.936464362433625, 41.244047623734467 ], [ -111.938003793181252, 41.244060945247377 ], [ -111.941245880779164, 41.244082678650678 ], [ -111.941270436160352, 41.24413478839309 ], [ -111.941301282879138, 41.244198654950061 ], [ -111.941556930586913, 41.244727652417872 ], [ -111.941686611473216, 41.245079242838166 ], [ -111.941688839299161, 41.245410051046299 ], [ -111.941687767654784, 41.245424587893375 ], [ -111.941665501809823, 41.245726649723508 ], [ -111.941656562262708, 41.247216985160492 ], [ -111.943029298005442, 41.247257312462828 ], [ -111.945004938266052, 41.247289628500788 ], [ -111.947333233403725, 41.247307230510657 ], [ -111.947328417696923, 41.248399932886677 ], [ -111.948061466211385, 41.248388882506731 ], [ -111.948022572358894, 41.251444116392626 ] ] ] } },
{ "type": "Feature", "properties": { "PRECINCT": "OGD15", "PrecinctID": "OGD15", "CONSOL_PRE": null, "MUNIWARD": 1, "POLLING_PL": null, "ADDRESS": null }, "geometry": { "type": "MultiPolygon", "coordinates": [ [ [ [ -111.989673776862219, 41.244412077726011 ], [ -111.990009848900783, 41.24442008798276 ], [ -111.990093778567669, 41.244422067986946 ], [ -111.990278821249021, 41.244426061851264 ], [ -111.990668864996948, 41.244428111562222 ], [ -111.992396767841825, 41.244439082267341 ], [ -111.992973854308048, 41.244443113393132 ], [ -111.993736878923556, 41.244447069852569 ], [ -111.993970821455207, 41.244449104059463 ], [ -111.995258500032634, 41.244445085486191 ], [ -111.996025858546659, 41.244445125217787 ], [ -111.996099588499362, 41.244445107732652 ], [ -111.996099265439256, 41.244391756122369 ], [ -111.996185770927127, 41.241323506231623 ], [ -111.996211116187766, 41.240535307731477 ], [ -111.996229822447106, 41.239935415479508 ], [ -111.996237051889253, 41.239746693799425 ], [ -111.996250914343321, 41.239470035537494 ], [ -111.996258599975363, 41.239205204528652 ], [ -111.996372751851581, 41.236520194524552 ], [ -111.996380252786039, 41.236422195726448 ], [ -111.996388989638817, 41.236245092952025 ], [ -111.996387512084823, 41.23522590498893 ], [ -111.996393884448764, 41.2344798705739 ], [ -111.996396365617784, 41.234274729750524 ], [ -111.996527745707084, 41.230166368186161 ], [ -111.99655360011927, 41.229625413318722 ], [ -111.996567321231097, 41.229163248528202 ], [ -111.996581210150424, 41.228834594496931 ], [ -111.997296840702106, 41.228598720504984 ], [ -111.998539878340665, 41.228255798484774 ], [ -111.998606363744628, 41.228237995334922 ], [ -111.998782326879848, 41.228190296530578 ], [ -111.998864948609494, 41.228168011455836 ], [ -111.998952292063748, 41.22814446217324 ], [ -111.999542711996071, 41.227964054974827 ], [ -111.999798128793515, 41.227870263402018 ], [ -111.999796018016923, 41.227869393414359 ], [ -111.999663950846681, 41.227830174405156 ], [ -111.999439836994384, 41.227816226505631 ], [ -111.996682821846491, 41.228652080283318 ], [ -111.994074486517107, 41.229312560443361 ], [ -111.989930739894717, 41.230359120471164 ], [ -111.987775712486567, 41.230879490982971 ], [ -111.98671481978775, 41.230981081615589 ], [ -111.985432739289934, 41.230322121191932 ], [ -111.984068818440193, 41.229508082733886 ], [ -111.983524818354638, 41.229343081980801 ], [ -111.982445818395547, 41.229200081807505 ], [ -111.980796738330923, 41.229159121843587 ], [ -111.978705193309594, 41.229137138844429 ], [ -111.978661837589826, 41.2291366830162 ], [ -111.978661844329437, 41.22913403838502 ], [ -111.970338339739882, 41.229031171523431 ], [ -111.970070817649628, 41.23872908361114 ], [ -111.970045739434823, 41.239697047822439 ], [ -111.970045786779352, 41.239697047629114 ], [ -111.970054065475082, 41.239697085302112 ], [ -111.97005251769933, 41.239800870608789 ], [ -111.970030277014544, 41.241266639724522 ], [ -111.970029188762695, 41.241304731714095 ], [ -111.97002917160593, 41.24130531073628 ], [ -111.969992942072849, 41.242655612419597 ], [ -111.969992600643806, 41.242668424020103 ], [ -111.971318779200033, 41.242685006141691 ], [ -111.971442845967843, 41.242687081997182 ], [ -111.971716775942738, 41.242690084069061 ], [ -111.972538838346594, 41.242701068703305 ], [ -111.972812782680933, 41.242705059832431 ], [ -111.972804834863183, 41.243030124039521 ], [ -111.972783776078359, 41.244008085510238 ], [ -111.972776795572813, 41.244334040900235 ], [ -111.972985795416847, 41.24433605934788 ], [ -111.973615777823227, 41.244342084061898 ], [ -111.973825852462795, 41.24434408941579 ], [ -111.974196803200385, 41.24434608588161 ], [ -111.975310769072323, 41.244355120877664 ], [ -111.975682808969069, 41.244358094422125 ], [ -111.975931818061753, 41.244354091933744 ], [ -111.97668281600248, 41.244344119718662 ], [ -111.976932795694523, 41.2443410991958 ], [ -111.977089824000643, 41.244339045878654 ], [ -111.977193860524196, 41.244329063787468 ], [ -111.977844878834645, 41.24427309461889 ], [ -111.977978766687386, 41.24426412080323 ], [ -111.97824084374453, 41.24424811192177 ], [ -111.978340540043874, 41.244249441749567 ], [ -111.980642867990426, 41.244280102677173 ], [ -111.980700795838317, 41.244283121898533 ], [ -111.981342817068622, 41.244280083878898 ], [ -111.984549798038401, 41.244327110263484 ], [ -111.988517799068489, 41.244403091929321 ], [ -111.988725845581342, 41.244405089425335 ], [ -111.989349772698034, 41.244413060435626 ], [ -111.989558787791239, 41.244416038673457 ], [ -111.98958085222192, 41.244415038894452 ], [ -111.989649789877163, 41.244412102909649 ], [ -111.989654801485031, 41.244412060152314 ], [ -111.989673776862219, 41.244412077726011 ] ] ], [ [ [ -112.001501531028623, 41.244414777727719 ], [ -112.00149400885077, 41.244544104637136 ], [ -112.002672954524456, 41.244559642926454 ], [ -112.002674566253845, 41.244421807539517 ], [ -112.002689163310237, 41.242894263528569 ], [ -112.002689177958615, 41.242893085902388 ], [ -112.001528770645265, 41.242895191334298 ], [ -112.001501531028623, 41.244414777727719 ] ] ], [ [ [ -112.003632271618898, 41.241644277051655 ], [ -112.003618617054158, 41.244427815249793 ], [ -112.003620949180416, 41.24457212875982 ], [ -112.004549151976732, 41.244584282541936 ], [ -112.004551560501156, 41.244472982545417 ], [ -112.004552560132126, 41.244429047415984 ], [ -112.004588303344917, 41.241634801550227 ], [ -112.00459245550725, 41.241240891316671 ], [ -112.004592462851463, 41.241239999624675 ], [ -112.004592472439214, 41.241239091840853 ], [ -112.003646479401226, 41.241110766524272 ], [ -112.003632271618898, 41.241644277051655 ] ] ] ] } },
{ "type": "Feature", "properties": { "PRECINCT": "OGD09", "PrecinctID": "OGD09", "CONSOL_PRE": null, "MUNIWARD": 2, "POLLING_PL": null, "ADDRESS": null }, "geometry": { "type": "Polygon", "coordinates": [ [ [ -111.977882497666869, 41.259272055287688 ], [ -111.977887529843414, 41.259272079076823 ], [ -111.978000038623975, 41.259275042938448 ], [ -111.978634121830467, 41.259289134422545 ], [ -111.981006712443104, 41.259330968148227 ], [ -111.982143200851581, 41.259340996542662 ], [ -111.983825218611699, 41.259363504102424 ], [ -111.984329584342134, 41.259368560050419 ], [ -111.986472712951269, 41.259397633545845 ], [ -111.987840028865435, 41.259410048685346 ], [ -111.987968995757697, 41.259410108020461 ], [ -111.988149999820109, 41.259410193226159 ], [ -111.989401747181944, 41.259360608346725 ], [ -111.989397802469384, 41.259280072293379 ], [ -111.989409860161402, 41.258331102334303 ], [ -111.989367833959747, 41.258109065548929 ], [ -111.989355842208539, 41.258042061813406 ], [ -111.989391875778068, 41.255328104783814 ], [ -111.989415806039062, 41.254343090425316 ], [ -111.989418864209824, 41.254261095027751 ], [ -111.98947577369519, 41.253943085546673 ], [ -111.989491833110577, 41.253093075176544 ], [ -111.989494874625109, 41.252899113430452 ], [ -111.989504875292383, 41.252320104890828 ], [ -111.989507867281716, 41.252194061161916 ], [ -111.98950876698548, 41.252127125865819 ], [ -111.989513024506095, 41.251796962291131 ], [ -111.989536612944534, 41.251796472464072 ], [ -111.989538482764985, 41.251706299916236 ], [ -111.989590515201769, 41.24919436175842 ], [ -111.989625792445608, 41.246634111887666 ], [ -111.989673776862219, 41.244412077726011 ], [ -111.989654801485031, 41.244412060152314 ], [ -111.989649789877163, 41.244412102909649 ], [ -111.98958085222192, 41.244415038894452 ], [ -111.989558787791239, 41.244416038673457 ], [ -111.989349772698034, 41.244413060435626 ], [ -111.988725845581342, 41.244405089425335 ], [ -111.988517799068489, 41.244403091929321 ], [ -111.984549798038401, 41.244327110263484 ], [ -111.981342817068622, 41.244280083878898 ], [ -111.980700795838317, 41.244283121898533 ], [ -111.980642867990426, 41.244280102677173 ], [ -111.978340540043874, 41.244249441749567 ], [ -111.978109962021392, 41.251812683607355 ], [ -111.977882497666869, 41.259272055287688 ] ] ] } },
{ "type": "Feature", "properties": { "PRECINCT": "OGD06", "PrecinctID": "OGD06", "CONSOL_PRE": null, "MUNIWARD": 2, "POLLING_PL": null, "ADDRESS": null }, "geometry": { "type": "Polygon", "coordinates": [ [ [ -111.969511609338412, 41.266537404148174 ], [ -111.969622150501948, 41.266538745691705 ], [ -111.970406549192077, 41.266559109885812 ], [ -111.970525630727749, 41.266723520431917 ], [ -111.971221507462161, 41.266733542649021 ], [ -111.97193343160923, 41.266735307413938 ], [ -111.973147090675511, 41.266737755829865 ], [ -111.974266164259745, 41.26672982396903 ], [ -111.974514307404348, 41.266838207265714 ], [ -111.975616599832946, 41.266806276423964 ], [ -111.976332173227917, 41.266812090891221 ], [ -111.976597291361088, 41.266822104909537 ], [ -111.97686832018691, 41.266834314938805 ], [ -111.977145247881907, 41.266848719199508 ], [ -111.97758714129462, 41.266869111047733 ], [ -111.977724400063238, 41.266872769541713 ], [ -111.97773147546512, 41.266872956405372 ], [ -111.977831975169778, 41.266862495416412 ], [ -111.979123920017358, 41.266825971878113 ], [ -111.979124955143831, 41.266825997948864 ], [ -111.979522638841004, 41.266835803891688 ], [ -111.980134259629892, 41.266842536773197 ], [ -111.983752576495007, 41.266873886507199 ], [ -111.984421704901862, 41.266898590196831 ], [ -111.984897562111783, 41.266926330347879 ], [ -111.985229426438949, 41.266919257482854 ], [ -111.986039565625816, 41.266915841374377 ], [ -111.990064163535394, 41.26693755462594 ], [ -111.990056771016341, 41.266854074290094 ], [ -111.989849467591981, 41.263317370507458 ], [ -111.989590809039584, 41.261572122734854 ], [ -111.98953578133856, 41.260916119451061 ], [ -111.989497793474229, 41.260250058522772 ], [ -111.989474813943758, 41.260072084106888 ], [ -111.989414855013919, 41.259603120611025 ], [ -111.989410784973586, 41.259539110214611 ], [ -111.989401772227467, 41.25936110856837 ], [ -111.989401747181944, 41.259360608346725 ], [ -111.988149999820109, 41.259410193226159 ], [ -111.987968995757697, 41.259410108020461 ], [ -111.987840028865435, 41.259410048685346 ], [ -111.986472712951269, 41.259397633545845 ], [ -111.984329584342134, 41.259368560050419 ], [ -111.983825218611699, 41.259363504102424 ], [ -111.982143200851581, 41.259340996542662 ], [ -111.981006712443104, 41.259330968148227 ], [ -111.978634121830467, 41.259289134422545 ], [ -111.978000038623975, 41.259275042938448 ], [ -111.977887529843414, 41.259272079076823 ], [ -111.977882497666869, 41.259272055287688 ], [ -111.97638851365592, 41.259265195820575 ], [ -111.974945015799122, 41.259249172551954 ], [ -111.973602270561329, 41.259234203557781 ], [ -111.969656053321273, 41.259187438665222 ], [ -111.969655863874252, 41.259187437650965 ], [ -111.969649762287645, 41.259565104318632 ], [ -111.969645778247823, 41.2599170669397 ], [ -111.969628828412652, 41.260700066164731 ], [ -111.969621781825253, 41.261079076744636 ], [ -111.969612837178744, 41.261483056007194 ], [ -111.969586820172793, 41.262694084333418 ], [ -111.969578843590511, 41.263099045887337 ], [ -111.969573809017746, 41.263380126941975 ], [ -111.96956087930711, 41.264225062266789 ], [ -111.969556778378575, 41.264440110591465 ], [ -111.969556815472259, 41.26450712745136 ], [ -111.969551809039459, 41.264798118366187 ], [ -111.969549776824365, 41.264919107492481 ], [ -111.969530816470254, 41.265671045681927 ], [ -111.969524855485204, 41.265962043999615 ], [ -111.969521780056581, 41.266093131446709 ], [ -111.969512774364929, 41.266485129544229 ], [ -111.969511609338412, 41.266537404148174 ] ] ] } },
{ "type": "Feature", "properties": { "PRECINCT": "OGD05", "PrecinctID": "OGD05", "CONSOL_PRE": null, "MUNIWARD": 2, "POLLING_PL": null, "ADDRESS": null }, "geometry": { "type": "Polygon", "coordinates": [ [ [ -111.995126443347885, 41.2836152178009 ], [ -111.996738260969678, 41.284161401915583 ], [ -111.996773204363336, 41.284173239405447 ], [ -111.996783737465023, 41.284176803478587 ], [ -111.996787919857113, 41.284178222093104 ], [ -111.996789731957705, 41.284178832538636 ], [ -111.996794764556853, 41.284180533387058 ], [ -111.996796092170939, 41.284180981528984 ], [ -111.996830420149593, 41.284192569705588 ], [ -111.996831628997725, 41.284192975474198 ], [ -111.996969444446464, 41.28423948672404 ], [ -111.997350815316864, 41.28436819546836 ], [ -111.997968907962601, 41.28457725261157 ], [ -111.998162787582615, 41.28464211076701 ], [ -111.998940067379507, 41.28490212753691 ], [ -111.999016803258002, 41.284928769888637 ], [ -111.999048941679547, 41.284939544926154 ], [ -111.999989108875681, 41.285254708517371 ], [ -112.000747419010395, 41.285508902328601 ], [ -112.00081777778064, 41.285531649004028 ], [ -112.001062593564541, 41.285610801024532 ], [ -112.001333734951828, 41.285698463230752 ], [ -112.001548603683588, 41.285755340652898 ], [ -112.00251010963882, 41.285883722737331 ], [ -112.002975289587809, 41.285884053174172 ], [ -112.003426115420325, 41.285879375083908 ], [ -112.003627177279284, 41.285877288357959 ], [ -112.004552956311045, 41.285866654597179 ], [ -112.004553169510814, 41.285866653663433 ], [ -112.005334488760127, 41.285860938302683 ], [ -112.005367251984651, 41.285860685583557 ], [ -112.00538720238589, 41.285860551605509 ], [ -112.005826859963904, 41.285857319386743 ], [ -112.005839850700255, 41.285857231970084 ], [ -112.006079297035285, 41.285855481677423 ], [ -112.006080173523074, 41.285855477827084 ], [ -112.006168520556159, 41.285854096185005 ], [ -112.006215034309633, 41.285853366465233 ], [ -112.006309850198036, 41.285851883027647 ], [ -112.006626561595724, 41.285846924055171 ], [ -112.007408950450312, 41.285834671383263 ], [ -112.007983931647118, 41.285812363847889 ], [ -112.007984651594015, 41.285812335656942 ], [ -112.008185784737819, 41.28467155330857 ], [ -112.008319732252275, 41.281088963688504 ], [ -112.008362336145268, 41.27976167674926 ], [ -112.008390902968372, 41.278871647827692 ], [ -112.008441704025486, 41.277339102476077 ], [ -112.008404028958978, 41.276192077643103 ], [ -112.008412510754013, 41.275565657350192 ], [ -112.008449373482776, 41.274275134467814 ], [ -112.008581664045707, 41.271666296843598 ], [ -112.008655476451906, 41.269817874812134 ], [ -112.00876115424586, 41.268050209006041 ], [ -112.008832410656055, 41.266828754432886 ], [ -112.008784050234567, 41.264938415748759 ], [ -112.008738049979868, 41.263224628297536 ], [ -112.008760534713048, 41.260804286520923 ], [ -112.008789750111404, 41.258618041019147 ], [ -112.008781945597462, 41.255318098993939 ], [ -112.008809157013701, 41.254846600865299 ], [ -112.008810369462338, 41.254825558456055 ], [ -112.008816326313294, 41.254722328534903 ], [ -112.00882590994506, 41.254531728694246 ], [ -112.009060187585348, 41.254020729137409 ], [ -112.009147582731202, 41.253842808066658 ], [ -112.009428795850681, 41.25308052060894 ], [ -112.009438095632603, 41.25031409569894 ], [ -112.009430547341879, 41.24936737513228 ], [ -112.009374657290621, 41.248552338844775 ], [ -112.00937120602805, 41.247725416328777 ], [ -112.009392014502467, 41.245190785484098 ], [ -112.009392026019484, 41.245189220115122 ], [ -112.008623016149471, 41.245174055976371 ], [ -112.008621931678917, 41.24517403575085 ], [ -112.008614978124768, 41.244801862085865 ], [ -112.008598464293556, 41.244633561494538 ], [ -112.008598324828753, 41.244632062907613 ], [ -112.007896092208469, 41.244624611353323 ], [ -112.007090344977044, 41.244614807859811 ], [ -112.006674158596823, 41.24460830256448 ], [ -112.006456883560332, 41.244606478159668 ], [ -112.004549819664732, 41.244584290337194 ], [ -112.004549151976732, 41.244584282541936 ], [ -112.003620949180416, 41.24457212875982 ], [ -112.002682920217921, 41.244559772742861 ], [ -112.002673385445092, 41.244559648192542 ], [ -112.002672954524456, 41.244559642926454 ], [ -112.00149400885077, 41.244544104637136 ], [ -112.000867353702887, 41.244535843197291 ], [ -112.000596423592214, 41.244532268417615 ], [ -111.999684761715343, 41.244521363661612 ], [ -111.999582304763166, 41.244520139341972 ], [ -111.999313169625253, 41.244516911132465 ], [ -111.998411068960024, 41.244506119219537 ], [ -111.99686199187056, 41.244484201460509 ], [ -111.996099777678438, 41.244476064810151 ], [ -111.996099588499362, 41.244445107732652 ], [ -111.996025858546659, 41.244445125217787 ], [ -111.995258500032634, 41.244445085486191 ], [ -111.993970821455207, 41.244449104059463 ], [ -111.993736878923556, 41.244447069852569 ], [ -111.992973854308048, 41.244443113393132 ], [ -111.992396767841825, 41.244439082267341 ], [ -111.990668864996948, 41.244428111562222 ], [ -111.990278821249021, 41.244426061851264 ], [ -111.990093778567669, 41.244422067986946 ], [ -111.990009848900783, 41.24442008798276 ], [ -111.989673776862219, 41.244412077726011 ], [ -111.989625792445608, 41.246634111887666 ], [ -111.989590515201769, 41.24919436175842 ], [ -111.989538482764985, 41.251706299916236 ], [ -111.989536612944534, 41.251796472464072 ], [ -111.989513024506095, 41.251796962291131 ], [ -111.98950876698548, 41.252127125865819 ], [ -111.989507867281716, 41.252194061161916 ], [ -111.989504875292383, 41.252320104890828 ], [ -111.989494874625109, 41.252899113430452 ], [ -111.989491833110577, 41.253093075176544 ], [ -111.98947577369519, 41.253943085546673 ], [ -111.989418864209824, 41.254261095027751 ], [ -111.989415806039062, 41.254343090425316 ], [ -111.989391875778068, 41.255328104783814 ], [ -111.989355842208539, 41.258042061813406 ], [ -111.989367833959747, 41.258109065548929 ], [ -111.989409860161402, 41.258331102334303 ], [ -111.989397802469384, 41.259280072293379 ], [ -111.989401747181944, 41.259360608346725 ], [ -111.989401772227467, 41.25936110856837 ], [ -111.989410784973586, 41.259539110214611 ], [ -111.989414855013919, 41.259603120611025 ], [ -111.989474813943758, 41.260072084106888 ], [ -111.989497793474229, 41.260250058522772 ], [ -111.98953578133856, 41.260916119451061 ], [ -111.989590809039584, 41.261572122734854 ], [ -111.989849467591981, 41.263317370507458 ], [ -111.990056771016341, 41.266854074290094 ], [ -111.990064163535394, 41.26693755462594 ], [ -111.990447627203665, 41.26693961577859 ], [ -111.990453071035972, 41.266988574649922 ], [ -111.990845103980888, 41.270513452307213 ], [ -111.991161609723193, 41.273351523018754 ], [ -111.99136892647941, 41.275105132944446 ], [ -111.991651161090857, 41.276832021079009 ], [ -111.991867339183941, 41.27815467263342 ], [ -111.991921913965882, 41.27828948841065 ], [ -111.992023562769432, 41.27854053262913 ], [ -111.992130150343328, 41.278803779695863 ], [ -111.992209847781169, 41.279000607085386 ], [ -111.992630310704385, 41.27967437893161 ], [ -111.995126443347885, 41.2836152178009 ] ] ] } },
{ "type": "Feature", "properties": { "PRECINCT": "OGD31", "PrecinctID": "OGD31", "CONSOL_PRE": null, "MUNIWARD": 1, "POLLING_PL": null, "ADDRESS": null }, "geometry": { "type": "Polygon", "coordinates": [ [ [ -112.010526493580826, 41.222083038138493 ], [ -112.010556618349582, 41.222120077381206 ], [ -112.010560324490086, 41.222124631829843 ], [ -112.010564030658884, 41.222129189852055 ], [ -112.010567739222623, 41.222133751437312 ], [ -112.010571450153435, 41.222138313011961 ], [ -112.010601479363928, 41.222175231157529 ], [ -112.010630581926065, 41.22221167630434 ], [ -112.010634248123026, 41.222216266665775 ], [ -112.010637914320512, 41.222220857027125 ], [ -112.010641575743577, 41.222225442048845 ], [ -112.010670702280407, 41.222261921030082 ], [ -112.01070431453833, 41.222296684331013 ], [ -112.010708485067454, 41.2223009990565 ], [ -112.010740040699346, 41.222333630767153 ], [ -112.011367994237858, 41.222991850532644 ], [ -112.011768334374622, 41.223642544950572 ], [ -112.011753698186567, 41.22373352032956 ], [ -112.01183688730741, 41.223632948226381 ], [ -112.012046617507991, 41.223167585821237 ], [ -112.012109643237096, 41.223059090753885 ], [ -112.012154495689089, 41.222963733397911 ], [ -112.012400465816313, 41.222756378512265 ], [ -112.01271019504388, 41.222653492502957 ], [ -112.01319218526433, 41.222610903186926 ], [ -112.014198761943661, 41.222513366545044 ], [ -112.015041038847713, 41.222551224411269 ], [ -112.015416731233955, 41.222797726901447 ], [ -112.015788068562301, 41.223416217749971 ], [ -112.016082771704305, 41.223912957512468 ], [ -112.016171372982413, 41.223266236645038 ], [ -112.016478743267399, 41.223259473789895 ], [ -112.016607577728166, 41.223259218997313 ], [ -112.017992534149741, 41.223283703740663 ], [ -112.018159100865432, 41.223285516370431 ], [ -112.021452251273288, 41.223323040336346 ], [ -112.021573641772932, 41.223309585285058 ], [ -112.023826479129283, 41.223326918556765 ], [ -112.023825794986365, 41.223271170356433 ], [ -112.023814846731568, 41.221524323973831 ], [ -112.023809571366868, 41.221162957842601 ], [ -112.023805977684319, 41.221016376779644 ], [ -112.023783980754146, 41.21977822353373 ], [ -112.024325165951225, 41.219772256860622 ], [ -112.024812997096873, 41.219777613327395 ], [ -112.02547090048094, 41.219796263173073 ], [ -112.025491943523633, 41.219688924358927 ], [ -112.025507911693268, 41.219607479484878 ], [ -112.025505238824906, 41.219510437872437 ], [ -112.025506546368149, 41.218821536306685 ], [ -112.025508863645115, 41.21803828515565 ], [ -112.025510422247876, 41.217517247521045 ], [ -112.025511609294028, 41.217125627998421 ], [ -112.02551244780652, 41.216850639428486 ], [ -112.025513781267449, 41.216416732127172 ], [ -112.025515009541692, 41.216020514642864 ], [ -112.025516729707306, 41.215470908869612 ], [ -112.025518351631234, 41.21495749723119 ], [ -112.025520172169919, 41.214387929400061 ], [ -112.025520780429304, 41.214199728111204 ], [ -112.025520960189056, 41.214144760336723 ], [ -112.025526186508458, 41.212554438166165 ], [ -112.025526825278561, 41.212362073194001 ], [ -112.025529598069213, 41.211537663142948 ], [ -112.025531001023225, 41.211125460680584 ], [ -112.025532418242449, 41.210713268846881 ], [ -112.025534443356705, 41.210129683202844 ], [ -112.02553552186022, 41.209822046463458 ], [ -112.025536196125557, 41.209629688391317 ], [ -112.025537658756207, 41.209217265739206 ], [ -112.025539127421595, 41.208805598892951 ], [ -112.025539129821254, 41.208805307616387 ], [ -112.025539758720456, 41.208129236141183 ], [ -112.025544274431027, 41.207391321680774 ], [ -112.025550491138972, 41.205734829457853 ], [ -112.025767528578555, 41.205484037320893 ], [ -112.025774337175775, 41.205477126618696 ], [ -112.025835832449857, 41.205415556488326 ], [ -112.025845909133182, 41.205405468021581 ], [ -112.025844448526115, 41.205405079790495 ], [ -112.024870208851539, 41.205469216143733 ], [ -112.023857403513148, 41.205652897677076 ], [ -112.023718821835899, 41.205618710671999 ], [ -112.023578134754686, 41.205320909012485 ], [ -112.023214044771919, 41.20508878605721 ], [ -112.018764418987701, 41.205151312195781 ], [ -112.018748737946225, 41.205031729897478 ], [ -112.018776376565143, 41.205031828647947 ], [ -112.018776376084858, 41.205031767895328 ], [ -112.018775460728477, 41.203860004862875 ], [ -112.018768815995884, 41.20336271917084 ], [ -112.018767116113025, 41.202804356125235 ], [ -112.018757312720751, 41.202215741500538 ], [ -112.018756600513584, 41.201705690071542 ], [ -112.018757536795448, 41.201594263278984 ], [ -112.018071979830481, 41.201598294003745 ], [ -112.017804918507508, 41.201074987293367 ], [ -112.019529395863088, 41.200566611168945 ], [ -112.020760364806137, 41.199934036267102 ], [ -112.021284201682334, 41.199648172893681 ], [ -112.024207024621816, 41.198160641536695 ], [ -112.025506459074222, 41.196945939307561 ], [ -112.023234384929566, 41.196896321300926 ], [ -112.020964157219325, 41.193177924165823 ], [ -112.020963713879269, 41.193177206049043 ], [ -112.021023427074212, 41.190780246465415 ], [ -112.021023423249574, 41.190778870561999 ], [ -112.021023110480201, 41.190656616948978 ], [ -112.021033963705463, 41.189431501396079 ], [ -112.021037448286464, 41.189038152653048 ], [ -112.021029614502595, 41.187121393880979 ], [ -112.02102479938776, 41.184837181788971 ], [ -112.021073277318862, 41.183593741444732 ], [ -112.021073361075182, 41.183534265482805 ], [ -112.020314519662804, 41.183541217347823 ], [ -112.016762312753784, 41.183573701330523 ], [ -112.016295871038679, 41.183577958151268 ], [ -112.016115307086451, 41.183578123429982 ], [ -112.01603095716321, 41.183578198112265 ], [ -112.015570489650415, 41.183579689426963 ], [ -112.015179883521654, 41.183580951782965 ], [ -112.015178365053146, 41.183580956797257 ], [ -112.014694538607486, 41.183582518849249 ], [ -112.014679805813955, 41.183582584774108 ], [ -112.014679590581338, 41.183582585737206 ], [ -112.014647357717138, 41.183582729963028 ], [ -112.014434173259559, 41.183583676481078 ], [ -112.015333632346781, 41.182751883029312 ], [ -112.015859754837635, 41.182265368004515 ], [ -112.015887503147596, 41.182239712154121 ], [ -112.016006033739927, 41.182130116290402 ], [ -112.016472012081479, 41.181681934770737 ], [ -112.016468074246333, 41.181681964961342 ], [ -112.016230607344283, 41.181682273367244 ], [ -112.016186517764879, 41.181682308634954 ], [ -112.016041567705628, 41.181812821102277 ], [ -112.015860380510631, 41.181975962313949 ], [ -112.015841434502633, 41.181993344592641 ], [ -112.015815610377913, 41.182014935514104 ], [ -112.015797099880558, 41.182030553937061 ], [ -112.015778591725535, 41.182046170559545 ], [ -112.015132517918474, 41.182591243538141 ], [ -112.014279919475271, 41.183308635142218 ], [ -112.01422066397312, 41.183358050852021 ], [ -112.014222515991264, 41.183513562823549 ], [ -112.014223360651656, 41.18358455660595 ], [ -112.014226548139945, 41.183779506879723 ], [ -112.014162010772097, 41.183772485134092 ], [ -112.014149545757931, 41.183770979093168 ], [ -112.014099275197893, 41.183764786994253 ], [ -112.014095979480217, 41.183764372865987 ], [ -112.014071604945414, 41.183761013411988 ], [ -112.014021631241818, 41.183754065875917 ], [ -112.013968612923691, 41.183746147334851 ], [ -112.013914413897709, 41.183737265538895 ], [ -112.013870202838078, 41.183729511309508 ], [ -112.013312495158843, 41.184161757247672 ], [ -112.013014871427416, 41.184390791130291 ], [ -112.012837482608816, 41.184527299832773 ], [ -112.012650270321288, 41.18466992038735 ], [ -112.012464023586503, 41.184811800121452 ], [ -112.012385771359504, 41.184870550333287 ], [ -112.012258015142422, 41.184966892416192 ], [ -112.011420994431532, 41.185608395749618 ], [ -112.011409019081682, 41.186405459212132 ], [ -112.0114091744869, 41.186417513016991 ], [ -112.011432372609264, 41.186401531392079 ], [ -112.011425520406917, 41.186698199656853 ], [ -112.011416239994816, 41.187100063371396 ], [ -112.01141662598927, 41.187114389099264 ], [ -112.01141207527553, 41.187110483490592 ], [ -112.011031392972583, 41.187476749651168 ], [ -112.010428494803108, 41.188060422339831 ], [ -112.009591865088083, 41.188867527964554 ], [ -112.009133760743055, 41.189308705473046 ], [ -112.008165081399724, 41.190241566684811 ], [ -112.007650514537659, 41.190737568637367 ], [ -112.007543991303891, 41.19084024805607 ], [ -112.006383877735061, 41.191783807395971 ], [ -112.002698822706478, 41.195327699691063 ], [ -112.002306362117451, 41.195715249950467 ], [ -112.00141316614679, 41.196584811328492 ], [ -111.999832709023167, 41.198129873276599 ], [ -111.999631796564643, 41.198356205199424 ], [ -111.998335597335014, 41.199626282173355 ], [ -111.996822288681244, 41.201109190785687 ], [ -111.996827818642984, 41.200718635389912 ], [ -111.996831621041508, 41.200449913216595 ], [ -111.996831518416812, 41.200436669123853 ], [ -111.996837238545424, 41.199158357162617 ], [ -111.996836565759764, 41.199046042376793 ], [ -111.995960273286784, 41.199086381572528 ], [ -111.995951789994535, 41.199086771949624 ], [ -111.995951738652167, 41.199088117710211 ], [ -111.995219225673907, 41.199867717061899 ], [ -111.994859883923596, 41.200660232847603 ], [ -111.994482735856892, 41.201368117510789 ], [ -111.994068942426551, 41.202355937268749 ], [ -111.993909736613801, 41.2037991182262 ], [ -111.994072738172733, 41.205257117326227 ], [ -111.994117961278718, 41.205378509351796 ], [ -111.994471736885544, 41.206328118511344 ], [ -111.995288739653759, 41.207788118752262 ], [ -111.996385104348136, 41.20920094373416 ], [ -111.996876738073823, 41.209812118724287 ], [ -111.997477739459242, 41.210598117442927 ], [ -111.998095282408599, 41.211387997584033 ], [ -111.99917873925159, 41.212774119474844 ], [ -112.000017188710416, 41.213835324065052 ], [ -112.000326258318367, 41.214226494942231 ], [ -112.002069740050629, 41.216501120402363 ], [ -112.002628740947571, 41.217231118212197 ], [ -112.003471386207707, 41.218295175592857 ], [ -112.003780830793573, 41.218636673921822 ], [ -112.004206741508526, 41.219068119449005 ], [ -112.004810741310848, 41.219551118871259 ], [ -112.005054739523999, 41.219721120772618 ], [ -112.005744740581889, 41.220093118027386 ], [ -112.006791741924744, 41.220593118468152 ], [ -112.007881420902649, 41.221090160325012 ], [ -112.008490905539716, 41.221384199865128 ], [ -112.009274742987557, 41.221831118524243 ], [ -112.009753742009465, 41.222209119761629 ], [ -112.009947697856916, 41.22241407385301 ], [ -112.00998787608826, 41.222432844106415 ], [ -112.010032502214685, 41.222365571497697 ], [ -112.010526493580826, 41.222083038138493 ] ] ] } },
{ "type": "Feature", "properties": { "PRECINCT": "OGD22", "PrecinctID": "OGD22", "CONSOL_PRE": null, "MUNIWARD": 1, "POLLING_PL": null, "ADDRESS": null }, "geometry": { "type": "Polygon", "coordinates": [ [ [ -111.956420871842539, 41.224670065491011 ], [ -111.95632284397621, 41.228880000612982 ], [ -111.956275018264861, 41.230933748219094 ], [ -111.957466693981615, 41.230951147152275 ], [ -111.959078531338776, 41.23097074705538 ], [ -111.960479385322671, 41.230989453205112 ], [ -111.961879869432636, 41.231007940088055 ], [ -111.961879865755634, 41.231008090201705 ], [ -111.962203800769785, 41.231015109674793 ], [ -111.962223846816471, 41.231015123884077 ], [ -111.962227796953954, 41.231016081877641 ], [ -111.962798816577802, 41.231021126196623 ], [ -111.963177831001275, 41.231025073156488 ], [ -111.96336877047716, 41.23102707792755 ], [ -111.963502796126619, 41.231029109654962 ], [ -111.963934850344856, 41.231029096994021 ], [ -111.963947856756292, 41.231029076734977 ], [ -111.964556828341358, 41.231043074293019 ], [ -111.964572819989243, 41.231043120538438 ], [ -111.964631393905051, 41.231043875841557 ], [ -111.964694814199561, 41.228961082761813 ], [ -111.967451303406719, 41.228995351121426 ], [ -111.967531909329097, 41.224823115432187 ], [ -111.966859311529248, 41.22479668533262 ], [ -111.96602132076292, 41.224785248418186 ], [ -111.964753810379989, 41.224767939162746 ], [ -111.963874736634423, 41.224755925242697 ], [ -111.963827172138792, 41.224755277095404 ], [ -111.962785210106318, 41.224741018192248 ], [ -111.962383055241574, 41.224735510171953 ], [ -111.962037664728314, 41.224743792851356 ], [ -111.962025840059553, 41.224744076189744 ], [ -111.961711838555473, 41.224737061156524 ], [ -111.960772817009158, 41.224716075812779 ], [ -111.96045976952206, 41.224709049971544 ], [ -111.960312470595952, 41.224708458039977 ], [ -111.960211833498349, 41.224708054597421 ], [ -111.959470797101403, 41.22470711628052 ], [ -111.959223831244842, 41.224707101270141 ], [ -111.959202836059418, 41.224706800856211 ], [ -111.958662848000245, 41.224699072504905 ], [ -111.956980766119528, 41.224677123140651 ], [ -111.956420871842539, 41.224670065491011 ] ] ] } },
{ "type": "Feature", "properties": { "PRECINCT": "OGD19", "PrecinctID": "OGD19", "CONSOL_PRE": null, "MUNIWARD": 3, "POLLING_PL": null, "ADDRESS": null }, "geometry": { "type": "Polygon", "coordinates": [ [ [ -111.927760533972233, 41.236263796441328 ], [ -111.927764503461574, 41.236265573937985 ], [ -111.927920810323002, 41.236334981767847 ], [ -111.92811035246676, 41.236476913442338 ], [ -111.928523276550138, 41.236867434214638 ], [ -111.92857495486227, 41.236916388349805 ], [ -111.929843469198161, 41.238026475604769 ], [ -111.930923945621103, 41.238603047230285 ], [ -111.931061634638269, 41.238638764427918 ], [ -111.932603588828769, 41.239038749973027 ], [ -111.933351995334405, 41.2391964868645 ], [ -111.934430020011362, 41.239404580767456 ], [ -111.935307798560743, 41.23956850321396 ], [ -111.935359582914714, 41.23957813526409 ], [ -111.935807489247651, 41.239661439126138 ], [ -111.93660152339082, 41.239809170401116 ], [ -111.937274395421738, 41.239943718974445 ], [ -111.937885698402823, 41.240051928614669 ], [ -111.938439954079882, 41.240133984997549 ], [ -111.939261459564491, 41.24020942099164 ], [ -111.940426471313216, 41.240307842712895 ], [ -111.941228414823144, 41.240422240042044 ], [ -111.941629031862163, 41.240505003854643 ], [ -111.941887637504522, 41.240569972642923 ], [ -111.942999681885851, 41.240879819173699 ], [ -111.943784121158842, 41.241187716215222 ], [ -111.94425893540415, 41.241386016200792 ], [ -111.944848114825632, 41.241692515076188 ], [ -111.945374009990303, 41.241953279191343 ], [ -111.945525451813722, 41.239658091079079 ], [ -111.945581429139537, 41.23918109002166 ], [ -111.945703507860188, 41.238624162825566 ], [ -111.94571544742368, 41.238569691578512 ], [ -111.945791261158021, 41.238107512586865 ], [ -111.946354366931544, 41.236165731536452 ], [ -111.946676654931693, 41.235153976307572 ], [ -111.947934803601655, 41.230836124122078 ], [ -111.948023844008517, 41.230235118013084 ], [ -111.94802078025478, 41.229767102249674 ], [ -111.948025796902883, 41.229561054250858 ], [ -111.948041850386787, 41.228946053017822 ], [ -111.948047837565397, 41.22874107870647 ], [ -111.947885107986721, 41.228778748919623 ], [ -111.947157058090639, 41.228789214989085 ], [ -111.945903000809125, 41.228778811033308 ], [ -111.945670100851572, 41.228733904322539 ], [ -111.94527545412393, 41.228697258360818 ], [ -111.943626957511299, 41.228680719458389 ], [ -111.942352678299059, 41.228670354769122 ], [ -111.94101756945804, 41.228637304704698 ], [ -111.93973322920742, 41.228634583163185 ], [ -111.937003416945345, 41.228593719220761 ], [ -111.937003430025669, 41.228593195612405 ], [ -111.934305707938023, 41.228555314017129 ], [ -111.932055484537784, 41.228532898047931 ], [ -111.931606091673032, 41.228627239610198 ], [ -111.930952554419449, 41.22878411667984 ], [ -111.930361085901168, 41.22904885580904 ], [ -111.929911181075866, 41.229065979387094 ], [ -111.929252618777383, 41.2289690987444 ], [ -111.929253164555732, 41.22898993004479 ], [ -111.92925309176772, 41.228998339414638 ], [ -111.929252777143176, 41.229042135443699 ], [ -111.929251133718083, 41.229268097220313 ], [ -111.929250038299173, 41.229417563817769 ], [ -111.929248454025668, 41.229637013937641 ], [ -111.929245750052061, 41.230013076489328 ], [ -111.929245433939428, 41.23005700831996 ], [ -111.929243959479464, 41.230207875444542 ], [ -111.929231426358456, 41.230207491541819 ], [ -111.929162603124794, 41.230205387687192 ], [ -111.929160308442235, 41.230205941243732 ], [ -111.929152722527434, 41.23020777249743 ], [ -111.929152913387981, 41.230233329649948 ], [ -111.929153898501539, 41.230432760582502 ], [ -111.929153920816475, 41.230436171669069 ], [ -111.92915535619538, 41.23067403688178 ], [ -111.929238380737573, 41.230681058908409 ], [ -111.929238027847347, 41.230707071956175 ], [ -111.929237372531105, 41.230755958300641 ], [ -111.929232607171343, 41.23110964769451 ], [ -111.929227998279359, 41.231451444743925 ], [ -111.929197072207359, 41.233843318086222 ], [ -111.929184550186534, 41.233843289725208 ], [ -111.929184544827407, 41.233843555991371 ], [ -111.927719197874012, 41.233840477731626 ], [ -111.927741881860825, 41.23517022506482 ], [ -111.927760533972233, 41.236263796441328 ] ] ] } },
{ "type": "Feature", "properties": { "PRECINCT": "OGD20", "PrecinctID": "OGD20", "CONSOL_PRE": null, "MUNIWARD": 1, "POLLING_PL": null, "ADDRESS": null }, "geometry": { "type": "Polygon", "coordinates": [ [ [ -111.978705193309594, 41.229137138844429 ], [ -111.980796738330923, 41.229159121843587 ], [ -111.982445818395547, 41.229200081807505 ], [ -111.983524818354638, 41.229343081980801 ], [ -111.984068818440193, 41.229508082733886 ], [ -111.985432739289934, 41.230322121191932 ], [ -111.98671481978775, 41.230981081615589 ], [ -111.987775712486567, 41.230879490982971 ], [ -111.989930739894717, 41.230359120471164 ], [ -111.994074486517107, 41.229312560443361 ], [ -111.996682821846491, 41.228652080283318 ], [ -111.999439836994384, 41.227816226505631 ], [ -111.999031030904902, 41.22777323253915 ], [ -111.998971660064299, 41.227763542279781 ], [ -111.998581861270665, 41.227620984204634 ], [ -111.998369301869815, 41.227393101564552 ], [ -111.997838097357871, 41.226848261535551 ], [ -111.997449348724615, 41.226676783103343 ], [ -111.997430063792564, 41.226680838722302 ], [ -111.997439411231227, 41.226657225580226 ], [ -111.996751595634663, 41.226481056197265 ], [ -111.996618835946762, 41.226443226899562 ], [ -111.99664536852427, 41.22534590759868 ], [ -111.996645380397908, 41.225345600201123 ], [ -111.996671949343082, 41.22479030013713 ], [ -111.996658526832078, 41.224627646755962 ], [ -111.996806824510045, 41.224618483221242 ], [ -111.997318946162693, 41.224540889441059 ], [ -111.997566827548582, 41.224490923207462 ], [ -111.998227483682086, 41.22433470650342 ], [ -111.99879907578665, 41.224128297445944 ], [ -111.999390274379763, 41.223901903347283 ], [ -111.999869593097145, 41.223690914541741 ], [ -112.000256513006221, 41.223493058810462 ], [ -112.000715221399162, 41.223175388852177 ], [ -112.004186579904811, 41.223195112572952 ], [ -112.004186569197032, 41.223196182972217 ], [ -112.004186548065022, 41.223198668640933 ], [ -112.005175744540693, 41.22322043578783 ], [ -112.005316264924218, 41.223223465972588 ], [ -112.005408274574023, 41.223225215176072 ], [ -112.006481835007392, 41.22323066682015 ], [ -112.00648148611505, 41.22335592818721 ], [ -112.006504089544563, 41.223357329710005 ], [ -112.007017383957063, 41.223389186891097 ], [ -112.007177853634587, 41.223391581915926 ], [ -112.007291679541737, 41.223393281721165 ], [ -112.007617567131348, 41.223437757429465 ], [ -112.007807621552885, 41.223434737227976 ], [ -112.007817112886812, 41.223428421547396 ], [ -112.008347142760414, 41.223455897894169 ], [ -112.008790084232942, 41.223162819001153 ], [ -112.009159419456495, 41.222889798544117 ], [ -112.009606014573677, 41.222609492700748 ], [ -112.009928042411829, 41.222425314769218 ], [ -112.009947697856916, 41.22241407385301 ], [ -112.009753742009465, 41.222209119761629 ], [ -112.009274742987557, 41.221831118524243 ], [ -112.008490905539716, 41.221384199865128 ], [ -112.007881420902649, 41.221090160325012 ], [ -112.006791741924744, 41.220593118468152 ], [ -112.005744740581889, 41.220093118027386 ], [ -112.005054739523999, 41.219721120772618 ], [ -112.004810741310848, 41.219551118871259 ], [ -112.004206741508526, 41.219068119449005 ], [ -112.003780830793573, 41.218636673921822 ], [ -112.003471386207707, 41.218295175592857 ], [ -112.002628740947571, 41.217231118212197 ], [ -112.002069740050629, 41.216501120402363 ], [ -112.000326258318367, 41.214226494942231 ], [ -111.99917873925159, 41.212774119474844 ], [ -111.998095282408599, 41.211387997584033 ], [ -111.997477739459242, 41.210598117442927 ], [ -111.996876738073823, 41.209812118724287 ], [ -111.996385104348136, 41.20920094373416 ], [ -111.995288739653759, 41.207788118752262 ], [ -111.994471736885544, 41.206328118511344 ], [ -111.994117961278718, 41.205378509351796 ], [ -111.994105737850376, 41.205384117324471 ], [ -111.992770737197759, 41.205496118530625 ], [ -111.991283735861217, 41.205620118034538 ], [ -111.988767737347757, 41.205835119067267 ], [ -111.985596151639157, 41.206542137321797 ], [ -111.984364735377056, 41.20700011770667 ], [ -111.984058005377491, 41.207091098421124 ], [ -111.984053779259085, 41.207124107754481 ], [ -111.984049849515159, 41.207220073725594 ], [ -111.984044845597509, 41.2073160477877 ], [ -111.984042805153919, 41.20735506978113 ], [ -111.98403680845459, 41.207496092216722 ], [ -111.98397579423019, 41.208049058752302 ], [ -111.98395086664523, 41.208280049045385 ], [ -111.983931869325545, 41.208445052731612 ], [ -111.983878812179086, 41.208940120458962 ], [ -111.98386185659561, 41.209106098323808 ], [ -111.983833770269456, 41.209357113328949 ], [ -111.983751771321494, 41.210110050456045 ], [ -111.983724772752311, 41.210362047186166 ], [ -111.983701871944717, 41.210577077154767 ], [ -111.983686759770279, 41.210667103947316 ], [ -111.983536763080068, 41.211579065786879 ], [ -111.983499875437502, 41.211808086897648 ], [ -111.98348775862874, 41.211883046428589 ], [ -111.983460809615977, 41.212035055056205 ], [ -111.983395812181527, 41.212442040742602 ], [ -111.9833018004785, 41.212457075693933 ], [ -111.983151874914967, 41.21248204642206 ], [ -111.982380783451774, 41.214545089938092 ], [ -111.982274866597777, 41.214801092550267 ], [ -111.982206774032903, 41.214946066653312 ], [ -111.981719791639748, 41.21576505830793 ], [ -111.981664832046334, 41.215847047886761 ], [ -111.981393831732291, 41.216240112944533 ], [ -111.981192787898195, 41.216544435168665 ], [ -111.981140810501316, 41.216623115184817 ], [ -111.981009811632262, 41.216630086703525 ], [ -111.980835793325326, 41.216640036109816 ], [ -111.980616829862697, 41.216652079588719 ], [ -111.980529835012206, 41.216658044802578 ], [ -111.980486801891715, 41.21666012395626 ], [ -111.980177802391111, 41.216658070399198 ], [ -111.97925381555774, 41.216654041846468 ], [ -111.97904683066659, 41.216653098885352 ], [ -111.978977861972666, 41.216580092777136 ], [ -111.978976113386238, 41.21657979985612 ], [ -111.978858870144379, 41.216560115486701 ], [ -111.978705193309594, 41.229137138844429 ] ] ] } },
{ "type": "Feature", "properties": { "PRECINCT": "OGD24", "PrecinctID": "OGD24", "CONSOL_PRE": null, "MUNIWARD": 4, "POLLING_PL": null, "ADDRESS": null }, "geometry": { "type": "Polygon", "coordinates": [ [ [ -111.956420871842539, 41.224670065491011 ], [ -111.956980766119528, 41.224677123140651 ], [ -111.958662848000245, 41.224699072504905 ], [ -111.959202836059418, 41.224706800856211 ], [ -111.959223831244842, 41.224707101270141 ], [ -111.959470797101403, 41.22470711628052 ], [ -111.960211833498349, 41.224708054597421 ], [ -111.960312470595952, 41.224708458039977 ], [ -111.96045976952206, 41.224709049971544 ], [ -111.960772817009158, 41.224716075812779 ], [ -111.961711838555473, 41.224737061156524 ], [ -111.962025840059553, 41.224744076189744 ], [ -111.962037664728314, 41.224743792851356 ], [ -111.962025853065157, 41.224743570446734 ], [ -111.962030884223765, 41.224527734615087 ], [ -111.962038373621354, 41.224206265626073 ], [ -111.962067726880719, 41.222946587782971 ], [ -111.962074586279698, 41.222651651251596 ], [ -111.962123461617395, 41.220548094469137 ], [ -111.962172044601587, 41.218457232201388 ], [ -111.962195052739432, 41.217396410046767 ], [ -111.962219834406369, 41.216361038483157 ], [ -111.961991808551588, 41.216357088408124 ], [ -111.961307848202139, 41.216345054526336 ], [ -111.961080790152891, 41.216342086920463 ], [ -111.961023770721368, 41.216342111655088 ], [ -111.960852823031516, 41.216342097688667 ], [ -111.960796754860823, 41.216342114927592 ], [ -111.96052077271267, 41.216338112721445 ], [ -111.959692840492195, 41.216327090229257 ], [ -111.959417826132054, 41.216324067879114 ], [ -111.959187772009429, 41.216320038149149 ], [ -111.959136834649641, 41.216320102008531 ], [ -111.958296838995068, 41.216308090138945 ], [ -111.958016817663903, 41.216305105823835 ], [ -111.957735823357766, 41.216301047199494 ], [ -111.957035789645147, 41.21629110500713 ], [ -111.956895845196911, 41.216290106107863 ], [ -111.956640881805214, 41.216287385269723 ], [ -111.956615823993786, 41.216287116596867 ], [ -111.956549837629566, 41.216286045375931 ], [ -111.956339839965977, 41.216283104373545 ], [ -111.955511788457613, 41.216272052279692 ], [ -111.955235821526443, 41.216269118413123 ], [ -111.954959842391503, 41.216265102861584 ], [ -111.954131791342931, 41.216254040838031 ], [ -111.953856778163669, 41.216251094540631 ], [ -111.953580796822649, 41.216247075691179 ], [ -111.952752865182021, 41.216236094408494 ], [ -111.952477853877895, 41.216233053677279 ], [ -111.952201755006229, 41.216229123115056 ], [ -111.951374760535217, 41.21621704180486 ], [ -111.95109975000139, 41.216214088909531 ], [ -111.950822829271246, 41.216211062429956 ], [ -111.950313858248478, 41.216206075578832 ], [ -111.949994782582351, 41.216200059971861 ], [ -111.949719990227564, 41.216196116560766 ], [ -111.949719755931497, 41.216196113902605 ], [ -111.949705787537297, 41.216616079782284 ], [ -111.949665798661528, 41.21787605194293 ], [ -111.949652807158188, 41.218297086017088 ], [ -111.95104973205882, 41.218310122776806 ], [ -111.950986201806913, 41.220390232223131 ], [ -111.950986869254493, 41.220390242115919 ], [ -111.951001835193466, 41.220390183468552 ], [ -111.950913461769446, 41.224597165168724 ], [ -111.951177830851705, 41.224600090669675 ], [ -111.95200586776626, 41.224611081481406 ], [ -111.952281763506278, 41.224615106363323 ], [ -111.952557765411498, 41.224618047309704 ], [ -111.953384847310588, 41.224629128449585 ], [ -111.953661819384621, 41.224633049291818 ], [ -111.954212764272555, 41.224640105646323 ], [ -111.955868838049909, 41.224662039439593 ], [ -111.956420871842539, 41.224670065491011 ] ] ] } },
{ "type": "Feature", "properties": { "PRECINCT": "OGD27", "PrecinctID": "OGD27", "CONSOL_PRE": null, "MUNIWARD": 1, "POLLING_PL": null, "ADDRESS": null }, "geometry": { "type": "Polygon", "coordinates": [ [ [ -111.978858870144379, 41.216560115486701 ], [ -111.978976113386238, 41.21657979985612 ], [ -111.978977861972666, 41.216580092777136 ], [ -111.97904683066659, 41.216653098885352 ], [ -111.97925381555774, 41.216654041846468 ], [ -111.980177802391111, 41.216658070399198 ], [ -111.980486801891715, 41.21666012395626 ], [ -111.980529835012206, 41.216658044802578 ], [ -111.980616829862697, 41.216652079588719 ], [ -111.980835793325326, 41.216640036109816 ], [ -111.981009811632262, 41.216630086703525 ], [ -111.981140810501316, 41.216623115184817 ], [ -111.981192787898195, 41.216544435168665 ], [ -111.981393831732291, 41.216240112944533 ], [ -111.981664832046334, 41.215847047886761 ], [ -111.981719791639748, 41.21576505830793 ], [ -111.982206774032903, 41.214946066653312 ], [ -111.982274866597777, 41.214801092550267 ], [ -111.982380783451774, 41.214545089938092 ], [ -111.983151874914967, 41.21248204642206 ], [ -111.97067359174568, 41.212286599923367 ], [ -111.965092848568446, 41.21222033935728 ], [ -111.962289596134326, 41.212180812285901 ], [ -111.962220023729699, 41.216361039509621 ], [ -111.962614769270203, 41.216366114880174 ], [ -111.962771787421801, 41.216368044190951 ], [ -111.964430754714215, 41.216390103240222 ], [ -111.964597793222197, 41.216392127211208 ], [ -111.964983791904629, 41.216398080331906 ], [ -111.965538843035247, 41.216405047744324 ], [ -111.965577851877057, 41.216405081131171 ], [ -111.967202810519069, 41.21642612278665 ], [ -111.96754380699376, 41.21643010395119 ], [ -111.967758832272594, 41.216434061919941 ], [ -111.968324860242021, 41.216441103510277 ], [ -111.970022854312788, 41.216464104270642 ], [ -111.970589734645216, 41.216472115821944 ], [ -111.970589817481553, 41.216472117270136 ], [ -111.970589852977341, 41.216472117124965 ], [ -111.970763796765397, 41.216473081805098 ], [ -111.971288864253509, 41.216477122498254 ], [ -111.971463773551605, 41.216479070320389 ], [ -111.971579756056016, 41.21648106280572 ], [ -111.971927867661037, 41.216490106989831 ], [ -111.972044818060866, 41.216493083191445 ], [ -111.972317805778701, 41.21649609262365 ], [ -111.973137838663803, 41.216505109063576 ], [ -111.973411780110055, 41.216508108406124 ], [ -111.973744785696653, 41.216512048678197 ], [ -111.974576763126123, 41.216522124291885 ], [ -111.974745844473048, 41.216525106117828 ], [ -111.975079821147091, 41.216530116020422 ], [ -111.976196862586974, 41.216545062123565 ], [ -111.978858870144379, 41.216560115486701 ] ] ] } },
{ "type": "Feature", "properties": { "PRECINCT": "OGD32", "PrecinctID": "OGD32", "CONSOL_PRE": null, "MUNIWARD": 1, "POLLING_PL": null, "ADDRESS": null }, "geometry": { "type": "Polygon", "coordinates": [ [ [ -111.97067359174568, 41.212286599923367 ], [ -111.983151874914967, 41.21248204642206 ], [ -111.9833018004785, 41.212457075693933 ], [ -111.983395812181527, 41.212442040742602 ], [ -111.983460809615977, 41.212035055056205 ], [ -111.98348775862874, 41.211883046428589 ], [ -111.983499875437502, 41.211808086897648 ], [ -111.983536763080068, 41.211579065786879 ], [ -111.983686759770279, 41.210667103947316 ], [ -111.983701871944717, 41.210577077154767 ], [ -111.983724772752311, 41.210362047186166 ], [ -111.983751771321494, 41.210110050456045 ], [ -111.983833770269456, 41.209357113328949 ], [ -111.98386185659561, 41.209106098323808 ], [ -111.983878812179086, 41.208940120458962 ], [ -111.983931869325545, 41.208445052731612 ], [ -111.98395086664523, 41.208280049045385 ], [ -111.98397579423019, 41.208049058752302 ], [ -111.98403680845459, 41.207496092216722 ], [ -111.984042805153919, 41.20735506978113 ], [ -111.984044845597509, 41.2073160477877 ], [ -111.984049849515159, 41.207220073725594 ], [ -111.984053779259085, 41.207124107754481 ], [ -111.984058005377491, 41.207091098421124 ], [ -111.984364735377056, 41.20700011770667 ], [ -111.985596151639157, 41.206542137321797 ], [ -111.988767737347757, 41.205835119067267 ], [ -111.991283735861217, 41.205620118034538 ], [ -111.992770737197759, 41.205496118530625 ], [ -111.994105737850376, 41.205384117324471 ], [ -111.994117961278718, 41.205378509351796 ], [ -111.994072738172733, 41.205257117326227 ], [ -111.993909736613801, 41.2037991182262 ], [ -111.994068942426551, 41.202355937268749 ], [ -111.994482735856892, 41.201368117510789 ], [ -111.994859883923596, 41.200660232847603 ], [ -111.995219225673907, 41.199867717061899 ], [ -111.995951738652167, 41.199088117710211 ], [ -111.995951789994535, 41.199086771949624 ], [ -111.995589300064495, 41.199103456568665 ], [ -111.995359967210732, 41.199114007735339 ], [ -111.995226150086367, 41.199333690496928 ], [ -111.994936116508882, 41.199717021638371 ], [ -111.994693136543816, 41.199998950160541 ], [ -111.994668408053485, 41.200266329122293 ], [ -111.994214962255541, 41.200416533708449 ], [ -111.993276864966617, 41.2007093214756 ], [ -111.992410869630888, 41.200970570409254 ], [ -111.992399559963133, 41.199464399894666 ], [ -111.992378639295268, 41.198022654115903 ], [ -111.992224744156061, 41.198019781729144 ], [ -111.992205913052658, 41.194733002292459 ], [ -111.991955527410511, 41.194736446308049 ], [ -111.992055886160443, 41.193463420381839 ], [ -111.992056301833074, 41.193458912027268 ], [ -111.991931685868238, 41.193450792780659 ], [ -111.987574545263485, 41.193132281921869 ], [ -111.987428663181149, 41.19312123699774 ], [ -111.987005691774598, 41.193109229903769 ], [ -111.985934126732104, 41.193058715672052 ], [ -111.985824673338243, 41.193051526433699 ], [ -111.985687109911808, 41.193042490178222 ], [ -111.981316500181066, 41.192664377648029 ], [ -111.981314755451621, 41.192664202683623 ], [ -111.981314506861708, 41.192664175133245 ], [ -111.981291074092582, 41.19266171075121 ], [ -111.981290942984472, 41.192662542210492 ], [ -111.98129066912395, 41.192664230194474 ], [ -111.981222706642654, 41.193082246395086 ], [ -111.980952021074188, 41.193294980070995 ], [ -111.9808857064302, 41.193612175550122 ], [ -111.980794810599718, 41.193997309962249 ], [ -111.980762117795706, 41.194173392348034 ], [ -111.980625637187956, 41.194665890233757 ], [ -111.980494386475527, 41.195128203126579 ], [ -111.97970524773865, 41.195006531054695 ], [ -111.979661971805925, 41.195007435195848 ], [ -111.979647995120132, 41.195007727554547 ], [ -111.979490757860816, 41.195008084608148 ], [ -111.979497112252318, 41.195273647446236 ], [ -111.97949724197241, 41.195279098749438 ], [ -111.979501204707091, 41.195444601354311 ], [ -111.979501204994278, 41.195444640664959 ], [ -111.979501629534553, 41.195545822326856 ], [ -111.979501634322418, 41.195546801530242 ], [ -111.979495689810079, 41.195692269557235 ], [ -111.9794950733408, 41.195707299987703 ], [ -111.979468853904976, 41.196348804058232 ], [ -111.979464095284115, 41.196465235299669 ], [ -111.979405122918735, 41.197907942729479 ], [ -111.979393766047536, 41.197907793494011 ], [ -111.97938312371393, 41.197907653788427 ], [ -111.979342324143943, 41.197907116172864 ], [ -111.979274348519255, 41.197906220016243 ], [ -111.979178584043495, 41.197904957101336 ], [ -111.979185905933477, 41.197904926604963 ], [ -111.976671656211849, 41.197871744067115 ], [ -111.976604627101921, 41.197870863854583 ], [ -111.973994636289802, 41.197836913317317 ], [ -111.973466475029682, 41.197830039258946 ], [ -111.971267356613097, 41.197801475679157 ], [ -111.971012566278432, 41.19779814118499 ], [ -111.971024624278783, 41.198307401827819 ], [ -111.970958124663284, 41.199743342537595 ], [ -111.970947496534734, 41.200472556257608 ], [ -111.97093990757314, 41.200802377853023 ], [ -111.970918400532284, 41.201740631935238 ], [ -111.970915312908957, 41.201874819403677 ], [ -111.970875447360783, 41.203383184084586 ], [ -111.970869831908999, 41.203720395211114 ], [ -111.970863416971056, 41.204105791574648 ], [ -111.97085523576267, 41.204597215511974 ], [ -111.970808139484618, 41.206079620417476 ], [ -111.97076078976697, 41.207458385809943 ], [ -111.970757004949633, 41.207564073168164 ], [ -111.970749533153125, 41.208169074596924 ], [ -111.970736896875962, 41.209188516504895 ], [ -111.97072686435321, 41.21001747848333 ], [ -111.970722762583122, 41.210205677139626 ], [ -111.970678776737202, 41.212054081829116 ], [ -111.97067359174568, 41.212286599923367 ] ] ] } },
{ "type": "Feature", "properties": { "PRECINCT": "OGD33", "PrecinctID": "OGD33", "CONSOL_PRE": null, "MUNIWARD": 1, "POLLING_PL": null, "ADDRESS": null }, "geometry": { "type": "Polygon", "coordinates": [ [ [ -111.962289596134326, 41.212180812285901 ], [ -111.965092848568446, 41.21222033935728 ], [ -111.97067342958195, 41.212294012639887 ], [ -111.97067359174568, 41.212286599923367 ], [ -111.970678776737202, 41.212054081829116 ], [ -111.970722762583122, 41.210205677139626 ], [ -111.97072686435321, 41.21001747848333 ], [ -111.970736896875962, 41.209188516504895 ], [ -111.970749533153125, 41.208169074596924 ], [ -111.970757004949633, 41.207564073168164 ], [ -111.97076078976697, 41.207458385809943 ], [ -111.970808139484618, 41.206079620417476 ], [ -111.97085523576267, 41.204597215511974 ], [ -111.970863416971056, 41.204105791574648 ], [ -111.970869831908999, 41.203720395211114 ], [ -111.970866283557655, 41.203720484782401 ], [ -111.970647621793987, 41.203719335221479 ], [ -111.969560766586071, 41.203706836100842 ], [ -111.969556327290391, 41.203471292491898 ], [ -111.969253941031695, 41.203469785050061 ], [ -111.968761497896352, 41.203462377220859 ], [ -111.968764213004704, 41.203309196628545 ], [ -111.968069388274358, 41.203304877783772 ], [ -111.967945385020002, 41.203331113547243 ], [ -111.966657533568508, 41.203299442860036 ], [ -111.965271712379234, 41.203294047947857 ], [ -111.963901202267564, 41.203291063764226 ], [ -111.963887300979948, 41.203536253885233 ], [ -111.962993800625782, 41.203532360357841 ], [ -111.962501830011405, 41.203672516389325 ], [ -111.961815704507558, 41.20369042708996 ], [ -111.961259894495342, 41.202891896893199 ], [ -111.961183069297107, 41.202851837007927 ], [ -111.961114591325014, 41.20281986150377 ], [ -111.961020402997804, 41.20278155435539 ], [ -111.960913555776301, 41.202762626736813 ], [ -111.960174887950629, 41.202746972908209 ], [ -111.958153121827621, 41.202719244402324 ], [ -111.958167871518256, 41.20284163295171 ], [ -111.958209497095396, 41.202994636628432 ], [ -111.958296143514332, 41.203140654668182 ], [ -111.95837365495278, 41.203269688817961 ], [ -111.958410800350563, 41.203426114305984 ], [ -111.95841653898583, 41.203603087386583 ], [ -111.958417729497683, 41.203773861960741 ], [ -111.958169445730761, 41.203772720932193 ], [ -111.956898491314732, 41.203766865943912 ], [ -111.955507296602207, 41.203741132735452 ], [ -111.955079600550519, 41.203735679359397 ], [ -111.95413289299286, 41.203723722008249 ], [ -111.95411564213677, 41.204912549378072 ], [ -111.954095049657511, 41.20555288524325 ], [ -111.954094901525295, 41.205558832625094 ], [ -111.954072895349583, 41.206635060949104 ], [ -111.954074715989421, 41.20685988840016 ], [ -111.954027190654287, 41.208931733449397 ], [ -111.954002613517119, 41.20998690022185 ], [ -111.955122974311919, 41.210001000940494 ], [ -111.955382258967205, 41.210004263671223 ], [ -111.956761304762281, 41.210022041817531 ], [ -111.956778153756659, 41.210022257264562 ], [ -111.956769171322748, 41.210441708057367 ], [ -111.956743928054877, 41.211425855974149 ], [ -111.956720468087994, 41.212089045010174 ], [ -111.956720439003675, 41.212094725669928 ], [ -111.956720397897797, 41.212102078912565 ], [ -111.962289596134326, 41.212180812285901 ] ] ] } },
{ "type": "Feature", "properties": { "PRECINCT": "OGD34", "PrecinctID": "OGD34", "CONSOL_PRE": null, "MUNIWARD": 4, "POLLING_PL": null, "ADDRESS": null }, "geometry": { "type": "Polygon", "coordinates": [ [ [ -111.94843832664192, 41.212009097813535 ], [ -111.956151548200481, 41.212094023081221 ], [ -111.956720397897797, 41.212102078912565 ], [ -111.956720439003675, 41.212094725669928 ], [ -111.956720468087994, 41.212089045010174 ], [ -111.956743928054877, 41.211425855974149 ], [ -111.956769171322748, 41.210441708057367 ], [ -111.956778153756659, 41.210022257264562 ], [ -111.956761304762281, 41.210022041817531 ], [ -111.955382258967205, 41.210004263671223 ], [ -111.955122974311919, 41.210001000940494 ], [ -111.954002613517119, 41.20998690022185 ], [ -111.954027190654287, 41.208931733449397 ], [ -111.954074715989421, 41.20685988840016 ], [ -111.954072895349583, 41.206635060949104 ], [ -111.954094901525295, 41.205558832625094 ], [ -111.954095049657511, 41.20555288524325 ], [ -111.95411564213677, 41.204912549378072 ], [ -111.95413289299286, 41.203723722008249 ], [ -111.954178762460714, 41.201807472375641 ], [ -111.954182467807343, 41.201653671833895 ], [ -111.954227864769678, 41.199549237827227 ], [ -111.954290024800642, 41.197635836970683 ], [ -111.95291135668873, 41.197629464876009 ], [ -111.951530640840758, 41.197616308372503 ], [ -111.950892780681414, 41.197620725607202 ], [ -111.950154527702338, 41.197617383901282 ], [ -111.94877107641905, 41.197636512135716 ], [ -111.948768337341789, 41.197883629626816 ], [ -111.948762841298119, 41.198281143342996 ], [ -111.948752378307049, 41.198472625438676 ], [ -111.948735082572398, 41.198788645340279 ], [ -111.948719999547734, 41.199367430875114 ], [ -111.948730076742166, 41.199468287057861 ], [ -111.948679959215653, 41.201544773461116 ], [ -111.948673725218725, 41.20182892896478 ], [ -111.948643937831648, 41.203175194379348 ], [ -111.948605776964783, 41.205046695364537 ], [ -111.948583912285685, 41.205746931785065 ], [ -111.948535463616153, 41.207830785807928 ], [ -111.948516501656584, 41.208861456026717 ], [ -111.948486592712584, 41.209913897395118 ], [ -111.948438619870089, 41.211996604482735 ], [ -111.94843832664192, 41.212009097813535 ] ] ] } },
{ "type": "Feature", "properties": { "PRECINCT": "OGD35", "PrecinctID": "OGD35", "CONSOL_PRE": null, "MUNIWARD": 1, "POLLING_PL": null, "ADDRESS": null }, "geometry": { "type": "Polygon", "coordinates": [ [ [ -111.95413289299286, 41.203723722008249 ], [ -111.955079600550519, 41.203735679359397 ], [ -111.955507296602207, 41.203741132735452 ], [ -111.956898491314732, 41.203766865943912 ], [ -111.958169445730761, 41.203772720932193 ], [ -111.958417729497683, 41.203773861960741 ], [ -111.95841653898583, 41.203603087386583 ], [ -111.958410800350563, 41.203426114305984 ], [ -111.95837365495278, 41.203269688817961 ], [ -111.958296143514332, 41.203140654668182 ], [ -111.958209497095396, 41.202994636628432 ], [ -111.958167871518256, 41.20284163295171 ], [ -111.958153121827621, 41.202719244402324 ], [ -111.960174887950629, 41.202746972908209 ], [ -111.960913555776301, 41.202762626736813 ], [ -111.961020402997804, 41.20278155435539 ], [ -111.961114591325014, 41.20281986150377 ], [ -111.961183069297107, 41.202851837007927 ], [ -111.961259894495342, 41.202891896893199 ], [ -111.961815704507558, 41.20369042708996 ], [ -111.962501830011405, 41.203672516389325 ], [ -111.962993800625782, 41.203532360357841 ], [ -111.963887300979948, 41.203536253885233 ], [ -111.963901202267564, 41.203291063764226 ], [ -111.965271712379234, 41.203294047947857 ], [ -111.966657533568508, 41.203299442860036 ], [ -111.967945385020002, 41.203331113547243 ], [ -111.968069388274358, 41.203304877783772 ], [ -111.968764213004704, 41.203309196628545 ], [ -111.968761497896352, 41.203462377220859 ], [ -111.969253941031695, 41.203469785050061 ], [ -111.969556327290391, 41.203471292491898 ], [ -111.969560766586071, 41.203706836100842 ], [ -111.970647621793987, 41.203719335221479 ], [ -111.970866283557655, 41.203720484782401 ], [ -111.970869831908999, 41.203720395211114 ], [ -111.970875447360783, 41.203383184084586 ], [ -111.970915312908957, 41.201874819403677 ], [ -111.970918400532284, 41.201740631935238 ], [ -111.97093990757314, 41.200802377853023 ], [ -111.970947496534734, 41.200472556257608 ], [ -111.970958124663284, 41.199743342537595 ], [ -111.971024624278783, 41.198307401827819 ], [ -111.971012566278432, 41.19779814118499 ], [ -111.96954208727243, 41.197779164019941 ], [ -111.968194416983806, 41.197762184305112 ], [ -111.966794870626501, 41.1977478580786 ], [ -111.966794127704063, 41.197747848584633 ], [ -111.965406354238212, 41.197730525395421 ], [ -111.964975412048304, 41.197720990769454 ], [ -111.964957408276334, 41.197720629315313 ], [ -111.96490970087612, 41.197720421847052 ], [ -111.964890490162688, 41.19772033865565 ], [ -111.964742749817901, 41.197719695451923 ], [ -111.964046751749549, 41.197716661728634 ], [ -111.96324889062376, 41.197694546055942 ], [ -111.962808489150902, 41.197696204176779 ], [ -111.961803044708205, 41.197678606880196 ], [ -111.961628786145994, 41.197675555524071 ], [ -111.960646314043416, 41.197657276985339 ], [ -111.960386809412157, 41.197652511891995 ], [ -111.959883720465683, 41.197647160201505 ], [ -111.959861520737547, 41.197646923723745 ], [ -111.959861875266611, 41.197636745904994 ], [ -111.959859109289752, 41.197636690845734 ], [ -111.959136721389385, 41.197652463200136 ], [ -111.958642921633654, 41.197644209970385 ], [ -111.958636942537311, 41.197644098001874 ], [ -111.958015606876643, 41.197633205489069 ], [ -111.957461148190831, 41.197623480385694 ], [ -111.957030999266436, 41.197613414309394 ], [ -111.95703097531424, 41.197617788737666 ], [ -111.956854184326957, 41.197617243659266 ], [ -111.955652725084803, 41.197643342223792 ], [ -111.95503744870399, 41.197639944990016 ], [ -111.954290024800642, 41.197635836970683 ], [ -111.954227864769678, 41.199549237827227 ], [ -111.954182467807343, 41.201653671833895 ], [ -111.954178762460714, 41.201807472375641 ], [ -111.95413289299286, 41.203723722008249 ] ] ] } },
{ "type": "Feature", "properties": { "PRECINCT": "OGD37", "PrecinctID": "OGD37", "CONSOL_PRE": null, "MUNIWARD": 4, "POLLING_PL": null, "ADDRESS": null }, "geometry": { "type": "Polygon", "coordinates": [ [ [ -111.954290024800642, 41.197635836970683 ], [ -111.95503744870399, 41.197639944990016 ], [ -111.955652725084803, 41.197643342223792 ], [ -111.956854184326957, 41.197617243659266 ], [ -111.95703097531424, 41.197617788737666 ], [ -111.957030999266436, 41.197613414309394 ], [ -111.957461148190831, 41.197623480385694 ], [ -111.958015606876643, 41.197633205489069 ], [ -111.958636942537311, 41.197644098001874 ], [ -111.958642921633654, 41.197644209970385 ], [ -111.959136721389385, 41.197652463200136 ], [ -111.959859109289752, 41.197636690845734 ], [ -111.959861875266611, 41.197636745904994 ], [ -111.95986349076631, 41.197590440840429 ], [ -111.959871229774933, 41.19736834812938 ], [ -111.959871347499529, 41.197362189997428 ], [ -111.959871307754625, 41.197351790391565 ], [ -111.95987094203663, 41.197264140777108 ], [ -111.959870718765302, 41.197211002801907 ], [ -111.959870727751266, 41.197210259415115 ], [ -111.959872775540475, 41.197099374009056 ], [ -111.959873863224928, 41.197040205361183 ], [ -111.959873012195729, 41.197003831027303 ], [ -111.959869941498468, 41.196882283981822 ], [ -111.959869895082093, 41.196879711029503 ], [ -111.959869748076073, 41.196866157970796 ], [ -111.959868295259398, 41.196733425600755 ], [ -111.959868064175865, 41.196718001992139 ], [ -111.959868026358549, 41.196715305709183 ], [ -111.95986617738339, 41.196618547031086 ], [ -111.959866174942093, 41.19661819859509 ], [ -111.959865884831814, 41.196603804477292 ], [ -111.959865679654996, 41.196594104209922 ], [ -111.959865602835805, 41.196591581412221 ], [ -111.959865122722462, 41.196578094012885 ], [ -111.959864563425072, 41.19656242154965 ], [ -111.959884214738935, 41.196387064050363 ], [ -111.959884379619368, 41.196385610640412 ], [ -111.959884743099309, 41.196382114008216 ], [ -111.959885345344304, 41.196376229121221 ], [ -111.959887452598025, 41.196354533074775 ], [ -111.959889931740591, 41.196342695663752 ], [ -111.959895105120992, 41.196317981791914 ], [ -111.959898838775189, 41.196300163967166 ], [ -111.959900514360356, 41.196292153737247 ], [ -111.959908148513918, 41.196016985059977 ], [ -111.959908608666254, 41.196000275691034 ], [ -111.95990895013199, 41.195987898245868 ], [ -111.95990904233868, 41.195986202107648 ], [ -111.959909523472476, 41.195977213856317 ], [ -111.95991497172345, 41.195875254702116 ], [ -111.959916326855804, 41.195849873495241 ], [ -111.959909007551914, 41.195849902755789 ], [ -111.959909136530442, 41.19584737734823 ], [ -111.959909460372856, 41.195841263063258 ], [ -111.959927712001772, 41.195492876507942 ], [ -111.959740587977961, 41.195491907242271 ], [ -111.959728027776251, 41.195491805548663 ], [ -111.959643314975509, 41.1954908592596 ], [ -111.959641488557821, 41.195490845114008 ], [ -111.95947158802224, 41.19548903286654 ], [ -111.959463889456828, 41.195488949251995 ], [ -111.959416624443392, 41.195488505448296 ], [ -111.959410068628216, 41.195488438709432 ], [ -111.959366111205981, 41.195488044218031 ], [ -111.959105057178164, 41.195486114692272 ], [ -111.959096954265547, 41.195486057683375 ], [ -111.959088858487362, 41.195486006006227 ], [ -111.959083989717925, 41.195485982549727 ], [ -111.959011796060068, 41.19548569166291 ], [ -111.959000861536794, 41.195485653092753 ], [ -111.958826403332935, 41.195484998119952 ], [ -111.958814439735193, 41.195484960062551 ], [ -111.958779239906306, 41.195484871717781 ], [ -111.958770593186173, 41.195484857953332 ], [ -111.958769601936666, 41.195484854758618 ], [ -111.958519405268788, 41.195484442358342 ], [ -111.958519761754886, 41.195450811450463 ], [ -111.958258611907382, 41.195451734068257 ], [ -111.958253627511866, 41.195451752135931 ], [ -111.958245648602542, 41.195451835738417 ], [ -111.958013325941977, 41.195455979114698 ], [ -111.957782227173738, 41.19545922727464 ], [ -111.957783876474537, 41.195355155143162 ], [ -111.957783930622455, 41.195351386352442 ], [ -111.957783967276271, 41.195347483613695 ], [ -111.957784437854386, 41.195301326075274 ], [ -111.957784441409672, 41.1953004790698 ], [ -111.957784369232385, 41.195163273909877 ], [ -111.957784358545283, 41.195160724043902 ], [ -111.9577832455509, 41.194858345411333 ], [ -111.957783237142223, 41.194855783027876 ], [ -111.957783204171747, 41.194844271938678 ], [ -111.957782771443505, 41.194690307065891 ], [ -111.957782726414379, 41.194674014275478 ], [ -111.957782744114652, 41.194671464296363 ], [ -111.957787140607209, 41.194426387525269 ], [ -111.957787216391196, 41.194422329169797 ], [ -111.957787276471322, 41.194421446201204 ], [ -111.95779931683434, 41.194247666761932 ], [ -111.957802073987182, 41.194207811453232 ], [ -111.957802576848053, 41.194200542122424 ], [ -111.957802903130514, 41.194197803290386 ], [ -111.957811502450369, 41.194126264405327 ], [ -111.958563644059367, 41.194139172176314 ], [ -111.958565425127716, 41.193901090768456 ], [ -111.958566248638022, 41.193803270683262 ], [ -111.958566286548802, 41.193798538815578 ], [ -111.958566304093566, 41.193795970967443 ], [ -111.958568366597987, 41.193574134938551 ], [ -111.958568393617298, 41.193571568839445 ], [ -111.958568504586026, 41.193568829076227 ], [ -111.958571405886403, 41.19353139263373 ], [ -111.958572121496161, 41.193377835921687 ], [ -111.95858019656842, 41.191647762372973 ], [ -111.958580564738497, 41.191586691721 ], [ -111.958585235949215, 41.190587722970086 ], [ -111.958585248736455, 41.190585151565813 ], [ -111.958602305502225, 41.190471920791495 ], [ -111.958623117485345, 41.190287086346309 ], [ -111.958631891600547, 41.18984735706136 ], [ -111.958652834233064, 41.189123336520943 ], [ -111.958652798301614, 41.189122595099334 ], [ -111.958644535562044, 41.188949571814753 ], [ -111.958534162336647, 41.188929142589224 ], [ -111.958533551265859, 41.188929030663203 ], [ -111.958532520958428, 41.1889288399977 ], [ -111.958529321877378, 41.188927684114873 ], [ -111.958509436673395, 41.188920070759046 ], [ -111.958484281826372, 41.188910511022684 ], [ -111.958435693997473, 41.188892038677992 ], [ -111.95839740671255, 41.188877479683008 ], [ -111.958318774247175, 41.18884463522609 ], [ -111.958243371124183, 41.188813205586861 ], [ -111.958241973842433, 41.188812628622628 ], [ -111.958210877356521, 41.18879972418295 ], [ -111.958165407690359, 41.18878096054663 ], [ -111.958128449546734, 41.188765670685662 ], [ -111.958056013590138, 41.188735697941304 ], [ -111.958037611634978, 41.188728083958509 ], [ -111.958031322675765, 41.188725484038997 ], [ -111.958030290851909, 41.188725075372858 ], [ -111.958029270967259, 41.188724682741274 ], [ -111.958028341278975, 41.188724334423128 ], [ -111.957984608984958, 41.188708429990719 ], [ -111.957945257093456, 41.188694836438295 ], [ -111.957927108171191, 41.188688565181877 ], [ -111.957893775710275, 41.18867758869208 ], [ -111.957879794521872, 41.188672984100961 ], [ -111.957868302786153, 41.188669200509274 ], [ -111.957866268698439, 41.188668551025238 ], [ -111.957822325343102, 41.188654932820818 ], [ -111.957815969812131, 41.188652960357693 ], [ -111.957811159939737, 41.188651473141036 ], [ -111.957809875134373, 41.188651081561872 ], [ -111.9578094176305, 41.188650942217286 ], [ -111.957803734594847, 41.188649410229061 ], [ -111.957586536773363, 41.188590740176146 ], [ -111.957402864531105, 41.18855952619721 ], [ -111.957375887409782, 41.188556926306063 ], [ -111.9573457476382, 41.188551942745512 ], [ -111.95733921368209, 41.188550160377233 ], [ -111.957310795579644, 41.188542405623004 ], [ -111.957308842733511, 41.188541871954918 ], [ -111.957308018609822, 41.188541735852823 ], [ -111.957281705613326, 41.188537355330531 ], [ -111.957277073438235, 41.188536585720357 ], [ -111.957270713178218, 41.188535628207042 ], [ -111.957245838648447, 41.188531965654235 ], [ -111.957226083501567, 41.188529061837379 ], [ -111.957203996377075, 41.188526208384722 ], [ -111.957197632321737, 41.188525384900196 ], [ -111.957183658888809, 41.188523580271372 ], [ -111.957181864399431, 41.188523367614366 ], [ -111.957165619890731, 41.188521527336988 ], [ -111.957149884487293, 41.188519763657837 ], [ -111.957134344536925, 41.188518892651459 ], [ -111.957117552753175, 41.188517947993901 ], [ -111.957094914841377, 41.188517862835383 ], [ -111.95705474442336, 41.188513726737199 ], [ -111.957053958495024, 41.188513640514742 ], [ -111.957033080300803, 41.188511491626457 ], [ -111.957020790102135, 41.188510227082574 ], [ -111.957012560586648, 41.188509528934958 ], [ -111.956981983330408, 41.18850693432023 ], [ -111.956975472238625, 41.188506395525188 ], [ -111.956956985767974, 41.188504962604313 ], [ -111.956941649497239, 41.188503786989273 ], [ -111.956934125463661, 41.188503171804996 ], [ -111.956902466028467, 41.188500408138232 ], [ -111.956901502709385, 41.188500324406249 ], [ -111.956874545920812, 41.18849826038791 ], [ -111.9568694953646, 41.188497873033469 ], [ -111.956851233846024, 41.188496473153371 ], [ -111.95684974993209, 41.188496361111184 ], [ -111.956814885281432, 41.188494610815788 ], [ -111.956803844266105, 41.188494057836181 ], [ -111.956803247979011, 41.188494029826764 ], [ -111.956801963217188, 41.18849398310855 ], [ -111.956786217250382, 41.188493418433758 ], [ -111.956747549168753, 41.188492037028169 ], [ -111.956687394039776, 41.1884897295309 ], [ -111.956666629351972, 41.18848893281131 ], [ -111.956655887371141, 41.188488521582606 ], [ -111.956647011421154, 41.188487386396929 ], [ -111.956611972160431, 41.188485016677809 ], [ -111.956587987095304, 41.188483394669575 ], [ -111.956575027097969, 41.188482073768924 ], [ -111.956535249971651, 41.188478019912871 ], [ -111.956523578453343, 41.188477279996981 ], [ -111.956479220847768, 41.188474445099096 ], [ -111.956452871979465, 41.18847373840299 ], [ -111.956393572642909, 41.188471695391812 ], [ -111.956384865724928, 41.188471395785996 ], [ -111.956366904629419, 41.188470675447277 ], [ -111.956310744771855, 41.188469048794744 ], [ -111.956292486181155, 41.188468747759899 ], [ -111.956272860215236, 41.188468425342329 ], [ -111.956258022422332, 41.188468176848666 ], [ -111.956249569755968, 41.18846804240615 ], [ -111.956216233208394, 41.188466291229169 ], [ -111.956155729138516, 41.18846618451586 ], [ -111.956143775929164, 41.188466435622878 ], [ -111.956097647476454, 41.188467467311092 ], [ -111.956096814887871, 41.188467474186119 ], [ -111.95607736299884, 41.188467352965077 ], [ -111.956074036866397, 41.188467307184787 ], [ -111.956032772727156, 41.188466434377894 ], [ -111.955981044693644, 41.188465340360835 ], [ -111.955980691768133, 41.188465272070573 ], [ -111.955980158751103, 41.188465158034717 ], [ -111.95597946229951, 41.188465012482482 ], [ -111.955978775359114, 41.188464874040136 ], [ -111.955978062312624, 41.188464723192986 ], [ -111.955977356399515, 41.188464577678239 ], [ -111.955976650511275, 41.188464435737203 ], [ -111.955975949341322, 41.188464291990513 ], [ -111.955975241050467, 41.188464144698287 ], [ -111.955974551719848, 41.188464002691575 ], [ -111.955973838698213, 41.188463855418092 ], [ -111.955973132834814, 41.188463717050723 ], [ -111.955972436432916, 41.188463578645866 ], [ -111.95597172578907, 41.188463433149835 ], [ -111.955971024631566, 41.188463291189997 ], [ -111.955970496407417, 41.188463186069647 ], [ -111.955969968158385, 41.188463077375573 ], [ -111.955969262307363, 41.188462940795056 ], [ -111.955968734070822, 41.188462833887804 ], [ -111.955968201115866, 41.188462728786199 ], [ -111.955967679987822, 41.18846262363769 ], [ -111.955967154141447, 41.188462520294792 ], [ -111.955966621136866, 41.188462408045744 ], [ -111.955966090609394, 41.188462311869053 ], [ -111.955965398938275, 41.18846217344538 ], [ -111.955964681223151, 41.188462031551126 ], [ -111.955964110372491, 41.188461919452081 ], [ -111.955963624799679, 41.188461824884051 ], [ -111.955962909474735, 41.188461686554156 ], [ -111.955962215475495, 41.188461553500389 ], [ -111.955961509562457, 41.188461407985557 ], [ -111.955960803736346, 41.188461274978671 ], [ -111.955960275512183, 41.188461169858272 ], [ -111.955959737851359, 41.188461068349064 ], [ -111.95595903673113, 41.188460931749724 ], [ -111.955958508519416, 41.188460828416154 ], [ -111.955957980332499, 41.188460728656295 ], [ -111.955957272103788, 41.18846059029822 ], [ -111.955956566290041, 41.188460459078186 ], [ -111.955955860414264, 41.188460318923859 ], [ -111.955955149869794, 41.188460187722569 ], [ -111.955954626388845, 41.18846008437027 ], [ -111.955954100567325, 41.18845998460101 ], [ -111.955953385230075, 41.188459844484157 ], [ -111.95595267942879, 41.188459715050953 ], [ -111.955951973627478, 41.188459585617743 ], [ -111.955951618349033, 41.188459519123647 ], [ -111.955951270191562, 41.188459456175117 ], [ -111.955950561962894, 41.188459317817021 ], [ -111.955949853759009, 41.188459183032563 ], [ -111.955949389379441, 41.188457712465016 ], [ -111.95594867448898, 41.18845763667489 ], [ -111.95594795253966, 41.188457566273456 ], [ -111.955947232918447, 41.188457490502088 ], [ -111.955946518040449, 41.188457416498785 ], [ -111.955945798419236, 41.188457340727417 ], [ -111.955945078760877, 41.188457259595495 ], [ -111.955944359201737, 41.188457192758385 ], [ -111.955943644298912, 41.188457115181372 ], [ -111.955942931773862, 41.188457039381817 ], [ -111.955942420492164, 41.188456989588197 ], [ -111.955942200350606, 41.188456967230984 ], [ -111.955941490215778, 41.188456894995802 ], [ -111.955940782446334, 41.18845682275122 ], [ -111.955940233244121, 41.188456762386465 ], [ -111.955939847364689, 41.188456717456475 ], [ -111.955938599916621, 41.188456593743886 ], [ -111.955937989078052, 41.188456513967452 ], [ -111.955937489536353, 41.188456451618926 ], [ -111.955936665677214, 41.188456353030915 ], [ -111.955936128215015, 41.188456280111268 ], [ -111.955935408482148, 41.188456188258144 ], [ -111.955934868704219, 41.188456122495268 ], [ -111.955934333619879, 41.188456051353114 ], [ -111.955933618642561, 41.188455963054906 ], [ -111.955932891813603, 41.188455871229898 ], [ -111.95593236148477, 41.188455803642668 ], [ -111.955931816951292, 41.18845573432484 ], [ -111.955931104289732, 41.188455638869833 ], [ -111.955930389324905, 41.188455552358477 ], [ -111.955929851887561, 41.188455483012518 ], [ -111.955929314412927, 41.188455408306012 ], [ -111.95592895695539, 41.188455368624005 ], [ -111.955928597132356, 41.188455328951406 ], [ -111.955927879740088, 41.188455233515128 ], [ -111.955927157629475, 41.188455139884489 ], [ -111.955926447382978, 41.188455051567502 ], [ -111.955925902861921, 41.188454984036511 ], [ -111.955925367789945, 41.188454914681145 ], [ -111.955924650422517, 41.188454822818549 ], [ -111.955923933067467, 41.188454732742876 ], [ -111.955923395630137, 41.188454663396854 ], [ -111.95592285820517, 41.188454595837705 ], [ -111.955922318390051, 41.188454524714246 ], [ -111.95592178334293, 41.188454458932547 ], [ -111.95592107304681, 41.188454363468146 ], [ -111.95592052617279, 41.188454297733301 ], [ -111.955919984004694, 41.188454228406073 ], [ -111.955919266624846, 41.188454134756604 ], [ -111.955918906801898, 41.188454095083955 ], [ -111.955918549331884, 41.188454053615111 ], [ -111.955917834317432, 41.188453959956256 ], [ -111.955917116937584, 41.18845386630678 ], [ -111.955916394851783, 41.188453776249787 ], [ -111.95591567747195, 41.188453682600297 ], [ -111.955915142412465, 41.188453615031754 ], [ -111.955914602622173, 41.188453547481956 ], [ -111.955913887607679, 41.188453453823065 ], [ -111.955913167887331, 41.188453363756658 ], [ -111.955912450544744, 41.188453275467694 ], [ -111.955911733177331, 41.188453183605048 ], [ -111.955911015797511, 41.188453089955537 ], [ -111.955910305501405, 41.188452994491016 ], [ -111.95590957162598, 41.188452909841374 ], [ -111.955908863720111, 41.188452817941211 ], [ -111.955908146352712, 41.188452726078545 ], [ -111.955907608865729, 41.188452649585045 ], [ -111.955907064394339, 41.188452589201383 ], [ -111.955906351757704, 41.188452497319943 ], [ -111.955905629684381, 41.188452409049724 ], [ -111.955904907598651, 41.188452318992589 ], [ -111.955904192596606, 41.18845222712055 ], [ -111.955903477582225, 41.188452133461617 ], [ -111.955902760227232, 41.188452043385752 ], [ -111.95590204049445, 41.188451951532407 ], [ -111.955901325480056, 41.188451857873474 ], [ -111.955900612855828, 41.188451767778815 ], [ -111.955899878943242, 41.188451677768555 ], [ -111.955899168672005, 41.188451585877708 ], [ -111.955898628881727, 41.188451518327831 ], [ -111.955898091444425, 41.188451448981716 ], [ -111.955897371736512, 41.188451360702047 ], [ -111.95589601512134, 41.188451185601458 ], [ -111.955894478451924, 41.188450970115653 ], [ -111.955893758619879, 41.188450863967454 ], [ -111.955893043593122, 41.18845076852157 ], [ -111.955892508409505, 41.188450683084362 ], [ -111.955891968594443, 41.188450611960761 ], [ -111.955891447702456, 41.188450540762148 ], [ -111.955890898326572, 41.188450455381187 ], [ -111.955890358523931, 41.188450386044394 ], [ -111.955889823389967, 41.188450307754593 ], [ -111.955889105960566, 41.188450206957533 ], [ -111.955888390871749, 41.188450102577399 ], [ -111.955887673405144, 41.188449996419749 ], [ -111.955887138320819, 41.188449925277375 ], [ -111.955886598468553, 41.188449848793134 ], [ -111.955886060956857, 41.18844976872586 ], [ -111.955885523494786, 41.188449695805993 ], [ -111.955884988385634, 41.188449621089873 ], [ -111.955884450861546, 41.188449539235741 ], [ -111.955883915764829, 41.188449466306452 ], [ -111.955883375924969, 41.188449391609062 ], [ -111.955882838388462, 41.188449307968064 ], [ -111.955882303316557, 41.188449238612471 ], [ -111.95588176821984, 41.188449165683203 ], [ -111.955881233036337, 41.188449080245981 ], [ -111.955880522740301, 41.188448984781303 ], [ -111.955879978169676, 41.188448910102643 ], [ -111.955879447766549, 41.188448831794034 ], [ -111.955878718510306, 41.188448731043813 ], [ -111.95587854565153, 41.188448704925328 ], [ -111.955878005762045, 41.18844862308049 ], [ -111.955877468324815, 41.188448553734311 ], [ -111.955876930825511, 41.188448475453839 ], [ -111.955876393351048, 41.188448400747021 ], [ -111.955875855851772, 41.188448322466549 ], [ -111.955875323095654, 41.188448245954177 ], [ -111.955874776147269, 41.18844816949801 ], [ -111.95587424815912, 41.18844809832742 ], [ -111.955873710659873, 41.188448020046927 ], [ -111.955873173110916, 41.188447934618992 ], [ -111.955872635673686, 41.188447865272792 ], [ -111.955872100564619, 41.18844779055663 ], [ -111.955871563065344, 41.188447712276115 ], [ -111.955871020860116, 41.188447637588041 ], [ -111.955870485738657, 41.188447561085013 ], [ -111.955869950617156, 41.188447484581985 ], [ -111.955869413130316, 41.188447408088315 ], [ -111.955868698078746, 41.188447309068593 ], [ -111.955868158201682, 41.18844722901062 ], [ -111.955867623080238, 41.188447152507543 ], [ -111.955867085618181, 41.188447079587576 ], [ -111.955866545765929, 41.188447003103278 ], [ -111.955866005888879, 41.188446923045241 ], [ -111.955865473157601, 41.18844685010653 ], [ -111.955864933317798, 41.188446775409112 ], [ -111.955864400536868, 41.188446695322952 ], [ -111.955863863050041, 41.188446618829289 ], [ -111.955863332659348, 41.188446542307439 ], [ -111.955862792807125, 41.18844646582312 ], [ -111.955862260063455, 41.188446391097521 ], [ -111.95586171549283, 41.188446316418833 ], [ -111.955861177981191, 41.188446236351389 ], [ -111.955860642872125, 41.18844616163517 ], [ -111.955860105385312, 41.188446085141472 ], [ -111.9558595678985, 41.188446008647773 ], [ -111.955859028058683, 41.188445933950284 ], [ -111.955858492949616, 41.188445859234029 ], [ -111.955857955437992, 41.188445779166649 ], [ -111.955857242751833, 41.188445680137477 ], [ -111.955856522944728, 41.188445577562703 ], [ -111.955855814976971, 41.188445476727949 ], [ -111.955855092841759, 41.188445379523095 ], [ -111.955853591653309, 41.188445163896191 ], [ -111.955852732053174, 41.188445027924239 ], [ -111.955851860588936, 41.188444886638585 ], [ -111.955851140694989, 41.188444771555808 ], [ -111.955850430337023, 41.188444667156688 ], [ -111.95584971524832, 41.18844456277629 ], [ -111.955849007193663, 41.188444449433469 ], [ -111.955848289689968, 41.188444337915044 ], [ -111.955847576904645, 41.188444224590974 ], [ -111.955846861753841, 41.18844411127629 ], [ -111.955846151333844, 41.188443997942883 ], [ -111.955845440938674, 41.188443888183144 ], [ -111.955844725787969, 41.188443774868432 ], [ -111.955844008296665, 41.188443665136802 ], [ -111.955843475490965, 41.188443581476868 ], [ -111.955842942685322, 41.188443497816912 ], [ -111.95584223227776, 41.188443386270343 ], [ -111.955841517139447, 41.188443274742468 ], [ -111.955840804354082, 41.18844316141837 ], [ -111.955840091581123, 41.188443049881116 ], [ -111.955839378808236, 41.188442938343854 ], [ -111.955838663657488, 41.188442825029135 ], [ -111.955838130876614, 41.188442744942876 ], [ -111.955837598058565, 41.18844265949604 ], [ -111.955836887663423, 41.188442549736273 ], [ -111.955836172525139, 41.188442438208376 ], [ -111.955835455033863, 41.188442328476711 ], [ -111.95583474697932, 41.188442215133833 ], [ -111.955834036596585, 41.188442107160867 ], [ -111.95583332144588, 41.188441993846091 ], [ -111.955832786262462, 41.188441908408606 ], [ -111.955832253456819, 41.188441824748608 ], [ -111.955831543024473, 41.188441709628208 ], [ -111.955830951059539, 41.188441622628837 ], [ -111.955830108054371, 41.188441491951686 ], [ -111.955829582357282, 41.188441410050416 ], [ -111.955829044808425, 41.188441324622282 ], [ -111.955828516733604, 41.188441240943547 ], [ -111.955828128389683, 41.188441181727676 ], [ -111.955827633467337, 41.188441103278237 ], [ -111.955826913598301, 41.18844099176907 ], [ -111.955826205543787, 41.188440878426128 ], [ -111.955825665629604, 41.188440793007373 ], [ -111.955825130446172, 41.188440707569853 ], [ -111.955824420026261, 41.18844059423629 ], [ -111.955823884917322, 41.188440519519887 ], [ -111.955823349721499, 41.188440432295508 ], [ -111.955822826377386, 41.188440348597972 ], [ -111.955822279416736, 41.188440270354732 ], [ -111.955821751317046, 41.188440183102216 ], [ -111.955821213793087, 41.188440101247778 ], [ -111.955820503373175, 41.18843998791418 ], [ -111.955819968202164, 41.188439904263504 ], [ -111.955819433031152, 41.188439820612807 ], [ -111.955818727354469, 41.188439709047309 ], [ -111.95581800986325, 41.188439599315529 ], [ -111.95581729472498, 41.188439487787491 ], [ -111.955816764284776, 41.188439404118064 ], [ -111.955816224383028, 41.188439320486097 ], [ -111.955815518718708, 41.188439210707436 ], [ -111.955814805933471, 41.188439097383188 ], [ -111.955814112096022, 41.188438987557667 ], [ -111.955813387483872, 41.188438874280266 ], [ -111.955811334405823, 41.18843855183853 ], [ -111.955810313637585, 41.188438370045439 ], [ -111.955809517840777, 41.18843822488585 ], [ -111.955808937578752, 41.188438119970947 ], [ -111.955779391300666, 41.188430692739054 ], [ -111.955787009434871, 41.188646202389911 ], [ -111.955780473439432, 41.189081214107546 ], [ -111.955780116522632, 41.189213096111892 ], [ -111.955780549585825, 41.189488391813491 ], [ -111.955781484869078, 41.189672490926114 ], [ -111.955781846503342, 41.189727299164737 ], [ -111.955782994597016, 41.189856535937224 ], [ -111.955774869223518, 41.19004086035072 ], [ -111.955771894736188, 41.190110890133525 ], [ -111.955768159510171, 41.190198774087776 ], [ -111.955767317042515, 41.190488991863944 ], [ -111.955523996378716, 41.190487791708414 ], [ -111.955420198718684, 41.190486603412445 ], [ -111.955287231173614, 41.190484631664397 ], [ -111.9550490744477, 41.190480358036666 ], [ -111.954809643085468, 41.190475451031332 ], [ -111.954569055709896, 41.190474741956059 ], [ -111.954327090252448, 41.19047349460206 ], [ -111.954142540315175, 41.190472204134011 ], [ -111.954084258484869, 41.190471826662915 ], [ -111.95383462724142, 41.190468987812224 ], [ -111.953711368314103, 41.190467422665506 ], [ -111.953700862134397, 41.190467288986525 ], [ -111.953591427824563, 41.190465801416273 ], [ -111.953478661853353, 41.190464166054554 ], [ -111.953327297566105, 41.190461816049698 ], [ -111.953080861398007, 41.190459886800831 ], [ -111.952845455304654, 41.190457565157452 ], [ -111.952833122728762, 41.190457399277179 ], [ -111.952584681699577, 41.190453907957377 ], [ -111.952330092152664, 41.190453079532816 ], [ -111.952060857027462, 41.190451464682049 ], [ -111.951940420434639, 41.190450613816068 ], [ -111.951842339029341, 41.190449918035952 ], [ -111.951565067071627, 41.190447783226638 ], [ -111.95144110953359, 41.190446775903631 ], [ -111.95026979923523, 41.190436131517053 ], [ -111.950078805212925, 41.190434055647799 ], [ -111.950035768573315, 41.190433587886453 ], [ -111.949165215662291, 41.190416823390095 ], [ -111.948871773120175, 41.190413274608609 ], [ -111.948851508167792, 41.191369508747101 ], [ -111.948841010488991, 41.191866379823495 ], [ -111.94879345939944, 41.193382009532279 ], [ -111.94877301986385, 41.19485899679529 ], [ -111.948761678359332, 41.195857854103977 ], [ -111.948776038489001, 41.197504147825114 ], [ -111.94877107641905, 41.197636512135716 ], [ -111.950154527702338, 41.197617383901282 ], [ -111.950892780681414, 41.197620725607202 ], [ -111.951530640840758, 41.197616308372503 ], [ -111.95291135668873, 41.197629464876009 ], [ -111.954290024800642, 41.197635836970683 ] ] ] } },
{ "type": "Feature", "properties": { "PRECINCT": "OGD38", "PrecinctID": "OGD38", "CONSOL_PRE": null, "MUNIWARD": 4, "POLLING_PL": null, "ADDRESS": null }, "geometry": { "type": "Polygon", "coordinates": [ [ [ -111.948871773120175, 41.190413274608609 ], [ -111.949165215662291, 41.190416823390095 ], [ -111.950035768573315, 41.190433587886453 ], [ -111.950078805212925, 41.190434055647799 ], [ -111.95026979923523, 41.190436131517053 ], [ -111.95144110953359, 41.190446775903631 ], [ -111.951565067071627, 41.190447783226638 ], [ -111.951842339029341, 41.190449918035952 ], [ -111.951940420434639, 41.190450613816068 ], [ -111.952060857027462, 41.190451464682049 ], [ -111.952330092152664, 41.190453079532816 ], [ -111.952584681699577, 41.190453907957377 ], [ -111.952833122728762, 41.190457399277179 ], [ -111.952845455304654, 41.190457565157452 ], [ -111.953080861398007, 41.190459886800831 ], [ -111.953327297566105, 41.190461816049698 ], [ -111.953478661853353, 41.190464166054554 ], [ -111.953591427824563, 41.190465801416273 ], [ -111.953700862134397, 41.190467288986525 ], [ -111.953711368314103, 41.190467422665506 ], [ -111.95383462724142, 41.190468987812224 ], [ -111.954084258484869, 41.190471826662915 ], [ -111.954142540315175, 41.190472204134011 ], [ -111.954327090252448, 41.19047349460206 ], [ -111.954569055709896, 41.190474741956059 ], [ -111.954809643085468, 41.190475451031332 ], [ -111.9550490744477, 41.190480358036666 ], [ -111.955287231173614, 41.190484631664397 ], [ -111.955420198718684, 41.190486603412445 ], [ -111.955523996378716, 41.190487791708414 ], [ -111.955767317042515, 41.190488991863944 ], [ -111.955768159510171, 41.190198774087776 ], [ -111.955771894736188, 41.190110890133525 ], [ -111.955774869223518, 41.19004086035072 ], [ -111.955782994597016, 41.189856535937224 ], [ -111.955781846503342, 41.189727299164737 ], [ -111.955781484869078, 41.189672490926114 ], [ -111.955780549585825, 41.189488391813491 ], [ -111.955780116522632, 41.189213096111892 ], [ -111.955780473439432, 41.189081214107546 ], [ -111.955787009434871, 41.188646202389911 ], [ -111.955779391300666, 41.188430692739054 ], [ -111.955779287037984, 41.188430666348602 ], [ -111.95577929788044, 41.188430183841795 ], [ -111.955779320338891, 41.188429670911589 ], [ -111.955779341387299, 41.188429295578509 ], [ -111.955779358680772, 41.188428720127149 ], [ -111.95577939247795, 41.188427796164255 ], [ -111.955779429678401, 41.188426680989245 ], [ -111.955779571243696, 41.188422881472114 ], [ -111.955780359913675, 41.188401900103372 ], [ -111.955781937301808, 41.188359944513188 ], [ -111.955797846728771, 41.187934716425936 ], [ -111.955797886889513, 41.187933687010471 ], [ -111.955797929009847, 41.18793191780923 ], [ -111.955798261286859, 41.187923221420874 ], [ -111.955799046301436, 41.187735470158707 ], [ -111.955799036568806, 41.187721123149785 ], [ -111.955799600454142, 41.187673221182337 ], [ -111.955800074189227, 41.187645039838046 ], [ -111.955805879894911, 41.187359366017262 ], [ -111.955805918514841, 41.187205157876001 ], [ -111.955805918046039, 41.1872033870564 ], [ -111.955805985656184, 41.187198135078987 ], [ -111.955805385075507, 41.187039760620635 ], [ -111.955810012398217, 41.186910399052763 ], [ -111.955810998774282, 41.186882807138765 ], [ -111.955815188557011, 41.186719732002501 ], [ -111.955815459760061, 41.186705307041223 ], [ -111.955815484506473, 41.186702739162534 ], [ -111.955818183985713, 41.186309028896218 ], [ -111.95591836608655, 41.186308939206882 ], [ -111.955919648658465, 41.186006245117895 ], [ -111.955919091275305, 41.18589635988392 ], [ -111.955918984911349, 41.185875255183134 ], [ -111.955918722953143, 41.185824254409063 ], [ -111.955918715199317, 41.185822456814449 ], [ -111.95591870983823, 41.185821684893199 ], [ -111.955918674538907, 41.185812855940661 ], [ -111.955918669247282, 41.185811753441861 ], [ -111.955917697336645, 41.185592116417112 ], [ -111.955912060804934, 41.185562837105962 ], [ -111.955912001879057, 41.185562526418209 ], [ -111.955912039827538, 41.185559476022632 ], [ -111.955914766245826, 41.185363865338097 ], [ -111.955914768176712, 41.185363802788807 ], [ -111.955914730323656, 41.185347113254721 ], [ -111.955914357034629, 41.18516087822745 ], [ -111.955914346334936, 41.185158315849328 ], [ -111.955914345913015, 41.185158255096304 ], [ -111.955914324505557, 41.185144955253669 ], [ -111.95591422316329, 41.185131725417101 ], [ -111.955913898021265, 41.184952082082333 ], [ -111.955913897599331, 41.184952021329281 ], [ -111.955915978335554, 41.184818066742437 ], [ -111.955915906917568, 41.184778152945626 ], [ -111.955915959562105, 41.184763936126849 ], [ -111.955915958814927, 41.18476280680629 ], [ -111.955915952808539, 41.184760239048686 ], [ -111.955915560386984, 41.184552857854939 ], [ -111.955915520807451, 41.184543412435666 ], [ -111.955915049925437, 41.184470501458442 ], [ -111.955906074971125, 41.184320839120474 ], [ -111.955906032312626, 41.184320145970666 ], [ -111.955905641509119, 41.184313598515139 ], [ -111.955905512813956, 41.18431141542812 ], [ -111.955905493800316, 41.184311061696434 ], [ -111.955905513802264, 41.184302702478519 ], [ -111.955904939334772, 41.18419307638456 ], [ -111.955905157578854, 41.184146848302596 ], [ -111.955910651721453, 41.183973430680012 ], [ -111.955910936947006, 41.183960688920678 ], [ -111.955911001465452, 41.183957377530994 ], [ -111.955911050822223, 41.183954607633417 ], [ -111.95591105229397, 41.183954478970463 ], [ -111.955912495970765, 41.183766260385006 ], [ -111.955913059621963, 41.183751037298173 ], [ -111.95591360718808, 41.183737585097397 ], [ -111.955918776868685, 41.183578419313413 ], [ -111.955919103037289, 41.183571232877263 ], [ -111.955922081141196, 41.183383269086377 ], [ -111.955922390991574, 41.183369646284255 ], [ -111.955923010674525, 41.183342057594231 ], [ -111.9559033957118, 41.183203457246265 ], [ -111.955901599380525, 41.183191377743071 ], [ -111.955901113104972, 41.183188792232535 ], [ -111.955929228783532, 41.183187756959299 ], [ -111.955927288516122, 41.183174705950854 ], [ -111.95593516568583, 41.182846527542445 ], [ -111.955935332250021, 41.18283815702025 ], [ -111.955935350004253, 41.182836286060578 ], [ -111.955935301560288, 41.182820456063183 ], [ -111.955931401827357, 41.182715299665986 ], [ -111.955931346156987, 41.182713073403249 ], [ -111.955931269101896, 41.182706746278761 ], [ -111.955933552279859, 41.182580160037979 ], [ -111.955936642871492, 41.182408746085045 ], [ -111.955936621264627, 41.182408018900418 ], [ -111.955935406205342, 41.182396535705323 ], [ -111.955939613249797, 41.182288818695767 ], [ -111.955941147783079, 41.182249582901981 ], [ -111.955941100077723, 41.182249184611322 ], [ -111.955941058556803, 41.182248314553178 ], [ -111.955940822184274, 41.182246292713771 ], [ -111.955940701595637, 41.182245276442892 ], [ -111.955940565319636, 41.182244385317517 ], [ -111.955942570288073, 41.182017125943318 ], [ -111.955942572218831, 41.182017063394007 ], [ -111.955951570299902, 41.18184486121239 ], [ -111.955953401115949, 41.18180980559903 ], [ -111.955953405002347, 41.181809684074082 ], [ -111.955953431387996, 41.181808715466964 ], [ -111.955954057799758, 41.181786526770495 ], [ -111.955956947584909, 41.181705064607634 ], [ -111.955960702034361, 41.181599281024248 ], [ -111.955960703977553, 41.181599220261766 ], [ -111.955962802869564, 41.181455989707565 ], [ -111.955963101933563, 41.181441838020049 ], [ -111.955963078933962, 41.18143750486621 ], [ -111.955961614102819, 41.18139141924128 ], [ -111.955961708550376, 41.181390034015344 ], [ -111.955961451996771, 41.181388852101179 ], [ -111.955972939290476, 41.181217840833149 ], [ -111.95597548586592, 41.181179596326416 ], [ -111.955984660547557, 41.18104136248855 ], [ -111.955987412328312, 41.180970007598809 ], [ -111.95599723889795, 41.180861617850532 ], [ -111.956005243992109, 41.180766810441078 ], [ -111.956005518700294, 41.180762774519629 ], [ -111.956012109562309, 41.180684674919682 ], [ -111.956021302776165, 41.180584882690397 ], [ -111.956023444551533, 41.180566002690618 ], [ -111.956024081372817, 41.180554851662883 ], [ -111.956026671692129, 41.180510654795498 ], [ -111.956029983236789, 41.180486866888884 ], [ -111.956030715331437, 41.180481941061707 ], [ -111.956031009997773, 41.18047941678293 ], [ -111.956033100002784, 41.180456489647078 ], [ -111.956034409901278, 41.18043600294326 ], [ -111.956034579232281, 41.180432119326319 ], [ -111.956036351919451, 41.180337974544372 ], [ -111.956036411424776, 41.180334623860688 ], [ -111.95603814079702, 41.180328559394198 ], [ -111.956043908573591, 41.180147984019463 ], [ -111.956048845715515, 41.179985731288831 ], [ -111.956049373073057, 41.179972102255924 ], [ -111.956049407023443, 41.1799712015209 ], [ -111.956052179313602, 41.179876598894353 ], [ -111.956052253913228, 41.179874059405705 ], [ -111.956052273132642, 41.179873421404181 ], [ -111.95605342046737, 41.17983293986908 ], [ -111.956054572990993, 41.179791843617615 ], [ -111.956055027468054, 41.179774873359712 ], [ -111.95605561685494, 41.179747702909481 ], [ -111.956063932274702, 41.179425224594269 ], [ -111.956063931256864, 41.179425078072022 ], [ -111.956062700987957, 41.179255124984188 ], [ -111.956062707554338, 41.179246537088979 ], [ -111.956062718672982, 41.17924575438019 ], [ -111.956062744113495, 41.17924396916046 ], [ -111.956068986518446, 41.179061946265094 ], [ -111.956069193852528, 41.179052639237419 ], [ -111.956069303749885, 41.179047010048279 ], [ -111.9560737672644, 41.178860518001713 ], [ -111.956078017838351, 41.178692062035509 ], [ -111.956078662101788, 41.178667346571764 ], [ -111.956078898274285, 41.17866253171065 ], [ -111.956078965590237, 41.178659965446798 ], [ -111.956082618893817, 41.178509034243625 ], [ -111.956082663058481, 41.178503816303028 ], [ -111.956104607598434, 41.176092333171923 ], [ -111.956072943937812, 41.176092179982767 ], [ -111.956047703832766, 41.176092058494589 ], [ -111.95599865683451, 41.176091818753548 ], [ -111.955858301281452, 41.176091136838416 ], [ -111.955792379469784, 41.176090817368276 ], [ -111.955780069273644, 41.176090762513745 ], [ -111.955779499287544, 41.176090759411906 ], [ -111.955776701410429, 41.176090747270095 ], [ -111.955672896009318, 41.176090617169031 ], [ -111.955501462953634, 41.176090409966193 ], [ -111.955498785279133, 41.176090338373598 ], [ -111.955170863168277, 41.176081333358567 ], [ -111.955154515673769, 41.176080901296068 ], [ -111.955023415556212, 41.176077656833868 ], [ -111.955013450088515, 41.176077406782227 ], [ -111.954878584443506, 41.176073412256649 ], [ -111.954869872366558, 41.176073153661385 ], [ -111.954868254368918, 41.176073104666642 ], [ -111.954702340425868, 41.176068335701721 ], [ -111.954696762652958, 41.17606817548959 ], [ -111.954689763431958, 41.176068003027872 ], [ -111.954595718154366, 41.176066126871682 ], [ -111.954585469232285, 41.176065926149889 ], [ -111.954580906696293, 41.176065860199166 ], [ -111.954455854977738, 41.176064815881816 ], [ -111.954451224044476, 41.176064776999858 ], [ -111.954370705535794, 41.176064119485893 ], [ -111.954290435371391, 41.176063464508431 ], [ -111.954042428098489, 41.176063536135132 ], [ -111.95404387416086, 41.175740513131935 ], [ -111.954044812383827, 41.175532831576653 ], [ -111.954045263799273, 41.175432587909434 ], [ -111.954045283893223, 41.17543002183222 ], [ -111.954045571001217, 41.175363814022347 ], [ -111.954045581635498, 41.175361247982437 ], [ -111.954045870930059, 41.175295356445723 ], [ -111.954045872558268, 41.175294907925704 ], [ -111.954045872933705, 41.175294620232258 ], [ -111.954045881551963, 41.175292788618954 ], [ -111.954046354263198, 41.175200412613925 ], [ -111.95404647611096, 41.175192383561296 ], [ -111.95404651540818, 41.175189858507039 ], [ -111.954046515099265, 41.175189813835594 ], [ -111.954049318642234, 41.175073351846358 ], [ -111.954049368839932, 41.175071377116289 ], [ -111.954049383668917, 41.175070785591622 ], [ -111.954056637244989, 41.174769882959815 ], [ -111.954056702308208, 41.174767322065499 ], [ -111.954059407126138, 41.174655056115398 ], [ -111.954059443785795, 41.174652491759389 ], [ -111.954059676230827, 41.174582143894348 ], [ -111.954059682097608, 41.174579572512236 ], [ -111.954059801409329, 41.174542109539573 ], [ -111.954060070164473, 41.174460255636752 ], [ -111.954060076031183, 41.174457684254584 ], [ -111.954060279856535, 41.174395851111726 ], [ -111.954060363687745, 41.174373434033974 ], [ -111.954060364824699, 41.1743708626705 ], [ -111.954060778186189, 41.174243234787305 ], [ -111.95406078407764, 41.174240666978811 ], [ -111.954061034090429, 41.17416294268817 ], [ -111.954061042334317, 41.174160373083453 ], [ -111.9540615961848, 41.173991847701558 ], [ -111.954061604441023, 41.173989279883635 ], [ -111.954061608759886, 41.173988536513278 ], [ -111.954061748841895, 41.173951341491289 ], [ -111.954061759512371, 41.17394878081145 ], [ -111.954062460573212, 41.173769397595812 ], [ -111.954062471206555, 41.173766831555305 ], [ -111.954062699866881, 41.17370756430639 ], [ -111.954062715180527, 41.173704991099754 ], [ -111.954063228391107, 41.173572652522388 ], [ -111.954063236647244, 41.173570084704316 ], [ -111.954062935601868, 41.17353031470158 ], [ -111.954062894183991, 41.173527745292688 ], [ -111.954058961065002, 41.173350220876763 ], [ -111.954058905445976, 41.173347649736975 ], [ -111.954058335462591, 41.173321995574405 ], [ -111.954058282220799, 41.17331942621216 ], [ -111.954053721299402, 41.173113696151994 ], [ -111.954053663340702, 41.173111128595153 ], [ -111.954053377321088, 41.173095758748545 ], [ -111.954039440306261, 41.172466740204698 ], [ -111.954039269511171, 41.17246119253155 ], [ -111.954039154786003, 41.172458623411693 ], [ -111.95395076359074, 41.172458345149622 ], [ -111.953944302419103, 41.172458293816725 ], [ -111.953718889973231, 41.172457207038939 ], [ -111.953587639213552, 41.172456429280473 ], [ -111.953485518197311, 41.172455893890785 ], [ -111.953257389950252, 41.172454668604324 ], [ -111.953027113637361, 41.172454015989935 ], [ -111.95297592998574, 41.17245389417554 ], [ -111.952799369010805, 41.1724535477193 ], [ -111.952697820423879, 41.172453372118554 ], [ -111.952571208539524, 41.1724531324545 ], [ -111.952416891972533, 41.172452853330917 ], [ -111.952343235235162, 41.17245276603429 ], [ -111.952137946286015, 41.172452822821874 ], [ -111.952115808975407, 41.172452852672841 ], [ -111.95187983782732, 41.172453535313252 ], [ -111.951860025560066, 41.172453620307778 ], [ -111.951639143428352, 41.172454816763647 ], [ -111.951582925956444, 41.172455180480853 ], [ -111.951398897067108, 41.172456599859416 ], [ -111.951306545717657, 41.172457494811816 ], [ -111.951159531661489, 41.172459251007872 ], [ -111.951031373129311, 41.172461072446147 ], [ -111.950920572155354, 41.172462468302967 ], [ -111.950756861251989, 41.172463753378729 ], [ -111.950679523401391, 41.17246380988896 ], [ -111.950477689938012, 41.172461861343535 ], [ -111.950451175302817, 41.172462931918204 ], [ -111.950439810537858, 41.172463390994587 ], [ -111.95020428258286, 41.172462494195827 ], [ -111.949964486165982, 41.172461268742765 ], [ -111.949930525265842, 41.172461062102819 ], [ -111.949726525670712, 41.172459465586911 ], [ -111.9496564383292, 41.172458805095992 ], [ -111.949486324998261, 41.172457565266946 ], [ -111.949373243044519, 41.172457744516841 ], [ -111.949306611910899, 41.172457940531167 ], [ -111.949240037507693, 41.172458132711448 ], [ -111.948812671173414, 41.172471696802113 ], [ -111.948678023542882, 41.172471466343083 ], [ -111.948677832030427, 41.172471472450987 ], [ -111.948468923596565, 41.172481044941101 ], [ -111.948570720296431, 41.172612384053188 ], [ -111.948594500593913, 41.172643065403264 ], [ -111.948745631375218, 41.172838052726775 ], [ -111.948908519419319, 41.173163863426993 ], [ -111.949098945686089, 41.173604414410519 ], [ -111.949203050778081, 41.173976626081441 ], [ -111.94929645909518, 41.174433310757486 ], [ -111.94931320268384, 41.17482310541272 ], [ -111.949320261750145, 41.174992047686551 ], [ -111.949274357000107, 41.176086128021289 ], [ -111.949258107145923, 41.176747318058922 ], [ -111.949235337523774, 41.177910182187659 ], [ -111.949203273913739, 41.179213633207169 ], [ -111.949191068837891, 41.179653173729733 ], [ -111.949190970722114, 41.179660611211233 ], [ -111.949178607535217, 41.180613919593696 ], [ -111.949177201507837, 41.180662843386507 ], [ -111.949154302044406, 41.181458664633524 ], [ -111.949147637584986, 41.181690386043016 ], [ -111.949133207294167, 41.182369008566873 ], [ -111.949111639626565, 41.182812018066073 ], [ -111.949109912903594, 41.18315705274162 ], [ -111.949088518586109, 41.184222931477912 ], [ -111.949055770989787, 41.185272357664196 ], [ -111.949039740119659, 41.186110065097544 ], [ -111.949036171527496, 41.186313155206001 ], [ -111.949034009852156, 41.18634569957581 ], [ -111.948990693342978, 41.187316516122763 ], [ -111.9489501275376, 41.188224874883858 ], [ -111.948908117051516, 41.189392909983795 ], [ -111.948893708433843, 41.189793396689495 ], [ -111.948886597742074, 41.189992292342531 ], [ -111.948872250846193, 41.190390773862333 ], [ -111.948871773120175, 41.190413274608609 ] ] ] } },
{ "type": "Feature", "properties": { "PRECINCT": "OGD29", "PrecinctID": "OGD29", "CONSOL_PRE": null, "MUNIWARD": 4, "POLLING_PL": null, "ADDRESS": null }, "geometry": { "type": "Polygon", "coordinates": [ [ [ -111.940295731026453, 41.205640942201285 ], [ -111.940290748039416, 41.20583207701759 ], [ -111.940279763503625, 41.206206077198075 ], [ -111.940279798180924, 41.206300119643309 ], [ -111.940280789997274, 41.206736086420896 ], [ -111.940260827762756, 41.20736607055504 ], [ -111.940252845503323, 41.2078250814548 ], [ -111.940249856511812, 41.207991118764582 ], [ -111.940241826343467, 41.208280061980147 ], [ -111.940224809257117, 41.208941099862791 ], [ -111.940221775937005, 41.209104074571798 ], [ -111.940214863758442, 41.209596044107073 ], [ -111.940212814373041, 41.209761082472255 ], [ -111.94020581033179, 41.209980120112661 ], [ -111.940185769286316, 41.210638117355927 ], [ -111.940179852414332, 41.210858046038631 ], [ -111.940179689165774, 41.210866162741098 ], [ -111.940175749995689, 41.211063095444025 ], [ -111.940170867009115, 41.211430110209193 ], [ -111.940161800741279, 41.211680060023248 ], [ -111.940155804835953, 41.211886115517189 ], [ -111.940208766566258, 41.211886043367478 ], [ -111.940368755305443, 41.211888070462635 ], [ -111.940422805621822, 41.211889069759202 ], [ -111.940646865974031, 41.211892103837954 ], [ -111.941318805198989, 41.211901115039652 ], [ -111.941542865032559, 41.211904058031337 ], [ -111.941816785207308, 41.211907043243279 ], [ -111.942640857565564, 41.211919125649366 ], [ -111.94291586350991, 41.211923090435036 ], [ -111.942912766861667, 41.212131104096692 ], [ -111.942906831648941, 41.212756109558001 ], [ -111.942904822972821, 41.212965105369456 ], [ -111.942896834699184, 41.213173069920181 ], [ -111.942873842885461, 41.21379812483611 ], [ -111.94286686714355, 41.214005728080046 ], [ -111.942866821787604, 41.21400707199934 ], [ -111.942861831492948, 41.214216093536585 ], [ -111.942847827178454, 41.214844047831086 ], [ -111.942843804138008, 41.215054050195029 ], [ -111.942835829811528, 41.215263095686204 ], [ -111.942831817773722, 41.215374104056941 ], [ -111.942825867684405, 41.215890115850478 ], [ -111.942823754115508, 41.216100101895158 ], [ -111.943373806442267, 41.21610811925369 ], [ -111.945026866509707, 41.216135098067269 ], [ -111.945577770893792, 41.216144087964167 ], [ -111.945909819318459, 41.21614811604767 ], [ -111.946905843555371, 41.216160107462798 ], [ -111.947237773214653, 41.216164042831842 ], [ -111.948340319033463, 41.216176088480474 ], [ -111.948363079050608, 41.215131542006937 ], [ -111.948389632723476, 41.214080229676178 ], [ -111.948428854170814, 41.212412119013827 ], [ -111.94843832664192, 41.212009097813535 ], [ -111.948438619870089, 41.211996604482735 ], [ -111.948486592712584, 41.209913897395118 ], [ -111.948516501656584, 41.208861456026717 ], [ -111.948535463616153, 41.207830785807928 ], [ -111.948583912285685, 41.205746931785065 ], [ -111.947789221995521, 41.205731014674804 ], [ -111.947307753307527, 41.20573060019413 ], [ -111.94633499944787, 41.205716937607626 ], [ -111.945985380133024, 41.205715520024022 ], [ -111.945462702096094, 41.205706423126387 ], [ -111.945307544810262, 41.205703592875231 ], [ -111.944973220020586, 41.205696966758978 ], [ -111.94440158567852, 41.205680820999795 ], [ -111.943630139078309, 41.205670131790377 ], [ -111.943067268083368, 41.205668183611245 ], [ -111.942840574706452, 41.205667340898046 ], [ -111.942535731489087, 41.205664568288988 ], [ -111.942097320159633, 41.205660506964421 ], [ -111.941354052308498, 41.205651666956825 ], [ -111.940433605900026, 41.205641613530716 ], [ -111.940295731026453, 41.205640942201285 ] ] ] } },
{ "type": "Feature", "properties": { "PRECINCT": "OGD30", "PrecinctID": "OGD30", "CONSOL_PRE": null, "MUNIWARD": 4, "POLLING_PL": null, "ADDRESS": null }, "geometry": { "type": "Polygon", "coordinates": [ [ [ -111.939984172900708, 41.218201363883033 ], [ -111.940007037792412, 41.218201662433088 ], [ -111.940006745186494, 41.218205669765986 ], [ -111.949652807158188, 41.218297086017088 ], [ -111.949665798661528, 41.21787605194293 ], [ -111.949705787537297, 41.216616079782284 ], [ -111.949719755931497, 41.216196113902605 ], [ -111.949719990227564, 41.216196116560766 ], [ -111.949719490752784, 41.216195748625488 ], [ -111.948340319033463, 41.216176088480474 ], [ -111.947237773214653, 41.216164042831842 ], [ -111.946905843555371, 41.216160107462798 ], [ -111.945909819318459, 41.21614811604767 ], [ -111.945577770893792, 41.216144087964167 ], [ -111.945026866509707, 41.216135098067269 ], [ -111.943373806442267, 41.21610811925369 ], [ -111.942823754115508, 41.216100101895158 ], [ -111.942825867684405, 41.215890115850478 ], [ -111.942831817773722, 41.215374104056941 ], [ -111.942835829811528, 41.215263095686204 ], [ -111.942843804138008, 41.215054050195029 ], [ -111.942847827178454, 41.214844047831086 ], [ -111.942861831492948, 41.214216093536585 ], [ -111.942866821787604, 41.21400707199934 ], [ -111.94286686714355, 41.214005728080046 ], [ -111.942873842885461, 41.21379812483611 ], [ -111.942896834699184, 41.213173069920181 ], [ -111.942904822972821, 41.212965105369456 ], [ -111.942906831648941, 41.212756109558001 ], [ -111.942912766861667, 41.212131104096692 ], [ -111.94291586350991, 41.211923090435036 ], [ -111.942640857565564, 41.211919125649366 ], [ -111.941816785207308, 41.211907043243279 ], [ -111.941542865032559, 41.211904058031337 ], [ -111.941318805198989, 41.211901115039652 ], [ -111.940646865974031, 41.211892103837954 ], [ -111.940422805621822, 41.211889069759202 ], [ -111.940368755305443, 41.211888070462635 ], [ -111.940208766566258, 41.211886043367478 ], [ -111.940155804835953, 41.211886115517189 ], [ -111.940161800741279, 41.211680060023248 ], [ -111.940170867009115, 41.211430110209193 ], [ -111.940175749995689, 41.211063095444025 ], [ -111.940179689165774, 41.210866162741098 ], [ -111.940179852414332, 41.210858046038631 ], [ -111.940185769286316, 41.210638117355927 ], [ -111.94020581033179, 41.209980120112661 ], [ -111.940212814373041, 41.209761082472255 ], [ -111.940214863758442, 41.209596044107073 ], [ -111.940221775937005, 41.209104074571798 ], [ -111.940224809257117, 41.208941099862791 ], [ -111.940241826343467, 41.208280061980147 ], [ -111.940249856511812, 41.207991118764582 ], [ -111.940252845503323, 41.2078250814548 ], [ -111.940260827762756, 41.20736607055504 ], [ -111.940280789997274, 41.206736086420896 ], [ -111.940279798180924, 41.206300119643309 ], [ -111.940279763503625, 41.206206077198075 ], [ -111.940290748039416, 41.20583207701759 ], [ -111.940295731026453, 41.205640942201285 ], [ -111.940295753640086, 41.205640080830548 ], [ -111.939888749883821, 41.205637097057824 ], [ -111.939242798899386, 41.205631107391646 ], [ -111.93746183612555, 41.205616076172227 ], [ -111.936086803950886, 41.205604111244092 ], [ -111.935034803838306, 41.205595092109235 ], [ -111.935049778678973, 41.20567504912669 ], [ -111.92999280672467, 41.205682041688767 ], [ -111.929302850834645, 41.205684105200973 ], [ -111.929299038069416, 41.207837833909714 ], [ -111.929194619810843, 41.210622021083225 ], [ -111.929124399172096, 41.21173104353587 ], [ -111.929116581495066, 41.211854511312254 ], [ -111.929080209242528, 41.21279573949068 ], [ -111.929073919777125, 41.213123275494709 ], [ -111.929030806272294, 41.213774162028265 ], [ -111.929022217768406, 41.21412399089126 ], [ -111.929012929855389, 41.214533711846236 ], [ -111.929002977233949, 41.214954708757681 ], [ -111.928980371069628, 41.215804235375842 ], [ -111.928978082140119, 41.215939518824776 ], [ -111.928977083304417, 41.215998488215689 ], [ -111.928968935214996, 41.216329259882563 ], [ -111.928961372921322, 41.216633815636207 ], [ -111.928953186346519, 41.216968136178473 ], [ -111.928937542571703, 41.217501865921058 ], [ -111.928934128330624, 41.217752824408294 ], [ -111.928939345691433, 41.217761033599892 ], [ -111.92893377680592, 41.218006391053351 ], [ -111.929922046597582, 41.218009734782818 ], [ -111.934669680238031, 41.218132168341839 ], [ -111.939984172900708, 41.218201363883033 ] ] ] } },
{ "type": "Feature", "properties": { "PRECINCT": "OGD36", "PrecinctID": "OGD36", "CONSOL_PRE": null, "MUNIWARD": 4, "POLLING_PL": null, "ADDRESS": null }, "geometry": { "type": "Polygon", "coordinates": [ [ [ -111.940295731026453, 41.205640942201285 ], [ -111.940433605900026, 41.205641613530716 ], [ -111.941354052308498, 41.205651666956825 ], [ -111.942097320159633, 41.205660506964421 ], [ -111.942535731489087, 41.205664568288988 ], [ -111.942840574706452, 41.205667340898046 ], [ -111.943067268083368, 41.205668183611245 ], [ -111.943630139078309, 41.205670131790377 ], [ -111.94440158567852, 41.205680820999795 ], [ -111.944973220020586, 41.205696966758978 ], [ -111.945307544810262, 41.205703592875231 ], [ -111.945462702096094, 41.205706423126387 ], [ -111.945985380133024, 41.205715520024022 ], [ -111.94633499944787, 41.205716937607626 ], [ -111.947307753307527, 41.20573060019413 ], [ -111.947789221995521, 41.205731014674804 ], [ -111.948583912285685, 41.205746931785065 ], [ -111.948605776964783, 41.205046695364537 ], [ -111.948643937831648, 41.203175194379348 ], [ -111.948673725218725, 41.20182892896478 ], [ -111.948679959215653, 41.201544773461116 ], [ -111.948730076742166, 41.199468287057861 ], [ -111.948719999547734, 41.199367430875114 ], [ -111.948735082572398, 41.198788645340279 ], [ -111.948752378307049, 41.198472625438676 ], [ -111.948762841298119, 41.198281143342996 ], [ -111.948768337341789, 41.197883629626816 ], [ -111.94877107641905, 41.197636512135716 ], [ -111.948776038489001, 41.197504147825114 ], [ -111.948761678359332, 41.195857854103977 ], [ -111.94877301986385, 41.19485899679529 ], [ -111.94879345939944, 41.193382009532279 ], [ -111.948841010488991, 41.191866379823495 ], [ -111.948851508167792, 41.191369508747101 ], [ -111.948871773120175, 41.190413274608609 ], [ -111.948872250846193, 41.190390773862333 ], [ -111.948886597742074, 41.189992292342531 ], [ -111.948893708433843, 41.189793396689495 ], [ -111.948908117051516, 41.189392909983795 ], [ -111.9489501275376, 41.188224874883858 ], [ -111.948990693342978, 41.187316516122763 ], [ -111.949034009852156, 41.18634569957581 ], [ -111.948639334283484, 41.186298635843997 ], [ -111.948063733519547, 41.186209418579153 ], [ -111.94763116426931, 41.186144000974792 ], [ -111.947522953453571, 41.186114802327914 ], [ -111.947355518634296, 41.186069594551974 ], [ -111.947148526060715, 41.185995247614628 ], [ -111.946893501554769, 41.185891481518674 ], [ -111.946715255857953, 41.185809794091625 ], [ -111.946469051165195, 41.185640007837556 ], [ -111.946327963117724, 41.185528652367751 ], [ -111.945961365172849, 41.185285054137367 ], [ -111.945959350299233, 41.185283718198107 ], [ -111.945930167060169, 41.185266333985204 ], [ -111.945794510187596, 41.185185434223939 ], [ -111.945632231748178, 41.185113214578827 ], [ -111.94531166281746, 41.184998607593059 ], [ -111.945052583013961, 41.184927162119678 ], [ -111.944717008933495, 41.184815468795776 ], [ -111.94435631184956, 41.184681431624099 ], [ -111.944062657685862, 41.184600797001593 ], [ -111.943658939017993, 41.184517955893632 ], [ -111.943036709152324, 41.184453138078979 ], [ -111.942817168896397, 41.184430281993215 ], [ -111.942385823829142, 41.184397976325393 ], [ -111.941627177323227, 41.184356948101168 ], [ -111.940937282623509, 41.184319625411604 ], [ -111.940817266361123, 41.184329291549567 ], [ -111.940489829901125, 41.184328658987148 ], [ -111.940243887183115, 41.18433577611475 ], [ -111.940125044519547, 41.184345522809451 ], [ -111.940018584199677, 41.184367630265712 ], [ -111.939871263354647, 41.18440844908573 ], [ -111.939705827553823, 41.184462488569615 ], [ -111.939461932942464, 41.18457212151516 ], [ -111.939319518755966, 41.184667642980315 ], [ -111.939046421863139, 41.184904070801622 ], [ -111.938925191446984, 41.185022783525184 ], [ -111.938608543690137, 41.185332853881995 ], [ -111.938436545788889, 41.185560832158984 ], [ -111.93829984612789, 41.185764573934122 ], [ -111.938190628873272, 41.185986422952148 ], [ -111.938114006583262, 41.18618184630283 ], [ -111.938066381638293, 41.186417439508261 ], [ -111.938043415096899, 41.186662203869503 ], [ -111.938030101665746, 41.186975405532337 ], [ -111.938032099676548, 41.187496031380974 ], [ -111.93803474923611, 41.188199368951409 ], [ -111.938062812682134, 41.190403744099108 ], [ -111.932117350802329, 41.190323838485206 ], [ -111.930821044448848, 41.190326552813993 ], [ -111.929685566411976, 41.190322376313645 ], [ -111.929499193390114, 41.19738849219987 ], [ -111.929499151778387, 41.197389725314828 ], [ -111.9294846200373, 41.197811090776057 ], [ -111.929355809722622, 41.201453827571939 ], [ -111.929304900930035, 41.204587629741624 ], [ -111.929304192876174, 41.204926077602892 ], [ -111.929302850834645, 41.205684105200973 ], [ -111.92999280672467, 41.205682041688767 ], [ -111.935049778678973, 41.20567504912669 ], [ -111.935034803838306, 41.205595092109235 ], [ -111.936086803950886, 41.205604111244092 ], [ -111.93746183612555, 41.205616076172227 ], [ -111.939242798899386, 41.205631107391646 ], [ -111.939888749883821, 41.205637097057824 ], [ -111.940295753640086, 41.205640080830548 ], [ -111.940295731026453, 41.205640942201285 ] ] ] } },
{ "type": "Feature", "properties": { "PRECINCT": "OGD39", "PrecinctID": "OGD39", "CONSOL_PRE": null, "MUNIWARD": 4, "POLLING_PL": null, "ADDRESS": null }, "geometry": { "type": "Polygon", "coordinates": [ [ [ -111.929685566411976, 41.190322376313645 ], [ -111.930821044448848, 41.190326552813993 ], [ -111.932117350802329, 41.190323838485206 ], [ -111.938062812682134, 41.190403744099108 ], [ -111.93803474923611, 41.188199368951409 ], [ -111.938032099676548, 41.187496031380974 ], [ -111.938030101665746, 41.186975405532337 ], [ -111.938043415096899, 41.186662203869503 ], [ -111.938066381638293, 41.186417439508261 ], [ -111.938114006583262, 41.18618184630283 ], [ -111.938190628873272, 41.185986422952148 ], [ -111.93829984612789, 41.185764573934122 ], [ -111.938436545788889, 41.185560832158984 ], [ -111.938608543690137, 41.185332853881995 ], [ -111.938925191446984, 41.185022783525184 ], [ -111.939046421863139, 41.184904070801622 ], [ -111.939319518755966, 41.184667642980315 ], [ -111.939461932942464, 41.18457212151516 ], [ -111.939705827553823, 41.184462488569615 ], [ -111.939871263354647, 41.18440844908573 ], [ -111.940018584199677, 41.184367630265712 ], [ -111.940125044519547, 41.184345522809451 ], [ -111.940243887183115, 41.18433577611475 ], [ -111.940489829901125, 41.184328658987148 ], [ -111.940817266361123, 41.184329291549567 ], [ -111.940937282623509, 41.184319625411604 ], [ -111.941627177323227, 41.184356948101168 ], [ -111.942385823829142, 41.184397976325393 ], [ -111.942817168896397, 41.184430281993215 ], [ -111.943036709152324, 41.184453138078979 ], [ -111.943658939017993, 41.184517955893632 ], [ -111.944062657685862, 41.184600797001593 ], [ -111.94435631184956, 41.184681431624099 ], [ -111.944717008933495, 41.184815468795776 ], [ -111.945052583013961, 41.184927162119678 ], [ -111.94531166281746, 41.184998607593059 ], [ -111.945632231748178, 41.185113214578827 ], [ -111.945794510187596, 41.185185434223939 ], [ -111.945930167060169, 41.185266333985204 ], [ -111.945959350299233, 41.185283718198107 ], [ -111.945961365172849, 41.185285054137367 ], [ -111.946327963117724, 41.185528652367751 ], [ -111.946469051165195, 41.185640007837556 ], [ -111.946715255857953, 41.185809794091625 ], [ -111.946893501554769, 41.185891481518674 ], [ -111.947148526060715, 41.185995247614628 ], [ -111.947355518634296, 41.186069594551974 ], [ -111.947522953453571, 41.186114802327914 ], [ -111.94763116426931, 41.186144000974792 ], [ -111.948063733519547, 41.186209418579153 ], [ -111.948639334283484, 41.186298635843997 ], [ -111.949034009852156, 41.18634569957581 ], [ -111.949036171527496, 41.186313155206001 ], [ -111.949039740119659, 41.186110065097544 ], [ -111.949055770989787, 41.185272357664196 ], [ -111.949088518586109, 41.184222931477912 ], [ -111.949109912903594, 41.18315705274162 ], [ -111.949111639626565, 41.182812018066073 ], [ -111.949133207294167, 41.182369008566873 ], [ -111.949147637584986, 41.181690386043016 ], [ -111.949154302044406, 41.181458664633524 ], [ -111.949177201507837, 41.180662843386507 ], [ -111.949178607535217, 41.180613919593696 ], [ -111.949190970722114, 41.179660611211233 ], [ -111.944855038720107, 41.179636259224857 ], [ -111.940985162454936, 41.179570594096305 ], [ -111.940375587183084, 41.179538401341745 ], [ -111.939627831088188, 41.179345597764964 ], [ -111.938912042637497, 41.179123253122285 ], [ -111.938938303979427, 41.179000383661936 ], [ -111.93899055275044, 41.178713723869926 ], [ -111.939001621627753, 41.177712078905572 ], [ -111.939089183875723, 41.177535743495007 ], [ -111.939354952379887, 41.177467680309469 ], [ -111.941041503997852, 41.177536653955507 ], [ -111.941263072353109, 41.177493899377623 ], [ -111.941339703120633, 41.177342745913435 ], [ -111.941340954081554, 41.177116851335093 ], [ -111.938467120251886, 41.177006421517071 ], [ -111.938505730566462, 41.176023617917124 ], [ -111.93810004708746, 41.176006306788608 ], [ -111.938126996015399, 41.17536976580633 ], [ -111.937605429925696, 41.17481545945644 ], [ -111.937424303777036, 41.174787863588428 ], [ -111.935469612259837, 41.174521849419598 ], [ -111.932128660126722, 41.174081873126255 ], [ -111.931975997734099, 41.174045636413503 ], [ -111.932068983091852, 41.174286989190136 ], [ -111.932095198018914, 41.175955786119843 ], [ -111.931939073230012, 41.175953992429356 ], [ -111.929938489967782, 41.175961488644369 ], [ -111.929937823510954, 41.175959032355969 ], [ -111.929937800177541, 41.175959080689587 ], [ -111.929937365239368, 41.175959475434389 ], [ -111.92993067108344, 41.177526740098024 ], [ -111.929930609610324, 41.177540828274978 ], [ -111.92992208010952, 41.17953757083788 ], [ -111.929909408239695, 41.180436980692598 ], [ -111.929905230498832, 41.180574457370959 ], [ -111.929779641420239, 41.182701124321319 ], [ -111.929780925712777, 41.183425867306553 ], [ -111.929730398189577, 41.187108432726639 ], [ -111.929687084701655, 41.190264862840827 ], [ -111.929687082698806, 41.190264918242235 ], [ -111.929685566411976, 41.190322376313645 ] ] ] } },
{ "type": "Feature", "properties": { "PRECINCT": "OGD40", "PrecinctID": "OGD40", "CONSOL_PRE": null, "MUNIWARD": 4, "POLLING_PL": null, "ADDRESS": null }, "geometry": { "type": "Polygon", "coordinates": [ [ [ -111.929937823510954, 41.175959032355969 ], [ -111.929938489967782, 41.175961488644369 ], [ -111.931939073230012, 41.175953992429356 ], [ -111.932095198018914, 41.175955786119843 ], [ -111.932068983091852, 41.174286989190136 ], [ -111.931975997734099, 41.174045636413503 ], [ -111.932128660126722, 41.174081873126255 ], [ -111.935469612259837, 41.174521849419598 ], [ -111.937424303777036, 41.174787863588428 ], [ -111.937605429925696, 41.17481545945644 ], [ -111.938126996015399, 41.17536976580633 ], [ -111.93810004708746, 41.176006306788608 ], [ -111.938505730566462, 41.176023617917124 ], [ -111.938467120251886, 41.177006421517071 ], [ -111.941340954081554, 41.177116851335093 ], [ -111.941339703120633, 41.177342745913435 ], [ -111.941263072353109, 41.177493899377623 ], [ -111.941041503997852, 41.177536653955507 ], [ -111.939354952379887, 41.177467680309469 ], [ -111.939089183875723, 41.177535743495007 ], [ -111.939001621627753, 41.177712078905572 ], [ -111.93899055275044, 41.178713723869926 ], [ -111.938938303979427, 41.179000383661936 ], [ -111.938912042637497, 41.179123253122285 ], [ -111.939627831088188, 41.179345597764964 ], [ -111.940375587183084, 41.179538401341745 ], [ -111.940985162454936, 41.179570594096305 ], [ -111.944855038720107, 41.179636259224857 ], [ -111.949190970722114, 41.179660611211233 ], [ -111.949191068837891, 41.179653173729733 ], [ -111.949203273913739, 41.179213633207169 ], [ -111.949235337523774, 41.177910182187659 ], [ -111.949258107145923, 41.176747318058922 ], [ -111.949274357000107, 41.176086128021289 ], [ -111.949320261750145, 41.174992047686551 ], [ -111.94931320268384, 41.17482310541272 ], [ -111.94929645909518, 41.174433310757486 ], [ -111.949203050778081, 41.173976626081441 ], [ -111.949098945686089, 41.173604414410519 ], [ -111.948908519419319, 41.173163863426993 ], [ -111.948745631375218, 41.172838052726775 ], [ -111.948594500593913, 41.172643065403264 ], [ -111.948570720296431, 41.172612384053188 ], [ -111.948468923596565, 41.172481044941101 ], [ -111.948677832030427, 41.172471472450987 ], [ -111.948396113887682, 41.172117066106161 ], [ -111.948130277885653, 41.171782637337891 ], [ -111.947755718176296, 41.17131142723634 ], [ -111.947747890949714, 41.171301420654743 ], [ -111.947661273943098, 41.171190687293759 ], [ -111.947600828696707, 41.171113610252789 ], [ -111.94705197516204, 41.170420588287172 ], [ -111.947050041485127, 41.170418610550335 ], [ -111.947045631531296, 41.170418667005627 ], [ -111.946649159134651, 41.170423774234962 ], [ -111.946644893428711, 41.170423830114643 ], [ -111.946445344705793, 41.170129525843272 ], [ -111.946023041724416, 41.169506685121135 ], [ -111.945710981411025, 41.169170568035511 ], [ -111.945532902160238, 41.168969884367236 ], [ -111.945376601181366, 41.168805860254615 ], [ -111.94536510716371, 41.168793798472144 ], [ -111.945216232922732, 41.168602318134326 ], [ -111.94519581755965, 41.168576059943192 ], [ -111.944996402465733, 41.168316084460464 ], [ -111.94492461796402, 41.168223080288321 ], [ -111.944808967122256, 41.16826499824321 ], [ -111.944649554859879, 41.168330686775278 ], [ -111.944424499765105, 41.168390396061511 ], [ -111.944260772477236, 41.168422020828594 ], [ -111.944052853318084, 41.168436890429774 ], [ -111.943670055929275, 41.168428675775722 ], [ -111.943362773804324, 41.168369706460687 ], [ -111.943083480330628, 41.168287155672559 ], [ -111.94293156827483, 41.168247485451595 ], [ -111.942755147503334, 41.168220289090918 ], [ -111.942209483550172, 41.168214411967675 ], [ -111.941836894461048, 41.168205237064235 ], [ -111.941439624085547, 41.168250449090721 ], [ -111.941200559261588, 41.16830368720008 ], [ -111.94104369269877, 41.168337368166817 ], [ -111.940866348408591, 41.168335961096197 ], [ -111.940325589295171, 41.168345066245706 ], [ -111.939774384715605, 41.168331164846187 ], [ -111.939466937927051, 41.168326136060152 ], [ -111.939073187742736, 41.16828704162328 ], [ -111.938699843254696, 41.168232743614858 ], [ -111.938252911711217, 41.16821277616225 ], [ -111.937338223140884, 41.168221433345295 ], [ -111.936896354753003, 41.168223112971113 ], [ -111.935755860997091, 41.168208113175979 ], [ -111.935378474497114, 41.168205997384327 ], [ -111.934846073053748, 41.168203006735844 ], [ -111.934355615557791, 41.168163346914646 ], [ -111.934264430348719, 41.168431929185623 ], [ -111.934125060555033, 41.168628957930444 ], [ -111.933828530652704, 41.168976450898512 ], [ -111.933690231257259, 41.169152602202331 ], [ -111.933350610410471, 41.169553064827852 ], [ -111.933026054295709, 41.169903405943671 ], [ -111.932734628231984, 41.170142947654597 ], [ -111.93271759099801, 41.170152789712276 ], [ -111.932341678405663, 41.170370090388026 ], [ -111.932055352925332, 41.170528700082535 ], [ -111.931738926533342, 41.170672869507577 ], [ -111.931138418492068, 41.170989760721213 ], [ -111.930848495221198, 41.171148723949081 ], [ -111.930708705176585, 41.171226441896998 ], [ -111.929928788479742, 41.171622393624631 ], [ -111.930005043783154, 41.171711053508005 ], [ -111.931480395061399, 41.173334127021114 ], [ -111.930284806052867, 41.173949107819936 ], [ -111.930096913947679, 41.17399721365625 ], [ -111.929846183034755, 41.174029752473288 ], [ -111.929637222794469, 41.174054234798589 ], [ -111.929334572990101, 41.174142269348557 ], [ -111.929390415704049, 41.174687191755623 ], [ -111.929403404977393, 41.175074265323282 ], [ -111.929405368385929, 41.175374473958399 ], [ -111.929447760247442, 41.175461219961676 ], [ -111.929573799341085, 41.175547653542466 ], [ -111.929856734372791, 41.175641402363567 ], [ -111.930024960229957, 41.175782980656663 ], [ -111.929937823510954, 41.175959032355969 ] ] ] } },
{ "type": "Feature", "properties": { "PRECINCT": "OGD41", "PrecinctID": "OGD41", "CONSOL_PRE": null, "MUNIWARD": 4, "POLLING_PL": null, "ADDRESS": null }, "geometry": { "type": "Polygon", "coordinates": [ [ [ -111.920502351816069, 41.168497394813841 ], [ -111.920497576503351, 41.16927824682098 ], [ -111.920493924507156, 41.169875227507539 ], [ -111.920405585597905, 41.17280701687946 ], [ -111.92040343810487, 41.172878272158421 ], [ -111.920395613030081, 41.173137977191885 ], [ -111.920393445521867, 41.175881369592943 ], [ -111.925726289038451, 41.175889165556725 ], [ -111.929937379360382, 41.175955853327366 ], [ -111.929937365239368, 41.175959475434389 ], [ -111.929937800177541, 41.175959080689587 ], [ -111.929937823510954, 41.175959032355969 ], [ -111.930024960229957, 41.175782980656663 ], [ -111.929856734372791, 41.175641402363567 ], [ -111.929573799341085, 41.175547653542466 ], [ -111.929447760247442, 41.175461219961676 ], [ -111.929405368385929, 41.175374473958399 ], [ -111.929403404977393, 41.175074265323282 ], [ -111.929390415704049, 41.174687191755623 ], [ -111.929334572990101, 41.174142269348557 ], [ -111.929637222794469, 41.174054234798589 ], [ -111.929846183034755, 41.174029752473288 ], [ -111.930096913947679, 41.17399721365625 ], [ -111.930284806052867, 41.173949107819936 ], [ -111.931480395061399, 41.173334127021114 ], [ -111.930005043783154, 41.171711053508005 ], [ -111.929928788479742, 41.171622393624631 ], [ -111.930708705176585, 41.171226441896998 ], [ -111.930848495221198, 41.171148723949081 ], [ -111.931138418492068, 41.170989760721213 ], [ -111.931738926533342, 41.170672869507577 ], [ -111.932055352925332, 41.170528700082535 ], [ -111.932341678405663, 41.170370090388026 ], [ -111.93271759099801, 41.170152789712276 ], [ -111.932734628231984, 41.170142947654597 ], [ -111.933026054295709, 41.169903405943671 ], [ -111.933350610410471, 41.169553064827852 ], [ -111.933690231257259, 41.169152602202331 ], [ -111.933828530652704, 41.168976450898512 ], [ -111.934125060555033, 41.168628957930444 ], [ -111.934264430348719, 41.168431929185623 ], [ -111.934355615557791, 41.168163346914646 ], [ -111.934846073053748, 41.168203006735844 ], [ -111.935378474497114, 41.168205997384327 ], [ -111.935755860997091, 41.168208113175979 ], [ -111.936896354753003, 41.168223112971113 ], [ -111.937338223140884, 41.168221433345295 ], [ -111.938252911711217, 41.16821277616225 ], [ -111.938699843254696, 41.168232743614858 ], [ -111.939073187742736, 41.16828704162328 ], [ -111.939466937927051, 41.168326136060152 ], [ -111.939774384715605, 41.168331164846187 ], [ -111.940325589295171, 41.168345066245706 ], [ -111.940866348408591, 41.168335961096197 ], [ -111.94104369269877, 41.168337368166817 ], [ -111.941200559261588, 41.16830368720008 ], [ -111.941439624085547, 41.168250449090721 ], [ -111.941836894461048, 41.168205237064235 ], [ -111.942209483550172, 41.168214411967675 ], [ -111.942755147503334, 41.168220289090918 ], [ -111.94293156827483, 41.168247485451595 ], [ -111.943083480330628, 41.168287155672559 ], [ -111.943362773804324, 41.168369706460687 ], [ -111.943670055929275, 41.168428675775722 ], [ -111.944052853318084, 41.168436890429774 ], [ -111.944260772477236, 41.168422020828594 ], [ -111.944424499765105, 41.168390396061511 ], [ -111.944649554859879, 41.168330686775278 ], [ -111.944808967122256, 41.16826499824321 ], [ -111.94492461796402, 41.168223080288321 ], [ -111.944874283057075, 41.168157867063023 ], [ -111.94378590767181, 41.167142738170966 ], [ -111.943768744515722, 41.167121692091754 ], [ -111.943044728704862, 41.166234273213888 ], [ -111.9427225869495, 41.165843273347562 ], [ -111.942720434683196, 41.165842504328971 ], [ -111.94271973554612, 41.165842271148861 ], [ -111.942708628326542, 41.165838329106982 ], [ -111.941782435520508, 41.165506661894092 ], [ -111.940928800830449, 41.165425074493101 ], [ -111.940904758671408, 41.164938548761832 ], [ -111.940904753030551, 41.164938412978458 ], [ -111.939668416109569, 41.164953700321774 ], [ -111.939675989716989, 41.165384527002438 ], [ -111.93964615804488, 41.165433303922001 ], [ -111.939483098288804, 41.165580510853317 ], [ -111.939484824334471, 41.165693199162732 ], [ -111.939554852472412, 41.166005459855604 ], [ -111.939631022698123, 41.166098098583795 ], [ -111.93966851866908, 41.166130580582383 ], [ -111.939697852814959, 41.166273372776736 ], [ -111.939970995970967, 41.166488445553064 ], [ -111.939814598670367, 41.166476892868893 ], [ -111.939704706349787, 41.166468777070001 ], [ -111.93965887727154, 41.166477634885212 ], [ -111.939394912386135, 41.166498980617838 ], [ -111.939144055662766, 41.166542762128337 ], [ -111.938782380810778, 41.166605197815166 ], [ -111.938780635334055, 41.166605497528273 ], [ -111.937961264484414, 41.166743166303924 ], [ -111.937935491835432, 41.164899756701473 ], [ -111.93635755152863, 41.164900401885191 ], [ -111.936353747403032, 41.164314039011018 ], [ -111.935477295186189, 41.164312576274 ], [ -111.935464767623785, 41.164312566536111 ], [ -111.93519075683956, 41.164312633610571 ], [ -111.92996384198716, 41.164314000783598 ], [ -111.929998894399773, 41.163242958362233 ], [ -111.929998963092473, 41.163240810242726 ], [ -111.929998978931124, 41.163240340226913 ], [ -111.929999157642541, 41.163238021939769 ], [ -111.930000262779728, 41.163224076356038 ], [ -111.930001420732367, 41.163209530173816 ], [ -111.930006024315432, 41.16315172973524 ], [ -111.930026821453126, 41.162890474001273 ], [ -111.930030765826729, 41.162722986709959 ], [ -111.930030817497823, 41.162721128132908 ], [ -111.930045145193318, 41.162301735597701 ], [ -111.930059916787698, 41.161600290496516 ], [ -111.930067787068225, 41.161226443517783 ], [ -111.929014375838477, 41.161239152471097 ], [ -111.929001868817508, 41.16123930098945 ], [ -111.925635639272841, 41.161278582619644 ], [ -111.925622935944844, 41.16127872434943 ], [ -111.923400821504373, 41.161302674543343 ], [ -111.923400824208258, 41.161301993721736 ], [ -111.923402035279551, 41.161079458560344 ], [ -111.923403430911293, 41.160822839242158 ], [ -111.923249094605495, 41.160115949384625 ], [ -111.922824754704266, 41.160135763876475 ], [ -111.92222087184814, 41.160152190683398 ], [ -111.922218464592689, 41.16015214770276 ], [ -111.922208349054173, 41.160152429653721 ], [ -111.922063873655873, 41.160150236828976 ], [ -111.921885035810604, 41.160147253226505 ], [ -111.921884321680992, 41.16014724155157 ], [ -111.921817832402311, 41.160146223936628 ], [ -111.921737164646203, 41.160144984892568 ], [ -111.921735350949902, 41.160144955806814 ], [ -111.921731896190209, 41.16014490236288 ], [ -111.921433570744284, 41.160140546121838 ], [ -111.921275376874235, 41.160139063743145 ], [ -111.920448925578611, 41.160132139292578 ], [ -111.920464421779585, 41.160898767621667 ], [ -111.920938391286199, 41.160907944294593 ], [ -111.92094339513919, 41.161261803248735 ], [ -111.92093038868461, 41.161261502416863 ], [ -111.920467900703329, 41.161250832748721 ], [ -111.920486954988732, 41.163133265652284 ], [ -111.920502351816069, 41.168497394813841 ] ] ] } },
{ "type": "Feature", "properties": { "PRECINCT": "OGD26", "PrecinctID": "OGD26", "CONSOL_PRE": null, "MUNIWARD": 3, "POLLING_PL": null, "ADDRESS": null }, "geometry": { "type": "Polygon", "coordinates": [ [ [ -111.928933776922719, 41.218006408921795 ], [ -111.928959024141321, 41.218006975968457 ], [ -111.928927305629827, 41.219099837492593 ], [ -111.928927627693426, 41.219214626209855 ], [ -111.928872824390425, 41.219215177108161 ], [ -111.928579947696008, 41.219218119380209 ], [ -111.92625812652733, 41.219241402131097 ], [ -111.924284888152272, 41.219264075345492 ], [ -111.924250773230682, 41.226364977022499 ], [ -111.924412202522632, 41.230049358694693 ], [ -111.927752855556861, 41.230020301259451 ], [ -111.929243585036261, 41.228624109224725 ], [ -111.929247753221944, 41.228783287605282 ], [ -111.92934900324795, 41.228585678542473 ], [ -111.92963380751209, 41.228099085926381 ], [ -111.929922808580585, 41.227802085472604 ], [ -111.930122807936002, 41.227424086632794 ], [ -111.930182807089594, 41.227050086248866 ], [ -111.930129807871566, 41.226865085740108 ], [ -111.930007727378509, 41.226440126389647 ], [ -111.929999397753505, 41.225946011046545 ], [ -111.930011540283743, 41.225481058057177 ], [ -111.930007806904385, 41.225223086202881 ], [ -111.929923725796016, 41.224872124539985 ], [ -111.929877807407564, 41.224571085354683 ], [ -111.929816808649093, 41.224223085800872 ], [ -111.929733005001424, 41.223816573853419 ], [ -111.929687807234004, 41.22337308452358 ], [ -111.929732808778553, 41.223087085501376 ], [ -111.929728726773419, 41.222381125265372 ], [ -111.931634727331954, 41.22224712534036 ], [ -111.931716807155965, 41.222448083943036 ], [ -111.931689254567928, 41.222945196688535 ], [ -111.931664807938944, 41.223314084757746 ], [ -111.932087726990034, 41.224346124628596 ], [ -111.934344807376618, 41.224377085280238 ], [ -111.934344847444464, 41.224377060112545 ], [ -111.935336283015573, 41.224389256984708 ], [ -111.935750779715221, 41.22439434996199 ], [ -111.936267527960041, 41.224400712140252 ], [ -111.937112200298913, 41.224411087662901 ], [ -111.938725561352243, 41.224434254048774 ], [ -111.939861402222306, 41.224450560925462 ], [ -111.94022492600763, 41.224455460913362 ], [ -111.940224809877222, 41.224455084323516 ], [ -111.940245870168198, 41.223420772485419 ], [ -111.940287615316592, 41.22228361182291 ], [ -111.940347787447962, 41.220214415998285 ], [ -111.939854200714748, 41.220234944373246 ], [ -111.939984172900708, 41.218201363883033 ], [ -111.934669680238031, 41.218132168341839 ], [ -111.929922046597582, 41.218009734782818 ], [ -111.928933776922719, 41.218006408921795 ] ] ] } },
{ "type": "Feature", "properties": { "PRECINCT": "OGD16", "PrecinctID": "OGD16", "CONSOL_PRE": null, "MUNIWARD": 3, "POLLING_PL": null, "ADDRESS": null }, "geometry": { "type": "Polygon", "coordinates": [ [ [ -111.953420601047213, 41.244122688315926 ], [ -111.953779643400182, 41.244126718360874 ], [ -111.954491719167052, 41.244134705895469 ], [ -111.954491910950168, 41.244134708712131 ], [ -111.954649915114999, 41.244136481071031 ], [ -111.955264032039182, 41.244144661221391 ], [ -111.955359458705246, 41.244145940273313 ], [ -111.95582916664857, 41.244152174336023 ], [ -111.957491136739506, 41.244171111387544 ], [ -111.957631755786593, 41.244172725376124 ], [ -111.959416074569148, 41.244197041404931 ], [ -111.960117691051849, 41.244199069468316 ], [ -111.960650999144704, 41.244205285189587 ], [ -111.9606525973076, 41.244205303811519 ], [ -111.962581671444951, 41.244227220698662 ], [ -111.964344033240835, 41.244247145693343 ], [ -111.96556717999492, 41.244261159475428 ], [ -111.967275100343898, 41.24427422655878 ], [ -111.969949592398905, 41.244288778689331 ], [ -111.972776795572813, 41.244334040900235 ], [ -111.972783776078359, 41.244008085510238 ], [ -111.972804834863183, 41.243030124039521 ], [ -111.972812782680933, 41.242705059832431 ], [ -111.972538838346594, 41.242701068703305 ], [ -111.971716775942738, 41.242690084069061 ], [ -111.971442845967843, 41.242687081997182 ], [ -111.971318779200033, 41.242685006141691 ], [ -111.969992600643806, 41.242668424020103 ], [ -111.969992942072849, 41.242655612419597 ], [ -111.97002917160593, 41.24130531073628 ], [ -111.970029188762695, 41.241304731714095 ], [ -111.970030277014544, 41.241266639724522 ], [ -111.97005251769933, 41.239800870608789 ], [ -111.970054065475082, 41.239697085302112 ], [ -111.970045786779352, 41.239697047629114 ], [ -111.970045739434823, 41.239697047822439 ], [ -111.970070817649628, 41.23872908361114 ], [ -111.964471207123921, 41.238670809185052 ], [ -111.964471841670218, 41.238655114160998 ], [ -111.964475862633634, 41.238474116401811 ], [ -111.964487809387208, 41.237931121771041 ], [ -111.96449279831171, 41.237751106446112 ], [ -111.963889785717313, 41.237757056368096 ], [ -111.962460770901913, 41.237772072800446 ], [ -111.962081843599535, 41.237793075103468 ], [ -111.961480791603606, 41.237827101584244 ], [ -111.961262786318244, 41.237836127099023 ], [ -111.960607827245269, 41.237864112678388 ], [ -111.960390799187849, 41.237874120780489 ], [ -111.95985386509102, 41.237895082828231 ], [ -111.958244803627395, 41.237961090144921 ], [ -111.957830865619925, 41.237979126486699 ], [ -111.957711762309387, 41.238003086973563 ], [ -111.957717766441391, 41.23784206976066 ], [ -111.957735839654958, 41.237388111980785 ], [ -111.957733866695605, 41.237359123974841 ], [ -111.957728784923759, 41.23719909787436 ], [ -111.95773376948766, 41.23705006935861 ], [ -111.957751810477632, 41.236602056622985 ], [ -111.957757765863903, 41.236454099937703 ], [ -111.957758838543739, 41.236413106214442 ], [ -111.957762785424833, 41.236291108507466 ], [ -111.957764826037959, 41.236251099083823 ], [ -111.95776582563424, 41.236205061260414 ], [ -111.957769763199437, 41.236066129233208 ], [ -111.957771849067441, 41.236021073451631 ], [ -111.957508775910767, 41.235975070499308 ], [ -111.956936838816205, 41.235877047632826 ], [ -111.956720797610785, 41.235832092711988 ], [ -111.956601820642746, 41.235807047913177 ], [ -111.956477832674238, 41.23573304422009 ], [ -111.956397794401013, 41.235686059038265 ], [ -111.956348806036473, 41.235657100150725 ], [ -111.956213858690376, 41.235486084711795 ], [ -111.956157513643461, 41.235415959945172 ], [ -111.955487820508253, 41.235646508082276 ], [ -111.955383536154386, 41.235682343967646 ], [ -111.955301037551791, 41.235713890828826 ], [ -111.955199500701227, 41.235752717653504 ], [ -111.954943466794859, 41.235849889474288 ], [ -111.954312021937127, 41.236091211741282 ], [ -111.953596255425239, 41.236506314336829 ], [ -111.953182750076834, 41.236985321039 ], [ -111.952912819624373, 41.237442063219 ], [ -111.952857276231711, 41.237724368902313 ], [ -111.952861321022908, 41.238310225474159 ], [ -111.952764996886017, 41.239825889075696 ], [ -111.952814366928095, 41.241134784917527 ], [ -111.953063789731289, 41.242209488355776 ], [ -111.953269173580935, 41.24274652400721 ], [ -111.953405322386843, 41.243491314527617 ], [ -111.953404090864794, 41.244122406681797 ], [ -111.953420601047213, 41.244122688315926 ] ] ] } },
{ "type": "Feature", "properties": { "PRECINCT": "OGD18", "PrecinctID": "OGD18", "CONSOL_PRE": null, "MUNIWARD": 1, "POLLING_PL": null, "ADDRESS": null }, "geometry": { "type": "Polygon", "coordinates": [ [ [ -111.956157513643461, 41.235415959945172 ], [ -111.956213858690376, 41.235486084711795 ], [ -111.956348806036473, 41.235657100150725 ], [ -111.956397794401013, 41.235686059038265 ], [ -111.956477832674238, 41.23573304422009 ], [ -111.956601820642746, 41.235807047913177 ], [ -111.956720797610785, 41.235832092711988 ], [ -111.956936838816205, 41.235877047632826 ], [ -111.957508775910767, 41.235975070499308 ], [ -111.957771849067441, 41.236021073451631 ], [ -111.957769763199437, 41.236066129233208 ], [ -111.95776582563424, 41.236205061260414 ], [ -111.957764826037959, 41.236251099083823 ], [ -111.957762785424833, 41.236291108507466 ], [ -111.957758838543739, 41.236413106214442 ], [ -111.957757765863903, 41.236454099937703 ], [ -111.957751810477632, 41.236602056622985 ], [ -111.95773376948766, 41.23705006935861 ], [ -111.957728784923759, 41.23719909787436 ], [ -111.957733866695605, 41.237359123974841 ], [ -111.957735839654958, 41.237388111980785 ], [ -111.957717766441391, 41.23784206976066 ], [ -111.957711762309387, 41.238003086973563 ], [ -111.957830865619925, 41.237979126486699 ], [ -111.958244803627395, 41.237961090144921 ], [ -111.95985386509102, 41.237895082828231 ], [ -111.960390799187849, 41.237874120780489 ], [ -111.960607827245269, 41.237864112678388 ], [ -111.961262786318244, 41.237836127099023 ], [ -111.961480791603606, 41.237827101584244 ], [ -111.962081843599535, 41.237793075103468 ], [ -111.962460770901913, 41.237772072800446 ], [ -111.963889785717313, 41.237757056368096 ], [ -111.96449279831171, 41.237751106446112 ], [ -111.964487809387208, 41.237931121771041 ], [ -111.964475862633634, 41.238474116401811 ], [ -111.964471841670218, 41.238655114160998 ], [ -111.964471207123921, 41.238670809185052 ], [ -111.970070817649628, 41.23872908361114 ], [ -111.970338339739882, 41.229031171523431 ], [ -111.967451303406719, 41.228995351121426 ], [ -111.964694814199561, 41.228961082761813 ], [ -111.964631393905051, 41.231043875841557 ], [ -111.964572819989243, 41.231043120538438 ], [ -111.964556828341358, 41.231043074293019 ], [ -111.963947856756292, 41.231029076734977 ], [ -111.963934850344856, 41.231029096994021 ], [ -111.963502796126619, 41.231029109654962 ], [ -111.96336877047716, 41.23102707792755 ], [ -111.963177831001275, 41.231025073156488 ], [ -111.962798816577802, 41.231021126196623 ], [ -111.962227796953954, 41.231016081877641 ], [ -111.962223846816471, 41.231015123884077 ], [ -111.962203800769785, 41.231015109674793 ], [ -111.961879865755634, 41.231008090201705 ], [ -111.961879869432636, 41.231007940088055 ], [ -111.960479385322671, 41.230989453205112 ], [ -111.959078531338776, 41.23097074705538 ], [ -111.957466693981615, 41.230951147152275 ], [ -111.956275018264861, 41.230933748219094 ], [ -111.95632284397621, 41.228880000612982 ], [ -111.956420871842539, 41.224670065491011 ], [ -111.955868838049909, 41.224662039439593 ], [ -111.954212764272555, 41.224640105646323 ], [ -111.953661819384621, 41.224633049291818 ], [ -111.953563773166152, 41.228833748595264 ], [ -111.953515584172649, 41.230898108504867 ], [ -111.953516850629711, 41.230898126744577 ], [ -111.953516562931881, 41.230908895681459 ], [ -111.953505832204812, 41.23131410290199 ], [ -111.953476849919156, 41.232563081917419 ], [ -111.953466798787247, 41.232980042291743 ], [ -111.953476842795851, 41.233745072163025 ], [ -111.953491789087067, 41.233780079207392 ], [ -111.953571862089433, 41.233961102661304 ], [ -111.95383982900654, 41.234213079006686 ], [ -111.955520804788762, 41.234978127321085 ], [ -111.956050800061178, 41.23522008936613 ], [ -111.956152022887423, 41.235406232433355 ], [ -111.956156859250484, 41.235415126273963 ], [ -111.956157429926151, 41.235415835194608 ], [ -111.956157513643461, 41.235415959945172 ] ] ] } },
{ "type": "Feature", "properties": { "PRECINCT": "OGD25", "PrecinctID": "OGD25", "CONSOL_PRE": null, "MUNIWARD": 3, "POLLING_PL": null, "ADDRESS": null }, "geometry": { "type": "Polygon", "coordinates": [ [ [ -111.94022492600763, 41.224455460913362 ], [ -111.942620242865431, 41.224486872306358 ], [ -111.943784028707654, 41.224502289660101 ], [ -111.94427911422747, 41.224508384906947 ], [ -111.945085697224386, 41.224519506522071 ], [ -111.945379051604021, 41.224523546546287 ], [ -111.946119896486934, 41.224528768374128 ], [ -111.946762337968693, 41.224542115411424 ], [ -111.948144839693967, 41.224560370511611 ], [ -111.948144825471871, 41.224561060307273 ], [ -111.948574764672117, 41.224566075569335 ], [ -111.949866752253271, 41.224583077754971 ], [ -111.950297780085137, 41.224589070478068 ], [ -111.950418772503099, 41.224590053359073 ], [ -111.950780822105543, 41.224595081241148 ], [ -111.950902784572662, 41.224597047965567 ], [ -111.950913461769446, 41.224597165168724 ], [ -111.951001835193466, 41.220390183468552 ], [ -111.950986869254493, 41.220390242115919 ], [ -111.950986201806913, 41.220390232223131 ], [ -111.95104973205882, 41.218310122776806 ], [ -111.949652807158188, 41.218297086017088 ], [ -111.940006745186494, 41.218205669765986 ], [ -111.940007037792412, 41.218201662433088 ], [ -111.939984172900708, 41.218201363883033 ], [ -111.939854200714748, 41.220234944373246 ], [ -111.940347787447962, 41.220214415998285 ], [ -111.940287615316592, 41.22228361182291 ], [ -111.940245870168198, 41.223420772485419 ], [ -111.940224809877222, 41.224455084323516 ], [ -111.94022492600763, 41.224455460913362 ] ] ] } },
{ "type": "Feature", "properties": { "PRECINCT": "OGD23", "PrecinctID": "OGD23", "CONSOL_PRE": null, "MUNIWARD": 3, "POLLING_PL": null, "ADDRESS": null }, "geometry": { "type": "Polygon", "coordinates": [ [ [ -111.929252618777383, 41.2289690987444 ], [ -111.929911181075866, 41.229065979387094 ], [ -111.930361085901168, 41.22904885580904 ], [ -111.930952554419449, 41.22878411667984 ], [ -111.931606091673032, 41.228627239610198 ], [ -111.932055484537784, 41.228532898047931 ], [ -111.934305707938023, 41.228555314017129 ], [ -111.937003430025669, 41.228593195612405 ], [ -111.937003416945345, 41.228593719220761 ], [ -111.93973322920742, 41.228634583163185 ], [ -111.94101756945804, 41.228637304704698 ], [ -111.942352678299059, 41.228670354769122 ], [ -111.943626957511299, 41.228680719458389 ], [ -111.94527545412393, 41.228697258360818 ], [ -111.945670100851572, 41.228733904322539 ], [ -111.945903000809125, 41.228778811033308 ], [ -111.947157058090639, 41.228789214989085 ], [ -111.947885107986721, 41.228778748919623 ], [ -111.948047837565397, 41.22874107870647 ], [ -111.953563773166152, 41.228833748595264 ], [ -111.953661819384621, 41.224633049291818 ], [ -111.953384847310588, 41.224629128449585 ], [ -111.952557765411498, 41.224618047309704 ], [ -111.952281763506278, 41.224615106363323 ], [ -111.95200586776626, 41.224611081481406 ], [ -111.951177830851705, 41.224600090669675 ], [ -111.950913461769446, 41.224597165168724 ], [ -111.950902784572662, 41.224597047965567 ], [ -111.950780822105543, 41.224595081241148 ], [ -111.950418772503099, 41.224590053359073 ], [ -111.950297780085137, 41.224589070478068 ], [ -111.949866752253271, 41.224583077754971 ], [ -111.948574764672117, 41.224566075569335 ], [ -111.948144825471871, 41.224561060307273 ], [ -111.948144839693967, 41.224560370511611 ], [ -111.946762337968693, 41.224542115411424 ], [ -111.946119896486934, 41.224528768374128 ], [ -111.945379051604021, 41.224523546546287 ], [ -111.945085697224386, 41.224519506522071 ], [ -111.94427911422747, 41.224508384906947 ], [ -111.943784028707654, 41.224502289660101 ], [ -111.942620242865431, 41.224486872306358 ], [ -111.94022492600763, 41.224455460913362 ], [ -111.939861402222306, 41.224450560925462 ], [ -111.938725561352243, 41.224434254048774 ], [ -111.937112200298913, 41.224411087662901 ], [ -111.936267527960041, 41.224400712140252 ], [ -111.935750779715221, 41.22439434996199 ], [ -111.935336283015573, 41.224389256984708 ], [ -111.934344847444464, 41.224377060112545 ], [ -111.934344807376618, 41.224377085280238 ], [ -111.932087726990034, 41.224346124628596 ], [ -111.931664807938944, 41.223314084757746 ], [ -111.931689254567928, 41.222945196688535 ], [ -111.931716807155965, 41.222448083943036 ], [ -111.931634727331954, 41.22224712534036 ], [ -111.929728726773419, 41.222381125265372 ], [ -111.929732808778553, 41.223087085501376 ], [ -111.929687807234004, 41.22337308452358 ], [ -111.929733005001424, 41.223816573853419 ], [ -111.929816808649093, 41.224223085800872 ], [ -111.929877807407564, 41.224571085354683 ], [ -111.929923725796016, 41.224872124539985 ], [ -111.930007806904385, 41.225223086202881 ], [ -111.930011540283743, 41.225481058057177 ], [ -111.929999397753505, 41.225946011046545 ], [ -111.930007727378509, 41.226440126389647 ], [ -111.930129807871566, 41.226865085740108 ], [ -111.930182807089594, 41.227050086248866 ], [ -111.930122807936002, 41.227424086632794 ], [ -111.929922808580585, 41.227802085472604 ], [ -111.92963380751209, 41.228099085926381 ], [ -111.92934900324795, 41.228585678542473 ], [ -111.929247753221944, 41.228783287605282 ], [ -111.929252618777383, 41.2289690987444 ] ] ] } },
{ "type": "Feature", "properties": { "PRECINCT": "OGD28", "PrecinctID": "OGD28", "CONSOL_PRE": null, "MUNIWARD": 4, "POLLING_PL": null, "ADDRESS": null }, "geometry": { "type": "Polygon", "coordinates": [ [ [ -111.949719990227564, 41.216196116560766 ], [ -111.949994782582351, 41.216200059971861 ], [ -111.950313858248478, 41.216206075578832 ], [ -111.950822829271246, 41.216211062429956 ], [ -111.95109975000139, 41.216214088909531 ], [ -111.951374760535217, 41.21621704180486 ], [ -111.952201755006229, 41.216229123115056 ], [ -111.952477853877895, 41.216233053677279 ], [ -111.952752865182021, 41.216236094408494 ], [ -111.953580796822649, 41.216247075691179 ], [ -111.953856778163669, 41.216251094540631 ], [ -111.954131791342931, 41.216254040838031 ], [ -111.954959842391503, 41.216265102861584 ], [ -111.955235821526443, 41.216269118413123 ], [ -111.955511788457613, 41.216272052279692 ], [ -111.956339839965977, 41.216283104373545 ], [ -111.956549837629566, 41.216286045375931 ], [ -111.956615823993786, 41.216287116596867 ], [ -111.956640881805214, 41.216287385269723 ], [ -111.956895845196911, 41.216290106107863 ], [ -111.957035789645147, 41.21629110500713 ], [ -111.957735823357766, 41.216301047199494 ], [ -111.958016817663903, 41.216305105823835 ], [ -111.958296838995068, 41.216308090138945 ], [ -111.959136834649641, 41.216320102008531 ], [ -111.959187772009429, 41.216320038149149 ], [ -111.959417826132054, 41.216324067879114 ], [ -111.959692840492195, 41.216327090229257 ], [ -111.96052077271267, 41.216338112721445 ], [ -111.960796754860823, 41.216342114927592 ], [ -111.960852823031516, 41.216342097688667 ], [ -111.961023770721368, 41.216342111655088 ], [ -111.961080790152891, 41.216342086920463 ], [ -111.961307848202139, 41.216345054526336 ], [ -111.961991808551588, 41.216357088408124 ], [ -111.962219834406369, 41.216361038483157 ], [ -111.962220023729699, 41.216361039509621 ], [ -111.962289596134326, 41.212180812285901 ], [ -111.956720397897797, 41.212102078912565 ], [ -111.956151548200481, 41.212094023081221 ], [ -111.94843832664192, 41.212009097813535 ], [ -111.948428854170814, 41.212412119013827 ], [ -111.948389632723476, 41.214080229676178 ], [ -111.948363079050608, 41.215131542006937 ], [ -111.948340319033463, 41.216176088480474 ], [ -111.949719490752784, 41.216195748625488 ], [ -111.949719990227564, 41.216196116560766 ] ] ] } },
{ "type": "Feature", "properties": { "PRECINCT": "OGD21", "PrecinctID": "OGD21", "CONSOL_PRE": null, "MUNIWARD": 1, "POLLING_PL": null, "ADDRESS": null }, "geometry": { "type": "Polygon", "coordinates": [ [ [ -111.970338339739882, 41.229031171523431 ], [ -111.978661844329437, 41.22913403838502 ], [ -111.978661837589826, 41.2291366830162 ], [ -111.978705193309594, 41.229137138844429 ], [ -111.978858870144379, 41.216560115486701 ], [ -111.976196862586974, 41.216545062123565 ], [ -111.975079821147091, 41.216530116020422 ], [ -111.974745844473048, 41.216525106117828 ], [ -111.974576763126123, 41.216522124291885 ], [ -111.973744785696653, 41.216512048678197 ], [ -111.973411780110055, 41.216508108406124 ], [ -111.973137838663803, 41.216505109063576 ], [ -111.972317805778701, 41.21649609262365 ], [ -111.972044818060866, 41.216493083191445 ], [ -111.971927867661037, 41.216490106989831 ], [ -111.971579756056016, 41.21648106280572 ], [ -111.971463773551605, 41.216479070320389 ], [ -111.971288864253509, 41.216477122498254 ], [ -111.970763796765397, 41.216473081805098 ], [ -111.970589852977341, 41.216472117124965 ], [ -111.970589817481553, 41.216472117270136 ], [ -111.970589734645216, 41.216472115821944 ], [ -111.970022854312788, 41.216464104270642 ], [ -111.968324860242021, 41.216441103510277 ], [ -111.967758832272594, 41.216434061919941 ], [ -111.96754380699376, 41.21643010395119 ], [ -111.967202810519069, 41.21642612278665 ], [ -111.965577851877057, 41.216405081131171 ], [ -111.965538843035247, 41.216405047744324 ], [ -111.964983791904629, 41.216398080331906 ], [ -111.964597793222197, 41.216392127211208 ], [ -111.964430754714215, 41.216390103240222 ], [ -111.962771787421801, 41.216368044190951 ], [ -111.962614769270203, 41.216366114880174 ], [ -111.962220023729699, 41.216361039509621 ], [ -111.962220023729714, 41.216361711382483 ], [ -111.962195052739432, 41.217396410046767 ], [ -111.962172044601587, 41.218457232201388 ], [ -111.962123461617395, 41.220548094469137 ], [ -111.962074586279698, 41.222651651251596 ], [ -111.962067726880719, 41.222946587782971 ], [ -111.962038373621354, 41.224206265626073 ], [ -111.962030884223765, 41.224527734615087 ], [ -111.962025853065157, 41.224743570446734 ], [ -111.962037664728314, 41.224743792851356 ], [ -111.962383055241574, 41.224735510171953 ], [ -111.962785210106318, 41.224741018192248 ], [ -111.963827172138792, 41.224755277095404 ], [ -111.963874736634423, 41.224755925242697 ], [ -111.964753810379989, 41.224767939162746 ], [ -111.96602132076292, 41.224785248418186 ], [ -111.966859311529248, 41.22479668533262 ], [ -111.967531909329097, 41.224823115432187 ], [ -111.967451303406719, 41.228995351121426 ], [ -111.970338339739882, 41.229031171523431 ] ] ] } },
{ "type": "Feature", "properties": { "PRECINCT": "OGD17", "PrecinctID": "OGD17", "CONSOL_PRE": null, "MUNIWARD": 3, "POLLING_PL": null, "ADDRESS": null }, "geometry": { "type": "Polygon", "coordinates": [ [ [ -111.945374009990303, 41.241953279191343 ], [ -111.945380195454646, 41.241956346575705 ], [ -111.947488621530525, 41.243076053275026 ], [ -111.948048268232995, 41.243374075320432 ], [ -111.948727637829549, 41.243680258737811 ], [ -111.949472683480437, 41.243896839241224 ], [ -111.950169229073424, 41.244021914087384 ], [ -111.950858566697136, 41.244078886123894 ], [ -111.953404090864794, 41.244122406681797 ], [ -111.953405322386843, 41.243491314527617 ], [ -111.953269173580935, 41.24274652400721 ], [ -111.953063789731289, 41.242209488355776 ], [ -111.952814366928095, 41.241134784917527 ], [ -111.952764996886017, 41.239825889075696 ], [ -111.952861321022908, 41.238310225474159 ], [ -111.952857276231711, 41.237724368902313 ], [ -111.952912819624373, 41.237442063219 ], [ -111.953182750076834, 41.236985321039 ], [ -111.953596255425239, 41.236506314336829 ], [ -111.954312021937127, 41.236091211741282 ], [ -111.954943466794859, 41.235849889474288 ], [ -111.955199500701227, 41.235752717653504 ], [ -111.955301037551791, 41.235713890828826 ], [ -111.955383536154386, 41.235682343967646 ], [ -111.955487820508253, 41.235646508082276 ], [ -111.956157513643461, 41.235415959945172 ], [ -111.956157429926151, 41.235415835194608 ], [ -111.956156859250484, 41.235415126273963 ], [ -111.956152022887423, 41.235406232433355 ], [ -111.956050800061178, 41.23522008936613 ], [ -111.955520804788762, 41.234978127321085 ], [ -111.95383982900654, 41.234213079006686 ], [ -111.953571862089433, 41.233961102661304 ], [ -111.953491789087067, 41.233780079207392 ], [ -111.953476842795851, 41.233745072163025 ], [ -111.953466798787247, 41.232980042291743 ], [ -111.953476849919156, 41.232563081917419 ], [ -111.953505832204812, 41.23131410290199 ], [ -111.953516562931881, 41.230908895681459 ], [ -111.953516850629711, 41.230898126744577 ], [ -111.953515584172649, 41.230898108504867 ], [ -111.953563773166152, 41.228833748595264 ], [ -111.948047837565397, 41.22874107870647 ], [ -111.948041850386787, 41.228946053017822 ], [ -111.948025796902883, 41.229561054250858 ], [ -111.94802078025478, 41.229767102249674 ], [ -111.948023844008517, 41.230235118013084 ], [ -111.947934803601655, 41.230836124122078 ], [ -111.946676654931693, 41.235153976307572 ], [ -111.946354366931544, 41.236165731536452 ], [ -111.945791261158021, 41.238107512586865 ], [ -111.94571544742368, 41.238569691578512 ], [ -111.945703507860188, 41.238624162825566 ], [ -111.945581429139537, 41.23918109002166 ], [ -111.945525451813722, 41.239658091079079 ], [ -111.945374009990303, 41.241953279191343 ] ] ] } },
{ "type": "Feature", "properties": { "PRECINCT": "OGD11", "PrecinctID": "OGD11", "CONSOL_PRE": null, "MUNIWARD": 3, "POLLING_PL": null, "ADDRESS": null }, "geometry": { "type": "Polygon", "coordinates": [ [ [ -111.947870795434397, 41.258937636426062 ], [ -111.949354903836763, 41.258949694993262 ], [ -111.951364136358535, 41.258978089385202 ], [ -111.953096353642195, 41.258998190049581 ], [ -111.954213816360607, 41.259011134861709 ], [ -111.954214323145848, 41.259011140010266 ], [ -111.95498148499793, 41.259019988904974 ], [ -111.95552252496276, 41.259031499971591 ], [ -111.956233763850946, 41.259034080704609 ], [ -111.956320799098322, 41.259035070649006 ], [ -111.956581787057274, 41.259038126324988 ], [ -111.956668822302817, 41.259039114219519 ], [ -111.956804798849376, 41.259040056227349 ], [ -111.957019814409833, 41.259042051383673 ], [ -111.957214790035522, 41.259045115639864 ], [ -111.957351856246589, 41.259047128378619 ], [ -111.957359211743693, 41.259047202804517 ], [ -111.95803977067726, 41.259054105912334 ], [ -111.958400806086459, 41.259058128229213 ], [ -111.960103794453417, 41.259078077243451 ], [ -111.960791844965925, 41.259086118859749 ], [ -111.961119797026029, 41.259089055310952 ], [ -111.962102871193125, 41.259101112539632 ], [ -111.962431794731387, 41.259105118846989 ], [ -111.962475841709562, 41.259105109925798 ], [ -111.962610864239679, 41.259106054270731 ], [ -111.962655764170336, 41.259107119344684 ], [ -111.962863853527864, 41.259109072450507 ], [ -111.963488861611452, 41.259116093368398 ], [ -111.963697803991352, 41.259119119024653 ], [ -111.963767405308062, 41.257059548502305 ], [ -111.963737153727365, 41.256048494171019 ], [ -111.963794252673921, 41.25432229117105 ], [ -111.960996656103049, 41.254292296661383 ], [ -111.960637588421378, 41.254365142899843 ], [ -111.959218435095266, 41.25439937648995 ], [ -111.95736415996771, 41.2544567428668 ], [ -111.956992888807363, 41.254136872687518 ], [ -111.956793135768905, 41.253987704629083 ], [ -111.956156081304158, 41.253547488495876 ], [ -111.955471726167985, 41.253107455951749 ], [ -111.955710488633429, 41.252743659399492 ], [ -111.955996394299888, 41.252355574133581 ], [ -111.956117661863033, 41.252105158721697 ], [ -111.956123543860258, 41.251528563164534 ], [ -111.955234701670179, 41.251527109669702 ], [ -111.954201511022333, 41.25154300480726 ], [ -111.95419838358626, 41.251543051094806 ], [ -111.954198804338958, 41.251534061406318 ], [ -111.948022572358894, 41.251444116392626 ], [ -111.948019924994838, 41.251444078447733 ], [ -111.948022332389272, 41.251463056507909 ], [ -111.948018600578706, 41.251463013848138 ], [ -111.94797328605749, 41.25146249327333 ], [ -111.947958309387332, 41.252307091731844 ], [ -111.942181042922869, 41.252302342603222 ], [ -111.942151650363456, 41.253117869064873 ], [ -111.942404610075911, 41.254008785916227 ], [ -111.942451834602736, 41.255779070531155 ], [ -111.942434864565072, 41.256794799300948 ], [ -111.9478870635931, 41.256871784147023 ], [ -111.947886944216947, 41.256886547831272 ], [ -111.947879827046535, 41.257802604464949 ], [ -111.947880149355228, 41.257971826276801 ], [ -111.947870795434397, 41.258937636426062 ] ] ] } },
{ "type": "Feature", "properties": { "PRECINCT": "OGD13", "PrecinctID": "OGD13", "CONSOL_PRE": null, "MUNIWARD": 3, "POLLING_PL": null, "ADDRESS": null }, "geometry": { "type": "Polygon", "coordinates": [ [ [ -111.928812099688457, 41.256673050196838 ], [ -111.938201551594588, 41.256756838810453 ], [ -111.938252598650791, 41.256757157378168 ], [ -111.940022496713325, 41.256768140783521 ], [ -111.942432212252569, 41.256794761245814 ], [ -111.942434864565072, 41.256794799300948 ], [ -111.942451834602736, 41.255779070531155 ], [ -111.942404610075911, 41.254008785916227 ], [ -111.942151650363456, 41.253117869064873 ], [ -111.942181042922869, 41.252302342603222 ], [ -111.947958309387332, 41.252307091731844 ], [ -111.94797328605749, 41.25146249327333 ], [ -111.948018600578706, 41.251463013848138 ], [ -111.948022332389272, 41.251463056507909 ], [ -111.948019924994838, 41.251444078447733 ], [ -111.948022572358894, 41.251444116392626 ], [ -111.948061466211385, 41.248388882506731 ], [ -111.947328417696923, 41.248399932886677 ], [ -111.947333233403725, 41.247307230510657 ], [ -111.945004938266052, 41.247289628500788 ], [ -111.943029298005442, 41.247257312462828 ], [ -111.941656562262708, 41.247216985160492 ], [ -111.941665501809823, 41.245726649723508 ], [ -111.941687767654784, 41.245424587893375 ], [ -111.941688839299161, 41.245410051046299 ], [ -111.941686611473216, 41.245079242838166 ], [ -111.941556930586913, 41.244727652417872 ], [ -111.941301282879138, 41.244198654950061 ], [ -111.941270436160352, 41.24413478839309 ], [ -111.941245880779164, 41.244082678650678 ], [ -111.938003793181252, 41.244060945247377 ], [ -111.936464362433625, 41.244047623734467 ], [ -111.935206174444019, 41.243147186598414 ], [ -111.932522370565721, 41.243142830457003 ], [ -111.9289497664534, 41.243185362449545 ], [ -111.928944317076059, 41.243669406830122 ], [ -111.928939523099189, 41.244211324116677 ], [ -111.928934187781536, 41.244674461443701 ], [ -111.928934199654478, 41.244992664321273 ], [ -111.928909449972025, 41.248306949779511 ], [ -111.928909415917502, 41.248311517178834 ], [ -111.928848172449861, 41.253573744652805 ], [ -111.928812099688457, 41.256673050196838 ] ] ] } }
]
}
