{"type":"FeatureCollection","crs":{"type":"name","properties":{"name":"EPSG:4326"}},"features":[{"type":"Feature","geometry":{"type":"Polygon","coordinates":[[[-111.938582438727,40.5142484728064],[-111.939539578391,40.5142171422805],[-111.940036655764,40.514252271997],[-111.940741408359,40.5145455821136],[-111.94125042524,40.5145529154819],[-111.943492858242,40.5146369397887],[-111.94566204621,40.5146379580451],[-111.94978047953,40.5146201204576],[-111.949771476614,40.5147751199821],[-111.949741476477,40.5149221220113],[-111.949758476195,40.5149591205432],[-111.949792473835,40.5150321211492],[-111.949973477179,40.5153001205783],[-111.950068478511,40.5154741209695],[-111.950088478603,40.5155881204628],[-111.95010247705,40.5157721194757],[-111.950094476654,40.5159831207063],[-111.950092477903,40.5160661202057],[-111.950069479235,40.5165991212896],[-111.950066476167,40.5166691200665],[-111.95006447472,40.516722121043],[-111.950066475268,40.5168501222236],[-111.950017478458,40.5170201194656],[-111.949979477026,40.5171511214651],[-111.949976479348,40.5171621204068],[-111.949954476912,40.5172381193153],[-111.949805476949,40.5177561206696],[-111.949753477969,40.517938120343],[-111.949694474824,40.5181451225265],[-111.949642476742,40.5184091207122],[-111.949646477839,40.5185511214429],[-111.949634476347,40.5187401206649],[-111.949605477831,40.518930121156],[-111.949603478181,40.5189411211715],[-111.949545476658,40.5191351207763],[-111.949463475744,40.519504122474],[-111.949420476985,40.5199021213973],[-111.949481477084,40.5202921207781],[-111.949411477662,40.5207081210312],[-111.949368476208,40.5216441208686],[-111.949436455319,40.5222907918762],[-111.948329595243,40.5222487264891],[-111.938715184573,40.5223357197727],[-111.938582438727,40.5142484728064]]]},"properties":{"PrecinctID":"RIV022","VistaID":"RIV022","CountyID":18,"SubPrecinctID":null,"AliasName":null,"VersionNbr":null}},{"type":"Feature","geometry":{"type":"Polygon","coordinates":[[[-111.982678402202,40.5078617419932],[-111.982661007224,40.5078356628371],[-111.982653099355,40.5078249055153],[-111.982442015925,40.507537754733],[-111.982413244683,40.5074986149743],[-111.981533458948,40.506511532147],[-111.981502291001,40.5064765616166],[-111.981217973315,40.5062009269461],[-111.981190957381,40.5061727912497],[-111.981090956924,40.5060686461083],[-111.98081228515,40.5058179108106],[-111.980460176101,40.5054443339964],[-111.980101721353,40.5050776462176],[-111.979731888544,40.5047064866442],[-111.979715068488,40.5046896067642],[-111.979059772642,40.5040632470311],[-111.978546521102,40.503650741796],[-111.978282727226,40.5034266199985],[-111.977986830256,40.503219372925],[-111.977837555409,40.5031007950765],[-111.977680125655,40.5029886179165],[-111.977511044752,40.5028864794277],[-111.977333822418,40.5027924445585],[-111.976875180363,40.5025756456915],[-111.976790755795,40.502533781049],[-111.976737560258,40.5025074020077],[-111.976737558462,40.5022970790032],[-111.976737558462,40.5021080785152],[-111.976737560258,40.5019330789546],[-111.976738560083,40.5018370782524],[-111.976748560129,40.5009090794083],[-111.976753559254,40.5005100790607],[-111.977169560079,40.5005100790607],[-111.978420560231,40.5005120791163],[-111.978837559983,40.500513079144],[-111.979210560252,40.5005130777779],[-111.980332560533,40.5005140784887],[-111.980706561525,40.5005150785165],[-111.980964561268,40.5005150778334],[-111.981542604696,40.5005150791996],[-111.981741559972,40.5005150791996],[-111.982000561336,40.5005160785442],[-111.982139560355,40.5005160778611],[-111.982556561903,40.5005160785442],[-111.982696562543,40.5005170778888],[-111.983406560401,40.5005170785719],[-111.984950938648,40.5005170819873],[-111.985536561161,40.500517079255],[-111.986246560816,40.5005170778888],[-111.986641561724,40.5005150785165],[-111.987830561953,40.5005120777501],[-111.988226561788,40.5005110784054],[-111.988312563798,40.5005100770114],[-111.988571563366,40.5005100783776],[-111.988658562506,40.5005100776945],[-111.989003563186,40.5005050782383],[-111.989576562573,40.5004990780707],[-111.990335562632,40.5004890777902],[-111.990522564026,40.5004870770509],[-111.991086564091,40.5004830783043],[-111.991274563513,40.5004820769099],[-111.991340562737,40.5004810775647],[-111.99154156168,40.5004800775365],[-111.991608563424,40.5004800782196],[-111.991759562139,40.5006880776275],[-111.991931562566,40.500990076349],[-111.99196056198,40.5011870773969],[-111.991953564104,40.5012200779736],[-111.991960563777,40.5012970772068],[-111.991989564089,40.5013740770347],[-111.991989563191,40.5014890772873],[-111.991985562993,40.5015740776739],[-111.991982564416,40.5016430770969],[-111.991989562292,40.5016820775116],[-111.991968562376,40.5018740778563],[-111.991990563016,40.5020110780579],[-111.991961562703,40.5022250775139],[-111.9919615645,40.5024120783564],[-111.991969563998,40.5026040779778],[-111.992012562757,40.502873078572],[-111.992098563869,40.5030320778879],[-111.992214562423,40.503225076405],[-111.992250562408,40.5032630772792],[-111.992307563208,40.5033450775105],[-111.99255256343,40.5038120773331],[-111.992696562472,40.5041300772837],[-111.992725563683,40.5043010787409],[-111.992754563097,40.5043780792188],[-111.992812563721,40.5046140785894],[-111.992841563135,40.5048440787166],[-111.992869564521,40.5049610790905],[-111.992877564917,40.5051410787417],[-111.992841564034,40.505344077579],[-111.992842565655,40.5055310779226],[-111.992820564117,40.5057280772458],[-111.992820564117,40.5059430777676],[-111.992813564445,40.5060520787124],[-111.99282756379,40.5061540785087],[-111.992828563615,40.5064040783041],[-111.992811564795,40.506491077804],[-111.992806563874,40.5065190781293],[-111.992792562732,40.5067280778711],[-111.992728563158,40.5069150784541],[-111.992726515897,40.5069712529074],[-111.992721565281,40.5071070781631],[-111.992703423804,40.5071814205552],[-111.992670563431,40.5073160781215],[-111.992678562929,40.5074800788192],[-111.992677563104,40.507492077905],[-111.992672729269,40.5076330792959],[-111.992671564154,40.5076670779884],[-111.992678449741,40.507747721168],[-111.992685481753,40.5078301038632],[-111.99267956455,40.5078300792751],[-111.992559186709,40.507829325921],[-111.992519564717,40.5078290786733],[-111.992479562737,40.5078290793564],[-111.992039564318,40.5078280780716],[-111.991880564309,40.5078280780716],[-111.990620563037,40.5078240783967],[-111.987455563831,40.507816078363],[-111.986841561741,40.5078150777611],[-111.986293562468,40.5078140792082],[-111.98558256209,40.5078170782819],[-111.985047562338,40.5078190788026],[-111.984991561363,40.5078200787215],[-111.984289562105,40.5078230791609],[-111.983444561833,40.5078420789812],[-111.983119563041,40.5078490797764],[-111.983034774655,40.5078515133209],[-111.982678402202,40.5078617419932]]]},"properties":{"PrecinctID":"RIV030","VistaID":"RIV030","CountyID":18,"SubPrecinctID":null,"AliasName":null,"VersionNbr":null}},{"type":"Feature","geometry":{"type":"Polygon","coordinates":[[[-111.957733046449,40.5223038556174],[-111.957732266712,40.5223038583488],[-111.957731985539,40.5221803334752],[-111.957725673976,40.5194218353841],[-111.957718005957,40.5191367726858],[-111.957705931701,40.5182159944827],[-111.957727003482,40.5179464107681],[-111.957708571849,40.5174940805362],[-111.9577015596,40.5173140826265],[-111.957702558527,40.5169210822785],[-111.957705558002,40.5162770822676],[-111.957706557827,40.5157420824369],[-111.957708557476,40.5153500822418],[-111.957708557476,40.5152070824346],[-111.957710558923,40.5147780805002],[-111.957711557849,40.5146360820221],[-111.957839558794,40.5146560817778],[-111.957864557112,40.5146600796794],[-111.958230558607,40.5146600817282],[-111.958361557229,40.5146600817282],[-111.95857355784,40.5146580814116],[-111.959212558248,40.5146560810949],[-111.959425556886,40.514655081278],[-111.959636557672,40.5146530809611],[-111.96027355843,40.5146500815102],[-111.960485558142,40.5146500821932],[-111.960687557808,40.51465208251],[-111.960950685135,40.5146559895816],[-111.961181696791,40.5146594206471],[-111.961293557706,40.5146610815451],[-111.961495560067,40.5146640809955],[-111.961697559733,40.5146610808621],[-111.962306559105,40.514654081461],[-111.962509557698,40.5146520818272],[-111.962715558461,40.5146500828761],[-111.963334559675,40.5146480811933],[-111.963541559365,40.5146480811933],[-111.963743559031,40.5146480811933],[-111.964350559652,40.5146510806443],[-111.964553105494,40.5146530768636],[-111.964553559143,40.5146530809611],[-111.964756559533,40.5146530809611],[-111.965365560701,40.514654081461],[-111.965568560193,40.514655081278],[-111.965770559859,40.514654081461],[-111.966379561028,40.5146540800952],[-111.966583560344,40.514654081461],[-111.966718559165,40.514654081461],[-111.967124559046,40.514655081278],[-111.96726055859,40.5146560810949],[-111.96726990556,40.5147381206657],[-111.967111537067,40.522153780521],[-111.967108897817,40.5222772958836],[-111.966376848116,40.5222805401391],[-111.962999503346,40.5222813049393],[-111.957733046449,40.5223038556174]]]},"properties":{"PrecinctID":"RIV019","VistaID":"RIV019","CountyID":18,"SubPrecinctID":null,"AliasName":null,"VersionNbr":null}},{"type":"Feature","geometry":{"type":"Polygon","coordinates":[[[-111.999985905913,40.5223729600417],[-111.999951566014,40.5223720798398],[-111.999867566349,40.5223710794551],[-111.999615567352,40.5223680789837],[-111.999531568585,40.5223680796666],[-111.999324567099,40.522366078897],[-111.999096568391,40.5223630791084],[-111.998285572048,40.5223530848193],[-111.997431802422,40.5223430932602],[-111.997420953468,40.5223429662488],[-111.997392850573,40.5223426343805],[-111.997355914543,40.522342198035],[-111.996269811839,40.5223319790829],[-111.99413891456,40.5223229203033],[-111.992369149907,40.5223014908831],[-111.991645981849,40.5222924423422],[-111.989687619495,40.5222716110954],[-111.988796056847,40.5222635226482],[-111.988793537971,40.522263480311],[-111.988445801921,40.5222575715443],[-111.987480488487,40.5222483966688],[-111.987285096828,40.5222465372472],[-111.984272399791,40.5222547410995],[-111.984068401373,40.5222587685937],[-111.984069446114,40.5221351842282],[-111.984072980086,40.521717222771],[-111.984072024279,40.5214911503115],[-111.98407107476,40.5212659019938],[-111.984070105477,40.5210380184066],[-111.984067986352,40.5208100855609],[-111.984067035036,40.5205848923161],[-111.984066748473,40.5205172767653],[-111.984066450233,40.5204472622029],[-111.984066064855,40.5203569538323],[-111.984063965492,40.5201317658942],[-111.984063010583,40.5199056389203],[-111.984063192043,40.5196777507091],[-111.984061089985,40.519452562538],[-111.984061345107,40.5192246181555],[-111.984060396486,40.518999424365],[-111.984060590522,40.5187732935716],[-111.984060864508,40.5185480409018],[-111.984061045069,40.5183201521729],[-111.984061301089,40.5180922087203],[-111.984062724021,40.5178670049798],[-111.984065280626,40.5176390517917],[-111.984069078703,40.5174137837015],[-111.984072870492,40.5171876373161],[-111.984073556805,40.5171459839358],[-111.984076594907,40.516962369075],[-111.984080372323,40.5167344114451],[-111.984085304972,40.5165064482598],[-111.984090251994,40.5162811749983],[-111.984094041987,40.516055028207],[-111.984097840962,40.5158298155748],[-111.984100395771,40.5156018622893],[-111.984101821397,40.5153766044274],[-111.98410323804,40.5151504661949],[-111.984103493162,40.51492257821],[-111.984103691689,40.5146973242124],[-111.984102725102,40.5144694408339],[-111.984102592151,40.5144350665598],[-111.98410232086,40.5143650934509],[-111.984101860923,40.5142460026152],[-111.984100891641,40.5140181190687],[-111.984098697955,40.5137901862585],[-111.98409659949,40.5135649960683],[-111.984094491144,40.5133388749461],[-111.984092389985,40.5131136859721],[-111.984090198994,40.5128858054067],[-111.98408807358,40.5126569931986],[-111.984085978709,40.51243268295],[-111.984083793107,40.5122056824546],[-111.984082404312,40.5120568345717],[-111.984081816814,40.5119938887109],[-111.984081700033,40.5119813706963],[-111.984079580009,40.5117534910636],[-111.98408090682,40.5115246094269],[-111.984021838997,40.511066166985],[-111.983986643004,40.5107994462355],[-111.983879583585,40.5104097174153],[-111.98387937877,40.5104088152009],[-111.983829086588,40.5101858244632],[-111.98376206598,40.5099648013406],[-111.983678683457,40.5097492809829],[-111.98358114618,40.5095356845906],[-111.983557744169,40.5094875845171],[-111.983477719548,40.5093231010742],[-111.983447385238,40.5092611989879],[-111.983424872558,40.5092152596995],[-111.983373064919,40.5091095333761],[-111.983272003551,40.5088960066604],[-111.983168585903,40.508684301498],[-111.983061642366,40.5084725546874],[-111.982947681191,40.5082654495602],[-111.982678402202,40.5078617419932],[-111.983034774655,40.5078515133209],[-111.983119563041,40.5078490797764],[-111.983444561833,40.5078420789812],[-111.984289562105,40.5078230791609],[-111.984991561363,40.5078200787215],[-111.985047562338,40.5078190788026],[-111.98558256209,40.5078170782819],[-111.986293562468,40.5078140792082],[-111.986841561741,40.5078150777611],[-111.987455563831,40.507816078363],[-111.990620563037,40.5078240783967],[-111.991880564309,40.5078280780716],[-111.992039564318,40.5078280780716],[-111.992479562737,40.5078290793564],[-111.992519564717,40.5078290786733],[-111.992559186709,40.507829325921],[-111.99267956455,40.5078300792751],[-111.992685481753,40.5078301038632],[-111.992842071582,40.5078307800378],[-111.99284789536,40.5079346724637],[-111.992857435468,40.5079704058313],[-111.992865846394,40.5080019148076],[-111.993098042929,40.5088715602622],[-111.99321977543,40.5093274769869],[-111.993461830974,40.5101186396305],[-111.993594228274,40.5103573350086],[-111.993760515417,40.5105939232379],[-111.993830756485,40.5107255285666],[-111.993876507683,40.510858458606],[-111.993921008425,40.5111245903999],[-111.993921929198,40.5113718076936],[-111.99392200286,40.5113915331868],[-111.99392250951,40.5115282011499],[-111.994082128458,40.5115288253817],[-111.994230249869,40.5115298962737],[-111.994409061322,40.511530469283],[-111.994582315798,40.5115350806752],[-111.994733308224,40.5115386416642],[-111.994948784417,40.511544768559],[-111.994983312063,40.5115454405982],[-111.995014595893,40.5115460504876],[-111.995204143112,40.5115497412396],[-111.995709521817,40.511551394019],[-111.996381182273,40.5115532448586],[-111.996621656783,40.5115544154634],[-111.996754678412,40.5115540070494],[-111.996898949643,40.5115512608404],[-111.99706333595,40.5115480372377],[-111.997269913431,40.5115434429206],[-111.997945947785,40.5115421241118],[-111.998646691199,40.5115478289329],[-111.99893950515,40.5115465729571],[-111.99953560202,40.5115478173225],[-112.00009135555,40.5115500478917],[-112.000525683804,40.5115509978983],[-112.001084000228,40.5115530249433],[-112.001555481005,40.5115550267185],[-112.002530515109,40.5115659869661],[-112.002964084286,40.5115676315495],[-112.003373441171,40.5115676383792],[-112.003410450862,40.5115676376962],[-112.00348868514,40.5115676390621],[-112.003775925944,40.5115644653167],[-112.003806628564,40.511915800821],[-112.003819505913,40.5120803523475],[-112.003829198735,40.5121570782225],[-112.003840235437,40.5122444370088],[-112.003868782998,40.5124078362617],[-112.003905118055,40.5125703315653],[-112.003949187606,40.5127317084784],[-112.004000933261,40.5128917539277],[-112.004060285851,40.5130502527931],[-112.004423917589,40.5141621075771],[-112.004514839673,40.5144391819398],[-112.004778919213,40.5152439114429],[-112.004852706831,40.5155625052863],[-112.004883810997,40.5158094753904],[-112.004854905008,40.5178048683502],[-112.004866295646,40.5191116471313],[-112.004764537186,40.5205753757743],[-112.004722140297,40.5216132663407],[-112.004732747604,40.5222795909674],[-112.004733838159,40.5223482085398],[-112.004736140541,40.5224927773396],[-112.00409156968,40.5224890789957],[-112.002486568627,40.5224370795478],[-111.999985905913,40.5223729600417]]]},"properties":{"PrecinctID":"RIV017","VistaID":"RIV017","CountyID":18,"SubPrecinctID":null,"AliasName":null,"VersionNbr":null}},{"type":"Feature","geometry":{"type":"Polygon","coordinates":[[[-111.917403553671,40.5369720867137],[-111.917391126378,40.5367252266666],[-111.917390284656,40.5365879096079],[-111.917468173083,40.5363145793134],[-111.917576104766,40.5360714909026],[-111.91770340233,40.535752415586],[-111.917810614463,40.5354107180725],[-111.917817509931,40.5349176307413],[-111.91779563775,40.5345839578996],[-111.917624015513,40.5341598604896],[-111.917462727496,40.5338038985624],[-111.917401452512,40.5335310648709],[-111.917399829256,40.5332655818722],[-111.917257055516,40.5326745046708],[-111.917086277696,40.5323868403702],[-111.917075342504,40.5322200029762],[-111.917193372149,40.5320072278397],[-111.917431299936,40.5319077683184],[-111.917719501937,40.5318839577664],[-111.918077453628,40.5318979010803],[-111.918515698536,40.5320328647256],[-111.919172395755,40.5321442593354],[-111.919808543113,40.5321192888631],[-111.920284512771,40.5319203583987],[-111.920610829391,40.5316461351278],[-111.920856726133,40.5312128878064],[-111.921024030168,40.5309543639638],[-111.921321346476,40.5308016386035],[-111.92148918411,40.5306113754388],[-111.921577337585,40.5303987030728],[-111.921556105005,40.5301712048968],[-111.921415126998,40.5298758738381],[-111.921235146836,40.5297248645809],[-111.921075141612,40.5295585620064],[-111.920795628117,40.5293623414254],[-111.9206160504,40.5292568086912],[-111.920416013552,40.5290678650668],[-111.920227818297,40.5288657321337],[-111.920025323659,40.5285839474019],[-111.919754795113,40.5282358544468],[-111.9195036576,40.5277968236013],[-111.919432348435,40.5275240255382],[-111.919381216329,40.5272890695521],[-111.919270415427,40.5270618899334],[-111.919364086355,40.5267300679969],[-111.921422590201,40.527214356839],[-111.921645967975,40.5272097635954],[-111.921893605651,40.5271141671104],[-111.922630164895,40.5266038862596],[-111.923104496925,40.5262385029711],[-111.92356006764,40.5260512333031],[-111.923923935635,40.525963288211],[-111.925401426224,40.5260157383154],[-111.92500207747,40.5287917893183],[-111.924710482532,40.5306281286256],[-111.924166286726,40.5314393569344],[-111.923527736374,40.532308726392],[-111.924458911133,40.5328111435861],[-111.925386947178,40.532807780359],[-111.926333199261,40.5326887352584],[-111.927205316976,40.5328300707815],[-111.928190714046,40.5329131811925],[-111.929190400617,40.5328282492047],[-111.929195328774,40.537823390491],[-111.929142554548,40.5379830879379],[-111.928849554645,40.5379880859653],[-111.927972554586,40.5380050871751],[-111.927680554508,40.5380110874002],[-111.927627555703,40.5380110867175],[-111.927468555694,40.5380140871712],[-111.927416554019,40.5380160867909],[-111.927385554955,40.5379440881554],[-111.926566553724,40.5379490861857],[-111.923491554929,40.5378990867501],[-111.922703142232,40.5378816260574],[-111.921956553298,40.537865087686],[-111.921953554721,40.5379550870986],[-111.920552552086,40.5379540869465],[-111.920483554285,40.5379550870986],[-111.920438553181,40.5379630883148],[-111.920298553439,40.5379900876339],[-111.920212552327,40.5380070874777],[-111.920179553613,40.5378510862191],[-111.920151552228,40.5377180868154],[-111.920068551489,40.5373350868728],[-111.92020255318,40.5373350868728],[-111.920264552206,40.5373220875048],[-111.920329552503,40.5373060862835],[-111.920307551863,40.5372400878618],[-111.920208553027,40.536932086858],[-111.920128551763,40.5369610869264],[-111.920106552022,40.5369610869264],[-111.918900552075,40.5369730861978],[-111.91819255207,40.5369810868486],[-111.917568551731,40.5369740877299],[-111.917420274912,40.5369722901606],[-111.917403553671,40.5369720867137]]]},"properties":{"PrecinctID":"RIV014","VistaID":"RIV014","CountyID":18,"SubPrecinctID":null,"AliasName":null,"VersionNbr":null}},{"type":"Feature","geometry":{"type":"Polygon","coordinates":[[[-111.949469471999,40.5222906518904],[-111.950017771309,40.5222883294928],[-111.951218913167,40.5222790446814],[-111.954342986027,40.5222836109487],[-111.956745187098,40.5222968938885],[-111.957207299344,40.5223005075688],[-111.957532193033,40.5223030484803],[-111.957732266712,40.5223038583488],[-111.957733046449,40.5223038556174],[-111.957733054534,40.5224273761664],[-111.957733125501,40.5236870961811],[-111.957733239587,40.5255277016664],[-111.957717594528,40.527013773072],[-111.957716463549,40.5271780362703],[-111.957718432656,40.5273857657871],[-111.957722694264,40.5282892812197],[-111.95774058062,40.5295080810919],[-111.957741133084,40.5302231396256],[-111.95774124717,40.5302432098367],[-111.957552646774,40.5302440387271],[-111.953759911135,40.5302470729847],[-111.953756307095,40.5304649260383],[-111.953737343659,40.5305455923238],[-111.953698162739,40.530636876987],[-111.953617564095,40.5307756427919],[-111.953594480088,40.530813293496],[-111.953469017782,40.5308130019531],[-111.952677830189,40.5308133235379],[-111.952517645302,40.5310878909181],[-111.952222767022,40.5310880022092],[-111.951833813572,40.530442214923],[-111.951786254066,40.5303420846419],[-111.951630982964,40.5300151526199],[-111.951602656388,40.5299555043738],[-111.951566335704,40.5298790275988],[-111.951426891121,40.5295854185967],[-111.95125476493,40.5292229854974],[-111.951359768105,40.5292226939475],[-111.951152866332,40.5289343272597],[-111.951109887335,40.5288744267847],[-111.950872743779,40.5285439077161],[-111.951008725356,40.5285438892807],[-111.95063368142,40.5280364024034],[-111.950258618619,40.5275289062208],[-111.950295679515,40.5275289014411],[-111.950156625699,40.5273350374257],[-111.949794085413,40.5268712044162],[-111.94971971928,40.5266024625938],[-111.949645966697,40.5263336316105],[-111.949580272901,40.5260491466083],[-111.949551092925,40.5259227478179],[-111.949537107953,40.5258621672929],[-111.949514597969,40.5257646685924],[-111.949421316909,40.525473524316],[-111.949301909249,40.5251241683611],[-111.94920887343,40.5247587442298],[-111.949216414786,40.5245977725065],[-111.949224071128,40.5244340854429],[-111.949248664305,40.5242314427941],[-111.949271980078,40.5240393514516],[-111.949325326531,40.5235998089799],[-111.949333110433,40.5235356748807],[-111.949372600373,40.5232103102505],[-111.949307671941,40.5232103525871],[-111.949321416165,40.5231318707826],[-111.949472595441,40.5225564248785],[-111.949472463388,40.522443360455],[-111.949472431947,40.5224148594168],[-111.949469471999,40.5222906518904]]]},"properties":{"PrecinctID":"RIV034","VistaID":"RIV034","CountyID":18,"SubPrecinctID":null,"AliasName":null,"VersionNbr":null}},{"type":"Feature","geometry":{"type":"Polygon","coordinates":[[[-111.993156659798,40.5369890827196],[-111.993132568778,40.5369890813542],[-111.993010566783,40.5369890820369],[-111.992644567984,40.5369890813542],[-111.992523568508,40.5369900815207],[-111.992372567099,40.5369900815207],[-111.992349568431,40.5369890806715],[-111.991827568199,40.5369860829026],[-111.991654567048,40.5369860815373],[-111.988302565549,40.5369430825538],[-111.986286572677,40.5369182913739],[-111.986285506377,40.5368084715188],[-111.98628524317,40.5367810115773],[-111.986221224732,40.5301723663004],[-111.986164019116,40.5242653757125],[-111.98643638831,40.5235586239178],[-111.987126855895,40.5231323842848],[-111.987431258114,40.5223714584404],[-111.987480488487,40.5222483966688],[-111.988445801921,40.5222575715443],[-111.988793537971,40.522263480311],[-111.988796056847,40.5222635226482],[-111.989687619495,40.5222716110954],[-111.991645981849,40.5222924423422],[-111.992369149907,40.5223014908831],[-111.99413891456,40.5223229203033],[-111.996269811839,40.5223319790829],[-111.997355914543,40.522342198035],[-111.997392850573,40.5223426343805],[-111.997396983722,40.5224662190464],[-111.997431874287,40.5235097056129],[-111.997472232,40.5248424471061],[-111.994363512246,40.5271940385446],[-111.993815799536,40.527734188854],[-111.993877426659,40.5306895009545],[-111.994618660736,40.5310476519945],[-111.994982586224,40.5316097077188],[-111.995048942977,40.5329244752263],[-111.995242741924,40.5335306026541],[-111.99532635172,40.5368476931602],[-111.995327043423,40.5368751401029],[-111.995329812031,40.5369849304923],[-111.995273569409,40.5369850827361],[-111.994152567156,40.5369890806715],[-111.993163098023,40.5369890827196],[-111.993156659798,40.5369890827196]]]},"properties":{"PrecinctID":"RIV003","VistaID":"RIV003","CountyID":18,"SubPrecinctID":null,"AliasName":null,"VersionNbr":null}},{"type":"Feature","geometry":{"type":"Polygon","coordinates":[[[-111.957711557849,40.5146360820221],[-111.957710125935,40.5145537411516],[-111.957707846011,40.5120933969066],[-111.957699782733,40.512093424908],[-111.957699150319,40.5119992574762],[-111.957699117081,40.5119941332113],[-111.957696777868,40.5114705238873],[-111.95769785944,40.5112247951491],[-111.95769726206,40.5111076329104],[-111.957696607188,40.5109796692581],[-111.957695054899,40.5102240331176],[-111.957694070346,40.5100191162107],[-111.957694385654,40.5098636494589],[-111.957694703658,40.5097060760196],[-111.957693800851,40.5093966132277],[-111.957693867327,40.5092588658941],[-111.9576939347,40.5091258677996],[-111.957691281975,40.5086722548158],[-111.957690758257,40.5085355120495],[-111.957690237235,40.5083997265687],[-111.957689241901,40.5079601054602],[-111.957687475813,40.5077714453565],[-111.961660399125,40.5077874474825],[-111.96722016764,40.5077751219732],[-111.967310558819,40.5078200800875],[-111.967292559275,40.5093450810342],[-111.967273559907,40.5109600809213],[-111.967267558262,40.5114400806045],[-111.967267558262,40.5115620803975],[-111.967270558636,40.5119280811767],[-111.967271559359,40.5120500807649],[-111.967270558636,40.5122650808256],[-111.967270559534,40.5129120813381],[-111.967270560432,40.5131280812065],[-111.967267560059,40.5134330807906],[-111.96726255824,40.514350080423],[-111.96726055859,40.5146560810949],[-111.967124559046,40.514655081278],[-111.966718559165,40.514654081461],[-111.966583560344,40.514654081461],[-111.966379561028,40.5146540800952],[-111.965770559859,40.514654081461],[-111.965568560193,40.514655081278],[-111.965365560701,40.514654081461],[-111.964756559533,40.5146530809611],[-111.964553559143,40.5146530809611],[-111.964553105494,40.5146530768636],[-111.964350559652,40.5146510806443],[-111.963743559031,40.5146480811933],[-111.963541559365,40.5146480811933],[-111.963334559675,40.5146480811933],[-111.962715558461,40.5146500828761],[-111.962509557698,40.5146520818272],[-111.962306559105,40.514654081461],[-111.961697559733,40.5146610808621],[-111.961495560067,40.5146640809955],[-111.961293557706,40.5146610815451],[-111.961181696791,40.5146594206471],[-111.960950685135,40.5146559895816],[-111.960687557808,40.51465208251],[-111.960485558142,40.5146500821932],[-111.96027355843,40.5146500815102],[-111.959636557672,40.5146530809611],[-111.959425556886,40.514655081278],[-111.959212558248,40.5146560810949],[-111.95857355784,40.5146580814116],[-111.958361557229,40.5146600817282],[-111.958230558607,40.5146600817282],[-111.957864557112,40.5146600796794],[-111.957839558794,40.5146560817778],[-111.957711557849,40.5146360820221]]]},"properties":{"PrecinctID":"RIV020","VistaID":"RIV020","CountyID":18,"SubPrecinctID":null,"AliasName":null,"VersionNbr":null}},{"type":"Feature","geometry":{"type":"Polygon","coordinates":[[[-112.005316608521,40.4959579230214],[-112.005316605827,40.4959578574414],[-112.00531660403,40.495957817137],[-112.005316564504,40.4959540756587],[-112.005310564656,40.4953680764356],[-112.005296563514,40.4937910755633],[-112.005294564763,40.4936110755147],[-112.00528956474,40.4931770754765],[-112.005289535095,40.4931728119137],[-112.005379423218,40.4931726342937],[-112.019632782523,40.4931428802059],[-112.019649976278,40.4963703983697],[-112.019652142116,40.4967759833126],[-112.014853654482,40.496781026083],[-112.01487025984,40.4991967243499],[-112.013230769768,40.4992047663972],[-112.013198454672,40.4983225310527],[-112.011002701725,40.4983465782663],[-112.010171624441,40.4985958721474],[-112.010035014043,40.4980473191881],[-112.010041205232,40.4963420392678],[-112.009924716197,40.4959523610137],[-112.009276057104,40.4952759718067],[-112.008030507928,40.4957871749129],[-112.007236881409,40.4959784803127],[-112.005406511915,40.4959588862283],[-112.005316608521,40.4959579230214]]]},"properties":{"PrecinctID":"RIV028","VistaID":"RIV028","CountyID":18,"SubPrecinctID":null,"AliasName":null,"VersionNbr":null}},{"type":"Feature","geometry":{"type":"Polygon","coordinates":[[[-111.998449077108,40.5369751165704],[-111.998068036019,40.5369764075705],[-111.997848927938,40.5369771489911],[-111.997705016032,40.5369776350789],[-111.996388568221,40.5369820815536],[-111.995329812031,40.5369849304923],[-111.995327043423,40.5368751401029],[-111.99532635172,40.5368476931602],[-111.995242741924,40.5335306026541],[-111.995048942977,40.5329244752263],[-111.994982586224,40.5316097077188],[-111.994618660736,40.5310476519945],[-111.993877426659,40.5306895009545],[-111.993815799536,40.527734188854],[-111.994363512246,40.5271940385446],[-111.997472232,40.5248424471061],[-111.997431874287,40.5235097056129],[-111.997396983722,40.5224662190464],[-111.997392850573,40.5223426343805],[-111.997420953468,40.5223429662488],[-111.997431802422,40.5223430932602],[-111.998285572048,40.5223530848193],[-111.998362566651,40.5224280795079],[-111.998373566521,40.5224380799315],[-111.998320566818,40.5226230803285],[-111.999092567295,40.5233870795383],[-111.999092568193,40.5249390792708],[-111.999092569092,40.5292179813538],[-111.999092569092,40.5293717215282],[-111.99909256999,40.5294952406595],[-111.999092569092,40.5296470806974],[-111.999934569889,40.5296270799516],[-111.999934567194,40.5296510811189],[-111.999934568092,40.5296940806854],[-111.999961570551,40.5332040808155],[-111.999960812373,40.5332478659906],[-111.999960568032,40.5332620814361],[-111.999963569303,40.5336610801308],[-111.999967569501,40.5342740815008],[-111.999979570993,40.5359220815623],[-111.999988570316,40.5369680812675],[-111.998875570255,40.5369720805693],[-111.99845956943,40.5369750803869],[-111.998449077108,40.5369751165704]]]},"properties":{"PrecinctID":"RIV002","VistaID":"RIV002","CountyID":18,"SubPrecinctID":null,"AliasName":null,"VersionNbr":null}},{"type":"Feature","geometry":{"type":"Polygon","coordinates":[[[-111.938711242766,40.5391781684185],[-111.938711424226,40.5391605879066],[-111.93871162994,40.5391406726054],[-111.938679124401,40.539054327841],[-111.938683033869,40.5387221741053],[-111.938681556141,40.5384924758812],[-111.938681557039,40.5384768524684],[-111.938681556141,40.5383590858847],[-111.938680556316,40.5382860861053],[-111.938679556491,40.5380670856069],[-111.938679556491,40.5379950842954],[-111.938683557587,40.5377740859497],[-111.93869455656,40.537111085856],[-111.938696340614,40.5370325711746],[-111.938699556582,40.5368910861277],[-111.939032453362,40.5368921689034],[-111.939314555802,40.5368930850982],[-111.940492557059,40.5368970857699],[-111.94115155666,40.5369000849081],[-111.941284556729,40.5369030854115],[-111.941472942427,40.5369019009125],[-111.941761557653,40.5369000862735],[-111.941861558111,40.5369000855908],[-111.941916557464,40.5369010850759],[-111.94234155851,40.5369010850759],[-111.942484557726,40.5369020852437],[-111.942834557531,40.5369020852437],[-111.942853558696,40.5369030860942],[-111.943993558521,40.5368960849193],[-111.944380558135,40.5368940852662],[-111.947226559295,40.5368660853371],[-111.947659558941,40.5368590848409],[-111.948190557597,40.5368610858605],[-111.948215904461,40.5368613603094],[-111.948795810096,40.5368676221145],[-111.949112985459,40.5368710479469],[-111.949113069901,40.5368710472642],[-111.949116558958,40.5368710848132],[-111.949445559744,40.5368750841208],[-111.950013559108,40.5368720842988],[-111.951719560444,40.5368670848227],[-111.952288560532,40.536865084486],[-111.952506559193,40.5368640843176],[-111.952952560155,40.5368620839808],[-111.953162558421,40.5368610844951],[-111.953381558704,40.5368610851778],[-111.953584559992,40.5368600836439],[-111.953659561233,40.5368600850094],[-111.95449355894,40.5368560843355],[-111.954772559497,40.53685608297],[-111.955177953015,40.536856399747],[-111.955285885597,40.5368564844029],[-111.955499065695,40.5368566503011],[-111.956061560183,40.5368570838212],[-111.957697561199,40.5368590834755],[-111.95775722191,40.5368583966704],[-111.957757562372,40.5368583918914],[-111.957757624356,40.536940643238],[-111.957757626152,40.5369407422307],[-111.957758718504,40.5383138444499],[-111.957759768634,40.539613995289],[-111.957760598677,40.540336068994],[-111.957760114486,40.5404750304365],[-111.957757749221,40.540475006543],[-111.957618451962,40.5404736917167],[-111.956948310557,40.540473514222],[-111.956532789432,40.5404732418359],[-111.955315746495,40.5404732008755],[-111.954726581924,40.540472875241],[-111.95421922513,40.5404728615875],[-111.954124789736,40.5404728670489],[-111.954038852404,40.5404728390594],[-111.953528426067,40.5404727434853],[-111.953003187408,40.540481977989],[-111.950875674981,40.540465864199],[-111.950739953915,40.5404704387845],[-111.94821354279,40.5404501361149],[-111.948214328816,40.5400304674954],[-111.948215820917,40.5392871310341],[-111.948216442551,40.5389683263571],[-111.948216447043,40.538771372132],[-111.948216597062,40.53872246971],[-111.948216692283,40.5385933285588],[-111.948216926743,40.5382335493445],[-111.948217622938,40.5380339795957],[-111.948215634068,40.5378928694169],[-111.948211499122,40.537532926006],[-111.94821196445,40.5374779896379],[-111.948219371958,40.5369569387937],[-111.948215616101,40.5369569353802],[-111.948215618796,40.5369556587164],[-111.947316146482,40.5369598778509],[-111.947136261541,40.5369607216778],[-111.94616482519,40.5369652610018],[-111.94553520499,40.5369682096166],[-111.944491839636,40.536973050697],[-111.944275973574,40.5369741491736],[-111.944081186482,40.5369750906275],[-111.94337632519,40.5369784932424],[-111.943048754522,40.5369801453948],[-111.942670997674,40.5369820474182],[-111.942344829276,40.5369836906954],[-111.942345069126,40.5369760150137],[-111.941826627121,40.5369759904362],[-111.941472556152,40.5369759706377],[-111.941472513931,40.5369842532464],[-111.941459971653,40.5393927360374],[-111.941437302667,40.5406509165497],[-111.9389120333,40.5406558966286],[-111.938696146578,40.5406563198841],[-111.938701549944,40.5401217842935],[-111.938701686488,40.5401084038505],[-111.938701888609,40.5400882068859],[-111.93870330615,40.5399503103002],[-111.938703590018,40.539922825022],[-111.93871112868,40.5391895685779],[-111.938711242766,40.5391781684185]]]},"properties":{"PrecinctID":"RIV001","VistaID":"RIV001","CountyID":18,"SubPrecinctID":null,"AliasName":null,"VersionNbr":null}},{"type":"Feature","geometry":{"type":"Polygon","coordinates":[[[-111.957757562372,40.5368583918914],[-111.95775722191,40.5368583966704],[-111.957697561199,40.5368590834755],[-111.957759560225,40.5366750843138],[-111.957755617519,40.5354235894594],[-111.957755373177,40.5354235894594],[-111.957751170859,40.5342727836212],[-111.957751396336,40.5341562877301],[-111.957748104908,40.5325393054026],[-111.957747887516,40.5320456541477],[-111.957744336476,40.530786666126],[-111.95774124717,40.5302432098367],[-111.957741133084,40.5302231396256],[-111.95774058062,40.5295080810919],[-111.957722694264,40.5282892812197],[-111.957718432656,40.5273857657871],[-111.957716463549,40.5271780362703],[-111.957717594528,40.527013773072],[-111.957733239587,40.5255277016664],[-111.957733125501,40.5236870961811],[-111.957733054534,40.5224273761664],[-111.957733046449,40.5223038556174],[-111.962999503346,40.5222813049393],[-111.966376848116,40.5222805401391],[-111.966383223459,40.5224040347825],[-111.966442259841,40.523547431415],[-111.966165025372,40.5250666646246],[-111.966156936042,40.5261353142122],[-111.966971251661,40.5261320721917],[-111.967310841788,40.5259428548235],[-111.967992494205,40.5259256846278],[-111.968077263727,40.5272403936349],[-111.967244193082,40.5272726193793],[-111.967250351932,40.5307574626505],[-111.964150841706,40.5308312646946],[-111.964116852151,40.5316810686345],[-111.963447773452,40.5327154547268],[-111.963373589678,40.5335047266984],[-111.963395089956,40.5367569747319],[-111.963395724167,40.5368530503772],[-111.962975562345,40.5368510841755],[-111.961694562055,40.5368460846978],[-111.961267563156,40.5368450838464],[-111.95928144286,40.5368432678405],[-111.959082560348,40.5368430848745],[-111.957757562372,40.5368583918914]]]},"properties":{"PrecinctID":"RIV008","VistaID":"RIV008","CountyID":18,"SubPrecinctID":null,"AliasName":null,"VersionNbr":null}},{"type":"Feature","geometry":{"type":"Polygon","coordinates":[[[-111.976672215906,40.5222577053844],[-111.976671917666,40.5222577081159],[-111.973171474058,40.5222696130544],[-111.969833224867,40.5222751353227],[-111.968624201191,40.5222781651611],[-111.968459726849,40.5222785735098],[-111.967935161029,40.522279875036],[-111.967793211943,40.5222785735098],[-111.967108897817,40.5222772958836],[-111.967111537067,40.522153780521],[-111.96726990556,40.5147381206657],[-111.96726055859,40.5146560810949],[-111.96726255824,40.514350080423],[-111.967267560059,40.5134330807906],[-111.967270560432,40.5131280812065],[-111.967270559534,40.5129120813381],[-111.967270558636,40.5122650808256],[-111.967271559359,40.5120500807649],[-111.967270558636,40.5119280811767],[-111.967267558262,40.5115620803975],[-111.967267558262,40.5114400806045],[-111.967273559907,40.5109600809213],[-111.967292559275,40.5093450810342],[-111.967310558819,40.5078200800875],[-111.967857558266,40.5078220806081],[-111.967884994612,40.5078223032676],[-111.968102558489,40.5078240804457],[-111.968620559421,40.5078260802832],[-111.968699514148,40.5078260802832],[-111.968702558538,40.5078260802832],[-111.968967560649,40.5078280801207],[-111.969145560026,40.5078280787547],[-111.969679559055,40.5078310798768],[-111.969857558432,40.5078320797954],[-111.970386560133,40.5078320811614],[-111.971975560395,40.5078350795513],[-111.972505559226,40.5078360787869],[-111.973012560287,40.5078350795513],[-111.974536559353,40.5078350795513],[-111.975044559341,40.5078350795513],[-111.97540456009,40.5078340789497],[-111.975487560829,40.5078340796327],[-111.975905559507,40.507816079046],[-111.976295561291,40.5077870800258],[-111.976482560889,40.5077850788212],[-111.976843559665,40.5077840789018],[-111.978008561401,40.5077920796223],[-111.979369562057,40.507801078895],[-111.980231562048,40.5078080796944],[-111.981505561767,40.507816078363],[-111.982279863728,40.5078220355298],[-111.982653099355,40.5078249055153],[-111.982661007224,40.5078356628371],[-111.982678402202,40.5078617419932],[-111.982947681191,40.5082654495602],[-111.983061642366,40.5084725546874],[-111.983168585903,40.508684301498],[-111.983272003551,40.5088960066604],[-111.983373064919,40.5091095333761],[-111.983424872558,40.5092152596995],[-111.983447385238,40.5092611989879],[-111.983477719548,40.5093231010742],[-111.983557744169,40.5094875845171],[-111.98358114618,40.5095356845906],[-111.983678683457,40.5097492809829],[-111.98376206598,40.5099648013406],[-111.983829086588,40.5101858244632],[-111.98387937877,40.5104088152009],[-111.983879583585,40.5104097174153],[-111.983986643004,40.5107994462355],[-111.984021838997,40.511066166985],[-111.98408090682,40.5115246094269],[-111.984079580009,40.5117534910636],[-111.984081700033,40.5119813706963],[-111.984081816814,40.5119938887109],[-111.984082404312,40.5120568345717],[-111.984083793107,40.5122056824546],[-111.984085978709,40.51243268295],[-111.98408807358,40.5126569931986],[-111.984090198994,40.5128858054067],[-111.984092389985,40.5131136859721],[-111.984094491144,40.5133388749461],[-111.98409659949,40.5135649960683],[-111.984098697955,40.5137901862585],[-111.984100891641,40.5140181190687],[-111.984101860923,40.5142460026152],[-111.98410232086,40.5143650934509],[-111.984102592151,40.5144350665598],[-111.984102725102,40.5144694408339],[-111.984103691689,40.5146973242124],[-111.984103493162,40.51492257821],[-111.98410323804,40.5151504661949],[-111.984101821397,40.5153766044274],[-111.984100395771,40.5156018622893],[-111.984097840962,40.5158298155748],[-111.984094041987,40.516055028207],[-111.984090251994,40.5162811749983],[-111.984085304972,40.5165064482598],[-111.984080372323,40.5167344114451],[-111.984076594907,40.516962369075],[-111.984073556805,40.5171459839358],[-111.984072870492,40.5171876373161],[-111.984069078703,40.5174137837015],[-111.984065280626,40.5176390517917],[-111.984062724021,40.5178670049798],[-111.984061301089,40.5180922087203],[-111.984061045069,40.5183201521729],[-111.984060864508,40.5185480409018],[-111.984060590522,40.5187732935716],[-111.984060396486,40.518999424365],[-111.984061345107,40.5192246181555],[-111.984061089985,40.519452562538],[-111.984063192043,40.5196777507091],[-111.984063010583,40.5199056389203],[-111.984063965492,40.5201317658942],[-111.984066064855,40.5203569538323],[-111.984066450233,40.5204472622029],[-111.984066748473,40.5205172767653],[-111.984067035036,40.5205848923161],[-111.984067986352,40.5208100855609],[-111.984070105477,40.5210380184066],[-111.98407107476,40.5212659019938],[-111.984072024279,40.5214911503115],[-111.984072980086,40.521717222771],[-111.984069446114,40.5221351842282],[-111.984068401373,40.5222587685937],[-111.982030882172,40.5222584913535],[-111.982030809408,40.5222584927192],[-111.980454289441,40.5222582113819],[-111.976715355701,40.5222575578872],[-111.976672295856,40.5222577053844],[-111.976672215906,40.5222577053844]]]},"properties":{"PrecinctID":"RIV018","VistaID":"RIV018","CountyID":18,"SubPrecinctID":null,"AliasName":null,"VersionNbr":null}},{"type":"Feature","geometry":{"type":"Polygon","coordinates":[[[-112.004736140541,40.5224927773396],[-112.004733838159,40.5223482085398],[-112.004732747604,40.5222795909674],[-112.004722140297,40.5216132663407],[-112.004764537186,40.5205753757743],[-112.004866295646,40.5191116471313],[-112.004854905008,40.5178048683502],[-112.004883810997,40.5158094753904],[-112.004852706831,40.5155625052863],[-112.004778919213,40.5152439114429],[-112.004514839673,40.5144391819398],[-112.004423917589,40.5141621075771],[-112.004060285851,40.5130502527931],[-112.004000933261,40.5128917539277],[-112.003949187606,40.5127317084784],[-112.003905118055,40.5125703315653],[-112.003868782998,40.5124078362617],[-112.003840235437,40.5122444370088],[-112.003829198735,40.5121570782225],[-112.003819505913,40.5120803523475],[-112.003806628564,40.511915800821],[-112.003775925944,40.5115644653167],[-112.00348868514,40.5115676390621],[-112.003410450862,40.5115676376962],[-112.003373441171,40.5115676383792],[-112.002964084286,40.5115676315495],[-112.002530515109,40.5115659869661],[-112.001555481005,40.5115550267185],[-112.001084000228,40.5115530249433],[-112.000525683804,40.5115509978983],[-112.00009135555,40.5115500478917],[-111.99953560202,40.5115478173225],[-111.99893950515,40.5115465729571],[-111.998646691199,40.5115478289329],[-111.997945947785,40.5115421241118],[-111.997269913431,40.5115434429206],[-111.99706333595,40.5115480372377],[-111.996898949643,40.5115512608404],[-111.996754678412,40.5115540070494],[-111.996621656783,40.5115544154634],[-111.996381182273,40.5115532448586],[-111.995709521817,40.511551394019],[-111.995204143112,40.5115497412396],[-111.995014595893,40.5115460504876],[-111.994983312063,40.5115454405982],[-111.994948784417,40.511544768559],[-111.994733308224,40.5115386416642],[-111.994582315798,40.5115350806752],[-111.994409061322,40.511530469283],[-111.994230249869,40.5115298962737],[-111.994082128458,40.5115288253817],[-111.99392250951,40.5115282011499],[-111.99392200286,40.5113915331868],[-111.993921929198,40.5113718076936],[-111.993921008425,40.5111245903999],[-111.993876507683,40.510858458606],[-111.993830756485,40.5107255285666],[-111.993760515417,40.5105939232379],[-111.993594228274,40.5103573350086],[-111.993461830974,40.5101186396305],[-111.99321977543,40.5093274769869],[-111.993098042929,40.5088715602622],[-111.992865846394,40.5080019148076],[-111.992857435468,40.5079704058313],[-111.99284789536,40.5079346724637],[-111.992842071582,40.5078307800378],[-111.995233564735,40.5078410776967],[-111.996070565509,40.5078450780536],[-111.99951585166,40.5078521915442],[-111.999795511581,40.5078527652679],[-112.002898565661,40.5078590775936],[-112.003807565507,40.5078600781949],[-112.005178568005,40.5078630772665],[-112.005176301556,40.5079454208889],[-112.005077565926,40.5115340773969],[-112.005083565774,40.5116800777917],[-112.005379565152,40.5116820775143],[-112.00541629367,40.5116821191752],[-112.007437342261,40.5116843606673],[-112.009006567908,40.5116860769591],[-112.009101568343,40.5116870768204],[-112.009098567072,40.5125320764409],[-112.009097568145,40.5129690771405],[-112.009097568145,40.5133650783075],[-112.009097568145,40.5136220766839],[-112.009096569218,40.5141840777557],[-112.00909656832,40.5145900774391],[-112.009096569218,40.5149950796329],[-112.00909656832,40.5154860790151],[-112.009095567597,40.5159560783742],[-112.009278568793,40.5159650779171],[-112.010719568019,40.5159550785766],[-112.010719568019,40.5164400783334],[-112.010712569244,40.5189190774335],[-112.010711988034,40.5207243112747],[-112.010711876643,40.5210648162701],[-112.010711720336,40.5215465190656],[-112.010711585589,40.5219698618456],[-112.010711570318,40.5220150781242],[-112.010636570873,40.5220410786997],[-112.010236569942,40.5221790783814],[-112.010118570839,40.5222210789407],[-112.009595568986,40.5223010784373],[-112.009179569957,40.5223440786224],[-112.008982570314,40.5223480787971],[-112.008544569748,40.5224800789628],[-112.008220567188,40.5224980783445],[-112.007659569293,40.5224980797102],[-112.007045569898,40.5225150787044],[-112.006028569198,40.5225240800983],[-112.005993971483,40.522523225164],[-112.005947568109,40.5225220800163],[-112.005660568054,40.5225150793873],[-112.005397569186,40.522498080393],[-112.00531956847,40.5224970793273],[-112.004813340858,40.5224932655811],[-112.004788568916,40.5224930791616],[-112.004736140541,40.5224927773396]]]},"properties":{"PrecinctID":"RIV016","VistaID":"RIV016","CountyID":18,"SubPrecinctID":null,"AliasName":null,"VersionNbr":null}},{"type":"Feature","geometry":{"type":"Polygon","coordinates":[[[-111.919364086355,40.5267300679969],[-111.919396894626,40.5266138526023],[-111.919560140971,40.5263298590515],[-111.919800819398,40.5260284756259],[-111.91997922122,40.525944443063],[-111.920086697457,40.5258234711389],[-111.920320411247,40.52559866073],[-111.920389106315,40.5255620313321],[-111.920461235642,40.5255269198325],[-111.920700979822,40.5253046089398],[-111.92079001185,40.5252359370363],[-111.920948490835,40.5251368443865],[-111.921127239407,40.5250907234171],[-111.921345522835,40.5250444597048],[-111.921494977345,40.5250894007778],[-111.921604047194,40.5250738793954],[-111.921801822982,40.524898635903],[-111.921879913529,40.5246633060802],[-111.921878273206,40.5243978227741],[-111.921936087879,40.5241093410943],[-111.921924394509,40.523821198228],[-111.921962944811,40.5236238348396],[-111.921894150928,40.5235614386022],[-111.921762965456,40.5234424590175],[-111.925122785891,40.5223505254725],[-111.929180055618,40.5223286856642],[-111.929190400617,40.5328282492047],[-111.928190714046,40.5329131811925],[-111.927205316976,40.5328300707815],[-111.926333199261,40.5326887352584],[-111.925386947178,40.532807780359],[-111.924458911133,40.5328111435861],[-111.923527736374,40.532308726392],[-111.924166286726,40.5314393569344],[-111.924710482532,40.5306281286256],[-111.92500207747,40.5287917893183],[-111.925401426224,40.5260157383154],[-111.923923935635,40.525963288211],[-111.92356006764,40.5260512333031],[-111.923104496925,40.5262385029711],[-111.922630164895,40.5266038862596],[-111.921893605651,40.5271141671104],[-111.921645967975,40.5272097635954],[-111.921422590201,40.527214356839],[-111.919364086355,40.5267300679969]]]},"properties":{"PrecinctID":"RIV015","VistaID":"RIV015","CountyID":18,"SubPrecinctID":null,"AliasName":null,"VersionNbr":null}},{"type":"Feature","geometry":{"type":"Polygon","coordinates":[[[-111.935907803784,40.5223337278793],[-111.929180055618,40.5223286856642],[-111.92921171674,40.5175768657815],[-111.929246123114,40.5019694979009],[-111.930020744875,40.5017209850065],[-111.930378153984,40.5013583937385],[-111.930376058214,40.5010260231201],[-111.930016739287,40.5010851479176],[-111.929469747924,40.5014050802227],[-111.929241760895,40.5012758555507],[-111.929236503055,40.5005151748306],[-111.931201934252,40.5005012598257],[-111.931259777671,40.5003758661773],[-111.931288786069,40.5002656203136],[-111.931340585623,40.5002072509658],[-111.931378763124,40.5000657373622],[-111.931385936172,40.4999719403508],[-111.931410102649,40.499856846647],[-111.931448401423,40.4997073135431],[-111.931451594934,40.4995901216205],[-111.93144623289,40.4994912349278],[-111.931425647097,40.499425965696],[-111.931412828138,40.4993853238693],[-111.931418682459,40.4992824810913],[-111.931418833376,40.4991476052009],[-111.931400337064,40.4990307278902],[-111.931498201328,40.4988860442903],[-111.931633423829,40.4987174348976],[-111.932135665616,40.4989839400218],[-111.932247442987,40.4990432346602],[-111.932575887716,40.4992174589358],[-111.932767366314,40.499312505693],[-111.933015303129,40.4994355774568],[-111.933178846816,40.4995098306701],[-111.933303959677,40.4995666377178],[-111.933364923844,40.499594318516],[-111.933402038638,40.4996108444724],[-111.934075961053,40.4999109429188],[-111.935356951461,40.5002656121166],[-111.936372357651,40.5004861706046],[-111.937159210873,40.5005835482769],[-111.937516183401,40.5006067797678],[-111.938596695889,40.5006613481246],[-111.938722551657,40.5006677034779],[-111.938722551657,40.5007092940049],[-111.938720472057,40.5008155206035],[-111.938584490479,40.507752421611],[-111.938572038931,40.5107432415229],[-111.938582438727,40.5142484728064],[-111.938715184573,40.5223357197727],[-111.935907803784,40.5223337278793]]]},"properties":{"PrecinctID":"RIV024","VistaID":"RIV024","CountyID":18,"SubPrecinctID":null,"AliasName":null,"VersionNbr":null}},{"type":"Feature","geometry":{"type":"Polygon","coordinates":[[[-111.919039167513,40.4987725772263],[-111.919055716277,40.4987936739845],[-111.919147781018,40.4989137192215],[-111.919812360953,40.4997802699574],[-111.920544566063,40.499900041561],[-111.924089880519,40.5005938607101],[-111.925311183267,40.5008430383144],[-111.925309314771,40.5005428798283],[-111.929236503055,40.5005151748306],[-111.929241760895,40.5012758555507],[-111.929469747924,40.5014050802227],[-111.930016739287,40.5010851479176],[-111.930376058214,40.5010260231201],[-111.930378153984,40.5013583937385],[-111.930020744875,40.5017209850065],[-111.929246123114,40.5019694979009],[-111.92921171674,40.5175768657815],[-111.929180055618,40.5223286856642],[-111.925122785891,40.5223505254725],[-111.921762965456,40.5234424590175],[-111.921712416356,40.5233213323514],[-111.921741640349,40.5231998299],[-111.921850243074,40.5230704771929],[-111.921918672241,40.5228957884005],[-111.921936714903,40.5226074504839],[-111.921839844176,40.522381213727],[-111.921755654966,40.5222592192798],[-111.92159021224,40.5222228912457],[-111.921368390349,40.5223060906088],[-111.92124938693,40.5223368683378],[-111.921171086176,40.5225571609958],[-111.92091268848,40.5225656529745],[-111.920465311299,40.5225292547726],[-111.920126182906,40.5223636834364],[-111.919766787622,40.5221070477058],[-111.919507134081,40.521910840817],[-111.919336491008,40.5216231781135],[-111.919414885186,40.5214560216564],[-111.919692337946,40.5213034610734],[-111.919939579465,40.5211128226803],[-111.920196709639,40.5208995472432],[-111.920364204117,40.5206561509312],[-111.920441823947,40.5203449031013],[-111.920539783432,40.5201169774591],[-111.920597837058,40.5198664981858],[-111.92056711737,40.5197072977229],[-111.920436593057,40.5194954102182],[-111.920206612666,40.5192686583039],[-111.919798395743,40.5191488147565],[-111.91968044515,40.5193691574987],[-111.919443329441,40.519612620626],[-111.918977936547,40.5198874305636],[-111.918412456957,40.5200639812151],[-111.917796504624,40.5201115683711],[-111.917438521492,40.5200825842284],[-111.917210453614,40.520166879537],[-111.917011843292,40.5202055011085],[-111.91636476164,40.5200257050995],[-111.916045784255,40.5198903116417],[-111.915516972099,40.5195585231725],[-111.91543686124,40.5194449743063],[-111.915455579436,40.5192629015573],[-111.915562473565,40.5188527611124],[-111.915601087647,40.5186631428229],[-111.91552062914,40.5185116814921],[-111.915410593603,40.5184058940246],[-111.915328521722,40.517989037468],[-111.915248551,40.517898272339],[-111.914999298153,40.5177777570967],[-111.914720653329,40.5177332645695],[-111.914481801176,40.517673410765],[-111.914232302191,40.5174922872246],[-111.914131582183,40.5172878521262],[-111.914031212518,40.5171213295259],[-111.913940709049,40.516947207071],[-111.913890247087,40.5168184227745],[-111.913849607303,40.5166744741163],[-111.91381901877,40.5165531842964],[-111.913768650232,40.5164396194133],[-111.913807496978,40.516287735113],[-111.913866260272,40.5161509109011],[-111.913954922194,40.5160217248833],[-111.91401403134,40.5159229033906],[-111.914231121804,40.5156643007647],[-111.91435959167,40.5155424484351],[-111.914566120642,40.515177615389],[-111.91465422471,40.5149952974881],[-111.914667549421,40.5148968166318],[-111.914717083424,40.5145236229804],[-111.914779077958,40.5142590836318],[-111.914934772166,40.513704857832],[-111.914844318106,40.5135383010636],[-111.914822740572,40.5132501025147],[-111.914940212364,40.5129690668962],[-111.915037489129,40.5126274027832],[-111.915128107582,40.5118316911485],[-111.915099031811,40.5112997326237],[-111.915036818088,40.5108675851833],[-111.91507818371,40.5106844414563],[-111.915222929252,40.510426994032],[-111.915281728479,40.5102978222561],[-111.915240904541,40.5101235249953],[-111.914672872837,40.509867700919],[-111.914434369231,40.5098608895211],[-111.914255288282,40.5098463931866],[-111.914035943944,40.5097106404113],[-111.913856613264,40.5096354450411],[-111.913786566232,40.509544644016],[-111.913805606024,40.5094156139682],[-111.913882851257,40.5090588922666],[-111.914317054645,40.5085339411555],[-111.914494174571,40.5082450387812],[-111.914711420444,40.5080167844602],[-111.914829664787,40.507864618124],[-111.915017682176,40.5077198600057],[-111.915175962634,40.5076131204748],[-111.915462955502,40.5074073117766],[-111.915868464005,40.5070948126337],[-111.916065971196,40.5068817548814],[-111.916203504165,40.5066234308915],[-111.916311231032,40.5063726867395],[-111.916242679694,40.5060628609074],[-111.916347892177,40.5058643592305],[-111.916554935884,40.5055906577437],[-111.9166823655,40.5053018389978],[-111.916621095008,40.5050442206431],[-111.916410653873,40.504741562602],[-111.916012252841,40.5045912289381],[-111.915752952337,40.5044404926272],[-111.915572913785,40.5042466964001],[-111.915412151282,40.5039638526001],[-111.915291031432,40.5036609663276],[-111.915249406196,40.5033348331222],[-111.915277613296,40.5030843724378],[-111.915276882966,40.5027898844651],[-111.915285540929,40.5027582439426],[-111.915165368802,40.5025917911332],[-111.915084192541,40.5023190230144],[-111.915073268129,40.5021521838679],[-111.915211436206,40.5019999468489],[-111.915448666001,40.5018018785069],[-111.915686474311,40.5016797277605],[-111.915954656458,40.5016635547765],[-111.916183590312,40.5017310062784],[-111.916264075768,40.5018900322086],[-111.91631448473,40.5020112522392],[-111.916572991123,40.5020330283103],[-111.916969798543,40.5019254395595],[-111.917148234501,40.5018565387884],[-111.917256412323,40.5016816212227],[-111.917335049046,40.5015373381537],[-111.917550823479,40.5010738505681],[-111.917626350235,40.5004212896472],[-111.917640384615,40.5003365193643],[-111.91772009752,40.4998550296388],[-111.917838918581,40.4994343943448],[-111.918006505585,40.4992138747506],[-111.918293873051,40.4990762301437],[-111.91849211776,40.499007348305],[-111.918809675806,40.4989455145707],[-111.919039167513,40.4987725772263]]]},"properties":{"PrecinctID":"RIV025","VistaID":"RIV025","CountyID":18,"SubPrecinctID":null,"AliasName":null,"VersionNbr":null}},{"type":"Feature","geometry":{"type":"Polygon","coordinates":[[[-112.013230769768,40.4992047663972],[-112.01487025984,40.4991967243499],[-112.014879026499,40.5004722849661],[-112.019794048083,40.5004504523759],[-112.019685342052,40.5009633271572],[-112.019033863147,40.5015774779877],[-112.018439755147,40.5036847472885],[-112.024298836027,40.5036878128024],[-112.024478637424,40.5036879022815],[-112.024478569152,40.5037080746981],[-112.024477569327,40.5040440753795],[-112.024477570225,40.5042560752362],[-112.024475569677,40.5044790761279],[-112.024473569129,40.5051480757206],[-112.024473570028,40.5053720749681],[-112.024471569479,40.5055920743424],[-112.024469570728,40.5062530762742],[-112.024469571626,40.5064740747467],[-112.024467571078,40.5067460760177],[-112.024465569632,40.5075620752611],[-112.024465571428,40.5078076268622],[-112.024465571428,40.5078350754533],[-112.024249605654,40.5078359059867],[-112.023684571629,40.5078380752091],[-112.021342570258,40.5078490770444],[-112.020626570756,40.5078530774008],[-112.020562568487,40.5078540752702],[-112.019811569723,40.5078570763911],[-112.01756157021,40.5078680768573],[-112.0168125693,40.5078720765296],[-112.014788569743,40.5078820763925],[-112.014784199439,40.5078820941506],[-112.014784146439,40.5078820941506],[-112.014540569148,40.5078830776764],[-112.012670569577,40.5078910783851],[-112.011174568303,40.5078980771261],[-112.010270112136,40.5079026013436],[-112.010265679848,40.5078202713288],[-112.010259034112,40.5076967805566],[-112.01017054826,40.5060527275839],[-112.01016363752,40.5051278777819],[-112.010007865158,40.5045505062271],[-112.009777341287,40.504103520596],[-112.012287091359,40.5030087318008],[-112.012850356601,40.5023848632018],[-112.013259668571,40.5014292882189],[-112.013246089637,40.4996229371829],[-112.013230769768,40.4992047663972]]]},"properties":{"PrecinctID":"RIV026","VistaID":"RIV026","CountyID":18,"SubPrecinctID":null,"AliasName":null,"VersionNbr":null}},{"type":"Feature","geometry":{"type":"Polygon","coordinates":[[[-111.976784942796,40.5369541465185],[-111.976784100177,40.5368443485689],[-111.976673162731,40.5223812246527],[-111.976672215906,40.5222577053844],[-111.976672295856,40.5222577053844],[-111.976715355701,40.5222575578872],[-111.980454289441,40.5222582113819],[-111.982030809408,40.5222584927192],[-111.982030882172,40.5222584913535],[-111.984068401373,40.5222587685937],[-111.984272399791,40.5222547410995],[-111.987285096828,40.5222465372472],[-111.987480488487,40.5222483966688],[-111.987431258114,40.5223714584404],[-111.987126855895,40.5231323842848],[-111.98643638831,40.5235586239178],[-111.986164019116,40.5242653757125],[-111.986221224732,40.5301723663004],[-111.98628524317,40.5367810115773],[-111.986285506377,40.5368084715188],[-111.986286572677,40.5369182913739],[-111.98626956667,40.5369180824652],[-111.984396566726,40.5369130829926],[-111.984306565416,40.5369130829926],[-111.984084566557,40.5369130823099],[-111.982591565656,40.5369730827842],[-111.982534565755,40.5369730814188],[-111.982306565251,40.5369720819347],[-111.981625565011,40.5369690827998],[-111.981562565261,40.5369690834825],[-111.98139856523,40.5369690834825],[-111.981312566813,40.5369690827998],[-111.981057564748,40.5369690841652],[-111.980972566156,40.5369690841652],[-111.980623566176,40.5369660822993],[-111.979786565402,40.5369620823144],[-111.979579564814,40.5369620829971],[-111.979231565558,40.5369620823144],[-111.978735565266,40.5369600840287],[-111.978261564714,40.5369580823293],[-111.977248565111,40.536955082511],[-111.976784942796,40.5369541465185]]]},"properties":{"PrecinctID":"RIV005","VistaID":"RIV005","CountyID":18,"SubPrecinctID":null,"AliasName":null,"VersionNbr":null}},{"type":"Feature","geometry":{"type":"Polygon","coordinates":[[[-111.949112985459,40.5368710479469],[-111.949115006669,40.5367887132243],[-111.949192398327,40.5336490481774],[-111.949184727613,40.5324837456826],[-111.949266774341,40.5320579922644],[-111.949265521191,40.5306379066075],[-111.949263012197,40.5278036161071],[-111.948310820453,40.5267714095225],[-111.948379133738,40.5242555039349],[-111.948329595243,40.5222487264891],[-111.949436455319,40.5222907918762],[-111.949469471999,40.5222906518904],[-111.949472431947,40.5224148594168],[-111.949472463388,40.522443360455],[-111.949472595441,40.5225564248785],[-111.949321416165,40.5231318707826],[-111.949307671941,40.5232103525871],[-111.949372600373,40.5232103102505],[-111.949333110433,40.5235356748807],[-111.949325326531,40.5235998089799],[-111.949271980078,40.5240393514516],[-111.949248664305,40.5242314427941],[-111.949224071128,40.5244340854429],[-111.949216414786,40.5245977725065],[-111.94920887343,40.5247587442298],[-111.949301909249,40.5251241683611],[-111.949421316909,40.525473524316],[-111.949514597969,40.5257646685924],[-111.949537107953,40.5258621672929],[-111.949551092925,40.5259227478179],[-111.949580272901,40.5260491466083],[-111.949645966697,40.5263336316105],[-111.94971971928,40.5266024625938],[-111.949794085413,40.5268712044162],[-111.950156625699,40.5273350374257],[-111.950295679515,40.5275289014411],[-111.950258618619,40.5275289062208],[-111.95063368142,40.5280364024034],[-111.951008725356,40.5285438892807],[-111.950872743779,40.5285439077161],[-111.951109887335,40.5288744267847],[-111.951152866332,40.5289343272597],[-111.951359768105,40.5292226939475],[-111.95125476493,40.5292229854974],[-111.951426891121,40.5295854185967],[-111.951566335704,40.5298790275988],[-111.951602656388,40.5299555043738],[-111.951630982964,40.5300151526199],[-111.951786254066,40.5303420846419],[-111.951833813572,40.530442214923],[-111.952222767022,40.5310880022092],[-111.952517645302,40.5310878909181],[-111.952677830189,40.5308133235379],[-111.953469017782,40.5308130019531],[-111.953594480088,40.530813293496],[-111.953617564095,40.5307756427919],[-111.953698162739,40.530636876987],[-111.953737343659,40.5305455923238],[-111.953756307095,40.5304649260383],[-111.953759911135,40.5302470729847],[-111.957552646774,40.5302440387271],[-111.95774124717,40.5302432098367],[-111.957744336476,40.530786666126],[-111.957747887516,40.5320456541477],[-111.957748104908,40.5325393054026],[-111.957751396336,40.5341562877301],[-111.957751170859,40.5342727836212],[-111.957755373177,40.5354235894594],[-111.957755617519,40.5354235894594],[-111.957759560225,40.5366750843138],[-111.957697561199,40.5368590834755],[-111.956061560183,40.5368570838212],[-111.955499065695,40.5368566503011],[-111.955285885597,40.5368564844029],[-111.955177953015,40.536856399747],[-111.954772559497,40.53685608297],[-111.95449355894,40.5368560843355],[-111.953659561233,40.5368600850094],[-111.953584559992,40.5368600836439],[-111.953381558704,40.5368610851778],[-111.953162558421,40.5368610844951],[-111.952952560155,40.5368620839808],[-111.952506559193,40.5368640843176],[-111.952288560532,40.536865084486],[-111.951719560444,40.5368670848227],[-111.950013559108,40.5368720842988],[-111.949445559744,40.5368750841208],[-111.949116558958,40.5368710848132],[-111.949113069901,40.5368710472642],[-111.949112985459,40.5368710479469]]]},"properties":{"PrecinctID":"RIV009","VistaID":"RIV009","CountyID":18,"SubPrecinctID":null,"AliasName":null,"VersionNbr":null}},{"type":"Feature","geometry":{"type":"Polygon","coordinates":[[[-111.944674552473,40.5008450848092],[-111.944674553371,40.5007910808229],[-111.944674553371,40.5006750813976],[-111.944675553196,40.5004960827683],[-111.944692552914,40.4987170810532],[-111.944699552587,40.4980910815603],[-111.944701553135,40.4977590807093],[-111.946805553058,40.4977640803701],[-111.946802553583,40.498471080847],[-111.94679955321,40.4992910818971],[-111.947540553725,40.4992920819431],[-111.947569553139,40.4993550807111],[-111.947569554037,40.4995870798275],[-111.947568554212,40.4998980804231],[-111.947688553863,40.49989908046],[-111.948264554521,40.4999040806444],[-111.948262553973,40.5000300810702],[-111.948254554476,40.5002090802599],[-111.948249554453,40.5003950812283],[-111.948249552656,40.5005080803712],[-111.948248557323,40.5005558760838],[-111.948124547593,40.5005724892374],[-111.947838674025,40.5006107853379],[-111.947313185635,40.500657592564],[-111.946733956431,40.5007239801605],[-111.946648404477,40.5007320848678],[-111.946570192657,40.5007394935189],[-111.946340879714,40.5007612167228],[-111.945690362905,40.5008029998193],[-111.944871177519,40.5008418552272],[-111.944800410037,40.5008450861754],[-111.944674552473,40.5008450848092]]]},"properties":{"PrecinctID":"RIV035","VistaID":"RIV035","CountyID":18,"SubPrecinctID":null,"AliasName":null,"VersionNbr":null}},{"type":"Feature","geometry":{"type":"Polygon","coordinates":[[[-111.938715184573,40.5223357197727],[-111.948329595243,40.5222487264891],[-111.948379133738,40.5242555039349],[-111.948310820453,40.5267714095225],[-111.949263012197,40.5278036161071],[-111.949265521191,40.5306379066075],[-111.947703113757,40.5306726289806],[-111.947720630905,40.5304557973494],[-111.947491092485,40.5301098464316],[-111.946941015409,40.5299818869564],[-111.944024553991,40.5300074215176],[-111.944010692088,40.5307878309329],[-111.943196882221,40.5308776165864],[-111.940696755801,40.5308581405752],[-111.939958976645,40.5309909706144],[-111.938671124904,40.5309957984713],[-111.938715184573,40.5223357197727]]]},"properties":{"PrecinctID":"RIV011","VistaID":"RIV011","CountyID":18,"SubPrecinctID":null,"AliasName":null,"VersionNbr":null}},{"type":"Feature","geometry":{"type":"Polygon","coordinates":[[[-111.938699556582,40.5368910861277],[-111.93869438588,40.5367264391599],[-111.938671124904,40.5309957984713],[-111.939958976645,40.5309909706144],[-111.940696755801,40.5308581405752],[-111.943196882221,40.5308776165864],[-111.944010692088,40.5307878309329],[-111.944024553991,40.5300074215176],[-111.946941015409,40.5299818869564],[-111.947491092485,40.5301098464316],[-111.947720630905,40.5304557973494],[-111.947703113757,40.5306726289806],[-111.949265521191,40.5306379066075],[-111.949266774341,40.5320579922644],[-111.949184727613,40.5324837456826],[-111.949192398327,40.5336490481774],[-111.949115006669,40.5367887132243],[-111.949112985459,40.5368710479469],[-111.948795810096,40.5368676221145],[-111.948215904461,40.5368613603094],[-111.948190557597,40.5368610858605],[-111.947659558941,40.5368590848409],[-111.947226559295,40.5368660853371],[-111.944380558135,40.5368940852662],[-111.943993558521,40.5368960849193],[-111.942853558696,40.5369030860942],[-111.942834557531,40.5369020852437],[-111.942484557726,40.5369020852437],[-111.94234155851,40.5369010850759],[-111.941916557464,40.5369010850759],[-111.941861558111,40.5369000855908],[-111.941761557653,40.5369000862735],[-111.941472942427,40.5369019009125],[-111.941284556729,40.5369030854115],[-111.94115155666,40.5369000849081],[-111.940492557059,40.5368970857699],[-111.939314555802,40.5368930850982],[-111.939032453362,40.5368921689034],[-111.938699556582,40.5368910861277]]]},"properties":{"PrecinctID":"RIV010","VistaID":"RIV010","CountyID":18,"SubPrecinctID":null,"AliasName":null,"VersionNbr":null}},{"type":"Feature","geometry":{"type":"Polygon","coordinates":[[[-111.938584490479,40.507752421611],[-111.938720472057,40.5008155206035],[-111.938722551657,40.5007092940049],[-111.938722553454,40.5007190811326],[-111.938957001167,40.5007379764053],[-111.939330552103,40.5007680809587],[-111.939988553675,40.5008000824011],[-111.940323553411,40.5008120819988],[-111.940820553528,40.500832081779],[-111.941686553717,40.5008770814333],[-111.942337552023,40.5008900810394],[-111.942911553032,40.500896080489],[-111.943498553561,40.5008940804448],[-111.944187552401,40.5008730806607],[-111.944456552913,40.5008600803682],[-111.944674553371,40.5008500828739],[-111.944674552473,40.5008450848092],[-111.944800410037,40.5008450861754],[-111.944871177519,40.5008418552272],[-111.945690362905,40.5008029998193],[-111.946340879714,40.5007612167228],[-111.946570192657,40.5007394935189],[-111.946648404477,40.5007320848678],[-111.946733956431,40.5007239801605],[-111.947313185635,40.500657592564],[-111.947838674025,40.5006107853379],[-111.948124547593,40.5005724892374],[-111.948248557323,40.5005558760838],[-111.94824855373,40.5005560810074],[-111.94826255577,40.5005540809531],[-111.948282553166,40.5005510808715],[-111.948514554767,40.5005130805102],[-111.949353553394,40.500514080538],[-111.949796554882,40.5005150812488],[-111.950477555122,40.5005180806489],[-111.951546553904,40.5005180806489],[-111.952621554329,40.5005200807042],[-111.953165556099,40.5005200807042],[-111.953521731821,40.500520986467],[-111.953584323735,40.50061718373],[-111.953685399476,40.5007725284695],[-111.953785853583,40.5009269158615],[-111.953797792193,40.5010092905409],[-111.953817474281,40.5011451176238],[-111.953826476298,40.5011991192759],[-111.953835474722,40.501296118175],[-111.953840476542,40.5013581198273],[-111.953826474501,40.5014191173096],[-111.953797476884,40.5014791181385],[-111.953790476313,40.5015181193315],[-111.953696474805,40.5016161191468],[-111.953560477058,40.5017151188287],[-111.95349547676,40.5017701186648],[-111.953445475633,40.5017921188599],[-111.95322247605,40.5019731201905],[-111.95312147487,40.5020611186118],[-111.952941476741,40.5022591178823],[-111.952812475073,40.5024291200118],[-111.952697475446,40.5025721197456],[-111.952618473108,40.5027371197428],[-111.952519476069,40.5029271184502],[-111.952316475679,40.5033191188642],[-111.952294475039,40.5033791193597],[-111.952278476943,40.5034101202549],[-111.952182475785,40.5035861179932],[-111.952093475198,40.5037531195533],[-111.951985474345,40.5038901186495],[-111.951884474961,40.5040381192432],[-111.951856475371,40.5040911185919],[-111.951766475858,40.5042711192117],[-111.95174747649,40.5043081195221],[-111.951690476588,40.5044561191936],[-111.951676475446,40.5045161186719],[-111.951640475461,40.5046101183389],[-111.951525475834,40.5048461189421],[-111.9514754783,40.5049641213229],[-111.951460476435,40.505000118558],[-111.951330476738,40.5052191205608],[-111.951273475939,40.5053951190167],[-111.951187476623,40.5055651186624],[-111.951129475999,40.50570812059],[-111.951072474301,40.5058181198163],[-111.95091347519,40.5061641196089],[-111.950870477329,40.5062791184795],[-111.950841476118,40.5064001202084],[-111.950719476818,40.5067731193321],[-111.950647474153,40.5069331202633],[-111.950606475942,40.5070411196687],[-111.950583477274,40.5071031187428],[-111.950547476391,40.5075261203815],[-111.950504474038,40.5077561194019],[-111.95050447853,40.5077851198014],[-111.938584490479,40.507752421611]]]},"properties":{"PrecinctID":"RIV033","VistaID":"RIV033","CountyID":18,"SubPrecinctID":null,"AliasName":null,"VersionNbr":null}},{"type":"Feature","geometry":{"type":"Polygon","coordinates":[[[-111.929190400617,40.5328282492047],[-111.929180055618,40.5223286856642],[-111.935907803784,40.5223337278793],[-111.935779713007,40.5230874002458],[-111.935374534186,40.524880838601],[-111.934854417722,40.5264723865243],[-111.934676176698,40.5282216263275],[-111.934234899976,40.5303042138192],[-111.933640519787,40.5321416949005],[-111.933664325142,40.5329075116441],[-111.932187226218,40.5329418682533],[-111.929190400617,40.5328282492047]]]},"properties":{"PrecinctID":"RIV013","VistaID":"RIV013","CountyID":18,"SubPrecinctID":null,"AliasName":null,"VersionNbr":null}},{"type":"Feature","geometry":{"type":"Polygon","coordinates":[[[-111.967310558819,40.5078200800875],[-111.96722016764,40.5077751219732],[-111.961660399125,40.5077874474825],[-111.957687475813,40.5077714453565],[-111.957687345558,40.5077576930461],[-111.957696833564,40.5075974598107],[-111.957705287609,40.5068563296721],[-111.957706791389,40.5060559637453],[-111.957711668342,40.5046242524294],[-111.957713760519,40.5034720536975],[-111.957720351458,40.5014751167187],[-111.957711481493,40.5011963610307],[-111.957697819016,40.5009634979258],[-111.957697156059,40.5005260521806],[-111.957720556274,40.5005260801869],[-111.957873489959,40.5005264893512],[-111.961102556113,40.5005350811175],[-111.961194555276,40.5005470793965],[-111.961548557974,40.5005940813444],[-111.962647774285,40.500750972623],[-111.96269055655,40.5007570800111],[-111.963510557606,40.5008460800505],[-111.964190557123,40.5008920790345],[-111.964480557551,40.5008930790565],[-111.965583557566,40.5008970791449],[-111.965661558282,40.500897079828],[-111.965898556312,40.5008970791449],[-111.965977556853,40.5008980791669],[-111.966026557257,40.5008980791669],[-111.96617355757,40.5008980791669],[-111.966222558872,40.5008990791889],[-111.967177956703,40.5009026769456],[-111.967180322865,40.5010399346008],[-111.967208294607,40.5026624486554],[-111.967127183025,40.5046425892439],[-111.967846587142,40.5046397191223],[-111.967883999278,40.507739944468],[-111.967884994612,40.5078223032676],[-111.967857558266,40.5078220806081],[-111.967310558819,40.5078200800875]]]},"properties":{"PrecinctID":"RIV032","VistaID":"RIV032","CountyID":18,"SubPrecinctID":null,"AliasName":null,"VersionNbr":null}},{"type":"Feature","geometry":{"type":"Polygon","coordinates":[[[-111.967884994612,40.5078223032676],[-111.967883999278,40.507739944468],[-111.967846587142,40.5046397191223],[-111.967127183025,40.5046425892439],[-111.967208294607,40.5026624486554],[-111.967180322865,40.5010399346008],[-111.967177956703,40.5009026769456],[-111.969417558216,40.500911078769],[-111.970594558749,40.5009000785278],[-111.971447559417,40.5009510782643],[-111.971737558048,40.5009840796401],[-111.971758559761,40.5009860796816],[-111.972447559499,40.5010650792225],[-111.97321955818,40.5012280794771],[-111.973616642282,40.501329611192],[-111.973831557027,40.5013845621631],[-111.974138430511,40.5014630263914],[-111.974204317445,40.50147987293],[-111.974222757163,40.5014845881567],[-111.974537559178,40.5015650782488],[-111.975853604544,40.5020534163895],[-111.975871559172,40.5020600789895],[-111.976454934999,40.5023628939388],[-111.976605560014,40.5024410790176],[-111.976680470526,40.5024791021938],[-111.976737262018,40.5025072531008],[-111.976737560258,40.5025074020077],[-111.976790755795,40.502533781049],[-111.976875180363,40.5025756456915],[-111.977333822418,40.5027924445585],[-111.977511044752,40.5028864794277],[-111.977680125655,40.5029886179165],[-111.977837555409,40.5031007950765],[-111.977986830256,40.503219372925],[-111.978282727226,40.5034266199985],[-111.978546521102,40.503650741796],[-111.979059772642,40.5040632470311],[-111.979715068488,40.5046896067642],[-111.979731888544,40.5047064866442],[-111.980101721353,40.5050776462176],[-111.980460176101,40.5054443339964],[-111.98081228515,40.5058179108106],[-111.981090956924,40.5060686461083],[-111.981190957381,40.5061727912497],[-111.981217973315,40.5062009269461],[-111.981502291001,40.5064765616166],[-111.981533458948,40.506511532147],[-111.982413244683,40.5074986149743],[-111.982442015925,40.507537754733],[-111.982653099355,40.5078249055153],[-111.982279863728,40.5078220355298],[-111.981505561767,40.507816078363],[-111.980231562048,40.5078080796944],[-111.979369562057,40.507801078895],[-111.978008561401,40.5077920796223],[-111.976843559665,40.5077840789018],[-111.976482560889,40.5077850788212],[-111.976295561291,40.5077870800258],[-111.975905559507,40.507816079046],[-111.975487560829,40.5078340796327],[-111.97540456009,40.5078340789497],[-111.975044559341,40.5078350795513],[-111.974536559353,40.5078350795513],[-111.973012560287,40.5078350795513],[-111.972505559226,40.5078360787869],[-111.971975560395,40.5078350795513],[-111.970386560133,40.5078320811614],[-111.969857558432,40.5078320797954],[-111.969679559055,40.5078310798768],[-111.969145560026,40.5078280787547],[-111.968967560649,40.5078280801207],[-111.968702558538,40.5078260802832],[-111.968699514148,40.5078260802832],[-111.968620559421,40.5078260802832],[-111.968102558489,40.5078240804457],[-111.967884994612,40.5078223032676]]]},"properties":{"PrecinctID":"RIV031","VistaID":"RIV031","CountyID":18,"SubPrecinctID":null,"AliasName":null,"VersionNbr":null}},{"type":"Feature","geometry":{"type":"Polygon","coordinates":[[[-111.97057191222,40.5368648462206],[-111.970487999691,40.5368641218666],[-111.970483562014,40.5368640836349],[-111.970483472182,40.5368640843176],[-111.97046792504,40.5367680148326],[-111.97046648504,40.5367591204891],[-111.970381482855,40.5362311208403],[-111.970323483129,40.5360311225246],[-111.970209483326,40.5356381206301],[-111.970174484064,40.5355051216123],[-111.970168484216,40.5354261230461],[-111.970150482876,40.5352041208123],[-111.97012448114,40.5347121222816],[-111.970152483424,40.5343201224151],[-111.970170483866,40.5342251225428],[-111.970250482435,40.5339161211211],[-111.970336481751,40.5335491213662],[-111.970391482002,40.5332731214299],[-111.970434485253,40.533145122251],[-111.970523483145,40.5329821217426],[-111.970598483488,40.5328631206477],[-111.970855483406,40.532456122156],[-111.971078482989,40.5321541210752],[-111.971149481337,40.5320521212301],[-111.971445484308,40.5316621213144],[-111.97144948271,40.5316241215129],[-111.971459483654,40.5316011206164],[-111.971511482634,40.5315011211092],[-111.971524482154,40.5314751201069],[-111.97152148268,40.5313081213585],[-111.971513480487,40.5312221215382],[-111.971485484491,40.5310621212136],[-111.971449484506,40.5309081206855],[-111.971321483562,40.5303481203749],[-111.971305483668,40.5302901192803],[-111.971147481688,40.5296251203657],[-111.971131483591,40.5295691198827],[-111.971004483369,40.5290141193696],[-111.970859481808,40.5283881206712],[-111.970713483116,40.5277671203777],[-111.970669482735,40.5275751211048],[-111.970607481912,40.5273121204078],[-111.970521481699,40.5271461197923],[-111.97032548188,40.5267691221035],[-111.970269484499,40.5266621192868],[-111.970196482009,40.5265331208138],[-111.969931483491,40.5260601195085],[-111.969578482416,40.5254311201965],[-111.969216479323,40.5248131208618],[-111.9688494798,40.5241901201869],[-111.968750480066,40.5240231203557],[-111.968682481192,40.523866119636],[-111.968643483529,40.5237521212448],[-111.968621481991,40.5235591217114],[-111.968593482402,40.5233031201426],[-111.968571481762,40.5229321194841],[-111.968562482439,40.5227871200692],[-111.968505456487,40.5225048952872],[-111.968484673963,40.5224020346969],[-111.968459726849,40.5222785735098],[-111.968624201191,40.5222781651611],[-111.969833224867,40.5222751353227],[-111.973171474058,40.5222696130544],[-111.976671917666,40.5222577081159],[-111.976672215906,40.5222577053844],[-111.976673162731,40.5223812246527],[-111.976784100177,40.5368443485689],[-111.976784942796,40.5369541465185],[-111.976753563745,40.5369540830267],[-111.976017563253,40.5369250829552],[-111.974729562392,40.5368750834381],[-111.973810565195,40.5368720829334],[-111.973568564447,40.5368720836161],[-111.973075564528,40.5368690831112],[-111.973023563751,40.5368690831112],[-111.972871565212,40.5368690831112],[-111.972820563362,40.5368700832795],[-111.972799563445,40.5368700839622],[-111.972738562447,40.5368700825968],[-111.972718563254,40.5368700839622],[-111.972681563444,40.5368700832795],[-111.972574563314,40.5368700832795],[-111.972538563329,40.5368710834478],[-111.972505564616,40.5368710834478],[-111.972150564788,40.5368690837939],[-111.971060563396,40.5368660832889],[-111.970986562877,40.5368650838033],[-111.970599564162,40.5368650838033],[-111.97057191222,40.5368648462206]]]},"properties":{"PrecinctID":"RIV006","VistaID":"RIV006","CountyID":18,"SubPrecinctID":null,"AliasName":null,"VersionNbr":null}},{"type":"Feature","geometry":{"type":"Polygon","coordinates":[[[-111.929301930052,40.5404216823294],[-111.929135554875,40.5404210863563],[-111.929136553802,40.540286087724],[-111.929136919416,40.5402511211566],[-111.929139555073,40.5399990862134],[-111.929145554023,40.5396070865592],[-111.929144554198,40.539372086238],[-111.929144555994,40.5392500872191],[-111.929144556893,40.5391620877664],[-111.929142555446,40.5385580866657],[-111.929142554548,40.5379830879379],[-111.929195328774,40.537823390491],[-111.929190400617,40.5328282492047],[-111.932187226218,40.5329418682533],[-111.933664325142,40.5329075116441],[-111.933640519787,40.5321416949005],[-111.934234899976,40.5303042138192],[-111.934676176698,40.5282216263275],[-111.934854417722,40.5264723865243],[-111.935374534186,40.524880838601],[-111.935779713007,40.5230874002458],[-111.935907803784,40.5223337278793],[-111.938715184573,40.5223357197727],[-111.938671124904,40.5309957984713],[-111.93869438588,40.5367264391599],[-111.938699556582,40.5368910861277],[-111.938696340614,40.5370325711746],[-111.93869455656,40.537111085856],[-111.938683557587,40.5377740859497],[-111.938679556491,40.5379950842954],[-111.938679556491,40.5380670856069],[-111.938680556316,40.5382860861053],[-111.938681556141,40.5383590858847],[-111.938681557039,40.5384768524684],[-111.938681556141,40.5384924758812],[-111.938683033869,40.5387221741053],[-111.938679124401,40.539054327841],[-111.93871162994,40.5391406726054],[-111.938711424226,40.5391605879066],[-111.938711242766,40.5391781684185],[-111.93849536862,40.5391775915495],[-111.937184558636,40.5391740859608],[-111.936927556921,40.5391830857999],[-111.93681155657,40.5391970856231],[-111.936635557741,40.5393790857889],[-111.936615556751,40.5394000864852],[-111.936552556104,40.5394640866159],[-111.936349556613,40.5396740868716],[-111.935660556875,40.5403860857256],[-111.935342555959,40.5403750871816],[-111.934434556836,40.5403420874425],[-111.934429556813,40.5404820858512],[-111.934390556455,40.5404820872166],[-111.933932555797,40.5404830866483],[-111.933940557092,40.5398820862224],[-111.933934554549,40.5397820874685],[-111.933520556967,40.539853086053],[-111.933371556106,40.539879086535],[-111.930526555668,40.5403740863829],[-111.930253554959,40.5404250861345],[-111.929301930052,40.5404216823294]]]},"properties":{"PrecinctID":"RIV012","VistaID":"RIV012","CountyID":18,"SubPrecinctID":null,"AliasName":null,"VersionNbr":null}},{"type":"Feature","geometry":{"type":"Polygon","coordinates":[[[-111.949469471999,40.5222906518904],[-111.949436455319,40.5222907918762],[-111.949368476208,40.5216441208686],[-111.949411477662,40.5207081210312],[-111.949481477084,40.5202921207781],[-111.949420476985,40.5199021213973],[-111.949463475744,40.519504122474],[-111.949545476658,40.5191351207763],[-111.949603478181,40.5189411211715],[-111.949605477831,40.518930121156],[-111.949634476347,40.5187401206649],[-111.949646477839,40.5185511214429],[-111.949642476742,40.5184091207122],[-111.949694474824,40.5181451225265],[-111.949753477969,40.517938120343],[-111.949805476949,40.5177561206696],[-111.949954476912,40.5172381193153],[-111.949976479348,40.5171621204068],[-111.949979477026,40.5171511214651],[-111.950017478458,40.5170201194656],[-111.950066475268,40.5168501222236],[-111.95006447472,40.516722121043],[-111.950066476167,40.5166691200665],[-111.950069479235,40.5165991212896],[-111.950092477903,40.5160661202057],[-111.950094476654,40.5159831207063],[-111.95010247705,40.5157721194757],[-111.950088478603,40.5155881204628],[-111.950068478511,40.5154741209695],[-111.949973477179,40.5153001205783],[-111.949792473835,40.5150321211492],[-111.949758476195,40.5149591205432],[-111.949741476477,40.5149221220113],[-111.949771476614,40.5147751199821],[-111.94978047953,40.5146201204576],[-111.949782476485,40.5145741206442],[-111.949785475959,40.5145221212033],[-111.949796476728,40.5144531206877],[-111.949800476926,40.5144341206916],[-111.949872475998,40.5141981210464],[-111.949872476896,40.5141431191085],[-111.949832476713,40.5139651214182],[-111.949796477627,40.5138021200186],[-111.94979247653,40.5137861200106],[-111.949778475388,40.5136821205492],[-111.949720477459,40.5135331215977],[-111.949706477215,40.513336119932],[-111.949692476073,40.5132501216372],[-111.949677476903,40.5131551198986],[-111.949713475989,40.5129071190028],[-111.949699475746,40.5128141205647],[-111.949699475746,40.5126991219725],[-111.949735478425,40.5122921198657],[-111.949727476233,40.5121721197428],[-111.949734475007,40.512056120194],[-111.949734474109,40.5119131201913],[-111.949772477337,40.5115611201465],[-111.949799475305,40.5113151206016],[-111.949828477414,40.5111671196743],[-111.94983047347,40.5110001201831],[-111.949831475092,40.5109061205934],[-111.949835477086,40.5106891205213],[-111.949857475031,40.5106281191754],[-111.949857476828,40.5105361195039],[-111.949857478624,40.5105131202492],[-111.94985047446,40.5104281188969],[-111.949821477741,40.5100741201654],[-111.949834473668,40.509962118584],[-111.949871474376,40.5096671198837],[-111.949871475275,40.509574120367],[-111.949878477642,40.5095141185835],[-111.949928475176,40.5093381200085],[-111.949993476372,40.5091681196814],[-111.950086474462,40.5088771198327],[-111.95018747654,40.5086951208347],[-111.950245477165,40.5084871203016],[-111.950334475057,40.5083291194852],[-111.950345475826,40.5083111190314],[-111.950446474312,40.5080801206334],[-111.950460476352,40.5079921191805],[-111.950482476992,40.5079321200795],[-111.950504476733,40.5078171185792],[-111.95050447853,40.5077851198014],[-111.950504474038,40.5077561194019],[-111.952569868861,40.5077550197633],[-111.952572900675,40.5081824417708],[-111.951593758575,40.5089954853035],[-111.950408232132,40.5100983366436],[-111.950391778589,40.5104741304332],[-111.952398801783,40.5104808502498],[-111.952407705884,40.5118247740907],[-111.953941236076,40.5118043923965],[-111.956459891147,40.5118668658245],[-111.957086248665,40.5120956431658],[-111.957699782733,40.512093424908],[-111.957707846011,40.5120933969066],[-111.957710125935,40.5145537411516],[-111.957711557849,40.5146360820221],[-111.957710558923,40.5147780805002],[-111.957708557476,40.5152070824346],[-111.957708557476,40.5153500822418],[-111.957706557827,40.5157420824369],[-111.957705558002,40.5162770822676],[-111.957702558527,40.5169210822785],[-111.9577015596,40.5173140826265],[-111.957708571849,40.5174940805362],[-111.957727003482,40.5179464107681],[-111.957705931701,40.5182159944827],[-111.957718005957,40.5191367726858],[-111.957725673976,40.5194218353841],[-111.957731985539,40.5221803334752],[-111.957732266712,40.5223038583488],[-111.957532193033,40.5223030484803],[-111.957207299344,40.5223005075688],[-111.956745187098,40.5222968938885],[-111.954342986027,40.5222836109487],[-111.951218913167,40.5222790446814],[-111.950017771309,40.5222883294928],[-111.949469471999,40.5222906518904]]]},"properties":{"PrecinctID":"RIV021","VistaID":"RIV021","CountyID":18,"SubPrecinctID":null,"AliasName":null,"VersionNbr":null}},{"type":"Feature","geometry":{"type":"Polygon","coordinates":[[[-111.963395724167,40.5368530503772],[-111.963395089956,40.5367569747319],[-111.963373589678,40.5335047266984],[-111.963447773452,40.5327154547268],[-111.964116852151,40.5316810686345],[-111.964150841706,40.5308312646946],[-111.967250351932,40.5307574626505],[-111.967244193082,40.5272726193793],[-111.968077263727,40.5272403936349],[-111.967992494205,40.5259256846278],[-111.967310841788,40.5259428548235],[-111.966971251661,40.5261320721917],[-111.966156936042,40.5261353142122],[-111.966165025372,40.5250666646246],[-111.966442259841,40.523547431415],[-111.966383223459,40.5224040347825],[-111.966376848116,40.5222805401391],[-111.967108897817,40.5222772958836],[-111.967793211943,40.5222785735098],[-111.967935161029,40.522279875036],[-111.968459726849,40.5222785735098],[-111.968484673963,40.5224020346969],[-111.968505456487,40.5225048952872],[-111.968562482439,40.5227871200692],[-111.968571481762,40.5229321194841],[-111.968593482402,40.5233031201426],[-111.968621481991,40.5235591217114],[-111.968643483529,40.5237521212448],[-111.968682481192,40.523866119636],[-111.968750480066,40.5240231203557],[-111.9688494798,40.5241901201869],[-111.969216479323,40.5248131208618],[-111.969578482416,40.5254311201965],[-111.969931483491,40.5260601195085],[-111.970196482009,40.5265331208138],[-111.970269484499,40.5266621192868],[-111.97032548188,40.5267691221035],[-111.970521481699,40.5271461197923],[-111.970607481912,40.5273121204078],[-111.970669482735,40.5275751211048],[-111.970713483116,40.5277671203777],[-111.970859481808,40.5283881206712],[-111.971004483369,40.5290141193696],[-111.971131483591,40.5295691198827],[-111.971147481688,40.5296251203657],[-111.971305483668,40.5302901192803],[-111.971321483562,40.5303481203749],[-111.971449484506,40.5309081206855],[-111.971485484491,40.5310621212136],[-111.971513480487,40.5312221215382],[-111.97152148268,40.5313081213585],[-111.971524482154,40.5314751201069],[-111.971511482634,40.5315011211092],[-111.971459483654,40.5316011206164],[-111.97144948271,40.5316241215129],[-111.971445484308,40.5316621213144],[-111.971149481337,40.5320521212301],[-111.971078482989,40.5321541210752],[-111.970855483406,40.532456122156],[-111.970598483488,40.5328631206477],[-111.970523483145,40.5329821217426],[-111.970434485253,40.533145122251],[-111.970391482002,40.5332731214299],[-111.970336481751,40.5335491213662],[-111.970250482435,40.5339161211211],[-111.970170483866,40.5342251225428],[-111.970152483424,40.5343201224151],[-111.97012448114,40.5347121222816],[-111.970150482876,40.5352041208123],[-111.970168484216,40.5354261230461],[-111.970174484064,40.5355051216123],[-111.970209483326,40.5356381206301],[-111.970323483129,40.5360311225246],[-111.970381482855,40.5362311208403],[-111.97046648504,40.5367591204891],[-111.97046792504,40.5367680148326],[-111.970483472182,40.5368640843176],[-111.97034156352,40.5368640829522],[-111.970137563306,40.5368630841492],[-111.97002256278,40.5368630834665],[-111.969962563404,40.5368620832981],[-111.969784563128,40.5368620832981],[-111.969725564476,40.5368620839808],[-111.969403562464,40.5368610831296],[-111.968438563439,40.536858083307],[-111.968117563049,40.536858083307],[-111.967899564387,40.5368570831386],[-111.967273319158,40.536856125298],[-111.967266804576,40.5368561150574],[-111.967246562838,40.53685608297],[-111.967029562204,40.53685608297],[-111.966985562722,40.5368560836527],[-111.966636562742,40.5368550834842],[-111.965459563108,40.536855084167],[-111.965067561674,40.5368550828015],[-111.964734563385,40.5368540833157],[-111.96373556133,40.5368530831472],[-111.963402562142,40.5368530838299],[-111.963395724167,40.5368530503772]]]},"properties":{"PrecinctID":"RIV007","VistaID":"RIV007","CountyID":18,"SubPrecinctID":null,"AliasName":null,"VersionNbr":null}},{"type":"Feature","geometry":{"type":"Polygon","coordinates":[[[-112.005098208313,40.5006127348427],[-112.005097387253,40.5005441080039],[-112.005098631419,40.5005441121024],[-112.005366565631,40.5005450759265],[-112.005364565981,40.5003630761773],[-112.005360566682,40.4999400764966],[-112.00535956506,40.4998950768967],[-112.005358566133,40.4997600772332],[-112.005358565235,40.4997150761465],[-112.005349565913,40.4989620755247],[-112.005328565996,40.497064076413],[-112.005324565798,40.4967060758018],[-112.005316608521,40.4959579230214],[-112.005406511915,40.4959588862283],[-112.007236881409,40.4959784803127],[-112.008030507928,40.4957871749129],[-112.009276057104,40.4952759718067],[-112.009924716197,40.4959523610137],[-112.010041205232,40.4963420392678],[-112.010035014043,40.4980473191881],[-112.010171624441,40.4985958721474],[-112.011002701725,40.4983465782663],[-112.013198454672,40.4983225310527],[-112.013230769768,40.4992047663972],[-112.013246089637,40.4996229371829],[-112.013259668571,40.5014292882189],[-112.012850356601,40.5023848632018],[-112.012287091359,40.5030087318008],[-112.009777341287,40.504103520596],[-112.010007865158,40.5045505062271],[-112.01016363752,40.5051278777819],[-112.01017054826,40.5060527275839],[-112.010259034112,40.5076967805566],[-112.010265679848,40.5078202713288],[-112.010270112136,40.5079026013436],[-112.010174566424,40.5079030767143],[-112.007724565997,40.5078840775943],[-112.007294566725,40.5078800772396],[-112.005453567466,40.5078670769391],[-112.005400567763,40.507866077021],[-112.005266567869,40.5078640771847],[-112.005191325879,40.5078632213804],[-112.005190319766,40.5077808564839],[-112.005187968874,40.5075886599488],[-112.00518199418,40.5071003668875],[-112.005181605209,40.5070684688536],[-112.005163938042,40.505624490813],[-112.005121215066,40.5025330481273],[-112.005098208313,40.5006127348427]]]},"properties":{"PrecinctID":"RIV027","VistaID":"RIV027","CountyID":18,"SubPrecinctID":null,"AliasName":null,"VersionNbr":null}},{"type":"Feature","geometry":{"type":"Polygon","coordinates":[[[-111.950504474038,40.5077561194019],[-111.950547476391,40.5075261203815],[-111.950583477274,40.5071031187428],[-111.950606475942,40.5070411196687],[-111.950647474153,40.5069331202633],[-111.950719476818,40.5067731193321],[-111.950841476118,40.5064001202084],[-111.950870477329,40.5062791184795],[-111.95091347519,40.5061641196089],[-111.951072474301,40.5058181198163],[-111.951129475999,40.50570812059],[-111.951187476623,40.5055651186624],[-111.951273475939,40.5053951190167],[-111.951330476738,40.5052191205608],[-111.951460476435,40.505000118558],[-111.9514754783,40.5049641213229],[-111.951525475834,40.5048461189421],[-111.951640475461,40.5046101183389],[-111.951676475446,40.5045161186719],[-111.951690476588,40.5044561191936],[-111.95174747649,40.5043081195221],[-111.951766475858,40.5042711192117],[-111.951856475371,40.5040911185919],[-111.951884474961,40.5040381192432],[-111.951985474345,40.5038901186495],[-111.952093475198,40.5037531195533],[-111.952182475785,40.5035861179932],[-111.952278476943,40.5034101202549],[-111.952294475039,40.5033791193597],[-111.952316475679,40.5033191188642],[-111.952519476069,40.5029271184502],[-111.952618473108,40.5027371197428],[-111.952697475446,40.5025721197456],[-111.952812475073,40.5024291200118],[-111.952941476741,40.5022591178823],[-111.95312147487,40.5020611186118],[-111.95322247605,40.5019731201905],[-111.953445475633,40.5017921188599],[-111.95349547676,40.5017701186648],[-111.953560477058,40.5017151188287],[-111.953696474805,40.5016161191468],[-111.953790476313,40.5015181193315],[-111.953797476884,40.5014791181385],[-111.953826474501,40.5014191173096],[-111.953840476542,40.5013581198273],[-111.953835474722,40.501296118175],[-111.953826476298,40.5011991192759],[-111.953817474281,40.5011451176238],[-111.953797792193,40.5010092905409],[-111.953785853583,40.5009269158615],[-111.953685399476,40.5007725284695],[-111.953584323735,40.50061718373],[-111.953521731821,40.500520986467],[-111.953558555561,40.5005210793657],[-111.956917224356,40.5005251259255],[-111.957697156059,40.5005260521806],[-111.957697819016,40.5009634979258],[-111.957711481493,40.5011963610307],[-111.957720351458,40.5014751167187],[-111.957713760519,40.5034720536975],[-111.957711668342,40.5046242524294],[-111.957706791389,40.5060559637453],[-111.957705287609,40.5068563296721],[-111.957696833564,40.5075974598107],[-111.957687345558,40.5077576930461],[-111.957687475813,40.5077714453565],[-111.957689241901,40.5079601054602],[-111.957690237235,40.5083997265687],[-111.957690758257,40.5085355120495],[-111.957691281975,40.5086722548158],[-111.9576939347,40.5091258677996],[-111.957693867327,40.5092588658941],[-111.957693800851,40.5093966132277],[-111.957694703658,40.5097060760196],[-111.957694385654,40.5098636494589],[-111.957694070346,40.5100191162107],[-111.957695054899,40.5102240331176],[-111.957696607188,40.5109796692581],[-111.95769726206,40.5111076329104],[-111.95769785944,40.5112247951491],[-111.957696777868,40.5114705238873],[-111.957699117081,40.5119941332113],[-111.957699150319,40.5119992574762],[-111.957699782733,40.512093424908],[-111.957086248665,40.5120956431658],[-111.956459891147,40.5118668658245],[-111.953941236076,40.5118043923965],[-111.952407705884,40.5118247740907],[-111.952398801783,40.5104808502498],[-111.950391778589,40.5104741304332],[-111.950408232132,40.5100983366436],[-111.951593758575,40.5089954853035],[-111.952572900675,40.5081824417708],[-111.952569868861,40.5077550197633],[-111.950504474038,40.5077561194019]]]},"properties":{"PrecinctID":"RIV004","VistaID":"RIV004","CountyID":18,"SubPrecinctID":null,"AliasName":null,"VersionNbr":null}},{"type":"Feature","geometry":{"type":"Polygon","coordinates":[[[-112.005178568005,40.5078630772665],[-112.003807565507,40.5078600781949],[-112.002898565661,40.5078590775936],[-111.999795511581,40.5078527652679],[-111.99951585166,40.5078521915442],[-111.996070565509,40.5078450780536],[-111.995233564735,40.5078410776967],[-111.992842071582,40.5078307800378],[-111.992685481753,40.5078301038632],[-111.992678449741,40.507747721168],[-111.992671564154,40.5076670779884],[-111.992672729269,40.5076330792959],[-111.992677563104,40.507492077905],[-111.992678562929,40.5074800788192],[-111.992670563431,40.5073160781215],[-111.992703423804,40.5071814205552],[-111.992721565281,40.5071070781631],[-111.992726515897,40.5069712529074],[-111.992728563158,40.5069150784541],[-111.992792562732,40.5067280778711],[-111.992806563874,40.5065190781293],[-111.992811564795,40.506491077804],[-111.992828563615,40.5064040783041],[-111.99282756379,40.5061540785087],[-111.992813564445,40.5060520787124],[-111.992820564117,40.5059430777676],[-111.992820564117,40.5057280772458],[-111.992842565655,40.5055310779226],[-111.992841564034,40.505344077579],[-111.992877564917,40.5051410787417],[-111.992869564521,40.5049610790905],[-111.992841563135,40.5048440787166],[-111.992812563721,40.5046140785894],[-111.992754563097,40.5043780792188],[-111.992725563683,40.5043010787409],[-111.992696562472,40.5041300772837],[-111.99255256343,40.5038120773331],[-111.992307563208,40.5033450775105],[-111.992250562408,40.5032630772792],[-111.992214562423,40.503225076405],[-111.992098563869,40.5030320778879],[-111.992012562757,40.502873078572],[-111.991969563998,40.5026040779778],[-111.9919615645,40.5024120783564],[-111.991961562703,40.5022250775139],[-111.991990563016,40.5020110780579],[-111.991968562376,40.5018740778563],[-111.991989562292,40.5016820775116],[-111.991982564416,40.5016430770969],[-111.991985562993,40.5015740776739],[-111.991989563191,40.5014890772873],[-111.991989564089,40.5013740770347],[-111.991960563777,40.5012970772068],[-111.991953564104,40.5012200779736],[-111.99196056198,40.5011870773969],[-111.991931562566,40.500990076349],[-111.991759562139,40.5006880776275],[-111.991608563424,40.5004800782196],[-111.991776262718,40.5004808446347],[-111.994240563426,40.5004920771915],[-112.001201470222,40.5005238950173],[-112.001650944071,40.5005259360572],[-112.001902564877,40.500527076116],[-112.003851565888,40.500537077757],[-112.005088564898,40.5005440765823],[-112.005097387253,40.5005441080039],[-112.005098208313,40.5006127348427],[-112.005121215066,40.5025330481273],[-112.005163938042,40.505624490813],[-112.005181605209,40.5070684688536],[-112.00518199418,40.5071003668875],[-112.005187968874,40.5075886599488],[-112.005190319766,40.5077808564839],[-112.005191325879,40.5078632213804],[-112.005178568005,40.5078630772665]]]},"properties":{"PrecinctID":"RIV029","VistaID":"RIV029","CountyID":18,"SubPrecinctID":null,"AliasName":null,"VersionNbr":null}},{"type":"Feature","geometry":{"type":"Polygon","coordinates":[[[-111.938582438727,40.5142484728064],[-111.938572038931,40.5107432415229],[-111.938584490479,40.507752421611],[-111.95050447853,40.5077851198014],[-111.950504476733,40.5078171185792],[-111.950482476992,40.5079321200795],[-111.950460476352,40.5079921191805],[-111.950446474312,40.5080801206334],[-111.950345475826,40.5083111190314],[-111.950334475057,40.5083291194852],[-111.950245477165,40.5084871203016],[-111.95018747654,40.5086951208347],[-111.950086474462,40.5088771198327],[-111.949993476372,40.5091681196814],[-111.949928475176,40.5093381200085],[-111.949878477642,40.5095141185835],[-111.949871475275,40.509574120367],[-111.949871474376,40.5096671198837],[-111.949834473668,40.509962118584],[-111.949821477741,40.5100741201654],[-111.94985047446,40.5104281188969],[-111.949857478624,40.5105131202492],[-111.949857476828,40.5105361195039],[-111.949857475031,40.5106281191754],[-111.949835477086,40.5106891205213],[-111.949831475092,40.5109061205934],[-111.94983047347,40.5110001201831],[-111.949828477414,40.5111671196743],[-111.949799475305,40.5113151206016],[-111.949772477337,40.5115611201465],[-111.949734474109,40.5119131201913],[-111.949734475007,40.512056120194],[-111.949727476233,40.5121721197428],[-111.949735478425,40.5122921198657],[-111.949699475746,40.5126991219725],[-111.949699475746,40.5128141205647],[-111.949713475989,40.5129071190028],[-111.949677476903,40.5131551198986],[-111.949692476073,40.5132501216372],[-111.949706477215,40.513336119932],[-111.949720477459,40.5135331215977],[-111.949778475388,40.5136821205492],[-111.94979247653,40.5137861200106],[-111.949796477627,40.5138021200186],[-111.949832476713,40.5139651214182],[-111.949872476896,40.5141431191085],[-111.949872475998,40.5141981210464],[-111.949800476926,40.5144341206916],[-111.949796476728,40.5144531206877],[-111.949785475959,40.5145221212033],[-111.949782476485,40.5145741206442],[-111.94978047953,40.5146201204576],[-111.94566204621,40.5146379580451],[-111.943492858242,40.5146369397887],[-111.94125042524,40.5145529154819],[-111.940741408359,40.5145455821136],[-111.940036655764,40.514252271997],[-111.939539578391,40.5142171422805],[-111.938582438727,40.5142484728064]]]},"properties":{"PrecinctID":"RIV023","VistaID":"RIV023","CountyID":18,"SubPrecinctID":null,"AliasName":null,"VersionNbr":null}}]}