{
"type": "FeatureCollection",
"crs": { "type": "name", "properties": { "name": "urn:ogc:def:crs:OGC:1.3:CRS84" } },
"features": [
{ "type": "Feature", "properties": { "OBJECTID": 117, "NAME": "Draper", "COUNTYNBR": "18", "FIPS": "20120", "county": "Salt Lake" }, "geometry": { "type": "Polygon", "coordinates": [ [ [ -111.901219899872999, 40.544308298783697 ], [ -111.901018602689007, 40.544303202245999 ], [ -111.900949834857997, 40.544309143883197 ], [ -111.900700714961005, 40.544330815427102 ], [ -111.900593804663004, 40.544328045303601 ], [ -111.899726239608995, 40.544314715532899 ], [ -111.899469731069999, 40.544313740050498 ], [ -111.898935100524994, 40.544311684642899 ], [ -111.898443006107001, 40.544249478326002 ], [ -111.897458485792995, 40.544259202440003 ], [ -111.897280692131005, 40.544263195845403 ], [ -111.896646503100001, 40.544322532361399 ], [ -111.896567008484993, 40.544329996267898 ], [ -111.896545881007995, 40.5443307908523 ], [ -111.896002570940993, 40.5443332039589 ], [ -111.895318439174005, 40.544331390203901 ], [ -111.892932319742997, 40.544326254075301 ], [ -111.887137365100003, 40.544304051441401 ], [ -111.886492662186996, 40.544301162538602 ], [ -111.881752609962007, 40.544304734074402 ], [ -111.879017698960993, 40.544294494579098 ], [ -111.878370639766999, 40.544292028225797 ], [ -111.876986176911998, 40.544286780142301 ], [ -111.873927323537998, 40.544275275042203 ], [ -111.872020088799005, 40.544271668690499 ], [ -111.871016287944997, 40.544270231747397 ], [ -111.871022444098998, 40.540643245384203 ], [ -111.867477103591995, 40.540630100566602 ], [ -111.867462461951007, 40.540630120364 ], [ -111.867101571869995, 40.5406285952782 ], [ -111.865106061484994, 40.540621031972101 ], [ -111.865100570981994, 40.536981517637102 ], [ -111.862721153880997, 40.536972282650801 ], [ -111.862720748740998, 40.536940755202203 ], [ -111.862736157542997, 40.531238064128999 ], [ -111.862741030902995, 40.529712384698797 ], [ -111.862613976782995, 40.529711261522998 ], [ -111.86106178499, 40.529704371572699 ], [ -111.855334284842002, 40.529678805488103 ], [ -111.854516307690005, 40.5296685521499 ], [ -111.854114862268005, 40.529667015890098 ], [ -111.852739343939007, 40.529663662746998 ], [ -111.85188928705, 40.529665429104497 ], [ -111.851885163782995, 40.529619514037897 ], [ -111.851879928401004, 40.529579013409503 ], [ -111.851873523413005, 40.529539421541301 ], [ -111.851869502553996, 40.529501614446701 ], [ -111.851863052650003, 40.529458419480399 ], [ -111.851854275212006, 40.529417944700398 ], [ -111.851846679057999, 40.529377461019799 ], [ -111.851838072299003, 40.5293504978317 ], [ -111.851832940224, 40.5293181037556 ], [ -111.851822993178004, 40.529278538362 ], [ -111.851810674581003, 40.529238089419202 ], [ -111.851800888333997, 40.529211135051199 ], [ -111.851792224982006, 40.529179668132599 ], [ -111.851782438735, 40.529152713741098 ], [ -111.851767872552998, 40.529121290493499 ], [ -111.851755553955002, 40.529080841455901 ], [ -111.851739739115004, 40.529044022097501 ], [ -111.851727546280998, 40.529013481644803 ], [ -111.851713037590997, 40.528986562008797 ], [ -111.851694816163999, 40.528946156588297 ], [ -111.851676652229003, 40.528910255508301 ], [ -111.851658453259006, 40.5288716519253 ], [ -111.851637905196, 40.5288339659906 ], [ -111.851619855346996, 40.528807072911299 ], [ -111.851604166269993, 40.5287801620686 ], [ -111.851582402785994, 40.528739782469799 ], [ -111.851564352937004, 40.528712889352597 ], [ -111.851546303088, 40.528685995541899 ], [ -111.851523450844994, 40.528652831637501 ], [ -111.851504185576005, 40.528623244185198 ], [ -111.851486135727001, 40.528596351021299 ], [ -111.851458516125007, 40.528559618111501 ], [ -111.851433313889999, 40.528527372502197 ], [ -111.851402187264995, 40.528493367999701 ], [ -111.851379289209007, 40.528456600893698 ], [ -111.851333825471997, 40.528409188995198 ], [ -111.851291993624002, 40.528368957339502 ], [ -111.851258551143005, 40.5283385736223 ], [ -111.851235870478007, 40.5283189213946 ], [ -111.851208478150994, 40.528300204591801 ], [ -111.851177511426002, 40.528278811905203 ], [ -111.851141810580003, 40.528256552743102 ], [ -111.851108448049004, 40.528232474603101 ], [ -111.851070443024, 40.528214736906897 ], [ -111.851038363287003, 40.528198757408603 ], [ -111.850999143739998, 40.5281783260682 ], [ -111.850951706404999, 40.528161558612901 ], [ -111.850907798549997, 40.528143863914302 ], [ -111.850860372892996, 40.528127997743503 ], [ -111.850828373105998, 40.528118323180699 ], [ -111.850786917652002, 40.528107818334 ], [ -111.850738390660993, 40.5280982659892 ], [ -111.850688683282996, 40.528088721836497 ], [ -111.850653176473003, 40.528081776412797 ], [ -111.850592901314002, 40.528076814517497 ], [ -111.850540889756999, 40.528071792535599 ], [ -111.850497175938997, 40.528069411617601 ], [ -111.850452292514007, 40.528067940187 ], [ -111.850405094131006, 40.528070088953598 ], [ -111.850344955515993, 40.528075937121599 ], [ -111.850293058044997, 40.528079922615397 ], [ -111.850244725089993, 40.528085683384397 ], [ -111.850184643068005, 40.528096035287703 ], [ -111.850137547092999, 40.528106291597702 ], [ -111.850104605872005, 40.5281155428275 ], [ -111.850069303877007, 40.528124811126098 ], [ -111.850034001883003, 40.528134080106099 ], [ -111.849992854551999, 40.528147895834202 ], [ -111.849957552557996, 40.528157164128302 ], [ -111.849916404327999, 40.528170980534497 ], [ -111.849881158928, 40.528184752556101 ], [ -111.849845856933996, 40.528194021527803 ], [ -111.849804709601997, 40.528207837243599 ], [ -111.849769464201998, 40.528221609257599 ], [ -111.849722481414005, 40.528240873685299 ], [ -111.849666055536005, 40.528260207069799 ], [ -111.849627313892995, 40.5282776088182 ], [ -111.849574463310006, 40.528299618752797 ], [ -111.849534552060007, 40.528317929975003 ], [ -111.849486434699998, 40.528340805681196 ], [ -111.849438317340002, 40.528363681379602 ], [ -111.849390245795007, 40.528390160180301 ], [ -111.849337462584998, 40.528417575082202 ], [ -111.849290582205001, 40.528444945591303 ], [ -111.849247198068994, 40.528468687720199 ], [ -111.849217912092001, 40.528486920374903 ], [ -111.849182723286006, 40.528505196723401 ], [ -111.849142903664003, 40.5285307140946 ], [ -111.849097227027002, 40.528559878255798 ], [ -111.849059790636005, 40.528587179744697 ], [ -111.849024601829996, 40.528605456065797 ], [ -111.848983669194993, 40.528636386579002 ], [ -111.848925165514004, 40.5286782567755 ], [ -111.848876060007001, 40.528716454891601 ], [ -111.848842153994994, 40.528742829768497 ], [ -111.848803583031994, 40.528773743148598 ], [ -111.848756872433995, 40.528814625943703 ], [ -111.848706666490997, 40.528859137744703 ], [ -111.848674019916999, 40.528891809255498 ], [ -111.848650693363993, 40.5289145024609 ], [ -111.848621463981004, 40.528937239357198 ], [ -111.848592381922003, 40.528971686764599 ], [ -111.848557420389994, 40.529007978366998 ], [ -111.848528326652996, 40.529041525140002 ], [ -111.848505000100005, 40.529064218294799 ], [ -111.848473591404002, 40.5291013851811 ], [ -111.848439866852004, 40.529142172186098 ], [ -111.848413191378995, 40.529180205486099 ], [ -111.848386413499, 40.529210131354702 ], [ -111.848346956797002, 40.529264473649903 ], [ -111.848319168312003, 40.529307920006403 ], [ -111.848285488675003, 40.529352310626699 ], [ -111.848261174873997, 40.529390326055101 ], [ -111.848238052238003, 40.529429233861201 ], [ -111.848226542123996, 40.529452741446299 ], [ -111.848210332025005, 40.529478085029503 ], [ -111.848193055625998, 40.529512445445398 ], [ -111.848171056783002, 40.529546840665603 ], [ -111.848153768705004, 40.529580299772697 ], [ -111.848134153092005, 40.529616479069098 ], [ -111.848108885279999, 40.529672519113802 ], [ -111.847828060243998, 40.529686291509599 ], [ -111.846930779819004, 40.529688367849403 ], [ -111.843570361106003, 40.529697275421597 ], [ -111.841457171418, 40.529694666512199 ], [ -111.841007468499001, 40.5296956886367 ], [ -111.840840761842998, 40.5296960013507 ], [ -111.839018111572997, 40.529701052570601 ], [ -111.839053413567001, 40.529975565788902 ], [ -111.838070784207005, 40.530234944146798 ], [ -111.838263818686997, 40.531039833616902 ], [ -111.836211674013995, 40.531411272794102 ], [ -111.834290122824001, 40.5332798096034 ], [ -111.834289751819995, 40.533326028031603 ], [ -111.834238508322997, 40.533326037590101 ], [ -111.834235287862001, 40.533961272673203 ], [ -111.829763627990005, 40.535276238455602 ], [ -111.829767205980005, 40.534590011001498 ], [ -111.827753044771995, 40.535182194389797 ], [ -111.827748057326005, 40.536129777830098 ], [ -111.824739871629006, 40.536127326195903 ], [ -111.824741326899996, 40.535369764201903 ], [ -111.824742491115998, 40.534790669039801 ], [ -111.824745389979995, 40.533322660051198 ], [ -111.823408913330994, 40.5333221029314 ], [ -111.821372732618997, 40.533321280906598 ], [ -111.820432274669997, 40.533320845315302 ], [ -111.818951838505001, 40.5333179252153 ], [ -111.817982513195005, 40.533885591081699 ], [ -111.816245748154003, 40.534896411532202 ], [ -111.815434429315005, 40.535917434980803 ], [ -111.815282537675003, 40.5361086832593 ], [ -111.815274522007996, 40.535135696641298 ], [ -111.812906243119002, 40.535153464593698 ], [ -111.812892196161997, 40.536951364483897 ], [ -111.810438539591999, 40.536944547645099 ], [ -111.810216273932994, 40.536941241972997 ], [ -111.810060026361995, 40.536938913938599 ], [ -111.810049979604003, 40.536938083765698 ], [ -111.810157681318003, 40.536860753381298 ], [ -111.810308111398996, 40.5367526736595 ], [ -111.810600826536003, 40.536595668624898 ], [ -111.811191065491997, 40.536161805408398 ], [ -111.811932440603996, 40.535552285441298 ], [ -111.812085482087994, 40.535387159324898 ], [ -111.812127792737996, 40.535302359508002 ], [ -111.812090857607004, 40.5352554126097 ], [ -111.812055807140993, 40.535247100430098 ], [ -111.812047655827996, 40.535246797299997 ], [ -111.811438894508996, 40.535289361793801 ], [ -111.811430889622002, 40.535291400410102 ], [ -111.811373445952995, 40.535306127465603 ], [ -111.811281739639995, 40.535338752821502 ], [ -111.811274538744996, 40.535338893462701 ], [ -111.810989267946994, 40.535339094183598 ], [ -111.810852036811994, 40.535248798367803 ], [ -111.810602556692004, 40.535054156528801 ], [ -111.810250895004003, 40.534875185489 ], [ -111.810043145221002, 40.534723581915799 ], [ -111.810034498937, 40.534721390350597 ], [ -111.809803370498997, 40.5346482370893 ], [ -111.809794726011006, 40.534646135642099 ], [ -111.809414407168006, 40.534459885575899 ], [ -111.809268953753005, 40.534402256716596 ], [ -111.809152930945004, 40.5343962227143 ], [ -111.809019108018006, 40.534323828299001 ], [ -111.808845930798, 40.5341798182356 ], [ -111.808680736905004, 40.534071156593299 ], [ -111.808388303838996, 40.533966178148198 ], [ -111.808371276272993, 40.533895397946097 ], [ -111.808259578852002, 40.533797172207699 ], [ -111.807946845657995, 40.533604318349497 ], [ -111.807809996307, 40.533436990363199 ], [ -111.807792526770001, 40.533349006488301 ], [ -111.807831535212998, 40.533313328976298 ], [ -111.807911524798996, 40.533327633847499 ], [ -111.807919598856998, 40.533331451756503 ], [ -111.808005226269998, 40.533372743466003 ], [ -111.808014219303999, 40.533374392293602 ], [ -111.808120935565995, 40.533392204408699 ], [ -111.808129810023004, 40.533393763796397 ], [ -111.808352336194005, 40.533390315255502 ], [ -111.808356370528003, 40.533391908780501 ], [ -111.808499098452998, 40.533449016892597 ], [ -111.808507976502995, 40.533450846645401 ], [ -111.808614428661002, 40.533476137510903 ], [ -111.808623299524001, 40.533477426530297 ], [ -111.808940535074996, 40.5334947552358 ], [ -111.808948257891998, 40.533498754744897 ], [ -111.809010166188003, 40.533531383711797 ], [ -111.809019043340001, 40.533533123340298 ], [ -111.809139904475003, 40.533558763056099 ], [ -111.809148776236, 40.533560142195903 ], [ -111.809482861486998, 40.533594107942001 ], [ -111.809492231814005, 40.533597645911598 ], [ -111.809650820393998, 40.533657794778897 ], [ -111.809659813427999, 40.533659443599497 ], [ -111.809935805527999, 40.533712913157501 ], [ -111.810125871973995, 40.533690590257201 ], [ -111.810349135661994, 40.533679655474401 ], [ -111.810426310826003, 40.533675871039499 ], [ -111.810435299369004, 40.533677159372303 ], [ -111.811061552683, 40.533735015525203 ], [ -111.811198801782993, 40.533699818868399 ], [ -111.811285791041996, 40.533618939268102 ], [ -111.811419952633003, 40.533523494618798 ], [ -111.811572578197001, 40.533470982115901 ], [ -111.811730867638005, 40.533300774660503 ], [ -111.811866889640001, 40.533291080362098 ], [ -111.811875879081001, 40.533292458824597 ], [ -111.811956509165995, 40.533301081213096 ], [ -111.811965492319004, 40.5333018288189 ], [ -111.812058838056998, 40.533307478534297 ], [ -111.812227482378006, 40.533300707751501 ], [ -111.812441458384001, 40.533254069417197 ], [ -111.812479378069, 40.533245784981801 ], [ -111.812488365712994, 40.533246982517703 ], [ -111.812565782524004, 40.533253555309798 ], [ -111.812608805538005, 40.533257216874297 ], [ -111.812615478224004, 40.533262214571501 ], [ -111.812660877281999, 40.533296398947002 ], [ -111.812703472698004, 40.533372223897501 ], [ -111.812704572236001, 40.5333752791785 ], [ -111.812712265407995, 40.533415855345403 ], [ -111.812767333931006, 40.533448980707199 ], [ -111.812775611907, 40.533450093579297 ], [ -111.813063036865003, 40.533482214608902 ], [ -111.813075214427002, 40.533483570537001 ], [ -111.813082232964007, 40.533487845192298 ], [ -111.813227454612999, 40.533575019835197 ], [ -111.813236576105993, 40.533577477707503 ], [ -111.813379419914995, 40.533624219593499 ], [ -111.813388059012993, 40.533625870463098 ], [ -111.813592363756001, 40.533638665725803 ], [ -111.813602006272006, 40.533645174301697 ], [ -111.813652255335001, 40.533680044636803 ], [ -111.813657495208005, 40.533683791520701 ], [ -111.813915374575998, 40.5338989079074 ], [ -111.813917759603001, 40.533900872830301 ], [ -111.813925561470995, 40.533901628622303 ], [ -111.814041312091007, 40.533904777414399 ], [ -111.814206519457997, 40.533789471582303 ], [ -111.814408356529, 40.533520486453803 ], [ -111.814566718734, 40.533366581015002 ], [ -111.814912146113997, 40.533196400604297 ], [ -111.815244882095001, 40.533002075060203 ], [ -111.815343967168999, 40.532916242639097 ], [ -111.815503638218999, 40.532675841498197 ], [ -111.815653491581998, 40.532570371333399 ], [ -111.816042127925996, 40.532487898871601 ], [ -111.816415265638, 40.532354274342197 ], [ -111.816538633971007, 40.532284845658602 ], [ -111.816713021222, 40.532138660728698 ], [ -111.816815470487001, 40.532009200328403 ], [ -111.816984596305005, 40.531809089727297 ], [ -111.817099302184005, 40.531726478410803 ], [ -111.817610979874999, 40.531460972558598 ], [ -111.817895284984004, 40.531275900968502 ], [ -111.818035461693995, 40.531171396763497 ], [ -111.818141515, 40.5310474048324 ], [ -111.818201308661997, 40.530944821583503 ], [ -111.818204424019001, 40.530793271249699 ], [ -111.818143521836006, 40.530659110096003 ], [ -111.818053832242001, 40.530526684966397 ], [ -111.818038857326002, 40.530499133689702 ], [ -111.818021227887996, 40.530467007133502 ], [ -111.818049994638997, 40.530395543874299 ], [ -111.818093095806006, 40.530357221084699 ], [ -111.818168182386998, 40.530327770939998 ], [ -111.818228424308998, 40.530320317763397 ], [ -111.818373781603, 40.530302171637302 ], [ -111.818740870059003, 40.5303131738833 ], [ -111.818992734309006, 40.530247336536299 ], [ -111.819259058738993, 40.530098965003802 ], [ -111.819552636259004, 40.529861751897798 ], [ -111.819820399790999, 40.529599137070498 ], [ -111.819863509941001, 40.529445411073603 ], [ -111.819870334442001, 40.529375724014599 ], [ -111.819921054221993, 40.529313563913398 ], [ -111.819964167964997, 40.529286141184599 ], [ -111.820040650528995, 40.529284157008398 ], [ -111.820136953520006, 40.529242212766803 ], [ -111.820316912123005, 40.529137874038902 ], [ -111.820496858148999, 40.528984077339302 ], [ -111.820880400147999, 40.528621810320502 ], [ -111.820921370511002, 40.528583231834702 ], [ -111.821180393435, 40.528292117554898 ], [ -111.821475486412993, 40.5280448895912 ], [ -111.821591621511004, 40.5279255977321 ], [ -111.821633823465007, 40.5278525961442 ], [ -111.821662424924995, 40.5277100531709 ], [ -111.821598217840005, 40.527489343184797 ], [ -111.821619180926007, 40.527446402290501 ], [ -111.821720045562003, 40.527391541637499 ], [ -111.821770389845994, 40.527385958338201 ], [ -111.822090665296002, 40.527277375809398 ], [ -111.822258092400006, 40.527220600427 ], [ -111.822338792554007, 40.527138856082502 ], [ -111.822418077861002, 40.526902710656003 ], [ -111.822482780816003, 40.526787297864402 ], [ -111.822684360069999, 40.526540191353 ], [ -111.822979204215002, 40.526292961706297 ], [ -111.823225854642004, 40.526140306295197 ], [ -111.823357390458, 40.5260258576971 ], [ -111.823364055957001, 40.526020675098898 ], [ -111.823535947688001, 40.525885308771798 ], [ -111.823662797891004, 40.525793235122698 ], [ -111.823748463033994, 40.5257123555389 ], [ -111.823770845457005, 40.525611927990802 ], [ -111.823739149301005, 40.525539812919902 ], [ -111.823601579501002, 40.525315482269299 ], [ -111.823533293167003, 40.525244079068202 ], [ -111.823403736339998, 40.525134193646998 ], [ -111.823293265119005, 40.525088494664097 ], [ -111.823232756398994, 40.525064061680403 ], [ -111.823227913580993, 40.525063916237798 ], [ -111.823154333473994, 40.5250614676129 ], [ -111.823115240589999, 40.525060214621597 ], [ -111.823106032858007, 40.5250602801732 ], [ -111.822981650326994, 40.525064499373798 ], [ -111.822977969031001, 40.525062723335502 ], [ -111.822729065629005, 40.524905309890002 ], [ -111.822720420243002, 40.524903119369199 ], [ -111.822447312633003, 40.524812993172297 ], [ -111.822405054984003, 40.524784646096101 ], [ -111.822404638166006, 40.524731226771998 ], [ -111.822430013776, 40.5246823079571 ], [ -111.822476961529006, 40.524630803899299 ], [ -111.822584929144995, 40.524433192294097 ], [ -111.822593569141006, 40.524348087043798 ], [ -111.822606512068006, 40.524218988519699 ], [ -111.822584894111003, 40.524073018842898 ], [ -111.822628545944994, 40.5240030701327 ], [ -111.822694894614003, 40.523896923962397 ], [ -111.822714318885005, 40.523834443989699 ], [ -111.822625564437004, 40.523643278128198 ], [ -111.822620717128004, 40.5235654762606 ], [ -111.822663861414, 40.523483008422197 ], [ -111.822658542488995, 40.523395570046297 ], [ -111.822577493788998, 40.523235970304299 ], [ -111.822391835375996, 40.523084862095402 ], [ -111.822353924674999, 40.523054682203103 ], [ -111.822289656503997, 40.522983249279598 ], [ -111.822190344155999, 40.522749095432602 ], [ -111.822023106597001, 40.522472632424801 ], [ -111.821778238427001, 40.522199964968401 ], [ -111.821756967219002, 40.5221595766251 ], [ -111.821792967204004, 40.5220333767234 ], [ -111.821793984096999, 40.521923281863103 ], [ -111.821746833323999, 40.521851726184401 ], [ -111.821749794170998, 40.521775220359103 ], [ -111.821801709607996, 40.521724581303502 ], [ -111.821843246808996, 40.521703835921102 ], [ -111.822066514089002, 40.521686933004801 ], [ -111.822167916816994, 40.521696211069496 ], [ -111.822176025011004, 40.521702819820497 ], [ -111.822309342184994, 40.521811959718697 ], [ -111.822420481752005, 40.521864500477903 ], [ -111.822538081104994, 40.521904654094797 ], [ -111.822544467227999, 40.521905599174701 ], [ -111.822548490781998, 40.521906381733601 ], [ -111.822723684720003, 40.521916305071699 ], [ -111.822732670568001, 40.521917412672401 ], [ -111.822794012925996, 40.521913732733999 ], [ -111.822902778244995, 40.521907192289902 ], [ -111.822906940140001, 40.521909685415999 ], [ -111.822965798656, 40.521944220427301 ], [ -111.823180186987997, 40.522069988246798 ], [ -111.823188830578005, 40.522072088722702 ], [ -111.823322133378994, 40.522112309135402 ], [ -111.823330891054994, 40.522114138514802 ], [ -111.823424761409001, 40.522125181028002 ], [ -111.823433749952002, 40.522126558354501 ], [ -111.823519609130003, 40.5221197304475 ], [ -111.823642384574995, 40.522110027020197 ], [ -111.823815132400995, 40.5220551025904 ], [ -111.823987779614995, 40.521972701862502 ], [ -111.824044435462, 40.521971937741696 ], [ -111.824050300562007, 40.521978472033702 ], [ -111.824194783796003, 40.5221412227488 ], [ -111.824266825986996, 40.5222785441469 ], [ -111.824484529103003, 40.522568516866102 ], [ -111.824583452479999, 40.522635467296901 ], [ -111.824628392498994, 40.522651632492099 ], [ -111.824700976374004, 40.522640394086601 ], [ -111.824749285972999, 40.522632842406999 ], [ -111.825051186384002, 40.522481680941397 ], [ -111.825264784199007, 40.522465471319599 ], [ -111.825339119789007, 40.522443138526903 ], [ -111.825547707699002, 40.522355433846101 ], [ -111.825691715724005, 40.522267379427497 ], [ -111.825907634786006, 40.522199982039901 ], [ -111.826029755359002, 40.522185055440801 ], [ -111.826152041222002, 40.522135533169099 ], [ -111.826341900157004, 40.521993727817403 ], [ -111.826317606119005, 40.521438146276502 ], [ -111.826382281226003, 40.521311740156399 ], [ -111.826540556294006, 40.521174574520401 ], [ -111.826734816973996, 40.520872379197201 ], [ -111.826808860610996, 40.520605457766003 ], [ -111.826849898348996, 40.520515436416296 ], [ -111.826885667466996, 40.520400137592603 ], [ -111.826905195942999, 40.520260090394999 ], [ -111.826857015700995, 40.520114672058199 ], [ -111.826763468739998, 40.520004802811599 ], [ -111.826549206172004, 40.519850843114803 ], [ -111.826381899441998, 40.519713753704103 ], [ -111.826365255455997, 40.519685044591498 ], [ -111.826324375823006, 40.519614887802703 ], [ -111.826324377619002, 40.519538132219999 ], [ -111.826360330892001, 40.519505083294199 ], [ -111.826576226596998, 40.519494170097602 ], [ -111.826777734884999, 40.5194557017657 ], [ -111.827281414875003, 40.519472096494503 ], [ -111.827460194888005, 40.5194381140305 ], [ -111.827558126525005, 40.519405341624399 ], [ -111.827566995591994, 40.519406629548698 ], [ -111.827703170307998, 40.519421419506202 ], [ -111.827852610445007, 40.5194207093042 ], [ -111.827972047749995, 40.519389583329797 ], [ -111.828159302469999, 40.519257703412698 ], [ -111.828218381073, 40.519195029272701 ], [ -111.828288728142994, 40.518983177025 ], [ -111.828267118270006, 40.518675680076903 ], [ -111.828295834714993, 40.518620700250302 ], [ -111.828377367607004, 40.518569666147002 ], [ -111.828605284567004, 40.518499925440302 ], [ -111.828727613549006, 40.518444995320998 ], [ -111.828866994351998, 40.518336970576001 ], [ -111.828929010446004, 40.518263643728403 ], [ -111.828964943057002, 40.518104470189499 ], [ -111.828963108698005, 40.517946017416797 ], [ -111.828986380453003, 40.517774862952699 ], [ -111.829021681548994, 40.517708214291297 ], [ -111.829043978632996, 40.517505895494203 ], [ -111.829007936427004, 40.517368589586901 ], [ -111.828929897083, 40.517252664587097 ], [ -111.828927750109997, 40.517202951554502 ], [ -111.828921398122006, 40.517061017624997 ], [ -111.828957351395005, 40.517028147766503 ], [ -111.829025847935, 40.517021079638504 ], [ -111.829173336932001, 40.517006057644501 ], [ -111.829304101095005, 40.516974939426802 ], [ -111.829489926593993, 40.516890724102801 ], [ -111.829605002579001, 40.516879718287498 ], [ -111.829613987528006, 40.516880824605501 ], [ -111.829835280311997, 40.516896713243199 ], [ -111.829986434435, 40.516863105758503 ], [ -111.830159060987995, 40.516742408366099 ], [ -111.830258272725004, 40.516708542662499 ], [ -111.830410741980998, 40.516676366472304 ], [ -111.830473022180001, 40.516643847443298 ], [ -111.830641790469002, 40.516516690636202 ], [ -111.830763333424997, 40.516302938241203 ], [ -111.830829108968999, 40.516238051413303 ], [ -111.830863930364004, 40.516171046106003 ], [ -111.830878251306004, 40.515935001355302 ], [ -111.831051443798003, 40.515803127618099 ], [ -111.831112653204997, 40.515693590036001 ], [ -111.831115726342006, 40.515550506961603 ], [ -111.831091812289998, 40.515420591786501 ], [ -111.831110762251001, 40.515301448191302 ], [ -111.831194776290005, 40.515232016183496 ], [ -111.831352946254995, 40.515155114216398 ], [ -111.831496929126999, 40.515028675078298 ], [ -111.831496893194995, 40.515006693566498 ], [ -111.831604789843993, 40.514863937516999 ], [ -111.831715958157005, 40.514651700066402 ], [ -111.831757915769003, 40.514579597106803 ], [ -111.831791674456994, 40.514550886478702 ], [ -111.831822108479997, 40.514415534550302 ], [ -111.831742762087998, 40.514107912845503 ], [ -111.831663945702005, 40.513986500233699 ], [ -111.831503755425004, 40.5138040527493 ], [ -111.831359845316996, 40.513716351107902 ], [ -111.831122339738997, 40.513524189340103 ], [ -111.831050447566994, 40.513485427330203 ], [ -111.830765607960004, 40.513417386655199 ], [ -111.830638316684002, 40.513308394266403 ], [ -111.830517455549, 40.513194399775401 ], [ -111.830494291590995, 40.513125108322399 ], [ -111.830500493559995, 40.513072902189499 ], [ -111.830484124459005, 40.513028155896897 ], [ -111.830476371998003, 40.512954698945698 ], [ -111.830408410852996, 40.512842216595502 ], [ -111.830346356131997, 40.512777889172597 ], [ -111.830078568345996, 40.512579996762 ], [ -111.830032553042997, 40.512485823866797 ], [ -111.829934581879996, 40.512409142077303 ], [ -111.829809272288003, 40.512364907560503 ], [ -111.829799255173995, 40.512366240695201 ], [ -111.829593048697006, 40.512395198123798 ], [ -111.829491756463, 40.512432140681597 ], [ -111.829471780625994, 40.512439491354897 ], [ -111.829385232440004, 40.5124851566177 ], [ -111.829245818399002, 40.512512823889303 ], [ -111.829236595395997, 40.512511538564503 ], [ -111.829173364780004, 40.5125049651041 ], [ -111.829105456636, 40.512463561508902 ], [ -111.829111461874007, 40.512366582857403 ], [ -111.829263815247003, 40.512239456184197 ], [ -111.829314522450005, 40.512197200773798 ], [ -111.829338239769996, 40.512177391513497 ], [ -111.829368333331999, 40.512157806258401 ], [ -111.829587895063, 40.512015331670398 ], [ -111.829672204646997, 40.511960493218901 ], [ -111.829743539863998, 40.511925567190602 ], [ -111.829847544111999, 40.511898063587701 ], [ -111.830089420891994, 40.511947677426299 ], [ -111.830098177669996, 40.511949505717297 ], [ -111.830155106603996, 40.511961980028197 ], [ -111.830202804451005, 40.511972447793397 ], [ -111.830211792095, 40.511973824645601 ], [ -111.830383964101003, 40.511989614050599 ], [ -111.830392944558994, 40.511990360528301 ], [ -111.830567833968004, 40.512006310425498 ], [ -111.830576588949, 40.512007959095797 ], [ -111.830721109013993, 40.5120498021166 ], [ -111.830729863995003, 40.5120514514688 ], [ -111.830929218121994, 40.512069927625703 ], [ -111.831028438841997, 40.512046962362199 ], [ -111.831295215124996, 40.512019548277202 ], [ -111.831501174565005, 40.511961130422897 ], [ -111.831608479224002, 40.511914232738 ], [ -111.831676281366995, 40.511851403530102 ], [ -111.831733423201996, 40.511728201562299 ], [ -111.831697526523996, 40.511536030682102 ], [ -111.831452698777994, 40.5111901412427 ], [ -111.831430850852001, 40.510778233049599 ], [ -111.831406106757001, 40.510733907304299 ], [ -111.831351543984994, 40.510635833389699 ], [ -111.831237307026996, 40.510541791627702 ], [ -111.830966466766, 40.510363832868897 ], [ -111.830972786413994, 40.510311625951999 ], [ -111.831115660764993, 40.510249157904902 ], [ -111.831396582818996, 40.510211281876302 ], [ -111.831589008240996, 40.510185213195598 ], [ -111.831674384124995, 40.5101309961263 ], [ -111.831752100074993, 40.5100587264388 ], [ -111.831764774405997, 40.509966834580403 ], [ -111.831738206731004, 40.509880000090398 ], [ -111.831629053339, 40.509671870733101 ], [ -111.831624701001999, 40.509663523279997 ], [ -111.831596181288006, 40.509581117566398 ], [ -111.831581618699005, 40.509185733332401 ], [ -111.831488060061005, 40.509026499311801 ], [ -111.831459187308994, 40.508944096230302 ], [ -111.831479445216999, 40.508835483828499 ], [ -111.831534408638007, 40.508755899916402 ], [ -111.831611404138997, 40.508529854099002 ], [ -111.831653161426999, 40.508241180512101 ], [ -111.831650083799005, 40.508173545682503 ], [ -111.831631647674001, 40.507779900959903 ], [ -111.831653240478005, 40.507702990446099 ], [ -111.831651845395001, 40.507494445210703 ], [ -111.831566949210995, 40.507415238093998 ], [ -111.831566425492994, 40.507305964111701 ], [ -111.831579046822, 40.507228937625598 ], [ -111.831609765612001, 40.507126375979297 ], [ -111.831552098261994, 40.507025170639601 ], [ -111.831463037488007, 40.507000496799002 ], [ -111.831451159964004, 40.507004005436798 ], [ -111.831337766524001, 40.507015992313399 ], [ -111.831243821610002, 40.507025947225102 ], [ -111.830951496341001, 40.507095075593398 ], [ -111.830940978865996, 40.507094070199599 ], [ -111.830697654001995, 40.507040415482699 ], [ -111.830688898123, 40.507038676532602 ], [ -111.830511296699001, 40.507069772041199 ], [ -111.830502936079, 40.507071273985197 ], [ -111.830431288249002, 40.507051698849999 ], [ -111.830422647353998, 40.507049688744203 ], [ -111.830350649180005, 40.507011288403703 ], [ -111.830206759733002, 40.506962232349998 ], [ -111.830061299133007, 40.506948503096098 ], [ -111.830052078823996, 40.506947307822401 ], [ -111.829984026950001, 40.506960949650797 ], [ -111.829974255075996, 40.5069629119483 ], [ -111.829817025647003, 40.506932780122497 ], [ -111.829808153884997, 40.506931132010401 ], [ -111.829733136474005, 40.506896716306301 ], [ -111.829650734911993, 40.506885596836199 ], [ -111.829579097861, 40.506809355334703 ], [ -111.829581999419005, 40.506767082842401 ], [ -111.829634524811993, 40.506700310541497 ], [ -111.829740503558, 40.506565498059899 ], [ -111.829909012233998, 40.506438434155399 ], [ -111.830050879574003, 40.506400118159299 ], [ -111.830201144363997, 40.506315436711397 ], [ -111.830330592495002, 40.506150635396502 ], [ -111.830330558358995, 40.506128743865403 ], [ -111.830452807390998, 40.505963994001597 ], [ -111.830460003794997, 40.505925474876399 ], [ -111.830452667253994, 40.505876069002902 ], [ -111.830424054115994, 40.505843212103002 ], [ -111.830416831660997, 40.505755247330399 ], [ -111.830495837591997, 40.505672969321701 ], [ -111.830819532030006, 40.505458754100097 ], [ -111.830893363664003, 40.505387683558602 ], [ -111.830985205622, 40.505217115864298 ], [ -111.831035336107007, 40.505013875532001 ], [ -111.831222305162001, 40.504805147077803 ], [ -111.831263126405005, 40.504698818877401 ], [ -111.831294181163997, 40.504547066447799 ], [ -111.831265365904997, 40.504277998798301 ], [ -111.831234829473999, 40.504175337013699 ], [ -111.831229412631998, 40.504157178345402 ], [ -111.831236483271994, 40.504003346188902 ], [ -111.831293847889, 40.503822215776502 ], [ -111.831295455873999, 40.503703917676702 ], [ -111.831272320661995, 40.5036463368249 ], [ -111.831171677908998, 40.503553098772102 ], [ -111.831162921132005, 40.503551179406799 ], [ -111.830991628576996, 40.503509348842698 ], [ -111.830982759509993, 40.5035079711337 ], [ -111.830767882494001, 40.503491948861203 ], [ -111.830759846164995, 40.503491105979101 ], [ -111.830697408762006, 40.503452456337399 ], [ -111.830687866857005, 40.503425227943801 ], [ -111.830759830893996, 40.503222010869898 ], [ -111.830766974297006, 40.503112232110396 ], [ -111.830702137493006, 40.5029364844928 ], [ -111.830631496674002, 40.502854741273801 ], [ -111.830558576829006, 40.502798599574703 ], [ -111.830434609319994, 40.502756518542597 ], [ -111.830425973814997, 40.5027548682787 ], [ -111.830007702049002, 40.502734901175401 ], [ -111.829990579262002, 40.502734033010697 ], [ -111.829950116446, 40.5027067565115 ], [ -111.829963998113001, 40.502664855748897 ], [ -111.829977199753998, 40.502625211782302 ], [ -111.830053470314994, 40.5025127735816 ], [ -111.830136506087996, 40.50246091711 ], [ -111.830287375444996, 40.502349384372003 ], [ -111.830363672955002, 40.502277486081098 ], [ -111.830387179170998, 40.502202543306502 ], [ -111.830387039033994, 40.502152905181802 ], [ -111.830315783768, 40.502059454669599 ], [ -111.830200004402002, 40.501982630492897 ], [ -111.829940968003996, 40.501878366822602 ], [ -111.829905038087006, 40.501845381597199 ], [ -111.829866180560998, 40.5016993570596 ], [ -111.829782610289996, 40.5015928415567 ], [ -111.829638775640007, 40.501499371138401 ], [ -111.829630132949006, 40.501497181219001 ], [ -111.829379363746, 40.501412315299703 ], [ -111.829370837835, 40.501410034529201 ], [ -111.829313239656003, 40.501256215881497 ], [ -111.829162107990996, 40.5011355006435 ], [ -111.829023543757003, 40.501086585786801 ], [ -111.829016938443999, 40.501086813250197 ], [ -111.828980606981006, 40.501088244971697 ], [ -111.828854507770004, 40.501093203400004 ], [ -111.828852124538997, 40.501091328364097 ], [ -111.828796830539005, 40.501047942273402 ], [ -111.828746517696004, 40.500901007510002 ], [ -111.828733027696003, 40.5008884922064 ], [ -111.828676450002007, 40.5008366460915 ], [ -111.828631433626995, 40.500813185849701 ], [ -111.828622676848994, 40.500811266405996 ], [ -111.828508885456003, 40.5007805512018 ], [ -111.828493192785999, 40.500780844241497 ], [ -111.828398796019002, 40.500782151649602 ], [ -111.828393858878997, 40.5007837186267 ], [ -111.828201299607002, 40.500844827289697 ], [ -111.828041539623996, 40.500895521050403 ], [ -111.827989947581003, 40.500893998475803 ], [ -111.827981074022006, 40.500892170566601 ], [ -111.827802143990993, 40.500852371860297 ], [ -111.827793270431997, 40.500850543949902 ], [ -111.827716526459, 40.500867038858502 ], [ -111.827652766735, 40.500902900311203 ], [ -111.827548358244997, 40.500934638705402 ], [ -111.827536248057001, 40.500938329358398 ], [ -111.827401283371998, 40.500922899381202 ], [ -111.827392415202993, 40.500921521619098 ], [ -111.827262918562994, 40.500938033586998 ], [ -111.827162369234998, 40.500966861384498 ], [ -111.827152490461998, 40.500969724832601 ], [ -111.827090228230006, 40.500925756683401 ], [ -111.827110495121005, 40.500836693906798 ], [ -111.827120678423, 40.500791396404097 ], [ -111.827138200063004, 40.500757487807803 ], [ -111.827401130658004, 40.500247685320801 ], [ -111.827465786901001, 40.5000830808534 ], [ -111.827235342080996, 40.4996154580504 ], [ -111.827214887441997, 40.499573893485703 ], [ -111.826894671280996, 40.4993588909918 ], [ -111.826885685432998, 40.499357513880703 ], [ -111.826689010080997, 40.499332975886901 ], [ -111.826680144608005, 40.499331777745098 ], [ -111.826547796715005, 40.4990484944841 ], [ -111.826339507943004, 40.498923769602797 ], [ -111.825998273001005, 40.498851525409201 ], [ -111.825863541877993, 40.498643032575004 ], [ -111.825854785101001, 40.498641113069198 ], [ -111.825286062592994, 40.498494908049302 ], [ -111.824879998032998, 40.498120334788297 ], [ -111.824375750307993, 40.4978130365865 ], [ -111.824367950237004, 40.497812101413601 ], [ -111.823949423349006, 40.497797519135901 ], [ -111.823070742542001, 40.498021885165201 ], [ -111.823059330345004, 40.498024759668702 ], [ -111.823051989312006, 40.498022739728903 ], [ -111.822887018201996, 40.497955807073701 ], [ -111.822870178383994, 40.497949080537303 ], [ -111.822705396817994, 40.497791427189803 ], [ -111.822658976374996, 40.4977879740849 ], [ -111.822386362840007, 40.497767932410802 ], [ -111.822377493773004, 40.4977664644138 ], [ -111.822222187636996, 40.497727479483501 ], [ -111.822213314077999, 40.497725560634699 ], [ -111.822245723497005, 40.497625331617797 ], [ -111.822363687565002, 40.497534584010303 ], [ -111.822811928926001, 40.497189956480099 ], [ -111.822801651299997, 40.497121472326199 ], [ -111.822789442296994, 40.4970397582264 ], [ -111.822679355556005, 40.496847842414198 ], [ -111.822501651725005, 40.496800999740302 ], [ -111.822492896743995, 40.496799170353299 ], [ -111.822250489957995, 40.496759184094103 ], [ -111.822039200812995, 40.496783839842202 ], [ -111.821993191798995, 40.4967947075504 ], [ -111.821708780688994, 40.496861684400301 ], [ -111.821398486419994, 40.496886772523197 ], [ -111.821169544482004, 40.496954164615197 ], [ -111.820765943102998, 40.497147028967703 ], [ -111.820756955457995, 40.497145471469302 ], [ -111.820481529296998, 40.497097788090102 ], [ -111.820459118127005, 40.496972724172601 ], [ -111.820698334097997, 40.496721839427202 ], [ -111.820730200933994, 40.496538192551299 ], [ -111.820545798365998, 40.496386891647397 ], [ -111.819998993851996, 40.496313116578499 ], [ -111.819397302274993, 40.496189728265598 ], [ -111.818761466631997, 40.4957909970095 ], [ -111.818722141083995, 40.495769203883398 ], [ -111.818356100962006, 40.495566754680503 ], [ -111.818311372047006, 40.495333290689402 ], [ -111.818419863380996, 40.495191173161899 ], [ -111.818691985537995, 40.494948437712701 ], [ -111.818693789354995, 40.494543475675997 ], [ -111.818478700336996, 40.494303561310701 ], [ -111.818455612736003, 40.494277778832199 ], [ -111.817844121437005, 40.493899500551002 ], [ -111.816617683919006, 40.4933525952125 ], [ -111.811978330141997, 40.493474563007197 ], [ -111.811947206213006, 40.488405837809502 ], [ -111.812726991489995, 40.488549273938702 ], [ -111.814009429983003, 40.488770155153603 ], [ -111.816314197083003, 40.4891669564308 ], [ -111.822223387785996, 40.486515099247903 ], [ -111.822416947779999, 40.486335976754702 ], [ -111.826318424484001, 40.486335624211399 ], [ -111.826316280205006, 40.484842775373103 ], [ -111.826321521875002, 40.482730240757803 ], [ -111.831355047415002, 40.482726844954897 ], [ -111.832274365309999, 40.482725543344301 ], [ -111.833225657840003, 40.482724274530199 ], [ -111.833326415577005, 40.482724178873802 ], [ -111.833316811687993, 40.4818903844658 ], [ -111.833314999787007, 40.481791570078499 ], [ -111.834788765062001, 40.481775979229297 ], [ -111.834822833668994, 40.481421322987103 ], [ -111.834823153469003, 40.481418617907501 ], [ -111.834823468777998, 40.481415462550501 ], [ -111.834823894579003, 40.4814117660408 ], [ -111.834824328465999, 40.481408699509103 ], [ -111.834824867454998, 40.481404552038398 ], [ -111.834825406443997, 40.481400494076297 ], [ -111.834826067603998, 40.481396705323803 ], [ -111.834826505981994, 40.481393999559899 ], [ -111.834826944360003, 40.481391293795902 ], [ -111.834827382737998, 40.481388588031798 ], [ -111.834827939693, 40.481385880901101 ], [ -111.834828378070995, 40.481383175136799 ], [ -111.83482893323, 40.481380378496901 ], [ -111.834829489287003, 40.481377672049099 ], [ -111.834830045344006, 40.481374964917997 ], [ -111.834830715487001, 40.481371897701202 ], [ -111.834831495225004, 40.481368197772802 ], [ -111.834832169859993, 40.481365490641203 ], [ -111.834832840003003, 40.481362422740801 ], [ -111.834833739217004, 40.4813588123207 ], [ -111.834834412953001, 40.481356105188802 ], [ -111.834835087588004, 40.481353397373397 ], [ -111.834835993987994, 40.481350328105997 ], [ -111.834837009983005, 40.481346626809703 ], [ -111.834837798703006, 40.481343648417401 ], [ -111.834839045565005, 40.481339585668699 ], [ -111.834840294223, 40.481335612428701 ], [ -111.834841428795002, 40.481331910448297 ], [ -111.834842339687, 40.481329291457698 ], [ -111.834843474259003, 40.481325589477002 ], [ -111.834844499236993, 40.481322609034002 ], [ -111.834845641894006, 40.481319627907503 ], [ -111.834847008232003, 40.481315653983003 ], [ -111.834848493147007, 40.481311679374997 ], [ -111.834850205335997, 40.481307072737799 ], [ -111.834851347992995, 40.481304091610603 ], [ -111.834852377461999, 40.481301471252401 ], [ -111.834853406931003, 40.4812988515773 ], [ -111.834854554079996, 40.481296230535499 ], [ -111.834855698534, 40.4812933396001 ], [ -111.834857305620005, 40.481289724393399 ], [ -111.834858452768003, 40.481287103351299 ], [ -111.834859714901, 40.481284211732302 ], [ -111.834861321987006, 40.481280596525004 ], [ -111.834862587713999, 40.4812780649915 ], [ -111.834864195698003, 40.481274539292997 ], [ -111.834865574611996, 40.4812715567978 ], [ -111.834867302071999, 40.481268120607901 ], [ -111.834868798664999, 40.481265136745897 ], [ -111.834870065290005, 40.481262605211903 ], [ -111.834871564577995, 40.481259801734197 ], [ -111.834873407022997, 40.481256185159197 ], [ -111.834874791326996, 40.481253652258196 ], [ -111.834876176528994, 40.481251120040497 ], [ -111.834877560832993, 40.481248587822598 ], [ -111.834878945137007, 40.481246054921399 ], [ -111.834880330339004, 40.481243612895703 ], [ -111.834881947306002, 40.481240808050799 ], [ -111.834884604522998, 40.4812362847683 ], [ -111.834909568705001, 40.481194302952701 ], [ -111.834917196299997, 40.481181455317497 ], [ -111.834924824793006, 40.481168697188998 ], [ -111.834928754024006, 40.481162002450297 ], [ -111.834932335606993, 40.4811559404246 ], [ -111.834945281228997, 40.481134225905301 ], [ -111.834946783212004, 40.481131692316502 ], [ -111.834948285194997, 40.481129159410898 ], [ -111.834949671296002, 40.481126716697702 ], [ -111.834951055599007, 40.4811241844751 ], [ -111.834952557582994, 40.481121650886003 ], [ -111.834953824207005, 40.481119119346502 ], [ -111.834955208511005, 40.4811165864405 ], [ -111.834956591917006, 40.481113964024999 ], [ -111.834957858541003, 40.4811114324852 ], [ -111.834959357829007, 40.481108629001398 ], [ -111.834961082595001, 40.481105013101399 ], [ -111.834962809157005, 40.481101576902901 ], [ -111.834964188070998, 40.481098594400102 ], [ -111.834965454694995, 40.481096062176498 ], [ -111.834966601844002, 40.481093441810103 ], [ -111.834967863976999, 40.481090549499399 ], [ -111.834969471063005, 40.481086934281699 ], [ -111.834970733196002, 40.481084042654103 ], [ -111.834972340281993, 40.481080427436098 ], [ -111.834973368852999, 40.481077807068999 ], [ -111.834974516900004, 40.481075186702 ], [ -111.834975546368995, 40.481072566334703 ], [ -111.834976689026007, 40.481069585197197 ], [ -111.834978059855004, 40.481065972028198 ], [ -111.834979202512002, 40.481062990890301 ], [ -111.83498056885, 40.481059016950603 ], [ -111.834981936085995, 40.481055043010798 ], [ -111.834983189235004, 40.481051430524303 ], [ -111.834984322908994, 40.481047728528303 ], [ -111.834985347886999, 40.481044748072897 ], [ -111.834986363881995, 40.481041047443 ], [ -111.834987270281999, 40.481038067670603 ], [ -111.834988176682003, 40.481034998388701 ], [ -111.834989193574998, 40.481031387267699 ], [ -111.834989868210002, 40.481028679439298 ], [ -111.834990660523999, 40.481025971610698 ], [ -111.834991448346003, 40.481022902328299 ], [ -111.834992345762998, 40.481019202380502 ], [ -111.834992902718994, 40.481016495918198 ], [ -111.834993691438996, 40.481013516828 ], [ -111.834994471176998, 40.481009817562999 ], [ -111.834995026336003, 40.481007020907597 ], [ -111.834995583291004, 40.481004314444696 ], [ -111.834996139349002, 40.481001607981803 ], [ -111.834996577726002, 40.480998901518703 ], [ -111.834997133784, 40.480996195055504 ], [ -111.834997572161001, 40.480993489275498 ], [ -111.834998010538996, 40.4809907834954 ], [ -111.834998448018993, 40.480987987522496 ], [ -111.834998886397003, 40.4809852817421 ], [ -111.834999207094995, 40.480982576644898 ], [ -111.834999645473005, 40.480979870864402 ], [ -111.834999959883007, 40.480976715486797 ], [ -111.835000386583005, 40.480973018952902 ], [ -111.835000701892, 40.480969953767698 ], [ -111.835001127693005, 40.480966166357497 ], [ -111.835001329814006, 40.4809634626261 ], [ -111.835001531036994, 40.480960668018596 ], [ -111.835001851735001, 40.4809579636037 ], [ -111.835001931685994, 40.480954899784301 ], [ -111.835002238908999, 40.480951113739799 ], [ -111.835002440132001, 40.480948319815099 ], [ -111.835002524573994, 40.480945616082998 ], [ -111.835002608116994, 40.4809428228413 ], [ -111.835002692559002, 40.480940119792201 ], [ -111.835002772509, 40.480937055972099 ], [ -111.835002843476005, 40.480933271976298 ], [ -111.835002803950005, 40.480930118646398 ], [ -111.835002876713006, 40.480926424843098 ], [ -111.835002724, 40.480923632967198 ], [ -111.835002690761996, 40.480920930600597 ], [ -111.835002655728005, 40.480918138041197 ], [ -111.835002504811001, 40.480915436357698 ], [ -111.835002347605993, 40.480912284393497 ], [ -111.835002183214002, 40.480908591955703 ], [ -111.835002031399, 40.480905800762301 ], [ -111.835001761903996, 40.480903099761598 ], [ -111.835001604699002, 40.4808999477968 ], [ -111.835001204948, 40.480896256725003 ], [ -111.835000930063998, 40.480893106126402 ], [ -111.835000530314005, 40.480889415054101 ], [ -111.835000259921003, 40.480886624543203 ], [ -111.834999868254997, 40.480883564137002 ], [ -111.834999349029005, 40.480879784237999 ], [ -111.834998961855007, 40.480877084602803 ], [ -111.834998444426006, 40.4808733942129 ], [ -111.834997933284001, 40.480870244979798 ], [ -111.834997423041003, 40.480867185939402 ], [ -111.834996787931999, 40.480863496232303 ], [ -111.834996398962005, 40.480860706403597 ], [ -111.834995775530999, 40.480858008134199 ], [ -111.834995270677993, 40.480855309181401 ], [ -111.834994764925995, 40.480852610228503 ], [ -111.834994019324995, 40.480849552553899 ], [ -111.834993265638005, 40.480845864895599 ], [ -111.834992642206998, 40.480843166625597 ], [ -111.834991896605004, 40.480840108950503 ], [ -111.834990906662, 40.480836421974999 ], [ -111.834990284130001, 40.4808337243879 ], [ -111.834989542120994, 40.480831026800701 ], [ -111.834988801010994, 40.480828329213402 ], [ -111.834988059900994, 40.480825632309198 ], [ -111.834987200213007, 40.480822935405001 ], [ -111.834986459103007, 40.480820238500698 ], [ -111.834985478142997, 40.480817272384002 ], [ -111.834984371418003, 40.480813586773799 ], [ -111.834983511730996, 40.480810890552299 ], [ -111.834982653840001, 40.480808283840403 ], [ -111.834981671980998, 40.480805228213598 ], [ -111.834980447576996, 40.480801633478897 ], [ -111.834979470210001, 40.4807989379403 ], [ -111.834978371570998, 40.480795972506002 ], [ -111.834976907316999, 40.480792019732199 ], [ -111.834975324485001, 40.480788066958198 ], [ -111.834973498210005, 40.480783485566398 ], [ -111.834972280993, 40.480780521497998 ], [ -111.834971186844996, 40.480777916834697 ], [ -111.834970092697006, 40.480775312171303 ], [ -111.834968880869994, 40.480772708191097 ], [ -111.834967786722004, 40.480770103527597 ], [ -111.834966574893997, 40.480767499547198 ], [ -111.834965241793995, 40.480764626354301 ], [ -111.834963423603995, 40.480760765821501 ], [ -111.834961488632999, 40.480756905971703 ], [ -111.834959791716003, 40.480753314650897 ], [ -111.834958463107, 40.480750801546101 ], [ -111.834957132702002, 40.480748198931501 ], [ -111.834955320800006, 40.480744788679502 ], [ -111.834953267252004, 40.480740929512102 ], [ -111.834951698793006, 40.480738058367997 ], [ -111.834949768314004, 40.480734648798702 ], [ -111.834948198956994, 40.480731776970998 ], [ -111.834946751771, 40.480729265232 ], [ -111.834944947954, 40.480726485646898 ], [ -111.834943016576005, 40.480722985884 ], [ -111.834940852534004, 40.480719667873601 ], [ -111.834939164600002, 40.480716797411802 ], [ -111.834937601530996, 40.480714376548498 ], [ -111.834935918089002, 40.480711866175398 ], [ -111.834934355019996, 40.480709444628701 ], [ -111.834932550304998, 40.480706665042803 ], [ -111.834930267684996, 40.480703348398201 ], [ -111.834928345291004, 40.480700569495298 ], [ -111.834926062671997, 40.480697252850298 ], [ -111.834923780051994, 40.480693936205199 ], [ -111.834921859453999, 40.480691247495002 ], [ -111.834920059230996, 40.480688827997398 ], [ -111.834918259904995, 40.4806864084997 ], [ -111.834916461478002, 40.480684079195001 ], [ -111.834914661254004, 40.480681659697098 ], [ -111.834912862826997, 40.480679330392299 ], [ -111.834911064400004, 40.480677001087301 ], [ -111.834909265074003, 40.480674581589199 ], [ -111.834907348068995, 40.480672252967402 ], [ -111.834905431962994, 40.480669924345399 ], [ -111.834903276006003, 40.480667327877299 ], [ -111.834900640349005, 40.4806641034736 ], [ -111.834898723343997, 40.480661774851399 ], [ -111.834896808135994, 40.480659536422202 ], [ -111.834894534499995, 40.480656940636898 ], [ -111.834892260863995, 40.4806543441683 ], [ -111.834889988125994, 40.480651837892601 ], [ -111.834887714489994, 40.480649242106999 ], [ -111.834885323175001, 40.480646736514402 ], [ -111.834882570736994, 40.480643603669499 ], [ -111.834880180319999, 40.480641098076703 ], [ -111.834876954470005, 40.480637788261603 ], [ -111.834873966673001, 40.480634746975902 ], [ -111.834871934684003, 40.4806325994223 ], [ -111.834851379433999, 40.480611397194998 ], [ -111.834831410782996, 40.480589919598401 ], [ -111.834827343211998, 40.480585444785 ], [ -111.834811792476003, 40.480568170048599 ], [ -111.834792761667003, 40.480546235322201 ], [ -111.834774199777996, 40.480524027275699 ], [ -111.834756223591, 40.480501545225401 ], [ -111.834738718121002, 40.480478878681097 ], [ -111.834721680672999, 40.480455939499301 ], [ -111.834705229825005, 40.480432724946198 ], [ -111.834689249695003, 40.480409417458603 ], [ -111.834673856164002, 40.480385835282704 ], [ -111.834659049232997, 40.480361978418301 ], [ -111.834644713019998, 40.480338027935403 ], [ -111.834630964303997, 40.4803138936404 ], [ -111.834617803086999, 40.480289574166498 ], [ -111.834605110789994, 40.4802649813698 ], [ -111.834593006890003, 40.480240294270502 ], [ -111.834581491386004, 40.480215512868803 ], [ -111.834570564279005, 40.480190546970803 ], [ -111.83456022467, 40.480165397259398 ], [ -111.834550355779001, 40.480140153245102 ], [ -111.834541192065004, 40.480114724050701 ], [ -111.834532499966002, 40.480089201919498 ], [ -111.834524513942995, 40.480063584118398 ], [ -111.834516998637, 40.480037872697203 ], [ -111.834510190306005, 40.480012066289099 ], [ -111.834503852691, 40.479986166260602 ], [ -111.834498221152998, 40.479960171244997 ], [ -111.834492813295, 40.479933093890303 ], [ -111.834488609179004, 40.479907989179601 ], [ -111.834484626947997, 40.479881802129498 ], [ -111.834481352588, 40.479855519408801 ], [ -111.834478668421994, 40.479829323455398 ], [ -111.834476571755005, 40.479802942320397 ], [ -111.834475066178001, 40.479776647269503 ], [ -111.834474150795003, 40.479750347425302 ], [ -111.834473823807997, 40.479723953959898 ], [ -111.834474087912994, 40.479697645895598 ], [ -111.834475058991998, 40.479671242843402 ], [ -111.834476502583996, 40.479644926558898 ], [ -111.834478655845999, 40.479618694992297 ], [ -111.834481397504007, 40.4795923691211 ], [ -111.834484611676004, 40.479566130017702 ], [ -111.834488534618998, 40.4795399763156 ], [ -111.834493047755004, 40.479513817820298 ], [ -111.834498153778995, 40.479487834921102 ], [ -111.834503848200001, 40.479461848595498 ], [ -111.834510134609999, 40.479435947671398 ], [ -111.834517010314997, 40.479410041954303 ], [ -111.834524479807001, 40.479384402711901 ], [ -111.834532538592995, 40.479358759359997 ], [ -111.834541188470993, 40.4793332020934 ], [ -111.834550430338993, 40.479307820423898 ], [ -111.834560264196, 40.479282614351597 ], [ -111.834570570568005, 40.479257404853499 ], [ -111.834581587505994, 40.479232461147902 ], [ -111.834583886294993, 40.479227579683098 ], [ -111.834589902312004, 40.479227535952099 ], [ -111.834598652802001, 40.479210085942498 ], [ -111.834628238815995, 40.479150773778102 ], [ -111.834669945797998, 40.479079481994603 ], [ -111.834728563564994, 40.4789923929671 ], [ -111.834790120619999, 40.478913931843003 ], [ -111.834857730522998, 40.4788384887622 ], [ -111.834991508532994, 40.478704461436401 ], [ -111.835132535049993, 40.478574705166501 ], [ -111.835203171377003, 40.4785150063746 ], [ -111.835280579205005, 40.478449582811599 ], [ -111.835435287962, 40.478329186643698 ], [ -111.835596311874994, 40.478213879523899 ], [ -111.835763535959998, 40.478103842554702 ], [ -111.835936606280995, 40.477999168692001 ], [ -111.836010702020005, 40.477952146816797 ], [ -111.836079073695004, 40.477900211915099 ], [ -111.836129120636002, 40.477854715117999 ], [ -111.836141018822005, 40.477843818376599 ], [ -111.836196072972001, 40.477783510788498 ], [ -111.836244005278999, 40.477719651295097 ], [ -111.836283765611995, 40.477653328402099 ], [ -111.836316285524006, 40.477583454268498 ], [ -111.836367905415003, 40.477446055016401 ], [ -111.836368774085997, 40.477440012471298 ], [ -111.836423190432996, 40.477271332790998 ], [ -111.836468740407, 40.477101184921203 ], [ -111.836492045401002, 40.476992279070402 ], [ -111.836505426705003, 40.4769297506135 ], [ -111.836532898982995, 40.4767573913348 ], [ -111.836538284382996, 40.4766875333519 ], [ -111.836535883186997, 40.476617641813398 ], [ -111.836525699885001, 40.476548076147203 ], [ -111.836507860240999, 40.476479467745598 ], [ -111.836482487325995, 40.476412264872202 ], [ -111.836449706902997, 40.4763470073581 ], [ -111.836409758822001, 40.476284053954899 ], [ -111.836370414409998, 40.476222266930797 ], [ -111.836338004091999, 40.476158267920397 ], [ -111.836312765925001, 40.476092415664297 ], [ -111.836294707991001, 40.476025159103898 ], [ -111.836284071039003, 40.475957038748199 ], [ -111.836280979037994, 40.475888503542201 ], [ -111.836285318799, 40.4758199142831 ], [ -111.836298442287003, 40.475670091181101 ], [ -111.836302596096999, 40.475519972544703 ], [ -111.836297666142997, 40.475369829655897 ], [ -111.836283656017997, 40.475220023316297 ], [ -111.836260805571996, 40.475070820713299 ], [ -111.836247151180004, 40.475006685987601 ], [ -111.836228884836999, 40.474922674905102 ], [ -111.836227040595006, 40.474916652633098 ], [ -111.836319010113996, 40.4749032844583 ], [ -111.836652029064993, 40.4748547481828 ], [ -111.836656855713002, 40.474853993091799 ], [ -111.836660860402006, 40.474853423185998 ], [ -111.836665688847006, 40.474852757612602 ], [ -111.836669692637997, 40.474852188390102 ], [ -111.836674991799995, 40.474851429198999 ], [ -111.836679820244996, 40.474850763625597 ], [ -111.836683353319003, 40.474850287337397 ], [ -111.836687357109994, 40.474849718114903 ], [ -111.836692185554, 40.474849052541401 ], [ -111.836695719527, 40.474848576253201 ], [ -111.836699252600994, 40.474848100648302 ], [ -111.836702785675001, 40.474847624360102 ], [ -111.836706318748995, 40.474847148071902 ], [ -111.836710088079997, 40.474846670417001 ], [ -111.836714445807004, 40.4748460984611 ], [ -111.836718685855004, 40.474845527188499 ], [ -111.836722218928998, 40.4748450515836 ], [ -111.836725752901998, 40.474844665496299 ], [ -111.836729404552997, 40.474844188524699 ], [ -111.836732937627005, 40.474843712236499 ], [ -111.836736470700998, 40.4748432366316 ], [ -111.836740004673999, 40.474842850544199 ], [ -111.836743774005001, 40.474842372889299 ], [ -111.836747897272005, 40.474841892500997 ], [ -111.836751430345998, 40.474841416212698 ], [ -111.836755199677, 40.474840938557797 ], [ -111.836759792763004, 40.474840365235202 ], [ -111.836764506223005, 40.474839880063499 ], [ -111.836770630936996, 40.474839115405601 ], [ -111.836775460279995, 40.474838540032898 ], [ -111.836778994252001, 40.474838063744599 ], [ -111.836782882159994, 40.474837674923897 ], [ -111.836787005427993, 40.474837195218903 ], [ -111.836790539399999, 40.474836809131602 ], [ -111.836794308731001, 40.474836331476602 ], [ -111.836798549676999, 40.474835850404901 ], [ -111.836802437586002, 40.474835461584199 ], [ -111.836807032468997, 40.474834977779103 ], [ -111.836811861811995, 40.474834402406401 ], [ -111.836815632040995, 40.4748340149524 ], [ -111.836819991564994, 40.474833532513998 ], [ -111.836823761793994, 40.474833145059897 ], [ -111.836827884163, 40.474832664671602 ], [ -111.836831654392, 40.474832277217502 ], [ -111.836836013915999, 40.4748317954624 ], [ -111.836839548786998, 40.474831499575998 ], [ -111.836843555273006, 40.474831110071896 ], [ -111.836848384616005, 40.474830534699201 ], [ -111.836852508782002, 40.474830144511699 ], [ -111.836857576178005, 40.474829657290002 ], [ -111.836861935702004, 40.474829265052499 ], [ -111.836866530584999, 40.474828781247403 ], [ -111.836870891006996, 40.474828389693201 ], [ -111.836875131954002, 40.474827908621499 ], [ -111.836878785402007, 40.474827611368397 ], [ -111.836882790990003, 40.474827222547603 ], [ -111.836887622128998, 40.474826736692499 ], [ -111.836891275577997, 40.474826440122598 ], [ -111.836895281164999, 40.474826050618503 ], [ -111.836900113203001, 40.474825655647699 ], [ -111.836904237368998, 40.474825265460197 ], [ -111.836909540123997, 40.474824776188399 ], [ -111.836914489841007, 40.474824379850801 ], [ -111.836918025610004, 40.4748240839644 ], [ -111.836922031198, 40.474823695143499 ], [ -111.836926981814003, 40.474823298806001 ], [ -111.836930516684006, 40.4748230029195 ], [ -111.836934052453003, 40.474822707033098 ], [ -111.836937705900993, 40.474822410463197 ], [ -111.836941240772006, 40.474822114576803 ], [ -111.836945366734, 40.4748218139069 ], [ -111.836949491797995, 40.474821513920297 ], [ -111.836953733643, 40.474821123049502 ], [ -111.836957741027007, 40.474820823746299 ], [ -111.836963162359993, 40.474820423992099 ], [ -111.836968466013005, 40.474820025604501 ], [ -111.836973888244003, 40.474819625850202 ], [ -111.836979191897996, 40.474819226779303 ], [ -111.836984377872, 40.474818829074998 ], [ -111.836988856871997, 40.4748185263552 ], [ -111.836993099615, 40.474818225685297 ], [ -111.836996635383997, 40.474817929798697 ], [ -111.837000761346005, 40.474817719329799 ], [ -111.837005593384006, 40.474817324358902 ], [ -111.837009247731004, 40.474817117306699 ], [ -111.837012784397999, 40.474816911621097 ], [ -111.837016437846003, 40.474816615051303 ], [ -111.837019974512998, 40.4748164093658 ], [ -111.837023511181002, 40.474816202996898 ], [ -111.837027165527005, 40.474815996628003 ], [ -111.837030936654998, 40.474815699374901 ], [ -111.837035181195006, 40.474815488222603 ], [ -111.837038717862001, 40.474815282537001 ], [ -111.837042490786004, 40.474815074801398 ], [ -111.837047323722004, 40.4748147693482 ], [ -111.837052156658004, 40.474814464578202 ], [ -111.837055811005001, 40.474814257525999 ], [ -111.837059347671996, 40.474814051840397 ], [ -111.837063238276002, 40.4748138434216 ], [ -111.837067600495004, 40.474813631585903 ], [ -111.837071960917001, 40.474813330232699 ], [ -111.837075734739997, 40.474813212698102 ], [ -111.837080569473002, 40.474812997445802 ], [ -111.837086227062002, 40.474812596324703 ], [ -111.837089882306998, 40.474812479473499 ], [ -111.837093418974007, 40.474812273787897 ], [ -111.837097073321004, 40.474812066735701 ], [ -111.837100610887006, 40.474811951251098 ], [ -111.837104619168997, 40.474811742148901 ], [ -111.837110043197001, 40.4748115227965 ], [ -111.837114995608999, 40.4748113068609 ], [ -111.837118532277003, 40.474811100491998 ], [ -111.837122187521004, 40.474810984324002 ], [ -111.837125724188994, 40.474810778638499 ], [ -111.837129733370006, 40.474810659053801 ], [ -111.837134685782004, 40.474810443118201 ], [ -111.837138813541003, 40.474810323533603 ], [ -111.837143647375001, 40.474810108281197 ], [ -111.837147775134, 40.474809988013199 ], [ -111.837153080584002, 40.474809769344198 ], [ -111.837158032996001, 40.474809553408498 ], [ -111.837161688240997, 40.474809436557301 ], [ -111.837165225806999, 40.474809321072698 ], [ -111.837168881950006, 40.474809204904801 ], [ -111.837172419514999, 40.474809088736798 ], [ -111.837175957081001, 40.474808973252301 ], [ -111.837179848583006, 40.474808855034297 ], [ -111.837184094918996, 40.474808824283997 ], [ -111.837187868742006, 40.4748087067493 ], [ -111.837192584896997, 40.474808492180401 ], [ -111.837197538206993, 40.4748083664457 ], [ -111.837201547389, 40.474808247544402 ], [ -111.837206500698997, 40.474808121126301 ], [ -111.837210393996997, 40.474808093109402 ], [ -111.837215228730003, 40.474807968058002 ], [ -111.837221715465006, 40.474807830706503 ], [ -111.837225960902998, 40.474807709755197 ], [ -111.837232093701004, 40.4748075758204 ], [ -111.837237047909994, 40.474807539603397 ], [ -111.837240704053002, 40.4748074227521 ], [ -111.837244242517002, 40.474807397468503 ], [ -111.837248371173999, 40.474807367401503 ], [ -111.837253205907004, 40.474807242350103 ], [ -111.837257099205999, 40.474807214333197 ], [ -111.837261817157994, 40.474807180166103 ], [ -111.837267596019998, 40.474807048281399 ], [ -111.837271253061004, 40.474807021631101 ], [ -111.837274791525005, 40.474806995664103 ], [ -111.837278684824, 40.474806967647197 ], [ -111.837283048838998, 40.474806936213497 ], [ -111.837287413753003, 40.474806904779797 ], [ -111.837290952217003, 40.474806878812799 ], [ -111.837294844617006, 40.4748068507959 ], [ -111.837299563467994, 40.474806816628899 ], [ -111.837305343227996, 40.474806774945101 ], [ -111.837309472783005, 40.4748068350791 ], [ -111.837314309313001, 40.474806799545298 ], [ -111.837319853715002, 40.474806759911601 ], [ -111.837324454886001, 40.474806816628899 ], [ -111.837328702120004, 40.474806785878499 ], [ -111.837332360060003, 40.4748068494292 ], [ -111.837335898524003, 40.474806823462302 ], [ -111.837339555566004, 40.474806796811897 ], [ -111.837343920479995, 40.474806855579303 ], [ -111.837347814675994, 40.474806917079903 ], [ -111.837353477655995, 40.474806966280497 ], [ -111.837359257415997, 40.474806924596699 ], [ -111.837363151613005, 40.474806986780699 ], [ -111.837367517424994, 40.474807044864697 ], [ -111.837372354853002, 40.474807100215301 ], [ -111.837377663897001, 40.474807151465797 ], [ -111.837382619902002, 40.4748072054498 ], [ -111.837387103393993, 40.474807263533698 ], [ -111.837392884951001, 40.474807401568498 ], [ -111.837396424312999, 40.4748073762849 ], [ -111.837399963674997, 40.474807440518902 ], [ -111.837403621614996, 40.474807504069602 ], [ -111.837407161876001, 40.474807568303703 ], [ -111.837410819815005, 40.474807631854397 ], [ -111.837414360075996, 40.474807696771698 ], [ -111.837418017117997, 40.474807760322399 ], [ -111.837422856342002, 40.474807905190701 ], [ -111.837426985896997, 40.4748079653247 ], [ -111.837430526158002, 40.474808029558702 ], [ -111.837434183198994, 40.474808093109402 ], [ -111.837438196872, 40.474808244811001 ], [ -111.837443624493005, 40.474808385579202 ], [ -111.837448935333001, 40.474808527030703 ], [ -111.837454363852004, 40.474808667798897 ], [ -111.837459792371007, 40.474808808567197 ], [ -111.837464748377002, 40.474808952751999 ], [ -111.837468288636998, 40.474809017669401 ], [ -111.837471829796002, 40.474809172104401 ], [ -111.837475487736, 40.474809235655101 ], [ -111.837480326961, 40.474809470724303 ], [ -111.837484456515995, 40.474809530858302 ], [ -111.837487997674998, 40.474809685293302 ], [ -111.837491656512995, 40.474809839045001 ], [ -111.837496495737, 40.474809983913197 ], [ -111.837500626191002, 40.474810134248202 ], [ -111.837504167350005, 40.474810288683102 ], [ -111.837507826188002, 40.474810442434801 ], [ -111.837511366448993, 40.474810507352203 ], [ -111.837514907607002, 40.474810661787203 ], [ -111.837518566445993, 40.474810815538902 ], [ -111.837522107604002, 40.474810969973902 ], [ -111.837525766442994, 40.474811123725502 ], [ -111.837530605666998, 40.474811358794803 ], [ -111.837534737018998, 40.474811509129701 ], [ -111.837539576243003, 40.474811744198902 ], [ -111.837543707595003, 40.4748118945339 ], [ -111.837547249652999, 40.474812139169799 ], [ -111.837550790810994, 40.474812293604799 ], [ -111.83755444965, 40.474812447356499 ], [ -111.837559289772003, 40.4748126824257 ], [ -111.837563421124003, 40.474812922278304 ], [ -111.837566962283006, 40.474813077396597 ], [ -111.837570621121003, 40.474813230464903 ], [ -111.837574163178999, 40.474813475100902 ], [ -111.837577704336994, 40.474813630219202 ], [ -111.837581836588001, 40.474813870071799 ], [ -111.837587974776, 40.474814185775202 ], [ -111.837592107025998, 40.474814426311198 ], [ -111.837596120699004, 40.474814667530403 ], [ -111.837601551014998, 40.474814988700501 ], [ -111.837606863651004, 40.474815310554 ], [ -111.837612294866005, 40.474815631724098 ], [ -111.837617134089996, 40.4748158667933 ], [ -111.837620794724998, 40.474816110062598 ], [ -111.837624336782, 40.474816354698497 ], [ -111.837627878839001, 40.474816599334503 ], [ -111.837631538576005, 40.474816843287101 ], [ -111.837635553146995, 40.474817084506398 ], [ -111.837640511846999, 40.474817409093198 ], [ -111.837644053904, 40.474817653729097 ], [ -111.837647595961002, 40.474817898365103 ], [ -111.837651138018998, 40.474818143001002 ], [ -111.837654798653006, 40.4748183862703 ], [ -111.837658340711002, 40.474818630906299 ], [ -111.837661882768003, 40.474818875542198 ], [ -111.837666015916, 40.474819206279101 ], [ -111.837671329450998, 40.474819617650098 ], [ -111.837676642087999, 40.474819939503597 ], [ -111.837681601686, 40.474820354291303 ], [ -111.837685144641995, 40.474820598927202 ], [ -111.837688804378004, 40.4748208428799 ], [ -111.837692347333999, 40.474821177033398 ], [ -111.837695889391, 40.474821421669397 ], [ -111.837699433245007, 40.474821756506302 ], [ -111.837703566393998, 40.474822087243098 ], [ -111.837708407414993, 40.474822412513198 ], [ -111.837711950369993, 40.474822746666803 ], [ -111.837715610106002, 40.474822990619401 ], [ -111.837719153959995, 40.474823325456299 ], [ -111.837722696916003, 40.474823660293197 ], [ -111.837726238973005, 40.474823904929103 ], [ -111.837729900506005, 40.4748242383993 ], [ -111.837733443462, 40.474824573236198 ], [ -111.837736985519001, 40.474824817872097 ], [ -111.837740529371999, 40.474825152709002 ], [ -111.837744190007001, 40.474825486179199 ], [ -111.837747733860994, 40.474825821016097 ], [ -111.837751276817002, 40.474826155853002 ], [ -111.837755293184003, 40.474826576790797 ], [ -111.837760251885001, 40.474826901377497 ], [ -111.837763794840001, 40.474827236214402 ], [ -111.837767338693993, 40.4748275703679 ], [ -111.837771354162996, 40.474827991989002 ], [ -111.837776670392998, 40.474828583761997 ], [ -111.837781630890007, 40.474828998549697 ], [ -111.837785173845006, 40.474829333386502 ], [ -111.837788716801001, 40.4748296682234 ], [ -111.837792260654993, 40.474830002376898 ], [ -111.837796277921001, 40.474830514198999 ], [ -111.837801237519002, 40.474830928303298 ], [ -111.837805253886998, 40.474831349924401 ], [ -111.837810096704999, 40.474831854912999 ], [ -111.837814113072, 40.474832276534102 ], [ -111.837819429302002, 40.474832868990397 ], [ -111.837824389798996, 40.474833373295603 ], [ -111.837827933653003, 40.4748337081325 ], [ -111.837831477506995, 40.474834132486897 ], [ -111.837835493873996, 40.474834554108 ], [ -111.837840810103998, 40.474835145880903 ], [ -111.837845654719004, 40.4748357417538 ], [ -111.837849906445001, 40.474836161324802 ], [ -111.837853451197006, 40.474836585679199 ], [ -111.837857467565001, 40.474837007300302 ], [ -111.837862311281, 40.474837602489799 ], [ -111.837865856033005, 40.474838027527603 ], [ -111.837869399886998, 40.474838452565301 ], [ -111.837873533933006, 40.474838872819703 ], [ -111.837878378547998, 40.474839468009201 ], [ -111.837881923300003, 40.474839893046898 ], [ -111.837885940565997, 40.474840404185599 ], [ -111.837890784281996, 40.474841000058397 ], [ -111.837894329034, 40.474841424412801 ], [ -111.837898346299994, 40.474841936234803 ], [ -111.837903190015993, 40.474842531424301 ], [ -111.837907208179999, 40.474843043246203 ], [ -111.837912051895998, 40.474843638435701 ], [ -111.837916069162006, 40.474844150257702 ], [ -111.837920914674996, 40.474844835648099 ], [ -111.837924459427001, 40.474845260002397 ], [ -111.837928476692994, 40.474845771824398 ], [ -111.837933321307005, 40.474846457214802 ], [ -111.837936866058996, 40.4748468822525 ], [ -111.837940411709994, 40.474847396807803 ], [ -111.837943956461999, 40.474847821845401 ], [ -111.837947501214003, 40.474848336400697 ], [ -111.837951046864006, 40.474848850956 ], [ -111.837954591617006, 40.474849275993698 ], [ -111.837958609780998, 40.474849877333199 ], [ -111.837963337613999, 40.474850564090197 ], [ -111.837966881468006, 40.474850988444501 ], [ -111.837970427117995, 40.474851503683098 ], [ -111.837973972769007, 40.474852018238401 ], [ -111.837977518418995, 40.474852533476998 ], [ -111.837981064069993, 40.474853048032202 ], [ -111.837984608821998, 40.474853562587498 ], [ -111.837988154472001, 40.474854077826002 ], [ -111.837991700122998, 40.474854592381199 ], [ -111.837995719185002, 40.4748551937207 ], [ -111.838000446120006, 40.474855880477698 ], [ -111.838003991771004, 40.474856395032901 ], [ -111.838007537421007, 40.474856910271399 ], [ -111.838011083070995, 40.474857424826602 ], [ -111.838014627823995, 40.474857939381799 ], [ -111.838018646885999, 40.4748585414046 ], [ -111.838024793158993, 40.474859487830798 ], [ -111.838030702276995, 40.474860345422798 ], [ -111.83803554779, 40.474861031496303 ], [ -111.838039092542004, 40.4748615460515 ], [ -111.838042637293995, 40.474861971089098 ], [ -111.838046654560003, 40.4748624822276 ], [ -111.838051499174, 40.474863077416899 ], [ -111.838055515541996, 40.474863499037802 ], [ -111.838060358359996, 40.474864004709602 ], [ -111.838063902214003, 40.4748644290638 ], [ -111.838067446067001, 40.474864763900499 ], [ -111.838071580114004, 40.474865184154702 ], [ -111.838076421135, 40.474865509424603 ], [ -111.838080555182003, 40.4748659303621 ], [ -111.838084923688996, 40.474866259048802 ], [ -111.838090000967, 40.474866582268703 ], [ -111.838094368575995, 40.4748668207544 ], [ -111.838097909734998, 40.474866975189201 ], [ -111.838101450894001, 40.474867129624101 ], [ -111.838105109731998, 40.474867283375701 ], [ -111.838108650891002, 40.474867437810502 ], [ -111.838112781345004, 40.474867588145301 ], [ -111.838117620568994, 40.474867733013497 ], [ -111.838121513868003, 40.474867795197397 ], [ -111.838125762000999, 40.474867854647997 ], [ -111.838129536720999, 40.474867827314398 ], [ -111.838133783955996, 40.474867886081597 ], [ -111.838137440997997, 40.474867860114699 ], [ -111.838140979461997, 40.474867834147801 ], [ -111.838145108118994, 40.474867804080901 ], [ -111.838150415365007, 40.474867675612899 ], [ -111.838155368675999, 40.474867549878297 ], [ -111.838159023920994, 40.4748674330272 ], [ -111.838162561486001, 40.474867317542603 ], [ -111.838166217628995, 40.474867200691499 ], [ -111.838169754296999, 40.474866995006103 ], [ -111.838173291862006, 40.474866878838299 ], [ -111.838177182465998, 40.474866670419502 ], [ -111.838181543786007, 40.474866369066604 ], [ -111.838185904208999, 40.474866067030199 ], [ -111.838189676235004, 40.474865769093903 ], [ -111.838194389695005, 40.474865374806598 ], [ -111.838200164065995, 40.474864882801697 ], [ -111.838203934294995, 40.474864494664502 ], [ -111.838208648654003, 40.474864100377197 ], [ -111.838213714253001, 40.474863522954699 ], [ -111.838217953403003, 40.474862951682297 ], [ -111.838221488274002, 40.474862565595103 ], [ -111.838225257605004, 40.474862087940302 ], [ -111.838229969268994, 40.474861513251199 ], [ -111.838235739148004, 40.474860660442602 ], [ -111.838239742938995, 40.474860091220201 ], [ -111.838244453703993, 40.474859426330198 ], [ -111.838247984982004, 40.474858859841099 ], [ -111.838251517157005, 40.4748582940354 ], [ -111.838255048435002, 40.474857637345501 ], [ -111.838258580610002, 40.474857071539702 ], [ -111.838262111888, 40.474856415533097 ], [ -111.838265524587001, 40.474855760209799 ], [ -111.838269054967, 40.474855103519801 ], [ -111.838272586244003, 40.474854447513103 ], [ -111.838275998045006, 40.474853701988799 ], [ -111.838280821997998, 40.4748526762951 ], [ -111.838284704516994, 40.474851837153203 ], [ -111.838288587036004, 40.474850998011298 ], [ -111.838293764027, 40.4748498793832 ], [ -111.838298469402005, 40.474848764171803 ], [ -111.838302351023003, 40.4748478355123 ], [ -111.838307054601003, 40.474846630099897 ], [ -111.838310465505003, 40.474845794374602 ], [ -111.838313876407994, 40.4748449586493 ], [ -111.838317285513995, 40.474844033406498 ], [ -111.838320576941001, 40.474843108163597 ], [ -111.838323986945994, 40.474842182920703 ], [ -111.838327748192, 40.474841074542603 ], [ -111.838332567654007, 40.474839688044803 ], [ -111.838337034976007, 40.474838394481402 ], [ -111.838342792277999, 40.474836550828897 ], [ -111.838347845301996, 40.474834982562498 ], [ -111.838352427608001, 40.474833507913701 ], [ -111.838355717238997, 40.474832402952103 ], [ -111.838359006868998, 40.474831298673898 ], [ -111.838362647740993, 40.474830010577001 ], [ -111.838367111470006, 40.474828447093799 ], [ -111.838370399303997, 40.474827251931202 ], [ -111.838373570357007, 40.474826057451999 ], [ -111.838376858190998, 40.474824862289303 ], [ -111.838380028345, 40.4748236684933 ], [ -111.838383668318997, 40.474822290878599 ], [ -111.838388481492004, 40.4748203638581 ], [ -111.838392824845997, 40.474818620656102 ], [ -111.838395994102996, 40.4748173366591 ], [ -111.838399163359, 40.4748160519786 ], [ -111.838402682958005, 40.474814495328602 ], [ -111.838407024516002, 40.474812661925498 ], [ -111.838410075195, 40.474811288410599 ], [ -111.838413243553006, 40.4748099142125 ], [ -111.838416293332997, 40.474808540697602 ], [ -111.838419458996, 40.474806986097398 ], [ -111.838423446617995, 40.474805065226398 ], [ -111.838427903159996, 40.474802961220199 ], [ -111.838431538641998, 40.474801222801098 ], [ -111.838434587524006, 40.474799759085101 ], [ -111.838437636405999, 40.474798296052299 ], [ -111.838440566710005, 40.474796742818597 ], [ -111.838443614694, 40.474795189584803 ], [ -111.838446896240001, 40.474793453898897 ], [ -111.838450998846, 40.474791351942301 ], [ -111.838453927353996, 40.474789709190702 ], [ -111.838456857658002, 40.474788156640102 ], [ -111.838460138306004, 40.474786330752998 ], [ -111.838463417156007, 40.474784415348203 ], [ -111.839135444125006, 40.474401344229797 ], [ -111.839185348233997, 40.474458368653202 ], [ -111.839457912363002, 40.474737376871303 ], [ -111.839676921629007, 40.474590382443701 ], [ -111.839993045065995, 40.474862046256597 ], [ -111.840047898891996, 40.474909124279797 ], [ -111.840114163118997, 40.474868462820702 ], [ -111.840185446234003, 40.474832900423998 ], [ -111.840260927174995, 40.474802892202703 ], [ -111.840339900767006, 40.4747786247164 ], [ -111.840421544150999, 40.474760373357903 ], [ -111.840505153948001, 40.474748414201898 ], [ -111.840589904604997, 40.474742753401799 ], [ -111.840675086453999, 40.474743395059399 ], [ -111.841128823706995, 40.474764147451403 ], [ -111.841226515494, 40.474765147862897 ], [ -111.841324000669005, 40.474759033325697 ], [ -111.841420219219003, 40.474745900188999 ], [ -111.841514462373993, 40.4747258447997 ], [ -111.841605674613007, 40.474699145271998 ], [ -111.841693264845006, 40.474665895215601 ], [ -111.841776296126, 40.474626551777099 ], [ -111.841854182755995, 40.4745813910164 ], [ -111.841925984198994, 40.474530777827098 ], [ -111.841991351906998, 40.474475167304298 ], [ -111.842049470210995, 40.474415194945898 ], [ -111.842099869291999, 40.474351224963499 ], [ -111.842142205094007, 40.474283890124198 ], [ -111.842312619097001, 40.474345801250898 ], [ -111.842408891546, 40.474384287939202 ], [ -111.842501104508003, 40.474428300130199 ], [ -111.842588665096002, 40.474477661510299 ], [ -111.842670978623005, 40.474531925161003 ], [ -111.842747570781, 40.474590915451202 ], [ -111.842817964564006, 40.474654185462697 ], [ -111.842881919221995, 40.474721465946701 ], [ -111.842938722392006, 40.474792222518602 ], [ -111.843206342193, 40.475155581231398 ], [ -111.843240865347994, 40.4752087523621 ], [ -111.843267987282999, 40.475264409427702 ], [ -111.843287345079005, 40.475321834919399 ], [ -111.843298815666998, 40.475380579881801 ], [ -111.843302269689005, 40.475439833193498 ], [ -111.843297703553006, 40.475499145219501 ], [ -111.843284987001994, 40.475557705526903 ], [ -111.843264467683994, 40.475614881351397 ], [ -111.843247721289998, 40.475662480912398 ], [ -111.843238537812994, 40.475711105437099 ], [ -111.843236794182999, 40.475760307341297 ], [ -111.843242597300005, 40.475809273460499 ], [ -111.843255822298005, 40.475857374447997 ], [ -111.843276342514002, 40.475903980959302 ], [ -111.843303915402998, 40.475948463651299 ], [ -111.843338059469005, 40.475990195915799 ], [ -111.843378413587999, 40.476028549779102 ], [ -111.843421133869001, 40.476067336850498 ], [ -111.843460105481, 40.476108313280903 ], [ -111.843495093963, 40.476151481116197 ], [ -111.843527661485993, 40.476199170496002 ], [ -111.843555414037994, 40.476248607106697 ], [ -111.84357811177, 40.476299521714303 ], [ -111.843727165632004, 40.476671312661303 ], [ -111.843734357543994, 40.476689818379299 ], [ -111.843834101083999, 40.476666027166999 ], [ -111.843866595842002, 40.476660745088999 ], [ -111.843934763598995, 40.4766496165077 ], [ -111.844036742146997, 40.476634728286101 ], [ -111.844246785329005, 40.476610491528099 ], [ -111.844440971449004, 40.4766012352422 ], [ -111.844558532172996, 40.4765965025504 ], [ -111.844955136574001, 40.476622882212197 ], [ -111.845190720656007, 40.476650438543999 ], [ -111.845329601995999, 40.4766619456855 ], [ -111.845472381125006, 40.476673783552798 ], [ -111.845574585150004, 40.476676909749798 ], [ -111.845712694837005, 40.4766739174839 ], [ -111.845807252401997, 40.476669351527697 ], [ -111.845904238112993, 40.476660803854699 ], [ -111.845991029743004, 40.476648457593598 ], [ -111.846075295310001, 40.476632255343198 ], [ -111.846159466553004, 40.476617945208503 ], [ -111.846246062350005, 40.476590014402497 ], [ -111.846325039535003, 40.476566012691301 ], [ -111.846406443967993, 40.476538029931099 ], [ -111.846492989458994, 40.476506135132503 ], [ -111.846571868726997, 40.476474386550102 ], [ -111.846653052174005, 40.476428837537398 ], [ -111.846726710434993, 40.476385325484699 ], [ -111.846792776133995, 40.476347814364999 ], [ -111.846876431745002, 40.476292517626803 ], [ -111.846982820121994, 40.476215522499402 ], [ -111.847137245010998, 40.476093401706201 ], [ -111.847370128757007, 40.475906201097096 ], [ -111.847608231714005, 40.475730673316797 ], [ -111.847861588065996, 40.475539357346697 ], [ -111.847974969827007, 40.475446454702698 ], [ -111.848049185940994, 40.475391136038802 ], [ -111.848145223032006, 40.475335567228598 ], [ -111.848228995423, 40.475289727708898 ], [ -111.848331494096001, 40.475250777554301 ], [ -111.848471594448995, 40.475218758460301 ], [ -111.848671031221997, 40.475195853014597 ], [ -111.849550531291996, 40.475141734768002 ], [ -111.849678338201002, 40.475126471059802 ], [ -111.849780925806996, 40.475094725924897 ], [ -111.849867943812001, 40.475063095575898 ], [ -111.849951656914996, 40.475022030357003 ], [ -111.850035366423995, 40.4749713245658 ], [ -111.850118748048999, 40.474903955498 ], [ -111.850158454482994, 40.474834565041498 ], [ -111.850182649706994, 40.474769973618201 ], [ -111.850200085108, 40.474674531293701 ], [ -111.850202277896003, 40.474595866954097 ], [ -111.850182591315999, 40.474522138997102 ], [ -111.850159746260005, 40.474441226959001 ], [ -111.850140058782998, 40.474367498832301 ], [ -111.850117153539003, 40.474281812068803 ], [ -111.850100591301, 40.474203286671802 ], [ -111.850108918683006, 40.474124577362602 ], [ -111.850126742157002, 40.474050573498602 ], [ -111.850166086569999, 40.4739525375238 ], [ -111.850205732815994, 40.473878372883 ], [ -111.850260978308, 40.473806435884399 ], [ -111.850338105861994, 40.473739112115702 ], [ -111.850415592741001, 40.4736908852406 ], [ -111.850486830042001, 40.473652253284101 ], [ -111.850567533789004, 40.473615894137097 ], [ -111.850648176449994, 40.473574760381098 ], [ -111.850713400428006, 40.473545721959702 ], [ -111.850803391856005, 40.473506861679503 ], [ -111.850871562308001, 40.473468252167798 ], [ -111.850936665014004, 40.473429665184703 ], [ -111.851007690310993, 40.4733742778904 ], [ -111.851078713812996, 40.473309431537302 ], [ -111.851130891558, 40.473237516479998 ], [ -111.851154726556999, 40.473153918665403 ], [ -111.851169332265002, 40.473068046529697 ], [ -111.851162146641002, 40.472994135805003 ], [ -111.851135966141001, 40.472901356744302 ], [ -111.851109933862006, 40.472811008954203 ], [ -111.851071190422005, 40.472713547927199 ], [ -111.851013214052003, 40.472578390391803 ], [ -111.850942703488997, 40.472440893426501 ], [ -111.850906213922002, 40.472353775286699 ], [ -111.850882665485003, 40.472263860014301 ], [ -111.850874439611999, 40.472172930504001 ], [ -111.850873454159995, 40.472094830429398 ], [ -111.850870658603, 40.472041608313603 ], [ -111.850878884476003, 40.472001728259301 ], [ -111.850889127965004, 40.471953455033898 ], [ -111.850903861234002, 40.471915059207397 ], [ -111.850918594503, 40.471876752880398 ], [ -111.850935612187996, 40.471841762930701 ], [ -111.850954773252994, 40.471808378885399 ], [ -111.850982544670003, 40.471774931953298 ], [ -111.851010475986996, 40.471744816442701 ], [ -111.851040627041002, 40.471712973353597 ], [ -111.851079347124994, 40.4716778234095 ], [ -111.851111545440006, 40.471649298747501 ], [ -111.851146103629006, 40.471620845827601 ], [ -111.851182708180005, 40.471595621835199 ], [ -111.851219430409998, 40.471570396466603 ], [ -111.851258297818006, 40.471546867222699 ], [ -111.851299287944002, 40.4715233229362 ], [ -111.851351206076004, 40.471496363819497 ], [ -111.851403228413005, 40.471477692660201 ], [ -111.851459497085003, 40.471458990060299 ], [ -111.851515862775997, 40.471438574917499 ], [ -111.851574414067997, 40.471423188726703 ], [ -111.851635229113995, 40.471409497986599 ], [ -111.851687280196998, 40.471402447602898 ], [ -111.851754707742003, 40.471398617283597 ], [ -111.8518113043, 40.471396578774602 ], [ -111.851876574092003, 40.471399340978202 ], [ -111.851946453140002, 40.471412159050097 ], [ -111.852031492156001, 40.471429820199297 ], [ -111.852133989031998, 40.471447352869298 ], [ -111.852245277719007, 40.471469775081097 ], [ -111.852389322574993, 40.471498622372003 ], [ -111.852513130183993, 40.471512844075797 ], [ -111.852620429452998, 40.471518358906003 ], [ -111.852715382276998, 40.471517658447397 ], [ -111.852822362644005, 40.471497950615003 ], [ -111.852953993680998, 40.471468601043298 ], [ -111.853102097125003, 40.471426607652703 ], [ -111.853283029501, 40.471377975241701 ], [ -111.853422916056005, 40.471348564113697 ], [ -111.853616433829004, 40.471315694405597 ], [ -111.853773073964007, 40.471305077470603 ], [ -111.853896846538007, 40.4713073162117 ], [ -111.854043988784994, 40.471319832932302 ], [ -111.854373546527, 40.471354333856702 ], [ -111.85571762472, 40.471576820179102 ], [ -111.855830905869993, 40.471579585108799 ], [ -111.855848599088006, 40.471579453901001 ], [ -111.855874537942, 40.471578361186602 ], [ -111.855915798460998, 40.471576253662299 ], [ -111.855942893446993, 40.471573350007702 ], [ -111.855978234068999, 40.4715694848461 ], [ -111.856032400684001, 40.471561876846202 ], [ -111.856053586550999, 40.471558116240097 ], [ -111.856118289506, 40.4715441234762 ], [ -111.856181790514995, 40.471528338219201 ], [ -111.856229945603999, 40.471511765027799 ], [ -111.856295690604995, 40.471486954436003 ], [ -111.856321491117995, 40.471475051417102 ], [ -111.856343776524, 40.471464976423597 ], [ -111.856401207616997, 40.471435722510002 ], [ -111.856417594684004, 40.471425691246601 ], [ -111.856451584238997, 40.471408322580999 ], [ -111.856497173739996, 40.4713755526749 ], [ -111.856545053944998, 40.471337360164 ], [ -111.856563743394005, 40.471322807668997 ], [ -111.856582397809007, 40.471305552417299 ], [ -111.856620830432007, 40.4712665295637 ], [ -111.856658071889001, 40.471226614196802 ], [ -111.856666202541007, 40.471216643722798 ], [ -111.856699813904996, 40.471169548759697 ], [ -111.856731054616006, 40.471121569472203 ], [ -111.856749445825002, 40.471083596181302 ], [ -111.856766657546004, 40.4710456310696 ], [ -111.856781511188998, 40.471007683704201 ], [ -111.856787156202003, 40.4709878219616 ], [ -111.856791634304003, 40.470968870475097 ], [ -111.856807140124005, 40.4708894767274 ], [ -111.856799285254993, 40.470642691127999 ], [ -111.856804254734996, 40.470569681850598 ], [ -111.856821043349996, 40.470498387105899 ], [ -111.856850828789007, 40.470428798015099 ], [ -111.857221744068994, 40.469726956261198 ], [ -111.857271431683998, 40.469645507448497 ], [ -111.857336555947995, 40.469572052197499 ], [ -111.857417128541002, 40.469507491248599 ], [ -111.857510812046002, 40.469453643825702 ], [ -111.857614092252007, 40.469412337354498 ], [ -111.857724621862999, 40.469384490342399 ], [ -111.857840040105998, 40.469370120574403 ], [ -111.857981562492, 40.469358439284001 ], [ -111.858088247314001, 40.4693436833915 ], [ -111.858207344156995, 40.469312439186098 ], [ -111.858319245496006, 40.469281248271102 ], [ -111.858403831760995, 40.469318997743699 ], [ -111.858579426348001, 40.4693799450759 ], [ -111.860436547671, 40.470327655545397 ], [ -111.862908463398, 40.469259509409298 ], [ -111.862982865462996, 40.469257062163798 ], [ -111.863229918336003, 40.4693894497466 ], [ -111.863262018734005, 40.4694090297195 ], [ -111.863479654475995, 40.469547042021297 ], [ -111.863531991222999, 40.469580885064801 ], [ -111.863597417321998, 40.469623638859801 ], [ -111.863664022907997, 40.469666383743402 ], [ -111.863717539142996, 40.4697002178426 ], [ -111.863889432671002, 40.469766500070797 ], [ -111.864001831676006, 40.469792686282503 ], [ -111.864251952296001, 40.469980003710702 ], [ -111.864919702386004, 40.470078610647903 ], [ -111.865500436266998, 40.470290477267802 ], [ -111.865761722046997, 40.470428158366502 ], [ -111.865963895088996, 40.470647362051601 ], [ -111.866097367671998, 40.4708445581037 ], [ -111.866295113814999, 40.471086316028298 ], [ -111.866415092804999, 40.471243072651198 ], [ -111.866756689767996, 40.4716630290743 ], [ -111.866960097993001, 40.471977716024199 ], [ -111.867139946102, 40.472111500515197 ], [ -111.867347699478003, 40.4722135437096 ], [ -111.867655424565001, 40.4722923140285 ], [ -111.868022371088003, 40.472389557673402 ], [ -111.868301119218998, 40.472508182961903 ], [ -111.868354674979003, 40.472544717649697 ], [ -111.868455678855, 40.472601615177602 ], [ -111.868562302591002, 40.472636850058599 ], [ -111.868617471725997, 40.472798595699203 ], [ -111.868734522207006, 40.4731850982146 ], [ -111.869035624914005, 40.4736648105687 ], [ -111.869145793401998, 40.473974789428503 ], [ -111.869133585297007, 40.474034339870698 ], [ -111.869132281841999, 40.474299211424999 ], [ -111.869091624091993, 40.474348164942803 ], [ -111.869111884695002, 40.474547109736498 ], [ -111.869126485912005, 40.474673124292302 ], [ -111.869132017737002, 40.474736144806698 ], [ -111.869150872476993, 40.474826092302301 ], [ -111.869222752072005, 40.474911136031899 ], [ -111.869217783490996, 40.474983244731803 ], [ -111.869284170786997, 40.475099861208598 ], [ -111.869462388453996, 40.475197618073501 ], [ -111.869469099767997, 40.475260629895601 ], [ -111.869766149276003, 40.475425059503799 ], [ -111.869885679107995, 40.475545779996203 ], [ -111.870069912792999, 40.475652500163697 ], [ -111.870260742807005, 40.475813223110997 ], [ -111.870310153741002, 40.475893931230203 ], [ -111.870343996871, 40.475956738766698 ], [ -111.870388905447996, 40.4761455874199 ], [ -111.870448642517005, 40.4762036954845 ], [ -111.870539947281998, 40.476513814321201 ], [ -111.870572712433997, 40.476675727603201 ], [ -111.870597235543002, 40.476747614378603 ], [ -111.870669118731996, 40.476832657041001 ], [ -111.870781589602004, 40.476863340841803 ], [ -111.870841560231995, 40.476939464677898 ], [ -111.870918411104, 40.476952399223102 ], [ -111.870978711416001, 40.4769627556039 ], [ -111.871024867754002, 40.4769741191949 ], [ -111.871083814304001, 40.476970971828898 ], [ -111.871122718543006, 40.476968876773597 ], [ -111.871396042645998, 40.476939789937802 ], [ -111.871448950721003, 40.476925877560397 ], [ -111.871490063018996, 40.476912054011599 ], [ -111.871566447665998, 40.476888956447503 ], [ -111.871666413089002, 40.476864779229999 ], [ -111.871701521944999, 40.476842893175998 ], [ -111.871765993135, 40.4768108755245 ], [ -111.871971040784999, 40.476702122950201 ], [ -111.872029601958005, 40.476669249029399 ], [ -111.872222770286996, 40.4765542793535 ], [ -111.872280946980993, 40.476491678739698 ], [ -111.87233327205, 40.476432726335602 ], [ -111.872398081005997, 40.476426831980703 ], [ -111.872463052556995, 40.476433548374601 ], [ -111.872562177156993, 40.476344513221399 ], [ -111.872618892293005, 40.476351291806203 ], [ -111.872651581986005, 40.476415909041201 ], [ -111.872680189734993, 40.476803075422097 ], [ -111.872762996437999, 40.476820467975202 ], [ -111.872853463973001, 40.476882846886902 ], [ -111.872893921398997, 40.476909568095799 ], [ -111.873178898448003, 40.477051557609201 ], [ -111.873214287577994, 40.477051290431802 ], [ -111.873249710845002, 40.477053725093597 ], [ -111.873363048588999, 40.4770600758497 ], [ -111.873435718703007, 40.477023491686502 ], [ -111.873633253742, 40.476972449164002 ], [ -111.873719845047006, 40.4769177412782 ], [ -111.873749732895007, 40.476857156113702 ], [ -111.873761144194006, 40.476827340126803 ], [ -111.874265857246996, 40.476628931664003 ], [ -111.874328341362997, 40.4765347663798 ], [ -111.874380175053005, 40.476528969065598 ], [ -111.874456814821002, 40.476525686380803 ], [ -111.874880540259994, 40.476359418590498 ], [ -111.875172401997006, 40.476122977487798 ], [ -111.875213267258005, 40.476090236532301 ], [ -111.875235212202, 40.476054034504301 ], [ -111.875329075368995, 40.4759235959325 ], [ -111.875351183806998, 40.475900005347597 ], [ -111.875385987236001, 40.475854697160699 ], [ -111.875467272191997, 40.4757549835088 ], [ -111.875497380127001, 40.475711512702702 ], [ -111.875514021417999, 40.475630306898303 ], [ -111.875524041226996, 40.475584285129898 ], [ -111.875630623640006, 40.475524919879099 ], [ -111.875679722859005, 40.4754903144973 ], [ -111.875706314788005, 40.475448672122297 ], [ -111.875823501813002, 40.475388325482697 ], [ -111.875874772260005, 40.475339288672998 ], [ -111.875944728562999, 40.475275696089199 ], [ -111.875931925773003, 40.475198317127003 ], [ -111.876001998857006, 40.475143732163097 ], [ -111.876138187945003, 40.475093151514599 ], [ -111.876279446227002, 40.475069557904497 ], [ -111.876468343965001, 40.475080737997999 ], [ -111.876515305192996, 40.475063265043801 ], [ -111.876583780174002, 40.475067250271799 ], [ -111.876698200389001, 40.475066382432402 ], [ -111.876940087050002, 40.475069952873902 ], [ -111.877208306925993, 40.475012061813203 ], [ -111.877363602282003, 40.474979352432896 ], [ -111.877416519340997, 40.4749663382403 ], [ -111.877469026767997, 40.474921796130403 ], [ -111.877515729281001, 40.474884504911799 ], [ -111.877696512537, 40.474725476478604 ], [ -111.877760638772997, 40.474667332284199 ], [ -111.877813121946005, 40.474620988684798 ], [ -111.877848098748998, 40.4745891913769 ], [ -111.877889032281999, 40.474561854235603 ], [ -111.878029408418001, 40.474470698916797 ], [ -111.878181521043999, 40.474374950028299 ], [ -111.878369256362006, 40.474296947500001 ], [ -111.878451356989004, 40.474260288029697 ], [ -111.878568668880007, 40.474209847485199 ], [ -111.878709219288993, 40.474132203522501 ], [ -111.878868403452998, 40.474126488686103 ], [ -111.878968431757997, 40.474107710288997 ], [ -111.879103730615995, 40.474079654069399 ], [ -111.879209597970004, 40.474056326609102 ], [ -111.879268636149007, 40.474060382281699 ], [ -111.879380812372005, 40.474068537360601 ], [ -111.879509327153002, 40.474063054857098 ], [ -111.879675588243998, 40.474057285346902 ], [ -111.879742647480001, 40.474043261669699 ], [ -111.879892398435004, 40.473947528572097 ], [ -111.880015782038996, 40.473910553203403 ], [ -111.880068686521, 40.473896637465003 ], [ -111.880086085990001, 40.473873982357702 ], [ -111.880155743154006, 40.473787867186701 ], [ -111.880225752456994, 40.473728776421503 ], [ -111.880284083662005, 40.473678783073403 ], [ -111.880301377129001, 40.473648021281903 ], [ -111.880341768079006, 40.473579245911999 ], [ -111.880522775914002, 40.473438229669597 ], [ -111.880592902897007, 40.473388145902199 ], [ -111.880652354301006, 40.473333640102602 ], [ -111.880662616654007, 40.473306534791199 ], [ -111.880702547666999, 40.473202628376299 ], [ -111.880725786184996, 40.473175424608399 ], [ -111.880766540953005, 40.4731345741761 ], [ -111.880813252449002, 40.473098182630899 ], [ -111.880960461171995, 40.473079042449797 ], [ -111.881030468678006, 40.473019951060898 ], [ -111.881164704829999, 40.472910821281801 ], [ -111.881541748415998, 40.472876414777403 ], [ -111.881777423227007, 40.472856599372797 ], [ -111.881954120046998, 40.472837232930303 ], [ -111.882059749348002, 40.472795886855302 ], [ -111.882130227572006, 40.472772826826699 ], [ -111.882170804473006, 40.472718464033697 ], [ -111.882399931463993, 40.472649147855201 ], [ -111.882487678003002, 40.4725935241568 ], [ -111.882615199246999, 40.472512371300702 ], [ -111.882766533931999, 40.472267975248101 ], [ -111.882849383754007, 40.472126713656202 ], [ -111.882899231268993, 40.472041738837099 ], [ -111.882980147018003, 40.471914996337297 ], [ -111.883020663731998, 40.471856128752997 ], [ -111.883159611547001, 40.4716568718855 ], [ -111.883293959089997, 40.4715567474423 ], [ -111.883484769340996, 40.471444479277601 ], [ -111.883550503562006, 40.471329563525998 ], [ -111.883674057845994, 40.471306097068201 ], [ -111.883785580993006, 40.4712647042643 ], [ -111.883980024929997, 40.471249704141599 ], [ -111.884349508295003, 40.471179310810598 ], [ -111.884585114833996, 40.471064896205299 ], [ -111.884790997916994, 40.471022780237298 ], [ -111.884884295145994, 40.4709409858391 ], [ -111.885099903390994, 40.470741139230903 ], [ -111.88536286902, 40.470554443071698 ], [ -111.885631362883004, 40.4703397760846 ], [ -111.886015698093999, 40.469963862039698 ], [ -111.886168263469997, 40.469904134406399 ], [ -111.886238322181001, 40.4698495437719 ], [ -111.886400609125005, 40.469632085603003 ], [ -111.886540015978994, 40.469468856201999 ], [ -111.886625220284998, 40.469220458030897 ], [ -111.886600742092, 40.469153079092798 ], [ -111.886670681327004, 40.469089480650297 ], [ -111.886658704089001, 40.468985970232701 ], [ -111.886715787534001, 40.468931478628299 ], [ -111.886719255928995, 40.468746769556297 ], [ -111.886806591039004, 40.468660515229601 ], [ -111.886840962378997, 40.468493586929597 ], [ -111.886914255923003, 40.4683263595659 ], [ -111.886948337106006, 40.468227000357601 ], [ -111.887023046395001, 40.468077780165999 ], [ -111.887123004632002, 40.468054490258503 ], [ -111.887169827519998, 40.468027104668302 ], [ -111.887380945984006, 40.467935394433503 ], [ -111.887480547590002, 40.4678850810364 ], [ -111.887579972227002, 40.467821255183701 ], [ -111.887774227516999, 40.467792736401201 ], [ -111.888049620440995, 40.467655487284098 ], [ -111.888248763465, 40.467550354963699 ], [ -111.888499496734994, 40.467332214134302 ], [ -111.888709720478005, 40.4671729422871 ], [ -111.888796049475005, 40.467100207389201 ], [ -111.888989580723006, 40.466927549510501 ], [ -111.889124801427997, 40.466894978343802 ], [ -111.889375598479006, 40.466771428648499 ], [ -111.889704941522993, 40.466611238316297 ], [ -111.889998611568998, 40.466518887828997 ], [ -111.890299308237999, 40.4665120679296 ], [ -111.890575762072004, 40.466455884889498 ], [ -111.890769952683002, 40.466422856965501 ], [ -111.891022507737006, 40.466343433923498 ], [ -111.891063620932997, 40.466330504169001 ], [ -111.891127001567995, 40.466217404419702 ], [ -111.891160777324004, 40.466095523779501 ], [ -111.891300403366998, 40.465950305124203 ], [ -111.891334952573004, 40.465886976337899 ], [ -111.891345794339998, 40.465814821648202 ], [ -111.891324886950002, 40.465571742120197 ], [ -111.891375877122002, 40.465413692866498 ], [ -111.891392377377002, 40.465323477157597 ], [ -111.891422618262993, 40.465237659252097 ], [ -111.891516288293005, 40.464971173890902 ], [ -111.891575602253994, 40.464818285948198 ], [ -111.891587101588001, 40.464786936437697 ], [ -111.891603517402004, 40.464743927373199 ], [ -111.891700365670999, 40.4645840828125 ], [ -111.891744285203004, 40.464480141714603 ], [ -111.891758234242999, 40.4644467909159 ], [ -111.891918365231007, 40.464345106348297 ], [ -111.891979305142996, 40.464306348045199 ], [ -111.892185496348006, 40.464200253654198 ], [ -111.892390460455005, 40.4640905641497 ], [ -111.892666067177998, 40.463971320504903 ], [ -111.892900860742003, 40.463887525939803 ], [ -111.893059373862997, 40.463833148436102 ], [ -111.893222855567004, 40.463797651274298 ], [ -111.893394604465996, 40.463762991324003 ], [ -111.893623988376007, 40.4637161734004 ], [ -111.893952798718999, 40.463695613061901 ], [ -111.894205366348999, 40.463707172315601 ], [ -111.894501213013996, 40.463691370180399 ], [ -111.894777368606995, 40.463702745585699 ], [ -111.895061959380001, 40.4637275693051 ], [ -111.895362348825003, 40.463787403582401 ], [ -111.895805691671995, 40.4637758607454 ], [ -111.895852866699002, 40.463775495098098 ], [ -111.896187789180004, 40.463771097077803 ], [ -111.896282387168995, 40.4637712645238 ], [ -111.896309867531997, 40.4637710512864 ], [ -111.896523572245997, 40.463769393912699 ], [ -111.896831219180001, 40.463727367686303 ], [ -111.897219936373006, 40.463688315825003 ], [ -111.897420192409996, 40.463668743069199 ], [ -111.897627092386003, 40.4636166864003 ], [ -111.897956300683006, 40.463537553926002 ], [ -111.898326032881002, 40.463516662740297 ], [ -111.898614263628005, 40.463522530206902 ], [ -111.898898566941, 40.463525725361599 ], [ -111.899694295518003, 40.4635195339375 ], [ -111.900006007328003, 40.463517197202599 ], [ -111.900210166543999, 40.463551553142203 ], [ -111.900306844132999, 40.463521971140203 ], [ -111.900403589994994, 40.463523920355499 ], [ -111.900491862945998, 40.463509719514001 ], [ -111.900527184702995, 40.463504939424503 ], [ -111.900654593658004, 40.463506649430897 ], [ -111.900695835313002, 40.463503625822497 ], [ -111.900839431010994, 40.4634808851944 ], [ -111.900892190863999, 40.463457051028598 ], [ -111.901044823614001, 40.463316223352201 ], [ -111.901159656155002, 40.463171185272202 ], [ -111.901385118020002, 40.462831593374602 ], [ -111.901481751592002, 40.462560572560001 ], [ -111.901655090508996, 40.462292557228302 ], [ -111.901828753717993, 40.462048862815799 ], [ -111.902013534477007, 40.461754631501798 ], [ -111.902186339794994, 40.461446980202197 ], [ -111.902794366291999, 40.460698997581602 ], [ -111.903065824593995, 40.460184270403701 ], [ -111.903146917312, 40.460074629020497 ], [ -111.903268936374999, 40.459938541789001 ], [ -111.903470731224999, 40.459594626160303 ], [ -111.903788703394994, 40.459119172666803 ], [ -111.904108455127002, 40.458688749218801 ], [ -111.904418377493002, 40.4581412856394 ], [ -111.904783869642998, 40.457692484415197 ], [ -111.905291821122006, 40.456874101564303 ], [ -111.905759975438002, 40.456166837897399 ], [ -111.905991832409001, 40.455867727050297 ], [ -111.906806789425005, 40.454640628355101 ], [ -111.906875726140001, 40.454504953915801 ], [ -111.906974143764998, 40.454369048163102 ], [ -111.907088492114994, 40.454102387760202 ], [ -111.907233046315, 40.453889543862402 ], [ -111.907348543609999, 40.453708459334102 ], [ -111.907552238397002, 40.453508663985403 ], [ -111.907721950815002, 40.4534127375629 ], [ -111.908186280104005, 40.453300983183297 ], [ -111.908581130095996, 40.453284367214899 ], [ -111.909175593827996, 40.453203117203003 ], [ -111.909629280776002, 40.453177025007101 ], [ -111.909900131816997, 40.453147867029401 ], [ -111.910128045185004, 40.453083010033602 ], [ -111.910388343715994, 40.453058438032997 ], [ -111.910458578497, 40.453045812640802 ], [ -111.910676577158, 40.453006618541202 ], [ -111.911163995845001, 40.452858634599501 ], [ -111.911387738334994, 40.452834348246803 ], [ -111.911622480695002, 40.452751416804098 ], [ -111.911787323346005, 40.452732099249403 ], [ -111.912129166447997, 40.452720393191498 ], [ -111.913017258904006, 40.452551221457199 ], [ -111.913364813493999, 40.452525953390499 ], [ -111.913606810648005, 40.4524564741901 ], [ -111.914377950539006, 40.456674924649597 ], [ -111.914424841854995, 40.456949052912897 ], [ -111.914465385593004, 40.457223765512701 ], [ -111.914499569195002, 40.457498977352699 ], [ -111.914527382073004, 40.457774603183097 ], [ -111.914548815613003, 40.458050557626898 ], [ -111.914563863175005, 40.4583267552064 ], [ -111.914572520098005, 40.458603110369602 ], [ -111.914574783701994, 40.4588795375169 ], [ -111.914570653284997, 40.4591559510271 ], [ -111.914560130126006, 40.459432265284697 ], [ -111.914543217485004, 40.4597083947057 ], [ -111.9145199206, 40.459984253764603 ], [ -111.914490246688004, 40.460259757020502 ], [ -111.91445420494, 40.460534819143803 ], [ -111.914411806518004, 40.460809354942803 ], [ -111.914363064556994, 40.461083279389598 ], [ -111.914301153566001, 40.461388540184302 ], [ -111.914270803983996, 40.461524994922399 ], [ -111.914204270127001, 40.461801912843498 ], [ -111.914131213369004, 40.462077876281299 ], [ -111.914051657252003, 40.462352796311698 ], [ -111.913965627416999, 40.462626584347703 ], [ -111.913937643099004, 40.462711398846999 ], [ -111.913879792301003, 40.4628804519404 ], [ -111.913819433791005, 40.463048996331402 ], [ -111.913717187882995, 40.463319112227197 ], [ -111.913608527329004, 40.463587773529397 ], [ -111.913537383958001, 40.463755134128 ], [ -111.913463776572002, 40.463921876374201 ], [ -111.913387714440006, 40.464087979274701 ], [ -111.913309207140003, 40.464253421916801 ], [ -111.913228264558995, 40.464418183470997 ], [ -111.913144896890003, 40.464582243193803 ], [ -111.913059114630997, 40.464745580430197 ], [ -111.912970928586006, 40.464908174616397 ], [ -111.912880349860004, 40.465070005282101 ], [ -111.912787389857996, 40.465231052053397 ], [ -111.912692060289004, 40.465391294655198 ], [ -111.912594373155997, 40.465550712913902 ], [ -111.912494340761995, 40.465709286759498 ], [ -111.912391975703997, 40.465866996229003 ], [ -111.912287290872996, 40.466023821467701 ], [ -111.912180299452004, 40.466179742732898 ], [ -111.906864498995006, 40.473823093928303 ], [ -111.906306675745995, 40.4746251160743 ], [ -111.905907162600002, 40.475199411832598 ], [ -111.905510074006997, 40.475770263474097 ], [ -111.903777782576, 40.478260453650698 ], [ -111.903522121074005, 40.478623170500299 ], [ -111.903261439958996, 40.478983812292299 ], [ -111.902995768283006, 40.4793423388696 ], [ -111.902725135652005, 40.479698710311503 ], [ -111.902449572226004, 40.480052886937898 ], [ -111.902169108715, 40.480404829313798 ], [ -111.901883776374007, 40.480754498253297 ], [ -111.901593607, 40.481101854824601 ], [ -111.901298632931997, 40.4814468603536 ], [ -111.900998887040998, 40.481789476428801 ], [ -111.900694402732, 40.482129664905301 ], [ -111.900385213937, 40.482467387908898 ], [ -111.900071355112004, 40.482802607840704 ], [ -111.899752861235001, 40.483135287380698 ], [ -111.899429767799006, 40.4834653894927 ], [ -111.899102110811, 40.483792877427597 ], [ -111.898964707199994, 40.483929259315502 ], [ -111.900497635519997, 40.485380996483201 ], [ -111.900245615862005, 40.4855314258037 ], [ -111.899960020771999, 40.485685810005997 ], [ -111.899566275707997, 40.485914458012701 ], [ -111.899284941326997, 40.486021085176603 ], [ -111.898965632465007, 40.486125009330898 ], [ -111.900857143093006, 40.486130503830601 ], [ -111.905649277842002, 40.486144469641701 ], [ -111.905622986848002, 40.489771054185702 ], [ -111.905799488734004, 40.489771796811603 ], [ -111.905798320924006, 40.4899193988281 ], [ -111.908583877143997, 40.489924775509003 ], [ -111.908584896731995, 40.4897834752337 ], [ -111.915175014013002, 40.489763030136899 ], [ -111.915103213468996, 40.493423778928197 ], [ -111.915055669233993, 40.4950757583808 ], [ -111.915050789584996, 40.496879368228498 ], [ -111.915072391373002, 40.4968798279656 ], [ -111.915397068567998, 40.496865004345203 ], [ -111.915778441135004, 40.496854054674401 ], [ -111.919924001780004, 40.496839236513203 ], [ -111.919924697075999, 40.496950580309097 ], [ -111.919925713968993, 40.497111470176002 ], [ -111.919915294410004, 40.497186687101603 ], [ -111.919892838324003, 40.4973483039158 ], [ -111.919707007434994, 40.497748334750398 ], [ -111.919578959776999, 40.498024393524702 ], [ -111.919440317389999, 40.498250627762701 ], [ -111.919355237050993, 40.498389319890798 ], [ -111.919339140139002, 40.498411789801501 ], [ -111.919314355620998, 40.4984462207889 ], [ -111.919275094751001, 40.498500766311501 ], [ -111.919159954088002, 40.498624653134499 ], [ -111.919037436460002, 40.498770129007298 ], [ -111.918809705450002, 40.498945450359798 ], [ -111.918492151896004, 40.499007342840301 ], [ -111.918294004204995, 40.499076213749397 ], [ -111.918006631349002, 40.499213809856798 ], [ -111.917838990446, 40.499434326718898 ], [ -111.917720218791999, 40.499854991386101 ], [ -111.917626442761005, 40.500421221339202 ], [ -111.917550953735002, 40.501073790457703 ], [ -111.917335162233996, 40.501537296486497 ], [ -111.917256521916997, 40.501681611659798 ], [ -111.917148322535994, 40.5018565210286 ], [ -111.916969874002007, 40.501925413602997 ], [ -111.916573028852, 40.502032974348303 ], [ -111.916314509882994, 40.5020112413102 ], [ -111.916264119784998, 40.5018900212796 ], [ -111.916183708888994, 40.501730932507201 ], [ -111.91595478312, 40.501663558874903 ], [ -111.915686513837002, 40.5016796485247 ], [ -111.915448717204995, 40.501801800637402 ], [ -111.915211480222993, 40.501999892203898 ], [ -111.915073344486004, 40.502152154496301 ], [ -111.915084227574994, 40.502319002522597 ], [ -111.915165473005999, 40.502591776788996 ], [ -111.915285636150003, 40.502758209789803 ], [ -111.915282765135004, 40.502876968570398 ], [ -111.915277676177993, 40.503084302766403 ], [ -111.915249452010997, 40.503334791456098 ], [ -111.915291061974003, 40.503660942421 ], [ -111.915412256384002, 40.503963849867802 ], [ -111.915572951513994, 40.504246625363798 ], [ -111.915752973897, 40.504440420225102 ], [ -111.915953901872996, 40.504557204096997 ], [ -111.916012313028006, 40.504591155170097 ], [ -111.916410678126994, 40.504741506593099 ], [ -111.916621219874003, 40.5050441550719 ], [ -111.916682440060001, 40.505301772743898 ], [ -111.916555012239996, 40.505590616078997 ], [ -111.916347946974, 40.5058643243962 ], [ -111.916242773118995, 40.5060628124128 ], [ -111.916311313676999, 40.506372623218702 ], [ -111.916203546386001, 40.506623382397301 ], [ -111.916066019704999, 40.506881674968703 ], [ -111.915868509819006, 40.507094768237998 ], [ -111.915463088452995, 40.5074072537208 ], [ -111.915176012939, 40.5076131273049 ], [ -111.915017771109007, 40.507719783509103 ], [ -111.914829714193999, 40.5078646030979 ], [ -111.914711510276007, 40.5080167065979 ], [ -111.914494252723998, 40.508244998484102 ], [ -111.914317120221995, 40.508533872172798 ], [ -111.913882935698993, 40.509058827382297 ], [ -111.913805628481995, 40.509415557963102 ], [ -111.913786607554002, 40.509544624892399 ], [ -111.913856651892004, 40.509635420453598 ], [ -111.914036017605994, 40.509710576893603 ], [ -111.914255392486993, 40.509846316009401 ], [ -111.914434407857996, 40.509860845127101 ], [ -111.914672924041, 40.509867695455199 ], [ -111.915240946761003, 40.510123462844 ], [ -111.915281795851996, 40.510297820890202 ], [ -111.915223000219001, 40.510426932563902 ], [ -111.915078251083997, 40.510684379988497 ], [ -111.915036951936997, 40.510867585866301 ], [ -111.915099127931001, 40.511299697109301 ], [ -111.915128195617001, 40.511831618071398 ], [ -111.915037621181995, 40.5126273645377 ], [ -111.914940281534001, 40.5129690286509 ], [ -111.914822877115995, 40.513250042415102 ], [ -111.914844381885999, 40.513538244379099 ], [ -111.914934820675995, 40.5137048223189 ], [ -111.914779105806005, 40.514259016703797 ], [ -111.914717189425005, 40.514523555369699 ], [ -111.914667609608003, 40.514896822778198 ], [ -111.914654309151999, 40.514995214170398 ], [ -111.914566250898005, 40.515177618803598 ], [ -111.914359677907996, 40.515542399264397 ], [ -111.914231250263995, 40.5156642235942 ], [ -111.914014143629004, 40.515922872659097 ], [ -111.913955047957998, 40.5160217166883 ], [ -111.913866381545006, 40.516150883584302 ], [ -111.913807566147995, 40.5162877419422 ], [ -111.913768784978998, 40.516439577072397 ], [ -111.913819078057998, 40.516553140589799 ], [ -111.913849645930995, 40.516674428361 ], [ -111.913890319849997, 40.516818427554902 ], [ -111.913940819542006, 40.516947124438701 ], [ -111.914031244857, 40.517121270112803 ], [ -111.914131719625004, 40.517287769494303 ], [ -111.914232356987995, 40.51749228381 ], [ -111.914481885618002, 40.517673368425001 ], [ -111.914720677583006, 40.517733188767203 ], [ -111.914999397865998, 40.5177777379754 ], [ -111.915248577051003, 40.517898193805301 ], [ -111.915328548670999, 40.517988999908503 ], [ -111.915410712180005, 40.518405817540199 ], [ -111.915520754005996, 40.518511609788 ], [ -111.915601199037994, 40.5186631312137 ], [ -111.915562579566, 40.518852712627101 ], [ -111.915455659385998, 40.519262829854 ], [ -111.915436888190001, 40.519444956551197 ], [ -111.915517052946996, 40.519558463078603 ], [ -111.916045823781005, 40.519890301398497 ], [ -111.916364864946004, 40.520025696222099 ], [ -111.917011863952993, 40.520205423943203 ], [ -111.917210486851999, 40.520166821492303 ], [ -111.917438590662002, 40.520082580131103 ], [ -111.917796557624996, 40.5201115383244 ], [ -111.918412480312995, 40.520063942290903 ], [ -111.918978004818996, 40.519887377981803 ], [ -111.919443377052005, 40.519612600822398 ], [ -111.919680514320007, 40.519369097404699 ], [ -111.919798502643005, 40.519148793586901 ], [ -111.920206697108, 40.519268603672799 ], [ -111.920436687380004, 40.519495415681298 ], [ -111.920567196421999, 40.5197072540183 ], [ -111.920597942160001, 40.519866464724601 ], [ -111.920539864280997, 40.520116922145903 ], [ -111.920441932643001, 40.520344904467002 ], [ -111.920364262506993, 40.5206561468339 ], [ -111.920196772520995, 40.520899547243197 ], [ -111.919939621685998, 40.521112761222 ], [ -111.919692431371004, 40.521303463804799 ], [ -111.919414968729001, 40.5214559390296 ], [ -111.919336623958003, 40.521623135093002 ], [ -111.919507243675, 40.521910780042397 ], [ -111.919766926861001, 40.522106996491402 ], [ -111.920126248483001, 40.5223636793393 ], [ -111.920465436163994, 40.522529172147102 ], [ -111.92091276843, 40.522565607223299 ], [ -111.921171190381003, 40.522557150752903 ], [ -111.921249512694004, 40.5223368014179 ], [ -111.921368443348996, 40.522306034614502 ], [ -111.921590305665006, 40.522222825691401 ], [ -111.921755724136005, 40.522259162602602 ], [ -111.921839915142996, 40.5223811911927 ], [ -111.921936749039006, 40.522607440241202 ], [ -111.921918742309003, 40.522895775426299 ], [ -111.921850302362998, 40.5230704614874 ], [ -111.92174169335, 40.523199793709097 ], [ -111.921712545714001, 40.523321284552203 ], [ -111.921763079542004, 40.523442410535502 ], [ -111.921963071473996, 40.523623783626398 ], [ -111.921924456493002, 40.523821204373597 ], [ -111.921936195677006, 40.524109302172498 ], [ -111.921878405257999, 40.524397774292801 ], [ -111.921880035699999, 40.524663250770701 ], [ -111.921801918203002, 40.524898553280501 ], [ -111.921604092110002, 40.525073821354901 ], [ -111.921495101312999, 40.525089374830401 ], [ -111.921345615361005, 40.525044441951202 ], [ -111.921127368764999, 40.525090685178697 ], [ -111.920948551023002, 40.525136794540003 ], [ -111.920790056765, 40.525235893335299 ], [ -111.920701035516998, 40.525304529049201 ], [ -111.920461348830003, 40.525526883642797 ], [ -111.920389222197002, 40.525561962366901 ], [ -111.920320541501994, 40.525598634782703 ], [ -111.920086789983998, 40.525823463627901 ], [ -111.919979356865994, 40.525944406873499 ], [ -111.919800936179001, 40.526028438070902 ], [ -111.919560199361001, 40.526329806474699 ], [ -111.919397024880993, 40.526613801391399 ], [ -111.919270446867998, 40.527061825066603 ], [ -111.919381342093004, 40.527289044970999 ], [ -111.919432367300004, 40.527523949064197 ], [ -111.919503746534005, 40.527796797654801 ], [ -111.919754847215003, 40.528235780022001 ], [ -111.920025369472995, 40.528583887998899 ], [ -111.920227926094995, 40.528865691849099 ], [ -111.920416053078, 40.529067792008497 ], [ -111.920616161791003, 40.529256733584702 ], [ -111.920795649675995, 40.529362327769597 ], [ -111.921075200901001, 40.529558563371999 ], [ -111.921235214209005, 40.529724851608101 ], [ -111.921415208745003, 40.5298758451613 ], [ -111.921556211904999, 40.530171199434498 ], [ -111.921577392383, 40.530398683272303 ], [ -111.921489275737997, 40.530611362466097 ], [ -111.921321392289997, 40.530801616072097 ], [ -111.921024062507001, 40.530954342797997 ], [ -111.920856756674993, 40.531212877564897 ], [ -111.920610962341996, 40.531646087334401 ], [ -111.920284590924993, 40.531920302412402 ], [ -111.919808654503996, 40.5321192226357 ], [ -111.919172477500993, 40.532144194473503 ], [ -111.918515783876003, 40.532032843560103 ], [ -111.918077553341007, 40.531897861480303 ], [ -111.917719610633, 40.531883948890602 ], [ -111.917431371801001, 40.531907769001201 ], [ -111.917193399997004, 40.532007223060397 ], [ -111.917075396403007, 40.532219956548801 ], [ -111.917086408849997, 40.532386802135903 ], [ -111.917257165110996, 40.5326744486851 ], [ -111.917399946935006, 40.533265552514102 ], [ -111.917401561207996, 40.533531029368298 ], [ -111.917462784090006, 40.533803869887301 ], [ -111.917624087378996, 40.534159786754103 ], [ -111.917795768904, 40.534583908742903 ], [ -111.917817561134996, 40.534917600701199 ], [ -111.917810711480996, 40.535410706466202 ], [ -111.917703437363997, 40.535752360968402 ], [ -111.917576135309005, 40.536071471786499 ], [ -111.917468222490001, 40.536314575217098 ], [ -111.917390359216, 40.536587889126501 ], [ -111.917391438991004, 40.5367622909936 ], [ -111.917422105678995, 40.5368896114772 ], [ -111.917442510011995, 40.536974492575602 ], [ -111.917522950551998, 40.537141056654797 ], [ -111.917603585129001, 40.537330411715701 ], [ -111.917654671421005, 40.5375350457956 ], [ -111.91762635293, 40.5377702198222 ], [ -111.917517802307003, 40.537914771740503 ], [ -111.917319600718002, 40.538014091267399 ], [ -111.917120495424001, 40.537969276285601 ], [ -111.916911265218005, 40.537909316982599 ], [ -111.916682479586001, 40.537887349118101 ], [ -111.916494476569994, 40.538024603436099 ], [ -111.916445859747, 40.538191651666402 ], [ -111.916496633424998, 40.538373496178799 ], [ -111.916656243389994, 40.538448804729597 ], [ -111.917154320587002, 40.538613946511703 ], [ -111.917573808672003, 40.538938625354596 ], [ -111.918072632369999, 40.539209881187197 ], [ -111.918332795256006, 40.539497175536098 ], [ -111.918423382266994, 40.539671315872802 ], [ -111.918345622299995, 40.539952197220401 ], [ -111.918108408674001, 40.540195697539602 ], [ -111.917820994495997, 40.540325725808302 ], [ -111.917413533954004, 40.540372744930401 ], [ -111.917195206509007, 40.540434206638601 ], [ -111.917036509233, 40.540495464854303 ], [ -111.916849739604004, 40.540844955716999 ], [ -111.916655712486005, 40.541181892599901 ], [ -111.916546451296, 40.541491489925797 ], [ -111.916532724139998, 40.541749250176601 ], [ -111.916599077300006, 40.542016914779097 ], [ -111.916664928301998, 40.542109092428397 ], [ -111.916674905890005, 40.542208650809897 ], [ -111.916592528582001, 40.542472090011003 ], [ -111.916444231100996, 40.5425863268879 ], [ -111.916407275308998, 40.542664725836502 ], [ -111.916362252645001, 40.542913815367903 ], [ -111.916354122892002, 40.543105766595097 ], [ -111.916458164869994, 40.543340070492903 ], [ -111.916580022236005, 40.543460451711901 ], [ -111.916841521815996, 40.5435591855029 ], [ -111.916907319817, 40.543630012837397 ], [ -111.916955067968999, 40.5438147635953 ], [ -111.916965369848995, 40.543964047476898 ], [ -111.916947547274006, 40.544120581290798 ], [ -111.916738985414, 40.544249620313799 ], [ -111.916323381644006, 40.544264088729904 ], [ -111.915416844080994, 40.544259383337803 ], [ -111.915290893990004, 40.544272002498197 ], [ -111.915260585729996, 40.544275035437899 ], [ -111.914530579696006, 40.544277843108503 ], [ -111.911654952096995, 40.544288678545101 ], [ -111.911471405412001, 40.544288024013902 ], [ -111.911287909772, 40.544284670293301 ], [ -111.911104533910006, 40.544278618638998 ], [ -111.910921346514002, 40.544269871316999 ], [ -111.910818035765004, 40.544271316451798 ], [ -111.910760965307006, 40.544271976066497 ], [ -111.910704042250003, 40.544268792073701 ], [ -111.910566382618995, 40.544253931144397 ], [ -111.910216142964998, 40.5441857018928 ], [ -111.908796858714993, 40.5440329152188 ], [ -111.908688703924994, 40.544032332969202 ], [ -111.908580680040004, 40.544036417139999 ], [ -111.908405266912993, 40.544041670704203 ], [ -111.908272138032004, 40.5440354428248 ], [ -111.908138854575995, 40.544031569016397 ], [ -111.908005488620006, 40.5440300513743 ], [ -111.907872112286, 40.544030890719199 ], [ -111.907738797698002, 40.5440340865973 ], [ -111.907605616948999, 40.544039637279901 ], [ -111.907472642059005, 40.544047539764797 ], [ -111.907339944935998, 40.544057789777803 ], [ -111.907197944030003, 40.544071386172597 ], [ -111.907056433608005, 40.544087669962401 ], [ -111.906915501731007, 40.544106631011701 ], [ -111.906775236100003, 40.544128257519098 ], [ -111.906197157638999, 40.544223151193499 ], [ -111.905892799436998, 40.544273104268399 ], [ -111.905681610005004, 40.544305119762001 ], [ -111.905465017325, 40.544332411244199 ], [ -111.905247367254006, 40.544354312820801 ], [ -111.905028892003997, 40.544370801130299 ], [ -111.904809824666998, 40.544381858585297 ], [ -111.904669581196998, 40.544386094723798 ], [ -111.904529251895994, 40.544388104381603 ], [ -111.904388897969, 40.5443878866826 ], [ -111.904248580632995, 40.544385441721602 ], [ -111.901219899872999, 40.544308298783697 ] ] ] } },
{ "type": "Feature", "properties": { "OBJECTID": 243, "NAME": "Draper", "COUNTYNBR": "25", "FIPS": "20120", "county": "Utah" }, "geometry": { "type": "Polygon", "coordinates": [ [ [ -111.849844543597001, 40.460786573053802 ], [ -111.849844389086996, 40.464501850684996 ], [ -111.853791164236995, 40.464518259529001 ], [ -111.860097250395, 40.464518172048102 ], [ -111.863213314774001, 40.4645180948187 ], [ -111.868947446286001, 40.464517920540104 ], [ -111.872635221867995, 40.4645177045713 ], [ -111.872596247561006, 40.471740889104197 ], [ -111.875510262866996, 40.471717140557502 ], [ -111.876977826173999, 40.4717052040941 ], [ -111.882733656490998, 40.471658053437103 ], [ -111.882575623967995, 40.471832321477201 ], [ -111.882849383754007, 40.472126713656202 ], [ -111.882766533931999, 40.472267975248101 ], [ -111.882615199246999, 40.472512371300702 ], [ -111.882487678003002, 40.4725935241568 ], [ -111.882399931463993, 40.472649147855201 ], [ -111.882170804473006, 40.472718464033697 ], [ -111.882130227572006, 40.472772826826699 ], [ -111.882059749348002, 40.472795886855302 ], [ -111.881954120046998, 40.472837232930303 ], [ -111.881777423227007, 40.472856599372797 ], [ -111.881541748415998, 40.472876414777403 ], [ -111.881164704829999, 40.472910821281801 ], [ -111.881030468678006, 40.473019951060898 ], [ -111.880960461171995, 40.473079042449797 ], [ -111.880813252449002, 40.473098182630899 ], [ -111.880766540953005, 40.4731345741761 ], [ -111.880725786184996, 40.473175424608399 ], [ -111.880702547666999, 40.473202628376299 ], [ -111.880662616654007, 40.473306534791199 ], [ -111.880652354301006, 40.473333640102602 ], [ -111.880592902897007, 40.473388145902199 ], [ -111.880522775914002, 40.473438229669597 ], [ -111.880341768079006, 40.473579245911999 ], [ -111.880301377129001, 40.473648021281903 ], [ -111.880284083662005, 40.473678783073403 ], [ -111.880225752456994, 40.473728776421503 ], [ -111.880155743154006, 40.473787867186701 ], [ -111.880086085990001, 40.473873982357702 ], [ -111.880068686521, 40.473896637465003 ], [ -111.880015782038996, 40.473910553203403 ], [ -111.879892398435004, 40.473947528572097 ], [ -111.879742647480001, 40.474043261669699 ], [ -111.879675588243998, 40.474057285346902 ], [ -111.879509327153002, 40.474063054857098 ], [ -111.879380812372005, 40.474068537360601 ], [ -111.879268636149007, 40.474060382281699 ], [ -111.879209597970004, 40.474056326609102 ], [ -111.879103730615995, 40.474079654069399 ], [ -111.878968431757997, 40.474107710288997 ], [ -111.878868403452998, 40.474126488686103 ], [ -111.878709219288993, 40.474132203522501 ], [ -111.878568668880007, 40.474209847485199 ], [ -111.878451356989004, 40.474260288029697 ], [ -111.878369256362006, 40.474296947500001 ], [ -111.878181521043999, 40.474374950028299 ], [ -111.878029408418001, 40.474470698916797 ], [ -111.877889032281999, 40.474561854235603 ], [ -111.877848098748998, 40.4745891913769 ], [ -111.877813121946005, 40.474620988684798 ], [ -111.877760638772997, 40.474667332284199 ], [ -111.877696512537, 40.474725476478604 ], [ -111.877515729281001, 40.474884504911799 ], [ -111.877469026767997, 40.474921796130403 ], [ -111.877416519340997, 40.4749663382403 ], [ -111.877363602282003, 40.474979352432896 ], [ -111.877208306925993, 40.475012061813203 ], [ -111.876940087050002, 40.475069952873902 ], [ -111.876698200389001, 40.475066382432402 ], [ -111.876583780174002, 40.475067250271799 ], [ -111.876515305192996, 40.475063265043801 ], [ -111.876468343965001, 40.475080737997999 ], [ -111.876279446227002, 40.475069557904497 ], [ -111.876138187945003, 40.475093151514599 ], [ -111.876001998857006, 40.475143732163097 ], [ -111.875931925773003, 40.475198317127003 ], [ -111.875944728562999, 40.475275696089199 ], [ -111.875874772260005, 40.475339288672998 ], [ -111.875823501813002, 40.475388325482697 ], [ -111.875706314788005, 40.475448672122297 ], [ -111.875679722859005, 40.4754903144973 ], [ -111.875630623640006, 40.475524919879099 ], [ -111.875524041226996, 40.475584285129898 ], [ -111.875514021417999, 40.475630306898303 ], [ -111.875497380127001, 40.475711512702702 ], [ -111.875467272191997, 40.4757549835088 ], [ -111.875385987236001, 40.475854697160699 ], [ -111.875351183806998, 40.475900005347597 ], [ -111.875329075368995, 40.4759235959325 ], [ -111.875235212202, 40.476054034504301 ], [ -111.875213267258005, 40.476090236532301 ], [ -111.875172401997006, 40.476122977487798 ], [ -111.874880540259994, 40.476359418590498 ], [ -111.874456814821002, 40.476525686380803 ], [ -111.874380175053005, 40.476528969065598 ], [ -111.874328341362997, 40.4765347663798 ], [ -111.874265857246996, 40.476628931664003 ], [ -111.873761144194006, 40.476827340126803 ], [ -111.873749732895007, 40.476857156113702 ], [ -111.873719845047006, 40.4769177412782 ], [ -111.873633253742, 40.476972449164002 ], [ -111.873435718703007, 40.477023491686502 ], [ -111.873363048588999, 40.4770600758497 ], [ -111.873249710845002, 40.477053725093597 ], [ -111.873214287577994, 40.477051290431802 ], [ -111.873178898448003, 40.477051557609201 ], [ -111.872893921398997, 40.476909568095799 ], [ -111.872853463973001, 40.476882846886902 ], [ -111.872762996437999, 40.476820467975202 ], [ -111.872680189734993, 40.476803075422097 ], [ -111.872651581986005, 40.476415909041201 ], [ -111.872618892293005, 40.476351291806203 ], [ -111.872562177156993, 40.476344513221399 ], [ -111.872463052556995, 40.476433548374601 ], [ -111.872398081005997, 40.476426831980703 ], [ -111.87233327205, 40.476432726335602 ], [ -111.872280946980993, 40.476491678739698 ], [ -111.872222770286996, 40.4765542793535 ], [ -111.872029601958005, 40.476669249029399 ], [ -111.871971040784999, 40.476702122950201 ], [ -111.871765993135, 40.4768108755245 ], [ -111.871701521944999, 40.476842893175998 ], [ -111.871666413089002, 40.476864779229999 ], [ -111.871566447665998, 40.476888956447503 ], [ -111.871490063018996, 40.476912054011599 ], [ -111.871448950721003, 40.476925877560397 ], [ -111.871396042645998, 40.476939789937802 ], [ -111.871122718543006, 40.476968876773597 ], [ -111.871083814304001, 40.476970971828898 ], [ -111.871024867754002, 40.4769741191949 ], [ -111.870978711416001, 40.4769627556039 ], [ -111.870918411104, 40.476952399223102 ], [ -111.870841560231995, 40.476939464677898 ], [ -111.870781589602004, 40.476863340841803 ], [ -111.870669118731996, 40.476832657041001 ], [ -111.870597235543002, 40.476747614378603 ], [ -111.870572712433997, 40.476675727603201 ], [ -111.870539947281998, 40.476513814321201 ], [ -111.870448642517005, 40.4762036954845 ], [ -111.870388905447996, 40.4761455874199 ], [ -111.870343996871, 40.475956738766698 ], [ -111.870310153741002, 40.475893931230203 ], [ -111.870260742807005, 40.475813223110997 ], [ -111.870069912792999, 40.475652500163697 ], [ -111.869885679107995, 40.475545779996203 ], [ -111.869766149276003, 40.475425059503799 ], [ -111.869469099767997, 40.475260629895601 ], [ -111.869462388453996, 40.475197618073501 ], [ -111.869284170786997, 40.475099861208598 ], [ -111.869217783490996, 40.474983244731803 ], [ -111.869222752072005, 40.474911136031899 ], [ -111.869150872476993, 40.474826092302301 ], [ -111.869132017737002, 40.474736144806698 ], [ -111.869126485912005, 40.474673124292302 ], [ -111.869111884695002, 40.474547109736498 ], [ -111.869091624091993, 40.474348164942803 ], [ -111.869132281841999, 40.474299211424999 ], [ -111.869133585297007, 40.474034339870698 ], [ -111.869145793401998, 40.473974789428503 ], [ -111.869035624914005, 40.4736648105687 ], [ -111.868734522207006, 40.4731850982146 ], [ -111.868617471725997, 40.472798595699203 ], [ -111.868562302591002, 40.472636850058599 ], [ -111.868455678855, 40.472601615177602 ], [ -111.868354674979003, 40.472544717649697 ], [ -111.868301119218998, 40.472508182961903 ], [ -111.868022371088003, 40.472389557673402 ], [ -111.867655424565001, 40.4722923140285 ], [ -111.867347699478003, 40.4722135437096 ], [ -111.867139946102, 40.472111500515197 ], [ -111.866960097993001, 40.471977716024199 ], [ -111.866756689767996, 40.4716630290743 ], [ -111.866415092804999, 40.471243072651198 ], [ -111.866295113814999, 40.471086316028298 ], [ -111.866097367671998, 40.4708445581037 ], [ -111.865963895088996, 40.470647362051601 ], [ -111.865761722046997, 40.470428158366502 ], [ -111.865500436266998, 40.470290477267802 ], [ -111.864919702386004, 40.470078610647903 ], [ -111.864251952296001, 40.469980003710702 ], [ -111.864001831676006, 40.469792686282503 ], [ -111.863889432671002, 40.469766500070797 ], [ -111.863717539142996, 40.4697002178426 ], [ -111.863664022907997, 40.469666383743402 ], [ -111.863597417321998, 40.469623638859801 ], [ -111.863531991222999, 40.469580885064801 ], [ -111.863479654475995, 40.469547042021297 ], [ -111.863262018734005, 40.4694090297195 ], [ -111.863229918336003, 40.4693894497466 ], [ -111.862982865462996, 40.469257062163798 ], [ -111.862908463398, 40.469259509409298 ], [ -111.860436547671, 40.470327655545397 ], [ -111.858579426348001, 40.4693799450759 ], [ -111.858403831760995, 40.469318997743699 ], [ -111.858319245496006, 40.469281248271102 ], [ -111.858207344156995, 40.469312439186098 ], [ -111.858088247314001, 40.4693436833915 ], [ -111.857981562492, 40.469358439284001 ], [ -111.857840040105998, 40.469370120574403 ], [ -111.857724621862999, 40.469384490342399 ], [ -111.857614092252007, 40.469412337354498 ], [ -111.857510812046002, 40.469453643825702 ], [ -111.857417128541002, 40.469507491248599 ], [ -111.857336555947995, 40.469572052197499 ], [ -111.857271431683998, 40.469645507448497 ], [ -111.857221744068994, 40.469726956261198 ], [ -111.856850828789007, 40.470428798015099 ], [ -111.856821043349996, 40.470498387105899 ], [ -111.856804254734996, 40.470569681850598 ], [ -111.856799285254993, 40.470642691127999 ], [ -111.856807140124005, 40.4708894767274 ], [ -111.856791634304003, 40.470968870475097 ], [ -111.856787156202003, 40.4709878219616 ], [ -111.856781511188998, 40.471007683704201 ], [ -111.856766657546004, 40.4710456310696 ], [ -111.856749445825002, 40.471083596181302 ], [ -111.856731054616006, 40.471121569472203 ], [ -111.856699813904996, 40.471169548759697 ], [ -111.856666202541007, 40.471216643722798 ], [ -111.856658071889001, 40.471226614196802 ], [ -111.856620830432007, 40.4712665295637 ], [ -111.856582397809007, 40.471305552417299 ], [ -111.856563743394005, 40.471322807668997 ], [ -111.856545053944998, 40.471337360164 ], [ -111.856497173739996, 40.4713755526749 ], [ -111.856451584238997, 40.471408322580999 ], [ -111.856417594684004, 40.471425691246601 ], [ -111.856401207616997, 40.471435722510002 ], [ -111.856343776524, 40.471464976423597 ], [ -111.856321491117995, 40.471475051417102 ], [ -111.856295690604995, 40.471486954436003 ], [ -111.856229945603999, 40.471511765027799 ], [ -111.856181790514995, 40.471528338219201 ], [ -111.856118289506, 40.4715441234762 ], [ -111.856053586550999, 40.471558116240097 ], [ -111.856032400684001, 40.471561876846202 ], [ -111.855978234068999, 40.4715694848461 ], [ -111.855942893446993, 40.471573350007702 ], [ -111.855915798460998, 40.471576253662299 ], [ -111.855874537942, 40.471578361186602 ], [ -111.855848599088006, 40.471579453901001 ], [ -111.855830905869993, 40.471579585108799 ], [ -111.85571762472, 40.471576820179102 ], [ -111.854373546527, 40.471354333856702 ], [ -111.854043988784994, 40.471319832932302 ], [ -111.853896846538007, 40.4713073162117 ], [ -111.853773073964007, 40.471305077470603 ], [ -111.853616433829004, 40.471315694405597 ], [ -111.853422916056005, 40.471348564113697 ], [ -111.853283029501, 40.471377975241701 ], [ -111.853102097125003, 40.471426607652703 ], [ -111.852953993680998, 40.471468601043298 ], [ -111.852822362644005, 40.471497950615003 ], [ -111.852715382276998, 40.471517658447397 ], [ -111.852620429452998, 40.471518358906003 ], [ -111.852513130183993, 40.471512844075797 ], [ -111.852389322574993, 40.471498622372003 ], [ -111.852245277719007, 40.471469775081097 ], [ -111.852133989031998, 40.471447352869298 ], [ -111.852031492156001, 40.471429820199297 ], [ -111.851946453140002, 40.471412159050097 ], [ -111.851876574092003, 40.471399340978202 ], [ -111.8518113043, 40.471396578774602 ], [ -111.851754707742003, 40.471398617283597 ], [ -111.851687280196998, 40.471402447602898 ], [ -111.851635229113995, 40.471409497986599 ], [ -111.851574414067997, 40.471423188726703 ], [ -111.851515862775997, 40.471438574917499 ], [ -111.851459497085003, 40.471458990060299 ], [ -111.851403228413005, 40.471477692660201 ], [ -111.851351206076004, 40.471496363819497 ], [ -111.851299287944002, 40.4715233229362 ], [ -111.851258297818006, 40.471546867222699 ], [ -111.851219430409998, 40.471570396466603 ], [ -111.851182708180005, 40.471595621835199 ], [ -111.851146103629006, 40.471620845827601 ], [ -111.851111545440006, 40.471649298747501 ], [ -111.851079347124994, 40.4716778234095 ], [ -111.851040627041002, 40.471712973353597 ], [ -111.851010475986996, 40.471744816442701 ], [ -111.850982544670003, 40.471774931953298 ], [ -111.850954773252994, 40.471808378885399 ], [ -111.850935612187996, 40.471841762930701 ], [ -111.850918594503, 40.471876752880398 ], [ -111.850903861234002, 40.471915059207397 ], [ -111.850889127965004, 40.471953455033898 ], [ -111.850878884476003, 40.472001728259301 ], [ -111.850870658603, 40.472041608313603 ], [ -111.850873454159995, 40.472094830429398 ], [ -111.850874439611999, 40.472172930504001 ], [ -111.850882665485003, 40.472263860014301 ], [ -111.850906213922002, 40.472353775286699 ], [ -111.850942703488997, 40.472440893426501 ], [ -111.851013214052003, 40.472578390391803 ], [ -111.851071190422005, 40.472713547927199 ], [ -111.851109933862006, 40.472811008954203 ], [ -111.851135966141001, 40.472901356744302 ], [ -111.851162146641002, 40.472994135805003 ], [ -111.851169332265002, 40.473068046529697 ], [ -111.851154726556999, 40.473153918665403 ], [ -111.851130891558, 40.473237516479998 ], [ -111.851078713812996, 40.473309431537302 ], [ -111.851007690310993, 40.4733742778904 ], [ -111.850936665014004, 40.473429665184703 ], [ -111.850871562308001, 40.473468252167798 ], [ -111.850803391856005, 40.473506861679503 ], [ -111.850713400428006, 40.473545721959702 ], [ -111.850648176449994, 40.473574760381098 ], [ -111.850567533789004, 40.473615894137097 ], [ -111.850486830042001, 40.473652253284101 ], [ -111.850415592741001, 40.4736908852406 ], [ -111.850338105861994, 40.473739112115702 ], [ -111.850260978308, 40.473806435884399 ], [ -111.850205732815994, 40.473878372883 ], [ -111.850166086569999, 40.4739525375238 ], [ -111.850126742157002, 40.474050573498602 ], [ -111.850108918683006, 40.474124577362602 ], [ -111.850100591301, 40.474203286671802 ], [ -111.850117153539003, 40.474281812068803 ], [ -111.850140058782998, 40.474367498832301 ], [ -111.850159746260005, 40.474441226959001 ], [ -111.850182591315999, 40.474522138997102 ], [ -111.850202277896003, 40.474595866954097 ], [ -111.850200085108, 40.474674531293701 ], [ -111.850182649706994, 40.474769973618201 ], [ -111.850158454482994, 40.474834565041498 ], [ -111.850118748048999, 40.474903955498 ], [ -111.850035366423995, 40.4749713245658 ], [ -111.849951656914996, 40.475022030357003 ], [ -111.849867943812001, 40.475063095575898 ], [ -111.849780925806996, 40.475094725924897 ], [ -111.849678338201002, 40.475126471059802 ], [ -111.849550531291996, 40.475141734768002 ], [ -111.848671031221997, 40.475195853014597 ], [ -111.848471594448995, 40.475218758460301 ], [ -111.848331494096001, 40.475250777554301 ], [ -111.848228995423, 40.475289727708898 ], [ -111.848145223032006, 40.475335567228598 ], [ -111.848049185940994, 40.475391136038802 ], [ -111.847974969827007, 40.475446454702698 ], [ -111.847861588065996, 40.475539357346697 ], [ -111.847608231714005, 40.475730673316797 ], [ -111.847370128757007, 40.475906201097096 ], [ -111.847137245010998, 40.476093401706201 ], [ -111.846982820121994, 40.476215522499402 ], [ -111.846876431745002, 40.476292517626803 ], [ -111.846792776133995, 40.476347814364999 ], [ -111.846726710434993, 40.476385325484699 ], [ -111.846653052174005, 40.476428837537398 ], [ -111.846571868726997, 40.476474386550102 ], [ -111.846492989458994, 40.476506135132503 ], [ -111.846406443967993, 40.476538029931099 ], [ -111.846325039535003, 40.476566012691301 ], [ -111.846246062350005, 40.476590014402497 ], [ -111.846159466553004, 40.476617945208503 ], [ -111.846075295310001, 40.476632255343198 ], [ -111.845991029743004, 40.476648457593598 ], [ -111.845904238112993, 40.476660803854699 ], [ -111.845807252401997, 40.476669351527697 ], [ -111.845712694837005, 40.4766739174839 ], [ -111.845574585150004, 40.476676909749798 ], [ -111.845472381125006, 40.476673783552798 ], [ -111.845329601995999, 40.4766619456855 ], [ -111.845190720656007, 40.476650438543999 ], [ -111.844955136574001, 40.476622882212197 ], [ -111.844558532172996, 40.4765965025504 ], [ -111.844440971449004, 40.4766012352422 ], [ -111.844246785329005, 40.476610491528099 ], [ -111.844036742146997, 40.476634728286101 ], [ -111.843934763598995, 40.4766496165077 ], [ -111.843866595842002, 40.476660745088999 ], [ -111.843834101083999, 40.476666027166999 ], [ -111.843734357543994, 40.476689818379299 ], [ -111.843727165632004, 40.476671312661303 ], [ -111.84357811177, 40.476299521714303 ], [ -111.843555414037994, 40.476248607106697 ], [ -111.843527661485993, 40.476199170496002 ], [ -111.843495093963, 40.476151481116197 ], [ -111.843460105481, 40.476108313280903 ], [ -111.843421133869001, 40.476067336850498 ], [ -111.843378413587999, 40.476028549779102 ], [ -111.843338059469005, 40.475990195915799 ], [ -111.843303915402998, 40.475948463651299 ], [ -111.843276342514002, 40.475903980959302 ], [ -111.843255822298005, 40.475857374447997 ], [ -111.843242597300005, 40.475809273460499 ], [ -111.843236794182999, 40.475760307341297 ], [ -111.843238537812994, 40.475711105437099 ], [ -111.843247721289998, 40.475662480912398 ], [ -111.843264467683994, 40.475614881351397 ], [ -111.843284987001994, 40.475557705526903 ], [ -111.843297703553006, 40.475499145219501 ], [ -111.843302269689005, 40.475439833193498 ], [ -111.843298815666998, 40.475380579881801 ], [ -111.843287345079005, 40.475321834919399 ], [ -111.843267987282999, 40.475264409427702 ], [ -111.843240865347994, 40.4752087523621 ], [ -111.843206342193, 40.475155581231398 ], [ -111.842938722392006, 40.474792222518602 ], [ -111.842881919221995, 40.474721465946701 ], [ -111.842817964564006, 40.474654185462697 ], [ -111.842747570781, 40.474590915451202 ], [ -111.842670978623005, 40.474531925161003 ], [ -111.842588665096002, 40.474477661510299 ], [ -111.842501104508003, 40.474428300130199 ], [ -111.842408891546, 40.474384287939202 ], [ -111.842312619097001, 40.474345801250898 ], [ -111.842142205094007, 40.474283890124198 ], [ -111.842099869291999, 40.474351224963499 ], [ -111.842049470210995, 40.474415194945898 ], [ -111.841991351906998, 40.474475167304298 ], [ -111.841925984198994, 40.474530777827098 ], [ -111.841854182755995, 40.4745813910164 ], [ -111.841776296126, 40.474626551777099 ], [ -111.841693264845006, 40.474665895215601 ], [ -111.841605674613007, 40.474699145271998 ], [ -111.841514462373993, 40.4747258447997 ], [ -111.841420219219003, 40.474745900188999 ], [ -111.841324000669005, 40.474759033325697 ], [ -111.841226515494, 40.474765147862897 ], [ -111.841128823706995, 40.474764147451403 ], [ -111.840675086453999, 40.474743395059399 ], [ -111.840589904604997, 40.474742753401799 ], [ -111.840505153948001, 40.474748414201898 ], [ -111.840421544150999, 40.474760373357903 ], [ -111.840339900767006, 40.4747786247164 ], [ -111.840260927174995, 40.474802892202703 ], [ -111.840185446234003, 40.474832900423998 ], [ -111.840114163118997, 40.474868462820702 ], [ -111.840047898891996, 40.474909124279797 ], [ -111.839993045065995, 40.474862046256597 ], [ -111.839676921629007, 40.474590382443701 ], [ -111.839457912363002, 40.474737376871303 ], [ -111.839185348233997, 40.474458368653202 ], [ -111.839135444125006, 40.474401344229797 ], [ -111.838463417156007, 40.474784415348203 ], [ -111.838460138306004, 40.474786330752998 ], [ -111.838456857658002, 40.474788156640102 ], [ -111.838453927353996, 40.474789709190702 ], [ -111.838450998846, 40.474791351942301 ], [ -111.838446896240001, 40.474793453898897 ], [ -111.838443614694, 40.474795189584803 ], [ -111.838440566710005, 40.474796742818597 ], [ -111.838437636405999, 40.474798296052299 ], [ -111.838434587524006, 40.474799759085101 ], [ -111.838431538641998, 40.474801222801098 ], [ -111.838427903159996, 40.474802961220199 ], [ -111.838423446617995, 40.474805065226398 ], [ -111.838419458996, 40.474806986097398 ], [ -111.838416293332997, 40.474808540697602 ], [ -111.838413243553006, 40.4748099142125 ], [ -111.838410075195, 40.474811288410599 ], [ -111.838407024516002, 40.474812661925498 ], [ -111.838402682958005, 40.474814495328602 ], [ -111.838399163359, 40.4748160519786 ], [ -111.838395994102996, 40.4748173366591 ], [ -111.838392824845997, 40.474818620656102 ], [ -111.838388481492004, 40.4748203638581 ], [ -111.838383668318997, 40.474822290878599 ], [ -111.838380028345, 40.4748236684933 ], [ -111.838376858190998, 40.474824862289303 ], [ -111.838373570357007, 40.474826057451999 ], [ -111.838370399303997, 40.474827251931202 ], [ -111.838367111470006, 40.474828447093799 ], [ -111.838362647740993, 40.474830010577001 ], [ -111.838359006868998, 40.474831298673898 ], [ -111.838355717238997, 40.474832402952103 ], [ -111.838352427608001, 40.474833507913701 ], [ -111.838347845301996, 40.474834982562498 ], [ -111.838342792277999, 40.474836550828897 ], [ -111.838337034976007, 40.474838394481402 ], [ -111.838332567654007, 40.474839688044803 ], [ -111.838327748192, 40.474841074542603 ], [ -111.838323986945994, 40.474842182920703 ], [ -111.838320576941001, 40.474843108163597 ], [ -111.838317285513995, 40.474844033406498 ], [ -111.838313876407994, 40.4748449586493 ], [ -111.838310465505003, 40.474845794374602 ], [ -111.838307054601003, 40.474846630099897 ], [ -111.838302351023003, 40.4748478355123 ], [ -111.838298469402005, 40.474848764171803 ], [ -111.838293764027, 40.4748498793832 ], [ -111.838288587036004, 40.474850998011298 ], [ -111.838284704516994, 40.474851837153203 ], [ -111.838280821997998, 40.4748526762951 ], [ -111.838275998045006, 40.474853701988799 ], [ -111.838272586244003, 40.474854447513103 ], [ -111.838269054967, 40.474855103519801 ], [ -111.838265524587001, 40.474855760209799 ], [ -111.838262111888, 40.474856415533097 ], [ -111.838258580610002, 40.474857071539702 ], [ -111.838255048435002, 40.474857637345501 ], [ -111.838251517157005, 40.4748582940354 ], [ -111.838247984982004, 40.474858859841099 ], [ -111.838244453703993, 40.474859426330198 ], [ -111.838239742938995, 40.474860091220201 ], [ -111.838235739148004, 40.474860660442602 ], [ -111.838229969268994, 40.474861513251199 ], [ -111.838225257605004, 40.474862087940302 ], [ -111.838221488274002, 40.474862565595103 ], [ -111.838217953403003, 40.474862951682297 ], [ -111.838213714253001, 40.474863522954699 ], [ -111.838208648654003, 40.474864100377197 ], [ -111.838203934294995, 40.474864494664502 ], [ -111.838200164065995, 40.474864882801697 ], [ -111.838194389695005, 40.474865374806598 ], [ -111.838189676235004, 40.474865769093903 ], [ -111.838185904208999, 40.474866067030199 ], [ -111.838181543786007, 40.474866369066604 ], [ -111.838177182465998, 40.474866670419502 ], [ -111.838173291862006, 40.474866878838299 ], [ -111.838169754296999, 40.474866995006103 ], [ -111.838166217628995, 40.474867200691499 ], [ -111.838162561486001, 40.474867317542603 ], [ -111.838159023920994, 40.4748674330272 ], [ -111.838155368675999, 40.474867549878297 ], [ -111.838150415365007, 40.474867675612899 ], [ -111.838145108118994, 40.474867804080901 ], [ -111.838140979461997, 40.474867834147801 ], [ -111.838137440997997, 40.474867860114699 ], [ -111.838133783955996, 40.474867886081597 ], [ -111.838129536720999, 40.474867827314398 ], [ -111.838125762000999, 40.474867854647997 ], [ -111.838121513868003, 40.474867795197397 ], [ -111.838117620568994, 40.474867733013497 ], [ -111.838112781345004, 40.474867588145301 ], [ -111.838108650891002, 40.474867437810502 ], [ -111.838105109731998, 40.474867283375701 ], [ -111.838101450894001, 40.474867129624101 ], [ -111.838097909734998, 40.474866975189201 ], [ -111.838094368575995, 40.4748668207544 ], [ -111.838090000967, 40.474866582268703 ], [ -111.838084923688996, 40.474866259048802 ], [ -111.838080555182003, 40.4748659303621 ], [ -111.838076421135, 40.474865509424603 ], [ -111.838071580114004, 40.474865184154702 ], [ -111.838067446067001, 40.474864763900499 ], [ -111.838063902214003, 40.4748644290638 ], [ -111.838060358359996, 40.474864004709602 ], [ -111.838055515541996, 40.474863499037802 ], [ -111.838051499174, 40.474863077416899 ], [ -111.838046654560003, 40.4748624822276 ], [ -111.838042637293995, 40.474861971089098 ], [ -111.838039092542004, 40.4748615460515 ], [ -111.83803554779, 40.474861031496303 ], [ -111.838030702276995, 40.474860345422798 ], [ -111.838024793158993, 40.474859487830798 ], [ -111.838018646885999, 40.4748585414046 ], [ -111.838014627823995, 40.474857939381799 ], [ -111.838011083070995, 40.474857424826602 ], [ -111.838007537421007, 40.474856910271399 ], [ -111.838003991771004, 40.474856395032901 ], [ -111.838000446120006, 40.474855880477698 ], [ -111.837995719185002, 40.4748551937207 ], [ -111.837991700122998, 40.474854592381199 ], [ -111.837988154472001, 40.474854077826002 ], [ -111.837984608821998, 40.474853562587498 ], [ -111.837981064069993, 40.474853048032202 ], [ -111.837977518418995, 40.474852533476998 ], [ -111.837973972769007, 40.474852018238401 ], [ -111.837970427117995, 40.474851503683098 ], [ -111.837966881468006, 40.474850988444501 ], [ -111.837963337613999, 40.474850564090197 ], [ -111.837958609780998, 40.474849877333199 ], [ -111.837954591617006, 40.474849275993698 ], [ -111.837951046864006, 40.474848850956 ], [ -111.837947501214003, 40.474848336400697 ], [ -111.837943956461999, 40.474847821845401 ], [ -111.837940411709994, 40.474847396807803 ], [ -111.837936866058996, 40.4748468822525 ], [ -111.837933321307005, 40.474846457214802 ], [ -111.837928476692994, 40.474845771824398 ], [ -111.837924459427001, 40.474845260002397 ], [ -111.837920914674996, 40.474844835648099 ], [ -111.837916069162006, 40.474844150257702 ], [ -111.837912051895998, 40.474843638435701 ], [ -111.837907208179999, 40.474843043246203 ], [ -111.837903190015993, 40.474842531424301 ], [ -111.837898346299994, 40.474841936234803 ], [ -111.837894329034, 40.474841424412801 ], [ -111.837890784281996, 40.474841000058397 ], [ -111.837885940565997, 40.474840404185599 ], [ -111.837881923300003, 40.474839893046898 ], [ -111.837878378547998, 40.474839468009201 ], [ -111.837873533933006, 40.474838872819703 ], [ -111.837869399886998, 40.474838452565301 ], [ -111.837865856033005, 40.474838027527603 ], [ -111.837862311281, 40.474837602489799 ], [ -111.837857467565001, 40.474837007300302 ], [ -111.837853451197006, 40.474836585679199 ], [ -111.837849906445001, 40.474836161324802 ], [ -111.837845654719004, 40.4748357417538 ], [ -111.837840810103998, 40.474835145880903 ], [ -111.837835493873996, 40.474834554108 ], [ -111.837831477506995, 40.474834132486897 ], [ -111.837827933653003, 40.4748337081325 ], [ -111.837824389798996, 40.474833373295603 ], [ -111.837819429302002, 40.474832868990397 ], [ -111.837814113072, 40.474832276534102 ], [ -111.837810096704999, 40.474831854912999 ], [ -111.837805253886998, 40.474831349924401 ], [ -111.837801237519002, 40.474830928303298 ], [ -111.837796277921001, 40.474830514198999 ], [ -111.837792260654993, 40.474830002376898 ], [ -111.837788716801001, 40.4748296682234 ], [ -111.837785173845006, 40.474829333386502 ], [ -111.837781630890007, 40.474828998549697 ], [ -111.837776670392998, 40.474828583761997 ], [ -111.837771354162996, 40.474827991989002 ], [ -111.837767338693993, 40.4748275703679 ], [ -111.837763794840001, 40.474827236214402 ], [ -111.837760251885001, 40.474826901377497 ], [ -111.837755293184003, 40.474826576790797 ], [ -111.837751276817002, 40.474826155853002 ], [ -111.837747733860994, 40.474825821016097 ], [ -111.837744190007001, 40.474825486179199 ], [ -111.837740529371999, 40.474825152709002 ], [ -111.837736985519001, 40.474824817872097 ], [ -111.837733443462, 40.474824573236198 ], [ -111.837729900506005, 40.4748242383993 ], [ -111.837726238973005, 40.474823904929103 ], [ -111.837722696916003, 40.474823660293197 ], [ -111.837719153959995, 40.474823325456299 ], [ -111.837715610106002, 40.474822990619401 ], [ -111.837711950369993, 40.474822746666803 ], [ -111.837708407414993, 40.474822412513198 ], [ -111.837703566393998, 40.474822087243098 ], [ -111.837699433245007, 40.474821756506302 ], [ -111.837695889391, 40.474821421669397 ], [ -111.837692347333999, 40.474821177033398 ], [ -111.837688804378004, 40.4748208428799 ], [ -111.837685144641995, 40.474820598927202 ], [ -111.837681601686, 40.474820354291303 ], [ -111.837676642087999, 40.474819939503597 ], [ -111.837671329450998, 40.474819617650098 ], [ -111.837666015916, 40.474819206279101 ], [ -111.837661882768003, 40.474818875542198 ], [ -111.837658340711002, 40.474818630906299 ], [ -111.837654798653006, 40.4748183862703 ], [ -111.837651138018998, 40.474818143001002 ], [ -111.837647595961002, 40.474817898365103 ], [ -111.837644053904, 40.474817653729097 ], [ -111.837640511846999, 40.474817409093198 ], [ -111.837635553146995, 40.474817084506398 ], [ -111.837631538576005, 40.474816843287101 ], [ -111.837627878839001, 40.474816599334503 ], [ -111.837624336782, 40.474816354698497 ], [ -111.837620794724998, 40.474816110062598 ], [ -111.837617134089996, 40.4748158667933 ], [ -111.837612294866005, 40.474815631724098 ], [ -111.837606863651004, 40.474815310554 ], [ -111.837601551014998, 40.474814988700501 ], [ -111.837596120699004, 40.474814667530403 ], [ -111.837592107025998, 40.474814426311198 ], [ -111.837587974776, 40.474814185775202 ], [ -111.837581836588001, 40.474813870071799 ], [ -111.837577704336994, 40.474813630219202 ], [ -111.837574163178999, 40.474813475100902 ], [ -111.837570621121003, 40.474813230464903 ], [ -111.837566962283006, 40.474813077396597 ], [ -111.837563421124003, 40.474812922278304 ], [ -111.837559289772003, 40.4748126824257 ], [ -111.83755444965, 40.474812447356499 ], [ -111.837550790810994, 40.474812293604799 ], [ -111.837547249652999, 40.474812139169799 ], [ -111.837543707595003, 40.4748118945339 ], [ -111.837539576243003, 40.474811744198902 ], [ -111.837534737018998, 40.474811509129701 ], [ -111.837530605666998, 40.474811358794803 ], [ -111.837525766442994, 40.474811123725502 ], [ -111.837522107604002, 40.474810969973902 ], [ -111.837518566445993, 40.474810815538902 ], [ -111.837514907607002, 40.474810661787203 ], [ -111.837511366448993, 40.474810507352203 ], [ -111.837507826188002, 40.474810442434801 ], [ -111.837504167350005, 40.474810288683102 ], [ -111.837500626191002, 40.474810134248202 ], [ -111.837496495737, 40.474809983913197 ], [ -111.837491656512995, 40.474809839045001 ], [ -111.837487997674998, 40.474809685293302 ], [ -111.837484456515995, 40.474809530858302 ], [ -111.837480326961, 40.474809470724303 ], [ -111.837475487736, 40.474809235655101 ], [ -111.837471829796002, 40.474809172104401 ], [ -111.837468288636998, 40.474809017669401 ], [ -111.837464748377002, 40.474808952751999 ], [ -111.837459792371007, 40.474808808567197 ], [ -111.837454363852004, 40.474808667798897 ], [ -111.837448935333001, 40.474808527030703 ], [ -111.837443624493005, 40.474808385579202 ], [ -111.837438196872, 40.474808244811001 ], [ -111.837434183198994, 40.474808093109402 ], [ -111.837430526158002, 40.474808029558702 ], [ -111.837426985896997, 40.4748079653247 ], [ -111.837422856342002, 40.474807905190701 ], [ -111.837418017117997, 40.474807760322399 ], [ -111.837414360075996, 40.474807696771698 ], [ -111.837410819815005, 40.474807631854397 ], [ -111.837407161876001, 40.474807568303703 ], [ -111.837403621614996, 40.474807504069602 ], [ -111.837399963674997, 40.474807440518902 ], [ -111.837396424312999, 40.4748073762849 ], [ -111.837392884951001, 40.474807401568498 ], [ -111.837387103393993, 40.474807263533698 ], [ -111.837382619902002, 40.4748072054498 ], [ -111.837377663897001, 40.474807151465797 ], [ -111.837372354853002, 40.474807100215301 ], [ -111.837367517424994, 40.474807044864697 ], [ -111.837363151613005, 40.474806986780699 ], [ -111.837359257415997, 40.474806924596699 ], [ -111.837353477655995, 40.474806966280497 ], [ -111.837347814675994, 40.474806917079903 ], [ -111.837343920479995, 40.474806855579303 ], [ -111.837339555566004, 40.474806796811897 ], [ -111.837335898524003, 40.474806823462302 ], [ -111.837332360060003, 40.4748068494292 ], [ -111.837328702120004, 40.474806785878499 ], [ -111.837324454886001, 40.474806816628899 ], [ -111.837319853715002, 40.474806759911601 ], [ -111.837314309313001, 40.474806799545298 ], [ -111.837309472783005, 40.4748068350791 ], [ -111.837305343227996, 40.474806774945101 ], [ -111.837299563467994, 40.474806816628899 ], [ -111.837294844617006, 40.4748068507959 ], [ -111.837290952217003, 40.474806878812799 ], [ -111.837287413753003, 40.474806904779797 ], [ -111.837283048838998, 40.474806936213497 ], [ -111.837278684824, 40.474806967647197 ], [ -111.837274791525005, 40.474806995664103 ], [ -111.837271253061004, 40.474807021631101 ], [ -111.837267596019998, 40.474807048281399 ], [ -111.837261817157994, 40.474807180166103 ], [ -111.837257099205999, 40.474807214333197 ], [ -111.837253205907004, 40.474807242350103 ], [ -111.837248371173999, 40.474807367401503 ], [ -111.837244242517002, 40.474807397468503 ], [ -111.837240704053002, 40.4748074227521 ], [ -111.837237047909994, 40.474807539603397 ], [ -111.837232093701004, 40.4748075758204 ], [ -111.837225960902998, 40.474807709755197 ], [ -111.837221715465006, 40.474807830706503 ], [ -111.837215228730003, 40.474807968058002 ], [ -111.837210393996997, 40.474808093109402 ], [ -111.837206500698997, 40.474808121126301 ], [ -111.837201547389, 40.474808247544402 ], [ -111.837197538206993, 40.4748083664457 ], [ -111.837192584896997, 40.474808492180401 ], [ -111.837187868742006, 40.4748087067493 ], [ -111.837184094918996, 40.474808824283997 ], [ -111.837179848583006, 40.474808855034297 ], [ -111.837175957081001, 40.474808973252301 ], [ -111.837172419514999, 40.474809088736798 ], [ -111.837168881950006, 40.474809204904801 ], [ -111.837165225806999, 40.474809321072698 ], [ -111.837161688240997, 40.474809436557301 ], [ -111.837158032996001, 40.474809553408498 ], [ -111.837153080584002, 40.474809769344198 ], [ -111.837147775134, 40.474809988013199 ], [ -111.837143647375001, 40.474810108281197 ], [ -111.837138813541003, 40.474810323533603 ], [ -111.837134685782004, 40.474810443118201 ], [ -111.837129733370006, 40.474810659053801 ], [ -111.837125724188994, 40.474810778638499 ], [ -111.837122187521004, 40.474810984324002 ], [ -111.837118532277003, 40.474811100491998 ], [ -111.837114995608999, 40.4748113068609 ], [ -111.837110043197001, 40.4748115227965 ], [ -111.837104619168997, 40.474811742148901 ], [ -111.837100610887006, 40.474811951251098 ], [ -111.837097073321004, 40.474812066735701 ], [ -111.837093418974007, 40.474812273787897 ], [ -111.837089882306998, 40.474812479473499 ], [ -111.837086227062002, 40.474812596324703 ], [ -111.837080569473002, 40.474812997445802 ], [ -111.837075734739997, 40.474813212698102 ], [ -111.837071960917001, 40.474813330232699 ], [ -111.837067600495004, 40.474813631585903 ], [ -111.837063238276002, 40.4748138434216 ], [ -111.837059347671996, 40.474814051840397 ], [ -111.837055811005001, 40.474814257525999 ], [ -111.837052156658004, 40.474814464578202 ], [ -111.837047323722004, 40.4748147693482 ], [ -111.837042490786004, 40.474815074801398 ], [ -111.837038717862001, 40.474815282537001 ], [ -111.837035181195006, 40.474815488222603 ], [ -111.837030936654998, 40.474815699374901 ], [ -111.837027165527005, 40.474815996628003 ], [ -111.837023511181002, 40.474816202996898 ], [ -111.837019974512998, 40.4748164093658 ], [ -111.837016437846003, 40.474816615051303 ], [ -111.837012784397999, 40.474816911621097 ], [ -111.837009247731004, 40.474817117306699 ], [ -111.837005593384006, 40.474817324358902 ], [ -111.837000761346005, 40.474817719329799 ], [ -111.836996635383997, 40.474817929798697 ], [ -111.836993099615, 40.474818225685297 ], [ -111.836988856871997, 40.4748185263552 ], [ -111.836984377872, 40.474818829074998 ], [ -111.836979191897996, 40.474819226779303 ], [ -111.836973888244003, 40.474819625850202 ], [ -111.836968466013005, 40.474820025604501 ], [ -111.836963162359993, 40.474820423992099 ], [ -111.836957741027007, 40.474820823746299 ], [ -111.836953733643, 40.474821123049502 ], [ -111.836949491797995, 40.474821513920297 ], [ -111.836945366734, 40.4748218139069 ], [ -111.836941240772006, 40.474822114576803 ], [ -111.836937705900993, 40.474822410463197 ], [ -111.836934052453003, 40.474822707033098 ], [ -111.836930516684006, 40.4748230029195 ], [ -111.836926981814003, 40.474823298806001 ], [ -111.836922031198, 40.474823695143499 ], [ -111.836918025610004, 40.4748240839644 ], [ -111.836914489841007, 40.474824379850801 ], [ -111.836909540123997, 40.474824776188399 ], [ -111.836904237368998, 40.474825265460197 ], [ -111.836900113203001, 40.474825655647699 ], [ -111.836895281164999, 40.474826050618503 ], [ -111.836891275577997, 40.474826440122598 ], [ -111.836887622128998, 40.474826736692499 ], [ -111.836882790990003, 40.474827222547603 ], [ -111.836878785402007, 40.474827611368397 ], [ -111.836875131954002, 40.474827908621499 ], [ -111.836870891006996, 40.474828389693201 ], [ -111.836866530584999, 40.474828781247403 ], [ -111.836861935702004, 40.474829265052499 ], [ -111.836857576178005, 40.474829657290002 ], [ -111.836852508782002, 40.474830144511699 ], [ -111.836848384616005, 40.474830534699201 ], [ -111.836843555273006, 40.474831110071896 ], [ -111.836839548786998, 40.474831499575998 ], [ -111.836836013915999, 40.4748317954624 ], [ -111.836831654392, 40.474832277217502 ], [ -111.836827884163, 40.474832664671602 ], [ -111.836823761793994, 40.474833145059897 ], [ -111.836819991564994, 40.474833532513998 ], [ -111.836815632040995, 40.4748340149524 ], [ -111.836811861811995, 40.474834402406401 ], [ -111.836807032468997, 40.474834977779103 ], [ -111.836802437586002, 40.474835461584199 ], [ -111.836798549676999, 40.474835850404901 ], [ -111.836794308731001, 40.474836331476602 ], [ -111.836790539399999, 40.474836809131602 ], [ -111.836787005427993, 40.474837195218903 ], [ -111.836782882159994, 40.474837674923897 ], [ -111.836778994252001, 40.474838063744599 ], [ -111.836775460279995, 40.474838540032898 ], [ -111.836770630936996, 40.474839115405601 ], [ -111.836764506223005, 40.474839880063499 ], [ -111.836759792763004, 40.474840365235202 ], [ -111.836755199677, 40.474840938557797 ], [ -111.836751430345998, 40.474841416212698 ], [ -111.836747897272005, 40.474841892500997 ], [ -111.836743774005001, 40.474842372889299 ], [ -111.836740004673999, 40.474842850544199 ], [ -111.836736470700998, 40.4748432366316 ], [ -111.836732937627005, 40.474843712236499 ], [ -111.836729404552997, 40.474844188524699 ], [ -111.836725752901998, 40.474844665496299 ], [ -111.836722218928998, 40.4748450515836 ], [ -111.836718685855004, 40.474845527188499 ], [ -111.836714445807004, 40.4748460984611 ], [ -111.836710088079997, 40.474846670417001 ], [ -111.836706318748995, 40.474847148071902 ], [ -111.836702785675001, 40.474847624360102 ], [ -111.836699252600994, 40.474848100648302 ], [ -111.836695719527, 40.474848576253201 ], [ -111.836692185554, 40.474849052541401 ], [ -111.836687357109994, 40.474849718114903 ], [ -111.836683353319003, 40.474850287337397 ], [ -111.836679820244996, 40.474850763625597 ], [ -111.836674991799995, 40.474851429198999 ], [ -111.836669692637997, 40.474852188390102 ], [ -111.836665688847006, 40.474852757612602 ], [ -111.836660860402006, 40.474853423185998 ], [ -111.836656855713002, 40.474853993091799 ], [ -111.836652029064993, 40.4748547481828 ], [ -111.836319010113996, 40.4749032844583 ], [ -111.836227040595006, 40.474916652633098 ], [ -111.836228884836999, 40.474922674905102 ], [ -111.836247151180004, 40.475006685987601 ], [ -111.836260805571996, 40.475070820713299 ], [ -111.836283656017997, 40.475220023316297 ], [ -111.836297666142997, 40.475369829655897 ], [ -111.836302596096999, 40.475519972544703 ], [ -111.836298442287003, 40.475670091181101 ], [ -111.836285318799, 40.4758199142831 ], [ -111.836280979037994, 40.475888503542201 ], [ -111.836284071039003, 40.475957038748199 ], [ -111.836294707991001, 40.476025159103898 ], [ -111.836312765925001, 40.476092415664297 ], [ -111.836338004091999, 40.476158267920397 ], [ -111.836370414409998, 40.476222266930797 ], [ -111.836409758822001, 40.476284053954899 ], [ -111.836449706902997, 40.4763470073581 ], [ -111.836482487325995, 40.476412264872202 ], [ -111.836507860240999, 40.476479467745598 ], [ -111.836525699885001, 40.476548076147203 ], [ -111.836535883186997, 40.476617641813398 ], [ -111.836538284382996, 40.4766875333519 ], [ -111.836532898982995, 40.4767573913348 ], [ -111.836505426705003, 40.4769297506135 ], [ -111.836492045401002, 40.476992279070402 ], [ -111.836468740407, 40.477101184921203 ], [ -111.836423190432996, 40.477271332790998 ], [ -111.836368774085997, 40.477440012471298 ], [ -111.836367905415003, 40.477446055016401 ], [ -111.836316285524006, 40.477583454268498 ], [ -111.836283765611995, 40.477653328402099 ], [ -111.836244005278999, 40.477719651295097 ], [ -111.836196072972001, 40.477783510788498 ], [ -111.836141018822005, 40.477843818376599 ], [ -111.836129120636002, 40.477854715117999 ], [ -111.836079073695004, 40.477900211915099 ], [ -111.836010702020005, 40.477952146816797 ], [ -111.835936606280995, 40.477999168692001 ], [ -111.835763535959998, 40.478103842554702 ], [ -111.835596311874994, 40.478213879523899 ], [ -111.835435287962, 40.478329186643698 ], [ -111.835280579205005, 40.478449582811599 ], [ -111.835203171377003, 40.4785150063746 ], [ -111.835132535049993, 40.478574705166501 ], [ -111.834991508532994, 40.478704461436401 ], [ -111.834857730522998, 40.4788384887622 ], [ -111.834790120619999, 40.478913931843003 ], [ -111.834728563564994, 40.4789923929671 ], [ -111.834669945797998, 40.479079481994603 ], [ -111.834628238815995, 40.479150773778102 ], [ -111.834598652802001, 40.479210085942498 ], [ -111.834589902312004, 40.479227535952099 ], [ -111.834583886294993, 40.479227579683098 ], [ -111.834581587505994, 40.479232461147902 ], [ -111.834570570568005, 40.479257404853499 ], [ -111.834560264196, 40.479282614351597 ], [ -111.834550430338993, 40.479307820423898 ], [ -111.834541188470993, 40.4793332020934 ], [ -111.834532538592995, 40.479358759359997 ], [ -111.834524479807001, 40.479384402711901 ], [ -111.834517010314997, 40.479410041954303 ], [ -111.834510134609999, 40.479435947671398 ], [ -111.834503848200001, 40.479461848595498 ], [ -111.834498153778995, 40.479487834921102 ], [ -111.834493047755004, 40.479513817820298 ], [ -111.834488534618998, 40.4795399763156 ], [ -111.834484611676004, 40.479566130017702 ], [ -111.834481397504007, 40.4795923691211 ], [ -111.834478655845999, 40.479618694992297 ], [ -111.834476502583996, 40.479644926558898 ], [ -111.834475058991998, 40.479671242843402 ], [ -111.834474087912994, 40.479697645895598 ], [ -111.834473823807997, 40.479723953959898 ], [ -111.834474150795003, 40.479750347425302 ], [ -111.834475066178001, 40.479776647269503 ], [ -111.834476571755005, 40.479802942320397 ], [ -111.834478668421994, 40.479829323455398 ], [ -111.834481352588, 40.479855519408801 ], [ -111.834484626947997, 40.479881802129498 ], [ -111.834488609179004, 40.479907989179601 ], [ -111.834492813295, 40.479933093890303 ], [ -111.834498221152998, 40.479960171244997 ], [ -111.834503852691, 40.479986166260602 ], [ -111.834510190306005, 40.480012066289099 ], [ -111.834516998637, 40.480037872697203 ], [ -111.834524513942995, 40.480063584118398 ], [ -111.834532499966002, 40.480089201919498 ], [ -111.834541192065004, 40.480114724050701 ], [ -111.834550355779001, 40.480140153245102 ], [ -111.83456022467, 40.480165397259398 ], [ -111.834570564279005, 40.480190546970803 ], [ -111.834581491386004, 40.480215512868803 ], [ -111.834593006890003, 40.480240294270502 ], [ -111.834605110789994, 40.4802649813698 ], [ -111.834617803086999, 40.480289574166498 ], [ -111.834630964303997, 40.4803138936404 ], [ -111.834644713019998, 40.480338027935403 ], [ -111.834659049232997, 40.480361978418301 ], [ -111.834673856164002, 40.480385835282704 ], [ -111.834689249695003, 40.480409417458603 ], [ -111.834705229825005, 40.480432724946198 ], [ -111.834721680672999, 40.480455939499301 ], [ -111.834738718121002, 40.480478878681097 ], [ -111.834756223591, 40.480501545225401 ], [ -111.834774199777996, 40.480524027275699 ], [ -111.834792761667003, 40.480546235322201 ], [ -111.834811792476003, 40.480568170048599 ], [ -111.834827343211998, 40.480585444785 ], [ -111.834831410782996, 40.480589919598401 ], [ -111.834851379433999, 40.480611397194998 ], [ -111.834871934684003, 40.4806325994223 ], [ -111.834873966673001, 40.480634746975902 ], [ -111.834876954470005, 40.480637788261603 ], [ -111.834880180319999, 40.480641098076703 ], [ -111.834882570736994, 40.480643603669499 ], [ -111.834885323175001, 40.480646736514402 ], [ -111.834887714489994, 40.480649242106999 ], [ -111.834889988125994, 40.480651837892601 ], [ -111.834892260863995, 40.4806543441683 ], [ -111.834894534499995, 40.480656940636898 ], [ -111.834896808135994, 40.480659536422202 ], [ -111.834898723343997, 40.480661774851399 ], [ -111.834900640349005, 40.4806641034736 ], [ -111.834903276006003, 40.480667327877299 ], [ -111.834905431962994, 40.480669924345399 ], [ -111.834907348068995, 40.480672252967402 ], [ -111.834909265074003, 40.480674581589199 ], [ -111.834911064400004, 40.480677001087301 ], [ -111.834912862826997, 40.480679330392299 ], [ -111.834914661254004, 40.480681659697098 ], [ -111.834916461478002, 40.480684079195001 ], [ -111.834918259904995, 40.4806864084997 ], [ -111.834920059230996, 40.480688827997398 ], [ -111.834921859453999, 40.480691247495002 ], [ -111.834923780051994, 40.480693936205199 ], [ -111.834926062671997, 40.480697252850298 ], [ -111.834928345291004, 40.480700569495298 ], [ -111.834930267684996, 40.480703348398201 ], [ -111.834932550304998, 40.480706665042803 ], [ -111.834934355019996, 40.480709444628701 ], [ -111.834935918089002, 40.480711866175398 ], [ -111.834937601530996, 40.480714376548498 ], [ -111.834939164600002, 40.480716797411802 ], [ -111.834940852534004, 40.480719667873601 ], [ -111.834943016576005, 40.480722985884 ], [ -111.834944947954, 40.480726485646898 ], [ -111.834946751771, 40.480729265232 ], [ -111.834948198956994, 40.480731776970998 ], [ -111.834949768314004, 40.480734648798702 ], [ -111.834951698793006, 40.480738058367997 ], [ -111.834953267252004, 40.480740929512102 ], [ -111.834955320800006, 40.480744788679502 ], [ -111.834957132702002, 40.480748198931501 ], [ -111.834958463107, 40.480750801546101 ], [ -111.834959791716003, 40.480753314650897 ], [ -111.834961488632999, 40.480756905971703 ], [ -111.834963423603995, 40.480760765821501 ], [ -111.834965241793995, 40.480764626354301 ], [ -111.834966574893997, 40.480767499547198 ], [ -111.834967786722004, 40.480770103527597 ], [ -111.834968880869994, 40.480772708191097 ], [ -111.834970092697006, 40.480775312171303 ], [ -111.834971186844996, 40.480777916834697 ], [ -111.834972280993, 40.480780521497998 ], [ -111.834973498210005, 40.480783485566398 ], [ -111.834975324485001, 40.480788066958198 ], [ -111.834976907316999, 40.480792019732199 ], [ -111.834978371570998, 40.480795972506002 ], [ -111.834979470210001, 40.4807989379403 ], [ -111.834980447576996, 40.480801633478897 ], [ -111.834981671980998, 40.480805228213598 ], [ -111.834982653840001, 40.480808283840403 ], [ -111.834983511730996, 40.480810890552299 ], [ -111.834984371418003, 40.480813586773799 ], [ -111.834985478142997, 40.480817272384002 ], [ -111.834986459103007, 40.480820238500698 ], [ -111.834987200213007, 40.480822935405001 ], [ -111.834988059900994, 40.480825632309198 ], [ -111.834988801010994, 40.480828329213402 ], [ -111.834989542120994, 40.480831026800701 ], [ -111.834990284130001, 40.4808337243879 ], [ -111.834990906662, 40.480836421974999 ], [ -111.834991896605004, 40.480840108950503 ], [ -111.834992642206998, 40.480843166625597 ], [ -111.834993265638005, 40.480845864895599 ], [ -111.834994019324995, 40.480849552553899 ], [ -111.834994764925995, 40.480852610228503 ], [ -111.834995270677993, 40.480855309181401 ], [ -111.834995775530999, 40.480858008134199 ], [ -111.834996398962005, 40.480860706403597 ], [ -111.834996787931999, 40.480863496232303 ], [ -111.834997423041003, 40.480867185939402 ], [ -111.834997933284001, 40.480870244979798 ], [ -111.834998444426006, 40.4808733942129 ], [ -111.834998961855007, 40.480877084602803 ], [ -111.834999349029005, 40.480879784237999 ], [ -111.834999868254997, 40.480883564137002 ], [ -111.835000259921003, 40.480886624543203 ], [ -111.835000530314005, 40.480889415054101 ], [ -111.835000930063998, 40.480893106126402 ], [ -111.835001204948, 40.480896256725003 ], [ -111.835001604699002, 40.4808999477968 ], [ -111.835001761903996, 40.480903099761598 ], [ -111.835002031399, 40.480905800762301 ], [ -111.835002183214002, 40.480908591955703 ], [ -111.835002347605993, 40.480912284393497 ], [ -111.835002504811001, 40.480915436357698 ], [ -111.835002655728005, 40.480918138041197 ], [ -111.835002690761996, 40.480920930600597 ], [ -111.835002724, 40.480923632967198 ], [ -111.835002876713006, 40.480926424843098 ], [ -111.835002803950005, 40.480930118646398 ], [ -111.835002843476005, 40.480933271976298 ], [ -111.835002772509, 40.480937055972099 ], [ -111.835002692559002, 40.480940119792201 ], [ -111.835002608116994, 40.4809428228413 ], [ -111.835002524573994, 40.480945616082998 ], [ -111.835002440132001, 40.480948319815099 ], [ -111.835002238908999, 40.480951113739799 ], [ -111.835001931685994, 40.480954899784301 ], [ -111.835001851735001, 40.4809579636037 ], [ -111.835001531036994, 40.480960668018596 ], [ -111.835001329814006, 40.4809634626261 ], [ -111.835001127693005, 40.480966166357497 ], [ -111.835000701892, 40.480969953767698 ], [ -111.835000386583005, 40.480973018952902 ], [ -111.834999959883007, 40.480976715486797 ], [ -111.834999645473005, 40.480979870864402 ], [ -111.834999207094995, 40.480982576644898 ], [ -111.834998886397003, 40.4809852817421 ], [ -111.834998448018993, 40.480987987522496 ], [ -111.834998010538996, 40.4809907834954 ], [ -111.834997572161001, 40.480993489275498 ], [ -111.834997133784, 40.480996195055504 ], [ -111.834996577726002, 40.480998901518703 ], [ -111.834996139349002, 40.481001607981803 ], [ -111.834995583291004, 40.481004314444696 ], [ -111.834995026336003, 40.481007020907597 ], [ -111.834994471176998, 40.481009817562999 ], [ -111.834993691438996, 40.481013516828 ], [ -111.834992902718994, 40.481016495918198 ], [ -111.834992345762998, 40.481019202380502 ], [ -111.834991448346003, 40.481022902328299 ], [ -111.834990660523999, 40.481025971610698 ], [ -111.834989868210002, 40.481028679439298 ], [ -111.834989193574998, 40.481031387267699 ], [ -111.834988176682003, 40.481034998388701 ], [ -111.834987270281999, 40.481038067670603 ], [ -111.834986363881995, 40.481041047443 ], [ -111.834985347886999, 40.481044748072897 ], [ -111.834984322908994, 40.481047728528303 ], [ -111.834983189235004, 40.481051430524303 ], [ -111.834981936085995, 40.481055043010798 ], [ -111.83498056885, 40.481059016950603 ], [ -111.834979202512002, 40.481062990890301 ], [ -111.834978059855004, 40.481065972028198 ], [ -111.834976689026007, 40.481069585197197 ], [ -111.834975546368995, 40.481072566334703 ], [ -111.834974516900004, 40.481075186702 ], [ -111.834973368852999, 40.481077807068999 ], [ -111.834972340281993, 40.481080427436098 ], [ -111.834970733196002, 40.481084042654103 ], [ -111.834969471063005, 40.481086934281699 ], [ -111.834967863976999, 40.481090549499399 ], [ -111.834966601844002, 40.481093441810103 ], [ -111.834965454694995, 40.481096062176498 ], [ -111.834964188070998, 40.481098594400102 ], [ -111.834962809157005, 40.481101576902901 ], [ -111.834961082595001, 40.481105013101399 ], [ -111.834959357829007, 40.481108629001398 ], [ -111.834957858541003, 40.4811114324852 ], [ -111.834956591917006, 40.481113964024999 ], [ -111.834955208511005, 40.4811165864405 ], [ -111.834953824207005, 40.481119119346502 ], [ -111.834952557582994, 40.481121650886003 ], [ -111.834951055599007, 40.4811241844751 ], [ -111.834949671296002, 40.481126716697702 ], [ -111.834948285194997, 40.481129159410898 ], [ -111.834946783212004, 40.481131692316502 ], [ -111.834945281228997, 40.481134225905301 ], [ -111.834932335606993, 40.4811559404246 ], [ -111.834928754024006, 40.481162002450297 ], [ -111.834924824793006, 40.481168697188998 ], [ -111.834917196299997, 40.481181455317497 ], [ -111.834909568705001, 40.481194302952701 ], [ -111.834884604522998, 40.4812362847683 ], [ -111.834881947306002, 40.481240808050799 ], [ -111.834880330339004, 40.481243612895703 ], [ -111.834878945137007, 40.481246054921399 ], [ -111.834877560832993, 40.481248587822598 ], [ -111.834876176528994, 40.481251120040497 ], [ -111.834874791326996, 40.481253652258196 ], [ -111.834873407022997, 40.481256185159197 ], [ -111.834871564577995, 40.481259801734197 ], [ -111.834870065290005, 40.481262605211903 ], [ -111.834868798664999, 40.481265136745897 ], [ -111.834867302071999, 40.481268120607901 ], [ -111.834865574611996, 40.4812715567978 ], [ -111.834864195698003, 40.481274539292997 ], [ -111.834862587713999, 40.4812780649915 ], [ -111.834861321987006, 40.481280596525004 ], [ -111.834859714901, 40.481284211732302 ], [ -111.834858452768003, 40.481287103351299 ], [ -111.834857305620005, 40.481289724393399 ], [ -111.834855698534, 40.4812933396001 ], [ -111.834854554079996, 40.481296230535499 ], [ -111.834853406931003, 40.4812988515773 ], [ -111.834852377461999, 40.481301471252401 ], [ -111.834851347992995, 40.481304091610603 ], [ -111.834850205335997, 40.481307072737799 ], [ -111.834848493147007, 40.481311679374997 ], [ -111.834847008232003, 40.481315653983003 ], [ -111.834845641894006, 40.481319627907503 ], [ -111.834844499236993, 40.481322609034002 ], [ -111.834843474259003, 40.481325589477002 ], [ -111.834842339687, 40.481329291457698 ], [ -111.834841428795002, 40.481331910448297 ], [ -111.834840294223, 40.481335612428701 ], [ -111.834839045565005, 40.481339585668699 ], [ -111.834837798703006, 40.481343648417401 ], [ -111.834837009983005, 40.481346626809703 ], [ -111.834835993987994, 40.481350328105997 ], [ -111.834835087588004, 40.481353397373397 ], [ -111.834834412953001, 40.481356105188802 ], [ -111.834833739217004, 40.4813588123207 ], [ -111.834832840003003, 40.481362422740801 ], [ -111.834832169859993, 40.481365490641203 ], [ -111.834831495225004, 40.481368197772802 ], [ -111.834830715487001, 40.481371897701202 ], [ -111.834830045344006, 40.481374964917997 ], [ -111.834829489287003, 40.481377672049099 ], [ -111.83482893323, 40.481380378496901 ], [ -111.834828378070995, 40.481383175136799 ], [ -111.834827939693, 40.481385880901101 ], [ -111.834827382737998, 40.481388588031798 ], [ -111.834826944360003, 40.481391293795902 ], [ -111.834826505981994, 40.481393999559899 ], [ -111.834826067603998, 40.481396705323803 ], [ -111.834825406443997, 40.481400494076297 ], [ -111.834824867454998, 40.481404552038398 ], [ -111.834824328465999, 40.481408699509103 ], [ -111.834823894579003, 40.4814117660408 ], [ -111.834823468777998, 40.481415462550501 ], [ -111.834823153469003, 40.481418617907501 ], [ -111.834822833668994, 40.481421322987103 ], [ -111.834788765062001, 40.481775979229297 ], [ -111.833314999787007, 40.481791570078499 ], [ -111.833316811687993, 40.4818903844658 ], [ -111.833326415577005, 40.482724178873802 ], [ -111.833225657840003, 40.482724274530199 ], [ -111.832274365309999, 40.482725543344301 ], [ -111.831355047415002, 40.482726844954897 ], [ -111.826321521875002, 40.482730240757803 ], [ -111.826316280205006, 40.484842775373103 ], [ -111.826318424484001, 40.486335624211399 ], [ -111.822416947779999, 40.486335976754702 ], [ -111.822223387785996, 40.486515099247903 ], [ -111.816314197083003, 40.4891669564308 ], [ -111.814009429983003, 40.488770155153603 ], [ -111.812726991489995, 40.488549273938702 ], [ -111.811947206213006, 40.488405837809502 ], [ -111.811315680687002, 40.488296490502201 ], [ -111.811058960145004, 40.488279734252103 ], [ -111.810437136424, 40.488417518519 ], [ -111.810387003244003, 40.488428590493299 ], [ -111.809879842282996, 40.488495568178898 ], [ -111.809774404322994, 40.488509459712198 ], [ -111.809198325511005, 40.488585566243003 ], [ -111.809016642143007, 40.488646927185897 ], [ -111.808857520862006, 40.488700563138202 ], [ -111.808500088396997, 40.488904863342803 ], [ -111.808254426115994, 40.4890822552779 ], [ -111.808162633565004, 40.489122265924699 ], [ -111.808084222318996, 40.489156417470198 ], [ -111.807988235533998, 40.489200872251601 ], [ -111.807878871038, 40.4892515461163 ], [ -111.807646708639993, 40.489275690861803 ], [ -111.807389670993004, 40.489291900991702 ], [ -111.807278664376, 40.489382765642198 ], [ -111.806847552990007, 40.489839824582603 ], [ -111.806677575568003, 40.490012090151502 ], [ -111.806498977014996, 40.490193604908903 ], [ -111.806130886039, 40.490603014738703 ], [ -111.806066955635998, 40.490674090013002 ], [ -111.806009885666001, 40.490746559579399 ], [ -111.805767741186997, 40.491179683795401 ], [ -111.805407594014, 40.4915831802385 ], [ -111.805378484106996, 40.491615815261298 ], [ -111.805328549454998, 40.491633820878597 ], [ -111.805223393565996, 40.491671850180197 ], [ -111.805141705265996, 40.491748093857296 ], [ -111.805099187105, 40.491764696211803 ], [ -111.805080629708002, 40.491771942575902 ], [ -111.804785653511999, 40.491773997545501 ], [ -111.804549457676998, 40.491757624054699 ], [ -111.804467389389998, 40.491752789956202 ], [ -111.804413660253999, 40.491749560619702 ], [ -111.804103238424005, 40.4917427118571 ], [ -111.804089348673998, 40.491745600976103 ], [ -111.803861938362999, 40.491793038802797 ], [ -111.803721423886003, 40.491884105016801 ], [ -111.803669983657997, 40.492023199709799 ], [ -111.803553561098994, 40.492155538987603 ], [ -111.803447312859007, 40.4925472634961 ], [ -111.803269787792004, 40.493097139606299 ], [ -111.803050897103006, 40.493364783325902 ], [ -111.803043106912995, 40.493374476566999 ], [ -111.802887669623004, 40.493540509565399 ], [ -111.802881027479998, 40.493547582900803 ], [ -111.802755541818001, 40.493612868098602 ], [ -111.802662348794001, 40.493615317188898 ], [ -111.802339193345006, 40.4936200835214 ], [ -111.792713282443003, 40.493760204803003 ], [ -111.792655562093003, 40.486458165685299 ], [ -111.792672436046999, 40.482857818965698 ], [ -111.783216352547996, 40.482851387450197 ], [ -111.783216734332001, 40.479371960607203 ], [ -111.783175198029994, 40.475635250124498 ], [ -111.787902050409997, 40.475620330928102 ], [ -111.787872690772005, 40.468324467896103 ], [ -111.796472183036997, 40.468296339552701 ], [ -111.796476727614007, 40.467494580107697 ], [ -111.796500519494003, 40.461111537881202 ], [ -111.796501029737001, 40.461106020829398 ], [ -111.797411796568994, 40.461101088152802 ], [ -111.798722335261999, 40.461093931430902 ], [ -111.802179480972001, 40.461075035248399 ], [ -111.802187797575002, 40.461080112824703 ], [ -111.802184747794996, 40.464710376456402 ], [ -111.807212491776994, 40.464710327931897 ], [ -111.807286247953996, 40.464710131783697 ], [ -111.806846587300996, 40.463251348833502 ], [ -111.806776561828002, 40.463263662701401 ], [ -111.806415664561001, 40.462064510189499 ], [ -111.806344971640002, 40.462076941148503 ], [ -111.805812141318995, 40.4603091513479 ], [ -111.805880725893999, 40.460289727291503 ], [ -111.805953072614003, 40.460529759132598 ], [ -111.807391411029002, 40.4601184831347 ], [ -111.807394582081997, 40.460117379981497 ], [ -111.807398112461001, 40.4601167245143 ], [ -111.807403289451997, 40.460115697912002 ], [ -111.807408469137997, 40.460114850384102 ], [ -111.807412120790005, 40.460114464895497 ], [ -111.807415656559002, 40.460114259848503 ], [ -111.807421080585996, 40.460114132035798 ], [ -111.807424619049996, 40.460114107430101 ], [ -111.807428276989995, 40.460114261899001 ], [ -111.807431817251, 40.460114417051201 ], [ -111.807436302539003, 40.460114746493602 ], [ -111.807799762699005, 40.460406258559402 ], [ -111.807930641845999, 40.460452100720303 ], [ -111.807935614919998, 40.460453777313496 ], [ -111.807938812024005, 40.460454836034501 ], [ -111.807942362166003, 40.460455802484802 ], [ -111.807945559269996, 40.460456861205898 ], [ -111.807949110310005, 40.460457917192898 ], [ -111.807952306516, 40.460458885693697 ], [ -111.80795585576, 40.460459761923701 ], [ -111.807960825240002, 40.460461078319199 ], [ -111.807964371788998, 40.460461774108701 ], [ -111.807969340371002, 40.460463000967401 ], [ -111.807972887817996, 40.460463786977101 ], [ -111.807976552943998, 40.460464482083097 ], [ -111.807981517033994, 40.460465348060701 ], [ -111.807985063583004, 40.460466043850197 ], [ -111.807988726014003, 40.460466559199197 ], [ -111.807992271665, 40.460467164768303 ], [ -111.807995813722002, 40.460467500360302 ], [ -111.807999476153, 40.460468015709303 ], [ -111.808004438447, 40.460468701246398 ], [ -111.808007980504001, 40.460469036838298 ], [ -111.808011641139004, 40.460469371746797 ], [ -111.808015183196005, 40.460469707338703 ], [ -111.808018843830993, 40.460470042247202 ], [ -111.808022384091998, 40.4604701973986 ], [ -111.808025924351995, 40.460470353233603 ], [ -111.808029582291994, 40.460470507701601 ], [ -111.808033122552004, 40.460470662853098 ], [ -111.808036779594005, 40.460470727784298 ], [ -111.808040319854001, 40.460470882935702 ], [ -111.808043975998004, 40.460470857646797 ], [ -111.808047513562997, 40.4604708330412 ], [ -111.808051167909994, 40.4604706273117 ], [ -111.808054705475001, 40.460470602022802 ], [ -111.808058360719997, 40.460470486513501 ], [ -111.808061896488994, 40.460470282151 ], [ -111.808065550836005, 40.460470076421601 ], [ -111.808070854489003, 40.460469768852498 ], [ -111.808074506140997, 40.460469382682597 ], [ -111.808078040113003, 40.460468997879602 ], [ -111.808081692662995, 40.460468701929798 ], [ -111.808085223941006, 40.460468136686401 ], [ -111.808088877388997, 40.460467840736698 ], [ -111.808092408665999, 40.460467275493201 ], [ -111.808097354789993, 40.460466610460699 ], [ -111.808101001950007, 40.460465864093202 ], [ -111.808104534126002, 40.460465389069903 ], [ -111.808108182184, 40.460464642702497 ], [ -111.808113241496002, 40.4604636167889 ], [ -111.808118536166006, 40.460462588824903 ], [ -111.808122064749, 40.460461752920601 ], [ -111.808125238496999, 40.460460830213499 ], [ -111.808128766180999, 40.460459994309197 ], [ -111.808133706015994, 40.460458788638597 ], [ -111.808137349583006, 40.4604577722938 ], [ -111.808140521534995, 40.460456669146097 ], [ -111.808144049218996, 40.460455833925302 ], [ -111.808147222068001, 40.460454820314297 ], [ -111.808152154717007, 40.4604530740055 ], [ -111.808157087366993, 40.460451328380202 ], [ -111.808160257520996, 40.460450135012103 ], [ -111.808163309996999, 40.460448942327602 ], [ -111.808166951767006, 40.460447745542098 ], [ -111.808170121022997, 40.460446461953701 ], [ -111.808173171701995, 40.460445089512 ], [ -111.808176339162003, 40.460443716386798 ], [ -111.808179507519995, 40.460442342578098 ], [ -111.808183964959994, 40.460440329709101 ], [ -111.808188419705004, 40.4604380461791 ], [ -111.808191588062996, 40.4604366723703 ], [ -111.808194753726994, 40.460435118804298 ], [ -111.808197447774006, 40.460433568655802 ], [ -111.808200495758001, 40.4604320157732 ], [ -111.808203188009003, 40.460430285184103 ], [ -111.808206353672006, 40.460428731618002 ], [ -111.808209045922993, 40.460427001028698 ], [ -111.808211738173995, 40.460425270439401 ], [ -111.808214429526004, 40.460423539849998 ], [ -111.808217593392996, 40.460421806526597 ], [ -111.808220284745005, 40.460419985716797 ], [ -111.808222976097994, 40.460418255127401 ], [ -111.808225666552005, 40.460416344097197 ], [ -111.808227884492993, 40.460414437167898 ], [ -111.808230574047997, 40.460412526137603 ], [ -111.808233264503002, 40.460410615790799 ], [ -111.808235954956999, 40.460408794980701 ], [ -111.808238171100996, 40.460406707610503 ], [ -111.808240858860003, 40.460404616822899 ], [ -111.808243076801006, 40.460402709209703 ], [ -111.808245292943994, 40.460400621839398 ], [ -111.808247981601994, 40.4603986205884 ], [ -111.808250195051002, 40.460396353460702 ], [ -111.808252528873993, 40.460394264723199 ], [ -111.808254745916003, 40.4603922675729 ], [ -111.808256960262995, 40.460389999761603 ], [ -111.808259173712003, 40.4603877319501 ], [ -111.808261035021005, 40.460385557092899 ], [ -111.808263248469999, 40.460383289281303 ], [ -111.808265462817999, 40.460381021469701 ], [ -111.808267205549001, 40.460378847295701 ], [ -111.808269537575995, 40.4603765788004 ], [ -111.808271276713995, 40.460374133965203 ], [ -111.808273020344004, 40.460371959791097 ], [ -111.808274878060004, 40.460369514272202 ], [ -111.808276618994995, 40.460367159657103 ], [ -111.808278359032002, 40.460364714821601 ], [ -111.808280216748003, 40.460362269986 ], [ -111.808281957682993, 40.460359915370702 ], [ -111.808284391219004, 40.460356294252399 ], [ -111.808287515559002, 40.460351317777402 ], [ -111.808289593363, 40.460347519635299 ], [ -111.808290860886004, 40.460344987996201 ], [ -111.808292718602004, 40.460342542476297 ], [ -111.808293631289999, 40.4603400135708 ], [ -111.808294897913996, 40.460337392394401 ], [ -111.808296282217995, 40.460334860071299 ], [ -111.808297548843001, 40.4603322388948 ], [ -111.808298461530995, 40.460329709988898 ], [ -111.808299843140006, 40.460326907687701 ], [ -111.808300639047005, 40.460324379465199 ], [ -111.808302022453006, 40.460321756921203 ], [ -111.808302934243002, 40.460319048257503 ], [ -111.808303846032999, 40.460316429130799 ], [ -111.808304639244994, 40.460313721150399 ], [ -111.808305551035005, 40.460311102023503 ], [ -111.808305990311993, 40.460308396093303 ], [ -111.808306903, 40.460305776966202 ], [ -111.808307813892, 40.460303068301897 ], [ -111.808308252269001, 40.460300272151002 ], [ -111.808308691546003, 40.460297566220397 ], [ -111.808309485655997, 40.460294948459797 ], [ -111.808309924932004, 40.4602922425291 ], [ -111.80831036331, 40.4602894470612 ], [ -111.808310802587002, 40.460286741130297 ], [ -111.808311241862995, 40.460284035199201 ], [ -111.808311326303993, 40.460281241781502 ], [ -111.808311765580996, 40.460278535850101 ], [ -111.808729172268997, 40.459717783061002 ], [ -111.809510881738007, 40.459715733945103 ], [ -111.809501449427003, 40.457632932468997 ], [ -111.811585274985006, 40.457627419232601 ], [ -111.811752314914997, 40.454808247285101 ], [ -111.815201868063994, 40.453651636030102 ], [ -111.815061885389994, 40.453651992846403 ], [ -111.815240950168999, 40.453587126767303 ], [ -111.816210203614006, 40.453262090682401 ], [ -111.816204925113993, 40.453244921020698 ], [ -111.816454928951998, 40.453161087100597 ], [ -111.816520529323995, 40.453139088736698 ], [ -111.816520548189004, 40.453195187899802 ], [ -111.818144033875996, 40.452630074989898 ], [ -111.820346737986995, 40.451713238025498 ], [ -111.824014703022002, 40.459593343239199 ], [ -111.827116363814994, 40.458898981970997 ], [ -111.837538808183993, 40.458863225888301 ], [ -111.837551217511006, 40.460829132869897 ], [ -111.849843809673004, 40.460784989422699 ], [ -111.849844543597001, 40.460786573053802 ] ] ] } }
]
}
