{
"type": "FeatureCollection",
"crs": { "type": "name", "properties": { "name": "urn:ogc:def:crs:OGC:1.3:CRS84" } },
"features": [
{ "type": "Feature", "properties": { "precinct": "DRP009", "county": "Salt Lake", "CountyID": 18 }, "geometry": { "type": "Polygon", "coordinates": [ [ [ -111.896966302443005, 40.504415991327789 ], [ -111.896976904360002, 40.506239361901599 ], [ -111.898638797516995, 40.506233719466898 ], [ -111.899503872439993, 40.506225273230896 ], [ -111.900369006652994, 40.506221982436003 ], [ -111.901234148949996, 40.506223847083191 ], [ -111.902099244534995, 40.506230866488799 ], [ -111.902964242204007, 40.506243041334393 ], [ -111.903829089853005, 40.506260369567997 ], [ -111.903825640323006, 40.506517456644801 ], [ -111.903829971101004, 40.50677453590589 ], [ -111.903842077695998, 40.507031469382994 ], [ -111.903861954717996, 40.50728812184159 ], [ -111.903889593184005, 40.507544354634497 ], [ -111.903933998705995, 40.507670493702406 ], [ -111.903986812458015, 40.507794730364395 ], [ -111.904047896099996, 40.507916739521292 ], [ -111.904117088834994, 40.50803619812519 ], [ -111.904194208304006, 40.508152795423882 ], [ -111.904279053284014, 40.508266224082405 ], [ -111.904371400993995, 40.508376186329095 ], [ -111.904471006193006, 40.508482391907101 ], [ -111.904577610166001, 40.508584563537497 ], [ -111.904690933536997, 40.508682432821303 ], [ -111.904810676268994, 40.508775742288201 ], [ -111.904936524850996, 40.508864246079497 ], [ -111.905068149599998, 40.508947713362303 ], [ -111.905205202868018, 40.509025924232184 ], [ -111.905409218353, 40.509119384845292 ], [ -111.904894792715993, 40.509869452772499 ], [ -111.904279283253004, 40.511224084860203 ], [ -111.904117308023999, 40.512430917504396 ], [ -111.904084911181997, 40.513834753794391 ], [ -111.904322978207006, 40.518317774323101 ], [ -111.904455671052006, 40.521807834548397 ], [ -111.904561821376006, 40.524763150545397 ], [ -111.904589497572005, 40.526779233860488 ], [ -111.902859662135, 40.526808191892002 ], [ -111.896498987154004, 40.526775917444695 ], [ -111.894469345279006, 40.526801737276898 ], [ -111.891078457508002, 40.526821988774806 ], [ -111.890970545588004, 40.526822631300092 ], [ -111.890970544688997, 40.526800088970397 ], [ -111.890969543965994, 40.526754087271996 ], [ -111.890968544141003, 40.526708088956099 ], [ -111.890968545039996, 40.526180087946294 ], [ -111.890965545564995, 40.524458088469999 ], [ -111.890970546486002, 40.523885087597009 ], [ -111.890972544338993, 40.523557087518 ], [ -111.89097754526, 40.522961088054799 ], [ -111.890975544712006, 40.522573087210802 ], [ -111.890975545610999, 40.522246087244014 ], [ -111.890984544933005, 40.519891087395294 ], [ -111.890988544232997, 40.5188810867961 ], [ -111.890928543957997, 40.515438087014701 ], [ -111.890928543059999, 40.515329999375801 ], [ -111.890928543957997, 40.515293087097504 ], [ -111.890931542535, 40.513952086784307 ], [ -111.890927545032, 40.512826087280203 ], [ -111.890926543410004, 40.512373086669605 ], [ -111.890955543722995, 40.5105700859908 ], [ -111.890956542648993, 40.510474086039608 ], [ -111.890957544271004, 40.510275085867008 ], [ -111.890967544315998, 40.506657085855501 ], [ -111.890972541644004, 40.504677084654006 ], [ -111.890972541644004, 40.504484085533399 ], [ -111.890973541468995, 40.504441085505107 ], [ -111.890974542191998, 40.504404085268106 ], [ -111.890974543989003, 40.504375084772605 ], [ -111.890975542915996, 40.504330085415795 ], [ -111.890976541841994, 40.504297084320001 ], [ -111.890976541841994, 40.504269085799194 ], [ -111.890980542939005, 40.504097084969104 ], [ -111.890977541667013, 40.503557085723784 ], [ -111.890963543219996, 40.5009100855778 ], [ -111.890962542496993, 40.500696086025201 ], [ -111.890955542824003, 40.500029085133789 ], [ -111.891063461931012, 40.500032938410499 ], [ -111.891235542307996, 40.500039084799795 ], [ -111.891228542636, 40.500731084843295 ], [ -111.891245543251998, 40.504297085685998 ], [ -111.891245541456001, 40.504369085634188 ], [ -111.891246541281006, 40.504439084200598 ], [ -111.891395543938998, 40.504440085535897 ], [ -111.891553541427001, 40.504439086249697 ], [ -111.892028542701993, 40.504438085597393 ], [ -111.892185543061004, 40.50443908624969 ], [ -111.893199543387013, 40.5044350856896 ], [ -111.893773542599007, 40.504440086902001 ], [ -111.894527543533002, 40.504446084668004 ], [ -111.895914543230006, 40.504423084690792 ], [ -111.896015543511993, 40.504427084568697 ], [ -111.896946543997998, 40.50441608627019 ], [ -111.896966302443005, 40.504415991327789 ] ] ] } },
{ "type": "Feature", "properties": { "precinct": "DRP019", "county": "Salt Lake", "CountyID": 18 }, "geometry": { "type": "Polygon", "coordinates": [ [ [ -111.853310596102006, 40.511531962248498 ], [ -111.853321536684021, 40.506987689620694 ], [ -111.853319336710001, 40.505645955616899 ], [ -111.853317222973999, 40.505645959714997 ], [ -111.853316317473002, 40.505423000269509 ], [ -111.853312758347002, 40.50502669401569 ], [ -111.853292043197001, 40.504081278678896 ], [ -111.853299194684993, 40.503990234483886 ], [ -111.853178793487004, 40.503738884188301 ], [ -111.853103485022004, 40.503646300623394 ], [ -111.852943769955004, 40.50344994408259 ], [ -111.852687847116997, 40.503192147852097 ], [ -111.852662255012007, 40.503166367423098 ], [ -111.852637086913006, 40.503141014575107 ], [ -111.853440968599998, 40.502618036945201 ], [ -111.853821698871997, 40.502351558553109 ], [ -111.854609638157001, 40.5018368016108 ], [ -111.855244377855001, 40.501431806696999 ], [ -111.855975578649009, 40.500951690982198 ], [ -111.856127534069003, 40.500852087700892 ], [ -111.856127646358004, 40.500852017344087 ], [ -111.856601534620012, 40.50054708759339 ], [ -111.856778535070006, 40.500434088516187 ], [ -111.857171536329005, 40.500204087612104 ], [ -111.857662534802003, 40.499923086806504 ], [ -111.858071534158, 40.499711087600197 ], [ -111.858119535634998, 40.499687087325597 ], [ -111.858577534496007, 40.499461087449802 ], [ -111.858945537436995, 40.499412086668997 ], [ -111.860049537277007, 40.49926908771269 ], [ -111.860418535551005, 40.499221087521796 ], [ -111.860660536299008, 40.499111087040291 ], [ -111.861386536745002, 40.498785087459908 ], [ -111.86156277811898, 40.498706758768094 ], [ -111.861629456469004, 40.498677125310202 ], [ -111.861676456325, 40.498737125176106 ], [ -111.861715477344006, 40.498786942750392 ], [ -111.861817454993997, 40.498917125134902 ], [ -111.861822152284006, 40.49892309333849 ], [ -111.861854937198999, 40.498964755305884 ], [ -111.861865376520996, 40.498977633008593 ], [ -111.862349519050994, 40.499560652494196 ], [ -111.862251830858, 40.499650878897391 ], [ -111.862166418141996, 40.499750457321895 ], [ -111.862098244994996, 40.499846191191402 ], [ -111.862049701833996, 40.499954988238485 ], [ -111.862013516795997, 40.500088671208104 ], [ -111.861999502179003, 40.500198676917584 ], [ -111.861991390392006, 40.500635756618607 ], [ -111.862821846939994, 40.500639666556005 ], [ -111.863384944196994, 40.50064868249909 ], [ -111.865012044704997, 40.500654330185284 ], [ -111.865022509179994, 40.500658059105994 ], [ -111.865328242702006, 40.500658789999008 ], [ -111.865820876108998, 40.5006599566955 ], [ -111.870902658248013, 40.500672029407603 ], [ -111.870895152822996, 40.500758685241095 ], [ -111.870628475355005, 40.503838485915509 ], [ -111.870591903142994, 40.504307422820901 ], [ -111.870581595873006, 40.504382586597806 ], [ -111.870562511165005, 40.504456746906293 ], [ -111.870534808019997, 40.504529303359291 ], [ -111.870498414573007, 40.504600170582101 ], [ -111.870453799744993, 40.504668244109702 ], [ -111.870401319267003, 40.504732970008398 ], [ -111.869269960336993, 40.50599705301731 ], [ -111.869255307917001, 40.50601352343751 ], [ -111.868744015602999, 40.506580356419796 ], [ -111.868103614722003, 40.507295914986202 ], [ -111.868100843419001, 40.507298975554001 ], [ -111.867301821618, 40.50819497552051 ], [ -111.866587235165994, 40.509003380015592 ], [ -111.866387885530017, 40.509228898334499 ], [ -111.866316076003002, 40.509316233615799 ], [ -111.866251974020997, 40.509406992604902 ], [ -111.866195858061005, 40.509500784618801 ], [ -111.866147971569006, 40.509597195072203 ], [ -111.866121214348993, 40.509661449051798 ], [ -111.866098115070002, 40.509726523918189 ], [ -111.866076901355001, 40.509799216731103 ], [ -111.866060254674011, 40.509872598595791 ], [ -111.866048205571005, 40.509946502862199 ], [ -111.865907983944993, 40.511015675557978 ], [ -111.865883745602005, 40.511200502584991 ], [ -111.865788848473997, 40.511924077648494 ], [ -111.865191556845005, 40.511928641889192 ], [ -111.864398043514001, 40.511903848285307 ], [ -111.863142552683001, 40.511903848968203 ], [ -111.861202250958002, 40.511862528323512 ], [ -111.860435911663998, 40.511866659569499 ], [ -111.859669572369, 40.511874925475702 ], [ -111.859218465382995, 40.511845999238794 ], [ -111.858501042051003, 40.511734432933494 ], [ -111.857865145323004, 40.511631129646879 ], [ -111.857337949235017, 40.511581544941592 ], [ -111.856571610840007, 40.511573281048115 ], [ -111.854598697575, 40.5115526206271 ], [ -111.853310596102006, 40.511531962248498 ] ] ] } },
{ "type": "Feature", "properties": { "precinct": "DRP017", "county": "Salt Lake", "CountyID": 18 }, "geometry": { "type": "Polygon", "coordinates": [ [ [ -111.881779514504998, 40.51528472190509 ], [ -111.881774542330007, 40.514654087607397 ], [ -111.881776541980003, 40.514442087837793 ], [ -111.881781543798994, 40.513945088675001 ], [ -111.881785541301994, 40.513485087905593 ], [ -111.881786542924004, 40.513402087259898 ], [ -111.881788541674993, 40.513280086716897 ], [ -111.881788541674993, 40.513110087504401 ], [ -111.881792541872997, 40.512107086861398 ], [ -111.881794542421019, 40.511648087003906 ], [ -111.881793541698002, 40.511583087079607 ], [ -111.88179154025201, 40.511390086659908 ], [ -111.881791541149994, 40.511326086352106 ], [ -111.881790541325003, 40.511282087428292 ], [ -111.881790541325003, 40.511153086676394 ], [ -111.881790541325003, 40.511110087508797 ], [ -111.881788541675007, 40.510978088176792 ], [ -111.881785542201001, 40.510582087938502 ], [ -111.881784541477018, 40.510450086884099 ], [ -111.881782541826993, 40.510217087891697 ], [ -111.881781682140002, 40.510005415584907 ], [ -111.881781542900995, 40.5099710868312 ], [ -111.881788542574, 40.509518086740201 ], [ -111.881794540624995, 40.509287087035496 ], [ -111.881796541173003, 40.508731086698518 ], [ -111.881834540808001, 40.508233086957098 ], [ -111.881886540685997, 40.507976086368103 ], [ -111.881925541043998, 40.50786508529891 ], [ -111.881886539787999, 40.507628087883688 ], [ -111.881810541416996, 40.507035084569097 ], [ -111.881787540952004, 40.505742086790086 ], [ -111.881800542269005, 40.505342085863894 ], [ -111.881801540297005, 40.505295086559798 ], [ -111.881808540867993, 40.50515608700109 ], [ -111.881810542314994, 40.505110085476808 ], [ -111.881805541394002, 40.50422508702659 ], [ -111.881803540845993, 40.503924085770201 ], [ -111.881796540275019, 40.50254208635679 ], [ -111.881798540822999, 40.501570086505886 ], [ -111.881799541546002, 40.501260085481491 ], [ -111.881812540167999, 40.500686085774099 ], [ -111.881822900437996, 40.500686085774113 ], [ -111.882318540506006, 40.500686085774099 ], [ -111.882628540127996, 40.5006860864572 ], [ -111.883837540447999, 40.500688085824486 ], [ -111.884344539712998, 40.500689085166492 ], [ -111.884429541, 40.500689085849601 ], [ -111.884685541093006, 40.500689086532709 ], [ -111.884771541307003, 40.500689085849601 ], [ -111.884864540294998, 40.500689085849601 ], [ -111.884941540287997, 40.500690085874709 ], [ -111.885254542078997, 40.500691085899902 ], [ -111.885350541440005, 40.500691085899902 ], [ -111.886612540564997, 40.50068908448339 ], [ -111.887088540766001, 40.500688086507502 ], [ -111.887668542520998, 40.500687085116205 ], [ -111.887970540848002, 40.500687085799285 ], [ -111.888188542205, 40.500687085799292 ], [ -111.888879542490997, 40.500684085723705 ], [ -111.889182541541004, 40.500684085723684 ], [ -111.889297541169, 40.500675085496091 ], [ -111.889429542312001, 40.500653085617799 ], [ -111.889475541444, 40.500642084651297 ], [ -111.889575541902005, 40.500621085471501 ], [ -111.889783541415994, 40.500553085707494 ], [ -111.889902541241, 40.500499085584593 ], [ -111.890008543343001, 40.500444083340291 ], [ -111.890193542393007, 40.500320085802599 ], [ -111.890266541288995, 40.500256085176908 ], [ -111.890347541480011, 40.500188085726109 ], [ -111.89041754359701, 40.5001190848064 ], [ -111.890473541877, 40.500045085008495 ], [ -111.890569542136006, 40.500041084869409 ], [ -111.890859541666003, 40.500032085921696 ], [ -111.890955542824003, 40.500029085133789 ], [ -111.890962542496993, 40.500696086025201 ], [ -111.890963543219996, 40.5009100855778 ], [ -111.890977541667013, 40.503557085723784 ], [ -111.890980542939005, 40.504097084969104 ], [ -111.890976541841994, 40.504269085799194 ], [ -111.890976541841994, 40.504297084320001 ], [ -111.890975542915996, 40.504330085415795 ], [ -111.890974543989003, 40.504375084772605 ], [ -111.890974542191998, 40.504404085268106 ], [ -111.890973541468995, 40.504441085505107 ], [ -111.890972541644004, 40.504484085533399 ], [ -111.890972541644004, 40.504677084654006 ], [ -111.890967544315998, 40.506657085855501 ], [ -111.890957544271004, 40.510275085867008 ], [ -111.890956542648993, 40.510474086039608 ], [ -111.890955543722995, 40.5105700859908 ], [ -111.890926543410004, 40.512373086669605 ], [ -111.890927545032, 40.512826087280203 ], [ -111.890931542535, 40.513952086784307 ], [ -111.890928543957997, 40.515293087097504 ], [ -111.890928543059999, 40.515329999375801 ], [ -111.890820645513003, 40.515321972920397 ], [ -111.890696198303004, 40.515312717192998 ], [ -111.890163646459996, 40.515309257477902 ], [ -111.887327912144997, 40.515298875599697 ], [ -111.884492177829998, 40.515288494402796 ], [ -111.882708623138996, 40.515284896051902 ], [ -111.881887417442002, 40.515284743075902 ], [ -111.881779514504998, 40.51528472190509 ] ] ] } },
{ "type": "Feature", "properties": { "precinct": "DRP020", "county": "Salt Lake", "CountyID": 18 }, "geometry": { "type": "Polygon", "coordinates": [ [ [ -111.881822900437996, 40.500686085774113 ], [ -111.881829700685003, 40.500603738020892 ], [ -111.881830733748004, 40.5005912212957 ], [ -111.881831020310003, 40.500475606781599 ], [ -111.881831582654996, 40.500251012612082 ], [ -111.881832441444999, 40.499907204393303 ], [ -111.88183279807599, 40.499764466065393 ], [ -111.881833586797001, 40.499448412034489 ], [ -111.881834544401002, 40.499065245995901 ], [ -111.881835352885005, 40.498742218348298 ], [ -111.881835969129, 40.498495772170308 ], [ -111.881848179928994, 40.498495561092497 ], [ -111.881849692692001, 40.498202395271292 ], [ -111.881851018605005, 40.497933949755812 ], [ -111.881901082613993, 40.497821788547299 ], [ -111.881978269456994, 40.497547876634904 ], [ -111.882058028176004, 40.497391354942401 ], [ -111.882250583853008, 40.497131919864991 ], [ -111.882313176666003, 40.497059142278999 ], [ -111.881839592933005, 40.497058454383001 ], [ -111.881842886157003, 40.495737734930202 ], [ -111.881848674900013, 40.493378214773308 ], [ -111.877051518570013, 40.493342462018397 ], [ -111.876594232073003, 40.493338997070893 ], [ -111.876088794080005, 40.493335904441189 ], [ -111.876585473497997, 40.493145565684699 ], [ -111.877460257414, 40.492824672411601 ], [ -111.878206399885002, 40.492544871069192 ], [ -111.878569178225007, 40.492409860714403 ], [ -111.878926810116013, 40.492274850771103 ], [ -111.879397650393997, 40.492100706842507 ], [ -111.87995596951302, 40.491895254300211 ], [ -111.880470548762005, 40.491693716369802 ], [ -111.880573466049, 40.491648711239009 ], [ -111.880943962713005, 40.491435432950098 ], [ -111.881247565430996, 40.491257373626389 ], [ -111.881893364288999, 40.49082298330039 ], [ -111.882777637109001, 40.490294790552994 ], [ -111.883006783862996, 40.490154148963491 ], [ -111.883762573342011, 40.489827007296093 ], [ -111.885266112379995, 40.489178833084587 ], [ -111.886894272898999, 40.488472561366798 ], [ -111.887392774101997, 40.488255478469412 ], [ -111.888305349242998, 40.487854947636492 ], [ -111.88947521355901, 40.487338227958297 ], [ -111.890216338041, 40.487035366373505 ], [ -111.891059800398011, 40.486697120847708 ], [ -111.891549314854004, 40.486392466326109 ], [ -111.891941910073996, 40.486041620915998 ], [ -111.892265796752, 40.485690773671891 ], [ -111.892599502015003, 40.4850189345538 ], [ -111.892943021373, 40.484294832848903 ], [ -111.893384687964002, 40.48369763035759 ], [ -111.893865613627995, 40.4832646553144 ], [ -111.894513393270003, 40.482831676111694 ], [ -111.895779507577998, 40.48204036450359 ], [ -111.896397842243005, 40.4821971344996 ], [ -111.896702100731005, 40.482316577409705 ], [ -111.897261546337006, 40.482674908280899 ], [ -111.897968215039, 40.483257189390102 ], [ -111.898391098754999, 40.483608858324203 ], [ -111.898761092363003, 40.483916538604703 ], [ -111.898760542594005, 40.4839170824701 ], [ -111.898676542030003, 40.48399808215931 ], [ -111.898359540938998, 40.484311083126798 ], [ -111.89715954173802, 40.485495082655206 ], [ -111.89676054153, 40.485891083422409 ], [ -111.896339541581, 40.486306082990801 ], [ -111.896103540680997, 40.486539083054296 ], [ -111.895721541089003, 40.486937082221502 ], [ -111.894178541757, 40.488444083465893 ], [ -111.89359954072502, 40.489020083779195 ], [ -111.892813437596004, 40.489804199064899 ], [ -111.892808746594, 40.489809202734499 ], [ -111.892260811102005, 40.490393485162492 ], [ -111.891850583749004, 40.490957908718201 ], [ -111.891696901767006, 40.491205965498004 ], [ -111.891464073717003, 40.491666647164195 ], [ -111.891400264585002, 40.491792902169202 ], [ -111.891196443135996, 40.492352133536002 ], [ -111.891113492702004, 40.492684278645598 ], [ -111.891000990391007, 40.493280643557597 ], [ -111.890960886003, 40.49372420221939 ], [ -111.890960621898998, 40.493759083757396 ], [ -111.890941423105005, 40.496331961174903 ], [ -111.890940337041002, 40.49640058002629 ], [ -111.890938815295016, 40.496613083588805 ], [ -111.890935541833997, 40.497070084402104 ], [ -111.890930540913004, 40.4977870846798 ], [ -111.890938542206996, 40.498521085104997 ], [ -111.890945542777999, 40.499214085826097 ], [ -111.890954533118006, 40.499946740672598 ], [ -111.890955542824003, 40.500029085133789 ], [ -111.890859541666003, 40.500032085921696 ], [ -111.890569542136006, 40.500041084869409 ], [ -111.890473541877, 40.500045085008495 ], [ -111.89041754359701, 40.5001190848064 ], [ -111.890347541480011, 40.500188085726109 ], [ -111.890266541288995, 40.500256085176908 ], [ -111.890193542393007, 40.500320085802599 ], [ -111.890008543343001, 40.500444083340291 ], [ -111.889902541241, 40.500499085584593 ], [ -111.889783541415994, 40.500553085707494 ], [ -111.889575541902005, 40.500621085471501 ], [ -111.889475541444, 40.500642084651297 ], [ -111.889429542312001, 40.500653085617799 ], [ -111.889297541169, 40.500675085496091 ], [ -111.889182541541004, 40.500684085723684 ], [ -111.888879542490997, 40.500684085723705 ], [ -111.888188542205, 40.500687085799292 ], [ -111.887970540848002, 40.500687085799285 ], [ -111.887668542520998, 40.500687085116205 ], [ -111.887088540766001, 40.500688086507502 ], [ -111.886612540564997, 40.50068908448339 ], [ -111.885350541440005, 40.500691085899902 ], [ -111.885254542078997, 40.500691085899902 ], [ -111.884941540287997, 40.500690085874709 ], [ -111.884864540294998, 40.500689085849601 ], [ -111.884771541307003, 40.500689085849601 ], [ -111.884685541093006, 40.500689086532709 ], [ -111.884429541, 40.500689085849601 ], [ -111.884344539712998, 40.500689085166492 ], [ -111.883837540447999, 40.500688085824486 ], [ -111.882628540127996, 40.5006860864572 ], [ -111.882318540506006, 40.500686085774099 ], [ -111.881822900437996, 40.500686085774113 ] ] ] } },
{ "type": "Feature", "properties": { "precinct": "DRP024", "county": "Salt Lake", "CountyID": 18 }, "geometry": { "type": "Polygon", "coordinates": [ [ [ -111.870053359536996, 40.490578334857496 ], [ -111.870043254387994, 40.490535549315801 ], [ -111.869783458014993, 40.489426123750491 ], [ -111.869534457594995, 40.488772124815299 ], [ -111.869509457480007, 40.488707123901193 ], [ -111.869380458506996, 40.488493123684201 ], [ -111.869041455878005, 40.488103123149209 ], [ -111.868379455905, 40.487208122857098 ], [ -111.868163457790999, 40.486708124100602 ], [ -111.868140456427994, 40.486629124735202 ], [ -111.868052455666003, 40.486319123680694 ], [ -111.868019456054, 40.486203123830308 ], [ -111.867925455445004, 40.4859891238277 ], [ -111.867522456835005, 40.485599123773099 ], [ -111.867263456369002, 40.4854791237208 ], [ -111.867184454929998, 40.485424124194509 ], [ -111.866968457715004, 40.485155123327893 ], [ -111.866801455514008, 40.485006123178898 ], [ -111.866521455130993, 40.484798123664994 ], [ -111.866514600984999, 40.484780640941501 ], [ -111.866383455936997, 40.484446123439795 ], [ -111.866343454855993, 40.484345123018791 ], [ -111.866326977957002, 40.484302479034191 ], [ -111.866668720446995, 40.484324693346402 ], [ -111.867120201133005, 40.484466527795192 ], [ -111.867561868622005, 40.484690476530503 ], [ -111.86864150255802, 40.485250345099701 ], [ -111.869083169148993, 40.485489223940689 ], [ -111.869819281031994, 40.485750492045192 ], [ -111.870211874454995, 40.485802746773892 ], [ -111.870673171031996, 40.485817676688882 ], [ -111.874294844084005, 40.485795281131892 ], [ -111.875187991359994, 40.485668379439097 ], [ -111.876944847223001, 40.4853026002177 ], [ -111.878986332485994, 40.484772592382697 ], [ -111.879511453465994, 40.484642263671013 ], [ -111.879918741531, 40.484541177456606 ], [ -111.880860963770999, 40.484347088027597 ], [ -111.881498928420982, 40.484287369772098 ], [ -111.88208781810701, 40.484324692663087 ], [ -111.882686521888004, 40.484459062004603 ], [ -111.883147822058007, 40.484638221619107 ], [ -111.883412820575003, 40.4847651259429 ], [ -111.884011527050006, 40.485130907410003 ], [ -111.884315785539002, 40.485295135886595 ], [ -111.884718193056997, 40.484884565649899 ], [ -111.884904674327004, 40.48475766155201 ], [ -111.885405229976016, 40.484406808279601 ], [ -111.885719305254, 40.484257507208305 ], [ -111.886180601830006, 40.484123136780084 ], [ -111.888663753684995, 40.48357819058829 ], [ -111.892275610845999, 40.482764490529 ], [ -111.892721992694007, 40.482580547864693 ], [ -111.893764718447997, 40.482188774061896 ], [ -111.894399149126002, 40.482045440495007 ], [ -111.894983327147997, 40.481997663026796 ], [ -111.895473284473994, 40.482016774018192 ], [ -111.895779507577998, 40.48204036450359 ], [ -111.894513393270003, 40.482831676111694 ], [ -111.893865613627995, 40.4832646553144 ], [ -111.893384687964002, 40.48369763035759 ], [ -111.892943021373, 40.484294832848903 ], [ -111.892599502015003, 40.4850189345538 ], [ -111.892265796752, 40.485690773671891 ], [ -111.891941910073996, 40.486041620915998 ], [ -111.891549314854004, 40.486392466326109 ], [ -111.891059800398011, 40.486697120847708 ], [ -111.890216338041, 40.487035366373505 ], [ -111.88947521355901, 40.487338227958297 ], [ -111.888305349242998, 40.487854947636492 ], [ -111.887392774101997, 40.488255478469412 ], [ -111.886894272898999, 40.488472561366798 ], [ -111.885266112379995, 40.489178833084587 ], [ -111.883762573342011, 40.489827007296093 ], [ -111.883006783862996, 40.490154148963491 ], [ -111.882777637109001, 40.490294790552994 ], [ -111.881893364288999, 40.49082298330039 ], [ -111.881247565430996, 40.491257373626389 ], [ -111.880943962713005, 40.491435432950098 ], [ -111.880573466049, 40.491648711239009 ], [ -111.880470548762005, 40.491693716369802 ], [ -111.87995596951302, 40.491895254300211 ], [ -111.879397650393997, 40.492100706842507 ], [ -111.878926810116013, 40.492274850771103 ], [ -111.878569178225007, 40.492409860714403 ], [ -111.878206399885002, 40.492544871069192 ], [ -111.877460257414, 40.492824672411601 ], [ -111.876585473497997, 40.493145565684699 ], [ -111.876088794080005, 40.493335904441189 ], [ -111.874511946227003, 40.493912351216991 ], [ -111.872112418542002, 40.494796075044 ], [ -111.869738014041005, 40.495660680813991 ], [ -111.868920557013993, 40.49595968138641 ], [ -111.869339954368996, 40.495387309999209 ], [ -111.870133353615003, 40.494625601333198 ], [ -111.871123425516998, 40.493823232675595 ], [ -111.872969841617007, 40.492349087315795 ], [ -111.874373362230003, 40.491229462574893 ], [ -111.875070998371001, 40.490687854707197 ], [ -111.874291090922995, 40.490154148963505 ], [ -111.874202646393002, 40.490083830107693 ], [ -111.874198627330998, 40.48990955820269 ], [ -111.874126263543005, 40.489796433948499 ], [ -111.874057921513, 40.489729170621786 ], [ -111.873917216593, 40.489695537908418 ], [ -111.873752388314998, 40.489704711089388 ], [ -111.873663947379001, 40.4897322285751 ], [ -111.873531282380995, 40.489658849954395 ], [ -111.873346352501997, 40.489619103338804 ], [ -111.873101124106995, 40.48963744835401 ], [ -111.872815692510002, 40.489723055397889 ], [ -111.872626746262995, 40.489768917172192 ], [ -111.872080004631997, 40.489827008662502 ], [ -111.871665928897002, 40.490022681583092 ], [ -111.871223712537002, 40.490258102243402 ], [ -111.871087027578, 40.490313134017093 ], [ -111.870299078412003, 40.490426258083502 ], [ -111.870053359536996, 40.490578334857496 ] ] ] } },
{ "type": "Feature", "properties": { "precinct": "DRP022", "county": "Salt Lake", "CountyID": 18 }, "geometry": { "type": "Polygon", "coordinates": [ [ [ -111.853534222709001, 40.498974025585298 ], [ -111.853563391007, 40.498398865539301 ], [ -111.853604113434997, 40.498124410183401 ], [ -111.853672579432995, 40.497944517394508 ], [ -111.853741280788995, 40.497809970804106 ], [ -111.853812563903006, 40.497701931943503 ], [ -111.853938214856001, 40.497552117377097 ], [ -111.854056571487007, 40.497438227944109 ], [ -111.854214461178003, 40.497307199046901 ], [ -111.854429271718999, 40.497155247504004 ], [ -111.855753368685001, 40.496356673779097 ], [ -111.856093241780997, 40.496146421662885 ], [ -111.856185911086996, 40.496089091861705 ], [ -111.856407968338004, 40.4959517216083 ], [ -111.856714495969996, 40.495807008141902 ], [ -111.856932119136005, 40.495726905305894 ], [ -111.857085593606996, 40.495688611199306 ], [ -111.857293499696993, 40.495648230796199 ], [ -111.857600520505002, 40.495598103483204 ], [ -111.857872887004021, 40.495563235197508 ], [ -111.858179875472999, 40.495507395487785 ], [ -111.858476995049003, 40.495447853846699 ], [ -111.858939742404999, 40.495336748019398 ], [ -111.859231695771001, 40.495239341554203 ], [ -111.859464188749001, 40.495157265150603 ], [ -111.859741166301006, 40.495056168814806 ], [ -111.859986008419995, 40.494957037707799 ], [ -111.860260317077007, 40.49482756493299 ], [ -111.860693028361993, 40.494640837381098 ], [ -111.861155461308002, 40.494457806467295 ], [ -111.861617877185012, 40.494286135031501 ], [ -111.862308017784002, 40.494043708505394 ], [ -111.863116747678006, 40.493749905665496 ], [ -111.863638424515997, 40.493526932639497 ], [ -111.863799035203996, 40.493452649577286 ], [ -111.864201504706017, 40.493180854683096 ], [ -111.864214243714997, 40.492777908224603 ], [ -111.864242599934997, 40.492526213961298 ], [ -111.864331705625005, 40.49250134008669 ], [ -111.864633524289005, 40.49240959769719 ], [ -111.864689282718999, 40.492391844374694 ], [ -111.865281617443998, 40.492203241591909 ], [ -111.865489386988997, 40.492126942412398 ], [ -111.865617910753997, 40.492064121311799 ], [ -111.865788278044008, 40.491959499960402 ], [ -111.865911809869999, 40.491891037794502 ], [ -111.866003258366007, 40.491847216724892 ], [ -111.866097235620003, 40.491805309862791 ], [ -111.866203597047999, 40.491780383117003 ], [ -111.866367074259998, 40.491759064173301 ], [ -111.866688914574993, 40.491714576928103 ], [ -111.866812760811001, 40.491704691476784 ], [ -111.866904343155994, 40.491685518342891 ], [ -111.867037958571999, 40.491647220563493 ], [ -111.867985307496994, 40.491332144171309 ], [ -111.868126269335008, 40.491282510983801 ], [ -111.868422673853004, 40.491109413836497 ], [ -111.868501783089997, 40.491071340492887 ], [ -111.868598221726998, 40.491033210424199 ], [ -111.868726914375003, 40.491002500990895 ], [ -111.868833284786007, 40.490979492988693 ], [ -111.869095787782996, 40.490946494889791 ], [ -111.869291362699002, 40.49091749472511 ], [ -111.869339484549997, 40.490905312315796 ], [ -111.869420044566994, 40.490884919482305 ], [ -111.869556041416004, 40.490835298261196 ], [ -111.869662402844, 40.490797137315404 ], [ -111.869783554134997, 40.490741910549502 ], [ -111.869939163002996, 40.490648693502699 ], [ -111.870053359536996, 40.490578334857496 ], [ -111.870299078412003, 40.490426258083502 ], [ -111.871087027578, 40.490313134017093 ], [ -111.871223712537002, 40.490258102243402 ], [ -111.871665928897002, 40.490022681583092 ], [ -111.872080004631997, 40.489827008662502 ], [ -111.872626746262995, 40.489768917172192 ], [ -111.872815692510002, 40.489723055397889 ], [ -111.873101124106995, 40.48963744835401 ], [ -111.873346352501997, 40.489619103338804 ], [ -111.873531282380995, 40.489658849954395 ], [ -111.873663947379001, 40.4897322285751 ], [ -111.873752388314998, 40.489704711089388 ], [ -111.873917216593, 40.489695537908418 ], [ -111.874057921513, 40.489729170621786 ], [ -111.874126263543005, 40.489796433948499 ], [ -111.874198627330998, 40.48990955820269 ], [ -111.874202646393002, 40.490083830107693 ], [ -111.874291090922995, 40.490154148963505 ], [ -111.875070998371001, 40.490687854707197 ], [ -111.874373362230003, 40.491229462574893 ], [ -111.872969841617007, 40.492349087315795 ], [ -111.871123425516998, 40.493823232675595 ], [ -111.870133353615003, 40.494625601333198 ], [ -111.869339954368996, 40.495387309999209 ], [ -111.868920557013993, 40.49595968138641 ], [ -111.867426424236001, 40.496506167899199 ], [ -111.866157561982007, 40.496969508749707 ], [ -111.86500176977502, 40.497399410185203 ], [ -111.862903751733995, 40.498268758656607 ], [ -111.861715477344006, 40.498786942750392 ], [ -111.861676456325, 40.498737125176106 ], [ -111.861629456469004, 40.498677125310202 ], [ -111.86156277811898, 40.498706758768094 ], [ -111.861386536745002, 40.498785087459908 ], [ -111.860660536299008, 40.499111087040291 ], [ -111.860418535551005, 40.499221087521796 ], [ -111.860049537277007, 40.49926908771269 ], [ -111.858945537436995, 40.499412086668997 ], [ -111.858577534496007, 40.499461087449802 ], [ -111.858119535634998, 40.499687087325597 ], [ -111.858071534158, 40.499711087600197 ], [ -111.857662534802003, 40.499923086806504 ], [ -111.857171536329005, 40.500204087612104 ], [ -111.856778535070006, 40.500434088516187 ], [ -111.856601534620012, 40.50054708759339 ], [ -111.856127646358004, 40.500852017344087 ], [ -111.855625592319001, 40.500385258533193 ], [ -111.855226356751999, 40.500014083924199 ], [ -111.854602612432998, 40.499459019053909 ], [ -111.854506688529995, 40.49937827574059 ], [ -111.854468196618996, 40.499352049836801 ], [ -111.854400162711002, 40.499305692539998 ], [ -111.854312367662999, 40.499253308974694 ], [ -111.854200666649007, 40.499194905957708 ], [ -111.854019810629012, 40.499114420535683 ], [ -111.853801855984997, 40.499036133214098 ], [ -111.853534222709001, 40.498974025585298 ] ] ] } },
{ "type": "Feature", "properties": { "precinct": "DRP012", "county": "Salt Lake", "CountyID": 18 }, "geometry": { "type": "Polygon", "coordinates": [ [ [ -111.848088127908994, 40.529674144817911 ], [ -111.847241233988001, 40.529677706209007 ], [ -111.847160763803004, 40.529678044868895 ], [ -111.846911536109005, 40.529679092256501 ], [ -111.846898937237, 40.529679091573684 ], [ -111.846891601595004, 40.529637917075092 ], [ -111.846839899059006, 40.52934772367469 ], [ -111.847042807820017, 40.526064863051097 ], [ -111.840656050255006, 40.526064863733914 ], [ -111.834849030339001, 40.526057519334195 ], [ -111.834288619942996, 40.526079553213698 ], [ -111.834307944501006, 40.524199363763316 ], [ -111.834327268161005, 40.522715739440201 ], [ -111.834320240641006, 40.522420875378096 ], [ -111.834322244782015, 40.522183978573203 ], [ -111.834421187024006, 40.521709206640317 ], [ -111.834551047481014, 40.521380156591093 ], [ -111.834835503508003, 40.520989994871208 ], [ -111.835231269781005, 40.520651538800507 ], [ -111.835633220057005, 40.520407096104194 ], [ -111.836900908212002, 40.5198900057107 ], [ -111.838839545358994, 40.519035916673801 ], [ -111.839168063750009, 40.519454590709998 ], [ -111.83935164525802, 40.519667596907702 ], [ -111.840047328462006, 40.519307687393898 ], [ -111.840462805569004, 40.519079988359103 ], [ -111.840733349386994, 40.518969810798701 ], [ -111.841081190539001, 40.518903703492697 ], [ -111.841573965880002, 40.5188890131232 ], [ -111.841950794769005, 40.518933084222091 ], [ -111.842583864499005, 40.518865215018103 ], [ -111.843060022803002, 40.518841709865505 ], [ -111.843412501060001, 40.518818206070399 ], [ -111.843448445348997, 40.517831301470203 ], [ -111.843496755846999, 40.517302437678701 ], [ -111.843499076195002, 40.516862595622797 ], [ -111.843451830201019, 40.516558907812794 ], [ -111.843534083541996, 40.516443518185611 ], [ -111.843655392038002, 40.5163106197055 ], [ -111.843731125405995, 40.516219407041007 ], [ -111.843795120489006, 40.516135946077391 ], [ -111.843868550577, 40.516032885179499 ], [ -111.843913808598998, 40.515964428458503 ], [ -111.843982192850007, 40.515851609012799 ], [ -111.844010035234007, 40.515801971428807 ], [ -111.844096368722006, 40.515629137641696 ], [ -111.844130461584001, 40.515552313983598 ], [ -111.844180670222002, 40.515422475982795 ], [ -111.844241549947, 40.515227704168609 ], [ -111.844330251394993, 40.515241728118703 ], [ -111.844583980547, 40.515270304597003 ], [ -111.844607917055995, 40.515399966014307 ], [ -111.844762511726003, 40.515958224797401 ], [ -111.845033055543993, 40.516847023848605 ], [ -111.845206975671005, 40.517302436995791 ], [ -111.845593466839006, 40.518036967547204 ], [ -111.845864011555008, 40.518367502918494 ], [ -111.846559695657007, 40.519175474065797 ], [ -111.847110443774, 40.519719013955594 ], [ -111.847738489226998, 40.52024785731809 ], [ -111.848724040807014, 40.521070495014904 ], [ -111.850424599250005, 40.522451327332206 ], [ -111.851439137667995, 40.523237215135609 ], [ -111.852337726938003, 40.523817444647186 ], [ -111.852927124171998, 40.524118572390698 ], [ -111.853265079365002, 40.524264892263808 ], [ -111.853290553790004, 40.524645747024493 ], [ -111.853350000701994, 40.524826490702793 ], [ -111.853417937591999, 40.525026601669801 ], [ -111.853570797616001, 40.525110518619698 ], [ -111.853613258284994, 40.525194434781795 ], [ -111.853579290289005, 40.525291259679001 ], [ -111.853400954044005, 40.525342901843104 ], [ -111.853417936694001, 40.52549782331679 ], [ -111.853732151211005, 40.52602068124429 ], [ -111.854054854807003, 40.526375709455991 ], [ -111.854674786676, 40.526911469745897 ], [ -111.854955030501998, 40.527176123726498 ], [ -111.855099398750994, 40.527505323535109 ], [ -111.855090906078999, 40.527627965290598 ], [ -111.854972014051, 40.52791198065291 ], [ -111.854683280247002, 40.5284154563697 ], [ -111.854182238608999, 40.528815653543894 ], [ -111.853494368053006, 40.529093206747199 ], [ -111.853188648005997, 40.529228756409907 ], [ -111.852950864849007, 40.529415943458503 ], [ -111.852822076980004, 40.529631725603799 ], [ -111.852797442479996, 40.529672997061297 ], [ -111.852773539208016, 40.529673091967993 ], [ -111.852656539031997, 40.529674092243688 ], [ -111.852021538822996, 40.5296770910224 ], [ -111.851889536781002, 40.529672092375002 ], [ -111.851862537916006, 40.529458091743898 ], [ -111.851826537931004, 40.529315091305094 ], [ -111.851793537419994, 40.529188092359291 ], [ -111.851685537465002, 40.528926092133887 ], [ -111.851532539101001, 40.528667091073693 ], [ -111.851448536741003, 40.528557089727407 ], [ -111.851348538080003, 40.528430090710785 ], [ -111.851266538063996, 40.528351091996697 ], [ -111.851172537454005, 40.528285090216585 ], [ -111.851113537005006, 40.528247091914096 ], [ -111.850973537263016, 40.528180091099195 ], [ -111.850828538396001, 40.528126091372002 ], [ -111.850639536453997, 40.528090090846902 ], [ -111.850507538005999, 40.528083091482202 ], [ -111.850351536573001, 40.528086091014892 ], [ -111.850271537105996, 40.528094092726995 ], [ -111.850147537257001, 40.52811709073039 ], [ -111.850020536136995, 40.528157091068998 ], [ -111.849845536234994, 40.528209091541683 ], [ -111.849673536706021, 40.528271092210105 ], [ -111.849488536758003, 40.528351091313901 ], [ -111.849330536574001, 40.528433090910802 ], [ -111.849193539002002, 40.528513089821203 ], [ -111.849021536777997, 40.528622091631092 ], [ -111.848857536745996, 40.528746091463695 ], [ -111.848739537643993, 40.528843091486607 ], [ -111.848609537947993, 40.528965091020503 ], [ -111.848436536796996, 40.529194091325706 ], [ -111.848312536050003, 40.529330092105511 ], [ -111.848210535942997, 40.529491091381701 ], [ -111.848100537235993, 40.52967409224371 ], [ -111.848096134593007, 40.529674109996101 ], [ -111.848091500183997, 40.529674130479499 ], [ -111.848088127908994, 40.529674144817911 ] ] ] } },
{ "type": "Feature", "properties": { "precinct": "DRP003", "county": "Salt Lake", "CountyID": 18 }, "geometry": { "type": "Polygon", "coordinates": [ [ [ -111.881758546029999, 40.544329091096898 ], [ -111.881758226228996, 40.544291097114204 ], [ -111.881755546554999, 40.543972090298901 ], [ -111.881752777049002, 40.543573318209091 ], [ -111.881748546881994, 40.542964091628498 ], [ -111.881738545938006, 40.542902090219499 ], [ -111.881726545343994, 40.542818091103783 ], [ -111.881671545991011, 40.542552090592203 ], [ -111.881503545761007, 40.542268090861313 ], [ -111.881352545249996, 40.542011090355501 ], [ -111.881294545524, 40.54182808973691 ], [ -111.881262544839004, 40.5416720898668 ], [ -111.881254546239006, 40.541514090118099 ], [ -111.881285545303001, 40.541337090799701 ], [ -111.881290545325996, 40.5413110902009 ], [ -111.881404545129001, 40.541031090411884 ], [ -111.881495546263992, 40.540904090460792 ], [ -111.881577546279999, 40.540723089770182 ], [ -111.881649544453012, 40.540466090163399 ], [ -111.881691544285999, 40.540317089987695 ], [ -111.881735544667009, 40.540168089480609 ], [ -111.881748545085998, 40.540129090287301 ], [ -111.881759544955997, 40.540058089947301 ], [ -111.881768544278998, 40.539944090426701 ], [ -111.881769545899999, 40.53970709035309 ], [ -111.881771545550009, 40.539553089896202 ], [ -111.881771544652011, 40.539345090206695 ], [ -111.881772544477002, 40.538723090275091 ], [ -111.881773545200005, 40.538516090882993 ], [ -111.881773545200005, 40.5382720908705 ], [ -111.881773545200005, 40.53821809040079 ], [ -111.881775544850001, 40.537326089516299 ], [ -111.88177654467502, 40.537029090051099 ], [ -111.881783488652005, 40.537029017684091 ], [ -111.881872544933998, 40.537028089885098 ], [ -111.882208546290997, 40.537028089202408 ], [ -111.882451545066999, 40.537028089202394 ], [ -111.883193544508998, 40.537031090382904 ], [ -111.883301477988994, 40.537031315676195 ], [ -111.883373433941003, 40.537031467919896 ], [ -111.883937301952997, 40.537032202512691 ], [ -111.885123581184999, 40.5370334709825 ], [ -111.885976699532009, 40.537034453397908 ], [ -111.886534882107, 40.537036896806406 ], [ -111.887545284681011, 40.537035100604186 ], [ -111.891399288117, 40.537025368614501 ], [ -111.891646749723009, 40.5370350098042 ], [ -111.891677664344996, 40.537035138153101 ], [ -111.892361891334005, 40.537037042905695 ], [ -111.892428903858004, 40.537037070214012 ], [ -111.892752191358994, 40.537036306947599 ], [ -111.892861855891994, 40.537036048201607 ], [ -111.892899546506001, 40.53719308838761 ], [ -111.892983547070017, 40.537547088657014 ], [ -111.893197546432006, 40.538444089371303 ], [ -111.893236547689, 40.538609088482602 ], [ -111.893321547178999, 40.538963090144897 ], [ -111.893358546989006, 40.539118089362006 ], [ -111.893469548214995, 40.539585089896192 ], [ -111.893507546951994, 40.539741089165098 ], [ -111.893725548307998, 40.540655089029798 ], [ -111.894249547292006, 40.542853089781104 ], [ -111.894374547864004, 40.543401089857085 ], [ -111.894553105992998, 40.544180799213905 ], [ -111.894584548824, 40.544318090469702 ], [ -111.893898548560998, 40.544317090412598 ], [ -111.893079547330004, 40.54431608967289 ], [ -111.89184354814401, 40.544326090243402 ], [ -111.891393546984006, 40.544331090528104 ], [ -111.891191366756004, 40.544363334675886 ], [ -111.891161548976996, 40.544368090575503 ], [ -111.890654547915005, 40.544364089667297 ], [ -111.89017933913, 40.544360335189197 ], [ -111.889136548696996, 40.544352090354501 ], [ -111.888990548208994, 40.544351089615304 ], [ -111.888630546561998, 40.544345089958 ], [ -111.887988546680006, 40.544335091438199 ], [ -111.887701546624001, 40.544331089845507 ], [ -111.886064546681993, 40.544314090241201 ], [ -111.885525546731998, 40.544310090695092 ], [ -111.885423547523004, 40.544309090637903 ], [ -111.885368547271, 40.544309090637903 ], [ -111.885206545990997, 40.544309090637903 ], [ -111.885152546463019, 40.544310091377703 ], [ -111.884473548567001, 40.544313090866702 ], [ -111.882436544998995, 40.5443240901294 ], [ -111.881758546029999, 40.544329091096898 ] ] ] } },
{ "type": "Feature", "properties": { "precinct": "DRP028", "county": "Salt Lake", "CountyID": 18 }, "geometry": { "type": "Polygon", "coordinates": [ [ [ -111.845572519024998, 40.486086926327189 ], [ -111.845468290197005, 40.485962456791604 ], [ -111.845409332867007, 40.485877811718289 ], [ -111.845290770521004, 40.485693916529797 ], [ -111.845245481956013, 40.485596055382999 ], [ -111.845212218238999, 40.485516327750091 ], [ -111.845182413935007, 40.485395142823691 ], [ -111.845151175021002, 40.485246345444999 ], [ -111.845140943209998, 40.485142669994502 ], [ -111.84513668968701, 40.48504007663059 ], [ -111.845144636184003, 40.484962040033096 ], [ -111.845149424203996, 40.484899823723396 ], [ -111.845185369391999, 40.484727608573507 ], [ -111.845225485458002, 40.4845986401074 ], [ -111.845265317656001, 40.484499319325003 ], [ -111.845322980513998, 40.484385176800998 ], [ -111.845387792164999, 40.484277218128 ], [ -111.845463666569003, 40.484167029851399 ], [ -111.845542213460007, 40.48407374354651 ], [ -111.845594801735004, 40.484022271155993 ], [ -111.845647815812001, 40.483970383994794 ], [ -111.845735485096, 40.483890357217795 ], [ -111.845847072921998, 40.483804549374391 ], [ -111.846113349741998, 40.483625885624598 ], [ -111.846602883960998, 40.48329388767619 ], [ -111.846754594141004, 40.483180564375502 ], [ -111.846895756302999, 40.48305815835171 ], [ -111.846981913722004, 40.482963311994695 ], [ -111.847021451271999, 40.482905329350892 ], [ -111.847042647920006, 40.482874195311098 ], [ -111.847091497407007, 40.482795378646202 ], [ -111.847125530081016, 40.482729179654783 ], [ -111.847166751074994, 40.482620740035493 ], [ -111.847204770472999, 40.48246218634619 ], [ -111.847218731189997, 40.482351520904814 ], [ -111.847226149478004, 40.482254655184796 ], [ -111.847222688268999, 40.482168034897093 ], [ -111.847213296383003, 40.482074567481398 ], [ -111.847197919920006, 40.481991441192001 ], [ -111.847162983540002, 40.481879823181195 ], [ -111.847099524751997, 40.481729529163601 ], [ -111.847072996603998, 40.481682879550689 ], [ -111.847072965161999, 40.481682827622095 ], [ -111.847041529517, 40.481628083944898 ], [ -111.847172224510004, 40.481555995363898 ], [ -111.847433638748996, 40.48155927165341 ], [ -111.847616827693003, 40.481561085740594 ], [ -111.849223172627006, 40.481581680922595 ], [ -111.849213903809002, 40.482013546262991 ], [ -111.849212286842004, 40.4820888778195 ], [ -111.849206926595002, 40.482338626345893 ], [ -111.85336113532, 40.4823435253494 ], [ -111.853368373047005, 40.482041099015809 ], [ -111.853370565833998, 40.481949507677399 ], [ -111.853404105333993, 40.480548188826489 ], [ -111.853405702537998, 40.480481514787108 ], [ -111.854941675248995, 40.480491081431801 ], [ -111.854977788420996, 40.478980716083697 ], [ -111.854982348270013, 40.4787900940415 ], [ -111.856092141345002, 40.478796916110504 ], [ -111.856164376673007, 40.478797360255591 ], [ -111.859357651251997, 40.478817001715491 ], [ -111.860165313946993, 40.478821955639994 ], [ -111.860171533881996, 40.478829085190711 ], [ -111.860277532390995, 40.478953083495504 ], [ -111.860310532900996, 40.478991084451103 ], [ -111.860403854384003, 40.479161652541691 ], [ -111.860638607523995, 40.479532327537896 ], [ -111.860793454621003, 40.479754122604909 ], [ -111.861016453305993, 40.480303123022686 ], [ -111.861203454700004, 40.480967122946709 ], [ -111.861340454968001, 40.481148123745108 ], [ -111.861563453651996, 40.481401123371292 ], [ -111.861671454505, 40.481632123445003 ], [ -111.862103454324995, 40.482131122133104 ], [ -111.862147452909994, 40.482241123804201 ], [ -111.862175455194006, 40.482406123239798 ], [ -111.862276453679996, 40.4825261233199 ], [ -111.862694452358014, 40.482839123635301 ], [ -111.862888453425001, 40.4830481233586 ], [ -111.862982454033997, 40.483245122426787 ], [ -111.863003453950995, 40.483410123493996 ], [ -111.863104455130994, 40.48365212245789 ], [ -111.863115455900001, 40.483703124372795 ], [ -111.863176455100998, 40.483970123677501 ], [ -111.863328455436999, 40.484173124400897 ], [ -111.863450457433004, 40.484635123805703 ], [ -111.863530453307007, 40.484986124147099 ], [ -111.863541763097004, 40.485012775856795 ], [ -111.863545237780002, 40.485020769044596 ], [ -111.863154822770994, 40.485449992062705 ], [ -111.862999811281995, 40.485684805657705 ], [ -111.863443823373998, 40.4860068351175 ], [ -111.863166878162019, 40.486217976451904 ], [ -111.862252465067996, 40.486381039423101 ], [ -111.861848231275005, 40.487233180428703 ], [ -111.861599419501005, 40.487359221047399 ], [ -111.860913515356998, 40.487706678366308 ], [ -111.860069661335999, 40.487875447287998 ], [ -111.859188490399006, 40.488051681177005 ], [ -111.858880600022005, 40.488175431522912 ], [ -111.858094451976996, 40.488491407482094 ], [ -111.857169031826004, 40.488863358413106 ], [ -111.856340844423002, 40.489196229946494 ], [ -111.855573897868013, 40.489503889396403 ], [ -111.855122340824991, 40.489256706278397 ], [ -111.854590809467993, 40.48953221108021 ], [ -111.853998338199006, 40.489787113894586 ], [ -111.853368627270001, 40.489923579248803 ], [ -111.852234466493996, 40.490065190761683 ], [ -111.851885755772003, 40.490114110921198 ], [ -111.851506574195994, 40.490235126778799 ], [ -111.850677113879996, 40.490696008449397 ], [ -111.849083418125005, 40.491639998779902 ], [ -111.848688392062996, 40.491719074227198 ], [ -111.84868700416601, 40.491503299172692 ], [ -111.848686852350994, 40.49147973319139 ], [ -111.848686051054003, 40.491355872799403 ], [ -111.848686051054003, 40.491355444450399 ], [ -111.848667475689993, 40.488474045964097 ], [ -111.848666733682009, 40.48835883688789 ], [ -111.848664281281003, 40.4879783239478 ], [ -111.848664279483998, 40.487978001474318 ], [ -111.848663020046004, 40.48778254941719 ], [ -111.848336238997007, 40.487748813930196 ], [ -111.848170531267996, 40.4877281489034 ], [ -111.848006561779002, 40.487700560225299 ], [ -111.847844829994003, 40.487666128506106 ], [ -111.847685820104005, 40.487624963049008 ], [ -111.847530013606018, 40.487577183403303 ], [ -111.847377884810996, 40.487522935762293 ], [ -111.847229893656007, 40.4874623854476 ], [ -111.847086483908996, 40.487395714176493 ], [ -111.846948093050017, 40.487323122112507 ], [ -111.846795609419999, 40.487238335280303 ], [ -111.846312553851007, 40.486895289123296 ], [ -111.846073525628995, 40.486663990831204 ], [ -111.845759675828006, 40.486310430343103 ], [ -111.845572519024998, 40.486086926327189 ] ] ] } },
{ "type": "Feature", "properties": { "precinct": "DRP010", "county": "Salt Lake", "CountyID": 18 }, "geometry": { "type": "Polygon", "coordinates": [ [ [ -111.871242693040998, 40.526915268901803 ], [ -111.871239935212998, 40.526408180746898 ], [ -111.871196625636003, 40.526025121617892 ], [ -111.871186515098003, 40.525105376237704 ], [ -111.871191632800006, 40.524822273535698 ], [ -111.87119223017902, 40.524789203315798 ], [ -111.871219367386004, 40.523288116627405 ], [ -111.871234002738007, 40.5231458876166 ], [ -111.871246015010001, 40.523029129287401 ], [ -111.871262280805013, 40.522461851502499 ], [ -111.871273526813994, 40.522069644085605 ], [ -111.871278426225999, 40.521898765782311 ], [ -111.871290854418007, 40.521458766093993 ], [ -111.871290872383994, 40.521451826811791 ], [ -111.871291071810006, 40.52136982891659 ], [ -111.871291140082008, 40.521342074478497 ], [ -111.871291458086006, 40.521212652631 ], [ -111.871275516582998, 40.521032797182194 ], [ -111.871230750837015, 40.520831240943203 ], [ -111.871167919971001, 40.520680631274089 ], [ -111.871088616698003, 40.520477426197196 ], [ -111.871046254844003, 40.520293429854597 ], [ -111.871027061440003, 40.520137413305598 ], [ -111.871023118734001, 40.519835754832414 ], [ -111.870779542340998, 40.519836526489406 ], [ -111.870535093685007, 40.519823299741283 ], [ -111.870417784488012, 40.519800613700909 ], [ -111.870290963030996, 40.519762034917783 ], [ -111.870164180201996, 40.519717088907093 ], [ -111.870061489289995, 40.51967069446939 ], [ -111.869950426977994, 40.5196062616047 ], [ -111.869843019911997, 40.519539022019593 ], [ -111.869650193840997, 40.519373450809375 ], [ -111.869544840323016, 40.519300271916293 ], [ -111.869367017914001, 40.5192084931072 ], [ -111.869158064388998, 40.519146841889295 ], [ -111.868939538415987, 40.519137316265699 ], [ -111.868363048175993, 40.519125511838602 ], [ -111.868339133226002, 40.519125020158093 ], [ -111.867900718537001, 40.519116043574698 ], [ -111.867048165230003, 40.518971776159304 ], [ -111.867019512566003, 40.518960431971607 ], [ -111.866965900211, 40.518941409351605 ], [ -111.866944937126007, 40.51893397129821 ], [ -111.866867639790001, 40.518912546257695 ], [ -111.866860971595997, 40.518911184571706 ], [ -111.866788193684997, 40.518896322798014 ], [ -111.866771476935995, 40.518894069937701 ], [ -111.866769952495005, 40.518889853080211 ], [ -111.866738408154006, 40.518802622458288 ], [ -111.866902886987006, 40.517711825487304 ], [ -111.867143028222003, 40.515282615753193 ], [ -111.867164063173007, 40.515061709137591 ], [ -111.867201489682998, 40.514871114458707 ], [ -111.867268703429005, 40.514528826955498 ], [ -111.867407198492998, 40.513818374760604 ], [ -111.867653945938002, 40.513458513750699 ], [ -111.867730286568005, 40.5133676796572 ], [ -111.868059842513006, 40.513393936277296 ], [ -111.868321658298996, 40.5134304958342 ], [ -111.868786518492001, 40.513588922399798 ], [ -111.869139172817995, 40.513743285072302 ], [ -111.869331528171998, 40.513889524467601 ], [ -111.869625403932005, 40.514161688251903 ], [ -111.869951341462993, 40.514368857805103 ], [ -111.870485662088996, 40.514641021009595 ], [ -111.870918464105003, 40.514754760355608 ], [ -111.871255086198005, 40.514799444031993 ], [ -111.871842838616999, 40.51481975379081 ], [ -111.873253447837001, 40.51481569101999 ], [ -111.873787771156998, 40.514868499508701 ], [ -111.874199197761001, 40.514965990155403 ], [ -111.874535819854003, 40.515083791704988 ], [ -111.874851070128003, 40.515246275743294 ], [ -111.875048770457994, 40.515364076800402 ], [ -111.875331961656002, 40.515591552163606 ], [ -111.875631180596002, 40.5158190274379 ], [ -111.875914372691994, 40.516062750675005 ], [ -111.876224277092007, 40.516257727670713 ], [ -111.876635705493015, 40.5163877136129 ], [ -111.876817374487004, 40.516424272220497 ], [ -111.877672289464996, 40.516432395518201 ], [ -111.879900412305005, 40.516432396201083 ], [ -111.881655640421002, 40.516437823341803 ], [ -111.881763541561, 40.516438155922408 ], [ -111.881763541561, 40.516601087402591 ], [ -111.881763541561, 40.517104087413692 ], [ -111.881764541386005, 40.517272087870587 ], [ -111.881764542284003, 40.517412087360611 ], [ -111.881764543182001, 40.517614088207203 ], [ -111.881765542108994, 40.517823087515993 ], [ -111.881776542878001, 40.518643087582184 ], [ -111.881782542726, 40.518986088871983 ], [ -111.88177554305301, 40.519212088515893 ], [ -111.88175554386001, 40.519890086973597 ], [ -111.881750542039995, 40.520047088128507 ], [ -111.881749542215999, 40.520117088085598 ], [ -111.881749541317006, 40.52011715842221 ], [ -111.881749542215999, 40.520186088235199 ], [ -111.881749542215999, 40.520381088066095 ], [ -111.881751541865, 40.520790086275099 ], [ -111.881753542413009, 40.521174087634996 ], [ -111.881756542787002, 40.521439089314399 ], [ -111.881757543510005, 40.521647087912008 ], [ -111.881760542983997, 40.522274087819397 ], [ -111.881762542633993, 40.52248308830621 ], [ -111.881759543160001, 40.522662089028493 ], [ -111.88175354421, 40.5231980886375 ], [ -111.881751543662006, 40.523378088503001 ], [ -111.881756542787002, 40.524056088527608 ], [ -111.881756542787002, 40.5241210886511 ], [ -111.881763544256003, 40.524878088840993 ], [ -111.881762544430998, 40.526092088397803 ], [ -111.881762542633993, 40.526740617442208 ], [ -111.875710947399995, 40.526704246771409 ], [ -111.875508358439006, 40.526697409088513 ], [ -111.875305580830997, 40.526695899390297 ], [ -111.875102855326006, 40.526699719725592 ], [ -111.874900422671999, 40.526708865313694 ], [ -111.874698522718006, 40.526723325227515 ], [ -111.874497395315998, 40.526743082393196 ], [ -111.874297279416993, 40.526768112907902 ], [ -111.873995536210998, 40.526811278881695 ], [ -111.873692365582997, 40.526848173210304 ], [ -111.873387995702998, 40.526878767908904 ], [ -111.873082646659995, 40.526903042501907 ], [ -111.872776547523998, 40.526920977194507 ], [ -111.872469921974002, 40.526932560384097 ], [ -111.872162997285997, 40.526937783197504 ], [ -111.871855999833997, 40.526936640856498 ], [ -111.871549155994998, 40.526929134043499 ], [ -111.871242693040998, 40.526915268901803 ] ] ] } },
{ "type": "Feature", "properties": { "precinct": "DRP013", "county": "Salt Lake", "CountyID": 18 }, "geometry": { "type": "Polygon", "coordinates": [ [ [ -111.810437530784014, 40.536948096360994 ], [ -111.810365677239005, 40.536945164813098 ], [ -111.810059915869004, 40.536938958997411 ], [ -111.810095978736996, 40.536910148712302 ], [ -111.810122738651003, 40.5368959954845 ], [ -111.810161741703993, 40.536887994823402 ], [ -111.810193196213007, 40.536879640518393 ], [ -111.810221711435005, 40.536869900313597 ], [ -111.810252390699006, 40.536855690412395 ], [ -111.810288465244, 40.536839611250997 ], [ -111.810315749774006, 40.5368346936976 ], [ -111.810364597464016, 40.536806368773995 ], [ -111.81040320436, 40.536774280059895 ], [ -111.810418379600009, 40.536719035850091 ], [ -111.810458138136994, 40.536679588838894 ], [ -111.810487539098006, 40.536667840069896 ], [ -111.810549719582994, 40.536653091467002 ], [ -111.810567079525995, 40.536642789358105 ], [ -111.81061549512701, 40.536603005042601 ], [ -111.810637241543006, 40.5365746602223 ], [ -111.810692964938013, 40.536536059006608 ], [ -111.810760474229994, 40.536504803072191 ], [ -111.810837351154007, 40.536465677492693 ], [ -111.810903982791999, 40.536421407645697 ], [ -111.811186960190994, 40.536174092929002 ], [ -111.811350570353994, 40.536060725822082 ], [ -111.811459253029, 40.535969873880994 ], [ -111.811640535747998, 40.535799706226705 ], [ -111.811675159513996, 40.535750023334593 ], [ -111.811730475971999, 40.535688849533393 ], [ -111.811778013918996, 40.535634882482903 ], [ -111.811807422065996, 40.535603352356802 ], [ -111.811853168772004, 40.535566203413886 ], [ -111.811905821726, 40.535525274898994 ], [ -111.811948586024997, 40.535494850732093 ], [ -111.811999556434003, 40.535465133169794 ], [ -111.812046208642002, 40.535417203946402 ], [ -111.812107820494006, 40.535382030703197 ], [ -111.812148024595018, 40.535358584595102 ], [ -111.812183038228994, 40.535313399165609 ], [ -111.812209777481996, 40.535273185992203 ], [ -111.812310535218998, 40.535099733335493 ], [ -111.812287423363998, 40.535081189108297 ], [ -111.812203623124006, 40.535073649071293 ], [ -111.812166466109005, 40.535086884416401 ], [ -111.812149648748999, 40.535100175742386 ], [ -111.812137081317999, 40.535119963209404 ], [ -111.812095047349018, 40.535132746580494 ], [ -111.812033961010997, 40.5351400688211 ], [ -111.812015243714001, 40.535152009021303 ], [ -111.811995882324993, 40.53516069944309 ], [ -111.811942111866998, 40.535166052015903 ], [ -111.811809136052005, 40.535154907876901 ], [ -111.811746209066001, 40.535164728209999 ], [ -111.811693354889996, 40.5351608455465 ], [ -111.811641745778999, 40.535168481837992 ], [ -111.811617515519998, 40.535157598500803 ], [ -111.811579877008, 40.535151225251603 ], [ -111.811547143298, 40.535156771036696 ], [ -111.811523456520007, 40.535150832683989 ], [ -111.811495128147996, 40.535155191208297 ], [ -111.811462211181009, 40.535166239765601 ], [ -111.811429225043995, 40.535169871868298 ], [ -111.811382437190005, 40.5351773688827 ], [ -111.811337799005997, 40.535193873098599 ], [ -111.811289083367996, 40.535195360758209 ], [ -111.811251112478999, 40.535204505869601 ], [ -111.811222733801003, 40.535218953709411 ], [ -111.811207725646995, 40.535232916128408 ], [ -111.811146973483019, 40.535263674266702 ], [ -111.811089607068993, 40.5352594584391 ], [ -111.811005039668004, 40.535243534555903 ], [ -111.810926304130007, 40.535168145936794 ], [ -111.810871155656002, 40.535101894165699 ], [ -111.810841849018999, 40.534997374763087 ], [ -111.810827116647999, 40.534972455193198 ], [ -111.810822424747002, 40.534939732028796 ], [ -111.810794562599995, 40.534911498472503 ], [ -111.810750403217995, 40.534886591842501 ], [ -111.810717306588003, 40.534882817033996 ], [ -111.810668683475996, 40.534859172759688 ], [ -111.810546899772007, 40.534826523274795 ], [ -111.810480138776001, 40.53479850746151 ], [ -111.810450516830002, 40.534774130588097 ], [ -111.810414444979997, 40.534729426089491 ], [ -111.810399951560996, 40.5347043173035 ], [ -111.810351589858996, 40.534669160754397 ], [ -111.810292987362999, 40.534641964153103 ], [ -111.810243279985002, 40.534607854199109 ], [ -111.810224134191998, 40.534586687462202 ], [ -111.810146743432014, 40.534567326545293 ], [ -111.810075655252007, 40.534547271966694 ], [ -111.810031569531006, 40.534535977523603 ], [ -111.80998614352302, 40.534516724463899 ], [ -111.809950831647996, 40.534489611094102 ], [ -111.809878990680005, 40.534454518609316 ], [ -111.809838233216993, 40.534441629285197 ], [ -111.809805335115001, 40.534420834585703 ], [ -111.809766912372993, 40.534414100100193 ], [ -111.809716666005997, 40.534417002401298 ], [ -111.809648909678003, 40.534408185577391 ], [ -111.809616882043002, 40.534385436882609 ], [ -111.809589174406, 40.534361403274197 ], [ -111.809544997057003, 40.534332191798299 ], [ -111.809505916749004, 40.534299874548502 ], [ -111.809474247541999, 40.534272120685401 ], [ -111.809445232857001, 40.534244547735597 ], [ -111.809423155860003, 40.534226845767591 ], [ -111.809393051518001, 40.534213872423202 ], [ -111.809333212042006, 40.534205818871207 ], [ -111.809295577122995, 40.534201301207702 ], [ -111.809230188754, 40.534176772549593 ], [ -111.809177536699011, 40.534144952939691 ], [ -111.809149662874006, 40.534131260657801 ], [ -111.809119018643997, 40.534094431102304 ], [ -111.809078019534994, 40.534064818060401 ], [ -111.809030433977, 40.534035284202993 ], [ -111.808851321587994, 40.533925660347393 ], [ -111.808795139153005, 40.533896581815597 ], [ -111.808716282342999, 40.533848754563799 ], [ -111.808683299799014, 40.533819832345998 ], [ -111.808634560805004, 40.533784969593782 ], [ -111.808599818461005, 40.533755731239708 ], [ -111.808566299622996, 40.533728909775007 ], [ -111.808507097052996, 40.533718394201301 ], [ -111.808449886944999, 40.533692083411992 ], [ -111.808393828478003, 40.533644725740501 ], [ -111.808340323023003, 40.533596016206182 ], [ -111.808278541389996, 40.533559785804407 ], [ -111.808245203113003, 40.533540905924298 ], [ -111.808218626455002, 40.533522082706597 ], [ -111.808197469334004, 40.533499021697487 ], [ -111.808140015782996, 40.533423723285999 ], [ -111.808121210451006, 40.533413397467193 ], [ -111.808098504634003, 40.533380868123494 ], [ -111.808072977207999, 40.533366713467395 ], [ -111.808050942432999, 40.533345165367002 ], [ -111.808020679088997, 40.533323835055199 ], [ -111.808001086833002, 40.533309478294591 ], [ -111.807974369140013, 40.533291648406099 ], [ -111.807965955518995, 40.533268038390297 ], [ -111.807959311578998, 40.533238551973902 ], [ -111.807942911935015, 40.533216481531483 ], [ -111.807973628927996, 40.533213571668206 ], [ -111.807996372474008, 40.533212753738503 ], [ -111.808024133111019, 40.533215695008202 ], [ -111.808046116683002, 40.533223928241298 ], [ -111.808076199465006, 40.533232985547606 ], [ -111.808094587978999, 40.533240812544996 ], [ -111.808117822005997, 40.533258918276104 ], [ -111.808147503241003, 40.533271155123202 ], [ -111.808169165216, 40.533273783692891 ], [ -111.808194838168006, 40.533279968682997 ], [ -111.808218492606002, 40.533283359196105 ], [ -111.808242112010007, 40.533283766112298 ], [ -111.808265687396002, 40.533280452066691 ], [ -111.808289289732002, 40.533279470278892 ], [ -111.808322734010005, 40.533275667387386 ], [ -111.808352415244997, 40.533283082684299 ], [ -111.808384023366997, 40.533302348387892 ], [ -111.808411119251005, 40.533322153454598 ], [ -111.808440826536994, 40.533331457901205 ], [ -111.808478863901001, 40.533334127433299 ], [ -111.808502439288006, 40.533330858451308 ], [ -111.808544619681996, 40.533352757486995 ], [ -111.808623780123, 40.533356920863291 ], [ -111.808644823159, 40.533359297496993 ], [ -111.808677326901019, 40.533356710577998 ], [ -111.808715087584005, 40.533340552061198 ], [ -111.808738735733016, 40.533343256412891 ], [ -111.808762407239001, 40.533347990564295 ], [ -111.808786059881001, 40.533351227456485 ], [ -111.808809699047998, 40.533353202636512 ], [ -111.808830143804997, 40.533357730598297 ], [ -111.808862889194003, 40.53335707994281 ], [ -111.808893759799005, 40.53334540842409 ], [ -111.808966506269002, 40.53335305448099 ], [ -111.808996719307018, 40.533355100666398 ], [ -111.809028638244996, 40.533361008454698 ], [ -111.809069404691002, 40.533368980861695 ], [ -111.809091263396994, 40.533375507215105 ], [ -111.809122258868001, 40.533395784036294 ], [ -111.809155248598003, 40.533414646205784 ], [ -111.809187150469, 40.533428531167985 ], [ -111.809212154175995, 40.533436806705105 ], [ -111.809235755613997, 40.5334358023891 ], [ -111.809259379509001, 40.533436477622608 ], [ -111.809301868025003, 40.533433722068892 ], [ -111.809361199953003, 40.533413889725594 ], [ -111.809400749182004, 40.533410225438701 ], [ -111.809471617274994, 40.53341214190101 ], [ -111.809510968873994, 40.533413035612909 ], [ -111.809552897740005, 40.533409369277692 ], [ -111.809581710304002, 40.533412614359889 ], [ -111.809607749769995, 40.533428746232303 ], [ -111.809633735336021, 40.5334527146318 ], [ -111.809661274088995, 40.533473553327397 ], [ -111.809685221378004, 40.533477649787308 ], [ -111.809716668701, 40.533489578677198 ], [ -111.809736816116001, 40.533495521273601 ], [ -111.809756092166012, 40.533503389887606 ], [ -111.809792762293995, 40.533505074897398 ], [ -111.809826936004001, 40.533503357115883 ], [ -111.809859427169002, 40.533505931057086 ], [ -111.809906855521007, 40.533513977865802 ], [ -111.809929986241997, 40.533530202566801 ], [ -111.809954860592001, 40.533557615366 ], [ -111.809992851244004, 40.53355408968369 ], [ -111.810017578270006, 40.533539581403602 ], [ -111.810040591311008, 40.533528804309597 ], [ -111.810072529113995, 40.5335242620218 ], [ -111.810107052269004, 40.533530536428096 ], [ -111.81014181437601, 40.533534449909503 ], [ -111.810165398744999, 40.53353426283789 ], [ -111.810185754569005, 40.5335316561262 ], [ -111.810225421477, 40.533525663692799 ], [ -111.810319440952, 40.533524679177589 ], [ -111.810391571176993, 40.53354700076769 ], [ -111.810465475575995, 40.533581528417294 ], [ -111.810528679243006, 40.533585927325504 ], [ -111.810603654432995, 40.533576898059295 ], [ -111.810723671150996, 40.533577533692302 ], [ -111.810809486311996, 40.5336041026031 ], [ -111.810848808266996, 40.533617708967199 ], [ -111.810980255149005, 40.533616867829295 ], [ -111.811048563043997, 40.533636523282397 ], [ -111.811102043345997, 40.533646720028692 ], [ -111.811152035489997, 40.533629736146992 ], [ -111.811216127590001, 40.533589347863796 ], [ -111.811297881468008, 40.53351550243071 ], [ -111.811379319137998, 40.533443791172985 ], [ -111.811419721766001, 40.533420494590203 ], [ -111.811617988932994, 40.533375838346203 ], [ -111.811674559438998, 40.533265712959306 ], [ -111.811700196459, 40.533166468322889 ], [ -111.811744238163001, 40.533127982575998 ], [ -111.811790825692, 40.533091464484507 ], [ -111.811887399973998, 40.533075533941286 ], [ -111.811964929973001, 40.5330880213901 ], [ -111.812031403508001, 40.533090914872915 ], [ -111.812129046785998, 40.533112723181802 ], [ -111.812164292186011, 40.533114933233897 ], [ -111.812231125945004, 40.533129959810893 ], [ -111.812301912291005, 40.533125233836991 ], [ -111.812367448882995, 40.533130620709798 ], [ -111.812422986326993, 40.5331321022704 ], [ -111.812505304346004, 40.533144615653001 ], [ -111.81257896709802, 40.533172859512284 ], [ -111.812609602343997, 40.533183182637195 ], [ -111.812633405902005, 40.533198832546105 ], [ -111.812680006906007, 40.533269319903511 ], [ -111.812706370662994, 40.533295224625306 ], [ -111.812729172600001, 40.533306995150902 ], [ -111.812754359563996, 40.533311013105298 ], [ -111.812790827571007, 40.533300853176208 ], [ -111.812835821489003, 40.533293900782397 ], [ -111.812861542950003, 40.533309543155298 ], [ -111.812882373983001, 40.533320632298896 ], [ -111.812907344452995, 40.533337595093798 ], [ -111.812937529643008, 40.533359600635592 ], [ -111.81296607271301, 40.533367617420993 ], [ -111.812987167851006, 40.53336648406529 ], [ -111.813010123400005, 40.533362072170597 ], [ -111.813039199171001, 40.533370477437401 ], [ -111.813055376929995, 40.533394671163407 ], [ -111.813080210856, 40.533409459399898 ], [ -111.813100523561999, 40.533431182944803 ], [ -111.813126872046993, 40.533448919260287 ], [ -111.813150737589012, 40.533477091986001 ], [ -111.813178106560997, 40.533487899128993 ], [ -111.813201181585995, 40.533491122359493 ], [ -111.813238946759995, 40.533488838583601 ], [ -111.813278522039994, 40.5334779440497 ], [ -111.813315789548, 40.5334713665004 ], [ -111.813342447953005, 40.533465950979789 ], [ -111.813368756014, 40.533471464815491 ], [ -111.813395940831001, 40.533481706647898 ], [ -111.813415821446995, 40.533487697036996 ], [ -111.813447064851999, 40.533484886183203 ], [ -111.813478335206995, 40.533475759953788 ], [ -111.813507834085001, 40.533471018301299 ], [ -111.813590317394002, 40.533499845768382 ], [ -111.813649504693004, 40.533466081383786 ], [ -111.813675549547995, 40.533455266727195 ], [ -111.813693346072, 40.533463211813206 ], [ -111.813713880660998, 40.533485598284308 ], [ -111.813714103443004, 40.533514466709796 ], [ -111.813715724003998, 40.533533532985992 ], [ -111.813722586235002, 40.53355871048489 ], [ -111.813700508340006, 40.533594055370806 ], [ -111.813685841546018, 40.533629937555894 ], [ -111.813679041300006, 40.533683480190696 ], [ -111.813680442671, 40.5337034879187 ], [ -111.813675661838005, 40.533722478356893 ], [ -111.813680224381002, 40.533739029357498 ], [ -111.813693368529997, 40.533756007749595 ], [ -111.813714709806007, 40.533791892578805 ], [ -111.813731595438995, 40.53380757102061 ], [ -111.813742606088994, 40.533827731645182 ], [ -111.813744876132006, 40.533845734124107 ], [ -111.813713257230006, 40.533870889658196 ], [ -111.813692939134995, 40.533882134373407 ], [ -111.813682871715997, 40.5339159695531 ], [ -111.813704847202999, 40.533925125080202 ], [ -111.813728426181996, 40.533922011791496 ], [ -111.813768813538999, 40.533912501922501 ], [ -111.813822769050006, 40.533912394049707 ], [ -111.813869944976005, 40.533907887972994 ], [ -111.813913101837997, 40.533898601357599 ], [ -111.813940513031, 40.533885111116099 ], [ -111.813964008466996, 40.53387528376809 ], [ -111.814013250518002, 40.533843842935497 ], [ -111.814039049235006, 40.533829268492291 ], [ -111.814063874176995, 40.533819944998093 ], [ -111.814104644216997, 40.533788278152599 ], [ -111.814120612669001, 40.533771015748705 ], [ -111.814151426679999, 40.533751324149804 ], [ -111.814174898760001, 40.533739528440883 ], [ -111.814198300772006, 40.533721870034903 ], [ -111.814277955286002, 40.533661801105708 ], [ -111.814390719007008, 40.533552900346301 ], [ -111.814416499757002, 40.533462630798503 ], [ -111.81446345469702, 40.533397339327401 ], [ -111.814492648146995, 40.533365650434298 ], [ -111.814568973505999, 40.533299396880892 ], [ -111.814674731265995, 40.5332520955997 ], [ -111.814845969022997, 40.533207355948399 ], [ -111.814900251520996, 40.533186038564907 ], [ -111.815011597701002, 40.533129507832399 ], [ -111.815154603205997, 40.533022388180008 ], [ -111.815198929675006, 40.532984178180598 ], [ -111.815260031283998, 40.532880116330396 ], [ -111.815370359672002, 40.532750855360298 ], [ -111.815483974098001, 40.532638114689497 ], [ -111.815554075028999, 40.532576989253506 ], [ -111.815573625962998, 40.532568579790706 ], [ -111.815598716807003, 40.532551668007493 ], [ -111.815647932806996, 40.532527433694703 ], [ -111.815687561087003, 40.532511100193204 ], [ -111.815736974716003, 40.532498379817994 ], [ -111.815791558149002, 40.532478037863704 ], [ -111.815843129531004, 40.532466949263402 ], [ -111.815902268322006, 40.532464733727892 ], [ -111.815930459252002, 40.532457737551191 ], [ -111.815965054271999, 40.532433302474892 ], [ -111.816010747977003, 40.532405045331501 ], [ -111.816038077423002, 40.532388147162102 ], [ -111.816094710811996, 40.532371369153296 ], [ -111.816144487360006, 40.532367398252603 ], [ -111.816165427987002, 40.532360998110583 ], [ -111.816212221230998, 40.532325070867003 ], [ -111.816235751701001, 40.532318200985387 ], [ -111.816259400749004, 40.532321123859901 ], [ -111.816283000389987, 40.532319857349307 ], [ -111.816315322672011, 40.532325544016203 ], [ -111.816353287273003, 40.532322647086502 ], [ -111.816377402547005, 40.532315276745095 ], [ -111.816395748839994, 40.532282430069799 ], [ -111.816452463974997, 40.532244949514492 ], [ -111.816481228929007, 40.532241326811793 ], [ -111.816512752609015, 40.53224183887869 ], [ -111.816537907232998, 40.532237536833705 ], [ -111.816545432420995, 40.5322194349231 ], [ -111.816547900991011, 40.532199328435084 ], [ -111.816565991264, 40.532168205663503 ], [ -111.816587942496, 40.532151567564696 ], [ -111.816604462515002, 40.532131898703589 ], [ -111.816608702563002, 40.532112040030199 ], [ -111.816624867746, 40.532088443253897 ], [ -111.816657682305006, 40.532060738998794 ], [ -111.816751726931997, 40.532026681668597 ], [ -111.816813199546004, 40.531979570661399 ], [ -111.816838579646998, 40.531962875846915 ], [ -111.816868633683001, 40.531930943213197 ], [ -111.816895664889003, 40.53191636971949 ], [ -111.816909867253017, 40.531895510056899 ], [ -111.816925687484002, 40.531885300071693 ], [ -111.816938747191003, 40.531870873361392 ], [ -111.816958582891004, 40.531859131259502 ], [ -111.816992364935999, 40.531845979256303 ], [ -111.817027014752995, 40.531826926155098 ], [ -111.817062425443012, 40.531799402723408 ], [ -111.817126996346005, 40.531767850992395 ], [ -111.817149867452997, 40.531755061517309 ], [ -111.817173247005996, 40.531735792637697 ], [ -111.817203867879002, 40.531725833884302 ], [ -111.817244265118006, 40.531715785004899 ], [ -111.817346541906005, 40.531647097822095 ], [ -111.817433972238007, 40.531605469812895 ], [ -111.817499003077998, 40.531582769325496 ], [ -111.817562906532004, 40.531566573511689 ], [ -111.817586892449, 40.531555418532591 ], [ -111.817654211298006, 40.531538348775506 ], [ -111.817713707617003, 40.5315167222521 ], [ -111.817753690732005, 40.531487893249 ], [ -111.817783820227021, 40.531456664318597 ], [ -111.817814242571998, 40.531420653292905 ], [ -111.817815435534996, 40.531402627631202 ], [ -111.817859758411004, 40.531366277925109 ], [ -111.817904186389995, 40.53133283131681 ], [ -111.817932357556998, 40.531318225603101 ], [ -111.817970885402005, 40.5313048830021 ], [ -111.818006906945996, 40.531275148560603 ], [ -111.818048162075996, 40.531244293686811 ], [ -111.818064171851006, 40.53120884719479 ], [ -111.818104095677, 40.531179074475787 ], [ -111.818117727611011, 40.531166257577603 ], [ -111.818144319540011, 40.531148051597 ], [ -111.818157708930002, 40.531133182294788 ], [ -111.818228089236996, 40.531095268904799 ], [ -111.818245411451002, 40.531070694047003 ], [ -111.818253371422998, 40.531037361996198 ], [ -111.818271737478, 40.53098499024361 ], [ -111.818272378876003, 40.530968028901391 ], [ -111.81828425190902, 40.530930848712202 ], [ -111.818285284970997, 40.530894805996496 ], [ -111.818324990506994, 40.530836201806203 ], [ -111.818337831923998, 40.530822363418103 ], [ -111.818346945331996, 40.530807552079096 ], [ -111.818348368263997, 40.530772563495397 ], [ -111.818335881680994, 40.530754990336497 ], [ -111.818330122582012, 40.5307323305274 ], [ -111.818337516615003, 40.53071426098321 ], [ -111.818336360483002, 40.530685766875798 ], [ -111.818346025457998, 40.530655612937601 ], [ -111.818361021933001, 40.530626328155002 ], [ -111.818366783727001, 40.530605946714303 ], [ -111.818372858135007, 40.530572989957498 ], [ -111.818368283015005, 40.5305518827128 ], [ -111.818357195109996, 40.530538370631589 ], [ -111.818350980565, 40.530497952491302 ], [ -111.81836205319901, 40.5304607775034 ], [ -111.818381297806994, 40.530432128981396 ], [ -111.818382963283995, 40.530406082501102 ], [ -111.818370605159998, 40.530385240803191 ], [ -111.818413688361019, 40.5303755385725 ], [ -111.818453373235997, 40.530369558829605 ], [ -111.818496031533996, 40.530365806298207 ], [ -111.818526115213999, 40.530359432593215 ], [ -111.818549718447997, 40.530358585269305 ], [ -111.818573917264999, 40.530351722013897 ], [ -111.818596710218998, 40.5303392552212 ], [ -111.818625667411993, 40.530336584887003 ], [ -111.818643806194004, 40.530328484440304 ], [ -111.818667339360005, 40.530321765930211 ], [ -111.818705107228993, 40.530331584240493 ], [ -111.818739412992002, 40.530333870855102 ], [ -111.818771391219002, 40.530325525291694 ], [ -111.818811091365006, 40.530310196298998 ], [ -111.818828619293001, 40.530336014769702 ], [ -111.818876071898998, 40.530346965802003 ], [ -111.818899445165002, 40.530346621683293 ], [ -111.818927136631999, 40.530349954991685 ], [ -111.818951856471998, 40.530349553519997 ], [ -111.818990516368004, 40.530343422881394 ], [ -111.819018717180001, 40.530351513084703 ], [ -111.819045700773998, 40.530366666594709 ], [ -111.819078617740999, 40.5303655133877 ], [ -111.819101644257003, 40.530366509556401 ], [ -111.819133728485994, 40.530367610872496 ], [ -111.819171490965005, 40.530366015227401 ], [ -111.819207399321982, 40.530350335297491 ], [ -111.819234145761996, 40.530328447570497 ], [ -111.819270876076985, 40.530303479835403 ], [ -111.819304288913997, 40.530271115579303 ], [ -111.819329405809, 40.530249970004107 ], [ -111.819351207023004, 40.530245851498002 ], [ -111.819380003418004, 40.530249208025907 ], [ -111.819406281835001, 40.530235303287199 ], [ -111.819427247614996, 40.530220059621001 ], [ -111.81944073132702, 40.530199766134992 ], [ -111.819501027147993, 40.530186938125098 ], [ -111.819532731389003, 40.530171268395002 ], [ -111.819562762966996, 40.530156133958499 ], [ -111.819579285680007, 40.530141731455906 ], [ -111.819609524769021, 40.530128386572407 ], [ -111.819636706891004, 40.530121446822292 ], [ -111.819671528287003, 40.530094782307408 ], [ -111.81969569117102, 40.530068249558013 ], [ -111.819703926925996, 40.530037111458292 ], [ -111.819712507633, 40.530009437762899 ], [ -111.819728787800997, 40.529977003721399 ], [ -111.819744221756011, 40.529947546581894 ], [ -111.819758204932, 40.529929429714294 ], [ -111.819784710622997, 40.529902849787597 ], [ -111.819901716187999, 40.529802287866005 ], [ -111.819973894922995, 40.529723213615107 ], [ -111.820038322993994, 40.5296286537653 ], [ -111.820086323572994, 40.529450386523202 ], [ -111.820082326069993, 40.529296511337712 ], [ -111.820085634565004, 40.529271354769207 ], [ -111.820141924796999, 40.529249808082909 ], [ -111.820277330555001, 40.529227637322691 ], [ -111.820371073347999, 40.529199514019304 ], [ -111.820545944790993, 40.529113043783298 ], [ -111.820729100498014, 40.52899129851631 ], [ -111.820973669528996, 40.528749652221293 ], [ -111.821264384117995, 40.528350916518285 ], [ -111.82143480800201, 40.528175360679505 ], [ -111.821506296830009, 40.528121795890705 ], [ -111.821660487258995, 40.5279156486544 ], [ -111.821729342227002, 40.52777149508659 ], [ -111.821790937909995, 40.527505363820495 ], [ -111.821793043561001, 40.527479694476398 ], [ -111.821837901833007, 40.527464254218394 ], [ -111.821867243504997, 40.527444237799386 ], [ -111.822055284249998, 40.527373929354901 ], [ -111.822251228373005, 40.527251616930201 ], [ -111.822396926129002, 40.527128671319296 ], [ -111.822479973580002, 40.5269878809437 ], [ -111.822643448996004, 40.526809884581098 ], [ -111.822895606095997, 40.526578443264299 ], [ -111.823048854191995, 40.526403061680099 ], [ -111.823319460891, 40.526177308878403 ], [ -111.823589025545004, 40.525956318668293 ], [ -111.823642931649005, 40.525903169992091 ], [ -111.823811370255996, 40.525756539597403 ], [ -111.823862831146002, 40.525691717228085 ], [ -111.823883796027999, 40.525600315894302 ], [ -111.823894802186999, 40.525560544824295 ], [ -111.823859263936001, 40.525485932608099 ], [ -111.823719173463999, 40.525324772122701 ], [ -111.823671657077, 40.525297534173397 ], [ -111.823385477182995, 40.525101714910697 ], [ -111.823312235741994, 40.5250677216439 ], [ -111.823087728786007, 40.524911997532897 ], [ -111.823021761003019, 40.524875241436 ], [ -111.822889361007995, 40.52479630476639 ], [ -111.822777296176, 40.524701554965695 ], [ -111.822734554335014, 40.524662037376189 ], [ -111.822733879699996, 40.52463196403329 ], [ -111.822778535851995, 40.524555093333497 ], [ -111.822841114290981, 40.524426663704098 ], [ -111.822849156008999, 40.524379132189694 ], [ -111.822826858926007, 40.52430412124739 ], [ -111.822775827431002, 40.5240921472124 ], [ -111.822774509601999, 40.524055458267014 ], [ -111.822825919287993, 40.523943775709597 ], [ -111.822830626460018, 40.5238832753369 ], [ -111.822820435970996, 40.523822090019301 ], [ -111.822790386427002, 40.523728177372107 ], [ -111.822795423280994, 40.523614406816094 ], [ -111.822823680686, 40.523403260940597 ], [ -111.822832335954004, 40.523335777973493 ], [ -111.822820513227001, 40.523285715736897 ], [ -111.822778845770003, 40.523227173860406 ], [ -111.822699829957998, 40.523161293361198 ], [ -111.822616876829997, 40.523093707723206 ], [ -111.822497257166006, 40.522965793577086 ], [ -111.822425937221013, 40.52292593422181 ], [ -111.822396992603998, 40.5228874965389 ], [ -111.822340596371006, 40.5227760810794 ], [ -111.822222658353994, 40.522659292060503 ], [ -111.822126225106004, 40.5225073412741 ], [ -111.822031428589, 40.522353286944906 ], [ -111.821986142718998, 40.5222200560194 ], [ -111.821967959920016, 40.522166066513009 ], [ -111.821950356532994, 40.521943450843104 ], [ -111.821903197675994, 40.521878309304192 ], [ -111.821899858638005, 40.521842297228694 ], [ -111.821921692190983, 40.521824124223997 ], [ -111.821897775444995, 40.521766085706396 ], [ -111.821915719293003, 40.521748056082295 ], [ -111.822008601500002, 40.521752668820284 ], [ -111.822087723313004, 40.521773786347808 ], [ -111.822157395747993, 40.521822447797703 ], [ -111.822200134894999, 40.521837198981999 ], [ -111.822247574925001, 40.521855117958694 ], [ -111.822326302378002, 40.521869406155595 ], [ -111.822410732337005, 40.52191073360779 ], [ -111.822502226647003, 40.52195087558831 ], [ -111.822544442972998, 40.521905661997891 ], [ -111.822556412126005, 40.521963750243494 ], [ -111.822631276824012, 40.521996039982284 ], [ -111.822699773363993, 40.5219973462941 ], [ -111.822803051774002, 40.522006106707806 ], [ -111.822863547020006, 40.522026572024203 ], [ -111.822934583996002, 40.522043280239707 ], [ -111.823144122323995, 40.522099456360195 ], [ -111.823193766819998, 40.522104330609196 ], [ -111.823271395633995, 40.522138834108709 ], [ -111.823290038370999, 40.522149088598894 ], [ -111.82331367753801, 40.522151443778597 ], [ -111.823360836394997, 40.522146202155 ], [ -111.823431643402003, 40.522144238253183 ], [ -111.823455307722, 40.522148566211882 ], [ -111.823478862447004, 40.522144196598802 ], [ -111.823526019507995, 40.522138853911592 ], [ -111.823581497663, 40.522125036261905 ], [ -111.823666834022006, 40.522099980796092 ], [ -111.823701111936998, 40.522098593909 ], [ -111.823764701879014, 40.522083745816197 ], [ -111.823814452375998, 40.522076433074695 ], [ -111.824021011891006, 40.522070762609509 ], [ -111.824044751669007, 40.522081428191392 ], [ -111.824062840145004, 40.522097157173199 ], [ -111.824101257497006, 40.522117159483308 ], [ -111.824125132920003, 40.522144064124184 ], [ -111.824154156589003, 40.522168576700992 ], [ -111.824166174251005, 40.522184903846295 ], [ -111.824234860336006, 40.522240071950009 ], [ -111.824248469812005, 40.522266420695594 ], [ -111.824266717290996, 40.522278587167008 ], [ -111.824283419666997, 40.522290505759003 ], [ -111.824306086855998, 40.522294373462501 ], [ -111.824311588138997, 40.522311595119788 ], [ -111.824298578737, 40.522329705852385 ], [ -111.824284095199999, 40.522345651241501 ], [ -111.824290272016, 40.522361233347105 ], [ -111.824303679370999, 40.52240848495569 ], [ -111.824259133712999, 40.522436216418001 ], [ -111.824272663239, 40.522492049416009 ], [ -111.824286314936998, 40.522526799909294 ], [ -111.824293878752002, 40.522548582976199 ], [ -111.824311297983002, 40.522572188574401 ], [ -111.824332364374996, 40.522591196507001 ], [ -111.824353005863998, 40.522617491851996 ], [ -111.824370443061994, 40.52263537169739 ], [ -111.824391526520998, 40.522655031054406 ], [ -111.824423166084017, 40.52266707863879 ], [ -111.824453402477999, 40.5226746173403 ], [ -111.824474578464006, 40.522672624774209 ], [ -111.824496820750994, 40.522664007163897 ], [ -111.824524312791993, 40.522681047770106 ], [ -111.824542078773007, 40.522700221605191 ], [ -111.824581638780998, 40.52272243276439 ], [ -111.824606037025006, 40.522723900898107 ], [ -111.824604549414005, 40.522705894065695 ], [ -111.824623886549006, 40.522687737000695 ], [ -111.824659608057004, 40.522669465211514 ], [ -111.824712588894997, 40.52263117556079 ], [ -111.824736022348006, 40.522616709301396 ], [ -111.824860214436015, 40.522565095765309 ], [ -111.824947359103007, 40.522522017193708 ], [ -111.824994332009993, 40.522501655139692 ], [ -111.82506500067602, 40.522488288249299 ], [ -111.82513865354602, 40.522498162335687 ], [ -111.825161165327003, 40.522502546265599 ], [ -111.825190934597998, 40.522525423273891 ], [ -111.825209005107993, 40.5225380997908 ], [ -111.825230933881997, 40.522541983185683 ], [ -111.825259147270003, 40.522531269194303 ], [ -111.825301480378002, 40.522518672570193 ], [ -111.825340610094017, 40.522498793976602 ], [ -111.825372673660993, 40.5224835936191 ], [ -111.825435655443997, 40.52247204038909 ], [ -111.825456399339998, 40.522473057843698 ], [ -111.825487979613996, 40.522483373739711 ], [ -111.825519559887994, 40.522469592352394 ], [ -111.825540028899994, 40.522449477476293 ], [ -111.82555354315501, 40.522428852500802 ], [ -111.82557394120002, 40.522403474157592 ], [ -111.825942103143007, 40.522401023386905 ], [ -111.828861893718013, 40.52240800354209 ], [ -111.832015626254005, 40.522415470572994 ], [ -111.834320240641006, 40.522420875378096 ], [ -111.834327268161005, 40.522715739440201 ], [ -111.834307944501006, 40.524199363763316 ], [ -111.834288619942996, 40.526079553213698 ], [ -111.834849030339001, 40.526057519334195 ], [ -111.840656050255006, 40.526064863733914 ], [ -111.847042807820017, 40.526064863051097 ], [ -111.846839899059006, 40.52934772367469 ], [ -111.846891601595004, 40.529637917075092 ], [ -111.846898937237, 40.529679091573684 ], [ -111.846750538246994, 40.529679091573712 ], [ -111.846679536305999, 40.529679091573691 ], [ -111.843924536279999, 40.529703092039696 ], [ -111.842322536498017, 40.529704091632183 ], [ -111.841346534907998, 40.529705091907495 ], [ -111.840840759148008, 40.529705530936091 ], [ -111.839194626034995, 40.529706943611501 ], [ -111.839019534504018, 40.529707092457905 ], [ -111.839054534664001, 40.529962092509898 ], [ -111.838278534888005, 40.530177092482489 ], [ -111.838070535374015, 40.530234092724704 ], [ -111.838129534925002, 40.530491092663993 ], [ -111.838253535671996, 40.531032093756906 ], [ -111.837672535888998, 40.531137092502391 ], [ -111.836210535849006, 40.531404093526504 ], [ -111.835842533806002, 40.5317550929243 ], [ -111.834289535325993, 40.533279093403493 ], [ -111.834232532729999, 40.533316093410598 ], [ -111.834233534351014, 40.533959094054993 ], [ -111.834014534966002, 40.534022093710796 ], [ -111.830036534377001, 40.535186093437495 ], [ -111.829927535495003, 40.535218093475201 ], [ -111.829760533294007, 40.535268094228897 ], [ -111.829764534390009, 40.534964092456498 ], [ -111.82976853369, 40.534597093662505 ], [ -111.828566007527996, 40.534948184205902 ], [ -111.828428131403001, 40.534988437855397 ], [ -111.827754533280995, 40.535185094609503 ], [ -111.827733532466013, 40.536122094540701 ], [ -111.825764534059005, 40.536126094575692 ], [ -111.824756534479008, 40.536128094934497 ], [ -111.824747920533994, 40.535203893464605 ], [ -111.824747308780999, 40.535138309435197 ], [ -111.82473453204301, 40.533767094771001 ], [ -111.824741532613999, 40.533322094055698 ], [ -111.824209532336013, 40.533307093466107 ], [ -111.818956531303996, 40.53333409397878 ], [ -111.818605813746004, 40.533535881620892 ], [ -111.818523757137001, 40.5335830918971 ], [ -111.816248531133994, 40.534892094637506 ], [ -111.815289531958001, 40.536044094834409 ], [ -111.815239531729006, 40.535136094670783 ], [ -111.813682532152995, 40.535130094870901 ], [ -111.812870530593997, 40.535128095165 ], [ -111.812878530990005, 40.536251094354498 ], [ -111.812883531013, 40.536951094814192 ], [ -111.810528529224001, 40.5369490958455 ], [ -111.810438480303006, 40.536948106601692 ], [ -111.810437530784014, 40.536948096360994 ] ] ] } },
{ "type": "Feature", "properties": { "precinct": "DRP002", "county": "Salt Lake", "CountyID": 18 }, "geometry": { "type": "Polygon", "coordinates": [ [ [ -111.894952266101001, 40.54431909120941 ], [ -111.894951549244993, 40.544319089844208 ], [ -111.894758549800002, 40.544318091152398 ], [ -111.894584548824, 40.544318090469702 ], [ -111.894553105992998, 40.544180799213905 ], [ -111.894374547864004, 40.543401089857085 ], [ -111.894249547292006, 40.542853089781104 ], [ -111.893725548307998, 40.540655089029798 ], [ -111.893507546951994, 40.539741089165098 ], [ -111.893469548214995, 40.539585089896192 ], [ -111.893358546989006, 40.539118089362006 ], [ -111.893321547178999, 40.538963090144897 ], [ -111.893236547689, 40.538609088482602 ], [ -111.893197546432006, 40.538444089371303 ], [ -111.892983547070017, 40.537547088657014 ], [ -111.892899546506001, 40.53719308838761 ], [ -111.892861855891994, 40.537036048201607 ], [ -111.892785547602003, 40.5367180882483 ], [ -111.892445547842996, 40.535293088788592 ], [ -111.892332546068999, 40.534818088833305 ], [ -111.892247546578005, 40.5344620901217 ], [ -111.891992547208005, 40.533395089002809 ], [ -111.891908546644999, 40.533040088417998 ], [ -111.891840547770997, 40.532761088427094 ], [ -111.891638545408995, 40.531924088311889 ], [ -111.891571546361007, 40.531645089819193 ], [ -111.891351545353999, 40.53068008826299 ], [ -111.891192546244, 40.529980088516702 ], [ -111.891124545574002, 40.529560088026898 ], [ -111.891046545755998, 40.5290320890022 ], [ -111.890997545351993, 40.528471089107803 ], [ -111.890982546182002, 40.528163088079296 ], [ -111.890972545238, 40.527743089175097 ], [ -111.890971545412995, 40.527691089023598 ], [ -111.890970545588004, 40.526854087717609 ], [ -111.890970545588004, 40.526822631300092 ], [ -111.891078457508002, 40.526821988774806 ], [ -111.894469345279006, 40.526801737276898 ], [ -111.896498987154004, 40.526775917444695 ], [ -111.902859662135, 40.526808191892002 ], [ -111.904589497572005, 40.526779233860488 ], [ -111.904787399124018, 40.526775918127498 ], [ -111.906664177381998, 40.526801736594095 ], [ -111.910320609845996, 40.5268610421451 ], [ -111.910347150570999, 40.528948783279404 ], [ -111.910307341728995, 40.531056629711088 ], [ -111.910320612541014, 40.531641569498291 ], [ -111.910307341728995, 40.534455264836801 ], [ -111.910333879758994, 40.5377831392275 ], [ -111.910294074510006, 40.539981462908294 ], [ -111.910320612541014, 40.540858755171101 ], [ -111.910373687702005, 40.543873729836498 ], [ -111.910374690222014, 40.543961131253894 ], [ -111.910377549559996, 40.544209896491601 ], [ -111.910352551241999, 40.544208088194296 ], [ -111.910233552315006, 40.5441960895363 ], [ -111.909880551238999, 40.544160088770788 ], [ -111.909762552136996, 40.544149088115795 ], [ -111.908888551551996, 40.544046089404503 ], [ -111.908489550446006, 40.544014088805099 ], [ -111.908019551888998, 40.54400208942959 ], [ -111.907592551194, 40.544006089676792 ], [ -111.907157550101999, 40.544050088966394 ], [ -111.906929550496002, 40.544087089168997 ], [ -111.906651549764007, 40.544136089387408 ], [ -111.905815551508994, 40.544283087779498 ], [ -111.905537551674996, 40.544332088537089 ], [ -111.905341550060001, 40.544332089902397 ], [ -111.904757550802003, 40.544332089219694 ], [ -111.904562549909997, 40.544332089219701 ], [ -111.904403550799998, 40.544332088537097 ], [ -111.903927551497006, 40.544332088537082 ], [ -111.903769550415007, 40.544332088537097 ], [ -111.903584552262998, 40.544332087854499 ], [ -111.903030551346006, 40.544332089219701 ], [ -111.902846549426997, 40.544332089219701 ], [ -111.902546550748994, 40.544332089902397 ], [ -111.901647549152003, 40.544332089219694 ], [ -111.901348548502995, 40.544333089276606 ], [ -111.901234551395007, 40.544333089959295 ], [ -111.901220018450999, 40.544333089959309 ], [ -111.900893550912997, 40.544333089276606 ], [ -111.900780549139, 40.544333089276591 ], [ -111.900355548991996, 40.544335089390394 ], [ -111.899082549097017, 40.544340089674385 ], [ -111.898658548775003, 40.544343089844602 ], [ -111.898404549229994, 40.544338089560796 ], [ -111.897646548097995, 40.544326088878101 ], [ -111.897393549277012, 40.544323088707102 ], [ -111.897224550120001, 40.544320089901298 ], [ -111.897072547988003, 40.544318091152391 ], [ -111.896718548883996, 40.544318089787104 ], [ -111.896550548654005, 40.544319089844201 ], [ -111.896331549270002, 40.544319089844201 ], [ -111.896017549449994, 40.544319089844201 ], [ -111.895676548967998, 40.544319089844187 ], [ -111.895458548510007, 40.544320090583902 ], [ -111.895283548608006, 40.544319090526798 ], [ -111.894952266101001, 40.54431909120941 ] ] ] } },
{ "type": "Feature", "properties": { "precinct": "DRP014", "county": "Salt Lake", "CountyID": 18 }, "geometry": { "type": "Polygon", "coordinates": [ [ [ -111.867730286568005, 40.5133676796572 ], [ -111.867631815042998, 40.513359394129502 ], [ -111.867061573483994, 40.513320318550988 ], [ -111.867038091521991, 40.513318708157996 ], [ -111.865637075411996, 40.513222731947408 ], [ -111.865634239431003, 40.513219006456993 ], [ -111.865788848473997, 40.511924077648494 ], [ -111.865866446745002, 40.511959054216902 ], [ -111.866776335923007, 40.512003683753491 ], [ -111.867157898933002, 40.51202599885211 ], [ -111.867524789759997, 40.512098522529797 ], [ -111.868442011886017, 40.512533659534391 ], [ -111.869021699230004, 40.51262291781299 ], [ -111.870628675679001, 40.512734490152603 ], [ -111.871810060889004, 40.512818170480713 ], [ -111.871864064909005, 40.512556196417499 ], [ -111.871976774730996, 40.512056347620089 ], [ -111.872267938478004, 40.511524360826904 ], [ -111.872737556149005, 40.511153038185384 ], [ -111.873451377235995, 40.510838840182892 ], [ -111.874198073070005, 40.510456803288307 ], [ -111.874277906348993, 40.510492508675902 ], [ -111.874353045033004, 40.510488938752701 ], [ -111.874400006260998, 40.510453233363201 ], [ -111.874414095437999, 40.510356830970203 ], [ -111.875043385058007, 40.510121180320809 ], [ -111.875611624271997, 40.50989981002941 ], [ -111.876067154563003, 40.509582036183602 ], [ -111.876269089549979, 40.509357096178 ], [ -111.876564949688998, 40.508846510088091 ], [ -111.877478265042001, 40.509061456901684 ], [ -111.877688652277996, 40.509136866691691 ], [ -111.877962157840997, 40.509267118461899 ], [ -111.878070359917004, 40.509177998461602 ], [ -111.878205610265994, 40.509127726219084 ], [ -111.878391954991997, 40.50909116226719 ], [ -111.878999076884995, 40.509127725536104 ], [ -111.879732432737001, 40.50918256835309 ], [ -111.881003785120996, 40.509244269029899 ], [ -111.881117996925994, 40.509276258232511 ], [ -111.881154062487994, 40.509436218359603 ], [ -111.881145048793002, 40.509623598644701 ], [ -111.881145046097998, 40.510009781891299 ], [ -111.881673798966006, 40.510006154571897 ], [ -111.881781682140002, 40.510005415584907 ], [ -111.881782541826993, 40.510217087891697 ], [ -111.881784541477018, 40.510450086884099 ], [ -111.881785542201001, 40.510582087938502 ], [ -111.881788541675007, 40.510978088176792 ], [ -111.881790541325003, 40.511110087508797 ], [ -111.881790541325003, 40.511153086676394 ], [ -111.881790541325003, 40.511282087428292 ], [ -111.881791541149994, 40.511326086352106 ], [ -111.88179154025201, 40.511390086659908 ], [ -111.881793541698002, 40.511583087079607 ], [ -111.881794542421019, 40.511648087003906 ], [ -111.881792541872997, 40.512107086861398 ], [ -111.881788541674993, 40.513110087504401 ], [ -111.881788541674993, 40.513280086716897 ], [ -111.881786542924004, 40.513402087259898 ], [ -111.881785541301994, 40.513485087905593 ], [ -111.881781543798994, 40.513945088675001 ], [ -111.881776541980003, 40.514442087837793 ], [ -111.881774542330007, 40.514654087607397 ], [ -111.881779514504998, 40.51528472190509 ], [ -111.881779543251, 40.5152880873773 ], [ -111.881769543204996, 40.515936087201304 ], [ -111.881763541561, 40.516434088469303 ], [ -111.881763541561, 40.516438155922408 ], [ -111.881655640421002, 40.516437823341803 ], [ -111.879900412305005, 40.516432396201083 ], [ -111.877672289464996, 40.516432395518201 ], [ -111.876817374487004, 40.516424272220497 ], [ -111.876635705493015, 40.5163877136129 ], [ -111.876224277092007, 40.516257727670713 ], [ -111.875914372691994, 40.516062750675005 ], [ -111.875631180596002, 40.5158190274379 ], [ -111.875331961656002, 40.515591552163606 ], [ -111.875048770457994, 40.515364076800402 ], [ -111.874851070128003, 40.515246275743294 ], [ -111.874535819854003, 40.515083791704988 ], [ -111.874199197761001, 40.514965990155403 ], [ -111.873787771156998, 40.514868499508701 ], [ -111.873253447837001, 40.51481569101999 ], [ -111.871842838616999, 40.51481975379081 ], [ -111.871255086198005, 40.514799444031993 ], [ -111.870918464105003, 40.514754760355608 ], [ -111.870485662088996, 40.514641021009595 ], [ -111.869951341462993, 40.514368857805103 ], [ -111.869625403932005, 40.514161688251903 ], [ -111.869331528171998, 40.513889524467601 ], [ -111.869139172817995, 40.513743285072302 ], [ -111.868786518492001, 40.513588922399798 ], [ -111.868321658298996, 40.5134304958342 ], [ -111.868059842513006, 40.513393936277296 ], [ -111.867730286568005, 40.5133676796572 ] ] ] } },
{ "type": "Feature", "properties": { "precinct": "DRP005", "county": "Salt Lake", "CountyID": 18 }, "geometry": { "type": "Polygon", "coordinates": [ [ [ -111.862719542304021, 40.536968092190897 ], [ -111.862725542150997, 40.5368370913719 ], [ -111.862725542150997, 40.536695091831206 ], [ -111.862725540355001, 40.536605090725999 ], [ -111.862727541800993, 40.536026091580688 ], [ -111.862734539677007, 40.534288089859906 ], [ -111.86273754005002, 40.533710092071999 ], [ -111.862738539874996, 40.533234090230309 ], [ -111.862742540970999, 40.531808090166194 ], [ -111.86274453972301, 40.531333091450392 ], [ -111.862743541694996, 40.531043090420894 ], [ -111.862741540247995, 40.530173090726706 ], [ -111.862741541147003, 40.52988309082231 ], [ -111.862739541497007, 40.529765090643195 ], [ -111.862738540772995, 40.529735090599203 ], [ -111.862719914205996, 40.529734913075998 ], [ -111.862716209553994, 40.52969370105869 ], [ -111.862699939267003, 40.529512764305409 ], [ -111.862615015234994, 40.5292997586673 ], [ -111.862436679889001, 40.528899565066901 ], [ -111.861842224241002, 40.527627966656212 ], [ -111.862963195950996, 40.527298766084385 ], [ -111.863956788351004, 40.527072844914791 ], [ -111.864457829988993, 40.527001840980802 ], [ -111.865162684094017, 40.526930836288905 ], [ -111.866317625595997, 40.5269243810028 ], [ -111.867353676868007, 40.52694374549359 ], [ -111.869519193420999, 40.526963110661598 ], [ -111.871242992180001, 40.526970224172402 ], [ -111.871245875772004, 40.527321394962698 ], [ -111.871246270132005, 40.5273693893811 ], [ -111.871258327320007, 40.528837123214394 ], [ -111.871252311302001, 40.530098828448303 ], [ -111.87124090719, 40.530370064083002 ], [ -111.871228839222013, 40.530519481024207 ], [ -111.871209251457003, 40.53071410667679 ], [ -111.871172993656003, 40.531336827541097 ], [ -111.871139130762998, 40.532532302406103 ], [ -111.871138004276006, 40.53289485347441 ], [ -111.871137904563, 40.532926718739304 ], [ -111.871136383715012, 40.533416511462292 ], [ -111.871125980325999, 40.534348066741103 ], [ -111.871116864222003, 40.534987172760609 ], [ -111.871107311537003, 40.536114876863003 ], [ -111.871100640647995, 40.536317309488197 ], [ -111.871104434233004, 40.537014947771702 ], [ -111.871115730547999, 40.537735541406406 ], [ -111.87116668478798, 40.53874879695649 ], [ -111.871480896609, 40.540659096986197 ], [ -111.871266998756994, 40.540648537444 ], [ -111.871131414234995, 40.540645737813293 ], [ -111.871065480588015, 40.540692414010593 ], [ -111.870999542448999, 40.540739091540587 ], [ -111.870903542190007, 40.540738090747404 ], [ -111.870615544106002, 40.540735091098391 ], [ -111.870519542948998, 40.540735091098391 ], [ -111.870010544034002, 40.5407300912279 ], [ -111.868485542447999, 40.540715090248895 ], [ -111.867977542459997, 40.54071109185319 ], [ -111.867797542535001, 40.54070809083759 ], [ -111.867545541740995, 40.540705091869896 ], [ -111.867401542699994, 40.5407090916312 ], [ -111.867331543277999, 40.540720090803191 ], [ -111.867263541708994, 40.540735091098405 ], [ -111.867094543451003, 40.540793090660991 ], [ -111.867004542141004, 40.54069809109231 ], [ -111.866987542423018, 40.54063809190599 ], [ -111.866986542597999, 40.540628091467489 ], [ -111.866912542080001, 40.540628091467497 ], [ -111.865391542489007, 40.540624091701297 ], [ -111.865103541709999, 40.540621091364507 ], [ -111.865101542060003, 40.538745090634599 ], [ -111.865099541511995, 40.537131090512297 ], [ -111.865098541687004, 40.536983091278103 ], [ -111.864559541736995, 40.536980090778293 ], [ -111.864446540860996, 40.536976091476895 ], [ -111.864347542922999, 40.536979090611503 ], [ -111.863562542026997, 40.536979091294299 ], [ -111.862848540377996, 40.536970091841802 ], [ -111.862719542304021, 40.536968092190897 ] ] ] } },
{ "type": "Feature", "properties": { "precinct": "DRP007", "county": "Salt Lake", "CountyID": 18 }, "geometry": { "type": "Polygon", "coordinates": [ [ [ -111.871242693040998, 40.526915268901803 ], [ -111.871549155994998, 40.526929134043499 ], [ -111.871855999833997, 40.526936640856498 ], [ -111.872162997285997, 40.526937783197504 ], [ -111.872469921974002, 40.526932560384097 ], [ -111.872776547523998, 40.526920977194507 ], [ -111.873082646659995, 40.526903042501907 ], [ -111.873387995702998, 40.526878767908904 ], [ -111.873692365582997, 40.526848173210304 ], [ -111.873995536210998, 40.526811278881695 ], [ -111.874297279416993, 40.526768112907902 ], [ -111.874497395315998, 40.526743082393196 ], [ -111.874698522718006, 40.526723325227515 ], [ -111.874900422671999, 40.526708865313694 ], [ -111.875102855326006, 40.526699719725592 ], [ -111.875305580830997, 40.526695899390297 ], [ -111.875508358439006, 40.526697409088513 ], [ -111.875710947399995, 40.526704246771409 ], [ -111.881762542633993, 40.526740617442208 ], [ -111.881762543533, 40.526771087918199 ], [ -111.881773544302007, 40.528510088941985 ], [ -111.881774544126998, 40.528647088669892 ], [ -111.881773543403, 40.528816089847197 ], [ -111.881773545200005, 40.529036089460504 ], [ -111.881771543753004, 40.530206088646899 ], [ -111.881771543753004, 40.530596088843403 ], [ -111.881785543098999, 40.531570089057205 ], [ -111.881790544020006, 40.531904089611196 ], [ -111.881800544065996, 40.532494090078998 ], [ -111.881802542816999, 40.533393089245102 ], [ -111.881796544766004, 40.533954089582402 ], [ -111.881968544295006, 40.533968089815509 ], [ -111.882116545331996, 40.533990089688217 ], [ -111.882300545454996, 40.534032089673595 ], [ -111.882461545113003, 40.534089089367683 ], [ -111.882657544932002, 40.534170089244796 ], [ -111.882835545207001, 40.534253089438799 ], [ -111.882949545908005, 40.534314090453485 ], [ -111.883027545725994, 40.534368089290901 ], [ -111.883120544714004, 40.534455088691601 ], [ -111.883162546343002, 40.534537089694901 ], [ -111.883188544486018, 40.534611089664907 ], [ -111.883186546632999, 40.535984089431793 ], [ -111.883193544508998, 40.537031090382904 ], [ -111.882451545066999, 40.537028089202394 ], [ -111.882208546290997, 40.537028089202408 ], [ -111.881872544933998, 40.537028089885098 ], [ -111.881783488652005, 40.537029017684091 ], [ -111.88166861389, 40.537028692032798 ], [ -111.881596658836003, 40.537028487220695 ], [ -111.881028074667995, 40.537026872618299 ], [ -111.880366999958994, 40.537025012241294 ], [ -111.879776123198994, 40.537030331212591 ], [ -111.878272999184006, 40.537038648632702 ], [ -111.875841347744995, 40.537033128946192 ], [ -111.875305648205, 40.537031902121605 ], [ -111.875255349734999, 40.537031786744102 ], [ -111.875081694610998, 40.537031388725907 ], [ -111.874056232680019, 40.53702901085699 ], [ -111.874031115785002, 40.537028708417793 ], [ -111.874006073450005, 40.537028072134788 ], [ -111.873980954757997, 40.537027109517702 ], [ -111.873133585627997, 40.537023482294593 ], [ -111.873114612310999, 40.537023472053995 ], [ -111.872992191701002, 40.537023405148688 ], [ -111.872982705490998, 40.537023400369797 ], [ -111.872774894623021, 40.537023288405791 ], [ -111.872773452827005, 40.537023287723095 ], [ -111.872229108799999, 40.537022994841692 ], [ -111.872225876661005, 40.537022977774001 ], [ -111.871891038621996, 40.537021124906701 ], [ -111.871843250943996, 40.537020861381698 ], [ -111.871816351790997, 40.537020711868806 ], [ -111.871308985114993, 40.537017909355711 ], [ -111.871291318847, 40.537017809680499 ], [ -111.871104434233004, 40.537014947771702 ], [ -111.871100640647995, 40.536317309488197 ], [ -111.871107311537003, 40.536114876863003 ], [ -111.871116864222003, 40.534987172760609 ], [ -111.871125980325999, 40.534348066741103 ], [ -111.871136383715012, 40.533416511462292 ], [ -111.871137904563, 40.532926718739304 ], [ -111.871138004276006, 40.53289485347441 ], [ -111.871139130762998, 40.532532302406103 ], [ -111.871172993656003, 40.531336827541097 ], [ -111.871209251457003, 40.53071410667679 ], [ -111.871228839222013, 40.530519481024207 ], [ -111.87124090719, 40.530370064083002 ], [ -111.871252311302001, 40.530098828448303 ], [ -111.871258327320007, 40.528837123214394 ], [ -111.871246270132005, 40.5273693893811 ], [ -111.871245875772004, 40.527321394962698 ], [ -111.871242992180001, 40.526970224172402 ], [ -111.871242693040998, 40.526915268901803 ] ] ] } },
{ "type": "Feature", "properties": { "precinct": "DRP011", "county": "Salt Lake", "CountyID": 18 }, "geometry": { "type": "Polygon", "coordinates": [ [ [ -111.852797442479996, 40.529672997061297 ], [ -111.852822076980004, 40.529631725603799 ], [ -111.852950864849007, 40.529415943458503 ], [ -111.853188648005997, 40.529228756409907 ], [ -111.853494368053006, 40.529093206747199 ], [ -111.854182238608999, 40.528815653543894 ], [ -111.854683280247002, 40.5284154563697 ], [ -111.854972014051, 40.52791198065291 ], [ -111.855090906078999, 40.527627965290598 ], [ -111.855099398750994, 40.527505323535109 ], [ -111.854955030501998, 40.527176123726498 ], [ -111.854674786676, 40.526911469745897 ], [ -111.854054854807003, 40.526375709455991 ], [ -111.853732151211005, 40.52602068124429 ], [ -111.853417936694001, 40.52549782331679 ], [ -111.853400954044005, 40.525342901843104 ], [ -111.853579290289005, 40.525291259679001 ], [ -111.853613258284994, 40.525194434781795 ], [ -111.853570797616001, 40.525110518619698 ], [ -111.853417937591999, 40.525026601669801 ], [ -111.853350000701994, 40.524826490702793 ], [ -111.853290553790004, 40.524645747024493 ], [ -111.853265079365002, 40.524264892263808 ], [ -111.853299046462993, 40.523173952686697 ], [ -111.853290023784012, 40.52031499854079 ], [ -111.853300804466002, 40.514033750915807 ], [ -111.853310596102006, 40.511531962248498 ], [ -111.854598697575, 40.5115526206271 ], [ -111.856571610840007, 40.511573281048115 ], [ -111.857337949235017, 40.511581544941592 ], [ -111.857865145323004, 40.511631129646879 ], [ -111.858501042051003, 40.511734432933494 ], [ -111.859218465382995, 40.511845999238794 ], [ -111.859669572369, 40.511874925475702 ], [ -111.860435911663998, 40.511866659569499 ], [ -111.861202250958002, 40.511862528323512 ], [ -111.863142552683001, 40.511903848968203 ], [ -111.864398043514001, 40.511903848285307 ], [ -111.865191556845005, 40.511928641889192 ], [ -111.865788848473997, 40.511924077648494 ], [ -111.865634239431003, 40.513219006456993 ], [ -111.865637075411996, 40.513222731947408 ], [ -111.867038091521991, 40.513318708157996 ], [ -111.867061573483994, 40.513320318550988 ], [ -111.867631815042998, 40.513359394129502 ], [ -111.867730286568005, 40.5133676796572 ], [ -111.867653945938002, 40.513458513750699 ], [ -111.867407198492998, 40.513818374760604 ], [ -111.867268703429005, 40.514528826955498 ], [ -111.867201489682998, 40.514871114458707 ], [ -111.867164063173007, 40.515061709137591 ], [ -111.867143028222003, 40.515282615753193 ], [ -111.866902886987006, 40.517711825487304 ], [ -111.866738408154006, 40.518802622458288 ], [ -111.866769952495005, 40.518889853080211 ], [ -111.866771476935995, 40.518894069937701 ], [ -111.866788193684997, 40.518896322798014 ], [ -111.866860971595997, 40.518911184571706 ], [ -111.866867639790001, 40.518912546257695 ], [ -111.866944937126007, 40.51893397129821 ], [ -111.866965900211, 40.518941409351605 ], [ -111.867019512566003, 40.518960431971607 ], [ -111.867048165230003, 40.518971776159304 ], [ -111.867900718537001, 40.519116043574698 ], [ -111.868339133226002, 40.519125020158093 ], [ -111.868363048175993, 40.519125511838602 ], [ -111.868939538415987, 40.519137316265699 ], [ -111.869158064388998, 40.519146841889295 ], [ -111.869367017914001, 40.5192084931072 ], [ -111.869544840323016, 40.519300271916293 ], [ -111.869650193840997, 40.519373450809375 ], [ -111.869843019911997, 40.519539022019593 ], [ -111.869950426977994, 40.5196062616047 ], [ -111.870061489289995, 40.51967069446939 ], [ -111.870164180201996, 40.519717088907093 ], [ -111.870290963030996, 40.519762034917783 ], [ -111.870417784488012, 40.519800613700909 ], [ -111.870535093685007, 40.519823299741283 ], [ -111.870779542340998, 40.519836526489406 ], [ -111.871023118734001, 40.519835754832414 ], [ -111.871027061440003, 40.520137413305598 ], [ -111.871046254844003, 40.520293429854597 ], [ -111.871088616698003, 40.520477426197196 ], [ -111.871167919971001, 40.520680631274089 ], [ -111.871230750837015, 40.520831240943203 ], [ -111.871275516582998, 40.521032797182194 ], [ -111.871291458086006, 40.521212652631 ], [ -111.871291140082008, 40.521342074478497 ], [ -111.871291071810006, 40.52136982891659 ], [ -111.871290872383994, 40.521451826811791 ], [ -111.871290854418007, 40.521458766093993 ], [ -111.871278426225999, 40.521898765782311 ], [ -111.871273526813994, 40.522069644085605 ], [ -111.871262280805013, 40.522461851502499 ], [ -111.871246015010001, 40.523029129287401 ], [ -111.871234002738007, 40.5231458876166 ], [ -111.871219367386004, 40.523288116627405 ], [ -111.87119223017902, 40.524789203315798 ], [ -111.871191632800006, 40.524822273535698 ], [ -111.871186515098003, 40.525105376237704 ], [ -111.871196625636003, 40.526025121617892 ], [ -111.871239935212998, 40.526408180746898 ], [ -111.871242693040998, 40.526915268901803 ], [ -111.871242992180001, 40.526970224172402 ], [ -111.869519193420999, 40.526963110661598 ], [ -111.867353676868007, 40.52694374549359 ], [ -111.866317625595997, 40.5269243810028 ], [ -111.865162684094017, 40.526930836288905 ], [ -111.864457829988993, 40.527001840980802 ], [ -111.863956788351004, 40.527072844914791 ], [ -111.862963195950996, 40.527298766084385 ], [ -111.861842224241002, 40.527627966656212 ], [ -111.862436679889001, 40.528899565066901 ], [ -111.862615015234994, 40.5292997586673 ], [ -111.862699939267003, 40.529512764305409 ], [ -111.862716209553994, 40.52969370105869 ], [ -111.862719914205996, 40.529734913075998 ], [ -111.861889382200005, 40.529727001687093 ], [ -111.861059540997999, 40.529719090297199 ], [ -111.858246538551015, 40.529691091466397 ], [ -111.857970539264997, 40.529690091873704 ], [ -111.856718538389003, 40.529675091836616 ], [ -111.856613539704995, 40.529674092243702 ], [ -111.853534538915994, 40.529670091140694 ], [ -111.853295212453006, 40.529671034062808 ], [ -111.852799524773999, 40.529672988867894 ], [ -111.852797442479996, 40.529672997061297 ] ] ] } },
{ "type": "Feature", "properties": { "precinct": "DRP001", "county": "Salt Lake", "CountyID": 18 }, "geometry": { "type": "Polygon", "coordinates": [ [ [ -111.910377549559996, 40.544209896491601 ], [ -111.910374690222014, 40.543961131253894 ], [ -111.910373687702005, 40.543873729836498 ], [ -111.910320612541014, 40.540858755171101 ], [ -111.910294074510006, 40.539981462908294 ], [ -111.910333879758994, 40.5377831392275 ], [ -111.910307341728995, 40.534455264836801 ], [ -111.910320612541014, 40.531641569498291 ], [ -111.910307341728995, 40.531056629711088 ], [ -111.910347150570999, 40.528948783279404 ], [ -111.910320609845996, 40.5268610421451 ], [ -111.912112110134998, 40.526773595202499 ], [ -111.913546956798996, 40.526736414051697 ], [ -111.914373080771995, 40.526711626606485 ], [ -111.915508999550994, 40.526558771401703 ], [ -111.916432954550004, 40.526315031697692 ], [ -111.917269947239006, 40.526042372360791 ], [ -111.918286294862995, 40.525546624090708 ], [ -111.920193988641998, 40.524489014751794 ], [ -111.921894150927997, 40.523561438602194 ], [ -111.921962944811, 40.52362383483959 ], [ -111.921924394508991, 40.523821198227999 ], [ -111.921936087879018, 40.524109341094295 ], [ -111.921878273206005, 40.524397822774098 ], [ -111.921879913528997, 40.524663306080193 ], [ -111.921801822982005, 40.524898635902993 ], [ -111.921604047194009, 40.5250738793954 ], [ -111.921494977345006, 40.525089400777794 ], [ -111.921345522834997, 40.525044459704802 ], [ -111.921127239406999, 40.525090723417108 ], [ -111.920948490835016, 40.525136844386488 ], [ -111.920790011850002, 40.525235937036292 ], [ -111.920700979822001, 40.525304608939784 ], [ -111.920461235641994, 40.525526919832501 ], [ -111.920389106315, 40.525562031332093 ], [ -111.920320411247005, 40.525598660729997 ], [ -111.920086697456995, 40.525823471138892 ], [ -111.919979221220018, 40.525944443062997 ], [ -111.919800819398006, 40.5260284756259 ], [ -111.919560140971001, 40.526329859051508 ], [ -111.91939689462599, 40.526613852602296 ], [ -111.919364086355003, 40.526730067996901 ], [ -111.919270415426993, 40.527061889933393 ], [ -111.919381216329, 40.52728906955209 ], [ -111.919432348434995, 40.527524025538192 ], [ -111.919503657600004, 40.527796823601292 ], [ -111.919754795113008, 40.528235854446805 ], [ -111.920025323659004, 40.528583947401891 ], [ -111.920227818296993, 40.528865732133688 ], [ -111.920416013552, 40.529067865066793 ], [ -111.9206160504, 40.529256808691194 ], [ -111.920795628117006, 40.52936234142539 ], [ -111.921075141611993, 40.5295585620064 ], [ -111.921235146835997, 40.529724864580892 ], [ -111.921415126997999, 40.529875873838094 ], [ -111.921556105004996, 40.530171204896803 ], [ -111.92157733758502, 40.530398703072805 ], [ -111.921489184110001, 40.530611375438802 ], [ -111.921321346476006, 40.530801638603492 ], [ -111.921024030168013, 40.530954363963801 ], [ -111.920856726132996, 40.531212887806397 ], [ -111.920610829390981, 40.531646135127808 ], [ -111.920284512771005, 40.5319203583987 ], [ -111.919808543113007, 40.532119288863093 ], [ -111.919172395754998, 40.532144259335396 ], [ -111.918515698535998, 40.532032864725608 ], [ -111.918077453628001, 40.531897901080299 ], [ -111.917719501937, 40.531883957766389 ], [ -111.917431299935998, 40.531907768318405 ], [ -111.917193372149001, 40.532007227839699 ], [ -111.917075342504006, 40.53222000297621 ], [ -111.917086277696001, 40.532386840370194 ], [ -111.917257055516004, 40.532674504670801 ], [ -111.917399829255999, 40.533265581872193 ], [ -111.917401452511996, 40.533531064870893 ], [ -111.917462727496002, 40.533803898562397 ], [ -111.917624015513013, 40.534159860489595 ], [ -111.917795637750004, 40.534583957899599 ], [ -111.917817509930998, 40.53491763074129 ], [ -111.917810614463008, 40.535410718072498 ], [ -111.917703402330005, 40.535752415586003 ], [ -111.917576104765999, 40.536071490902593 ], [ -111.917468173082995, 40.536314579313398 ], [ -111.917390284655994, 40.536587909607903 ], [ -111.917391126378007, 40.536725226666597 ], [ -111.917403553670994, 40.536972086713696 ], [ -111.917419551768006, 40.537013086711703 ], [ -111.917462551425999, 40.537109086892002 ], [ -111.917500552857021, 40.537220088017001 ], [ -111.917578552674996, 40.537328087108399 ], [ -111.917637552225997, 40.537433086911498 ], [ -111.917664551990995, 40.537501086826204 ], [ -111.917668552188999, 40.537572087828202 ], [ -111.917659551968001, 40.537645087020209 ], [ -111.91763455275202, 40.537733087100193 ], [ -111.917607552089009, 40.537792087368302 ], [ -111.917571552103993, 40.537845088027694 ], [ -111.917532552644005, 40.537884087867901 ], [ -111.917455551752994, 40.537953088159703 ], [ -111.917364553313007, 40.538006086643691 ], [ -111.917317551661, 40.538023087166195 ], [ -111.91724255221601, 40.538038088065306 ], [ -111.917176553891011, 40.538038087382589 ], [ -111.917098552276002, 40.5380280872387 ], [ -111.917059553715006, 40.538011087400207 ], [ -111.916971552055003, 40.537960087858899 ], [ -111.916922552548996, 40.537918087605007 ], [ -111.916881552541, 40.537884088550598 ], [ -111.916824551741001, 40.537856088352605 ], [ -111.916725553804014, 40.537857087823497 ], [ -111.916688553994007, 40.537865087003389 ], [ -111.916654551861996, 40.537879088467392 ], [ -111.916615551503995, 40.537904087514598 ], [ -111.916554551405, 40.537952087324896 ], [ -111.91650855227202, 40.537999087632102 ], [ -111.916490886901997, 40.538023113108601 ], [ -111.916483551260001, 40.538033087993497 ], [ -111.916466551541006, 40.53807208772421 ], [ -111.916451551473003, 40.538113087731794 ], [ -111.916447553070995, 40.538143086755696 ], [ -111.916444552697996, 40.538179088024307 ], [ -111.916444553597003, 40.538226088172202 ], [ -111.916449553619003, 40.53828408785899 ], [ -111.916464551891011, 40.538343087641884 ], [ -111.916486552531012, 40.538387087920597 ], [ -111.916525551991, 40.538426088127899 ], [ -111.916583553514002, 40.538465086947198 ], [ -111.916656551512006, 40.538489088362404 ], [ -111.916964552381998, 40.538562087920695 ], [ -111.917210552428998, 40.538657087787797 ], [ -111.917305551965001, 40.538704087600401 ], [ -111.917495551038002, 40.538833087904301 ], [ -111.917990552404007, 40.539179087312796 ], [ -111.918366553045999, 40.539477086933694 ], [ -111.918444553762001, 40.539560088062792 ], [ -111.918483555018, 40.539643087723697 ], [ -111.918488552346005, 40.539706086813794 ], [ -111.918478553198995, 40.539794088282584 ], [ -111.918439552840994, 40.5398910880144 ], [ -111.918371553069008, 40.539979087874798 ], [ -111.918215551635996, 40.540135087591594 ], [ -111.918049553751999, 40.540287087841392 ], [ -111.917961552091995, 40.540345087109202 ], [ -111.917878553148995, 40.540384086859298 ], [ -111.917742552706997, 40.540408088269693 ], [ -111.91754255179201, 40.540374088430895 ], [ -111.917351553792997, 40.540379088328002 ], [ -111.917190552338013, 40.540428087845498 ], [ -111.916932551697002, 40.540560087899998 ], [ -111.916834552685998, 40.540628087371502 ], [ -111.916810551498003, 40.54067708738949 ], [ -111.916815552418996, 40.540755087163305 ], [ -111.916820552442005, 40.540921087517106 ], [ -111.916820553340003, 40.541013087815699 ], [ -111.916795552327002, 40.54108208693269 ], [ -111.916678552152007, 40.541316087979993 ], [ -111.916610553278005, 40.541408088418798 ], [ -111.916561551976002, 40.541491088520701 ], [ -111.916532554358, 40.541589088623795 ], [ -111.916547552630007, 40.541721087755896 ], [ -111.916561551976002, 40.5419110872704 ], [ -111.916586552988008, 40.542013088490606 ], [ -111.916625552447996, 40.542062088178199 ], [ -111.916712553384997, 40.542169088249203 ], [ -111.916742553521999, 40.542238087540802 ], [ -111.916756553766021, 40.542301087603597 ], [ -111.916747553544994, 40.542345088013306 ], [ -111.916673552128998, 40.542452087632192 ], [ -111.916561553771999, 40.542521086632298 ], [ -111.916420553307006, 40.54261808787659 ], [ -111.916381552051007, 40.542682088346304 ], [ -111.916337552567995, 40.542813087975503 ], [ -111.916322552498997, 40.542950088496596 ], [ -111.916327553420999, 40.54309108835669 ], [ -111.916356552834998, 40.543218088940108 ], [ -111.916410554159995, 40.543335087883001 ], [ -111.916556552851006, 40.543560088636397 ], [ -111.916717553408006, 40.543701088577599 ], [ -111.916947552663004, 40.543840088093702 ], [ -111.916932552595, 40.544001088002503 ], [ -111.91687855396502, 40.544138088141715 ], [ -111.916625756366003, 40.54425129344849 ], [ -111.916581552965994, 40.544271089134902 ], [ -111.916500593199004, 40.544271561517093 ], [ -111.915042553831, 40.544280088289199 ], [ -111.913932552347006, 40.544278088173797 ], [ -111.913846552132995, 40.5442760887411 ], [ -111.913760553716003, 40.544274089308189 ], [ -111.913245551360006, 40.544266088162985 ], [ -111.913074551655995, 40.544264088047292 ], [ -111.912947552332994, 40.544269089019203 ], [ -111.912567552390996, 40.544285088577297 ], [ -111.912441551993993, 40.544292088980093 ], [ -111.912258551696013, 40.544292088980107 ], [ -111.911711551349995, 40.544294089095096 ], [ -111.911529550877006, 40.544295089152499 ], [ -111.911293552672007, 40.544277088798793 ], [ -111.910587550520006, 40.544225088508206 ], [ -111.910377549559996, 40.544209896491601 ] ] ] } },
{ "type": "Feature", "properties": { "precinct": "DRP016", "county": "Salt Lake", "CountyID": 18 }, "geometry": { "type": "Polygon", "coordinates": [ [ [ -111.82557394120002, 40.522403474157592 ], [ -111.825606340738005, 40.522374422720198 ], [ -111.825644355644002, 40.522357417544484 ], [ -111.825676159598018, 40.522341771249494 ], [ -111.825721833540996, 40.522351963568703 ], [ -111.825743420056995, 40.522359016794702 ], [ -111.825773015054011, 40.522357236587503 ], [ -111.825792672887005, 40.522337054757699 ], [ -111.825783640327018, 40.522319103132801 ], [ -111.825794664452005, 40.522303285431697 ], [ -111.825803135564996, 40.522282927408497 ], [ -111.825824848744006, 40.522259327171206 ], [ -111.825837964146999, 40.522244203239502 ], [ -111.825873199666006, 40.522227286802298 ], [ -111.825911496643002, 40.522203704299798 ], [ -111.825929495287994, 40.522187802579907 ], [ -111.825939257280012, 40.522173849051498 ], [ -111.825962245169009, 40.522158819334898 ], [ -111.825977116778006, 40.522142880047085 ], [ -111.826012583164001, 40.522117244157812 ], [ -111.826051818880003, 40.522101035813598 ], [ -111.826073138596996, 40.522102646678391 ], [ -111.826098924736996, 40.522084928528699 ], [ -111.826122492039005, 40.522081448677199 ], [ -111.826151798677003, 40.522077807670797 ], [ -111.826170982199997, 40.522056281889007 ], [ -111.826192788802999, 40.522037882232794 ], [ -111.826210643717999, 40.522027767711904 ], [ -111.826239621572, 40.52200623645129 ], [ -111.826273759350016, 40.521992317028001 ], [ -111.826297959963014, 40.521973089044494 ], [ -111.826319709074994, 40.521954916075209 ], [ -111.826336265025006, 40.521936779975505 ], [ -111.826359016656994, 40.521920426138301 ], [ -111.826379825231996, 40.52188733468369 ], [ -111.826402681966002, 40.521825963854297 ], [ -111.826418641434998, 40.521792049504 ], [ -111.826426381320005, 40.521773976183603 ], [ -111.826427693758006, 40.521721959109399 ], [ -111.826443236409006, 40.521680045643897 ], [ -111.826456861156998, 40.521636701552303 ], [ -111.826484478064003, 40.521593382698597 ], [ -111.826494162800998, 40.521557278966299 ], [ -111.826510259713004, 40.521524964432885 ], [ -111.826522059981997, 40.521507027613502 ], [ -111.82654646092, 40.521466816397805 ], [ -111.826573590940001, 40.521393895181888 ], [ -111.826584373418996, 40.521376456820093 ], [ -111.826593006227995, 40.521340359799609 ], [ -111.826612178971999, 40.521306765468303 ], [ -111.826624334076001, 40.521271244067691 ], [ -111.826635675305994, 40.521246913488497 ], [ -111.826643363087996, 40.521213875648002 ], [ -111.826662542120005, 40.521177704107302 ], [ -111.826673143137995, 40.521156072191786 ], [ -111.82668187117001, 40.521123512314993 ], [ -111.826692925838003, 40.521087397403683 ], [ -111.826691983505, 40.521063079732293 ], [ -111.826699012822004, 40.521033301140299 ], [ -111.826702002415004, 40.521017032441399 ], [ -111.826713733513998, 40.52098614757849 ], [ -111.826718527823004, 40.5209610903213 ], [ -111.826730061293006, 40.520939872155807 ], [ -111.826742290957, 40.520912853674901 ], [ -111.826755545598999, 40.520870737573496 ], [ -111.826761401716993, 40.520847316434391 ], [ -111.826783772461994, 40.52081944500879 ], [ -111.826800712891995, 40.52079119730881 ], [ -111.826811691203005, 40.520764471037495 ], [ -111.826826626593004, 40.520744105035305 ], [ -111.826859094401996, 40.520688428325307 ], [ -111.826874330728003, 40.520635657198603 ], [ -111.826883872633005, 40.520617406019099 ], [ -111.826894895858999, 40.5205833742857 ], [ -111.826912050087998, 40.520558512180195 ], [ -111.826923729084996, 40.520513659574604 ], [ -111.826965862766997, 40.5204292383699 ], [ -111.826980784681993, 40.520400665456201 ], [ -111.826986151217994, 40.520373032168798 ], [ -111.827001897786005, 40.520331274238799 ], [ -111.827010890821001, 40.520274326350318 ], [ -111.827014493963006, 40.520233609748104 ], [ -111.827021229530999, 40.520202951240101 ], [ -111.827014209197003, 40.520170478991702 ], [ -111.827006341751996, 40.520148234891501 ], [ -111.827003718670994, 40.520124072575896 ], [ -111.826995312237003, 40.520097296871398 ], [ -111.826996553708994, 40.520076234129093 ], [ -111.826995089454996, 40.520040570720198 ], [ -111.826977132132001, 40.519997375119409 ], [ -111.826966612860005, 40.519971043236801 ], [ -111.82695945867701, 40.519950375843003 ], [ -111.826958553175004, 40.519914348391296 ], [ -111.82695519168, 40.519896353778904 ], [ -111.826941252520996, 40.5198752978024 ], [ -111.826921426702995, 40.51984855545961 ], [ -111.826895842683996, 40.519817795025901 ], [ -111.826849729464996, 40.519778001404092 ], [ -111.826828473529005, 40.519758338471796 ], [ -111.826816763989001, 40.5197378676828 ], [ -111.826887678794009, 40.519698642172706 ], [ -111.826997325361006, 40.519656146307803 ], [ -111.827094604822008, 40.519635071134999 ], [ -111.827174026673006, 40.5196212290682 ], [ -111.827225284543005, 40.519598820210597 ], [ -111.827257368771996, 40.519576548605386 ], [ -111.827295562442998, 40.51955396559709 ], [ -111.827342635960008, 40.519542127781889 ], [ -111.827421197224993, 40.519526618089699 ], [ -111.827472347297018, 40.519516382319203 ], [ -111.827563691589006, 40.519506754315302 ], [ -111.827609970994999, 40.519507146291694 ], [ -111.827713717427002, 40.519517414159203 ], [ -111.827757598331999, 40.519515258289601 ], [ -111.827807440458002, 40.519506571984799 ], [ -111.827891132898998, 40.519497853583296 ], [ -111.827924267258993, 40.519486970432595 ], [ -111.827979216306005, 40.519470290944007 ], [ -111.828076076254007, 40.519422165218295 ], [ -111.828149848600006, 40.519352468420287 ], [ -111.828241209061005, 40.519260241025101 ], [ -111.828313430915003, 40.519201953764899 ], [ -111.828348706857, 40.51916224923599 ], [ -111.828381130649007, 40.519111379438492 ], [ -111.828404889292017, 40.5189981350671 ], [ -111.828428097266993, 40.518912848095894 ], [ -111.828436350090001, 40.518876754528989 ], [ -111.828431681544998, 40.518849544689608 ], [ -111.828432105550007, 40.518813274902406 ], [ -111.828448999266996, 40.518755414744696 ], [ -111.828488991365006, 40.518687137673091 ], [ -111.828542892976998, 40.518611535803302 ], [ -111.828584617027019, 40.518553535477999 ], [ -111.828628496136005, 40.518512494820897 ], [ -111.828739610550002, 40.518460172692905 ], [ -111.828835791371006, 40.518423446520011 ], [ -111.828933719415005, 40.518374463689703 ], [ -111.828997906737001, 40.518309718860699 ], [ -111.829040520118994, 40.518223783625693 ], [ -111.829048701076005, 40.5181255929636 ], [ -111.829069115291006, 40.518045083137494 ], [ -111.829104502625, 40.517971076483903 ], [ -111.829139943857996, 40.517866467535704 ], [ -111.829179227184994, 40.517785073721704 ], [ -111.829190882825998, 40.517740252722696 ], [ -111.829216614168999, 40.517688124619696 ], [ -111.829237349083002, 40.517663821422097 ], [ -111.829242660820995, 40.517619104826501 ], [ -111.829254503311006, 40.517583456500191 ], [ -111.829250617198994, 40.517558351533509 ], [ -111.829236947536003, 40.517483648461209 ], [ -111.829232110107995, 40.517396282842689 ], [ -111.829219818460004, 40.517339629525893 ], [ -111.829224390885003, 40.517269538573494 ], [ -111.829221756126003, 40.5172134922556 ], [ -111.829198300214998, 40.517162503518996 ], [ -111.829217123513999, 40.517135159816497 ], [ -111.829256959304999, 40.517111445086798 ], [ -111.829306616376996, 40.517077237431501 ], [ -111.829349811867999, 40.517056039889894 ], [ -111.829451661058002, 40.51702004161379 ], [ -111.829544792997012, 40.516983994831705 ], [ -111.829680671269003, 40.516932893240096 ], [ -111.829838310330004, 40.516884747254203 ], [ -111.829935790114007, 40.516852317104998 ], [ -111.830249402760003, 40.516694500580606 ], [ -111.830344261259995, 40.516640598817595 ], [ -111.830422798271002, 40.516598061405091 ], [ -111.830493289071001, 40.516570753666898 ], [ -111.830613961560005, 40.5165034441114 ], [ -111.830694508102013, 40.516456669796796 ], [ -111.830764383556001, 40.516401906001001 ], [ -111.830821005266998, 40.516343498793795 ], [ -111.830879248436005, 40.516255419405304 ], [ -111.830929007917007, 40.51616820652621 ], [ -111.83095995128501, 40.516084285893385 ], [ -111.830975594546999, 40.516042452219395 ], [ -111.830973142147002, 40.515969219837196 ], [ -111.830983034393995, 40.5158836824776 ], [ -111.830987838585003, 40.515837429483909 ], [ -111.831003242894994, 40.515806369455184 ], [ -111.831040683777999, 40.515777026964983 ], [ -111.831080568976006, 40.515722686710006 ], [ -111.831098633197996, 40.515702832735293 ], [ -111.831121902259, 40.515630168858692 ], [ -111.831134329552995, 40.515572301856302 ], [ -111.831157615682002, 40.515541955362501 ], [ -111.831167803475012, 40.515490274915891 ], [ -111.831177348075002, 40.515451725067109 ], [ -111.831210076396005, 40.515343441449907 ], [ -111.831260656037998, 40.5152529315693 ], [ -111.831321615712994, 40.515162404493317 ], [ -111.83136623772802, 40.51512125863799 ], [ -111.831496840194006, 40.515028747469003 ], [ -111.831541323869004, 40.514998664340702 ], [ -111.831596506477993, 40.514918877399701 ], [ -111.831630588560003, 40.514888958808903 ], [ -111.831673511860998, 40.514799517788802 ], [ -111.831698302668002, 40.514738610329488 ], [ -111.831727686560995, 40.514649738676802 ], [ -111.831750147137996, 40.514577704008708 ], [ -111.831766294355006, 40.514509512147207 ], [ -111.831777877232994, 40.514402377758195 ], [ -111.831744818331998, 40.514218063565899 ], [ -111.831663085116006, 40.514006814336298 ], [ -111.831609806035999, 40.513886524982503 ], [ -111.831593883398, 40.513827135560206 ], [ -111.831548543628998, 40.513773408374504 ], [ -111.831513874048994, 40.513724676202301 ], [ -111.831441962113004, 40.513666069291702 ], [ -111.831377569077006, 40.513619133188392 ], [ -111.831313861455996, 40.513571018970303 ], [ -111.831224091012999, 40.513513512152493 ], [ -111.831139689799997, 40.513473203261384 ], [ -111.831088950258007, 40.513452395909106 ], [ -111.83101362203, 40.513422554519906 ], [ -111.830956125360004, 40.513376323731485 ], [ -111.830873609711006, 40.513327820741388 ], [ -111.830806064487021, 40.513273752363993 ], [ -111.830782632831003, 40.513234744347592 ], [ -111.830720458632996, 40.513195828506603 ], [ -111.830667742798013, 40.513145883677694 ], [ -111.830621097776998, 40.513113424401901 ], [ -111.830574674638996, 40.513041686533107 ], [ -111.830535950962002, 40.512975546063593 ], [ -111.830509895328007, 40.512916028122305 ], [ -111.830459128835997, 40.512799709554997 ], [ -111.830429833875996, 40.51274886634581 ], [ -111.830303069910997, 40.512633967353203 ], [ -111.830207824236993, 40.512567843555509 ], [ -111.830160350968995, 40.512546828303492 ], [ -111.830081495955, 40.512492299666199 ], [ -111.829960368019997, 40.51239044336949 ], [ -111.829915420814999, 40.512348627196708 ], [ -111.829874070464001, 40.512304139262191 ], [ -111.829789843525006, 40.512264403329901 ], [ -111.829707423098, 40.512237559605197 ], [ -111.829620722197987, 40.512207448589194 ], [ -111.829574329604, 40.512208399952399 ], [ -111.829486532759006, 40.512238706294411 ], [ -111.829417749656002, 40.512262769690992 ], [ -111.829348392529994, 40.512289069087196 ], [ -111.829311259769, 40.512309211598499 ], [ -111.82928402644302, 40.512315175195688 ], [ -111.829258901463007, 40.512294392753603 ], [ -111.829273581731002, 40.5122657590043 ], [ -111.829314444296998, 40.5121972035057 ], [ -111.829338119396013, 40.512177440003697 ], [ -111.829386383181003, 40.512113299757409 ], [ -111.829435362924002, 40.512050763726492 ], [ -111.829488627629999, 40.511983560956295 ], [ -111.829538929693001, 40.511927683692392 ], [ -111.829601296129994, 40.511889451421993 ], [ -111.829679772953, 40.511862727065797 ], [ -111.829773890344001, 40.511837548928895 ], [ -111.829876307269004, 40.511809841083696 ], [ -111.829956405551997, 40.511784889671084 ], [ -111.830080020921002, 40.511775797366901 ], [ -111.830221696020999, 40.511778508735389 ], [ -111.830316311977001, 40.511793727911289 ], [ -111.830469909518001, 40.511844625798908 ], [ -111.830551217831001, 40.511890521625389 ], [ -111.830601085108995, 40.511914231372096 ], [ -111.830634742287003, 40.511916505638794 ], [ -111.830714526158999, 40.511909023096308 ], [ -111.830823870892004, 40.511894823610596 ], [ -111.830942545528004, 40.51189538227441 ], [ -111.831120400276006, 40.511910972272702 ], [ -111.831262190361002, 40.511922975346401 ], [ -111.831309502829995, 40.511930901813194 ], [ -111.831403949003999, 40.5119323121314 ], [ -111.831451111454996, 40.511928046345695 ], [ -111.831506610271006, 40.5119063964204 ], [ -111.831568338005994, 40.511862627353196 ], [ -111.831607044614998, 40.511827074995992 ], [ -111.831643043702002, 40.5117765377003 ], [ -111.831668243242007, 40.511688317085309 ], [ -111.831677386294999, 40.511614879155395 ], [ -111.831673862203999, 40.51155632845289 ], [ -111.831674797350004, 40.511479032978698 ], [ -111.831643530587996, 40.5113042989558 ], [ -111.831596422037009, 40.511132174109591 ], [ -111.831543989170015, 40.510972875047401 ], [ -111.831436613544, 40.510729455673093 ], [ -111.831415670222, 40.51067251465421 ], [ -111.831387755074005, 40.510621098181097 ], [ -111.831345575577998, 40.510581519018992 ], [ -111.831168337074999, 40.510208637376493 ], [ -111.831211201984999, 40.510185785533302 ], [ -111.831290488190007, 40.510169635772797 ], [ -111.831358536471001, 40.510166703053407 ], [ -111.831448481186996, 40.510167162699403 ], [ -111.831570873052002, 40.510156929597798 ], [ -111.831647786806002, 40.510128194537593 ], [ -111.831747891468012, 40.510087979228786 ], [ -111.831786580111, 40.510060048008704 ], [ -111.831811230781, 40.51001047443539 ], [ -111.831814953399004, 40.509959713801301 ], [ -111.831797942003007, 40.509902270818792 ], [ -111.831776663609006, 40.509859638977602 ], [ -111.831706670475, 40.509684214334513 ], [ -111.831706156639001, 40.509642414231685 ], [ -111.831724171453004, 40.509534731140491 ], [ -111.831727999175001, 40.509412652530393 ], [ -111.831714232492999, 40.5093666416318 ], [ -111.831695331041018, 40.509309078618102 ], [ -111.831656748399993, 40.509216490448203 ], [ -111.831650080205009, 40.509144194504607 ], [ -111.831608860109995, 40.509019976051192 ], [ -111.83158052634802, 40.508943643405885 ], [ -111.831527228403999, 40.5088695877756 ], [ -111.831529382564, 40.5088379070923 ], [ -111.831610060258996, 40.50871743566821 ], [ -111.831665296767994, 40.508586681510799 ], [ -111.831683250496994, 40.508433116320909 ], [ -111.831688130146006, 40.508059622373601 ], [ -111.831611118474996, 40.507790057244584 ], [ -111.831611258612014, 40.507693207752489 ], [ -111.831635340648006, 40.507609457509396 ], [ -111.831635666737, 40.507609459558395 ], [ -111.832484118335998, 40.5076109403172 ], [ -111.835288908384996, 40.507616885891096 ], [ -111.836306285478003, 40.507619813940906 ], [ -111.837579647393, 40.507623472807786 ], [ -111.838337229011998, 40.507625648184003 ], [ -111.838329769402009, 40.507791344708998 ], [ -111.838313959052996, 40.508138629292802 ], [ -111.838305303785006, 40.508172576503888 ], [ -111.838290147408998, 40.508232025574394 ], [ -111.838183898270998, 40.508650188577789 ], [ -111.838159628487006, 40.508745710994198 ], [ -111.838491498492004, 40.508647173832394 ], [ -111.838714072273007, 40.508581087766302 ], [ -111.839083838606996, 40.508471297970985 ], [ -111.839083814353003, 40.508463364948291 ], [ -111.839346517675011, 40.508385518143804 ], [ -111.839535146816004, 40.508329620806883 ], [ -111.839730285149997, 40.508271793948097 ], [ -111.839765835978, 40.5082619717234 ], [ -111.839858914915993, 40.508259246552697 ], [ -111.84005457517101, 40.508201392996284 ], [ -111.840201322159999, 40.508399745009605 ], [ -111.840271976452996, 40.508505892495592 ], [ -111.840620157168999, 40.508835185359999 ], [ -111.841172151249992, 40.509119278298591 ], [ -111.841987405607995, 40.509358174617596 ], [ -111.842318600978999, 40.509442110498604 ], [ -111.842505431693013, 40.50942274095199 ], [ -111.842675276164002, 40.509280695617399 ], [ -111.842785674620998, 40.5089966019966 ], [ -111.842768690173997, 40.508105574747795 ], [ -111.842836627064003, 40.507898958884105 ], [ -111.842980994415001, 40.507705254610507 ], [ -111.843082901097006, 40.507640686622707 ], [ -111.843337668700997, 40.507576119938591 ], [ -111.843549975637004, 40.507582575721898 ], [ -111.843763640825998, 40.507649767193399 ], [ -111.844468560508005, 40.506309841411394 ], [ -111.84486248613301, 40.505915741101198 ], [ -111.845297880686005, 40.505663514867798 ], [ -111.846045096645, 40.505394893617002 ], [ -111.846748359833001, 40.505233468311687 ], [ -111.847345467306994, 40.505193111412403 ], [ -111.847955845593006, 40.50519311209549 ], [ -111.848911221864, 40.505142666791002 ], [ -111.849468522294003, 40.505041774702093 ], [ -111.849813519380007, 40.5049207042684 ], [ -111.850105441305018, 40.504779455380501 ], [ -111.850819317190016, 40.504334723258602 ], [ -111.851651555095998, 40.503792324337901 ], [ -111.852047572898002, 40.503547059943401 ], [ -111.852662255012007, 40.503166367423098 ], [ -111.852687847116997, 40.503192147852097 ], [ -111.852943769955004, 40.50344994408259 ], [ -111.853103485022004, 40.503646300623394 ], [ -111.852488621448003, 40.504057055246697 ], [ -111.852444011111004, 40.504086855039596 ], [ -111.851526097282004, 40.504821531728297 ], [ -111.850356964194006, 40.505739864223997 ], [ -111.849516345005995, 40.506606757765006 ], [ -111.847438960369004, 40.508795985572 ], [ -111.846095905357004, 40.510301955647499 ], [ -111.845632116854006, 40.510896989240479 ], [ -111.845197315189012, 40.51170504904939 ], [ -111.844955758208997, 40.512182535570197 ], [ -111.844810824918994, 40.512645324221594 ], [ -111.844578930218006, 40.513460710792003 ], [ -111.844501632882995, 40.514327506581211 ], [ -111.844530617923994, 40.514981268022893 ], [ -111.844583980547, 40.515270304597003 ], [ -111.844330251394993, 40.515241728118703 ], [ -111.844241549947, 40.515227704168609 ], [ -111.844180670222002, 40.515422475982795 ], [ -111.844130461584001, 40.515552313983598 ], [ -111.844096368722006, 40.515629137641696 ], [ -111.844010035234007, 40.515801971428807 ], [ -111.843982192850007, 40.515851609012799 ], [ -111.843913808598998, 40.515964428458503 ], [ -111.843868550577, 40.516032885179499 ], [ -111.843795120489006, 40.516135946077391 ], [ -111.843731125405995, 40.516219407041007 ], [ -111.843655392038002, 40.5163106197055 ], [ -111.843534083541996, 40.516443518185611 ], [ -111.843451830201019, 40.516558907812794 ], [ -111.843499076195002, 40.516862595622797 ], [ -111.843496755846999, 40.517302437678701 ], [ -111.843448445348997, 40.517831301470203 ], [ -111.843412501060001, 40.518818206070399 ], [ -111.843060022803002, 40.518841709865505 ], [ -111.842583864499005, 40.518865215018103 ], [ -111.841950794769005, 40.518933084222091 ], [ -111.841573965880002, 40.5188890131232 ], [ -111.841081190539001, 40.518903703492697 ], [ -111.840733349386994, 40.518969810798701 ], [ -111.840462805569004, 40.519079988359103 ], [ -111.840047328462006, 40.519307687393898 ], [ -111.83935164525802, 40.519667596907702 ], [ -111.839168063750009, 40.519454590709998 ], [ -111.838839545358994, 40.519035916673801 ], [ -111.836900908212002, 40.5198900057107 ], [ -111.835633220057005, 40.520407096104194 ], [ -111.835231269781005, 40.520651538800507 ], [ -111.834835503508003, 40.520989994871208 ], [ -111.834551047481014, 40.521380156591093 ], [ -111.834421187024006, 40.521709206640317 ], [ -111.834322244782015, 40.522183978573203 ], [ -111.834320240641006, 40.522420875378096 ], [ -111.832015626254005, 40.522415470572994 ], [ -111.828861893718013, 40.52240800354209 ], [ -111.825942103143007, 40.522401023386905 ], [ -111.82557394120002, 40.522403474157592 ] ] ] } },
{ "type": "Feature", "properties": { "precinct": "DRP008", "county": "Salt Lake", "CountyID": 18 }, "geometry": { "type": "Polygon", "coordinates": [ [ [ -111.906664177381998, 40.526801736594095 ], [ -111.904787399124018, 40.526775918127498 ], [ -111.904589497572005, 40.526779233860488 ], [ -111.904561821376006, 40.524763150545397 ], [ -111.904455671052006, 40.521807834548397 ], [ -111.904322978207006, 40.518317774323101 ], [ -111.904084911181997, 40.513834753794391 ], [ -111.904117308023999, 40.512430917504396 ], [ -111.904279283253004, 40.511224084860203 ], [ -111.904894792715993, 40.509869452772499 ], [ -111.905409218353, 40.509119384845292 ], [ -111.905205202868018, 40.509025924232184 ], [ -111.905068149599998, 40.508947713362303 ], [ -111.904936524850996, 40.508864246079497 ], [ -111.904810676268994, 40.508775742288201 ], [ -111.904690933536997, 40.508682432821303 ], [ -111.904577610166001, 40.508584563537497 ], [ -111.904471006193006, 40.508482391907101 ], [ -111.904371400993995, 40.508376186329095 ], [ -111.904279053284014, 40.508266224082405 ], [ -111.904194208304006, 40.508152795423882 ], [ -111.904117088834994, 40.50803619812519 ], [ -111.904047896099996, 40.507916739521292 ], [ -111.903986812458015, 40.507794730364395 ], [ -111.903933998705995, 40.507670493702406 ], [ -111.903889593184005, 40.507544354634497 ], [ -111.903861954717996, 40.50728812184159 ], [ -111.903842077695998, 40.507031469382994 ], [ -111.903829971101004, 40.50677453590589 ], [ -111.903825640323006, 40.506517456644801 ], [ -111.903829089853005, 40.506260369567997 ], [ -111.902964242204007, 40.506243041334393 ], [ -111.902099244534995, 40.506230866488799 ], [ -111.901234148949996, 40.506223847083191 ], [ -111.900369006652994, 40.506221982436003 ], [ -111.899503872439993, 40.506225273230896 ], [ -111.898638797516995, 40.506233719466898 ], [ -111.896976904360002, 40.506239361901599 ], [ -111.896966302443005, 40.504415991327789 ], [ -111.897777543128001, 40.50441208434259 ], [ -111.899248544287005, 40.504416085587202 ], [ -111.899486544837004, 40.504410084403389 ], [ -111.899974544732999, 40.504386084443887 ], [ -111.900007543447003, 40.504385084473796 ], [ -111.900283545427996, 40.504367085693595 ], [ -111.900590545575, 40.504336085923697 ], [ -111.900881545828, 40.504292085145991 ], [ -111.901156544391, 40.504244085134097 ], [ -111.901421544705002, 40.504192083830098 ], [ -111.901464543464002, 40.504182084783203 ], [ -111.901758544988994, 40.504115084504782 ], [ -111.902312545906, 40.503978084502002 ], [ -111.902852544783002, 40.503803084355681 ], [ -111.903093544807007, 40.5037040843401 ], [ -111.903598545321003, 40.503486083521402 ], [ -111.904344545858009, 40.503107084625704 ], [ -111.904572545464006, 40.502963083991901 ], [ -111.904796545769997, 40.502811085833606 ], [ -111.905012545679995, 40.502654084619607 ], [ -111.905230545240002, 40.502502084394898 ], [ -111.905441545127005, 40.502343084505902 ], [ -111.905617546651001, 40.502200083600698 ], [ -111.905963546256999, 40.501931083722894 ], [ -111.906696546375997, 40.501366083745388 ], [ -111.906913544315003, 40.501208083913411 ], [ -111.907440547264002, 40.500795082966498 ], [ -111.907424546472001, 40.500674084104602 ], [ -111.907377545719001, 40.500617084000595 ], [ -111.907439546541013, 40.500571084144894 ], [ -111.908148547268993, 40.500032083872497 ], [ -111.908795545377998, 40.499534083067907 ], [ -111.909929546252997, 40.498652083624407 ], [ -111.910310546019005, 40.498366082850183 ], [ -111.910902544774999, 40.498000083883397 ], [ -111.911553545776002, 40.497675082389883 ], [ -111.912314545485003, 40.497361084244005 ], [ -111.913028546234997, 40.497132083129102 ], [ -111.913864590304001, 40.496954739798298 ], [ -111.914117546006011, 40.496901082435691 ], [ -111.914157546189003, 40.496844083224502 ], [ -111.914702546886005, 40.496073082845896 ], [ -111.914884547358994, 40.495816084166492 ], [ -111.915053546514997, 40.49557708223049 ], [ -111.915054030706997, 40.495576403199998 ], [ -111.915053990282999, 40.495576386121797 ], [ -111.915054252591005, 40.495576019964496 ], [ -111.915050766229001, 40.496880871766905 ], [ -111.915397041617993, 40.496865069241203 ], [ -111.915778370167999, 40.496854080632794 ], [ -111.919923911050006, 40.496839299359991 ], [ -111.919924341343005, 40.496906666907506 ], [ -111.919924343139996, 40.496907054234192 ], [ -111.919925601678997, 40.497111526874413 ], [ -111.919892728730005, 40.49734831826111 ], [ -111.919706906822995, 40.497748392814501 ], [ -111.919578834912002, 40.498024429729199 ], [ -111.919440192523993, 40.498250701537692 ], [ -111.919355160693996, 40.498389335602106 ], [ -111.919275035461993, 40.498500844184797 ], [ -111.919159828323998, 40.498624725542911 ], [ -111.919039167513006, 40.498772577226291 ], [ -111.918809675806017, 40.4989455145707 ], [ -111.918492117759996, 40.499007348305007 ], [ -111.918293873050999, 40.4990762301437 ], [ -111.918006505585012, 40.499213874750602 ], [ -111.917838918580998, 40.499434394344796 ], [ -111.917720097520004, 40.499855029638809 ], [ -111.917640384614998, 40.500336519364296 ], [ -111.917626350234997, 40.5004212896472 ], [ -111.917550823479004, 40.501073850568098 ], [ -111.917335049046002, 40.501537338153703 ], [ -111.917256412322999, 40.501681621222694 ], [ -111.917148234500999, 40.501856538788402 ], [ -111.916969798542993, 40.5019254395595 ], [ -111.916572991123004, 40.502033028310294 ], [ -111.91631448472998, 40.5020112522392 ], [ -111.916264075767998, 40.501890032208586 ], [ -111.916183590312002, 40.501731006278398 ], [ -111.915954656457998, 40.501663554776506 ], [ -111.915686474311002, 40.501679727760504 ], [ -111.915448666000998, 40.501801878506882 ], [ -111.915211436205993, 40.501999946848905 ], [ -111.915073268129007, 40.502152183867892 ], [ -111.915084192541002, 40.502319023014394 ], [ -111.915165368801993, 40.502591791133206 ], [ -111.91528554092902, 40.502758243942601 ], [ -111.915276882965998, 40.502789884465102 ], [ -111.915277613295999, 40.503084372437819 ], [ -111.915249406195997, 40.503334833122196 ], [ -111.91529103143202, 40.503660966327594 ], [ -111.915412151281998, 40.503963852600116 ], [ -111.915572913784999, 40.504246696400102 ], [ -111.915752952337002, 40.504440492627204 ], [ -111.916012252841, 40.504591228938089 ], [ -111.916410653873001, 40.504741562602 ], [ -111.916621095007997, 40.505044220643107 ], [ -111.916682365499994, 40.505301838997795 ], [ -111.916554935884008, 40.50559065774371 ], [ -111.916347892177001, 40.505864359230507 ], [ -111.916242679693994, 40.506062860907399 ], [ -111.916311231031997, 40.506372686739503 ], [ -111.916203504164997, 40.506623430891494 ], [ -111.916065971196005, 40.506881754881398 ], [ -111.915868464005001, 40.507094812633696 ], [ -111.915462955502008, 40.507407311776603 ], [ -111.915175962633995, 40.507613120474794 ], [ -111.915017682176, 40.5077198600057 ], [ -111.914829664787007, 40.507864618124003 ], [ -111.914711420443993, 40.508016784460196 ], [ -111.914494174571004, 40.508245038781205 ], [ -111.914317054644997, 40.508533941155505 ], [ -111.913882851257, 40.509058892266609 ], [ -111.913805606023999, 40.509415613968201 ], [ -111.913786566232005, 40.509544644015989 ], [ -111.913856613264016, 40.509635445041091 ], [ -111.914035943944, 40.509710640411299 ], [ -111.914255288282007, 40.509846393186599 ], [ -111.914434369231003, 40.509860889521093 ], [ -111.914672872837002, 40.509867700918996 ], [ -111.915240904540994, 40.510123524995286 ], [ -111.915281728479002, 40.510297822256099 ], [ -111.915222929251996, 40.510426994032009 ], [ -111.915078183709994, 40.510684441456299 ], [ -111.915036818087998, 40.510867585183291 ], [ -111.915099031810996, 40.511299732623684 ], [ -111.915128107582007, 40.511831691148508 ], [ -111.915037489129006, 40.512627402783195 ], [ -111.914940212364016, 40.512969066896197 ], [ -111.914822740572006, 40.513250102514696 ], [ -111.914844318106006, 40.513538301063605 ], [ -111.914934772165992, 40.51370485783201 ], [ -111.914779077958002, 40.514259083631799 ], [ -111.914717083423994, 40.514523622980406 ], [ -111.914667549420997, 40.514896816631797 ], [ -111.914654224710006, 40.514995297488092 ], [ -111.914566120642007, 40.515177615389 ], [ -111.914359591670006, 40.515542448435099 ], [ -111.914231121803994, 40.515664300764684 ], [ -111.914014031340002, 40.515922903390603 ], [ -111.913954922194009, 40.516021724883302 ], [ -111.913866260272002, 40.516150910901104 ], [ -111.913807496977995, 40.516287735113004 ], [ -111.913768650232001, 40.516439619413291 ], [ -111.913819018769999, 40.516553184296406 ], [ -111.913849607303007, 40.516674474116286 ], [ -111.913890247086997, 40.516818422774499 ], [ -111.913940709049001, 40.516947207071006 ], [ -111.914031212518012, 40.517121329525892 ], [ -111.914131582183003, 40.517287852126209 ], [ -111.914232302190996, 40.517492287224599 ], [ -111.914481801175995, 40.517673410764985 ], [ -111.914720653329013, 40.517733264569493 ], [ -111.91499929815302, 40.517777757096695 ], [ -111.915248551, 40.517898272339004 ], [ -111.915328521722003, 40.517989037467999 ], [ -111.915410593602999, 40.518405894024596 ], [ -111.915520629140005, 40.518511681492114 ], [ -111.915601087647005, 40.518663142822916 ], [ -111.915562473565004, 40.518852761112392 ], [ -111.915455579435999, 40.519262901557298 ], [ -111.915436861239996, 40.519444974306303 ], [ -111.915516972098999, 40.519558523172499 ], [ -111.916045784255004, 40.519890311641703 ], [ -111.916364761639997, 40.520025705099492 ], [ -111.917011843292002, 40.520205501108499 ], [ -111.917210453614004, 40.520166879537001 ], [ -111.917438521492002, 40.52008258422839 ], [ -111.917796504623993, 40.520111568371107 ], [ -111.918412456957, 40.520063981215102 ], [ -111.918977936546995, 40.519887430563593 ], [ -111.919443329440995, 40.519612620626006 ], [ -111.919680445149993, 40.519369157498701 ], [ -111.919798395743001, 40.519148814756484 ], [ -111.920206612665993, 40.519268658303901 ], [ -111.920436593057005, 40.519495410218205 ], [ -111.920567117369998, 40.519707297722903 ], [ -111.920597837057997, 40.519866498185792 ], [ -111.920539783432005, 40.520116977459082 ], [ -111.920441823947002, 40.520344903101297 ], [ -111.920364204117007, 40.520656150931188 ], [ -111.920196709639015, 40.520899547243189 ], [ -111.919939579464994, 40.521112822680301 ], [ -111.919692337946003, 40.521303461073408 ], [ -111.919414885186015, 40.521456021656405 ], [ -111.919336491007996, 40.521623178113494 ], [ -111.919507134081016, 40.521910840817014 ], [ -111.919766787622009, 40.522107047705802 ], [ -111.920126182906003, 40.52236368343641 ], [ -111.920465311298997, 40.522529254772593 ], [ -111.920912688480001, 40.5225656529745 ], [ -111.921171086176003, 40.522557160995802 ], [ -111.92124938693, 40.52233686833781 ], [ -111.921368390349002, 40.522306090608801 ], [ -111.921590212240005, 40.522222891245704 ], [ -111.921755654966006, 40.522259219279796 ], [ -111.921839844176006, 40.522381213726987 ], [ -111.921936714902998, 40.52260745048391 ], [ -111.921918672241006, 40.522895788400497 ], [ -111.921850243074005, 40.523070477192903 ], [ -111.921741640348998, 40.523199829899994 ], [ -111.921712416356002, 40.523321332351387 ], [ -111.921762965456011, 40.523442459017502 ], [ -111.921894150927997, 40.523561438602194 ], [ -111.920193988641998, 40.524489014751794 ], [ -111.918286294862995, 40.525546624090708 ], [ -111.917269947239006, 40.526042372360791 ], [ -111.916432954550004, 40.526315031697692 ], [ -111.915508999550994, 40.526558771401703 ], [ -111.914373080771995, 40.526711626606485 ], [ -111.913546956798996, 40.526736414051697 ], [ -111.912112110134998, 40.526773595202499 ], [ -111.910320609845996, 40.5268610421451 ], [ -111.906664177381998, 40.526801736594095 ] ] ] } },
{ "type": "Feature", "properties": { "precinct": "DRP018", "county": "Salt Lake", "CountyID": 18 }, "geometry": { "type": "Polygon", "coordinates": [ [ [ -111.865788848473997, 40.511924077648494 ], [ -111.865883745602005, 40.511200502584991 ], [ -111.865907983944993, 40.511015675557978 ], [ -111.866048205571005, 40.509946502862199 ], [ -111.866060254674011, 40.509872598595791 ], [ -111.866076901355001, 40.509799216731103 ], [ -111.866098115070002, 40.509726523918189 ], [ -111.866121214348993, 40.509661449051798 ], [ -111.866147971569006, 40.509597195072203 ], [ -111.866195858061005, 40.509500784618801 ], [ -111.866251974020997, 40.509406992604902 ], [ -111.866316076003002, 40.509316233615799 ], [ -111.866387885530017, 40.509228898334499 ], [ -111.866587235165994, 40.509003380015592 ], [ -111.867301821618, 40.50819497552051 ], [ -111.868100843419001, 40.507298975554001 ], [ -111.868103614722003, 40.507295914986202 ], [ -111.868744015602999, 40.506580356419796 ], [ -111.869255307917001, 40.50601352343751 ], [ -111.869269960336993, 40.50599705301731 ], [ -111.870401319267003, 40.504732970008398 ], [ -111.870453799744993, 40.504668244109702 ], [ -111.870498414573007, 40.504600170582101 ], [ -111.870534808019997, 40.504529303359291 ], [ -111.870562511165005, 40.504456746906293 ], [ -111.870581595873006, 40.504382586597806 ], [ -111.870591903142994, 40.504307422820901 ], [ -111.870628475355005, 40.503838485915509 ], [ -111.870895152822996, 40.500758685241095 ], [ -111.870902658248013, 40.500672029407603 ], [ -111.872322874949006, 40.500667525194707 ], [ -111.872322872254003, 40.500667889958095 ], [ -111.873401107513004, 40.500675164733096 ], [ -111.873851535373007, 40.500675924998291 ], [ -111.874423575359003, 40.500676568457202 ], [ -111.874805892954001, 40.500676992648302 ], [ -111.875340678908003, 40.50067758692559 ], [ -111.877533613840015, 40.500679161419001 ], [ -111.877925043944998, 40.5006798602072 ], [ -111.877925044842996, 40.500679460606889 ], [ -111.878450538623014, 40.500680085622697 ], [ -111.879595540267999, 40.500681085647891 ], [ -111.880971539195997, 40.500684085723705 ], [ -111.881704652501995, 40.500685829620096 ], [ -111.881812540167999, 40.500686085774099 ], [ -111.881799541546002, 40.501260085481491 ], [ -111.881798540822999, 40.501570086505886 ], [ -111.881796540275019, 40.50254208635679 ], [ -111.881803540845993, 40.503924085770201 ], [ -111.881805541394002, 40.50422508702659 ], [ -111.881810542314994, 40.505110085476808 ], [ -111.881808540867993, 40.50515608700109 ], [ -111.881801540297005, 40.505295086559798 ], [ -111.881800542269005, 40.505342085863894 ], [ -111.881787540952004, 40.505742086790086 ], [ -111.881810541416996, 40.507035084569097 ], [ -111.881886539787999, 40.507628087883688 ], [ -111.881925541043998, 40.50786508529891 ], [ -111.881886540685997, 40.507976086368103 ], [ -111.881834540808001, 40.508233086957098 ], [ -111.881796541173003, 40.508731086698518 ], [ -111.881794540624995, 40.509287087035496 ], [ -111.881788542574, 40.509518086740201 ], [ -111.881781542900995, 40.5099710868312 ], [ -111.881781682140002, 40.510005415584907 ], [ -111.881673798966006, 40.510006154571897 ], [ -111.881145046097998, 40.510009781891299 ], [ -111.881145048793002, 40.509623598644701 ], [ -111.881154062487994, 40.509436218359603 ], [ -111.881117996925994, 40.509276258232511 ], [ -111.881003785120996, 40.509244269029899 ], [ -111.879732432737001, 40.50918256835309 ], [ -111.878999076884995, 40.509127725536104 ], [ -111.878391954991997, 40.50909116226719 ], [ -111.878205610265994, 40.509127726219084 ], [ -111.878070359917004, 40.509177998461602 ], [ -111.877962157840997, 40.509267118461899 ], [ -111.877688652277996, 40.509136866691691 ], [ -111.877478265042001, 40.509061456901684 ], [ -111.876564949688998, 40.508846510088091 ], [ -111.876269089549979, 40.509357096178 ], [ -111.876067154563003, 40.509582036183602 ], [ -111.875611624271997, 40.50989981002941 ], [ -111.875043385058007, 40.510121180320809 ], [ -111.874414095437999, 40.510356830970203 ], [ -111.874400006260998, 40.510453233363201 ], [ -111.874353045033004, 40.510488938752701 ], [ -111.874277906348993, 40.510492508675902 ], [ -111.874198073070005, 40.510456803288307 ], [ -111.873451377235995, 40.510838840182892 ], [ -111.872737556149005, 40.511153038185384 ], [ -111.872267938478004, 40.511524360826904 ], [ -111.871976774730996, 40.512056347620089 ], [ -111.871864064909005, 40.512556196417499 ], [ -111.871810060889004, 40.512818170480713 ], [ -111.870628675679001, 40.512734490152603 ], [ -111.869021699230004, 40.51262291781299 ], [ -111.868442011886017, 40.512533659534391 ], [ -111.867524789759997, 40.512098522529797 ], [ -111.867157898933002, 40.51202599885211 ], [ -111.866776335923007, 40.512003683753491 ], [ -111.865866446745002, 40.511959054216902 ], [ -111.865788848473997, 40.511924077648494 ] ] ] } },
{ "type": "Feature", "properties": { "precinct": "DRP025", "county": "Salt Lake", "CountyID": 18 }, "geometry": { "type": "Polygon", "coordinates": [ [ [ -111.848688392062996, 40.491719074227198 ], [ -111.849083418125005, 40.491639998779902 ], [ -111.850677113879996, 40.490696008449397 ], [ -111.851506574195994, 40.490235126778799 ], [ -111.851885755772003, 40.490114110921198 ], [ -111.852234466493996, 40.490065190761683 ], [ -111.853368627270001, 40.489923579248803 ], [ -111.853998338199006, 40.489787113894586 ], [ -111.854590809467993, 40.48953221108021 ], [ -111.855122340824991, 40.489256706278397 ], [ -111.855573897868013, 40.489503889396403 ], [ -111.856340844423002, 40.489196229946494 ], [ -111.857169031826004, 40.488863358413106 ], [ -111.858094451976996, 40.488491407482094 ], [ -111.858880600022005, 40.488175431522912 ], [ -111.859188490399006, 40.488051681177005 ], [ -111.860069661335999, 40.487875447287998 ], [ -111.860913515356998, 40.487706678366308 ], [ -111.861599419501005, 40.487359221047399 ], [ -111.861848231275005, 40.487233180428703 ], [ -111.862252465067996, 40.486381039423101 ], [ -111.863166878162019, 40.486217976451904 ], [ -111.863443823373998, 40.4860068351175 ], [ -111.862999811281995, 40.485684805657705 ], [ -111.863154822770994, 40.485449992062705 ], [ -111.863545237780002, 40.485020769044596 ], [ -111.863647581942004, 40.484990105370009 ], [ -111.864126687619006, 40.484834135137007 ], [ -111.864159431210993, 40.484823475245896 ], [ -111.865209830374994, 40.48448152359871 ], [ -111.865476519520996, 40.484402202538 ], [ -111.865605562512002, 40.484367671422909 ], [ -111.865737401058993, 40.484339980926592 ], [ -111.865871418920008, 40.484319269756206 ], [ -111.866006984577993, 40.484305629472701 ], [ -111.866143454839005, 40.484299126355197 ], [ -111.866280186509996, 40.484299790468491 ], [ -111.866321937509994, 40.48430218797219 ], [ -111.866326977957002, 40.484302479034191 ], [ -111.866343454855993, 40.484345123018791 ], [ -111.866383455936997, 40.484446123439795 ], [ -111.866514600984999, 40.484780640941501 ], [ -111.866521455130993, 40.484798123664994 ], [ -111.866801455514008, 40.485006123178898 ], [ -111.866968457715004, 40.485155123327893 ], [ -111.867184454929998, 40.485424124194509 ], [ -111.867263456369002, 40.4854791237208 ], [ -111.867522456835005, 40.485599123773099 ], [ -111.867925455445004, 40.4859891238277 ], [ -111.868019456054, 40.486203123830308 ], [ -111.868052455666003, 40.486319123680694 ], [ -111.868140456427994, 40.486629124735202 ], [ -111.868163457790999, 40.486708124100602 ], [ -111.868379455905, 40.487208122857098 ], [ -111.869041455878005, 40.488103123149209 ], [ -111.869380458506996, 40.488493123684201 ], [ -111.869509457480007, 40.488707123901193 ], [ -111.869534457594995, 40.488772124815299 ], [ -111.869783458014993, 40.489426123750491 ], [ -111.870043254387994, 40.490535549315801 ], [ -111.870053359536996, 40.490578334857496 ], [ -111.869939163002996, 40.490648693502699 ], [ -111.869783554134997, 40.490741910549502 ], [ -111.869662402844, 40.490797137315404 ], [ -111.869556041416004, 40.490835298261196 ], [ -111.869420044566994, 40.490884919482305 ], [ -111.869339484549997, 40.490905312315796 ], [ -111.869291362699002, 40.49091749472511 ], [ -111.869095787782996, 40.490946494889791 ], [ -111.868833284786007, 40.490979492988693 ], [ -111.868726914375003, 40.491002500990895 ], [ -111.868598221726998, 40.491033210424199 ], [ -111.868501783089997, 40.491071340492887 ], [ -111.868422673853004, 40.491109413836497 ], [ -111.868126269335008, 40.491282510983801 ], [ -111.867985307496994, 40.491332144171309 ], [ -111.867037958571999, 40.491647220563493 ], [ -111.866904343155994, 40.491685518342891 ], [ -111.866812760811001, 40.491704691476784 ], [ -111.866688914574993, 40.491714576928103 ], [ -111.866367074259998, 40.491759064173301 ], [ -111.866203597047999, 40.491780383117003 ], [ -111.866097235620003, 40.491805309862791 ], [ -111.866003258366007, 40.491847216724892 ], [ -111.865911809869999, 40.491891037794502 ], [ -111.865788278044008, 40.491959499960402 ], [ -111.865617910753997, 40.492064121311799 ], [ -111.865489386988997, 40.492126942412398 ], [ -111.865281617443998, 40.492203241591909 ], [ -111.864689282718999, 40.492391844374694 ], [ -111.864633524289005, 40.49240959769719 ], [ -111.864331705625005, 40.49250134008669 ], [ -111.864242599934997, 40.492526213961298 ], [ -111.864214243714997, 40.492777908224603 ], [ -111.864201504706017, 40.493180854683096 ], [ -111.863799035203996, 40.493452649577286 ], [ -111.863638424515997, 40.493526932639497 ], [ -111.863116747678006, 40.493749905665496 ], [ -111.862308017784002, 40.494043708505394 ], [ -111.861617877185012, 40.494286135031501 ], [ -111.861155461308002, 40.494457806467295 ], [ -111.860693028361993, 40.494640837381098 ], [ -111.860260317077007, 40.49482756493299 ], [ -111.859986008419995, 40.494957037707799 ], [ -111.859741166301006, 40.495056168814806 ], [ -111.859464188749001, 40.495157265150603 ], [ -111.859231695771001, 40.495239341554203 ], [ -111.858939742404999, 40.495336748019398 ], [ -111.858476995049003, 40.495447853846699 ], [ -111.858179875472999, 40.495507395487785 ], [ -111.857872887004021, 40.495563235197508 ], [ -111.857600520505002, 40.495598103483204 ], [ -111.857293499696993, 40.495648230796199 ], [ -111.857085593606996, 40.495688611199306 ], [ -111.856932119136005, 40.495726905305894 ], [ -111.856714495969996, 40.495807008141902 ], [ -111.856407968338004, 40.4959517216083 ], [ -111.856185911086996, 40.496089091861705 ], [ -111.856093241780997, 40.496146421662885 ], [ -111.855753368685001, 40.496356673779097 ], [ -111.854429271718999, 40.497155247504004 ], [ -111.854214461178003, 40.497307199046901 ], [ -111.854056571487007, 40.497438227944109 ], [ -111.853938214856001, 40.497552117377097 ], [ -111.853812563903006, 40.497701931943503 ], [ -111.853741280788995, 40.497809970804106 ], [ -111.853672579432995, 40.497944517394508 ], [ -111.853604113434997, 40.498124410183401 ], [ -111.853563391007, 40.498398865539301 ], [ -111.853534222709001, 40.498974025585298 ], [ -111.853502355873005, 40.498969073148182 ], [ -111.853482986399001, 40.498966062749403 ], [ -111.853283681677993, 40.498935089173401 ], [ -111.852768099908999, 40.498904470109686 ], [ -111.852217824305015, 40.498881531760311 ], [ -111.851814003737005, 40.498907341159807 ], [ -111.851192398307006, 40.498984855368505 ], [ -111.851033832184996, 40.499000483205791 ], [ -111.850848042617002, 40.499008616128201 ], [ -111.850620072656, 40.499009297856489 ], [ -111.850572155621009, 40.499005105705997 ], [ -111.850529415576005, 40.499001171765123 ], [ -111.850451910730001, 40.498991190387898 ], [ -111.850353034963007, 40.498979245112103 ], [ -111.850262198219994, 40.4989632108284 ], [ -111.850165950923994, 40.498945161410603 ], [ -111.850085722385998, 40.498922948522299 ], [ -111.849992089186998, 40.498894679301799 ], [ -111.849869039756001, 40.498852279547293 ], [ -111.84974864933902, 40.498809817604098 ], [ -111.849665603684002, 40.498771307349301 ], [ -111.849612107211996, 40.498744950736693 ], [ -111.849542450048006, 40.498708484955401 ], [ -111.849483508887019, 40.49867198704861 ], [ -111.849413902928006, 40.498631406927011 ], [ -111.849341511291996, 40.498580621969509 ], [ -111.849263764799005, 40.49852381203759 ], [ -111.849161898540999, 40.498446597177008 ], [ -111.849089559906005, 40.498406077715096 ], [ -111.849030607966, 40.498367492770498 ], [ -111.848950308460999, 40.4983310602559 ], [ -111.848864695421, 40.4982966175968 ], [ -111.84876306811401, 40.498266341158796 ], [ -111.848690844464016, 40.498248219827701 ], [ -111.848557165268005, 40.49822210209549 ], [ -111.848407530195999, 40.498198115633393 ], [ -111.848247168341999, 40.498172077804711 ], [ -111.848054692613999, 40.498138007355202 ], [ -111.847904987473996, 40.498113967580906 ], [ -111.847621695664003, 40.498067923656414 ], [ -111.847349035416002, 40.498019816724998 ], [ -111.847129879723994, 40.497985770106695 ], [ -111.846940068398993, 40.497951689999098 ], [ -111.846763650956007, 40.497921633365401 ], [ -111.846592629691997, 40.49789156168999 ], [ -111.846440261945006, 40.49786752592599 ], [ -111.846325355741996, 40.497855677451206 ], [ -111.846092927442001, 40.497842090468801 ], [ -111.845946069961016, 40.497840492000087 ], [ -111.845873464527003, 40.49783547663349 ], [ -111.845812112288002, 40.497831239324796 ], [ -111.845718954297993, 40.497824803096101 ], [ -111.845569383905001, 40.497813057079711 ], [ -111.845473204879994, 40.497807192609493 ], [ -111.845328973175, 40.497799493314304 ], [ -111.845187356465004, 40.497795792242101 ], [ -111.845051110783004, 40.497788066987383 ], [ -111.844909562344981, 40.497784422612391 ], [ -111.844754681111993, 40.497788940681097 ], [ -111.844567867466012, 40.497807827215603 ], [ -111.844421113291006, 40.497826594201207 ], [ -111.844058113966, 40.497874546206198 ], [ -111.843809967843995, 40.497909971387898 ], [ -111.843524354786993, 40.49794544983321 ], [ -111.843417636728006, 40.497960035494302 ], [ -111.843316112728004, 40.497964397119993 ], [ -111.843201338577003, 40.497964732524586 ], [ -111.843051706200001, 40.497955014671803 ], [ -111.842886080217994, 40.497939193272209 ], [ -111.842733714267993, 40.497915155475994 ], [ -111.842606586485999, 40.497890218020906 ], [ -111.842533649572999, 40.497872534459191 ], [ -111.842374452832999, 40.497820074633097 ], [ -111.842209399078016, 40.4977609927261 ], [ -111.842077716836997, 40.497702470232298 ], [ -111.842112256161002, 40.497663445644598 ], [ -111.842140626754002, 40.497627512783097 ], [ -111.842162863650998, 40.497572879112603 ], [ -111.842174870533, 40.497529196326205 ], [ -111.842176696807996, 40.497491805636493 ], [ -111.842168359544004, 40.497449722641598 ], [ -111.842157990291, 40.497418624039398 ], [ -111.842139371808003, 40.497376571738599 ], [ -111.842112646928001, 40.497339262937111 ], [ -111.842073697773998, 40.497301935670897 ], [ -111.842024606641004, 40.497264362463497 ], [ -111.842070460246021, 40.497201477861488 ], [ -111.842115584419005, 40.497136126477784 ], [ -111.842160643913999, 40.497072805245594 ], [ -111.842189409765993, 40.497018886344499 ], [ -111.842197692233, 40.497003360512799 ], [ -111.842240008272995, 40.496923740018502 ], [ -111.842269002297002, 40.49684004532309 ], [ -111.842296411692999, 40.496755749380192 ], [ -111.842311991174995, 40.496679063267592 ], [ -111.842323980090001, 40.496631980018101 ], [ -111.842331831365996, 40.496591165718989 ], [ -111.842336906846995, 40.496542235935806 ], [ -111.842339343077995, 40.496497375462702 ], [ -111.842341605935005, 40.496417818581307 ], [ -111.842346108290997, 40.49624048224311 ], [ -111.842348248975995, 40.496136495877103 ], [ -111.842350297134999, 40.4960141729143 ], [ -111.842349417684005, 40.4958388261404 ], [ -111.842349274851998, 40.495509430532209 ], [ -111.842352307564994, 40.4952824123786 ], [ -111.842361017630012, 40.494953977260096 ], [ -111.842357661524005, 40.494815366155102 ], [ -111.842359030555997, 40.494686842669203 ], [ -111.842361332039999, 40.494586863240691 ], [ -111.842366607846003, 40.494476885218994 ], [ -111.842366127247004, 40.494381086303697 ], [ -111.842371058998012, 40.494303609130704 ], [ -111.842373496126996, 40.494244474940807 ], [ -111.842378470099007, 40.494175122237493 ], [ -111.842386115660005, 40.494107848270609 ], [ -111.842391181260012, 40.494042613424007 ], [ -111.842406909863001, 40.4939956273805 ], [ -111.842420088148003, 40.493956884825302 ], [ -111.842435912870002, 40.493914016044492 ], [ -111.842456983752996, 40.493856858538201 ], [ -111.842488708656006, 40.493787482207196 ], [ -111.842515128108005, 40.493736403245094 ], [ -111.842538913699997, 40.49368945114459 ], [ -111.842568045166999, 40.493634302588703 ], [ -111.842599791628999, 40.493583263132599 ], [ -111.842626346727002, 40.493544426064602 ], [ -111.842666165449998, 40.493497425326098 ], [ -111.84270597519, 40.493448391497203 ], [ -111.842748462808018, 40.4934034155524 ], [ -111.842796231622003, 40.493350299138591 ], [ -111.842846753771994, 40.4933011804914 ], [ -111.842852194867007, 40.493296440779091 ], [ -111.842907895804998, 40.493248020958106 ], [ -111.842966421943999, 40.493202999107702 ], [ -111.843027585537001, 40.493153904946091 ], [ -111.843131057983001, 40.493086539778901 ], [ -111.843165992566, 40.493063792090197 ], [ -111.843307130472994, 40.492987947504595 ], [ -111.843432385268002, 40.492928454181317 ], [ -111.843613635647998, 40.492864676045102 ], [ -111.843768281522998, 40.492815309056191 ], [ -111.843963021004996, 40.492774002611185 ], [ -111.844696671503996, 40.492637286868792 ], [ -111.844661742311004, 40.492544528122693 ], [ -111.845483393571996, 40.492392432577006 ], [ -111.845527565531, 40.492384255813391 ], [ -111.848109285928999, 40.491906351661186 ], [ -111.848112522559006, 40.491905751840797 ], [ -111.848114268884004, 40.491905425287108 ], [ -111.848116017004998, 40.491905097367095 ], [ -111.848117759736994, 40.491904770130212 ], [ -111.848119506960003, 40.491904440160596 ], [ -111.848121250589998, 40.4919041095079 ], [ -111.84812299422002, 40.491903777489007 ], [ -111.848124738747998, 40.491903443420398 ], [ -111.848126480581996, 40.491903108668694 ], [ -111.848128225110003, 40.491902772550695 ], [ -111.848129966044993, 40.491902436432589 ], [ -111.848131709675002, 40.491902097581907 ], [ -111.848133452406998, 40.4919017573649 ], [ -111.848135192442996, 40.491901415781506 ], [ -111.848136934276994, 40.491901074198111 ], [ -111.848138675212013, 40.491900731931601 ], [ -111.848140412552993, 40.491900385565991 ], [ -111.848142153487998, 40.491900041249991 ], [ -111.848143894423004, 40.491899692834885 ], [ -111.848145633561998, 40.491899346469303 ], [ -111.848147370004995, 40.491898996004807 ], [ -111.848149107346998, 40.491898646223405 ], [ -111.848150846484998, 40.491898293026203 ], [ -111.848152582929004, 40.491897940512104 ], [ -111.848154319372, 40.491897585265392 ], [ -111.848156055816006, 40.491897228652306 ], [ -111.848157792259002, 40.491896873405594 ], [ -111.848159527804, 40.49189651405981 ], [ -111.848161263349013, 40.491896157446796 ], [ -111.848162997995999, 40.491895794001998 ], [ -111.848164730845994, 40.49189543328999 ], [ -111.848166466392001, 40.491895071211495 ], [ -111.848168199241996, 40.491894707083596 ], [ -111.848169931193993, 40.491894340223006 ], [ -111.848171662246997, 40.491893972679286 ], [ -111.848173395097007, 40.491893605818703 ], [ -111.848175127947016, 40.491893235542307 ], [ -111.848176859001001, 40.491892865948998 ], [ -111.848178589156007, 40.491892494989408 ], [ -111.848180319311993, 40.4918921219803 ], [ -111.848182047669994, 40.491891746921709 ], [ -111.848183775129996, 40.491891371863098 ], [ -111.848185506183995, 40.491890994755011 ], [ -111.848187233643998, 40.491890617646803 ], [ -111.848188961104995, 40.491890237806111 ], [ -111.848190688564998, 40.491889860014787 ], [ -111.848192416025, 40.49188947744139 ], [ -111.848194143485017, 40.491889094867901 ], [ -111.848195869148995, 40.491888709561799 ], [ -111.848197594813001, 40.491888326305101 ], [ -111.848199320475999, 40.491887938266302 ], [ -111.848201042547004, 40.491887552960293 ], [ -111.848202767312003, 40.491887163555099 ], [ -111.848204491179004, 40.491886774149989 ], [ -111.848206215046005, 40.491886382012204 ], [ -111.848207938014994, 40.491885989191204 ], [ -111.848209660085004, 40.4918855950039 ], [ -111.848211380359018, 40.491885201499699 ], [ -111.848213103328007, 40.49188480389661 ], [ -111.848214821805001, 40.491884409026092 ], [ -111.848216543874997, 40.4918840093734 ], [ -111.848218265046995, 40.49188361040401 ], [ -111.848219983524999, 40.491883207335498 ], [ -111.848221701103, 40.491882807682806 ], [ -111.848223419581018, 40.491882401881604 ], [ -111.848225137159005, 40.491881997446804 ], [ -111.848226855636, 40.491881592328795 ], [ -111.848228571419, 40.491881185844406 ], [ -111.848230287201005, 40.491880776627404 ], [ -111.848232003880995, 40.491880368776691 ], [ -111.848233717867004, 40.491879956143897 ], [ -111.848235434546993, 40.491879546243709 ], [ -111.848237149431, 40.491879132244506 ], [ -111.848238863416995, 40.491878717562194 ], [ -111.848240576503997, 40.491878302196596 ], [ -111.848242288693001, 40.491877886147897 ], [ -111.848244000882005, 40.491877468732888 ], [ -111.848245711274004, 40.491877048585209 ], [ -111.848247424362, 40.491876629803791 ], [ -111.848249135652011, 40.491876206240192 ], [ -111.848250846043996, 40.49187578472619 ], [ -111.848252555537996, 40.491875358429994 ], [ -111.848254262336994, 40.491874934183294 ], [ -111.848255972730001, 40.49187450720391 ], [ -111.848257680426997, 40.491874080224491 ], [ -111.848259389023013, 40.491873651878791 ], [ -111.848261095822011, 40.491873220117199 ], [ -111.848262800824003, 40.49187279040509 ], [ -111.848264509420005, 40.491872357277202 ], [ -111.848266214421997, 40.491871924149301 ], [ -111.848267917627993, 40.491871488971903 ], [ -111.848269624427004, 40.491871053111296 ], [ -111.848271328530998, 40.491870616567503 ], [ -111.848273031736994, 40.491870175924795 ], [ -111.848274734943004, 40.4918697380146 ], [ -111.848276437249993, 40.49186929600549 ], [ -111.848278138658998, 40.491868854679595 ], [ -111.848279839170004, 40.491868411304097 ], [ -111.848281540578995, 40.491867966562396 ], [ -111.848283241090002, 40.491867521137507 ], [ -111.848284940702996, 40.491867074346203 ], [ -111.848286639416997, 40.491866626188489 ], [ -111.848288338130999, 40.491866175981393 ], [ -111.848290035947002, 40.491865725774304 ], [ -111.848291733763006, 40.491865273517597 ], [ -111.848293428884006, 40.491864819894708 ], [ -111.848295128496005, 40.491864366954808 ], [ -111.848296823617005, 40.491863911965609 ], [ -111.848298518738019, 40.491863455609902 ], [ -111.848300214757998, 40.491862997887893 ], [ -111.848301907184009, 40.491862536750091 ], [ -111.848303603202993, 40.491862077661807 ], [ -111.848305294729997, 40.491861616523906 ], [ -111.848306988055, 40.491861154019709 ], [ -111.848308678684006, 40.491860690832389 ], [ -111.848310372008001, 40.491860224229193 ], [ -111.848312059942998, 40.491859759675592 ], [ -111.84831374967402, 40.491859293072395 ], [ -111.848315441202004, 40.491858822370105 ], [ -111.848317129136007, 40.491858354400598 ], [ -111.848318818867, 40.4918578830153 ], [ -111.848320506801002, 40.491857409580405 ], [ -111.848322194736014, 40.49185693682869 ], [ -111.848323880874005, 40.491856462027407 ], [ -111.848325567011003, 40.491855985859907 ], [ -111.848327254946, 40.491855510375494 ], [ -111.848328938389002, 40.491855032158497 ], [ -111.848330621832005, 40.491854552575099 ], [ -111.84833230617302, 40.491854072308499 ], [ -111.848333990514007, 40.491853590675611 ], [ -111.848335673058017, 40.49185310699319 ], [ -111.848337355603007, 40.491852622627597 ], [ -111.848339035452994, 40.491852136895702 ], [ -111.848340717099006, 40.491851650480591 ], [ -111.848342396947999, 40.4918511633824 ], [ -111.848344075900002, 40.491850674234598 ], [ -111.848345755748994, 40.491850183720501 ], [ -111.848347434700003, 40.491849693889506 ], [ -111.848349113652006, 40.491849201325898 ], [ -111.848350789907997, 40.491848707395995 ], [ -111.848352468859019, 40.491848212782891 ], [ -111.848354144216998, 40.4918477174866 ], [ -111.848355820473998, 40.49184721877441 ], [ -111.848357495832005, 40.491846722111802 ], [ -111.848359167596001, 40.491846222033296 ], [ -111.848360842055996, 40.491845719905299 ], [ -111.848362516516019, 40.491845218460497 ], [ -111.848364188280001, 40.491844714966192 ], [ -111.848365860045007, 40.491844210788692 ], [ -111.848367532707996, 40.491843705244897 ], [ -111.848369201777999, 40.49184320038421 ], [ -111.848370872645006, 40.491842692107703 ], [ -111.848372542613006, 40.491842181781699 ], [ -111.848374210784002, 40.491841672138797 ], [ -111.848375879854004, 40.4918411618128 ], [ -111.848377545329996, 40.491840648070912 ], [ -111.848379212604002, 40.49184013501219 ], [ -111.848380880774997, 40.491839620587207 ], [ -111.848382546251997, 40.491839104795801 ], [ -111.848384212626001, 40.491838586271697 ], [ -111.848385874510001, 40.491838067064492 ], [ -111.848387539087994, 40.491837549223597 ], [ -111.848389201870006, 40.491837029333198 ], [ -111.848390865549007, 40.491836505343791 ], [ -111.848392528331004, 40.4918359820376 ], [ -111.848394190213995, 40.491835458731302 ], [ -111.848395848504012, 40.491834934058694 ], [ -111.848397510387997, 40.491834406653503 ], [ -111.848399167778993, 40.491833876515614 ], [ -111.848400826968003, 40.491833349110308 ], [ -111.848402485258006, 40.491832819655492 ], [ -111.848404143547995, 40.491832286784899 ], [ -111.848405800040993, 40.4918317552806 ], [ -111.848407458330996, 40.491831222409985 ], [ -111.848409113027998, 40.491830685440299 ], [ -111.848410767724999, 40.491830149837 ], [ -111.848412420624996, 40.4918296135505 ], [ -111.848414075321003, 40.491829075214596 ], [ -111.848415726425003, 40.491828534145903 ], [ -111.848417379324999, 40.491827995126798 ], [ -111.848419032224996, 40.491827451325406 ], [ -111.848420682430003, 40.491826908890403 ], [ -111.848422330839, 40.491826365089118 ], [ -111.848423981942005, 40.491825819921388 ], [ -111.848425629453004, 40.491825273387398 ], [ -111.848427277861006, 40.491824724120598 ], [ -111.848428925370996, 40.49182417553709 ], [ -111.848430572881995, 40.49182362627041 ], [ -111.848432220391999, 40.491823073587902 ], [ -111.848433865206999, 40.491822522271697 ], [ -111.848435510920993, 40.491821968222808 ], [ -111.848437156634006, 40.491821412124409 ], [ -111.848438797856005, 40.491820858075393 ], [ -111.848440443570013, 40.491820299927596 ], [ -111.848442085689996, 40.491819741779594 ], [ -111.848443726911995, 40.491819183631705 ], [ -111.848445368133994, 40.491818621384802 ], [ -111.848447008457995, 40.491818059821 ], [ -111.848448646985005, 40.491817497574097 ], [ -111.848450286411008, 40.491816933960799 ], [ -111.848451923140999, 40.491816368981198 ], [ -111.848453560769997, 40.491815802635195 ], [ -111.848455197500002, 40.491815235606097 ], [ -111.848456835128999, 40.491814665161101 ], [ -111.848458470062994, 40.491814094716091 ], [ -111.848460104996988, 40.491813524954296 ], [ -111.848461739032004, 40.491812951776602 ], [ -111.848463371270995, 40.491812379282102 ], [ -111.848465005307006, 40.491811806104494 ], [ -111.848466638443995, 40.491811230194095 ], [ -111.848468267987997, 40.491810651551106 ], [ -111.848469898429997, 40.491810072907988 ], [ -111.848471527075006, 40.491809494264992 ], [ -111.848473156618994, 40.491808915622009 ], [ -111.848474787062003, 40.491808333563085 ], [ -111.848476413011994, 40.491807750137809 ], [ -111.848478039861007, 40.491807167395805 ], [ -111.848479666710006, 40.491806582604291 ], [ -111.848481293559004, 40.491805996446303 ], [ -111.848482917713, 40.491805408922104 ], [ -111.848484540968997, 40.491804819348303 ], [ -111.848486165123006, 40.49180423045771 ], [ -111.848487788379018, 40.4918036402008 ], [ -111.848489409837995, 40.491803047894301 ], [ -111.848491030399003, 40.491802455587894 ], [ -111.848492652755994, 40.4918018619151 ], [ -111.848494270621998, 40.491801266192788 ], [ -111.848495888488003, 40.491800670470496 ], [ -111.848497510844993, 40.491800072015501 ], [ -111.848499126914007, 40.491799473560491 ], [ -111.848500741186996, 40.491798874422393 ], [ -111.848502360848997, 40.491798272551499 ], [ -111.848503976019998, 40.491797671363898 ], [ -111.848505587598012, 40.491797066760292 ], [ -111.848507204564996, 40.491796462156799 ], [ -111.848508816142996, 40.491795856870105 ], [ -111.848510429517006, 40.491795249533901 ], [ -111.848512041993018, 40.491794642197696 ], [ -111.848513649976994, 40.491794034178305 ], [ -111.848515263351999, 40.491793424109495 ], [ -111.848516872234001, 40.491792811307896 ], [ -111.848518481117011, 40.4917922005558 ], [ -111.84852009, 40.4917915877542 ], [ -111.848521695288994, 40.49179097221991 ], [ -111.848523304172005, 40.491790356685705 ], [ -111.848524908562993, 40.491789739785105 ], [ -111.848526514751015, 40.491789121518195 ], [ -111.848528118242996, 40.491788502567999 ], [ -111.848529723533005, 40.491787882934702 ], [ -111.848531325229004, 40.491787261251901 ], [ -111.848532926925003, 40.491786637519596 ], [ -111.848534528621002, 40.491786013104097 ], [ -111.848536129419017, 40.491785388688598 ], [ -111.848537727522, 40.491784763590005 ], [ -111.848539328320001, 40.491784136441801 ], [ -111.84854092552402, 40.491783507927295 ], [ -111.848542523627003, 40.491782878729595 ], [ -111.848544119034997, 40.491782248165599 ], [ -111.848545716239983, 40.491781614868792 ], [ -111.848547311648005, 40.491780981572091 ], [ -111.848548907055999, 40.491780348275391 ], [ -111.848550500667002, 40.491779714295504 ], [ -111.848552093379993, 40.491779078266084 ], [ -111.848553686092998, 40.49177844018719 ], [ -111.848555274313995, 40.491777801425101 ], [ -111.848556866129002, 40.491777162662999 ], [ -111.848558457045996, 40.491776520484997 ], [ -111.848560045267007, 40.491775880356599 ], [ -111.848561634386996, 40.49177523749551 ], [ -111.848563220811002, 40.491774592584804 ], [ -111.848564808134995, 40.4917739490405 ], [ -111.848566393661002, 40.491773302080396 ], [ -111.848567979188005, 40.491772654437 ], [ -111.848569563816, 40.491772004744199 ], [ -111.848571147545996, 40.491771356417701 ], [ -111.848572729479002, 40.491770703992202 ], [ -111.848574312310006, 40.491770052932999 ], [ -111.848575894242998, 40.491769399141099 ], [ -111.848577472583003, 40.4917687467156 ], [ -111.848579052719998, 40.4917680895079 ], [ -111.848580631958001, 40.491767434349597 ], [ -111.848582210298005, 40.491766777141898 ], [ -111.848583785943006, 40.491766116518299 ], [ -111.848585362487015, 40.491765457944297 ], [ -111.848586938132001, 40.491764797320606 ], [ -111.848588513777017, 40.491764133281208 ], [ -111.848590086727015, 40.491763470608007 ], [ -111.848591660574996, 40.491762806568616 ], [ -111.848593232626996, 40.49176214184601 ], [ -111.848594804678996, 40.491761477123312 ], [ -111.848596374034997, 40.491760806935396 ], [ -111.848597943391994, 40.491760140163208 ], [ -111.848599513647002, 40.491759470658408 ], [ -111.848601083003999, 40.491758799104005 ], [ -111.848602651462997, 40.491758126866507 ], [ -111.848604215428992, 40.491757453945802 ], [ -111.848605781193001, 40.491756780341881 ], [ -111.848607346956996, 40.491756103322203 ], [ -111.848608910923005, 40.491755427668792 ], [ -111.848610474889995, 40.491754749965907 ], [ -111.848612038856999, 40.491754070896697 ], [ -111.848613598333003, 40.491753391827388 ], [ -111.848615160503002, 40.491752711391896 ], [ -111.848616719079999, 40.491752028223594 ], [ -111.848618279454001, 40.491751346421616 ], [ -111.848619838031013, 40.491750660520701 ], [ -111.848621393913021, 40.491749976669205 ], [ -111.848622952490004, 40.491749289401902 ], [ -111.848624508371998, 40.491748601451398 ], [ -111.848626063356008, 40.491747914867204 ], [ -111.848627617440997, 40.491747224184003 ], [ -111.848629171525999, 40.491746532134599 ], [ -111.848630722916994, 40.491745841451298 ], [ -111.848632274306993, 40.491745147352297 ], [ -111.848633825698002, 40.491744453936398 ], [ -111.848635375292005, 40.491743757787901 ], [ -111.848636925784021, 40.491743063688801 ], [ -111.848638471784994, 40.4917423648076 ], [ -111.848640019582007, 40.4917416672927 ], [ -111.848641567379005, 40.491740965678702 ], [ -111.848643111583002, 40.491740266797393 ], [ -111.848644657584003, 40.491739563817198 ], [ -111.848646202685998, 40.491738862203192 ], [ -111.848647745093004, 40.491738156490193 ], [ -111.848649287501004, 40.491737453509899 ], [ -111.848650829009998, 40.491736747113791 ], [ -111.848652369619998, 40.491736038668101 ], [ -111.848653911129006, 40.49173533022239 ], [ -111.848655449942996, 40.491734621776793 ], [ -111.848656986961004, 40.491733911281599 ], [ -111.84865852487701, 40.491733198053694 ], [ -111.848660060097004, 40.491732487558401 ], [ -111.848661596216999, 40.491731774330596 ], [ -111.848663129640997, 40.491731057686799 ], [ -111.848664663963021, 40.49173034240939 ], [ -111.848666194692001, 40.491729625765593 ], [ -111.848667728116993, 40.4917289070724 ], [ -111.848669258846002, 40.491728187012789 ], [ -111.848670791372001, 40.491727468319503 ], [ -111.848672320304004, 40.491726745527203 ], [ -111.848673848339004, 40.491726022734802 ], [ -111.848675376372995, 40.491725299942495 ], [ -111.848676901712011, 40.491724575783891 ], [ -111.848678427051993, 40.491723849575692 ], [ -111.848679954188, 40.491723122684284 ], [ -111.848681478629004, 40.491722395109797 ], [ -111.848683000375004, 40.491721665485692 ], [ -111.848684523019003, 40.4917209358617 ], [ -111.848686042969007, 40.491720206237602 ], [ -111.848687565613005, 40.491719472514497 ], [ -111.848688392062996, 40.491719074227198 ] ] ] } },
{ "type": "Feature", "properties": { "precinct": "DRP029", "county": "Salt Lake", "CountyID": 18 }, "geometry": { "type": "Polygon", "coordinates": [ [ [ -111.826221563638001, 40.486338389899799 ], [ -111.82622156543502, 40.4863383372915 ], [ -111.826224527180003, 40.484834087993498 ], [ -111.826231526852993, 40.484519088249399 ], [ -111.826233066564996, 40.484247142387296 ], [ -111.826240527074006, 40.482931086818695 ], [ -111.826241528694993, 40.482726087902691 ], [ -111.827410527934006, 40.482731088000293 ], [ -111.829333527207993, 40.482736086731101 ], [ -111.831331526826006, 40.482745087998502 ], [ -111.833325528939994, 40.482730087707495 ], [ -111.833324527318013, 40.482198086971799 ], [ -111.833318528369006, 40.481830085978899 ], [ -111.833975527421998, 40.481831087651699 ], [ -111.834122526835998, 40.481831086968391 ], [ -111.834266527674998, 40.481827087793192 ], [ -111.83477852965801, 40.481817086779593 ], [ -111.834778527861005, 40.481660087000201 ], [ -111.834798528850996, 40.481474086024704 ], [ -111.834813528021002, 40.481414085754388 ], [ -111.834835527761996, 40.481357087053603 ], [ -111.834899528234999, 40.481253087873007 ], [ -111.834977528053003, 40.481086087018504 ], [ -111.834989528646005, 40.481007087185496 ], [ -111.834991528296001, 40.480910086969409 ], [ -111.834983527001995, 40.480873086737297 ], [ -111.834978527876999, 40.480846086278106 ], [ -111.834944527542007, 40.480775086688901 ], [ -111.834908527557005, 40.480715087160398 ], [ -111.83482352806702, 40.4806160872403 ], [ -111.834702528590995, 40.480452087148102 ], [ -111.834667527533, 40.48039508694719 ], [ -111.834618527128995, 40.480315087338802 ], [ -111.834552527007006, 40.480167087026302 ], [ -111.834525527243002, 40.480086086130704 ], [ -111.83449452728, 40.479999086553008 ], [ -111.834469528064005, 40.479871086788897 ], [ -111.834466527691006, 40.479766087018895 ], [ -111.834487527608005, 40.479597086569299 ], [ -111.834495528003998, 40.4795480869982 ], [ -111.834544528406994, 40.479351086646396 ], [ -111.834554526657001, 40.479311086573702 ], [ -111.834583526968999, 40.479229086350209 ], [ -111.834634527022999, 40.479133086644595 ], [ -111.834757527045994, 40.478984086793986 ], [ -111.834807527275004, 40.478923086681803 ], [ -111.83516852695, 40.4785590862381 ], [ -111.835530527347998, 40.478287087531506 ], [ -111.835703526702005, 40.478169086744984 ], [ -111.835886527, 40.478056086197086 ], [ -111.836085527191997, 40.477923087055999 ], [ -111.836169528653997, 40.477836086725198 ], [ -111.836250527047994, 40.477728086770405 ], [ -111.836352528952006, 40.477483086519698 ], [ -111.836428529119999, 40.477239086432995 ], [ -111.836491528869004, 40.4769900863012 ], [ -111.836501527118998, 40.476897085899893 ], [ -111.836523528656997, 40.476720085419409 ], [ -111.836524527582995, 40.476662087133185 ], [ -111.836513528610993, 40.476578085638486 ], [ -111.836508526790993, 40.476562086318104 ], [ -111.836499529264998, 40.4765260874915 ], [ -111.836469528229998, 40.476444085916391 ], [ -111.836313528594005, 40.476175085279301 ], [ -111.836283527559019, 40.476082086482407 ], [ -111.836268528388004, 40.475994086105999 ], [ -111.836271527863019, 40.475880086285699 ], [ -111.836284527383995, 40.475783086861604 ], [ -111.836295527253995, 40.47560308498069 ], [ -111.836293526706001, 40.475424087118903 ], [ -111.836283528457002, 40.47524908561379 ], [ -111.836256528692999, 40.475056085892803 ], [ -111.836256527794021, 40.474923085592195 ], [ -111.836412528327998, 40.474891086842092 ], [ -111.836811527638005, 40.474840085748895 ], [ -111.837132528029002, 40.474810085730994 ], [ -111.837151527396998, 40.474810085047594 ], [ -111.837207527472998, 40.474809086003496 ], [ -111.837367527306995, 40.474807086548402 ], [ -111.837464527391006, 40.474809086003496 ], [ -111.837547527232005, 40.474812087235897 ], [ -111.837612526631005, 40.474816086829001 ], [ -111.837688527697011, 40.474821086149092 ], [ -111.837778526312007, 40.474829086017294 ], [ -111.837805527873016, 40.4748310854716 ], [ -111.837881528040995, 40.474840085748902 ], [ -111.837950525842004, 40.474849086708396 ], [ -111.838003527341996, 40.474856086846394 ], [ -111.838060526345004, 40.47486408602699 ], [ -111.838121528241004, 40.474868086300297 ], [ -111.838194528035999, 40.474865086436992 ], [ -111.838221527800002, 40.474863086300303 ], [ -111.838254527412005, 40.474858085616695 ], [ -111.838302527091997, 40.474848086298103 ], [ -111.838352527321007, 40.474833085609312 ], [ -111.838402527550002, 40.474814086690806 ], [ -111.838443528455997, 40.474795086400292 ], [ -111.838456527078009, 40.474788086255899 ], [ -111.838929527803998, 40.474519087184284 ], [ -111.839111530074007, 40.474415086294108 ], [ -111.839129529618006, 40.474390086121794 ], [ -111.839339527883013, 40.474594086845805 ], [ -111.839499529513006, 40.474748086197991 ], [ -111.839658527726002, 40.474634085628793 ], [ -111.839696529156996, 40.474607085393693 ], [ -111.839992527635999, 40.474862086573594 ], [ -111.840063528680005, 40.474927086545307 ], [ -111.840101528315003, 40.474907085877391 ], [ -111.840143529046003, 40.474885086434092 ], [ -111.840233528558997, 40.474845085750687 ], [ -111.840262528870994, 40.474833085609298 ], [ -111.840384527273997, 40.474804085315796 ], [ -111.840468527837004, 40.47477008568611 ], [ -111.840557527526016, 40.474754086618191 ], [ -111.840775527983993, 40.474749085926405 ], [ -111.840879528638993, 40.47475308552319 ], [ -111.840976528723999, 40.474758086214699 ], [ -111.841082529028995, 40.47476408595071 ], [ -111.841249529433995, 40.474768086229894 ], [ -111.841380528057002, 40.474755086346505 ], [ -111.841545527912999, 40.474722085737611 ], [ -111.841667529907994, 40.474675086850901 ], [ -111.841805527305993, 40.47460808512421 ], [ -111.841922527481998, 40.474534085893303 ], [ -111.842009529316996, 40.474455086550407 ], [ -111.842075529439015, 40.474373085179295 ], [ -111.842128529142997, 40.474275085892693 ], [ -111.842379529213005, 40.474368085825802 ], [ -111.842556527865995, 40.474451085569207 ], [ -111.842694529754993, 40.474546084721389 ], [ -111.842808528660001, 40.474637086185801 ], [ -111.842888528127006, 40.474728086160098 ], [ -111.842963528469994, 40.474828085606703 ], [ -111.843066529300998, 40.474967086496598 ], [ -111.843165529035005, 40.47508908633759 ], [ -111.843196528996998, 40.475127086746895 ], [ -111.843259529644996, 40.475238085949108 ], [ -111.843281529386005, 40.475288084969499 ], [ -111.843298528206006, 40.475359085578297 ], [ -111.843305528776995, 40.475413086116205 ], [ -111.843287528336006, 40.475488086829095 ], [ -111.843273528091999, 40.475579085650104 ], [ -111.843230527535994, 40.475753085214997 ], [ -111.843234527733998, 40.475789086505991 ], [ -111.843284528861005, 40.475922085774485 ], [ -111.84334552896, 40.475995085815903 ], [ -111.843502528420998, 40.476181086255288 ], [ -111.843573529463995, 40.476363085312109 ], [ -111.843734529122997, 40.476726085663394 ], [ -111.844150528151005, 40.476656086200194 ], [ -111.844269528875017, 40.476648085183108 ], [ -111.844432529081999, 40.476637085747491 ], [ -111.844776529038, 40.476641085915205 ], [ -111.845111530571003, 40.4766710851151 ], [ -111.845162528827998, 40.476680085829095 ], [ -111.845396530976004, 40.476662085766499 ], [ -111.845539529294001, 40.476672085498201 ], [ -111.845809530528996, 40.4766670869992 ], [ -111.845910529912999, 40.476658084916792 ], [ -111.846040529609994, 40.4766360853639 ], [ -111.846215529511994, 40.476596085723592 ], [ -111.846399529634994, 40.476538084597003 ], [ -111.846562529842004, 40.476467085235001 ], [ -111.846705530855004, 40.476389086503801 ], [ -111.846823529958002, 40.476313086408801 ], [ -111.846946529083013, 40.47623308603621 ], [ -111.847102529617004, 40.476104087583401 ], [ -111.847238529161004, 40.475991085609799 ], [ -111.847386531096021, 40.47588208570879 ], [ -111.847574528722006, 40.475744085743393 ], [ -111.84782452896701, 40.475552085111694 ], [ -111.847966530155006, 40.475448085138197 ], [ -111.848134529486998, 40.475326085266197 ], [ -111.848249530911005, 40.475271085621095 ], [ -111.848351531915995, 40.475237085544606 ], [ -111.848422530264997, 40.4752210852213 ], [ -111.848490530037012, 40.475204085855907 ], [ -111.848575528628999, 40.475195084943991 ], [ -111.848717529818003, 40.475183085548508 ], [ -111.848914530360005, 40.47517508503919 ], [ -111.849096530832995, 40.475170085745397 ], [ -111.849391529486994, 40.475159084701204 ], [ -111.849607529397005, 40.475142084636687 ], [ -111.849706530030005, 40.475123085122306 ], [ -111.849804530837005, 40.475082084857192 ], [ -111.849908530594007, 40.475025084880308 ], [ -111.849982530214007, 40.474978084839002 ], [ -111.850040530838996, 40.47493208449049 ], [ -111.850075529202002, 40.47489608342331 ], [ -111.850113530634005, 40.474860084386798 ], [ -111.850159531562994, 40.474769085958101 ], [ -111.850174529835002, 40.4747180861389 ], [ -111.850186529530021, 40.474657084884093 ], [ -111.850183530056, 40.474586083532991 ], [ -111.850171529462003, 40.47449708556389 ], [ -111.850097529842003, 40.474191085511805 ], [ -111.850089529445995, 40.474137084674396 ], [ -111.850090531068005, 40.474108084763699 ], [ -111.850091529994003, 40.474067085245494 ], [ -111.850100530215002, 40.473999084539209 ], [ -111.850130529454006, 40.473917086028003 ], [ -111.850186530428999, 40.473818084966901 ], [ -111.850300530232005, 40.473718085382799 ], [ -111.850454530216993, 40.473637084906692 ], [ -111.850682529823004, 40.473568086069108 ], [ -111.850893530609014, 40.47350308478179 ], [ -111.850924531469019, 40.473560084684088 ], [ -111.850943529041004, 40.473596085100802 ], [ -111.851002531286994, 40.473706084356692 ], [ -111.851022530479995, 40.47374308512201 ], [ -111.851310531257994, 40.473544085327802 ], [ -111.852178530198003, 40.472948084895407 ], [ -111.8524675317, 40.472750085236783 ], [ -111.852676530140997, 40.472892084229699 ], [ -111.852798531237994, 40.472953084354593 ], [ -111.853503531767998, 40.473073084248107 ], [ -111.853741531419004, 40.473178084918608 ], [ -111.853913532744997, 40.473326085604391 ], [ -111.854446529254005, 40.474089084273309 ], [ -111.854496530380999, 40.474243084783794 ], [ -111.854511532245994, 40.474446084171404 ], [ -111.854504530777007, 40.47464408429579 ], [ -111.854446531948994, 40.474907084510697 ], [ -111.854375530905997, 40.475187084436094 ], [ -111.854404532116007, 40.475720084413197 ], [ -111.854387530601002, 40.475827084469088 ], [ -111.854339531818994, 40.476143084392589 ], [ -111.854433532428004, 40.4765490854154 ], [ -111.85464953233901, 40.476796084370285 ], [ -111.854879530695996, 40.476956085045309 ], [ -111.855476532169007, 40.477126084319707 ], [ -111.855879531677004, 40.477186085689191 ], [ -111.856095533382998, 40.4772350856176 ], [ -111.856620533089995, 40.477389085062299 ], [ -111.857174532209996, 40.47753708534929 ], [ -111.857533533134003, 40.477603085150491 ], [ -111.857648532762013, 40.477635085341298 ], [ -111.858382531806996, 40.477783085086095 ], [ -111.858878532099993, 40.478008085181109 ], [ -111.859339533131006, 40.478244085062698 ], [ -111.859799532539995, 40.478568084649083 ], [ -111.860015532450007, 40.478711086040192 ], [ -111.860130532976001, 40.478782085079104 ], [ -111.860165313946993, 40.478821955639994 ], [ -111.859357651251997, 40.478817001715491 ], [ -111.856164376673007, 40.478797360255591 ], [ -111.856092141345002, 40.478796916110504 ], [ -111.854982348270013, 40.4787900940415 ], [ -111.854977788420996, 40.478980716083697 ], [ -111.854941675248995, 40.480491081431801 ], [ -111.853405702537998, 40.480481514787108 ], [ -111.853404105333993, 40.480548188826489 ], [ -111.853370565833998, 40.481949507677399 ], [ -111.853368373047005, 40.482041099015809 ], [ -111.85336113532, 40.4823435253494 ], [ -111.849206926595002, 40.482338626345893 ], [ -111.849212286842004, 40.4820888778195 ], [ -111.849213903809002, 40.482013546262991 ], [ -111.849223172627006, 40.481581680922595 ], [ -111.847616827693003, 40.481561085740594 ], [ -111.847433638748996, 40.48155927165341 ], [ -111.847172224510004, 40.481555995363898 ], [ -111.847041529517, 40.481628083944898 ], [ -111.847072965161999, 40.481682827622095 ], [ -111.847072996603998, 40.481682879550689 ], [ -111.847099524751997, 40.481729529163601 ], [ -111.847162983540002, 40.481879823181195 ], [ -111.847197919920006, 40.481991441192001 ], [ -111.847213296383003, 40.482074567481398 ], [ -111.847222688268999, 40.482168034897093 ], [ -111.847226149478004, 40.482254655184796 ], [ -111.847218731189997, 40.482351520904814 ], [ -111.847204770472999, 40.48246218634619 ], [ -111.847166751074994, 40.482620740035493 ], [ -111.847125530081016, 40.482729179654783 ], [ -111.847091497407007, 40.482795378646202 ], [ -111.847042647920006, 40.482874195311098 ], [ -111.847021451271999, 40.482905329350892 ], [ -111.846981913722004, 40.482963311994695 ], [ -111.846895756302999, 40.48305815835171 ], [ -111.846754594141004, 40.483180564375502 ], [ -111.846602883960998, 40.48329388767619 ], [ -111.846113349741998, 40.483625885624598 ], [ -111.845847072921998, 40.483804549374391 ], [ -111.845735485096, 40.483890357217795 ], [ -111.845647815812001, 40.483970383994794 ], [ -111.845594801735004, 40.484022271155993 ], [ -111.845542213460007, 40.48407374354651 ], [ -111.845463666569003, 40.484167029851399 ], [ -111.845387792164999, 40.484277218128 ], [ -111.845322980513998, 40.484385176800998 ], [ -111.845265317656001, 40.484499319325003 ], [ -111.845225485458002, 40.4845986401074 ], [ -111.845185369391999, 40.484727608573507 ], [ -111.845149424203996, 40.484899823723396 ], [ -111.845144636184003, 40.484962040033096 ], [ -111.84513668968701, 40.48504007663059 ], [ -111.845140943209998, 40.485142669994502 ], [ -111.845151175021002, 40.485246345444999 ], [ -111.845182413935007, 40.485395142823691 ], [ -111.845212218238999, 40.485516327750091 ], [ -111.845245481956013, 40.485596055382999 ], [ -111.845290770521004, 40.485693916529797 ], [ -111.845409332867007, 40.485877811718289 ], [ -111.845468290197005, 40.485962456791604 ], [ -111.845572519024998, 40.486086926327189 ], [ -111.843973641787002, 40.486124223621395 ], [ -111.839890306544007, 40.486219133834297 ], [ -111.837385877193, 40.486277261875195 ], [ -111.834729049553005, 40.486338872938688 ], [ -111.83181374606302, 40.486345376541784 ], [ -111.828537738443998, 40.486339785041906 ], [ -111.826760832185002, 40.486338718530192 ], [ -111.826221563638001, 40.486338389899799 ] ] ] } },
{ "type": "Feature", "properties": { "precinct": "DRP026", "county": "Salt Lake", "CountyID": 18 }, "geometry": { "type": "Polygon", "coordinates": [ [ [ -111.879511453465994, 40.484642263671013 ], [ -111.879339666836998, 40.4843246919799 ], [ -111.879349480033, 40.484190324419195 ], [ -111.879604666253002, 40.483832002320895 ], [ -111.880478186237994, 40.483227329100892 ], [ -111.881665780603001, 40.482921258833883 ], [ -111.882225226209997, 40.48263758173951 ], [ -111.882588374655015, 40.482055294572206 ], [ -111.883403004683998, 40.481323696806911 ], [ -111.884198006524002, 40.480375591488503 ], [ -111.884983194268997, 40.479203507852098 ], [ -111.885081342399999, 40.4789571443387 ], [ -111.884976911452, 40.478299570835595 ], [ -111.884845001038997, 40.477549416414099 ], [ -111.884876408836007, 40.4772245065178 ], [ -111.885014599371004, 40.476980823234406 ], [ -111.885284704810999, 40.476751472408807 ], [ -111.885498275676994, 40.476641575173808 ], [ -111.886804825850007, 40.475886623702003 ], [ -111.888362634808004, 40.474969203481187 ], [ -111.888595051430002, 40.474887971495399 ], [ -111.888808623193995, 40.474897528687102 ], [ -111.888997066383993, 40.474926198203903 ], [ -111.889543554691002, 40.475093438516396 ], [ -111.889838786008994, 40.4751555559479 ], [ -111.889964415402005, 40.474443591330903 ], [ -111.890115171570997, 40.474228568452503 ], [ -111.890378995091993, 40.473956202326903 ], [ -111.891377752804004, 40.473382799330984 ], [ -111.89147633572, 40.473339478010601 ], [ -111.891616448649998, 40.472656482386903 ], [ -111.891028050342015, 40.468715927597401 ], [ -111.891020766802001, 40.4666110250879 ], [ -111.891019841537002, 40.466343933508504 ], [ -111.891022539177996, 40.466343081275291 ], [ -111.891063538287995, 40.466330081811094 ], [ -111.891126537139002, 40.466217081158092 ], [ -111.891160539270018, 40.466095081600592 ], [ -111.891223537222999, 40.466030081280891 ], [ -111.891300538113995, 40.465950080275398 ], [ -111.891334538449016, 40.465887080219495 ], [ -111.891345538319996, 40.465815080668996 ], [ -111.891324538404007, 40.4655720817873 ], [ -111.891375537559, 40.465414081058391 ], [ -111.891392538176007, 40.465323080764001 ], [ -111.891422536516004, 40.465238081616896 ], [ -111.891516537125995, 40.464971080259502 ], [ -111.891575537574994, 40.464818080915492 ], [ -111.891586538344001, 40.464787081327508 ], [ -111.891603538062995, 40.464744081147884 ], [ -111.891701537971997, 40.464581079755995 ], [ -111.891744538528002, 40.464480080887903 ], [ -111.891758536975004, 40.464447081380499 ], [ -111.891918536809001, 40.464345081744192 ], [ -111.891979538705002, 40.464306081500581 ], [ -111.892186537496002, 40.464200080741705 ], [ -111.892390539507005, 40.464091080837797 ], [ -111.892665538070005, 40.463971081297103 ], [ -111.892900538245996, 40.463887080329108 ], [ -111.893054538232008, 40.463835081239495 ], [ -111.893222536664993, 40.46379808116609 ], [ -111.893499537573007, 40.463742080388293 ], [ -111.89362353832, 40.463716081134102 ], [ -111.893734538648005, 40.463709080518299 ], [ -111.893952537309005, 40.463696080544295 ], [ -111.894205537928002, 40.463707080049303 ], [ -111.894501538203997, 40.463691081079403 ], [ -111.89477753749, 40.463703080477991 ], [ -111.895061538069996, 40.463728081211706 ], [ -111.895362537471001, 40.463787080992596 ], [ -111.895490538415999, 40.463785079159109 ], [ -111.896051538107002, 40.46376908020779 ], [ -111.896299537803998, 40.463771080674896 ], [ -111.896523538110003, 40.463769080207797 ], [ -111.896831538979995, 40.463727080635799 ], [ -111.897219539318002, 40.4636880800334 ], [ -111.897420539159, 40.463669080695595 ], [ -111.897626539024003, 40.4636170807537 ], [ -111.897956539635004, 40.463538080870094 ], [ -111.898325538807001, 40.463517081015191 ], [ -111.898614538512007, 40.4635220804931 ], [ -111.898898539990995, 40.463526080075106 ], [ -111.899694539858999, 40.4635190808064 ], [ -111.900005540204006, 40.463517078964799 ], [ -111.900210539345011, 40.463552079402902 ], [ -111.900306539605012, 40.463522079809607 ], [ -111.900403538790997, 40.463524080284095 ], [ -111.900491538653995, 40.463510079695197 ], [ -111.900527538639011, 40.4635050808999 ], [ -111.900654538861005, 40.463507080007993 ], [ -111.900695539767, 40.463504081004103 ], [ -111.900839538808995, 40.463481080662895 ], [ -111.900892538512011, 40.463457080417207 ], [ -111.900902538558, 40.463448079981099 ], [ -111.901044540645003, 40.463316079142693 ], [ -111.901145540029006, 40.463190078814698 ], [ -111.901232539169001, 40.463059079422102 ], [ -111.901387539878002, 40.46282407938611 ], [ -111.901465540594003, 40.462602080083116 ], [ -111.901481538691002, 40.46256107969139 ], [ -111.901654539841999, 40.462293080081395 ], [ -111.901828539918995, 40.462049079475996 ], [ -111.902013538070008, 40.461755079860495 ], [ -111.902186540119004, 40.461447079306403 ], [ -111.902791538395007, 40.460703079349798 ], [ -111.903065538929994, 40.460184079026597 ], [ -111.903146540018994, 40.460075078757406 ], [ -111.903268539319996, 40.459939078330308 ], [ -111.903470539883998, 40.459595080001399 ], [ -111.903788539003003, 40.459119077660198 ], [ -111.904108541365005, 40.458689080035107 ], [ -111.904418539190004, 40.458141079902795 ], [ -111.904780539588003, 40.457696079020003 ], [ -111.905467540575003, 40.45665807916739 ], [ -111.906783540126995, 40.454670078926092 ], [ -111.906820540835, 40.454612079368694 ], [ -111.906862537972998, 40.454527078972298 ], [ -111.906875539289999, 40.454504078291698 ], [ -111.906974539922018, 40.454369078239196 ], [ -111.907088539724995, 40.454102078795003 ], [ -111.907185539810001, 40.453955078164292 ], [ -111.907232539665003, 40.453890078401308 ], [ -111.907348540016002, 40.453708077910186 ], [ -111.907551539508006, 40.453508078176604 ], [ -111.907620540002995, 40.453471079251003 ], [ -111.907721538489014, 40.453413078658606 ], [ -111.908186540616001, 40.453301078881594 ], [ -111.908581539728004, 40.453284078069089 ], [ -111.909175540828002, 40.45320307755641 ], [ -111.909629540389005, 40.453177078324792 ], [ -111.909900540551021, 40.453148078933403 ], [ -111.910127540331004, 40.453083077706189 ], [ -111.910458539868998, 40.453046078546485 ], [ -111.910676540327003, 40.453007077895201 ], [ -111.911163539501004, 40.452859077549007 ], [ -111.911387540704993, 40.452834078238901 ], [ -111.911622539983, 40.4527510777557 ], [ -111.911787540738004, 40.452732077375401 ], [ -111.912129541045005, 40.452720078751398 ], [ -111.912965541993998, 40.452563077245799 ], [ -111.913017540075998, 40.452551077907991 ], [ -111.913115540883993, 40.452546078297203 ], [ -111.913321477866006, 40.452529327479382 ], [ -111.913365008428002, 40.452774280004505 ], [ -111.913454541716007, 40.453278078464898 ], [ -111.913833540035981, 40.455408078610603 ], [ -111.913960541156001, 40.456118078920092 ], [ -111.914053541041994, 40.456645078512494 ], [ -111.914131541759005, 40.45707707895 ], [ -111.914184540563994, 40.457418078593101 ], [ -111.914244540837998, 40.457897078570291 ], [ -111.914257540359003, 40.458157078143998 ], [ -111.914262541279996, 40.458236078204202 ], [ -111.914275540800006, 40.458402077136903 ], [ -111.914285542643, 40.458771078685103 ], [ -111.914297541440007, 40.459202078479201 ], [ -111.914282543168, 40.4595030780198 ], [ -111.914245541561002, 40.4600230780838 ], [ -111.914218540899, 40.460288078717298 ], [ -111.914175541240994, 40.460572078524493 ], [ -111.914142540731021, 40.4608390789137 ], [ -111.914038543668994, 40.461363078599497 ], [ -111.913983541620993, 40.461614079114199 ], [ -111.913911541651018, 40.461899080070097 ], [ -111.913851542274017, 40.462162078255894 ], [ -111.913624542494006, 40.462880079562396 ], [ -111.913445541494994, 40.463378078978501 ], [ -111.913306541577995, 40.4636970797538 ], [ -111.913205540397001, 40.463945079397703 ], [ -111.913083541096995, 40.464213078567695 ], [ -111.912879542678994, 40.4646220795982 ], [ -111.912725542693011, 40.464932079012598 ], [ -111.912618541664997, 40.465131079039999 ], [ -111.912473541899999, 40.465360078630503 ], [ -111.912316542439001, 40.465637079133003 ], [ -111.912159542081, 40.465883079411107 ], [ -111.912121541547009, 40.46593807922789 ], [ -111.911974542132995, 40.46614807948059 ], [ -111.911761541697018, 40.466465079698892 ], [ -111.906286540907999, 40.474291080974709 ], [ -111.905962542839006, 40.474769081174571 ], [ -111.905846543387, 40.474923080808807 ], [ -111.905794542609996, 40.474994081120201 ], [ -111.90559654134502, 40.4752970804022 ], [ -111.905419540894002, 40.475531080129784 ], [ -111.905253541213, 40.475792081544689 ], [ -111.90507054091502, 40.476051081160293 ], [ -111.904897540662006, 40.4763060809561 ], [ -111.904750541248006, 40.476513081798501 ], [ -111.904676542526005, 40.476624081442701 ], [ -111.904593540888996, 40.476748081770097 ], [ -111.904452543119007, 40.476940081715 ], [ -111.904340542067004, 40.477124081517097 ], [ -111.904173542560997, 40.477335082013795 ], [ -111.904029542621004, 40.477579081751593 ], [ -111.903835543349999, 40.477813080359098 ], [ -111.903695543607995, 40.478076081143804 ], [ -111.903551541872005, 40.47829108145109 ], [ -111.903362541725997, 40.478530082087502 ], [ -111.902921541685004, 40.479196081107297 ], [ -111.902796542011004, 40.4793530818663 ], [ -111.902633540905995, 40.479592082138403 ], [ -111.902353543218993, 40.479951081460001 ], [ -111.901903541159996, 40.48053208181021 ], [ -111.901700541669001, 40.480770082345906 ], [ -111.901492542155012, 40.481037082384695 ], [ -111.901291541415006, 40.481256081301296 ], [ -111.901080540630005, 40.4815110811426 ], [ -111.900854541572002, 40.4817540817942 ], [ -111.900486541326003, 40.482179082621492 ], [ -111.899996541780013, 40.482698081746101 ], [ -111.898763733409993, 40.483913933379796 ], [ -111.898761092363003, 40.483916538604703 ], [ -111.898391098754999, 40.483608858324203 ], [ -111.897968215039, 40.483257189390102 ], [ -111.897261546337006, 40.482674908280899 ], [ -111.896702100731005, 40.482316577409705 ], [ -111.896397842243005, 40.4821971344996 ], [ -111.895779507577998, 40.48204036450359 ], [ -111.895473284473994, 40.482016774018192 ], [ -111.894983327147997, 40.481997663026796 ], [ -111.894399149126002, 40.482045440495007 ], [ -111.893764718447997, 40.482188774061896 ], [ -111.892721992694007, 40.482580547864693 ], [ -111.892275610845999, 40.482764490529 ], [ -111.888663753684995, 40.48357819058829 ], [ -111.886180601830006, 40.484123136780084 ], [ -111.885719305254, 40.484257507208305 ], [ -111.885405229976016, 40.484406808279601 ], [ -111.884904674327004, 40.48475766155201 ], [ -111.884718193056997, 40.484884565649899 ], [ -111.884315785539002, 40.485295135886595 ], [ -111.884011527050006, 40.485130907410003 ], [ -111.883412820575003, 40.4847651259429 ], [ -111.883147822058007, 40.484638221619107 ], [ -111.882686521888004, 40.484459062004603 ], [ -111.88208781810701, 40.484324692663087 ], [ -111.881498928420982, 40.484287369772098 ], [ -111.880860963770999, 40.484347088027597 ], [ -111.879918741531, 40.484541177456606 ], [ -111.879511453465994, 40.484642263671013 ] ] ] } },
{ "type": "Feature", "properties": { "precinct": "DRP021", "county": "Salt Lake", "CountyID": 18 }, "geometry": { "type": "Polygon", "coordinates": [ [ [ -111.881812540167999, 40.500686085774099 ], [ -111.881704652501995, 40.500685829620096 ], [ -111.880971539195997, 40.500684085723705 ], [ -111.879595540267999, 40.500681085647891 ], [ -111.878450538623014, 40.500680085622697 ], [ -111.877925044842996, 40.500679460606889 ], [ -111.877925043944998, 40.5006798602072 ], [ -111.877533613840015, 40.500679161419001 ], [ -111.875340678908003, 40.50067758692559 ], [ -111.874805892954001, 40.500676992648302 ], [ -111.874423575359003, 40.500676568457202 ], [ -111.873851535373007, 40.500675924998291 ], [ -111.873401107513004, 40.500675164733096 ], [ -111.872322872254003, 40.500667889958095 ], [ -111.872322874949006, 40.500667525194707 ], [ -111.870902658248013, 40.500672029407603 ], [ -111.865820876108998, 40.5006599566955 ], [ -111.865328242702006, 40.500658789999008 ], [ -111.865022509179994, 40.500658059105994 ], [ -111.865012044704997, 40.500654330185284 ], [ -111.863384944196994, 40.50064868249909 ], [ -111.862821846939994, 40.500639666556005 ], [ -111.861991390392006, 40.500635756618607 ], [ -111.861999502179003, 40.500198676917584 ], [ -111.862013516795997, 40.500088671208104 ], [ -111.862049701833996, 40.499954988238485 ], [ -111.862098244994996, 40.499846191191402 ], [ -111.862166418141996, 40.499750457321895 ], [ -111.862251830858, 40.499650878897391 ], [ -111.862349519050994, 40.499560652494196 ], [ -111.861865376520996, 40.498977633008593 ], [ -111.861854937198999, 40.498964755305884 ], [ -111.861822152284006, 40.49892309333849 ], [ -111.861817454993997, 40.498917125134902 ], [ -111.861715477344006, 40.498786942750392 ], [ -111.862903751733995, 40.498268758656607 ], [ -111.86500176977502, 40.497399410185203 ], [ -111.866157561982007, 40.496969508749707 ], [ -111.867426424236001, 40.496506167899199 ], [ -111.868920557013993, 40.49595968138641 ], [ -111.869738014041005, 40.495660680813991 ], [ -111.872112418542002, 40.494796075044 ], [ -111.874511946227003, 40.493912351216991 ], [ -111.876088794080005, 40.493335904441189 ], [ -111.876594232073003, 40.493338997070893 ], [ -111.877051518570013, 40.493342462018397 ], [ -111.881848674900013, 40.493378214773308 ], [ -111.881842886157003, 40.495737734930202 ], [ -111.881839592933005, 40.497058454383001 ], [ -111.882313176666003, 40.497059142278999 ], [ -111.882250583853008, 40.497131919864991 ], [ -111.882058028176004, 40.497391354942401 ], [ -111.881978269456994, 40.497547876634904 ], [ -111.881901082613993, 40.497821788547299 ], [ -111.881851018605005, 40.497933949755812 ], [ -111.881849692692001, 40.498202395271292 ], [ -111.881848179928994, 40.498495561092497 ], [ -111.881835969129, 40.498495772170308 ], [ -111.881835352885005, 40.498742218348298 ], [ -111.881834544401002, 40.499065245995901 ], [ -111.881833586797001, 40.499448412034489 ], [ -111.88183279807599, 40.499764466065393 ], [ -111.881832441444999, 40.499907204393303 ], [ -111.881831582654996, 40.500251012612082 ], [ -111.881831020310003, 40.500475606781599 ], [ -111.881830733748004, 40.5005912212957 ], [ -111.881829700685003, 40.500603738020892 ], [ -111.881822900437996, 40.500686085774113 ], [ -111.881812540167999, 40.500686085774099 ] ] ] } },
{ "type": "Feature", "properties": { "precinct": "DRP006", "county": "Salt Lake", "CountyID": 18 }, "geometry": { "type": "Polygon", "coordinates": [ [ [ -111.883193544508998, 40.537031090382904 ], [ -111.883186546632999, 40.535984089431793 ], [ -111.883188544486018, 40.534611089664907 ], [ -111.883162546343002, 40.534537089694901 ], [ -111.883120544714004, 40.534455088691601 ], [ -111.883027545725994, 40.534368089290901 ], [ -111.882949545908005, 40.534314090453485 ], [ -111.882835545207001, 40.534253089438799 ], [ -111.882657544932002, 40.534170089244796 ], [ -111.882461545113003, 40.534089089367683 ], [ -111.882300545454996, 40.534032089673595 ], [ -111.882116545331996, 40.533990089688217 ], [ -111.881968544295006, 40.533968089815509 ], [ -111.881796544766004, 40.533954089582402 ], [ -111.881802542816999, 40.533393089245102 ], [ -111.881800544065996, 40.532494090078998 ], [ -111.881790544020006, 40.531904089611196 ], [ -111.881785543098999, 40.531570089057205 ], [ -111.881771543753004, 40.530596088843403 ], [ -111.881771543753004, 40.530206088646899 ], [ -111.881773545200005, 40.529036089460504 ], [ -111.881773543403, 40.528816089847197 ], [ -111.881774544126998, 40.528647088669892 ], [ -111.881773544302007, 40.528510088941985 ], [ -111.881762543533, 40.526771087918199 ], [ -111.881762542633993, 40.526740617442208 ], [ -111.881762544430998, 40.526092088397803 ], [ -111.881763544256003, 40.524878088840993 ], [ -111.881756542787002, 40.5241210886511 ], [ -111.881756542787002, 40.524056088527608 ], [ -111.881751543662006, 40.523378088503001 ], [ -111.88175354421, 40.5231980886375 ], [ -111.881759543160001, 40.522662089028493 ], [ -111.881762542633993, 40.52248308830621 ], [ -111.881760542983997, 40.522274087819397 ], [ -111.881757543510005, 40.521647087912008 ], [ -111.881756542787002, 40.521439089314399 ], [ -111.881753542413009, 40.521174087634996 ], [ -111.881751541865, 40.520790086275099 ], [ -111.881749542215999, 40.520381088066095 ], [ -111.881749542215999, 40.520186088235199 ], [ -111.881749541317006, 40.52011715842221 ], [ -111.881749542215999, 40.520117088085598 ], [ -111.881750542039995, 40.520047088128507 ], [ -111.88175554386001, 40.519890086973597 ], [ -111.88177554305301, 40.519212088515893 ], [ -111.881782542726, 40.518986088871983 ], [ -111.881776542878001, 40.518643087582184 ], [ -111.881765542108994, 40.517823087515993 ], [ -111.881764543182001, 40.517614088207203 ], [ -111.881764542284003, 40.517412087360611 ], [ -111.881764541386005, 40.517272087870587 ], [ -111.881763541561, 40.517104087413692 ], [ -111.881763541561, 40.516601087402591 ], [ -111.881763541561, 40.516438155922408 ], [ -111.881763541561, 40.516434088469303 ], [ -111.881769543204996, 40.515936087201304 ], [ -111.881779543251, 40.5152880873773 ], [ -111.881779514504998, 40.51528472190509 ], [ -111.881887417442002, 40.515284743075902 ], [ -111.882708623138996, 40.515284896051902 ], [ -111.884492177829998, 40.515288494402796 ], [ -111.887327912144997, 40.515298875599697 ], [ -111.890163646459996, 40.515309257477902 ], [ -111.890696198303004, 40.515312717192998 ], [ -111.890820645513003, 40.515321972920397 ], [ -111.890928543059999, 40.515329999375801 ], [ -111.890928543957997, 40.515438087014701 ], [ -111.890988544232997, 40.5188810867961 ], [ -111.890984544933005, 40.519891087395294 ], [ -111.890975545610999, 40.522246087244014 ], [ -111.890975544712006, 40.522573087210802 ], [ -111.89097754526, 40.522961088054799 ], [ -111.890972544338993, 40.523557087518 ], [ -111.890970546486002, 40.523885087597009 ], [ -111.890965545564995, 40.524458088469999 ], [ -111.890968545039996, 40.526180087946294 ], [ -111.890968544141003, 40.526708088956099 ], [ -111.890969543965994, 40.526754087271996 ], [ -111.890970544688997, 40.526800088970397 ], [ -111.890970545588004, 40.526822631300092 ], [ -111.890970545588004, 40.526854087717609 ], [ -111.890971545412995, 40.527691089023598 ], [ -111.890972545238, 40.527743089175097 ], [ -111.890982546182002, 40.528163088079296 ], [ -111.890997545351993, 40.528471089107803 ], [ -111.891046545755998, 40.5290320890022 ], [ -111.891124545574002, 40.529560088026898 ], [ -111.891192546244, 40.529980088516702 ], [ -111.891351545353999, 40.53068008826299 ], [ -111.891571546361007, 40.531645089819193 ], [ -111.891638545408995, 40.531924088311889 ], [ -111.891840547770997, 40.532761088427094 ], [ -111.891908546644999, 40.533040088417998 ], [ -111.891992547208005, 40.533395089002809 ], [ -111.892247546578005, 40.5344620901217 ], [ -111.892332546068999, 40.534818088833305 ], [ -111.892445547842996, 40.535293088788592 ], [ -111.892785547602003, 40.5367180882483 ], [ -111.892861855891994, 40.537036048201607 ], [ -111.892752191358994, 40.537036306947599 ], [ -111.892428903858004, 40.537037070214012 ], [ -111.892361891334005, 40.537037042905695 ], [ -111.891677664344996, 40.537035138153101 ], [ -111.891646749723009, 40.5370350098042 ], [ -111.891399288117, 40.537025368614501 ], [ -111.887545284681011, 40.537035100604186 ], [ -111.886534882107, 40.537036896806406 ], [ -111.885976699532009, 40.537034453397908 ], [ -111.885123581184999, 40.5370334709825 ], [ -111.883937301952997, 40.537032202512691 ], [ -111.883373433941003, 40.537031467919896 ], [ -111.883301477988994, 40.537031315676195 ], [ -111.883193544508998, 40.537031090382904 ] ] ] } },
{ "type": "Feature", "properties": { "precinct": "DRP027", "county": "Salt Lake", "CountyID": 18 }, "geometry": { "type": "Polygon", "coordinates": [ [ [ -111.866326977957002, 40.484302479034191 ], [ -111.866321937509994, 40.48430218797219 ], [ -111.866280186509996, 40.484299790468491 ], [ -111.866143454839005, 40.484299126355197 ], [ -111.866006984577993, 40.484305629472701 ], [ -111.865871418920008, 40.484319269756206 ], [ -111.865737401058993, 40.484339980926592 ], [ -111.865605562512002, 40.484367671422909 ], [ -111.865476519520996, 40.484402202538 ], [ -111.865209830374994, 40.48448152359871 ], [ -111.864159431210993, 40.484823475245896 ], [ -111.864126687619006, 40.484834135137007 ], [ -111.863647581942004, 40.484990105370009 ], [ -111.863545237780002, 40.485020769044596 ], [ -111.863541763097004, 40.485012775856795 ], [ -111.863530453307007, 40.484986124147099 ], [ -111.863450457433004, 40.484635123805703 ], [ -111.863328455436999, 40.484173124400897 ], [ -111.863176455100998, 40.483970123677501 ], [ -111.863115455900001, 40.483703124372795 ], [ -111.863104455130994, 40.48365212245789 ], [ -111.863003453950995, 40.483410123493996 ], [ -111.862982454033997, 40.483245122426787 ], [ -111.862888453425001, 40.4830481233586 ], [ -111.862694452358014, 40.482839123635301 ], [ -111.862276453679996, 40.4825261233199 ], [ -111.862175455194006, 40.482406123239798 ], [ -111.862147452909994, 40.482241123804201 ], [ -111.862103454324995, 40.482131122133104 ], [ -111.861671454505, 40.481632123445003 ], [ -111.861563453651996, 40.481401123371292 ], [ -111.861340454968001, 40.481148123745108 ], [ -111.861203454700004, 40.480967122946709 ], [ -111.861016453305993, 40.480303123022686 ], [ -111.860793454621003, 40.479754122604909 ], [ -111.860638607523995, 40.479532327537896 ], [ -111.860403854384003, 40.479161652541691 ], [ -111.860310532900996, 40.478991084451103 ], [ -111.860277532390995, 40.478953083495504 ], [ -111.860171533881996, 40.478829085190711 ], [ -111.860165313946993, 40.478821955639994 ], [ -111.860130532976001, 40.478782085079104 ], [ -111.860015532450007, 40.478711086040192 ], [ -111.859799532539995, 40.478568084649083 ], [ -111.859339533131006, 40.478244085062698 ], [ -111.858878532099993, 40.478008085181109 ], [ -111.858382531806996, 40.477783085086095 ], [ -111.857648532762013, 40.477635085341298 ], [ -111.857533533134003, 40.477603085150491 ], [ -111.857174532209996, 40.47753708534929 ], [ -111.856620533089995, 40.477389085062299 ], [ -111.856095533382998, 40.4772350856176 ], [ -111.855879531677004, 40.477186085689191 ], [ -111.855476532169007, 40.477126084319707 ], [ -111.854879530695996, 40.476956085045309 ], [ -111.85464953233901, 40.476796084370285 ], [ -111.854433532428004, 40.4765490854154 ], [ -111.854339531818994, 40.476143084392589 ], [ -111.854387530601002, 40.475827084469088 ], [ -111.854404532116007, 40.475720084413197 ], [ -111.854375530905997, 40.475187084436094 ], [ -111.854446531948994, 40.474907084510697 ], [ -111.854504530777007, 40.47464408429579 ], [ -111.854511532245994, 40.474446084171404 ], [ -111.854496530380999, 40.474243084783794 ], [ -111.854446529254005, 40.474089084273309 ], [ -111.853913532744997, 40.473326085604391 ], [ -111.853741531419004, 40.473178084918608 ], [ -111.853503531767998, 40.473073084248107 ], [ -111.852798531237994, 40.472953084354593 ], [ -111.852676530140997, 40.472892084229699 ], [ -111.8524675317, 40.472750085236783 ], [ -111.852178530198003, 40.472948084895407 ], [ -111.851310531257994, 40.473544085327802 ], [ -111.851022530479995, 40.47374308512201 ], [ -111.851002531286994, 40.473706084356692 ], [ -111.850943529041004, 40.473596085100802 ], [ -111.850924531469019, 40.473560084684088 ], [ -111.850893530609014, 40.47350308478179 ], [ -111.850931530243002, 40.473485085234302 ], [ -111.851002531286994, 40.473427084836999 ], [ -111.851063531386004, 40.473367084891706 ], [ -111.851114530540997, 40.473275085372606 ], [ -111.851145531401997, 40.473198084734797 ], [ -111.851156531273006, 40.473112084867694 ], [ -111.851155529650995, 40.473044083877795 ], [ -111.851108530694006, 40.472873084762085 ], [ -111.850911531050002, 40.472470084716107 ], [ -111.850828530311006, 40.472270084117397 ], [ -111.850810530768001, 40.472098085312894 ], [ -111.850859530273013, 40.471923085389683 ], [ -111.850964530753998, 40.471747084554103 ], [ -111.851118529841003, 40.471604084731396 ], [ -111.851296531014995, 40.4715040845836 ], [ -111.851376529584002, 40.471451084096394 ], [ -111.851429530185996, 40.471455084572995 ], [ -111.851493531556002, 40.471438084937603 ], [ -111.851619529258002, 40.471420085519789 ], [ -111.851767531193005, 40.471420084836403 ], [ -111.851997529550005, 40.471445084064399 ], [ -111.852227529703995, 40.471499085016504 ], [ -111.852439529416003, 40.471535085171503 ], [ -111.852624531160004, 40.471562083908395 ], [ -111.852854531314009, 40.471587084450199 ], [ -111.852998530356004, 40.471583085348307 ], [ -111.853099530638005, 40.471571084623903 ], [ -111.853207529694998, 40.471544084523899 ], [ -111.853394530190997, 40.471460084143416 ], [ -111.853489529727, 40.47142508440939 ], [ -111.853571530641005, 40.471402085413906 ], [ -111.853667531799005, 40.4713870832718 ], [ -111.853857529972998, 40.471382084379407 ], [ -111.854024531275996, 40.47140008449071 ], [ -111.854536528766999, 40.471466084174104 ], [ -111.854815531122, 40.4714970847795 ], [ -111.855370530965004, 40.471578083736901 ], [ -111.855690529734005, 40.471609084290698 ], [ -111.855891531371995, 40.471618084999911 ], [ -111.856044529735996, 40.47160608428181 ], [ -111.856174532127994, 40.471575085093406 ], [ -111.856348531307006, 40.471513083940195 ], [ -111.856431530248997, 40.471473084664801 ], [ -111.856552531521004, 40.471394084454097 ], [ -111.856666531323995, 40.471248084538196 ], [ -111.856723530327002, 40.4711290852659 ], [ -111.856747530617, 40.471013085134899 ], [ -111.856766530882993, 40.470861084306499 ], [ -111.856776530928997, 40.470627084022112 ], [ -111.856789530449007, 40.470545084126691 ], [ -111.856875531561002, 40.470358084682303 ], [ -111.856942530609999, 40.470242083902903 ], [ -111.857000531235002, 40.470120084822902 ], [ -111.857225533161994, 40.4697260835691 ], [ -111.857298531161007, 40.4696260840417 ], [ -111.857382531724994, 40.469552084104194 ], [ -111.857448530949, 40.469506084138899 ], [ -111.857526530765995, 40.46947108338648 ], [ -111.857631530348002, 40.4694360832993 ], [ -111.858126531714007, 40.4693860833383 ], [ -111.858256530511994, 40.469362083152504 ], [ -111.858362531715997, 40.469334083722096 ], [ -111.858403529927003, 40.469313084312489 ], [ -111.85857853072801, 40.469379082630084 ], [ -111.860435531676004, 40.470327084234398 ], [ -111.862904533268008, 40.46926408338669 ], [ -111.862982533085997, 40.469257084032499 ], [ -111.863229533857009, 40.469389084813194 ], [ -111.863261531847002, 40.469408083899793 ], [ -111.863479531406995, 40.4695460832192 ], [ -111.86353153128502, 40.469580083443702 ], [ -111.863596534278003, 40.469623083944299 ], [ -111.863663533326999, 40.469666083733792 ], [ -111.863716533030001, 40.469700084581 ], [ -111.863888532559002, 40.469766083884991 ], [ -111.864001532537003, 40.469792083530905 ], [ -111.864251531883994, 40.469979083867898 ], [ -111.864919534400997, 40.470078084438505 ], [ -111.865499532561998, 40.470290084320403 ], [ -111.865616532738002, 40.470357083521797 ], [ -111.865761532503001, 40.470428083877508 ], [ -111.865934532755006, 40.470616082916798 ], [ -111.865963533067998, 40.470647083914692 ], [ -111.866140532619994, 40.470898083222508 ], [ -111.866294532604996, 40.471086083679502 ], [ -111.866330533489005, 40.471133083711614 ], [ -111.866535532629996, 40.471389084195387 ], [ -111.866651532980995, 40.471534084028505 ], [ -111.866695534260003, 40.471565083235902 ], [ -111.866717532205001, 40.471591083552092 ], [ -111.866725534397006, 40.471624083649687 ], [ -111.866959534749, 40.471977083223997 ], [ -111.867139532877019, 40.472111084344 ], [ -111.867347535087006, 40.472213083803496 ], [ -111.867564533025018, 40.472269082985306 ], [ -111.867654532537998, 40.472292083733997 ], [ -111.868021532959006, 40.472389084101202 ], [ -111.868271534103002, 40.472495084236499 ], [ -111.868314532862001, 40.472517083096008 ], [ -111.868354533944, 40.472545083249408 ], [ -111.868381534606002, 40.472559082638298 ], [ -111.868455535123999, 40.472601082837691 ], [ -111.868561533632999, 40.47263608332549 ], [ -111.868616533884008, 40.472798083178205 ], [ -111.868733534059999, 40.473185083180702 ], [ -111.869035534183993, 40.473664083481701 ], [ -111.869145535586, 40.473974084212109 ], [ -111.869132533370006, 40.47403408361501 ], [ -111.869131534443994, 40.474299083639295 ], [ -111.869103533956007, 40.474332083089507 ], [ -111.869091535159001, 40.474348083624697 ], [ -111.869103534854005, 40.474463084412093 ], [ -111.869111533454003, 40.474547083086108 ], [ -111.869126533522007, 40.474673083975098 ], [ -111.869131534443994, 40.474736083989299 ], [ -111.869150533812004, 40.474826084102205 ], [ -111.869222533781993, 40.474911083414788 ], [ -111.869217534656997, 40.474983084147105 ], [ -111.869284534604006, 40.475100083293299 ], [ -111.869461534156017, 40.475197084387496 ], [ -111.869468533829007, 40.475260083909994 ], [ -111.869593534401005, 40.475330082778598 ], [ -111.869765534828005, 40.475425083420504 ], [ -111.869885534478996, 40.475545083679584 ], [ -111.870069534601996, 40.475652084697792 ], [ -111.870135534724, 40.475708084428192 ], [ -111.870260534398, 40.475813083711593 ], [ -111.870309535700002, 40.475893084584698 ], [ -111.870343534238003, 40.4759560834542 ], [ -111.870388534444004, 40.4761450831245 ], [ -111.870448535617001, 40.476203083223886 ], [ -111.870519533964995, 40.476444083866376 ], [ -111.870539535853993, 40.47651408423399 ], [ -111.870572533669005, 40.47667608429709 ], [ -111.870597533782998, 40.476748083820098 ], [ -111.870669534651995, 40.476833084116087 ], [ -111.870781535703017, 40.476863084596808 ], [ -111.870841535976993, 40.476939082702501 ], [ -111.870918536868999, 40.476952083529703 ], [ -111.870978536245005, 40.476963084280207 ], [ -111.871024535377003, 40.476974084345692 ], [ -111.871083534030006, 40.476971083893197 ], [ -111.871122534387993, 40.476969084502493 ], [ -111.871395535996001, 40.476940083765001 ], [ -111.871448533903006, 40.476926083239384 ], [ -111.871489534809001, 40.476912083394311 ], [ -111.871566533904002, 40.476889084228191 ], [ -111.871666534360998, 40.476865084674003 ], [ -111.871701535420002, 40.476843083822295 ], [ -111.871765535891996, 40.476811083253899 ], [ -111.871970535931993, 40.476702083317605 ], [ -111.872029534584001, 40.476669083665506 ], [ -111.872130535764995, 40.476609083883901 ], [ -111.872222535827007, 40.476554083239797 ], [ -111.872280534655005, 40.47649108356481 ], [ -111.872332534533001, 40.476432084010803 ], [ -111.872397535728993, 40.476426083740606 ], [ -111.872462536026006, 40.476433083714092 ], [ -111.872561535759999, 40.476344083409892 ], [ -111.872618534763006, 40.476351083392103 ], [ -111.872650535448997, 40.476415083585394 ], [ -111.872679534862996, 40.476803084305295 ], [ -111.872762535602007, 40.4768200839491 ], [ -111.872852535115001, 40.47688208361879 ], [ -111.872893536020996, 40.476909083622402 ], [ -111.87317853463, 40.477051082703191 ], [ -111.873213534789997, 40.477051083386506 ], [ -111.873249535672997, 40.477053083457996 ], [ -111.873314536869003, 40.477057084284183 ], [ -111.873362534752999, 40.477060084732898 ], [ -111.873435535446006, 40.477023083745507 ], [ -111.87363253509001, 40.476972083588493 ], [ -111.873719536026996, 40.476917083241815 ], [ -111.873731534824003, 40.476891082937897 ], [ -111.873760535136, 40.476827082515015 ], [ -111.87426553475099, 40.476628084344497 ], [ -111.874327535573997, 40.476534083056599 ], [ -111.874384535475002, 40.476529082497287 ], [ -111.874456536343999, 40.476525083689594 ], [ -111.874779535485999, 40.476399083542809 ], [ -111.874947535714995, 40.476300083407907 ], [ -111.874968534733, 40.476291083326302 ], [ -111.875030535555993, 40.476238084567498 ], [ -111.875161535076998, 40.476132083507693 ], [ -111.875213535854002, 40.4760900827836 ], [ -111.875235535594996, 40.476054083703886 ], [ -111.875328535481984, 40.47592408382971 ], [ -111.875351536843993, 40.475900083247197 ], [ -111.875385537179994, 40.475855083242301 ], [ -111.875467534500004, 40.475755083958497 ], [ -111.875497535535999, 40.475711083570502 ], [ -111.875513534530995, 40.475630083448593 ], [ -111.875523534576999, 40.475584082863492 ], [ -111.875630535604998, 40.475525083195684 ], [ -111.875679536907001, 40.475488083412394 ], [ -111.875710535073011, 40.475447083370192 ], [ -111.875744535408003, 40.475430082695297 ], [ -111.875823535948996, 40.47538908261771 ], [ -111.875849535889017, 40.475363083088801 ], [ -111.875944536323004, 40.4752750831368 ], [ -111.875931536802995, 40.475198082742494 ], [ -111.876001535326012, 40.475143084359189 ], [ -111.876137535769004, 40.475093083864088 ], [ -111.876278536233997, 40.475069083667904 ], [ -111.876472535504007, 40.475079082953407 ], [ -111.876514537134, 40.475063083275785 ], [ -111.876586535306998, 40.47506708353729 ], [ -111.876697534737005, 40.475066083813594 ], [ -111.876939535485008, 40.475069083667904 ], [ -111.877207537070007, 40.475012082996692 ], [ -111.877362535982002, 40.474979081830604 ], [ -111.877415535685998, 40.474966083354801 ], [ -111.877468537186004, 40.47492108340721 ], [ -111.877512534871997, 40.474887083836798 ], [ -111.877695536068003, 40.474725082873888 ], [ -111.877760537263995, 40.474667082864293 ], [ -111.877812535345996, 40.474620081889093 ], [ -111.877847535506007, 40.474589082725402 ], [ -111.87788853731, 40.474561083424291 ], [ -111.878028535256007, 40.4744700832237 ], [ -111.878180535591994, 40.474374082179892 ], [ -111.878368535912998, 40.474296083067308 ], [ -111.878455535951005, 40.474262083180392 ], [ -111.878568535929006, 40.474209083503403 ], [ -111.878708536570002, 40.474132083936702 ], [ -111.878867536578014, 40.474126084144302 ], [ -111.878967535238999, 40.474107082292306 ], [ -111.879103536580004, 40.47407908347359 ], [ -111.879208536161997, 40.474056083337004 ], [ -111.879268535538003, 40.474060083658486 ], [ -111.879375535668018, 40.474069083355801 ], [ -111.879509536461015, 40.474063082191002 ], [ -111.879675537040001, 40.474057081025698 ], [ -111.879742536988005, 40.474043081265691 ], [ -111.879892537673996, 40.473947083028193 ], [ -111.880015536798993, 40.473911082799603 ], [ -111.880068536501994, 40.473897083009192 ], [ -111.880085536221003, 40.473874082810205 ], [ -111.880105537210994, 40.473849082436502 ], [ -111.880155535642999, 40.473788082442205 ], [ -111.880225535963007, 40.473729083246496 ], [ -111.880283535689003, 40.4736790830651 ], [ -111.880301536131014, 40.473648082100198 ], [ -111.88033953666401, 40.4735830829405 ], [ -111.880541535432002, 40.473424082859303 ], [ -111.880592538181006, 40.473388083033591 ], [ -111.880652535760007, 40.473334083600591 ], [ -111.880657535783001, 40.473320082323099 ], [ -111.880685536271002, 40.473244083537907 ], [ -111.880702535989002, 40.473203082808702 ], [ -111.880725537352006, 40.473175083613107 ], [ -111.88076653646101, 40.473135083277604 ], [ -111.880813537215005, 40.473098082860695 ], [ -111.880960536629999, 40.473079082767896 ], [ -111.881030536950007, 40.473020082949198 ], [ -111.881164536845006, 40.47291108164201 ], [ -111.881541536412996, 40.472876081980893 ], [ -111.881777537312999, 40.472857082508696 ], [ -111.881954537762994, 40.472837081224199 ], [ -111.882130536592001, 40.47277308308729 ], [ -111.882170537673005, 40.472718082034312 ], [ -111.882250537141005, 40.472694081672607 ], [ -111.882399538002005, 40.472649082935803 ], [ -111.882446537858002, 40.47262108282581 ], [ -111.882562537311003, 40.472546082327192 ], [ -111.882615536116006, 40.472512082921007 ], [ -111.882766538423013, 40.472268082536708 ], [ -111.882849537365999, 40.472127081308194 ], [ -111.882899535798003, 40.472042083254991 ], [ -111.882980536887004, 40.471915081758489 ], [ -111.883020536171998, 40.471856082283807 ], [ -111.883159537885007, 40.47165708373111 ], [ -111.883293535983, 40.471557082978897 ], [ -111.883486536326998, 40.471441082903794 ], [ -111.883550536799007, 40.471330081524989 ], [ -111.883658536753998, 40.471309082056202 ], [ -111.883692537987997, 40.471299082209299 ], [ -111.883785536077994, 40.471265082854998 ], [ -111.883979537144995, 40.471250081365703 ], [ -111.884349537041004, 40.471179083245801 ], [ -111.884584536318997, 40.471065082084294 ], [ -111.884637536021998, 40.471054081734195 ], [ -111.884756538543002, 40.471034082646192 ], [ -111.884790537081997, 40.471023082974298 ], [ -111.884884535894997, 40.470941081512393 ], [ -111.885099537776, 40.470741083193602 ], [ -111.885362537541994, 40.470554081561502 ], [ -111.885538538168007, 40.470290082270303 ], [ -111.885663538738996, 40.470178082609493 ], [ -111.885784536418001, 40.470091081810494 ], [ -111.886069537721994, 40.469887082440593 ], [ -111.886204537441017, 40.469791080995101 ], [ -111.886255537495003, 40.469759081849602 ], [ -111.886326537640016, 40.469690081760902 ], [ -111.886365537998003, 40.469658080517 ], [ -111.886370537122005, 40.46963108169809 ], [ -111.886384538263997, 40.469575081683203 ], [ -111.886360537974994, 40.469527080754595 ], [ -111.886371536048998, 40.469487083029804 ], [ -111.886398537610006, 40.469372083288008 ], [ -111.886412536955007, 40.469320080927289 ], [ -111.886449537664006, 40.469200082528005 ], [ -111.886550537945993, 40.468886082364492 ], [ -111.886558537442994, 40.468841080392593 ], [ -111.886581536110995, 40.468718081682795 ], [ -111.886610536424001, 40.468695081760202 ], [ -111.886672537246, 40.468684081705298 ], [ -111.886806537140998, 40.468660081268595 ], [ -111.886840535678999, 40.468494081714901 ], [ -111.886875537636001, 40.468414081594005 ], [ -111.886914537096004, 40.468326082102791 ], [ -111.886948537430996, 40.468227080316304 ], [ -111.887022537050996, 40.468078080866107 ], [ -111.887122537508006, 40.468054081579595 ], [ -111.887169536464995, 40.46802708143241 ], [ -111.887380535454, 40.467935080748099 ], [ -111.887480536810003, 40.467885081036393 ], [ -111.887579536543996, 40.467821080913701 ], [ -111.887774537436016, 40.467793082207713 ], [ -111.888049536897995, 40.46765508201991 ], [ -111.888248537088998, 40.467550080914506 ], [ -111.888499538057999, 40.46733208155139 ], [ -111.888709537221999, 40.467173081704395 ], [ -111.888795537435016, 40.467100081640005 ], [ -111.888989537604004, 40.466928081211996 ], [ -111.889124537322999, 40.466895081540493 ], [ -111.889375537392993, 40.466771081469901 ], [ -111.889704538179998, 40.46661108112869 ], [ -111.889998536110994, 40.466519081238403 ], [ -111.890299537307996, 40.466512079547897 ], [ -111.890575537493007, 40.466456081032689 ], [ -111.89076953945802, 40.466423081129207 ], [ -111.891019841537002, 40.466343933508504 ], [ -111.891020766802001, 40.4666110250879 ], [ -111.891028050342015, 40.468715927597401 ], [ -111.891616448649998, 40.472656482386903 ], [ -111.89147633572, 40.473339478010601 ], [ -111.891377752804004, 40.473382799330984 ], [ -111.890378995091993, 40.473956202326903 ], [ -111.890115171570997, 40.474228568452503 ], [ -111.889964415402005, 40.474443591330903 ], [ -111.889838786008994, 40.4751555559479 ], [ -111.889543554691002, 40.475093438516396 ], [ -111.888997066383993, 40.474926198203903 ], [ -111.888808623193995, 40.474897528687102 ], [ -111.888595051430002, 40.474887971495399 ], [ -111.888362634808004, 40.474969203481187 ], [ -111.886804825850007, 40.475886623702003 ], [ -111.885498275676994, 40.476641575173808 ], [ -111.885284704810999, 40.476751472408807 ], [ -111.885014599371004, 40.476980823234406 ], [ -111.884876408836007, 40.4772245065178 ], [ -111.884845001038997, 40.477549416414099 ], [ -111.884976911452, 40.478299570835595 ], [ -111.885081342399999, 40.4789571443387 ], [ -111.884983194268997, 40.479203507852098 ], [ -111.884198006524002, 40.480375591488503 ], [ -111.883403004683998, 40.481323696806911 ], [ -111.882588374655015, 40.482055294572206 ], [ -111.882225226209997, 40.48263758173951 ], [ -111.881665780603001, 40.482921258833883 ], [ -111.880478186237994, 40.483227329100892 ], [ -111.879604666253002, 40.483832002320895 ], [ -111.879349480033, 40.484190324419195 ], [ -111.879339666836998, 40.4843246919799 ], [ -111.879511453465994, 40.484642263671013 ], [ -111.878986332485994, 40.484772592382697 ], [ -111.876944847223001, 40.4853026002177 ], [ -111.875187991359994, 40.485668379439097 ], [ -111.874294844084005, 40.485795281131892 ], [ -111.870673171031996, 40.485817676688882 ], [ -111.870211874454995, 40.485802746773892 ], [ -111.869819281031994, 40.485750492045192 ], [ -111.869083169148993, 40.485489223940689 ], [ -111.86864150255802, 40.485250345099701 ], [ -111.867561868622005, 40.484690476530503 ], [ -111.867120201133005, 40.484466527795192 ], [ -111.866668720446995, 40.484324693346402 ], [ -111.866326977957002, 40.484302479034191 ] ] ] } },
{ "type": "Feature", "properties": { "precinct": "DRP901", "county": "Salt Lake", "CountyID": 18 }, "geometry": { "type": "Polygon", "coordinates": [ [ [ -111.896966302443005, 40.504415991327789 ], [ -111.896946543997998, 40.50441608627019 ], [ -111.896015543511993, 40.504427084568697 ], [ -111.895914543230006, 40.504423084690792 ], [ -111.894527543533002, 40.504446084668004 ], [ -111.893773542599007, 40.504440086902001 ], [ -111.893199543387013, 40.5044350856896 ], [ -111.892185543061004, 40.50443908624969 ], [ -111.892028542701993, 40.504438085597393 ], [ -111.891553541427001, 40.504439086249697 ], [ -111.891395543938998, 40.504440085535897 ], [ -111.891246541281006, 40.504439084200598 ], [ -111.891245541456001, 40.504369085634188 ], [ -111.891245543251998, 40.504297085685998 ], [ -111.891228542636, 40.500731084843295 ], [ -111.891235542307996, 40.500039084799795 ], [ -111.891063461931012, 40.500032938410499 ], [ -111.890955542824003, 40.500029085133789 ], [ -111.890954533118006, 40.499946740672598 ], [ -111.890945542777999, 40.499214085826097 ], [ -111.890938542206996, 40.498521085104997 ], [ -111.890930540913004, 40.4977870846798 ], [ -111.890935541833997, 40.497070084402104 ], [ -111.890938815295016, 40.496613083588805 ], [ -111.890940337041002, 40.49640058002629 ], [ -111.890941423105005, 40.496331961174903 ], [ -111.890960621898998, 40.493759083757396 ], [ -111.890960886003, 40.49372420221939 ], [ -111.891000990391007, 40.493280643557597 ], [ -111.891113492702004, 40.492684278645598 ], [ -111.891196443135996, 40.492352133536002 ], [ -111.891400264585002, 40.491792902169202 ], [ -111.891464073717003, 40.491666647164195 ], [ -111.891696901767006, 40.491205965498004 ], [ -111.891850583749004, 40.490957908718201 ], [ -111.892260811102005, 40.490393485162492 ], [ -111.892808746594, 40.489809202734499 ], [ -111.892813437596004, 40.489804199064899 ], [ -111.89359954072502, 40.489020083779195 ], [ -111.894178541757, 40.488444083465893 ], [ -111.895721541089003, 40.486937082221502 ], [ -111.896103540680997, 40.486539083054296 ], [ -111.896339541581, 40.486306082990801 ], [ -111.89676054153, 40.485891083422409 ], [ -111.89715954173802, 40.485495082655206 ], [ -111.898359540938998, 40.484311083126798 ], [ -111.898676542030003, 40.48399808215931 ], [ -111.898760542594005, 40.4839170824701 ], [ -111.898761092363003, 40.483916538604703 ], [ -111.898763733409993, 40.483913933379796 ], [ -111.899134268701999, 40.484219969057797 ], [ -111.900521269297002, 40.485365503486797 ], [ -111.900497276194002, 40.485381140645295 ], [ -111.900245553877994, 40.485531457915606 ], [ -111.899959928244996, 40.485685891993498 ], [ -111.899566218215995, 40.485914529751604 ], [ -111.899182783116999, 40.486081519960003 ], [ -111.898863504797006, 40.486185421474303 ], [ -111.905462619603995, 40.486173186964088 ], [ -111.905473376030997, 40.488012534148005 ], [ -111.905474130616014, 40.488142943082394 ], [ -111.905483651859001, 40.489785554175697 ], [ -111.905507278450017, 40.489786283137597 ], [ -111.915069926396001, 40.489769443227402 ], [ -111.915068653483004, 40.490614746987397 ], [ -111.915068361530999, 40.490808856549691 ], [ -111.91506442152, 40.493423578081796 ], [ -111.915055590182007, 40.495075819179696 ], [ -111.915054252591005, 40.495576019964496 ], [ -111.915053990282999, 40.495576386121797 ], [ -111.915054030706997, 40.495576403199998 ], [ -111.915053546514997, 40.49557708223049 ], [ -111.914884547358994, 40.495816084166492 ], [ -111.914702546886005, 40.496073082845896 ], [ -111.914157546189003, 40.496844083224502 ], [ -111.914117546006011, 40.496901082435691 ], [ -111.913864590304001, 40.496954739798298 ], [ -111.913028546234997, 40.497132083129102 ], [ -111.912314545485003, 40.497361084244005 ], [ -111.911553545776002, 40.497675082389883 ], [ -111.910902544774999, 40.498000083883397 ], [ -111.910310546019005, 40.498366082850183 ], [ -111.909929546252997, 40.498652083624407 ], [ -111.908795545377998, 40.499534083067907 ], [ -111.908148547268993, 40.500032083872497 ], [ -111.907439546541013, 40.500571084144894 ], [ -111.907377545719001, 40.500617084000595 ], [ -111.907424546472001, 40.500674084104602 ], [ -111.907440547264002, 40.500795082966498 ], [ -111.906913544315003, 40.501208083913411 ], [ -111.906696546375997, 40.501366083745388 ], [ -111.905963546256999, 40.501931083722894 ], [ -111.905617546651001, 40.502200083600698 ], [ -111.905441545127005, 40.502343084505902 ], [ -111.905230545240002, 40.502502084394898 ], [ -111.905012545679995, 40.502654084619607 ], [ -111.904796545769997, 40.502811085833606 ], [ -111.904572545464006, 40.502963083991901 ], [ -111.904344545858009, 40.503107084625704 ], [ -111.903598545321003, 40.503486083521402 ], [ -111.903093544807007, 40.5037040843401 ], [ -111.902852544783002, 40.503803084355681 ], [ -111.902312545906, 40.503978084502002 ], [ -111.901758544988994, 40.504115084504782 ], [ -111.901464543464002, 40.504182084783203 ], [ -111.901421544705002, 40.504192083830098 ], [ -111.901156544391, 40.504244085134097 ], [ -111.900881545828, 40.504292085145991 ], [ -111.900590545575, 40.504336085923697 ], [ -111.900283545427996, 40.504367085693595 ], [ -111.900007543447003, 40.504385084473796 ], [ -111.899974544732999, 40.504386084443887 ], [ -111.899486544837004, 40.504410084403389 ], [ -111.899248544287005, 40.504416085587202 ], [ -111.897777543128001, 40.50441208434259 ], [ -111.896966302443005, 40.504415991327789 ] ] ] } },
{ "type": "Feature", "properties": { "precinct": "DRP015", "county": "Salt Lake", "CountyID": 18 }, "geometry": { "type": "Polygon", "coordinates": [ [ [ -111.844583980547, 40.515270304597003 ], [ -111.844530617923994, 40.514981268022893 ], [ -111.844501632882995, 40.514327506581211 ], [ -111.844578930218006, 40.513460710792003 ], [ -111.844810824918994, 40.512645324221594 ], [ -111.844955758208997, 40.512182535570197 ], [ -111.845197315189012, 40.51170504904939 ], [ -111.845632116854006, 40.510896989240479 ], [ -111.846095905357004, 40.510301955647499 ], [ -111.847438960369004, 40.508795985572 ], [ -111.849516345005995, 40.506606757765006 ], [ -111.850356964194006, 40.505739864223997 ], [ -111.851526097282004, 40.504821531728297 ], [ -111.852444011111004, 40.504086855039596 ], [ -111.852488621448003, 40.504057055246697 ], [ -111.853103485022004, 40.503646300623394 ], [ -111.853178793487004, 40.503738884188301 ], [ -111.853299194684993, 40.503990234483886 ], [ -111.853292043197001, 40.504081278678896 ], [ -111.853312758347002, 40.50502669401569 ], [ -111.853316317473002, 40.505423000269509 ], [ -111.853317222973999, 40.505645959714997 ], [ -111.853319336710001, 40.505645955616899 ], [ -111.853321536684021, 40.506987689620694 ], [ -111.853310596102006, 40.511531962248498 ], [ -111.853300804466002, 40.514033750915807 ], [ -111.853290023784012, 40.52031499854079 ], [ -111.853299046462993, 40.523173952686697 ], [ -111.853265079365002, 40.524264892263808 ], [ -111.852927124171998, 40.524118572390698 ], [ -111.852337726938003, 40.523817444647186 ], [ -111.851439137667995, 40.523237215135609 ], [ -111.850424599250005, 40.522451327332206 ], [ -111.848724040807014, 40.521070495014904 ], [ -111.847738489226998, 40.52024785731809 ], [ -111.847110443774, 40.519719013955594 ], [ -111.846559695657007, 40.519175474065797 ], [ -111.845864011555008, 40.518367502918494 ], [ -111.845593466839006, 40.518036967547204 ], [ -111.845206975671005, 40.517302436995791 ], [ -111.845033055543993, 40.516847023848605 ], [ -111.844762511726003, 40.515958224797401 ], [ -111.844607917055995, 40.515399966014307 ], [ -111.844583980547, 40.515270304597003 ] ] ] } },
{ "type": "Feature", "properties": { "precinct": "DRP023", "county": "Salt Lake", "CountyID": 18 }, "geometry": { "type": "Polygon", "coordinates": [ [ [ -111.831635666737, 40.507609459558395 ], [ -111.831639305812004, 40.507596976924802 ], [ -111.831637428332996, 40.507517004277588 ], [ -111.831591775950002, 40.5074007330348 ], [ -111.831535685144019, 40.507308157939391 ], [ -111.831485256419001, 40.507231697671699 ], [ -111.831421147249984, 40.507089754246302 ], [ -111.831384418731005, 40.507077174528092 ], [ -111.831375924262005, 40.507042708356003 ], [ -111.831345915141995, 40.5070182237164 ], [ -111.831319380704997, 40.506995877581801 ], [ -111.831266544494994, 40.506986969041911 ], [ -111.831224604849012, 40.506967288015012 ], [ -111.831158142094012, 40.506962149705394 ], [ -111.831100515168998, 40.506970595165583 ], [ -111.831038470329005, 40.506969463412503 ], [ -111.830965034851005, 40.506974480145203 ], [ -111.830873324047005, 40.506969683342795 ], [ -111.830784959468005, 40.506961389511495 ], [ -111.830705064204011, 40.506949205917103 ], [ -111.830635323497006, 40.506950453782792 ], [ -111.830563383713994, 40.506945321619007 ], [ -111.830478554006007, 40.506952389443093 ], [ -111.830445408867007, 40.506949546740792 ], [ -111.83039796254802, 40.506930357472903 ], [ -111.830374380874005, 40.50693236826519 ], [ -111.830273272792994, 40.506917829633885 ], [ -111.830226558602007, 40.506900147085823 ], [ -111.830153702537999, 40.506852144159204 ], [ -111.830079366947999, 40.506811116147198 ], [ -111.830013647998015, 40.506797378666299 ], [ -111.829859087464001, 40.506735706473997 ], [ -111.829781565549993, 40.506714817118301 ], [ -111.829734329437002, 40.506712712063099 ], [ -111.829676933379005, 40.506695494594993 ], [ -111.829585250422014, 40.506675861293708 ], [ -111.829535310381004, 40.506660136890197 ], [ -111.829526255363007, 40.506634910354798 ], [ -111.829560812653, 40.50659862712989 ], [ -111.829614589399995, 40.506573674461286 ], [ -111.829685169133, 40.50655436282559 ], [ -111.829748703380005, 40.506519972882799 ], [ -111.829863271815995, 40.50646299482171 ], [ -111.830052991513, 40.50637306103409 ], [ -111.830113533471007, 40.506337721600893 ], [ -111.830169731176994, 40.506317707069684 ], [ -111.830223457618004, 40.506288599484492 ], [ -111.830247969946996, 40.506252436966918 ], [ -111.830328966544002, 40.506204939012299 ], [ -111.830366296934002, 40.506161503636399 ], [ -111.830370544169, 40.506137817810597 ], [ -111.830383330789005, 40.506106241022401 ], [ -111.830378867060006, 40.506058587918098 ], [ -111.830377577079005, 40.505991456324686 ], [ -111.830385506507994, 40.505920492899399 ], [ -111.830405034086013, 40.505869224414383 ], [ -111.830444861792998, 40.505791961317598 ], [ -111.830469092051004, 40.505727252150507 ], [ -111.830492582995007, 40.505691047665593 ], [ -111.830513936848007, 40.505626128028695 ], [ -111.830518813802001, 40.50558595578309 ], [ -111.830540747068, 40.505542490636103 ], [ -111.830577513316001, 40.505516482979203 ], [ -111.830627275490997, 40.505483401869796 ], [ -111.830679645475001, 40.5054554728301 ], [ -111.830716994729997, 40.505424617682301 ], [ -111.830756521501002, 40.505380337576604 ], [ -111.830787990383016, 40.505364605355993 ], [ -111.830819220313998, 40.505340542899297 ], [ -111.830873362675007, 40.505284475681989 ], [ -111.830896593108008, 40.505254138875898 ], [ -111.830928534503997, 40.505208231677308 ], [ -111.830962658806996, 40.505165154247592 ], [ -111.830969140152007, 40.505129072404998 ], [ -111.831013843913993, 40.505004388882604 ], [ -111.831042572035997, 40.504948367830607 ], [ -111.831108820992014, 40.504749696877496 ], [ -111.831125608708007, 40.504684430712999 ], [ -111.831133043165011, 40.504665288609601 ], [ -111.831137563487999, 40.504641382317509 ], [ -111.831191457014995, 40.5045170844881 ], [ -111.831203703746993, 40.504496764778601 ], [ -111.831221909902993, 40.50444626157509 ], [ -111.831245673037003, 40.504410513352092 ], [ -111.831260969550002, 40.504370229725893 ], [ -111.831260561714998, 40.504316178715605 ], [ -111.831255416165007, 40.504262162496993 ], [ -111.831260761140996, 40.504244906832497 ], [ -111.831260602138997, 40.504208653051485 ], [ -111.831245238253004, 40.504166036033098 ], [ -111.831235121426005, 40.504134867458802 ], [ -111.831239000351005, 40.504118138387312 ], [ -111.831228890711003, 40.504100193495795 ], [ -111.831194269639994, 40.504005600232496 ], [ -111.831179732204006, 40.503950581055001 ], [ -111.831180348448015, 40.503933193482901 ], [ -111.831170251383995, 40.503836383502296 ], [ -111.831161582641997, 40.503774257777103 ], [ -111.831167261790995, 40.50374028306701 ], [ -111.831153454684994, 40.503722364713298 ], [ -111.831142880616, 40.503690932276804 ], [ -111.831133107843996, 40.503668457303895 ], [ -111.831125358975996, 40.5036324771133 ], [ -111.831115696696997, 40.5035784938134 ], [ -111.831104668080002, 40.503524519349597 ], [ -111.831087303646001, 40.503493398290701 ], [ -111.831065485363993, 40.503470748390988 ], [ -111.831039532138007, 40.5034478157013 ], [ -111.830944590992004, 40.503405399016003 ], [ -111.830918316167995, 40.503397767985199 ], [ -111.830887627921001, 40.503397905278206 ], [ -111.830849339029001, 40.503399647054898 ], [ -111.83075018209, 40.503405200931695 ], [ -111.830708592787005, 40.503408868224994 ], [ -111.830630779819003, 40.503397067859304 ], [ -111.830637316858997, 40.503371155680497 ], [ -111.830670505116998, 40.503347464088002 ], [ -111.830699242223005, 40.50332291116051 ], [ -111.830728063771005, 40.503292996958699 ], [ -111.830752298520011, 40.503273405693683 ], [ -111.830789735810015, 40.503220483566786 ], [ -111.830812961752017, 40.503193900562891 ], [ -111.830848084981, 40.503157739791988 ], [ -111.830865520382005, 40.503144025469702 ], [ -111.830885620187004, 40.503114936315598 ], [ -111.830893643939007, 40.5030935267121 ], [ -111.830893166932995, 40.503063710767698 ], [ -111.83088703144, 40.502994847367511 ], [ -111.830850411617007, 40.502908887723201 ], [ -111.830809508627993, 40.502859985771714 ], [ -111.830765857691006, 40.50282184259359 ], [ -111.830696501462995, 40.502773959015094 ], [ -111.830677060124003, 40.5027661919842 ], [ -111.830639288661004, 40.502727518700887 ], [ -111.830622512622995, 40.502717188153198 ], [ -111.830589283042002, 40.502705052284902 ], [ -111.830510541216, 40.502661471200504 ], [ -111.830469048032995, 40.502641672784591 ], [ -111.830393216749002, 40.502610730277205 ], [ -111.830346336369004, 40.5025930486429 ], [ -111.830233500782995, 40.502588435952703 ], [ -111.830208901316993, 40.502580369037886 ], [ -111.830175537887001, 40.50257895510768 ], [ -111.830141339923003, 40.50258369279819 ], [ -111.830112926210006, 40.502582784330997 ], [ -111.830061093417996, 40.502582432556203 ], [ -111.830013399164997, 40.502577423691605 ], [ -111.829998117024999, 40.502563449688502 ], [ -111.82998836761, 40.502540500295204 ], [ -111.829990856840993, 40.5025145044523 ], [ -111.829985341184994, 40.502484681420007 ], [ -111.829988874259001, 40.502468173931099 ], [ -111.830005952131003, 40.502428725203309 ], [ -111.830021863989998, 40.5024049451632 ], [ -111.830037784832001, 40.502379052409893 ], [ -111.830071354873994, 40.502313052380707 ], [ -111.830077939524998, 40.502286302350299 ], [ -111.830100102759999, 40.502249356252584 ], [ -111.830127313628012, 40.5022099538444 ], [ -111.830164533524993, 40.502179947615986 ], [ -111.830197483730004, 40.502158114898393 ], [ -111.830215026928997, 40.502143548592692 ], [ -111.830218658817003, 40.502123971336296 ], [ -111.830216868475006, 40.502097833254901 ], [ -111.83020552455001, 40.502071546255607 ], [ -111.830192183668998, 40.502038527655095 ], [ -111.830167547372994, 40.502003123779311 ], [ -111.830145119134997, 40.501977943306706 ], [ -111.830114152410999, 40.501953712284397 ], [ -111.829976623934002, 40.501893013104393 ], [ -111.829962634469993, 40.501875096306499 ], [ -111.829955843206008, 40.501857126907701 ], [ -111.829973916412001, 40.501820961317698 ], [ -111.829980660963002, 40.501801880556101 ], [ -111.829956714572006, 40.50177403126829 ], [ -111.829933470664002, 40.501767535308112 ], [ -111.829919058992004, 40.501749284457098 ], [ -111.829875854519003, 40.501738916190092 ], [ -111.829838569943007, 40.501722447452494 ], [ -111.829785800208001, 40.501714205568391 ], [ -111.829743438354001, 40.501705543597097 ], [ -111.829711435871999, 40.501696721787098 ], [ -111.829672383412003, 40.501685733286998 ], [ -111.829626938540002, 40.501677893041901 ], [ -111.829554864010007, 40.501662409955593 ], [ -111.829533939551993, 40.501654420116104 ], [ -111.829551544734997, 40.5016179074184 ], [ -111.829576489153013, 40.501565535904589 ], [ -111.829587120715019, 40.501535455616498 ], [ -111.829584349412002, 40.501517456754698 ], [ -111.829577206907004, 40.501499490675407 ], [ -111.829545937451016, 40.50145937333609 ], [ -111.829515225847999, 40.501427864701498 ], [ -111.829473165828006, 40.501397349919209 ], [ -111.829453083990003, 40.501376594831804 ], [ -111.829432355364006, 40.501361534496397 ], [ -111.829413507810997, 40.501345228237007 ], [ -111.829392798051003, 40.501332543614687 ], [ -111.829350781149998, 40.501313176507409 ], [ -111.829331278724993, 40.501307639534296 ], [ -111.829262645640995, 40.501293675512592 ], [ -111.82926251808, 40.501267519347884 ], [ -111.829253176500004, 40.501249567546211 ], [ -111.829221233306001, 40.5012295405676 ], [ -111.829165895288, 40.501210370155299 ], [ -111.829119068807003, 40.501199874753603 ], [ -111.829091118625996, 40.501195304318102 ], [ -111.829041828963994, 40.501179013045906 ], [ -111.828970412000999, 40.501151808319996 ], [ -111.828915621955019, 40.501129981415509 ], [ -111.828872369870993, 40.501108157919198 ], [ -111.828855571375001, 40.501090261403796 ], [ -111.82887033339, 40.501060355086302 ], [ -111.828887130089001, 40.501037235776501 ], [ -111.828892695152007, 40.501017923229888 ], [ -111.828887281006004, 40.501001648991398 ], [ -111.828900749447001, 40.500981830959503 ], [ -111.828899533127995, 40.500957277849203 ], [ -111.828888824312017, 40.500933500019791 ], [ -111.828836148899995, 40.500864195898302 ], [ -111.828812179153999, 40.500834456833601 ], [ -111.828789756305994, 40.500820466756593 ], [ -111.828769235191004, 40.500784577936699 ], [ -111.828743725731997, 40.500766743494907 ], [ -111.828729550317007, 40.500748827079192 ], [ -111.828707504761994, 40.500730967354087 ], [ -111.828692709508999, 40.500716286664606 ], [ -111.828668972426001, 40.5007054612594 ], [ -111.828645347632005, 40.500703698237309 ], [ -111.828619756425994, 40.500697015693291 ], [ -111.828578106937002, 40.50069303745159 ], [ -111.828551310191997, 40.500696407071494 ], [ -111.828529673369999, 40.500698047139892 ], [ -111.828489180011999, 40.500698022549095 ], [ -111.828456530742997, 40.5007042870498 ], [ -111.828435433807996, 40.500698848389398 ], [ -111.828411062515002, 40.500695650221999 ], [ -111.828391815211006, 40.500701871005909 ], [ -111.828338740947999, 40.500722769065099 ], [ -111.828310650629007, 40.5007303170649 ], [ -111.828278127123994, 40.500730993993997 ], [ -111.828244786152013, 40.500734523452103 ], [ -111.828220830777994, 40.500731323237105 ], [ -111.828177266978997, 40.500734768676693 ], [ -111.828150009398001, 40.500730302720292 ], [ -111.828125569831997, 40.500734463341303 ], [ -111.828093871879005, 40.500737516694706 ], [ -111.828071572100995, 40.500747559971998 ], [ -111.828065316232994, 40.500778575744896 ], [ -111.828065994460999, 40.500796932736904 ], [ -111.828060723147004, 40.500819789828299 ], [ -111.828020130075998, 40.500833973215883 ], [ -111.827997236510996, 40.500835650166991 ], [ -111.827962523812005, 40.500839323748508 ], [ -111.827935082975003, 40.500859510683298 ], [ -111.827915698229006, 40.500870204913205 ], [ -111.827892139911, 40.500874001446391 ], [ -111.827870318934004, 40.500882390977885 ], [ -111.827845010697999, 40.500880175081591 ], [ -111.82779766499101, 40.5008689378082 ], [ -111.827750438760006, 40.500867358537803 ], [ -111.827722675426998, 40.500878884069209 ], [ -111.827702248636001, 40.500883213400606 ], [ -111.827672880912999, 40.500879045957994 ], [ -111.827634150948001, 40.500866113974197 ], [ -111.827584900812013, 40.500841588144603 ], [ -111.827560996643001, 40.500817200287308 ], [ -111.827542927031004, 40.500807066854399 ], [ -111.827513572781996, 40.500799529792502 ], [ -111.827489886004997, 40.500792610913706 ], [ -111.827424972844, 40.500798654088818 ], [ -111.827395681477995, 40.500809645466603 ], [ -111.827372199516006, 40.500819486542603 ], [ -111.827348664553995, 40.500824984620799 ], [ -111.827325063116007, 40.500825212084997 ], [ -111.827303329276006, 40.500829733364199 ], [ -111.827255325104005, 40.500830694451899 ], [ -111.827214739219997, 40.50083750881619 ], [ -111.827183586543995, 40.500836867408083 ], [ -111.827160028226004, 40.5008404610696 ], [ -111.827130782672995, 40.500837225339801 ], [ -111.827143491140006, 40.500809187805601 ], [ -111.827157011682999, 40.500794259859703 ], [ -111.827206198037999, 40.5007561059439 ], [ -111.827231188271, 40.500741544798402 ], [ -111.827266312399004, 40.500715492245995 ], [ -111.827294860858004, 40.500687036617698 ], [ -111.827346537343004, 40.500651965370395 ], [ -111.827369988762001, 40.500639585269809 ], [ -111.827399945780002, 40.50063710364811 ], [ -111.827431247576001, 40.500633780474502 ], [ -111.827464102559006, 40.500615249936089 ], [ -111.827471022281998, 40.500595685895092 ], [ -111.827459103435004, 40.50054487510139 ], [ -111.827465557829996, 40.500525607496193 ], [ -111.827465512016005, 40.50050563699709 ], [ -111.827454480704006, 40.500469681066996 ], [ -111.827454138446015, 40.500451664842309 ], [ -111.827456786680003, 40.500422724115204 ], [ -111.827450432896001, 40.5003976379977 ], [ -111.827452241204, 40.50037960740891 ], [ -111.827472930303998, 40.500325406320599 ], [ -111.827475643216005, 40.500277372048394 ], [ -111.827506786908998, 40.50018102197069 ], [ -111.827504305762005, 40.500117608663899 ], [ -111.827508075092993, 40.500093349646185 ], [ -111.827520904831999, 40.500067259955593 ], [ -111.827542785096995, 40.500036620916092 ], [ -111.827562669306005, 40.500009609722802 ], [ -111.827571540169004, 40.499984519352303 ], [ -111.827576130560018, 40.499926385424196 ], [ -111.827573199357005, 40.499889438026798 ], [ -111.827552046727007, 40.499840688934505 ], [ -111.827518183834997, 40.499802567264403 ], [ -111.827477417389005, 40.499777959075601 ], [ -111.827453518609005, 40.499766994852301 ], [ -111.827387536453003, 40.499731432667502 ], [ -111.827344394861001, 40.499720819543391 ], [ -111.827287465029002, 40.499685930858483 ], [ -111.827261306986003, 40.499676422279791 ], [ -111.827215626755006, 40.499670238970602 ], [ -111.827191329122996, 40.499659696877892 ], [ -111.827204867633, 40.499634140510494 ], [ -111.827225658242, 40.499606466559605 ], [ -111.827241459608004, 40.499554450730898 ], [ -111.827241279047001, 40.499532061124405 ], [ -111.827238110688015, 40.499511060230802 ], [ -111.827214233467998, 40.499488802446109 ], [ -111.827191995673004, 40.499479455048593 ], [ -111.827178424823998, 40.499453674558993 ], [ -111.827148588181004, 40.499422275642992 ], [ -111.827099893203993, 40.499391154046982 ], [ -111.827063449451003, 40.499373397107 ], [ -111.827013921736011, 40.499345139688906 ], [ -111.826952598242997, 40.499325424314399 ], [ -111.826872738015012, 40.499309450908605 ], [ -111.826760511486, 40.499296707155494 ], [ -111.826734423511994, 40.499253341080085 ], [ -111.826715353177008, 40.4992262516989 ], [ -111.826697160495996, 40.499200212219996 ], [ -111.826618986404995, 40.499066905913907 ], [ -111.826571081047007, 40.499009795149092 ], [ -111.826512540535006, 40.498953032714297 ], [ -111.82647925795402, 40.498927132480695 ], [ -111.826451733574018, 40.498901144117802 ], [ -111.826413971991997, 40.498884196516585 ], [ -111.826380605867996, 40.498874965844202 ], [ -111.826353720189999, 40.498858307869 ], [ -111.826285741079005, 40.498837968001688 ], [ -111.826214641221, 40.498814045287695 ], [ -111.826167202088996, 40.498803164244585 ], [ -111.826120066588004, 40.4988007098789 ], [ -111.826096430115996, 40.498797984323808 ], [ -111.826080688038999, 40.498785840232408 ], [ -111.826072355266007, 40.498759386625792 ], [ -111.826039215517, 40.498714066544402 ], [ -111.825965965091996, 40.4986506450199 ], [ -111.825871129049006, 40.498578906025301 ], [ -111.825857522267995, 40.498562913998093 ], [ -111.825841447814, 40.498547427460402 ], [ -111.825800701131001, 40.498524557982101 ], [ -111.825746962113996, 40.498506160748491 ], [ -111.825691243210002, 40.498476261476192 ], [ -111.825609177618006, 40.498455270498702 ], [ -111.825553941109007, 40.498450797559506 ], [ -111.825524915643996, 40.49845558267539 ], [ -111.825477993942002, 40.498447448319794 ], [ -111.825451612218004, 40.498445531540902 ], [ -111.825424536097003, 40.498435194185795 ], [ -111.825389853043006, 40.498417111153998 ], [ -111.825362520902004, 40.498392490844083 ], [ -111.825357689762001, 40.498375161944089 ], [ -111.825324703625, 40.498322780384697 ], [ -111.825302444269994, 40.498286903890694 ], [ -111.825272152181, 40.498257522995104 ], [ -111.825230438011999, 40.498222407442292 ], [ -111.825187228149005, 40.498201454639101 ], [ -111.825144686632001, 40.498174206353298 ], [ -111.825082161192995, 40.498146765421502 ], [ -111.825049778723994, 40.498133464035199 ], [ -111.825024531573007, 40.498126728636301 ], [ -111.824984415507004, 40.498113341174999 ], [ -111.824954872611997, 40.498092919792391 ], [ -111.824924760185993, 40.4980782193987 ], [ -111.824907244834009, 40.498058330826701 ], [ -111.824883593989, 40.498054374970891 ], [ -111.824835916804005, 40.498015742689802 ], [ -111.824808814631993, 40.497999623470918 ], [ -111.824788244109996, 40.497977451255792 ], [ -111.824732803684, 40.497948633103398 ], [ -111.824657620983004, 40.497904057742694 ], [ -111.824632064811993, 40.497887558006994 ], [ -111.824596887683001, 40.497876538143096 ], [ -111.824569304912998, 40.497863623341303 ], [ -111.824527055348, 40.497849752188294 ], [ -111.824456060592993, 40.497834393226903 ], [ -111.824424115602994, 40.497832208652696 ], [ -111.824311788463007, 40.497823583751099 ], [ -111.824241185374007, 40.497809642913005 ], [ -111.824096765022006, 40.4978231335839 ], [ -111.824054643916995, 40.4978196852624 ], [ -111.824007242514014, 40.497803606299598 ], [ -111.823960045028997, 40.497804070129092 ], [ -111.823918289538, 40.497800143631892 ], [ -111.823879805711002, 40.497803380874501 ], [ -111.823839709409, 40.497809040413003 ], [ -111.823816364888998, 40.497815501234989 ], [ -111.823794989476994, 40.497817138641309 ], [ -111.823756503854, 40.497828031457097 ], [ -111.823724393573997, 40.497834387761998 ], [ -111.82369820948, 40.497841897149691 ], [ -111.823677285919999, 40.497842302231803 ], [ -111.823652017209994, 40.497846919346891 ], [ -111.823610520432993, 40.49785153031381 ], [ -111.823582958323996, 40.497848867565807 ], [ -111.823558132483001, 40.497848903770389 ], [ -111.82344580264801, 40.497882761237797 ], [ -111.823420250967999, 40.49790532763609 ], [ -111.823371093358986, 40.49792171943669 ], [ -111.823324670221993, 40.49795819999089 ], [ -111.823248748207007, 40.497995250234609 ], [ -111.823230864547, 40.498007583006 ], [ -111.823158966085998, 40.498031926116695 ], [ -111.823118613763995, 40.498036340336803 ], [ -111.823089667350004, 40.498041655571093 ], [ -111.823069144439003, 40.498030107692891 ], [ -111.823060888022994, 40.498010565440602 ], [ -111.823043612522, 40.49797869382359 ], [ -111.823014468479002, 40.497942866329197 ], [ -111.822993716498019, 40.497915421887093 ], [ -111.822964846442005, 40.497892979134498 ], [ -111.822938677619007, 40.497858769872593 ], [ -111.822909298217994, 40.497832891076001 ], [ -111.82288587195201, 40.497804722495893 ], [ -111.822850628347993, 40.497794659651085 ], [ -111.822829176579006, 40.497783770245299 ], [ -111.822803085011998, 40.497767007483901 ], [ -111.822740682642007, 40.497739952341092 ], [ -111.822695642910006, 40.497720419567699 ], [ -111.822644231428001, 40.497694690318284 ], [ -111.822622894643999, 40.497675387056098 ], [ -111.822613732725998, 40.497658040209991 ], [ -111.822588977852007, 40.497628732131716 ], [ -111.822534478860007, 40.497567910177409 ], [ -111.822479968189995, 40.497497137991679 ], [ -111.822463142744994, 40.49747832924421 ], [ -111.822457044082995, 40.497460354569 ], [ -111.822468533535002, 40.497429388495092 ], [ -111.822491756782, 40.4973985173594 ], [ -111.822521948260004, 40.497369804157486 ], [ -111.822567563812001, 40.497337826353892 ], [ -111.822604481875004, 40.497315478360399 ], [ -111.822652090789006, 40.497296806867496 ], [ -111.822749542726001, 40.497248059306791 ], [ -111.822809419931005, 40.497215576624995 ], [ -111.822866842939007, 40.497190091736407 ], [ -111.822908319053994, 40.49716472228431 ], [ -111.822935001712992, 40.497132632352404 ], [ -111.822933137709015, 40.49711191351679 ], [ -111.822868402414002, 40.497033461277091 ], [ -111.822817240663994, 40.496993821496801 ], [ -111.822692790759007, 40.496931821958889 ], [ -111.822615090081001, 40.4968914532339 ], [ -111.822524890243002, 40.496852922750605 ], [ -111.822503239946016, 40.496847422297598 ], [ -111.822390043236993, 40.496800252410395 ], [ -111.822309181386998, 40.496766071965396 ], [ -111.822226863368002, 40.496739162606097 ], [ -111.822105966300001, 40.496730194638992 ], [ -111.822080890726994, 40.496725382075297 ], [ -111.821964593033996, 40.496749553505708 ], [ -111.821823670721997, 40.49680606983349 ], [ -111.821751247644997, 40.49683326675801 ], [ -111.821706302237018, 40.496858473070702 ], [ -111.821668087904996, 40.496871380551688 ], [ -111.821592495572006, 40.496892824247603 ], [ -111.821498566827003, 40.496911700787599 ], [ -111.821332232973006, 40.496927821634202 ], [ -111.821301671388994, 40.496942678030209 ], [ -111.821240764714005, 40.496960495727699 ], [ -111.821188987618015, 40.496982893023592 ], [ -111.821135936709993, 40.497014856650992 ], [ -111.821085205253013, 40.497048249338313 ], [ -111.821035741317999, 40.497074071056097 ], [ -111.820969476193, 40.49710434188399 ], [ -111.820890035478001, 40.497129158720099 ], [ -111.820818781108997, 40.497134236302806 ], [ -111.820791176778997, 40.497129860960797 ], [ -111.820789315469995, 40.497112155339018 ], [ -111.820781089597006, 40.497088142521797 ], [ -111.820783534811, 40.497054516229198 ], [ -111.820804239181015, 40.497045383673608 ], [ -111.820830674804, 40.49702769100859 ], [ -111.820839775636003, 40.497004670726994 ], [ -111.820808087564004, 40.496997010277198 ], [ -111.820771017685999, 40.496985911025689 ], [ -111.820744291908014, 40.496964697569396 ], [ -111.820723176108004, 40.4969501663412 ], [ -111.820723645029005, 40.496932145072599 ], [ -111.820735338399004, 40.496911045679596 ], [ -111.820753806862996, 40.49684184123641 ], [ -111.82075238303301, 40.496823834284108 ], [ -111.820772950860004, 40.496778564129102 ], [ -111.820788249168999, 40.496700769342198 ], [ -111.820791770564995, 40.496600405586108 ], [ -111.820787042731993, 40.496517286357417 ], [ -111.820782051692007, 40.496498842804392 ], [ -111.820733609141996, 40.496463459231002 ], [ -111.820682363847993, 40.496442908236503 ], [ -111.820577716406007, 40.496421333237599 ], [ -111.820492230029004, 40.496405978047903 ], [ -111.820418596921016, 40.496393778190686 ], [ -111.820284239497994, 40.496369786293094 ], [ -111.820169471634998, 40.496356918336588 ], [ -111.820093095972013, 40.496358380899501 ], [ -111.820024366767015, 40.496348811051398 ], [ -111.819981250328993, 40.496345976097203 ], [ -111.819939229835001, 40.496335930111599 ], [ -111.819907168064006, 40.496324491239193 ], [ -111.819882401512004, 40.496319594622598 ], [ -111.819856338690002, 40.496309463242802 ], [ -111.819684742505004, 40.496266602796197 ], [ -111.819574422201001, 40.496224588028205 ], [ -111.819466932488993, 40.496174791094298 ], [ -111.819403330868994, 40.496148732669802 ], [ -111.819343831853999, 40.496131136771901 ], [ -111.819266223702002, 40.496111320716899 ], [ -111.819218801638016, 40.496093312885499 ], [ -111.819171280760003, 40.496067208660001 ], [ -111.819147424201006, 40.4960462483524 ], [ -111.819111376605008, 40.496006660589487 ], [ -111.819081534570998, 40.495984528703403 ], [ -111.819046831752999, 40.495956957082001 ], [ -111.818933264039998, 40.495902575490916 ], [ -111.818894009459001, 40.495893945559409 ], [ -111.818808548234003, 40.495895643810798 ], [ -111.818762382014995, 40.495887195589901 ], [ -111.818720512438006, 40.495874827589304 ], [ -111.818684368723012, 40.495856934459695 ], [ -111.818667793906997, 40.495833454715097 ], [ -111.818658721820995, 40.495795041805302 ], [ -111.818635156317001, 40.495757786091396 ], [ -111.818603214920003, 40.495719997517192 ], [ -111.818535417269004, 40.495650386066991 ], [ -111.818502897357007, 40.49561615175211 ], [ -111.818470257070999, 40.495600031956691 ], [ -111.818474272540996, 40.495578747699895 ], [ -111.818463006768994, 40.495560810770989 ], [ -111.818463018447005, 40.4955247743138 ], [ -111.818449782670015, 40.495493782753982 ], [ -111.818439609248998, 40.495465322861392 ], [ -111.818425700633, 40.4954397662624 ], [ -111.818397489939997, 40.495417132088093 ], [ -111.818389376357004, 40.495399170523186 ], [ -111.818431251324, 40.495377598604399 ], [ -111.818449753923005, 40.495355476757709 ], [ -111.818449952451004, 40.495290635925194 ], [ -111.818458279834005, 40.495276115264488 ], [ -111.818469743234999, 40.495236442338701 ], [ -111.818478110144, 40.495198951999903 ], [ -111.818481951340004, 40.495168890034307 ], [ -111.818492699681997, 40.495146190870791 ], [ -111.818525331882995, 40.495112138695504 ], [ -111.818528970958013, 40.495086650958484 ], [ -111.818538436506998, 40.495055778061804 ], [ -111.818531575174006, 40.495030067601391 ], [ -111.818521209514003, 40.495011556692297 ], [ -111.818455456429007, 40.494951911457697 ], [ -111.818443505242001, 40.494929731404198 ], [ -111.818455491462998, 40.494916982720298 ], [ -111.818522468053999, 40.49490984531441 ], [ -111.818637589852997, 40.494877805539197 ], [ -111.818662333049005, 40.4948756154037 ], [ -111.818708196535994, 40.494861573531907 ], [ -111.81877737489701, 40.494810084138891 ], [ -111.818778922695003, 40.494605942638692 ], [ -111.818769018769004, 40.49455441820939 ], [ -111.818758684550005, 40.494526080200401 ], [ -111.818734665395993, 40.494490201676101 ], [ -111.818727027918996, 40.494469234727603 ], [ -111.818699755965, 40.49442641955909 ], [ -111.818655181560999, 40.494383405569096 ], [ -111.818602206112004, 40.494355383099396 ], [ -111.818500263497, 40.4942724018169 ], [ -111.818390902594004, 40.494191969923094 ], [ -111.818204434799, 40.494032606715891 ], [ -111.818104545732993, 40.493977784985596 ], [ -111.818049752991996, 40.4939613225405 ], [ -111.817941199675005, 40.493893043450804 ], [ -111.817852643753994, 40.493884938600502 ], [ -111.817748876661, 40.493840055856296 ], [ -111.817650724038003, 40.493814023850796 ], [ -111.817571444121, 40.493765343440806 ], [ -111.817467548568004, 40.493758407441 ], [ -111.817419973791004, 40.493727687641396 ], [ -111.817370891639996, 40.493693571213385 ], [ -111.817329174777015, 40.493680161006786 ], [ -111.817246514499004, 40.493647073376998 ], [ -111.817155729858001, 40.493644933071202 ], [ -111.817069715271998, 40.493639081899694 ], [ -111.816993623475, 40.493600963537205 ], [ -111.816816517023994, 40.493518432884109 ], [ -111.816716415057002, 40.4935065768097 ], [ -111.816642291468995, 40.493516841826995 ], [ -111.816516533618, 40.493487340657502 ], [ -111.816414904515, 40.493485235187293 ], [ -111.816338821702004, 40.4934497373048 ], [ -111.816290915446004, 40.4933590919875 ], [ -111.811980211215015, 40.493408782390098 ], [ -111.811974437741995, 40.490196207157297 ], [ -111.811972008698007, 40.488843107064191 ], [ -111.811971249620996, 40.488420251327803 ], [ -111.812291525071004, 40.488477089627303 ], [ -111.814694524744993, 40.488903089762701 ], [ -111.815031524130006, 40.488958088487706 ], [ -111.815644524598994, 40.489057089085286 ], [ -111.815996524951004, 40.489115089643512 ], [ -111.816313526939993, 40.489166090140102 ], [ -111.816840525398007, 40.488913089037403 ], [ -111.818015526281002, 40.488405089019793 ], [ -111.818226525270006, 40.488314088454494 ], [ -111.822164525676996, 40.486541087625703 ], [ -111.822222526301019, 40.486515088999603 ], [ -111.822405524803003, 40.486338089281503 ], [ -111.826221527705997, 40.486357087671692 ], [ -111.826221563638001, 40.486338389899799 ], [ -111.826760832185002, 40.486338718530192 ], [ -111.828537738443998, 40.486339785041906 ], [ -111.83181374606302, 40.486345376541784 ], [ -111.834729049553005, 40.486338872938688 ], [ -111.837385877193, 40.486277261875195 ], [ -111.839890306544007, 40.486219133834297 ], [ -111.843973641787002, 40.486124223621395 ], [ -111.845572519024998, 40.486086926327189 ], [ -111.845759675828006, 40.486310430343103 ], [ -111.846073525628995, 40.486663990831204 ], [ -111.846312553851007, 40.486895289123296 ], [ -111.846795609419999, 40.487238335280303 ], [ -111.846948093050017, 40.487323122112507 ], [ -111.847086483908996, 40.487395714176493 ], [ -111.847229893656007, 40.4874623854476 ], [ -111.847377884810996, 40.487522935762293 ], [ -111.847530013606018, 40.487577183403303 ], [ -111.847685820104005, 40.487624963049008 ], [ -111.847844829994003, 40.487666128506106 ], [ -111.848006561779002, 40.487700560225299 ], [ -111.848170531267996, 40.4877281489034 ], [ -111.848336238997007, 40.487748813930196 ], [ -111.848663020046004, 40.48778254941719 ], [ -111.848664279483998, 40.487978001474318 ], [ -111.848664281281003, 40.4879783239478 ], [ -111.848666733682009, 40.48835883688789 ], [ -111.848667475689993, 40.488474045964097 ], [ -111.848686051054003, 40.491355444450399 ], [ -111.848686051054003, 40.491355872799403 ], [ -111.848686852350994, 40.49147973319139 ], [ -111.84868700416601, 40.491503299172692 ], [ -111.848688392062996, 40.491719074227198 ], [ -111.848687565613005, 40.491719472514497 ], [ -111.848686042969007, 40.491720206237602 ], [ -111.848684523019003, 40.4917209358617 ], [ -111.848683000375004, 40.491721665485692 ], [ -111.848681478629004, 40.491722395109797 ], [ -111.848679954188, 40.491723122684284 ], [ -111.848678427051993, 40.491723849575692 ], [ -111.848676901712011, 40.491724575783891 ], [ -111.848675376372995, 40.491725299942495 ], [ -111.848673848339004, 40.491726022734802 ], [ -111.848672320304004, 40.491726745527203 ], [ -111.848670791372001, 40.491727468319503 ], [ -111.848669258846002, 40.491728187012789 ], [ -111.848667728116993, 40.4917289070724 ], [ -111.848666194692001, 40.491729625765593 ], [ -111.848664663963021, 40.49173034240939 ], [ -111.848663129640997, 40.491731057686799 ], [ -111.848661596216999, 40.491731774330596 ], [ -111.848660060097004, 40.491732487558401 ], [ -111.84865852487701, 40.491733198053694 ], [ -111.848656986961004, 40.491733911281599 ], [ -111.848655449942996, 40.491734621776793 ], [ -111.848653911129006, 40.49173533022239 ], [ -111.848652369619998, 40.491736038668101 ], [ -111.848650829009998, 40.491736747113791 ], [ -111.848649287501004, 40.491737453509899 ], [ -111.848647745093004, 40.491738156490193 ], [ -111.848646202685998, 40.491738862203192 ], [ -111.848644657584003, 40.491739563817198 ], [ -111.848643111583002, 40.491740266797393 ], [ -111.848641567379005, 40.491740965678702 ], [ -111.848640019582007, 40.4917416672927 ], [ -111.848638471784994, 40.4917423648076 ], [ -111.848636925784021, 40.491743063688801 ], [ -111.848635375292005, 40.491743757787901 ], [ -111.848633825698002, 40.491744453936398 ], [ -111.848632274306993, 40.491745147352297 ], [ -111.848630722916994, 40.491745841451298 ], [ -111.848629171525999, 40.491746532134599 ], [ -111.848627617440997, 40.491747224184003 ], [ -111.848626063356008, 40.491747914867204 ], [ -111.848624508371998, 40.491748601451398 ], [ -111.848622952490004, 40.491749289401902 ], [ -111.848621393913021, 40.491749976669205 ], [ -111.848619838031013, 40.491750660520701 ], [ -111.848618279454001, 40.491751346421616 ], [ -111.848616719079999, 40.491752028223594 ], [ -111.848615160503002, 40.491752711391896 ], [ -111.848613598333003, 40.491753391827388 ], [ -111.848612038856999, 40.491754070896697 ], [ -111.848610474889995, 40.491754749965907 ], [ -111.848608910923005, 40.491755427668792 ], [ -111.848607346956996, 40.491756103322203 ], [ -111.848605781193001, 40.491756780341881 ], [ -111.848604215428992, 40.491757453945802 ], [ -111.848602651462997, 40.491758126866507 ], [ -111.848601083003999, 40.491758799104005 ], [ -111.848599513647002, 40.491759470658408 ], [ -111.848597943391994, 40.491760140163208 ], [ -111.848596374034997, 40.491760806935396 ], [ -111.848594804678996, 40.491761477123312 ], [ -111.848593232626996, 40.49176214184601 ], [ -111.848591660574996, 40.491762806568616 ], [ -111.848590086727015, 40.491763470608007 ], [ -111.848588513777017, 40.491764133281208 ], [ -111.848586938132001, 40.491764797320606 ], [ -111.848585362487015, 40.491765457944297 ], [ -111.848583785943006, 40.491766116518299 ], [ -111.848582210298005, 40.491766777141898 ], [ -111.848580631958001, 40.491767434349597 ], [ -111.848579052719998, 40.4917680895079 ], [ -111.848577472583003, 40.4917687467156 ], [ -111.848575894242998, 40.491769399141099 ], [ -111.848574312310006, 40.491770052932999 ], [ -111.848572729479002, 40.491770703992202 ], [ -111.848571147545996, 40.491771356417701 ], [ -111.848569563816, 40.491772004744199 ], [ -111.848567979188005, 40.491772654437 ], [ -111.848566393661002, 40.491773302080396 ], [ -111.848564808134995, 40.4917739490405 ], [ -111.848563220811002, 40.491774592584804 ], [ -111.848561634386996, 40.49177523749551 ], [ -111.848560045267007, 40.491775880356599 ], [ -111.848558457045996, 40.491776520484997 ], [ -111.848556866129002, 40.491777162662999 ], [ -111.848555274313995, 40.491777801425101 ], [ -111.848553686092998, 40.49177844018719 ], [ -111.848552093379993, 40.491779078266084 ], [ -111.848550500667002, 40.491779714295504 ], [ -111.848548907055999, 40.491780348275391 ], [ -111.848547311648005, 40.491780981572091 ], [ -111.848545716239983, 40.491781614868792 ], [ -111.848544119034997, 40.491782248165599 ], [ -111.848542523627003, 40.491782878729595 ], [ -111.84854092552402, 40.491783507927295 ], [ -111.848539328320001, 40.491784136441801 ], [ -111.848537727522, 40.491784763590005 ], [ -111.848536129419017, 40.491785388688598 ], [ -111.848534528621002, 40.491786013104097 ], [ -111.848532926925003, 40.491786637519596 ], [ -111.848531325229004, 40.491787261251901 ], [ -111.848529723533005, 40.491787882934702 ], [ -111.848528118242996, 40.491788502567999 ], [ -111.848526514751015, 40.491789121518195 ], [ -111.848524908562993, 40.491789739785105 ], [ -111.848523304172005, 40.491790356685705 ], [ -111.848521695288994, 40.49179097221991 ], [ -111.84852009, 40.4917915877542 ], [ -111.848518481117011, 40.4917922005558 ], [ -111.848516872234001, 40.491792811307896 ], [ -111.848515263351999, 40.491793424109495 ], [ -111.848513649976994, 40.491794034178305 ], [ -111.848512041993018, 40.491794642197696 ], [ -111.848510429517006, 40.491795249533901 ], [ -111.848508816142996, 40.491795856870105 ], [ -111.848507204564996, 40.491796462156799 ], [ -111.848505587598012, 40.491797066760292 ], [ -111.848503976019998, 40.491797671363898 ], [ -111.848502360848997, 40.491798272551499 ], [ -111.848500741186996, 40.491798874422393 ], [ -111.848499126914007, 40.491799473560491 ], [ -111.848497510844993, 40.491800072015501 ], [ -111.848495888488003, 40.491800670470496 ], [ -111.848494270621998, 40.491801266192788 ], [ -111.848492652755994, 40.4918018619151 ], [ -111.848491030399003, 40.491802455587894 ], [ -111.848489409837995, 40.491803047894301 ], [ -111.848487788379018, 40.4918036402008 ], [ -111.848486165123006, 40.49180423045771 ], [ -111.848484540968997, 40.491804819348303 ], [ -111.848482917713, 40.491805408922104 ], [ -111.848481293559004, 40.491805996446303 ], [ -111.848479666710006, 40.491806582604291 ], [ -111.848478039861007, 40.491807167395805 ], [ -111.848476413011994, 40.491807750137809 ], [ -111.848474787062003, 40.491808333563085 ], [ -111.848473156618994, 40.491808915622009 ], [ -111.848471527075006, 40.491809494264992 ], [ -111.848469898429997, 40.491810072907988 ], [ -111.848468267987997, 40.491810651551106 ], [ -111.848466638443995, 40.491811230194095 ], [ -111.848465005307006, 40.491811806104494 ], [ -111.848463371270995, 40.491812379282102 ], [ -111.848461739032004, 40.491812951776602 ], [ -111.848460104996988, 40.491813524954296 ], [ -111.848458470062994, 40.491814094716091 ], [ -111.848456835128999, 40.491814665161101 ], [ -111.848455197500002, 40.491815235606097 ], [ -111.848453560769997, 40.491815802635195 ], [ -111.848451923140999, 40.491816368981198 ], [ -111.848450286411008, 40.491816933960799 ], [ -111.848448646985005, 40.491817497574097 ], [ -111.848447008457995, 40.491818059821 ], [ -111.848445368133994, 40.491818621384802 ], [ -111.848443726911995, 40.491819183631705 ], [ -111.848442085689996, 40.491819741779594 ], [ -111.848440443570013, 40.491820299927596 ], [ -111.848438797856005, 40.491820858075393 ], [ -111.848437156634006, 40.491821412124409 ], [ -111.848435510920993, 40.491821968222808 ], [ -111.848433865206999, 40.491822522271697 ], [ -111.848432220391999, 40.491823073587902 ], [ -111.848430572881995, 40.49182362627041 ], [ -111.848428925370996, 40.49182417553709 ], [ -111.848427277861006, 40.491824724120598 ], [ -111.848425629453004, 40.491825273387398 ], [ -111.848423981942005, 40.491825819921388 ], [ -111.848422330839, 40.491826365089118 ], [ -111.848420682430003, 40.491826908890403 ], [ -111.848419032224996, 40.491827451325406 ], [ -111.848417379324999, 40.491827995126798 ], [ -111.848415726425003, 40.491828534145903 ], [ -111.848414075321003, 40.491829075214596 ], [ -111.848412420624996, 40.4918296135505 ], [ -111.848410767724999, 40.491830149837 ], [ -111.848409113027998, 40.491830685440299 ], [ -111.848407458330996, 40.491831222409985 ], [ -111.848405800040993, 40.4918317552806 ], [ -111.848404143547995, 40.491832286784899 ], [ -111.848402485258006, 40.491832819655492 ], [ -111.848400826968003, 40.491833349110308 ], [ -111.848399167778993, 40.491833876515614 ], [ -111.848397510387997, 40.491834406653503 ], [ -111.848395848504012, 40.491834934058694 ], [ -111.848394190213995, 40.491835458731302 ], [ -111.848392528331004, 40.4918359820376 ], [ -111.848390865549007, 40.491836505343791 ], [ -111.848389201870006, 40.491837029333198 ], [ -111.848387539087994, 40.491837549223597 ], [ -111.848385874510001, 40.491838067064492 ], [ -111.848384212626001, 40.491838586271697 ], [ -111.848382546251997, 40.491839104795801 ], [ -111.848380880774997, 40.491839620587207 ], [ -111.848379212604002, 40.49184013501219 ], [ -111.848377545329996, 40.491840648070912 ], [ -111.848375879854004, 40.4918411618128 ], [ -111.848374210784002, 40.491841672138797 ], [ -111.848372542613006, 40.491842181781699 ], [ -111.848370872645006, 40.491842692107703 ], [ -111.848369201777999, 40.49184320038421 ], [ -111.848367532707996, 40.491843705244897 ], [ -111.848365860045007, 40.491844210788692 ], [ -111.848364188280001, 40.491844714966192 ], [ -111.848362516516019, 40.491845218460497 ], [ -111.848360842055996, 40.491845719905299 ], [ -111.848359167596001, 40.491846222033296 ], [ -111.848357495832005, 40.491846722111802 ], [ -111.848355820473998, 40.49184721877441 ], [ -111.848354144216998, 40.4918477174866 ], [ -111.848352468859019, 40.491848212782891 ], [ -111.848350789907997, 40.491848707395995 ], [ -111.848349113652006, 40.491849201325898 ], [ -111.848347434700003, 40.491849693889506 ], [ -111.848345755748994, 40.491850183720501 ], [ -111.848344075900002, 40.491850674234598 ], [ -111.848342396947999, 40.4918511633824 ], [ -111.848340717099006, 40.491851650480591 ], [ -111.848339035452994, 40.491852136895702 ], [ -111.848337355603007, 40.491852622627597 ], [ -111.848335673058017, 40.49185310699319 ], [ -111.848333990514007, 40.491853590675611 ], [ -111.84833230617302, 40.491854072308499 ], [ -111.848330621832005, 40.491854552575099 ], [ -111.848328938389002, 40.491855032158497 ], [ -111.848327254946, 40.491855510375494 ], [ -111.848325567011003, 40.491855985859907 ], [ -111.848323880874005, 40.491856462027407 ], [ -111.848322194736014, 40.49185693682869 ], [ -111.848320506801002, 40.491857409580405 ], [ -111.848318818867, 40.4918578830153 ], [ -111.848317129136007, 40.491858354400598 ], [ -111.848315441202004, 40.491858822370105 ], [ -111.84831374967402, 40.491859293072395 ], [ -111.848312059942998, 40.491859759675592 ], [ -111.848310372008001, 40.491860224229193 ], [ -111.848308678684006, 40.491860690832389 ], [ -111.848306988055, 40.491861154019709 ], [ -111.848305294729997, 40.491861616523906 ], [ -111.848303603202993, 40.491862077661807 ], [ -111.848301907184009, 40.491862536750091 ], [ -111.848300214757998, 40.491862997887893 ], [ -111.848298518738019, 40.491863455609902 ], [ -111.848296823617005, 40.491863911965609 ], [ -111.848295128496005, 40.491864366954808 ], [ -111.848293428884006, 40.491864819894708 ], [ -111.848291733763006, 40.491865273517597 ], [ -111.848290035947002, 40.491865725774304 ], [ -111.848288338130999, 40.491866175981393 ], [ -111.848286639416997, 40.491866626188489 ], [ -111.848284940702996, 40.491867074346203 ], [ -111.848283241090002, 40.491867521137507 ], [ -111.848281540578995, 40.491867966562396 ], [ -111.848279839170004, 40.491868411304097 ], [ -111.848278138658998, 40.491868854679595 ], [ -111.848276437249993, 40.49186929600549 ], [ -111.848274734943004, 40.4918697380146 ], [ -111.848273031736994, 40.491870175924795 ], [ -111.848271328530998, 40.491870616567503 ], [ -111.848269624427004, 40.491871053111296 ], [ -111.848267917627993, 40.491871488971903 ], [ -111.848266214421997, 40.491871924149301 ], [ -111.848264509420005, 40.491872357277202 ], [ -111.848262800824003, 40.49187279040509 ], [ -111.848261095822011, 40.491873220117199 ], [ -111.848259389023013, 40.491873651878791 ], [ -111.848257680426997, 40.491874080224491 ], [ -111.848255972730001, 40.49187450720391 ], [ -111.848254262336994, 40.491874934183294 ], [ -111.848252555537996, 40.491875358429994 ], [ -111.848250846043996, 40.49187578472619 ], [ -111.848249135652011, 40.491876206240192 ], [ -111.848247424362, 40.491876629803791 ], [ -111.848245711274004, 40.491877048585209 ], [ -111.848244000882005, 40.491877468732888 ], [ -111.848242288693001, 40.491877886147897 ], [ -111.848240576503997, 40.491878302196596 ], [ -111.848238863416995, 40.491878717562194 ], [ -111.848237149431, 40.491879132244506 ], [ -111.848235434546993, 40.491879546243709 ], [ -111.848233717867004, 40.491879956143897 ], [ -111.848232003880995, 40.491880368776691 ], [ -111.848230287201005, 40.491880776627404 ], [ -111.848228571419, 40.491881185844406 ], [ -111.848226855636, 40.491881592328795 ], [ -111.848225137159005, 40.491881997446804 ], [ -111.848223419581018, 40.491882401881604 ], [ -111.848221701103, 40.491882807682806 ], [ -111.848219983524999, 40.491883207335498 ], [ -111.848218265046995, 40.49188361040401 ], [ -111.848216543874997, 40.4918840093734 ], [ -111.848214821805001, 40.491884409026092 ], [ -111.848213103328007, 40.49188480389661 ], [ -111.848211380359018, 40.491885201499699 ], [ -111.848209660085004, 40.4918855950039 ], [ -111.848207938014994, 40.491885989191204 ], [ -111.848206215046005, 40.491886382012204 ], [ -111.848204491179004, 40.491886774149989 ], [ -111.848202767312003, 40.491887163555099 ], [ -111.848201042547004, 40.491887552960293 ], [ -111.848199320475999, 40.491887938266302 ], [ -111.848197594813001, 40.491888326305101 ], [ -111.848195869148995, 40.491888709561799 ], [ -111.848194143485017, 40.491889094867901 ], [ -111.848192416025, 40.49188947744139 ], [ -111.848190688564998, 40.491889860014787 ], [ -111.848188961104995, 40.491890237806111 ], [ -111.848187233643998, 40.491890617646803 ], [ -111.848185506183995, 40.491890994755011 ], [ -111.848183775129996, 40.491891371863098 ], [ -111.848182047669994, 40.491891746921709 ], [ -111.848180319311993, 40.4918921219803 ], [ -111.848178589156007, 40.491892494989408 ], [ -111.848176859001001, 40.491892865948998 ], [ -111.848175127947016, 40.491893235542307 ], [ -111.848173395097007, 40.491893605818703 ], [ -111.848171662246997, 40.491893972679286 ], [ -111.848169931193993, 40.491894340223006 ], [ -111.848168199241996, 40.491894707083596 ], [ -111.848166466392001, 40.491895071211495 ], [ -111.848164730845994, 40.49189543328999 ], [ -111.848162997995999, 40.491895794001998 ], [ -111.848161263349013, 40.491896157446796 ], [ -111.848159527804, 40.49189651405981 ], [ -111.848157792259002, 40.491896873405594 ], [ -111.848156055816006, 40.491897228652306 ], [ -111.848154319372, 40.491897585265392 ], [ -111.848152582929004, 40.491897940512104 ], [ -111.848150846484998, 40.491898293026203 ], [ -111.848149107346998, 40.491898646223405 ], [ -111.848147370004995, 40.491898996004807 ], [ -111.848145633561998, 40.491899346469303 ], [ -111.848143894423004, 40.491899692834885 ], [ -111.848142153487998, 40.491900041249991 ], [ -111.848140412552993, 40.491900385565991 ], [ -111.848138675212013, 40.491900731931601 ], [ -111.848136934276994, 40.491901074198111 ], [ -111.848135192442996, 40.491901415781506 ], [ -111.848133452406998, 40.4919017573649 ], [ -111.848131709675002, 40.491902097581907 ], [ -111.848129966044993, 40.491902436432589 ], [ -111.848128225110003, 40.491902772550695 ], [ -111.848126480581996, 40.491903108668694 ], [ -111.848124738747998, 40.491903443420398 ], [ -111.84812299422002, 40.491903777489007 ], [ -111.848121250589998, 40.4919041095079 ], [ -111.848119506960003, 40.491904440160596 ], [ -111.848117759736994, 40.491904770130212 ], [ -111.848116017004998, 40.491905097367095 ], [ -111.848114268884004, 40.491905425287108 ], [ -111.848112522559006, 40.491905751840797 ], [ -111.848109285928999, 40.491906351661186 ], [ -111.845527565531, 40.492384255813391 ], [ -111.845483393571996, 40.492392432577006 ], [ -111.844661742311004, 40.492544528122693 ], [ -111.844696671503996, 40.492637286868792 ], [ -111.843963021004996, 40.492774002611185 ], [ -111.843768281522998, 40.492815309056191 ], [ -111.843613635647998, 40.492864676045102 ], [ -111.843432385268002, 40.492928454181317 ], [ -111.843307130472994, 40.492987947504595 ], [ -111.843165992566, 40.493063792090197 ], [ -111.843131057983001, 40.493086539778901 ], [ -111.843027585537001, 40.493153904946091 ], [ -111.842966421943999, 40.493202999107702 ], [ -111.842907895804998, 40.493248020958106 ], [ -111.842852194867007, 40.493296440779091 ], [ -111.842846753771994, 40.4933011804914 ], [ -111.842796231622003, 40.493350299138591 ], [ -111.842748462808018, 40.4934034155524 ], [ -111.84270597519, 40.493448391497203 ], [ -111.842666165449998, 40.493497425326098 ], [ -111.842626346727002, 40.493544426064602 ], [ -111.842599791628999, 40.493583263132599 ], [ -111.842568045166999, 40.493634302588703 ], [ -111.842538913699997, 40.49368945114459 ], [ -111.842515128108005, 40.493736403245094 ], [ -111.842488708656006, 40.493787482207196 ], [ -111.842456983752996, 40.493856858538201 ], [ -111.842435912870002, 40.493914016044492 ], [ -111.842420088148003, 40.493956884825302 ], [ -111.842406909863001, 40.4939956273805 ], [ -111.842391181260012, 40.494042613424007 ], [ -111.842386115660005, 40.494107848270609 ], [ -111.842378470099007, 40.494175122237493 ], [ -111.842373496126996, 40.494244474940807 ], [ -111.842371058998012, 40.494303609130704 ], [ -111.842366127247004, 40.494381086303697 ], [ -111.842366607846003, 40.494476885218994 ], [ -111.842361332039999, 40.494586863240691 ], [ -111.842359030555997, 40.494686842669203 ], [ -111.842357661524005, 40.494815366155102 ], [ -111.842361017630012, 40.494953977260096 ], [ -111.842352307564994, 40.4952824123786 ], [ -111.842349274851998, 40.495509430532209 ], [ -111.842349417684005, 40.4958388261404 ], [ -111.842350297134999, 40.4960141729143 ], [ -111.842348248975995, 40.496136495877103 ], [ -111.842346108290997, 40.49624048224311 ], [ -111.842341605935005, 40.496417818581307 ], [ -111.842339343077995, 40.496497375462702 ], [ -111.842336906846995, 40.496542235935806 ], [ -111.842331831365996, 40.496591165718989 ], [ -111.842323980090001, 40.496631980018101 ], [ -111.842311991174995, 40.496679063267592 ], [ -111.842296411692999, 40.496755749380192 ], [ -111.842269002297002, 40.49684004532309 ], [ -111.842240008272995, 40.496923740018502 ], [ -111.842197692233, 40.497003360512799 ], [ -111.842189409765993, 40.497018886344499 ], [ -111.842160643913999, 40.497072805245594 ], [ -111.842115584419005, 40.497136126477784 ], [ -111.842070460246021, 40.497201477861488 ], [ -111.842024606641004, 40.497264362463497 ], [ -111.842073697773998, 40.497301935670897 ], [ -111.842112646928001, 40.497339262937111 ], [ -111.842139371808003, 40.497376571738599 ], [ -111.842157990291, 40.497418624039398 ], [ -111.842168359544004, 40.497449722641598 ], [ -111.842176696807996, 40.497491805636493 ], [ -111.842174870533, 40.497529196326205 ], [ -111.842162863650998, 40.497572879112603 ], [ -111.842140626754002, 40.497627512783097 ], [ -111.842112256161002, 40.497663445644598 ], [ -111.842077716836997, 40.497702470232298 ], [ -111.842209399078016, 40.4977609927261 ], [ -111.842374452832999, 40.497820074633097 ], [ -111.842533649572999, 40.497872534459191 ], [ -111.842606586485999, 40.497890218020906 ], [ -111.842733714267993, 40.497915155475994 ], [ -111.842886080217994, 40.497939193272209 ], [ -111.843051706200001, 40.497955014671803 ], [ -111.843201338577003, 40.497964732524586 ], [ -111.843316112728004, 40.497964397119993 ], [ -111.843417636728006, 40.497960035494302 ], [ -111.843524354786993, 40.49794544983321 ], [ -111.843809967843995, 40.497909971387898 ], [ -111.844058113966, 40.497874546206198 ], [ -111.844421113291006, 40.497826594201207 ], [ -111.844567867466012, 40.497807827215603 ], [ -111.844754681111993, 40.497788940681097 ], [ -111.844909562344981, 40.497784422612391 ], [ -111.845051110783004, 40.497788066987383 ], [ -111.845187356465004, 40.497795792242101 ], [ -111.845328973175, 40.497799493314304 ], [ -111.845473204879994, 40.497807192609493 ], [ -111.845569383905001, 40.497813057079711 ], [ -111.845718954297993, 40.497824803096101 ], [ -111.845812112288002, 40.497831239324796 ], [ -111.845873464527003, 40.49783547663349 ], [ -111.845946069961016, 40.497840492000087 ], [ -111.846092927442001, 40.497842090468801 ], [ -111.846325355741996, 40.497855677451206 ], [ -111.846440261945006, 40.49786752592599 ], [ -111.846592629691997, 40.49789156168999 ], [ -111.846763650956007, 40.497921633365401 ], [ -111.846940068398993, 40.497951689999098 ], [ -111.847129879723994, 40.497985770106695 ], [ -111.847349035416002, 40.498019816724998 ], [ -111.847621695664003, 40.498067923656414 ], [ -111.847904987473996, 40.498113967580906 ], [ -111.848054692613999, 40.498138007355202 ], [ -111.848247168341999, 40.498172077804711 ], [ -111.848407530195999, 40.498198115633393 ], [ -111.848557165268005, 40.49822210209549 ], [ -111.848690844464016, 40.498248219827701 ], [ -111.84876306811401, 40.498266341158796 ], [ -111.848864695421, 40.4982966175968 ], [ -111.848950308460999, 40.4983310602559 ], [ -111.849030607966, 40.498367492770498 ], [ -111.849089559906005, 40.498406077715096 ], [ -111.849161898540999, 40.498446597177008 ], [ -111.849263764799005, 40.49852381203759 ], [ -111.849341511291996, 40.498580621969509 ], [ -111.849413902928006, 40.498631406927011 ], [ -111.849483508887019, 40.49867198704861 ], [ -111.849542450048006, 40.498708484955401 ], [ -111.849612107211996, 40.498744950736693 ], [ -111.849665603684002, 40.498771307349301 ], [ -111.84974864933902, 40.498809817604098 ], [ -111.849869039756001, 40.498852279547293 ], [ -111.849992089186998, 40.498894679301799 ], [ -111.850085722385998, 40.498922948522299 ], [ -111.850165950923994, 40.498945161410603 ], [ -111.850262198219994, 40.4989632108284 ], [ -111.850353034963007, 40.498979245112103 ], [ -111.850451910730001, 40.498991190387898 ], [ -111.850529415576005, 40.499001171765123 ], [ -111.850572155621009, 40.499005105705997 ], [ -111.850620072656, 40.499009297856489 ], [ -111.850848042617002, 40.499008616128201 ], [ -111.851033832184996, 40.499000483205791 ], [ -111.851192398307006, 40.498984855368505 ], [ -111.851814003737005, 40.498907341159807 ], [ -111.852217824305015, 40.498881531760311 ], [ -111.852768099908999, 40.498904470109686 ], [ -111.853283681677993, 40.498935089173401 ], [ -111.853482986399001, 40.498966062749403 ], [ -111.853502355873005, 40.498969073148182 ], [ -111.853534222709001, 40.498974025585298 ], [ -111.853801855984997, 40.499036133214098 ], [ -111.854019810629012, 40.499114420535683 ], [ -111.854200666649007, 40.499194905957708 ], [ -111.854312367662999, 40.499253308974694 ], [ -111.854400162711002, 40.499305692539998 ], [ -111.854468196618996, 40.499352049836801 ], [ -111.854506688529995, 40.49937827574059 ], [ -111.854602612432998, 40.499459019053909 ], [ -111.855226356751999, 40.500014083924199 ], [ -111.855625592319001, 40.500385258533193 ], [ -111.856127646358004, 40.500852017344087 ], [ -111.856127534069003, 40.500852087700892 ], [ -111.855975578649009, 40.500951690982198 ], [ -111.855244377855001, 40.501431806696999 ], [ -111.854609638157001, 40.5018368016108 ], [ -111.853821698871997, 40.502351558553109 ], [ -111.853440968599998, 40.502618036945201 ], [ -111.852637086913006, 40.503141014575107 ], [ -111.852662255012007, 40.503166367423098 ], [ -111.852047572898002, 40.503547059943401 ], [ -111.851651555095998, 40.503792324337901 ], [ -111.850819317190016, 40.504334723258602 ], [ -111.850105441305018, 40.504779455380501 ], [ -111.849813519380007, 40.5049207042684 ], [ -111.849468522294003, 40.505041774702093 ], [ -111.848911221864, 40.505142666791002 ], [ -111.847955845593006, 40.50519311209549 ], [ -111.847345467306994, 40.505193111412403 ], [ -111.846748359833001, 40.505233468311687 ], [ -111.846045096645, 40.505394893617002 ], [ -111.845297880686005, 40.505663514867798 ], [ -111.84486248613301, 40.505915741101198 ], [ -111.844468560508005, 40.506309841411394 ], [ -111.843763640825998, 40.507649767193399 ], [ -111.843549975637004, 40.507582575721898 ], [ -111.843337668700997, 40.507576119938591 ], [ -111.843082901097006, 40.507640686622707 ], [ -111.842980994415001, 40.507705254610507 ], [ -111.842836627064003, 40.507898958884105 ], [ -111.842768690173997, 40.508105574747795 ], [ -111.842785674620998, 40.5089966019966 ], [ -111.842675276164002, 40.509280695617399 ], [ -111.842505431693013, 40.50942274095199 ], [ -111.842318600978999, 40.509442110498604 ], [ -111.841987405607995, 40.509358174617596 ], [ -111.841172151249992, 40.509119278298591 ], [ -111.840620157168999, 40.508835185359999 ], [ -111.840271976452996, 40.508505892495592 ], [ -111.840201322159999, 40.508399745009605 ], [ -111.84005457517101, 40.508201392996284 ], [ -111.839858914915993, 40.508259246552697 ], [ -111.839765835978, 40.5082619717234 ], [ -111.839730285149997, 40.508271793948097 ], [ -111.839535146816004, 40.508329620806883 ], [ -111.839346517675011, 40.508385518143804 ], [ -111.839083814353003, 40.508463364948291 ], [ -111.839083838606996, 40.508471297970985 ], [ -111.838714072273007, 40.508581087766302 ], [ -111.838491498492004, 40.508647173832394 ], [ -111.838159628487006, 40.508745710994198 ], [ -111.838183898270998, 40.508650188577789 ], [ -111.838290147408998, 40.508232025574394 ], [ -111.838305303785006, 40.508172576503888 ], [ -111.838313959052996, 40.508138629292802 ], [ -111.838329769402009, 40.507791344708998 ], [ -111.838337229011998, 40.507625648184003 ], [ -111.837579647393, 40.507623472807786 ], [ -111.836306285478003, 40.507619813940906 ], [ -111.835288908384996, 40.507616885891096 ], [ -111.832484118335998, 40.5076109403172 ], [ -111.831635666737, 40.507609459558395 ] ] ] } },
{ "type": "Feature", "properties": { "precinct": "DRP004", "county": "Salt Lake", "CountyID": 18 }, "geometry": { "type": "Polygon", "coordinates": [ [ [ -111.878296288906014, 40.544332091950309 ], [ -111.878230545701996, 40.544332091267599 ], [ -111.877797545158998, 40.544332091267592 ], [ -111.877654544145003, 40.544333091324503 ], [ -111.877539546313997, 40.544332090585002 ], [ -111.877194544736, 40.544332089902397 ], [ -111.877079545108003, 40.544332091267599 ], [ -111.876544544458, 40.544332091267599 ], [ -111.874940543229002, 40.544333091324503 ], [ -111.874406544199999, 40.544334091381401 ], [ -111.874372543865007, 40.544334092063998 ], [ -111.874272545204008, 40.544334091381408 ], [ -111.874239543794999, 40.544335091438199 ], [ -111.874084543985006, 40.544334091381401 ], [ -111.873622544925993, 40.544331091210708 ], [ -111.873468544041003, 40.54433009115381 ], [ -111.873294543065995, 40.544330091153803 ], [ -111.87317754468701, 40.544328092405202 ], [ -111.872306542678999, 40.54431909257471 ], [ -111.872044322651007, 40.544316379791802 ], [ -111.872042644597997, 40.544316362043404 ], [ -111.872016543149002, 40.544316091720809 ], [ -111.871828544623995, 40.544316091720795 ], [ -111.871782542797007, 40.544317091777899 ], [ -111.871264541865003, 40.5443210920062 ], [ -111.871077544064008, 40.54432309143769 ], [ -111.871076420270995, 40.544272729502687 ], [ -111.871061543272006, 40.543606091767685 ], [ -111.871014544315003, 40.5414550917626 ], [ -111.870999542448999, 40.540739091540587 ], [ -111.871065480588015, 40.540692414010593 ], [ -111.871131414234995, 40.540645737813293 ], [ -111.871266998756994, 40.540648537444 ], [ -111.871480896609, 40.540659096986197 ], [ -111.87116668478798, 40.53874879695649 ], [ -111.871115730547999, 40.537735541406406 ], [ -111.871104434233004, 40.537014947771702 ], [ -111.871291318847, 40.537017809680499 ], [ -111.871308985114993, 40.537017909355711 ], [ -111.871816351790997, 40.537020711868806 ], [ -111.871843250943996, 40.537020861381698 ], [ -111.871891038621996, 40.537021124906701 ], [ -111.872225876661005, 40.537022977774001 ], [ -111.872229108799999, 40.537022994841692 ], [ -111.872773452827005, 40.537023287723095 ], [ -111.872774894623021, 40.537023288405791 ], [ -111.872982705490998, 40.537023400369797 ], [ -111.872992191701002, 40.537023405148688 ], [ -111.873114612310999, 40.537023472053995 ], [ -111.873133585627997, 40.537023482294593 ], [ -111.873980954757997, 40.537027109517702 ], [ -111.874006073450005, 40.537028072134788 ], [ -111.874031115785002, 40.537028708417793 ], [ -111.874056232680019, 40.53702901085699 ], [ -111.875081694610998, 40.537031388725907 ], [ -111.875255349734999, 40.537031786744102 ], [ -111.875305648205, 40.537031902121605 ], [ -111.875841347744995, 40.537033128946192 ], [ -111.878272999184006, 40.537038648632702 ], [ -111.879776123198994, 40.537030331212591 ], [ -111.880366999958994, 40.537025012241294 ], [ -111.881028074667995, 40.537026872618299 ], [ -111.881596658836003, 40.537028487220695 ], [ -111.88166861389, 40.537028692032798 ], [ -111.881783488652005, 40.537029017684091 ], [ -111.88177654467502, 40.537029090051099 ], [ -111.881775544850001, 40.537326089516299 ], [ -111.881773545200005, 40.53821809040079 ], [ -111.881773545200005, 40.5382720908705 ], [ -111.881773545200005, 40.538516090882993 ], [ -111.881772544477002, 40.538723090275091 ], [ -111.881771544652011, 40.539345090206695 ], [ -111.881771545550009, 40.539553089896202 ], [ -111.881769545899999, 40.53970709035309 ], [ -111.881768544278998, 40.539944090426701 ], [ -111.881759544955997, 40.540058089947301 ], [ -111.881748545085998, 40.540129090287301 ], [ -111.881735544667009, 40.540168089480609 ], [ -111.881691544285999, 40.540317089987695 ], [ -111.881649544453012, 40.540466090163399 ], [ -111.881577546279999, 40.540723089770182 ], [ -111.881495546263992, 40.540904090460792 ], [ -111.881404545129001, 40.541031090411884 ], [ -111.881290545325996, 40.5413110902009 ], [ -111.881285545303001, 40.541337090799701 ], [ -111.881254546239006, 40.541514090118099 ], [ -111.881262544839004, 40.5416720898668 ], [ -111.881294545524, 40.54182808973691 ], [ -111.881352545249996, 40.542011090355501 ], [ -111.881503545761007, 40.542268090861313 ], [ -111.881671545991011, 40.542552090592203 ], [ -111.881726545343994, 40.542818091103783 ], [ -111.881738545938006, 40.542902090219499 ], [ -111.881748546881994, 40.542964091628498 ], [ -111.881752777049002, 40.543573318209091 ], [ -111.881755546554999, 40.543972090298901 ], [ -111.881758226228996, 40.544291097114204 ], [ -111.881758546029999, 40.544329091096898 ], [ -111.881441429055997, 40.54432909177951 ], [ -111.881212545508006, 40.544329091779503 ], [ -111.879577545215994, 40.544331091210708 ], [ -111.879032545418013, 40.544332091267606 ], [ -111.878900544274998, 40.544332091267606 ], [ -111.878505545162994, 40.544332090585002 ], [ -111.878374545642004, 40.544332091267592 ], [ -111.878296288906014, 40.544332091950309 ] ] ] } },
{ "type": "Feature", "properties": { "precinct": "25DR01", "county": "Utah", "CountyID": 25 }, "geometry": { "type": "Polygon", "coordinates": [ [ [ -111.868302819728996, 40.472416683172597 ], [ -111.866538815972007, 40.471384451592499 ], [ -111.866538712665999, 40.471384390772002 ], [ -111.862934756187997, 40.469275304083901 ], [ -111.862925234944001, 40.469269732347399 ], [ -111.862924826211, 40.469269673575297 ], [ -111.861132114094005, 40.4700418518334 ], [ -111.860480336948001, 40.470322582768397 ], [ -111.860451364482998, 40.4703350614028 ], [ -111.860447342726005, 40.470333030378796 ], [ -111.860438808729995, 40.470328718894599 ], [ -111.860425100439002, 40.470321796190603 ], [ -111.858590210623007, 40.469385093781 ], [ -111.858419482209996, 40.469332156544098 ], [ -111.858429716716003, 40.469324487468398 ], [ -111.858591721588994, 40.469203090845099 ], [ -111.858603853337002, 40.469185010187303 ], [ -111.858721221821995, 40.469010090831297 ], [ -111.858791722503994, 40.468861091751499 ], [ -111.858816221359007, 40.468735091574501 ], [ -111.858808221860997, 40.468621091047901 ], [ -111.858797220194006, 40.468538590501197 ], [ -111.858797162700995, 40.468538208478101 ], [ -111.858781477218002, 40.468433798532402 ], [ -111.858781220300003, 40.468432090701697 ], [ -111.858709221227997, 40.468306091770103 ], [ -111.858628221038003, 40.468177091756601 ], [ -111.858448220214001, 40.4679200908162 ], [ -111.858381220267006, 40.467817091155197 ], [ -111.858243721435002, 40.467643090844803 ], [ -111.858097720047994, 40.467498591754598 ], [ -111.858089761873003, 40.467492229159397 ], [ -111.858056230458004, 40.467465423559801 ], [ -111.857933220552994, 40.467367090252701 ], [ -111.857904099867, 40.467348468518097 ], [ -111.857789504481005, 40.467275190493403 ], [ -111.857786221138994, 40.467273090351704 ], [ -111.857786301089007, 40.467273054814001 ], [ -111.857929222151995, 40.4672100908533 ], [ -111.858183220799006, 40.467198090714398 ], [ -111.858184079588, 40.467198093448097 ], [ -111.858437647941997, 40.467198590976501 ], [ -111.858437720704998, 40.467198590293101 ], [ -111.85843774496, 40.467198566373497 ], [ -111.858591221227996, 40.467046092185797 ], [ -111.858591318245999, 40.4670460183765 ], [ -111.858746219241993, 40.466929090624802 ], [ -111.858746292004994, 40.466929044835503 ], [ -111.858999220757994, 40.466766090434902 ], [ -111.859281221689002, 40.466526091812703 ], [ -111.859393219146995, 40.466409091396002 ], [ -111.859463221263994, 40.466289090529102 ], [ -111.859505220198002, 40.466161091281698 ], [ -111.859658221257007, 40.465847089894901 ], [ -111.859742220024998, 40.465642090071498 ], [ -111.859783220931007, 40.465415090493799 ], [ -111.859781222178995, 40.4650270895809 ], [ -111.859822220390996, 40.464854090119502 ], [ -111.859826583507996, 40.464831656130698 ], [ -111.859855212816001, 40.464684413116103 ], [ -111.859864221121995, 40.4646380906484 ], [ -111.859952453649001, 40.464524081800697 ], [ -111.860039618978007, 40.464524074966199 ], [ -111.860126272266996, 40.464524070182101 ], [ -111.860164434495999, 40.464524064714503 ], [ -111.860192747598006, 40.464524058563498 ], [ -111.863217997692004, 40.464524191152002 ], [ -111.867635748766006, 40.464524365430499 ], [ -111.867636780929999, 40.464524366113899 ], [ -111.867782009764994, 40.464524369531198 ], [ -111.872638312072993, 40.464524357229102 ], [ -111.872611846805995, 40.469403269376897 ], [ -111.872599543480007, 40.471670259157698 ], [ -111.872599308120996, 40.471706365143703 ], [ -111.872599294647003, 40.471709082232003 ], [ -111.872599040422998, 40.471746964963998 ], [ -111.872599035034, 40.4717479756711 ], [ -111.872599146425003, 40.471747958586803 ], [ -111.872599306325, 40.471747957220003 ], [ -111.872679986714999, 40.471747292982499 ], [ -111.872796040965, 40.471746337628602 ], [ -111.882616332023005, 40.471665056641299 ], [ -111.882616388616995, 40.471665057324699 ], [ -111.882623315526004, 40.471664999921302 ], [ -111.882745316623001, 40.471663988529698 ], [ -111.882835777870994, 40.471663239553102 ], [ -111.882835040353996, 40.471664057550299 ], [ -111.882711511221999, 40.4718011419832 ], [ -111.880615861140001, 40.4730867828493 ], [ -111.875891583332006, 40.475161730582599 ], [ -111.873276774390007, 40.4770600088846 ], [ -111.873276071907, 40.477060517956403 ], [ -111.873141084764001, 40.477158510444298 ], [ -111.872182466473006, 40.476617022040003 ], [ -111.872145331916002, 40.476613226184298 ], [ -111.872144896232996, 40.476613180401699 ], [ -111.870530756617995, 40.4764481803943 ], [ -111.870527666414006, 40.476447864015199 ], [ -111.870253849134997, 40.476419872322602 ], [ -111.869303659737, 40.475111367932399 ], [ -111.869302107447993, 40.475109231135598 ], [ -111.869291284545, 40.475094325489003 ], [ -111.869283275165998, 40.475083297782099 ], [ -111.868986959582003, 40.474675230352702 ], [ -111.868338123520005, 40.472533237137199 ], [ -111.868337387799997, 40.472530809828598 ], [ -111.868302819728996, 40.472416683172597 ] ] ] } },
{ "type": "Feature", "properties": { "precinct": "25DR02", "county": "Utah", "CountyID": 25 }, "geometry": { "type": "Polygon", "coordinates": [ [ [ -111.837564111928998, 40.460642327822299 ], [ -111.837565125227997, 40.460842626189901 ], [ -111.838194990668001, 40.460840765066003 ], [ -111.847684651395994, 40.460812308250397 ], [ -111.849855450042995, 40.460805689399102 ], [ -111.849856077965001, 40.4645078151147 ], [ -111.853802880963002, 40.464524251978602 ], [ -111.860037912178996, 40.464449943653101 ], [ -111.860194712213001, 40.464448070327101 ], [ -111.860196231263998, 40.464448077161599 ], [ -111.860196277707004, 40.4644480684318 ], [ -111.860126272266996, 40.464524070182101 ], [ -111.860039618978007, 40.464524074966199 ], [ -111.859952453649001, 40.464524081800697 ], [ -111.859864221121995, 40.4646380906484 ], [ -111.859855212816001, 40.464684413116103 ], [ -111.859826583507996, 40.464831656130698 ], [ -111.859822220390996, 40.464854090119502 ], [ -111.859781222178995, 40.4650270895809 ], [ -111.859783220931007, 40.465415090493799 ], [ -111.859742220024998, 40.465642090071498 ], [ -111.859658221257007, 40.465847089894901 ], [ -111.859505220198002, 40.466161091281698 ], [ -111.859463221263994, 40.466289090529102 ], [ -111.859393219146995, 40.466409091396002 ], [ -111.859281221689002, 40.466526091812703 ], [ -111.858999220757994, 40.466766090434902 ], [ -111.858746292004994, 40.466929044835503 ], [ -111.858746219241993, 40.466929090624802 ], [ -111.858591318245999, 40.4670460183765 ], [ -111.858591221227996, 40.467046092185797 ], [ -111.85843774496, 40.467198566373497 ], [ -111.858437720704998, 40.467198590293101 ], [ -111.858437647941997, 40.467198590976501 ], [ -111.858184079588, 40.467198093448097 ], [ -111.858183220799006, 40.467198090714398 ], [ -111.857929222151995, 40.4672100908533 ], [ -111.857786301089007, 40.467273054814001 ], [ -111.857786221138994, 40.467273090351704 ], [ -111.857789504481005, 40.467275190493403 ], [ -111.857904099867, 40.467348468518097 ], [ -111.857933220552994, 40.467367090252701 ], [ -111.858056230458004, 40.467465423559801 ], [ -111.858089761873003, 40.467492229159397 ], [ -111.858097720047994, 40.467498591754598 ], [ -111.858243721435002, 40.467643090844803 ], [ -111.858381220267006, 40.467817091155197 ], [ -111.858448220214001, 40.4679200908162 ], [ -111.858628221038003, 40.468177091756601 ], [ -111.858709221227997, 40.468306091770103 ], [ -111.858781220300003, 40.468432090701697 ], [ -111.858781477218002, 40.468433798532402 ], [ -111.858797162700995, 40.468538208478101 ], [ -111.858797220194006, 40.468538590501197 ], [ -111.858808221860997, 40.468621091047901 ], [ -111.858816221359007, 40.468735091574501 ], [ -111.858791722503994, 40.468861091751499 ], [ -111.858721221821995, 40.469010090831297 ], [ -111.858603853337002, 40.469185010187303 ], [ -111.858591721588994, 40.469203090845099 ], [ -111.858429716716003, 40.469324487468398 ], [ -111.858419482209996, 40.469332156544098 ], [ -111.858414170472003, 40.469333418094003 ], [ -111.858398133747002, 40.469327842945397 ], [ -111.858295204781996, 40.469292060294102 ], [ -111.858283974043999, 40.469295840845597 ], [ -111.858220078052, 40.469314778074398 ], [ -111.858154463700004, 40.469329937930702 ], [ -111.858087516203, 40.4693412314152 ], [ -111.858019628601994, 40.469348592227298 ], [ -111.857787853377005, 40.469366862825098 ], [ -111.857739615466002, 40.469371518869401 ], [ -111.857691914857995, 40.469378696051898 ], [ -111.857644978950006, 40.469388360156799 ], [ -111.857599031497003, 40.4694004651125 ], [ -111.857554291536005, 40.469414953211 ], [ -111.857510972352998, 40.469431755383397 ], [ -111.857469280456996, 40.469450791528899 ], [ -111.857429414601995, 40.469471970896798 ], [ -111.857391564836007, 40.469495192519098 ], [ -111.857355911596002, 40.469520345691798 ], [ -111.857322624847001, 40.469547310503103 ], [ -111.857291863274, 40.469575958404597 ], [ -111.857263773522007, 40.469606152824198 ], [ -111.857238489501, 40.469637749817601 ], [ -111.857216131745005, 40.469670598754099 ], [ -111.857196806836001, 40.4697045430351 ], [ -111.856821001129006, 40.470404495462098 ], [ -111.856807967186995, 40.470430646536101 ], [ -111.856796697009003, 40.470457267697903 ], [ -111.856787219718996, 40.470484290153102 ], [ -111.856779559808999, 40.470511644070299 ], [ -111.856773737072999, 40.470539258761697 ], [ -111.856769766558003, 40.470567062865598 ], [ -111.856767658524006, 40.470594984530997 ], [ -111.856767418418997, 40.470622951603097 ], [ -111.856773296994007, 40.470863163151201 ], [ -111.856771580312994, 40.470920125658203 ], [ -111.856771401548997, 40.470922239353499 ], [ -111.856766688088001, 40.470959951684499 ], [ -111.856766362, 40.470961912301398 ], [ -111.856759418148997, 40.470997123973198 ], [ -111.856750073784994, 40.471032012834797 ], [ -111.856738354255995, 40.471066484244801 ], [ -111.856724291353999, 40.471100444694301 ], [ -111.856707923225997, 40.4711338020605 ], [ -111.856689294272996, 40.471166465856903 ], [ -111.856668455030999, 40.471198347478399 ], [ -111.856645462028993, 40.471229360441797 ], [ -111.856620377639004, 40.471259420620399 ], [ -111.856593269908004, 40.471288446472002 ], [ -111.856564212368994, 40.471316359260598 ], [ -111.856533283846005, 40.471343083269304 ], [ -111.856500568238005, 40.471368546005998 ], [ -111.856466154291994, 40.471392678400299 ], [ -111.856430135362004, 40.471415414990403 ], [ -111.856392609154, 40.471436694100703 ], [ -111.856353677466004, 40.471456458009499 ], [ -111.856313445905997, 40.471474653105098 ], [ -111.856272023608994, 40.471491230031504 ], [ -111.856229522939998, 40.471506143822097 ], [ -111.856186059191003, 40.471519354022 ], [ -111.856141750261997, 40.471530824797 ], [ -111.856096716351004, 40.471540525031799 ], [ -111.856051079618993, 40.471548428413399 ], [ -111.856004963863995, 40.471554513503399 ], [ -111.855958494182005, 40.471558763795301 ], [ -111.855911796631005, 40.471561167759702 ], [ -111.855864997886002, 40.471561718875897 ], [ -111.855818224897007, 40.471560415648703 ], [ -111.855771604541999, 40.471557261613398 ], [ -111.855725263287994, 40.471552265325499 ], [ -111.855679326843998, 40.471545440337898 ], [ -111.854338838318995, 40.471316677100702 ], [ -111.854259023777999, 40.471304403753301 ], [ -111.854178655018003, 40.471294440867098 ], [ -111.854097847570003, 40.471286802764702 ], [ -111.854016717592998, 40.4712815004265 ], [ -111.853935381710997, 40.4712785414753 ], [ -111.853853956842997, 40.471277930164803 ], [ -111.853772560037996, 40.4712796673738 ], [ -111.853691308300995, 40.471283750604897 ], [ -111.853610318432004, 40.471290173988002 ], [ -111.853529706854005, 40.471298928289002 ], [ -111.853449589443002, 40.4713100009226 ], [ -111.853370081370002, 40.471323375970996 ], [ -111.853291296923999, 40.471339034206302 ], [ -111.853213349358995, 40.471356953118303 ], [ -111.853136350724, 40.471377106946903 ], [ -111.853060411702998, 40.471399466719298 ], [ -111.853059924815994, 40.471399619111999 ], [ -111.853035116043003, 40.471407478612399 ], [ -111.853034562679994, 40.471407654923297 ], [ -111.852897203984995, 40.471451686149699 ], [ -111.852852362603997, 40.471464730696802 ], [ -111.852806473243007, 40.471475460758498 ], [ -111.852755832756998, 40.4714844196318 ], [ -111.852704471121996, 40.471490559033697 ], [ -111.852652659219999, 40.471493846585602 ], [ -111.852600670309002, 40.471494264949101 ], [ -111.852548778582005, 40.471491811918 ], [ -111.852497257717005, 40.471486500429201 ], [ -111.852446379438007, 40.471478358495098 ], [ -111.852396412079003, 40.4714674290556 ], [ -111.85212948937, 40.471400995430102 ], [ -111.852076787282002, 40.4713891803233 ], [ -111.852023303508005, 40.471379611546503 ], [ -111.851969203357996, 40.471372318676401 ], [ -111.851914654045999, 40.4713673242548 ], [ -111.851859824176998, 40.471364643719198 ], [ -111.851804883222002, 40.471364285355101 ], [ -111.851750000994002, 40.471366250270002 ], [ -111.851695347125002, 40.471370532390701 ], [ -111.851641090542998, 40.471377118481101 ], [ -111.851587398947004, 40.471385988184203 ], [ -111.851534438287999, 40.471397114083999 ], [ -111.851482372259994, 40.471410461791002 ], [ -111.851431361791995, 40.471425990048303 ], [ -111.851381564548007, 40.471443650858802 ], [ -111.851333134444005, 40.471463389634103 ], [ -111.851286221170994, 40.471485145362799 ], [ -111.851240969729005, 40.471508850799403 ], [ -111.851197519985007, 40.471534432672001 ], [ -111.851156006234007, 40.471561811908899 ], [ -111.851116556790004, 40.471590903882898 ], [ -111.851079293583993, 40.471621618672998 ], [ -111.851044331791002, 40.471653861342404 ], [ -111.851011779474007, 40.471687532231897 ], [ -111.850981737244993, 40.471722527267801 ], [ -111.850954297960996, 40.471758738283803 ], [ -111.850929546432994, 40.471796053355398 ], [ -111.850907559164, 40.471834357145802 ], [ -111.850888404111998, 40.471873531262197 ], [ -111.850872140484, 40.471913454621898 ], [ -111.850858818546996, 40.471954003826902 ], [ -111.850848479478998, 40.471995053544802 ], [ -111.850841155233994, 40.472036476896299 ], [ -111.850841083369005, 40.472036960038103 ], [ -111.850836470920001, 40.4720817104891 ], [ -111.850835351680999, 40.472126590182398 ], [ -111.850837729584995, 40.472171441457903 ], [ -111.850843596277997, 40.472216106755397 ], [ -111.850852931150001, 40.472260429168401 ], [ -111.850865701409006, 40.4723042529954 ], [ -111.850881862194001, 40.472347424286397 ], [ -111.850901356731001, 40.472389791384302 ], [ -111.851127770809995, 40.472838391910201 ], [ -111.851147510982997, 40.472878694194399 ], [ -111.851162922754995, 40.4729200743825 ], [ -111.851173906113999, 40.472962263946499 ], [ -111.851180389787004, 40.473004989106698 ], [ -111.851182331700002, 40.473047972608299 ], [ -111.851179719252002, 40.473090935520602 ], [ -111.851172569395004, 40.473133599047003 ], [ -111.851160928525999, 40.473175686334301 ], [ -111.851146552786005, 40.473213115173301 ], [ -111.851133737531001, 40.473240065478997 ], [ -111.851119029933997, 40.473266450689202 ], [ -111.851102472820997, 40.4732921939787 ], [ -111.851084114399995, 40.4733172203916 ], [ -111.851064008124993, 40.473341457059199 ], [ -111.851042212541003, 40.473364833412397 ], [ -111.851018791108999, 40.473387281387303 ], [ -111.850993812026005, 40.473408735623003 ], [ -111.850967348023005, 40.473429133652097 ], [ -111.850939476156, 40.473448416082597 ], [ -111.850910277579004, 40.4734665267708 ], [ -111.850879837308995, 40.473483412984798 ], [ -111.850848243981005, 40.4734990255578 ], [ -111.850815589582993, 40.473513319031703 ], [ -111.850781969196007, 40.473526251788897 ], [ -111.850747480712997, 40.4735377861739 ], [ -111.850524769488999, 40.473612862783703 ], [ -111.850468127444003, 40.473632904182701 ], [ -111.850414065926998, 40.4736567152869 ], [ -111.850363017392993, 40.4736841056203 ], [ -111.850315390194993, 40.473714856075397 ], [ -111.850271565314998, 40.473748720665903 ], [ -111.850231893322004, 40.473785428494601 ], [ -111.850196691565003, 40.473824685920299 ], [ -111.850166241631001, 40.473866178907201 ], [ -111.850140787098994, 40.4739095755371 ], [ -111.850120531586995, 40.473954528664201 ], [ -111.850105637124997, 40.474000678692498 ], [ -111.850096222858994, 40.474047656452399 ], [ -111.850092364095005, 40.474095086153703 ], [ -111.850094091700001, 40.4741425883918 ], [ -111.850101391856995, 40.474189783182801 ], [ -111.850114206167007, 40.474236293002598 ], [ -111.850138386118999, 40.474317685679701 ], [ -111.850138832582005, 40.474319187673601 ], [ -111.850188559722994, 40.4744865757337 ], [ -111.850198740230994, 40.474515758545301 ], [ -111.850206680861007, 40.474545341021901 ], [ -111.850212354931998, 40.474575223769399 ], [ -111.850215743381, 40.4746053063853 ], [ -111.850216834822007, 40.474635487795503 ], [ -111.850215625589001, 40.474665666594099 ], [ -111.850212119744, 40.474695741384103 ], [ -111.850206329065998, 40.474725611118302 ], [ -111.850198273013007, 40.474755175438403 ], [ -111.850187978649998, 40.474784335012401 ], [ -111.850175480564999, 40.474812991868397 ], [ -111.850160820751995, 40.474841049723501 ], [ -111.850144048464003, 40.4748684143077 ], [ -111.850125220055006, 40.474894993680202 ], [ -111.850104398786002, 40.474920698538803 ], [ -111.850081654613007, 40.4749454425192 ], [ -111.850057063955006, 40.474969142485897 ], [ -111.850030709432005, 40.474991718811197 ], [ -111.850002679593004, 40.475013095642403 ], [ -111.849973068615, 40.475033201157402 ], [ -111.849941975985999, 40.4750519678052 ], [ -111.849909506174995, 40.475069332533302 ], [ -111.849875768274998, 40.475085236999703 ], [ -111.849840875640993, 40.475099627768202 ], [ -111.849804945510002, 40.475112456488702 ], [ -111.849768098601004, 40.475123680059198 ], [ -111.849730458715001, 40.475133260770697 ], [ -111.849692152317999, 40.4751411664339 ], [ -111.849653308114995, 40.475147370487299 ], [ -111.849614056617, 40.475151852086597 ], [ -111.849574529704, 40.475154596174498 ], [ -111.849534860182004, 40.475155593531397 ], [ -111.849503557488006, 40.475157164523601 ], [ -111.849461363619, 40.4751592815023 ], [ -111.849179501926997, 40.475173423163596 ], [ -111.848671548652007, 40.475198901379997 ], [ -111.848644212916994, 40.475200534554901 ], [ -111.848562637672998, 40.475208833902201 ], [ -111.848482236731996, 40.475222210845402 ], [ -111.848403555332993, 40.475240574665797 ], [ -111.848327127052997, 40.475263800825402 ], [ -111.848253470190002, 40.475291731810898 ], [ -111.848183084248006, 40.475324178202797 ], [ -111.848116446549, 40.475360919959797 ], [ -111.848054008996002, 40.475401707910898 ], [ -111.848034165211004, 40.475416155655097 ], [ -111.847199549463994, 40.476039225416798 ], [ -111.847198964661004, 40.4760396641135 ], [ -111.84688336584, 40.476275265018799 ], [ -111.846870185757993, 40.476285033844 ], [ -111.846796788280002, 40.476335940284301 ], [ -111.846719790866004, 40.476383670646598 ], [ -111.846639430712997, 40.476428077899797 ], [ -111.846555955379003, 40.476469025250204 ], [ -111.846469622016002, 40.476506386561901 ], [ -111.846380696584006, 40.476540046746102 ], [ -111.846289453023999, 40.476569902115003 ], [ -111.846196172421998, 40.476595860701501 ], [ -111.846101142137002, 40.476617842542503 ], [ -111.846004654919, 40.476635779924599 ], [ -111.845907008004005, 40.476649617593402 ], [ -111.845808502205003, 40.476659312923204 ], [ -111.845709440977004, 40.476664836048499 ], [ -111.845610129487, 40.476666169955699 ], [ -111.845510873673007, 40.476663310535798 ], [ -111.845411979304004, 40.476656266597203 ], [ -111.845393762368005, 40.476654491326698 ], [ -111.844917683115, 40.476606794070499 ], [ -111.844823984583996, 40.476598639866403 ], [ -111.844729975172996, 40.476592919201998 ], [ -111.844635764084998, 40.476589638723198 ], [ -111.844541460751998, 40.476588802240798 ], [ -111.844447174715995, 40.476590410726402 ], [ -111.844353015498996, 40.476594462311702 ], [ -111.844259092475994, 40.4766009522898 ], [ -111.844165514745001, 40.476609873121298 ], [ -111.844057020883994, 40.476623326182803 ], [ -111.843949314664002, 40.476640044938499 ], [ -111.843842565898996, 40.476660003026403 ], [ -111.843736942896001, 40.4766831689765 ], [ -111.843589144879004, 40.476305393530701 ], [ -111.843575041329004, 40.476272264535098 ], [ -111.843545282460994, 40.476215734305597 ], [ -111.843509199896005, 40.476161376656897 ], [ -111.843467064723995, 40.4761095999866 ], [ -111.843419193507998, 40.476060793301897 ], [ -111.843389428730006, 40.476034393602703 ], [ -111.843382710230003, 40.476028642028503 ], [ -111.843374470881997, 40.4760212634488 ], [ -111.843373953452002, 40.476020791268901 ], [ -111.843352997002995, 40.476000263597797 ], [ -111.843333753576005, 40.475978787285797 ], [ -111.843316297178006, 40.475956444926098 ], [ -111.843300694942997, 40.475933322442401 ], [ -111.843294243241999, 40.475922596221601 ], [ -111.843280222673997, 40.475895969328697 ], [ -111.843268623156007, 40.475868676780898 ], [ -111.843259498753, 40.4758408457865 ], [ -111.843252891993004, 40.475812606063499 ], [ -111.843249324783002, 40.4757887585072 ], [ -111.843247432032996, 40.475761089072101 ], [ -111.843247728476996, 40.475737074764702 ], [ -111.843250314808998, 40.475709429529502 ], [ -111.843255290117, 40.475681973986397 ], [ -111.843262632776003, 40.475654827460701 ], [ -111.843272310874994, 40.475628107934703 ], [ -111.843275421740003, 40.4756207764609 ], [ -111.843276147579004, 40.475619077696301 ], [ -111.843277909175995, 40.475614950367898 ], [ -111.843294139454997, 40.4755699245435 ], [ -111.843305488352996, 40.475524041795602 ], [ -111.843311688377995, 40.475479853498904 ], [ -111.843313365680004, 40.4754354325203 ], [ -111.843311876273006, 40.475404782917003 ], [ -111.843306525906996, 40.475363980991098 ], [ -111.843299511111994, 40.4753317018193 ], [ -111.843290083143998, 40.475299780261899 ], [ -111.843271114318995, 40.475251973392801 ], [ -111.843265236641997, 40.475239665139398 ], [ -111.843249954851998, 40.475211126665897 ], [ -111.843232672713, 40.475183256382699 ], [ -111.843217385182996, 40.475161413514201 ], [ -111.843083123878998, 40.4749791036975 ], [ -111.843082327971999, 40.474978024705202 ], [ -111.842949822874004, 40.474798099933501 ], [ -111.842945826269002, 40.474792687190401 ], [ -111.842911763950994, 40.474749346279502 ], [ -111.842910529665005, 40.474747863428703 ], [ -111.842854519040003, 40.474685413215802 ], [ -111.842792877625001, 40.474626111504399 ], [ -111.842725910210007, 40.474570251524803 ], [ -111.842653947922003, 40.474518109489303 ], [ -111.842577346582004, 40.474469943226602 ], [ -111.842496484950004, 40.474425990906802 ], [ -111.842411762853004, 40.474386469863703 ], [ -111.842323599205002, 40.474351575519798 ], [ -111.842153253473995, 40.474289739566501 ], [ -111.842132901596003, 40.474324602586101 ], [ -111.842110339491001, 40.474358669333299 ], [ -111.842085620822999, 40.474391858785303 ], [ -111.842058804382006, 40.474424092005499 ], [ -111.842029953947005, 40.474455292332003 ], [ -111.841999138136998, 40.474485385559397 ], [ -111.841966430244995, 40.474514300115501 ], [ -111.841931908061994, 40.474541967231701 ], [ -111.841895653696, 40.474568321105998 ], [ -111.841857753374001, 40.474593299059997 ], [ -111.841818297238007, 40.474616841687798 ], [ -111.841777379131997, 40.474638892997 ], [ -111.841735096373995, 40.4746594005425 ], [ -111.841691549529003, 40.474678315550598 ], [ -111.841646842169993, 40.474695593035001 ], [ -111.841601080627996, 40.474711191904497 ], [ -111.841557632120001, 40.474724143748503 ], [ -111.841513452667002, 40.474735575583203 ], [ -111.841430961393996, 40.474752497177903 ], [ -111.841346901421005, 40.474764122851099 ], [ -111.841306118804994, 40.4747678046934 ], [ -111.841223024073997, 40.474771419411503 ], [ -111.841139818187997, 40.474769880000501 ], [ -111.841134822656997, 40.474769651081203 ], [ -111.840686077341005, 40.474749072259598 ], [ -111.840654270691999, 40.474748109431602 ], [ -111.840577136028003, 40.474749472527499 ], [ -111.840500471761004, 40.474756084754702 ], [ -111.840424893960005, 40.474767892976097 ], [ -111.840351009966994, 40.474784802298601 ], [ -111.840279413507005, 40.474806676836202 ], [ -111.840210679926997, 40.474833340801403 ], [ -111.840145361566002, 40.474864579918503 ], [ -111.840083983319005, 40.474900143145298 ], [ -111.840078729072999, 40.474903503810403 ], [ -111.840059512311996, 40.474916263129501 ], [ -111.840017488225001, 40.474880134269199 ], [ -111.839997610303996, 40.474863045299898 ], [ -111.839707502077999, 40.474613630450698 ], [ -111.839688592540995, 40.474597372358602 ], [ -111.839488239486997, 40.474731866405499 ], [ -111.839488155045004, 40.474731922439503 ], [ -111.839469537461, 40.474744420754902 ], [ -111.839195088666997, 40.474463570953198 ], [ -111.839147436633993, 40.474414806122802 ], [ -111.839142523747995, 40.474417605786201 ], [ -111.838475471649005, 40.474797735712798 ], [ -111.838448505676993, 40.474812179674601 ], [ -111.838420447142994, 40.4748253645446 ], [ -111.838383455200002, 40.474840197725698 ], [ -111.838345083335, 40.474852840737803 ], [ -111.838305555242997, 40.4748632198785 ], [ -111.838265101355006, 40.474871274642702 ], [ -111.838223957501, 40.474876958075299 ], [ -111.838182363534003, 40.474880237044601 ], [ -111.838140561928995, 40.4748810924361 ], [ -111.838098796371995, 40.474879519263197 ], [ -111.838038624519996, 40.4748729004314 ], [ -111.837881363525995, 40.474851601574898 ], [ -111.83772300727, 40.4748356764009 ], [ -111.837563872914004, 40.474825156809203 ], [ -111.837404279181996, 40.474820063871498 ], [ -111.837311170248, 40.474819602305899 ], [ -111.837218077171002, 40.474820988506899 ], [ -111.837125063309998, 40.474824221530902 ], [ -111.837032191971005, 40.474829299177401 ], [ -111.836939526362997, 40.474836217989903 ], [ -111.836847129554002, 40.474844973259003 ], [ -111.836755064429994, 40.474855559025002 ], [ -111.836663393650994, 40.474867968082499 ], [ -111.836328285218997, 40.474916770167503 ], [ -111.836327940266003, 40.474916821417999 ], [ -111.836239830807997, 40.474929652485201 ], [ -111.836268216673005, 40.475058956596598 ], [ -111.836268293030002, 40.4750593467827 ], [ -111.836284768167005, 40.475154710657499 ], [ -111.836297558633007, 40.475250400993602 ], [ -111.836306653416997, 40.4753463354266 ], [ -111.836312044693003, 40.475442431382803 ], [ -111.836313727817995, 40.475538606149698 ], [ -111.836311701346006, 40.475634776947103 ], [ -111.836305967019001, 40.475730860998901 ], [ -111.836296529774003, 40.475826775603799 ], [ -111.836292230436996, 40.475891459626602 ], [ -111.836293156170001, 40.475935978291901 ], [ -111.836297236530996, 40.475980394178301 ], [ -111.836304459648005, 40.476024578033297 ], [ -111.836314804500006, 40.476068401279797 ], [ -111.836328240982994, 40.476111736390401 ], [ -111.836344729996, 40.476154457258303 ], [ -111.836364223554995, 40.476196439564497 ], [ -111.836386664933002, 40.476237561139598 ], [ -111.836421064120003, 40.476290806579399 ], [ -111.836440598883996, 40.476319849963602 ], [ -111.836469096095001, 40.4763682580544 ], [ -111.836493440729001, 40.4764179602399 ], [ -111.836513531948995, 40.476468750649303 ], [ -111.836529286537996, 40.476520418905103 ], [ -111.836540639237995, 40.476572750993903 ], [ -111.836547543026995, 40.4766255301532 ], [ -111.836549969309004, 40.476678537769402 ], [ -111.836547908035001, 40.4767315542829 ], [ -111.836544424368, 40.476764094029299 ], [ -111.836531821476001, 40.476850382089403 ], [ -111.836516948541004, 40.476936460665101 ], [ -111.836499811533997, 40.477022295206197 ], [ -111.836480417334002, 40.4771078512603 ], [ -111.836458773724004, 40.477193094486999 ], [ -111.836434889393999, 40.477277990671801 ], [ -111.836408773928, 40.477362505739201 ], [ -111.836380437811997, 40.477446605767298 ], [ -111.836327143461006, 40.477588662476201 ], [ -111.836310016018004, 40.477628084292803 ], [ -111.836290295466, 40.477666798526101 ], [ -111.836290004412007, 40.477667325359398 ], [ -111.836261001910998, 40.4777157106018 ], [ -111.836227937576993, 40.477762564204802 ], [ -111.836190950456, 40.477807689137599 ], [ -111.836150196090003, 40.4778508956393 ], [ -111.836105845866001, 40.477892002017001 ], [ -111.836058086288006, 40.477930835409403 ], [ -111.836007118202005, 40.477967232513897 ], [ -111.835953155943002, 40.478001040273398 ], [ -111.835947503743995, 40.478004321519499 ], [ -111.835823256858006, 40.478078498685697 ], [ -111.835704919570006, 40.478153550964798 ], [ -111.835589496034999, 40.478231184230403 ], [ -111.835477083515002, 40.478311333055103 ], [ -111.835367776737002, 40.478393929892 ], [ -111.835261667807998, 40.478478905131098 ], [ -111.835158846143003, 40.4785661871584 ], [ -111.835059398384004, 40.478655702416098 ], [ -111.834963408332996, 40.4787473754646 ], [ -111.834868589357995, 40.478843609410198 ], [ -111.834807015538999, 40.478911931400802 ], [ -111.834750457297005, 40.478982717654503 ], [ -111.834699084663001, 40.479055755358601 ], [ -111.83465305208, 40.479130824932398 ], [ -111.834652987401995, 40.4791309349432 ], [ -111.834614495433996, 40.479203593746199 ], [ -111.834581000008001, 40.479277670710601 ], [ -111.834575120533998, 40.479292099855101 ], [ -111.834557468206, 40.479338913504201 ], [ -111.834541803736997, 40.479386134612398 ], [ -111.834528143323993, 40.4794337143543 ], [ -111.834516501091002, 40.479481603534097 ], [ -111.834506889075996, 40.479529752635997 ], [ -111.834499317216995, 40.479578111875597 ], [ -111.834493793343, 40.4796266312512 ], [ -111.834490323164999, 40.479675260595897 ], [ -111.834490101281006, 40.4796799636892 ], [ -111.834488917835998, 40.479744296882899 ], [ -111.834491330743006, 40.479808610129702 ], [ -111.834497335641004, 40.479872787165498 ], [ -111.834506921674006, 40.479936711972798 ], [ -111.834520071512998, 40.480000268990402 ], [ -111.834536761384996, 40.480063343322399 ], [ -111.834556961119006, 40.480125820945602 ], [ -111.834580634199, 40.480187588916003 ], [ -111.834607737827994, 40.480248535572798 ], [ -111.834638223010003, 40.480308550740197 ], [ -111.834672034632007, 40.480367525926397 ], [ -111.834709111573005, 40.480425354520101 ], [ -111.834749386804006, 40.480481931983 ], [ -111.834792787517003, 40.4805371560387 ], [ -111.834839235252005, 40.480590926857602 ], [ -111.834888646042998, 40.480643147237501 ], [ -111.834911006907006, 40.480667152957302 ], [ -111.834930208124007, 40.480690512506001 ], [ -111.834947669222004, 40.480714649153697 ], [ -111.834963336003, 40.480739487982397 ], [ -111.834977159839994, 40.480764951894699 ], [ -111.834989097825996, 40.480790961853302 ], [ -111.834999112906004, 40.4808174371258 ], [ -111.835007173994995, 40.480844295535803 ], [ -111.835013256072003, 40.480871453717903 ], [ -111.835017340259995, 40.480898827376002 ], [ -111.835019413881, 40.480926331545596 ], [ -111.835019470499006, 40.480953880857101 ], [ -111.835017509938993, 40.480981389800803 ], [ -111.835013538286006, 40.481008772992602 ], [ -111.835007567866995, 40.481035945438499 ], [ -111.834999617213995, 40.481062822799203 ], [ -111.834989711003999, 40.481089321650998 ], [ -111.834976534516002, 40.481118052751903 ], [ -111.834961609006996, 40.481145217771299 ], [ -111.834948679556007, 40.481166957568199 ], [ -111.834901906973997, 40.481245600543403 ], [ -111.834875624380999, 40.481296326375599 ], [ -111.834856078521, 40.481348783222998 ], [ -111.834851698335996, 40.481364262797797 ], [ -111.834844216611003, 40.481398101646398 ], [ -111.834839522569993, 40.481432229396802 ], [ -111.834805417132003, 40.481786090255497 ], [ -111.834790294892997, 40.481786252190403 ], [ -111.834790231111995, 40.481786252190403 ], [ -111.833332125268996, 40.481801536249201 ], [ -111.833332748700002, 40.481836074833801 ], [ -111.833330240603999, 40.481836078933497 ], [ -111.832626522867997, 40.481809215515497 ], [ -111.832029206984004, 40.481815714774498 ], [ -111.831947984010995, 40.481816287354299 ], [ -111.831947870823996, 40.481816288037599 ], [ -111.831897610981997, 40.481816642654501 ], [ -111.830616736455994, 40.481825676158799 ], [ -111.829819602014993, 40.481831290582598 ], [ -111.828909306799005, 40.4818376962317 ], [ -111.828906777143004, 40.481837642253403 ], [ -111.828904247487003, 40.481837584858802 ], [ -111.828901719628007, 40.481837524047798 ], [ -111.828899189073994, 40.481837462553599 ], [ -111.828896659418007, 40.481837400376101 ], [ -111.828894129762006, 40.481837332732503 ], [ -111.828891601004003, 40.481837264405598 ], [ -111.828889071348996, 40.481837194028799 ], [ -111.828886542590993, 40.481837121602297 ], [ -111.828884013833999, 40.481837045759399 ], [ -111.828881483279005, 40.481836969233299 ], [ -111.828878956317993, 40.481836889290697 ], [ -111.828876429358004, 40.4818368072985 ], [ -111.828873899702003, 40.481836723939601 ], [ -111.828871371842993, 40.481836636481198 ], [ -111.828868843983003, 40.481836548339402 ], [ -111.828866316124007, 40.481836458147903 ], [ -111.828863786468006, 40.481836365906602 ], [ -111.828861261303999, 40.481836269565598 ], [ -111.828858732547005, 40.481836171174798 ], [ -111.828856203789002, 40.481836071417497 ], [ -111.828853678624995, 40.481835969610401 ], [ -111.828851150765999, 40.481835866436803 ], [ -111.828848622007996, 40.481835759163502 ], [ -111.828846096844003, 40.4818356505236 ], [ -111.828843569883006, 40.481835539834002 ], [ -111.828841044718999, 40.481835426411401 ], [ -111.828838519553997, 40.481835310255597 ], [ -111.828835991695001, 40.481835192049999 ], [ -111.828833465632002, 40.481835072477899 ], [ -111.828830939569997, 40.481834950855998 ], [ -111.828828414406004, 40.4818348258177 ], [ -111.828825889241003, 40.481834700096101 ], [ -111.828823363178998, 40.481834570274998 ], [ -111.828820839811002, 40.481834439770601 ], [ -111.828818314646995, 40.481834306533102 ], [ -111.828815788583995, 40.4818341705625 ], [ -111.828813264318001, 40.481834032542103 ], [ -111.828810740950999, 40.481833893155198 ], [ -111.828808216685005, 40.481833751035197 ], [ -111.828805693316994, 40.481833604815598 ], [ -111.828803169950007, 40.4818334579127 ], [ -111.828800646581996, 40.481833308959999 ], [ -111.828798122316002, 40.481833157274203 ], [ -111.828795600744996, 40.481833003538704 ], [ -111.828793077377, 40.481832847753203 ], [ -111.828790555805995, 40.481832691967902 ], [ -111.828788033337005, 40.481832530033003 ], [ -111.828785510868002, 40.481832367415002 ], [ -111.828782990194995, 40.4818322027471 ], [ -111.828780469522002, 40.481832036029402 ], [ -111.828777947052998, 40.481831867261803 ], [ -111.828775426380005, 40.481831695078 ], [ -111.828772906606005, 40.481831522210904 ], [ -111.828770387730003, 40.481831345244103 ], [ -111.828767866158998, 40.481831167594102 ], [ -111.828765347282996, 40.481830986527797 ], [ -111.828762826610003, 40.481830804094898 ], [ -111.828760307734001, 40.481830618928903 ], [ -111.828757788857999, 40.4818304323964 ], [ -111.828755269981997, 40.4818302424476 ], [ -111.828752752003993, 40.4818300511321 ], [ -111.828750234026003, 40.481829857083703 ], [ -111.828747716048994, 40.481829662351899 ], [ -111.828745199867996, 40.481829462837297 ], [ -111.828742681890006, 40.481829263322602 ], [ -111.82874016481, 40.481829059708403 ], [ -111.828737648629001, 40.481828855410903 ], [ -111.828735132448003, 40.4818286470137 ], [ -111.828732616267004, 40.481828439983197 ], [ -111.828730101882996, 40.481828226119902 ], [ -111.828727587497994, 40.481828012256599 ], [ -111.828725070418997, 40.481827795660202 ], [ -111.828722556033995, 40.481827577697302 ], [ -111.828720042547999, 40.481827357684601 ], [ -111.828717527264999, 40.481827132889002 ], [ -111.828715015575995, 40.481826908776597 ], [ -111.828712501191006, 40.481826680564701 ], [ -111.828709987704997, 40.481826451669498 ], [ -111.828707475117, 40.481826219357899 ], [ -111.828704963427995, 40.481825984996497 ], [ -111.828702451737996, 40.481825749951902 ], [ -111.828699940049006, 40.481825511490896 ], [ -111.828697429257005, 40.481825270296802 ], [ -111.828694920263004, 40.4818250284195 ], [ -111.828692408573005, 40.481824782442501 ], [ -111.828689898679997, 40.481824535099001 ], [ -111.828687389685996, 40.481824285705699 ], [ -111.828684880691, 40.481824032896 ], [ -111.828682369899994, 40.481823780086401 ], [ -111.828679861804005, 40.481823523860399 ], [ -111.828677354606, 40.481823266267803 ], [ -111.828674846509998, 40.481823003892401 ], [ -111.828672339312007, 40.481822741517 ], [ -111.828669832114002, 40.481822475042001 ], [ -111.828667325813996, 40.481822209250197 ], [ -111.828664819514003, 40.481821937992201 ], [ -111.828662314113004, 40.481821666734298 ], [ -111.828659809610002, 40.4818213927432 ], [ -111.828657305107001, 40.481821116702399 ], [ -111.828654798806994, 40.481820838611803 ], [ -111.828652296998996, 40.481820557104797 ], [ -111.828649791597996, 40.481820273548003 ], [ -111.828647288892, 40.481819989991202 ], [ -111.828644787082993, 40.481819702334803 ], [ -111.828642284376997, 40.481819411262002 ], [ -111.828639782568999, 40.4818191201893 ], [ -111.828637280761001, 40.481818826383503 ], [ -111.828634778055005, 40.481818529844503 ], [ -111.828632280738006, 40.4818182305726 ], [ -111.828629780726999, 40.481817929934003 ], [ -111.828627279816999, 40.481817626562403 ], [ -111.828624780704004, 40.481817323190803 ], [ -111.828622283387006, 40.481817015036299 ], [ -111.828619784273997, 40.4818167048319 ], [ -111.828617286958007, 40.481816393261099 ], [ -111.828614789640994, 40.481816079640403 ], [ -111.828612293223003, 40.481815763286697 ], [ -111.828609797702995, 40.481815444883097 ], [ -111.828607301285004, 40.4818151230632 ], [ -111.828604806662995, 40.481814802609897 ], [ -111.828602312041994, 40.481814476007102 ], [ -111.828599817419999, 40.481814148037699 ], [ -111.828597324594995, 40.481813820068403 ], [ -111.828594830872007, 40.481813486632902 ], [ -111.828592338047002, 40.4818131525141 ], [ -111.828589845221998, 40.481812817028903 ], [ -111.828587354193999, 40.481812478127203 ], [ -111.828584863166, 40.481812138542303 ], [ -111.828582370340996, 40.481811794857798 ], [ -111.828579882905998, 40.481811449806699 ], [ -111.828577392775998, 40.481811102705798 ], [ -111.828574901747999, 40.481810752871802 ], [ -111.828572415210999, 40.481810402354597 ], [ -111.828569925978996, 40.481810047737703 ], [ -111.828567439443006, 40.4818096917543 ], [ -111.828564952007994, 40.481809332354601 ], [ -111.828562464572997, 40.481808973638103 ], [ -111.828559978933995, 40.481808611505201 ], [ -111.828557495091999, 40.481808244589502 ], [ -111.828555009454007, 40.481807878357003 ], [ -111.828552525611997, 40.4818075087083 ], [ -111.828550042668994, 40.481807136326402 ], [ -111.828547559724996, 40.481806763944498 ], [ -111.828545076782007, 40.481806387463003 ], [ -111.828542594737002, 40.481806009614999 ], [ -111.828540114488007, 40.481805629717101 ], [ -111.828537633341, 40.4818052464028 ], [ -111.828535153093, 40.481804862405397 ], [ -111.828532672844005, 40.481804475674799 ], [ -111.828530194392997, 40.481804085527898 ], [ -111.828527715042, 40.481803694697703 ], [ -111.828525239285, 40.481803301134498 ], [ -111.828522762630001, 40.481802904838098 ], [ -111.828520284177998, 40.481802508541797 ], [ -111.828517809320005, 40.481802106779298 ], [ -111.828515333563004, 40.481801704333499 ], [ -111.828512858704002, 40.481801299837898 ], [ -111.828510382049004, 40.481800893975802 ], [ -111.828507911681996, 40.481800484697303 ], [ -111.828505438619999, 40.481800074735602 ], [ -111.828502964660004, 40.4817996613574 ], [ -111.828500494292996, 40.4817992452463 ], [ -111.828498023926002, 40.4817988277686 ], [ -111.828495554457007, 40.481798407557697 ], [ -111.828493083192001, 40.481797985297199 ], [ -111.828490611926, 40.481797560986699 ], [ -111.828488146051001, 40.481797134626497 ], [ -111.828485677480003, 40.4817967055331 ], [ -111.828483210707006, 40.48179627439 ], [ -111.828480744830998, 40.481795842563599 ], [ -111.828478278955998, 40.481795405954301 ], [ -111.828475812182006, 40.481794968661802 ], [ -111.828473349899994, 40.481794528636101 ], [ -111.828470885821005, 40.481794087927199 ], [ -111.828468420844004, 40.481793644485201 ], [ -111.828465961256001, 40.481793196943599 ], [ -111.828463498974003, 40.481792750085198 ], [ -111.828461037590003, 40.481792298443999 ], [ -111.828458576206998, 40.4817918468027 ], [ -111.828456116618995, 40.481791391061897 ], [ -111.828453657929998, 40.4817909339545 ], [ -111.828451200139995, 40.481790474797201 ], [ -111.828448741450998, 40.481790013590199 ], [ -111.828446285457005, 40.481789548966802 ], [ -111.828443829462998, 40.481789083660097 ], [ -111.828441371672, 40.481788616986897 ], [ -111.828438919270994, 40.4817881462141 ], [ -111.828436465074006, 40.481787673391501 ], [ -111.828434011775002, 40.481787198519001 ], [ -111.828431558475998, 40.481786722279999 ], [ -111.828429106973999, 40.481786242624601 ], [ -111.828426655471006, 40.481785762969302 ], [ -111.828424206663996, 40.481785280580901 ], [ -111.828421756059996, 40.481784793409503 ], [ -111.828419307252005, 40.481784307604798 ], [ -111.828416858444996, 40.481783817017103 ], [ -111.828414411433997, 40.481783324379599 ], [ -111.828411965320996, 40.4817828303756 ], [ -111.828409520107002, 40.4817823343217 ], [ -111.828407073994995, 40.481781835534797 ], [ -111.828404628780007, 40.4817813360646 ], [ -111.828402185363004, 40.481780833178 ], [ -111.828399743741997, 40.481780326875104 ], [ -111.828397301223006, 40.4817798212555 ], [ -111.828394860499998, 40.481779312219501 ], [ -111.828392417980993, 40.481778799083898 ], [ -111.828389979055004, 40.481778285264902 ], [ -111.828387539231002, 40.481777770079503 ], [ -111.828385102100995, 40.481777252844303 ], [ -111.828382664971997, 40.481776732876 ], [ -111.828380226944006, 40.481776210174502 ], [ -111.828377789814994, 40.481775685423301 ], [ -111.828375355380004, 40.481775159305499 ], [ -111.828372922743, 40.481774631137903 ], [ -111.828370489205994, 40.481774100920497 ], [ -111.828368057467003, 40.481773566603501 ], [ -111.828365625727002, 40.481773031603197 ], [ -111.828363193089999, 40.481772493186497 ], [ -111.828360765842007, 40.481771954086597 ], [ -111.828358335898997, 40.481771412936901 ], [ -111.828355905058004, 40.481770868370802 ], [ -111.828353477809998, 40.481770323804703 ], [ -111.828351051460004, 40.481769774455699 ], [ -111.828348626009003, 40.481769225106703 ], [ -111.828346200558002, 40.481768670974802 ], [ -111.828343775106006, 40.481768117526201 ], [ -111.828341353249002, 40.481767559977897 ], [ -111.828338929593997, 40.481767001746398 ], [ -111.828336507735997, 40.481766440781797 ], [ -111.828334087673994, 40.481765877084101 ], [ -111.828331668510998, 40.481765312019803 ], [ -111.828329247552006, 40.481764744222502 ], [ -111.828326829286993, 40.481764175741901 ], [ -111.828324411921002, 40.481763603161703 ], [ -111.828321995452001, 40.481763029214903 ], [ -111.828319579883001, 40.481762453218401 ], [ -111.828317163414994, 40.481761875171998 ], [ -111.828314749640995, 40.481761295075799 ], [ -111.828312338562995, 40.481760712246498 ], [ -111.828309926586996, 40.481760127367302 ], [ -111.828307513712005, 40.481759540438397 ], [ -111.828305104430001, 40.481758951459703 ], [ -111.828302693352001, 40.4817583597479 ], [ -111.828300285867002, 40.481757768035997 ], [ -111.828297875686999, 40.481757172907898 ], [ -111.828295470897004, 40.481756574363303 ], [ -111.828293065208996, 40.4817559758188 ], [ -111.828290660419, 40.4817553731746 ], [ -111.828288255629005, 40.4817547698472 ], [ -111.828285854431996, 40.481754164469898 ], [ -111.828283450539999, 40.481753554309698 ], [ -111.828281048445007, 40.481752944832799 ], [ -111.828278649943002, 40.481752333989398 ], [ -111.828276249645, 40.481751717679799 ], [ -111.828273851142995, 40.4817511006869 ], [ -111.828271454437996, 40.4817504830107 ], [ -111.828269058630994, 40.481749861918203 ], [ -111.828266661925994, 40.481749238092597 ], [ -111.828264267017005, 40.481748613583697 ], [ -111.828261873905006, 40.481747986341801 ], [ -111.828259478996998, 40.481747357049997 ], [ -111.828257089478001, 40.481746725708398 ], [ -111.828254698162993, 40.481746092317003 ], [ -111.828252307745998, 40.481745456192499 ], [ -111.828249919125994, 40.4817448180182 ], [ -111.828247531404003, 40.481744177793999 ], [ -111.828245144579995, 40.481743535520103 ], [ -111.828242758654, 40.481742891196298 ], [ -111.828240374526004, 40.481742245505998 ], [ -111.828237990397, 40.481741595716102 ], [ -111.828235606267995, 40.481740945242898 ], [ -111.828233224833994, 40.481740292036598 ], [ -111.828230843401002, 40.481739638146998 ], [ -111.828228462864999, 40.481738980841101 ], [ -111.828226083228003, 40.481738321485302 ], [ -111.828223706285996, 40.481737661446303 ], [ -111.828221328444997, 40.4817369973076 ], [ -111.828218952401002, 40.481736332485703 ], [ -111.828216576356994, 40.481735665613897 ], [ -111.828214203906995, 40.481734995325802 ], [ -111.828211829658997, 40.481734322987897 ], [ -111.828209459904002, 40.481733649966699 ], [ -111.828207088350993, 40.481732974212399 ], [ -111.828204717697005, 40.481732295725003 ], [ -111.828202349738007, 40.481731615187798 ], [ -111.828199979084005, 40.481730933284098 ], [ -111.828197614717993, 40.481730249330496 ], [ -111.828195249453998, 40.481729562643899 ], [ -111.828192883292004, 40.4817288732241 ], [ -111.828190521620996, 40.4817281838043 ], [ -111.828188158152997, 40.481727490968197 ], [ -111.828185796482003, 40.481726795399098 ], [ -111.828183435710002, 40.481726098463298 ], [ -111.828181077631996, 40.481725400844297 ], [ -111.828178718656005, 40.481724699125699 ], [ -111.828176362375004, 40.4817239953572 ], [ -111.828174006094002, 40.481723288855598 ], [ -111.828171650711994, 40.481722583037303 ], [ -111.828169295329005, 40.481721873119398 ], [ -111.828166942641005, 40.481721161834898 ], [ -111.828164589953005, 40.481720449183896 ], [ -111.828162239961003, 40.481719731749997 ], [ -111.828159889069994, 40.481719014316099 ], [ -111.828157539974995, 40.481718294149097 ], [ -111.828155192677002, 40.481717573298702 ], [ -111.828152845378995, 40.481716847665602 ], [ -111.828150503470994, 40.481716122032402 ], [ -111.828148157970006, 40.4817153936661 ], [ -111.828145815164007, 40.481714663933197 ], [ -111.828143474154004, 40.481713930783997 ], [ -111.828141131348005, 40.481713196268302 ], [ -111.828138793033006, 40.481712461069201 ], [ -111.828136453819994, 40.481711722453902 ], [ -111.828134117302, 40.481710981105302 ], [ -111.828131781682998, 40.481710238390299 ], [ -111.828129445165004, 40.481709492942201 ], [ -111.828127111341004, 40.481708746810803 ], [ -111.828124777517999, 40.481707997263001 ], [ -111.828122445491999, 40.481707246348698 ], [ -111.828120115261996, 40.4817064933846 ], [ -111.828117785032006, 40.481705737687399 ], [ -111.828115457497006, 40.481704980623697 ], [ -111.828113129962006, 40.48170422151 ], [ -111.828110804223996, 40.4817034589801 ], [ -111.828108479383999, 40.4817026964501 ], [ -111.828106154544002, 40.481701931187096 ], [ -111.828103833297007, 40.481701163190898 ], [ -111.828101511151999, 40.481700393144997 ], [ -111.828099189905998, 40.481699621732503 ], [ -111.828096872252004, 40.481698848270099 ], [ -111.828094553701007, 40.4816980720747 ], [ -111.828092236046999, 40.481697293829498 ], [ -111.828089921987001, 40.481696514217703 ], [ -111.828087607027996, 40.481695732556098 ], [ -111.828085294765003, 40.481694948161397 ], [ -111.828082981603004, 40.481694163083397 ], [ -111.828080672035, 40.481693374589 ], [ -111.828078362466002, 40.4816925840449 ], [ -111.828076052897003, 40.4816917921341 ], [ -111.82807374782, 40.481690997490297 ], [ -111.828071441844997, 40.4816902014799 ], [ -111.828069135869995, 40.4816894027365 ], [ -111.828066831691004, 40.481688601943198 ], [ -111.828064532004007, 40.481687799783401 ], [ -111.828062229622006, 40.481686995573703 ], [ -111.828059929036002, 40.481686188631002 ], [ -111.828057630247002, 40.481685378955198 ], [ -111.828055333254994, 40.481684569279302 ], [ -111.828053037160998, 40.481683756870403 ], [ -111.828050741965995, 40.481682943778097 ], [ -111.828048449465001, 40.481682124536498 ], [ -111.828046156065994, 40.4816813059781 ], [ -111.828043865362005, 40.4816804853698 ], [ -111.828041575556995, 40.481679661345197 ], [ -111.828039284853006, 40.481678838003901 ], [ -111.828036996844006, 40.481678010562902 ], [ -111.828034714224998, 40.481677182438702 ], [ -111.828032427113996, 40.481676351581299 ], [ -111.828030144495003, 40.4816755173076 ], [ -111.828027862773993, 40.481674682350601 ], [ -111.828025581950996, 40.481673845343799 ], [ -111.828023301128994, 40.481673006970397 ], [ -111.828021023001, 40.481672166547298 ], [ -111.828018745771999, 40.481671322707697 ], [ -111.828016471238001, 40.481670477501602 ], [ -111.828014194906999, 40.481669630928998 ], [ -111.828011922168997, 40.481668781623199 ], [ -111.828009649432005, 40.481667930950898 ], [ -111.828007380287005, 40.481667076862202 ], [ -111.828005108447996, 40.481666222090297 ], [ -111.828002841998, 40.481665364585297 ], [ -111.828000576446996, 40.481664505030402 ], [ -111.827998308201003, 40.481663644792199 ], [ -111.827996045345003, 40.481662779771199 ], [ -111.827993782489003, 40.4816619161166 ], [ -111.827991523226004, 40.481661048362497 ], [ -111.827989260370003, 40.481660177875199 ], [ -111.827987001107005, 40.481659307388 ], [ -111.827984744538995, 40.481658433484299 ], [ -111.827982486173994, 40.481657558897403 ], [ -111.827980233199, 40.481656682260699 ], [ -111.827977979325993, 40.481655802207499 ], [ -111.827975726350999, 40.481654920787797 ], [ -111.827973475172996, 40.481654038001601 ], [ -111.827971226689996, 40.481653152482302 ], [ -111.827968977308998, 40.481652264913201 ], [ -111.827966727927006, 40.4816513766608 ], [ -111.827964484833998, 40.481650484308702 ], [ -111.827962240841998, 40.481649589906802 ], [ -111.827959999545996, 40.481648696188202 ], [ -111.827957756453003, 40.481647797686598 ], [ -111.827955516952002, 40.481646899185101 ], [ -111.827953277451996, 40.481645997267201 ], [ -111.827951040646994, 40.4816450953493 ], [ -111.827948807436002, 40.481644190698198 ], [ -111.827946570630999, 40.481643281947598 ], [ -111.827944336520005, 40.481642373196898 ], [ -111.827942106004002, 40.481641461713103 ], [ -111.827939874587997, 40.481640547496298 ], [ -111.827937644970007, 40.4816396332794 ], [ -111.827935418045996, 40.4816387163294 ], [ -111.827933191122995, 40.481637798696099 ], [ -111.827930967792, 40.4816368762799 ], [ -111.827928743564001, 40.4816359524972 ], [ -111.827926522029998, 40.4816350287145 ], [ -111.827924300495994, 40.481634101515297 ], [ -111.827922081658002, 40.481633172949699 ], [ -111.827919864616007, 40.481632240967599 ], [ -111.827917647573003, 40.481631308302298 ], [ -111.827915433225996, 40.481630373587201 ], [ -111.827913218879004, 40.481629436822203 ], [ -111.827911008125, 40.481628497324103 ], [ -111.827908795574999, 40.481627557826002 ], [ -111.827906586617004, 40.481626616278099 ], [ -111.827904379456996, 40.481625669947299 ], [ -111.827902173194005, 40.481624723616399 ], [ -111.827899968729, 40.481623774552503 ], [ -111.827897765160998, 40.481622824805299 ], [ -111.827895563390001, 40.481621872325 ], [ -111.827893360721006, 40.4816209177948 ], [ -111.827891162544006, 40.481619961214797 ], [ -111.827888966163002, 40.481619002584999 ], [ -111.827886768883999, 40.4816180425886 ], [ -111.827884574300001, 40.481617079859198 ], [ -111.827882381511998, 40.481616115079902 ], [ -111.827880188723995, 40.481615148933997 ], [ -111.827877999530003, 40.481614182104899 ], [ -111.827875810335996, 40.481613213225899 ], [ -111.827873622040002, 40.481612240247301 ], [ -111.827871436438997, 40.481611266585404 ], [ -111.827869252634002, 40.481610290873697 ], [ -111.827867069728001, 40.481609311745601 ], [ -111.827864887719997, 40.481608332617498 ], [ -111.827862708406997, 40.481607350756299 ], [ -111.827860529993004, 40.481606367528499 ], [ -111.827858353375007, 40.481605382250997 ], [ -111.827856177654994, 40.481604394923501 ], [ -111.827854003732, 40.481603406229603 ], [ -111.827851829809006, 40.481602414802502 ], [ -111.827849660378007, 40.481601419958999 ], [ -111.827847490945999, 40.481600425798803 ], [ -111.827845322412998, 40.481599428905497 ], [ -111.827843156575, 40.481598429962403 ], [ -111.827840990737002, 40.4815974282862 ], [ -111.827838826695, 40.481596425926703 ], [ -111.827836667144993, 40.481595421517298 ], [ -111.827834504901006, 40.481594414374896 ], [ -111.827832348046002, 40.481593406549102 ], [ -111.827830190292005, 40.481592395990297 ], [ -111.827828035234006, 40.481591384064899 ], [ -111.827825880175993, 40.481590368039797 ], [ -111.827823727812003, 40.481589352014801 ], [ -111.827821577245004, 40.481588333256603 ], [ -111.827819427576998, 40.481587313815197 ], [ -111.827817278807004, 40.481586291640703 ], [ -111.827815131833006, 40.481585268782801 ], [ -111.827812988453005, 40.481584242508603 ], [ -111.827810845073003, 40.481583214867797 ], [ -111.827808703488998, 40.481582185177203 ], [ -111.827806561905007, 40.481581152753598 ], [ -111.827804424812996, 40.481580120329802 ], [ -111.827802286823001, 40.481579085173003 ], [ -111.827800151527001, 40.481578047966302 ], [ -111.827798018926998, 40.481577009393099 ], [ -111.827795886326001, 40.481575968086801 ], [ -111.827793755523004, 40.481574924730701 ], [ -111.827791625616996, 40.481573880008 ], [ -111.827789498407, 40.481572833235397 ], [ -111.827787373890999, 40.481571784413099 ], [ -111.827785248476999, 40.4815707342241 ], [ -111.827783126656001, 40.481569681985299 ], [ -111.827781006631994, 40.481568628380003 ], [ -111.827778885710003, 40.481567572724799 ], [ -111.827776768381, 40.4815665150199 ], [ -111.827774651949994, 40.481565455264999 ], [ -111.827772538214006, 40.481564392093901 ], [ -111.827770423580006, 40.481563329605898 ], [ -111.827768312539007, 40.481562263701598 ], [ -111.827766201497994, 40.481561195747503 ], [ -111.827764094949003, 40.4815601264267 ], [ -111.827761988399004, 40.481559057105997 ], [ -111.827759883647005, 40.481557981635802 ], [ -111.827757777995998, 40.481556907532102 ], [ -111.827755677734004, 40.481555830695399 ], [ -111.827753579269995, 40.481554753175303 ], [ -111.827751480805006, 40.481553672922097 ], [ -111.827749382340997, 40.481552590619103 ], [ -111.827747289266, 40.4815515062663 ], [ -111.827745197089996, 40.481550420546903 ], [ -111.827743104914006, 40.481549332094403 ], [ -111.827741013636, 40.481548242275302 ], [ -111.827738925052998, 40.4815471510897 ], [ -111.827736837367993, 40.481546057854203 ], [ -111.827734753276005, 40.481544961885596 ], [ -111.827732669184996, 40.481543865233697 ], [ -111.827730587789006, 40.481542765848801 ], [ -111.827728508188997, 40.481541665097303 ], [ -111.827726428589003, 40.481540562295898 ], [ -111.827724353479994, 40.481539458127997 ], [ -111.827722278371994, 40.481538351910203 ], [ -111.827720205060004, 40.481537245692401 ], [ -111.827718133545005, 40.481536134008401 ], [ -111.827716062030007, 40.481535023007702 ], [ -111.827713995905, 40.481533908590599 ], [ -111.827711928881996, 40.481532792806902 ], [ -111.827709864553, 40.481531675656697 ], [ -111.827707800224999, 40.481530557139898 ], [ -111.827705739489005, 40.481529436573297 ], [ -111.827703678754006, 40.481528312590299 ], [ -111.827701620713995, 40.481527188607302 ], [ -111.827699567164998, 40.481526061891103 ], [ -111.827697508225995, 40.481524933125201 ], [ -111.827695457372997, 40.481523803675898 ], [ -111.827693406519003, 40.4815226708102 ], [ -111.827691357462001, 40.481521537944602 ], [ -111.827689309302997, 40.481520403029101 ], [ -111.827687263838996, 40.481519263330597 ], [ -111.827685219272993, 40.481518124998701 ], [ -111.827683174708, 40.481516984617002 ], [ -111.827681135532004, 40.481515842868703 ], [ -111.827679096355993, 40.4815146970207 ], [ -111.827677058977002, 40.481513551172803 ], [ -111.827675022497004, 40.481512401908397 ], [ -111.827672989608999, 40.481511252643998 ], [ -111.827670956722002, 40.481510099280001 ], [ -111.827668927426998, 40.481508946599199 ], [ -111.827666898133003, 40.4815077905021 ], [ -111.827664872431995, 40.481506633721601 ], [ -111.827662846731002, 40.4815054755746 ], [ -111.827660823724997, 40.481504313327903 ], [ -111.827658802515998, 40.481503150397899 ], [ -111.827656783102995, 40.4815019867847 ], [ -111.827654764588999, 40.481500819754999 ], [ -111.827652749666996, 40.481499651358803 ], [ -111.827650734746001, 40.481498482279299 ], [ -111.827648720723005, 40.481497311149901 ], [ -111.827646711192003, 40.481496137970801 ], [ -111.827644701661001, 40.481494962058498 ], [ -111.827642693925995, 40.481493784096401 ], [ -111.827640688886007, 40.481492606134204 ], [ -111.827638684744997, 40.481491425438897 ], [ -111.827636683299005, 40.481490243377202 ], [ -111.827634681852004, 40.481489058582198 ], [ -111.827632683998999, 40.481487873787202 ], [ -111.827630689738996, 40.481486686259103 ], [ -111.827628694580994, 40.481485496681202 ], [ -111.827626701219003, 40.481484305053499 ], [ -111.827624711450994, 40.481483112059202 ], [ -111.827622720784007, 40.481481917015003 ], [ -111.827620733711001, 40.481480721287603 ], [ -111.827618748434006, 40.481479523510302 ], [ -111.827616763156996, 40.481478322316597 ], [ -111.827614783269993, 40.481477119756299 ], [ -111.827612804281998, 40.4814759171961 ], [ -111.827610824394995, 40.481474712585999 ], [ -111.827608849, 40.481473505242697 ], [ -111.827606871808001, 40.481472295849699 ], [ -111.827604900005994, 40.4814710857733 ], [ -111.827602930897996, 40.481469872280599 ], [ -111.827600959994996, 40.481468659471098 ], [ -111.827598993582995, 40.481467443928501 ], [ -111.82759702717, 40.481466226336103 ], [ -111.827595067944998, 40.481465007376997 ], [ -111.827593104228001, 40.481463786368202 ], [ -111.827591143204998, 40.481462562626199 ], [ -111.827589186674999, 40.481461338884202 ], [ -111.827587229246006, 40.481460112409103 ], [ -111.827585276308, 40.481458885934003 ], [ -111.827583323371002, 40.4814576546759 ], [ -111.82758137223, 40.481456422734503 ], [ -111.827579424682, 40.481455190793199 ], [ -111.827577478931005, 40.481453956118699 ], [ -111.827575534079003, 40.481452718711097 ], [ -111.827573591022997, 40.481451479936901 ], [ -111.827571648865003, 40.481450239796096 ], [ -111.827569710301006, 40.481448998972098 ], [ -111.827567773533005, 40.481447755414997 ], [ -111.827565837663997, 40.481446509807903 ], [ -111.827563903590999, 40.481445262834299 ], [ -111.827561972213005, 40.481444013811 ], [ -111.827560044427997, 40.481442764787502 ], [ -111.827558115746001, 40.481441513030902 ], [ -111.827556189757999, 40.481440257857997 ], [ -111.827554265565993, 40.481439002685001 ], [ -111.827552343172002, 40.481437745462202 ], [ -111.827550422572997, 40.481436486872902 ], [ -111.827548503771993, 40.4814352255503 ], [ -111.827546589462003, 40.481433963544603 ], [ -111.827544675151998, 40.481432700172199 ], [ -111.827542763536997, 40.481431433383399 ], [ -111.827540851921995, 40.4814301672779 ], [ -111.827538943901004, 40.481428897072703 ], [ -111.827537037675995, 40.481427626184299 ], [ -111.827535131451, 40.481426355295802 ], [ -111.827533229717005, 40.481425079624401 ], [ -111.827531327984005, 40.4814238039529 ], [ -111.827529430742004, 40.481422526231597 ], [ -111.827527532602005, 40.4814212471437 ], [ -111.827525637156, 40.481419967372602 ], [ -111.827523745304006, 40.481418683501701 ], [ -111.827521853451998, 40.4814173996308 ], [ -111.827519964295007, 40.481416113026903 ], [ -111.827518078731998, 40.4814148271062 ], [ -111.827516191371004, 40.481413537769001 ], [ -111.827514309400996, 40.481412245698799 ], [ -111.827512428329001, 40.481410953628597 ], [ -111.827510549053002, 40.4814096588251 ], [ -111.827508672472007, 40.481408361972001 ], [ -111.827506795892006, 40.481407065118702 ], [ -111.827504922903998, 40.481405766215602 ], [ -111.827503051714004, 40.4814044652626 ], [ -111.827501181420999, 40.481403162259902 ], [ -111.827499313824006, 40.481401857890503 ], [ -111.827497448920994, 40.481400551471303 ], [ -111.827495584917003, 40.481399245735297 ], [ -111.827493723608001, 40.481397934533099 ], [ -111.827491864992993, 40.481396624697503 ], [ -111.827490008175999, 40.481395312811998 ], [ -111.827488152255995, 40.481393998193397 ], [ -111.827486298134005, 40.481392681524902 ], [ -111.827484446705995, 40.481391363489799 ], [ -111.827482597973002, 40.481390044771501 ], [ -111.827480750137994, 40.481388723320002 ], [ -111.827478905896996, 40.481387401868503 ], [ -111.827477061655998, 40.481386077683901 ], [ -111.827475220108994, 40.481384752132698 ], [ -111.827473381258002, 40.481383425898301 ], [ -111.827471544202993, 40.481382095564101 ], [ -111.827469708945003, 40.4813807652299 ], [ -111.827467875484004, 40.481379433529199 ], [ -111.827466042021996, 40.481378099095302 ], [ -111.827464214849002, 40.481376763978098 ], [ -111.827462385879002, 40.481375426811098 ], [ -111.827460562298995, 40.481374087594197 ], [ -111.827458739617001, 40.481372749743898 ], [ -111.827456917833999, 40.481371405060699 ], [ -111.827455098745006, 40.481370063110703 ], [ -111.827453281453998, 40.481368717061002 ], [ -111.827451466856999, 40.481367371011302 ], [ -111.827449654055997, 40.481366021545099 ], [ -111.827447843951006, 40.481364672762197 ], [ -111.827446033846002, 40.481363320562899 ], [ -111.827444228231997, 40.481361966997099 ], [ -111.827442422618006, 40.4813606134312 ], [ -111.827440621495995, 40.481359255765597 ], [ -111.827438818576994, 40.4813578974167 ], [ -111.827437021947006, 40.481356538384503 ], [ -111.827435224417997, 40.481355177302497 ], [ -111.827433429584005, 40.481353814853897 ], [ -111.827431637445002, 40.481352451038703 ], [ -111.827429847103005, 40.481351083807098 ], [ -111.827428059455002, 40.4813497158923 ], [ -111.827426274502997, 40.481348347294102 ], [ -111.827424490449005, 40.481346976646101 ], [ -111.827422707292996, 40.4813456053148 ], [ -111.827420928628996, 40.481344230566997 ], [ -111.827419151761006, 40.4813428558192 ], [ -111.827417375791995, 40.4813414776551 ], [ -111.827415601618995, 40.481340100174201 ], [ -111.827413831040005, 40.481338719276899 ], [ -111.827412061358004, 40.481337336329801 ], [ -111.827410293474003, 40.481335953382597 ], [ -111.827408530979, 40.4813345697521 ], [ -111.827406767585998, 40.4813331833885 ], [ -111.827405006888, 40.481331794974999 ], [ -111.827403246190997, 40.481330405878197 ], [ -111.827401490881996, 40.481329014048299 ], [ -111.827399735574005, 40.4813276208518 ], [ -111.827397982961003, 40.4813262262888 ], [ -111.827396233043004, 40.4813248310424 ], [ -111.827394484921996, 40.481323434429498 ], [ -111.827392738596998, 40.4813220344002 ], [ -111.827390994967004, 40.481320634370803 ], [ -111.827389253133006, 40.481319232291597 ], [ -111.827387513995006, 40.481317829528997 ], [ -111.827385776653003, 40.481316424033402 ], [ -111.827384040210006, 40.481315017171099 ], [ -111.827382308257995, 40.481313608942301 ], [ -111.827380577203996, 40.481312200030203 ], [ -111.827378847947003, 40.481310789068303 ], [ -111.827377120487, 40.481309375373201 ], [ -111.827375396619999, 40.481307960994798 ], [ -111.827373674550003, 40.4813065445665 ], [ -111.827371953378005, 40.481305128138203 ], [ -111.827370235798995, 40.481303708293602 ], [ -111.827368519117996, 40.481302289132103 ], [ -111.827366805132996, 40.481300865870999 ], [ -111.827365094740003, 40.481299443293203 ], [ -111.827363384348004, 40.481298016615597 ], [ -111.827361677549007, 40.481296591304599 ], [ -111.827359972547001, 40.481295163943699 ], [ -111.827358270239003, 40.481293733849697 ], [ -111.827356568829998, 40.481292303755602 ], [ -111.827354870115997, 40.481290869561903 ], [ -111.827353174994997, 40.481289436051398 ], [ -111.827351479873997, 40.481288000491098 ], [ -111.827349789245005, 40.481286563564197 ], [ -111.827348097717007, 40.481285125270702 ], [ -111.827346409783004, 40.481283685610599 ], [ -111.827344726340002, 40.4812822432174 ], [ -111.827343041999001, 40.4812807994576 ], [ -111.827341360351994, 40.4812793550145 ], [ -111.827339681401, 40.481277909888099 ], [ -111.827338006042993, 40.481276462711897 ], [ -111.827336330685, 40.4812750134857 ], [ -111.827334658021996, 40.481273563576302 ], [ -111.827332988053996, 40.481272110250501 ], [ -111.827331320780999, 40.481270657607901 ], [ -111.827329653508002, 40.481269202915499 ], [ -111.827327992522996, 40.481267745489902 ], [ -111.827326330638996, 40.481266288064297 ], [ -111.827324670552997, 40.481264828588898 ], [ -111.827323014957997, 40.481263367746799 ], [ -111.827321361158994, 40.481261905538197 ], [ -111.827319707360999, 40.481260441279801 ], [ -111.827318058054004, 40.481258977021199 ], [ -111.827316410544, 40.4812575100296 ], [ -111.827314765728005, 40.481256041671401 ], [ -111.827313121811002, 40.4812545719466 ], [ -111.827311480589003, 40.4812531015384 ], [ -111.827309842061993, 40.481251627713903 ], [ -111.827308205332002, 40.481250153889398 ], [ -111.827306569499996, 40.481248678698201 ], [ -111.827304939057001, 40.481247201457201 ], [ -111.827303308615001, 40.4812457228497 ], [ -111.827301681766002, 40.4812442449253 ], [ -111.827300054019005, 40.481242762901303 ], [ -111.827298432559999, 40.481241279510698 ], [ -111.827296811999005, 40.481239796803301 ], [ -111.827295191437997, 40.481238309312999 ], [ -111.827293577166003, 40.481236824555801 ], [ -111.827291962893, 40.481235335015597 ], [ -111.827290350417002, 40.481233844792001 ], [ -111.827288741535, 40.481232353885197 ], [ -111.827287135347007, 40.481230861611799 ], [ -111.827285529158999, 40.481229366605199 ], [ -111.827283927463, 40.481227870915397 ], [ -111.827282326664999, 40.481226374542203 ], [ -111.827280728562002, 40.4812248761192 ], [ -111.827279131357997, 40.481223375646401 ], [ -111.827277536848001, 40.481221876539998 ], [ -111.827275946829999, 40.481220371284103 ], [ -111.827274356811998, 40.481218868761303 ], [ -111.827272770386998, 40.4812173628221 ], [ -111.827271187555993, 40.481215856199498 ], [ -111.827269605622007, 40.481214347527199 ], [ -111.827268022791003, 40.481212837488201 ], [ -111.827266448044, 40.481211326765902 ], [ -111.827264872398999, 40.481209813993701 ], [ -111.827263299449001, 40.4812083012215 ], [ -111.827261726499003, 40.481206786399497 ], [ -111.827260158041, 40.481205269527599 ], [ -111.827258594073996, 40.4812037499225 ], [ -111.827257029207999, 40.481202231684001 ], [ -111.827255467935998, 40.481200711395701 ], [ -111.827253908461003, 40.481199188374099 ], [ -111.827252352578995, 40.481197665352603 ], [ -111.827250797594999, 40.481196140281199 ], [ -111.827249246205, 40.481194611793299 ], [ -111.827247697508994, 40.481193086038502 ], [ -111.827246149711996, 40.4811915561841 ], [ -111.827244604610001, 40.481190025646299 ], [ -111.827243062202001, 40.481188494425297 ], [ -111.827241521592001, 40.481186960471 ], [ -111.827239982777996, 40.481185426516802 ], [ -111.827238445760003, 40.481183889829403 ], [ -111.827236913234003, 40.481182353142003 ], [ -111.827235381606997, 40.481180814404702 ], [ -111.827233852673999, 40.481179276350602 ], [ -111.827232327334997, 40.481177732830403 ], [ -111.827230802893993, 40.481176189993299 ], [ -111.827229281148007, 40.4811746457897 ], [ -111.827227762096001, 40.481173100902801 ], [ -111.827226243943997, 40.481171553282699 ], [ -111.827224730281998, 40.481170006345799 ], [ -111.827223217519006, 40.481168456675803 ], [ -111.827221706553004, 40.4811669070058 ], [ -111.827220200976996, 40.481165353919401 ], [ -111.827218694501994, 40.481163800149602 ], [ -111.827217189823998, 40.481162245013302 ], [ -111.827215692332004, 40.4811606891937 ], [ -111.827214193941998, 40.481159131324198 ], [ -111.827212696450999, 40.481157572771302 ], [ -111.827211203451, 40.481156013535198 ], [ -111.827209713146004, 40.481154450882599 ], [ -111.827208223739007, 40.481152886863498 ], [ -111.827206739722001, 40.481151324210899 ], [ -111.827205253909, 40.481149759508398 ], [ -111.827203772586998, 40.481148192756002 ], [ -111.827202293959999, 40.481146623953798 ], [ -111.827200816230999, 40.4811450544683 ], [ -111.827199341197002, 40.481143483616201 ], [ -111.827197869757001, 40.481141912080702 ], [ -111.827196400112996, 40.4811403384954 ], [ -111.827194934961, 40.4811387655934 ], [ -111.827193468909996, 40.481137187908303 ], [ -111.827192006453004, 40.481135610906499 ], [ -111.827190546691, 40.481134032538101 ], [ -111.827189087826994, 40.481132454852997 ], [ -111.827187632556004, 40.481130872384803 ], [ -111.827186180878996, 40.481129289233401 ], [ -111.827184731895997, 40.4811277067652 ], [ -111.827183282015, 40.481126121563904 ], [ -111.827181837523995, 40.4811245356792 ], [ -111.827180394829995, 40.4811229463782 ], [ -111.827178953932005, 40.481121359810203 ], [ -111.827177514831007, 40.481119768459202 ], [ -111.827176078424998, 40.4811181764249 ], [ -111.827174645612004, 40.481116584390598 ], [ -111.827173213696994, 40.481114990306402 ], [ -111.827171785375995, 40.481113394855598 ], [ -111.827170360647997, 40.481111798038299 ], [ -111.827168936817998, 40.481110201904102 ], [ -111.827167514785003, 40.481108602353501 ], [ -111.827166098142001, 40.481107001436399 ], [ -111.827164681498999, 40.481105400519198 ], [ -111.827163268448999, 40.481103797552201 ], [ -111.827161854501, 40.481102193901798 ], [ -111.827160445941999, 40.4811005888848 ], [ -111.827159039180998, 40.4810989811347 ], [ -111.827157635114006, 40.4810973740679 ], [ -111.827156233742002, 40.4810957649511 ], [ -111.827154834167004, 40.481094155150998 ], [ -111.827153437286, 40.481092544667703 ], [ -111.827152043999007, 40.481090930767898 ], [ -111.827150650711999, 40.481089316868101 ], [ -111.827149260119995, 40.481087701601602 ], [ -111.82714787402, 40.481086086335203 ], [ -111.827146488818002, 40.481084468335602 ], [ -111.827145109005002, 40.481082850335902 ], [ -111.827143729192997, 40.481081229603099 ], [ -111.827142351177997, 40.481079606820501 ], [ -111.827140976755004, 40.481077985404298 ], [ -111.827139605027995, 40.481076360571699 ], [ -111.827138235096996, 40.4810747371057 ], [ -111.827136867861, 40.4810731109065 ], [ -111.827135501523003, 40.481071483340699 ], [ -111.827134139677995, 40.481069853725003 ], [ -111.827132780526, 40.481068224792601 ], [ -111.827131423172005, 40.481066593126997 ], [ -111.827130068513, 40.481064961461399 ], [ -111.827128716548003, 40.481063329112402 ], [ -111.827127365481999, 40.481061694713702 ], [ -111.827126018008997, 40.481060055531898 ], [ -111.827124674128996, 40.481058421133 ], [ -111.827123330250004, 40.481056782634397 ], [ -111.827121989963004, 40.4810551427692 ], [ -111.827120655067006, 40.481053502220703 ], [ -111.827119320169999, 40.481051860305598 ], [ -111.827117987969004, 40.4810502177072 ], [ -111.827116655767, 40.481048575108701 ], [ -111.827115329853996, 40.481046927727299 ], [ -111.827114004839004, 40.481045282395698 ], [ -111.827112681619994, 40.481043634330902 ], [ -111.827111361096996, 40.481041984899498 ], [ -111.827110044167, 40.481040336151402 ], [ -111.827108729930998, 40.481038684669997 ], [ -111.827107417492996, 40.481037032505398 ], [ -111.827106106851005, 40.481035378290997 ], [ -111.827104800699999, 40.481033724076397 ], [ -111.827103495448, 40.481032068495303 ], [ -111.827102193789003, 40.4810304108643 ], [ -111.827100893028998, 40.481028753916497 ], [ -111.827099596759993, 40.481027093552299 ], [ -111.827098302287993, 40.481025432504801 ], [ -111.827097009612004, 40.481023772823796 ], [ -111.827095718733005, 40.481022109043103 ], [ -111.827094433244, 40.481020445262402 ], [ -111.827093146856001, 40.481018780798301 ], [ -111.827091866757002, 40.481017114967599 ], [ -111.827090587556, 40.481015445720601 ], [ -111.827089310152004, 40.481013777156697 ], [ -111.826899262569995, 40.4807236179185 ], [ -111.826532542422996, 40.480163711592297 ], [ -111.826342425671996, 40.479829765543798 ], [ -111.826065458900004, 40.479584834459203 ], [ -111.825742443587998, 40.479322479832199 ], [ -111.825373866624005, 40.4791300603233 ], [ -111.824959107270999, 40.478920999203801 ], [ -111.824636683050002, 40.478781486507998 ], [ -111.824304316276994, 40.478662392624798 ], [ -111.824269517339005, 40.4786499237374 ], [ -111.824199264593005, 40.478624750216703 ], [ -111.823830625644007, 40.4784327175079 ], [ -111.823615953444005, 40.478253696441101 ], [ -111.823599888871996, 40.478240300231903 ], [ -111.823345916277006, 40.477995299800497 ], [ -111.823138400055996, 40.477778966090398 ], [ -111.822938045205007, 40.477435292138203 ], [ -111.822789873489, 40.477198681945303 ], [ -111.822790069321996, 40.477196225422702 ], [ -111.822692444010002, 40.477022439376398 ], [ -111.822653979945997, 40.476946942237902 ], [ -111.822622366434004, 40.476869613717497 ], [ -111.822597750799005, 40.476790815285597 ], [ -111.822580248921994, 40.476710917296998 ], [ -111.822569940753993, 40.476630291475203 ], [ -111.822566876601002, 40.476549315695202 ], [ -111.822571069038005, 40.476468369883797 ], [ -111.822582498304001, 40.476387832603002 ], [ -111.822636575087003, 40.476150581174402 ], [ -111.822897941715993, 40.475246234734797 ], [ -111.822999991230006, 40.474940352214396 ], [ -111.823047639669994, 40.474803228406401 ], [ -111.823085163197007, 40.474713552166797 ], [ -111.823163821479994, 40.474568438247502 ], [ -111.823335075407996, 40.474307152587599 ], [ -111.823406996326, 40.474196305599499 ], [ -111.82367754194, 40.473776675944201 ], [ -111.823769958819994, 40.473623619441 ], [ -111.823827727679003, 40.473520395503897 ], [ -111.823877790789993, 40.473414849368098 ], [ -111.823919990049006, 40.473307318600597 ], [ -111.823954188013005, 40.473198141453501 ], [ -111.823980282275997, 40.473087667114903 ], [ -111.823998183903001, 40.472976246141798 ], [ -111.824007840792007, 40.472864231826897 ], [ -111.824010153954006, 40.472749938997403 ], [ -111.824005851921996, 40.472635679458001 ], [ -111.823994941883001, 40.472521677352503 ], [ -111.823977444497999, 40.472408154775799 ], [ -111.823953395698993, 40.472295333140998 ], [ -111.823928837555997, 40.472208464924698 ], [ -111.823896294288005, 40.472106246096999 ], [ -111.823856877111993, 40.472005449205099 ], [ -111.823810690231994, 40.471906343503399 ], [ -111.823757856716, 40.471809192780597 ], [ -111.823698519399002, 40.4717142587768 ], [ -111.823632834584998, 40.471621792982802 ], [ -111.823296063371998, 40.471166957391198 ], [ -111.822764953323997, 40.470465013326802 ], [ -111.822521930294002, 40.470136372701397 ], [ -111.822471074869, 40.470061840966203 ], [ -111.822426907402004, 40.469984861929198 ], [ -111.822389629113999, 40.469905785478197 ], [ -111.822359409788007, 40.469824972436399 ], [ -111.822336385068994, 40.469742787729103 ], [ -111.822320662755004, 40.469659605850602 ], [ -111.822312311117003, 40.469575804030598 ], [ -111.822318525662993, 40.469430890860799 ], [ -111.822372276357996, 40.4691251431314 ], [ -111.822480756012993, 40.4687217672736 ], [ -111.822513370248004, 40.468623787758901 ], [ -111.822851198777997, 40.468104926542402 ], [ -111.823111736262007, 40.467826006946197 ], [ -111.823130737426993, 40.4678030894109 ], [ -111.824096523375005, 40.466638232881898 ], [ -111.824348292403002, 40.466426935652201 ], [ -111.824531538840006, 40.466303574405302 ], [ -111.824977952129004, 40.466070251921998 ], [ -111.825009797405002, 40.4660536083572 ], [ -111.825566096212995, 40.465762847971 ], [ -111.825627637097995, 40.465730681515403 ], [ -111.825952418498005, 40.465560926081203 ], [ -111.826010356240005, 40.4655306423927 ], [ -111.826199547727001, 40.465431755403401 ], [ -111.826388193937007, 40.465333152578303 ], [ -111.826823691797003, 40.465103787255899 ], [ -111.828451012391994, 40.464239273095799 ], [ -111.828457126326001, 40.4642369008467 ], [ -111.828463233072995, 40.464234516295498 ], [ -111.828469329040999, 40.464232120125502 ], [ -111.828475418720004, 40.464229709603103 ], [ -111.828481494924006, 40.464227288145402 ], [ -111.828487569331998, 40.4642248523352 ], [ -111.828493631163994, 40.464222404222802 ], [ -111.828499684910994, 40.464219945175202 ], [ -111.828505730572004, 40.464217471091501 ], [ -111.828511766353003, 40.464214987439597 ], [ -111.828517792252001, 40.464212488068199 ], [ -111.828523811861999, 40.464209978444998 ], [ -111.828529820693007, 40.464207455836203 ], [ -111.828535822337997, 40.464204920241798 ], [ -111.828541812303996, 40.464202371661699 ], [ -111.828547796880997, 40.464199812829797 ], [ -111.828553767982001, 40.464197239645401 ], [ -111.828559732795995, 40.464194655525702 ], [ -111.828565686828995, 40.464192057053502 ], [ -111.828571633677001, 40.464189448329499 ], [ -111.828577569743999, 40.464186825936402 ], [ -111.828583497726996, 40.464184191924502 ], [ -111.828589413133002, 40.464181545610501 ], [ -111.828595323149003, 40.464178886994297 ], [ -111.828601220588993, 40.4641762147089 ], [ -111.828607109046004, 40.464173532855298 ], [ -111.828612987621, 40.464170836648996 ], [ -111.828618859008998, 40.464168128824099 ], [ -111.828624720516999, 40.4641654086969 ], [ -111.828630569447, 40.464162676267598 ], [ -111.828636408497005, 40.464159932219403 ], [ -111.828642242155993, 40.464157177919503 ], [ -111.828648063239001, 40.464154407216697 ], [ -111.828653875339, 40.464151626945402 ], [ -111.828659676659001, 40.464148835738897 ], [ -111.828665468995993, 40.464146030179698 ], [ -111.828671248757004, 40.464143213685297 ], [ -111.828677021331004, 40.464140384888701 ], [ -111.828682781327998, 40.464137544473303 ], [ -111.828688533241007, 40.464134692439302 ], [ -111.828694275271999, 40.464131827419401 ], [ -111.828700003828999, 40.464128951464303 ], [ -111.828705724301003, 40.464126063890497 ], [ -111.828711436687996, 40.464123162647503 ], [ -111.828717135600002, 40.4641202511526 ], [ -111.828722826426997, 40.464117328039002 ], [ -111.828728503779999, 40.464114392623202 ], [ -111.828734173946003, 40.4641114449052 ], [ -111.828739831535003, 40.464108486251703 ], [ -111.828745478344999, 40.464105515979597 ], [ -111.828751115274002, 40.464102534772103 ], [ -111.828756743219003, 40.4640995392121 ], [ -111.828762357689996, 40.464096533400102 ], [ -111.828767964074999, 40.464093515286002 ], [ -111.828773556087995, 40.464090486919901 ], [ -111.828779141812007, 40.464087446251703 ], [ -111.828784714959994, 40.464084393964498 ], [ -111.828790274634002, 40.464081330742196 ], [ -111.828795826222006, 40.464078254534101 ], [ -111.828801365234, 40.464075168074103 ], [ -111.828806894365002, 40.464072069995296 ], [ -111.828812412716005, 40.464068958930802 ], [ -111.828817919388001, 40.464065838981398 ], [ -111.828823414382995, 40.464062706729699 ], [ -111.828828900394001, 40.464059562859099 ], [ -111.828834372033, 40.464056406002904 ], [ -111.828839834687997, 40.464053240261698 ], [ -111.828845284766999, 40.464050062218199 ], [ -111.828850724963999, 40.464046873239397 ], [ -111.828856153483002, 40.4640436719584 ], [ -111.828861570323994, 40.464040460425402 ], [ -111.828866975487998, 40.464037237273601 ], [ -111.828872368972, 40.464034003186399 ], [ -111.828877750779, 40.464030756113601 ], [ -111.828883122704994, 40.464027500839101 ], [ -111.828888481155005, 40.4640242318955 ], [ -111.828893827030001, 40.464020952016597 ], [ -111.828899163022001, 40.464017664619497 ], [ -111.828904487336999, 40.464014361502898 ], [ -111.828909799075007, 40.464011051551601 ], [ -111.828915099135997, 40.464007727247697 ], [ -111.828920389314007, 40.464004394742297 ], [ -111.828925664221998, 40.464001047884103 ], [ -111.828930930146001, 40.4639976928244 ], [ -111.828936183493994, 40.463994326146 ], [ -111.828941422468006, 40.463990948532 ], [ -111.828946650662999, 40.463987559299298 ], [ -111.828951869874999, 40.4639841604981 ], [ -111.828957072917007, 40.463980749394601 ], [ -111.828962266077994, 40.463977328722599 ], [ -111.828967444865995, 40.463973895748303 ], [ -111.828972615568006, 40.463970453205597 ], [ -111.828977770101005, 40.463966999727397 ], [ -111.828982912057995, 40.463963535313901 ], [ -111.828988044132998, 40.463960062698703 ], [ -111.828993163632006, 40.463956576414397 ], [ -111.828998269655997, 40.463953080561502 ], [ -111.829003363103993, 40.463949574456699 ], [ -111.829008443974999, 40.4639460560496 ], [ -111.829013512269995, 40.463942530124399 ], [ -111.829018568886994, 40.463938991896804 ], [ -111.829023612927003, 40.463935442733799 ], [ -111.829028644391002, 40.463931883318899 ], [ -111.829033661482001, 40.463928314335497 ], [ -111.829038667793, 40.4639247351001 ], [ -111.829043659730999, 40.463921145612701 ], [ -111.829048639991001, 40.463917543823001 ], [ -111.829053607673998, 40.463913933148298 ], [ -111.829058561883002, 40.4639103122215 ], [ -111.829063502617004, 40.463906680359401 ], [ -111.829068429876997, 40.463903038928699 ], [ -111.829073347253996, 40.463899386562602 ], [ -111.829078250259002, 40.463895724628003 ], [ -111.829083138890994, 40.463892053124901 ], [ -111.829088015845002, 40.463888370002898 ], [ -111.829092878425001, 40.463884677312301 ], [ -111.829097729327998, 40.4638809750532 ], [ -111.829102564959001, 40.463877262542198 ], [ -111.829107392504994, 40.463873539779101 ], [ -111.829112200289003, 40.463869807447502 ], [ -111.829116995495994, 40.4638660641805 ], [ -111.829121780820998, 40.463862311344897 ], [ -111.829126551773996, 40.463858548257399 ], [ -111.829131308352999, 40.463854778335097 ], [ -111.829136053254004, 40.463850994743602 ], [ -111.829140781985998, 40.463847202266898 ], [ -111.829145498141003, 40.463843400905198 ], [ -111.829150202619005, 40.463839589291503 ], [ -111.829154892722997, 40.463835768109199 ], [ -111.829159568454003, 40.463831935991401 ], [ -111.829164229811994, 40.463828095672099 ], [ -111.829168876796999, 40.463824245100703 ], [ -111.829173513002004, 40.463820385644198 ], [ -111.829178136631, 40.463816515252198 ], [ -111.829182742293, 40.463812635975103 ], [ -111.829187335379004, 40.463808747812898 ], [ -111.829191914990005, 40.463804849398699 ], [ -111.829196482024997, 40.463800941415997 ], [ -111.829201031992, 40.4637970245481 ], [ -111.829205569383006, 40.463793097428201 ], [ -111.829210095094993, 40.4637891614233 ], [ -111.829214603739999, 40.463785213799298 ], [ -111.829219098908993, 40.463781260707499 ], [ -111.829223582400999, 40.463777297363698 ], [ -111.829228049723, 40.463773323084403 ], [ -111.829232502671999, 40.463769341286799 ], [ -111.829236943043995, 40.463765350604199 ], [ -111.829241366348, 40.463761347619197 ], [ -111.829245777975004, 40.463757337115901 ], [ -111.829250175227997, 40.463753318410902 ], [ -111.829254557210007, 40.463749288770501 ], [ -111.829258924819001, 40.463745252295297 ], [ -111.829263277156997, 40.463741205567999 ], [ -111.829267618713999, 40.463737149955598 ], [ -111.829271942305994, 40.463733084774603 ], [ -111.829276252423, 40.463729012075397 ], [ -111.829280549963002, 40.463724928440698 ], [ -111.829284829537002, 40.463720836604303 ], [ -111.829289096533998, 40.463716735882699 ], [ -111.829293347361997, 40.463712628326299 ], [ -111.829297585614, 40.463708510517897 ], [ -111.829301806797005, 40.4637043824575 ], [ -111.829306016302993, 40.463700246878702 ], [ -111.829310206944001, 40.4636961037818 ], [ -111.829314386804995, 40.463691951116203 ], [ -111.829318549598, 40.463687788198598 ], [ -111.829322698916002, 40.463683619813096 ], [ -111.829326833861003, 40.463679439125102 ], [ -111.829330952636994, 40.463675252285803 ], [ -111.829335055243007, 40.463671055877903 ], [ -111.829339146170994, 40.4636668519517 ], [ -111.829343220029997, 40.463662639823802 ], [ -111.829347278618997, 40.463658418810702 ], [ -111.829351324631006, 40.4636541889125 ], [ -111.829355353574996, 40.463649950129103 ], [ -111.829359368146001, 40.463645704510903 ], [ -111.829363365649002, 40.463641448640601 ], [ -111.829367348779002, 40.463637186618897 ], [ -111.829371318433999, 40.463632915028597 ], [ -111.82937527192, 40.463628635236603 ], [ -111.829379210133993, 40.463624348609798 ], [ -111.829383133975, 40.463620052414299 ], [ -111.829387040748003, 40.463615747333698 ], [ -111.829390934046998, 40.463611436785101 ], [ -111.829394811175007, 40.463607115984502 ], [ -111.829398672135, 40.463602788348901 ], [ -111.829402518720997, 40.463598451828297 ], [ -111.829406349137003, 40.463594107789298 ], [ -111.829410163383997, 40.463589755548597 ], [ -111.829413963256997, 40.463585395106101 ], [ -111.829417747860006, 40.463581027828901 ], [ -111.829421516292001, 40.463576651666401 ], [ -111.829425270352004, 40.463572269352497 ], [ -111.829429007342995, 40.463567876786598 ], [ -111.829432729961994, 40.463563478069197 ], [ -111.829436435511994, 40.463559070466601 ], [ -111.829440127588001, 40.463554658079602 ], [ -111.829443799003002, 40.463550235440501 ], [ -111.829447458738997, 40.463545805966397 ], [ -111.829451103203994, 40.463541369657598 ], [ -111.829454731499993, 40.463536923780097 ], [ -111.829458343626001, 40.463532471751201 ], [ -111.829461937784998, 40.463528011520403 ], [ -111.829465519368, 40.463523544454901 ], [ -111.829469082087002, 40.463519069871097 ], [ -111.829472630431994, 40.463514588452398 ], [ -111.829476161708996, 40.463510098831897 ], [ -111.829479676817002, 40.4635056016932 ], [ -111.829483178450005, 40.463501098403 ], [ -111.829486663015004, 40.4634965848607 ], [ -111.829490130511999, 40.463492068584301 ], [ -111.829493582737996, 40.463487543422602 ], [ -111.829497016996996, 40.4634830107426 ], [ -111.829500437780993, 40.463478471227702 ], [ -111.829503840599997, 40.463473924194602 ], [ -111.829507228146994, 40.463469368276101 ], [ -111.829510598626001, 40.463464808940103 ], [ -111.829513955630006, 40.463460240718803 ], [ -111.829517293769001, 40.463455666346199 ], [ -111.829520616638007, 40.463451084455201 ], [ -111.829523924235005, 40.463446495045901 ], [ -111.829527210272005, 40.463441900168498 ], [ -111.829530486427998, 40.463437299139798 ], [ -111.829533741023994, 40.463432688542397 ], [ -111.829536981247003, 40.4634280731605 ], [ -111.829540207996004, 40.463423450943601 ], [ -111.829543414083005, 40.4634188198416 ], [ -111.829546606695999, 40.463414185321902 ], [ -111.829549781341996, 40.463409542600402 ], [ -111.829552938022005, 40.463404893044 ], [ -111.829556079430006, 40.463400238019702 ], [ -111.829559204668996, 40.463395576160501 ], [ -111.829562312839997, 40.463390908149798 ], [ -111.829565405739004, 40.463386232620799 ], [ -111.829568479773997, 40.463381550940298 ], [ -111.829571538538005, 40.4633768644753 ], [ -111.829574580233, 40.463372170492001 ], [ -111.829577606658006, 40.463367468990299 ], [ -111.829580614216994, 40.463362762704101 ], [ -111.829583605606999, 40.4633580502664 ], [ -111.829586580826998, 40.463353330310298 ], [ -111.829589536284999, 40.463348604886299 ], [ -111.829592479165996, 40.463343874677797 ], [ -111.829595404977994, 40.4633391376343 ], [ -111.829598311927001, 40.463334392389001 ], [ -111.829601203604, 40.463329643725999 ], [ -111.829604075518006, 40.4633248882282 ], [ -111.829606933058002, 40.463320127945899 ], [ -111.829609773531004, 40.463315360145202 ], [ -111.829612595140006, 40.463310586876403 ], [ -111.829615401477, 40.463305808139701 ], [ -111.829618189846997, 40.463301023251503 ], [ -111.829620962947004, 40.463296232211803 ], [ -111.829623717180993, 40.4632914363876 ], [ -111.829626454348002, 40.463286634411901 ], [ -111.829629174447007, 40.4632818262847 ], [ -111.829631878376006, 40.463277012689602 ], [ -111.829634565237001, 40.463272194309901 ], [ -111.829637234130999, 40.463267369778698 ], [ -111.829639885060004, 40.4632625390961 ], [ -111.829642522512998, 40.463257703628898 ], [ -111.829645138407002, 40.4632528633771 ], [ -111.829647739929001, 40.4632480169739 ], [ -111.829650322584996, 40.463243165102703 ], [ -111.829652889970006, 40.463238307763397 ], [ -111.829655437591995, 40.463233446323002 ], [ -111.829657969045002, 40.463228578731197 ], [ -111.829660481632999, 40.463223704987897 ], [ -111.829662978949003, 40.4632188285103 ], [ -111.829665459197003, 40.463213943831001 ], [ -111.829667919683004, 40.463209055050498 ], [ -111.829670364896998, 40.4632041621689 ], [ -111.829672792145004, 40.463199263819298 ], [ -111.829675201426994, 40.463194360001602 ], [ -111.829677594539007, 40.463189451399401 ], [ -111.829679968785996, 40.463184537329198 ], [ -111.829682325066997, 40.463179619841299 ], [ -111.829684666077, 40.463174696885403 ], [ -111.829686987323001, 40.463169768461398 ], [ -111.829689292400005, 40.463164835252798 ], [ -111.829691579511007, 40.4631598972597 ], [ -111.829693848654998, 40.4631549551655 ], [ -111.829696100731994, 40.463150008286703 ], [ -111.829698334842007, 40.463145056623198 ], [ -111.829700551884002, 40.463140100175302 ], [ -111.829702751857994, 40.463135138942697 ], [ -111.829704932967999, 40.463130172925602 ], [ -111.829707096110994, 40.463125203490797 ], [ -111.829709243083997, 40.463120228587897 ], [ -111.829711369397003, 40.4631152495839 ], [ -111.829713480438002, 40.4631102671623 ], [ -111.829715574410997, 40.463105278589097 ], [ -111.829717649518997, 40.463100287281698 ], [ -111.829719707558993, 40.463095291873202 ], [ -111.829721744937999, 40.463090290313197 ], [ -111.829723766148007, 40.463085286019002 ], [ -111.829725771187, 40.463080276940197 ], [ -111.829727757361994, 40.463075263760203 ], [ -111.829729726470006, 40.463070245795599 ], [ -111.829731676712001, 40.463065225780298 ], [ -111.829733609887001, 40.463060200297001 ], [ -111.829735525095003, 40.4630551720794 ], [ -111.829737420539999, 40.463050137026798 ], [ -111.829739298917005, 40.463045101290398 ], [ -111.829741159327995, 40.463040060769401 ], [ -111.829743003569007, 40.463035014096903 ], [ -111.829744829844003, 40.4630299660571 ], [ -111.829746637254999, 40.4630249145996 ], [ -111.829748424901993, 40.463019857673999 ], [ -111.829750196380004, 40.4630147980142 ], [ -111.829751948094994, 40.463009734253298 ], [ -111.829753684538005, 40.463004667758099 ], [ -111.829755402117001, 40.462999596478397 ], [ -111.829757101729996, 40.462994522464399 ], [ -111.829758781579002, 40.462989443665698 ], [ -111.829760444361, 40.4629843634998 ], [ -111.829762090973006, 40.462979278549298 ], [ -111.829763716024999, 40.4629741901811 ], [ -111.829765324907996, 40.462969099762098 ], [ -111.829766913129006, 40.462964005241901 ], [ -111.829768487875995, 40.462958906620599 ], [ -111.829770041063, 40.462953804581602 ], [ -111.829771579877004, 40.4629487004919 ], [ -111.829773095335, 40.462943592301002 ], [ -111.829774596419995, 40.4629384827428 ], [ -111.829776078639995, 40.462933368399902 ], [ -111.829777539301006, 40.462928250639301 ], [ -111.829778986486005, 40.462923132195002 ], [ -111.829780413010994, 40.4629180096493 ], [ -111.829781820671002, 40.462912883686101 ], [ -111.829783212161999, 40.4629077536217 ], [ -111.829784583888994, 40.462902622873401 ], [ -111.829785937650001, 40.462897487340499 ], [ -111.829787274343005, 40.462892350440299 ], [ -111.829788591273001, 40.462887211489303 ], [ -111.829789890236995, 40.462882067753597 ], [ -111.829791170337003, 40.4628769226507 ], [ -111.829792434265997, 40.4628717741301 ], [ -111.829793678433006, 40.462866624242103 ], [ -111.829794904633005, 40.462861470936403 ], [ -111.829796110171998, 40.462856315579998 ], [ -111.829797300440006, 40.462851157489297 ], [ -111.829798470944993, 40.462845995980899 ], [ -111.829799624382005, 40.462840833788597 ], [ -111.829800758055995, 40.462835668178599 ], [ -111.829801873763003, 40.462830500517903 ], [ -111.829802972403002, 40.462825330806297 ], [ -111.829804048585004, 40.462820159043901 ], [ -111.829805110392996, 40.462814982497001 ], [ -111.829806152439005, 40.462809806633103 ], [ -111.829807174722006, 40.462804627351403 ], [ -111.829808181733, 40.462799446702498 ], [ -111.829809168981996, 40.462794264686202 ], [ -111.829810137365996, 40.462789079252197 ], [ -111.829811086885002, 40.462783892450901 ], [ -111.829812018438005, 40.462778702915301 ], [ -111.829812932023998, 40.462773510645498 ], [ -111.829813825848007, 40.462768319742203 ], [ -111.829814700807006, 40.462763124054298 ], [ -111.829815557800003, 40.462757928365903 ], [ -111.829816398622995, 40.462752729943297 ], [ -111.829817219682994, 40.462747530153401 ], [ -111.829818020082001, 40.462742327629201 ], [ -111.829818806107994, 40.462737125104702 ], [ -111.829819570574003, 40.462731920529301 ], [ -111.829820317073995, 40.462726713903102 ], [ -111.829821045608, 40.462721505909599 ], [ -111.829821753480999, 40.462716296548798 ], [ -111.829822444285, 40.462711084453602 ], [ -111.829823116225, 40.462705873725099 ], [ -111.829823771994995, 40.462700658895301 ], [ -111.829824407103999, 40.462695444748597 ], [ -111.829825024246006, 40.462690228551097 ], [ -111.829825620728002, 40.4626850096193 ], [ -111.829826201938005, 40.462679792054097 ], [ -111.829826762487002, 40.462674571071098 ], [ -111.829827305967001, 40.462669350087801 ], [ -111.829827828787003, 40.462664128420499 ], [ -111.829828335437, 40.462658904702501 ], [ -111.829828820526998, 40.462653681667497 ], [ -111.829829289447005, 40.462648455898297 ], [ -111.829829739502998, 40.4626432280782 ], [ -111.829830170695004, 40.462638001624697 ], [ -111.82983058392, 40.462632773803897 ], [ -111.829830977382002, 40.4626275446156 ], [ -111.829831352878003, 40.462622313376599 ], [ -111.829831708610001, 40.462617085554598 ], [ -111.829832047275005, 40.462611853631302 ], [ -111.829832365279003, 40.4626066223911 ], [ -111.829832668010994, 40.462601389783501 ], [ -111.829832949183995, 40.462596155808598 ], [ -111.82983321239, 40.462590921833304 ], [ -111.829833456732004, 40.462585688541097 ], [ -111.829833683106997, 40.462580454565 ], [ -111.829833890618005, 40.462575217854599 ], [ -111.829834081060994, 40.462569982510701 ], [ -111.829834252639003, 40.462564745799497 ], [ -111.829834403556006, 40.462559509771303 ], [ -111.829834536506993, 40.462554275793202 ], [ -111.829834649695002, 40.462549037030399 ], [ -111.829834745813997, 40.462543800317597 ], [ -111.829834823968, 40.462538562920798 ], [ -111.829834881460002, 40.462533325523701 ], [ -111.829834922782993, 40.462528087442699 ], [ -111.829834943443998, 40.462522850728298 ], [ -111.829834946139002, 40.462517612646401 ], [ -111.829834929968996, 40.462512375247698 ], [ -111.829834896731001, 40.462507138531997 ], [ -111.829834842832994, 40.462501901132399 ], [ -111.829834771866004, 40.462496663732502 ], [ -111.829834680236999, 40.462491425648601 ], [ -111.829834572440006, 40.462486188931301 ], [ -111.829834443980999, 40.462480951530097 ], [ -111.829834298452994, 40.462475716862301 ], [ -111.829834134959995, 40.4624704801438 ], [ -111.829833949009, 40.462465244791701 ], [ -111.829833747785997, 40.462460009439297 ], [ -111.829833526800996, 40.462454774770002 ], [ -111.829833287848999, 40.462449539416703 ], [ -111.829833028235996, 40.462444305429997 ], [ -111.829832754250006, 40.462439073493201 ], [ -111.829832457804997, 40.462433839505699 ], [ -111.829832144292993, 40.4624286075681 ], [ -111.829831811017996, 40.462423376313602 ], [ -111.829831461574003, 40.462418145742198 ], [ -111.829831091467994, 40.462412915853903 ], [ -111.829830702497006, 40.462407687332004 ], [ -111.829830296458994, 40.462402458809798 ], [ -111.829829869758996, 40.462397230970602 ], [ -111.829829426890001, 40.462392003814401 ], [ -111.829828964257004, 40.4623867793918 ], [ -111.829828481861995, 40.462381552918302 ], [ -111.829827983296994, 40.462376330545197 ], [ -111.829827464071002, 40.462371107488302 ], [ -111.829826926877999, 40.4623658871648 ], [ -111.829826370820996, 40.462360665473902 ], [ -111.829825798594001, 40.462355447200103 ], [ -111.829825204808003, 40.462350228242201 ], [ -111.829824593953006, 40.462345012017899 ], [ -111.829823962437999, 40.462339796476698 ], [ -111.829823314752005, 40.462334583668898 ], [ -111.829822649101004, 40.462329370177301 ], [ -111.829821962788003, 40.462324158052198 ], [ -111.829821258509, 40.462318949344002 ], [ -111.829820536263, 40.462313740635402 ], [ -111.829819795153, 40.462308533293303 ], [ -111.829819036076998, 40.462303328001298 ], [ -111.829818257236994, 40.462298124759201 ], [ -111.829817461329995, 40.462292922883698 ], [ -111.829816647455999, 40.462287722374697 ], [ -111.829815812922007, 40.462282523915697 ], [ -111.829814961319002, 40.462277326823298 ], [ -111.829814089953004, 40.462272130413901 ], [ -111.829813204214005, 40.462266937421397 ], [ -111.829812295118998, 40.462261747162501 ], [ -111.829811368956001, 40.4622565569031 ], [ -111.829810423927995, 40.4622513686937 ], [ -111.829809460934001, 40.4622461839013 ], [ -111.829808478177, 40.462240999791902 ], [ -111.829807479251002, 40.462235818415998 ], [ -111.829806461459, 40.462230639773601 ], [ -111.829805424803993, 40.462225461130799 ], [ -111.829804370180995, 40.462220285221498 ], [ -111.829803295795998, 40.462215114779497 ], [ -111.829802205242004, 40.462209942286698 ], [ -111.829801094923994, 40.4622047738943 ], [ -111.829799966639996, 40.462199608235501 ], [ -111.829798820389996, 40.462194445309997 ], [ -111.829797653477996, 40.462189282384202 ], [ -111.829796469499001, 40.462184123558799 ], [ -111.829795268450994, 40.462178967466897 ], [ -111.829794047641002, 40.462173814108503 ], [ -111.829792809761997, 40.462168662116603 ], [ -111.829791550324003, 40.462163513541697 ], [ -111.829790276512995, 40.462158366333298 ], [ -111.829788984735998, 40.4621532239088 ], [ -111.829787670499996, 40.462148083534302 ], [ -111.829786340994005, 40.462142945893298 ], [ -111.829784991723997, 40.462137808935402 ], [ -111.829783625386995, 40.462132677444799 ], [ -111.829782241082995, 40.462127546637397 ], [ -111.829780837914001, 40.462122420613802 ], [ -111.829779416779999, 40.462117295956702 ], [ -111.829777975881996, 40.462112177450599 ], [ -111.829776518814, 40.4621070582605 ], [ -111.829775042882005, 40.4621019438544 ], [ -111.829773548983994, 40.462096830814701 ], [ -111.829772037119, 40.462091723242501 ], [ -111.829770505491993, 40.462086617720303 ], [ -111.829768957694995, 40.462081515614997 ], [ -111.829767391033002, 40.4620764155598 ], [ -111.829765804608002, 40.462071320972001 ], [ -111.829764200216999, 40.462066227067297 ], [ -111.829762579656006, 40.462061139996798 ], [ -111.829760940230997, 40.462056053609501 ], [ -111.829759282839007, 40.462050970638998 ], [ -111.829757606583001, 40.462045892452501 ], [ -111.829755914157005, 40.462040817682997 ], [ -111.829754203763997, 40.462035744280101 ], [ -111.829752472710993, 40.462030676344497 ], [ -111.829750726385996, 40.4620256125094 ], [ -111.829748958501, 40.462020553458203 ], [ -111.829747175346, 40.4620154937232 ], [ -111.82974537602, 40.462010441505903 ], [ -111.829743555134996, 40.4620053906552 ], [ -111.829741715384998, 40.462000345271797 ], [ -111.829739860364, 40.4619953033055 ], [ -111.829737988274999, 40.461990264756103 ], [ -111.829736096423005, 40.461985231674198 ], [ -111.829734186604995, 40.461980199958802 ], [ -111.829732259718995, 40.461975173710798 ], [ -111.829730315763996, 40.461970150196301 ], [ -111.829728352944997, 40.461965132149203 ], [ -111.829726370364, 40.461960117518998 ], [ -111.82972437251, 40.4619551083563 ], [ -111.829722356690993, 40.461950102610601 ], [ -111.829720322905004, 40.461945100965302 ], [ -111.829718269355993, 40.461940102737003 ], [ -111.829716200535998, 40.461935109976103 ], [ -111.829714113750001, 40.461930120632204 ], [ -111.829712007200996, 40.461925137439202 ], [ -111.829709886277996, 40.461920154929203 ], [ -111.829707744695, 40.461915179937101 ], [ -111.829705584246, 40.461910209045499 ], [ -111.829703409424994, 40.461905241570904 ], [ -111.829701215738993, 40.461900279563601 ], [ -111.829699003189006, 40.461895320973298 ], [ -111.829696774468005, 40.461890368534 ], [ -111.829694529578006, 40.461885420878502 ], [ -111.829692264027003, 40.461880475956697 ], [ -111.829689982305993, 40.461875537185698 ], [ -111.829687682618996, 40.461870601831698 ], [ -111.829685365863995, 40.461865673311998 ], [ -111.829683032041004, 40.461860748209297 ], [ -111.829680680251997, 40.461855828574102 ], [ -111.829678311394005, 40.461850915089798 ], [ -111.829675925469004, 40.461846002972003 ], [ -111.829673519780997, 40.461841099055597 ], [ -111.829671097024004, 40.461836199239698 ], [ -111.829668658996994, 40.4618313035242 ], [ -111.829666201205995, 40.461826413959599 ], [ -111.829663729041997, 40.461821529178899 ], [ -111.829661237115999, 40.461816649182303 ], [ -111.829658727223006, 40.4618117753365 ], [ -111.829656202058999, 40.461806905591203 ], [ -111.829653657131004, 40.461802041996798 ], [ -111.829651097831004, 40.461797181819499 ], [ -111.829648521463, 40.461792331210397 ], [ -111.82964592623, 40.461787481284397 ], [ -111.829643313928997, 40.4617826395598 ], [ -111.829640682763994, 40.461777802619103 ], [ -111.829638034530007, 40.461772969778899 ], [ -111.829635371923999, 40.461768143773199 ], [ -111.829632693148, 40.461763323234798 ], [ -111.829629992812002, 40.461758508163904 ], [ -111.829627278103004, 40.4617536985604 ], [ -111.829624544530006, 40.461748896474802 ], [ -111.829621795685, 40.461744097806204 ], [ -111.829619027974999, 40.461739305288603 ], [ -111.829616244994995, 40.461734518238302 ], [ -111.829613444946006, 40.461729738022498 ], [ -111.829610625133995, 40.4617249632742 ], [ -111.829607790950007, 40.461720193309802 ], [ -111.829604939697006, 40.4617154308633 ], [ -111.829602071376002, 40.461710673884198 ], [ -111.829599185987007, 40.461705921689102 ], [ -111.829596283531004, 40.461701177012003 ], [ -111.829593364903999, 40.461696438485703 ], [ -111.82959042921, 40.461691704060001 ], [ -111.829587475549005, 40.461686977152098 ], [ -111.829584506616996, 40.4616822563952 ], [ -111.829581519719, 40.461677541105701 ], [ -111.829578516650997, 40.461672834701098 ], [ -111.829575497413003, 40.461668131030002 ], [ -111.829572461108, 40.461663434876797 ], [ -111.829569405936994, 40.461658744874597 ], [ -111.829566336393995, 40.461654063757202 ], [ -111.829563250681005, 40.461649386056898 ], [ -111.829560146104001, 40.4616447145075 ], [ -111.829557026255003, 40.461640050475999 ], [ -111.829553891133997, 40.461635393278897 ], [ -111.829550735352996, 40.461630742232799 ], [ -111.829547566995004, 40.4616260966542 ], [ -111.829544381568994, 40.461621459960398 ], [ -111.829541179074994, 40.461616829417501 ], [ -111.829537959513004, 40.461612203658703 ], [ -111.829534724678993, 40.461607586101302 ], [ -111.829531473675999, 40.461602974694799 ], [ -111.829528202909998, 40.4615983708062 ], [ -111.829524919568001, 40.461593773752099 ], [ -111.829521618258994, 40.461589181481898 ], [ -111.829518300781004, 40.461584598780199 ], [ -111.829514966234996, 40.461580022229299 ], [ -111.829511617315006, 40.461575450462497 ], [ -111.829508251327994, 40.461570888947499 ], [ -111.829504869171004, 40.461566332216599 ], [ -111.829501470843994, 40.461561783003503 ], [ -111.829498057245999, 40.461557241991798 ], [ -111.829494623884997, 40.461552706447698 ], [ -111.829491177948, 40.461548179788402 ], [ -111.829487714044006, 40.461543658596703 ], [ -111.829484234869, 40.461539145606302 ], [ -111.829480740421999, 40.4615346380834 ], [ -111.829477228908004, 40.4615301394455 ], [ -111.829473702122002, 40.461525648325399 ], [ -111.829470158267995, 40.461521164039802 ], [ -111.829466600041002, 40.461516687955601 ], [ -111.829463024747, 40.461512217338999 ], [ -111.829459435079002, 40.461507755607201 ], [ -111.829455826545995, 40.461503300026401 ], [ -111.829452204538995, 40.461498854014003 ], [ -111.829448565464006, 40.461494415519503 ], [ -111.829444910218996, 40.461489983176101 ], [ -111.829441242398005, 40.461485559034003 ], [ -111.829437557508001, 40.461481141726502 ], [ -111.829433854653004, 40.461476733303797 ], [ -111.829430137423998, 40.461472331715598 ], [ -111.829426404924007, 40.461467939012302 ], [ -111.829422656253996, 40.461463552460003 ], [ -111.829418894110006, 40.461459174109102 ], [ -111.829415114897003, 40.461454803959697 ], [ -111.829411318617005, 40.461450442011703 ], [ -111.829407508862005, 40.461446086898199 ], [ -111.829403684734004, 40.461441740669599 ], [ -111.829399841740994, 40.461437402642403 ], [ -111.829395984374997, 40.461433070766297 ], [ -111.829392114433006, 40.461428749142101 ], [ -111.829388224728007, 40.461424435035802 ], [ -111.829384321548005, 40.4614201291309 ], [ -111.829380403995003, 40.461415829377103 ], [ -111.829376470271995, 40.461411539191701 ], [ -111.829372519482007, 40.461407257207703 ], [ -111.829368557910996, 40.461402983425103 ], [ -111.829364578375007, 40.461398719894497 ], [ -111.829360585363005, 40.461394460464497 ], [ -111.829356573487004, 40.4613902119698 ], [ -111.829352550831004, 40.461385972359999 ], [ -111.829348509311004, 40.461381738217803 ], [ -111.829344455213999, 40.461377515011002 ], [ -111.829340385845995, 40.461373299322197 ], [ -111.829336303003004, 40.461369094568703 ], [ -111.829332203091994, 40.461364894599299 ], [ -111.829328088807998, 40.461360702831499 ], [ -111.829323957455998, 40.4613565233659 ], [ -111.829319814426, 40.461352350734799 ], [ -111.829315655225997, 40.461348185621802 ], [ -111.829311481652994, 40.4613440300771 ], [ -111.829307292809006, 40.461339883417402 ], [ -111.829303090490001, 40.4613357456427 ], [ -111.829298872899997, 40.461331616069501 ], [ -111.829294640038, 40.461327494697699 ], [ -111.829290391007007, 40.461323382894399 ], [ -111.829286130297007, 40.461319280659502 ], [ -111.829281852519998, 40.461315185942603 ], [ -111.829277562165998, 40.461311100794198 ], [ -111.829273255643002, 40.461307025214197 ], [ -111.829268935645004, 40.461302957152299 ], [ -111.829264602172003, 40.461298899342196 ], [ -111.829260251630998, 40.461294849733697 ], [ -111.829255890309994, 40.461290809693601 ], [ -111.829251511921001, 40.461286777171502 ], [ -111.829247120955998, 40.461282755584897 ], [ -111.829242712025007, 40.461278744250102 ], [ -111.829238293212001, 40.461274739066397 ], [ -111.829233858229003, 40.461270744818201 ], [ -111.829229408873999, 40.461266758087902 ], [ -111.829224947840004, 40.461262782976597 ], [ -111.829220468840006, 40.461258814699903 ], [ -111.829215977263999, 40.461254858725503 ], [ -111.829211472211995, 40.461250909585701 ], [ -111.829206950992003, 40.461246970014301 ], [ -111.829202418991002, 40.461243041378303 ], [ -111.829197870821005, 40.461239120944001 ], [ -111.829193310074004, 40.461235210761402 ], [ -111.829817006783003, 40.460830000209803 ], [ -111.829817511635994, 40.460829702894699 ], [ -111.829883173262999, 40.4607929121659 ], [ -111.829951252886005, 40.460758760250599 ], [ -111.830021567493006, 40.460727338960297 ], [ -111.830093928061999, 40.460698732765799 ], [ -111.830168140075003, 40.460673018570098 ], [ -111.830244004033005, 40.460650265501499 ], [ -111.830321316, 40.460630534728097 ], [ -111.830399868143999, 40.4606138792929 ], [ -111.830479449302004, 40.4606003439714 ], [ -111.830559845541998, 40.460589965151399 ], [ -111.830640840743001, 40.460582770734597 ], [ -111.830722217173005, 40.4605787800621 ], [ -111.830803756075994, 40.460578003862302 ], [ -111.830885238258006, 40.460580444221797 ], [ -111.830966444677998, 40.460586094580201 ], [ -111.831047157038, 40.460594939747303 ], [ -111.831047785858004, 40.4605950203986 ], [ -111.831819585112996, 40.460790367070203 ], [ -111.832565104154, 40.460979054014103 ], [ -111.832712014635007, 40.461030913150601 ], [ -111.832809930102997, 40.461060507185501 ], [ -111.832966835240001, 40.461157143760303 ], [ -111.832993866446003, 40.461174100888499 ], [ -111.833047050304003, 40.4611246422443 ], [ -111.833047081744994, 40.461124613538097 ], [ -111.833048299859996, 40.4611234523056 ], [ -111.833121207128997, 40.461053916381303 ], [ -111.833116864673002, 40.461051488657802 ], [ -111.833118262450995, 40.461050156553803 ], [ -111.833293162640004, 40.460897322566801 ], [ -111.833296091148, 40.460897122989898 ], [ -111.833296120792994, 40.460901094021999 ], [ -111.833714340455998, 40.460872499851902 ], [ -111.833967657280994, 40.460823129838502 ], [ -111.834165168965001, 40.460802829705202 ], [ -111.834344567917, 40.4607529244727 ], [ -111.834509467161993, 40.460756762233999 ], [ -111.834688196868996, 40.460770340320401 ], [ -111.834866967899003, 40.460783922505001 ], [ -111.835045719166004, 40.460797489650197 ], [ -111.835224469533998, 40.460811062944103 ], [ -111.835396840068, 40.460873790950501 ], [ -111.835575591334006, 40.460887355343601 ], [ -111.835754344397998, 40.460900919734001 ], [ -111.835933101055005, 40.460914488222599 ], [ -111.836111281890993, 40.460932468584502 ], [ -111.836111744524004, 40.460929027252803 ], [ -111.836111311536001, 40.4609324836211 ], [ -111.836230659009004, 40.460943247093901 ], [ -111.836230693144998, 40.460943255979103 ], [ -111.836358548562998, 40.460961468717102 ], [ -111.836455991516999, 40.461039183952998 ], [ -111.836756122246001, 40.460850823199301 ], [ -111.836760425584998, 40.460860155251702 ], [ -111.836762841631995, 40.4608698726773 ], [ -111.836763315785007, 40.460879755862003 ], [ -111.836761837327998, 40.460889581445798 ], [ -111.836761822954998, 40.460889642959202 ], [ -111.836758573813995, 40.460915338533802 ], [ -111.836761568073996, 40.460941052017702 ], [ -111.836770704339003, 40.460965912671398 ], [ -111.836785673226004, 40.460989078636103 ], [ -111.836785707361997, 40.460989121695398 ], [ -111.836785827735994, 40.460989278212601 ], [ -111.836803134359997, 40.461008425527297 ], [ -111.836824382543995, 40.461025118278101 ], [ -111.836848981345, 40.461038892216799 ], [ -111.836876246634006, 40.461049364271403 ], [ -111.836905420121994, 40.461056243200296 ], [ -111.836935690451995, 40.461059337691204 ], [ -111.83696621576, 40.4610585616824 ], [ -111.836996147091995, 40.461053936755498 ], [ -111.837024652013994, 40.461045591536099 ], [ -111.837050937761006, 40.461033758115597 ], [ -111.837074273287001, 40.461018765597402 ], [ -111.837094009596001, 40.461001030943699 ], [ -111.837109597793997, 40.460981047379803 ], [ -111.837120604347007, 40.460959370676399 ], [ -111.837126723148998, 40.460936603693703 ], [ -111.837127784025995, 40.460913379614503 ], [ -111.837127774143994, 40.460913197808303 ], [ -111.837482655393998, 40.460692889282001 ], [ -111.837479257965001, 40.460689468442503 ], [ -111.837482688630999, 40.460692881763599 ], [ -111.837564111928998, 40.460642327822299 ] ] ] } },
{ "type": "Feature", "properties": { "precinct": "25DR03", "county": "Utah", "CountyID": 25 }, "geometry": { "type": "Polygon", "coordinates": [ [ [ -111.796443398319994, 40.4611361294915 ], [ -111.796443264470994, 40.461112432556597 ], [ -111.7964484747, 40.461112405217399 ], [ -111.798733887596995, 40.461099907098898 ], [ -111.798733888494993, 40.4611002057798 ], [ -111.802191153680994, 40.461081148297602 ], [ -111.802199447825998, 40.461086150690697 ], [ -111.802196472605999, 40.464716379823997 ], [ -111.807224199521002, 40.4647163080623 ], [ -111.806094946241004, 40.460969332173001 ], [ -111.805967516625003, 40.460542129545303 ], [ -111.805968196649999, 40.460541645637299 ], [ -111.805961904849994, 40.460520768556698 ], [ -111.807436779544005, 40.460099133523698 ], [ -111.807451190318005, 40.460096033211002 ], [ -111.807466071809003, 40.460094804978603 ], [ -111.807481013487006, 40.460095481634198 ], [ -111.807495603923996, 40.460098044723402 ], [ -111.807509431691003, 40.460102423163001 ], [ -111.807522116800996, 40.460108493924302 ], [ -111.807533305318003, 40.460116090235402 ], [ -111.807896680138995, 40.460407687047798 ], [ -111.808027676066999, 40.460453488882003 ], [ -111.808069365980998, 40.460465022721003 ], [ -111.808112965712994, 40.460471178201999 ], [ -111.808157299369, 40.460471787872102 ], [ -111.808201162307995, 40.4604668366947 ], [ -111.808243369650995, 40.460456457948702 ], [ -111.808282775150005, 40.460440933911499 ], [ -111.808318315196999, 40.460420682190303 ], [ -111.808349026800002, 40.460396252988097 ], [ -111.808374075423998, 40.460368307916497 ], [ -111.808791406653, 40.459808978226398 ], [ -111.808950458764002, 40.459808580433297 ], [ -111.809573169122999, 40.459807021384897 ], [ -111.809564221003995, 40.4577241865126 ], [ -111.811745317938005, 40.457718700624397 ], [ -111.811752636511997, 40.455628656692198 ], [ -111.811755512019005, 40.454806404449798 ], [ -111.815216789979004, 40.453633787013104 ], [ -111.815099073846, 40.453634607280499 ], [ -111.816176731488994, 40.453273199214699 ], [ -111.816185908677994, 40.453270120460999 ], [ -111.816213090800005, 40.453261005189198 ], [ -111.816208888481, 40.453213458790202 ], [ -111.816209670912997, 40.453213197670102 ], [ -111.816317590020006, 40.453177006550902 ], [ -111.816466774137993, 40.453126978081301 ], [ -111.816468547412001, 40.453126382699303 ], [ -111.816481735579003, 40.453220090693598 ], [ -111.816481740070003, 40.453220133074304 ], [ -111.817148971831998, 40.4529885636004 ], [ -111.818172592216996, 40.452633298689001 ], [ -111.818812185512996, 40.452367734678397 ], [ -111.820374203078003, 40.451719155740399 ], [ -111.820484143395007, 40.4519558946686 ], [ -111.824034198261003, 40.459599526823297 ], [ -111.827136716045999, 40.458908167562299 ], [ -111.837555182675004, 40.4588778672044 ], [ -111.837564111928998, 40.460642327822299 ], [ -111.837482688630999, 40.460692881763599 ], [ -111.837479257965001, 40.460689468442503 ], [ -111.837482655393998, 40.460692889282001 ], [ -111.837127774143994, 40.460913197808303 ], [ -111.837127784025995, 40.460913379614503 ], [ -111.837126723024994, 40.460936603638203 ], [ -111.837120604128998, 40.460959370552899 ], [ -111.837109597513006, 40.460981047182102 ], [ -111.837094009286005, 40.461001030671497 ], [ -111.837074272975002, 40.461018765256199 ], [ -111.837050937474004, 40.461033757716102 ], [ -111.837024651774001, 40.461045591093402 ], [ -111.836996146912995, 40.461053936288103 ], [ -111.836966215649994, 40.461058561210898 ], [ -111.836935690410996, 40.461059337237302 ], [ -111.836905420144006, 40.461056242785197 ], [ -111.836876246703994, 40.461049363914803 ], [ -111.836848981442003, 40.461038891935402 ], [ -111.836824382640998, 40.461025118084699 ], [ -111.836803134424997, 40.461008425429597 ], [ -111.836785827735994, 40.460989278212601 ], [ -111.836785707361997, 40.460989121695398 ], [ -111.836785673226004, 40.460989078636103 ], [ -111.836770713383999, 40.460965910519697 ], [ -111.836761580515997, 40.460941050290003 ], [ -111.836758583275, 40.460915338115903 ], [ -111.836761822954998, 40.460889642959202 ], [ -111.836761837327998, 40.460889581445798 ], [ -111.836763313839, 40.460879755879098 ], [ -111.836762839052, 40.460869872897597 ], [ -111.836760423681994, 40.460860155563097 ], [ -111.836756122246001, 40.460850823199301 ], [ -111.836455991516999, 40.461039183952998 ], [ -111.836358548562998, 40.460961468717102 ], [ -111.836230693144998, 40.460943255979103 ], [ -111.836230659009004, 40.460943247093901 ], [ -111.836111311536001, 40.4609324836211 ], [ -111.836111744524004, 40.460929027252803 ], [ -111.836111281890993, 40.460932468584502 ], [ -111.835933101055005, 40.460914488222599 ], [ -111.835754344397998, 40.460900919734001 ], [ -111.835575591334006, 40.460887355343601 ], [ -111.835396840068, 40.460873790950501 ], [ -111.835224469533998, 40.460811062944103 ], [ -111.835045719166004, 40.460797489650197 ], [ -111.834866967899003, 40.460783922505001 ], [ -111.834688196868996, 40.460770340320401 ], [ -111.834509467161993, 40.460756762233999 ], [ -111.834344567917, 40.4607529244727 ], [ -111.834165168965001, 40.460802829705202 ], [ -111.833967657280994, 40.460823129838502 ], [ -111.833714340455998, 40.460872499851902 ], [ -111.833296120792994, 40.460901094021999 ], [ -111.833296091148, 40.460897122989898 ], [ -111.833293162640004, 40.460897322566801 ], [ -111.833118262450995, 40.461050156553803 ], [ -111.833116864673002, 40.461051488657802 ], [ -111.833121207128997, 40.461053916381303 ], [ -111.833048299859996, 40.4611234523056 ], [ -111.833047081744994, 40.461124613538097 ], [ -111.833047050304003, 40.4611246422443 ], [ -111.832993866446003, 40.461174100888499 ], [ -111.832966835240001, 40.461157143760303 ], [ -111.832809930102997, 40.461060507185501 ], [ -111.832712014635007, 40.461030913150601 ], [ -111.832565104154, 40.460979054014103 ], [ -111.831819585112996, 40.460790367070203 ], [ -111.831047785858004, 40.4605950203986 ], [ -111.831047157038, 40.460594939747303 ], [ -111.830966444679007, 40.460586094660897 ], [ -111.830885238264997, 40.460580444372503 ], [ -111.830803756096003, 40.460578004071898 ], [ -111.830722217209001, 40.460578780319402 ], [ -111.830640840797997, 40.460582771028299 ], [ -111.830559845615994, 40.460589965470099 ], [ -111.830479449395, 40.460600344303998 ], [ -111.830399868255, 40.460613879627999 ], [ -111.830321316124, 40.460630535054896 ], [ -111.830244004164996, 40.460650265809399 ], [ -111.830168140208002, 40.460673018848901 ], [ -111.830093928189996, 40.460698733005799 ], [ -111.830021567605002, 40.460727339152399 ], [ -111.829951252973004, 40.460758760386199 ], [ -111.829883173312993, 40.460792912237203 ], [ -111.829817511635994, 40.460829702894699 ], [ -111.829817006783003, 40.460830000209803 ], [ -111.829193310074004, 40.461235210761402 ], [ -111.829197870821005, 40.461239120944001 ], [ -111.829202418991002, 40.461243041378303 ], [ -111.829206950992003, 40.461246970014301 ], [ -111.829211472211995, 40.461250909585701 ], [ -111.829215977263999, 40.461254858725503 ], [ -111.829220468840006, 40.461258814699903 ], [ -111.829224947840004, 40.461262782976597 ], [ -111.829229408873999, 40.461266758087902 ], [ -111.829233858229003, 40.461270744818201 ], [ -111.829238293212001, 40.461274739066397 ], [ -111.829242712025007, 40.461278744250102 ], [ -111.829247120955998, 40.461282755584897 ], [ -111.829251511921001, 40.461286777171502 ], [ -111.829255890309994, 40.461290809693601 ], [ -111.829260251630998, 40.461294849733697 ], [ -111.829264602172003, 40.461298899342196 ], [ -111.829268935645004, 40.461302957152299 ], [ -111.829273255643002, 40.461307025214197 ], [ -111.829277562165998, 40.461311100794198 ], [ -111.829281852519998, 40.461315185942603 ], [ -111.829286130297007, 40.461319280659502 ], [ -111.829290391007007, 40.461323382894399 ], [ -111.829294640038, 40.461327494697699 ], [ -111.829298872899997, 40.461331616069501 ], [ -111.829303090490001, 40.4613357456427 ], [ -111.829307292809006, 40.461339883417402 ], [ -111.829311481652994, 40.4613440300771 ], [ -111.829315655225997, 40.461348185621802 ], [ -111.829319814426, 40.461352350734799 ], [ -111.829323957455998, 40.4613565233659 ], [ -111.829328088807998, 40.461360702831499 ], [ -111.829332203091994, 40.461364894599299 ], [ -111.829336303003004, 40.461369094568703 ], [ -111.829340385845995, 40.461373299322197 ], [ -111.829344455213999, 40.461377515011002 ], [ -111.829348509311004, 40.461381738217803 ], [ -111.829352550831004, 40.461385972359999 ], [ -111.829356573487004, 40.4613902119698 ], [ -111.829360585363005, 40.461394460464497 ], [ -111.829364578375007, 40.461398719894497 ], [ -111.829368557910996, 40.461402983425103 ], [ -111.829372519482007, 40.461407257207703 ], [ -111.829376470271995, 40.461411539191701 ], [ -111.829380403995003, 40.461415829377103 ], [ -111.829384321548005, 40.4614201291309 ], [ -111.829388224728007, 40.461424435035802 ], [ -111.829392114433006, 40.461428749142101 ], [ -111.829395984374997, 40.461433070766297 ], [ -111.829399841740994, 40.461437402642403 ], [ -111.829403684734004, 40.461441740669599 ], [ -111.829407508862005, 40.461446086898199 ], [ -111.829411318617005, 40.461450442011703 ], [ -111.829415114897003, 40.461454803959697 ], [ -111.829418894110006, 40.461459174109102 ], [ -111.829422656253996, 40.461463552460003 ], [ -111.829426404924007, 40.461467939012302 ], [ -111.829430137423998, 40.461472331715598 ], [ -111.829433854653004, 40.461476733303797 ], [ -111.829437557508001, 40.461481141726502 ], [ -111.829441242398005, 40.461485559034003 ], [ -111.829444910218996, 40.461489983176101 ], [ -111.829448565464006, 40.461494415519503 ], [ -111.829452204538995, 40.461498854014003 ], [ -111.829455826545995, 40.461503300026401 ], [ -111.829459435079002, 40.461507755607201 ], [ -111.829463024747, 40.461512217338999 ], [ -111.829466600041002, 40.461516687955601 ], [ -111.829470158267995, 40.461521164039802 ], [ -111.829473702122002, 40.461525648325399 ], [ -111.829477228908004, 40.4615301394455 ], [ -111.829480740421999, 40.4615346380834 ], [ -111.829484234869, 40.461539145606302 ], [ -111.829487714044006, 40.461543658596703 ], [ -111.829491177948, 40.461548179788402 ], [ -111.829494623884997, 40.461552706447698 ], [ -111.829498057245999, 40.461557241991798 ], [ -111.829501470843994, 40.461561783003503 ], [ -111.829504869171004, 40.461566332216599 ], [ -111.829508251327994, 40.461570888947499 ], [ -111.829511617315006, 40.461575450462497 ], [ -111.829514966234996, 40.461580022229299 ], [ -111.829518300781004, 40.461584598780199 ], [ -111.829521618258994, 40.461589181481898 ], [ -111.829524919568001, 40.461593773752099 ], [ -111.829528202909998, 40.4615983708062 ], [ -111.829531473675999, 40.461602974694799 ], [ -111.829534724678993, 40.461607586101302 ], [ -111.829537959513004, 40.461612203658703 ], [ -111.829541179074994, 40.461616829417501 ], [ -111.829544381568994, 40.461621459960398 ], [ -111.829547566995004, 40.4616260966542 ], [ -111.829550735352996, 40.461630742232799 ], [ -111.829553891133997, 40.461635393278897 ], [ -111.829557026255003, 40.461640050475999 ], [ -111.829560146104001, 40.4616447145075 ], [ -111.829563250681005, 40.461649386056898 ], [ -111.829566336393995, 40.461654063757202 ], [ -111.829569405936994, 40.461658744874597 ], [ -111.829572461108, 40.461663434876797 ], [ -111.829575497413003, 40.461668131030002 ], [ -111.829578516650997, 40.461672834701098 ], [ -111.829581519719, 40.461677541105701 ], [ -111.829584506616996, 40.4616822563952 ], [ -111.829587475549005, 40.461686977152098 ], [ -111.82959042921, 40.461691704060001 ], [ -111.829593364903999, 40.461696438485703 ], [ -111.829596283531004, 40.461701177012003 ], [ -111.829599185987007, 40.461705921689102 ], [ -111.829602071376002, 40.461710673884198 ], [ -111.829604939697006, 40.4617154308633 ], [ -111.829607790950007, 40.461720193309802 ], [ -111.829610625133995, 40.4617249632742 ], [ -111.829613444946006, 40.461729738022498 ], [ -111.829616244994995, 40.461734518238302 ], [ -111.829619027974999, 40.461739305288603 ], [ -111.829621795685, 40.461744097806204 ], [ -111.829624544530006, 40.461748896474802 ], [ -111.829627278103004, 40.4617536985604 ], [ -111.829629992812002, 40.461758508163904 ], [ -111.829632693148, 40.461763323234798 ], [ -111.829635371923999, 40.461768143773199 ], [ -111.829638034530007, 40.461772969778899 ], [ -111.829640682763994, 40.461777802619103 ], [ -111.829643313928997, 40.4617826395598 ], [ -111.82964592623, 40.461787481284397 ], [ -111.829648521463, 40.461792331210397 ], [ -111.829651097831004, 40.461797181819499 ], [ -111.829653657131004, 40.461802041996798 ], [ -111.829656202058999, 40.461806905591203 ], [ -111.829658727223006, 40.4618117753365 ], [ -111.829661237115999, 40.461816649182303 ], [ -111.829663729041997, 40.461821529178899 ], [ -111.829666201205995, 40.461826413959599 ], [ -111.829668658996994, 40.4618313035242 ], [ -111.829671097024004, 40.461836199239698 ], [ -111.829673519780997, 40.461841099055597 ], [ -111.829675925469004, 40.461846002972003 ], [ -111.829678311394005, 40.461850915089798 ], [ -111.829680680251997, 40.461855828574102 ], [ -111.829683032041004, 40.461860748209297 ], [ -111.829685365863995, 40.461865673311998 ], [ -111.829687682618996, 40.461870601831698 ], [ -111.829689982305993, 40.461875537185698 ], [ -111.829692264027003, 40.461880475956697 ], [ -111.829694529578006, 40.461885420878502 ], [ -111.829696774468005, 40.461890368534 ], [ -111.829699003189006, 40.461895320973298 ], [ -111.829701215738993, 40.461900279563601 ], [ -111.829703409424994, 40.461905241570904 ], [ -111.829705584246, 40.461910209045499 ], [ -111.829707744695, 40.461915179937101 ], [ -111.829709886277996, 40.461920154929203 ], [ -111.829712007200996, 40.461925137439202 ], [ -111.829714113750001, 40.461930120632204 ], [ -111.829716200535998, 40.461935109976103 ], [ -111.829718269355993, 40.461940102737003 ], [ -111.829720322905004, 40.461945100965302 ], [ -111.829722356690993, 40.461950102610601 ], [ -111.82972437251, 40.4619551083563 ], [ -111.829726370364, 40.461960117518998 ], [ -111.829728352944997, 40.461965132149203 ], [ -111.829730315763996, 40.461970150196301 ], [ -111.829732259718995, 40.461975173710798 ], [ -111.829734186604995, 40.461980199958802 ], [ -111.829736096423005, 40.461985231674198 ], [ -111.829737988274999, 40.461990264756103 ], [ -111.829739860364, 40.4619953033055 ], [ -111.829741715384998, 40.462000345271797 ], [ -111.829743555134996, 40.4620053906552 ], [ -111.82974537602, 40.462010441505903 ], [ -111.829747175346, 40.4620154937232 ], [ -111.829748958501, 40.462020553458203 ], [ -111.829750726385996, 40.4620256125094 ], [ -111.829752472710993, 40.462030676344497 ], [ -111.829754203763997, 40.462035744280101 ], [ -111.829755914157005, 40.462040817682997 ], [ -111.829757606583001, 40.462045892452501 ], [ -111.829759282839007, 40.462050970638998 ], [ -111.829760940230997, 40.462056053609501 ], [ -111.829762579656006, 40.462061139996798 ], [ -111.829764200216999, 40.462066227067297 ], [ -111.829765804608002, 40.462071320972001 ], [ -111.829767391033002, 40.4620764155598 ], [ -111.829768957694995, 40.462081515614997 ], [ -111.829770505491993, 40.462086617720303 ], [ -111.829772037119, 40.462091723242501 ], [ -111.829773548983994, 40.462096830814701 ], [ -111.829775042882005, 40.4621019438544 ], [ -111.829776518814, 40.4621070582605 ], [ -111.829777975881996, 40.462112177450599 ], [ -111.829779416779999, 40.462117295956702 ], [ -111.829780837914001, 40.462122420613802 ], [ -111.829782241082995, 40.462127546637397 ], [ -111.829783625386995, 40.462132677444799 ], [ -111.829784991723997, 40.462137808935402 ], [ -111.829786340994005, 40.462142945893298 ], [ -111.829787670499996, 40.462148083534302 ], [ -111.829788984735998, 40.4621532239088 ], [ -111.829790276512995, 40.462158366333298 ], [ -111.829791550324003, 40.462163513541697 ], [ -111.829792809761997, 40.462168662116603 ], [ -111.829794047641002, 40.462173814108503 ], [ -111.829795268450994, 40.462178967466897 ], [ -111.829796469499001, 40.462184123558799 ], [ -111.829797653477996, 40.462189282384202 ], [ -111.829798820389996, 40.462194445309997 ], [ -111.829799966639996, 40.462199608235501 ], [ -111.829801094923994, 40.4622047738943 ], [ -111.829802205242004, 40.462209942286698 ], [ -111.829803295795998, 40.462215114779497 ], [ -111.829804370180995, 40.462220285221498 ], [ -111.829805424803993, 40.462225461130799 ], [ -111.829806461459, 40.462230639773601 ], [ -111.829807479251002, 40.462235818415998 ], [ -111.829808478177, 40.462240999791902 ], [ -111.829809460934001, 40.4622461839013 ], [ -111.829810423927995, 40.4622513686937 ], [ -111.829811368956001, 40.4622565569031 ], [ -111.829812295118998, 40.462261747162501 ], [ -111.829813204214005, 40.462266937421397 ], [ -111.829814089953004, 40.462272130413901 ], [ -111.829814961319002, 40.462277326823298 ], [ -111.829815812922007, 40.462282523915697 ], [ -111.829816647455999, 40.462287722374697 ], [ -111.829817461329995, 40.462292922883698 ], [ -111.829818257236994, 40.462298124759201 ], [ -111.829819036076998, 40.462303328001298 ], [ -111.829819795153, 40.462308533293303 ], [ -111.829820536263, 40.462313740635402 ], [ -111.829821258509, 40.462318949344002 ], [ -111.829821962788003, 40.462324158052198 ], [ -111.829822649101004, 40.462329370177301 ], [ -111.829823314752005, 40.462334583668898 ], [ -111.829823962437999, 40.462339796476698 ], [ -111.829824593953006, 40.462345012017899 ], [ -111.829825204808003, 40.462350228242201 ], [ -111.829825798594001, 40.462355447200103 ], [ -111.829826370820996, 40.462360665473902 ], [ -111.829826926877999, 40.4623658871648 ], [ -111.829827464071002, 40.462371107488302 ], [ -111.829827983296994, 40.462376330545197 ], [ -111.829828481861995, 40.462381552918302 ], [ -111.829828964257004, 40.4623867793918 ], [ -111.829829426890001, 40.462392003814401 ], [ -111.829829869758996, 40.462397230970602 ], [ -111.829830296458994, 40.462402458809798 ], [ -111.829830702497006, 40.462407687332004 ], [ -111.829831091467994, 40.462412915853903 ], [ -111.829831461574003, 40.462418145742198 ], [ -111.829831811017996, 40.462423376313602 ], [ -111.829832144292993, 40.4624286075681 ], [ -111.829832457804997, 40.462433839505699 ], [ -111.829832754250006, 40.462439073493201 ], [ -111.829833028235996, 40.462444305429997 ], [ -111.829833287848999, 40.462449539416703 ], [ -111.829833526800996, 40.462454774770002 ], [ -111.829833747785997, 40.462460009439297 ], [ -111.829833949009, 40.462465244791701 ], [ -111.829834134959995, 40.4624704801438 ], [ -111.829834298452994, 40.462475716862301 ], [ -111.829834443980999, 40.462480951530097 ], [ -111.829834572440006, 40.462486188931301 ], [ -111.829834680236999, 40.462491425648601 ], [ -111.829834771866004, 40.462496663732502 ], [ -111.829834842832994, 40.462501901132399 ], [ -111.829834896731001, 40.462507138531997 ], [ -111.829834929968996, 40.462512375247698 ], [ -111.829834946139002, 40.462517612646401 ], [ -111.829834943443998, 40.462522850728298 ], [ -111.829834922782993, 40.462528087442699 ], [ -111.829834881460002, 40.462533325523701 ], [ -111.829834823968, 40.462538562920798 ], [ -111.829834745813997, 40.462543800317597 ], [ -111.829834649695002, 40.462549037030399 ], [ -111.829834536506993, 40.462554275793202 ], [ -111.829834403556006, 40.462559509771303 ], [ -111.829834252639003, 40.462564745799497 ], [ -111.829834081060994, 40.462569982510701 ], [ -111.829833890618005, 40.462575217854599 ], [ -111.829833683106997, 40.462580454565 ], [ -111.829833456732004, 40.462585688541097 ], [ -111.82983321239, 40.462590921833304 ], [ -111.829832949183995, 40.462596155808598 ], [ -111.829832668010994, 40.462601389783501 ], [ -111.829832365279003, 40.4626066223911 ], [ -111.829832047275005, 40.462611853631302 ], [ -111.829831708610001, 40.462617085554598 ], [ -111.829831352878003, 40.462622313376599 ], [ -111.829830977382002, 40.4626275446156 ], [ -111.82983058392, 40.462632773803897 ], [ -111.829830170695004, 40.462638001624697 ], [ -111.829829739502998, 40.4626432280782 ], [ -111.829829289447005, 40.462648455898297 ], [ -111.829828820526998, 40.462653681667497 ], [ -111.829828335437, 40.462658904702501 ], [ -111.829827828787003, 40.462664128420499 ], [ -111.829827305967001, 40.462669350087801 ], [ -111.829826762487002, 40.462674571071098 ], [ -111.829826201938005, 40.462679792054097 ], [ -111.829825620728002, 40.4626850096193 ], [ -111.829825024246006, 40.462690228551097 ], [ -111.829824407103999, 40.462695444748597 ], [ -111.829823771994995, 40.462700658895301 ], [ -111.829823116225, 40.462705873725099 ], [ -111.829822444285, 40.462711084453602 ], [ -111.829821753480999, 40.462716296548798 ], [ -111.829821045608, 40.462721505909599 ], [ -111.829820317073995, 40.462726713903102 ], [ -111.829819570574003, 40.462731920529301 ], [ -111.829818806107994, 40.462737125104702 ], [ -111.829818020082001, 40.462742327629201 ], [ -111.829817219682994, 40.462747530153401 ], [ -111.829816398622995, 40.462752729943297 ], [ -111.829815557800003, 40.462757928365903 ], [ -111.829814700807006, 40.462763124054298 ], [ -111.829813825848007, 40.462768319742203 ], [ -111.829812932023998, 40.462773510645498 ], [ -111.829812018438005, 40.462778702915301 ], [ -111.829811086885002, 40.462783892450901 ], [ -111.829810137365996, 40.462789079252197 ], [ -111.829809168981996, 40.462794264686202 ], [ -111.829808181733, 40.462799446702498 ], [ -111.829807174722006, 40.462804627351403 ], [ -111.829806152439005, 40.462809806633103 ], [ -111.829805110392996, 40.462814982497001 ], [ -111.829804048585004, 40.462820159043901 ], [ -111.829802972403002, 40.462825330806297 ], [ -111.829801873763003, 40.462830500517903 ], [ -111.829800758055995, 40.462835668178599 ], [ -111.829799624382005, 40.462840833788597 ], [ -111.829798470944993, 40.462845995980899 ], [ -111.829797300440006, 40.462851157489297 ], [ -111.829796110171998, 40.462856315579998 ], [ -111.829794904633005, 40.462861470936403 ], [ -111.829793678433006, 40.462866624242103 ], [ -111.829792434265997, 40.4628717741301 ], [ -111.829791170337003, 40.4628769226507 ], [ -111.829789890236995, 40.462882067753597 ], [ -111.829788591273001, 40.462887211489303 ], [ -111.829787274343005, 40.462892350440299 ], [ -111.829785937650001, 40.462897487340499 ], [ -111.829784583888994, 40.462902622873401 ], [ -111.829783212161999, 40.4629077536217 ], [ -111.829781820671002, 40.462912883686101 ], [ -111.829780413010994, 40.4629180096493 ], [ -111.829778986486005, 40.462923132195002 ], [ -111.829777539301006, 40.462928250639301 ], [ -111.829776078639995, 40.462933368399902 ], [ -111.829774596419995, 40.4629384827428 ], [ -111.829773095335, 40.462943592301002 ], [ -111.829771579877004, 40.4629487004919 ], [ -111.829770041063, 40.462953804581602 ], [ -111.829768487875995, 40.462958906620599 ], [ -111.829766913129006, 40.462964005241901 ], [ -111.829765324907996, 40.462969099762098 ], [ -111.829763716024999, 40.4629741901811 ], [ -111.829762090973006, 40.462979278549298 ], [ -111.829760444361, 40.4629843634998 ], [ -111.829758781579002, 40.462989443665698 ], [ -111.829757101729996, 40.462994522464399 ], [ -111.829755402117001, 40.462999596478397 ], [ -111.829753684538005, 40.463004667758099 ], [ -111.829751948094994, 40.463009734253298 ], [ -111.829750196380004, 40.4630147980142 ], [ -111.829748424901993, 40.463019857673999 ], [ -111.829746637254999, 40.4630249145996 ], [ -111.829744829844003, 40.4630299660571 ], [ -111.829743003569007, 40.463035014096903 ], [ -111.829741159327995, 40.463040060769401 ], [ -111.829739298917005, 40.463045101290398 ], [ -111.829737420539999, 40.463050137026798 ], [ -111.829735525095003, 40.4630551720794 ], [ -111.829733609887001, 40.463060200297001 ], [ -111.829731676712001, 40.463065225780298 ], [ -111.829729726470006, 40.463070245795599 ], [ -111.829727757361994, 40.463075263760203 ], [ -111.829725771187, 40.463080276940197 ], [ -111.829723766148007, 40.463085286019002 ], [ -111.829721744937999, 40.463090290313197 ], [ -111.829719707558993, 40.463095291873202 ], [ -111.829717649518997, 40.463100287281698 ], [ -111.829715574410997, 40.463105278589097 ], [ -111.829713480438002, 40.4631102671623 ], [ -111.829711369397003, 40.4631152495839 ], [ -111.829709243083997, 40.463120228587897 ], [ -111.829707096110994, 40.463125203490797 ], [ -111.829704932967999, 40.463130172925602 ], [ -111.829702751857994, 40.463135138942697 ], [ -111.829700551884002, 40.463140100175302 ], [ -111.829698334842007, 40.463145056623198 ], [ -111.829696100731994, 40.463150008286703 ], [ -111.829693848654998, 40.4631549551655 ], [ -111.829691579511007, 40.4631598972597 ], [ -111.829689292400005, 40.463164835252798 ], [ -111.829686987323001, 40.463169768461398 ], [ -111.829684666077, 40.463174696885403 ], [ -111.829682325066997, 40.463179619841299 ], [ -111.829679968785996, 40.463184537329198 ], [ -111.829677594539007, 40.463189451399401 ], [ -111.829675201426994, 40.463194360001602 ], [ -111.829672792145004, 40.463199263819298 ], [ -111.829670364896998, 40.4632041621689 ], [ -111.829667919683004, 40.463209055050498 ], [ -111.829665459197003, 40.463213943831001 ], [ -111.829662978949003, 40.4632188285103 ], [ -111.829660481632999, 40.463223704987897 ], [ -111.829657969045002, 40.463228578731197 ], [ -111.829655437591995, 40.463233446323002 ], [ -111.829652889970006, 40.463238307763397 ], [ -111.829650322584996, 40.463243165102703 ], [ -111.829647739929001, 40.4632480169739 ], [ -111.829645138407002, 40.4632528633771 ], [ -111.829642522512998, 40.463257703628898 ], [ -111.829639885060004, 40.4632625390961 ], [ -111.829637234130999, 40.463267369778698 ], [ -111.829634565237001, 40.463272194309901 ], [ -111.829631878376006, 40.463277012689602 ], [ -111.829629174447007, 40.4632818262847 ], [ -111.829626454348002, 40.463286634411901 ], [ -111.829623717180993, 40.4632914363876 ], [ -111.829620962947004, 40.463296232211803 ], [ -111.829618189846997, 40.463301023251503 ], [ -111.829615401477, 40.463305808139701 ], [ -111.829612595140006, 40.463310586876403 ], [ -111.829609773531004, 40.463315360145202 ], [ -111.829606933058002, 40.463320127945899 ], [ -111.829604075518006, 40.4633248882282 ], [ -111.829601203604, 40.463329643725999 ], [ -111.829598311927001, 40.463334392389001 ], [ -111.829595404977994, 40.4633391376343 ], [ -111.829592479165996, 40.463343874677797 ], [ -111.829589536284999, 40.463348604886299 ], [ -111.829586580826998, 40.463353330310298 ], [ -111.829583605606999, 40.4633580502664 ], [ -111.829580614216994, 40.463362762704101 ], [ -111.829577606658006, 40.463367468990299 ], [ -111.829574580233, 40.463372170492001 ], [ -111.829571538538005, 40.4633768644753 ], [ -111.829568479773997, 40.463381550940298 ], [ -111.829565405739004, 40.463386232620799 ], [ -111.829562312839997, 40.463390908149798 ], [ -111.829559204668996, 40.463395576160501 ], [ -111.829556079430006, 40.463400238019702 ], [ -111.829552938022005, 40.463404893044 ], [ -111.829549781341996, 40.463409542600402 ], [ -111.829546606695999, 40.463414185321902 ], [ -111.829543414083005, 40.4634188198416 ], [ -111.829540207996004, 40.463423450943601 ], [ -111.829536981247003, 40.4634280731605 ], [ -111.829533741023994, 40.463432688542397 ], [ -111.829530486427998, 40.463437299139798 ], [ -111.829527210272005, 40.463441900168498 ], [ -111.829523924235005, 40.463446495045901 ], [ -111.829520616638007, 40.463451084455201 ], [ -111.829517293769001, 40.463455666346199 ], [ -111.829513955630006, 40.463460240718803 ], [ -111.829510598626001, 40.463464808940103 ], [ -111.829507228146994, 40.463469368276101 ], [ -111.829503840599997, 40.463473924194602 ], [ -111.829500437780993, 40.463478471227702 ], [ -111.829497016996996, 40.4634830107426 ], [ -111.829493582737996, 40.463487543422602 ], [ -111.829490130511999, 40.463492068584301 ], [ -111.829486663015004, 40.4634965848607 ], [ -111.829483178450005, 40.463501098403 ], [ -111.829479676817002, 40.4635056016932 ], [ -111.829476161708996, 40.463510098831897 ], [ -111.829472630431994, 40.463514588452398 ], [ -111.829469082087002, 40.463519069871097 ], [ -111.829465519368, 40.463523544454901 ], [ -111.829461937784998, 40.463528011520403 ], [ -111.829458343626001, 40.463532471751201 ], [ -111.829454731499993, 40.463536923780097 ], [ -111.829451103203994, 40.463541369657598 ], [ -111.829447458738997, 40.463545805966397 ], [ -111.829443799003002, 40.463550235440501 ], [ -111.829440127588001, 40.463554658079602 ], [ -111.829436435511994, 40.463559070466601 ], [ -111.829432729961994, 40.463563478069197 ], [ -111.829429007342995, 40.463567876786598 ], [ -111.829425270352004, 40.463572269352497 ], [ -111.829421516292001, 40.463576651666401 ], [ -111.829417747860006, 40.463581027828901 ], [ -111.829413963256997, 40.463585395106101 ], [ -111.829410163383997, 40.463589755548597 ], [ -111.829406349137003, 40.463594107789298 ], [ -111.829402518720997, 40.463598451828297 ], [ -111.829398672135, 40.463602788348901 ], [ -111.829394811175007, 40.463607115984502 ], [ -111.829390934046998, 40.463611436785101 ], [ -111.829387040748003, 40.463615747333698 ], [ -111.829383133975, 40.463620052414299 ], [ -111.829379210133993, 40.463624348609798 ], [ -111.82937527192, 40.463628635236603 ], [ -111.829371318433999, 40.463632915028597 ], [ -111.829367348779002, 40.463637186618897 ], [ -111.829363365649002, 40.463641448640601 ], [ -111.829359368146001, 40.463645704510903 ], [ -111.829355353574996, 40.463649950129103 ], [ -111.829351324631006, 40.4636541889125 ], [ -111.829347278618997, 40.463658418810702 ], [ -111.829343220029997, 40.463662639823802 ], [ -111.829339146170994, 40.4636668519517 ], [ -111.829335055243007, 40.463671055877903 ], [ -111.829330952636994, 40.463675252285803 ], [ -111.829326833861003, 40.463679439125102 ], [ -111.829322698916002, 40.463683619813096 ], [ -111.829318549598, 40.463687788198598 ], [ -111.829314386804995, 40.463691951116203 ], [ -111.829310206944001, 40.4636961037818 ], [ -111.829306016302993, 40.463700246878702 ], [ -111.829301806797005, 40.4637043824575 ], [ -111.829297585614, 40.463708510517897 ], [ -111.829293347361997, 40.463712628326299 ], [ -111.829289096533998, 40.463716735882699 ], [ -111.829284829537002, 40.463720836604303 ], [ -111.829280549963002, 40.463724928440698 ], [ -111.829276252423, 40.463729012075397 ], [ -111.829271942305994, 40.463733084774603 ], [ -111.829267618713999, 40.463737149955598 ], [ -111.829263277156997, 40.463741205567999 ], [ -111.829258924819001, 40.463745252295297 ], [ -111.829254557210007, 40.463749288770501 ], [ -111.829250175227997, 40.463753318410902 ], [ -111.829245777975004, 40.463757337115901 ], [ -111.829241366348, 40.463761347619197 ], [ -111.829236943043995, 40.463765350604199 ], [ -111.829232502671999, 40.463769341286799 ], [ -111.829228049723, 40.463773323084403 ], [ -111.829223582400999, 40.463777297363698 ], [ -111.829219098908993, 40.463781260707499 ], [ -111.829214603739999, 40.463785213799298 ], [ -111.829210095094993, 40.4637891614233 ], [ -111.829205569383006, 40.463793097428201 ], [ -111.829201031992, 40.4637970245481 ], [ -111.829196482024997, 40.463800941415997 ], [ -111.829191914990005, 40.463804849398699 ], [ -111.829187335379004, 40.463808747812898 ], [ -111.829182742293, 40.463812635975103 ], [ -111.829178136631, 40.463816515252198 ], [ -111.829173513002004, 40.463820385644198 ], [ -111.829168876796999, 40.463824245100703 ], [ -111.829164229811994, 40.463828095672099 ], [ -111.829159568454003, 40.463831935991401 ], [ -111.829154892722997, 40.463835768109199 ], [ -111.829150202619005, 40.463839589291503 ], [ -111.829145498141003, 40.463843400905198 ], [ -111.829140781985998, 40.463847202266898 ], [ -111.829136053254004, 40.463850994743602 ], [ -111.829131308352999, 40.463854778335097 ], [ -111.829126551773996, 40.463858548257399 ], [ -111.829121780820998, 40.463862311344897 ], [ -111.829116995495994, 40.4638660641805 ], [ -111.829112200289003, 40.463869807447502 ], [ -111.829107392504994, 40.463873539779101 ], [ -111.829102564959001, 40.463877262542198 ], [ -111.829097729327998, 40.4638809750532 ], [ -111.829092878425001, 40.463884677312301 ], [ -111.829088015845002, 40.463888370002898 ], [ -111.829083138890994, 40.463892053124901 ], [ -111.829078250259002, 40.463895724628003 ], [ -111.829073347253996, 40.463899386562602 ], [ -111.829068429876997, 40.463903038928699 ], [ -111.829063502617004, 40.463906680359401 ], [ -111.829058561883002, 40.4639103122215 ], [ -111.829053607673998, 40.463913933148298 ], [ -111.829048639991001, 40.463917543823001 ], [ -111.829043659730999, 40.463921145612701 ], [ -111.829038667793, 40.4639247351001 ], [ -111.829033661482001, 40.463928314335497 ], [ -111.829028644391002, 40.463931883318899 ], [ -111.829023612927003, 40.463935442733799 ], [ -111.829018568886994, 40.463938991896804 ], [ -111.829013512269995, 40.463942530124399 ], [ -111.829008443974999, 40.4639460560496 ], [ -111.829003363103993, 40.463949574456699 ], [ -111.828998269655997, 40.463953080561502 ], [ -111.828993163632006, 40.463956576414397 ], [ -111.828988044132998, 40.463960062698703 ], [ -111.828982912057995, 40.463963535313901 ], [ -111.828977770101005, 40.463966999727397 ], [ -111.828972615568006, 40.463970453205597 ], [ -111.828967444865995, 40.463973895748303 ], [ -111.828962266077994, 40.463977328722599 ], [ -111.828957072917007, 40.463980749394601 ], [ -111.828951869874999, 40.4639841604981 ], [ -111.828946650662999, 40.463987559299298 ], [ -111.828941422468006, 40.463990948532 ], [ -111.828936183493994, 40.463994326146 ], [ -111.828930930146001, 40.4639976928244 ], [ -111.828925664221998, 40.464001047884103 ], [ -111.828920389314007, 40.464004394742297 ], [ -111.828915099135997, 40.464007727247697 ], [ -111.828909799075007, 40.464011051551601 ], [ -111.828904487336999, 40.464014361502898 ], [ -111.828899163022001, 40.464017664619497 ], [ -111.828893827030001, 40.464020952016597 ], [ -111.828888481155005, 40.4640242318955 ], [ -111.828883122704994, 40.464027500839101 ], [ -111.828877750779, 40.464030756113601 ], [ -111.828872368972, 40.464034003186399 ], [ -111.828866975487998, 40.464037237273601 ], [ -111.828861570323994, 40.464040460425402 ], [ -111.828856153483002, 40.4640436719584 ], [ -111.828850724963999, 40.464046873239397 ], [ -111.828845284766999, 40.464050062218199 ], [ -111.828839834687997, 40.464053240261698 ], [ -111.828834372033, 40.464056406002904 ], [ -111.828828900394001, 40.464059562859099 ], [ -111.828823414382995, 40.464062706729699 ], [ -111.828817919388001, 40.464065838981398 ], [ -111.828812412716005, 40.464068958930802 ], [ -111.828806894365002, 40.464072069995296 ], [ -111.828801365234, 40.464075168074103 ], [ -111.828795826222006, 40.464078254534101 ], [ -111.828790274634002, 40.464081330742196 ], [ -111.828784714959994, 40.464084393964498 ], [ -111.828779141812007, 40.464087446251703 ], [ -111.828773556087995, 40.464090486919901 ], [ -111.828767964074999, 40.464093515286002 ], [ -111.828762357689996, 40.464096533400102 ], [ -111.828756743219003, 40.4640995392121 ], [ -111.828751115274002, 40.464102534772103 ], [ -111.828745478344999, 40.464105515979597 ], [ -111.828739831535003, 40.464108486251703 ], [ -111.828734173946003, 40.4641114449052 ], [ -111.828728503779999, 40.464114392623202 ], [ -111.828722826426997, 40.464117328039002 ], [ -111.828717135600002, 40.4641202511526 ], [ -111.828711436687996, 40.464123162647503 ], [ -111.828705724301003, 40.464126063890497 ], [ -111.828700003828999, 40.464128951464303 ], [ -111.828694275271999, 40.464131827419401 ], [ -111.828688533241007, 40.464134692439302 ], [ -111.828682781327998, 40.464137544473303 ], [ -111.828677021331004, 40.464140384888701 ], [ -111.828671248757004, 40.464143213685297 ], [ -111.828665468995993, 40.464146030179698 ], [ -111.828659676659001, 40.464148835738897 ], [ -111.828653875339, 40.464151626945402 ], [ -111.828648063239001, 40.464154407216697 ], [ -111.828642242155993, 40.464157177919503 ], [ -111.828636408497005, 40.464159932219403 ], [ -111.828630569447, 40.464162676267598 ], [ -111.828624720516999, 40.4641654086969 ], [ -111.828618859008998, 40.464168128824099 ], [ -111.828612987621, 40.464170836648996 ], [ -111.828607109046004, 40.464173532855298 ], [ -111.828601220588993, 40.4641762147089 ], [ -111.828595323149003, 40.464178886994297 ], [ -111.828589413133002, 40.464181545610501 ], [ -111.828583497726996, 40.464184191924502 ], [ -111.828577569743999, 40.464186825936402 ], [ -111.828571633677001, 40.464189448329499 ], [ -111.828565686828995, 40.464192057053502 ], [ -111.828559732795995, 40.464194655525702 ], [ -111.828553767982001, 40.464197239645401 ], [ -111.828547796880997, 40.464199812829797 ], [ -111.828541812303996, 40.464202371661699 ], [ -111.828535822337997, 40.464204920241798 ], [ -111.828529820693007, 40.464207455836203 ], [ -111.828523811861999, 40.464209978444998 ], [ -111.828517792252001, 40.464212488068199 ], [ -111.828511766353003, 40.464214987439597 ], [ -111.828505730572004, 40.464217471091501 ], [ -111.828499684910994, 40.464219945175202 ], [ -111.828493631163994, 40.464222404222802 ], [ -111.828487569331998, 40.4642248523352 ], [ -111.828481494924006, 40.464227288145402 ], [ -111.828475418720004, 40.464229709603103 ], [ -111.828469329040999, 40.464232120125502 ], [ -111.828463233072995, 40.464234516295498 ], [ -111.828457126326001, 40.4642369008467 ], [ -111.828451012391994, 40.464239273095799 ], [ -111.826823691797003, 40.465103787255899 ], [ -111.826388193937007, 40.465333152578303 ], [ -111.826199547727001, 40.465431755403401 ], [ -111.826010356240005, 40.4655306423927 ], [ -111.825952418498005, 40.465560926081203 ], [ -111.825627637097995, 40.465730681515403 ], [ -111.825566096212995, 40.465762847971 ], [ -111.825009797405002, 40.4660536083572 ], [ -111.824977952129004, 40.466070251921998 ], [ -111.824531538840006, 40.466303574405302 ], [ -111.824348292403002, 40.466426935652201 ], [ -111.824096523375005, 40.466638232881898 ], [ -111.823130737426993, 40.4678030894109 ], [ -111.823111736262007, 40.467826006946197 ], [ -111.822851198777997, 40.468104926542402 ], [ -111.822513370248004, 40.468623787758901 ], [ -111.822480756012993, 40.4687217672736 ], [ -111.822372276357996, 40.4691251431314 ], [ -111.822318525662993, 40.469430890860799 ], [ -111.822312311117003, 40.469575804030598 ], [ -111.822320662755004, 40.469659605850602 ], [ -111.822336385068994, 40.469742787729103 ], [ -111.822359409788007, 40.469824972436399 ], [ -111.822389629113999, 40.469905785478197 ], [ -111.822426907402004, 40.469984861929198 ], [ -111.822471074869, 40.470061840966203 ], [ -111.822521930294002, 40.470136372701397 ], [ -111.822764953323997, 40.470465013326802 ], [ -111.823296063371998, 40.471166957391198 ], [ -111.823632834584998, 40.471621792982802 ], [ -111.823698519399002, 40.4717142587768 ], [ -111.823757856716, 40.471809192780597 ], [ -111.823810690231994, 40.471906343503399 ], [ -111.823856877111993, 40.472005449205099 ], [ -111.823896294288005, 40.472106246096999 ], [ -111.823928837555997, 40.472208464924698 ], [ -111.823953395698993, 40.472295333140998 ], [ -111.823977444497999, 40.472408154775799 ], [ -111.823994941883001, 40.472521677352503 ], [ -111.824005851921996, 40.472635679458001 ], [ -111.824010153954006, 40.472749938997403 ], [ -111.824007840792007, 40.472864231826897 ], [ -111.823998183903001, 40.472976246141798 ], [ -111.823980282275997, 40.473087667114903 ], [ -111.823954188013005, 40.473198141453501 ], [ -111.823919990049006, 40.473307318600597 ], [ -111.823877790789993, 40.473414849368098 ], [ -111.823827727679003, 40.473520395503897 ], [ -111.823769958819994, 40.473623619441 ], [ -111.82367754194, 40.473776675944201 ], [ -111.823406996326, 40.474196305599499 ], [ -111.823335075407996, 40.474307152587599 ], [ -111.823163821479994, 40.474568438247502 ], [ -111.823085163197007, 40.474713552166797 ], [ -111.823047639669994, 40.474803228406401 ], [ -111.822999991230006, 40.474940352214396 ], [ -111.822897941715993, 40.475246234734797 ], [ -111.822636575087003, 40.476150581174402 ], [ -111.822582498304001, 40.476387832603002 ], [ -111.822571069038005, 40.476468369883797 ], [ -111.822566876601002, 40.476549315695202 ], [ -111.822569940753993, 40.476630291475203 ], [ -111.822580248921994, 40.476710917296998 ], [ -111.822597750799005, 40.476790815285597 ], [ -111.822622366434004, 40.476869613717497 ], [ -111.822653979945997, 40.476946942237902 ], [ -111.822692444010002, 40.477022439376398 ], [ -111.822790069321996, 40.477196225422702 ], [ -111.822789873489, 40.477198681945303 ], [ -111.822938045205007, 40.477435292138203 ], [ -111.823138400055996, 40.477778966090398 ], [ -111.823345916277006, 40.477995299800497 ], [ -111.823599888871996, 40.478240300231903 ], [ -111.823615953444005, 40.478253696441101 ], [ -111.823830625644007, 40.4784327175079 ], [ -111.824199264593005, 40.478624750216703 ], [ -111.824269517339005, 40.4786499237374 ], [ -111.824304316276994, 40.478662392624798 ], [ -111.824636683050002, 40.478781486507998 ], [ -111.824959107270999, 40.478920999203801 ], [ -111.825373866624005, 40.4791300603233 ], [ -111.825742443587998, 40.479322479832199 ], [ -111.826065458900004, 40.479584834459203 ], [ -111.826342425671996, 40.479829765543798 ], [ -111.826532542422996, 40.480163711592297 ], [ -111.826899262569995, 40.4807236179185 ], [ -111.827089310152004, 40.481013777156697 ], [ -111.827090587556, 40.481015445720601 ], [ -111.827091866757002, 40.481017114967599 ], [ -111.827093146856001, 40.481018780798301 ], [ -111.827094433244, 40.481020445262402 ], [ -111.827095718733005, 40.481022109043103 ], [ -111.827097009612004, 40.481023772823796 ], [ -111.827098302287993, 40.481025432504801 ], [ -111.827099596759993, 40.481027093552299 ], [ -111.827100893028998, 40.481028753916497 ], [ -111.827102193789003, 40.4810304108643 ], [ -111.827103495448, 40.481032068495303 ], [ -111.827104800699999, 40.481033724076397 ], [ -111.827106106851005, 40.481035378290997 ], [ -111.827107417492996, 40.481037032505398 ], [ -111.827108729930998, 40.481038684669997 ], [ -111.827110044167, 40.481040336151402 ], [ -111.827111361096996, 40.481041984899498 ], [ -111.827112681619994, 40.481043634330902 ], [ -111.827114004839004, 40.481045282395698 ], [ -111.827115329853996, 40.481046927727299 ], [ -111.827116655767, 40.481048575108701 ], [ -111.827117987969004, 40.4810502177072 ], [ -111.827119320169999, 40.481051860305598 ], [ -111.827120655067006, 40.481053502220703 ], [ -111.827121989963004, 40.4810551427692 ], [ -111.827123330250004, 40.481056782634397 ], [ -111.827124674128996, 40.481058421133 ], [ -111.827126018008997, 40.481060055531898 ], [ -111.827127365481999, 40.481061694713702 ], [ -111.827128716548003, 40.481063329112402 ], [ -111.827130068513, 40.481064961461399 ], [ -111.827131423172005, 40.481066593126997 ], [ -111.827132780526, 40.481068224792601 ], [ -111.827134139677995, 40.481069853725003 ], [ -111.827135501523003, 40.481071483340699 ], [ -111.827136867861, 40.4810731109065 ], [ -111.827138235096996, 40.4810747371057 ], [ -111.827139605027995, 40.481076360571699 ], [ -111.827140976755004, 40.481077985404298 ], [ -111.827142351177997, 40.481079606820501 ], [ -111.827143729192997, 40.481081229603099 ], [ -111.827145109005002, 40.481082850335902 ], [ -111.827146488818002, 40.481084468335602 ], [ -111.82714787402, 40.481086086335203 ], [ -111.827149260119995, 40.481087701601602 ], [ -111.827150650711999, 40.481089316868101 ], [ -111.827152043999007, 40.481090930767898 ], [ -111.827153437286, 40.481092544667703 ], [ -111.827154834167004, 40.481094155150998 ], [ -111.827156233742002, 40.4810957649511 ], [ -111.827157635114006, 40.4810973740679 ], [ -111.827159039180998, 40.4810989811347 ], [ -111.827160445941999, 40.4811005888848 ], [ -111.827161854501, 40.481102193901798 ], [ -111.827163268448999, 40.481103797552201 ], [ -111.827164681498999, 40.481105400519198 ], [ -111.827166098142001, 40.481107001436399 ], [ -111.827167514785003, 40.481108602353501 ], [ -111.827168936817998, 40.481110201904102 ], [ -111.827170360647997, 40.481111798038299 ], [ -111.827171785375995, 40.481113394855598 ], [ -111.827173213696994, 40.481114990306402 ], [ -111.827174645612004, 40.481116584390598 ], [ -111.827176078424998, 40.4811181764249 ], [ -111.827177514831007, 40.481119768459202 ], [ -111.827178953932005, 40.481121359810203 ], [ -111.827180394829995, 40.4811229463782 ], [ -111.827181837523995, 40.4811245356792 ], [ -111.827183282015, 40.481126121563904 ], [ -111.827184731895997, 40.4811277067652 ], [ -111.827186180878996, 40.481129289233401 ], [ -111.827187632556004, 40.481130872384803 ], [ -111.827189087826994, 40.481132454852997 ], [ -111.827190546691, 40.481134032538101 ], [ -111.827192006453004, 40.481135610906499 ], [ -111.827193468909996, 40.481137187908303 ], [ -111.827194934961, 40.4811387655934 ], [ -111.827196400112996, 40.4811403384954 ], [ -111.827197869757001, 40.481141912080702 ], [ -111.827199341197002, 40.481143483616201 ], [ -111.827200816230999, 40.4811450544683 ], [ -111.827202293959999, 40.481146623953798 ], [ -111.827203772586998, 40.481148192756002 ], [ -111.827205253909, 40.481149759508398 ], [ -111.827206739722001, 40.481151324210899 ], [ -111.827208223739007, 40.481152886863498 ], [ -111.827209713146004, 40.481154450882599 ], [ -111.827211203451, 40.481156013535198 ], [ -111.827212696450999, 40.481157572771302 ], [ -111.827214193941998, 40.481159131324198 ], [ -111.827215692332004, 40.4811606891937 ], [ -111.827217189823998, 40.481162245013302 ], [ -111.827218694501994, 40.481163800149602 ], [ -111.827220200976996, 40.481165353919401 ], [ -111.827221706553004, 40.4811669070058 ], [ -111.827223217519006, 40.481168456675803 ], [ -111.827224730281998, 40.481170006345799 ], [ -111.827226243943997, 40.481171553282699 ], [ -111.827227762096001, 40.481173100902801 ], [ -111.827229281148007, 40.4811746457897 ], [ -111.827230802893993, 40.481176189993299 ], [ -111.827232327334997, 40.481177732830403 ], [ -111.827233852673999, 40.481179276350602 ], [ -111.827235381606997, 40.481180814404702 ], [ -111.827236913234003, 40.481182353142003 ], [ -111.827238445760003, 40.481183889829403 ], [ -111.827239982777996, 40.481185426516802 ], [ -111.827241521592001, 40.481186960471 ], [ -111.827243062202001, 40.481188494425297 ], [ -111.827244604610001, 40.481190025646299 ], [ -111.827246149711996, 40.4811915561841 ], [ -111.827247697508994, 40.481193086038502 ], [ -111.827249246205, 40.481194611793299 ], [ -111.827250797594999, 40.481196140281199 ], [ -111.827252352578995, 40.481197665352603 ], [ -111.827253908461003, 40.481199188374099 ], [ -111.827255467935998, 40.481200711395701 ], [ -111.827257029207999, 40.481202231684001 ], [ -111.827258594073996, 40.4812037499225 ], [ -111.827260158041, 40.481205269527599 ], [ -111.827261726499003, 40.481206786399497 ], [ -111.827263299449001, 40.4812083012215 ], [ -111.827264872398999, 40.481209813993701 ], [ -111.827266448044, 40.481211326765902 ], [ -111.827268022791003, 40.481212837488201 ], [ -111.827269605622007, 40.481214347527199 ], [ -111.827271187555993, 40.481215856199498 ], [ -111.827272770386998, 40.4812173628221 ], [ -111.827274356811998, 40.481218868761303 ], [ -111.827275946829999, 40.481220371284103 ], [ -111.827277536848001, 40.481221876539998 ], [ -111.827279131357997, 40.481223375646401 ], [ -111.827280728562002, 40.4812248761192 ], [ -111.827282326664999, 40.481226374542203 ], [ -111.827283927463, 40.481227870915397 ], [ -111.827285529158999, 40.481229366605199 ], [ -111.827287135347007, 40.481230861611799 ], [ -111.827288741535, 40.481232353885197 ], [ -111.827290350417002, 40.481233844792001 ], [ -111.827291962893, 40.481235335015597 ], [ -111.827293577166003, 40.481236824555801 ], [ -111.827295191437997, 40.481238309312999 ], [ -111.827296811999005, 40.481239796803301 ], [ -111.827298432559999, 40.481241279510698 ], [ -111.827300054019005, 40.481242762901303 ], [ -111.827301681766002, 40.4812442449253 ], [ -111.827303308615001, 40.4812457228497 ], [ -111.827304939057001, 40.481247201457201 ], [ -111.827306569499996, 40.481248678698201 ], [ -111.827308205332002, 40.481250153889398 ], [ -111.827309842061993, 40.481251627713903 ], [ -111.827311480589003, 40.4812531015384 ], [ -111.827313121811002, 40.4812545719466 ], [ -111.827314765728005, 40.481256041671401 ], [ -111.827316410544, 40.4812575100296 ], [ -111.827318058054004, 40.481258977021199 ], [ -111.827319707360999, 40.481260441279801 ], [ -111.827321361158994, 40.481261905538197 ], [ -111.827323014957997, 40.481263367746799 ], [ -111.827324670552997, 40.481264828588898 ], [ -111.827326330638996, 40.481266288064297 ], [ -111.827327992522996, 40.481267745489902 ], [ -111.827329653508002, 40.481269202915499 ], [ -111.827331320780999, 40.481270657607901 ], [ -111.827332988053996, 40.481272110250501 ], [ -111.827334658021996, 40.481273563576302 ], [ -111.827336330685, 40.4812750134857 ], [ -111.827338006042993, 40.481276462711897 ], [ -111.827339681401, 40.481277909888099 ], [ -111.827341360351994, 40.4812793550145 ], [ -111.827343041999001, 40.4812807994576 ], [ -111.827344726340002, 40.4812822432174 ], [ -111.827346409783004, 40.481283685610599 ], [ -111.827348097717007, 40.481285125270702 ], [ -111.827349789245005, 40.481286563564197 ], [ -111.827351479873997, 40.481288000491098 ], [ -111.827353174994997, 40.481289436051398 ], [ -111.827354870115997, 40.481290869561903 ], [ -111.827356568829998, 40.481292303755602 ], [ -111.827358270239003, 40.481293733849697 ], [ -111.827359972547001, 40.481295163943699 ], [ -111.827361677549007, 40.481296591304599 ], [ -111.827363384348004, 40.481298016615597 ], [ -111.827365094740003, 40.481299443293203 ], [ -111.827366805132996, 40.481300865870999 ], [ -111.827368519117996, 40.481302289132103 ], [ -111.827370235798995, 40.481303708293602 ], [ -111.827371953378005, 40.481305128138203 ], [ -111.827373674550003, 40.4813065445665 ], [ -111.827375396619999, 40.481307960994798 ], [ -111.827377120487, 40.481309375373201 ], [ -111.827378847947003, 40.481310789068303 ], [ -111.827380577203996, 40.481312200030203 ], [ -111.827382308257995, 40.481313608942301 ], [ -111.827384040210006, 40.481315017171099 ], [ -111.827385776653003, 40.481316424033402 ], [ -111.827387513995006, 40.481317829528997 ], [ -111.827389253133006, 40.481319232291597 ], [ -111.827390994967004, 40.481320634370803 ], [ -111.827392738596998, 40.4813220344002 ], [ -111.827394484921996, 40.481323434429498 ], [ -111.827396233043004, 40.4813248310424 ], [ -111.827397982961003, 40.4813262262888 ], [ -111.827399735574005, 40.4813276208518 ], [ -111.827401490881996, 40.481329014048299 ], [ -111.827403246190997, 40.481330405878197 ], [ -111.827405006888, 40.481331794974999 ], [ -111.827406767585998, 40.4813331833885 ], [ -111.827408530979, 40.4813345697521 ], [ -111.827410293474003, 40.481335953382597 ], [ -111.827412061358004, 40.481337336329801 ], [ -111.827413831040005, 40.481338719276899 ], [ -111.827415601618995, 40.481340100174201 ], [ -111.827417375791995, 40.4813414776551 ], [ -111.827419151761006, 40.4813428558192 ], [ -111.827420928628996, 40.481344230566997 ], [ -111.827422707292996, 40.4813456053148 ], [ -111.827424490449005, 40.481346976646101 ], [ -111.827426274502997, 40.481348347294102 ], [ -111.827428059455002, 40.4813497158923 ], [ -111.827429847103005, 40.481351083807098 ], [ -111.827431637445002, 40.481352451038703 ], [ -111.827433429584005, 40.481353814853897 ], [ -111.827435224417997, 40.481355177302497 ], [ -111.827437021947006, 40.481356538384503 ], [ -111.827438818576994, 40.4813578974167 ], [ -111.827440621495995, 40.481359255765597 ], [ -111.827442422618006, 40.4813606134312 ], [ -111.827444228231997, 40.481361966997099 ], [ -111.827446033846002, 40.481363320562899 ], [ -111.827447843951006, 40.481364672762197 ], [ -111.827449654055997, 40.481366021545099 ], [ -111.827451466856999, 40.481367371011302 ], [ -111.827453281453998, 40.481368717061002 ], [ -111.827455098745006, 40.481370063110703 ], [ -111.827456917833999, 40.481371405060699 ], [ -111.827458739617001, 40.481372749743898 ], [ -111.827460562298995, 40.481374087594197 ], [ -111.827462385879002, 40.481375426811098 ], [ -111.827464214849002, 40.481376763978098 ], [ -111.827466042021996, 40.481378099095302 ], [ -111.827467875484004, 40.481379433529199 ], [ -111.827469708945003, 40.4813807652299 ], [ -111.827471544202993, 40.481382095564101 ], [ -111.827473381258002, 40.481383425898301 ], [ -111.827475220108994, 40.481384752132698 ], [ -111.827477061655998, 40.481386077683901 ], [ -111.827478905896996, 40.481387401868503 ], [ -111.827480750137994, 40.481388723320002 ], [ -111.827482597973002, 40.481390044771501 ], [ -111.827484446705995, 40.481391363489799 ], [ -111.827486298134005, 40.481392681524902 ], [ -111.827488152255995, 40.481393998193397 ], [ -111.827490008175999, 40.481395312811998 ], [ -111.827491864992993, 40.481396624697503 ], [ -111.827493723608001, 40.481397934533099 ], [ -111.827495584917003, 40.481399245735297 ], [ -111.827497448920994, 40.481400551471303 ], [ -111.827499313824006, 40.481401857890503 ], [ -111.827501181420999, 40.481403162259902 ], [ -111.827503051714004, 40.4814044652626 ], [ -111.827504922903998, 40.481405766215602 ], [ -111.827506795892006, 40.481407065118702 ], [ -111.827508672472007, 40.481408361972001 ], [ -111.827510549053002, 40.4814096588251 ], [ -111.827512428329001, 40.481410953628597 ], [ -111.827514309400996, 40.481412245698799 ], [ -111.827516191371004, 40.481413537769001 ], [ -111.827518078731998, 40.4814148271062 ], [ -111.827519964295007, 40.481416113026903 ], [ -111.827521853451998, 40.4814173996308 ], [ -111.827523745304006, 40.481418683501701 ], [ -111.827525637156, 40.481419967372602 ], [ -111.827527532602005, 40.4814212471437 ], [ -111.827529430742004, 40.481422526231597 ], [ -111.827531327984005, 40.4814238039529 ], [ -111.827533229717005, 40.481425079624401 ], [ -111.827535131451, 40.481426355295802 ], [ -111.827537037675995, 40.481427626184299 ], [ -111.827538943901004, 40.481428897072703 ], [ -111.827540851921995, 40.4814301672779 ], [ -111.827542763536997, 40.481431433383399 ], [ -111.827544675151998, 40.481432700172199 ], [ -111.827546589462003, 40.481433963544603 ], [ -111.827548503771993, 40.4814352255503 ], [ -111.827550422572997, 40.481436486872902 ], [ -111.827552343172002, 40.481437745462202 ], [ -111.827554265565993, 40.481439002685001 ], [ -111.827556189757999, 40.481440257857997 ], [ -111.827558115746001, 40.481441513030902 ], [ -111.827560044427997, 40.481442764787502 ], [ -111.827561972213005, 40.481444013811 ], [ -111.827563903590999, 40.481445262834299 ], [ -111.827565837663997, 40.481446509807903 ], [ -111.827567773533005, 40.481447755414997 ], [ -111.827569710301006, 40.481448998972098 ], [ -111.827571648865003, 40.481450239796096 ], [ -111.827573591022997, 40.481451479936901 ], [ -111.827575534079003, 40.481452718711097 ], [ -111.827577478931005, 40.481453956118699 ], [ -111.827579424682, 40.481455190793199 ], [ -111.82758137223, 40.481456422734503 ], [ -111.827583323371002, 40.4814576546759 ], [ -111.827585276308, 40.481458885934003 ], [ -111.827587229246006, 40.481460112409103 ], [ -111.827589186674999, 40.481461338884202 ], [ -111.827591143204998, 40.481462562626199 ], [ -111.827593104228001, 40.481463786368202 ], [ -111.827595067944998, 40.481465007376997 ], [ -111.82759702717, 40.481466226336103 ], [ -111.827598993582995, 40.481467443928501 ], [ -111.827600959994996, 40.481468659471098 ], [ -111.827602930897996, 40.481469872280599 ], [ -111.827604900005994, 40.4814710857733 ], [ -111.827606871808001, 40.481472295849699 ], [ -111.827608849, 40.481473505242697 ], [ -111.827610824394995, 40.481474712585999 ], [ -111.827612804281998, 40.4814759171961 ], [ -111.827614783269993, 40.481477119756299 ], [ -111.827616763156996, 40.481478322316597 ], [ -111.827618748434006, 40.481479523510302 ], [ -111.827620733711001, 40.481480721287603 ], [ -111.827622720784007, 40.481481917015003 ], [ -111.827624711450994, 40.481483112059202 ], [ -111.827626701219003, 40.481484305053499 ], [ -111.827628694580994, 40.481485496681202 ], [ -111.827630689738996, 40.481486686259103 ], [ -111.827632683998999, 40.481487873787202 ], [ -111.827634681852004, 40.481489058582198 ], [ -111.827636683299005, 40.481490243377202 ], [ -111.827638684744997, 40.481491425438897 ], [ -111.827640688886007, 40.481492606134204 ], [ -111.827642693925995, 40.481493784096401 ], [ -111.827644701661001, 40.481494962058498 ], [ -111.827646711192003, 40.481496137970801 ], [ -111.827648720723005, 40.481497311149901 ], [ -111.827650734746001, 40.481498482279299 ], [ -111.827652749666996, 40.481499651358803 ], [ -111.827654764588999, 40.481500819754999 ], [ -111.827656783102995, 40.4815019867847 ], [ -111.827658802515998, 40.481503150397899 ], [ -111.827660823724997, 40.481504313327903 ], [ -111.827662846731002, 40.4815054755746 ], [ -111.827664872431995, 40.481506633721601 ], [ -111.827666898133003, 40.4815077905021 ], [ -111.827668927426998, 40.481508946599199 ], [ -111.827670956722002, 40.481510099280001 ], [ -111.827672989608999, 40.481511252643998 ], [ -111.827675022497004, 40.481512401908397 ], [ -111.827677058977002, 40.481513551172803 ], [ -111.827679096355993, 40.4815146970207 ], [ -111.827681135532004, 40.481515842868703 ], [ -111.827683174708, 40.481516984617002 ], [ -111.827685219272993, 40.481518124998701 ], [ -111.827687263838996, 40.481519263330597 ], [ -111.827689309302997, 40.481520403029101 ], [ -111.827691357462001, 40.481521537944602 ], [ -111.827693406519003, 40.4815226708102 ], [ -111.827695457372997, 40.481523803675898 ], [ -111.827697508225995, 40.481524933125201 ], [ -111.827699567164998, 40.481526061891103 ], [ -111.827701620713995, 40.481527188607302 ], [ -111.827703678754006, 40.481528312590299 ], [ -111.827705739489005, 40.481529436573297 ], [ -111.827707800224999, 40.481530557139898 ], [ -111.827709864553, 40.481531675656697 ], [ -111.827711928881996, 40.481532792806902 ], [ -111.827713995905, 40.481533908590599 ], [ -111.827716062030007, 40.481535023007702 ], [ -111.827718133545005, 40.481536134008401 ], [ -111.827720205060004, 40.481537245692401 ], [ -111.827722278371994, 40.481538351910203 ], [ -111.827724353479994, 40.481539458127997 ], [ -111.827726428589003, 40.481540562295898 ], [ -111.827728508188997, 40.481541665097303 ], [ -111.827730587789006, 40.481542765848801 ], [ -111.827732669184996, 40.481543865233697 ], [ -111.827734753276005, 40.481544961885596 ], [ -111.827736837367993, 40.481546057854203 ], [ -111.827738925052998, 40.4815471510897 ], [ -111.827741013636, 40.481548242275302 ], [ -111.827743104914006, 40.481549332094403 ], [ -111.827745197089996, 40.481550420546903 ], [ -111.827747289266, 40.4815515062663 ], [ -111.827749382340997, 40.481552590619103 ], [ -111.827751480805006, 40.481553672922097 ], [ -111.827753579269995, 40.481554753175303 ], [ -111.827755677734004, 40.481555830695399 ], [ -111.827757777995998, 40.481556907532102 ], [ -111.827759883647005, 40.481557981635802 ], [ -111.827761988399004, 40.481559057105997 ], [ -111.827764094949003, 40.4815601264267 ], [ -111.827766201497994, 40.481561195747503 ], [ -111.827768312539007, 40.481562263701598 ], [ -111.827770423580006, 40.481563329605898 ], [ -111.827772538214006, 40.481564392093901 ], [ -111.827774651949994, 40.481565455264999 ], [ -111.827776768381, 40.4815665150199 ], [ -111.827778885710003, 40.481567572724799 ], [ -111.827781006631994, 40.481568628380003 ], [ -111.827783126656001, 40.481569681985299 ], [ -111.827785248476999, 40.4815707342241 ], [ -111.827787373890999, 40.481571784413099 ], [ -111.827789498407, 40.481572833235397 ], [ -111.827791625616996, 40.481573880008 ], [ -111.827793755523004, 40.481574924730701 ], [ -111.827795886326001, 40.481575968086801 ], [ -111.827798018926998, 40.481577009393099 ], [ -111.827800151527001, 40.481578047966302 ], [ -111.827802286823001, 40.481579085173003 ], [ -111.827804424812996, 40.481580120329802 ], [ -111.827806561905007, 40.481581152753598 ], [ -111.827808703488998, 40.481582185177203 ], [ -111.827810845073003, 40.481583214867797 ], [ -111.827812988453005, 40.481584242508603 ], [ -111.827815131833006, 40.481585268782801 ], [ -111.827817278807004, 40.481586291640703 ], [ -111.827819427576998, 40.481587313815197 ], [ -111.827821577245004, 40.481588333256603 ], [ -111.827823727812003, 40.481589352014801 ], [ -111.827825880175993, 40.481590368039797 ], [ -111.827828035234006, 40.481591384064899 ], [ -111.827830190292005, 40.481592395990297 ], [ -111.827832348046002, 40.481593406549102 ], [ -111.827834504901006, 40.481594414374896 ], [ -111.827836667144993, 40.481595421517298 ], [ -111.827838826695, 40.481596425926703 ], [ -111.827840990737002, 40.4815974282862 ], [ -111.827843156575, 40.481598429962403 ], [ -111.827845322412998, 40.481599428905497 ], [ -111.827847490945999, 40.481600425798803 ], [ -111.827849660378007, 40.481601419958999 ], [ -111.827851829809006, 40.481602414802502 ], [ -111.827854003732, 40.481603406229603 ], [ -111.827856177654994, 40.481604394923501 ], [ -111.827858353375007, 40.481605382250997 ], [ -111.827860529993004, 40.481606367528499 ], [ -111.827862708406997, 40.481607350756299 ], [ -111.827864887719997, 40.481608332617498 ], [ -111.827867069728001, 40.481609311745601 ], [ -111.827869252634002, 40.481610290873697 ], [ -111.827871436438997, 40.481611266585404 ], [ -111.827873622040002, 40.481612240247301 ], [ -111.827875810335996, 40.481613213225899 ], [ -111.827877999530003, 40.481614182104899 ], [ -111.827880188723995, 40.481615148933997 ], [ -111.827882381511998, 40.481616115079902 ], [ -111.827884574300001, 40.481617079859198 ], [ -111.827886768883999, 40.4816180425886 ], [ -111.827888966163002, 40.481619002584999 ], [ -111.827891162544006, 40.481619961214797 ], [ -111.827893360721006, 40.4816209177948 ], [ -111.827895563390001, 40.481621872325 ], [ -111.827897765160998, 40.481622824805299 ], [ -111.827899968729, 40.481623774552503 ], [ -111.827902173194005, 40.481624723616399 ], [ -111.827904379456996, 40.481625669947299 ], [ -111.827906586617004, 40.481626616278099 ], [ -111.827908795574999, 40.481627557826002 ], [ -111.827911008125, 40.481628497324103 ], [ -111.827913218879004, 40.481629436822203 ], [ -111.827915433225996, 40.481630373587201 ], [ -111.827917647573003, 40.481631308302298 ], [ -111.827919864616007, 40.481632240967599 ], [ -111.827922081658002, 40.481633172949699 ], [ -111.827924300495994, 40.481634101515297 ], [ -111.827926522029998, 40.4816350287145 ], [ -111.827928743564001, 40.4816359524972 ], [ -111.827930967792, 40.4816368762799 ], [ -111.827933191122995, 40.481637798696099 ], [ -111.827935418045996, 40.4816387163294 ], [ -111.827937644970007, 40.4816396332794 ], [ -111.827939874587997, 40.481640547496298 ], [ -111.827942106004002, 40.481641461713103 ], [ -111.827944336520005, 40.481642373196898 ], [ -111.827946570630999, 40.481643281947598 ], [ -111.827948807436002, 40.481644190698198 ], [ -111.827951040646994, 40.4816450953493 ], [ -111.827953277451996, 40.481645997267201 ], [ -111.827955516952002, 40.481646899185101 ], [ -111.827957756453003, 40.481647797686598 ], [ -111.827959999545996, 40.481648696188202 ], [ -111.827962240841998, 40.481649589906802 ], [ -111.827964484833998, 40.481650484308702 ], [ -111.827966727927006, 40.4816513766608 ], [ -111.827968977308998, 40.481652264913201 ], [ -111.827971226689996, 40.481653152482302 ], [ -111.827973475172996, 40.481654038001601 ], [ -111.827975726350999, 40.481654920787797 ], [ -111.827977979325993, 40.481655802207499 ], [ -111.827980233199, 40.481656682260699 ], [ -111.827982486173994, 40.481657558897403 ], [ -111.827984744538995, 40.481658433484299 ], [ -111.827987001107005, 40.481659307388 ], [ -111.827989260370003, 40.481660177875199 ], [ -111.827991523226004, 40.481661048362497 ], [ -111.827993782489003, 40.4816619161166 ], [ -111.827996045345003, 40.481662779771199 ], [ -111.827998308201003, 40.481663644792199 ], [ -111.828000576446996, 40.481664505030402 ], [ -111.828002841998, 40.481665364585297 ], [ -111.828005108447996, 40.481666222090297 ], [ -111.828007380287005, 40.481667076862202 ], [ -111.828009649432005, 40.481667930950898 ], [ -111.828011922168997, 40.481668781623199 ], [ -111.828014194906999, 40.481669630928998 ], [ -111.828016471238001, 40.481670477501602 ], [ -111.828018745771999, 40.481671322707697 ], [ -111.828021023001, 40.481672166547298 ], [ -111.828023301128994, 40.481673006970397 ], [ -111.828025581950996, 40.481673845343799 ], [ -111.828027862773993, 40.481674682350601 ], [ -111.828030144495003, 40.4816755173076 ], [ -111.828032427113996, 40.481676351581299 ], [ -111.828034714224998, 40.481677182438702 ], [ -111.828036996844006, 40.481678010562902 ], [ -111.828039284853006, 40.481678838003901 ], [ -111.828041575556995, 40.481679661345197 ], [ -111.828043865362005, 40.4816804853698 ], [ -111.828046156065994, 40.4816813059781 ], [ -111.828048449465001, 40.481682124536498 ], [ -111.828050741965995, 40.481682943778097 ], [ -111.828053037160998, 40.481683756870403 ], [ -111.828055333254994, 40.481684569279302 ], [ -111.828057630247002, 40.481685378955198 ], [ -111.828059929036002, 40.481686188631002 ], [ -111.828062229622006, 40.481686995573703 ], [ -111.828064532004007, 40.481687799783401 ], [ -111.828066831691004, 40.481688601943198 ], [ -111.828069135869995, 40.4816894027365 ], [ -111.828071441844997, 40.4816902014799 ], [ -111.82807374782, 40.481690997490297 ], [ -111.828076052897003, 40.4816917921341 ], [ -111.828078362466002, 40.4816925840449 ], [ -111.828080672035, 40.481693374589 ], [ -111.828082981603004, 40.481694163083397 ], [ -111.828085294765003, 40.481694948161397 ], [ -111.828087607027996, 40.481695732556098 ], [ -111.828089921987001, 40.481696514217703 ], [ -111.828092236046999, 40.481697293829498 ], [ -111.828094553701007, 40.4816980720747 ], [ -111.828096872252004, 40.481698848270099 ], [ -111.828099189905998, 40.481699621732503 ], [ -111.828101511151999, 40.481700393144997 ], [ -111.828103833297007, 40.481701163190898 ], [ -111.828106154544002, 40.481701931187096 ], [ -111.828108479383999, 40.4817026964501 ], [ -111.828110804223996, 40.4817034589801 ], [ -111.828113129962006, 40.48170422151 ], [ -111.828115457497006, 40.481704980623697 ], [ -111.828117785032006, 40.481705737687399 ], [ -111.828120115261996, 40.4817064933846 ], [ -111.828122445491999, 40.481707246348698 ], [ -111.828124777517999, 40.481707997263001 ], [ -111.828127111341004, 40.481708746810803 ], [ -111.828129445165004, 40.481709492942201 ], [ -111.828131781682998, 40.481710238390299 ], [ -111.828134117302, 40.481710981105302 ], [ -111.828136453819994, 40.481711722453902 ], [ -111.828138793033006, 40.481712461069201 ], [ -111.828141131348005, 40.481713196268302 ], [ -111.828143474154004, 40.481713930783997 ], [ -111.828145815164007, 40.481714663933197 ], [ -111.828148157970006, 40.4817153936661 ], [ -111.828150503470994, 40.481716122032402 ], [ -111.828152845378995, 40.481716847665602 ], [ -111.828155192677002, 40.481717573298702 ], [ -111.828157539974995, 40.481718294149097 ], [ -111.828159889069994, 40.481719014316099 ], [ -111.828162239961003, 40.481719731749997 ], [ -111.828164589953005, 40.481720449183896 ], [ -111.828166942641005, 40.481721161834898 ], [ -111.828169295329005, 40.481721873119398 ], [ -111.828171650711994, 40.481722583037303 ], [ -111.828174006094002, 40.481723288855598 ], [ -111.828176362375004, 40.4817239953572 ], [ -111.828178718656005, 40.481724699125699 ], [ -111.828181077631996, 40.481725400844297 ], [ -111.828183435710002, 40.481726098463298 ], [ -111.828185796482003, 40.481726795399098 ], [ -111.828188158152997, 40.481727490968197 ], [ -111.828190521620996, 40.4817281838043 ], [ -111.828192883292004, 40.4817288732241 ], [ -111.828195249453998, 40.481729562643899 ], [ -111.828197614717993, 40.481730249330496 ], [ -111.828199979084005, 40.481730933284098 ], [ -111.828202349738007, 40.481731615187798 ], [ -111.828204717697005, 40.481732295725003 ], [ -111.828207088350993, 40.481732974212399 ], [ -111.828209459904002, 40.481733649966699 ], [ -111.828211829658997, 40.481734322987897 ], [ -111.828214203906995, 40.481734995325802 ], [ -111.828216576356994, 40.481735665613897 ], [ -111.828218952401002, 40.481736332485703 ], [ -111.828221328444997, 40.4817369973076 ], [ -111.828223706285996, 40.481737661446303 ], [ -111.828226083228003, 40.481738321485302 ], [ -111.828228462864999, 40.481738980841101 ], [ -111.828230843401002, 40.481739638146998 ], [ -111.828233224833994, 40.481740292036598 ], [ -111.828235606267995, 40.481740945242898 ], [ -111.828237990397, 40.481741595716102 ], [ -111.828240374526004, 40.481742245505998 ], [ -111.828242758654, 40.481742891196298 ], [ -111.828245144579995, 40.481743535520103 ], [ -111.828247531404003, 40.481744177793999 ], [ -111.828249919125994, 40.4817448180182 ], [ -111.828252307745998, 40.481745456192499 ], [ -111.828254698162993, 40.481746092317003 ], [ -111.828257089478001, 40.481746725708398 ], [ -111.828259478996998, 40.481747357049997 ], [ -111.828261873905006, 40.481747986341801 ], [ -111.828264267017005, 40.481748613583697 ], [ -111.828266661925994, 40.481749238092597 ], [ -111.828269058630994, 40.481749861918203 ], [ -111.828271454437996, 40.4817504830107 ], [ -111.828273851142995, 40.4817511006869 ], [ -111.828276249645, 40.481751717679799 ], [ -111.828278649943002, 40.481752333989398 ], [ -111.828281048445007, 40.481752944832799 ], [ -111.828283450539999, 40.481753554309698 ], [ -111.828285854431996, 40.481754164469898 ], [ -111.828288255629005, 40.4817547698472 ], [ -111.828290660419, 40.4817553731746 ], [ -111.828293065208996, 40.4817559758188 ], [ -111.828295470897004, 40.481756574363303 ], [ -111.828297875686999, 40.481757172907898 ], [ -111.828300285867002, 40.481757768035997 ], [ -111.828302693352001, 40.4817583597479 ], [ -111.828305104430001, 40.481758951459703 ], [ -111.828307513712005, 40.481759540438397 ], [ -111.828309926586996, 40.481760127367302 ], [ -111.828312338562995, 40.481760712246498 ], [ -111.828314749640995, 40.481761295075799 ], [ -111.828317163414994, 40.481761875171998 ], [ -111.828319579883001, 40.481762453218401 ], [ -111.828321995452001, 40.481763029214903 ], [ -111.828324411921002, 40.481763603161703 ], [ -111.828326829286993, 40.481764175741901 ], [ -111.828329247552006, 40.481764744222502 ], [ -111.828331668510998, 40.481765312019803 ], [ -111.828334087673994, 40.481765877084101 ], [ -111.828336507735997, 40.481766440781797 ], [ -111.828338929593997, 40.481767001746398 ], [ -111.828341353249002, 40.481767559977897 ], [ -111.828343775106006, 40.481768117526201 ], [ -111.828346200558002, 40.481768670974802 ], [ -111.828348626009003, 40.481769225106703 ], [ -111.828351051460004, 40.481769774455699 ], [ -111.828353477809998, 40.481770323804703 ], [ -111.828355905058004, 40.481770868370802 ], [ -111.828358335898997, 40.481771412936901 ], [ -111.828360765842007, 40.481771954086597 ], [ -111.828363193089999, 40.481772493186497 ], [ -111.828365625727002, 40.481773031603197 ], [ -111.828368057467003, 40.481773566603501 ], [ -111.828370489205994, 40.481774100920497 ], [ -111.828372922743, 40.481774631137903 ], [ -111.828375355380004, 40.481775159305499 ], [ -111.828377789814994, 40.481775685423301 ], [ -111.828380226944006, 40.481776210174502 ], [ -111.828382664971997, 40.481776732876 ], [ -111.828385102100995, 40.481777252844303 ], [ -111.828387539231002, 40.481777770079503 ], [ -111.828389979055004, 40.481778285264902 ], [ -111.828392417980993, 40.481778799083898 ], [ -111.828394860499998, 40.481779312219501 ], [ -111.828397301223006, 40.4817798212555 ], [ -111.828399743741997, 40.481780326875104 ], [ -111.828402185363004, 40.481780833178 ], [ -111.828404628780007, 40.4817813360646 ], [ -111.828407073994995, 40.481781835534797 ], [ -111.828409520107002, 40.4817823343217 ], [ -111.828411965320996, 40.4817828303756 ], [ -111.828414411433997, 40.481783324379599 ], [ -111.828416858444996, 40.481783817017103 ], [ -111.828419307252005, 40.481784307604798 ], [ -111.828421756059996, 40.481784793409503 ], [ -111.828424206663996, 40.481785280580901 ], [ -111.828426655471006, 40.481785762969302 ], [ -111.828429106973999, 40.481786242624601 ], [ -111.828431558475998, 40.481786722279999 ], [ -111.828434011775002, 40.481787198519001 ], [ -111.828436465074006, 40.481787673391501 ], [ -111.828438919270994, 40.4817881462141 ], [ -111.828441371672, 40.481788616986897 ], [ -111.828443829462998, 40.481789083660097 ], [ -111.828446285457005, 40.481789548966802 ], [ -111.828448741450998, 40.481790013590199 ], [ -111.828451200139995, 40.481790474797201 ], [ -111.828453657929998, 40.4817909339545 ], [ -111.828456116618995, 40.481791391061897 ], [ -111.828458576206998, 40.4817918468027 ], [ -111.828461037590003, 40.481792298443999 ], [ -111.828463498974003, 40.481792750085198 ], [ -111.828465961256001, 40.481793196943599 ], [ -111.828468420844004, 40.481793644485201 ], [ -111.828470885821005, 40.481794087927199 ], [ -111.828473349899994, 40.481794528636101 ], [ -111.828475812182006, 40.481794968661802 ], [ -111.828478278955998, 40.481795405954301 ], [ -111.828480744830998, 40.481795842563599 ], [ -111.828483210707006, 40.48179627439 ], [ -111.828485677480003, 40.4817967055331 ], [ -111.828488146051001, 40.481797134626497 ], [ -111.828490611926, 40.481797560986699 ], [ -111.828493083192001, 40.481797985297199 ], [ -111.828495554457007, 40.481798407557697 ], [ -111.828498023926002, 40.4817988277686 ], [ -111.828500494292996, 40.4817992452463 ], [ -111.828502964660004, 40.4817996613574 ], [ -111.828505438619999, 40.481800074735602 ], [ -111.828507911681996, 40.481800484697303 ], [ -111.828510382049004, 40.481800893975802 ], [ -111.828512858704002, 40.481801299837898 ], [ -111.828515333563004, 40.481801704333499 ], [ -111.828517809320005, 40.481802106779298 ], [ -111.828520284177998, 40.481802508541797 ], [ -111.828522762630001, 40.481802904838098 ], [ -111.828525239285, 40.481803301134498 ], [ -111.828527715042, 40.481803694697703 ], [ -111.828530194392997, 40.481804085527898 ], [ -111.828532672844005, 40.481804475674799 ], [ -111.828535153093, 40.481804862405397 ], [ -111.828537633341, 40.4818052464028 ], [ -111.828540114488007, 40.481805629717101 ], [ -111.828542594737002, 40.481806009614999 ], [ -111.828545076782007, 40.481806387463003 ], [ -111.828547559724996, 40.481806763944498 ], [ -111.828550042668994, 40.481807136326402 ], [ -111.828552525611997, 40.4818075087083 ], [ -111.828555009454007, 40.481807878357003 ], [ -111.828557495091999, 40.481808244589502 ], [ -111.828559978933995, 40.481808611505201 ], [ -111.828562464572997, 40.481808973638103 ], [ -111.828564952007994, 40.481809332354601 ], [ -111.828567439443006, 40.4818096917543 ], [ -111.828569925978996, 40.481810047737703 ], [ -111.828572415210999, 40.481810402354597 ], [ -111.828574901747999, 40.481810752871802 ], [ -111.828577392775998, 40.481811102705798 ], [ -111.828579882905998, 40.481811449806699 ], [ -111.828582370340996, 40.481811794857798 ], [ -111.828584863166, 40.481812138542303 ], [ -111.828587354193999, 40.481812478127203 ], [ -111.828589845221998, 40.481812817028903 ], [ -111.828592338047002, 40.4818131525141 ], [ -111.828594830872007, 40.481813486632902 ], [ -111.828597324594995, 40.481813820068403 ], [ -111.828599817419999, 40.481814148037699 ], [ -111.828602312041994, 40.481814476007102 ], [ -111.828604806662995, 40.481814802609897 ], [ -111.828607301285004, 40.4818151230632 ], [ -111.828609797702995, 40.481815444883097 ], [ -111.828612293223003, 40.481815763286697 ], [ -111.828614789640994, 40.481816079640403 ], [ -111.828617286958007, 40.481816393261099 ], [ -111.828619784273997, 40.4818167048319 ], [ -111.828622283387006, 40.481817015036299 ], [ -111.828624780704004, 40.481817323190803 ], [ -111.828627279816999, 40.481817626562403 ], [ -111.828629780726999, 40.481817929934003 ], [ -111.828632280738006, 40.4818182305726 ], [ -111.828634778055005, 40.481818529844503 ], [ -111.828637280761001, 40.481818826383503 ], [ -111.828639782568999, 40.4818191201893 ], [ -111.828642284376997, 40.481819411262002 ], [ -111.828644787082993, 40.481819702334803 ], [ -111.828647288892, 40.481819989991202 ], [ -111.828649791597996, 40.481820273548003 ], [ -111.828652296998996, 40.481820557104797 ], [ -111.828654798806994, 40.481820838611803 ], [ -111.828657305107001, 40.481821116702399 ], [ -111.828659809610002, 40.4818213927432 ], [ -111.828662314113004, 40.481821666734298 ], [ -111.828664819514003, 40.481821937992201 ], [ -111.828667325813996, 40.481822209250197 ], [ -111.828669832114002, 40.481822475042001 ], [ -111.828672339312007, 40.481822741517 ], [ -111.828674846509998, 40.481823003892401 ], [ -111.828677354606, 40.481823266267803 ], [ -111.828679861804005, 40.481823523860399 ], [ -111.828682369899994, 40.481823780086401 ], [ -111.828684880691, 40.481824032896 ], [ -111.828687389685996, 40.481824285705699 ], [ -111.828689898679997, 40.481824535099001 ], [ -111.828692408573005, 40.481824782442501 ], [ -111.828694920263004, 40.4818250284195 ], [ -111.828697429257005, 40.481825270296802 ], [ -111.828699940049006, 40.481825511490896 ], [ -111.828702451737996, 40.481825749951902 ], [ -111.828704963427995, 40.481825984996497 ], [ -111.828707475117, 40.481826219357899 ], [ -111.828709987704997, 40.481826451669498 ], [ -111.828712501191006, 40.481826680564701 ], [ -111.828715015575995, 40.481826908776597 ], [ -111.828717527264999, 40.481827132889002 ], [ -111.828720042547999, 40.481827357684601 ], [ -111.828722556033995, 40.481827577697302 ], [ -111.828725070418997, 40.481827795660202 ], [ -111.828727587497994, 40.481828012256599 ], [ -111.828730101882996, 40.481828226119902 ], [ -111.828732616267004, 40.481828439983197 ], [ -111.828735132448003, 40.4818286470137 ], [ -111.828737648629001, 40.481828855410903 ], [ -111.82874016481, 40.481829059708403 ], [ -111.828742681890006, 40.481829263322602 ], [ -111.828745199867996, 40.481829462837297 ], [ -111.828747716048994, 40.481829662351899 ], [ -111.828750234026003, 40.481829857083703 ], [ -111.828752752003993, 40.4818300511321 ], [ -111.828755269981997, 40.4818302424476 ], [ -111.828757788857999, 40.4818304323964 ], [ -111.828760307734001, 40.481830618928903 ], [ -111.828762826610003, 40.481830804094898 ], [ -111.828765347282996, 40.481830986527797 ], [ -111.828767866158998, 40.481831167594102 ], [ -111.828770387730003, 40.481831345244103 ], [ -111.828772906606005, 40.481831522210904 ], [ -111.828775426380005, 40.481831695078 ], [ -111.828777947052998, 40.481831867261803 ], [ -111.828780469522002, 40.481832036029402 ], [ -111.828782990194995, 40.4818322027471 ], [ -111.828785510868002, 40.481832367415002 ], [ -111.828788033337005, 40.481832530033003 ], [ -111.828790555805995, 40.481832691967902 ], [ -111.828793077377, 40.481832847753203 ], [ -111.828795600744996, 40.481833003538704 ], [ -111.828798122316002, 40.481833157274203 ], [ -111.828800646581996, 40.481833308959999 ], [ -111.828803169950007, 40.4818334579127 ], [ -111.828805693316994, 40.481833604815598 ], [ -111.828808216685005, 40.481833751035197 ], [ -111.828810740950999, 40.481833893155198 ], [ -111.828813264318001, 40.481834032542103 ], [ -111.828815788583995, 40.4818341705625 ], [ -111.828818314646995, 40.481834306533102 ], [ -111.828820839811002, 40.481834439770601 ], [ -111.828823363178998, 40.481834570274998 ], [ -111.828825889241003, 40.481834700096101 ], [ -111.828828414406004, 40.4818348258177 ], [ -111.828830939569997, 40.481834950855998 ], [ -111.828833465632002, 40.481835072477899 ], [ -111.828835991695001, 40.481835192049999 ], [ -111.828838519553997, 40.481835310255597 ], [ -111.828841044718999, 40.481835426411401 ], [ -111.828843569883006, 40.481835539834002 ], [ -111.828846096844003, 40.4818356505236 ], [ -111.828848622007996, 40.481835759163502 ], [ -111.828851150765999, 40.481835866436803 ], [ -111.828853678624995, 40.481835969610401 ], [ -111.828856203789002, 40.481836071417497 ], [ -111.828858732547005, 40.481836171174798 ], [ -111.828861261303999, 40.481836269565598 ], [ -111.828863786468006, 40.481836365906602 ], [ -111.828866316124007, 40.481836458147903 ], [ -111.828868843983003, 40.481836548339402 ], [ -111.828871371842993, 40.481836636481198 ], [ -111.828873899702003, 40.481836723939601 ], [ -111.828876429358004, 40.4818368072985 ], [ -111.828878956317993, 40.481836889290697 ], [ -111.828881483279005, 40.481836969233299 ], [ -111.828884013833999, 40.481837045759399 ], [ -111.828886542590993, 40.481837121602297 ], [ -111.828889071348996, 40.481837194028799 ], [ -111.828891601004003, 40.481837264405598 ], [ -111.828894129762006, 40.481837332732503 ], [ -111.828896659418007, 40.481837400376101 ], [ -111.828899189073994, 40.481837462553599 ], [ -111.828901719628007, 40.481837524047798 ], [ -111.828904247487003, 40.481837584858802 ], [ -111.828906777143004, 40.481837642253403 ], [ -111.828909306799005, 40.4818376962317 ], [ -111.829819602014993, 40.481831290582598 ], [ -111.830616736455994, 40.481825676158799 ], [ -111.831897610981997, 40.481816642654501 ], [ -111.831947870823996, 40.481816288037599 ], [ -111.831947984010995, 40.481816287354299 ], [ -111.832029206984004, 40.481815714774498 ], [ -111.832626522867997, 40.481809215515497 ], [ -111.833330240603999, 40.481836078933497 ], [ -111.833332748700002, 40.481836074833801 ], [ -111.833332761275997, 40.481836706174597 ], [ -111.833336927662998, 40.482067508651802 ], [ -111.833338628172996, 40.482237874878599 ], [ -111.833339515709, 40.482733799859702 ], [ -111.833337282496998, 40.482733803275998 ], [ -111.833337238479999, 40.482733802592698 ], [ -111.833319196716005, 40.482733825140301 ], [ -111.831368439499002, 40.4827362431976 ], [ -111.827373682634999, 40.482736849249299 ], [ -111.827368613440996, 40.482736850615801 ], [ -111.826331077255006, 40.482736985901298 ], [ -111.826331364715003, 40.486345136047198 ], [ -111.826233327975004, 40.486345069774501 ], [ -111.826233236346994, 40.4863450690913 ], [ -111.822420156562004, 40.486342371725598 ], [ -111.822418415626998, 40.486344069535598 ], [ -111.822418380593007, 40.4863441023303 ], [ -111.822239257424002, 40.486518773613497 ], [ -111.822234407419003, 40.486520949674102 ], [ -111.822205246308997, 40.486534038147703 ], [ -111.817902694287994, 40.488464932053397 ], [ -111.816331981030999, 40.489169767776502 ], [ -111.816330578760997, 40.489169525925597 ], [ -111.811948273411005, 40.488414953777799 ], [ -111.811330428329001, 40.488308555190898 ], [ -111.811316092115007, 40.488310424435198 ], [ -111.811315816331998, 40.488310459961802 ], [ -111.810442670046001, 40.488424296567899 ], [ -111.810011250537002, 40.488480544577797 ], [ -111.809913603666004, 40.488497664240903 ], [ -111.809911901358007, 40.488497962116703 ], [ -111.809031884757005, 40.488652237015302 ], [ -111.809031669161001, 40.488652275274397 ], [ -111.808814971260006, 40.488690259124901 ], [ -111.808431765231006, 40.488820971448803 ], [ -111.808174606310999, 40.489127928244997 ], [ -111.808174542531006, 40.489128003396502 ], [ -111.808119757875005, 40.489193396739701 ], [ -111.807999513883004, 40.489206911005297 ], [ -111.807998342480005, 40.489207043545001 ], [ -111.807363331489995, 40.4892784168037 ], [ -111.806688932968996, 40.490017897915301 ], [ -111.806676466149, 40.490032522191797 ], [ -111.806296404224, 40.490478365703602 ], [ -111.806293301443006, 40.490481000050501 ], [ -111.806079446710001, 40.490662542916297 ], [ -111.806064487962999, 40.490675244586001 ], [ -111.805959788419003, 40.490863061227202 ], [ -111.805780284364005, 40.491185067890299 ], [ -111.805780033733996, 40.491185518785102 ], [ -111.805553370821002, 40.491456047646999 ], [ -111.805537657490007, 40.491474800696302 ], [ -111.805468002123007, 40.4915579371023 ], [ -111.805417912961005, 40.491590059076898 ], [ -111.805395703913007, 40.491604303168302 ], [ -111.805135473652996, 40.491771199288998 ], [ -111.804103330950994, 40.491751687322598 ], [ -111.804103272559999, 40.491751696203799 ], [ -111.804034279251994, 40.4917503845206 ], [ -111.803759566352994, 40.491826238703098 ], [ -111.803592477015002, 40.492051068758101 ], [ -111.803253831915995, 40.493115974175502 ], [ -111.803058910076004, 40.4933756645679 ], [ -111.802959573473004, 40.493508008692899 ], [ -111.802941078958, 40.493532651289598 ], [ -111.802923116246006, 40.493538619289097 ], [ -111.802674045757001, 40.493621346664398 ], [ -111.802350924443999, 40.493626128025802 ], [ -111.79273219737, 40.493770211551698 ], [ -111.792678682032999, 40.486468667492503 ], [ -111.792694699893005, 40.482894729963498 ], [ -111.792694837335006, 40.482863799529902 ], [ -111.792422734940999, 40.482863707290001 ], [ -111.783228027952006, 40.482857421309099 ], [ -111.783228455550002, 40.479377966763799 ], [ -111.783196413542001, 40.4757609927224 ], [ -111.787962323772007, 40.475746635935501 ], [ -111.787885715445, 40.4684305270696 ], [ -111.787885950803997, 40.468380084879598 ], [ -111.787885448645, 40.468367221124097 ], [ -111.792611232029998, 40.468334412830103 ], [ -111.796484008459004, 40.4683411512192 ], [ -111.796483840473996, 40.468302380186998 ], [ -111.796443398319994, 40.4611361294915 ] ] ] } }
]
}
