motion_id,meeting_id,body_id,motion_no,motion_text,motion_type,result_raw,outcome,stage,recommendation,disposition,disposition_method,disposition_confidence,application_id,app_match_method,app_confidence,mover_person_id,seconder_person_id,names_recorded,source_file,provenance
1,1,2,1,"Approve the formal meeting minutes of Tuesday, November 10, 2020; Tuesday, November 17, 2020; and Tuesday, December 1, 2020.",Procedural/Administrative,5-0 Pass,Pass,council_vote,,procedural,keyword,high,,,,5,10,1,minutes/2021/2021-01-04/2021-01-05_council-formal-meeting.md,minutes
2,2,2,1,"Motion to Enter into Closed Session to discuss strategy sessions to discuss the purchase, exchange, or lease of real property, pursuant to Utah Code 52-4-205(1)(d).",Procedural/Administrative,6-0 Pass,Pass,council_vote,,procedural,keyword,high,,,,5,19,1,minutes/2021/2021-01-04/2021-01-05_council-work-session.md,minutes
3,1,2,2,"Continue the public hearing on Budget Amendment No. 6 for Fiscal Year 2020-21 until January 19, 2021.",Public Hearing Action,6-0 Pass,Pass,council_vote,,continue,keyword,high,,,,20,19,1,minutes/2021/2021-01-04/2021-01-05_council-formal-meeting.md,minutes
4,1,2,3,"Approve the ratification of Councilmember Fowler to serve as Council Chair, and Councilmember Rogers to serve as Vice Chair for calendar year 2021.",Procedural/Administrative,6-0 Pass,Pass,council_vote,,approve,keyword,high,,,,19,6,1,minutes/2021/2021-01-04/2021-01-05_council-formal-meeting.md,minutes
5,1,2,4,Approve the ratification of the determination for the Council to continue meeting remotely and without an anchor location under HB5002.,Procedural/Administrative,6-0 Pass,Pass,council_vote,,approve,keyword,high,,,,19,5,1,minutes/2021/2021-01-04/2021-01-05_council-formal-meeting.md,minutes
6,1,2,5,"Adopt Resolution 2 of 2021 entering into Amendment Number 1 to Addendum Number 2, and Addendum Number 3 to the Interlocal Agreement with the Utah Transit Authority, and place the remaining $979,545.19 into a holding account reserved for future Funding Our Future transit expenses.",Interlocal/Agreement,6-0 Pass,Pass,council_vote,,approve,keyword,high,,,,10,5,1,minutes/2021/2021-01-04/2021-01-05_council-formal-meeting.md,minutes
7,1,2,6,"Adopt the Consent agenda, including the reappointment of Jessica Andrew to the Police Civilian Review Board for a term ending November 21, 2021.",Appointment/Advice & Consent,6-0 Pass,Pass,council_vote,,procedural,keyword,high,,,,5,6,1,minutes/2021/2021-01-04/2021-01-05_council-formal-meeting.md,minutes
8,3,2,1,"Move to enter into Closed Session to discuss deployment of security personnel, devices, or systems pursuant to Utah Code S52-4-205(i)(c) and Attorney-Client matters that are privileged pursuant to Utah Code §78B-1-137 of the Utah Open and Public Meetings Act.",Procedural/Administrative,5-0 Pass,Pass,council_vote,,procedural,keyword,high,,,,17,6,1,minutes/2021/2021-01-11/2021-01-12_council-work-session.md,minutes
9,4,2,1,"Approve work session meeting minutes of Tuesday, May 5, 2020; Tuesday, June 11, 2020; Tuesday, July 7, 2020; and Tuesday, August 11, 2020 as well as the formal meeting minutes of Tuesday, December 8, 2020 and the special formal meeting minutes of Friday, December 11, 2020.",Procedural/Administrative,7-0 Pass,Pass,council_vote,,procedural,keyword,high,,,,41,19,1,minutes/2021/2021-01-18/2021-01-19_council-formal-meeting.md,minutes
10,4,2,2,Close and refer items B1-B3 to a future Consent agenda for action.,Public Hearing Action,7-0 Pass,Pass,council_vote,,procedural,keyword,high,,,,17,6,1,minutes/2021/2021-01-18/2021-01-19_council-formal-meeting.md,minutes
11,4,2,3,Close the public hearing on the ordinance requiring notice for permits to work in the public way and defer action to a future Council meeting.,Public Hearing Action,7-0 Pass,Pass,council_vote,,continue,keyword,high,,,,41,17,1,minutes/2021/2021-01-18/2021-01-19_council-formal-meeting.md,minutes
12,4,2,4,"Close the hearing and adopt Ordinance 1 of 2021, Budget Amendment No. 6 in its entirety.",Budget Amendment,7-0 Pass,Pass,council_vote,,approve,keyword,high,,,,17,41,1,minutes/2021/2021-01-18/2021-01-19_council-formal-meeting.md,minutes
13,4,2,5,Lift the hiring freeze within Budget Amendment No. 6 to fill the 40% vacancy in the Police Department.,Budget Amendment,7-0 Pass,Pass,council_vote,,,unclassified,low,,,,17,41,1,minutes/2021/2021-01-18/2021-01-19_council-formal-meeting.md,minutes
14,4,2,6,Adopt Resolution 1 of 2021 authorizing the issuance of subordinate airport revenue short-term revolving obligations not to exceed $300 million for the Salt Lake City Department of Airports.,Resolution,7-0 Pass,Pass,council_vote,,approve,keyword,high,,,,10,41,1,minutes/2021/2021-01-18/2021-01-19_council-formal-meeting.md,minutes
15,4,2,7,Approve the Consent agenda.,Procedural/Administrative,7-0 Pass,Pass,council_vote,,procedural,keyword,high,,,,17,10,1,minutes/2021/2021-01-18/2021-01-19_council-formal-meeting.md,minutes
16,5,2,1,Ratify the determination that the Council continue meeting remotely and without an anchor location under HB5002.,Procedural/Administrative,7-0 Pass,Pass,council_vote,,approve,keyword,high,,,,17,19,1,minutes/2021/2021-02-01/2021-02-02_council-formal-meeting.md,minutes
17,5,2,2,"Adopt Resolution 3 of 2021, extending a proclamation declaring a local emergency relating to the COVID-19 (Coronavirus) pandemic, until May 5, 2021.",Resolution,7-0 Pass,Pass,council_vote,,procedural,keyword,high,,,,17,20,1,minutes/2021/2021-02-01/2021-02-02_council-formal-meeting.md,minutes
18,5,2,3,"Adopt Resolution 4 of 2021, extending a proclamation declaring a local emergency relating to a magnitude 5.7 earthquake, until May 5, 2021.",Resolution,7-0 Pass,Pass,council_vote,,procedural,keyword,high,,,,17,19,1,minutes/2021/2021-02-01/2021-02-02_council-formal-meeting.md,minutes
19,5,2,4,"Adopt Resolution 5 of 2021, extending a proclamation declaring a local emergency relating to the Windstorm until May 5, 2021.",Resolution,7-0 Pass,Pass,council_vote,,procedural,keyword,high,,,,20,17,1,minutes/2021/2021-02-01/2021-02-02_council-formal-meeting.md,minutes
20,5,2,5,Approve the Consent Agenda.,Procedural/Administrative,7-0 Pass,Pass,council_vote,,procedural,keyword,high,,,,17,19,1,minutes/2021/2021-02-01/2021-02-02_council-formal-meeting.md,minutes
21,6,2,1,Motion to enter into Closed Session to discuss collective bargaining strategies pursuant to Utah Code §52-4-205(1)(b).,Procedural/Administrative,7-0 Pass,Pass,council_vote,,procedural,keyword,high,,,,70,36,1,minutes/2021/2021-02-08/2021-02-09_council-work-session.md,minutes
22,7,5,1,"Approve minutes from May 5, 2020 and January 12, 2021",Procedural/Administrative,7-0 Pass,Pass,rda_vote,,procedural,keyword,high,1,singleton,high,26,25,1,minutes/2021/2021-02-08/2021-02-09_redevelopment-agency-rda-meeting.md,minutes
23,7,5,2,"Adopt and confirm RDA Resolution 3 of 2021, Adopting an Updated RDA Art Policy",Resolution,7-0 Pass,Pass,rda_vote,,approve,keyword,high,2,singleton,high,26,28,1,minutes/2021/2021-02-08/2021-02-09_redevelopment-agency-rda-meeting.md,minutes
24,7,5,3,"Adopt and confirm RDA Resolution 4 of 2021, Housing Allocation Funds Policy",Resolution,7-0 Pass,Pass,rda_vote,,approve,keyword,high,3,singleton,high,25,26,1,minutes/2021/2021-02-08/2021-02-09_redevelopment-agency-rda-meeting.md,minutes
25,7,5,4,Ratify the determination that the Board will continue to meet remotely and without an anchor location under HB5002,Procedural/Administrative,7-0 Pass,Pass,rda_vote,,approve,keyword,high,,,,26,28,1,minutes/2021/2021-02-08/2021-02-09_redevelopment-agency-rda-meeting.md,minutes
26,7,5,5,Approve the Consent Agenda (Resolution: Amending the 9 Line Community Reinvestment Project Area Budget),Resolution,7-0 Pass,Pass,rda_vote,,procedural,keyword,high,4,name,medium,25,32,1,minutes/2021/2021-02-08/2021-02-09_redevelopment-agency-rda-meeting.md,minutes
27,7,5,6,Adjourn the meeting,Procedural/Administrative,7-0 Pass,Pass,rda_vote,,procedural,keyword,high,,,,26,23,1,minutes/2021/2021-02-08/2021-02-09_redevelopment-agency-rda-meeting.md,minutes
28,8,2,1,"Approve the work session meeting minutes of Tuesday, June 9, 2020",Procedural/Administrative,7-0 Pass,Pass,council_vote,,procedural,keyword,high,,,,41,6,1,minutes/2021/2021-02-15/2021-02-16_council-formal-meeting.md,minutes
29,8,2,2,Adopt Joint Ceremonial Resolution 6 of 2021 Designating the First Monday in March as COVID-19 Victims and Survivors Memorial Day in Salt Lake City,Ceremonial Resolution,7-0 Pass,Pass,council_vote,,procedural,keyword,high,,,,17,6,1,minutes/2021/2021-02-15/2021-02-16_council-formal-meeting.md,minutes
30,8,2,3,Close the public hearings and refer Items 1-8 to a future Consent Agenda for action,Public Hearing Action,7-0 Pass,Pass,council_vote,,procedural,keyword,high,,,,17,6,1,minutes/2021/2021-02-15/2021-02-16_council-formal-meeting.md,minutes
31,8,2,4,Close the public hearing on the Bond Resolution for the Department of Airports short-term borrowing program,Public Hearing Action,7-0 Pass,Pass,council_vote,,procedural,keyword,medium,,,,17,19,1,minutes/2021/2021-02-15/2021-02-16_council-formal-meeting.md,minutes
32,8,2,5,"Adopt Ordinance 2 of 2021, adopting changes related to modular building construction and inspections",Ordinance,7-0 Pass,Pass,council_vote,,approve,keyword,high,,,,41,6,1,minutes/2021/2021-02-15/2021-02-16_council-formal-meeting.md,minutes
33,8,2,6,Approve an appropriations resolution (Resolution 8 of 2021) updating the 2020-2021 action plan as set forth in Exhibit A for Volunteers of America application ESG #4,Grant/Funding,6-0 Pass,Pass,council_vote,,approve,keyword,high,,,,41,19,1,minutes/2021/2021-02-15/2021-02-16_council-formal-meeting.md,minutes
34,8,2,7,"Authorize an interlocal agreement between the City and HUD and approve an appropriations resolution (Resolution 8 of 2021) updating the 2020-2021 action plan as set forth in Exhibit A awarding CDBG, ESG, and HOPWA funds except for ESG #4",Grant/Funding,7-0 Pass,Pass,council_vote,,approve,keyword,high,,,,41,19,1,minutes/2021/2021-02-15/2021-02-16_council-formal-meeting.md,minutes
35,8,2,8,Adopt joint Resolution 7 of 2021 applauding the work of the Salt Lake City Hostage Negotiation Team and Director Jessica Waters,Ceremonial Resolution,7-0 Pass,Pass,council_vote,,approve,keyword,high,,,,41,19,1,minutes/2021/2021-02-15/2021-02-16_council-formal-meeting.md,minutes
36,8,2,9,Approve the Consent Agenda,Procedural/Administrative,7-0 Pass,Pass,council_vote,,procedural,keyword,high,,,,17,20,1,minutes/2021/2021-02-15/2021-02-16_council-formal-meeting.md,minutes
37,9,2,1,"Approve Work Session Meeting Minutes for Tuesday, December 1, 2020 and the Airport Bond Minutes for Tuesday, January 19, 2021",Procedural/Administrative,5-0 Pass,Pass,council_vote,,procedural,keyword,high,,,,19,20,1,minutes/2021/2021-03-01/2021-03-02_council-formal-meeting.md,minutes
38,9,2,2,Close the Public Hearing and defer action to a future Council meeting (West End Alley Vacation adjacent to properties at 740 West and 746 West 900 South),Public Hearing Action,6-0 Pass,Pass,council_vote,,continue,keyword,high,5,singleton,high,41,19,1,minutes/2021/2021-03-01/2021-03-02_council-formal-meeting.md,minutes
39,9,2,3,Close the public hearing and defer action to a future Council meeting (Zoning Map Amendment at 706-740 West 900 South and 710-739 West Genesee Avenue),Public Hearing Action,6-0 Pass,Pass,council_vote,,continue,keyword,high,6,singleton,high,41,17,1,minutes/2021/2021-03-01/2021-03-02_council-formal-meeting.md,minutes
40,9,2,4,Close the public hearing and defer action to a future Council meeting (Zoning Amendments at approximately 2903 South Highland Drive),Public Hearing Action,6-0 Pass,Pass,council_vote,,continue,keyword,high,,,,17,20,1,minutes/2021/2021-03-01/2021-03-02_council-formal-meeting.md,minutes
41,9,2,5,Close the public hearing and defer action to a future Council meeting (Rezone at 1301 and 1321 South State Street),Public Hearing Action,6-0 Pass,Pass,council_vote,,continue,keyword,high,7,singleton,high,41,19,1,minutes/2021/2021-03-01/2021-03-02_council-formal-meeting.md,minutes
42,9,2,6,Close the public hearing and defer action to a future Council meeting (Zoning Amendments at Lincoln Street and 200 South),Public Hearing Action,6-0 Pass,Pass,council_vote,,continue,keyword,high,,,,41,6,1,minutes/2021/2021-03-01/2021-03-02_council-formal-meeting.md,minutes
43,9,2,7,Continue to meet remotely without an anchor location under HB5002,Procedural/Administrative,6-0 Pass,Pass,council_vote,,,unclassified,low,,,,19,20,1,minutes/2021/2021-03-01/2021-03-02_council-formal-meeting.md,minutes
44,9,2,8,"Approve the consent agenda, including setting a public hearing date for RMF-30 text amendments and approving the appointment of David Wirthlin to the Library Board",Procedural/Administrative,6-0 Pass,Pass,council_vote,,procedural,keyword,high,,,,41,17,1,minutes/2021/2021-03-01/2021-03-02_council-formal-meeting.md,minutes
45,10,2,1,"Approve the Work Session minutes of Tuesday, May 12, 2020; Tuesday, May 26, 2020; Tuesday, May 28, 2020 and Formal Meeting minutes of Tuesday, January 5, 2021 and Tuesday, January 19, 2021.",Procedural/Administrative,7-0 Pass,Pass,council_vote,,procedural,keyword,high,,,,40,70,1,minutes/2021/2021-03-15/2021-03-16_council-formal-meeting.md,minutes
46,11,2,1,"Enter into Closed Session for §52-4-205(l)(c) strategy sessions to discuss pending or reasonably imminent litigation; and for Attorney-Client matters that are privileged pursuant to Utah Code §78B-1-137, and for other lawful purposes that satisfy the pertinent requirements of the Utah Open and Public Meetings Act.",Procedural/Administrative,7-0 Pass,Pass,council_vote,,procedural,keyword,high,,,,17,6,1,minutes/2021/2021-03-15/2021-03-16_council-work-session.md,minutes
47,10,2,2,Close the public hearing and refer items B1-B3 to a future consent agenda for action.,Public Hearing Action,7-0 Pass,Pass,council_vote,,procedural,keyword,high,,,,70,40,1,minutes/2021/2021-03-15/2021-03-16_council-formal-meeting.md,minutes
48,10,2,3,Close the Public Hearing and defer action to a later date (Library Budget Amendment No. 1 for Fiscal Year 2020-21).,Public Hearing Action,7-0 Pass,Pass,council_vote,,continue,keyword,high,,,,62,70,1,minutes/2021/2021-03-15/2021-03-16_council-formal-meeting.md,minutes
49,10,2,4,Close the Public Hearing and defer action to a later date (Zoning Text Amendments for Off-street Parking).,Public Hearing Action,7-0 Pass,Pass,council_vote,,continue,keyword,high,8,singleton,high,62,40,1,minutes/2021/2021-03-15/2021-03-16_council-formal-meeting.md,minutes
50,10,2,5,Close the Public Hearing and defer action until related amendments such as the Affordable Housing Overlay or Residential Housing Loss Mitigation Plan are brought to the Council for consideration and potential adoption (RMF-30 Text Amendment).,Public Hearing Action,7-0 Pass,Pass,council_vote,,continue,keyword,high,9,singleton,high,40,36,1,minutes/2021/2021-03-15/2021-03-16_council-formal-meeting.md,minutes
51,10,2,6,"Adopt Ordinance 3 of 2021, for the West End Alley Vacation (Adjacent to Properties at 740 West and 746 West 900 South).",Ordinance,7-0 Pass,Pass,council_vote,,approve,keyword,high,10,singleton,high,50,67,1,minutes/2021/2021-03-15/2021-03-16_council-formal-meeting.md,minutes
52,10,2,7,Defer action to a future Council Meeting (Zoning Map Amendment at 706-740 West 900 South and 710-739 West Genesee Avenue).,Procedural/Administrative,7-0 Pass,Pass,council_vote,,continue,keyword,high,11,singleton,high,40,50,1,minutes/2021/2021-03-15/2021-03-16_council-formal-meeting.md,minutes
53,10,2,8,"Adopt Ordinance 4 of 2021, for the Zoning Amendments at approximately 2903 South Highland Drive.",Ordinance,7-0 Pass,Pass,council_vote,,approve,keyword,high,,,,40,36,1,minutes/2021/2021-03-15/2021-03-16_council-formal-meeting.md,minutes
54,10,2,9,"Adopt Ordinance 5 of 2021, for a rezone at 1301 and 1321 South State Street.",Ordinance,7-0 Pass,Pass,council_vote,,approve,keyword,high,12,singleton,high,50,36,1,minutes/2021/2021-03-15/2021-03-16_council-formal-meeting.md,minutes
55,10,2,10,Reject the petition for zoning amendments at Lincoln Street and 200 South.,Ordinance,7-0 Pass,Pass,council_vote,,deny,keyword,high,,,,67,40,1,minutes/2021/2021-03-15/2021-03-16_council-formal-meeting.md,minutes
56,10,2,11,Approve the consent agenda (setting public hearing dates for Budget Amendment No. 7 FY2020-21 and One-Year Action Plan for CDBG and other federal grants FY2021-22).,Procedural/Administrative,7-0 Pass,Pass,council_vote,,procedural,keyword,high,,,,62,36,1,minutes/2021/2021-03-15/2021-03-16_council-formal-meeting.md,minutes
57,12,5,1,Adopt Resolution R-5 of 2021 to amend the 9-Line Community Reinvestment Project Area Budget and update the Project Area Plan.,Resolution,7-0 Pass,Pass,rda_vote,,approve,keyword,high,13,name,medium,10,20,1,minutes/2021/2021-03-22/2021-03-23_redevelopment-agency-rda-meeting.md,minutes
58,12,5,2,Approve Resolution R-6 of 2021 revising the Real Property Disposition Policy.,Resolution,7-0 Pass,Pass,rda_vote,,approve,keyword,high,14,singleton,high,41,5,1,minutes/2021/2021-03-22/2021-03-23_redevelopment-agency-rda-meeting.md,minutes
59,12,5,3,Approve Resolution R-7 of 2021 for the Housing Development Loan Policy Program.,Resolution,7-0 Pass,Pass,rda_vote,,approve,keyword,high,15,singleton,high,5,41,1,minutes/2021/2021-03-22/2021-03-23_redevelopment-agency-rda-meeting.md,minutes
60,12,5,4,Ratify the determination to continue meeting remotely and without an anchor location under HB5002.,Procedural/Administrative,7-0 Pass,Pass,rda_vote,,approve,keyword,high,,,,5,19,1,minutes/2021/2021-03-22/2021-03-23_redevelopment-agency-rda-meeting.md,minutes
61,12,5,5,"Approve the Consent agenda, including appointment of Rosa Marnoto Bandeirinha to the Redevelopment Advisory Committee for a term ending January 20, 2025.",Appointment/Advice & Consent,7-0 Pass,Pass,rda_vote,,procedural,keyword,high,,,,17,19,1,minutes/2021/2021-03-22/2021-03-23_redevelopment-agency-rda-meeting.md,minutes
62,12,5,6,Enter into Closed Session for the purposes of acquisition of real property and for advice of counsel.,Procedural/Administrative,7-0 Pass,Pass,rda_vote,,procedural,keyword,high,,,,17,19,1,minutes/2021/2021-03-22/2021-03-23_redevelopment-agency-rda-meeting.md,minutes
63,13,2,1,"Adopt Resolution 9 of 2021 declaring between April 8, 2021 and May 8, 2021 as days to Sound the Alarm to help educate and protect residents of our community against home fires",Ceremonial Resolution,7-0 Pass,Pass,council_vote,,approve,keyword,high,,,,10,17,1,minutes/2021/2021-04-05/2021-04-06_council-formal-meeting.md,minutes
64,13,2,2,Close the public hearing and refer Item B-1 to a future consent agenda for action,Public Hearing Action,7-0 Pass,Pass,council_vote,,procedural,keyword,high,,,,41,20,1,minutes/2021/2021-04-05/2021-04-06_council-formal-meeting.md,minutes
65,13,2,3,Close the public hearing and refer the item (Budget Amendment No. 7 for Fiscal Year 2020-21) to a future date for action,Public Hearing Action,7-0 Pass,Pass,council_vote,,procedural,keyword,medium,,,,20,17,1,minutes/2021/2021-04-05/2021-04-06_council-formal-meeting.md,minutes
66,13,2,4,Close the public hearing and refer the item (One-year Action Plan for Community Development Block Grant & Other Federal Grants for FY 2021-22) to a future date for action,Public Hearing Action,7-0 Pass,Pass,council_vote,,approve,keyword,high,,,,10,17,1,minutes/2021/2021-04-05/2021-04-06_council-formal-meeting.md,minutes
67,13,2,5,Adopt Ordinance 6 of 2021 amending the final budget for the Library Budget of Salt Lake City for Fiscal Year 2020-2021,Budget Amendment,7-0 Pass,Pass,council_vote,,approve,keyword,high,,,,41,10,1,minutes/2021/2021-04-05/2021-04-06_council-formal-meeting.md,minutes
68,13,2,6,Ratify the motion of the determination for the Council to continue meeting remotely and without an anchor location under HB5002,Procedural/Administrative,7-0 Pass,Pass,council_vote,,approve,keyword,high,,,,10,19,1,minutes/2021/2021-04-05/2021-04-06_council-formal-meeting.md,minutes
69,13,2,7,"Adopt Ordinance 7 of 2021 amending Chapter 2.30 of Salt Lake City Code, pertaining to the Percent for Art",Ordinance,7-0 Pass,Pass,council_vote,,approve,keyword,high,16,singleton,high,17,20,1,minutes/2021/2021-04-05/2021-04-06_council-formal-meeting.md,minutes
70,13,2,8,Approve the Consent Agenda,Procedural/Administrative,7-0 Pass,Pass,council_vote,,procedural,keyword,high,,,,41,10,1,minutes/2021/2021-04-05/2021-04-06_council-formal-meeting.md,minutes
71,14,2,1,"Enter into Closed Session for §52-4-205(l)(c) strategy sessions to discuss pending or reasonably imminent litigation; and for Attorney-Client matters that are privileged pursuant to Utah Code §78B-1-137, and for other lawful purposes that satisfy the pertinent requirements of the Utah Open and Public Meetings Act.",Procedural/Administrative,7-0 Pass,Pass,council_vote,,procedural,keyword,high,,,,17,6,1,minutes/2021/2021-04-12/2021-04-13_revised-council-work-session.md,minutes
72,15,5,1,"Approve the meeting minutes of Tuesday, November 10, 2020.",Procedural/Administrative,6-0 Pass,Pass,rda_vote,,procedural,keyword,high,,,,25,23,1,minutes/2021/2021-04-12/2021-04-13_revised-redevelopment-agency-rda-meeting.md,minutes
73,15,5,2,Ratify the determination of the Chair to meet without an anchor location.,Procedural/Administrative,7-0 Pass,Pass,rda_vote,,approve,keyword,high,,,,25,23,1,minutes/2021/2021-04-12/2021-04-13_revised-redevelopment-agency-rda-meeting.md,minutes
74,15,5,3,Approve the Consent Agenda.,Procedural/Administrative,7-0 Pass,Pass,rda_vote,,procedural,keyword,high,,,,32,25,1,minutes/2021/2021-04-12/2021-04-13_revised-redevelopment-agency-rda-meeting.md,minutes
75,15,5,4,"Enter into Closed Session for strategy sessions to discuss pending or reasonably imminent litigation and for attorney-client matters privileged pursuant to Utah Code §78B-1-137, and for other lawful purposes satisfying the Utah Open and Public Meetings Act.",Procedural/Administrative,7-0 Pass,Pass,rda_vote,,procedural,keyword,high,,,,25,28,1,minutes/2021/2021-04-12/2021-04-13_revised-redevelopment-agency-rda-meeting.md,minutes
76,16,2,1,"Approve the Work Session minutes from June 2, 2020 and June 16, 2020.",Procedural/Administrative,7-0 Pass,Pass,council_vote,,procedural,keyword,high,,,,62,36,1,minutes/2021/2021-04-19/2021-04-20_council-formal-meeting.md,minutes
77,16,2,2,Close the Public Hearing and refer the items (2022 Distracted Driving Prevention Program Grant and 2022 Bicycle and Pedestrian Safety Program Grant) for future action.,Public Hearing Action,7-0 Pass,Pass,council_vote,,approve,keyword,high,,,,40,62,1,minutes/2021/2021-04-19/2021-04-20_council-formal-meeting.md,minutes
78,16,2,3,"Adopt Ordinance 09 of 2021, amending the FY 2020-21 final budget of Salt Lake City including the employment staffing document (Budget Amendment No. 7).",Budget Amendment,7-0 Pass,Pass,council_vote,,approve,keyword,high,,,,62,36,1,minutes/2021/2021-04-19/2021-04-20_council-formal-meeting.md,minutes
79,16,2,4,"Approve Resolution 14 of 2021, adopting the action plan as Exhibit A and allocate the fund grant money (One-Year Action Plan for CDBG and other federal grants for FY 2021-22).",Resolution,7-0 Pass,Pass,council_vote,,approve,keyword,high,,,,40,36,1,minutes/2021/2021-04-19/2021-04-20_council-formal-meeting.md,minutes
80,16,2,5,Reconsider the previous motion of approval of Resolution 14 of 2021.,Procedural/Administrative,6-0 Pass,Pass,council_vote,,procedural,keyword,high,,,,40,36,1,minutes/2021/2021-04-19/2021-04-20_council-formal-meeting.md,minutes
81,16,2,6,"Approve Resolution 14 of 2021, appropriating the funding as outlined in Exhibit A, adopt the Action Plan, and allocate the fund grant money.",Resolution,6-0 Pass,Pass,council_vote,,approve,keyword,high,,,,40,36,1,minutes/2021/2021-04-19/2021-04-20_council-formal-meeting.md,minutes
82,16,2,7,Adopt Ordinance 10 of 2021 to amend the Zoning Map at the property located at approximately 706 to 740 West 900 South and 710 to 739 West Genesee Avenue.,Ordinance,7-0 Pass,Pass,council_vote,,approve,keyword,high,17,singleton,high,62,67,1,minutes/2021/2021-04-19/2021-04-20_council-formal-meeting.md,minutes
83,16,2,8,"Approve Resolution 10 of 2021, authorizing an election services interlocal agreement with Salt Lake County for the 2021 municipal election.",Interlocal/Agreement,7-0 Pass,Pass,council_vote,,approve,keyword,high,,,,62,40,1,minutes/2021/2021-04-19/2021-04-20_council-formal-meeting.md,minutes
84,16,2,9,"Adopt Resolution 11 of 2021, authorizing an interlocal agreement between Salt Lake City and Salt Lake County for 700 South reconstruction corridor preservation funds.",Interlocal/Agreement,7-0 Pass,Pass,council_vote,,approve,keyword,high,,,,62,40,1,minutes/2021/2021-04-19/2021-04-20_council-formal-meeting.md,minutes
85,16,2,10,"Approve Resolution 12 of 2021, notifying the Lieutenant Governor that Salt Lake City will participate in the instant runoff (Ranked Choice Voting) pilot program for the 2021 municipal election without a primary election.",Resolution,6-1 Pass,Pass,council_vote,,approve,keyword,high,,,,36,67,1,minutes/2021/2021-04-19/2021-04-20_council-formal-meeting.md,minutes
86,16,2,11,"Adopt Ordinance 11 of 2021, amending the section of the Salt Lake City Code relating to idling of vehicles ordinance penalty and exception amendments.",Ordinance,7-0 Pass,Pass,council_vote,,approve,keyword,high,,,,62,36,1,minutes/2021/2021-04-19/2021-04-20_council-formal-meeting.md,minutes
87,16,2,12,"Adopt Resolution 13 of 2021, authorizing the Sustainability Department's application to the Recycling Market Development Zone Program.",Resolution,7-0 Pass,Pass,council_vote,,approve,keyword,high,,,,40,62,1,minutes/2021/2021-04-19/2021-04-20_council-formal-meeting.md,minutes
88,16,2,13,"Adopt Ordinance 12 of 2021, amending the Fiscal Year 2021 Annual Compensation Plan Appendix B for appointed employees and non-represented employees.",Ordinance,7-0 Pass,Pass,council_vote,,approve,keyword,high,,,,62,40,1,minutes/2021/2021-04-19/2021-04-20_council-formal-meeting.md,minutes
89,16,2,14,Approve the Consent Agenda.,Procedural/Administrative,7-0 Pass,Pass,council_vote,,procedural,keyword,high,,,,62,40,1,minutes/2021/2021-04-19/2021-04-20_council-formal-meeting.md,minutes
90,16,2,15,"As the Local Building Authority, approve the dates specified for public comment and consider approving Resolution xx of 2021 adopting the final budget for the Capital Projects Fund of the Local Building Authority of Salt Lake City, Utah for Fiscal Year 2021-22.",Procedural/Administrative,7-0 Pass,Pass,council_vote,,procedural,keyword,high,,,,62,40,1,minutes/2021/2021-04-19/2021-04-20_council-formal-meeting.md,minutes
91,17,5,1,Ratify the Chair's decision to continue meeting remotely and without an anchor location under HB5002,Procedural/Administrative,6-0 Pass,Pass,rda_vote,,approve,keyword,high,,,,20,19,1,minutes/2021/2021-05-03/2021-05-04_redevelopment-agency-rda-meeting.md,minutes
92,17,5,2,"Adopt RDA Resolution 8 of 2021, approving a loan of $1,340,000 to Colony B, LLC for an affordable housing project at approximately 228 West 1300 South",Resolution,6-0 Pass,Pass,rda_vote,,approve,keyword,high,18,singleton,high,19,5,1,minutes/2021/2021-05-03/2021-05-04_redevelopment-agency-rda-meeting.md,minutes
93,18,2,1,"Enter into Closed Session for §52-4-205(1)(b) strategy sessions to discuss collective bargaining; §52-4-205(1)(d) strategy sessions to discuss the purchase, exchange, or lease of real property, and for Attorney-Client matters that are privileged pursuant to Utah Code §78B-1-137, and for other lawful purposes that satisfy the pertinent requirements of the Utah Open and Public Meetings Act.",Procedural/Administrative,5-0 Pass,Pass,council_vote,,procedural,keyword,high,,,,67,36,1,minutes/2021/2021-05-10/2021-05-11_council-work-session.md,minutes
94,19,2,1,"Adopt Resolution 17 of 2021, appointing Dennis Faris as a member of the Salt Lake City Council for the District 2 Vacancy",Appointment/Advice & Consent,6-0 Pass,Pass,council_vote,,approve,keyword,high,,,,41,19,1,minutes/2021/2021-05-10/2021-05-13_special-limited-formal-meeting.md,pmn_minutes
95,20,2,1,"Enter into Closed Session for §52-4-205(1)(b) strategy sessions to discuss collective bargaining, and for Attorney-Client matters that are privileged.",Procedural/Administrative,6-0 Pass,Pass,council_vote,,procedural,keyword,high,,,,17,6,1,minutes/2021/2021-05-17/2021-05-18_council-work-session.md,minutes
96,21,3,1,"Close public hearing on LBA Capital Projects Fund Budget for FY 2021-22 and refer to public hearing on June 1, 2021",Public Hearing Action,7-0 Pass,Pass,mba_vote,,procedural,keyword,medium,,,,62,36,1,minutes/2021/2021-05-17/2021-05-18_lba-rda-and-council-formal-meeting.md,minutes
97,22,5,1,Approve Resolution 10 of 2021 for electronic meetings,Resolution,6-0 Pass,Pass,rda_vote,,approve,keyword,high,19,singleton,high,28,23,1,minutes/2021/2021-05-17/2021-05-18_redevelopment-agency-rda-meeting.md,minutes
98,21,3,2,"Adopt Resolution 2 of 2021, which permits the Local Building Authority Board of Directors to meet electronically pursuant to the Utah Open Public Meetings Act",Resolution,7-0 Pass,Pass,mba_vote,,approve,keyword,high,20,singleton,high,62,36,1,minutes/2021/2021-05-17/2021-05-18_lba-rda-and-council-formal-meeting.md,minutes
99,22,5,2,Approve the Consent Agenda (Board Appointment: Nicholas Peterson – Redevelopment Advisory Committee),Appointment/Advice & Consent,6-0 Pass,Pass,rda_vote,,procedural,keyword,high,,,,34,23,1,minutes/2021/2021-05-17/2021-05-18_redevelopment-agency-rda-meeting.md,minutes
100,23,5,3,Adjourn LBA and reconvene as the Redevelopment Agency Board,Procedural/Administrative,7-0 Pass,Pass,rda_vote,,procedural,keyword,high,,,,62,70,1,minutes/2021/2021-05-17/2021-05-18_lba-rda-and-council-formal-meeting.md,minutes
101,22,5,3,"Enter into Closed Session for §52-4-205(l)(d) strategy sessions to discuss the purchase, exchange, or lease of real property, and for Attorney-Client matters that are privileged pursuant to Utah Code §78B-1-137, and for other lawful purposes that satisfy the pertinent requirements of the Utah Open and Public Meetings Act",Procedural/Administrative,7-0 Pass,Pass,rda_vote,,procedural,keyword,high,,,,34,25,1,minutes/2021/2021-05-17/2021-05-18_redevelopment-agency-rda-meeting.md,minutes
102,23,5,4,"Close public hearing on RDA Budget for FY 2021-22 and refer to public hearing on June 1, 2021",Public Hearing Action,7-0 Pass,Pass,rda_vote,,procedural,keyword,medium,21,singleton,high,36,67,1,minutes/2021/2021-05-17/2021-05-18_lba-rda-and-council-formal-meeting.md,minutes
103,24,2,5,Adjourn the Redevelopment Agency and reconvene as the City Council,Procedural/Administrative,7-0 Pass,Pass,council_vote,,procedural,keyword,high,,,,62,70,1,minutes/2021/2021-05-17/2021-05-18_lba-rda-and-council-formal-meeting.md,minutes
104,24,2,6,"Approve the Work Session meeting minutes of Tuesday, January 12, 2021; February 2, 2021 and February 9, 2021",Procedural/Administrative,7-0 Pass,Pass,council_vote,,procedural,keyword,high,,,,62,36,1,minutes/2021/2021-05-17/2021-05-18_lba-rda-and-council-formal-meeting.md,minutes
105,24,2,7,Close the public hearing on Learned Alley Vacation and defer action to a future Council meeting,Public Hearing Action,7-0 Pass,Pass,council_vote,,continue,keyword,high,22,singleton,high,62,50,1,minutes/2021/2021-05-17/2021-05-18_lba-rda-and-council-formal-meeting.md,minutes
106,24,2,8,Close the public hearing on Fern Subdivision Alley Vacation and defer action to a future Council meeting,Public Hearing Action,6-0 Pass,Pass,council_vote,,continue,keyword,high,23,name,medium,62,36,1,minutes/2021/2021-05-17/2021-05-18_lba-rda-and-council-formal-meeting.md,minutes
107,24,2,9,"Continue the public hearing on Budget Amendment No. 9 for FY 2020-21 to June 1, 2021",Public Hearing Action,6-0 Pass,Pass,council_vote,,continue,keyword,high,,,,62,36,1,minutes/2021/2021-05-17/2021-05-18_lba-rda-and-council-formal-meeting.md,minutes
108,24,2,10,"Close the public hearings for items H4-H15 and refer to the public hearings on June 1, 2021",Public Hearing Action,7-0 Pass,Pass,council_vote,,procedural,keyword,medium,,,,62,50,1,minutes/2021/2021-05-17/2021-05-18_lba-rda-and-council-formal-meeting.md,minutes
109,24,2,11,"Adopt Ordinance 15 of 2021, amending the FY 2020-21 final budget of Salt Lake City including the employment staffing document",Budget Amendment,6-0 Pass,Pass,council_vote,,approve,keyword,high,,,,62,50,1,minutes/2021/2021-05-17/2021-05-18_lba-rda-and-council-formal-meeting.md,minutes
110,24,2,12,"Adopt Ordinance 16 of 2021, amending the zoning map pertaining to the parcel at approximately 2058 North 2200 West from AG-2, Agricultural to M-1, Manufacturing",Ordinance,6-0 Pass,Pass,council_vote,,approve,keyword,high,24,singleton,high,62,36,1,minutes/2021/2021-05-17/2021-05-18_lba-rda-and-council-formal-meeting.md,minutes
111,24,2,13,Approve advice and consent of Debbie Lyons as the Director of Sustainability,Appointment/Advice & Consent,7-0 Pass,Pass,council_vote,,approve,keyword,high,,,,70,36,1,minutes/2021/2021-05-17/2021-05-18_lba-rda-and-council-formal-meeting.md,minutes
112,24,2,14,"Adopt Ordinance 17 of 2021, granting a Master License Agreement to SQF, LLC",Ordinance,6-0 Pass,Pass,council_vote,,approve,keyword,high,,,,70,62,1,minutes/2021/2021-05-17/2021-05-18_lba-rda-and-council-formal-meeting.md,minutes
113,24,2,15,"Adopt Ordinance 18 of 2021, granting a Telecommunication Franchise Agreement to SQF, LLC",Ordinance,6-0 Pass,Pass,council_vote,,approve,keyword,high,,,,62,50,1,minutes/2021/2021-05-17/2021-05-18_lba-rda-and-council-formal-meeting.md,minutes
114,24,2,16,"Adopt Ordinance 19 of 2021, approving the Amended and Restated Broadband Services Franchise agreement with Google Fiber Utah, LLC",Ordinance,6-0 Pass,Pass,council_vote,,approve,keyword,high,,,,62,50,1,minutes/2021/2021-05-17/2021-05-18_lba-rda-and-council-formal-meeting.md,minutes
115,24,2,17,"Adopt Resolution 18 of 2021, authorizing the loan amendment from the Housing Trust Fund to Garden Lofts Holdings, LP",Resolution,7-0 Pass,Pass,council_vote,,approve,keyword,high,,,,62,50,1,minutes/2021/2021-05-17/2021-05-18_lba-rda-and-council-formal-meeting.md,minutes
116,24,2,18,Approve the consent agenda,Procedural/Administrative,7-0 Pass,Pass,council_vote,,procedural,keyword,high,,,,62,70,1,minutes/2021/2021-05-17/2021-05-18_lba-rda-and-council-formal-meeting.md,minutes
117,25,3,1,Close the public hearing on the LBA Budget for Fiscal Year 2021-22 and refer the item to a future date for action,Public Hearing Action,7-0 Pass,Pass,mba_vote,,procedural,keyword,medium,,,,62,36,1,minutes/2021/2021-05-31/2021-06-01_lba-rda-and-council-formal-meeting.md,minutes
118,26,5,2,Adjourn as the Local Building Authority and reconvene as the Redevelopment Agency,Procedural/Administrative,7-0 Pass,Pass,rda_vote,,procedural,keyword,high,,,,62,70,1,minutes/2021/2021-05-31/2021-06-01_lba-rda-and-council-formal-meeting.md,minutes
119,26,5,3,Close the public hearing on the RDA Budget for Fiscal Year 2021-22 and refer the item to a future date for action,Public Hearing Action,7-0 Pass,Pass,rda_vote,,procedural,keyword,medium,,,,62,36,1,minutes/2021/2021-05-31/2021-06-01_lba-rda-and-council-formal-meeting.md,minutes
120,27,2,4,Adjourn as the Redevelopment Agency and reconvene as the City Council,Procedural/Administrative,7-0 Pass,Pass,council_vote,,procedural,keyword,high,,,,62,36,1,minutes/2021/2021-05-31/2021-06-01_lba-rda-and-council-formal-meeting.md,minutes
121,27,2,5,"Approve the Work Session meeting minutes for Tuesday, September 29, 2020",Procedural/Administrative,7-0 Pass,Pass,council_vote,,procedural,keyword,high,,,,62,36,1,minutes/2021/2021-05-31/2021-06-01_lba-rda-and-council-formal-meeting.md,minutes
122,27,2,6,"Adopt joint ceremonial Resolution 19 of 2021, celebrating Pride Month",Ceremonial Resolution,7-0 Pass,Pass,council_vote,,procedural,keyword,high,,,,70,50,1,minutes/2021/2021-05-31/2021-06-01_lba-rda-and-council-formal-meeting.md,minutes
123,27,2,7,Close the public hearing on Budget Amendment No. 9 for Fiscal Year 2020-21 and refer the item to a future date for action,Public Hearing Action,7-0 Pass,Pass,council_vote,,procedural,keyword,medium,,,,70,36,1,minutes/2021/2021-05-31/2021-06-01_lba-rda-and-council-formal-meeting.md,minutes
124,27,2,8,Close the public hearing on FY2021-22 budget-related ordinances (Items G2-G13) and refer the items to a future date for action,Public Hearing Action,7-0 Pass,Pass,council_vote,,procedural,keyword,medium,,,,62,39,1,minutes/2021/2021-05-31/2021-06-01_lba-rda-and-council-formal-meeting.md,minutes
125,27,2,9,"Adopt Ordinance 21 of 2021, vacating the subject alley adjacent to 1025 West North Temple and 1022, 1028, 1030, and 1032 West Learned Avenue",Ordinance,6-0 Pass,Pass,council_vote,,approve,keyword,high,,,,62,36,1,minutes/2021/2021-05-31/2021-06-01_lba-rda-and-council-formal-meeting.md,minutes
126,27,2,10,"Adopt Ordinance 22 of 2021, vacating the Fern Subdivision Alley located between 1000 East and 1100 East and between Wood Avenue and Logan Avenue",Ordinance,6-0 Pass,Pass,council_vote,,approve,keyword,high,23,name,medium,50,36,1,minutes/2021/2021-05-31/2021-06-01_lba-rda-and-council-formal-meeting.md,minutes
127,27,2,11,Adopt Resolution 21 of 2021 authorizing up to $1 billion in airport revenue bonds to finance capital improvements to the Salt Lake City International Airport,Resolution,7-0 Pass,Pass,council_vote,,approve,keyword,high,,,,70,62,1,minutes/2021/2021-05-31/2021-06-01_lba-rda-and-council-formal-meeting.md,minutes
128,27,2,12,Meet remotely without an anchor location and ratify the Chair's determination under State Law,Procedural/Administrative,7-0 Pass,Pass,council_vote,,approve,keyword,high,,,,70,62,1,minutes/2021/2021-05-31/2021-06-01_lba-rda-and-council-formal-meeting.md,minutes
129,27,2,13,"Adopt Ordinance 23 of 2021, amending the FY21 Annual Compensation Plan Appendix B for appointed employees",Ordinance,7-0 Pass,Pass,council_vote,,approve,keyword,high,,,,70,62,1,minutes/2021/2021-05-31/2021-06-01_lba-rda-and-council-formal-meeting.md,minutes
130,27,2,14,"Adopt Resolution 20 of 2021, authorizing an Interlocal Agreement between Salt Lake City and Salt Lake County for reimbursement of up to $55,365 for reconfiguration of the Gilmer Drive intersection",Interlocal/Agreement,7-0 Pass,Pass,council_vote,,approve,keyword,high,,,,62,50,1,minutes/2021/2021-05-31/2021-06-01_lba-rda-and-council-formal-meeting.md,minutes
131,27,2,15,Adopt the Consent Agenda except for Item L3 – the appointment of Justin Rodriguez,Procedural/Administrative,7-0 Pass,Pass,council_vote,,procedural,keyword,high,,,,62,70,1,minutes/2021/2021-05-31/2021-06-01_lba-rda-and-council-formal-meeting.md,minutes
132,28,2,1,Enter into Closed Session for purposes of Collective Bargaining and receive advice of Council.,Procedural/Administrative,7-0 Pass,Pass,council_vote,,procedural,keyword,high,,,,41,17,1,minutes/2021/2021-05-31/2021-06-03_council-work-session.md,minutes
133,28,2,2,Exit out of Closed Session and adjourn.,Procedural/Administrative,7-0 Pass,Pass,council_vote,,procedural,keyword,high,,,,17,19,1,minutes/2021/2021-05-31/2021-06-03_council-work-session.md,minutes
134,29,2,1,Enter into Closed Session for the purposes of collective bargaining and advice of counsel.,Procedural/Administrative,7-0 Pass,Pass,council_vote,,procedural,keyword,high,,,,17,21,1,minutes/2021/2021-06-07/2021-06-08_council-work-session.md,minutes
135,30,2,1,"Approve the work session meeting minutes of Tuesday, October 13, 2020 and Tuesday, October 20, 2020",Procedural/Administrative,6-0 Pass,Pass,council_vote,,procedural,keyword,high,,,,41,19,1,minutes/2021/2021-06-07/2021-06-08_limited-council-formal-meeting.md,minutes
136,31,5,1,Ratify the Chair's determination to continue meeting remotely and without an anchor location,Procedural/Administrative,7-0 Pass,Pass,rda_vote,,approve,keyword,high,,,,25,34,1,minutes/2021/2021-06-07/2021-06-08_redevelopment-agency-rda-meeting.md,minutes
137,29,2,2,Exit out of Closed Session and adjourn.,Procedural/Administrative,7-0 Pass,Pass,council_vote,,procedural,keyword,high,,,,17,19,1,minutes/2021/2021-06-07/2021-06-08_council-work-session.md,minutes
138,30,2,2,Close the Public Hearing on the Library Budget Amendment No. 2 for Fiscal Year 2020-21 and consider the ordinance at a future meeting,Public Hearing Action,7-0 Pass,Pass,council_vote,,procedural,keyword,medium,,,,41,19,1,minutes/2021/2021-06-07/2021-06-08_limited-council-formal-meeting.md,minutes
139,31,5,2,"Accept the three contingencies as completed so the RDA can execute the necessary contracts to move forward with the 650 South Main TRAX Station project, with the third contingency met because the project is fully funded including by commitments from third parties and the RDA's contribution, and request that the RDA prioritize working with adjacent developers to receive contributions to further offset the RDA's contribution",Contract/Property,7-0 Pass,Pass,rda_vote,,approve,keyword,high,25,singleton,high,23,28,1,minutes/2021/2021-06-07/2021-06-08_redevelopment-agency-rda-meeting.md,minutes
140,30,2,3,"Approve the consent agenda except item G-3 (Board Appointment: Police Civilian Review Board – Justin Rodriguez), as the interview had not taken place",Procedural/Administrative,7-0 Pass,Pass,council_vote,,procedural,keyword,high,,,,41,21,1,minutes/2021/2021-06-07/2021-06-08_limited-council-formal-meeting.md,minutes
141,31,5,3,"Approve the Consent Agenda (including reappointment of Mark Isaac to the Redevelopment Advisory Committee for a term ending January 20, 2025)",Appointment/Advice & Consent,7-0 Pass,Pass,rda_vote,,procedural,keyword,high,,,,32,25,1,minutes/2021/2021-06-07/2021-06-08_redevelopment-agency-rda-meeting.md,minutes
142,32,2,1,Enter into Closed Session for purposes of strategy sessions to discuss collective bargaining and to discuss pending or reasonably imminent litigation and attorney-client matters,Procedural/Administrative,7-0 Pass,Pass,council_vote,,procedural,keyword,high,,,,21,6,1,minutes/2021/2021-06-07/2021-06-10_council-work-session.md,pmn_minutes
143,32,2,2,Exit the Closed Session and adjourn the meeting,Procedural/Administrative,7-0 Pass,Pass,council_vote,,procedural,keyword,high,,,,20,21,1,minutes/2021/2021-06-07/2021-06-10_council-work-session.md,pmn_minutes
144,33,2,1,Enter into Closed Session for the purpose of strategy sessions to discuss collective bargaining and attorney-client matters.,Procedural/Administrative,6-0 Pass,Pass,council_vote,,procedural,keyword,high,,,,39,70,1,minutes/2021/2021-06-14/2021-06-15_council-work-session.md,minutes
145,34,3,1,"Approve Resolution 03 of 2021, adopting the Final Budget for Fiscal Year 2021-22 of the Capital Projects Fund of the Local Building Authority.",Budget Amendment,6-0 Pass,Pass,mba_vote,,approve,keyword,high,,,,62,36,1,minutes/2021/2021-06-14/2021-06-15_lba-rda-and-council-formal-meeting.md,minutes
146,33,2,2,Exit Closed Session and return to Work Session.,Procedural/Administrative,7-0 Pass,Pass,council_vote,,procedural,keyword,high,,,,62,67,1,minutes/2021/2021-06-14/2021-06-15_council-work-session.md,minutes
147,35,5,2,Adjourn as the Local Building Authority and Convene as the Redevelopment Agency.,Procedural/Administrative,7-0 Pass,Pass,rda_vote,,procedural,keyword,high,,,,62,39,1,minutes/2021/2021-06-14/2021-06-15_lba-rda-and-council-formal-meeting.md,minutes
148,35,5,3,"Adopt Resolution 11 of 2021, amending the Fiscal Year 2020-2021 final budget of the Redevelopment Agency as proposed by the Administration with the Granary District Community & Cultural Initiative funding going into a holding account.",Budget Amendment,7-0 Pass,Pass,rda_vote,,approve,keyword,high,,,,62,67,1,minutes/2021/2021-06-14/2021-06-15_lba-rda-and-council-formal-meeting.md,minutes
149,35,5,4,"Adopt Resolution 12 of 2021, approving the FY22 RDA Budget reflected in the attached Key Changes spreadsheet with the clarifications shown on the motion sheet, with specified capital projects approved that do not lapse to Fund Balance.",Budget Amendment,7-0 Pass,Pass,rda_vote,,approve,keyword,high,26,singleton,high,62,36,1,minutes/2021/2021-06-14/2021-06-15_lba-rda-and-council-formal-meeting.md,minutes
150,35,5,5,"Adopt the Legislative Intent Statements as outlined on the motion sheet under Motion 2, items A and B, relating to energy efficiency as a condition of RDA project loans and investments, and reviewing the structure of RDA accounts.",Legislative Intent,7-0 Pass,Pass,rda_vote,,approve,keyword,high,27,singleton,high,62,36,1,minutes/2021/2021-06-14/2021-06-15_lba-rda-and-council-formal-meeting.md,minutes
151,36,2,6,Adjourn as the Redevelopment Agency and convene as the City Council.,Procedural/Administrative,7-0 Pass,Pass,council_vote,,procedural,keyword,high,,,,39,70,1,minutes/2021/2021-06-14/2021-06-15_lba-rda-and-council-formal-meeting.md,minutes
152,36,2,7,"Approve the Work Session meeting minutes for February 16, 2021; Formal meeting minutes for February 2, 2021 and February 16, 2021.",Procedural/Administrative,7-0 Pass,Pass,council_vote,,procedural,keyword,high,,,,62,70,1,minutes/2021/2021-06-14/2021-06-15_lba-rda-and-council-formal-meeting.md,minutes
153,36,2,8,"Adopt Resolution 22 of 2021, recognizing June 19th as Juneteenth day in Salt Lake City.",Ceremonial Resolution,7-0 Pass,Pass,council_vote,,approve,keyword,high,,,,70,67,1,minutes/2021/2021-06-14/2021-06-15_lba-rda-and-council-formal-meeting.md,minutes
154,36,2,9,Close the public hearing and refer Items G-1 through G-8 to a future Consent Agenda for action.,Public Hearing Action,7-0 Pass,Pass,council_vote,,procedural,keyword,high,,,,36,39,1,minutes/2021/2021-06-14/2021-06-15_lba-rda-and-council-formal-meeting.md,minutes
155,36,2,10,"Adopt Ordinance 24 of 2021, amending the final budget for the Library Fund for the fiscal year beginning July 1, 2020, and ending June 30, 2021.",Budget Amendment,7-0 Pass,Pass,council_vote,,approve,keyword,high,,,,50,67,1,minutes/2021/2021-06-14/2021-06-15_lba-rda-and-council-formal-meeting.md,minutes
156,36,2,11,"Adopt Ordinance 25 of 2021, amending the FY 2020-2021 final budget of Salt Lake City including the employment staffing document as shown on the motion sheet.",Budget Amendment,7-0 Pass,Pass,council_vote,,approve,keyword,high,,,,62,36,1,minutes/2021/2021-06-14/2021-06-15_lba-rda-and-council-formal-meeting.md,minutes
157,36,2,12,"Motion 1: Adopt Ordinance 32 of 2021, approving Salt Lake City's Fiscal Year 2021-22 budget as outlined in the attached key changes spreadsheets and staffing document, excluding the schedule for capital projects and debt and the Library Fund.",Budget Amendment,7-0 Pass,Pass,council_vote,,approve,keyword,high,,,,36,70,1,minutes/2021/2021-06-14/2021-06-15_lba-rda-and-council-formal-meeting.md,minutes
158,36,2,13,Motion 2: Adopt Ordinance 33 of 2021 approving the budget for the Library Fund of Salt Lake City for Fiscal Year 2021-22.,Budget Amendment,7-0 Pass,Pass,council_vote,,approve,keyword,high,,,,70,36,1,minutes/2021/2021-06-14/2021-06-15_lba-rda-and-council-formal-meeting.md,minutes
159,36,2,14,"Motion 3: Adopt Ordinance 34 of 2021 setting the final rate of tax levy, including the final levy for the Library Fund, for Fiscal Year 2021-22 at .004076 on each dollar of taxable valuation.",Ordinance,7-0 Pass,Pass,council_vote,,approve,keyword,high,,,,70,50,1,minutes/2021/2021-06-14/2021-06-15_lba-rda-and-council-formal-meeting.md,minutes
160,36,2,15,"Motion 4: Adopt $37,355,406 to be transferred into CIP, including approving $8,572,651 in funding for annual debt service and other ongoing commitments, as detailed in the Mayor's Recommended CIP Budget excluding the first year payment for the proposed new sales tax Series 2022 bond.",Budget Amendment,7-0 Pass,Pass,council_vote,,approve,keyword,high,,,,50,36,1,minutes/2021/2021-06-14/2021-06-15_lba-rda-and-council-formal-meeting.md,minutes
161,36,2,16,"Motion 5: Adopt the Legislative Intent Statements as outlined on the motion sheet under Motion 5, items A through E.",Legislative Intent,7-0 Pass,Pass,council_vote,,approve,keyword,high,,,,70,36,1,minutes/2021/2021-06-14/2021-06-15_lba-rda-and-council-formal-meeting.md,minutes
162,36,2,17,"Motion 6: Adopt ordinances A through F relating to the Fiscal Year 2021-22 budget, including Ordinances 26-31 of 2021 covering AFSCME appropriations, Firefighters MOU appropriations, Police Association appropriations, non-represented employee compensation plan, public right-of-way amendments, and organizational changes.",Ordinance,7-0 Pass,Pass,council_vote,,approve,keyword,high,,,,36,62,1,minutes/2021/2021-06-14/2021-06-15_lba-rda-and-council-formal-meeting.md,minutes
163,36,2,18,Approve the Consent Agenda.,Procedural/Administrative,7-0 Pass,Pass,council_vote,,procedural,keyword,high,,,,62,36,1,minutes/2021/2021-06-14/2021-06-15_lba-rda-and-council-formal-meeting.md,minutes
164,37,2,1,Enter into Closed Session to discuss collective bargaining and for the advice of Counsel.,Procedural/Administrative,6-0 Pass,Pass,council_vote,,procedural,keyword,high,,,,41,21,1,minutes/2021/2021-06-21/2021-06-21_special-council-work-session.md,minutes
165,37,2,2,Exit out of Closed Session and convene in a Work Session.,Procedural/Administrative,7-0 Pass,Pass,council_vote,,procedural,keyword,high,,,,17,20,1,minutes/2021/2021-06-21/2021-06-21_special-council-work-session.md,minutes
166,38,2,1,"Approve the Work Session meeting minutes of Tuesday, November 17, 2020; Tuesday, December 8, 2020 and the Limited Formal Meeting Minutes of Thursday, May 13, 2021.",Procedural/Administrative,6-0 Pass,Pass,council_vote,,procedural,keyword,high,,,,21,20,1,minutes/2021/2021-07-12/2021-07-13_council-formal-meeting.md,minutes
167,38,2,2,Close the public hearing on the Resolution for Issuance of Series 2021 Bonds for Financing the Construction of the New SLC International Airport.,Public Hearing Action,6-0 Pass,Pass,council_vote,,procedural,keyword,medium,,,,17,19,1,minutes/2021/2021-07-12/2021-07-13_council-formal-meeting.md,minutes
168,38,2,3,Close the public hearing and defer action to a future Council meeting on the Ordinance for Rezone at Approximately 860 and 868 East 3rd Avenue.,Public Hearing Action,6-0 Pass,Pass,council_vote,,continue,keyword,high,28,singleton,high,19,21,1,minutes/2021/2021-07-12/2021-07-13_council-formal-meeting.md,minutes
169,38,2,4,Close the public hearing and defer action to a future Council meeting on the Ordinance for Rezone and Master Plan Amendment at 850 and 870 East 2100 South.,Public Hearing Action,6-0 Pass,Pass,council_vote,,continue,keyword,high,29,singleton,high,19,6,1,minutes/2021/2021-07-12/2021-07-13_council-formal-meeting.md,minutes
170,38,2,5,Reopen the public hearing for agenda item B-3 – Rezone and Master Plan Amendment at 850 East 2100 South.,Public Hearing Action,6-0 Pass,Pass,council_vote,,procedural,keyword,high,30,singleton,high,17,21,1,minutes/2021/2021-07-12/2021-07-13_council-formal-meeting.md,minutes
171,38,2,6,Close the public hearing and defer action to a future meeting on the Rezone and Master Plan Amendment at 850 and 870 East 2100 South.,Public Hearing Action,6-0 Pass,Pass,council_vote,,continue,keyword,high,31,singleton,high,17,19,1,minutes/2021/2021-07-12/2021-07-13_council-formal-meeting.md,minutes
172,38,2,7,Close the public hearing and defer action to a future Council meeting on the Ordinance for Rezone and Master Plan Amendment at 810 East 800 South.,Public Hearing Action,6-0 Pass,Pass,council_vote,,continue,keyword,high,32,singleton,high,19,20,1,minutes/2021/2021-07-12/2021-07-13_council-formal-meeting.md,minutes
173,38,2,8,"Continue the public hearing on the Resolution for Capital Improvement Program Projects to August 17, 2021.",Public Hearing Action,6-0 Pass,Pass,council_vote,,continue,keyword,high,,,,19,6,1,minutes/2021/2021-07-12/2021-07-13_council-formal-meeting.md,minutes
174,38,2,9,Close the public hearing and adopt Ordinance 35 of 2021 setting the Consolidated Fee Schedule for Fiscal Year 2021-2022.,Ordinance,6-0 Pass,Pass,council_vote,,approve,keyword,high,,,,19,6,1,minutes/2021/2021-07-12/2021-07-13_council-formal-meeting.md,minutes
175,38,2,10,Ratify the Chair's determination to meet without an anchor location due to health and safety risk of those in attendance.,Procedural/Administrative,6-0 Pass,Pass,council_vote,,approve,keyword,high,,,,17,21,1,minutes/2021/2021-07-12/2021-07-13_council-formal-meeting.md,minutes
176,38,2,11,Approve the Consent Agenda.,Procedural/Administrative,6-0 Pass,Pass,council_vote,,procedural,keyword,high,,,,17,19,1,minutes/2021/2021-07-12/2021-07-13_council-formal-meeting.md,minutes
177,39,2,1,"Adopt Joint Resolution 23 of 2021, declaring racism a public health crisis.",Ceremonial Resolution,6-0 Pass,Pass,council_vote,,approve,keyword,high,,,,21,6,1,minutes/2021/2021-07-19/2021-07-20_council-formal-meeting.md,minutes
178,40,5,1,"Approve the minutes of Tuesday, May 19, 2020",Procedural/Administrative,6-0 Pass,Pass,rda_vote,,procedural,keyword,high,,,,34,23,1,minutes/2021/2021-07-19/2021-07-20_redevelopment-agency-rda-meeting.md,minutes
179,39,2,2,Close the Public Hearing and refer Item B-1 (2020 Emergency Management Performance Grant) to a future Consent Agenda for action.,Public Hearing Action,7-0 Pass,Pass,council_vote,,procedural,keyword,high,,,,41,6,1,minutes/2021/2021-07-19/2021-07-20_council-formal-meeting.md,minutes
180,40,5,2,"Approve RDA Resolution 13 of 2021, Utah Performing Arts Center Interlocal Agreement",Interlocal/Agreement,6-0 Pass,Pass,rda_vote,,approve,keyword,high,33,singleton,high,32,25,1,minutes/2021/2021-07-19/2021-07-20_redevelopment-agency-rda-meeting.md,minutes
181,39,2,3,"Close the public hearing and adopt Ordinance 38 of 2022, amending the FY 2021-22 final budget of Salt Lake City including the employment staffing document (Budget Amendment No. 1).",Budget Amendment,7-0 Pass,Pass,council_vote,,approve,keyword,high,,,,41,6,1,minutes/2021/2021-07-19/2021-07-20_council-formal-meeting.md,minutes
182,40,5,3,"Enter into Closed Session for the purposes of strategy sessions to discuss the purchase, exchange or lease of real property, discussion of pending or reasonably imminent litigation, and advice of Counsel",Procedural/Administrative,6-0 Pass,Pass,rda_vote,,procedural,keyword,high,,,,34,25,1,minutes/2021/2021-07-19/2021-07-20_redevelopment-agency-rda-meeting.md,minutes
183,39,2,4,Close the Public Hearing and refer item back to the Mosquito Abatement District for their budget process.,Public Hearing Action,7-0 Pass,Pass,council_vote,,procedural,keyword,medium,,,,19,41,1,minutes/2021/2021-07-19/2021-07-20_council-formal-meeting.md,minutes
184,39,2,5,"Adopt Ordinance 37 of 2021, to amend the zoning map for properties located at approximately 860 and 868 East 3rd Avenue.",Ordinance,7-0 Pass,Pass,council_vote,,approve,keyword,high,34,singleton,high,17,19,1,minutes/2021/2021-07-19/2021-07-20_council-formal-meeting.md,minutes
185,39,2,6,"Adopt Ordinance 39 of 2021, to amend zoning of properties at approximately 850 and 870 East 2100 South.",Ordinance,7-0 Pass,Pass,council_vote,,approve,keyword,high,,,,41,17,1,minutes/2021/2021-07-19/2021-07-20_council-formal-meeting.md,minutes
186,39,2,7,"Adopt Ordinance 40 of 2021, to amend the zoning map for a parcel of property at approximately 810 East 800 South.",Ordinance,7-0 Pass,Pass,council_vote,,approve,keyword,high,35,singleton,high,19,41,1,minutes/2021/2021-07-19/2021-07-20_council-formal-meeting.md,minutes
187,39,2,8,"Adopt Resolution 25 of 2021, intention to designate Central Business Improvement Area 2022.",Resolution,7-0 Pass,Pass,council_vote,,approve,keyword,high,,,,41,19,1,minutes/2021/2021-07-19/2021-07-20_council-formal-meeting.md,minutes
188,39,2,9,"Suspend the rules and adopt Resolution 24 of 2021, authorizing the interlocal agreement between Salt Lake City, the Redevelopment Agency (RDA), and the Utah Performing Arts Center Agency (URACA), for operation of the George S. and Delores Dore Eccles Theater.",Interlocal/Agreement,7-0 Pass,Pass,council_vote,,approve,keyword,high,,,,41,17,1,minutes/2021/2021-07-19/2021-07-20_council-formal-meeting.md,minutes
189,39,2,10,"Suspend the rules and adopt Ordinance 36 of 2021, amending sections of the Salt Lake City code relating to campaign finance reporting and personal campaign committees.",Ordinance,7-0 Pass,Pass,council_vote,,approve,keyword,high,,,,17,21,1,minutes/2021/2021-07-19/2021-07-20_council-formal-meeting.md,minutes
190,39,2,11,"Adopt Ordinance 41 of 2021, amending section 8.04.390 of Salt Lake City Code relating to animals running at large and other parks.",Ordinance,7-0 Pass,Pass,council_vote,,approve,keyword,high,36,singleton,high,41,19,1,minutes/2021/2021-07-19/2021-07-20_council-formal-meeting.md,minutes
191,39,2,12,"Adopt Ordinance 42 of 2021, approving the Memorandum of Understanding between Salt Lake City and International Association of Firefighters Local 81, representing eligible employees, pursuant to the Collective Bargaining and Employee Representation Joint Resolutions.",Ordinance,7-0 Pass,Pass,council_vote,,approve,keyword,high,,,,41,21,1,minutes/2021/2021-07-19/2021-07-20_council-formal-meeting.md,minutes
192,39,2,13,"Adopt Ordinance 44 of 2021, approving a Memorandum of Understanding between Salt Lake City and Salt Lake Police Association, representing the eligible employees, pursuant to the Collective Bargaining and Employee Representation Joint Resolution.",Ordinance,7-0 Pass,Pass,council_vote,,approve,keyword,high,,,,41,19,1,minutes/2021/2021-07-19/2021-07-20_council-formal-meeting.md,minutes
193,39,2,14,"Adopt Ordinance 43 of 2021, appropriating necessary funds to implement, for FY 21-22, the provisions of a Memorandum of Understanding between Salt Lake City Corporation and the American Federation of State, County and Municipal Employees (AFSCME) Local 1004.",Ordinance,7-0 Pass,Pass,council_vote,,approve,keyword,high,,,,41,17,1,minutes/2021/2021-07-19/2021-07-20_council-formal-meeting.md,minutes
194,39,2,15,Approve the Consent Agenda.,Procedural/Administrative,7-0 Pass,Pass,council_vote,,procedural,keyword,high,,,,41,17,1,minutes/2021/2021-07-19/2021-07-20_council-formal-meeting.md,minutes
195,41,2,1,"Enter into Closed Session for the purpose of strategy sessions to discuss the purchase, exchange, or lease of real property and attorney-client matters",Procedural/Administrative,7-0 Pass,Pass,council_vote,,procedural,keyword,high,,,,70,50,1,minutes/2021/2021-08-16/2021-08-17_council-work-session.md,minutes
196,42,2,1,Adopt Resolution 4 of 2021 authorizing the redemption of Lease Revenue Bonds Series 2013A and 2014A and related matters.,Resolution,6-0 Pass,Pass,council_vote,,approve,keyword,high,,,,41,19,1,minutes/2021/2021-08-16/2021-08-17_local-building-authority-and-council-formal-meeting.md,minutes
197,41,2,2,Exit Closed Session and adjourn,Procedural/Administrative,7-0 Pass,Pass,council_vote,,procedural,keyword,high,,,,70,67,1,minutes/2021/2021-08-16/2021-08-17_council-work-session.md,minutes
198,42,2,2,Adjourn as the Local Building Authority and reconvene as the City Council.,Procedural/Administrative,6-0 Pass,Pass,council_vote,,procedural,keyword,high,,,,41,19,1,minutes/2021/2021-08-16/2021-08-17_local-building-authority-and-council-formal-meeting.md,minutes
199,42,2,3,"Approve Work Session meeting minutes of Tuesday, November 10, 2020, and meeting minute excerpts relating to the Airport Bond Resolution actions from Tuesday, June 1, 2021, and Tuesday, July 13, 2021.",Procedural/Administrative,6-0 Pass,Pass,council_vote,,procedural,keyword,high,,,,41,19,1,minutes/2021/2021-08-16/2021-08-17_local-building-authority-and-council-formal-meeting.md,minutes
200,42,2,4,"Close the Public Hearing and adopt Ordinance 45 of 2021, a rezone of the property at approximately 329-331 South and 600 East (Encircle) from RMF-35 to R-MU-35.",Ordinance,7-0 Pass,Pass,council_vote,,approve,keyword,high,37,singleton,high,41,17,1,minutes/2021/2021-08-16/2021-08-17_local-building-authority-and-council-formal-meeting.md,minutes
201,42,2,5,Close the Public Hearing and defer action to a future Council meeting (Goshen Street Alley Vacation).,Public Hearing Action,7-0 Pass,Pass,council_vote,,continue,keyword,high,38,singleton,high,41,19,1,minutes/2021/2021-08-16/2021-08-17_local-building-authority-and-council-formal-meeting.md,minutes
202,42,2,6,Close the Public Hearing and defer action to a future Council meeting (Rosewood Park Street and Alley Vacation at 1400 North 1200 West).,Public Hearing Action,7-0 Pass,Pass,council_vote,,continue,keyword,high,39,singleton,high,41,17,1,minutes/2021/2021-08-16/2021-08-17_local-building-authority-and-council-formal-meeting.md,minutes
203,42,2,7,Close the Public Hearing and defer action to a future Council meeting (Administrative Decision Appeals Text Amendment).,Public Hearing Action,7-0 Pass,Pass,council_vote,,continue,keyword,high,40,singleton,high,41,19,1,minutes/2021/2021-08-16/2021-08-17_local-building-authority-and-council-formal-meeting.md,minutes
204,42,2,8,"Close the Public Hearing, ask the Planning Staff to return with a few potential recommendations that may mitigate the impact of outdoor dining on adjacent residential uses and address the red lines from Verizon Wireless (Special Exception Process Text Amendment).",Public Hearing Action,7-0 Pass,Pass,council_vote,,procedural,keyword,medium,41,singleton,high,20,41,1,minutes/2021/2021-08-16/2021-08-17_local-building-authority-and-council-formal-meeting.md,minutes
205,42,2,9,Close the Public Hearing (Capital Improvement Program Projects).,Public Hearing Action,7-0 Pass,Pass,council_vote,,procedural,keyword,medium,,,,41,19,1,minutes/2021/2021-08-16/2021-08-17_local-building-authority-and-council-formal-meeting.md,minutes
206,42,2,10,Approve the appointment of Kristin Riker as the Director of the Public Lands Department.,Appointment/Advice & Consent,7-0 Pass,Pass,council_vote,,approve,keyword,high,,,,17,19,1,minutes/2021/2021-08-16/2021-08-17_local-building-authority-and-council-formal-meeting.md,minutes
207,42,2,11,Ratify the Chair's determination to continue meeting remotely and without an anchor location.,Procedural/Administrative,7-0 Pass,Pass,council_vote,,approve,keyword,high,,,,17,20,1,minutes/2021/2021-08-16/2021-08-17_local-building-authority-and-council-formal-meeting.md,minutes
208,42,2,12,"Adopt Resolution 29 of 2021, entering into Addendum Number 4 and Addendum Number 5 to the Interlocal Agreement with the Utah Transit Authority, and placing the remaining $175,261 into a holding account reserved for future Funding Our Future transit expenses.",Interlocal/Agreement,7-0 Pass,Pass,council_vote,,approve,keyword,high,,,,41,17,1,minutes/2021/2021-08-16/2021-08-17_local-building-authority-and-council-formal-meeting.md,minutes
209,42,2,13,"Adopt Resolution 26 of 2021, authorizing up to $26,100,000 of sales and excise tax revenue and refunding bonds and providing for related matters.",Resolution,7-0 Pass,Pass,council_vote,,approve,keyword,high,,,,41,19,1,minutes/2021/2021-08-16/2021-08-17_local-building-authority-and-council-formal-meeting.md,minutes
210,42,2,14,Adopt the consent agenda.,Procedural/Administrative,7-0 Pass,Pass,council_vote,,procedural,keyword,high,,,,41,17,1,minutes/2021/2021-08-16/2021-08-17_local-building-authority-and-council-formal-meeting.md,minutes
211,43,2,1,"Approve the work session meeting minutes of Tuesday, March 16, 2021.",Procedural/Administrative,7-0 Pass,Pass,council_vote,,procedural,keyword,high,,,,70,39,1,minutes/2021/2021-08-23/2021-08-24_council-formal-meeting.md,minutes
212,44,5,1,"Approve the meeting minutes of Tuesday, December 8, 2020.",Procedural/Administrative,6-0 Pass,Pass,rda_vote,,procedural,keyword,high,,,,25,23,1,minutes/2021/2021-08-23/2021-08-24_redevelopment-agency-rda-meeting.md,minutes
213,43,2,2,Close the public hearing and refer Items B1 through B4 to a future Consent Agenda.,Public Hearing Action,7-0 Pass,Pass,council_vote,,procedural,keyword,high,,,,36,67,1,minutes/2021/2021-08-23/2021-08-24_council-formal-meeting.md,minutes
214,44,5,2,Ratify the Chair's determination to continue meeting remotely and without an anchor location.,Procedural/Administrative,6-0 Pass,Pass,rda_vote,,approve,keyword,high,,,,25,23,1,minutes/2021/2021-08-23/2021-08-24_redevelopment-agency-rda-meeting.md,minutes
215,43,2,3,Close the public hearing and adopt Resolution 28 of 2021.,Resolution,7-0 Pass,Pass,council_vote,,approve,keyword,high,,,,36,62,1,minutes/2021/2021-08-23/2021-08-24_council-formal-meeting.md,minutes
216,44,5,3,"Approve Resolution 14 of 2021, adopting the Housing Development funding priorities for FY 2021-2022 with final funding priorities identified as presented.",Resolution,6-0 Pass,Pass,rda_vote,,approve,keyword,high,42,singleton,high,23,24,1,minutes/2021/2021-08-23/2021-08-24_redevelopment-agency-rda-meeting.md,minutes
217,43,2,4,Adopt Ordinance 47 of 2021.,Ordinance,7-0 Pass,Pass,council_vote,,approve,keyword,high,,,,62,36,1,minutes/2021/2021-08-23/2021-08-24_council-formal-meeting.md,minutes
218,44,5,4,"Enter into Closed Session for §52-4-205(l)(d) strategy sessions to discuss the purchase, exchange, or lease of real property, and for Attorney-Client matters that are privileged pursuant to Utah Code §78B-1-137, and for other lawful purposes that satisfy the pertinent requirements of the Utah Open and Public Meetings Act.",Procedural/Administrative,6-0 Pass,Pass,rda_vote,,procedural,keyword,high,,,,34,24,1,minutes/2021/2021-08-23/2021-08-24_redevelopment-agency-rda-meeting.md,minutes
219,43,2,5,Adopt Ordinance 46 of 2021.,Ordinance,7-0 Pass,Pass,council_vote,,approve,keyword,high,,,,62,67,1,minutes/2021/2021-08-23/2021-08-24_council-formal-meeting.md,minutes
220,43,2,6,"Adopt Ordinance 48 of 2021, with added language requiring a hearing officer to make reasonable efforts to respond to a stay request within 10 days of the appeal being deemed complete, with specific provisions on presumed denial if not decided within 10 days and no stay for incomplete or late appeals.",Ordinance,7-0 Pass,Pass,council_vote,,approve,mixed,low,,,,70,36,1,minutes/2021/2021-08-23/2021-08-24_council-formal-meeting.md,minutes
221,43,2,7,"Approve Resolution 27 of 2021, adopting the Capital Improvement Program project-specific allocations for Fiscal Year 2021-2022 as shown on the attached Exhibit A Funding Log.",Resolution,7-0 Pass,Pass,council_vote,,approve,keyword,high,,,,62,70,1,minutes/2021/2021-08-23/2021-08-24_council-formal-meeting.md,minutes
222,43,2,8,Approve the appointment of Stephen Meyer as Director of 911 Dispatch.,Appointment/Advice & Consent,7-0 Pass,Pass,council_vote,,approve,keyword,high,,,,62,70,1,minutes/2021/2021-08-23/2021-08-24_council-formal-meeting.md,minutes
223,43,2,9,Approve the Consent Agenda.,Procedural/Administrative,7-0 Pass,Pass,council_vote,,procedural,keyword,high,,,,62,39,1,minutes/2021/2021-08-23/2021-08-24_council-formal-meeting.md,minutes
224,45,2,1,"Approve the Meeting Minutes of August 24, 2021 and July 20, 2021 CBIA excerpt",Procedural/Administrative,5-0 Pass,Pass,council_vote,,procedural,keyword,high,,,,36,39,1,minutes/2021/2021-09-06/2021-09-07_council-formal-meeting.md,minutes
225,45,2,2,Close the public hearing and refer Items B-1 through B-3 to a future Consent Agenda for action,Public Hearing Action,6-0 Pass,Pass,council_vote,,procedural,keyword,high,,,,50,39,1,minutes/2021/2021-09-06/2021-09-07_council-formal-meeting.md,minutes
226,45,2,3,Close the public hearing on the Resolution: Intention to Designate Central Business Improvement Area 2022,Public Hearing Action,6-0 Pass,Pass,council_vote,,procedural,keyword,medium,,,,70,36,1,minutes/2021/2021-09-06/2021-09-07_council-formal-meeting.md,minutes
227,45,2,4,Close the public hearing and defer action to a future Council meeting on the Ordinance: Rezone at Nielsen Estates at 833 West Hoyt Place and 834 West 200 North,Public Hearing Action,6-0 Pass,Pass,council_vote,,continue,keyword,high,43,singleton,high,50,39,1,minutes/2021/2021-09-06/2021-09-07_council-formal-meeting.md,minutes
228,45,2,5,Close the public hearing and adopt Ordinance 49 of 2021 permitting restaurants in the Public Lands Zoning District,Ordinance,6-0 Pass,Pass,council_vote,,approve,keyword,high,,,,50,70,1,minutes/2021/2021-09-06/2021-09-07_council-formal-meeting.md,minutes
229,45,2,6,"Close the public hearing and defer action to a future Council meeting on the Ordinance: Amending City Code Pertaining to Fence, Wall, and Hedge Height Requirements",Public Hearing Action,6-0 Pass,Pass,council_vote,,continue,keyword,high,,,,50,70,1,minutes/2021/2021-09-06/2021-09-07_council-formal-meeting.md,minutes
230,45,2,7,Close the public hearing and defer action to a future Council meeting on the Resolution: Public Benefits Analysis - Authorizing the Waiver of Lease Fees to Facilitate the Operation of an Airport Military Service Members Lounge,Public Hearing Action,6-0 Pass,Pass,council_vote,,continue,keyword,high,,,,36,39,1,minutes/2021/2021-09-06/2021-09-07_council-formal-meeting.md,minutes
231,45,2,8,Ratify the Chair's determination to continue meeting remotely and without an anchor location,Procedural/Administrative,6-0 Pass,Pass,council_vote,,approve,keyword,high,,,,70,39,1,minutes/2021/2021-09-06/2021-09-07_council-formal-meeting.md,minutes
232,45,2,9,"Adopt Resolution 30 of 2021, authorizing the pledge of supplemental sales and use tax revenues for debt payments on sales and excise tax revenue bonds",Resolution,6-0 Pass,Pass,council_vote,,approve,keyword,high,,,,36,39,1,minutes/2021/2021-09-06/2021-09-07_council-formal-meeting.md,minutes
233,45,2,10,Adopt Ordinance 50 of 2021 to create and organize the Racial Equity in Policing Commission as an ongoing City Board and Commission,Ordinance,6-0 Pass,Pass,council_vote,,approve,keyword,high,,,,36,70,1,minutes/2021/2021-09-06/2021-09-07_council-formal-meeting.md,minutes
234,45,2,11,"Adopt Ordinance 51 of 2021, amending Chapter 15.350 Salt Lake City Code to rename People's Freeway Park to Ballpark Playground",Ordinance,6-0 Pass,Pass,council_vote,,approve,keyword,high,44,singleton,high,50,39,1,minutes/2021/2021-09-06/2021-09-07_council-formal-meeting.md,minutes
235,45,2,12,"Adopt Resolution 31 of 2021, authorizing the City to enter into a $7 million Utah State Infrastructure Bank loan for a parking structure between 400-500 West and 600-700 South",Resolution,6-0 Pass,Pass,council_vote,,approve,keyword,high,,,,70,50,1,minutes/2021/2021-09-06/2021-09-07_council-formal-meeting.md,minutes
236,45,2,13,Adopt the Consent Agenda,Procedural/Administrative,6-0 Pass,Pass,council_vote,,procedural,keyword,high,,,,70,67,1,minutes/2021/2021-09-06/2021-09-07_council-formal-meeting.md,minutes
237,46,2,1,"Adopt Resolution 32 of 2021, Local Emergency Declaration (COVID) Extension for 30 days and review again at the October 12, 2021 meeting.",Resolution,6-1 Pass,Pass,council_vote,,approve,keyword,high,,,,17,19,1,minutes/2021/2021-09-13/2021-09-14_limited-formal-meeting.md,minutes
238,47,2,1,"Motion to enter into Closed Session for purposes of §52-4-205(1)(f) discussion regarding deployment of security personnel, devices, or systems; and for Attorney-Client matters that are privileged pursuant to Utah Code §78B-1-137, and for other lawful purposes that satisfy the pertinent requirements of the Utah Open and Public Meetings Act.",Procedural/Administrative,6-0 Pass,Pass,council_vote,,procedural,keyword,high,,,,6,19,1,minutes/2021/2021-09-20/2021-09-21_council-work-session.md,minutes
239,48,2,1,"Approve the work session meeting minutes of Tuesday, March 3, 2020 and Tuesday, April 21, 2020, as well as the formal meeting minutes of Tuesday, April 21, 2020 and the special limited formal meeting minutes of Tuesday, April 14, 2020.",Procedural/Administrative,6-0 Pass,Pass,council_vote,,procedural,keyword,high,,,,17,19,1,minutes/2021/2021-09-20/2021-09-21_revised-council-formal-meeting.md,minutes
240,47,2,2,Motion to exit the Closed Session.,Procedural/Administrative,5-0 Pass,Pass,council_vote,,procedural,keyword,high,,,,17,20,1,minutes/2021/2021-09-20/2021-09-21_council-work-session.md,minutes
241,48,2,2,Close the public hearing on the Resolution authorizing the issuance and sale of Sales and Excise Tax Revenue and Refunding Bonds.,Public Hearing Action,6-0 Pass,Pass,council_vote,,approve,keyword,high,,,,19,6,1,minutes/2021/2021-09-20/2021-09-21_revised-council-formal-meeting.md,minutes
242,48,2,3,Close the public hearing and defer action on the 2020 Salt Lake City Street Lighting Master Plan ordinance to a future Council meeting.,Public Hearing Action,6-0 Pass,Pass,council_vote,,continue,keyword,high,45,name,medium,17,21,1,minutes/2021/2021-09-20/2021-09-21_revised-council-formal-meeting.md,minutes
243,48,2,4,Close the public hearing and defer action on Budget Amendment No. 2 for Fiscal Year 2021-22 to a future Council meeting. (Initial Motion),Public Hearing Action,6-0 Pass,Pass,council_vote,,continue,keyword,high,,,,17,21,1,minutes/2021/2021-09-20/2021-09-21_revised-council-formal-meeting.md,minutes
244,48,2,5,Reconsider the previous vote on Budget Amendment No. 2 for Fiscal Year 2021-22.,Procedural/Administrative,6-0 Pass,Pass,council_vote,,procedural,keyword,high,,,,17,19,1,minutes/2021/2021-09-20/2021-09-21_revised-council-formal-meeting.md,minutes
245,48,2,6,"Close the public hearing, defer action on all items except Item A1 to a future meeting, and adopt Ordinance 54 of 2021 approving Item A1 (Continued Funding for Downtown Ambassador Pilot Programs: North Temple and Rio Grande – $495,000 from General Fund Balance). (Reconsidered Motion)",Budget Amendment,6-0 Pass,Pass,council_vote,,continue,keyword,high,,,,17,20,1,minutes/2021/2021-09-20/2021-09-21_revised-council-formal-meeting.md,minutes
246,48,2,7,"Adopt Ordinance 53 of 2021 rezoning parcels at 833 West Hoyt Place and 834 West 200 North from R-1/5,000 and R-1/7,000 to SR-3, subject to a development agreement requiring protection of the single-family use and architecture of the existing structure at 834 West 200 North.",Ordinance,6-0 Pass,Pass,council_vote,,approve,keyword,high,46,singleton,high,17,21,1,minutes/2021/2021-09-20/2021-09-21_revised-council-formal-meeting.md,minutes
247,48,2,8,"Adopt Ordinance 52 of 2021 amending city code pertaining to fence, wall, and hedge height requirements.",Ordinance,6-0 Pass,Pass,council_vote,,approve,keyword,high,,,,17,20,1,minutes/2021/2021-09-20/2021-09-21_revised-council-formal-meeting.md,minutes
248,48,2,9,Adopt Resolution 34 of 2021 authorizing the waiver of lease fees at Salt Lake City International Airport to facilitate the operation of an Airport Military Service Members Lounge by the USO.,Resolution,6-0 Pass,Pass,council_vote,,approve,keyword,high,,,,19,21,1,minutes/2021/2021-09-20/2021-09-21_revised-council-formal-meeting.md,minutes
249,48,2,10,Adopt Resolution 35 of 2021 supporting Salt Lake City hosting the National League of Cities (NLC) Conference in 2025.,Resolution,6-0 Pass,Pass,council_vote,,approve,keyword,high,,,,17,21,1,minutes/2021/2021-09-20/2021-09-21_revised-council-formal-meeting.md,minutes
250,48,2,11,"Adopt Resolution 33 of 2021 authorizing up to $23,600,000 of the City's General Obligation Bonds, Series 2021 (Street Reconstruction).",Resolution,6-0 Pass,Pass,council_vote,,approve,keyword,high,,,,17,19,1,minutes/2021/2021-09-20/2021-09-21_revised-council-formal-meeting.md,minutes
251,48,2,12,Adopt the Consent Agenda except for Item 9 (Board Appointment: Racial Equity in Policing Commission – Carol Schifflett).,Procedural/Administrative,6-0 Pass,Pass,council_vote,,procedural,keyword,high,,,,19,6,1,minutes/2021/2021-09-20/2021-09-21_revised-council-formal-meeting.md,minutes
252,49,2,1,"Enter into Closed Session for the purpose of receiving advice of Counsel and pending, reasonably imminent litigation.",Procedural/Administrative,6-0 Pass,Pass,council_vote,,procedural,keyword,high,,,,17,20,1,minutes/2021/2021-10-04/2021-10-05_council-work-session.md,minutes
253,49,2,2,Exit Closed Session and adjourn.,Procedural/Administrative,6-0 Pass,Pass,council_vote,,procedural,keyword,high,,,,17,6,1,minutes/2021/2021-10-04/2021-10-05_council-work-session.md,minutes
254,50,2,1,Enter into Closed Session for advice of Counsel and pending or imminent litigation.,Procedural/Administrative,5-0 Pass,Pass,council_vote,,procedural,keyword,high,,,,50,39,1,minutes/2021/2021-10-11/2021-10-12_council-work-session.md,minutes
255,51,5,1,"Close the public hearing and adopt RDA Resolution 16 of 2021, amending the FY 2021-2022 final budget of the Redevelopment Agency, including relocation assistance to Utah Theater retail tenants ($116,000 from the Revolving Loan Fund), City Creek Daylighting Technical Analysis and Design Study ($105,000 from the North Temple Strategic Intervention Fund), and housekeeping adjustments to North Temple Strategic Intervention Fund ($2,043,252).",Budget Amendment,5-0 Pass,Pass,rda_vote,,approve,keyword,high,47,singleton,high,23,24,1,minutes/2021/2021-10-11/2021-10-12_redevelopment-agency-rda-meeting.md,minutes
256,50,2,2,Adjourn the Closed Session and enter into the Work Session.,Procedural/Administrative,6-0 Pass,Pass,council_vote,,procedural,keyword,high,,,,70,67,1,minutes/2021/2021-10-11/2021-10-12_council-work-session.md,minutes
257,51,5,2,Ratify the Chair's determination to meet remotely without an anchor location.,Procedural/Administrative,5-0 Pass,Pass,rda_vote,,approve,keyword,high,,,,25,24,1,minutes/2021/2021-10-11/2021-10-12_redevelopment-agency-rda-meeting.md,minutes
258,51,5,3,"Adopt RDA Resolution 17 of 2021, authorizing a two-year property tax increment collection period extension for the Central Business District, North Temple, Depot District, and Granary District project areas.",Resolution,5-0 Pass,Pass,rda_vote,,approve,keyword,high,48,singleton,high,25,23,1,minutes/2021/2021-10-11/2021-10-12_redevelopment-agency-rda-meeting.md,minutes
259,52,2,1,"Approve Work Session meeting minutes from April 13, 2021; April 20, 2021; September 7, 2021, and Formal Meeting minutes from September 7, 2021; as well as the meeting minute excerpts relating to Delegating GO Bond actions from September 21, 2021.",Procedural/Administrative,6-0 Pass,Pass,council_vote,,procedural,keyword,high,,,,20,21,1,minutes/2021/2021-10-18/2021-10-19_revised-council-formal-meeting.md,minutes
260,52,2,2,Close the public hearing and defer action to a future Council meeting on the proposed ordinance to partially vacate a portion of 14th Avenue adjacent to 538 East 14th Avenue.,Public Hearing Action,6-0 Pass,Pass,council_vote,,continue,keyword,high,,,,17,19,1,minutes/2021/2021-10-18/2021-10-19_revised-council-formal-meeting.md,minutes
261,52,2,3,"Close the public hearing and adopt Ordinance 60 of 2021, amending the FY2021-2022 final budget of Salt Lake City including the employment staffing document, including a Switchpoint contract encumbrance carryforward and an FTE reclassification.",Budget Amendment,6-0 Pass,Pass,council_vote,,approve,keyword,high,,,,19,21,1,minutes/2021/2021-10-18/2021-10-19_revised-council-formal-meeting.md,minutes
262,52,2,4,"Adopt Ordinance 56 of 2021, rezoning and amending the Master Plan for properties at 554 and 560 South 300 East.",Ordinance,6-0 Pass,Pass,council_vote,,approve,keyword,high,49,singleton,high,19,21,1,minutes/2021/2021-10-18/2021-10-19_revised-council-formal-meeting.md,minutes
263,52,2,5,"Adopt Ordinance 57 of 2021, regarding a Master Plan and Zoning Map amendment at 461 South 400 East.",Ordinance,6-0 Pass,Pass,council_vote,,approve,keyword,high,50,singleton,high,19,6,1,minutes/2021/2021-10-18/2021-10-19_revised-council-formal-meeting.md,minutes
264,52,2,6,"Adopt Ordinance 58 of 2021, rezoning 203 East 2100 South, 221 East 2100 South, and 1991 South 200 East, subject to a Development Agreement requiring ½ on-site parking stall per residential dwelling unit.",Ordinance,6-0 Pass,Pass,council_vote,,approve,keyword,high,51,singleton,high,20,19,1,minutes/2021/2021-10-18/2021-10-19_revised-council-formal-meeting.md,minutes
265,52,2,7,"Adopt Ordinance 59 of 2021, to vacate a portion of City-owned alley adjacent to 968, 974, 980 East Elm Avenue and 2188 South 1000 East.",Ordinance,6-0 Pass,Pass,council_vote,,approve,keyword,high,,,,20,17,1,minutes/2021/2021-10-18/2021-10-19_revised-council-formal-meeting.md,minutes
266,52,2,8,"Adopt Ordinance 61 of 2021, amending and restating Chapter 3.04 of Salt Lake City Code relating to local sales and use taxes.",Ordinance,6-0 Pass,Pass,council_vote,,approve,keyword,high,,,,19,21,1,minutes/2021/2021-10-18/2021-10-19_revised-council-formal-meeting.md,minutes
267,52,2,9,"Adopt Ordinance 61 of 2021, enacting temporary zoning regulations authorizing temporary overflow homeless shelter use at approximately 235 South Rio Grande.",Ordinance,5-0 Pass,Pass,council_vote,,approve,keyword,high,,,,19,20,1,minutes/2021/2021-10-18/2021-10-19_revised-council-formal-meeting.md,minutes
268,52,2,10,Approve Grants 1 through 7 of Grant Holding Account Item (Consent Agenda No. 2 for Budget Amendment No. 3).,Grant/Funding,6-0 Pass,Pass,council_vote,,procedural,keyword,high,,,,17,19,1,minutes/2021/2021-10-18/2021-10-19_revised-council-formal-meeting.md,minutes
269,52,2,11,"Approve the Consent Agenda, except for Item 2 – Appointment of Nathan Manuel to the PNUT Board, which will be rescheduled at a later date.",Procedural/Administrative,6-0 Pass,Pass,council_vote,,procedural,keyword,high,,,,17,20,1,minutes/2021/2021-10-18/2021-10-19_revised-council-formal-meeting.md,minutes
270,53,2,1,"Enter into Closed Session for attorney-client matters pursuant to Utah Code 78B-1-137, for the advice of Counsel.",Procedural/Administrative,6-0 Pass,Pass,council_vote,,procedural,keyword,high,,,,17,19,1,minutes/2021/2021-11-08/2021-11-09_council-work-session-meeting.md,minutes
271,54,3,1,"Approve the LBA meeting minutes of Tuesday, May 5, 2020; Tuesday, June 2, 2020; and Tuesday, June 9, 2020.",Procedural/Administrative,6-0 Pass,Pass,mba_vote,,procedural,keyword,high,52,singleton,high,70,36,1,minutes/2021/2021-11-08/2021-11-09_lba-and-council-formal-meeting.md,minutes
272,54,3,2,"Approve the LBA Consent Agenda (setting the date of Tuesday, November 16, 2021 at 7 p.m. to accept public comment and consider adopting an ordinance amending the LBA budget for Fiscal Year 2021-22).",Budget Amendment,6-0 Pass,Pass,mba_vote,,procedural,keyword,high,,,,70,36,1,minutes/2021/2021-11-08/2021-11-09_lba-and-council-formal-meeting.md,minutes
273,55,2,3,"Approve Resolution 40 of 2021, condemning hate crimes committed against Asian-American and Pacific Islanders.",Ceremonial Resolution,6-0 Pass,Pass,council_vote,,approve,keyword,high,,,,50,70,1,minutes/2021/2021-11-08/2021-11-09_lba-and-council-formal-meeting.md,minutes
274,55,2,4,Close the public hearing and defer action to a future Council meeting on the University Ivory House Zoning Map Amendment (Petition No. PLNPCM2021-00313).,Public Hearing Action,6-0 Pass,Pass,council_vote,,continue,keyword,high,53,singleton,high,36,39,1,minutes/2021/2021-11-08/2021-11-09_lba-and-council-formal-meeting.md,minutes
275,55,2,5,Close the public hearing and defer action to a future meeting on the Technology Related Land Use Text Amendments (Petition No. PLNPCM2021-00511).,Public Hearing Action,6-0 Pass,Pass,council_vote,,continue,keyword,high,,,,36,39,1,minutes/2021/2021-11-08/2021-11-09_lba-and-council-formal-meeting.md,minutes
276,55,2,6,"Close the public hearing and adopt Resolution 41 of 2021, authorizing the donation of certain City computers to benefit low- and moderate-income families through a Digital Donation Program.",Resolution,6-0 Pass,Pass,council_vote,,approve,keyword,high,,,,36,39,1,minutes/2021/2021-11-08/2021-11-09_lba-and-council-formal-meeting.md,minutes
277,55,2,7,"Adopt Ordinance 63 of 2021, partially vacating a portion of 14th Avenue adjacent to a property located at 538 East 14th Avenue.",Ordinance,6-0 Pass,Pass,council_vote,,approve,keyword,high,,,,70,50,1,minutes/2021/2021-11-08/2021-11-09_lba-and-council-formal-meeting.md,minutes
278,55,2,8,"Adopt Ordinance 64 of 2021, including changes outlined in the November 9 Council Staff report, eliminating the special exception process from the zoning ordinance.",Ordinance,6-0 Pass,Pass,council_vote,,approve,keyword,high,54,singleton,high,36,70,1,minutes/2021/2021-11-08/2021-11-09_lba-and-council-formal-meeting.md,minutes
279,55,2,9,"Adopt Resolution 42 of 2021, appointing Victoria Petro-Eschler as the new member of the Salt Lake City Council to fill the term until January 3, 2022 of the vacated office representing District One and administration of the Oath of Office.",Appointment/Advice & Consent,6-0 Pass,Pass,council_vote,,approve,keyword,high,,,,70,67,1,minutes/2021/2021-11-08/2021-11-09_lba-and-council-formal-meeting.md,minutes
280,55,2,10,Ratify the Chair's determination to continue meeting remotely and without an anchor location due to health and safety concerns.,Procedural/Administrative,6-0 Pass,Pass,council_vote,,approve,keyword,high,,,,50,36,1,minutes/2021/2021-11-08/2021-11-09_lba-and-council-formal-meeting.md,minutes
281,55,2,11,Adopt Resolution 43 of 2021 to accept a petition to annex a parcel of land at 2350 North Rose Park Lane (Hunter Stables) for further consideration.,Resolution,6-0 Pass,Pass,council_vote,,approve,keyword,high,55,singleton,high,50,39,1,minutes/2021/2021-11-08/2021-11-09_lba-and-council-formal-meeting.md,minutes
282,55,2,12,"Approve the City Council Consent Agenda, including setting the public hearing date for Budget Amendment No. 4 for Fiscal Year 2021-22 and approving board appointments of Nathan Manuel and Clayton Scrivner to the PNUT Advisory Board.",Procedural/Administrative,6-0 Pass,Pass,council_vote,,procedural,keyword,high,,,,50,70,1,minutes/2021/2021-11-08/2021-11-09_lba-and-council-formal-meeting.md,minutes
283,56,3,1,Close the Public Hearing and refer the LBA Budget Amendment No.1 for Fiscal Year 2021-22 item to another meeting.,Public Hearing Action,7-0 Pass,Pass,mba_vote,,procedural,keyword,medium,,,,19,21,1,minutes/2021/2021-11-15/2021-11-16_revised-lba-and-council-formal-meeting.md,minutes
284,57,2,2,Adopt Joint Ceremonial Resolution 44 of 2021 recognizing December 1 as World AIDS Day in Salt Lake City.,Ceremonial Resolution,7-0 Pass,Pass,council_vote,,procedural,keyword,high,,,,20,17,1,minutes/2021/2021-11-15/2021-11-16_revised-lba-and-council-formal-meeting.md,minutes
285,57,2,3,Adopt Joint Ceremonial Resolution 45 of 2021 declaring November 20 as Transgender Day of Remembrance.,Ceremonial Resolution,7-0 Pass,Pass,council_vote,,procedural,keyword,high,,,,20,17,1,minutes/2021/2021-11-15/2021-11-16_revised-lba-and-council-formal-meeting.md,minutes
286,57,2,4,Close the Public Hearing and refer Item E-1 (2022 State of Utah Asset Forfeiture Grant) to a future Consent Agenda for action.,Public Hearing Action,7-0 Pass,Pass,council_vote,,procedural,keyword,high,,,,19,21,1,minutes/2021/2021-11-15/2021-11-16_revised-lba-and-council-formal-meeting.md,minutes
287,57,2,5,Close the Public Hearing and defer action on the Rezone at 1945 South 1300 East to a future Council meeting.,Public Hearing Action,7-0 Pass,Pass,council_vote,,continue,keyword,high,56,singleton,high,20,19,1,minutes/2021/2021-11-15/2021-11-16_revised-lba-and-council-formal-meeting.md,minutes
288,57,2,6,"Close the public hearing, adopt Ordinance 65 of 2021 Budget Amendment Part One to the FY2021-22 (excluding item G-5), and approve Resolution 46 of 2021 authorizing the grant application for the WaterSMART Reclamation for water and energy efficiency grants for Fiscal Year 2022.",Budget Amendment,7-0 Pass,Pass,council_vote,,approve,keyword,high,,,,17,21,1,minutes/2021/2021-11-15/2021-11-16_revised-lba-and-council-formal-meeting.md,minutes
289,57,2,7,"Adopt Item G-5 for Budget Amendment Part One, Ordinance 65 of 2021.",Budget Amendment,6-0 Pass,Pass,council_vote,,approve,keyword,high,,,,20,19,1,minutes/2021/2021-11-15/2021-11-16_revised-lba-and-council-formal-meeting.md,minutes
290,57,2,8,Adopt Ordinance 66 of 2021 for the University Ivory House Zoning Map Amendment.,Ordinance,7-0 Pass,Pass,council_vote,,approve,keyword,high,57,singleton,high,20,19,1,minutes/2021/2021-11-15/2021-11-16_revised-lba-and-council-formal-meeting.md,minutes
291,57,2,9,Adopt Ordinance 67 of 2021 Amending the City Code regarding Technology Related Land Use Text Amendments.,Ordinance,7-0 Pass,Pass,council_vote,,approve,keyword,high,,,,19,21,1,minutes/2021/2021-11-15/2021-11-16_revised-lba-and-council-formal-meeting.md,minutes
292,57,2,10,"Adopt Ordinance 68 of 2021 enacting temporary zoning regulations authorizing a temporary overflow homeless shelter use at approximately 1659 West North Temple Street, subject to conditions including a perimeter fence, submission of a security and operations plan, a collaborative police public safety plan, economic development mitigation for nearby businesses, and a legislative action reviewing restrictions on temporary shelters until other jurisdictions permit them.",Ordinance,5-2 Pass,Pass,council_vote,,approve,keyword,high,,,,19,17,1,minutes/2021/2021-11-15/2021-11-16_revised-lba-and-council-formal-meeting.md,minutes
293,57,2,11,"Adopt Resolution 47 of 2021 designating the Salt Lake City, Utah Central Business Improvement Assessment Area No. DA-CBIA-22 and adopt Resolution 48 of 2021 appointing a Board of Equalization for the area, including appointment of Jennifer Bruno, Ben Luedtke, or Nick Tarbet as Council representatives as needed, and authorizing the City Recorder to publish notice of assessments and hearings.",Resolution,7-0 Pass,Pass,council_vote,,approve,keyword,high,,,,19,20,1,minutes/2021/2021-11-15/2021-11-16_revised-lba-and-council-formal-meeting.md,minutes
294,57,2,12,Approve Resolution 49 of 2021 authorizing a master lease agreement between the City and JP Morgan Chase Bank for vehicle leasing and purchasing services.,Contract/Property,7-0 Pass,Pass,council_vote,,approve,keyword,high,,,,19,20,1,minutes/2021/2021-11-15/2021-11-16_revised-lba-and-council-formal-meeting.md,minutes
295,57,2,13,"Approve the Consent Agenda for November 16, 2021.",Procedural/Administrative,7-0 Pass,Pass,council_vote,,procedural,keyword,high,,,,19,17,1,minutes/2021/2021-11-15/2021-11-16_revised-lba-and-council-formal-meeting.md,minutes
296,57,2,14,Adjourn the meeting.,Procedural/Administrative,7-0 Pass,Pass,council_vote,,procedural,keyword,high,,,,17,19,1,minutes/2021/2021-11-15/2021-11-16_revised-lba-and-council-formal-meeting.md,minutes
297,58,3,1,"Adopt Resolution 5 of 2021 amending the final Budget for Fiscal Year 2021-22 of the Local Building Authority of Salt Lake City, Utah (D-1: Sales Tax Series 2012A Refunding of LBA Bonds – $10,500,000)",Budget Amendment,6-0 Pass,Pass,mba_vote,,approve,keyword,high,,,,17,19,1,minutes/2021/2021-12-06/2021-12-07_lba-and-council-formal-meeting.md,minutes
298,59,2,2,"Approve the Tuesday November 9, 2021 and November 16, 2021 Work Session and Formal Meeting Minutes",Procedural/Administrative,6-0 Pass,Pass,council_vote,,procedural,keyword,high,,,,21,17,1,minutes/2021/2021-12-06/2021-12-07_lba-and-council-formal-meeting.md,minutes
299,59,2,3,Close the Public Hearing and refer Items E-1 through E-7 to a future Consent Agenda for action,Public Hearing Action,6-0 Pass,Pass,council_vote,,procedural,keyword,high,,,,19,21,1,minutes/2021/2021-12-06/2021-12-07_lba-and-council-formal-meeting.md,minutes
300,59,2,4,"Close the public hearing and adopt Ordinance 69 of 2021 limiting new commercial or industrial land uses to an annual average of 200,000 gallons of potable water per day, with legislative intents regarding water conservation policy review and NWQ development agreements",Ordinance,6-0 Pass,Pass,council_vote,,approve,keyword,high,,,,19,21,1,minutes/2021/2021-12-06/2021-12-07_lba-and-council-formal-meeting.md,minutes
301,59,2,5,Close the Public Hearing and defer action on the Master Plan Amendment and Rezone at 129 South 700 East and 758 East Bueno Avenue to a future Council meeting,Public Hearing Action,6-0 Pass,Pass,council_vote,,continue,keyword,high,58,singleton,high,19,6,1,minutes/2021/2021-12-06/2021-12-07_lba-and-council-formal-meeting.md,minutes
302,59,2,6,Close the Public Hearing and defer action on the Rezone at Redwood Road and Indiana Avenue to a future Council meeting,Public Hearing Action,6-0 Pass,Pass,council_vote,,continue,keyword,high,59,singleton,high,21,19,1,minutes/2021/2021-12-06/2021-12-07_lba-and-council-formal-meeting.md,minutes
303,59,2,7,Close the Public Hearing and defer action on the Ordinance allowing commercial uses on rooftops which exceed 2 stories to a future Council meeting,Public Hearing Action,6-0 Pass,Pass,council_vote,,continue,keyword,high,,,,19,21,1,minutes/2021/2021-12-06/2021-12-07_lba-and-council-formal-meeting.md,minutes
304,59,2,8,Close the Public Hearing and adopt Ordinance 70 of 2021 pertaining to the Alley Vacation at 1200 Block of Kensington and Bryan Avenues,Ordinance,6-0 Pass,Pass,council_vote,,approve,keyword,high,60,singleton,high,19,21,1,minutes/2021/2021-12-06/2021-12-07_lba-and-council-formal-meeting.md,minutes
305,59,2,9,Close the Public Hearing and adopt Ordinance 71 of 2021 pertaining to the Columbus Street Alley Vacation North of Victory Road,Ordinance,6-0 Pass,Pass,council_vote,,approve,keyword,high,61,singleton,high,19,21,1,minutes/2021/2021-12-06/2021-12-07_lba-and-council-formal-meeting.md,minutes
306,59,2,10,Close the Public Hearing and defer the City Consent to Subleases at The Leonardo to a future date for action,Public Hearing Action,6-0 Pass,Pass,council_vote,,procedural,keyword,medium,,,,17,6,1,minutes/2021/2021-12-06/2021-12-07_lba-and-council-formal-meeting.md,minutes
307,59,2,11,Reconsider the vote on the City Consent to Subleases at The Leonardo item,Procedural/Administrative,6-0 Pass,Pass,council_vote,,procedural,keyword,high,,,,17,6,1,minutes/2021/2021-12-06/2021-12-07_lba-and-council-formal-meeting.md,minutes
308,59,2,12,Close the Public Hearing and adopt Resolution 50 of 2021 providing consent to sublease at The Leonardo,Resolution,6-0 Pass,Pass,council_vote,,approve,keyword,high,,,,17,6,1,minutes/2021/2021-12-06/2021-12-07_lba-and-council-formal-meeting.md,minutes
309,59,2,13,Close the public hearing and adopt Ordinance 72 of 2021 pertaining to the Sugar House Business District Design Standards Zoning Text Amendment,Ordinance,6-0 Pass,Pass,council_vote,,approve,keyword,high,62,singleton,high,19,17,1,minutes/2021/2021-12-06/2021-12-07_lba-and-council-formal-meeting.md,minutes
310,59,2,14,Reject the proposed ordinance to amend the zoning of the property at 1945 South 1300 East from RMF-35 to RMF-45,Ordinance,6-0 Pass,Pass,council_vote,,deny,keyword,high,,,,17,19,1,minutes/2021/2021-12-06/2021-12-07_lba-and-council-formal-meeting.md,minutes
311,59,2,15,"Adopt Ordinance 73 of 2021 amending City Code relating to the EPA Revisions to Sewer Regulations (Pretreatment Affirmative Defense Provision), to take effect at the completion of the subsequent State regulatory process",Ordinance,6-0 Pass,Pass,council_vote,,approve,keyword,high,,,,17,,1,minutes/2021/2021-12-06/2021-12-07_lba-and-council-formal-meeting.md,minutes
312,59,2,16,Approve the Consent Agenda (Grant Holding Account Items Batch No.3 Associated with BAM No.5 for Fiscal Year 2021-22),Grant/Funding,6-0 Pass,Pass,council_vote,,procedural,keyword,high,,,,17,21,1,minutes/2021/2021-12-06/2021-12-07_lba-and-council-formal-meeting.md,minutes
313,60,5,1,"Approve the meeting minutes of Tuesday, February 9, 2021; Tuesday, May 4, 2021; and Tuesday, July 20, 2021.",Procedural/Administrative,6-0 Pass,Pass,rda_vote,,procedural,keyword,high,,,,25,24,1,minutes/2021/2021-12-13/2021-12-14_redevelopment-agency-rda-meeting.md,minutes
314,61,2,1,"Approve the Tuesday, July 20, 2021 Work Session Meeting Minutes",Procedural/Administrative,6-0 Pass,Pass,council_vote,,procedural,keyword,high,,,,17,19,1,minutes/2021/2021-12-13/2021-12-14_revised-council-formal-meeting.md,minutes
315,60,5,2,"Approve the Fiscal Year 2020-2021 Audit, and direct staff to distribute the audit as necessary.",Procedural/Administrative,6-0 Pass,Pass,rda_vote,,approve,keyword,high,,,,25,28,1,minutes/2021/2021-12-13/2021-12-14_redevelopment-agency-rda-meeting.md,minutes
316,61,2,2,"Adopt Ordinance 74 of 2021 (Master Plan Amendment and Rezone at 129 S 700 East and 758 East Bueno Avenue) subject to restrictive covenant prohibiting short-term rentals and best efforts to salvage building materials, and direct staff to draft a legislative intent regarding affordable housing policy",Ordinance,6-0 Pass,Pass,council_vote,,approve,keyword,high,63,singleton,high,17,21,1,minutes/2021/2021-12-13/2021-12-14_revised-council-formal-meeting.md,minutes
317,60,5,3,"Approve Resolution 19, 2021 for funding of the $5.3 million to the top four projects as noted in the Transmittal.",Resolution,6-0 Pass,Pass,rda_vote,,approve,keyword,high,64,singleton,high,28,24,1,minutes/2021/2021-12-13/2021-12-14_redevelopment-agency-rda-meeting.md,minutes
318,61,2,3,Adopt Ordinance 75 of 2021 amending the zoning of properties at approximately 835 South Redwood Road and 1668 West Indiana Avenue from R-1/5000 to R-MU-45,Ordinance,6-0 Pass,Pass,council_vote,,approve,keyword,high,,,,19,21,1,minutes/2021/2021-12-13/2021-12-14_revised-council-formal-meeting.md,minutes
319,60,5,4,Adopt Resolution 20 of 2021 to approve the Sustainable Development Policy.,Resolution,6-0 Pass,Pass,rda_vote,,approve,keyword,high,65,singleton,high,25,24,1,minutes/2021/2021-12-13/2021-12-14_redevelopment-agency-rda-meeting.md,minutes
320,61,2,4,Adopt Ordinance 76 of 2021 amending Section 21A.27.040 to allow for commercial uses on rooftops which exceed two stories in the FB-SE Zoning District,Ordinance,6-0 Pass,Pass,council_vote,,approve,keyword,high,66,singleton,high,17,19,1,minutes/2021/2021-12-13/2021-12-14_revised-council-formal-meeting.md,minutes
321,60,5,5,Adopt Resolution 18 of 2021 approving the revisions outlined in the staff report for the RDA Guiding Framework of Mission and Values.,Resolution,6-0 Pass,Pass,rda_vote,,approve,keyword,high,67,singleton,high,25,24,1,minutes/2021/2021-12-13/2021-12-14_redevelopment-agency-rda-meeting.md,minutes
322,61,2,5,Adopt Ordinance 77 of 2021 amending the Fiscal Year 2021-22 final budget of Salt Lake City including the employment staffing document for specified items,Budget Amendment,6-0 Pass,Pass,council_vote,,approve,keyword,high,,,,17,19,1,minutes/2021/2021-12-13/2021-12-14_revised-council-formal-meeting.md,minutes
323,60,5,6,"Enter into Closed Session for the purpose of §52-4-205(l)(d) strategy sessions to discuss the purchase, exchange, or lease of real property, and for Attorney-Client matters that are privileged pursuant to Utah Code §78B-1-137, and for other lawful purposes that satisfy the pertinent requirements of the Utah Open and Public Meetings Act.",Procedural/Administrative,6-0 Pass,Pass,rda_vote,,procedural,keyword,high,,,,25,24,1,minutes/2021/2021-12-13/2021-12-14_redevelopment-agency-rda-meeting.md,minutes
324,61,2,6,"Adopt Ordinance 78 of 2021, the 2020 Street Light Master Plan, with qualifications regarding wireless cell facilities on light poles and inclusion of the dark skies Statement of Intent",Ordinance,6-0 Pass,Pass,council_vote,,approve,keyword,high,68,name,medium,19,21,1,minutes/2021/2021-12-13/2021-12-14_revised-council-formal-meeting.md,minutes
325,61,2,7,"Adopt Resolution 51 approving the extension of emergency declaration Proclamation B of 2021 until Friday, March 25, 2022",Resolution,6-0 Pass,Pass,council_vote,,procedural,keyword,high,,,,19,17,1,minutes/2021/2021-12-13/2021-12-14_revised-council-formal-meeting.md,minutes
326,61,2,8,Approve the Consent Agenda,Procedural/Administrative,6-0 Pass,Pass,council_vote,,procedural,keyword,high,,,,17,21,1,minutes/2021/2021-12-13/2021-12-14_revised-council-formal-meeting.md,minutes
327,62,2,1,"Approve the work session meeting minutes of Tuesday, January 5, 2021; Tuesday, January 19, 2021; Tuesday, December 7, 2021; and Tuesday, December 14, 2021 as well as the formal meeting minutes of Tuesday, April 6, 2021; Tuesday, April 13, 2021; Tuesday, September 14, 2021; Tuesday, December 7, 2021; and Tuesday, December 14, 2021.",Procedural/Administrative,6-0 Pass,Pass,council_vote,,procedural,keyword,high,,,,17,20,1,minutes/2022/2022-01-03/2022-01-04_council-formal-meeting.md,minutes
328,63,2,1,"Enter into Closed Session for the purposes of: discussion regarding deployment of security personnel, devices, or systems; and for attorney-client matters that are privileged pursuant to Utah Code § 78B-1-137, and for other lawful purposes that satisfy the pertinent requirements of the Utah Open and Public Meetings Act.",Procedural/Administrative,7-0 Pass,Pass,council_vote,,procedural,keyword,high,,,,17,19,1,minutes/2022/2022-01-03/2022-01-04_council-work-session-meeting.md,minutes
329,62,2,2,"Continue the public hearing to a future date and adopt partial final budget amendment for Ordinance 01 of 2022, amending the FY 2021-22 final budget including: A-1 Salt Lake County Police Services at Homeless Resource Centers Contract ($400,000 from Fund Balance), E-1 COVID-19 Local Assistance Matching Grant for the Switchpoint Hotel Project ($3 million from Misc. Grants), I-1 Council Office Reclassification and Amending FY22 Appointed Pay Plan (-0-), and I-2 CARES Act Unused Funds – Firefighter Personnel Expenses (Estimated at $47,000).",Budget Amendment,6-0 Pass,Pass,council_vote,,continue,keyword,high,,,,17,19,1,minutes/2022/2022-01-03/2022-01-04_council-formal-meeting.md,minutes
330,62,2,3,Elect Council Member Dugan to be the Chairperson and Council Member Mano to be the Vice Chairperson for 2022 calendar year.,Procedural/Administrative,6-0 Pass,Pass,council_vote,,,unclassified,low,,,,69,3,1,minutes/2022/2022-01-03/2022-01-04_council-formal-meeting.md,minutes
331,62,2,4,Approve the Consent Agenda (Board Appointment: Bicycle Advisory Committee – Ashley Lodmell).,Appointment/Advice & Consent,6-0 Pass,Pass,council_vote,,procedural,keyword,high,,,,17,19,1,minutes/2022/2022-01-03/2022-01-04_council-formal-meeting.md,minutes
332,64,2,1,"Approve the Work Session and Formal meeting minutes from Tuesday, September 21, 2021.",Procedural/Administrative,6-0 Pass,Pass,council_vote,,procedural,keyword,high,,,,40,50,1,minutes/2022/2022-01-17/2022-01-18_council-formal-meeting.md,minutes
333,65,5,1,"Approve the meeting minutes of March 23, 2021; April 13, 2021; May 18, 2021; June 1, 2021; June 8, 2021; and December 14, 2021.",Procedural/Administrative,5-0 Pass,Pass,rda_vote,,procedural,keyword,high,,,,19,3,1,minutes/2022/2022-01-17/2022-01-18_redevelopment-agency-rda-meeting.md,minutes
334,64,2,2,Close the Public Hearing and refer Items B-1 through B-3 to a future Consent Agenda for action.,Public Hearing Action,6-0 Pass,Pass,council_vote,,procedural,keyword,high,,,,58,40,1,minutes/2022/2022-01-17/2022-01-18_council-formal-meeting.md,minutes
335,64,2,3,"Close the Public Hearing and adopt Ordinance 2 of 2022, amending the FY 2021-22 final budget of Salt Lake City only for items as shown on the motion sheet, including I-3: Rescope FY22 CIP Funds for Tennis Improvements at a New Location from Wasatch Hills Tennis Center to Liberty Park Tennis Center ($400,000 in CIP Fund).",Budget Amendment,6-0 Pass,Pass,council_vote,,approve,keyword,high,,,,40,57,1,minutes/2022/2022-01-17/2022-01-18_council-formal-meeting.md,minutes
336,64,2,4,"Approve Resolution 1 of 2022, appointing Council Member Victoria Petro-Eschler to the Utah Inland Port Authority Board.",Appointment/Advice & Consent,6-0 Pass,Pass,council_vote,,approve,keyword,high,,,,40,58,1,minutes/2022/2022-01-17/2022-01-18_council-formal-meeting.md,minutes
337,64,2,5,"Adopt Resolution 2 of 2022, Amending Resolution 31 of 2021 relating to the State Infrastructure Bank Loan.",Resolution,6-0 Pass,Pass,council_vote,,approve,keyword,high,,,,40,50,1,minutes/2022/2022-01-17/2022-01-18_council-formal-meeting.md,minutes
338,64,2,6,"Adopt Ordinance 3 of 2022, establishing the Salt Lake City Designated Water Service Area and approve the map that identifies the area.",Ordinance,6-0 Pass,Pass,council_vote,,approve,keyword,high,,,,40,57,1,minutes/2022/2022-01-17/2022-01-18_council-formal-meeting.md,minutes
339,64,2,7,"Approve the consent agenda (board appointments of Richard Nazzaro, Jenny Bonk, and Jacob Skog to the CDCIP Advisory Board).",Appointment/Advice & Consent,6-0 Pass,Pass,council_vote,,procedural,keyword,high,,,,50,40,1,minutes/2022/2022-01-17/2022-01-18_council-formal-meeting.md,minutes
340,66,2,1,"Approve the Work Session minutes from March 2, 2021 and Formal Meeting Minutes from March 2, 2021, March 16, 2021 and January 4, 2022.",Procedural/Administrative,6-0 Pass,Pass,council_vote,,procedural,keyword,high,,,,3,20,1,minutes/2022/2022-01-31/2022-02-01_council-formal-meeting.md,minutes
341,66,2,2,"Adopt Resolution 3 of 2022, adopting a joint ceremonial resolution with Mayor Mendenhall celebrating the 20th anniversary of the 2002 Winter Olympic Games, and expressing the City's support and goals for hosting a future games beneficial to the community.",Ceremonial Resolution,6-0 Pass,Pass,council_vote,,procedural,keyword,high,,,,17,20,1,minutes/2022/2022-01-31/2022-02-01_council-formal-meeting.md,minutes
342,66,2,3,Close the public hearing and defer action to a future Council meeting on the ordinance requiring notice for permits to work in the public way.,Public Hearing Action,6-0 Pass,Pass,council_vote,,continue,keyword,high,,,,17,3,1,minutes/2022/2022-01-31/2022-02-01_council-formal-meeting.md,minutes
343,66,2,4,Approve the consent agenda.,Procedural/Administrative,6-0 Pass,Pass,council_vote,,procedural,keyword,high,,,,17,20,1,minutes/2022/2022-01-31/2022-02-01_council-formal-meeting.md,minutes
344,67,5,1,"Approve the meeting minutes of June 9, 2020.",Procedural/Administrative,6-0 Pass,Pass,rda_vote,,procedural,keyword,high,,,,23,28,1,minutes/2022/2022-02-07/2022-02-08_redevelopment-agency-rda-meeting.md,minutes
345,67,5,2,"Adopt Resolution 1 of 2022, Repealing and Replacing the Housing Allocation Funds Policy.",Resolution,7-0 Pass,Pass,rda_vote,,approve,keyword,high,69,singleton,high,25,23,1,minutes/2022/2022-02-07/2022-02-08_redevelopment-agency-rda-meeting.md,minutes
346,67,5,3,"Enter into Closed Session for the purposes of discussing pending or reasonably imminent litigation, discussion regarding deployment of security personnel, devices or systems; and attorney-client matters that are privileged pursuant to Utah Code 78B-1-137.",Procedural/Administrative,7-0 Pass,Pass,rda_vote,,procedural,keyword,high,,,,23,31,1,minutes/2022/2022-02-07/2022-02-08_redevelopment-agency-rda-meeting.md,minutes
347,68,2,1,"Approve the work session meeting minutes of March 23, 2021; April 6, 2021; January 4, 2022; January 11, 2022; February 1, 2022 as well as the formal meeting minutes of April 20, 2021; June 8, 2021; August 17, 2021; January 18, 2022 as well as the minutes for the January 3, 2022 Oath of Office Ceremony and the January 25, 2022 Council retreat.",Procedural/Administrative,7-0 Pass,Pass,council_vote,,procedural,keyword,high,,,,17,5,1,minutes/2022/2022-02-14/2022-02-15_council-formal-meeting.md,minutes
348,68,2,2,"Adopt Resolution 4 of 2022, Joint Ceremonial Resolution Recognizing February as Black History Month in Salt Lake City.",Ceremonial Resolution,7-0 Pass,Pass,council_vote,,procedural,keyword,high,,,,5,17,1,minutes/2022/2022-02-14/2022-02-15_council-formal-meeting.md,minutes
349,68,2,3,Continue public hearing on Ordinance: Budget Amendment No. 6 for Fiscal Year 2021-22.,Public Hearing Action,7-0 Pass,Pass,council_vote,,continue,keyword,high,,,,20,5,1,minutes/2022/2022-02-14/2022-02-15_council-formal-meeting.md,minutes
350,68,2,4,Close the public hearing and defer action on the Ordinance: Rezone and Master Plan Amendment for the Former Fire Station No. 3 Property.,Public Hearing Action,7-0 Pass,Pass,council_vote,,continue,keyword,high,70,singleton,high,5,6,1,minutes/2022/2022-02-14/2022-02-15_council-formal-meeting.md,minutes
351,68,2,5,Close the public hearing and defer action on the Ordinance: Rezone at 1193 West California Avenue.,Public Hearing Action,7-0 Pass,Pass,council_vote,,continue,keyword,high,71,singleton,high,17,3,1,minutes/2022/2022-02-14/2022-02-15_council-formal-meeting.md,minutes
352,68,2,6,Close the public hearing and defer action on the Ordinance: Rezone at 2060 North 2200 West.,Public Hearing Action,7-0 Pass,Pass,council_vote,,continue,keyword,high,72,singleton,high,69,17,1,minutes/2022/2022-02-14/2022-02-15_council-formal-meeting.md,minutes
353,68,2,7,"Adopt Ordinance 4 of 2022: Budget Amendment No. 4 for Fiscal Year 2021-22, only for item E-2: Emergency Winter Overflow Shelter Lease Payment Support.",Budget Amendment,5-2 Pass,Pass,council_vote,,approve,keyword,high,,,,5,17,1,minutes/2022/2022-02-14/2022-02-15_council-formal-meeting.md,minutes
354,68,2,8,Adopt Ordinance 5 of 2022 formally establishing the Accessibility and Disability Commission.,Ordinance,7-0 Pass,Pass,council_vote,,approve,keyword,high,,,,5,20,1,minutes/2022/2022-02-14/2022-02-15_council-formal-meeting.md,minutes
355,68,2,9,Approve the Consent Agenda with the exclusion of Item No. 2.,Procedural/Administrative,7-0 Pass,Pass,council_vote,,procedural,keyword,high,,,,5,17,1,minutes/2022/2022-02-14/2022-02-15_council-formal-meeting.md,minutes
356,69,2,1,"Moved by Council Member Fowler, seconded by Council Member Wharton to enter into Closed Session for the purposes of strategy sessions to discuss pending or reasonably imminent litigation and attorney-client matters that are privileged pursuant to Utah Code § 78B-1-137.",Procedural/Administrative,7-0 Pass,Pass,council_vote,,procedural,keyword,high,,,,5,17,1,minutes/2022/2022-02-14/2022-02-16_special-council-work-session-meeting.md,minutes
357,69,2,2,"Moved by Council Member Fowler, seconded by Council Member Wharton to exit the Closed Session.",Procedural/Administrative,7-0 Pass,Pass,council_vote,,procedural,keyword,high,,,,5,17,1,minutes/2022/2022-02-14/2022-02-16_special-council-work-session-meeting.md,minutes
358,70,2,1,"Approve the Work Session Meeting Minutes of January 18, 2022 as well as the Formal Meeting Minutes of February 15, 2022.",Procedural/Administrative,7-0 Pass,Pass,council_vote,,procedural,keyword,high,,,,5,20,1,minutes/2022/2022-02-28/2022-03-01_revised-council-formal-meeting.md,minutes
359,70,2,2,"Close the public hearing, suspend the rules, and adopt Resolution 5 of 2022 to authorize the waiver of lease fees for the use of the Art Barn by the Salt Lake City Arts Council Foundation.",Resolution,7-0 Pass,Pass,council_vote,,approve,keyword,high,,,,5,20,1,minutes/2022/2022-02-28/2022-03-01_revised-council-formal-meeting.md,minutes
360,70,2,3,Close the public hearing and adopt Ordinance 6 of 2022: Budget Amendment No. 6 for Fiscal Year 2021-22 including the employment staffing document only for items as shown on the motion sheet (partial adoption). (1st Action – Motion 1),Budget Amendment,7-0 Pass,Pass,council_vote,,approve,keyword,high,,,,5,20,1,minutes/2022/2022-02-28/2022-03-01_revised-council-formal-meeting.md,minutes
361,70,2,4,Approve item A-9 as part of Ordinance 6 of 2022: Budget Amendment No. 6 for Fiscal Year 2021-22 to create three new Arts Council full time positions. (4th Action),Budget Amendment,6-1 Pass,Pass,council_vote,,approve,keyword,high,,,,69,3,1,minutes/2022/2022-02-28/2022-03-01_revised-council-formal-meeting.md,minutes
362,70,2,5,Adopt Item A-7 as part of Ordinance 6 of 2022: Budget Amendment No. 6 for FY 2021-22 to provide funding for a City fireworks event. (2nd Action),Budget Amendment,3-4 Fail,Fail,council_vote,,approve,keyword,high,,,,20,17,1,minutes/2022/2022-02-28/2022-03-01_revised-council-formal-meeting.md,minutes
363,70,2,6,Adopt Ordinance 7 of 2022: Rezone and Master Plan Amendment for the Former Fire Station No. 3 Property.,Ordinance,7-0 Pass,Pass,council_vote,,approve,keyword,high,73,singleton,high,5,20,1,minutes/2022/2022-02-28/2022-03-01_revised-council-formal-meeting.md,minutes
364,70,2,7,Adopt Ordinance 8 of 2022: Rezone at 1193 West California Avenue.,Ordinance,7-0 Pass,Pass,council_vote,,approve,keyword,high,74,singleton,high,20,17,1,minutes/2022/2022-02-28/2022-03-01_revised-council-formal-meeting.md,minutes
365,70,2,8,Adopt Ordinance 9 of 2022: Rezone at 2060 North 2200 West.,Ordinance,7-0 Pass,Pass,council_vote,,approve,keyword,high,75,singleton,high,69,5,1,minutes/2022/2022-02-28/2022-03-01_revised-council-formal-meeting.md,minutes
366,70,2,9,Adopt Ordinance 10 of 2022: Assessment for the Central Business Improvement Area – 22 (CBIA-22).,Ordinance,7-0 Pass,Pass,council_vote,,approve,keyword,high,,,,17,5,1,minutes/2022/2022-02-28/2022-03-01_revised-council-formal-meeting.md,minutes
367,70,2,10,Adopt the Consent Agenda (as amended to remove Item G1 – Special Event Permits of Less than 31 Days).,Procedural/Administrative,7-0 Pass,Pass,council_vote,,procedural,keyword,high,,,,5,17,1,minutes/2022/2022-02-28/2022-03-01_revised-council-formal-meeting.md,minutes
368,71,2,1,"Enter into a Closed Session for discussion regarding deployment of security personnel, devices, or systems, and advice of counsel.",Procedural/Administrative,7-0 Pass,Pass,council_vote,,procedural,keyword,high,,,,17,20,1,minutes/2022/2022-03-07/2022-03-08_council-work-session-meeting.md,minutes
369,72,5,1,"Approve the meeting minutes of May 4, 2021; May 18, 2021; June 8, 2021; January 18, 2022; and February 8, 2022.",Procedural/Administrative,7-0 Pass,Pass,rda_vote,,procedural,keyword,high,,,,5,19,1,minutes/2022/2022-03-07/2022-03-08_redevelopment-agency-rda-meeting.md,minutes
370,71,2,2,Exit the Closed Session and adjourn the meeting.,Procedural/Administrative,7-0 Pass,Pass,council_vote,,procedural,keyword,high,,,,5,17,1,minutes/2022/2022-03-07/2022-03-08_council-work-session-meeting.md,minutes
371,72,5,2,Adopt Resolution 2 of 2022: Housing Development Loan Program (HDLP) Amendment.,Resolution,7-0 Pass,Pass,rda_vote,,approve,keyword,high,76,singleton,high,5,3,1,minutes/2022/2022-03-07/2022-03-08_redevelopment-agency-rda-meeting.md,minutes
372,72,5,3,"Approve the Consent Agenda (setting the date of Tuesday, April 12, 2022 at 2 p.m. for public comment and consideration of RDA Budget Amendment No. 2 for Fiscal Year 2021-22).",Procedural/Administrative,7-0 Pass,Pass,rda_vote,,procedural,keyword,high,,,,5,19,1,minutes/2022/2022-03-07/2022-03-08_redevelopment-agency-rda-meeting.md,minutes
373,72,5,4,Enter into Closed Session for the purposes of strategy sessions to discuss pending or reasonably imminent litigation and attorney-client matters that are privileged.,Procedural/Administrative,7-0 Pass,Pass,rda_vote,,procedural,keyword,high,,,,5,17,1,minutes/2022/2022-03-07/2022-03-08_redevelopment-agency-rda-meeting.md,minutes
374,72,5,5,Exit Closed Session and adjourn as the RDA.,Procedural/Administrative,7-0 Pass,Pass,rda_vote,,procedural,keyword,high,,,,5,17,1,minutes/2022/2022-03-07/2022-03-08_redevelopment-agency-rda-meeting.md,minutes
375,73,2,1,"Approve the Work Session Minutes from February 15, 2022, and February 16, 2022 as well as the Formal Meeting Minutes from May 4, 2021, May 18, 2021 and June 21, 2021.",Procedural/Administrative,6-0 Pass,Pass,council_vote,,procedural,keyword,high,,,,69,3,1,minutes/2022/2022-03-21/2022-03-22_revised-council-formal-meeting.md,minutes
376,74,2,1,"Move to enter into Closed Session for the purposes of discussion regarding deployment of security personnel, devices, or systems; and attorney-client matters that are privileged pursuant to Utah Code § 78B-1-137.",Procedural/Administrative,6-0 Pass,Pass,council_vote,,procedural,keyword,high,,,,17,3,1,minutes/2022/2022-03-21/2022-03-22_revised-council-work-session-meeting.md,minutes
377,73,2,2,Close the Public Hearing and refer Items B-1 through B-6 to a future Consent Agenda for action.,Public Hearing Action,6-0 Pass,Pass,council_vote,,procedural,keyword,high,,,,3,69,1,minutes/2022/2022-03-21/2022-03-22_revised-council-formal-meeting.md,minutes
378,74,2,2,Move to exit the Closed Session.,Procedural/Administrative,6-0 Pass,Pass,council_vote,,procedural,keyword,high,,,,17,3,1,minutes/2022/2022-03-21/2022-03-22_revised-council-work-session-meeting.md,minutes
379,73,2,3,Close the Public Hearing and defer action to a future Council meeting (Ordinance: Rezone at approximately 2333 West North Temple Street).,Public Hearing Action,6-0 Pass,Pass,council_vote,,continue,keyword,high,77,singleton,high,69,3,1,minutes/2022/2022-03-21/2022-03-22_revised-council-formal-meeting.md,minutes
380,73,2,4,Close the Public Hearing and defer action to a future Council Meeting (Ordinance: Street Vacation at 601 South 900 East).,Public Hearing Action,6-0 Pass,Pass,council_vote,,continue,keyword,high,78,singleton,high,6,69,1,minutes/2022/2022-03-21/2022-03-22_revised-council-formal-meeting.md,minutes
381,73,2,5,"Close the Public Hearing and adopt Ordinance 15A and 15B of 2022, Amending the Salt Lake City Code Pursuant to Petition No. PLNPCM2021-01033, and Approve a Legislative Intent urging Administration to include in their review process for Parts 2 and 3 of the HRC/Shelter text amendment petition, recommendations to promote geographic equity of HRCs/Shelters by expanding the zoning districts where they are allowed in the City.",Ordinance,6-0 Pass,Pass,council_vote,,approve,keyword,high,79,singleton,high,6,69,1,minutes/2022/2022-03-21/2022-03-22_revised-council-formal-meeting.md,minutes
382,73,2,6,Close the Public Hearing and refer the item to a future date for action (One-year Action Plan for Community Development Block Grant & Other Federal Grants for Fiscal Year 2022-23).,Public Hearing Action,6-0 Pass,Pass,council_vote,,approve,keyword,high,,,,3,17,1,minutes/2022/2022-03-21/2022-03-22_revised-council-formal-meeting.md,minutes
383,73,2,7,"Adopt Ordinance 11 of 2022, Text Amendment for Notice of Work in the Public Right of Way.",Ordinance,6-0 Pass,Pass,council_vote,,approve,keyword,high,80,singleton,high,17,3,1,minutes/2022/2022-03-21/2022-03-22_revised-council-formal-meeting.md,minutes
384,73,2,8,"Adopt Ordinance 6B of 2022, amending the Fiscal Year 2021-22 final budget of Salt Lake City including the employment staffing document only for items A-3 (Healthcare Innovation – Biohive, $25,000) and A-8 (Violent Crimes Unit COPS Hiring Grant City Match, budget neutral); items A-7, E-4, and I-2 not adopted.",Budget Amendment,6-0 Pass,Pass,council_vote,,approve,keyword,high,,,,3,17,1,minutes/2022/2022-03-21/2022-03-22_revised-council-formal-meeting.md,minutes
385,73,2,9,"Adopt Ordinance 12 of 2022, Special Event Permits of Less than 31 Days, extending the maximum length of a special event permit for park use from 20 to 31 days provided the Mayor approves the event for a reason identified in writing.",Ordinance,6-0 Pass,Pass,council_vote,,approve,keyword,high,,,,3,17,1,minutes/2022/2022-03-21/2022-03-22_revised-council-formal-meeting.md,minutes
386,73,2,10,"Approve the Consent Agenda (including setting public hearing dates for Stealth Towers and Western Gardens rezone, and board appointments for Rich Tuttle, Catherine Tucker, Sarah Johnson, Tyler Schmidt, and Katie Bennett).",Procedural/Administrative,6-0 Pass,Pass,council_vote,,procedural,keyword,high,81,singleton,high,17,69,1,minutes/2022/2022-03-21/2022-03-22_revised-council-formal-meeting.md,minutes
387,75,2,1,Exit Closed Session,Procedural/Administrative,6-0 Pass,Pass,council_vote,,procedural,keyword,high,,,,50,58,1,minutes/2022/2022-04-04/2022-04-05_council-work-session-meeting.md,minutes
388,75,2,2,Enter into Closed Session for the purposes of strategy sessions to discuss collective bargaining and for attorney-client matters that are privileged pursuant to Utah Code § 78B-1-137,Procedural/Administrative,6-0 Pass,Pass,council_vote,,procedural,keyword,high,,,,70,40,1,minutes/2022/2022-04-04/2022-04-05_council-work-session-meeting.md,minutes
389,76,2,1,"Moved by Council Member Mano, seconded by Council Member Puy to enter into Closed Session for the purposes of strategy sessions to discuss the purchase, exchange, or lease of real property and advice of Counsel.",Procedural/Administrative,5-1 Pass,Pass,council_vote,,procedural,keyword,high,,,,20,3,1,minutes/2022/2022-04-11/2022-04-12_council-work-session-meeting.md,minutes
390,77,5,1,Close the public hearing on RDA Budget Amendment No. 2 for Fiscal Year 2021-22,Public Hearing Action,6-0 Pass,Pass,rda_vote,,procedural,keyword,medium,,,,28,23,1,minutes/2022/2022-04-11/2022-04-12_redevelopment-agency-rda-meeting.md,minutes
391,76,2,2,"Moved by Council Member Wharton, seconded by Council Member Mano to exit Closed Session.",Procedural/Administrative,6-0 Pass,Pass,council_vote,,procedural,keyword,high,,,,17,20,1,minutes/2022/2022-04-11/2022-04-12_council-work-session-meeting.md,minutes
392,77,5,2,"Approve the minutes of March 8, 2022",Procedural/Administrative,6-0 Pass,Pass,rda_vote,,procedural,keyword,high,,,,23,34,1,minutes/2022/2022-04-11/2022-04-12_redevelopment-agency-rda-meeting.md,minutes
393,77,5,3,Approve Resolution 3 of 2022 (RDA Budget Amendment No. 2 for Fiscal Year 2021-22) as proposed,Budget Amendment,6-0 Pass,Pass,rda_vote,,approve,keyword,high,,,,28,30,1,minutes/2022/2022-04-11/2022-04-12_redevelopment-agency-rda-meeting.md,minutes
394,77,5,4,Adopt Resolution 4 of 2022 identifying the Housing Funding Priorities for Fiscal Year 2022-2023,Resolution,7-0 Pass,Pass,rda_vote,,approve,keyword,high,,,,23,31,1,minutes/2022/2022-04-11/2022-04-12_redevelopment-agency-rda-meeting.md,minutes
395,77,5,5,Approve the consent agenda (Set Date – Resolution: Budget for the RDA for Fiscal Year 2022-23),Procedural/Administrative,7-0 Pass,Pass,rda_vote,,procedural,keyword,high,,,,34,28,1,minutes/2022/2022-04-11/2022-04-12_redevelopment-agency-rda-meeting.md,minutes
396,77,5,6,"Enter into Closed Session for strategy sessions to discuss the purchase, exchange, or lease of real property, and attorney-client matters privileged pursuant to Utah Code § 78B-1-137",Procedural/Administrative,7-0 Pass,Pass,rda_vote,,procedural,keyword,high,,,,34,23,1,minutes/2022/2022-04-11/2022-04-12_redevelopment-agency-rda-meeting.md,minutes
397,77,5,7,Exit the Closed Session,Procedural/Administrative,7-0 Pass,Pass,rda_vote,,procedural,keyword,high,,,,28,34,1,minutes/2022/2022-04-11/2022-04-12_redevelopment-agency-rda-meeting.md,minutes
398,78,2,1,"Enter into Closed Session for the purposes of strategy sessions to discuss the purchase, exchange, or lease of real property.",Procedural/Administrative,7-0 Pass,Pass,council_vote,,procedural,keyword,high,,,,5,17,1,minutes/2022/2022-04-18/2022-04-19_council-work-session-meeting.md,minutes
399,79,3,1,"Approve the LBA Consent Agenda (setting public hearing dates of May 17, 2022 and June 7, 2022 for the Capital Projects Fund budget of the Local Building Authority for Fiscal Year 2022-23)",Procedural/Administrative,7-0 Pass,Pass,mba_vote,,procedural,keyword,high,,,,17,5,1,minutes/2022/2022-04-18/2022-04-19_lba-and-council-formal-meeting.md,minutes
400,78,2,2,Exit Closed Session.,Procedural/Administrative,7-0 Pass,Pass,council_vote,,procedural,keyword,high,,,,17,5,1,minutes/2022/2022-04-18/2022-04-19_council-work-session-meeting.md,minutes
401,80,2,2,Adjourn as the Local Building Authority and convene as the City Council,Procedural/Administrative,7-0 Pass,Pass,council_vote,,procedural,keyword,high,,,,3,17,1,minutes/2022/2022-04-18/2022-04-19_lba-and-council-formal-meeting.md,minutes
402,80,2,3,"Approve the work session meeting minutes of March 22, 2022",Procedural/Administrative,7-0 Pass,Pass,council_vote,,procedural,keyword,high,,,,17,19,1,minutes/2022/2022-04-18/2022-04-19_lba-and-council-formal-meeting.md,minutes
403,80,2,4,Close the public hearing and refer the Public Lands Twenty-Year Master Plan (Reimagine Nature) ordinance to a future date for action,Public Hearing Action,7-0 Pass,Pass,council_vote,,procedural,keyword,medium,82,name,medium,5,17,1,minutes/2022/2022-04-18/2022-04-19_lba-and-council-formal-meeting.md,minutes
404,80,2,5,Close the public hearing on redistricting City Council district boundaries and refer the item to a future date for action,Public Hearing Action,7-0 Pass,Pass,council_vote,,procedural,keyword,medium,,,,19,3,1,minutes/2022/2022-04-18/2022-04-19_lba-and-council-formal-meeting.md,minutes
405,80,2,6,Defer the Stealth Towers Text Amendments ordinance to a future date for action,Procedural/Administrative,7-0 Pass,Pass,council_vote,,,unclassified,low,,,,5,3,1,minutes/2022/2022-04-18/2022-04-19_lba-and-council-formal-meeting.md,minutes
406,80,2,7,Defer the Zoning Map Amendment at Western Gardens (550 South 600 East) to a future date for action,Procedural/Administrative,7-0 Pass,Pass,council_vote,,,unclassified,low,83,singleton,high,3,6,1,minutes/2022/2022-04-18/2022-04-19_lba-and-council-formal-meeting.md,minutes
407,80,2,8,"Adopt Resolution 10 of 2022, adopting the one-year action plan for Fiscal Year 2023 and allocating CDBG, ESG, HOME, and HOPWA funds",Grant/Funding,7-0 Pass,Pass,council_vote,,approve,keyword,high,,,,19,6,1,minutes/2022/2022-04-18/2022-04-19_lba-and-council-formal-meeting.md,minutes
408,80,2,9,"Partially adopt Ordinance 16 of 2022 amending the FY 2021-22 final budget for Item E-10 Community Grants Program ($4M from ARPA), contingent upon following the Community Recovery Committee process",Budget Amendment,7-0 Pass,Pass,council_vote,,approve,keyword,high,,,,17,19,1,minutes/2022/2022-04-18/2022-04-19_lba-and-council-formal-meeting.md,minutes
409,80,2,10,"Adopt Ordinance 17 of 2022, amending Salt Lake City Code Chapters 2.07 and 2.20 to establish the Community Grant Program and create the Community Recovery Committee",Ordinance,7-0 Pass,Pass,council_vote,,approve,keyword,high,,,,69,19,1,minutes/2022/2022-04-18/2022-04-19_lba-and-council-formal-meeting.md,minutes
410,80,2,11,"Adopt Ordinance 18 of 2022, approving a $100,000 loan for The Current Exchange from the Economic Development Loan Fund",Contract/Property,7-0 Pass,Pass,council_vote,,approve,keyword,high,,,,19,3,1,minutes/2022/2022-04-18/2022-04-19_lba-and-council-formal-meeting.md,minutes
411,80,2,12,"Adopt Ordinance 19 of 2022, approving a $100,000 loan for Mindful Living Wellness Center from the Economic Development Loan Fund",Contract/Property,7-0 Pass,Pass,council_vote,,approve,keyword,high,,,,3,6,1,minutes/2022/2022-04-18/2022-04-19_lba-and-council-formal-meeting.md,minutes
412,80,2,13,"Adopt the City Council Consent Agenda (items J1–J20, including setting public hearing dates and approving multiple board appointments)",Procedural/Administrative,7-0 Pass,Pass,council_vote,,procedural,keyword,high,,,,5,19,1,minutes/2022/2022-04-18/2022-04-19_lba-and-council-formal-meeting.md,minutes
413,81,2,1,Enter into Closed Session for the purposes of strategy sessions to discuss collective bargaining and advice of Counsel.,Procedural/Administrative,7-0 Pass,Pass,council_vote,,procedural,keyword,high,,,,20,17,1,minutes/2022/2022-05-02/2022-05-03_council-work-session-meeting.md,minutes
414,82,3,1,"Approve Resolution 01 of 2022, adopting the tentative budget for the Capital Projects Fund of the Local Building Authority of Salt Lake City, Utah for Fiscal Year 2022-23.",Budget Amendment,7-0 Pass,Pass,mba_vote,,approve,keyword,high,,,,3,17,1,minutes/2022/2022-05-02/2022-05-03_lba-rda-and-council-formal-meeting.md,minutes
415,81,2,2,Exit Closed Session.,Procedural/Administrative,7-0 Pass,Pass,council_vote,,procedural,keyword,high,,,,5,20,1,minutes/2022/2022-05-02/2022-05-03_council-work-session-meeting.md,minutes
416,83,2,2,Adjourn as the Local Building Authority and convene as the Redevelopment Agency.,Procedural/Administrative,7-0 Pass,Pass,council_vote,,procedural,keyword,high,,,,17,20,1,minutes/2022/2022-05-02/2022-05-03_lba-rda-and-council-formal-meeting.md,minutes
417,84,5,3,"Adopt Resolution 05 of 2022, adopting the tentative budget for the Redevelopment Agency of Salt Lake City, Utah for Fiscal Year 2022-23.",Budget Amendment,7-0 Pass,Pass,rda_vote,,approve,keyword,high,,,,20,3,1,minutes/2022/2022-05-02/2022-05-03_lba-rda-and-council-formal-meeting.md,minutes
418,83,2,4,Adjourn as the Redevelopment Agency and convene as the City Council.,Procedural/Administrative,7-0 Pass,Pass,council_vote,,procedural,keyword,high,,,,3,17,1,minutes/2022/2022-05-02/2022-05-03_lba-rda-and-council-formal-meeting.md,minutes
419,83,2,5,"Approve the Work Session Meeting Minutes of February 8, 2022; April 12, 2022 and April 19, 2022; as well as the Formal Meeting Minutes of October 5, 2021; March 22, 2022; April 5, 2022; and April 12, 2022.",Procedural/Administrative,7-0 Pass,Pass,council_vote,,procedural,keyword,high,,,,5,3,1,minutes/2022/2022-05-02/2022-05-03_lba-rda-and-council-formal-meeting.md,minutes
420,83,2,6,Close the Public Hearing and refer Item G-1 (2023 Distracted Driving Prevention Program Grant) to a future Consent Agenda for action.,Public Hearing Action,7-0 Pass,Pass,council_vote,,procedural,keyword,high,,,,68,20,1,minutes/2022/2022-05-02/2022-05-03_lba-rda-and-council-formal-meeting.md,minutes
421,83,2,7,Close the Public Hearing and defer action to a future Council meeting on the rezone and master plan amendment at 1950 S West Temple and 1948 S West Temple; direct staff to work with the petitioner and City Attorney's Office to prepare an agreement limiting building height on the property to 35 feet.,Public Hearing Action,7-0 Pass,Pass,council_vote,,continue,keyword,high,84,singleton,high,20,3,1,minutes/2022/2022-05-02/2022-05-03_lba-rda-and-council-formal-meeting.md,minutes
422,83,2,8,Close the Public Hearing and defer action to a future Council meeting on the rezone and master plan amendment at 1902 South 400 East.,Public Hearing Action,7-0 Pass,Pass,council_vote,,continue,keyword,high,85,singleton,high,3,5,1,minutes/2022/2022-05-02/2022-05-03_lba-rda-and-council-formal-meeting.md,minutes
423,83,2,9,Continue the Public Hearing to a future Council meeting on the Library Budget Amendment No. 1 for Fiscal Year 2021-22.,Public Hearing Action,7-0 Pass,Pass,council_vote,,continue,keyword,high,,,,3,17,1,minutes/2022/2022-05-02/2022-05-03_lba-rda-and-council-formal-meeting.md,minutes
424,83,2,10,Close the public hearing and adopt Ordinance 20 of 2022 amending the FY 2021-22 final budget of Salt Lake City including the employment staffing document for specified items on the motion sheet.,Budget Amendment,7-0 Pass,Pass,council_vote,,approve,keyword,high,,,,3,17,1,minutes/2022/2022-05-02/2022-05-03_lba-rda-and-council-formal-meeting.md,minutes
425,83,2,11,"Defer action to a future date on the ordinance adopting the City's Twenty-Year Public Lands Master Plan, Reimagine Nature.",Procedural/Administrative,7-0 Pass,Pass,council_vote,,continue,keyword,high,86,name,medium,17,3,1,minutes/2022/2022-05-02/2022-05-03_lba-rda-and-council-formal-meeting.md,minutes
426,83,2,12,"Adopt Ordinance 21 of 2022, an amendment to rename the Housing and Neighborhood Development Division (HAND) as the Housing Stability Division.",Ordinance,7-0 Pass,Pass,council_vote,,approve,keyword,high,,,,3,68,1,minutes/2022/2022-05-02/2022-05-03_lba-rda-and-council-formal-meeting.md,minutes
427,83,2,13,Appoint Jorge Chamorro as the Director of Public Services.,Appointment/Advice & Consent,7-0 Pass,Pass,council_vote,,,unclassified,low,,,,17,3,1,minutes/2022/2022-05-02/2022-05-03_lba-rda-and-council-formal-meeting.md,minutes
428,83,2,14,"Approve Resolution 11 of 2022, adopting the tentative budget for Salt Lake City, Utah, including the tentative budget of the Library Fund, for Fiscal Year 2022-23.",Budget Amendment,7-0 Pass,Pass,council_vote,,approve,keyword,high,,,,68,6,1,minutes/2022/2022-05-02/2022-05-03_lba-rda-and-council-formal-meeting.md,minutes
429,83,2,15,"Adopt Ordinance 22 of 2022, amending the Fiscal Year 2021-22 final budget of Salt Lake City including the employment staffing document for specified Foothills Trailhead items on the motion sheet.",Budget Amendment,7-0 Pass,Pass,council_vote,,approve,keyword,high,,,,3,20,1,minutes/2022/2022-05-02/2022-05-03_lba-rda-and-council-formal-meeting.md,minutes
430,83,2,16,"Adopt Ordinance 23 of 2022, amending Salt Lake City Code Chapter 2.54 pertaining to the use of city-owned vehicles.",Ordinance,7-0 Pass,Pass,council_vote,,approve,keyword,high,,,,3,17,1,minutes/2022/2022-05-02/2022-05-03_lba-rda-and-council-formal-meeting.md,minutes
431,83,2,17,"Adopt Resolution 12 of 2022 for the series 2022 bond parameters and recognize the date set for a public hearing on the bond issuance for May 17, 2022.",Resolution,7-0 Pass,Pass,council_vote,,approve,keyword,high,,,,20,17,1,minutes/2022/2022-05-02/2022-05-03_lba-rda-and-council-formal-meeting.md,minutes
432,83,2,18,"Approve the Consent Agenda of May 3, 2022 except Item L6 (proposed appointment of PNUT board member Mr. Khudhair).",Procedural/Administrative,7-0 Pass,Pass,council_vote,,procedural,keyword,high,,,,17,3,1,minutes/2022/2022-05-02/2022-05-03_lba-rda-and-council-formal-meeting.md,minutes
433,85,2,1,"Adopt Resolution 9 of 2022 Redistricting City Council District Boundaries, based on the 2020 Census results as shown on the attached map marked Exhibit A.",Resolution,7-0 Pass,Pass,council_vote,,approve,keyword,high,,,,5,17,1,minutes/2022/2022-05-09/2022-05-10_limited-council-formal-meeting.md,minutes
434,86,5,1,"Approve the September 14, 2021 meeting minutes",Procedural/Administrative,7-0 Pass,Pass,rda_vote,,procedural,keyword,high,,,,31,23,1,minutes/2022/2022-05-09/2022-05-10_redevelopment-agency-rda-meeting.md,minutes
435,85,2,2,"Adopt Resolution 13 of 2022 Appointment to the Utah Inland Port Authority Board, Council Member Victoria Petro-Eschler.",Appointment/Advice & Consent,7-0 Pass,Pass,council_vote,,approve,keyword,high,,,,5,3,1,minutes/2022/2022-05-09/2022-05-10_limited-council-formal-meeting.md,minutes
436,86,5,2,Approve Resolution 6 of 2022 Bicycle Collective Loan,Resolution,7-0 Pass,Pass,rda_vote,,approve,keyword,high,87,singleton,high,23,34,1,minutes/2022/2022-05-09/2022-05-10_redevelopment-agency-rda-meeting.md,minutes
437,85,2,3,Adopt Ordinance 24 of 2022 20 MPH Default Speed Limit on City Streets.,Ordinance,7-0 Pass,Pass,council_vote,,approve,keyword,high,,,,17,3,1,minutes/2022/2022-05-09/2022-05-10_limited-council-formal-meeting.md,minutes
438,86,5,3,"Approve Resolution 7 of 2022, Loan Amendment for West End LLC",Resolution,6-0 Pass,Pass,rda_vote,,approve,keyword,high,88,singleton,high,28,25,1,minutes/2022/2022-05-09/2022-05-10_redevelopment-agency-rda-meeting.md,minutes
439,86,5,4,Adjourn,Procedural/Administrative,7-0 Pass,Pass,rda_vote,,procedural,keyword,high,,,,34,31,1,minutes/2022/2022-05-09/2022-05-10_redevelopment-agency-rda-meeting.md,minutes
440,87,2,1,Enter into Closed Session for the purposes of strategy sessions to discuss collective bargaining and advice of Counsel.,Procedural/Administrative,7-0 Pass,Pass,council_vote,,procedural,keyword,high,,,,5,3,1,minutes/2022/2022-05-16/2022-05-17_council-work-session-meeting.md,minutes
441,88,3,1,"Close the public hearing and refer to the public hearing on June 7, 2022 (LBA Budget for the Capital Projects Fund for Fiscal Year 2022-23)",Public Hearing Action,7-0 Pass,Pass,mba_vote,,procedural,keyword,medium,,,,3,5,1,minutes/2022/2022-05-16/2022-05-17_revised-lba-rda-and-council-formal-meeting.md,minutes
442,87,2,2,Exit Closed Session.,Procedural/Administrative,7-0 Pass,Pass,council_vote,,procedural,keyword,high,,,,5,20,1,minutes/2022/2022-05-16/2022-05-17_council-work-session-meeting.md,minutes
443,88,3,2,Adjourn the LBA meeting,Procedural/Administrative,7-0 Pass,Pass,mba_vote,,procedural,keyword,high,,,,5,17,1,minutes/2022/2022-05-16/2022-05-17_revised-lba-rda-and-council-formal-meeting.md,minutes
444,89,5,3,"Close the public hearing and refer to the public hearing on June 7, 2022 (RDA Budget for Fiscal Year 2022-23)",Public Hearing Action,7-0 Pass,Pass,rda_vote,,procedural,keyword,medium,,,,5,3,1,minutes/2022/2022-05-16/2022-05-17_revised-lba-rda-and-council-formal-meeting.md,minutes
445,89,5,4,Adjourn the RDA meeting,Procedural/Administrative,7-0 Pass,Pass,rda_vote,,procedural,keyword,high,,,,3,17,1,minutes/2022/2022-05-16/2022-05-17_revised-lba-rda-and-council-formal-meeting.md,minutes
446,90,2,5,"Adopt Joint Ceremonial Resolution 14 of 2022, celebrating Pride Month",Ceremonial Resolution,7-0 Pass,Pass,council_vote,,procedural,keyword,high,,,,20,17,1,minutes/2022/2022-05-16/2022-05-17_revised-lba-rda-and-council-formal-meeting.md,minutes
447,90,2,6,"Approve the formal meeting minutes of February 1, 2022 and April 19, 2022 as well as the limited formal meeting minutes of May 10, 2022",Procedural/Administrative,7-0 Pass,Pass,council_vote,,procedural,keyword,high,,,,5,3,1,minutes/2022/2022-05-16/2022-05-17_revised-lba-rda-and-council-formal-meeting.md,minutes
448,90,2,7,"Close the public hearing and refer items G-1 through G-4 to a future Consent Agenda for action (grant applications: RMHIDTA, YouthCity School Age Quality, YouthCity School Age Summer Quality Expansion, and Summer Food Service Program)",Public Hearing Action,7-0 Pass,Pass,council_vote,,procedural,keyword,high,,,,5,3,1,minutes/2022/2022-05-16/2022-05-17_revised-lba-rda-and-council-formal-meeting.md,minutes
449,90,2,8,"Close the public hearing and adopt Ordinance 25 of 2022: Library Budget Amendment No. 1 for Fiscal Year 2021-22 (item A-1 only: increase library budget for pass-through property tax increment related to the Inland Port and Convention Center Hotel, $500,000 from pass-through Property Taxes)",Budget Amendment,7-0 Pass,Pass,council_vote,,approve,keyword,high,,,,3,5,1,minutes/2022/2022-05-16/2022-05-17_revised-lba-rda-and-council-formal-meeting.md,minutes
450,90,2,9,"Close the public hearing on the Series 2022 bond issuance (Public Utilities Revenue Bonds, Series 2022)",Public Hearing Action,7-0 Pass,Pass,council_vote,,procedural,keyword,medium,,,,5,3,1,minutes/2022/2022-05-16/2022-05-17_revised-lba-rda-and-council-formal-meeting.md,minutes
451,90,2,10,"Close the public hearing for items G7 through G16 and refer to public hearing on June 7, 2022 (FY2022-23 budget-related ordinances)",Public Hearing Action,7-0 Pass,Pass,council_vote,,procedural,keyword,medium,,,,5,3,1,minutes/2022/2022-05-16/2022-05-17_revised-lba-rda-and-council-formal-meeting.md,minutes
452,90,2,11,"Adopt Ordinance 26 of 2022: Rezone and Master Plan Amendment at 1950 S West Temple and 1948 S West Temple, subject to conditions (parcel consolidation and restrictive covenant limiting building height to 35 feet)",Ordinance,7-0 Pass,Pass,council_vote,,approve,keyword,high,89,singleton,high,20,6,1,minutes/2022/2022-05-16/2022-05-17_revised-lba-rda-and-council-formal-meeting.md,minutes
453,90,2,12,Adopt Ordinance 27 of 2022: Rezone and Master Plan Amendment at 1902 South 400 East,Ordinance,7-0 Pass,Pass,council_vote,,approve,keyword,high,90,singleton,high,20,17,1,minutes/2022/2022-05-16/2022-05-17_revised-lba-rda-and-council-formal-meeting.md,minutes
454,90,2,13,Reconsider action on May 10 relative to the resolution authorizing approval of the redistricting map,Procedural/Administrative,7-0 Pass,Pass,council_vote,,procedural,keyword,high,,,,5,17,1,minutes/2022/2022-05-16/2022-05-17_revised-lba-rda-and-council-formal-meeting.md,minutes
455,90,2,14,"Approve Resolution 9 of 2022 Redistricting City Council District Boundaries, designating boundaries based on the 2020 Census results as shown on Exhibit A, correcting the boundaries of Districts Three and Six to move a single property from District Six into District Three",Resolution,7-0 Pass,Pass,council_vote,,approve,keyword,high,,,,5,17,1,minutes/2022/2022-05-16/2022-05-17_revised-lba-rda-and-council-formal-meeting.md,minutes
456,90,2,15,Adopt Ordinance 28 of 2022: Protecting Patient Privacy and Rights Near Healthcare Facilities,Ordinance,7-0 Pass,Pass,council_vote,,approve,keyword,high,,,,5,17,1,minutes/2022/2022-05-16/2022-05-17_revised-lba-rda-and-council-formal-meeting.md,minutes
457,90,2,16,Approve the Consent Agenda (board appointments: Sarah Sherer to Sugar House Park Authority; Aaron Wiley to PNUT Board; Cale Newhouse to Arts Council; reappointment of Amy Barry to Planning Commission),Appointment/Advice & Consent,7-0 Pass,Pass,council_vote,,procedural,keyword,high,,,,20,17,1,minutes/2022/2022-05-16/2022-05-17_revised-lba-rda-and-council-formal-meeting.md,minutes
458,91,2,1,"Enter into Closed Session for the purposes of strategy sessions to discuss pending or reasonably imminent litigation, deployment of security personnel, devices, or systems; and, attorney-client matters that are privileged.",Procedural/Administrative,7-0 Pass,Pass,council_vote,,procedural,keyword,high,,,,20,17,1,minutes/2022/2022-05-30/2022-06-02_council-work-session-meeting.md,minutes
459,92,2,1,Approve the advice and consent appointment of Jojo Chou Liu to the Salt Lake City Justice Court,Appointment/Advice & Consent,7-0 Pass,Pass,council_vote,,approve,keyword,high,,,,5,17,1,minutes/2022/2022-05-30/2022-06-02_limited-council-formal-meeting.md,minutes
460,91,2,2,Exit Closed Session,Procedural/Administrative,7-0 Pass,Pass,council_vote,,procedural,keyword,high,,,,20,17,1,minutes/2022/2022-05-30/2022-06-02_council-work-session-meeting.md,minutes
461,93,3,1,Close the public hearing on the LBA Capital Projects Fund Budget for Fiscal Year 2022-23 and refer the item to a future date for action.,Public Hearing Action,7-0 Pass,Pass,mba_vote,,procedural,keyword,medium,,,,3,19,1,minutes/2022/2022-06-06/2022-06-07_lba-rda-and-council-formal-meeting.md,minutes
462,94,5,2,Adjourn as the Local Building Authority and reconvene as the Redevelopment Agency.,Procedural/Administrative,7-0 Pass,Pass,rda_vote,,procedural,keyword,high,,,,17,19,1,minutes/2022/2022-06-06/2022-06-07_lba-rda-and-council-formal-meeting.md,minutes
463,94,5,3,Close the public hearing on the RDA Budget for Fiscal Year 2022-23 and refer the item to a future date for action.,Public Hearing Action,7-0 Pass,Pass,rda_vote,,procedural,keyword,medium,,,,19,20,1,minutes/2022/2022-06-06/2022-06-07_lba-rda-and-council-formal-meeting.md,minutes
464,95,2,4,Adjourn as the Redevelopment Agency and reconvene as the City Council.,Procedural/Administrative,7-0 Pass,Pass,council_vote,,procedural,keyword,high,,,,17,19,1,minutes/2022/2022-06-06/2022-06-07_lba-rda-and-council-formal-meeting.md,minutes
465,95,2,5,"Approve the Work Session minutes from September 14, 2021 and the Formal Meeting Minutes from May 3, 2022.",Procedural/Administrative,7-0 Pass,Pass,council_vote,,procedural,keyword,high,,,,19,17,1,minutes/2022/2022-06-06/2022-06-07_lba-rda-and-council-formal-meeting.md,minutes
466,95,2,6,Close the public hearing on FY2022-23 budget-related ordinances (G1–G10) and refer the items to a future date for action.,Public Hearing Action,7-0 Pass,Pass,council_vote,,procedural,keyword,medium,,,,20,19,1,minutes/2022/2022-06-06/2022-06-07_lba-rda-and-council-formal-meeting.md,minutes
467,95,2,7,"Adopt Ordinance 29 of 2022: Zoning Map Amendment at Western Gardens, 550 South 600 East, rezoning from CN to FB-UN2.",Ordinance,7-0 Pass,Pass,council_vote,,approve,keyword,high,91,singleton,high,20,3,1,minutes/2022/2022-06-06/2022-06-07_lba-rda-and-council-formal-meeting.md,minutes
468,95,2,8,"Adopt Ordinance 30 of 2022 approving the Salt Lake City Reimagine Nature Master Plan, subject to a revision requiring any referenced friends group or 501(c)(3) supporting City parks to be separate from the City, not managed by City employees, and have a contractual, transparent relationship with the City.",Ordinance,7-0 Pass,Pass,council_vote,,approve,keyword,high,92,name,medium,19,68,1,minutes/2022/2022-06-06/2022-06-07_lba-rda-and-council-formal-meeting.md,minutes
469,95,2,9,"Adopt Ordinance 31 of 2022 approving a $150,000 loan for Buddies, Inc. from the Economic Development Loan Fund.",Grant/Funding,7-0 Pass,Pass,council_vote,,approve,keyword,high,,,,68,20,1,minutes/2022/2022-06-06/2022-06-07_lba-rda-and-council-formal-meeting.md,minutes
470,95,2,10,"Approve the Consent Agenda except for item 3, board appointment of Janis Bennion.",Procedural/Administrative,7-0 Pass,Pass,council_vote,,procedural,keyword,high,,,,19,17,1,minutes/2022/2022-06-06/2022-06-07_lba-rda-and-council-formal-meeting.md,minutes
471,96,2,1,"Enter into Closed Session for the purposes of strategy sessions to discuss the purchase, exchange, or lease of real property, and attorney-client matters that are privileged.",Procedural/Administrative,7-0 Pass,Pass,council_vote,,procedural,keyword,high,,,,5,20,1,minutes/2022/2022-06-06/2022-06-09_council-work-session-meeting.md,minutes
472,96,2,2,Exit Closed Session,Procedural/Administrative,7-0 Pass,Pass,council_vote,,procedural,keyword,high,,,,3,20,1,minutes/2022/2022-06-06/2022-06-09_council-work-session-meeting.md,minutes
473,97,3,1,Approve Resolution 2 of 2022 adopting the final budget for the Capital Projects Fund of the Local Building Authority for Fiscal Year 2022-2023.,Budget Amendment,7-0 Pass,Pass,mba_vote,,approve,keyword,high,,,,19,3,1,minutes/2022/2022-06-13/2022-06-14_lba-rda-and-council-formal-meeting.md,minutes
474,98,5,1,"Approve the RDA minutes from April 12, 2022; May 10, 2022 and May 17, 2022.",Procedural/Administrative,7-0 Pass,Pass,rda_vote,,procedural,keyword,high,93,singleton,high,3,19,1,minutes/2022/2022-06-13/2022-06-14_redevelopment-agency-rda-meeting.md,minutes
475,99,5,2,Adjourn as the Local Building Authority and reconvene as the Redevelopment Agency.,Procedural/Administrative,7-0 Pass,Pass,rda_vote,,procedural,keyword,high,,,,3,20,1,minutes/2022/2022-06-13/2022-06-14_lba-rda-and-council-formal-meeting.md,minutes
476,98,5,2,"Enter into Closed Session for the purposes of strategy sessions to discuss the purchase, exchange, or lease of real property and attorney-client matters that are privileged.",Procedural/Administrative,7-0 Pass,Pass,rda_vote,,procedural,keyword,high,,,,17,5,1,minutes/2022/2022-06-13/2022-06-14_redevelopment-agency-rda-meeting.md,minutes
477,99,5,3,"Adopt Resolution 8 of 2022 approving the Fiscal Year 2023 RDA Budget reflected in the Key Changes spreadsheet with clarifications shown on the motion sheet, including $8,023,449 in capital projects approved for holding accounts.",Budget Amendment,7-0 Pass,Pass,rda_vote,,approve,keyword,high,,,,3,68,1,minutes/2022/2022-06-13/2022-06-14_lba-rda-and-council-formal-meeting.md,minutes
478,98,5,3,Exit Closed Session.,Procedural/Administrative,7-0 Pass,Pass,rda_vote,,procedural,keyword,high,,,,20,19,1,minutes/2022/2022-06-13/2022-06-14_redevelopment-agency-rda-meeting.md,minutes
479,99,5,4,Adopt the Legislative Intent Statements as outlined in items A through D regarding RDA budget and policy matters.,Legislative Intent,7-0 Pass,Pass,rda_vote,,approve,keyword,high,94,singleton,high,19,3,1,minutes/2022/2022-06-13/2022-06-14_lba-rda-and-council-formal-meeting.md,minutes
480,100,2,5,Adjourn as the RDA and reconvene as the City Council.,Procedural/Administrative,7-0 Pass,Pass,council_vote,,procedural,keyword,high,,,,68,17,1,minutes/2022/2022-06-13/2022-06-14_lba-rda-and-council-formal-meeting.md,minutes
481,100,2,6,"Approve the work session meeting minutes of April 5, 2022, May 3, 2022 and May 17, 2022 and the formal meeting minutes of June 2, 2022.",Procedural/Administrative,7-0 Pass,Pass,council_vote,,procedural,keyword,high,,,,3,19,1,minutes/2022/2022-06-13/2022-06-14_lba-rda-and-council-formal-meeting.md,minutes
482,100,2,7,"Adopt joint ceremonial Resolution 15 of 2022 recognizing June 19, 2022 as Juneteenth Freedom Day in Salt Lake City.",Ceremonial Resolution,7-0 Pass,Pass,council_vote,,procedural,keyword,high,,,,19,3,1,minutes/2022/2022-06-13/2022-06-14_lba-rda-and-council-formal-meeting.md,minutes
483,100,2,8,Adopt joint ceremonial Resolution 16 of 2022 establishing a new Ballpark Legacy lease with the Salt Lake Bees Professional Baseball Franchise.,Ceremonial Resolution,7-0 Pass,Pass,council_vote,,procedural,keyword,high,,,,3,19,1,minutes/2022/2022-06-13/2022-06-14_lba-rda-and-council-formal-meeting.md,minutes
484,100,2,9,Adopt joint ceremonial Resolution 17 of 2022 declaring Salt Lake City's commitment to promoting equitable and inclusive language access.,Ceremonial Resolution,7-0 Pass,Pass,council_vote,,procedural,keyword,high,,,,19,20,1,minutes/2022/2022-06-13/2022-06-14_lba-rda-and-council-formal-meeting.md,minutes
485,100,2,10,Close the public hearing and refer items G1-G4 to a future consent agenda for action.,Public Hearing Action,7-0 Pass,Pass,council_vote,,procedural,keyword,high,,,,3,17,1,minutes/2022/2022-06-13/2022-06-14_lba-rda-and-council-formal-meeting.md,minutes
486,100,2,11,"Adopt Ordinance 35 of 2022 amending Chapter 5.02, Salt Lake City Code, Available Methods of Delivering Records Related to Business Licensing.",Ordinance,7-0 Pass,Pass,council_vote,,approve,keyword,high,95,singleton,high,68,19,1,minutes/2022/2022-06-13/2022-06-14_lba-rda-and-council-formal-meeting.md,minutes
487,100,2,12,"Adopt Ordinance 36 of 2022 amending Chapter 15.16, Salt Lake City Code, Addressing Certain Fees for the Use and Cleaning of the City's Recreational Facilities.",Ordinance,7-0 Pass,Pass,council_vote,,approve,keyword,high,96,singleton,high,68,19,1,minutes/2022/2022-06-13/2022-06-14_lba-rda-and-council-formal-meeting.md,minutes
488,100,2,13,"Adopt Ordinance 34 of 2022 adopting the rate of the tax levy, including the levy for the Library Fund, upon all real and personal property within Salt Lake City made taxable by law for Fiscal Year 2022-2023.",Ordinance,7-0 Pass,Pass,council_vote,,approve,keyword,high,,,,19,3,1,minutes/2022/2022-06-13/2022-06-14_lba-rda-and-council-formal-meeting.md,minutes
489,100,2,14,Adopt Ordinance 33 of 2022 approving the budget of the City Library Fund for Fiscal Year 2022-2023.,Budget Amendment,7-0 Pass,Pass,council_vote,,approve,keyword,high,,,,3,17,1,minutes/2022/2022-06-13/2022-06-14_lba-rda-and-council-formal-meeting.md,minutes
490,100,2,15,Adopt Ordinance 37 of 2022 amending the Salt Lake City Consolidated Fee Schedule including a 6.2% increase to all fees paid into the General Fund and removing the meter obstruction fee.,Ordinance,7-0 Pass,Pass,council_vote,,approve,keyword,high,,,,68,19,1,minutes/2022/2022-06-13/2022-06-14_lba-rda-and-council-formal-meeting.md,minutes
491,100,2,16,"Adopt Ordinance 40 of 2022 appropriating necessary funds to implement, for Fiscal Year 2023, the provisions of the memorandum of understanding between Salt Lake City Corporation and the International Association of Firefighters Local 81, representing eligible employees in the Fire Department.",Ordinance,7-0 Pass,Pass,council_vote,,approve,keyword,high,,,,68,19,1,minutes/2022/2022-06-13/2022-06-14_lba-rda-and-council-formal-meeting.md,minutes
492,100,2,17,"Adopt Ordinance 38 of 2022 appropriating necessary funds to implement, for Fiscal Year 2023, the provisions of the memorandum of understanding between Salt Lake City Corporation and the American Federation of State, County, and Municipal Employees Local 1004, representing eligible employees in City departments.",Ordinance,7-0 Pass,Pass,council_vote,,approve,keyword,high,,,,68,19,1,minutes/2022/2022-06-13/2022-06-14_lba-rda-and-council-formal-meeting.md,minutes
493,100,2,18,"Adopt Ordinance 39 of 2022 appropriating necessary funds to implement, for Fiscal Year 2023, the provisions of the memorandum of understanding between Salt Lake City Corporation and the Salt Lake Police Association, representing eligible employees in the Police Department.",Ordinance,7-0 Pass,Pass,council_vote,,approve,keyword,high,,,,68,19,1,minutes/2022/2022-06-13/2022-06-14_lba-rda-and-council-formal-meeting.md,minutes
494,100,2,19,Adopt Ordinance 41 of 2022 approving the Fiscal Year 2023 Compensation Plan for all non-represented employees of Salt Lake City Corporation.,Ordinance,7-0 Pass,Pass,council_vote,,approve,keyword,high,,,,68,19,1,minutes/2022/2022-06-13/2022-06-14_lba-rda-and-council-formal-meeting.md,minutes
495,100,2,20,"Adopt Ordinance 32 of 2022 approving Salt Lake City's Fiscal Year 2022-23 budget as outlined in the key changes spreadsheets and staffing document, excluding the schedule for capital projects and debt and the Library Fund.",Budget Amendment,7-0 Pass,Pass,council_vote,,approve,keyword,high,,,,20,17,1,minutes/2022/2022-06-13/2022-06-14_lba-rda-and-council-formal-meeting.md,minutes
496,100,2,21,"Approve $45,703,683 to be transferred into CIP, including approving $14,043,194 in funding as shown on the motion sheet, with the understanding that the placeholder for a first-year payment on a new sales tax revenue bond is not approved.",Budget Amendment,7-0 Pass,Pass,council_vote,,approve,mixed,low,,,,3,68,1,minutes/2022/2022-06-13/2022-06-14_lba-rda-and-council-formal-meeting.md,minutes
497,100,2,22,"Adopt the Legislative Intent Statements as outlined on the motion sheet under Motion 5, items A through S.",Legislative Intent,7-0 Pass,Pass,council_vote,,approve,keyword,high,,,,6,68,1,minutes/2022/2022-06-13/2022-06-14_lba-rda-and-council-formal-meeting.md,minutes
498,100,2,23,Adopt the Consent Agenda.,Procedural/Administrative,7-0 Pass,Pass,council_vote,,procedural,keyword,high,,,,17,19,1,minutes/2022/2022-06-13/2022-06-14_lba-rda-and-council-formal-meeting.md,minutes
499,101,2,1,"Approve the work session meeting minutes of May 10, 2022 and May 24, 2022 as well as the formal meeting minutes of June 1, 2021; May 17, 2022; June 7, 2022; and June 14, 2022.",Procedural/Administrative,7-0 Pass,Pass,council_vote,,procedural,keyword,high,,,,3,5,1,minutes/2022/2022-07-11/2022-07-12_revised-council-formal-meeting.md,minutes
500,101,2,2,Continue the Capital Improvement Program public hearing to August 9.,Public Hearing Action,7-0 Pass,Pass,council_vote,,continue,keyword,high,,,,19,5,1,minutes/2022/2022-07-11/2022-07-12_revised-council-formal-meeting.md,minutes
501,101,2,3,Approve the consent agenda.,Appointment/Advice & Consent,7-0 Pass,Pass,council_vote,,procedural,keyword,high,,,,17,19,1,minutes/2022/2022-07-11/2022-07-12_revised-council-formal-meeting.md,minutes
502,102,2,1,"Approve the amended formal meeting minutes of June 8, 2021",Procedural/Administrative,6-0 Pass,Pass,council_vote,,procedural,keyword,high,,,,5,19,1,minutes/2022/2022-07-18/2022-07-19_council-formal-meeting.md,minutes
503,102,2,2,"Adopt Joint Ceremonial Resolution 18 of 2022: recognizing July 19, 2022, as 'One Kind Act A Day' day in Salt Lake City",Ceremonial Resolution,6-0 Pass,Pass,council_vote,,procedural,keyword,high,,,,19,5,1,minutes/2022/2022-07-18/2022-07-19_council-formal-meeting.md,minutes
504,102,2,3,Close the public hearing and refer Items B-1 through B-2 to a future Consent Agenda for action,Public Hearing Action,6-0 Pass,Pass,council_vote,,procedural,keyword,high,,,,3,17,1,minutes/2022/2022-07-18/2022-07-19_council-formal-meeting.md,minutes
505,102,2,4,"Suspend the rules and adopt Ordinance 42 of 2022 Updating Salt Lake City Corporation's practices regarding donations to the City, with specified changes",Ordinance,6-0 Pass,Pass,council_vote,,approve,keyword,high,,,,19,17,1,minutes/2022/2022-07-18/2022-07-19_council-formal-meeting.md,minutes
506,102,2,5,"Adopt Ordinance 43 of 2022 Convention on the Elimination of all Forms of Discrimination Against Women (CEDAW) and Gender Equity, enacting chapter 10.08 of the Salt Lake City Code pertaining to gender equality",Ordinance,6-0 Pass,Pass,council_vote,,approve,keyword,high,,,,5,17,1,minutes/2022/2022-07-18/2022-07-19_council-formal-meeting.md,minutes
507,102,2,6,Adopt Resolution 19 of 2022 Transit Master Plan Implementation Interlocal Agreement with the Utah Transit Authority (UTA),Interlocal/Agreement,6-0 Pass,Pass,council_vote,,approve,keyword,high,97,name,medium,3,17,1,minutes/2022/2022-07-18/2022-07-19_council-formal-meeting.md,minutes
508,102,2,7,Approve the Consent Agenda,Procedural/Administrative,6-0 Pass,Pass,council_vote,,procedural,keyword,high,,,,3,5,1,minutes/2022/2022-07-18/2022-07-19_council-formal-meeting.md,minutes
509,103,2,1,"Enter into Closed Session for the purposes of strategy sessions to discuss the purchase, exchange, or lease of real property, deployment of security personnel, devices, or systems; and attorney-client matters.",Procedural/Administrative,7-0 Pass,Pass,council_vote,,procedural,keyword,high,,,,5,3,1,minutes/2022/2022-08-01/2022-08-02_special-work-session-meeting.md,minutes
510,103,2,2,Exit Closed Session.,Procedural/Administrative,7-0 Pass,Pass,council_vote,,procedural,keyword,high,,,,20,69,1,minutes/2022/2022-08-01/2022-08-02_special-work-session-meeting.md,minutes
511,104,2,1,Enter into a closed session for discussion on attorney-client matters and discussion to discuss pending or reasonably imminent litigation.,Procedural/Administrative,7-0 Pass,Pass,council_vote,,procedural,keyword,high,,,,5,3,1,minutes/2022/2022-08-08/2022-08-09_council-work-session-meeting.md,minutes
512,105,5,1,"Approve the meeting minutes of June 14, 2022",Procedural/Administrative,7-0 Pass,Pass,rda_vote,,procedural,keyword,high,,,,31,28,1,minutes/2022/2022-08-08/2022-08-09_redevelopment-agency-rda-meeting.md,minutes
513,104,2,2,Exit the closed session.,Procedural/Administrative,7-0 Pass,Pass,council_vote,,procedural,keyword,high,,,,5,20,1,minutes/2022/2022-08-08/2022-08-09_council-work-session-meeting.md,minutes
514,105,5,2,Adopt Resolution 9 of 2022 Housing Development Loan Program – Emergency Gap Funding Allocations,Resolution,7-0 Pass,Pass,rda_vote,,approve,keyword,high,98,singleton,high,25,31,1,minutes/2022/2022-08-08/2022-08-09_redevelopment-agency-rda-meeting.md,minutes
515,105,5,3,Approve the consent agenda,Procedural/Administrative,7-0 Pass,Pass,rda_vote,,procedural,keyword,high,,,,31,25,1,minutes/2022/2022-08-08/2022-08-09_redevelopment-agency-rda-meeting.md,minutes
516,106,2,1,"Approve the Formal meeting minutes of July 12, 2022 as well as the Living Traditions luncheon minutes of May 17, 2022.",Procedural/Administrative,7-0 Pass,Pass,council_vote,,procedural,keyword,high,,,,19,6,1,minutes/2022/2022-08-15/2022-08-16_council-formal-meeting.md,minutes
517,107,2,1,Exit the Closed Session,Procedural/Administrative,7-0 Pass,Pass,council_vote,,procedural,keyword,high,,,,20,6,1,minutes/2022/2022-08-15/2022-08-16_council-work-session-meeting.md,minutes
518,106,2,2,"Adopt Resolution 22 of 2022, a joint ceremonial resolution with Mayor Mendenhall recognizing September as National Suicide Prevention and Action Month.",Ceremonial Resolution,7-0 Pass,Pass,council_vote,,procedural,keyword,high,,,,69,6,1,minutes/2022/2022-08-15/2022-08-16_council-formal-meeting.md,minutes
519,107,2,2,Enter into Closed Session for the purposes of attorney-client matters,Procedural/Administrative,7-0 Pass,Pass,council_vote,,procedural,keyword,high,,,,20,6,1,minutes/2022/2022-08-15/2022-08-16_council-work-session-meeting.md,minutes
520,106,2,3,"Close the public hearing and partially adopt Ordinance 44 of 2022, amending the Fiscal Year 2023 final budget of Salt Lake City including the employment staffing document only for items A-4 (GO Bond Public Outreach and Engagement, $150,000 from General Fund Balance) and D-2 (CIP Transfer for General Fund Security, $1,200,000 from CIP Fund to General Fund).",Budget Amendment,7-0 Pass,Pass,council_vote,,approve,keyword,high,,,,20,19,1,minutes/2022/2022-08-15/2022-08-16_council-formal-meeting.md,minutes
521,106,2,4,Close the public hearing and refer Item B-2 (2022 Train the Trainer Education Grant – Workday Human Resource Management Software) to a future Consent Agenda for action.,Public Hearing Action,7-0 Pass,Pass,council_vote,,procedural,keyword,high,,,,19,20,1,minutes/2022/2022-08-15/2022-08-16_council-formal-meeting.md,minutes
522,106,2,5,"Adopt Ordinance 45 of 2022, amending the zoning of the property at approximately 1902 North, 1932 North, 1944 North, and 1954 North Rose Park Lane from R-1/7,000 (Single Family Residential District) to OS (Open Space District).",Ordinance,7-0 Pass,Pass,council_vote,,approve,keyword,high,,,,20,17,1,minutes/2022/2022-08-15/2022-08-16_council-formal-meeting.md,minutes
523,106,2,6,"Adopt Ordinance 46 of 2022, amending the zoning of the property located at approximately 858 West and 860 West Hoyt Place from R-1/5,000 (Single Family Residential District) to SR-3 (Special Development Pattern Residential District).",Ordinance,7-0 Pass,Pass,council_vote,,approve,keyword,high,,,,69,17,1,minutes/2022/2022-08-15/2022-08-16_council-formal-meeting.md,minutes
524,106,2,7,"Adopt Ordinance 47 of 2022, amending the zoning of the property located at approximately 805 South 800 West from M-1 (Light Manufacturing District) to R-MU-35 (Residential/Mixed Use District).",Ordinance,7-0 Pass,Pass,council_vote,,approve,keyword,high,,,,19,17,1,minutes/2022/2022-08-15/2022-08-16_council-formal-meeting.md,minutes
525,106,2,8,"Adopt Ordinance 48 of 2022, amending the general plan land use designation of a property located at approximately 2435 South 500 East from Low Density Residential to Medium Density Residential and the zoning map from R-1-7,000 Residential to RMF-35 Moderate Density Multi-Family Residential District.",Ordinance,7-0 Pass,Pass,council_vote,,approve,keyword,high,99,singleton,high,20,19,1,minutes/2022/2022-08-15/2022-08-16_council-formal-meeting.md,minutes
526,106,2,9,"Adopt Ordinance 49 of 2022, amending the zoning text of Subsection 21A.24.110.F of the Salt Lake City Code pertaining to building coverage in the R-2 Single and Two-Family Residential District.",Ordinance,7-0 Pass,Pass,council_vote,,approve,keyword,high,100,singleton,high,19,20,1,minutes/2022/2022-08-15/2022-08-16_council-formal-meeting.md,minutes
527,106,2,10,"Adopt Resolution 23 of 2022, adopting the Capital Improvement Program project-specific allocations for Fiscal Year 2023 as shown on the attached Exhibit A Funding Log.",Resolution,7-0 Pass,Pass,council_vote,,approve,keyword,high,,,,69,19,1,minutes/2022/2022-08-15/2022-08-16_council-formal-meeting.md,minutes
528,106,2,11,"Adopt Ordinance 50 of 2022, amending the Salt Lake City Code Chapter 2.20 to modify the membership of the Community Recovery Committee.",Ordinance,6-0 Pass,Pass,council_vote,,approve,keyword,high,,,,19,20,1,minutes/2022/2022-08-15/2022-08-16_council-formal-meeting.md,minutes
529,106,2,12,"Adopt Ordinance 51 of 2022, granting a Telecommunication Franchise to Uniti National, LLC.",Ordinance,6-0 Pass,Pass,council_vote,,approve,keyword,high,,,,19,69,1,minutes/2022/2022-08-15/2022-08-16_council-formal-meeting.md,minutes
530,106,2,13,"Adopt Resolution 24 of 2022, providing for the holding of a local special bond election for $80 million General Obligation Bonds for parks, trails and open space, with a public hearing on October 11 and a public meeting on October 18, and encouraging the Administration to seek funding from external sources for any project receiving bond funding.",Resolution,6-0 Pass,Pass,council_vote,,approve,keyword,high,,,,19,20,1,minutes/2022/2022-08-15/2022-08-16_council-formal-meeting.md,minutes
531,106,2,14,"Adopt Resolution 25 of 2022, authorizing up to $67.5 million of sales and excise tax revenue bonds; giving authority to certain officers to approve the final terms and provisions of the bonds within specified parameters; adding 'irrigation' to the City Cemetery road repairs and reconstruction project; and encouraging the Administration to seek funding from external sources for any project receiving bond funding.",Resolution,6-0 Pass,Pass,council_vote,,approve,keyword,high,,,,17,19,1,minutes/2022/2022-08-15/2022-08-16_council-formal-meeting.md,minutes
532,106,2,15,"Adopt Ordinance 52 of 2022 approving a $350,000 loan for Chip Cookies, LLC, from the Economic Development Loan Fund.",Ordinance,6-0 Pass,Pass,council_vote,,approve,keyword,high,,,,17,19,1,minutes/2022/2022-08-15/2022-08-16_council-formal-meeting.md,minutes
533,106,2,16,"Approve the Consent Agenda with a modification to Item G-2 for the Airport Master Plan, to add a public hearing date of October 18 and adjust the timeline for action to – To Be Determined following the public hearings.",Procedural/Administrative,6-0 Pass,Pass,council_vote,,procedural,keyword,high,101,name,medium,20,69,1,minutes/2022/2022-08-15/2022-08-16_council-formal-meeting.md,minutes
534,108,2,1,"Reconsider the action on August 16, 2022, closing the Budget Amendment #1 public hearing",Procedural/Administrative,7-0 Pass,Pass,council_vote,,procedural,keyword,high,,,,17,3,1,minutes/2022/2022-08-29/2022-08-29_special-limited-formal-meeting-budget-amendment.md,minutes
535,109,2,1,"Close the public hearing and adopt an ordinance establishing the final rate of tax levy, including the final levy for the Library Fund, upon all real and personal property within Salt Lake City, made taxable by law for fiscal year 2022-2023 and ratify the budget as adopted by the Council in June",Ordinance,7-0 Pass,Pass,council_vote,,approve,keyword,high,,,,20,17,1,minutes/2022/2022-08-29/2022-08-29_special-limited-formal-meeting-truth-in-taxation.md,minutes
536,108,2,2,Continue the public hearing for Budget Amendment No. 1 to a future date,Public Hearing Action,7-0 Pass,Pass,council_vote,,continue,keyword,high,,,,17,69,1,minutes/2022/2022-08-29/2022-08-29_special-limited-formal-meeting-budget-amendment.md,minutes
537,108,2,3,Approve the consent agenda,Procedural/Administrative,7-0 Pass,Pass,council_vote,,procedural,keyword,high,,,,20,3,1,minutes/2022/2022-08-29/2022-08-29_special-limited-formal-meeting-budget-amendment.md,minutes
538,108,2,4,Exit the Closed Session,Procedural/Administrative,6-0 Pass,Pass,council_vote,,procedural,keyword,high,,,,20,3,1,minutes/2022/2022-08-29/2022-08-29_special-limited-formal-meeting-budget-amendment.md,minutes
539,108,2,5,Enter into Closed Session for the purposes of strategy sessions to discuss pending or reasonably imminent litigation and attorney-client matters,Procedural/Administrative,7-0 Pass,Pass,council_vote,,procedural,keyword,high,,,,20,17,1,minutes/2022/2022-08-29/2022-08-29_special-limited-formal-meeting-budget-amendment.md,minutes
540,110,5,1,Close the public hearing on RDA Budget Amendment No. 1 for Fiscal Year 2022-23,Public Hearing Action,7-0 Pass,Pass,rda_vote,,procedural,keyword,medium,,,,28,23,1,minutes/2022/2022-09-12/2022-09-13_redevelopment-agency-rda-meeting.md,minutes
541,110,5,2,"Approve the meeting minutes of Tuesday, October 12, 2021",Procedural/Administrative,7-0 Pass,Pass,rda_vote,,procedural,keyword,high,,,,31,34,1,minutes/2022/2022-09-12/2022-09-13_redevelopment-agency-rda-meeting.md,minutes
542,110,5,3,"Approve $1M in additional funding to complete Marmalade Plaza in West Capitol Hill Project Area ($720,000 from Revolving Loan Fund, and $280,000 from Arctic Court infill housing budget)",Budget Amendment,7-0 Pass,Pass,rda_vote,,approve,keyword,high,102,singleton,high,28,23,1,minutes/2022/2022-09-12/2022-09-13_redevelopment-agency-rda-meeting.md,minutes
543,110,5,4,"Approve $3.9M to purchase Station Center property in Depot District Project Area, thus adopting Resolution 10 of 2022, amending the final budget of The Redevelopment Agency of Salt Lake City for FY 22-23",Budget Amendment,7-0 Pass,Pass,rda_vote,,approve,keyword,high,103,singleton,high,28,25,1,minutes/2022/2022-09-12/2022-09-13_redevelopment-agency-rda-meeting.md,minutes
544,110,5,5,"Approve Resolution 11 of 2022, authorizing the $4 million seller's note for the Spark development, located at 1500 West North Temple",Resolution,7-0 Pass,Pass,rda_vote,,approve,keyword,high,104,singleton,high,25,31,1,minutes/2022/2022-09-12/2022-09-13_redevelopment-agency-rda-meeting.md,minutes
545,111,2,1,Close the public hearing and defer action to a future Council meeting on the Green Street Alley Vacation ordinance.,Public Hearing Action,7-0 Pass,Pass,council_vote,,continue,keyword,high,105,singleton,high,19,68,1,minutes/2022/2022-09-19/2022-09-20_council-formal-meeting.md,minutes
546,112,2,1,"Enter into Closed Session for the purposes of strategy sessions to discuss the purchase, exchange, or lease of real property, and Attorney-Client matters.",Procedural/Administrative,6-0 Pass,Pass,council_vote,,procedural,keyword,high,,,,6,5,1,minutes/2022/2022-09-19/2022-09-20_council-work-session-meeting.md,minutes
547,111,2,2,Close the public hearing and defer action to a future Council meeting on the rezone and master plan amendment at 16 South 800 West.,Public Hearing Action,7-0 Pass,Pass,council_vote,,continue,keyword,high,106,singleton,high,3,5,1,minutes/2022/2022-09-19/2022-09-20_council-formal-meeting.md,minutes
548,112,2,2,Exit Closed Session.,Procedural/Administrative,7-0 Pass,Pass,council_vote,,procedural,keyword,high,,,,5,3,1,minutes/2022/2022-09-19/2022-09-20_council-work-session-meeting.md,minutes
549,111,2,3,"Close the public hearing and adopt Ordinance 57 of 2022, approving Budget Amendment No. 2 for Fiscal Year 2022-23.",Budget Amendment,7-0 Pass,Pass,council_vote,,approve,keyword,high,,,,68,19,1,minutes/2022/2022-09-19/2022-09-20_council-formal-meeting.md,minutes
550,111,2,4,"Close the public hearing and adopt Ordinance 58 of 2022, amending the Fiscal Year 2023 final budget only for Item A-2: Deeply Affordable Housing to Address Immediate and Long-term Homeless Needs ($6 million from CIP Holding Account to General Fund) and creation of Homelessness Housing Grant Fund.",Budget Amendment,7-0 Pass,Pass,council_vote,,approve,keyword,high,,,,19,3,1,minutes/2022/2022-09-19/2022-09-20_council-formal-meeting.md,minutes
551,111,2,5,"Close the public hearing and adopt Ordinance 59 of 2022, amending the implementation plan for Growing SLC: A Five Year Housing Plan 2018-2022.",Ordinance,7-0 Pass,Pass,council_vote,,approve,keyword,high,,,,19,68,1,minutes/2022/2022-09-19/2022-09-20_council-formal-meeting.md,minutes
552,111,2,6,"Continue the public hearing on The Other Side Village public benefits analysis and below-market lease rate and term and rezoning application, and defer action to a future Council meeting.",Public Hearing Action,7-0 Pass,Pass,council_vote,,continue,keyword,high,,,,3,5,1,minutes/2022/2022-09-19/2022-09-20_council-formal-meeting.md,minutes
553,111,2,7,"Adopt Ordinance 60 of 2022, amending the zoning map for a parcel at 1330 South 700 West to rezone from R-1/7,000 (Single-Family Residential District) to CB (Community Business).",Ordinance,7-0 Pass,Pass,council_vote,,approve,keyword,high,107,singleton,high,19,3,1,minutes/2022/2022-09-19/2022-09-20_council-formal-meeting.md,minutes
554,111,2,8,Approve the appointment of Mark Stephens as the Salt Lake City Engineer.,Appointment/Advice & Consent,7-0 Pass,Pass,council_vote,,approve,keyword,high,,,,5,19,1,minutes/2022/2022-09-19/2022-09-20_council-formal-meeting.md,minutes
555,111,2,9,"Adopt Ordinance 61 of 2022, approving a $50,000 loan for Kahve Cafe, LLC from the Economic Development Loan Fund.",Grant/Funding,7-0 Pass,Pass,council_vote,,approve,keyword,high,,,,68,6,1,minutes/2022/2022-09-19/2022-09-20_council-formal-meeting.md,minutes
556,111,2,10,"Adopt Resolution 28 of 2022, approving the satisfaction of conditions on $125,000 in the Department of Sustainability's budget for a Community Food Assessment, with accompanying legislative intents.",Resolution,7-0 Pass,Pass,council_vote,,approve,keyword,high,,,,19,20,1,minutes/2022/2022-09-19/2022-09-20_council-formal-meeting.md,minutes
557,111,2,11,"Approve the Consent Agenda, including setting the public hearing date for the Ballpark Station Area Plan, approving the appointment of Terressa Clark to the Housing Advisory and Appeals Board, and approving the reappointment of Heidi Steed to the Community Development and Capital Improvement Programs Advisory Board.",Procedural/Administrative,7-0 Pass,Pass,council_vote,,procedural,keyword,high,108,name,medium,3,5,1,minutes/2022/2022-09-19/2022-09-20_council-formal-meeting.md,minutes
558,113,2,1,"Approve the formal meeting minutes of July 19, 2022",Procedural/Administrative,7-0 Pass,Pass,council_vote,,procedural,keyword,high,,,,5,19,1,minutes/2022/2022-10-03/2022-10-04_revised-council-formal-meeting.md,minutes
559,114,2,1,Exit the Closed Session,Procedural/Administrative,7-0 Pass,Pass,council_vote,,procedural,keyword,high,,,,5,17,1,minutes/2022/2022-10-03/2022-10-04_revised-council-work-session-meeting.md,minutes
560,113,2,2,Adopt Joint Ceremonial Resolution 29 of 2022 Declaring the Second Monday in October as Indigenous Peoples Day in Salt Lake City,Ceremonial Resolution,7-0 Pass,Pass,council_vote,,procedural,keyword,high,,,,5,68,1,minutes/2022/2022-10-03/2022-10-04_revised-council-formal-meeting.md,minutes
561,114,2,2,Enter into Closed Session for the purposes of strategy session of reasonably imminent litigation and attorney-client matters that are privileged pursuant to Utah Code § 78B-1-137,Procedural/Administrative,7-0 Pass,Pass,council_vote,,procedural,keyword,high,,,,17,5,1,minutes/2022/2022-10-03/2022-10-04_revised-council-work-session-meeting.md,minutes
562,113,2,3,"Adopt Joint Ceremonial Resolution 30 of 2022 Supporting a Phased, Lower Impact, Adaptive Approach to the Utah Department of Transportation's Little Cottonwood Canyon Environmental Impact Statement and opposing the gondola alternative",Ceremonial Resolution,7-0 Pass,Pass,council_vote,,procedural,keyword,high,,,,19,17,1,minutes/2022/2022-10-03/2022-10-04_revised-council-formal-meeting.md,minutes
563,114,2,3,"Enter into Closed Session for the purposes of strategy sessions to discuss the purchase, exchange, or lease of real property and advice of Counsel",Procedural/Administrative,7-0 Pass,Pass,council_vote,,procedural,keyword,high,,,,5,17,1,minutes/2022/2022-10-03/2022-10-04_revised-council-work-session-meeting.md,minutes
564,113,2,4,Close the public hearing and refer Items B-1 through B-4 to a future Consent Agenda for action,Public Hearing Action,7-0 Pass,Pass,council_vote,,procedural,keyword,high,,,,19,5,1,minutes/2022/2022-10-03/2022-10-04_revised-council-formal-meeting.md,minutes
565,114,2,4,Exit the Closed Session,Procedural/Administrative,7-0 Pass,Pass,council_vote,,procedural,keyword,high,,,,20,5,1,minutes/2022/2022-10-03/2022-10-04_revised-council-work-session-meeting.md,minutes
566,113,2,5,Close the public hearing and defer action on the Ballpark Station Area Plan to a future Council meeting,Public Hearing Action,7-0 Pass,Pass,council_vote,,continue,keyword,high,108,name,medium,5,68,1,minutes/2022/2022-10-03/2022-10-04_revised-council-formal-meeting.md,minutes
567,113,2,6,"Close the public hearing on the Other Side Village public benefits analysis and below market lease rate and term (item #6) and rezoning application (item #7), and defer action to a future Council meeting",Public Hearing Action,6-0 Pass,Pass,council_vote,,continue,keyword,high,,,,68,3,1,minutes/2022/2022-10-03/2022-10-04_revised-council-formal-meeting.md,minutes
568,113,2,7,Adopt Ordinance 62 of 2022 Green Street Alley Vacation,Ordinance,6-0 Pass,Pass,council_vote,,approve,keyword,high,109,singleton,high,5,19,1,minutes/2022/2022-10-03/2022-10-04_revised-council-formal-meeting.md,minutes
569,113,2,8,Adopt Ordinance 63 of 2022 Budget Amendment No. 3 for Fiscal Year 2022-23 for specified items,Budget Amendment,6-0 Pass,Pass,council_vote,,approve,keyword,high,,,,3,19,1,minutes/2022/2022-10-03/2022-10-04_revised-council-formal-meeting.md,minutes
570,113,2,9,"Adopt Resolution 31 of 2022 accepting a petition to annex property located at approximately 2200 West between 2800 North to 3300 North, and the Jordan River for future consideration",Resolution,6-0 Pass,Pass,council_vote,,approve,keyword,high,110,singleton,high,5,19,1,minutes/2022/2022-10-03/2022-10-04_revised-council-formal-meeting.md,minutes
571,113,2,10,"Adopt Ordinance 64 of 2022 approving the deferral of Emergency Loan Program loans to December 31, 2024, with legislative intents",Ordinance,6-0 Pass,Pass,council_vote,,approve,keyword,high,,,,19,5,1,minutes/2022/2022-10-03/2022-10-04_revised-council-formal-meeting.md,minutes
572,113,2,11,Adopt Ordinance 65 of 2022 regarding the Placement of Small Wireless Facilities in the Public Way,Ordinance,6-0 Pass,Pass,council_vote,,approve,keyword,high,,,,68,17,1,minutes/2022/2022-10-03/2022-10-04_revised-council-formal-meeting.md,minutes
573,113,2,12,"Approve the consent agenda, except for item G1 which was removed with the revised agenda",Procedural/Administrative,6-0 Pass,Pass,council_vote,,procedural,keyword,high,,,,17,5,1,minutes/2022/2022-10-03/2022-10-04_revised-council-formal-meeting.md,minutes
574,115,5,1,"Approve the RDA minutes from June 15, 2021.",Procedural/Administrative,5-0 Pass,Pass,rda_vote,,procedural,keyword,high,,,,25,23,1,minutes/2022/2022-10-10/2022-10-11_redevelopment-agency-rda-meeting.md,minutes
575,115,5,2,"Adopt the third amendment to Resolution 12 of 2022, to the Operating Agreement for the Utah Performing Arts Center and Resolution 13 of 2022, the Third Amendment to UPAC Operating Agreement.",Interlocal/Agreement,5-0 Pass,Pass,rda_vote,,approve,keyword,high,111,singleton,high,34,25,1,minutes/2022/2022-10-10/2022-10-11_redevelopment-agency-rda-meeting.md,minutes
576,115,5,3,"Adopt Resolution 14 of 2022, approving the term sheet for a loan to the Bicycle Collective for a commercial development project located at approximately 901 South Gale Street.",Grant/Funding,5-0 Pass,Pass,rda_vote,,approve,keyword,high,112,singleton,high,25,31,1,minutes/2022/2022-10-10/2022-10-11_redevelopment-agency-rda-meeting.md,minutes
577,115,5,4,"Adopt Resolution 15 of 2022, approving the term sheet for a loan to the Fisher Brewing Company, LLC for a Granary District Adaptive Reuse Project located at approximately 316 West 800 South.",Grant/Funding,5-0 Pass,Pass,rda_vote,,approve,keyword,high,113,singleton,high,25,31,1,minutes/2022/2022-10-10/2022-10-11_redevelopment-agency-rda-meeting.md,minutes
578,115,5,5,Approve the consent agenda.,Procedural/Administrative,5-0 Pass,Pass,rda_vote,,procedural,keyword,high,,,,25,31,1,minutes/2022/2022-10-10/2022-10-11_redevelopment-agency-rda-meeting.md,minutes
579,116,2,1,"Approve the Work Session meeting minutes of June 2, 2022 and August 9, 2022 as well as Formal meeting minutes of August 6, 2022 and Truth-in-Taxation meeting minutes of August 16, 2022 and August 29, 2022.",Procedural/Administrative,7-0 Pass,Pass,council_vote,,procedural,keyword,high,,,,5,19,1,minutes/2022/2022-10-17/2022-10-18_revised-council-formal-meeting.md,minutes
580,117,2,1,"Enter into Closed Session for the purposes of strategy sessions to discuss the purchase, exchange, or lease of real property, discussion regarding deployment of security personnel, devices, or systems; and attorney-client matters.",Procedural/Administrative,7-0 Pass,Pass,council_vote,,procedural,keyword,high,,,,17,5,1,minutes/2022/2022-10-17/2022-10-18_revised-council-work-session-meeting.md,minutes
581,116,2,2,"Adopt Resolution 27 of 2022, a joint ceremonial resolution declaring November as Native American Heritage Month in Salt Lake City.",Ceremonial Resolution,7-0 Pass,Pass,council_vote,,procedural,keyword,high,,,,17,3,1,minutes/2022/2022-10-17/2022-10-18_revised-council-formal-meeting.md,minutes
582,117,2,2,Exit the Closed Session.,Procedural/Administrative,7-0 Pass,Pass,council_vote,,procedural,keyword,high,,,,68,20,1,minutes/2022/2022-10-17/2022-10-18_revised-council-work-session-meeting.md,minutes
583,116,2,3,Close the Public Hearing and refer Item B-1 to a future Consent Agenda for action.,Public Hearing Action,7-0 Pass,Pass,council_vote,,procedural,keyword,high,,,,3,19,1,minutes/2022/2022-10-17/2022-10-18_revised-council-formal-meeting.md,minutes
584,116,2,4,"Close the Public Hearing/Meeting regarding the General Obligation Bond for Parks, Trails and Open Space.",Public Hearing Action,7-0 Pass,Pass,council_vote,,procedural,keyword,medium,,,,3,19,1,minutes/2022/2022-10-17/2022-10-18_revised-council-formal-meeting.md,minutes
585,116,2,5,Close the Public Hearing and defer action on the Salt Lake City International Airport Master Plan to a future meeting.,Public Hearing Action,7-0 Pass,Pass,council_vote,,continue,keyword,high,114,name,medium,19,5,1,minutes/2022/2022-10-17/2022-10-18_revised-council-formal-meeting.md,minutes
586,116,2,6,Close the Public Hearing and defer action on the Alley Vacation at approximately 925 South 1200 West to a future Council Meeting.,Public Hearing Action,7-0 Pass,Pass,council_vote,,continue,keyword,high,115,singleton,high,3,5,1,minutes/2022/2022-10-17/2022-10-18_revised-council-formal-meeting.md,minutes
587,116,2,7,"Adopt Ordinance 66 of 2022, amending various sections of Title 21A pertaining to shared housing.",Ordinance,7-0 Pass,Pass,council_vote,,approve,keyword,high,,,,19,17,1,minutes/2022/2022-10-17/2022-10-18_revised-council-formal-meeting.md,minutes
588,116,2,8,"Adopt Ordinance 67 of 2022, amending various sections of Title 21A pertaining to off-street parking, mobility, and loading zones.",Ordinance,7-0 Pass,Pass,council_vote,,approve,keyword,high,,,,20,17,1,minutes/2022/2022-10-17/2022-10-18_revised-council-formal-meeting.md,minutes
589,116,2,9,"Adopt Ordinance 68 of 2022, amending various sections of Title 21A pertaining to RMF-30 Low Density Multi-family Residential District, and wait to publish the ordinance for 180 calendar days.",Ordinance,6-1 Pass,Pass,council_vote,,approve,keyword,high,,,,3,68,1,minutes/2022/2022-10-17/2022-10-18_revised-council-formal-meeting.md,minutes
590,116,2,10,"Adopt Ordinance 69 of 2022, amending the zoning of a property at approximately 16 South 800 West from Transit Station Area District – Urban Neighborhood Station Transition (TSA-UN-T) to Transit Station Area District – Urban Neighborhood Station-Core (TSA-UN-C).",Ordinance,7-0 Pass,Pass,council_vote,,approve,keyword,high,,,,19,17,1,minutes/2022/2022-10-17/2022-10-18_revised-council-formal-meeting.md,minutes
591,116,2,11,"Adopt Ordinance 70 of 2022, for the Ballpark Station Area Plan as part of Salt Lake City's General Plan.",Ordinance,7-0 Pass,Pass,council_vote,,approve,keyword,high,108,name,medium,3,20,1,minutes/2022/2022-10-17/2022-10-18_revised-council-formal-meeting.md,minutes
592,116,2,12,"Approve Resolution 32 of 2022, the public benefit analysis and ground lease terms for The Other Side Village Pilot Project at 1850 West Indiana Avenue, subject to conditions regarding a Ground Lease and Development Agreement.",Resolution,7-0 Pass,Pass,council_vote,,approve,keyword,high,116,singleton,high,17,19,1,minutes/2022/2022-10-17/2022-10-18_revised-council-formal-meeting.md,minutes
593,116,2,13,"Adopt Ordinance 71 of 2022, amending the zoning map to portions of City-owned properties at 1850 West Indiana Avenue and 1965 West 500 South to rezone the parcels from PL (Public Lands) to FB-UN2 (Form Based Urban Neighborhood).",Ordinance,6-1 Pass,Pass,council_vote,,approve,keyword,high,117,singleton,high,19,5,1,minutes/2022/2022-10-17/2022-10-18_revised-council-formal-meeting.md,minutes
594,116,2,14,Appoint Lorena Riffo-Jenson as Department Director of Economic Development.,Appointment/Advice & Consent,7-0 Pass,Pass,council_vote,,,unclassified,low,,,,5,19,1,minutes/2022/2022-10-17/2022-10-18_revised-council-formal-meeting.md,minutes
595,116,2,15,"Adopt Resolution 33 of 2022, amending the operating agreement and Resolution 34 of 2022 interlocal cooperation agreement for the Utah Performing Arts Center.",Interlocal/Agreement,7-0 Pass,Pass,council_vote,,approve,keyword,high,,,,19,20,1,minutes/2022/2022-10-17/2022-10-18_revised-council-formal-meeting.md,minutes
596,116,2,16,"Adopt Resolution 35 of 2022, authorizing an interlocal agreement between Salt Lake City and the Utah Inland Port Authority.",Interlocal/Agreement,7-0 Pass,Pass,council_vote,,approve,keyword,high,,,,3,20,1,minutes/2022/2022-10-17/2022-10-18_revised-council-formal-meeting.md,minutes
597,116,2,17,"Adopt Resolution 36 of 2022, and release the holding account funds for Electrified Transportation with legislative intent regarding evaluation of fees for public EV charging.",Budget Amendment,7-0 Pass,Pass,council_vote,,approve,keyword,high,,,,19,3,1,minutes/2022/2022-10-17/2022-10-18_revised-council-formal-meeting.md,minutes
598,116,2,18,"Adopt Resolution 37 of 2022, and release holding account funds related to airport parking lot capital expenditures.",Budget Amendment,7-0 Pass,Pass,council_vote,,approve,keyword,high,,,,68,17,1,minutes/2022/2022-10-17/2022-10-18_revised-council-formal-meeting.md,minutes
599,116,2,19,Approve the Consent Agenda.,Procedural/Administrative,7-0 Pass,Pass,council_vote,,procedural,keyword,high,,,,17,19,1,minutes/2022/2022-10-17/2022-10-18_revised-council-formal-meeting.md,minutes
600,118,5,20,"Approve Resolution 16 of 2022, authorizing an interlocal agreement between the RDA and the Utah Inland Port Authority.",Interlocal/Agreement,7-0 Pass,Pass,rda_vote,,approve,keyword,high,118,singleton,high,5,19,1,minutes/2022/2022-10-17/2022-10-18_revised-council-formal-meeting.md,minutes
601,118,5,21,Adjourn as the RDA.,Procedural/Administrative,7-0 Pass,Pass,rda_vote,,procedural,keyword,high,,,,19,68,1,minutes/2022/2022-10-17/2022-10-18_revised-council-formal-meeting.md,minutes
602,119,5,1,Close the public hearing on RDA Budget Amendment No. 2 for Fiscal Year 2022-23,Public Hearing Action,6-0 Pass,Pass,rda_vote,,procedural,keyword,medium,,,,31,23,1,minutes/2022/2022-11-07/2022-11-10_redevelopment-agency-rda-meeting.md,minutes
603,120,2,1,"Approve minutes from the work session meetings of June 3, 2021; June 8, 2021; June 10, 2021; June 21, 2021; July 12, 2022; July 19, 2022; September 6, 2022; October 11, 2022 as well as formal meeting minutes of July 20, 2021; August 29, 2022; September 6, 2022; October 11, 2022.",Procedural/Administrative,6-0 Pass,Pass,council_vote,,procedural,keyword,high,,,,19,17,1,minutes/2022/2022-11-07/2022-11-10_revised-council-formal-meeting.md,minutes
604,121,2,1,"Enter into Closed Session for the purposes of strategy sessions to discuss the purchase, exchange, or lease of real property and attorney-client matters.",Procedural/Administrative,6-0 Pass,Pass,council_vote,,procedural,keyword,high,,,,5,3,1,minutes/2022/2022-11-07/2022-11-10_revised-council-work-session-meeting.md,minutes
605,119,5,2,"Approve the minutes from May 18, 2021; June 1, 2021; May 3, 2022; May 17, 2022; June 7, 2022; June 14, 2022; August 9, 2022 and September 13, 2022",Procedural/Administrative,6-0 Pass,Pass,rda_vote,,procedural,keyword,high,,,,25,23,1,minutes/2022/2022-11-07/2022-11-10_redevelopment-agency-rda-meeting.md,minutes
606,120,2,2,Adopt Joint Resolution 38 of 2022 declaring November 20th as Transgender Day of Remembrance in Salt Lake City.,Ceremonial Resolution,6-0 Pass,Pass,council_vote,,approve,keyword,high,,,,5,17,1,minutes/2022/2022-11-07/2022-11-10_revised-council-formal-meeting.md,minutes
607,121,2,2,Exit Closed Session.,Procedural/Administrative,4-0 Pass,Pass,council_vote,,procedural,keyword,high,,,,5,3,1,minutes/2022/2022-11-07/2022-11-10_revised-council-work-session-meeting.md,minutes
608,119,5,3,"Adopt Resolution 18 of 2022, amending the final budget of the RDA for Fiscal Year 2022-2023",Budget Amendment,6-0 Pass,Pass,rda_vote,,approve,keyword,high,,,,31,25,1,minutes/2022/2022-11-07/2022-11-10_redevelopment-agency-rda-meeting.md,minutes
609,120,2,3,Close the public hearing and defer action to a future Council meeting on the rezone at 856 West 1300 South.,Public Hearing Action,6-0 Pass,Pass,council_vote,,continue,keyword,high,119,singleton,high,5,3,1,minutes/2022/2022-11-07/2022-11-10_revised-council-formal-meeting.md,minutes
610,119,5,4,Adopt Resolution 17 of 2022 Spark! Project Gap Loan,Resolution,6-0 Pass,Pass,rda_vote,,approve,keyword,high,120,singleton,high,25,23,1,minutes/2022/2022-11-07/2022-11-10_redevelopment-agency-rda-meeting.md,minutes
611,120,2,4,Close the public hearing and defer action to a future Council meeting on the Digital Equipment Donation Program resolution.,Public Hearing Action,6-0 Pass,Pass,council_vote,,continue,keyword,high,,,,19,5,1,minutes/2022/2022-11-07/2022-11-10_revised-council-formal-meeting.md,minutes
612,119,5,5,Adopt the amendments to the Resolution (Spark! Project Gap Loan),Resolution,6-0 Pass,Pass,rda_vote,,approve,keyword,high,121,singleton,high,23,25,1,minutes/2022/2022-11-07/2022-11-10_redevelopment-agency-rda-meeting.md,minutes
613,120,2,5,Close the public hearing and defer action to a future Council meeting on the rezone and master plan amendment at 675 N F Street (Capitol Park Cottages).,Public Hearing Action,6-0 Pass,Pass,council_vote,,continue,keyword,high,122,singleton,high,5,69,1,minutes/2022/2022-11-07/2022-11-10_revised-council-formal-meeting.md,minutes
614,119,5,6,Adopt Resolution 19 of 2022 regarding electronic meetings,Resolution,6-0 Pass,Pass,rda_vote,,approve,keyword,high,123,singleton,high,25,23,1,minutes/2022/2022-11-07/2022-11-10_redevelopment-agency-rda-meeting.md,minutes
615,120,2,6,Adopt Ordinance 72 of 2022 Alley Vacation at approximately 925 South 1200 West.,Ordinance,6-0 Pass,Pass,council_vote,,approve,keyword,high,124,singleton,high,5,19,1,minutes/2022/2022-11-07/2022-11-10_revised-council-formal-meeting.md,minutes
616,119,5,7,"Enter into Closed Session for discussion of character/competence of an individual, collective bargaining strategy, pending litigation, purchase/exchange/lease of real property, sale of real property, deployment of security personnel, investigative proceedings regarding criminal misconduct, and attorney-client privileged matters",Procedural/Administrative,6-0 Pass,Pass,rda_vote,,procedural,keyword,high,,,,25,31,1,minutes/2022/2022-11-07/2022-11-10_redevelopment-agency-rda-meeting.md,minutes
617,120,2,7,Adopt Ordinance 73 of 2022 Stealth Towers Text Amendments.,Ordinance,5-1 Pass,Pass,council_vote,,approve,keyword,high,,,,69,19,1,minutes/2022/2022-11-07/2022-11-10_revised-council-formal-meeting.md,minutes
618,119,5,8,Exit Closed Session,Procedural/Administrative,7-0 Pass,Pass,rda_vote,,procedural,keyword,high,,,,25,23,1,minutes/2022/2022-11-07/2022-11-10_redevelopment-agency-rda-meeting.md,minutes
619,120,2,8,"Adopt Resolution 39 of 2022 Salt Lake City International Airport Master Plan, with amendments including priority points on carbon footprint reduction from single occupancy vehicle traffic and strategies for customers who experience accessibility barriers, and associated legislative intents.",Resolution,6-0 Pass,Pass,council_vote,,approve,keyword,high,114,name,medium,3,19,1,minutes/2022/2022-11-07/2022-11-10_revised-council-formal-meeting.md,minutes
620,120,2,9,Approve the Consent agenda.,Procedural/Administrative,6-0 Pass,Pass,council_vote,,procedural,keyword,high,,,,5,3,1,minutes/2022/2022-11-07/2022-11-10_revised-council-formal-meeting.md,minutes
621,122,2,1,"Adopt Resolution 40 of 2022, recognizing December 1st as World AIDS Day in Salt Lake City.",Ceremonial Resolution,6-0 Pass,Pass,council_vote,,approve,keyword,high,,,,5,19,1,minutes/2022/2022-11-21/2022-11-22_revised-council-formal-meeting.md,minutes
622,123,2,1,"Enter into Closed Session for the purposes of discussion regarding deployment of security personnel, devices, or systems; and attorney-client matters.",Procedural/Administrative,6-0 Pass,Pass,council_vote,,procedural,keyword,high,,,,5,20,1,minutes/2022/2022-11-21/2022-11-22_revised-council-work-session-meeting.md,minutes
623,122,2,2,Close the public hearing and refer items B-1 through B-4 to a future Consent Agenda for action.,Public Hearing Action,6-0 Pass,Pass,council_vote,,procedural,keyword,high,,,,19,68,1,minutes/2022/2022-11-21/2022-11-22_revised-council-formal-meeting.md,minutes
624,123,2,2,Exit the Closed Session.,Procedural/Administrative,6-0 Pass,Pass,council_vote,,procedural,keyword,high,,,,5,68,1,minutes/2022/2022-11-21/2022-11-22_revised-council-work-session-meeting.md,minutes
625,122,2,3,"Adopt Ordinance 75 of 2022, amending the zoning of the property at approximately 856 West 1300 South from R-1/5,000 to FB-UN1 with a requirement that the petitioner enter a development agreement with specified conditions.",Ordinance,6-0 Pass,Pass,council_vote,,approve,keyword,high,125,singleton,high,68,5,1,minutes/2022/2022-11-21/2022-11-22_revised-council-formal-meeting.md,minutes
626,122,2,4,"Adopt Resolution 41 of 2022, authorizing the donation of certain City computers to benefit disadvantaged communities and low to moderate income families through a digital donation program.",Resolution,6-0 Pass,Pass,council_vote,,approve,keyword,high,,,,19,5,1,minutes/2022/2022-11-21/2022-11-22_revised-council-formal-meeting.md,minutes
627,122,2,5,"Adopt Resolution 42 of 2022, accepting the special election results of the Salt Lake City Parks, Trails, and Open Space Bond.",Resolution,6-0 Pass,Pass,council_vote,,approve,keyword,high,,,,19,5,1,minutes/2022/2022-11-21/2022-11-22_revised-council-formal-meeting.md,minutes
628,122,2,6,"Adopt Ordinance 76 of 2022, approving temporary zoning regulations authorizing a temporary increase in overnight capacity at the Youth Homeless Resource Center at 888 South 400 West.",Ordinance,6-0 Pass,Pass,council_vote,,approve,keyword,high,,,,5,17,1,minutes/2022/2022-11-21/2022-11-22_revised-council-formal-meeting.md,minutes
629,122,2,7,Approve the Consent agenda.,Procedural/Administrative,6-0 Pass,Pass,council_vote,,procedural,keyword,high,,,,17,5,1,minutes/2022/2022-11-21/2022-11-22_revised-council-formal-meeting.md,minutes
630,124,2,1,"Approve the work session meeting minutes of November 10, 2022, as well as the formal meeting minutes of October 18, 2022.",Procedural/Administrative,5-0 Pass,Pass,council_vote,,procedural,keyword,high,,,,5,17,1,minutes/2022/2022-12-05/2022-12-06_council-formal-meeting.md,minutes
631,125,2,1,"Enter into Closed Session for the purposes of strategy sessions to discuss collective bargaining and the purchase, exchange, or lease of real property, and attorney-client matters.",Procedural/Administrative,5-0 Pass,Pass,council_vote,,procedural,keyword,high,,,,70,40,1,minutes/2022/2022-12-05/2022-12-06_council-work-session-meeting.md,minutes
632,124,2,2,"Close the public hearing and defer action to a future Council meeting on the Ordinance: Rezone, Master Plan Amendment and Alley Vacation at 1550 S Main Street Assemblage.",Public Hearing Action,5-0 Pass,Pass,council_vote,,continue,keyword,high,126,singleton,high,17,5,1,minutes/2022/2022-12-05/2022-12-06_council-formal-meeting.md,minutes
633,125,2,2,Exit Closed Session and adjourn.,Procedural/Administrative,6-0 Pass,Pass,council_vote,,procedural,keyword,high,,,,67,40,1,minutes/2022/2022-12-05/2022-12-06_council-work-session-meeting.md,minutes
634,124,2,3,Close the public hearing and defer action to a future Council meeting on Ordinance: Budget Amendment No. 4 for Fiscal Year 2022-23.,Public Hearing Action,6-0 Pass,Pass,council_vote,,continue,keyword,high,,,,5,6,1,minutes/2022/2022-12-05/2022-12-06_council-formal-meeting.md,minutes
635,124,2,4,Adopt Ordinance 77 of 2022 Establishing Limits for New Water Availability.,Ordinance,6-0 Pass,Pass,council_vote,,approve,keyword,high,,,,5,6,1,minutes/2022/2022-12-05/2022-12-06_council-formal-meeting.md,minutes
636,124,2,5,Adopt Resolution 44 of 2022 Amending an Interlocal Agreement Between Sandy and Salt Lake City Regarding Computer Aided Dispatch and Record Management System Services.,Interlocal/Agreement,6-0 Pass,Pass,council_vote,,approve,keyword,high,,,,5,6,1,minutes/2022/2022-12-05/2022-12-06_council-formal-meeting.md,minutes
637,124,2,6,Adopt Ordinance 78 of 2022 Economic Development Loan Fund – Club Verse at 609 South State Street.,Grant/Funding,6-0 Pass,Pass,council_vote,,approve,keyword,high,,,,3,17,1,minutes/2022/2022-12-05/2022-12-06_council-formal-meeting.md,minutes
638,124,2,7,Approve the Consent Agenda.,Appointment/Advice & Consent,6-0 Pass,Pass,council_vote,,procedural,keyword,high,,,,20,5,1,minutes/2022/2022-12-05/2022-12-06_council-formal-meeting.md,minutes
639,126,2,1,"Approve the work session meeting minutes of October 5, 2021, as well as the formal meeting minutes of May 11, 2021; August 17, 2021; October 12, 2021; and November 10, 2022.",Procedural/Administrative,5-0 Pass,Pass,council_vote,,procedural,keyword,high,,,,20,68,1,minutes/2022/2022-12-12/2022-12-13_council-formal-meeting.md,minutes
640,127,2,1,"Enter into Closed Session for the purposes of strategy sessions to discuss the purchase, exchange, or lease of real property, and for attorney-client matters.",Procedural/Administrative,7-0 Pass,Pass,council_vote,,procedural,keyword,high,,,,5,68,1,minutes/2022/2022-12-12/2022-12-13_council-work-session-meeting.md,minutes
641,128,5,1,"Approve meeting minutes of October 11, 2022 and October 18, 2022.",Procedural/Administrative,4-0 Pass,Pass,rda_vote,,procedural,keyword,high,127,singleton,high,23,25,1,minutes/2022/2022-12-12/2022-12-13_redevelopment-agency-rda-meeting.md,minutes
642,126,2,2,Close the public hearing and refer items B-1 through B-3 to a future Consent Agenda for action.,Public Hearing Action,6-0 Pass,Pass,council_vote,,procedural,keyword,high,,,,5,20,1,minutes/2022/2022-12-12/2022-12-13_council-formal-meeting.md,minutes
643,127,2,2,Exit the Closed Session.,Procedural/Administrative,6-0 Pass,Pass,council_vote,,procedural,keyword,high,,,,5,17,1,minutes/2022/2022-12-12/2022-12-13_council-work-session-meeting.md,minutes
644,128,5,2,"Approve the Fiscal Year 2021-22 RDA Audit, which shows the Agency's financial conditions as of June 30, 2022.",Other,7-0 Pass,Pass,rda_vote,,approve,keyword,high,,,,25,23,1,minutes/2022/2022-12-12/2022-12-13_redevelopment-agency-rda-meeting.md,minutes
645,126,2,3,"Close the public hearing and adopt Ordinance 74 of 2022, amending the Fiscal Year 2023 final budget of Salt Lake City Library for funds to facilitate property acquisition ($1.3 Million from Library Fund Balance).",Budget Amendment,6-0 Pass,Pass,council_vote,,approve,keyword,high,,,,20,5,1,minutes/2022/2022-12-12/2022-12-13_council-formal-meeting.md,minutes
646,128,5,3,"Enter into Closed Session for the purposes of strategy sessions to discuss the purchase, exchange, or lease of real property and attorney-client matters.",Procedural/Administrative,6-0 Pass,Pass,rda_vote,,procedural,keyword,high,,,,28,25,1,minutes/2022/2022-12-12/2022-12-13_redevelopment-agency-rda-meeting.md,minutes
647,126,2,4,"Adopt Ordinance 79 of 2022, a rezone, master plan amendment and alley vacation at 1550 South Main Street with a requirement that the petitioner enter a development agreement with specified conditions, and close petition PLNPCM2022-00065 amending the Central Community Master Plan.",Ordinance,6-0 Pass,Pass,council_vote,,approve,keyword,high,128,name,medium,20,17,1,minutes/2022/2022-12-12/2022-12-13_council-formal-meeting.md,minutes
648,128,5,4,Exit Closed Session.,Procedural/Administrative,6-0 Pass,Pass,rda_vote,,procedural,keyword,high,,,,25,23,1,minutes/2022/2022-12-12/2022-12-13_redevelopment-agency-rda-meeting.md,minutes
649,126,2,5,"Adopt Ordinance 80 of 2022, Budget Amendment 4 FY2022-23, amending the final budget of Salt Lake City for items as shown on the motion sheet.",Budget Amendment,6-0 Pass,Pass,council_vote,,approve,keyword,high,,,,17,68,1,minutes/2022/2022-12-12/2022-12-13_council-formal-meeting.md,minutes
650,126,2,6,"Approve two new contract development specialists in the budget amendment (A-8: $103,900 from General Fund and $5,000 from IMS Fund).",Budget Amendment,6-0 Pass,Pass,council_vote,,approve,keyword,high,,,,5,68,1,minutes/2022/2022-12-12/2022-12-13_council-formal-meeting.md,minutes
651,126,2,7,"Approve a new senior project manager in the budget amendment (A-12: One New Public Services Senior Project Manager, $133,000 from General Fund Balance).",Budget Amendment,6-0 Pass,Pass,council_vote,,approve,keyword,high,,,,5,20,1,minutes/2022/2022-12-12/2022-12-13_council-formal-meeting.md,minutes
652,126,2,8,"Approve two new Public Lands Planner FTEs in the budget amendment (A-12: $169,600 from General Fund Balance).",Budget Amendment,6-0 Pass,Pass,council_vote,,approve,keyword,high,,,,5,20,1,minutes/2022/2022-12-12/2022-12-13_council-formal-meeting.md,minutes
653,126,2,9,"Adopt Ordinance 81 of 2022, amending the zoning of the property at 675 North F Street from FR-3-12,000 to SR-1 and amend the Avenues Community Master Plan future land use map, subject to applicant entering into a development agreement with specified conditions.",Ordinance,4-2 Pass,Pass,council_vote,,approve,keyword,high,129,name,medium,20,3,1,minutes/2022/2022-12-12/2022-12-13_council-formal-meeting.md,minutes
654,126,2,10,"Amend the motion to include a restrictive covenant requiring all walls built on the property at 675 North F Street to comply with the retaining wall table in 21A.36.020B, with terrace separation requirements, enforceable by Salt Lake City Corporation.",Ordinance,2-4 Fail,Fail,council_vote,,,unclassified,low,,,,17,5,1,minutes/2022/2022-12-12/2022-12-13_council-formal-meeting.md,minutes
655,126,2,11,"Adopt Resolution 45 of 2022, naming the Salt Lake City Justice Court Building the 'John L. Baxter Justice Court'.",Ceremonial Resolution,7-0 Pass,Pass,council_vote,,approve,keyword,high,,,,5,17,1,minutes/2022/2022-12-12/2022-12-13_council-formal-meeting.md,minutes
656,126,2,12,"Adopt Resolution 43 of 2022, approving funding allocations for the Homeless Housing Grant Fund.",Grant/Funding,7-0 Pass,Pass,council_vote,,approve,keyword,high,,,,5,17,1,minutes/2022/2022-12-12/2022-12-13_council-formal-meeting.md,minutes
657,126,2,13,Approve the Consent Agenda.,Procedural/Administrative,7-0 Pass,Pass,council_vote,,procedural,keyword,high,,,,17,5,1,minutes/2022/2022-12-12/2022-12-13_council-formal-meeting.md,minutes
658,129,2,1,"Approve the work session meeting minutes of August 17, 2021; June 7, 2022; August 16, 2022; October 4, 2022, as well as the formal meeting minutes of November 22, 2022, and December 6, 2022.",Procedural/Administrative,5-0 Pass,Pass,council_vote,,procedural,keyword,high,,,,20,17,1,minutes/2023/2023-01-02/2023-01-03_council-formal-meeting.md,minutes
659,130,2,1,"Moved by Council Member Mano, seconded by Council Member Valdemoros to enter into Closed Session for the purposes of strategy sessions to discuss the purchase, exchange, or lease of real property, and attorney-client matters.",Procedural/Administrative,4-0 Pass,Pass,council_vote,,procedural,keyword,high,,,,20,6,1,minutes/2023/2023-01-02/2023-01-03_council-work-session-meeting.md,minutes
660,129,2,2,Nominate Darin Mano as Chair and Victoria Petro as Vice Chair for the Calendar Year 2023.,Procedural/Administrative,5-0 Pass,Pass,council_vote,,,unclassified,low,,,,17,6,1,minutes/2023/2023-01-02/2023-01-03_council-formal-meeting.md,minutes
661,130,2,2,"Moved by Council Member Mano, seconded by Council Member Valdemoros to exit Closed Session and adjourn.",Procedural/Administrative,5-0 Pass,Pass,council_vote,,procedural,keyword,high,,,,20,6,1,minutes/2023/2023-01-02/2023-01-03_council-work-session-meeting.md,minutes
662,129,2,3,Adopt Ordinance 01 of 2023 amending the City Code pertaining to meetings of the Salt Lake City Council.,Ordinance,5-0 Pass,Pass,council_vote,,approve,keyword,high,,,,17,20,1,minutes/2023/2023-01-02/2023-01-03_council-formal-meeting.md,minutes
663,129,2,4,Approve the Consent Agenda with the exception of items 6 and 7.,Procedural/Administrative,5-0 Pass,Pass,council_vote,,procedural,keyword,high,,,,17,20,1,minutes/2023/2023-01-02/2023-01-03_council-formal-meeting.md,minutes
664,131,2,1,"Enter into Closed Session A for the purposes of strategy sessions to discuss the purchase, exchange, or lease of real property and attorney-client matters.",Procedural/Administrative,6-0 Pass,Pass,council_vote,,procedural,keyword,high,,,,5,6,1,minutes/2023/2023-01-09/2023-01-10_council-work-session-meeting.md,minutes
665,132,5,1,"Approve the minutes of November 10, 2022",Procedural/Administrative,6-0 Pass,Pass,rda_vote,,procedural,keyword,high,,,,25,23,1,minutes/2023/2023-01-09/2023-01-10_redevelopment-agency-rda-meeting.md,minutes
666,131,2,2,Exit Closed Session A,Procedural/Administrative,5-0 Pass,Pass,council_vote,,procedural,keyword,high,,,,5,19,1,minutes/2023/2023-01-09/2023-01-10_council-work-session-meeting.md,minutes
667,132,5,2,Adopt Resolution 01 of 2023 amending the Bylaws to shorten the Chairperson's Term to One Year,Resolution,6-0 Pass,Pass,rda_vote,,approve,keyword,high,130,singleton,high,25,28,1,minutes/2023/2023-01-09/2023-01-10_redevelopment-agency-rda-meeting.md,minutes
668,131,2,3,"Enter into Closed Session B for the purposes of discussion regarding deployment of security personnel, devices, or systems.",Procedural/Administrative,5-0 Pass,Pass,council_vote,,procedural,keyword,high,,,,3,68,1,minutes/2023/2023-01-09/2023-01-10_council-work-session-meeting.md,minutes
669,132,5,3,Adopt Resolution 02 of 2023 approving the Interlocal Agreement for the State Street CRA between Salt Lake County and the Salt Lake City Redevelopment Agency,Interlocal/Agreement,6-0 Pass,Pass,rda_vote,,approve,keyword,high,131,singleton,high,25,29,1,minutes/2023/2023-01-09/2023-01-10_redevelopment-agency-rda-meeting.md,minutes
670,131,2,4,Exit Closed Session B,Procedural/Administrative,6-0 Pass,Pass,council_vote,,procedural,keyword,high,,,,5,19,1,minutes/2023/2023-01-09/2023-01-10_council-work-session-meeting.md,minutes
671,132,5,4,"Adopt Resolution 03 of 2023 approving the Housing Development Loan Funding Allocations for Affordable Housing, with the additional $2.36 million added",Resolution,5-1 Pass,Pass,rda_vote,,approve,keyword,high,132,singleton,high,25,23,1,minutes/2023/2023-01-09/2023-01-10_redevelopment-agency-rda-meeting.md,minutes
672,132,5,5,"Substitute motion to use the $2.36 million in project 10, with the claw-back provision that if the credits are not received they are moved to projects 4, 5, and part of project 9",Resolution,3-3 Fail,Fail,rda_vote,,,unclassified,low,133,singleton,high,28,29,1,minutes/2023/2023-01-09/2023-01-10_redevelopment-agency-rda-meeting.md,minutes
673,133,2,1,"Approve work session minutes of June 1, 2021; June 15, 2021; and July 13, 2021 as well as the formal meeting minutes of October 4, 2022 and December 13, 2022.",Procedural/Administrative,6-0 Pass,Pass,council_vote,,procedural,keyword,high,,,,5,17,1,minutes/2023/2023-01-16/2023-01-17_council-formal-meeting.md,minutes
674,134,2,1,Enter into Closed Session for the purposes of attorney-client matters,Procedural/Administrative,6-0 Pass,Pass,council_vote,,procedural,keyword,high,,,,5,19,1,minutes/2023/2023-01-16/2023-01-17_council-work-session-meeting.md,minutes
675,133,2,2,Adopt Resolution 01 of 2023 an extension of Declaration of Local Emergency: Winter Overflow Shelter Overnight Occupancy Caps.,Resolution,6-0 Pass,Pass,council_vote,,approve,keyword,high,,,,5,3,1,minutes/2023/2023-01-16/2023-01-17_council-formal-meeting.md,minutes
676,134,2,2,Exit the Closed Session,Procedural/Administrative,6-0 Pass,Pass,council_vote,,procedural,keyword,high,,,,5,19,1,minutes/2023/2023-01-16/2023-01-17_council-work-session-meeting.md,minutes
677,133,2,3,"Adopt Ordinance 02 of 2023 approving a $100,000 loan for Forty Three Bakery/Streusel, LLC, from Economic Development Loan Fund.",Ordinance,6-0 Pass,Pass,council_vote,,approve,keyword,high,,,,3,5,1,minutes/2023/2023-01-16/2023-01-17_council-formal-meeting.md,minutes
678,133,2,4,Approve the Consent agenda.,Procedural/Administrative,6-0 Pass,Pass,council_vote,,procedural,keyword,high,,,,5,17,1,minutes/2023/2023-01-16/2023-01-17_council-formal-meeting.md,minutes
679,135,2,1,"Approve work session meeting minutes of May 11, 2021; May 18, 2021; May 25, 2021; September 13, 2022; September 20, 2022; October 18, 2022; November 22, 2022; December 6, 2022; and the formal meeting minutes of September 20, 2022",Procedural/Administrative,7-0 Pass,Pass,council_vote,,procedural,keyword,high,,,,3,17,1,minutes/2023/2023-02-06/2023-02-07_council-formal-meeting.md,minutes
680,136,2,1,"Enter into Closed Session for the purposes of strategy sessions to discuss pending or reasonably imminent litigation, strategy sessions to discuss the purchase, exchange, or lease of real property, and attorney-client matters.",Procedural/Administrative,7-0 Pass,Pass,council_vote,,procedural,keyword,high,,,,5,17,1,minutes/2023/2023-02-06/2023-02-07_council-work-session-meeting.md,minutes
681,135,2,2,"Adopt Joint Ceremonial Resolution 2 of 2023, with Mayor Mendenhall recognizing February as Black History Month in Salt Lake City",Ceremonial Resolution,7-0 Pass,Pass,council_vote,,procedural,keyword,high,,,,5,6,1,minutes/2023/2023-02-06/2023-02-07_council-formal-meeting.md,minutes
682,136,2,2,Exit Closed Session and adjourn.,Procedural/Administrative,7-0 Pass,Pass,council_vote,,procedural,keyword,high,,,,5,3,1,minutes/2023/2023-02-06/2023-02-07_council-work-session-meeting.md,minutes
683,135,2,3,Close the public hearing and refer Items B-1 through B-7 to a future Consent Agenda for action,Public Hearing Action,7-0 Pass,Pass,council_vote,,procedural,keyword,high,,,,3,5,1,minutes/2023/2023-02-06/2023-02-07_council-formal-meeting.md,minutes
684,135,2,4,Continue the public hearing on the Land Exchange to Facilitate the Bridge to Backman Project to a future date,Public Hearing Action,7-0 Pass,Pass,council_vote,,continue,keyword,high,,,,5,3,1,minutes/2023/2023-02-06/2023-02-07_council-formal-meeting.md,minutes
685,135,2,5,Close the public hearing and defer action on the zoning map amendment at approximately 704 East 900 South to a future Council meeting,Public Hearing Action,7-0 Pass,Pass,council_vote,,continue,keyword,high,134,singleton,high,3,6,1,minutes/2023/2023-02-06/2023-02-07_council-formal-meeting.md,minutes
686,135,2,6,Close the public hearing and defer action on the Rocky Mountain Power Rezone to a future Council meeting,Public Hearing Action,7-0 Pass,Pass,council_vote,,continue,keyword,high,135,name,medium,5,3,1,minutes/2023/2023-02-06/2023-02-07_council-formal-meeting.md,minutes
687,135,2,7,Close the public hearing and defer action on the Accessory Dwelling Unit (ADU) Text Amendment to a future Council meeting,Public Hearing Action,7-0 Pass,Pass,council_vote,,continue,keyword,high,136,singleton,high,20,5,1,minutes/2023/2023-02-06/2023-02-07_council-formal-meeting.md,minutes
688,135,2,8,Approve the Consent Agenda,Procedural/Administrative,7-0 Pass,Pass,council_vote,,procedural,keyword,high,,,,5,20,1,minutes/2023/2023-02-06/2023-02-07_council-formal-meeting.md,minutes
689,137,5,1,"Approve the meeting minutes from December 13, 2022 and January 10, 2023.",Procedural/Administrative,6-0 Pass,Pass,rda_vote,,procedural,keyword,high,,,,28,23,1,minutes/2023/2023-02-13/2023-02-14_redevelopment-agency-rda-meeting.md,minutes
690,137,5,2,"Adopt Resolution 01 of 2023, approving the fourth amendment to the operating agreement for the Utah Performing Arts Center and Resolution 02 of 2023, approving the second amendment to the interlocal cooperation agreement (Utah Performing Arts Center).",Resolution,6-0 Pass,Pass,rda_vote,,approve,keyword,high,137,singleton,high,23,33,1,minutes/2023/2023-02-13/2023-02-14_redevelopment-agency-rda-meeting.md,minutes
691,137,5,3,"Approve the Consent agenda (setting the date of Tuesday, March 14, 2023 at 2 p.m. to accept public comment about a resolution amending the 20-year consolidated budget for the State Street Community Reinvestment Area).",Procedural/Administrative,7-0 Pass,Pass,rda_vote,,procedural,keyword,high,138,singleton,high,29,23,1,minutes/2023/2023-02-13/2023-02-14_redevelopment-agency-rda-meeting.md,minutes
692,137,5,4,"Enter into Closed Session for the purposes of strategy sessions to discuss the purchase, exchange, sale or lease of real property and attorney-client matters.",Procedural/Administrative,7-0 Pass,Pass,rda_vote,,procedural,keyword,high,,,,25,28,1,minutes/2023/2023-02-13/2023-02-14_redevelopment-agency-rda-meeting.md,minutes
693,137,5,5,Exit Closed Session.,Procedural/Administrative,6-0 Pass,Pass,rda_vote,,procedural,keyword,high,,,,33,23,1,minutes/2023/2023-02-13/2023-02-14_redevelopment-agency-rda-meeting.md,minutes
694,138,2,1,"Approve the work session and formal meeting minutes of January 3, 2023",Procedural/Administrative,6-0 Pass,Pass,council_vote,,procedural,keyword,high,,,,3,5,1,minutes/2023/2023-02-20/2023-02-21_council-formal-meeting.md,minutes
695,139,2,1,"Enter into Closed Session for the purposes of strategy sessions to discuss the purchase, exchange, or lease of real property and attorney-client matters.",Procedural/Administrative,7-0 Pass,Pass,council_vote,,procedural,keyword,high,,,,5,3,1,minutes/2023/2023-02-20/2023-02-21_council-work-session-meeting.md,minutes
696,138,2,2,"Approve the revised, Joint Resolution 02 of 2023, recognizing February as Black History Month",Ceremonial Resolution,6-0 Pass,Pass,council_vote,,approve,keyword,high,,,,17,5,1,minutes/2023/2023-02-20/2023-02-21_council-formal-meeting.md,minutes
697,139,2,2,Exit Closed Session and adjourn.,Procedural/Administrative,7-0 Pass,Pass,council_vote,,procedural,keyword,high,,,,5,17,1,minutes/2023/2023-02-20/2023-02-21_council-work-session-meeting.md,minutes
698,138,2,3,"Having voted on the prevailing side, propose a recall to the motion from February 14, 2023 due to a necessary revision",Procedural/Administrative,6-0 Pass,Pass,council_vote,,,unclassified,low,,,,17,3,1,minutes/2023/2023-02-20/2023-02-21_council-formal-meeting.md,minutes
699,138,2,4,Adopt Ordinance 03 of 2023 Urban Forest Action Plan,Ordinance,7-0 Pass,Pass,council_vote,,approve,keyword,high,,,,3,68,1,minutes/2023/2023-02-20/2023-02-21_council-formal-meeting.md,minutes
700,138,2,5,Close the public hearing and refer the $3.5 Million HOME-ARPA Grant Funding item to a future date for action,Public Hearing Action,7-0 Pass,Pass,council_vote,,approve,keyword,high,,,,3,6,1,minutes/2023/2023-02-20/2023-02-21_council-formal-meeting.md,minutes
701,138,2,6,Close the public hearing and support the land exchange to facilitate the Bridge to Backman Project,Public Hearing Action,7-0 Pass,Pass,council_vote,,procedural,keyword,medium,,,,3,68,1,minutes/2023/2023-02-20/2023-02-21_council-formal-meeting.md,minutes
702,138,2,7,Close the public hearing and adopt Ordinance 04 of 2023 Rezone at approximately 130 North 2100 West,Ordinance,7-0 Pass,Pass,council_vote,,approve,keyword,high,139,singleton,high,68,17,1,minutes/2023/2023-02-20/2023-02-21_council-formal-meeting.md,minutes
703,138,2,8,Close the public hearing and adopt Ordinance 05 of 2023 Local Link Study Update to 2023 Sugar House Circulation Plan,Ordinance,7-0 Pass,Pass,council_vote,,approve,keyword,high,,,,3,5,1,minutes/2023/2023-02-20/2023-02-21_council-formal-meeting.md,minutes
704,138,2,9,"Adopt Ordinance 06 of 2023 Zoning Map Amendment at approximately 704 East 900 South, with conditions through a development agreement (retain existing structure for 50 years, maintain at least four dwelling units, no short-term rentals under 30 days)",Ordinance,6-1 Pass,Pass,council_vote,,approve,keyword,high,140,singleton,high,17,3,1,minutes/2023/2023-02-20/2023-02-21_council-formal-meeting.md,minutes
705,138,2,10,Adopt Ordinance 07 of 2023 Rocky Mountain Power Rezone,Ordinance,7-0 Pass,Pass,council_vote,,approve,keyword,high,135,name,medium,3,6,1,minutes/2023/2023-02-20/2023-02-21_council-formal-meeting.md,minutes
706,138,2,11,"Approve and adopt items F1 Ordinance 08 of 2023 Public Accommodation Closed Captioning; F2 Resolution 03 of 2023 and Resolution 04 of 2023 Approving Amendments to UPACA Interlocal Agreements; F3 Ordinance 09 of 2023 Amending the Parks, Natural Lands, Trails, and Urban Forestry Advisory Board; and F4 Ordinance 10 of 2023 Amending the Salt Lake City Sister Cities Board",Ordinance,7-0 Pass,Pass,council_vote,,approve,keyword,high,,,,3,5,1,minutes/2023/2023-02-20/2023-02-21_council-formal-meeting.md,minutes
707,138,2,12,Approve the Consent agenda,Procedural/Administrative,7-0 Pass,Pass,council_vote,,procedural,keyword,high,,,,17,5,1,minutes/2023/2023-02-20/2023-02-21_council-formal-meeting.md,minutes
708,140,2,1,"Approve the Work Session minutes from January 10, 2023, and the Formal Minutes from January 17, 2023.",Procedural/Administrative,7-0 Pass,Pass,council_vote,,procedural,keyword,high,,,,3,19,1,minutes/2023/2023-03-06/2023-03-07_council-formal-meeting.md,minutes
709,141,2,1,Straw Poll: Support for Budget Amendment No.5 Item A-2 – $2.65M from General Fund Balance to the CIP Fund for City Hall Earthquake Repairs,Budget Amendment,6-0 Pass,Pass,council_vote,,,unclassified,low,,,,,,1,minutes/2023/2023-03-06/2023-03-07_council-work-session-meeting.md,minutes
710,140,2,2,"Continue the public hearing and adopt Ordinance 11 of 2023, amending the Fiscal Year 2023 final budget of Salt Lake City including the employment staffing document only for item E-1: Treasure Emergency Rental Assistance Program Additional Resources – $2 Million for Salt Lake City tenant assistance through the Utah Rent Relief Program.",Budget Amendment,7-0 Pass,Pass,council_vote,,continue,keyword,high,,,,19,20,1,minutes/2023/2023-03-06/2023-03-07_council-formal-meeting.md,minutes
711,141,2,2,Straw Poll: Support for Budget Amendment No.5 Item A-3 – $242K from the IMS Fund for fiber conduit to improve connections between City facilities,Budget Amendment,6-0 Pass,Pass,council_vote,,,unclassified,low,,,,,,1,minutes/2023/2023-03-06/2023-03-07_council-work-session-meeting.md,minutes
712,140,2,3,Close the public hearing and defer action on the Ordinance amending the Zoning Text pertaining to the use of Landscape Materials to a future meeting.,Public Hearing Action,7-0 Pass,Pass,council_vote,,continue,keyword,high,141,singleton,high,3,19,1,minutes/2023/2023-03-06/2023-03-07_council-formal-meeting.md,minutes
713,141,2,3,Straw Poll: Support for Budget Amendment No.5 Item A-5 – $2.5M from the IMS Fund for Public Safety radio replacements cost increases,Budget Amendment,6-0 Pass,Pass,council_vote,,,unclassified,low,,,,,,1,minutes/2023/2023-03-06/2023-03-07_council-work-session-meeting.md,minutes
714,140,2,4,Continue the public hearing on the Ordinance regarding Right of Way Permit Notification Fee to a future date.,Public Hearing Action,7-0 Pass,Pass,council_vote,,continue,keyword,high,,,,19,20,1,minutes/2023/2023-03-06/2023-03-07_council-formal-meeting.md,minutes
715,141,2,4,"Straw Poll: Support for Budget Amendment No.5 Item E-1 – $4M Grant for US Treasury emergency rental assistance program, including moving forward with public comment and potential adoption",Budget Amendment,7-0 Pass,Pass,council_vote,,procedural,keyword,high,,,,,,1,minutes/2023/2023-03-06/2023-03-07_council-work-session-meeting.md,minutes
716,140,2,5,Close the public hearing and defer action on the Ordinance adopting the Glendale Regional Park Plan to a future meeting.,Public Hearing Action,7-0 Pass,Pass,council_vote,,continue,keyword,high,,,,3,19,1,minutes/2023/2023-03-06/2023-03-07_council-formal-meeting.md,minutes
717,141,2,5,"Straw Poll: Support for Option D for ARPA Local Business Assistance Grant Awards – $755,718 for 31 applications (the CRC's original request)",Grant/Funding,2-5 Fail,Fail,council_vote,,approve,keyword,high,,,,,,1,minutes/2023/2023-03-06/2023-03-07_council-work-session-meeting.md,minutes
718,140,2,6,Close the public hearing and defer action on the Ordinance adopting the Northpoint Small Area Plan to a future meeting.,Public Hearing Action,7-0 Pass,Pass,council_vote,,continue,keyword,high,142,name,medium,3,6,1,minutes/2023/2023-03-06/2023-03-07_council-formal-meeting.md,minutes
719,141,2,6,"Straw Poll: Support for Option A without bonus points for ARPA Local Business Assistance Grant Awards – $1,017,397 for 42 applicants",Grant/Funding,5-2 Pass,Pass,council_vote,,approve,keyword,high,,,,,,1,minutes/2023/2023-03-06/2023-03-07_council-work-session-meeting.md,minutes
720,140,2,7,Adopt Resolution 05 of 2023 to approve participation in the municipal alternative voting methods pilot program for ranked choice voting in the 2023 municipal general election.,Resolution,7-0 Pass,Pass,council_vote,,approve,keyword,high,,,,3,19,1,minutes/2023/2023-03-06/2023-03-07_council-formal-meeting.md,minutes
721,140,2,8,"Adopt Ordinance 12 of 2023 approving American Rescue Plan Act local business assistance grant awards as shown in the Funding Log except for items 2, 5, 7, 17, 27, 35, 37, and 41.",Grant/Funding,7-0 Pass,Pass,council_vote,,approve,keyword,high,,,,19,3,1,minutes/2023/2023-03-06/2023-03-07_council-formal-meeting.md,minutes
722,140,2,9,"Adopt an ordinance approving American Rescue Plan Act local business assistance grant awards as shown in the Funding Log for items 2, 5, 7, 17, 35, 37, and 41.",Grant/Funding,6-0 Pass,Pass,council_vote,,approve,keyword,high,,,,3,19,1,minutes/2023/2023-03-06/2023-03-07_council-formal-meeting.md,minutes
723,140,2,10,Adopt an ordinance approving American Rescue Plan Act local business assistance grant awards as shown in the Funding Log for item 27.,Grant/Funding,6-0 Pass,Pass,council_vote,,approve,keyword,high,,,,19,6,1,minutes/2023/2023-03-06/2023-03-07_council-formal-meeting.md,minutes
724,140,2,11,Adopt Resolution 06 of 2023 authorizing the approval of an interlocal cooperation agreement between Salt Lake City Corporation and West Valley City regarding the transfer of ownership of a tactical vehicle (MITS) from Salt Lake City Corporation to West Valley City.,Interlocal/Agreement,7-0 Pass,Pass,council_vote,,approve,keyword,high,,,,19,17,1,minutes/2023/2023-03-06/2023-03-07_council-formal-meeting.md,minutes
725,140,2,12,Approve the Consent Agenda.,Procedural/Administrative,7-0 Pass,Pass,council_vote,,procedural,keyword,high,,,,3,19,1,minutes/2023/2023-03-06/2023-03-07_council-formal-meeting.md,minutes
726,142,2,1,"Enter into Closed Session for the purposes of discussion regarding deployment of security personnel, devices, or systems; and for attorney-client matters that are privileged pursuant to Utah Code § 78B-1-137, and for other lawful purposes that satisfy the pertinent requirements of the Utah Open and Public Meetings Act.",Procedural/Administrative,6-0 Pass,Pass,council_vote,,procedural,keyword,high,,,,17,5,1,minutes/2023/2023-03-13/2023-03-14_council-work-session-meeting.md,minutes
727,143,5,1,Close the public hearing on the State Street Community Reinvestment Area Budget Amendment,Public Hearing Action,6-0 Pass,Pass,rda_vote,,procedural,keyword,medium,143,singleton,high,28,23,1,minutes/2023/2023-03-13/2023-03-14_redevelopment-agency-rda-meeting.md,minutes
728,142,2,2,Exit Closed Session and adjourn.,Procedural/Administrative,5-0 Pass,Pass,council_vote,,procedural,keyword,high,,,,5,19,1,minutes/2023/2023-03-13/2023-03-14_council-work-session-meeting.md,minutes
729,143,5,2,Adopt Resolution 06 of 2023 – State Street Community Reinvestment Area Budget Amendment,Resolution,7-0 Pass,Pass,rda_vote,,approve,keyword,high,144,singleton,high,28,33,1,minutes/2023/2023-03-13/2023-03-14_redevelopment-agency-rda-meeting.md,minutes
730,143,5,3,Approve the Consent agenda (Board Re-appointment: Redevelopment Advisory Committee - Mojdeh Sakaki),Appointment/Advice & Consent,7-0 Pass,Pass,rda_vote,,procedural,keyword,high,,,,28,23,1,minutes/2023/2023-03-13/2023-03-14_redevelopment-agency-rda-meeting.md,minutes
731,144,2,1,"Adopt Joint Ceremonial Resolution 07 of 2023, recognizing March 31, 2023, as International Transgender Day of Visibility in Salt Lake City.",Ceremonial Resolution,7-0 Pass,Pass,council_vote,,procedural,keyword,high,,,,20,68,1,minutes/2023/2023-03-20/2023-03-21_council-formal-meeting.md,minutes
732,145,2,1,"Enter into Closed Session for the purposes of: discussion of the character, professional competence, or physical or mental health of an individual; strategy sessions to discuss collective bargaining; strategy sessions to discuss pending or reasonably imminent litigation; strategy sessions to discuss the purchase, exchange, or lease of real property; strategy sessions to discuss the sale of real property; discussion regarding deployment of security personnel, devices, or systems; investigative proceedings regarding allegations of criminal misconduct; and attorney-client matters privileged pursuant to Utah Code § 78B-1-137.",Procedural/Administrative,7-0 Pass,Pass,council_vote,,procedural,keyword,high,,,,5,19,1,minutes/2023/2023-03-20/2023-03-21_council-work-session-meeting.md,minutes
733,144,2,2,Close the public hearing and refer the item (Funding Allocations for One-year Action Plan for Community Development Block Grant & Other Federal Grants for FY 2023-24) to a future date for action.,Public Hearing Action,7-0 Pass,Pass,council_vote,,approve,keyword,high,,,,19,3,1,minutes/2023/2023-03-20/2023-03-21_council-formal-meeting.md,minutes
734,145,2,2,Exit Closed Session and adjourn.,Procedural/Administrative,6-0 Pass,Pass,council_vote,,procedural,keyword,high,,,,5,19,1,minutes/2023/2023-03-20/2023-03-21_council-work-session-meeting.md,minutes
735,144,2,3,Continue the public hearing to a future date for the ordinance rezoning and master plan amendment at 865 South 500 East.,Public Hearing Action,7-0 Pass,Pass,council_vote,,continue,keyword,high,145,singleton,high,3,20,1,minutes/2023/2023-03-20/2023-03-21_council-formal-meeting.md,minutes
736,144,2,4,Close the public hearing and refer the item (Ordinance: Electric Vehicle Readiness Off-Street Parking Stalls Amendment) to a future date for action.,Public Hearing Action,7-0 Pass,Pass,council_vote,,procedural,keyword,medium,,,,19,17,1,minutes/2023/2023-03-20/2023-03-21_council-formal-meeting.md,minutes
737,144,2,5,"Adopt Ordinance 13 of 2023, Budget Amendment No. 5 for FY 2022-2023 including the employment staffing document only for item I-4: 'Lockhart Alley' Reconstructing Three Sections ($208,373 from General Fund Balance to CIP Fund).",Budget Amendment,7-0 Pass,Pass,council_vote,,approve,keyword,high,,,,3,20,1,minutes/2023/2023-03-20/2023-03-21_council-formal-meeting.md,minutes
738,144,2,6,"Adopt Ordinance 13 of 2023, Budget Amendment No. 5 for FY 2022-2023 including the employment staffing document only for item A-10: Real Property Purchase ($825,000 from General Fund Balance to the CIP Fund).",Budget Amendment,6-0 Pass,Pass,council_vote,,approve,keyword,high,,,,19,68,1,minutes/2023/2023-03-20/2023-03-21_council-formal-meeting.md,minutes
739,144,2,7,"Close the public hearing and adopt Ordinance 13 of 2023, Budget Amendment No. 5 of FY 2022-2023 including items A-1 through A-9, A-11, D-1, D-3 through D-7, Council Consent Agenda No. 5 (G-1, G-2), Section G Council Consent Agenda No. 6 (G-1), I-1, I-2, and I-3.",Budget Amendment,7-0 Pass,Pass,council_vote,,procedural,keyword,high,,,,3,17,1,minutes/2023/2023-03-20/2023-03-21_council-formal-meeting.md,minutes
740,144,2,8,Close the public hearing and defer action on the Accessory Dwelling Unit (ADU) Text Amendment to a future Council meeting.,Public Hearing Action,7-0 Pass,Pass,council_vote,,continue,keyword,high,146,singleton,high,20,17,1,minutes/2023/2023-03-20/2023-03-21_council-formal-meeting.md,minutes
741,144,2,9,"Adopt Resolution 8 of 2023, amendment to the 2021-2022 HUD Annual Action Plan to include the HOME-ARPA funding and allocation plan.",Grant/Funding,7-0 Pass,Pass,council_vote,,approve,keyword,high,,,,3,68,1,minutes/2023/2023-03-20/2023-03-21_council-formal-meeting.md,minutes
742,144,2,10,"Adopt Ordinance 14 of 2023, Amending the Zoning Text Pertaining to the use of Landscape Materials.",Ordinance,7-0 Pass,Pass,council_vote,,approve,keyword,high,147,singleton,high,3,6,1,minutes/2023/2023-03-20/2023-03-21_council-formal-meeting.md,minutes
743,144,2,11,"Close the public hearing and adopt Ordinance 15 of 2023, Glendale Regional Park Plan as part of Salt Lake City's general plan.",Ordinance,7-0 Pass,Pass,council_vote,,approve,keyword,high,148,singleton,high,19,68,1,minutes/2023/2023-03-20/2023-03-21_council-formal-meeting.md,minutes
744,144,2,12,Deny the annexation petition without prejudice and initiate a legislative action requesting the City Administration start a City-led process to annex properties in unincorporated Salt Lake County generally located north of 2100 North and west of I-215.,Procedural/Administrative,7-0 Pass,Pass,council_vote,,deny,keyword,high,149,singleton,high,19,68,1,minutes/2023/2023-03-20/2023-03-21_council-formal-meeting.md,minutes
745,144,2,13,"Approve the Consent Agenda (Grant Holding Account Items Batch No. 7 for FY 2022-23, and board appointments for Jason Wessel, Teresa Gregori, Miranda Cask, and Dave John).",Appointment/Advice & Consent,7-0 Pass,Pass,council_vote,,procedural,keyword,high,,,,3,19,1,minutes/2023/2023-03-20/2023-03-21_council-formal-meeting.md,minutes
746,146,2,1,"Approve the January 17, 2023 work session minutes.",Procedural/Administrative,7-0 Pass,Pass,council_vote,,procedural,keyword,high,,,,5,19,1,minutes/2023/2023-04-03/2023-04-04_council-formal-meeting.md,minutes
747,146,2,2,Close the public hearing on the Homeless Resource Center Text Amendment and defer action to a future Council meeting.,Public Hearing Action,7-0 Pass,Pass,council_vote,,continue,keyword,high,150,singleton,high,3,5,1,minutes/2023/2023-04-03/2023-04-04_council-formal-meeting.md,minutes
748,146,2,3,Close the public hearing on the Rezone and Master Plan Amendment at 865 South 500 East and defer action to a future Council meeting.,Public Hearing Action,7-0 Pass,Pass,council_vote,,continue,keyword,high,151,singleton,high,19,3,1,minutes/2023/2023-04-03/2023-04-04_council-formal-meeting.md,minutes
749,146,2,4,Close the public hearing on the Marathon Petroleum Community Investment Grant application and defer action to a future Council meeting.,Public Hearing Action,7-0 Pass,Pass,council_vote,,continue,keyword,high,,,,5,19,1,minutes/2023/2023-04-03/2023-04-04_council-formal-meeting.md,minutes
750,146,2,5,"Adopt Ordinance 16 of 2023, requiring increased electric infrastructure at twenty percent of parking spaces in multi-family construction and major reconstruction projects.",Ordinance,7-0 Pass,Pass,council_vote,,approve,keyword,high,,,,19,6,1,minutes/2023/2023-04-03/2023-04-04_council-formal-meeting.md,minutes
751,146,2,6,"Adopt Ordinance 17 of 2023 amending ADU regulations, including removal of conditional use requirements for ADUs, maximum detached ADU size of 1,000 sq ft, owner occupancy requirement, setback and parking standards, and related legislative intents.",Ordinance,7-0 Pass,Pass,council_vote,,approve,keyword,high,152,singleton,high,6,3,1,minutes/2023/2023-04-03/2023-04-04_council-formal-meeting.md,minutes
752,146,2,7,"Adopt Ordinance 04 of 2023, Zoning Map Amendment at approximately 130 N 2100 W, with a condition requiring a development agreement for sound attenuation in new or substantially remodeled structures.",Ordinance,6-0 Pass,Pass,council_vote,,approve,keyword,high,153,singleton,high,19,17,1,minutes/2023/2023-04-03/2023-04-04_council-formal-meeting.md,minutes
753,146,2,8,"Approve the consent agenda, other than items 8, 9, and 10.",Procedural/Administrative,6-0 Pass,Pass,council_vote,,procedural,keyword,high,,,,17,19,1,minutes/2023/2023-04-03/2023-04-04_council-formal-meeting.md,minutes
754,147,2,1,"Moved by Council Member Fowler, seconded by Council Member Dugan to enter into Closed Session for the purposes of discussion regarding deployment of security personnel, devices, or systems and attorney-client matters.",Procedural/Administrative,6-0 Pass,Pass,council_vote,,procedural,keyword,high,,,,5,19,1,minutes/2023/2023-04-10/2023-04-11_council-work-session-meeting.md,minutes
755,148,5,1,"Approve the meeting minutes of February 14, 2023.",Procedural/Administrative,6-0 Pass,Pass,rda_vote,,procedural,keyword,high,,,,23,28,1,minutes/2023/2023-04-10/2023-04-11_redevelopment-agency-rda-meeting.md,minutes
756,147,2,2,"Moved by Council Member Fowler, seconded by Council Member Dugan to exit Closed Session and Adjourn.",Procedural/Administrative,6-0 Pass,Pass,council_vote,,procedural,keyword,high,,,,5,19,1,minutes/2023/2023-04-10/2023-04-11_council-work-session-meeting.md,minutes
757,148,5,2,Adopt Resolution 07 of 2023 Bicycle Collective Loan.,Resolution,6-0 Pass,Pass,rda_vote,,approve,keyword,high,154,singleton,high,28,33,1,minutes/2023/2023-04-10/2023-04-11_redevelopment-agency-rda-meeting.md,minutes
758,148,5,3,"Adopt Resolution 08 of 2023, Affordable Housing Funding Priorities for FY 2023-24.",Resolution,6-0 Pass,Pass,rda_vote,,approve,keyword,high,155,singleton,high,23,25,1,minutes/2023/2023-04-10/2023-04-11_redevelopment-agency-rda-meeting.md,minutes
759,148,5,4,Approve the Consent agenda.,Procedural/Administrative,7-0 Pass,Pass,rda_vote,,procedural,keyword,high,,,,28,23,1,minutes/2023/2023-04-10/2023-04-11_redevelopment-agency-rda-meeting.md,minutes
760,149,3,1,"Approve LBA Consent Agenda (set public hearing dates of May 16 and June 6, 2023 for the Capital Projects Fund budget of the Local Building Authority for FY 2023-24)",Budget Amendment,7-0 Pass,Pass,mba_vote,,procedural,keyword,high,,,,3,5,1,minutes/2023/2023-04-17/2023-04-18_lba-and-council-formal-meeting.md,minutes
761,150,2,2,Adjourn the Local Building Authority Meeting and convene as the City Council,Procedural/Administrative,7-0 Pass,Pass,council_vote,,procedural,keyword,high,,,,17,5,1,minutes/2023/2023-04-17/2023-04-18_lba-and-council-formal-meeting.md,minutes
762,150,2,3,"Approve Work Session minutes of February 7 and 14, 2023 and Formal minutes of February 7, 2023",Procedural/Administrative,7-0 Pass,Pass,council_vote,,procedural,keyword,high,,,,3,17,1,minutes/2023/2023-04-17/2023-04-18_lba-and-council-formal-meeting.md,minutes
763,150,2,4,Close the public hearing and refer items E1-E12 (grant applications) to a future consent agenda,Public Hearing Action,7-0 Pass,Pass,council_vote,,procedural,keyword,high,,,,3,5,1,minutes/2023/2023-04-17/2023-04-18_lba-and-council-formal-meeting.md,minutes
764,150,2,5,Continue the public hearing on the Downtown Building Height and Street Activation Text Amendment to a future Council meeting,Public Hearing Action,7-0 Pass,Pass,council_vote,,continue,keyword,high,156,singleton,high,19,3,1,minutes/2023/2023-04-17/2023-04-18_lba-and-council-formal-meeting.md,minutes
765,150,2,6,Close the public hearing and refer the rezone at 792 West 900 South and 875 South 800 West to a future Council meeting for action,Public Hearing Action,7-0 Pass,Pass,council_vote,,procedural,keyword,medium,157,singleton,high,3,5,1,minutes/2023/2023-04-17/2023-04-18_lba-and-council-formal-meeting.md,minutes
766,150,2,7,Close the public hearing and defer the Airport Title 16 Amendments to a future Council meeting for action,Public Hearing Action,7-0 Pass,Pass,council_vote,,procedural,keyword,medium,,,,5,3,1,minutes/2023/2023-04-17/2023-04-18_lba-and-council-formal-meeting.md,minutes
767,150,2,8,Defer the Homeless Resource Center Text Amendment to a future Council meeting for action,Ordinance,7-0 Pass,Pass,council_vote,,,unclassified,low,158,singleton,high,19,6,1,minutes/2023/2023-04-17/2023-04-18_lba-and-council-formal-meeting.md,minutes
768,150,2,9,"Approve Resolution 09 of 2023 adopting 2023-2024 Annual Action Plan funding allocations (CDBG, ESG, HOME, and HOPWA) with legislative intent to review Community Land Trust and Shared Equity Programs",Resolution,7-0 Pass,Pass,council_vote,,approve,keyword,high,,,,5,20,1,minutes/2023/2023-04-17/2023-04-18_lba-and-council-formal-meeting.md,minutes
769,150,2,10,Adopt an ordinance to rezone the property at approximately 865 South 500 East and complete a Master Plan Amendment,Ordinance,3-4 Fail,Fail,council_vote,,approve,keyword,high,159,singleton,high,3,20,1,minutes/2023/2023-04-17/2023-04-18_lba-and-council-formal-meeting.md,minutes
770,150,2,11,Adopt Resolution 10 of 2023 consenting to inclusion in Salt Lake County's proposed Convention and Tourism Assessment Area (CTAA),Resolution,7-0 Pass,Pass,council_vote,,approve,keyword,high,,,,19,17,1,minutes/2023/2023-04-17/2023-04-18_lba-and-council-formal-meeting.md,minutes
771,150,2,12,"Approve the Consent Agenda (including setting public hearing dates for the FY 2023-24 City Budget and Budget Amendment No. 6, setting a hearing date for the Early Notification Text Amendment, and reappointing M. Nicole Pessetto to the Sister Cities Board)",Procedural/Administrative,7-0 Pass,Pass,council_vote,,procedural,keyword,high,160,singleton,high,17,19,1,minutes/2023/2023-04-17/2023-04-18_lba-and-council-formal-meeting.md,minutes
772,151,2,1,"Moved by Council Member Puy, seconded by Council Member Wharton to enter into Closed Session for the purposes of strategy sessions to discuss collective bargaining; strategy sessions to discuss the purchase, exchange, or lease of real property, and attorney-client matters.",Procedural/Administrative,6-0 Pass,Pass,council_vote,,procedural,keyword,high,,,,3,17,1,minutes/2023/2023-05-01/2023-05-02_council-work-session-meeting.md,minutes
773,152,2,1,"Approve the Retreat Meeting Minutes of January 31, 2023",Procedural/Administrative,6-0 Pass,Pass,council_vote,,procedural,keyword,high,,,,20,19,1,minutes/2023/2023-05-01/2023-05-02_lba-rda-and-council-formal-meeting.md,minutes
774,151,2,2,"Moved by Council Member Wharton, seconded by Council Member Dugan to exit the Closed Session.",Procedural/Administrative,6-0 Pass,Pass,council_vote,,procedural,keyword,high,,,,17,19,1,minutes/2023/2023-05-01/2023-05-02_council-work-session-meeting.md,minutes
775,152,2,2,Close the public hearing on the Downtown Building Height and Street Activation Text Amendment and defer action to a future Council Meeting,Public Hearing Action,6-0 Pass,Pass,council_vote,,continue,keyword,high,161,singleton,high,20,5,1,minutes/2023/2023-05-01/2023-05-02_lba-rda-and-council-formal-meeting.md,minutes
776,152,2,3,Close the public hearing on Budget Amendment No. 6 for Fiscal Year 2022-23 and defer the item to a future Council Meeting for action,Public Hearing Action,6-0 Pass,Pass,council_vote,,continue,keyword,high,,,,19,17,1,minutes/2023/2023-05-01/2023-05-02_lba-rda-and-council-formal-meeting.md,minutes
777,152,2,4,Close the public hearing on the Congestion Mitigation and Air Quality Program grant application and defer the item to the Consent Agenda for action,Public Hearing Action,6-0 Pass,Pass,council_vote,,continue,keyword,high,,,,5,19,1,minutes/2023/2023-05-01/2023-05-02_lba-rda-and-council-formal-meeting.md,minutes
778,152,2,5,"Adopt Ordinance 19 of 2023 – Text Amendment for Homeless Resource Centers (HRCs) and Shelters, with additional legislative intents and a legislative action initiation",Ordinance,7-0 Pass,Pass,council_vote,,approve,keyword,high,162,singleton,high,17,5,1,minutes/2023/2023-05-01/2023-05-02_lba-rda-and-council-formal-meeting.md,minutes
779,152,2,6,"Adopt Ordinance 20 of 2023 – Zoning Map Amendment for 792 West 900 South and 875 South 800 West, with a restrictive covenant limiting building height to 35 feet",Ordinance,7-0 Pass,Pass,council_vote,,approve,keyword,high,163,singleton,high,20,19,1,minutes/2023/2023-05-01/2023-05-02_lba-rda-and-council-formal-meeting.md,minutes
780,152,2,7,Adopt Resolution 11 of 2023 – Election services interlocal cooperation agreement between Salt Lake City and Salt Lake County for the 2023 municipal general election,Interlocal/Agreement,7-0 Pass,Pass,council_vote,,approve,keyword,high,,,,5,19,1,minutes/2023/2023-05-01/2023-05-02_lba-rda-and-council-formal-meeting.md,minutes
781,152,2,8,Adopt Resolution 12 of 2023 – Naming the Salt Lake International Airport Greeting Room the Senator Garn Greeting Room,Ceremonial Resolution,7-0 Pass,Pass,council_vote,,approve,keyword,high,,,,19,6,1,minutes/2023/2023-05-01/2023-05-02_lba-rda-and-council-formal-meeting.md,minutes
782,152,2,9,"Approve Resolution 13 of 2023 – Extension of the local emergency declaration relating to flooding through June 15, 2023",Resolution,7-0 Pass,Pass,council_vote,,approve,keyword,high,,,,5,19,1,minutes/2023/2023-05-01/2023-05-02_lba-rda-and-council-formal-meeting.md,minutes
783,152,2,10,"Adopt Resolution 14 of 2023 – Tentative budget for Salt Lake City, Utah, including the tentative budget of the Library Fund, for Fiscal Year 2023-24",Budget Amendment,7-0 Pass,Pass,council_vote,,approve,keyword,high,,,,19,17,1,minutes/2023/2023-05-01/2023-05-02_lba-rda-and-council-formal-meeting.md,minutes
784,152,2,11,Approve the Consent Agenda,Procedural/Administrative,7-0 Pass,Pass,council_vote,,procedural,keyword,high,,,,17,19,1,minutes/2023/2023-05-01/2023-05-02_lba-rda-and-council-formal-meeting.md,minutes
785,153,3,12,"Approve the LBA meeting minutes of May 18, 2021; June 1, 2021; June 15, 2021; August 17, 2021; May 3, 2022; May 17, 2022; June 7, 2022; and June 14, 2022",Procedural/Administrative,7-0 Pass,Pass,mba_vote,,procedural,keyword,high,164,singleton,high,17,19,1,minutes/2023/2023-05-01/2023-05-02_lba-rda-and-council-formal-meeting.md,minutes
786,153,3,13,Adopt Resolution 1 of 2023 – Tentative budget for the Capital Projects Fund of the Local Building Authority of Salt Lake City for Fiscal Year 2023-24,Budget Amendment,7-0 Pass,Pass,mba_vote,,approve,keyword,high,,,,20,19,1,minutes/2023/2023-05-01/2023-05-02_lba-rda-and-council-formal-meeting.md,minutes
787,154,5,14,Adjourn the Local Building Authority meeting and reconvene as the Redevelopment Agency Board of Directors,Procedural/Administrative,7-0 Pass,Pass,rda_vote,,procedural,keyword,high,,,,17,20,1,minutes/2023/2023-05-01/2023-05-02_lba-rda-and-council-formal-meeting.md,minutes
788,154,5,15,Approve Resolution 09 of 2023 – Tentative budget for the Redevelopment Agency of Salt Lake City for Fiscal Year 2023-24,Budget Amendment,7-0 Pass,Pass,rda_vote,,approve,keyword,high,,,,17,20,1,minutes/2023/2023-05-01/2023-05-02_lba-rda-and-council-formal-meeting.md,minutes
789,155,2,1,"Enter into Closed Session(A) for the purposes of the discussion of the character, professional competence, or physical or mental health of an individual and attorney-client matters.",Procedural/Administrative,6-0 Pass,Pass,council_vote,,procedural,keyword,high,,,,68,19,1,minutes/2023/2023-05-08/2023-05-09_council-work-session-meeting.md,minutes
790,156,5,1,Close the public hearing on RDA Budget Amendment No. 3 for Fiscal Year 2022-23,Public Hearing Action,5-0 Pass,Pass,rda_vote,,procedural,keyword,medium,,,,28,23,1,minutes/2023/2023-05-08/2023-05-09_redevelopment-agency-rda-meeting.md,minutes
791,155,2,2,Exit Closed Session(A).,Procedural/Administrative,7-0 Pass,Pass,council_vote,,procedural,keyword,high,,,,19,17,1,minutes/2023/2023-05-08/2023-05-09_council-work-session-meeting.md,minutes
792,156,5,2,"Approve meeting minutes of March 14, 2023",Procedural/Administrative,5-0 Pass,Pass,rda_vote,,procedural,keyword,high,,,,23,29,1,minutes/2023/2023-05-08/2023-05-09_redevelopment-agency-rda-meeting.md,minutes
793,155,2,3,"Enter into Closed Session(B) for the purposes of the discussion of the character, professional competence, or physical or mental health of an individual and attorney-client matters.",Procedural/Administrative,5-0 Pass,Pass,council_vote,,procedural,keyword,high,,,,6,68,1,minutes/2023/2023-05-08/2023-05-09_council-work-session-meeting.md,minutes
794,156,5,3,"Adopt Resolution 10 of 2023, RDA Budget Amendment No. 3 for Fiscal Year 2022-23",Budget Amendment,6-0 Pass,Pass,rda_vote,,approve,keyword,high,,,,28,29,1,minutes/2023/2023-05-08/2023-05-09_redevelopment-agency-rda-meeting.md,minutes
795,155,2,4,Exit Closed Session(B).,Procedural/Administrative,7-0 Pass,Pass,council_vote,,procedural,keyword,high,,,,17,19,1,minutes/2023/2023-05-08/2023-05-09_council-work-session-meeting.md,minutes
796,156,5,4,"Enter into Closed Session for the purposes of purchase, exchange or lease of real property and attorney-client matters",Procedural/Administrative,5-0 Pass,Pass,rda_vote,,procedural,keyword,high,,,,28,23,1,minutes/2023/2023-05-08/2023-05-09_redevelopment-agency-rda-meeting.md,minutes
797,156,5,5,Exit Closed Session,Procedural/Administrative,6-0 Pass,Pass,rda_vote,,procedural,keyword,high,,,,23,33,1,minutes/2023/2023-05-08/2023-05-09_redevelopment-agency-rda-meeting.md,minutes
798,157,3,1,"Close the public hearing and refer item to the public hearing on June 6, 2023 (LBA Resolution: Budget for the Capital Projects Fund for Fiscal Year 2023-24)",Public Hearing Action,6-0 Pass,Pass,mba_vote,,procedural,keyword,medium,,,,19,20,1,minutes/2023/2023-05-15/2023-05-16_lba-rda-and-council-formal-meeting.md,minutes
799,158,5,1,Close nominations and open voting (by ballot) for Vice Chair of the RDA,Procedural/Administrative,5-0 Pass,Pass,rda_vote,,,unclassified,low,165,singleton,high,17,6,1,minutes/2023/2023-05-15/2023-05-16_redevelopment-agency-rda-meeting.md,minutes
800,159,5,2,Adjourn as the LBA and convene as the RDA,Procedural/Administrative,6-0 Pass,Pass,rda_vote,,procedural,keyword,high,,,,17,20,1,minutes/2023/2023-05-15/2023-05-16_lba-rda-and-council-formal-meeting.md,minutes
801,158,5,2,Approve Resolution 11 of 2023 to amend the FY 2022-2023 budget of all remaining items,Budget Amendment,5-0 Pass,Pass,rda_vote,,approve,keyword,high,166,singleton,high,20,19,1,minutes/2023/2023-05-15/2023-05-16_redevelopment-agency-rda-meeting.md,minutes
802,159,5,3,"Close the public hearing and refer item to the public hearing on June 6, 2023 (RDA Resolution: Budget for the Redevelopment Agency for Fiscal Year 2023-24)",Public Hearing Action,6-0 Pass,Pass,rda_vote,,procedural,keyword,medium,,,,19,68,1,minutes/2023/2023-05-15/2023-05-16_lba-rda-and-council-formal-meeting.md,minutes
803,160,2,4,Adjourn as the RDA and convene as the City Council,Procedural/Administrative,6-0 Pass,Pass,council_vote,,procedural,keyword,high,,,,17,19,1,minutes/2023/2023-05-15/2023-05-16_lba-rda-and-council-formal-meeting.md,minutes
804,160,2,5,"Approve formal meeting minutes of February 21, 2023",Procedural/Administrative,6-0 Pass,Pass,council_vote,,procedural,keyword,high,,,,17,20,1,minutes/2023/2023-05-15/2023-05-16_lba-rda-and-council-formal-meeting.md,minutes
805,160,2,6,"Adopt Joint Ceremonial Resolution 15 of 2023, celebrating June 2023 as Pride Month",Ceremonial Resolution,6-0 Pass,Pass,council_vote,,procedural,keyword,high,,,,17,6,1,minutes/2023/2023-05-15/2023-05-16_lba-rda-and-council-formal-meeting.md,minutes
806,160,2,7,Close the public hearing and defer action on items G1-G10 to a future Council meeting,Public Hearing Action,6-0 Pass,Pass,council_vote,,continue,keyword,high,,,,19,17,1,minutes/2023/2023-05-15/2023-05-16_lba-rda-and-council-formal-meeting.md,minutes
807,160,2,8,"Close the public hearing and refer items G11-G22 to the public hearing on June 6, 2023",Public Hearing Action,6-0 Pass,Pass,council_vote,,procedural,keyword,medium,,,,19,17,1,minutes/2023/2023-05-15/2023-05-16_lba-rda-and-council-formal-meeting.md,minutes
808,160,2,9,Adopt Ordinance 21 of 2023 amending the FY2023 final budget of Salt Lake City including the employment staffing documents for specified items only (Budget Amendment No. 6),Budget Amendment,6-0 Pass,Pass,council_vote,,approve,keyword,high,,,,20,19,1,minutes/2023/2023-05-15/2023-05-16_lba-rda-and-council-formal-meeting.md,minutes
809,160,2,10,"Adopt Resolution 16 of 2023 for the airport revenue bond and recognize the date set for a public hearing scheduled June 6, 2023",Resolution,6-0 Pass,Pass,council_vote,,approve,keyword,high,,,,68,19,1,minutes/2023/2023-05-15/2023-05-16_lba-rda-and-council-formal-meeting.md,minutes
810,160,2,11,"Adopt Ordinance 22 of 2023 approving a $350,000 loan for Trackland, LLC from the Economic Development Loan Fund",Other,6-0 Pass,Pass,council_vote,,approve,keyword,high,,,,19,68,1,minutes/2023/2023-05-15/2023-05-16_lba-rda-and-council-formal-meeting.md,minutes
811,160,2,12,Approve the Consent agenda,Procedural/Administrative,6-0 Pass,Pass,council_vote,,procedural,keyword,high,,,,17,19,1,minutes/2023/2023-05-15/2023-05-16_lba-rda-and-council-formal-meeting.md,minutes
812,161,3,1,Close the public hearing and refer the LBA Capital Projects Fund Budget resolution to a future meeting for action.,Public Hearing Action,5-0 Pass,Pass,mba_vote,,procedural,keyword,medium,,,,19,3,1,minutes/2023/2023-06-05/2023-06-06_lba-rda-an-council-formal-meeting.md,minutes
813,162,2,2,Adjourn the Local Building Authority meeting and reconvene as the Redevelopment Agency.,Procedural/Administrative,5-0 Pass,Pass,council_vote,,procedural,keyword,high,,,,68,19,1,minutes/2023/2023-06-05/2023-06-06_lba-rda-an-council-formal-meeting.md,minutes
814,163,5,3,Close the public hearing and refer the RDA Budget resolution to a future meeting for action.,Public Hearing Action,5-0 Pass,Pass,rda_vote,,procedural,keyword,medium,167,singleton,high,3,19,1,minutes/2023/2023-06-05/2023-06-06_lba-rda-an-council-formal-meeting.md,minutes
815,163,5,4,Adjourn the Redevelopment Agency meeting.,Procedural/Administrative,5-0 Pass,Pass,rda_vote,,procedural,keyword,high,,,,19,3,1,minutes/2023/2023-06-05/2023-06-06_lba-rda-an-council-formal-meeting.md,minutes
816,162,2,5,"Approve the Formal Minutes for April 4, 2023.",Procedural/Administrative,5-0 Pass,Pass,council_vote,,procedural,keyword,high,,,,19,68,1,minutes/2023/2023-06-05/2023-06-06_lba-rda-an-council-formal-meeting.md,minutes
817,162,2,6,Close the public hearing and defer action on the Cannon Greens Community Garden lease resolution to a future meeting.,Public Hearing Action,5-0 Pass,Pass,council_vote,,continue,keyword,high,,,,19,3,1,minutes/2023/2023-06-05/2023-06-06_lba-rda-an-council-formal-meeting.md,minutes
818,162,2,7,Close the public hearing and defer action on the Housing SLC five-year housing plan ordinance to a later date.,Public Hearing Action,5-0 Pass,Pass,council_vote,,continue,keyword,high,,,,3,19,1,minutes/2023/2023-06-05/2023-06-06_lba-rda-an-council-formal-meeting.md,minutes
819,162,2,8,Close the public hearing and defer action on the Salt Lake School District Signs ordinance to a future meeting.,Public Hearing Action,5-0 Pass,Pass,council_vote,,continue,keyword,high,,,,19,3,1,minutes/2023/2023-06-05/2023-06-06_lba-rda-an-council-formal-meeting.md,minutes
820,162,2,9,"Continue the public hearing on the Airport Revenue Bonds resolution to June 13, 2023 due to a noticing error.",Public Hearing Action,5-0 Pass,Pass,council_vote,,continue,keyword,high,,,,3,19,1,minutes/2023/2023-06-05/2023-06-06_lba-rda-an-council-formal-meeting.md,minutes
821,162,2,10,Close the public hearing and refer items G-5 through G-12 to a future Consent Agenda for action.,Public Hearing Action,5-0 Pass,Pass,council_vote,,procedural,keyword,high,,,,3,19,1,minutes/2023/2023-06-05/2023-06-06_lba-rda-an-council-formal-meeting.md,minutes
822,162,2,11,Close the public hearing and defer action on ordinances G-13 through G-24 (FY 2023-24 budget-related ordinances) to a future meeting.,Public Hearing Action,5-0 Pass,Pass,council_vote,,continue,keyword,high,,,,3,19,1,minutes/2023/2023-06-05/2023-06-06_lba-rda-an-council-formal-meeting.md,minutes
823,162,2,12,Adopt Ordinance 23 of 2023 approving various changes to the Salt Lake City Code relating to early notification of the public and recognized community organizations for land use projects.,Ordinance,5-0 Pass,Pass,council_vote,,approve,keyword,high,,,,19,3,1,minutes/2023/2023-06-05/2023-06-06_lba-rda-an-council-formal-meeting.md,minutes
824,162,2,13,Adopt Ordinance 24 of 2023 amending zoning text of various sections of Title 21A pertaining to building heights in the Downtown Plan area; and adopt a legislative action initiating a petition to study bird-friendly glass and provide recommendations on best practices for its use.,Ordinance,5-0 Pass,Pass,council_vote,,approve,keyword,high,168,singleton,high,3,6,1,minutes/2023/2023-06-05/2023-06-06_lba-rda-an-council-formal-meeting.md,minutes
825,162,2,14,"Adopt Ordinance 25 of 2023 amending the final budget of Salt Lake City including the employment staffing document for FY 2022-23 for items A-1, A-4 through A-8, A-10, A-12 through A-14, D-2 through D-10, E-1, E-2, and G-1 as shown on the motion sheet.",Budget Amendment,5-0 Pass,Pass,council_vote,,approve,keyword,high,,,,19,3,1,minutes/2023/2023-06-05/2023-06-06_lba-rda-an-council-formal-meeting.md,minutes
826,162,2,15,"Adopt Ordinance 25 of 2023 amending the FY 2023 final budget including the employment staffing document for item A-15 (ARPA Funding to Perpetual Housing Fund External Developer, $10 million from ARPA), as a contingent appropriation subject to Council approval of a term sheet.",Budget Amendment,5-0 Pass,Pass,council_vote,,approve,keyword,high,,,,19,3,1,minutes/2023/2023-06-05/2023-06-06_lba-rda-an-council-formal-meeting.md,minutes
827,162,2,16,Approve items L1 through L8 from the consent agenda.,Procedural/Administrative,5-0 Pass,Pass,council_vote,,procedural,keyword,high,,,,3,19,1,minutes/2023/2023-06-05/2023-06-06_lba-rda-an-council-formal-meeting.md,minutes
828,162,2,17,"Approve item L9 from the consent agenda (setting public hearing date for rezone at approximately 1350, 1358, and 1370 South West Temple).",Procedural/Administrative,4-0 Pass,Pass,council_vote,,procedural,keyword,high,169,singleton,high,3,19,1,minutes/2023/2023-06-05/2023-06-06_lba-rda-an-council-formal-meeting.md,minutes
829,164,3,1,Adopt Resolution 2 of 2023 the final budget for the Capital Projects Fund of the Local Building Authority of Salt Lake City for Fiscal Year 2023-24,Budget Amendment,7-0 Pass,Pass,mba_vote,,approve,keyword,high,,,,19,3,1,minutes/2023/2023-06-12/2023-06-13_lba-rda-and-council-formal-meeting.md,minutes
830,165,5,1,"Approve meeting minutes of April 11, 2023",Procedural/Administrative,5-0 Pass,Pass,rda_vote,,procedural,keyword,high,,,,19,6,1,minutes/2023/2023-06-12/2023-06-13_redevelopment-agency-rda-meeting.md,minutes
831,164,3,2,Adjourn the Local Building Authority meeting,Procedural/Administrative,7-0 Pass,Pass,mba_vote,,procedural,keyword,high,,,,19,6,1,minutes/2023/2023-06-12/2023-06-13_lba-rda-and-council-formal-meeting.md,minutes
832,166,5,3,Adopt Resolution 12 of 2023 approving the Fiscal Year 2024 RDA Budget reflected in the attached Key Changes spreadsheet,Budget Amendment,7-0 Pass,Pass,rda_vote,,approve,keyword,high,,,,3,19,1,minutes/2023/2023-06-12/2023-06-13_lba-rda-and-council-formal-meeting.md,minutes
833,166,5,4,Adjourn the Redevelopment Agency meeting,Procedural/Administrative,7-0 Pass,Pass,rda_vote,,procedural,keyword,high,,,,20,3,1,minutes/2023/2023-06-12/2023-06-13_lba-rda-and-council-formal-meeting.md,minutes
834,167,2,5,"Approve the work session meeting minutes of January 3, 2023; February 21, 2023; March 7, 2023; March 14, 2023; March 21, 2023; April 11, 2023, and April 18, 2023, as well as the formal meeting minutes of March 7, 2023; March 14, 2023; March 21, 2023, and April 11, 2023",Procedural/Administrative,7-0 Pass,Pass,council_vote,,procedural,keyword,high,,,,19,3,1,minutes/2023/2023-06-12/2023-06-13_lba-rda-and-council-formal-meeting.md,minutes
835,167,2,6,"Adopt Resolution 18 of 2023 Joint Ceremonial Resolution with Mayor Mendenhall recognizing June 19, 2023 as Juneteenth Freedom Day in Salt Lake City",Ceremonial Resolution,7-0 Pass,Pass,council_vote,,procedural,keyword,high,,,,68,19,1,minutes/2023/2023-06-12/2023-06-13_lba-rda-and-council-formal-meeting.md,minutes
836,167,2,7,"Close the public hearing on the Resolution authorizing the issuance and sale of Airport Revenue Bonds, Series 2023",Public Hearing Action,7-0 Pass,Pass,council_vote,,approve,keyword,high,,,,19,3,1,minutes/2023/2023-06-12/2023-06-13_lba-rda-and-council-formal-meeting.md,minutes
837,167,2,8,Adopt Ordinance 26 of 2023 Salt Lake School District Signs,Ordinance,7-0 Pass,Pass,council_vote,,approve,keyword,high,,,,19,20,1,minutes/2023/2023-06-12/2023-06-13_lba-rda-and-council-formal-meeting.md,minutes
838,167,2,9,Adopt Resolution 19 of 2023 authorizing below market rent for lease of properties located at 1300 South and 800 West for urban farming programs,Contract/Property,7-0 Pass,Pass,council_vote,,approve,keyword,high,,,,3,19,1,minutes/2023/2023-06-12/2023-06-13_lba-rda-and-council-formal-meeting.md,minutes
839,167,2,10,"Adopt Ordinance 27 of 2023 New Five-Year Housing Plan, Housing SLC",Ordinance,7-0 Pass,Pass,council_vote,,approve,keyword,high,,,,19,3,1,minutes/2023/2023-06-12/2023-06-13_lba-rda-and-council-formal-meeting.md,minutes
840,167,2,11,"Adopt Ordinance 28 of 2023 Adopting the Budget for the Library Fund of Salt Lake City, Utah for Fiscal Year 2023-24",Budget Amendment,7-0 Pass,Pass,council_vote,,approve,keyword,high,,,,19,20,1,minutes/2023/2023-06-12/2023-06-13_lba-rda-and-council-formal-meeting.md,minutes
841,167,2,12,"Adopt Ordinance 29 of 2023 approving Salt Lake City's Fiscal Year 2023-24 budget as outlined in the attached key changes spreadsheets and staffing document, excluding the schedule for capital projects and debt and the Library Fund, including the contingent appropriations as listed on the motion sheet under Motion #2, items A through D",Budget Amendment,7-0 Pass,Pass,council_vote,,approve,keyword,high,,,,20,3,1,minutes/2023/2023-06-12/2023-06-13_lba-rda-and-council-formal-meeting.md,minutes
842,167,2,13,"Adopt Ordinance 30 of 2023 setting the final rate of tax levy, including the final levy for the Library Fund, upon all real and personal property within Salt Lake City for Fiscal Year 2023-24, and authorize the Council Chair to sign necessary documentation for the State Tax Commission",Ordinance,7-0 Pass,Pass,council_vote,,approve,keyword,high,,,,19,20,1,minutes/2023/2023-06-12/2023-06-13_lba-rda-and-council-formal-meeting.md,minutes
843,167,2,14,"Adopt $39,759,267 to be transferred into CIP, including approving $11,701,526 in funding as shown on the motion sheet",Budget Amendment,7-0 Pass,Pass,council_vote,,approve,keyword,high,,,,3,19,1,minutes/2023/2023-06-12/2023-06-13_lba-rda-and-council-formal-meeting.md,minutes
844,167,2,15,"Adopt the Legislative Intent Statements as outlined on the motion sheet under Motion 5, items A through I",Legislative Intent,7-0 Pass,Pass,council_vote,,approve,keyword,high,,,,6,68,1,minutes/2023/2023-06-12/2023-06-13_lba-rda-and-council-formal-meeting.md,minutes
845,167,2,16,Adopt ordinances A through J as shown on the motion sheet relating to the Fiscal Year 2023-24 budget,Budget Amendment,7-0 Pass,Pass,council_vote,,approve,keyword,high,,,,3,19,1,minutes/2023/2023-06-12/2023-06-13_lba-rda-and-council-formal-meeting.md,minutes
846,167,2,17,"Adopt Resolution 17 of 2023 authorizing up to $25.5 million of the City's Federally taxable General Obligation Bonds for Parks, Trails, and Open Spaces",Resolution,7-0 Pass,Pass,council_vote,,approve,keyword,high,,,,19,3,1,minutes/2023/2023-06-12/2023-06-13_lba-rda-and-council-formal-meeting.md,minutes
847,167,2,18,"Adopt Ordinance 39 of 2023 approving a $100,000 loan for Salt Lake Sandwich Company, LLC, from the Economic Development Loan Fund",Grant/Funding,7-0 Pass,Pass,council_vote,,approve,keyword,high,,,,19,3,1,minutes/2023/2023-06-12/2023-06-13_lba-rda-and-council-formal-meeting.md,minutes
848,167,2,19,Approve the Consent agenda,Procedural/Administrative,7-0 Pass,Pass,council_vote,,procedural,keyword,high,,,,5,3,1,minutes/2023/2023-06-12/2023-06-13_lba-rda-and-council-formal-meeting.md,minutes
849,168,5,1,"Adopt Resolution 13 of 2023 Amendment to Terms for Loan to Ville 1659, and Clarification of Housing Development Loan Program",Resolution,5-0 Pass,Pass,rda_vote,,approve,keyword,high,170,singleton,high,19,68,1,minutes/2023/2023-07-10/2023-07-11_redevelopment-agency-rda-meeting.md,minutes
850,169,2,1,"Approve the work session meeting minutes of April 4, 2023 and May 2, 2023.",Procedural/Administrative,6-0 Pass,Pass,council_vote,,procedural,keyword,high,,,,17,3,1,minutes/2023/2023-07-10/2023-07-11_revised-council-formal-meeting.md,minutes
851,169,2,2,Close the public hearing and refer Items B-1 and B-2 to a future Consent Agenda for action.,Public Hearing Action,6-0 Pass,Pass,council_vote,,procedural,keyword,high,,,,20,19,1,minutes/2023/2023-07-10/2023-07-11_revised-council-formal-meeting.md,minutes
852,169,2,3,"Close the public hearing and defer action to a future Council meeting (Rezone at approximately 1350, 1358, and 1370 South West Temple).",Public Hearing Action,5-0 Pass,Pass,council_vote,,continue,keyword,high,171,singleton,high,3,19,1,minutes/2023/2023-07-10/2023-07-11_revised-council-formal-meeting.md,minutes
853,169,2,4,Close the public hearing and defer action to a future Council meeting (Zoning Map and Master Plan Amendments at Riverside Cottages).,Public Hearing Action,6-0 Pass,Pass,council_vote,,continue,keyword,high,172,singleton,high,19,68,1,minutes/2023/2023-07-10/2023-07-11_revised-council-formal-meeting.md,minutes
854,169,2,5,"Close the public hearing and defer action to a future Council meeting (Rezone at 1549, 1551, 1565 South 1000 West and 1574 South 900 West).",Public Hearing Action,6-0 Pass,Pass,council_vote,,continue,keyword,high,173,singleton,high,3,19,1,minutes/2023/2023-07-10/2023-07-11_revised-council-formal-meeting.md,minutes
855,169,2,6,Close the public hearing and defer action to a future Council meeting (Rezone at approximately 510 South 200 West).,Public Hearing Action,6-0 Pass,Pass,council_vote,,continue,keyword,high,174,singleton,high,3,19,1,minutes/2023/2023-07-10/2023-07-11_revised-council-formal-meeting.md,minutes
856,169,2,7,Close the public hearing and defer action to a future Council meeting (Ordinance: Nonconforming Signs).,Public Hearing Action,6-0 Pass,Pass,council_vote,,continue,keyword,high,,,,19,3,1,minutes/2023/2023-07-10/2023-07-11_revised-council-formal-meeting.md,minutes
857,169,2,8,Close the public hearing and defer action to a future Council meeting (Zoning Map Amendment at approximately 754 South State Street).,Public Hearing Action,6-0 Pass,Pass,council_vote,,continue,keyword,high,175,singleton,high,20,19,1,minutes/2023/2023-07-10/2023-07-11_revised-council-formal-meeting.md,minutes
858,169,2,9,Accept the clarification and adopt the ordinance as prepared for this meeting (Downtown Building Height and Street Activation Text Amendment).,Ordinance,6-0 Pass,Pass,council_vote,,approve,keyword,high,176,singleton,high,3,19,1,minutes/2023/2023-07-10/2023-07-11_revised-council-formal-meeting.md,minutes
859,169,2,10,Approve the Consent Agenda.,Procedural/Administrative,6-0 Pass,Pass,council_vote,,procedural,keyword,high,,,,3,17,1,minutes/2023/2023-07-10/2023-07-11_revised-council-formal-meeting.md,minutes
860,170,2,1,"Approve the work session meeting minutes of May 16, 2023, and May 25, 2023, as well as the formal meeting minutes of May 16, 2023.",Procedural/Administrative,7-0 Pass,Pass,council_vote,,procedural,keyword,high,,,,3,17,1,minutes/2023/2023-07-17/2023-07-18_revised-council-formal-meeting.md,minutes
861,170,2,2,Close the public hearing and refer item B-1 (Grant Application: Plug-In Electric Vehicle Make-Ready Project Funding) to a future Consent Agenda for action.,Public Hearing Action,7-0 Pass,Pass,council_vote,,procedural,keyword,high,,,,3,19,1,minutes/2023/2023-07-17/2023-07-18_revised-council-formal-meeting.md,minutes
862,170,2,3,Close the public hearing and defer action on the Ordinance: 1782 South 1600 East Zoning Map and Master Plan Amendment to a future Council meeting.,Public Hearing Action,7-0 Pass,Pass,council_vote,,continue,keyword,high,177,singleton,high,3,20,1,minutes/2023/2023-07-17/2023-07-18_revised-council-formal-meeting.md,minutes
863,170,2,4,Continue the public hearing on the Capital Improvement Program Projects resolution to August 8.,Public Hearing Action,7-0 Pass,Pass,council_vote,,continue,keyword,high,,,,19,65,1,minutes/2023/2023-07-17/2023-07-18_revised-council-formal-meeting.md,minutes
864,170,2,5,"Adopt Ordinance (40) of 2023 Rezone at Approximately 1350, 1358, and 1370 South West Temple, with the condition that the petitioner enter a development agreement including minimum ground floor retail use requirements and 10% affordable dwelling units at 80% AMI for at least fifteen years.",Ordinance,6-0 Pass,Pass,council_vote,,approve,keyword,high,178,singleton,high,3,19,1,minutes/2023/2023-07-17/2023-07-18_revised-council-formal-meeting.md,minutes
865,170,2,6,Adopt Ordinance (41) of 2023 Zoning Map and Master Plan Amendments at Riverside Cottages.,Ordinance,7-0 Pass,Pass,council_vote,,approve,keyword,high,179,singleton,high,3,20,1,minutes/2023/2023-07-17/2023-07-18_revised-council-formal-meeting.md,minutes
866,170,2,7,"Adopt Ordinance (42) of 2023 Rezone at 1549 South, 1551 South, 1565 South 1000 West, and 1574 South 900 West.",Ordinance,7-0 Pass,Pass,council_vote,,approve,keyword,high,180,singleton,high,3,20,1,minutes/2023/2023-07-17/2023-07-18_revised-council-formal-meeting.md,minutes
867,170,2,8,Adopt Ordinance (43) of 2023 Rezone at Approximately 510 South 200 West.,Ordinance,7-0 Pass,Pass,council_vote,,approve,keyword,high,181,singleton,high,3,19,1,minutes/2023/2023-07-17/2023-07-18_revised-council-formal-meeting.md,minutes
868,170,2,9,"Adopt Ordinance (44) of 2023 Nonconforming Signs, and adopt a legislative action initiating a petition to review electronic sign standards to comply with changes to federal and state law.",Ordinance,7-0 Pass,Pass,council_vote,,approve,keyword,high,,,,19,3,1,minutes/2023/2023-07-17/2023-07-18_revised-council-formal-meeting.md,minutes
869,170,2,10,Adopt Resolution (21) of 2023 authorizing Addendum Number 7 to the Interlocal Agreement with the Utah Transit Authority.,Interlocal/Agreement,7-0 Pass,Pass,council_vote,,approve,keyword,high,,,,19,17,1,minutes/2023/2023-07-17/2023-07-18_revised-council-formal-meeting.md,minutes
870,170,2,11,"Adopt Resolution (22) of 2023, Community Renewable Energy Program Utility Agreement.",Resolution,7-0 Pass,Pass,council_vote,,approve,keyword,high,,,,19,17,1,minutes/2023/2023-07-17/2023-07-18_revised-council-formal-meeting.md,minutes
871,170,2,12,Approve the Consent Agenda.,Procedural/Administrative,7-0 Pass,Pass,council_vote,,procedural,keyword,high,,,,3,17,1,minutes/2023/2023-07-17/2023-07-18_revised-council-formal-meeting.md,minutes
872,171,2,1,"Approve the minutes from the work session of May 23, 2023 and the formal meeting minutes for April 18, 2023 and May 23, 2023.",Procedural/Administrative,Unanimous Pass,Pass,council_vote,,procedural,keyword,high,,,,36,70,1,minutes/2023/2023-08-07/2023-08-08_council-formal-meeting.md,minutes
873,172,2,1,"Moved by Council Member Wharton, seconded by Council Member Puy to enter into Closed Session for the purposes of a strategy session to discuss pending or reasonably imminent litigation; and for attorney-client matters that are privileged pursuant to Utah Code § 78B-1-137, and for other lawful purposes that satisfy the pertinent requirements of the Utah Open and Public Meetings Act.",Procedural/Administrative,6-0 Pass,Pass,council_vote,,procedural,keyword,high,,,,17,3,1,minutes/2023/2023-08-07/2023-08-08_council-work-session-meeting.md,minutes
874,173,5,1,"Approve the meeting minutes of May 2, 2023 and May 16, 2023.",Procedural/Administrative,6-0 Pass,Pass,rda_vote,,procedural,keyword,high,,,,68,19,1,minutes/2023/2023-08-07/2023-08-08_revised-redevelopment-agency-rda-meeting.md,minutes
875,171,2,2,"Close the public hearing and approve Ordinance 45 of 2023 Historic Carriage House Text Amendment, amending Section 21A.34.020 of the Zoning Ordinance to permit the reconstruction of a historic carriage house for the purpose of creating a dwelling unit.",Ordinance,Unanimous Pass,Pass,council_vote,,approve,keyword,high,182,singleton,high,70,58,1,minutes/2023/2023-08-07/2023-08-08_council-formal-meeting.md,minutes
876,172,2,2,"Moved by Council Member Dugan, seconded by Council Member Young to end the closed session.",Procedural/Administrative,5-0 Pass,Pass,council_vote,,procedural,keyword,high,,,,19,65,1,minutes/2023/2023-08-07/2023-08-08_council-work-session-meeting.md,minutes
877,173,5,2,Adopt Resolution 14 of 2023 Releasing Funding for the Affordable Housing Initiative – Perpetual Housing Fund Follow-up.,Resolution,6-0 Pass,Pass,rda_vote,,approve,keyword,high,183,singleton,high,19,20,1,minutes/2023/2023-08-07/2023-08-08_revised-redevelopment-agency-rda-meeting.md,minutes
878,171,2,3,Close the public hearing and defer action to a future Council meeting on the Sight Distance Triangle Text Amendment.,Public Hearing Action,Unanimous Pass,Pass,council_vote,,continue,keyword,high,184,singleton,high,36,58,1,minutes/2023/2023-08-07/2023-08-08_council-formal-meeting.md,minutes
879,173,5,3,"Reconsider the motion from July 11, 2023, adopting the resolution amending the terms for the loan to Ville 1659 and clarifying the Housing Development Loan Program, 2023.",Procedural/Administrative,6-0 Pass,Pass,rda_vote,,procedural,keyword,high,185,singleton,high,68,17,1,minutes/2023/2023-08-07/2023-08-08_revised-redevelopment-agency-rda-meeting.md,minutes
880,171,2,4,Close the public hearing and defer action to a future Council meeting on the Sugar House Drive-Through Text Amendment.,Public Hearing Action,Unanimous Pass,Pass,council_vote,,continue,keyword,high,186,singleton,high,58,36,1,minutes/2023/2023-08-07/2023-08-08_council-formal-meeting.md,minutes
881,173,5,4,"Enter into Closed Session for strategy sessions to discuss the purchase, exchange, or lease of real property and for attorney-client matters privileged pursuant to Utah Code § 78B-1-137.",Procedural/Administrative,6-0 Pass,Pass,rda_vote,,procedural,keyword,high,,,,68,19,1,minutes/2023/2023-08-07/2023-08-08_revised-redevelopment-agency-rda-meeting.md,minutes
882,171,2,5,Close the public hearing on the Capital Improvement Program Projects resolution.,Public Hearing Action,Unanimous Pass,Pass,council_vote,,procedural,keyword,medium,,,,58,36,1,minutes/2023/2023-08-07/2023-08-08_council-formal-meeting.md,minutes
883,173,5,5,Adjourn closed session.,Procedural/Administrative,6-0 Pass,Pass,rda_vote,,procedural,keyword,high,,,,19,65,1,minutes/2023/2023-08-07/2023-08-08_revised-redevelopment-agency-rda-meeting.md,minutes
884,171,2,6,Approve the Consent agenda.,Procedural/Administrative,Unanimous Pass,Pass,council_vote,,procedural,keyword,high,,,,70,36,1,minutes/2023/2023-08-07/2023-08-08_council-formal-meeting.md,minutes
885,174,2,1,"Approve work session minutes from May 9, 2023; June 1, 2023 and June 6, 2023 and formal minutes from April 18, 2023 and June 13, 2023",Procedural/Administrative,7-0 Pass,Pass,council_vote,,procedural,keyword,high,,,,17,3,1,minutes/2023/2023-08-14/2023-08-15_council-formal-meeting.md,minutes
886,175,2,1,"Moved to enter into Closed Session as the RDA Board and City Council for the purposes of strategy sessions to discuss the purchase, exchange, or lease of real property, and attorney-client matters that are privileged pursuant to Utah Code § 78B-1-137, and for other lawful purposes that satisfy the pertinent requirements of the Utah Open and Public Meetings Act.",Procedural/Administrative,7-0 Pass,Pass,council_vote,,procedural,keyword,high,,,,17,6,1,minutes/2023/2023-08-14/2023-08-15_council-work-session-meeting.md,minutes
887,176,5,1,"Enter into Closed Session as the RDA Board and City Council for the purposes of strategy sessions to discuss the purchase, exchange, or lease of real property, and attorney-client matters that are privileged pursuant to Utah Code § 78B-1-137, and for other lawful purposes that satisfy the pertinent requirements of the Utah Open and Public Meetings Act.",Procedural/Administrative,7-0 Pass,Pass,rda_vote,,procedural,keyword,high,,,,34,33,1,minutes/2023/2023-08-14/2023-08-15_limited-redevelopment-agency-rda-meeting.md,minutes
888,174,2,2,Close the public hearing and refer Item B-1 to a future Consent Agenda for action,Public Hearing Action,7-0 Pass,Pass,council_vote,,procedural,keyword,high,,,,19,3,1,minutes/2023/2023-08-14/2023-08-15_council-formal-meeting.md,minutes
889,175,2,2,Moved to exit Closed Session.,Procedural/Administrative,7-0 Pass,Pass,council_vote,,procedural,keyword,high,,,,19,3,1,minutes/2023/2023-08-14/2023-08-15_council-work-session-meeting.md,minutes
890,176,5,2,Exit Closed Session.,Procedural/Administrative,7-0 Pass,Pass,rda_vote,,procedural,keyword,high,,,,23,31,1,minutes/2023/2023-08-14/2023-08-15_limited-redevelopment-agency-rda-meeting.md,minutes
891,174,2,3,"Adopt Ordinance 46 of 2023, to amend various sections of Title 21A of the Salt Lake City Code pertaining to the sight distance triangle",Ordinance,7-0 Pass,Pass,council_vote,,approve,keyword,high,,,,3,19,1,minutes/2023/2023-08-14/2023-08-15_council-formal-meeting.md,minutes
892,174,2,4,"Adopt Resolution 23 of 2023, adopting the Capital Improvement Program project-specific allocations for Fiscal Year 2024 as shown in Exhibit A Funding Log",Resolution,7-0 Pass,Pass,council_vote,,approve,keyword,high,,,,3,17,1,minutes/2023/2023-08-14/2023-08-15_council-formal-meeting.md,minutes
893,174,2,5,"Adopt Ordinance 47 of 2023, approving a $100,000 loan for Leavity, LLC at 47 South Orange Street, B#1, from the Economic Development Loan Fund (EDLF)",Ordinance,7-0 Pass,Pass,council_vote,,approve,keyword,high,,,,3,19,1,minutes/2023/2023-08-14/2023-08-15_council-formal-meeting.md,minutes
894,174,2,6,Approve the Consent agenda,Procedural/Administrative,7-0 Pass,Pass,council_vote,,procedural,keyword,high,,,,17,68,1,minutes/2023/2023-08-14/2023-08-15_council-formal-meeting.md,minutes
895,177,2,1,"Approve the work session minutes of June 13, 2023; August 8, 2023 and August 15, 2023 as well as the formal meeting minutes of June 6, 2023 and August 15, 2023.",Procedural/Administrative,7-0 Pass,Pass,council_vote,,procedural,keyword,high,,,,3,6,1,minutes/2023/2023-09-04/2023-09-05_council-formal-meeting.md,minutes
896,177,2,2,"Adopt Joint Ceremonial Resolution 25 of 2023, recognizing September as National Suicide Prevention and Action Month.",Ceremonial Resolution,7-0 Pass,Pass,council_vote,,procedural,keyword,high,,,,17,3,1,minutes/2023/2023-09-04/2023-09-05_council-formal-meeting.md,minutes
897,177,2,3,Close the public hearing and refer Item B-1 (Grant Application: Summer Food Service Program 2023 for YouthCity) to a future Consent Agenda for action.,Public Hearing Action,7-0 Pass,Pass,council_vote,,procedural,keyword,high,,,,3,68,1,minutes/2023/2023-09-04/2023-09-05_council-formal-meeting.md,minutes
898,177,2,4,Close the public hearing and defer action on the Form Based Urban Neighborhood Zoning Text Amendment (Fleet Block) to a future Council Meeting.,Public Hearing Action,7-0 Pass,Pass,council_vote,,continue,keyword,high,187,singleton,high,3,20,1,minutes/2023/2023-09-04/2023-09-05_council-formal-meeting.md,minutes
899,177,2,5,Close the public hearing and refer the Ivory University House Public Benefits Analysis item to a future date for action.,Public Hearing Action,7-0 Pass,Pass,council_vote,,procedural,keyword,medium,,,,3,6,1,minutes/2023/2023-09-04/2023-09-05_council-formal-meeting.md,minutes
900,177,2,6,Close the public hearing and refer the Budget Amendment No. 1 for Fiscal Year 2023-24 item to a future date for action.,Public Hearing Action,7-0 Pass,Pass,council_vote,,procedural,keyword,medium,,,,6,68,1,minutes/2023/2023-09-04/2023-09-05_council-formal-meeting.md,minutes
901,177,2,7,"Close the public hearing and adopt Ordinance 49 of 2023, amending the Consolidated Fee Schedule for Fiscal Year 2024 related to land and sidewalk closure fees.",Ordinance,7-0 Pass,Pass,council_vote,,approve,keyword,high,,,,20,3,1,minutes/2023/2023-09-04/2023-09-05_council-formal-meeting.md,minutes
902,177,2,8,Reject the ordinance for the 1782 South 1600 East Zoning Map and Master Plan Amendment.,Ordinance,7-0 Pass,Pass,council_vote,,deny,keyword,high,188,singleton,high,65,17,1,minutes/2023/2023-09-04/2023-09-05_council-formal-meeting.md,minutes
903,177,2,9,"Pass a legislative action requesting staff study a zoning text amendment to consider amending all R-1 single-family zones, including consolidating R-1/5,000, 7,000, and 12,000 into one zone, reducing minimum lot size, removing or reducing minimum frontage, easing flag lot standards, and allowing single-family attached housing in all zones; and initiate a separate study to consider zoning map amendments along collector and arterial roads to allow greater residential density and mixed-use developments.",Legislative Intent,7-0 Pass,Pass,council_vote,,,unclassified,low,189,singleton,high,20,68,1,minutes/2023/2023-09-04/2023-09-05_council-formal-meeting.md,minutes
904,177,2,10,"That the City collaborate with the County to get a better understanding of how City and County ordinances interact pertaining to the lot subdivision process and update ordinances if needed to make sure both are consistent (second paragraph removed via friendly amendment by Councilmember Wharton, accepted by Councilmember Valdemoros).",Legislative Intent,7-0 Pass,Pass,council_vote,,approve,keyword,high,190,singleton,high,6,20,1,minutes/2023/2023-09-04/2023-09-05_council-formal-meeting.md,minutes
905,177,2,11,"Include in the legislative action that the Council will hold a work session with the Administration on the scope of the study to include: alignment with Thriving in Place, alignment with future land/water policy, alignment with public transportation needs, and the vision of a walkable city (amended via friendly amendment by Councilmember Mano to incorporate the four points into the first study, accepted by Councilmember Dugan).",Legislative Intent,7-0 Pass,Pass,council_vote,,approve,keyword,high,,,,19,6,1,minutes/2023/2023-09-04/2023-09-05_council-formal-meeting.md,minutes
906,177,2,12,"Adopt Ordinance 53 of 2023, prohibiting all new drive-through facilities in the Sugar House Business Districts CSHBD1 and CSHBD2.",Ordinance,7-0 Pass,Pass,council_vote,,approve,keyword,high,,,,68,65,1,minutes/2023/2023-09-04/2023-09-05_council-formal-meeting.md,minutes
907,177,2,13,Approve the Consent Agenda.,Procedural/Administrative,7-0 Pass,Pass,council_vote,,procedural,keyword,high,,,,3,20,1,minutes/2023/2023-09-04/2023-09-05_council-formal-meeting.md,minutes
908,178,2,1,Enter into Closed Session for the purposes of attorney-client matters and advice of Counsel.,Procedural/Administrative,5-0 Pass,Pass,council_vote,,procedural,keyword,high,,,,17,19,1,minutes/2023/2023-09-11/2023-09-12_council-work-session-meeting.md,minutes
909,179,5,1,"Approve meeting minutes of June 6, 2023; June 13, 2023; and August 15, 2023.",Procedural/Administrative,7-0 Pass,Pass,rda_vote,,procedural,keyword,high,191,singleton,high,23,33,1,minutes/2023/2023-09-11/2023-09-12_redevelopment-agency-rda-meeting.md,minutes
910,178,2,2,Exit Closed Session.,Procedural/Administrative,7-0 Pass,Pass,council_vote,,procedural,keyword,high,,,,19,6,1,minutes/2023/2023-09-11/2023-09-12_council-work-session-meeting.md,minutes
911,179,5,2,"Enter into Closed Session for the purposes of strategy sessions to discuss the purchase, exchange, or lease of real property and attorney-client matters that are privileged pursuant to Utah Code § 78B-1-137.",Procedural/Administrative,7-0 Pass,Pass,rda_vote,,procedural,keyword,high,,,,34,23,1,minutes/2023/2023-09-11/2023-09-12_redevelopment-agency-rda-meeting.md,minutes
912,179,5,3,Exit Closed Session.,Procedural/Administrative,7-0 Pass,Pass,rda_vote,,procedural,keyword,high,,,,28,23,1,minutes/2023/2023-09-11/2023-09-12_redevelopment-agency-rda-meeting.md,minutes
913,180,2,1,"Approve the Truth in Taxation meeting minutes of August 15, 2023",Procedural/Administrative,7-0 Pass,Pass,council_vote,,procedural,keyword,high,,,,3,20,1,minutes/2023/2023-09-18/2023-09-19_council-formal-meeting.md,minutes
914,180,2,2,Close the public hearing and refer items B1 and B2 (Edward Byrne Memorial Justice Assistance Grant and Jordan River Tree and Debris Removal Grant) to a future Consent Agenda,Public Hearing Action,7-0 Pass,Pass,council_vote,,procedural,keyword,high,,,,3,68,1,minutes/2023/2023-09-18/2023-09-19_council-formal-meeting.md,minutes
915,180,2,3,Close the public hearing and defer action on the Zoning Map Amendment and Annexation at approximately 2350/2441 North Rose Park Lane to a future Council meeting,Public Hearing Action,7-0 Pass,Pass,council_vote,,continue,keyword,high,192,singleton,high,68,3,1,minutes/2023/2023-09-18/2023-09-19_council-formal-meeting.md,minutes
916,180,2,4,"Adopt Ordinance 50 of 2023, amending the Fiscal Year 2024 final budget of Salt Lake City including the employment staffing document for items A-1, D-1 through D-7",Budget Amendment,7-0 Pass,Pass,council_vote,,approve,keyword,high,,,,3,65,1,minutes/2023/2023-09-18/2023-09-19_council-formal-meeting.md,minutes
917,180,2,5,"Adopt Ordinance 50 of 2023, approving item A-2: One-time Additional Funding for Fall 2023 Downtown Open Streets Events ($250,000 from General Fund Balance)",Budget Amendment,5-2 Pass,Pass,council_vote,,approve,keyword,high,,,,3,17,1,minutes/2023/2023-09-18/2023-09-19_council-formal-meeting.md,minutes
918,180,2,6,"Approve the Consent Agenda with the exception of Item G4 (Rezone and Master Plan Amendments at approximately 135, 159, and 163 West Goltz Avenue and 1036 South Jefferson Street), which would be scheduled for a future Council meeting",Procedural/Administrative,7-0 Pass,Pass,council_vote,,procedural,keyword,high,193,singleton,high,20,6,1,minutes/2023/2023-09-18/2023-09-19_council-formal-meeting.md,minutes
919,181,2,1,"Approve work session minutes of June 12, 2023 and July 13, 2023 as well as the formal meeting minutes of July 11, 2023; July 13, 2023; July 18, 2023 and August 8, 2023.",Procedural/Administrative,Unanimous Pass,Pass,council_vote,,procedural,keyword,high,,,,3,6,1,minutes/2023/2023-10-02/2023-10-03_council-formal-meeting.md,minutes
920,182,2,1,Enter into Closed Session for the purposes of strategy sessions to discuss pending or reasonably imminent litigation and attorney-client matters that are privileged pursuant to Utah Code § 78B-1-137.,Procedural/Administrative,6-0 Pass,Pass,council_vote,,procedural,keyword,high,,,,17,19,1,minutes/2023/2023-10-02/2023-10-03_council-work-session-meeting.md,minutes
921,181,2,2,Adopt Joint Ceremonial Resolution 26 of 2023 with Mayor Mendenhall declaring the second Monday in October as Indigenous Peoples Day in Salt Lake City.,Ceremonial Resolution,Unanimous Pass,Pass,council_vote,,procedural,keyword,high,,,,68,17,1,minutes/2023/2023-10-02/2023-10-03_council-formal-meeting.md,minutes
922,182,2,2,Exit Closed Session.,Procedural/Administrative,6-0 Pass,Pass,council_vote,,procedural,keyword,high,,,,68,17,1,minutes/2023/2023-10-02/2023-10-03_council-work-session-meeting.md,minutes
923,181,2,3,Adopt Joint Ceremonial Resolution 27 of 2023 with Mayor Mendenhall declaring November as Native American Heritage Month in Salt Lake City.,Ceremonial Resolution,Unanimous Pass,Pass,council_vote,,procedural,keyword,high,,,,3,17,1,minutes/2023/2023-10-02/2023-10-03_council-formal-meeting.md,minutes
924,181,2,4,Close the public hearing and refer the budget amendment and two grants to a future date for action.,Public Hearing Action,Unanimous Pass,Pass,council_vote,,approve,keyword,high,,,,19,68,1,minutes/2023/2023-10-02/2023-10-03_council-formal-meeting.md,minutes
925,181,2,5,Close the public hearing and defer action to a future Council meeting on the rezone and master plan amendment at approximately 1435 South State Street.,Public Hearing Action,Unanimous Pass,Pass,council_vote,,continue,keyword,high,194,singleton,high,3,6,1,minutes/2023/2023-10-02/2023-10-03_council-formal-meeting.md,minutes
926,181,2,6,"Close the public hearing and defer action to a later date on the Anti-Gentrification and -Displacement Plan, Thriving in Place.",Public Hearing Action,Unanimous Pass,Pass,council_vote,,continue,keyword,high,,,,19,6,1,minutes/2023/2023-10-02/2023-10-03_council-formal-meeting.md,minutes
927,181,2,7,"Adopt Ordinance 51 of 2023 Residential Parking Permit Program Amendment, amending Section 12.64.040 of Salt Lake City Code related to criteria for the Parking Permit Program.",Ordinance,Unanimous Pass,Pass,council_vote,,approve,keyword,high,195,singleton,high,20,17,1,minutes/2023/2023-10-02/2023-10-03_council-formal-meeting.md,minutes
928,181,2,8,Adopt Ordinance 52 of 2023 approving the American Rescue Plan Act (ARPA) Local Nonprofit Passthrough Assistance Grant Awards as shown in the Exhibit B Funding Log.,Grant/Funding,Unanimous Pass,Pass,council_vote,,approve,keyword,high,,,,3,17,1,minutes/2023/2023-10-02/2023-10-03_council-formal-meeting.md,minutes
929,181,2,9,Approve the Consent agenda.,Procedural/Administrative,Unanimous Pass,Pass,council_vote,,procedural,keyword,high,,,,17,3,1,minutes/2023/2023-10-02/2023-10-03_council-formal-meeting.md,minutes
930,183,5,1,"Approve meeting minutes of July 11, 2023 and August 8, 2023.",Procedural/Administrative,5-0 Pass,Pass,rda_vote,,procedural,keyword,high,196,singleton,high,19,20,1,minutes/2023/2023-10-09/2023-10-10_redevelopment-agency-rda-meeting.md,minutes
931,183,5,2,"Approve the Consent agenda (setting the date of Tuesday, November 14, 2023 at 2 p.m. to accept public comment and consider adopting a resolution amending the RDA budget for Fiscal Year 2023-24, Budget Amendment No. 1).",Procedural/Administrative,5-0 Pass,Pass,rda_vote,,procedural,keyword,high,,,,20,19,1,minutes/2023/2023-10-09/2023-10-10_redevelopment-agency-rda-meeting.md,minutes
932,184,2,1,"Approve work session meeting minutes of July 11, 2023, and September 12, 2023, as well as the formal meeting minutes of September 5, 2023; September 12, 2023; and the Legislative Breakfast meeting minutes of January 11, 2023.",Procedural/Administrative,7-0 Pass,Pass,council_vote,,procedural,keyword,high,,,,3,19,1,minutes/2023/2023-10-16/2023-10-17_council-formal-meeting.md,minutes
933,185,2,1,Enter into Closed Session for the purposes of strategy sessions to discuss pending or reasonably imminent litigation and attorney-client matters.,Procedural/Administrative,7-0 Pass,Pass,council_vote,,procedural,keyword,high,,,,68,6,1,minutes/2023/2023-10-16/2023-10-17_revised-council-work-session-meeting.md,minutes
934,184,2,2,Adopt Joint Ceremonial Resolution 28 of 2023 with Mayor Mendenhall recognizing October as Italian-American Heritage Month.,Ceremonial Resolution,7-0 Pass,Pass,council_vote,,procedural,keyword,high,,,,3,19,1,minutes/2023/2023-10-16/2023-10-17_council-formal-meeting.md,minutes
935,185,2,2,Exit Closed Session.,Procedural/Administrative,7-0 Pass,Pass,council_vote,,procedural,keyword,high,,,,17,19,1,minutes/2023/2023-10-16/2023-10-17_revised-council-work-session-meeting.md,minutes
936,184,2,3,Close the public hearing and refer items B-1 and B-2 to a future Consent Agenda for action.,Public Hearing Action,7-0 Pass,Pass,council_vote,,procedural,keyword,high,,,,19,3,1,minutes/2023/2023-10-16/2023-10-17_council-formal-meeting.md,minutes
937,184,2,4,Close the public hearing and defer action to a future Council meeting (alley vacations at approximately 2167 South 800 East and 827 East Wilmington Ave).,Public Hearing Action,7-0 Pass,Pass,council_vote,,continue,keyword,high,,,,3,6,1,minutes/2023/2023-10-16/2023-10-17_council-formal-meeting.md,minutes
938,184,2,5,Close the public hearing and defer action to a future Council meeting (zoning map amendment at 1018 East 900 South).,Public Hearing Action,7-0 Pass,Pass,council_vote,,continue,keyword,high,197,singleton,high,19,3,1,minutes/2023/2023-10-16/2023-10-17_council-formal-meeting.md,minutes
939,184,2,6,Close the public hearing and adopt Ordinance 54 of 2023 Text Amendment Related to Maximum Height in the M-1 Light Manufacturing District.,Ordinance,7-0 Pass,Pass,council_vote,,approve,keyword,high,198,singleton,high,3,68,1,minutes/2023/2023-10-16/2023-10-17_council-formal-meeting.md,minutes
940,184,2,7,Close the public hearing and defer action to a future Council meeting (Affordable Housing Incentives).,Public Hearing Action,7-0 Pass,Pass,council_vote,,continue,keyword,high,,,,20,17,1,minutes/2023/2023-10-16/2023-10-17_council-formal-meeting.md,minutes
941,184,2,8,"Adopt Ordinance 55 of 2023 The Anti-Gentrification and -Displacement Plan, Thriving in Place, with a request that the Administration address specified priority items with special urgency and report updated timing estimates by December 1, 2023.",Ordinance,7-0 Pass,Pass,council_vote,,approve,keyword,high,,,,17,19,1,minutes/2023/2023-10-16/2023-10-17_council-formal-meeting.md,minutes
942,184,2,9,Adopt Ordinance 56 of 2023 amending the Fiscal Year 2024 Annual Compensation Plan for Non-represented Employees.,Ordinance,7-0 Pass,Pass,council_vote,,approve,keyword,high,,,,3,68,1,minutes/2023/2023-10-16/2023-10-17_council-formal-meeting.md,minutes
943,184,2,10,Adopt Ordinance 57 of 2023 amending the Fiscal Year 2024 final budget of Salt Lake City including the employment staffing document only for items as shown on the motion sheet.,Budget Amendment,7-0 Pass,Pass,council_vote,,approve,keyword,high,,,,20,19,1,minutes/2023/2023-10-16/2023-10-17_council-formal-meeting.md,minutes
944,184,2,11,Adopt Ordinance 58 of 2023 amending chapters 2.02 and 2.84 of the Salt Lake City Code to address changes in Utah law regarding justice courts and establish the Justice Court as an independent branch of government.,Ordinance,7-0 Pass,Pass,council_vote,,approve,keyword,high,,,,17,19,1,minutes/2023/2023-10-16/2023-10-17_council-formal-meeting.md,minutes
945,184,2,12,Approve the Consent Agenda.,Procedural/Administrative,7-0 Pass,Pass,council_vote,,procedural,keyword,high,,,,3,19,1,minutes/2023/2023-10-16/2023-10-17_council-formal-meeting.md,minutes
946,186,2,1,"Approve the work session minutes from July 11, 2023; July 18, 2023; September 5, 2023; and September 12, 2023, as well as the formal meeting minutes of September 5, 2023; September 12, 2023; and September 19, 2023.",Procedural/Administrative,7-0 Pass,Pass,council_vote,,procedural,keyword,high,,,,3,65,1,minutes/2023/2023-11-06/2023-11-07_revised-council-formal-meeting.md,minutes
947,187,2,1,Enter into Closed Session for the purposes of security deployment and advice of counsel.,Procedural/Administrative,7-0 Pass,Pass,council_vote,,procedural,keyword,high,,,,17,19,1,minutes/2023/2023-11-06/2023-11-07_revised-council-work-session-meeting.md,minutes
948,186,2,2,Adopt Resolution 29 of 2023 declaring November 20th as Transgender Day of Remembrance in Salt Lake City.,Ceremonial Resolution,7-0 Pass,Pass,council_vote,,approve,keyword,high,,,,17,20,1,minutes/2023/2023-11-06/2023-11-07_revised-council-formal-meeting.md,minutes
949,187,2,2,Exit Closed Session.,Procedural/Administrative,7-0 Pass,Pass,council_vote,,procedural,keyword,high,,,,19,68,1,minutes/2023/2023-11-06/2023-11-07_revised-council-work-session-meeting.md,minutes
950,186,2,3,Close the public hearing and refer Items B-1 through B-3 to a future Consent Agenda for action.,Public Hearing Action,6-0 Pass,Pass,council_vote,,procedural,keyword,high,,,,19,65,1,minutes/2023/2023-11-06/2023-11-07_revised-council-formal-meeting.md,minutes
951,186,2,4,Close the public hearing and adopt Ordinance 59 of 2023 amending the North Temple Boulevard Plan to keep Madsen Park at the current location and explore how to re-imagine it.,Ordinance,6-0 Pass,Pass,council_vote,,approve,keyword,high,,,,3,17,1,minutes/2023/2023-11-06/2023-11-07_revised-council-formal-meeting.md,minutes
952,186,2,5,Close the public hearing and defer action on the rezone at 2157 South Lincoln Street to a future Council meeting.,Public Hearing Action,7-0 Pass,Pass,council_vote,,continue,keyword,high,199,singleton,high,3,19,1,minutes/2023/2023-11-06/2023-11-07_revised-council-formal-meeting.md,minutes
953,186,2,6,Close the public hearing and defer action on the rezone and master plan amendment at 116 East Edith Avenue to a future Council meeting.,Public Hearing Action,7-0 Pass,Pass,council_vote,,continue,keyword,high,200,singleton,high,3,19,1,minutes/2023/2023-11-06/2023-11-07_revised-council-formal-meeting.md,minutes
954,186,2,7,Close the public hearing and defer action on the rezone and master plan amendment at approximately 1720 South and 1734 South West Temple to a future Council meeting.,Public Hearing Action,7-0 Pass,Pass,council_vote,,continue,keyword,high,201,singleton,high,17,19,1,minutes/2023/2023-11-06/2023-11-07_revised-council-formal-meeting.md,minutes
955,186,2,8,Close the public hearing and defer action on the alley vacation at approximately 1518 South 300 West to a future Council meeting.,Public Hearing Action,7-0 Pass,Pass,council_vote,,continue,keyword,high,202,singleton,high,3,19,1,minutes/2023/2023-11-06/2023-11-07_revised-council-formal-meeting.md,minutes
956,186,2,9,Close the public hearing and defer action on the Historic Preservation Overlay District Text Amendment to a future Council meeting.,Public Hearing Action,7-0 Pass,Pass,council_vote,,continue,keyword,high,203,singleton,high,19,3,1,minutes/2023/2023-11-06/2023-11-07_revised-council-formal-meeting.md,minutes
957,186,2,10,"Close the public hearing and adopt Resolution 30 of 2023 authorizing substantial amendments to the 2020-2024 Consolidated Plan, the 2023-2024 Annual Action Plan, and project allocations for dormant housing program income funds.",Resolution,7-0 Pass,Pass,council_vote,,approve,keyword,high,,,,3,65,1,minutes/2023/2023-11-06/2023-11-07_revised-council-formal-meeting.md,minutes
958,186,2,11,"Adopt Ordinance 60 of 2023, Alley Vacation at Approximately 2167 South 800 East.",Ordinance,7-0 Pass,Pass,council_vote,,approve,keyword,high,204,singleton,high,65,3,1,minutes/2023/2023-11-06/2023-11-07_revised-council-formal-meeting.md,minutes
959,186,2,12,"Adopt Ordinance 61 of 2023, Alley Vacation at Approximately 827 East Wilmington Avenue.",Ordinance,7-0 Pass,Pass,council_vote,,approve,keyword,high,205,singleton,high,65,19,1,minutes/2023/2023-11-06/2023-11-07_revised-council-formal-meeting.md,minutes
960,186,2,13,Adopt Ordinance 62 of 2023 Zoning Map Amendment at 1018 East 900 South.,Ordinance,7-0 Pass,Pass,council_vote,,approve,keyword,high,206,singleton,high,20,3,1,minutes/2023/2023-11-06/2023-11-07_revised-council-formal-meeting.md,minutes
961,186,2,14,"Adopt Ordinance 63 of 2023 rezoning properties at approximately 1435 South State Street and amending the future land use map with conditions requiring a development agreement, and adopt Ordinance 63B of 2023 amending City Code Subsection 21A.27.050.C.3 to permit building height up to 65 feet and five stories for the subject parcels.",Ordinance,7-0 Pass,Pass,council_vote,,approve,keyword,high,207,singleton,high,3,20,1,minutes/2023/2023-11-06/2023-11-07_revised-council-formal-meeting.md,minutes
962,186,2,15,Adopt Ordinance 64 of 2023 enacting temporary zoning regulations authorizing temporary increase in overnight capacity at the youth homeless resource center at 888 South 400 West for the full 180 days.,Ordinance,7-0 Pass,Pass,council_vote,,approve,keyword,high,,,,19,20,1,minutes/2023/2023-11-06/2023-11-07_revised-council-formal-meeting.md,minutes
963,186,2,16,"Adopt Resolution 31 of 2023, authorizing an amendment to the interlocal agreement between the City and County for 2023 election services.",Interlocal/Agreement,7-0 Pass,Pass,council_vote,,approve,keyword,high,,,,3,17,1,minutes/2023/2023-11-06/2023-11-07_revised-council-formal-meeting.md,minutes
964,186,2,17,Approve the Consent agenda.,Procedural/Administrative,7-0 Pass,Pass,council_vote,,procedural,keyword,high,,,,3,20,1,minutes/2023/2023-11-06/2023-11-07_revised-council-formal-meeting.md,minutes
965,188,2,1,"Approve the work session meeting minutes of September 19, 2023; October 3, 2023; and October 10, 2023, as well as the formal meeting minutes of October 3, 2023.",Procedural/Administrative,7-0 Pass,Pass,council_vote,,procedural,keyword,high,,,,3,6,1,minutes/2023/2023-11-13/2023-11-14_council-formal-meeting.md,minutes
966,189,2,1,Exit out of Closed Session,Procedural/Administrative,6-0 Pass,Pass,council_vote,,procedural,keyword,high,,,,19,3,1,minutes/2023/2023-11-13/2023-11-14_council-work-session-meeting.md,minutes
967,190,5,1,Close the public hearing on RDA Budget Amendment No. 1 for Fiscal Year 2023-24 and defer action to later on in the agenda.,Public Hearing Action,6-0 Pass,Pass,rda_vote,,continue,keyword,high,,,,17,19,1,minutes/2023/2023-11-13/2023-11-14_redevelopment-agency-rda-meeting.md,minutes
968,188,2,2,Adopt Joint Ceremonial Resolution 32 of 2023 Recognizing December 1st as World AIDS Day in Salt Lake City.,Ceremonial Resolution,7-0 Pass,Pass,council_vote,,procedural,keyword,high,,,,19,17,1,minutes/2023/2023-11-13/2023-11-14_council-formal-meeting.md,minutes
969,189,2,2,"Enter into Closed Session as the RDA Board and City Council for the purposes of strategy sessions to discuss the purchase, exchange, or lease of real property and for attorney-client matters that are privileged",Procedural/Administrative,6-0 Pass,Pass,council_vote,,procedural,keyword,high,,,,6,3,1,minutes/2023/2023-11-13/2023-11-14_council-work-session-meeting.md,minutes
970,190,5,2,"Approve the meeting minutes of May 9, 2023; September 12, 2023; and October 10, 2023.",Procedural/Administrative,6-0 Pass,Pass,rda_vote,,procedural,keyword,high,,,,19,17,1,minutes/2023/2023-11-13/2023-11-14_redevelopment-agency-rda-meeting.md,minutes
971,188,2,3,Close the public hearing and defer action to a future Council meeting regarding the Subdivision Code Amendments (Petition No. PLNPCM2023-00494).,Public Hearing Action,7-0 Pass,Pass,council_vote,,continue,keyword,high,208,singleton,high,3,19,1,minutes/2023/2023-11-13/2023-11-14_council-formal-meeting.md,minutes
972,190,5,3,Adopt Resolution 15 of 2023 RDA Budget Amendment No. 1 for Fiscal Year 2023-24 only for the item shown on the motion sheet.,Budget Amendment,6-0 Pass,Pass,rda_vote,,approve,keyword,high,,,,17,19,1,minutes/2023/2023-11-13/2023-11-14_redevelopment-agency-rda-meeting.md,minutes
973,188,2,4,Close the public hearing for the 2023-2024 U.S. Housing and Urban Development General Community Development Needs Annual Public Hearing.,Public Hearing Action,7-0 Pass,Pass,council_vote,,procedural,keyword,medium,,,,19,3,1,minutes/2023/2023-11-13/2023-11-14_council-formal-meeting.md,minutes
974,188,2,5,Adopt Ordinance 65 of 2023 Rezone and Master Plan Amendment at 116 East Edith Avenue.,Ordinance,7-0 Pass,Pass,council_vote,,approve,keyword,high,209,singleton,high,3,17,1,minutes/2023/2023-11-13/2023-11-14_council-formal-meeting.md,minutes
975,188,2,6,Adopt Ordinance 66 of 2023 Rezone and Master Plan Amendment at Approximately 1720 South and 1734 South West Temple.,Ordinance,6-1 Pass,Pass,council_vote,,approve,keyword,high,210,singleton,high,3,6,1,minutes/2023/2023-11-13/2023-11-14_council-formal-meeting.md,minutes
976,188,2,7,Adopt Ordinance 67 of 2023 Historic Preservation Overlay District Text Amendment.,Ordinance,7-0 Pass,Pass,council_vote,,approve,keyword,high,211,singleton,high,17,3,1,minutes/2023/2023-11-13/2023-11-14_council-formal-meeting.md,minutes
977,188,2,8,"Adopt Ordinance 68 of 2023 Alley Vacation at Approximately 1518 South 300 West, with conditions including easements for a publicly accessible mid-block walkway and private drive, restrictions on conveying adjacent property until easements are recorded, and the understanding that 60% or more street level activation plans be memorialized in the planned development and design review process.",Ordinance,7-0 Pass,Pass,council_vote,,approve,keyword,high,212,singleton,high,3,19,1,minutes/2023/2023-11-13/2023-11-14_council-formal-meeting.md,minutes
978,188,2,9,"Adopt Ordinance 69 of 2023 approving the Northpoint Small Area Plan, and initiate Legislative Actions requesting the administration draft new zoning regulations implementing the plan's vision and continue the city-led annexation effort for unincorporated properties in the area.",Ordinance,7-0 Pass,Pass,council_vote,,approve,keyword,high,142,name,medium,68,3,1,minutes/2023/2023-11-13/2023-11-14_council-formal-meeting.md,minutes
979,188,2,10,"Adopt Resolution 33 of 2023 Certification of Downtown Plan, certifying compliance with Utah Code to have station area plans for each transit station.",Resolution,7-0 Pass,Pass,council_vote,,approve,keyword,high,,,,19,6,1,minutes/2023/2023-11-13/2023-11-14_council-formal-meeting.md,minutes
980,188,2,11,"Adopt Ordinance 70 of 2023 Open Space Lands Amendments, amending processes for the disposition of certain interests in City open space lands and governing their removal from the official City Open Space Inventory.",Ordinance,7-0 Pass,Pass,council_vote,,approve,keyword,high,,,,3,17,1,minutes/2023/2023-11-13/2023-11-14_council-formal-meeting.md,minutes
981,188,2,12,Approve the Consent agenda.,Procedural/Administrative,7-0 Pass,Pass,council_vote,,procedural,keyword,high,,,,17,3,1,minutes/2023/2023-11-13/2023-11-14_council-formal-meeting.md,minutes
982,191,2,1,"Approve the work session meeting minutes of October 17, 2023",Procedural/Administrative,7-0 Pass,Pass,council_vote,,procedural,keyword,high,,,,3,19,1,minutes/2023/2023-12-04/2023-12-05_council-formal-meeting.md,minutes
983,192,2,1,"Moved by Council Member Wharton, seconded by Council Member Dugan to enter into Closed Session for the purposes of advice of counsel relating to attorney client matters.",Procedural/Administrative,6-0 Pass,Pass,council_vote,,procedural,keyword,high,,,,17,19,1,minutes/2023/2023-12-04/2023-12-05_council-work-session-meeting.md,minutes
984,191,2,2,Close the public hearing and defer action on the rezone at approximately 1380 South 900 West to a future Council meeting,Public Hearing Action,7-0 Pass,Pass,council_vote,,continue,keyword,high,213,singleton,high,19,68,1,minutes/2023/2023-12-04/2023-12-05_council-formal-meeting.md,minutes
985,192,2,2,"Moved by Council Member Wharton, seconded by Council Member Dugan to exit Closed Session and adjourn.",Procedural/Administrative,5-0 Pass,Pass,council_vote,,procedural,keyword,high,,,,17,19,1,minutes/2023/2023-12-04/2023-12-05_council-work-session-meeting.md,minutes
986,191,2,3,Close the public hearing and adopt Ordinance 71 of 2023: Rezone at 680 South Gladiola Street,Ordinance,7-0 Pass,Pass,council_vote,,approve,keyword,high,214,singleton,high,3,17,1,minutes/2023/2023-12-04/2023-12-05_council-formal-meeting.md,minutes
987,191,2,4,Close the public hearing and adopt Ordinance 72 of 2023: Rezone and Master Plan Amendment at 711 and 721 South 1200 East,Ordinance,7-0 Pass,Pass,council_vote,,approve,keyword,high,215,singleton,high,19,6,1,minutes/2023/2023-12-04/2023-12-05_council-formal-meeting.md,minutes
988,191,2,5,Adopt Ordinance 73 of 2023: Subdivision Code Amendments,Ordinance,7-0 Pass,Pass,council_vote,,approve,keyword,high,216,singleton,high,3,68,1,minutes/2023/2023-12-04/2023-12-05_council-formal-meeting.md,minutes
989,191,2,6,"Adopt Ordinance 74 of 2023 establishing a chapter for zoning incentives and adding affordable housing incentives in City code, with additional legislative actions requesting construction damage ordinance drafting and an administration implementation report by April 30, 2024",Ordinance,6-1 Pass,Pass,council_vote,,approve,keyword,high,,,,68,65,1,minutes/2023/2023-12-04/2023-12-05_council-formal-meeting.md,minutes
990,191,2,7,"Adopt Ordinance 75 of 2023 establishing the Form Based Mixed Use 11 zoning district, Ordinance 75B of 2023 rezoning the Fleet Block to Form Based Mixed Use 11, Ordinance 75C of 2023 establishing the southeast portion of the Fleet Block as a public square in Title 15, and a legislative action requiring a restrictive covenant be recorded identifying that area as a public square",Ordinance,7-0 Pass,Pass,council_vote,,approve,keyword,high,,,,3,6,1,minutes/2023/2023-12-04/2023-12-05_council-formal-meeting.md,minutes
991,191,2,8,Adopt Resolution 34 of 2023 requesting the recertification of the Salt Lake City Justice Court by the Board of Justice Court Judges and the Utah Judicial Council,Resolution,7-0 Pass,Pass,council_vote,,approve,keyword,high,,,,17,19,1,minutes/2023/2023-12-04/2023-12-05_council-formal-meeting.md,minutes
992,191,2,9,Adopt Ordinance 76 of 2023 approving American Rescue Plan Act local business direct assistance grant awards and contingency as shown in the Exhibit A Funding Log,Grant/Funding,7-0 Pass,Pass,council_vote,,approve,keyword,high,,,,68,19,1,minutes/2023/2023-12-04/2023-12-05_council-formal-meeting.md,minutes
993,191,2,10,Adopt Resolution 35 of 2023 approving local nonprofit direct assistance grant awards and contingency as shown in the Exhibit A Funding Log,Grant/Funding,7-0 Pass,Pass,council_vote,,approve,keyword,high,,,,19,65,1,minutes/2023/2023-12-04/2023-12-05_council-formal-meeting.md,minutes
994,191,2,11,"Adopt Ordinance 77 of 2023 approving a $90,000 loan for Ocean City Seafood Market from the Economic Development Loan Fund",Grant/Funding,7-0 Pass,Pass,council_vote,,approve,keyword,high,,,,68,17,1,minutes/2023/2023-12-04/2023-12-05_council-formal-meeting.md,minutes
995,191,2,12,Approve the Consent agenda,Procedural/Administrative,7-0 Pass,Pass,council_vote,,procedural,keyword,high,,,,17,19,1,minutes/2023/2023-12-04/2023-12-05_council-formal-meeting.md,minutes
996,193,2,1,Enter into Closed Session for the purposes of strategy sessions to discuss pending or reasonably imminent litigation and advice of Counsel.,Procedural/Administrative,4-0 Pass,Pass,council_vote,,procedural,keyword,high,,,,17,19,1,minutes/2023/2023-12-04/2023-12-08_special-council-work-session-meeting.md,minutes
997,194,2,1,"Approve the formal meeting minutes of October 17, 2023, and November 7, 2023.",Procedural/Administrative,7-0 Pass,Pass,council_vote,,procedural,keyword,high,,,,68,19,1,minutes/2023/2023-12-11/2023-12-12_council-formal-meeting.md,minutes
998,195,2,1,"Enter into Closed Session for the purposes of discussion of pending or reasonably imminent litigation, deployment of security personnel and devices, and for attorney-client matters.",Procedural/Administrative,7-0 Pass,Pass,council_vote,,procedural,keyword,high,,,,17,68,1,minutes/2023/2023-12-11/2023-12-12_council-work-session-meeting.md,minutes
999,196,5,1,"Adopt Resolution 16 of 2023, adopting the Housing and Transit Reinvestment Zone Tax Increment Reimbursement Program Policy.",Resolution,6-0 Pass,Pass,rda_vote,,approve,keyword,high,217,singleton,high,20,68,1,minutes/2023/2023-12-11/2023-12-12_redevelopment-agency-rda-meeting.md,minutes
1000,194,2,2,Close the public hearing and adopt Ordinance 81 of 2023 Budget Amendment No. 3 for Fiscal Year 2023-24 as seen on the motion sheet.,Budget Amendment,6-0 Pass,Pass,council_vote,,approve,keyword,high,,,,68,19,1,minutes/2023/2023-12-11/2023-12-12_council-formal-meeting.md,minutes
1001,195,2,2,Exit Closed Session.,Procedural/Administrative,6-0 Pass,Pass,council_vote,,procedural,keyword,high,,,,17,19,1,minutes/2023/2023-12-11/2023-12-12_council-work-session-meeting.md,minutes
1002,196,5,2,"Adopt Resolution 17 of 2023, amending the bylaws to modify the chairperson's term.",Resolution,7-0 Pass,Pass,rda_vote,,approve,keyword,high,218,singleton,high,20,3,1,minutes/2023/2023-12-11/2023-12-12_redevelopment-agency-rda-meeting.md,minutes
1003,194,2,3,Adopt Ordinance 82 of 2023 Rezone at Approximately 1380 South 900 West.,Ordinance,6-0 Pass,Pass,council_vote,,approve,keyword,high,219,singleton,high,17,19,1,minutes/2023/2023-12-11/2023-12-12_council-formal-meeting.md,minutes
1004,196,5,3,"Adopt Resolution 18 of 2023, Loan to Rocky Ventures, Inc. for The Front Climbing Club.",Grant/Funding,7-0 Pass,Pass,rda_vote,,approve,keyword,high,220,singleton,high,6,,1,minutes/2023/2023-12-11/2023-12-12_redevelopment-agency-rda-meeting.md,minutes
1005,194,2,4,"Adopt Ordinance 78 of 2023 for the rezone at 2157 South Lincoln Street, subject to the property owner entering a development agreement with specified conditions regarding preservation of the Victorian home, sidewalk construction, and a 50-year covenant running with the land.",Ordinance,6-0 Pass,Pass,council_vote,,approve,keyword,high,221,singleton,high,65,19,1,minutes/2023/2023-12-11/2023-12-12_council-formal-meeting.md,minutes
1006,194,2,5,"Adopt Resolution 36 of 2023, officially adopting a Code of Conduct for the Salt Lake City Council.",Resolution,7-0 Pass,Pass,council_vote,,approve,keyword,high,,,,19,3,1,minutes/2023/2023-12-11/2023-12-12_council-formal-meeting.md,minutes
1007,194,2,6,Adopt Ordinance 79 of 2023 enacting temporary land use regulations authorizing a temporary shelter community at approximately 255 South 600 West Street.,Ordinance,7-0 Pass,Pass,council_vote,,approve,keyword,high,,,,17,6,1,minutes/2023/2023-12-11/2023-12-12_council-formal-meeting.md,minutes
1008,194,2,7,Defer action on the resolution requesting emergency medical service personnel admission to the Firefighters Retirement System to a future date.,Procedural/Administrative,7-0 Pass,Pass,council_vote,,continue,keyword,high,,,,19,68,1,minutes/2023/2023-12-11/2023-12-12_council-formal-meeting.md,minutes
1009,194,2,8,Adopt Ordinance 80 of 2023 amending section 2.08.040 of the Salt Lake City Code creating a Division of Legislative Affairs and clarifying functions of the City Attorney's Office.,Ordinance,7-0 Pass,Pass,council_vote,,approve,keyword,high,222,singleton,high,17,19,1,minutes/2023/2023-12-11/2023-12-12_council-formal-meeting.md,minutes
1010,194,2,9,Approve the Consent agenda except for items G2 and G5.,Procedural/Administrative,7-0 Pass,Pass,council_vote,,procedural,keyword,high,,,,19,6,1,minutes/2023/2023-12-11/2023-12-12_council-formal-meeting.md,minutes
1011,194,2,10,Approve item G2 – Board Appointment: Planning Commission – Brian Scott.,Appointment/Advice & Consent,6-0 Pass,Pass,council_vote,,approve,keyword,high,,,,17,6,1,minutes/2023/2023-12-11/2023-12-12_council-formal-meeting.md,minutes
1012,197,2,1,"Approve the work session meeting minutes of November 14, 2023, and December 8, 2023, as well as the formal meeting minutes of December 5, 2023.",Procedural/Administrative,7-0 Pass,Pass,council_vote,,procedural,keyword,high,,,,3,19,1,minutes/2024/2024-01-08/2024-01-09_council-formal-meeting.md,minutes
1013,198,5,1,Elect Director Puy as Chair and Director Mano as Vice Chair of the RDA,Procedural/Administrative,7-0 Pass,Pass,rda_vote,,,unclassified,low,223,singleton,high,19,68,1,minutes/2024/2024-01-08/2024-01-09_revised-redevelopment-agency-rda-meeting.md,minutes
1014,197,2,2,Close the public hearing and defer action to a future meeting on the Landscaping and Buffers Chapter Text Amendment ordinance.,Public Hearing Action,7-0 Pass,Pass,council_vote,,continue,keyword,high,224,singleton,high,3,65,1,minutes/2024/2024-01-08/2024-01-09_council-formal-meeting.md,minutes
1015,198,5,2,"Enter into a closed session for the purposes of discussing real estate purchase, acquisition or lease, the disposition of real property and advice of counsel",Procedural/Administrative,7-0 Pass,Pass,rda_vote,,procedural,keyword,high,,,,20,17,1,minutes/2024/2024-01-08/2024-01-09_revised-redevelopment-agency-rda-meeting.md,minutes
1016,197,2,3,Ratify the election of Council Member Petro as Chair and Council Member Wharton as Vice Chair of the Salt Lake City Council.,Procedural/Administrative,7-0 Pass,Pass,council_vote,,approve,keyword,high,,,,19,3,1,minutes/2024/2024-01-08/2024-01-09_council-formal-meeting.md,minutes
1017,198,5,3,Close the public hearing,Procedural/Administrative,7-0 Pass,Pass,rda_vote,,procedural,keyword,medium,225,singleton,high,19,17,1,minutes/2024/2024-01-08/2024-01-09_revised-redevelopment-agency-rda-meeting.md,minutes
1018,197,2,4,Adopt Ordinance 1 of 2024 Airport Board Code Revisions.,Ordinance,6-0 Pass,Pass,council_vote,,approve,keyword,high,,,,19,17,1,minutes/2024/2024-01-08/2024-01-09_council-formal-meeting.md,minutes
1019,197,2,5,Approve the Consent agenda.,Procedural/Administrative,7-0 Pass,Pass,council_vote,,procedural,keyword,high,,,,3,17,1,minutes/2024/2024-01-08/2024-01-09_council-formal-meeting.md,minutes
1020,199,2,1,"Approve the work session meeting minutes of November 7, 2023 as well as the formal meeting minutes of November 14, 2023.",Procedural/Administrative,7-0 Pass,Pass,council_vote,,procedural,keyword,high,,,,19,3,1,minutes/2024/2024-01-15/2024-01-16_council-formal-meeting.md,minutes
1021,200,2,1,"Moved by Council Member Mano, seconded by Council Member Puy to enter into Closed Session for the purposes of discussion regarding deployment of security personnel, devices, or systems and advice of Counsel for attorney-client matter.",Procedural/Administrative,6-0 Pass,Pass,council_vote,,procedural,keyword,high,,,,20,3,1,minutes/2024/2024-01-15/2024-01-16_council-work-session-meeting.md,minutes
1022,199,2,2,Close the Public Hearing and refer Item B-1 to a future Consent Agenda for action.,Public Hearing Action,7-0 Pass,Pass,council_vote,,procedural,keyword,high,,,,3,19,1,minutes/2024/2024-01-15/2024-01-16_council-formal-meeting.md,minutes
1023,200,2,2,"Moved by Council Member Wharton, seconded by Council Member Dugan to exit Closed Session and adjourn.",Procedural/Administrative,7-0 Pass,Pass,council_vote,,procedural,keyword,high,,,,17,19,1,minutes/2024/2024-01-15/2024-01-16_council-work-session-meeting.md,minutes
1024,199,2,3,Adopt Ordinance 02 of 2024 Budget Amendment No. 3 for Fiscal Year 2023-24 amending the final budget of Salt Lake City including the Staffing document only for items as shown on the motion sheet.,Budget Amendment,7-0 Pass,Pass,council_vote,,approve,keyword,high,,,,19,65,1,minutes/2024/2024-01-15/2024-01-16_council-formal-meeting.md,minutes
1025,199,2,4,"Adopt Resolution 01 of 2024, requesting that emergency medical service personnel including paramedics and social workers be admitted to the Tier 2 Firefighter Utah Retirement System.",Resolution,7-0 Pass,Pass,council_vote,,approve,keyword,high,,,,3,19,1,minutes/2024/2024-01-15/2024-01-16_council-formal-meeting.md,minutes
1026,199,2,5,Approve the Consent agenda.,Procedural/Administrative,7-0 Pass,Pass,council_vote,,procedural,keyword,high,,,,3,17,1,minutes/2024/2024-01-15/2024-01-16_council-formal-meeting.md,minutes
1027,201,2,1,"Approve the work session meeting minutes of January 9, 2024, and January 16, 2024, as well as the formal meeting minutes of December 12, 2023.",Procedural/Administrative,7-0 Pass,Pass,council_vote,,procedural,keyword,high,,,,17,19,1,minutes/2024/2024-02-05/2024-02-06_council-formal-meeting.md,minutes
1028,202,2,1,"Enter into Closed Session for the purposes of strategy sessions to discuss collective bargaining; strategy sessions to discuss the purchase, exchange, or lease of real property; strategy sessions to discuss the sale of real property and attorney-client matters that are privileged.",Procedural/Administrative,7-0 Pass,Pass,council_vote,,procedural,keyword,high,,,,3,19,1,minutes/2024/2024-02-05/2024-02-06_council-work-session-meeting.md,minutes
1029,201,2,2,Adopt Joint Ceremonial Resolution 02 of 2024 Recognizing February as Black History Month in Salt Lake City.,Ceremonial Resolution,7-0 Pass,Pass,council_vote,,procedural,keyword,high,,,,19,20,1,minutes/2024/2024-02-05/2024-02-06_council-formal-meeting.md,minutes
1030,202,2,2,Exit Closed Session.,Procedural/Administrative,7-0 Pass,Pass,council_vote,,procedural,keyword,high,,,,19,20,1,minutes/2024/2024-02-05/2024-02-06_council-work-session-meeting.md,minutes
1031,201,2,3,"Continue the public hearing on the rezone at 357 and 375 East 500 South, 464-466 South 400 East, and 460-462 South 400 East to a future Council meeting.",Public Hearing Action,7-0 Pass,Pass,council_vote,,continue,keyword,high,226,singleton,high,38,17,1,minutes/2024/2024-02-05/2024-02-06_council-formal-meeting.md,minutes
1032,201,2,4,Close the public hearing and adopt Ordinance 3 of 2024 amending the Fiscal Year 2024 final budget of Salt Lake City Library including the employment staffing document only for items as shown on the motion sheet.,Budget Amendment,7-0 Pass,Pass,council_vote,,approve,keyword,high,,,,19,68,1,minutes/2024/2024-02-05/2024-02-06_council-formal-meeting.md,minutes
1033,201,2,5,Adopt Ordinance 04 of 2024 amending the Fiscal Year 2024 final budget of Salt Lake City including the employment staffing document only for items as shown on the motion sheet and authorize release of the condition regarding the temporary sanctioned campground funding.,Budget Amendment,7-0 Pass,Pass,council_vote,,approve,keyword,high,,,,68,19,1,minutes/2024/2024-02-05/2024-02-06_council-formal-meeting.md,minutes
1034,201,2,6,"Adopt Ordinance 05 of 2024 approving a $100,000 loan for Eats, LLC, from the Economic Development Loan Fund.",Grant/Funding,7-0 Pass,Pass,council_vote,,approve,keyword,high,,,,19,68,1,minutes/2024/2024-02-05/2024-02-06_council-formal-meeting.md,minutes
1035,201,2,7,"Confirm intent expressed in the motion of November 7, 2023 adopting the ordinance rezoning 1435 South State Street with conditions requiring replacement of demolished dwelling units and a minimum of 40% active ground floor facade fronting State Street that is not residential or parking, extending at least 25 feet into the building.",Legislative Intent,7-0 Pass,Pass,council_vote,,approve,keyword,high,,,,68,19,1,minutes/2024/2024-02-05/2024-02-06_council-formal-meeting.md,minutes
1036,201,2,8,Approve the Consent Agenda.,Procedural/Administrative,7-0 Pass,Pass,council_vote,,procedural,keyword,high,,,,17,19,1,minutes/2024/2024-02-05/2024-02-06_council-formal-meeting.md,minutes
1037,203,2,1,"Enter into Closed Session for the purposes of discussion regarding the deployment of security personnel, devices, or systems and advice of counsel.",Procedural/Administrative,7-0 Pass,Pass,council_vote,,procedural,keyword,high,,,,20,3,1,minutes/2024/2024-02-12/2024-02-13_council-work-session-meeting.md,minutes
1038,204,5,1,"Approve the meeting minutes of November 14, 2023; December 12, 2023; and January 9, 2024.",Procedural/Administrative,7-0 Pass,Pass,rda_vote,,procedural,keyword,high,,,,23,27,1,minutes/2024/2024-02-12/2024-02-13_redevelopment-agency-rda-meeting.md,minutes
1039,203,2,2,Exit Closed Session.,Procedural/Administrative,7-0 Pass,Pass,council_vote,,procedural,keyword,high,,,,38,19,1,minutes/2024/2024-02-12/2024-02-13_council-work-session-meeting.md,minutes
1040,204,5,2,"Enter into Closed Session for the purposes of strategy sessions to discuss the purchase, exchange, disposition, or acquisition of real property, and for attorney-client matters that are privileged pursuant to Utah Code § 78B-1-137.",Procedural/Administrative,7-0 Pass,Pass,rda_vote,,procedural,keyword,high,,,,23,28,1,minutes/2024/2024-02-12/2024-02-13_redevelopment-agency-rda-meeting.md,minutes
1041,204,5,3,Exit Closed Session.,Procedural/Administrative,6-0 Pass,Pass,rda_vote,,procedural,keyword,high,,,,23,27,1,minutes/2024/2024-02-12/2024-02-13_redevelopment-agency-rda-meeting.md,minutes
1042,205,2,1,"Moved by Council Member Wharton, seconded by Council Member Dugan to enter into Closed Session for the purposes of discussion regarding deployment of security personnel, devices, or systems; and attorney-client matters.",Procedural/Administrative,7-0 Pass,Pass,council_vote,,procedural,keyword,high,,,,17,19,1,minutes/2024/2024-02-19/2024-02-20_council-work-session-meeting.md,minutes
1043,206,2,1,"Approve the work session minutes of December 5, 2023 and December 12, 2023 as well as the formal meeting minutes of January 9, 2024, January 16, 2024 and the Oath of Office Minutes from January 2, 2024",Procedural/Administrative,7-0 Pass,Pass,council_vote,,procedural,keyword,high,,,,17,68,1,minutes/2024/2024-02-19/2024-02-20_revised-council-formal-meeting.md,minutes
1044,205,2,2,"Moved by Council Member Mano, seconded by Council Member Lopez Chavez to exit Closed Session.",Procedural/Administrative,7-0 Pass,Pass,council_vote,,procedural,keyword,high,,,,20,38,1,minutes/2024/2024-02-19/2024-02-20_council-work-session-meeting.md,minutes
1045,206,2,2,"Adopt Resolution 03 of 2024, regarding peace",Ceremonial Resolution,7-0 Pass,Pass,council_vote,,approve,keyword,high,,,,17,38,1,minutes/2024/2024-02-19/2024-02-20_revised-council-formal-meeting.md,minutes
1046,206,2,3,Close the public hearing and defer action to a future Council meeting (University of Utah Baseball Stadium Public Benefits Analysis),Public Hearing Action,7-0 Pass,Pass,council_vote,,continue,keyword,high,,,,19,17,1,minutes/2024/2024-02-19/2024-02-20_revised-council-formal-meeting.md,minutes
1047,206,2,4,Close the public hearing and adopt Ordinance 06 of 2024 (Avenues Restrictive Covenant),Ordinance,7-0 Pass,Pass,council_vote,,approve,keyword,high,,,,17,68,1,minutes/2024/2024-02-19/2024-02-20_revised-council-formal-meeting.md,minutes
1048,206,2,5,"Continue the public hearing to a future Council meeting (Rezone at 2260, 2270, and 2290 East 1300 South)",Public Hearing Action,7-0 Pass,Pass,council_vote,,continue,keyword,high,227,singleton,high,68,19,1,minutes/2024/2024-02-19/2024-02-20_revised-council-formal-meeting.md,minutes
1049,206,2,6,Close the public hearing and defer action to a future Council meeting (Community Benefit and Tenant Displacement Amendments),Public Hearing Action,7-0 Pass,Pass,council_vote,,continue,keyword,high,,,,17,19,1,minutes/2024/2024-02-19/2024-02-20_revised-council-formal-meeting.md,minutes
1050,206,2,7,"Adopt Ordinance 07 of 2024 amending Fiscal Year 2024 final budget of Salt Lake City including the employment staffing document for items A-1, A-7, A-9, and A-10, and authorize release of the condition regarding the air quality incentives program expansion",Budget Amendment,7-0 Pass,Pass,council_vote,,approve,keyword,high,,,,65,19,1,minutes/2024/2024-02-19/2024-02-20_revised-council-formal-meeting.md,minutes
1051,206,2,8,"Adopt Resolution 04 of 2024, extending the time period for satisfying the conditions set forth in Ordinance No. 06 of 2023 by one year (Zoning Map Amendment at approximately 704 East 900 South)",Resolution,7-0 Pass,Pass,council_vote,,approve,keyword,high,228,singleton,high,20,38,1,minutes/2024/2024-02-19/2024-02-20_revised-council-formal-meeting.md,minutes
1052,206,2,9,Approve the Consent agenda,Procedural/Administrative,7-0 Pass,Pass,council_vote,,procedural,keyword,high,,,,17,65,1,minutes/2024/2024-02-19/2024-02-20_revised-council-formal-meeting.md,minutes
1053,207,2,1,Adopt Joint Ceremonial Resolution 05 of 2024 Recognizing March as National Women's History Month in Salt Lake City,Ceremonial Resolution,5-0 Pass,Pass,council_vote,,procedural,keyword,high,,,,68,65,1,minutes/2024/2024-03-04/2024-03-05_revised-council-formal-meeting.md,minutes
1054,208,2,1,"Enter into Closed Session for the purposes of: discussion of the character, professional competence, or physical or mental health of an individual and for attorney-client matters that are privileged pursuant to Utah Code § 78B-1-137, and for other lawful purposes that satisfy the pertinent requirements of the Utah Open and Public Meetings Act.",Procedural/Administrative,6-0 Pass,Pass,council_vote,,procedural,keyword,high,,,,17,19,1,minutes/2024/2024-03-04/2024-03-05_revised-council-work-session-meeting.md,minutes
1055,207,2,2,Close the public hearing and refer Items B-1 through B-6 to a future Consent Agenda for action,Public Hearing Action,5-0 Pass,Pass,council_vote,,procedural,keyword,high,,,,19,65,1,minutes/2024/2024-03-04/2024-03-05_revised-council-formal-meeting.md,minutes
1056,208,2,2,Exit Closed Session.,Procedural/Administrative,5-0 Pass,Pass,council_vote,,procedural,keyword,high,,,,38,19,1,minutes/2024/2024-03-04/2024-03-05_revised-council-work-session-meeting.md,minutes
1057,207,2,3,Close the public hearing and adopt Ordinance 08 of 2024 Zoning Text Amendment for Daycare Facilities,Ordinance,5-0 Pass,Pass,council_vote,,approve,keyword,high,229,singleton,high,3,19,1,minutes/2024/2024-03-04/2024-03-05_revised-council-formal-meeting.md,minutes
1058,207,2,4,Close the public hearing and defer action on the Zoning Map and General Plan Amendments at approximately 2445 South 500 East (Woodland Commons) to a future Council meeting,Public Hearing Action,5-0 Pass,Pass,council_vote,,continue,keyword,high,230,singleton,high,19,68,1,minutes/2024/2024-03-04/2024-03-05_revised-council-formal-meeting.md,minutes
1059,207,2,5,Close the public hearing and adopt Ordinance 09 of 2024 Yalecrest – Laird Heights Local Historic District,Ordinance,5-0 Pass,Pass,council_vote,,approve,keyword,high,231,name,medium,19,65,1,minutes/2024/2024-03-04/2024-03-05_revised-council-formal-meeting.md,minutes
1060,207,2,6,"Close the public hearing and defer action on the Rezone and Master Plan Amendment at 803, 805, 807, and 815 West Simondi Avenue and 802, 806, 810, and 814 West 300 North to a future Council meeting",Public Hearing Action,5-0 Pass,Pass,council_vote,,continue,keyword,high,232,singleton,high,65,19,1,minutes/2024/2024-03-04/2024-03-05_revised-council-formal-meeting.md,minutes
1061,207,2,7,Close the public hearing and adopt Ordinance 10 of 2024 Zoning Terms and Definitions Amendment,Ordinance,5-0 Pass,Pass,council_vote,,approve,keyword,high,,,,68,19,1,minutes/2024/2024-03-04/2024-03-05_revised-council-formal-meeting.md,minutes
1062,207,2,8,Close the public hearing and refer the item on the Resolution Authorizing the Salt Lake County Housing Authority to Operate within Salt Lake City for the 44 North Apartments to a future date for action,Public Hearing Action,5-0 Pass,Pass,council_vote,,approve,keyword,high,,,,19,3,1,minutes/2024/2024-03-04/2024-03-05_revised-council-formal-meeting.md,minutes
1063,207,2,9,Close the public hearing and refer the Fiscal Year 2024-25 Funding Allocations for One-year Action Plan for Community Development Block Grant & Other Federal Grants item to a future date for action,Public Hearing Action,6-0 Pass,Pass,council_vote,,approve,keyword,high,,,,19,3,1,minutes/2024/2024-03-04/2024-03-05_revised-council-formal-meeting.md,minutes
1064,207,2,10,"Adopt Resolution 06 of 2024 University of Utah Baseball Stadium Public Benefits Analysis, approving the conclusions of the public benefit analysis, finding the lease fee waiver appropriate, and authorizing the administration to enter into the ground lease with the University on the terms set forth in the Term Sheet",Contract/Property,6-0 Pass,Pass,council_vote,,approve,keyword,high,,,,19,3,1,minutes/2024/2024-03-04/2024-03-05_revised-council-formal-meeting.md,minutes
1065,207,2,11,"Adopt Ordinance 11 of 2024 amending Titles 18 and 21A and enacting Title 19 of the Salt Lake City Code, known as the Community Benefit and Tenant Displacement Amendments, with a modification changing 'Preserving historic structures' to 'Preserving historic structures not otherwise protected'",Ordinance,6-0 Pass,Pass,council_vote,,approve,keyword,high,,,,19,65,1,minutes/2024/2024-03-04/2024-03-05_revised-council-formal-meeting.md,minutes
1066,207,2,12,"Adopt Ordinance 12 of 2024 amending various sections of Title 21A of the Salt Lake City Code pertaining to the Landscaping and Buffers chapter, with enforcement on artificial turf installed prior to the effective date delayed 18 months",Ordinance,6-0 Pass,Pass,council_vote,,approve,keyword,high,,,,19,38,1,minutes/2024/2024-03-04/2024-03-05_revised-council-formal-meeting.md,minutes
1067,207,2,13,Adopt Ordinance 13 of 2024 amending the Fiscal Year 2024 final budget of Salt Lake City including the employment staffing document and amend the Appointed Pay Plan only for items as shown on the motion sheet,Budget Amendment,6-0 Pass,Pass,council_vote,,approve,keyword,high,,,,19,68,1,minutes/2024/2024-03-04/2024-03-05_revised-council-formal-meeting.md,minutes
1068,207,2,14,Approve the appointment of Jill Love as the Salt Lake City Chief Administrative Officer,Appointment/Advice & Consent,6-0 Pass,Pass,council_vote,,approve,keyword,high,,,,19,65,1,minutes/2024/2024-03-04/2024-03-05_revised-council-formal-meeting.md,minutes
1069,207,2,15,Adopt Resolution 07 of 2024 Public Comment Policy,Resolution,6-0 Pass,Pass,council_vote,,procedural,keyword,high,,,,3,19,1,minutes/2024/2024-03-04/2024-03-05_revised-council-formal-meeting.md,minutes
1070,207,2,16,Adopt Ordinance 14 of 2024 amending Chapter 2.08.130 of the Salt Lake City Code to add a new Planning & Design Division and update the functions listed for the Department of Public Lands,Ordinance,6-0 Pass,Pass,council_vote,,approve,keyword,high,233,singleton,high,19,65,1,minutes/2024/2024-03-04/2024-03-05_revised-council-formal-meeting.md,minutes
1071,207,2,17,Adopt Resolution 08 of 2024 authorizing the City to consent to the transfer of Foreign Trade Zone authority to World Trade Center Utah,Resolution,6-0 Pass,Pass,council_vote,,approve,keyword,high,,,,38,19,1,minutes/2024/2024-03-04/2024-03-05_revised-council-formal-meeting.md,minutes
1072,207,2,18,Approve the Consent agenda,Procedural/Administrative,6-0 Pass,Pass,council_vote,,procedural,keyword,high,,,,19,65,1,minutes/2024/2024-03-04/2024-03-05_revised-council-formal-meeting.md,minutes
1073,209,2,1,"Enter into a Closed Session for the purposes of: strategy sessions to discuss the purchase, exchange, or lease of real property, including any form of a water right or water shares and for attorney-client matters that are privileged pursuant to Utah Code § 78B-1-137.",Procedural/Administrative,7-0 Pass,Pass,council_vote,,procedural,keyword,high,,,,20,65,1,minutes/2024/2024-03-18/2024-03-19_revised-council-work-session-meeting.md,minutes
1074,210,5,1,Adopt RDA Resolution 01 of 2024 Housing Development Loan Program (HDLP) Funding Allocation for High Opportunity Areas and Housing Development Loan Program (HDLP) Funding Allocations for GAP Financing,Resolution,7-0 Pass,Pass,rda_vote,,approve,keyword,high,234,singleton,high,20,19,1,minutes/2024/2024-03-18/2024-03-19_revised-redevelopment-agency-rda-meeting.md,minutes
1075,209,2,2,Exit Closed Session.,Procedural/Administrative,7-0 Pass,Pass,council_vote,,procedural,keyword,high,,,,38,19,1,minutes/2024/2024-03-18/2024-03-19_revised-council-work-session-meeting.md,minutes
1076,210,5,2,Approve the Consent agenda,Procedural/Administrative,7-0 Pass,Pass,rda_vote,,procedural,keyword,high,,,,19,17,1,minutes/2024/2024-03-18/2024-03-19_revised-redevelopment-agency-rda-meeting.md,minutes
1077,211,2,1,"Adopt Joint Ceremonial Resolution 09 of 2024 recognizing March 31, 2024 as International Transgender Day of Visibility in Salt Lake City",Ceremonial Resolution,7-0 Pass,Pass,council_vote,,procedural,keyword,high,,,,68,19,1,minutes/2024/2024-03-25/2024-03-26_council-formal-meeting.md,minutes
1078,212,2,1,"Enter into Closed Session for the purposes of discussion regarding deployment of security personnel, devices, or systems; and attorney-client matters.",Procedural/Administrative,7-0 Pass,Pass,council_vote,,procedural,keyword,high,,,,17,3,1,minutes/2024/2024-03-25/2024-03-26_council-work-session-meeting.md,minutes
1079,211,2,2,Close the public hearing and consider adopting on tonight's consent agenda the Bloomberg Center for Cities at Harvard – Leading City Procurement Reform grant application,Public Hearing Action,6-1 Pass,Pass,council_vote,,procedural,keyword,high,,,,65,19,1,minutes/2024/2024-03-25/2024-03-26_council-formal-meeting.md,minutes
1080,212,2,2,Exit Closed Session.,Procedural/Administrative,7-0 Pass,Pass,council_vote,,procedural,keyword,high,,,,38,20,1,minutes/2024/2024-03-25/2024-03-26_council-work-session-meeting.md,minutes
1081,211,2,3,Close the public hearing and adopt Ordinance 15 of 2024 – Yalecrest–Princeton Heights Local Historic District,Ordinance,7-0 Pass,Pass,council_vote,,approve,keyword,high,235,name,medium,19,38,1,minutes/2024/2024-03-25/2024-03-26_council-formal-meeting.md,minutes
1082,211,2,4,Close the public hearing and adopt Ordinance 16 of 2024 – Rezone at Approximately 756 South Montgomery Street,Ordinance,7-0 Pass,Pass,council_vote,,approve,keyword,high,236,singleton,high,68,19,1,minutes/2024/2024-03-25/2024-03-26_council-formal-meeting.md,minutes
1083,211,2,5,Close the public hearing and adopt Ordinance 17 of 2024 amending the Fiscal Year 2024 final budget of the Salt Lake City Library including the employment staffing document only for items as shown on the motion sheet,Budget Amendment,7-0 Pass,Pass,council_vote,,approve,keyword,high,,,,19,3,1,minutes/2024/2024-03-25/2024-03-26_council-formal-meeting.md,minutes
1084,211,2,6,"Close the public hearing and defer action to a future meeting on the rezone at 2260, 2270, and 2290 East 1300 South",Public Hearing Action,7-0 Pass,Pass,council_vote,,continue,keyword,high,237,singleton,high,19,65,1,minutes/2024/2024-03-25/2024-03-26_council-formal-meeting.md,minutes
1085,211,2,7,Adopt Ordinance 18 of 2024 – Zoning Map and General Plan Amendments at Approximately 2445 South 500 East (Woodland Commons),Ordinance,7-0 Pass,Pass,council_vote,,approve,keyword,high,238,singleton,high,68,19,1,minutes/2024/2024-03-25/2024-03-26_council-formal-meeting.md,minutes
1086,211,2,8,"Adopt Ordinance 19 of 2024 – Rezone and Master Plan Amendment at 803, 805, 807, and 815 West Simondi Avenue and 802, 806, 810, and 814 West 300 North",Ordinance,7-0 Pass,Pass,council_vote,,approve,keyword,high,239,singleton,high,68,19,1,minutes/2024/2024-03-25/2024-03-26_council-formal-meeting.md,minutes
1087,211,2,9,Adopt Resolution 10 of 2024 authorizing the Salt Lake County Housing Authority (Housing Connect) to operate within Salt Lake City for the development known as the 44 North Apartments including ongoing rental assistance,Resolution,7-0 Pass,Pass,council_vote,,approve,keyword,high,,,,19,68,1,minutes/2024/2024-03-25/2024-03-26_council-formal-meeting.md,minutes
1088,211,2,10,Initiate a legislative action starting the process for City staff to research and draft an ordinance that would create a Transfer of Development Rights (TDR) program for the Sugar House Business zoning districts,Legislative Intent,7-0 Pass,Pass,council_vote,,,unclassified,low,,,,65,20,1,minutes/2024/2024-03-25/2024-03-26_council-formal-meeting.md,minutes
1089,211,2,11,Approve the Consent agenda,Procedural/Administrative,7-0 Pass,Pass,council_vote,,procedural,keyword,high,,,,19,68,1,minutes/2024/2024-03-25/2024-03-26_council-formal-meeting.md,minutes
1090,213,2,1,"Close the public hearing and refer Items B-1 through B-3 (FY2023 Paul Coverdell Forensic Science Improvement Grant, UDOT Improvements to State Street Grant, and Assistance to Firefighters Submission Grant) to a future Consent Agenda for action.",Public Hearing Action,6-0 Pass,Pass,council_vote,,procedural,keyword,high,,,,3,17,1,minutes/2024/2024-04-01/2024-04-02_revised-council-formal-meeting.md,minutes
1091,214,2,1,"Moved by Council Member Wharton, seconded by Council Member Lopez Chavez to enter into Closed Session for the purposes of strategy sessions to discuss collective bargaining and attorney-client matters.",Procedural/Administrative,6-0 Pass,Pass,council_vote,,procedural,keyword,high,,,,17,38,1,minutes/2024/2024-04-01/2024-04-02_revised-council-work-session-meeting.md,minutes
1092,213,2,2,"Close the public hearing and adopt Ordinance 20 of 2024, for a temporary road closure of 7200 West between Interstate 80 and California Avenue.",Ordinance,6-0 Pass,Pass,council_vote,,approve,keyword,high,,,,3,20,1,minutes/2024/2024-04-01/2024-04-02_revised-council-formal-meeting.md,minutes
1093,214,2,2,"Moved by Council Member Puy, seconded by Council Member Wharton to exit Closed Session.",Procedural/Administrative,5-0 Pass,Pass,council_vote,,procedural,keyword,high,,,,3,17,1,minutes/2024/2024-04-01/2024-04-02_revised-council-work-session-meeting.md,minutes
1094,213,2,3,"Adopt the Ordinance for a Rezone at 2260, and 2290 East 1300 South.",Ordinance,0-6 Fail,Fail,council_vote,,approve,keyword,high,240,singleton,high,68,3,1,minutes/2024/2024-04-01/2024-04-02_revised-council-formal-meeting.md,minutes
1095,213,2,4,"Reject the Ordinance for a Rezone at 2260, and 2290 East 1300 South.",Ordinance,6-0 Pass,Pass,council_vote,,deny,keyword,high,241,singleton,high,19,3,1,minutes/2024/2024-04-01/2024-04-02_revised-council-formal-meeting.md,minutes
1096,213,2,5,Adopt Resolution 11 of 2024 Northpoint Area Annexation Initiation.,Resolution,6-0 Pass,Pass,council_vote,,approve,keyword,high,,,,3,68,1,minutes/2024/2024-04-01/2024-04-02_revised-council-formal-meeting.md,minutes
1097,213,2,6,"Adopt Ordinance 21 of 2024 approving a $350,000 loan for Parea, LLC, from the Economic Development Loan Fund.",Grant/Funding,6-0 Pass,Pass,council_vote,,approve,keyword,high,,,,3,19,1,minutes/2024/2024-04-01/2024-04-02_revised-council-formal-meeting.md,minutes
1098,213,2,7,Approve all items of the Consent agenda other than item G3.,Procedural/Administrative,6-0 Pass,Pass,council_vote,,procedural,keyword,high,,,,20,3,1,minutes/2024/2024-04-01/2024-04-02_revised-council-formal-meeting.md,minutes
1099,213,2,8,Approve item G3 of the Consent agenda (Ordinance: Ballpark Station Area Rezone and Text Amendments – set public hearing date).,Procedural/Administrative,5-0 Pass,Pass,council_vote,,procedural,keyword,high,242,name,medium,68,3,1,minutes/2024/2024-04-01/2024-04-02_revised-council-formal-meeting.md,minutes
1100,215,5,1,"Approve the Minutes of February 13, 2024",Procedural/Administrative,5-0 Pass,Pass,rda_vote,,procedural,keyword,high,,,,23,28,1,minutes/2024/2024-04-15/2024-04-16_redevelopment-agency-rda-meeting.md,minutes
1101,216,2,1,"Approve the Work Session Minutes of February 13, 2024",Procedural/Administrative,7-0 Pass,Pass,council_vote,,procedural,keyword,high,,,,3,19,1,minutes/2024/2024-04-15/2024-04-16_revised-council-formal-meeting.md,minutes
1102,215,5,2,Adopt Resolution 03 of 2024 (Annual Housing Funding Priorities Fiscal Year 2024-25),Resolution,7-0 Pass,Pass,rda_vote,,approve,keyword,high,,,,23,28,1,minutes/2024/2024-04-15/2024-04-16_redevelopment-agency-rda-meeting.md,minutes
1103,216,2,2,Close the public hearing and refer Items B-1 through B-3 to a future Consent Agenda for action,Public Hearing Action,7-0 Pass,Pass,council_vote,,procedural,keyword,high,,,,19,3,1,minutes/2024/2024-04-15/2024-04-16_revised-council-formal-meeting.md,minutes
1104,215,5,3,Adopt Resolution 04 of 2024 (RDA Budget Amendment No.2 for Fiscal Year 2023-24),Budget Amendment,7-0 Pass,Pass,rda_vote,,approve,keyword,high,,,,29,34,1,minutes/2024/2024-04-15/2024-04-16_redevelopment-agency-rda-meeting.md,minutes
1105,216,2,3,"Close the public hearing and defer action to a future Council meeting (Zoning Map Amendments at approximately 2760, 2800, and 2828 North 2200 West)",Public Hearing Action,7-0 Pass,Pass,council_vote,,continue,keyword,high,243,singleton,high,19,3,1,minutes/2024/2024-04-15/2024-04-16_revised-council-formal-meeting.md,minutes
1106,215,5,4,Adopt Resolution 05 of 2024 (Renaming of the Redevelopment Agency of Salt Lake City),Resolution,6-0 Pass,Pass,rda_vote,,approve,keyword,high,244,singleton,high,23,27,1,minutes/2024/2024-04-15/2024-04-16_redevelopment-agency-rda-meeting.md,minutes
1107,216,2,4,Close the public hearing and defer action to a future Council meeting (Rezone and Master Plan Amendment at approximately 1791 South and 1815 South State Street and 118 East and 120 East Coatsville Avenue),Public Hearing Action,6-0 Pass,Pass,council_vote,,continue,keyword,high,245,singleton,high,3,19,1,minutes/2024/2024-04-15/2024-04-16_revised-council-formal-meeting.md,minutes
1108,215,5,5,Approve the Consent Agenda,Procedural/Administrative,7-0 Pass,Pass,rda_vote,,procedural,keyword,high,,,,29,23,1,minutes/2024/2024-04-15/2024-04-16_redevelopment-agency-rda-meeting.md,minutes
1109,216,2,5,Close the public hearing and defer action to a future Council meeting (Window Requirements for New Construction in The City's Local Historic Districts),Public Hearing Action,7-0 Pass,Pass,council_vote,,continue,keyword,high,,,,3,19,1,minutes/2024/2024-04-15/2024-04-16_revised-council-formal-meeting.md,minutes
1110,216,2,6,Continue the public hearing to a future Council meeting (Citywide Transportation Plan: Connect SLC),Public Hearing Action,7-0 Pass,Pass,council_vote,,continue,keyword,high,,,,17,3,1,minutes/2024/2024-04-15/2024-04-16_revised-council-formal-meeting.md,minutes
1111,216,2,7,"Close the public hearing and adopt Ordinance 22 of 2024, requiring the demolition notice to be posted at the location",Ordinance,7-0 Pass,Pass,council_vote,,approve,keyword,high,,,,17,3,1,minutes/2024/2024-04-15/2024-04-16_revised-council-formal-meeting.md,minutes
1112,216,2,8,"Adopt Resolution 12 of 2024 for FY2024-25 HUD grant programs: CDBG, ESG, HOME, HOPWA, HOME-ARPA, and CDBG-CV",Resolution,7-0 Pass,Pass,council_vote,,approve,keyword,high,,,,19,3,1,minutes/2024/2024-04-15/2024-04-16_revised-council-formal-meeting.md,minutes
1113,216,2,9,"Adopt Ordinance 28 of 2024, authorizing the full single upfront payment of $1.612 million from the General Fund Balance for item A-10: Downtown Parking Pay Station Replacements",Budget Amendment,7-0 Pass,Pass,council_vote,,approve,keyword,high,,,,19,17,1,minutes/2024/2024-04-15/2024-04-16_revised-council-formal-meeting.md,minutes
1114,216,2,10,Adopt Ordinance 23 of 2024 (Temporary Zoning Regulation – Volunteers of America Youth Resource Center),Ordinance,7-0 Pass,Pass,council_vote,,approve,keyword,high,,,,3,19,1,minutes/2024/2024-04-15/2024-04-16_revised-council-formal-meeting.md,minutes
1115,216,2,11,Adopt Ordinance 24 of 2024 (Temporary Zoning Regulation – Geraldine E. King Women's Resource Center),Ordinance,7-0 Pass,Pass,council_vote,,approve,keyword,high,,,,3,19,1,minutes/2024/2024-04-15/2024-04-16_revised-council-formal-meeting.md,minutes
1116,216,2,12,Adopt Ordinance 25 of 2024 (Temporary Zoning Regulation – Gail Miller Resource Center),Ordinance,7-0 Pass,Pass,council_vote,,approve,keyword,high,,,,3,19,1,minutes/2024/2024-04-15/2024-04-16_revised-council-formal-meeting.md,minutes
1117,216,2,13,Adopt Ordinance 27 of 2024 (Temporary Zoning Regulation – St. Vincent de Paul Center),Ordinance,7-0 Pass,Pass,council_vote,,approve,keyword,high,,,,3,19,1,minutes/2024/2024-04-15/2024-04-16_revised-council-formal-meeting.md,minutes
1118,216,2,14,Adopt Ordinance 26 of 2024 (Temporary Zoning Regulation – MicroShelter Community Program),Ordinance,7-0 Pass,Pass,council_vote,,approve,keyword,high,,,,3,19,1,minutes/2024/2024-04-15/2024-04-16_revised-council-formal-meeting.md,minutes
1119,216,2,15,Adopt the Consent Agenda,Procedural/Administrative,7-0 Pass,Pass,council_vote,,procedural,keyword,high,,,,17,19,1,minutes/2024/2024-04-15/2024-04-16_revised-council-formal-meeting.md,minutes
1120,217,3,1,"Approve the meeting minutes of April 18, 2023; May 2, 2023; May 16, 2023; June 6, 2023; and June 13, 2023 (LBA).",Procedural/Administrative,7-0 Pass,Pass,mba_vote,,procedural,keyword,high,,,,58,70,1,minutes/2024/2024-05-06/2024-05-07_lba-rda-and-council-formal-meeting.md,minutes
1121,217,3,2,"Approve Resolution 01 of 2024, adopting the tentative budget for the Capital Projects Fund of the Local Building Authority of Salt Lake City, Utah for Fiscal Year 2024-25.",Budget Amendment,7-0 Pass,Pass,mba_vote,,approve,keyword,high,,,,70,49,1,minutes/2024/2024-05-06/2024-05-07_lba-rda-and-council-formal-meeting.md,minutes
1122,217,3,3,Adjourn the LBA meeting.,Procedural/Administrative,7-0 Pass,Pass,mba_vote,,procedural,keyword,high,,,,70,49,1,minutes/2024/2024-05-06/2024-05-07_lba-rda-and-council-formal-meeting.md,minutes
1123,218,5,4,"Approve Resolution 05 of 2024, adopting the tentative budget for the Redevelopment Agency of Salt Lake City, Utah for Fiscal Year 2024-25.",Budget Amendment,7-0 Pass,Pass,rda_vote,,approve,keyword,high,,,,58,36,1,minutes/2024/2024-05-06/2024-05-07_lba-rda-and-council-formal-meeting.md,minutes
1124,218,5,5,Adjourn the RDA meeting.,Procedural/Administrative,7-0 Pass,Pass,rda_vote,,procedural,keyword,high,,,,58,36,1,minutes/2024/2024-05-06/2024-05-07_lba-rda-and-council-formal-meeting.md,minutes
1125,219,2,6,"Approve the formal meeting minutes of February 20, 2024 and April 2, 2024.",Procedural/Administrative,7-0 Pass,Pass,council_vote,,procedural,keyword,high,,,,58,70,1,minutes/2024/2024-05-06/2024-05-07_lba-rda-and-council-formal-meeting.md,minutes
1126,219,2,7,Close the Public Hearing and refer Items H-1 and H-2 to a future Consent Agenda for action.,Public Hearing Action,7-0 Pass,Pass,council_vote,,procedural,keyword,high,,,,36,71,1,minutes/2024/2024-05-06/2024-05-07_lba-rda-and-council-formal-meeting.md,minutes
1127,219,2,8,Close the Public Hearing and defer action on the Ballpark Station Area Rezone and Text Amendments to a future Council meeting.,Public Hearing Action,7-0 Pass,Pass,council_vote,,continue,keyword,high,242,name,medium,36,49,1,minutes/2024/2024-05-06/2024-05-07_lba-rda-and-council-formal-meeting.md,minutes
1128,219,2,9,Close the Public Hearing and defer action on the MU-8 Zone Sign Text Amendments to a future Council meeting.,Public Hearing Action,7-0 Pass,Pass,council_vote,,continue,keyword,high,,,,36,49,1,minutes/2024/2024-05-06/2024-05-07_lba-rda-and-council-formal-meeting.md,minutes
1129,219,2,10,"Close the public hearing, evaluate potentially modifying the boundaries, and defer action on the Northpoint Area Annexation Initiation to a future Council meeting.",Public Hearing Action,7-0 Pass,Pass,council_vote,,continue,keyword,high,,,,56,49,1,minutes/2024/2024-05-06/2024-05-07_lba-rda-and-council-formal-meeting.md,minutes
1130,219,2,11,Close the Public Hearing and adopt Ordinance 29 of 2024 (Attached Garages Zoning Text Amendment).,Ordinance,7-0 Pass,Pass,council_vote,,approve,keyword,high,246,singleton,high,58,71,1,minutes/2024/2024-05-06/2024-05-07_lba-rda-and-council-formal-meeting.md,minutes
1131,219,2,12,Close the Public Hearing and defer action on the Rezone at approximately 536 South 200 West to a future Council meeting.,Public Hearing Action,7-0 Pass,Pass,council_vote,,continue,keyword,high,247,singleton,high,36,49,1,minutes/2024/2024-05-06/2024-05-07_lba-rda-and-council-formal-meeting.md,minutes
1132,219,2,13,Close the Public Hearing and adopt Ordinance 30 of 2024 (Zoning Map Amendment at 1050 West 1300 South).,Ordinance,7-0 Pass,Pass,council_vote,,approve,keyword,high,248,singleton,high,58,36,1,minutes/2024/2024-05-06/2024-05-07_lba-rda-and-council-formal-meeting.md,minutes
1133,219,2,14,"Close the Public Hearing and adopt Ordinance 31 of 2024, amending the Fiscal Year 2024 final budget of Salt Lake City including the employment staffing document for specified items, and direct the City to seek reimbursement for Item A-8 from the Utah Fairpark Area Investment and Restoration District.",Budget Amendment,7-0 Pass,Pass,council_vote,,approve,keyword,high,,,,36,70,1,minutes/2024/2024-05-06/2024-05-07_lba-rda-and-council-formal-meeting.md,minutes
1134,219,2,15,"Close this Public Hearing on the Metropolitan Water District FY2024-25 property tax proposal and refer to the next Public Hearing on the May 21, 2024 agenda.",Public Hearing Action,7-0 Pass,Pass,council_vote,,procedural,keyword,medium,,,,36,58,1,minutes/2024/2024-05-06/2024-05-07_lba-rda-and-council-formal-meeting.md,minutes
1135,219,2,16,"Close the Public Hearing and adopt Ordinance 32 of 2024, replacing the 1996 Transportation Master Plan with Connect SLC as the Citywide Transportation Plan.",Ordinance,7-0 Pass,Pass,council_vote,,approve,keyword,high,249,name,medium,36,58,1,minutes/2024/2024-05-06/2024-05-07_lba-rda-and-council-formal-meeting.md,minutes
1136,219,2,17,"Adopt Ordinance 33 of 2024, subject to the conditions outlined in Attachment A, with added development agreement language limiting Package Delivery Facility accessory use to no more than 25 percent of gross square footage of any building (Zoning Map Amendments at approximately 2760, 2800, and 2828 North 2200 West).",Ordinance,6-1 Pass,Pass,council_vote,,approve,keyword,high,250,singleton,high,56,58,1,minutes/2024/2024-05-06/2024-05-07_lba-rda-and-council-formal-meeting.md,minutes
1137,219,2,18,"Amend and adopt Ordinance 34 of 2024, permitting vinyl windows in local historic districts only as an affordable housing incentive per chapter 21A.52, so long as they are not readily visible from the street.",Ordinance,7-0 Pass,Pass,council_vote,,approve,keyword,high,,,,70,56,1,minutes/2024/2024-05-06/2024-05-07_lba-rda-and-council-formal-meeting.md,minutes
1138,219,2,19,Initiate a legislative action for City staff to research and draft an ordinance allowing live performance theater use (indoor or outdoor) in the General Commercial zone and other appropriate districts.,Legislative Intent,7-0 Pass,Pass,council_vote,,,unclassified,low,,,,58,36,1,minutes/2024/2024-05-06/2024-05-07_lba-rda-and-council-formal-meeting.md,minutes
1139,219,2,20,Initiate a legislative action for City staff to research and draft an ordinance changing the protection period for reconstructed historic buildings from 25 to 50 years.,Legislative Intent,7-0 Pass,Pass,council_vote,,,unclassified,low,,,,70,58,1,minutes/2024/2024-05-06/2024-05-07_lba-rda-and-council-formal-meeting.md,minutes
1140,219,2,21,"Suspend the rules and adopt Ordinance 35 of 2024, amending the Consolidated Fee Schedule to modify certain fees related to recreational facilities.",Ordinance,7-0 Pass,Pass,council_vote,,approve,keyword,high,,,,36,71,1,minutes/2024/2024-05-06/2024-05-07_lba-rda-and-council-formal-meeting.md,minutes
1141,219,2,22,"Approve Resolution 13 of 2024, adopting the tentative budget for Salt Lake City, Utah, including the tentative budget of the Library Fund, for Fiscal Year 2024-25.",Budget Amendment,7-0 Pass,Pass,council_vote,,approve,keyword,high,,,,58,49,1,minutes/2024/2024-05-06/2024-05-07_lba-rda-and-council-formal-meeting.md,minutes
1142,219,2,23,Adopt the Consent Agenda.,Procedural/Administrative,7-0 Pass,Pass,council_vote,,procedural,keyword,high,,,,56,36,1,minutes/2024/2024-05-06/2024-05-07_lba-rda-and-council-formal-meeting.md,minutes
1143,219,2,24,Adopt the LBA Consent Agenda.,Procedural/Administrative,7-0 Pass,Pass,council_vote,,procedural,keyword,high,,,,58,70,1,minutes/2024/2024-05-06/2024-05-07_lba-rda-and-council-formal-meeting.md,minutes
1144,220,2,1,"Moved by Council Member Wharton, seconded by Council Member Dugan to enter into Closed Session for the purposes of attorney-client matters.",Procedural/Administrative,7-0 Pass,Pass,council_vote,,procedural,keyword,high,,,,17,19,1,minutes/2024/2024-05-13/2024-05-14_council-work-session-meeting.md,minutes
1145,221,5,1,Close the public hearing on RDA Budget Amendment No.3 for Fiscal Year 2023-24 and defer action to later in the RDA meeting.,Public Hearing Action,6-0 Pass,Pass,rda_vote,,continue,keyword,high,,,,23,29,1,minutes/2024/2024-05-13/2024-05-14_redevelopment-agency-rda-meeting.md,minutes
1146,220,2,2,"Moved by Council Member Dugan, seconded by Council Member Lopez Chavez to exit closed session and adjourn.",Procedural/Administrative,7-0 Pass,Pass,council_vote,,procedural,keyword,high,,,,19,38,1,minutes/2024/2024-05-13/2024-05-14_council-work-session-meeting.md,minutes
1147,221,5,2,"Approve the meeting minutes of March 19, 2024.",Procedural/Administrative,6-0 Pass,Pass,rda_vote,,procedural,keyword,high,,,,23,29,1,minutes/2024/2024-05-13/2024-05-14_redevelopment-agency-rda-meeting.md,minutes
1148,221,5,3,Adopt Resolution 06 of 2024 (RDA Budget Amendment No.3 for Fiscal Year 2023-24).,Budget Amendment,6-0 Pass,Pass,rda_vote,,approve,keyword,high,,,,28,23,1,minutes/2024/2024-05-13/2024-05-14_redevelopment-agency-rda-meeting.md,minutes
1149,221,5,4,Adopt Resolution 07 of 2024 authorizing use of State Street Community Reinvestment Area funds outside of the area boundaries for Ballpark properties.,Resolution,7-0 Pass,Pass,rda_vote,,approve,keyword,high,251,singleton,high,34,28,1,minutes/2024/2024-05-13/2024-05-14_redevelopment-agency-rda-meeting.md,minutes
1150,221,5,5,"Approve the consent agenda (including setting the date of June 11, 2024 to accept public comment and consider RDA Budget Amendment No.4 for Fiscal Year 2023-24).",Procedural/Administrative,7-0 Pass,Pass,rda_vote,,procedural,keyword,high,,,,28,34,1,minutes/2024/2024-05-13/2024-05-14_redevelopment-agency-rda-meeting.md,minutes
1151,221,5,6,"Enter into Closed Session for the purposes of strategy sessions to discuss the purchase, exchange, or lease of real property, and attorney-client matters.",Procedural/Administrative,7-0 Pass,Pass,rda_vote,,procedural,keyword,high,,,,36,70,1,minutes/2024/2024-05-13/2024-05-14_redevelopment-agency-rda-meeting.md,minutes
1152,221,5,7,Exit Closed Session.,Procedural/Administrative,7-0 Pass,Pass,rda_vote,,procedural,keyword,high,,,,36,49,1,minutes/2024/2024-05-13/2024-05-14_redevelopment-agency-rda-meeting.md,minutes
1153,222,2,1,Enter into Closed Session for the purposes of attorney-client matters.,Procedural/Administrative,5-0 Pass,Pass,council_vote,,procedural,keyword,high,,,,19,38,1,minutes/2024/2024-05-20/2024-05-21_council-work-session-meeting.md,minutes
1154,223,3,1,"Close the public hearing and refer the item to a new public hearing on June 4, 2024 (LBA Budget for Fiscal Year 2024-25)",Public Hearing Action,7-0 Pass,Pass,mba_vote,,procedural,keyword,medium,,,,19,65,1,minutes/2024/2024-05-20/2024-05-21_lba-rda-and-council-formal-meeting.md,minutes
1155,222,2,2,Exit Closed Session A.,Procedural/Administrative,6-0 Pass,Pass,council_vote,,procedural,keyword,high,,,,38,19,1,minutes/2024/2024-05-20/2024-05-21_council-work-session-meeting.md,minutes
1156,224,5,2,Adjourn as the LBA Board and reconvene as the RDA Board,Procedural/Administrative,7-0 Pass,Pass,rda_vote,,procedural,keyword,high,,,,3,17,1,minutes/2024/2024-05-20/2024-05-21_lba-rda-and-council-formal-meeting.md,minutes
1157,222,2,3,Enter into Closed Session (B) for the purposes of strategy sessions to discuss collective bargaining and advice of counsel.,Procedural/Administrative,6-0 Pass,Pass,council_vote,,procedural,keyword,high,,,,20,3,1,minutes/2024/2024-05-20/2024-05-21_council-work-session-meeting.md,minutes
1158,224,5,3,"Close the public hearing and refer the item to a new public hearing on June 4, 2024 (RDA Budget for Fiscal Year 2024-25)",Public Hearing Action,7-0 Pass,Pass,rda_vote,,procedural,keyword,medium,,,,19,38,1,minutes/2024/2024-05-20/2024-05-21_lba-rda-and-council-formal-meeting.md,minutes
1159,222,2,4,Exit Closed Session (B).,Procedural/Administrative,6-0 Pass,Pass,council_vote,,procedural,keyword,high,,,,19,3,1,minutes/2024/2024-05-20/2024-05-21_council-work-session-meeting.md,minutes
1160,225,2,4,Adjourn as the RDA Board and reconvene as the City Council,Procedural/Administrative,7-0 Pass,Pass,council_vote,,procedural,keyword,high,,,,3,17,1,minutes/2024/2024-05-20/2024-05-21_lba-rda-and-council-formal-meeting.md,minutes
1161,225,2,5,"Approve minutes (work session minutes of March 5, March 19, and April 2, 2024; formal meeting minutes of March 5, 2024; and retreat minutes of January 23, 2024)",Procedural/Administrative,7-0 Pass,Pass,council_vote,,procedural,keyword,high,,,,3,17,1,minutes/2024/2024-05-20/2024-05-21_lba-rda-and-council-formal-meeting.md,minutes
1162,225,2,6,Adopt Joint Ceremonial Resolution 14 of 2024 celebrating June 2024 as Pride Month,Ceremonial Resolution,7-0 Pass,Pass,council_vote,,procedural,keyword,high,,,,17,38,1,minutes/2024/2024-05-20/2024-05-21_lba-rda-and-council-formal-meeting.md,minutes
1163,225,2,7,Close the public hearing and refer items G1–G7 to a future Consent Agenda for action,Public Hearing Action,7-0 Pass,Pass,council_vote,,procedural,keyword,high,,,,19,3,1,minutes/2024/2024-05-20/2024-05-21_lba-rda-and-council-formal-meeting.md,minutes
1164,225,2,8,Close the public hearing and adopt Resolution 16 of 2024 (Fairmont Heights Senior Housing Development at 2257 South 1100 East),Resolution,7-0 Pass,Pass,council_vote,,approve,keyword,high,,,,65,3,1,minutes/2024/2024-05-20/2024-05-21_lba-rda-and-council-formal-meeting.md,minutes
1165,225,2,9,Close the public hearing and adopt Resolution 15 of 2024 (Metropolitan Water District property tax increase for FY2024-25),Resolution,7-0 Pass,Pass,council_vote,,approve,keyword,high,,,,3,19,1,minutes/2024/2024-05-20/2024-05-21_lba-rda-and-council-formal-meeting.md,minutes
1166,225,2,10,Close the public hearing and adopt Ordinance 36 of 2024 (Library Budget Amendment No. 3 for Fiscal Year 2023-24),Budget Amendment,7-0 Pass,Pass,council_vote,,approve,keyword,high,,,,3,19,1,minutes/2024/2024-05-20/2024-05-21_lba-rda-and-council-formal-meeting.md,minutes
1167,225,2,11,"Close the public hearing and refer items G11–G19 to a new public hearing on June 4, 2024 (FY2024-25 City Budget ordinances)",Public Hearing Action,7-0 Pass,Pass,council_vote,,procedural,keyword,medium,,,,19,38,1,minutes/2024/2024-05-20/2024-05-21_lba-rda-and-council-formal-meeting.md,minutes
1168,225,2,12,Continue the public hearing on the Capital City Revitalization Zone to a future date,Public Hearing Action,7-0 Pass,Pass,council_vote,,continue,keyword,high,,,,3,38,1,minutes/2024/2024-05-20/2024-05-21_lba-rda-and-council-formal-meeting.md,minutes
1169,225,2,13,Adopt Ordinance 37 of 2024 (Ballpark Station Area Rezone – Creation of the MU-8 Zoning District),Ordinance,6-0 Pass,Pass,council_vote,,approve,keyword,high,242,name,medium,19,17,1,minutes/2024/2024-05-20/2024-05-21_lba-rda-and-council-formal-meeting.md,minutes
1170,225,2,14,Adopt Ordinance 38 of 2024 (MU-8 Zone Sign Text Amendments),Ordinance,6-0 Pass,Pass,council_vote,,approve,keyword,high,,,,19,17,1,minutes/2024/2024-05-20/2024-05-21_lba-rda-and-council-formal-meeting.md,minutes
1171,225,2,15,Adopt Ordinance 54 of 2024 (Ballpark Station Area Rezone and Text Amendments),Ordinance,7-0 Pass,Pass,council_vote,,approve,keyword,high,242,name,medium,17,3,1,minutes/2024/2024-05-20/2024-05-21_lba-rda-and-council-formal-meeting.md,minutes
1172,225,2,16,Adopt Ordinance 55 of 2024 (Ballpark Station Area Rezone at 1058 and 1064 South West Temple),Ordinance,6-0 Pass,Pass,council_vote,,approve,keyword,high,242,name,medium,17,38,1,minutes/2024/2024-05-20/2024-05-21_lba-rda-and-council-formal-meeting.md,minutes
1173,225,2,17,"Adopt Ordinance 43 of 2024 (Rezone and Master Plan Amendment at approximately 1791 S and 1815 S State Street and 118 E and 120 E Coatsville Avenue) subject to additional development agreement requirements including 5% affordable units at 80% AMI for 15 years, minimum parking of ½ space per dwelling unit, and 1 space per 1,000 sq ft of commercial space",Ordinance,6-0 Pass,Pass,council_vote,,approve,keyword,high,252,singleton,high,3,17,1,minutes/2024/2024-05-20/2024-05-21_lba-rda-and-council-formal-meeting.md,minutes
1174,225,2,18,Adopt Ordinance 39 of 2024 (Rezone at approximately 536 South 200 West from D-2 to D-1),Ordinance,6-1 Pass,Pass,council_vote,,approve,keyword,high,253,singleton,high,17,19,1,minutes/2024/2024-05-20/2024-05-21_lba-rda-and-council-formal-meeting.md,minutes
1175,225,2,19,"Adopt Ordinance 44 of 2023 amending the FY2024 final budget (Budget Amendment No. 5) for specified items only (A-1, A-2, A-4, A-6, A-7, A-9, D-1, D-2, D-3, D-4, D-6, D-8, D-9, E-1, and Grant Consent Agenda items G-1 through G-4 in sections 4 and 5)",Budget Amendment,7-0 Pass,Pass,council_vote,,procedural,keyword,high,,,,19,3,1,minutes/2024/2024-05-20/2024-05-21_lba-rda-and-council-formal-meeting.md,minutes
1176,225,2,20,"Further adopt item D-7 (Open Streets 2024 in the Granary District and on Main Street Downtown, $250,288 rescoped from prior year funds) contingent upon the contract including addressing bike infrastructure and encouraging alternative transportation",Budget Amendment,7-0 Pass,Pass,council_vote,,approve,keyword,high,,,,38,3,1,minutes/2024/2024-05-20/2024-05-21_lba-rda-and-council-formal-meeting.md,minutes
1177,225,2,21,"Approve Consent Agenda (items L1–L10, including board appointments and setting public hearing dates)",Appointment/Advice & Consent,7-0 Pass,Pass,council_vote,,procedural,keyword,high,,,,17,38,1,minutes/2024/2024-05-20/2024-05-21_lba-rda-and-council-formal-meeting.md,minutes
1178,226,2,1,Enter into Closed Session for attorney-client matters,Procedural/Administrative,7-0 Pass,Pass,council_vote,,procedural,keyword,high,,,,17,38,1,minutes/2024/2024-05-27/2024-05-30_council-work-session-meeting.md,minutes
1179,226,2,2,Exit Closed Session,Procedural/Administrative,5-0 Pass,Pass,council_vote,,procedural,keyword,high,,,,19,20,1,minutes/2024/2024-05-27/2024-05-30_council-work-session-meeting.md,minutes
1180,227,2,1,"Moved by Council Member Mano, seconded by Council Member Dugan to enter into Closed Session for the purposes of strategy sessions to discuss collective bargaining; a closed meeting may also be held for attorney-client matters that are privileged pursuant to Utah Code § 78B-1-137, and for other lawful purposes that satisfy the pertinent requirements of the Utah Open and Public Meetings Act and labor negotiations.",Procedural/Administrative,7-0 Pass,Pass,council_vote,,procedural,keyword,high,,,,20,19,1,minutes/2024/2024-06-03/2024-06-04_council-work-session-meeting.md,minutes
1181,228,3,1,Close the public hearing on the LBA Fiscal Year 2024-25 Budget and refer the item to a future date for action.,Public Hearing Action,7-0 Pass,Pass,mba_vote,,procedural,keyword,medium,,,,3,68,1,minutes/2024/2024-06-03/2024-06-04_lba-rda-and-council-formal-meeting.md,minutes
1182,227,2,2,"Moved by Council Member Dugan, seconded by Council Member Lopez Chavez to exit the Closed Session and adjourn.",Procedural/Administrative,7-0 Pass,Pass,council_vote,,procedural,keyword,high,,,,19,38,1,minutes/2024/2024-06-03/2024-06-04_council-work-session-meeting.md,minutes
1183,229,5,2,Adjourn as the LBA and convene as the RDA.,Procedural/Administrative,7-0 Pass,Pass,rda_vote,,procedural,keyword,high,,,,3,38,1,minutes/2024/2024-06-03/2024-06-04_lba-rda-and-council-formal-meeting.md,minutes
1184,229,5,3,Close the public hearing on the RDA Fiscal Year 2024-25 Budget and refer the item to a future date for action.,Public Hearing Action,7-0 Pass,Pass,rda_vote,,procedural,keyword,medium,,,,3,68,1,minutes/2024/2024-06-03/2024-06-04_lba-rda-and-council-formal-meeting.md,minutes
1185,230,2,4,Adjourn as the RDA and convene as the City Council.,Procedural/Administrative,7-0 Pass,Pass,council_vote,,procedural,keyword,high,,,,3,68,1,minutes/2024/2024-06-03/2024-06-04_lba-rda-and-council-formal-meeting.md,minutes
1186,230,2,5,"Approve the meeting minutes of February 6, 2024, March 26, 2024, and May 7, 2024, as well as the formal meeting minutes of April 16, 2024.",Procedural/Administrative,7-0 Pass,Pass,council_vote,,procedural,keyword,high,,,,38,17,1,minutes/2024/2024-06-03/2024-06-04_lba-rda-and-council-formal-meeting.md,minutes
1187,230,2,6,Close the public hearing on Title 18 Text Amendments and defer action to a future Council meeting.,Public Hearing Action,7-0 Pass,Pass,council_vote,,continue,keyword,high,,,,3,68,1,minutes/2024/2024-06-03/2024-06-04_lba-rda-and-council-formal-meeting.md,minutes
1188,230,2,7,Close the public hearing and adopt Ordinance 40 of 2024 amending Title 21A regarding Planning and Historic Landmark Commission membership and Appeals Hearing Officer term limits.,Ordinance,7-0 Pass,Pass,council_vote,,approve,keyword,high,254,singleton,high,68,65,1,minutes/2024/2024-06-03/2024-06-04_lba-rda-and-council-formal-meeting.md,minutes
1189,230,2,8,Close the public hearing and refer items G3 through G11 (FY2024-25 budget ordinances) to a future agenda for action.,Public Hearing Action,7-0 Pass,Pass,council_vote,,procedural,keyword,medium,,,,17,38,1,minutes/2024/2024-06-03/2024-06-04_lba-rda-and-council-formal-meeting.md,minutes
1190,230,2,9,"Adopt Ordinance 41 of 2024 amending the FY2024-25 final budget (Budget Amendment No. 5, Item A-5) for traffic control and safety improvements at 2200 West and 2100 North, and request Administration guidance on roundabout placement.",Budget Amendment,7-0 Pass,Pass,council_vote,,approve,keyword,high,,,,68,3,1,minutes/2024/2024-06-03/2024-06-04_lba-rda-and-council-formal-meeting.md,minutes
1191,230,2,10,"Adopt Ordinance 42 of 2024 approving a $350,000 loan for Shades of Pale, Inc. from the Economic Development Loan Fund.",Grant/Funding,7-0 Pass,Pass,council_vote,,approve,keyword,high,,,,38,20,1,minutes/2024/2024-06-03/2024-06-04_lba-rda-and-council-formal-meeting.md,minutes
1192,230,2,11,"Approve the Consent agenda, including board appointments and reappointments for Karen Ferguson, Talula Pontuti, and Tiffini Porter.",Appointment/Advice & Consent,7-0 Pass,Pass,council_vote,,procedural,keyword,high,,,,17,3,1,minutes/2024/2024-06-03/2024-06-04_lba-rda-and-council-formal-meeting.md,minutes
1193,231,2,1,Enter into Closed Session for the purposes of strategy sessions to discuss collective bargaining and attorney-client matters.,Procedural/Administrative,7-0 Pass,Pass,council_vote,,procedural,keyword,high,,,,17,3,1,minutes/2024/2024-06-10/2024-06-11_council-work-session-meeting.md,minutes
1194,232,3,1,Adopt Resolution 02 of 2024 adopting the Final Budget for Fiscal Year 2025 of the Capital Projects Fund of the Local Building Authority,Budget Amendment,7-0 Pass,Pass,mba_vote,,approve,keyword,high,,,,3,17,1,minutes/2024/2024-06-10/2024-06-11_lba-rda-and-council-formal-meeting.md,minutes
1195,233,5,1,Close the public hearing on RDA Budget Amendment No. 4 for Fiscal Year 2023-24,Public Hearing Action,5-0 Pass,Pass,rda_vote,,procedural,keyword,medium,,,,19,65,1,minutes/2024/2024-06-10/2024-06-11_redevelopment-agency-rda-meeting.md,minutes
1196,231,2,2,Exit Closed Session and adjourn Work Session.,Procedural/Administrative,7-0 Pass,Pass,council_vote,,procedural,keyword,high,,,,19,38,1,minutes/2024/2024-06-10/2024-06-11_council-work-session-meeting.md,minutes
1197,234,5,2,Adjourn as the LBA and reconvene as the RDA board,Procedural/Administrative,7-0 Pass,Pass,rda_vote,,procedural,keyword,high,,,,17,3,1,minutes/2024/2024-06-10/2024-06-11_lba-rda-and-council-formal-meeting.md,minutes
1198,233,5,2,"Approve the meeting minutes of April 16, 2024, and May 14, 2024",Procedural/Administrative,5-0 Pass,Pass,rda_vote,,procedural,keyword,high,,,,19,38,1,minutes/2024/2024-06-10/2024-06-11_redevelopment-agency-rda-meeting.md,minutes
1199,234,5,3,Adopt Resolution 11 of 2024 approving the Fiscal Year 2024 RDA Budget reflected in the attached Key Changes spreadsheet with the clarifications shown on the motion sheet,Budget Amendment,7-0 Pass,Pass,rda_vote,,approve,keyword,high,,,,20,3,1,minutes/2024/2024-06-10/2024-06-11_lba-rda-and-council-formal-meeting.md,minutes
1200,233,5,3,Adopt Resolution 8 of 2024 – RDA Budget Amendment No. 4 for Fiscal Year 2023-24,Budget Amendment,6-0 Pass,Pass,rda_vote,,approve,keyword,high,,,,19,65,1,minutes/2024/2024-06-10/2024-06-11_redevelopment-agency-rda-meeting.md,minutes
1201,235,2,4,Adjourn as the RDA board and reconvene as the Salt Lake City Council,Procedural/Administrative,7-0 Pass,Pass,council_vote,,procedural,keyword,high,,,,17,20,1,minutes/2024/2024-06-10/2024-06-11_lba-rda-and-council-formal-meeting.md,minutes
1202,233,5,4,Adopt Resolution 9 of 2024 – Northwest Quadrant Tax Increment Reimbursement Agreement,Resolution,7-0 Pass,Pass,rda_vote,,approve,keyword,high,255,singleton,high,65,19,1,minutes/2024/2024-06-10/2024-06-11_redevelopment-agency-rda-meeting.md,minutes
1203,235,2,5,"Approve the formal meeting minutes of March 26, 2024",Procedural/Administrative,7-0 Pass,Pass,council_vote,,procedural,keyword,high,,,,17,3,1,minutes/2024/2024-06-10/2024-06-11_lba-rda-and-council-formal-meeting.md,minutes
1204,233,5,5,"Adopt Resolution 10 of 2024 – Amendment to Housing Development Loan Funding Allocations for The Catherine, with the requirement that Phase I HUD HOME requirements and regulations are met prior to closing",Resolution,7-0 Pass,Pass,rda_vote,,approve,keyword,high,256,singleton,high,65,19,1,minutes/2024/2024-06-10/2024-06-11_redevelopment-agency-rda-meeting.md,minutes
1205,235,2,6,"Adopt Joint Ceremonial Resolution 17 of 2024 with Mayor Mendenhall recognizing June 19, 2024 as Juneteenth Freedom Day in Salt Lake City",Ceremonial Resolution,7-0 Pass,Pass,council_vote,,procedural,keyword,high,,,,17,3,1,minutes/2024/2024-06-10/2024-06-11_lba-rda-and-council-formal-meeting.md,minutes
1206,235,2,7,"Adopt Joint Ceremonial Resolution 18 of 2024 with Mayor Mendenhall celebrating June 20, 2024 as World Refugee Day in Salt Lake City",Ceremonial Resolution,7-0 Pass,Pass,council_vote,,procedural,keyword,high,,,,3,17,1,minutes/2024/2024-06-10/2024-06-11_lba-rda-and-council-formal-meeting.md,minutes
1207,235,2,8,Close the public hearing and refer items G-1 through G-4 to a future Consent Agenda for action,Public Hearing Action,7-0 Pass,Pass,council_vote,,procedural,keyword,high,,,,3,38,1,minutes/2024/2024-06-10/2024-06-11_lba-rda-and-council-formal-meeting.md,minutes
1208,235,2,9,Close the public hearing on the Capital City Revitalization Zone,Public Hearing Action,7-0 Pass,Pass,council_vote,,procedural,keyword,medium,,,,68,3,1,minutes/2024/2024-06-10/2024-06-11_lba-rda-and-council-formal-meeting.md,minutes
1209,235,2,10,"Adopt Ordinance 46 of 2024 approving Salt Lake City's Fiscal Year 2024-25 budget (excluding Library Fund) as outlined in attached key changes spreadsheets and staffing document, including contingent appropriations for Foothill Trails and Funding Our Future Sales Tax Funds",Budget Amendment,7-0 Pass,Pass,council_vote,,approve,keyword,high,,,,20,65,1,minutes/2024/2024-06-10/2024-06-11_lba-rda-and-council-formal-meeting.md,minutes
1210,235,2,11,"Adopt $41,643,495 into CIP, including approving $13,468,356 in funding as shown on the motion sheet (Motion #4), in conjunction with Ordinance 46 of 2024",Budget Amendment,7-0 Pass,Pass,council_vote,,approve,keyword,high,,,,38,65,1,minutes/2024/2024-06-10/2024-06-11_lba-rda-and-council-formal-meeting.md,minutes
1211,235,2,12,"Adopt the Legislative Intent Statements as outlined on the motion sheet (Motion 5, items 1-8), in conjunction with Ordinance 46 of 2024",Legislative Intent,7-0 Pass,Pass,council_vote,,approve,keyword,high,,,,68,17,1,minutes/2024/2024-06-10/2024-06-11_lba-rda-and-council-formal-meeting.md,minutes
1212,235,2,13,Adopt Ordinance 45 of 2024 approving the budget for the Library Fund of Salt Lake City for Fiscal Year 2024-25,Budget Amendment,7-0 Pass,Pass,council_vote,,approve,keyword,high,,,,65,3,1,minutes/2024/2024-06-10/2024-06-11_lba-rda-and-council-formal-meeting.md,minutes
1213,235,2,14,"Adopt Ordinance 47 of 2024 setting the final rate of tax levy, including the final rate for the Library Fund, upon all real and personal property within Salt Lake City for Fiscal Year 2024-25, and authorize the Council Chair to sign documentation for the State Tax Commission",Ordinance,7-0 Pass,Pass,council_vote,,approve,keyword,high,,,,17,3,1,minutes/2024/2024-06-10/2024-06-11_lba-rda-and-council-formal-meeting.md,minutes
1214,235,2,15,"Adopt Ordinance 48 of 2024 (H4), Ordinance 49 of 2024 (H5), Ordinance 50 of 2024 (H6), Ordinance 51 of 2024 (H7), Ordinance 52 of 2024 (H8), and Ordinance 53 of 2024 (H9) relating to the Fiscal Year 2024-25 budget, with a noted procedural gap for executive municipal officers to be addressed at a follow-up public hearing on July 2",Budget Amendment,7-0 Pass,Pass,council_vote,,approve,keyword,high,,,,3,17,1,minutes/2024/2024-06-10/2024-06-11_lba-rda-and-council-formal-meeting.md,minutes
1215,235,2,16,Approve the Consent agenda,Procedural/Administrative,7-0 Pass,Pass,council_vote,,procedural,keyword,high,,,,17,3,1,minutes/2024/2024-06-10/2024-06-11_lba-rda-and-council-formal-meeting.md,minutes
1216,236,2,1,Exit Closed Session #1,Procedural/Administrative,5-0 Pass,Pass,council_vote,,procedural,keyword,high,,,,19,38,1,minutes/2024/2024-07-01/2024-07-02_council-work-session-meeting.md,minutes
1217,237,2,1,"Approve the work session minutes of February 20, 2024, April 16, 2024, May 14, 2024 and May 21, 2024.",Procedural/Administrative,6-0 Pass,Pass,council_vote,,procedural,keyword,high,,,,68,19,1,minutes/2024/2024-07-01/2024-07-02_revised-council-formal-meeting.md,minutes
1218,236,2,2,"Enter into Closed Session #1 for the purposes of strategy sessions to discuss the purchase, exchange, or lease of real property and attorney-client matters",Procedural/Administrative,5-0 Pass,Pass,council_vote,,procedural,keyword,high,,,,38,65,1,minutes/2024/2024-07-01/2024-07-02_council-work-session-meeting.md,minutes
1219,237,2,2,Close the public hearing and adopt Ordinance 56 of 2024 (Zoning Incentives for Adaptive Reuse and Preservation of Buildings Text Amendment).,Ordinance,6-0 Pass,Pass,council_vote,,approve,keyword,high,257,singleton,high,20,38,1,minutes/2024/2024-07-01/2024-07-02_revised-council-formal-meeting.md,minutes
1220,236,2,3,"Enter into Closed Session #2 for the purposes of strategy sessions to discuss the purchase, exchange, or lease of real property, and attorney-client matters",Procedural/Administrative,5-0 Pass,Pass,council_vote,,procedural,keyword,high,,,,38,20,1,minutes/2024/2024-07-01/2024-07-02_council-work-session-meeting.md,minutes
1221,237,2,3,Close the public hearing and adopt Ordinance 57 of 2024 (Zoning Map Amendment at 1544 and 1550 South 900 West).,Ordinance,6-0 Pass,Pass,council_vote,,approve,keyword,high,258,singleton,high,68,20,1,minutes/2024/2024-07-01/2024-07-02_revised-council-formal-meeting.md,minutes
1222,236,2,4,Exit Closed Session #2,Procedural/Administrative,5-0 Pass,Pass,council_vote,,procedural,keyword,high,,,,19,38,1,minutes/2024/2024-07-01/2024-07-02_council-work-session-meeting.md,minutes
1223,237,2,4,"Close the public hearing and affirm adoption of Ordinance 53 of 2024, confirming the compensation adjustment for executive municipal officers.",Ordinance,6-0 Pass,Pass,council_vote,,approve,keyword,high,,,,19,68,1,minutes/2024/2024-07-01/2024-07-02_revised-council-formal-meeting.md,minutes
1224,237,2,5,"Adopt Resolution 19 of 2024 for the next round of Public Utilities Bonds, and refer to the consent agenda to set the date for a public hearing on August 13, 2024.",Resolution,6-0 Pass,Pass,council_vote,,procedural,keyword,high,,,,19,38,1,minutes/2024/2024-07-01/2024-07-02_revised-council-formal-meeting.md,minutes
1225,237,2,6,Approve the Consent agenda.,Procedural/Administrative,6-0 Pass,Pass,council_vote,,procedural,keyword,high,,,,68,19,1,minutes/2024/2024-07-01/2024-07-02_revised-council-formal-meeting.md,minutes
1226,238,2,1,Enter into Closed Session for the purposes of attorney-client matters.,Procedural/Administrative,6-0 Pass,Pass,council_vote,,procedural,keyword,high,,,,3,19,1,minutes/2024/2024-07-08/2024-07-09_council-work-session-meeting.md,minutes
1227,239,5,1,"Adopt Resolution 12 of 2024, approving the first amendment to the Interlocal Agreement with the Utah Inland Port Authority (RDA)",Interlocal/Agreement,6-0 Pass,Pass,rda_vote,,approve,keyword,high,259,singleton,high,19,38,1,minutes/2024/2024-07-08/2024-07-09_rda-and-council-formal-meeting.md,minutes
1228,240,5,1,"Approve the meeting minutes of May 21, 2024",Procedural/Administrative,4-0 Pass,Pass,rda_vote,,procedural,keyword,high,,,,23,28,1,minutes/2024/2024-07-08/2024-07-09_redevelopment-agency-rda-meeting.md,minutes
1229,238,2,2,Exit Closed Session.,Procedural/Administrative,6-0 Pass,Pass,council_vote,,procedural,keyword,high,,,,38,20,1,minutes/2024/2024-07-08/2024-07-09_council-work-session-meeting.md,minutes
1230,241,2,2,Adjourn as the Redevelopment Agency and convene as the Salt Lake City Council,Procedural/Administrative,6-0 Pass,Pass,council_vote,,procedural,keyword,high,,,,19,20,1,minutes/2024/2024-07-08/2024-07-09_rda-and-council-formal-meeting.md,minutes
1231,240,5,2,Adopt Resolution 13 of 2024 authorizing the ground lease rate and terms for USA Climbing's Headquarters and National Training Facility at approximately 310 South 500 West,Resolution,4-1 Pass,Pass,rda_vote,,approve,keyword,high,260,singleton,high,23,27,1,minutes/2024/2024-07-08/2024-07-09_redevelopment-agency-rda-meeting.md,minutes
1232,241,2,3,"Approve the work session meeting minutes of June 4, 2024",Procedural/Administrative,6-0 Pass,Pass,council_vote,,procedural,keyword,high,,,,3,19,1,minutes/2024/2024-07-08/2024-07-09_rda-and-council-formal-meeting.md,minutes
1233,240,5,3,"Enter into Closed Session for the purposes of strategy sessions to discuss the purchase, exchange, or lease of real property and attorney-client matters",Procedural/Administrative,5-0 Pass,Pass,rda_vote,,procedural,keyword,high,,,,29,23,1,minutes/2024/2024-07-08/2024-07-09_redevelopment-agency-rda-meeting.md,minutes
1234,241,2,4,"Adopt Joint Resolution 23 of 2024, recognizing Home Depot and its dedicated employees for their service to Salt Lake City",Ceremonial Resolution,6-0 Pass,Pass,council_vote,,approve,keyword,high,,,,3,19,1,minutes/2024/2024-07-08/2024-07-09_rda-and-council-formal-meeting.md,minutes
1235,240,5,4,Exit Closed Session and adjourn as the RDA,Procedural/Administrative,5-0 Pass,Pass,rda_vote,,procedural,keyword,high,,,,23,27,1,minutes/2024/2024-07-08/2024-07-09_redevelopment-agency-rda-meeting.md,minutes
1236,241,2,5,Close the Public Hearing and refer Item E-1 (Summer Snacks for Youth Programs Grant) to a future Consent Agenda for action,Public Hearing Action,7-0 Pass,Pass,council_vote,,procedural,keyword,high,,,,19,3,1,minutes/2024/2024-07-08/2024-07-09_rda-and-council-formal-meeting.md,minutes
1237,241,2,6,"Close the Public Hearing on Fiscal Year 2024-25 Capital Improvement Program and hold another Public Hearing on August 13, 2024",Public Hearing Action,7-0 Pass,Pass,council_vote,,procedural,keyword,medium,,,,19,38,1,minutes/2024/2024-07-08/2024-07-09_rda-and-council-formal-meeting.md,minutes
1238,241,2,7,"Adopt Resolution 24 of 2024, endorsing the Capital City Revitalization Zone Project Area and the Participation Agreement between Salt Lake City and Smith Entertainment Group (SEG), with additional legislative intents regarding Japantown funding, construction mitigation, transit prioritization, and comprehensive planning",Resolution,7-0 Pass,Pass,council_vote,,approve,keyword,high,261,singleton,high,38,3,1,minutes/2024/2024-07-08/2024-07-09_rda-and-council-formal-meeting.md,minutes
1239,241,2,8,"Adopt Resolution 20 of 2024, authorizing Addendum Number 8 to the Interlocal Agreement with the Utah Transit Authority",Interlocal/Agreement,7-0 Pass,Pass,council_vote,,approve,keyword,high,,,,3,19,1,minutes/2024/2024-07-08/2024-07-09_rda-and-council-formal-meeting.md,minutes
1240,241,2,9,"Adopt Resolution 21 of 2024, intending to designate an assessment area for economic promotion activities in downtown over a three-year period (CBIA-25)",Resolution,7-0 Pass,Pass,council_vote,,approve,keyword,high,,,,38,19,1,minutes/2024/2024-07-08/2024-07-09_rda-and-council-formal-meeting.md,minutes
1241,241,2,10,"Adopt Resolution 25 of 2024, authorizing the issuance or periodic incurrence of short-term revolving obligations (Airport Revolving Line of Credit), and refer to the Consent Agenda to set a hearing date for August 13, 2024",Resolution,7-0 Pass,Pass,council_vote,,procedural,keyword,high,,,,3,19,1,minutes/2024/2024-07-08/2024-07-09_rda-and-council-formal-meeting.md,minutes
1242,241,2,11,"Adopt Resolution 22 of 2024, approving the first amendment to the Interlocal Agreement with the Utah Inland Port Authority (City Council)",Interlocal/Agreement,7-0 Pass,Pass,council_vote,,approve,keyword,high,,,,19,3,1,minutes/2024/2024-07-08/2024-07-09_rda-and-council-formal-meeting.md,minutes
1243,241,2,12,"Adopt Ordinance 58 of 2024, approving a $100,000 loan for Goat Head, LLC, from the Economic Development Loan Fund",Ordinance,6-0 Pass,Pass,council_vote,,approve,keyword,high,,,,3,19,1,minutes/2024/2024-07-08/2024-07-09_rda-and-council-formal-meeting.md,minutes
1244,241,2,13,Approve the Consent Agenda,Procedural/Administrative,7-0 Pass,Pass,council_vote,,procedural,keyword,high,,,,3,19,1,minutes/2024/2024-07-08/2024-07-09_rda-and-council-formal-meeting.md,minutes
1245,242,2,1,"Approve the work session meeting minutes of May 30, 2024, June 6, 2024, and June 11, 2024, as well as the formal meeting minutes of May 7, 2024, May 21, 2024, and June 4, 2024.",Procedural/Administrative,6-0 Pass,Pass,council_vote,,procedural,keyword,high,,,,19,20,1,minutes/2024/2024-08-12/2024-08-13_council-formal-meeting.md,minutes
1246,243,5,1,"Approve minutes of May 7, 2024; May 21, 2024; June 4, 2024; June 11, 2024; and July 9, 2024",Procedural/Administrative,5-0 Pass,Pass,rda_vote,,procedural,keyword,high,262,singleton,high,19,38,1,minutes/2024/2024-08-12/2024-08-13_redevelopment-agency-rda-meeting.md,minutes
1247,242,2,2,Close the public hearing and refer items B1 through B4 to a future Consent Agenda for action.,Public Hearing Action,6-0 Pass,Pass,council_vote,,procedural,keyword,high,,,,19,38,1,minutes/2024/2024-08-12/2024-08-13_council-formal-meeting.md,minutes
1248,243,5,2,Adopt Resolution 14 of 2024 authorizing a fully discounted land conveyance of Tier 2 property at approximately 524 North 300 West to Salt Lake City Corporation,Resolution,6-0 Pass,Pass,rda_vote,,approve,keyword,high,263,singleton,high,17,38,1,minutes/2024/2024-08-12/2024-08-13_redevelopment-agency-rda-meeting.md,minutes
1249,242,2,3,"Close the public hearing and adopt Resolution 26 of 2024, the donation of certain City computers to benefit disadvantaged communities and low to moderate income families through a digital donation program.",Resolution,6-0 Pass,Pass,council_vote,,approve,keyword,high,,,,65,38,1,minutes/2024/2024-08-12/2024-08-13_council-formal-meeting.md,minutes
1250,242,2,4,"Close the public hearing on the Public Utilities Revenue Bond, Series 2024A.",Public Hearing Action,6-0 Pass,Pass,council_vote,,procedural,keyword,medium,,,,19,38,1,minutes/2024/2024-08-12/2024-08-13_council-formal-meeting.md,minutes
1251,242,2,5,Close the public hearing on the Issuance of Airport Revolving Line of Credit.,Public Hearing Action,6-0 Pass,Pass,council_vote,,procedural,keyword,medium,,,,38,19,1,minutes/2024/2024-08-12/2024-08-13_council-formal-meeting.md,minutes
1252,242,2,6,Close the public hearing and defer action on the Request to Vacate a Portion of 700 South to a future Council Meeting.,Public Hearing Action,6-0 Pass,Pass,council_vote,,continue,keyword,high,,,,19,20,1,minutes/2024/2024-08-12/2024-08-13_council-formal-meeting.md,minutes
1253,242,2,7,Close the public hearing and adopt Ordinance 59 of 2024 (Form Based Zone Corrections Text Amendment).,Ordinance,6-0 Pass,Pass,council_vote,,approve,keyword,high,264,singleton,high,20,19,1,minutes/2024/2024-08-12/2024-08-13_council-formal-meeting.md,minutes
1254,242,2,8,Close the public hearing and defer action on the Projecting Business Signs Zoning Text Amendment to a future Council Meeting.,Public Hearing Action,6-0 Pass,Pass,council_vote,,continue,keyword,high,265,singleton,high,17,65,1,minutes/2024/2024-08-12/2024-08-13_council-formal-meeting.md,minutes
1255,242,2,9,Close the public hearing and defer action on the Zoning Text Amendment to Allow Single-Family Attached Dwellings in Select Commercial Zones to a future Council Meeting.,Public Hearing Action,6-0 Pass,Pass,council_vote,,continue,keyword,high,266,singleton,high,17,19,1,minutes/2024/2024-08-12/2024-08-13_council-formal-meeting.md,minutes
1256,242,2,10,Close the public hearing and adopt Ordinance 60 of 2024 (Prohibiting Distribution Centers on the Former North Temple Landfill Site).,Ordinance,6-0 Pass,Pass,council_vote,,approve,keyword,high,,,,19,20,1,minutes/2024/2024-08-12/2024-08-13_council-formal-meeting.md,minutes
1257,242,2,11,Close the public hearing on the Fiscal Year 2024-25 Capital Improvement Program.,Public Hearing Action,6-0 Pass,Pass,council_vote,,procedural,keyword,medium,,,,19,20,1,minutes/2024/2024-08-12/2024-08-13_council-formal-meeting.md,minutes
1258,242,2,12,"Close the public hearing and defer action on the Sports, Entertainment, Culture, and Convention District Text Amendment to a future Council Meeting.",Public Hearing Action,6-0 Pass,Pass,council_vote,,continue,keyword,high,267,singleton,high,38,19,1,minutes/2024/2024-08-12/2024-08-13_council-formal-meeting.md,minutes
1259,242,2,13,"Adopt Ordinance 61 of 2024, approving $75,000 loan for Policy Kings Brewery from the Economic Development Loan Fund, with the Council's intent to move the funds in the coming budget opening and request the Administration process the request expeditiously.",Ordinance,6-0 Pass,Pass,council_vote,,approve,keyword,high,,,,38,19,1,minutes/2024/2024-08-12/2024-08-13_council-formal-meeting.md,minutes
1260,242,2,14,Approve the Consent Agenda (setting public hearing date for Budget Amendment No. 1 for FY2024-25 and approving the Library Board appointment of Tricia Pil).,Procedural/Administrative,6-0 Pass,Pass,council_vote,,procedural,keyword,high,,,,17,19,1,minutes/2024/2024-08-12/2024-08-13_council-formal-meeting.md,minutes
1261,244,2,1,"Approve the work session meeting minutes of July 9, 2024, and the formal meeting minutes of June 11, 2024 and July 2, 2024.",Procedural/Administrative,7-0 Pass,Pass,council_vote,,procedural,keyword,high,,,,17,19,1,minutes/2024/2024-08-26/2024-08-27_council-formal-meeting.md,minutes
1262,245,2,1,"Enter into Closed Session for the purposes of strategy sessions to discuss collective bargaining, attorney-client matters, and strategy sessions to discuss the purchase, exchange or lease of real property.",Procedural/Administrative,7-0 Pass,Pass,council_vote,,procedural,keyword,high,,,,20,38,1,minutes/2024/2024-08-26/2024-08-27_council-work-session-meeting.md,minutes
1263,244,2,2,Close the public hearing on items B1 and B2 (Zoning Text Amendment to the D-1 Central Business District Zone and Zoning Map Amendment at approximately 754 South State Street) and defer action to a future Council meeting.,Public Hearing Action,7-0 Pass,Pass,council_vote,,continue,keyword,high,268,singleton,high,38,19,1,minutes/2024/2024-08-26/2024-08-27_council-formal-meeting.md,minutes
1264,245,2,2,Exit Closed Session.,Procedural/Administrative,7-0 Pass,Pass,council_vote,,procedural,keyword,high,,,,38,65,1,minutes/2024/2024-08-26/2024-08-27_council-work-session-meeting.md,minutes
1265,244,2,3,Close and refer item B-3 (FY2024 Paul Coverdell Forensic Science Improvement Competitive Grant) to a future Consent Agenda for action.,Public Hearing Action,7-0 Pass,Pass,council_vote,,procedural,keyword,high,,,,19,65,1,minutes/2024/2024-08-26/2024-08-27_council-formal-meeting.md,minutes
1266,244,2,4,"Adopt Resolution 27 of 2024, adopting the Capital Improvement Program project-specific allocations for fiscal year 2025 as shown on the attached Exhibits A Funding Log.",Resolution,7-0 Pass,Pass,council_vote,,approve,keyword,high,,,,65,19,1,minutes/2024/2024-08-26/2024-08-27_council-formal-meeting.md,minutes
1267,244,2,5,Defer action on the ordinance to vacate a portion of 700 South to a future date.,Procedural/Administrative,7-0 Pass,Pass,council_vote,,continue,keyword,high,,,,20,38,1,minutes/2024/2024-08-26/2024-08-27_council-formal-meeting.md,minutes
1268,244,2,6,Reconsider the previous motion to defer action on the ordinance to vacate a portion of 700 South.,Procedural/Administrative,7-0 Pass,Pass,council_vote,,continue,keyword,high,,,,20,17,1,minutes/2024/2024-08-26/2024-08-27_council-formal-meeting.md,minutes
1269,244,2,7,Reject the ordinance to vacate a portion of 700 South adjacent to 717 South 5600 West.,Ordinance,7-0 Pass,Pass,council_vote,,deny,keyword,high,,,,19,65,1,minutes/2024/2024-08-26/2024-08-27_council-formal-meeting.md,minutes
1270,244,2,8,Adopt Ordinance 64 of 2024 (Projecting Business Signs Zoning Text Amendment).,Ordinance,7-0 Pass,Pass,council_vote,,approve,keyword,high,269,singleton,high,20,19,1,minutes/2024/2024-08-26/2024-08-27_council-formal-meeting.md,minutes
1271,244,2,9,Adopt Ordinance 65 of 2024 (Zoning Text Amendment to Allow Single-Family Attached Dwellings in Select Commercial Zones).,Ordinance,7-0 Pass,Pass,council_vote,,approve,keyword,high,270,singleton,high,3,65,1,minutes/2024/2024-08-26/2024-08-27_council-formal-meeting.md,minutes
1272,244,2,10,"Adopt Ordinance 63 of 2024 (Sports, Entertainment, Culture, and Convention District Text Amendment).",Ordinance,7-0 Pass,Pass,council_vote,,approve,keyword,high,271,singleton,high,65,17,1,minutes/2024/2024-08-26/2024-08-27_council-formal-meeting.md,minutes
1273,244,2,11,Approve and celebrate Jennifer Bruno as the new Salt Lake City Council Executive Director.,Appointment/Advice & Consent,7-0 Pass,Pass,council_vote,,approve,keyword,high,,,,17,3,1,minutes/2024/2024-08-26/2024-08-27_council-formal-meeting.md,minutes
1274,244,2,12,Approve the Consent Agenda and defer action on the Sister Cities Advisory Board appointment of Jane Kim.,Procedural/Administrative,7-0 Pass,Pass,council_vote,,continue,keyword,high,,,,3,17,1,minutes/2024/2024-08-26/2024-08-27_council-formal-meeting.md,minutes
1275,246,2,1,"Approve the work session meeting minutes of July 2, 2024 as well as the formal meeting minutes of July 9, 2024.",Procedural/Administrative,7-0 Pass,Pass,council_vote,,procedural,keyword,high,,,,19,65,1,minutes/2024/2024-09-02/2024-09-03_council-formal-meeting.md,minutes
1276,247,2,1,Enter into Closed Session for the purposes of strategy sessions to discuss pending or reasonably imminent litigation and attorney-client matters.,Procedural/Administrative,7-0 Pass,Pass,council_vote,,procedural,keyword,high,,,,17,19,1,minutes/2024/2024-09-02/2024-09-03_council-work-session-meeting.md,minutes
1277,246,2,2,"Adopt Joint Resolution 28 of 2024, declaring September 2024 National Suicide Prevention Month in Salt Lake City.",Ceremonial Resolution,7-0 Pass,Pass,council_vote,,approve,keyword,high,,,,17,19,1,minutes/2024/2024-09-02/2024-09-03_council-formal-meeting.md,minutes
1278,247,2,2,Exit closed session.,Procedural/Administrative,7-0 Pass,Pass,council_vote,,procedural,keyword,high,,,,19,38,1,minutes/2024/2024-09-02/2024-09-03_council-work-session-meeting.md,minutes
1279,246,2,3,Close the public protest hearing regarding the Notice of Intention to Designate Central Business Improvement Area – 25.,Public Hearing Action,7-0 Pass,Pass,council_vote,,,unclassified,low,,,,19,68,1,minutes/2024/2024-09-02/2024-09-03_council-formal-meeting.md,minutes
1280,246,2,4,"Close the public hearing and adopt Ordinance 66 of 2024, Part 1, amending the Fiscal Year 2025 final budget of Salt Lake City including the employment staffing document for specified items (A-1, D-4, D-8, D-14, D-15).",Budget Amendment,7-0 Pass,Pass,council_vote,,approve,keyword,high,,,,17,65,1,minutes/2024/2024-09-02/2024-09-03_council-formal-meeting.md,minutes
1281,246,2,5,"Adopt a Legislative Intent requesting the Administration review and return to the Council with a recommendation for the best method, either a street or alley dedication, for Redondo Street located between approximately 800 East and Windsor Street in order to clear up the legal confusion as to the ownership of this part of Redondo Street.",Legislative Intent,6-0 Pass,Pass,council_vote,,approve,keyword,high,,,,65,19,1,minutes/2024/2024-09-02/2024-09-03_council-formal-meeting.md,minutes
1282,246,2,6,"Approve the Consent agenda, including setting public hearing dates for the Northpoint Light Industrial Zoning Text Amendment and the City-wide Text Amendment for Gas Station Standards, and approving the reappointment of Colour Maisch to the Arts Design Board.",Procedural/Administrative,6-0 Pass,Pass,council_vote,,procedural,keyword,high,272,singleton,high,68,17,1,minutes/2024/2024-09-02/2024-09-03_council-formal-meeting.md,minutes
1283,248,2,1,Enter into Closed Session B to discuss attorney-client matters.,Procedural/Administrative,7-0 Pass,Pass,council_vote,,procedural,keyword,high,,,,17,19,1,minutes/2024/2024-09-09/2024-09-10_council-work-session-meeting.md,minutes
1284,249,5,1,"Approve the meeting minutes from June 11, 2024, and July 9, 2024.",Procedural/Administrative,7-0 Pass,Pass,rda_vote,,procedural,keyword,high,,,,19,20,1,minutes/2024/2024-09-09/2024-09-10_redevelopment-agency-rda-meeting.md,minutes
1285,248,2,2,Exit Closed Session B.,Procedural/Administrative,7-0 Pass,Pass,council_vote,,procedural,keyword,high,,,,19,38,1,minutes/2024/2024-09-09/2024-09-10_council-work-session-meeting.md,minutes
1286,249,5,2,"Enter into Closed Session for the purposes of strategy sessions to discuss the purchase, exchange, or lease of real property and attorney-client matters.",Procedural/Administrative,7-0 Pass,Pass,rda_vote,,procedural,keyword,high,,,,20,17,1,minutes/2024/2024-09-09/2024-09-10_redevelopment-agency-rda-meeting.md,minutes
1287,249,5,3,Exit closed session.,Procedural/Administrative,7-0 Pass,Pass,rda_vote,,procedural,keyword,high,,,,20,38,1,minutes/2024/2024-09-09/2024-09-10_redevelopment-agency-rda-meeting.md,minutes
1288,249,5,4,Adjourn the meeting.,Procedural/Administrative,7-0 Pass,Pass,rda_vote,,procedural,keyword,high,,,,68,17,1,minutes/2024/2024-09-09/2024-09-10_redevelopment-agency-rda-meeting.md,minutes
1289,250,2,1,Enter into Closed Session for the purposes of strategy sessions to discuss collective bargaining and attorney-client matters.,Procedural/Administrative,7-0 Pass,Pass,council_vote,,procedural,keyword,high,,,,38,20,1,minutes/2024/2024-09-16/2024-09-17_council-work-session-meeting.md,minutes
1290,251,2,1,Adopt Joint Ceremonial Resolution 30 of 2024 with Mayor Mendenhall recognizing the need to support the health of the Great Salt Lake.,Ceremonial Resolution,7-0 Pass,Pass,council_vote,,procedural,keyword,high,,,,68,38,1,minutes/2024/2024-09-16/2024-09-17_revised-council-formal-meeting.md,minutes
1291,250,2,2,Exit Closed Session.,Procedural/Administrative,7-0 Pass,Pass,council_vote,,procedural,keyword,high,,,,20,38,1,minutes/2024/2024-09-16/2024-09-17_council-work-session-meeting.md,minutes
1292,251,2,2,Continue the public hearing on the Ordinance: Text Amendment to Prohibit Demolition of Dwelling Units for Parking Uses to a future Council meeting.,Public Hearing Action,7-0 Pass,Pass,council_vote,,continue,keyword,high,273,singleton,high,19,38,1,minutes/2024/2024-09-16/2024-09-17_revised-council-formal-meeting.md,minutes
1293,251,2,3,Continue the public hearing on the Ordinance: City-wide Text Amendment for Gas Station Standards to a future Council meeting.,Public Hearing Action,7-0 Pass,Pass,council_vote,,continue,keyword,high,274,singleton,high,19,65,1,minutes/2024/2024-09-16/2024-09-17_revised-council-formal-meeting.md,minutes
1294,251,2,4,"Adopt Ordinance 67 of 2024 amending the Fiscal Year 2025 final budget of Salt Lake City including the employment staffing document for specified items, and request the Administration develop proposed language addressing allocation of costs for administering future elections conducted in accordance with Article VII.",Budget Amendment,7-0 Pass,Pass,council_vote,,approve,keyword,high,,,,20,68,1,minutes/2024/2024-09-16/2024-09-17_revised-council-formal-meeting.md,minutes
1295,251,2,5,Adopt Resolution 29 of 2024 (Comprehensive Emergency Management Plan).,Resolution,7-0 Pass,Pass,council_vote,,approve,keyword,high,,,,17,19,1,minutes/2024/2024-09-16/2024-09-17_revised-council-formal-meeting.md,minutes
1296,251,2,6,Defer action on the Resolution: Updating Salt Lake City's Collective Bargaining and Employee Representation Processes to a future date.,Procedural/Administrative,7-0 Pass,Pass,council_vote,,continue,keyword,high,,,,19,65,1,minutes/2024/2024-09-16/2024-09-17_revised-council-formal-meeting.md,minutes
1297,251,2,7,Approve the Consent Agenda.,Procedural/Administrative,7-0 Pass,Pass,council_vote,,procedural,keyword,high,,,,17,68,1,minutes/2024/2024-09-16/2024-09-17_revised-council-formal-meeting.md,minutes
1298,252,2,1,"Approve August 13, 2024 Work Session minutes, August 13, 2024 and September 3, 2024 Formal Meeting minutes, and August 13, 2024 Truth in Taxation Meeting minutes",Procedural/Administrative,6-0 Pass,Pass,council_vote,,procedural,keyword,high,,,,19,68,1,minutes/2024/2024-09-30/2024-10-01_council-formal-meeting.md,minutes
1299,253,2,1,Enter into Closed Session for the purposes of strategy sessions to discuss collective bargaining and attorney-client matters.,Procedural/Administrative,7-0 Pass,Pass,council_vote,,procedural,keyword,high,,,,17,65,1,minutes/2024/2024-09-30/2024-10-01_council-work-session-meeting.md,minutes
1300,252,2,2,"Adopt Joint Ceremonial Resolution 32 of 2024, declaring the second Monday in October as Indigenous Peoples Day in Salt Lake City",Ceremonial Resolution,6-0 Pass,Pass,council_vote,,procedural,keyword,high,,,,19,38,1,minutes/2024/2024-09-30/2024-10-01_council-formal-meeting.md,minutes
1301,253,2,2,Exit Closed Session.,Procedural/Administrative,6-0 Pass,Pass,council_vote,,procedural,keyword,high,,,,19,38,1,minutes/2024/2024-09-30/2024-10-01_council-work-session-meeting.md,minutes
1302,252,2,3,"Close the public hearing on the Capital City Revitalization Zone Participation Agreement, Project Area, and Citywide 0.5% Sales and Use Tax",Public Hearing Action,6-0 Pass,Pass,council_vote,,procedural,keyword,medium,275,singleton,high,68,65,1,minutes/2024/2024-09-30/2024-10-01_council-formal-meeting.md,minutes
1303,252,2,4,Close the public hearing and refer Item B-2 (Lead Hazard Reduction Grant) to a future Consent Agenda for action,Public Hearing Action,6-0 Pass,Pass,council_vote,,procedural,keyword,high,,,,19,68,1,minutes/2024/2024-09-30/2024-10-01_council-formal-meeting.md,minutes
1304,252,2,5,Close the public hearing and defer action on the Northpoint Light Industrial Zoning Text Amendment to a future Council meeting,Public Hearing Action,6-0 Pass,Pass,council_vote,,continue,keyword,high,276,singleton,high,68,3,1,minutes/2024/2024-09-30/2024-10-01_council-formal-meeting.md,minutes
1305,252,2,6,Close the public hearing and adopt Ordinance 69 of 2024 (Zoning Map Amendment at approximately 450 East 700 South),Ordinance,6-0 Pass,Pass,council_vote,,approve,keyword,high,277,singleton,high,38,19,1,minutes/2024/2024-09-30/2024-10-01_council-formal-meeting.md,minutes
1306,252,2,7,Close the public hearing and adopt Ordinance 70 of 2024 (Driveway and Loading Area Standards Text Amendment),Ordinance,6-0 Pass,Pass,council_vote,,approve,keyword,high,278,singleton,high,19,68,1,minutes/2024/2024-09-30/2024-10-01_council-formal-meeting.md,minutes
1307,252,2,8,Close the public hearing and adopt Ordinance 71 of 2024 (Monument Signs in Manufacturing Districts Text Amendment),Ordinance,6-0 Pass,Pass,council_vote,,approve,keyword,high,279,singleton,high,3,19,1,minutes/2024/2024-09-30/2024-10-01_council-formal-meeting.md,minutes
1308,252,2,9,Close the public hearing and adopt Ordinance 72 of 2024 (Text Amendment to Prohibit Demolition of Dwelling Units for Parking Uses),Ordinance,6-0 Pass,Pass,council_vote,,approve,keyword,high,280,singleton,high,19,38,1,minutes/2024/2024-09-30/2024-10-01_council-formal-meeting.md,minutes
1309,252,2,10,Close the public hearing and defer action on the City-wide Text Amendment for Gas Station Standards to a future Council meeting,Public Hearing Action,6-0 Pass,Pass,council_vote,,continue,keyword,high,281,singleton,high,65,19,1,minutes/2024/2024-09-30/2024-10-01_council-formal-meeting.md,minutes
1310,252,2,11,"Close the public hearing and adopt Ordinance 73 of 2024 (Budget Amendment No. 1 for Fiscal Year 2024-25), partial adoption for items I-8 and I-9",Budget Amendment,6-0 Pass,Pass,council_vote,,approve,keyword,high,,,,65,68,1,minutes/2024/2024-09-30/2024-10-01_council-formal-meeting.md,minutes
1311,252,2,12,Close the public hearing on the 2025-2026 HUD General Community Development Needs Annual Public Hearing,Public Hearing Action,6-0 Pass,Pass,council_vote,,procedural,keyword,medium,,,,19,68,1,minutes/2024/2024-09-30/2024-10-01_council-formal-meeting.md,minutes
1312,252,2,13,"Adopt Ordinance 74 of 2024 (Zoning Map Amendment at approximately 754 South State Street), subject to the applicant executing the development agreement attached to the ordinance",Ordinance,6-0 Pass,Pass,council_vote,,approve,keyword,high,282,singleton,high,38,19,1,minutes/2024/2024-09-30/2024-10-01_council-formal-meeting.md,minutes
1313,252,2,14,Adopt Ordinance 75 of 2024 (Zoning Text Amendment to the D-1 Central Business District Zone adding Hospitals and Ambulance Services as Conditional Uses),Ordinance,6-0 Pass,Pass,council_vote,,approve,keyword,high,283,singleton,high,38,19,1,minutes/2024/2024-09-30/2024-10-01_council-formal-meeting.md,minutes
1314,252,2,15,"Adopt Resolution 31 of 2024, approving the final Capital City Revitalization Zone Project Area and Participation Agreement between Salt Lake City and Smith Entertainment Group, LLC, and designating Smith Entertainment Group, LLC as the project participant, with additional motions regarding Abravanel Hall preservation and Utah Museum of Contemporary Art",Resolution,6-0 Pass,Pass,council_vote,,approve,keyword,high,284,singleton,high,38,68,1,minutes/2024/2024-09-30/2024-10-01_council-formal-meeting.md,minutes
1315,252,2,16,"Adopt Ordinance 68 of 2024, establishing, approving, and levying a 0.5% citywide sales and use tax on eligible transactions identified in Utah Code 59-12-402.5",Ordinance,6-0 Pass,Pass,council_vote,,approve,keyword,high,,,,68,38,1,minutes/2024/2024-09-30/2024-10-01_council-formal-meeting.md,minutes
1316,252,2,17,"Adopt Joint Resolution 33 of 2024, updating the City's processes for collective bargaining and employee representation, with a further motion requesting an Administration briefing on collective bargaining processes",Resolution,6-0 Pass,Pass,council_vote,,approve,keyword,high,,,,68,38,1,minutes/2024/2024-09-30/2024-10-01_council-formal-meeting.md,minutes
1317,252,2,18,"Adopt Ordinance 76 of 2024, approving a $100,000 loan for Exotic Fast Foods, LLC, from the Economic Development Loan Fund",Ordinance,6-0 Pass,Pass,council_vote,,approve,keyword,high,,,,38,68,1,minutes/2024/2024-09-30/2024-10-01_council-formal-meeting.md,minutes
1318,252,2,19,"Adopt Ordinance 77 of 2024, approving a $100,000 loan for City Cakes, LLC, from the Economic Development Loan Fund",Ordinance,6-0 Pass,Pass,council_vote,,approve,keyword,high,,,,38,19,1,minutes/2024/2024-09-30/2024-10-01_council-formal-meeting.md,minutes
1319,252,2,20,"Adopt Ordinance 78 of 2024, approving a $100,000 loan for Botanika SLC, LLC, from the Economic Development Loan Fund",Ordinance,6-0 Pass,Pass,council_vote,,approve,keyword,high,,,,38,68,1,minutes/2024/2024-09-30/2024-10-01_council-formal-meeting.md,minutes
1320,252,2,21,"Approve the consent agenda (setting public hearing dates for International Center fence height amendment and Mosquito Abatement District property tax report; board appointments of Seth Brown to Cultural Core Finance Committee, Polina Konuchkova to Library Board, and McCall Christensen to Planning Commission)",Procedural/Administrative,6-0 Pass,Pass,council_vote,,procedural,keyword,high,,,,68,19,1,minutes/2024/2024-09-30/2024-10-01_council-formal-meeting.md,minutes
1321,254,5,1,"Adopt Resolution 15 of 2024, 900 South Housing and Transit Reinvestment Zone Redevelopment Agency of Salt Lake City",Resolution,7-0 Pass,Pass,rda_vote,,approve,keyword,high,285,singleton,high,19,38,1,minutes/2024/2024-10-07/2024-10-08_redevelopment-agency-rda-meeting.md,minutes
1322,254,5,2,"Adopt Resolution 16 of 2024, Liberty Corner Daycare Loan of 1.6 Million Dollars",Resolution,6-0 Pass,Pass,rda_vote,,approve,keyword,high,286,singleton,high,19,20,1,minutes/2024/2024-10-07/2024-10-08_redevelopment-agency-rda-meeting.md,minutes
1323,254,5,3,"Adopt Resolution 17 of 2024, amending the North Temple RDA Project area as shown on the map",Resolution,7-0 Pass,Pass,rda_vote,,approve,keyword,high,287,singleton,high,68,38,1,minutes/2024/2024-10-07/2024-10-08_redevelopment-agency-rda-meeting.md,minutes
1324,254,5,4,"Adopt Resolution 18 of 2024, authorizing the fully discounted conveyance of portions of the RDA property to Salt Lake City for the extension of the S-Line",Resolution,7-0 Pass,Pass,rda_vote,,approve,keyword,high,288,singleton,high,65,68,1,minutes/2024/2024-10-07/2024-10-08_redevelopment-agency-rda-meeting.md,minutes
1325,254,5,5,Approve the consent agenda,Procedural/Administrative,7-0 Pass,Pass,rda_vote,,procedural,keyword,high,,,,17,19,1,minutes/2024/2024-10-07/2024-10-08_redevelopment-agency-rda-meeting.md,minutes
1326,255,2,1,Adopt Joint Resolution 34 of 2024 declaring October 2024 Italian-American Heritage Month in Salt Lake City,Ceremonial Resolution,6-0 Pass,Pass,council_vote,,approve,keyword,high,,,,19,38,1,minutes/2024/2024-10-14/2024-10-15_council-formal-meeting.md,minutes
1327,256,2,1,Enter into Closed Session for the purposes of attorney-client matters that are privileged.,Procedural/Administrative,6-0 Pass,Pass,council_vote,,procedural,keyword,high,,,,38,3,1,minutes/2024/2024-10-14/2024-10-15_council-work-session-meeting.md,minutes
1328,255,2,2,Adopt Joint Resolution 35 of 2024 declaring September 15 to October 15 Hispanic Heritage Month in Salt Lake City,Ceremonial Resolution,6-0 Pass,Pass,council_vote,,approve,keyword,high,,,,38,3,1,minutes/2024/2024-10-14/2024-10-15_council-formal-meeting.md,minutes
1329,256,2,2,Exit Closed Session.,Procedural/Administrative,6-0 Pass,Pass,council_vote,,procedural,keyword,high,,,,38,19,1,minutes/2024/2024-10-14/2024-10-15_council-work-session-meeting.md,minutes
1330,255,2,3,Close the public hearing and adopt Ordinance 79 of 2024 (Salt Lake City International Center Maximum Fence Height Zoning Text Amendment),Public Hearing Action,6-0 Pass,Pass,council_vote,,approve,keyword,high,289,singleton,high,3,19,1,minutes/2024/2024-10-14/2024-10-15_council-formal-meeting.md,minutes
1331,255,2,4,Close the public hearing and refer item B-2 (Eviction Protection Grant) to a future consent agenda for action,Public Hearing Action,6-0 Pass,Pass,council_vote,,procedural,keyword,high,,,,38,3,1,minutes/2024/2024-10-14/2024-10-15_council-formal-meeting.md,minutes
1332,255,2,5,"Close the public hearing and refer the Mosquito Abatement District Property Tax Report item to the District Board of Trustees December 19, 2024 meeting for the public hearing and action",Public Hearing Action,6-0 Pass,Pass,council_vote,,procedural,keyword,medium,,,,3,19,1,minutes/2024/2024-10-14/2024-10-15_council-formal-meeting.md,minutes
1333,255,2,6,Adopt Resolution 36 of 2024 adopting the 900 South Housing Transit Reinvestment Zone Interlocal Agreement between Salt Lake City Corporation and the Redevelopment Agency of Salt Lake City,Interlocal/Agreement,6-0 Pass,Pass,council_vote,,approve,keyword,high,290,singleton,high,3,19,1,minutes/2024/2024-10-14/2024-10-15_council-formal-meeting.md,minutes
1334,255,2,7,Adopt Ordinance 81 of 2024 amending the boundaries of the North Temple Urban Renewal Project Area,Ordinance,6-0 Pass,Pass,council_vote,,approve,keyword,high,291,singleton,high,19,68,1,minutes/2024/2024-10-14/2024-10-15_council-formal-meeting.md,minutes
1335,255,2,8,"Adopt Ordinance 80 of 2024 approving a $300,000 loan for Ski Trucks, LLC from the Economic Development Loan Fund",Grant/Funding,6-0 Pass,Pass,council_vote,,approve,keyword,high,,,,68,3,1,minutes/2024/2024-10-14/2024-10-15_council-formal-meeting.md,minutes
1336,255,2,9,Approve the Consent agenda,Procedural/Administrative,6-0 Pass,Pass,council_vote,,procedural,keyword,high,,,,3,19,1,minutes/2024/2024-10-14/2024-10-15_council-formal-meeting.md,minutes
1337,257,2,1,"Approve formal meeting minutes of February 6, 2024; August 27, 2024; and September 17, 2024",Procedural/Administrative,5-0 Pass,Pass,council_vote,,procedural,keyword,high,,,,19,20,1,minutes/2024/2024-11-11/2024-11-12_council-formal-meeting.md,minutes
1338,258,2,1,"Moved by Council Member Mano, seconded by Council Member Young to enter into Closed Session for the purposes of discussion regarding deployment of security personnel, devices, or systems; and for attorney-client matters.",Procedural/Administrative,7-0 Pass,Pass,council_vote,,procedural,keyword,high,,,,20,65,1,minutes/2024/2024-11-11/2024-11-12_council-work-session-meeting.md,minutes
1339,259,5,1,Close the public hearing on RDA Budget Amendment No.1 for Fiscal Year 2024-25,Public Hearing Action,7-0 Pass,Pass,rda_vote,,procedural,keyword,medium,,,,23,35,1,minutes/2024/2024-11-11/2024-11-12_redevelopment-agency-rda-meeting.md,minutes
1340,257,2,2,Adopt Resolution 38 of 2024 declaring November as Native American Heritage Month in Salt Lake City,Ceremonial Resolution,5-0 Pass,Pass,council_vote,,approve,keyword,high,,,,19,65,1,minutes/2024/2024-11-11/2024-11-12_council-formal-meeting.md,minutes
1341,258,2,2,"Moved by Council Member Dugan, seconded by Council Member Mano to exit Closed Session and adjourn.",Procedural/Administrative,7-0 Pass,Pass,council_vote,,procedural,keyword,high,,,,19,20,1,minutes/2024/2024-11-11/2024-11-12_council-work-session-meeting.md,minutes
1342,259,5,2,"Approve the meeting minutes of August 13, 2024",Procedural/Administrative,7-0 Pass,Pass,rda_vote,,procedural,keyword,high,,,,23,35,1,minutes/2024/2024-11-11/2024-11-12_redevelopment-agency-rda-meeting.md,minutes
1343,257,2,3,Adopt Resolution 37 of 2024 declaring November 20th as Transgender Day of Remembrance in Salt Lake City,Ceremonial Resolution,5-0 Pass,Pass,council_vote,,approve,keyword,high,,,,20,19,1,minutes/2024/2024-11-11/2024-11-12_council-formal-meeting.md,minutes
1344,259,5,3,"Adopt Resolution 19 of 2024, amending the Fiscal Year 2025 final budget of the Redevelopment Agency of Salt Lake City only for items as shown on the motion sheet",Budget Amendment,7-0 Pass,Pass,rda_vote,,approve,keyword,high,,,,23,35,1,minutes/2024/2024-11-11/2024-11-12_redevelopment-agency-rda-meeting.md,minutes
1345,257,2,4,Close public hearing and defer to a future meeting on the Street and Alley Vacation and Subdivision Amendment at Brooklyn Avenue,Public Hearing Action,5-0 Pass,Pass,council_vote,,procedural,keyword,medium,292,singleton,high,20,19,1,minutes/2024/2024-11-11/2024-11-12_council-formal-meeting.md,minutes
1346,259,5,4,"Adopt Resolution 20 of 2024, authorizing the disposition of the properties to the Utah Transit Authority for zero dollars with a right of reverter",Contract/Property,7-0 Pass,Pass,rda_vote,,approve,keyword,high,293,singleton,high,23,34,1,minutes/2024/2024-11-11/2024-11-12_redevelopment-agency-rda-meeting.md,minutes
1347,257,2,5,Close public hearing and defer action to a future meeting on the Zoning Map Amendment at 1816 South State Street,Public Hearing Action,5-0 Pass,Pass,council_vote,,continue,keyword,high,294,singleton,high,19,20,1,minutes/2024/2024-11-11/2024-11-12_council-formal-meeting.md,minutes
1348,257,2,6,Adopt Ordinance 83 of 2024 amending chapter 21A.36.020 regarding obstructions in required yards and height exceptions,Ordinance,5-0 Pass,Pass,council_vote,,approve,keyword,high,295,singleton,high,65,19,1,minutes/2024/2024-11-11/2024-11-12_council-formal-meeting.md,minutes
1349,257,2,7,"Close the public hearing and adopt Ordinance 82 of 2024 repealing and replacing Title 16 of the Salt Lake City Code pertaining to Airports, with a legislative action requesting small group meetings with the Administration and Attorney's Office to coordinate Impact Fees, the Facilities Plan updates, and how Administrative projects managed by City Departments are handled",Ordinance,5-0 Pass,Pass,council_vote,,approve,keyword,high,,,,19,20,1,minutes/2024/2024-11-11/2024-11-12_council-formal-meeting.md,minutes
1350,257,2,8,Adopt Ordinance 85 of 2024 amending the Consolidated Fee Schedule to modify the stabilization fee,Ordinance,4-0 Pass,Pass,council_vote,,approve,keyword,high,,,,65,19,1,minutes/2024/2024-11-11/2024-11-12_council-formal-meeting.md,minutes
1351,257,2,9,Adopt Ordinance 84 of 2024 enacting temporary zoning regulations authorizing temporary increases in overnight capacity at the youth homeless resource center at 888 South 400 West,Ordinance,4-0 Pass,Pass,council_vote,,approve,keyword,high,,,,19,65,1,minutes/2024/2024-11-11/2024-11-12_council-formal-meeting.md,minutes
1352,257,2,10,Adopt Resolution 39 of 2024 designating the Salt Lake City Central Business Improvement Assessment Area for economic promotion activities and holiday lighting,Resolution,4-0 Pass,Pass,council_vote,,approve,keyword,high,,,,65,19,1,minutes/2024/2024-11-11/2024-11-12_council-formal-meeting.md,minutes
1353,257,2,11,Adopt Resolution 40 of 2024 appointing the Board of Equalization for the Salt Lake City Central Business Improvement Assessment Area and related matters,Resolution,4-0 Pass,Pass,council_vote,,approve,keyword,high,,,,65,20,1,minutes/2024/2024-11-11/2024-11-12_council-formal-meeting.md,minutes
1354,257,2,12,Approve the Consent Agenda,Procedural/Administrative,4-0 Pass,Pass,council_vote,,procedural,keyword,high,,,,20,65,1,minutes/2024/2024-11-11/2024-11-12_council-formal-meeting.md,minutes
1355,260,2,1,"Adopt Joint Resolution 42 of 2024, recognizing December 1, 2024, as World AIDS Day in Salt Lake City",Ceremonial Resolution,7-0 Pass,Pass,council_vote,,approve,keyword,high,,,,17,3,1,minutes/2024/2024-11-18/2024-11-19_council-formal-meeting.md,minutes
1356,261,2,1,Enter into Closed Session A for the purpose of advice of counsel/attorney-client matters.,Procedural/Administrative,7-0 Pass,Pass,council_vote,,procedural,keyword,high,,,,17,38,1,minutes/2024/2024-11-18/2024-11-19_council-work-session-meeting.md,minutes
1357,260,2,2,Close the public hearing and refer Items B-1 and B-2 to a future Consent Agenda for action,Public Hearing Action,7-0 Pass,Pass,council_vote,,procedural,keyword,high,,,,3,19,1,minutes/2024/2024-11-18/2024-11-19_council-formal-meeting.md,minutes
1358,261,2,2,Exit Closed Session A.,Procedural/Administrative,7-0 Pass,Pass,council_vote,,procedural,keyword,high,,,,19,38,1,minutes/2024/2024-11-18/2024-11-19_council-work-session-meeting.md,minutes
1359,260,2,3,Continue the public hearing on the Jordan River Fairpark District Zoning Map & Text Amendment to a future Council meeting,Public Hearing Action,7-0 Pass,Pass,council_vote,,continue,keyword,high,296,singleton,high,3,17,1,minutes/2024/2024-11-18/2024-11-19_council-formal-meeting.md,minutes
1360,261,2,3,Enter into Closed Session B for the purposes of strategy sessions to discuss collective bargaining and advice of counsel/attorney-client matters.,Procedural/Administrative,6-0 Pass,Pass,council_vote,,procedural,keyword,high,,,,17,19,1,minutes/2024/2024-11-18/2024-11-19_council-work-session-meeting.md,minutes
1361,260,2,4,Continue the public hearing on the Ordinance for Temporary Closure of a Portion of 1000 West to a future Council meeting,Public Hearing Action,7-0 Pass,Pass,council_vote,,continue,keyword,high,,,,3,17,1,minutes/2024/2024-11-18/2024-11-19_council-formal-meeting.md,minutes
1362,261,2,4,Exit Closed Session B.,Procedural/Administrative,7-0 Pass,Pass,council_vote,,procedural,keyword,high,,,,38,3,1,minutes/2024/2024-11-18/2024-11-19_council-work-session-meeting.md,minutes
1363,260,2,5,Adopt Ordinance 87 of 2024 (Street and Alley Vacation and Subdivision Amendment at Brooklyn Avenue),Ordinance,7-0 Pass,Pass,council_vote,,approve,keyword,high,297,singleton,high,68,19,1,minutes/2024/2024-11-18/2024-11-19_council-formal-meeting.md,minutes
1364,260,2,6,Adopt Ordinance 86 of 2024 (Zoning Map Amendment at 1816 South State Street),Ordinance,6-1 Pass,Pass,council_vote,,approve,keyword,high,298,singleton,high,68,19,1,minutes/2024/2024-11-18/2024-11-19_council-formal-meeting.md,minutes
1365,260,2,7,"Adopt Resolution 41 of 2024, the Salt Lake City Public Utilities Revenue Bonds, Series 2025 parameters resolution, and refer to the consent agenda for setting the date for a public hearing on the bond issuance for December 3, 2024",Resolution,7-0 Pass,Pass,council_vote,,procedural,keyword,high,,,,3,19,1,minutes/2024/2024-11-18/2024-11-19_council-formal-meeting.md,minutes
1366,260,2,8,"Adopt Ordinance 89 of 2024, approving a $250,000 loan for HK Brewing Collective, LLC from the Economic Development Loan Fund",Grant/Funding,7-0 Pass,Pass,council_vote,,approve,keyword,high,,,,20,19,1,minutes/2024/2024-11-18/2024-11-19_council-formal-meeting.md,minutes
1367,260,2,9,"Adopt Ordinance 88 of 2024, approving a $250,000 loan for GK Folks Foundation from the Economic Development Loan Fund",Grant/Funding,7-0 Pass,Pass,council_vote,,approve,keyword,high,,,,19,20,1,minutes/2024/2024-11-18/2024-11-19_council-formal-meeting.md,minutes
1368,260,2,10,Approve the consent agenda,Procedural/Administrative,7-0 Pass,Pass,council_vote,,procedural,keyword,high,,,,3,17,1,minutes/2024/2024-11-18/2024-11-19_council-formal-meeting.md,minutes
1369,262,2,1,"Approve the work session and formal meeting minutes of October 1, 2024.",Procedural/Administrative,5-0 Pass,Pass,council_vote,,procedural,keyword,high,,,,3,19,1,minutes/2024/2024-12-02/2024-12-03_council-formal-meeting.md,minutes
1370,263,2,1,Enter into Closed Session for the purposes of attorney-client matters.,Procedural/Administrative,6-0 Pass,Pass,council_vote,,procedural,keyword,high,,,,17,19,1,minutes/2024/2024-12-02/2024-12-03_council-work-session-meeting.md,minutes
1371,262,2,2,"Close the public hearing on the Public Utilities Revenue Bonds, Series 2025.",Public Hearing Action,5-0 Pass,Pass,council_vote,,procedural,keyword,medium,,,,19,3,1,minutes/2024/2024-12-02/2024-12-03_council-formal-meeting.md,minutes
1372,263,2,2,Exit Closed Session.,Procedural/Administrative,6-0 Pass,Pass,council_vote,,procedural,keyword,high,,,,17,19,1,minutes/2024/2024-12-02/2024-12-03_council-work-session-meeting.md,minutes
1373,262,2,3,Close the public hearing on the S-Line Conveyance of Significant Parcels.,Public Hearing Action,5-0 Pass,Pass,council_vote,,procedural,keyword,medium,,,,3,65,1,minutes/2024/2024-12-02/2024-12-03_council-formal-meeting.md,minutes
1374,262,2,4,Close the public hearing on Budget Amendment No. 2 for Fiscal Year 2024-25 and refer the item to a future date for action.,Public Hearing Action,5-0 Pass,Pass,council_vote,,procedural,keyword,medium,,,,19,17,1,minutes/2024/2024-12-02/2024-12-03_council-formal-meeting.md,minutes
1375,262,2,5,Close the public hearing on the Jordan River Fairpark District Zoning Map & Text Amendment and defer action to a future council meeting.,Public Hearing Action,6-0 Pass,Pass,council_vote,,continue,keyword,high,299,singleton,high,19,3,1,minutes/2024/2024-12-02/2024-12-03_council-formal-meeting.md,minutes
1376,262,2,6,"Close the public hearing and adopt Ordinance 90 of 2024, temporarily closing a portion of 1000 West between South Temple and approximately 15 South.",Ordinance,6-0 Pass,Pass,council_vote,,approve,keyword,high,,,,3,19,1,minutes/2024/2024-12-02/2024-12-03_council-formal-meeting.md,minutes
1377,262,2,7,Approve the Consent Agenda.,Procedural/Administrative,6-0 Pass,Pass,council_vote,,procedural,keyword,high,,,,17,3,1,minutes/2024/2024-12-02/2024-12-03_council-formal-meeting.md,minutes
1378,264,2,1,Enter into Closed Session for the purposes of attorney-client matters that are privileged.,Procedural/Administrative,7-0 Pass,Pass,council_vote,,procedural,keyword,high,,,,19,20,1,minutes/2024/2024-12-09/2024-12-10_council-work-session-meeting.md,minutes
1379,265,5,1,"Approve the Meeting Minutes of September 10, 2024 and October 8, 2024",Procedural/Administrative,6-0 Pass,Pass,rda_vote,,procedural,keyword,high,,,,19,38,1,minutes/2024/2024-12-09/2024-12-10_redevelopment-agency-rda-meeting.md,minutes
1380,266,2,1,"Approve the work session meeting minutes of August 27, 2024; September 3, 2024; September 10, 2024; September 17, 2024; and October 8, 2024.",Procedural/Administrative,7-0 Pass,Pass,council_vote,,procedural,keyword,high,,,,3,17,1,minutes/2024/2024-12-09/2024-12-10_revised-council-formal-meeting.md,minutes
1381,264,2,2,Exit Closed Session.,Procedural/Administrative,7-0 Pass,Pass,council_vote,,procedural,keyword,high,,,,20,19,1,minutes/2024/2024-12-09/2024-12-10_council-work-session-meeting.md,minutes
1382,265,5,2,Adopt Resolution 21 of 2024 – Rio Grande District Vision and Implementation Plan,Resolution,7-0 Pass,Pass,rda_vote,,approve,keyword,high,300,singleton,high,20,19,1,minutes/2024/2024-12-09/2024-12-10_redevelopment-agency-rda-meeting.md,minutes
1383,266,2,2,Adopt Joint Resolution 46 of 2024 recognizing City Attorney Katherine Lewis for her contributions to Salt Lake City.,Ceremonial Resolution,7-0 Pass,Pass,council_vote,,approve,keyword,high,,,,19,38,1,minutes/2024/2024-12-09/2024-12-10_revised-council-formal-meeting.md,minutes
1384,266,2,3,"Adopt Ordinance 91 of 2024 amending Titles 2, 5, 18, and 21A of the Salt Lake City Code to update building code references, modify enforcement appeal process, and add/increase building enforcement fines and penalties.",Ordinance,7-0 Pass,Pass,council_vote,,approve,keyword,high,,,,17,19,1,minutes/2024/2024-12-09/2024-12-10_revised-council-formal-meeting.md,minutes
1385,266,2,4,"Adopt Ordinance 93 of 2024 amending the Fiscal Year 2025 final budget of Salt Lake City including the employment staffing document for specified items, and adopt a legislative intent statement requesting a written report evaluating the City Prosecutor's Office structure and operations.",Budget Amendment,7-0 Pass,Pass,council_vote,,approve,keyword,high,,,,19,38,1,minutes/2024/2024-12-09/2024-12-10_revised-council-formal-meeting.md,minutes
1386,266,2,5,"Adopt Ordinance 92 of 2024 establishing the Jordan River Fairpark zoning district and rezoning approximately 93 acres at approximately 1500 W North Temple to the JRF zoning district, request the administration enter into a development agreement with the applicant, and request an annual audit/review of the project area.",Ordinance,7-0 Pass,Pass,council_vote,,approve,keyword,high,301,singleton,high,3,19,1,minutes/2024/2024-12-09/2024-12-10_revised-council-formal-meeting.md,minutes
1387,266,2,6,"Adopt Ordinance 94 of 2024 approving a $350,000 loan for Frontier Fruit, LLC from the Economic Development Loan Fund.",Grant/Funding,7-0 Pass,Pass,council_vote,,approve,keyword,high,,,,38,20,1,minutes/2024/2024-12-09/2024-12-10_revised-council-formal-meeting.md,minutes
1388,266,2,7,Adopt Resolution 47 of 2024 authorizing the Administration to enter into an interlocal agreement with the Utah Fairpark Area Investment and Restoration District to provide municipal services to the Fairpark District Boundary.,Interlocal/Agreement,7-0 Pass,Pass,council_vote,,approve,keyword,high,,,,17,19,1,minutes/2024/2024-12-09/2024-12-10_revised-council-formal-meeting.md,minutes
1389,266,2,8,Adopt Resolution 44 of 2024 requesting Salt Lake City's participation in the Municipal Alternative Voting Methods Pilot Project to use ranked choice voting for the 2025 municipal election.,Resolution,7-0 Pass,Pass,council_vote,,approve,keyword,high,,,,3,19,1,minutes/2024/2024-12-09/2024-12-10_revised-council-formal-meeting.md,minutes
1390,266,2,9,Adopt Resolution 43 of 2024 confirming the Salt Lake City ADA Self-Evaluation and Transition Plan.,Resolution,6-0 Pass,Pass,council_vote,,approve,keyword,high,,,,17,65,1,minutes/2024/2024-12-09/2024-12-10_revised-council-formal-meeting.md,minutes
1391,266,2,10,"Adopt Resolution 45 of 2024 amending the Council Policy regarding Travel, Training, and Capacity Building.",Procedural/Administrative,6-0 Pass,Pass,council_vote,,approve,keyword,high,,,,17,19,1,minutes/2024/2024-12-09/2024-12-10_revised-council-formal-meeting.md,minutes
1392,266,2,11,Approve the Consent agenda including Grant Holding Account Items (Batch No. 2) for Fiscal Year 2024-25 and the appointment of Nate King to the Art Design Board.,Appointment/Advice & Consent,6-0 Pass,Pass,council_vote,,procedural,keyword,high,,,,19,17,1,minutes/2024/2024-12-09/2024-12-10_revised-council-formal-meeting.md,minutes
1393,267,2,1,"Approve the work session and formal meeting minutes of October 15, 2024 and November 12, 2024.",Procedural/Administrative,7-0 Pass,Pass,council_vote,,procedural,keyword,high,,,,3,19,1,minutes/2025/2025-01-06/2025-01-07_council-formal-meeting.md,minutes
1394,267,2,2,Close the public hearing and refer Items B-1 and B-2 to a future Consent Agenda for action.,Public Hearing Action,7-0 Pass,Pass,council_vote,,procedural,keyword,high,,,,3,38,1,minutes/2025/2025-01-06/2025-01-07_council-formal-meeting.md,minutes
1395,267,2,3,"Adopt Ordinance 01 of 2025, amending the zoning map for a portion of the property located at approximately 333 West 700 South.",Ordinance,7-0 Pass,Pass,council_vote,,approve,keyword,high,302,singleton,high,3,19,1,minutes/2025/2025-01-06/2025-01-07_council-formal-meeting.md,minutes
1396,267,2,4,"Adopt Ordinance 02 of 2025, amending the zoning of the properties at approximately 238 South Concord Street and 1255 West Pierpont Avenue from R-1/5,000 to RMF-30.",Ordinance,7-0 Pass,Pass,council_vote,,approve,keyword,high,,,,19,3,1,minutes/2025/2025-01-06/2025-01-07_council-formal-meeting.md,minutes
1397,267,2,5,Adopt Ordinance 03 of 2025 (Northpoint Light Industrial Zoning Text Amendment).,Ordinance,7-0 Pass,Pass,council_vote,,approve,keyword,high,303,singleton,high,3,19,1,minutes/2025/2025-01-06/2025-01-07_council-formal-meeting.md,minutes
1398,267,2,6,Ratify the election of Council Member Wharton as Chair and Council Member Puy as Vice Chair for 2025.,Procedural/Administrative,7-0 Pass,Pass,council_vote,,approve,keyword,high,,,,19,20,1,minutes/2025/2025-01-06/2025-01-07_council-formal-meeting.md,minutes
1399,267,2,7,Approve the appointment of David Buchanan as the Chief Human Resources Officer for Salt Lake City.,Appointment/Advice & Consent,7-0 Pass,Pass,council_vote,,approve,keyword,high,,,,17,65,1,minutes/2025/2025-01-06/2025-01-07_council-formal-meeting.md,minutes
1400,267,2,8,Approve the appointment of Tammy Hunsaker as the Director of the Community and Neighborhoods Department for Salt Lake City.,Appointment/Advice & Consent,7-0 Pass,Pass,council_vote,,approve,keyword,high,,,,17,38,1,minutes/2025/2025-01-06/2025-01-07_council-formal-meeting.md,minutes
1401,267,2,9,"Pass a legislative action initiating a zoning petition for City Staff to research and draft an ordinance updating Salt Lake City Code pertaining to fence and hedge heights, increasing maximum hedge height to 6 feet in front/side yards and maximum fence/wall/hedge height behind the primary facade to 7 feet.",Legislative Intent,7-0 Pass,Pass,council_vote,,,unclassified,low,,,,65,38,1,minutes/2025/2025-01-06/2025-01-07_council-formal-meeting.md,minutes
1402,267,2,10,"Adopt Ordinance 04 of 2025, amending chapters 2.46 and 2.68 of Salt Lake City Code relating to campaign finance disclosures and city elections.",Ordinance,7-0 Pass,Pass,council_vote,,approve,keyword,high,,,,17,38,1,minutes/2025/2025-01-06/2025-01-07_council-formal-meeting.md,minutes
1403,267,2,11,Adopt Ordinance 05 of 2025 (Council Compensation Change).,Ordinance,5-2 Pass,Pass,council_vote,,approve,keyword,high,,,,3,20,1,minutes/2025/2025-01-06/2025-01-07_council-formal-meeting.md,minutes
1404,267,2,12,Approve the Consent agenda.,Procedural/Administrative,7-0 Pass,Pass,council_vote,,procedural,keyword,high,,,,20,17,1,minutes/2025/2025-01-06/2025-01-07_council-formal-meeting.md,minutes
1405,268,1,1,Elect Director Mano as CRA Chair for calendar year 2025,Procedural/Administrative,Unanimous Pass,Pass,rda_vote,,,unclassified,low,304,singleton,high,19,,1,minutes/2025/2025-01-20/2025-01-21_community-reinvestment-agency-cra-meeting.md,minutes
1406,269,2,1,"Approve the work session minutes of December 3, 2024.",Procedural/Administrative,6-0 Pass,Pass,council_vote,,procedural,keyword,high,,,,20,68,1,minutes/2025/2025-01-20/2025-01-21_council-formal-meeting.md,minutes
1407,268,1,2,Elect Director Dugan as CRA Vice Chair for calendar year 2025,Procedural/Administrative,Unanimous Pass,Pass,rda_vote,,,unclassified,low,305,singleton,high,65,,1,minutes/2025/2025-01-20/2025-01-21_community-reinvestment-agency-cra-meeting.md,minutes
1408,269,2,2,"Adopt Joint Resolution 1 of 2025, recognizing Cindy Gust-Jenson for her service as Executive Director from February 1989 to January 2025.",Ceremonial Resolution,7-0 Pass,Pass,council_vote,,approve,keyword,high,,,,68,38,1,minutes/2025/2025-01-20/2025-01-21_council-formal-meeting.md,minutes
1409,268,1,3,"Approve the minutes of November 12, 2024, and December 10, 2024",Procedural/Administrative,7-0 Pass,Pass,rda_vote,,procedural,keyword,high,,,,17,19,1,minutes/2025/2025-01-20/2025-01-21_community-reinvestment-agency-cra-meeting.md,minutes
1410,269,2,3,"Close the public hearing and adopt Ordinance 6 of 2025, amending the Fiscal Year 2025 final budget of the Salt Lake City Library by reallocating $190,000 from employee benefits to capital projects to fund the roof renovation project.",Budget Amendment,7-0 Pass,Pass,council_vote,,approve,keyword,high,,,,19,65,1,minutes/2025/2025-01-20/2025-01-21_council-formal-meeting.md,minutes
1411,269,2,4,Adopt Ordinance 7 of 2025 for City-wide Text Amendment for Gas Station Standards.,Ordinance,7-0 Pass,Pass,council_vote,,approve,keyword,high,306,singleton,high,19,20,1,minutes/2025/2025-01-20/2025-01-21_council-formal-meeting.md,minutes
1412,269,2,5,Appoint Keith Reynolds as City Recorder.,Appointment/Advice & Consent,7-0 Pass,Pass,council_vote,,,unclassified,low,,,,19,65,1,minutes/2025/2025-01-20/2025-01-21_council-formal-meeting.md,minutes
1413,269,2,6,"Adopt Ordinance 8 of 2025, amending the Consolidated Fee Schedule related to the rate stabilization fee in the water and sanitary sewer utilities.",Ordinance,7-0 Pass,Pass,council_vote,,approve,keyword,high,,,,19,38,1,minutes/2025/2025-01-20/2025-01-21_council-formal-meeting.md,minutes
1414,269,2,7,Approve Consent Agenda items G2 (set public hearing date for Budget Amendment No. 3 for FY2024-25) and G4 (reappointment of Alfonso Brito to the Business Advisory Board).,Procedural/Administrative,7-0 Pass,Pass,council_vote,,procedural,keyword,high,,,,20,38,1,minutes/2025/2025-01-20/2025-01-21_council-formal-meeting.md,minutes
1415,269,2,8,"Approve Consent Agenda item G3, appointing Darin Mano to the Housing Authority of Salt Lake City for a term ending January 21, 2029.",Appointment/Advice & Consent,6-0 Pass,Pass,council_vote,,procedural,keyword,high,,,,65,19,1,minutes/2025/2025-01-20/2025-01-21_council-formal-meeting.md,minutes
1416,270,2,1,"Enter into Closed Session A for the purposes of strategy sessions to discuss the purchase, exchange, or lease of real property, discussion regarding deployment of security personnel, devices, or systems and attorney-client matters.",Procedural/Administrative,7-0 Pass,Pass,council_vote,,procedural,keyword,high,,,,19,38,1,minutes/2025/2025-02-03/2025-02-04_council-work-session-meeting.md,minutes
1417,271,2,1,"Approve the work session meeting minutes of January 7, 2025, as well as the formal meeting minutes of November 19, 2024; December 3, 2024; and December 10, 2024.",Procedural/Administrative,7-0 Pass,Pass,council_vote,,procedural,keyword,high,,,,36,49,1,minutes/2025/2025-02-03/2025-02-04_revised-council-formal-meeting.md,minutes
1418,270,2,2,Exit Closed Session A.,Procedural/Administrative,7-0 Pass,Pass,council_vote,,procedural,keyword,high,,,,38,19,1,minutes/2025/2025-02-03/2025-02-04_council-work-session-meeting.md,minutes
1419,271,2,2,Adopt Ceremonial Resolution 03 of 2025 recognizing February as Black History Month in Salt Lake City.,Ceremonial Resolution,7-0 Pass,Pass,council_vote,,procedural,keyword,high,,,,36,49,1,minutes/2025/2025-02-03/2025-02-04_revised-council-formal-meeting.md,minutes
1420,270,2,3,"Enter into Closed Session B for the purposes of discussion regarding deployment of security personnel, devices, or systems; and attorney-client matters.",Procedural/Administrative,7-0 Pass,Pass,council_vote,,procedural,keyword,high,,,,19,38,1,minutes/2025/2025-02-03/2025-02-04_council-work-session-meeting.md,minutes
1421,271,2,3,Close the public hearing and refer Items B-1 through B-10 to a future Consent Agenda for action.,Public Hearing Action,7-0 Pass,Pass,council_vote,,procedural,keyword,high,,,,36,71,1,minutes/2025/2025-02-03/2025-02-04_revised-council-formal-meeting.md,minutes
1422,270,2,4,Exit Closed Session B.,Procedural/Administrative,7-0 Pass,Pass,council_vote,,procedural,keyword,high,,,,38,19,1,minutes/2025/2025-02-03/2025-02-04_council-work-session-meeting.md,minutes
1423,271,2,4,"Continue the public hearing on Budget Amendment No. 3 for FY 2024-25, adopt the new Cybersecurity Engineer I FTE from Item A-2, and refer the remaining items to a future date.",Budget Amendment,7-0 Pass,Pass,council_vote,,continue,keyword,high,,,,36,71,1,minutes/2025/2025-02-03/2025-02-04_revised-council-formal-meeting.md,minutes
1424,270,2,5,"Enter into Closed Session for the purposes of strategy sessions to discuss the purchase, exchange, or lease of real property and attorney-client matters.",Procedural/Administrative,6-0 Pass,Pass,council_vote,,procedural,keyword,high,,,,68,38,1,minutes/2025/2025-02-03/2025-02-04_council-work-session-meeting.md,minutes
1425,271,2,5,"Adopt Ordinance 09 of 2025, approving a $350,000 loan for Gorkha Enterprises, DBA Himalayan Kitchen from the Economic Development Loan Fund.",Ordinance,7-0 Pass,Pass,council_vote,,approve,keyword,high,,,,49,36,1,minutes/2025/2025-02-03/2025-02-04_revised-council-formal-meeting.md,minutes
1426,270,2,6,Exit Closed Session.,Procedural/Administrative,5-0 Pass,Pass,council_vote,,procedural,keyword,high,,,,19,38,1,minutes/2025/2025-02-03/2025-02-04_council-work-session-meeting.md,minutes
1427,271,2,6,"Adopt Resolution 02 of 2025, establishing a collective bargaining structure and process for the Salt Lake City Public Library, as amended and approved by the Library Board of Directors on January 29, 2025.",Resolution,7-0 Pass,Pass,council_vote,,approve,keyword,high,,,,71,56,1,minutes/2025/2025-02-03/2025-02-04_revised-council-formal-meeting.md,minutes
1428,271,2,7,"Approve Item G-1 listed on the Consent Agenda (Ordinance Confirmation: Zoning Map Amendments at approximately 2760, 2800, and 2828 North 2200 West and Board Appointment: Business Advisory Board – Alyn Toalepai).",Procedural/Administrative,7-0 Pass,Pass,council_vote,,procedural,keyword,high,307,singleton,high,36,71,1,minutes/2025/2025-02-03/2025-02-04_revised-council-formal-meeting.md,minutes
1429,272,1,1,Ratify the nominations of Director Mano for Board Chair and Director Dugan as Board Vice Chair,Procedural/Administrative,6-0 Pass,Pass,rda_vote,,approve,keyword,high,308,singleton,high,17,38,1,minutes/2025/2025-02-10/2025-02-11_community-reinvestment-agency-cra-meeting.md,minutes
1430,272,1,2,Approve the Consent Agenda (reappointment of Rosa Bandeirinha and Nicholas Peterson to the Reinvestment Advisory Committee),Appointment/Advice & Consent,6-0 Pass,Pass,rda_vote,,procedural,keyword,high,309,singleton,high,19,68,1,minutes/2025/2025-02-10/2025-02-11_community-reinvestment-agency-cra-meeting.md,minutes
1431,273,2,1,"Approve the work session meeting minutes of November 19, 2024 and the formal meeting minutes of January 7, 2025.",Procedural/Administrative,7-0 Pass,Pass,council_vote,,procedural,keyword,high,,,,3,19,1,minutes/2025/2025-02-17/2025-02-18_council-formal-meeting.md,minutes
1432,273,2,2,Close the public hearing and defer items B1 and B2 to a future Consent Agenda for action.,Public Hearing Action,7-0 Pass,Pass,council_vote,,procedural,keyword,high,,,,19,3,1,minutes/2025/2025-02-17/2025-02-18_council-formal-meeting.md,minutes
1433,273,2,3,"Adopt Ordinance 11 of 2025, amending the final budget of Salt Lake City, including the employment staffing document, for Fiscal Year 2024-2025, addressing all remaining requests except item A-2.",Budget Amendment,7-0 Pass,Pass,council_vote,,approve,keyword,high,,,,19,3,1,minutes/2025/2025-02-17/2025-02-18_council-formal-meeting.md,minutes
1434,273,2,4,"Adopt Ordinance 10 of 2025, approving a $75,000 loan for Policy Kings Brewery, LLC from the Economic Development Loan Fund.",Ordinance,7-0 Pass,Pass,council_vote,,approve,keyword,high,,,,3,38,1,minutes/2025/2025-02-17/2025-02-18_council-formal-meeting.md,minutes
1435,273,2,5,"Adopt Resolution 04 of 2025, extending the time period to comply with the conditions in Ordinance 06 of 2023 for an additional 6 months.",Resolution,6-1 Pass,Pass,council_vote,,approve,keyword,high,,,,3,19,1,minutes/2025/2025-02-17/2025-02-18_council-formal-meeting.md,minutes
1436,273,2,6,"Adopt Ordinance 12 of 2025, Enacting a Temporary Land Use Regulation – Public School Development Standards.",Ordinance,7-0 Pass,Pass,council_vote,,approve,keyword,high,,,,3,65,1,minutes/2025/2025-02-17/2025-02-18_council-formal-meeting.md,minutes
1437,273,2,7,Approve the appointment of Mark Kittrell as the Salt Lake City Attorney.,Appointment/Advice & Consent,7-0 Pass,Pass,council_vote,,approve,keyword,high,,,,17,19,1,minutes/2025/2025-02-17/2025-02-18_council-formal-meeting.md,minutes
1438,273,2,8,Adopt the Consent Agenda.,Procedural/Administrative,7-0 Pass,Pass,council_vote,,procedural,keyword,high,,,,3,19,1,minutes/2025/2025-02-17/2025-02-18_council-formal-meeting.md,minutes
1439,274,2,1,"Adopt Joint Ceremonial Resolution 5 of 2025 with Mayor Mendenhall, recognizing March as National Women's History Month in Salt Lake City.",Ceremonial Resolution,7-0 Pass,Pass,council_vote,,procedural,keyword,high,,,,68,38,1,minutes/2025/2025-03-03/2025-03-04_council-formal-meeting.md,minutes
1440,274,2,2,Close the public hearing and refer the item (2025-29 HUD Consolidated Plan Update and Timeline) to a future date for action.,Public Hearing Action,7-0 Pass,Pass,council_vote,,procedural,keyword,medium,,,,3,65,1,minutes/2025/2025-03-03/2025-03-04_council-formal-meeting.md,minutes
1441,274,2,3,Close the public hearing and refer the item (FY 2025-26 Funding Allocations for One-year Action Plan for CDBG and Other Federal Grants) to a future date for action.,Public Hearing Action,7-0 Pass,Pass,council_vote,,approve,keyword,high,,,,20,65,1,minutes/2025/2025-03-03/2025-03-04_council-formal-meeting.md,minutes
1442,274,2,4,"Close the public hearing and adopt Ordinance 13 of 2025, vacating an L-shaped City-owned alley that begins at approximately 268 West Paxton Avenue.",Ordinance,7-0 Pass,Pass,council_vote,,approve,keyword,high,,,,3,65,1,minutes/2025/2025-03-03/2025-03-04_council-formal-meeting.md,minutes
1443,274,2,5,Close the public hearing and refer Item B-4 (FY 2024 Edward Byrne Memorial Justice Assistance Grant application) to a future Consent Agenda for action.,Public Hearing Action,7-0 Pass,Pass,council_vote,,procedural,keyword,high,,,,3,65,1,minutes/2025/2025-03-03/2025-03-04_council-formal-meeting.md,minutes
1444,274,2,6,"Adopt Ordinance 14 of 2025, approving a $100,000 loan for Cold Plunge Coffee, LLC from the Economic Development Loan Fund.",Ordinance,7-0 Pass,Pass,council_vote,,approve,keyword,high,,,,3,38,1,minutes/2025/2025-03-03/2025-03-04_council-formal-meeting.md,minutes
1445,274,2,7,"Adopt a legislative action initiating a text amendment to consolidate and simplify the R-1 single-family residential districts, including updates to residential flag lot standards, new housing options, and elimination of barriers to homeownership, with consideration of similar changes to R-2, SR-1, and SR1-A zones.",Legislative Intent,7-0 Pass,Pass,council_vote,,approve,keyword,high,310,singleton,high,20,3,1,minutes/2025/2025-03-03/2025-03-04_council-formal-meeting.md,minutes
1446,274,2,8,Approve the appointment of Kim Shelley as the Director of Public Lands.,Appointment/Advice & Consent,7-0 Pass,Pass,council_vote,,approve,keyword,high,,,,17,65,1,minutes/2025/2025-03-03/2025-03-04_council-formal-meeting.md,minutes
1447,274,2,9,Approve the appointment of Brian Redd as the Salt Lake City Chief of Police.,Appointment/Advice & Consent,7-0 Pass,Pass,council_vote,,approve,keyword,high,,,,68,3,1,minutes/2025/2025-03-03/2025-03-04_council-formal-meeting.md,minutes
1448,274,2,10,Approve the Consent Agenda.,Procedural/Administrative,7-0 Pass,Pass,council_vote,,procedural,keyword,high,,,,17,65,1,minutes/2025/2025-03-03/2025-03-04_council-formal-meeting.md,minutes
1449,275,1,1,Adopt Resolution 02 of 2025 approving Housing Development Loan Program (HDLP) allocations for fiscal year 2024-25 for the Northwest Pipeline project funding.,Resolution,6-0 Pass,Pass,rda_vote,,approve,keyword,high,,,,3,38,1,minutes/2025/2025-03-17/2025-03-18_community-reinvestment-agency-cra-meeting.md,minutes
1450,276,2,1,"Enter into closed session for strategy sessions to discuss collective bargaining; and for attorney-client matters that are privileged pursuant to Utah Code 78B-1-37, and for other lawful purposes that satisfy the pertinent requirements of the Utah Open and Public Meetings Act.",Procedural/Administrative,7-0 Pass,Pass,council_vote,,procedural,keyword,high,,,,68,19,1,minutes/2025/2025-03-17/2025-03-18_council-work-session-meeting.md,minutes
1451,275,1,2,Adopt Resolution 02 of 2025 approving Housing Development Loan Program (HDLP) allocations for fiscal year 2024-25 except the Northwest Pipeline project.,Resolution,7-0 Pass,Pass,rda_vote,,approve,keyword,high,,,,38,3,1,minutes/2025/2025-03-17/2025-03-18_community-reinvestment-agency-cra-meeting.md,minutes
1452,276,2,2,Exit the Closed Meeting.,Procedural/Administrative,7-0 Pass,Pass,council_vote,,procedural,keyword,high,,,,19,38,1,minutes/2025/2025-03-17/2025-03-18_council-work-session-meeting.md,minutes
1453,275,1,3,Adopt Resolution 01 of 2025 approving the Accessory Dwelling Unit financing program allocation for fiscal year 2024-25.,Resolution,7-0 Pass,Pass,rda_vote,,approve,keyword,high,,,,3,17,1,minutes/2025/2025-03-17/2025-03-18_community-reinvestment-agency-cra-meeting.md,minutes
1454,275,1,4,Adopt Resolution 03 of 2025 approving Citywide Affordable Housing project funding allocation for the residential Wealth-Building pilot program awarded to Community Development Corporation of Utah.,Resolution,6-0 Pass,Pass,rda_vote,,approve,keyword,high,311,singleton,high,3,19,1,minutes/2025/2025-03-17/2025-03-18_community-reinvestment-agency-cra-meeting.md,minutes
1455,275,1,5,Adopt Resolution 03 of 2025 approving Citywide Affordable Housing project funding allocation for the residential Wealth-Building pilot program awarded to the Housing Assistant Management Enterprise.,Resolution,5-0 Pass,Pass,rda_vote,,approve,keyword,high,312,singleton,high,3,38,1,minutes/2025/2025-03-17/2025-03-18_community-reinvestment-agency-cra-meeting.md,minutes
1456,275,1,6,"Adopt Resolution 04 of 2025, approving the Commercial Development Loan Program with the exception of the aspect of the proposal enabling the finance committee to approve loans under five hundred thousand dollars ($500,000).",Resolution,6-0 Pass,Pass,rda_vote,,approve,keyword,high,313,singleton,high,19,3,1,minutes/2025/2025-03-17/2025-03-18_community-reinvestment-agency-cra-meeting.md,minutes
1457,275,1,7,"Adopt Resolution 05 of 2025, approving Pickle and Hide Mixed-Use Development tax increment reimbursement request with the additional requirement of water-wise landscaping, smart irrigation systems, and to the extent possible zero emission landscaping equipment.",Resolution,7-0 Pass,Pass,rda_vote,,approve,keyword,high,314,singleton,high,65,17,1,minutes/2025/2025-03-17/2025-03-18_community-reinvestment-agency-cra-meeting.md,minutes
1458,277,2,1,"Approve the retreat minutes of January 14, 2025",Procedural/Administrative,6-0 Pass,Pass,council_vote,,procedural,keyword,high,,,,17,68,1,minutes/2025/2025-03-24/2025-03-25_council-formal-meeting.md,minutes
1459,278,2,1,"Enter into Closed Session for the purposes of discussing information provided to the public body during the procurement process under Title 63G, Chapter 6a, Utah Procurement Code",Procedural/Administrative,7-0 Pass,Pass,council_vote,,procedural,keyword,high,,,,20,19,1,minutes/2025/2025-03-24/2025-03-25_council-work-session-meeting.md,minutes
1460,277,2,2,"Adopt Joint Ceremonial Resolution 06 of 2025 recognizing March 31, 2025, as International Transgender Day of Visibility in Salt Lake City",Ceremonial Resolution,6-0 Pass,Pass,council_vote,,procedural,keyword,high,,,,38,68,1,minutes/2025/2025-03-24/2025-03-25_council-formal-meeting.md,minutes
1461,278,2,2,Exit Closed Session and Adjourn,Procedural/Administrative,7-0 Pass,Pass,council_vote,,procedural,keyword,high,,,,20,19,1,minutes/2025/2025-03-24/2025-03-25_council-work-session-meeting.md,minutes
1462,277,2,3,"Close the public hearing and adopt Ordinance 15 of 2025 amending the Fiscal Year 2025 final budget of Salt Lake City including the employment staffing document, Item E-1: Lead Hazard Reduction Grant ($3,998,800.21 – one-time Miscellaneous Grant Fund)",Budget Amendment,7-0 Pass,Pass,council_vote,,approve,keyword,high,,,,3,20,1,minutes/2025/2025-03-24/2025-03-25_council-formal-meeting.md,minutes
1463,277,2,4,Close the public hearing and refer Item B-2 (Coalition for Green Capital – Municipal Investment Fund grant application) to a future Consent Agenda for action,Public Hearing Action,7-0 Pass,Pass,council_vote,,procedural,keyword,high,,,,3,68,1,minutes/2025/2025-03-24/2025-03-25_council-formal-meeting.md,minutes
1464,277,2,5,Approve the Consent Agenda,Procedural/Administrative,7-0 Pass,Pass,council_vote,,procedural,keyword,high,,,,17,20,1,minutes/2025/2025-03-24/2025-03-25_council-formal-meeting.md,minutes
1465,279,2,1,"Approve the work session meeting minutes of December 10, 2024, and January 21, 2025, and the formal meeting minutes of January 21, 2025, and February 4, 2025.",Procedural/Administrative,7-0 Pass,Pass,council_vote,,procedural,keyword,high,,,,36,49,1,minutes/2025/2025-03-31/2025-04-01_council-formal-meeting.md,minutes
1466,280,2,1,"Enter into closed meeting for the purpose of attorney-client matters that are privileged pursuant to Utah Code 78B-1-137, and for other lawful purposes that satisfy the pertinent requirements of the Utah Open and Public Meetings Act.",Procedural/Administrative,7-0 Pass,Pass,council_vote,,procedural,keyword,high,,,,19,20,1,minutes/2025/2025-03-31/2025-04-01_council-work-session-meeting.md,minutes
1467,279,2,2,"Adopt Resolution 08 of 2025: Joint Ceremonial Resolution with Mayor Mendenhall Recognizing April 2, 2025, as Start by Believing Day in Salt Lake City.",Ceremonial Resolution,7-0 Pass,Pass,council_vote,,procedural,keyword,high,,,,49,70,1,minutes/2025/2025-03-31/2025-04-01_council-formal-meeting.md,minutes
1468,280,2,2,Exit the closed meeting.,Procedural/Administrative,7-0 Pass,Pass,council_vote,,procedural,keyword,high,,,,38,68,1,minutes/2025/2025-03-31/2025-04-01_council-work-session-meeting.md,minutes
1469,279,2,3,Close the public hearing and defer action to a future meeting regarding the Creation of a Public Infrastructure District (Convention Center PID).,Public Hearing Action,7-0 Pass,Pass,council_vote,,continue,keyword,high,,,,36,58,1,minutes/2025/2025-03-31/2025-04-01_council-formal-meeting.md,minutes
1470,279,2,4,"Accept and adopt the findings and recommendations of the Board of Equalization for the Central Business Improvement Area (CBIA-25) and adopt Ordinance 16 of 2025: Central Business Improvement Area 25 (CBIA-25) Assessment Ordinance, confirming the equalized assessment list, levying the assessment, and related matters.",Ordinance,7-0 Pass,Pass,council_vote,,approve,keyword,high,,,,49,56,1,minutes/2025/2025-03-31/2025-04-01_council-formal-meeting.md,minutes
1471,279,2,5,Adopt Resolution 07 of 2025 for an election services interlocal cooperation agreement between Salt Lake City and Salt Lake County for the 2025 municipal general election.,Interlocal/Agreement,7-0 Pass,Pass,council_vote,,approve,keyword,high,,,,70,36,1,minutes/2025/2025-03-31/2025-04-01_council-formal-meeting.md,minutes
1472,279,2,6,"Approve the consent agenda items: set public hearing date of May 6, 2025 for the Mixed-Use Zoning Consolidation Zoning Text and Map Amendment, and set public hearing date of April 15, 2025 for Budget Amendment No. 5 for Fiscal Year 2024-25.",Procedural/Administrative,7-0 Pass,Pass,council_vote,,procedural,keyword,high,315,singleton,high,56,49,1,minutes/2025/2025-03-31/2025-04-01_council-formal-meeting.md,minutes
1473,281,1,1,"Approve the meeting minutes of February 11, 2025.",Procedural/Administrative,6-0 Pass,Pass,rda_vote,,procedural,keyword,high,,,,23,34,1,minutes/2025/2025-04-07/2025-04-08_community-reinvestment-agency-cra-meeting.md,minutes
1474,282,2,1,"Enter into closed meeting for the purposes of attorney-client matters that are privileged pursuant to Utah Code § 78B-1-137, and for other lawful purposes that satisfy the pertinent requirements of the Utah Open and Public Meetings Act.",Procedural/Administrative,6-0 Pass,Pass,council_vote,,procedural,keyword,high,,,,20,38,1,minutes/2025/2025-04-07/2025-04-08_council-work-session-meeting.md,minutes
1475,283,2,1,"Adopt Resolution 09 of 2025, creating a Public Infrastructure District to facilitate financing the redevelopment of the Delta Center, Salt Palace, Abravanel Hall and UMOCA, and related projects to support public assets.",Resolution,7-0 Pass,Pass,council_vote,,approve,keyword,high,,,,19,38,1,minutes/2025/2025-04-07/2025-04-08_limited-council-formal-meeting.md,minutes
1476,281,1,2,Adopt Resolution 06 of 2025 adopting Affordable Housing Funding Priorities for Fiscal Year 2025-26.,Resolution,6-0 Pass,Pass,rda_vote,,approve,keyword,high,,,,27,23,1,minutes/2025/2025-04-07/2025-04-08_community-reinvestment-agency-cra-meeting.md,minutes
1477,282,2,2,Exit the closed meeting.,Procedural/Administrative,6-0 Pass,Pass,council_vote,,procedural,keyword,high,,,,20,19,1,minutes/2025/2025-04-07/2025-04-08_council-work-session-meeting.md,minutes
1478,281,1,3,"Approve the Consent agenda (setting dates of May 20, 2025 and June 3, 2025 to accept public comment and consider approving the CRA budget resolution for Fiscal Year 2025-26).",Procedural/Administrative,6-0 Pass,Pass,rda_vote,,procedural,keyword,high,,,,34,23,1,minutes/2025/2025-04-07/2025-04-08_community-reinvestment-agency-cra-meeting.md,minutes
1479,281,1,4,"Enter into Closed Session for strategy sessions to discuss the purchase, exchange, or lease of real property and for attorney-client matters privileged pursuant to Utah Code § 78B-1-137.",Procedural/Administrative,6-0 Pass,Pass,rda_vote,,procedural,keyword,high,,,,34,27,1,minutes/2025/2025-04-07/2025-04-08_community-reinvestment-agency-cra-meeting.md,minutes
1480,281,1,5,Exit Closed Session and adjourn.,Procedural/Administrative,6-0 Pass,Pass,rda_vote,,procedural,keyword,high,,,,23,27,1,minutes/2025/2025-04-07/2025-04-08_community-reinvestment-agency-cra-meeting.md,minutes
1481,284,3,1,"Approve the LBA Consent agenda (setting public hearing dates of May 20 and June 3, 2025 for the Capital Projects Fund budget for Fiscal Year 2025-26)",Procedural/Administrative,5-0 Pass,Pass,mba_vote,,procedural,keyword,high,,,,19,68,1,minutes/2025/2025-04-14/2025-04-15_lba-and-council-formal-meeting.md,minutes
1482,285,2,2,Adjourn as the LBA and convene as the City Council,Procedural/Administrative,5-0 Pass,Pass,council_vote,,procedural,keyword,high,,,,68,19,1,minutes/2025/2025-04-14/2025-04-15_lba-and-council-formal-meeting.md,minutes
1483,285,2,3,Close the public hearing and adopt Ordinance 17 of 2025 (Yalecrest-Upper Yale Local Historic District),Ordinance,5-1 Pass,Pass,council_vote,,approve,keyword,high,316,name,medium,19,38,1,minutes/2025/2025-04-14/2025-04-15_lba-and-council-formal-meeting.md,minutes
1484,285,2,4,Close the public hearing and adopt Ordinance 18 of 2025 (Permitting Outdoor Theaters in Commercial Districts),Ordinance,6-0 Pass,Pass,council_vote,,approve,keyword,high,,,,38,68,1,minutes/2025/2025-04-14/2025-04-15_lba-and-council-formal-meeting.md,minutes
1485,285,2,5,"Close the public hearing and adopt Ordinance 19 of 2025 (Zoning Map Amendment at approximately 273 East 800 South), which includes the condition of a development agreement",Ordinance,5-1 Pass,Pass,council_vote,,approve,keyword,high,317,singleton,high,17,19,1,minutes/2025/2025-04-14/2025-04-15_lba-and-council-formal-meeting.md,minutes
1486,285,2,6,Close the public hearing and defer action on the Alley Vacation near 1409 South Edison Street to a future Council meeting,Public Hearing Action,6-0 Pass,Pass,council_vote,,continue,keyword,high,318,singleton,high,20,19,1,minutes/2025/2025-04-14/2025-04-15_lba-and-council-formal-meeting.md,minutes
1487,285,2,7,Continue the public hearing for Budget Amendment No. 5 for Fiscal Year 2024-25,Public Hearing Action,6-0 Pass,Pass,council_vote,,continue,keyword,high,,,,19,38,1,minutes/2025/2025-04-14/2025-04-15_lba-and-council-formal-meeting.md,minutes
1488,285,2,8,Close the public hearing and defer action on the Victim of Crime Act Grant (City Attorney Prosecutor's Office) to a future Council meeting,Public Hearing Action,6-0 Pass,Pass,council_vote,,continue,keyword,high,,,,38,19,1,minutes/2025/2025-04-14/2025-04-15_lba-and-council-formal-meeting.md,minutes
1489,285,2,9,"Adopt Resolution 10 of 2025 adopting the 2025-2029 Five-Year Consolidated Plan, including CDBG, ESG, HOME, and HOPWA funding, and approving an Interlocal Cooperation Agreement with HUD",Resolution,6-0 Pass,Pass,council_vote,,approve,keyword,high,,,,19,38,1,minutes/2025/2025-04-14/2025-04-15_lba-and-council-formal-meeting.md,minutes
1490,285,2,10,"Adopt Resolution 11 of 2025 adopting the 2025-2026 Annual Action Plan funding allocations (Exhibit A) for CDBG, ESG, HOME, and HOPWA – except for CDBG #5, the Housing Authority of Salt Lake City's Revitalizing Riverside Apartments project",Resolution,6-0 Pass,Pass,council_vote,,approve,keyword,high,,,,17,19,1,minutes/2025/2025-04-14/2025-04-15_lba-and-council-formal-meeting.md,minutes
1491,285,2,11,"Adopt Resolution 11 of 2025 Annual Action Plan funding allocations for CDBG #5, the Housing Authority of Salt Lake City's Revitalizing Riverside Apartments project",Resolution,5-0 Pass,Pass,council_vote,,approve,keyword,high,,,,17,68,1,minutes/2025/2025-04-14/2025-04-15_lba-and-council-formal-meeting.md,minutes
1492,285,2,12,Adopt Ordinance 21 of 2025 approving a Memorandum of Understanding (MOU) between Salt Lake City and the Salt Lake City Police Association,Ordinance,6-0 Pass,Pass,council_vote,,approve,keyword,high,,,,17,19,1,minutes/2025/2025-04-14/2025-04-15_lba-and-council-formal-meeting.md,minutes
1493,285,2,13,Adopt a Legislative Action asking the Administration to review City code sections regarding the number of unrelated people living together in a dwelling unit and the definition of 'family' for recommendations on how to update,Legislative Intent,6-0 Pass,Pass,council_vote,,approve,keyword,high,,,,38,19,1,minutes/2025/2025-04-14/2025-04-15_lba-and-council-formal-meeting.md,minutes
1494,285,2,14,Adopt Ordinance 20 of 2025 enacting temporary zoning regulations authorizing a temporary increase in overnight capacity at the Youth Homeless Resource Center at 888 South 400 West,Ordinance,6-0 Pass,Pass,council_vote,,approve,keyword,high,,,,19,17,1,minutes/2025/2025-04-14/2025-04-15_lba-and-council-formal-meeting.md,minutes
1495,285,2,15,Adopt Ordinance 22 of 2025 enacting temporary zoning regulations authorizing a temporary increase in overnight capacity at the Geraldine E. King Women's Resource Center at approximately 131 East 700 South,Ordinance,6-0 Pass,Pass,council_vote,,approve,keyword,high,,,,17,38,1,minutes/2025/2025-04-14/2025-04-15_lba-and-council-formal-meeting.md,minutes
1496,285,2,16,Adopt Ordinance 23 of 2025 enacting temporary zoning regulations authorizing a temporary increase in overnight capacity at the Gail Miller Resource Center at 242 West Paramount Avenue,Ordinance,6-0 Pass,Pass,council_vote,,approve,keyword,high,,,,38,17,1,minutes/2025/2025-04-14/2025-04-15_lba-and-council-formal-meeting.md,minutes
1497,285,2,17,Adopt Ordinance 24 of 2025 enacting temporary zoning regulations authorizing a temporary increase in overnight capacity at the St. Vincent de Paul Center at 437 West 200 South,Ordinance,6-0 Pass,Pass,council_vote,,approve,keyword,high,,,,19,38,1,minutes/2025/2025-04-14/2025-04-15_lba-and-council-formal-meeting.md,minutes
1498,285,2,18,"Approve the City Council Consent agenda except Item 9 (Ari Tepper Transportation Advisory Board appointment), which required rescheduling to a future date",Procedural/Administrative,6-0 Pass,Pass,council_vote,,procedural,keyword,high,,,,17,38,1,minutes/2025/2025-04-14/2025-04-15_lba-and-council-formal-meeting.md,minutes
1499,286,2,1,"Enter into Closed Session for the purposes of: strategy sessions to discuss pending or reasonably imminent litigation, discussion regarding deployment of security personnel, devices, or systems; and attorney-client matters that are privileged pursuant to Utah Code § 78B-1-137, and for other lawful purposes that satisfy the pertinent requirements of the Utah Open and Public Meetings Act.",Procedural/Administrative,7-0 Pass,Pass,council_vote,,procedural,keyword,high,,,,20,19,1,minutes/2025/2025-05-05/2025-05-06_revised-council-work-session-meeting.md,minutes
1500,287,3,1,"Approve the meeting minutes of May 7, 2024; May 21, 2024; June 4, 2024; and June 11, 2024 (LBA)",Procedural/Administrative,7-0 Pass,Pass,mba_vote,,procedural,keyword,high,,,,3,19,1,minutes/2025/2025-05-05/2025-05-06_revised-lba-cra-and-council-formal-meeting.md,minutes
1501,286,2,2,Exit closed session and enter back into Work Session.,Procedural/Administrative,7-0 Pass,Pass,council_vote,,procedural,keyword,high,,,,65,19,1,minutes/2025/2025-05-05/2025-05-06_revised-council-work-session-meeting.md,minutes
1502,287,3,2,"Adopt Resolution 01 of 2025, adopting the tentative budget for the Capital Projects Fund of the Local Building Authority of Salt Lake City, Utah for Fiscal Year 2025-26",Budget Amendment,7-0 Pass,Pass,mba_vote,,approve,keyword,high,,,,38,19,1,minutes/2025/2025-05-05/2025-05-06_revised-lba-cra-and-council-formal-meeting.md,minutes
1503,288,1,3,Adjourn as the Local Building Authority and convene as the Community Reinvestment Agency,Procedural/Administrative,7-0 Pass,Pass,rda_vote,,procedural,keyword,high,,,,38,19,1,minutes/2025/2025-05-05/2025-05-06_revised-lba-cra-and-council-formal-meeting.md,minutes
1504,288,1,4,"Adopt Resolution 07 of 2025, adopting the tentative budget for the Community Reinvestment Agency of Salt Lake City, Utah for Fiscal Year 2025-26",Budget Amendment,7-0 Pass,Pass,rda_vote,,approve,keyword,high,319,singleton,high,3,20,1,minutes/2025/2025-05-05/2025-05-06_revised-lba-cra-and-council-formal-meeting.md,minutes
1505,289,2,5,Adjourn as the Community Reinvestment Agency and convene as the City Council,Procedural/Administrative,7-0 Pass,Pass,council_vote,,procedural,keyword,high,,,,3,17,1,minutes/2025/2025-05-05/2025-05-06_revised-lba-cra-and-council-formal-meeting.md,minutes
1506,289,2,6,"Approve the work session meeting minutes of February 18, 2025; March 4, 2025; and April 15, 2025, as well as the formal meeting minutes of March 25, 2025 and April 15, 2025",Procedural/Administrative,7-0 Pass,Pass,council_vote,,procedural,keyword,high,,,,19,38,1,minutes/2025/2025-05-05/2025-05-06_revised-lba-cra-and-council-formal-meeting.md,minutes
1507,289,2,7,Continue the public hearing on the Mixed-Use (MU) Zoning Consolidation Zoning Text and Map Amendment to a future Council meeting,Public Hearing Action,7-0 Pass,Pass,council_vote,,continue,keyword,high,320,singleton,high,3,65,1,minutes/2025/2025-05-05/2025-05-06_revised-lba-cra-and-council-formal-meeting.md,minutes
1508,289,2,8,"Close the public hearing and adopt Ordinance 26 of 2025, vacating a City-owned alley between approximately 2615 South and 2700 South, and between Beverly Street and Chadwick Streets",Ordinance,7-0 Pass,Pass,council_vote,,approve,keyword,high,,,,65,3,1,minutes/2025/2025-05-05/2025-05-06_revised-lba-cra-and-council-formal-meeting.md,minutes
1509,289,2,9,"Close the public hearing and adopt Ordinance 27 of 2025, Budget Amendment No. 5 for all items except Council-added items I-2 (contribution to Mead Avenue underpass) and I-3 (contribution to Art in District 4), and defer action on Items I-2 and I-3 to a future Council Meeting",Budget Amendment,7-0 Pass,Pass,council_vote,,continue,keyword,high,,,,17,19,1,minutes/2025/2025-05-05/2025-05-06_revised-lba-cra-and-council-formal-meeting.md,minutes
1510,289,2,10,Close the public hearing and defer action for Item G-4 (Grant Application: Financial Empowerment Center Academy) to a future Consent Agenda,Grant/Funding,7-0 Pass,Pass,council_vote,,continue,keyword,high,,,,19,3,1,minutes/2025/2025-05-05/2025-05-06_revised-lba-cra-and-council-formal-meeting.md,minutes
1511,289,2,11,"Adopt Ordinance 28 of 2025, vacating a portion of City-owned alley adjacent to properties at approximately 1409 South Edison Street and 1404 South 200 East",Ordinance,7-0 Pass,Pass,council_vote,,approve,keyword,high,,,,3,20,1,minutes/2025/2025-05-05/2025-05-06_revised-lba-cra-and-council-formal-meeting.md,minutes
1512,289,2,12,"Adopt Ordinance 25 of 2025, approving City Flag designs and standards for display of a City Flag",Ordinance,7-0 Pass,Pass,council_vote,,approve,keyword,high,,,,17,3,1,minutes/2025/2025-05-05/2025-05-06_revised-lba-cra-and-council-formal-meeting.md,minutes
1513,289,2,13,"Approve Resolution 12 of 2025, adopting the tentative budget for Salt Lake City, Utah, including the tentative budget of the Library Fund, for Fiscal Year 2025-26",Budget Amendment,7-0 Pass,Pass,council_vote,,approve,keyword,high,,,,19,65,1,minutes/2025/2025-05-05/2025-05-06_revised-lba-cra-and-council-formal-meeting.md,minutes
1514,289,2,14,Approve the Consent agenda,Procedural/Administrative,7-0 Pass,Pass,council_vote,,procedural,keyword,high,,,,17,20,1,minutes/2025/2025-05-05/2025-05-06_revised-lba-cra-and-council-formal-meeting.md,minutes
1515,290,1,1,"Approve the meeting minutes of January 21, 2025, March 18, 2025, and March 25, 2025.",Procedural/Administrative,7-0 Pass,Pass,rda_vote,,procedural,keyword,high,,,,31,29,1,minutes/2025/2025-05-12/2025-05-13_community-reinvestment-agency-cra-meeting.md,minutes
1516,291,2,1,Adjourn as the City Council and meet as the Community Reinvestment Board (CRA) for the CRA meeting.,Procedural/Administrative,7-0 Pass,Pass,council_vote,,procedural,keyword,high,,,,17,19,1,minutes/2025/2025-05-12/2025-05-13_council-work-session-meeting.md,minutes
1517,290,1,2,"Adopt the consent agenda (setting date of Tuesday, June 10, 2025 at 1 p.m. to accept public comment and consider adopting a resolution amending the CRA budget for FY 2024-25).",Procedural/Administrative,7-0 Pass,Pass,rda_vote,,procedural,keyword,high,,,,31,28,1,minutes/2025/2025-05-12/2025-05-13_community-reinvestment-agency-cra-meeting.md,minutes
1518,291,2,2,Reconvene as the CRA Board to approve the Consent Agenda.,Procedural/Administrative,7-0 Pass,Pass,council_vote,,procedural,keyword,high,,,,20,19,1,minutes/2025/2025-05-12/2025-05-13_council-work-session-meeting.md,minutes
1519,292,2,3,Adjourn as the CRA Board and reconvene as the City Council.,Procedural/Administrative,7-0 Pass,Pass,council_vote,,procedural,keyword,high,,,,28,27,1,minutes/2025/2025-05-12/2025-05-13_community-reinvestment-agency-cra-meeting.md,minutes
1520,292,2,4,"Enter into Closed Session for strategy sessions to discuss the purchase, exchange, or lease of real property and for attorney-client matters privileged pursuant to Utah Code § 78B-1-137.",Procedural/Administrative,7-0 Pass,Pass,council_vote,,procedural,keyword,high,,,,34,27,1,minutes/2025/2025-05-12/2025-05-13_community-reinvestment-agency-cra-meeting.md,minutes
1521,292,2,5,Exit Closed Session and enter back into CRA meeting.,Procedural/Administrative,7-0 Pass,Pass,council_vote,,procedural,keyword,high,,,,23,27,1,minutes/2025/2025-05-12/2025-05-13_community-reinvestment-agency-cra-meeting.md,minutes
1522,292,2,6,Close the CRA meeting and reconvene as the City Council in Work Session.,Procedural/Administrative,7-0 Pass,Pass,council_vote,,procedural,keyword,high,,,,28,27,1,minutes/2025/2025-05-12/2025-05-13_community-reinvestment-agency-cra-meeting.md,minutes
1523,293,2,1,"Enter into closed session for the purposes of strategy sessions to discuss the purchase, exchange, or lease of real property, and for attorney-client matters that are privileged pursuant to Utah Code § 78B-1-137, and for other lawful purposes that satisfy the pertinent requirements of the Utah Open and Public Meetings Act.",Procedural/Administrative,7-0 Pass,Pass,council_vote,,procedural,keyword,high,,,,20,38,1,minutes/2025/2025-05-19/2025-05-20_council-work-session-meeting.md,minutes
1524,294,3,1,"Approve April 15, 2025 LBA meeting minutes",Procedural/Administrative,6-0 Pass,Pass,mba_vote,,procedural,keyword,high,,,,19,65,1,minutes/2025/2025-05-19/2025-05-20_lba-cra-and-council-formal-meeting.md,minutes
1525,293,2,2,Exit the Closed Meeting.,Procedural/Administrative,6-0 Pass,Pass,council_vote,,procedural,keyword,high,,,,19,38,1,minutes/2025/2025-05-19/2025-05-20_council-work-session-meeting.md,minutes
1526,294,3,2,"Close the public hearing on the LBA Capital Projects Fund Budget for FY 2025-26 and refer to a new public hearing on June 3, 2025",Public Hearing Action,6-0 Pass,Pass,mba_vote,,procedural,keyword,medium,,,,19,38,1,minutes/2025/2025-05-19/2025-05-20_lba-cra-and-council-formal-meeting.md,minutes
1527,295,2,3,Adjourn as the LBA and convene as the CRA,Procedural/Administrative,6-0 Pass,Pass,council_vote,,procedural,keyword,high,,,,20,17,1,minutes/2025/2025-05-19/2025-05-20_lba-cra-and-council-formal-meeting.md,minutes
1528,296,1,4,"Close the public hearing on the CRA Budget for FY 2025-26 and refer to a new public hearing on June 3, 2025",Public Hearing Action,6-0 Pass,Pass,rda_vote,,procedural,keyword,medium,321,singleton,high,38,19,1,minutes/2025/2025-05-19/2025-05-20_lba-cra-and-council-formal-meeting.md,minutes
1529,295,2,5,Adjourn as the CRA Board and convene as the Salt Lake City Council,Procedural/Administrative,6-0 Pass,Pass,council_vote,,procedural,keyword,high,,,,38,17,1,minutes/2025/2025-05-19/2025-05-20_lba-cra-and-council-formal-meeting.md,minutes
1530,295,2,6,"Approve April 1, 2025 formal Council meeting minutes",Procedural/Administrative,6-0 Pass,Pass,council_vote,,procedural,keyword,high,,,,17,19,1,minutes/2025/2025-05-19/2025-05-20_lba-cra-and-council-formal-meeting.md,minutes
1531,295,2,7,"Adopt Resolution 13 of 2025, Celebrating June 2025 as Pride Month",Ceremonial Resolution,6-0 Pass,Pass,council_vote,,approve,keyword,high,,,,17,38,1,minutes/2025/2025-05-19/2025-05-20_lba-cra-and-council-formal-meeting.md,minutes
1532,295,2,8,Close the public hearing and refer Items G1 through G4 (grant applications) to a future Consent Agenda for action,Public Hearing Action,7-0 Pass,Pass,council_vote,,procedural,keyword,high,,,,19,65,1,minutes/2025/2025-05-19/2025-05-20_lba-cra-and-council-formal-meeting.md,minutes
1533,295,2,9,"Close the public hearing and adopt Ordinance 29 of 2025, amending the FY 2025 final budget of the Salt Lake City Library including the employment staffing document",Budget Amendment,7-0 Pass,Pass,council_vote,,approve,keyword,high,,,,19,65,1,minutes/2025/2025-05-19/2025-05-20_lba-cra-and-council-formal-meeting.md,minutes
1534,295,2,10,"Close the public hearing and refer items G5-G20 to a new public hearing on June 3, 2025",Public Hearing Action,7-0 Pass,Pass,council_vote,,procedural,keyword,medium,,,,19,65,1,minutes/2025/2025-05-19/2025-05-20_lba-cra-and-council-formal-meeting.md,minutes
1535,295,2,11,"Not adopt item I2 (public art peacemaking projects line item) and include a Legislative Intent to allocate $14,000 ($2,000 per district) from fund balance to the Community and Neighborhoods budget for FY26 for an Arts Council public arts program for small district-based peacemaking projects, with an administrative report due by December 2025",Legislative Intent,6-1 Pass,Pass,council_vote,,approve,keyword,high,,,,19,65,1,minutes/2025/2025-05-19/2025-05-20_lba-cra-and-council-formal-meeting.md,minutes
1536,295,2,12,"Not adopt item I3, close Budget Amendment No. 5, and add more specifications with the Legislative Intent as clarified in the previous motion for item I2",Budget Amendment,7-0 Pass,Pass,council_vote,,approve,keyword,high,,,,17,19,1,minutes/2025/2025-05-19/2025-05-20_lba-cra-and-council-formal-meeting.md,minutes
1537,295,2,13,Approve the Consent Agenda,Procedural/Administrative,7-0 Pass,Pass,council_vote,,procedural,keyword,high,,,,17,38,1,minutes/2025/2025-05-19/2025-05-20_lba-cra-and-council-formal-meeting.md,minutes
1538,297,2,1,"Enter into Closed Meeting for the purposes of strategy sessions to discuss pending or reasonably imminent litigation and for attorney-client matters that are privileged pursuant to Utah Code § 78B-1-137, and for other lawful purposes that satisfy the pertinent requirements of the Utah Open and Public Meetings Act.",Procedural/Administrative,6-0 Pass,Pass,council_vote,,procedural,keyword,high,,,,19,3,1,minutes/2025/2025-05-26/2025-05-29_council-work-session-meeting.md,minutes
1539,297,2,2,Exit the closed meeting.,Procedural/Administrative,7-0 Pass,Pass,council_vote,,procedural,keyword,high,,,,19,20,1,minutes/2025/2025-05-26/2025-05-29_council-work-session-meeting.md,minutes
1540,298,2,1,"Enter into closed session for the purposes of strategy sessions to discuss pending or reasonably imminent litigation and for attorney-client matters that are privileged pursuant to Utah Code § 78B-1-137, and for other lawful purposes that satisfy the pertinent requirements of the Utah Open and Public Meetings Act.",Procedural/Administrative,7-0 Pass,Pass,council_vote,,procedural,keyword,high,,,,20,3,1,minutes/2025/2025-06-02/2025-06-03_council-work-session-meeting.md,minutes
1541,299,3,1,Close the public hearing and refer the LBA Capital Projects Fund Budget for Fiscal Year 2025-26 to a future date for action.,Public Hearing Action,7-0 Pass,Pass,mba_vote,,procedural,keyword,medium,,,,17,19,1,minutes/2025/2025-06-02/2025-06-03_lba-cra-and-council-formal-meeting.md,minutes
1542,300,1,1,"Enter into Closed Session for the purposes of strategy sessions to discuss pending or reasonably imminent litigation; and for attorney-client matters that are privileged pursuant to Utah Code § 78B-1-137, and for other lawful purposes that satisfy the pertinent requirements of the Utah Open and Public Meetings Act.",Procedural/Administrative,7-0 Pass,Pass,rda_vote,,procedural,keyword,high,,,,20,3,1,minutes/2025/2025-06-02/2025-06-03_limited-community-reinvestment-agency-cra-meeting.md,minutes
1543,298,2,2,Exit the closed meeting.,Procedural/Administrative,7-0 Pass,Pass,council_vote,,procedural,keyword,high,,,,20,19,1,minutes/2025/2025-06-02/2025-06-03_council-work-session-meeting.md,minutes
1544,301,2,2,Adjourn as the LBA and convene as the CRA.,Procedural/Administrative,7-0 Pass,Pass,council_vote,,procedural,keyword,high,,,,19,65,1,minutes/2025/2025-06-02/2025-06-03_lba-cra-and-council-formal-meeting.md,minutes
1545,300,1,2,Exit Closed Session.,Procedural/Administrative,7-0 Pass,Pass,rda_vote,,procedural,keyword,high,,,,20,19,1,minutes/2025/2025-06-02/2025-06-03_limited-community-reinvestment-agency-cra-meeting.md,minutes
1546,302,1,3,Close the public hearing and refer the CRA Budget for Fiscal Year 2025-26 to a future date for action.,Public Hearing Action,7-0 Pass,Pass,rda_vote,,procedural,keyword,medium,,,,38,17,1,minutes/2025/2025-06-02/2025-06-03_lba-cra-and-council-formal-meeting.md,minutes
1547,301,2,4,Adjourn as the CRA and convene as the City Council.,Procedural/Administrative,7-0 Pass,Pass,council_vote,,procedural,keyword,high,,,,20,38,1,minutes/2025/2025-06-02/2025-06-03_lba-cra-and-council-formal-meeting.md,minutes
1548,301,2,5,"Approve the work session meeting minutes of February 4, 2025.",Procedural/Administrative,7-0 Pass,Pass,council_vote,,procedural,keyword,high,,,,68,17,1,minutes/2025/2025-06-02/2025-06-03_lba-cra-and-council-formal-meeting.md,minutes
1549,301,2,6,Close the public hearing and refer items G1 through G15 to a future date for action.,Public Hearing Action,7-0 Pass,Pass,council_vote,,procedural,keyword,medium,,,,19,17,1,minutes/2025/2025-06-02/2025-06-03_lba-cra-and-council-formal-meeting.md,minutes
1550,301,2,7,"Adopt Ordinance 30 of 2025, approving a $200,000 loan for Hruskas LLC from the Economic Development Loan Fund.",Grant/Funding,7-0 Pass,Pass,council_vote,,approve,keyword,high,,,,65,17,1,minutes/2025/2025-06-02/2025-06-03_lba-cra-and-council-formal-meeting.md,minutes
1551,301,2,8,"Adopt Resolution 14 of 2025, adopting the bond parameters and recognizing the date to set a public hearing on the bond issuance for July 1, 2025.",Resolution,7-0 Pass,Pass,council_vote,,approve,keyword,high,,,,17,19,1,minutes/2025/2025-06-02/2025-06-03_lba-cra-and-council-formal-meeting.md,minutes
1552,301,2,9,Approve the Consent Agenda.,Procedural/Administrative,7-0 Pass,Pass,council_vote,,procedural,keyword,high,,,,17,68,1,minutes/2025/2025-06-02/2025-06-03_lba-cra-and-council-formal-meeting.md,minutes
1553,303,1,1,Close the public hearing on CRA Budget Amendment No. 2 for Fiscal Year 2024-25,Public Hearing Action,7-0 Pass,Pass,rda_vote,,procedural,keyword,medium,,,,31,23,1,minutes/2025/2025-06-09/2025-06-10_community-reinvestment-agency-cra-meeting.md,minutes
1554,304,3,1,"Approve Resolution 2 of 2025, adopting the Final Budget for Fiscal Year 2025-26 of the Capital Projects Fund of the Local Building Authority",Budget Amendment,6-0 Pass,Pass,mba_vote,,approve,keyword,high,,,,19,17,1,minutes/2025/2025-06-09/2025-06-10_lba-cra-and-council-formal-meeting.md,minutes
1555,303,1,2,"Adopt Resolution 08 of 2024, approving the second amendment of the 2025 budget of the Salt Lake City Community Reinvestment Agency",Budget Amendment,7-0 Pass,Pass,rda_vote,,approve,keyword,high,322,singleton,high,23,27,1,minutes/2025/2025-06-09/2025-06-10_community-reinvestment-agency-cra-meeting.md,minutes
1556,305,2,2,Adjourn as the Local Building Authority and convene as the Community Reinvestment Agency,Procedural/Administrative,6-0 Pass,Pass,council_vote,,procedural,keyword,high,,,,17,19,1,minutes/2025/2025-06-09/2025-06-10_lba-cra-and-council-formal-meeting.md,minutes
1557,303,1,3,"Adopt Resolution 09 of 2025, adopting the term sheet for financial assistance to NeighborWorks Salt Lake for the Maltair and Stanbridge Projects, including an exception for the Maltair Lanes waiving the Sustainability Development Policy threshold requirement for Emissions-Free Building Operation to enable use of natural gas for HVAC systems, while retaining the Enhanced Energy Performance requirement",Resolution,7-0 Pass,Pass,rda_vote,,approve,keyword,high,323,singleton,high,29,34,1,minutes/2025/2025-06-09/2025-06-10_community-reinvestment-agency-cra-meeting.md,minutes
1558,306,1,3,"Adopt Resolution 10 of 2025, approving the Fiscal Year 2026 CRA Budget reflected in the attached Key Changes spreadsheet",Budget Amendment,6-0 Pass,Pass,rda_vote,,approve,keyword,high,,,,20,19,1,minutes/2025/2025-06-09/2025-06-10_lba-cra-and-council-formal-meeting.md,minutes
1559,303,1,4,"Enter into Closed Session for strategy sessions to discuss the purchase, exchange, or lease of real property, and for attorney-client matters privileged pursuant to Utah Code § 78B-1-137",Procedural/Administrative,7-0 Pass,Pass,rda_vote,,procedural,keyword,high,,,,34,29,1,minutes/2025/2025-06-09/2025-06-10_community-reinvestment-agency-cra-meeting.md,minutes
1560,305,2,4,Adjourn as the Community Reinvestment Agency and convene as the Salt Lake City Council,Procedural/Administrative,6-0 Pass,Pass,council_vote,,procedural,keyword,high,,,,17,20,1,minutes/2025/2025-06-09/2025-06-10_lba-cra-and-council-formal-meeting.md,minutes
1561,303,1,5,Exit Closed Session,Procedural/Administrative,7-0 Pass,Pass,rda_vote,,procedural,keyword,high,,,,23,31,1,minutes/2025/2025-06-09/2025-06-10_community-reinvestment-agency-cra-meeting.md,minutes
1562,305,2,5,"Adopt Joint Resolution 15 of 2025, recognizing June 19, 2025 as Juneteenth Freedom Day in Salt Lake City",Ceremonial Resolution,7-0 Pass,Pass,council_vote,,approve,keyword,high,,,,19,38,1,minutes/2025/2025-06-09/2025-06-10_lba-cra-and-council-formal-meeting.md,minutes
1563,305,2,6,"Adopt Ordinance 32 of 2025, approving Salt Lake City's Fiscal Year 2025-26 budget excluding the schedule for capital projects and debt and the Library Fund, including contingent appropriations as listed on the motion sheet under Motion #2, Items A and B",Budget Amendment,7-0 Pass,Pass,council_vote,,approve,keyword,high,,,,17,19,1,minutes/2025/2025-06-09/2025-06-10_lba-cra-and-council-formal-meeting.md,minutes
1564,305,2,7,"Adopt Ordinance 31 of 2025, approving the budget for the Library Fund of Salt Lake City for Fiscal Year 2025-26",Budget Amendment,7-0 Pass,Pass,council_vote,,approve,keyword,high,,,,38,65,1,minutes/2025/2025-06-09/2025-06-10_lba-cra-and-council-formal-meeting.md,minutes
1565,305,2,8,"Adopt Ordinance 33 of 2025, setting the final rate of tax levy including the final levy for the Library Fund for Fiscal Year 2025-26, and authorize the Council Chair to sign necessary documentation for the State Tax Commission",Ordinance,7-0 Pass,Pass,council_vote,,approve,keyword,high,,,,20,19,1,minutes/2025/2025-06-09/2025-06-10_lba-cra-and-council-formal-meeting.md,minutes
1566,305,2,9,"Adopt Ordinance 34 of 2025, amending various fees and fee information set forth in the Salt Lake City Consolidated Fee Schedule",Ordinance,7-0 Pass,Pass,council_vote,,approve,keyword,high,,,,65,68,1,minutes/2025/2025-06-09/2025-06-10_lba-cra-and-council-formal-meeting.md,minutes
1567,305,2,10,"Adopt Ordinance 35 of 2025, approving a compensation adjustment for elected and statutory officers and executive municipal officers of Salt Lake City",Ordinance,7-0 Pass,Pass,council_vote,,approve,keyword,high,,,,65,68,1,minutes/2025/2025-06-09/2025-06-10_lba-cra-and-council-formal-meeting.md,minutes
1568,305,2,11,"Adopt Ordinance 37 of 2025, approving a compensation plan for all non-represented employees of Salt Lake City",Ordinance,7-0 Pass,Pass,council_vote,,approve,keyword,high,,,,65,68,1,minutes/2025/2025-06-09/2025-06-10_lba-cra-and-council-formal-meeting.md,minutes
1569,305,2,12,"Adopt Ordinance 36 of 2025, appropriating necessary funds to implement for Fiscal Year 2025-26 the provisions of the MOU between Salt Lake City and AFSCME Local 1004",Budget Amendment,7-0 Pass,Pass,council_vote,,approve,keyword,high,,,,65,68,1,minutes/2025/2025-06-09/2025-06-10_lba-cra-and-council-formal-meeting.md,minutes
1570,305,2,13,"Adopt Ordinance 38 of 2025, appropriating the necessary funds to implement for Fiscal Year 2025-26 the provisions of the MOU between Salt Lake City and the International Association of Firefighters Local 81",Budget Amendment,7-0 Pass,Pass,council_vote,,approve,keyword,high,,,,65,68,1,minutes/2025/2025-06-09/2025-06-10_lba-cra-and-council-formal-meeting.md,minutes
1571,305,2,14,"Adopt Ordinance 39 of 2025, amending Section 2.54.030 of the Salt Lake City Code to update policies and restrictions related to the use of City owned motor vehicles",Ordinance,7-0 Pass,Pass,council_vote,,approve,keyword,high,324,singleton,high,65,68,1,minutes/2025/2025-06-09/2025-06-10_lba-cra-and-council-formal-meeting.md,minutes
1572,305,2,15,"Adopt Ordinance 40 of 2025, amending Sections 12.56.140, 12.56.150, 12.56.160 and 12.56.200 of the Salt Lake City Code to update time frames, dates, and processes related to parking and parking enforcement",Ordinance,7-0 Pass,Pass,council_vote,,approve,keyword,high,,,,65,68,1,minutes/2025/2025-06-09/2025-06-10_lba-cra-and-council-formal-meeting.md,minutes
1573,305,2,16,"Adopt Ordinance 41 of 2025, amending sections of the Salt Lake City Code pertaining to the responsibilities of the Department of Public Services and the Department of Community and Neighborhoods",Ordinance,7-0 Pass,Pass,council_vote,,approve,keyword,high,,,,65,68,1,minutes/2025/2025-06-09/2025-06-10_lba-cra-and-council-formal-meeting.md,minutes
1574,305,2,17,Defer the Ordinance amending Title 2 Administrative Organization for the Sustainability Department (Item H12) to a future meeting date,Procedural/Administrative,7-0 Pass,Pass,council_vote,,,unclassified,low,325,singleton,high,65,68,1,minutes/2025/2025-06-09/2025-06-10_lba-cra-and-council-formal-meeting.md,minutes
1575,305,2,18,"Adopt Ordinance 42 of 2025, amending Chapter 17 of the Salt Lake City Code complying with rate study and regulatory requirements",Ordinance,7-0 Pass,Pass,council_vote,,approve,keyword,high,326,singleton,high,65,68,1,minutes/2025/2025-06-09/2025-06-10_lba-cra-and-council-formal-meeting.md,minutes
1576,305,2,19,"Adopt $55,806,110 to be transferred into CIP, including approving $13,489,253 in funding as shown on the motion sheet; further CIP project-specific allocations to be considered later in the year",Resolution,7-0 Pass,Pass,council_vote,,approve,keyword,high,,,,19,65,1,minutes/2025/2025-06-09/2025-06-10_lba-cra-and-council-formal-meeting.md,minutes
1577,305,2,20,"Adopt Ordinances A-K as shown on the Motion Sheet relating to the Fiscal Year 2025-26 budget, with the exception of Item I (Ordinance: Amending Title 2 Administrative Organization for the Sustainability Department), which will be deferred to a future meeting date",Budget Amendment,7-0 Pass,Pass,council_vote,,approve,keyword,high,327,singleton,high,65,68,1,minutes/2025/2025-06-09/2025-06-10_lba-cra-and-council-formal-meeting.md,minutes
1578,305,2,21,"Adopt Resolution 17 of 2025, authorizing the Mayor to enter into the proposed addendum No. 9 to the Interlocal Agreement with UTA to implement 2025-26 Frequent Transit Network (FTN) service",Interlocal/Agreement,7-0 Pass,Pass,council_vote,,approve,keyword,high,,,,65,68,1,minutes/2025/2025-06-09/2025-06-10_lba-cra-and-council-formal-meeting.md,minutes
1579,305,2,22,"Adopt the Legislative Intent Statements as outlined on the motion sheet under Motion 5, Items 1 through 10",Legislative Intent,7-0 Pass,Pass,council_vote,,approve,keyword,high,,,,68,65,1,minutes/2025/2025-06-09/2025-06-10_lba-cra-and-council-formal-meeting.md,minutes
1580,305,2,23,"Adopt Ordinance 43 of 2025, annexing certain unincorporated properties north-northeast of the Salt Lake International Airport and near the Salt Lake County border with Davis County, and adopt a Legislative Action requesting the administration to review the property at approximately 2699 West 3300 North for potential rezoning to M1-A",Ordinance,7-0 Pass,Pass,council_vote,,approve,keyword,high,,,,68,38,1,minutes/2025/2025-06-09/2025-06-10_lba-cra-and-council-formal-meeting.md,minutes
1581,305,2,24,Approve the Consent Agenda,Procedural/Administrative,7-0 Pass,Pass,council_vote,,procedural,keyword,high,,,,17,68,1,minutes/2025/2025-06-09/2025-06-10_lba-cra-and-council-formal-meeting.md,minutes
1582,307,2,1,Close the public hearing and defer action on the Mixed-Use (MU) Zoning Consolidation Zoning Text and Map Amendment (Petition No.: PLNPCM2024-00707).,Public Hearing Action,7-0 Pass,Pass,council_vote,,continue,keyword,high,328,singleton,high,3,19,1,minutes/2025/2025-06-30/2025-07-01_council-formal-meeting.md,minutes
1583,307,2,2,"Close the public hearing authorizing the parameters for Resolution 14 of 2025 - Issuance of Airport Revenue Bonds, Series 2025.",Public Hearing Action,7-0 Pass,Pass,council_vote,,approve,keyword,high,,,,3,19,1,minutes/2025/2025-06-30/2025-07-01_council-formal-meeting.md,minutes
1584,307,2,3,Close the public hearing and adopt Ordinance 44 of 2025 – Alley Closure at Madsen Park (approximately 9 North Chicago Street).,Ordinance,7-0 Pass,Pass,council_vote,,approve,keyword,high,,,,20,3,1,minutes/2025/2025-06-30/2025-07-01_council-formal-meeting.md,minutes
1585,307,2,4,Close the public hearing and adopt Ordinance 45 of 2025 – Zoning Map Amendment at approximately 128 North N Street.,Ordinance,7-0 Pass,Pass,council_vote,,approve,keyword,high,329,singleton,high,65,3,1,minutes/2025/2025-06-30/2025-07-01_council-formal-meeting.md,minutes
1586,307,2,5,Close the public hearing and adopt Ordinance 46 of 2025 – Text Amendment Replacing Public Hearing Requirements for Appeals and Variances with Public Meetings.,Ordinance,7-0 Pass,Pass,council_vote,,approve,keyword,high,330,singleton,high,65,38,1,minutes/2025/2025-06-30/2025-07-01_council-formal-meeting.md,minutes
1587,307,2,6,"Approve the Consent Agenda (board appointments and reappointments of Disciplinary Appeals Hearing Officers: Bradley Jeppsen, Christine Hashimoto, Neal Geddes, Kirsten R. Allen, and Clinton Drake).",Appointment/Advice & Consent,7-0 Pass,Pass,council_vote,,procedural,keyword,high,,,,3,68,1,minutes/2025/2025-06-30/2025-07-01_council-formal-meeting.md,minutes
1588,308,1,1,Adopt Resolution 11 of 2025 approving an amendment to the 2006 Sunrise Metro Acquisition Loan to forgive accrued interest to facilitate the preservation and redevelopment of permanent supportive housing.,Resolution,6-0 Pass,Pass,rda_vote,,approve,keyword,high,331,singleton,high,3,17,1,minutes/2025/2025-07-07/2025-07-08_community-reinvestment-agency-cra-meeting.md,minutes
1589,309,2,1,"Approve the work session meeting minutes of March 4, 2025 and March 18, 2025.",Procedural/Administrative,7-0 Pass,Pass,council_vote,,procedural,keyword,high,,,,3,19,1,minutes/2025/2025-07-07/2025-07-08_council-formal-meeting.md,minutes
1590,310,2,1,"Moved by Council Member Puy, seconded by Council Member Lopez Chavez to enter into Closed Session for the purposes of: d. strategy sessions to discuss the purchase, exchange, disposition, or lease of real property, and attorney-client matters.",Procedural/Administrative,7-0 Pass,Pass,council_vote,,procedural,keyword,high,,,,3,38,1,minutes/2025/2025-07-07/2025-07-08_council-work-session-meeting.md,minutes
1591,308,1,2,"Enter into Closed Session for the purposes of strategy sessions to discuss the purchase, exchange, or lease of real property, and advice of counsel.",Procedural/Administrative,7-0 Pass,Pass,rda_vote,,procedural,keyword,high,,,,17,38,1,minutes/2025/2025-07-07/2025-07-08_community-reinvestment-agency-cra-meeting.md,minutes
1592,309,2,2,Close the public hearing and refer Items B1 through B4 to a future Consent Agenda.,Public Hearing Action,7-0 Pass,Pass,council_vote,,procedural,keyword,high,,,,19,38,1,minutes/2025/2025-07-07/2025-07-08_council-formal-meeting.md,minutes
1593,310,2,2,"Moved by Council Member Dugan, seconded by Council Member Lopez Chavez to exit Closed Session.",Procedural/Administrative,7-0 Pass,Pass,council_vote,,procedural,keyword,high,,,,19,38,1,minutes/2025/2025-07-07/2025-07-08_council-work-session-meeting.md,minutes
1594,308,1,3,Exit the closed meeting.,Procedural/Administrative,6-0 Pass,Pass,rda_vote,,procedural,keyword,high,332,singleton,high,17,38,1,minutes/2025/2025-07-07/2025-07-08_community-reinvestment-agency-cra-meeting.md,minutes
1595,309,2,3,"Close the public hearing and approve the following changes to the CIP budget: remove the second tranche of Public Lands GO Bonds from the Key Changes document; allow the Administration to use $300,000 for CPTED lighting; all other funding will be discussed at the briefings as scheduled and approved at the August 19th Council Meeting.",Budget Amendment,7-0 Pass,Pass,council_vote,,approve,keyword,high,,,,19,38,1,minutes/2025/2025-07-07/2025-07-08_council-formal-meeting.md,minutes
1596,309,2,4,"Adopt Ordinance 47 of 2025, approving the Mixed-Use Zoning consolidation petition and accompanying ordinances including a geographically specific stepback in the Sugar House additional height area, setting the effective date three months after adoption, and adopting legislative actions to review interior block study for potential downzones, update the Central Community master plan, review on-street parking policies, and request the administration review standards for new construction adjacent to contributing structures in historic districts.",Ordinance,4-3 Pass,Pass,council_vote,,approve,keyword,high,333,singleton,high,19,3,1,minutes/2025/2025-07-07/2025-07-08_council-formal-meeting.md,minutes
1597,309,2,5,"Adopt Resolution 19 of 2025, naming the northeast baseball field at Riverside Park as the ""Neil Draper Field"".",Ceremonial Resolution,7-0 Pass,Pass,council_vote,,approve,keyword,high,,,,68,3,1,minutes/2025/2025-07-07/2025-07-08_council-formal-meeting.md,minutes
1598,309,2,6,Adopt the Consent Agenda.,Procedural/Administrative,7-0 Pass,Pass,council_vote,,procedural,keyword,high,,,,38,19,1,minutes/2025/2025-07-07/2025-07-08_council-formal-meeting.md,minutes
1599,311,1,1,"Approval of the meeting minutes of May 6, 2025, and May 20, 2025",Procedural/Administrative,4-0 Pass,Pass,rda_vote,,procedural,keyword,high,,,,17,68,1,minutes/2025/2025-08-11/2025-08-12_community-reinvestment-agency-cra-meeting.md,minutes
1600,312,2,1,"Approve the work session meeting minutes of February 11, 2025, and March 25, 2025, and the formal meeting minutes of March 4, 2025, April 8, 2025, May 6, 2025, and May 20, 2025.",Procedural/Administrative,7-0 Pass,Pass,council_vote,,procedural,keyword,high,,,,3,68,1,minutes/2025/2025-08-11/2025-08-12_council-formal-meeting.md,minutes
1601,313,2,1,"Enter into Closed Session for strategy sessions to discuss the purchase, exchange, or lease of real property and attorney-client matters.",Procedural/Administrative,7-0 Pass,Pass,council_vote,,procedural,keyword,high,,,,20,38,1,minutes/2025/2025-08-11/2025-08-12_council-work-session-meeting.md,minutes
1602,311,1,2,Adopt Resolution 12 of 2025 approving an amendment to the 2008 Palmer Court loan,Resolution,5-0 Pass,Pass,rda_vote,,approve,keyword,high,334,singleton,high,3,68,1,minutes/2025/2025-08-11/2025-08-12_community-reinvestment-agency-cra-meeting.md,minutes
1603,312,2,2,Close public hearing and defer action on the Design Review Standards Amendment to a future council meeting.,Public Hearing Action,7-0 Pass,Pass,council_vote,,continue,keyword,high,335,singleton,high,3,20,1,minutes/2025/2025-08-11/2025-08-12_council-formal-meeting.md,minutes
1604,313,2,2,Exit Closed Session.,Procedural/Administrative,7-0 Pass,Pass,council_vote,,procedural,keyword,high,,,,38,20,1,minutes/2025/2025-08-11/2025-08-12_council-work-session-meeting.md,minutes
1605,311,1,3,"Adopt Resolution 13 of 2025, Amended and Restated Lease for Delta Center",Resolution,6-0 Pass,Pass,rda_vote,,approve,keyword,high,336,singleton,high,38,3,1,minutes/2025/2025-08-11/2025-08-12_community-reinvestment-agency-cra-meeting.md,minutes
1606,312,2,3,"Close public hearing and adopt Ordinance 48 of 2025, Zoning Text Amendment - Parking Regulations in the Downtown Zoning Districts.",Ordinance,7-0 Pass,Pass,council_vote,,approve,keyword,high,337,singleton,high,3,20,1,minutes/2025/2025-08-11/2025-08-12_council-formal-meeting.md,minutes
1607,311,1,4,"Enter into Closed Session for the purposes of strategy sessions to discuss the purchase, exchange, or lease of real property, and attorney-client matters",Procedural/Administrative,6-0 Pass,Pass,rda_vote,,procedural,keyword,high,,,,68,38,1,minutes/2025/2025-08-11/2025-08-12_community-reinvestment-agency-cra-meeting.md,minutes
1608,312,2,4,"Close the public hearing and adopt Ordinance 49 of 2025, Text Amendment – Chapter 11.14 Parties, Gatherings, or Events.",Ordinance,7-0 Pass,Pass,council_vote,,approve,keyword,high,338,singleton,high,3,68,1,minutes/2025/2025-08-11/2025-08-12_council-formal-meeting.md,minutes
1609,311,1,5,Exit the Closed Session,Procedural/Administrative,6-0 Pass,Pass,rda_vote,,procedural,keyword,high,,,,38,17,1,minutes/2025/2025-08-11/2025-08-12_community-reinvestment-agency-cra-meeting.md,minutes
1610,312,2,5,"Adopt Resolution 20 of 2025, extending the time to comply with the conditions in Ordinance 78 of 2023, Zoning Map Amendment 2157 South Lincoln Street, for an additional six months.",Resolution,7-0 Pass,Pass,council_vote,,approve,keyword,high,339,singleton,high,68,65,1,minutes/2025/2025-08-11/2025-08-12_council-formal-meeting.md,minutes
1611,312,2,6,"Adopt Resolution 21 of 2025, and approve the change to the Council Policy Manual regarding the Communication Budget section.",Resolution,7-0 Pass,Pass,council_vote,,approve,keyword,high,,,,17,65,1,minutes/2025/2025-08-11/2025-08-12_council-formal-meeting.md,minutes
1612,312,2,7,"Approve the Consent Agenda, including setting a public hearing date for August 19, 2025 on the Administrative Hearing Process ordinance and approving the appointment of Heidi Alder as a Disciplinary Appeals Hearing Officer.",Procedural/Administrative,7-0 Pass,Pass,council_vote,,procedural,keyword,high,,,,3,17,1,minutes/2025/2025-08-11/2025-08-12_council-formal-meeting.md,minutes
1613,314,2,1,"Close the public hearing and adopt Ordinance 50 of 2025, Amending the Administrative Hearing Process.",Public Hearing Action,7-0 Pass,Pass,council_vote,,approve,keyword,high,,,,3,19,1,minutes/2025/2025-08-18/2025-08-19_council-formal-meeting.md,minutes
1614,315,2,1,"Enter into Closed Session for the purposes of strategy sessions to discuss the purchase, exchange, or lease of real property, and attorney-client matters.",Procedural/Administrative,7-0 Pass,Pass,council_vote,,procedural,keyword,high,,,,20,38,1,minutes/2025/2025-08-18/2025-08-19_council-work-session-meeting.md,minutes
1615,314,2,2,"Adopt Ordinance 51 of 2025, Design Review Standards Amendment.",Ordinance,7-0 Pass,Pass,council_vote,,approve,keyword,high,340,singleton,high,19,3,1,minutes/2025/2025-08-18/2025-08-19_council-formal-meeting.md,minutes
1616,315,2,2,Exit the Closed Session.,Procedural/Administrative,7-0 Pass,Pass,council_vote,,procedural,keyword,high,,,,38,19,1,minutes/2025/2025-08-18/2025-08-19_council-work-session-meeting.md,minutes
1617,314,2,3,"Approve Resolution 16 of 2025, adopting the Capital Improvement Program Project-Specific Allocations for Fiscal Year 2025-26 as shown on the attached Exhibit A Funding Log, with legislative intent to address 1200 East median funding needs and to examine traffic calming CIP allocations on hold due to S.B. 195 for potential reallocation to school safety projects.",Resolution,7-0 Pass,Pass,council_vote,,approve,keyword,high,,,,68,3,1,minutes/2025/2025-08-18/2025-08-19_council-formal-meeting.md,minutes
1618,314,2,4,"Adopt Resolution 22 of 2025, approving Holladay's admission as an additional member of the Central Wasatch Commission.",Resolution,7-0 Pass,Pass,council_vote,,approve,keyword,high,,,,19,17,1,minutes/2025/2025-08-18/2025-08-19_council-formal-meeting.md,minutes
1619,314,2,5,Adopt Resolution 23 of 2025 for the Salt Lake City Housing Program Funds and adopt a Legislative Intent that the Administration provide preliminary metrics on these programs to the Council halfway through fiscal year 2026 and at annual intervals thereafter.,Resolution,7-0 Pass,Pass,council_vote,,approve,keyword,high,,,,19,17,1,minutes/2025/2025-08-18/2025-08-19_council-formal-meeting.md,minutes
1620,314,2,6,"Adopt Resolution 24 of 2025, Legislative Policy and Budgetary Guidelines for the Home Repair Program.",Resolution,7-0 Pass,Pass,council_vote,,approve,keyword,high,,,,3,65,1,minutes/2025/2025-08-18/2025-08-19_council-formal-meeting.md,minutes
1621,314,2,7,"Adopt Resolution 25 of 2025, Legislative Policy for the Community Land Trust Program.",Resolution,7-0 Pass,Pass,council_vote,,approve,keyword,high,,,,17,19,1,minutes/2025/2025-08-18/2025-08-19_council-formal-meeting.md,minutes
1622,314,2,8,"Adopt Resolution 26 of 2025, Legislative Policy for the NOAH Preservation Program.",Resolution,7-0 Pass,Pass,council_vote,,approve,keyword,high,,,,17,19,1,minutes/2025/2025-08-18/2025-08-19_council-formal-meeting.md,minutes
1623,314,2,9,Approve the Consent Agenda.,Procedural/Administrative,7-0 Pass,Pass,council_vote,,procedural,keyword,high,,,,3,17,1,minutes/2025/2025-08-18/2025-08-19_council-formal-meeting.md,minutes
1624,316,2,1,"Approve the April 1, 2025, and May 20, 2025 work session meeting minutes.",Procedural/Administrative,6-0 Pass,Pass,council_vote,,procedural,keyword,high,,,,65,17,1,minutes/2025/2025-09-01/2025-09-02_revised-council-formal-meeting.md,minutes
1625,316,2,2,"Adopt the Joint Ceremonial Resolution 27 of 2025, recognizing September as National Suicide Prevention Month in Salt Lake City.",Ceremonial Resolution,6-0 Pass,Pass,council_vote,,procedural,keyword,high,,,,3,19,1,minutes/2025/2025-09-01/2025-09-02_revised-council-formal-meeting.md,minutes
1626,316,2,3,Close the public hearing and refer Items B1 – B6 to a future Consent Agenda for action.,Public Hearing Action,6-0 Pass,Pass,council_vote,,procedural,keyword,high,,,,19,17,1,minutes/2025/2025-09-01/2025-09-02_revised-council-formal-meeting.md,minutes
1627,316,2,4,Close the public hearing and refer action to a future council meeting (Zoning Map Amendment at Approximately 247 North 800 West).,Public Hearing Action,7-0 Pass,Pass,council_vote,,procedural,keyword,medium,341,singleton,high,17,68,1,minutes/2025/2025-09-01/2025-09-02_revised-council-formal-meeting.md,minutes
1628,316,2,5,Close the public hearing and refer to a future council meeting for action (Alley Vacation at Approximately 373 West American Avenue).,Public Hearing Action,7-0 Pass,Pass,council_vote,,procedural,keyword,medium,342,singleton,high,3,68,1,minutes/2025/2025-09-01/2025-09-02_revised-council-formal-meeting.md,minutes
1629,316,2,6,Close the public hearing and defer action to a future council meeting (Zoning Text Amendment Public Lands and Street Vacation – West High School).,Public Hearing Action,7-0 Pass,Pass,council_vote,,continue,keyword,high,343,singleton,high,19,17,1,minutes/2025/2025-09-01/2025-09-02_revised-council-formal-meeting.md,minutes
1630,316,2,7,Close the public hearing and defer action to a future council meeting for action (Zoning Map Amendment for the Delta Center Parking Garage at Approximately 301 West South Temple).,Public Hearing Action,7-0 Pass,Pass,council_vote,,continue,keyword,high,344,singleton,high,19,3,1,minutes/2025/2025-09-01/2025-09-02_revised-council-formal-meeting.md,minutes
1631,316,2,8,"Adopt Resolution 28 of 2025, Public Utilities Bond Anticipation Notes, Series 2025B and Revenue Refunding Bonds, Series 2025C parameters, and refer to the consent agenda for setting the date for a public hearing on the bond issuance for October 7, 2025.",Resolution,7-0 Pass,Pass,council_vote,,procedural,keyword,high,,,,19,3,1,minutes/2025/2025-09-01/2025-09-02_revised-council-formal-meeting.md,minutes
1632,316,2,9,"Adopt Resolution 29 of 2025, Building Permit Fee Waivers for Alliance House and First Step House.",Resolution,7-0 Pass,Pass,council_vote,,approve,keyword,high,,,,19,65,1,minutes/2025/2025-09-01/2025-09-02_revised-council-formal-meeting.md,minutes
1633,316,2,10,"Adopt Ordinance 53 of 2025, amending the annual compensation plan for all non-represented employees for the fiscal year 2025-26.",Ordinance,7-0 Pass,Pass,council_vote,,approve,keyword,high,,,,19,3,1,minutes/2025/2025-09-01/2025-09-02_revised-council-formal-meeting.md,minutes
1634,316,2,11,Approve the Consent Agenda.,Procedural/Administrative,7-0 Pass,Pass,council_vote,,procedural,keyword,high,,,,3,17,1,minutes/2025/2025-09-01/2025-09-02_revised-council-formal-meeting.md,minutes
1635,317,1,1,"Approve the meeting minutes of April 8, 2025; May 13, 2025; May 20, 2025; and July 8, 2025.",Procedural/Administrative,5-0 Pass,Pass,rda_vote,,procedural,keyword,high,,,,31,35,1,minutes/2025/2025-09-08/2025-09-09_community-reinvestment-agency-cra-meeting.md,minutes
1636,318,2,1,"Approve the work session meeting minutes of April 8, 2025 and May 6, 2025",Procedural/Administrative,6-0 Pass,Pass,council_vote,,procedural,keyword,high,,,,19,68,1,minutes/2025/2025-09-08/2025-09-09_revised-council-formal-meeting.md,minutes
1637,317,1,2,"Approve the Consent Agenda, including setting the date of Tuesday, October 14, 2025 at 2 p.m. to accept public comment and consider adopting a resolution to amend the CRA FY2025-26 budget (Budget Amendment No. 1).",Procedural/Administrative,6-0 Pass,Pass,rda_vote,,procedural,keyword,high,,,,35,29,1,minutes/2025/2025-09-08/2025-09-09_community-reinvestment-agency-cra-meeting.md,minutes
1638,318,2,2,"Adopt Joint Ceremonial Resolution 30 declaring September 15, 2025 through October 15, 2025 as Hispanic Heritage Month in Salt Lake City",Ceremonial Resolution,6-0 Pass,Pass,council_vote,,procedural,keyword,high,,,,3,68,1,minutes/2025/2025-09-08/2025-09-09_revised-council-formal-meeting.md,minutes
1639,318,2,3,"Close the public hearing and consider each item separately for Ordinance 54 of 2025, Budget Amendment #1 for FY 2025-26",Public Hearing Action,7-0 Pass,Pass,council_vote,,procedural,keyword,medium,,,,3,65,1,minutes/2025/2025-09-08/2025-09-09_revised-council-formal-meeting.md,minutes
1640,318,2,4,Approve Item A-3 for Public Right-of-Way Safety barricades,Budget Amendment,6-0 Pass,Pass,council_vote,,approve,keyword,high,,,,3,65,1,minutes/2025/2025-09-08/2025-09-09_revised-council-formal-meeting.md,minutes
1641,318,2,5,Approve Item A-1 for the Emergency Loan Program,Budget Amendment,6-0 Pass,Pass,council_vote,,approve,keyword,high,,,,3,65,1,minutes/2025/2025-09-08/2025-09-09_revised-council-formal-meeting.md,minutes
1642,318,2,6,Defer Item A-4 for Rental Assistance,Budget Amendment,6-0 Pass,Pass,council_vote,,,unclassified,low,,,,3,65,1,minutes/2025/2025-09-08/2025-09-09_revised-council-formal-meeting.md,minutes
1643,318,2,7,"Request additional information from the Administration on the programs, including criteria for financial assistance programs, requirements for Emergency Loan fund use, and considerations for higher boarded building fees within the CBD",Legislative Intent,6-0 Pass,Pass,council_vote,,,unclassified,low,,,,3,19,1,minutes/2025/2025-09-08/2025-09-09_revised-council-formal-meeting.md,minutes
1644,318,2,8,Adopt Ordinance 56 of 2025 for a Zoning Map Amendment at approximately 247 North 800 West,Ordinance,6-0 Pass,Pass,council_vote,,approve,keyword,high,345,singleton,high,68,3,1,minutes/2025/2025-09-08/2025-09-09_revised-council-formal-meeting.md,minutes
1645,318,2,9,Postpone action on the Zoning Text Amendment Public Lands (PL) and Street Vacation - West High School to a future Council Meeting,Procedural/Administrative,6-0 Pass,Pass,council_vote,,continue,keyword,high,346,singleton,high,3,68,1,minutes/2025/2025-09-08/2025-09-09_revised-council-formal-meeting.md,minutes
1646,318,2,10,Adopt Ordinance 57 of 2025 for a Zoning Map Amendment / Development Agreement for the Delta Center Parking Garage at approximately 301 West South Temple,Ordinance,6-0 Pass,Pass,council_vote,,approve,keyword,high,347,singleton,high,3,68,1,minutes/2025/2025-09-08/2025-09-09_revised-council-formal-meeting.md,minutes
1647,318,2,11,Approve the Consent Agenda,Procedural/Administrative,6-0 Pass,Pass,council_vote,,procedural,keyword,high,,,,3,19,1,minutes/2025/2025-09-08/2025-09-09_revised-council-formal-meeting.md,minutes
1648,319,2,1,"Approve the work session meeting minutes of May 22, 2025; May 29, 2025; June 5, 2025; June 10, 2025; and August 19, 2025, as well as the Truth-in-Taxation meeting minutes of August 19, 2025.",Procedural/Administrative,5-0 Pass,Pass,council_vote,,procedural,keyword,high,,,,17,19,1,minutes/2025/2025-10-06/2025-10-07_council-formal-meeting.md,minutes
1649,319,2,2,Adopt Joint Ceremonial Resolution 31 of 2025 declaring the second Monday in October as Indigenous Peoples Day in Salt Lake City.,Ceremonial Resolution,5-0 Pass,Pass,council_vote,,procedural,keyword,high,,,,3,17,1,minutes/2025/2025-10-06/2025-10-07_council-formal-meeting.md,minutes
1650,319,2,3,"Close the public hearing on the Resolution authorizing issuance and sale of Public Utilities revenue bond anticipation notes, Series 2025B, and revenue refunding bonds, Series 2025C.",Public Hearing Action,6-0 Pass,Pass,council_vote,,approve,keyword,high,,,,3,38,1,minutes/2025/2025-10-06/2025-10-07_council-formal-meeting.md,minutes
1651,319,2,4,Close the public hearing on the resolution for the Substantial Amendment to the HOME-ARP Allocation Plan.,Public Hearing Action,6-0 Pass,Pass,council_vote,,procedural,keyword,medium,,,,19,3,1,minutes/2025/2025-10-06/2025-10-07_council-formal-meeting.md,minutes
1652,319,2,5,"Close the public hearing and adopt Ordinance 58 of 2025, Incentives for Building Preservation/Adaptive Reuse Zoning Text Amendment.",Ordinance,6-0 Pass,Pass,council_vote,,approve,keyword,high,348,singleton,high,3,19,1,minutes/2025/2025-10-06/2025-10-07_council-formal-meeting.md,minutes
1653,319,2,6,Close the public hearing and defer action on the Partial Street Vacation at approximately 1101 West 400 South to a future Council meeting.,Public Hearing Action,6-0 Pass,Pass,council_vote,,continue,keyword,high,349,singleton,high,3,19,1,minutes/2025/2025-10-06/2025-10-07_council-formal-meeting.md,minutes
1654,319,2,7,"Close the public hearing and adopt Ordinance 59 of 2025, Alley Vacation at 1470 East 1300 South.",Ordinance,6-0 Pass,Pass,council_vote,,approve,keyword,high,350,singleton,high,3,38,1,minutes/2025/2025-10-06/2025-10-07_council-formal-meeting.md,minutes
1655,319,2,8,"Close the public hearing and adopt Ordinance 60 of 2025, designating 276 East 300 South & 310 South 300 East as Local Landmark Sites.",Ordinance,6-0 Pass,Pass,council_vote,,approve,keyword,high,,,,17,38,1,minutes/2025/2025-10-06/2025-10-07_council-formal-meeting.md,minutes
1656,319,2,9,Postpone action on the Zoning Text Amendment and Street Vacation ordinances related to West High School to a future Council meeting.,Procedural/Administrative,6-0 Pass,Pass,council_vote,,continue,keyword,high,351,singleton,high,17,3,1,minutes/2025/2025-10-06/2025-10-07_council-formal-meeting.md,minutes
1657,319,2,10,"Adopt Ordinance 61 of 2025, Alley Vacation adjacent to 373 West American Ave and 389 West American Ave.",Ordinance,6-0 Pass,Pass,council_vote,,approve,keyword,high,352,singleton,high,3,19,1,minutes/2025/2025-10-06/2025-10-07_council-formal-meeting.md,minutes
1658,319,2,11,"Adopt Ordinance 62 of 2025, amending Salt Lake City Code sections 2.84.020 & 2.84.030 to allow for the modification of the capacity of the Salt Lake City Justice Court.",Ordinance,6-0 Pass,Pass,council_vote,,approve,keyword,high,,,,19,17,1,minutes/2025/2025-10-06/2025-10-07_council-formal-meeting.md,minutes
1659,319,2,12,"Approve the Consent Agenda, excluding Item #6.",Procedural/Administrative,6-0 Pass,Pass,council_vote,,procedural,keyword,high,,,,17,38,1,minutes/2025/2025-10-06/2025-10-07_council-formal-meeting.md,minutes
1660,320,1,1,Close the public hearing on CRA Budget Amendment No.1 for Fiscal Year 2025-26,Public Hearing Action,5-0 Pass,Pass,rda_vote,,procedural,keyword,medium,,,,19,17,1,minutes/2025/2025-10-13/2025-10-14_community-reinvestment-agency-cra-meeting.md,minutes
1661,320,1,2,"Approve the meeting minutes of June 3, 2025 and June 10, 2025",Procedural/Administrative,5-0 Pass,Pass,rda_vote,,procedural,keyword,high,,,,19,65,1,minutes/2025/2025-10-13/2025-10-14_community-reinvestment-agency-cra-meeting.md,minutes
1662,320,1,3,"Adopt Resolution 14 of 2025, approving the creation of the Disaster Relief Program",Resolution,5-0 Pass,Pass,rda_vote,,approve,keyword,high,353,singleton,high,19,65,1,minutes/2025/2025-10-13/2025-10-14_community-reinvestment-agency-cra-meeting.md,minutes
1663,320,1,4,"Adopt Resolution 15 of 2025, approving the first amendment of the Fiscal Year 2026 budget of the Salt Lake City Community Reinvestment Agency",Budget Amendment,5-0 Pass,Pass,rda_vote,,approve,keyword,high,354,singleton,high,19,17,1,minutes/2025/2025-10-13/2025-10-14_community-reinvestment-agency-cra-meeting.md,minutes
1664,320,1,5,"Adopt Resolution 16 of 2025, amending and aligning loan terms for Book Cliffs Lodge",Resolution,5-0 Pass,Pass,rda_vote,,approve,keyword,high,355,singleton,high,19,17,1,minutes/2025/2025-10-13/2025-10-14_community-reinvestment-agency-cra-meeting.md,minutes
1665,320,1,6,"Adopt Resolution 17 of 2025, approving the amended and restated term sheet for NeighborWorks Salt Lake, with a legislative intent that CRA staff study sustainability requirements for smaller developments, with consideration for upfront versus lifecycle costs to tenants",Resolution,5-1 Pass,Pass,rda_vote,,approve,keyword,high,356,singleton,high,17,68,1,minutes/2025/2025-10-13/2025-10-14_community-reinvestment-agency-cra-meeting.md,minutes
1666,320,1,7,"Adopt Resolution 18 of 2025, approving the Salt Lake Central HTRZ Interlocal Agreement between Salt Lake City and The Salt Lake City Community Reinvestment Agency",Interlocal/Agreement,6-0 Pass,Pass,rda_vote,,approve,keyword,high,357,singleton,high,19,68,1,minutes/2025/2025-10-13/2025-10-14_community-reinvestment-agency-cra-meeting.md,minutes
1667,320,1,8,Approve the Consent Agenda,Procedural/Administrative,6-0 Pass,Pass,rda_vote,,procedural,keyword,high,,,,17,19,1,minutes/2025/2025-10-13/2025-10-14_community-reinvestment-agency-cra-meeting.md,minutes
1668,320,1,9,"Enter into Closed Session for strategy sessions to discuss the purchase, exchange, or lease of real property and for attorney-client matters",Procedural/Administrative,6-0 Pass,Pass,rda_vote,,procedural,keyword,high,,,,68,19,1,minutes/2025/2025-10-13/2025-10-14_community-reinvestment-agency-cra-meeting.md,minutes
1669,320,1,10,Exit the Closed Session,Procedural/Administrative,6-0 Pass,Pass,rda_vote,,procedural,keyword,high,,,,19,68,1,minutes/2025/2025-10-13/2025-10-14_community-reinvestment-agency-cra-meeting.md,minutes
1670,321,2,1,"Approve the formal meeting minutes of February 18, 2025 and June 3, 2025.",Procedural/Administrative,6-0 Pass,Pass,council_vote,,procedural,keyword,high,,,,65,3,1,minutes/2025/2025-10-20/2025-10-21_council-formal-meeting.md,minutes
1671,321,2,2,Adopt Joint Ceremonial Resolution 32 of 2025 recognizing October as Italian-American Heritage Month.,Ceremonial Resolution,6-0 Pass,Pass,council_vote,,procedural,keyword,high,,,,3,20,1,minutes/2025/2025-10-20/2025-10-21_council-formal-meeting.md,minutes
1672,321,2,3,Close the public hearing and move items B-1 through B-4 to a future Consent Agenda for action.,Public Hearing Action,6-0 Pass,Pass,council_vote,,procedural,keyword,high,,,,3,20,1,minutes/2025/2025-10-20/2025-10-21_council-formal-meeting.md,minutes
1673,321,2,4,"Close the public hearing and adopt Ordinance 63 of 2025, Text Amendment to Modify Residential Buffer Prohibitions.",Ordinance,6-0 Pass,Pass,council_vote,,approve,keyword,high,358,singleton,high,3,65,1,minutes/2025/2025-10-20/2025-10-21_council-formal-meeting.md,minutes
1674,321,2,5,Close the public hearing and continue it to a future Council meeting (Utility Installation Exemptions Text Amendment).,Public Hearing Action,6-0 Pass,Pass,council_vote,,procedural,keyword,medium,359,singleton,high,3,17,1,minutes/2025/2025-10-20/2025-10-21_council-formal-meeting.md,minutes
1675,321,2,6,"Close the public hearing and adopt Ordinance 64 of 2025, Patriot Rail Street Vacations.",Ordinance,6-0 Pass,Pass,council_vote,,approve,keyword,high,,,,3,17,1,minutes/2025/2025-10-20/2025-10-21_council-formal-meeting.md,minutes
1676,321,2,7,"Close the public hearing and approve Ordinance 65 of 2025, adopting items A-2 (National League of Cities Summit Costs), A-6 (Modification of Appointed Position and Police Department), and A-11 (Assistance for Airport Federal Partners Due to Government Shutdown), deferring action on remaining items to a future Council meeting.",Budget Amendment,6-0 Pass,Pass,council_vote,,approve,keyword,high,,,,17,65,1,minutes/2025/2025-10-20/2025-10-21_council-formal-meeting.md,minutes
1677,321,2,8,Close the public hearing (2026-2027 HUD General Community Development Needs Annual Public Hearing).,Public Hearing Action,6-0 Pass,Pass,council_vote,,procedural,keyword,medium,,,,3,17,1,minutes/2025/2025-10-20/2025-10-21_council-formal-meeting.md,minutes
1678,321,2,9,Close the public hearing (203 West Paxton Avenue Affordable Housing Development TEFRA hearing).,Public Hearing Action,6-0 Pass,Pass,council_vote,,procedural,keyword,medium,,,,3,65,1,minutes/2025/2025-10-20/2025-10-21_council-formal-meeting.md,minutes
1679,321,2,10,"Adopt Resolution 33 of 2025, Substantial Amendment to the HOME-ARP Allocation Plan, to relocate a portion of one-time HUD HOME-ARP funding.",Resolution,6-0 Pass,Pass,council_vote,,approve,keyword,high,,,,3,17,1,minutes/2025/2025-10-20/2025-10-21_council-formal-meeting.md,minutes
1680,321,2,11,"Adopt Ordinance 66 of 2025, vacating the 1100 West street segment and denying vacating the 400 South street segment adjacent to the applicant's property at 1101 West 400 South.",Ordinance,4-2 Pass,Pass,council_vote,,approve,mixed,low,,,,20,17,1,minutes/2025/2025-10-20/2025-10-21_council-formal-meeting.md,minutes
1681,321,2,12,"Adopt Ordinance 67 of 2025, approving a $40,000 loan for Rich's Grub Houses LLC, doing business as Rich's Burgers N Grub, from the Economic Development Loan Fund.",Contract/Property,6-0 Pass,Pass,council_vote,,approve,keyword,high,,,,3,17,1,minutes/2025/2025-10-20/2025-10-21_council-formal-meeting.md,minutes
1682,321,2,13,"Adopt Resolution 34 of 2025, approving the 2025 Salt Lake County Hazard Mitigation Plan.",Resolution,6-0 Pass,Pass,council_vote,,approve,keyword,high,,,,17,20,1,minutes/2025/2025-10-20/2025-10-21_council-formal-meeting.md,minutes
1683,321,2,14,Adopt Resolution 35 of 2025 to approve the Salt Lake City Central HTRZ Interlocal Agreement between Salt Lake City and Salt Lake City Community Reinvestment Agency.,Interlocal/Agreement,6-0 Pass,Pass,council_vote,,approve,keyword,high,360,singleton,high,17,3,1,minutes/2025/2025-10-20/2025-10-21_council-formal-meeting.md,minutes
1684,321,2,15,Approve the Consent Agenda.,Procedural/Administrative,6-0 Pass,Pass,council_vote,,procedural,keyword,high,,,,20,17,1,minutes/2025/2025-10-20/2025-10-21_council-formal-meeting.md,minutes
1685,322,1,1,"Approve the meeting minutes of June 3, 2025 and June 10, 2025",Procedural/Administrative,7-0 Pass,Pass,rda_vote,,procedural,keyword,high,,,,3,19,1,minutes/2025/2025-11-17/2025-11-18_community-reinvestment-agency-cra-meeting.md,minutes
1686,323,2,1,"Approve the September 2, 2025, work session meeting minutes and the June 10, 2025, July 8, 2025, and September 9, 2025, formal meeting minutes.",Procedural/Administrative,7-0 Pass,Pass,council_vote,,procedural,keyword,high,,,,49,36,1,minutes/2025/2025-11-17/2025-11-18_council-formal-meeting.md,minutes
1687,322,1,2,"Close the public hearing and adopt Resolution 19 of 2025, CRA Budget Amendment No. 2 for Fiscal Year 2025-26",Budget Amendment,7-0 Pass,Pass,rda_vote,,approve,keyword,high,,,,3,19,1,minutes/2025/2025-11-17/2025-11-18_community-reinvestment-agency-cra-meeting.md,minutes
1688,323,2,2,"Adopt Resolution 36 of 2025, recognizing Transgender Awareness Week and Transgender Day of Remembrance in Salt Lake City.",Ceremonial Resolution,7-0 Pass,Pass,council_vote,,approve,keyword,high,,,,58,70,1,minutes/2025/2025-11-17/2025-11-18_council-formal-meeting.md,minutes
1689,323,2,3,Close the public hearing and refer items B1 and B2 to a future Consent Agenda.,Public Hearing Action,7-0 Pass,Pass,council_vote,,procedural,keyword,high,,,,58,49,1,minutes/2025/2025-11-17/2025-11-18_council-formal-meeting.md,minutes
1690,323,2,4,Close the public hearing and defer action on the RMF-35 and RMF-45 Multi-Family Zoning District Text Amendment to a future council meeting.,Public Hearing Action,7-0 Pass,Pass,council_vote,,continue,keyword,high,361,singleton,high,70,58,1,minutes/2025/2025-11-17/2025-11-18_council-formal-meeting.md,minutes
1691,323,2,5,"Close the public hearing and adopt Ordinance 68 of 2025, Wildland Urban Interface Fire Code Text Amendment.",Ordinance,7-0 Pass,Pass,council_vote,,approve,keyword,high,362,singleton,high,58,50,1,minutes/2025/2025-11-17/2025-11-18_council-formal-meeting.md,minutes
1692,323,2,6,"Adjust item A3 – Elected Officials Transition Costs from $45,000 to $14,440, adopt Ordinance 69 of 2025, including item A3 and the remaining items in the budget amendment as proposed by the administration, including the Scrivener's error correction on item G2 – VOCA Grant Victim Services Police Department, and close the budget amendment.",Budget Amendment,7-0 Pass,Pass,council_vote,,approve,keyword,high,,,,36,58,1,minutes/2025/2025-11-17/2025-11-18_council-formal-meeting.md,minutes
1693,323,2,7,"Adopt a legislative intent to request that the administration develop a formal policy that clearly defines when and how private donations should be accepted for CIP projects, including evaluation criteria, approval procedures, and consideration of ongoing maintenance obligations.",Legislative Intent,7-0 Pass,Pass,council_vote,,approve,keyword,high,,,,36,56,1,minutes/2025/2025-11-17/2025-11-18_council-formal-meeting.md,minutes
1694,323,2,8,"Adopt Ordinances 55 and 55B of 2025, amending the K-12 public school development standards and vacating a portion of 200 North between 300 West and 200 West.",Ordinance,7-0 Pass,Pass,council_vote,,approve,keyword,high,,,,58,56,1,minutes/2025/2025-11-17/2025-11-18_council-formal-meeting.md,minutes
1695,323,2,9,"Adopt Resolution 38 of 2025, recognizing the impracticability findings for certain transit station area plans so that the City may request a Wasatch Front Regional Council exception for said station area plans.",Resolution,7-0 Pass,Pass,council_vote,,approve,keyword,high,,,,36,49,1,minutes/2025/2025-11-17/2025-11-18_council-formal-meeting.md,minutes
1696,323,2,10,Approve the Consent Agenda.,Procedural/Administrative,7-0 Pass,Pass,council_vote,,procedural,keyword,high,,,,70,49,1,minutes/2025/2025-11-17/2025-11-18_council-formal-meeting.md,minutes
1697,324,2,1,"Approve the work session meeting minutes of July 8, 2025, as well as the formal meeting minutes for September 2, 2025.",Procedural/Administrative,6-0 Pass,Pass,council_vote,,procedural,keyword,high,,,,3,38,1,minutes/2025/2025-11-24/2025-11-25_council-formal-meeting.md,minutes
1698,325,2,1,"Enter into Closed Session for the purposes of discussion regarding deployment of security personnel, devices, or systems and attorney-client matters.",Procedural/Administrative,7-0 Pass,Pass,council_vote,,procedural,keyword,high,,,,68,20,1,minutes/2025/2025-11-24/2025-11-25_council-work-session-meeting.md,minutes
1699,324,2,2,Adopt Joint Resolution 39 of 2025 declaring November as Native American Heritage Month in Salt Lake City.,Ceremonial Resolution,6-0 Pass,Pass,council_vote,,approve,keyword,high,,,,17,38,1,minutes/2025/2025-11-24/2025-11-25_council-formal-meeting.md,minutes
1700,325,2,2,Exit Closed Session.,Procedural/Administrative,7-0 Pass,Pass,council_vote,,procedural,keyword,high,,,,19,68,1,minutes/2025/2025-11-24/2025-11-25_council-work-session-meeting.md,minutes
1701,324,2,3,Approve the Consent Agenda.,Procedural/Administrative,7-0 Pass,Pass,council_vote,,procedural,keyword,high,,,,17,20,1,minutes/2025/2025-11-24/2025-11-25_council-formal-meeting.md,minutes
1702,326,2,1,"Adopt Resolution 40 of 2025, celebrating the Utah Parent Teachers Association's Centennial Anniversary in Salt Lake City.",Ceremonial Resolution,5-0 Pass,Pass,council_vote,,approve,keyword,high,,,,3,19,1,minutes/2025/2025-12-01/2025-12-02_council-formal-meeting.md,minutes
1703,326,2,2,"Close the public hearing and adopt Ordinance 70 of 2025, Parking Dimensions and Off-Street Parking Standards Manual Update.",Public Hearing Action,6-0 Pass,Pass,council_vote,,approve,keyword,high,,,,3,19,1,minutes/2025/2025-12-01/2025-12-02_council-formal-meeting.md,minutes
1704,326,2,3,"Close the public hearing and adopt Ordinance 71 of 2025, Water Conservation and Land Use Element-General Plan Amendment.",Public Hearing Action,6-0 Pass,Pass,council_vote,,approve,keyword,high,363,singleton,high,19,65,1,minutes/2025/2025-12-01/2025-12-02_council-formal-meeting.md,minutes
1705,326,2,4,"Close the public hearing and adopt Resolution 41 of 2025, Water Conservation Plan of 2025.",Public Hearing Action,6-0 Pass,Pass,council_vote,,approve,keyword,high,,,,19,38,1,minutes/2025/2025-12-01/2025-12-02_council-formal-meeting.md,minutes
1706,326,2,5,Approve the Consent Agenda.,Appointment/Advice & Consent,6-0 Pass,Pass,council_vote,,procedural,keyword,high,,,,3,19,1,minutes/2025/2025-12-01/2025-12-02_council-formal-meeting.md,minutes
1707,327,1,1,"Adopt Resolution 20 of 2025, to approve the Ballpark NEXT Community Design Plan.",Resolution,6-0 Pass,Pass,rda_vote,,approve,keyword,high,364,singleton,high,19,17,1,minutes/2025/2025-12-08/2025-12-09_community-reinvestment-agency-cra-meeting.md,minutes
1708,328,2,1,Close the public hearing on the Sky Harbour Hangar Development TEFRA hearing.,Public Hearing Action,7-0 Pass,Pass,council_vote,,procedural,keyword,medium,,,,19,38,1,minutes/2025/2025-12-08/2025-12-09_council-formal-meeting.md,minutes
1709,329,3,1,"Enter into Closed Session for the purposes of strategy sessions to discuss the purchase, exchange, or lease of real property and for attorney-client matters that are privileged pursuant to Utah Code § 78B-1-137.",Procedural/Administrative,5-0 Pass,Pass,mba_vote,,procedural,keyword,high,,,,20,38,1,minutes/2025/2025-12-08/2025-12-09_council-work-session-meeting.md,minutes
1710,327,1,2,Approve the CRA Fiscal Year 2024-2025 Final Audit.,Procedural/Administrative,6-0 Pass,Pass,rda_vote,,approve,keyword,high,,,,19,68,1,minutes/2025/2025-12-08/2025-12-09_community-reinvestment-agency-cra-meeting.md,minutes
1711,328,2,2,"Close the public hearing and adopt Ordinance 73 of 2025, approving Items E-2 Jordan River Restoration & Recreation Project Grant for $666,000 and Item E-3 FY26 Homeless Shelter Cities Mitigation Grant for $3,249,704 as proposed by the Administration, and deferring item E-1 COPS Technology & Equipment Grant – Subaward from Davis County for $224,000 to a future meeting.",Budget Amendment,5-2 Pass,Pass,council_vote,,approve,keyword,high,,,,38,3,1,minutes/2025/2025-12-08/2025-12-09_council-formal-meeting.md,minutes
1712,329,3,2,Exit the Closed Session.,Procedural/Administrative,5-0 Pass,Pass,mba_vote,,procedural,keyword,high,,,,38,19,1,minutes/2025/2025-12-08/2025-12-09_council-work-session-meeting.md,minutes
1713,327,1,3,"Enter into Closed Session for the purposes of strategy sessions to discuss the purchase, exchange, or lease of real property.",Procedural/Administrative,6-0 Pass,Pass,rda_vote,,procedural,keyword,high,,,,17,68,1,minutes/2025/2025-12-08/2025-12-09_community-reinvestment-agency-cra-meeting.md,minutes
1714,328,2,3,"Close the public hearing and adopt Resolution 42 of 2025, authorizing the release of Salt Lake City's reversionary interest in the property currently owned by Valley Behavioral Health at 107 South 800 West.",Resolution,7-0 Pass,Pass,council_vote,,approve,keyword,high,,,,19,3,1,minutes/2025/2025-12-08/2025-12-09_council-formal-meeting.md,minutes
1715,327,1,4,Exit Closed Session and return as the City Council.,Procedural/Administrative,6-0 Pass,Pass,rda_vote,,procedural,keyword,high,,,,17,38,1,minutes/2025/2025-12-08/2025-12-09_community-reinvestment-agency-cra-meeting.md,minutes
1716,328,2,4,"Adopt Ordinances 74A, 74B, 74C, and 74D of 2025 that include eliminating the 100-foot maximum building length and increasing the maximum number of dwelling units per building to 50 in the RMF-45 zoning district.",Ordinance,6-1 Pass,Pass,council_vote,,approve,keyword,high,,,,20,68,1,minutes/2025/2025-12-08/2025-12-09_council-formal-meeting.md,minutes
1717,328,2,5,"Adopt Ordinance 72 of 2025, enacting temporary zoning regulations authorizing temporary increase in overnight capacity at the youth homeless resource center at 888 South 400 West.",Ordinance,7-0 Pass,Pass,council_vote,,approve,keyword,high,,,,38,68,1,minutes/2025/2025-12-08/2025-12-09_council-formal-meeting.md,minutes
1718,328,2,6,Approve the Consent Agenda.,Procedural/Administrative,7-0 Pass,Pass,council_vote,,procedural,keyword,high,,,,68,38,1,minutes/2025/2025-12-08/2025-12-09_council-formal-meeting.md,minutes
1719,330,1,1,Elect Director Daniel Dugan as CRA Board Chair for Calendar Year 2026,Procedural/Administrative,Unanimous Pass,Pass,rda_vote,,,unclassified,low,365,singleton,high,,,1,minutes/2026/2026-01-12/2026-01-13_community-reinvestment-agency-cra-meeting.md,minutes
1720,331,2,1,Close the public hearing and refer items B-1 through B-5 to a future consent agenda for action.,Public Hearing Action,7-0 Pass,Pass,council_vote,,procedural,keyword,high,,,,19,17,1,minutes/2026/2026-01-12/2026-01-13_council-formal-meeting.md,minutes
1721,332,2,1,Election of Council Member Alejandro Puy as Council Chair for Calendar Year 2026,Procedural/Administrative,Unanimous Pass,Pass,council_vote,,,unclassified,low,,,,19,38,1,minutes/2026/2026-01-12/2026-01-13_council-work-session-meeting.md,minutes
1722,330,1,2,Elect Director Eva Lopez Chavez as CRA Vice Chair for Calendar Year 2026,Procedural/Administrative,Unanimous Pass,Pass,rda_vote,,,unclassified,low,366,singleton,high,,,1,minutes/2026/2026-01-12/2026-01-13_community-reinvestment-agency-cra-meeting.md,minutes
1723,331,2,2,Close the public hearing and defer action on the Consolidated Fee Schedule Corrections – Public Utilities ordinance to a future Council meeting.,Public Hearing Action,7-0 Pass,Pass,council_vote,,continue,keyword,high,,,,65,17,1,minutes/2026/2026-01-12/2026-01-13_council-formal-meeting.md,minutes
1724,332,2,2,Election of Council Member Erika Carlsen as Council Vice Chair for Calendar Year 2026,Procedural/Administrative,Unanimous Pass,Pass,council_vote,,,unclassified,low,,,,65,19,1,minutes/2026/2026-01-12/2026-01-13_council-work-session-meeting.md,minutes
1725,330,1,3,"Adopt Resolution 1 of 2026, amending and restating terms for the Accessory Dwelling Unit Financing Program",Resolution,7-0 Pass,Pass,rda_vote,,approve,keyword,high,367,singleton,high,3,38,1,minutes/2026/2026-01-12/2026-01-13_community-reinvestment-agency-cra-meeting.md,minutes
1726,331,2,3,Ratify the nominations of Council Member Puy as Chair and Council Member Carlsen as Vice Chair for calendar year 2026.,Procedural/Administrative,7-0 Pass,Pass,council_vote,,approve,keyword,high,,,,65,38,1,minutes/2026/2026-01-12/2026-01-13_council-formal-meeting.md,minutes
1727,330,1,4,Approve the Consent Agenda,Appointment/Advice & Consent,7-0 Pass,Pass,rda_vote,,procedural,keyword,high,,,,3,38,1,minutes/2026/2026-01-12/2026-01-13_community-reinvestment-agency-cra-meeting.md,minutes
1728,331,2,4,"Adopt Ordinance 1 of 2026, amending the Salt Lake City Consolidated Fee Schedule related to credit card surcharges in the Public Lands Department.",Ordinance,7-0 Pass,Pass,council_vote,,approve,keyword,high,,,,38,19,1,minutes/2026/2026-01-12/2026-01-13_council-formal-meeting.md,minutes
1729,331,2,5,Approve the Consent Agenda.,Procedural/Administrative,7-0 Pass,Pass,council_vote,,procedural,keyword,high,,,,65,19,1,minutes/2026/2026-01-12/2026-01-13_council-formal-meeting.md,minutes
1730,333,2,1,"Approve the May 13, 2025, work session meeting minutes and the November 25, 2025, formal meeting minutes.",Procedural/Administrative,7-0 Pass,Pass,council_vote,,procedural,keyword,high,,,,19,38,1,minutes/2026/2026-01-19/2026-01-20_council-formal-meeting.md,minutes
1731,334,2,1,"Enter into Closed Meeting for the purposes of strategy sessions to discuss the purchase, exchange, or lease of real property, including any form of a water right or water shares, if public discussion of the transaction would: (i) disclose the appraisal or prevent the public body from completing the transaction on the best possible terms; and for attorney-client matters that are privileged pursuant to Utah Code § 78B-1-137, and for other lawful purposes that satisfy the pertinent requirements of the Utah Open and Public Meetings Act.",Procedural/Administrative,7-0 Pass,Pass,council_vote,,procedural,keyword,high,,,,17,19,1,minutes/2026/2026-01-19/2026-01-20_council-work-session-meeting.md,minutes
1732,333,2,2,Close the public hearing on the Silos Park Public Infrastructure District and defer action to a future meeting.,Public Hearing Action,7-0 Pass,Pass,council_vote,,continue,keyword,high,,,,19,68,1,minutes/2026/2026-01-19/2026-01-20_council-formal-meeting.md,minutes
1733,334,2,2,Exit the Closed Meeting.,Procedural/Administrative,7-0 Pass,Pass,council_vote,,procedural,keyword,high,,,,17,19,1,minutes/2026/2026-01-19/2026-01-20_council-work-session-meeting.md,minutes
1734,333,2,3,"Adopt Ordinance 2 of 2026, amending fees and fee information in the Salt Lake City Consolidated Fee Schedule related to certain fire line fees and implement the full FY26 fire line fee structure upon adoption, with the Department of Public Utilities crediting customers for the per-inch multiplier portion of fire line fees paid from July 1, 2026, through the date of adoption.",Ordinance,7-0 Pass,Pass,council_vote,,approve,keyword,high,,,,17,68,1,minutes/2026/2026-01-19/2026-01-20_council-formal-meeting.md,minutes
1735,333,2,4,"Approve the Consent Agenda, including setting public hearing dates for two zoning ordinances and approving board appointments and reappointments.",Procedural/Administrative,7-0 Pass,Pass,council_vote,,procedural,keyword,high,,,,19,17,1,minutes/2026/2026-01-19/2026-01-20_council-formal-meeting.md,minutes
1736,335,2,1,Enter into Closed Meeting for the purposes of attorney-client matters that are privileged pursuant to Utah Code § 78B-1-137.,Procedural/Administrative,6-0 Pass,Pass,council_vote,,procedural,keyword,high,,,,37,17,1,minutes/2026/2026-01-26/2026-01-27_council-work-session-meeting.md,minutes
1737,335,2,2,Exit Closed Meeting.,Procedural/Administrative,7-0 Pass,Pass,council_vote,,procedural,keyword,high,,,,19,17,1,minutes/2026/2026-01-26/2026-01-27_council-work-session-meeting.md,minutes
1738,336,2,1,"Approve the work session meeting minutes of June 3, 2025, and July 1, 2025.",Procedural/Administrative,7-0 Pass,Pass,council_vote,,procedural,keyword,high,,,,3,19,1,minutes/2026/2026-02-02/2026-02-03_council-formal-meeting.md,minutes
1739,337,2,1,"Enter into Closed Meeting for attorney-client matters that are privileged pursuant to Utah Code § 78B-1-137, and for other lawful purposes that satisfy the pertinent requirements of the Utah Open and Public Meetings Act.",Procedural/Administrative,7-0 Pass,Pass,council_vote,,procedural,keyword,high,,,,17,38,1,minutes/2026/2026-02-02/2026-02-03_council-work-session-meeting.md,minutes
1740,336,2,2,Adopt Joint Resolution 1 of 2026 with Mayor Mendenhall recognizing February as Black History Month in Salt Lake City.,Ceremonial Resolution,7-0 Pass,Pass,council_vote,,approve,keyword,high,,,,19,17,1,minutes/2026/2026-02-02/2026-02-03_council-formal-meeting.md,minutes
1741,337,2,2,Exit the Closed Meeting.,Procedural/Administrative,7-0 Pass,Pass,council_vote,,procedural,keyword,high,,,,19,17,1,minutes/2026/2026-02-02/2026-02-03_council-work-session-meeting.md,minutes
1742,336,2,3,Continue the public hearing on the zoning map amendment at approximately 265 East 100 South to a future Council Meeting.,Public Hearing Action,7-0 Pass,Pass,council_vote,,continue,keyword,high,368,singleton,high,38,3,1,minutes/2026/2026-02-02/2026-02-03_council-formal-meeting.md,minutes
1743,336,2,4,"Close the public hearing and adopt Ordinance 3 of 2026, Text Amendment – Zoning Administration.",Ordinance,7-0 Pass,Pass,council_vote,,approve,keyword,high,369,singleton,high,3,19,1,minutes/2026/2026-02-02/2026-02-03_council-formal-meeting.md,minutes
1744,336,2,5,"Close the public hearing and adopt Ordinance 4 of 2026 (Budget Amendment No. 4 for FY2025-26), approving specified items and deferring action on remaining items.",Budget Amendment,7-0 Pass,Pass,council_vote,,approve,keyword,high,,,,3,19,1,minutes/2026/2026-02-02/2026-02-03_council-formal-meeting.md,minutes
1745,336,2,6,Approve the appointment of Zach Posner as the Salt Lake City Chief Information Officer (Director of Information Management Services or IMS).,Appointment/Advice & Consent,7-0 Pass,Pass,council_vote,,approve,keyword,high,,,,38,17,1,minutes/2026/2026-02-02/2026-02-03_council-formal-meeting.md,minutes
1746,336,2,7,"Adopt Resolution 3 of 2026, approving the proposed Memorandum of Understanding between the Salt Lake City Library Board and The American Federation of State, County, and Municipal Employees Local 1004, representing eligible Library employees.",Resolution,7-0 Pass,Pass,council_vote,,approve,keyword,high,,,,17,38,1,minutes/2026/2026-02-02/2026-02-03_council-formal-meeting.md,minutes
1747,336,2,8,Approve the Consent Agenda.,Procedural/Administrative,7-0 Pass,Pass,council_vote,,procedural,keyword,high,,,,3,19,1,minutes/2026/2026-02-02/2026-02-03_council-formal-meeting.md,minutes
1748,338,2,1,"Approve the work session meeting minutes of August 12, 2025, November 25, 2025, and January 27, 2026, and the formal meeting minutes of July 1, 2025, and August 12, 2025, as well as the January 5, 2026, Oath of Office minutes.",Procedural/Administrative,7-0 Pass,Pass,council_vote,,procedural,keyword,high,,,,19,3,1,minutes/2026/2026-02-16/2026-02-17_council-formal-meeting.md,minutes
1749,338,2,2,Close the public hearing and defer items B1 through B5 to a future Consent Agenda for action.,Public Hearing Action,7-0 Pass,Pass,council_vote,,procedural,keyword,high,,,,3,37,1,minutes/2026/2026-02-16/2026-02-17_council-formal-meeting.md,minutes
1750,338,2,3,"Close the public hearing and adopt Resolution 1 of 2026, authorizing the sales price and term sheet for The Grove Project, at approximately 321 East 200 South (also known as the Northwest Pipeline Building and adjacent properties).",Resolution,6-1 Pass,Pass,council_vote,,approve,keyword,high,,,,3,17,1,minutes/2026/2026-02-16/2026-02-17_council-formal-meeting.md,minutes
1751,338,2,4,Close the public hearing and defer action to a future Council meeting on the Disposition of Alleys and Street Text Amendment ordinance.,Public Hearing Action,7-0 Pass,Pass,council_vote,,continue,keyword,high,370,singleton,high,19,65,1,minutes/2026/2026-02-16/2026-02-17_council-formal-meeting.md,minutes
1752,338,2,5,"Adopt Ordinance 5 of 2026 and the remaining items in the budget amendment as proposed by the Administration, close the budget amendment, and accept the friendly amendment to reallocate $50,000 from the Fisher Mansion Project to City Hall's historic displays (increasing historic displays to $150,000 and decreasing Fisher Mansion to $350,000), with Council intent that the Administration adopt a forward-looking policy on wayfinding signage for Downtown parking.",Budget Amendment,7-0 Pass,Pass,council_vote,,approve,keyword,high,,,,19,3,1,minutes/2026/2026-02-16/2026-02-17_council-formal-meeting.md,minutes
1753,338,2,6,"Adopt Resolution 4 of 2026, extending the time period to comply with the condition in Ordinance 13 of 2025 for an additional twelve months for the alley vacation near 300 West and Paxton Avenue.",Resolution,7-0 Pass,Pass,council_vote,,approve,keyword,high,371,singleton,high,3,17,1,minutes/2026/2026-02-16/2026-02-17_council-formal-meeting.md,minutes
1754,338,2,7,"Adopt Resolution 5 of 2026, authorizing up to $51,000,000 of the City's Federally Taxable General Obligation Bonds (Series 2026) for parks, trails, and open space improvements.",Resolution,6-1 Pass,Pass,council_vote,,approve,keyword,high,,,,17,65,1,minutes/2026/2026-02-16/2026-02-17_council-formal-meeting.md,minutes
1755,338,2,8,"Approve attendance at the 2026 National Association of Latino Elected and Appointed Officials Conference in Los Angeles from Tuesday, July 14, 2026, to Thursday, July 16, 2026.",Procedural/Administrative,7-0 Pass,Pass,council_vote,,approve,keyword,high,,,,19,65,1,minutes/2026/2026-02-16/2026-02-17_council-formal-meeting.md,minutes
1756,338,2,9,Approve the Consent Agenda.,Procedural/Administrative,7-0 Pass,Pass,council_vote,,procedural,keyword,high,,,,17,3,1,minutes/2026/2026-02-16/2026-02-17_council-formal-meeting.md,minutes
1757,339,2,1,"Enter into Closed Meeting for the purposes of discussion regarding deployment of security personnel, devices, or systems; and for attorney-client matters.",Procedural/Administrative,7-0 Pass,Pass,council_vote,,procedural,keyword,high,,,,17,19,1,minutes/2026/2026-03-02/2026-03-03_council-work-session-meeting.md,minutes
1758,339,2,2,Exit the Closed Meeting.,Procedural/Administrative,7-0 Pass,Pass,council_vote,,procedural,keyword,high,,,,19,38,1,minutes/2026/2026-03-02/2026-03-03_council-work-session-meeting.md,minutes
1759,340,1,1,"Approve the August 12, 2025, September 9, 2025, October 14, 2025, and November 18, 2025 meeting minutes.",Procedural/Administrative,7-0 Pass,Pass,rda_vote,,procedural,keyword,high,372,singleton,high,27,34,1,minutes/2026/2026-03-09/2026-03-10_community-reinvestment-agency-cra-meeting.md,minutes
1760,341,2,1,"Approve the work session meeting minutes of September 9, 2025, September 16, 2025, October 7, 2025, and October 14, 2025, as well as the formal meeting minutes of August 19, 2025, October 7, 2025, October 21, 2025, and December 9, 2025.",Procedural/Administrative,6-0 Pass,Pass,council_vote,,procedural,keyword,high,,,,19,65,1,minutes/2026/2026-03-09/2026-03-10_council-formal-meeting.md,minutes
1761,340,1,2,"Adopt Resolution 2 of 2026, approving the funding allocations and preliminary terms as described in Exhibit B (Competitive HDLP Funding Allocations).",Resolution,7-0 Pass,Pass,rda_vote,,approve,keyword,high,373,singleton,high,27,35,1,minutes/2026/2026-03-09/2026-03-10_community-reinvestment-agency-cra-meeting.md,minutes
1762,341,2,2,Adopt Joint Ceremonial Resolution 3 of 2026 with Mayor Mendenhall recognizing March as National Women's History Month in Salt Lake City.,Ceremonial Resolution,6-0 Pass,Pass,council_vote,,procedural,keyword,high,,,,19,65,1,minutes/2026/2026-03-09/2026-03-10_council-formal-meeting.md,minutes
1763,340,1,3,"Adopt Resolution 3 of 2026 adopting the NWQ, LLC Phase IV Tax Increment Reimbursement Agreement, with the intent that the tax increment funds provided under the agreement are solely for warehouse development and associated public infrastructure, as outlined in Exhibit A, and were not intended for any other development or uses.",Resolution,7-0 Pass,Pass,rda_vote,,approve,keyword,high,374,singleton,high,34,27,1,minutes/2026/2026-03-09/2026-03-10_community-reinvestment-agency-cra-meeting.md,minutes
1764,341,2,3,Close the public hearing and refer items B-1 through B-5 to a future Consent Agenda for action.,Public Hearing Action,7-0 Pass,Pass,council_vote,,procedural,keyword,high,,,,65,38,1,minutes/2026/2026-03-09/2026-03-10_council-formal-meeting.md,minutes
1765,340,1,4,"Adopt Resolution 4 of 2026, amending and restating the lease rate and terms for the USA Climbing Headquarters and Training Facility at approximately 500 West and 300 South, including the approval of an additional $250,000 maximum contribution increase to the $6 million request.",Resolution,6-1 Pass,Pass,rda_vote,,approve,keyword,high,375,singleton,high,34,27,1,minutes/2026/2026-03-09/2026-03-10_community-reinvestment-agency-cra-meeting.md,minutes
1766,341,2,4,Close the public hearing and defer action on the Rio Grande Master Plan and Zoning Map Amendment to a future Council Meeting.,Public Hearing Action,7-0 Pass,Pass,council_vote,,continue,keyword,high,376,name,medium,19,68,1,minutes/2026/2026-03-09/2026-03-10_council-formal-meeting.md,minutes
1767,341,2,5,Close the public hearing and defer action on the Fence and Hedge Height Text Amendment to a future Council Meeting.,Public Hearing Action,7-0 Pass,Pass,council_vote,,continue,keyword,high,377,singleton,high,65,38,1,minutes/2026/2026-03-09/2026-03-10_council-formal-meeting.md,minutes
1768,341,2,6,"Close the public hearing and defer action on the Master Plan and Zoning Map Amendment at approximately 527, 537, and 539 South 400 East to a future Council Meeting.",Public Hearing Action,7-0 Pass,Pass,council_vote,,continue,keyword,high,378,singleton,high,38,19,1,minutes/2026/2026-03-09/2026-03-10_council-formal-meeting.md,minutes
1769,341,2,7,Close the public hearing and defer action on the Recurring Nuisance Properties Ordinance to a future Council Meeting.,Public Hearing Action,7-0 Pass,Pass,council_vote,,continue,keyword,high,,,,19,3,1,minutes/2026/2026-03-09/2026-03-10_council-formal-meeting.md,minutes
1770,341,2,8,Close the public hearing and defer action on the Temporary Street Closure for Temple Square 2027 Reopening ordinance to a future Council Meeting.,Public Hearing Action,7-0 Pass,Pass,council_vote,,continue,keyword,high,,,,19,38,1,minutes/2026/2026-03-09/2026-03-10_council-formal-meeting.md,minutes
1771,341,2,9,Approve the Consent Agenda.,Procedural/Administrative,7-0 Pass,Pass,council_vote,,procedural,keyword,high,,,,38,19,1,minutes/2026/2026-03-09/2026-03-10_council-formal-meeting.md,minutes
1772,342,2,1,Enter into Closed Meeting for attorney-client matters,Procedural/Administrative,7-0 Pass,Pass,council_vote,,procedural,keyword,high,,,,17,19,1,minutes/2026/2026-03-23/2026-03-24_revised-council-work-session-meeting.md,minutes
1773,343,1,1,"Adopt CRA Resolution 6 of 2026 to approve the Sugar House Streetcar S-Line Extension Interlocal Agreement between Salt Lake City, Salt Lake City Community Reinvestment Agency, and the Utah Transit Authority.",Interlocal/Agreement,7-0 Pass,Pass,rda_vote,,approve,keyword,high,379,singleton,high,65,37,1,minutes/2026/2026-03-23/2026-03-24_revised-cra-and-council-formal-meeting.md,minutes
1774,342,2,2,Exit Closed Meeting,Procedural/Administrative,7-0 Pass,Pass,council_vote,,procedural,keyword,high,,,,19,17,1,minutes/2026/2026-03-23/2026-03-24_revised-council-work-session-meeting.md,minutes
1775,343,1,2,Adopt CRA Resolution 7 of 2026 approving the Second Amendment to the Interlocal Agreement with the Utah Inland Port Authority and Salt Lake City.,Interlocal/Agreement,6-1 Pass,Pass,rda_vote,,approve,keyword,high,380,singleton,high,17,68,1,minutes/2026/2026-03-23/2026-03-24_revised-cra-and-council-formal-meeting.md,minutes
1776,344,2,3,Adjourn as the Board of the Community Reinvestment Agency and reconvene as the Salt Lake City Council for a Formal Meeting.,Procedural/Administrative,7-0 Pass,Pass,council_vote,,procedural,keyword,high,,,,17,19,1,minutes/2026/2026-03-23/2026-03-24_revised-cra-and-council-formal-meeting.md,minutes
1777,344,2,4,"Approve the work session meeting minutes of October 21, 2025, November 18, 2025, and December 9, 2025, as well as the formal meeting minutes of November 18, 2025, and December 2, 2025.",Procedural/Administrative,7-0 Pass,Pass,council_vote,,procedural,keyword,high,,,,17,19,1,minutes/2026/2026-03-23/2026-03-24_revised-cra-and-council-formal-meeting.md,minutes
1778,344,2,5,"Adopt Joint Ceremonial Resolution 4 of 2026 with Mayor Mendenhall recognizing April 1, 2026, as Start by Believing Day in Salt Lake City.",Ceremonial Resolution,7-0 Pass,Pass,council_vote,,procedural,keyword,high,,,,65,19,1,minutes/2026/2026-03-23/2026-03-24_revised-cra-and-council-formal-meeting.md,minutes
1779,344,2,6,"Adopt Joint Ceremonial Resolution 3 of 2026 with Mayor Mendenhall recognizing March 29, 2026, as Education and Sharing Day in Salt Lake City.",Ceremonial Resolution,7-0 Pass,Pass,council_vote,,procedural,keyword,high,,,,19,17,1,minutes/2026/2026-03-23/2026-03-24_revised-cra-and-council-formal-meeting.md,minutes
1780,344,2,7,Close the public hearing and refer items E-1 and E-2 to a future Consent Agenda for action.,Public Hearing Action,7-0 Pass,Pass,council_vote,,procedural,keyword,high,,,,19,65,1,minutes/2026/2026-03-23/2026-03-24_revised-cra-and-council-formal-meeting.md,minutes
1781,344,2,8,Close the public hearing regarding the SLC Airport Noise Property Disposition at approximately 840 South Gladiola Street.,Public Hearing Action,7-0 Pass,Pass,council_vote,,procedural,keyword,medium,,,,19,65,1,minutes/2026/2026-03-23/2026-03-24_revised-cra-and-council-formal-meeting.md,minutes
1782,344,2,9,"Close the public hearing and adopt Ordinance 6 of 2026, Alley Vacation – Portion East of 519 East Browning Avenue.",Ordinance,7-0 Pass,Pass,council_vote,,approve,keyword,high,381,singleton,high,37,17,1,minutes/2026/2026-03-23/2026-03-24_revised-cra-and-council-formal-meeting.md,minutes
1783,344,2,10,Close the public hearing and defer action on the Expiration of Land Use Approvals Text Amendment to a future Council meeting.,Public Hearing Action,7-0 Pass,Pass,council_vote,,continue,keyword,high,382,singleton,high,19,68,1,minutes/2026/2026-03-23/2026-03-24_revised-cra-and-council-formal-meeting.md,minutes
1784,344,2,11,"Close the public hearing and defer action on the Zoning Map Amendment at approximately 2260, 2270, and 2290 East 1300 South to a future Council meeting.",Public Hearing Action,7-0 Pass,Pass,council_vote,,continue,keyword,high,383,singleton,high,19,37,1,minutes/2026/2026-03-23/2026-03-24_revised-cra-and-council-formal-meeting.md,minutes
1785,344,2,12,Close the public hearing on the Sugar House Hotel Master Plan and Zoning Map Amendment at approximately 2111 South 1300 East and defer action to a future Council meeting.,Public Hearing Action,6-0 Pass,Pass,council_vote,,continue,keyword,high,384,name,medium,19,65,1,minutes/2026/2026-03-23/2026-03-24_revised-cra-and-council-formal-meeting.md,minutes
1786,344,2,13,Close the public hearing on FY 2026-27 Funding Allocations for Federal Housing and Community Development Grants and City Funding Our Future Housing Programs and defer action to a future Council meeting.,Public Hearing Action,7-0 Pass,Pass,council_vote,,continue,keyword,high,,,,17,37,1,minutes/2026/2026-03-23/2026-03-24_revised-cra-and-council-formal-meeting.md,minutes
1787,344,2,14,"Adopt Ordinance 7 of 2026, Disposition of Alleys and Streets Text Amendment.",Ordinance,6-0 Pass,Pass,council_vote,,approve,keyword,high,385,singleton,high,19,65,1,minutes/2026/2026-03-23/2026-03-24_revised-cra-and-council-formal-meeting.md,minutes
1788,344,2,15,"Adopt Ordinance 10 of 2026, Fence and Hedge Height Text Amendment.",Ordinance,7-0 Pass,Pass,council_vote,,approve,keyword,high,386,singleton,high,65,19,1,minutes/2026/2026-03-23/2026-03-24_revised-cra-and-council-formal-meeting.md,minutes
1789,344,2,16,"Adopt Ordinance 11 of 2026, Rio Grande Master Plan and Zoning Map Amendment.",Ordinance,7-0 Pass,Pass,council_vote,,approve,keyword,high,376,name,medium,68,19,1,minutes/2026/2026-03-23/2026-03-24_revised-cra-and-council-formal-meeting.md,minutes
1790,344,2,17,"Adopt Ordinance 12 of 2026, Master Plan and Zoning Map Amendment at Approximately 527, 537, and 539 South 400 East.",Ordinance,7-0 Pass,Pass,council_vote,,approve,keyword,high,387,singleton,high,68,17,1,minutes/2026/2026-03-23/2026-03-24_revised-cra-and-council-formal-meeting.md,minutes
1791,344,2,18,"Adopt Ordinance 13 of 2026, amending the text of Title 11 of the Salt Lake City Code pertaining to nuisance private property.",Ordinance,7-0 Pass,Pass,council_vote,,approve,keyword,high,,,,68,19,1,minutes/2026/2026-03-23/2026-03-24_revised-cra-and-council-formal-meeting.md,minutes
1792,344,2,19,"Adopt Ordinance 14 of 2026, temporarily closing all or portions of City streets adjacent to the Salt Lake City Temple to mitigate unsafe conditions.",Ordinance,7-0 Pass,Pass,council_vote,,approve,keyword,high,,,,65,19,1,minutes/2026/2026-03-23/2026-03-24_revised-cra-and-council-formal-meeting.md,minutes
1793,344,2,20,"Adopt Resolution 7 of 2026 to approve the Sugar House Streetcar S-Line Extension Interlocal Agreement between Salt Lake City, the Salt Lake City Community Reinvestment Agency, and the Utah Transit Authority.",Interlocal/Agreement,7-0 Pass,Pass,council_vote,,approve,keyword,high,388,singleton,high,65,19,1,minutes/2026/2026-03-23/2026-03-24_revised-cra-and-council-formal-meeting.md,minutes
1794,344,2,21,Adopt a resolution approving the Second Amendment to the Interlocal Agreement with the Utah Inland Port Authority.,Interlocal/Agreement,6-1 Pass,Pass,council_vote,,approve,keyword,high,,,,17,68,1,minutes/2026/2026-03-23/2026-03-24_revised-cra-and-council-formal-meeting.md,minutes
1795,344,2,22,"Adopt Ordinance 8 of 2026, amending Title 17 pertaining to limits on daily water use for new commercial, industrial, and institutional developments.",Ordinance,7-0 Pass,Pass,council_vote,,approve,keyword,high,389,singleton,high,68,17,1,minutes/2026/2026-03-23/2026-03-24_revised-cra-and-council-formal-meeting.md,minutes
1796,344,2,23,"Adopt Ordinance 9 of 2026, enacting a temporary land use regulation pertaining to the daily water use limits on new commercial, industrial, and institutional developments.",Ordinance,7-0 Pass,Pass,council_vote,,approve,keyword,high,,,,19,17,1,minutes/2026/2026-03-23/2026-03-24_revised-cra-and-council-formal-meeting.md,minutes
1797,344,2,24,"Approve the Consent Agenda, including the appointment of Kim Stowe to the Business Advisory Board and setting public hearing dates for two zoning map amendment ordinances.",Procedural/Administrative,7-0 Pass,Pass,council_vote,,procedural,keyword,high,390,singleton,high,17,19,1,minutes/2026/2026-03-23/2026-03-24_revised-cra-and-council-formal-meeting.md,minutes
1798,345,2,1,"Approve the Work Session meeting minutes of December 2, 2025",Procedural/Administrative,7-0 Pass,Pass,council_vote,,procedural,keyword,high,,,,19,38,1,minutes/2026/2026-04-06/2026-04-07_council-formal-meeting.md,minutes
1799,346,2,1,"Enter into Closed Meeting for the purposes of strategy session to discuss collective bargaining, strategy session to discuss pending or reasonably imminent litigation, attorney-client matters, and for other lawful purposes that satisfy the pertinent requirements of the Utah Open and Public Meetings Act.",Procedural/Administrative,7-0 Pass,Pass,council_vote,,procedural,keyword,high,,,,17,38,1,minutes/2026/2026-04-06/2026-04-07_council-work-session-meeting.md,minutes
1800,345,2,2,Close the public hearing and defer action to a future Council Meeting (Zoning Map Amendment at approximately 256 East 300 South),Public Hearing Action,7-0 Pass,Pass,council_vote,,continue,keyword,high,391,singleton,high,38,17,1,minutes/2026/2026-04-06/2026-04-07_council-formal-meeting.md,minutes
1801,346,2,2,Exit the Closed Meeting.,Procedural/Administrative,7-0 Pass,Pass,council_vote,,procedural,keyword,high,,,,38,19,1,minutes/2026/2026-04-06/2026-04-07_council-work-session-meeting.md,minutes
1802,345,2,3,Close the public hearing and defer action to a future Council Meeting (Zoning Map Amendment at approximately 1073 South Navajo Street),Public Hearing Action,7-0 Pass,Pass,council_vote,,continue,keyword,high,392,singleton,high,68,38,1,minutes/2026/2026-04-06/2026-04-07_council-formal-meeting.md,minutes
1803,345,2,4,"Adopt Ordinance 15 of 2026, Text Amendment - Expiration of Land Use Approvals",Ordinance,7-0 Pass,Pass,council_vote,,approve,keyword,high,393,singleton,high,19,38,1,minutes/2026/2026-04-06/2026-04-07_council-formal-meeting.md,minutes
1804,345,2,5,Reject the ordinance (Sugar House Hotel Master Plan and Zoning Map Amendments at approximately 2111 South 1300 East),Ordinance,7-0 Pass,Pass,council_vote,,deny,keyword,high,384,name,medium,65,68,1,minutes/2026/2026-04-06/2026-04-07_council-formal-meeting.md,minutes
1805,345,2,6,Approve the Consent Agenda,Procedural/Administrative,7-0 Pass,Pass,council_vote,,procedural,keyword,high,,,,17,38,1,minutes/2026/2026-04-06/2026-04-07_council-formal-meeting.md,minutes
1806,347,1,1,"Approve the meeting minutes of December 9, 2025.",Procedural/Administrative,7-0 Pass,Pass,rda_vote,,procedural,keyword,high,,,,31,27,1,minutes/2026/2026-04-13/2026-04-14_community-reinvestment-agency-cra-meeting.md,minutes
1807,348,2,1,"Enter into a Closed Meeting for the purposes of deployment of security personnel, devices, or systems.",Procedural/Administrative,7-0 Pass,Pass,council_vote,,procedural,keyword,high,,,,68,17,1,minutes/2026/2026-04-13/2026-04-14_council-work-session-meeting.md,minutes
1808,347,1,2,"Adopt CRA Resolution 8 of 2026, approving affordable housing priorities for the Fiscal Year 2026–27.",Resolution,6-0 Pass,Pass,rda_vote,,approve,keyword,high,,,,22,27,1,minutes/2026/2026-04-13/2026-04-14_community-reinvestment-agency-cra-meeting.md,minutes
1809,347,1,3,"Adopt CRA Resolution 9 of 2026, approving the Pickle & Hide Tax Increment Reimbursement Agreement term sheet modifications with the acknowledgment that the demolition and reconstruction of the Utah Pickle building modified the maximum property tax reimbursement amount to 90% and reduced the maximum reimbursement amount to $5,078,545, and included the Utah Renewable Community participation and new waiver as described in the motion sheet.",Resolution,6-1 Pass,Pass,rda_vote,,approve,keyword,high,394,singleton,high,22,31,1,minutes/2026/2026-04-13/2026-04-14_community-reinvestment-agency-cra-meeting.md,minutes
1810,347,1,4,"Enter into Closed Meeting for the purposes of strategy sessions to discuss the purchase, exchange, or lease of real property and attorney-client matters.",Procedural/Administrative,7-0 Pass,Pass,rda_vote,,procedural,keyword,high,395,singleton,high,34,27,1,minutes/2026/2026-04-13/2026-04-14_community-reinvestment-agency-cra-meeting.md,minutes
1811,347,1,5,Exit the Closed Meeting.,Procedural/Administrative,7-0 Pass,Pass,rda_vote,,procedural,keyword,high,396,singleton,high,31,27,1,minutes/2026/2026-04-13/2026-04-14_community-reinvestment-agency-cra-meeting.md,minutes
1812,349,2,1,"Enter into Closed Meeting for the purposes of strategy sessions to discuss pending or reasonably imminent litigation and for attorney-client matters, and for other lawful purposes that satisfy the pertinent requirements of the Utah Open and Public Meetings Act.",Procedural/Administrative,6-0 Pass,Pass,council_vote,,procedural,keyword,high,,,,17,19,1,minutes/2026/2026-04-20/2026-04-21_council-work-session-meeting.md,minutes
1813,350,3,1,"Approve the LBA meeting minutes of May 6, 2025, May 20, 2025, June 3, 2025, and June 10, 2025",Procedural/Administrative,5-0 Pass,Pass,mba_vote,,procedural,keyword,high,397,singleton,high,19,68,1,minutes/2026/2026-04-20/2026-04-21_lba-cra-and-council-formal-meeting.md,minutes
1814,349,2,2,Exit the Closed Meeting.,Procedural/Administrative,7-0 Pass,Pass,council_vote,,procedural,keyword,high,,,,38,3,1,minutes/2026/2026-04-20/2026-04-21_council-work-session-meeting.md,minutes
1815,350,3,2,"Approve the LBA Consent Agenda (set public hearing date of May 19, 2026 for Resolution: Budget for the Capital Projects Fund of the Local Building Authority for Fiscal Year 2026-27)",Procedural/Administrative,5-0 Pass,Pass,mba_vote,,procedural,keyword,high,,,,19,68,1,minutes/2026/2026-04-20/2026-04-21_lba-cra-and-council-formal-meeting.md,minutes
1816,351,1,3,Adjourn as the Local Building Authority and reconvene as the Salt Lake City Community Reinvestment Agency Board,Procedural/Administrative,5-0 Pass,Pass,rda_vote,,procedural,keyword,high,,,,68,19,1,minutes/2026/2026-04-20/2026-04-21_lba-cra-and-council-formal-meeting.md,minutes
1817,351,1,4,"Approve the CRA Consent Agenda (set public hearing date of May 19, 2026 for Resolution: Budget for the Community Reinvestment Agency of Salt Lake City for Fiscal Year 2026-27)",Procedural/Administrative,5-0 Pass,Pass,rda_vote,,procedural,keyword,high,398,singleton,high,19,68,1,minutes/2026/2026-04-20/2026-04-21_lba-cra-and-council-formal-meeting.md,minutes
1818,352,2,5,Adjourn as the Community Reinvestment Agency Board and reconvene as the Salt Lake City Council,Procedural/Administrative,5-0 Pass,Pass,council_vote,,procedural,keyword,high,,,,68,19,1,minutes/2026/2026-04-20/2026-04-21_lba-cra-and-council-formal-meeting.md,minutes
1819,352,2,6,"Approve the Council Work Session meeting minutes of January 13, 2026, and February 3, 2026, as well as the Council retreat follow-up meeting minutes of February 3, 2026",Procedural/Administrative,5-0 Pass,Pass,council_vote,,procedural,keyword,high,,,,68,19,1,minutes/2026/2026-04-20/2026-04-21_lba-cra-and-council-formal-meeting.md,minutes
1820,352,2,7,"Close the public hearing and adopt Ordinance 16 of 2026, Wilmington Avenue Partial Street Vacation at Approximately 2192 South 2000 East, not requiring the applicant to purchase the vacated property from the City",Public Hearing Action,5-0 Pass,Pass,council_vote,,approve,keyword,high,399,singleton,high,65,37,1,minutes/2026/2026-04-20/2026-04-21_lba-cra-and-council-formal-meeting.md,minutes
1821,352,2,8,"Close the public hearing and adopt Ordinance 17 of 2026, enacting Title 9, Chapter 50 to the Salt Lake City Code, Community Clean Energy Program",Public Hearing Action,5-0 Pass,Pass,council_vote,,approve,keyword,high,,,,19,65,1,minutes/2026/2026-04-20/2026-04-21_lba-cra-and-council-formal-meeting.md,minutes
1822,352,2,9,"Adopt Resolution 8 of 2026 approving FY2026-27 funding allocations for Federal Housing and Community Development Grants and City Funding Our Future Housing Programs, including CDBG, ESG, HOME, and HOPWA grant funding, as well as 2025-2026 Funding Our Future funding distributions, and allocate $255,000 to First Step House for FOF Item 21 (Housing Case Management) in the next budget amendment",Grant/Funding,5-0 Pass,Pass,council_vote,,approve,keyword,high,,,,68,65,1,minutes/2026/2026-04-20/2026-04-21_lba-cra-and-council-formal-meeting.md,minutes
1823,352,2,10,"Adopt Ordinance 18 of 2026, Zoning Map Amendment at Approximately 1073 South Navajo Street",Ordinance,5-0 Pass,Pass,council_vote,,approve,keyword,high,400,singleton,high,68,19,1,minutes/2026/2026-04-20/2026-04-21_lba-cra-and-council-formal-meeting.md,minutes
1824,352,2,11,"Approve the Council Consent Agenda (set public hearing dates for multiple items including FY2026-27 City Budget, Compensation for Officers, Camping Ordinance, Zoning Amendments, Street Vacations, Mountain View Corridor Conveyance, and Honorary Street Renaming)",Procedural/Administrative,5-0 Pass,Pass,council_vote,,procedural,keyword,high,,,,19,68,1,minutes/2026/2026-04-20/2026-04-21_lba-cra-and-council-formal-meeting.md,minutes
1825,353,2,1,"Enter into Closed Meeting for the purposes of discussion of the character, professional competence, or physical or mental health of an individual, strategy sessions to discuss collective bargaining, and for attorney-client matters, and for other lawful purposes that satisfy the pertinent requirements of the Utah Open and Public Meetings Act.",Procedural/Administrative,6-0 Pass,Pass,council_vote,,procedural,keyword,high,,,,17,19,1,minutes/2026/2026-05-04/2026-05-05_council-work-session-meeting.md,minutes
1826,354,1,1,"Approve the Consent Agenda (setting the date of Tuesday, May 12, 2026 at 1 p.m. to accept public comment and consider approving a resolution amending the CRA final budget for Fiscal Year 2025-26, Budget Amendment No. 3)",Procedural/Administrative,6-0 Pass,Pass,rda_vote,,procedural,keyword,high,,,,68,65,1,minutes/2026/2026-05-04/2026-05-05_limited-community-reinvestment-agency-cra-meeting.md,minutes
1827,355,3,1,"Approve LBA Resolution 1 of 2026, adopting the tentative budget for the Capital Projects Fund of the Local Building Authority of Salt Lake City, Utah for Fiscal Year 2026-27.",Budget Amendment,6-0 Pass,Pass,mba_vote,,approve,keyword,high,,,,19,37,1,minutes/2026/2026-05-04/2026-05-05_revised-lba-cra-and-council-formal-meeting.md,minutes
1828,353,2,2,Exit the Closed Meeting.,Procedural/Administrative,7-0 Pass,Pass,council_vote,,procedural,keyword,high,,,,19,17,1,minutes/2026/2026-05-04/2026-05-05_council-work-session-meeting.md,minutes
1829,356,2,2,Adjourn as the Board of the Local Building Authority and reconvene as the Community Reinvestment Agency.,Procedural/Administrative,6-0 Pass,Pass,council_vote,,procedural,keyword,high,,,,17,68,1,minutes/2026/2026-05-04/2026-05-05_revised-lba-cra-and-council-formal-meeting.md,minutes
1830,357,1,3,"Approve CRA Resolution 5 of 2026, adopting the tentative budget for the Community Reinvestment Agency of Salt Lake City for Fiscal Year 2026-27.",Budget Amendment,7-0 Pass,Pass,rda_vote,,approve,keyword,high,401,singleton,high,19,65,1,minutes/2026/2026-05-04/2026-05-05_revised-lba-cra-and-council-formal-meeting.md,minutes
1831,356,2,4,Adjourn as the Board of the Community Reinvestment Agency and reconvene as the Salt Lake City Council for a Formal Meeting.,Procedural/Administrative,7-0 Pass,Pass,council_vote,,procedural,keyword,high,,,,17,38,1,minutes/2026/2026-05-04/2026-05-05_revised-lba-cra-and-council-formal-meeting.md,minutes
1832,356,2,5,"Approve the retreat meeting minutes of January 7, 2026, and the work session meeting minutes of January 20, 2026, February 10, 2026, and February 17, 2026, as well as the formal meeting minutes of January 20, 2026, and February 3, 2026.",Procedural/Administrative,7-0 Pass,Pass,council_vote,,procedural,keyword,high,,,,17,19,1,minutes/2026/2026-05-04/2026-05-05_revised-lba-cra-and-council-formal-meeting.md,minutes
1833,356,2,6,Close the public hearing and refer items G-1 through G-4 to a future Consent Agenda for action.,Public Hearing Action,7-0 Pass,Pass,council_vote,,procedural,keyword,high,,,,65,19,1,minutes/2026/2026-05-04/2026-05-05_revised-lba-cra-and-council-formal-meeting.md,minutes
1834,356,2,7,Close the public hearing and defer action on the Fortune Road Partial Street Vacation ordinance to a future Council Meeting.,Public Hearing Action,7-0 Pass,Pass,council_vote,,continue,keyword,high,402,singleton,high,19,17,1,minutes/2026/2026-05-04/2026-05-05_revised-lba-cra-and-council-formal-meeting.md,minutes
1835,356,2,8,Close the public hearing and defer action on the Mansell Manor Zoning Map Amendment ordinance to a future Council Meeting.,Public Hearing Action,7-0 Pass,Pass,council_vote,,continue,keyword,high,403,singleton,high,65,17,1,minutes/2026/2026-05-04/2026-05-05_revised-lba-cra-and-council-formal-meeting.md,minutes
1836,356,2,9,"Close the public hearing and adopt Resolution 2 of 2026, honorarily renaming the City-owned portion of 500 South between State Street and 700 East 'Dolores Huerta Boulevard.'",Ceremonial Resolution,7-0 Pass,Pass,council_vote,,approve,keyword,high,,,,17,38,1,minutes/2026/2026-05-04/2026-05-05_revised-lba-cra-and-council-formal-meeting.md,minutes
1837,356,2,10,Close the public hearing and defer action on the Camping or Obstructing Public Property and Park Rules Text Amendment ordinance to a future Council Meeting.,Public Hearing Action,7-0 Pass,Pass,council_vote,,continue,keyword,high,404,singleton,high,19,38,1,minutes/2026/2026-05-04/2026-05-05_revised-lba-cra-and-council-formal-meeting.md,minutes
1838,356,2,11,"Continue the public hearing on the Master Plan and Zoning Map Amendment at approximately 346, 350, 354, and 370 South 800 East, and 775 East 400 South to a future Council Meeting.",Public Hearing Action,7-0 Pass,Pass,council_vote,,continue,keyword,high,405,singleton,high,38,37,1,minutes/2026/2026-05-04/2026-05-05_revised-lba-cra-and-council-formal-meeting.md,minutes
1839,356,2,12,"Establish a working group of Council Members Carlsen, Dugan, and Wharton to retain an independent investigator to conduct an investigation of allegations regarding Council Member Lopez Chavez and any potential violations of the Code of Conduct, with an intention to conclude before end of July 2026.",Procedural/Administrative,6-0 Pass,Pass,council_vote,,,unclassified,low,,,,65,17,1,minutes/2026/2026-05-04/2026-05-05_revised-lba-cra-and-council-formal-meeting.md,minutes
1840,356,2,13,"Temporarily suspend Council Member Lopez Chavez's duties of conducting formal meetings, CRA leadership role, City-related travel, speaking on behalf of the Council, and use of communications budget to communicate about the investigation, while the investigation is underway.",Procedural/Administrative,5-0 Pass,Pass,council_vote,,,unclassified,low,,,,65,17,1,minutes/2026/2026-05-04/2026-05-05_revised-lba-cra-and-council-formal-meeting.md,minutes
1841,356,2,14,"Approve Resolution 9 of 2026, adopting the tentative budget of Salt Lake City, including the tentative budget of the Library Fund for Fiscal Year 2026-27.",Budget Amendment,7-0 Pass,Pass,council_vote,,approve,keyword,high,,,,19,17,1,minutes/2026/2026-05-04/2026-05-05_revised-lba-cra-and-council-formal-meeting.md,minutes
1842,356,2,15,"Approve the Consent Agenda, except for Item L-4, Board Appointment related to the Housing Authority of Salt Lake City – Turner Bitton.",Procedural/Administrative,7-0 Pass,Pass,council_vote,,procedural,keyword,high,,,,65,17,1,minutes/2026/2026-05-04/2026-05-05_revised-lba-cra-and-council-formal-meeting.md,minutes
1843,358,1,1,Close the public hearing on CRA Budget Amendment No. 3 for Fiscal Year 2025-26,Public Hearing Action,6-0 Pass,Pass,rda_vote,,procedural,keyword,medium,,,,31,35,1,minutes/2026/2026-05-11/2026-05-12_community-reinvestment-agency-cra-meeting.md,minutes
1844,359,2,1,"Enter into Closed Meeting for the purposes of discussion of the character, professional competence, or physical or mental health of an individual; strategy sessions to discuss collective bargaining; strategy sessions to discuss pending or reasonably imminent litigation; and attorney-client matters.",Procedural/Administrative,6-0 Pass,Pass,council_vote,,procedural,keyword,high,,,,17,19,1,minutes/2026/2026-05-11/2026-05-12_council-work-session-meeting.md,minutes
1845,358,1,2,"Approve the meeting minutes of January 13, 2026, February 10, 2026, and March 24, 2026",Procedural/Administrative,6-0 Pass,Pass,rda_vote,,procedural,keyword,high,,,,31,35,1,minutes/2026/2026-05-11/2026-05-12_community-reinvestment-agency-cra-meeting.md,minutes
1846,359,2,2,Exit Closed Meeting.,Procedural/Administrative,6-0 Pass,Pass,council_vote,,procedural,keyword,high,,,,19,17,1,minutes/2026/2026-05-11/2026-05-12_council-work-session-meeting.md,minutes
1847,358,1,3,"Adopt Resolution 10 of 2026, approving the Fiscal Year 2026 Budget Amendment No. 3 of the Salt Lake City Community Reinvestment Agency",Budget Amendment,6-0 Pass,Pass,rda_vote,,approve,keyword,high,406,singleton,high,29,22,1,minutes/2026/2026-05-11/2026-05-12_community-reinvestment-agency-cra-meeting.md,minutes
1848,358,1,4,"Adopt Resolution 11 of 2026, approving the Fiscal Year 2025-2026 funds to the Residential Wealth-Building Pilot Program Funding Allocations",Grant/Funding,5-0 Pass,Pass,rda_vote,,approve,keyword,high,,,,22,31,1,minutes/2026/2026-05-11/2026-05-12_community-reinvestment-agency-cra-meeting.md,minutes
1849,360,2,1,"Enter into Closed Meeting for the purpose of discussing reasonably imminent litigation, to receive advice of counsel, and attorney-client matters.",Procedural/Administrative,6-0 Pass,Pass,council_vote,,procedural,keyword,high,,,,17,19,1,minutes/2026/2026-05-18/2026-05-19_council-work-session-meeting.md,minutes
1850,361,3,1,"Close the public hearing and schedule an additional public hearing for June 2, 2026.",Public Hearing Action,6-0 Pass,Pass,mba_vote,,procedural,keyword,medium,407,singleton,high,19,37,1,minutes/2026/2026-05-18/2026-05-19_lba-cra-and-council-formal-meeting.md,minutes
1851,360,2,2,Exit the Closed Meeting.,Procedural/Administrative,6-0 Pass,Pass,council_vote,,procedural,keyword,high,,,,17,19,1,minutes/2026/2026-05-18/2026-05-19_council-work-session-meeting.md,minutes
1852,361,3,2,Approve the Consent Agenda.,Procedural/Administrative,6-0 Pass,Pass,mba_vote,,procedural,keyword,high,,,,17,19,1,minutes/2026/2026-05-18/2026-05-19_lba-cra-and-council-formal-meeting.md,minutes
1853,362,1,3,Adjourn as the Local Building Authority and reconvene as the Community Reinvestment Agency.,Procedural/Administrative,6-0 Pass,Pass,rda_vote,,procedural,keyword,high,,,,17,68,1,minutes/2026/2026-05-18/2026-05-19_lba-cra-and-council-formal-meeting.md,minutes
1854,362,1,4,"Close the public hearing and schedule an additional public hearing for June 2, 2026.",Public Hearing Action,6-0 Pass,Pass,rda_vote,,procedural,keyword,medium,408,singleton,high,37,19,1,minutes/2026/2026-05-18/2026-05-19_lba-cra-and-council-formal-meeting.md,minutes
1855,362,1,5,Approve the Consent Agenda.,Procedural/Administrative,6-0 Pass,Pass,rda_vote,,procedural,keyword,high,,,,17,19,1,minutes/2026/2026-05-18/2026-05-19_lba-cra-and-council-formal-meeting.md,minutes
1856,363,2,6,Adjourn as the CRA and reconvene as the Salt Lake City Council.,Procedural/Administrative,6-0 Pass,Pass,council_vote,,procedural,keyword,high,,,,17,68,1,minutes/2026/2026-05-18/2026-05-19_lba-cra-and-council-formal-meeting.md,minutes
1857,363,2,7,Adopt the Joint Ceremonial Resolution 5 of 2026 with Mayor Mendenhall celebrating June 2026 as Pride Month.,Ceremonial Resolution,6-0 Pass,Pass,council_vote,,procedural,keyword,high,,,,19,65,1,minutes/2026/2026-05-18/2026-05-19_lba-cra-and-council-formal-meeting.md,minutes
1858,363,2,8,Close the public hearing.,Public Hearing Action,6-0 Pass,Pass,council_vote,,procedural,keyword,medium,,,,19,65,1,minutes/2026/2026-05-18/2026-05-19_lba-cra-and-council-formal-meeting.md,minutes
1859,363,2,9,"Close the public hearing and adopt Ordinance 19 of 2026, Indefinite Closure of 7200 West Between Interstate 80 and California Ave.",Ordinance,6-0 Pass,Pass,council_vote,,approve,keyword,high,,,,19,68,1,minutes/2026/2026-05-18/2026-05-19_lba-cra-and-council-formal-meeting.md,minutes
1860,363,2,10,"Close the public hearing and adopt Ordinance 20 of 2026, Indefinite Closure of 200 South Between Montgomery Street and Approximately 1640 West.",Ordinance,6-0 Pass,Pass,council_vote,,approve,keyword,high,,,,19,37,1,minutes/2026/2026-05-18/2026-05-19_lba-cra-and-council-formal-meeting.md,minutes
1861,363,2,11,"Close the public hearing and adopt Ordinance 21 of 2026, Lost and Mislaid Property at Airports Text Amendment.",Ordinance,6-0 Pass,Pass,council_vote,,approve,keyword,high,409,singleton,high,65,68,1,minutes/2026/2026-05-18/2026-05-19_lba-cra-and-council-formal-meeting.md,minutes
1862,363,2,12,"Close the public hearing and schedule an additional public hearing for June 2, 2026.",Public Hearing Action,6-0 Pass,Pass,council_vote,,procedural,keyword,medium,,,,19,37,1,minutes/2026/2026-05-18/2026-05-19_lba-cra-and-council-formal-meeting.md,minutes
1863,363,2,13,"Close the public hearing for Items I-6 to I-21; an additional public hearing would be scheduled for June 2, 2026.",Public Hearing Action,6-0 Pass,Pass,council_vote,,procedural,keyword,medium,,,,19,37,1,minutes/2026/2026-05-18/2026-05-19_lba-cra-and-council-formal-meeting.md,minutes
1864,363,2,14,"Adopt Ordinance 22 of 2026, Fortune Road Partial Street Vacation.",Ordinance,6-0 Pass,Pass,council_vote,,approve,keyword,high,410,singleton,high,19,68,1,minutes/2026/2026-05-18/2026-05-19_lba-cra-and-council-formal-meeting.md,minutes
1865,363,2,15,"Adopt Ordinance 23 of 2026, Mansel Manor Zoning Map Amendment.",Ordinance,6-0 Pass,Pass,council_vote,,approve,keyword,high,411,singleton,high,19,17,1,minutes/2026/2026-05-18/2026-05-19_lba-cra-and-council-formal-meeting.md,minutes
1866,363,2,16,"Adopt Ordinance 24 of 2026, Zoning Map Amendment at Approximately 2260, 2270, and 2290 East 1300 South.",Ordinance,6-0 Pass,Pass,council_vote,,approve,keyword,high,412,singleton,high,19,68,1,minutes/2026/2026-05-18/2026-05-19_lba-cra-and-council-formal-meeting.md,minutes
1867,363,2,17,"Update the purpose of the working group established earlier in May to focus on reviewing the existing code of conduct policy, identifying opportunities for improvement, and working with the City Attorney's Office to consider options and prepare amendments. While the original intent to investigate was in response to serious allegations, using Council resources to retain an independent investigator was no longer an appropriate role for the Council.",Other,6-0 Pass,Pass,council_vote,,,unclassified,low,,,,37,65,1,minutes/2026/2026-05-18/2026-05-19_lba-cra-and-council-formal-meeting.md,minutes
1868,363,2,18,"Approve the Consent Agenda, removing Item 6 and Item 7.",Procedural/Administrative,6-0 Pass,Pass,council_vote,,procedural,keyword,high,,,,17,19,1,minutes/2026/2026-05-18/2026-05-19_lba-cra-and-council-formal-meeting.md,minutes
1869,364,2,1,Enter into Closed Meeting for the purposes of strategy session to discuss collective bargaining and for advice of counsel.,Procedural/Administrative,6-0 Pass,Pass,council_vote,,procedural,keyword,high,,,,17,19,1,minutes/2026/2026-05-18/2026-05-21_council-work-session-meeting.md,minutes
1870,364,2,2,Exit the closed meeting.,Procedural/Administrative,6-0 Pass,Pass,council_vote,,procedural,keyword,high,,,,19,17,1,minutes/2026/2026-05-18/2026-05-21_council-work-session-meeting.md,minutes
1871,365,2,1,"Enter into Closed Meeting for the purposes of strategy sessions to discuss the purchase, exchange, or lease of real property, for attorney-client matters, and to receive update on labor negotiations.",Procedural/Administrative,5-0 Pass,Pass,council_vote,,procedural,keyword,high,,,,17,19,1,minutes/2026/2026-05-25/2026-05-28_council-work-session-meeting.md,minutes
1872,365,2,2,Exit the Closed Meeting.,Procedural/Administrative,5-0 Pass,Pass,council_vote,,procedural,keyword,high,,,,19,17,1,minutes/2026/2026-05-25/2026-05-28_council-work-session-meeting.md,minutes
1873,366,2,1,Enter into Closed Meeting for the purposes of strategy sessions to discuss collective bargaining; and for attorney-client matters.,Procedural/Administrative,6-0 Pass,Pass,council_vote,,procedural,keyword,high,,,,17,19,1,minutes/2026/2026-06-01/2026-06-02_council-work-session-meeting.md,minutes
1874,367,3,1,Close the public hearing and refer the item to a future date for action.,Public Hearing Action,6-0 Pass,Pass,mba_vote,,procedural,keyword,medium,413,singleton,high,19,65,1,minutes/2026/2026-06-01/2026-06-02_lba-cra-and-council-formal-meeting.md,minutes
1875,366,2,2,Exit the Closed Meeting.,Procedural/Administrative,6-0 Pass,Pass,council_vote,,procedural,keyword,high,,,,19,68,1,minutes/2026/2026-06-01/2026-06-02_council-work-session-meeting.md,minutes
1876,368,1,2,Adjourn the Local Building Authority meeting and reconvene as the Community Reinvestment Agency.,Procedural/Administrative,6-0 Pass,Pass,rda_vote,,procedural,keyword,high,,,,17,37,1,minutes/2026/2026-06-01/2026-06-02_lba-cra-and-council-formal-meeting.md,minutes
1877,368,1,3,Close the public hearing and refer the item to a future date for action.,Public Hearing Action,6-0 Pass,Pass,rda_vote,,procedural,keyword,medium,414,singleton,high,19,17,1,minutes/2026/2026-06-01/2026-06-02_lba-cra-and-council-formal-meeting.md,minutes
1878,369,2,4,Adjourn the Community Reinvestment Agency meeting and reconvene as the Salt Lake City Council.,Procedural/Administrative,6-0 Pass,Pass,council_vote,,procedural,keyword,high,,,,17,37,1,minutes/2026/2026-06-01/2026-06-02_lba-cra-and-council-formal-meeting.md,minutes
1879,369,2,5,"Approve the meeting minutes of March 10, 2026.",Procedural/Administrative,6-0 Pass,Pass,council_vote,,procedural,keyword,high,,,,17,19,1,minutes/2026/2026-06-01/2026-06-02_lba-cra-and-council-formal-meeting.md,minutes
1880,369,2,6,Close the Public Hearing and refer items G-1 through G-3 to a future Consent Agenda for action.,Public Hearing Action,6-0 Pass,Pass,council_vote,,procedural,keyword,high,,,,19,68,1,minutes/2026/2026-06-01/2026-06-02_lba-cra-and-council-formal-meeting.md,minutes
1881,369,2,7,"Close the public hearing and adopt Ordinance 25 of 2026, approving Item A-2: Inland Port Related Police Expenses and Revenues, and defer action on the remaining items.",Ordinance,6-0 Pass,Pass,council_vote,,continue,keyword,high,,,,19,68,1,minutes/2026/2026-06-01/2026-06-02_lba-cra-and-council-formal-meeting.md,minutes
1882,369,2,8,Close the public hearing and refer the item to a future date for action.,Public Hearing Action,6-0 Pass,Pass,council_vote,,procedural,keyword,medium,,,,19,68,1,minutes/2026/2026-06-01/2026-06-02_lba-cra-and-council-formal-meeting.md,minutes
1883,369,2,9,Close the public hearing and refer Items G-6 through G-22 to a future date for action.,Public Hearing Action,6-0 Pass,Pass,council_vote,,procedural,keyword,medium,,,,65,17,1,minutes/2026/2026-06-01/2026-06-02_lba-cra-and-council-formal-meeting.md,minutes
1884,369,2,10,"Adopt Resolution 10 of 2026, approving a fair and transparent method for eliminating District Four vacancy applicants.",Resolution,6-0 Pass,Pass,council_vote,,approve,keyword,high,,,,19,37,1,minutes/2026/2026-06-01/2026-06-02_lba-cra-and-council-formal-meeting.md,minutes
1885,369,2,11,Approve the Consent Agenda.,Procedural/Administrative,6-0 Pass,Pass,council_vote,,procedural,keyword,high,,,,17,68,1,minutes/2026/2026-06-01/2026-06-02_lba-cra-and-council-formal-meeting.md,minutes
1886,370,2,1,"Adopt Joint Ceremonial Resolution 6 of 2026, recognizing June 19, 2026 as Juneteenth Freedom Day in Salt Lake City.",Ceremonial Resolution,7-0 Pass,Pass,council_vote,,procedural,keyword,high,,,,19,37,1,minutes/2026/2026-06-08/2026-06-09_council-formal-meeting.md,minutes
1887,371,2,1,Enter into Closed Meeting for the specific purpose of strategy sessions to discuss pending or reasonably imminent litigation and for attorney-client matters that are priviledged pursuant to Utah Code 78B-1-137.,Procedural/Administrative,6-0 Pass,Pass,council_vote,,procedural,keyword,high,,,,17,19,1,minutes/2026/2026-06-08/2026-06-09_council-work-session-meeting.md,minutes
1888,372,2,1,"Adopt Resolution 11 of 2026, appointing Jennifer Napier-Pierce as a Member of the Salt Lake City Council, to fill the remaining term ending January 3, 2028 of the vacated District Four seat.",Appointment/Advice & Consent,6-0 Pass,Pass,council_vote,,approve,keyword,high,,,,17,19,1,minutes/2026/2026-06-08/2026-06-09_limited-council-formal-meeting.md,minutes
1889,370,2,2,Continue the public hearing on the Ordinance for Indefinite Alleyway Closure in Jefferson Park.,Public Hearing Action,6-0 Pass,Pass,council_vote,,continue,keyword,high,,,,68,37,1,minutes/2026/2026-06-08/2026-06-09_council-formal-meeting.md,minutes
1890,371,2,2,Exit the Closed Meeting.,Procedural/Administrative,6-0 Pass,Pass,council_vote,,procedural,keyword,high,,,,19,37,1,minutes/2026/2026-06-08/2026-06-09_council-work-session-meeting.md,minutes
1891,370,2,3,"Adopt Ordinance 26 of 2026, approving the remaining items and closing Budget Amendment No. 5 for Fiscal Year 2025-26.",Budget Amendment,6-0 Pass,Pass,council_vote,,approve,keyword,high,,,,68,19,1,minutes/2026/2026-06-08/2026-06-09_council-formal-meeting.md,minutes
1892,370,2,4,Approve the appointment of Kate Fairchild and David Quealy as Salt Lake City's Judicial Nominating Commission Members.,Appointment/Advice & Consent,6-0 Pass,Pass,council_vote,,approve,keyword,high,,,,68,65,1,minutes/2026/2026-06-08/2026-06-09_council-formal-meeting.md,minutes
1893,370,2,5,"Adopt Resolution 12 of 2026, to designate an assessment area for economic promotion activities in Sugar House over a three-year period (Sugar House Business District 2027 Special Assessment Area).",Resolution,6-0 Pass,Pass,council_vote,,approve,keyword,high,,,,65,19,1,minutes/2026/2026-06-08/2026-06-09_council-formal-meeting.md,minutes
1894,370,2,6,"Approve the Consent Agenda (setting public hearing dates for Alley Vacation at 567 East Warnock Avenue, Mobile Business Text Amendment, and Capital Improvement Program resolution).",Procedural/Administrative,6-0 Pass,Pass,council_vote,,procedural,keyword,high,415,singleton,high,17,19,1,minutes/2026/2026-06-08/2026-06-09_council-formal-meeting.md,minutes
1895,373,3,1,"Approve LBA Resolution 2 of 2026, adopting the Final Budget for Fiscal Year 2026-27 of the Capital Projects Fund of the Local Building Authority.",Budget Amendment,7-0 Pass,Pass,mba_vote,,approve,keyword,high,,,,65,68,1,minutes/2026/2026-06-15/2026-06-16_lba-cra-and-council-formal-meeting.md,minutes
1896,374,1,2,Adjourn as the Local Building Authority and reconvene as the Community Reinvestment Agency.,Procedural/Administrative,7-0 Pass,Pass,rda_vote,,procedural,keyword,high,,,,17,37,1,minutes/2026/2026-06-15/2026-06-16_lba-cra-and-council-formal-meeting.md,minutes
1897,374,1,3,"Adopt CRA Resolution 12 of 2026, approving the Fiscal Year 2026-27 CRA Budget reflected in the attached Key Changes spreadsheet.",Budget Amendment,7-0 Pass,Pass,rda_vote,,approve,keyword,high,,,,19,65,1,minutes/2026/2026-06-15/2026-06-16_lba-cra-and-council-formal-meeting.md,minutes
1898,375,2,4,Adjourn as the Community Reinvestment Agency and reconvene as the Salt Lake City Council.,Procedural/Administrative,7-0 Pass,Pass,council_vote,,procedural,keyword,high,,,,17,19,1,minutes/2026/2026-06-15/2026-06-16_lba-cra-and-council-formal-meeting.md,minutes
1899,375,2,5,"Adopt Joint Ceremonial Resolution 7 of 2026, celebrating June 2026 as Immigration Heritage Month in Salt Lake City.",Ceremonial Resolution,7-0 Pass,Pass,council_vote,,procedural,keyword,high,,,,19,37,1,minutes/2026/2026-06-15/2026-06-16_lba-cra-and-council-formal-meeting.md,minutes
1900,375,2,6,"Adopt Joint Ceremonial Resolution 8 of 2026, supporting America250 Utah and recognizing the Salt Lake City Utah250 Community Committee.",Ceremonial Resolution,7-0 Pass,Pass,council_vote,,procedural,keyword,high,,,,19,17,1,minutes/2026/2026-06-15/2026-06-16_lba-cra-and-council-formal-meeting.md,minutes
1901,375,2,7,Close the Public Hearing and refer items G-1 through G-4 to a future Consent Agenda for action.,Public Hearing Action,7-0 Pass,Pass,council_vote,,procedural,keyword,high,,,,19,68,1,minutes/2026/2026-06-15/2026-06-16_lba-cra-and-council-formal-meeting.md,minutes
1902,375,2,8,"Adopt Ordinance 27 of 2026, approving Salt Lake City's Fiscal Year 2026-27 budget as outlined in the attached key changes spreadsheets and staffing document and proposed property tax adjustment, excluding the schedule for capital projects and debt, including the contingent appropriations as listed on the motion sheet under Motion #1, item A.",Budget Amendment,7-0 Pass,Pass,council_vote,,approve,keyword,high,,,,65,19,1,minutes/2026/2026-06-15/2026-06-16_lba-cra-and-council-formal-meeting.md,minutes
1903,375,2,9,"Adopt Ordinance 28 of 2026, adopting an ordinance setting the final rate of tax levy, including the final levy for the Library Fund, upon all real and personal property within Salt Lake City, made taxable by law for Fiscal Year 2026-27 as listed on the motion sheet, and authorize the Council Chair to sign the necessary documentation for the State Tax Commission.",Ordinance,7-0 Pass,Pass,council_vote,,approve,keyword,high,,,,19,65,1,minutes/2026/2026-06-15/2026-06-16_lba-cra-and-council-formal-meeting.md,minutes
1904,375,2,10,"Adopt the Property Tax Impact schedule dated June 16, 2026, showing a tax rate adjustment exceeding the certified tax rate, and reserve revenue funds received through the proposed increase tax rate in a restricted fund until the final budget adoption prior to September 1, 2026.",Budget Amendment,7-0 Pass,Pass,council_vote,,approve,keyword,high,,,,17,68,1,minutes/2026/2026-06-15/2026-06-16_lba-cra-and-council-formal-meeting.md,minutes
1905,375,2,11,"Adopt Ordinance 29 of 2026, approving an ordinance amending the Salt Lake City Consolidated Fee Schedule for Fiscal Year 2026-27 including a 2.6% increase to all fees paid into the General Fund.",Ordinance,7-0 Pass,Pass,council_vote,,approve,keyword,high,,,,37,68,1,minutes/2026/2026-06-15/2026-06-16_lba-cra-and-council-formal-meeting.md,minutes
1906,375,2,12,"Adopt Ordinance 30 of 2026, approving an ordinance approving the Compensation Adjustment for Elected and Statutory Officers and Executive Municipal Officers.",Ordinance,7-0 Pass,Pass,council_vote,,approve,keyword,high,,,,37,68,1,minutes/2026/2026-06-15/2026-06-16_lba-cra-and-council-formal-meeting.md,minutes
1907,375,2,13,Adopt Ordinance 31 of 2026 approving an ordinance approving the Compensation Plan for all non-represented employees of Salt Lake City Corporation for Fiscal Year 2026-27.,Ordinance,7-0 Pass,Pass,council_vote,,approve,keyword,high,,,,37,68,1,minutes/2026/2026-06-15/2026-06-16_lba-cra-and-council-formal-meeting.md,minutes
1908,375,2,14,"Adopt Ordinance 32 of 2026, an ordinance approving an MOU and appropriating necessary funds to implement, for Fiscal Year 2026-27, provisions of the MOU between the Salt Lake City Corporation and the American Federation of State, County, and Municipal Employees Local 1004, representing eligible employees.",Ordinance,7-0 Pass,Pass,council_vote,,approve,keyword,high,,,,37,68,1,minutes/2026/2026-06-15/2026-06-16_lba-cra-and-council-formal-meeting.md,minutes
1909,375,2,15,"Adopt Ordinance 33 of 2026, approving an ordinance appropriating necessary funds to implement provisions of the MOU between Salt Lake City and the International Association of Firefighters for Fiscal Year 2026-27.",Ordinance,7-0 Pass,Pass,council_vote,,approve,keyword,high,,,,37,68,1,minutes/2026/2026-06-15/2026-06-16_lba-cra-and-council-formal-meeting.md,minutes
1910,375,2,16,Adopt Ordinance 34 of 2026 approving an ordinance appropriating necessary funds to implement the provisions of the Memorandum of Understanding (MOU) between Salt Lake City and the Salt Lake Police Association for Fiscal Year 2026-27.,Ordinance,7-0 Pass,Pass,council_vote,,approve,keyword,high,,,,37,68,1,minutes/2026/2026-06-15/2026-06-16_lba-cra-and-council-formal-meeting.md,minutes
1911,375,2,17,"Adopt $48,079,733 to be transferred into CIP, including approving $13,355,765 in funding as shown on the motion sheet. Later this year, the Council will consider CIP project-specific allocations.",Budget Amendment,7-0 Pass,Pass,council_vote,,approve,keyword,high,,,,43,37,1,minutes/2026/2026-06-15/2026-06-16_lba-cra-and-council-formal-meeting.md,minutes
1912,375,2,18,"Adopt Ordinance 35 of 2026, approving an ordinance that would amend sections of Chapter 12.56 of the Salt Lake City Code related to unauthorized use of streets.",Ordinance,7-0 Pass,Pass,council_vote,,approve,keyword,high,,,,37,68,1,minutes/2026/2026-06-15/2026-06-16_lba-cra-and-council-formal-meeting.md,minutes
1913,375,2,19,"Adopt Ordinance 36 of 2026, approving an ordinance that would amend Section 5.4.200 of the Salt Lake City Code related to the imposition of a license tax on qualifying parking service businesses.",Ordinance,7-0 Pass,Pass,council_vote,,approve,keyword,high,,,,37,68,1,minutes/2026/2026-06-15/2026-06-16_lba-cra-and-council-formal-meeting.md,minutes
1914,375,2,20,"Adopt Ordinance 37 of 2026, approving an ordinance amending Section 12.56.205 and Subsection 12.56.550.B of the Salt Lake City Code to repeal the SLC Green Vehicle program.",Ordinance,7-0 Pass,Pass,council_vote,,approve,keyword,high,416,singleton,high,37,68,1,minutes/2026/2026-06-15/2026-06-16_lba-cra-and-council-formal-meeting.md,minutes
1915,375,2,21,"Adopt Ordinance 38 of 2026, approving an ordinance amending the text of Title 5 pertaining to short-term rental business licenses, and request that the Administration also add a specific list of fire and safety equipment, such as CO and smoke detectors, that should be required in the City Checklist that will be included in the applicant's self-certification.",Ordinance,7-0 Pass,Pass,council_vote,,approve,keyword,high,,,,37,68,1,minutes/2026/2026-06-15/2026-06-16_lba-cra-and-council-formal-meeting.md,minutes
1916,375,2,22,"Adopt Ordinance 39 of 2026, approving an ordinance enacting Section 2.07.170 related to board member compensation and amending various code sections related to board member compensation.",Ordinance,7-0 Pass,Pass,council_vote,,approve,keyword,high,,,,37,68,1,minutes/2026/2026-06-15/2026-06-16_lba-cra-and-council-formal-meeting.md,minutes
1917,375,2,23,"Adopt Resolution 13 of 2026, approving a resolution authorizing Addendum No. 10 to Interlocal Agreement with the Utah Transit Authority (UTA) for Transit Master Plan Frequent Bus Service Routes Implementation.",Interlocal/Agreement,7-0 Pass,Pass,council_vote,,approve,keyword,high,97,name,medium,37,68,1,minutes/2026/2026-06-15/2026-06-16_lba-cra-and-council-formal-meeting.md,minutes
1918,375,2,24,"Adopt Ordinance 40 of 2026, approving an ordinance that would amend various sections of Title 17 of the Salt Lake City Code related to Salt Lake City Public Utilities and the Consolidated Fee Schedule.",Ordinance,7-0 Pass,Pass,council_vote,,approve,keyword,high,,,,37,68,1,minutes/2026/2026-06-15/2026-06-16_lba-cra-and-council-formal-meeting.md,minutes
1919,375,2,25,"Adopt the Legislative Intent Statements as outlined on the motion sheet under Motion 5, items 1 through 11.",Legislative Intent,7-0 Pass,Pass,council_vote,,approve,keyword,high,,,,68,65,1,minutes/2026/2026-06-15/2026-06-16_lba-cra-and-council-formal-meeting.md,minutes
1920,375,2,26,Approve the Consent Agenda.,Procedural/Administrative,7-0 Pass,Pass,council_vote,,procedural,keyword,high,,,,17,68,1,minutes/2026/2026-06-15/2026-06-16_lba-cra-and-council-formal-meeting.md,minutes
1921,376,4,1,"approve the minutes from December 11, 2019",Minutes,7:0 Pass,Pass,pc_final_action,Positive,procedural,keyword,high,,,,52,13,1,planning_commission/minutes/2020/2020-01-06/2020-01-08_planning-commission-meeting.md,minutes
1922,376,4,3,"recommend that the City Council approve the proposed zoning map amendment, as presented in petition PLNPCM2019-00795, with the conditions listed in the staff report",Zoning Map Amendment,Positive recommendation 8:0,Pass,pc_recommendation,Positive,approve,keyword,high,417,singleton,high,16,52,1,planning_commission/minutes/2020/2020-01-06/2020-01-08_planning-commission-meeting.md,minutes
1923,376,4,4,"approve the proposed planned development, as presented in petition PLNSUB2019-00934, with the conditions listed in the staff report",Planned Development,7:1 Approved (Final Action),Pass,pc_final_action,Positive,approve,keyword,high,418,singleton,high,52,,1,planning_commission/minutes/2020/2020-01-06/2020-01-08_planning-commission-meeting.md,minutes
1924,376,4,6,(motion text not captured),Other,6:2 Pass,Pass,pc_final_action,,,uncaptured,low,,,,,,1,planning_commission/minutes/2020/2020-01-06/2020-01-08_planning-commission-meeting.md,minutes
1925,376,4,7,"recommends approval of the Ordinance Amendment petition for PLNPCM2017-00753 off-street parking, mobility, and loading with the condition listed in the staff report",Other,8:0 Pass,Pass,pc_recommendation,Positive,approve,keyword,high,,,,51,13,1,planning_commission/minutes/2020/2020-01-06/2020-01-08_planning-commission-meeting.md,minutes
1926,377,4,1,"approve the January 8, 2020, meeting minutes",Minutes,5:0 Pass,Pass,pc_final_action,Positive,procedural,keyword,high,,,,52,13,1,planning_commission/minutes/2020/2020-01-20/2020-01-22_planning-commission-meeting.md,minutes
1927,377,4,2,approve the Planned Development and Preliminary Subdivision requests PLNSUB2019-00904 and PLNSUB2019-00987 as proposed subject to complying with all applicable conditions and regulations,Planned Development,6:0 Approved (Final Action),Pass,pc_final_action,Positive,approve,keyword,high,419,singleton,high,64,44,1,planning_commission/minutes/2020/2020-01-20/2020-01-22_planning-commission-meeting.md,minutes
1928,377,4,3,approve the Design Review request for additional height PLNSUB2019-00926 for the project located at approximately 255 S State Street,Design Review,5:1 Approved (Final Action),Pass,pc_final_action,Positive,approve,keyword,high,420,singleton,high,51,52,1,planning_commission/minutes/2020/2020-01-20/2020-01-22_planning-commission-meeting.md,minutes
1929,377,4,4,forward a positive recommendation to the City Council for,Street/Alley Closure,Positive recommendation 6:0,Pass,pc_recommendation,Positive,approve,keyword,high,421,singleton,high,4,51,1,planning_commission/minutes/2020/2020-01-20/2020-01-22_planning-commission-meeting.md,minutes
1930,377,4,5,"approve PLNPCM2019-00953, PLNSUB2019-00954/00955, Axioms Townhomes Design Review, Planned Development and Preliminary Subdivision with the conditions listed in the staff report",Planned Development,6:0 Approved (Final Action),Pass,pc_final_action,Positive,approve,keyword,high,422,singleton,high,52,51,1,planning_commission/minutes/2020/2020-01-20/2020-01-22_planning-commission-meeting.md,minutes
1931,378,4,1,"approve the January 22, 2020, meeting minutes",Minutes,7:0 Pass,Pass,pc_final_action,Positive,procedural,keyword,high,,,,52,13,1,planning_commission/minutes/2020/2020-02-10/2020-02-12_planning-commission-meeting.md,minutes
1932,378,4,2,grant the one-year time extension,Planned Development,8:0 Approved (Final Action),Pass,pc_final_action,,approve,keyword,high,423,singleton,high,64,,1,planning_commission/minutes/2020/2020-02-10/2020-02-12_planning-commission-meeting.md,minutes
1933,378,4,3,"recommend that the City Council deny the proposed Zoning and Master Plan Amendment, PLNPCM2019-00683 and PLNPCM2019-00684, for the properties located at 159 S",Master Plan Amendment,Negative recommendation 8:0,Pass,pc_recommendation,Negative,deny,keyword,high,424,singleton,high,51,64,1,planning_commission/minutes/2020/2020-02-10/2020-02-12_planning-commission-meeting.md,minutes
1934,378,4,4,approve the Design Review request for additional height (PLNPCM2019-00640) for the project located at approximately 355 South 200 West,Design Review,8:0 Approved (Final Action),Pass,pc_final_action,Positive,approve,keyword,high,425,singleton,high,13,52,1,planning_commission/minutes/2020/2020-02-10/2020-02-12_planning-commission-meeting.md,minutes
1935,378,4,5,forward a positive recommendation to City Council for the request to vacate this section of 800 North right-of-way from I-15 to Warm Springs Road subject to the following condition:,Other,Positive recommendation 8:0,Pass,pc_recommendation,Positive,approve,keyword,high,,,,13,44,1,planning_commission/minutes/2020/2020-02-10/2020-02-12_planning-commission-meeting.md,minutes
1936,378,4,6,approve the request for Conditional Use for an accessory dwelling unit (ADU) at 1083 S,Conditional Use,8:0 Approved (Final Action),Pass,pc_final_action,Positive,approve,keyword,high,426,singleton,high,64,16,1,planning_commission/minutes/2020/2020-02-10/2020-02-12_planning-commission-meeting.md,minutes
1937,378,4,7,approve the requested Conditional Use application PLNPCM2019-01012 - Conditional Use for the Sacred Circle Medical Recovery Facility subject to the conditions listed in the staff report,Conditional Use,8:0 Approved (Final Action),Pass,pc_final_action,Positive,approve,keyword,high,427,singleton,high,51,44,1,planning_commission/minutes/2020/2020-02-10/2020-02-12_planning-commission-meeting.md,minutes
1938,378,4,8,"recommend that the City Council approve the proposed zoning map amendment file PLNPCM2019-00923 & PLNPCM2019- 00986 for the properties located at 1616 West 700 North, 1632 West 700 North, 1640 West 700 North, and 1612 West 700 North respectively",Zoning Map Amendment,Positive recommendation 8:0,Pass,pc_recommendation,Positive,approve,keyword,high,428,singleton,high,4,44,1,planning_commission/minutes/2020/2020-02-10/2020-02-12_planning-commission-meeting.md,minutes
1939,379,4,1,"approve the February 12, 2020, meeting minutes",Minutes,6:0 Pass,Pass,pc_final_action,Positive,procedural,keyword,high,,,,64,44,1,planning_commission/minutes/2020/2020-02-24/2020-02-26_planning-commission-meeting.md,minutes
1940,379,4,2,approve petition PLNPCM2020-00012 with the following conditions:,Other,6:0 Pass,Pass,pc_final_action,Positive,approve,keyword,high,,,,13,64,1,planning_commission/minutes/2020/2020-02-24/2020-02-26_planning-commission-meeting.md,minutes
1941,379,4,3,"a location that is compliant with the parking ordinance, 2",Conditional Use,6:0 Approved (Final Action),Pass,pc_final_action,,,unclassified,low,429,singleton,high,51,13,1,planning_commission/minutes/2020/2020-02-24/2020-02-26_planning-commission-meeting.md,minutes
1942,379,4,4,"approve the Conditional Use request (PLNPCM2019-00995) as proposed, subject to complying with the conditions listed in the staff report",Conditional Use,6:0 Approved (Final Action),Pass,pc_final_action,Positive,approve,keyword,high,430,singleton,high,16,44,1,planning_commission/minutes/2020/2020-02-24/2020-02-26_planning-commission-meeting.md,minutes
1943,379,4,5,"approve petition PLNSUB2019-00997, regarding the Huddart Lofts Planned Development",Planned Development,6:0 Approved (Final Action),Pass,pc_final_action,Positive,approve,keyword,high,431,singleton,high,4,44,1,planning_commission/minutes/2020/2020-02-24/2020-02-26_planning-commission-meeting.md,minutes
1944,379,4,6,"recommend that the City Council approve the proposed zoning map amendment, as presented in petition PLNPCM2019-00726",Zoning Map Amendment,Positive recommendation 6:0,Pass,pc_recommendation,Positive,approve,keyword,high,432,singleton,high,51,64,1,planning_commission/minutes/2020/2020-02-24/2020-02-26_planning-commission-meeting.md,minutes
1945,379,4,7,recommend that the City Council approve the proposed amendments to Chapter 18,Other,Positive recommendation 6:0,Pass,pc_recommendation,Positive,approve,keyword,high,,,,13,44,1,planning_commission/minutes/2020/2020-02-24/2020-02-26_planning-commission-meeting.md,minutes
1946,379,4,8,accept the recommendations to change the policies and procedures to allow for a consent agenda,Consent Agenda,6:0 Pass,Pass,pc_recommendation,Positive,procedural,keyword,high,,,,13,64,1,planning_commission/minutes/2020/2020-02-24/2020-02-26_planning-commission-meeting.md,minutes
1947,380,4,1,"approve the February 26, 2020, meeting minutes",Minutes,6:0 Pass,Pass,pc_final_action,Positive,procedural,keyword,high,,,,52,64,1,planning_commission/minutes/2020/2020-03-09/2020-03-11_planning-commission-meeting.md,minutes
1948,380,4,2,approve petition PLNPCM2020- 00012 with the following conditions:,Other,8:0 Pass,Pass,pc_final_action,Positive,approve,keyword,high,,,,64,52,1,planning_commission/minutes/2020/2020-03-09/2020-03-11_planning-commission-meeting.md,minutes
1949,380,4,3,"recommend that the City Council approve the proposed Zoning Map Amendment, file PLNPCM2019-01011 for the properties located at 771 & 795 N 400 W respectively, proposed zone change from the M-1 (Light Industrial) zoning district to the MU (Mixed Use) zoning district and corresponding master plan amen",Master Plan Amendment,Positive recommendation 8:0,Pass,pc_recommendation,Positive,approve,keyword,high,433,singleton,high,51,13,1,planning_commission/minutes/2020/2020-03-09/2020-03-11_planning-commission-meeting.md,minutes
1950,380,4,4,forward a positive recommendation to the City Council for the street closure and subdivision amendment proposed in PLNPCM2019-00567 & PLNSUB2019-00755 with the condition listed in the staff report,Street/Alley Closure,Positive recommendation 7:1,Pass,pc_recommendation,Positive,approve,keyword,high,434,singleton,high,52,44,1,planning_commission/minutes/2020/2020-03-09/2020-03-11_planning-commission-meeting.md,minutes
1951,380,4,5,"approve the proposed Design Review application for additional building height, file PLNPCM2020-00009 for the Gillmor Hall building addition at Westminster College located at approximately 1230 E 1700 S subject to the conditions listed in the staff report",Design Review,7:0 Approved (Final Action),Pass,pc_final_action,Positive,approve,keyword,high,435,singleton,high,4,13,1,planning_commission/minutes/2020/2020-03-09/2020-03-11_planning-commission-meeting.md,minutes
1952,381,4,1,"approve the March 11, 2020, meeting minutes",Minutes,6:0 Pass,Pass,pc_final_action,Positive,procedural,keyword,high,,,,13,64,1,planning_commission/minutes/2020/2020-04-06/2020-04-08_planning-commission-meeting.md,minutes
1953,381,4,2,approve petition PLNPCM2020- 00078 with the following conditions:,Conditional Use,7:0 Approved (Final Action),Pass,pc_final_action,Positive,approve,keyword,high,436,singleton,high,4,13,1,planning_commission/minutes/2020/2020-04-06/2020-04-08_planning-commission-meeting.md,minutes
1954,381,4,3,approve The Ellie Planned Development PLNSUB2019-00963 and Preliminary Subdivision Plat PLNSUB2020-00169 with the following conditions:,Planned Development,6:1 Approved (Final Action),Pass,pc_final_action,Positive,approve,keyword,high,437,singleton,high,64,13,1,planning_commission/minutes/2020/2020-04-06/2020-04-08_planning-commission-meeting.md,minutes
1955,381,4,4,"approve petition PLNPCM2019-01106, regarding the Salt Lake Crossing Design Review",Design Review,5:0 Approved (Final Action),Pass,pc_final_action,Positive,approve,keyword,high,438,singleton,high,52,4,1,planning_commission/minutes/2020/2020-04-06/2020-04-08_planning-commission-meeting.md,minutes
1956,381,4,5,"recommend that the City Council approve the proposed Zoning Map Amendment from M-1 (Light Manufacturing) to R-MU (Residential Mixed Use), file PLNPCM2019-01137, for ten parcels and a portion of a city owned alley located at approximately 706-740 W 900 South with the conditions listed in the staff re",Zoning Map Amendment,Positive recommendation 6:1,Pass,pc_recommendation,Positive,approve,keyword,high,439,singleton,high,64,44,1,planning_commission/minutes/2020/2020-04-06/2020-04-08_planning-commission-meeting.md,minutes
1957,381,4,6,"forward a positive recommendation to the City Council for the proposed Zoning Map Amendment, file PLNPCM2019- 01086, proposed zone change from R-1/5,000 (Single-family Residential District) to RMF-35 (Moderate Density Multi-family Residential) and file PLNPCM2019-01087 proposed master plan amendment",Master Plan Amendment,Positive recommendation 7:0,Pass,pc_recommendation,Positive,approve,keyword,high,440,singleton,high,13,4,1,planning_commission/minutes/2020/2020-04-06/2020-04-08_planning-commission-meeting.md,minutes
1958,382,4,1,"approve the April 22, 2020, meeting minutes",Minutes,8:0 Pass,Pass,pc_final_action,Positive,procedural,keyword,high,,,,13,64,1,planning_commission/minutes/2020/2020-04-20/2020-04-22_planning-commission-meeting.md,minutes
1959,382,4,2,approve a 1-year time extension for the Conditional Use,Conditional Use,7:0 Approved (Final Action),Pass,pc_final_action,Positive,approve,keyword,high,441,singleton,high,64,51,1,planning_commission/minutes/2020/2020-04-20/2020-04-22_planning-commission-meeting.md,minutes
1960,382,4,3,approve petition PLNPCM2020- 00097 with the following conditions listed in the staff report,Other,8:0 Pass,Pass,pc_final_action,Positive,approve,keyword,high,,,,51,52,1,planning_commission/minutes/2020/2020-04-20/2020-04-22_planning-commission-meeting.md,minutes
1961,382,4,4,approve the Conditional Use request (PLNPCM2019-01065) for an accessory dwelling unit Subject to the following conditions:,Conditional Use,7:0 Approved (Final Action),Pass,pc_final_action,Positive,approve,keyword,high,442,singleton,high,13,44,1,planning_commission/minutes/2020/2020-04-20/2020-04-22_planning-commission-meeting.md,minutes
1962,382,4,5,approve the Sydney and Slate Planned Development PLNSUB2018-00869 with the conditions listed in the staff report,Planned Development,8:0 Approved (Final Action),Pass,pc_final_action,Positive,approve,keyword,high,443,singleton,high,64,44,1,planning_commission/minutes/2020/2020-04-20/2020-04-22_planning-commission-meeting.md,minutes
1963,382,4,6,approve the Gale Street Mixed Use Design Review petition PLNPCM2019-00902 and PLNSUB2019-01196 with the conditions listed in the staff report and adding additional condition:,Design Review,6:1 Approved (Final Action),Pass,pc_final_action,Positive,approve,keyword,high,444,singleton,high,51,52,1,planning_commission/minutes/2020/2020-04-20/2020-04-22_planning-commission-meeting.md,minutes
1964,383,4,1,"approve the April 22, 2020, meeting minutes",Minutes,8:0 Pass,Pass,pc_final_action,Positive,procedural,keyword,high,,,,51,44,1,planning_commission/minutes/2020/2020-05-11/2020-05-13_planning-commission-meeting.md,minutes
1965,383,4,2,table this item,Procedural/Administrative,8:0 Pass,Pass,pc_final_action,,table,keyword,high,,,,51,64,1,planning_commission/minutes/2020/2020-05-11/2020-05-13_planning-commission-meeting.md,minutes
1966,383,4,3,"approve the Conditional Use request (PLNPCM2019-01147) as proposed, subject to complying with the conditions listed in the staff report",Conditional Use,8:0 Approved (Final Action),Pass,pc_final_action,Positive,approve,keyword,high,445,singleton,high,52,13,1,planning_commission/minutes/2020/2020-05-11/2020-05-13_planning-commission-meeting.md,minutes
1967,383,4,4,"approve the request for Conditional Use for an ADU at 613 S Emery, as presented in petition PLNPCM2020- 00107, with the conditions listed in the staff report",Conditional Use,8:0 Approved (Final Action),Pass,pc_final_action,Positive,approve,keyword,high,446,singleton,high,13,52,1,planning_commission/minutes/2020/2020-05-11/2020-05-13_planning-commission-meeting.md,minutes
1968,383,4,5,"approve the proposed Design Review application for additional building height, file PLNPCM2020-00067 for the Zephyr Lofts Apartments located at approximately 360 W 200 S",Design Review,6:2 Approved (Final Action),Pass,pc_final_action,Positive,approve,keyword,high,447,singleton,high,64,51,1,planning_commission/minutes/2020/2020-05-11/2020-05-13_planning-commission-meeting.md,minutes
1969,383,4,6,deny PLNPCM2020-00015 Design Review for the Crossing at 9th mixed-use development because the evidence presented demonstrates proposal does not comply with standards:,Design Review,8:0 Denied (Final Action),Pass,pc_final_action,Negative,deny,keyword,high,448,singleton,high,51,4,1,planning_commission/minutes/2020/2020-05-11/2020-05-13_planning-commission-meeting.md,minutes
1970,383,4,7,approve the Granary on 9 Planned Development petition PLNSUB2019-01033 subject to the following conditions:,Planned Development,8:0 Approved (Final Action),Pass,pc_final_action,Positive,approve,keyword,high,449,singleton,high,13,52,1,planning_commission/minutes/2020/2020-05-11/2020-05-13_planning-commission-meeting.md,minutes
1971,383,4,8,"recommend that the City Council approve the proposed zoning map amendment, as presented in PLNPCM2020-00054",Zoning Map Amendment,Positive recommendation 8:0,Pass,pc_recommendation,Positive,approve,keyword,high,450,singleton,high,51,64,1,planning_commission/minutes/2020/2020-05-11/2020-05-13_planning-commission-meeting.md,minutes
1972,384,4,1,"approve the May 13, 2020, meeting minutes",Minutes,5:0 Pass,Pass,pc_final_action,Positive,procedural,keyword,high,,,,51,13,1,planning_commission/minutes/2020/2020-05-25/2020-05-27_planning-commission-meeting.md,minutes
1973,384,4,2,"approve the request for Conditional Use for an accessory dwelling unit (ADU) at 2174 S 1900 E, as presented in petition PLNPCM2020-00064, with the conditions listed in the staff report",Conditional Use,9:0 Approved (Final Action),Pass,pc_final_action,Positive,approve,keyword,high,451,singleton,high,52,64,1,planning_commission/minutes/2020/2020-05-25/2020-05-27_planning-commission-meeting.md,minutes
1974,384,4,3,"approve the request for Conditional Use for an accessory dwelling unit (ADU) at 567 E Hollywood Ave, as presented in petition PLNPCM2020- 00104, with the conditions listed in the staff report",Conditional Use,9:0 Approved (Final Action),Pass,pc_final_action,Positive,approve,keyword,high,452,singleton,high,13,52,1,planning_commission/minutes/2020/2020-05-25/2020-05-27_planning-commission-meeting.md,minutes
1975,384,4,4,table the request and to continue the public hearing after a minimum of 30 days to allow for further information and comments from the public,Procedural/Administrative,8:1 Pass,Pass,pc_final_action,,continue,keyword,high,,,,13,52,1,planning_commission/minutes/2020/2020-05-25/2020-05-27_planning-commission-meeting.md,minutes
1976,384,4,5,"recommend that the City Council approve the proposed zoning map amendment, as presented in petition PLNPCM2020-00108 with the added recommendation: 1",Zoning Map Amendment,Positive recommendation 5:3,Pass,pc_recommendation,Positive,approve,keyword,high,453,singleton,high,52,44,1,planning_commission/minutes/2020/2020-05-25/2020-05-27_planning-commission-meeting.md,minutes
1977,384,4,6,that we table all 3 pending applications until the applicant can resolve the issues identified in the staff report with the Planned Development,Planned Development,8:0 Approved (Final Action),Pass,pc_final_action,,table,keyword,high,454,singleton,high,13,64,1,planning_commission/minutes/2020/2020-05-25/2020-05-27_planning-commission-meeting.md,minutes
1978,385,4,1,"approve the May 27, 2020 minutes",Minutes,9:0 Pass,Pass,pc_final_action,Positive,procedural,keyword,high,,,,52,16,1,planning_commission/minutes/2020/2020-06-08/2020-06-10_planning-commission-meeting.md,minutes
1979,385,4,2,"approve the Conditional Use request (PLNPCM2019-01079) as proposed, subject to complying with the conditions listed in the memorandum",Conditional Use,8:0 Approved (Final Action),Pass,pc_final_action,Positive,approve,keyword,high,455,singleton,high,13,44,1,planning_commission/minutes/2020/2020-06-08/2020-06-10_planning-commission-meeting.md,minutes
1980,385,4,3,"approve the Conditional Use request (PLNPCM2020-00122) as proposed, subject to complying with the conditions listed in the staff report",Conditional Use,9:0 Approved (Final Action),Pass,pc_final_action,Positive,approve,keyword,high,456,singleton,high,64,13,1,planning_commission/minutes/2020/2020-06-08/2020-06-10_planning-commission-meeting.md,minutes
1981,385,4,4,"recommend that the City Council approve the proposed map amendment, PLNPCM2020-00126 989 E 900 South RB to CB Rezone",Zoning Map Amendment,Positive recommendation 9:0,Pass,pc_recommendation,Positive,approve,keyword,high,457,name,medium,51,4,1,planning_commission/minutes/2020/2020-06-08/2020-06-10_planning-commission-meeting.md,minutes
1982,386,4,1,"approve the June 10, 2020 minutes",Minutes,6:0 Pass,Pass,pc_final_action,Positive,procedural,keyword,high,,,,13,44,1,planning_commission/minutes/2020/2020-06-22/2020-06-24_planning-commission-meeting.md,minutes
1983,386,4,2,approve petition number PLNPCM2020-00155 meets the applicable standards of approval and to also include all three conditions listed in the Staff Report,Other,7:0 Pass,Pass,pc_final_action,Positive,approve,keyword,high,,,,52,13,1,planning_commission/minutes/2020/2020-06-22/2020-06-24_planning-commission-meeting.md,minutes
1984,386,4,3,approve the conditional use petition PLNPCM2020-00156 for the detached accessory dwelling unit (ADU) with the conditions of approval listed in the staff report,Conditional Use,7:0 Approved (Final Action),Pass,pc_final_action,Positive,approve,keyword,high,458,singleton,high,13,44,1,planning_commission/minutes/2020/2020-06-22/2020-06-24_planning-commission-meeting.md,minutes
1985,386,4,4,approve the Conditional Use petition PLNPCM2020-00157 for the detached accessory dwelling unit with the conditions listed in the staff report,Conditional Use,8:0 Approved (Final Action),Pass,pc_final_action,Positive,approve,keyword,high,459,singleton,high,52,44,1,planning_commission/minutes/2020/2020-06-22/2020-06-24_planning-commission-meeting.md,minutes
1986,386,4,5,approve the Conditional Use petition PLNPCM2020-00242 for the detached accessory dwelling unit with the conditions of approval listed in the staff report,Conditional Use,7:0 Approved (Final Action),Pass,pc_final_action,Positive,approve,keyword,high,460,singleton,high,13,4,1,planning_commission/minutes/2020/2020-06-22/2020-06-24_planning-commission-meeting.md,minutes
1987,386,4,6,approve PLNPCM2020-00215,Other,7:0 Pass,Pass,pc_final_action,Positive,approve,keyword,high,,,,4,52,1,planning_commission/minutes/2020/2020-06-22/2020-06-24_planning-commission-meeting.md,minutes
1988,386,4,7,that we table this discussion to another moment where we can review a different design of this project and to table the public hearing as well,Planned Development,8:0 Approved (Final Action),Pass,pc_final_action,,table,keyword,high,461,singleton,high,13,4,1,planning_commission/minutes/2020/2020-06-22/2020-06-24_planning-commission-meeting.md,minutes
1989,387,4,1,forward a POSITIVE recommendation to City Council for the proposed Master Plan and Zoning Map Amendment for the property located at 833 S 800 E,Master Plan Amendment,Positive recommendation 8:1,Pass,pc_recommendation,Positive,approve,keyword,high,462,singleton,high,13,44,1,planning_commission/minutes/2020/2020-07-06/2020-07-08_planning-commission-meeting.md,minutes
1990,387,4,2,"vote to Approve the Planned Development, petition PLNSUB2019-01112 with the following conditions of approval listed in the staff report",Planned Development,8:1 Approved (Final Action),Pass,pc_final_action,,approve,keyword,high,463,singleton,high,13,44,1,planning_commission/minutes/2020/2020-07-06/2020-07-08_planning-commission-meeting.md,minutes
1991,387,4,3,"approve the request for Conditional Use for a Bar Establishment at 239 S 500 E, as presented in petition PLNPCM2020-00321, with the condition listed in the staff report",Conditional Use,8:0 Approved (Final Action),Pass,pc_final_action,Positive,approve,keyword,high,464,singleton,high,4,44,1,planning_commission/minutes/2020/2020-07-06/2020-07-08_planning-commission-meeting.md,minutes
1992,388,4,1,"approve the June 24, 2020 and the July 8, 2020",Minutes,6:0 Pass,Pass,pc_final_action,Positive,approve,keyword,high,,,,18,44,1,planning_commission/minutes/2020/2020-07-20/2020-07-22_planning-commission-meeting.md,minutes
1993,388,4,2,"deny the request for additional fence and wall height at 1263 E 4th Ave, as presented in petition PLNPCM2020-00341",Other,5:0 Pass,Pass,pc_final_action,Negative,deny,keyword,high,,,,64,4,1,planning_commission/minutes/2020/2020-07-20/2020-07-22_planning-commission-meeting.md,minutes
1994,388,4,3,approve petition PLNPCM2019- 00655 with the conditions listed in the Staff Report,Conditional Use,6:0 Approved (Final Action),Pass,pc_final_action,Positive,approve,keyword,high,465,singleton,high,4,52,1,planning_commission/minutes/2020/2020-07-20/2020-07-22_planning-commission-meeting.md,minutes
1995,389,4,1,"approve the July 22, 2020 minutes",Minutes,5:0 Pass,Pass,pc_final_action,Positive,procedural,keyword,high,,,,13,44,1,planning_commission/minutes/2020/2020-08-10/2020-08-12_planning-commission-meeting.md,minutes
1996,389,4,2,"conditions 3,4 & 5",Other,6:2 Pass,Pass,pc_final_action,,,unclassified,low,,,,51,13,1,planning_commission/minutes/2020/2020-08-10/2020-08-12_planning-commission-meeting.md,minutes
1997,389,4,3,"approve the request for Conditional Use for an accessory dwelling unit (ADU) at 1756 S Windsor Street, as presented in petition PLNPCM2020- 00092, with the conditions listed in the staff report",Conditional Use,8:0 Approved (Final Action),Pass,pc_final_action,Positive,approve,keyword,high,466,singleton,high,13,52,1,planning_commission/minutes/2020/2020-08-10/2020-08-12_planning-commission-meeting.md,minutes
1998,389,4,4,"approve the request for Conditional Use for an accessory dwelling unit (ADU) at 1072 S Jeremy Street, as presented in petition PLNPCM2020-00429, with the conditions listed in the staff report",Conditional Use,6:0 Approved (Final Action),Pass,pc_final_action,Positive,approve,keyword,high,467,singleton,high,4,16,1,planning_commission/minutes/2020/2020-08-10/2020-08-12_planning-commission-meeting.md,minutes
1999,389,4,5,"approve the request for Conditional Use for an accessory dwelling unit (ADU) at 1336 S 1000 E, as presented in petition PLNPCM2020-00421, with the conditions listed in the staff report",Conditional Use,8:0 Approved (Final Action),Pass,pc_final_action,Positive,approve,keyword,high,468,singleton,high,16,4,1,planning_commission/minutes/2020/2020-08-10/2020-08-12_planning-commission-meeting.md,minutes
2000,389,4,6,"approve the Conditional Use request (PLNPCM2020-00427) as proposed, subject to complying with the conditions listed in the staff report",Conditional Use,8:0 Approved (Final Action),Pass,pc_final_action,Positive,approve,keyword,high,469,singleton,high,,13,1,planning_commission/minutes/2020/2020-08-10/2020-08-12_planning-commission-meeting.md,minutes
2001,390,4,1,"approve the August 12, 2020 meeting minutes",Minutes,7:0 Pass,Pass,pc_final_action,Positive,procedural,keyword,high,,,,52,44,1,planning_commission/minutes/2020/2020-08-24/2020-08-26_planning-commission-meeting.md,minutes
2002,390,4,2,forward a positive recommendation to the City Council for the street vacation and alley vacation proposed in PLNPCM2019-01036 and PLNPCM2019-01037 with the condition listed in the staff report,Street/Alley Closure,Positive recommendation 8:0,Pass,pc_recommendation,Positive,approve,keyword,high,470,singleton,high,52,64,1,planning_commission/minutes/2020/2020-08-24/2020-08-26_planning-commission-meeting.md,minutes
2003,390,4,3,forward a positive recommendation to the City Council for the alley vacation proposed in PLNPCM2020-00268 with the condition listed in the staff report,Street/Alley Closure,Positive recommendation 8:0,Pass,pc_recommendation,Positive,approve,keyword,high,471,singleton,high,64,16,1,planning_commission/minutes/2020/2020-08-24/2020-08-26_planning-commission-meeting.md,minutes
2004,390,4,4,"recommend that the City Council approve the proposed map amendment, PLNPCM2020-00328, at 1301 and 1321 South State Street from CC to FB-UN2 with the condition listed in the staff report",Zoning Map Amendment,Positive recommendation 8:0,Pass,pc_recommendation,Positive,approve,keyword,high,472,singleton,high,51,52,1,planning_commission/minutes/2020/2020-08-24/2020-08-26_planning-commission-meeting.md,minutes
2005,390,4,5,"approve the request for Conditional Use for an accessory dwelling unit (ADU) at 1362 S 1300 E, as presented in petition PLNPCM2020-00358, with the conditions listed in the staff report",Conditional Use,8:0 Approved (Final Action),Pass,pc_final_action,Positive,approve,keyword,high,473,singleton,high,52,18,1,planning_commission/minutes/2020/2020-08-24/2020-08-26_planning-commission-meeting.md,minutes
2006,390,4,6,"approve the Special Exception request for grading and retaining walls exceeding four feet (4’) in height at 1362 S 1300 E, as presented in petition PLNPCM2020-00454, with the conditions listed in the staff report",Special Exception,8:0 Approved (Final Action),Pass,pc_final_action,Positive,approve,keyword,high,474,singleton,high,52,16,1,planning_commission/minutes/2020/2020-08-24/2020-08-26_planning-commission-meeting.md,minutes
2007,391,4,1,"approve the Planned Development and Preliminary Subdivision requests (PLNPCM2020-00230 & PLNSUB2020-00231) as proposed, subject to complying with the conditions listed in the staff report and subject to a design review by staff concerning the stairs and front landscaping of the project, subject to t",Planned Development,5:2 Approved (Final Action),Pass,pc_final_action,Positive,approve,keyword,high,475,singleton,high,13,64,1,planning_commission/minutes/2020/2020-09-21/2020-09-23_planning-commission-meeting.md,minutes
2008,391,4,2,"approve the Conditional Use request (PLNPCM2020-00451) as proposed, subject to complying with the conditions listed in the staff report",Conditional Use,6:0 Approved (Final Action),Pass,pc_final_action,Positive,approve,keyword,high,476,singleton,high,4,13,1,planning_commission/minutes/2020/2020-09-21/2020-09-23_planning-commission-meeting.md,minutes
2009,391,4,3,approve Petitions PLNPCM2019-01170 & PLNPCM2020-00200 The Twenty Ones Design Review and Special Exception with the conditions listed in the staff report,Design Review,7:0 Approved (Final Action),Pass,pc_final_action,Positive,approve,keyword,high,477,singleton,high,13,52,1,planning_commission/minutes/2020/2020-09-21/2020-09-23_planning-commission-meeting.md,minutes
2010,391,4,4,approve The Abbie Planned Development PLNPCM2020-00378 with the conditions listed in the staff report,Planned Development,6:1 Approved (Final Action),Pass,pc_final_action,Positive,approve,keyword,high,478,singleton,high,52,16,1,planning_commission/minutes/2020/2020-09-21/2020-09-23_planning-commission-meeting.md,minutes
2011,391,4,5,"table petition numbers PLNPCM2020-00222 and PLNPCM2020-00655 and give the applicant some time to revise their designs in a way to better match standard “D” and standard “G”, particularly how it relates to human scale and how it relates to the current neighborhood zone",Design Review,6:0 Approved (Final Action),Pass,pc_final_action,,table,keyword,high,479,singleton,high,51,64,1,planning_commission/minutes/2020/2020-09-21/2020-09-23_planning-commission-meeting.md,minutes
2012,391,4,6,"approve petition numbers PLNPCM2020-00182, PLNPCM2020-00399 and PLNPCM2020-00668, a Planned Development, Design Review and Special Exception request, respectively, for Gateway Storage located at approximately 134 South 700 West with the conditions listed in the staff report",Planned Development,7:0 Approved (Final Action),Pass,pc_final_action,Positive,approve,keyword,high,480,singleton,high,13,4,1,planning_commission/minutes/2020/2020-09-21/2020-09-23_planning-commission-meeting.md,minutes
2013,392,4,1,"approve the August 26,2020 meeting minutes",Minutes,6:0 Pass,Pass,pc_final_action,Positive,procedural,keyword,high,,,,,64,1,planning_commission/minutes/2020/2020-09-28/2020-09-30_planning-commission-meeting.md,minutes
2014,393,4,1,"approve the September 23, 2020 meeting minutes",Minutes,6:0 Pass,Pass,pc_final_action,Positive,procedural,keyword,high,,,,52,13,1,planning_commission/minutes/2020/2020-10-12/2020-10-14_planning-commission-meeting.md,minutes
2015,393,4,2,grant a one-year time extension for petitions PLNSUB2018-00617 and,Planned Development,7:0 Approved (Final Action),Pass,pc_final_action,,approve,keyword,high,481,singleton,high,52,64,1,planning_commission/minutes/2020/2020-10-12/2020-10-14_planning-commission-meeting.md,minutes
2016,393,4,3,"grant a one-year time extension for petition PLNPCM2019-00671 subject to compliance with the conditions of approval stated in the original Record of Decision Letter dated October 14, 2019",Conditional Use,7:0 Approved (Final Action),Pass,pc_final_action,,approve,keyword,high,482,singleton,high,64,51,1,planning_commission/minutes/2020/2020-10-12/2020-10-14_planning-commission-meeting.md,minutes
2017,393,4,4,approve PLNPCM2020-00639,Special Exception,6:0 Approved (Final Action),Pass,pc_final_action,Positive,approve,keyword,high,483,singleton,high,4,51,1,planning_commission/minutes/2020/2020-10-12/2020-10-14_planning-commission-meeting.md,minutes
2018,393,4,5,"approve the Design Review, as presented in petition PLNPCM2020-00439 with the conditions listed in the staff report",Design Review,8:0 Approved (Final Action),Pass,pc_final_action,Positive,approve,keyword,high,484,singleton,high,52,13,1,planning_commission/minutes/2020/2020-10-12/2020-10-14_planning-commission-meeting.md,minutes
2019,393,4,7,"recommend that the City Council approve the proposed zoning map amendment, as presented in petition PLNPCM2020-00442",Zoning Map Amendment,Positive recommendation 8:0,Pass,pc_recommendation,Positive,approve,keyword,high,485,singleton,high,13,52,1,planning_commission/minutes/2020/2020-10-12/2020-10-14_planning-commission-meeting.md,minutes
2020,393,4,8,"recommend that the City Council approve the proposed text amendment, PLNPCM2020-00352 Administrative Decision Appeals Text Amendment",Zoning Text Amendment,Positive recommendation 8:0,Pass,pc_recommendation,Positive,approve,keyword,high,486,singleton,high,13,52,1,planning_commission/minutes/2020/2020-10-12/2020-10-14_planning-commission-meeting.md,minutes
2021,394,4,1,"approve the September 30, 2020 and October 14, 2020 meeting minutes",Minutes,6:0 Pass,Pass,pc_final_action,Positive,procedural,keyword,high,,,,13,18,1,planning_commission/minutes/2020/2020-10-26/2020-10-28_planning-commission-meeting.md,minutes
2022,394,4,2,approve the conditional use request to establish an attached accessory dwelling unit located at approximately 1977 South Scenic Drive (PLNPCM2020-00620) with the conditions listed in the staff report,Conditional Use,5:0 Approved (Final Action),Pass,pc_final_action,Positive,approve,keyword,high,487,singleton,high,13,16,1,planning_commission/minutes/2020/2020-10-26/2020-10-28_planning-commission-meeting.md,minutes
2023,394,4,3,approve the special exception request to allow additional building height at the rear of the home located at approximately 1400 East Federal Way (PLNPCM2020-00465) based on the conditions of approval listed in the staff report,Special Exception,4:3 Approved (Final Action),Pass,pc_final_action,Positive,approve,keyword,high,488,singleton,high,13,52,1,planning_commission/minutes/2020/2020-10-26/2020-10-28_planning-commission-meeting.md,minutes
2024,394,4,4,approve the modifications to PLNPLCM2017-00417 Planned Development and PLNPCM2017-,Planned Development,6:0 Approved (Final Action),Pass,pc_final_action,Positive,approve,keyword,high,489,singleton,high,4,44,1,planning_commission/minutes/2020/2020-10-26/2020-10-28_planning-commission-meeting.md,minutes
2025,394,4,5,changes:,Planned Development,6:0 Approved (Final Action),Pass,pc_final_action,,,unclassified,low,490,singleton,high,13,44,1,planning_commission/minutes/2020/2020-10-26/2020-10-28_planning-commission-meeting.md,minutes
2026,394,4,6,"recommend that the City Council approve the proposed text amendment, PLNPCM2020-00503 Permitting Restaurants in the PL – Public Lands Zone Text Amendment",Zoning Text Amendment,Positive recommendation 5:1,Pass,pc_recommendation,Positive,approve,keyword,high,491,singleton,high,51,16,1,planning_commission/minutes/2020/2020-10-26/2020-10-28_planning-commission-meeting.md,minutes
2027,394,4,7,"Salt Lake City Planning Commission October 28, 2020 Page 7 recommend that the City Council approve the proposed text amendment, PLNPCM2020-00351 Billboard Ordinance Text Amendment",Zoning Text Amendment,Positive recommendation 6:0,Pass,pc_recommendation,Positive,approve,keyword,high,492,singleton,high,13,52,1,planning_commission/minutes/2020/2020-10-26/2020-10-28_planning-commission-meeting.md,minutes
2028,395,4,1,approve the items on the consent agenda,Consent Agenda,8:0 Pass,Pass,pc_final_action,Positive,procedural,keyword,high,,,,51,18,1,planning_commission/minutes/2020/2020-11-16/2020-11-18_planning-commission-meeting.md,minutes
2029,395,4,2,"approve the request for Conditional Use for an accessory dwelling unit (ADU) at 2321 S Windsor Street, as presented in petition PLNPCM2020- 00512, with the conditions listed in the staff report",Conditional Use,7:0 Approved (Final Action),Pass,pc_final_action,Positive,approve,keyword,high,493,singleton,high,16,52,1,planning_commission/minutes/2020/2020-11-16/2020-11-18_planning-commission-meeting.md,minutes
2030,395,4,3,"approve the Conditional Use application for a Bar Establishment located at approximately 850 E 900 S, as presented in petition PLNPCM2020-00558 with the Conditions of Approval listed in the staff report",Conditional Use,7:0 Approved (Final Action),Pass,pc_final_action,Positive,approve,keyword,high,494,singleton,high,64,4,1,planning_commission/minutes/2020/2020-11-16/2020-11-18_planning-commission-meeting.md,minutes
2031,395,4,4,"approve PLNPCM2020-00288, PLNPCM2020-00289, PLNSUB2020-00347, 833 Emeril Townhomes - Planned Development, Design Review and Preliminary Subdivision with the conditions listed in the staff report",Planned Development,8:0 Approved (Final Action),Pass,pc_final_action,Positive,approve,keyword,high,495,singleton,high,1,18,1,planning_commission/minutes/2020/2020-11-16/2020-11-18_planning-commission-meeting.md,minutes
2032,395,4,5,"recommend that the City Council approve the proposed text amendment, PLNPCM2020-00606 Special Exception Text Amendment",Zoning Text Amendment,Positive recommendation 8:0,Pass,pc_recommendation,Positive,approve,keyword,high,496,singleton,high,1,52,1,planning_commission/minutes/2020/2020-11-16/2020-11-18_planning-commission-meeting.md,minutes
2033,396,4,1,"approve petition numbers PLNPCM2020-00222 and PLNPCM2020-00655, a Design Review and Special Exception request, respectively, for Izzy South located at approximately 534 East 2100 South",Design Review,7:1 Approved (Final Action),Pass,pc_final_action,Positive,approve,keyword,high,497,singleton,high,1,44,1,planning_commission/minutes/2020/2020-11-30/2020-12-02_planning-commission-meeting.md,minutes
2034,396,4,2,"approve the Design Review request including modifications to the maximum distance between building entrances, maximum length of a blank wall, and maximum length of a street-facing façade (PLNPCM2020-00258) for the Kozo House Apartments project located at approximately 175 North 600 West",Design Review,6:1 Approved (Final Action),Pass,pc_final_action,Positive,approve,keyword,high,498,singleton,high,4,44,1,planning_commission/minutes/2020/2020-11-30/2020-12-02_planning-commission-meeting.md,minutes
2035,396,4,3,"Salt Lake City Planning Commission December 2, 2020 Page 4 forward a positive recommendation to the City Council for the alley vacation proposed in PLNPCM2020-00572 with the conditions listed in the staff report",Street/Alley Closure,Positive recommendation 7:1,Pass,pc_recommendation,Positive,approve,keyword,high,499,singleton,high,52,16,1,planning_commission/minutes/2020/2020-11-30/2020-12-02_planning-commission-meeting.md,minutes
2036,396,4,4,"vote to APPROVE the proposed Planned Development and Design Review applications for the Greenprint Gateway Apartments located at approximately 592 West 200 South, files PLNPCM2020-00493 and PLNPCM2020-00749 with the conditions of approval listed in the staff report with one addition:",Planned Development,6:1 Approved (Final Action),Pass,pc_final_action,,approve,keyword,high,500,singleton,high,1,52,1,planning_commission/minutes/2020/2020-11-30/2020-12-02_planning-commission-meeting.md,minutes
2037,396,4,5,"recommend that the City Council approve the proposed zoning map amendment, as presented in petition PLNPCM2020-00703",Zoning Map Amendment,Positive recommendation 6:2,Pass,pc_recommendation,Positive,approve,keyword,high,501,singleton,high,1,52,1,planning_commission/minutes/2020/2020-11-30/2020-12-02_planning-commission-meeting.md,minutes
2038,397,4,1,"approve the November 18, 2020 and the December 2, 2020 meeting minutes",Minutes,5:0 Pass,Pass,pc_final_action,Positive,procedural,keyword,high,,,,64,18,1,planning_commission/minutes/2020/2020-12-07/2020-12-09_planning-commission-meeting.md,minutes
2039,397,4,2,approve the request for Planned Development located at approximately 432 N,Planned Development,7:0 Approved (Final Action),Pass,pc_final_action,Positive,approve,keyword,high,502,singleton,high,18,51,1,planning_commission/minutes/2020/2020-12-07/2020-12-09_planning-commission-meeting.md,minutes
2040,397,4,3,approve the request for Subdivision located at approximately 432 N,Subdivision/Plat,7:0 Approved (Final Action),Pass,pc_final_action,Positive,approve,keyword,high,503,singleton,high,18,1,1,planning_commission/minutes/2020/2020-12-07/2020-12-09_planning-commission-meeting.md,minutes
2041,397,4,4,"approve the request for Planned Development for new multi-family residential construction in the G-MU zoning district located at approximately 565 West 100 South, subject to three conditions as noted in the staff report dated 12/9/2020",Planned Development,7:0 Approved (Final Action),Pass,pc_final_action,Positive,approve,keyword,high,504,singleton,high,1,52,1,planning_commission/minutes/2020/2020-12-07/2020-12-09_planning-commission-meeting.md,minutes
2042,397,4,5,"approve the request for Design Review and Planned Development for a new multi-family building at 269 W Brooklyn Avenue as proposed in PLNPCM2020-00610 and PLNPCM2020-00843, with the conditions listed in the staff report",Planned Development,7:0 Approved (Final Action),Pass,pc_final_action,Positive,approve,keyword,high,505,singleton,high,18,4,1,planning_commission/minutes/2020/2020-12-07/2020-12-09_planning-commission-meeting.md,minutes
2043,397,4,6,"approve the modifications to the Design Review approval, petition PLNPCM2019- 00926, at approximately 255 S State Street",Design Review,7:0 Approved (Final Action),Pass,pc_final_action,Positive,approve,keyword,high,506,singleton,high,1,64,1,planning_commission/minutes/2020/2020-12-07/2020-12-09_planning-commission-meeting.md,minutes
2044,397,4,7,approve the requested modifications to the previously approved design for the Book Cliffs Apartments located at approximately 1159 S,Design Review,6:1 Approved (Final Action),Pass,pc_final_action,Positive,approve,keyword,high,507,singleton,high,1,52,1,planning_commission/minutes/2020/2020-12-07/2020-12-09_planning-commission-meeting.md,minutes
2045,397,4,8,"approve the request for Conditional Use for an accessory dwelling unit (ADU) at 2721 East 2100 South, as presented in petition PLNPCM2019-01053, with the conditions listed in the staff report and adding condition:",Conditional Use,5:1 Approved (Final Action),Pass,pc_final_action,Positive,approve,keyword,high,508,singleton,high,51,4,1,planning_commission/minutes/2020/2020-12-07/2020-12-09_planning-commission-meeting.md,minutes
2046,398,4,1,"approve the December 9, 2020 meeting minutes",Minutes,5:0 Pass,Pass,pc_final_action,Positive,procedural,keyword,high,,,,18,64,1,planning_commission/minutes/2021/2021-01-11/2021-01-13_planning-commission-meeting.md,minutes
2047,398,4,2,approve the Design Review request for additional height (PLNPCM2020-00721) and the Planned Development request for setback and landscaping modifications (PLNPCM2020- 00722) for the Maven Lofts project located at approximately 156 E 900 South,Planned Development,6:0 Approved (Final Action),Pass,pc_final_action,Positive,approve,keyword,high,509,singleton,high,1,51,1,planning_commission/minutes/2021/2021-01-11/2021-01-13_planning-commission-meeting.md,minutes
2048,398,4,3,"deny PLNPCM2020-00727, Windsor Court - Planned Development because evidence has not been presented that demonstrates the proposal complies with the following standard 21A",Planned Development,5:0 Denied (Final Action),Pass,pc_final_action,Negative,deny,keyword,high,510,singleton,high,51,52,1,planning_commission/minutes/2021/2021-01-11/2021-01-13_planning-commission-meeting.md,minutes
2049,398,4,4,approve PLNPCM2020-00730 The Village at North Station Building D Design Review with the conditions listed in the staff report,Design Review,6:0 Approved (Final Action),Pass,pc_final_action,Positive,approve,keyword,high,511,singleton,high,4,16,1,planning_commission/minutes/2021/2021-01-11/2021-01-13_planning-commission-meeting.md,minutes
2050,398,4,5,approve the Design Review (Petition PLNPCM2020-00641) for modification of the 60% glass requirement on the ground floor and the 200’ maximum length of a street-facing façade subject the conditions listed in the staff report,Design Review,6:0 Approved (Final Action),Pass,pc_final_action,Positive,approve,keyword,high,512,singleton,high,51,4,1,planning_commission/minutes/2021/2021-01-11/2021-01-13_planning-commission-meeting.md,minutes
2051,398,4,6,approve the Conditional Use for the AT&T communications site with an 80-foot monopole and associated equipment (Petition PLNPCM2020-00819) subject to the following conditions: 1,Conditional Use,6:0 Approved (Final Action),Pass,pc_final_action,Positive,approve,keyword,high,513,singleton,high,52,16,1,planning_commission/minutes/2021/2021-01-11/2021-01-13_planning-commission-meeting.md,minutes
2052,398,4,7,"forward a positive recommendation to the City Council for the proposed Zoning Map Amendment, file PLNPCM2020- 00740, proposed zone change from R-2 (Single and Two Family Residential District) to CB (Community Business) and file PLNPCM2020-00741 proposed master plan amendment from Low Density Residen",Master Plan Amendment,Positive recommendation 6:0,Pass,pc_recommendation,Positive,approve,keyword,high,514,singleton,high,1,52,1,planning_commission/minutes/2021/2021-01-11/2021-01-13_planning-commission-meeting.md,minutes
2053,398,4,8,"recommend that the City Council approve the proposed master plan amendment, as presented in petition PLNPCM2020-00712",Master Plan Amendment,Positive recommendation 6:0,Pass,pc_recommendation,Positive,approve,keyword,high,515,singleton,high,51,16,1,planning_commission/minutes/2021/2021-01-11/2021-01-13_planning-commission-meeting.md,minutes
2054,398,4,9,"recommend that the City Council approve the proposed zoning map amendment, as presented in PLNPCM2020- 00604",Zoning Map Amendment,Positive recommendation 6:0,Pass,pc_recommendation,Positive,approve,keyword,high,516,singleton,high,51,,1,planning_commission/minutes/2021/2021-01-11/2021-01-13_planning-commission-meeting.md,minutes
2055,398,4,10,when the vacant lot is developed and; 2,Zoning Text Amendment,Positive recommendation 6:0,Pass,pc_recommendation,Positive,,unclassified,low,517,singleton,high,1,64,1,planning_commission/minutes/2021/2021-01-11/2021-01-13_planning-commission-meeting.md,minutes
2056,399,4,1,approve the Consent Agenda,Consent Agenda,5:0 Pass,Pass,pc_final_action,Positive,procedural,keyword,high,,,,16,64,1,planning_commission/minutes/2021/2021-01-25/2021-01-27_planning-commission-meeting.md,minutes
2057,399,4,2,"table IRA 2014, LLC Planned Development PLNPCM2020-00413 and Preliminary Subdivision Plat PLNSUB2018-00697 pending",Planned Development,8:0 Approved (Final Action),Pass,pc_final_action,,table,keyword,high,518,singleton,high,1,51,1,planning_commission/minutes/2021/2021-01-25/2021-01-27_planning-commission-meeting.md,minutes
2058,399,4,3,vote to APPROVE the proposed Design Review and Planned Development applications for the CINQ Apartments located,Planned Development,8:0 Approved (Final Action),Pass,pc_final_action,,approve,keyword,high,519,singleton,high,52,16,1,planning_commission/minutes/2021/2021-01-25/2021-01-27_planning-commission-meeting.md,minutes
2059,399,4,4,"approve the Conditional Use request (PLNPCM2020-00830) as proposed, subject to complying with the conditions listed in the staff report",Conditional Use,8:0 Approved (Final Action),Pass,pc_final_action,Positive,approve,keyword,high,520,singleton,high,1,4,1,planning_commission/minutes/2021/2021-01-25/2021-01-27_planning-commission-meeting.md,minutes
2060,400,4,1,"approve the January 27, 2021 meeting minutes",Minutes,6:0 Pass,Pass,pc_final_action,Positive,procedural,keyword,high,,,,52,16,1,planning_commission/minutes/2021/2021-02-08/2021-02-10_planning-commission-meeting.md,minutes
2061,400,4,2,"recommend that the City Council approve the proposed zoning map amendment, as presented in PLNPCM2020-00806",Zoning Map Amendment,Positive recommendation 4:1,Pass,pc_recommendation,Positive,approve,keyword,high,521,singleton,high,51,52,1,planning_commission/minutes/2021/2021-02-08/2021-02-10_planning-commission-meeting.md,minutes
2062,400,4,3,"approve the Conditional Use request (PLNPCM2020-00566) as proposed, subject to complying with the conditions listed in the staff report",Conditional Use,5:0 Approved (Final Action),Pass,pc_final_action,Positive,approve,keyword,high,522,singleton,high,16,44,1,planning_commission/minutes/2021/2021-02-08/2021-02-10_planning-commission-meeting.md,minutes
2063,400,4,4,"approve the request for Conditional Use for an ADU at 1781 S 500 E, as presented in petition PLNPCM2020- 00939, with the conditions listed in the staff report",Conditional Use,4:0 Approved (Final Action),Pass,pc_final_action,Positive,approve,keyword,high,523,singleton,high,52,16,1,planning_commission/minutes/2021/2021-02-08/2021-02-10_planning-commission-meeting.md,minutes
2064,401,4,1,"approve the February 10, 2021 meeting minutes",Minutes,5:0 Pass,Pass,pc_final_action,Positive,procedural,keyword,high,,,,16,44,1,planning_commission/minutes/2021/2021-02-22/2021-02-24_planning-commission-meeting.md,minutes
2065,401,4,2,approve the requested modification to petition numberPLNPCM2020-00222 for Izzy South located at approximately 534 East 2100 South,Design Review,8:0 Approved (Final Action),Pass,pc_final_action,Positive,approve,keyword,high,524,singleton,high,1,44,1,planning_commission/minutes/2021/2021-02-22/2021-02-24_planning-commission-meeting.md,minutes
2066,401,4,3,forward a positive recommendation to the City Council in support of the proposed amendments located at approximately 850 & 870 E,Master Plan Amendment,Positive recommendation 8:0,Pass,pc_recommendation,Positive,approve,keyword,high,525,singleton,high,18,1,1,planning_commission/minutes/2021/2021-02-22/2021-02-24_planning-commission-meeting.md,minutes
2067,401,4,4,"approve the Planned Development petition (PLNPCM2020-00681) and Preliminary Subdivision Plat (PLNSUB2020-00683) as proposed, subject to complying with the conditions listed in the staff report",Planned Development,8:0 Approved (Final Action),Pass,pc_final_action,Positive,approve,keyword,high,526,singleton,high,4,52,1,planning_commission/minutes/2021/2021-02-22/2021-02-24_planning-commission-meeting.md,minutes
2068,401,4,5,"approve the Conditional Use request (PLNPCM2020-00944) as proposed, subject to complying with the conditions listed in the staff report",Conditional Use,7:0 Approved (Final Action),Pass,pc_final_action,Positive,approve,keyword,high,527,singleton,high,1,16,1,planning_commission/minutes/2021/2021-02-22/2021-02-24_planning-commission-meeting.md,minutes
2069,402,4,1,approve the meeting minutes,Minutes,8:0 Pass,Pass,pc_final_action,Positive,procedural,keyword,high,,,,64,44,1,planning_commission/minutes/2021/2021-03-08/2021-03-10_planning-commission-meeting.md,minutes
2070,403,4,1,"approve the March 10, 2021 meeting minutes as well as the Time Extension Request (listed in the Consent Agenda)",Minutes,9:0 Pass,Pass,pc_final_action,Positive,procedural,keyword,high,,,,64,52,1,planning_commission/minutes/2021/2021-03-22/2021-03-24_planning-commission-meeting.md,minutes
2071,403,4,2,"recommend that the City Council deny the proposed master plan amendment, as presented in petition PLNPCM2020-00394: Additionally, I move that the Planning Commission recommend that the City Council deny the proposed zoning map amendment, as presented in petition PLNPCM2020-00393",Master Plan Amendment,Negative recommendation 9:0,Pass,pc_recommendation,Negative,deny,keyword,high,528,singleton,high,18,16,1,planning_commission/minutes/2021/2021-03-22/2021-03-24_planning-commission-meeting.md,minutes
2072,403,4,3,approve petition PLNPCM2021-00013,Conditional Use,8:0 Approved (Final Action),Pass,pc_final_action,Positive,approve,keyword,high,529,singleton,high,4,52,1,planning_commission/minutes/2021/2021-03-22/2021-03-24_planning-commission-meeting.md,minutes
2073,403,4,4,"recommend that the City Council approve the Zoning Map amendments from R-1- 5,000 and R-1-7,000 to SR-3 for petition (PLNPCM2018-00877), subject to complying with the conditions listed in the staff report:",Zoning Map Amendment,Positive recommendation 9:0,Pass,pc_recommendation,Positive,approve,keyword,high,530,singleton,high,1,51,1,planning_commission/minutes/2021/2021-03-22/2021-03-24_planning-commission-meeting.md,minutes
2074,404,4,1,approve the consent agenda,Consent Agenda,8:0 Pass,Pass,pc_final_action,Positive,procedural,keyword,high,,,,51,1,1,planning_commission/minutes/2021/2021-04-12/2021-04-14_planning-commission-meeting.md,minutes
2075,404,4,2,approve the Design Review request (PLNPCM2021-00035) for the project located at approximately 422 S 200 W with the conditions listed in the staff report,Design Review,8:0 Approved (Final Action),Pass,pc_final_action,Positive,approve,keyword,high,531,singleton,high,,64,1,planning_commission/minutes/2021/2021-04-12/2021-04-14_planning-commission-meeting.md,minutes
2076,404,4,3,forward a positive recommendation to the City Council to adopt the 2020 Street Lights Master Plan and the accompanying Technical Guidance and Implementation document,Master Plan Amendment,Positive recommendation 8:0,Pass,pc_recommendation,Positive,approve,keyword,high,532,name,medium,51,18,1,planning_commission/minutes/2021/2021-04-12/2021-04-14_planning-commission-meeting.md,minutes
2077,405,4,1,approved,Conditional Use,7:0 Approved (Final Action),Pass,pc_final_action,,approve,keyword,high,533,singleton,high,64,4,1,planning_commission/minutes/2021/2021-04-26/2021-04-28_planning-commission-meeting.md,minutes
2078,405,4,2,"recommend that the City Council approve the proposed zoning map amendment, as presented in PLNPCM2020-00806",Zoning Map Amendment,Positive recommendation 6:2,Pass,pc_recommendation,Positive,approve,keyword,high,534,singleton,high,51,52,1,planning_commission/minutes/2021/2021-04-26/2021-04-28_planning-commission-meeting.md,minutes
2079,406,4,1,"approve the April 28, 2021 meeting minutes",Minutes,6:0 Pass,Pass,pc_final_action,Positive,procedural,keyword,high,,,,16,44,1,planning_commission/minutes/2021/2021-05-10/2021-05-12_planning-commission-meeting.md,minutes
2080,406,4,2,approve the Neighborhood House Greenhouse Planned Development PLNPCM2021-00086 with the conditions listed in the staff report,Planned Development,6:0 Approved (Final Action),Pass,pc_final_action,Positive,approve,keyword,high,535,singleton,high,1,16,1,planning_commission/minutes/2021/2021-05-10/2021-05-12_planning-commission-meeting.md,minutes
2081,406,4,3,"approve the modifications to the Design Review approval, petition PLNPCM2019- 01170, at approximately 2105 South 2100 East",Design Review,6:1 Approved (Final Action),Pass,pc_final_action,Positive,approve,keyword,high,536,singleton,high,1,52,1,planning_commission/minutes/2021/2021-05-10/2021-05-12_planning-commission-meeting.md,minutes
2082,406,4,4,"recommend that the City Council approve the proposed Zoning Map Amendment, file PLNPCM2021-00029, for the properties located at 203 E 2100 S, 221 E 2100 S & 1991 S 200 E from the RMF-45 Moderate/High Density Multi-Family Residential District to the FB-UN2 Form Based Urban Neighborhood District and c",Zoning Map Amendment,Positive recommendation 5:2,Pass,pc_recommendation,Positive,approve,keyword,high,537,singleton,high,1,44,1,planning_commission/minutes/2021/2021-05-10/2021-05-12_planning-commission-meeting.md,minutes
2083,407,4,1,approve,Minutes,6:0 Pass,Pass,pc_final_action,Positive,approve,keyword,high,,,,16,44,1,planning_commission/minutes/2021/2021-05-24/2021-05-26_planning-commission-meeting.md,minutes
2084,407,4,2,approve,Other,6:0 Pass,Pass,pc_final_action,Positive,approve,keyword,high,,,,1,44,1,planning_commission/minutes/2021/2021-05-24/2021-05-26_planning-commission-meeting.md,minutes
2085,407,4,3,"transmit a positive recommendation to City Council in regard to the proposed Alley Vacation, file PLNPCM2020- 00564",Street/Alley Closure,Positive recommendation 6:0,Pass,pc_recommendation,Positive,approve,keyword,high,538,singleton,high,,,1,planning_commission/minutes/2021/2021-05-24/2021-05-26_planning-commission-meeting.md,minutes
2086,407,4,4,"approve the request for Conditional Use for a Bar Establishment at approximately 1075 & 1085 Winding River Cove, as presented in petition PLNPCM2020- 00395, with the condition listed in the staff report",Conditional Use,6:0 Approved (Final Action),Pass,pc_final_action,Positive,approve,keyword,high,539,singleton,high,,1,1,planning_commission/minutes/2021/2021-05-24/2021-05-26_planning-commission-meeting.md,minutes
2087,408,4,1,"approve the May 26, 2021 meeting minutes",Minutes,5:0 Pass,Pass,pc_final_action,Positive,procedural,keyword,high,,,,18,16,1,planning_commission/minutes/2021/2021-06-07/2021-06-09_planning-commission-meeting.md,minutes
2088,408,4,2,"approve the Design Review, as presented in petition PLNPCM2020-00986 with the following conditions:",Design Review,4:1 Approved (Final Action),Pass,pc_final_action,Positive,approve,keyword,high,540,singleton,high,1,44,1,planning_commission/minutes/2021/2021-06-07/2021-06-09_planning-commission-meeting.md,minutes
2089,408,4,3,"recommend that the City Council approve the proposed Zoning Map Amendment, file PLNPCM2021-00249 for the properties located at 835 S",Zoning Map Amendment,Positive recommendation 3:2,Pass,pc_recommendation,Positive,approve,keyword,high,541,singleton,high,1,44,1,planning_commission/minutes/2021/2021-06-07/2021-06-09_planning-commission-meeting.md,minutes
2090,408,4,4,"approve the Planned Development petition (PLNPCM2020-00826) and Preliminary Subdivision Plat (PLNSUB2021-00111) as proposed, subject to complying with the conditions listed in the staff report",Planned Development,4:0 Approved (Final Action),Pass,pc_final_action,Positive,approve,keyword,high,542,singleton,high,1,4,1,planning_commission/minutes/2021/2021-06-07/2021-06-09_planning-commission-meeting.md,minutes
2091,408,4,5,approve petition PLNPCM2021-00192,Conditional Use,4:0 Approved (Final Action),Pass,pc_final_action,Positive,approve,keyword,high,543,singleton,high,16,1,1,planning_commission/minutes/2021/2021-06-07/2021-06-09_planning-commission-meeting.md,minutes
2092,408,4,6,approve petition PLNPCM2021- 00030with the following conditions:,Other,4:0 Pass,Pass,pc_final_action,Positive,approve,keyword,high,,,,4,1,1,planning_commission/minutes/2021/2021-06-07/2021-06-09_planning-commission-meeting.md,minutes
2093,408,4,7,approve the Special Exception requests for grading and additional building height at 1725 S Devonshire Drive as presented in petition PLNPCM2021-00238,Special Exception,5:0 Approved (Final Action),Pass,pc_final_action,Positive,approve,keyword,high,544,singleton,high,4,16,1,planning_commission/minutes/2021/2021-06-07/2021-06-09_planning-commission-meeting.md,minutes
2094,409,4,1,"approve the June 9, 2021 meeting minutes",Minutes,4:0 Pass,Pass,pc_final_action,Positive,procedural,keyword,high,,,,44,1,1,planning_commission/minutes/2021/2021-06-21/2021-06-23_planning-commission-meeting.md,minutes
2095,409,4,2,table passed 5 to 1,Master Plan Amendment,Positive recommendation 4:2,Pass,pc_recommendation,Positive,table,keyword,high,545,singleton,high,51,4,1,planning_commission/minutes/2021/2021-06-21/2021-06-23_planning-commission-meeting.md,minutes
2096,409,4,3,forward a Positive Recommendation to the City Council for the requested Zoning Map Amendment from RMF-35 to R-MU-35 for 0,Zoning Map Amendment,Positive recommendation 5:0,Pass,pc_recommendation,Positive,approve,keyword,high,546,singleton,high,4,,1,planning_commission/minutes/2021/2021-06-21/2021-06-23_planning-commission-meeting.md,minutes
2097,409,4,4,approve the Conditional Use request (PLNPCM2021-00259) as proposed,Conditional Use,7:0 Approved (Final Action),Pass,pc_final_action,Positive,approve,keyword,high,547,singleton,high,1,51,1,planning_commission/minutes/2021/2021-06-21/2021-06-23_planning-commission-meeting.md,minutes
2098,410,4,1,"approve the June 23, 2021 meeting minutes",Minutes,4:0 Pass,Pass,pc_final_action,Positive,procedural,keyword,high,,,,52,4,1,planning_commission/minutes/2021/2021-07-12/2021-07-14_planning-commission-meeting.md,minutes
2099,410,4,2,"approve PLNPCM2021-00424, PLNPCM2021-00425, and PLNSUB2021-00426, Folsom Row Townhomes - Planned Development, Design Review and Preliminary Subdivision with the conditions listed in the staff report",Planned Development,5:2 Approved (Final Action),Pass,pc_final_action,Positive,approve,keyword,high,548,singleton,high,64,52,1,planning_commission/minutes/2021/2021-07-12/2021-07-14_planning-commission-meeting.md,minutes
2100,410,4,3,"approve the request for Design Review for the reduced front yard setback of 11’ resulting in a front yard setback of 4’ along 500 East, located at approximately 1320 & 1328 South 500 East, subject to three conditions as noted in the staff report dated 7/14/2021 for PLNPCM2021-00068",Design Review,7:0 Approved (Final Action),Pass,pc_final_action,Positive,approve,keyword,high,549,singleton,high,4,1,1,planning_commission/minutes/2021/2021-07-12/2021-07-14_planning-commission-meeting.md,minutes
2101,410,4,4,"recall the vote from the June 23, 2021 Planning Commission Meeting for petitions PLNPCM2020-00047, PLNPCM2021-00048",Other,6:0 Pass,Pass,pc_final_action,,,unclassified,low,,,,52,44,1,planning_commission/minutes/2021/2021-07-12/2021-07-14_planning-commission-meeting.md,minutes
2102,410,4,5,"recommend that the City Council approve the proposed zoning map amendment, as presented in PLNPCM2020-01022",Zoning Map Amendment,Positive recommendation 5:2,Pass,pc_recommendation,Positive,approve,keyword,high,550,singleton,high,52,1,1,planning_commission/minutes/2021/2021-07-12/2021-07-14_planning-commission-meeting.md,minutes
2103,410,4,6,"vote to APPROVE the Design Review application for additional building height for the 150 South Main Street Apartments located at approximately 136, 144 & 156 S Main Street, file PLNPCM2021-00024 with the following conditions listed delegated to City staff for verification during the Building Permit ",Design Review,6:1 Approved (Final Action),Pass,pc_final_action,,approve,keyword,high,551,singleton,high,64,44,1,planning_commission/minutes/2021/2021-07-12/2021-07-14_planning-commission-meeting.md,minutes
2104,411,4,1,"recommend that the City Council approve the proposed Zoning Map Amendment, file number PLNPCM2021-00313, for the property located at 1780 E",Zoning Map Amendment,Positive recommendation 6:0,Pass,pc_recommendation,Positive,approve,keyword,high,552,singleton,high,9,16,1,planning_commission/minutes/2021/2021-07-26/2021-07-28_planning-commission-meeting.md,minutes
2105,411,4,2,"approve the requested Planned Development, file number PLNPCM2021- 00314, for a principal building without street frontage, located at approximately 1780 E",Planned Development,6:0 Approved (Final Action),Pass,pc_final_action,Positive,approve,keyword,high,553,singleton,high,9,52,1,planning_commission/minutes/2021/2021-07-26/2021-07-28_planning-commission-meeting.md,minutes
2106,411,4,3,"approve the requested Design Review, file number PLNPCM2021-00315, for an increased front yard setback for the property located at approximately 1780 E",Design Review,5:0 Approved (Final Action),Pass,pc_final_action,Positive,approve,keyword,high,554,singleton,high,9,16,1,planning_commission/minutes/2021/2021-07-26/2021-07-28_planning-commission-meeting.md,minutes
2107,411,4,4,"approve PLNPCM2021-00248, PLNSUB2021-00242, Azure Place Planned Development and Preliminary Subdivision with the conditions listed in the staff report",Planned Development,6:0 Approved (Final Action),Pass,pc_final_action,Positive,approve,keyword,high,555,singleton,high,1,44,1,planning_commission/minutes/2021/2021-07-26/2021-07-28_planning-commission-meeting.md,minutes
2108,411,4,5,forward a positive recommendation to the City Council for the alley vacation proposed in PLNPCM2021-00413 with the condition listed in the staff report,Street/Alley Closure,Positive recommendation 5:1,Pass,pc_recommendation,Positive,approve,keyword,high,556,singleton,high,16,52,1,planning_commission/minutes/2021/2021-07-26/2021-07-28_planning-commission-meeting.md,minutes
2109,411,4,6,"back at least 10 feet to accommodate the required front yard setback, landscaping, and site distance triangle",Conditional Use,6:0 Approved (Final Action),Pass,pc_final_action,,,unclassified,low,557,singleton,high,1,44,1,planning_commission/minutes/2021/2021-07-26/2021-07-28_planning-commission-meeting.md,minutes
2110,412,4,1,approve,Minutes,5:0 Pass,Pass,pc_final_action,Positive,approve,keyword,high,,,,52,4,1,planning_commission/minutes/2021/2021-08-09/2021-08-11_planning-commission-meeting.md,minutes
2111,412,4,2,approve Conditional Use PLNPCM2021-00669,Conditional Use,5:0 Approved (Final Action),Pass,pc_final_action,Positive,approve,keyword,high,558,singleton,high,4,52,1,planning_commission/minutes/2021/2021-08-09/2021-08-11_planning-commission-meeting.md,minutes
2112,412,4,3,approve petition PLNPCM2020- 00174 with the conditions listed in the staff report,Other,5:0 Pass,Pass,pc_final_action,Positive,approve,keyword,high,,,,64,1,1,planning_commission/minutes/2021/2021-08-09/2021-08-11_planning-commission-meeting.md,minutes
2113,412,4,4,approve the request for Conditional Use for an accessory dwelling unit (ADU) at 1228 South 800 East as presented in petition PLNPCM2021-00009 with the conditions listed in the staff report,Conditional Use,4:0 Approved (Final Action),Pass,pc_final_action,Positive,approve,keyword,high,559,singleton,high,1,52,1,planning_commission/minutes/2021/2021-08-09/2021-08-11_planning-commission-meeting.md,minutes
2114,412,4,5,approve the request for Special Exception for a condensing unit located less than 4 feet from the north lot line of the property at 1228 South 800 East as presented in petition PLNPCM2021-00777 with the conditions listed in the staff report,Special Exception,4:0 Approved (Final Action),Pass,pc_final_action,Positive,approve,keyword,high,560,singleton,high,1,52,1,planning_commission/minutes/2021/2021-08-09/2021-08-11_planning-commission-meeting.md,minutes
2115,412,4,6,recommend that the City Council forward a positive recommendation to City Council for the proposed Master Plan and Zoning Map Amendment for the properties located at 1948 and 1950 South West Temple as requested through the following applications and with the following changes:,Master Plan Amendment,Positive recommendation 5:0,Pass,pc_recommendation,Positive,approve,keyword,high,561,singleton,high,1,64,1,planning_commission/minutes/2021/2021-08-09/2021-08-11_planning-commission-meeting.md,minutes
2116,412,4,7,"uphold the denial for an over height fence Special Exception (PLNPCM2021-00276), and deny the Appellant’s petition PLNAPP2021-00560 with the following findings:",Special Exception,4:1 Denied (Final Action),Pass,pc_final_action,,deny,keyword,high,562,singleton,high,64,52,1,planning_commission/minutes/2021/2021-08-09/2021-08-11_planning-commission-meeting.md,minutes
2117,413,4,1,approve the August 11 meeting minutes,Minutes,5:0 Pass,Pass,pc_final_action,Positive,procedural,keyword,high,,,,64,1,1,planning_commission/minutes/2021/2021-08-23/2021-08-25_planning-commission-meeting.md,minutes
2118,413,4,2,approve this petition based on the findings in the staff report that was just presented,Conditional Use,5:0 Approved (Final Action),Pass,pc_final_action,Positive,approve,keyword,high,563,singleton,high,16,64,1,planning_commission/minutes/2021/2021-08-23/2021-08-25_planning-commission-meeting.md,minutes
2119,413,4,3,forward a positive recommendation to the City Council regarding the proposed amendments to section 21A,Conditional Use,Positive recommendation 4:1,Pass,pc_recommendation,Positive,approve,keyword,high,564,singleton,high,1,52,1,planning_commission/minutes/2021/2021-08-23/2021-08-25_planning-commission-meeting.md,minutes
2120,413,4,4,forward a positive recommendation to the City Council to approve PLNPCM2021- 00575,Other,Positive recommendation 5:0,Pass,pc_recommendation,Positive,approve,keyword,high,,,,52,1,1,planning_commission/minutes/2021/2021-08-23/2021-08-25_planning-commission-meeting.md,minutes
2121,413,4,5,recommend that the City Council adopt PLNPCM2021-00511 technology related land uses zoning amendments as proposed,Zoning Map Amendment,Positive recommendation 5:0,Pass,pc_recommendation,Positive,approve,keyword,high,565,singleton,high,1,16,1,planning_commission/minutes/2021/2021-08-23/2021-08-25_planning-commission-meeting.md,minutes
2122,414,4,1,"approve the August 25, 2021 meeting minutes",Minutes,3:0 Pass,Pass,pc_final_action,Positive,procedural,keyword,high,,,,16,52,1,planning_commission/minutes/2021/2021-09-06/2021-09-08_planning-commission-meeting.md,minutes
2123,414,4,3,forward a favorable recommendation to the City Council for the Master Plan (PLNPCM2021-00047) and Zoning (PLNPCM2021-00048) amendments with the following conditions:,Master Plan Amendment,Negative recommendation 2:3,Fail,pc_recommendation,,approve,keyword,high,566,singleton,high,4,44,1,planning_commission/minutes/2021/2021-09-06/2021-09-08_planning-commission-meeting.md,minutes
2124,414,4,4,"recommend that the City Council deny the Master Plan (PLNPCM2021-00047) and Zoning (PLNPCM2021- 00048) amendments, for the following reasons:",Master Plan Amendment,Negative recommendation 3:2,Pass,pc_recommendation,Negative,deny,keyword,high,567,singleton,high,52,16,1,planning_commission/minutes/2021/2021-09-06/2021-09-08_planning-commission-meeting.md,minutes
2125,414,4,5,approve the Conditional Use request (PLNPCM2021-00653) with the conditions listed in the staff report,Conditional Use,4:0 Approved (Final Action),Pass,pc_final_action,Positive,approve,keyword,high,568,singleton,high,52,16,1,planning_commission/minutes/2021/2021-09-06/2021-09-08_planning-commission-meeting.md,minutes
2126,415,4,1,approve PLNPCM2021-00372,Special Exception,7:0 Approved (Final Action),Pass,pc_final_action,Positive,approve,keyword,high,569,singleton,high,54,64,1,planning_commission/minutes/2021/2021-09-20/2021-09-22_planning-commission-meeting.md,minutes
2127,415,4,2,"approve the Planned Development petition (PLNPCM2021-00421) and Preliminary Condo Plat (PLNSUB2021- 00789) as proposed, subject to complying with the conditions listed in the staff report",Planned Development,7:0 Approved (Final Action),Pass,pc_final_action,Positive,approve,keyword,high,570,singleton,high,4,16,1,planning_commission/minutes/2021/2021-09-20/2021-09-22_planning-commission-meeting.md,minutes
2128,415,4,3,"vote to APPROVE the Design Review application for the @2100 II Apartments located at approximately 1967 S 300 West, file PLNPCM2021-00204",Design Review,8:0 Approved (Final Action),Pass,pc_final_action,,approve,keyword,high,571,singleton,high,64,1,1,planning_commission/minutes/2021/2021-09-20/2021-09-22_planning-commission-meeting.md,minutes
2129,415,4,4,"recommend that the City Council approve the proposed text amendment, PLNPCM2021-00635 Significant Water Consuming Land Uses Text Amendment",Zoning Text Amendment,Positive recommendation 8:0,Pass,pc_recommendation,Positive,approve,keyword,high,572,singleton,high,52,4,1,planning_commission/minutes/2021/2021-09-20/2021-09-22_planning-commission-meeting.md,minutes
2130,416,4,1,approve the request for Design Review located at approximately 850 & 870 E,Design Review,6:0 Approved (Final Action),Pass,pc_final_action,Positive,approve,keyword,high,573,singleton,high,64,1,1,planning_commission/minutes/2021/2021-10-11/2021-10-13_planning-commission-meeting.md,minutes
2131,416,4,2,the fence and provide landscaping,Planned Development,6:0 Approved (Final Action),Pass,pc_final_action,,,unclassified,low,574,singleton,high,13,54,1,planning_commission/minutes/2021/2021-10-11/2021-10-13_planning-commission-meeting.md,minutes
2132,416,4,3,"approve the Design Review and Planned Development, as presented in petition PLNPCM2020-00168 & PLNPCM2020-00167 with the following conditions:",Planned Development,5:1 Approved (Final Action),Pass,pc_final_action,Positive,approve,keyword,high,575,singleton,high,64,52,1,planning_commission/minutes/2021/2021-10-11/2021-10-13_planning-commission-meeting.md,minutes
2133,416,4,4,approve the request PLNPCM2021-00524 Gabbott’s Row Planned Development with the conditions listed in the staff report,Planned Development,6:0 Approved (Final Action),Pass,pc_final_action,Positive,approve,keyword,high,576,singleton,high,,52,1,planning_commission/minutes/2021/2021-10-11/2021-10-13_planning-commission-meeting.md,minutes
2134,416,4,5,"approve the requested Planned Development and Design Review, file numbers PLNPCM2021-00071 and PLNPCM2021- 00651, for a new multi-family building located at 74, 64, and 52 S",Planned Development,6:0 Approved (Final Action),Pass,pc_final_action,Positive,approve,keyword,high,577,singleton,high,1,64,1,planning_commission/minutes/2021/2021-10-11/2021-10-13_planning-commission-meeting.md,minutes
2135,416,4,6,approve the Design Review and Planned,Design Review,5:0 Approved (Final Action),Pass,pc_final_action,Positive,approve,keyword,high,578,singleton,high,1,54,1,planning_commission/minutes/2021/2021-10-11/2021-10-13_planning-commission-meeting.md,minutes
2136,416,4,7,approve the Design Review (Petition PLNPCM2021-00503) for a building height of 85’ subject to the following conditions: 1,Design Review,5:0 Approved (Final Action),Pass,pc_final_action,Positive,approve,keyword,high,579,singleton,high,13,54,1,planning_commission/minutes/2021/2021-10-11/2021-10-13_planning-commission-meeting.md,minutes
2137,416,4,8,"the Planning Commission approve the Conditional Use for the bar establishment at 1508 S 1500 East, petition PLNPCM2021-00682, with the following condition of approval:",Conditional Use,6:0 Approved (Final Action),Pass,pc_final_action,,approve,keyword,high,580,singleton,high,54,1,1,planning_commission/minutes/2021/2021-10-11/2021-10-13_planning-commission-meeting.md,minutes
2138,416,4,9,approve the requested modifications to the previously approved design for Kensington Tower located at approximately 89 E,Design Review,6:0 Approved (Final Action),Pass,pc_final_action,Positive,approve,keyword,high,581,singleton,high,13,54,1,planning_commission/minutes/2021/2021-10-11/2021-10-13_planning-commission-meeting.md,minutes
2139,417,4,1,"that based on the staff report and information presented, she moved that the Planning Commission approve the request for a conditional use for an ADU in plan case PLNPCM2021-00805",Conditional Use,8:0 Approved (Final Action),Pass,pc_final_action,,approve,keyword,high,582,singleton,high,52,13,1,planning_commission/minutes/2021/2021-10-25/2021-10-27_planning-commission-meeting.md,minutes
2140,417,4,2,approve the Design Review (Petition PLNPCM2021-00649) for a building height of 86’ subject to the following conditions: 1,Design Review,8:0 Approved (Final Action),Pass,pc_final_action,Positive,approve,keyword,high,583,singleton,high,54,8,1,planning_commission/minutes/2021/2021-10-25/2021-10-27_planning-commission-meeting.md,minutes
2141,417,4,3,"approve the request for Conditional Use for the duplex addition at 1224-1226 S 300 E, as presented in petition PLNPCM2021-00652, with the conditions listed in the staff report",Conditional Use,8:0 Approved (Final Action),Pass,pc_final_action,Positive,approve,keyword,high,584,singleton,high,52,13,1,planning_commission/minutes/2021/2021-10-25/2021-10-27_planning-commission-meeting.md,minutes
2142,417,4,4,"transmit a positive recommendation to City Council in regard to the proposed Alley Vacation, filePLNPCM2021-00806with the followingcondition:1",Street/Alley Closure,Positive recommendation 7:1,Pass,pc_recommendation,Positive,approve,keyword,high,585,singleton,high,13,54,1,planning_commission/minutes/2021/2021-10-25/2021-10-27_planning-commission-meeting.md,minutes
2143,417,4,5,"recommend that the City Council approve the proposed Zoning Map Amendment, file PLNPCM2021-00787 for the properties located at 1850 W Indiana Avenue and 1965 West 500 South respectively, proposed zone change from the PL (Public Lands) zoning district to the FB-UN2 (Form Based Urban Neighborhood) zon",Zoning Map Amendment,Positive recommendation 7:1,Pass,pc_recommendation,Positive,approve,keyword,high,586,singleton,high,13,54,1,planning_commission/minutes/2021/2021-10-25/2021-10-27_planning-commission-meeting.md,minutes
2144,418,4,1,approve,Planned Development,8:0 Approved (Final Action),Pass,pc_final_action,Positive,approve,keyword,high,587,singleton,high,64,13,1,planning_commission/minutes/2021/2021-11-08/2021-11-10_planning-commission-meeting.md,minutes
2145,418,4,2,approve petition PLNPCM2021- 00545 with the conditions listed in the staff report,Subdivision/Plat,8:0 Approved (Final Action),Pass,pc_final_action,Positive,approve,keyword,high,588,singleton,high,13,54,1,planning_commission/minutes/2021/2021-11-08/2021-11-10_planning-commission-meeting.md,minutes
2146,418,4,3,approve the Design Review for the Alta Terra Sugar House South building at approximately 1132 East Ashton Avenue(petition PLNPCM2021-00691)with the following condition of approval: 1,Design Review,8:0 Approved (Final Action),Pass,pc_final_action,Positive,approve,keyword,high,589,singleton,high,1,52,1,planning_commission/minutes/2021/2021-11-08/2021-11-10_planning-commission-meeting.md,minutes
2147,418,4,4,that we table this set of applications,Zoning Map Amendment,Positive recommendation 8:0,Pass,pc_recommendation,Positive,table,keyword,high,590,singleton,high,13,64,1,planning_commission/minutes/2021/2021-11-08/2021-11-10_planning-commission-meeting.md,minutes
2148,419,4,1,approve the minutes,Minutes,4:0 Pass,Pass,pc_final_action,Positive,procedural,keyword,high,,,,52,54,1,planning_commission/minutes/2021/2021-12-06/2021-12-08_planning-commission-meeting.md,minutes
2149,419,4,2,approve the Conditional Use request (PLNPCM2021-00533) subject to the conditions listed in the staff report,Conditional Use,6:0 Approved (Final Action),Pass,pc_final_action,Positive,approve,keyword,high,591,singleton,high,8,54,1,planning_commission/minutes/2021/2021-12-06/2021-12-08_planning-commission-meeting.md,minutes
2150,419,4,4,approve the Planned Development request for the Central Park Townhouses (PLNPCM2021-00886) and Preliminary Subdivision (PLNSUB2021-00882) subject to the conditions listed in the staff report,Planned Development,2:4 Denied (Final Action),Fail,pc_final_action,,approve,keyword,high,592,singleton,high,2,54,1,planning_commission/minutes/2021/2021-12-06/2021-12-08_planning-commission-meeting.md,minutes
2151,419,4,5,the planning commission deny the planned development request for central park townhouses PLNPCM2021-00886 and preliminary subdivision PLNSUB2021-00882 because evidence is not presented been presented to demonstrate the proposal complies with the following standards and I would look at: C,Planned Development,4:2 Denied (Final Action),Pass,pc_final_action,,deny,keyword,high,593,singleton,high,52,44,1,planning_commission/minutes/2021/2021-12-06/2021-12-08_planning-commission-meeting.md,minutes
2152,419,4,6,"recommend that the City Council deny the proposed text amendment, PLNPCM2020-00284 Stealth Wireless Facility Zoning Text Amendment",Zoning Text Amendment,Negative recommendation 5:0,Pass,pc_recommendation,Negative,deny,keyword,high,594,singleton,high,2,54,1,planning_commission/minutes/2021/2021-12-06/2021-12-08_planning-commission-meeting.md,minutes
2153,419,4,7,forward a positive recommendation regarding the requested zoning map amendment for the property located at approximately 550 S,Zoning Map Amendment,Positive recommendation 4:2,Pass,pc_recommendation,Positive,approve,keyword,high,595,singleton,high,8,44,1,planning_commission/minutes/2021/2021-12-06/2021-12-08_planning-commission-meeting.md,minutes
2154,419,4,8,recommend that the City,Other,6:0 Pass,Pass,pc_recommendation,Positive,,unclassified,low,,,,2,54,1,planning_commission/minutes/2021/2021-12-06/2021-12-08_planning-commission-meeting.md,minutes
2155,420,4,1,approve the Conditional Use request (PLNPCM2021-00663) as proposed,Conditional Use,7:0 Approved (Final Action),Pass,pc_final_action,Positive,approve,keyword,high,596,singleton,high,9,54,1,planning_commission/minutes/2021/2021-12-13/2021-12-15_planning-commission-meeting.md,minutes
2156,420,4,2,forwards a positive recommendation to the City Council to approve PLNPCM2021-00614 Street Vacation at 601 South 900 East,Street/Alley Closure,Positive recommendation 7:0,Pass,pc_recommendation,Positive,approve,keyword,high,597,singleton,high,54,52,1,planning_commission/minutes/2021/2021-12-13/2021-12-15_planning-commission-meeting.md,minutes
2157,420,4,3,approve the Planned Development petition (PLNPCM2020- 00464) with the condition: 1,Planned Development,6:1 Approved (Final Action),Pass,pc_final_action,Positive,approve,keyword,high,598,singleton,high,8,54,1,planning_commission/minutes/2021/2021-12-13/2021-12-15_planning-commission-meeting.md,minutes
2158,420,4,4,"table this item to allow the applicant to address and update the unit mix, and to have their UDOT approval, and give them time to look at additional changes to the façade that make it more pedestrian friendly",Procedural/Administrative,6:1 Pass,Pass,pc_final_action,,table,keyword,high,,,,52,44,1,planning_commission/minutes/2021/2021-12-13/2021-12-15_planning-commission-meeting.md,minutes
2159,420,4,5,"vote to APPROVE the proposed Design Review & Planned Development applications for the Rivers Edge at Redwood Townhomes located at 750 North Redwood Road, files PLNPCM2021-00606 and PLNPCM2021-00702 with the conditions of approval listed in the staff report",Planned Development,7:0 Approved (Final Action),Pass,pc_final_action,,approve,keyword,high,599,singleton,high,8,54,1,planning_commission/minutes/2021/2021-12-13/2021-12-15_planning-commission-meeting.md,minutes
2160,420,4,6,"forward a recommendation to the City Council to approve the request to rezone the property located at 1330 South 700 West from R-1- 7,000 to CBfor petition PLNPCM2021-00257, subject to complying with the following condition listed in the staff report: 1",Zoning Map Amendment,Positive recommendation 7:0,Pass,pc_recommendation,Positive,approve,keyword,high,600,singleton,high,54,8,1,planning_commission/minutes/2021/2021-12-13/2021-12-15_planning-commission-meeting.md,minutes
2161,420,4,7,forward a positive recommendation to the City Council to approve PLNPCM2021-00915 with the following condition: 1,Other,Positive recommendation 7:0,Pass,pc_recommendation,Positive,approve,keyword,high,,,,13,8,1,planning_commission/minutes/2021/2021-12-13/2021-12-15_planning-commission-meeting.md,minutes
2162,421,4,1,approve the consent agenda,Consent Agenda,7:0 Pass,Pass,pc_final_action,Positive,procedural,keyword,high,,,,52,,1,planning_commission/minutes/2022/2022-01-10/2022-01-12_planning-commission-meeting.md,minutes
2163,421,4,3,the planning commission delegate its authority to the planning director or designee to make recommendations to the mayor regarding applications to the design standards stated in chapter 20,Subdivision/Plat,6:2 Approved (Final Action),Pass,pc_final_action,Positive,,unclassified,low,601,singleton,high,1,,1,planning_commission/minutes/2022/2022-01-10/2022-01-12_planning-commission-meeting.md,minutes
2164,421,4,4,approve the Conditional Use and Special Exception requests as presented in petitions PLNPCM2021-00344 and PLNPCM2021-00345 with the conditions listed in the staff report and the follow additional conditions that the applicant complies with all city ordinances concerning the rental of the existing pr,Conditional Use,5:3 Approved (Final Action),Pass,pc_final_action,Positive,approve,keyword,high,602,singleton,high,1,54,1,planning_commission/minutes/2022/2022-01-10/2022-01-12_planning-commission-meeting.md,minutes
2165,421,4,5,approve the Arment Accessory Dwelling Unit (ADU)- Conditional Use application PLNPCM2021-00899,Conditional Use,8:0 Approved (Final Action),Pass,pc_final_action,Positive,approve,keyword,high,603,singleton,high,54,8,1,planning_commission/minutes/2022/2022-01-10/2022-01-12_planning-commission-meeting.md,minutes
2166,421,4,6,approve the conditional use request to establish a detached accessory dwelling unit located at approximately 529 East Sherman Avenue (petition #PLNPCM2021-00969),Conditional Use,8:0 Approved (Final Action),Pass,pc_final_action,Positive,approve,keyword,high,604,singleton,high,52,13,1,planning_commission/minutes/2022/2022-01-10/2022-01-12_planning-commission-meeting.md,minutes
2167,421,4,7,approve the conditional use for the bar establishment with the following conditions:,Conditional Use,8:0 Approved (Final Action),Pass,pc_final_action,Positive,approve,keyword,high,605,singleton,high,13,2,1,planning_commission/minutes/2022/2022-01-10/2022-01-12_planning-commission-meeting.md,minutes
2168,421,4,8,"approve the Design Review request (PLNPCM2021-00199) for the project located at approximately 241 W 400 S, subject to complying with the conditions listed in the staff report",Design Review,8:0 Approved (Final Action),Pass,pc_final_action,Positive,approve,keyword,high,606,singleton,high,54,13,1,planning_commission/minutes/2022/2022-01-10/2022-01-12_planning-commission-meeting.md,minutes
2169,421,4,9,forward a negative recommendation to the City Council to remove the uses of the land use tables for homeless shelters and homeless resource centers,Other,Negative recommendation 7:1,Pass,pc_recommendation,Negative,deny,keyword,high,,,,2,44,1,planning_commission/minutes/2022/2022-01-10/2022-01-12_planning-commission-meeting.md,minutes
2170,422,4,1,approve the consent agenda,Consent Agenda,7:0 Pass,Pass,pc_final_action,Positive,procedural,keyword,high,,,,52,,1,planning_commission/minutes/2022/2022-01-24/2022-01-26_planning-commission-meeting.md,minutes
2171,422,4,2,approve the Conditional Use request (PLNPCM2021-00930),Conditional Use,8:0 Approved (Final Action),Pass,pc_final_action,Positive,approve,keyword,high,607,singleton,high,8,,1,planning_commission/minutes/2022/2022-01-24/2022-01-26_planning-commission-meeting.md,minutes
2172,422,4,3,approve the conditional use request to establish a detached accessory dwelling unit located at approximately 2346 S Park Street (case number #PLNPCM2021-01122),Conditional Use,8:0 Approved (Final Action),Pass,pc_final_action,Positive,approve,keyword,high,608,singleton,high,1,54,1,planning_commission/minutes/2022/2022-01-24/2022-01-26_planning-commission-meeting.md,minutes
2173,422,4,4,"approve the Planned Development, Design Review, and Preliminary Subdivision (Petitions PLNPCM2021-00824, PLNPCM2021-00825, and PLNSUB2021-00826) for the Chicago Street Townhomes subject to the following conditions: 1",Planned Development,8:0 Approved (Final Action),Pass,pc_final_action,Positive,approve,keyword,high,609,singleton,high,54,8,1,planning_commission/minutes/2022/2022-01-24/2022-01-26_planning-commission-meeting.md,minutes
2174,422,4,5,approve the LaraDean Townhomes Planned Development and Preliminary Plat applications PLNPCM2021-00847 & PLNSUB2021-00848,Planned Development,7:0 Approved (Final Action),Pass,pc_final_action,Positive,approve,keyword,high,610,singleton,high,8,54,1,planning_commission/minutes/2022/2022-01-24/2022-01-26_planning-commission-meeting.md,minutes
2175,422,4,6,forward a Positive Recommendation to the City Council for the requested General Plan Map Amendment (case number PLNPCM2021-01041) from Low Density Residential (5-10 dwelling units per acre) to Medium Density Residential (8-20 dwelling units per acre) for approximately 0,Master Plan Amendment,Positive recommendation 7:1,Pass,pc_recommendation,Positive,approve,keyword,high,611,singleton,high,1,8,1,planning_commission/minutes/2022/2022-01-24/2022-01-26_planning-commission-meeting.md,minutes
2176,422,4,7,"forward a Positive Recommendation to the City Council for the requested Zoning Plan Map Amendment (case number PLNPCM2021-01042) from R-1- 7,000 to RMF-35 for approximately 0",Zoning Map Amendment,Positive recommendation 7:1,Pass,pc_recommendation,Positive,approve,keyword,high,612,singleton,high,1,13,1,planning_commission/minutes/2022/2022-01-24/2022-01-26_planning-commission-meeting.md,minutes
2177,422,4,8,"approve the Design Review request for the Alta Terra North project located at 1121 East Ashton Avenue for petition PLNPCM2021-00548, subject to complying with the following condition listed in the staff report: 1",Design Review,8:0 Approved (Final Action),Pass,pc_final_action,Positive,approve,keyword,high,613,singleton,high,13,54,1,planning_commission/minutes/2022/2022-01-24/2022-01-26_planning-commission-meeting.md,minutes
2178,423,4,1,"initiate a petition to update the ADU regulations of the city in order to make all ADUs permitted uses and make other necessary changes to do so, including changes to comply with Utah Code changes adopted in 2021 and clarifying applicable standards so they can be administered as permitted uses",Conditional Use,6:0 Approved (Final Action),Pass,pc_final_action,,approve,keyword,high,614,singleton,high,8,54,1,planning_commission/minutes/2022/2022-02-07/2022-02-09_planning-commission-meeting.md,minutes
2179,423,4,2,approve the consent agenda,Consent Agenda,6:0 Pass,Pass,pc_final_action,Positive,procedural,keyword,high,,,,54,1,1,planning_commission/minutes/2022/2022-02-07/2022-02-09_planning-commission-meeting.md,minutes
2180,423,4,3,approve the Special Exception request (PLNPCM2021-00976) as proposed,Special Exception,6:0 Approved (Final Action),Pass,pc_final_action,Positive,approve,keyword,high,615,singleton,high,1,54,1,planning_commission/minutes/2022/2022-02-07/2022-02-09_planning-commission-meeting.md,minutes
2181,423,4,4,approve the Planned Development and Design Review (Petitions PLNPCM2021-01092 and PLNPCM2021-001254) for The Harvey subject to the following conditions: 1,Planned Development,6:0 Approved (Final Action),Pass,pc_final_action,Positive,approve,keyword,high,616,singleton,high,54,1,1,planning_commission/minutes/2022/2022-02-07/2022-02-09_planning-commission-meeting.md,minutes
2182,423,4,5,forward a Positive Recommendation to the City Council for the requested General Plan Map Amendment from Low Density Residential (1-5 dwelling units per acre) to Medium Density Residential (15-30 dwelling units per acre) for 0,Master Plan Amendment,Positive recommendation 6:0,Pass,pc_recommendation,Positive,approve,keyword,high,617,singleton,high,1,8,1,planning_commission/minutes/2022/2022-02-07/2022-02-09_planning-commission-meeting.md,minutes
2183,423,4,6,"forward a Positive Recommendation to the City Council for the requested Zoning Plan Map Amendment from R-1- 5,000 to RMF-35 for 0",Zoning Map Amendment,Positive recommendation 6:0,Pass,pc_recommendation,Positive,approve,keyword,high,618,singleton,high,54,8,1,planning_commission/minutes/2022/2022-02-07/2022-02-09_planning-commission-meeting.md,minutes
2184,424,4,1,(motion text not captured),Minutes,7:0 Pass,Pass,pc_final_action,,,uncaptured,low,,,,,,1,planning_commission/minutes/2022/2022-02-21/2022-02-23_planning-commission-meeting.md,minutes
2185,424,4,2,"Approve with Modifications Recommended by the Planning Commission: Based on the findings listed in the staff report, the information presented, and input received during the public hearing, I move that the Planning Commission approve the Conditional Use petition (PLNPCM2021-01273) as proposed, with ",Conditional Use,7:0 Approved (Final Action),Pass,pc_final_action,Positive,approve,keyword,high,619,singleton,high,13,8,1,planning_commission/minutes/2022/2022-02-21/2022-02-23_planning-commission-meeting.md,minutes
2186,424,4,3,forward a favorable recommendation to the mayor to declare the alley surplus property and for the City Council to vacate the alley with the following condition:,Other,Positive recommendation 7:0,Pass,pc_recommendation,Positive,approve,keyword,high,,,,13,54,1,planning_commission/minutes/2022/2022-02-21/2022-02-23_planning-commission-meeting.md,minutes
2187,424,4,4,"approve the Planned Development petition (PLNPCM2021-00958) and Preliminary Subdivision Plat (PLNSUB2021-01151) as proposed, subject to complying with the conditions listed in the staff report",Planned Development,4:3 Approved (Final Action),Pass,pc_final_action,Positive,approve,keyword,high,620,singleton,high,1,54,1,planning_commission/minutes/2022/2022-02-21/2022-02-23_planning-commission-meeting.md,minutes
2188,424,4,5,"approve the Planned Development request for the Glendale Town homes project located at 1179 South Navajo Street for petition PLNPCM2021-00378, subject to complying with the following condition listed in the staff report:",Planned Development,7:0 Approved (Final Action),Pass,pc_final_action,Positive,approve,keyword,high,621,singleton,high,54,13,1,planning_commission/minutes/2022/2022-02-21/2022-02-23_planning-commission-meeting.md,minutes
2189,424,4,6,forward a positive recommendation to the City Council to approve PLNPCM2021-01073,Other,Positive recommendation 7:0,Pass,pc_recommendation,Positive,approve,keyword,high,,,,13,54,1,planning_commission/minutes/2022/2022-02-21/2022-02-23_planning-commission-meeting.md,minutes
2190,424,4,7,forward a negative recommendation to the City Council for the requested zoning text amendment for carriage house reconstruction,Zoning Text Amendment,Negative recommendation 7:0,Pass,pc_recommendation,Negative,deny,keyword,high,622,singleton,high,8,2,1,planning_commission/minutes/2022/2022-02-21/2022-02-23_planning-commission-meeting.md,minutes
2191,425,4,1,approve the minutes for the previous meeting,Minutes,7:0 Pass,Pass,pc_final_action,Positive,procedural,keyword,high,,,,13,54,1,planning_commission/minutes/2022/2022-03-07/2022-03-09_planning-commission-meeting.md,minutes
2192,425,4,2,"approve the Conditional Use for the ADU, petition PLNPCM2021-01180",Conditional Use,6:0 Approved (Final Action),Pass,pc_final_action,Positive,approve,keyword,high,623,singleton,high,54,52,1,planning_commission/minutes/2022/2022-03-07/2022-03-09_planning-commission-meeting.md,minutes
2193,425,4,3,approve the Planned Development petition (PLNPCM2021-00927),Planned Development,7:0 Approved (Final Action),Pass,pc_final_action,Positive,approve,keyword,high,624,singleton,high,52,54,1,planning_commission/minutes/2022/2022-03-07/2022-03-09_planning-commission-meeting.md,minutes
2194,425,4,4,"table the Planned Development asking the applicant to address standards C1, C3 and D1 at a future date with a public hearing",Planned Development,6:1 Approved (Final Action),Pass,pc_final_action,,table,keyword,high,625,singleton,high,52,52,1,planning_commission/minutes/2022/2022-03-07/2022-03-09_planning-commission-meeting.md,minutes
2195,425,4,5,table the Conditional Use request,Conditional Use,7:0 Approved (Final Action),Pass,pc_final_action,,table,keyword,high,626,singleton,high,13,54,1,planning_commission/minutes/2022/2022-03-07/2022-03-09_planning-commission-meeting.md,minutes
2196,425,4,6,"that the Salt Lake City Planning Commission March 9, 2022 Page 9 Planning Commission approve the Design Review and Planned Development request for the Liberty Duet project located at approximately 353 E 500 South for petitions PLNPCM2021-01109 and PLNPCM2021-01150, subject to complying with the foll",Planned Development,6:1 Approved (Final Action),Pass,pc_final_action,,approve,keyword,high,627,singleton,high,8,54,1,planning_commission/minutes/2022/2022-03-07/2022-03-09_planning-commission-meeting.md,minutes
2197,425,4,7,approve the Design Review item number PLNPCM2021-01023 with the regulations and the conditions below: 1,Design Review,7:0 Approved (Final Action),Pass,pc_final_action,Positive,approve,keyword,high,628,singleton,high,8,52,1,planning_commission/minutes/2022/2022-03-07/2022-03-09_planning-commission-meeting.md,minutes
2198,425,4,8,"vote to APPROVE the Design Review application for the Southern Highlands Apartments located at approximately 913 & 927 South 400 West, file PLNPCM2021-00929 with the conditions of approval listed in the staff report delegated to staff for verification during the Building Permit review",Design Review,7:0 Approved (Final Action),Pass,pc_final_action,,approve,keyword,high,629,singleton,high,13,54,1,planning_commission/minutes/2022/2022-03-07/2022-03-09_planning-commission-meeting.md,minutes
2199,426,4,1,approve the minutes,Minutes,4:0 Pass,Pass,pc_final_action,Positive,procedural,keyword,high,,,,52,2,1,planning_commission/minutes/2022/2022-03-21/2022-03-23_planning-commission-meeting.md,minutes
2200,426,4,2,approve the Accessory Dwelling Unit (ADU) Conditional Use application PLNPCM2021-01285,Conditional Use,5:0 Approved (Final Action),Pass,pc_final_action,Positive,approve,keyword,high,630,singleton,high,4,1,1,planning_commission/minutes/2022/2022-03-21/2022-03-23_planning-commission-meeting.md,minutes
2201,426,4,3,"approve the request for Planned Development for new mixed-use construction in the CG zoning district at approximately 43W 700 South, 720 S 400 West, and 704 S 400 West with the following conditions: 1",Planned Development,5:0 Approved (Final Action),Pass,pc_final_action,Positive,approve,keyword,high,631,singleton,high,1,44,1,planning_commission/minutes/2022/2022-03-21/2022-03-23_planning-commission-meeting.md,minutes
2202,426,4,4,"approve their quest for Design Review for additional height for new mixed-use construction in the CG zoning district atapproximately43 W 700 South,720 S 400 West, and 704 S 400 West with the following conditions: 1",Design Review,5:0 Approved (Final Action),Pass,pc_final_action,Positive,approve,keyword,high,632,singleton,high,1,44,1,planning_commission/minutes/2022/2022-03-21/2022-03-23_planning-commission-meeting.md,minutes
2203,426,4,5,send a positive recommendation to the Mayor for the block size modification as requested as part of Preliminary Subdivision request PLNSUB2021-00740,Subdivision/Plat,5:0 Approved (Final Action),Pass,pc_final_action,Positive,approve,keyword,high,633,singleton,high,13,1,1,planning_commission/minutes/2022/2022-03-21/2022-03-23_planning-commission-meeting.md,minutes
2204,426,4,6,"approve the Preliminary Subdivision request (PLNSUB2021-00740) for the Swaner Subdivision located at approximately 2691 N 2200 West, with the conditions listed in the staff report",Subdivision/Plat,5:0 Approved (Final Action),Pass,pc_final_action,Positive,approve,keyword,high,634,singleton,high,52,13,1,planning_commission/minutes/2022/2022-03-21/2022-03-23_planning-commission-meeting.md,minutes
2205,426,4,7,"Salt Lake City Planning Commission March 23, 2022 Page 9 forward a positive recommendation to the City Council for a R-MU-35 zoning change that was on the parcel part of PLNPCM2021-01077",Zoning Map Amendment,Positive recommendation 5:0,Pass,pc_recommendation,Positive,approve,keyword,high,635,singleton,high,13,1,1,planning_commission/minutes/2022/2022-03-21/2022-03-23_planning-commission-meeting.md,minutes
2206,426,4,8,"transmit a favorable recommendation to the City Council regarding petition PLNPCM2021-01228, an amendment to Section 21A",Other,Positive recommendation 5:0,Pass,pc_recommendation,Positive,approve,keyword,high,,,,1,,1,planning_commission/minutes/2022/2022-03-21/2022-03-23_planning-commission-meeting.md,minutes
2207,427,4,1,approve the consent agenda,Consent Agenda,6:0 Pass,Pass,pc_final_action,Positive,procedural,keyword,high,,,,13,52,1,planning_commission/minutes/2022/2022-04-11/2022-04-13_planning-commission-meeting.md,minutes
2208,427,4,2,"forward a positive recommendation to the City Council to approve PLNPCM2021-01242 and PLNPCM2021-01202 with the recommendation of a development agreement stipulating what conditions happen around the perimeter of the site concerning the trail, the adjacent roads, the railway, and that the unit confi",Other,Positive recommendation 9:0,Pass,pc_recommendation,Positive,approve,keyword,high,636,singleton,high,44,54,1,planning_commission/minutes/2022/2022-04-11/2022-04-13_planning-commission-meeting.md,minutes
2209,428,4,1,"approve the April 13, 2022 meeting minutes",Minutes,6:0 Pass,Pass,pc_final_action,Positive,procedural,keyword,high,,,,52,13,1,planning_commission/minutes/2022/2022-04-25/2022-04-27_planning-commission-meeting.md,minutes
2210,428,4,2,"approve the Conditional Use for the ADU, petition PLNPCM2022-00091",Conditional Use,7:0 Approved (Final Action),Pass,pc_final_action,Positive,approve,keyword,high,637,singleton,high,8,52,1,planning_commission/minutes/2022/2022-04-25/2022-04-27_planning-commission-meeting.md,minutes
2211,428,4,3,approve the request for Design Review located at approximately 465 S,Design Review,4:2 Approved (Final Action),Pass,pc_final_action,Positive,approve,keyword,high,638,singleton,high,8,52,1,planning_commission/minutes/2022/2022-04-25/2022-04-27_planning-commission-meeting.md,minutes
2212,428,4,4,forward a positive recommendation to the City Council to approve PLNPCM2020- 00152,Zoning Map Amendment,Positive recommendation 4:2,Pass,pc_recommendation,Positive,approve,keyword,high,639,singleton,high,2,52,1,planning_commission/minutes/2022/2022-04-25/2022-04-27_planning-commission-meeting.md,minutes
2213,428,4,5,forward a positive recommendation to the City Council to approve PLNPCM2020-00153,Other,Positive recommendation 4:3,Pass,pc_recommendation,Positive,approve,keyword,high,,,,2,52,1,planning_commission/minutes/2022/2022-04-25/2022-04-27_planning-commission-meeting.md,minutes
2214,428,4,6,"vote to APPROVE the Planned Development application for the Coachman Mixed Use located at approximately 1301 S State Street, file PLNPCM2021-00898 with the following conditions: 1",Planned Development,7:0 Approved (Final Action),Pass,pc_final_action,,approve,keyword,high,640,singleton,high,13,44,1,planning_commission/minutes/2022/2022-04-25/2022-04-27_planning-commission-meeting.md,minutes
2215,429,4,1,that the petition be tabled,Other,9:0 Pass,Pass,pc_final_action,,,unclassified,low,,,,54,13,1,planning_commission/minutes/2022/2022-05-09/2022-05-11_planning-commission-meeting.md,minutes
2216,429,4,2,approve the requested modifications to the previously approved Planned Development and Design Review (Petitions PLNPCM2021-01092 and PLNPCM2021- 001254) for The Harvey,Planned Development,9:0 Approved (Final Action),Pass,pc_final_action,Positive,approve,keyword,high,641,singleton,high,13,54,1,planning_commission/minutes/2022/2022-05-09/2022-05-11_planning-commission-meeting.md,minutes
2217,429,4,3,"approve the modification to lot 2 of the Sugar House Heights Planned Development, project number PLNSUB2017-01027",Planned Development,8:0 Approved (Final Action),Pass,pc_final_action,Positive,approve,keyword,high,642,singleton,high,1,52,1,planning_commission/minutes/2022/2022-05-09/2022-05-11_planning-commission-meeting.md,minutes
2218,429,4,4,approve the Planned Development request for the Row at Ballpark located at approximately 367 West 1700 South as proposed,Planned Development,9:0 Approved (Final Action),Pass,pc_final_action,Positive,approve,keyword,high,643,singleton,high,2,54,1,planning_commission/minutes/2022/2022-05-09/2022-05-11_planning-commission-meeting.md,minutes
2219,429,4,5,"approve the Planned Development Petition PLMPCM2021-01306 as proposed because evidence Salt Lake City Planning Commission May 11, 2022 Page 12 has been presented that demonstrates that the proposal complies with the following standards: that the staff report concludes the application meets two objec",Planned Development,7:1 Approved (Final Action),Pass,pc_final_action,Positive,approve,keyword,high,644,singleton,high,1,13,1,planning_commission/minutes/2022/2022-05-09/2022-05-11_planning-commission-meeting.md,minutes
2220,429,4,6,approve Conditional Use application PLNPCM2022-00019 - Conditional Use for the Volunteers of America Large Group Home subject to the conditions listed in the staff report as follows: a,Conditional Use,8:1 Approved (Final Action),Pass,pc_final_action,Positive,approve,keyword,high,645,singleton,high,8,2,1,planning_commission/minutes/2022/2022-05-09/2022-05-11_planning-commission-meeting.md,minutes
2221,430,4,2,approve the preliminary plat request PLNSUB2021-00866 located at approximately 1012 West 200 South subject to complying to the conditions listed in the staff report,Subdivision/Plat,8:0 Approved (Final Action),Pass,pc_final_action,Positive,approve,keyword,high,646,singleton,high,,,1,planning_commission/minutes/2022/2022-05-23/2022-05-25_planning-commission-meeting.md,minutes
2222,430,4,3,"approve the planned development request PLNPCM2021-00870, the project located at approximately 1012 West 200 South, subject to complying with the conditions listed in the staff report",Planned Development,8:0 Approved (Final Action),Pass,pc_final_action,Positive,approve,keyword,high,647,singleton,high,,,1,planning_commission/minutes/2022/2022-05-23/2022-05-25_planning-commission-meeting.md,minutes
2223,430,4,4,"approve the design review request PLNPCM2022-00176 of the project located at approximately 1012 West 200 South, subject to complying with the conditions listed in the staff report",Design Review,8:0 Approved (Final Action),Pass,pc_final_action,Positive,approve,keyword,high,648,singleton,high,,52,1,planning_commission/minutes/2022/2022-05-23/2022-05-25_planning-commission-meeting.md,minutes
2224,430,4,5,"approve the planned development request for the QUINCI, located at approximately 1106 South Redwood Road with conditions that the applicant look at the end condition that wraps the building",Planned Development,8:0 Approved (Final Action),Pass,pc_final_action,Positive,approve,keyword,high,649,singleton,high,,54,1,planning_commission/minutes/2022/2022-05-23/2022-05-25_planning-commission-meeting.md,minutes
2225,431,4,1,"approve the May 11, 2022 meeting minutes",Minutes,7:0 Pass,Pass,pc_final_action,Positive,procedural,keyword,high,,,,52,8,1,planning_commission/minutes/2022/2022-06-06/2022-06-08_planning-commission-meeting.md,minutes
2226,431,4,2,"approve the modifications to the Design Review approval, petition PLNPCM2020- 00258",Design Review,9:0 Approved (Final Action),Pass,pc_final_action,Positive,approve,keyword,high,650,singleton,high,1,54,1,planning_commission/minutes/2022/2022-06-06/2022-06-08_planning-commission-meeting.md,minutes
2227,431,4,3,adopt the Planning Commission Policies and Procedures,Other,9:0 Pass,Pass,pc_final_action,,approve,keyword,high,,,,13,13,1,planning_commission/minutes/2022/2022-06-06/2022-06-08_planning-commission-meeting.md,minutes
2228,432,4,1,"approve the May 25, 2022 meeting minutes",Minutes,6:0 Pass,Pass,pc_final_action,Positive,procedural,keyword,high,,,,13,1,1,planning_commission/minutes/2022/2022-06-20/2022-06-22_planning-commission-meeting.md,minutes
2229,432,4,2,"forward a positive recommendation for the Zoning Map and Master Plan Amendment Requests, PLNPCM2020-00335 and PLNPCM2020- 00334, with the conditions listed in the staff report",Master Plan Amendment,Positive recommendation 8:2,Pass,pc_recommendation,Positive,approve,keyword,high,651,singleton,high,52,54,1,planning_commission/minutes/2022/2022-06-20/2022-06-22_planning-commission-meeting.md,minutes
2230,433,4,1,"approve the June 8, 2022 meeting minutes",Minutes,6:0 Pass,Pass,pc_final_action,Positive,procedural,keyword,high,,,,54,44,1,planning_commission/minutes/2022/2022-07-11/2022-07-13_planning-commission-meeting.md,minutes
2231,433,4,2,"approve the Conditional Use for the ADU, petition PLNPCM2022-00134",Conditional Use,7:0 Approved (Final Action),Pass,pc_final_action,Positive,approve,keyword,high,652,singleton,high,8,54,1,planning_commission/minutes/2022/2022-07-11/2022-07-13_planning-commission-meeting.md,minutes
2232,433,4,3,forward a recommendation to the City Council to approve the request to amend the zoning ordinance for Electric Vehicle Readiness for petition PLNPCM2022-00374,Appointment/Election,Positive recommendation 7:0,Pass,pc_recommendation,Positive,approve,keyword,high,,,,54,44,1,planning_commission/minutes/2022/2022-07-11/2022-07-13_planning-commission-meeting.md,minutes
2233,434,4,1,approve the minutes of June 22,Minutes,6:0 Pass,Pass,pc_final_action,Positive,procedural,keyword,high,,,,44,54,1,planning_commission/minutes/2022/2022-07-25/2022-07-27_planning-commission-meeting.md,minutes
2234,434,4,2,"approve the Accessory Dwelling Unit (ADU) Conditional Use Application PLNPCM2022-00394, with the following condition: The applicant obtains a demolition permit for the existing garage prior to obtaining a building permit for the construction of the accessory dwelling unit",Conditional Use,9:0 Approved (Final Action),Pass,pc_final_action,Positive,approve,keyword,high,653,singleton,high,1,54,1,planning_commission/minutes/2022/2022-07-25/2022-07-27_planning-commission-meeting.md,minutes
2235,434,4,3,"approve the Planned Development (PLNPCM2021-01078) and Preliminary Plat request (PLNSUB2022-00419) for the project located at approximately 839 S Mendon Court, with the conditions listed in the staff report subject to the following modifications that the applicant be allowed to locate surface parkin",Planned Development,9:0 Approved (Final Action),Pass,pc_final_action,Positive,approve,keyword,high,654,singleton,high,54,2,1,planning_commission/minutes/2022/2022-07-25/2022-07-27_planning-commission-meeting.md,minutes
2236,434,4,4,from the site must be replaced,Master Plan Amendment,Positive recommendation 9:0,Pass,pc_recommendation,Positive,,unclassified,low,655,singleton,high,1,52,1,planning_commission/minutes/2022/2022-07-25/2022-07-27_planning-commission-meeting.md,minutes
2237,434,4,5,recommend that the City Council ADOPT the proposed modifications to the Sugar House Circulation Plan,Other,Positive recommendation 8:1,Pass,pc_recommendation,Positive,approve,keyword,high,,,,1,54,1,planning_commission/minutes/2022/2022-07-25/2022-07-27_planning-commission-meeting.md,minutes
2238,434,4,6,"forward a positive recommendation for the creation of the Ballpark Station Area Plan, PLNPCM2022-00323, with the following modifications: That the staff review the plan to look at increasing density on Main Steet",Other,Positive recommendation 9:0,Pass,pc_recommendation,Positive,approve,keyword,high,656,name,medium,,44,1,planning_commission/minutes/2022/2022-07-25/2022-07-27_planning-commission-meeting.md,minutes
2239,434,4,7,forward a positive recommendation to the City Council to adopt the Moderate Housing Plan Implementation Plan Amendment to Growing SLC,Other,Positive recommendation 9:0,Pass,pc_recommendation,Positive,approve,keyword,high,,,,54,9,1,planning_commission/minutes/2022/2022-07-25/2022-07-27_planning-commission-meeting.md,minutes
2240,435,4,1,approve the minutes,Minutes,4:0 Pass,Pass,pc_final_action,Positive,procedural,keyword,high,,,,59,54,1,planning_commission/minutes/2022/2022-08-08/2022-08-10_planning-commission-meeting.md,minutes
2241,435,4,2,table the petition,Conditional Use,6:0 Approved (Final Action),Pass,pc_final_action,,table,keyword,high,657,singleton,high,2,13,1,planning_commission/minutes/2022/2022-08-08/2022-08-10_planning-commission-meeting.md,minutes
2242,435,4,3,"approve the Conditional Use for the ADU, petition PLNPCM2022-00387",Conditional Use,6:0 Approved (Final Action),Pass,pc_final_action,Positive,approve,keyword,high,658,singleton,high,54,2,1,planning_commission/minutes/2022/2022-08-08/2022-08-10_planning-commission-meeting.md,minutes
2243,435,4,4,approve the Design Review request for the Collaborative 1135 project located at approximately 1135 South West Temple for petition PLNPCM2022-00327,Design Review,6:0 Approved (Final Action),Pass,pc_final_action,Positive,approve,keyword,high,659,singleton,high,54,9,1,planning_commission/minutes/2022/2022-08-08/2022-08-10_planning-commission-meeting.md,minutes
2244,435,4,5,a complaint location or be removed from the property if it will result in over-coverage of accessory buildings,Planned Development,6:0 Approved (Final Action),Pass,pc_final_action,,,unclassified,low,660,singleton,high,13,54,1,planning_commission/minutes/2022/2022-08-08/2022-08-10_planning-commission-meeting.md,minutes
2245,435,4,6,approve Bolanos Planned Development PLNPCM2022-00250,Planned Development,6:0 Approved (Final Action),Pass,pc_final_action,Positive,approve,keyword,high,661,singleton,high,13,54,1,planning_commission/minutes/2022/2022-08-08/2022-08-10_planning-commission-meeting.md,minutes
2246,435,4,7,approve Bolanos Conditional Use application PLNPCM2022-00249,Conditional Use,6:0 Approved (Final Action),Pass,pc_final_action,Positive,approve,keyword,high,662,singleton,high,13,54,1,planning_commission/minutes/2022/2022-08-08/2022-08-10_planning-commission-meeting.md,minutes
2247,435,4,8,approve the Lincoln Street Preliminary Subdivision Plat PLNSUB2022-00341 with no conditions,Subdivision/Plat,6:0 Approved (Final Action),Pass,pc_final_action,Positive,approve,keyword,high,663,name,medium,2,54,1,planning_commission/minutes/2022/2022-08-08/2022-08-10_planning-commission-meeting.md,minutes
2248,435,4,9,approve the Planned Development applications and PLNPCM2022-00378,Planned Development,6:0 Approved (Final Action),Pass,pc_final_action,Positive,approve,keyword,high,664,singleton,high,2,54,1,planning_commission/minutes/2022/2022-08-08/2022-08-10_planning-commission-meeting.md,minutes
2249,436,4,1,approve the July 27th meeting minutes,Minutes,10:0 Pass,Pass,pc_final_action,Positive,procedural,keyword,high,,,,2,52,1,planning_commission/minutes/2022/2022-08-22/2022-08-24_planning-commission-meeting.md,minutes
2250,436,4,2,"initiate a petition to amend the text of the zoning code as it pertains to land uses that include drive throughs in the CSHBD zoning districts to determine if the uses are compatible with the purpose of the zoning district, and to make necessary modifications to ensure the purpose of the district is",Other,10:0 Pass,Pass,pc_final_action,,,unclassified,low,,,,2,54,1,planning_commission/minutes/2022/2022-08-22/2022-08-24_planning-commission-meeting.md,minutes
2251,436,4,3,approve the Planned Development request for Dawson Place located at 1146 S Redwood Road as proposed,Planned Development,11:0 Approved (Final Action),Pass,pc_final_action,Positive,approve,keyword,high,665,singleton,high,54,52,1,planning_commission/minutes/2022/2022-08-22/2022-08-24_planning-commission-meeting.md,minutes
2252,436,4,4,"approve the Design Review (PLNPCM2022-00442) and Planned Development (PLNPCM2022-00489) requests for the project located at approximately 28 W 700 S, with the conditions listed in the staff report plus the following modification that a portion of the parking area will be available for public use",Planned Development,10:1 Approved (Final Action),Pass,pc_final_action,Positive,approve,keyword,high,666,singleton,high,13,54,1,planning_commission/minutes/2022/2022-08-22/2022-08-24_planning-commission-meeting.md,minutes
2253,436,4,5,approve the Design Review request for the hotel project located at approximately 370 South West Temple for petition PLNPCM2022- 00422,Design Review,11:0 Approved (Final Action),Pass,pc_final_action,Positive,approve,keyword,high,667,singleton,high,1,13,1,planning_commission/minutes/2022/2022-08-22/2022-08-24_planning-commission-meeting.md,minutes
2254,436,4,6,"forward a positive recommendation regarding the requested zoning map amendment for the property located at approximately 856 West 1300 South from R1-5,000 single-family residential district to FB-UN 1, form based urban neighborhood district, on to the City Council",Zoning Map Amendment,Positive recommendation 7:4,Pass,pc_recommendation,Positive,approve,keyword,high,668,singleton,high,54,1,1,planning_commission/minutes/2022/2022-08-22/2022-08-24_planning-commission-meeting.md,minutes
2255,436,4,7,"forward a positive recommendation to the City Council for PLNPCM2022-00529, the proposed Downtown Building Height and Street Activation Text Amendment, with the ability to amend the adopted ordinance language as necessary to eliminate potential conflicts with other pending ordinances and ensure cons",Zoning Text Amendment,Positive recommendation 11:0,Pass,pc_recommendation,Positive,approve,keyword,high,669,singleton,high,52,54,1,planning_commission/minutes/2022/2022-08-22/2022-08-24_planning-commission-meeting.md,minutes
2256,437,4,1,approve the minutes of August 10th as corrected,Minutes,5:0 Pass,Pass,pc_final_action,Positive,procedural,keyword,high,,,,2,52,1,planning_commission/minutes/2022/2022-09-12/2022-09-14_planning-commission-meeting.md,minutes
2257,437,4,2,approve the minutes of August 24th,Minutes,7:0 Pass,Pass,pc_final_action,Positive,procedural,keyword,high,,,,54,52,1,planning_commission/minutes/2022/2022-09-12/2022-09-14_planning-commission-meeting.md,minutes
2258,437,4,3,"forward a positive recommendation to the City Council for PLNPCM2022-00475, the proposed Accessory Dwelling Unit Ordinance Amendments, with the ability to amend the adopted ordinance language as necessary to eliminate potential conflicts with other pending ordinances and ensure consistency with othe",Other,Positive recommendation 6:2,Pass,pc_recommendation,Positive,approve,keyword,high,,,,8,54,1,planning_commission/minutes/2022/2022-09-12/2022-09-14_planning-commission-meeting.md,minutes
2259,437,4,4,approve PLNPCM2022-00197 The Darlene Planned Development request with the following condition of approval: 1,Planned Development,8:0 Approved (Final Action),Pass,pc_final_action,Positive,approve,keyword,high,670,singleton,high,52,8,1,planning_commission/minutes/2022/2022-09-12/2022-09-14_planning-commission-meeting.md,minutes
2260,437,4,5,approve the request for a Planned Development (PLNPCM2021-00045) with the following conditions: 1,Planned Development,5:3 Approved (Final Action),Pass,pc_final_action,Positive,approve,keyword,high,671,singleton,high,8,54,1,planning_commission/minutes/2022/2022-09-12/2022-09-14_planning-commission-meeting.md,minutes
2261,437,4,6,approve the request for a Conditional Use (PLNPCM2021-00046) with the following conditions:,Conditional Use,5:3 Approved (Final Action),Pass,pc_final_action,Positive,approve,keyword,high,672,singleton,high,8,54,1,planning_commission/minutes/2022/2022-09-12/2022-09-14_planning-commission-meeting.md,minutes
2262,437,4,7,approve the Preliminary Plat PLNSUB2022-00289 for the Post Street Subdivision at 759 S Post Street with the following conditions,Subdivision/Plat,8:0 Approved (Final Action),Pass,pc_final_action,Positive,approve,keyword,high,673,name,medium,2,52,1,planning_commission/minutes/2022/2022-09-12/2022-09-14_planning-commission-meeting.md,minutes
2263,437,4,8,approve the Planned Development PLNPCM2022-00290 for the Post Street Subdivision at 759 S Post Street with the following conditions,Planned Development,8:0 Approved (Final Action),Pass,pc_final_action,Positive,approve,keyword,high,673,name,medium,54,2,1,planning_commission/minutes/2022/2022-09-12/2022-09-14_planning-commission-meeting.md,minutes
2264,437,4,9,"approve the Conditional Use for the ADU, petition PLNPCM2022-00542",Conditional Use,8:0 Approved (Final Action),Pass,pc_final_action,Positive,approve,keyword,high,674,singleton,high,54,59,1,planning_commission/minutes/2022/2022-09-12/2022-09-14_planning-commission-meeting.md,minutes
2265,437,4,10,"the existing parking lot, provides a connecting road between 400 North and 490 North, and provides for the bike parking",Appointment/Election,8:0 Pass,Pass,pc_final_action,,,unclassified,low,,,,8,,1,planning_commission/minutes/2022/2022-09-12/2022-09-14_planning-commission-meeting.md,minutes
2266,437,4,11,(motion text not captured),Appointment/Election,8:0 Pass,Pass,pc_final_action,,,uncaptured,low,,,,,,1,planning_commission/minutes/2022/2022-09-12/2022-09-14_planning-commission-meeting.md,minutes
2267,438,4,1,"approve the minutes for September 14, 2022",Minutes,8:0 Pass,Pass,pc_final_action,Positive,procedural,keyword,high,,,,54,44,1,planning_commission/minutes/2022/2022-09-26/2022-09-28_planning-commission-meeting.md,minutes
2268,438,4,2,"approve PLNPCM2021-01142, 1726 E Hollywood Avenue Conditional Use Request",Conditional Use,10:0 Approved (Final Action),Pass,pc_final_action,Positive,approve,keyword,high,675,singleton,high,8,,1,planning_commission/minutes/2022/2022-09-26/2022-09-28_planning-commission-meeting.md,minutes
2269,438,4,3,"approve PLNPCM2022-00493, 535 E",Conditional Use,9:0 Approved (Final Action),Pass,pc_final_action,Positive,approve,keyword,high,676,singleton,high,2,,1,planning_commission/minutes/2022/2022-09-26/2022-09-28_planning-commission-meeting.md,minutes
2270,438,4,4,"recommend that City Council approve the proposed zoning map amendment file PLNPCM2022- 00450 for the properties located at 1219, 1223, 1275 and 1407 W North Temple Street respectively, a proposed zone change from the M-1 (Light Manufacturing) and TSA SPC (Transit Station, Special Purpose Area Core D",Zoning Map Amendment,Positive recommendation 10:0,Pass,pc_recommendation,Positive,approve,keyword,high,677,singleton,high,1,,1,planning_commission/minutes/2022/2022-09-26/2022-09-28_planning-commission-meeting.md,minutes
2271,438,4,5,forward a positive recommendation to the City Council with the conditions listed in the staff report for zoning map amendment petition PLNPCM2021-01075 to rezone 552 N 1500 W and northern portions beginning approximately 110 feet north of the 500 North right of way line,Zoning Map Amendment,Positive recommendation 10:0,Pass,pc_recommendation,Positive,approve,keyword,high,678,singleton,high,8,,1,planning_commission/minutes/2022/2022-09-26/2022-09-28_planning-commission-meeting.md,minutes
2272,438,4,6,forward a positive recommendation to the City Council with the conditions listed in the staff report for master plan amendment petition PLNPCM2022-00674 to change the future land use map designation of 552 North 1500 West and northern portions beginning approximately 110 feet north of the 500 North ,Master Plan Amendment,Positive recommendation 10:0,Pass,pc_recommendation,Positive,approve,keyword,high,679,singleton,high,8,54,1,planning_commission/minutes/2022/2022-09-26/2022-09-28_planning-commission-meeting.md,minutes
2273,438,4,7,"forward a positive recommendation to the City Council with the conditions listed in the staff report for master plan amendment petition PLNPCM2021-01203 to rezone the southern 110 feet (approximate) of 1500 West 1500, 1516, 1520, & 1522 W 500 North from R1/7,000 single family residential to R1/5,000",Master Plan Amendment,Positive recommendation 10:0,Pass,pc_recommendation,Positive,approve,keyword,high,680,singleton,high,8,2,1,planning_commission/minutes/2022/2022-09-26/2022-09-28_planning-commission-meeting.md,minutes
2274,439,4,1,"approve the minutes for September 28, 2022",Minutes,8:0 Pass,Pass,pc_final_action,Positive,procedural,keyword,high,,,,4,44,1,planning_commission/minutes/2022/2022-10-10/2022-10-12_planning-commission-meeting.md,minutes
2275,439,4,2,forward a negative recommendation for the 704 E,Zoning Map Amendment,Negative recommendation 9:0,Pass,pc_recommendation,Negative,deny,keyword,high,681,singleton,high,4,,1,planning_commission/minutes/2022/2022-10-10/2022-10-12_planning-commission-meeting.md,minutes
2276,439,4,3,approve PLNPCM2022- 00664 Three Eagles Planned Development at approximately 1375 South 1000 West with the following conditions of approval: 1,Planned Development,9:0 Approved (Final Action),Pass,pc_final_action,Positive,approve,keyword,high,682,singleton,high,4,,1,planning_commission/minutes/2022/2022-10-10/2022-10-12_planning-commission-meeting.md,minutes
2277,440,4,1,"approve the minutes for October 12, 2022",Minutes,7:0 Pass,Pass,pc_final_action,Positive,procedural,keyword,high,,,,2,4,1,planning_commission/minutes/2022/2022-10-24/2022-10-26_planning-commission-meeting.md,minutes
2278,440,4,2,that that Commission approve this application with the conditions listed in the staff report,Other,8:0 Pass,Pass,pc_final_action,,approve,keyword,high,,,,2,8,1,planning_commission/minutes/2022/2022-10-24/2022-10-26_planning-commission-meeting.md,minutes
2279,440,4,3,approve this application with the condition listed in the staff report and an additional condition that the façade of the southwest corner of the project is modified to look like one solid building as approved by staff,Other,8:0 Pass,Pass,pc_final_action,Positive,approve,keyword,high,,,,13,59,1,planning_commission/minutes/2022/2022-10-24/2022-10-26_planning-commission-meeting.md,minutes
2280,440,4,4,approve this application with the conditions listed in the staff report with following modifications 1,Other,5:3 Pass,Pass,pc_final_action,Positive,approve,keyword,high,,,,8,54,1,planning_commission/minutes/2022/2022-10-24/2022-10-26_planning-commission-meeting.md,minutes
2281,440,4,5,recommend that the City Council DENY this proposal for zoning map and master plan amendments,Master Plan Amendment,Positive recommendation 3:5,Fail,pc_recommendation,,deny,keyword,high,683,singleton,high,13,9,1,planning_commission/minutes/2022/2022-10-24/2022-10-26_planning-commission-meeting.md,minutes
2282,440,4,7,TABLE this project for further community review regarding the most recent changes; for a review of vegetation in landscaping requirements in buffer zones for possible reduction of buffer zones if we have very specific requirements” Vice-Chair Michael Christensen,Procedural/Administrative,8:0 Pass,Pass,pc_final_action,,table,keyword,high,,,,4,54,1,planning_commission/minutes/2022/2022-10-24/2022-10-26_planning-commission-meeting.md,minutes
2283,440,4,8,recommend that the City Council APPROVE this proposal to adopt a City-wide Urban Forest Action Plan,Other,Positive recommendation 7:0,Pass,pc_recommendation,Positive,approve,keyword,high,,,,,,1,planning_commission/minutes/2022/2022-10-24/2022-10-26_planning-commission-meeting.md,minutes
2284,441,4,1,"APPROVE the minutes for October 26, 2022",Minutes,6:0 Pass,Pass,pc_final_action,Positive,procedural,keyword,high,,,,59,4,1,planning_commission/minutes/2022/2022-11-07/2022-11-09_planning-commission-meeting.md,minutes
2285,441,4,2,APPROVE this application,Other,7:0 Pass,Pass,pc_final_action,Positive,approve,keyword,high,,,,8,13,1,planning_commission/minutes/2022/2022-11-07/2022-11-09_planning-commission-meeting.md,minutes
2286,441,4,3,"forward a POSITIVE recommendation to the City Council on the fabulous Glendale Regional Park Master Plan with the PROVISO that the City Council pay special attention to operations, maintenance, security, and staffing for the park as it goes into use",Master Plan Amendment,Positive recommendation 7:0,Pass,pc_recommendation,Positive,approve,keyword,high,684,name,medium,13,59,1,planning_commission/minutes/2022/2022-11-07/2022-11-09_planning-commission-meeting.md,minutes
2287,441,4,4,initiate a petition as recommended by planning staff to including other related changes necessary to prohibit the use in the Sugar House Business Districts One and Two,Other,6:0 Pass,Pass,pc_recommendation,Positive,,unclassified,low,,,,8,4,1,planning_commission/minutes/2022/2022-11-07/2022-11-09_planning-commission-meeting.md,minutes
2288,442,4,1,APPROVE this application,Other,8:0 Pass,Pass,pc_final_action,Positive,approve,keyword,high,,,,54,8,1,planning_commission/minutes/2022/2022-11-14/2022-11-16_planning-commission-meeting.md,minutes
2289,442,4,2,APPROVE this application with the conditions listed in the staff report with the following MODIFICATION: 1,Other,8:0 Pass,Pass,pc_final_action,Positive,approve,keyword,high,,,,4,,1,planning_commission/minutes/2022/2022-11-14/2022-11-16_planning-commission-meeting.md,minutes
2290,442,4,3,APPROVE the applications for a planned development and design review with conditions listed in the staff report with the ADDITONAL CONDITION 1,Planned Development,7:1 Approved (Final Action),Pass,pc_final_action,Positive,approve,keyword,high,685,singleton,high,4,54,1,planning_commission/minutes/2022/2022-11-14/2022-11-16_planning-commission-meeting.md,minutes
2291,442,4,4,recommend that the City Council APPROVE this application for a zoning map amendment with the conditions listed in the staff report,Zoning Map Amendment,Positive recommendation 8:0,Pass,pc_recommendation,Positive,approve,keyword,high,686,singleton,high,,4,1,planning_commission/minutes/2022/2022-11-14/2022-11-16_planning-commission-meeting.md,minutes
2292,443,4,1,pass all items on the consent calendar was proposed by Vice-Chairperson Mike Christensen and,Planned Development,8:0 Approved (Final Action),Pass,pc_final_action,,procedural,keyword,high,687,singleton,high,,,1,planning_commission/minutes/2022/2022-12-12/2022-12-14_planning-commission-meeting.md,minutes
2293,443,4,2,recommend that the City Council APPROVE the Northpoint Small Area Plan with the following modifications: 1,Other,Positive recommendation 7:2,Pass,pc_recommendation,Positive,approve,keyword,high,688,name,medium,8,13,1,planning_commission/minutes/2022/2022-12-12/2022-12-14_planning-commission-meeting.md,minutes
2294,443,4,3,APPROVE this application with the conditions listed in the staff report with the following modification: that the request to remove and replace the five existing honey locust street trees be deferred to the Urban Forester,Other,9:0 Pass,Pass,pc_final_action,Positive,approve,keyword,high,,,,4,54,1,planning_commission/minutes/2022/2022-12-12/2022-12-14_planning-commission-meeting.md,minutes
2295,443,4,4,APPROVE the planned development proposed with the conditions listed in the staff report,Planned Development,9:0 Approved (Final Action),Pass,pc_final_action,Positive,approve,keyword,high,689,singleton,high,2,54,1,planning_commission/minutes/2022/2022-12-12/2022-12-14_planning-commission-meeting.md,minutes
2296,443,4,5,APPROVE the following applications associated with the proposal: preliminary subdivision and planned development with the conditions listed in the staff report,Planned Development,9:0 Approved (Final Action),Pass,pc_final_action,Positive,approve,keyword,high,690,singleton,high,2,13,1,planning_commission/minutes/2022/2022-12-12/2022-12-14_planning-commission-meeting.md,minutes
2297,443,4,6,the need for a buffer from other facilities,Conditional Use,9:0 Approved (Final Action),Pass,pc_final_action,,,unclassified,low,691,singleton,high,13,54,1,planning_commission/minutes/2022/2022-12-12/2022-12-14_planning-commission-meeting.md,minutes
2298,443,4,7,recommend that the City Council ADOPT this proposal,Other,Positive recommendation 9:0,Pass,pc_recommendation,Positive,approve,keyword,high,,,,2,54,1,planning_commission/minutes/2022/2022-12-12/2022-12-14_planning-commission-meeting.md,minutes
2299,444,4,1,"approve the minutes for December 14, 2022",Minutes,7:0 Pass,Pass,pc_final_action,Positive,procedural,keyword,high,,,,4,2,1,planning_commission/minutes/2023/2023-01-09/2023-01-11_planning-commission-meeting.md,minutes
2300,444,4,2,approve this application with the condition listed in the staff report,Other,8:0 Pass,Pass,pc_final_action,Positive,approve,keyword,high,,,,2,59,1,planning_commission/minutes/2023/2023-01-09/2023-01-11_planning-commission-meeting.md,minutes
2301,444,4,3,table this,Procedural/Administrative,7:0 Pass,Pass,pc_final_action,,table,keyword,high,,,,54,59,1,planning_commission/minutes/2023/2023-01-09/2023-01-11_planning-commission-meeting.md,minutes
2302,444,4,4,recommend approval of the proposed Zoning Map Amendment with the one condition listed in the staff report,Zoning Map Amendment,Positive recommendation 8:0,Pass,pc_recommendation,Positive,approve,keyword,high,692,singleton,high,4,54,1,planning_commission/minutes/2023/2023-01-09/2023-01-11_planning-commission-meeting.md,minutes
2303,444,4,5,approve the application for a conditional use based on staff’s recommendations with the following modifications: 1,Conditional Use,8:0 Approved (Final Action),Pass,pc_final_action,Positive,approve,keyword,high,693,singleton,high,2,4,1,planning_commission/minutes/2023/2023-01-09/2023-01-11_planning-commission-meeting.md,minutes
2304,444,4,6,approve the application for design review based on staff’s recommendation,Design Review,8:0 Approved (Final Action),Pass,pc_final_action,Positive,approve,keyword,high,694,singleton,high,54,4,1,planning_commission/minutes/2023/2023-01-09/2023-01-11_planning-commission-meeting.md,minutes
2305,444,4,7,approve this application based on staff’s recommendation,Other,8:0 Pass,Pass,pc_recommendation,Positive,approve,keyword,high,,,,4,59,1,planning_commission/minutes/2023/2023-01-09/2023-01-11_planning-commission-meeting.md,minutes
2306,445,4,1,"approve the minutes of January 11, 2023",Minutes,6:0 Pass,Pass,pc_final_action,Positive,procedural,keyword,high,,,,59,2,1,planning_commission/minutes/2023/2023-01-23/2023-01-25_planning-commission-meeting.md,minutes
2307,445,4,2,approve this application with the condition listed in the staff report,Other,10:0 Pass,Pass,pc_final_action,Positive,approve,keyword,high,,,,8,13,1,planning_commission/minutes/2023/2023-01-23/2023-01-25_planning-commission-meeting.md,minutes
2308,445,4,3,approve the following applications associated with this proposal: 1,Planned Development,10:0 Approved (Final Action),Pass,pc_final_action,Positive,approve,keyword,high,695,singleton,high,2,59,1,planning_commission/minutes/2023/2023-01-23/2023-01-25_planning-commission-meeting.md,minutes
2309,445,4,4,approve the following applications associated with this proposal: 1,Planned Development,7:2 Approved (Final Action),Pass,pc_final_action,Positive,approve,keyword,high,696,singleton,high,13,8,1,planning_commission/minutes/2023/2023-01-23/2023-01-25_planning-commission-meeting.md,minutes
2310,446,4,1,pass all items on the consent agenda was proposed by Commissioner Brenda Sheer,Consent Agenda,10:0 Pass,Pass,pc_final_action,,procedural,keyword,high,,,,,54,1,planning_commission/minutes/2023/2023-02-06/2023-02-08_planning-commission-meeting.md,minutes
2311,446,4,2,recommend that the City Council approve this proposal for a Zoning Text Amendment,Zoning Text Amendment,Positive recommendation 9:2,Pass,pc_recommendation,Positive,approve,keyword,high,697,singleton,high,8,,1,planning_commission/minutes/2023/2023-02-06/2023-02-08_planning-commission-meeting.md,minutes
2312,446,4,3,recommend that the City Council deny this zoning map amendment proposal based on information we have discussed this meeting,Zoning Map Amendment,Positive recommendation 4:7,Fail,pc_recommendation,,deny,keyword,high,698,singleton,high,7,2,1,planning_commission/minutes/2023/2023-02-06/2023-02-08_planning-commission-meeting.md,minutes
2313,446,4,4,recommend that the City Council approve this zoning map amendment proposal,Zoning Map Amendment,Positive recommendation 6:5,Pass,pc_recommendation,Positive,approve,keyword,high,699,singleton,high,8,13,1,planning_commission/minutes/2023/2023-02-06/2023-02-08_planning-commission-meeting.md,minutes
2314,446,4,5,recommend that the City Council approve this application with the condition listed in the staff report,Other,Positive recommendation 10:1,Pass,pc_recommendation,Positive,approve,keyword,high,,,,4,54,1,planning_commission/minutes/2023/2023-02-06/2023-02-08_planning-commission-meeting.md,minutes
2315,447,4,1,"approve to approve the minutes for February 8, 2023 was proposed by Vice- Chairperson Mike Christensen Commissioner Jon Lee",Minutes,9:0 Pass,Pass,pc_final_action,Positive,procedural,keyword,high,,,,,44,1,planning_commission/minutes/2023/2023-03-06/2023-03-08_planning-commission-meeting.md,minutes
2316,447,4,2,have the Historic Landmark Commission review this text amendment as described by Nick Norris,Zoning Text Amendment,Positive recommendation 8:1,Pass,pc_recommendation,Positive,,unclassified,low,700,singleton,high,2,59,1,planning_commission/minutes/2023/2023-03-06/2023-03-08_planning-commission-meeting.md,minutes
2317,447,4,4,(motion text not captured),Other,8:2 Pass,Pass,pc_final_action,,,uncaptured,low,,,,44,,1,planning_commission/minutes/2023/2023-03-06/2023-03-08_planning-commission-meeting.md,minutes
2318,447,4,5,approve the Conditional Use petition (PLNPCM2022-00750) as proposed with the additional condition specifying that the parking structure must indeed comply with current design standards,Conditional Use,5:5 Denied (Final Action),Fail,pc_final_action,,approve,keyword,high,701,singleton,high,4,,1,planning_commission/minutes/2023/2023-03-06/2023-03-08_planning-commission-meeting.md,minutes
2319,447,4,6,deny the Conditional Use petition (PLNPCM2022-00750) as proposed because evidence has not been presented that demonstrates the proposal complies with the following standards and that it shows this location is not suitable for multi-family use and is not considered consistent with the downtown master,Conditional Use,5:5 Approved (Final Action),Fail,pc_final_action,,deny,keyword,high,702,singleton,high,2,7,1,planning_commission/minutes/2023/2023-03-06/2023-03-08_planning-commission-meeting.md,minutes
2320,447,4,7,that as to this matter of the Conditional Use petition (PLNPCM2022-00750) that we table our decision pending further information from the applicant to demonstrate that the proposed location is not suitable for multi-family residential use,Conditional Use,8:2 Approved (Final Action),Pass,pc_final_action,,table,keyword,high,703,singleton,high,7,54,1,planning_commission/minutes/2023/2023-03-06/2023-03-08_planning-commission-meeting.md,minutes
2321,447,4,8,recommend that the City Council approve this zoning map amendment proposal,Zoning Map Amendment,Positive recommendation 9:1,Pass,pc_recommendation,Positive,approve,keyword,high,704,singleton,high,4,54,1,planning_commission/minutes/2023/2023-03-06/2023-03-08_planning-commission-meeting.md,minutes
2322,447,4,9,recommend that the City Council approve this Zoning Map Amendment proposal,Zoning Map Amendment,Positive recommendation 10:0,Pass,pc_recommendation,Positive,approve,keyword,high,705,singleton,high,54,7,1,planning_commission/minutes/2023/2023-03-06/2023-03-08_planning-commission-meeting.md,minutes
2323,447,4,10,recommend that the City Council deny the following applications associated with this proposal: 1,Master Plan Amendment,Negative recommendation 6:4,Pass,pc_recommendation,Negative,deny,keyword,high,706,singleton,high,4,,1,planning_commission/minutes/2023/2023-03-06/2023-03-08_planning-commission-meeting.md,minutes
2324,447,4,11,approve the Planned Development application associated with this proposal,Planned Development,10:0 Approved (Final Action),Pass,pc_final_action,Positive,approve,keyword,high,707,singleton,high,54,8,1,planning_commission/minutes/2023/2023-03-06/2023-03-08_planning-commission-meeting.md,minutes
2325,448,4,1,approve the minutes with the suggested edits,Minutes,9:0 Pass,Pass,pc_final_action,Positive,procedural,keyword,high,,,,,54,1,planning_commission/minutes/2023/2023-03-20/2023-03-22_planning-commission-meeting.md,minutes
2326,448,4,2,approve this proposal for a Conditional Use for an ADU,Conditional Use,10:0 Approved (Final Action),Pass,pc_final_action,Positive,approve,keyword,high,708,singleton,high,8,,1,planning_commission/minutes/2023/2023-03-20/2023-03-22_planning-commission-meeting.md,minutes
2327,448,4,3,approve the proposed Design Review with the conditions listed in the staff report,Design Review,9:1 Approved (Final Action),Pass,pc_final_action,Positive,approve,keyword,high,709,singleton,high,54,13,1,planning_commission/minutes/2023/2023-03-20/2023-03-22_planning-commission-meeting.md,minutes
2328,448,4,4,approve this application based on staff’s recommendation,Planned Development,9:1 Approved (Final Action),Pass,pc_final_action,Positive,approve,keyword,high,710,singleton,high,54,7,1,planning_commission/minutes/2023/2023-03-20/2023-03-22_planning-commission-meeting.md,minutes
2329,448,4,5,recommended that the City Council approve PLNPCM2022-01109 with the following conditions the uses requested by the applicant to be added to the table of permitted conditional uses for downtown districts as permitted uses in D1 zone should instead be added to the table as conditional uses,Conditional Use,Positive recommendation 7:3,Pass,pc_recommendation,Positive,approve,keyword,high,711,singleton,high,54,8,1,planning_commission/minutes/2023/2023-03-20/2023-03-22_planning-commission-meeting.md,minutes
2330,449,4,1,go into a closed session to receive legal counsel,Minutes,7:0 Pass,Pass,pc_final_action,,procedural,keyword,high,,,,4,13,1,planning_commission/minutes/2023/2023-03-27/2023-03-29_planning-commission-meeting.md,minutes
2331,449,4,2,end the closed session,Other,7:0 Pass,Pass,pc_final_action,,procedural,keyword,high,,,,4,,1,planning_commission/minutes/2023/2023-03-27/2023-03-29_planning-commission-meeting.md,minutes
2332,449,4,3,approve this application based on staff’s recommendations with the following modifications: The parking structure be subject to the current design standards in 21A,Conditional Use,7:0 Approved (Final Action),Pass,pc_final_action,Positive,approve,keyword,high,712,singleton,high,4,,1,planning_commission/minutes/2023/2023-03-27/2023-03-29_planning-commission-meeting.md,minutes
2333,449,4,4,"approve the Planned Development petition (PLNPCM2022-01154) as proposed, subject to complying with the conditions listed in the staff report",Planned Development,7:0 Approved (Final Action),Pass,pc_final_action,Positive,approve,keyword,high,713,singleton,high,,7,1,planning_commission/minutes/2023/2023-03-27/2023-03-29_planning-commission-meeting.md,minutes
2334,449,4,5,recommend the City Council deny the zoning map amendment for the following reasons: The rezone is inconsistent with the surrounding zoning and is a material difference that may have an adverse effect on the neighborhood quality,Zoning Map Amendment,Negative recommendation 5:2,Pass,pc_recommendation,Negative,deny,keyword,high,714,singleton,high,13,59,1,planning_commission/minutes/2023/2023-03-27/2023-03-29_planning-commission-meeting.md,minutes
2335,449,4,6,the Planning Commission recommend that the City Council approve this non- conforming sign text amendment,Zoning Text Amendment,Positive recommendation 7:0,Pass,pc_recommendation,Positive,approve,keyword,high,715,singleton,high,7,13,1,planning_commission/minutes/2023/2023-03-27/2023-03-29_planning-commission-meeting.md,minutes
2336,449,4,7,adopt the proposed changes in the policies and procedures for the Salt Lake City Planning Commission,Zoning Map Amendment,Positive recommendation 6:0,Pass,pc_recommendation,Positive,approve,keyword,high,716,singleton,high,7,4,1,planning_commission/minutes/2023/2023-03-27/2023-03-29_planning-commission-meeting.md,minutes
2337,450,4,1,proceed with the consent agenda as posted was proposed by Commissioner Brenda Sheer,Consent Agenda,11:0 Pass,Pass,pc_final_action,,procedural,keyword,high,,,,,54,1,planning_commission/minutes/2023/2023-04-10/2023-04-12_planning-commission-meeting.md,minutes
2338,450,4,2,pass all items on the consent agenda was proposed by Vice-Chairperson Mike Christensen,Consent Agenda,8:0 Pass,Pass,pc_final_action,,procedural,keyword,high,,,,,13,1,planning_commission/minutes/2023/2023-04-10/2023-04-12_planning-commission-meeting.md,minutes
2339,450,4,3,rearrange the order of regular agenda items,Other,10:0 Pass,Pass,pc_final_action,,procedural,keyword,high,,,,13,,1,planning_commission/minutes/2023/2023-04-10/2023-04-12_planning-commission-meeting.md,minutes
2340,450,4,4,approve this application based on staff’s recommendation,Planned Development,6:5 Approved (Final Action),Pass,pc_final_action,Positive,approve,keyword,high,717,singleton,high,54,59,1,planning_commission/minutes/2023/2023-04-10/2023-04-12_planning-commission-meeting.md,minutes
2341,450,4,5,deny the Conditional Use request because the potential for detrimental impacts to the environment near the site cannot be mitigated,Conditional Use,9:1 Denied (Final Action),Pass,pc_final_action,Negative,deny,keyword,high,718,singleton,high,2,4,1,planning_commission/minutes/2023/2023-04-10/2023-04-12_planning-commission-meeting.md,minutes
2342,451,4,1,"approve the minutes for March 29 and April 12, 2023",Minutes,8:0 Pass,Pass,pc_final_action,Positive,procedural,keyword,high,,,,4,13,1,planning_commission/minutes/2023/2023-04-24/2023-04-26_planning-commission-meeting.md,minutes
2343,451,4,2,recommend that the City Council approve this proposal for zoning map and master plan amendment for 1782 S 1600 E based on the following reasons: It has consistency with Housing SLC and Plan Salt Lake and the goals outlined in Thriving in Place,Master Plan Amendment,Negative recommendation 5:6,Fail,pc_recommendation,,approve,keyword,high,719,singleton,high,8,44,1,planning_commission/minutes/2023/2023-04-24/2023-04-26_planning-commission-meeting.md,minutes
2344,451,4,3,recommend that the City Council deny this proposal for a zoning map and master plan amendment for 1782 S 1600 East,Master Plan Amendment,Negative recommendation 6:5,Pass,pc_recommendation,Negative,deny,keyword,high,720,singleton,high,2,7,1,planning_commission/minutes/2023/2023-04-24/2023-04-26_planning-commission-meeting.md,minutes
2345,451,4,4,recommend that the City Council approve this zoning text amendment proposal,Zoning Text Amendment,Positive recommendation 10:1,Pass,pc_recommendation,Positive,approve,keyword,high,721,singleton,high,8,54,1,planning_commission/minutes/2023/2023-04-24/2023-04-26_planning-commission-meeting.md,minutes
2346,451,4,5,recommend that the City Council adopt this proposal with the following modifications: Define a landscaping or irrigation professional; remove the allowance for artificial turf,Other,Positive recommendation 10:1,Pass,pc_recommendation,Positive,approve,keyword,high,,,,8,9,1,planning_commission/minutes/2023/2023-04-24/2023-04-26_planning-commission-meeting.md,minutes
2347,451,4,6,recommend that the City Council approve the proposed text amendment for Affordable Housing Incentives with the condition that the incentives be analyzed 24 months after approval with a full report of the costs and benefits of the implementation to the Planning Commission,Zoning Text Amendment,Positive recommendation 8:3,Pass,pc_recommendation,Positive,approve,keyword,high,722,singleton,high,7,2,1,planning_commission/minutes/2023/2023-04-24/2023-04-26_planning-commission-meeting.md,minutes
2348,451,4,7,recommend that the City Council adopt Housing SLC as the City’s five- year Moderate Income Housing Plan and as the Moderate Income Housing Element of the City’s General Plan,Master Plan Amendment,Positive recommendation 10:1,Pass,pc_recommendation,Positive,approve,keyword,high,723,singleton,high,4,54,1,planning_commission/minutes/2023/2023-04-24/2023-04-26_planning-commission-meeting.md,minutes
2349,452,4,1,approve the Consent Agenda with the exception of #2 and pull it off the Consent Agenda,Consent Agenda,8:0 Pass,Pass,pc_final_action,Positive,procedural,keyword,high,,,,13,59,1,planning_commission/minutes/2023/2023-05-22/2023-05-24_planning-commission-meeting.md,minutes
2350,452,4,2,approves this application with the conditions listed in the staff report,Planned Development,8:0 Approved (Final Action),Pass,pc_final_action,,approve,keyword,high,724,singleton,high,13,2,1,planning_commission/minutes/2023/2023-05-22/2023-05-24_planning-commission-meeting.md,minutes
2351,452,4,3,that we approve the conditional use request with the applicant submitting a revised safety and operations plan to be approved by staff,Conditional Use,4:4 Denied (Final Action),Fail,pc_final_action,,approve,keyword,high,725,singleton,high,8,2,1,planning_commission/minutes/2023/2023-05-22/2023-05-24_planning-commission-meeting.md,minutes
2352,452,4,4,table is reconsidered,Procedural/Administrative,7:1 Pass,Pass,pc_final_action,,table,keyword,high,,,,13,9,1,planning_commission/minutes/2023/2023-05-22/2023-05-24_planning-commission-meeting.md,minutes
2353,452,4,5,forward a positive recommendation to the City Council to approve PLNPCM2022- 01120,Other,Positive recommendation 7:0,Pass,pc_recommendation,Positive,approve,keyword,high,,,,13,8,1,planning_commission/minutes/2023/2023-05-22/2023-05-24_planning-commission-meeting.md,minutes
2354,452,4,6,recommend that the City Council approve this proposal for a Master Plan amendment,Master Plan Amendment,Positive recommendation 7:0,Pass,pc_recommendation,Positive,approve,keyword,high,726,singleton,high,8,59,1,planning_commission/minutes/2023/2023-05-22/2023-05-24_planning-commission-meeting.md,minutes
2355,452,4,8,recommend that City Council deny this proposal for a Master Plan Amendment for the following reasons: that there we are not aware of any particular reason to do this,Master Plan Amendment,Negative recommendation 8:0,Pass,pc_recommendation,Negative,deny,keyword,high,727,singleton,high,13,8,1,planning_commission/minutes/2023/2023-05-22/2023-05-24_planning-commission-meeting.md,minutes
2356,452,4,9,recommend that the City Council deny this proposal for a zoning map Amendment for the reasons that it's inconsistent with Plan Salt Lake,Zoning Map Amendment,Negative recommendation 8:0,Pass,pc_recommendation,Negative,deny,keyword,high,728,singleton,high,13,8,1,planning_commission/minutes/2023/2023-05-22/2023-05-24_planning-commission-meeting.md,minutes
2357,452,4,10,recommend that the city council adopt this proposal,Other,Positive recommendation 7:0,Pass,pc_recommendation,Positive,approve,keyword,high,,,,4,2,1,planning_commission/minutes/2023/2023-05-22/2023-05-24_planning-commission-meeting.md,minutes
2358,453,4,1,approve the Consent Agenda,Consent Agenda,8:0 Pass,Pass,pc_final_action,Positive,procedural,keyword,high,,,,54,8,1,planning_commission/minutes/2023/2023-06-12/2023-06-14_planning-commission-meeting.md,minutes
2359,453,4,2,table this item to a later date to be determined by staff and the public hearing can be reopened at that time,Procedural/Administrative,8:2 Pass,Pass,pc_final_action,,table,keyword,high,,,,2,7,1,planning_commission/minutes/2023/2023-06-12/2023-06-14_planning-commission-meeting.md,minutes
2360,453,4,3,"approve the Planned Development petition (PLNPCM2023-00200) and Preliminary Subdivision (PLNSUB2023- 00254) as proposed, subject to complying with the conditions listed in the staff report",Planned Development,10:0 Approved (Final Action),Pass,pc_final_action,Positive,approve,keyword,high,729,singleton,high,2,59,1,planning_commission/minutes/2023/2023-06-12/2023-06-14_planning-commission-meeting.md,minutes
2361,453,4,4,recommend that the City Council deny this proposal for the Zoning Map amendments and the Master Plan amendments,Master Plan Amendment,Negative recommendation 6:4,Pass,pc_recommendation,Negative,deny,keyword,high,730,singleton,high,54,7,1,planning_commission/minutes/2023/2023-06-12/2023-06-14_planning-commission-meeting.md,minutes
2362,453,4,5,an item from an agenda after it has been published,Other,10:0 Pass,Pass,pc_final_action,,,unclassified,low,,,,54,7,1,planning_commission/minutes/2023/2023-06-12/2023-06-14_planning-commission-meeting.md,minutes
2363,454,4,1,approve these applications as follows: 1,Planned Development,6:1 Approved (Final Action),Pass,pc_final_action,Positive,approve,keyword,high,731,singleton,high,2,7,1,planning_commission/minutes/2023/2023-06-26/2023-06-28_planning-commission-meeting.md,minutes
2364,454,4,2,"approve these applications, both the Design Review request and the Planned Development",Planned Development,7:0 Approved (Final Action),Pass,pc_final_action,Positive,approve,keyword,high,732,singleton,high,7,59,1,planning_commission/minutes/2023/2023-06-26/2023-06-28_planning-commission-meeting.md,minutes
2365,454,4,3,forward a positive recommendation to City Council for this application,Street/Alley Closure,Positive recommendation 5:2,Pass,pc_recommendation,Positive,approve,keyword,high,733,singleton,high,7,,1,planning_commission/minutes/2023/2023-06-26/2023-06-28_planning-commission-meeting.md,minutes
2366,455,4,1,approve the meeting minutes,Minutes,6:0 Pass,Pass,pc_final_action,Positive,procedural,keyword,high,,,,54,7,1,planning_commission/minutes/2023/2023-07-10/2023-07-12_planning-commission-meeting.md,minutes
2367,455,4,2,reopen the public hearing passed,Other,6:2 Pass,Pass,pc_final_action,,procedural,keyword,high,,,,59,54,1,planning_commission/minutes/2023/2023-07-10/2023-07-12_planning-commission-meeting.md,minutes
2368,456,4,1,approve the meeting minutes,Minutes,6:0 Pass,Pass,pc_final_action,Positive,procedural,keyword,high,,,,54,59,1,planning_commission/minutes/2023/2023-07-24/2023-07-26_planning-commission-meeting.md,minutes
2369,456,4,2,approve this application based on the 33’3” setback for the amenity deck as shown on the level two plan that occurs on page 23 of the applicant’s application and staff’s recommendation,Other,6:1 Pass,Pass,pc_recommendation,Positive,approve,keyword,high,,,,54,8,1,planning_commission/minutes/2023/2023-07-24/2023-07-26_planning-commission-meeting.md,minutes
2370,456,4,3,recommend that the City Council approve the zoning map amendment and include a development agreement in order to guarantee the preservation of the existing Victorian Mansion currently located on the 2157 South Lincoln Street parcel,Zoning Map Amendment,Positive recommendation 7:0,Pass,pc_recommendation,Positive,approve,keyword,high,734,singleton,high,54,12,1,planning_commission/minutes/2023/2023-07-24/2023-07-26_planning-commission-meeting.md,minutes
2371,456,4,4,approve the design review application based on staff recommendations with the following modification: That the design review include an increase of the sidewalk to eight feet,Design Review,7:0 Approved (Final Action),Pass,pc_final_action,Positive,approve,keyword,high,735,singleton,high,12,2,1,planning_commission/minutes/2023/2023-07-24/2023-07-26_planning-commission-meeting.md,minutes
2372,456,4,5,reopen the previous motion for the zoning map amendment,Zoning Map Amendment,Positive recommendation 4:3,Pass,pc_recommendation,Positive,procedural,keyword,high,736,singleton,high,4,8,1,planning_commission/minutes/2023/2023-07-24/2023-07-26_planning-commission-meeting.md,minutes
2373,456,4,6,recommend that the City Council approve the zoning map amendment with a condition that we enter into a development agreement for the preservation of the Victorian house on the corner of Elm and Lincoln and with the additional condition that we extend the sidewalk to include the parking strip for a w,Zoning Map Amendment,Positive recommendation 5:2,Pass,pc_recommendation,Positive,approve,keyword,high,737,singleton,high,4,54,1,planning_commission/minutes/2023/2023-07-24/2023-07-26_planning-commission-meeting.md,minutes
2374,456,4,7,recommend that the City Council deny this proposal for Master Plan amendment for the following reasons: It's inappropriate without a plan,Master Plan Amendment,Negative recommendation 5:2,Pass,pc_recommendation,Negative,deny,keyword,high,738,singleton,high,59,,1,planning_commission/minutes/2023/2023-07-24/2023-07-26_planning-commission-meeting.md,minutes
2375,456,4,8,recommend that the city council deny this proposal for zoning map amendment for the following reasons: It doesn't conform to the Central City master plan of 2016,Master Plan Amendment,Negative recommendation 5:2,Pass,pc_recommendation,Negative,deny,keyword,high,739,singleton,high,2,59,1,planning_commission/minutes/2023/2023-07-24/2023-07-26_planning-commission-meeting.md,minutes
2376,456,4,9,recommend that the City Council adopt Thriving in Place as the City’s anti-gentrification strategy and mitigation plan and as an addendum to Housing SLC,Other,Positive recommendation 7:0,Pass,pc_recommendation,Positive,approve,keyword,high,,,,12,54,1,planning_commission/minutes/2023/2023-07-24/2023-07-26_planning-commission-meeting.md,minutes
2377,457,4,1,approve the meeting minutes,Minutes,6:0 Pass,Pass,pc_final_action,Positive,procedural,keyword,high,,,,8,54,1,planning_commission/minutes/2023/2023-08-07/2023-08-09_planning-commission-meeting.md,minutes
2378,457,4,2,"approve the Design Review and Planned Development, with the following modifications: 1",Planned Development,7:1 Approved (Final Action),Pass,pc_final_action,Positive,approve,keyword,high,740,singleton,high,8,54,1,planning_commission/minutes/2023/2023-08-07/2023-08-09_planning-commission-meeting.md,minutes
2379,457,4,3,approve this application with the conditions listed in the staff report,Other,8:0 Pass,Pass,pc_final_action,Positive,approve,keyword,high,,,,4,7,1,planning_commission/minutes/2023/2023-08-07/2023-08-09_planning-commission-meeting.md,minutes
2380,457,4,4,recommend that the City Council adopt this zoning text amendment proposal with the following modifications: • The section between 5600 West and John Glenn Road be measured from the lower of the runway elevation and the site elevation,Zoning Text Amendment,Positive recommendation 7:0,Pass,pc_recommendation,Positive,approve,keyword,high,741,singleton,high,54,59,1,planning_commission/minutes/2023/2023-08-07/2023-08-09_planning-commission-meeting.md,minutes
2381,457,4,5,recommend approval of the proposed General Plan Amendment,Master Plan Amendment,Positive recommendation 8:0,Pass,pc_recommendation,Positive,approve,keyword,high,742,singleton,high,54,12,1,planning_commission/minutes/2023/2023-08-07/2023-08-09_planning-commission-meeting.md,minutes
2382,457,4,6,(motion text not captured),Zoning Text Amendment,Positive recommendation 8:0,Pass,pc_recommendation,Positive,,uncaptured,low,743,singleton,high,,,1,planning_commission/minutes/2023/2023-08-07/2023-08-09_planning-commission-meeting.md,minutes
2383,457,4,7,(motion text not captured),Appointment/Election,8:0 Pass,Pass,pc_final_action,,,uncaptured,low,,,,,59,1,planning_commission/minutes/2023/2023-08-07/2023-08-09_planning-commission-meeting.md,minutes
2384,458,4,1,"approve the August 9, 2023, meeting minutes",Minutes,6:0 Pass,Pass,pc_final_action,Positive,procedural,keyword,high,,,,2,8,1,planning_commission/minutes/2023/2023-08-21/2023-08-23_planning-commission-meeting.md,minutes
2385,458,4,2,approves this application based on staff’s recommendation,Other,2:0 Pass,Pass,pc_recommendation,Positive,approve,keyword,high,,,,2,59,1,planning_commission/minutes/2023/2023-08-21/2023-08-23_planning-commission-meeting.md,minutes
2386,458,4,3,recommend that the City Council approve this Zoning Map amendment”,Zoning Map Amendment,Positive recommendation 7:0,Pass,pc_recommendation,Positive,approve,keyword,high,744,singleton,high,12,4,1,planning_commission/minutes/2023/2023-08-21/2023-08-23_planning-commission-meeting.md,minutes
2387,458,4,4,recommend that the City Council approve this Zoning Map amendment”,Zoning Map Amendment,Positive recommendation 7:0,Pass,pc_recommendation,Positive,approve,keyword,high,745,singleton,high,7,12,1,planning_commission/minutes/2023/2023-08-21/2023-08-23_planning-commission-meeting.md,minutes
2388,458,4,5,require a building on the east and west side of the mid-block connection so that it meets the Urban Design policy consideration,Other,7:0 Pass,Pass,pc_final_action,,,unclassified,low,,,,12,2,1,planning_commission/minutes/2023/2023-08-21/2023-08-23_planning-commission-meeting.md,minutes
2389,458,4,6,recommend that the City Council approve this zoning text amendment,Zoning Text Amendment,Positive recommendation 7:0,Pass,pc_recommendation,Positive,approve,keyword,high,746,singleton,high,4,7,1,planning_commission/minutes/2023/2023-08-21/2023-08-23_planning-commission-meeting.md,minutes
2390,459,4,1,approve the Consent Agenda,Consent Agenda,7:0 Pass,Pass,pc_final_action,Positive,procedural,keyword,high,,,,8,7,1,planning_commission/minutes/2023/2023-09-11/2023-09-13_planning-commission-meeting.md,minutes
2391,459,4,2,forward a positive recommendation to the City Council to designate a new local historic district for the Yalecrest –Laird Heights as proposed,Other,Negative recommendation 4:5,Fail,pc_recommendation,,approve,keyword,high,747,singleton,high,4,7,1,planning_commission/minutes/2023/2023-09-11/2023-09-13_planning-commission-meeting.md,minutes
2392,459,4,3,"forward a negative recommendation to the City Council to designate a new local historic district for the Yalecrest –Laird Heights for the following reasons: It is found to be inconsistent with the goals 3 through 5 of plan through Salt Lake, those referring to housing transportation and air quality ",Other,Negative recommendation 5:4,Pass,pc_recommendation,Negative,deny,keyword,high,748,singleton,high,8,66,1,planning_commission/minutes/2023/2023-09-11/2023-09-13_planning-commission-meeting.md,minutes
2393,459,4,4,forward a positive recommendation to the City Council to approve PLNPCM2023-00361 and PLNPCM2023-00499,Other,Positive recommendation 6:2,Pass,pc_recommendation,Positive,approve,keyword,high,,,,15,4,1,planning_commission/minutes/2023/2023-09-11/2023-09-13_planning-commission-meeting.md,minutes
2394,459,4,5,recommend that the City Council approve this petition to amend the zoning map with the following condition: That attachment I specifically stating that there needs to be a replacement for the three houses that will be anticipated as being lost be part of the development agreement,Other,Positive recommendation 7:2,Pass,pc_recommendation,Positive,approve,keyword,high,749,singleton,high,4,66,1,planning_commission/minutes/2023/2023-09-11/2023-09-13_planning-commission-meeting.md,minutes
2395,459,4,6,recommend that the City Council approve the zoning map amendment,Zoning Map Amendment,Positive recommendation 8:1,Pass,pc_recommendation,Positive,approve,keyword,high,750,singleton,high,66,15,1,planning_commission/minutes/2023/2023-09-11/2023-09-13_planning-commission-meeting.md,minutes
2396,460,4,1,add the addendum,Minutes,8:0 Pass,Pass,pc_final_action,,,unclassified,low,,,,7,12,1,planning_commission/minutes/2023/2023-09-25/2023-09-27_planning-commission-meeting.md,minutes
2397,460,4,2,proceed with the Consent Agenda,Consent Agenda,6:1 Pass,Pass,pc_final_action,,procedural,keyword,high,,,,66,63,1,planning_commission/minutes/2023/2023-09-25/2023-09-27_planning-commission-meeting.md,minutes
2398,460,4,3,approve the consent agenda minus item 1 Pacific Yard,Consent Agenda,7:1 Pass,Pass,pc_final_action,Positive,procedural,keyword,high,,,,12,4,1,planning_commission/minutes/2023/2023-09-25/2023-09-27_planning-commission-meeting.md,minutes
2399,460,4,4,approved this application based on Staff’s recommendation,Other,6:1 Pass,Pass,pc_recommendation,Positive,approve,keyword,high,,,,66,7,1,planning_commission/minutes/2023/2023-09-25/2023-09-27_planning-commission-meeting.md,minutes
2400,460,4,5,the Commission approve this application based on staff recommendation,Conditional Use,7:0 Approved (Final Action),Pass,pc_final_action,Positive,approve,keyword,high,751,singleton,high,12,59,1,planning_commission/minutes/2023/2023-09-25/2023-09-27_planning-commission-meeting.md,minutes
2401,460,4,6,"approves this application, which is PLNPCM2022-01062 with the condition listed in the staff report”",Planned Development,8:0 Approved (Final Action),Pass,pc_final_action,,approve,keyword,high,752,singleton,high,4,12,1,planning_commission/minutes/2023/2023-09-25/2023-09-27_planning-commission-meeting.md,minutes
2402,460,4,7,approves this application with the condition listed in the staff report and a condition of additional landscaping to be left to staff’s discretion,Other,6:2 Pass,Pass,pc_final_action,,approve,keyword,high,,,,12,2,1,planning_commission/minutes/2023/2023-09-25/2023-09-27_planning-commission-meeting.md,minutes
2403,460,4,8,approve this Planned Development application with the conditions listed in the staff report based on staff’s recommendation,Planned Development,6:2 Approved (Final Action),Pass,pc_final_action,Positive,approve,keyword,high,753,singleton,high,66,12,1,planning_commission/minutes/2023/2023-09-25/2023-09-27_planning-commission-meeting.md,minutes
2404,460,4,9,approve this Preliminary Subdivision application with the conditions listed in the staff report based on staff’s recommendation,Subdivision/Plat,3:1 Approved (Final Action),Pass,pc_final_action,Positive,approve,keyword,high,754,singleton,high,15,66,1,planning_commission/minutes/2023/2023-09-25/2023-09-27_planning-commission-meeting.md,minutes
2405,460,4,10,(motion text not captured),Other,2:6 Fail,Fail,pc_final_action,,,uncaptured,low,,,,2,15,1,planning_commission/minutes/2023/2023-09-25/2023-09-27_planning-commission-meeting.md,minutes
2406,461,4,1,adopt the new Policies & Procedures as outlined in the Staff Report,Consent Agenda,8:0 Pass,Pass,pc_final_action,,approve,keyword,high,,,,12,15,1,planning_commission/minutes/2023/2023-10-09/2023-10-11_planning-commission-meeting.md,minutes
2407,461,4,2,approve this Design Review application as recommended by staff,Design Review,8:0 Approved (Final Action),Pass,pc_final_action,Positive,approve,keyword,high,755,singleton,high,4,66,1,planning_commission/minutes/2023/2023-10-09/2023-10-11_planning-commission-meeting.md,minutes
2408,461,4,3,"deny this Planned Development application because evidence has not been presented that demonstrates the proposal complies with the following objectives for a Planned Development: A) The open space and landscaping section, parts one through six B) The historic section C) Housing affordability D) Mobi",Planned Development,5:3 Denied (Final Action),Pass,pc_final_action,Negative,deny,keyword,high,756,singleton,high,4,12,1,planning_commission/minutes/2023/2023-10-09/2023-10-11_planning-commission-meeting.md,minutes
2409,461,4,4,forward a positive recommendation to adopt this text amendment to the City Council,Zoning Text Amendment,Positive recommendation 7:1,Pass,pc_recommendation,Positive,approve,keyword,high,757,singleton,high,66,15,1,planning_commission/minutes/2023/2023-10-09/2023-10-11_planning-commission-meeting.md,minutes
2410,461,4,5,reopen the discussion to reconsider the prior vote on Text Amendments to Daycare Uses,Zoning Text Amendment,Positive recommendation 5:2,Pass,pc_recommendation,Positive,procedural,keyword,high,758,singleton,high,7,12,1,planning_commission/minutes/2023/2023-10-09/2023-10-11_planning-commission-meeting.md,minutes
2411,461,4,6,(motion text not captured),Other,7:1 Pass,Pass,pc_final_action,,,uncaptured,low,,,,7,12,1,planning_commission/minutes/2023/2023-10-09/2023-10-11_planning-commission-meeting.md,minutes
2412,461,4,7,"forward a recommendation to adopt this Code Amendment petition with the authority for staff to add omitted zoning districts, to the City Council",Subdivision/Plat,Positive recommendation 7:1,Pass,pc_recommendation,Positive,approve,keyword,high,759,singleton,high,12,7,1,planning_commission/minutes/2023/2023-10-09/2023-10-11_planning-commission-meeting.md,minutes
2413,462,4,1,approve the Consent Agenda,Consent Agenda,8:0 Pass,Pass,pc_final_action,Positive,procedural,keyword,high,,,,66,12,1,planning_commission/minutes/2023/2023-10-23/2023-10-25_planning-commission-meeting.md,minutes
2414,462,4,2,approve this Planned Development application as recommended by Staff,Planned Development,8:0 Approved (Final Action),Pass,pc_final_action,Positive,approve,keyword,high,760,singleton,high,8,2,1,planning_commission/minutes/2023/2023-10-23/2023-10-25_planning-commission-meeting.md,minutes
2415,462,4,3,approves this design review application as recommend by staff for application PLNPCM2022-00653,Design Review,6:2 Approved (Final Action),Pass,pc_final_action,Positive,approve,keyword,high,761,singleton,high,66,8,1,planning_commission/minutes/2023/2023-10-23/2023-10-25_planning-commission-meeting.md,minutes
2416,462,4,4,approves the Planned Development application as recommended by staff for application PLNPCM2023-00685,Planned Development,6:2 Approved (Final Action),Pass,pc_final_action,Positive,approve,keyword,high,762,singleton,high,59,8,1,planning_commission/minutes/2023/2023-10-23/2023-10-25_planning-commission-meeting.md,minutes
2417,462,4,5,approves this Planned Development application as recommended by staff,Planned Development,8:0 Approved (Final Action),Pass,pc_final_action,Positive,approve,keyword,high,763,singleton,high,8,12,1,planning_commission/minutes/2023/2023-10-23/2023-10-25_planning-commission-meeting.md,minutes
2418,462,4,6,approves the Design Review application PLNPCM2023-00525 as recommended by staff,Design Review,8:0 Approved (Final Action),Pass,pc_final_action,Positive,approve,keyword,high,764,singleton,high,7,12,1,planning_commission/minutes/2023/2023-10-23/2023-10-25_planning-commission-meeting.md,minutes
2419,462,4,7,forward a positive recommendation to the City Council for the Zoning Map Amendment with an additional recommendation that City Council engage in a discussion regarding a possible development agreement or restrictive covenant limiting long- term used of the property to a school or similar institution,Zoning Map Amendment,Positive recommendation 8:0,Pass,pc_recommendation,Positive,approve,keyword,high,765,singleton,high,7,8,1,planning_commission/minutes/2023/2023-10-23/2023-10-25_planning-commission-meeting.md,minutes
2420,462,4,8,forward a positive recommendation to the City Council for the General Plan Amendment,Master Plan Amendment,Positive recommendation 8:0,Pass,pc_recommendation,Positive,approve,keyword,high,766,singleton,high,2,12,1,planning_commission/minutes/2023/2023-10-23/2023-10-25_planning-commission-meeting.md,minutes
2421,462,4,9,recommend that the City Council approve this proposal for a General Plan Amendment,Master Plan Amendment,Positive recommendation 8:0,Pass,pc_recommendation,Positive,approve,keyword,high,767,singleton,high,7,66,1,planning_commission/minutes/2023/2023-10-23/2023-10-25_planning-commission-meeting.md,minutes
2422,462,4,10,approves the application for the Planned Development with the conditions listed in the staff report and based on staff’s recommendation,Planned Development,8:0 Approved (Final Action),Pass,pc_final_action,Positive,approve,keyword,high,768,singleton,high,7,66,1,planning_commission/minutes/2023/2023-10-23/2023-10-25_planning-commission-meeting.md,minutes
2423,462,4,11,recommend that the City Council approve the proposal for the Zoning Map Amendment,Zoning Map Amendment,Positive recommendation 8:0,Pass,pc_recommendation,Positive,approve,keyword,high,769,singleton,high,7,66,1,planning_commission/minutes/2023/2023-10-23/2023-10-25_planning-commission-meeting.md,minutes
2424,462,4,12,forward a recommendation to adopt the Zoning Map and Zoning Text Amendments to City Council,Zoning Text Amendment,Positive recommendation 7:1,Pass,pc_recommendation,Positive,approve,keyword,high,770,singleton,high,12,66,1,planning_commission/minutes/2023/2023-10-23/2023-10-25_planning-commission-meeting.md,minutes
2425,462,4,13,forward a negative recommendation to City Council for this General Plan Amendment for the following reason: Higher density transit oriented development will not align with the Central Community Future Land Use Map,Master Plan Amendment,Negative recommendation 5:3,Pass,pc_recommendation,Negative,deny,keyword,high,771,singleton,high,2,12,1,planning_commission/minutes/2023/2023-10-23/2023-10-25_planning-commission-meeting.md,minutes
2426,462,4,14,forward a negative recommendation to City Council for the Zoning Map Amendment for the following reasons: 1) Consideration 3 is not supported because of the extent the proposed Amendment will affect adjacent properties significantly,Zoning Map Amendment,Negative recommendation 5:3,Pass,pc_recommendation,Negative,deny,keyword,high,772,singleton,high,2,59,1,planning_commission/minutes/2023/2023-10-23/2023-10-25_planning-commission-meeting.md,minutes
2427,463,4,1,ask the Planning Division look into the design standards 21A,Zoning Text Amendment,Positive recommendation 8:0,Pass,pc_recommendation,Positive,,unclassified,low,773,singleton,high,12,4,1,planning_commission/minutes/2023/2023-11-06/2023-11-08_planning-commission-meeting.md,minutes
2428,463,4,2,forward a recommendation to adopt this Zoning Map Amendment to the City Council,Zoning Map Amendment,Positive recommendation 5:3,Pass,pc_recommendation,Positive,approve,keyword,high,774,singleton,high,4,12,1,planning_commission/minutes/2023/2023-11-06/2023-11-08_planning-commission-meeting.md,minutes
2429,463,4,3,forward a positive recommendation to adopt Connect SLC – Citywide Transportation Plan to the City Council,Master Plan Amendment,Positive recommendation 8:0,Pass,pc_recommendation,Positive,approve,keyword,high,775,singleton,high,66,15,1,planning_commission/minutes/2023/2023-11-06/2023-11-08_planning-commission-meeting.md,minutes
2430,463,4,4,forward a recommendation to adopt this text amendment to the City Council with minor changes to change “fees” to “payment” and to section 19,Zoning Text Amendment,Positive recommendation 7:0,Pass,pc_recommendation,Positive,approve,keyword,high,776,singleton,high,12,66,1,planning_commission/minutes/2023/2023-11-06/2023-11-08_planning-commission-meeting.md,minutes
2431,464,4,1,approve the minutes,Minutes,8:0 Pass,Pass,pc_final_action,Positive,procedural,keyword,high,,,,4,66,1,planning_commission/minutes/2023/2023-11-27/2023-11-29_planning-commission-meeting.md,minutes
2432,464,4,2,approve this application with the conditions listed in the Staff Report,Conditional Use,8:0 Approved (Final Action),Pass,pc_final_action,Positive,approve,keyword,high,777,singleton,high,66,15,1,planning_commission/minutes/2023/2023-11-27/2023-11-29_planning-commission-meeting.md,minutes
2433,464,4,3,approve this application based on Staff’s recommendation,Planned Development,8:0 Approved (Final Action),Pass,pc_final_action,Positive,approve,keyword,high,778,singleton,high,66,7,1,planning_commission/minutes/2023/2023-11-27/2023-11-29_planning-commission-meeting.md,minutes
2434,464,4,4,forward a positive recommendation to adopt this Zoning Map Amendment to City Council,Zoning Map Amendment,Positive recommendation 8:0,Pass,pc_recommendation,Positive,approve,keyword,high,779,singleton,high,15,12,1,planning_commission/minutes/2023/2023-11-27/2023-11-29_planning-commission-meeting.md,minutes
2435,465,4,1,approve the consent agenda,Consent Agenda,8:0 Pass,Pass,pc_final_action,Positive,procedural,keyword,high,,,,15,12,1,planning_commission/minutes/2023/2023-12-11/2023-12-13_planning-commission-meeting.md,minutes
2436,465,4,2,forward a positive recommendation the City Council to adopt this Street Vacation Petition with the condition listed in the staff report,Street/Alley Closure,Positive recommendation 8:0,Pass,pc_recommendation,Positive,approve,keyword,high,780,singleton,high,15,59,1,planning_commission/minutes/2023/2023-12-11/2023-12-13_planning-commission-meeting.md,minutes
2437,465,4,3,forward a positive recommendation the City Council to adopt this Alley Vacation Petition with the conditions listed in the staff report,Street/Alley Closure,Positive recommendation 8:0,Pass,pc_recommendation,Positive,approve,keyword,high,781,singleton,high,15,59,1,planning_commission/minutes/2023/2023-12-11/2023-12-13_planning-commission-meeting.md,minutes
2438,465,4,4,"forward a positive recommendation the City Council to adopt this Preliminary Plat for amending the Brooklyn and Dolan Subdivisions, and vacating Brooklyn Avenue with the conditions listed in the staff report",Subdivision/Plat,Positive recommendation 8:0,Pass,pc_recommendation,Positive,approve,keyword,high,782,singleton,high,15,59,1,planning_commission/minutes/2023/2023-12-11/2023-12-13_planning-commission-meeting.md,minutes
2439,465,4,5,deny this Design Review application because evidence has not been presented that demonstrates the proposal complies with the following standards: Standard 21A,Design Review,6:2 Denied (Final Action),Pass,pc_final_action,Negative,deny,keyword,high,783,singleton,high,12,7,1,planning_commission/minutes/2023/2023-12-11/2023-12-13_planning-commission-meeting.md,minutes
2440,465,4,6,forward a recommendation to adopt this zoning map amendment to the City Council with the following condition: • The property owners of each parcel must enter into a development agreement with Salt Lake City,Zoning Map Amendment,Positive recommendation 6:1,Pass,pc_recommendation,Positive,approve,keyword,high,784,name,medium,12,15,1,planning_commission/minutes/2023/2023-12-11/2023-12-13_planning-commission-meeting.md,minutes
2441,465,4,7,(motion text not captured),Appointment/Election,7:0 Pass,Pass,pc_final_action,,,uncaptured,low,,,,,,1,planning_commission/minutes/2023/2023-12-11/2023-12-13_planning-commission-meeting.md,minutes
2442,466,4,1,approve the consent agenda,Consent Agenda,8:0 Pass,Pass,pc_final_action,Positive,procedural,keyword,high,,,,7,59,1,planning_commission/minutes/2024/2024-01-08/2024-01-10_planning-commission-meeting.md,minutes
2443,466,4,2,move item #3 to the end of the agenda,Other,8:0 Pass,Pass,pc_final_action,,procedural,keyword,high,,,,45,15,1,planning_commission/minutes/2024/2024-01-08/2024-01-10_planning-commission-meeting.md,minutes
2444,466,4,3,forward a recommendation to adopt this text amendment to the City Council,Zoning Text Amendment,Positive recommendation 8:0,Pass,pc_recommendation,Positive,approve,keyword,high,785,singleton,high,7,2,1,planning_commission/minutes/2024/2024-01-08/2024-01-10_planning-commission-meeting.md,minutes
2445,466,4,4,forward a recommendation to adopt this Zoning Text Amendment to the City Council with a change to 21A32020n13 to change 25 years to 50 years,Zoning Text Amendment,Negative recommendation 3:5,Fail,pc_recommendation,,approve,keyword,high,786,singleton,high,2,59,1,planning_commission/minutes/2024/2024-01-08/2024-01-10_planning-commission-meeting.md,minutes
2446,466,4,5,(motion text not captured),Other,7:1 Pass,Pass,pc_final_action,,,uncaptured,low,,,,,,1,planning_commission/minutes/2024/2024-01-08/2024-01-10_planning-commission-meeting.md,minutes
2447,466,4,6,forward a recommendation to adopt this text amendment to the City Council,Zoning Text Amendment,Positive recommendation 8:0,Pass,pc_recommendation,Positive,approve,keyword,high,787,singleton,high,7,45,1,planning_commission/minutes/2024/2024-01-08/2024-01-10_planning-commission-meeting.md,minutes
2448,466,4,7,approve this design review application as recommended by staff with the following condition listed in the staff report,Design Review,8:0 Approved (Final Action),Pass,pc_final_action,Positive,approve,keyword,high,788,singleton,high,12,7,1,planning_commission/minutes/2024/2024-01-08/2024-01-10_planning-commission-meeting.md,minutes
2449,466,4,8,approve this planned development application as recommended by staff,Planned Development,7:1 Approved (Final Action),Pass,pc_final_action,Positive,approve,keyword,high,789,singleton,high,12,,1,planning_commission/minutes/2024/2024-01-08/2024-01-10_planning-commission-meeting.md,minutes
2450,466,4,9,"table PLNPCM2023-00260 to give better consideration of the EV location to not conflict with the business, and to engage further with stakeholders both in the industry and from the community, and to have a better sense of where in the city this would be applicable",Procedural/Administrative,8:0 Pass,Pass,pc_final_action,,table,keyword,high,,,,12,2,1,planning_commission/minutes/2024/2024-01-08/2024-01-10_planning-commission-meeting.md,minutes
2451,467,4,1,approve the meeting minutes,Minutes,6:0 Pass,Pass,pc_final_action,Positive,procedural,keyword,high,,,,7,12,1,planning_commission/minutes/2024/2024-01-22/2024-01-24_planning-commission-meeting.md,minutes
2452,467,4,3,forward a recommendation to adopt these zoning text amendments to the City Council,Zoning Text Amendment,Positive recommendation 8:0,Pass,pc_recommendation,Positive,approve,keyword,high,790,singleton,high,7,45,1,planning_commission/minutes/2024/2024-01-22/2024-01-24_planning-commission-meeting.md,minutes
2453,467,4,4,recommend that the City Council approve this text amendment proposal,Zoning Text Amendment,Positive recommendation 8:0,Pass,pc_recommendation,Positive,approve,keyword,high,791,singleton,high,12,59,1,planning_commission/minutes/2024/2024-01-22/2024-01-24_planning-commission-meeting.md,minutes
2454,467,4,6,(motion text not captured),Other,7:1 Pass,Pass,pc_final_action,,,uncaptured,low,,,,,,1,planning_commission/minutes/2024/2024-01-22/2024-01-24_planning-commission-meeting.md,minutes
2455,467,4,7,"approve the Preliminary Subdivision Plat coinciding with staff’s recommendations but with the following modifications: That the City and Ivory Homes enter into an agreement delineating the scope and purposed of the public use of the walkway and open space, as well as delineating maintenance responsi",Subdivision/Plat,7:1 Approved (Final Action),Pass,pc_final_action,Positive,approve,keyword,high,792,singleton,high,7,12,1,planning_commission/minutes/2024/2024-01-22/2024-01-24_planning-commission-meeting.md,minutes
2456,467,4,8,the Commission approve this Planned Development as recommended by staff,Planned Development,8:0 Approved (Final Action),Pass,pc_final_action,Positive,approve,keyword,high,793,singleton,high,4,12,1,planning_commission/minutes/2024/2024-01-22/2024-01-24_planning-commission-meeting.md,minutes
2457,467,4,9,approve this Design Review application as recommended by staff,Design Review,8:0 Approved (Final Action),Pass,pc_final_action,Positive,approve,keyword,high,794,singleton,high,7,14,1,planning_commission/minutes/2024/2024-01-22/2024-01-24_planning-commission-meeting.md,minutes
2458,467,4,10,approve this Design Review as recommended by staff,Design Review,8:0 Approved (Final Action),Pass,pc_final_action,Positive,approve,keyword,high,795,singleton,high,4,45,1,planning_commission/minutes/2024/2024-01-22/2024-01-24_planning-commission-meeting.md,minutes
2459,468,4,1,initiate a zoning text amendment for chapter 21A,Zoning Text Amendment,Positive recommendation 7:0,Pass,pc_recommendation,Positive,,unclassified,low,796,singleton,high,4,15,1,planning_commission/minutes/2024/2024-02-12/2024-02-14_planning-commission-meeting.md,minutes
2460,468,4,2,approve the consent agenda,Consent Agenda,7:0 Pass,Pass,pc_final_action,Positive,procedural,keyword,high,,,,2,45,1,planning_commission/minutes/2024/2024-02-12/2024-02-14_planning-commission-meeting.md,minutes
2461,468,4,3,table this item to give staff more time to add clarifying language on the intent of the amendment,Procedural/Administrative,6:1 Pass,Pass,pc_final_action,,table,keyword,high,,,,4,59,1,planning_commission/minutes/2024/2024-02-12/2024-02-14_planning-commission-meeting.md,minutes
2462,468,4,4,forward a recommendation to adopt this zoning map amendment to the City Council,Zoning Map Amendment,Positive recommendation 6:1,Pass,pc_recommendation,Positive,approve,keyword,high,797,singleton,high,2,7,1,planning_commission/minutes/2024/2024-02-12/2024-02-14_planning-commission-meeting.md,minutes
2463,468,4,5,recommend that the City Council approve this zoning text amendment proposal,Zoning Text Amendment,Positive recommendation 7:0,Pass,pc_recommendation,Positive,approve,keyword,high,798,singleton,high,4,45,1,planning_commission/minutes/2024/2024-02-12/2024-02-14_planning-commission-meeting.md,minutes
2464,468,4,6,forward a positive recommendation to adopt this Text Amendment with the modifications recommended by Planning Staff to the City Council,Zoning Text Amendment,Positive recommendation 6:1,Pass,pc_recommendation,Positive,approve,keyword,high,799,singleton,high,15,2,1,planning_commission/minutes/2024/2024-02-12/2024-02-14_planning-commission-meeting.md,minutes
2465,468,4,7,forward a recommendation to adopt this Zoning Map Amendment to the City Council,Zoning Map Amendment,Positive recommendation 7:0,Pass,pc_recommendation,Positive,approve,keyword,high,800,singleton,high,15,45,1,planning_commission/minutes/2024/2024-02-12/2024-02-14_planning-commission-meeting.md,minutes
2466,468,4,8,recommend that the City Council approve this Zoning Map amendment,Zoning Map Amendment,Positive recommendation 7:0,Pass,pc_recommendation,Positive,approve,keyword,high,801,singleton,high,4,7,1,planning_commission/minutes/2024/2024-02-12/2024-02-14_planning-commission-meeting.md,minutes
2467,469,4,1,approve,Design Review,8:0 Approved (Final Action),Pass,pc_final_action,Positive,approve,keyword,high,802,singleton,high,2,7,1,planning_commission/minutes/2024/2024-02-26/2024-02-28_planning-commission-meeting.md,minutes
2468,469,4,2,recommend that the City Council approves this Text Amendment proposal,Zoning Text Amendment,Positive recommendation 8:0,Pass,pc_recommendation,Positive,approve,keyword,high,803,singleton,high,2,15,1,planning_commission/minutes/2024/2024-02-26/2024-02-28_planning-commission-meeting.md,minutes
2469,469,4,3,approves this Planned Development application as recommended by staff,Planned Development,7:1 Approved (Final Action),Pass,pc_final_action,Positive,approve,keyword,high,804,singleton,high,15,12,1,planning_commission/minutes/2024/2024-02-26/2024-02-28_planning-commission-meeting.md,minutes
2470,469,4,4,approve this Preliminary Subdivision application pursuant to the approved McClelland Enclave Planned Development,Planned Development,7:0 Approved (Final Action),Pass,pc_final_action,Positive,approve,keyword,high,805,singleton,high,15,59,1,planning_commission/minutes/2024/2024-02-26/2024-02-28_planning-commission-meeting.md,minutes
2471,469,4,5,forward a positive recommendation to adopt this Zoning Map Amendment,Zoning Map Amendment,Positive recommendation 7:1,Pass,pc_recommendation,Positive,approve,keyword,high,806,singleton,high,4,12,1,planning_commission/minutes/2024/2024-02-26/2024-02-28_planning-commission-meeting.md,minutes
2472,469,4,6,forward a recommendation of approval to City Council,Other,Positive recommendation 5:3,Pass,pc_recommendation,Positive,approve,keyword,high,,,,2,12,1,planning_commission/minutes/2024/2024-02-26/2024-02-28_planning-commission-meeting.md,minutes
2473,469,4,7,forward a positive recommendation with the following changes to the request: 1) limiting an awning canopy sign to 3 square ft per linear foot of building face 75 Square ft maximum,Appointment/Election,Positive recommendation 7:1,Pass,pc_recommendation,Positive,approve,keyword,high,,,,7,15,1,planning_commission/minutes/2024/2024-02-26/2024-02-28_planning-commission-meeting.md,minutes
2474,469,4,8,forward a positive recommendation to adopt the Text Amendment to City Council,Zoning Text Amendment,Positive recommendation 8:0,Pass,pc_recommendation,Positive,approve,keyword,high,807,singleton,high,12,4,1,planning_commission/minutes/2024/2024-02-26/2024-02-28_planning-commission-meeting.md,minutes
2475,470,4,1,forward a recommendation to adopt this text amendment to the City Council including the removal of the appeals hearing officer term limit and setting a new minimum number of commissioners for both the Planning Commission and Historic Landmark Commission be set at five,Zoning Text Amendment,Positive recommendation 6:2,Pass,pc_recommendation,Positive,approve,keyword,high,808,singleton,high,2,59,1,planning_commission/minutes/2024/2024-03-11/2024-03-13_planning-commission-meeting.md,minutes
2476,471,4,1,approve the consent agenda,Consent Agenda,5:2 Pass,Pass,pc_final_action,Positive,procedural,keyword,high,,,,12,45,1,planning_commission/minutes/2024/2024-03-25/2024-03-27_planning-commission-meeting.md,minutes
2477,471,4,2,approve the Planned Development application,Planned Development,7:0 Approved (Final Action),Pass,pc_final_action,Positive,approve,keyword,high,809,singleton,high,12,59,1,planning_commission/minutes/2024/2024-03-25/2024-03-27_planning-commission-meeting.md,minutes
2478,471,4,3,approve the Preliminary Subdivision application,Subdivision/Plat,7:0 Approved (Final Action),Pass,pc_final_action,Positive,approve,keyword,high,810,singleton,high,12,2,1,planning_commission/minutes/2024/2024-03-25/2024-03-27_planning-commission-meeting.md,minutes
2479,471,4,4,"forward a positive recommendation to adopt the Text Amendment to City Council with additional recommendations: 1) look at a tiered approach regarding the size of the sign in relation to the dwell time and twirl time, 2) evaluate the appropriateness of a curfew and, 3) better understand the importanc",Zoning Text Amendment,Positive recommendation 7:0,Pass,pc_recommendation,Positive,approve,keyword,high,811,singleton,high,4,12,1,planning_commission/minutes/2024/2024-03-25/2024-03-27_planning-commission-meeting.md,minutes
2480,472,4,1,approve this Planned Development application as recommended by staff with the elimination of the words “porch design” from the second condition,Planned Development,6:1 Approved (Final Action),Pass,pc_final_action,Positive,approve,keyword,high,812,singleton,high,12,59,1,planning_commission/minutes/2024/2024-04-08/2024-04-10_planning-commission-meeting.md,minutes
2481,472,4,2,forward a recommendation to adopt this Zoning Map Amendment to the City Council,Zoning Map Amendment,Positive recommendation 7:0,Pass,pc_recommendation,Positive,approve,keyword,high,813,singleton,high,7,45,1,planning_commission/minutes/2024/2024-04-08/2024-04-10_planning-commission-meeting.md,minutes
2482,472,4,3,close the continued public hearing,Zoning Text Amendment,Positive recommendation 6:0,Pass,pc_recommendation,Positive,procedural,keyword,medium,814,singleton,high,59,2,1,planning_commission/minutes/2024/2024-04-08/2024-04-10_planning-commission-meeting.md,minutes
2483,472,4,4,forward a recommendation to adopt this text amendment to the City Council,Zoning Text Amendment,Positive recommendation 6:0,Pass,pc_recommendation,Positive,approve,keyword,high,815,singleton,high,4,2,1,planning_commission/minutes/2024/2024-04-08/2024-04-10_planning-commission-meeting.md,minutes
2484,472,4,5,forward a recommendation to adopt this zoning text amendment to the City Council,Zoning Text Amendment,Positive recommendation 6:0,Pass,pc_recommendation,Positive,approve,keyword,high,816,singleton,high,2,12,1,planning_commission/minutes/2024/2024-04-08/2024-04-10_planning-commission-meeting.md,minutes
2485,473,4,1,move the Planned Development for Glendale Townhomes to the regular agenda,Planned Development,5:2 Approved (Final Action),Pass,pc_final_action,,procedural,keyword,high,817,singleton,high,2,12,1,planning_commission/minutes/2024/2024-04-22/2024-04-24_planning-commission-meeting.md,minutes
2486,473,4,2,"amend the minutes for April 10, 2024",Minutes,6:0 Pass,Pass,pc_final_action,,procedural,keyword,high,,,,2,59,1,planning_commission/minutes/2024/2024-04-22/2024-04-24_planning-commission-meeting.md,minutes
2487,473,4,3,approve the consent agenda,Consent Agenda,7:0 Pass,Pass,pc_final_action,Positive,procedural,keyword,high,,,,2,59,1,planning_commission/minutes/2024/2024-04-22/2024-04-24_planning-commission-meeting.md,minutes
2488,473,4,4,table the item with the public hearing to remain open,Planned Development,6:1 Approved (Final Action),Pass,pc_final_action,,table,keyword,high,818,singleton,high,59,2,1,planning_commission/minutes/2024/2024-04-22/2024-04-24_planning-commission-meeting.md,minutes
2489,473,4,5,recommend that the City Council approve this proposal for a Zoning Map amendment based on staff’s recommendation,Zoning Map Amendment,Positive recommendation 7:0,Pass,pc_recommendation,Positive,approve,keyword,high,819,singleton,high,4,7,1,planning_commission/minutes/2024/2024-04-22/2024-04-24_planning-commission-meeting.md,minutes
2490,473,4,6,recommend that the City Council approve this zoning text amendment proposal,Zoning Text Amendment,Positive recommendation 5:2,Pass,pc_recommendation,Positive,approve,keyword,high,820,singleton,high,7,12,1,planning_commission/minutes/2024/2024-04-22/2024-04-24_planning-commission-meeting.md,minutes
2491,474,4,1,forward a recommendation of denial to City Council for this Zoning Map Amendment,Zoning Map Amendment,Negative recommendation 6:2,Pass,pc_recommendation,Negative,deny,keyword,high,821,singleton,high,4,15,1,planning_commission/minutes/2024/2024-05-06/2024-05-08_planning-commission-meeting.md,minutes
2492,474,4,2,forward a recommendation of denial to City Council for this Text Amendment,Zoning Text Amendment,Negative recommendation 7:1,Pass,pc_recommendation,Negative,deny,keyword,high,822,singleton,high,4,12,1,planning_commission/minutes/2024/2024-05-06/2024-05-08_planning-commission-meeting.md,minutes
2493,474,4,3,table the Planned Development request at approximately 455 E and 475 E 500 S until the City Council decides on a rezoning and to leave the public hearing open,Planned Development,6:2 Approved (Final Action),Pass,pc_final_action,,table,keyword,high,823,singleton,high,2,59,1,planning_commission/minutes/2024/2024-05-06/2024-05-08_planning-commission-meeting.md,minutes
2494,474,4,4,forward a recommendation to adopt this zoning text amendment to the City Council with the additional recommendation that we leave the 14 foot height for loading docks for vertical clearance for multifamily residential and that the City Council look at the standard of when the loading dock is require,Zoning Text Amendment,Positive recommendation 8:0,Pass,pc_recommendation,Positive,approve,keyword,high,824,singleton,high,4,45,1,planning_commission/minutes/2024/2024-05-06/2024-05-08_planning-commission-meeting.md,minutes
2495,474,4,5,forward a recommendation to adopt this zoning text amendment to the City Council,Zoning Text Amendment,Positive recommendation 8:0,Pass,pc_recommendation,Positive,approve,keyword,high,825,singleton,high,12,15,1,planning_commission/minutes/2024/2024-05-06/2024-05-08_planning-commission-meeting.md,minutes
2496,475,4,1,approve the consent agenda,Consent Agenda,8:0 Pass,Pass,pc_final_action,Positive,procedural,keyword,high,,,,2,15,1,planning_commission/minutes/2024/2024-05-20/2024-05-22_planning-commission-meeting.md,minutes
2497,475,4,2,approve the Planned Development modification #1 and deny modifications #2 and #3 as recommended by staff,Planned Development,2:6 Approved (Final Action),Fail,pc_final_action,,approve,mixed,low,826,singleton,high,7,4,1,planning_commission/minutes/2024/2024-05-20/2024-05-22_planning-commission-meeting.md,minutes
2498,475,4,3,approve this Planned Development application as recommended by staff,Planned Development,8:0 Approved (Final Action),Pass,pc_final_action,Positive,approve,keyword,high,827,singleton,high,12,4,1,planning_commission/minutes/2024/2024-05-20/2024-05-22_planning-commission-meeting.md,minutes
2499,475,4,4,continues this Planned Development application as recommended by staff,Planned Development,8:0 Approved (Final Action),Pass,pc_final_action,Positive,continue,keyword,high,828,singleton,high,12,7,1,planning_commission/minutes/2024/2024-05-20/2024-05-22_planning-commission-meeting.md,minutes
2500,475,4,5,continue this Preliminary Subdivision application as recommended by staff,Subdivision/Plat,8:0 Approved (Final Action),Pass,pc_final_action,Positive,continue,keyword,high,829,singleton,high,12,7,1,planning_commission/minutes/2024/2024-05-20/2024-05-22_planning-commission-meeting.md,minutes
2501,475,4,6,approve Commissioner Burrows as Vice-Chair,Appointment/Election,8:0 Pass,Pass,pc_final_action,Positive,approve,keyword,high,,,,4,15,1,planning_commission/minutes/2024/2024-05-20/2024-05-22_planning-commission-meeting.md,minutes
2502,476,4,1,approve the Consent Agenda,Consent Agenda,6:0 Pass,Pass,pc_final_action,Positive,procedural,keyword,high,,,,12,2,1,planning_commission/minutes/2024/2024-06-10/2024-06-12_planning-commission-meeting.md,minutes
2503,476,4,2,"approve request items 1, 2, and 3 of this plan development",Other,6:0 Pass,Pass,pc_final_action,Positive,approve,keyword,high,,,,2,12,1,planning_commission/minutes/2024/2024-06-10/2024-06-12_planning-commission-meeting.md,minutes
2504,476,4,3,"approve request items 1, 2, and 3 of this preliminary subdivision application",Subdivision/Plat,6:0 Approved (Final Action),Pass,pc_final_action,Positive,approve,keyword,high,830,singleton,high,2,45,1,planning_commission/minutes/2024/2024-06-10/2024-06-12_planning-commission-meeting.md,minutes
2505,476,4,4,approve this design review application,Design Review,6:0 Approved (Final Action),Pass,pc_final_action,Positive,approve,keyword,high,831,singleton,high,2,59,1,planning_commission/minutes/2024/2024-06-10/2024-06-12_planning-commission-meeting.md,minutes
2506,476,4,5,approve this plan development application,Other,6:0 Pass,Pass,pc_final_action,Positive,approve,keyword,high,,,,2,12,1,planning_commission/minutes/2024/2024-06-10/2024-06-12_planning-commission-meeting.md,minutes
2507,476,4,6,"forward a recommendation to adopt this text amendment, with the addition of the consideration of not allowing storage, destruction, and processing of medical waste or hazardous waste",Zoning Text Amendment,Positive recommendation 6:0,Pass,pc_recommendation,Positive,approve,keyword,high,832,singleton,high,2,59,1,planning_commission/minutes/2024/2024-06-10/2024-06-12_planning-commission-meeting.md,minutes
2508,476,4,7,"make a recommendation of denial for the following reasons, does not comport with downtown plan, does not comport with existing purpose of the zone",Other,6:0 Pass,Pass,pc_recommendation,Negative,deny,keyword,high,,,,12,59,1,planning_commission/minutes/2024/2024-06-10/2024-06-12_planning-commission-meeting.md,minutes
2509,476,4,8,forward a recommendation to adopt this zoning text amendment to the City Council,Zoning Text Amendment,Positive recommendation 6:0,Pass,pc_recommendation,Positive,approve,keyword,high,833,singleton,high,2,45,1,planning_commission/minutes/2024/2024-06-10/2024-06-12_planning-commission-meeting.md,minutes
2510,477,4,1,approve the consent agenda,Consent Agenda,5:0 Pass,Pass,pc_final_action,Positive,procedural,keyword,high,,,,59,45,1,planning_commission/minutes/2024/2024-06-24/2024-06-26_planning-commission-meeting.md,minutes
2511,477,4,2,"approve this Conditional Use modification application, as recommended by staff",Conditional Use,5:0 Approved (Final Action),Pass,pc_final_action,Positive,approve,keyword,high,834,singleton,high,12,45,1,planning_commission/minutes/2024/2024-06-24/2024-06-26_planning-commission-meeting.md,minutes
2512,477,4,5,forward a recommendation of denial to City Council for this Zoning Map Amendment,Zoning Map Amendment,Negative recommendation 5:0,Pass,pc_recommendation,Negative,deny,keyword,high,835,singleton,high,45,12,1,planning_commission/minutes/2024/2024-06-24/2024-06-26_planning-commission-meeting.md,minutes
2513,477,4,6,forward a recommendation to City Council to adopt the Upper Yale local historic district,Other,Positive recommendation 5:0,Pass,pc_recommendation,Positive,approve,keyword,high,836,singleton,high,4,12,1,planning_commission/minutes/2024/2024-06-24/2024-06-26_planning-commission-meeting.md,minutes
2514,477,4,7,"forward a recommendation, with conditions, to adopt the zoning text amendment to City Council",Zoning Text Amendment,Positive recommendation 5:0,Pass,pc_recommendation,Positive,approve,keyword,high,837,singleton,high,4,12,1,planning_commission/minutes/2024/2024-06-24/2024-06-26_planning-commission-meeting.md,minutes
2515,478,4,1,approve the Consent Agenda items one and two,Consent Agenda,6:0 Pass,Pass,pc_final_action,Positive,procedural,keyword,high,,,,4,45,1,planning_commission/minutes/2024/2024-07-08/2024-07-10_planning-commission-meeting.md,minutes
2516,479,4,1,approve the Consent Agenda,Consent Agenda,6:0 Pass,Pass,pc_final_action,Positive,procedural,keyword,high,,,,2,12,1,planning_commission/minutes/2024/2024-08-12/2024-08-14_planning-commission-meeting.md,minutes
2517,479,4,2,forward a recommendation to adopt this zoning map amendment to the City Council,Zoning Map Amendment,Positive recommendation 6:0,Pass,pc_recommendation,Positive,approve,keyword,high,838,singleton,high,12,4,1,planning_commission/minutes/2024/2024-08-12/2024-08-14_planning-commission-meeting.md,minutes
2518,480,4,1,"approve the July 31, 2023 minutes",Minutes,6:0 Pass,Pass,pc_final_action,Positive,procedural,keyword,high,,,,2,7,1,planning_commission/minutes/2024/2024-08-26/2024-08-28_planning-commission-meeting.md,minutes
2519,480,4,2,"table the August 14, 2024 minutes",Minutes,6:1 Pass,Pass,pc_final_action,,table,keyword,high,,,,12,45,1,planning_commission/minutes/2024/2024-08-26/2024-08-28_planning-commission-meeting.md,minutes
2520,480,4,3,"forward a recommendation of approval of this text amendment to the City Council, with additional direction that staff can review certain verbiage as long as it meets intent in briefing",Zoning Text Amendment,Positive recommendation 6:0,Pass,pc_recommendation,Positive,approve,keyword,high,839,singleton,high,4,12,1,planning_commission/minutes/2024/2024-08-26/2024-08-28_planning-commission-meeting.md,minutes
2521,481,4,1,approve the Consent Agenda,Consent Agenda,7:0 Pass,Pass,pc_final_action,Positive,procedural,keyword,high,,,,2,12,1,planning_commission/minutes/2024/2024-09-09/2024-09-11_planning-commission-meeting.md,minutes
2522,481,4,2,approve this Conditional Use application coinciding with staff’s recommendations and with the additional condition that there be a physical barrier consisting of either a permanent fence or earthen berm placed at the 1000 foot buffer area,Conditional Use,5:2 Approved (Final Action),Pass,pc_final_action,Positive,approve,keyword,high,840,singleton,high,7,45,1,planning_commission/minutes/2024/2024-09-09/2024-09-11_planning-commission-meeting.md,minutes
2523,481,4,3,approve this Design Review application as recommended by staff but with the following modifications: 1) That the gallery space along 800 South remain in operation as retail to comply with ground floor uses defined by zoning code and if the galley use changes it should continue to be retail in focus,Design Review,6:1 Approved (Final Action),Pass,pc_final_action,Positive,approve,keyword,high,841,singleton,high,4,12,1,planning_commission/minutes/2024/2024-09-09/2024-09-11_planning-commission-meeting.md,minutes
2524,481,4,4,approve this Planned Development as recommended by staff,Planned Development,6:1 Approved (Final Action),Pass,pc_final_action,Positive,approve,keyword,high,842,singleton,high,7,2,1,planning_commission/minutes/2024/2024-09-09/2024-09-11_planning-commission-meeting.md,minutes
2525,481,4,5,approve this Planned Development as recommended by staff,Planned Development,7:0 Approved (Final Action),Pass,pc_final_action,Positive,approve,keyword,high,843,singleton,high,4,12,1,planning_commission/minutes/2024/2024-09-09/2024-09-11_planning-commission-meeting.md,minutes
2526,481,4,6,approve this Design Review as recommended by staff,Design Review,7:0 Approved (Final Action),Pass,pc_final_action,Positive,approve,keyword,high,844,singleton,high,4,7,1,planning_commission/minutes/2024/2024-09-09/2024-09-11_planning-commission-meeting.md,minutes
2527,481,4,7,forward a recommendation to approve this alley vacation to City Council with the conditions listed in the staff report,Street/Alley Closure,Positive recommendation 6:0,Pass,pc_recommendation,Positive,approve,keyword,high,845,singleton,high,2,4,1,planning_commission/minutes/2024/2024-09-09/2024-09-11_planning-commission-meeting.md,minutes
2528,481,4,8,"forward a recommendation of denial to City Council for this General Plan Amendment for the following reasons: Does not lessen congestions on the streets, is not scaled to enhance the neighborhood, City department reviews state the area does not have the capacity for the development, and there is no ",Master Plan Amendment,Negative recommendation 7:0,Pass,pc_recommendation,Negative,deny,keyword,high,846,singleton,high,,12,1,planning_commission/minutes/2024/2024-09-09/2024-09-11_planning-commission-meeting.md,minutes
2529,481,4,9,"forward a recommendation of denial to City Council for this Zoning Text & Map Amendment for the following reasons: potential impacts where not fully explored, and the staff report did not give credence that capacity could be met, and the impact on the city’s ability and need of timing future transpo",Zoning Map Amendment,Negative recommendation 7:0,Pass,pc_recommendation,Negative,deny,keyword,high,847,singleton,high,,2,1,planning_commission/minutes/2024/2024-09-09/2024-09-11_planning-commission-meeting.md,minutes
2530,481,4,10,approve the nomination,Appointment/Election,7:0 Pass,Pass,pc_final_action,Positive,approve,keyword,high,,,,4,12,1,planning_commission/minutes/2024/2024-09-09/2024-09-11_planning-commission-meeting.md,minutes
2531,481,4,11,approve Commissioner Kraczek as Vice Chair,Appointment/Election,7:0 Pass,Pass,pc_final_action,Positive,approve,keyword,high,,,,4,2,1,planning_commission/minutes/2024/2024-09-09/2024-09-11_planning-commission-meeting.md,minutes
2532,482,4,1,approve the consent agenda,Consent Agenda,6:0 Pass,Pass,pc_final_action,Positive,procedural,keyword,high,,,,54,45,1,planning_commission/minutes/2024/2024-09-23/2024-09-25_planning-commission-meeting.md,minutes
2533,482,4,2,forward a recommendation to adopt this Alley Vacation to the City Council,Street/Alley Closure,Positive recommendation 6:0,Pass,pc_recommendation,Positive,approve,keyword,high,848,singleton,high,12,54,1,planning_commission/minutes/2024/2024-09-23/2024-09-25_planning-commission-meeting.md,minutes
2534,482,4,3,forward a recommendation to adopt this text amendment to the City Council,Zoning Text Amendment,Positive recommendation 5:1,Pass,pc_recommendation,Positive,approve,keyword,high,849,singleton,high,12,14,1,planning_commission/minutes/2024/2024-09-23/2024-09-25_planning-commission-meeting.md,minutes
2535,482,4,4,that the applicant be required to assure the transparency of the glass on the ground floor throughout the ground floor of the project,Other,6:0 Pass,Pass,pc_final_action,,,unclassified,low,,,,12,4,1,planning_commission/minutes/2024/2024-09-23/2024-09-25_planning-commission-meeting.md,minutes
2536,482,4,5,continue the public hearing to a later date,Procedural/Administrative,6:0 Pass,Pass,pc_final_action,,continue,keyword,high,,,,54,12,1,planning_commission/minutes/2024/2024-09-23/2024-09-25_planning-commission-meeting.md,minutes
2537,483,4,1,approve the consent agenda,Consent Agenda,5:0 Pass,Pass,pc_final_action,Positive,procedural,keyword,high,,,,4,14,1,planning_commission/minutes/2024/2024-10-07/2024-10-09_planning-commission-meeting.md,minutes
2538,483,4,2,forward a recommendation to adopt this text amendment to the City Council,Zoning Text Amendment,Positive recommendation 4:0,Pass,pc_recommendation,Positive,approve,keyword,high,850,singleton,high,4,7,1,planning_commission/minutes/2024/2024-10-07/2024-10-09_planning-commission-meeting.md,minutes
2539,483,4,3,forward a positive recommendation to the City Council to adopt the Granary District Plan,Master Plan Amendment,Positive recommendation 5:0,Pass,pc_recommendation,Positive,approve,keyword,high,851,singleton,high,7,45,1,planning_commission/minutes/2024/2024-10-07/2024-10-09_planning-commission-meeting.md,minutes
2540,484,4,1,approve the Consent Agenda,Consent Agenda,6:1 Pass,Pass,pc_final_action,Positive,procedural,keyword,high,,,,54,12,1,planning_commission/minutes/2024/2024-10-21/2024-10-23_planning-commission-meeting.md,minutes
2541,484,4,2,recommend the City Council deny this Zoning Map and Text Amendment for the following reasons: 1,Zoning Text Amendment,Positive recommendation 2:6,Fail,pc_recommendation,,deny,keyword,high,852,singleton,high,54,14,1,planning_commission/minutes/2024/2024-10-21/2024-10-23_planning-commission-meeting.md,minutes
2542,484,4,3,the Commission recommend that the City Council adopt this Zoning Map and Text Amendment with the following conditions as listed in the Staff Report plus additional conditions we've discussed at this meeting: 1,Zoning Text Amendment,Positive recommendation 7:1,Pass,pc_recommendation,Positive,approve,keyword,high,853,singleton,high,45,54,1,planning_commission/minutes/2024/2024-10-21/2024-10-23_planning-commission-meeting.md,minutes
2543,484,4,4,"recommend the City Council adopt this Zoning Map and Text Amendment, with the exception of the property bounded by Mead Avenue, 1300 South, 200 West, and West Temple, and with the following additional conditions: 1",Zoning Text Amendment,Positive recommendation 8:0,Pass,pc_recommendation,Positive,approve,keyword,high,854,singleton,high,12,54,1,planning_commission/minutes/2024/2024-10-21/2024-10-23_planning-commission-meeting.md,minutes
2544,485,4,1,approve,Conditional Use,7:0 Approved (Final Action),Pass,pc_final_action,Positive,approve,keyword,high,855,singleton,high,45,54,1,planning_commission/minutes/2024/2024-11-11/2024-11-13_planning-commission-meeting.md,minutes
2545,485,4,2,approve this design review application as recommended by staff,Design Review,6:1 Approved (Final Action),Pass,pc_final_action,Positive,approve,keyword,high,856,singleton,high,12,54,1,planning_commission/minutes/2024/2024-11-11/2024-11-13_planning-commission-meeting.md,minutes
2546,485,4,3,forward a recommendation to City Council to deny the Rezone and Zoning Map Amendment request,Zoning Map Amendment,Negative recommendation 4:2,Pass,pc_recommendation,Negative,deny,keyword,high,857,singleton,high,,45,1,planning_commission/minutes/2024/2024-11-11/2024-11-13_planning-commission-meeting.md,minutes
2547,485,4,4,recommends that the City Council deny this Alley Vacation application for the following reasons: The alley could be useful in the future for the redevelopment of the site north of the property,Street/Alley Closure,Negative recommendation 7:0,Pass,pc_recommendation,Negative,deny,keyword,high,858,singleton,high,12,14,1,planning_commission/minutes/2024/2024-11-11/2024-11-13_planning-commission-meeting.md,minutes
2548,485,4,5,forward a positive recommendation to adopt this Zoning Map Amendment with the conditions listed in the Staff Report,Zoning Map Amendment,Positive recommendation 7:0,Pass,pc_recommendation,Positive,approve,keyword,high,859,singleton,high,4,54,1,planning_commission/minutes/2024/2024-11-11/2024-11-13_planning-commission-meeting.md,minutes
2549,485,4,6,"initiate a text amendment to review the land uses that are subject to or should ne subject to the 1,000 foot spacing requirement from residential zoning districts",Zoning Text Amendment,Positive recommendation 7:0,Pass,pc_recommendation,Positive,,unclassified,low,860,singleton,high,12,4,1,planning_commission/minutes/2024/2024-11-11/2024-11-13_planning-commission-meeting.md,minutes
2550,486,4,1,approve the Consent Agenda as modified,Consent Agenda,6:0 Pass,Pass,pc_final_action,Positive,procedural,keyword,high,,,,12,54,1,planning_commission/minutes/2024/2024-12-09/2024-12-11_planning-commission-meeting.md,minutes
2551,486,4,2,approve this Design Review application coinciding with Staff’s recommendation with the following modification: The applicant build a privacy fence along the west side of the property,Design Review,4:2 Approved (Final Action),Pass,pc_final_action,Positive,approve,keyword,high,861,singleton,high,4,54,1,planning_commission/minutes/2024/2024-12-09/2024-12-11_planning-commission-meeting.md,minutes
2552,486,4,3,approve this Planned Development application as recommended by staff,Planned Development,5:1 Approved (Final Action),Pass,pc_final_action,Positive,approve,keyword,high,862,singleton,high,45,14,1,planning_commission/minutes/2024/2024-12-09/2024-12-11_planning-commission-meeting.md,minutes
2553,486,4,4,approve this Preliminary Subdivision application as recommended by staff,Subdivision/Plat,6:0 Approved (Final Action),Pass,pc_final_action,Positive,approve,keyword,high,863,singleton,high,45,54,1,planning_commission/minutes/2024/2024-12-09/2024-12-11_planning-commission-meeting.md,minutes
2554,486,4,5,approve this Planned Development application as recommended by staff with the following conditions: 1,Planned Development,4:2 Approved (Final Action),Pass,pc_final_action,Positive,approve,keyword,high,864,singleton,high,45,54,1,planning_commission/minutes/2024/2024-12-09/2024-12-11_planning-commission-meeting.md,minutes
2555,486,4,6,approve this Conditional Use Permit application as recommended by staff with the following conditions: 1,Conditional Use,3:3 Denied (Final Action),Fail,pc_final_action,,approve,keyword,high,865,singleton,high,54,14,1,planning_commission/minutes/2024/2024-12-09/2024-12-11_planning-commission-meeting.md,minutes
2556,486,4,7,approve this Conditional Use Permit application as recommended by staff with the following conditions: 1,Conditional Use,5:1 Approved (Final Action),Pass,pc_final_action,Positive,approve,keyword,high,866,singleton,high,12,4,1,planning_commission/minutes/2024/2024-12-09/2024-12-11_planning-commission-meeting.md,minutes
2557,486,4,8,recommends that the City Council adopt this Zoning Map Amendment,Zoning Map Amendment,Positive recommendation 6:0,Pass,pc_recommendation,Positive,approve,keyword,high,867,singleton,high,45,14,1,planning_commission/minutes/2024/2024-12-09/2024-12-11_planning-commission-meeting.md,minutes
2558,487,4,1,"forward a recommendation to City Council to update the 2005 Yalecrest Reconnaissance Level Survey to reflect a historic status rating of “contributing” for the properties located at 1820, 1828, and 1833 East Yale Avenue in the proposed Yalecrest – Upper Yale Local Historic District",Other,Positive recommendation 7:0,Pass,pc_recommendation,Positive,,unclassified,low,868,name,medium,4,54,1,planning_commission/minutes/2025/2025-01-06/2025-01-08_planning-commission-meeting.md,minutes
2559,487,4,2,recommends that City Council adopt this alley vacation,Street/Alley Closure,Positive recommendation 5:2,Pass,pc_recommendation,Positive,approve,keyword,high,869,singleton,high,12,54,1,planning_commission/minutes/2025/2025-01-06/2025-01-08_planning-commission-meeting.md,minutes
2560,488,4,1,approve minutes,Minutes,5:0 Pass,Pass,pc_final_action,Positive,procedural,keyword,high,,,,54,45,1,planning_commission/minutes/2025/2025-01-20/2025-01-22_planning-commission-meeting.md,minutes
2561,488,4,2,approve the consent agenda,Consent Agenda,5:0 Pass,Pass,pc_final_action,Positive,procedural,keyword,high,,,,45,14,1,planning_commission/minutes/2025/2025-01-20/2025-01-22_planning-commission-meeting.md,minutes
2562,488,4,3,"“Based on the information presented and discussion, I move that the Commission forward a recommendation of approval of this Zoning Map Amendment application to the City Council with the following condition: 1",Zoning Map Amendment,Positive recommendation 5:0,Pass,pc_recommendation,Positive,approve,keyword,high,870,singleton,high,54,14,1,planning_commission/minutes/2025/2025-01-20/2025-01-22_planning-commission-meeting.md,minutes
2563,489,4,1,approve the Consent Agenda,Consent Agenda,6:0 Pass,Pass,pc_final_action,Positive,procedural,keyword,high,,,,54,14,1,planning_commission/minutes/2025/2025-02-10/2025-02-12_planning-commission-meeting.md,minutes
2564,489,4,2,approve this Planned Development application as recommended by staff,Planned Development,6:0 Approved (Final Action),Pass,pc_final_action,Positive,approve,keyword,high,871,singleton,high,12,54,1,planning_commission/minutes/2025/2025-02-10/2025-02-12_planning-commission-meeting.md,minutes
2565,489,4,3,approve this Preliminary Subdivision as recommended by staff,Subdivision/Plat,6:0 Approved (Final Action),Pass,pc_final_action,Positive,approve,keyword,high,872,singleton,high,54,45,1,planning_commission/minutes/2025/2025-02-10/2025-02-12_planning-commission-meeting.md,minutes
2566,489,4,4,initiate a separate petition to amend the fence height regulations in the manufacturing zones,Zoning Text Amendment,Positive recommendation 6:0,Pass,pc_recommendation,Positive,,unclassified,low,873,singleton,high,4,54,1,planning_commission/minutes/2025/2025-02-10/2025-02-12_planning-commission-meeting.md,minutes
2567,490,4,1,moving the item to the end of the agenda,Planned Development,5:1 Approved (Final Action),Pass,pc_final_action,,procedural,keyword,high,874,singleton,high,4,45,1,planning_commission/minutes/2025/2025-03-10/2025-03-12_planning-commission-meeting.md,minutes
2568,490,4,2,say any “major” changes to the exterior of the Miller building must return to the Planning Commission,Planned Development,6:1 Approved (Final Action),Pass,pc_final_action,,,unclassified,low,875,singleton,high,4,54,1,planning_commission/minutes/2025/2025-03-10/2025-03-12_planning-commission-meeting.md,minutes
2569,490,4,3,approve the Planned Development PLNPCM2024-01334,Planned Development,7:0 Approved (Final Action),Pass,pc_final_action,Positive,approve,keyword,high,876,singleton,high,4,12,1,planning_commission/minutes/2025/2025-03-10/2025-03-12_planning-commission-meeting.md,minutes
2570,490,4,4,"continued the public hearing to a later date and table the application until staff brings it back, and direct Planning staff to: 1) continue their review of properties that may need a separate zone like RMF-30, 2) maintain the proposal as two different zones, RMF-35 and RMF-45, 3) review existing RM",Procedural/Administrative,7:0 Pass,Pass,pc_final_action,,continue,keyword,high,,,,4,54,1,planning_commission/minutes/2025/2025-03-10/2025-03-12_planning-commission-meeting.md,minutes
2571,490,4,5,forward a recommendation to approve this Zoning Text Amendment to City Council,Zoning Text Amendment,Positive recommendation 7:0,Pass,pc_recommendation,Positive,approve,keyword,high,877,singleton,high,12,4,1,planning_commission/minutes/2025/2025-03-10/2025-03-12_planning-commission-meeting.md,minutes
2572,490,4,6,forward a recommendation to adopt this Zoning Text Amendment to City Council,Zoning Text Amendment,Positive recommendation 7:0,Pass,pc_recommendation,Positive,approve,keyword,high,878,singleton,high,54,12,1,planning_commission/minutes/2025/2025-03-10/2025-03-12_planning-commission-meeting.md,minutes
2573,491,4,1,approve the consent agenda,Consent Agenda,7:1 Pass,Pass,pc_final_action,Positive,procedural,keyword,high,,,,54,45,1,planning_commission/minutes/2025/2025-03-24/2025-03-26_planning-commission-meeting.md,minutes
2574,491,4,2,"“Based on the information presented and discussion, I move that the Commission recommends that the city council adopt the zoning text amendment",Zoning Text Amendment,Positive recommendation 7:0,Pass,pc_recommendation,Positive,approve,keyword,high,879,singleton,high,54,14,1,planning_commission/minutes/2025/2025-03-24/2025-03-26_planning-commission-meeting.md,minutes
2575,492,4,1,approve the consent agenda,Consent Agenda,5:0 Pass,Pass,pc_final_action,Positive,procedural,keyword,high,,,,54,,1,planning_commission/minutes/2025/2025-04-07/2025-04-09_planning-commission-meeting.md,minutes
2576,492,4,2,the commission forward a recommendation of approval to City Council with the conditions listed in the staff report,Zoning Map Amendment,Positive recommendation 5:0,Pass,pc_recommendation,Positive,approve,keyword,high,880,singleton,high,12,54,1,planning_commission/minutes/2025/2025-04-07/2025-04-09_planning-commission-meeting.md,minutes
2577,493,4,1,approve the consent agenda,Consent Agenda,5:1 Pass,Pass,pc_final_action,Positive,procedural,keyword,high,,,,54,,1,planning_commission/minutes/2025/2025-04-21/2025-04-23_planning-commission-meeting.md,minutes
2578,493,4,2,"“Based on the information presented and discussion, I move that the Commission recommends that the city council adopt this request",Zoning Map Amendment,Positive recommendation 5:0,Pass,pc_recommendation,Positive,approve,keyword,high,881,singleton,high,54,14,1,planning_commission/minutes/2025/2025-04-21/2025-04-23_planning-commission-meeting.md,minutes
2579,493,4,3,"“Based on the information presented and discussion, I move that the Commission recommends that the city council adopt this request",Zoning Text Amendment,Positive recommendation 5:0,Pass,pc_recommendation,Positive,approve,keyword,high,882,singleton,high,54,14,1,planning_commission/minutes/2025/2025-04-21/2025-04-23_planning-commission-meeting.md,minutes
2580,494,4,1,move item #1 off of the consent agenda to the regular agenda,Consent Agenda,4:1 Pass,Pass,pc_final_action,,procedural,keyword,high,,,,4,12,1,planning_commission/minutes/2025/2025-05-12/2025-05-14_planning-commission-meeting.md,minutes
2581,494,4,2,approve the minutes,Minutes,3:0 Pass,Pass,pc_final_action,Positive,procedural,keyword,high,,,,54,4,1,planning_commission/minutes/2025/2025-05-12/2025-05-14_planning-commission-meeting.md,minutes
2582,495,4,1,approve the consent agenda,Consent Agenda,9:0 Pass,Pass,pc_final_action,Positive,procedural,keyword,high,,,,54,45,1,planning_commission/minutes/2025/2025-05-26/2025-05-28_planning-commission-meeting.md,minutes
2583,495,4,2,forward a recommendation of approval for the vacation on the right-of-way adjacent to 1100 West and a recommendation of denial for the portion of right-of-way adjacent to 400 South,Street/Alley Closure,Negative recommendation 7:2,Pass,pc_recommendation,Negative,approve,mixed,low,883,singleton,high,12,4,1,planning_commission/minutes/2025/2025-05-26/2025-05-28_planning-commission-meeting.md,minutes
2584,495,4,3,forward a recommendation of approval to City Council,Zoning Text Amendment,Positive recommendation 9:0,Pass,pc_recommendation,Positive,approve,keyword,high,884,singleton,high,4,54,1,planning_commission/minutes/2025/2025-05-26/2025-05-28_planning-commission-meeting.md,minutes
2585,496,4,1,approve the consent agenda,Consent Agenda,5:0 Pass,Pass,pc_final_action,Positive,procedural,keyword,high,,,,48,54,1,planning_commission/minutes/2025/2025-06-09/2025-06-11_planning-commission-meeting.md,minutes
2586,497,4,1,approve the Consent Agenda,Consent Agenda,0:0 Pass,Pass,pc_final_action,Positive,procedural,keyword,high,,,,54,48,1,planning_commission/minutes/2025/2025-06-23/2025-06-25_planning-commission-meeting.md,minutes
2587,497,4,2,approve the Planned Development,Planned Development,7:1 Approved (Final Action),Pass,pc_final_action,Positive,approve,keyword,high,885,singleton,high,4,54,1,planning_commission/minutes/2025/2025-06-23/2025-06-25_planning-commission-meeting.md,minutes
2588,497,4,3,approve Preliminary Subdivision Plat,Subdivision/Plat,8:0 Approved (Final Action),Pass,pc_final_action,Positive,approve,keyword,high,886,singleton,high,4,54,1,planning_commission/minutes/2025/2025-06-23/2025-06-25_planning-commission-meeting.md,minutes
2589,498,4,1,approve meeting minutes,Minutes,7:0 Pass,Pass,pc_final_action,Positive,procedural,keyword,high,,,,54,55,1,planning_commission/minutes/2025/2025-07-07/2025-07-09_planning-commission-meeting.md,minutes
2590,498,4,2,recommend approval to City Council,Zoning Text Amendment,Negative recommendation 3:5,Fail,pc_recommendation,,approve,keyword,high,887,singleton,high,48,60,1,planning_commission/minutes/2025/2025-07-07/2025-07-09_planning-commission-meeting.md,minutes
2591,498,4,3,(motion text not captured),Zoning Text Amendment,Positive recommendation 5:3,Pass,pc_recommendation,Positive,,uncaptured,low,888,singleton,high,,,1,planning_commission/minutes/2025/2025-07-07/2025-07-09_planning-commission-meeting.md,minutes
2592,498,4,4,recommend approval of Street Vacation to City Council,Street/Alley Closure,Positive recommendation 6:1,Pass,pc_recommendation,Positive,approve,keyword,high,889,name,medium,54,14,1,planning_commission/minutes/2025/2025-07-07/2025-07-09_planning-commission-meeting.md,minutes
2593,498,4,5,recommend approval for the Alley Vacation to City Council,Street/Alley Closure,Positive recommendation 4:3,Pass,pc_recommendation,Positive,approve,keyword,high,890,name,medium,54,55,1,planning_commission/minutes/2025/2025-07-07/2025-07-09_planning-commission-meeting.md,minutes
2594,499,4,1,approve consent agenda,Consent Agenda,7:1 Pass,Pass,pc_final_action,Positive,procedural,keyword,high,,,,54,48,1,planning_commission/minutes/2025/2025-07-21/2025-07-23_planning-commission-meeting.md,minutes
2595,499,4,3,(motion text not captured),Design Review,6:2 Approved (Final Action),Pass,pc_final_action,,,uncaptured,low,891,singleton,high,,,1,planning_commission/minutes/2025/2025-07-21/2025-07-23_planning-commission-meeting.md,minutes
2596,499,4,4,approve Planned Development as recommended by staff with the following conditions: 1) the applicant shall submit a cost estimate and associated documentation assuring shared infrastructure maintenance and compliance,Planned Development,7:1 Approved (Final Action),Pass,pc_final_action,Positive,approve,keyword,high,892,singleton,high,4,54,1,planning_commission/minutes/2025/2025-07-21/2025-07-23_planning-commission-meeting.md,minutes
2597,499,4,5,approve Preliminary Subdivision Plat as recommended by staff with the following conditions: 1) The applicant shall submit a final plat for review within 18 months,Subdivision/Plat,8:0 Approved (Final Action),Pass,pc_final_action,Positive,approve,keyword,high,893,singleton,high,54,,1,planning_commission/minutes/2025/2025-07-21/2025-07-23_planning-commission-meeting.md,minutes
2598,499,4,6,approve the Planned Development as recommended by staff,Planned Development,8:0 Approved (Final Action),Pass,pc_final_action,Positive,approve,keyword,high,894,singleton,high,54,55,1,planning_commission/minutes/2025/2025-07-21/2025-07-23_planning-commission-meeting.md,minutes
2599,499,4,7,approve the Preliminary Subdivision as recommended by staff,Subdivision/Plat,8:0 Approved (Final Action),Pass,pc_final_action,Positive,approve,keyword,high,895,singleton,high,54,55,1,planning_commission/minutes/2025/2025-07-21/2025-07-23_planning-commission-meeting.md,minutes
2600,499,4,8,forward a recommendation of approval of Landmark Site Designation to City Council,Subdivision/Plat,Positive recommendation 8:0,Pass,pc_recommendation,Positive,approve,keyword,high,896,name,medium,,4,1,planning_commission/minutes/2025/2025-07-21/2025-07-23_planning-commission-meeting.md,minutes
2601,499,4,9,forward a recommendation of approval to City Council with the conditions listed in the Staff Report,Street/Alley Closure,Positive recommendation 7:0,Pass,pc_recommendation,Positive,approve,keyword,high,897,singleton,high,54,55,1,planning_commission/minutes/2025/2025-07-21/2025-07-23_planning-commission-meeting.md,minutes
2602,500,4,1,move PLNPCM2022-00442 to the regular agenda,Design Review,8:0 Approved (Final Action),Pass,pc_final_action,,procedural,keyword,high,898,singleton,high,47,4,1,planning_commission/minutes/2025/2025-08-11/2025-08-13_planning-commission-meeting.md,minutes
2603,500,4,2,"approve the meeting minutes for July 23, 2025",Minutes,7:0 Pass,Pass,pc_final_action,Positive,procedural,keyword,high,,,,54,55,1,planning_commission/minutes/2025/2025-08-11/2025-08-13_planning-commission-meeting.md,minutes
2604,500,4,3,approve the Design Review as recommended by staff,Design Review,8:0 Approved (Final Action),Pass,pc_final_action,Positive,approve,keyword,high,899,singleton,high,45,55,1,planning_commission/minutes/2025/2025-08-11/2025-08-13_planning-commission-meeting.md,minutes
2605,500,4,4,require Commissioner Christensen to recuse himself from the application before them,Other,4:2 Pass,Pass,pc_final_action,,,unclassified,low,,,,45,4,1,planning_commission/minutes/2025/2025-08-11/2025-08-13_planning-commission-meeting.md,minutes
2606,500,4,5,forward a recommendation of denial to City Council for the following reasons: It does not comply with the key consideration found in the Staff Report,Other,Positive recommendation 2:5,Fail,pc_recommendation,,deny,keyword,high,,,,48,14,1,planning_commission/minutes/2025/2025-08-11/2025-08-13_planning-commission-meeting.md,minutes
2607,500,4,6,forward a recommendation of approval to City Council as recommended by staff and added that he recommends the applicant work with staff to increase the landscape buffer,Other,Positive recommendation 5:2,Pass,pc_recommendation,Positive,approve,keyword,high,,,,55,45,1,planning_commission/minutes/2025/2025-08-11/2025-08-13_planning-commission-meeting.md,minutes
2608,500,4,7,forward a recommendation of approval to City Council with the recommendation that areas that are abutting or across the street from a residential or mixed-use zone have no higher than a 4-foot fence,Other,Positive recommendation 5:3,Pass,pc_recommendation,Positive,approve,keyword,high,,,,45,54,1,planning_commission/minutes/2025/2025-08-11/2025-08-13_planning-commission-meeting.md,minutes
2609,500,4,8,forward a recommendation of approval to City Council with the recommendation that height fences in rear yards stay at a max of 6 feet,Zoning Text Amendment,Positive recommendation 5:3,Pass,pc_recommendation,Positive,approve,keyword,high,900,singleton,high,48,54,1,planning_commission/minutes/2025/2025-08-11/2025-08-13_planning-commission-meeting.md,minutes
2610,501,4,1,approve the meeting minutes,Minutes,8:0 Pass,Pass,pc_final_action,Positive,procedural,keyword,high,,,,4,55,1,planning_commission/minutes/2025/2025-08-25/2025-08-27_planning-commission-meeting.md,minutes
2611,501,4,2,forward a recommendation of approval to City Council with additional recommendation to continue to evaluate per capita use impacts of middle housing,Master Plan Amendment,Negative recommendation 4:5,Fail,pc_recommendation,,approve,keyword,high,901,singleton,high,48,54,1,planning_commission/minutes/2025/2025-08-25/2025-08-27_planning-commission-meeting.md,minutes
2612,501,4,3,forward a recommendation of approval to City Council,Other,Positive recommendation 9:0,Pass,pc_recommendation,Positive,approve,keyword,high,,,,,48,1,planning_commission/minutes/2025/2025-08-25/2025-08-27_planning-commission-meeting.md,minutes
2613,501,4,4,forward a recommendation of approval to City Council,Conditional Use,Positive recommendation 9:0,Pass,pc_recommendation,Positive,approve,keyword,high,902,singleton,high,55,45,1,planning_commission/minutes/2025/2025-08-25/2025-08-27_planning-commission-meeting.md,minutes
2614,502,4,1,approve consent agenda,Consent Agenda,7:0 Pass,Pass,pc_final_action,Positive,procedural,keyword,high,,,,45,14,1,planning_commission/minutes/2025/2025-09-08/2025-09-10_planning-commission-meeting.md,minutes
2615,502,4,2,"recommend the city council adopt this request with the following recommended amendment: for section 15 subsection B amend the existing text to “when a tandem parking space is being used to fulfill the requirement for parking based on a residential use, each of the two tandem parking stalls shall be ",Other,Positive recommendation 5:2,Pass,pc_recommendation,Positive,approve,keyword,high,,,,48,45,1,planning_commission/minutes/2025/2025-09-08/2025-09-10_planning-commission-meeting.md,minutes
2616,502,4,3,nominate Landon Kraczek as Chair,Appointment/Election,7:0 Pass,Pass,pc_final_action,,,unclassified,low,,,,14,45,1,planning_commission/minutes/2025/2025-09-08/2025-09-10_planning-commission-meeting.md,minutes
2617,502,4,4,nominate Brian Scott as Vice Chair,Appointment/Election,7:0 Pass,Pass,pc_final_action,,,unclassified,low,,,,45,60,1,planning_commission/minutes/2025/2025-09-08/2025-09-10_planning-commission-meeting.md,minutes
2618,503,4,1,approve the consent agenda,Consent Agenda,6:0 Pass,Pass,pc_final_action,Positive,procedural,keyword,high,,,,2,42,1,planning_commission/minutes/2025/2025-09-22/2025-09-24_planning-commission-meeting.md,minutes
2619,503,4,2,approve the Policies and Procedures with the following modification: to allow a 5-minute comment period by a representative of a Recognized Community Organizations for consent and regular agenda items,Other,6:0 Pass,Pass,pc_final_action,Positive,procedural,keyword,high,,,,2,60,1,planning_commission/minutes/2025/2025-09-22/2025-09-24_planning-commission-meeting.md,minutes
2620,503,4,3,forward a recommendation of approval to City Council,Other,Positive recommendation 6:0,Pass,pc_recommendation,Positive,approve,keyword,high,,,,,14,1,planning_commission/minutes/2025/2025-09-22/2025-09-24_planning-commission-meeting.md,minutes
2621,503,4,4,forward a recommendation of approval to City Council,Street/Alley Closure,Positive recommendation 6:0,Pass,pc_recommendation,Positive,approve,keyword,high,903,singleton,high,55,60,1,planning_commission/minutes/2025/2025-09-22/2025-09-24_planning-commission-meeting.md,minutes
2622,504,4,1,approve the Consent Agenda,Consent Agenda,7:0 Pass,Pass,pc_final_action,Positive,procedural,keyword,high,,,,4,48,1,planning_commission/minutes/2025/2025-10-06/2025-10-08_planning-commission-meeting.md,minutes
2623,504,4,2,approve the petition,Other,7:0 Pass,Pass,pc_final_action,Positive,approve,keyword,high,,,,2,42,1,planning_commission/minutes/2025/2025-10-06/2025-10-08_planning-commission-meeting.md,minutes
2624,504,4,3,"forward a recommendation of approval, as recommended by staff, to City Council",Street/Alley Closure,Positive recommendation 6:1,Pass,pc_recommendation,Positive,approve,keyword,high,904,singleton,high,55,2,1,planning_commission/minutes/2025/2025-10-06/2025-10-08_planning-commission-meeting.md,minutes
2625,505,4,1,move item 2 to the Regular Agenda,Conditional Use,7:0 Approved (Final Action),Pass,pc_final_action,,procedural,keyword,high,905,singleton,high,4,48,1,planning_commission/minutes/2026/2026-01-12/2026-01-14_planning-commission-meeting.md,minutes
2626,505,4,2,approve minutes,Minutes,6:0 Pass,Pass,pc_final_action,Positive,procedural,keyword,high,,,,2,4,1,planning_commission/minutes/2026/2026-01-12/2026-01-14_planning-commission-meeting.md,minutes
2627,505,4,3,approve,Conditional Use,7:0 Approved (Final Action),Pass,pc_final_action,Positive,approve,keyword,high,906,singleton,high,4,2,1,planning_commission/minutes/2026/2026-01-12/2026-01-14_planning-commission-meeting.md,minutes
2628,505,4,4,forward a recommendation of denial to City Council,Other,Negative recommendation 6:1,Pass,pc_recommendation,Negative,deny,keyword,high,,,,48,42,1,planning_commission/minutes/2026/2026-01-12/2026-01-14_planning-commission-meeting.md,minutes
2629,505,4,5,forward a Amendment recommendation of denial to City Council Motion,Master Plan Amendment,Negative recommendation 7:0,Pass,pc_recommendation,Negative,deny,keyword,high,907,singleton,high,48,2,1,planning_commission/minutes/2026/2026-01-12/2026-01-14_planning-commission-meeting.md,minutes
2630,505,4,6,forward a Amendment recommendation of denial to City Council,Zoning Map Amendment,Negative recommendation 7:0,Pass,pc_recommendation,Negative,deny,keyword,high,908,singleton,high,48,2,1,planning_commission/minutes/2026/2026-01-12/2026-01-14_planning-commission-meeting.md,minutes
2631,505,4,7,forwarding a recommendation of approval to City Council,Street/Alley Closure,Positive recommendation 7:0,Pass,pc_recommendation,Positive,approve,keyword,high,909,singleton,high,4,42,1,planning_commission/minutes/2026/2026-01-12/2026-01-14_planning-commission-meeting.md,minutes
2632,505,4,8,forward a recommendation for approval to City Council,Street/Alley Closure,Positive recommendation 6:1,Pass,pc_recommendation,Positive,approve,keyword,high,910,singleton,high,4,55,1,planning_commission/minutes/2026/2026-01-12/2026-01-14_planning-commission-meeting.md,minutes
2633,506,4,1,request the commission request Planning staff research a zoning amendment that would prohibit both public and private construction or use of facilities for immigration detention and enforcement,Zoning Map Amendment,Negative recommendation 1:0,Pass,pc_recommendation,Negative,,unclassified,low,911,singleton,high,,4,1,planning_commission/minutes/2026/2026-01-26/2026-01-28_planning-commission-meeting.md,minutes
2634,506,4,2,approve the Consent Agenda,Consent Agenda,3:0 Pass,Pass,pc_final_action,Positive,procedural,keyword,high,,,,4,,1,planning_commission/minutes/2026/2026-01-26/2026-01-28_planning-commission-meeting.md,minutes
2635,506,4,3,forward a recommendation that City Council adopt the request but with the additional recommendation that MU8 be considered instead of MU5,Zoning Map Amendment,Positive recommendation 2:2,Fail,pc_recommendation,,approve,keyword,high,912,singleton,high,,4,1,planning_commission/minutes/2026/2026-01-26/2026-01-28_planning-commission-meeting.md,minutes
2636,506,4,4,table with the public hearing to remain open,Procedural/Administrative,4:0 Pass,Pass,pc_final_action,,table,keyword,high,,,,4,60,1,planning_commission/minutes/2026/2026-01-26/2026-01-28_planning-commission-meeting.md,minutes
2637,507,4,1,request consideration of a zoning amendment which prohibits the construction or use of facilities for immigration detention or enforcement anywhere in the city to the extent permitted by law on a future Planning Commission agenda,Zoning Map Amendment,Positive recommendation 5:0,Pass,pc_recommendation,Positive,,unclassified,low,913,singleton,high,,2,1,planning_commission/minutes/2026/2026-02-09/2026-02-11_planning-commission-meeting.md,minutes
2638,507,4,2,approve the minutes,Minutes,3:0 Pass,Pass,pc_final_action,Positive,procedural,keyword,high,,,,4,2,1,planning_commission/minutes/2026/2026-02-09/2026-02-11_planning-commission-meeting.md,minutes
2639,507,4,3,approve the Planned Development Development with an additional condition to staff’s Motion recommendation; the applicant must upgrade a portion of the alley directly abutting the property to road standards that can support the weight of a garbage truck,Planned Development,3:2 Approved (Final Action),Pass,pc_final_action,Positive,approve,keyword,high,914,singleton,high,2,,1,planning_commission/minutes/2026/2026-02-09/2026-02-11_planning-commission-meeting.md,minutes
2640,507,4,4,approve,Subdivision/Plat,4:1 Approved (Final Action),Pass,pc_final_action,Positive,approve,keyword,high,915,singleton,high,2,,1,planning_commission/minutes/2026/2026-02-09/2026-02-11_planning-commission-meeting.md,minutes
2641,507,4,5,"approve with conditions – ﬁnal landscape and public space plans must be reviewed and approved by the Planning Division during the building permit process, all building materials must be approved by the Planning Director as durable prior to the building permit issuance, south façade planters be integ",Other,5:0 Pass,Pass,pc_final_action,Positive,approve,keyword,high,,,,4,2,1,planning_commission/minutes/2026/2026-02-09/2026-02-11_planning-commission-meeting.md,minutes
2642,507,4,6,approve the recommendation,Street/Alley Closure,Positive recommendation 5:0,Pass,pc_recommendation,Positive,approve,keyword,high,916,singleton,high,2,55,1,planning_commission/minutes/2026/2026-02-09/2026-02-11_planning-commission-meeting.md,minutes
2643,508,4,1,approve the minutes,Minutes,5:0 Pass,Pass,pc_final_action,Positive,procedural,keyword,high,,,,2,,1,planning_commission/minutes/2026/2026-02-23/2026-02-25_planning-commission-meeting.md,minutes
2644,508,4,2,recommend denial of the text amendment to the City Council,Zoning Text Amendment,Negative recommendation 7:0,Pass,pc_recommendation,Negative,deny,keyword,high,917,singleton,high,4,55,1,planning_commission/minutes/2026/2026-02-23/2026-02-25_planning-commission-meeting.md,minutes
2645,508,4,3,send a positive recommendation to City Council,Other,Positive recommendation 7:0,Pass,pc_recommendation,Positive,approve,keyword,high,,,,11,55,1,planning_commission/minutes/2026/2026-02-23/2026-02-25_planning-commission-meeting.md,minutes
2646,509,4,1,approve the meeting minutes,Minutes,6:0 Pass,Pass,pc_final_action,Positive,procedural,keyword,high,,,,60,42,1,planning_commission/minutes/2026/2026-03-09/2026-03-11_planning-commission-meeting.md,minutes
2647,509,4,2,make a positive recommendation to the City Council,Zoning Map Amendment,Positive recommendation 4:2,Pass,pc_recommendation,Positive,approve,keyword,high,918,singleton,high,55,42,1,planning_commission/minutes/2026/2026-03-09/2026-03-11_planning-commission-meeting.md,minutes
2648,510,4,1,approve the previous meetings minutes,Minutes,6:0 Pass,Pass,pc_final_action,Positive,procedural,keyword,high,,,,42,,1,planning_commission/minutes/2026/2026-03-23/2026-03-25_planning-commission-meeting.md,minutes
2649,511,4,1,approve,Planned Development,4:0 Approved (Final Action),Pass,pc_final_action,Positive,approve,keyword,high,919,singleton,high,4,11,1,planning_commission/minutes/2026/2026-04-06/2026-04-08_planning-commission-meeting.md,minutes
2650,511,4,2,initiate a petition to remove community correctional facilities from the land use tables in Salt Lake City as a conditional use,Conditional Use,4:0 Approved (Final Action),Pass,pc_final_action,,,unclassified,low,920,singleton,high,,48,1,planning_commission/minutes/2026/2026-04-06/2026-04-08_planning-commission-meeting.md,minutes
2651,512,4,1,approve the minutes,Minutes,2:0 Pass,Pass,pc_final_action,Positive,procedural,keyword,high,,,,4,11,1,planning_commission/minutes/2026/2026-04-20/2026-04-22_planning-commission-meeting.md,minutes
2652,512,4,2,forward a recommendation of approval to City Council,Street/Alley Closure,Negative recommendation 2:1,Pass,pc_recommendation,Positive,approve,keyword,high,921,singleton,high,11,4,1,planning_commission/minutes/2026/2026-04-20/2026-04-22_planning-commission-meeting.md,minutes
2653,512,4,3,forward a recommendation of Motion approval to City Council with a stated preference that the City Council look into an entire vacation of the alleyway between Chadwick and Dearborn,Other,Positive recommendation 3:0,Pass,pc_recommendation,Positive,approve,keyword,high,,,,4,11,1,planning_commission/minutes/2026/2026-04-20/2026-04-22_planning-commission-meeting.md,minutes
2654,512,4,4,"forward a recommendation of denial to City Council because the M-1A district permits Data Centers as a land use, and that does not comply with Plan Salt Lake’s Environmental Protection Initiative",Other,Negative recommendation 2:1,Pass,pc_recommendation,Negative,deny,keyword,high,,,,,4,1,planning_commission/minutes/2026/2026-04-20/2026-04-22_planning-commission-meeting.md,minutes
2655,513,4,1,approve the consent agenda,Consent Agenda,4:0 Pass,Pass,pc_final_action,Positive,procedural,keyword,high,,,,2,11,1,planning_commission/minutes/2026/2026-05-11/2026-05-13_planning-commission-meeting.md,minutes
2656,513,4,2,forward a recommendation of approval to the City Council,Zoning Map Amendment,Positive recommendation 4:0,Pass,pc_recommendation,Positive,approve,keyword,high,922,singleton,high,4,2,1,planning_commission/minutes/2026/2026-05-11/2026-05-13_planning-commission-meeting.md,minutes
2657,514,4,1,approve the minutes,Minutes,3:0 Pass,Pass,pc_final_action,Positive,procedural,keyword,high,,,,42,60,1,planning_commission/minutes/2026/2026-05-25/2026-05-27_planning-commission-meeting.md,minutes
2658,514,4,2,recommend approval of Amendment the Zoning Map Amendment for 140 N B Street and denial of Motion the Zoning Map Amendment for 272 E 3rd Avenue to City Council,Zoning Map Amendment,Negative recommendation 2:1,Pass,pc_recommendation,Positive,approve,mixed,low,923,name,medium,,42,1,planning_commission/minutes/2026/2026-05-25/2026-05-27_planning-commission-meeting.md,minutes
2659,514,4,3,recommend approval of Amendment the General Plan Amendment for 140 N B Street and denial of Motion the General Plan Amendment for 272 E 3rd Avenue to City Council,Master Plan Amendment,Negative recommendation 2:1,Pass,pc_recommendation,Positive,approve,mixed,low,924,name,medium,,42,1,planning_commission/minutes/2026/2026-05-25/2026-05-27_planning-commission-meeting.md,minutes
2660,514,4,4,recommend that the City Council adopt the petition,Other,Positive recommendation 3:0,Pass,pc_recommendation,Positive,approve,keyword,high,,,,42,,1,planning_commission/minutes/2026/2026-05-25/2026-05-27_planning-commission-meeting.md,minutes
2661,514,4,5,table the item and continue the public hearing at a future meeting,Subdivision/Plat,3:0 Approved (Final Action),Pass,pc_final_action,,table,keyword,high,925,singleton,high,42,,1,planning_commission/minutes/2026/2026-05-25/2026-05-27_planning-commission-meeting.md,minutes
2662,515,4,1,approve the consent agenda items,Consent Agenda,3:0 Pass,Pass,pc_final_action,Positive,procedural,keyword,high,,,,2,42,1,planning_commission/minutes/2026/2026-06-08/2026-06-10_planning-commission-meeting.md,minutes
2663,516,4,1,approve the consent agenda,Consent Agenda,4:0 Pass,Pass,pc_final_action,Positive,procedural,keyword,high,,,,48,2,1,planning_commission/minutes/2026/2026-06-22/2026-06-24_planning-commission-meeting.md,minutes
2664,516,4,2,reopen the public hearing for 5 minutes,Minutes,5:0 Pass,Pass,pc_final_action,,procedural,keyword,high,,,,48,11,1,planning_commission/minutes/2026/2026-06-22/2026-06-24_planning-commission-meeting.md,minutes
2665,516,4,3,"forward a Amendment recommendation of approval, with conditions listed in the staff Motion report, to the City Council",Other,Positive recommendation 5:0,Pass,pc_recommendation,Positive,approve,keyword,high,,,,2,48,1,planning_commission/minutes/2026/2026-06-22/2026-06-24_planning-commission-meeting.md,minutes
2666,516,4,4,"forward a Amendment recommendation of approval, with conditions listed in the staff Motion report, to the City Council",Master Plan Amendment,Positive recommendation 5:0,Pass,pc_recommendation,Positive,approve,keyword,high,926,singleton,high,2,48,1,planning_commission/minutes/2026/2026-06-22/2026-06-24_planning-commission-meeting.md,minutes
2667,516,4,5,forward a recommendation to approve the proposal with the condition that children of an occupant are excluded from the occupancy limit to the City Council,Other,Positive recommendation 3:2,Pass,pc_recommendation,Positive,approve,keyword,high,,,,2,48,1,planning_commission/minutes/2026/2026-06-22/2026-06-24_planning-commission-meeting.md,minutes
2668,516,4,6,forward a recommendation to approve the amendment to the City Council,Zoning Text Amendment,Positive recommendation 5:0,Pass,pc_recommendation,Positive,approve,keyword,high,927,singleton,high,48,11,1,planning_commission/minutes/2026/2026-06-22/2026-06-24_planning-commission-meeting.md,minutes
