date,title,body,meeting_type,packet_kind,source_url,retrieved_date,format,extraction_method,path,adid,content_length_bytes,size_mb,stored_locally,doc_class,fetch_status,sha256,text_path,text_chars
2020-01-02,"January 2, 2020 revised 12/31/19",PlanningCommission,regular,agenda_packet,https://www.murray.utah.gov/Archive/ViewFile/Item/4838,2026-07-13,na,"not_retrieved (index-only; fetch source_url on demand — pdftotext for born-digital staff-report text, vision/OCR for map/plat exhibits)",,4838,496254,0.5,no,,,,,
2020-01-02,"January 2, 2020 Packet",PlanningCommission,regular,full_packet,https://www.murray.utah.gov/Archive/ViewFile/Item/4843,2026-07-13,na,"not_retrieved (index-only; fetch source_url on demand — pdftotext for born-digital staff-report text, vision/OCR for map/plat exhibits)",,4843,19570583,19.57,no,,,,,
2020-01-07,"January 7, 2020 Murray City Council Meeting Agenda Packet Part 1",Council,regular,full_packet,https://www.murray.utah.gov/Archive/ViewFile/Item/4848,2026-07-13,na,"not_retrieved (index-only; fetch source_url on demand — pdftotext for born-digital staff-report text, vision/OCR for map/plat exhibits)",,4848,89181390,89.18,no,,,,,
2020-01-07,"January 7, 2020 Murray City Council Meeting Agenda Packet Part 2",Council,regular,full_packet,https://www.murray.utah.gov/Archive/ViewFile/Item/4849,2026-07-13,na,"not_retrieved (index-only; fetch source_url on demand — pdftotext for born-digital staff-report text, vision/OCR for map/plat exhibits)",,4849,28098069,28.1,no,,,,,
2020-01-16,"January 16, 2020",PlanningCommission,regular,agenda_packet,https://www.murray.utah.gov/Archive/ViewFile/Item/4844,2026-07-13,na,"not_retrieved (index-only; fetch source_url on demand — pdftotext for born-digital staff-report text, vision/OCR for map/plat exhibits)",,4844,1544911,1.54,no,,,,,
2020-01-16,"January 16, 2020 Packet",PlanningCommission,regular,full_packet,https://www.murray.utah.gov/Archive/ViewFile/Item/4871,2026-07-13,na,"not_retrieved (index-only; fetch source_url on demand — pdftotext for born-digital staff-report text, vision/OCR for map/plat exhibits)",,4871,44157972,44.16,no,,,,,
2020-01-21,"January 21, 2020 Murray City Council Meeting Agenda & Documents",Council,regular,full_packet,https://www.murray.utah.gov/Archive/ViewFile/Item/4873,2026-07-13,na,"not_retrieved (index-only; fetch source_url on demand — pdftotext for born-digital staff-report text, vision/OCR for map/plat exhibits)",,4873,18754766,18.75,no,,,,,
2020-02-04,"February 4, 2020 Murray City Council Meeting Agenda Packet",Council,regular,full_packet,https://www.murray.utah.gov/Archive/ViewFile/Item/4891,2026-07-13,na,"not_retrieved (index-only; fetch source_url on demand — pdftotext for born-digital staff-report text, vision/OCR for map/plat exhibits)",,4891,23805056,23.81,no,,,,,
2020-02-06,"February 6, 2020",PlanningCommission,regular,agenda_packet,https://www.murray.utah.gov/Archive/ViewFile/Item/4884,2026-07-13,na,"not_retrieved (index-only; fetch source_url on demand — pdftotext for born-digital staff-report text, vision/OCR for map/plat exhibits)",,4884,981888,0.98,no,,,,,
2020-02-06,"February 6, 2020 Packet",PlanningCommission,regular,full_packet,https://www.murray.utah.gov/Archive/ViewFile/Item/4892,2026-07-13,na,"not_retrieved (index-only; fetch source_url on demand — pdftotext for born-digital staff-report text, vision/OCR for map/plat exhibits)",,4892,27426468,27.43,no,,,,,
2020-02-18,"February 18, 2020 Murray City Council Meeting Agenda Packet",Council,regular,full_packet,https://www.murray.utah.gov/Archive/ViewFile/Item/4904,2026-07-13,na,"not_retrieved (index-only; fetch source_url on demand — pdftotext for born-digital staff-report text, vision/OCR for map/plat exhibits)",,4904,20442601,20.44,no,,,,,
2020-02-20,"February 20, 2020",PlanningCommission,regular,agenda_packet,https://www.murray.utah.gov/Archive/ViewFile/Item/4899,2026-07-13,na,"not_retrieved (index-only; fetch source_url on demand — pdftotext for born-digital staff-report text, vision/OCR for map/plat exhibits)",,4899,797857,0.8,no,,,,,
2020-02-20,"February 20, 2020 Packet",PlanningCommission,regular,full_packet,https://www.murray.utah.gov/Archive/ViewFile/Item/4905,2026-07-13,na,"not_retrieved (index-only; fetch source_url on demand — pdftotext for born-digital staff-report text, vision/OCR for map/plat exhibits)",,4905,36538111,36.54,no,,,,,
2020-03-03,"March 3, 2020 Murray City Council Meeting Agenda Packet",Council,regular,full_packet,https://www.murray.utah.gov/Archive/ViewFile/Item/4926,2026-07-13,na,"not_retrieved (index-only; fetch source_url on demand — pdftotext for born-digital staff-report text, vision/OCR for map/plat exhibits)",,4926,39830916,39.83,no,,,,,
2020-03-05,"March 5, 2020",PlanningCommission,regular,agenda_packet,https://www.murray.utah.gov/Archive/ViewFile/Item/4915,2026-07-13,na,"not_retrieved (index-only; fetch source_url on demand — pdftotext for born-digital staff-report text, vision/OCR for map/plat exhibits)",,4915,683692,0.68,no,,,,,
2020-03-05,"March 5, 2020 Packet",PlanningCommission,regular,full_packet,https://www.murray.utah.gov/Archive/ViewFile/Item/4927,2026-07-13,na,"not_retrieved (index-only; fetch source_url on demand — pdftotext for born-digital staff-report text, vision/OCR for map/plat exhibits)",,4927,17744523,17.74,no,,,,,
2020-03-17,"March 17, 2020 Murray City Council Meeting Agenda Packet",Council,regular,full_packet,https://www.murray.utah.gov/Archive/ViewFile/Item/4943,2026-07-13,na,"not_retrieved (index-only; fetch source_url on demand — pdftotext for born-digital staff-report text, vision/OCR for map/plat exhibits)",,4943,28762440,28.76,no,,,,,
2020-03-19,"March 19, 2020 - canceled",PlanningCommission,canceled,agenda_packet,https://www.murray.utah.gov/Archive/ViewFile/Item/4934,2026-07-13,na,"not_retrieved (index-only; fetch source_url on demand — pdftotext for born-digital staff-report text, vision/OCR for map/plat exhibits)",,4934,723984,0.72,no,,,,,
2020-03-19,"March 19, 2020 Packet - Mtg canceled on 3/17/2020",PlanningCommission,canceled,full_packet,https://www.murray.utah.gov/Archive/ViewFile/Item/4946,2026-07-13,na,"not_retrieved (index-only; fetch source_url on demand — pdftotext for born-digital staff-report text, vision/OCR for map/plat exhibits)",,4946,22873597,22.87,no,,,,,
2020-04-02,"April 2, 2020",PlanningCommission,regular,agenda_packet,https://www.murray.utah.gov/Archive/ViewFile/Item/4954,2026-07-13,na,"not_retrieved (index-only; fetch source_url on demand — pdftotext for born-digital staff-report text, vision/OCR for map/plat exhibits)",,4954,442155,0.44,no,,,,,
2020-04-02,"April 2, 2020 Packet",PlanningCommission,regular,full_packet,https://www.murray.utah.gov/Archive/ViewFile/Item/4959,2026-07-13,na,"not_retrieved (index-only; fetch source_url on demand — pdftotext for born-digital staff-report text, vision/OCR for map/plat exhibits)",,4959,38538755,38.54,no,,,,,
2020-04-07,"April 7, 2020 Murray City Council Meeting Agenda Packet",Council,regular,full_packet,https://www.murray.utah.gov/Archive/ViewFile/Item/4967,2026-07-13,na,"not_retrieved (index-only; fetch source_url on demand — pdftotext for born-digital staff-report text, vision/OCR for map/plat exhibits)",,4967,18150290,18.15,no,,,,,
2020-04-16,"April 16, 2020",PlanningCommission,regular,agenda_packet,https://www.murray.utah.gov/Archive/ViewFile/Item/4971,2026-07-13,na,"not_retrieved (index-only; fetch source_url on demand — pdftotext for born-digital staff-report text, vision/OCR for map/plat exhibits)",,4971,118553,0.12,no,,,,,
2020-04-16,"April 16, 2020 Packet",PlanningCommission,regular,full_packet,https://www.murray.utah.gov/Archive/ViewFile/Item/4976,2026-07-13,na,"not_retrieved (index-only; fetch source_url on demand — pdftotext for born-digital staff-report text, vision/OCR for map/plat exhibits)",,4976,43326413,43.33,no,,,,,
2020-04-16,"April 16, 2020 Packet",PlanningCommission,regular,full_packet,https://www.murray.utah.gov/Archive/ViewFile/Item/5022,2026-07-13,na,"not_retrieved (index-only; fetch source_url on demand — pdftotext for born-digital staff-report text, vision/OCR for map/plat exhibits)",,5022,43326413,43.33,no,,,,,
2020-04-21,"April 21, 2020 Murray City Council Meeting Agenda Packet Part 1",Council,regular,full_packet,https://www.murray.utah.gov/Archive/ViewFile/Item/4982,2026-07-13,na,"not_retrieved (index-only; fetch source_url on demand — pdftotext for born-digital staff-report text, vision/OCR for map/plat exhibits)",,4982,16924804,16.92,no,,,,,
2020-04-21,"April 21, 2020 Murray City Council Meeting Agenda Packet Part 2",Council,regular,full_packet,https://www.murray.utah.gov/Archive/ViewFile/Item/4989,2026-07-13,na,"not_retrieved (index-only; fetch source_url on demand — pdftotext for born-digital staff-report text, vision/OCR for map/plat exhibits)",,4989,105559425,105.56,no,,,,,
2020-05-05,"May 5, 2020 Murray City Council Meeting Agenda Packet Part 1",Council,regular,full_packet,https://www.murray.utah.gov/Archive/ViewFile/Item/5005,2026-07-13,na,"not_retrieved (index-only; fetch source_url on demand — pdftotext for born-digital staff-report text, vision/OCR for map/plat exhibits)",,5005,71887544,71.89,no,,,,,
2020-05-05,"May 5, 2020 Murray City Council Meeting Agenda Packet Part 2",Council,regular,full_packet,https://www.murray.utah.gov/Archive/ViewFile/Item/5006,2026-07-13,na,"not_retrieved (index-only; fetch source_url on demand — pdftotext for born-digital staff-report text, vision/OCR for map/plat exhibits)",,5006,7373121,7.37,no,,,,,
2020-05-07,"May 7, 2020",PlanningCommission,regular,agenda_packet,https://www.murray.utah.gov/Archive/ViewFile/Item/4996,2026-07-13,na,"not_retrieved (index-only; fetch source_url on demand — pdftotext for born-digital staff-report text, vision/OCR for map/plat exhibits)",,4996,102692,0.1,no,,,,,
2020-05-07,"May 7, 2020 Packet",PlanningCommission,regular,full_packet,https://www.murray.utah.gov/Archive/ViewFile/Item/5007,2026-07-13,na,"not_retrieved (index-only; fetch source_url on demand — pdftotext for born-digital staff-report text, vision/OCR for map/plat exhibits)",,5007,13148704,13.15,no,,,,,
2020-05-19,"May 19, 2020 Murray City Council Meeting Agenda Packet Part 1",Council,regular,full_packet,https://www.murray.utah.gov/Archive/ViewFile/Item/5025,2026-07-13,na,"not_retrieved (index-only; fetch source_url on demand — pdftotext for born-digital staff-report text, vision/OCR for map/plat exhibits)",,5025,16178713,16.18,no,,,,,
2020-05-19,"May 19, 2020 Murray City Council Meeting Agenda Packet Part 2",Council,regular,full_packet,https://www.murray.utah.gov/Archive/ViewFile/Item/5026,2026-07-13,na,"not_retrieved (index-only; fetch source_url on demand — pdftotext for born-digital staff-report text, vision/OCR for map/plat exhibits)",,5026,27247160,27.25,no,,,,,
2020-05-21,"May 21, 2020",PlanningCommission,regular,agenda_packet,https://www.murray.utah.gov/Archive/ViewFile/Item/5016,2026-07-13,na,"not_retrieved (index-only; fetch source_url on demand — pdftotext for born-digital staff-report text, vision/OCR for map/plat exhibits)",,5016,103262,0.1,no,,,,,
2020-05-21,"May 21, 2020 Packet",PlanningCommission,regular,full_packet,https://www.murray.utah.gov/Archive/ViewFile/Item/5027,2026-07-13,na,"not_retrieved (index-only; fetch source_url on demand — pdftotext for born-digital staff-report text, vision/OCR for map/plat exhibits)",,5027,26513931,26.51,no,,,,,
2020-06-02,"June 2, 2020 Murray City Council Public Hearing - Budgeting",Council,public_hearing,agenda_packet,https://www.murray.utah.gov/Archive/ViewFile/Item/5037,2026-07-13,na,"not_retrieved (index-only; fetch source_url on demand — pdftotext for born-digital staff-report text, vision/OCR for map/plat exhibits)",,5037,38828,0.04,no,,,,,
2020-06-02,"June 2, 2020 Murray City Council Public Hearing - Budgeting",Council,public_hearing,agenda_packet,https://www.murray.utah.gov/Archive/ViewFile/Item/5038,2026-07-13,na,"not_retrieved (index-only; fetch source_url on demand — pdftotext for born-digital staff-report text, vision/OCR for map/plat exhibits)",,5038,14245,0.01,no,,,,,
2020-06-02,"June 2, 2020 Murray City Council Meeting Agenda Packet",Council,regular,full_packet,https://www.murray.utah.gov/Archive/ViewFile/Item/5049,2026-07-13,na,"not_retrieved (index-only; fetch source_url on demand — pdftotext for born-digital staff-report text, vision/OCR for map/plat exhibits)",,5049,26950113,26.95,no,,,,,
2020-06-04,"June 4, 2020",PlanningCommission,regular,agenda_packet,https://www.murray.utah.gov/Archive/ViewFile/Item/5031,2026-07-13,na,"not_retrieved (index-only; fetch source_url on demand — pdftotext for born-digital staff-report text, vision/OCR for map/plat exhibits)",,5031,92159,0.09,no,,,,,
2020-06-04,"June 4, 2020 Packet",PlanningCommission,regular,full_packet,https://www.murray.utah.gov/Archive/ViewFile/Item/5050,2026-07-13,na,"not_retrieved (index-only; fetch source_url on demand — pdftotext for born-digital staff-report text, vision/OCR for map/plat exhibits)",,5050,7791657,7.79,no,,,,,
2020-06-16,"June 16, 2020 Murray City Council Agenda Packet",Council,regular,full_packet,https://www.murray.utah.gov/Archive/ViewFile/Item/5068,2026-07-13,na,"not_retrieved (index-only; fetch source_url on demand — pdftotext for born-digital staff-report text, vision/OCR for map/plat exhibits)",,5068,23200961,23.2,no,,,,,
2020-06-18,"June 18, 2020",PlanningCommission,regular,agenda_packet,https://www.murray.utah.gov/Archive/ViewFile/Item/5069,2026-07-13,na,"not_retrieved (index-only; fetch source_url on demand — pdftotext for born-digital staff-report text, vision/OCR for map/plat exhibits)",,5069,127667,0.13,no,,,,,
2020-06-18,"June 18, 2020 Packet",PlanningCommission,regular,full_packet,https://www.murray.utah.gov/Archive/ViewFile/Item/5070,2026-07-13,na,"not_retrieved (index-only; fetch source_url on demand — pdftotext for born-digital staff-report text, vision/OCR for map/plat exhibits)",,5070,40605166,40.61,no,,,,,
2020-07-02,"July 2, 2020",PlanningCommission,regular,agenda_packet,https://www.murray.utah.gov/Archive/ViewFile/Item/5081,2026-07-13,na,"not_retrieved (index-only; fetch source_url on demand — pdftotext for born-digital staff-report text, vision/OCR for map/plat exhibits)",,5081,127485,0.13,no,,,,,
2020-07-02,"July 2, 2020 Packet",PlanningCommission,regular,full_packet,https://www.murray.utah.gov/Archive/ViewFile/Item/5089,2026-07-13,na,"not_retrieved (index-only; fetch source_url on demand — pdftotext for born-digital staff-report text, vision/OCR for map/plat exhibits)",,5089,48686926,48.69,no,,,,,
2020-07-07,"July 7, 2020 Murray City Council Meeting Agenda Packet",Council,regular,full_packet,https://www.murray.utah.gov/Archive/ViewFile/Item/5093,2026-07-13,na,"not_retrieved (index-only; fetch source_url on demand — pdftotext for born-digital staff-report text, vision/OCR for map/plat exhibits)",,5093,51345360,51.35,no,,,,,
2020-07-16,"July 16, 2020",PlanningCommission,regular,agenda_packet,https://www.murray.utah.gov/Archive/ViewFile/Item/5090,2026-07-13,na,"not_retrieved (index-only; fetch source_url on demand — pdftotext for born-digital staff-report text, vision/OCR for map/plat exhibits)",,5090,125370,0.13,no,,,,,
2020-07-16,"July 16, 2020 Packet",PlanningCommission,regular,full_packet,https://www.murray.utah.gov/Archive/ViewFile/Item/5103,2026-07-13,na,"not_retrieved (index-only; fetch source_url on demand — pdftotext for born-digital staff-report text, vision/OCR for map/plat exhibits)",,5103,14672115,14.67,no,,,,,
2020-07-21,"July 21, 2020 Murray City Council Meeting Agenda Packet",Council,regular,full_packet,https://www.murray.utah.gov/Archive/ViewFile/Item/5109,2026-07-13,na,"not_retrieved (index-only; fetch source_url on demand — pdftotext for born-digital staff-report text, vision/OCR for map/plat exhibits)",,5109,33370164,33.37,no,,,,,
2020-08-04,"August 4, 2020 Murray City Council Meeting Agenda Packet",Council,regular,full_packet,https://www.murray.utah.gov/Archive/ViewFile/Item/5136,2026-07-13,na,"not_retrieved (index-only; fetch source_url on demand — pdftotext for born-digital staff-report text, vision/OCR for map/plat exhibits)",,5136,38196498,38.2,no,,,,,
2020-08-06,"August 6, 2020",PlanningCommission,regular,agenda_packet,https://www.murray.utah.gov/Archive/ViewFile/Item/5116,2026-07-13,na,"not_retrieved (index-only; fetch source_url on demand — pdftotext for born-digital staff-report text, vision/OCR for map/plat exhibits)",,5116,160069,0.16,no,,,,,
2020-08-06,"August 6, 2020 Packet",PlanningCommission,regular,full_packet,https://www.murray.utah.gov/Archive/ViewFile/Item/5137,2026-07-13,na,"not_retrieved (index-only; fetch source_url on demand — pdftotext for born-digital staff-report text, vision/OCR for map/plat exhibits)",,5137,23001925,23.0,no,,,,,
2020-08-20,"August 20, 2020",PlanningCommission,regular,agenda_packet,https://www.murray.utah.gov/Archive/ViewFile/Item/5138,2026-07-13,na,"not_retrieved (index-only; fetch source_url on demand — pdftotext for born-digital staff-report text, vision/OCR for map/plat exhibits)",,5138,153282,0.15,no,,,,,
2020-08-20,"August 20, 2020 Packet",PlanningCommission,regular,full_packet,https://www.murray.utah.gov/Archive/ViewFile/Item/5150,2026-07-13,na,"not_retrieved (index-only; fetch source_url on demand — pdftotext for born-digital staff-report text, vision/OCR for map/plat exhibits)",,5150,26692066,26.69,no,,,,,
2020-08-25,"August 25, 2020 Murray City Council Meeting Agenda Packet Part 1",Council,regular,full_packet,https://www.murray.utah.gov/Archive/ViewFile/Item/5161,2026-07-13,na,"not_retrieved (index-only; fetch source_url on demand — pdftotext for born-digital staff-report text, vision/OCR for map/plat exhibits)",,5161,36914022,36.91,no,,,,,
2020-08-25,"August 25, 2020 Murray City Council Meeting Agenda Packet Part 2",Council,regular,full_packet,https://www.murray.utah.gov/Archive/ViewFile/Item/5162,2026-07-13,na,"not_retrieved (index-only; fetch source_url on demand — pdftotext for born-digital staff-report text, vision/OCR for map/plat exhibits)",,5162,19975697,19.98,no,,,,,
2020-09-01,"September 1, 2020 Murray City Council Agenda Packet",Council,regular,full_packet,https://www.murray.utah.gov/Archive/ViewFile/Item/5176,2026-07-13,na,"not_retrieved (index-only; fetch source_url on demand — pdftotext for born-digital staff-report text, vision/OCR for map/plat exhibits)",,5176,12838307,12.84,no,,,,,
2020-09-03,"September 3, 2020 - canceled",PlanningCommission,canceled,agenda_packet,https://www.murray.utah.gov/Archive/ViewFile/Item/5158,2026-07-13,na,"not_retrieved (index-only; fetch source_url on demand — pdftotext for born-digital staff-report text, vision/OCR for map/plat exhibits)",,5158,149650,0.15,no,,,,,
2020-09-15,"September 15, 2020 Murray City Council Meeting Agenda Packet",Council,regular,full_packet,https://www.murray.utah.gov/Archive/ViewFile/Item/5189,2026-07-13,na,"not_retrieved (index-only; fetch source_url on demand — pdftotext for born-digital staff-report text, vision/OCR for map/plat exhibits)",,5189,38335591,38.34,no,,,,,
2020-09-17,"September 17, 2020",PlanningCommission,regular,agenda_packet,https://www.murray.utah.gov/Archive/ViewFile/Item/5179,2026-07-13,na,"not_retrieved (index-only; fetch source_url on demand — pdftotext for born-digital staff-report text, vision/OCR for map/plat exhibits)",,5179,153726,0.15,no,,,,,
2020-09-17,"September 17, 2020 Packet",PlanningCommission,regular,full_packet,https://www.murray.utah.gov/Archive/ViewFile/Item/5191,2026-07-13,na,"not_retrieved (index-only; fetch source_url on demand — pdftotext for born-digital staff-report text, vision/OCR for map/plat exhibits)",,5191,19635674,19.64,no,,,,,
2020-10-01,"October 1, 2020",PlanningCommission,regular,agenda_packet,https://www.murray.utah.gov/Archive/ViewFile/Item/5203,2026-07-13,na,"not_retrieved (index-only; fetch source_url on demand — pdftotext for born-digital staff-report text, vision/OCR for map/plat exhibits)",,5203,152363,0.15,no,,,,,
2020-10-01,"October 1, 2020 Packet",PlanningCommission,regular,full_packet,https://www.murray.utah.gov/Archive/ViewFile/Item/5211,2026-07-13,na,"not_retrieved (index-only; fetch source_url on demand — pdftotext for born-digital staff-report text, vision/OCR for map/plat exhibits)",,5211,21347092,21.35,no,,,,,
2020-10-06,"October 6, 2020 Murray City Council Meeting Agenda Packet",Council,regular,full_packet,https://www.murray.utah.gov/Archive/ViewFile/Item/5217,2026-07-13,na,"not_retrieved (index-only; fetch source_url on demand — pdftotext for born-digital staff-report text, vision/OCR for map/plat exhibits)",,5217,36671596,36.67,no,,,,,
2020-10-15,"October 15, 2020",PlanningCommission,regular,agenda_packet,https://www.murray.utah.gov/Archive/ViewFile/Item/5214,2026-07-13,na,"not_retrieved (index-only; fetch source_url on demand — pdftotext for born-digital staff-report text, vision/OCR for map/plat exhibits)",,5214,423311,0.42,no,,,,,
2020-10-15,"October 15, 2020 Packet",PlanningCommission,regular,full_packet,https://www.murray.utah.gov/Archive/ViewFile/Item/5227,2026-07-13,na,"not_retrieved (index-only; fetch source_url on demand — pdftotext for born-digital staff-report text, vision/OCR for map/plat exhibits)",,5227,56313873,56.31,no,,,,,
2020-10-20,"October 20, 2020 Murray City Council Meeting Agenda Packet",Council,regular,full_packet,https://www.murray.utah.gov/Archive/ViewFile/Item/5231,2026-07-13,na,"not_retrieved (index-only; fetch source_url on demand — pdftotext for born-digital staff-report text, vision/OCR for map/plat exhibits)",,5231,18269120,18.27,no,,,,,
2020-11-05,"November 5, 2020",PlanningCommission,regular,agenda_packet,https://www.murray.utah.gov/Archive/ViewFile/Item/5273,2026-07-13,na,"not_retrieved (index-only; fetch source_url on demand — pdftotext for born-digital staff-report text, vision/OCR for map/plat exhibits)",,5273,425162,0.43,no,,,,,
2020-11-05,"November 5, 2020 Packet",PlanningCommission,regular,full_packet,https://www.murray.utah.gov/Archive/ViewFile/Item/5277,2026-07-13,na,"not_retrieved (index-only; fetch source_url on demand — pdftotext for born-digital staff-report text, vision/OCR for map/plat exhibits)",,5277,7653425,7.65,no,,,,,
2020-11-10,"November 10, 2020 Murray City Council Meeting Agenda Packet",Council,regular,full_packet,https://www.murray.utah.gov/Archive/ViewFile/Item/5282,2026-07-13,na,"not_retrieved (index-only; fetch source_url on demand — pdftotext for born-digital staff-report text, vision/OCR for map/plat exhibits)",,5282,15586304,15.59,no,,,,,
2020-11-17,"November 17, 2020 Murray City Council Meeting Agenda Packet",Council,regular,full_packet,https://www.murray.utah.gov/Archive/ViewFile/Item/5291,2026-07-13,na,"not_retrieved (index-only; fetch source_url on demand — pdftotext for born-digital staff-report text, vision/OCR for map/plat exhibits)",,5291,23420897,23.42,no,,,,,
2020-11-19,"November 19, 2020",PlanningCommission,regular,agenda_packet,https://www.murray.utah.gov/Archive/ViewFile/Item/5278,2026-07-13,na,"not_retrieved (index-only; fetch source_url on demand — pdftotext for born-digital staff-report text, vision/OCR for map/plat exhibits)",,5278,425611,0.43,no,,,,,
2020-11-19,"November 19, 2020 Packet",PlanningCommission,regular,full_packet,https://www.murray.utah.gov/Archive/ViewFile/Item/5292,2026-07-13,na,"not_retrieved (index-only; fetch source_url on demand — pdftotext for born-digital staff-report text, vision/OCR for map/plat exhibits)",,5292,86185474,86.19,no,,,,,
2020-12-01,"December 1, 2020 Murray City Council Meeting Agenda Packet",Council,regular,full_packet,https://www.murray.utah.gov/Archive/ViewFile/Item/5312,2026-07-13,na,"not_retrieved (index-only; fetch source_url on demand — pdftotext for born-digital staff-report text, vision/OCR for map/plat exhibits)",,5312,26628681,26.63,no,,,,,
2020-12-03,"December 3, 2020",PlanningCommission,regular,agenda_packet,https://www.murray.utah.gov/Archive/ViewFile/Item/5302,2026-07-13,na,"not_retrieved (index-only; fetch source_url on demand — pdftotext for born-digital staff-report text, vision/OCR for map/plat exhibits)",,5302,447499,0.45,no,,,,,
2020-12-03,"December 3, 2020 Packet",PlanningCommission,regular,full_packet,https://www.murray.utah.gov/Archive/ViewFile/Item/5314,2026-07-13,na,"not_retrieved (index-only; fetch source_url on demand — pdftotext for born-digital staff-report text, vision/OCR for map/plat exhibits)",,5314,57681670,57.68,no,,,,,
2020-12-08,"December 8, 2020 Murray City Council Meeting Agenda Packet",Council,regular,full_packet,https://www.murray.utah.gov/Archive/ViewFile/Item/5329,2026-07-13,na,"not_retrieved (index-only; fetch source_url on demand — pdftotext for born-digital staff-report text, vision/OCR for map/plat exhibits)",,5329,10658604,10.66,no,,,,,
2020-12-17,"December 17, 2020",PlanningCommission,regular,agenda_packet,https://www.murray.utah.gov/Archive/ViewFile/Item/5326,2026-07-13,na,"not_retrieved (index-only; fetch source_url on demand — pdftotext for born-digital staff-report text, vision/OCR for map/plat exhibits)",,5326,436079,0.44,no,,,,,
2020-12-17,"December 17, 2020 Packet",PlanningCommission,regular,full_packet,https://www.murray.utah.gov/Archive/ViewFile/Item/5336,2026-07-13,na,"not_retrieved (index-only; fetch source_url on demand — pdftotext for born-digital staff-report text, vision/OCR for map/plat exhibits)",,5336,68260925,68.26,no,,,,,
2021-01-05,"January 5, 2021 Murray City Council Agenda Packet, Part 1",Council,regular,full_packet,https://www.murray.utah.gov/Archive/ViewFile/Item/5348,2026-07-13,na,"not_retrieved (index-only; fetch source_url on demand — pdftotext for born-digital staff-report text, vision/OCR for map/plat exhibits)",,5348,23421267,23.42,no,,,,,
2021-01-05,"January 5, 2021 Murray City Council Agenda Packet, Part 2",Council,regular,full_packet,https://www.murray.utah.gov/Archive/ViewFile/Item/5349,2026-07-13,na,"not_retrieved (index-only; fetch source_url on demand — pdftotext for born-digital staff-report text, vision/OCR for map/plat exhibits)",,5349,16171066,16.17,no,,,,,
2021-01-05,"January 5, 2021 Murray City Council Agenda Packet, Part 3",Council,regular,full_packet,https://www.murray.utah.gov/Archive/ViewFile/Item/5350,2026-07-13,na,"not_retrieved (index-only; fetch source_url on demand — pdftotext for born-digital staff-report text, vision/OCR for map/plat exhibits)",,5350,13245605,13.25,no,,,,,
2021-01-07,"January 7, 2021",PlanningCommission,regular,agenda_packet,https://www.murray.utah.gov/Archive/ViewFile/Item/5346,2026-07-13,na,"not_retrieved (index-only; fetch source_url on demand — pdftotext for born-digital staff-report text, vision/OCR for map/plat exhibits)",,5346,418615,0.42,no,,,,,
2021-01-07,"January 7, 2021 Packet",PlanningCommission,regular,full_packet,https://www.murray.utah.gov/Archive/ViewFile/Item/5354,2026-07-13,na,"not_retrieved (index-only; fetch source_url on demand — pdftotext for born-digital staff-report text, vision/OCR for map/plat exhibits)",,5354,29214613,29.21,no,,,,,
2021-01-13,"January 13, 2021 Murray City School Coordinating Council Meeting Agenda",SchoolCoordinatingCouncil,regular,agenda_packet,https://www.murray.utah.gov/Archive/ViewFile/Item/5367,2026-07-13,na,"not_retrieved (index-only; fetch source_url on demand — pdftotext for born-digital staff-report text, vision/OCR for map/plat exhibits)",,5367,159149,0.16,no,,,,,
2021-01-19,"January 19, 2021 Murray City Council Meeting Agenda Packet",Council,regular,full_packet,https://www.murray.utah.gov/Archive/ViewFile/Item/5376,2026-07-13,na,"not_retrieved (index-only; fetch source_url on demand — pdftotext for born-digital staff-report text, vision/OCR for map/plat exhibits)",,5376,75822122,75.82,no,,,,,
2021-01-21,"January 21, 2021",PlanningCommission,regular,agenda_packet,https://www.murray.utah.gov/Archive/ViewFile/Item/5377,2026-07-13,na,"not_retrieved (index-only; fetch source_url on demand — pdftotext for born-digital staff-report text, vision/OCR for map/plat exhibits)",,5377,147886,0.15,no,,,,,
2021-01-21,"January 21, 2021 Packet",PlanningCommission,regular,full_packet,https://www.murray.utah.gov/Archive/ViewFile/Item/5379,2026-07-13,na,"not_retrieved (index-only; fetch source_url on demand — pdftotext for born-digital staff-report text, vision/OCR for map/plat exhibits)",,5379,21209718,21.21,no,,,,,
2021-02-02,"February 2, 2021 Murray City Council Meeting Agenda Packet",Council,regular,full_packet,https://www.murray.utah.gov/Archive/ViewFile/Item/5403,2026-07-13,na,"not_retrieved (index-only; fetch source_url on demand — pdftotext for born-digital staff-report text, vision/OCR for map/plat exhibits)",,5403,109413403,109.41,no,,,,,
2021-02-04,"February 4, 2021",PlanningCommission,regular,agenda_packet,https://www.murray.utah.gov/Archive/ViewFile/Item/5399,2026-07-13,na,"not_retrieved (index-only; fetch source_url on demand — pdftotext for born-digital staff-report text, vision/OCR for map/plat exhibits)",,5399,423337,0.42,no,,,,,
2021-02-04,"February 4, 2021 Packet",PlanningCommission,regular,full_packet,https://www.murray.utah.gov/Archive/ViewFile/Item/5400,2026-07-13,na,"not_retrieved (index-only; fetch source_url on demand — pdftotext for born-digital staff-report text, vision/OCR for map/plat exhibits)",,5400,26374504,26.37,no,,,,,
2021-02-16,"February 16, 2021 Murray City Council Meeting Agenda Packet",Council,regular,full_packet,https://www.murray.utah.gov/Archive/ViewFile/Item/5426,2026-07-13,na,"not_retrieved (index-only; fetch source_url on demand — pdftotext for born-digital staff-report text, vision/OCR for map/plat exhibits)",,5426,62574634,62.57,no,,,,,
2021-02-18,"February 18, 2021",PlanningCommission,regular,agenda_packet,https://www.murray.utah.gov/Archive/ViewFile/Item/5424,2026-07-13,na,"not_retrieved (index-only; fetch source_url on demand — pdftotext for born-digital staff-report text, vision/OCR for map/plat exhibits)",,5424,282867,0.28,no,,,,,
2021-02-18,"February 18, 2021 Packet",PlanningCommission,regular,full_packet,https://www.murray.utah.gov/Archive/ViewFile/Item/5428,2026-07-13,na,"not_retrieved (index-only; fetch source_url on demand — pdftotext for born-digital staff-report text, vision/OCR for map/plat exhibits)",,5428,121452431,121.45,no,,,,,
2021-03-02,"March 2, 2021 Murray City Council Meeting Agenda Packet",Council,regular,full_packet,https://www.murray.utah.gov/Archive/ViewFile/Item/5445,2026-07-13,na,"not_retrieved (index-only; fetch source_url on demand — pdftotext for born-digital staff-report text, vision/OCR for map/plat exhibits)",,5445,8280590,8.28,no,,,,,
2021-03-04,"March 4, 2021 Packet",PlanningCommission,regular,full_packet,https://www.murray.utah.gov/Archive/ViewFile/Item/5446,2026-07-13,na,"not_retrieved (index-only; fetch source_url on demand — pdftotext for born-digital staff-report text, vision/OCR for map/plat exhibits)",,5446,8806649,8.81,no,,,,,
2021-03-04,"March 4, 2021",PlanningCommission,regular,agenda_packet,https://www.murray.utah.gov/Archive/ViewFile/Item/5447,2026-07-13,na,"not_retrieved (index-only; fetch source_url on demand — pdftotext for born-digital staff-report text, vision/OCR for map/plat exhibits)",,5447,280126,0.28,no,,,,,
2021-03-16,"March 16, 2021 Murray City Council Meeting Agenda Packet",Council,regular,full_packet,https://www.murray.utah.gov/Archive/ViewFile/Item/5458,2026-07-13,na,"not_retrieved (index-only; fetch source_url on demand — pdftotext for born-digital staff-report text, vision/OCR for map/plat exhibits)",,5458,21733714,21.73,no,,,,,
2021-03-18,"March 18, 2021 General Plan Workshop Packet",Council,workshop,full_packet,https://www.murray.utah.gov/Archive/ViewFile/Item/5461,2026-07-13,na,"not_retrieved (index-only; fetch source_url on demand — pdftotext for born-digital staff-report text, vision/OCR for map/plat exhibits)",,5461,498232,0.5,no,,,,,
2021-03-18,"March 18, 2021",PlanningCommission,regular,agenda_packet,https://www.murray.utah.gov/Archive/ViewFile/Item/5456,2026-07-13,na,"not_retrieved (index-only; fetch source_url on demand — pdftotext for born-digital staff-report text, vision/OCR for map/plat exhibits)",,5456,208224,0.21,no,,,,,
2021-03-18,"March 18, 2021 Packet",PlanningCommission,regular,full_packet,https://www.murray.utah.gov/Archive/ViewFile/Item/5462,2026-07-13,na,"not_retrieved (index-only; fetch source_url on demand — pdftotext for born-digital staff-report text, vision/OCR for map/plat exhibits)",,5462,96227326,96.23,no,,,,,
2021-04-01,"April 1, 2021",PlanningCommission,regular,agenda_packet,https://www.murray.utah.gov/Archive/ViewFile/Item/5475,2026-07-13,na,"not_retrieved (index-only; fetch source_url on demand — pdftotext for born-digital staff-report text, vision/OCR for map/plat exhibits)",,5475,279029,0.28,no,,,,,
2021-04-01,"April 1, 2021 Packet",PlanningCommission,regular,full_packet,https://www.murray.utah.gov/Archive/ViewFile/Item/5478,2026-07-13,na,"not_retrieved (index-only; fetch source_url on demand — pdftotext for born-digital staff-report text, vision/OCR for map/plat exhibits)",,5478,23147702,23.15,no,,,,,
2021-04-06,"April 6, 2021 Murray City Council Meeting Packet",Council,regular,full_packet,https://www.murray.utah.gov/Archive/ViewFile/Item/5487,2026-07-13,na,"not_retrieved (index-only; fetch source_url on demand — pdftotext for born-digital staff-report text, vision/OCR for map/plat exhibits)",,5487,30462599,30.46,no,,,,,
2021-04-14,"April 14, 2021 Murray City School Coordinating Council Meeting Packet",SchoolCoordinatingCouncil,regular,full_packet,https://www.murray.utah.gov/Archive/ViewFile/Item/5503,2026-07-13,na,"not_retrieved (index-only; fetch source_url on demand — pdftotext for born-digital staff-report text, vision/OCR for map/plat exhibits)",,5503,458290,0.46,no,,,,,
2021-04-15,"April 15, 2021",PlanningCommission,regular,agenda_packet,https://www.murray.utah.gov/Archive/ViewFile/Item/5488,2026-07-13,na,"not_retrieved (index-only; fetch source_url on demand — pdftotext for born-digital staff-report text, vision/OCR for map/plat exhibits)",,5488,277393,0.28,no,,,,,
2021-04-15,"April 15, 2021 - Packet",PlanningCommission,regular,full_packet,https://www.murray.utah.gov/Archive/ViewFile/Item/5504,2026-07-13,na,"not_retrieved (index-only; fetch source_url on demand — pdftotext for born-digital staff-report text, vision/OCR for map/plat exhibits)",,5504,44433986,44.43,no,,,,,
2021-04-20,"April 20, 2021 Murray City Council Meeting Packet",Council,regular,full_packet,https://www.murray.utah.gov/Archive/ViewFile/Item/5509,2026-07-13,na,"not_retrieved (index-only; fetch source_url on demand — pdftotext for born-digital staff-report text, vision/OCR for map/plat exhibits)",,5509,71594608,71.59,no,,,,,
2021-05-06,"May 6, 2021",PlanningCommission,regular,agenda_packet,https://www.murray.utah.gov/Archive/ViewFile/Item/5517,2026-07-13,na,"not_retrieved (index-only; fetch source_url on demand — pdftotext for born-digital staff-report text, vision/OCR for map/plat exhibits)",,5517,280590,0.28,no,,,,,
2021-05-06,"May 6, 2021 Packet",PlanningCommission,regular,full_packet,https://www.murray.utah.gov/Archive/ViewFile/Item/5524,2026-07-13,na,"not_retrieved (index-only; fetch source_url on demand — pdftotext for born-digital staff-report text, vision/OCR for map/plat exhibits)",,5524,9920270,9.92,no,,,,,
2021-05-18,"May 18, 2021 Murray City Council Meeting Packet",Council,regular,full_packet,https://www.murray.utah.gov/Archive/ViewFile/Item/5542,2026-07-13,na,"not_retrieved (index-only; fetch source_url on demand — pdftotext for born-digital staff-report text, vision/OCR for map/plat exhibits)",,5542,17474598,17.47,no,,,,,
2021-05-20,"May 20, 2021",PlanningCommission,regular,agenda_packet,https://www.murray.utah.gov/Archive/ViewFile/Item/5540,2026-07-13,na,"not_retrieved (index-only; fetch source_url on demand — pdftotext for born-digital staff-report text, vision/OCR for map/plat exhibits)",,5540,279099,0.28,no,,,,,
2021-05-20,"May 20, 2021 Packet",PlanningCommission,regular,full_packet,https://www.murray.utah.gov/Archive/ViewFile/Item/5543,2026-07-13,na,"not_retrieved (index-only; fetch source_url on demand — pdftotext for born-digital staff-report text, vision/OCR for map/plat exhibits)",,5543,109781980,109.78,no,,,,,
2021-06-01,"June 1, 2021 Murray City Council Meeting Packet",Council,regular,full_packet,https://www.murray.utah.gov/Archive/ViewFile/Item/5562,2026-07-13,na,"not_retrieved (index-only; fetch source_url on demand — pdftotext for born-digital staff-report text, vision/OCR for map/plat exhibits)",,5562,37119286,37.12,no,,,,,
2021-06-03,"June 3, 2021",PlanningCommission,regular,agenda_packet,https://www.murray.utah.gov/Archive/ViewFile/Item/5564,2026-07-13,na,"not_retrieved (index-only; fetch source_url on demand — pdftotext for born-digital staff-report text, vision/OCR for map/plat exhibits)",,5564,279533,0.28,no,,,,,
2021-06-15,"June 15, 2021 Murray City Council Meeting Packet",Council,regular,full_packet,https://www.murray.utah.gov/Archive/ViewFile/Item/5585,2026-07-13,na,"not_retrieved (index-only; fetch source_url on demand — pdftotext for born-digital staff-report text, vision/OCR for map/plat exhibits)",,5585,18110121,18.11,no,,,,,
2021-06-17,"June 17, 2021",PlanningCommission,regular,agenda_packet,https://www.murray.utah.gov/Archive/ViewFile/Item/5581,2026-07-13,na,"not_retrieved (index-only; fetch source_url on demand — pdftotext for born-digital staff-report text, vision/OCR for map/plat exhibits)",,5581,196492,0.2,no,,,,,
2021-06-17,"June 17, 2021 Packet",PlanningCommission,regular,full_packet,https://www.murray.utah.gov/Archive/ViewFile/Item/5586,2026-07-13,na,"not_retrieved (index-only; fetch source_url on demand — pdftotext for born-digital staff-report text, vision/OCR for map/plat exhibits)",,5586,9939044,9.94,no,,,,,
2021-07-01,"July 1, 2021",PlanningCommission,regular,agenda_packet,https://www.murray.utah.gov/Archive/ViewFile/Item/5609,2026-07-13,na,"not_retrieved (index-only; fetch source_url on demand — pdftotext for born-digital staff-report text, vision/OCR for map/plat exhibits)",,5609,118109,0.12,no,,,,,
2021-07-01,"July 1, 2021 Packet",PlanningCommission,regular,full_packet,https://www.murray.utah.gov/Archive/ViewFile/Item/5610,2026-07-13,na,"not_retrieved (index-only; fetch source_url on demand — pdftotext for born-digital staff-report text, vision/OCR for map/plat exhibits)",,5610,20900013,20.9,no,,,,,
2021-07-06,"July 6, 2021 Murray City Council Meeting Packet",Council,regular,full_packet,https://www.murray.utah.gov/Archive/ViewFile/Item/5615,2026-07-13,na,"not_retrieved (index-only; fetch source_url on demand — pdftotext for born-digital staff-report text, vision/OCR for map/plat exhibits)",,5615,92724023,92.72,no,,,,,
2021-07-15,"July 15, 2021",PlanningCommission,regular,agenda_packet,https://www.murray.utah.gov/Archive/ViewFile/Item/5625,2026-07-13,na,"not_retrieved (index-only; fetch source_url on demand — pdftotext for born-digital staff-report text, vision/OCR for map/plat exhibits)",,5625,118508,0.12,no,,,,,
2021-07-15,"July 15, 2021 Packet",PlanningCommission,regular,full_packet,https://www.murray.utah.gov/Archive/ViewFile/Item/5631,2026-07-13,na,"not_retrieved (index-only; fetch source_url on demand — pdftotext for born-digital staff-report text, vision/OCR for map/plat exhibits)",,5631,19014883,19.01,no,,,,,
2021-07-20,"July 20, 2021 Murray City Council Meeting Packet",Council,regular,full_packet,https://www.murray.utah.gov/Archive/ViewFile/Item/5640,2026-07-13,na,"not_retrieved (index-only; fetch source_url on demand — pdftotext for born-digital staff-report text, vision/OCR for map/plat exhibits)",,5640,26970954,26.97,no,,,,,
2021-08-05,"August 5, 2021 - canceled",PlanningCommission,canceled,agenda_packet,https://www.murray.utah.gov/Archive/ViewFile/Item/5651,2026-07-13,na,"not_retrieved (index-only; fetch source_url on demand — pdftotext for born-digital staff-report text, vision/OCR for map/plat exhibits)",,5651,109165,0.11,no,,,,,
2021-08-19,"August 19, 2021",PlanningCommission,regular,agenda_packet,https://www.murray.utah.gov/Archive/ViewFile/Item/5670,2026-07-13,na,"not_retrieved (index-only; fetch source_url on demand — pdftotext for born-digital staff-report text, vision/OCR for map/plat exhibits)",,5670,127966,0.13,no,,,,,
2021-08-19,"August 19, 2021 Packet",PlanningCommission,regular,full_packet,https://www.murray.utah.gov/Archive/ViewFile/Item/5673,2026-07-13,na,"not_retrieved (index-only; fetch source_url on demand — pdftotext for born-digital staff-report text, vision/OCR for map/plat exhibits)",,5673,85897363,85.9,no,,,,,
2021-08-24,"August 24, 2021 Murray City Council Meeting Packet",Council,regular,full_packet,https://www.murray.utah.gov/Archive/ViewFile/Item/5686,2026-07-13,na,"not_retrieved (index-only; fetch source_url on demand — pdftotext for born-digital staff-report text, vision/OCR for map/plat exhibits)",,5686,22545699,22.55,no,,,,,
2021-09-02,"September 2, 2021",PlanningCommission,regular,agenda_packet,https://www.murray.utah.gov/Archive/ViewFile/Item/5695,2026-07-13,na,"not_retrieved (index-only; fetch source_url on demand — pdftotext for born-digital staff-report text, vision/OCR for map/plat exhibits)",,5695,118133,0.12,no,,,,,
2021-09-02,"September 2, 2021 Packet",PlanningCommission,regular,full_packet,https://www.murray.utah.gov/Archive/ViewFile/Item/5700,2026-07-13,na,"not_retrieved (index-only; fetch source_url on demand — pdftotext for born-digital staff-report text, vision/OCR for map/plat exhibits)",,5700,65586165,65.59,no,,,,,
2021-09-07,"September 7, 2021 Murray City Council Meeting Packet",Council,regular,full_packet,https://www.murray.utah.gov/Archive/ViewFile/Item/5704,2026-07-13,na,"not_retrieved (index-only; fetch source_url on demand — pdftotext for born-digital staff-report text, vision/OCR for map/plat exhibits)",,5704,15415400,15.42,no,,,,,
2021-09-16,"September 16, 2021 - canceled",PlanningCommission,canceled,agenda_packet,https://www.murray.utah.gov/Archive/ViewFile/Item/5702,2026-07-13,na,"not_retrieved (index-only; fetch source_url on demand — pdftotext for born-digital staff-report text, vision/OCR for map/plat exhibits)",,5702,108589,0.11,no,,,,,
2021-09-21,"September 21, 2021 Murray City Council Meeting Packet",Council,regular,full_packet,https://www.murray.utah.gov/Archive/ViewFile/Item/5722,2026-07-13,na,"not_retrieved (index-only; fetch source_url on demand — pdftotext for born-digital staff-report text, vision/OCR for map/plat exhibits)",,5722,13064088,13.06,no,,,,,
2021-10-05,"October 5, 2021 Murray City Council Meeting Packet",Council,regular,full_packet,https://www.murray.utah.gov/Archive/ViewFile/Item/5746,2026-07-13,na,"not_retrieved (index-only; fetch source_url on demand — pdftotext for born-digital staff-report text, vision/OCR for map/plat exhibits)",,5746,10177235,10.18,no,,,,,
2021-10-07,"October 7, 2021",PlanningCommission,regular,agenda_packet,https://www.murray.utah.gov/Archive/ViewFile/Item/5744,2026-07-13,na,"not_retrieved (index-only; fetch source_url on demand — pdftotext for born-digital staff-report text, vision/OCR for map/plat exhibits)",,5744,147411,0.15,no,,,,,
2021-10-07,"October 07, 2021 Packet",PlanningCommission,regular,full_packet,https://www.murray.utah.gov/Archive/ViewFile/Item/5747,2026-07-13,na,"not_retrieved (index-only; fetch source_url on demand — pdftotext for born-digital staff-report text, vision/OCR for map/plat exhibits)",,5747,57535980,57.54,no,,,,,
2021-10-19,"October 19, 2021 Murray City Council Meeting Packet",Council,regular,full_packet,https://www.murray.utah.gov/Archive/ViewFile/Item/5769,2026-07-13,na,"not_retrieved (index-only; fetch source_url on demand — pdftotext for born-digital staff-report text, vision/OCR for map/plat exhibits)",,5769,18307649,18.31,no,,,,,
2021-10-21,"October 21, 2021",PlanningCommission,regular,agenda_packet,https://www.murray.utah.gov/Archive/ViewFile/Item/5770,2026-07-13,na,"not_retrieved (index-only; fetch source_url on demand — pdftotext for born-digital staff-report text, vision/OCR for map/plat exhibits)",,5770,117933,0.12,no,,,,,
2021-10-21,"October 21, 2021 Packet",PlanningCommission,regular,full_packet,https://www.murray.utah.gov/Archive/ViewFile/Item/5772,2026-07-13,na,"not_retrieved (index-only; fetch source_url on demand — pdftotext for born-digital staff-report text, vision/OCR for map/plat exhibits)",,5772,49320075,49.32,no,,,,,
2021-11-04,"November 4, 2021",PlanningCommission,regular,agenda_packet,https://www.murray.utah.gov/Archive/ViewFile/Item/5791,2026-07-13,na,"not_retrieved (index-only; fetch source_url on demand — pdftotext for born-digital staff-report text, vision/OCR for map/plat exhibits)",,5791,107762,0.11,no,,,,,
2021-11-04,"November 4, 2021 Packet",PlanningCommission,regular,full_packet,https://www.murray.utah.gov/Archive/ViewFile/Item/5793,2026-07-13,na,"not_retrieved (index-only; fetch source_url on demand — pdftotext for born-digital staff-report text, vision/OCR for map/plat exhibits)",,5793,10124804,10.12,no,,,,,
2021-11-16,"November 16, 2021 Murray City Council Meeting Packet",Council,regular,full_packet,https://www.murray.utah.gov/Archive/ViewFile/Item/5812,2026-07-13,na,"not_retrieved (index-only; fetch source_url on demand — pdftotext for born-digital staff-report text, vision/OCR for map/plat exhibits)",,5812,62698790,62.7,no,,,,,
2021-11-18,"November 18, 2021",PlanningCommission,regular,agenda_packet,https://www.murray.utah.gov/Archive/ViewFile/Item/5806,2026-07-13,na,"not_retrieved (index-only; fetch source_url on demand — pdftotext for born-digital staff-report text, vision/OCR for map/plat exhibits)",,5806,116419,0.12,no,,,,,
2021-11-18,"November 18, 2021 Packet",PlanningCommission,regular,full_packet,https://www.murray.utah.gov/Archive/ViewFile/Item/5817,2026-07-13,na,"not_retrieved (index-only; fetch source_url on demand — pdftotext for born-digital staff-report text, vision/OCR for map/plat exhibits)",,5817,43671751,43.67,no,,,,,
2021-12-02,"December 2, 2021 - canceled",PlanningCommission,canceled,agenda_packet,https://www.murray.utah.gov/Archive/ViewFile/Item/5816,2026-07-13,na,"not_retrieved (index-only; fetch source_url on demand — pdftotext for born-digital staff-report text, vision/OCR for map/plat exhibits)",,5816,4075747,4.08,no,,,,,
2021-12-07,"December 7, 2021 Murray City Council Meeting Packet",Council,regular,full_packet,https://www.murray.utah.gov/Archive/ViewFile/Item/5839,2026-07-13,na,"not_retrieved (index-only; fetch source_url on demand — pdftotext for born-digital staff-report text, vision/OCR for map/plat exhibits)",,5839,95938530,95.94,no,,,,,
2021-12-16,"December 16, 2021",PlanningCommission,regular,agenda_packet,https://www.murray.utah.gov/Archive/ViewFile/Item/5852,2026-07-13,na,"not_retrieved (index-only; fetch source_url on demand — pdftotext for born-digital staff-report text, vision/OCR for map/plat exhibits)",,5852,117753,0.12,no,,,,,
2021-12-16,"December 16, 2021 Packet",PlanningCommission,regular,full_packet,https://www.murray.utah.gov/Archive/ViewFile/Item/5853,2026-07-13,na,"not_retrieved (index-only; fetch source_url on demand — pdftotext for born-digital staff-report text, vision/OCR for map/plat exhibits)",,5853,135828278,135.83,no,,,,,
2022-01-04,"January 4, 2022 Murray City Council Meeting Packet",Council,regular,full_packet,https://www.murray.utah.gov/Archive/ViewFile/Item/5864,2026-07-13,na,"not_retrieved (index-only; fetch source_url on demand — pdftotext for born-digital staff-report text, vision/OCR for map/plat exhibits)",,5864,6534981,6.53,no,,,,,
2022-01-05,"January 5, 2022 Agenda",PlanningCommission,regular,agenda_packet,https://www.murray.utah.gov/Archive/ViewFile/Item/7385,2026-07-13,na,"not_retrieved (index-only; fetch source_url on demand — pdftotext for born-digital staff-report text, vision/OCR for map/plat exhibits)",,7385,129904,0.13,no,,,,,
2022-01-06,"January 6, 2022",PlanningCommission,regular,agenda_packet,https://www.murray.utah.gov/Archive/ViewFile/Item/5860,2026-07-13,na,"not_retrieved (index-only; fetch source_url on demand — pdftotext for born-digital staff-report text, vision/OCR for map/plat exhibits)",,5860,109878,0.11,no,,,,,
2022-01-06,"January 6, 2022 Packet",PlanningCommission,regular,full_packet,https://www.murray.utah.gov/Archive/ViewFile/Item/5865,2026-07-13,na,"not_retrieved (index-only; fetch source_url on demand — pdftotext for born-digital staff-report text, vision/OCR for map/plat exhibits)",,5865,25848307,25.85,no,,,,,
2022-01-18,"January 18, 2022 Murray City Council Meeting Packet",Council,regular,full_packet,https://www.murray.utah.gov/Archive/ViewFile/Item/5884,2026-07-13,na,"not_retrieved (index-only; fetch source_url on demand — pdftotext for born-digital staff-report text, vision/OCR for map/plat exhibits)",,5884,49778808,49.78,no,,,,,
2022-01-20,"January 20, 2022 - canceled",PlanningCommission,canceled,agenda_packet,https://www.murray.utah.gov/Archive/ViewFile/Item/5886,2026-07-13,na,"not_retrieved (index-only; fetch source_url on demand — pdftotext for born-digital staff-report text, vision/OCR for map/plat exhibits)",,5886,134216,0.13,no,,,,,
2022-02-01,"February 1, 2022 Murray City Council Meeting Packet",Council,regular,full_packet,https://www.murray.utah.gov/Archive/ViewFile/Item/5904,2026-07-13,na,"not_retrieved (index-only; fetch source_url on demand — pdftotext for born-digital staff-report text, vision/OCR for map/plat exhibits)",,5904,57687429,57.69,no,,,,,
2022-02-01,"February 1, 2022 Special Murray City Council Meeting Packet",Council,special,full_packet,https://www.murray.utah.gov/Archive/ViewFile/Item/5906,2026-07-13,na,"not_retrieved (index-only; fetch source_url on demand — pdftotext for born-digital staff-report text, vision/OCR for map/plat exhibits)",,5906,16618898,16.62,no,,,,,
2022-02-03,"February 3, 2022",PlanningCommission,regular,agenda_packet,https://www.murray.utah.gov/Archive/ViewFile/Item/5889,2026-07-13,na,"not_retrieved (index-only; fetch source_url on demand — pdftotext for born-digital staff-report text, vision/OCR for map/plat exhibits)",,5889,115171,0.12,no,,,,,
2022-02-03,"February 3, 2022 Packet",PlanningCommission,regular,full_packet,https://www.murray.utah.gov/Archive/ViewFile/Item/5907,2026-07-13,na,"not_retrieved (index-only; fetch source_url on demand — pdftotext for born-digital staff-report text, vision/OCR for map/plat exhibits)",,5907,19526067,19.53,no,,,,,
2022-02-15,"February 15, 2022 Murray City Council Meeting Packet",Council,regular,full_packet,https://www.murray.utah.gov/Archive/ViewFile/Item/5939,2026-07-13,na,"not_retrieved (index-only; fetch source_url on demand — pdftotext for born-digital staff-report text, vision/OCR for map/plat exhibits)",,5939,12384179,12.38,no,,,,,
2022-02-17,"February 17, 2022",PlanningCommission,regular,agenda_packet,https://www.murray.utah.gov/Archive/ViewFile/Item/5934,2026-07-13,na,"not_retrieved (index-only; fetch source_url on demand — pdftotext for born-digital staff-report text, vision/OCR for map/plat exhibits)",,5934,129747,0.13,no,,,,,
2022-02-17,"February 17, 2022 Packet",PlanningCommission,regular,full_packet,https://www.murray.utah.gov/Archive/ViewFile/Item/5942,2026-07-13,na,"not_retrieved (index-only; fetch source_url on demand — pdftotext for born-digital staff-report text, vision/OCR for map/plat exhibits)",,5942,80948220,80.95,no,,,,,
2022-02-18,"February 18, 2022 Murray City Council Workshop Packet",Council,workshop,full_packet,https://www.murray.utah.gov/Archive/ViewFile/Item/5944,2026-07-13,na,"not_retrieved (index-only; fetch source_url on demand — pdftotext for born-digital staff-report text, vision/OCR for map/plat exhibits)",,5944,2055410,2.06,no,,,,,
2022-03-01,"March 1, 2022 Murray City Council Meeting Packet",Council,regular,full_packet,https://www.murray.utah.gov/Archive/ViewFile/Item/5967,2026-07-13,na,"not_retrieved (index-only; fetch source_url on demand — pdftotext for born-digital staff-report text, vision/OCR for map/plat exhibits)",,5967,78289957,78.29,no,,,,,
2022-03-03,"March 3, 2022",PlanningCommission,regular,agenda_packet,https://www.murray.utah.gov/Archive/ViewFile/Item/5969,2026-07-13,na,"not_retrieved (index-only; fetch source_url on demand — pdftotext for born-digital staff-report text, vision/OCR for map/plat exhibits)",,5969,115290,0.12,no,,,,,
2022-03-03,"March 3, 2022 Packet",PlanningCommission,regular,full_packet,https://www.murray.utah.gov/Archive/ViewFile/Item/5970,2026-07-13,na,"not_retrieved (index-only; fetch source_url on demand — pdftotext for born-digital staff-report text, vision/OCR for map/plat exhibits)",,5970,23399502,23.4,no,,,,,
2022-03-08,"March 8, 2022 Murray City Council Meeting Packet",Council,regular,full_packet,https://www.murray.utah.gov/Archive/ViewFile/Item/5983,2026-07-13,na,"not_retrieved (index-only; fetch source_url on demand — pdftotext for born-digital staff-report text, vision/OCR for map/plat exhibits)",,5983,73689768,73.69,no,,,,,
2022-03-17,"March 17, 2022",PlanningCommission,regular,agenda_packet,https://www.murray.utah.gov/Archive/ViewFile/Item/5995,2026-07-13,na,"not_retrieved (index-only; fetch source_url on demand — pdftotext for born-digital staff-report text, vision/OCR for map/plat exhibits)",,5995,90075,0.09,no,,,,,
2022-03-17,"March 17, 2022 Packet",PlanningCommission,regular,full_packet,https://www.murray.utah.gov/Archive/ViewFile/Item/5997,2026-07-13,na,"not_retrieved (index-only; fetch source_url on demand — pdftotext for born-digital staff-report text, vision/OCR for map/plat exhibits)",,5997,16802749,16.8,no,,,,,
2022-04-05,"April 5, 2022 Murray City Council Meeting Packet",Council,regular,full_packet,https://www.murray.utah.gov/Archive/ViewFile/Item/6017,2026-07-13,na,"not_retrieved (index-only; fetch source_url on demand — pdftotext for born-digital staff-report text, vision/OCR for map/plat exhibits)",,6017,5586582,5.59,no,,,,,
2022-04-07,"April 7, 2022",PlanningCommission,regular,agenda_packet,https://www.murray.utah.gov/Archive/ViewFile/Item/6014,2026-07-13,na,"not_retrieved (index-only; fetch source_url on demand — pdftotext for born-digital staff-report text, vision/OCR for map/plat exhibits)",,6014,161708,0.16,no,,,,,
2022-04-07,"April 7, 2022 Packet",PlanningCommission,regular,full_packet,https://www.murray.utah.gov/Archive/ViewFile/Item/6018,2026-07-13,na,"not_retrieved (index-only; fetch source_url on demand — pdftotext for born-digital staff-report text, vision/OCR for map/plat exhibits)",,6018,17981191,17.98,no,,,,,
2022-04-19,"April 19, 2022 Murray City Council Meeting Packet",Council,regular,full_packet,https://www.murray.utah.gov/Archive/ViewFile/Item/6041,2026-07-13,na,"not_retrieved (index-only; fetch source_url on demand — pdftotext for born-digital staff-report text, vision/OCR for map/plat exhibits)",,6041,54459265,54.46,no,,,,,
2022-04-21,"April 21, 2022 - canceled",PlanningCommission,canceled,agenda_packet,https://www.murray.utah.gov/Archive/ViewFile/Item/6021,2026-07-13,na,"not_retrieved (index-only; fetch source_url on demand — pdftotext for born-digital staff-report text, vision/OCR for map/plat exhibits)",,6021,161708,0.16,no,,,,,
2022-05-03,"May 3, 2022 Murray City Council Meeting Packet",Council,regular,full_packet,https://www.murray.utah.gov/Archive/ViewFile/Item/6058,2026-07-13,na,"not_retrieved (index-only; fetch source_url on demand — pdftotext for born-digital staff-report text, vision/OCR for map/plat exhibits)",,6058,2946146,2.95,no,,,,,
2022-05-05,"May 5, 2022",PlanningCommission,regular,agenda_packet,https://www.murray.utah.gov/Archive/ViewFile/Item/6056,2026-07-13,na,"not_retrieved (index-only; fetch source_url on demand — pdftotext for born-digital staff-report text, vision/OCR for map/plat exhibits)",,6056,89246,0.09,no,,,,,
2022-05-05,"May 5, 2022 Packet",PlanningCommission,regular,full_packet,https://www.murray.utah.gov/Archive/ViewFile/Item/6059,2026-07-13,na,"not_retrieved (index-only; fetch source_url on demand — pdftotext for born-digital staff-report text, vision/OCR for map/plat exhibits)",,6059,10792769,10.79,no,,,,,
2022-05-17,"May 17, 2022 Murray City Council Meeting Packet",Council,regular,full_packet,https://www.murray.utah.gov/Archive/ViewFile/Item/6078,2026-07-13,na,"not_retrieved (index-only; fetch source_url on demand — pdftotext for born-digital staff-report text, vision/OCR for map/plat exhibits)",,6078,5413266,5.41,no,,,,,
2022-05-19,"May 19, 2022",PlanningCommission,regular,agenda_packet,https://www.murray.utah.gov/Archive/ViewFile/Item/6079,2026-07-13,na,"not_retrieved (index-only; fetch source_url on demand — pdftotext for born-digital staff-report text, vision/OCR for map/plat exhibits)",,6079,89134,0.09,no,,,,,
2022-05-19,"May 19, 2022",PlanningCommission,regular,agenda_packet,https://www.murray.utah.gov/Archive/ViewFile/Item/6081,2026-07-13,na,"not_retrieved (index-only; fetch source_url on demand — pdftotext for born-digital staff-report text, vision/OCR for map/plat exhibits)",,6081,54627039,54.63,no,,,,,
2022-06-02,"June 2, 2022",PlanningCommission,regular,agenda_packet,https://www.murray.utah.gov/Archive/ViewFile/Item/6094,2026-07-13,na,"not_retrieved (index-only; fetch source_url on demand — pdftotext for born-digital staff-report text, vision/OCR for map/plat exhibits)",,6094,89140,0.09,no,,,,,
2022-06-02,"June 02, 2022 Packet",PlanningCommission,regular,full_packet,https://www.murray.utah.gov/Archive/ViewFile/Item/6096,2026-07-13,na,"not_retrieved (index-only; fetch source_url on demand — pdftotext for born-digital staff-report text, vision/OCR for map/plat exhibits)",,6096,75569917,75.57,no,,,,,
2022-06-07,"June 7, 2022 Murray City Council Meeting Packet",Council,regular,full_packet,https://www.murray.utah.gov/Archive/ViewFile/Item/6102,2026-07-13,na,"not_retrieved (index-only; fetch source_url on demand — pdftotext for born-digital staff-report text, vision/OCR for map/plat exhibits)",,6102,7415364,7.42,no,,,,,
2022-06-16,"June 16, 2022",PlanningCommission,regular,agenda_packet,https://www.murray.utah.gov/Archive/ViewFile/Item/6119,2026-07-13,na,"not_retrieved (index-only; fetch source_url on demand — pdftotext for born-digital staff-report text, vision/OCR for map/plat exhibits)",,6119,100863,0.1,no,,,,,
2022-06-16,"June 16, 2022 Packet",PlanningCommission,regular,full_packet,https://www.murray.utah.gov/Archive/ViewFile/Item/6120,2026-07-13,na,"not_retrieved (index-only; fetch source_url on demand — pdftotext for born-digital staff-report text, vision/OCR for map/plat exhibits)",,6120,15335893,15.34,no,,,,,
2022-06-21,"June 21, 2022 Murray City Council Meeting Packet",Council,regular,full_packet,https://www.murray.utah.gov/Archive/ViewFile/Item/6129,2026-07-13,na,"not_retrieved (index-only; fetch source_url on demand — pdftotext for born-digital staff-report text, vision/OCR for map/plat exhibits)",,6129,7237955,7.24,no,,,,,
2022-07-05,"July 5, 2022 Murray City Council Meeting Packet",Council,regular,full_packet,https://www.murray.utah.gov/Archive/ViewFile/Item/6146,2026-07-13,na,"not_retrieved (index-only; fetch source_url on demand — pdftotext for born-digital staff-report text, vision/OCR for map/plat exhibits)",,6146,5788131,5.79,no,,,,,
2022-07-07,"July 7, 2022",PlanningCommission,regular,agenda_packet,https://www.murray.utah.gov/Archive/ViewFile/Item/6143,2026-07-13,na,"not_retrieved (index-only; fetch source_url on demand — pdftotext for born-digital staff-report text, vision/OCR for map/plat exhibits)",,6143,91847,0.09,no,,,,,
2022-07-07,"July 7, 2022 Packet",PlanningCommission,regular,full_packet,https://www.murray.utah.gov/Archive/ViewFile/Item/6144,2026-07-13,na,"not_retrieved (index-only; fetch source_url on demand — pdftotext for born-digital staff-report text, vision/OCR for map/plat exhibits)",,6144,30655850,30.66,no,,,,,
2022-07-19,"July 19, 2022 Murray City Council Meeting Packet",Council,regular,full_packet,https://www.murray.utah.gov/Archive/ViewFile/Item/6162,2026-07-13,na,"not_retrieved (index-only; fetch source_url on demand — pdftotext for born-digital staff-report text, vision/OCR for map/plat exhibits)",,6162,1938412,1.94,no,,,,,
2022-07-21,"July 21, 2022",PlanningCommission,regular,agenda_packet,https://www.murray.utah.gov/Archive/ViewFile/Item/6165,2026-07-13,na,"not_retrieved (index-only; fetch source_url on demand — pdftotext for born-digital staff-report text, vision/OCR for map/plat exhibits)",,6165,92005,0.09,no,,,,,
2022-07-21,"July 21, 2022 Packet",PlanningCommission,regular,full_packet,https://www.murray.utah.gov/Archive/ViewFile/Item/6168,2026-07-13,na,"not_retrieved (index-only; fetch source_url on demand — pdftotext for born-digital staff-report text, vision/OCR for map/plat exhibits)",,6168,40559956,40.56,no,,,,,
2022-08-02,"August 2, 2022 Murray City Council Meeting Packet",Council,regular,full_packet,https://www.murray.utah.gov/Archive/ViewFile/Item/6180,2026-07-13,na,"not_retrieved (index-only; fetch source_url on demand — pdftotext for born-digital staff-report text, vision/OCR for map/plat exhibits)",,6180,5482530,5.48,no,,,,,
2022-08-04,"August 4, 2022",PlanningCommission,regular,agenda_packet,https://www.murray.utah.gov/Archive/ViewFile/Item/6181,2026-07-13,na,"not_retrieved (index-only; fetch source_url on demand — pdftotext for born-digital staff-report text, vision/OCR for map/plat exhibits)",,6181,89434,0.09,no,,,,,
2022-08-04,"August 4, 2022 Packet",PlanningCommission,regular,full_packet,https://www.murray.utah.gov/Archive/ViewFile/Item/6183,2026-07-13,na,"not_retrieved (index-only; fetch source_url on demand — pdftotext for born-digital staff-report text, vision/OCR for map/plat exhibits)",,6183,4203642,4.2,no,,,,,
2022-08-09,"August 9, 2022 Murray City Council Meeting Packet",Council,regular,full_packet,https://www.murray.utah.gov/Archive/ViewFile/Item/6189,2026-07-13,na,"not_retrieved (index-only; fetch source_url on demand — pdftotext for born-digital staff-report text, vision/OCR for map/plat exhibits)",,6189,835704,0.84,no,,,,,
2022-08-10,"August 10, 2022 MCCD Workshop Packet",MurrayCityCenterDistrict,workshop,full_packet,https://www.murray.utah.gov/Archive/ViewFile/Item/6193,2026-07-13,na,"not_retrieved (index-only; fetch source_url on demand — pdftotext for born-digital staff-report text, vision/OCR for map/plat exhibits)",,6193,2696587,2.7,no,,,,,
2022-08-23,"August 23, 2022 Murray City Council Meeting Packet",Council,regular,full_packet,https://www.murray.utah.gov/Archive/ViewFile/Item/6200,2026-07-13,na,"not_retrieved (index-only; fetch source_url on demand — pdftotext for born-digital staff-report text, vision/OCR for map/plat exhibits)",,6200,77714132,77.71,no,,,,,
2022-09-01,"September 01, 2022 Packet",PlanningCommission,regular,full_packet,https://www.murray.utah.gov/Archive/ViewFile/Item/6213,2026-07-13,na,"not_retrieved (index-only; fetch source_url on demand — pdftotext for born-digital staff-report text, vision/OCR for map/plat exhibits)",,6213,24928585,24.93,no,,,,,
2022-09-06,"September 6, 2022 Murray City Council Meeting Packet",Council,regular,full_packet,https://www.murray.utah.gov/Archive/ViewFile/Item/6216,2026-07-13,na,"not_retrieved (index-only; fetch source_url on demand — pdftotext for born-digital staff-report text, vision/OCR for map/plat exhibits)",,6216,43520888,43.52,no,,,,,
2022-09-15,"September 15, 2022",PlanningCommission,regular,agenda_packet,https://www.murray.utah.gov/Archive/ViewFile/Item/6221,2026-07-13,na,"not_retrieved (index-only; fetch source_url on demand — pdftotext for born-digital staff-report text, vision/OCR for map/plat exhibits)",,6221,88920,0.09,no,,,,,
2022-09-15,"September 15, 2022 Packet",PlanningCommission,regular,full_packet,https://www.murray.utah.gov/Archive/ViewFile/Item/6232,2026-07-13,na,"not_retrieved (index-only; fetch source_url on demand — pdftotext for born-digital staff-report text, vision/OCR for map/plat exhibits)",,6232,11538750,11.54,no,,,,,
2022-09-20,"September 20, 2022 Murray City Council Meeting Packet",Council,regular,full_packet,https://www.murray.utah.gov/Archive/ViewFile/Item/6242,2026-07-13,na,"not_retrieved (index-only; fetch source_url on demand — pdftotext for born-digital staff-report text, vision/OCR for map/plat exhibits)",,6242,65136618,65.14,no,,,,,
2022-10-04,"October 4, 2022 Murray City Council Meeting Packet",Council,regular,full_packet,https://www.murray.utah.gov/Archive/ViewFile/Item/6262,2026-07-13,na,"not_retrieved (index-only; fetch source_url on demand — pdftotext for born-digital staff-report text, vision/OCR for map/plat exhibits)",,6262,30728336,30.73,no,,,,,
2022-10-06,"October 6, 2022",PlanningCommission,regular,agenda_packet,https://www.murray.utah.gov/Archive/ViewFile/Item/6260,2026-07-13,na,"not_retrieved (index-only; fetch source_url on demand — pdftotext for born-digital staff-report text, vision/OCR for map/plat exhibits)",,6260,89615,0.09,no,,,,,
2022-10-06,"October 06, 2022 Packet",PlanningCommission,regular,full_packet,https://www.murray.utah.gov/Archive/ViewFile/Item/6263,2026-07-13,na,"not_retrieved (index-only; fetch source_url on demand — pdftotext for born-digital staff-report text, vision/OCR for map/plat exhibits)",,6263,36855822,36.86,no,,,,,
2022-10-18,"October 18, 2022 Murray City Council Meeting Packet",Council,regular,full_packet,https://www.murray.utah.gov/Archive/ViewFile/Item/6282,2026-07-13,na,"not_retrieved (index-only; fetch source_url on demand — pdftotext for born-digital staff-report text, vision/OCR for map/plat exhibits)",,6282,13170894,13.17,no,,,,,
2022-10-20,"October 20, 2022",PlanningCommission,regular,agenda_packet,https://www.murray.utah.gov/Archive/ViewFile/Item/6291,2026-07-13,na,"not_retrieved (index-only; fetch source_url on demand — pdftotext for born-digital staff-report text, vision/OCR for map/plat exhibits)",,6291,88907,0.09,no,,,,,
2022-10-20,"October 20, 2022 Packet",PlanningCommission,regular,full_packet,https://www.murray.utah.gov/Archive/ViewFile/Item/6292,2026-07-13,na,"not_retrieved (index-only; fetch source_url on demand — pdftotext for born-digital staff-report text, vision/OCR for map/plat exhibits)",,6292,11111104,11.11,no,,,,,
2022-11-01,"November 1, 2022 Murray City Council Meeting Packet",Council,regular,full_packet,https://www.murray.utah.gov/Archive/ViewFile/Item/6318,2026-07-13,na,"not_retrieved (index-only; fetch source_url on demand — pdftotext for born-digital staff-report text, vision/OCR for map/plat exhibits)",,6318,4957608,4.96,no,,,,,
2022-11-03,"November 3, 2022",PlanningCommission,regular,agenda_packet,https://www.murray.utah.gov/Archive/ViewFile/Item/6320,2026-07-13,na,"not_retrieved (index-only; fetch source_url on demand — pdftotext for born-digital staff-report text, vision/OCR for map/plat exhibits)",,6320,89452,0.09,no,,,,,
2022-11-03,"November 3, 2022 Packet",PlanningCommission,regular,full_packet,https://www.murray.utah.gov/Archive/ViewFile/Item/6321,2026-07-13,na,"not_retrieved (index-only; fetch source_url on demand — pdftotext for born-digital staff-report text, vision/OCR for map/plat exhibits)",,6321,7652787,7.65,no,,,,,
2022-11-15,"November 15, 2022 Murray City Council Meeting Packet",Council,regular,full_packet,https://www.murray.utah.gov/Archive/ViewFile/Item/6338,2026-07-13,na,"not_retrieved (index-only; fetch source_url on demand — pdftotext for born-digital staff-report text, vision/OCR for map/plat exhibits)",,6338,18576552,18.58,no,,,,,
2022-11-17,"November 17, 2022",PlanningCommission,regular,agenda_packet,https://www.murray.utah.gov/Archive/ViewFile/Item/6336,2026-07-13,na,"not_retrieved (index-only; fetch source_url on demand — pdftotext for born-digital staff-report text, vision/OCR for map/plat exhibits)",,6336,90015,0.09,no,,,,,
2022-11-17,"November 17, 2022 Packet",PlanningCommission,regular,full_packet,https://www.murray.utah.gov/Archive/ViewFile/Item/6342,2026-07-13,na,"not_retrieved (index-only; fetch source_url on demand — pdftotext for born-digital staff-report text, vision/OCR for map/plat exhibits)",,6342,21065456,21.07,no,,,,,
2022-12-01,"December 1, 2022 - canceled",PlanningCommission,canceled,agenda_packet,https://www.murray.utah.gov/Archive/ViewFile/Item/7361,2026-07-13,na,"not_retrieved (index-only; fetch source_url on demand — pdftotext for born-digital staff-report text, vision/OCR for map/plat exhibits)",,7361,84326,0.08,no,,,,,
2022-12-06,"December 6, 2022 Murray City Council Meeting Packet",Council,regular,full_packet,https://www.murray.utah.gov/Archive/ViewFile/Item/7365,2026-07-13,na,"not_retrieved (index-only; fetch source_url on demand — pdftotext for born-digital staff-report text, vision/OCR for map/plat exhibits)",,7365,23124311,23.12,no,,,,,
2022-12-12,"December 12, 2022 Special Murray City Council Meeting Packet",Council,special,full_packet,https://www.murray.utah.gov/Archive/ViewFile/Item/7378,2026-07-13,na,"not_retrieved (index-only; fetch source_url on demand — pdftotext for born-digital staff-report text, vision/OCR for map/plat exhibits)",,7378,19462775,19.46,no,,,,,
2022-12-15,"December 15 , 2022 - canceled",PlanningCommission,canceled,agenda_packet,https://www.murray.utah.gov/Archive/ViewFile/Item/7360,2026-07-13,na,"not_retrieved (index-only; fetch source_url on demand — pdftotext for born-digital staff-report text, vision/OCR for map/plat exhibits)",,7360,150482,0.15,no,,,,,
2022-12-15,"December 15, 2022 Packet - CANCELED",PlanningCommission,canceled,full_packet,https://www.murray.utah.gov/Archive/ViewFile/Item/7371,2026-07-13,na,"not_retrieved (index-only; fetch source_url on demand — pdftotext for born-digital staff-report text, vision/OCR for map/plat exhibits)",,7371,4868153,4.87,no,,,,,
2023-01-05,"January 5, 2023 - Packet",PlanningCommission,regular,full_packet,https://www.murray.utah.gov/Archive/ViewFile/Item/7386,2026-07-13,na,"not_retrieved (index-only; fetch source_url on demand — pdftotext for born-digital staff-report text, vision/OCR for map/plat exhibits)",,7386,21236467,21.24,no,,,,,
2023-01-10,"January 10, 2023 Murray City Council Meeting Packet",Council,regular,full_packet,https://www.murray.utah.gov/Archive/ViewFile/Item/7394,2026-07-13,na,pdftotext -layout,,7394,17116428,17.12,no,,ok,09288e3e7c42b81d6101a6055f6afde49b983bd55b0135ec918acbf6d574e67d,text/2023-01-10_Council_regular_7394.txt,148769
2023-01-17,"January 17, 2023 Murray City Council Meeting Packet",Council,regular,full_packet,https://www.murray.utah.gov/Archive/ViewFile/Item/7409,2026-07-13,na,pdftotext -layout,,7409,5026026,5.03,no,,ok,aa1b537c1082628692b0b8d20134d3aeb0945de8856276bf874639731018e2b0,text/2023-01-17_Council_regular_7409.txt,146387
2023-01-19,"January 19, 2023",PlanningCommission,regular,agenda_packet,https://www.murray.utah.gov/Archive/ViewFile/Item/7410,2026-07-13,na,"not_retrieved (index-only; fetch source_url on demand — pdftotext for born-digital staff-report text, vision/OCR for map/plat exhibits)",,7410,885586,0.89,no,,,,,
2023-01-19,"January 19, 2023 Packet",PlanningCommission,regular,full_packet,https://www.murray.utah.gov/Archive/ViewFile/Item/7411,2026-07-13,na,"not_retrieved (index-only; fetch source_url on demand — pdftotext for born-digital staff-report text, vision/OCR for map/plat exhibits)",,7411,51098037,51.1,no,,,,,
2023-02-02,"February 2, 2023",PlanningCommission,regular,agenda_packet,https://www.murray.utah.gov/Archive/ViewFile/Item/7424,2026-07-13,na,"not_retrieved (index-only; fetch source_url on demand — pdftotext for born-digital staff-report text, vision/OCR for map/plat exhibits)",,7424,126619,0.13,no,,,,,
2023-02-02,"February 2, 2023 - Packet",PlanningCommission,regular,full_packet,https://www.murray.utah.gov/Archive/ViewFile/Item/7426,2026-07-13,na,"not_retrieved (index-only; fetch source_url on demand — pdftotext for born-digital staff-report text, vision/OCR for map/plat exhibits)",,7426,4353981,4.35,no,,,,,
2023-02-07,"February 7, 2023 Murray City Council Meeting Packet",Council,regular,full_packet,https://www.murray.utah.gov/Archive/ViewFile/Item/7432,2026-07-13,na,pdftotext -layout,,7432,4236514,4.24,no,,ok,c78bceed9e0155067d1664d77bc6bb360c262dfd86ef18fcefca5caca08c3e07,text/2023-02-07_Council_regular_7432.txt,88066
2023-02-16,"February 16, 2023 - canceled",PlanningCommission,canceled,agenda_packet,https://www.murray.utah.gov/Archive/ViewFile/Item/7429,2026-07-13,na,"not_retrieved (index-only; fetch source_url on demand — pdftotext for born-digital staff-report text, vision/OCR for map/plat exhibits)",,7429,123547,0.12,no,,,,,
2023-02-21,"February 21, 2023 Murray City Council Meeting Packet",Council,regular,full_packet,https://www.murray.utah.gov/Archive/ViewFile/Item/7448,2026-07-13,na,pdftotext -layout,,7448,6499162,6.5,no,,ok,129df1a29e6177e40c4f199fa4986e0a89cc977746c305ac3026843badd643e2,text/2023-02-21_Council_regular_7448.txt,216922
2023-03-02,"March 2, 2023 - Agenda & Attachments",PlanningCommission,regular,agenda_packet,https://www.murray.utah.gov/Archive/ViewFile/Item/7456,2026-07-13,na,"not_retrieved (index-only; fetch source_url on demand — pdftotext for born-digital staff-report text, vision/OCR for map/plat exhibits)",,7456,126794,0.13,no,,,,,
2023-03-02,"March 2, 2023",PlanningCommission,regular,agenda_packet,https://www.murray.utah.gov/Archive/ViewFile/Item/7458,2026-07-13,na,"not_retrieved (index-only; fetch source_url on demand — pdftotext for born-digital staff-report text, vision/OCR for map/plat exhibits)",,7458,126794,0.13,no,,,,,
2023-03-07,"March 7, 2023 Murray City Council Meeting Packet",Council,regular,full_packet,https://www.murray.utah.gov/Archive/ViewFile/Item/7460,2026-07-13,na,pdftotext -layout,,7460,7229172,7.23,no,,ok,d2c50376429fbb813b376e785ae72be16328798c5fc811abac9ce6f8626986c3,text/2023-03-07_Council_regular_7460.txt,282255
2023-03-16,"March 16, 2023 - canceled",PlanningCommission,canceled,agenda_packet,https://www.murray.utah.gov/Archive/ViewFile/Item/7455,2026-07-13,na,"not_retrieved (index-only; fetch source_url on demand — pdftotext for born-digital staff-report text, vision/OCR for map/plat exhibits)",,7455,122901,0.12,no,,,,,
2023-03-21,"March 21, 2023 Murray City Council Meeting Packet",Council,regular,full_packet,https://www.murray.utah.gov/Archive/ViewFile/Item/7465,2026-07-13,na,pdftotext -layout,,7465,30216900,30.22,no,,ok,4e7cc2ae35796d3879fc73df64c7b9289f50045a6fc20a43b1b71bd72a806789,text/2023-03-21_Council_regular_7465.txt,170344
2023-04-04,"April 4, 2023 Murray City Council Meeting Packet",Council,regular,full_packet,https://www.murray.utah.gov/Archive/ViewFile/Item/7478,2026-07-13,na,pdftotext -layout,,7478,6883626,6.88,no,,ok,4779fce4d2c366f70ecaa5b537bc9ad05eea21385b611ac473110229f16877a9,text/2023-04-04_Council_regular_7478.txt,79993
2023-04-06,"April 6, 2023 Planning Commission Meeting and Agenda",PlanningCommission,regular,full_packet,https://www.murray.utah.gov/Archive/ViewFile/Item/7479,2026-07-13,na,"not_retrieved (index-only; fetch source_url on demand — pdftotext for born-digital staff-report text, vision/OCR for map/plat exhibits)",,7479,69967611,69.97,no,,,,,
2023-04-18,"April 18, 2023 Murray City Council Meeting Packet",Council,regular,full_packet,https://www.murray.utah.gov/Archive/ViewFile/Item/7489,2026-07-13,na,pdftotext -layout,,7489,3641077,3.64,no,,ok,5faf004607d0f7be0d21763f94104c3366b58e7190b71b5c5b3952dc211c0790,text/2023-04-18_Council_regular_7489.txt,136827
2023-05-02,"May 2, 2023 Murray City Council Meeting Packet",Council,regular,full_packet,https://www.murray.utah.gov/Archive/ViewFile/Item/7500,2026-07-13,na,pdftotext -layout,,7500,10626781,10.63,no,,ok,2cee30af74128b0a804dd03a18dbae48e0fa52be23f4101ea7b2bd1feb310f9d,text/2023-05-02_Council_regular_7500.txt,80620
2023-05-16,"May 16, 2023 Murray City Council Meeting Packet",Council,regular,full_packet,https://www.murray.utah.gov/Archive/ViewFile/Item/7505,2026-07-13,na,pdftotext -layout,,7505,22109047,22.11,no,,ok,8ccd7946a0e6a100328ce88d6a63837fc65a3c6758fb34e0b291df32bc06b4d1,text/2023-05-16_Council_regular_7505.txt,431296
2023-06-06,"June 6, 2023 Committee of the Whole Packet",Council,committee_of_the_whole,full_packet,https://www.murray.utah.gov/Archive/ViewFile/Item/7519,2026-07-13,na,pdftotext -layout,,7519,5845611,5.85,no,,ok,14fe5c52271845630016c9400455d4bd4d004f6d600fac7e17d90f4a2deafc44,text/2023-06-06_Council_committee_of_the_whole_7519.txt,115693
2023-06-06,"June 6, 2023 Council Meeting Packet",Council,regular,full_packet,https://www.murray.utah.gov/Archive/ViewFile/Item/7520,2026-07-13,na,pdftotext -layout,,7520,5799373,5.8,no,,ok,f0354f15788ddd83c7b85ce380821f25748c42a532f3415281c1f9933020e614,text/2023-06-06_Council_regular_7520.txt,124812
2023-06-27,"June 27, 2023 Committee of the Whole Packet",Council,committee_of_the_whole,full_packet,https://www.murray.utah.gov/Archive/ViewFile/Item/7534,2026-07-13,na,pdftotext -layout,,7534,2101232,2.1,no,,ok,446a8a940bf541a3b38b816ebf79637a17d1c5af64b8868c7356b7174da2f44f,text/2023-06-27_Council_committee_of_the_whole_7534.txt,51090
2023-06-27,"June 27, 2023 Council Meeting Packet",Council,regular,full_packet,https://www.murray.utah.gov/Archive/ViewFile/Item/7535,2026-07-13,na,pdftotext -layout,,7535,3772729,3.77,no,,ok,86d402a23ebc1bdb564cf86cf7faddaaced24c4c2818f84f5a6e22fdc4c0052e,text/2023-06-27_Council_regular_7535.txt,231438
2023-07-11,"July 11, 2023 Committee of the Whole Packet",Council,committee_of_the_whole,full_packet,https://www.murray.utah.gov/Archive/ViewFile/Item/7542,2026-07-13,na,pdftotext -layout,,7542,5615476,5.62,no,,ok,b3800d48f72face999bb0a14b783f2bb4adb9ac29b6df57b5dd1318594d96dbc,text/2023-07-11_Council_committee_of_the_whole_7542.txt,210332
2023-07-18,"July 18, 2023 Committee of the Whole Packet",Council,committee_of_the_whole,full_packet,https://www.murray.utah.gov/Archive/ViewFile/Item/7546,2026-07-13,na,pdftotext -layout,,7546,2355724,2.36,no,,ok,674dd266fc86a9e78bb4103fe529c4c8fc9c68954b7ac00a2b64f0c27c5c5de1,text/2023-07-18_Council_committee_of_the_whole_7546.txt,15276
2023-07-18,"July 18, 2023 Council Meeting Packet",Council,regular,full_packet,https://www.murray.utah.gov/Archive/ViewFile/Item/7547,2026-07-13,na,pdftotext -layout,,7547,7227247,7.23,no,,ok,69064eabe8713f0097d13d8204929d538523660420eb354584555eeab5c98e3c,text/2023-07-18_Council_regular_7547.txt,232976
2023-08-01,"August 1, 2023 Committee of the Whole Packet",Council,committee_of_the_whole,full_packet,https://www.murray.utah.gov/Archive/ViewFile/Item/7553,2026-07-13,na,pdftotext -layout,,7553,750407,0.75,no,,ok,7b405ef5d0dee40f6739f87229e9af641c08cc9a56fe74dcc387ca7315356e9d,text/2023-08-01_Council_committee_of_the_whole_7553.txt,26332
2023-08-01,"August 1, 2023 Council Meeting Packet",Council,regular,full_packet,https://www.murray.utah.gov/Archive/ViewFile/Item/7554,2026-07-13,na,pdftotext -layout,,7554,6212592,6.21,no,,ok,0fbf77d05d38f5d25946a7f1c81764f93a04e9f91ed3ab9656e6b273a1ca89b0,text/2023-08-01_Council_regular_7554.txt,59776
2023-08-08,"August 8, 2023 - Special City Council Meeting Packet - District #1",Council,special,full_packet,https://www.murray.utah.gov/Archive/ViewFile/Item/7559,2026-07-13,na,pdftotext -layout,,7559,2236162,2.24,no,,ok,9dc6158e2a328a3ac716c4f7d128c38be56c44a8a156f3206989f0fd584f65db,text/2023-08-08_Council_special_7559.txt,9004
2023-08-22,"August 22, 2023 Committee of the Whole Packet",Council,committee_of_the_whole,full_packet,https://www.murray.utah.gov/Archive/ViewFile/Item/7566,2026-07-13,na,pdftotext -layout,,7566,803967,0.8,no,,ok,d1c71f51a42f6fdae3abff9c26318c3c02300200469aa1fc2ee8a9589b79ccf6,text/2023-08-22_Council_committee_of_the_whole_7566.txt,34582
2023-08-22,"August 22, 2023 Council Meeting Packet",Council,regular,full_packet,https://www.murray.utah.gov/Archive/ViewFile/Item/7567,2026-07-13,na,pdftotext -layout,,7567,4697677,4.7,no,,ok,b27a2c5009448b78a26cc38030a9bcb6a434aebe40b3c47d86aa3bf7312fde63,text/2023-08-22_Council_regular_7567.txt,75574
2023-09-12,"September 12, 2023 - Committee of the Whole Packet",Council,committee_of_the_whole,full_packet,https://www.murray.utah.gov/Archive/ViewFile/Item/7580,2026-07-13,na,pdftotext -layout,,7580,7990275,7.99,no,,ok,2bbb58afa5648b5fcc301ed8f9b1a2bb08323bef397115dbd30e31630702fff4,text/2023-09-12_Council_committee_of_the_whole_7580.txt,177421
2023-09-12,"September 12, 2023 - Council Meeting Packet",Council,regular,full_packet,https://www.murray.utah.gov/Archive/ViewFile/Item/7581,2026-07-13,na,pdftotext -layout,,7581,9107294,9.11,no,,ok,57a66f850845c7aed41c906bb3e8deaf0075e655804f8e2d51d134e59a09c7cf,text/2023-09-12_Council_regular_7581.txt,169091
2023-09-19,"September 19, 2023 - Council Meeting Packet",Council,regular,full_packet,https://www.murray.utah.gov/Archive/ViewFile/Item/7602,2026-07-13,na,pdftotext -layout,,7602,4475248,4.48,no,,ok,8252a0d520861180eb7c7e833a50a4c78c33b4f5ded3ece6992e3f6263d061ba,text/2023-09-19_Council_regular_7602.txt,95812
2023-09-19,"September 19, 2023 Committee of the Whole Packet",Council,committee_of_the_whole,full_packet,https://www.murray.utah.gov/Archive/ViewFile/Item/7603,2026-07-13,na,pdftotext -layout,,7603,68512778,68.51,no,,ok,949370cd5c6607aee758f49278fe7e28fef0d4f423f2ee868e947e3a966d9a8e,text/2023-09-19_Council_committee_of_the_whole_7603.txt,496951
2023-10-03,"October 3, 2023 - Committee of the Whole Packet",Council,committee_of_the_whole,full_packet,https://www.murray.utah.gov/Archive/ViewFile/Item/7611,2026-07-13,na,pdftotext -layout,,7611,45405008,45.41,no,,ok,d72ac8e4e26ba57ebdc1b71712df8287eac695e9edb2d03a4566a0b79e0f0b48,text/2023-10-03_Council_committee_of_the_whole_7611.txt,570049
2023-10-03,"October 3, 2023 - Council Meeting Packet",Council,regular,full_packet,https://www.murray.utah.gov/Archive/ViewFile/Item/7612,2026-07-13,na,pdftotext -layout,,7612,37118705,37.12,no,,ok,26adbf50c7a41e47fc2aadf2422d10df8e61733bf740dd215aba12389d181948,text/2023-10-03_Council_regular_7612.txt,47177
2023-10-17,"October 17, 2023 - Committee of the Whole Packet",Council,committee_of_the_whole,full_packet,https://www.murray.utah.gov/Archive/ViewFile/Item/7633,2026-07-13,na,pdftotext -layout,,7633,94455095,94.46,no,,ok,d9f99b0d49358f14e8ce2872b5025a7214749ad27cd176b2bf5d92e99285cee5,text/2023-10-17_Council_committee_of_the_whole_7633.txt,631494
2023-10-17,"October 17, 2023 - Council Meeting Packet",Council,regular,full_packet,https://www.murray.utah.gov/Archive/ViewFile/Item/7634,2026-07-13,na,pdftotext -layout,,7634,94455095,94.46,no,,ok,d9f99b0d49358f14e8ce2872b5025a7214749ad27cd176b2bf5d92e99285cee5,text/2023-10-17_Council_regular_7634.txt,631494
2023-11-02,"CANCELLATION - November 2, 2023 Planning Commision Meeting",PlanningCommission,canceled,agenda_packet,https://www.murray.utah.gov/Archive/ViewFile/Item/7639,2026-07-13,na,"not_retrieved (index-only; fetch source_url on demand — pdftotext for born-digital staff-report text, vision/OCR for map/plat exhibits)",,7639,129380,0.13,no,,,,,
2023-11-14,"November 14, 2023 - Committee of the Whole packet",Council,committee_of_the_whole,full_packet,https://www.murray.utah.gov/Archive/ViewFile/Item/7646,2026-07-13,na,pdftotext -layout,,7646,8115701,8.12,no,,ok,1f1a3a6b410e3ddecd76771b95ea1c6ba12f42f0efa5b84ae270034c8add8d1d,text/2023-11-14_Council_committee_of_the_whole_7646.txt,266767
2023-11-14,"November 14, 2023 Council Meeting Packet",Council,regular,full_packet,https://www.murray.utah.gov/Archive/ViewFile/Item/7647,2026-07-13,na,pdftotext -layout,,7647,8080161,8.08,no,,ok,ae273a206b02b647901b9faec4dc97c55239177a4156a2feaeaa87e7038d2e89,text/2023-11-14_Council_regular_7647.txt,103782
2023-12-06,"December 6, 2023 Council Meeting Packet",Council,regular,full_packet,https://www.murray.utah.gov/Archive/ViewFile/Item/7659,2026-07-13,na,pdftotext -layout,,7659,50351069,50.35,no,,ok,4aaf3d6d17b584878220604b2e6f0acf8bc584c95b06ee8069bd676291f0fd15,text/2023-12-06_Council_regular_7659.txt,73222
2023-12-06,"UPDATED December 6, 2023 - Committee of the Whole Packet",Council,committee_of_the_whole,full_packet,https://www.murray.utah.gov/Archive/ViewFile/Item/7660,2026-07-13,na,pdftotext -layout,,7660,893493,0.89,no,,ok,f109d60a6085bdc31c8e051b4791cc6b5ed855af20c172af8bd79ef7dd910a67,text/2023-12-06_Council_committee_of_the_whole_7660.txt,58218
2024-01-02,"January 2, 2024 - Council Meeting Packet",Council,regular,full_packet,https://www.murray.utah.gov/Archive/ViewFile/Item/7676,2026-07-13,na,"not_retrieved (index-only; fetch source_url on demand — pdftotext for born-digital staff-report text, vision/OCR for map/plat exhibits)",,7676,8862504,8.86,no,,,,,
2024-01-02,"Janauary 2, 2024 - Committee of the Whole Packet",Council,committee_of_the_whole,full_packet,https://www.murray.utah.gov/Archive/ViewFile/Item/7677,2026-07-13,na,"not_retrieved (index-only; fetch source_url on demand — pdftotext for born-digital staff-report text, vision/OCR for map/plat exhibits)",,7677,2883140,2.88,no,,,,,
2024-01-16,"January 16, 2024 - Committee of the Whole packet",Council,committee_of_the_whole,full_packet,https://www.murray.utah.gov/Archive/ViewFile/Item/7688,2026-07-13,na,"not_retrieved (index-only; fetch source_url on demand — pdftotext for born-digital staff-report text, vision/OCR for map/plat exhibits)",,7688,1374368,1.37,no,,,,,
2024-01-16,"January 16, 2024 - Council Meeting packet",Council,regular,full_packet,https://www.murray.utah.gov/Archive/ViewFile/Item/7689,2026-07-13,na,"not_retrieved (index-only; fetch source_url on demand — pdftotext for born-digital staff-report text, vision/OCR for map/plat exhibits)",,7689,5062480,5.06,no,,,,,
2024-02-06,"February 6, 2024 - Committee of the Whole Packet",Council,committee_of_the_whole,full_packet,https://www.murray.utah.gov/Archive/ViewFile/Item/7696,2026-07-13,na,"not_retrieved (index-only; fetch source_url on demand — pdftotext for born-digital staff-report text, vision/OCR for map/plat exhibits)",,7696,15657919,15.66,no,,,,,
2024-02-06,"February 6, 2024 - Council Meeting Packet",Council,regular,full_packet,https://www.murray.utah.gov/Archive/ViewFile/Item/7697,2026-07-13,na,"not_retrieved (index-only; fetch source_url on demand — pdftotext for born-digital staff-report text, vision/OCR for map/plat exhibits)",,7697,2554996,2.55,no,,,,,
2024-02-20,"February 20, 2024 - Committee of the Whole Packet",Council,committee_of_the_whole,full_packet,https://www.murray.utah.gov/Archive/ViewFile/Item/7705,2026-07-13,na,"not_retrieved (index-only; fetch source_url on demand — pdftotext for born-digital staff-report text, vision/OCR for map/plat exhibits)",,7705,793259,0.79,no,,,,,
2024-02-20,"February 20, 2024 - Council Meeting Packet",Council,regular,full_packet,https://www.murray.utah.gov/Archive/ViewFile/Item/7706,2026-07-13,na,"not_retrieved (index-only; fetch source_url on demand — pdftotext for born-digital staff-report text, vision/OCR for map/plat exhibits)",,7706,29235284,29.24,no,,,,,
2024-03-05,"March 5, 2024 - Committee of the Whole Packet",Council,committee_of_the_whole,full_packet,https://www.murray.utah.gov/Archive/ViewFile/Item/7715,2026-07-13,na,"not_retrieved (index-only; fetch source_url on demand — pdftotext for born-digital staff-report text, vision/OCR for map/plat exhibits)",,7715,10324871,10.32,no,,,,,
2024-03-05,"March 5, 2024 - Council Meeting Packet",Council,regular,full_packet,https://www.murray.utah.gov/Archive/ViewFile/Item/7716,2026-07-13,na,"not_retrieved (index-only; fetch source_url on demand — pdftotext for born-digital staff-report text, vision/OCR for map/plat exhibits)",,7716,1603038,1.6,no,,,,,
2024-03-07,"March 7, 2024 Packet",PlanningCommission,regular,full_packet,https://www.murray.utah.gov/Archive/ViewFile/Item/7723,2026-07-13,na,"not_retrieved (index-only; fetch source_url on demand — pdftotext for born-digital staff-report text, vision/OCR for map/plat exhibits)",,7723,229088127,229.09,no,,,,,
2024-03-19,"March 19, 2024 - Committee of the Whole Packet",Council,committee_of_the_whole,full_packet,https://www.murray.utah.gov/Archive/ViewFile/Item/7727,2026-07-13,na,"not_retrieved (index-only; fetch source_url on demand — pdftotext for born-digital staff-report text, vision/OCR for map/plat exhibits)",,7727,1812618,1.81,no,,,,,
2024-03-19,"March 19, 2024 - Council Meeting Packet",Council,regular,full_packet,https://www.murray.utah.gov/Archive/ViewFile/Item/7728,2026-07-13,na,"not_retrieved (index-only; fetch source_url on demand — pdftotext for born-digital staff-report text, vision/OCR for map/plat exhibits)",,7728,22275213,22.28,no,,,,,
2024-04-02,"April 2, 2024 - Council Meeting Packet",Council,regular,full_packet,https://www.murray.utah.gov/Archive/ViewFile/Item/7737,2026-07-13,na,"not_retrieved (index-only; fetch source_url on demand — pdftotext for born-digital staff-report text, vision/OCR for map/plat exhibits)",,7737,770097,0.77,no,,,,,
2024-04-02,"April 2, 2024 - Committee of Whole meeting packet",Council,committee_of_the_whole,full_packet,https://www.murray.utah.gov/Archive/ViewFile/Item/7738,2026-07-13,na,"not_retrieved (index-only; fetch source_url on demand — pdftotext for born-digital staff-report text, vision/OCR for map/plat exhibits)",,7738,584504,0.58,no,,,,,
2024-04-16,"April 16, 2024 Committee of the Whole Packet",Council,committee_of_the_whole,full_packet,https://www.murray.utah.gov/Archive/ViewFile/Item/7748,2026-07-13,na,"not_retrieved (index-only; fetch source_url on demand — pdftotext for born-digital staff-report text, vision/OCR for map/plat exhibits)",,7748,18286934,18.29,no,,,,,
2024-04-16,"April 16, 2024 Council Meeting Packet",Council,regular,full_packet,https://www.murray.utah.gov/Archive/ViewFile/Item/7749,2026-07-13,na,"not_retrieved (index-only; fetch source_url on demand — pdftotext for born-digital staff-report text, vision/OCR for map/plat exhibits)",,7749,4093636,4.09,no,,,,,
2024-05-07,"May 7, 2024 Committee of the Whole Packet",Council,committee_of_the_whole,full_packet,https://www.murray.utah.gov/Archive/ViewFile/Item/7758,2026-07-13,na,"not_retrieved (index-only; fetch source_url on demand — pdftotext for born-digital staff-report text, vision/OCR for map/plat exhibits)",,7758,965754,0.97,no,,,,,
2024-05-07,"May 7, 2024 Council Meeting Packet",Council,regular,full_packet,https://www.murray.utah.gov/Archive/ViewFile/Item/7759,2026-07-13,na,"not_retrieved (index-only; fetch source_url on demand — pdftotext for born-digital staff-report text, vision/OCR for map/plat exhibits)",,7759,17171392,17.17,no,,,,,
2024-05-21,"May 21, 2024 Committee of the Whole Packet",Council,committee_of_the_whole,full_packet,https://www.murray.utah.gov/Archive/ViewFile/Item/7768,2026-07-13,na,"not_retrieved (index-only; fetch source_url on demand — pdftotext for born-digital staff-report text, vision/OCR for map/plat exhibits)",,7768,13811764,13.81,no,,,,,
2024-05-21,"May 21, 2024 Council Meeting Packet",Council,regular,full_packet,https://www.murray.utah.gov/Archive/ViewFile/Item/7770,2026-07-13,na,"not_retrieved (index-only; fetch source_url on demand — pdftotext for born-digital staff-report text, vision/OCR for map/plat exhibits)",,7770,3369653,3.37,no,,,,,
2024-06-04,"June 4, 2024 Committee of the Whole Packet",Council,committee_of_the_whole,full_packet,https://www.murray.utah.gov/Archive/ViewFile/Item/7783,2026-07-13,na,"not_retrieved (index-only; fetch source_url on demand — pdftotext for born-digital staff-report text, vision/OCR for map/plat exhibits)",,7783,7654158,7.65,no,,,,,
2024-06-04,"June 4, 2024 Council Meeting Packet",Council,regular,full_packet,https://www.murray.utah.gov/Archive/ViewFile/Item/7784,2026-07-13,na,"not_retrieved (index-only; fetch source_url on demand — pdftotext for born-digital staff-report text, vision/OCR for map/plat exhibits)",,7784,19707172,19.71,no,,,,,
2024-06-18,"June 18, 2024 Committee of the Whole Packet",Council,committee_of_the_whole,full_packet,https://www.murray.utah.gov/Archive/ViewFile/Item/7792,2026-07-13,na,"not_retrieved (index-only; fetch source_url on demand — pdftotext for born-digital staff-report text, vision/OCR for map/plat exhibits)",,7792,67733888,67.73,no,,,,,
2024-06-18,"June 18, 2024 Council Meeting Packet",Council,regular,full_packet,https://www.murray.utah.gov/Archive/ViewFile/Item/7793,2026-07-13,na,"not_retrieved (index-only; fetch source_url on demand — pdftotext for born-digital staff-report text, vision/OCR for map/plat exhibits)",,7793,10649468,10.65,no,,,,,
2024-07-09,"July 9, 2024 - Committee of the Whole Packet",Council,committee_of_the_whole,full_packet,https://www.murray.utah.gov/Archive/ViewFile/Item/7807,2026-07-13,na,"not_retrieved (index-only; fetch source_url on demand — pdftotext for born-digital staff-report text, vision/OCR for map/plat exhibits)",,7807,70060952,70.06,no,,,,,
2024-07-09,"July 9, 2024 - Council Meeting Packet",Council,regular,full_packet,https://www.murray.utah.gov/Archive/ViewFile/Item/7808,2026-07-13,na,"not_retrieved (index-only; fetch source_url on demand — pdftotext for born-digital staff-report text, vision/OCR for map/plat exhibits)",,7808,7243722,7.24,no,,,,,
2024-07-16,"July 16, 2024 Council Meeting Packet",Council,regular,full_packet,https://www.murray.utah.gov/Archive/ViewFile/Item/7817,2026-07-13,na,"not_retrieved (index-only; fetch source_url on demand — pdftotext for born-digital staff-report text, vision/OCR for map/plat exhibits)",,7817,65309040,65.31,no,,,,,
2024-07-16,"July 16, 2024 Committee of the Whole Packet",Council,committee_of_the_whole,full_packet,https://www.murray.utah.gov/Archive/ViewFile/Item/7818,2026-07-13,na,"not_retrieved (index-only; fetch source_url on demand — pdftotext for born-digital staff-report text, vision/OCR for map/plat exhibits)",,7818,2846920,2.85,no,,,,,
2024-07-23,"July 23, 2024 Council Meeting Packet",Council,regular,full_packet,https://www.murray.utah.gov/Archive/ViewFile/Item/7823,2026-07-13,na,"not_retrieved (index-only; fetch source_url on demand — pdftotext for born-digital staff-report text, vision/OCR for map/plat exhibits)",,7823,108169318,108.17,no,,,,,
2024-08-01,08.01.24 Planning Commission Packet,PlanningCommission,regular,full_packet,https://www.murray.utah.gov/Archive/ViewFile/Item/7828,2026-07-13,na,"not_retrieved (index-only; fetch source_url on demand — pdftotext for born-digital staff-report text, vision/OCR for map/plat exhibits)",,7828,76153802,76.15,no,,,,,
2024-08-06,"August 6, 2024 - Committee of the Whole Packet",Council,committee_of_the_whole,full_packet,https://www.murray.utah.gov/Archive/ViewFile/Item/7834,2026-07-13,na,"not_retrieved (index-only; fetch source_url on demand — pdftotext for born-digital staff-report text, vision/OCR for map/plat exhibits)",,7834,15367106,15.37,no,,,,,
2024-08-06,"August 6, 2024 Council Meeting Packet",Council,regular,full_packet,https://www.murray.utah.gov/Archive/ViewFile/Item/7835,2026-07-13,na,"not_retrieved (index-only; fetch source_url on demand — pdftotext for born-digital staff-report text, vision/OCR for map/plat exhibits)",,7835,16221115,16.22,no,,,,,
2024-08-13,"August 13, 2024 - Committee of the Whole Packet",Council,committee_of_the_whole,full_packet,https://www.murray.utah.gov/Archive/ViewFile/Item/7841,2026-07-13,na,"not_retrieved (index-only; fetch source_url on demand — pdftotext for born-digital staff-report text, vision/OCR for map/plat exhibits)",,7841,13993107,13.99,no,,,,,
2024-08-13,"August 13, 2024 - Council Meeting Packet",Council,regular,full_packet,https://www.murray.utah.gov/Archive/ViewFile/Item/7842,2026-07-13,na,"not_retrieved (index-only; fetch source_url on demand — pdftotext for born-digital staff-report text, vision/OCR for map/plat exhibits)",,7842,4169397,4.17,no,,,,,
2024-08-15,08.15.24 Planning Commission Packet,PlanningCommission,regular,full_packet,https://www.murray.utah.gov/Archive/ViewFile/Item/7888,2026-07-13,na,"not_retrieved (index-only; fetch source_url on demand — pdftotext for born-digital staff-report text, vision/OCR for map/plat exhibits)",,7888,2832002,2.83,no,,,,,
2024-09-05,09.05.24 Planning Commission Packet,PlanningCommission,regular,full_packet,https://www.murray.utah.gov/Archive/ViewFile/Item/7889,2026-07-13,na,"not_retrieved (index-only; fetch source_url on demand — pdftotext for born-digital staff-report text, vision/OCR for map/plat exhibits)",,7889,59462055,59.46,no,,,,,
2024-09-10,"September 10, 2024 - Committee of the Whole Packet",Council,committee_of_the_whole,full_packet,https://www.murray.utah.gov/Archive/ViewFile/Item/7854,2026-07-13,na,"not_retrieved (index-only; fetch source_url on demand — pdftotext for born-digital staff-report text, vision/OCR for map/plat exhibits)",,7854,1932795,1.93,no,,,,,
2024-09-10,"September 10, 2024 - Council Meeting Packet",Council,regular,full_packet,https://www.murray.utah.gov/Archive/ViewFile/Item/7855,2026-07-13,na,"not_retrieved (index-only; fetch source_url on demand — pdftotext for born-digital staff-report text, vision/OCR for map/plat exhibits)",,7855,16455250,16.46,no,,,,,
2024-09-17,"September 17, 2024 Council Meeting Packet",Council,regular,full_packet,https://www.murray.utah.gov/Archive/ViewFile/Item/7866,2026-07-13,na,"not_retrieved (index-only; fetch source_url on demand — pdftotext for born-digital staff-report text, vision/OCR for map/plat exhibits)",,7866,1465850,1.47,no,,,,,
2024-09-17,"September 17, 2024 Committee of the Whole Packet",Council,committee_of_the_whole,full_packet,https://www.murray.utah.gov/Archive/ViewFile/Item/7867,2026-07-13,na,"not_retrieved (index-only; fetch source_url on demand — pdftotext for born-digital staff-report text, vision/OCR for map/plat exhibits)",,7867,2465844,2.47,no,,,,,
2024-09-19,09.19.24 Planning Commission Packet,PlanningCommission,regular,full_packet,https://www.murray.utah.gov/Archive/ViewFile/Item/7890,2026-07-13,na,"not_retrieved (index-only; fetch source_url on demand — pdftotext for born-digital staff-report text, vision/OCR for map/plat exhibits)",,7890,8703954,8.7,no,,,,,
2024-10-01,"October 1, 2024 Committee of the Whole Packet",Council,committee_of_the_whole,full_packet,https://www.murray.utah.gov/Archive/ViewFile/Item/7876,2026-07-13,na,"not_retrieved (index-only; fetch source_url on demand — pdftotext for born-digital staff-report text, vision/OCR for map/plat exhibits)",,7876,22361216,22.36,no,,,,,
2024-10-01,"October 1, 2024 Council Meeting Packet",Council,regular,full_packet,https://www.murray.utah.gov/Archive/ViewFile/Item/7877,2026-07-13,na,"not_retrieved (index-only; fetch source_url on demand — pdftotext for born-digital staff-report text, vision/OCR for map/plat exhibits)",,7877,763314,0.76,no,,,,,
2024-10-03,10.03.24 Planning Commission Packet,PlanningCommission,regular,full_packet,https://www.murray.utah.gov/Archive/ViewFile/Item/7891,2026-07-13,na,"not_retrieved (index-only; fetch source_url on demand — pdftotext for born-digital staff-report text, vision/OCR for map/plat exhibits)",,7891,16294261,16.29,no,,,,,
2024-10-15,"October 15, 2024 Council Meeting Packet",Council,regular,full_packet,https://www.murray.utah.gov/Archive/ViewFile/Item/7895,2026-07-13,na,"not_retrieved (index-only; fetch source_url on demand — pdftotext for born-digital staff-report text, vision/OCR for map/plat exhibits)",,7895,15179351,15.18,no,,,,,
2024-10-15,"October 15, 2024 Committee of the Whole Packet",Council,committee_of_the_whole,full_packet,https://www.murray.utah.gov/Archive/ViewFile/Item/7896,2026-07-13,na,"not_retrieved (index-only; fetch source_url on demand — pdftotext for born-digital staff-report text, vision/OCR for map/plat exhibits)",,7896,20599232,20.6,no,,,,,
2024-10-17,10.17.24 Planning Commission Packet,PlanningCommission,regular,full_packet,https://www.murray.utah.gov/Archive/ViewFile/Item/7892,2026-07-13,na,"not_retrieved (index-only; fetch source_url on demand — pdftotext for born-digital staff-report text, vision/OCR for map/plat exhibits)",,7892,16103540,16.1,no,,,,,
2024-11-07,11.07.24 Planning Commission Packet,PlanningCommission,regular,full_packet,https://www.murray.utah.gov/Archive/ViewFile/Item/7904,2026-07-13,na,"not_retrieved (index-only; fetch source_url on demand — pdftotext for born-digital staff-report text, vision/OCR for map/plat exhibits)",,7904,5164234,5.16,no,,,,,
2024-11-12,"November 12, 2024 Committee of the Whole Packet",Council,committee_of_the_whole,full_packet,https://www.murray.utah.gov/Archive/ViewFile/Item/7908,2026-07-13,na,"not_retrieved (index-only; fetch source_url on demand — pdftotext for born-digital staff-report text, vision/OCR for map/plat exhibits)",,7908,14814579,14.81,no,,,,,
2024-11-12,"November 12, 2024 Council Meeting Packet",Council,regular,full_packet,https://www.murray.utah.gov/Archive/ViewFile/Item/7909,2026-07-13,na,"not_retrieved (index-only; fetch source_url on demand — pdftotext for born-digital staff-report text, vision/OCR for map/plat exhibits)",,7909,9566395,9.57,no,,,,,
2024-11-19,"November 19, 2024 Committee of the Whole Packet",Council,committee_of_the_whole,full_packet,https://www.murray.utah.gov/Archive/ViewFile/Item/7918,2026-07-13,na,"not_retrieved (index-only; fetch source_url on demand — pdftotext for born-digital staff-report text, vision/OCR for map/plat exhibits)",,7918,9013011,9.01,no,,,,,
2024-11-19,"November 19, 2024 Council Meeting Packet",Council,regular,full_packet,https://www.murray.utah.gov/Archive/ViewFile/Item/7919,2026-07-13,na,"not_retrieved (index-only; fetch source_url on demand — pdftotext for born-digital staff-report text, vision/OCR for map/plat exhibits)",,7919,16042295,16.04,no,,,,,
2024-11-21,"November 21, 2024 Agenda & Packet",PlanningCommission,regular,full_packet,https://www.murray.utah.gov/Archive/ViewFile/Item/7922,2026-07-13,na,"not_retrieved (index-only; fetch source_url on demand — pdftotext for born-digital staff-report text, vision/OCR for map/plat exhibits)",,7922,26113726,26.11,no,,,,,
2024-12-03,"December 3, 2024 Council Meeting Packet",Council,regular,full_packet,https://www.murray.utah.gov/Archive/ViewFile/Item/7934,2026-07-13,na,"not_retrieved (index-only; fetch source_url on demand — pdftotext for born-digital staff-report text, vision/OCR for map/plat exhibits)",,7934,18555896,18.56,no,,,,,
2024-12-03,"December 3, 2024 Committee of the Whole Packet",Council,committee_of_the_whole,full_packet,https://www.murray.utah.gov/Archive/ViewFile/Item/7935,2026-07-13,na,"not_retrieved (index-only; fetch source_url on demand — pdftotext for born-digital staff-report text, vision/OCR for map/plat exhibits)",,7935,29395162,29.4,no,,,,,
2024-12-05,"December 5, 2024 Agenda & Packet",PlanningCommission,regular,full_packet,https://www.murray.utah.gov/Archive/ViewFile/Item/7936,2026-07-13,na,"not_retrieved (index-only; fetch source_url on demand — pdftotext for born-digital staff-report text, vision/OCR for map/plat exhibits)",,7936,91611651,91.61,no,,,,,
2024-12-19,"December 19, 2024 Agenda & Packet",PlanningCommission,regular,full_packet,https://www.murray.utah.gov/Archive/ViewFile/Item/7941,2026-07-13,na,"not_retrieved (index-only; fetch source_url on demand — pdftotext for born-digital staff-report text, vision/OCR for map/plat exhibits)",,7941,10379204,10.38,no,,,,,
2025-01-02,"January 2, 2025 Agenda and Packet",PlanningCommission,regular,full_packet,https://www.murray.utah.gov/Archive/ViewFile/Item/7944,2026-07-13,na,"not_retrieved (index-only; fetch source_url on demand — pdftotext for born-digital staff-report text, vision/OCR for map/plat exhibits)",,7944,23780498,23.78,no,,,,,
2025-01-07,"January 7, 2025 Committee of the Whole Packet",Council,committee_of_the_whole,full_packet,https://www.murray.utah.gov/Archive/ViewFile/Item/7950,2026-07-13,na,"not_retrieved (index-only; fetch source_url on demand — pdftotext for born-digital staff-report text, vision/OCR for map/plat exhibits)",,7950,3222836,3.22,no,,,,,
2025-01-07,"January 7, 2025 Council Meeting Packet",Council,regular,full_packet,https://www.murray.utah.gov/Archive/ViewFile/Item/7951,2026-07-13,na,"not_retrieved (index-only; fetch source_url on demand — pdftotext for born-digital staff-report text, vision/OCR for map/plat exhibits)",,7951,2750260,2.75,no,,,,,
2025-01-16,"January 16, 2025 Agenda & Packet",PlanningCommission,regular,full_packet,https://www.murray.utah.gov/DocumentCenter/View/16212,2026-07-13,na,"not_retrieved (index-only; fetch source_url on demand — pdftotext for born-digital staff-report text, vision/OCR for map/plat exhibits)",,,47338978,47.34,no,,,,,
2025-01-21,"January 21, 2025 Committee of the Whole Packet",Council,committee_of_the_whole,full_packet,https://www.murray.utah.gov/Archive/ViewFile/Item/7963,2026-07-13,na,"not_retrieved (index-only; fetch source_url on demand — pdftotext for born-digital staff-report text, vision/OCR for map/plat exhibits)",,7963,17462978,17.46,no,,,,,
2025-01-21,"January 21, 2025 Special Council Meeting Packet",Council,special,full_packet,https://www.murray.utah.gov/Archive/ViewFile/Item/7964,2026-07-13,na,"not_retrieved (index-only; fetch source_url on demand — pdftotext for born-digital staff-report text, vision/OCR for map/plat exhibits)",,7964,6071340,6.07,no,,,,,
2025-01-21,"January 21, 2025 Council Meeting Packet",Council,regular,full_packet,https://www.murray.utah.gov/Archive/ViewFile/Item/7965,2026-07-13,na,"not_retrieved (index-only; fetch source_url on demand — pdftotext for born-digital staff-report text, vision/OCR for map/plat exhibits)",,7965,1127559,1.13,no,,,,,
2025-02-04,"February 4, 2025 Council Meeting Packet",Council,regular,full_packet,https://www.murray.utah.gov/Archive/ViewFile/Item/7973,2026-07-13,na,"not_retrieved (index-only; fetch source_url on demand — pdftotext for born-digital staff-report text, vision/OCR for map/plat exhibits)",,7973,4953493,4.95,no,,,,,
2025-02-04,"February 4, 2025 Committee of the Whole Packet",Council,committee_of_the_whole,full_packet,https://www.murray.utah.gov/Archive/ViewFile/Item/7974,2026-07-13,na,"not_retrieved (index-only; fetch source_url on demand — pdftotext for born-digital staff-report text, vision/OCR for map/plat exhibits)",,7974,13818497,13.82,no,,,,,
2025-02-18,"February 18, 2025 Committee of the Whole Meeting Packet",Council,committee_of_the_whole,full_packet,https://www.murray.utah.gov/Archive/ViewFile/Item/7981,2026-07-13,na,"not_retrieved (index-only; fetch source_url on demand — pdftotext for born-digital staff-report text, vision/OCR for map/plat exhibits)",,7981,72397860,72.4,no,,,,,
2025-02-18,"February 18, 2025 - Council Meeting Packet",Council,regular,full_packet,https://www.murray.utah.gov/Archive/ViewFile/Item/7982,2026-07-13,na,"not_retrieved (index-only; fetch source_url on demand — pdftotext for born-digital staff-report text, vision/OCR for map/plat exhibits)",,7982,17100297,17.1,no,,,,,
2025-02-20,"February 20, 2025 Agenda & Packet",PlanningCommission,regular,full_packet,https://www.murray.utah.gov/DocumentCenter/View/16362,2026-07-13,na,"not_retrieved (index-only; fetch source_url on demand — pdftotext for born-digital staff-report text, vision/OCR for map/plat exhibits)",,,19914359,19.91,no,,,,,
2025-03-04,"March 4, 2025 Committee of the Whole Packet",Council,committee_of_the_whole,full_packet,https://www.murray.utah.gov/Archive/ViewFile/Item/7999,2026-07-13,na,"not_retrieved (index-only; fetch source_url on demand — pdftotext for born-digital staff-report text, vision/OCR for map/plat exhibits)",,7999,49001250,49.0,no,,,,,
2025-03-04,"March 4, 2025 Council Meeting Packet",Council,regular,full_packet,https://www.murray.utah.gov/Archive/ViewFile/Item/8000,2026-07-13,na,"not_retrieved (index-only; fetch source_url on demand — pdftotext for born-digital staff-report text, vision/OCR for map/plat exhibits)",,8000,73564491,73.56,no,,,,,
2025-03-06,"March 6, 2025 Agenda & Packet",PlanningCommission,regular,full_packet,https://www.murray.utah.gov/DocumentCenter/View/16405,2026-07-13,na,"not_retrieved (index-only; fetch source_url on demand — pdftotext for born-digital staff-report text, vision/OCR for map/plat exhibits)",,,6336065,6.34,no,,,,,
2025-03-18,"March 18, 2025 Council Meeting Packet",Council,regular,full_packet,https://www.murray.utah.gov/Archive/ViewFile/Item/8010,2026-07-13,na,"not_retrieved (index-only; fetch source_url on demand — pdftotext for born-digital staff-report text, vision/OCR for map/plat exhibits)",,8010,19166838,19.17,no,,,,,
2025-03-18,"March 18, 2025 Committee of the Whole Packet",Council,committee_of_the_whole,full_packet,https://www.murray.utah.gov/Archive/ViewFile/Item/8011,2026-07-13,na,"not_retrieved (index-only; fetch source_url on demand — pdftotext for born-digital staff-report text, vision/OCR for map/plat exhibits)",,8011,16993711,16.99,no,,,,,
2025-03-20,"March 20, 2025 Agenda & Packet",PlanningCommission,regular,full_packet,https://www.murray.utah.gov/DocumentCenter/View/16454,2026-07-13,na,"not_retrieved (index-only; fetch source_url on demand — pdftotext for born-digital staff-report text, vision/OCR for map/plat exhibits)",,,24793037,24.79,no,,,,,
2025-04-01,"April 1, 2025 Committee of the Whole Packet",Council,committee_of_the_whole,full_packet,https://www.murray.utah.gov/Archive/ViewFile/Item/8019,2026-07-13,na,"not_retrieved (index-only; fetch source_url on demand — pdftotext for born-digital staff-report text, vision/OCR for map/plat exhibits)",,8019,4305210,4.31,no,,,,,
2025-04-01,"April 1, 2025 Council Meeting Packet",Council,regular,full_packet,https://www.murray.utah.gov/Archive/ViewFile/Item/8022,2026-07-13,na,"not_retrieved (index-only; fetch source_url on demand — pdftotext for born-digital staff-report text, vision/OCR for map/plat exhibits)",,8022,35307812,35.31,no,,,,,
2025-04-15,"April 15, 2025 Committee of the Whole Packet",Council,committee_of_the_whole,full_packet,https://www.murray.utah.gov/Archive/ViewFile/Item/8033,2026-07-13,na,"not_retrieved (index-only; fetch source_url on demand — pdftotext for born-digital staff-report text, vision/OCR for map/plat exhibits)",,8033,12272225,12.27,no,,,,,
2025-04-15,"April 15, 2025 Council Meeting Packet",Council,regular,full_packet,https://www.murray.utah.gov/Archive/ViewFile/Item/8034,2026-07-13,na,"not_retrieved (index-only; fetch source_url on demand — pdftotext for born-digital staff-report text, vision/OCR for map/plat exhibits)",,8034,12465240,12.47,no,,,,,
2025-04-17,"April 17, 2025 Agenda & Packet",PlanningCommission,regular,full_packet,https://www.murray.utah.gov/DocumentCenter/View/16593,2026-07-13,na,"not_retrieved (index-only; fetch source_url on demand — pdftotext for born-digital staff-report text, vision/OCR for map/plat exhibits)",,,111300909,111.3,no,,,,,
2025-05-01,"May 1st, 2025 Agenda & Packet",PlanningCommission,regular,full_packet,https://www.murray.utah.gov/DocumentCenter/View/16657,2026-07-13,na,"not_retrieved (index-only; fetch source_url on demand — pdftotext for born-digital staff-report text, vision/OCR for map/plat exhibits)",,,90279098,90.28,no,,,,,
2025-05-06,"May 6, 2025 Council Meeting Packet",Council,regular,full_packet,https://www.murray.utah.gov/Archive/ViewFile/Item/8045,2026-07-13,na,"not_retrieved (index-only; fetch source_url on demand — pdftotext for born-digital staff-report text, vision/OCR for map/plat exhibits)",,8045,11900487,11.9,no,,,,,
2025-05-13,"May 13, 2025 Committee of the Whole Packet",Council,committee_of_the_whole,full_packet,https://www.murray.utah.gov/Archive/ViewFile/Item/8050,2026-07-13,na,"not_retrieved (index-only; fetch source_url on demand — pdftotext for born-digital staff-report text, vision/OCR for map/plat exhibits)",,8050,7758246,7.76,no,,,,,
2025-05-13,"May 13, 2025 Council Meeting Packet",Council,regular,full_packet,https://www.murray.utah.gov/Archive/ViewFile/Item/8051,2026-07-13,na,"not_retrieved (index-only; fetch source_url on demand — pdftotext for born-digital staff-report text, vision/OCR for map/plat exhibits)",,8051,7126796,7.13,no,,,,,
2025-05-15,"May 15th, 2025 Agenda & Packet",PlanningCommission,regular,full_packet,https://www.murray.utah.gov/DocumentCenter/View/16692,2026-07-13,na,"not_retrieved (index-only; fetch source_url on demand — pdftotext for born-digital staff-report text, vision/OCR for map/plat exhibits)",,,20552581,20.55,no,,,,,
2025-06-03,"June 3, 2025 Council Meeting Packet",Council,regular,full_packet,https://www.murray.utah.gov/Archive/ViewFile/Item/8064,2026-07-13,na,"not_retrieved (index-only; fetch source_url on demand — pdftotext for born-digital staff-report text, vision/OCR for map/plat exhibits)",,8064,7060189,7.06,no,,,,,
2025-06-03,"June 3, 2025 Committee of the Whole Packet",Council,committee_of_the_whole,full_packet,https://www.murray.utah.gov/Archive/ViewFile/Item/8065,2026-07-13,na,"not_retrieved (index-only; fetch source_url on demand — pdftotext for born-digital staff-report text, vision/OCR for map/plat exhibits)",,8065,43181155,43.18,no,,,,,
2025-06-05,"June 5th, 2025 Agenda & Packet",PlanningCommission,regular,full_packet,https://www.murray.utah.gov/DocumentCenter/View/16772,2026-07-13,na,"not_retrieved (index-only; fetch source_url on demand — pdftotext for born-digital staff-report text, vision/OCR for map/plat exhibits)",,,15829979,15.83,no,,,,,
2025-06-17,"June 17, 2025 Council Meeting Packet",Council,regular,full_packet,https://www.murray.utah.gov/Archive/ViewFile/Item/8079,2026-07-13,na,"not_retrieved (index-only; fetch source_url on demand — pdftotext for born-digital staff-report text, vision/OCR for map/plat exhibits)",,8079,43448687,43.45,no,,,,,
2025-06-17,"June 17, 2025 Committee of the Whole Packet",Council,committee_of_the_whole,full_packet,https://www.murray.utah.gov/Archive/ViewFile/Item/8080,2026-07-13,na,"not_retrieved (index-only; fetch source_url on demand — pdftotext for born-digital staff-report text, vision/OCR for map/plat exhibits)",,8080,761507,0.76,no,,,,,
2025-07-01,"July 1, 2025 Council Meeting Packet",Council,regular,full_packet,https://www.murray.utah.gov/Archive/ViewFile/Item/8088,2026-07-13,na,"not_retrieved (index-only; fetch source_url on demand — pdftotext for born-digital staff-report text, vision/OCR for map/plat exhibits)",,8088,1462398,1.46,no,,,,,
2025-07-01,"July 1, 2025 Committee of the Whole Packet",Council,committee_of_the_whole,full_packet,https://www.murray.utah.gov/Archive/ViewFile/Item/8089,2026-07-13,na,"not_retrieved (index-only; fetch source_url on demand — pdftotext for born-digital staff-report text, vision/OCR for map/plat exhibits)",,8089,1309563,1.31,no,,,,,
2025-07-03,"July 3rd, 2025 Agenda & Packet",PlanningCommission,regular,full_packet,https://www.murray.utah.gov/DocumentCenter/View/16932,2026-07-13,na,"not_retrieved (index-only; fetch source_url on demand — pdftotext for born-digital staff-report text, vision/OCR for map/plat exhibits)",,,132345252,132.35,no,,,,,
2025-07-15,"July 15, 2025 Committee of the Whole Packet",Council,committee_of_the_whole,full_packet,https://www.murray.utah.gov/Archive/ViewFile/Item/8093,2026-07-13,na,"not_retrieved (index-only; fetch source_url on demand — pdftotext for born-digital staff-report text, vision/OCR for map/plat exhibits)",,8093,1346283,1.35,no,,,,,
2025-07-15,"July 15, 2025 Council Meeting Packet",Council,regular,full_packet,https://www.murray.utah.gov/Archive/ViewFile/Item/8094,2026-07-13,na,"not_retrieved (index-only; fetch source_url on demand — pdftotext for born-digital staff-report text, vision/OCR for map/plat exhibits)",,8094,12603693,12.6,no,,,,,
2025-07-17,"July 17th, 2025 Agenda & Packet",PlanningCommission,regular,full_packet,https://www.murray.utah.gov/DocumentCenter/View/16941,2026-07-13,na,"not_retrieved (index-only; fetch source_url on demand — pdftotext for born-digital staff-report text, vision/OCR for map/plat exhibits)",,,38730968,38.73,no,,,,,
2025-08-05,"August 5, 2025 Committee of the Whole Packet",Council,committee_of_the_whole,full_packet,https://www.murray.utah.gov/Archive/ViewFile/Item/8111,2026-07-13,na,"not_retrieved (index-only; fetch source_url on demand — pdftotext for born-digital staff-report text, vision/OCR for map/plat exhibits)",,8111,17037999,17.04,no,,,,,
2025-08-05,"August 5, 2025 Council Meeting Packet",Council,regular,full_packet,https://www.murray.utah.gov/Archive/ViewFile/Item/8112,2026-07-13,na,"not_retrieved (index-only; fetch source_url on demand — pdftotext for born-digital staff-report text, vision/OCR for map/plat exhibits)",,8112,2490358,2.49,no,,,,,
2025-08-07,"August 7th, 2025 Agenda & Packet",PlanningCommission,regular,full_packet,https://www.murray.utah.gov/DocumentCenter/View/17029,2026-07-13,na,"not_retrieved (index-only; fetch source_url on demand — pdftotext for born-digital staff-report text, vision/OCR for map/plat exhibits)",,,23543800,23.54,no,,,,,
2025-08-21,"August 21st, 2025 Agenda & Packet",PlanningCommission,regular,full_packet,https://www.murray.utah.gov/DocumentCenter/View/17066,2026-07-13,na,"not_retrieved (index-only; fetch source_url on demand — pdftotext for born-digital staff-report text, vision/OCR for map/plat exhibits)",,,271260242,271.26,no,,,,,
2025-08-26,"August 26, 2025 Committee of the Whole Packet",Council,committee_of_the_whole,full_packet,https://www.murray.utah.gov/Archive/ViewFile/Item/8118,2026-07-13,na,"not_retrieved (index-only; fetch source_url on demand — pdftotext for born-digital staff-report text, vision/OCR for map/plat exhibits)",,8118,9062873,9.06,no,,,,,
2025-08-26,"August 26, 2025 Council Meeting Packet",Council,regular,full_packet,https://www.murray.utah.gov/Archive/ViewFile/Item/8119,2026-07-13,na,"not_retrieved (index-only; fetch source_url on demand — pdftotext for born-digital staff-report text, vision/OCR for map/plat exhibits)",,8119,12676128,12.68,no,,,,,
2025-09-02,"September 2, 2025 Committee of the Whole Packet",Council,committee_of_the_whole,full_packet,https://www.murray.utah.gov/Archive/ViewFile/Item/8127,2026-07-13,na,"not_retrieved (index-only; fetch source_url on demand — pdftotext for born-digital staff-report text, vision/OCR for map/plat exhibits)",,8127,12774985,12.77,no,,,,,
2025-09-02,"September 2, 2025 Council Meeting Packet",Council,regular,full_packet,https://www.murray.utah.gov/Archive/ViewFile/Item/8128,2026-07-13,na,"not_retrieved (index-only; fetch source_url on demand — pdftotext for born-digital staff-report text, vision/OCR for map/plat exhibits)",,8128,4815430,4.82,no,,,,,
2025-09-04,"September 4th, 2025 Agenda & Packet",PlanningCommission,regular,full_packet,https://www.murray.utah.gov/DocumentCenter/View/17097,2026-07-13,na,"not_retrieved (index-only; fetch source_url on demand — pdftotext for born-digital staff-report text, vision/OCR for map/plat exhibits)",,,65041290,65.04,no,,,,,
2025-09-16,"September 16, 2025 Council Meeting Packet",Council,regular,full_packet,https://www.murray.utah.gov/Archive/ViewFile/Item/8140,2026-07-13,na,"not_retrieved (index-only; fetch source_url on demand — pdftotext for born-digital staff-report text, vision/OCR for map/plat exhibits)",,8140,13630497,13.63,no,,,,,
2025-09-16,"September 16, 2025 Committee of the Whole Packet",Council,committee_of_the_whole,full_packet,https://www.murray.utah.gov/Archive/ViewFile/Item/8141,2026-07-13,na,"not_retrieved (index-only; fetch source_url on demand — pdftotext for born-digital staff-report text, vision/OCR for map/plat exhibits)",,8141,3015374,3.02,no,,,,,
2025-09-18,"September 18th, 2025 Agenda & Packet",PlanningCommission,regular,full_packet,https://www.murray.utah.gov/DocumentCenter/View/17150,2026-07-13,na,"not_retrieved (index-only; fetch source_url on demand — pdftotext for born-digital staff-report text, vision/OCR for map/plat exhibits)",,,2938269,2.94,no,,,,,
2025-10-02,"October 2nd, 2025 Agenda & Packet",PlanningCommission,regular,full_packet,https://www.murray.utah.gov/DocumentCenter/View/17197,2026-07-13,na,"not_retrieved (index-only; fetch source_url on demand — pdftotext for born-digital staff-report text, vision/OCR for map/plat exhibits)",,,5173570,5.17,no,,,,,
2025-10-07,"October 7, 2025 Council Meeting Packet",Council,regular,full_packet,https://www.murray.utah.gov/Archive/ViewFile/Item/8149,2026-07-13,na,"not_retrieved (index-only; fetch source_url on demand — pdftotext for born-digital staff-report text, vision/OCR for map/plat exhibits)",,8149,2790428,2.79,no,,,,,
2025-10-07,"October 7, 2025 Committee of the Whole Packet",Council,committee_of_the_whole,full_packet,https://www.murray.utah.gov/Archive/ViewFile/Item/8150,2026-07-13,na,"not_retrieved (index-only; fetch source_url on demand — pdftotext for born-digital staff-report text, vision/OCR for map/plat exhibits)",,8150,1168231,1.17,no,,,,,
2025-10-16,"October 16, 2025 Agenda & Packet",PlanningCommission,regular,full_packet,https://www.murray.utah.gov/DocumentCenter/View/17223,2026-07-13,na,"not_retrieved (index-only; fetch source_url on demand — pdftotext for born-digital staff-report text, vision/OCR for map/plat exhibits)",,,7815814,7.82,no,,,,,
2025-10-21,"October 21, 2025 Council Meeting Packet",Council,regular,full_packet,https://www.murray.utah.gov/Archive/ViewFile/Item/8159,2026-07-13,na,"not_retrieved (index-only; fetch source_url on demand — pdftotext for born-digital staff-report text, vision/OCR for map/plat exhibits)",,8159,8933906,8.93,no,,,,,
2025-10-21,"October 21, 2025 Committee of the Whole Packet",Council,committee_of_the_whole,full_packet,https://www.murray.utah.gov/Archive/ViewFile/Item/8160,2026-07-13,na,"not_retrieved (index-only; fetch source_url on demand — pdftotext for born-digital staff-report text, vision/OCR for map/plat exhibits)",,8160,9092634,9.09,no,,,,,
2025-11-06,"November 6th, 2025 Agenda & Packet",PlanningCommission,regular,full_packet,https://www.murray.utah.gov/DocumentCenter/View/17275,2026-07-13,na,"not_retrieved (index-only; fetch source_url on demand — pdftotext for born-digital staff-report text, vision/OCR for map/plat exhibits)",,,41975695,41.98,no,,,,,
2025-11-18,"November 18, 2025 Committee of the Whole Packet",Council,committee_of_the_whole,full_packet,https://www.murray.utah.gov/Archive/ViewFile/Item/8173,2026-07-13,na,"not_retrieved (index-only; fetch source_url on demand — pdftotext for born-digital staff-report text, vision/OCR for map/plat exhibits)",,8173,23614324,23.61,no,,,,,
2025-11-18,"November 18, 2025 Council Meeting Packet",Council,regular,full_packet,https://www.murray.utah.gov/Archive/ViewFile/Item/8174,2026-07-13,na,"not_retrieved (index-only; fetch source_url on demand — pdftotext for born-digital staff-report text, vision/OCR for map/plat exhibits)",,8174,942644,0.94,no,,,,,
2025-11-20,"November 20th, 2025 Agenda & Packet",PlanningCommission,regular,full_packet,https://www.murray.utah.gov/DocumentCenter/View/17313,2026-07-13,na,"not_retrieved (index-only; fetch source_url on demand — pdftotext for born-digital staff-report text, vision/OCR for map/plat exhibits)",,,239308613,239.31,no,,,,,
2025-11-25,"November 25, 2025 Council Meeting Packet",Council,regular,full_packet,https://www.murray.utah.gov/Archive/ViewFile/Item/8184,2026-07-13,na,"not_retrieved (index-only; fetch source_url on demand — pdftotext for born-digital staff-report text, vision/OCR for map/plat exhibits)",,8184,21782113,21.78,no,,,,,
2025-11-25,"November 25, 2025 Committee of the Whole Packet",Council,committee_of_the_whole,full_packet,https://www.murray.utah.gov/Archive/ViewFile/Item/8185,2026-07-13,na,"not_retrieved (index-only; fetch source_url on demand — pdftotext for born-digital staff-report text, vision/OCR for map/plat exhibits)",,8185,22020719,22.02,no,,,,,
2025-12-04,"December 4th, 2025 Agenda & Packet",PlanningCommission,regular,full_packet,https://www.murray.utah.gov/DocumentCenter/View/17342,2026-07-13,na,"not_retrieved (index-only; fetch source_url on demand — pdftotext for born-digital staff-report text, vision/OCR for map/plat exhibits)",,,35780443,35.78,no,,,,,
2025-12-09,"December 9, 2025 Council Meeting Packet",Council,regular,full_packet,https://www.murray.utah.gov/Archive/ViewFile/Item/8192,2026-07-13,na,"not_retrieved (index-only; fetch source_url on demand — pdftotext for born-digital staff-report text, vision/OCR for map/plat exhibits)",,8192,39366147,39.37,no,,,,,
2025-12-09,"December 9, 2025 Committee of the Whole Packet",Council,committee_of_the_whole,full_packet,https://www.murray.utah.gov/Archive/ViewFile/Item/8193,2026-07-13,na,"not_retrieved (index-only; fetch source_url on demand — pdftotext for born-digital staff-report text, vision/OCR for map/plat exhibits)",,8193,37616058,37.62,no,,,,,
2026-01-06,"January 6, 2026 Committee of the Whole Packet",Council,committee_of_the_whole,full_packet,https://www.murray.utah.gov/Archive/ViewFile/Item/8205,2026-07-13,na,"not_retrieved (index-only; fetch source_url on demand — pdftotext for born-digital staff-report text, vision/OCR for map/plat exhibits)",,8205,4301513,4.3,no,,,,,
2026-01-06,"January 6, 2026 Council Meeting Packet",Council,regular,full_packet,https://www.murray.utah.gov/Archive/ViewFile/Item/8206,2026-07-13,na,"not_retrieved (index-only; fetch source_url on demand — pdftotext for born-digital staff-report text, vision/OCR for map/plat exhibits)",,8206,11322416,11.32,no,,,,,
2026-01-15,"January 15th, 2026 Agenda & Packet",PlanningCommission,regular,full_packet,https://www.murray.utah.gov/DocumentCenter/View/17547,2026-07-13,na,"not_retrieved (index-only; fetch source_url on demand — pdftotext for born-digital staff-report text, vision/OCR for map/plat exhibits)",,,9036260,9.04,no,,,,,
2026-01-20,"January 20, 2026 Council Meeting Packet",Council,regular,full_packet,https://www.murray.utah.gov/Archive/ViewFile/Item/8218,2026-07-13,na,"not_retrieved (index-only; fetch source_url on demand — pdftotext for born-digital staff-report text, vision/OCR for map/plat exhibits)",,8218,4925910,4.93,no,,,,,
2026-01-20,"January 20, 2026 Committee of the Whole Packet",Council,committee_of_the_whole,full_packet,https://www.murray.utah.gov/Archive/ViewFile/Item/8219,2026-07-13,na,"not_retrieved (index-only; fetch source_url on demand — pdftotext for born-digital staff-report text, vision/OCR for map/plat exhibits)",,8219,362902,0.36,no,,,,,
2026-02-03,"February 3, 2026 Committee of the Whole Packet",Council,committee_of_the_whole,full_packet,https://www.murray.utah.gov/Archive/ViewFile/Item/8224,2026-07-13,na,"not_retrieved (index-only; fetch source_url on demand — pdftotext for born-digital staff-report text, vision/OCR for map/plat exhibits)",,8224,1094656,1.09,no,,,,,
2026-02-17,"February 17, 2026 Council Meeting Packet",Council,regular,full_packet,https://www.murray.utah.gov/Archive/ViewFile/Item/8233,2026-07-13,na,"not_retrieved (index-only; fetch source_url on demand — pdftotext for born-digital staff-report text, vision/OCR for map/plat exhibits)",,8233,816505,0.82,no,,,,,
2026-02-17,"February 17, 2026 Committee of the Whole Packet",Council,committee_of_the_whole,full_packet,https://www.murray.utah.gov/Archive/ViewFile/Item/8234,2026-07-13,na,"not_retrieved (index-only; fetch source_url on demand — pdftotext for born-digital staff-report text, vision/OCR for map/plat exhibits)",,8234,3758407,3.76,no,,,,,
2026-02-19,"February 19th, 2026 Agenda & Packet",PlanningCommission,regular,full_packet,https://www.murray.utah.gov/DocumentCenter/View/17636,2026-07-13,na,"not_retrieved (index-only; fetch source_url on demand — pdftotext for born-digital staff-report text, vision/OCR for map/plat exhibits)",,,27013942,27.01,no,,,,,
2026-03-03,"March 3, 2026 Committee of the Whole Packet",Council,committee_of_the_whole,full_packet,https://www.murray.utah.gov/Archive/ViewFile/Item/8241,2026-07-13,na,"not_retrieved (index-only; fetch source_url on demand — pdftotext for born-digital staff-report text, vision/OCR for map/plat exhibits)",,8241,24680528,24.68,no,,,,,
2026-03-03,"March 3, 2026 Council Meeting Packet",Council,regular,full_packet,https://www.murray.utah.gov/Archive/ViewFile/Item/8242,2026-07-13,na,"not_retrieved (index-only; fetch source_url on demand — pdftotext for born-digital staff-report text, vision/OCR for map/plat exhibits)",,8242,7204971,7.2,no,,,,,
2026-03-05,"March 5th, 2026 Agenda & Packet",PlanningCommission,regular,full_packet,https://www.murray.utah.gov/DocumentCenter/View/17657,2026-07-13,na,"not_retrieved (index-only; fetch source_url on demand — pdftotext for born-digital staff-report text, vision/OCR for map/plat exhibits)",,,2666444,2.67,no,,,,,
2026-03-17,"March 17, 2026 Committee of the Whole Packet",Council,committee_of_the_whole,full_packet,https://www.murray.utah.gov/Archive/ViewFile/Item/8249,2026-07-13,na,"not_retrieved (index-only; fetch source_url on demand — pdftotext for born-digital staff-report text, vision/OCR for map/plat exhibits)",,8249,1989390,1.99,no,,,,,
2026-03-19,"March 19th, 2026 Agenda & Packet",PlanningCommission,regular,full_packet,https://www.murray.utah.gov/DocumentCenter/View/17685,2026-07-13,na,"not_retrieved (index-only; fetch source_url on demand — pdftotext for born-digital staff-report text, vision/OCR for map/plat exhibits)",,,33785429,33.79,no,,,,,
2026-04-07,"April 7, 2026 Council Meeting Packet",Council,regular,full_packet,https://www.murray.utah.gov/Archive/ViewFile/Item/8259,2026-07-13,na,"not_retrieved (index-only; fetch source_url on demand — pdftotext for born-digital staff-report text, vision/OCR for map/plat exhibits)",,8259,5913838,5.91,no,,,,,
2026-04-07,"April 7, 2026 Committee of the Whole Packet",Council,committee_of_the_whole,full_packet,https://www.murray.utah.gov/Archive/ViewFile/Item/8260,2026-07-13,na,"not_retrieved (index-only; fetch source_url on demand — pdftotext for born-digital staff-report text, vision/OCR for map/plat exhibits)",,8260,173679329,173.68,no,,,,,
2026-04-21,"April 21, 2026 Council Meeting Packet",Council,regular,full_packet,https://www.murray.utah.gov/Archive/ViewFile/Item/8282,2026-07-13,na,"not_retrieved (index-only; fetch source_url on demand — pdftotext for born-digital staff-report text, vision/OCR for map/plat exhibits)",,8282,39059050,39.06,no,,,,,
2026-04-21,"April 21, 2026 Committee of the Whole Packet",Council,committee_of_the_whole,full_packet,https://www.murray.utah.gov/Archive/ViewFile/Item/8283,2026-07-13,na,"not_retrieved (index-only; fetch source_url on demand — pdftotext for born-digital staff-report text, vision/OCR for map/plat exhibits)",,8283,2205039,2.21,no,,,,,
2026-05-05,"May 5, 2026 Council Meeting Packet",Council,regular,full_packet,https://www.murray.utah.gov/Archive/ViewFile/Item/8293,2026-07-13,na,"not_retrieved (index-only; fetch source_url on demand — pdftotext for born-digital staff-report text, vision/OCR for map/plat exhibits)",,8293,23507594,23.51,no,,,,,
2026-05-05,"May 5, 2026 Committee of the Whole Packet",Council,committee_of_the_whole,full_packet,https://www.murray.utah.gov/Archive/ViewFile/Item/8294,2026-07-13,na,"not_retrieved (index-only; fetch source_url on demand — pdftotext for born-digital staff-report text, vision/OCR for map/plat exhibits)",,8294,4715720,4.72,no,,,,,
2026-05-07,"May 7th, 2026 Agenda & Packet",PlanningCommission,regular,full_packet,https://www.murray.utah.gov/DocumentCenter/View/17920/05072026-Planning-Commission-Packet,2026-07-13,na,"not_retrieved (index-only; fetch source_url on demand — pdftotext for born-digital staff-report text, vision/OCR for map/plat exhibits)",,,16183490,16.18,no,,,,,
2026-05-19,"May 19, 2026 Council Meeting Packet",Council,regular,full_packet,https://www.murray.utah.gov/Archive/ViewFile/Item/8305,2026-07-13,na,"not_retrieved (index-only; fetch source_url on demand — pdftotext for born-digital staff-report text, vision/OCR for map/plat exhibits)",,8305,3246387,3.25,no,,,,,
2026-05-19,"May 19, 2026 Committee of the Whole Packet",Council,committee_of_the_whole,full_packet,https://www.murray.utah.gov/Archive/ViewFile/Item/8306,2026-07-13,na,"not_retrieved (index-only; fetch source_url on demand — pdftotext for born-digital staff-report text, vision/OCR for map/plat exhibits)",,8306,5804086,5.8,no,,,,,
2026-05-21,"May 21st, 2026 Agenda & Packet",PlanningCommission,regular,full_packet,https://www.murray.utah.gov/DocumentCenter/View/19257,2026-07-13,na,"not_retrieved (index-only; fetch source_url on demand — pdftotext for born-digital staff-report text, vision/OCR for map/plat exhibits)",,,50105692,50.11,no,,,,,
2026-06-02,"June 2, 2026 Council Meeting Packet",Council,regular,full_packet,https://www.murray.utah.gov/Archive/ViewFile/Item/8321,2026-07-13,na,"not_retrieved (index-only; fetch source_url on demand — pdftotext for born-digital staff-report text, vision/OCR for map/plat exhibits)",,8321,12044712,12.04,no,,,,,
2026-06-02,"June 2, 2026 Committee of the Whole Packet",Council,committee_of_the_whole,full_packet,https://www.murray.utah.gov/Archive/ViewFile/Item/8322,2026-07-13,na,"not_retrieved (index-only; fetch source_url on demand — pdftotext for born-digital staff-report text, vision/OCR for map/plat exhibits)",,8322,6991626,6.99,no,,,,,
2026-06-16,"June 16, 2026 Committee of the Whole Packet",Council,committee_of_the_whole,full_packet,https://www.murray.utah.gov/Archive/ViewFile/Item/8334,2026-07-13,na,"not_retrieved (index-only; fetch source_url on demand — pdftotext for born-digital staff-report text, vision/OCR for map/plat exhibits)",,8334,3074994,3.07,no,,,,,
2026-06-16,"June 16, 2026 Council Meeting Packet",Council,regular,full_packet,https://www.murray.utah.gov/Archive/ViewFile/Item/8335,2026-07-13,na,"not_retrieved (index-only; fetch source_url on demand — pdftotext for born-digital staff-report text, vision/OCR for map/plat exhibits)",,8335,3273190,3.27,no,,,,,
2026-06-18,"June 18th, 2026 Agenda & Packet",PlanningCommission,regular,full_packet,https://www.murray.utah.gov/DocumentCenter/View/19349,2026-07-13,na,"not_retrieved (index-only; fetch source_url on demand — pdftotext for born-digital staff-report text, vision/OCR for map/plat exhibits)",,,6619991,6.62,no,,,,,
2026-07-02,"July 2nd, 2026 Agenda & Packet",PlanningCommission,regular,full_packet,https://www.murray.utah.gov/DocumentCenter/View/19426,2026-07-13,na,"not_retrieved (index-only; fetch source_url on demand — pdftotext for born-digital staff-report text, vision/OCR for map/plat exhibits)",,,16368696,16.37,no,,,,,
2026-07-07,"July 7, 2026 Council Meeting Packet",Council,regular,full_packet,https://www.murray.utah.gov/Archive/ViewFile/Item/8342,2026-07-13,na,"not_retrieved (index-only; fetch source_url on demand — pdftotext for born-digital staff-report text, vision/OCR for map/plat exhibits)",,8342,2093905,2.09,no,,,,,
2026-07-07,"July 7, 2026 Committee of the Whole Packet",Council,committee_of_the_whole,full_packet,https://www.murray.utah.gov/Archive/ViewFile/Item/8343,2026-07-13,na,"not_retrieved (index-only; fetch source_url on demand — pdftotext for born-digital staff-report text, vision/OCR for map/plat exhibits)",,8343,15896674,15.9,no,,,,,
2026-07-16,"July 16th, 2026 Agenda & Packet",PlanningCommission,regular,full_packet,https://www.murray.utah.gov/DocumentCenter/View/19468,2026-07-13,na,"not_retrieved (index-only; fetch source_url on demand — pdftotext for born-digital staff-report text, vision/OCR for map/plat exhibits)",,,30698696,30.7,no,,,,,
