{
"type": "FeatureCollection",
"crs": { "type": "name", "properties": { "name": "urn:ogc:def:crs:OGC:1.3:CRS84" } },
"features": [
{ "type": "Feature", "properties": { "PrecinctID": "WJD001", "VistaID": "WJD001", "CountyID": 18, "VersionNbr": null, "EffectiveDate": 1765929600000 }, "geometry": { "type": "Polygon", "coordinates": [ [ [ -112.021719744997995, 40.63856909050849 ], [ -112.021719587793001, 40.63856909050849 ], [ -112.021156587552994, 40.638569091871794 ], [ -112.019468586659016, 40.638571092577195 ], [ -112.018906586244, 40.63857309123739 ], [ -112.018568586135999, 40.638575090579295 ], [ -112.017557587080006, 40.638580092001291 ], [ -112.017220586796995, 40.63858309135459 ], [ -112.016875586116996, 40.63858309135459 ], [ -112.015841586597006, 40.6385850920595 ], [ -112.015513640432999, 40.638586999375399 ], [ -112.015513502990999, 40.638586999375399 ], [ -112.015497587539002, 40.638587092764396 ], [ -112.015176586250007, 40.638588092775905 ], [ -112.014216585452004, 40.638592092822094 ], [ -112.013896585785005, 40.6385940914817 ], [ -112.013621584527002, 40.638594092163395 ], [ -112.012797585968002, 40.638597091516104 ], [ -112.012523585433001, 40.638599090857298 ], [ -112.012221585310002, 40.638600090868593 ], [ -112.011314584215, 40.6386030915844 ], [ -112.011048648754993, 40.638604859157297 ], [ -112.011047112636007, 40.638399001022997 ], [ -112.011033220190001, 40.636539863157509 ], [ -112.012891608136997, 40.63654439845461 ], [ -112.013355607744998, 40.636466530094083 ], [ -112.014032919502, 40.636071722447596 ], [ -112.015459523225005, 40.636027547114509 ], [ -112.015433163061999, 40.633595699084601 ], [ -112.015414651479006, 40.632552208196806 ], [ -112.015420979211996, 40.631447338610606 ], [ -112.015421763440997, 40.631310088393207 ], [ -112.015808584289999, 40.631307090758291 ], [ -112.016972584404996, 40.631299091156286 ], [ -112.017360431130001, 40.631297092278302 ], [ -112.017360584741994, 40.631297090914799 ], [ -112.017952585293997, 40.631297091596601 ], [ -112.019470584512007, 40.631298090353802 ], [ -112.019731585526998, 40.631298091035596 ], [ -112.020325584830005, 40.631298090353809 ], [ -112.020511587298017, 40.631298090353795 ], [ -112.021070586440999, 40.63129809171739 ], [ -112.021257586038999, 40.631299090474599 ], [ -112.021273586831001, 40.631298091035603 ], [ -112.021597586696004, 40.63129908979289 ], [ -112.021782586643994, 40.63130009059531 ], [ -112.022619585621996, 40.631300090595303 ], [ -112.022787671190997, 40.631300582815598 ], [ -112.022961329010002, 40.63130109207961 ], [ -112.022983507516003, 40.631300128773113 ], [ -112.023307506482993, 40.631298129213306 ], [ -112.024348506574, 40.631293130654598 ], [ -112.024385507282005, 40.631293129291109 ], [ -112.024535507069999, 40.631293129291102 ], [ -112.024645506675, 40.631296129653485 ], [ -112.024645509370004, 40.631327127936892 ], [ -112.024646506500005, 40.631365129089801 ], [ -112.024646507398003, 40.631390129352098 ], [ -112.024646506500005, 40.631465128037696 ], [ -112.024647506324001, 40.631490130307697 ], [ -112.024647879124998, 40.631490099629197 ], [ -112.024649121495003, 40.631709711384786 ], [ -112.024650586647994, 40.631968089502607 ], [ -112.024656586494999, 40.633027089968493 ], [ -112.024658586144994, 40.633381091253099 ], [ -112.024657586320004, 40.633549089726891 ], [ -112.024657587218996, 40.634054090190915 ], [ -112.024657586320004, 40.634223091820395 ], [ -112.024656586494999, 40.6343590905581 ], [ -112.024656586494999, 40.634770090769301 ], [ -112.024656586494999, 40.63490808920789 ], [ -112.024655586669994, 40.635047090834497 ], [ -112.024655586669994, 40.6354640905694 ], [ -112.024655587569001, 40.635604090413004 ], [ -112.024654585947005, 40.635714091057991 ], [ -112.024654588641994, 40.636047091372902 ], [ -112.024654585947005, 40.636158090654298 ], [ -112.024653587919005, 40.636616090601599 ], [ -112.024652587196002, 40.637991090017508 ], [ -112.024652586296995, 40.638450091718703 ], [ -112.024652588094, 40.638471090638397 ], [ -112.024652586296995, 40.638510733963102 ], [ -112.024647905175996, 40.638541754800592 ], [ -112.024645588420995, 40.638557090365111 ], [ -112.024625587431998, 40.638558090377209 ], [ -112.024578588474, 40.638558090377195 ], [ -112.024059587717005, 40.638559091752498 ], [ -112.022731115056999, 40.638564392429394 ], [ -112.022304585976997, 40.638566092517806 ], [ -112.021719744997995, 40.63856909050849 ] ] ] } },
{ "type": "Feature", "properties": { "PrecinctID": "WJD002", "VistaID": "WJD002", "CountyID": 18, "VersionNbr": null, "EffectiveDate": 1765929600000 }, "geometry": { "type": "Polygon", "coordinates": [ [ [ -111.988168959117004, 40.638572774941899 ], [ -111.988150419685994, 40.637033814713703 ], [ -111.989844366528999, 40.637028470287298 ], [ -111.989821779289997, 40.634478423180603 ], [ -111.991514366982003, 40.634473960686492 ], [ -111.991485059446006, 40.6314673327973 ], [ -111.991483721853996, 40.631330092847108 ], [ -111.991522579380003, 40.631330092847108 ], [ -111.991827580774995, 40.631334094009802 ], [ -111.991849579618005, 40.631334093328107 ], [ -111.991870578635996, 40.631336092886691 ], [ -111.991906579520005, 40.631340092685697 ], [ -111.999852580652998, 40.631282091828496 ], [ -111.999852899554995, 40.631282093873693 ], [ -111.999848142076999, 40.638578952246988 ], [ -111.999848152856998, 40.63857909403459 ], [ -111.999642583286004, 40.638580092682901 ], [ -111.999024582793993, 40.638582092706301 ], [ -111.99881958185702, 40.638584092729602 ], [ -111.998645581779002, 40.638585092741209 ], [ -111.998123583343997, 40.638588093457599 ], [ -111.997950582193994, 40.638590093480794 ], [ -111.997508582327981, 40.638591094173904 ], [ -111.996285580866001, 40.638595093538193 ], [ -111.996285468576005, 40.638574714978404 ], [ -111.988168959117004, 40.638572774941899 ] ] ] } },
{ "type": "Feature", "properties": { "PrecinctID": "WJD003", "VistaID": "WJD003", "CountyID": 18, "VersionNbr": null, "EffectiveDate": 1765929600000 }, "geometry": { "type": "Polygon", "coordinates": [ [ [ -111.976737641106993, 40.638570474982899 ], [ -111.976748577197, 40.637075093576392 ], [ -111.976658576784999, 40.633192093828107 ], [ -111.976623575727004, 40.631669095266602 ], [ -111.976607575833, 40.631496093518891 ], [ -111.976603591805002, 40.631308732401394 ], [ -111.976603577432002, 40.631308093605895 ], [ -111.976784066939004, 40.631323572635189 ], [ -111.976874307201001, 40.6313313118076 ], [ -111.977256578083995, 40.631364093519295 ], [ -111.977389576356018, 40.631362093279705 ], [ -111.977824576548997, 40.631364093519302 ], [ -111.979132578399998, 40.631373093914895 ], [ -111.979568577519998, 40.631376092910294 ], [ -111.979753577468003, 40.631370094237703 ], [ -111.980309578035005, 40.631354093002592 ], [ -111.980495576910002, 40.631349093766204 ], [ -111.981043577978994, 40.63132909409029 ], [ -111.982687577594007, 40.631271093223503 ], [ -111.983260577878994, 40.631327093849585 ], [ -111.984152577109001, 40.631328092606495 ], [ -111.984187396707014, 40.631328295084792 ], [ -111.984273450819998, 40.63146604021091 ], [ -111.984563379383005, 40.631930108463294 ], [ -111.985918788027007, 40.634743550425313 ], [ -111.985900329443993, 40.634973083967303 ], [ -111.985710277370998, 40.63509309992611 ], [ -111.982946565483999, 40.636546351502197 ], [ -111.982946568179003, 40.636547189301695 ], [ -111.982944601765993, 40.636546394448786 ], [ -111.982944572121994, 40.636534905211001 ], [ -111.981687031335994, 40.637183527329498 ], [ -111.980339446119999, 40.637975937012399 ], [ -111.979850582942007, 40.637976800015991 ], [ -111.979850071800996, 40.637808968787695 ], [ -111.979206109998003, 40.637808825635098 ], [ -111.979206114489998, 40.6378119668124 ], [ -111.979206684021008, 40.638134919670001 ], [ -111.979207055025995, 40.638345364237303 ], [ -111.97920744938601, 40.638570223446202 ], [ -111.977007880395007, 40.638570449079396 ], [ -111.976917801829998, 40.638570459304503 ], [ -111.976737641106993, 40.638570474982899 ] ] ] } },
{ "type": "Feature", "properties": { "PrecinctID": "WJD004", "VistaID": "WJD004", "CountyID": 18, "VersionNbr": null, "EffectiveDate": 1765929600000 }, "geometry": { "type": "Polygon", "coordinates": [ [ [ -112.024582585079003, 40.623988089867808 ], [ -112.024852736333003, 40.623983654627203 ], [ -112.027017586336015, 40.623948088828101 ], [ -112.027767587072006, 40.623936089466007 ], [ -112.027803587056994, 40.623936089466007 ], [ -112.028221587530993, 40.623934089003896 ], [ -112.028617586468002, 40.623932089905402 ], [ -112.028799587839998, 40.623932089223601 ], [ -112.029313584980997, 40.623931088992499 ], [ -112.029808585448009, 40.623931088310698 ], [ -112.029882586865, 40.623931088992492 ], [ -112.030205586904998, 40.623930089443185 ], [ -112.031202588411006, 40.623927088749802 ], [ -112.034138043807999, 40.623918259851301 ], [ -112.034138442659994, 40.623918258487699 ], [ -112.034194588263006, 40.623918089396092 ], [ -112.035192586899996, 40.623916089615292 ], [ -112.035524587161007, 40.623915089383999 ], [ -112.036522589390003, 40.623913088921284 ], [ -112.036855586781002, 40.623913088921306 ], [ -112.037372056983997, 40.623914977565391 ], [ -112.038225587658005, 40.623918088032497 ], [ -112.038924192183003, 40.623921086680795 ], [ -112.038924537135998, 40.624003433547898 ], [ -112.038934476994996, 40.626383867644201 ], [ -112.038932639042002, 40.626383875143979 ], [ -112.038932489920995, 40.626383875143993 ], [ -112.034877468678005, 40.626400080745107 ], [ -112.034872388704997, 40.627590261597796 ], [ -112.030944144901, 40.627606922337499 ], [ -112.030945113284005, 40.631118534007392 ], [ -112.030945186946013, 40.631385113756593 ], [ -112.030941508344995, 40.631385128754999 ], [ -112.030941509243007, 40.631338127214406 ], [ -112.030152509047994, 40.631377128480601 ], [ -112.030015144065004, 40.631379680933009 ], [ -112.024817507102014, 40.631476128655791 ], [ -112.024650268643995, 40.631489902605303 ], [ -112.024644098115999, 40.631076366553202 ], [ -112.024643587873001, 40.631042090308199 ], [ -112.024627586183001, 40.630199091076996 ], [ -112.024624587606993, 40.628748088910903 ], [ -112.024618586860001, 40.628043088346089 ], [ -112.024619584888995, 40.626658089421802 ], [ -112.024600584621993, 40.626013089724097 ], [ -112.024594584773993, 40.625331089668897 ], [ -112.024591586198, 40.625050090030591 ], [ -112.024588586723013, 40.624721088929903 ], [ -112.024582585079003, 40.623988089867808 ] ] ] } },
{ "type": "Feature", "properties": { "PrecinctID": "WJD005", "VistaID": "WJD005", "CountyID": 18, "VersionNbr": null, "EffectiveDate": 1765929600000 }, "geometry": { "type": "Polygon", "coordinates": [ [ [ -112.017360431130001, 40.631297092278302 ], [ -112.017358528497994, 40.631159860159208 ], [ -112.017340585548979, 40.629867089689689 ], [ -112.017742583434995, 40.627727088574709 ], [ -112.018061585073994, 40.626171089761094 ], [ -112.018059917800997, 40.624096432374202 ], [ -112.018059852223999, 40.624014088348993 ], [ -112.018947585353999, 40.624010090156702 ], [ -112.021613585691, 40.624000090584097 ], [ -112.022502586344004, 40.623998089442196 ], [ -112.022917585548001, 40.62399608898199 ], [ -112.024165585326998, 40.623989090779901 ], [ -112.024312407774005, 40.623988738960598 ], [ -112.024582585079003, 40.623988089867808 ], [ -112.024588586723013, 40.624721088929903 ], [ -112.024591586198, 40.625050090030591 ], [ -112.024594584773993, 40.625331089668897 ], [ -112.024600584621993, 40.626013089724097 ], [ -112.024619584888995, 40.626658089421802 ], [ -112.024618586860001, 40.628043088346089 ], [ -112.024624587606993, 40.628748088910903 ], [ -112.024627586183001, 40.630199091076996 ], [ -112.024643587873001, 40.631042090308199 ], [ -112.024644098115999, 40.631076366553202 ], [ -112.024650268643995, 40.631489902605303 ], [ -112.024647879124998, 40.631490099629197 ], [ -112.024647506324001, 40.631490130307697 ], [ -112.024646506500005, 40.631465128037696 ], [ -112.024646507398003, 40.631390129352098 ], [ -112.024646506500005, 40.631365129089801 ], [ -112.024645509370004, 40.631327127936892 ], [ -112.024645506675, 40.631296129653485 ], [ -112.024535507069999, 40.631293129291102 ], [ -112.024385507282005, 40.631293129291109 ], [ -112.024348506574, 40.631293130654598 ], [ -112.023307506482993, 40.631298129213306 ], [ -112.022983507516003, 40.631300128773113 ], [ -112.022961329010002, 40.63130109207961 ], [ -112.022787671190997, 40.631300582815598 ], [ -112.022619585621996, 40.631300090595303 ], [ -112.021782586643994, 40.63130009059531 ], [ -112.021597586696004, 40.63129908979289 ], [ -112.021273586831001, 40.631298091035603 ], [ -112.021257586038999, 40.631299090474599 ], [ -112.021070586440999, 40.63129809171739 ], [ -112.020511587298017, 40.631298090353795 ], [ -112.020325584830005, 40.631298090353809 ], [ -112.019731585526998, 40.631298091035596 ], [ -112.019470584512007, 40.631298090353802 ], [ -112.017952585293997, 40.631297091596601 ], [ -112.017360584741994, 40.631297090914799 ], [ -112.017360431130001, 40.631297092278302 ] ] ] } },
{ "type": "Feature", "properties": { "PrecinctID": "WJD006", "VistaID": "WJD006", "CountyID": 18, "VersionNbr": null, "EffectiveDate": 1765929600000 }, "geometry": { "type": "Polygon", "coordinates": [ [ [ -112.012469209510996, 40.631322083021601 ], [ -112.012468581589005, 40.6311848011864 ], [ -112.012457582615994, 40.628781089375799 ], [ -112.012174583657, 40.628115089603703 ], [ -112.012115584105999, 40.627643090248014 ], [ -112.012183582082002, 40.627376089897794 ], [ -112.012322583794997, 40.627127089735296 ], [ -112.012682583645002, 40.626735090391193 ], [ -112.012823585009002, 40.626440089179702 ], [ -112.012878583464001, 40.62613809005169 ], [ -112.012892995135999, 40.624115426487897 ], [ -112.012893584430998, 40.624033089986199 ], [ -112.015018583371997, 40.624018089268297 ], [ -112.015969584846999, 40.624017090402099 ], [ -112.016386585497003, 40.624016090172297 ], [ -112.01723358452, 40.624015089260595 ], [ -112.017640585125008, 40.624014090394397 ], [ -112.018059584526, 40.624014089030801 ], [ -112.018059852223999, 40.624014088348993 ], [ -112.018059917800997, 40.624096432374202 ], [ -112.018061585073994, 40.626171089761094 ], [ -112.017742583434995, 40.627727088574709 ], [ -112.017340585548979, 40.629867089689689 ], [ -112.017358528497994, 40.631159860159208 ], [ -112.017360431130001, 40.631297092278302 ], [ -112.016972584404996, 40.631299091156286 ], [ -112.015808584289999, 40.631307090758291 ], [ -112.015421763440997, 40.631310088393207 ], [ -112.015421583777993, 40.63131009043839 ], [ -112.015247585496994, 40.631311091922491 ], [ -112.014724584542009, 40.631315091041095 ], [ -112.014551583390997, 40.631317091282099 ], [ -112.014317584835993, 40.631316091161601 ], [ -112.013616583605994, 40.6313140922841 ], [ -112.013383583977003, 40.631314092284093 ], [ -112.013200584578001, 40.631315091041088 ], [ -112.012650585654995, 40.631320090279992 ], [ -112.012469209510996, 40.631322083021601 ] ] ] } },
{ "type": "Feature", "properties": { "PrecinctID": "WJD007", "VistaID": "WJD007", "CountyID": 18, "VersionNbr": null, "EffectiveDate": 1765929600000 }, "geometry": { "type": "Polygon", "coordinates": [ [ [ -112.007263666476007, 40.631326087593592 ], [ -112.007261479077997, 40.631188792131603 ], [ -112.007252830997004, 40.630645218281892 ], [ -112.007246030749997, 40.629731814014498 ], [ -112.00721718494799, 40.629041278694686 ], [ -112.007215478149007, 40.628811869978307 ], [ -112.007204749568999, 40.628164186470201 ], [ -112.007203912340003, 40.628051760571999 ], [ -112.007203277231, 40.627966290009702 ], [ -112.007190687342003, 40.627862861238199 ], [ -112.007166486727996, 40.627786549486594 ], [ -112.007130201977006, 40.6276742224929 ], [ -112.007105969922009, 40.627584351217003 ], [ -112.007057936106008, 40.627481132525403 ], [ -112.007039778459003, 40.6274227465167 ], [ -112.006985907390003, 40.627319497576707 ], [ -112.006920289052005, 40.627225302611201 ], [ -112.006872387287018, 40.627140090070704 ], [ -112.006806736610017, 40.627041393681083 ], [ -112.006747024693993, 40.626947174460604 ], [ -112.006657500390006, 40.62682612594589 ], [ -112.006568047951006, 40.626705080620688 ], [ -112.006359513039996, 40.626440608025803 ], [ -112.005722443112006, 40.625723652922801 ], [ -112.005572615801, 40.625442820614801 ], [ -112.005554831853004, 40.625409483733698 ], [ -112.005546141550994, 40.625355860376096 ], [ -112.005542448577003, 40.625333065544098 ], [ -112.005530135369995, 40.625256647267001 ], [ -112.005527955158001, 40.625243953378316 ], [ -112.005517786229007, 40.62518473088079 ], [ -112.005505435293003, 40.625112813735399 ], [ -112.005499983416996, 40.625060149445197 ], [ -112.005486346991006, 40.624928495356194 ], [ -112.005480478297002, 40.624137434916705 ], [ -112.005479868340998, 40.624055090260292 ], [ -112.005787581749999, 40.624055090942093 ], [ -112.006714582936013, 40.624057090718701 ], [ -112.007023582732998, 40.624058090947891 ], [ -112.007782582790995, 40.624055090260299 ], [ -112.009998581069993, 40.624001090814204 ], [ -112.011754582633998, 40.624020091773296 ], [ -112.012893231392994, 40.624033085895206 ], [ -112.012893584430998, 40.624033089986199 ], [ -112.012892995135999, 40.624115426487897 ], [ -112.012878583464001, 40.62613809005169 ], [ -112.012823585009002, 40.626440089179702 ], [ -112.012682583645002, 40.626735090391193 ], [ -112.012322583794997, 40.627127089735296 ], [ -112.012183582082002, 40.627376089897794 ], [ -112.012115584105999, 40.627643090248014 ], [ -112.012174583657, 40.628115089603703 ], [ -112.012457582615994, 40.628781089375799 ], [ -112.012468581589005, 40.6311848011864 ], [ -112.012469209510996, 40.631322083021601 ], [ -112.012468583385001, 40.631322090520889 ], [ -112.012273585187998, 40.631318091402591 ], [ -112.011688583411001, 40.631309091681302 ], [ -112.011493584315005, 40.631306090637693 ], [ -112.011132585539002, 40.631300090595303 ], [ -112.010051583467998, 40.631282091146701 ], [ -112.009691582719995, 40.631277091904991 ], [ -112.009510584767, 40.631277092586799 ], [ -112.008966582997004, 40.63128009158639 ], [ -112.008786583071995, 40.631281090343904 ], [ -112.008481584372007, 40.63129009143249 ], [ -112.007567583604001, 40.631316091843402 ], [ -112.007263666476007, 40.631326087593592 ] ] ] } },
{ "type": "Feature", "properties": { "PrecinctID": "WJD008", "VistaID": "WJD008", "CountyID": 18, "VersionNbr": null, "EffectiveDate": 1765929600000 }, "geometry": { "type": "Polygon", "coordinates": [ [ [ -112.005301178160011, 40.631320556593792 ], [ -112.005150581891002, 40.631320091643502 ], [ -112.005102583107998, 40.631320091643495 ], [ -112.003598583235998, 40.631310091801893 ], [ -111.999938819818993, 40.631282737441694 ], [ -111.999938182912999, 40.631282733351206 ], [ -111.999937894553995, 40.631282731305994 ], [ -111.99993623626402, 40.63114547052389 ], [ -111.999843580432, 40.623476090022493 ], [ -111.998807062037002, 40.618176107276611 ], [ -111.997292378500006, 40.609553415365703 ], [ -111.997277920116005, 40.609471088876006 ], [ -111.997278207576002, 40.609471089558006 ], [ -111.998022578570001, 40.609470089792403 ], [ -111.999816887891996, 40.609467088449399 ], [ -112.001003578552002, 40.609465088918 ], [ -112.002801578152997, 40.60946108917301 ], [ -112.005369579478995, 40.609457089427799 ], [ -112.005369580377007, 40.609566881495191 ], [ -112.005369579478995, 40.610086087854903 ], [ -112.005369580377007, 40.611973089211595 ], [ -112.005369580377007, 40.612587089994499 ], [ -112.00537058110001, 40.612602090551697 ], [ -112.005369581275005, 40.612753089517206 ], [ -112.005369580377007, 40.613424090294707 ], [ -112.005369580377007, 40.615416091038995 ], [ -112.005369579478995, 40.61589209024141 ], [ -112.005369581275005, 40.616714886875499 ], [ -112.005369579478995, 40.616715090080092 ], [ -112.005369579478995, 40.616767089284409 ], [ -112.00537058110001, 40.617718089952803 ], [ -112.005384581344003, 40.618455089521795 ], [ -112.005343581336021, 40.621111090962195 ], [ -112.005340580962994, 40.621416090444001 ], [ -112.005367581626004, 40.621922090876396 ], [ -112.005451581290998, 40.623521091849391 ], [ -112.005479581778999, 40.624055090260313 ], [ -112.005479868340998, 40.624055090260292 ], [ -112.005480478297002, 40.624137434916705 ], [ -112.005486346991006, 40.624928495356194 ], [ -112.005499983416996, 40.625060149445197 ], [ -112.005505435293003, 40.625112813735399 ], [ -112.005517786229007, 40.62518473088079 ], [ -112.005527955158001, 40.625243953378316 ], [ -112.005530135369995, 40.625256647267001 ], [ -112.005542448577003, 40.625333065544098 ], [ -112.005546141550994, 40.625355860376096 ], [ -112.005554831853004, 40.625409483733698 ], [ -112.005572615801, 40.625442820614801 ], [ -112.005429239291999, 40.625470321910001 ], [ -112.005429212341994, 40.62550202379299 ], [ -112.005428738929993, 40.626031142409694 ], [ -112.005428622148997, 40.626160999151097 ], [ -112.005428236772005, 40.626594654694003 ], [ -112.005428001412994, 40.626856784045188 ], [ -112.005427800191015, 40.627082957573109 ], [ -112.005427731918999, 40.627157495434993 ], [ -112.005427702274005, 40.62720557986939 ], [ -112.005427679815995, 40.627246725042106 ], [ -112.005427637596, 40.627281955690997 ], [ -112.005427531593995, 40.627411917722384 ], [ -112.005427459729006, 40.6274801323475 ], [ -112.005427391457005, 40.627570192617711 ], [ -112.005427311507006, 40.627658941016598 ], [ -112.005427281863007, 40.627678307734001 ], [ -112.005427206403994, 40.627776655473802 ], [ -112.005427125555997, 40.627865405643597 ], [ -112.005427107590009, 40.627875386229306 ], [ -112.005426929723001, 40.628071366479801 ], [ -112.005426919841995, 40.628094452178289 ], [ -112.005426840789994, 40.628183201243893 ], [ -112.005426754552005, 40.628266522569007 ], [ -112.005426662025002, 40.62836332249389 ], [ -112.005426581177005, 40.628460855185999 ], [ -112.005426450023009, 40.628618711032097 ], [ -112.005426408700004, 40.628654638410694 ], [ -112.005426369174003, 40.628707459401092 ], [ -112.005426264072, 40.628825048609599 ], [ -112.005426233528993, 40.628847874292994 ], [ -112.005426185019999, 40.628913796704396 ], [ -112.005426061951013, 40.629040284676108 ], [ -112.005425980203995, 40.629142844415711 ], [ -112.005425898457005, 40.629231593451706 ], [ -112.005425887678015, 40.629232423161703 ], [ -112.005425720591006, 40.629424559049184 ], [ -112.005425546317994, 40.629616696429103 ], [ -112.005425366655018, 40.629811579388608 ], [ -112.005425239093995, 40.629948897453311 ], [ -112.005424015588005, 40.631319276957804 ], [ -112.005423915874999, 40.63132093564419 ], [ -112.005301178160011, 40.631320556593792 ] ] ] } },
{ "type": "Feature", "properties": { "PrecinctID": "WJD009", "VistaID": "WJD009", "CountyID": 18, "VersionNbr": null, "EffectiveDate": 1765929600000 }, "geometry": { "type": "Polygon", "coordinates": [ [ [ -111.991483721853996, 40.631330092847108 ], [ -111.991483602377997, 40.631330094210604 ], [ -111.991482579196997, 40.631330092847094 ], [ -111.985184576978, 40.631334094009794 ], [ -111.984190988172003, 40.631328316218891 ], [ -111.984058659143997, 40.631190749426409 ], [ -111.983620238165997, 40.6307349681774 ], [ -111.983368202338994, 40.629350940010383 ], [ -111.981776830525007, 40.626056065580293 ], [ -111.980387831178007, 40.623228066697493 ], [ -111.978867575392002, 40.623823091901706 ], [ -111.977764577173005, 40.624012092662007 ], [ -111.976776691770993, 40.624033298622983 ], [ -111.976686650036001, 40.624035230900198 ], [ -111.976506576449012, 40.624039092726996 ], [ -111.976506574653015, 40.624038957044803 ], [ -111.976500576602007, 40.623600092134986 ], [ -111.976513576122002, 40.622458093713391 ], [ -111.976522574545996, 40.6214890929772 ], [ -111.976522575445003, 40.620810092562905 ], [ -111.976524575992997, 40.620224092873791 ], [ -111.976545574113004, 40.616108091482708 ], [ -111.976545575909, 40.61608770333239 ], [ -111.976545575011002, 40.616037091268502 ], [ -111.976546573937014, 40.6150020913161 ], [ -111.976547574660998, 40.614792091434701 ], [ -111.976547574660998, 40.614370091670793 ], [ -111.976547573762005, 40.613527091353106 ], [ -111.976547574660998, 40.61332009073341 ], [ -111.976547573762005, 40.613113091518095 ], [ -111.976548573586996, 40.612907092739697 ], [ -111.976548573586996, 40.612752093210297 ], [ -111.976546574835993, 40.611041091206893 ], [ -111.976555575057006, 40.60960909185399 ], [ -111.976566498570008, 40.609463107117691 ], [ -111.976566573130995, 40.6094620916667 ], [ -111.976566601876996, 40.609461849567786 ], [ -111.976746641328006, 40.609460454942294 ], [ -111.976836675875006, 40.609459757288498 ], [ -111.977180575220999, 40.609457092155601 ], [ -111.977392574033999, 40.609456092389799 ], [ -111.977880573931017, 40.609456092389799 ], [ -111.978158572867002, 40.609456090343869 ], [ -111.978752574865993, 40.609456091025905 ], [ -111.979346573271016, 40.609454090130107 ], [ -111.979835574789007, 40.609454090130107 ], [ -111.980155574456006, 40.609453090364198 ], [ -111.981118575627008, 40.609450090384499 ], [ -111.981439575118998, 40.609450091066492 ], [ -111.981697574861997, 40.609463090750502 ], [ -111.981825575806994, 40.609470090474282 ], [ -111.982473575537, 40.609467090495301 ], [ -111.982732576003002, 40.609467090495293 ], [ -111.983160573829011, 40.609465089599993 ], [ -111.984447574865001, 40.609460090089186 ], [ -111.984876575209995, 40.609459090323305 ], [ -111.985178577130995, 40.609453090364191 ], [ -111.986084574806995, 40.609436090249893 ], [ -111.986387532535005, 40.609431092100799 ], [ -111.986387577450998, 40.609431090736898 ], [ -111.986838576639002, 40.609433090269285 ], [ -111.988194576373999, 40.609442090892486 ], [ -111.988646577183999, 40.60944509019059 ], [ -111.989050576517002, 40.609448090852602 ], [ -111.990265574887999, 40.609457091473693 ], [ -111.990670577638994, 40.609460090771101 ], [ -111.991991577213994, 40.609469089344685 ], [ -111.993854310312003, 40.609482723937504 ], [ -111.994314577419004, 40.609486089450797 ], [ -111.995956578283, 40.609478089281083 ], [ -111.996067576813999, 40.609477088833493 ], [ -111.997263578512005, 40.609471089557992 ], [ -111.997277578755998, 40.60947109024 ], [ -111.997277920116005, 40.609471088876006 ], [ -111.997292378500006, 40.609553415365703 ], [ -111.998807062037002, 40.618176107276611 ], [ -111.999843580432, 40.623476090022493 ], [ -111.99993623626402, 40.63114547052389 ], [ -111.999937894553995, 40.631282731305994 ], [ -111.999852899554995, 40.631282093873693 ], [ -111.999852580652998, 40.631282091828496 ], [ -111.991906579520005, 40.631340092685697 ], [ -111.991870578635996, 40.631336092886691 ], [ -111.991849579618005, 40.631334093328107 ], [ -111.991827580774995, 40.631334094009802 ], [ -111.991522579380003, 40.631330092847108 ], [ -111.991483721853996, 40.631330092847108 ] ] ] } },
{ "type": "Feature", "properties": { "PrecinctID": "WJD010", "VistaID": "WJD010", "CountyID": 18, "VersionNbr": null, "EffectiveDate": 1765929600000 }, "geometry": { "type": "Polygon", "coordinates": [ [ [ -111.976603577432002, 40.631308093605895 ], [ -111.976602577607011, 40.631190093585985 ], [ -111.976593576488, 40.629459094513194 ], [ -111.976567576549002, 40.626362093811593 ], [ -111.976524575992997, 40.624511093008401 ], [ -111.976506576449012, 40.624039092726996 ], [ -111.976686650036001, 40.624035230900198 ], [ -111.976776691770993, 40.624033298622983 ], [ -111.977764577173005, 40.624012092662007 ], [ -111.978867575392002, 40.623823091901706 ], [ -111.980387831178007, 40.623228066697493 ], [ -111.981776830525007, 40.626056065580293 ], [ -111.983368202338994, 40.629350940010383 ], [ -111.983620238165997, 40.6307349681774 ], [ -111.984058659143997, 40.631190749426409 ], [ -111.984190988172003, 40.631328316218891 ], [ -111.984187396707014, 40.631328295084792 ], [ -111.984152577109001, 40.631328092606495 ], [ -111.983260577878994, 40.631327093849585 ], [ -111.982687577594007, 40.631271093223503 ], [ -111.981043577978994, 40.63132909409029 ], [ -111.980495576910002, 40.631349093766204 ], [ -111.980309578035005, 40.631354093002592 ], [ -111.979753577468003, 40.631370094237703 ], [ -111.979568577519998, 40.631376092910294 ], [ -111.979132578399998, 40.631373093914895 ], [ -111.977824576548997, 40.631364093519302 ], [ -111.977389576356018, 40.631362093279705 ], [ -111.977256578083995, 40.631364093519295 ], [ -111.976874307201001, 40.6313313118076 ], [ -111.976784066939004, 40.631323572635189 ], [ -111.976603577432002, 40.631308093605895 ] ] ] } },
{ "type": "Feature", "properties": { "PrecinctID": "WJD011", "VistaID": "WJD011", "CountyID": 18, "VersionNbr": null, "EffectiveDate": 1765929600000 }, "geometry": { "type": "Polygon", "coordinates": [ [ [ -111.967338712019995, 40.631283737562597 ], [ -111.965325621603995, 40.631287231509397 ], [ -111.959316418765994, 40.631297659490599 ], [ -111.959801113759994, 40.631014645847394 ], [ -111.960704991412996, 40.630812019668006 ], [ -111.961924568496997, 40.630373513553693 ], [ -111.962985481543001, 40.629935619506803 ], [ -111.963496810687005, 40.629649198778303 ], [ -111.963802636736006, 40.629335146911693 ], [ -111.964270092161996, 40.628089036131406 ], [ -111.964731154277999, 40.6272766629816 ], [ -111.964755416874993, 40.626729089938109 ], [ -111.964846404536004, 40.626387445708204 ], [ -111.965105068133994, 40.626002476150006 ], [ -111.965195616518002, 40.625596842994085 ], [ -111.965428330481998, 40.624145461967593 ], [ -111.967385212411997, 40.624126728317087 ], [ -111.976236418008995, 40.624041565686902 ], [ -111.976326472319997, 40.624040697048599 ], [ -111.976506574653015, 40.624038957044803 ], [ -111.976506576449012, 40.624039092726996 ], [ -111.976524575992997, 40.624511093008401 ], [ -111.976567576549002, 40.626362093811593 ], [ -111.976593576488, 40.629459094513194 ], [ -111.976602577607011, 40.631190093585985 ], [ -111.976603577432002, 40.631308093605895 ], [ -111.976603591805002, 40.631308732401394 ], [ -111.976423441861002, 40.631308309037486 ], [ -111.976333364195, 40.63130809769639 ], [ -111.970405541535001, 40.631294003970709 ], [ -111.969306155441998, 40.6312957035625 ], [ -111.967477697563993, 40.63129786537781 ], [ -111.967338712019995, 40.631283737562597 ] ] ] } },
{ "type": "Feature", "properties": { "PrecinctID": "WJD012", "VistaID": "WJD012", "CountyID": 18, "VersionNbr": null, "EffectiveDate": 1765929600000 }, "geometry": { "type": "Polygon", "coordinates": [ [ [ -111.94876602645202, 40.63133953024591 ], [ -111.948765995011016, 40.631309820467209 ], [ -111.948844933569006, 40.631309774790296 ], [ -111.948845474354002, 40.631309775471998 ], [ -111.948845004535002, 40.631065507672801 ], [ -111.948830557828998, 40.6310655131267 ], [ -111.948438503394996, 40.63106573264961 ], [ -111.948315874374998, 40.631066481208791 ], [ -111.948267566572994, 40.6240150960788 ], [ -111.957831977911994, 40.6240880644078 ], [ -111.965428330481998, 40.624145461967593 ], [ -111.965195616518002, 40.625596842994085 ], [ -111.965105068133994, 40.626002476150006 ], [ -111.964846404536004, 40.626387445708204 ], [ -111.964755416874993, 40.626729089938109 ], [ -111.964731154277999, 40.6272766629816 ], [ -111.964270092161996, 40.628089036131406 ], [ -111.963802636736006, 40.629335146911693 ], [ -111.963496810687005, 40.629649198778303 ], [ -111.962985481543001, 40.629935619506803 ], [ -111.961924568496997, 40.630373513553693 ], [ -111.960704991412996, 40.630812019668006 ], [ -111.959801113759994, 40.631014645847394 ], [ -111.959316418765994, 40.631297659490599 ], [ -111.958900701808005, 40.631525949789498 ], [ -111.957917271151004, 40.631809497113601 ], [ -111.957836284435004, 40.631824489945785 ], [ -111.957831734468002, 40.631375134377102 ], [ -111.957831016713996, 40.63130427174071 ], [ -111.94876602645202, 40.63133953024591 ] ] ] } },
{ "type": "Feature", "properties": { "PrecinctID": "WJD013", "VistaID": "WJD013", "CountyID": 18, "VersionNbr": null, "EffectiveDate": 1765929600000 }, "geometry": { "type": "Polygon", "coordinates": [ [ [ -111.944440213456005, 40.631314681993906 ], [ -111.944440228727998, 40.631314471334598 ], [ -111.944437162777007, 40.62972253114831 ], [ -111.944114890373001, 40.62977955844179 ], [ -111.943790674013997, 40.629837109960491 ], [ -111.943421469127003, 40.629902874590591 ], [ -111.943421478109997, 40.62992904189089 ], [ -111.943103988336006, 40.629985777896991 ], [ -111.943103994623996, 40.629993024312803 ], [ -111.942906740756996, 40.630028273284019 ], [ -111.942464849586997, 40.630021988151704 ], [ -111.942470175699, 40.629804702467503 ], [ -111.942470652704003, 40.629598374052897 ], [ -111.941953943548995, 40.629597685472298 ], [ -111.941953237473996, 40.6298997562211 ], [ -111.941952503549999, 40.630213636356707 ], [ -111.941657271333995, 40.630263766586097 ], [ -111.941240700977005, 40.6303166503887 ], [ -111.940287208472995, 40.630394238903008 ], [ -111.938979053908, 40.630492050193297 ], [ -111.938979114993998, 40.630582687255192 ], [ -111.938767611152016, 40.630582771110802 ], [ -111.938767568033001, 40.630581096043905 ], [ -111.938765568383005, 40.630484095489408 ], [ -111.938765569281003, 40.63046709595401 ], [ -111.938765569281003, 40.630429096335298 ], [ -111.938764568558, 40.630160096621992 ], [ -111.938763569631007, 40.629356095520599 ], [ -111.938763568732995, 40.629088096411095 ], [ -111.938763276781003, 40.628795763137397 ], [ -111.938763677428994, 40.628795763137397 ], [ -111.938762061359995, 40.62751609783669 ], [ -111.938761918528002, 40.627403229732401 ], [ -111.938748568663996, 40.625083095731902 ], [ -111.938747567042995, 40.624893096422007 ], [ -111.938743567743003, 40.62408209576239 ], [ -111.938743570438007, 40.624081688034494 ], [ -111.938833631934997, 40.624081061442602 ], [ -111.948267566572994, 40.6240150960788 ], [ -111.948315874374998, 40.631066481208791 ], [ -111.948317756346, 40.631341255742903 ], [ -111.948233141334001, 40.631308078607496 ], [ -111.945950217667999, 40.631313169882596 ], [ -111.944440213456005, 40.631314681993906 ] ] ] } },
{ "type": "Feature", "properties": { "PrecinctID": "WJD014", "VistaID": "WJD014", "CountyID": 18, "VersionNbr": null, "EffectiveDate": 1765929600000 }, "geometry": { "type": "Polygon", "coordinates": [ [ [ -111.936157050342004, 40.630893895130697 ], [ -111.936156913798001, 40.630747468086902 ], [ -111.936156905714, 40.630738835752709 ], [ -111.936156312825005, 40.630164598946401 ], [ -111.936131828344003, 40.630164631670795 ], [ -111.935733522533994, 40.630165175031202 ], [ -111.935644208434994, 40.630165297065702 ], [ -111.935358562141005, 40.630165684985585 ], [ -111.935355613870001, 40.630168095678698 ], [ -111.935171567932997, 40.630168095678705 ], [ -111.935102568336006, 40.630167096904593 ], [ -111.934627567960007, 40.630167097586309 ], [ -111.933586566971002, 40.630168095678691 ], [ -111.933257567981002, 40.630176096779792 ], [ -111.932689566820002, 40.630173096367002 ], [ -111.931861567165001, 40.63017009799929 ], [ -111.931864567538, 40.630107097478309 ], [ -111.931859567515005, 40.629887096621189 ], [ -111.931078567716, 40.629929096431709 ], [ -111.93103756680901, 40.629929096431709 ], [ -111.930907567112996, 40.629927098194401 ], [ -111.930561567506999, 40.629930097936501 ], [ -111.930056566993002, 40.629935095915499 ], [ -111.929236731226993, 40.629981086713293 ], [ -111.929236242543993, 40.6299722824767 ], [ -111.929230902957997, 40.629876146873201 ], [ -111.929231565913994, 40.629876096422905 ], [ -111.929231565913994, 40.629776097140706 ], [ -111.929232566638007, 40.629525097451101 ], [ -111.929233565564019, 40.629479096794491 ], [ -111.929237565761994, 40.629381097898602 ], [ -111.929237566661001, 40.629322097234692 ], [ -111.929238565586999, 40.629281097193385 ], [ -111.929232566638007, 40.62914509697579 ], [ -111.929230566089998, 40.629087096939003 ], [ -111.929228568235999, 40.6290430969716 ], [ -111.929225566965002, 40.628979096595387 ], [ -111.929223566416994, 40.628913097890191 ], [ -111.929222565694019, 40.628870097283496 ], [ -111.929223566416994, 40.62873209727411 ], [ -111.929226565891994, 40.628501096916402 ], [ -111.929226565891994, 40.628376390084398 ], [ -111.929226566790007, 40.628321098076 ], [ -111.929227565716999, 40.628184096417598 ], [ -111.929227566614998, 40.628139098414394 ], [ -111.929227567512996, 40.628006096381199 ], [ -111.929227566614998, 40.627962097065108 ], [ -111.929227566614998, 40.627733097801205 ], [ -111.929228566440003, 40.627695096626795 ], [ -111.929224261713003, 40.627229208569695 ], [ -111.929222566592003, 40.627046096661594 ], [ -111.929220566043995, 40.626818097853594 ], [ -111.929218567291997, 40.626697096148597 ], [ -111.929215566021, 40.626337096439492 ], [ -111.929214565298011, 40.626217097468796 ], [ -111.929213566371004, 40.626166096954698 ], [ -111.929210566896003, 40.626014097423806 ], [ -111.929210566896003, 40.625964097637109 ], [ -111.929208565449997, 40.625810096558901 ], [ -111.929203566325, 40.625349096857796 ], [ -111.929202565602012, 40.625196095937198 ], [ -111.929201567573998, 40.625155096089998 ], [ -111.929200565952002, 40.625032097079099 ], [ -111.929200565952002, 40.6249910964493 ], [ -111.929197566477995, 40.62481509720179 ], [ -111.929191564833005, 40.624290096672091 ], [ -111.929189566082002, 40.624115095805706 ], [ -111.929189578657997, 40.624114811487203 ], [ -111.929333757362997, 40.624114317168498 ], [ -111.938653508941002, 40.624082003716808 ], [ -111.938743570438007, 40.624081688034494 ], [ -111.938743567743003, 40.62408209576239 ], [ -111.938747567042995, 40.624893096422007 ], [ -111.938748568663996, 40.625083095731902 ], [ -111.938761918528002, 40.627403229732401 ], [ -111.938762061359995, 40.62751609783669 ], [ -111.938763677428994, 40.628795763137397 ], [ -111.938763276781003, 40.628795763137397 ], [ -111.938763568732995, 40.629088096411095 ], [ -111.938763569631007, 40.629356095520599 ], [ -111.938764568558, 40.630160096621992 ], [ -111.938765569281003, 40.630429096335298 ], [ -111.938765569281003, 40.63046709595401 ], [ -111.938765568383005, 40.630484095489408 ], [ -111.938711649702995, 40.630490216275497 ], [ -111.938580569332998, 40.630505095551186 ], [ -111.938467568457, 40.630554097941996 ], [ -111.938294570001005, 40.630613096835496 ], [ -111.938138569467, 40.630658095898895 ], [ -111.938002569923, 40.63068009671759 ], [ -111.937750569130003, 40.630729097616502 ], [ -111.937477568419993, 40.630762096420796 ], [ -111.937103569225002, 40.630813096833798 ], [ -111.936877567471996, 40.630840096194596 ], [ -111.936622569001003, 40.630869096480595 ], [ -111.936400569243006, 40.630888097531006 ], [ -111.936158569393015, 40.630894096246898 ], [ -111.936157050342004, 40.630893895130697 ] ] ] } },
{ "type": "Feature", "properties": { "PrecinctID": "WJD015", "VistaID": "WJD015", "CountyID": 18, "VersionNbr": null, "EffectiveDate": 1765929600000 }, "geometry": { "type": "Polygon", "coordinates": [ [ [ -111.923011564411993, 40.630030097669803 ], [ -111.922976565149995, 40.629990097521713 ], [ -111.922847566176998, 40.629839097292297 ], [ -111.922616566198002, 40.629656097531708 ], [ -111.921573565559996, 40.6287790979219 ], [ -111.921405564432007, 40.628439098393201 ], [ -111.921416564302007, 40.627839097087694 ], [ -111.921418234271016, 40.627775619847597 ], [ -111.921419563776993, 40.627725097771098 ], [ -111.921420563601998, 40.627670098389999 ], [ -111.921390565261007, 40.62728009714079 ], [ -111.921320564043, 40.626983097284104 ], [ -111.921146466948002, 40.626236684143102 ], [ -111.921117777451997, 40.62611368371509 ], [ -111.921105171394004, 40.626059635480203 ], [ -111.921059564825001, 40.625864096587797 ], [ -111.920921564733007, 40.625004097200488 ], [ -111.920914565060002, 40.624774097120714 ], [ -111.920897564444005, 40.624114096941 ], [ -111.920882565273004, 40.624026097242506 ], [ -111.920871564503997, 40.623965098204714 ], [ -111.920841565264993, 40.623785097366095 ], [ -111.920831564321006, 40.623725098342398 ], [ -111.920811825640001, 40.623608481980803 ], [ -111.921085562070004, 40.62361630659349 ], [ -111.924512183025996, 40.623714209629895 ], [ -111.927326802441002, 40.624110838528296 ], [ -111.929045495175018, 40.62411450398691 ], [ -111.929189578657997, 40.624114811487203 ], [ -111.929189566082002, 40.624115095805706 ], [ -111.929191564833005, 40.624290096672091 ], [ -111.929197566477995, 40.62481509720179 ], [ -111.929200565952002, 40.6249910964493 ], [ -111.929200565952002, 40.625032097079099 ], [ -111.929201567573998, 40.625155096089998 ], [ -111.929202565602012, 40.625196095937198 ], [ -111.929203566325, 40.625349096857796 ], [ -111.929208565449997, 40.625810096558901 ], [ -111.929210566896003, 40.625964097637109 ], [ -111.929210566896003, 40.626014097423806 ], [ -111.929213566371004, 40.626166096954698 ], [ -111.929214565298011, 40.626217097468796 ], [ -111.929215566021, 40.626337096439492 ], [ -111.929218567291997, 40.626697096148597 ], [ -111.929220566043995, 40.626818097853594 ], [ -111.929222566592003, 40.627046096661594 ], [ -111.929224261713003, 40.627229208569695 ], [ -111.929228566440003, 40.627695096626795 ], [ -111.929227566614998, 40.627733097801205 ], [ -111.929227566614998, 40.627962097065108 ], [ -111.929227567512996, 40.628006096381199 ], [ -111.929227566614998, 40.628139098414394 ], [ -111.929227565716999, 40.628184096417598 ], [ -111.929226566790007, 40.628321098076 ], [ -111.927732721473021, 40.628458258988495 ], [ -111.926195580953006, 40.628599375267186 ], [ -111.926100567042994, 40.628608097190302 ], [ -111.926041564797004, 40.628498097791898 ], [ -111.925899565405004, 40.628238097254098 ], [ -111.925769566607016, 40.628118096926805 ], [ -111.925698566462003, 40.628070097008205 ], [ -111.925438566170996, 40.627892098031396 ], [ -111.925265566817004, 40.627815097032517 ], [ -111.924782566942994, 40.627684098112795 ], [ -111.924349564603006, 40.627491096805784 ], [ -111.924179565621998, 40.62739309771959 ], [ -111.924025563840004, 40.627305096887106 ], [ -111.923809563930007, 40.627129096919603 ], [ -111.923738564683006, 40.627057097326109 ], [ -111.923636564576, 40.626953096488279 ], [ -111.923568564804, 40.626859097361795 ], [ -111.923391565252004, 40.6266130972082 ], [ -111.923356566888003, 40.626486097384003 ], [ -111.923299565190007, 40.626275097270998 ], [ -111.923147564854006, 40.626300097393504 ], [ -111.923121565813005, 40.626299097197901 ], [ -111.923306563964999, 40.6272210980297 ], [ -111.923315565981994, 40.627326096585001 ], [ -111.923359565465006, 40.62755409843119 ], [ -111.923572565900002, 40.6285890982182 ], [ -111.923279566895005, 40.629392097496599 ], [ -111.923202566003994, 40.629615097695499 ], [ -111.923091566574001, 40.629940097984793 ], [ -111.923060567511001, 40.630043097440101 ], [ -111.923011564411993, 40.630030097669803 ] ] ] } },
{ "type": "Feature", "properties": { "PrecinctID": "WJD016", "VistaID": "WJD016", "CountyID": 18, "VersionNbr": null, "EffectiveDate": 1765929600000 }, "geometry": { "type": "Polygon", "coordinates": [ [ [ -112.062745819295003, 40.618370795190998 ], [ -112.062745803126006, 40.618358661179002 ], [ -112.062743874443001, 40.616791106265609 ], [ -112.062743661542001, 40.616618078250909 ], [ -112.062743659744996, 40.616616177808297 ], [ -112.062741875691003, 40.615856336020002 ], [ -112.062741540619996, 40.6157141174535 ], [ -112.062737412860997, 40.6139577841357 ], [ -112.062736639411, 40.613628349931901 ], [ -112.062736626835004, 40.613622863155499 ], [ -112.062726999589998, 40.609525242598892 ], [ -112.062728131466997, 40.609434110494604 ], [ -112.061399414465996, 40.609451418177315 ], [ -112.059232613321996, 40.609479610752309 ], [ -112.058721052411997, 40.609486259942798 ], [ -112.058718987185017, 40.609486275628107 ], [ -112.058675881526, 40.609486592061295 ], [ -112.058419258002999, 40.609488474293592 ], [ -112.058419204103998, 40.609412537773593 ], [ -112.058462574765016, 40.609412760777403 ], [ -112.058460306518995, 40.608335497541297 ], [ -112.058685919300999, 40.60786499858969 ], [ -112.059177969702006, 40.607485275213293 ], [ -112.059767608583002, 40.607224740722998 ], [ -112.060503600990003, 40.607138388974896 ], [ -112.061916940188993, 40.607177651935196 ], [ -112.061953866337007, 40.605796813005703 ], [ -112.062023289040994, 40.605428304439698 ], [ -112.062306439815004, 40.604616960397799 ], [ -112.062362414738999, 40.604082835255298 ], [ -112.062430771142004, 40.603585469233202 ], [ -112.062571884795005, 40.603124571242105 ], [ -112.062577504654996, 40.602342168256001 ], [ -112.062471771150001, 40.60087054193729 ], [ -112.062560653158997, 40.600208546567103 ], [ -112.062877486264995, 40.599732424730995 ], [ -112.062871536722994, 40.596726626452302 ], [ -112.061585043235013, 40.5963013319613 ], [ -112.061225273353003, 40.5961448519489 ], [ -112.060924000865, 40.596218202682401 ], [ -112.060130417465004, 40.596078174850902 ], [ -112.059525860261999, 40.595980384109097 ], [ -112.059129661000995, 40.595982273542802 ], [ -112.058752330852002, 40.595984069527901 ], [ -112.058155081443999, 40.596010934949192 ], [ -112.057971657140996, 40.596019182970998 ], [ -112.058103588215005, 40.595316083201709 ], [ -112.058118589182001, 40.595239083535091 ], [ -112.058125987707001, 40.595196779518595 ], [ -112.058150588968999, 40.595056083803101 ], [ -112.058394588468005, 40.593779083935097 ], [ -112.058411589084997, 40.593645083751788 ], [ -112.058549590075998, 40.592848083252392 ], [ -112.058577587868001, 40.592706082436898 ], [ -112.058646583872004, 40.592257111077693 ], [ -112.058774510256001, 40.592240122278803 ], [ -112.058862510119994, 40.592228121315003 ], [ -112.059037483970997, 40.592207599682403 ], [ -112.059044166538015, 40.592206815898294 ], [ -112.059186509984997, 40.5921901217732 ], [ -112.059510508952002, 40.592162121091704 ], [ -112.060007510866001, 40.592173121360794 ], [ -112.060274510829998, 40.592195123257902 ], [ -112.060547511538999, 40.5922061221574 ], [ -112.060958511443019, 40.592140122594493 ], [ -112.061189510522993, 40.592107121083195 ], [ -112.061354511277997, 40.59209612148539 ], [ -112.061547511621995, 40.592076122335882 ], [ -112.061830508783999, 40.592047122262585 ], [ -112.062060510735009, 40.592069120790406 ], [ -112.062471509740007, 40.592217123101406 ], [ -112.062672510479999, 40.592277121769413 ], [ -112.062860511699, 40.592305121720607 ], [ -112.063076511608998, 40.5923051210385 ], [ -112.063256512433014, 40.59228812065529 ], [ -112.063350509448995, 40.592244121007901 ], [ -112.063602510242006, 40.592151121502901 ], [ -112.063811510479994, 40.592091121357491 ], [ -112.064027510390005, 40.591986121314498 ], [ -112.064243510300017, 40.591937122011196 ], [ -112.064452511436002, 40.591882122499804 ], [ -112.064704510431994, 40.591805120924903 ], [ -112.064949509756019, 40.591706121985688 ], [ -112.065093511493004, 40.591596121173303 ], [ -112.065302511729996, 40.591525120838192 ], [ -112.065547509257996, 40.591547120219893 ], [ -112.065727510081018, 40.591585121491491 ], [ -112.06589251173402, 40.591662120591003 ], [ -112.066072511659002, 40.591712120809404 ], [ -112.066274511326, 40.591756121488906 ], [ -112.066418510367996, 40.591739120966295 ], [ -112.066541510391005, 40.591701122510806 ], [ -112.066685511230006, 40.591635121085098 ], [ -112.066994512823001, 40.591569120958702 ], [ -112.067189511918002, 40.5915191206334 ], [ -112.067434511241999, 40.591481120688691 ], [ -112.067636510908002, 40.591393121667188 ], [ -112.067902510148997, 40.591228121654886 ], [ -112.068017510675006, 40.591102121458206 ], [ -112.068219512138, 40.591009121729186 ], [ -112.068413510509998, 40.590987120806105 ], [ -112.068500510549001, 40.590954121454395 ], [ -112.068644511387006, 40.590926120255411 ], [ -112.068860513093995, 40.590838121185598 ], [ -112.069278512669996, 40.590685121046803 ], [ -112.069436512853997, 40.590668120933898 ], [ -112.069453510776, 40.590673121850401 ], [ -112.069609509513, 40.590717121167195 ], [ -112.069768511318003, 40.59078312077029 ], [ -112.070272511108001, 40.590937120727801 ], [ -112.071396512836003, 40.591239122077695 ], [ -112.071576510065995, 40.591255120642892 ], [ -112.072123513107996, 40.591233120482997 ], [ -112.072159512194006, 40.591234120521392 ], [ -112.072310513603995, 40.59123912139551 ], [ -112.072390512173001, 40.591277121477809 ], [ -112.072591512912993, 40.591354120932003 ], [ -112.072858511977998, 40.591382120587603 ], [ -112.073060511644002, 40.591420121270687 ], [ -112.073319511212006, 40.591458121250199 ], [ -112.073542512591999, 40.591486120180001 ], [ -112.073686512532007, 40.591469120953001 ], [ -112.074047512207002, 40.591409120195607 ], [ -112.074205510593998, 40.591403119980491 ], [ -112.074493514067001, 40.591420121952901 ], [ -112.074805512439994, 40.591523119405693 ], [ -112.075015511603993, 40.591593121074197 ], [ -112.075015592452004, 40.591593144267293 ], [ -112.075011591356002, 40.592609081456594 ], [ -112.074999589864021, 40.595252081890393 ], [ -112.075895731225003, 40.595255370359411 ], [ -112.073827401605996, 40.598837790036498 ], [ -112.073148219556018, 40.598830244901599 ], [ -112.073154589509002, 40.5989050837074 ], [ -112.073155205754006, 40.598905130770603 ], [ -112.073154766477003, 40.5989059069734 ], [ -112.073149637995002, 40.598914952667101 ], [ -112.073087678495, 40.599024245040205 ], [ -112.072504483230006, 40.600052943286002 ], [ -112.072435251867006, 40.600171140863509 ], [ -112.072368727129003, 40.600290012109291 ], [ -112.072305361765999, 40.600409896686109 ], [ -112.072244253868007, 40.600530628165991 ], [ -112.072185853492996, 40.600652205180189 ], [ -112.072130611595, 40.600774451753487 ], [ -112.072078072726995, 40.600897371974298 ], [ -112.072050979538005, 40.6009646656181 ], [ -112.072028244077003, 40.601021137034692 ], [ -112.071981568512996, 40.601145399764995 ], [ -112.071976390624002, 40.60115996092 ], [ -112.071956980725005, 40.601214550388399 ], [ -112.071955154449995, 40.601219686926591 ], [ -112.071954765480001, 40.60122078093891 ], [ -112.071954743022005, 40.601220845733891 ], [ -112.071954598393006, 40.601221046939401 ], [ -112.071962592500995, 40.602263082812897 ], [ -112.071533593951997, 40.602265083923903 ], [ -112.071578591463009, 40.603071082771798 ], [ -112.071657593801007, 40.603413082231583 ], [ -112.072073593726998, 40.604800082637894 ], [ -112.072147593347012, 40.605177083673993 ], [ -112.07218259260901, 40.6053440830173 ], [ -112.072303593880989, 40.605926083683492 ], [ -112.072384592275, 40.606229083978704 ], [ -112.072470594286003, 40.606489083571496 ], [ -112.072512593219997, 40.606680083884207 ], [ -112.072544593904993, 40.606872084137692 ], [ -112.072568594195005, 40.607064083157489 ], [ -112.072583594264003, 40.607257082788486 ], [ -112.072589593212996, 40.607451083022092 ], [ -112.072582593540005, 40.607740084779302 ], [ -112.072566594544995, 40.607933083822104 ], [ -112.072525594536998, 40.608222083495001 ], [ -112.072516594315999, 40.608265085118795 ], [ -112.072487594004002, 40.60841308499279 ], [ -112.072441593972997, 40.608603083438105 ], [ -112.072385592998998, 40.608792083613501 ], [ -112.072321592525995, 40.608979083708306 ], [ -112.072209594170019, 40.60925608367851 ], [ -112.072096594192004, 40.609494084845686 ], [ -112.072344592991001, 40.6094980832248 ], [ -112.072981594647004, 40.609505083626992 ], [ -112.072985594844994, 40.609719083487711 ], [ -112.073140594655001, 40.609719083487697 ], [ -112.078061594527995, 40.609723083217297 ], [ -112.082554594778003, 40.609725083423001 ], [ -112.082557595151002, 40.610040083357795 ], [ -112.082559596598003, 40.611576083414093 ], [ -112.082577597039005, 40.615219084885808 ], [ -112.082583597785998, 40.616946082787294 ], [ -112.073129598378003, 40.617068084080394 ], [ -112.073100881933001, 40.617067312179998 ], [ -112.073009213350005, 40.617064852599597 ], [ -112.072484419358005, 40.617050761323185 ], [ -112.071092612775999, 40.617013382774786 ], [ -112.069322236369999, 40.616965812650008 ], [ -112.068385478582016, 40.616940629014209 ], [ -112.067505037077012, 40.616834337628283 ], [ -112.066766449436997, 40.617554048186001 ], [ -112.066648096397998, 40.617650040601902 ], [ -112.066523552169997, 40.617741372203092 ], [ -112.066437883435, 40.617798151293307 ], [ -112.066393134757007, 40.617827809804702 ], [ -112.066257170247994, 40.6179091352234 ], [ -112.066116005390995, 40.617985141867713 ], [ -112.066047176473006, 40.618018374717202 ], [ -112.065970000410985, 40.61805563882919 ], [ -112.065819521820998, 40.6181204440635 ], [ -112.065664953202003, 40.6181793959815 ], [ -112.065506687115999, 40.618232345267195 ], [ -112.065345121519002, 40.618279154877484 ], [ -112.065180670534005, 40.618319708224 ], [ -112.064904817672996, 40.618371790732297 ], [ -112.064844778771004, 40.618381650680597 ], [ -112.064674190494998, 40.618402881613001 ], [ -112.064671791993007, 40.618403131180102 ], [ -112.064449303551996, 40.618416686215802 ], [ -112.064226277019998, 40.618423346790799 ], [ -112.064003079807009, 40.618423101315109 ], [ -112.063780079325994, 40.618415949788584 ], [ -112.063107387604006, 40.61838658201809 ], [ -112.062745819295003, 40.618370795190998 ] ] ] } },
{ "type": "Feature", "properties": { "PrecinctID": "WJD017", "VistaID": "WJD017", "CountyID": 18, "VersionNbr": null, "EffectiveDate": 1765929600000 }, "geometry": { "type": "Polygon", "coordinates": [ [ [ -112.052858959481995, 40.623887117673704 ], [ -112.048205589291996, 40.623896087031419 ], [ -112.046638590567994, 40.623886087441797 ], [ -112.045983590266999, 40.62389708794479 ], [ -112.045359590825996, 40.623899088408002 ], [ -112.045362590300996, 40.623927088068001 ], [ -112.045311961251002, 40.623926799657802 ], [ -112.045272486583002, 40.623844228376896 ], [ -112.043852483681007, 40.620873963033404 ], [ -112.043694186154994, 40.61727642050041 ], [ -112.043653798798005, 40.613642148020105 ], [ -112.043633642399001, 40.613642126198499 ], [ -112.04362811237101, 40.612497566664793 ], [ -112.043688750448993, 40.612505051610299 ], [ -112.044043967668003, 40.612770400431792 ], [ -112.044029482333997, 40.612791125106298 ], [ -112.044019842512995, 40.612813429134 ], [ -112.044015326682, 40.612836657174903 ], [ -112.044016072283995, 40.612860132067802 ], [ -112.044022054164998, 40.612883166423295 ], [ -112.044033098053006, 40.612905087855701 ], [ -112.044048881452994, 40.612925256030884 ], [ -112.044068942630005, 40.612943079714597 ], [ -112.044091454411003, 40.612957383256493 ], [ -112.04411671773201, 40.612968714250798 ], [ -112.044144057059, 40.612976769239197 ], [ -112.044172751046005, 40.612981338187396 ], [ -112.044202033429002, 40.612982297666605 ], [ -112.044231137048001, 40.612979623127103 ], [ -112.04425928216402, 40.612973384125695 ], [ -112.044285726769004, 40.612963748416902 ], [ -112.044309768380998, 40.612950968314408 ], [ -112.044324699279002, 40.612940419494088 ], [ -112.04433797099, 40.612928652739697 ], [ -112.044343410289002, 40.612924014912601 ], [ -112.044349705681995, 40.61292005356291 ], [ -112.044356712541003, 40.612916861433597 ], [ -112.044364269168994, 40.612914511491702 ], [ -112.044372205784995, 40.612913054882284 ], [ -112.044380340030003, 40.612912529111696 ], [ -112.044551587669005, 40.612911356186601 ], [ -112.044863158444002, 40.612909065572708 ], [ -112.044857441565, 40.612457654897497 ], [ -112.044998029704004, 40.612456620397694 ], [ -112.044844623505014, 40.612145781465891 ], [ -112.044901635084003, 40.612116781915198 ], [ -112.044954158680994, 40.612083217434204 ], [ -112.045001563675996, 40.612045486952184 ], [ -112.045043706341019, 40.612017189758703 ], [ -112.045091632359998, 40.611979628361198 ], [ -112.045135210533005, 40.611939109355092 ], [ -112.045164627662999, 40.611907210090997 ], [ -112.045202343431001, 40.611858753895 ], [ -112.045234106061997, 40.611807880170808 ], [ -112.045259656843996, 40.611755013082302 ], [ -112.045278774790006, 40.611700592479899 ], [ -112.045289586913, 40.6116548884686 ], [ -112.045295862543, 40.6116086934246 ], [ -112.045297566646994, 40.611562271942198 ], [ -112.045293862893018, 40.611270170884801 ], [ -112.044861342949005, 40.611273819999198 ], [ -112.044857759568998, 40.610998649206891 ], [ -112.044854181578998, 40.610723477281297 ], [ -112.044922946716, 40.610723044921485 ], [ -112.044914316600995, 40.610047278744503 ], [ -112.044908338313007, 40.609579162362991 ], [ -112.044907988868005, 40.609417792344296 ], [ -112.050564028034998, 40.609407300933611 ], [ -112.055373803001004, 40.609398163911891 ], [ -112.055555838509008, 40.609397815425702 ], [ -112.055547591076021, 40.609441084306702 ], [ -112.055431590724993, 40.610069085173699 ], [ -112.055277591637008, 40.610805085493496 ], [ -112.055168888302006, 40.611406648719999 ], [ -112.055071590875002, 40.611945085222985 ], [ -112.054879591253993, 40.612724086138492 ], [ -112.054861591711003, 40.612860085696198 ], [ -112.054843589472995, 40.612969085904091 ], [ -112.054723590720002, 40.613776086297506 ], [ -112.054658589525005, 40.614106086449297 ], [ -112.054624591883993, 40.614275086052899 ], [ -112.054536589326005, 40.614751085201299 ], [ -112.054434590116998, 40.615352085787599 ], [ -112.054312591715004, 40.616013086290494 ], [ -112.054252591440004, 40.616352085996205 ], [ -112.054199591737017, 40.6166220850684 ], [ -112.054153590807999, 40.616883086157294 ], [ -112.054061588950006, 40.617397086736389 ], [ -112.054013590167003, 40.617667087040402 ], [ -112.053991335305, 40.61778246115459 ], [ -112.053926591026993, 40.618118087485797 ], [ -112.053903589664003, 40.618245087538106 ], [ -112.053881590821007, 40.618363086564983 ], [ -112.053766591194005, 40.618979087878095 ], [ -112.053740592153005, 40.619143086597305 ], [ -112.053707590743997, 40.619270086064695 ], [ -112.053631314792995, 40.619691857137894 ], [ -112.053630341917994, 40.619697234317599 ], [ -112.053244590961995, 40.6218300872398 ], [ -112.053226590519998, 40.621922086103496 ], [ -112.053203591851997, 40.622020087762692 ], [ -112.052912590700998, 40.623686086470691 ], [ -112.052875329480997, 40.623883182201389 ], [ -112.052874591066001, 40.623887087673594 ], [ -112.052858959481995, 40.623887117673704 ] ] ] } },
{ "type": "Feature", "properties": { "PrecinctID": "WJD018", "VistaID": "WJD018", "CountyID": 18, "VersionNbr": null, "EffectiveDate": 1765929600000 }, "geometry": { "type": "Polygon", "coordinates": [ [ [ -112.043705589369011, 40.623905086388099 ], [ -112.043039590095006, 40.623907087532807 ], [ -112.042335590288999, 40.623910086863503 ], [ -112.041774589699003, 40.623913087557696 ], [ -112.041657589522998, 40.623913087557703 ], [ -112.039388588845995, 40.623923087143289 ], [ -112.038924589237993, 40.623921087362596 ], [ -112.038924192183003, 40.623921086680795 ], [ -112.038225587658005, 40.623918088032497 ], [ -112.037372056983997, 40.623914977565391 ], [ -112.037371815336996, 40.623913394377098 ], [ -112.037370769698001, 40.62390655707609 ], [ -112.037353218413998, 40.623791730132808 ], [ -112.037353045938005, 40.623780657339296 ], [ -112.037351047185993, 40.623652564620301 ], [ -112.037329267532002, 40.622256426827512 ], [ -112.034112862233997, 40.622273350723404 ], [ -112.034125771023994, 40.623103493885111 ], [ -112.034131681939002, 40.623483570328794 ], [ -112.034132786867005, 40.623554573538108 ], [ -112.034135745019, 40.623744835748482 ], [ -112.034136735860997, 40.623808551366501 ], [ -112.03413807075701, 40.623894395433197 ], [ -112.034138386964003, 40.623914743018986 ], [ -112.034138442659994, 40.623918258487699 ], [ -112.034138043807999, 40.623918259851301 ], [ -112.031202588411006, 40.623927088749802 ], [ -112.030205586904998, 40.623930089443185 ], [ -112.029882586865, 40.623931088992492 ], [ -112.029808585448009, 40.623931088310698 ], [ -112.029313584980997, 40.623931088992499 ], [ -112.028799587839998, 40.623932089223601 ], [ -112.028617586468002, 40.623932089905402 ], [ -112.028221587530993, 40.623934089003896 ], [ -112.027803587056994, 40.623936089466007 ], [ -112.027767587072006, 40.623936089466007 ], [ -112.027017586336015, 40.623948088828101 ], [ -112.024852736333003, 40.623983654627203 ], [ -112.024582585079003, 40.623988089867808 ], [ -112.024577585954006, 40.623263089463499 ], [ -112.024576356161006, 40.623040484652101 ], [ -112.024565586259001, 40.621089089036602 ], [ -112.024561585162004, 40.620365088815603 ], [ -112.024496583966993, 40.618208089464602 ], [ -112.024445583913007, 40.616554089834686 ], [ -112.024328584635995, 40.612690088933491 ], [ -112.024300584147994, 40.611739087617195 ], [ -112.024294488180999, 40.61153795643439 ], [ -112.024248582473007, 40.610023088166507 ], [ -112.024232634681994, 40.609454913266198 ], [ -112.024232612223997, 40.6094540539858 ], [ -112.024232609528994, 40.609453914182303 ], [ -112.024232605037, 40.609453820752591 ], [ -112.024376694809007, 40.609453581381594 ], [ -112.024430729372, 40.609453492043791 ], [ -112.035811933067009, 40.609434092081486 ], [ -112.043437188932003, 40.609420474528001 ], [ -112.043477684086, 40.609420400875301 ], [ -112.044907988868005, 40.609417792344296 ], [ -112.044908338313007, 40.609579162362991 ], [ -112.044914316600995, 40.610047278744503 ], [ -112.044922946716, 40.610723044921485 ], [ -112.044854181578998, 40.610723477281297 ], [ -112.044857759568998, 40.610998649206891 ], [ -112.044861342949005, 40.611273819999198 ], [ -112.045293862893018, 40.611270170884801 ], [ -112.045297566646994, 40.611562271942198 ], [ -112.045295862543, 40.6116086934246 ], [ -112.045289586913, 40.6116548884686 ], [ -112.045278774790006, 40.611700592479899 ], [ -112.045259656843996, 40.611755013082302 ], [ -112.045234106061997, 40.611807880170808 ], [ -112.045202343431001, 40.611858753895 ], [ -112.045164627662999, 40.611907210090997 ], [ -112.045135210533005, 40.611939109355092 ], [ -112.045091632359998, 40.611979628361198 ], [ -112.045043706341019, 40.612017189758703 ], [ -112.045001563675996, 40.612045486952184 ], [ -112.044954158680994, 40.612083217434204 ], [ -112.044901635084003, 40.612116781915198 ], [ -112.044844623505014, 40.612145781465891 ], [ -112.044998029704004, 40.612456620397694 ], [ -112.044857441565, 40.612457654897497 ], [ -112.044863158444002, 40.612909065572708 ], [ -112.044551587669005, 40.612911356186601 ], [ -112.044380340030003, 40.612912529111696 ], [ -112.044372205784995, 40.612913054882284 ], [ -112.044364269168994, 40.612914511491702 ], [ -112.044356712541003, 40.612916861433597 ], [ -112.044349705681995, 40.61292005356291 ], [ -112.044343410289002, 40.612924014912601 ], [ -112.04433797099, 40.612928652739697 ], [ -112.044324699279002, 40.612940419494088 ], [ -112.044309768380998, 40.612950968314408 ], [ -112.044285726769004, 40.612963748416902 ], [ -112.04425928216402, 40.612973384125695 ], [ -112.044231137048001, 40.612979623127103 ], [ -112.044202033429002, 40.612982297666605 ], [ -112.044172751046005, 40.612981338187396 ], [ -112.044144057059, 40.612976769239197 ], [ -112.04411671773201, 40.612968714250798 ], [ -112.044091454411003, 40.612957383256493 ], [ -112.044068942630005, 40.612943079714597 ], [ -112.044048881452994, 40.612925256030884 ], [ -112.044033098053006, 40.612905087855701 ], [ -112.044022054164998, 40.612883166423295 ], [ -112.044016072283995, 40.612860132067802 ], [ -112.044015326682, 40.612836657174903 ], [ -112.044019842512995, 40.612813429134 ], [ -112.044029482333997, 40.612791125106298 ], [ -112.044043967668003, 40.612770400431792 ], [ -112.043688750448993, 40.612505051610299 ], [ -112.04362811237101, 40.612497566664793 ], [ -112.043633642399001, 40.613642126198499 ], [ -112.043653798798005, 40.613642148020105 ], [ -112.043694186154994, 40.61727642050041 ], [ -112.043852483681007, 40.620873963033404 ], [ -112.045272486583002, 40.623844228376896 ], [ -112.045311961251002, 40.623926799657802 ], [ -112.045010589049994, 40.623925086923784 ], [ -112.044422587797996, 40.623922088957507 ], [ -112.044182590293005, 40.623921086680795 ], [ -112.043852590580002, 40.62392008713141 ], [ -112.043822590443, 40.623917087801203 ], [ -112.043734590579007, 40.623908088446193 ], [ -112.043705589369011, 40.623905086388099 ] ] ] } },
{ "type": "Feature", "properties": { "PrecinctID": "WJD019", "VistaID": "WJD019", "CountyID": 18, "VersionNbr": null, "EffectiveDate": 1765929600000 }, "geometry": { "type": "Polygon", "coordinates": [ [ [ -112.018059852223999, 40.624014088348993 ], [ -112.018059584526, 40.624014089030801 ], [ -112.017640585125008, 40.624014090394397 ], [ -112.01723358452, 40.624015089260595 ], [ -112.016386585497003, 40.624016090172297 ], [ -112.015969584846999, 40.624017090402099 ], [ -112.015018583371997, 40.624018089268297 ], [ -112.012893584430998, 40.624033089986199 ], [ -112.012893231392994, 40.624033085895206 ], [ -112.012892277381994, 40.623950722019202 ], [ -112.012865259652003, 40.621617869643906 ], [ -112.013119006769998, 40.621093136496903 ], [ -112.013799388071007, 40.620190182671891 ], [ -112.013902439207001, 40.61961701569679 ], [ -112.013874302176006, 40.618733524420904 ], [ -112.013076110418993, 40.617356365767307 ], [ -112.012362118651012, 40.616106671083699 ], [ -112.011848491616007, 40.614728260155701 ], [ -112.011808413279994, 40.613859134413794 ], [ -112.011936658566, 40.613065979602098 ], [ -112.012498920390996, 40.611989683606694 ], [ -112.012627923855007, 40.611298793684689 ], [ -112.012715102659001, 40.609508676916398 ], [ -112.024034518432003, 40.609455002604101 ], [ -112.024088541316999, 40.609454744137999 ], [ -112.024232612223997, 40.6094540539858 ], [ -112.024232634681994, 40.609454913266198 ], [ -112.024248582473007, 40.610023088166507 ], [ -112.024294488180999, 40.61153795643439 ], [ -112.024300584147994, 40.611739087617195 ], [ -112.024328584635995, 40.612690088933491 ], [ -112.024445583913007, 40.616554089834686 ], [ -112.024496583966993, 40.618208089464602 ], [ -112.024561585162004, 40.620365088815603 ], [ -112.024565586259001, 40.621089089036602 ], [ -112.024576356161006, 40.623040484652101 ], [ -112.024577585954006, 40.623263089463499 ], [ -112.024582585079003, 40.623988089867808 ], [ -112.024312407774005, 40.623988738960598 ], [ -112.024165585326998, 40.623989090779901 ], [ -112.022917585548001, 40.62399608898199 ], [ -112.022502586344004, 40.623998089442196 ], [ -112.021613585691, 40.624000090584097 ], [ -112.018947585353999, 40.624010090156702 ], [ -112.018059852223999, 40.624014088348993 ] ] ] } },
{ "type": "Feature", "properties": { "PrecinctID": "WJD020", "VistaID": "WJD020", "CountyID": 18, "VersionNbr": null, "EffectiveDate": 1765929600000 }, "geometry": { "type": "Polygon", "coordinates": [ [ [ -112.005479868340998, 40.624055090260292 ], [ -112.005479581778999, 40.624055090260313 ], [ -112.005451581290998, 40.623521091849391 ], [ -112.005367581626004, 40.621922090876396 ], [ -112.005340580962994, 40.621416090444001 ], [ -112.005343581336021, 40.621111090962195 ], [ -112.005384581344003, 40.618455089521795 ], [ -112.00537058110001, 40.617718089952803 ], [ -112.005369579478995, 40.616767089284409 ], [ -112.005369579478995, 40.616715090080092 ], [ -112.005369581275005, 40.616714886875499 ], [ -112.005477641418011, 40.616714546610204 ], [ -112.010022132201996, 40.616700123177196 ], [ -112.012362118651012, 40.616106671083699 ], [ -112.013076110418993, 40.617356365767307 ], [ -112.013874302176006, 40.618733524420904 ], [ -112.013902439207001, 40.61961701569679 ], [ -112.013799388071007, 40.620190182671891 ], [ -112.013119006769998, 40.621093136496903 ], [ -112.012865259652003, 40.621617869643906 ], [ -112.012892277381994, 40.623950722019202 ], [ -112.012893231392994, 40.624033085895206 ], [ -112.011754582633998, 40.624020091773296 ], [ -112.009998581069993, 40.624001090814204 ], [ -112.007782582790995, 40.624055090260299 ], [ -112.007023582732998, 40.624058090947891 ], [ -112.006714582936013, 40.624057090718701 ], [ -112.005787581749999, 40.624055090942093 ], [ -112.005479868340998, 40.624055090260292 ] ] ] } },
{ "type": "Feature", "properties": { "PrecinctID": "WJD021", "VistaID": "WJD021", "CountyID": 18, "VersionNbr": null, "EffectiveDate": 1765929600000 }, "geometry": { "type": "Polygon", "coordinates": [ [ [ -112.005369581275005, 40.616714886875499 ], [ -112.005369579478995, 40.61589209024141 ], [ -112.005369580377007, 40.615416091038995 ], [ -112.005369580377007, 40.613424090294707 ], [ -112.005369581275005, 40.612753089517206 ], [ -112.00537058110001, 40.612602090551697 ], [ -112.005369580377007, 40.612587089994499 ], [ -112.005369580377007, 40.611973089211595 ], [ -112.005369579478995, 40.610086087854903 ], [ -112.005369580377007, 40.609566881495191 ], [ -112.005369579478995, 40.609457089427799 ], [ -112.005502822093007, 40.609498834071701 ], [ -112.012715102659001, 40.609508676916398 ], [ -112.012627923855007, 40.611298793684689 ], [ -112.012498920390996, 40.611989683606694 ], [ -112.011936658566, 40.613065979602098 ], [ -112.011808413279994, 40.613859134413794 ], [ -112.011848491616007, 40.614728260155701 ], [ -112.012362118651012, 40.616106671083699 ], [ -112.010022132201996, 40.616700123177196 ], [ -112.005477641418011, 40.616714546610204 ], [ -112.005369581275005, 40.616714886875499 ] ] ] } },
{ "type": "Feature", "properties": { "PrecinctID": "WJD022", "VistaID": "WJD022", "CountyID": 18, "VersionNbr": null, "EffectiveDate": 1765929600000 }, "geometry": { "type": "Polygon", "coordinates": [ [ [ -111.967382104240997, 40.618111503932901 ], [ -111.967380943617997, 40.615867073267097 ], [ -111.971683033004993, 40.615830112063207 ], [ -111.972825025294, 40.616062521411301 ], [ -111.976275428248996, 40.616085877883798 ], [ -111.976365478068004, 40.616086486139402 ], [ -111.976545575909, 40.61608770333239 ], [ -111.976545574113004, 40.616108091482708 ], [ -111.976524575992997, 40.620224092873791 ], [ -111.976522575445003, 40.620810092562905 ], [ -111.976522574545996, 40.6214890929772 ], [ -111.976513576122002, 40.622458093713391 ], [ -111.976500576602007, 40.623600092134986 ], [ -111.976506574653015, 40.624038957044803 ], [ -111.976326472319997, 40.624040697048599 ], [ -111.976236418008995, 40.624041565686902 ], [ -111.967385212411997, 40.624126728317087 ], [ -111.967382104240997, 40.618111503932901 ] ] ] } },
{ "type": "Feature", "properties": { "PrecinctID": "WJD023", "VistaID": "WJD023", "CountyID": 18, "VersionNbr": null, "EffectiveDate": 1765929600000 }, "geometry": { "type": "Polygon", "coordinates": [ [ [ -111.957831977911994, 40.6240880644078 ], [ -111.957799390625993, 40.619485964558393 ], [ -111.957789006102004, 40.617939946065988 ], [ -111.957776188938993, 40.616031682426687 ], [ -111.958641896277001, 40.6160456614043 ], [ -111.965156249646995, 40.61596794848019 ], [ -111.965501960894002, 40.616556773095709 ], [ -111.965512512505001, 40.618101653490903 ], [ -111.967382104240997, 40.618111503932901 ], [ -111.967385212411997, 40.624126728317087 ], [ -111.965428330481998, 40.624145461967593 ], [ -111.957831977911994, 40.6240880644078 ] ] ] } },
{ "type": "Feature", "properties": { "PrecinctID": "WJD024", "VistaID": "WJD024", "CountyID": 18, "VersionNbr": null, "EffectiveDate": 1765929600000 }, "geometry": { "type": "Polygon", "coordinates": [ [ [ -111.948267566572994, 40.6240150960788 ], [ -111.948223061337998, 40.618524340881791 ], [ -111.948622493635995, 40.618508596363711 ], [ -111.949013765638, 40.61841466854159 ], [ -111.949562857261995, 40.618199263901417 ], [ -111.950001200985, 40.618169143922394 ], [ -111.953220349738004, 40.618178089500297 ], [ -111.95379756042702, 40.617983886523895 ], [ -111.954058574018006, 40.617947327437598 ], [ -111.957789006102004, 40.617939946065988 ], [ -111.957799390625993, 40.619485964558393 ], [ -111.957831977911994, 40.6240880644078 ], [ -111.948267566572994, 40.6240150960788 ] ] ] } },
{ "type": "Feature", "properties": { "PrecinctID": "WJD025", "VistaID": "WJD025", "CountyID": 18, "VersionNbr": null, "EffectiveDate": 1765929600000 }, "geometry": { "type": "Polygon", "coordinates": [ [ [ -111.938768563365997, 40.617161932650895 ], [ -111.938768566958998, 40.617161095290093 ], [ -111.938768566958998, 40.6170920948164 ], [ -111.938769566784003, 40.616887095004493 ], [ -111.938770567507007, 40.61681909526731 ], [ -111.938777566281999, 40.616360095571501 ], [ -111.938798566198003, 40.6150010950428 ], [ -111.938806567491994, 40.614547094262001 ], [ -111.938797568170003, 40.614287094651594 ], [ -111.938790565801995, 40.614061094645599 ], [ -111.938770566608994, 40.613510094320901 ], [ -111.938762566213001, 40.613252094866802 ], [ -111.938762572501005, 40.613251354972995 ], [ -111.938852622319999, 40.613251595012301 ], [ -111.938942698190999, 40.613251835051486 ], [ -111.942427739284994, 40.613261075881503 ], [ -111.945502968946002, 40.613284161925499 ], [ -111.948179675405001, 40.613170221644403 ], [ -111.948223061337998, 40.618524340881791 ], [ -111.948267566572994, 40.6240150960788 ], [ -111.938833631934997, 40.624081061442602 ], [ -111.938743570438007, 40.624081688034494 ], [ -111.938746567218004, 40.623339096152598 ], [ -111.938756568162006, 40.621110096143696 ], [ -111.938757567088999, 40.620887096183402 ], [ -111.938760568359996, 40.620368095805702 ], [ -111.938760568359996, 40.620258095791101 ], [ -111.938762567110999, 40.619932095142694 ], [ -111.938763568732995, 40.619823095384589 ], [ -111.938763566936004, 40.619534095427802 ], [ -111.938765567485007, 40.618671095432191 ], [ -111.938766568207996, 40.618383094896984 ], [ -111.938766569105994, 40.618183094495784 ], [ -111.938766566411005, 40.618138094527502 ], [ -111.938766567309003, 40.617810094479793 ], [ -111.938767567133993, 40.617405094822495 ], [ -111.938768563365997, 40.617161932650895 ] ] ] } },
{ "type": "Feature", "properties": { "PrecinctID": "WJD026", "VistaID": "WJD026", "CountyID": 18, "VersionNbr": null, "EffectiveDate": 1765929600000 }, "geometry": { "type": "Polygon", "coordinates": [ [ [ -111.929189578657997, 40.624114811487203 ], [ -111.929197565579003, 40.623912096871791 ], [ -111.929223566416994, 40.623305095485399 ], [ -111.929233565564019, 40.6231030963786 ], [ -111.929228566440003, 40.62283209597949 ], [ -111.929215565123002, 40.622020097308486 ], [ -111.929211564924998, 40.6217500961884 ], [ -111.929213564573999, 40.62149709648169 ], [ -111.929220566942007, 40.620737096788105 ], [ -111.929223566416994, 40.620485096254789 ], [ -111.929221565869, 40.620274095593793 ], [ -111.929221565869, 40.620192095286299 ], [ -111.929219564421999, 40.619641095748705 ], [ -111.92921956532102, 40.619430095831106 ], [ -111.929219566219004, 40.619309095060586 ], [ -111.929220564247004, 40.61894609620721 ], [ -111.929221566766998, 40.618826095549593 ], [ -111.929221564970021, 40.618785095201503 ], [ -111.929222564794998, 40.618666095246397 ], [ -111.929223565518996, 40.618626095110798 ], [ -111.929221564970021, 40.618503096350601 ], [ -111.929217563874019, 40.618110097214 ], [ -111.929216564948007, 40.617982094539308 ], [ -111.929215566021, 40.617956095755993 ], [ -111.929213565473006, 40.617880096579292 ], [ -111.929213565473006, 40.617855096714599 ], [ -111.929212564750003, 40.617819096701986 ], [ -111.929210565100007, 40.617714096156902 ], [ -111.929210565100007, 40.6176793759658 ], [ -111.929300614919001, 40.617679383466509 ], [ -111.935212434990007, 40.617679792597301 ], [ -111.935277335574, 40.617141433674092 ], [ -111.938588466422999, 40.617160877767191 ], [ -111.938678512649005, 40.617161404868199 ], [ -111.938768563365997, 40.617161932650895 ], [ -111.938767567133993, 40.617405094822495 ], [ -111.938766567309003, 40.617810094479793 ], [ -111.938766566411005, 40.618138094527502 ], [ -111.938766569105994, 40.618183094495784 ], [ -111.938766568207996, 40.618383094896984 ], [ -111.938765567485007, 40.618671095432191 ], [ -111.938763566936004, 40.619534095427802 ], [ -111.938763568732995, 40.619823095384589 ], [ -111.938762567110999, 40.619932095142694 ], [ -111.938760568359996, 40.620258095791101 ], [ -111.938760568359996, 40.620368095805702 ], [ -111.938757567088999, 40.620887096183402 ], [ -111.938756568162006, 40.621110096143696 ], [ -111.938746567218004, 40.623339096152598 ], [ -111.938743570438007, 40.624081688034494 ], [ -111.938653508941002, 40.624082003716808 ], [ -111.929333757362997, 40.624114317168498 ], [ -111.929189578657997, 40.624114811487203 ] ] ] } },
{ "type": "Feature", "properties": { "PrecinctID": "WJD027", "VistaID": "WJD027", "CountyID": 18, "VersionNbr": null, "EffectiveDate": 1765929600000 }, "geometry": { "type": "Polygon", "coordinates": [ [ [ -111.967380943617997, 40.615867073267097 ], [ -111.967411772899993, 40.609710652343495 ], [ -111.967412116955003, 40.609641992660301 ], [ -111.967412805961999, 40.609504673764199 ], [ -111.967743572836994, 40.609497091643199 ], [ -111.968793573148005, 40.609475092712202 ], [ -111.969143573850999, 40.609468090942983 ], [ -111.969143851430019, 40.609468090942997 ], [ -111.969409571295003, 40.609467091177301 ], [ -111.969654572414996, 40.609467091177301 ], [ -111.970291572275002, 40.609466092093598 ], [ -111.971187573498995, 40.609464091880099 ], [ -111.971699573685001, 40.609464091198092 ], [ -111.971939573884001, 40.609463091432396 ], [ -111.972661572335994, 40.6094620909847 ], [ -111.972902573259006, 40.6094620916667 ], [ -111.97301057411201, 40.609465090963901 ], [ -111.973334573976999, 40.609476091795784 ], [ -111.973443571960999, 40.609480090858 ], [ -111.973498574009, 40.609481091987391 ], [ -111.973666574237996, 40.60948709194399 ], [ -111.973722573415998, 40.609489092156714 ], [ -111.973842573067003, 40.609487092625997 ], [ -111.974244572749996, 40.6094830922003 ], [ -111.975292573412005, 40.609474091582697 ], [ -111.975811575066999, 40.609470091156304 ], [ -111.976334574225007, 40.609467091177294 ], [ -111.976495304389005, 40.609462927077999 ], [ -111.976527574569005, 40.6094620909847 ], [ -111.976535516574998, 40.609462090302685 ], [ -111.976564154865997, 40.60946186934499 ], [ -111.976564540243004, 40.609461865935103 ], [ -111.976566601876996, 40.609461849567786 ], [ -111.976566573130995, 40.6094620916667 ], [ -111.976566498570008, 40.609463107117691 ], [ -111.976555575057006, 40.60960909185399 ], [ -111.976546574835993, 40.611041091206893 ], [ -111.976548573586996, 40.612752093210297 ], [ -111.976548573586996, 40.612907092739697 ], [ -111.976547573762005, 40.613113091518095 ], [ -111.976547574660998, 40.61332009073341 ], [ -111.976547573762005, 40.613527091353106 ], [ -111.976547574660998, 40.614370091670793 ], [ -111.976547574660998, 40.614792091434701 ], [ -111.976546573937014, 40.6150020913161 ], [ -111.976545575011002, 40.616037091268502 ], [ -111.976545575909, 40.61608770333239 ], [ -111.976365478068004, 40.616086486139402 ], [ -111.976275428248996, 40.616085877883798 ], [ -111.972825025294, 40.616062521411301 ], [ -111.971683033004993, 40.615830112063207 ], [ -111.967380943617997, 40.615867073267097 ] ] ] } },
{ "type": "Feature", "properties": { "PrecinctID": "WJD028", "VistaID": "WJD028", "CountyID": 18, "VersionNbr": null, "EffectiveDate": 1765929600000 }, "geometry": { "type": "Polygon", "coordinates": [ [ [ -111.957776188938993, 40.616031682426687 ], [ -111.957812563521998, 40.609660332786383 ], [ -111.957813348648997, 40.609523093036309 ], [ -111.957813569635007, 40.609523093036302 ], [ -111.958277570139998, 40.609521092824501 ], [ -111.959672570232996, 40.6095190926127 ], [ -111.960232570998002, 40.609519091248799 ], [ -111.960902569571005, 40.609516091953999 ], [ -111.960990571232003, 40.609515092189007 ], [ -111.961259570845002, 40.609515092871007 ], [ -111.961349572155001, 40.609515092871007 ], [ -111.961480571676006, 40.609513091977099 ], [ -111.961874571861998, 40.609512092212093 ], [ -111.962006570309001, 40.609512092212086 ], [ -111.962133571429007, 40.609511092447001 ], [ -111.962518572291998, 40.609511092447008 ], [ -111.962647572164002, 40.6095120922121 ], [ -111.962752571745995, 40.609511092446994 ], [ -111.963066569768003, 40.609511093128987 ], [ -111.963172570074008, 40.609511092446994 ], [ -111.963314571262003, 40.609510092682008 ], [ -111.963743570708999, 40.609510092 ], [ -111.963886569926004, 40.609510092681994 ], [ -111.964587571156017, 40.609509092916902 ], [ -111.966528571769999, 40.609505092492604 ], [ -111.966692571802, 40.609505092492597 ], [ -111.967394571958991, 40.609505091810604 ], [ -111.967412733198998, 40.6095046744462 ], [ -111.967412805961999, 40.609504673764199 ], [ -111.967412116955003, 40.609641992660301 ], [ -111.967411772899993, 40.609710652343495 ], [ -111.967380943617997, 40.615867073267097 ], [ -111.967382104240997, 40.618111503932901 ], [ -111.965512512505001, 40.618101653490903 ], [ -111.965501960894002, 40.616556773095709 ], [ -111.965156249646995, 40.61596794848019 ], [ -111.958641896277001, 40.6160456614043 ], [ -111.957776188938993, 40.616031682426687 ] ] ] } },
{ "type": "Feature", "properties": { "PrecinctID": "WJD029", "VistaID": "WJD029", "CountyID": 18, "VersionNbr": null, "EffectiveDate": 1765929600000 }, "geometry": { "type": "Polygon", "coordinates": [ [ [ -111.948179675405001, 40.613170221644403 ], [ -111.948150760432995, 40.609601342662899 ], [ -111.948149646521998, 40.609464102109698 ], [ -111.948150569092007, 40.609464093926 ], [ -111.948350568210017, 40.609464093244085 ], [ -111.949062568412003, 40.609462093712594 ], [ -111.951025568768003, 40.609461092582798 ], [ -111.952159570541994, 40.609457092837594 ], [ -111.953524570496995, 40.609446093366401 ], [ -111.957177569600006, 40.609523093036302 ], [ -111.957487571018007, 40.609523093036294 ], [ -111.957813348648997, 40.609523093036309 ], [ -111.957812563521998, 40.609660332786383 ], [ -111.957776188938993, 40.616031682426687 ], [ -111.957789006102004, 40.617939946065988 ], [ -111.954058574018006, 40.617947327437598 ], [ -111.95379756042702, 40.617983886523895 ], [ -111.953220349738004, 40.618178089500297 ], [ -111.950001200985, 40.618169143922394 ], [ -111.949562857261995, 40.618199263901417 ], [ -111.949013765638, 40.61841466854159 ], [ -111.948622493635995, 40.618508596363711 ], [ -111.948223061337998, 40.618524340881791 ], [ -111.948179675405001, 40.613170221644403 ] ] ] } },
{ "type": "Feature", "properties": { "PrecinctID": "WJD030", "VistaID": "WJD030", "CountyID": 18, "VersionNbr": null, "EffectiveDate": 1765929600000 }, "geometry": { "type": "Polygon", "coordinates": [ [ [ -111.938762572501005, 40.613251354972995 ], [ -111.938764567660002, 40.613041095228297 ], [ -111.938774565908986, 40.612408095042497 ], [ -111.938778567903, 40.612198095191403 ], [ -111.938777567179997, 40.611951095187486 ], [ -111.938775565734005, 40.611213094371998 ], [ -111.938775566632017, 40.610967093880092 ], [ -111.938770565710996, 40.61067709405539 ], [ -111.938758566912995, 40.609809093370991 ], [ -111.938754567613998, 40.609520093741608 ], [ -111.938844612042999, 40.609520094423608 ], [ -111.939261565980004, 40.609520093059594 ], [ -111.940784565222003, 40.609520094423608 ], [ -111.941292566108004, 40.609521092824501 ], [ -111.941620566170997, 40.609522093271387 ], [ -111.942604567258996, 40.609528094588207 ], [ -111.942933567146, 40.609530093435801 ], [ -111.943235565473998, 40.609530094117815 ], [ -111.944144568015005, 40.609533094093898 ], [ -111.944236567177995, 40.609534094540599 ], [ -111.944447567064998, 40.6095350929414 ], [ -111.945001567982004, 40.609492094180702 ], [ -111.948149646521998, 40.609464102109698 ], [ -111.948150760432995, 40.609601342662899 ], [ -111.948179675405001, 40.613170221644403 ], [ -111.945502968946002, 40.613284161925499 ], [ -111.942427739284994, 40.613261075881503 ], [ -111.938942698190999, 40.613251835051486 ], [ -111.938852622319999, 40.613251595012301 ], [ -111.938762572501005, 40.613251354972995 ] ] ] } },
{ "type": "Feature", "properties": { "PrecinctID": "WJD031", "VistaID": "WJD031", "CountyID": 18, "VersionNbr": null, "EffectiveDate": 1765929600000 }, "geometry": { "type": "Polygon", "coordinates": [ [ [ -111.929210565100007, 40.6176793759658 ], [ -111.929210565998005, 40.617679095711196 ], [ -111.929210565100007, 40.617499095662197 ], [ -111.929212565648001, 40.616961096003692 ], [ -111.929213564573999, 40.616782095722115 ], [ -111.929172564566997, 40.615148096001299 ], [ -111.929166565616995, 40.614177094852799 ], [ -111.929164564170989, 40.613911094925598 ], [ -111.929159563249002, 40.613113094927691 ], [ -111.929158564323004, 40.612847096220193 ], [ -111.929155564848003, 40.612478095300908 ], [ -111.929149565, 40.611371093955185 ], [ -111.929147565351002, 40.611002094432294 ], [ -111.929146564627004, 40.610919095957186 ], [ -111.929144564078996, 40.610670094458001 ], [ -111.929144564078996, 40.610588093955585 ], [ -111.929142563531016, 40.610352094825792 ], [ -111.929140563881006, 40.610132095730101 ], [ -111.929138565130003, 40.6096450956083 ], [ -111.929138564230996, 40.609557093898417 ], [ -111.929159563249002, 40.609412094493692 ], [ -111.929159575826006, 40.609412006519698 ], [ -111.929159724946004, 40.6094120481198 ], [ -111.929693671872997, 40.609555460586193 ], [ -111.929877984610002, 40.609552206919105 ], [ -111.929987985113002, 40.609553120755692 ], [ -111.931768022000995, 40.60954598123709 ], [ -111.934707561139007, 40.6095249200281 ], [ -111.938601266516997, 40.609520206266303 ], [ -111.938638312141009, 40.609520161256391 ], [ -111.938753702536005, 40.609520018725092 ], [ -111.938754564918995, 40.609520019407093 ], [ -111.938754567613998, 40.609520093741608 ], [ -111.938758566912995, 40.609809093370991 ], [ -111.938770565710996, 40.61067709405539 ], [ -111.938775566632017, 40.610967093880092 ], [ -111.938775565734005, 40.611213094371998 ], [ -111.938777567179997, 40.611951095187486 ], [ -111.938778567903, 40.612198095191403 ], [ -111.938774565908986, 40.612408095042497 ], [ -111.938764567660002, 40.613041095228297 ], [ -111.938762572501005, 40.613251354972995 ], [ -111.938762566213001, 40.613252094866802 ], [ -111.938770566608994, 40.613510094320901 ], [ -111.938790565801995, 40.614061094645599 ], [ -111.938797568170003, 40.614287094651594 ], [ -111.938806567491994, 40.614547094262001 ], [ -111.938798566198003, 40.6150010950428 ], [ -111.938777566281999, 40.616360095571501 ], [ -111.938770567507007, 40.61681909526731 ], [ -111.938769566784003, 40.616887095004493 ], [ -111.938768566958998, 40.6170920948164 ], [ -111.938768566958998, 40.617161095290093 ], [ -111.938768563365997, 40.617161932650895 ], [ -111.938678512649005, 40.617161404868199 ], [ -111.938588466422999, 40.617160877767191 ], [ -111.935277335574, 40.617141433674092 ], [ -111.935212434990007, 40.617679792597301 ], [ -111.929300614919001, 40.617679383466509 ], [ -111.929210565100007, 40.6176793759658 ] ] ] } },
{ "type": "Feature", "properties": { "PrecinctID": "WJD032", "VistaID": "WJD032", "CountyID": 18, "VersionNbr": null, "EffectiveDate": 1765929600000 }, "geometry": { "type": "Polygon", "coordinates": [ [ [ -111.920811825640001, 40.623608481980803 ], [ -111.920755565950003, 40.623276096687391 ], [ -111.920702565347995, 40.622748097632787 ], [ -111.920596564145001, 40.622092096877502 ], [ -111.920584564449001, 40.621943097039697 ], [ -111.920510846900001, 40.620978447905699 ], [ -111.920349880480003, 40.619820815917492 ], [ -111.920357731755004, 40.619120167590303 ], [ -111.920256629963006, 40.619110893477192 ], [ -111.920049440729002, 40.618820401228703 ], [ -111.919760283819002, 40.618537404942408 ], [ -111.920008657216002, 40.618339207888191 ], [ -111.920199328227994, 40.618020814487899 ], [ -111.920203970721019, 40.618018965226192 ], [ -111.920158564477006, 40.617631095790998 ], [ -111.920162562878005, 40.617599095597683 ], [ -111.920249562916993, 40.616991095832603 ], [ -111.920340343066002, 40.61675480223689 ], [ -111.920370096167005, 40.616633088813394 ], [ -111.920412926940998, 40.616457881728401 ], [ -111.920547654470994, 40.616114293368803 ], [ -111.920671462079994, 40.615670410760103 ], [ -111.92070975007401, 40.615533133574495 ], [ -111.920713707153013, 40.615257624365903 ], [ -111.920711089462003, 40.615256326692503 ], [ -111.920687992878001, 40.614765048762898 ], [ -111.920646322726995, 40.614449837204084 ], [ -111.920644353620006, 40.614445957774883 ], [ -111.920645570836996, 40.614444158876303 ], [ -111.920545439224995, 40.6136867111748 ], [ -111.920580815779999, 40.6135533755415 ], [ -111.920580398062995, 40.613552526542691 ], [ -111.920579291338001, 40.613550282321796 ], [ -111.920591013454995, 40.613514937367398 ], [ -111.920618317747994, 40.613412024258992 ], [ -111.920742222374997, 40.6130592284781 ], [ -111.921037337810006, 40.612456353759995 ], [ -111.921042189611001, 40.612446443837591 ], [ -111.921118688343995, 40.612290165284797 ], [ -111.921253603622006, 40.612065912478897 ], [ -111.921270562916007, 40.612019095105694 ], [ -111.921273806732003, 40.611938173728987 ], [ -111.92129056300702, 40.611520096914603 ], [ -111.921331563913995, 40.610804094613194 ], [ -111.921330564089004, 40.610768094893096 ], [ -111.921315599053997, 40.610082523920894 ], [ -111.921304441979004, 40.609571421352086 ], [ -111.921303562527996, 40.609531095928403 ], [ -111.92147710985401, 40.60949446674789 ], [ -111.922209562001001, 40.609342095797203 ], [ -111.922243562336007, 40.609333095842601 ], [ -111.922244020476995, 40.609332713257601 ], [ -111.924348776781002, 40.608901099322892 ], [ -111.924530402656998, 40.608871730779796 ], [ -111.924643687400007, 40.608856388397989 ], [ -111.924756976636004, 40.608841979635997 ], [ -111.924870269465004, 40.608828448572801 ], [ -111.924984728306001, 40.608816726104607 ], [ -111.925098122644997, 40.608807697436191 ], [ -111.925212675810002, 40.608799597616901 ], [ -111.925327228076995, 40.608791496432708 ], [ -111.925442954440996, 40.6087869585688 ], [ -111.925557603726006, 40.608782425478502 ], [ -111.925672200009998, 40.608781515723301 ], [ -111.925786870855006, 40.608780606650107 ], [ -111.925901550681999, 40.608781452981603 ], [ -111.926017384844997, 40.608782349097297 ], [ -111.926132088027998, 40.608786820127804 ], [ -111.926246868467004, 40.608792221372497 ], [ -111.926361588719004, 40.608799380066898 ], [ -111.926476393412003, 40.6088084060084 ], [ -111.926589978192993, 40.608818259184496 ], [ -111.92667402008, 40.608826627017692 ], [ -111.926817320232004, 40.608842575 ], [ -111.926930927471005, 40.6088561060605 ], [ -111.927044623642999, 40.608872271585604 ], [ -111.927157175361998, 40.608889429379495 ], [ -111.927171013011005, 40.608891861299895 ], [ -111.927269741453998, 40.608909221635109 ], [ -111.927381162193001, 40.608929950916895 ], [ -111.927492588323005, 40.60895155925629 ], [ -111.927602801727005, 40.608974983002106 ], [ -111.927713096877, 40.60900027466429 ], [ -111.927823397417995, 40.609026386730292 ], [ -111.927932552605995, 40.6090534371804 ], [ -111.928040505848998, 40.609084115712506 ], [ -111.928148530057996, 40.609114738990684 ], [ -111.928255333457997, 40.609145420904511 ], [ -111.928361003182999, 40.609179729527902 ], [ -111.928466676501003, 40.609213984257998 ], [ -111.928571217043995, 40.609251920929999 ], [ -111.928738035988999, 40.609297310150588 ], [ -111.928817564739006, 40.609318949741883 ], [ -111.929159575826006, 40.609412006519698 ], [ -111.929159563249002, 40.609412094493692 ], [ -111.929138564230996, 40.609557093898417 ], [ -111.929138565130003, 40.6096450956083 ], [ -111.929140563881006, 40.610132095730101 ], [ -111.929142563531016, 40.610352094825792 ], [ -111.929144564078996, 40.610588093955585 ], [ -111.929144564078996, 40.610670094458001 ], [ -111.929146564627004, 40.610919095957186 ], [ -111.929147565351002, 40.611002094432294 ], [ -111.929149565, 40.611371093955185 ], [ -111.929155564848003, 40.612478095300908 ], [ -111.929158564323004, 40.612847096220193 ], [ -111.929159563249002, 40.613113094927691 ], [ -111.929164564170989, 40.613911094925598 ], [ -111.929166565616995, 40.614177094852799 ], [ -111.929172564566997, 40.615148096001299 ], [ -111.929213564573999, 40.616782095722115 ], [ -111.929212565648001, 40.616961096003692 ], [ -111.929210565100007, 40.617499095662197 ], [ -111.929210565998005, 40.617679095711196 ], [ -111.929210565100007, 40.6176793759658 ], [ -111.929210565100007, 40.617714096156902 ], [ -111.929212564750003, 40.617819096701986 ], [ -111.929213565473006, 40.617855096714599 ], [ -111.929213565473006, 40.617880096579292 ], [ -111.929215566021, 40.617956095755993 ], [ -111.929216564948007, 40.617982094539308 ], [ -111.929217563874019, 40.618110097214 ], [ -111.929221564970021, 40.618503096350601 ], [ -111.929223565518996, 40.618626095110798 ], [ -111.929222564794998, 40.618666095246397 ], [ -111.929221564970021, 40.618785095201503 ], [ -111.929221566766998, 40.618826095549593 ], [ -111.929220564247004, 40.61894609620721 ], [ -111.929219566219004, 40.619309095060586 ], [ -111.92921956532102, 40.619430095831106 ], [ -111.929219564421999, 40.619641095748705 ], [ -111.929221565869, 40.620192095286299 ], [ -111.929221565869, 40.620274095593793 ], [ -111.929223566416994, 40.620485096254789 ], [ -111.929220566942007, 40.620737096788105 ], [ -111.929213564573999, 40.62149709648169 ], [ -111.929211564924998, 40.6217500961884 ], [ -111.929215565123002, 40.622020097308486 ], [ -111.929228566440003, 40.62283209597949 ], [ -111.929233565564019, 40.6231030963786 ], [ -111.929223566416994, 40.623305095485399 ], [ -111.929197565579003, 40.623912096871791 ], [ -111.929189578657997, 40.624114811487203 ], [ -111.929045495175018, 40.62411450398691 ], [ -111.927326802441002, 40.624110838528296 ], [ -111.924512183025996, 40.623714209629895 ], [ -111.921085562070004, 40.62361630659349 ], [ -111.920811825640001, 40.623608481980803 ] ] ] } },
{ "type": "Feature", "properties": { "PrecinctID": "WJD033", "VistaID": "WJD033", "CountyID": 18, "VersionNbr": null, "EffectiveDate": 1765929600000 }, "geometry": { "type": "Polygon", "coordinates": [ [ [ -112.058419204103998, 40.609412537773593 ], [ -112.055737635962004, 40.609398720398801 ], [ -112.055555845694997, 40.609397782009196 ], [ -112.055555935526996, 40.609397298493192 ], [ -112.055754589867007, 40.608355084684895 ], [ -112.055947590211005, 40.607269084464598 ], [ -112.056160589748018, 40.605958085375399 ], [ -112.056479589589998, 40.604225085398184 ], [ -112.056831536942013, 40.602313806251892 ], [ -112.056832589766998, 40.602308083924207 ], [ -112.056842589813016, 40.602255085188794 ], [ -112.057282590927002, 40.599971083903093 ], [ -112.057458588857997, 40.599060083296102 ], [ -112.057666588372001, 40.597756083748806 ], [ -112.057784588373011, 40.59701608452081 ], [ -112.057971657140996, 40.596019182970998 ], [ -112.058155081443999, 40.596010934949192 ], [ -112.058752330852002, 40.595984069527901 ], [ -112.059129661000995, 40.595982273542802 ], [ -112.059525860261999, 40.595980384109097 ], [ -112.060130417465004, 40.596078174850902 ], [ -112.060924000865, 40.596218202682401 ], [ -112.061225273353003, 40.5961448519489 ], [ -112.061585043235013, 40.5963013319613 ], [ -112.062871536722994, 40.596726626452302 ], [ -112.062877486264995, 40.599732424730995 ], [ -112.062560653158997, 40.600208546567103 ], [ -112.062471771150001, 40.60087054193729 ], [ -112.062577504654996, 40.602342168256001 ], [ -112.062571884795005, 40.603124571242105 ], [ -112.062430771142004, 40.603585469233202 ], [ -112.062362414738999, 40.604082835255298 ], [ -112.062306439815004, 40.604616960397799 ], [ -112.062023289040994, 40.605428304439698 ], [ -112.061953866337007, 40.605796813005703 ], [ -112.061916940188993, 40.607177651935196 ], [ -112.060503600990003, 40.607138388974896 ], [ -112.059767608583002, 40.607224740722998 ], [ -112.059177969702006, 40.607485275213293 ], [ -112.058685919300999, 40.60786499858969 ], [ -112.058460306518995, 40.608335497541297 ], [ -112.058462574765016, 40.609412760777403 ], [ -112.058419204103998, 40.609412537773593 ] ] ] } },
{ "type": "Feature", "properties": { "PrecinctID": "WJD034", "VistaID": "WJD034", "CountyID": 18, "VersionNbr": null, "EffectiveDate": 1765929600000 }, "geometry": { "type": "Polygon", "coordinates": [ [ [ -112.044907988868005, 40.609417792344296 ], [ -112.043477684086, 40.609420400875301 ], [ -112.043416886108005, 40.602227610484803 ], [ -112.043416696563, 40.602205365671807 ], [ -112.043625416525998, 40.602205491167602 ], [ -112.046276842596001, 40.602215742265791 ], [ -112.047071529128004, 40.602218792359395 ], [ -112.050321508959996, 40.602231558827505 ], [ -112.050325616956016, 40.602231575196491 ], [ -112.050363436029002, 40.602232111963808 ], [ -112.052452479002, 40.602268080133904 ], [ -112.053448337850995, 40.60228918932669 ], [ -112.054321594631006, 40.602299669578102 ], [ -112.056180513482005, 40.602310158012294 ], [ -112.056331945184994, 40.602311011928201 ], [ -112.056830087959, 40.602313815800493 ], [ -112.056831536942013, 40.602313806251892 ], [ -112.056479589589998, 40.604225085398184 ], [ -112.056160589748018, 40.605958085375399 ], [ -112.055947590211005, 40.607269084464598 ], [ -112.055754589867007, 40.608355084684895 ], [ -112.055555935526996, 40.609397298493192 ], [ -112.055555845694997, 40.609397782009196 ], [ -112.055555838509008, 40.609397815425702 ], [ -112.055373803001004, 40.609398163911891 ], [ -112.050564028034998, 40.609407300933611 ], [ -112.044907988868005, 40.609417792344296 ] ] ] } },
{ "type": "Feature", "properties": { "PrecinctID": "WJD035", "VistaID": "WJD035", "CountyID": 18, "VersionNbr": null, "EffectiveDate": 1765929600000 }, "geometry": { "type": "Polygon", "coordinates": [ [ [ -112.043416696563, 40.602205365671807 ], [ -112.043396806965006, 40.599851553213895 ], [ -112.04432311555, 40.599834621592095 ], [ -112.045184413955994, 40.599704219177298 ], [ -112.046044295719, 40.599396852012099 ], [ -112.049592914179001, 40.599367645035898 ], [ -112.049628933028998, 40.599721405243407 ], [ -112.050249162239993, 40.599705897064695 ], [ -112.050256036148994, 40.595230276765911 ], [ -112.057944215405996, 40.595197558492906 ], [ -112.058125987707001, 40.595196779518595 ], [ -112.058118589182001, 40.595239083535091 ], [ -112.058103588215005, 40.595316083201709 ], [ -112.057971657140996, 40.596019182970998 ], [ -112.057784588373011, 40.59701608452081 ], [ -112.057666588372001, 40.597756083748806 ], [ -112.057458588857997, 40.599060083296102 ], [ -112.057282590927002, 40.599971083903093 ], [ -112.056842589813016, 40.602255085188794 ], [ -112.056832589766998, 40.602308083924207 ], [ -112.056831536942013, 40.602313806251892 ], [ -112.056830087959, 40.602313815800493 ], [ -112.056331945184994, 40.602311011928201 ], [ -112.056180513482005, 40.602310158012294 ], [ -112.054321594631006, 40.602299669578102 ], [ -112.053448337850995, 40.60228918932669 ], [ -112.052452479002, 40.602268080133904 ], [ -112.050363436029002, 40.602232111963808 ], [ -112.050325616956016, 40.602231575196491 ], [ -112.050321508959996, 40.602231558827505 ], [ -112.047071529128004, 40.602218792359395 ], [ -112.046276842596001, 40.602215742265791 ], [ -112.043625416525998, 40.602205491167602 ], [ -112.043416696563, 40.602205365671807 ] ] ] } },
{ "type": "Feature", "properties": { "PrecinctID": "WJD036", "VistaID": "WJD036", "CountyID": 18, "VersionNbr": null, "EffectiveDate": 1765929600000 }, "geometry": { "type": "Polygon", "coordinates": [ [ [ -112.043357502975994, 40.59520008231469 ], [ -112.050084961883996, 40.595231000488496 ], [ -112.050256036148994, 40.595230276765911 ], [ -112.050249162239993, 40.599705897064695 ], [ -112.049628933028998, 40.599721405243407 ], [ -112.049592914179001, 40.599367645035898 ], [ -112.046044295719, 40.599396852012099 ], [ -112.045184413955994, 40.599704219177298 ], [ -112.04432311555, 40.599834621592095 ], [ -112.043396806965006, 40.599851553213895 ], [ -112.043357502975994, 40.59520008231469 ] ] ] } },
{ "type": "Feature", "properties": { "PrecinctID": "WJD037", "VistaID": "WJD037", "CountyID": 18, "VersionNbr": null, "EffectiveDate": 1765929600000 }, "geometry": { "type": "Polygon", "coordinates": [ [ [ -112.035811933067009, 40.609434092081486 ], [ -112.035136558076999, 40.608182353308997 ], [ -112.033625468699995, 40.607141978299602 ], [ -112.032303552843999, 40.606059307001793 ], [ -112.031197583896997, 40.604582984985001 ], [ -112.030203398609018, 40.602248787894595 ], [ -112.043416886108005, 40.602227610484803 ], [ -112.043477684086, 40.609420400875301 ], [ -112.043437188932003, 40.609420474528001 ], [ -112.035811933067009, 40.609434092081486 ] ] ] } },
{ "type": "Feature", "properties": { "PrecinctID": "WJD038", "VistaID": "WJD038", "CountyID": 18, "VersionNbr": null, "EffectiveDate": 1765929600000 }, "geometry": { "type": "Polygon", "coordinates": [ [ [ -112.030203398609018, 40.602248787894595 ], [ -112.029682329031999, 40.595224279622101 ], [ -112.033854028853995, 40.595240545304499 ], [ -112.043357502975994, 40.59520008231469 ], [ -112.043396806965006, 40.599851553213895 ], [ -112.043416696563, 40.602205365671807 ], [ -112.043416886108005, 40.602227610484803 ], [ -112.030203398609018, 40.602248787894595 ] ] ] } },
{ "type": "Feature", "properties": { "PrecinctID": "WJD039", "VistaID": "WJD039", "CountyID": 18, "VersionNbr": null, "EffectiveDate": 1765929600000 }, "geometry": { "type": "Polygon", "coordinates": [ [ [ -112.024232605037, 40.609453820752591 ], [ -112.024232583477996, 40.609453087636396 ], [ -112.024220583781997, 40.607749087676403 ], [ -112.024212584284996, 40.605736087175394 ], [ -112.024236582776993, 40.604092087583503 ], [ -112.024250583021001, 40.603183086249608 ], [ -112.024245777933004, 40.602492202811497 ], [ -112.024245582998006, 40.602464086405504 ], [ -112.024244583173001, 40.602296087495695 ], [ -112.024211582663, 40.600811087759404 ], [ -112.024179582876016, 40.599306086693105 ], [ -112.024176583401001, 40.598741087152888 ], [ -112.024179583774014, 40.598611087077892 ], [ -112.024173583028002, 40.598263086640493 ], [ -112.024175582677998, 40.597880085852502 ], [ -112.024169581034002, 40.597595086933978 ], [ -112.024166581559001, 40.597240086342509 ], [ -112.024165581733996, 40.596957086647606 ], [ -112.024162582258995, 40.596358086297101 ], [ -112.024157583134993, 40.595303085540898 ], [ -112.024160191842, 40.595188264006609 ], [ -112.024304260953016, 40.595187566203904 ], [ -112.024358289226996, 40.595187302225696 ], [ -112.026636291024005, 40.595176209684894 ], [ -112.028111783759002, 40.595218117406198 ], [ -112.029682329031999, 40.595224279622101 ], [ -112.030203398609018, 40.602248787894595 ], [ -112.031197583896997, 40.604582984985001 ], [ -112.032303552843999, 40.606059307001793 ], [ -112.033625468699995, 40.607141978299602 ], [ -112.035136558076999, 40.608182353308997 ], [ -112.035811933067009, 40.609434092081486 ], [ -112.024430729372, 40.609453492043791 ], [ -112.024376694809007, 40.609453581381594 ], [ -112.024232605037, 40.609453820752591 ] ] ] } },
{ "type": "Feature", "properties": { "PrecinctID": "WJD040", "VistaID": "WJD040", "CountyID": 18, "VersionNbr": null, "EffectiveDate": 1765929600000 }, "geometry": { "type": "Polygon", "coordinates": [ [ [ -112.024245777933004, 40.602492202811497 ], [ -112.024250583021001, 40.603183086249608 ], [ -112.024236582776993, 40.604092087583503 ], [ -112.024212584284996, 40.605736087175394 ], [ -112.024220583781997, 40.607749087676403 ], [ -112.024232583477996, 40.609453087636396 ], [ -112.024232605037, 40.609453820752591 ], [ -112.024232609528994, 40.609453914182303 ], [ -112.024232612223997, 40.6094540539858 ], [ -112.024088541316999, 40.609454744137999 ], [ -112.024034518432003, 40.609455002604101 ], [ -112.012715102659001, 40.609508676916398 ], [ -112.012647021139998, 40.607771390659202 ], [ -112.012909246557996, 40.607310026408506 ], [ -112.013892662841997, 40.606394491634092 ], [ -112.015560994224998, 40.605024923852099 ], [ -112.016498061931998, 40.604376496818503 ], [ -112.017607529816999, 40.604169113200797 ], [ -112.019283442081999, 40.603811941165795 ], [ -112.019692414489, 40.603598429818298 ], [ -112.019955699918995, 40.603284313442792 ], [ -112.020010392047993, 40.602538516011904 ], [ -112.024047721870005, 40.602494373061404 ], [ -112.024101737568998, 40.602493781051109 ], [ -112.024245777933004, 40.602492202811497 ] ] ] } },
{ "type": "Feature", "properties": { "PrecinctID": "WJD041", "VistaID": "WJD041", "CountyID": 18, "VersionNbr": null, "EffectiveDate": 1765929600000 }, "geometry": { "type": "Polygon", "coordinates": [ [ [ -112.005369579478995, 40.609457089427799 ], [ -112.005362190835996, 40.609095776756185 ], [ -112.005359579433005, 40.608968089614201 ], [ -112.005330578222001, 40.607500088686891 ], [ -112.005321579797993, 40.607012088677699 ], [ -112.005320579973002, 40.606970088096702 ], [ -112.005317579600003, 40.606846088533104 ], [ -112.005316579774998, 40.606805089017307 ], [ -112.005309580103003, 40.606523088705302 ], [ -112.005299579159001, 40.606089088710497 ], [ -112.005294580034004, 40.605677088814005 ], [ -112.005292580383994, 40.605395089198403 ], [ -112.005292570503002, 40.605394792524102 ], [ -112.005436646800007, 40.605396457310491 ], [ -112.006036266861997, 40.6054033838032 ], [ -112.007308228303998, 40.605959682629312 ], [ -112.008104951316, 40.606046123878798 ], [ -112.009046409988002, 40.605772383550992 ], [ -112.013303562052002, 40.60337184599129 ], [ -112.013234110601999, 40.601978906710904 ], [ -112.013230524527998, 40.601859624466499 ], [ -112.012542415020008, 40.601890245598803 ], [ -112.012531045044014, 40.601084681303497 ], [ -112.015282904559001, 40.601087240369793 ], [ -112.015291228348985, 40.599692160895401 ], [ -112.015876345110001, 40.599718354353804 ], [ -112.017736816251016, 40.598732192174907 ], [ -112.018243614292999, 40.598384789871282 ], [ -112.017522943551995, 40.597898985788802 ], [ -112.016733662183, 40.5972366635988 ], [ -112.021467127061996, 40.594989019541607 ], [ -112.023967513993995, 40.5949722176546 ], [ -112.024021544064993, 40.594971854768708 ], [ -112.024165629345006, 40.594970884799302 ], [ -112.024160581711001, 40.59517108564259 ], [ -112.024160191842, 40.595188264006609 ], [ -112.024157583134993, 40.595303085540898 ], [ -112.024162582258995, 40.596358086297101 ], [ -112.024165581733996, 40.596957086647606 ], [ -112.024166581559001, 40.597240086342509 ], [ -112.024169581034002, 40.597595086933978 ], [ -112.024175582677998, 40.597880085852502 ], [ -112.024173583028002, 40.598263086640493 ], [ -112.024179583774014, 40.598611087077892 ], [ -112.024176583401001, 40.598741087152888 ], [ -112.024179582876016, 40.599306086693105 ], [ -112.024211582663, 40.600811087759404 ], [ -112.024244583173001, 40.602296087495695 ], [ -112.024245582998006, 40.602464086405504 ], [ -112.024245777933004, 40.602492202811497 ], [ -112.024101737568998, 40.602493781051109 ], [ -112.024047721870005, 40.602494373061404 ], [ -112.020010392047993, 40.602538516011904 ], [ -112.019955699918995, 40.603284313442792 ], [ -112.019692414489, 40.603598429818298 ], [ -112.019283442081999, 40.603811941165795 ], [ -112.017607529816999, 40.604169113200797 ], [ -112.016498061931998, 40.604376496818503 ], [ -112.015560994224998, 40.605024923852099 ], [ -112.013892662841997, 40.606394491634092 ], [ -112.012909246557996, 40.607310026408506 ], [ -112.012647021139998, 40.607771390659202 ], [ -112.012715102659001, 40.609508676916398 ], [ -112.005502822093007, 40.609498834071701 ], [ -112.005369579478995, 40.609457089427799 ] ] ] } },
{ "type": "Feature", "properties": { "PrecinctID": "WJD042", "VistaID": "WJD042", "CountyID": 18, "VersionNbr": null, "EffectiveDate": 1765929600000 }, "geometry": { "type": "Polygon", "coordinates": [ [ [ -112.005292570503002, 40.605394792524102 ], [ -112.005271578671, 40.604754088824201 ], [ -112.005258578251997, 40.604527088791308 ], [ -112.005257580223997, 40.604300088669497 ], [ -112.00530057898402, 40.604077087844203 ], [ -112.005403579814001, 40.60386808826091 ], [ -112.005566580020997, 40.603675089073597 ], [ -112.005708579412996, 40.603477088006599 ], [ -112.005784579581004, 40.603259088502696 ], [ -112.005771578262994, 40.603030088442608 ], [ -112.005705579039997, 40.6028080880197 ], [ -112.005536579883, 40.60251708906749 ], [ -112.005512851784019, 40.602476107357298 ], [ -112.005492579502999, 40.602441088016903 ], [ -112.005436715071994, 40.602352711246795 ], [ -112.005561438962019, 40.60229707440989 ], [ -112.013358001754995, 40.598818796238916 ], [ -112.014077599009994, 40.598497720645703 ], [ -112.016733662183, 40.5972366635988 ], [ -112.017522943551995, 40.597898985788802 ], [ -112.018243614292999, 40.598384789871282 ], [ -112.017736816251016, 40.598732192174907 ], [ -112.015876345110001, 40.599718354353804 ], [ -112.015291228348985, 40.599692160895401 ], [ -112.015282904559001, 40.601087240369793 ], [ -112.012531045044014, 40.601084681303497 ], [ -112.012542415020008, 40.601890245598803 ], [ -112.013230524527998, 40.601859624466499 ], [ -112.013234110601999, 40.601978906710904 ], [ -112.013303562052002, 40.60337184599129 ], [ -112.009046409988002, 40.605772383550992 ], [ -112.008104951316, 40.606046123878798 ], [ -112.007308228303998, 40.605959682629312 ], [ -112.006036266861997, 40.6054033838032 ], [ -112.005436646800007, 40.605396457310491 ], [ -112.005292570503002, 40.605394792524102 ] ] ] } },
{ "type": "Feature", "properties": { "PrecinctID": "WJD043", "VistaID": "WJD043", "CountyID": 18, "VersionNbr": null, "EffectiveDate": 1765929600000 }, "geometry": { "type": "Polygon", "coordinates": [ [ [ -111.997277920116005, 40.609471088876006 ], [ -111.997277578755998, 40.60947109024 ], [ -111.997263578512005, 40.609471089557992 ], [ -111.996067576813999, 40.609477088833493 ], [ -111.995956578283, 40.609478089281083 ], [ -111.994314577419004, 40.609486089450797 ], [ -111.993854310312003, 40.609482723937504 ], [ -111.993840461884005, 40.609400273924408 ], [ -111.993745978879005, 40.608837712519595 ], [ -111.993832013228015, 40.607994664909405 ], [ -111.995025992818995, 40.607462958495297 ], [ -111.99625964650302, 40.60687792951569 ], [ -111.998430250216018, 40.605848515168802 ], [ -111.999937921503005, 40.605130695234394 ], [ -111.998847577852004, 40.600944088692295 ], [ -111.997737577267003, 40.598383088077817 ], [ -111.99792357793801, 40.598297087092298 ], [ -111.999563578253003, 40.598310087581503 ], [ -111.999566576829011, 40.597970087807397 ], [ -112.000474577749003, 40.597968087932003 ], [ -112.000478818695001, 40.596305082162196 ], [ -112.000575578031004, 40.595727087647091 ], [ -112.000930576960002, 40.595587086753497 ], [ -112.005078535208, 40.595594246180198 ], [ -112.005222573775995, 40.59559449173981 ], [ -112.005222578266995, 40.595595087221803 ], [ -112.005224578815998, 40.595913086812104 ], [ -112.005230577765005, 40.596869088011886 ], [ -112.005233578138004, 40.597188087630798 ], [ -112.005234577962995, 40.597408088409786 ], [ -112.005239578884002, 40.598068087085103 ], [ -112.005241578533997, 40.59828808701451 ], [ -112.005246579455005, 40.598610088514 ], [ -112.005262578450015, 40.599577088394796 ], [ -112.005268577400003, 40.599900087686791 ], [ -112.005269579919997, 40.600046088537596 ], [ -112.005273578320995, 40.60048408917671 ], [ -112.005275577971005, 40.600631088649898 ], [ -112.005276578693994, 40.600723087376309 ], [ -112.005279578168995, 40.601000088144396 ], [ -112.005280578891998, 40.601093086935897 ], [ -112.005281577819005, 40.601173087714308 ], [ -112.005282580339014, 40.601278088334894 ], [ -112.005291579661005, 40.601816087407101 ], [ -112.005291578763021, 40.602003088605997 ], [ -112.005291578763021, 40.602049087722882 ], [ -112.005333579494007, 40.602171088252113 ], [ -112.005370577506994, 40.60224808880141 ], [ -112.005436715071994, 40.602352711246795 ], [ -112.005492579502999, 40.602441088016903 ], [ -112.005512851784019, 40.602476107357298 ], [ -112.005536579883, 40.60251708906749 ], [ -112.005705579039997, 40.6028080880197 ], [ -112.005771578262994, 40.603030088442608 ], [ -112.005784579581004, 40.603259088502696 ], [ -112.005708579412996, 40.603477088006599 ], [ -112.005566580020997, 40.603675089073597 ], [ -112.005403579814001, 40.60386808826091 ], [ -112.00530057898402, 40.604077087844203 ], [ -112.005257580223997, 40.604300088669497 ], [ -112.005258578251997, 40.604527088791308 ], [ -112.005271578671, 40.604754088824201 ], [ -112.005292570503002, 40.605394792524102 ], [ -112.005292580383994, 40.605395089198403 ], [ -112.005294580034004, 40.605677088814005 ], [ -112.005299579159001, 40.606089088710497 ], [ -112.005309580103003, 40.606523088705302 ], [ -112.005316579774998, 40.606805089017307 ], [ -112.005317579600003, 40.606846088533104 ], [ -112.005320579973002, 40.606970088096702 ], [ -112.005321579797993, 40.607012088677699 ], [ -112.005330578222001, 40.607500088686891 ], [ -112.005359579433005, 40.608968089614201 ], [ -112.005362190835996, 40.609095776756185 ], [ -112.005369579478995, 40.609457089427799 ], [ -112.002801578152997, 40.60946108917301 ], [ -112.001003578552002, 40.609465088918 ], [ -111.999816887891996, 40.609467088449399 ], [ -111.998022578570001, 40.609470089792403 ], [ -111.997278207576002, 40.609471089558006 ], [ -111.997277920116005, 40.609471088876006 ] ] ] } },
{ "type": "Feature", "properties": { "PrecinctID": "WJD044", "VistaID": "WJD044", "CountyID": 18, "VersionNbr": null, "EffectiveDate": 1765929600000 }, "geometry": { "type": "Polygon", "coordinates": [ [ [ -111.929159575826006, 40.609412006519698 ], [ -111.929186564809996, 40.60923909442549 ], [ -111.929187564635001, 40.609081095256997 ], [ -111.929197564681019, 40.608082095129483 ], [ -111.929201563980996, 40.607750094969695 ], [ -111.929198562709004, 40.607555094445893 ], [ -111.929191563935007, 40.606970094234597 ], [ -111.929189564284997, 40.606775094162892 ], [ -111.929279234117004, 40.606756661857496 ], [ -111.931130564000995, 40.606376094687697 ], [ -111.931798562924001, 40.606197094692597 ], [ -111.933541563172014, 40.605713095368685 ], [ -111.934243565125001, 40.605505092542003 ], [ -111.935239565009994, 40.605219093565893 ], [ -111.935901517372997, 40.605029674077691 ], [ -111.936430209156001, 40.604878383489698 ], [ -111.936850565013003, 40.604758093625101 ], [ -111.938665084632007, 40.604240203776087 ], [ -111.938756565467003, 40.604214092568199 ], [ -111.938752564371001, 40.604290093648906 ], [ -111.938746567218004, 40.604396093306796 ], [ -111.938746566320006, 40.604635093887502 ], [ -111.938748564172997, 40.60535209391211 ], [ -111.938749565793998, 40.605591093120296 ], [ -111.938750564721005, 40.606376093323703 ], [ -111.938752565268999, 40.607644093811196 ], [ -111.938753565094018, 40.6087340938642 ], [ -111.938754564918995, 40.609520019407093 ], [ -111.938753702536005, 40.609520018725092 ], [ -111.938638312141009, 40.609520161256391 ], [ -111.938601266516997, 40.609520206266303 ], [ -111.934707561139007, 40.6095249200281 ], [ -111.931768022000995, 40.60954598123709 ], [ -111.929987985113002, 40.609553120755692 ], [ -111.929877984610002, 40.609552206919105 ], [ -111.929693671872997, 40.609555460586193 ], [ -111.929159724946004, 40.6094120481198 ], [ -111.929159575826006, 40.609412006519698 ] ] ] } },
{ "type": "Feature", "properties": { "PrecinctID": "WJD045", "VistaID": "WJD045", "CountyID": 18, "VersionNbr": null, "EffectiveDate": 1765929600000 }, "geometry": { "type": "Polygon", "coordinates": [ [ [ -111.986387532535005, 40.609431092100799 ], [ -111.986388042778003, 40.609348749093286 ], [ -111.986453596437997, 40.598771247265205 ], [ -111.986454653755004, 40.598771130629899 ], [ -111.986456123398995, 40.598679610764606 ], [ -111.986454085120997, 40.598400777177609 ], [ -111.986453734777996, 40.598353174022108 ], [ -111.986450328367013, 40.597887790702792 ], [ -111.986441631776003, 40.596648289449405 ], [ -111.986436199663999, 40.595594386012699 ], [ -111.986432469858997, 40.59538441791009 ], [ -111.986432501300015, 40.595146599099408 ], [ -111.986434022148018, 40.594844820032883 ], [ -111.986438262196003, 40.591835853077896 ], [ -111.986440065115019, 40.590513356335698 ], [ -111.986440339100994, 40.590243197885989 ], [ -111.986440492713001, 40.590243127623104 ], [ -111.987047494232002, 40.589942125925802 ], [ -111.988868495195007, 40.589041126490798 ], [ -111.989476494741993, 40.588741127645093 ], [ -111.98970049415, 40.588632124761403 ], [ -111.990376493469, 40.58830812620581 ], [ -111.990601495397001, 40.588200126111097 ], [ -111.990658494399995, 40.588169125552596 ], [ -111.990830494826994, 40.588080126180202 ], [ -111.990888493655007, 40.588050125652195 ], [ -111.990912495741, 40.588037126578996 ], [ -111.990987495186005, 40.588002126280294 ], [ -111.991012492606004, 40.587990126602406 ], [ -111.991002495255003, 40.587963126296202 ], [ -111.991000798336998, 40.587953794648307 ], [ -111.99098830906, 40.587885120119992 ], [ -111.991221573691007, 40.587886088145687 ], [ -111.991726496950008, 40.587889087728904 ], [ -111.991726561627999, 40.587889087728897 ], [ -111.991967790722995, 40.587889255547296 ], [ -111.992503596264001, 40.587889625293506 ], [ -111.993177573476004, 40.587890086453008 ], [ -111.993246265848995, 40.587890289745189 ], [ -111.994194575074005, 40.58789308740041 ], [ -111.995660575312002, 40.587897087071703 ], [ -112.001094654246998, 40.587910876146204 ], [ -112.001238672152994, 40.587911237023896 ], [ -112.001499613879005, 40.58791189260689 ], [ -112.005184577733999, 40.587921086458607 ], [ -112.005184575938003, 40.588300086663295 ], [ -112.005185578457997, 40.58838608618219 ], [ -112.005187577209, 40.589105086676994 ], [ -112.005190577581999, 40.589782086479104 ], [ -112.005191577407004, 40.589896086416395 ], [ -112.005193576159002, 40.590248087641399 ], [ -112.005194576882005, 40.590405086254997 ], [ -112.005194577780003, 40.590436087141192 ], [ -112.005197576355997, 40.5910010872865 ], [ -112.005198576181002, 40.591190086754885 ], [ -112.005198577079994, 40.591283087596501 ], [ -112.005199576905, 40.591530088265088 ], [ -112.005205577650997, 40.592550087880099 ], [ -112.005207577301007, 40.592891087263801 ], [ -112.005207581792007, 40.592892014288701 ], [ -112.005209576949994, 40.593276086634191 ], [ -112.005215577696006, 40.594431087815693 ], [ -112.005218577170993, 40.594817087171194 ], [ -112.005218578967998, 40.594972086688209 ], [ -112.005221577544006, 40.595439088491403 ], [ -112.005222573775995, 40.59559449173981 ], [ -112.005078535208, 40.595594246180198 ], [ -112.000930576960002, 40.595587086753497 ], [ -112.000575578031004, 40.595727087647091 ], [ -112.000478818695001, 40.596305082162196 ], [ -112.000474577749003, 40.597968087932003 ], [ -111.999566576829011, 40.597970087807397 ], [ -111.999563578253003, 40.598310087581503 ], [ -111.99792357793801, 40.598297087092298 ], [ -111.997737577267003, 40.598383088077817 ], [ -111.998847577852004, 40.600944088692295 ], [ -111.999937921503005, 40.605130695234394 ], [ -111.998430250216018, 40.605848515168802 ], [ -111.99625964650302, 40.60687792951569 ], [ -111.995025992818995, 40.607462958495297 ], [ -111.993832013228015, 40.607994664909405 ], [ -111.993745978879005, 40.608837712519595 ], [ -111.993840461884005, 40.609400273924408 ], [ -111.993854310312003, 40.609482723937504 ], [ -111.991991577213994, 40.609469089344685 ], [ -111.990670577638994, 40.609460090771101 ], [ -111.990265574887999, 40.609457091473693 ], [ -111.989050576517002, 40.609448090852602 ], [ -111.988646577183999, 40.60944509019059 ], [ -111.988194576373999, 40.609442090892486 ], [ -111.986838576639002, 40.609433090269285 ], [ -111.986387577450998, 40.609431090736898 ], [ -111.986387532535005, 40.609431092100799 ] ] ] } },
{ "type": "Feature", "properties": { "PrecinctID": "WJD046", "VistaID": "WJD046", "CountyID": 18, "VersionNbr": null, "EffectiveDate": 1765929600000 }, "geometry": { "type": "Polygon", "coordinates": [ [ [ -111.977303569854001, 40.598647089936293 ], [ -111.977318571720005, 40.5949590889606 ], [ -111.977311572047, 40.593938088579094 ], [ -111.977193492096006, 40.593230127183496 ], [ -111.977237491579004, 40.593218126397502 ], [ -111.977305492249002, 40.593199128274783 ], [ -111.977319864395, 40.593194939287308 ], [ -111.977727491124995, 40.593076125685592 ], [ -111.977744492639999, 40.593071128359497 ], [ -111.977883491659, 40.593031127909406 ], [ -111.977913492694995, 40.593022127804808 ], [ -111.977989493761001, 40.592998126837905 ], [ -111.978049493136993, 40.592980125936599 ], [ -111.978220491943006, 40.592927127309302 ], [ -111.978297492834002, 40.59290412836809 ], [ -111.979078491734995, 40.592680127708391 ], [ -111.979946492471996, 40.592432128538917 ], [ -111.98286049520101, 40.591599126729498 ], [ -111.983831494073002, 40.59129312753771 ], [ -111.984214495285997, 40.591169126860102 ], [ -111.984546492852004, 40.591059127210798 ], [ -111.984828494680997, 40.590954126229498 ], [ -111.984871492541998, 40.590937127549395 ], [ -111.985029492725999, 40.59087812704059 ], [ -111.985280493695001, 40.590783126227599 ], [ -111.985504492204001, 40.590683127092888 ], [ -111.985887492518998, 40.590505126052996 ], [ -111.986107494422996, 40.590395128040093 ], [ -111.986440339100994, 40.590243197885989 ], [ -111.986440065115019, 40.590513356335698 ], [ -111.986438262196003, 40.591835853077896 ], [ -111.986434022148018, 40.594844820032883 ], [ -111.986432501300015, 40.595146599099408 ], [ -111.986432469858997, 40.59538441791009 ], [ -111.986436199663999, 40.595594386012699 ], [ -111.986441631776003, 40.596648289449405 ], [ -111.986450328367013, 40.597887790702792 ], [ -111.986453734777996, 40.598353174022108 ], [ -111.986454085120997, 40.598400777177609 ], [ -111.986456123398995, 40.598679610764606 ], [ -111.986454653755004, 40.598771130629899 ], [ -111.986453596437997, 40.598771247265205 ], [ -111.986453599133, 40.598771094479815 ], [ -111.979393886637993, 40.5987155917596 ], [ -111.977303569854001, 40.598647089936293 ] ] ] } },
{ "type": "Feature", "properties": { "PrecinctID": "WJD047", "VistaID": "WJD047", "CountyID": 18, "VersionNbr": null, "EffectiveDate": 1765929600000 }, "geometry": { "type": "Polygon", "coordinates": [ [ [ -111.976566601876996, 40.609461849567786 ], [ -111.976581497740995, 40.609325321386692 ], [ -111.97658895824901, 40.609256936823584 ], [ -111.976601557121, 40.606278605450399 ], [ -111.977242514059, 40.602660284437007 ], [ -111.977317454214997, 40.600162707150503 ], [ -111.977303569854001, 40.598647089936293 ], [ -111.979393886637993, 40.5987155917596 ], [ -111.986453599133, 40.598771094479815 ], [ -111.986453596437997, 40.598771247265205 ], [ -111.986388042778003, 40.609348749093286 ], [ -111.986387532535005, 40.609431092100799 ], [ -111.986084574806995, 40.609436090249893 ], [ -111.985178577130995, 40.609453090364191 ], [ -111.984876575209995, 40.609459090323305 ], [ -111.984447574865001, 40.609460090089186 ], [ -111.983160573829011, 40.609465089599993 ], [ -111.982732576003002, 40.609467090495293 ], [ -111.982473575537, 40.609467090495301 ], [ -111.981825575806994, 40.609470090474282 ], [ -111.981697574861997, 40.609463090750502 ], [ -111.981439575118998, 40.609450091066492 ], [ -111.981118575627008, 40.609450090384499 ], [ -111.980155574456006, 40.609453090364198 ], [ -111.979835574789007, 40.609454090130107 ], [ -111.979346573271016, 40.609454090130107 ], [ -111.978752574865993, 40.609456091025905 ], [ -111.978158572867002, 40.609456090343869 ], [ -111.977880573931017, 40.609456092389799 ], [ -111.977392574033999, 40.609456092389799 ], [ -111.977180575220999, 40.609457092155601 ], [ -111.976836675875006, 40.609459757288498 ], [ -111.976746641328006, 40.609460454942294 ], [ -111.976566601876996, 40.609461849567786 ] ] ] } },
{ "type": "Feature", "properties": { "PrecinctID": "WJD048", "VistaID": "WJD048", "CountyID": 18, "VersionNbr": null, "EffectiveDate": 1765929600000 }, "geometry": { "type": "Polygon", "coordinates": [ [ [ -111.969143851430019, 40.609468090942997 ], [ -111.969233195173004, 40.609330511859099 ], [ -111.969277868391998, 40.609261722892903 ], [ -111.970345081323003, 40.607618343340391 ], [ -111.971538332380007, 40.605528193541709 ], [ -111.972133981888007, 40.604346488597805 ], [ -111.972410839066001, 40.603453702573603 ], [ -111.973173281467993, 40.599121697113397 ], [ -111.97324545930401, 40.598646804145304 ], [ -111.971698427434006, 40.598667415200111 ], [ -111.971639038913011, 40.598264961685906 ], [ -111.967412658639006, 40.598267489484392 ], [ -111.967410489206998, 40.596019129084695 ], [ -111.968019490375994, 40.595845128485195 ], [ -111.969847490114006, 40.595327128653494 ], [ -111.970457491107993, 40.595154130325596 ], [ -111.970797490866019, 40.595053128196803 ], [ -111.971044491637002, 40.594981128139509 ], [ -111.972805494122994, 40.594465129097294 ], [ -111.973393491782005, 40.594293128531703 ], [ -111.974036490591004, 40.594116127547103 ], [ -111.975556493051997, 40.593698128194895 ], [ -111.975964494378999, 40.593580127904708 ], [ -111.976606491566997, 40.59339612703679 ], [ -111.976670492937998, 40.593377128282597 ], [ -111.976863491485005, 40.593323128598492 ], [ -111.976928492679988, 40.593305129831101 ], [ -111.976955491545993, 40.593297127042405 ], [ -111.977040492832998, 40.593273126174203 ], [ -111.977068491523994, 40.5932661281647 ], [ -111.977087491790996, 40.593262128132501 ], [ -111.977193492096006, 40.593230127183496 ], [ -111.977311572047, 40.593938088579094 ], [ -111.977318571720005, 40.5949590889606 ], [ -111.977303569854001, 40.598647089936293 ], [ -111.977317454214997, 40.600162707150503 ], [ -111.977242514059, 40.602660284437007 ], [ -111.976601557121, 40.606278605450399 ], [ -111.97658895824901, 40.609256936823584 ], [ -111.976581497740995, 40.609325321386692 ], [ -111.976566601876996, 40.609461849567786 ], [ -111.976564540243004, 40.609461865935103 ], [ -111.976564154865997, 40.60946186934499 ], [ -111.976535516574998, 40.609462090302685 ], [ -111.976527574569005, 40.6094620909847 ], [ -111.976495304389005, 40.609462927077999 ], [ -111.976334574225007, 40.609467091177294 ], [ -111.975811575066999, 40.609470091156304 ], [ -111.975292573412005, 40.609474091582697 ], [ -111.974244572749996, 40.6094830922003 ], [ -111.973842573067003, 40.609487092625997 ], [ -111.973722573415998, 40.609489092156714 ], [ -111.973666574237996, 40.60948709194399 ], [ -111.973498574009, 40.609481091987391 ], [ -111.973443571960999, 40.609480090858 ], [ -111.973334573976999, 40.609476091795784 ], [ -111.97301057411201, 40.609465090963901 ], [ -111.972902573259006, 40.6094620916667 ], [ -111.972661572335994, 40.6094620909847 ], [ -111.971939573884001, 40.609463091432396 ], [ -111.971699573685001, 40.609464091198092 ], [ -111.971187573498995, 40.609464091880099 ], [ -111.970291572275002, 40.609466092093598 ], [ -111.969654572414996, 40.609467091177301 ], [ -111.969409571295003, 40.609467091177301 ], [ -111.969143851430019, 40.609468090942997 ] ] ] } },
{ "type": "Feature", "properties": { "PrecinctID": "WJD049", "VistaID": "WJD049", "CountyID": 18, "VersionNbr": null, "EffectiveDate": 1765929600000 }, "geometry": { "type": "Polygon", "coordinates": [ [ [ -111.967412658639006, 40.598267489484392 ], [ -111.971639038913011, 40.598264961685906 ], [ -111.971698427434006, 40.598667415200111 ], [ -111.97324545930401, 40.598646804145304 ], [ -111.973173281467993, 40.599121697113397 ], [ -111.972410839066001, 40.603453702573603 ], [ -111.972133981888007, 40.604346488597805 ], [ -111.971538332380007, 40.605528193541709 ], [ -111.970345081323003, 40.607618343340391 ], [ -111.969277868391998, 40.609261722892903 ], [ -111.969233195173004, 40.609330511859099 ], [ -111.969143851430019, 40.609468090942997 ], [ -111.969143573850999, 40.609468090942983 ], [ -111.968793573148005, 40.609475092712202 ], [ -111.967743572836994, 40.609497091643199 ], [ -111.967412805961999, 40.609504673764199 ], [ -111.967412733198998, 40.6095046744462 ], [ -111.967412731402007, 40.609367370953208 ], [ -111.967412732301, 40.609298720464892 ], [ -111.967412658639006, 40.598267489484392 ] ] ] } },
{ "type": "Feature", "properties": { "PrecinctID": "WJD050", "VistaID": "WJD050", "CountyID": 18, "VersionNbr": null, "EffectiveDate": 1765929600000 }, "geometry": { "type": "Polygon", "coordinates": [ [ [ -111.963172570074008, 40.609511092446994 ], [ -111.963170800392007, 40.609373850344504 ], [ -111.963170573119001, 40.609356091859794 ], [ -111.963163571649005, 40.60932309202709 ], [ -111.963163571649005, 40.609162093064505 ], [ -111.963163572547998, 40.6091420928825 ], [ -111.963156572875008, 40.609104092724792 ], [ -111.963156571976981, 40.609049093696605 ], [ -111.963127571664018, 40.6087960922642 ], [ -111.963141570111006, 40.608631092237303 ], [ -111.96313457043901, 40.608203093046001 ], [ -111.963147571755997, 40.6081200924584 ], [ -111.963170571321996, 40.607989091058514 ], [ -111.963212572052996, 40.607777092059592 ], [ -111.963227571223015, 40.607698092157698 ], [ -111.963242572189998, 40.607665090824291 ], [ -111.963242570394002, 40.607623091335697 ], [ -111.963285570950006, 40.607511091888298 ], [ -111.963357572716006, 40.607258092135183 ], [ -111.963390571429997, 40.607174092619992 ], [ -111.963450570806003, 40.607028092334509 ], [ -111.963482571491994, 40.60694709125849 ], [ -111.963522570775993, 40.606852091454293 ], [ -111.963607572062998, 40.606720091853902 ], [ -111.963630571630006, 40.60668709208359 ], [ -111.963647570449993, 40.606644091490402 ], [ -111.963695571927005, 40.606517091892599 ], [ -111.963731570115002, 40.606446091716897 ], [ -111.963734570488, 40.606424091781584 ], [ -111.96373857248301, 40.606402091157101 ], [ -111.963832572193994, 40.606220091788899 ], [ -111.963839570969, 40.606188091586496 ], [ -111.963911571837002, 40.6060060916355 ], [ -111.963940571251001, 40.605869090584797 ], [ -111.963972570140001, 40.605757091607984 ], [ -111.963998571876004, 40.605671092607295 ], [ -111.964022572165021, 40.605526092273088 ], [ -111.964032572210996, 40.605465091347099 ], [ -111.964062572347999, 40.60528609164021 ], [ -111.964073570422002, 40.605226091688316 ], [ -111.964091571762012, 40.605117092490396 ], [ -111.964098572333, 40.605034091480299 ], [ -111.964091570863999, 40.604815091763186 ], [ -111.964112571678001, 40.604683091549809 ], [ -111.964119572249004, 40.604665091748402 ], [ -111.964112571678001, 40.604584091900584 ], [ -111.964120571175997, 40.604551091075599 ], [ -111.964112570780003, 40.604326092084591 ], [ -111.964047570483004, 40.603837091556393 ], [ -111.964040572607004, 40.603661091821301 ], [ -111.964018570169998, 40.603464091932494 ], [ -111.964010569774999, 40.603447091658609 ], [ -111.963939569629005, 40.603299091699903 ], [ -111.963932569956995, 40.603261092311996 ], [ -111.963903569644003, 40.6031890908639 ], [ -111.963888570473998, 40.603129092439701 ], [ -111.963888571371996, 40.603090092412003 ], [ -111.963895570147017, 40.603068091372009 ], [ -111.963888571371996, 40.603030091852801 ], [ -111.963903569644003, 40.602816091716015 ], [ -111.963924571356998, 40.602662091837402 ], [ -111.963917570785995, 40.602591092340695 ], [ -111.963924569561001, 40.602556091475591 ], [ -111.963917571685016, 40.602393092836898 ], [ -111.963911079560006, 40.602339300273009 ], [ -111.963910924152003, 40.602338017353503 ], [ -111.96374385008501, 40.6023349747678 ], [ -111.963684007913997, 40.6023244467791 ], [ -111.963187034745999, 40.602324753697701 ], [ -111.962790898367004, 40.602324998550507 ], [ -111.962538812234001, 40.602325153373883 ], [ -111.962286725202006, 40.602325306833208 ], [ -111.962034637271998, 40.602325460974491 ], [ -111.961782552036993, 40.602325613069702 ], [ -111.961692657626998, 40.602325668315096 ], [ -111.961692659422994, 40.602326039345499 ], [ -111.960748570484014, 40.602327091053198 ], [ -111.959906568788, 40.6023260918627 ], [ -111.959907567715007, 40.602372091439385 ], [ -111.958635569441995, 40.602386091689802 ], [ -111.957763568508, 40.602382091521108 ], [ -111.957763570303996, 40.602360092294205 ], [ -111.957766567983001, 40.6022250923846 ], [ -111.957766567983001, 40.602184092080201 ], [ -111.957768568530994, 40.6020630907691 ], [ -111.957769306946005, 40.602035776266604 ], [ -111.957770569079017, 40.601989092367596 ], [ -111.957769568355999, 40.601760091366799 ], [ -111.957766569778997, 40.6009720918345 ], [ -111.957765569056008, 40.600710091448697 ], [ -111.957766570676995, 40.60046909135589 ], [ -111.957771568903993, 40.599745091409893 ], [ -111.957773569452002, 40.599505091163202 ], [ -111.957774569277007, 40.5993580912601 ], [ -111.957777567853, 40.598918090899097 ], [ -111.957779567502996, 40.598772092359305 ], [ -111.958116950469005, 40.598676134210493 ], [ -111.958294489010001, 40.598626130332804 ], [ -111.958423489780003, 40.598590128827396 ], [ -111.958588488738002, 40.598541128225001 ], [ -111.958855134765997, 40.598464255047098 ], [ -111.959404239864995, 40.598307135529403 ], [ -111.959589489544001, 40.598254129529288 ], [ -111.960164488581, 40.59808912871371 ], [ -111.960609491515001, 40.597963130532598 ], [ -111.960949488579004, 40.597867129615395 ], [ -111.961319491168993, 40.597758127966195 ], [ -111.962432489432999, 40.597432130083313 ], [ -111.962804488979003, 40.5973241290366 ], [ -111.963725491215996, 40.597062128677209 ], [ -111.966488489841012, 40.596280128793794 ], [ -111.967410489206998, 40.596019129084695 ], [ -111.967412658639006, 40.598267489484392 ], [ -111.967412732301, 40.609298720464892 ], [ -111.967412731402007, 40.609367370953208 ], [ -111.967412733198998, 40.6095046744462 ], [ -111.967394571958991, 40.609505091810604 ], [ -111.966692571802, 40.609505092492597 ], [ -111.966528571769999, 40.609505092492604 ], [ -111.964587571156017, 40.609509092916902 ], [ -111.963886569926004, 40.609510092681994 ], [ -111.963743570708999, 40.609510092 ], [ -111.963314571262003, 40.609510092682008 ], [ -111.963172570074008, 40.609511092446994 ] ] ] } },
{ "type": "Feature", "properties": { "PrecinctID": "WJD051", "VistaID": "WJD051", "CountyID": 18, "VersionNbr": null, "EffectiveDate": 1765929600000 }, "geometry": { "type": "Polygon", "coordinates": [ [ [ -111.957813348648997, 40.609523093036309 ], [ -111.957487571018007, 40.609523093036294 ], [ -111.957177569600006, 40.609523093036302 ], [ -111.953524570496995, 40.609446093366401 ], [ -111.952159570541994, 40.609457092837594 ], [ -111.951025568768003, 40.609461092582798 ], [ -111.949062568412003, 40.609462093712594 ], [ -111.948350568210017, 40.609464093244085 ], [ -111.948150569092007, 40.609464093926 ], [ -111.948151056876995, 40.609326851727005 ], [ -111.948166946278008, 40.604779208169603 ], [ -111.951575310772, 40.6047602522071 ], [ -111.954666949959005, 40.604765987283209 ], [ -111.954648229967006, 40.603228596901602 ], [ -111.954689014379014, 40.602000864458603 ], [ -111.955514305614003, 40.602026898778099 ], [ -111.957409148992014, 40.602034361706792 ], [ -111.957769306946005, 40.602035776266604 ], [ -111.957768568530994, 40.6020630907691 ], [ -111.957766567983001, 40.602184092080201 ], [ -111.957766567983001, 40.6022250923846 ], [ -111.957763570303996, 40.602360092294205 ], [ -111.957763568508, 40.602382091521108 ], [ -111.958635569441995, 40.602386091689802 ], [ -111.959907567715007, 40.602372091439385 ], [ -111.959906568788, 40.6023260918627 ], [ -111.960748570484014, 40.602327091053198 ], [ -111.961692659422994, 40.602326039345499 ], [ -111.961692657626998, 40.602325668315096 ], [ -111.961782552036993, 40.602325613069702 ], [ -111.962034637271998, 40.602325460974491 ], [ -111.962286725202006, 40.602325306833208 ], [ -111.962538812234001, 40.602325153373883 ], [ -111.962790898367004, 40.602324998550507 ], [ -111.963187034745999, 40.602324753697701 ], [ -111.963684007913997, 40.6023244467791 ], [ -111.96374385008501, 40.6023349747678 ], [ -111.963910924152003, 40.602338017353503 ], [ -111.963911079560006, 40.602339300273009 ], [ -111.963917571685016, 40.602393092836898 ], [ -111.963924569561001, 40.602556091475591 ], [ -111.963917570785995, 40.602591092340695 ], [ -111.963924571356998, 40.602662091837402 ], [ -111.963903569644003, 40.602816091716015 ], [ -111.963888571371996, 40.603030091852801 ], [ -111.963895570147017, 40.603068091372009 ], [ -111.963888571371996, 40.603090092412003 ], [ -111.963888570473998, 40.603129092439701 ], [ -111.963903569644003, 40.6031890908639 ], [ -111.963932569956995, 40.603261092311996 ], [ -111.963939569629005, 40.603299091699903 ], [ -111.964010569774999, 40.603447091658609 ], [ -111.964018570169998, 40.603464091932494 ], [ -111.964040572607004, 40.603661091821301 ], [ -111.964047570483004, 40.603837091556393 ], [ -111.964112570780003, 40.604326092084591 ], [ -111.964120571175997, 40.604551091075599 ], [ -111.964112571678001, 40.604584091900584 ], [ -111.964119572249004, 40.604665091748402 ], [ -111.964112571678001, 40.604683091549809 ], [ -111.964091570863999, 40.604815091763186 ], [ -111.964098572333, 40.605034091480299 ], [ -111.964091571762012, 40.605117092490396 ], [ -111.964073570422002, 40.605226091688316 ], [ -111.964062572347999, 40.60528609164021 ], [ -111.964032572210996, 40.605465091347099 ], [ -111.964022572165021, 40.605526092273088 ], [ -111.963998571876004, 40.605671092607295 ], [ -111.963972570140001, 40.605757091607984 ], [ -111.963940571251001, 40.605869090584797 ], [ -111.963911571837002, 40.6060060916355 ], [ -111.963839570969, 40.606188091586496 ], [ -111.963832572193994, 40.606220091788899 ], [ -111.96373857248301, 40.606402091157101 ], [ -111.963734570488, 40.606424091781584 ], [ -111.963731570115002, 40.606446091716897 ], [ -111.963695571927005, 40.606517091892599 ], [ -111.963647570449993, 40.606644091490402 ], [ -111.963630571630006, 40.60668709208359 ], [ -111.963607572062998, 40.606720091853902 ], [ -111.963522570775993, 40.606852091454293 ], [ -111.963482571491994, 40.60694709125849 ], [ -111.963450570806003, 40.607028092334509 ], [ -111.963390571429997, 40.607174092619992 ], [ -111.963357572716006, 40.607258092135183 ], [ -111.963285570950006, 40.607511091888298 ], [ -111.963242570394002, 40.607623091335697 ], [ -111.963242572189998, 40.607665090824291 ], [ -111.963227571223015, 40.607698092157698 ], [ -111.963212572052996, 40.607777092059592 ], [ -111.963170571321996, 40.607989091058514 ], [ -111.963147571755997, 40.6081200924584 ], [ -111.96313457043901, 40.608203093046001 ], [ -111.963141570111006, 40.608631092237303 ], [ -111.963127571664018, 40.6087960922642 ], [ -111.963156571976981, 40.609049093696605 ], [ -111.963156572875008, 40.609104092724792 ], [ -111.963163572547998, 40.6091420928825 ], [ -111.963163571649005, 40.609162093064505 ], [ -111.963163571649005, 40.60932309202709 ], [ -111.963170573119001, 40.609356091859794 ], [ -111.963170800392007, 40.609373850344504 ], [ -111.963172570074008, 40.609511092446994 ], [ -111.963066569768003, 40.609511093128987 ], [ -111.962752571745995, 40.609511092446994 ], [ -111.962647572164002, 40.6095120922121 ], [ -111.962518572291998, 40.609511092447008 ], [ -111.962133571429007, 40.609511092447001 ], [ -111.962006570309001, 40.609512092212086 ], [ -111.961874571861998, 40.609512092212093 ], [ -111.961480571676006, 40.609513091977099 ], [ -111.961349572155001, 40.609515092871007 ], [ -111.961259570845002, 40.609515092871007 ], [ -111.960990571232003, 40.609515092189007 ], [ -111.960902569571005, 40.609516091953999 ], [ -111.960232570998002, 40.609519091248799 ], [ -111.959672570232996, 40.6095190926127 ], [ -111.958277570139998, 40.609521092824501 ], [ -111.957813569635007, 40.609523093036302 ], [ -111.957813348648997, 40.609523093036309 ] ] ] } },
{ "type": "Feature", "properties": { "PrecinctID": "WJD052", "VistaID": "WJD052", "CountyID": 18, "VersionNbr": null, "EffectiveDate": 1765929600000 }, "geometry": { "type": "Polygon", "coordinates": [ [ [ -111.940784565222003, 40.609520094423608 ], [ -111.939261565980004, 40.609520093059594 ], [ -111.938844612042999, 40.609520094423608 ], [ -111.938754567613998, 40.609520093741608 ], [ -111.938754564918995, 40.609520019407093 ], [ -111.938753565094018, 40.6087340938642 ], [ -111.938752565268999, 40.607644093811196 ], [ -111.938750564721005, 40.606376093323703 ], [ -111.938749565793998, 40.605591093120296 ], [ -111.938748564172997, 40.60535209391211 ], [ -111.938746566320006, 40.604635093887502 ], [ -111.938746567218004, 40.604396093306796 ], [ -111.938752564371001, 40.604290093648906 ], [ -111.938756565467003, 40.604214092568199 ], [ -111.938848267287995, 40.604187810844394 ], [ -111.947915504235993, 40.601588728187089 ], [ -111.948252567401994, 40.601492092713698 ], [ -111.94874656804501, 40.601371092878082 ], [ -111.949238567240997, 40.601232092779696 ], [ -111.951542567179999, 40.600584092750999 ], [ -111.952031567800006, 40.600446092280905 ], [ -111.95296256918401, 40.600185091784205 ], [ -111.953925567659994, 40.59990209159681 ], [ -111.956815568303995, 40.599054091270396 ], [ -111.957779567502996, 40.598772092359305 ], [ -111.957777567853, 40.598918090899097 ], [ -111.957774569277007, 40.5993580912601 ], [ -111.957773569452002, 40.599505091163202 ], [ -111.957771568903993, 40.599745091409893 ], [ -111.957766570676995, 40.60046909135589 ], [ -111.957765569056008, 40.600710091448697 ], [ -111.957766569778997, 40.6009720918345 ], [ -111.957769568355999, 40.601760091366799 ], [ -111.957770569079017, 40.601989092367596 ], [ -111.957769306946005, 40.602035776266604 ], [ -111.957409148992014, 40.602034361706792 ], [ -111.955514305614003, 40.602026898778099 ], [ -111.954689014379014, 40.602000864458603 ], [ -111.954648229967006, 40.603228596901602 ], [ -111.954666949959005, 40.604765987283209 ], [ -111.951575310772, 40.6047602522071 ], [ -111.948166946278008, 40.604779208169603 ], [ -111.948151056876995, 40.609326851727005 ], [ -111.948150569092007, 40.609464093926 ], [ -111.948149646521998, 40.609464102109698 ], [ -111.945001567982004, 40.609492094180702 ], [ -111.944447567064998, 40.6095350929414 ], [ -111.944236567177995, 40.609534094540599 ], [ -111.944144568015005, 40.609533094093898 ], [ -111.943235565473998, 40.609530094117815 ], [ -111.942933567146, 40.609530093435801 ], [ -111.942604567258996, 40.609528094588207 ], [ -111.941620566170997, 40.609522093271387 ], [ -111.941292566108004, 40.609521092824501 ], [ -111.940784565222003, 40.609520094423608 ] ] ] } },
{ "type": "Feature", "properties": { "PrecinctID": "WJD053", "VistaID": "WJD053", "CountyID": 18, "VersionNbr": null, "EffectiveDate": 1765929600000 }, "geometry": { "type": "Polygon", "coordinates": [ [ [ -112.050256036148994, 40.595230276765911 ], [ -112.050084961883996, 40.595231000488496 ], [ -112.043357502975994, 40.59520008231469 ], [ -112.033854028853995, 40.595240545304499 ], [ -112.029682329031999, 40.595224279622101 ], [ -112.028111783759002, 40.595218117406198 ], [ -112.026636291024005, 40.595176209684894 ], [ -112.024358289226996, 40.595187302225696 ], [ -112.024304260953016, 40.595187566203904 ], [ -112.024160191842, 40.595188264006609 ], [ -112.024160581711001, 40.59517108564259 ], [ -112.024165629345006, 40.594970884799302 ], [ -112.024166581559001, 40.594933085994292 ], [ -112.024169581932, 40.594727085746499 ], [ -112.024178581255001, 40.594122085909206 ], [ -112.024190582746996, 40.593650085809891 ], [ -112.024187582373997, 40.593591085648498 ], [ -112.024132580325002, 40.592283086434698 ], [ -112.024122581178005, 40.590154085305699 ], [ -112.024108580036, 40.5879220858643 ], [ -112.024252205379, 40.587913973963509 ], [ -112.024306064770002, 40.58791093345009 ], [ -112.027796640383997, 40.587915107760494 ], [ -112.027801911699001, 40.587915114582401 ], [ -112.029300650139007, 40.587912426078198 ], [ -112.030767829864999, 40.587849844819587 ], [ -112.032280847026016, 40.587823166449994 ], [ -112.033365034523001, 40.587826628560393 ], [ -112.035108110229004, 40.587803443673799 ], [ -112.035193840947997, 40.587799621366194 ], [ -112.036074312994998, 40.58768389873449 ], [ -112.037001768728999, 40.587470740416499 ], [ -112.037578448513997, 40.587292729461495 ], [ -112.039150078052998, 40.5866396142547 ], [ -112.042928879922997, 40.584808131729709 ], [ -112.044933192900004, 40.583841965466995 ], [ -112.047338601855003, 40.582706560249093 ], [ -112.050115799251003, 40.581395623891893 ], [ -112.050496258232002, 40.581216032353204 ], [ -112.055771731519002, 40.578725745852886 ], [ -112.061392660932, 40.576071818720585 ], [ -112.061589206926016, 40.575979003466394 ], [ -112.061096586993997, 40.578994082064604 ], [ -112.061072587602993, 40.57912808090299 ], [ -112.061055587883999, 40.579230082741098 ], [ -112.060960588347996, 40.579702081596501 ], [ -112.060602587248994, 40.581653081799992 ], [ -112.059940588174001, 40.585314082589299 ], [ -112.059296589539997, 40.588805082660798 ], [ -112.059122587665996, 40.589766082104099 ], [ -112.058942587741001, 40.590690082396598 ], [ -112.058932588594018, 40.5907260826989 ], [ -112.058646587465006, 40.5922570824277 ], [ -112.058646583872004, 40.592257111077693 ], [ -112.058577587868001, 40.592706082436898 ], [ -112.058549590075998, 40.592848083252392 ], [ -112.058411589084997, 40.593645083751788 ], [ -112.058394588468005, 40.593779083935097 ], [ -112.058150588968999, 40.595056083803101 ], [ -112.058125987707001, 40.595196779518595 ], [ -112.057944215405996, 40.595197558492906 ], [ -112.050256036148994, 40.595230276765911 ] ] ] } },
{ "type": "Feature", "properties": { "PrecinctID": "WJD054", "VistaID": "WJD054", "CountyID": 18, "VersionNbr": null, "EffectiveDate": 1765929600000 }, "geometry": { "type": "Polygon", "coordinates": [ [ [ -112.005207581792007, 40.592892014288701 ], [ -112.005207577301007, 40.592891087263801 ], [ -112.005205577650997, 40.592550087880099 ], [ -112.005199576905, 40.591530088265088 ], [ -112.005198577079994, 40.591283087596501 ], [ -112.005198576181002, 40.591190086754885 ], [ -112.005197576355997, 40.5910010872865 ], [ -112.005194577780003, 40.590436087141192 ], [ -112.005194576882005, 40.590405086254997 ], [ -112.005193576159002, 40.590248087641399 ], [ -112.005191577407004, 40.589896086416395 ], [ -112.005190577581999, 40.589782086479104 ], [ -112.005187577209, 40.589105086676994 ], [ -112.005185578457997, 40.58838608618219 ], [ -112.005184575938003, 40.588300086663295 ], [ -112.005184577733999, 40.587921086458607 ], [ -112.005185216436004, 40.587921085776401 ], [ -112.007086577091997, 40.587920086370602 ], [ -112.007871316578004, 40.587919964940994 ], [ -112.012795579132003, 40.587919085600397 ], [ -112.014697998900985, 40.587919084918198 ], [ -112.014698579213004, 40.58791908560039 ], [ -112.016580578478994, 40.587920085688403 ], [ -112.018032579372019, 40.587921085776394 ], [ -112.019254579212003, 40.587917084742209 ], [ -112.019350945984002, 40.587916740919191 ], [ -112.020372581092005, 40.587913084389903 ], [ -112.020818579359997, 40.587912084983998 ], [ -112.021406580611995, 40.587910084807795 ], [ -112.022226581667994, 40.587913086436494 ], [ -112.024108580036, 40.5879220858643 ], [ -112.024122581178005, 40.590154085305699 ], [ -112.024132580325002, 40.592283086434698 ], [ -112.024187582373997, 40.593591085648498 ], [ -112.024190582746996, 40.593650085809891 ], [ -112.024178581255001, 40.594122085909206 ], [ -112.024169581932, 40.594727085746499 ], [ -112.024166581559001, 40.594933085994292 ], [ -112.024165629345006, 40.594970884799302 ], [ -112.024021544064993, 40.594971854768708 ], [ -112.023967513993995, 40.5949722176546 ], [ -112.021467127061996, 40.594989019541607 ], [ -112.016733662183, 40.5972366635988 ], [ -112.015173151990993, 40.595338107256403 ], [ -112.014998107173, 40.594951617738595 ], [ -112.014711972195002, 40.594603766735894 ], [ -112.014691950544005, 40.591545400516488 ], [ -112.014694911391999, 40.589780254854603 ], [ -112.014012849341995, 40.589742285983689 ], [ -112.014023711771017, 40.591183053737403 ], [ -112.010056826934999, 40.591119192404797 ], [ -112.010036278870999, 40.591931007924899 ], [ -112.006735146270998, 40.591904725464701 ], [ -112.005857150878995, 40.591969393027 ], [ -112.005890997601995, 40.592943317833296 ], [ -112.005351670664993, 40.592902830260599 ], [ -112.005207581792007, 40.592892014288701 ] ] ] } },
{ "type": "Feature", "properties": { "PrecinctID": "WJD055", "VistaID": "WJD055", "CountyID": 18, "VersionNbr": null, "EffectiveDate": 1765929600000 }, "geometry": { "type": "Polygon", "coordinates": [ [ [ -112.005222573775995, 40.59559449173981 ], [ -112.005221577544006, 40.595439088491403 ], [ -112.005218578967998, 40.594972086688209 ], [ -112.005218577170993, 40.594817087171194 ], [ -112.005215577696006, 40.594431087815693 ], [ -112.005209576949994, 40.593276086634191 ], [ -112.005207581792007, 40.592892014288701 ], [ -112.005351670664993, 40.592902830260599 ], [ -112.005890997601995, 40.592943317833296 ], [ -112.005857150878995, 40.591969393027 ], [ -112.006735146270998, 40.591904725464701 ], [ -112.010036278870999, 40.591931007924899 ], [ -112.010056826934999, 40.591119192404797 ], [ -112.014023711771017, 40.591183053737403 ], [ -112.014012849341995, 40.589742285983689 ], [ -112.014694911391999, 40.589780254854603 ], [ -112.014691950544005, 40.591545400516488 ], [ -112.014711972195002, 40.594603766735894 ], [ -112.014998107173, 40.594951617738595 ], [ -112.015173151990993, 40.595338107256403 ], [ -112.016733662183, 40.5972366635988 ], [ -112.014077599009994, 40.598497720645703 ], [ -112.013358001754995, 40.598818796238916 ], [ -112.005561438962019, 40.60229707440989 ], [ -112.005436715071994, 40.602352711246795 ], [ -112.005370577506994, 40.60224808880141 ], [ -112.005333579494007, 40.602171088252113 ], [ -112.005291578763021, 40.602049087722882 ], [ -112.005291578763021, 40.602003088605997 ], [ -112.005291579661005, 40.601816087407101 ], [ -112.005282580339014, 40.601278088334894 ], [ -112.005281577819005, 40.601173087714308 ], [ -112.005280578891998, 40.601093086935897 ], [ -112.005279578168995, 40.601000088144396 ], [ -112.005276578693994, 40.600723087376309 ], [ -112.005275577971005, 40.600631088649898 ], [ -112.005273578320995, 40.60048408917671 ], [ -112.005269579919997, 40.600046088537596 ], [ -112.005268577400003, 40.599900087686791 ], [ -112.005262578450015, 40.599577088394796 ], [ -112.005246579455005, 40.598610088514 ], [ -112.005241578533997, 40.59828808701451 ], [ -112.005239578884002, 40.598068087085103 ], [ -112.005234577962995, 40.597408088409786 ], [ -112.005233578138004, 40.597188087630798 ], [ -112.005230577765005, 40.596869088011886 ], [ -112.005224578815998, 40.595913086812104 ], [ -112.005222578266995, 40.595595087221803 ], [ -112.005222573775995, 40.59559449173981 ] ] ] } },
{ "type": "Feature", "properties": { "PrecinctID": "WJD056", "VistaID": "WJD056", "CountyID": 18, "VersionNbr": null, "EffectiveDate": 1765929600000 }, "geometry": { "type": "Polygon", "coordinates": [ [ [ -112.024108580036, 40.5879220858643 ], [ -112.022226581667994, 40.587913086436494 ], [ -112.021406580611995, 40.587910084807795 ], [ -112.020818579359997, 40.587912084983998 ], [ -112.020372581092005, 40.587913084389903 ], [ -112.019350945984002, 40.587916740919191 ], [ -112.019350996290001, 40.587806944669907 ], [ -112.019351015154996, 40.587765771797514 ], [ -112.019351268479994, 40.587222895204384 ], [ -112.019351376277001, 40.586935841102495 ], [ -112.019261374967002, 40.586931434783594 ], [ -112.018931174930003, 40.586912143576093 ], [ -112.018659314183012, 40.586896261309903 ], [ -112.01837664400702, 40.586879747323898 ], [ -112.018201280287002, 40.586869499331691 ], [ -112.018124579433007, 40.586791621497902 ], [ -112.017853612509001, 40.586791576472706 ], [ -112.017306801708003, 40.586791488468997 ], [ -112.017296437843996, 40.586791487104492 ], [ -112.017268283744997, 40.586738940646498 ], [ -112.017145736472003, 40.586510251021998 ], [ -112.017088393414014, 40.586403238583593 ], [ -112.017023190995999, 40.586281561297589 ], [ -112.016987318572021, 40.58621233587661 ], [ -112.016900659892997, 40.586052893304085 ], [ -112.016884815408019, 40.586021881517297 ], [ -112.016782312244018, 40.585831424569001 ], [ -112.016778116214013, 40.585824202698106 ], [ -112.016679810876994, 40.585640969124903 ], [ -112.016655573432004, 40.585595511992295 ], [ -112.016637432853997, 40.585561660625793 ], [ -112.016589219373998, 40.58547168290081 ], [ -112.016577793701998, 40.585450361687094 ], [ -112.016533030651004, 40.585366820504596 ], [ -112.016475721728995, 40.585259869000602 ], [ -112.016466503217998, 40.585242668983803 ], [ -112.016400020700004, 40.585145273771609 ], [ -112.016410579498, 40.58514108564389 ], [ -112.014670577827019, 40.581930085164096 ], [ -112.014688578269002, 40.581032085476195 ], [ -112.015112578591001, 40.580919085631713 ], [ -112.016466578676003, 40.580533085194297 ], [ -112.016506577062998, 40.58049808437989 ], [ -112.016441577663997, 40.580412084269902 ], [ -112.016277578529994, 40.580157085935397 ], [ -112.016265578835004, 40.580138084784501 ], [ -112.016202579085999, 40.5799880853479 ], [ -112.016152577959005, 40.579827084641316 ], [ -112.016062578445002, 40.579440084510701 ], [ -112.015916577957, 40.578272084752911 ], [ -112.015837578314006, 40.577635083879095 ], [ -112.015823577172, 40.577456083346291 ], [ -112.015802576357999, 40.577343084284287 ], [ -112.015771577294004, 40.577173085208884 ], [ -112.015682577605006, 40.576909085218702 ], [ -112.015595578464996, 40.576776084237103 ], [ -112.015508577527996, 40.57668208548219 ], [ -112.015424577863001, 40.576565084081793 ], [ -112.015407579042019, 40.576541084714009 ], [ -112.015245576864004, 40.576333084601302 ], [ -112.015366687731003, 40.576273696622401 ], [ -112.016230577776, 40.575850084951796 ], [ -112.016900578145993, 40.57552208479261 ], [ -112.019178578145997, 40.574382084130789 ], [ -112.020160578684994, 40.573892084688993 ], [ -112.020721580173998, 40.573614083903209 ], [ -112.021124579681, 40.5734160831989 ], [ -112.022408579445994, 40.572783083064301 ], [ -112.022971578788002, 40.57250708376651 ], [ -112.023197578742995, 40.57239508348929 ], [ -112.023876579334001, 40.572061084230491 ], [ -112.024103578216994, 40.571950082851295 ], [ -112.025167579669997, 40.571426084255293 ], [ -112.026225578581005, 40.570906082925703 ], [ -112.028356580962011, 40.569840082033494 ], [ -112.029418580070995, 40.569310083141993 ], [ -112.030262580517999, 40.568887082470901 ], [ -112.032388580182001, 40.567824081289707 ], [ -112.032795579888003, 40.56762208167639 ], [ -112.033533581826006, 40.567252081843996 ], [ -112.033640581057995, 40.567200081651897 ], [ -112.034235581084999, 40.56690208118949 ], [ -112.035838271670997, 40.566101659766893 ], [ -112.036038657963005, 40.566001578693005 ], [ -112.036693580111006, 40.56603408195879 ], [ -112.037421580206995, 40.566033081543601 ], [ -112.039607581043995, 40.566032081128391 ], [ -112.040336580965018, 40.566032080446 ], [ -112.044967582205999, 40.566022081069789 ], [ -112.054304585031005, 40.566004081096999 ], [ -112.058861584854995, 40.565996079136099 ], [ -112.063276587084019, 40.56598807922159 ], [ -112.063276528694004, 40.56599835020269 ], [ -112.063274585637998, 40.56634907961849 ], [ -112.063265585417, 40.566609080751007 ], [ -112.063228586505019, 40.567134080615098 ], [ -112.063212586611996, 40.567286079638009 ], [ -112.063201587639995, 40.567395079092904 ], [ -112.063129586770998, 40.567916080114209 ], [ -112.062530586546998, 40.571123079762295 ], [ -112.062409585273997, 40.571776081720294 ], [ -112.062388372456994, 40.571884678098101 ], [ -112.062291585273996, 40.5723800800506 ], [ -112.062150587502998, 40.573101081273904 ], [ -112.061864587273007, 40.5745660806801 ], [ -112.061730586479996, 40.575245081504285 ], [ -112.061594587835003, 40.57594608131599 ], [ -112.061589206926016, 40.575979003466394 ], [ -112.061392660932, 40.576071818720585 ], [ -112.055771731519002, 40.578725745852886 ], [ -112.050496258232002, 40.581216032353204 ], [ -112.050115799251003, 40.581395623891893 ], [ -112.047338601855003, 40.582706560249093 ], [ -112.044933192900004, 40.583841965466995 ], [ -112.042928879922997, 40.584808131729709 ], [ -112.039150078052998, 40.5866396142547 ], [ -112.037578448513997, 40.587292729461495 ], [ -112.037001768728999, 40.587470740416499 ], [ -112.036074312994998, 40.58768389873449 ], [ -112.035193840947997, 40.587799621366194 ], [ -112.035108110229004, 40.587803443673799 ], [ -112.033365034523001, 40.587826628560393 ], [ -112.032280847026016, 40.587823166449994 ], [ -112.030767829864999, 40.587849844819587 ], [ -112.029300650139007, 40.587912426078198 ], [ -112.027801911699001, 40.587915114582401 ], [ -112.027796640383997, 40.587915107760494 ], [ -112.024306064770002, 40.58791093345009 ], [ -112.024252205379, 40.587913973963509 ], [ -112.024108580036, 40.5879220858643 ] ] ] } },
{ "type": "Feature", "properties": { "PrecinctID": "WJD057", "VistaID": "WJD057", "CountyID": 18, "VersionNbr": null, "EffectiveDate": 1765929600000 }, "geometry": { "type": "Polygon", "coordinates": [ [ [ -112.014697998900985, 40.587919084918198 ], [ -112.014692946775995, 40.587768119212598 ], [ -112.014679108229004, 40.587354658381699 ], [ -112.014679543013997, 40.587354649513209 ], [ -112.014675578747998, 40.587237085548793 ], [ -112.014674579822, 40.587039085595592 ], [ -112.014614577751004, 40.586879085591001 ], [ -112.014574579363995, 40.586811084654499 ], [ -112.014071579399001, 40.585945084679004 ], [ -112.014993579663994, 40.585633085488297 ], [ -112.015017579952996, 40.5856280848772 ], [ -112.015916578854998, 40.585337084823202 ], [ -112.016400020700004, 40.585145273771609 ], [ -112.016466503217998, 40.585242668983803 ], [ -112.016475721728995, 40.585259869000602 ], [ -112.016533030651004, 40.585366820504596 ], [ -112.016577793701998, 40.585450361687094 ], [ -112.016589219373998, 40.58547168290081 ], [ -112.016637432853997, 40.585561660625793 ], [ -112.016655573432004, 40.585595511992295 ], [ -112.016679810876994, 40.585640969124903 ], [ -112.016778116214013, 40.585824202698106 ], [ -112.016782312244018, 40.585831424569001 ], [ -112.016884815408019, 40.586021881517297 ], [ -112.016900659892997, 40.586052893304085 ], [ -112.016987318572021, 40.58621233587661 ], [ -112.017023190995999, 40.586281561297589 ], [ -112.017088393414014, 40.586403238583593 ], [ -112.017145736472003, 40.586510251021998 ], [ -112.017268283744997, 40.586738940646498 ], [ -112.017296437843996, 40.586791487104492 ], [ -112.017306801708003, 40.586791488468997 ], [ -112.017853612509001, 40.586791576472706 ], [ -112.018124579433007, 40.586791621497902 ], [ -112.018201280287002, 40.586869499331691 ], [ -112.01837664400702, 40.586879747323898 ], [ -112.018659314183012, 40.586896261309903 ], [ -112.018931174930003, 40.586912143576093 ], [ -112.019261374967002, 40.586931434783594 ], [ -112.019351376277001, 40.586935841102495 ], [ -112.019351268479994, 40.587222895204384 ], [ -112.019351015154996, 40.587765771797514 ], [ -112.019350996290001, 40.587806944669907 ], [ -112.019350945984002, 40.587916740919191 ], [ -112.019254579212003, 40.587917084742209 ], [ -112.018032579372019, 40.587921085776394 ], [ -112.016580578478994, 40.587920085688403 ], [ -112.014698579213004, 40.58791908560039 ], [ -112.014697998900985, 40.587919084918198 ] ] ] } },
{ "type": "Feature", "properties": { "PrecinctID": "WJD058", "VistaID": "WJD058", "CountyID": 18, "VersionNbr": null, "EffectiveDate": 1765929600000 }, "geometry": { "type": "Polygon", "coordinates": [ [ [ -112.005185216436004, 40.587921085776401 ], [ -112.005184893042994, 40.587811293627297 ], [ -112.005184772668997, 40.587770120075291 ], [ -112.005167385776005, 40.581849535345206 ], [ -112.005167378590002, 40.581846895036996 ], [ -112.005165876606995, 40.581335129012992 ], [ -112.005166014048996, 40.581335063516484 ], [ -112.005165723893001, 40.581283098829502 ], [ -112.005164083568999, 40.580987891483893 ], [ -112.005163857194006, 40.580947426010098 ], [ -112.005163814973002, 40.580939355563402 ], [ -112.005305214290004, 40.580871414767202 ], [ -112.005374576807, 40.580838085667992 ], [ -112.005551199964998, 40.58075321650221 ], [ -112.005551323033998, 40.58075315646321 ], [ -112.005637704132994, 40.58070984581569 ], [ -112.005870577099017, 40.580593086157897 ], [ -112.00613459825, 40.580461854789199 ], [ -112.007059576429995, 40.580002086191904 ], [ -112.009882522327999, 40.578598555396596 ], [ -112.010003140918002, 40.578538581299995 ], [ -112.010355388308, 40.578363440828198 ], [ -112.011703576293002, 40.577693084913399 ], [ -112.013252576371002, 40.576924084230299 ], [ -112.013292576553994, 40.57690408463759 ], [ -112.013413577826, 40.576848085473401 ], [ -112.013454576935999, 40.576830085000999 ], [ -112.013496578564997, 40.576809084443795 ], [ -112.013624576815005, 40.576747084352291 ], [ -112.01366757737101, 40.576727085388889 ], [ -112.013856578415997, 40.576619085016013 ], [ -112.014125576232018, 40.576466084416602 ], [ -112.014432577277006, 40.576311084308806 ], [ -112.014514576395001, 40.576269084226603 ], [ -112.014627578168998, 40.576214084111498 ], [ -112.014627577271, 40.576257084490599 ], [ -112.014625576723006, 40.576299083898093 ], [ -112.014616577400005, 40.576553085763607 ], [ -112.014614578649002, 40.576639084011603 ], [ -112.014740577249, 40.576577083762494 ], [ -112.015118578439001, 40.576394084133902 ], [ -112.015245576864004, 40.576333084601302 ], [ -112.015407579042019, 40.576541084714009 ], [ -112.015424577863001, 40.576565084081793 ], [ -112.015508577527996, 40.57668208548219 ], [ -112.015595578464996, 40.576776084237103 ], [ -112.015682577605006, 40.576909085218702 ], [ -112.015771577294004, 40.577173085208884 ], [ -112.015802576357999, 40.577343084284287 ], [ -112.015823577172, 40.577456083346291 ], [ -112.015837578314006, 40.577635083879095 ], [ -112.015916577957, 40.578272084752911 ], [ -112.016062578445002, 40.579440084510701 ], [ -112.016152577959005, 40.579827084641316 ], [ -112.016202579085999, 40.5799880853479 ], [ -112.016265578835004, 40.580138084784501 ], [ -112.016277578529994, 40.580157085935397 ], [ -112.016441577663997, 40.580412084269902 ], [ -112.016506577062998, 40.58049808437989 ], [ -112.016466578676003, 40.580533085194297 ], [ -112.015112578591001, 40.580919085631713 ], [ -112.014688578269002, 40.581032085476195 ], [ -112.014670577827019, 40.581930085164096 ], [ -112.016410579498, 40.58514108564389 ], [ -112.016400020700004, 40.585145273771609 ], [ -112.015916578854998, 40.585337084823202 ], [ -112.015017579952996, 40.5856280848772 ], [ -112.014993579663994, 40.585633085488297 ], [ -112.014071579399001, 40.585945084679004 ], [ -112.014574579363995, 40.586811084654499 ], [ -112.014614577751004, 40.586879085591001 ], [ -112.014674579822, 40.587039085595592 ], [ -112.014675578747998, 40.587237085548793 ], [ -112.014679543013997, 40.587354649513209 ], [ -112.014679108229004, 40.587354658381699 ], [ -112.014692946775995, 40.587768119212598 ], [ -112.014697998900985, 40.587919084918198 ], [ -112.012795579132003, 40.587919085600397 ], [ -112.007871316578004, 40.587919964940994 ], [ -112.007086577091997, 40.587920086370602 ], [ -112.005185216436004, 40.587921085776401 ] ] ] } },
{ "type": "Feature", "properties": { "PrecinctID": "WJD059", "VistaID": "WJD059", "CountyID": 18, "VersionNbr": null, "EffectiveDate": 1765929600000 }, "geometry": { "type": "Polygon", "coordinates": [ [ [ -112.005184577733999, 40.587921086458607 ], [ -112.001499613879005, 40.58791189260689 ], [ -112.001238672152994, 40.587911237023896 ], [ -112.001094654246998, 40.587910876146204 ], [ -111.995660575312002, 40.587897087071703 ], [ -111.994194575074005, 40.58789308740041 ], [ -111.993246265848995, 40.587890289745189 ], [ -111.99327907861101, 40.58773941811679 ], [ -111.993303680772001, 40.587626297258502 ], [ -111.993498899055993, 40.587198308878804 ], [ -111.993819299372007, 40.586902455673915 ], [ -111.994701226691006, 40.586505796238598 ], [ -111.996771794910998, 40.585490655930286 ], [ -111.998723765752004, 40.584532418769797 ], [ -111.998810586126993, 40.584490216453197 ], [ -112.000036504419015, 40.583891331601201 ], [ -112.002070565107005, 40.582897168683701 ], [ -112.002452848565994, 40.582702839304204 ], [ -112.004652337606998, 40.581586870557501 ], [ -112.005005886654999, 40.581413355692099 ], [ -112.005165876606995, 40.581335129012992 ], [ -112.005167378590002, 40.581846895036996 ], [ -112.005167385776005, 40.581849535345206 ], [ -112.005184772668997, 40.587770120075291 ], [ -112.005184893042994, 40.587811293627297 ], [ -112.005185216436004, 40.587921085776401 ], [ -112.005184577733999, 40.587921086458607 ] ] ] } },
{ "type": "Feature", "properties": { "PrecinctID": "WJD060", "VistaID": "WJD060", "CountyID": 18, "VersionNbr": null, "EffectiveDate": 1765929600000 }, "geometry": { "type": "Polygon", "coordinates": [ [ [ -111.99098830906, 40.587885120119992 ], [ -111.990980572769004, 40.587885087374985 ], [ -111.990980429936997, 40.587885088057199 ], [ -111.990954241351005, 40.587816332277797 ], [ -111.990951496997994, 40.587809126993797 ], [ -111.990927313452005, 40.587693681348007 ], [ -111.990889494379005, 40.587513125726495 ], [ -111.990864492468006, 40.587393126609591 ], [ -111.990843494347999, 40.587293127180885 ], [ -111.990816057103999, 40.587007388657405 ], [ -111.990814494036016, 40.586991126429801 ], [ -111.990770493655006, 40.586903126957303 ], [ -111.990684494339007, 40.586782125958599 ], [ -111.990648494354005, 40.586749125896297 ], [ -111.990590494627995, 40.586706126121506 ], [ -111.990561494316012, 40.586678125872496 ], [ -111.990352495875001, 40.586568125657891 ], [ -111.990345986682001, 40.586407264267692 ], [ -111.990345494406, 40.586395127180801 ], [ -111.990345488117001, 40.586394532299103 ], [ -111.990345174604997, 40.586394524112592 ], [ -111.990343506434002, 40.585962098272283 ], [ -111.990343357312994, 40.585871134611509 ], [ -111.990343919658997, 40.585749532765007 ], [ -111.990308768581997, 40.585607493680101 ], [ -111.990305255271011, 40.585289481917599 ], [ -111.990298510719995, 40.58444714973259 ], [ -111.990298216970018, 40.5844103212413 ], [ -111.990299253626006, 40.583683300445401 ], [ -111.990356405342993, 40.583470224207304 ], [ -111.990356106204004, 40.583288238816188 ], [ -111.990353725668001, 40.582566667860497 ], [ -111.990352319804998, 40.581349583274893 ], [ -111.990334911353003, 40.581051559178199 ], [ -111.990268489022995, 40.580956643333693 ], [ -111.990230189350996, 40.580948750275603 ], [ -111.990403574081995, 40.580854086721509 ], [ -111.990549570976995, 40.58077508638651 ], [ -111.990691616183, 40.580674532617699 ], [ -111.990693555644995, 40.580673157859501 ], [ -111.990697234246994, 40.580670554346987 ], [ -111.990793674681001, 40.580602282380191 ], [ -111.992358663873006, 40.58062757181429 ], [ -111.992394662959995, 40.580628154466609 ], [ -111.992394662061002, 40.580628091698401 ], [ -111.99243066384301, 40.580628152419798 ], [ -111.997303574203002, 40.580636086451499 ], [ -112.003993575161005, 40.580630086634393 ], [ -112.004097574918006, 40.580630085269902 ], [ -112.004448178390007, 40.580627950470102 ], [ -112.004916471046002, 40.580625098612202 ], [ -112.004918572205995, 40.580625086331402 ], [ -112.004849577100003, 40.580736086281796 ], [ -112.004812576391998, 40.580901085572499 ], [ -112.004814575143001, 40.580952085159197 ], [ -112.004822576438002, 40.581076086360206 ], [ -112.004828574488997, 40.581101086337895 ], [ -112.004964575830002, 40.581035086731404 ], [ -112.005163814973002, 40.580939355563402 ], [ -112.005163857194006, 40.580947426010098 ], [ -112.005164083568999, 40.580987891483893 ], [ -112.005165723893001, 40.581283098829502 ], [ -112.005166014048996, 40.581335063516484 ], [ -112.005165876606995, 40.581335129012992 ], [ -112.005005886654999, 40.581413355692099 ], [ -112.004652337606998, 40.581586870557501 ], [ -112.002452848565994, 40.582702839304204 ], [ -112.002070565107005, 40.582897168683701 ], [ -112.000036504419015, 40.583891331601201 ], [ -111.998810586126993, 40.584490216453197 ], [ -111.998723765752004, 40.584532418769797 ], [ -111.996771794910998, 40.585490655930286 ], [ -111.994701226691006, 40.586505796238598 ], [ -111.993819299372007, 40.586902455673915 ], [ -111.993498899055993, 40.587198308878804 ], [ -111.993303680772001, 40.587626297258502 ], [ -111.99327907861101, 40.58773941811679 ], [ -111.993246265848995, 40.587890289745189 ], [ -111.993177573476004, 40.587890086453008 ], [ -111.992503596264001, 40.587889625293506 ], [ -111.991967790722995, 40.587889255547296 ], [ -111.991726561627999, 40.587889087728897 ], [ -111.991726496950008, 40.587889087728904 ], [ -111.991221573691007, 40.587886088145687 ], [ -111.99098830906, 40.587885120119992 ] ] ] } },
{ "type": "Feature", "properties": { "PrecinctID": "WJD061", "VistaID": "WJD061", "CountyID": 18, "VersionNbr": null, "EffectiveDate": 1765929600000 }, "geometry": { "type": "Polygon", "coordinates": [ [ [ -111.977600242069997, 40.587829973333996 ], [ -111.977252569800996, 40.587832087438201 ], [ -111.977208570317998, 40.58783008794169 ], [ -111.977173570158001, 40.587204089121997 ], [ -111.977144571642, 40.58667308918281 ], [ -111.977104572358002, 40.585797088270496 ], [ -111.977103570736006, 40.582774088472405 ], [ -111.977105572183007, 40.580900088108592 ], [ -111.977110553341006, 40.580536272729809 ], [ -111.977470540615002, 40.580539138236702 ], [ -111.979277570080001, 40.580563087729594 ], [ -111.979952571371001, 40.580573087661996 ], [ -111.982066571339999, 40.580573087662003 ], [ -111.985704573069, 40.580591087127296 ], [ -111.986400446716019, 40.580593878265283 ], [ -111.986452572358019, 40.580594087037696 ], [ -111.987021410749009, 40.580595149321191 ], [ -111.990781573475005, 40.5806020865707 ], [ -111.990793674681001, 40.580602282380191 ], [ -111.990697234246994, 40.580670554346987 ], [ -111.990693555644995, 40.580673157859501 ], [ -111.990691616183, 40.580674532617699 ], [ -111.990549570976995, 40.58077508638651 ], [ -111.990403574081995, 40.580854086721509 ], [ -111.990230189350996, 40.580948750275603 ], [ -111.990268489022995, 40.580956643333693 ], [ -111.990334911353003, 40.581051559178199 ], [ -111.990352319804998, 40.581349583274893 ], [ -111.990353725668001, 40.582566667860497 ], [ -111.990356106204004, 40.583288238816188 ], [ -111.990356405342993, 40.583470224207304 ], [ -111.990299253626006, 40.583683300445401 ], [ -111.990298216970018, 40.5844103212413 ], [ -111.990298510719995, 40.58444714973259 ], [ -111.990305255271011, 40.585289481917599 ], [ -111.990308768581997, 40.585607493680101 ], [ -111.990343919658997, 40.585749532765007 ], [ -111.990343357312994, 40.585871134611509 ], [ -111.990343506434002, 40.585962098272283 ], [ -111.990345174604997, 40.586394524112592 ], [ -111.990345488117001, 40.586394532299103 ], [ -111.990345494406, 40.586395127180801 ], [ -111.990345986682001, 40.586407264267692 ], [ -111.990352495875001, 40.586568125657891 ], [ -111.990561494316012, 40.586678125872496 ], [ -111.990590494627995, 40.586706126121506 ], [ -111.990648494354005, 40.586749125896297 ], [ -111.990684494339007, 40.586782125958599 ], [ -111.990770493655006, 40.586903126957303 ], [ -111.990814494036016, 40.586991126429801 ], [ -111.990816057103999, 40.587007388657405 ], [ -111.990843494347999, 40.587293127180885 ], [ -111.990864492468006, 40.587393126609591 ], [ -111.990889494379005, 40.587513125726495 ], [ -111.990927313452005, 40.587693681348007 ], [ -111.990951496997994, 40.587809126993797 ], [ -111.990954241351005, 40.587816332277797 ], [ -111.990980429936997, 40.587885088057199 ], [ -111.990385575437017, 40.587882087791492 ], [ -111.989162573076001, 40.587874088447009 ], [ -111.989139572612004, 40.58787408708271 ], [ -111.989070573014999, 40.587874087764888 ], [ -111.989047572550007, 40.587874087082703 ], [ -111.988525574115002, 40.587873088358293 ], [ -111.988356574061015, 40.587873088358293 ], [ -111.986962572894001, 40.587878087437183 ], [ -111.986442572312001, 40.587881088385188 ], [ -111.985960573162004, 40.587875088535696 ], [ -111.984517573388004, 40.587857088984002 ], [ -111.984036572266007, 40.587852087856902 ], [ -111.983836571351006, 40.587850088361101 ], [ -111.983237572025004, 40.587844089191002 ], [ -111.983135257507001, 40.587843094559403 ], [ -111.983134571193986, 40.587843089101895 ], [ -111.983038571833006, 40.587843089101909 ], [ -111.982945573744004, 40.58784308841971 ], [ -111.982667571213995, 40.587844087826596 ], [ -111.982622571907001, 40.587845089280094 ], [ -111.982575572949017, 40.587845088597888 ], [ -111.982482572165011, 40.587846088687009 ], [ -111.982173572367998, 40.587841088241397 ], [ -111.982073573706998, 40.587840088152198 ], [ -111.981886572313002, 40.587837087884502 ], [ -111.981328572096004, 40.587829089216797 ], [ -111.981142572322995, 40.587827088355894 ], [ -111.980579572083997, 40.587826088948702 ], [ -111.980014572193994, 40.587817089508 ], [ -111.978942572140994, 40.587823087998295 ], [ -111.978738571028998, 40.5878240880877 ], [ -111.978128570932995, 40.587826089630902 ], [ -111.977925571442, 40.587828089127392 ], [ -111.977745572415003, 40.58782908853459 ], [ -111.977600242069997, 40.587829973333996 ] ] ] } },
{ "type": "Feature", "properties": { "PrecinctID": "WJD062", "VistaID": "WJD062", "CountyID": 18, "VersionNbr": null, "EffectiveDate": 1765929600000 }, "geometry": { "type": "Polygon", "coordinates": [ [ [ -111.967303445957995, 40.587784526557705 ], [ -111.967285504805005, 40.58640417661379 ], [ -111.967312725555004, 40.580634337130292 ], [ -111.967313050745005, 40.580565715125502 ], [ -111.967313374138996, 40.5804970916858 ], [ -111.967313441512005, 40.5804970916858 ], [ -111.967315568722995, 40.580497088274498 ], [ -111.968784567537, 40.580495089923303 ], [ -111.968860568604001, 40.580495088558806 ], [ -111.968953568489994, 40.580495088558791 ], [ -111.969039568704005, 40.58049408972429 ], [ -111.969275568705001, 40.580495088558791 ], [ -111.971994918191001, 40.580508737930799 ], [ -111.972064569066021, 40.580509087932207 ], [ -111.975951720335999, 40.580528694145592 ], [ -111.977025570918002, 40.580534088121794 ], [ -111.977045942912, 40.58053432759629 ], [ -111.977046164795993, 40.580534330325406 ], [ -111.977046205220006, 40.58053433168989 ], [ -111.977110569510018, 40.580535088320197 ], [ -111.977110553341006, 40.580536272729809 ], [ -111.977105572183007, 40.580900088108592 ], [ -111.977103570736006, 40.582774088472405 ], [ -111.977104572358002, 40.585797088270496 ], [ -111.977144571642, 40.58667308918281 ], [ -111.977173570158001, 40.587204089121997 ], [ -111.977208570317998, 40.58783008794169 ], [ -111.977252569800996, 40.587832087438201 ], [ -111.977600242069997, 40.587829973333996 ], [ -111.977415685890008, 40.591361510015403 ], [ -111.977319864395, 40.593194939287308 ], [ -111.977305492249002, 40.593199128274783 ], [ -111.977237491579004, 40.593218126397502 ], [ -111.977193492096006, 40.593230127183496 ], [ -111.977087491790996, 40.593262128132501 ], [ -111.977068491523994, 40.5932661281647 ], [ -111.977040492832998, 40.593273126174203 ], [ -111.976955491545993, 40.593297127042405 ], [ -111.976928492679988, 40.593305129831101 ], [ -111.976863491485005, 40.593323128598492 ], [ -111.976670492937998, 40.593377128282597 ], [ -111.976606491566997, 40.59339612703679 ], [ -111.975964494378999, 40.593580127904708 ], [ -111.975556493051997, 40.593698128194895 ], [ -111.974036490591004, 40.594116127547103 ], [ -111.973393491782005, 40.594293128531703 ], [ -111.972805494122994, 40.594465129097294 ], [ -111.971044491637002, 40.594981128139509 ], [ -111.970797490866019, 40.595053128196803 ], [ -111.970457491107993, 40.595154130325596 ], [ -111.969847490114006, 40.595327128653494 ], [ -111.968019490375994, 40.595845128485195 ], [ -111.967410489206998, 40.596019129084695 ], [ -111.967303445957995, 40.587784526557705 ] ] ] } },
{ "type": "Feature", "properties": { "PrecinctID": "WJD063", "VistaID": "WJD063", "CountyID": 18, "VersionNbr": null, "EffectiveDate": 1765929600000 }, "geometry": { "type": "Polygon", "coordinates": [ [ [ -111.948294565438019, 40.594015091790396 ], [ -111.948690514069995, 40.594023112910499 ], [ -111.957842986765002, 40.594208188444902 ], [ -111.957869036112015, 40.5931707951341 ], [ -111.957057126181994, 40.593073287319001 ], [ -111.956809943053017, 40.59278661235939 ], [ -111.956485275739993, 40.592198219512397 ], [ -111.956481328543006, 40.591608578609296 ], [ -111.956494897594993, 40.590817521360293 ], [ -111.956109702696011, 40.589639703276397 ], [ -111.955605872687002, 40.589188857176197 ], [ -111.954352827969004, 40.587734944314001 ], [ -111.957859302865998, 40.587748512392487 ], [ -111.967303445957995, 40.587784526557705 ], [ -111.967410489206998, 40.596019129084695 ], [ -111.966488489841012, 40.596280128793794 ], [ -111.963725491215996, 40.597062128677209 ], [ -111.962804488979003, 40.5973241290366 ], [ -111.962432489432999, 40.597432130083313 ], [ -111.961319491168993, 40.597758127966195 ], [ -111.960949488579004, 40.597867129615395 ], [ -111.960609491515001, 40.597963130532598 ], [ -111.960164488581, 40.59808912871371 ], [ -111.959589489544001, 40.598254129529288 ], [ -111.959404239864995, 40.598307135529403 ], [ -111.958855134765997, 40.598464255047098 ], [ -111.958588488738002, 40.598541128225001 ], [ -111.958423489780003, 40.598590128827396 ], [ -111.958294489010001, 40.598626130332804 ], [ -111.958116950469005, 40.598676134210493 ], [ -111.957779567502996, 40.598772092359305 ], [ -111.956815568303995, 40.599054091270396 ], [ -111.953925567659994, 40.59990209159681 ], [ -111.95296256918401, 40.600185091784205 ], [ -111.952031567800006, 40.600446092280905 ], [ -111.951542567179999, 40.600584092750999 ], [ -111.949238567240997, 40.601232092779696 ], [ -111.94874656804501, 40.601371092878082 ], [ -111.948252567401994, 40.601492092713698 ], [ -111.948261567623007, 40.601248092364195 ], [ -111.948263568171001, 40.601190091976704 ], [ -111.948262567447998, 40.601124091733396 ], [ -111.948261566724995, 40.600969092156099 ], [ -111.948258566351996, 40.60050609311331 ], [ -111.948258567249994, 40.60035209268721 ], [ -111.948255567775007, 40.599803093051108 ], [ -111.948247565583003, 40.598156092327613 ], [ -111.948245567730012, 40.597607091709094 ], [ -111.948244565210004, 40.597466091396605 ], [ -111.948242566458021, 40.597044091354697 ], [ -111.948242566458021, 40.596904090490604 ], [ -111.948240565909998, 40.596325091642392 ], [ -111.948237567334004, 40.595420092364016 ], [ -111.948270566047, 40.594592090885492 ], [ -111.948294565438019, 40.594015091790396 ] ] ] } },
{ "type": "Feature", "properties": { "PrecinctID": "WJD064", "VistaID": "WJD064", "CountyID": 18, "VersionNbr": null, "EffectiveDate": 1765929600000 }, "geometry": { "type": "Polygon", "coordinates": [ [ [ -111.938767567133993, 40.594016863953883 ], [ -111.938767563541006, 40.59401609315141 ], [ -111.938857588207, 40.594016648402096 ], [ -111.939253563788, 40.594019093141803 ], [ -111.940712564353007, 40.594031092419883 ], [ -111.941199565323004, 40.594035092406209 ], [ -111.941833564810011, 40.594033092413099 ], [ -111.943730564145, 40.59403009242331 ], [ -111.944372564027006, 40.5940270917513 ], [ -111.944475565755994, 40.594026091072493 ], [ -111.944658565156004, 40.594025091757999 ], [ -111.944785565377003, 40.594025090393799 ], [ -111.944889565134005, 40.594025092440098 ], [ -111.945569565550002, 40.594022091767805 ], [ -111.946379566559997, 40.594019091095497 ], [ -111.947612566271019, 40.594016091105097 ], [ -111.948294565438019, 40.594015091790396 ], [ -111.948270566047, 40.594592090885492 ], [ -111.948237567334004, 40.595420092364016 ], [ -111.948240565909998, 40.596325091642392 ], [ -111.948242566458021, 40.596904090490604 ], [ -111.948242566458021, 40.597044091354697 ], [ -111.948244565210004, 40.597466091396605 ], [ -111.948245567730012, 40.597607091709094 ], [ -111.948247565583003, 40.598156092327613 ], [ -111.948255567775007, 40.599803093051108 ], [ -111.948258567249994, 40.60035209268721 ], [ -111.948258566351996, 40.60050609311331 ], [ -111.948261566724995, 40.600969092156099 ], [ -111.948262567447998, 40.601124091733396 ], [ -111.948263568171001, 40.601190091976704 ], [ -111.948261567623007, 40.601248092364195 ], [ -111.948252567401994, 40.601492092713698 ], [ -111.947915504235993, 40.601588728187089 ], [ -111.938848267287995, 40.604187810844394 ], [ -111.938756565467003, 40.604214092568199 ], [ -111.938759565840002, 40.604164093515102 ], [ -111.938755564744, 40.60402709346279 ], [ -111.93874256702, 40.603542093574703 ], [ -111.938742565222995, 40.603468094764509 ], [ -111.938742566122002, 40.603282093430195 ], [ -111.938742564324997, 40.6032010925883 ], [ -111.938742566122002, 40.602958093565995 ], [ -111.938743566845005, 40.602878093559895 ], [ -111.938743565048, 40.602767093529202 ], [ -111.938744564873005, 40.602435094248101 ], [ -111.938745564697996, 40.60232509335431 ], [ -111.938745565595994, 40.602186092511495 ], [ -111.938748564172997, 40.600950092825592 ], [ -111.938749563998002, 40.600509092812494 ], [ -111.938749564896, 40.600297092595191 ], [ -111.938749564896, 40.600054093928691 ], [ -111.938751564545996, 40.599661093365491 ], [ -111.938752563472008, 40.599450093784597 ], [ -111.938752564371001, 40.599223092790503 ], [ -111.938751563647998, 40.599157092651311 ], [ -111.938748563274999, 40.598732091909504 ], [ -111.938748564172997, 40.598589092748796 ], [ -111.938745563799998, 40.598279094438389 ], [ -111.938744563975007, 40.597987092884608 ], [ -111.938741564500006, 40.597594093129494 ], [ -111.938739564849996, 40.597272092193094 ], [ -111.938756564569005, 40.596416092241206 ], [ -111.938765564790017, 40.596024093449302 ], [ -111.938769564089, 40.595824092971391 ], [ -111.938776564660003, 40.595493092605508 ], [ -111.938774565010007, 40.595227092659101 ], [ -111.938773565185002, 40.595028091825093 ], [ -111.938771564636994, 40.594825091824291 ], [ -111.938768564263995, 40.594218092204102 ], [ -111.938767567133993, 40.594016863953883 ] ] ] } },
{ "type": "Feature", "properties": { "PrecinctID": "WJD065", "VistaID": "WJD065", "CountyID": 18, "VersionNbr": null, "EffectiveDate": 1765929600000 }, "geometry": { "type": "Polygon", "coordinates": [ [ [ -111.948294565438019, 40.594015091790396 ], [ -111.947612566271019, 40.594016091105097 ], [ -111.946379566559997, 40.594019091095497 ], [ -111.945569565550002, 40.594022091767805 ], [ -111.944889565134005, 40.594025092440098 ], [ -111.944785565377003, 40.594025090393799 ], [ -111.944658565156004, 40.594025091757999 ], [ -111.944475565755994, 40.594026091072493 ], [ -111.944372564027006, 40.5940270917513 ], [ -111.943730564145, 40.59403009242331 ], [ -111.941833564810011, 40.594033092413099 ], [ -111.941199565323004, 40.594035092406209 ], [ -111.940712564353007, 40.594031092419883 ], [ -111.939253563788, 40.594019093141803 ], [ -111.938857588207, 40.594016648402096 ], [ -111.938767563541006, 40.59401609315141 ], [ -111.938764564066005, 40.593715092066589 ], [ -111.938764565862996, 40.593679092691495 ], [ -111.938758564219, 40.592668091352309 ], [ -111.938756564569005, 40.592332092305895 ], [ -111.938755564744, 40.592284091914493 ], [ -111.938754564020996, 40.592140091897896 ], [ -111.938754563122004, 40.592093092758603 ], [ -111.938748562376006, 40.591226090880895 ], [ -111.938732563380995, 40.588628092389399 ], [ -111.938727564255998, 40.587762091383198 ], [ -111.938817573650994, 40.587761639091298 ], [ -111.939323563209996, 40.587759091112098 ], [ -111.941113564211008, 40.5877520911611 ], [ -111.941710563887995, 40.587751091070601 ], [ -111.941816563295006, 40.587750091662301 ], [ -111.942137565482, 40.587749090889595 ], [ -111.942244563814995, 40.587749091571794 ], [ -111.942849563888004, 40.587746091299998 ], [ -111.944665563930002, 40.587738090574902 ], [ -111.945094565173989, 40.58773709048409 ], [ -111.945164564595999, 40.587737091166403 ], [ -111.945164563697006, 40.587737002481589 ], [ -111.945344586079997, 40.58773697041871 ], [ -111.954352827969004, 40.587734944314001 ], [ -111.955605872687002, 40.589188857176197 ], [ -111.956109702696011, 40.589639703276397 ], [ -111.956494897594993, 40.590817521360293 ], [ -111.956481328543006, 40.591608578609296 ], [ -111.956485275739993, 40.592198219512397 ], [ -111.956809943053017, 40.59278661235939 ], [ -111.957057126181994, 40.593073287319001 ], [ -111.957869036112015, 40.5931707951341 ], [ -111.957842986765002, 40.594208188444902 ], [ -111.948690514069995, 40.594023112910499 ], [ -111.948294565438019, 40.594015091790396 ] ] ] } },
{ "type": "Feature", "properties": { "PrecinctID": "WJD066", "VistaID": "WJD066", "CountyID": 18, "VersionNbr": null, "EffectiveDate": 1765929600000 }, "geometry": { "type": "Polygon", "coordinates": [ [ [ -111.929194508611999, 40.594956054224383 ], [ -111.929284537770002, 40.594956554215798 ], [ -111.929946307774998, 40.594960234916201 ], [ -111.930444210700003, 40.594867542731102 ], [ -111.931001195820002, 40.594492610402298 ], [ -111.931553962452, 40.594046895229205 ], [ -111.932532058014999, 40.593922289836797 ], [ -111.933881810865017, 40.593997976562683 ], [ -111.934993466148001, 40.594074530866493 ], [ -111.938371507111995, 40.594022919186706 ], [ -111.938677555045004, 40.594018239120103 ], [ -111.938767567133993, 40.594016863953883 ], [ -111.938768564263995, 40.594218092204102 ], [ -111.938771564636994, 40.594825091824291 ], [ -111.938773565185002, 40.595028091825093 ], [ -111.938774565010007, 40.595227092659101 ], [ -111.938776564660003, 40.595493092605508 ], [ -111.938769564089, 40.595824092971391 ], [ -111.938765564790017, 40.596024093449302 ], [ -111.938756564569005, 40.596416092241206 ], [ -111.938739564849996, 40.597272092193094 ], [ -111.938741564500006, 40.597594093129494 ], [ -111.938744563975007, 40.597987092884608 ], [ -111.938745563799998, 40.598279094438389 ], [ -111.938748564172997, 40.598589092748796 ], [ -111.938748563274999, 40.598732091909504 ], [ -111.938751563647998, 40.599157092651311 ], [ -111.938752564371001, 40.599223092790503 ], [ -111.938752563472008, 40.599450093784597 ], [ -111.938751564545996, 40.599661093365491 ], [ -111.938749564896, 40.600054093928691 ], [ -111.938749564896, 40.600297092595191 ], [ -111.938749563998002, 40.600509092812494 ], [ -111.938748564172997, 40.600950092825592 ], [ -111.938745565595994, 40.602186092511495 ], [ -111.938745564697996, 40.60232509335431 ], [ -111.938744564873005, 40.602435094248101 ], [ -111.938743565048, 40.602767093529202 ], [ -111.938743566845005, 40.602878093559895 ], [ -111.938742566122002, 40.602958093565995 ], [ -111.938742564324997, 40.6032010925883 ], [ -111.938742566122002, 40.603282093430195 ], [ -111.938742565222995, 40.603468094764509 ], [ -111.93874256702, 40.603542093574703 ], [ -111.938755564744, 40.60402709346279 ], [ -111.938759565840002, 40.604164093515102 ], [ -111.938756565467003, 40.604214092568199 ], [ -111.938665084632007, 40.604240203776087 ], [ -111.936850565013003, 40.604758093625101 ], [ -111.936430209156001, 40.604878383489698 ], [ -111.935901517372997, 40.605029674077691 ], [ -111.935239565009994, 40.605219093565893 ], [ -111.934243565125001, 40.605505092542003 ], [ -111.933541563172014, 40.605713095368685 ], [ -111.931798562924001, 40.606197094692597 ], [ -111.931130564000995, 40.606376094687697 ], [ -111.929279234117004, 40.606756661857496 ], [ -111.929189564284997, 40.606775094162892 ], [ -111.929188564460006, 40.606726095468396 ], [ -111.929193562685995, 40.606446094444898 ], [ -111.929203563629997, 40.606015094084206 ], [ -111.929199562533995, 40.605461093408699 ], [ -111.929197564681004, 40.605133093872901 ], [ -111.929196563958001, 40.605068094626404 ], [ -111.929196562160996, 40.604874093613709 ], [ -111.929196562160996, 40.604810093950604 ], [ -111.929196563058994, 40.604595093535984 ], [ -111.929197562883999, 40.603952093977291 ], [ -111.929198562709004, 40.603738094746291 ], [ -111.929198564505995, 40.60348809391639 ], [ -111.929198562709004, 40.602740093733502 ], [ -111.929199564331014, 40.602491095179197 ], [ -111.929199562533995, 40.602317094373504 ], [ -111.929199563431993, 40.602194094236189 ], [ -111.929201562184005, 40.601303094401906 ], [ -111.929202562008996, 40.601007093528992 ], [ -111.929202562008996, 40.600605094710303 ], [ -111.929205564179, 40.59939909329789 ], [ -111.929206562207014, 40.598998094280503 ], [ -111.929207562032005, 40.598844093790703 ], [ -111.929212562055, 40.598382093603007 ], [ -111.929214563501006, 40.598229092992106 ], [ -111.929212563850996, 40.598109094006603 ], [ -111.929209562579999, 40.597749093711492 ], [ -111.929208561856996, 40.597629093182299 ], [ -111.929208562754994, 40.597112093481094 ], [ -111.929209563477997, 40.5963860934067 ], [ -111.929210563303002, 40.595814093272892 ], [ -111.929187562839004, 40.595576093867201 ], [ -111.929187561939997, 40.595565093475798 ], [ -111.929193561787997, 40.595050092782799 ], [ -111.929193560889999, 40.595031093816395 ], [ -111.929193561787997, 40.594973092809795 ], [ -111.929194508611999, 40.594956054224383 ] ] ] } },
{ "type": "Feature", "properties": { "PrecinctID": "WJD067", "VistaID": "WJD067", "CountyID": 18, "VersionNbr": null, "EffectiveDate": 1765929600000 }, "geometry": { "type": "Polygon", "coordinates": [ [ [ -111.929194508611999, 40.594956054224383 ], [ -111.929194561613002, 40.594955092440109 ], [ -111.929192561064994, 40.594701092921795 ], [ -111.929188563561993, 40.59406209298939 ], [ -111.929186563013999, 40.593942092663603 ], [ -111.929183560843995, 40.593690092711007 ], [ -111.929182562815996, 40.5934310924521 ], [ -111.929182561917003, 40.593022092333797 ], [ -111.929179563340995, 40.592654092477403 ], [ -111.929178561718999, 40.592396092319397 ], [ -111.929177560995996, 40.5922650935265 ], [ -111.929174561520995, 40.591874093619197 ], [ -111.929173562594997, 40.591744092470194 ], [ -111.929172561871994, 40.591607092203098 ], [ -111.929170561324014, 40.59119609244641 ], [ -111.929170561324014, 40.591059093102999 ], [ -111.929169561498995, 40.591012092521702 ], [ -111.929168561674004, 40.590872092669905 ], [ -111.929168561674004, 40.590826093365983 ], [ -111.929167561848999, 40.590220093650508 ], [ -111.929167561848999, 40.590171091688696 ], [ -111.929190560517, 40.588402091569705 ], [ -111.929198560912994, 40.587797160708703 ], [ -111.929198561811006, 40.587797093171908 ], [ -111.930170561406001, 40.587793092130305 ], [ -111.933086561989001, 40.587783091912904 ], [ -111.934059562306999, 40.587780091642699 ], [ -111.934992562443014, 40.587776091282301 ], [ -111.937793561600998, 40.587765091654184 ], [ -111.938727041437005, 40.587762094112001 ], [ -111.938727564255998, 40.587762091383198 ], [ -111.938732563380995, 40.588628092389399 ], [ -111.938748562376006, 40.591226090880895 ], [ -111.938754563122004, 40.592093092758603 ], [ -111.938754564020996, 40.592140091897896 ], [ -111.938755564744, 40.592284091914493 ], [ -111.938756564569005, 40.592332092305895 ], [ -111.938758564219, 40.592668091352309 ], [ -111.938764565862996, 40.593679092691495 ], [ -111.938764564066005, 40.593715092066589 ], [ -111.938767563541006, 40.59401609315141 ], [ -111.938767567133993, 40.594016863953883 ], [ -111.938677555045004, 40.594018239120103 ], [ -111.938371507111995, 40.594022919186706 ], [ -111.934993466148001, 40.594074530866493 ], [ -111.933881810865017, 40.593997976562683 ], [ -111.932532058014999, 40.593922289836797 ], [ -111.931553962452, 40.594046895229205 ], [ -111.931001195820002, 40.594492610402298 ], [ -111.930444210700003, 40.594867542731102 ], [ -111.929946307774998, 40.594960234916201 ], [ -111.929284537770002, 40.594956554215798 ], [ -111.929194508611999, 40.594956054224383 ] ] ] } },
{ "type": "Feature", "properties": { "PrecinctID": "WJD068", "VistaID": "WJD068", "CountyID": 18, "VersionNbr": null, "EffectiveDate": 1765929600000 }, "geometry": { "type": "Polygon", "coordinates": [ [ [ -111.914457738005012, 40.596675754168793 ], [ -111.91445741550902, 40.596675758943405 ], [ -111.913767768984016, 40.596686154130502 ], [ -111.913107367113, 40.596696107997893 ], [ -111.912748651854002, 40.596650992608609 ], [ -111.912559390298, 40.596261391422395 ], [ -111.912357727499995, 40.595993577402695 ], [ -111.912112286205002, 40.595826539009394 ], [ -111.911718726193996, 40.5959003034489 ], [ -111.911615163917006, 40.595952326353697 ], [ -111.911304303709002, 40.595981566881008 ], [ -111.911197008932007, 40.595820775199883 ], [ -111.911209056237993, 40.595614539630802 ], [ -111.911347226111999, 40.595021993709992 ], [ -111.911547028499001, 40.59450767231899 ], [ -111.911686747068003, 40.593774894301795 ], [ -111.911742123714006, 40.593563786101896 ], [ -111.911830864688014, 40.593225524142603 ], [ -111.911864155353996, 40.5929413880677 ], [ -111.912039491225997, 40.592576694103485 ], [ -111.912058758292005, 40.592454631725204 ], [ -111.912056568200001, 40.592410183337599 ], [ -111.912050209026006, 40.592281201671405 ], [ -111.911989494590998, 40.592165137536711 ], [ -111.91198637025002, 40.5920622154268 ], [ -111.912098038026002, 40.591920766846002 ], [ -111.912304637964994, 40.591777925017986 ], [ -111.912379434390999, 40.591729161585697 ], [ -111.912416541100001, 40.591610824249202 ], [ -111.912453030666995, 40.59149444447889 ], [ -111.912493251835997, 40.591409280501495 ], [ -111.912556724099019, 40.591274869687403 ], [ -111.912726437415003, 40.591178712503101 ], [ -111.91286801998902, 40.59106600334529 ], [ -111.912924008386995, 40.590970548482595 ], [ -111.9129636726, 40.590902930303884 ], [ -111.913025275468996, 40.590797904519704 ], [ -111.913090862367, 40.590703047528393 ], [ -111.913156778944995, 40.590439762633203 ], [ -111.913152867681006, 40.590284758749 ], [ -111.913152711373996, 40.5901029385657 ], [ -111.913155683899006, 40.590008369827409 ], [ -111.913154086695002, 40.589959296765109 ], [ -111.913155111671998, 40.589885203787894 ], [ -111.913159502637015, 40.589783055159501 ], [ -111.913169190068999, 40.589599099098699 ], [ -111.913207738574997, 40.589358786149411 ], [ -111.913193389784993, 40.589270211990588 ], [ -111.913174298787993, 40.589161506715591 ], [ -111.913033616326999, 40.588855002471703 ], [ -111.912975181815995, 40.588724617525507 ], [ -111.912919932731, 40.588601339290307 ], [ -111.912825346419993, 40.588390285021596 ], [ -111.912791450289006, 40.588314654026995 ], [ -111.912731521880019, 40.5881787136722 ], [ -111.912718665192003, 40.588131341321599 ], [ -111.912684463633994, 40.588005341429486 ], [ -111.912680928762995, 40.58785543331139 ], [ -111.922058010822994, 40.587822636389006 ], [ -111.929108539840001, 40.587797484066506 ], [ -111.929198560912994, 40.587797160708703 ], [ -111.929190560517, 40.588402091569705 ], [ -111.929167561848999, 40.590171091688696 ], [ -111.929167561848999, 40.590220093650508 ], [ -111.929168561674004, 40.590826093365983 ], [ -111.929168561674004, 40.590872092669905 ], [ -111.929169561498995, 40.591012092521702 ], [ -111.929170561324014, 40.591059093102999 ], [ -111.929170561324014, 40.59119609244641 ], [ -111.929172561871994, 40.591607092203098 ], [ -111.929173562594997, 40.591744092470194 ], [ -111.929174561520995, 40.591874093619197 ], [ -111.929177560995996, 40.5922650935265 ], [ -111.929178561718999, 40.592396092319397 ], [ -111.929179563340995, 40.592654092477403 ], [ -111.929182561917003, 40.593022092333797 ], [ -111.929182562815996, 40.5934310924521 ], [ -111.929183560843995, 40.593690092711007 ], [ -111.929186563013999, 40.593942092663603 ], [ -111.929188563561993, 40.59406209298939 ], [ -111.929192561064994, 40.594701092921795 ], [ -111.929194561613002, 40.594955092440109 ], [ -111.929194508611999, 40.594956054224383 ], [ -111.929193561787997, 40.594973092809795 ], [ -111.929193560889999, 40.595031093816395 ], [ -111.929193561787997, 40.595050092782799 ], [ -111.929187561939997, 40.595565093475798 ], [ -111.929187562839004, 40.595576093867201 ], [ -111.929210563303002, 40.595814093272892 ], [ -111.929209563477997, 40.5963860934067 ], [ -111.929208562754994, 40.597112093481094 ], [ -111.929208561856996, 40.597629093182299 ], [ -111.929209562579999, 40.597749093711492 ], [ -111.929212563850996, 40.598109094006603 ], [ -111.929214563501006, 40.598229092992106 ], [ -111.929212562055, 40.598382093603007 ], [ -111.929207562032005, 40.598844093790703 ], [ -111.929206562207014, 40.598998094280503 ], [ -111.929205564179, 40.59939909329789 ], [ -111.929202562008996, 40.600605094710303 ], [ -111.929202562008996, 40.601007093528992 ], [ -111.929201562184005, 40.601303094401906 ], [ -111.929199563431993, 40.602194094236189 ], [ -111.929199562533995, 40.602317094373504 ], [ -111.929199564331014, 40.602491095179197 ], [ -111.929198562709004, 40.602740093733502 ], [ -111.929198564505995, 40.60348809391639 ], [ -111.929198562709004, 40.603738094746291 ], [ -111.929197562883999, 40.603952093977291 ], [ -111.929196563058994, 40.604595093535984 ], [ -111.929196562160996, 40.604810093950604 ], [ -111.929196562160996, 40.604874093613709 ], [ -111.929196563958001, 40.605068094626404 ], [ -111.929197564681004, 40.605133093872901 ], [ -111.929199562533995, 40.605461093408699 ], [ -111.929203563629997, 40.606015094084206 ], [ -111.929193562685995, 40.606446094444898 ], [ -111.929188564460006, 40.606726095468396 ], [ -111.929189564284997, 40.606775094162892 ], [ -111.929099679756007, 40.606790112392595 ], [ -111.926741563508003, 40.607184094711194 ], [ -111.92613356306201, 40.607321094430297 ], [ -111.925775561964002, 40.607413094178604 ], [ -111.925424564131006, 40.607559093622996 ], [ -111.925211563695996, 40.60766409444161 ], [ -111.924785563723006, 40.6078460946513 ], [ -111.924497562945007, 40.607975095391701 ], [ -111.923879562452996, 40.608277095479494 ], [ -111.923305564139994, 40.608572095749501 ], [ -111.922817563345021, 40.608851094910491 ], [ -111.922244020476995, 40.609332713257601 ], [ -111.922243562336007, 40.609333095842601 ], [ -111.922209562001001, 40.609342095797203 ], [ -111.92147710985401, 40.60949446674789 ], [ -111.921303562527996, 40.609531095928403 ], [ -111.921270323065997, 40.609396212116302 ], [ -111.921216731372994, 40.60923606374741 ], [ -111.921003518934995, 40.608598930196713 ], [ -111.920486480996999, 40.607054008757103 ], [ -111.920483959425994, 40.606645170409998 ], [ -111.920611551637009, 40.606239828228908 ], [ -111.920705436364017, 40.605695292262801 ], [ -111.920729178836993, 40.605560305909499 ], [ -111.920715015100001, 40.605447878795303 ], [ -111.920355346728002, 40.602477907260209 ], [ -111.920292759306008, 40.602119172493005 ], [ -111.920227606295001, 40.601823216838696 ], [ -111.920166139969993, 40.601569572843502 ], [ -111.920118414274995, 40.60139846017011 ], [ -111.920012374443999, 40.60104357321709 ], [ -111.919544245281998, 40.599830771325415 ], [ -111.919439894283002, 40.599595740942291 ], [ -111.919130200089, 40.598995101334303 ], [ -111.917719336647011, 40.596626534573403 ], [ -111.915977980316001, 40.596652823362788 ], [ -111.914457738005012, 40.596675754168793 ] ] ] } },
{ "type": "Feature", "properties": { "PrecinctID": "WJD069", "VistaID": "WJD069", "CountyID": 18, "VersionNbr": null, "EffectiveDate": 1765929600000 }, "geometry": { "type": "Polygon", "coordinates": [ [ [ -111.957859302865998, 40.587748512392487 ], [ -111.957802340694002, 40.581071109969692 ], [ -111.957763566710994, 40.580937089097496 ], [ -111.95776256598802, 40.580798089499091 ], [ -111.957760566337996, 40.5805130894095 ], [ -111.957915566148998, 40.580512089210799 ], [ -111.957918205398997, 40.580512085117192 ], [ -111.964472559849995, 40.580501705154603 ], [ -111.967313374138996, 40.5804970916858 ], [ -111.967313050745005, 40.580565715125502 ], [ -111.967312725555004, 40.580634337130292 ], [ -111.967285504805005, 40.58640417661379 ], [ -111.967303445957995, 40.587784526557705 ], [ -111.957859302865998, 40.587748512392487 ] ] ] } },
{ "type": "Feature", "properties": { "PrecinctID": "WJD070", "VistaID": "WJD070", "CountyID": 18, "VersionNbr": null, "EffectiveDate": 1765929600000 }, "geometry": { "type": "Polygon", "coordinates": [ [ [ -111.954352827969004, 40.587734944314001 ], [ -111.945344586079997, 40.58773697041871 ], [ -111.945164563697006, 40.587737002481589 ], [ -111.945154565447993, 40.586624091444001 ], [ -111.945152564002001, 40.586396091817008 ], [ -111.945147563080994, 40.585713091804287 ], [ -111.945146564154001, 40.585486090560394 ], [ -111.945144564504005, 40.585303091425089 ], [ -111.945138564656006, 40.584754090332602 ], [ -111.945136564107997, 40.584572091379108 ], [ -111.945135563384994, 40.584483091313302 ], [ -111.94513356463402, 40.584216091087299 ], [ -111.945133563734998, 40.584128090692388 ], [ -111.945153564725004, 40.583012091145498 ], [ -111.945138565554998, 40.582920089880105 ], [ -111.945100564122995, 40.582876090209098 ], [ -111.945014564808005, 40.582807090496097 ], [ -111.944893562637006, 40.5827830906386 ], [ -111.944170562563997, 40.582786090450703 ], [ -111.944205563623001, 40.58100309084751 ], [ -111.944114849049996, 40.580604904998701 ], [ -111.944083663136993, 40.58046802245839 ], [ -111.944092563645, 40.580468090002597 ], [ -111.944276563768014, 40.580464090569301 ], [ -111.945868563504007, 40.580465090086498 ], [ -111.946393563211004, 40.580465089404292 ], [ -111.94818356511, 40.580466089603703 ], [ -111.948237240346998, 40.580466232879196 ], [ -111.949687564982995, 40.580470089719192 ], [ -111.949698565752001, 40.580507089581289 ], [ -111.949748564184006, 40.580628091016202 ], [ -111.949768564275999, 40.580696090051795 ], [ -111.949791563841998, 40.580774089603004 ], [ -111.949850564292021, 40.580970090662902 ], [ -111.950696564387997, 40.580974089383602 ], [ -111.950811565812998, 40.580971088807992 ], [ -111.952915565734997, 40.580973089874 ], [ -111.953060564601998, 40.580973089191808 ], [ -111.954038566739996, 40.580974090065901 ], [ -111.954771565062003, 40.580974089383602 ], [ -111.956822566179994, 40.580949090040683 ], [ -111.957763566710994, 40.580937089097496 ], [ -111.957802340694002, 40.581071109969692 ], [ -111.957859302865998, 40.587748512392487 ], [ -111.954352827969004, 40.587734944314001 ] ] ] } },
{ "type": "Feature", "properties": { "PrecinctID": "WJD071", "VistaID": "WJD071", "CountyID": 18, "VersionNbr": null, "EffectiveDate": 1765929600000 }, "geometry": { "type": "Polygon", "coordinates": [ [ [ -111.938727564255998, 40.587762091383198 ], [ -111.938727041437005, 40.587762094112001 ], [ -111.938726597669003, 40.587693473279792 ], [ -111.938726153901001, 40.587624853059602 ], [ -111.938720169324995, 40.586700137081799 ], [ -111.938719312331997, 40.586567362956004 ], [ -111.938708298986995, 40.584866088340299 ], [ -111.938707564165, 40.584866091069202 ], [ -111.938703562170005, 40.584143091496699 ], [ -111.938700561797006, 40.5837550923073 ], [ -111.938695562673018, 40.582773091036501 ], [ -111.938695561773997, 40.582705092065503 ], [ -111.938694562847999, 40.582207090792302 ], [ -111.938694561950001, 40.58219008988879 ], [ -111.938696561599002, 40.582128091373001 ], [ -111.938694561950001, 40.581859090258298 ], [ -111.938706561645006, 40.580863090510505 ], [ -111.938710560046005, 40.580598338900487 ], [ -111.938712635154999, 40.580461099522488 ], [ -111.938721110759005, 40.580461117261393 ], [ -111.940113562332002, 40.580464089887094 ], [ -111.941171563039006, 40.580463090369804 ], [ -111.941809561824996, 40.580464089887094 ], [ -111.943568563762994, 40.580464089887094 ], [ -111.944083663136993, 40.58046802245839 ], [ -111.944114849049996, 40.580604904998701 ], [ -111.944205563623001, 40.58100309084751 ], [ -111.944170562563997, 40.582786090450703 ], [ -111.944893562637006, 40.5827830906386 ], [ -111.945014564808005, 40.582807090496097 ], [ -111.945100564122995, 40.582876090209098 ], [ -111.945138565554998, 40.582920089880105 ], [ -111.945153564725004, 40.583012091145498 ], [ -111.945133563734998, 40.584128090692388 ], [ -111.94513356463402, 40.584216091087299 ], [ -111.945135563384994, 40.584483091313302 ], [ -111.945136564107997, 40.584572091379108 ], [ -111.945138564656006, 40.584754090332602 ], [ -111.945144564504005, 40.585303091425089 ], [ -111.945146564154001, 40.585486090560394 ], [ -111.945147563080994, 40.585713091804287 ], [ -111.945152564002001, 40.586396091817008 ], [ -111.945154565447993, 40.586624091444001 ], [ -111.945164563697006, 40.587737002481589 ], [ -111.945164564595999, 40.587737091166403 ], [ -111.945094565173989, 40.58773709048409 ], [ -111.944665563930002, 40.587738090574902 ], [ -111.942849563888004, 40.587746091299998 ], [ -111.942244563814995, 40.587749091571794 ], [ -111.942137565482, 40.587749090889595 ], [ -111.941816563295006, 40.587750091662301 ], [ -111.941710563887995, 40.587751091070601 ], [ -111.941113564211008, 40.5877520911611 ], [ -111.939323563209996, 40.587759091112098 ], [ -111.938817573650994, 40.587761639091298 ], [ -111.938727564255998, 40.587762091383198 ] ] ] } },
{ "type": "Feature", "properties": { "PrecinctID": "WJD072", "VistaID": "WJD072", "CountyID": 18, "VersionNbr": null, "EffectiveDate": 1765929600000 }, "geometry": { "type": "Polygon", "coordinates": [ [ [ -111.929198560912994, 40.587797160708703 ], [ -111.929108539840001, 40.587797484066506 ], [ -111.922058010822994, 40.587822636389006 ], [ -111.922056708265004, 40.587739513623397 ], [ -111.922022443826009, 40.587124074356602 ], [ -111.922021006521007, 40.587098229341791 ], [ -111.922014188307998, 40.586975785847606 ], [ -111.921994649951003, 40.586624818670799 ], [ -111.921966341341005, 40.585964591743299 ], [ -111.922073509455998, 40.5859649976572 ], [ -111.922073481607995, 40.585966369577903 ], [ -111.922081465835006, 40.585966366166801 ], [ -111.922144769214, 40.585967587319502 ], [ -111.922167168705997, 40.585968019839491 ], [ -111.922996181661006, 40.585965180488998 ], [ -111.923951766341006, 40.585964316131189 ], [ -111.924335337984004, 40.585963967522801 ], [ -111.924425346481001, 40.585963884975605 ], [ -111.924436331978015, 40.58596387542471 ], [ -111.924437817791997, 40.585963873378091 ], [ -111.924437780961, 40.585940259418805 ], [ -111.924468091017005, 40.585940255325596 ], [ -111.924515318146007, 40.58594024986791 ], [ -111.924542064586007, 40.585936978678298 ], [ -111.924910778094002, 40.585936946614503 ], [ -111.925047125286, 40.585936934334697 ], [ -111.925047127083005, 40.585948299244997 ], [ -111.925288495415998, 40.585948278096488 ], [ -111.925288492722004, 40.5859313143009 ], [ -111.925663328249001, 40.585930760347601 ], [ -111.926017853765003, 40.585930235729307 ], [ -111.926354741760008, 40.585929735670405 ], [ -111.926561875298006, 40.5859294798421 ], [ -111.926804209321006, 40.585929106674101 ], [ -111.926804210219004, 40.585929067788193 ], [ -111.926804177880001, 40.585741703035801 ], [ -111.927159677169996, 40.58574155567829 ], [ -111.927531468306995, 40.585741398087606 ], [ -111.92761872346702, 40.585741362612708 ], [ -111.927992215114003, 40.585741202975399 ], [ -111.928077769764002, 40.585741166136103 ], [ -111.928361606850999, 40.585741045384808 ], [ -111.928811734673005, 40.585740850954807 ], [ -111.928871661285996, 40.585740824348591 ], [ -111.929036293731002, 40.585740754081002 ], [ -111.929036258696996, 40.585668645757799 ], [ -111.929036141916015, 40.585667275195497 ], [ -111.929029329990996, 40.585586829480008 ], [ -111.929026825487995, 40.585557248076398 ], [ -111.929036084423998, 40.585453596060994 ], [ -111.929036207492999, 40.585452224812101 ], [ -111.929036193119998, 40.585266126279897 ], [ -111.929036157186999, 40.585084400242202 ], [ -111.928657836197004, 40.5850845203124 ], [ -111.928557442276997, 40.585084551012088 ], [ -111.928557193443993, 40.584937461414789 ], [ -111.928556995815001, 40.584820137436203 ], [ -111.928556437062994, 40.584490752680701 ], [ -111.928169402413999, 40.584490872751893 ], [ -111.928169369176004, 40.584470495422899 ], [ -111.928169060156009, 40.584286588195887 ], [ -111.928168949663018, 40.584222754388698 ], [ -111.928168807729008, 40.5841280770479 ], [ -111.928168692745004, 40.584108864170098 ], [ -111.928193462891002, 40.584108799358489 ], [ -111.928591219829997, 40.584107771242195 ], [ -111.929010685457001, 40.584106685136582 ], [ -111.929009662276002, 40.58387253072199 ], [ -111.929008722638997, 40.583652932268905 ], [ -111.929007882714018, 40.583459696658998 ], [ -111.928552996515009, 40.583460874876707 ], [ -111.928513443693006, 40.583460977211793 ], [ -111.928505447788993, 40.583106105566792 ], [ -111.929016004382021, 40.583107649469902 ], [ -111.929060943503004, 40.583107784552901 ], [ -111.929060789891011, 40.582406198006105 ], [ -111.929060723415006, 40.582101214233695 ], [ -111.927753858832006, 40.582102915077002 ], [ -111.926805692439004, 40.582104139029191 ], [ -111.926805687948004, 40.582097901921507 ], [ -111.926805678066003, 40.582062054573797 ], [ -111.929181585449001, 40.5814234169003 ], [ -111.929181335717004, 40.580597489483097 ], [ -111.929181294394994, 40.580460234411305 ], [ -111.929181410276996, 40.580460235775902 ], [ -111.929604559894997, 40.580464090569286 ], [ -111.933730562419001, 40.5804550915025 ], [ -111.935321562330998, 40.580463090369797 ], [ -111.936394561309996, 40.580463090369797 ], [ -111.936625562187004, 40.580463090369797 ], [ -111.936708562028002, 40.580462090852599 ], [ -111.937236563005996, 40.580462091534898 ], [ -111.937670561576994, 40.580458090054492 ], [ -111.938708561295002, 40.58046108997079 ], [ -111.938712635154999, 40.580461099522488 ], [ -111.938710560046005, 40.580598338900487 ], [ -111.938706561645006, 40.580863090510505 ], [ -111.938694561950001, 40.581859090258298 ], [ -111.938696561599002, 40.582128091373001 ], [ -111.938694561950001, 40.58219008988879 ], [ -111.938694562847999, 40.582207090792302 ], [ -111.938695561773997, 40.582705092065503 ], [ -111.938695562673018, 40.582773091036501 ], [ -111.938700561797006, 40.5837550923073 ], [ -111.938703562170005, 40.584143091496699 ], [ -111.938707564165, 40.584866091069202 ], [ -111.938708298986995, 40.584866088340299 ], [ -111.938719312331997, 40.586567362956004 ], [ -111.938720169324995, 40.586700137081799 ], [ -111.938726153901001, 40.587624853059602 ], [ -111.938726597669003, 40.587693473279792 ], [ -111.938727041437005, 40.587762094112001 ], [ -111.937793561600998, 40.587765091654184 ], [ -111.934992562443014, 40.587776091282301 ], [ -111.934059562306999, 40.587780091642699 ], [ -111.933086561989001, 40.587783091912904 ], [ -111.930170561406001, 40.587793092130305 ], [ -111.929198561811006, 40.587797093171908 ], [ -111.929198560912994, 40.587797160708703 ] ] ] } },
{ "type": "Feature", "properties": { "PrecinctID": "WJD073", "VistaID": "WJD073", "CountyID": 18, "VersionNbr": null, "EffectiveDate": 1765929600000 }, "geometry": { "type": "Polygon", "coordinates": [ [ [ -112.004565581910001, 40.638585092741209 ], [ -112.004784638787001, 40.63857958415619 ], [ -112.004820422278002, 40.638463584062194 ], [ -112.004815547120998, 40.638463584743803 ], [ -112.004886845505993, 40.638205762105208 ], [ -112.004952227588007, 40.637947032521296 ], [ -112.005042464255993, 40.63754091703089 ], [ -112.005039718107, 40.637540105829494 ], [ -112.005093498446001, 40.637266280487815 ], [ -112.005140523454003, 40.636991772335506 ], [ -112.005181693243998, 40.636716580000922 ], [ -112.005216555063001, 40.636441050457194 ], [ -112.005245111608005, 40.63616500782279 ], [ -112.005266911025004, 40.635888625924601 ], [ -112.005282857020006, 40.6356120772286 ], [ -112.005295386721002, 40.635065852098506 ], [ -112.005298779658006, 40.632994540179098 ], [ -112.005300303200997, 40.632245031655508 ], [ -112.005301137736012, 40.631361937160193 ], [ -112.005301148515002, 40.631353546243098 ], [ -112.005301178160011, 40.631320556593792 ], [ -112.005423915874999, 40.63132093564419 ], [ -112.005474582654003, 40.631321091082185 ], [ -112.005726581651018, 40.6313220918843 ], [ -112.007263583831005, 40.6313260910023 ], [ -112.007263666476007, 40.631326087593592 ], [ -112.007567583604001, 40.631316091843402 ], [ -112.008481584372007, 40.63129009143249 ], [ -112.008786583071995, 40.631281090343904 ], [ -112.008966582997004, 40.63128009158639 ], [ -112.009510584767, 40.631277092586799 ], [ -112.009691582719995, 40.631277091904991 ], [ -112.010051583467998, 40.631282091146701 ], [ -112.011132585539002, 40.631300090595303 ], [ -112.011493584315005, 40.631306090637693 ], [ -112.011688583411001, 40.631309091681302 ], [ -112.012273585187998, 40.631318091402591 ], [ -112.012468583385001, 40.631322090520889 ], [ -112.012469209510996, 40.631322083021601 ], [ -112.012650585654995, 40.631320090279992 ], [ -112.013200584578001, 40.631315091041088 ], [ -112.013383583977003, 40.631314092284093 ], [ -112.013616583605994, 40.6313140922841 ], [ -112.014317584835993, 40.631316091161601 ], [ -112.014551583390997, 40.631317091282099 ], [ -112.014724584542009, 40.631315091041095 ], [ -112.015247585496994, 40.631311091922491 ], [ -112.015421583777993, 40.63131009043839 ], [ -112.015421763440997, 40.631310088393207 ], [ -112.015420979211996, 40.631447338610606 ], [ -112.015414651479006, 40.632552208196806 ], [ -112.015433163061999, 40.633595699084601 ], [ -112.015459523225005, 40.636027547114509 ], [ -112.014032919502, 40.636071722447596 ], [ -112.013355607744998, 40.636466530094083 ], [ -112.012891608136997, 40.63654439845461 ], [ -112.011033220190001, 40.636539863157509 ], [ -112.011047112636007, 40.638399001022997 ], [ -112.011048648754993, 40.638604859157297 ], [ -112.011013584815004, 40.638605091607104 ], [ -112.010436584331003, 40.638607091629702 ], [ -112.008705584677998, 40.638612091004198 ], [ -112.008129584019002, 40.638615091719501 ], [ -112.007582583672999, 40.638614091026604 ], [ -112.005942583358006, 40.638611092356399 ], [ -112.005396582835999, 40.638611093038008 ], [ -112.005410584876998, 40.638931092453994 ], [ -112.005455583285993, 40.639894093744395 ], [ -112.005465583331997, 40.640128092144685 ], [ -112.005470584253004, 40.64021509245061 ], [ -112.005470585151002, 40.640233092899408 ], [ -112.005470582455999, 40.640287093534795 ], [ -112.005470583353997, 40.640306092586606 ], [ -112.005158584083006, 40.640309092544001 ], [ -112.004222584472998, 40.640317092429903 ], [ -112.004125602355003, 40.640318341219107 ], [ -112.003911582331995, 40.640321092372403 ], [ -112.003995911678999, 40.640095647383895 ], [ -112.004009584038016, 40.640059092902696 ], [ -112.004024583207993, 40.640022091916393 ], [ -112.004043583474001, 40.639974093056694 ], [ -112.004283584572008, 40.639352093151608 ], [ -112.004436582937004, 40.638933092466807 ], [ -112.004565581910001, 40.638585092741209 ] ] ] } },
{ "type": "Feature", "properties": { "PrecinctID": "WJD074", "VistaID": "WJD074", "CountyID": 18, "VersionNbr": null, "EffectiveDate": 1765929600000 }, "geometry": { "type": "Polygon", "coordinates": [ [ [ -112.005423915874999, 40.63132093564419 ], [ -112.005424015588005, 40.631319276957804 ], [ -112.005425239093995, 40.629948897453311 ], [ -112.005425366655018, 40.629811579388608 ], [ -112.005425546317994, 40.629616696429103 ], [ -112.005425720591006, 40.629424559049184 ], [ -112.005425887678015, 40.629232423161703 ], [ -112.005425898457005, 40.629231593451706 ], [ -112.005425980203995, 40.629142844415711 ], [ -112.005426061951013, 40.629040284676108 ], [ -112.005426185019999, 40.628913796704396 ], [ -112.005426233528993, 40.628847874292994 ], [ -112.005426264072, 40.628825048609599 ], [ -112.005426369174003, 40.628707459401092 ], [ -112.005426408700004, 40.628654638410694 ], [ -112.005426450023009, 40.628618711032097 ], [ -112.005426581177005, 40.628460855185999 ], [ -112.005426662025002, 40.62836332249389 ], [ -112.005426754552005, 40.628266522569007 ], [ -112.005426840789994, 40.628183201243893 ], [ -112.005426919841995, 40.628094452178289 ], [ -112.005426929723001, 40.628071366479801 ], [ -112.005427107590009, 40.627875386229306 ], [ -112.005427125555997, 40.627865405643597 ], [ -112.005427206403994, 40.627776655473802 ], [ -112.005427281863007, 40.627678307734001 ], [ -112.005427311507006, 40.627658941016598 ], [ -112.005427391457005, 40.627570192617711 ], [ -112.005427459729006, 40.6274801323475 ], [ -112.005427531593995, 40.627411917722384 ], [ -112.005427637596, 40.627281955690997 ], [ -112.005427679815995, 40.627246725042106 ], [ -112.005427702274005, 40.62720557986939 ], [ -112.005427731918999, 40.627157495434993 ], [ -112.005427800191015, 40.627082957573109 ], [ -112.005428001412994, 40.626856784045188 ], [ -112.005428236772005, 40.626594654694003 ], [ -112.005428622148997, 40.626160999151097 ], [ -112.005428738929993, 40.626031142409694 ], [ -112.005429212341994, 40.62550202379299 ], [ -112.005429239291999, 40.625470321910001 ], [ -112.005572615801, 40.625442820614801 ], [ -112.005722443112006, 40.625723652922801 ], [ -112.006359513039996, 40.626440608025803 ], [ -112.006568047951006, 40.626705080620688 ], [ -112.006657500390006, 40.62682612594589 ], [ -112.006747024693993, 40.626947174460604 ], [ -112.006806736610017, 40.627041393681083 ], [ -112.006872387287018, 40.627140090070704 ], [ -112.006920289052005, 40.627225302611201 ], [ -112.006985907390003, 40.627319497576707 ], [ -112.007039778459003, 40.6274227465167 ], [ -112.007057936106008, 40.627481132525403 ], [ -112.007105969922009, 40.627584351217003 ], [ -112.007130201977006, 40.6276742224929 ], [ -112.007166486727996, 40.627786549486594 ], [ -112.007190687342003, 40.627862861238199 ], [ -112.007203277231, 40.627966290009702 ], [ -112.007203912340003, 40.628051760571999 ], [ -112.007204749568999, 40.628164186470201 ], [ -112.007215478149007, 40.628811869978307 ], [ -112.00721718494799, 40.629041278694686 ], [ -112.007246030749997, 40.629731814014498 ], [ -112.007252830997004, 40.630645218281892 ], [ -112.007261479077997, 40.631188792131603 ], [ -112.007263666476007, 40.631326087593592 ], [ -112.007263583831005, 40.6313260910023 ], [ -112.005726581651018, 40.6313220918843 ], [ -112.005474582654003, 40.631321091082185 ], [ -112.005423915874999, 40.63132093564419 ] ] ] } },
{ "type": "Feature", "properties": { "PrecinctID": "WJD075", "VistaID": "WJD075", "CountyID": 18, "VersionNbr": null, "EffectiveDate": 1765929600000 }, "geometry": { "type": "Polygon", "coordinates": [ [ [ -111.97920744938601, 40.638570223446202 ], [ -111.979207055025995, 40.638345364237303 ], [ -111.979206684021008, 40.638134919670001 ], [ -111.979206114489998, 40.6378119668124 ], [ -111.979206109998003, 40.637808825635098 ], [ -111.979850071800996, 40.637808968787695 ], [ -111.979850582942007, 40.637976800015991 ], [ -111.980339446119999, 40.637975937012399 ], [ -111.981687031335994, 40.637183527329498 ], [ -111.982944572121994, 40.636534905211001 ], [ -111.982944601765993, 40.636546394448786 ], [ -111.982946568179003, 40.636547189301695 ], [ -111.982951806255016, 40.638569745594609 ], [ -111.97920744938601, 40.638570223446202 ] ] ] } },
{ "type": "Feature", "properties": { "PrecinctID": "WJD076", "VistaID": "WJD076", "CountyID": 18, "VersionNbr": null, "EffectiveDate": 1765929600000 }, "geometry": { "type": "Polygon", "coordinates": [ [ [ -111.948315874374998, 40.631066481208791 ], [ -111.948438503394996, 40.63106573264961 ], [ -111.948830557828998, 40.6310655131267 ], [ -111.948845004535002, 40.631065507672801 ], [ -111.948845474354002, 40.631309775471998 ], [ -111.948844933569006, 40.631309774790296 ], [ -111.948765995011016, 40.631309820467209 ], [ -111.94876602645202, 40.63133953024591 ], [ -111.94843804615202, 40.631340793519691 ], [ -111.948317756346, 40.631341255742903 ], [ -111.948315874374998, 40.631066481208791 ] ] ] } },
{ "type": "Feature", "properties": { "PrecinctID": "WJD077", "VistaID": "WJD077", "CountyID": 18, "VersionNbr": null, "EffectiveDate": 1765929600000 }, "geometry": { "type": "Polygon", "coordinates": [ [ [ -111.938779568626998, 40.631319135836499 ], [ -111.938779568626984, 40.631319096295186 ], [ -111.938772568055995, 40.630867096226204 ], [ -111.938768567858006, 40.630620096388796 ], [ -111.938767611152016, 40.630582771110802 ], [ -111.938979114993998, 40.630582687255192 ], [ -111.938979053908, 40.630492050193297 ], [ -111.940287208472995, 40.630394238903008 ], [ -111.941240700977005, 40.6303166503887 ], [ -111.941657271333995, 40.630263766586097 ], [ -111.941952503549999, 40.630213636356707 ], [ -111.941953237473996, 40.6298997562211 ], [ -111.941953943548995, 40.629597685472298 ], [ -111.942470652704003, 40.629598374052897 ], [ -111.942470175699, 40.629804702467503 ], [ -111.942464849586997, 40.630021988151704 ], [ -111.942906740756996, 40.630028273284019 ], [ -111.943103994623996, 40.629993024312803 ], [ -111.943103988336006, 40.629985777896991 ], [ -111.943421478109997, 40.62992904189089 ], [ -111.943421469127003, 40.629902874590591 ], [ -111.943790674013997, 40.629837109960491 ], [ -111.944114890373001, 40.62977955844179 ], [ -111.944437162777007, 40.62972253114831 ], [ -111.944440228727998, 40.631314471334598 ], [ -111.944440213456005, 40.631314681993906 ], [ -111.943560804116004, 40.631315553264507 ], [ -111.943560804116004, 40.631315836188897 ], [ -111.943560802318999, 40.631320134593395 ], [ -111.943545489637003, 40.631320134593388 ], [ -111.943306489262, 40.631313135795295 ], [ -111.938779568626998, 40.631319135836499 ] ] ] } },
{ "type": "Feature", "properties": { "PrecinctID": "WJD078", "VistaID": "WJD078", "CountyID": 18, "VersionNbr": null, "EffectiveDate": 1765929600000 }, "geometry": { "type": "Polygon", "coordinates": [ [ [ -111.935355613870001, 40.630168095678698 ], [ -111.935358562141005, 40.630165684985585 ], [ -111.935644208434994, 40.630165297065702 ], [ -111.935733522533994, 40.630165175031202 ], [ -111.936131828344003, 40.630164631670795 ], [ -111.936156312825005, 40.630164598946401 ], [ -111.936156905714, 40.630738835752709 ], [ -111.936156913798001, 40.630747468086902 ], [ -111.936157050342004, 40.630893895130697 ], [ -111.935909567175997, 40.630861096144287 ], [ -111.93565956782902, 40.630843096577401 ], [ -111.935553569321002, 40.630847097087496 ], [ -111.935457567265004, 40.630880097197 ], [ -111.935399567537999, 40.630930096030198 ], [ -111.935364970722006, 40.630885613916483 ], [ -111.935364569174993, 40.630885097150191 ], [ -111.935359569151998, 40.630334095830499 ], [ -111.935358567530997, 40.630168095678691 ], [ -111.935355613870001, 40.630168095678698 ] ] ] } },
{ "type": "Feature", "properties": { "PrecinctID": "WJD079", "VistaID": "WJD079", "CountyID": 18, "VersionNbr": null, "EffectiveDate": 1765929600000 }, "geometry": { "type": "Polygon", "coordinates": [ [ [ -111.912680928762995, 40.58785543331139 ], [ -111.912708763959998, 40.587744063831209 ], [ -111.912710579456004, 40.587736793049302 ], [ -111.912721775159, 40.587691986786602 ], [ -111.912742425630995, 40.587625618478192 ], [ -111.912818924364004, 40.587494035933616 ], [ -111.913077573589007, 40.587104998096592 ], [ -111.913361672983996, 40.586662728595797 ], [ -111.913516667403997, 40.586246637169296 ], [ -111.913630789378018, 40.586099459394198 ], [ -111.913814465209001, 40.585893050577106 ], [ -111.914061008736994, 40.585756927243096 ], [ -111.914837000429003, 40.58524541353701 ], [ -111.914964663608004, 40.585082637393 ], [ -111.915277666297001, 40.584820717323097 ], [ -111.915419757316997, 40.58470181584449 ], [ -111.916055041394003, 40.584412204861898 ], [ -111.916384789578998, 40.584259862695802 ], [ -111.916637311394993, 40.584081115257895 ], [ -111.916850200439001, 40.583930417873901 ], [ -111.916927000108004, 40.583856466943203 ], [ -111.917053340067994, 40.583734724305401 ], [ -111.917185952064997, 40.583606938915104 ], [ -111.917366799101003, 40.583409182006008 ], [ -111.917554784150994, 40.583203615635206 ], [ -111.917689632953, 40.583023384235496 ], [ -111.917923203011995, 40.582681041685504 ], [ -111.918081210381999, 40.582414299659099 ], [ -111.918258820789006, 40.582022901031294 ], [ -111.918273406734002, 40.58200138086621 ], [ -111.918268097690998, 40.581960408412193 ], [ -111.918264557430007, 40.581933092519208 ], [ -111.918374558831999, 40.581762093329409 ], [ -111.918520400318002, 40.581604770823297 ], [ -111.918564554311004, 40.581604699868997 ], [ -111.918630780808996, 40.581604592755291 ], [ -111.922529378411994, 40.581598215056999 ], [ -111.924424246943005, 40.581595046675183 ], [ -111.924429554189999, 40.582105841919109 ], [ -111.926805689744, 40.582107346275009 ], [ -111.926805692439004, 40.582104139029191 ], [ -111.927753858832006, 40.582102915077002 ], [ -111.929060723415006, 40.582101214233695 ], [ -111.929060789891011, 40.582406198006105 ], [ -111.929060943503004, 40.583107784552901 ], [ -111.929016004382021, 40.583107649469902 ], [ -111.928505447788993, 40.583106105566792 ], [ -111.928513443693006, 40.583460977211793 ], [ -111.928552996515009, 40.583460874876707 ], [ -111.929007882714018, 40.583459696658998 ], [ -111.929008722638997, 40.583652932268905 ], [ -111.929009662276002, 40.58387253072199 ], [ -111.929010685457001, 40.584106685136582 ], [ -111.928591219829997, 40.584107771242195 ], [ -111.928193462891002, 40.584108799358489 ], [ -111.928168692745004, 40.584108864170098 ], [ -111.928168807729008, 40.5841280770479 ], [ -111.928168949663018, 40.584222754388698 ], [ -111.928169060156009, 40.584286588195887 ], [ -111.928169369176004, 40.584470495422899 ], [ -111.928169402413999, 40.584490872751893 ], [ -111.928556437062994, 40.584490752680701 ], [ -111.928556995815001, 40.584820137436203 ], [ -111.928557193443993, 40.584937461414789 ], [ -111.928557442276997, 40.585084551012088 ], [ -111.928657836197004, 40.5850845203124 ], [ -111.929036157186999, 40.585084400242202 ], [ -111.929036193119998, 40.585266126279897 ], [ -111.929036207492999, 40.585452224812101 ], [ -111.929036084423998, 40.585453596060994 ], [ -111.929026825487995, 40.585557248076398 ], [ -111.929029329990996, 40.585586829480008 ], [ -111.929036141916015, 40.585667275195497 ], [ -111.929036258696996, 40.585668645757799 ], [ -111.929036293731002, 40.585740754081002 ], [ -111.928871661285996, 40.585740824348591 ], [ -111.928811734673005, 40.585740850954807 ], [ -111.928361606850999, 40.585741045384808 ], [ -111.928077769764002, 40.585741166136103 ], [ -111.927992215114003, 40.585741202975399 ], [ -111.92761872346702, 40.585741362612708 ], [ -111.927531468306995, 40.585741398087606 ], [ -111.927159677169996, 40.58574155567829 ], [ -111.926804177880001, 40.585741703035801 ], [ -111.926804210219004, 40.585929067788193 ], [ -111.926804209321006, 40.585929106674101 ], [ -111.926561875298006, 40.5859294798421 ], [ -111.926354741760008, 40.585929735670405 ], [ -111.926017853765003, 40.585930235729307 ], [ -111.925663328249001, 40.585930760347601 ], [ -111.925288492722004, 40.5859313143009 ], [ -111.925288495415998, 40.585948278096488 ], [ -111.925047127083005, 40.585948299244997 ], [ -111.925047125286, 40.585936934334697 ], [ -111.924910778094002, 40.585936946614503 ], [ -111.924542064586007, 40.585936978678298 ], [ -111.924515318146007, 40.58594024986791 ], [ -111.924468091017005, 40.585940255325596 ], [ -111.924437780961, 40.585940259418805 ], [ -111.924437817791997, 40.585963873378091 ], [ -111.924436331978015, 40.58596387542471 ], [ -111.924425346481001, 40.585963884975605 ], [ -111.924335337984004, 40.585963967522801 ], [ -111.923951766341006, 40.585964316131189 ], [ -111.922996181661006, 40.585965180488998 ], [ -111.922167168705997, 40.585968019839491 ], [ -111.922144769214, 40.585967587319502 ], [ -111.922081465835006, 40.585966366166801 ], [ -111.922073481607995, 40.585966369577903 ], [ -111.922073509455998, 40.5859649976572 ], [ -111.921966341341005, 40.585964591743299 ], [ -111.921994649951003, 40.586624818670799 ], [ -111.922014188307998, 40.586975785847606 ], [ -111.922021006521007, 40.587098229341791 ], [ -111.922022443826009, 40.587124074356602 ], [ -111.922056708265004, 40.587739513623397 ], [ -111.922058010822994, 40.587822636389006 ], [ -111.912680928762995, 40.58785543331139 ] ] ] } },
{ "type": "Feature", "properties": { "PrecinctID": "WJD080", "VistaID": "WJD080", "CountyID": 18, "VersionNbr": null, "EffectiveDate": 1765929600000 }, "geometry": { "type": "Polygon", "coordinates": [ [ [ -112.053631314792995, 40.619691857137894 ], [ -112.053707590743997, 40.619270086064695 ], [ -112.053740592153005, 40.619143086597305 ], [ -112.053766591194005, 40.618979087878095 ], [ -112.053881590821007, 40.618363086564983 ], [ -112.053903589664003, 40.618245087538106 ], [ -112.053926591026993, 40.618118087485797 ], [ -112.053991335305, 40.61778246115459 ], [ -112.054013590167003, 40.617667087040402 ], [ -112.054061588950006, 40.617397086736389 ], [ -112.054153590807999, 40.616883086157294 ], [ -112.054199591737017, 40.6166220850684 ], [ -112.054252591440004, 40.616352085996205 ], [ -112.054312591715004, 40.616013086290494 ], [ -112.054434590116998, 40.615352085787599 ], [ -112.054536589326005, 40.614751085201299 ], [ -112.054624591883993, 40.614275086052899 ], [ -112.054658589525005, 40.614106086449297 ], [ -112.054723590720002, 40.613776086297506 ], [ -112.054843589472995, 40.612969085904091 ], [ -112.054861591711003, 40.612860085696198 ], [ -112.054879591253993, 40.612724086138492 ], [ -112.055071590875002, 40.611945085222985 ], [ -112.055168888302006, 40.611406648719999 ], [ -112.055277591637008, 40.610805085493496 ], [ -112.055431590724993, 40.610069085173699 ], [ -112.055547591076021, 40.609441084306702 ], [ -112.055555838509008, 40.609397815425702 ], [ -112.055555845694997, 40.609397782009196 ], [ -112.055737635962004, 40.609398720398801 ], [ -112.058419204103998, 40.609412537773593 ], [ -112.058419258002999, 40.609488474293592 ], [ -112.058675881526, 40.609486592061295 ], [ -112.058718987185017, 40.609486275628107 ], [ -112.058721052411997, 40.609486259942798 ], [ -112.059232613321996, 40.609479610752309 ], [ -112.061399414465996, 40.609451418177315 ], [ -112.062728131466997, 40.609434110494604 ], [ -112.062726999589998, 40.609525242598892 ], [ -112.062736626835004, 40.613622863155499 ], [ -112.062736639411, 40.613628349931901 ], [ -112.062737412860997, 40.6139577841357 ], [ -112.062741540619996, 40.6157141174535 ], [ -112.062741875691003, 40.615856336020002 ], [ -112.062743659744996, 40.616616177808297 ], [ -112.062743661542001, 40.616618078250909 ], [ -112.062743874443001, 40.616791106265609 ], [ -112.062745803126006, 40.618358661179002 ], [ -112.062745819295003, 40.618370795190998 ], [ -112.062523981233994, 40.618361108437895 ], [ -112.06221232422098, 40.618346784232791 ], [ -112.062103128608001, 40.618339245391503 ], [ -112.061212607108004, 40.618257985956809 ], [ -112.061041316349005, 40.618241733376109 ], [ -112.06099749114, 40.618489209940407 ], [ -112.060968558200997, 40.618569604475688 ], [ -112.060932651640996, 40.6186483508232 ], [ -112.060889930461002, 40.61872509441411 ], [ -112.060854111037003, 40.618783898513904 ], [ -112.060495246657993, 40.619373031743699 ], [ -112.059360542402004, 40.618971690255599 ], [ -112.059308571269, 40.618953308363487 ], [ -112.058441465255001, 40.618646603178291 ], [ -112.058265097217998, 40.618584218430193 ], [ -112.058043824197, 40.618505949320486 ], [ -112.057726369457995, 40.618393657177407 ], [ -112.057155054411993, 40.618191567529394 ], [ -112.056992358734021, 40.618140464742091 ], [ -112.056874223986, 40.618112251273608 ], [ -112.056797971391006, 40.6180951415338 ], [ -112.056719845808999, 40.618080159256898 ], [ -112.056632401105006, 40.61806339317679 ], [ -112.056190645580003, 40.61797868444981 ], [ -112.055545398288004, 40.617902460277598 ], [ -112.055462332871016, 40.618134462835002 ], [ -112.055275856091995, 40.61915436608431 ], [ -112.055098587046004, 40.619135558755801 ], [ -112.054966136744994, 40.619863943040201 ], [ -112.054111467007999, 40.619753760819791 ], [ -112.053681340175004, 40.619698306889696 ], [ -112.053631314792995, 40.619691857137894 ] ] ] } },
{ "type": "Feature", "properties": { "PrecinctID": "WJD081", "VistaID": "WJD081", "CountyID": 18, "VersionNbr": null, "EffectiveDate": 1765929600000 }, "geometry": { "type": "Polygon", "coordinates": [ [ [ -111.977600242069997, 40.587829973333996 ], [ -111.977745572415003, 40.58782908853459 ], [ -111.977925571442, 40.587828089127392 ], [ -111.978128570932995, 40.587826089630902 ], [ -111.978738571028998, 40.5878240880877 ], [ -111.978942572140994, 40.587823087998295 ], [ -111.980014572193994, 40.587817089508 ], [ -111.980579572083997, 40.587826088948702 ], [ -111.981142572322995, 40.587827088355894 ], [ -111.981328572096004, 40.587829089216797 ], [ -111.981886572313002, 40.587837087884502 ], [ -111.982073573706998, 40.587840088152198 ], [ -111.982173572367998, 40.587841088241397 ], [ -111.982482572165011, 40.587846088687009 ], [ -111.982575572949017, 40.587845088597888 ], [ -111.982622571907001, 40.587845089280094 ], [ -111.982667571213995, 40.587844087826596 ], [ -111.982945573744004, 40.58784308841971 ], [ -111.983038571833006, 40.587843089101909 ], [ -111.983134571193986, 40.587843089101895 ], [ -111.983135257507001, 40.587843094559403 ], [ -111.983237572025004, 40.587844089191002 ], [ -111.983836571351006, 40.587850088361101 ], [ -111.984036572266007, 40.587852087856902 ], [ -111.984517573388004, 40.587857088984002 ], [ -111.985960573162004, 40.587875088535696 ], [ -111.986442572312001, 40.587881088385188 ], [ -111.986962572894001, 40.587878087437183 ], [ -111.988356574061015, 40.587873088358293 ], [ -111.988525574115002, 40.587873088358293 ], [ -111.989047572550007, 40.587874087082703 ], [ -111.989070573014999, 40.587874087764888 ], [ -111.989139572612004, 40.58787408708271 ], [ -111.989162573076001, 40.587874088447009 ], [ -111.990385575437017, 40.587882087791492 ], [ -111.990980429936997, 40.587885088057199 ], [ -111.990980572769004, 40.587885087374985 ], [ -111.99098830906, 40.587885120119992 ], [ -111.991000798336998, 40.587953794648307 ], [ -111.991002495255003, 40.587963126296202 ], [ -111.991012492606004, 40.587990126602406 ], [ -111.990987495186005, 40.588002126280294 ], [ -111.990912495741, 40.588037126578996 ], [ -111.990888493655007, 40.588050125652195 ], [ -111.990830494826994, 40.588080126180202 ], [ -111.990658494399995, 40.588169125552596 ], [ -111.990601495397001, 40.588200126111097 ], [ -111.990376493469, 40.58830812620581 ], [ -111.98970049415, 40.588632124761403 ], [ -111.989476494741993, 40.588741127645093 ], [ -111.988868495195007, 40.589041126490798 ], [ -111.987047494232002, 40.589942125925802 ], [ -111.986440492713001, 40.590243127623104 ], [ -111.986440339100994, 40.590243197885989 ], [ -111.986107494422996, 40.590395128040093 ], [ -111.985887492518998, 40.590505126052996 ], [ -111.985504492204001, 40.590683127092888 ], [ -111.985280493695001, 40.590783126227599 ], [ -111.985029492725999, 40.59087812704059 ], [ -111.984871492541998, 40.590937127549395 ], [ -111.984828494680997, 40.590954126229498 ], [ -111.984546492852004, 40.591059127210798 ], [ -111.984214495285997, 40.591169126860102 ], [ -111.983831494073002, 40.59129312753771 ], [ -111.98286049520101, 40.591599126729498 ], [ -111.979946492471996, 40.592432128538917 ], [ -111.979078491734995, 40.592680127708391 ], [ -111.978297492834002, 40.59290412836809 ], [ -111.978220491943006, 40.592927127309302 ], [ -111.978049493136993, 40.592980125936599 ], [ -111.977989493761001, 40.592998126837905 ], [ -111.977913492694995, 40.593022127804808 ], [ -111.977883491659, 40.593031127909406 ], [ -111.977744492639999, 40.593071128359497 ], [ -111.977727491124995, 40.593076125685592 ], [ -111.977319864395, 40.593194939287308 ], [ -111.977415685890008, 40.591361510015403 ], [ -111.977600242069997, 40.587829973333996 ] ] ] } },
{ "type": "Feature", "properties": { "PrecinctID": "WJD082", "VistaID": "WJD082", "CountyID": 18, "VersionNbr": null, "EffectiveDate": 1765929600000 }, "geometry": { "type": "Polygon", "coordinates": [ [ [ -111.938779568626998, 40.631319135836499 ], [ -111.943306489262, 40.631313135795295 ], [ -111.943545489637003, 40.631320134593388 ], [ -111.943560802318999, 40.631320134593395 ], [ -111.943559715356997, 40.633029561914 ], [ -111.943604046318015, 40.633029528509304 ], [ -111.943563120871005, 40.633502242415503 ], [ -111.943561229916995, 40.633928705874901 ], [ -111.943087364113012, 40.633928805405795 ], [ -111.943087539285003, 40.634381700291584 ], [ -111.943567247731011, 40.634383498653293 ], [ -111.943568421828999, 40.634941537237886 ], [ -111.938849676744994, 40.634973407778595 ], [ -111.938759604468004, 40.634974014498802 ], [ -111.938759568535005, 40.634964097009401 ], [ -111.938762568908004, 40.634659097360696 ], [ -111.938762569806002, 40.634649097337508 ], [ -111.938762569806002, 40.634612097442997 ], [ -111.938762569806002, 40.6345700964877 ], [ -111.938764570355005, 40.634445096945392 ], [ -111.938766570902999, 40.634404095959297 ], [ -111.938772569852006, 40.633995096382797 ], [ -111.938776570049995, 40.633816096754998 ], [ -111.938771570027015, 40.632769097035997 ], [ -111.938770568405999, 40.632361097093195 ], [ -111.938770569303998, 40.632317095874299 ], [ -111.938772569852006, 40.632189097927608 ], [ -111.938773569676997, 40.632146096021799 ], [ -111.938773569676997, 40.632088097228106 ], [ -111.938776570049995, 40.631917097470797 ], [ -111.938777568077995, 40.631860097227197 ], [ -111.938780568450994, 40.631611096058592 ], [ -111.938781292493999, 40.631564000596505 ], [ -111.938782569, 40.631481095840691 ], [ -111.938779568626998, 40.631319135836499 ] ] ] } },
{ "type": "Feature", "properties": { "PrecinctID": "WJD083", "VistaID": "WJD083", "CountyID": 18, "VersionNbr": null, "EffectiveDate": 1765929600000 }, "geometry": { "type": "Polygon", "coordinates": [ [ [ -112.038241627076999, 40.631221552779209 ], [ -112.038241218343998, 40.63102175852881 ], [ -112.038211357446002, 40.6307696849913 ], [ -112.038209832106006, 40.629774938146795 ], [ -112.038210778931003, 40.629653427750398 ], [ -112.038217395920995, 40.6295320180338 ], [ -112.038229676789001, 40.6294108630766 ], [ -112.038247604467003, 40.629290114232099 ], [ -112.038271159192007, 40.629169922855006 ], [ -112.038300309522995, 40.629050438937291 ], [ -112.038460157542005, 40.628592083021417 ], [ -112.038725574674004, 40.628145383723798 ], [ -112.038967397554998, 40.627802199095697 ], [ -112.039029218715015, 40.627714802861199 ], [ -112.039084773227003, 40.627625014817397 ], [ -112.039133904784009, 40.627533094714401 ], [ -112.039176467860997, 40.62743930707569 ], [ -112.039212341183998, 40.627343921199198 ], [ -112.039241423242999, 40.627247212519705 ], [ -112.039263627799997, 40.627149459882894 ], [ -112.039285518845006, 40.626973215424485 ], [ -112.039285182875005, 40.626835120816992 ], [ -112.039278564986006, 40.626629245483095 ], [ -112.038927117995996, 40.626659058931402 ], [ -112.038926640092001, 40.626425720344791 ], [ -112.038932489920995, 40.626383875143993 ], [ -112.038932639042002, 40.626383875143979 ], [ -112.038934476994996, 40.626383867644201 ], [ -112.038924537135998, 40.624003433547898 ], [ -112.038924192183003, 40.623921086680795 ], [ -112.038924589237993, 40.623921087362596 ], [ -112.039388588845995, 40.623923087143289 ], [ -112.041657589522998, 40.623913087557703 ], [ -112.041774589699003, 40.623913087557696 ], [ -112.042335590288999, 40.623910086863503 ], [ -112.043039590095006, 40.623907087532807 ], [ -112.043705589369011, 40.623905086388099 ], [ -112.043706193036996, 40.623999785128809 ], [ -112.043721623398, 40.631223759592196 ], [ -112.043565510574993, 40.631224126371599 ], [ -112.043508511572, 40.631224127053393 ], [ -112.041381509388003, 40.631231128587906 ], [ -112.038341510753995, 40.631221128051202 ], [ -112.038241627076999, 40.631221552779209 ] ] ] } },
{ "type": "Feature", "properties": { "PrecinctID": "WJD084", "VistaID": "WJD084", "CountyID": 18, "VersionNbr": null, "EffectiveDate": 1765929600000 }, "geometry": { "type": "Polygon", "coordinates": [ [ [ -112.030945186946013, 40.631385113756593 ], [ -112.030945113284005, 40.631118534007392 ], [ -112.030944144901, 40.627606922337499 ], [ -112.034872388704997, 40.627590261597796 ], [ -112.034877468678005, 40.626400080745107 ], [ -112.038932489920995, 40.626383875143993 ], [ -112.038926640092001, 40.626425720344791 ], [ -112.038927117995996, 40.626659058931402 ], [ -112.039278564986006, 40.626629245483095 ], [ -112.039285182875005, 40.626835120816992 ], [ -112.039285518845006, 40.626973215424485 ], [ -112.039263627799997, 40.627149459882894 ], [ -112.039241423242999, 40.627247212519705 ], [ -112.039212341183998, 40.627343921199198 ], [ -112.039176467860997, 40.62743930707569 ], [ -112.039133904784009, 40.627533094714401 ], [ -112.039084773227003, 40.627625014817397 ], [ -112.039029218715015, 40.627714802861199 ], [ -112.038967397554998, 40.627802199095697 ], [ -112.038725574674004, 40.628145383723798 ], [ -112.038460157542005, 40.628592083021417 ], [ -112.038300309522995, 40.629050438937291 ], [ -112.038271159192007, 40.629169922855006 ], [ -112.038247604467003, 40.629290114232099 ], [ -112.038229676789001, 40.6294108630766 ], [ -112.038217395920995, 40.6295320180338 ], [ -112.038210778931003, 40.629653427750398 ], [ -112.038209832106006, 40.629774938146795 ], [ -112.038211357446002, 40.6307696849913 ], [ -112.038241218343998, 40.63102175852881 ], [ -112.038241627076999, 40.631221552779209 ], [ -112.036686001025004, 40.631228139812194 ], [ -112.036685945330007, 40.63122026155159 ], [ -112.035198886784997, 40.631227423296899 ], [ -112.035030517348005, 40.631228235938387 ], [ -112.034883331082995, 40.631228944272799 ], [ -112.034845253295003, 40.63122935263889 ], [ -112.034450255080998, 40.631233599917991 ], [ -112.033893509810994, 40.631232128709591 ], [ -112.033890508539997, 40.631301128212101 ], [ -112.033888509788, 40.631373129365599 ], [ -112.030945186946013, 40.631385113756593 ] ] ] } },
{ "type": "Feature", "properties": { "PrecinctID": "WJD085", "VistaID": "WJD085", "CountyID": 18, "VersionNbr": null, "EffectiveDate": 1765929600000 }, "geometry": { "type": "Polygon", "coordinates": [ [ [ -112.063145698954003, 40.631258287308206 ], [ -112.063144152953996, 40.631228462959903 ], [ -112.063144143071995, 40.631225399873792 ], [ -112.063144129597006, 40.6312202349635 ], [ -112.062948710089998, 40.627545375006896 ], [ -112.062754824007996, 40.623863936429402 ], [ -112.062754808736003, 40.623858543903197 ], [ -112.062750871419993, 40.622379760276999 ], [ -112.062745819295003, 40.618370795190998 ], [ -112.063107387604006, 40.61838658201809 ], [ -112.063780079325994, 40.618415949788584 ], [ -112.064003079807009, 40.618423101315109 ], [ -112.064226277019998, 40.618423346790799 ], [ -112.064449303551996, 40.618416686215802 ], [ -112.064671791993007, 40.618403131180102 ], [ -112.064674190494998, 40.618402881613001 ], [ -112.064844778771004, 40.618381650680597 ], [ -112.064904817672996, 40.618371790732297 ], [ -112.065180670534005, 40.618319708224 ], [ -112.065345121519002, 40.618279154877484 ], [ -112.065506687115999, 40.618232345267195 ], [ -112.065664953202003, 40.6181793959815 ], [ -112.065819521820998, 40.6181204440635 ], [ -112.065970000410985, 40.61805563882919 ], [ -112.066047176473006, 40.618018374717202 ], [ -112.066116005390995, 40.617985141867713 ], [ -112.066257170247994, 40.6179091352234 ], [ -112.066393134757007, 40.617827809804702 ], [ -112.066437883435, 40.617798151293307 ], [ -112.066523552169997, 40.617741372203092 ], [ -112.066648096397998, 40.617650040601902 ], [ -112.066766449436997, 40.617554048186001 ], [ -112.067505037077012, 40.616834337628283 ], [ -112.068385478582016, 40.616940629014209 ], [ -112.069322236369999, 40.616965812650008 ], [ -112.071092612775999, 40.617013382774786 ], [ -112.072484419358005, 40.617050761323185 ], [ -112.073009213350005, 40.617064852599597 ], [ -112.073100881933001, 40.617067312179998 ], [ -112.073129598378003, 40.617068084080394 ], [ -112.073146574739994, 40.619024295932299 ], [ -112.073191594709002, 40.624210084703094 ], [ -112.068305185365006, 40.624052721619208 ], [ -112.067354594419001, 40.624022086096403 ], [ -112.067477594443005, 40.624684086943198 ], [ -112.067672593538006, 40.625728086002404 ], [ -112.067432597831001, 40.626683081901206 ], [ -112.067288594296997, 40.627256085976093 ], [ -112.067032595102006, 40.62789608576459 ], [ -112.066621595198995, 40.628926086287805 ], [ -112.066460595539994, 40.629328086546579 ], [ -112.065978595491003, 40.630535087933801 ], [ -112.065818594760003, 40.63093808817721 ], [ -112.065757595557997, 40.631090086727205 ], [ -112.065727595420995, 40.631237087049897 ], [ -112.063174595061994, 40.631258088238312 ], [ -112.063145698954003, 40.631258287308206 ] ] ] } },
{ "type": "Feature", "properties": { "PrecinctID": "WJD086", "VistaID": "WJD086", "CountyID": 18, "VersionNbr": null, "EffectiveDate": 1765929600000 }, "geometry": { "type": "Polygon", "coordinates": [ [ [ -112.053244590961995, 40.6218300872398 ], [ -112.053630341917994, 40.619697234317599 ], [ -112.053631314792995, 40.619691857137894 ], [ -112.053681340175004, 40.619698306889696 ], [ -112.054111467007999, 40.619753760819791 ], [ -112.054966136744994, 40.619863943040201 ], [ -112.055098587046004, 40.619135558755801 ], [ -112.055275856091995, 40.61915436608431 ], [ -112.055462332871016, 40.618134462835002 ], [ -112.055545398288004, 40.617902460277598 ], [ -112.056190645580003, 40.61797868444981 ], [ -112.056632401105006, 40.61806339317679 ], [ -112.056719845808999, 40.618080159256898 ], [ -112.056797971391006, 40.6180951415338 ], [ -112.056874223986, 40.618112251273608 ], [ -112.056992358734021, 40.618140464742091 ], [ -112.057155054411993, 40.618191567529394 ], [ -112.057726369457995, 40.618393657177407 ], [ -112.058043824197, 40.618505949320486 ], [ -112.058265097217998, 40.618584218430193 ], [ -112.058441465255001, 40.618646603178291 ], [ -112.059308571269, 40.618953308363487 ], [ -112.059360542402004, 40.618971690255599 ], [ -112.060495246657993, 40.619373031743699 ], [ -112.060854111037003, 40.618783898513904 ], [ -112.060889930461002, 40.61872509441411 ], [ -112.060932651640996, 40.6186483508232 ], [ -112.060968558200997, 40.618569604475688 ], [ -112.06099749114, 40.618489209940407 ], [ -112.061041316349005, 40.618241733376109 ], [ -112.061212607108004, 40.618257985956809 ], [ -112.062103128608001, 40.618339245391503 ], [ -112.06221232422098, 40.618346784232791 ], [ -112.062523981233994, 40.618361108437895 ], [ -112.062745819295003, 40.618370795190998 ], [ -112.062750871419993, 40.622379760276999 ], [ -112.062754808736003, 40.623858543903197 ], [ -112.062754824007996, 40.623863936429402 ], [ -112.062948710089998, 40.627545375006896 ], [ -112.063144129597006, 40.6312202349635 ], [ -112.063144143071995, 40.631225399873792 ], [ -112.063144152953996, 40.631228462959903 ], [ -112.063145698954003, 40.631258287308206 ], [ -112.062885144402998, 40.631260083027094 ], [ -112.062884593735006, 40.631260086435816 ], [ -112.062793776755001, 40.631260780453211 ], [ -112.06265590063002, 40.631261833068891 ], [ -112.062380901169007, 40.631263934209898 ], [ -112.062370093537993, 40.631264015337692 ], [ -112.060787595281994, 40.631276087011692 ], [ -112.059166917729002, 40.631290867259004 ], [ -112.058703592756004, 40.631295087946299 ], [ -112.058283032082997, 40.631296712545996 ], [ -112.058281154604003, 40.631221442336297 ], [ -112.058279895165995, 40.63118631398239 ], [ -112.058149464278003, 40.62754778238579 ], [ -112.058145557505, 40.627438810736308 ], [ -112.058114755171999, 40.62657947251239 ], [ -112.058066111399995, 40.625222334626294 ], [ -112.058048914950007, 40.624742579663391 ], [ -112.058037184748997, 40.6244153449964 ], [ -112.058017998531, 40.62387997900489 ], [ -112.058017938343994, 40.6238782833153 ], [ -112.055975256525002, 40.623885059937095 ], [ -112.055935426123, 40.623885190846792 ], [ -112.054748722886998, 40.623889110637116 ], [ -112.054725598454993, 40.62388918631919 ], [ -112.053517702164001, 40.623893163382299 ], [ -112.053517293431, 40.623893163382299 ], [ -112.053237223878, 40.623894084522689 ], [ -112.052982288289002, 40.623894921799099 ], [ -112.052875329480997, 40.623883182201389 ], [ -112.052912590700998, 40.623686086470691 ], [ -112.053203591851997, 40.622020087762692 ], [ -112.053226590519998, 40.621922086103496 ], [ -112.053244590961995, 40.6218300872398 ] ] ] } },
{ "type": "Feature", "properties": { "PrecinctID": "WJD901", "VistaID": "WJD901", "CountyID": 18, "VersionNbr": null, "EffectiveDate": 1765929600000 }, "geometry": { "type": "Polygon", "coordinates": [ [ [ -112.004918572205995, 40.580625086331402 ], [ -112.005160987077005, 40.580616701322796 ], [ -112.005162106377, 40.580632109542996 ], [ -112.005162159378003, 40.580641587534309 ], [ -112.005163814973002, 40.580939355563402 ], [ -112.004964575830002, 40.581035086731404 ], [ -112.004828574488997, 40.581101086337895 ], [ -112.004822576438002, 40.581076086360206 ], [ -112.004814575143001, 40.580952085159197 ], [ -112.004812576391998, 40.580901085572499 ], [ -112.004849577100003, 40.580736086281796 ], [ -112.004918572205995, 40.580625086331402 ] ] ] } },
{ "type": "Feature", "properties": { "PrecinctID": "WJD902", "VistaID": "WJD902", "CountyID": 18, "VersionNbr": null, "EffectiveDate": 1765929600000 }, "geometry": { "type": "Polygon", "coordinates": [ [ [ -112.063276587084019, 40.56598807922159 ], [ -112.063493585022997, 40.565988079903988 ], [ -112.064326585599005, 40.565963079738196 ], [ -112.066043587704002, 40.565973079123296 ], [ -112.066481587371996, 40.565972078707098 ], [ -112.067774586458995, 40.565970078557299 ], [ -112.068607587933997, 40.565985079338596 ], [ -112.070377587946012, 40.565976079006688 ], [ -112.072004588740015, 40.565984078922703 ], [ -112.072641589498005, 40.565991078421902 ], [ -112.073374970502996, 40.565986650933404 ], [ -112.073800587793002, 40.565984080287492 ], [ -112.075446589753, 40.565988078539192 ], [ -112.077248588653006, 40.565994077622094 ], [ -112.078356588690994, 40.566027079051999 ], [ -112.078434588508998, 40.566032078398699 ], [ -112.079188319948003, 40.566021226690495 ], [ -112.079198588590017, 40.566021079289591 ], [ -112.079198589488016, 40.566111077717295 ], [ -112.079196590736998, 40.566174077841296 ], [ -112.079451588309993, 40.566176077985084 ], [ -112.079745589834005, 40.566177079080596 ], [ -112.081687364795997, 40.566196037110203 ], [ -112.081691589572998, 40.566196079419605 ], [ -112.081684589002009, 40.566602077904392 ], [ -112.081682598334993, 40.566728606714506 ], [ -112.081457153537997, 40.566795016911001 ], [ -112.081396432814998, 40.566812902709692 ], [ -112.081177809823998, 40.566881621391289 ], [ -112.080960452560007, 40.566954834984998 ], [ -112.080744254121996, 40.56702892128979 ], [ -112.080530524254996, 40.567105684570109 ], [ -112.080317984655011, 40.567186942046895 ], [ -112.080106675747999, 40.567269127487386 ], [ -112.079897777918006, 40.567355749096592 ], [ -112.079726487160002, 40.567428511106996 ], [ -112.079692490417997, 40.567443284323296 ], [ -112.079487238850007, 40.567535267293799 ], [ -112.079285534728996, 40.567629918303105 ], [ -112.061788377797001, 40.575885049306301 ], [ -112.061589206926016, 40.575979003466394 ], [ -112.061594587835003, 40.57594608131599 ], [ -112.061730586479996, 40.575245081504285 ], [ -112.061864587273007, 40.5745660806801 ], [ -112.062150587502998, 40.573101081273904 ], [ -112.062291585273996, 40.5723800800506 ], [ -112.062388372456994, 40.571884678098101 ], [ -112.062409585273997, 40.571776081720294 ], [ -112.062530586546998, 40.571123079762295 ], [ -112.063129586770998, 40.567916080114209 ], [ -112.063201587639995, 40.567395079092904 ], [ -112.063212586611996, 40.567286079638009 ], [ -112.063228586505019, 40.567134080615098 ], [ -112.063265585417, 40.566609080751007 ], [ -112.063274585637998, 40.56634907961849 ], [ -112.063276528694004, 40.56599835020269 ], [ -112.063276587084019, 40.56598807922159 ] ] ] } },
{ "type": "Feature", "properties": { "PrecinctID": "WJD903", "VistaID": "WJD903", "CountyID": 18, "VersionNbr": null, "EffectiveDate": 1765929600000 }, "geometry": { "type": "Polygon", "coordinates": [ [ [ -112.014839576084995, 40.565977082834792 ], [ -112.015315924831995, 40.565978055272005 ], [ -112.015329577428005, 40.565978083250897 ], [ -112.015510031901002, 40.565978681043802 ], [ -112.015957179113016, 40.565980163242692 ], [ -112.016063140791005, 40.565980512637701 ], [ -112.016753503272994, 40.565982795988198 ], [ -112.016827554097006, 40.565983040291705 ], [ -112.016845551844014, 40.5659831003439 ], [ -112.017107295765001, 40.565983964959898 ], [ -112.017749576819995, 40.565986084531502 ], [ -112.024025577499998, 40.5659710830679 ], [ -112.026185577499007, 40.565972082119195 ], [ -112.026193578793993, 40.567327082233497 ], [ -112.027055578784001, 40.567328082629402 ], [ -112.027054578958996, 40.565973083217692 ], [ -112.029382580085993, 40.565977082152394 ], [ -112.031950579615994, 40.565981082451692 ], [ -112.033251580896007, 40.565984083017199 ], [ -112.033843579651005, 40.56598008135321 ], [ -112.035347579524, 40.565981081769301 ], [ -112.035605580164997, 40.565980082035708 ], [ -112.036038657963005, 40.566001578693005 ], [ -112.035838271670997, 40.566101659766893 ], [ -112.034235581084999, 40.56690208118949 ], [ -112.033640581057995, 40.567200081651897 ], [ -112.033533581826006, 40.567252081843996 ], [ -112.032795579888003, 40.56762208167639 ], [ -112.032388580182001, 40.567824081289707 ], [ -112.030262580517999, 40.568887082470901 ], [ -112.029418580070995, 40.569310083141993 ], [ -112.028356580962011, 40.569840082033494 ], [ -112.026225578581005, 40.570906082925703 ], [ -112.025167579669997, 40.571426084255293 ], [ -112.024103578216994, 40.571950082851295 ], [ -112.023876579334001, 40.572061084230491 ], [ -112.023197578742995, 40.57239508348929 ], [ -112.022971578788002, 40.57250708376651 ], [ -112.022408579445994, 40.572783083064301 ], [ -112.021124579681, 40.5734160831989 ], [ -112.020721580173998, 40.573614083903209 ], [ -112.020160578684994, 40.573892084688993 ], [ -112.019178578145997, 40.574382084130789 ], [ -112.016900578145993, 40.57552208479261 ], [ -112.016230577776, 40.575850084951796 ], [ -112.015366687731003, 40.576273696622401 ], [ -112.015245576864004, 40.576333084601302 ], [ -112.015118578439001, 40.576394084133902 ], [ -112.014740577249, 40.576577083762494 ], [ -112.014614578649002, 40.576639084011603 ], [ -112.014616577400005, 40.576553085763607 ], [ -112.014625576723006, 40.576299083898093 ], [ -112.014627577271, 40.576257084490599 ], [ -112.014627578168998, 40.576214084111498 ], [ -112.014514576395001, 40.576269084226603 ], [ -112.014432577277006, 40.576311084308806 ], [ -112.014125576232018, 40.576466084416602 ], [ -112.013856578415997, 40.576619085016013 ], [ -112.01366757737101, 40.576727085388889 ], [ -112.013681576717005, 40.573318084639098 ], [ -112.014568575922993, 40.573319085627801 ], [ -112.014581925786999, 40.573319084945503 ], [ -112.014669576206003, 40.573319085627801 ], [ -112.014764424825003, 40.573320062052304 ], [ -112.014766578087006, 40.573320084569403 ], [ -112.01479657732601, 40.56953508396311 ], [ -112.014820575818007, 40.568198083585592 ], [ -112.014839458406016, 40.565990806822001 ], [ -112.014839576084995, 40.565977082834792 ] ] ] } },
{ "type": "Feature", "properties": { "PrecinctID": "WJD904", "VistaID": "WJD904", "CountyID": 18, "VersionNbr": null, "EffectiveDate": 1765929600000 }, "geometry": { "type": "Polygon", "coordinates": [ [ [ -112.067318594433999, 40.631268087405992 ], [ -112.067316595682996, 40.63123708704989 ], [ -112.067328596276994, 40.631078087966493 ], [ -112.068258688566004, 40.631082870427285 ], [ -112.068256750900005, 40.631224375209101 ], [ -112.068256914393004, 40.631254320909903 ], [ -112.068256929664003, 40.631257387403494 ], [ -112.068117737508004, 40.631256602032103 ], [ -112.068116809548002, 40.631256597941594 ], [ -112.068114058008007, 40.6312565822614 ], [ -112.068114045431997, 40.631257454896293 ], [ -112.068113596274003, 40.631284088661701 ], [ -112.067318594433999, 40.631268087405992 ] ] ] } },
{ "type": "Feature", "properties": { "PrecinctID": "WJD905", "VistaID": "WJD905", "CountyID": 18, "VersionNbr": null, "EffectiveDate": 1765929600000 }, "geometry": { "type": "Polygon", "coordinates": [ [ [ -112.065727595420995, 40.631237087049897 ], [ -112.065757595557997, 40.631090086727205 ], [ -112.065818594760003, 40.63093808817721 ], [ -112.065978595491003, 40.630535087933801 ], [ -112.066460595539994, 40.629328086546579 ], [ -112.066621595198995, 40.628926086287805 ], [ -112.067032595102006, 40.62789608576459 ], [ -112.067288594296997, 40.627256085976093 ], [ -112.067432597831001, 40.626683081901206 ], [ -112.067672593538006, 40.625728086002404 ], [ -112.067477594443005, 40.624684086943198 ], [ -112.067354594419001, 40.624022086096403 ], [ -112.068305185365006, 40.624052721619208 ], [ -112.068303510904997, 40.624167509250093 ], [ -112.068303422870002, 40.624173588342494 ], [ -112.068304619426002, 40.626205403278007 ], [ -112.068304665240007, 40.626283884950091 ], [ -112.068305215009005, 40.627219782862099 ], [ -112.068305478216004, 40.627665199781703 ], [ -112.068298480340005, 40.628176351426291 ], [ -112.068258688566004, 40.631082870427285 ], [ -112.067328596276994, 40.631078087966493 ], [ -112.067316595682996, 40.63123708704989 ], [ -112.067318594433999, 40.631268087405992 ], [ -112.065727595420995, 40.631237087049897 ] ] ] } },
{ "type": "Feature", "properties": { "PrecinctID": "WJD906", "VistaID": "WJD906", "CountyID": 18, "VersionNbr": null, "EffectiveDate": 1765929600000 }, "geometry": { "type": "Polygon", "coordinates": [ [ [ -112.034138442659994, 40.623918258487699 ], [ -112.034138386964003, 40.623914743018986 ], [ -112.03413807075701, 40.623894395433197 ], [ -112.034136735860997, 40.623808551366501 ], [ -112.034135745019, 40.623744835748482 ], [ -112.034132786867005, 40.623554573538108 ], [ -112.034131681939002, 40.623483570328794 ], [ -112.034125771023994, 40.623103493885111 ], [ -112.034112862233997, 40.622273350723404 ], [ -112.037329267532002, 40.622256426827512 ], [ -112.037351047185993, 40.623652564620301 ], [ -112.037353045938005, 40.623780657339296 ], [ -112.037353218413998, 40.623791730132808 ], [ -112.037370769698001, 40.62390655707609 ], [ -112.037371815336996, 40.623913394377098 ], [ -112.037372056983997, 40.623914977565391 ], [ -112.036855586781002, 40.623913088921306 ], [ -112.036522589390003, 40.623913088921284 ], [ -112.035524587161007, 40.623915089383999 ], [ -112.035192586899996, 40.623916089615292 ], [ -112.034194588263006, 40.623918089396092 ], [ -112.034138442659994, 40.623918258487699 ] ] ] } },
{ "type": "Feature", "properties": { "PrecinctID": "WJD907", "VistaID": "WJD907", "CountyID": 18, "VersionNbr": null, "EffectiveDate": 1765929600000 }, "geometry": { "type": "Polygon", "coordinates": [ [ [ -111.922244020476995, 40.609332713257601 ], [ -111.922817563345021, 40.608851094910491 ], [ -111.923305564139994, 40.608572095749501 ], [ -111.923879562452996, 40.608277095479494 ], [ -111.924497562945007, 40.607975095391701 ], [ -111.924785563723006, 40.6078460946513 ], [ -111.925211563695996, 40.60766409444161 ], [ -111.925424564131006, 40.607559093622996 ], [ -111.925775561964002, 40.607413094178604 ], [ -111.92613356306201, 40.607321094430297 ], [ -111.926741563508003, 40.607184094711194 ], [ -111.929099679756007, 40.606790112392595 ], [ -111.929189564284997, 40.606775094162892 ], [ -111.929191563935007, 40.606970094234597 ], [ -111.929198562709004, 40.607555094445893 ], [ -111.929201563980996, 40.607750094969695 ], [ -111.929197564681019, 40.608082095129483 ], [ -111.929187564635001, 40.609081095256997 ], [ -111.929186564809996, 40.60923909442549 ], [ -111.929159575826006, 40.609412006519698 ], [ -111.928817564739006, 40.609318949741883 ], [ -111.928738035988999, 40.609297310150588 ], [ -111.928571217043995, 40.609251920929999 ], [ -111.928466676501003, 40.609213984257998 ], [ -111.928361003182999, 40.609179729527902 ], [ -111.928255333457997, 40.609145420904511 ], [ -111.928148530057996, 40.609114738990684 ], [ -111.928040505848998, 40.609084115712506 ], [ -111.927932552605995, 40.6090534371804 ], [ -111.927823397417995, 40.609026386730292 ], [ -111.927713096877, 40.60900027466429 ], [ -111.927602801727005, 40.608974983002106 ], [ -111.927492588323005, 40.60895155925629 ], [ -111.927381162193001, 40.608929950916895 ], [ -111.927269741453998, 40.608909221635109 ], [ -111.927171013011005, 40.608891861299895 ], [ -111.927157175361998, 40.608889429379495 ], [ -111.927044623642999, 40.608872271585604 ], [ -111.926930927471005, 40.6088561060605 ], [ -111.926817320232004, 40.608842575 ], [ -111.92667402008, 40.608826627017692 ], [ -111.926589978192993, 40.608818259184496 ], [ -111.926476393412003, 40.6088084060084 ], [ -111.926361588719004, 40.608799380066898 ], [ -111.926246868467004, 40.608792221372497 ], [ -111.926132088027998, 40.608786820127804 ], [ -111.926017384844997, 40.608782349097297 ], [ -111.925901550681999, 40.608781452981603 ], [ -111.925786870855006, 40.608780606650107 ], [ -111.925672200009998, 40.608781515723301 ], [ -111.925557603726006, 40.608782425478502 ], [ -111.925442954440996, 40.6087869585688 ], [ -111.925327228076995, 40.608791496432708 ], [ -111.925212675810002, 40.608799597616901 ], [ -111.925098122644997, 40.608807697436191 ], [ -111.924984728306001, 40.608816726104607 ], [ -111.924870269465004, 40.608828448572801 ], [ -111.924756976636004, 40.608841979635997 ], [ -111.924643687400007, 40.608856388397989 ], [ -111.924530402656998, 40.608871730779796 ], [ -111.924348776781002, 40.608901099322892 ], [ -111.922244020476995, 40.609332713257601 ] ] ] } },
{ "type": "Feature", "properties": { "PrecinctID": "WJD908", "VistaID": "WJD908", "CountyID": 18, "VersionNbr": null, "EffectiveDate": 1765929600000 }, "geometry": { "type": "Polygon", "coordinates": [ [ [ -112.058646583872004, 40.592257111077693 ], [ -112.058646587465006, 40.5922570824277 ], [ -112.058932588594018, 40.5907260826989 ], [ -112.058942587741001, 40.590690082396598 ], [ -112.059122587665996, 40.589766082104099 ], [ -112.059296589539997, 40.588805082660798 ], [ -112.059940588174001, 40.585314082589299 ], [ -112.060602587248994, 40.581653081799992 ], [ -112.060960588347996, 40.579702081596501 ], [ -112.061055587883999, 40.579230082741098 ], [ -112.061072587602993, 40.57912808090299 ], [ -112.061096586993997, 40.578994082064604 ], [ -112.061589206926016, 40.575979003466394 ], [ -112.061788377797001, 40.575885049306301 ], [ -112.079285534728996, 40.567629918303105 ], [ -112.079487238850007, 40.567535267293799 ], [ -112.079692490417997, 40.567443284323296 ], [ -112.079726487160002, 40.567428511106996 ], [ -112.079897777918006, 40.567355749096592 ], [ -112.080106675747999, 40.567269127487386 ], [ -112.080317984655011, 40.567186942046895 ], [ -112.080530524254996, 40.567105684570109 ], [ -112.080744254121996, 40.56702892128979 ], [ -112.080960452560007, 40.566954834984998 ], [ -112.081177809823998, 40.566881621391289 ], [ -112.081396432814998, 40.566812902709692 ], [ -112.081457153537997, 40.566795016911001 ], [ -112.081682598334993, 40.566728606714506 ], [ -112.081682591149004, 40.566729078938309 ], [ -112.081653590835998, 40.567596079681898 ], [ -112.081627590897, 40.568672078452785 ], [ -112.081614568020996, 40.569798986127893 ], [ -112.081576592640005, 40.573085080413108 ], [ -112.081570591894007, 40.573512079643599 ], [ -112.081559592022998, 40.573526079113599 ], [ -112.080279591557996, 40.575087080457607 ], [ -112.076349590649002, 40.57992308075719 ], [ -112.075676363531002, 40.580751970692901 ], [ -112.075670590957003, 40.580759079173809 ], [ -112.075670590059005, 40.580759144670907 ], [ -112.075680591003007, 40.583480082482787 ], [ -112.075669592029996, 40.588006081602799 ], [ -112.075013591903996, 40.588005081516101 ], [ -112.075015590655994, 40.591593082191594 ], [ -112.075015592452004, 40.591593144267293 ], [ -112.075015511603993, 40.591593121074197 ], [ -112.074805512439994, 40.591523119405693 ], [ -112.074493514067001, 40.591420121952901 ], [ -112.074205510593998, 40.591403119980491 ], [ -112.074047512207002, 40.591409120195607 ], [ -112.073686512532007, 40.591469120953001 ], [ -112.073542512591999, 40.591486120180001 ], [ -112.073319511212006, 40.591458121250199 ], [ -112.073060511644002, 40.591420121270687 ], [ -112.072858511977998, 40.591382120587603 ], [ -112.072591512912993, 40.591354120932003 ], [ -112.072390512173001, 40.591277121477809 ], [ -112.072310513603995, 40.59123912139551 ], [ -112.072159512194006, 40.591234120521392 ], [ -112.072123513107996, 40.591233120482997 ], [ -112.071576510065995, 40.591255120642892 ], [ -112.071396512836003, 40.591239122077695 ], [ -112.070272511108001, 40.590937120727801 ], [ -112.069768511318003, 40.59078312077029 ], [ -112.069609509513, 40.590717121167195 ], [ -112.069453510776, 40.590673121850401 ], [ -112.069436512853997, 40.590668120933898 ], [ -112.069278512669996, 40.590685121046803 ], [ -112.068860513093995, 40.590838121185598 ], [ -112.068644511387006, 40.590926120255411 ], [ -112.068500510549001, 40.590954121454395 ], [ -112.068413510509998, 40.590987120806105 ], [ -112.068219512138, 40.591009121729186 ], [ -112.068017510675006, 40.591102121458206 ], [ -112.067902510148997, 40.591228121654886 ], [ -112.067636510908002, 40.591393121667188 ], [ -112.067434511241999, 40.591481120688691 ], [ -112.067189511918002, 40.5915191206334 ], [ -112.066994512823001, 40.591569120958702 ], [ -112.066685511230006, 40.591635121085098 ], [ -112.066541510391005, 40.591701122510806 ], [ -112.066418510367996, 40.591739120966295 ], [ -112.066274511326, 40.591756121488906 ], [ -112.066072511659002, 40.591712120809404 ], [ -112.06589251173402, 40.591662120591003 ], [ -112.065727510081018, 40.591585121491491 ], [ -112.065547509257996, 40.591547120219893 ], [ -112.065302511729996, 40.591525120838192 ], [ -112.065093511493004, 40.591596121173303 ], [ -112.064949509756019, 40.591706121985688 ], [ -112.064704510431994, 40.591805120924903 ], [ -112.064452511436002, 40.591882122499804 ], [ -112.064243510300017, 40.591937122011196 ], [ -112.064027510390005, 40.591986121314498 ], [ -112.063811510479994, 40.592091121357491 ], [ -112.063602510242006, 40.592151121502901 ], [ -112.063350509448995, 40.592244121007901 ], [ -112.063256512433014, 40.59228812065529 ], [ -112.063076511608998, 40.5923051210385 ], [ -112.062860511699, 40.592305121720607 ], [ -112.062672510479999, 40.592277121769413 ], [ -112.062471509740007, 40.592217123101406 ], [ -112.062060510735009, 40.592069120790406 ], [ -112.061830508783999, 40.592047122262585 ], [ -112.061547511621995, 40.592076122335882 ], [ -112.061354511277997, 40.59209612148539 ], [ -112.061189510522993, 40.592107121083195 ], [ -112.060958511443019, 40.592140122594493 ], [ -112.060547511538999, 40.5922061221574 ], [ -112.060274510829998, 40.592195123257902 ], [ -112.060007510866001, 40.592173121360794 ], [ -112.059510508952002, 40.592162121091704 ], [ -112.059186509984997, 40.5921901217732 ], [ -112.059044166538015, 40.592206815898294 ], [ -112.059037483970997, 40.592207599682403 ], [ -112.058862510119994, 40.592228121315003 ], [ -112.058774510256001, 40.592240122278803 ], [ -112.058646583872004, 40.592257111077693 ] ] ] } },
{ "type": "Feature", "properties": { "PrecinctID": "WJD909", "VistaID": "WJD909", "CountyID": 18, "VersionNbr": null, "EffectiveDate": 1765929600000 }, "geometry": { "type": "Polygon", "coordinates": [ [ [ -111.999848152856998, 40.63857909403459 ], [ -111.999848142076999, 40.638578952246988 ], [ -111.999852899554995, 40.631282093873693 ], [ -111.999937894553995, 40.631282731305994 ], [ -111.999938182912999, 40.631282733351206 ], [ -111.999938819818993, 40.631282737441694 ], [ -112.003598583235998, 40.631310091801893 ], [ -112.005102583107998, 40.631320091643495 ], [ -112.005150581891002, 40.631320091643502 ], [ -112.005301178160011, 40.631320556593792 ], [ -112.005301148515002, 40.631353546243098 ], [ -112.005301137736012, 40.631361937160193 ], [ -112.005300303200997, 40.632245031655508 ], [ -112.005298779658006, 40.632994540179098 ], [ -112.005295386721002, 40.635065852098506 ], [ -112.005282857020006, 40.6356120772286 ], [ -112.005266911025004, 40.635888625924601 ], [ -112.005245111608005, 40.63616500782279 ], [ -112.005216555063001, 40.636441050457194 ], [ -112.005181693243998, 40.636716580000922 ], [ -112.005140523454003, 40.636991772335506 ], [ -112.005093498446001, 40.637266280487815 ], [ -112.005039718107, 40.637540105829494 ], [ -112.005042464255993, 40.63754091703089 ], [ -112.004952227588007, 40.637947032521296 ], [ -112.004886845505993, 40.638205762105208 ], [ -112.004815547120998, 40.638463584743803 ], [ -112.004820422278002, 40.638463584062194 ], [ -112.004784638787001, 40.63857958415619 ], [ -112.004565581910001, 40.638585092741209 ], [ -112.004216581929995, 40.638574091930892 ], [ -112.003750582673007, 40.638574092612593 ], [ -112.001305582269012, 40.638575091942698 ], [ -112.000844582135997, 40.638576091954398 ], [ -112.000490582134006, 40.638581092012998 ], [ -112.000361583160995, 40.638579091989499 ], [ -112.000072584354015, 40.638577091966098 ], [ -111.999976584094995, 40.6385770926478 ], [ -111.999848583149998, 40.638579091989506 ], [ -111.999848152856998, 40.63857909403459 ] ] ] } }
]
}
