{"type": "FeatureCollection", "features": [{"type": "Feature", "geometry": {"type": "Polygon", "coordinates": [[[-111.715425122583, 40.333724046499], [-111.715421285878, 40.3337240629335], [-111.715420398343, 40.3337240656726], [-111.714504618911, 40.33372788466], [-111.713872501395, 40.3337305183026], [-111.713869678889, 40.3337305319981], [-111.713506206152, 40.3337320432953], [-111.713505841436, 40.3337320453496], [-111.711529522658, 40.3313098876104], [-111.711286792478, 40.3310119391211], [-111.710907214745, 40.3305444306865], [-111.710596718355, 40.3301597743085], [-111.709512766217, 40.3288222203351], [-111.708994322416, 40.3281930262179], [-111.708744224254, 40.3278796709603], [-111.708587517644, 40.3276748909572], [-111.708437818792, 40.3274670607492], [-111.708295231902, 40.3272563227549], [-111.708159852195, 40.3270428187096], [-111.707901047562, 40.3265171947135], [-111.711599628081, 40.3264892549786], [-111.711714485775, 40.3264874688952], [-111.713723078326, 40.3264632759525], [-111.715284927008, 40.326449783757], [-111.716688744964, 40.3264346664134], [-111.717125820265, 40.3264299567102], [-111.718671652884, 40.3264132847557], [-111.719568738375, 40.3264022265029], [-111.720031852243, 40.3264004712354], [-111.720031998668, 40.3264004705505], [-111.720780287215, 40.3275860026239], [-111.72109528686, 40.3281970030293], [-111.721188441256, 40.3283643199483], [-111.721507287486, 40.3289370043153], [-111.721802287938, 40.3294680030913], [-111.721983870694, 40.3298381535758], [-111.721983738642, 40.3298381542606], [-111.72011404899, 40.3298493242599], [-111.72011829353, 40.3300550310641], [-111.720193656792, 40.333697506688], [-111.715425207923, 40.3337240444446], [-111.715425122583, 40.333724046499]]]}, "properties": {"PrecinctID": "25OR01", "VistaID": "25OR01", "AliasName": null, "CountyID": 25}}, {"type": "Feature", "geometry": {"type": "Polygon", "coordinates": [[[-111.700442095908, 40.3337980507247], [-111.700477162543, 40.3335580514749], [-111.700523308999, 40.3330522855219], [-111.700525062511, 40.333033067816], [-111.700488470536, 40.332735497403], [-111.700488175889, 40.3327331054506], [-111.700488214516, 40.3327325850143], [-111.700517849937, 40.3323275535826], [-111.700518654828, 40.3323165620385], [-111.700743155496, 40.3319470435149], [-111.700841090726, 40.3318210422539], [-111.700930069753, 40.3316941025883], [-111.700947111693, 40.3315490874806], [-111.700875174605, 40.3314401081796], [-111.700659094745, 40.3314341189388], [-111.700408067725, 40.3314750979085], [-111.70019812246, 40.3315161008212], [-111.70010851551, 40.3315506330665], [-111.700107225529, 40.331551129544], [-111.699975104911, 40.3316020468883], [-111.699929028523, 40.3316082032045], [-111.699720119016, 40.3316361134286], [-111.699540521536, 40.3316666292877], [-111.699532200441, 40.3316680427053], [-111.699532095338, 40.3316680611948], [-111.699359090595, 40.3316610892927], [-111.698964142687, 40.331639061474], [-111.698559130054, 40.3315541179961], [-111.698236630376, 40.3314753321092], [-111.697728164162, 40.3313511124982], [-111.697523172207, 40.3312900962313], [-111.6972091661, 40.3312171219336], [-111.697198958543, 40.3312115969673], [-111.69719763802, 40.3312108806665], [-111.696919136027, 40.3310601286229], [-111.696542133764, 40.330826088387], [-111.696542175985, 40.3308260329179], [-111.696713117298, 40.3306240736677], [-111.696711766232, 40.3305479225162], [-111.696711261379, 40.3305195413797], [-111.696711129327, 40.3305120879395], [-111.696753723844, 40.3300006111073], [-111.696758097741, 40.3299480935168], [-111.696758056419, 40.3299473819963], [-111.696723427263, 40.3293424026146], [-111.69672333833, 40.3293408412273], [-111.696723323956, 40.3293405844202], [-111.696710129502, 40.3291100855957], [-111.696709548292, 40.3291065793103], [-111.696709515054, 40.3291063786576], [-111.696600097557, 40.3284460686092], [-111.696600024794, 40.3284445325399], [-111.696584101257, 40.3281040776169], [-111.696760122544, 40.3277320939055], [-111.696959093989, 40.3273440664713], [-111.696984145308, 40.3271291012518], [-111.696989133652, 40.3268920710526], [-111.696986601302, 40.3268620255771], [-111.696986574352, 40.3268616995913], [-111.696967201285, 40.3266318161961], [-111.696967248895, 40.3266318168809], [-111.699027725442, 40.3266190287415], [-111.699141180866, 40.3266161503311], [-111.700815521978, 40.3265984354008], [-111.700851322537, 40.3265986812608], [-111.701521067785, 40.3265949981546], [-111.701894503737, 40.3265878380804], [-111.702788189104, 40.3265816922638], [-111.702905457877, 40.3265812128709], [-111.70395676883, 40.326568531558], [-111.704915891076, 40.3265580780507], [-111.705711073477, 40.3265437284453], [-111.706840706743, 40.3265300465632], [-111.707901047562, 40.3265171947135], [-111.708159852195, 40.3270428187096], [-111.708295231902, 40.3272563227549], [-111.708437818792, 40.3274670607492], [-111.708587517644, 40.3276748909572], [-111.708744224254, 40.3278796709603], [-111.708994322416, 40.3281930262179], [-111.709512766217, 40.3288222203351], [-111.710596718355, 40.3301597743085], [-111.710907214745, 40.3305444306865], [-111.711286792478, 40.3310119391211], [-111.711529522658, 40.3313098876104], [-111.713505841436, 40.3337320453496], [-111.713259305094, 40.333733853154], [-111.712412361766, 40.33374005721], [-111.711047205504, 40.3337500501213], [-111.711047088723, 40.3337500508061], [-111.710855063051, 40.3337469035835], [-111.710854374043, 40.3337468946815], [-111.710803206004, 40.3337460558329], [-111.710803120664, 40.3337460551482], [-111.709706510366, 40.3337531048991], [-111.709703257567, 40.333753123388], [-111.708782205024, 40.3337590453152], [-111.708318204519, 40.3337610448557], [-111.707609202893, 40.3337650446213], [-111.706935213105, 40.3337680500948], [-111.70581320384, 40.3337730448366], [-111.705424526173, 40.333776079755], [-111.705423392499, 40.3337760866027], [-111.704788202745, 40.3337810450509], [-111.703913201437, 40.3337880448098], [-111.703578201701, 40.333791044804], [-111.703222724869, 40.3337874059157], [-111.702992201895, 40.3337850516631], [-111.702992117454, 40.3337850516631], [-111.702311982291, 40.3337909729027], [-111.702002721983, 40.3337936661182], [-111.701384201367, 40.3337990457009], [-111.701384136688, 40.3337990463857], [-111.701056984635, 40.3337985026754], [-111.700801152527, 40.3337980753765], [-111.700442090518, 40.333798089072], [-111.700442095908, 40.3337980507247]]]}, "properties": {"PrecinctID": "25OR02", "VistaID": "25OR02", "AliasName": null, "CountyID": 25}}, {"type": "Feature", "geometry": {"type": "Polygon", "coordinates": [[[-111.696605121835, 40.3323160847407], [-111.696357119443, 40.3319230839891], [-111.696306120287, 40.3317470844805], [-111.696289119671, 40.331518083993], [-111.696344119024, 40.3312560843003], [-111.696381167343, 40.331107885981], [-111.69638511993, 40.3310920835099], [-111.696450119329, 40.3309550834083], [-111.696542133764, 40.330826088387], [-111.696919136027, 40.3310601286229], [-111.69719763802, 40.3312108806665], [-111.697198958543, 40.3312115969673], [-111.6972091661, 40.3312171219336], [-111.697523172207, 40.3312900962313], [-111.697728164162, 40.3313511124982], [-111.698236630376, 40.3314753321092], [-111.698559130054, 40.3315541179961], [-111.698964142687, 40.331639061474], [-111.699359090595, 40.3316610892927], [-111.699532095338, 40.3316680611948], [-111.699532200441, 40.3316680427053], [-111.699540521536, 40.3316666292877], [-111.699720119016, 40.3316361134286], [-111.699929028523, 40.3316082032045], [-111.699975104911, 40.3316020468883], [-111.700107225529, 40.331551129544], [-111.70010851551, 40.3315506330665], [-111.70019812246, 40.3315161008212], [-111.700408067725, 40.3314750979085], [-111.700659094745, 40.3314341189388], [-111.700875174605, 40.3314401081796], [-111.700947111693, 40.3315490874806], [-111.700930069753, 40.3316941025883], [-111.700841090726, 40.3318210422539], [-111.700743155496, 40.3319470435149], [-111.700518654828, 40.3323165620385], [-111.700517849937, 40.3323275535826], [-111.700488214516, 40.3327325850143], [-111.700488175889, 40.3327331054506], [-111.700488470536, 40.332735497403], [-111.700525062511, 40.333033067816], [-111.700523308999, 40.3330522855219], [-111.700477162543, 40.3335580514749], [-111.700442095908, 40.3337980507247], [-111.700040343262, 40.3338036994232], [-111.700040284871, 40.3338036987384], [-111.699653742499, 40.3338056715715], [-111.699653063373, 40.3338056784192], [-111.699644117949, 40.3338057229294], [-111.697410484843, 40.3338170997585], [-111.69740411489, 40.3338171326276], [-111.697403529188, 40.3338171326276], [-111.696746707103, 40.3338204702139], [-111.696739534056, 40.3338205099307], [-111.6966556889, 40.3338209338056], [-111.696274144755, 40.3338228326826], [-111.696301120265, 40.3335490856995], [-111.696365118042, 40.3332740851451], [-111.696576119726, 40.3328550832763], [-111.696649120419, 40.3326650843956], [-111.696669119612, 40.3324400841282], [-111.696605121835, 40.3323160847407]]]}, "properties": {"PrecinctID": "25OR03", "VistaID": "25OR03", "AliasName": null, "CountyID": 25}}, {"type": "Feature", "geometry": {"type": "Polygon", "coordinates": [[[-111.6962741205, 40.3338230846792], [-111.696095846239, 40.3338233825557], [-111.696095698915, 40.3338233825557], [-111.696095550693, 40.3338233825557], [-111.693763950017, 40.3338231867104], [-111.693761777891, 40.3338231873952], [-111.693759295846, 40.3338231867104], [-111.693759144929, 40.3338231846561], [-111.693425237544, 40.333823230536], [-111.693424814438, 40.3338232291664], [-111.693264842452, 40.3338232490249], [-111.69325774666, 40.3338232510792], [-111.691501539381, 40.3338234592503], [-111.686728780395, 40.3338238879185], [-111.686728796564, 40.3338237249424], [-111.686728792971, 40.3338230737228], [-111.686728792971, 40.3338230346907], [-111.686723498301, 40.3328825547235], [-111.686718719264, 40.3327323193179], [-111.686720088296, 40.3326855587869], [-111.686727174207, 40.332639100214], [-111.686739915911, 40.3325933565256], [-111.68675820022, 40.3325487255842], [-111.686789133707, 40.3324902495905], [-111.686828513154, 40.3324348263293], [-111.686875830115, 40.3323831686725], [-111.686930477329, 40.3323359360803], [-111.687301374642, 40.3320745969624], [-111.687383587558, 40.3320100991829], [-111.687435423943, 40.3319578906279], [-111.687481573094, 40.3319026449757], [-111.687522574899, 40.3318433781703], [-111.687557029782, 40.3317817193267], [-111.687584704181, 40.3317180923264], [-111.687605408551, 40.3316529292697], [-111.687618997367, 40.3315866821177], [-111.687625382592, 40.3315197987244], [-111.687624515717, 40.331452742011], [-111.687619597441, 40.3303771513582], [-111.687620981745, 40.3296959572892], [-111.687614052141, 40.3292714197209], [-111.687608359517, 40.3292016324491], [-111.687594511089, 40.3291325182843], [-111.687572623637, 40.3290646305645], [-111.68754286874, 40.3289985192059], [-111.687505488942, 40.3289347163213], [-111.687460781587, 40.3288737362198], [-111.687403250781, 40.3288168485735], [-111.687340910396, 40.3287630083498], [-111.686841780373, 40.3284241116481], [-111.686788432123, 40.328386188586], [-111.686739814401, 40.3283447078155], [-111.686696329653, 40.3283000131145], [-111.686658336307, 40.3282524763393], [-111.686612543787, 40.3281854574693], [-111.6865742522, 40.328115736188], [-111.686543731938, 40.3280438041966], [-111.686521197699, 40.3279701675795], [-111.686506804891, 40.3278953433804], [-111.686500660415, 40.3278198602877], [-111.686502801999, 40.3277442490464], [-111.686513217066, 40.3276690397191], [-111.686531831955, 40.3275947637404], [-111.686558516411, 40.3275219450141], [-111.686615056375, 40.3274263943716], [-111.686655498529, 40.3273184089639], [-111.686644207604, 40.3266253300148], [-111.686996063328, 40.3266245616169], [-111.688159211839, 40.3266272003307], [-111.68938228876, 40.3266252224939], [-111.690186033004, 40.3266307478356], [-111.691087502273, 40.3266359560929], [-111.692113296581, 40.3266355020397], [-111.692968090286, 40.3266351178409], [-111.695426142313, 40.3266336461058], [-111.696967167149, 40.3266318161961], [-111.696967201285, 40.3266318161961], [-111.696986574352, 40.3268616995913], [-111.696986601302, 40.3268620255771], [-111.696989133652, 40.3268920710526], [-111.696984145308, 40.3271291012518], [-111.696959093989, 40.3273440664713], [-111.696760122544, 40.3277320939055], [-111.696584101257, 40.3281040776169], [-111.696600024794, 40.3284445325399], [-111.696600097557, 40.3284460686092], [-111.696709515054, 40.3291063786576], [-111.696709548292, 40.3291065793103], [-111.696710129502, 40.3291100855957], [-111.696723323956, 40.3293405844202], [-111.69672333833, 40.3293408412273], [-111.696723427263, 40.3293424026146], [-111.696758056419, 40.3299473819963], [-111.696758097741, 40.3299480935168], [-111.696753723844, 40.3300006111073], [-111.696711129327, 40.3305120879395], [-111.696711261379, 40.3305195413797], [-111.696711766232, 40.3305479225162], [-111.696713117298, 40.3306240736677], [-111.696542175985, 40.3308260329179], [-111.696542133764, 40.330826088387], [-111.696450119329, 40.3309550834083], [-111.69638511993, 40.3310920835099], [-111.696381167343, 40.331107885981], [-111.696344119024, 40.3312560843003], [-111.696289119671, 40.331518083993], [-111.696306120287, 40.3317470844805], [-111.696357119443, 40.3319230839891], [-111.696605121835, 40.3323160847407], [-111.696669119612, 40.3324400841282], [-111.696649120419, 40.3326650843956], [-111.696576119726, 40.3328550832763], [-111.696365118042, 40.3332740851451], [-111.696301120265, 40.3335490856995], [-111.696274144755, 40.3338228326826], [-111.6962741205, 40.3338230846792]]]}, "properties": {"PrecinctID": "25OR04", "VistaID": "25OR04", "AliasName": null, "CountyID": 25}}, {"type": "Feature", "geometry": {"type": "Polygon", "coordinates": [[[-111.684388324127, 40.3338240419925], [-111.684387588406, 40.3338240426773], [-111.684387371912, 40.3338240419925], [-111.684386473597, 40.3338240433621], [-111.684278193368, 40.333824046786], [-111.683489115019, 40.3338240865028], [-111.683485475944, 40.3338240823942], [-111.681484687057, 40.3338241618279], [-111.681480236803, 40.3338241611431], [-111.681367440743, 40.3338241638822], [-111.681367073332, 40.3338241638822], [-111.681333225711, 40.333824164567], [-111.680565499418, 40.3338241844254], [-111.680254937451, 40.3338241912732], [-111.680168840219, 40.3338241542954], [-111.679843327591, 40.3338241563498], [-111.679842941315, 40.3338241584041], [-111.6798428964, 40.3338241590888], [-111.679671303807, 40.3338241597736], [-111.679670639952, 40.3338241604584], [-111.679549181438, 40.3338241611431], [-111.679549043995, 40.3338241584041], [-111.679504238724, 40.3338241604584], [-111.679503248781, 40.3338241604584], [-111.67937364075, 40.3338241625127], [-111.678952791717, 40.333824164567], [-111.678691413411, 40.3338241638822], [-111.678692146436, 40.3338233277738], [-111.678692180572, 40.333823290796], [-111.678938136602, 40.3338230504405], [-111.678938193196, 40.3338230497558], [-111.678957528534, 40.3337911440962], [-111.678957480025, 40.3337911317703], [-111.678953998155, 40.3337902203363], [-111.678868590829, 40.3337678994445], [-111.678783406286, 40.3337351959967], [-111.678701943462, 40.3336973464507], [-111.678624732365, 40.3336545945779], [-111.678552275153, 40.3336072183879], [-111.677804714241, 40.3330875942076], [-111.677403855419, 40.3327709103416], [-111.677034032491, 40.3325161119374], [-111.677005859527, 40.3325009582893], [-111.676985696841, 40.3324897284676], [-111.676965715614, 40.3324785013832], [-111.676941926428, 40.3324637147726], [-111.676918777742, 40.3324485508409], [-111.676898608767, 40.3324345092726], [-111.6768764096, 40.3324185934374], [-111.676858596906, 40.3324049264419], [-111.676838605798, 40.3323891954925], [-111.676823957869, 40.3323773945388], [-111.676806115531, 40.3323620402166], [-111.676786724497, 40.3323436810389], [-111.676770871927, 40.3323286923861], [-111.67675784905, 40.3323167051594], [-111.676742942407, 40.3323009652871], [-111.676728960129, 40.3322859773096], [-111.676707091542, 40.3322672462706], [-111.676652045476, 40.3321705114959], [-111.676506749267, 40.3319319773924], [-111.67634782831, 40.3317159934301], [-111.676314624781, 40.3316711742745], [-111.676275760068, 40.3316099090312], [-111.676242665235, 40.3315466906925], [-111.676215507367, 40.3314818363139], [-111.676194423907, 40.3314156718545], [-111.676179519959, 40.3313485301227], [-111.676145147721, 40.3306995050031], [-111.676129475712, 40.3300909035481], [-111.676131549922, 40.3300375156318], [-111.676140927436, 40.329984589237], [-111.676157504946, 40.3299327078252], [-111.676181100095, 40.329882440479], [-111.676211451474, 40.3298343460102], [-111.676276751808, 40.3297825028326], [-111.676346670382, 40.3297343185818], [-111.676420860445, 40.3296900315814], [-111.67649895189, 40.329649865089], [-111.676580553953, 40.3296140177088], [-111.676591011241, 40.3296105710286], [-111.676999449149, 40.3294444535761], [-111.677437773109, 40.329262545142], [-111.677907285677, 40.3290581151696], [-111.677939600773, 40.3290440441334], [-111.678933212936, 40.3286321231273], [-111.679030456463, 40.3285918930014], [-111.679124878383, 40.3285479024663], [-111.679216229861, 40.328500265196], [-111.679372214225, 40.3284127510306], [-111.679523857032, 40.3283208778132], [-111.679670952566, 40.3282247715346], [-111.679813296911, 40.3281245629796], [-111.679950696929, 40.3280203904662], [-111.680082964871, 40.327912397106], [-111.680209916584, 40.3278007287506], [-111.680261053181, 40.3277553002309], [-111.680307783542, 40.327707172059], [-111.680349870512, 40.3276565962487], [-111.680387093104, 40.327603834402], [-111.680495885373, 40.3274545604], [-111.68079872632, 40.3270133321327], [-111.680866601226, 40.3268965656825], [-111.680890014916, 40.3268488265747], [-111.680904933238, 40.3267991315164], [-111.680911092087, 40.3267483591599], [-111.68091352203, 40.3266066583561], [-111.681058178639, 40.3266139129371], [-111.681203128098, 40.3266156771021], [-111.68226845277, 40.3266162681247], [-111.682705046574, 40.3266170399468], [-111.682945452812, 40.3266174638669], [-111.684152369041, 40.3266223242232], [-111.685044388931, 40.3266234062808], [-111.686644207604, 40.3266253300148], [-111.686655498529, 40.3273184089639], [-111.686615056375, 40.3274263943716], [-111.686558516411, 40.3275219450141], [-111.686531831955, 40.3275947637404], [-111.686513217066, 40.3276690397191], [-111.686502801999, 40.3277442490464], [-111.686500660415, 40.3278198602877], [-111.686506804891, 40.3278953433804], [-111.686521197699, 40.3279701675795], [-111.686543731938, 40.3280438041966], [-111.6865742522, 40.328115736188], [-111.686612543787, 40.3281854574693], [-111.686658336307, 40.3282524763393], [-111.686696329653, 40.3283000131145], [-111.686739814401, 40.3283447078155], [-111.686788432123, 40.328386188586], [-111.686841780373, 40.3284241116481], [-111.687340910396, 40.3287630083498], [-111.687403250781, 40.3288168485735], [-111.687460781587, 40.3288737362198], [-111.687505488942, 40.3289347163213], [-111.68754286874, 40.3289985192059], [-111.687572623637, 40.3290646305645], [-111.687594511089, 40.3291325182843], [-111.687608359517, 40.3292016324491], [-111.687614052141, 40.3292714197209], [-111.687620981745, 40.3296959572892], [-111.687619597441, 40.3303771513582], [-111.687624515717, 40.331452742011], [-111.687625382592, 40.3315197987244], [-111.687618997367, 40.3315866821177], [-111.687605408551, 40.3316529292697], [-111.687584704181, 40.3317180923264], [-111.687557029782, 40.3317817193267], [-111.687522574899, 40.3318433781703], [-111.687481573094, 40.3319026449757], [-111.687435423943, 40.3319578906279], [-111.687383587558, 40.3320100991829], [-111.687301374642, 40.3320745969624], [-111.686930477329, 40.3323359360803], [-111.686875830115, 40.3323831686725], [-111.686828513154, 40.3324348263293], [-111.686789133707, 40.3324902495905], [-111.68675820022, 40.3325487255842], [-111.686739915911, 40.3325933565256], [-111.686727174207, 40.332639100214], [-111.686720088296, 40.3326855587869], [-111.686718719264, 40.3327323193179], [-111.686723498301, 40.3328825547235], [-111.686728792971, 40.3338230346907], [-111.686728792971, 40.3338230737228], [-111.686728796564, 40.3338237249424], [-111.686728780395, 40.3338238879185], [-111.68672147799, 40.3338238892881], [-111.686707263947, 40.3338238906576], [-111.684388324127, 40.3338240419925]]]}, "properties": {"PrecinctID": "25OR05", "VistaID": "25OR05", "AliasName": null, "CountyID": 25}}, {"type": "Feature", "geometry": {"type": "Polygon", "coordinates": [[[-111.678691413411, 40.3338241638822], [-111.677167176291, 40.333824155665], [-111.675865439291, 40.3338242556419], [-111.674526034134, 40.3338242241423], [-111.674526034134, 40.3338240878724], [-111.674526035033, 40.3338240502098], [-111.674524365064, 40.3331671122966], [-111.672409125421, 40.3313397955157], [-111.672367018689, 40.3313571894006], [-111.672246468371, 40.3265590477944], [-111.672246118028, 40.3265466041194], [-111.66760303265, 40.3265352856464], [-111.667602862868, 40.3265299917754], [-111.667562120677, 40.3252683011668], [-111.6651957013, 40.3252580625044], [-111.665121559747, 40.3229583113643], [-111.665120346123, 40.3229206564453], [-111.667487519186, 40.3229598653655], [-111.667428121681, 40.3211407629525], [-111.672084189512, 40.3211397609406], [-111.674452055176, 40.3193210156405], [-111.674505493257, 40.3193215957683], [-111.676821275499, 40.3193467138584], [-111.676821230584, 40.3193123260517], [-111.678725643714, 40.3193084815915], [-111.679880540302, 40.3193071220238], [-111.680831513929, 40.3192986317451], [-111.681591892003, 40.3192952002914], [-111.68261233325, 40.3192917277423], [-111.682811155576, 40.3192910489857], [-111.683458010852, 40.3192851874319], [-111.684604150662, 40.3192912311746], [-111.684622484378, 40.3192910948754], [-111.686376980367, 40.3192838477264], [-111.686387794286, 40.3192838580002], [-111.688874707387, 40.3192785628755], [-111.689885339929, 40.3192791717704], [-111.690187692192, 40.3192778615163], [-111.690932941739, 40.3192744033497], [-111.691165186782, 40.3192742574615], [-111.693017152674, 40.3192610439619], [-111.693017156267, 40.3192610830024], [-111.69290409161, 40.3199100619521], [-111.692938159319, 40.3203180643902], [-111.69301817316, 40.3207991273976], [-111.693896120043, 40.3236160821544], [-111.69389619101, 40.323616017776], [-111.693896911459, 40.3236153513906], [-111.694028078067, 40.3234940424284], [-111.694028582022, 40.3234935760263], [-111.694028798516, 40.3234934630214], [-111.694251096514, 40.3233775979475], [-111.694482126137, 40.3233231020641], [-111.694796090922, 40.3233041000645], [-111.696077131637, 40.3233090921564], [-111.696077131637, 40.3233091366736], [-111.696085122151, 40.3236621031386], [-111.696107098536, 40.3240000936926], [-111.696107550389, 40.3240025982738], [-111.696133903366, 40.3241484445937], [-111.696134108182, 40.3241495855899], [-111.696134362405, 40.3241501622518], [-111.696233880467, 40.3243755476586], [-111.696234121216, 40.3243760934995], [-111.696436100221, 40.3247110978873], [-111.696543112029, 40.324954078991], [-111.696603136558, 40.3251160716149], [-111.696683133331, 40.3254200859022], [-111.696738094955, 40.3256790626953], [-111.696794098624, 40.3259400725096], [-111.696850140023, 40.3261510817056], [-111.696886104076, 40.3262910651773], [-111.696967140199, 40.3266310943679], [-111.696967201285, 40.3266318161961], [-111.696967167149, 40.3266318161961], [-111.695426142313, 40.3266336461058], [-111.692968090286, 40.3266351178409], [-111.692113296581, 40.3266355020397], [-111.691087502273, 40.3266359560929], [-111.690186033004, 40.3266307478356], [-111.68938228876, 40.3266252224939], [-111.688159211839, 40.3266272003307], [-111.686996063328, 40.3266245616169], [-111.686644207604, 40.3266253300148], [-111.685044388931, 40.3266234062808], [-111.684152369041, 40.3266223242232], [-111.682945452812, 40.3266174638669], [-111.682705046574, 40.3266170399468], [-111.68226845277, 40.3266162681247], [-111.681203128098, 40.3266156771021], [-111.681058178639, 40.3266139129371], [-111.68091352203, 40.3266066583561], [-111.680911092087, 40.3267483591599], [-111.680904933238, 40.3267991315164], [-111.680890014916, 40.3268488265747], [-111.680866601226, 40.3268965656825], [-111.68079872632, 40.3270133321327], [-111.680495885373, 40.3274545604], [-111.680387093104, 40.327603834402], [-111.680349870512, 40.3276565962487], [-111.680307783542, 40.327707172059], [-111.680261053181, 40.3277553002309], [-111.680209916584, 40.3278007287506], [-111.680082964871, 40.327912397106], [-111.679950696929, 40.3280203904662], [-111.679813296911, 40.3281245629796], [-111.679670952566, 40.3282247715346], [-111.679523857032, 40.3283208778132], [-111.679372214225, 40.3284127510306], [-111.679216229861, 40.328500265196], [-111.679124878383, 40.3285479024663], [-111.679030456463, 40.3285918930014], [-111.678933212936, 40.3286321231273], [-111.677939600773, 40.3290440441334], [-111.677907285677, 40.3290581151696], [-111.677437773109, 40.329262545142], [-111.676999449149, 40.3294444535761], [-111.676591011241, 40.3296105710286], [-111.676580553953, 40.3296140177088], [-111.67649895189, 40.329649865089], [-111.676420860445, 40.3296900315814], [-111.676346670382, 40.3297343185818], [-111.676276751808, 40.3297825028326], [-111.676211451474, 40.3298343460102], [-111.676181100095, 40.329882440479], [-111.676157504946, 40.3299327078252], [-111.676140927436, 40.329984589237], [-111.676131549922, 40.3300375156318], [-111.676129475712, 40.3300909035481], [-111.676145147721, 40.3306995050031], [-111.676179519959, 40.3313485301227], [-111.676194423907, 40.3314156718545], [-111.676215507367, 40.3314818363139], [-111.676242665235, 40.3315466906925], [-111.676275760068, 40.3316099090312], [-111.676314624781, 40.3316711742745], [-111.67634782831, 40.3317159934301], [-111.676506749267, 40.3319319773924], [-111.676652045476, 40.3321705114959], [-111.676707091542, 40.3322672462706], [-111.676728960129, 40.3322859773096], [-111.676742942407, 40.3323009652871], [-111.67675784905, 40.3323167051594], [-111.676770871927, 40.3323286923861], [-111.676786724497, 40.3323436810389], [-111.676806115531, 40.3323620402166], [-111.676823957869, 40.3323773945388], [-111.676838605798, 40.3323891954925], [-111.676858596906, 40.3324049264419], [-111.6768764096, 40.3324185934374], [-111.676898608767, 40.3324345092726], [-111.676918777742, 40.3324485508409], [-111.676941926428, 40.3324637147726], [-111.676965715614, 40.3324785013832], [-111.676985696841, 40.3324897284676], [-111.677005859527, 40.3325009582893], [-111.677034032491, 40.3325161119374], [-111.677403855419, 40.3327709103416], [-111.677804714241, 40.3330875942076], [-111.678552275153, 40.3336072183879], [-111.678624732365, 40.3336545945779], [-111.678701943462, 40.3336973464507], [-111.678783406286, 40.3337351959967], [-111.678868590829, 40.3337678994445], [-111.678953998155, 40.3337902203363], [-111.678957480025, 40.3337911317703], [-111.678957528534, 40.3337911440962], [-111.678938193196, 40.3338230497558], [-111.678938136602, 40.3338230504405], [-111.678692180572, 40.333823290796], [-111.678692146436, 40.3338233277738], [-111.678691413411, 40.3338241638822]]]}, "properties": {"PrecinctID": "25OR06", "VistaID": "25OR06", "AliasName": null, "CountyID": 25}}, {"type": "Feature", "geometry": {"type": "Polygon", "coordinates": [[[-111.696077131637, 40.3233090921564], [-111.69607712984, 40.3233090442148], [-111.696035117431, 40.3220230817453], [-111.696027116137, 40.3213340811126], [-111.696000116372, 40.3202760807312], [-111.695952115793, 40.3192580823623], [-111.695952196642, 40.3192580816774], [-111.697471117532, 40.3192610816326], [-111.69835611619, 40.3192630802328], [-111.699264117109, 40.3192460804855], [-111.699738116762, 40.3192500797415], [-111.700380120238, 40.319253080382], [-111.700665117948, 40.3192550817221], [-111.702628119202, 40.3192590809775], [-111.703589118029, 40.3192610788928], [-111.703958118998, 40.3192620788779], [-111.704702194446, 40.3192640480265], [-111.704738327382, 40.319287743557], [-111.705144060463, 40.320203041102], [-111.706055253097, 40.3223167708601], [-111.706315537255, 40.3229084757799], [-111.706689127717, 40.3237589117475], [-111.707071280921, 40.3246286988733], [-111.707071650128, 40.3246295405746], [-111.707522212735, 40.3256550057492], [-111.707901047562, 40.3265171947135], [-111.706840706743, 40.3265300465632], [-111.705711073477, 40.3265437284453], [-111.704915891076, 40.3265580780507], [-111.70395676883, 40.326568531558], [-111.702905457877, 40.3265812128709], [-111.702788189104, 40.3265816922638], [-111.701894503737, 40.3265878380804], [-111.701521067785, 40.3265949981546], [-111.700851322537, 40.3265986812608], [-111.700815521978, 40.3265984354008], [-111.699141180866, 40.3266161503311], [-111.699027725442, 40.3266190287415], [-111.696967248895, 40.3266318168809], [-111.696967201285, 40.3266318161961], [-111.696967140199, 40.3266310943679], [-111.696886104076, 40.3262910651773], [-111.696850140023, 40.3261510817056], [-111.696794098624, 40.3259400725096], [-111.696738094955, 40.3256790626953], [-111.696683133331, 40.3254200859022], [-111.696603136558, 40.3251160716149], [-111.696543112029, 40.324954078991], [-111.696436100221, 40.3247110978873], [-111.696234121216, 40.3243760934995], [-111.696233880467, 40.3243755476586], [-111.696134362405, 40.3241501622518], [-111.696134108182, 40.3241495855899], [-111.696133903366, 40.3241484445937], [-111.696107550389, 40.3240025982738], [-111.696107098536, 40.3240000936926], [-111.696085122151, 40.3236621031386], [-111.696077131637, 40.3233091366736], [-111.696077131637, 40.3233090921564]]]}, "properties": {"PrecinctID": "25OR07", "VistaID": "25OR07", "AliasName": null, "CountyID": 25}}, {"type": "Feature", "geometry": {"type": "Polygon", "coordinates": [[[-111.704738327382, 40.319287743557], [-111.704702194446, 40.3192640480265], [-111.704702987658, 40.3192640493963], [-111.705157881044, 40.3192856641369], [-111.70578012338, 40.3192825771979], [-111.706473612897, 40.3192692184966], [-111.707541584904, 40.3192541933791], [-111.707974479447, 40.3192493646836], [-111.709542370197, 40.3192301978411], [-111.710388955098, 40.3192164857099], [-111.711743272288, 40.319192669608], [-111.712046980109, 40.3191898662224], [-111.71299895446, 40.3191881867937], [-111.713018285307, 40.3191881532325], [-111.71420108716, 40.3191759835373], [-111.714273234454, 40.3191752986152], [-111.715162001545, 40.3191641816433], [-111.71754819823, 40.3191548810835], [-111.717578546914, 40.3191547632769], [-111.718528843212, 40.3191471126939], [-111.718551803252, 40.3191469277649], [-111.718551805049, 40.3191470209143], [-111.718569658167, 40.3198902103823], [-111.71859496281, 40.3209435745303], [-111.718600882708, 40.321369695915], [-111.718612267956, 40.3227325342649], [-111.718617900393, 40.3230395453768], [-111.71863371703, 40.3234813043755], [-111.718637560921, 40.3243447559247], [-111.71865069968, 40.3250390033813], [-111.718658096408, 40.3257141417027], [-111.718671652884, 40.3264132847557], [-111.717125820265, 40.3264299567102], [-111.716688744964, 40.3264346664134], [-111.715284927008, 40.326449783757], [-111.713723078326, 40.3264632759525], [-111.711714485775, 40.3264874688952], [-111.711599628081, 40.3264892549786], [-111.707901047562, 40.3265171947135], [-111.707522212735, 40.3256550057492], [-111.707071650128, 40.3246295405746], [-111.707071280921, 40.3246286988733], [-111.706689127717, 40.3237589117475], [-111.706315537255, 40.3229084757799], [-111.706055253097, 40.3223167708601], [-111.705144060463, 40.320203041102], [-111.704738327382, 40.319287743557]]]}, "properties": {"PrecinctID": "25OR08", "VistaID": "25OR08", "AliasName": null, "CountyID": 25}}, {"type": "Feature", "geometry": {"type": "Polygon", "coordinates": [[[-111.720031998668, 40.3264004705505], [-111.720031852243, 40.3264004712354], [-111.719568738375, 40.3264022265029], [-111.718671652884, 40.3264132847557], [-111.718658096408, 40.3257141417027], [-111.71865069968, 40.3250390033813], [-111.718637560921, 40.3243447559247], [-111.71863371703, 40.3234813043755], [-111.718617900393, 40.3230395453768], [-111.718612267956, 40.3227325342649], [-111.718600882708, 40.321369695915], [-111.71859496281, 40.3209435745303], [-111.718569658167, 40.3198902103823], [-111.718551805049, 40.3191470209143], [-111.719373917146, 40.3191437552042], [-111.720277878341, 40.3191376066551], [-111.721135168465, 40.3191295937462], [-111.721174075398, 40.3191293889543], [-111.722965164259, 40.3191213513872], [-111.723727214098, 40.3191231438298], [-111.724724450065, 40.3191098864656], [-111.725361188514, 40.3191338073898], [-111.727526732017, 40.3190838696684], [-111.728556610964, 40.3190738917086], [-111.729751275969, 40.3190543919435], [-111.730903341067, 40.3190355750416], [-111.733383357801, 40.3190226772451], [-111.735461663211, 40.319020460832], [-111.736024908691, 40.3190090575364], [-111.736035396522, 40.3190088458949], [-111.736498235506, 40.3189994740817], [-111.736606320801, 40.3189987055971], [-111.736617584776, 40.3190581699806], [-111.736964760277, 40.3208910190719], [-111.737807465354, 40.325339510165], [-111.737988272864, 40.3262938922378], [-111.737825973343, 40.326294913349], [-111.737358124455, 40.3262980335251], [-111.734334653025, 40.3263181489322], [-111.724799524968, 40.3263812913565], [-111.720610158877, 40.3264088291299], [-111.720583239063, 40.3263983543676], [-111.720488039202, 40.3263987413073], [-111.720304493627, 40.3263994371137], [-111.720031998668, 40.3264004705505]]]}, "properties": {"PrecinctID": "25OR09", "VistaID": "25OR09", "AliasName": null, "CountyID": 25}}, {"type": "Feature", "geometry": {"type": "Polygon", "coordinates": [[[-111.715162001545, 40.3191641816433], [-111.715148817869, 40.3184913099966], [-111.715125414061, 40.317296753001], [-111.715096688633, 40.3155036148154], [-111.715089416771, 40.314922824305], [-111.715066800786, 40.3139577835456], [-111.715057789785, 40.3131959527322], [-111.715026472718, 40.3120468446089], [-111.715036825801, 40.3120363045986], [-111.715042257914, 40.3120307725824], [-111.717465202881, 40.3119930382743], [-111.719634203999, 40.3119560382601], [-111.721901204128, 40.3119170387231], [-111.722752204248, 40.3119010372203], [-111.722860205102, 40.3118990377172], [-111.724103204859, 40.3119060376903], [-111.724143205042, 40.3119040388724], [-111.725821204992, 40.3118870359023], [-111.725999206165, 40.3118910362792], [-111.726109206668, 40.3118950359708], [-111.726999207146, 40.3118770363291], [-111.728073206849, 40.3118430365361], [-111.728273207764, 40.3118450360409], [-111.728386206843, 40.311844035261], [-111.728535206806, 40.3118460368208], [-111.728565206943, 40.3118430372211], [-111.729287207192, 40.3118460354507], [-111.730240208317, 40.3118510366098], [-111.731728208296, 40.3118600367772], [-111.731964208298, 40.3118610361869], [-111.732200207401, 40.3118630356911], [-111.734687209435, 40.3118760355497], [-111.735202568422, 40.3118787227896], [-111.735257742947, 40.3118781617778], [-111.736606320801, 40.3189987055971], [-111.736498235506, 40.3189994740817], [-111.736035396522, 40.3190088458949], [-111.736024908691, 40.3190090575364], [-111.735461663211, 40.319020460832], [-111.733383357801, 40.3190226772451], [-111.730903341067, 40.3190355750416], [-111.729751275969, 40.3190543919435], [-111.728556610964, 40.3190738917086], [-111.727526732017, 40.3190838696684], [-111.725361188514, 40.3191338073898], [-111.724724450065, 40.3191098864656], [-111.723727214098, 40.3191231438298], [-111.722965164259, 40.3191213513872], [-111.721174075398, 40.3191293889543], [-111.721135168465, 40.3191295937462], [-111.720277878341, 40.3191376066551], [-111.719373917146, 40.3191437552042], [-111.718551805049, 40.3191470209143], [-111.718551803252, 40.3191469277649], [-111.718528843212, 40.3191471126939], [-111.717578546914, 40.3191547632769], [-111.71754819823, 40.3191548810835], [-111.715162001545, 40.3191641816433]]]}, "properties": {"PrecinctID": "25OR10", "VistaID": "25OR10", "AliasName": null, "CountyID": 25}}, {"type": "Feature", "geometry": {"type": "Polygon", "coordinates": [[[-111.704702987658, 40.3192640493963], [-111.704714119581, 40.3192640788479], [-111.704714102513, 40.3192640404923], [-111.704446119793, 40.3186560790715], [-111.704114119532, 40.3179040800834], [-111.703952118252, 40.3175380792671], [-111.703908117871, 40.3174370801804], [-111.703670118219, 40.3168970797328], [-111.703363117174, 40.3162010786306], [-111.703055117203, 40.315500079055], [-111.702566119278, 40.3143910781958], [-111.702451116955, 40.3141290798351], [-111.701850528509, 40.3127486663987], [-111.701677116828, 40.312350078636], [-111.701530116515, 40.3120060785226], [-111.70149984868, 40.3119350164343], [-111.701499778612, 40.3119348492953], [-111.70146111602, 40.3118440784158], [-111.701275519591, 40.3114273745823], [-111.700689907857, 40.3101125172824], [-111.700689972536, 40.310112450151], [-111.700701214053, 40.3101001061965], [-111.701397148785, 40.3100962728571], [-111.701945066311, 40.3100932512593], [-111.702037502954, 40.3100936540476], [-111.702491838485, 40.3100900275821], [-111.703147858375, 40.3100928820366], [-111.703618638465, 40.3100820786759], [-111.704135095194, 40.3100811778819], [-111.705383345603, 40.3100727131588], [-111.705382573052, 40.3100509447657], [-111.706377820149, 40.3100496494029], [-111.706750323649, 40.3100511776707], [-111.707409826307, 40.3100493459414], [-111.707826773058, 40.3100471319739], [-111.70889049244, 40.3100494425285], [-111.709028003849, 40.3100512201416], [-111.709468777514, 40.3100487403884], [-111.710262404932, 40.3100215596845], [-111.712602680639, 40.3100207335564], [-111.714987430139, 40.3100208349386], [-111.714995200566, 40.3107930383299], [-111.715021201404, 40.3118580386429], [-111.715025200703, 40.3120310383603], [-111.715036700037, 40.3120308602617], [-111.715042257914, 40.3120307725824], [-111.715036825801, 40.3120363045986], [-111.715026472718, 40.3120468446089], [-111.715057789785, 40.3131959527322], [-111.715066800786, 40.3139577835456], [-111.715089416771, 40.314922824305], [-111.715096688633, 40.3155036148154], [-111.715125414061, 40.317296753001], [-111.715148817869, 40.3184913099966], [-111.715162001545, 40.3191641816433], [-111.714273234454, 40.3191752986152], [-111.71420108716, 40.3191759835373], [-111.713018285307, 40.3191881532325], [-111.71299895446, 40.3191881867937], [-111.712046980109, 40.3191898662224], [-111.711743272288, 40.319192669608], [-111.710388955098, 40.3192164857099], [-111.709542370197, 40.3192301978411], [-111.707974479447, 40.3192493646836], [-111.707541584904, 40.3192541933791], [-111.706473612897, 40.3192692184966], [-111.70578012338, 40.3192825771979], [-111.705157881044, 40.3192856641369], [-111.704702987658, 40.3192640493963]]]}, "properties": {"PrecinctID": "25OR11", "VistaID": "25OR11", "AliasName": null, "CountyID": 25}}, {"type": "Feature", "geometry": {"type": "Polygon", "coordinates": [[[-111.691701966097, 40.3119746297166], [-111.691702061319, 40.3119746283466], [-111.692970219293, 40.3119787533874], [-111.693614727272, 40.3119752585421], [-111.694506783095, 40.3119743913383], [-111.69584269111, 40.3119809570167], [-111.696988854276, 40.3119720465998], [-111.69823433518, 40.3119652329522], [-111.698308677058, 40.3119674317869], [-111.698850311767, 40.3119688942518], [-111.699441642176, 40.3119321428778], [-111.699715343572, 40.3119210904728], [-111.699749780488, 40.3119220844016], [-111.700999558932, 40.3119343663734], [-111.70149984868, 40.3119350164343], [-111.701530116515, 40.3120060785226], [-111.701677116828, 40.312350078636], [-111.701850528509, 40.3127486663987], [-111.702451116955, 40.3141290798351], [-111.702566119278, 40.3143910781958], [-111.703055117203, 40.315500079055], [-111.703363117174, 40.3162010786306], [-111.703670118219, 40.3168970797328], [-111.703908117871, 40.3174370801804], [-111.703952118252, 40.3175380792671], [-111.704114119532, 40.3179040800834], [-111.704446119793, 40.3186560790715], [-111.704714102513, 40.3192640404923], [-111.704714119581, 40.3192640788479], [-111.704702987658, 40.3192640493963], [-111.704702194446, 40.3192640480265], [-111.703958118998, 40.3192620788779], [-111.703589118029, 40.3192610788928], [-111.702628119202, 40.3192590809775], [-111.700665117948, 40.3192550817221], [-111.700380120238, 40.319253080382], [-111.699738116762, 40.3192500797415], [-111.699264117109, 40.3192460804855], [-111.69835611619, 40.3192630802328], [-111.697471117532, 40.3192610816326], [-111.695952196642, 40.3192580816774], [-111.695952115793, 40.3192580823623], [-111.696000116372, 40.3202760807312], [-111.696027116137, 40.3213340811126], [-111.696035117431, 40.3220230817453], [-111.69607712984, 40.3233090442148], [-111.696077131637, 40.3233090921564], [-111.694796090922, 40.3233041000645], [-111.694482126137, 40.3233231020641], [-111.694251096514, 40.3233775979475], [-111.694028798516, 40.3234934630214], [-111.694028582022, 40.3234935760263], [-111.694028078067, 40.3234940424284], [-111.693896911459, 40.3236153513906], [-111.69389619101, 40.323616017776], [-111.693896120043, 40.3236160821544], [-111.69301817316, 40.3207991273976], [-111.692938159319, 40.3203180643902], [-111.69290409161, 40.3199100619521], [-111.693017156267, 40.3192610830024], [-111.693017152674, 40.3192610439619], [-111.692926095843, 40.3185740466375], [-111.692926129081, 40.3183240412074], [-111.692912078531, 40.3179051061161], [-111.692958153122, 40.3174731107419], [-111.693100129158, 40.3170161237954], [-111.693198103915, 40.3164111100221], [-111.693097085666, 40.3159700842372], [-111.692981134722, 40.3152080596783], [-111.692126083201, 40.3131551147313], [-111.691720131829, 40.3121821158051], [-111.691701966097, 40.3119746297166]]]}, "properties": {"PrecinctID": "25OR12", "VistaID": "25OR12", "AliasName": null, "CountyID": 25}}, {"type": "Feature", "geometry": {"type": "Polygon", "coordinates": [[[-111.691695086799, 40.3118960429149], [-111.691701966097, 40.3119746297166], [-111.691720131829, 40.3121821158051], [-111.692126083201, 40.3131551147313], [-111.692981134722, 40.3152080596783], [-111.693097085666, 40.3159700842372], [-111.693198103915, 40.3164111100221], [-111.693100129158, 40.3170161237954], [-111.692958153122, 40.3174731107419], [-111.692912078531, 40.3179051061161], [-111.692926129081, 40.3183240412074], [-111.692926095843, 40.3185740466375], [-111.693017152674, 40.3192610439619], [-111.691165186782, 40.3192742574615], [-111.690932941739, 40.3192744033497], [-111.690187692192, 40.3192778615163], [-111.689885339929, 40.3192791717704], [-111.688874707387, 40.3192785628755], [-111.686387794286, 40.3192838580002], [-111.686376980367, 40.3192838477264], [-111.684622484378, 40.3192910948754], [-111.684604150662, 40.3192912311746], [-111.683458010852, 40.3192851874319], [-111.682811155576, 40.3192910489857], [-111.68261233325, 40.3192917277423], [-111.681591892003, 40.3192952002914], [-111.681575195915, 40.3189456849308], [-111.681532593313, 40.3180537279462], [-111.681550658433, 40.3173341377655], [-111.681540026872, 40.3166519257428], [-111.681508513074, 40.3148889890673], [-111.68150844031, 40.3148619692235], [-111.681496779279, 40.3147629196593], [-111.682498652349, 40.3147523519894], [-111.682757859428, 40.3147519464889], [-111.683477746839, 40.3147485668616], [-111.683645502727, 40.3147474722843], [-111.683770965931, 40.3147472743288], [-111.683887728951, 40.314743235763], [-111.684004057187, 40.314734544215], [-111.684119636228, 40.3147212236571], [-111.684237203241, 40.3147077352795], [-111.684355617365, 40.3146996896514], [-111.684493128774, 40.3146975278938], [-111.684557215485, 40.3146974272035], [-111.686319917583, 40.3146948270667], [-111.686294057781, 40.3137271465709], [-111.686256247691, 40.3120074341273], [-111.68738423704, 40.3120026138185], [-111.688606459663, 40.3120054127076], [-111.68865888714, 40.3120043489106], [-111.689245758311, 40.311996488594], [-111.690106833037, 40.3119808665973], [-111.690150855876, 40.311980068578], [-111.691033381472, 40.3119729864132], [-111.691035107136, 40.3118970573939], [-111.691695086799, 40.3118960429149]]]}, "properties": {"PrecinctID": "25OR13", "VistaID": "25OR13", "AliasName": null, "CountyID": 25}}, {"type": "Feature", "geometry": {"type": "Polygon", "coordinates": [[[-111.671993320429, 40.3119580610513], [-111.672561439269, 40.3119602009768], [-111.676721861642, 40.3120127181774], [-111.676762586765, 40.3120191646629], [-111.677329205419, 40.3120274695384], [-111.678119198253, 40.3120079410235], [-111.679719124723, 40.3119657823184], [-111.680979858122, 40.3119194478531], [-111.681437034126, 40.3119192649592], [-111.683105201117, 40.3119141192711], [-111.683173732692, 40.3119139076074], [-111.684391928168, 40.3119523899747], [-111.685320637949, 40.3120089739958], [-111.686256247691, 40.3120074341273], [-111.686294057781, 40.3137271465709], [-111.686319917583, 40.3146948270667], [-111.684557215485, 40.3146974272035], [-111.684493128774, 40.3146975278938], [-111.684355617365, 40.3146996896514], [-111.684237203241, 40.3147077352795], [-111.684119636228, 40.3147212236571], [-111.684004057187, 40.314734544215], [-111.683887728951, 40.314743235763], [-111.683770965931, 40.3147472743288], [-111.683645502727, 40.3147474722843], [-111.683477746839, 40.3147485668616], [-111.682757859428, 40.3147519464889], [-111.682498652349, 40.3147523519894], [-111.681496779279, 40.3147629196593], [-111.68150844031, 40.3148619692235], [-111.681508513074, 40.3148889890673], [-111.681540026872, 40.3166519257428], [-111.681550658433, 40.3173341377655], [-111.681532593313, 40.3180537279462], [-111.681575195915, 40.3189456849308], [-111.681591892003, 40.3192952002914], [-111.680831513929, 40.3192986317451], [-111.679880540302, 40.3193071220238], [-111.678725643714, 40.3193084815915], [-111.676821230584, 40.3193123260517], [-111.676821275499, 40.3193467138584], [-111.674505493257, 40.3193215957683], [-111.674505001879, 40.3193209546826], [-111.673943158669, 40.3193135911003], [-111.673658843678, 40.3192802409322], [-111.673412020774, 40.3192400798888], [-111.6731354286, 40.3192067159859], [-111.672957083371, 40.3192002229268], [-111.672704107008, 40.3191983469258], [-111.672663402545, 40.3169211624032], [-111.672656863709, 40.3161875891787], [-111.672651899618, 40.3158275285867], [-111.672650291634, 40.3157632269334], [-111.672642035218, 40.3156992238603], [-111.672627180677, 40.3156359221235], [-111.672605824129, 40.3155737217409], [-111.672578097628, 40.3155130104025], [-111.672544177243, 40.3154541710049], [-111.672388540526, 40.3152051773566], [-111.672078494193, 40.3147233422609], [-111.672052044197, 40.3146712278746], [-111.672032411517, 40.3146173777382], [-111.672019784797, 40.314562311054], [-111.67201469135, 40.3137824536781], [-111.672003859464, 40.3129143995623], [-111.672008686112, 40.3127373428724], [-111.671993320429, 40.3119580610513]]]}, "properties": {"PrecinctID": "25OR14", "VistaID": "25OR14", "AliasName": null, "CountyID": 25}}, {"type": "Feature", "geometry": {"type": "Polygon", "coordinates": [[[-111.648559094478, 40.3212077141629], [-111.64856099172, 40.3212061306706], [-111.648573523218, 40.3211958201622], [-111.648518237302, 40.3196790288789], [-111.648412231607, 40.3158491752505], [-111.6531316657, 40.3157604871064], [-111.654065865984, 40.3157429453613], [-111.654174581897, 40.3156450060363], [-111.654343668189, 40.3154804138675], [-111.65449170965, 40.3153292328381], [-111.65464729606, 40.315142869038], [-111.65468158206, 40.3150971155468], [-111.654779594546, 40.3149663161605], [-111.654922123943, 40.3147562939743], [-111.655222536744, 40.3141885053541], [-111.655490444905, 40.3137188946478], [-111.655729265616, 40.3130779273557], [-111.656003254473, 40.3123288158158], [-111.656180299839, 40.3117277330309], [-111.656212257405, 40.311586143178], [-111.656221761581, 40.3114296563197], [-111.656195360095, 40.3112533177297], [-111.65616271891, 40.3110919124558], [-111.655953150938, 40.3102020800711], [-111.655710886984, 40.3093189834303], [-111.655627029252, 40.3087100152125], [-111.65561594494, 40.3084609227136], [-111.657058192823, 40.3084418877598], [-111.65698161414, 40.3085789808202], [-111.65694869358, 40.3087448050499], [-111.657010244347, 40.3088663138249], [-111.657199680175, 40.3092402832497], [-111.6572333661, 40.3093881548721], [-111.657193637209, 40.3094094138231], [-111.657002883551, 40.3095114805332], [-111.65702503456, 40.3095390579763], [-111.657045055826, 40.3095675666183], [-111.657062880255, 40.3095969109223], [-111.657078448117, 40.3096269925513], [-111.657091707241, 40.3096577106974], [-111.657102613194, 40.3096889624201], [-111.657111129429, 40.3097206429905], [-111.657117227409, 40.3097526462431], [-111.657124929379, 40.3098203408867], [-111.657125931987, 40.3098882854627], [-111.657120229553, 40.309956094989], [-111.657107854387, 40.3100233852494], [-111.657333560594, 40.3100559303024], [-111.657332214019, 40.3101357529552], [-111.657254383085, 40.3103096133498], [-111.657271660383, 40.3103100476474], [-111.657834337229, 40.310324201365], [-111.657830357692, 40.3101472022753], [-111.657821277521, 40.3097433656226], [-111.657836344963, 40.3097432786253], [-111.658154960327, 40.3101220451423], [-111.658183369548, 40.3101220122616], [-111.65818348004, 40.3101220115766], [-111.658190098827, 40.3101220026714], [-111.658740766995, 40.3101213560182], [-111.659290122724, 40.310120709365], [-111.659297793438, 40.3101330135849], [-111.659305377914, 40.3101451787448], [-111.660250720003, 40.3116576796523], [-111.660280437171, 40.3117052212635], [-111.660613742684, 40.3122625873726], [-111.660785913791, 40.312210954007], [-111.660960582215, 40.3121644957262], [-111.661116436324, 40.3121254921995], [-111.661274480525, 40.3120920466917], [-111.661434375256, 40.3120642359304], [-111.661595780054, 40.3120421160921], [-111.661758347273, 40.3120257344469], [-111.661921732857, 40.312015126619], [-111.662085581971, 40.3120103159006], [-111.662470064506, 40.3120074361824], [-111.663494191541, 40.3119970030252], [-111.663866691448, 40.3119932067831], [-111.664953011545, 40.3119821263033], [-111.666275244507, 40.3119808905722], [-111.667264855573, 40.3119980380525], [-111.669529511998, 40.3120213347262], [-111.669771847817, 40.3120175816401], [-111.670922055198, 40.311976133966], [-111.671812246119, 40.311957378111], [-111.671993118308, 40.3119530194855], [-111.671993220716, 40.3119530160605], [-111.671993320429, 40.3119580610513], [-111.672008686112, 40.3127373428724], [-111.672003859464, 40.3129143995623], [-111.67201469135, 40.3137824536781], [-111.672019784797, 40.314562311054], [-111.672032411517, 40.3146173777382], [-111.672052044197, 40.3146712278746], [-111.672078494193, 40.3147233422609], [-111.672388540526, 40.3152051773566], [-111.672544177243, 40.3154541710049], [-111.672578097628, 40.3155130104025], [-111.672605824129, 40.3155737217409], [-111.672627180677, 40.3156359221235], [-111.672642035218, 40.3156992238603], [-111.672650291634, 40.3157632269334], [-111.672651899618, 40.3158275285867], [-111.672656863709, 40.3161875891787], [-111.672663402545, 40.3169211624032], [-111.672704107008, 40.3191983469258], [-111.672957083371, 40.3192002229268], [-111.6731354286, 40.3192067159859], [-111.673412020774, 40.3192400798888], [-111.673658843678, 40.3192802409322], [-111.673943158669, 40.3193135911003], [-111.674505001879, 40.3193209546826], [-111.674505493257, 40.3193215957683], [-111.674452055176, 40.3193210156405], [-111.672084189512, 40.3211397609406], [-111.667428121681, 40.3211407629525], [-111.667487519186, 40.3229598653655], [-111.665120346123, 40.3229206564453], [-111.662829354687, 40.3229105071466], [-111.658195715993, 40.3228901797795], [-111.653405585386, 40.3230589453677], [-111.653473217747, 40.3266414307551], [-111.648714573989, 40.3267761611337], [-111.643981912204, 40.3269099838256], [-111.644147966683, 40.3304046724355], [-111.644002544709, 40.3304067405563], [-111.644001040031, 40.3304067617853], [-111.639481722737, 40.3304709714236], [-111.634698307935, 40.3304716801994], [-111.634611345625, 40.3283643185787], [-111.634585805623, 40.3277453831335], [-111.635363360384, 40.3286694235446], [-111.635410946839, 40.3287259723268], [-111.635423526847, 40.3287386525496], [-111.635436554215, 40.3287511636181], [-111.635450028046, 40.328763328163], [-111.635463502775, 40.3287754940754], [-111.635477425764, 40.3287873162036], [-111.635491797012, 40.3287991390146], [-111.635506170954, 40.328810616672], [-111.635520988665, 40.3288219224366], [-111.635535805477, 40.3288330583629], [-111.635551074142, 40.328844020342], [-111.635566339214, 40.3288548111134], [-111.635582053443, 40.3288652581016], [-111.635597764977, 40.3288755325125], [-111.635613929263, 40.3288856364007], [-111.635630538214, 40.328895567712], [-111.635647147165, 40.3289051559252], [-111.635663753422, 40.3289145729313], [-111.635680811531, 40.3289238180454], [-111.635698317, 40.3289328919525], [-111.635715370618, 40.3289416213923], [-111.635733323449, 40.3289501796254], [-111.635750826224, 40.3289583927065], [-111.635769227314, 40.3289664352659], [-111.635787179247, 40.328974308673], [-111.635805576744, 40.3289818341893], [-111.635823971546, 40.3289890200328], [-111.6358428182, 40.3289962031363], [-111.635861663058, 40.3290028726221], [-111.635880509713, 40.3290095414225], [-111.635899801932, 40.3290158671263], [-111.635919094151, 40.3290218476791], [-111.635938385472, 40.3290276604499], [-111.635958125052, 40.329033127385], [-111.635977866429, 40.3290384224294], [-111.63599760511, 40.3290433743775], [-111.636017341097, 40.3290481551198], [-111.636037528038, 40.3290525927659], [-111.636057713183, 40.3290568578367], [-111.636077895632, 40.3290607791266], [-111.636098080777, 40.3290643580054], [-111.636118716875, 40.3290677663634], [-111.636138897528, 40.3290708323103], [-111.636159528237, 40.329073722258], [-111.636180157149, 40.329076272534], [-111.636200787858, 40.3290784776597], [-111.636221419465, 40.3290805143192], [-111.636242049276, 40.3290823756644], [-111.636262676391, 40.3290837233934], [-111.636283749969, 40.3290848985472], [-111.63630437978, 40.3290859059198], [-111.636325455155, 40.3290863948823], [-111.636346080474, 40.3290868845298], [-111.636367156747, 40.3290868598762], [-111.636387781168, 40.3290866647021], [-111.636408852051, 40.3290861250627], [-111.636429473777, 40.3290854149027], [-111.63645055005, 40.3290843575381], [-111.636471170877, 40.3290829625565], [-111.636491793501, 40.3290813949999], [-111.636512415227, 40.3290794809234], [-111.636533037851, 40.3290773990656], [-111.636553658678, 40.3290749713727], [-111.63659355286, 40.3290694345892], [-111.637622269387, 40.3289134566693], [-111.6377334377, 40.3288975379492], [-111.637832503011, 40.328884722846], [-111.637931571916, 40.328873280812], [-111.638031093571, 40.3288632097935], [-111.638131061689, 40.328854342009], [-111.638231036096, 40.3288468438715], [-111.638331012299, 40.3288407201749], [-111.638431438557, 40.3288359668109], [-111.63853186841, 40.3288324139433], [-111.638632302753, 40.3288304074086], [-111.638732737995, 40.3288296006857], [-111.638833172339, 40.3288301663505], [-111.638933614768, 40.3288321016636], [-111.639033610733, 40.3288354134731], [-111.639134057654, 40.3288399250942], [-111.639234056314, 40.3288458091024], [-111.639228768831, 40.3288923120609], [-111.639506354542, 40.328910678341], [-111.639531017788, 40.3289121924854], [-111.639556130191, 40.328913190273], [-111.6395812399, 40.3289140175396], [-111.639606352304, 40.3289145017097], [-111.639631460216, 40.3289146427833], [-111.639656118073, 40.3289144414452], [-111.639681227781, 40.3289138970107], [-111.639706334795, 40.3289131806855], [-111.639731442707, 40.328911950058], [-111.639756099665, 40.3289103763339], [-111.639781204883, 40.3289084574588], [-111.6398063101, 40.3289063687475], [-111.639830967058, 40.3289037650488], [-111.639855623117, 40.3289009908291], [-111.63988027738, 40.3288977002524], [-111.63990492805, 40.3288942384695], [-111.639929581415, 40.3288904329051], [-111.63995378652, 40.328886287668], [-111.639978438088, 40.3288816260735], [-111.640002641397, 40.3288769617395], [-111.640026844705, 40.3288717872115], [-111.640050594365, 40.3288662689015], [-111.640074346719, 40.3288604033853], [-111.640098099972, 40.3288543714564], [-111.640121848733, 40.3288479950606], [-111.640145152828, 40.3288412735128], [-111.64016845333, 40.3288342116067], [-111.640191752035, 40.3288268052333], [-111.64021460338, 40.3288190585015], [-111.640237457419, 40.3288111371385], [-111.640259858707, 40.3288028754169], [-111.640282259995, 40.328794271282], [-111.640304660385, 40.328785491146], [-111.640326613414, 40.3287762001297], [-111.64034856285, 40.3287667379059], [-111.640370063128, 40.3287571024201], [-111.640391119638, 40.3287469539989], [-111.640412619916, 40.3287366336851], [-111.640433222777, 40.3287261449027], [-111.640453828333, 40.3287151404453], [-111.640474428499, 40.3287039599859], [-111.640494583101, 40.328692613112], [-111.640514288545, 40.3286809231385], [-111.640533991294, 40.328668887326], [-111.640553246682, 40.3286566844139], [-111.640572053811, 40.3286443068688], [-111.640590860041, 40.328631588963], [-111.640609216216, 40.3286185259022], [-111.64062757239, 40.3286052930019], [-111.640645032945, 40.3285918882076], [-111.640662938165, 40.3285781423669], [-111.640679946866, 40.328564223947], [-111.640696958263, 40.3285501350023], [-111.640713517807, 40.3285357022715], [-111.64072962999, 40.3285210990156], [-111.640745739478, 40.3285063238648], [-111.640760956939, 40.3284913795584], [-111.640776168111, 40.3284760907803], [-111.640791383776, 40.3284606321614], [-111.64080569843, 40.3284449989078], [-111.640820013982, 40.3284291971828], [-111.640833432118, 40.3284132263015], [-111.640847297614, 40.3283970821549], [-111.640860265693, 40.3283807654275], [-111.64087278731, 40.3283641083362], [-111.640885308029, 40.3283474491863], [-111.64089693133, 40.3283306222491], [-111.640908556428, 40.3283136241004], [-111.640919729674, 40.3282964520007], [-111.640930452863, 40.3282791100589], [-111.640940731387, 40.3282615982747], [-111.640950561651, 40.3282440844315], [-111.640960387423, 40.3282264021155], [-111.640969320271, 40.3282085465328], [-111.640978247728, 40.3281905204226], [-111.640986280463, 40.3281724984164], [-111.640994314995, 40.3281541291962], [-111.641202949618, 40.327678834927], [-111.641484333406, 40.3270378029243], [-111.641544127966, 40.3268997871876], [-111.641602600207, 40.326772925241], [-111.641664214754, 40.3266467444779], [-111.641728521551, 40.3265214167991], [-111.641795521499, 40.3263969476881], [-111.641865658363, 40.3262735021985], [-111.641938487478, 40.3261509118624], [-111.642001543821, 40.3260494106514], [-111.642014007945, 40.3260293458432], [-111.642647717276, 40.3250337956856], [-111.642695986451, 40.3249616754966], [-111.6427210216, 40.3249259591748], [-111.64274739973, 40.3248904119955], [-111.642774231509, 40.3248553750216], [-111.642801955315, 40.3248205133549], [-111.642830580132, 40.3247861632645], [-111.642860097874, 40.3247523274906], [-111.642890068367, 40.3247186608617], [-111.642920936276, 40.3246855119748], [-111.642952700705, 40.3246527027655], [-111.642984915189, 40.3246204065055], [-111.643018026192, 40.3245884540334], [-111.643052034612, 40.3245570131423], [-111.643086494885, 40.324526087942], [-111.643121848981, 40.3244955051615], [-111.643157655829, 40.3244654373884], [-111.643194360093, 40.3244358805139], [-111.643231512616, 40.3244068400177], [-111.643269562557, 40.3243783104216], [-111.643308061655, 40.3243502958353], [-111.643347459068, 40.3243227955748], [-111.643387303843, 40.3242956377382], [-111.64342760047, 40.3242691654459], [-111.643468795412, 40.3242433786988], [-111.643510436817, 40.3242179350623], [-111.643552530973, 40.3241931769722], [-111.643595074287, 40.3241689325267], [-111.643638511424, 40.3241452010414], [-111.643682403109, 40.3241221557894], [-111.643726742154, 40.3240996262383], [-111.643771530358, 40.3240777788125], [-111.643817217775, 40.3240564491434], [-111.643862907887, 40.3240358029707], [-111.644707253287, 40.3236622647695], [-111.644706889469, 40.3234891510273], [-111.6485750791, 40.3217779614354], [-111.648567546726, 40.3215092509672], [-111.648559094478, 40.3212077141629]]]}, "properties": {"PrecinctID": "25OR15", "VistaID": "25OR15", "AliasName": null, "CountyID": 25}}, {"type": "Feature", "geometry": {"type": "Polygon", "coordinates": [[[-111.660613742684, 40.3122625873726], [-111.660280437171, 40.3117052212635], [-111.660280927651, 40.3117044465309], [-111.660338038045, 40.3116142075858], [-111.660352729093, 40.3115909813265], [-111.661009425414, 40.3105533340355], [-111.661009622145, 40.3105530216712], [-111.661054614266, 40.3104819279134], [-111.661556393421, 40.3096890293036], [-111.661592752732, 40.3096315740498], [-111.66159284436, 40.3096314301958], [-111.661825407407, 40.3092639336613], [-111.661825527782, 40.30926374254], [-111.661848445601, 40.3092275267519], [-111.662237266999, 40.3086130987115], [-111.662255451595, 40.3085843637827], [-111.662255479443, 40.3085843192558], [-111.662255857634, 40.30858372191], [-111.662278029851, 40.3085486846938], [-111.662383644779, 40.3084759611933], [-111.662385957941, 40.3084757001967], [-111.662477907697, 40.3084126403549], [-111.662478221209, 40.3084124259401], [-111.66247849789, 40.3084122355014], [-111.66249823208, 40.3083987020215], [-111.662498210521, 40.3083973915564], [-111.663255256743, 40.3078155534744], [-111.663270636799, 40.307793824086], [-111.663320857115, 40.3077228678566], [-111.663328748815, 40.3077117161173], [-111.663427252679, 40.3075725380905], [-111.663482113692, 40.307466559607], [-111.663501910764, 40.3074283171882], [-111.66352841915, 40.3073771062227], [-111.663538354517, 40.3073579161439], [-111.663563077052, 40.3072785464465], [-111.663575418107, 40.3072389297246], [-111.663712282729, 40.3067995443247], [-111.663915738564, 40.3064065279135], [-111.663916502132, 40.3064053037262], [-111.663916847984, 40.3064047481493], [-111.664001681286, 40.3062686755151], [-111.664210436283, 40.3059338262376], [-111.664276527135, 40.3058278164104], [-111.664673566321, 40.3054166799466], [-111.664928010532, 40.3046969475655], [-111.664928056346, 40.3046968208278], [-111.664929114562, 40.304693825021], [-111.664998655843, 40.3046019537781], [-111.665000137165, 40.3046019154142], [-111.66500018747, 40.304601913359], [-111.665000633035, 40.3046019023979], [-111.665016702099, 40.3046014886156], [-111.665601270888, 40.3045863924125], [-111.667200848812, 40.3045894587862], [-111.669085151359, 40.3045638501769], [-111.66934762022, 40.3045589656252], [-111.670818854043, 40.3045426999971], [-111.671853321585, 40.3045400604203], [-111.671872877011, 40.3064729696699], [-111.671890554059, 40.3074444238769], [-111.671904407877, 40.3082210772455], [-111.671904618981, 40.3082368446538], [-111.671905708638, 40.3083184354699], [-111.671912145965, 40.3089026147499], [-111.671928206046, 40.309722572589], [-111.671939848212, 40.3104397120847], [-111.671959706369, 40.3111525092634], [-111.67197666207, 40.3115430998751], [-111.671993118308, 40.3119530194855], [-111.671812246119, 40.311957378111], [-111.670922055198, 40.311976133966], [-111.669771847817, 40.3120175816401], [-111.669529511998, 40.3120213347262], [-111.667264855573, 40.3119980380525], [-111.666275244507, 40.3119808905722], [-111.664953011545, 40.3119821263033], [-111.663866691448, 40.3119932067831], [-111.663494191541, 40.3119970030252], [-111.662470064506, 40.3120074361824], [-111.662085581971, 40.3120103159006], [-111.661921732857, 40.312015126619], [-111.661758347273, 40.3120257344469], [-111.661595780054, 40.3120421160921], [-111.661434375256, 40.3120642359304], [-111.661274480525, 40.3120920466917], [-111.661116436324, 40.3121254921995], [-111.660960582215, 40.3121644957262], [-111.660785913791, 40.312210954007], [-111.660613742684, 40.3122625873726]]]}, "properties": {"PrecinctID": "25OR16", "VistaID": "25OR16", "AliasName": null, "CountyID": 25}}, {"type": "Feature", "geometry": {"type": "Polygon", "coordinates": [[[-111.671993118308, 40.3119530194855], [-111.67197666207, 40.3115430998751], [-111.671959706369, 40.3111525092634], [-111.671939848212, 40.3104397120847], [-111.671928206046, 40.309722572589], [-111.671912145965, 40.3089026147499], [-111.671905708638, 40.3083184354699], [-111.671904618981, 40.3082368446538], [-111.671904407877, 40.3082210772455], [-111.671890554059, 40.3074444238769], [-111.671872877011, 40.3064729696699], [-111.671853321585, 40.3045400604203], [-111.673072091084, 40.3045360130232], [-111.673089947795, 40.3045356937803], [-111.674247770195, 40.3045337385887], [-111.674289617314, 40.3045340783838], [-111.675417642596, 40.3045432542192], [-111.67662340449, 40.3045369358133], [-111.677825486884, 40.3045283559885], [-111.678998356065, 40.3045368186662], [-111.679012042797, 40.3045367563248], [-111.680191096879, 40.3045314860764], [-111.681359010952, 40.3045319300022], [-111.681388086723, 40.3063489150455], [-111.681388207097, 40.3063669846658], [-111.681400268777, 40.3081726851099], [-111.681401071871, 40.3081974483898], [-111.681416478876, 40.3088796574586], [-111.681423457888, 40.3095708840848], [-111.681441931741, 40.3103492495058], [-111.681442142845, 40.3103614187368], [-111.681441481685, 40.310715801674], [-111.681439038268, 40.3113769544004], [-111.681437034126, 40.3119192649592], [-111.680979858122, 40.3119194478531], [-111.679719124723, 40.3119657823184], [-111.678119198253, 40.3120079410235], [-111.677329205419, 40.3120274695384], [-111.676762586765, 40.3120191646629], [-111.676721861642, 40.3120127181774], [-111.672561439269, 40.3119602009768], [-111.671993320429, 40.3119580610513], [-111.671993220716, 40.3119530160605], [-111.671993118308, 40.3119530194855]]]}, "properties": {"PrecinctID": "25OR17", "VistaID": "25OR17", "AliasName": null, "CountyID": 25}}, {"type": "Feature", "geometry": {"type": "Polygon", "coordinates": [[[-111.686256247691, 40.3120074341273], [-111.685320637949, 40.3120089739958], [-111.684391928168, 40.3119523899747], [-111.683173732692, 40.3119139076074], [-111.683105201117, 40.3119141192711], [-111.681437034126, 40.3119192649592], [-111.681439038268, 40.3113769544004], [-111.681441481685, 40.310715801674], [-111.681442142845, 40.3103614187368], [-111.681441931741, 40.3103492495058], [-111.681423457888, 40.3095708840848], [-111.681416478876, 40.3088796574586], [-111.681401071871, 40.3081974483898], [-111.681400268777, 40.3081726851099], [-111.681388207097, 40.3063669846658], [-111.681388086723, 40.3063489150455], [-111.681359010952, 40.3045319300022], [-111.682558539436, 40.3045323150119], [-111.683793479508, 40.3045290129713], [-111.684950215845, 40.304524612077], [-111.68614241228, 40.3045185937304], [-111.688844165565, 40.3045396939075], [-111.688792189043, 40.3045400412383], [-111.688792098313, 40.3045400419234], [-111.688877154397, 40.3052560382708], [-111.688840822934, 40.305259904083], [-111.688651108627, 40.3052800867292], [-111.688155199963, 40.3053341066709], [-111.688155066114, 40.3053341210572], [-111.688190096817, 40.3055160788986], [-111.688163100646, 40.3055925925972], [-111.688162990153, 40.3055930735093], [-111.688156016532, 40.3056237545948], [-111.688125139639, 40.3057595798521], [-111.688125025553, 40.3057599285467], [-111.688071375469, 40.3059233989927], [-111.688071148195, 40.30592409364], [-111.688072125562, 40.3060550818037], [-111.688085079269, 40.3064041117363], [-111.689396121018, 40.3063920733222], [-111.69000406487, 40.3063941229971], [-111.690946104752, 40.306397059129], [-111.690953118798, 40.3073510951804], [-111.690950086086, 40.308162042425], [-111.690950086086, 40.3081621225739], [-111.690472087133, 40.3081640756054], [-111.689877222752, 40.3081660923449], [-111.689877114056, 40.30816609303], [-111.690327113419, 40.308870091747], [-111.690508415003, 40.3091580544201], [-111.690912644305, 40.3098000864428], [-111.690944070967, 40.3099160720901], [-111.690943227449, 40.3100068202155], [-111.690943116057, 40.310018753178], [-111.690948739511, 40.3101483661136], [-111.690949115007, 40.3101570397564], [-111.690949143753, 40.3101602737056], [-111.69095109669, 40.3103859887261], [-111.690951101182, 40.3103865812608], [-111.690951362592, 40.3103875546619], [-111.690979380147, 40.3104923708948], [-111.690980098799, 40.3104950595598], [-111.691015649627, 40.310571110032], [-111.691024162961, 40.3106501141756], [-111.691017090524, 40.3107761056359], [-111.69101356284, 40.3110162050725], [-111.691008127135, 40.3113860827262], [-111.691008175644, 40.3113869999428], [-111.69103143662, 40.3118275508183], [-111.691035107136, 40.3118970573939], [-111.691033381472, 40.3119729864132], [-111.690150855876, 40.311980068578], [-111.690106833037, 40.3119808665973], [-111.689245758311, 40.311996488594], [-111.68865888714, 40.3120043489106], [-111.688606459663, 40.3120054127076], [-111.68738423704, 40.3120026138185], [-111.686256247691, 40.3120074341273]]]}, "properties": {"PrecinctID": "25OR18", "VistaID": "25OR18", "AliasName": null, "CountyID": 25}}, {"type": "Feature", "geometry": {"type": "Polygon", "coordinates": [[[-111.694506783095, 40.3119743913383], [-111.693614727272, 40.3119752585421], [-111.692970219293, 40.3119787533874], [-111.691702061319, 40.3119746283466], [-111.691701966097, 40.3119746297166], [-111.691695086799, 40.3118960429149], [-111.691035107136, 40.3118970573939], [-111.69103143662, 40.3118275508183], [-111.691008175644, 40.3113869999428], [-111.691008127135, 40.3113860827262], [-111.69101356284, 40.3110162050725], [-111.691017090524, 40.3107761056359], [-111.691024162961, 40.3106501141756], [-111.691015649627, 40.310571110032], [-111.690980098799, 40.3104950595598], [-111.690979380147, 40.3104923708948], [-111.690951362592, 40.3103875546619], [-111.690951101182, 40.3103865812608], [-111.69095109669, 40.3103859887261], [-111.690949143753, 40.3101602737056], [-111.690949115007, 40.3101570397564], [-111.690948739511, 40.3101483661136], [-111.690943116057, 40.310018753178], [-111.690943227449, 40.3100068202155], [-111.690944070967, 40.3099160720901], [-111.690912644305, 40.3098000864428], [-111.690508415003, 40.3091580544201], [-111.690327113419, 40.308870091747], [-111.689877114056, 40.30816609303], [-111.689877222752, 40.3081660923449], [-111.690472087133, 40.3081640756054], [-111.690950086086, 40.3081621225739], [-111.690950086086, 40.308162042425], [-111.690953118798, 40.3073510951804], [-111.690946104752, 40.306397059129], [-111.69000406487, 40.3063941229971], [-111.689396121018, 40.3063920733222], [-111.688085079269, 40.3064041117363], [-111.688072125562, 40.3060550818037], [-111.688071148195, 40.30592409364], [-111.688071375469, 40.3059233989927], [-111.688125025553, 40.3057599285467], [-111.688125139639, 40.3057595798521], [-111.688156016532, 40.3056237545948], [-111.688162990153, 40.3055930735093], [-111.688163100646, 40.3055925925972], [-111.688190096817, 40.3055160788986], [-111.688155066114, 40.3053341210572], [-111.688155199963, 40.3053341066709], [-111.688651108627, 40.3052800867292], [-111.688840822934, 40.305259904083], [-111.688877154397, 40.3052560382708], [-111.688792098313, 40.3045400419234], [-111.688792189043, 40.3045400412383], [-111.689720102019, 40.3045365843721], [-111.689720870977, 40.3045365877974], [-111.690378188033, 40.3045390663828], [-111.690885160349, 40.3045409749895], [-111.690923073745, 40.3045411181692], [-111.69215905766, 40.3045460732845], [-111.693348137838, 40.3045440879501], [-111.69423231364, 40.3045323403595], [-111.69438852438, 40.3045302639103], [-111.695520551656, 40.304515213591], [-111.695684125886, 40.3045130364359], [-111.695684191463, 40.3045130364359], [-111.696474292095, 40.3045051889488], [-111.696594992432, 40.3045039887046], [-111.69729409642, 40.3044970379744], [-111.697294190743, 40.3044970379744], [-111.69734974256, 40.3044969201422], [-111.698218083758, 40.3044950718206], [-111.69902511404, 40.3063270790021], [-111.699387116235, 40.3071460782199], [-111.699622116411, 40.3076790781395], [-111.699795114867, 40.3080710767199], [-111.700670116175, 40.3100680776657], [-111.700689907857, 40.3101125172824], [-111.701275519591, 40.3114273745823], [-111.70146111602, 40.3118440784158], [-111.701499778612, 40.3119348492953], [-111.70149984868, 40.3119350164343], [-111.700999558932, 40.3119343663734], [-111.699749780488, 40.3119220844016], [-111.699715343572, 40.3119210904728], [-111.699441642176, 40.3119321428778], [-111.698850311767, 40.3119688942518], [-111.698308677058, 40.3119674317869], [-111.69823433518, 40.3119652329522], [-111.696988854276, 40.3119720465998], [-111.69584269111, 40.3119809570167], [-111.694506783095, 40.3119743913383]]]}, "properties": {"PrecinctID": "25OR19", "VistaID": "25OR19", "AliasName": null, "CountyID": 25}}, {"type": "Feature", "geometry": {"type": "Polygon", "coordinates": [[[-111.698218083758, 40.3044950718206], [-111.698218207726, 40.3044950725057], [-111.70022739047, 40.3044958932208], [-111.700758064834, 40.3044961069629], [-111.700758223836, 40.304496107648], [-111.702050168301, 40.3045000762643], [-111.702976058271, 40.3045140941852], [-111.703609113629, 40.3045110565811], [-111.70480508119, 40.3045040476206], [-111.704805195277, 40.3045040469356], [-111.704805294091, 40.3045040469356], [-111.705345619955, 40.3045045367613], [-111.707713145157, 40.3045020595448], [-111.708813162766, 40.3045020828372], [-111.71012515673, 40.3044951184054], [-111.710326164656, 40.3044970366043], [-111.710329877393, 40.3044970098865], [-111.71032994297, 40.3044970098865], [-111.710331211391, 40.3044970002955], [-111.710595147201, 40.304495114295], [-111.712969076494, 40.3044810491002], [-111.713167143336, 40.3044830728004], [-111.714027086184, 40.3044811018507], [-111.714929090849, 40.3044730974786], [-111.714929201342, 40.3044730988487], [-111.714948199812, 40.3053980366753], [-111.714960200406, 40.3061430387251], [-111.714973200825, 40.3069630376014], [-111.714970200452, 40.307408037223], [-111.714961200231, 40.3089060385115], [-111.71498720017, 40.309998037636], [-111.714987430139, 40.3100208349386], [-111.712602680639, 40.3100207335564], [-111.710262404932, 40.3100215596845], [-111.709468777514, 40.3100487403884], [-111.709028003849, 40.3100512201416], [-111.70889049244, 40.3100494425285], [-111.707826773058, 40.3100471319739], [-111.707409826307, 40.3100493459414], [-111.706750323649, 40.3100511776707], [-111.706377820149, 40.3100496494029], [-111.705382573052, 40.3100509447657], [-111.705383345603, 40.3100727131588], [-111.704135095194, 40.3100811778819], [-111.703618638465, 40.3100820786759], [-111.703147858375, 40.3100928820366], [-111.702491838485, 40.3100900275821], [-111.702037502954, 40.3100936540476], [-111.701945066311, 40.3100932512593], [-111.701397148785, 40.3100962728571], [-111.700701214053, 40.3101001061965], [-111.700689972536, 40.310112450151], [-111.700689907857, 40.3101125172824], [-111.700670116175, 40.3100680776657], [-111.699795114867, 40.3080710767199], [-111.699622116411, 40.3076790781395], [-111.699387116235, 40.3071460782199], [-111.69902511404, 40.3063270790021], [-111.698218083758, 40.3044950718206]]]}, "properties": {"PrecinctID": "25OR20", "VistaID": "25OR20", "AliasName": null, "CountyID": 25}}, {"type": "Feature", "geometry": {"type": "Polygon", "coordinates": [[[-111.715025200703, 40.3120310383603], [-111.715021201404, 40.3118580386429], [-111.714995200566, 40.3107930383299], [-111.714987430139, 40.3100208349386], [-111.71498720017, 40.309998037636], [-111.714961200231, 40.3089060385115], [-111.714970200452, 40.307408037223], [-111.714973200825, 40.3069630376014], [-111.714960200406, 40.3061430387251], [-111.714948199812, 40.3053980366753], [-111.714929201342, 40.3044730988487], [-111.715326413004, 40.3044755938782], [-111.715353052544, 40.3044757617206], [-111.716035066084, 40.3044800427306], [-111.716035200832, 40.3044800420456], [-111.716035263714, 40.3044800413605], [-111.716035358037, 40.3044800420456], [-111.717060104909, 40.3044781074045], [-111.717351124027, 40.3044790973324], [-111.720307119402, 40.3044810902045], [-111.720679129728, 40.3044740901468], [-111.721040090775, 40.3044680567241], [-111.72160907649, 40.3044710867945], [-111.722681118763, 40.3044740332859], [-111.722681202307, 40.304474033971], [-111.724346155125, 40.3044801071273], [-111.725691116362, 40.3044970845593], [-111.725995131407, 40.304492115054], [-111.731456177767, 40.3045270858674], [-111.732497079941, 40.3045341044164], [-111.732850168154, 40.3045400665859], [-111.733313180512, 40.3046130806833], [-111.733313212852, 40.304613038209], [-111.733532148456, 40.3043225857861], [-111.73387411283, 40.3045761896626], [-111.73387528064, 40.3045771377998], [-111.733938919092, 40.3049132604913], [-111.734197244923, 40.3062776277877], [-111.734752817892, 40.3092117458744], [-111.735118508569, 40.3111429137336], [-111.735257742947, 40.3118781617778], [-111.735202568422, 40.3118787227896], [-111.734687209435, 40.3118760355497], [-111.732200207401, 40.3118630356911], [-111.731964208298, 40.3118610361869], [-111.731728208296, 40.3118600367772], [-111.730240208317, 40.3118510366098], [-111.729287207192, 40.3118460354507], [-111.728565206943, 40.3118430372211], [-111.728535206806, 40.3118460368208], [-111.728386206843, 40.311844035261], [-111.728273207764, 40.3118450360409], [-111.728073206849, 40.3118430365361], [-111.726999207146, 40.3118770363291], [-111.726109206668, 40.3118950359708], [-111.725999206165, 40.3118910362792], [-111.725821204992, 40.3118870359023], [-111.724143205042, 40.3119040388724], [-111.724103204859, 40.3119060376903], [-111.722860205102, 40.3118990377172], [-111.722752204248, 40.3119010372203], [-111.721901204128, 40.3119170387231], [-111.719634203999, 40.3119560382601], [-111.717465202881, 40.3119930382743], [-111.715042257914, 40.3120307725824], [-111.715036700037, 40.3120308602617], [-111.715025200703, 40.3120310383603]]]}, "properties": {"PrecinctID": "25OR21", "VistaID": "25OR21", "AliasName": null, "CountyID": 25}}, {"type": "Feature", "geometry": {"type": "Polygon", "coordinates": [[[-111.731456177767, 40.3045270858674], [-111.725995131407, 40.304492115054], [-111.725691116362, 40.3044970845593], [-111.724346155125, 40.3044801071273], [-111.722681202307, 40.304474033971], [-111.722681118763, 40.3044740332859], [-111.72160907649, 40.3044710867945], [-111.721040090775, 40.3044680567241], [-111.720679129728, 40.3044740901468], [-111.720307119402, 40.3044810902045], [-111.717351124027, 40.3044790973324], [-111.717060104909, 40.3044781074045], [-111.716035358037, 40.3044800420456], [-111.716035263714, 40.3044800413605], [-111.716035200832, 40.3044800420456], [-111.716035066084, 40.3044800427306], [-111.715353052544, 40.3044757617206], [-111.715326413004, 40.3044755938782], [-111.714929201342, 40.3044730988487], [-111.714929090849, 40.3044730974786], [-111.714929086358, 40.3044730371923], [-111.714928520419, 40.3044654746903], [-111.714856071291, 40.303496049325], [-111.714832159935, 40.3024890581444], [-111.714815126081, 40.3018220300203], [-111.71479914595, 40.3011540950823], [-111.714794092927, 40.3009761039061], [-111.71478796462, 40.3007181518276], [-111.714787109424, 40.3006820869775], [-111.714771159836, 40.3000060426918], [-111.714751104947, 40.2991860587062], [-111.714707136905, 40.2971910573034], [-111.715719305567, 40.2971918130184], [-111.720368161722, 40.2971880303323], [-111.723298319754, 40.2971885681712], [-111.723363989296, 40.2971888655242], [-111.723826887569, 40.297190955902], [-111.7258825204, 40.297171798557], [-111.727871579085, 40.2971532270061], [-111.731154447138, 40.2971252223637], [-111.73188316409, 40.2971190868831], [-111.73243977102, 40.2971330864664], [-111.732523635039, 40.2971368951912], [-111.732607240345, 40.297143227307], [-111.732803941747, 40.2971610897352], [-111.733001293531, 40.2971740862571], [-111.73319908998, 40.2971822024875], [-111.73348137927, 40.2971864065383], [-111.733843738994, 40.2971812453397], [-111.733843871945, 40.2971812425991], [-111.734012981593, 40.2971846696953], [-111.734021229026, 40.2989538770248], [-111.734021298196, 40.2989686428851], [-111.734032554087, 40.3013832568064], [-111.734044297763, 40.3039022382063], [-111.734044317525, 40.3039063082489], [-111.733848705779, 40.3042450478341], [-111.733849825978, 40.3044426946946], [-111.73387528064, 40.3045771377998], [-111.73387411283, 40.3045761896626], [-111.733532148456, 40.3043225857861], [-111.733313212852, 40.304613038209], [-111.733313180512, 40.3046130806833], [-111.732850168154, 40.3045400665859], [-111.732497079941, 40.3045341044164], [-111.731456177767, 40.3045270858674]]]}, "properties": {"PrecinctID": "25OR22", "VistaID": "25OR22", "AliasName": null, "CountyID": 25}}, {"type": "Feature", "geometry": {"type": "Polygon", "coordinates": [[[-111.705345619955, 40.3045045367613], [-111.705385087437, 40.3045030344007], [-111.705385196133, 40.3045030344007], [-111.70538731436, 40.3045030330306], [-111.705387807535, 40.3044967577804], [-111.705387879401, 40.3044967591505], [-111.705450177566, 40.3044959384355], [-111.705451218713, 40.3043491076886], [-111.705441983134, 40.3032640228977], [-111.70542331165, 40.3029200881742], [-111.705421051489, 40.3019204895129], [-111.705399531448, 40.3010182852285], [-111.705399544025, 40.3010067740716], [-111.705355756544, 40.3003038532958], [-111.705333248357, 40.2998906258028], [-111.705335366584, 40.2993352143368], [-111.705324599377, 40.2987971594712], [-111.705321174999, 40.2986361053636], [-111.705293528448, 40.2977969222337], [-111.705272745924, 40.2971660611501], [-111.705273130403, 40.2971660652609], [-111.705429719333, 40.2971664729224], [-111.706050069817, 40.2971680843843], [-111.706752059195, 40.2971701035075], [-111.7092840794, 40.2971760505686], [-111.710312119496, 40.2971791124827], [-111.711894120984, 40.2971830828991], [-111.712345082443, 40.2971911182813], [-111.713514390702, 40.2971960862683], [-111.713522104535, 40.2971961191552], [-111.71354130872, 40.2971960362527], [-111.714707136905, 40.2971910573034], [-111.714751104947, 40.2991860587062], [-111.714771159836, 40.3000060426918], [-111.714787109424, 40.3006820869775], [-111.71478796462, 40.3007181518276], [-111.714794092927, 40.3009761039061], [-111.71479914595, 40.3011540950823], [-111.714815126081, 40.3018220300203], [-111.714832159935, 40.3024890581444], [-111.714856071291, 40.303496049325], [-111.714928520419, 40.3044654746903], [-111.714929086358, 40.3044730371923], [-111.714929090849, 40.3044730974786], [-111.714027086184, 40.3044811018507], [-111.713167143336, 40.3044830728004], [-111.712969076494, 40.3044810491002], [-111.710595147201, 40.304495114295], [-111.710331211391, 40.3044970002955], [-111.71032994297, 40.3044970098865], [-111.710329877393, 40.3044970098865], [-111.710326164656, 40.3044970366043], [-111.71012515673, 40.3044951184054], [-111.708813162766, 40.3045020828372], [-111.707713145157, 40.3045020595448], [-111.705345619955, 40.3045045367613]]]}, "properties": {"PrecinctID": "25OR23", "VistaID": "25OR23", "AliasName": null, "CountyID": 25}}, {"type": "Feature", "geometry": {"type": "Polygon", "coordinates": [[[-111.702976058271, 40.3045140941852], [-111.702050168301, 40.3045000762643], [-111.700758223836, 40.304496107648], [-111.700758064834, 40.3044961069629], [-111.70022739047, 40.3044958932208], [-111.698218207726, 40.3044950725057], [-111.698218083758, 40.3044950718206], [-111.698218069385, 40.3044950396223], [-111.6974491124, 40.3027140760321], [-111.696618111474, 40.3007880781608], [-111.696474110635, 40.300459077236], [-111.69621211339, 40.2998610766688], [-111.695822112504, 40.2989700768561], [-111.69504812136, 40.2971401585398], [-111.695048093512, 40.2971400913956], [-111.695048211192, 40.2971400900253], [-111.695597107881, 40.2971421207969], [-111.696758773274, 40.2971426339709], [-111.697104304858, 40.2971427853881], [-111.697704681302, 40.2971430443731], [-111.697731143874, 40.2971430560206], [-111.69773149781, 40.2971430560206], [-111.698565129004, 40.2971430676681], [-111.701127099041, 40.2971440577034], [-111.702275098364, 40.2971530406465], [-111.702275191788, 40.2971530406465], [-111.702277970278, 40.2971530269436], [-111.702279963639, 40.2971530152961], [-111.70283313631, 40.2971501020574], [-111.703173167509, 40.2971491175033], [-111.704726071666, 40.2971611102896], [-111.705154739635, 40.2971649923233], [-111.705272696517, 40.2971660611501], [-111.705272745924, 40.2971660611501], [-111.705293528448, 40.2977969222337], [-111.705321174999, 40.2986361053636], [-111.705324599377, 40.2987971594712], [-111.705335366584, 40.2993352143368], [-111.705333248357, 40.2998906258028], [-111.705355756544, 40.3003038532958], [-111.705399544025, 40.3010067740716], [-111.705399531448, 40.3010182852285], [-111.705421051489, 40.3019204895129], [-111.70542331165, 40.3029200881742], [-111.705441983134, 40.3032640228977], [-111.705451218713, 40.3043491076886], [-111.705450177566, 40.3044959384355], [-111.705387879401, 40.3044967591505], [-111.705387807535, 40.3044967577804], [-111.70538731436, 40.3045030330306], [-111.705385196133, 40.3045030344007], [-111.705385087437, 40.3045030344007], [-111.705345619955, 40.3045045367613], [-111.704805294091, 40.3045040469356], [-111.704805195277, 40.3045040469356], [-111.70480508119, 40.3045040476206], [-111.703609113629, 40.3045110565811], [-111.702976058271, 40.3045140941852]]]}, "properties": {"PrecinctID": "25OR24", "VistaID": "25OR24", "AliasName": null, "CountyID": 25}}, {"type": "Feature", "geometry": {"type": "Polygon", "coordinates": [[[-111.688792189043, 40.3045400412383], [-111.688844165565, 40.3045396939075], [-111.68614241228, 40.3045185937304], [-111.686112402261, 40.3032252875795], [-111.686107820853, 40.3026218691429], [-111.686100039646, 40.3016244309853], [-111.68609394817, 40.3008435828984], [-111.686077817122, 40.2998321982528], [-111.68605685763, 40.2990171546606], [-111.686012513195, 40.2979275191848], [-111.68599239722, 40.2970720851776], [-111.687262058077, 40.2970931040927], [-111.688151142273, 40.2971080889213], [-111.688403104439, 40.2971130767836], [-111.68900408455, 40.2971211224513], [-111.689681092678, 40.2971310508985], [-111.691883079933, 40.2971610582185], [-111.692030059585, 40.2971630622688], [-111.692374670396, 40.2971603326495], [-111.69328611366, 40.2971531105313], [-111.695048093512, 40.2971400913956], [-111.69504812136, 40.2971401585398], [-111.695822112504, 40.2989700768561], [-111.69621211339, 40.2998610766688], [-111.696474110635, 40.300459077236], [-111.696618111474, 40.3007880781608], [-111.6974491124, 40.3027140760321], [-111.698218069385, 40.3044950396223], [-111.698218083758, 40.3044950718206], [-111.69734974256, 40.3044969201422], [-111.697294190743, 40.3044970379744], [-111.69729409642, 40.3044970379744], [-111.696594992432, 40.3045039887046], [-111.696474292095, 40.3045051889488], [-111.695684191463, 40.3045130364359], [-111.695684125886, 40.3045130364359], [-111.695520551656, 40.304515213591], [-111.69438852438, 40.3045302639103], [-111.69423231364, 40.3045323403595], [-111.693348137838, 40.3045440879501], [-111.69215905766, 40.3045460732845], [-111.690923073745, 40.3045411181692], [-111.690885160349, 40.3045409749895], [-111.690378188033, 40.3045390663828], [-111.689720870977, 40.3045365877974], [-111.689720102019, 40.3045365843721], [-111.688792189043, 40.3045400412383]]]}, "properties": {"PrecinctID": "25OR25", "VistaID": "25OR25", "AliasName": null, "CountyID": 25}}, {"type": "Feature", "geometry": {"type": "Polygon", "coordinates": [[[-111.68599239722, 40.2970720851776], [-111.686012513195, 40.2979275191848], [-111.68605685763, 40.2990171546606], [-111.686077817122, 40.2998321982528], [-111.68609394817, 40.3008435828984], [-111.686100039646, 40.3016244309853], [-111.686107820853, 40.3026218691429], [-111.686112402261, 40.3032252875795], [-111.68614241228, 40.3045185937304], [-111.684950215845, 40.304524612077], [-111.683793479508, 40.3045290129713], [-111.682558539436, 40.3045323150119], [-111.681359010952, 40.3045319300022], [-111.680191096879, 40.3045314860764], [-111.679012042797, 40.3045367563248], [-111.678998356065, 40.3045368186662], [-111.677825486884, 40.3045283559885], [-111.67662340449, 40.3045369358133], [-111.676588954997, 40.3027244585564], [-111.676553278406, 40.3008469591109], [-111.676540211511, 40.3000876516713], [-111.676478181943, 40.2969330517201], [-111.678896135871, 40.2969680771475], [-111.679319068995, 40.2969740653351], [-111.679649097454, 40.2969785667527], [-111.680119052891, 40.296986121186], [-111.680883138312, 40.2969971232785], [-111.681655116331, 40.2970090640205], [-111.682522048073, 40.2970210705345], [-111.682888152873, 40.2970271087333], [-111.683505141862, 40.2970360779889], [-111.684612142973, 40.2970520549223], [-111.685992160963, 40.2970720803816], [-111.68599239722, 40.2970720851776]]]}, "properties": {"PrecinctID": "25OR26", "VistaID": "25OR26", "AliasName": null, "CountyID": 25}}, {"type": "Feature", "geometry": {"type": "Polygon", "coordinates": [[[-111.664998655843, 40.3046019537781], [-111.665126599295, 40.3044329269435], [-111.665289075784, 40.3039824058744], [-111.665306181504, 40.3039349732348], [-111.665407104531, 40.3036551304645], [-111.66540724916, 40.3036536321955], [-111.665407271618, 40.3036533807713], [-111.665417542056, 40.3035473427024], [-111.665417547446, 40.3035472700839], [-111.665419127583, 40.3035309425549], [-111.66542059004, 40.3035158440572], [-111.665428725183, 40.303431836637], [-111.66543990292, 40.3033164016228], [-111.665456382514, 40.3030546192604], [-111.66546407928, 40.3029324005567], [-111.665493886279, 40.3028449539556], [-111.665496800414, 40.3028364109106], [-111.665574895453, 40.3026072965913], [-111.665919712877, 40.3022962416419], [-111.666203099009, 40.3018800817863], [-111.666203186146, 40.3018799755961], [-111.666203321792, 40.3018797714371], [-111.666203597574, 40.3018794878067], [-111.666204035952, 40.3018790205701], [-111.666356244697, 40.3017171742983], [-111.666488510843, 40.3015765431534], [-111.666677112137, 40.3013760036249], [-111.66667732414, 40.301375784392], [-111.666677561295, 40.3013755391253], [-111.666680099934, 40.3013728357101], [-111.666680173596, 40.3013727569233], [-111.666680322716, 40.3013725993497], [-111.666683508142, 40.3010241326104], [-111.666698746264, 40.3009527218948], [-111.666699698478, 40.3009482728101], [-111.666762832076, 40.300652390891], [-111.666679972373, 40.3003064491909], [-111.666476591098, 40.2999769793561], [-111.666393793378, 40.2996384828257], [-111.666391054415, 40.2996272845337], [-111.666338527225, 40.2994125311487], [-111.666510441414, 40.2991494353463], [-111.666519241311, 40.2990486334793], [-111.666519463195, 40.2990460861798], [-111.666530935579, 40.298914692532], [-111.666702933312, 40.2985023259748], [-111.666720372306, 40.2980627885128], [-111.666721051433, 40.2980456676407], [-111.666732497766, 40.2977571409987], [-111.666810238869, 40.2976661407275], [-111.666812786491, 40.2976631583118], [-111.66683488864, 40.2976372853531], [-111.666897206568, 40.2975643383966], [-111.666959523598, 40.2974913920465], [-111.666969181385, 40.2974788429834], [-111.666983179833, 40.2974606558817], [-111.666986004136, 40.2974569869442], [-111.667007692162, 40.2974288063461], [-111.667007775705, 40.2974286974084], [-111.667001733636, 40.2971394733942], [-111.667000178653, 40.2970650959997], [-111.667001847722, 40.2970650384474], [-111.667296061249, 40.2970551147866], [-111.668885133376, 40.297001072466], [-111.670001130217, 40.2969630837933], [-111.67176314151, 40.2969070983195], [-111.672613073533, 40.2968781076468], [-111.673005070476, 40.2968731245632], [-111.673898051564, 40.2968900881485], [-111.674850069932, 40.2969040898347], [-111.676478084026, 40.2969330496646], [-111.676478141519, 40.2969330510349], [-111.676478181943, 40.2969330517201], [-111.676540211511, 40.3000876516713], [-111.676553278406, 40.3008469591109], [-111.676588954997, 40.3027244585564], [-111.67662340449, 40.3045369358133], [-111.675417642596, 40.3045432542192], [-111.674289617314, 40.3045340783838], [-111.674247770195, 40.3045337385887], [-111.673089947795, 40.3045356937803], [-111.673072091084, 40.3045360130232], [-111.671853321585, 40.3045400604203], [-111.670818854043, 40.3045426999971], [-111.66934762022, 40.3045589656252], [-111.669085151359, 40.3045638501769], [-111.667200848812, 40.3045894587862], [-111.665601270888, 40.3045863924125], [-111.665016702099, 40.3046014886156], [-111.665000633035, 40.3046019023979], [-111.66500018747, 40.304601913359], [-111.665000137165, 40.3046019154142], [-111.664998655843, 40.3046019537781]]]}, "properties": {"PrecinctID": "25OR27", "VistaID": "25OR27", "AliasName": null, "CountyID": 25}}, {"type": "Feature", "geometry": {"type": "Polygon", "coordinates": [[[-111.666996738105, 40.2969186403215], [-111.666991178432, 40.2966820741084], [-111.666991178432, 40.2966820425915], [-111.667238251966, 40.2966571730027], [-111.667279075904, 40.2966530586737], [-111.667603568046, 40.2965185477272], [-111.667603789031, 40.2965184559168], [-111.667800121227, 40.2964370700968], [-111.667800291907, 40.2964367069659], [-111.667855116987, 40.2963210715818], [-111.667869535845, 40.2962902978863], [-111.66795631939, 40.2961050894803], [-111.667959598241, 40.296098094036], [-111.668041566815, 40.2957411986631], [-111.668107998129, 40.295451952352], [-111.668108084367, 40.2954515707164], [-111.668233082244, 40.2951630809587], [-111.668414865325, 40.2949854111018], [-111.668545123736, 40.294858100015], [-111.668545187517, 40.294858047257], [-111.668654553809, 40.2947661804526], [-111.668857081685, 40.2945960594564], [-111.668941082249, 40.2943450868679], [-111.668940070746, 40.2936920958007], [-111.6689555586, 40.2936763263678], [-111.669102926324, 40.2935262771007], [-111.669131207085, 40.2934974802544], [-111.669131601446, 40.2934970794226], [-111.669131913161, 40.2934968211088], [-111.669168974057, 40.2934661790526], [-111.669406623365, 40.2932696813381], [-111.669423082298, 40.293256072195], [-111.669385768976, 40.2932061646715], [-111.669385223698, 40.2932054356341], [-111.669337100949, 40.2931410699614], [-111.669595126743, 40.2924410822035], [-111.669589146658, 40.2924411267411], [-111.669587203602, 40.2924411411302], [-111.66950349499, 40.2924417694524], [-111.669333654113, 40.2924430411711], [-111.669329070908, 40.2924430754307], [-111.669329061027, 40.2924430411711], [-111.669325066219, 40.2924279778811], [-111.669325049151, 40.2924279155285], [-111.669320144349, 40.2924094228414], [-111.669315237751, 40.2923909274084], [-111.669313847159, 40.2923856822498], [-111.669299100415, 40.2923300849147], [-111.669299099517, 40.292329973228], [-111.669293101466, 40.2917917563724], [-111.669293082601, 40.2917900947627], [-111.669293352096, 40.2917873710932], [-111.669321057936, 40.2915059150586], [-111.669321091174, 40.291505575198], [-111.669321490025, 40.2915045610979], [-111.669364183358, 40.291396338717], [-111.669365071792, 40.2913940871371], [-111.669624072258, 40.290934097929], [-111.669680074131, 40.2908150654517], [-111.669737109066, 40.2906730877866], [-111.669773285121, 40.2905654547272], [-111.669776096848, 40.2905570910256], [-111.669790097092, 40.2904320704877], [-111.669789770105, 40.2904305445169], [-111.66978944761, 40.2904290384173], [-111.669788143256, 40.2904229365893], [-111.669750198418, 40.2902454742239], [-111.669750114875, 40.2902450809102], [-111.669750038518, 40.2902420652765], [-111.669749055761, 40.2902020596394], [-111.669749054863, 40.2902020020813], [-111.669746333866, 40.2900914204678], [-111.669746103897, 40.2900820583461], [-111.669671349693, 40.2898079387121], [-111.670217100482, 40.2897981894018], [-111.670247896527, 40.2897972513355], [-111.671360000069, 40.2897565074527], [-111.672649046569, 40.2897182735093], [-111.673766705293, 40.2896829017135], [-111.674850163357, 40.2896497253491], [-111.676295496055, 40.2896052167677], [-111.67630720829, 40.290202949735], [-111.676323301608, 40.2911720204172], [-111.676327105973, 40.2914412928715], [-111.676329789241, 40.2918411661154], [-111.676355396617, 40.292396754296], [-111.676378087162, 40.29321630062], [-111.676388072835, 40.2938774218195], [-111.676452048155, 40.2960495013717], [-111.676478084026, 40.2969330496646], [-111.674850069932, 40.2969040898347], [-111.673898051564, 40.2968900881485], [-111.673005070476, 40.2968731245632], [-111.672613073533, 40.2968781076468], [-111.67176314151, 40.2969070983195], [-111.670001130217, 40.2969630837933], [-111.668885133376, 40.297001072466], [-111.667296061249, 40.2970551147866], [-111.667001847722, 40.2970650384474], [-111.667000178653, 40.2970650959997], [-111.667000177754, 40.2970650418732], [-111.667000177754, 40.2970650014495], [-111.666996738105, 40.2969186403215]]]}, "properties": {"PrecinctID": "25OR28", "VistaID": "25OR28", "AliasName": null, "CountyID": 25}}, {"type": "Feature", "geometry": {"type": "Polygon", "coordinates": [[[-111.695048093512, 40.2971400913956], [-111.695048071054, 40.2971400386393], [-111.694276109205, 40.2954210775418], [-111.6941701089, 40.2951800751206], [-111.693413106695, 40.2934640769116], [-111.693413051897, 40.293463947412], [-111.693004108237, 40.2925200760332], [-111.692608107504, 40.2916030753677], [-111.692241582292, 40.290754100257], [-111.691824259147, 40.2897874300755], [-111.691824355266, 40.2897874300755], [-111.691833367165, 40.2897875472482], [-111.692958317514, 40.2898020581541], [-111.694317363436, 40.2898194401281], [-111.6948351874, 40.2910060358801], [-111.694959788222, 40.2912915147792], [-111.695178182142, 40.2917921352879], [-111.695354189056, 40.2921970364779], [-111.695434817344, 40.2923804137943], [-111.695467189033, 40.2924540364662], [-111.69552318911, 40.2925820365889], [-111.696023268652, 40.2937037993692], [-111.696399293549, 40.2945465681367], [-111.696453901236, 40.2946414116222], [-111.696495442928, 40.2947256718382], [-111.696495570489, 40.2947259500172], [-111.696512592909, 40.294761278927], [-111.696531309796, 40.2947961056431], [-111.69655169575, 40.294830382905], [-111.696573723107, 40.2948640641981], [-111.696597361976, 40.2948971038163], [-111.696622580276, 40.2949294569247], [-111.696649343786, 40.2949610796196], [-111.696677616186, 40.294991928989], [-111.69670735911, 40.2950219631701], [-111.696738532196, 40.2950511414065], [-111.69677109314, 40.2950794241031], [-111.696804997757, 40.2951067728805], [-111.696840200035, 40.2951331506263], [-111.696876652204, 40.2951585215462], [-111.696914304797, 40.2951828512118], [-111.696953106718, 40.2952061066081], [-111.696953413942, 40.2952062854363], [-111.697534190044, 40.2956550370223], [-111.697733190236, 40.2961200368444], [-111.69773149781, 40.2971430560206], [-111.697731143874, 40.2971430560206], [-111.697704681302, 40.2971430443731], [-111.697104304858, 40.2971427853881], [-111.696758773274, 40.2971426339709], [-111.695597107881, 40.2971421207969], [-111.695048211192, 40.2971400900253], [-111.695048093512, 40.2971400913956]]]}, "properties": {"PrecinctID": "25OR29", "VistaID": "25OR29", "AliasName": null, "CountyID": 25}}, {"type": "Feature", "geometry": {"type": "Polygon", "coordinates": [[[-111.69328611366, 40.2971531105313], [-111.692374670396, 40.2971603326495], [-111.692030059585, 40.2971630622688], [-111.691883079933, 40.2971610582185], [-111.689681092678, 40.2971310508985], [-111.68900408455, 40.2971211224513], [-111.688403104439, 40.2971130767836], [-111.688151142273, 40.2971080889213], [-111.687262058077, 40.2970931040927], [-111.68599239722, 40.2970720851776], [-111.685992160963, 40.2970720803816], [-111.684612142973, 40.2970520549223], [-111.683505141862, 40.2970360779889], [-111.682888152873, 40.2970271087333], [-111.682522048073, 40.2970210705345], [-111.681655116331, 40.2970090640205], [-111.680883138312, 40.2969971232785], [-111.680119052891, 40.296986121186], [-111.679649097454, 40.2969785667527], [-111.679319068995, 40.2969740653351], [-111.678896135871, 40.2969680771475], [-111.676478181943, 40.2969330517201], [-111.676478141519, 40.2969330510349], [-111.676478084026, 40.2969330496646], [-111.676452048155, 40.2960495013717], [-111.676388072835, 40.2938774218195], [-111.676378087162, 40.29321630062], [-111.676355396617, 40.292396754296], [-111.676329789241, 40.2918411661154], [-111.676327105973, 40.2914412928715], [-111.676323301608, 40.2911720204172], [-111.67630720829, 40.290202949735], [-111.676295496055, 40.2896052167677], [-111.678711364993, 40.2896329442709], [-111.679870595951, 40.2896468433071], [-111.682026956875, 40.2896754163564], [-111.682821746713, 40.2896875379202], [-111.68423378066, 40.2897007572059], [-111.684277181865, 40.2897003467585], [-111.685783668274, 40.2897223087749], [-111.685826197215, 40.2915392008294], [-111.685881943068, 40.2933501679005], [-111.687105214923, 40.2933684787565], [-111.688178154614, 40.2933847683156], [-111.689071721403, 40.293399087283], [-111.689956469431, 40.2934134130992], [-111.690780194004, 40.2934255778442], [-111.690871721552, 40.2934276813569], [-111.691407639382, 40.293435811741], [-111.693412738385, 40.2934640303191], [-111.693413051897, 40.293463947412], [-111.693413106695, 40.2934640769116], [-111.6941701089, 40.2951800751206], [-111.694276109205, 40.2954210775418], [-111.695048071054, 40.2971400386393], [-111.695048093512, 40.2971400913956], [-111.69328611366, 40.2971531105313]]]}, "properties": {"PrecinctID": "25OR30", "VistaID": "25OR30", "AliasName": null, "CountyID": 25}}, {"type": "Feature", "geometry": {"type": "Polygon", "coordinates": [[[-111.69773149781, 40.2971430560206], [-111.697733190236, 40.2961200368444], [-111.697534190044, 40.2956550370223], [-111.696953413942, 40.2952062854363], [-111.696953106718, 40.2952061066081], [-111.69691430481, 40.2951828512018], [-111.696876652228, 40.2951585215279], [-111.696840200069, 40.2951331506015], [-111.6968049978, 40.2951067728508], [-111.696771093192, 40.29507942407], [-111.696738532253, 40.2950511413714], [-111.696707359172, 40.2950219631345], [-111.696677616249, 40.294991928954], [-111.696649343849, 40.2949610795863], [-111.696622580337, 40.294929456894], [-111.696597362033, 40.2948971037893], [-111.696573723158, 40.2948640641755], [-111.696551695792, 40.2948303828874], [-111.696531309826, 40.294796105631], [-111.696512592926, 40.2947612789208], [-111.696495570489, 40.2947259500172], [-111.696495442928, 40.2947256718382], [-111.696453901236, 40.2946414116222], [-111.696399293549, 40.2945465681367], [-111.696023268652, 40.2937037993692], [-111.69552318911, 40.2925820365889], [-111.695467189033, 40.2924540364662], [-111.695434817344, 40.2923804137943], [-111.695354189056, 40.2921970364779], [-111.695178182142, 40.2917921352879], [-111.694959788222, 40.2912915147792], [-111.6948351874, 40.2910060358801], [-111.694317363436, 40.2898194401281], [-111.694317613168, 40.289819442869], [-111.694835460488, 40.2898163299152], [-111.695504029842, 40.2898298095593], [-111.696293064173, 40.2898432213639], [-111.696830480393, 40.2898429089038], [-111.697891310794, 40.2898553600281], [-111.697940022839, 40.2898565653291], [-111.698716949677, 40.2898670937255], [-111.698873502674, 40.2898698243246], [-111.700192939181, 40.2898801389304], [-111.702306641807, 40.2899032082023], [-111.703086028232, 40.289915169384], [-111.705133166593, 40.2899465599386], [-111.705155655917, 40.2909529411614], [-111.705173435373, 40.2917485120257], [-111.705192936899, 40.2926153437558], [-111.705233017931, 40.2934762183513], [-111.705218007082, 40.29435803871], [-111.705214014071, 40.2953555005546], [-111.705248800432, 40.2964279356397], [-111.705273193285, 40.2971660364848], [-111.705272743229, 40.2971660323739], [-111.705272745924, 40.2971660611501], [-111.705272696517, 40.2971660611501], [-111.705154739635, 40.2971649923233], [-111.704726071666, 40.2971611102896], [-111.703173167509, 40.2971491175033], [-111.70283313631, 40.2971501020574], [-111.702279963639, 40.2971530152961], [-111.702277970278, 40.2971530269436], [-111.702275191788, 40.2971530406465], [-111.702275098364, 40.2971530406465], [-111.701127099041, 40.2971440577034], [-111.698565129004, 40.2971430676681], [-111.69773149781, 40.2971430560206]]]}, "properties": {"PrecinctID": "25OR31", "VistaID": "25OR31", "AliasName": null, "CountyID": 25}}, {"type": "Feature", "geometry": {"type": "Polygon", "coordinates": [[[-111.705272745924, 40.2971660611501], [-111.705272743229, 40.2971660323739], [-111.705273193285, 40.2971660364848], [-111.705248800432, 40.2964279356397], [-111.705214014071, 40.2953555005546], [-111.705218007082, 40.29435803871], [-111.705233017931, 40.2934762183513], [-111.705192936899, 40.2926153437558], [-111.705173435373, 40.2917485120257], [-111.705155655917, 40.2909529411614], [-111.705133166593, 40.2899465599386], [-111.706050909742, 40.2899575124711], [-111.707166833819, 40.2899646586139], [-111.709927038684, 40.2899811792268], [-111.709976515194, 40.2899814478323], [-111.71237676243, 40.2899888913573], [-111.712400907348, 40.2899888899868], [-111.713406416798, 40.2899926854099], [-111.714700249522, 40.2899975545695], [-111.714718592222, 40.2900312460468], [-111.714717631025, 40.2906100606616], [-111.714737499962, 40.2912104118207], [-111.714749302927, 40.2933607402895], [-111.714756127428, 40.2942635209699], [-111.714756087902, 40.2954367636628], [-111.714749020856, 40.2965336066795], [-111.714707136905, 40.2971910573034], [-111.71354130872, 40.2971960362527], [-111.713522104535, 40.2971961191552], [-111.713514390702, 40.2971960862683], [-111.712345082443, 40.2971911182813], [-111.711894120984, 40.2971830828991], [-111.710312119496, 40.2971791124827], [-111.7092840794, 40.2971760505686], [-111.706752059195, 40.2971701035075], [-111.706050069817, 40.2971680843843], [-111.705429719333, 40.2971664729224], [-111.705273130403, 40.2971660652609], [-111.705272745924, 40.2971660611501]]]}, "properties": {"PrecinctID": "25OR32", "VistaID": "25OR32", "AliasName": null, "CountyID": 25}}, {"type": "Feature", "geometry": {"type": "Polygon", "coordinates": [[[-111.724248677137, 40.2899176087631], [-111.725749231971, 40.2898995045935], [-111.725749257124, 40.2899070276129], [-111.72581365555, 40.2931649658248], [-111.725861986709, 40.2960385683257], [-111.7258825204, 40.297171798557], [-111.723826887569, 40.297190955902], [-111.723363989296, 40.2971888655242], [-111.723298319754, 40.2971885681712], [-111.720368161722, 40.2971880303323], [-111.715719305567, 40.2971918130184], [-111.714707136905, 40.2971910573034], [-111.714749020856, 40.2965336066795], [-111.714756087902, 40.2954367636628], [-111.714756127428, 40.2942635209699], [-111.714749302927, 40.2933607402895], [-111.714737499962, 40.2912104118207], [-111.714717631025, 40.2906100606616], [-111.714718592222, 40.2900312460468], [-111.714718648816, 40.2899976237765], [-111.715972855954, 40.2899926072951], [-111.716876332958, 40.2899728730112], [-111.71799367817, 40.2899608919684], [-111.718316883026, 40.2899577132401], [-111.719375708386, 40.2899484504565], [-111.719487633081, 40.2899470868716], [-111.720527961232, 40.2899385387696], [-111.721016655526, 40.2899341663894], [-111.722824111692, 40.2899249179922], [-111.724248677137, 40.2899176087631]]]}, "properties": {"PrecinctID": "25OR33", "VistaID": "25OR33", "AliasName": null, "CountyID": 25}}, {"type": "Feature", "geometry": {"type": "Polygon", "coordinates": [[[-111.73348137927, 40.2971864065383], [-111.73319908998, 40.2971822024875], [-111.733001293531, 40.2971740862571], [-111.732803941747, 40.2971610897352], [-111.732607240345, 40.297143227307], [-111.732523635039, 40.2971368951912], [-111.73243977102, 40.2971330864664], [-111.73188316409, 40.2971190868831], [-111.731154447138, 40.2971252223637], [-111.727871579085, 40.2971532270061], [-111.7258825204, 40.297171798557], [-111.725861986709, 40.2960385683257], [-111.72581365555, 40.2931649658248], [-111.725749257124, 40.2899070276129], [-111.725749231971, 40.2898995045935], [-111.725749226581, 40.289898020409], [-111.72574912597, 40.2898778687991], [-111.725729519341, 40.2860365582425], [-111.72561231884, 40.2844854304223], [-111.725418209077, 40.2837739149886], [-111.724926694073, 40.282514347621], [-111.726342350926, 40.2825366655838], [-111.726592387104, 40.2825360899372], [-111.727755541005, 40.2825334104388], [-111.728160398229, 40.2825324750129], [-111.729219785036, 40.2825254384166], [-111.731381784685, 40.2825065859818], [-111.731467092298, 40.2825040257235], [-111.731551742344, 40.2824955294478], [-111.731635029645, 40.2824811670527], [-111.731716264296, 40.2824610557197], [-111.731794771662, 40.2824353647114], [-111.73186989777, 40.282404306463], [-111.73213077841, 40.2823235300056], [-111.732524477659, 40.2827576820273], [-111.733373311941, 40.2839955948487], [-111.733696081114, 40.2846973661263], [-111.733698312529, 40.2846944441274], [-111.733765085203, 40.2846967116917], [-111.734291144023, 40.2846973647558], [-111.734320195539, 40.2841505033341], [-111.735949024406, 40.2841592104672], [-111.735955895619, 40.2861581948892], [-111.733845357758, 40.2861624729483], [-111.733898877586, 40.2897703811104], [-111.73378147227, 40.2897713034169], [-111.733781705832, 40.289839948755], [-111.740139270846, 40.2897902429042], [-111.740164943798, 40.2917143561532], [-111.741215696898, 40.2917061090779], [-111.742987670508, 40.2930611169107], [-111.743347039741, 40.2930582994218], [-111.743348739353, 40.2933875953835], [-111.743394000969, 40.293387328847], [-111.743401412968, 40.2938127436599], [-111.743406470483, 40.2941030494186], [-111.743451690776, 40.2941026944972], [-111.743473747112, 40.294938431893], [-111.73693425349, 40.2949896296777], [-111.736909371953, 40.2949569177216], [-111.736908705403, 40.2949560427623], [-111.736734281321, 40.2949574041906], [-111.736734121421, 40.2949574062462], [-111.736725607189, 40.2949574720223], [-111.735570901045, 40.2934486075356], [-111.733985915354, 40.2913776717058], [-111.734012981593, 40.2971846696953], [-111.733843871945, 40.2971812425991], [-111.733843738994, 40.2971812453397], [-111.73348137927, 40.2971864065383]]]}, "properties": {"PrecinctID": "25OR34", "VistaID": "25OR34", "AliasName": null, "CountyID": 25}}, {"type": "Feature", "geometry": {"type": "Polygon", "coordinates": [[[-111.723483735622, 40.2825264087926], [-111.724926694073, 40.282514347621], [-111.725418209077, 40.2837739149886], [-111.72561231884, 40.2844854304223], [-111.725729519341, 40.2860365582425], [-111.72574912597, 40.2898778687991], [-111.725749226581, 40.289898020409], [-111.725749231971, 40.2898995045935], [-111.724248677137, 40.2899176087631], [-111.722824111692, 40.2899249179922], [-111.721016655526, 40.2899341663894], [-111.720527961232, 40.2899385387696], [-111.719487633081, 40.2899470868716], [-111.719375708386, 40.2899484504565], [-111.718316883026, 40.2899577132401], [-111.71799367817, 40.2899608919684], [-111.716876332958, 40.2899728730112], [-111.715972855954, 40.2899926072951], [-111.714718648816, 40.2899976237765], [-111.714718592222, 40.2900312460468], [-111.714700249522, 40.2899975545695], [-111.71468144419, 40.2895291831195], [-111.714623171376, 40.2882281147923], [-111.714589571689, 40.2874418512708], [-111.71455070518, 40.2863619146248], [-111.714526855808, 40.2859298929233], [-111.71452226362, 40.2858420830571], [-111.714497561746, 40.2850663127008], [-111.714488060266, 40.2845465479199], [-111.714484216374, 40.2842749756208], [-111.714460411918, 40.2827636995712], [-111.714545662038, 40.282761288716], [-111.717279716046, 40.2826900492111], [-111.719289307524, 40.2826376462728], [-111.719889461186, 40.2826217385726], [-111.721163546245, 40.2825879597961], [-111.723483735622, 40.2825264087926]]]}, "properties": {"PrecinctID": "25OR35", "VistaID": "25OR35", "AliasName": null, "CountyID": 25}}, {"type": "Feature", "geometry": {"type": "Polygon", "coordinates": [[[-111.714460411918, 40.2827636995712], [-111.714484216374, 40.2842749756208], [-111.714488060266, 40.2845465479199], [-111.714497561746, 40.2850663127008], [-111.71452226362, 40.2858420830571], [-111.714526855808, 40.2859298929233], [-111.71455070518, 40.2863619146248], [-111.714589571689, 40.2874418512708], [-111.714623171376, 40.2882281147923], [-111.71468144419, 40.2895291831195], [-111.714700249522, 40.2899975545695], [-111.713406416798, 40.2899926854099], [-111.712400907348, 40.2899888899868], [-111.71237676243, 40.2899888913573], [-111.709976515194, 40.2899814478323], [-111.709927038684, 40.2899811792268], [-111.707166833819, 40.2899646586139], [-111.706050909742, 40.2899575124711], [-111.705133166593, 40.2899465599386], [-111.705083469097, 40.2890931456738], [-111.705077460266, 40.2885682678169], [-111.705083924543, 40.288140074246], [-111.705082347101, 40.2880814933204], [-111.705081324818, 40.2873504842071], [-111.70507758603, 40.2872568995643], [-111.705045014016, 40.2862726655975], [-111.705015731633, 40.2850525114012], [-111.704986794203, 40.2845288589579], [-111.704979951735, 40.2842308965947], [-111.704959447689, 40.2834117141571], [-111.70494962012, 40.2832096877827], [-111.704951696126, 40.2825514549051], [-111.708501333276, 40.2826370815917], [-111.709754475012, 40.2826637922384], [-111.709775565659, 40.2826643370458], [-111.710978301128, 40.2826954047688], [-111.71209842393, 40.2827236572989], [-111.712196283703, 40.2827258152827], [-111.713382352728, 40.282753322203], [-111.713746861223, 40.2827658500155], [-111.714460411918, 40.2827636995712]]]}, "properties": {"PrecinctID": "25OR36", "VistaID": "25OR36", "AliasName": null, "CountyID": 25}}, {"type": "Feature", "geometry": {"type": "Polygon", "coordinates": [[[-111.695504029842, 40.2898298095593], [-111.69549641662, 40.2893614150196], [-111.695463653264, 40.2873453304802], [-111.695445820808, 40.2868161788491], [-111.695415605075, 40.28600823583], [-111.695364863736, 40.2845219335837], [-111.695355748531, 40.2841059178066], [-111.695336672806, 40.2832047893521], [-111.695334552782, 40.2824617629435], [-111.69645690161, 40.28245498264], [-111.697607203314, 40.2824516336057], [-111.698911200475, 40.282443759571], [-111.700133721339, 40.2824424568259], [-111.700386446174, 40.2824420230344], [-111.701324254992, 40.2824499464105], [-111.70229578926, 40.2824760917634], [-111.702682963147, 40.2824893494654], [-111.703199287823, 40.282496830136], [-111.704825932885, 40.2825395623202], [-111.704951696126, 40.2825514549051], [-111.70494962012, 40.2832096877827], [-111.704959447689, 40.2834117141571], [-111.704979951735, 40.2842308965947], [-111.704986794203, 40.2845288589579], [-111.705015731633, 40.2850525114012], [-111.705045014016, 40.2862726655975], [-111.70507758603, 40.2872568995643], [-111.705081324818, 40.2873504842071], [-111.705082347101, 40.2880814933204], [-111.705083924543, 40.288140074246], [-111.705077460266, 40.2885682678169], [-111.705083469097, 40.2890931456738], [-111.705133166593, 40.2899465599386], [-111.703086028232, 40.289915169384], [-111.702306641807, 40.2899032082023], [-111.700192939181, 40.2898801389304], [-111.698873502674, 40.2898698243246], [-111.698716949677, 40.2898670937255], [-111.697940022839, 40.2898565653291], [-111.697891310794, 40.2898553600281], [-111.696830480393, 40.2898429089038], [-111.696293064173, 40.2898432213639], [-111.695504029842, 40.2898298095593]]]}, "properties": {"PrecinctID": "25OR37", "VistaID": "25OR37", "AliasName": null, "CountyID": 25}}, {"type": "Feature", "geometry": {"type": "Polygon", "coordinates": [[[-111.694317363436, 40.2898194401281], [-111.692958317514, 40.2898020581541], [-111.691833367165, 40.2897875472482], [-111.691824355266, 40.2897874300755], [-111.691824259147, 40.2897874300755], [-111.691824106433, 40.2897870758167], [-111.691004104479, 40.2879500749255], [-111.690915948308, 40.2877523106079], [-111.690554567748, 40.2869415959823], [-111.690552105465, 40.2869360735603], [-111.689589104294, 40.2847730735388], [-111.689383105328, 40.2843100740806], [-111.689244103614, 40.2839980748729], [-111.689027902482, 40.2835103560359], [-111.68855286258, 40.2824387007259], [-111.688525103739, 40.2823760736729], [-111.687861102319, 40.2808640726023], [-111.687737100674, 40.2805830741002], [-111.687366100953, 40.2797360734174], [-111.686917101414, 40.2787150742657], [-111.686727100545, 40.2782970729712], [-111.68636410122, 40.2774490725156], [-111.685946101644, 40.2765010730223], [-111.685335127775, 40.2751041340574], [-111.685335204132, 40.2751040860816], [-111.685335266115, 40.2751040449594], [-111.685344269929, 40.2751042820971], [-111.688326056835, 40.2751828520698], [-111.688323385246, 40.2760224249796], [-111.688342089966, 40.2761407590832], [-111.688369766162, 40.2762580580901], [-111.688406324001, 40.2763739231285], [-111.688661186827, 40.2769945760632], [-111.689284021152, 40.2770001459012], [-111.690506649814, 40.2770095927622], [-111.691386087002, 40.2770173893], [-111.69230904038, 40.2770244141332], [-111.693266482776, 40.2770370273052], [-111.694051454027, 40.2770438849112], [-111.694244670865, 40.277048587093], [-111.69467370894, 40.2770543371734], [-111.695219311507, 40.2770616477934], [-111.695237744937, 40.2781417659128], [-111.695253912815, 40.2788039412615], [-111.695291094983, 40.2806254442781], [-111.695322531527, 40.2819537940728], [-111.695334552782, 40.2824617629435], [-111.695336672806, 40.2832047893521], [-111.695355748531, 40.2841059178066], [-111.695364863736, 40.2845219335837], [-111.695415605075, 40.28600823583], [-111.695445820808, 40.2868161788491], [-111.695463653264, 40.2873453304802], [-111.69549641662, 40.2893614150196], [-111.695504029842, 40.2898298095593], [-111.694835460488, 40.2898163299152], [-111.694317613168, 40.289819442869], [-111.694317363436, 40.2898194401281]]]}, "properties": {"PrecinctID": "25OR38", "VistaID": "25OR38", "AliasName": null, "CountyID": 25}}, {"type": "Feature", "geometry": {"type": "Polygon", "coordinates": [[[-111.679870595951, 40.2896468433071], [-111.679873760716, 40.2894264126425], [-111.67987807263, 40.2891260872786], [-111.679912265204, 40.2889603046558], [-111.679930827991, 40.2888013705021], [-111.679935997796, 40.2881051100255], [-111.680299588212, 40.2881045440196], [-111.681164363098, 40.2881156619928], [-111.681173951716, 40.2881152337196], [-111.681183368755, 40.2881137947216], [-111.681192438146, 40.288111371723], [-111.681200982023, 40.2881080133756], [-111.681205634397, 40.2881028014613], [-111.681209129742, 40.2880970831562], [-111.681211380022, 40.2880910092125], [-111.681212322355, 40.2880847372345], [-111.681211936079, 40.2880784303089], [-111.68120416655, 40.2878470101351], [-111.681178000423, 40.2860353021642], [-111.681143202384, 40.2842341310997], [-111.681134036873, 40.2832845827415], [-111.681141101224, 40.2831893224249], [-111.681152301419, 40.2831214988452], [-111.681166657396, 40.2830540246946], [-111.681184125136, 40.2829813176087], [-111.681195801438, 40.2829079333783], [-111.681201641386, 40.2828341399496], [-111.68120162881, 40.2827602121232], [-111.681197679816, 40.2822767475839], [-111.682015782731, 40.2822853857433], [-111.682435989468, 40.2822891726901], [-111.683370307433, 40.2822975867562], [-111.683435151423, 40.2822974044674], [-111.683781389981, 40.282302440023], [-111.683998401394, 40.2823064215929], [-111.684215160381, 40.2823153729288], [-111.684431471108, 40.2823292851198], [-111.685677356254, 40.2823980682222], [-111.686667734481, 40.2824211263419], [-111.687873936549, 40.2824333403508], [-111.68855286258, 40.2824387007259], [-111.689027902482, 40.2835103560359], [-111.689244103614, 40.2839980748729], [-111.689383105328, 40.2843100740806], [-111.689589104294, 40.2847730735388], [-111.690552105465, 40.2869360735603], [-111.690554567748, 40.2869415959823], [-111.690915948308, 40.2877523106079], [-111.691004104479, 40.2879500749255], [-111.691824106433, 40.2897870758167], [-111.691824259147, 40.2897874300755], [-111.692241582292, 40.290754100257], [-111.692608107504, 40.2916030753677], [-111.693004108237, 40.2925200760332], [-111.693413051897, 40.293463947412], [-111.693412738385, 40.2934640303191], [-111.691407639382, 40.293435811741], [-111.690871721552, 40.2934276813569], [-111.690780194004, 40.2934255778442], [-111.689956469431, 40.2934134130992], [-111.689071721403, 40.293399087283], [-111.688178154614, 40.2933847683156], [-111.687105214923, 40.2933684787565], [-111.685881943068, 40.2933501679005], [-111.685826197215, 40.2915392008294], [-111.685783668274, 40.2897223087749], [-111.684277181865, 40.2897003467585], [-111.68423378066, 40.2897007572059], [-111.682821746713, 40.2896875379202], [-111.682026956875, 40.2896754163564], [-111.679870595951, 40.2896468433071]]]}, "properties": {"PrecinctID": "25OR39", "VistaID": "25OR39", "AliasName": null, "CountyID": 25}}, {"type": "Feature", "geometry": {"type": "Polygon", "coordinates": [[[-111.676295496055, 40.2896052167677], [-111.676278079518, 40.2886183617224], [-111.676263546574, 40.2877949065332], [-111.676262982432, 40.2877631038349], [-111.676238912074, 40.2863385330384], [-111.676229024317, 40.2855869691235], [-111.67622358412, 40.2841529367539], [-111.676227048922, 40.2837792937601], [-111.676227761286, 40.2836487112683], [-111.676234715145, 40.2835182367992], [-111.676247899718, 40.2833880437304], [-111.676267298837, 40.2832583081822], [-111.676312525418, 40.2830816945799], [-111.676353107709, 40.2829044198968], [-111.676368024234, 40.282806731744], [-111.676376628298, 40.2827085986957], [-111.676378896544, 40.2826102592317], [-111.676378251554, 40.2823595121393], [-111.676356950702, 40.2817407717877], [-111.67634653294, 40.2814381377482], [-111.676314942784, 40.2805205625169], [-111.676363372758, 40.2787013073068], [-111.676330742354, 40.2783046980264], [-111.6763083761, 40.2781166441502], [-111.676217263574, 40.2776698424196], [-111.676191034564, 40.2775708651097], [-111.676171551902, 40.2774709782021], [-111.676158869487, 40.2773704510337], [-111.676153018759, 40.2772695549992], [-111.676147187795, 40.2768933909351], [-111.676102451694, 40.2750813112653], [-111.676040482312, 40.2729771476522], [-111.676500553587, 40.2729764533516], [-111.677178089025, 40.2729754273218], [-111.677215935048, 40.2729753690637], [-111.677253419948, 40.2729775629989], [-111.677366599589, 40.2729796431593], [-111.677403346972, 40.2729818377797], [-111.677516161897, 40.2729839186254], [-111.677553645899, 40.2729861139311], [-111.677590400469, 40.2729883099222], [-111.677703219886, 40.2729948930972], [-111.677739971761, 40.2729970897734], [-111.677815306277, 40.2730014762716], [-111.677852059948, 40.2730036708914], [-111.677889910463, 40.2730058648257], [-111.677927400753, 40.2730103130085], [-111.677964152628, 40.2730125083134], [-111.678001643816, 40.2730169544396], [-111.678039494331, 40.273019151115], [-111.678076251596, 40.2730235944992], [-111.678113736496, 40.2730257918598], [-111.678150495557, 40.2730302379851], [-111.678188345173, 40.2730324312332], [-111.678225102438, 40.2730368773581], [-111.678262594525, 40.2730413234826], [-111.678299350891, 40.2730457702923], [-111.678336107258, 40.2730502198432], [-111.67837359126, 40.2730524137761], [-111.678918013441, 40.2731416446165], [-111.680050962389, 40.2733245369717], [-111.68008772684, 40.2733312345736], [-111.680161247658, 40.2733423796504], [-111.680271519453, 40.2733579680876], [-111.680345039372, 40.2733691152162], [-111.68038253056, 40.273373557892], [-111.680419287825, 40.2733780060506], [-111.68045604509, 40.273382450782], [-111.68049279966, 40.2733868982546], [-111.680530660056, 40.2733913416146], [-111.680567413727, 40.2733957877159], [-111.680604172789, 40.2734002365584], [-111.680641663079, 40.2734046819737], [-111.680678420344, 40.2734091260179], [-111.680715911532, 40.2734135714326], [-111.68075266161, 40.273415766039], [-111.68079052021, 40.2734202128241], [-111.680827272983, 40.2734224074303], [-111.680864764171, 40.2734268528441], [-111.68090151425, 40.2734290474501], [-111.680939372849, 40.273433490122], [-111.680976857749, 40.2734356826716], [-111.681013608726, 40.2734378800188], [-111.681051100812, 40.273442326117], [-111.681088953124, 40.2734445172956], [-111.6811257041, 40.2734467105302], [-111.681201043108, 40.2734511004262], [-111.681237793186, 40.2734532936606], [-111.681312763885, 40.2734576787585], [-111.681350616196, 40.2734598733635], [-111.681387367173, 40.2734620686538], [-111.681424845785, 40.2734620097106], [-111.681537667896, 40.2734663358648], [-111.681574414381, 40.2734685290987], [-111.681649752491, 40.2734706675017], [-111.681762928538, 40.2734727401076], [-111.681799675023, 40.2734726832207], [-111.681837152737, 40.2734726256483], [-111.681874632247, 40.2734725680759], [-111.681912479169, 40.2734725070765], [-111.681984497105, 40.2734723967294], [-111.684594955507, 40.2734277719467], [-111.684595094745, 40.2734280837974], [-111.68533396266, 40.2751014933305], [-111.685335101724, 40.2751040730596], [-111.685335127775, 40.2751041340574], [-111.685946101644, 40.2765010730223], [-111.68636410122, 40.2774490725156], [-111.686727100545, 40.2782970729712], [-111.686917101414, 40.2787150742657], [-111.687366100953, 40.2797360734174], [-111.687737100674, 40.2805830741002], [-111.687861102319, 40.2808640726023], [-111.688525103739, 40.2823760736729], [-111.68855286258, 40.2824387007259], [-111.687873936549, 40.2824333403508], [-111.686667734481, 40.2824211263419], [-111.685677356254, 40.2823980682222], [-111.684431471108, 40.2823292851198], [-111.684215160381, 40.2823153729288], [-111.683998401394, 40.2823064215929], [-111.683781389981, 40.282302440023], [-111.683435151423, 40.2822974044674], [-111.683370307433, 40.2822975867562], [-111.682435989468, 40.2822891726901], [-111.682015782731, 40.2822853857433], [-111.681197679816, 40.2822767475839], [-111.68120162881, 40.2827602121232], [-111.681201641386, 40.2828341399496], [-111.681195801438, 40.2829079333783], [-111.681184125136, 40.2829813176087], [-111.681166657396, 40.2830540246946], [-111.681152301419, 40.2831214988452], [-111.681141101224, 40.2831893224249], [-111.681134036873, 40.2832845827415], [-111.681143202384, 40.2842341310997], [-111.681178000423, 40.2860353021642], [-111.68120416655, 40.2878470101351], [-111.681211936079, 40.2880784303089], [-111.681212322355, 40.2880847372345], [-111.681211380022, 40.2880910092125], [-111.681209129742, 40.2880970831562], [-111.681205634397, 40.2881028014613], [-111.681200982023, 40.2881080133756], [-111.681192438146, 40.288111371723], [-111.681183368755, 40.2881137947216], [-111.681173951716, 40.2881152337196], [-111.681164363098, 40.2881156619928], [-111.680299588212, 40.2881045440196], [-111.679935997796, 40.2881051100255], [-111.679930827991, 40.2888013705021], [-111.679912265204, 40.2889603046558], [-111.67987807263, 40.2891260872786], [-111.679873760716, 40.2894264126425], [-111.679870595951, 40.2896468433071], [-111.678711364993, 40.2896329442709], [-111.676295496055, 40.2896052167677]]]}, "properties": {"PrecinctID": "25OR40", "VistaID": "25OR40", "AliasName": null, "CountyID": 25}}, {"type": "Feature", "geometry": {"type": "Polygon", "coordinates": [[[-111.669301234812, 40.2897186825862], [-111.669301099167, 40.2897180967224], [-111.669151107464, 40.2897200722141], [-111.668890303181, 40.2897226383661], [-111.668889403967, 40.289722647274], [-111.667728176952, 40.2897340644224], [-111.667728070951, 40.2897340651077], [-111.667725811688, 40.2897338382996], [-111.667436073568, 40.2897047746568], [-111.667434145783, 40.2897045807393], [-111.667434106257, 40.2897045779984], [-111.667434043375, 40.2897045608679], [-111.66743416375, 40.2897043964148], [-111.667434183512, 40.2897043525607], [-111.6674364832, 40.2896977634751], [-111.667591780353, 40.2892529205984], [-111.667631542482, 40.2891390271017], [-111.667635999923, 40.2891262524183], [-111.667637101257, 40.2891230990041], [-111.667576001445, 40.2889778855625], [-111.66757598797, 40.2889778513011], [-111.667575941258, 40.2889777389236], [-111.667568087287, 40.2889590733], [-111.667563221113, 40.2889418548744], [-111.667562489885, 40.2889392667654], [-111.667562433291, 40.2889390714752], [-111.667488105786, 40.2886760582341], [-111.667487980022, 40.2886760417885], [-111.667486394495, 40.2886758458123], [-111.667486054932, 40.2886758026427], [-111.667296469084, 40.2886521758585], [-111.667291045955, 40.2886514995349], [-111.667267714012, 40.288648592782], [-111.667267574773, 40.2886485756512], [-111.667267514586, 40.2886483200598], [-111.667208313812, 40.2883919298476], [-111.667208117081, 40.2883910733047], [-111.667195135527, 40.2876808474921], [-111.667195122052, 40.28768006152], [-111.66719516068, 40.28768006152], [-111.667196778546, 40.2876800519267], [-111.667287476948, 40.287679522235], [-111.667364084378, 40.2876790747722], [-111.667364121209, 40.2876790466773], [-111.667710075899, 40.2874043478591], [-111.667835095336, 40.2873050791811], [-111.668739884778, 40.2865845940044], [-111.668740877416, 40.2865838025377], [-111.668866124126, 40.2864840673673], [-111.668865097352, 40.2857680879384], [-111.668862726698, 40.2846232950598], [-111.668859632002, 40.2831286669547], [-111.668859442457, 40.2830366430366], [-111.668859109182, 40.2828755924837], [-111.668859093013, 40.2828678720034], [-111.668859091216, 40.2828670674726], [-111.668627748979, 40.2828680467524], [-111.668619861771, 40.2828680796463], [-111.668619107186, 40.2828680823875], [-111.668608857409, 40.2827982855327], [-111.668601373544, 40.2827473190494], [-111.668578660541, 40.2825926334952], [-111.668578590472, 40.282592160643], [-111.668577112743, 40.2825820916305], [-111.66857711454, 40.2825820457159], [-111.668588731553, 40.2821494673802], [-111.668594085512, 40.2819500886579], [-111.668606114852, 40.2815500924761], [-111.668607419206, 40.2815054928981], [-111.66861263213, 40.281327195717], [-111.668613804431, 40.2812871224405], [-111.668614069434, 40.2812780736549], [-111.668698785955, 40.2808327833676], [-111.668698829075, 40.2808325620122], [-111.668805081806, 40.2802740676019], [-111.668788980403, 40.2802416438946], [-111.668676576008, 40.280015272365], [-111.668669353553, 40.2800007244067], [-111.668592525139, 40.2798459928194], [-111.668592507172, 40.2798459660919], [-111.66859207149, 40.2798450854545], [-111.667754101433, 40.2790990889138], [-111.667753550766, 40.2790984892513], [-111.667559637733, 40.2788878196188], [-111.667557580591, 40.2788855840702], [-111.667558681028, 40.2788855491183], [-111.6676016196, 40.2788841990168], [-111.667603498876, 40.278884139393], [-111.668509697775, 40.2788556172939], [-111.668655718026, 40.2788510200935], [-111.668685071376, 40.2788500955819], [-111.668685075868, 40.2788500434967], [-111.668685089342, 40.278849764567], [-111.668685092037, 40.2788497117965], [-111.668696103586, 40.2786429148919], [-111.668696139519, 40.2786422528601], [-111.668794067563, 40.2768030979525], [-111.668769211179, 40.2764340247235], [-111.668738629831, 40.2759799607642], [-111.668728066542, 40.2758230939832], [-111.668730667165, 40.2757058531629], [-111.668741103792, 40.2752354143087], [-111.668497689096, 40.2752314275247], [-111.667990606288, 40.2752231208674], [-111.667989321697, 40.2752230982503], [-111.667987097468, 40.2752230632965], [-111.667830617234, 40.275045000393], [-111.667806073464, 40.2750170688339], [-111.667806040226, 40.2750168159324], [-111.667794972083, 40.2749305600194], [-111.667734084273, 40.2744560933021], [-111.66763780913, 40.2736922125414], [-111.667602180149, 40.2734095084634], [-111.667601117442, 40.2734010768419], [-111.667033480997, 40.2733796256189], [-111.667031460686, 40.2733795488556], [-111.666966099266, 40.2733770787227], [-111.666539084197, 40.2729030589469], [-111.666538819194, 40.272898932891], [-111.666411112897, 40.2709105716583], [-111.666411118287, 40.2709105353315], [-111.666539268352, 40.2701805064383], [-111.666590081556, 40.2698910547815], [-111.666591883576, 40.2698370681934], [-111.666611066201, 40.269262425436], [-111.666611077879, 40.2692620724405], [-111.666611015895, 40.2692609853513], [-111.666609963968, 40.2692428790766], [-111.666581639189, 40.2687551435913], [-111.666581605053, 40.2687545691981], [-111.666589438362, 40.2687552889032], [-111.667013233869, 40.2687941762682], [-111.667052646553, 40.268797791927], [-111.667744064556, 40.2688612314565], [-111.667982103734, 40.2688830720674], [-111.668291376618, 40.2689025493021], [-111.668299146147, 40.268903038015], [-111.668649067798, 40.2689250732749], [-111.668649067798, 40.2689250294073], [-111.668649091154, 40.2688494529871], [-111.668650994684, 40.2688499231937], [-111.66923866895, 40.2689950078289], [-111.66923988976, 40.2689952950245], [-111.66923707983, 40.267864273816], [-111.669236875912, 40.2677824004148], [-111.669771151622, 40.2672940525741], [-111.669771221691, 40.267294053945], [-111.669777896174, 40.2672941876074], [-111.669871388337, 40.2672960403738], [-111.669872600164, 40.2672960643645], [-111.67026608292, 40.2673020702609], [-111.670266095496, 40.2673020346175], [-111.670333085562, 40.2671200629855], [-111.670382103932, 40.2668930827145], [-111.670412104968, 40.2666200953289], [-111.670407079792, 40.2660726489961], [-111.670407074402, 40.2660720924021], [-111.67040717142, 40.2660720889748], [-111.670409374987, 40.2660720032922], [-111.670508407959, 40.2660681359237], [-111.6711395526, 40.2660434805872], [-111.671163067799, 40.2660425613842], [-111.671163149546, 40.2660410807888], [-111.671163171105, 40.2660406941888], [-111.671164267948, 40.2660208912214], [-111.671171055618, 40.2658983375257], [-111.671232793235, 40.2658990031096], [-111.671303630785, 40.2658342700749], [-111.671335571283, 40.2658643255627], [-111.67150313044, 40.2660220016684], [-111.671503169966, 40.2660220256595], [-111.671581172478, 40.2660960355349], [-111.671723839318, 40.2662519885426], [-111.671787076223, 40.2663210635543], [-111.671934077434, 40.2665100941069], [-111.672065112888, 40.2667060499601], [-111.67214507283, 40.2668430583922], [-111.672253076378, 40.2670610731388], [-111.672336068134, 40.2672700653112], [-111.672406067556, 40.2674980546648], [-111.672456096531, 40.2677430703568], [-111.672504105194, 40.2682090902145], [-111.672448073677, 40.2686640583469], [-111.67237608808, 40.269033052662], [-111.67215707522, 40.2700040677271], [-111.672147115599, 40.2701190757401], [-111.672146076248, 40.2703190836074], [-111.672164069503, 40.2705200744544], [-111.672190276055, 40.2706616633224], [-111.672190292225, 40.2706617489992], [-111.672201083686, 40.2707200592025], [-111.672257107119, 40.2709160522086], [-111.672262074802, 40.2709269084398], [-111.672262099955, 40.2709269735539], [-111.672262676674, 40.2709282271713], [-111.672282816004, 40.2709722285086], [-111.672287860943, 40.2709832553981], [-111.672369767534, 40.2711622261973], [-111.672470016824, 40.2713748246456], [-111.672502481939, 40.2714265618736], [-111.672518717191, 40.2714535579656], [-111.672535682773, 40.2714783011182], [-111.672569984044, 40.2715300375816], [-111.672588050961, 40.2715547793355], [-111.672606853598, 40.2715795197094], [-111.672624921414, 40.2716042621305], [-111.672643722254, 40.2716290011155], [-111.672663623531, 40.271653739406], [-111.672682427067, 40.2716784776876], [-111.672703062267, 40.2717032152746], [-111.672722601523, 40.2717279549089], [-111.672764240233, 40.2717751791751], [-111.672807350383, 40.2718223979252], [-111.672828723999, 40.2718471340888], [-111.672896136273, 40.2719145810415], [-111.672919710761, 40.2719370615163], [-111.672942915143, 40.2719595433545], [-111.672967222656, 40.2719820238145], [-111.672990429733, 40.2720045056377], [-111.67301473545, 40.2720269853973], [-111.673039770598, 40.2720472136105], [-111.673115263218, 40.2721123985458], [-111.673141402396, 40.272132626048], [-111.67319331424, 40.2721730769219], [-111.673220189138, 40.2721933023497], [-111.673274305448, 40.2722337511311], [-111.673329885113, 40.2722719456152], [-111.673357861346, 40.2722921682719], [-111.673385465676, 40.2723101407632], [-111.673442886887, 40.2723483304064], [-111.673471591654, 40.2723663021973], [-111.673501396857, 40.2723842705564], [-111.673530836445, 40.2724022402816], [-111.673560646139, 40.2724202093166], [-111.67359008483, 40.2724359261355], [-111.673620627549, 40.2724538944762], [-111.673681705802, 40.2724875775627], [-111.673712244928, 40.2725032929951], [-111.67374351708, 40.2725190077384], [-111.673806431489, 40.2725504358433], [-111.673838804077, 40.2725661485195], [-111.673870071737, 40.2725796124124], [-111.673902448817, 40.2725953285088], [-111.673966823887, 40.2726245002608], [-111.673999927703, 40.2726379600296], [-111.674033398032, 40.2726514197959], [-111.674065401413, 40.2726648816156], [-111.67409960836, 40.2726783400057], [-111.674132708584, 40.2726918011347], [-111.674166183405, 40.272705262261], [-111.674234221804, 40.272729928877], [-111.674268422464, 40.2727411350529], [-111.674302257509, 40.2727523425977], [-111.674337191194, 40.2727635473991], [-111.674371394548, 40.2727747542548], [-111.674406330928, 40.2727859604233], [-111.674476195602, 40.2728061191848], [-111.674511128389, 40.2728150745201], [-111.674547164306, 40.2728262813673], [-111.674582091703, 40.2728352339583], [-111.674618127621, 40.2728441872336], [-111.67468982396, 40.2728620924097], [-111.674761515808, 40.2728777460698], [-111.674797175331, 40.2728844464576], [-111.674833941579, 40.2728933969848], [-111.674869969412, 40.2729000980563], [-111.674906732067, 40.2729067998127], [-111.674943493823, 40.2729134995121], [-111.675017009251, 40.272924646714], [-111.675090526476, 40.2729357932286], [-111.675127284639, 40.272940241416], [-111.675164041904, 40.2729446916593], [-111.675201532194, 40.2729491377899], [-111.675238284967, 40.2729535866618], [-111.675276146261, 40.2729580321065], [-111.675312537013, 40.272962479607], [-111.675350388426, 40.2729646762842], [-111.675387134911, 40.2729668715906], [-111.675462482004, 40.2729735143967], [-111.675499223099, 40.2729734581947], [-111.675536707999, 40.2729756528154], [-111.675572724154, 40.2729778515483], [-111.676040482312, 40.2729771476522], [-111.676102451694, 40.2750813112653], [-111.676147187795, 40.2768933909351], [-111.676153018759, 40.2772695549992], [-111.676158869487, 40.2773704510337], [-111.676171551902, 40.2774709782021], [-111.676191034564, 40.2775708651097], [-111.676217263574, 40.2776698424196], [-111.6763083761, 40.2781166441502], [-111.676330742354, 40.2783046980264], [-111.676363372758, 40.2787013073068], [-111.676314942784, 40.2805205625169], [-111.67634653294, 40.2814381377482], [-111.676356950702, 40.2817407717877], [-111.676378251554, 40.2823595121393], [-111.676378896544, 40.2826102592317], [-111.676376628298, 40.2827085986957], [-111.676368024234, 40.282806731744], [-111.676353107709, 40.2829044198968], [-111.676312525418, 40.2830816945799], [-111.676267298837, 40.2832583081822], [-111.676247899718, 40.2833880437304], [-111.676234715145, 40.2835182367992], [-111.676227761286, 40.2836487112683], [-111.676227048922, 40.2837792937601], [-111.67622358412, 40.2841529367539], [-111.676229024317, 40.2855869691235], [-111.676238912074, 40.2863385330384], [-111.676262982432, 40.2877631038349], [-111.676263546574, 40.2877949065332], [-111.676278079518, 40.2886183617224], [-111.676295496055, 40.2896052167677], [-111.674850163357, 40.2896497253491], [-111.673766705293, 40.2896829017135], [-111.672649046569, 40.2897182735093], [-111.671360000069, 40.2897565074527], [-111.670247896527, 40.2897972513355], [-111.670217100482, 40.2897981894018], [-111.669671349693, 40.2898079387121], [-111.669746103897, 40.2900820583461], [-111.669411503014, 40.2900933068704], [-111.669409582416, 40.290093371966], [-111.669388101002, 40.2900940934996], [-111.669354921727, 40.2899507068811], [-111.669351959083, 40.2899379022015], [-111.669337827686, 40.2898768348032], [-111.669334975535, 40.2898645104484], [-111.669301234812, 40.2897186825862]]]}, "properties": {"PrecinctID": "25OR41", "VistaID": "25OR41", "AliasName": null, "CountyID": 25}}, {"type": "Feature", "geometry": {"type": "Polygon", "coordinates": [[[-111.681984497105, 40.2734723967294], [-111.681912479169, 40.2734725070765], [-111.681874632247, 40.2734725680759], [-111.681837152737, 40.2734726256483], [-111.681799675023, 40.2734726832207], [-111.681762928538, 40.2734727401076], [-111.681649752491, 40.2734706675017], [-111.681574414381, 40.2734685290987], [-111.681537667896, 40.2734663358648], [-111.681424845785, 40.2734620097106], [-111.681387367173, 40.2734620686538], [-111.681350616196, 40.2734598733635], [-111.681312763885, 40.2734576787585], [-111.681237793186, 40.2734532936606], [-111.681201043108, 40.2734511004262], [-111.6811257041, 40.2734467105302], [-111.681088953124, 40.2734445172956], [-111.681051100812, 40.273442326117], [-111.681013608726, 40.2734378800188], [-111.680976857749, 40.2734356826716], [-111.680939372849, 40.273433490122], [-111.68090151425, 40.2734290474501], [-111.680864764171, 40.2734268528441], [-111.680827272983, 40.2734224074303], [-111.68079052021, 40.2734202128241], [-111.68075266161, 40.273415766039], [-111.680715911532, 40.2734135714326], [-111.680678420344, 40.2734091260179], [-111.680641663079, 40.2734046819737], [-111.680604172789, 40.2734002365584], [-111.680567413727, 40.2733957877159], [-111.680530660056, 40.2733913416146], [-111.68049279966, 40.2733868982546], [-111.68045604509, 40.273382450782], [-111.680419287825, 40.2733780060506], [-111.68038253056, 40.273373557892], [-111.680345039372, 40.2733691152162], [-111.680271519453, 40.2733579680876], [-111.680161247658, 40.2733423796504], [-111.68008772684, 40.2733312345736], [-111.680050962389, 40.2733245369717], [-111.678918013441, 40.2731416446165], [-111.67837359126, 40.2730524137761], [-111.678336107258, 40.2730502198432], [-111.678299350891, 40.2730457702923], [-111.678262594525, 40.2730413234826], [-111.678225102438, 40.2730368773581], [-111.678188345173, 40.2730324312332], [-111.678150495557, 40.2730302379851], [-111.678113736496, 40.2730257918598], [-111.678076251596, 40.2730235944992], [-111.678039494331, 40.273019151115], [-111.678001643816, 40.2730169544396], [-111.677964152628, 40.2730125083134], [-111.677927400753, 40.2730103130085], [-111.677889910463, 40.2730058648257], [-111.677852059948, 40.2730036708914], [-111.677815306277, 40.2730014762716], [-111.677739971761, 40.2729970897734], [-111.677703219886, 40.2729948930972], [-111.677590400469, 40.2729883099222], [-111.677553645899, 40.2729861139311], [-111.677516161897, 40.2729839186254], [-111.677403346972, 40.2729818377797], [-111.677366599589, 40.2729796431593], [-111.677253419948, 40.2729775629989], [-111.677215935048, 40.2729753690637], [-111.677178089025, 40.2729754273218], [-111.676500553587, 40.2729764533516], [-111.676040482312, 40.2729771476522], [-111.675572724154, 40.2729778515483], [-111.675536707999, 40.2729756528154], [-111.675499223099, 40.2729734581947], [-111.675462482004, 40.2729735143967], [-111.675387134911, 40.2729668715906], [-111.675350388426, 40.2729646762842], [-111.675312537013, 40.272962479607], [-111.675276146261, 40.2729580321065], [-111.675238284967, 40.2729535866618], [-111.675201532194, 40.2729491377899], [-111.675164041904, 40.2729446916593], [-111.675127284639, 40.272940241416], [-111.675090526476, 40.2729357932286], [-111.675017009251, 40.272924646714], [-111.674943493823, 40.2729134995121], [-111.674906732067, 40.2729067998127], [-111.674869969412, 40.2729000980563], [-111.674833941579, 40.2728933969848], [-111.674797175331, 40.2728844464576], [-111.674761515808, 40.2728777460698], [-111.67468982396, 40.2728620924097], [-111.674618127621, 40.2728441872336], [-111.674582091703, 40.2728352339583], [-111.674547164306, 40.2728262813673], [-111.674511128389, 40.2728150745201], [-111.674476195602, 40.2728061191848], [-111.674406330928, 40.2727859604233], [-111.674371394548, 40.2727747542548], [-111.674337191194, 40.2727635473991], [-111.674302257509, 40.2727523425977], [-111.674268422464, 40.2727411350529], [-111.674234221804, 40.272729928877], [-111.674166183405, 40.272705262261], [-111.674132708584, 40.2726918011347], [-111.67409960836, 40.2726783400057], [-111.674065401413, 40.2726648816156], [-111.674033398032, 40.2726514197959], [-111.673999927703, 40.2726379600296], [-111.673966823887, 40.2726245002608], [-111.673902448817, 40.2725953285088], [-111.673870071737, 40.2725796124124], [-111.673838804077, 40.2725661485195], [-111.673806431489, 40.2725504358433], [-111.67374351708, 40.2725190077384], [-111.673712244928, 40.2725032929951], [-111.673681705802, 40.2724875775627], [-111.673620627549, 40.2724538944762], [-111.67359008483, 40.2724359261355], [-111.673560646139, 40.2724202093166], [-111.673530836445, 40.2724022402816], [-111.673501396857, 40.2723842705564], [-111.673471591654, 40.2723663021973], [-111.673442886887, 40.2723483304064], [-111.673385465676, 40.2723101407632], [-111.673357861346, 40.2722921682719], [-111.673329885113, 40.2722719456152], [-111.673274305448, 40.2722337511311], [-111.673220189138, 40.2721933023497], [-111.67319331424, 40.2721730769219], [-111.673141402396, 40.272132626048], [-111.673115263218, 40.2721123985458], [-111.673039770598, 40.2720472136105], [-111.67301473545, 40.2720269853973], [-111.672990429733, 40.2720045056377], [-111.672967222656, 40.2719820238145], [-111.672942915143, 40.2719595433545], [-111.672919710761, 40.2719370615163], [-111.672896136273, 40.2719145810415], [-111.672828723999, 40.2718471340888], [-111.672807350383, 40.2718223979252], [-111.672764240233, 40.2717751791751], [-111.672722601523, 40.2717279549089], [-111.672703062267, 40.2717032152746], [-111.672682427067, 40.2716784776876], [-111.672663623531, 40.271653739406], [-111.672643722254, 40.2716290011155], [-111.672624921414, 40.2716042621305], [-111.672606853598, 40.2715795197094], [-111.672588050961, 40.2715547793355], [-111.672569984044, 40.2715300375816], [-111.672535682773, 40.2714783011182], [-111.672518717191, 40.2714535579656], [-111.672502481939, 40.2714265618736], [-111.672470016824, 40.2713748246456], [-111.672369767534, 40.2711622261973], [-111.672584017526, 40.2709490335146], [-111.672609100285, 40.2709240763201], [-111.672680127379, 40.2708395712128], [-111.672682864546, 40.2708363141337], [-111.672683065769, 40.2708360742395], [-111.672684299156, 40.2708348562619], [-111.672685723884, 40.2708334511666], [-111.672711614228, 40.2708078948789], [-111.672955593066, 40.2705670624105], [-111.672956835436, 40.2705653379063], [-111.673013473317, 40.27048673995], [-111.67302286161, 40.2704737129358], [-111.67302948938, 40.2704645153386], [-111.673040615015, 40.2704490756552], [-111.673052130518, 40.2704331109393], [-111.673052182621, 40.2704330389706], [-111.673078049609, 40.2703971779773], [-111.673078138542, 40.2703970539169], [-111.673086741708, 40.2703851256086], [-111.673091099435, 40.2703790843443], [-111.67319811304, 40.2702130686269], [-111.673318072267, 40.2700300904045], [-111.673420599685, 40.2698215749038], [-111.67342738466, 40.2698075511569], [-111.673430224235, 40.2698016805113], [-111.673488087417, 40.2696820768764], [-111.67365868288, 40.2695604366318], [-111.673694757425, 40.2695347133046], [-111.67384008238, 40.2694310892333], [-111.673966498697, 40.2691934473319], [-111.673975303983, 40.269176893536], [-111.674027078384, 40.2690795639065], [-111.674027204149, 40.2690518019266], [-111.67402722481, 40.2690470827384], [-111.674027579644, 40.2689681773153], [-111.674029089712, 40.2686325585216], [-111.674029092407, 40.2686320615815], [-111.674032691058, 40.2686081693831], [-111.67403427928, 40.2685976369904], [-111.67407709119, 40.2683135681573], [-111.674077223242, 40.2683076562558], [-111.674077466685, 40.2682968400449], [-111.67408111115, 40.2681340743693], [-111.674193093337, 40.267589077733], [-111.674538968078, 40.2668713984297], [-111.674540080192, 40.2668690911967], [-111.674702088659, 40.2665210552347], [-111.674701505652, 40.2663618805112], [-111.674701209208, 40.2662811671435], [-111.674701174174, 40.266271608425], [-111.674701092427, 40.2662495832679], [-111.674672114573, 40.2659330794886], [-111.67475881637, 40.2658100807682], [-111.674762598278, 40.2658047156475], [-111.674770110889, 40.2657940560075], [-111.674771439497, 40.2657921922325], [-111.674779239568, 40.2657812474378], [-111.674781378457, 40.2657782451076], [-111.674832361443, 40.2657066963866], [-111.674842068638, 40.2656930748396], [-111.674842161164, 40.2656930220588], [-111.6749087407, 40.2656546442675], [-111.675001558228, 40.2656011416638], [-111.675064098938, 40.2655650930328], [-111.675074712533, 40.2655589615419], [-111.675083236647, 40.2655540378413], [-111.675220465985, 40.2654747561349], [-111.675296098742, 40.2654310631085], [-111.675297105753, 40.2654303166349], [-111.675692587261, 40.2651375633044], [-111.675968720396, 40.2649393764942], [-111.675976096463, 40.2649340832791], [-111.675976166531, 40.2649340298122], [-111.676015497469, 40.2649038628646], [-111.676212094667, 40.2647530724803], [-111.676297794844, 40.2646399088676], [-111.67634312024, 40.2645800600133], [-111.676398145644, 40.2644802978671], [-111.676423090063, 40.2644350721569], [-111.676490092705, 40.2643140579145], [-111.676504879873, 40.2642936388818], [-111.67677107854, 40.2639260781032], [-111.676788347753, 40.2637999828315], [-111.676790083298, 40.263787310981], [-111.676790118332, 40.2637870594085], [-111.676827121735, 40.2635120592382], [-111.676827272652, 40.2635110008471], [-111.676868595155, 40.2632202189038], [-111.676868614918, 40.263220079064], [-111.676869038923, 40.26321919821], [-111.676881985443, 40.2631923400421], [-111.676884218655, 40.2631877061314], [-111.67698034378, 40.2629882817798], [-111.676983354933, 40.2629820335218], [-111.676983480697, 40.2629817750913], [-111.676983579512, 40.2629815694438], [-111.676983802294, 40.2629813679092], [-111.676984087958, 40.2629811101642], [-111.676990837001, 40.262975032593], [-111.677158156307, 40.2628243345638], [-111.677190407623, 40.2627952874576], [-111.677194479686, 40.2627916221224], [-111.677195104015, 40.2627910593319], [-111.677336114362, 40.2625920896659], [-111.677338672764, 40.2625864288412], [-111.677384743761, 40.2624844530274], [-111.677398302034, 40.2624544419662], [-111.677400192089, 40.2624502576911], [-111.677434614633, 40.2623740659996], [-111.677458097492, 40.262322088092], [-111.677458245714, 40.2623022243976], [-111.677459099114, 40.2621870598237], [-111.677460961322, 40.262081267224], [-111.677465166335, 40.2618461523146], [-111.677465213946, 40.2618462016708], [-111.677466269467, 40.2618473313803], [-111.677468063402, 40.2618492480477], [-111.677468173895, 40.2618493666398], [-111.677567097272, 40.2619550643174], [-111.68027812207, 40.2648670749224], [-111.680426069207, 40.2650260523204], [-111.680554605548, 40.2651635727739], [-111.680689101312, 40.2653170910921], [-111.680942122592, 40.2656290634025], [-111.681109096047, 40.2658580748285], [-111.681132034528, 40.2658915768106], [-111.681132165682, 40.2658917721674], [-111.681291701087, 40.2661247940161], [-111.68129360821, 40.2661275797255], [-111.681456108953, 40.2663940702786], [-111.681625114397, 40.266711085306], [-111.682144119646, 40.2678700664893], [-111.682152182924, 40.2678883019946], [-111.682940110531, 40.2696700881248], [-111.683433104162, 40.2707980550954], [-111.683751117655, 40.2715220553518], [-111.684594955507, 40.2734277719467], [-111.681984497105, 40.2734723967294]]]}, "properties": {"PrecinctID": "25OR42", "VistaID": "25OR42", "AliasName": null, "CountyID": 25}}, {"type": "Feature", "geometry": {"type": "Polygon", "coordinates": [[[-111.684595094745, 40.2734280837974], [-111.684594955507, 40.2734277719467], [-111.683751117655, 40.2715220553518], [-111.683433104162, 40.2707980550954], [-111.682940110531, 40.2696700881248], [-111.682152182924, 40.2678883019946], [-111.682152255688, 40.2678883026801], [-111.682499943228, 40.2678902966312], [-111.683426000285, 40.2678950638811], [-111.684283270646, 40.2679020793803], [-111.685121790471, 40.267906573138], [-111.685453393677, 40.2679083491181], [-111.685476113867, 40.2679085047134], [-111.688270684681, 40.2679276114049], [-111.689290584244, 40.2679338269903], [-111.690284845889, 40.2679394387011], [-111.691597583658, 40.2679483864555], [-111.69269472486, 40.2679554094891], [-111.693862391897, 40.2679631090527], [-111.695055273746, 40.2679720746255], [-111.695086318624, 40.2697256568037], [-111.695103032679, 40.2704748150846], [-111.695103603109, 40.2706751056612], [-111.695109920062, 40.2708698054252], [-111.695148777588, 40.2720675370881], [-111.695140423256, 40.2726321191016], [-111.695126577522, 40.2735680339911], [-111.69512657842, 40.2735681080127], [-111.695126138246, 40.2735681059566], [-111.690409127808, 40.2735150832136], [-111.684595203442, 40.2734280858535], [-111.684595094745, 40.2734280837974]]]}, "properties": {"PrecinctID": "25OR43", "VistaID": "25OR43", "AliasName": null, "CountyID": 25}}, {"type": "Feature", "geometry": {"type": "Polygon", "coordinates": [[[-111.682499943228, 40.2678902966312], [-111.682152255688, 40.2678883026801], [-111.682152182924, 40.2678883019946], [-111.682144119646, 40.2678700664893], [-111.681625114397, 40.266711085306], [-111.681456108953, 40.2663940702786], [-111.68129360821, 40.2661275797255], [-111.681291701087, 40.2661247940161], [-111.681132165682, 40.2658917721674], [-111.681132034528, 40.2658915768106], [-111.681109096047, 40.2658580748285], [-111.680942122592, 40.2656290634025], [-111.680689101312, 40.2653170910921], [-111.680554605548, 40.2651635727739], [-111.680426069207, 40.2650260523204], [-111.68027812207, 40.2648670749224], [-111.677567097272, 40.2619550643174], [-111.677468173895, 40.2618493666398], [-111.67746817659, 40.2618492432492], [-111.677471725834, 40.2616456827256], [-111.677475233755, 40.2614711987534], [-111.677475299332, 40.2614679275131], [-111.677475192432, 40.2614026850188], [-111.677475191534, 40.2614024738824], [-111.677699472114, 40.2612517442443], [-111.677699748795, 40.2612515564147], [-111.677699816169, 40.2612515104856], [-111.677700497092, 40.2612510525653], [-111.677709570975, 40.2612578535037], [-111.677738645847, 40.261279647213], [-111.677948683639, 40.2614354564], [-111.677978746658, 40.2614576935753], [-111.677991861163, 40.2614673941885], [-111.678481259736, 40.2612072546698], [-111.678626110381, 40.2611302547325], [-111.678627961809, 40.2611292751377], [-111.678870604852, 40.261000296874], [-111.679047190281, 40.2607989308683], [-111.67904794756, 40.2607980671206], [-111.679170278339, 40.2606585710488], [-111.679245380192, 40.260600635375], [-111.679534553272, 40.260377345995], [-111.679534607171, 40.2603773062349], [-111.679536152273, 40.260377610605], [-111.679766173088, 40.2604230323437], [-111.680098617117, 40.260488668584], [-111.680148097221, 40.2604984372024], [-111.680304159738, 40.2605292491293], [-111.680304258553, 40.2605292690093], [-111.680304552302, 40.2605293279637], [-111.680305896182, 40.2605330845952], [-111.680318445646, 40.2605681638456], [-111.680332356957, 40.2606070470057], [-111.680332372228, 40.2606070908788], [-111.680332527637, 40.2606075227538], [-111.680338276855, 40.2606075611427], [-111.680338883217, 40.2606075645703], [-111.680341840471, 40.2606075652558], [-111.680469767754, 40.2606084166666], [-111.680469809077, 40.2606084269493], [-111.680583374993, 40.2606091926706], [-111.680637635033, 40.2606095278878], [-111.684754473843, 40.2606349091094], [-111.684755177224, 40.260634912537], [-111.684760194315, 40.2606349447562], [-111.684760276062, 40.2606355843423], [-111.684760985731, 40.260641123994], [-111.684782723164, 40.2608106689232], [-111.684798785041, 40.2609664284624], [-111.68481326768, 40.2611807741048], [-111.68483101839, 40.2614997110473], [-111.684840025798, 40.2622223178173], [-111.684848354079, 40.2628997278346], [-111.685260815541, 40.2629036173201], [-111.685286694208, 40.2629055243606], [-111.685311852426, 40.2629105401101], [-111.685335658679, 40.2629185425501], [-111.68535751469, 40.2629293274028], [-111.685376868893, 40.2629426238976], [-111.685393236197, 40.2629580975126], [-111.685406204277, 40.2629753582016], [-111.68541450471, 40.2635937568401], [-111.685418502213, 40.2642777775912], [-111.686636447957, 40.2642897762099], [-111.686895822122, 40.264290946322], [-111.687300204137, 40.2642938177917], [-111.687763388972, 40.2642971060324], [-111.688159007023, 40.2642999123814], [-111.68892447585, 40.2643033445722], [-111.690191139926, 40.264315023068], [-111.690281855397, 40.2662128570634], [-111.690280854674, 40.2663255443933], [-111.690278485816, 40.2665923453631], [-111.690272709649, 40.2672426939798], [-111.690284845889, 40.2679394387011], [-111.689290584244, 40.2679338269903], [-111.688270684681, 40.2679276114049], [-111.685476113867, 40.2679085047134], [-111.685453393677, 40.2679083491181], [-111.685121790471, 40.267906573138], [-111.684283270646, 40.2679020793803], [-111.683426000285, 40.2678950638811], [-111.682499943228, 40.2678902966312]]]}, "properties": {"PrecinctID": "25OR44", "VistaID": "25OR44", "AliasName": null, "CountyID": 25}}, {"type": "Feature", "geometry": {"type": "Polygon", "coordinates": [[[-111.690284845889, 40.2679394387011], [-111.690272709649, 40.2672426939798], [-111.690278485816, 40.2665923453631], [-111.690280854674, 40.2663255443933], [-111.690281855397, 40.2662128570634], [-111.690191139926, 40.264315023068], [-111.68892447585, 40.2643033445722], [-111.688159007023, 40.2642999123814], [-111.687763388972, 40.2642971060324], [-111.687300204137, 40.2642938177917], [-111.686895822122, 40.264290946322], [-111.686636447957, 40.2642897762099], [-111.685418502213, 40.2642777775912], [-111.68541450471, 40.2635937568401], [-111.685406204277, 40.2629753582016], [-111.685393236197, 40.2629580975126], [-111.685376868893, 40.2629426238976], [-111.68535751469, 40.2629293274028], [-111.685335658679, 40.2629185425501], [-111.685311852426, 40.2629105401101], [-111.685286694208, 40.2629055243606], [-111.685260815541, 40.2629036173201], [-111.684848354079, 40.2628997278346], [-111.684840025798, 40.2622223178173], [-111.68483101839, 40.2614997110473], [-111.68481326768, 40.2611807741048], [-111.684798785041, 40.2609664284624], [-111.684782723164, 40.2608106689232], [-111.684760985731, 40.260641123994], [-111.684760276062, 40.2606355843423], [-111.684760194315, 40.2606349447562], [-111.684790407353, 40.260635130531], [-111.684887440675, 40.2606357262441], [-111.684911191233, 40.2606358722589], [-111.684952393361, 40.2606361252141], [-111.684953914209, 40.2606361348114], [-111.684954351689, 40.2606361375534], [-111.685276446227, 40.2606381159515], [-111.68534623185, 40.2606385457698], [-111.685346455531, 40.2606385471409], [-111.685346753771, 40.2606385485119], [-111.685365531256, 40.2606386636785], [-111.685368266626, 40.2606386808164], [-111.685370206987, 40.2606386760178], [-111.685376329005, 40.2606386636785], [-111.685376746722, 40.260638662993], [-111.685378270265, 40.2606386595654], [-111.687657714755, 40.2606541234247], [-111.687672555822, 40.260654226252], [-111.687672619603, 40.2606542241955], [-111.687687462466, 40.2606543249663], [-111.687728614289, 40.2606546032855], [-111.687734736308, 40.2606545930028], [-111.687744526148, 40.2606305608835], [-111.687776126185, 40.2605558718513], [-111.688029697233, 40.2602443991958], [-111.688222100197, 40.2600685439945], [-111.688263825146, 40.2600304063725], [-111.688320875353, 40.2599722857552], [-111.688321097236, 40.2599720684446], [-111.688444285008, 40.2598465272469], [-111.688529639333, 40.2597738109738], [-111.688791059861, 40.2595498230554], [-111.689034988393, 40.2593171124106], [-111.689269154933, 40.259118046836], [-111.689359916218, 40.2590576768912], [-111.68950388292, 40.258962043105], [-111.689738290208, 40.2588530529319], [-111.689804033413, 40.2588157119009], [-111.689914033017, 40.2587477603578], [-111.690010609995, 40.2586849790547], [-111.690167993935, 40.2585824619561], [-111.690460517731, 40.2584323670133], [-111.69060779742, 40.2584017556797], [-111.690608656209, 40.2584019729953], [-111.690718658509, 40.2584293636714], [-111.690756756958, 40.2584390804862], [-111.691094538777, 40.2586183333265], [-111.691196420306, 40.2586914272004], [-111.691205011794, 40.2586976031879], [-111.691205049523, 40.2586976306093], [-111.691205107913, 40.2586976717414], [-111.691213718265, 40.2587038628103], [-111.691344530937, 40.2587979024087], [-111.691365918027, 40.2588106074139], [-111.691367861982, 40.2588117618535], [-111.691367616742, 40.2587239153978], [-111.691367528707, 40.2586925185726], [-111.691367523317, 40.2586907396084], [-111.691367512537, 40.2586862897984], [-111.69136750535, 40.2586841111668], [-111.691871170967, 40.2586822677621], [-111.692078817444, 40.2586815061322], [-111.692141164118, 40.2586812778489], [-111.694812075545, 40.2586714554964], [-111.694812155495, 40.2586714561819], [-111.694823689863, 40.2586714136787], [-111.694830379617, 40.2586713889994], [-111.694832925442, 40.2590075651962], [-111.694836042596, 40.2592687339263], [-111.694845540484, 40.2597601128244], [-111.694863973015, 40.2607135651289], [-111.694921468787, 40.2620700332328], [-111.694957080699, 40.2640344500256], [-111.694967160695, 40.2643404364878], [-111.695014695048, 40.2661461125046], [-111.695046984991, 40.2675990866028], [-111.695055273746, 40.2679720746255], [-111.693862391897, 40.2679631090527], [-111.69269472486, 40.2679554094891], [-111.691597583658, 40.2679483864555], [-111.690284845889, 40.2679394387011]]]}, "properties": {"PrecinctID": "25OR45", "VistaID": "25OR45", "AliasName": null, "CountyID": 25}}, {"type": "Feature", "geometry": {"type": "Polygon", "coordinates": [[[-111.704546891903, 40.2658659425691], [-111.704532895253, 40.2657001831049], [-111.704533302189, 40.2657001879032], [-111.70454023898, 40.2657002818118], [-111.70452093149, 40.2652196263546], [-111.704502593281, 40.2644942898157], [-111.704499867793, 40.2643864964875], [-111.702762756002, 40.2643705467921], [-111.702291829486, 40.2643669932751], [-111.70188539482, 40.2643606896207], [-111.700867209243, 40.2643518558665], [-111.699291032432, 40.2643318728094], [-111.697747717791, 40.2643393081908], [-111.696808745655, 40.2643376980027], [-111.695905887591, 40.2643394260931], [-111.695349855583, 40.2643400258864], [-111.694967160695, 40.2643404364878], [-111.694957080699, 40.2640344500256], [-111.694921468787, 40.2620700332328], [-111.694863973015, 40.2607135651289], [-111.694845540484, 40.2597601128244], [-111.694836042596, 40.2592687339263], [-111.694832925442, 40.2590075651962], [-111.694830379617, 40.2586713889994], [-111.694874532711, 40.2586712251564], [-111.694876473072, 40.2586712210433], [-111.694954782809, 40.2586710866783], [-111.694931980872, 40.258527609421], [-111.69492353042, 40.2584575132266], [-111.694920415063, 40.2583871571406], [-111.694913169252, 40.2572370853688], [-111.694914248128, 40.2572258992474], [-111.694917603336, 40.2572149818598], [-111.694923149534, 40.2572046019419], [-111.694930749282, 40.2571950145188], [-111.694940216627, 40.2571864595336], [-111.694951317109, 40.2571791467651], [-111.694963775843, 40.2571732565136], [-111.694977285607, 40.2571689341162], [-111.694991513124, 40.2571662892612], [-111.695006105358, 40.2571653850197], [-111.695922649256, 40.2571638493859], [-111.695924590515, 40.2571638452726], [-111.695921851552, 40.2570762674704], [-111.696059204857, 40.2570758108929], [-111.69606114432, 40.2570758047229], [-111.698327870462, 40.257067454017], [-111.698611810856, 40.2570664051228], [-111.698613735945, 40.2570663975818], [-111.698888236842, 40.2570653843362], [-111.698888677915, 40.2570711107503], [-111.698888681508, 40.2570711505122], [-111.698889128869, 40.2570769153167], [-111.698891056653, 40.2571017864421], [-111.698895477263, 40.2571588236127], [-111.698896908279, 40.257158821556], [-111.698896957687, 40.257158820185], [-111.698922584825, 40.2571587283211], [-111.698936138606, 40.2571586234319], [-111.69900666983, 40.2571567477646], [-111.699012240284, 40.2571565996856], [-111.699017107356, 40.257156469431], [-111.699017309477, 40.2571564646321], [-111.699089763994, 40.2571545204098], [-111.69913336193, 40.2571521422337], [-111.699186422719, 40.2571492498942], [-111.699195089665, 40.2571487220199], [-111.69919550289, 40.2571486973401], [-111.699263307727, 40.2571445518133], [-111.699322165345, 40.2571392511326], [-111.699360440762, 40.2571358048673], [-111.699374839858, 40.2571344303374], [-111.699375698648, 40.2571343487568], [-111.699435998959, 40.2571285771017], [-111.699503665456, 40.2571200557001], [-111.699534202786, 40.2571162118141], [-111.699561245669, 40.257112683967], [-111.699607583467, 40.2571066284918], [-111.699680900367, 40.2570947232052], [-111.699707594704, 40.2570903898339], [-111.699777662398, 40.2570787505386], [-111.699778172641, 40.2570786518191], [-111.699855628978, 40.2570631974259], [-111.699881868767, 40.257057963923], [-111.699941279747, 40.2570461093586], [-111.699945862952, 40.2570450213876], [-111.699949702351, 40.2570441082323], [-111.69995019373, 40.257043992374], [-111.700027783916, 40.2570255578774], [-111.700061753708, 40.2570174896129], [-111.700111882396, 40.2570054986166], [-111.700119391413, 40.2570034172794], [-111.700119945674, 40.2570032644012], [-111.700196907938, 40.2569819663401], [-111.700244503376, 40.2569687968723], [-111.700275530288, 40.2569602144363], [-111.700280550074, 40.256958621897], [-111.700286514887, 40.2569567304565], [-111.700287118555, 40.2569565385017], [-111.700363248979, 40.2569323864681], [-111.700392270851, 40.2569231794886], [-111.700436710508, 40.2569090858833], [-111.700445602931, 40.2569059076577], [-111.700449047071, 40.2569046757181], [-111.700449765724, 40.2569044186356], [-111.700478068943, 40.2568943012371], [-111.700485532147, 40.2568916193516], [-111.700526145879, 40.2568770293988], [-111.700537299362, 40.2568730230228], [-111.700569112299, 40.2568616003251], [-111.700569197639, 40.2568615687896], [-111.700572759459, 40.2568602888604], [-111.70059808656, 40.2568511922453], [-111.700600540758, 40.2568502578352], [-111.700601470514, 40.2568499027182], [-111.70060714607, 40.2568477199143], [-111.700607482938, 40.2568475910301], [-111.700608903175, 40.2568470432724], [-111.700623907735, 40.2568412523973], [-111.700625389057, 40.2568406785885], [-111.700625289344, 40.2568331450342], [-111.700648254774, 40.256853392188], [-111.700673649249, 40.2568757796344], [-111.700682117667, 40.2568832466853], [-111.702994958825, 40.2589222486117], [-111.703535923391, 40.259402007583], [-111.703706910519, 40.2595544236245], [-111.70383077562, 40.2596648358188], [-111.703830809756, 40.2596648673529], [-111.704266142326, 40.2600487022606], [-111.704322733494, 40.2601033588746], [-111.704318077525, 40.2600944944015], [-111.704268150959, 40.2599982032941], [-111.704218223493, 40.2599019113641], [-111.704218334885, 40.2599020080229], [-111.705018227153, 40.2606044406741], [-111.705061089368, 40.2606420809737], [-111.705093121495, 40.2606702090429], [-111.705381445667, 40.2606713703058], [-111.705381566939, 40.2606713709913], [-111.705381658567, 40.2606713703058], [-111.705386427723, 40.2606713901857], [-111.706277923896, 40.260674973374], [-111.706367511981, 40.2607515529237], [-111.706374662571, 40.2607576622283], [-111.706378274696, 40.2607607497851], [-111.706378599887, 40.2607610281039], [-111.706378643904, 40.2607610664927], [-111.70638188772, 40.2607638380272], [-111.706385614831, 40.2607670236123], [-111.707237431519, 40.2614951174654], [-111.708211849379, 40.2623443167498], [-111.708815236077, 40.2628690170693], [-111.709401617667, 40.2634043054741], [-111.709867876537, 40.2638790046465], [-111.710191887182, 40.2642172717274], [-111.710291517534, 40.2642170366079], [-111.710599849882, 40.2645487090908], [-111.709497758962, 40.2650033447138], [-111.709067300651, 40.2649992593042], [-111.709020726597, 40.2649988151187], [-111.709021587183, 40.2652813350048], [-111.709313616905, 40.2652808065085], [-111.709327268603, 40.2662339712576], [-111.704592959307, 40.266189336215], [-111.704574215061, 40.2661069768515], [-111.704559856389, 40.2660241039774], [-111.704549901259, 40.2659408526268], [-111.704546891903, 40.2658659425691]]]}, "properties": {"PrecinctID": "25OR46", "VistaID": "25OR46", "AliasName": null, "CountyID": 25}}, {"type": "Feature", "geometry": {"type": "Polygon", "coordinates": [[[-111.69512657842, 40.2735681080127], [-111.695126577522, 40.2735680339911], [-111.695140423256, 40.2726321191016], [-111.695148777588, 40.2720675370881], [-111.695109920062, 40.2708698054252], [-111.695103603109, 40.2706751056612], [-111.695103032679, 40.2704748150846], [-111.695086318624, 40.2697256568037], [-111.695055273746, 40.2679720746255], [-111.695046984991, 40.2675990866028], [-111.695014695048, 40.2661461125046], [-111.694967160695, 40.2643404364878], [-111.695349855583, 40.2643400258864], [-111.695905887591, 40.2643394260931], [-111.696808745655, 40.2643376980027], [-111.697747717791, 40.2643393081908], [-111.699291032432, 40.2643318728094], [-111.700867209243, 40.2643518558665], [-111.70188539482, 40.2643606896207], [-111.702291829486, 40.2643669932751], [-111.702762756002, 40.2643705467921], [-111.704499867793, 40.2643864964875], [-111.704502593281, 40.2644942898157], [-111.70452093149, 40.2652196263546], [-111.70454023898, 40.2657002818118], [-111.704533302189, 40.2657001879032], [-111.704532895253, 40.2657001831049], [-111.704546891903, 40.2658659425691], [-111.704549901259, 40.2659408526268], [-111.704559856389, 40.2660241039774], [-111.704574215061, 40.2661069768515], [-111.704592959307, 40.266189336215], [-111.704658729461, 40.2663920337849], [-111.704772066307, 40.2666117403175], [-111.705041433332, 40.267175302002], [-111.705073545408, 40.2672593291319], [-111.705097253745, 40.2673449772412], [-111.705123771114, 40.2674556317069], [-111.70514412065, 40.2675670509486], [-111.705158269116, 40.2676790313857], [-111.705205241124, 40.2680860908347], [-111.705242588582, 40.2684255446167], [-111.70477391504, 40.2693628275726], [-111.70471552275, 40.2695847020504], [-111.704690238768, 40.2696794791196], [-111.70465595187, 40.2698664645828], [-111.70467179905, 40.2701513116987], [-111.704693616433, 40.2705392866474], [-111.704716841477, 40.2709567066918], [-111.70472355818, 40.2711265506512], [-111.704736198374, 40.2713656072941], [-111.70473693679, 40.2713656237439], [-111.704710346657, 40.2715666574028], [-111.70468695812, 40.2717434868297], [-111.704637160013, 40.2721201106587], [-111.704637020774, 40.2721211606903], [-111.704697284255, 40.2736040900083], [-111.704697065066, 40.2736040893229], [-111.69512657842, 40.2735681080127]]]}, "properties": {"PrecinctID": "25OR47", "VistaID": "25OR47", "AliasName": null, "CountyID": 25}}, {"type": "Feature", "geometry": {"type": "Polygon", "coordinates": [[[-111.708349158667, 40.2737242432382], [-111.708187596663, 40.2737027139839], [-111.708187542764, 40.2737027057593], [-111.708182597538, 40.273702047106], [-111.707839070994, 40.2736610399299], [-111.707520163678, 40.2736350625141], [-111.707040159686, 40.2736130397549], [-111.705956278515, 40.2736089055177], [-111.704697284255, 40.2736040900083], [-111.704637020774, 40.2721211606903], [-111.704637160013, 40.2721201106587], [-111.70468695812, 40.2717434868297], [-111.704710346657, 40.2715666574028], [-111.70473693679, 40.2713656237439], [-111.704736198374, 40.2713656072941], [-111.70472355818, 40.2711265506512], [-111.704716841477, 40.2709567066918], [-111.704693616433, 40.2705392866474], [-111.70467179905, 40.2701513116987], [-111.70465595187, 40.2698664645828], [-111.704690238768, 40.2696794791196], [-111.70471552275, 40.2695847020504], [-111.70477391504, 40.2693628275726], [-111.705242588582, 40.2684255446167], [-111.705205241124, 40.2680860908347], [-111.705158269116, 40.2676790313857], [-111.70514412065, 40.2675670509486], [-111.705123771114, 40.2674556317069], [-111.705097253745, 40.2673449772412], [-111.705073545408, 40.2672593291319], [-111.705041433332, 40.267175302002], [-111.704772066307, 40.2666117403175], [-111.704658729461, 40.2663920337849], [-111.704592959307, 40.266189336215], [-111.709327268603, 40.2662339712576], [-111.709313616905, 40.2652808065085], [-111.70935039034, 40.2652807407036], [-111.70935055024, 40.2653219421503], [-111.709806120955, 40.2653280222526], [-111.711370940366, 40.2671744945427], [-111.7113638302, 40.2671744253123], [-111.712133859773, 40.2680827013331], [-111.7121486155, 40.2681001067132], [-111.712964355847, 40.2680986083414], [-111.713959064853, 40.269278759874], [-111.715291871883, 40.2708741344868], [-111.71616518885, 40.271928212302], [-111.716232565191, 40.2720031259266], [-111.718618810386, 40.2746562151371], [-111.719163755387, 40.2753218206135], [-111.719163811981, 40.2753218905209], [-111.719158135526, 40.2753221022993], [-111.718939129853, 40.2753340941612], [-111.718722104966, 40.275322109153], [-111.718130114295, 40.2753450641395], [-111.717635191082, 40.2753580422397], [-111.717635056335, 40.2753580463519], [-111.71627013094, 40.275345061398], [-111.71565609112, 40.2753630954463], [-111.715330093402, 40.2753461017845], [-111.714723127816, 40.2752540844072], [-111.714713884152, 40.2752524360983], [-111.71448767399, 40.2752121378473], [-111.714484610735, 40.2752115922945], [-111.714480777624, 40.2752107328431], [-111.714332441516, 40.275177456851], [-111.714296478362, 40.2751693893806], [-111.713424108219, 40.2749980388507], [-111.71273607956, 40.2748250676675], [-111.711916122522, 40.2746111004079], [-111.711221070834, 40.2744180707103], [-111.709625082577, 40.273993082815], [-111.709340116308, 40.2739170802681], [-111.709004101476, 40.2738410303445], [-111.708662067033, 40.2737741144284], [-111.708378120352, 40.2737281033151], [-111.708349158667, 40.2737242432382]]]}, "properties": {"PrecinctID": "25OR48", "VistaID": "25OR48", "AliasName": null, "CountyID": 25}}, {"type": "Feature", "geometry": {"type": "Polygon", "coordinates": [[[-111.719163755387, 40.2753218206135], [-111.718618810386, 40.2746562151371], [-111.716232565191, 40.2720031259266], [-111.71616518885, 40.271928212302], [-111.715291871883, 40.2708741344868], [-111.713959064853, 40.269278759874], [-111.712964355847, 40.2680986083414], [-111.714132217819, 40.2680964553743], [-111.714449428217, 40.2680958686376], [-111.711726459419, 40.265349775579], [-111.711828237642, 40.2653501614974], [-111.707263557222, 40.2607687312285], [-111.707262214241, 40.2607673828218], [-111.707261912407, 40.2607670798245], [-111.707745436897, 40.2607690239431], [-111.709593990987, 40.2607764370942], [-111.709594304499, 40.2607767407769], [-111.709636711269, 40.260776910099], [-111.709739810015, 40.2608782619276], [-111.710207644531, 40.2608825443283], [-111.710230139244, 40.2608826478408], [-111.712546706613, 40.2608827554664], [-111.712576366289, 40.2608825792895], [-111.713873140097, 40.2608670654399], [-111.713892618268, 40.2608667617575], [-111.715993507324, 40.2608260895558], [-111.716004789266, 40.2608259503966], [-111.716325638739, 40.2608242647183], [-111.716877605871, 40.260821355398], [-111.71710593426, 40.2608229115142], [-111.717334082087, 40.2608299812171], [-111.717561828368, 40.2608425597062], [-111.717788943133, 40.2608606346394], [-111.718020587204, 40.2608790927696], [-111.71825287357, 40.2608919927552], [-111.718485573161, 40.2608993208892], [-111.718718456907, 40.2609010716893], [-111.723555356503, 40.2608793697169], [-111.723564088127, 40.2608793354412], [-111.723569328, 40.2610647603299], [-111.723738295715, 40.2670438292576], [-111.723760402356, 40.2678259884204], [-111.723861800592, 40.2677265573327], [-111.72417639869, 40.2674180651139], [-111.724186375379, 40.2674180185035], [-111.725606212093, 40.2674122518384], [-111.725374665939, 40.2679605331639], [-111.725297072159, 40.2680521834733], [-111.72521863576, 40.2681448302875], [-111.72521871571, 40.268144830973], [-111.725075614984, 40.26831192859], [-111.724935167881, 40.268855332626], [-111.725005783547, 40.2693877435322], [-111.723863544222, 40.2693928424231], [-111.723760193947, 40.2693933037154], [-111.723704577451, 40.2693935511545], [-111.723034444131, 40.2694866485125], [-111.722744070902, 40.269561104236], [-111.722755658271, 40.2695751883514], [-111.72275434134, 40.2695754001477], [-111.722736772988, 40.2695782357511], [-111.722714625025, 40.2695818116133], [-111.722688752647, 40.2695612893008], [-111.722541767605, 40.2694447086566], [-111.722535457838, 40.2694397029876], [-111.722533810328, 40.2694383958795], [-111.722532107122, 40.2694370455894], [-111.722529743655, 40.2694347281625], [-111.722528892052, 40.2694338939985], [-111.722524585528, 40.2694296710858], [-111.722311572517, 40.2692208213011], [-111.722223623857, 40.2691345929521], [-111.722198930068, 40.2691419599482], [-111.722173034333, 40.2691496861084], [-111.722152906681, 40.2691556911547], [-111.722151748753, 40.2691560359257], [-111.722131065043, 40.2691622075308], [-111.722128034128, 40.2691631109265], [-111.722127777209, 40.26916318838], [-111.721968154668, 40.2692108092442], [-111.721967154843, 40.2692111074057], [-111.720632195449, 40.2692183729499], [-111.720607680425, 40.2692185066085], [-111.720598576, 40.269218555274], [-111.720597975027, 40.2692187348563], [-111.720587296753, 40.2692219179869], [-111.720575735435, 40.269225364322], [-111.720575346465, 40.269225479474], [-111.72050052848, 40.2692477819459], [-111.720495737764, 40.2692492103786], [-111.720480265182, 40.2692538219404], [-111.72045461289, 40.2692614692636], [-111.720447693168, 40.2692635303463], [-111.720447627591, 40.2692635509091], [-111.720447657235, 40.2692667566568], [-111.720448959792, 40.2694044782291], [-111.720448980454, 40.2694066894159], [-111.72044907837, 40.2694170263361], [-111.720449079268, 40.2694170592365], [-111.720001031944, 40.2694106751724], [-111.71995320474, 40.2694099931728], [-111.719652116406, 40.2694057010305], [-111.71729421755, 40.2693720657598], [-111.717294097176, 40.269372064389], [-111.717789165017, 40.2700650502651], [-111.719654344228, 40.2701007901152], [-111.720003267851, 40.2701074729571], [-111.720186915834, 40.2701109891599], [-111.721393134072, 40.2701340823138], [-111.722363567904, 40.2701476104349], [-111.72236401257, 40.2701476166036], [-111.722881194238, 40.2701548231012], [-111.722969168051, 40.2701560486307], [-111.723094123707, 40.2701275269624], [-111.72311160582, 40.2701235357648], [-111.723159982793, 40.2700643675866], [-111.723169805871, 40.2700596738297], [-111.723570565879, 40.2705517385856], [-111.723879967222, 40.2709130466792], [-111.724397654642, 40.2715323302621], [-111.724460342676, 40.2716073197198], [-111.724395015392, 40.2716325528801], [-111.724391192162, 40.2716340244429], [-111.72439114006, 40.2716340436343], [-111.724509062806, 40.2717730386623], [-111.725461071293, 40.2728971056376], [-111.726337097578, 40.2739301073044], [-111.727214100332, 40.2749640869786], [-111.727354074023, 40.2751290664068], [-111.727207111439, 40.2751790914543], [-111.72697829796, 40.2752003029131], [-111.726977398746, 40.2752003851572], [-111.726975723388, 40.2752005414212], [-111.72693819447, 40.2752040196639], [-111.726938137877, 40.2752040258322], [-111.725393076012, 40.2752295770318], [-111.72537352418, 40.2752299066937], [-111.724518339708, 40.2752443288855], [-111.721687194885, 40.2752920304533], [-111.721687075409, 40.2752920331947], [-111.72153208009, 40.2752950700563], [-111.721169118494, 40.2752530981633], [-111.720774073568, 40.2752690733926], [-111.720411194618, 40.275274035452], [-111.720411138922, 40.2752740368228], [-111.720177056824, 40.275284053465], [-111.719163811981, 40.2753218905209], [-111.719163755387, 40.2753218206135]]]}, "properties": {"PrecinctID": "25OR49", "VistaID": "25OR49", "AliasName": null, "CountyID": 25}}, {"type": "Feature", "geometry": {"type": "Polygon", "coordinates": [[[-111.724919948623, 40.2825021212914], [-111.724501174699, 40.2817428653845], [-111.724013689537, 40.2811060471295], [-111.723995177056, 40.2810818632849], [-111.723180381737, 40.2801580118753], [-111.722406849632, 40.2792588456568], [-111.722000891074, 40.2787480545095], [-111.720745994928, 40.2772543053399], [-111.719163811981, 40.2753218905209], [-111.720177056824, 40.275284053465], [-111.720411138922, 40.2752740368228], [-111.720411194618, 40.275274035452], [-111.720774073568, 40.2752690733926], [-111.721169118494, 40.2752530981633], [-111.72153208009, 40.2752950700563], [-111.721687075409, 40.2752920331947], [-111.721687194885, 40.2752920304533], [-111.724518339708, 40.2752443288855], [-111.72537352418, 40.2752299066937], [-111.725393076012, 40.2752295770318], [-111.726938137877, 40.2752040258322], [-111.72693819447, 40.2752040196639], [-111.726975723388, 40.2752005414212], [-111.726977398746, 40.2752003851572], [-111.72697829796, 40.2752003029131], [-111.727207111439, 40.2751790914543], [-111.727354074023, 40.2751290664068], [-111.727214100332, 40.2749640869786], [-111.726337097578, 40.2739301073044], [-111.725461071293, 40.2728971056376], [-111.724509062806, 40.2717730386623], [-111.72439114006, 40.2716340436343], [-111.724391192162, 40.2716340244429], [-111.724395015392, 40.2716325528801], [-111.724460342676, 40.2716073197198], [-111.72446040466, 40.2716073957997], [-111.724460467542, 40.2716074698234], [-111.724618655474, 40.2715461713336], [-111.72615168171, 40.2715323789259], [-111.728287800895, 40.2715429444465], [-111.729901052975, 40.2715423707624], [-111.734641836428, 40.2715405516972], [-111.736859457065, 40.2715401575893], [-111.736863651299, 40.2724965034681], [-111.738027585836, 40.2724970360204], [-111.738676245828, 40.2731236654924], [-111.739789059937, 40.2741343402277], [-111.740858179093, 40.275195539605], [-111.741472317727, 40.2759294572421], [-111.741472095843, 40.2761207623751], [-111.743123497576, 40.2761061601207], [-111.743112465366, 40.2761540509248], [-111.743003337127, 40.2762084991988], [-111.742926300303, 40.2763418018491], [-111.742903358229, 40.2764429062453], [-111.742930058854, 40.2765180019705], [-111.742946856451, 40.2765797318387], [-111.743061273971, 40.2766270164548], [-111.743157803338, 40.2766839480673], [-111.743274127082, 40.2767636566306], [-111.743393651524, 40.2768618922014], [-111.743480900396, 40.2769536702595], [-111.742984943223, 40.2769605470637], [-111.739943145263, 40.277010840784], [-111.739944252886, 40.2770561327884], [-111.739975029167, 40.2783148314122], [-111.738972362885, 40.2791378599932], [-111.739510631606, 40.2793852294142], [-111.739584085051, 40.2794268218134], [-111.739652887916, 40.2794728454969], [-111.739716586555, 40.2795229948009], [-111.739774758758, 40.2795769387052], [-111.739827020046, 40.2796343215178], [-111.739873028162, 40.2796947628759], [-111.739912477677, 40.2797578673409], [-111.739960324644, 40.2798539514512], [-111.739592805895, 40.2799339454825], [-111.739184171256, 40.2800748087621], [-111.738681361733, 40.2802876437226], [-111.738476579086, 40.2804028247644], [-111.738036808839, 40.2806993984248], [-111.737732679708, 40.2809064631635], [-111.737066208819, 40.2813797662003], [-111.736801276777, 40.2815797489863], [-111.736697146764, 40.2816548355796], [-111.736589127046, 40.2817266278435], [-111.736477396388, 40.2817950072313], [-111.736362138045, 40.2818598606788], [-111.736255103779, 40.2819067400164], [-111.736145137412, 40.2819494533851], [-111.736032516523, 40.2819878959422], [-111.735881471096, 40.2820366344065], [-111.73572707136, 40.2820787597072], [-111.735569812286, 40.2821141382237], [-111.735325834347, 40.2821510086144], [-111.735183125286, 40.2821646672793], [-111.735039571809, 40.2821713640056], [-111.73489575243, 40.2821710748101], [-111.734659046353, 40.2821687139605], [-111.733416265784, 40.2821416131839], [-111.732954310743, 40.2821321300339], [-111.73279809102, 40.2821376446249], [-111.732675834801, 40.2821430906857], [-111.73255363338, 40.2821641430267], [-111.732428249228, 40.2822075010973], [-111.73213077841, 40.2823235300056], [-111.73186989777, 40.282404306463], [-111.731794771662, 40.2824353647114], [-111.731716264296, 40.2824610557197], [-111.731635029645, 40.2824811670527], [-111.731551742344, 40.2824955294478], [-111.731467092298, 40.2825040257235], [-111.731381784685, 40.2825065859818], [-111.729219785036, 40.2825254384166], [-111.728160398229, 40.2825324750129], [-111.727755541005, 40.2825334104388], [-111.726592387104, 40.2825360899372], [-111.726342350926, 40.2825366655838], [-111.724926694073, 40.282514347621], [-111.724919948623, 40.2825021212914]]]}, "properties": {"PrecinctID": "25OR50", "VistaID": "25OR50", "AliasName": null, "CountyID": 25}}, {"type": "Feature", "geometry": {"type": "Polygon", "coordinates": [[[-111.743345244009, 40.2896811064339], [-111.743334944824, 40.2896811879752], [-111.743334422903, 40.2896811907161], [-111.743312474365, 40.2886811268908], [-111.743227819828, 40.2886513179485], [-111.742599887563, 40.2886526233148], [-111.742594356636, 40.2883178121223], [-111.74234351916, 40.2883202412806], [-111.742349017748, 40.2886531605365], [-111.741783226443, 40.2886543329678], [-111.741510327243, 40.2885578132234], [-111.741269044249, 40.2884226447837], [-111.741084456628, 40.2882503411028], [-111.740932195781, 40.2880334465081], [-111.740899683954, 40.2879320346413], [-111.740263026352, 40.2880415158697], [-111.739900872342, 40.2880595211776], [-111.739710614555, 40.2882056808478], [-111.739458723356, 40.2883152712706], [-111.739193587397, 40.2883110885954], [-111.738979196369, 40.2882104466655], [-111.7383985092, 40.2882161135683], [-111.738391372085, 40.2877871393331], [-111.738376595697, 40.2868988775448], [-111.738375424294, 40.2868898932387], [-111.738372246054, 40.2868811987919], [-111.738367155301, 40.286873053229], [-111.738360307444, 40.2868657039254], [-111.738351906399, 40.286859369476], [-111.738342203696, 40.2868542390101], [-111.738331493083, 40.2868504667093], [-111.738320090767, 40.2868481676957], [-111.7383083426, 40.2868474084387], [-111.738307693118, 40.2866607933699], [-111.738475620584, 40.2866604507439], [-111.738462927389, 40.2860756015022], [-111.738468463706, 40.2860723526949], [-111.738445962705, 40.286022879117], [-111.738459996186, 40.2846451134481], [-111.738458141165, 40.2829499724749], [-111.73845812769, 40.2829463692227], [-111.732700596862, 40.282765564249], [-111.73262216765, 40.28276074528], [-111.732524477659, 40.2827576820273], [-111.73213077841, 40.2823235300056], [-111.732428249228, 40.2822075010973], [-111.73255363338, 40.2821641430267], [-111.732675834801, 40.2821430906857], [-111.73279809102, 40.2821376446249], [-111.732954310743, 40.2821321300339], [-111.733416265784, 40.2821416131839], [-111.734659046353, 40.2821687139605], [-111.73489575243, 40.2821710748101], [-111.735039571809, 40.2821713640056], [-111.735183125286, 40.2821646672793], [-111.735325834347, 40.2821510086144], [-111.735569812286, 40.2821141382237], [-111.73572707136, 40.2820787597072], [-111.735881471096, 40.2820366344065], [-111.736032516523, 40.2819878959422], [-111.736145137412, 40.2819494533851], [-111.736255103779, 40.2819067400164], [-111.736362138045, 40.2818598606788], [-111.736477396388, 40.2817950072313], [-111.736589127046, 40.2817266278435], [-111.736697146764, 40.2816548355796], [-111.736801276777, 40.2815797489863], [-111.737066208819, 40.2813797662003], [-111.737732679708, 40.2809064631635], [-111.738036808839, 40.2806993984248], [-111.738476579086, 40.2804028247644], [-111.738681361733, 40.2802876437226], [-111.739184171256, 40.2800748087621], [-111.739592805895, 40.2799339454825], [-111.739960324644, 40.2798539514512], [-111.739912477677, 40.2797578673409], [-111.739873028162, 40.2796947628759], [-111.739827020046, 40.2796343215178], [-111.739774758758, 40.2795769387052], [-111.739716586555, 40.2795229948009], [-111.739652887916, 40.2794728454969], [-111.739584085051, 40.2794268218134], [-111.739510631606, 40.2793852294142], [-111.738972362885, 40.2791378599932], [-111.739975029167, 40.2783148314122], [-111.739944252886, 40.2770561327884], [-111.739943145263, 40.277010840784], [-111.742984943223, 40.2769605470637], [-111.745182605988, 40.2775953764339], [-111.745384542773, 40.2776839940659], [-111.747081119883, 40.2787570186525], [-111.74787860826, 40.278745191192], [-111.750865893753, 40.2812325932781], [-111.750864275887, 40.2812398835725], [-111.750869173502, 40.2812439666304], [-111.751036738049, 40.2813836594202], [-111.751020232404, 40.2813925971722], [-111.751034037713, 40.2813928781473], [-111.751804544292, 40.2819887854606], [-111.752933765232, 40.2828672607244], [-111.753021265632, 40.2829353812896], [-111.752863365161, 40.2830456765104], [-111.752465470779, 40.2831317281347], [-111.752186622037, 40.2831920327352], [-111.75186160977, 40.2832168743856], [-111.751551292145, 40.2831933944005], [-111.751263205129, 40.2831366594644], [-111.750965759463, 40.2830256373007], [-111.749121610711, 40.2824284774993], [-111.748823950349, 40.2821366221607], [-111.748786790639, 40.2821001889823], [-111.748503403608, 40.282269710961], [-111.748372267542, 40.282381307273], [-111.7481053628, 40.2826084342966], [-111.747917139697, 40.2829525560162], [-111.748247653246, 40.2830585887154], [-111.748416414349, 40.2832369114828], [-111.748419915982, 40.2833622180733], [-111.748357110269, 40.2835389467556], [-111.748177643943, 40.2837225462953], [-111.748134458334, 40.283766728445], [-111.747924015402, 40.2839180678332], [-111.747226305599, 40.2841654026319], [-111.747048541581, 40.2843436224294], [-111.746352338252, 40.2844751992819], [-111.746465062448, 40.2847814735903], [-111.746776747308, 40.285503617137], [-111.746828801086, 40.285719348738], [-111.74787370795, 40.2855315231208], [-111.747877031716, 40.2855849866583], [-111.747877785403, 40.2856385070303], [-111.747878811279, 40.2856787195767], [-111.747882684814, 40.2857188299951], [-111.747887045237, 40.2857811154324], [-111.747883690029, 40.2858434378164], [-111.747872655124, 40.2859052386605], [-111.74785403215, 40.285965962221], [-111.74782799538, 40.2860250644058], [-111.747794772986, 40.2860820162002], [-111.747754664107, 40.2861363050372], [-111.747438397838, 40.2859432095655], [-111.747261225809, 40.2861160577401], [-111.747029552094, 40.286244254886], [-111.746721662615, 40.286364291774], [-111.746391344899, 40.286545947115], [-111.746176185812, 40.2868178837518], [-111.746121677837, 40.287161612639], [-111.746164615511, 40.2874590173149], [-111.746244195465, 40.2877603094233], [-111.746143012825, 40.2878966091472], [-111.746283152704, 40.2881787681905], [-111.746083826424, 40.2882405970497], [-111.746154924486, 40.2887339445054], [-111.745736840468, 40.2890834812286], [-111.745899820013, 40.2893330597391], [-111.745895825205, 40.2895616160767], [-111.745783840323, 40.2897340390693], [-111.745588412731, 40.2898552298364], [-111.745508810319, 40.2898733292214], [-111.745513109656, 40.2899162609377], [-111.745378975015, 40.2899214398216], [-111.745244670591, 40.2899212445343], [-111.745110563798, 40.2899156757607], [-111.744977020247, 40.2899047478893], [-111.744844404657, 40.2898884924375], [-111.744713078149, 40.2898669518851], [-111.744033280753, 40.2897411358998], [-111.743897564178, 40.289718722329], [-111.743760566605, 40.2897014773732], [-111.743622619514, 40.2896894421498], [-111.743484066958, 40.2896826468112], [-111.743357541945, 40.2896812427929], [-111.743351371417, 40.2896811742708], [-111.743345244009, 40.2896811064339]]]}, "properties": {"PrecinctID": "25OR51", "VistaID": "25OR51", "AliasName": null, "CountyID": 25}}, {"type": "Feature", "geometry": {"type": "Polygon", "coordinates": [[[-111.704951696126, 40.2825514549051], [-111.704935439315, 40.2818660050831], [-111.704924834703, 40.2812865433566], [-111.704918318324, 40.2806260884724], [-111.704894734852, 40.2796003637498], [-111.704882551002, 40.2788896754943], [-111.704847561622, 40.2779933646666], [-111.704812516546, 40.2763043279176], [-111.704795355131, 40.2754772609417], [-111.704697284255, 40.2736040900083], [-111.705956278515, 40.2736089055177], [-111.707040159686, 40.2736130397549], [-111.707520163678, 40.2736350625141], [-111.707839070994, 40.2736610399299], [-111.708182597538, 40.273702047106], [-111.708187542764, 40.2737027057593], [-111.708187596663, 40.2737027139839], [-111.708349158667, 40.2737242432382], [-111.708378120352, 40.2737281033151], [-111.708662067033, 40.2737741144284], [-111.709004101476, 40.2738410303445], [-111.709340116308, 40.2739170802681], [-111.709625082577, 40.273993082815], [-111.711221070834, 40.2744180707103], [-111.711916122522, 40.2746111004079], [-111.71273607956, 40.2748250676675], [-111.713424108219, 40.2749980388507], [-111.714296478362, 40.2751693893806], [-111.714332441516, 40.275177456851], [-111.714480777624, 40.2752107328431], [-111.714484610735, 40.2752115922945], [-111.71448767399, 40.2752121378473], [-111.714713884152, 40.2752524360983], [-111.714723127816, 40.2752540844072], [-111.715330093402, 40.2753461017845], [-111.71565609112, 40.2753630954463], [-111.71627013094, 40.275345061398], [-111.717635056335, 40.2753580463519], [-111.717635191082, 40.2753580422397], [-111.718130114295, 40.2753450641395], [-111.718722104966, 40.275322109153], [-111.718939129853, 40.2753340941612], [-111.719158135526, 40.2753221022993], [-111.719163811981, 40.2753218905209], [-111.720745994928, 40.2772543053399], [-111.722000891074, 40.2787480545095], [-111.722406849632, 40.2792588456568], [-111.723180381737, 40.2801580118753], [-111.723995177056, 40.2810818632849], [-111.724013689537, 40.2811060471295], [-111.724501174699, 40.2817428653845], [-111.724919948623, 40.2825021212914], [-111.724926694073, 40.282514347621], [-111.723483735622, 40.2825264087926], [-111.721163546245, 40.2825879597961], [-111.719889461186, 40.2826217385726], [-111.719289307524, 40.2826376462728], [-111.717279716046, 40.2826900492111], [-111.714545662038, 40.282761288716], [-111.714460411918, 40.2827636995712], [-111.713746861223, 40.2827658500155], [-111.713382352728, 40.282753322203], [-111.712196283703, 40.2827258152827], [-111.71209842393, 40.2827236572989], [-111.710978301128, 40.2826954047688], [-111.709775565659, 40.2826643370458], [-111.709754475012, 40.2826637922384], [-111.708501333276, 40.2826370815917], [-111.704951696126, 40.2825514549051]]]}, "properties": {"PrecinctID": "25OR52", "VistaID": "25OR52", "AliasName": null, "CountyID": 25}}, {"type": "Feature", "geometry": {"type": "Polygon", "coordinates": [[[-111.695334552782, 40.2824617629435], [-111.695322531527, 40.2819537940728], [-111.695291094983, 40.2806254442781], [-111.695253912815, 40.2788039412615], [-111.695237744937, 40.2781417659128], [-111.695219311507, 40.2770616477934], [-111.69467370894, 40.2770543371734], [-111.694244670865, 40.277048587093], [-111.694051454027, 40.2770438849112], [-111.693266482776, 40.2770370273052], [-111.69230904038, 40.2770244141332], [-111.691386087002, 40.2770173893], [-111.690506649814, 40.2770095927622], [-111.689284021152, 40.2770001459012], [-111.688661186827, 40.2769945760632], [-111.688406324001, 40.2763739231285], [-111.688369766162, 40.2762580580901], [-111.688342089966, 40.2761407590832], [-111.688323385246, 40.2760224249796], [-111.688326056835, 40.2751828520698], [-111.685344269929, 40.2751042820971], [-111.685335266115, 40.2751040449594], [-111.685335204132, 40.2751040860816], [-111.685335127775, 40.2751041340574], [-111.685335101724, 40.2751040730596], [-111.68533396266, 40.2751014933305], [-111.684595094745, 40.2734280837974], [-111.684595203442, 40.2734280858535], [-111.690409127808, 40.2735150832136], [-111.695126138246, 40.2735681059566], [-111.69512657842, 40.2735681080127], [-111.704697065066, 40.2736040893229], [-111.704697284255, 40.2736040900083], [-111.704795355131, 40.2754772609417], [-111.704812516546, 40.2763043279176], [-111.704847561622, 40.2779933646666], [-111.704882551002, 40.2788896754943], [-111.704894734852, 40.2796003637498], [-111.704918318324, 40.2806260884724], [-111.704924834703, 40.2812865433566], [-111.704935439315, 40.2818660050831], [-111.704951696126, 40.2825514549051], [-111.704825932885, 40.2825395623202], [-111.703199287823, 40.282496830136], [-111.702682963147, 40.2824893494654], [-111.70229578926, 40.2824760917634], [-111.701324254992, 40.2824499464105], [-111.700386446174, 40.2824420230344], [-111.700133721339, 40.2824424568259], [-111.698911200475, 40.282443759571], [-111.697607203314, 40.2824516336057], [-111.69645690161, 40.28245498264], [-111.695334552782, 40.2824617629435]]]}, "properties": {"PrecinctID": "25OR53", "VistaID": "25OR53", "AliasName": null, "CountyID": 25}}, {"type": "Feature", "geometry": {"type": "Polygon", "coordinates": [[[-111.721983870694, 40.3298381535758], [-111.721802287938, 40.3294680030913], [-111.721507287486, 40.3289370043153], [-111.721188441256, 40.3283643199483], [-111.72109528686, 40.3281970030293], [-111.720780287215, 40.3275860026239], [-111.720031998668, 40.3264004705505], [-111.720304493627, 40.3263994371137], [-111.720488039202, 40.3263987413073], [-111.720583239063, 40.3263983543676], [-111.720610158877, 40.3264088291299], [-111.72058331542, 40.3264090051361], [-111.721005142717, 40.3271611134721], [-111.721604963104, 40.3282305460235], [-111.721643862851, 40.3282922957698], [-111.722352280572, 40.3295617429274], [-111.722504794744, 40.3298350349331], [-111.722227878278, 40.3298366928677], [-111.722138919014, 40.3298372249681], [-111.722012031082, 40.3298379844268], [-111.721983870694, 40.3298381535758]]]}, "properties": {"PrecinctID": "25OR54", "VistaID": "25OR54", "AliasName": null, "CountyID": 25}}, {"type": "Feature", "geometry": {"type": "Polygon", "coordinates": [[[-111.669771221691, 40.267294053945], [-111.669806114952, 40.2672621593488], [-111.670131403899, 40.267260493709], [-111.67013036904, 40.2672364317202], [-111.670150526337, 40.2672357894548], [-111.670285358969, 40.2671245348608], [-111.670301969717, 40.2667514290644], [-111.670334975617, 40.2659241451768], [-111.670336420108, 40.2658879897859], [-111.670336417413, 40.2658879589401], [-111.670425965074, 40.2658891214843], [-111.670441015448, 40.2655119317205], [-111.670443470544, 40.2654503973892], [-111.670960667484, 40.2658960693309], [-111.671171055618, 40.2658983375257], [-111.671164267948, 40.2660208912214], [-111.671163171105, 40.2660406941888], [-111.671163149546, 40.2660410807888], [-111.671163067799, 40.2660425613842], [-111.6711395526, 40.2660434805872], [-111.670508407959, 40.2660681359237], [-111.670409374987, 40.2660720032922], [-111.67040717142, 40.2660720889748], [-111.670407074402, 40.2660720924021], [-111.670407079792, 40.2660726489961], [-111.670412104968, 40.2666200953289], [-111.670382103932, 40.2668930827145], [-111.670333085562, 40.2671200629855], [-111.670266095496, 40.2673020346175], [-111.67026608292, 40.2673020702609], [-111.669872600164, 40.2672960643645], [-111.669871388337, 40.2672960403738], [-111.669777896174, 40.2672941876074], [-111.669771221691, 40.267294053945]]]}, "properties": {"PrecinctID": "25OR57", "VistaID": "25OR57", "AliasName": null, "CountyID": 25}}, {"type": "Feature", "geometry": {"type": "Polygon", "coordinates": [[[-111.671303630785, 40.2658342700749], [-111.67139355484, 40.2657520994671], [-111.671562146161, 40.2655954529868], [-111.671503169966, 40.2660220256595], [-111.67150313044, 40.2660220016684], [-111.671335571283, 40.2658643255627], [-111.671303630785, 40.2658342700749]]]}, "properties": {"PrecinctID": "25OR58", "VistaID": "25OR58", "AliasName": null, "CountyID": 25}}, {"type": "Feature", "geometry": {"type": "Polygon", "coordinates": [[[-111.684760194315, 40.2606349447562], [-111.684755177224, 40.260634912537], [-111.684754473843, 40.2606349091094], [-111.680637635033, 40.2606095278878], [-111.680637599999, 40.2606094449404], [-111.680637564066, 40.260609364735], [-111.680637528134, 40.2606092852152], [-111.680637491303, 40.2606092050098], [-111.68059829662, 40.2605281148182], [-111.680554278561, 40.2604484787594], [-111.680562742944, 40.260460375425], [-111.680573322558, 40.2604712415358], [-111.680585805668, 40.2604808596217], [-111.68059994244, 40.2604890371903], [-111.680615449946, 40.260495610579], [-111.680632017823, 40.2605004482307], [-111.680649314489, 40.2605034533267], [-111.680666993773, 40.2605045657244], [-111.680667062944, 40.2605045677809], [-111.680667133012, 40.2605045677809], [-111.680667202182, 40.2605045691519], [-111.680667272251, 40.2605045691519], [-111.681086643555, 40.2605072529508], [-111.681389630927, 40.2605217022753], [-111.684265958314, 40.2605400610981], [-111.684264715045, 40.2603463777007], [-111.6842645794, 40.2603250896036], [-111.684277346256, 40.2603273511301], [-111.684945429621, 40.2604456674519], [-111.684945513165, 40.2604456811623], [-111.684945597606, 40.2604456962437], [-111.68494568115, 40.2604457113251], [-111.684945764693, 40.2604457257209], [-111.684987817397, 40.2604545870886], [-111.685028787148, 40.2604660274564], [-111.68506840284, 40.2604799711199], [-111.68510640233, 40.2604963258099], [-111.685106475094, 40.2604963607713], [-111.685106548756, 40.2604963943616], [-111.685106621519, 40.260496429323], [-111.685106694283, 40.2604964642844], [-111.685288089292, 40.2605822422928], [-111.685365531256, 40.2606386636785], [-111.685346753771, 40.2606385485119], [-111.685346455531, 40.2606385471409], [-111.68534623185, 40.2606385457698], [-111.685276446227, 40.2606381159515], [-111.684954351689, 40.2606361375534], [-111.684953914209, 40.2606361348114], [-111.684952393361, 40.2606361252141], [-111.684911191233, 40.2606358722589], [-111.684887440675, 40.2606357262441], [-111.684790407353, 40.260635130531], [-111.684760194315, 40.2606349447562]]]}, "properties": {"PrecinctID": "25OR59", "VistaID": "25OR59", "AliasName": null, "CountyID": 25}}]}